,StnPres,StnPresMax,StnPresMaxTime,StnPresMin,StnPresMinTime,Tx,TxMaxAbs,TxMaxAbsTime,TxMinAbs,TxMinAbsTime,RH,RHMin,RHMinTime,WS,WD,WSGust,WDGust,WGustTime,Precp,AirTemperature.MaximumTimef,AirTemperature.Maximumf,AirTemperature.Meanf,AirTemperature.MinimumTimef,AirTemperature.Minimumf,GlobalSolarRadiation.Accumulationf,GlobalSolarRadiation.HourlyMaximumTimef,GlobalSolarRadiation.HourlyMaximumf,GloblRad,GloblRadMax,GloblRadMaxTime,PeakGust.Directionf,PeakGust.MaximumTimef,PeakGust.Maximumf,Precipitation.Accumulationf,Precipitation.HourlyMaximum,Precipitation.HourlyMaximumTime,Precipitation.HourlyMaximumTimef,Precipitation.HourlyMaximumf,Precipitation.MeltFlag,Precipitation.MeltFlagf,RelativeHumidity.Maximum,RelativeHumidity.MaximumTime,RelativeHumidity.MaximumTimef,RelativeHumidity.Maximumf,RelativeHumidity.Meanf,RelativeHumidity.MinimumTimef,RelativeHumidity.Minimumf,SoilTemperatureAt0cm.Maximum,SoilTemperatureAt0cm.MaximumTime,SoilTemperatureAt0cm.MaximumTimef,SoilTemperatureAt0cm.Maximumf,SoilTemperatureAt0cm.Meanf,SoilTemperatureAt0cm.Minimum,SoilTemperatureAt0cm.MinimumTime,SoilTemperatureAt0cm.MinimumTimef,SoilTemperatureAt0cm.Minimumf,SoilTemperatureAt100cm.Maximum,SoilTemperatureAt100cm.MaximumTime,SoilTemperatureAt100cm.MaximumTimef,SoilTemperatureAt100cm.Maximumf,SoilTemperatureAt100cm.Meanf,SoilTemperatureAt100cm.Minimum,SoilTemperatureAt100cm.MinimumTime,SoilTemperatureAt100cm.MinimumTimef,SoilTemperatureAt100cm.Minimumf,SoilTemperatureAt10cm.Maximum,SoilTemperatureAt10cm.MaximumTime,SoilTemperatureAt10cm.MaximumTimef,SoilTemperatureAt10cm.Maximumf,SoilTemperatureAt10cm.Meanf,SoilTemperatureAt10cm.Minimum,SoilTemperatureAt10cm.MinimumTime,SoilTemperatureAt10cm.MinimumTimef,SoilTemperatureAt10cm.Minimumf,SoilTemperatureAt20cm.Maximum,SoilTemperatureAt20cm.MaximumTime,SoilTemperatureAt20cm.MaximumTimef,SoilTemperatureAt20cm.Maximumf,SoilTemperatureAt20cm.Meanf,SoilTemperatureAt20cm.Minimum,SoilTemperatureAt20cm.MinimumTime,SoilTemperatureAt20cm.MinimumTimef,SoilTemperatureAt20cm.Minimumf,SoilTemperatureAt50cm.Maximum,SoilTemperatureAt50cm.MaximumTime,SoilTemperatureAt50cm.MaximumTimef,SoilTemperatureAt50cm.Maximumf,SoilTemperatureAt50cm.Meanf,SoilTemperatureAt50cm.Minimum,SoilTemperatureAt50cm.MinimumTime,SoilTemperatureAt50cm.MinimumTimef,SoilTemperatureAt50cm.Minimumf,SoilTemperatureAt5cm.Maximum,SoilTemperatureAt5cm.MaximumTime,SoilTemperatureAt5cm.MaximumTimef,SoilTemperatureAt5cm.Maximumf,SoilTemperatureAt5cm.Meanf,SoilTemperatureAt5cm.Minimum,SoilTemperatureAt5cm.MinimumTime,SoilTemperatureAt5cm.MinimumTimef,SoilTemperatureAt5cm.Minimumf,StationPressure.MaximumTimef,StationPressure.Maximumf,StationPressure.Meanf,StationPressure.MinimumTimef,StationPressure.Minimumf,SunShine,SunshineDuration.Totalf,TxSoil0cm,TxSoil100cm,TxSoil10cm,TxSoil20cm,TxSoil50cm,TxSoil5cm,WindDirection.Prevailingf,WindSpeed.Meanf
2019-01-01,1009.2,1011.3,2019-01-01T08:42:00,1006.8,2019-01-01T14:45:00,20.8,25.8,2019-01-01T13:13:00,17.1,2019-01-01T06:42:00,76,53,2019-01-01T14:03:00,0.6,44,3.3,273,2019-01-01T12:39:00,0.0,,,,,,,,,,,,,,,,,,,,0,,91,2019-01-01T05:03:00,,,,,,,,,,,,,,,,,,,,,,,,,,,,,,,,,,,,,,,,,,,,,,,,,,,,,,,,,,,,,,,,,,,,,,,,,,
2019-01-02,1009.1,1011.0,2019-01-02T08:31:00,1007.0,2019-01-02T14:51:00,20.1,23.6,2019-01-02T12:15:00,17.8,2019-01-02T05:51:00,90,73,2019-01-02T12:03:00,0.4,295,3.4,323,2019-01-02T17:26:00,0.5,,,,,,,,,,,,,,,,,,,,0,,98,2019-01-02T18:42:00,,,,,,,,,,,,,,,,,,,,,,,,,,,,,,,,,,,,,,,,,,,,,,,,,,,,,,,,,,,,,,,,,,,,,,,,,,
2019-01-03,1009.2,1011.1,2019-01-03T09:12:00,1007.1,2019-01-03T14:13:00,21.5,28.6,2019-01-03T13:31:00,17.0,2019-01-03T06:51:00,81,46,2019-01-03T13:31:00,0.9,81,4.5,69,2019-01-03T23:39:00,0.0,,,,,,,,,,,,,,,,,,,,0,,100,2019-01-03T04:31:00,,,,,,,,,,,,,,,,,,,,,,,,,,,,,,,,,,,,,,,,,,,,,,,,,,,,,,,,,,,,,,,,,,,,,,,,,,
2019-01-04,1008.8,1011.0,2019-01-04T09:13:00,1006.6,2019-01-04T14:32:00,22.3,28.0,2019-01-04T14:41:00,18.5,2019-01-04T06:21:00,77,56,2019-01-04T14:41:00,1.1,89,4.2,278,2019-01-04T13:13:00,0.0,,,,,,,,,,,,,,,,,,,,0,,90,2019-01-04T23:12:00,,,,,,,,,,,,,,,,,,,,,,,,,,,,,,,,,,,,,,,,,,,,,,,,,,,,,,,,,,,,,,,,,,,,,,,,,,
2019-01-05,1006.4,1008.1,2019-01-05T01:12:00,1004.7,2019-01-05T13:23:00,25.1,30.6,2019-01-05T11:12:00,20.7,2019-01-05T01:31:00,70,40,2019-01-05T13:23:00,1.1,106,6.0,120,2019-01-05T03:21:00,0.0,,,,,,,,,,,,,,,,,,,,0,,87,2019-01-05T23:35:00,,,,,,,,,,,,,,,,,,,,,,,,,,,,,,,,,,,,,,,,,,,,,,,,,,,,,,,,,,,,,,,,,,,,,,,,,,
2019-01-06,1006.0,1007.6,2019-01-06T09:01:00,1004.2,2019-01-06T14:01:00,23.3,29.0,2019-01-06T14:06:00,19.1,2019-01-06T06:44:00,92,84,2019-01-06T02:21:00,0.8,2,4.1,331,2019-01-06T07:54:00,0.0,,,,,,,,,,,,,,,,,,,,0,,100,2019-01-06T03:51:00,,,,,,,,,,,,,,,,,,,,,,,,,,,,,,,,,,,,,,,,,,,,,,,,,,,,,,,,,,,,,,,,,,,,,,,,,,
2019-01-07,1006.3,1008.0,2019-01-07T08:52:00,1004.5,2019-01-07T14:14:00,23.0,29.7,2019-01-07T13:58:00,18.5,2019-01-07T04:01:00,-9995,100,2019-01-07T00:01:00,0.9,65,4.7,244,2019-01-07T15:51:00,0.0,,,,,,,,,,,,,,,,,,,,0,,100,2019-01-07T00:01:00,,,,,,,,,,,,,,,,,,,,,,,,,,,,,,,,,,,,,,,,,,,,,,,,,,,,,,,,,,,,,,,,,,,,,,,,,,
2019-01-08,1006.1,1008.0,2019-01-08T08:56:00,1003.3,2019-01-08T15:01:00,23.2,30.2,2019-01-08T12:25:00,17.7,2019-01-08T07:22:00,-9995,100,2019-01-08T00:01:00,0.9,9,5.1,232,2019-01-08T15:25:00,0.0,,,,,,,,,,,,,,,,,,,,0,,100,2019-01-08T00:01:00,,,,,,,,,,,,,,,,,,,,,,,,,,,,,,,,,,,,,,,,,,,,,,,,,,,,,,,,,,,,,,,,,,,,,,,,,,
2019-01-09,1007.1,1009.1,2019-01-09T09:21:00,1004.5,2019-01-09T14:41:00,23.0,29.6,2019-01-09T13:45:00,17.7,2019-01-09T06:41:00,-9995,100,2019-01-09T00:01:00,0.7,55,5.7,193,2019-01-09T16:10:00,0.0,,,,,,,,,,,,,,,,,,,,0,,100,2019-01-09T00:01:00,,,,,,,,,,,,,,,,,,,,,,,,,,,,,,,,,,,,,,,,,,,,,,,,,,,,,,,,,,,,,,,,,,,,,,,,,,
2019-01-10,1006.0,1007.8,2019-01-10T08:42:00,1004.2,2019-01-10T13:34:00,23.2,33.2,2019-01-10T11:13:00,20.0,2019-01-10T04:39:00,-9995,100,2019-01-10T00:01:00,0.9,54,5.2,226,2019-01-10T13:59:00,1.0,,,,,,,,,,,,,,,,,,,,0,,100,2019-01-10T00:01:00,,,,,,,,,,,,,,,,,,,,,,,,,,,,,,,,,,,,,,,,,,,,,,,,,,,,,,,,,,,,,,,,,,,,,,,,,,
2019-01-11,1004.7,1006.7,2019-01-11T08:11:00,1002.0,2019-01-11T14:12:00,24.8,31.3,2019-01-11T13:12:00,20.3,2019-01-11T03:53:00,-9995,100,2019-01-11T00:01:00,1.2,106,5.6,116,2019-01-11T03:00:00,0.0,,,,,,,,,,,,,,,,,,,,0,,100,2019-01-11T00:01:00,,,,,,,,,,,,,,,,,,,,,,,,,,,,,,,,,,,,,,,,,,,,,,,,,,,,,,,,,,,,,,,,,,,,,,,,,,
2019-01-12,1004.2,1005.5,2019-01-12T08:05:00,1002.5,2019-01-12T13:55:00,24.9,31.5,2019-01-12T13:01:00,20.5,2019-01-12T06:44:00,-9995,100,2019-01-12T00:01:00,1.2,104,7.3,113,2019-01-12T03:18:00,0.0,,,,,,,,,,,,,,,,,,,,0,,100,2019-01-12T00:01:00,,,,,,,,,,,,,,,,,,,,,,,,,,,,,,,,,,,,,,,,,,,,,,,,,,,,,,,,,,,,,,,,,,,,,,,,,,
2019-01-13,1004.0,1005.8,2019-01-13T09:28:00,1002.1,2019-01-13T14:21:00,23.3,29.3,2019-01-13T12:56:00,19.1,2019-01-13T06:41:00,-9995,100,2019-01-13T00:01:00,0.9,97,5.7,217,2019-01-13T14:57:00,0.0,,,,,,,,,,,,,,,,,,,,0,,100,2019-01-13T00:01:00,,,,,,,,,,,,,,,,,,,,,,,,,,,,,,,,,,,,,,,,,,,,,,,,,,,,,,,,,,,,,,,,,,,,,,,,,,
2019-01-14,1003.6,1005.2,2019-01-14T08:11:00,1001.2,2019-01-14T14:54:00,22.8,29.6,2019-01-14T12:31:00,18.5,2019-01-14T05:01:00,-9995,100,2019-01-14T00:01:00,0.9,77,4.9,221,2019-01-14T15:58:00,0.0,,,,,,,,,,,,,,,,,,,,0,,100,2019-01-14T00:01:00,,,,,,,,,,,,,,,,,,,,,,,,,,,,,,,,,,,,,,,,,,,,,,,,,,,,,,,,,,,,,,,,,,,,,,,,,,
2019-01-15,1004.0,1005.8,2019-01-15T08:57:00,1002.0,2019-01-15T14:25:00,22.4,28.1,2019-01-15T12:51:00,19.0,2019-01-15T06:21:00,-9995,100,2019-01-15T00:01:00,0.7,24,4.4,221,2019-01-15T14:44:00,1.0,,,,,,,,,,,,,,,,,,,,0,,100,2019-01-15T00:01:00,,,,,,,,,,,,,,,,,,,,,,,,,,,,,,,,,,,,,,,,,,,,,,,,,,,,,,,,,,,,,,,,,,,,,,,,,,
2019-01-16,1004.1,1005.8,2019-01-16T08:57:00,1002.0,2019-01-16T14:23:00,19.9,23.2,2019-01-16T14:04:00,18.0,2019-01-16T08:02:00,-9995,100,2019-01-16T00:01:00,0.8,293,3.0,316,2019-01-16T16:10:00,0.0,,,,,,,,,,,,,,,,,,,,0,,100,2019-01-16T00:01:00,,,,,,,,,,,,,,,,,,,,,,,,,,,,,,,,,,,,,,,,,,,,,,,,,,,,,,,,,,,,,,,,,,,,,,,,,,
2019-01-17,1005.7,1007.8,2019-01-17T23:25:00,1004.5,2019-01-17T14:11:00,18.8,23.1,2019-01-17T13:12:00,15.0,2019-01-17T23:55:00,85,65,2019-01-17T14:14:00,0.7,313,4.1,338,2019-01-17T13:33:00,0.0,,,,,,,,,,,,,,,,,,,,0,,100,2019-01-17T20:41:00,,,,,,,,,,,,,,,,,,,,,,,,,,,,,,,,,,,,,,,,,,,,,,,,,,,,,,,,,,,,,,,,,,,,,,,,,,
2019-01-18,1007.2,1009.3,2019-01-18T08:36:00,1004.7,2019-01-18T14:14:00,19.4,26.5,2019-01-18T14:13:00,13.8,2019-01-18T06:49:00,80,46,2019-01-18T14:10:00,0.6,86,6.0,247,2019-01-18T15:08:00,0.0,,,,,,,,,,,,,,,,,,,,0,,100,2019-01-18T08:41:00,,,,,,,,,,,,,,,,,,,,,,,,,,,,,,,,,,,,,,,,,,,,,,,,,,,,,,,,,,,,,,,,,,,,,,,,,,
2019-01-19,1006.1,1007.8,2019-01-19T00:03:00,1004.0,2019-01-19T14:21:00,20.6,26.8,2019-01-19T12:27:00,17.8,2019-01-19T22:11:00,82,46,2019-01-19T12:35:00,0.9,1,4.7,201,2019-01-19T14:50:00,0.5,,,,,,,,,,,,,,,,,,,,0,,100,2019-01-19T01:31:00,,,,,,,,,,,,,,,,,,,,,,,,,,,,,,,,,,,,,,,,,,,,,,,,,,,,,,,,,,,,,,,,,,,,,,,,,,
2019-01-20,1004.6,1006.3,2019-01-20T00:14:00,1002.7,2019-01-20T15:33:00,21.3,26.3,2019-01-20T13:12:00,18.2,2019-01-20T00:14:00,90,56,2019-01-20T15:41:00,0.8,117,5.2,113,2019-01-20T01:31:00,1.5,,,,,,,,,,,,,,,,,,,,0,,100,2019-01-20T11:21:00,,,,,,,,,,,,,,,,,,,,,,,,,,,,,,,,,,,,,,,,,,,,,,,,,,,,,,,,,,,,,,,,,,,,,,,,,,
2019-01-21,1005.0,1007.0,2019-01-21T09:15:00,1003.2,2019-01-21T03:41:00,18.4,22.5,2019-01-21T16:03:00,15.5,2019-01-21T23:21:00,93,73,2019-01-21T14:53:00,0.7,29,4.5,330,2019-01-21T02:59:00,0.0,,,,,,,,,,,,,,,,,,,,0,,100,2019-01-21T11:03:00,,,,,,,,,,,,,,,,,,,,,,,,,,,,,,,,,,,,,,,,,,,,,,,,,,,,,,,,,,,,,,,,,,,,,,,,,,
2019-01-22,1005.4,1006.8,2019-01-22T09:51:00,1003.3,2019-01-22T15:01:00,17.4,23.0,2019-01-22T14:17:00,14.0,2019-01-22T23:03:00,87,58,2019-01-22T15:26:00,0.8,306,5.3,336,2019-01-22T15:13:00,0.0,,,,,,,,,,,,,,,,,,,,0,,100,2019-01-22T10:01:00,,,,,,,,,,,,,,,,,,,,,,,,,,,,,,,,,,,,,,,,,,,,,,,,,,,,,,,,,,,,,,,,,,,,,,,,,,
2019-01-23,1005.2,1006.8,2019-01-23T08:55:00,1003.7,2019-01-23T14:31:00,18.2,24.2,2019-01-23T11:31:00,11.7,2019-01-23T04:21:00,74,48,2019-01-23T11:33:00,0.8,299,4.6,109,2019-01-23T07:15:00,0.0,,,,,,,,,,,,,,,,,,,,0,,100,2019-01-23T07:46:00,,,,,,,,,,,,,,,,,,,,,,,,,,,,,,,,,,,,,,,,,,,,,,,,,,,,,,,,,,,,,,,,,,,,,,,,,,
2019-01-24,1005.4,1006.8,2019-01-24T08:31:00,1003.3,2019-01-24T14:55:00,20.7,27.7,2019-01-24T14:17:00,14.1,2019-01-24T04:01:00,67,37,2019-01-24T14:33:00,1.3,105,5.2,109,2019-01-24T05:17:00,0.0,,,,,,,,,,,,,,,,,,,,0,,100,2019-01-24T03:13:00,,,,,,,,,,,,,,,,,,,,,,,,,,,,,,,,,,,,,,,,,,,,,,,,,,,,,,,,,,,,,,,,,,,,,,,,,,
2019-01-25,1006.1,1007.5,2019-01-25T23:02:00,1003.6,2019-01-25T14:51:00,21.1,29.0,2019-01-25T13:51:00,16.6,2019-01-25T06:13:00,51,25,2019-01-25T13:53:00,1.8,106,8.0,113,2019-01-25T06:04:00,0.0,,,,,,,,,,,,,,,,,,,,0,,75,2019-01-25T00:42:00,,,,,,,,,,,,,,,,,,,,,,,,,,,,,,,,,,,,,,,,,,,,,,,,,,,,,,,,,,,,,,,,,,,,,,,,,,
2019-01-26,1007.3,1008.8,2019-01-26T22:34:00,1005.6,2019-01-26T14:32:00,19.4,25.0,2019-01-26T12:51:00,15.7,2019-01-26T23:21:00,61,47,2019-01-26T12:56:00,1.3,104,6.2,112,2019-01-26T05:13:00,0.0,,,,,,,,,,,,,,,,,,,,0,,86,2019-01-26T23:58:00,,,,,,,,,,,,,,,,,,,,,,,,,,,,,,,,,,,,,,,,,,,,,,,,,,,,,,,,,,,,,,,,,,,,,,,,,,
2019-01-27,1008.6,1011.1,2019-01-27T09:22:00,1006.7,2019-01-27T15:22:00,18.2,24.5,2019-01-27T14:21:00,14.2,2019-01-27T05:21:00,77,46,2019-01-27T15:22:00,0.8,55,4.9,215,2019-01-27T16:01:00,0.0,,,,,,,,,,,,,,,,,,,,0,,100,2019-01-27T05:53:00,,,,,,,,,,,,,,,,,,,,,,,,,,,,,,,,,,,,,,,,,,,,,,,,,,,,,,,,,,,,,,,,,,,,,,,,,,
2019-01-28,1007.2,1009.2,2019-01-28T09:01:00,1005.1,2019-01-28T15:34:00,20.1,28.0,2019-01-28T14:23:00,15.6,2019-01-28T03:25:00,67,33,2019-01-28T14:23:00,1.4,105,5.6,109,2019-01-28T04:20:00,0.0,,,,,,,,,,,,,,,,,,,,0,,100,2019-01-28T00:16:00,,,,,,,,,,,,,,,,,,,,,,,,,,,,,,,,,,,,,,,,,,,,,,,,,,,,,,,,,,,,,,,,,,,,,,,,,,
2019-01-29,1007.4,1008.8,2019-01-29T08:51:00,1005.3,2019-01-29T14:32:00,20.8,27.7,2019-01-29T13:15:00,16.1,2019-01-29T06:31:00,59,30,2019-01-29T13:15:00,1.5,105,6.8,110,2019-01-29T03:23:00,0.0,,,,,,,,,,,,,,,,,,,,0,,75,2019-01-29T01:33:00,,,,,,,,,,,,,,,,,,,,,,,,,,,,,,,,,,,,,,,,,,,,,,,,,,,,,,,,,,,,,,,,,,,,,,,,,,
2019-01-30,1007.1,1009.3,2019-01-30T08:51:00,1004.8,2019-01-30T14:40:00,21.9,30.3,2019-01-30T13:14:00,16.6,2019-01-30T05:22:00,56,28,2019-01-30T13:18:00,1.6,102,6.4,115,2019-01-30T06:52:00,0.0,,,,,,,,,,,,,,,,,,,,0,,74,2019-01-30T03:11:00,,,,,,,,,,,,,,,,,,,,,,,,,,,,,,,,,,,,,,,,,,,,,,,,,,,,,,,,,,,,,,,,,,,,,,,,,,
2019-01-31,1004.9,1006.7,2019-01-31T09:11:00,1002.5,2019-01-31T15:07:00,23.9,31.5,2019-01-31T15:02:00,18.8,2019-01-31T03:12:00,52,30,2019-01-31T14:34:00,1.7,102,7.6,109,2019-01-31T07:15:00,0.0,,,,,,,,,,,,,,,,,,,,0,,75,2019-01-31T23:51:00,,,,,,,,,,,,,,,,,,,,,,,,,,,,,,,,,,,,,,,,,,,,,,,,,,,,,,,,,,,,,,,,,,,,,,,,,,
2019-02-01,1006.7,1008.5,2019-02-01T10:11:00,1005.1,2019-02-01T03:11:00,21.4,27.7,2019-02-01T13:11:00,17.0,2019-02-01T06:27:00,79,10,2019-02-01T04:41:00,0.9,49,5.0,76,2019-02-01T05:06:00,0.0,,,,,,,,,,,,,,,,,,,,0,,100,2019-02-01T03:21:00,,,,,,,,,,,,,,,,,,,,,,,,,,,,,,,,,,,,,,,,,,,,,,,,,,,,,,,,,,,,,,,,,,,,,,,,,,
2019-02-02,1005.1,1007.5,2019-02-02T00:01:00,1002.1,2019-02-02T15:35:00,22.3,30.1,2019-02-02T15:21:00,17.7,2019-02-02T06:27:00,78,39,2019-02-02T15:21:00,1.1,44,5.2,272,2019-02-02T16:04:00,0.0,,,,,,,,,,,,,,,,,,,,0,,100,2019-02-02T04:13:00,,,,,,,,,,,,,,,,,,,,,,,,,,,,,,,,,,,,,,,,,,,,,,,,,,,,,,,,,,,,,,,,,,,,,,,,,,
2019-02-03,1004.3,1006.0,2019-02-03T08:23:00,1002.8,2019-02-03T05:11:00,24.5,33.2,2019-02-03T13:24:00,18.0,2019-02-03T03:31:00,66,35,2019-02-03T09:45:00,1.5,231,7.5,253,2019-02-03T13:37:00,0.0,,,,,,,,,,,,,,,,,,,,0,,100,2019-02-03T18:42:00,,,,,,,,,,,,,,,,,,,,,,,,,,,,,,,,,,,,,,,,,,,,,,,,,,,,,,,,,,,,,,,,,,,,,,,,,,
2019-02-04,1004.5,1006.7,2019-02-04T09:03:00,1002.5,2019-02-04T15:23:00,23.2,29.2,2019-02-04T12:01:00,20.7,2019-02-04T06:41:00,76,49,2019-02-04T09:03:00,1.2,83,7.5,122,2019-02-04T05:57:00,1.0,,,,,,,,,,,,,,,,,,,,0,,99,2019-02-04T16:01:00,,,,,,,,,,,,,,,,,,,,,,,,,,,,,,,,,,,,,,,,,,,,,,,,,,,,,,,,,,,,,,,,,,,,,,,,,,
2019-02-05,1003.0,1005.5,2019-02-05T09:25:00,1000.6,2019-02-05T15:11:00,21.7,28.5,2019-02-05T13:42:00,18.1,2019-02-05T08:04:00,89,53,2019-02-05T14:17:00,0.6,314,4.9,321,2019-02-05T21:31:00,8.0,,,,,,,,,,,,,,,,,,,,0,,100,2019-02-05T20:22:00,,,,,,,,,,,,,,,,,,,,,,,,,,,,,,,,,,,,,,,,,,,,,,,,,,,,,,,,,,,,,,,,,,,,,,,,,,
2019-02-06,1001.4,1003.3,2019-02-06T00:49:00,999.5,2019-02-06T15:04:00,23.3,30.3,2019-02-06T13:17:00,18.5,2019-02-06T01:21:00,76,39,2019-02-06T12:32:00,1.3,103,6.6,129,2019-02-06T04:38:00,0.0,,,,,,,,,,,,,,,,,,,,0,,100,2019-02-06T03:56:00,,,,,,,,,,,,,,,,,,,,,,,,,,,,,,,,,,,,,,,,,,,,,,,,,,,,,,,,,,,,,,,,,,,,,,,,,,
2019-02-07,1001.9,1004.1,2019-02-07T09:23:00,999.0,2019-02-07T15:14:00,24.3,32.3,2019-02-07T15:21:00,19.7,2019-02-07T01:11:00,50,20,2019-02-07T11:45:00,1.9,105,8.5,123,2019-02-07T05:24:00,0.0,,,,,,,,,,,,,,,,,,,,0,,100,2019-02-07T00:51:00,,,,,,,,,,,,,,,,,,,,,,,,,,,,,,,,,,,,,,,,,,,,,,,,,,,,,,,,,,,,,,,,,,,,,,,,,,
2019-02-08,1002.5,1004.0,2019-02-08T08:22:00,1000.3,2019-02-08T14:34:00,23.3,30.5,2019-02-08T13:52:00,17.5,2019-02-08T05:22:00,58,31,2019-02-08T11:42:00,1.4,219,7.9,123,2019-02-08T06:29:00,0.0,,,,,,,,,,,,,,,,,,,,0,,100,2019-02-08T21:06:00,,,,,,,,,,,,,,,,,,,,,,,,,,,,,,,,,,,,,,,,,,,,,,,,,,,,,,,,,,,,,,,,,,,,,,,,,,
2019-02-09,1004.6,1007.0,2019-02-09T22:41:00,1002.5,2019-02-09T14:11:00,23.5,31.3,2019-02-09T13:02:00,18.5,2019-02-09T02:02:00,65,33,2019-02-09T14:06:00,1.4,67,9.0,116,2019-02-09T06:05:00,0.0,,,,,,,,,,,,,,,,,,,,0,,100,2019-02-09T02:02:00,,,,,,,,,,,,,,,,,,,,,,,,,,,,,,,,,,,,,,,,,,,,,,,,,,,,,,,,,,,,,,,,,,,,,,,,,,
2019-02-10,1007.4,1009.6,2019-02-10T22:31:00,1005.3,2019-02-10T02:51:00,22.8,30.8,2019-02-10T14:22:00,16.8,2019-02-10T06:51:00,79,40,2019-02-10T14:22:00,0.8,325,5.8,218,2019-02-10T16:18:00,0.0,,,,,,,,,,,,,,,,,,,,0,,100,2019-02-10T08:21:00,,,,,,,,,,,,,,,,,,,,,,,,,,,,,,,,,,,,,,,,,,,,,,,,,,,,,,,,,,,,,,,,,,,,,,,,,,
2019-02-11,1009.0,1010.2,2019-02-11T08:12:00,1007.5,2019-02-11T14:42:00,23.3,30.6,2019-02-11T13:31:00,18.5,2019-02-11T06:01:00,82,45,2019-02-11T13:31:00,1.0,292,5.2,238,2019-02-11T17:14:00,0.0,,,,,,,,,,,,,,,,,,,,0,,100,2019-02-11T00:02:00,,,,,,,,,,,,,,,,,,,,,,,,,,,,,,,,,,,,,,,,,,,,,,,,,,,,,,,,,,,,,,,,,,,,,,,,,,
2019-02-12,1009.2,1010.7,2019-02-12T08:56:00,1007.7,2019-02-12T14:53:00,22.8,29.5,2019-02-12T11:34:00,16.7,2019-02-12T05:41:00,82,49,2019-02-12T11:34:00,0.9,4,5.0,186,2019-02-12T15:12:00,0.0,,,,,,,,,,,,,,,,,,,,0,,100,2019-02-12T08:02:00,,,,,,,,,,,,,,,,,,,,,,,,,,,,,,,,,,,,,,,,,,,,,,,,,,,,,,,,,,,,,,,,,,,,,,,,,,
2019-02-13,1007.4,1009.7,2019-02-13T00:09:00,1004.5,2019-02-13T15:21:00,25.4,33.5,2019-02-13T14:01:00,20.5,2019-02-13T04:23:00,70,33,2019-02-13T13:51:00,1.3,16,6.7,236,2019-02-13T16:58:00,0.0,,,,,,,,,,,,,,,,,,,,0,,100,2019-02-13T00:12:00,,,,,,,,,,,,,,,,,,,,,,,,,,,,,,,,,,,,,,,,,,,,,,,,,,,,,,,,,,,,,,,,,,,,,,,,,,
2019-02-14,1006.8,1008.3,2019-02-14T09:33:00,1004.8,2019-02-14T14:51:00,24.7,31.7,2019-02-14T13:08:00,20.5,2019-02-14T06:01:00,80,44,2019-02-14T13:04:00,0.9,224,5.5,223,2019-02-14T15:17:00,0.0,,,,,,,,,,,,,,,,,,,,0,,100,2019-02-14T07:52:00,,,,,,,,,,,,,,,,,,,,,,,,,,,,,,,,,,,,,,,,,,,,,,,,,,,,,,,,,,,,,,,,,,,,,,,,,,
2019-02-15,1006.3,1008.8,2019-02-15T08:01:00,1004.0,2019-02-15T15:02:00,23.9,30.1,2019-02-15T12:41:00,18.6,2019-02-15T05:01:00,66,46,2019-02-15T12:41:00,1.3,103,6.1,98,2019-02-15T07:45:00,0.0,,,,,,,,,,,,,,,,,,,,0,,100,2019-02-15T00:46:00,,,,,,,,,,,,,,,,,,,,,,,,,,,,,,,,,,,,,,,,,,,,,,,,,,,,,,,,,,,,,,,,,,,,,,,,,,
2019-02-16,1004.7,1007.2,2019-02-16T08:31:00,1002.2,2019-02-16T15:16:00,23.8,31.3,2019-02-16T15:32:00,19.3,2019-02-16T04:43:00,67,38,2019-02-16T14:42:00,1.4,106,6.2,223,2019-02-16T15:49:00,0.0,,,,,,,,,,,,,,,,,,,,0,,100,2019-02-16T19:51:00,,,,,,,,,,,,,,,,,,,,,,,,,,,,,,,,,,,,,,,,,,,,,,,,,,,,,,,,,,,,,,,,,,,,,,,,,,
2019-02-17,1004.1,1005.7,2019-02-17T08:41:00,1001.7,2019-02-17T14:58:00,23.0,32.0,2019-02-17T13:21:00,17.3,2019-02-17T06:41:00,78,40,2019-02-17T12:41:00,1.1,213,6.0,237,2019-02-17T14:40:00,0.0,,,,,,,,,,,,,,,,,,,,0,,100,2019-02-17T07:53:00,,,,,,,,,,,,,,,,,,,,,,,,,,,,,,,,,,,,,,,,,,,,,,,,,,,,,,,,,,,,,,,,,,,,,,,,,,
2019-02-18,1002.6,1005.0,2019-02-18T23:51:00,999.0,2019-02-18T15:36:00,24.7,33.0,2019-02-18T13:43:00,18.7,2019-02-18T04:01:00,70,38,2019-02-18T15:43:00,1.2,227,7.5,232,2019-02-18T16:36:00,0.0,,,,,,,,,,,,,,,,,,,,0,,100,2019-02-18T08:06:00,,,,,,,,,,,,,,,,,,,,,,,,,,,,,,,,,,,,,,,,,,,,,,,,,,,,,,,,,,,,,,,,,,,,,,,,,,
2019-02-19,1005.0,1007.5,2019-02-19T21:27:00,1003.1,2019-02-19T03:54:00,26.6,33.8,2019-02-19T13:59:00,21.8,2019-02-19T03:08:00,64,32,2019-02-19T13:59:00,1.3,92,8.5,110,2019-02-19T06:30:00,0.0,,,,,,,,,,,,,,,,,,,,0,,100,2019-02-19T19:21:00,,,,,,,,,,,,,,,,,,,,,,,,,,,,,,,,,,,,,,,,,,,,,,,,,,,,,,,,,,,,,,,,,,,,,,,,,,
2019-02-20,1006.4,1008.5,2019-02-20T09:15:00,1004.5,2019-02-20T14:41:00,25.8,33.2,2019-02-20T13:53:00,21.0,2019-02-20T05:24:00,75,43,2019-02-20T13:01:00,1.6,103,6.9,241,2019-02-20T16:31:00,0.0,,,,,,,,,,,,,,,,,,,,0,,100,2019-02-20T02:18:00,,,,,,,,,,,,,,,,,,,,,,,,,,,,,,,,,,,,,,,,,,,,,,,,,,,,,,,,,,,,,,,,,,,,,,,,,,
2019-02-21,1004.5,1007.0,2019-02-21T00:01:00,1003.0,2019-02-21T15:04:00,25.0,32.0,2019-02-21T13:32:00,21.2,2019-02-21T05:56:00,71,44,2019-02-21T12:13:00,1.4,105,6.7,232,2019-02-21T14:21:00,0.0,,,,,,,,,,,,,,,,,,,,0,,100,2019-02-21T02:53:00,,,,,,,,,,,,,,,,,,,,,,,,,,,,,,,,,,,,,,,,,,,,,,,,,,,,,,,,,,,,,,,,,,,,,,,,,,
2019-02-22,1002.7,1004.1,2019-02-22T22:16:00,999.8,2019-02-22T14:23:00,24.0,32.6,2019-02-22T13:32:00,20.1,2019-02-22T21:22:00,67,35,2019-02-22T13:42:00,1.6,103,7.2,78,2019-02-22T06:50:00,0.0,,,,,,,,,,,,,,,,,,,,0,,100,2019-02-22T20:44:00,,,,,,,,,,,,,,,,,,,,,,,,,,,,,,,,,,,,,,,,,,,,,,,,,,,,,,,,,,,,,,,,,,,,,,,,,,
2019-02-23,1002.3,1004.1,2019-02-23T00:21:00,999.5,2019-02-23T15:01:00,21.6,27.5,2019-02-23T10:43:00,17.1,2019-02-23T03:11:00,79,54,2019-02-23T10:43:00,0.8,317,4.8,302,2019-02-23T11:04:00,0.0,,,,,,,,,,,,,,,,,,,,0,,100,2019-02-23T08:32:00,,,,,,,,,,,,,,,,,,,,,,,,,,,,,,,,,,,,,,,,,,,,,,,,,,,,,,,,,,,,,,,,,,,,,,,,,,
2019-02-24,1001.4,1003.0,2019-02-24T08:54:00,999.5,2019-02-24T14:01:00,21.2,25.7,2019-02-24T13:21:00,18.6,2019-02-24T04:31:00,90,60,2019-02-24T09:32:00,0.9,45,6.2,104,2019-02-24T05:56:00,0.0,,,,,,,,,,,,,,,,,,,,0,,100,2019-02-24T00:13:00,,,,,,,,,,,,,,,,,,,,,,,,,,,,,,,,,,,,,,,,,,,,,,,,,,,,,,,,,,,,,,,,,,,,,,,,,,
2019-02-25,1002.6,1004.6,2019-02-25T23:25:00,1000.5,2019-02-25T16:01:00,20.8,26.6,2019-02-25T16:06:00,17.7,2019-02-25T04:35:00,91,58,2019-02-25T16:14:00,0.8,292,4.1,66,2019-02-25T14:07:00,2.5,,,,,,,,,,,,,,,,,,,,0,,100,2019-02-25T12:31:00,,,,,,,,,,,,,,,,,,,,,,,,,,,,,,,,,,,,,,,,,,,,,,,,,,,,,,,,,,,,,,,,,,,,,,,,,,
2019-02-26,1003.5,1005.5,2019-02-26T09:02:00,1001.8,2019-02-26T14:44:00,22.9,30.0,2019-02-26T13:21:00,17.0,2019-02-26T06:17:00,79,43,2019-02-26T13:21:00,0.8,203,5.4,205,2019-02-26T15:16:00,0.0,,,,,,,,,,,,,,,,,,,,0,,100,2019-02-26T08:32:00,,,,,,,,,,,,,,,,,,,,,,,,,,,,,,,,,,,,,,,,,,,,,,,,,,,,,,,,,,,,,,,,,,,,,,,,,,
2019-02-27,1001.9,1004.0,2019-02-27T07:12:00,999.0,2019-02-27T15:18:00,24.1,32.3,2019-02-27T13:22:00,18.3,2019-02-27T02:37:00,74,38,2019-02-27T12:42:00,1.1,5,5.6,257,2019-02-27T15:31:00,0.0,,,,,,,,,,,,,,,,,,,,0,,100,2019-02-27T07:27:00,,,,,,,,,,,,,,,,,,,,,,,,,,,,,,,,,,,,,,,,,,,,,,,,,,,,,,,,,,,,,,,,,,,,,,,,,,
2019-02-28,1001.3,1003.1,2019-02-28T23:11:00,999.0,2019-02-28T14:41:00,25.6,31.8,2019-02-28T10:33:00,20.5,2019-02-28T06:34:00,74,43,2019-02-28T13:14:00,0.8,323,4.1,206,2019-02-28T10:55:00,0.0,,,,,,,,,,,,,,,,,,,,0,,100,2019-02-28T07:51:00,,,,,,,,,,,,,,,,,,,,,,,,,,,,,,,,,,,,,,,,,,,,,,,,,,,,,,,,,,,,,,,,,,,,,,,,,,
2019-03-01,1002.6,1004.5,2019-03-01T08:25:00,1001.1,2019-03-01T15:22:00,23.7,31.0,2019-03-01T12:11:00,19.1,2019-03-01T05:51:00,82,50,2019-03-01T12:11:00,0.8,35,5.1,237,2019-03-01T10:02:00,0.0,,,,,,,,,,,,,,,,,,,,0,,100,2019-03-01T08:18:00,,,,,,,,,,,,,,,,,,,,,,,,,,,,,,,,,,,,,,,,,,,,,,,,,,,,,,,,,,,,,,,,,,,,,,,,,,
2019-03-02,999.9,1002.7,2019-03-02T00:01:00,997.7,2019-03-02T16:02:00,23.6,31.5,2019-03-02T13:31:00,16.8,2019-03-02T06:11:00,79,44,2019-03-02T13:36:00,1.0,43,5.3,241,2019-03-02T16:20:00,0.0,,,,,,,,,,,,,,,,,,,,0,,100,2019-03-02T08:53:00,,,,,,,,,,,,,,,,,,,,,,,,,,,,,,,,,,,,,,,,,,,,,,,,,,,,,,,,,,,,,,,,,,,,,,,,,,
2019-03-03,997.7,1000.0,2019-03-03T23:56:00,995.7,2019-03-03T14:03:00,23.7,32.1,2019-03-03T12:56:00,20.1,2019-03-03T23:56:00,72,34,2019-03-03T09:01:00,1.7,58,9.2,106,2019-03-03T06:47:00,0.5,,,,,,,,,,,,,,,,,,,,0,,100,2019-03-03T15:32:00,,,,,,,,,,,,,,,,,,,,,,,,,,,,,,,,,,,,,,,,,,,,,,,,,,,,,,,,,,,,,,,,,,,,,,,,,,
2019-03-04,1000.8,1003.0,2019-03-04T20:21:00,998.0,2019-03-04T03:52:00,22.8,30.5,2019-03-04T13:45:00,16.5,2019-03-04T05:49:00,78,45,2019-03-04T13:31:00,0.9,55,5.9,223,2019-03-04T16:10:00,0.0,,,,,,,,,,,,,,,,,,,,0,,100,2019-03-04T07:11:00,,,,,,,,,,,,,,,,,,,,,,,,,,,,,,,,,,,,,,,,,,,,,,,,,,,,,,,,,,,,,,,,,,,,,,,,,,
2019-03-05,999.8,1002.5,2019-03-05T06:41:00,997.2,2019-03-05T14:52:00,24.6,29.3,2019-03-05T15:09:00,19.0,2019-03-05T01:33:00,65,33,2019-03-05T17:51:00,0.8,104,4.0,199,2019-03-05T19:22:00,0.0,,,,,,,,,,,,,,,,,,,,0,,100,2019-03-05T05:33:00,,,,,,,,,,,,,,,,,,,,,,,,,,,,,,,,,,,,,,,,,,,,,,,,,,,,,,,,,,,,,,,,,,,,,,,,,,
2019-03-06,1000.0,1002.6,2019-03-06T20:26:00,997.7,2019-03-06T14:11:00,24.9,32.7,2019-03-06T14:05:00,20.1,2019-03-06T21:11:00,76,39,2019-03-06T14:11:00,1.0,46,6.0,320,2019-03-06T20:19:00,1.0,,,,,,,,,,,,,,,,,,,,0,,100,2019-03-06T02:16:00,,,,,,,,,,,,,,,,,,,,,,,,,,,,,,,,,,,,,,,,,,,,,,,,,,,,,,,,,,,,,,,,,,,,,,,,,,
2019-03-07,1001.8,1003.8,2019-03-07T23:23:00,1000.3,2019-03-07T04:41:00,19.7,23.6,2019-03-07T12:07:00,16.5,2019-03-07T23:53:00,99,99,2019-03-07T00:41:00,0.7,16,4.7,323,2019-03-07T13:27:00,2.5,,,,,,,,,,,,,,,,,,,,0,,99,2019-03-07T00:01:00,,,,,,,,,,,,,,,,,,,,,,,,,,,,,,,,,,,,,,,,,,,,,,,,,,,,,,,,,,,,,,,,,,,,,,,,,,
2019-03-08,1002.6,1004.8,2019-03-08T09:33:00,1000.6,2019-03-08T15:14:00,18.7,24.8,2019-03-08T16:21:00,16.0,2019-03-08T07:24:00,95,64,2019-03-08T16:21:00,0.6,59,4.5,117,2019-03-08T13:59:00,1.0,,,,,,,,,,,,,,,,,,,,0,,100,2019-03-08T14:49:00,,,,,,,,,,,,,,,,,,,,,,,,,,,,,,,,,,,,,,,,,,,,,,,,,,,,,,,,,,,,,,,,,,,,,,,,,,
2019-03-09,998.6,1001.5,2019-03-09T00:30:00,996.1,2019-03-09T14:58:00,22.4,27.6,2019-03-09T11:45:00,18.6,2019-03-09T02:21:00,92,57,2019-03-09T10:55:00,1.0,93,6.2,69,2019-03-09T03:22:00,6.0,,,,,,,,,,,,,,,,,,,,0,,100,2019-03-09T06:48:00,,,,,,,,,,,,,,,,,,,,,,,,,,,,,,,,,,,,,,,,,,,,,,,,,,,,,,,,,,,,,,,,,,,,,,,,,,
2019-03-10,998.8,1001.7,2019-03-10T21:42:00,997.0,2019-03-10T14:21:00,22.4,28.0,2019-03-10T13:41:00,19.1,2019-03-10T23:51:00,92,59,2019-03-10T14:21:00,1.3,315,8.8,70,2019-03-10T22:41:00,14.0,,,,,,,,,,,,,,,,,,,,0,,100,2019-03-10T10:11:00,,,,,,,,,,,,,,,,,,,,,,,,,,,,,,,,,,,,,,,,,,,,,,,,,,,,,,,,,,,,,,,,,,,,,,,,,,
2019-03-11,999.9,1002.5,2019-03-11T08:06:00,998.3,2019-03-11T02:52:00,20.0,24.2,2019-03-11T12:05:00,18.2,2019-03-11T23:23:00,98,79,2019-03-11T12:41:00,0.8,326,9.0,73,2019-03-11T09:15:00,11.0,,,,,,,,,,,,,,,,,,,,0,,100,2019-03-11T10:56:00,,,,,,,,,,,,,,,,,,,,,,,,,,,,,,,,,,,,,,,,,,,,,,,,,,,,,,,,,,,,,,,,,,,,,,,,,,
2019-03-12,1002.2,1004.6,2019-03-12T23:07:00,1000.0,2019-03-12T14:51:00,22.2,29.0,2019-03-12T14:13:00,17.0,2019-03-12T05:55:00,82,42,2019-03-12T14:23:00,1.0,69,5.2,186,2019-03-12T15:27:00,0.0,,,,,,,,,,,,,,,,,,,,0,,100,2019-03-12T08:42:00,,,,,,,,,,,,,,,,,,,,,,,,,,,,,,,,,,,,,,,,,,,,,,,,,,,,,,,,,,,,,,,,,,,,,,,,,,
2019-03-13,1004.7,1006.5,2019-03-13T22:22:00,1003.0,2019-03-13T14:57:00,22.9,29.7,2019-03-13T13:28:00,19.5,2019-03-13T23:13:00,67,39,2019-03-13T13:11:00,1.2,90,5.4,266,2019-03-13T14:19:00,0.0,,,,,,,,,,,,,,,,,,,,0,,100,2019-03-13T00:31:00,,,,,,,,,,,,,,,,,,,,,,,,,,,,,,,,,,,,,,,,,,,,,,,,,,,,,,,,,,,,,,,,,,,,,,,,,,
2019-03-14,1004.9,1006.8,2019-03-14T06:31:00,1002.0,2019-03-14T15:12:00,23.4,29.8,2019-03-14T13:33:00,18.5,2019-03-14T00:35:00,68,41,2019-03-14T12:04:00,1.3,90,6.0,246,2019-03-14T14:17:00,0.0,,,,,,,,,,,,,,,,,,,,0,,100,2019-03-14T00:31:00,,,,,,,,,,,,,,,,,,,,,,,,,,,,,,,,,,,,,,,,,,,,,,,,,,,,,,,,,,,,,,,,,,,,,,,,,,
2019-03-15,1005.1,1006.5,2019-03-15T07:35:00,1003.1,2019-03-15T15:07:00,22.0,28.6,2019-03-15T12:12:00,18.3,2019-03-15T06:04:00,84,47,2019-03-15T12:01:00,0.9,6,4.3,106,2019-03-15T09:00:00,0.0,,,,,,,,,,,,,,,,,,,,0,,100,2019-03-15T08:57:00,,,,,,,,,,,,,,,,,,,,,,,,,,,,,,,,,,,,,,,,,,,,,,,,,,,,,,,,,,,,,,,,,,,,,,,,,,
2019-03-16,1005.5,1007.0,2019-03-16T23:16:00,1003.2,2019-03-16T15:14:00,22.5,28.0,2019-03-16T13:41:00,19.2,2019-03-16T02:55:00,75,38,2019-03-16T13:41:00,1.0,50,4.9,96,2019-03-16T06:35:00,0.0,,,,,,,,,,,,,,,,,,,,0,,99,2019-03-16T06:21:00,,,,,,,,,,,,,,,,,,,,,,,,,,,,,,,,,,,,,,,,,,,,,,,,,,,,,,,,,,,,,,,,,,,,,,,,,,
2019-03-17,1005.3,1007.0,2019-03-17T08:55:00,1002.6,2019-03-17T15:02:00,23.5,30.2,2019-03-17T13:42:00,18.7,2019-03-17T04:42:00,69,38,2019-03-17T13:51:00,1.1,106,4.8,268,2019-03-17T15:22:00,0.0,,,,,,,,,,,,,,,,,,,,0,,100,2019-03-17T03:43:00,,,,,,,,,,,,,,,,,,,,,,,,,,,,,,,,,,,,,,,,,,,,,,,,,,,,,,,,,,,,,,,,,,,,,,,,,,
2019-03-18,1002.8,1005.1,2019-03-18T00:35:00,1000.1,2019-03-18T15:51:00,24.8,32.0,2019-03-18T12:55:00,19.5,2019-03-18T01:31:00,70,40,2019-03-18T12:55:00,1.2,31,5.3,257,2019-03-18T13:28:00,0.0,,,,,,,,,,,,,,,,,,,,0,,100,2019-03-18T03:33:00,,,,,,,,,,,,,,,,,,,,,,,,,,,,,,,,,,,,,,,,,,,,,,,,,,,,,,,,,,,,,,,,,,,,,,,,,,
2019-03-19,1001.6,1003.3,2019-03-19T09:41:00,999.7,2019-03-19T16:15:00,25.6,33.1,2019-03-19T14:11:00,20.6,2019-03-19T04:51:00,77,39,2019-03-19T13:23:00,1.2,58,5.5,232,2019-03-19T13:56:00,0.0,,,,,,,,,,,,,,,,,,,,0,,100,2019-03-19T06:49:00,,,,,,,,,,,,,,,,,,,,,,,,,,,,,,,,,,,,,,,,,,,,,,,,,,,,,,,,,,,,,,,,,,,,,,,,,,
2019-03-20,1000.7,1100.0,2019-03-20T19:01:00,998.2,2019-03-20T15:12:00,25.4,32.0,2019-03-20T13:51:00,20.8,2019-03-20T06:35:00,77,48,2019-03-20T13:54:00,1.4,228,6.7,68,2019-03-20T21:47:00,0.0,,,,,,,,,,,,,,,,,,,,0,,100,2019-03-20T06:13:00,,,,,,,,,,,,,,,,,,,,,,,,,,,,,,,,,,,,,,,,,,,,,,,,,,,,,,,,,,,,,,,,,,,,,,,,,,
2019-03-21,999.2,1001.1,2019-03-21T00:02:00,997.1,2019-03-21T15:49:00,26.9,35.5,2019-03-21T13:02:00,20.6,2019-03-21T06:31:00,58,29,2019-03-21T13:11:00,1.3,98,6.8,106,2019-03-22T00:00:00,0.0,,,,,,,,,,,,,,,,,,,,0,,100,2019-03-21T18:54:00,,,,,,,,,,,,,,,,,,,,,,,,,,,,,,,,,,,,,,,,,,,,,,,,,,,,,,,,,,,,,,,,,,,,,,,,,,
2019-03-22,999.9,1002.1,2019-03-22T23:11:00,997.7,2019-03-22T14:49:00,27.3,35.0,2019-03-22T13:11:00,22.8,2019-03-22T05:21:00,54,30,2019-03-22T13:11:00,1.7,104,9.6,118,2019-03-22T01:20:00,0.0,,,,,,,,,,,,,,,,,,,,0,,100,2019-03-22T20:11:00,,,,,,,,,,,,,,,,,,,,,,,,,,,,,,,,,,,,,,,,,,,,,,,,,,,,,,,,,,,,,,,,,,,,,,,,,,
2019-03-23,1002.9,1004.5,2019-03-23T21:27:00,1000.8,2019-03-23T02:11:00,20.9,23.8,2019-03-23T09:58:00,17.7,2019-03-23T22:53:00,99,99,2019-03-23T11:33:00,0.6,311,4.2,330,2019-03-23T12:46:00,3.0,,,,,,,,,,,,,,,,,,,,0,,99,2019-03-23T03:21:00,,,,,,,,,,,,,,,,,,,,,,,,,,,,,,,,,,,,,,,,,,,,,,,,,,,,,,,,,,,,,,,,,,,,,,,,,,
2019-03-24,1004.1,1005.7,2019-03-24T10:33:00,1002.5,2019-03-24T17:01:00,19.5,21.7,2019-03-24T08:46:00,16.7,2019-03-24T00:33:00,99,99,2019-03-24T22:21:00,0.8,62,5.9,100,2019-03-24T19:04:00,2.0,,,,,,,,,,,,,,,,,,,,0,,99,2019-03-24T17:31:00,,,,,,,,,,,,,,,,,,,,,,,,,,,,,,,,,,,,,,,,,,,,,,,,,,,,,,,,,,,,,,,,,,,,,,,,,,
2019-03-25,1002.6,1004.5,2019-03-25T09:51:00,1000.8,2019-03-25T17:33:00,23.3,29.5,2019-03-25T12:25:00,17.7,2019-03-25T05:13:00,80,49,2019-03-25T12:25:00,1.2,350,5.6,60,2019-03-25T04:02:00,0.0,,,,,,,,,,,,,,,,,,,,0,,100,2019-03-25T08:32:00,,,,,,,,,,,,,,,,,,,,,,,,,,,,,,,,,,,,,,,,,,,,,,,,,,,,,,,,,,,,,,,,,,,,,,,,,,
2019-03-26,1004.7,1006.5,2019-03-26T09:21:00,1002.7,2019-03-26T03:13:00,24.3,31.3,2019-03-26T13:44:00,18.5,2019-03-26T06:21:00,78,46,2019-03-26T13:51:00,1.0,2,5.9,213,2019-03-26T16:08:00,0.0,,,,,,,,,,,,,,,,,,,,0,,100,2019-03-26T02:12:00,,,,,,,,,,,,,,,,,,,,,,,,,,,,,,,,,,,,,,,,,,,,,,,,,,,,,,,,,,,,,,,,,,,,,,,,,,
2019-03-27,1003.9,1006.6,2019-03-27T07:22:00,1001.3,2019-03-27T15:51:00,25.5,32.8,2019-03-27T13:51:00,20.6,2019-03-27T01:11:00,79,40,2019-03-27T13:51:00,1.2,106,5.9,111,2019-03-27T06:20:00,0.0,,,,,,,,,,,,,,,,,,,,0,,100,2019-03-27T07:01:00,,,,,,,,,,,,,,,,,,,,,,,,,,,,,,,,,,,,,,,,,,,,,,,,,,,,,,,,,,,,,,,,,,,,,,,,,,
2019-03-28,999.4,1001.8,2019-03-28T07:51:00,996.5,2019-03-28T16:01:00,26.7,33.5,2019-03-28T12:15:00,21.5,2019-03-28T05:53:00,71,44,2019-03-28T12:15:00,1.3,84,6.3,112,2019-03-28T03:47:00,0.0,,,,,,,,,,,,,,,,,,,,0,,100,2019-03-28T00:31:00,,,,,,,,,,,,,,,,,,,,,,,,,,,,,,,,,,,,,,,,,,,,,,,,,,,,,,,,,,,,,,,,,,,,,,,,,,
2019-03-29,997.7,1000.6,2019-03-29T21:53:00,996.0,2019-03-29T15:11:00,26.1,33.8,2019-03-29T12:22:00,21.2,2019-03-29T05:31:00,66,38,2019-03-29T12:22:00,1.3,106,5.5,105,2019-03-29T07:26:00,0.0,,,,,,,,,,,,,,,,,,,,0,,100,2019-03-29T00:17:00,,,,,,,,,,,,,,,,,,,,,,,,,,,,,,,,,,,,,,,,,,,,,,,,,,,,,,,,,,,,,,,,,,,,,,,,,,
2019-03-30,1000.1,1002.6,2019-03-30T22:49:00,998.3,2019-03-30T04:01:00,25.9,32.0,2019-03-30T11:03:00,22.5,2019-03-30T02:01:00,80,45,2019-03-30T11:32:00,1.0,87,5.9,91,2019-03-30T03:53:00,0.0,,,,,,,,,,,,,,,,,,,,0,,100,2019-03-30T03:41:00,,,,,,,,,,,,,,,,,,,,,,,,,,,,,,,,,,,,,,,,,,,,,,,,,,,,,,,,,,,,,,,,,,,,,,,,,,
2019-03-31,1003.1,1005.6,2019-03-31T22:11:00,1001.0,2019-03-31T14:06:00,25.5,32.8,2019-03-31T12:41:00,20.7,2019-03-31T23:12:00,77,44,2019-03-31T11:52:00,1.1,31,6.1,250,2019-03-31T14:08:00,1.5,,,,,,,,,,,,,,,,,,,,0,,100,2019-03-31T06:38:00,,,,,,,,,,,,,,,,,,,,,,,,,,,,,,,,,,,,,,,,,,,,,,,,,,,,,,,,,,,,,,,,,,,,,,,,,,
2019-04-01,1005.0,1006.5,2019-04-01T09:02:00,1003.5,2019-04-01T02:32:00,22.8,29.6,2019-04-01T11:41:00,18.6,2019-04-01T04:31:00,85,51,2019-04-01T11:51:00,0.8,17,4.2,144,2019-04-01T02:05:00,0.0,,,,,,,,,,,,,,,,,,,,0,,100,2019-04-01T20:11:00,,,,,,,,,,,,,,,,,,,,,,,,,,,,,,,,,,,,,,,,,,,,,,,,,,,,,,,,,,,,,,,,,,,,,,,,,,
2019-04-02,1004.3,1006.5,2019-04-02T08:29:00,1001.6,2019-04-02T15:22:00,23.4,28.8,2019-04-02T15:51:00,19.5,2019-04-02T03:12:00,82,49,2019-04-02T15:32:00,0.7,46,5.0,207,2019-04-02T17:15:00,0.0,,,,,,,,,,,,,,,,,,,,0,,100,2019-04-02T08:51:00,,,,,,,,,,,,,,,,,,,,,,,,,,,,,,,,,,,,,,,,,,,,,,,,,,,,,,,,,,,,,,,,,,,,,,,,,,
2019-04-03,1002.7,1004.8,2019-04-03T08:22:00,1000.0,2019-04-03T15:55:00,25.5,33.0,2019-04-03T14:41:00,19.7,2019-04-03T05:45:00,76,36,2019-04-03T14:41:00,1.0,291,6.0,284,2019-04-03T12:46:00,0.0,,,,,,,,,,,,,,,,,,,,0,,100,2019-04-03T08:05:00,,,,,,,,,,,,,,,,,,,,,,,,,,,,,,,,,,,,,,,,,,,,,,,,,,,,,,,,,,,,,,,,,,,,,,,,,,
2019-04-04,1002.0,1003.7,2019-04-04T09:52:00,999.8,2019-04-04T14:31:00,25.5,32.3,2019-04-04T12:33:00,21.5,2019-04-04T00:09:00,82,48,2019-04-04T12:33:00,1.0,90,4.4,230,2019-04-04T16:13:00,0.0,,,,,,,,,,,,,,,,,,,,0,,100,2019-04-04T06:58:00,,,,,,,,,,,,,,,,,,,,,,,,,,,,,,,,,,,,,,,,,,,,,,,,,,,,,,,,,,,,,,,,,,,,,,,,,,
2019-04-05,999.5,1002.0,2019-04-05T00:01:00,997.0,2019-04-05T15:37:00,26.6,34.0,2019-04-05T12:01:00,21.8,2019-04-05T06:10:00,74,37,2019-04-05T13:53:00,1.1,314,6.3,316,2019-04-05T13:29:00,0.0,,,,,,,,,,,,,,,,,,,,0,,100,2019-04-05T07:43:00,,,,,,,,,,,,,,,,,,,,,,,,,,,,,,,,,,,,,,,,,,,,,,,,,,,,,,,,,,,,,,,,,,,,,,,,,,
2019-04-06,1000.1,1002.0,2019-04-06T08:18:00,998.0,2019-04-06T15:42:00,25.8,33.1,2019-04-06T12:52:00,21.0,2019-04-06T03:16:00,77,40,2019-04-06T13:01:00,1.0,251,5.5,207,2019-04-06T12:52:00,0.0,,,,,,,,,,,,,,,,,,,,0,,100,2019-04-06T07:55:00,,,,,,,,,,,,,,,,,,,,,,,,,,,,,,,,,,,,,,,,,,,,,,,,,,,,,,,,,,,,,,,,,,,,,,,,,,
2019-04-07,999.6,1001.5,2019-04-07T08:01:00,997.3,2019-04-07T15:24:00,26.3,34.6,2019-04-07T13:14:00,20.7,2019-04-07T04:19:00,71,36,2019-04-07T12:34:00,1.1,292,6.3,324,2019-04-07T14:40:00,0.0,,,,,,,,,,,,,,,,0.0,2019-04-07T01:00:00,,,0,,100,2019-04-07T03:24:00,,,,,,,,,,,,,,,,,,,,,,,,,,,,,,,,,,,,,,,,,,,,,,,,,,,,,,,,,,,,,,,,,,,,,,,,,,
2019-04-08,999.8,1001.2,2019-04-08T22:02:00,998.5,2019-04-08T03:31:00,26.7,35.3,2019-04-08T13:11:00,21.7,2019-04-08T03:51:00,73,38,2019-04-08T13:02:00,1.2,52,5.8,249,2019-04-08T13:47:00,0.0,,,,,,,,,,,,,,,,0.0,2019-04-08T01:00:00,,,0,,100,2019-04-08T05:48:00,,,,,,,,,,,,,,,,,,,,,,,,,,,,,,,,,,,,,,,,,,,,,,,,,,,,,,,,,,,,,,,,,,,,,,,,,,
2019-04-09,998.8,1000.6,2019-04-09T00:01:00,996.7,2019-04-09T15:36:00,27.9,36.3,2019-04-09T12:01:00,21.6,2019-04-09T04:41:00,60,28,2019-04-09T10:43:00,1.4,85,7.4,247,2019-04-09T15:16:00,0.0,,,,,,,,,,,,,,,,0.0,2019-04-09T01:00:00,,,0,,100,2019-04-09T20:51:00,,,,,,,,,,,,,,,,,,,,,,,,,,,,,,,,,,,,,,,,,,,,,,,,,,,,,,,,,,,,,,,,,,,,,,,,,,
2019-04-10,998.4,1000.2,2019-04-10T06:51:00,996.0,2019-04-10T16:12:00,28.4,36.8,2019-04-10T12:41:00,21.8,2019-04-10T05:42:00,54,21,2019-04-10T16:33:00,1.2,62,5.4,274,2019-04-10T13:33:00,0.0,,,,,,,,,,,,,,,,0.0,2019-04-10T01:00:00,,,0,,100,2019-04-10T20:58:00,,,,,,,,,,,,,,,,,,,,,,,,,,,,,,,,,,,,,,,,,,,,,,,,,,,,,,,,,,,,,,,,,,,,,,,,,,
2019-04-11,997.9,999.5,2019-04-11T22:22:00,995.6,2019-04-11T14:43:00,27.9,36.0,2019-04-11T12:22:00,22.5,2019-04-11T05:13:00,59,32,2019-04-11T12:12:00,1.5,106,6.2,102,2019-04-11T04:58:00,0.0,,,,,,,,,,,,,,,,0.0,2019-04-11T01:00:00,,,0,,100,2019-04-11T00:04:00,,,,,,,,,,,,,,,,,,,,,,,,,,,,,,,,,,,,,,,,,,,,,,,,,,,,,,,,,,,,,,,,,,,,,,,,,,
2019-04-12,1000.4,1003.6,2019-04-12T22:12:00,998.1,2019-04-12T01:51:00,25.2,32.2,2019-04-12T11:56:00,21.2,2019-04-12T05:38:00,84,48,2019-04-12T11:56:00,0.8,4,4.4,237,2019-04-12T13:02:00,0.0,,,,,,,,,,,,,,,,0.0,2019-04-12T01:00:00,,,0,,100,2019-04-12T01:11:00,,,,,,,,,,,,,,,,,,,,,,,,,,,,,,,,,,,,,,,,,,,,,,,,,,,,,,,,,,,,,,,,,,,,,,,,,,
2019-04-13,1001.1,1002.8,2019-04-13T09:06:00,998.6,2019-04-13T02:28:00,25.8,31.6,2019-04-13T14:54:00,21.8,2019-04-13T05:51:00,81,47,2019-04-13T14:54:00,0.8,304,5.8,120,2019-04-13T02:32:00,0.0,,,,,,,,,,,,,,,,0.0,2019-04-13T01:00:00,,,0,,100,2019-04-13T08:44:00,,,,,,,,,,,,,,,,,,,,,,,,,,,,,,,,,,,,,,,,,,,,,,,,,,,,,,,,,,,,,,,,,,,,,,,,,,
2019-04-14,1000.0,1001.3,2019-04-14T00:01:00,998.0,2019-04-14T16:05:00,27.6,34.1,2019-04-14T13:41:00,22.5,2019-04-14T06:01:00,73,40,2019-04-14T11:01:00,0.9,256,5.2,276,2019-04-14T13:58:00,0.0,,,,,,,,,,,,,,,,0.0,2019-04-14T01:00:00,,,0,,100,2019-04-14T00:21:00,,,,,,,,,,,,,,,,,,,,,,,,,,,,,,,,,,,,,,,,,,,,,,,,,,,,,,,,,,,,,,,,,,,,,,,,,,
2019-04-15,1000.1,1002.1,2019-04-15T21:54:00,998.5,2019-04-15T15:47:00,25.6,30.7,2019-04-15T13:15:00,23.5,2019-04-15T04:42:00,91,59,2019-04-15T13:30:00,0.7,220,5.2,306,2019-04-15T13:45:00,0.5,,,,,,,,,,,,,,,,0.5,2019-04-15T17:00:00,,,0,,100,2019-04-15T09:32:00,,,,,,,,,,,,,,,,,,,,,,,,,,,,,,,,,,,,,,,,,,,,,,,,,,,,,,,,,,,,,,,,,,,,,,,,,,
2019-04-16,998.9,1001.6,2019-04-16T08:41:00,996.7,2019-04-16T17:22:00,23.3,25.2,2019-04-16T13:23:00,21.0,2019-04-16T08:26:00,99,99,2019-04-16T07:14:00,0.7,340,5.6,69,2019-04-16T11:07:00,34.5,,,,,,,,,,,,,,,,17.0,2019-04-16T09:00:00,,,0,,99,2019-04-16T11:07:00,,,,,,,,,,,,,,,,,,,,,,,,,,,,,,,,,,,,,,,,,,,,,,,,,,,,,,,,,,,,,,,,,,,,,,,,,,
2019-04-17,998.1,1000.0,2019-04-17T21:31:00,996.5,2019-04-17T13:52:00,25.2,32.6,2019-04-17T12:46:00,20.8,2019-04-17T03:55:00,87,44,2019-04-17T12:51:00,0.9,226,6.0,237,2019-04-17T14:37:00,0.0,,,,,,,,,,,,,,,,0.0,2019-04-17T01:00:00,,,0,,100,2019-04-17T10:03:00,,,,,,,,,,,,,,,,,,,,,,,,,,,,,,,,,,,,,,,,,,,,,,,,,,,,,,,,,,,,,,,,,,,,,,,,,,
2019-04-18,998.2,999.8,2019-04-18T08:52:00,996.7,2019-04-18T14:32:00,27.3,34.3,2019-04-18T13:31:00,21.6,2019-04-18T05:54:00,76,38,2019-04-18T13:11:00,1.0,232,6.1,260,2019-04-18T14:29:00,0.0,,,,,,,,,,,,,,,,0.0,2019-04-18T01:00:00,,,0,,100,2019-04-18T07:21:00,,,,,,,,,,,,,,,,,,,,,,,,,,,,,,,,,,,,,,,,,,,,,,,,,,,,,,,,,,,,,,,,,,,,,,,,,,
2019-04-19,997.4,999.5,2019-04-19T08:04:00,994.8,2019-04-19T18:14:00,24.6,32.1,2019-04-19T11:47:00,20.5,2019-04-19T16:14:00,89,50,2019-04-19T12:55:00,1.6,82,10.2,214,2019-04-19T15:39:00,39.0,,,,,,,,,,,,,,,,21.0,2019-04-19T16:00:00,,,0,,100,2019-04-19T00:34:00,,,,,,,,,,,,,,,,,,,,,,,,,,,,,,,,,,,,,,,,,,,,,,,,,,,,,,,,,,,,,,,,,,,,,,,,,,
2019-04-20,996.0,998.0,2019-04-20T00:01:00,994.0,2019-04-20T16:13:00,26.8,33.0,2019-04-20T14:21:00,23.1,2019-04-20T00:11:00,75,39,2019-04-20T13:34:00,1.5,105,8.6,109,2019-04-20T03:15:00,0.0,,,,,,,,,,,,,,,,0.0,2019-04-20T01:00:00,,,0,,100,2019-04-20T00:41:00,,,,,,,,,,,,,,,,,,,,,,,,,,,,,,,,,,,,,,,,,,,,,,,,,,,,,,,,,,,,,,,,,,,,,,,,,,
2019-04-21,996.8,998.3,2019-04-21T08:24:00,994.7,2019-04-21T03:54:00,26.2,32.8,2019-04-21T14:23:00,23.6,2019-04-21T08:06:00,89,52,2019-04-21T14:23:00,1.4,102,7.3,108,2019-04-21T22:34:00,5.0,,,,,,,,,,,,,,,,2.5,2019-04-21T19:00:00,,,0,,100,2019-04-21T02:05:00,,,,,,,,,,,,,,,,,,,,,,,,,,,,,,,,,,,,,,,,,,,,,,,,,,,,,,,,,,,,,,,,,,,,,,,,,,
2019-04-22,997.2,1000.1,2019-04-22T21:51:00,995.1,2019-04-22T15:42:00,27.9,34.5,2019-04-22T13:24:00,23.5,2019-04-22T03:16:00,85,51,2019-04-22T10:35:00,1.2,89,6.3,93,2019-04-22T00:28:00,0.0,,,,,,,,,,,,,,,,0.0,2019-04-22T01:00:00,,,0,,100,2019-04-22T01:25:00,,,,,,,,,,,,,,,,,,,,,,,,,,,,,,,,,,,,,,,,,,,,,,,,,,,,,,,,,,,,,,,,,,,,,,,,,,
2019-04-23,997.7,999.6,2019-04-23T22:05:00,994.7,2019-04-23T02:22:00,28.7,34.6,2019-04-23T14:32:00,23.7,2019-04-23T05:41:00,79,48,2019-04-23T13:02:00,1.2,93,7.2,136,2019-04-23T01:56:00,0.0,,,,,,,,,,,,,,,,0.0,2019-04-23T01:00:00,,,0,,100,2019-04-23T02:51:00,,,,,,,,,,,,,,,,,,,,,,,,,,,,,,,,,,,,,,,,,,,,,,,,,,,,,,,,,,,,,,,,,,,,,,,,,,
2019-04-24,997.4,999.5,2019-04-24T09:31:00,995.6,2019-04-24T15:51:00,28.2,35.0,2019-04-24T13:23:00,24.0,2019-04-24T05:54:00,76,44,2019-04-24T13:23:00,1.3,106,6.1,125,2019-04-24T05:06:00,0.0,,,,,,,,,,,,,,,,0.0,2019-04-24T01:00:00,,,0,,100,2019-04-24T04:11:00,,,,,,,,,,,,,,,,,,,,,,,,,,,,,,,,,,,,,,,,,,,,,,,,,,,,,,,,,,,,,,,,,,,,,,,,,,
2019-04-25,997.1,998.7,2019-04-25T07:31:00,995.5,2019-04-25T03:56:00,28.0,35.6,2019-04-25T13:24:00,21.8,2019-04-25T05:35:00,58,32,2019-04-25T13:33:00,1.4,93,7.7,116,2019-04-25T23:15:00,0.0,,,,,,,,,,,,,,,,0.0,2019-04-25T01:00:00,,,0,,99,2019-04-25T00:01:00,,,,,,,,,,,,,,,,,,,,,,,,,,,,,,,,,,,,,,,,,,,,,,,,,,,,,,,,,,,,,,,,,,,,,,,,,,
2019-04-26,998.4,1000.8,2019-04-26T21:04:00,996.5,2019-04-26T15:32:00,27.5,34.6,2019-04-26T12:41:00,23.0,2019-04-26T00:27:00,64,37,2019-04-26T12:42:00,1.6,107,6.8,119,2019-04-26T04:59:00,0.5,,,,,,,,,,,,,,,,0.5,2019-04-26T22:00:00,,,0,,99,2019-04-26T19:14:00,,,,,,,,,,,,,,,,,,,,,,,,,,,,,,,,,,,,,,,,,,,,,,,,,,,,,,,,,,,,,,,,,,,,,,,,,,
2019-04-27,999.6,1001.7,2019-04-27T09:01:00,997.5,2019-04-27T14:25:00,26.7,33.2,2019-04-27T13:21:00,23.7,2019-04-27T05:31:00,89,51,2019-04-27T13:31:00,1.3,104,5.5,103,2019-04-27T06:02:00,9.0,,,,,,,,,,,,,,,,6.5,2019-04-27T17:00:00,,,0,,100,2019-04-27T08:52:00,,,,,,,,,,,,,,,,,,,,,,,,,,,,,,,,,,,,,,,,,,,,,,,,,,,,,,,,,,,,,,,,,,,,,,,,,,
2019-04-28,1000.0,1001.6,2019-04-28T08:41:00,998.2,2019-04-28T16:27:00,27.4,33.3,2019-04-28T13:01:00,23.6,2019-04-28T05:12:00,85,49,2019-04-28T13:04:00,1.0,103,5.2,242,2019-04-28T14:56:00,0.0,,,,,,,,,,,,,,,,0.0,2019-04-28T01:00:00,,,0,,100,2019-04-28T08:05:00,,,,,,,,,,,,,,,,,,,,,,,,,,,,,,,,,,,,,,,,,,,,,,,,,,,,,,,,,,,,,,,,,,,,,,,,,,
2019-04-29,998.2,1000.3,2019-04-29T08:23:00,995.6,2019-04-29T16:11:00,28.3,35.3,2019-04-29T14:37:00,23.7,2019-04-29T06:21:00,78,42,2019-04-29T13:12:00,1.2,104,5.7,117,2019-04-29T05:07:00,0.0,,,,,,,,,,,,,,,,0.0,2019-04-29T01:00:00,,,0,,100,2019-04-29T06:44:00,,,,,,,,,,,,,,,,,,,,,,,,,,,,,,,,,,,,,,,,,,,,,,,,,,,,,,,,,,,,,,,,,,,,,,,,,,
2019-04-30,995.9,997.7,2019-04-30T00:01:00,993.3,2019-04-30T14:45:00,28.8,35.7,2019-04-30T12:41:00,24.1,2019-04-30T05:51:00,73,35,2019-04-30T11:52:00,1.5,106,6.5,241,2019-04-30T13:43:00,0.0,,,,,,,,,,,,,,,,0.0,2019-04-30T01:00:00,,,0,,100,2019-04-30T03:23:00,,,,,,,,,,,,,,,,,,,,,,,,,,,,,,,,,,,,,,,,,,,,,,,,,,,,,,,,,,,,,,,,,,,,,,,,,,
2019-05-01,995.9,997.8,2019-05-01T22:53:00,994.0,2019-05-01T16:07:00,24.6,28.6,2019-05-01T09:32:00,22.0,2019-05-01T03:11:00,99,99,2019-05-01T02:11:00,0.9,104,6.4,74,2019-05-01T03:29:00,32.0,,,,,,,,,,,,,,,,10.0,2019-05-01T18:00:00,,,0,,100,2019-05-01T01:42:00,,,,,,,,,,,,,,,,,,,,,,,,,,,,,,,,,,,,,,,,,,,,,,,,,,,,,,,,,,,,,,,,,,,,,,,,,,
2019-05-02,998.1,1000.5,2019-05-02T21:21:00,996.0,2019-05-02T03:11:00,23.3,28.2,2019-05-02T12:11:00,20.8,2019-05-02T20:52:00,99,99,2019-05-02T00:01:00,0.7,251,6.1,131,2019-05-02T15:51:00,9.5,,,,,,,,,,,,,,,,4.0,2019-05-02T14:00:00,,,0,,99,2019-05-02T11:51:00,,,,,,,,,,,,,,,,,,,,,,,,,,,,,,,,,,,,,,,,,,,,,,,,,,,,,,,,,,,,,,,,,,,,,,,,,,
2019-05-03,999.8,1001.3,2019-05-03T21:31:00,997.6,2019-05-03T04:16:00,23.3,27.0,2019-05-03T11:13:00,21.0,2019-05-03T00:01:00,99,98,2019-05-03T14:42:00,0.8,103,4.9,60,2019-05-03T19:24:00,1.0,,,,,,,,,,,,,,,,0.5,2019-05-03T07:00:00,,,0,,100,2019-05-03T13:16:00,,,,,,,,,,,,,,,,,,,,,,,,,,,,,,,,,,,,,,,,,,,,,,,,,,,,,,,,,,,,,,,,,,,,,,,,,,
2019-05-04,1000.2,1001.7,2019-05-04T09:31:00,998.8,2019-05-04T15:02:00,22.5,26.8,2019-05-04T12:51:00,21.0,2019-05-04T03:14:00,99,99,2019-05-04T01:01:00,0.5,26,4.3,111,2019-05-04T11:31:00,7.5,,,,,,,,,,,,,,,,3.5,2019-05-04T03:00:00,,,0,,99,2019-05-04T12:44:00,,,,,,,,,,,,,,,,,,,,,,,,,,,,,,,,,,,,,,,,,,,,,,,,,,,,,,,,,,,,,,,,,,,,,,,,,,
2019-05-05,997.6,1000.5,2019-05-05T00:01:00,994.6,2019-05-05T14:47:00,24.1,29.7,2019-05-05T10:51:00,20.8,2019-05-05T03:21:00,91,55,2019-05-05T10:41:00,0.8,104,5.6,110,2019-05-05T01:25:00,3.5,,,,,,,,,,,,,,,,1.0,2019-05-05T18:00:00,,,0,,100,2019-05-05T08:13:00,,,,,,,,,,,,,,,,,,,,,,,,,,,,,,,,,,,,,,,,,,,,,,,,,,,,,,,,,,,,,,,,,,,,,,,,,,
2019-05-06,995.4,997.1,2019-05-06T00:01:00,994.0,2019-05-06T16:32:00,22.5,24.2,2019-05-06T09:01:00,21.1,2019-05-06T22:02:00,99,99,2019-05-06T03:13:00,0.5,20,3.9,41,2019-05-06T07:47:00,42.0,,,,,,,,,,,,,,,,8.0,2019-05-06T20:00:00,,,0,,99,2019-05-06T07:45:00,,,,,,,,,,,,,,,,,,,,,,,,,,,,,,,,,,,,,,,,,,,,,,,,,,,,,,,,,,,,,,,,,,,,,,,,,,
2019-05-07,995.9,998.3,2019-05-07T22:41:00,994.0,2019-05-07T02:16:00,22.8,27.5,2019-05-07T10:41:00,20.8,2019-05-07T23:21:00,98,79,2019-05-07T10:54:00,0.7,105,4.6,100,2019-05-07T06:31:00,15.0,,,,,,,,,,,,,,,,3.5,2019-05-07T15:00:00,,,0,,100,2019-05-07T10:22:00,,,,,,,,,,,,,,,,,,,,,,,,,,,,,,,,,,,,,,,,,,,,,,,,,,,,,,,,,,,,,,,,,,,,,,,,,,
2019-05-08,995.8,997.5,2019-05-08T00:01:00,994.0,2019-05-08T14:23:00,24.2,30.2,2019-05-08T13:04:00,20.8,2019-05-08T01:38:00,94,61,2019-05-08T12:52:00,1.1,66,5.6,101,2019-05-08T02:34:00,1.0,,,,,,,,,,,,,,,,0.5,2019-05-08T02:00:00,,,0,,100,2019-05-08T11:15:00,,,,,,,,,,,,,,,,,,,,,,,,,,,,,,,,,,,,,,,,,,,,,,,,,,,,,,,,,,,,,,,,,,,,,,,,,,
2019-05-09,994.8,996.3,2019-05-09T00:01:00,992.5,2019-05-09T15:53:00,25.4,32.3,2019-05-09T13:45:00,22.1,2019-05-09T05:14:00,91,54,2019-05-09T13:45:00,0.9,285,5.0,94,2019-05-09T03:50:00,4.0,,,,,,,,,,,,,,,,2.0,2019-05-09T18:00:00,,,0,,100,2019-05-09T09:21:00,,,,,,,,,,,,,,,,,,,,,,,,,,,,,,,,,,,,,,,,,,,,,,,,,,,,,,,,,,,,,,,,,,,,,,,,,,
2019-05-10,995.8,997.5,2019-05-10T22:53:00,994.3,2019-05-10T01:57:00,25.7,30.3,2019-05-10T12:53:00,23.7,2019-05-10T03:18:00,99,99,2019-05-10T00:01:00,0.9,50,4.1,292,2019-05-10T14:55:00,1.0,,,,,,,,,,,,,,,,1.0,2019-05-10T08:00:00,,,0,,99,2019-05-10T12:14:00,,,,,,,,,,,,,,,,,,,,,,,,,,,,,,,,,,,,,,,,,,,,,,,,,,,,,,,,,,,,,,,,,,,,,,,,,,
2019-05-11,997.5,999.5,2019-05-11T08:01:00,995.3,2019-05-11T15:22:00,27.3,34.0,2019-05-11T12:23:00,23.0,2019-05-11T05:13:00,86,47,2019-05-11T12:51:00,1.1,103,6.8,220,2019-05-11T16:16:00,0.0,,,,,,,,,,,,,,,,0.0,2019-05-11T01:00:00,,,0,,100,2019-05-11T09:12:00,,,,,,,,,,,,,,,,,,,,,,,,,,,,,,,,,,,,,,,,,,,,,,,,,,,,,,,,,,,,,,,,,,,,,,,,,,
2019-05-12,997.9,999.5,2019-05-12T21:02:00,996.0,2019-05-12T14:47:00,27.5,34.0,2019-05-12T14:11:00,24.0,2019-05-12T05:54:00,87,56,2019-05-12T12:51:00,1.0,81,5.0,211,2019-05-12T15:50:00,0.0,,,,,,,,,,,,,,,,0.0,2019-05-12T01:00:00,,,0,,100,2019-05-12T08:04:00,,,,,,,,,,,,,,,,,,,,,,,,,,,,,,,,,,,,,,,,,,,,,,,,,,,,,,,,,,,,,,,,,,,,,,,,,,
2019-05-13,997.3,999.0,2019-05-13T08:31:00,995.5,2019-05-13T15:33:00,28.8,35.3,2019-05-13T12:31:00,24.3,2019-05-13T01:02:00,80,45,2019-05-13T12:32:00,1.2,99,5.4,64,2019-05-13T04:02:00,0.0,,,,,,,,,,,,,,,,0.0,2019-05-13T01:00:00,,,0,,100,2019-05-13T07:31:00,,,,,,,,,,,,,,,,,,,,,,,,,,,,,,,,,,,,,,,,,,,,,,,,,,,,,,,,,,,,,,,,,,,,,,,,,,
2019-05-14,996.9,998.5,2019-05-14T22:12:00,994.6,2019-05-14T15:21:00,29.2,36.3,2019-05-14T15:13:00,24.0,2019-05-14T04:31:00,78,44,2019-05-14T15:13:00,1.1,96,5.6,283,2019-05-14T16:36:00,0.0,,,,,,,,,,,,,,,,0.0,2019-05-14T01:00:00,,,0,,100,2019-05-14T07:24:00,,,,,,,,,,,,,,,,,,,,,,,,,,,,,,,,,,,,,,,,,,,,,,,,,,,,,,,,,,,,,,,,,,,,,,,,,,
2019-05-15,997.2,998.6,2019-05-15T09:03:00,995.5,2019-05-15T16:05:00,27.5,32.1,2019-05-15T15:53:00,24.8,2019-05-15T04:52:00,93,62,2019-05-15T16:22:00,0.9,30,4.6,298,2019-05-15T15:22:00,11.0,,,,,,,,,,,,,,,,6.0,2019-05-15T13:00:00,,,0,,100,2019-05-15T07:41:00,,,,,,,,,,,,,,,,,,,,,,,,,,,,,,,,,,,,,,,,,,,,,,,,,,,,,,,,,,,,,,,,,,,,,,,,,,
2019-05-16,995.7,997.3,2019-05-16T08:43:00,993.5,2019-05-16T16:34:00,27.8,33.7,2019-05-16T13:04:00,24.7,2019-05-16T02:04:00,89,51,2019-05-16T13:11:00,1.1,103,5.2,306,2019-05-16T11:07:00,1.0,,,,,,,,,,,,,,,,1.0,2019-05-16T14:00:00,,,0,,100,2019-05-16T07:45:00,,,,,,,,,,,,,,,,,,,,,,,,,,,,,,,,,,,,,,,,,,,,,,,,,,,,,,,,,,,,,,,,,,,,,,,,,,
2019-05-17,994.5,996.1,2019-05-17T08:41:00,992.5,2019-05-17T16:01:00,27.6,32.5,2019-05-17T09:37:00,25.2,2019-05-17T01:34:00,93,61,2019-05-17T09:37:00,1.2,67,5.2,279,2019-05-17T14:13:00,0.5,,,,,,,,,,,,,,,,0.5,2019-05-17T11:00:00,,,0,,100,2019-05-17T09:14:00,,,,,,,,,,,,,,,,,,,,,,,,,,,,,,,,,,,,,,,,,,,,,,,,,,,,,,,,,,,,,,,,,,,,,,,,,,
2019-05-18,994.4,996.5,2019-05-18T22:34:00,992.8,2019-05-18T03:24:00,26.8,31.6,2019-05-18T13:31:00,24.2,2019-05-18T04:21:00,99,99,2019-05-18T20:45:00,1.0,97,5.2,243,2019-05-18T14:57:00,16.0,,,,,,,,,,,,,,,,3.5,2019-05-18T21:00:00,,,0,,99,2019-05-18T13:31:00,,,,,,,,,,,,,,,,,,,,,,,,,,,,,,,,,,,,,,,,,,,,,,,,,,,,,,,,,,,,,,,,,,,,,,,,,,
2019-05-19,996.0,997.5,2019-05-19T22:23:00,994.5,2019-05-19T03:03:00,27.9,33.1,2019-05-19T09:31:00,25.0,2019-05-19T02:38:00,95,67,2019-05-19T10:17:00,1.2,102,4.5,120,2019-05-19T22:12:00,5.0,,,,,,,,,,,,,,,,3.0,2019-05-19T14:00:00,,,0,,100,2019-05-19T09:31:00,,,,,,,,,,,,,,,,,,,,,,,,,,,,,,,,,,,,,,,,,,,,,,,,,,,,,,,,,,,,,,,,,,,,,,,,,,
2019-05-20,995.6,997.0,2019-05-20T22:41:00,994.3,2019-05-20T03:58:00,25.5,32.5,2019-05-20T10:01:00,22.2,2019-05-20T16:33:00,99,76,2019-05-20T10:05:00,1.5,105,13.1,336,2019-05-20T15:58:00,61.5,,,,,,,,,,,,,,,,31.5,2019-05-20T17:00:00,,,0,,100,2019-05-20T09:43:00,,,,,,,,,,,,,,,,,,,,,,,,,,,,,,,,,,,,,,,,,,,,,,,,,,,,,,,,,,,,,,,,,,,,,,,,,,
2019-05-21,996.7,999.0,2019-05-21T22:01:00,995.5,2019-05-21T03:01:00,24.3,27.0,2019-05-21T09:02:00,23.5,2019-05-21T00:38:00,99,99,2019-05-21T00:01:00,0.5,223,4.2,198,2019-05-21T11:38:00,14.5,,,,,,,,,,,,,,,,6.0,2019-05-21T13:00:00,,,0,,99,2019-05-21T09:01:00,,,,,,,,,,,,,,,,,,,,,,,,,,,,,,,,,,,,,,,,,,,,,,,,,,,,,,,,,,,,,,,,,,,,,,,,,,
2019-05-22,997.2,998.6,2019-05-22T22:01:00,995.5,2019-05-22T14:41:00,25.7,30.5,2019-05-22T13:11:00,23.0,2019-05-22T03:54:00,91,58,2019-05-22T14:03:00,0.8,202,4.6,255,2019-05-22T15:29:00,0.0,,,,,,,,,,,,,,,,0.0,2019-05-22T01:00:00,,,0,,100,2019-05-22T16:02:00,,,,,,,,,,,,,,,,,,,,,,,,,,,,,,,,,,,,,,,,,,,,,,,,,,,,,,,,,,,,,,,,,,,,,,,,,,
2019-05-23,998.0,999.5,2019-05-23T21:41:00,996.5,2019-05-23T16:09:00,25.4,30.6,2019-05-23T10:51:00,22.6,2019-05-23T20:05:00,95,66,2019-05-23T10:56:00,1.0,105,5.9,90,2019-05-23T19:43:00,35.0,,,,,,,,,,,,,,,,26.0,2019-05-23T20:00:00,,,0,,100,2019-05-23T10:33:00,,,,,,,,,,,,,,,,,,,,,,,,,,,,,,,,,,,,,,,,,,,,,,,,,,,,,,,,,,,,,,,,,,,,,,,,,,
2019-05-24,998.9,1000.0,2019-05-24T08:42:00,997.5,2019-05-24T02:52:00,24.6,31.2,2019-05-24T11:03:00,22.6,2019-05-24T18:55:00,97,67,2019-05-24T10:24:00,1.2,88,5.2,69,2019-05-24T14:50:00,29.0,,,,,,,,,,,,,,,,9.0,2019-05-24T17:00:00,,,0,,100,2019-05-24T10:08:00,,,,,,,,,,,,,,,,,,,,,,,,,,,,,,,,,,,,,,,,,,,,,,,,,,,,,,,,,,,,,,,,,,,,,,,,,,
2019-05-25,997.9,999.2,2019-05-25T09:11:00,996.2,2019-05-25T15:41:00,26.4,33.3,2019-05-25T13:22:00,22.5,2019-05-25T04:22:00,90,50,2019-05-25T11:31:00,1.0,106,5.2,201,2019-05-25T13:32:00,2.0,,,,,,,,,,,,,,,,2.0,2019-05-25T15:00:00,,,0,,100,2019-05-25T08:02:00,,,,,,,,,,,,,,,,,,,,,,,,,,,,,,,,,,,,,,,,,,,,,,,,,,,,,,,,,,,,,,,,,,,,,,,,,,
2019-05-26,996.8,998.5,2019-05-26T09:41:00,994.8,2019-05-26T15:44:00,27.8,35.0,2019-05-26T15:23:00,23.3,2019-05-26T02:56:00,81,44,2019-05-26T15:23:00,1.1,95,5.3,122,2019-05-26T06:42:00,0.0,,,,,,,,,,,,,,,,0.0,2019-05-26T01:00:00,,,0,,100,2019-05-26T09:31:00,,,,,,,,,,,,,,,,,,,,,,,,,,,,,,,,,,,,,,,,,,,,,,,,,,,,,,,,,,,,,,,,,,,,,,,,,,
2019-05-27,996.8,998.0,2019-05-27T22:21:00,995.1,2019-05-27T16:35:00,26.7,31.0,2019-05-27T09:33:00,24.8,2019-05-27T04:11:00,97,67,2019-05-27T09:33:00,1.0,66,6.6,280,2019-05-27T10:33:00,1.0,,,,,,,,,,,,,,,,0.5,2019-05-27T11:00:00,,,0,,100,2019-05-27T08:01:00,,,,,,,,,,,,,,,,,,,,,,,,,,,,,,,,,,,,,,,,,,,,,,,,,,,,,,,,,,,,,,,,,,,,,,,,,,
2019-05-28,996.6,998.1,2019-05-28T22:21:00,994.7,2019-05-28T16:31:00,27.8,34.1,2019-05-28T11:41:00,24.6,2019-05-28T03:42:00,91,54,2019-05-28T11:44:00,1.1,104,5.2,284,2019-05-28T12:04:00,0.0,,,,,,,,,,,,,,,,0.0,2019-05-28T01:00:00,,,0,,100,2019-05-28T08:17:00,,,,,,,,,,,,,,,,,,,,,,,,,,,,,,,,,,,,,,,,,,,,,,,,,,,,,,,,,,,,,,,,,,,,,,,,,,
2019-05-29,996.8,998.5,2019-05-29T22:49:00,995.3,2019-05-29T02:51:00,25.7,32.3,2019-05-29T10:33:00,23.1,2019-05-29T13:37:00,97,72,2019-05-29T10:39:00,1.1,99,6.2,261,2019-05-29T12:46:00,123.0,,,,,,,,,,,,,,,,67.5,2019-05-29T14:00:00,,,0,,100,2019-05-29T10:23:00,,,,,,,,,,,,,,,,,,,,,,,,,,,,,,,,,,,,,,,,,,,,,,,,,,,,,,,,,,,,,,,,,,,,,,,,,,
2019-05-30,997.1,998.3,2019-05-30T09:36:00,995.2,2019-05-30T15:41:00,26.9,33.3,2019-05-30T12:17:00,23.5,2019-05-30T04:43:00,94,54,2019-05-30T12:17:00,1.0,102,4.5,190,2019-05-30T14:06:00,1.5,,,,,,,,,,,,,,,,1.0,2019-05-30T17:00:00,,,0,,100,2019-05-30T09:36:00,,,,,,,,,,,,,,,,,,,,,,,,,,,,,,,,,,,,,,,,,,,,,,,,,,,,,,,,,,,,,,,,,,,,,,,,,,
2019-05-31,996.5,997.8,2019-05-31T00:01:00,995.0,2019-05-31T16:38:00,26.3,33.7,2019-05-31T11:33:00,23.6,2019-05-31T17:28:00,92,55,2019-05-31T11:33:00,1.4,108,7.3,75,2019-05-31T15:22:00,38.5,,,,,,,,,,,,,,,,24.5,2019-05-31T18:00:00,,,0,,100,2019-05-31T14:11:00,,,,,,,,,,,,,,,,,,,,,,,,,,,,,,,,,,,,,,,,,,,,,,,,,,,,,,,,,,,,,,,,,,,,,,,,,,
2019-06-01,996.0,997.6,2019-06-01T21:21:00,993.8,2019-06-01T15:11:00,28.0,34.8,2019-06-01T14:32:00,24.2,2019-06-01T04:15:00,87,51,2019-06-01T14:36:00,1.3,107,6.7,220,2019-06-01T15:39:00,0.0,,,,,,,,,,,,,,,,0.0,2019-06-01T01:00:00,,,0,,100,2019-06-01T18:14:00,,,,,,,,,,,,,,,,,,,,,,,,,,,,,,,,,,,,,,,,,,,,,,,,,,,,,,,,,,,,,,,,,,,,,,,,,,
2019-06-02,995.8,997.5,2019-06-02T22:21:00,994.0,2019-06-02T16:04:00,28.8,35.5,2019-06-02T14:31:00,25.3,2019-06-02T04:52:00,83,46,2019-06-02T14:51:00,1.4,81,5.7,285,2019-06-02T15:36:00,0.0,,,,,,,,,,,,,,,,0.0,2019-06-02T01:00:00,,,0,,99,2019-06-02T09:01:00,,,,,,,,,,,,,,,,,,,,,,,,,,,,,,,,,,,,,,,,,,,,,,,,,,,,,,,,,,,,,,,,,,,,,,,,,,
2019-06-03,996.1,997.5,2019-06-03T22:03:00,994.7,2019-06-03T17:06:00,29.5,36.2,2019-06-03T14:31:00,25.3,2019-06-03T03:42:00,71,39,2019-06-03T14:14:00,1.4,102,6.5,64,2019-06-03T04:15:00,0.0,,,,,,,,,,,,,,,,0.0,2019-06-03T01:00:00,,,0,,99,2019-06-03T00:11:00,,,,,,,,,,,,,,,,,,,,,,,,,,,,,,,,,,,,,,,,,,,,,,,,,,,,,,,,,,,,,,,,,,,,,,,,,,
2019-06-04,997.2,999.1,2019-06-04T10:41:00,995.8,2019-06-04T02:33:00,26.2,29.5,2019-06-04T08:45:00,24.5,2019-06-04T12:03:00,88,62,2019-06-04T08:48:00,1.8,107,7.2,108,2019-06-04T12:36:00,4.5,,,,,,,,,,,,,,,,1.5,2019-06-04T13:00:00,,,0,,100,2019-06-04T09:26:00,,,,,,,,,,,,,,,,,,,,,,,,,,,,,,,,,,,,,,,,,,,,,,,,,,,,,,,,,,,,,,,,,,,,,,,,,,
2019-06-05,998.1,1000.0,2019-06-05T21:53:00,996.5,2019-06-05T01:22:00,28.3,35.0,2019-06-05T14:04:00,24.6,2019-06-05T04:55:00,87,52,2019-06-05T14:11:00,1.3,107,6.6,36,2019-06-05T16:16:00,0.5,,,,,,,,,,,,,,,,0.5,2019-06-05T17:00:00,,,0,,100,2019-06-05T07:14:00,,,,,,,,,,,,,,,,,,,,,,,,,,,,,,,,,,,,,,,,,,,,,,,,,,,,,,,,,,,,,,,,,,,,,,,,,,
2019-06-06,998.6,999.7,2019-06-06T21:31:00,997.1,2019-06-06T03:21:00,30.3,37.1,2019-06-06T15:51:00,25.0,2019-06-06T05:35:00,77,47,2019-06-06T15:52:00,1.3,8,6.0,101,2019-06-06T03:52:00,0.0,,,,,,,,,,,,,,,,0.0,2019-06-06T01:00:00,,,0,,100,2019-06-06T07:02:00,,,,,,,,,,,,,,,,,,,,,,,,,,,,,,,,,,,,,,,,,,,,,,,,,,,,,,,,,,,,,,,,,,,,,,,,,,
2019-06-07,998.4,999.8,2019-06-07T07:34:00,996.3,2019-06-07T16:11:00,30.4,37.1,2019-06-07T14:21:00,25.3,2019-06-07T05:11:00,79,49,2019-06-07T14:11:00,1.3,103,5.6,118,2019-06-07T06:29:00,0.0,,,,,,,,,,,,,,,,0.0,2019-06-07T01:00:00,,,0,,100,2019-06-07T06:34:00,,,,,,,,,,,,,,,,,,,,,,,,,,,,,,,,,,,,,,,,,,,,,,,,,,,,,,,,,,,,,,,,,,,,,,,,,,
2019-06-08,996.5,998.0,2019-06-08T00:01:00,995.0,2019-06-08T17:31:00,29.9,39.8,2019-06-08T07:43:00,25.6,2019-06-08T04:14:00,77,39,2019-06-08T12:09:00,1.4,104,6.2,90,2019-06-08T05:02:00,0.0,,,,,,,,,,,,,,,,0.0,2019-06-08T01:00:00,,,0,,100,2019-06-08T06:44:00,,,,,,,,,,,,,,,,,,,,,,,,,,,,,,,,,,,,,,,,,,,,,,,,,,,,,,,,,,,,,,,,,,,,,,,,,,
2019-06-09,994.8,996.5,2019-06-09T06:41:00,993.3,2019-06-09T17:22:00,28.7,34.3,2019-06-09T10:27:00,24.6,2019-06-09T04:41:00,77,44,2019-06-09T10:55:00,1.3,97,6.0,107,2019-06-09T06:13:00,0.5,,,,,,,,,,,,,,,,0.5,2019-06-09T17:00:00,,,0,,100,2019-06-09T17:23:00,,,,,,,,,,,,,,,,,,,,,,,,,,,,,,,,,,,,,,,,,,,,,,,,,,,,,,,,,,,,,,,,,,,,,,,,,,
2019-06-10,993.3,994.5,2019-06-10T22:12:00,991.6,2019-06-10T14:12:00,27.4,35.3,2019-06-10T12:23:00,23.5,2019-06-10T17:27:00,89,43,2019-06-10T10:31:00,1.5,105,7.6,246,2019-06-10T15:10:00,30.0,,,,,,,,,,,,,,,,11.0,2019-06-10T16:00:00,,,0,,100,2019-06-10T09:32:00,,,,,,,,,,,,,,,,,,,,,,,,,,,,,,,,,,,,,,,,,,,,,,,,,,,,,,,,,,,,,,,,,,,,,,,,,,
2019-06-11,993.2,994.7,2019-06-11T10:56:00,991.6,2019-06-11T03:19:00,25.4,28.3,2019-06-11T15:34:00,24.0,2019-06-11T11:27:00,99,99,2019-06-11T00:01:00,1.4,106,8.0,50,2019-06-11T10:36:00,79.0,,,,,,,,,,,,,,,,33.0,2019-06-11T11:00:00,,,0,,99,2019-06-11T22:33:00,,,,,,,,,,,,,,,,,,,,,,,,,,,,,,,,,,,,,,,,,,,,,,,,,,,,,,,,,,,,,,,,,,,,,,,,,,
2019-06-12,994.0,996.0,2019-06-12T09:17:00,992.5,2019-06-12T01:31:00,26.2,29.3,2019-06-12T12:31:00,24.0,2019-06-12T04:15:00,99,99,2019-06-12T03:22:00,1.2,97,5.5,87,2019-06-12T09:10:00,21.0,,,,,,,,,,,,,,,,7.0,2019-06-12T05:00:00,,,0,,99,2019-06-12T12:41:00,,,,,,,,,,,,,,,,,,,,,,,,,,,,,,,,,,,,,,,,,,,,,,,,,,,,,,,,,,,,,,,,,,,,,,,,,,
2019-06-13,991.9,993.8,2019-06-13T00:01:00,990.0,2019-06-13T15:44:00,27.4,34.1,2019-06-13T12:38:00,24.5,2019-06-13T22:21:00,99,69,2019-06-13T10:20:00,1.0,100,8.8,217,2019-06-13T13:32:00,31.5,,,,,,,,,,,,,,,,11.5,2019-06-13T22:00:00,,,0,,100,2019-06-13T09:01:00,,,,,,,,,,,,,,,,,,,,,,,,,,,,,,,,,,,,,,,,,,,,,,,,,,,,,,,,,,,,,,,,,,,,,,,,,,
2019-06-14,989.6,991.6,2019-06-14T00:03:00,987.5,2019-06-14T15:23:00,26.5,31.8,2019-06-14T13:51:00,24.5,2019-06-14T05:26:00,99,99,2019-06-14T11:31:00,0.9,64,5.1,304,2019-06-14T04:05:00,87.5,,,,,,,,,,,,,,,,24.5,2019-06-14T11:00:00,,,0,,99,2019-06-14T13:31:00,,,,,,,,,,,,,,,,,,,,,,,,,,,,,,,,,,,,,,,,,,,,,,,,,,,,,,,,,,,,,,,,,,,,,,,,,,
2019-06-15,992.1,994.6,2019-06-15T22:32:00,990.1,2019-06-15T02:21:00,28.2,34.0,2019-06-15T12:55:00,24.7,2019-06-15T03:56:00,88,57,2019-06-15T12:44:00,1.2,55,5.9,239,2019-06-15T14:29:00,0.0,,,,,,,,,,,,,,,,0.0,2019-06-15T01:00:00,,,0,,100,2019-06-15T08:22:00,,,,,,,,,,,,,,,,,,,,,,,,,,,,,,,,,,,,,,,,,,,,,,,,,,,,,,,,,,,,,,,,,,,,,,,,,,
2019-06-16,994.7,997.2,2019-06-16T21:52:00,993.0,2019-06-16T02:01:00,27.5,33.0,2019-06-16T14:15:00,24.5,2019-06-16T05:15:00,94,57,2019-06-16T10:04:00,1.2,101,5.4,238,2019-06-16T11:16:00,4.5,,,,,,,,,,,,,,,,3.5,2019-06-16T16:00:00,,,0,,100,2019-06-16T13:31:00,,,,,,,,,,,,,,,,,,,,,,,,,,,,,,,,,,,,,,,,,,,,,,,,,,,,,,,,,,,,,,,,,,,,,,,,,,
2019-06-17,997.0,999.5,2019-06-17T22:31:00,995.5,2019-06-17T02:11:00,29.7,37.0,2019-06-17T13:33:00,25.5,2019-06-17T03:46:00,85,48,2019-06-17T15:21:00,1.4,110,7.1,256,2019-06-17T13:19:00,0.0,,,,,,,,,,,,,,,,0.0,2019-06-17T01:00:00,,,0,,100,2019-06-17T19:03:00,,,,,,,,,,,,,,,,,,,,,,,,,,,,,,,,,,,,,,,,,,,,,,,,,,,,,,,,,,,,,,,,,,,,,,,,,,
2019-06-18,997.5,998.6,2019-06-18T00:01:00,996.2,2019-06-18T15:34:00,29.9,37.1,2019-06-18T14:14:00,26.0,2019-06-18T04:33:00,83,43,2019-06-18T14:22:00,1.4,109,5.9,115,2019-06-18T05:17:00,0.0,,,,,,,,,,,,,,,,0.0,2019-06-18T01:00:00,,,0,,100,2019-06-18T07:21:00,,,,,,,,,,,,,,,,,,,,,,,,,,,,,,,,,,,,,,,,,,,,,,,,,,,,,,,,,,,,,,,,,,,,,,,,,,
2019-06-19,996.2,997.6,2019-06-19T07:12:00,994.2,2019-06-19T16:46:00,30.4,37.0,2019-06-19T12:44:00,25.5,2019-06-19T05:15:00,78,43,2019-06-19T12:44:00,1.3,107,6.9,125,2019-06-19T05:40:00,0.0,,,,,,,,,,,,,,,,0.0,2019-06-19T01:00:00,,,0,,100,2019-06-19T07:12:00,,,,,,,,,,,,,,,,,,,,,,,,,,,,,,,,,,,,,,,,,,,,,,,,,,,,,,,,,,,,,,,,,,,,,,,,,,
2019-06-20,995.0,996.2,2019-06-20T08:46:00,993.5,2019-06-20T14:51:00,29.9,35.7,2019-06-20T11:41:00,25.3,2019-06-20T04:13:00,79,45,2019-06-20T12:31:00,1.3,22,6.3,272,2019-06-20T14:09:00,0.0,,,,,,,,,,,,,,,,0.0,2019-06-20T01:00:00,,,0,,100,2019-06-20T06:44:00,,,,,,,,,,,,,,,,,,,,,,,,,,,,,,,,,,,,,,,,,,,,,,,,,,,,,,,,,,,,,,,,,,,,,,,,,,
2019-06-21,994.4,995.7,2019-06-21T07:23:00,993.0,2019-06-21T15:35:00,30.0,35.5,2019-06-21T15:21:00,25.2,2019-06-21T04:31:00,77,44,2019-06-21T15:26:00,1.3,85,5.5,259,2019-06-21T15:04:00,0.0,,,,,,,,,,,,,,,,0.0,2019-06-21T01:00:00,,,0,,100,2019-06-21T07:04:00,,,,,,,,,,,,,,,,,,,,,,,,,,,,,,,,,,,,,,,,,,,,,,,,,,,,,,,,,,,,,,,,,,,,,,,,,,
2019-06-22,993.4,994.6,2019-06-22T00:01:00,991.5,2019-06-22T15:34:00,29.9,35.6,2019-06-22T13:41:00,25.8,2019-06-22T05:01:00,78,43,2019-06-22T14:02:00,1.4,108,6.9,140,2019-06-22T05:55:00,0.0,,,,,,,,,,,,,,,,0.0,2019-06-22T01:00:00,,,0,,100,2019-06-22T00:26:00,,,,,,,,,,,,,,,,,,,,,,,,,,,,,,,,,,,,,,,,,,,,,,,,,,,,,,,,,,,,,,,,,,,,,,,,,,
2019-06-23,994.0,995.7,2019-06-23T11:59:00,992.1,2019-06-23T02:34:00,27.4,32.2,2019-06-23T11:11:00,24.5,2019-06-23T12:05:00,99,67,2019-06-23T11:31:00,1.3,101,7.2,322,2019-06-23T11:50:00,5.5,,,,,,,,,,,,,,,,4.0,2019-06-23T12:00:00,,,0,,100,2019-06-23T11:04:00,,,,,,,,,,,,,,,,,,,,,,,,,,,,,,,,,,,,,,,,,,,,,,,,,,,,,,,,,,,,,,,,,,,,,,,,,,
2019-06-24,995.5,997.5,2019-06-24T22:32:00,994.0,2019-06-24T04:17:00,27.5,32.7,2019-06-24T14:31:00,24.8,2019-06-24T17:06:00,96,69,2019-06-24T14:31:00,1.4,109,6.7,108,2019-06-24T02:22:00,12.0,,,,,,,,,,,,,,,,9.5,2019-06-24T17:00:00,,,0,,100,2019-06-24T12:42:00,,,,,,,,,,,,,,,,,,,,,,,,,,,,,,,,,,,,,,,,,,,,,,,,,,,,,,,,,,,,,,,,,,,,,,,,,,
2019-06-25,995.7,998.7,2019-06-25T11:12:00,993.8,2019-06-25T13:35:00,26.7,30.0,2019-06-25T15:15:00,24.0,2019-06-25T11:13:00,97,77,2019-06-25T22:35:00,1.5,109,9.3,62,2019-06-25T13:08:00,5.0,,,,,,,,,,,,,,,,4.0,2019-06-25T12:00:00,,,0,,100,2019-06-25T18:23:00,,,,,,,,,,,,,,,,,,,,,,,,,,,,,,,,,,,,,,,,,,,,,,,,,,,,,,,,,,,,,,,,,,,,,,,,,,
2019-06-26,992.9,995.0,2019-06-26T00:01:00,990.8,2019-06-26T17:41:00,26.5,33.7,2019-06-26T12:26:00,24.6,2019-06-26T00:01:00,95,59,2019-06-26T12:29:00,1.3,105,6.6,124,2019-06-26T05:11:00,0.5,,,,,,,,,,,,,,,,0.5,2019-06-26T16:00:00,,,0,,100,2019-06-26T01:02:00,,,,,,,,,,,,,,,,,,,,,,,,,,,,,,,,,,,,,,,,,,,,,,,,,,,,,,,,,,,,,,,,,,,,,,,,,,
2019-06-27,991.1,992.5,2019-06-27T07:41:00,989.6,2019-06-27T14:51:00,27.2,31.6,2019-06-27T15:54:00,24.8,2019-06-27T01:24:00,99,10,2019-06-27T11:04:00,0.9,11,5.7,119,2019-06-27T05:01:00,1.0,,,,,,,,,,,,,,,,0.5,2019-06-27T13:00:00,,,0,,100,2019-06-27T11:01:00,,,,,,,,,,,,,,,,,,,,,,,,,,,,,,,,,,,,,,,,,,,,,,,,,,,,,,,,,,,,,,,,,,,,,,,,,,
2019-06-28,991.3,992.5,2019-06-28T22:32:00,989.8,2019-06-28T15:25:00,28.9,36.6,2019-06-28T12:33:00,25.0,2019-06-28T00:13:00,93,56,2019-06-28T12:14:00,1.1,107,6.2,240,2019-06-28T12:14:00,9.5,,,,,,,,,,,,,,,,9.5,2019-06-28T14:00:00,,,0,,100,2019-06-28T07:51:00,,,,,,,,,,,,,,,,,,,,,,,,,,,,,,,,,,,,,,,,,,,,,,,,,,,,,,,,,,,,,,,,,,,,,,,,,,
2019-06-29,991.1,992.5,2019-06-29T22:25:00,989.6,2019-06-29T04:02:00,27.8,32.5,2019-06-29T09:43:00,25.5,2019-06-29T04:53:00,99,98,2019-06-29T09:43:00,1.1,110,5.6,241,2019-06-29T10:01:00,1.5,,,,,,,,,,,,,,,,1.0,2019-06-29T11:00:00,,,0,,100,2019-06-29T09:43:00,,,,,,,,,,,,,,,,,,,,,,,,,,,,,,,,,,,,,,,,,,,,,,,,,,,,,,,,,,,,,,,,,,,,,,,,,,
2019-06-30,990.9,992.8,2019-06-30T21:50:00,989.5,2019-06-30T03:53:00,28.5,34.8,2019-06-30T10:41:00,24.7,2019-06-30T05:03:00,94,58,2019-06-30T09:22:00,1.2,77,6.3,209,2019-06-30T12:14:00,1.0,,,,,,,,,,,,,,,,0.5,2019-06-30T14:00:00,,,0,,100,2019-06-30T08:04:00,,,,,,,,,,,,,,,,,,,,,,,,,,,,,,,,,,,,,,,,,,,,,,,,,,,,,,,,,,,,,,,,,,,,,,,,,,
2019-07-01,989.6,992.0,2019-07-01T00:01:00,987.3,2019-07-01T16:12:00,29.8,35.8,2019-07-01T10:34:00,25.7,2019-07-01T04:51:00,88,52,2019-07-01T11:46:00,0.9,208,7.1,242,2019-07-01T16:43:00,0.0,,,,,,,,,,,,,,,,0.0,2019-07-01T01:00:00,,,0,,100,2019-07-01T07:41:00,,,,,,,,,,,,,,,,,,,,,,,,,,,,,,,,,,,,,,,,,,,,,,,,,,,,,,,,,,,,,,,,,,,,,,,,,,
2019-07-02,992.4,996.6,2019-07-02T22:47:00,989.1,2019-07-02T01:01:00,26.5,31.2,2019-07-02T12:22:00,24.2,2019-07-02T22:49:00,99,99,2019-07-02T12:21:00,1.0,176,8.2,205,2019-07-02T22:39:00,84.5,,,,,,,,,,,,,,,,13.0,2019-07-02T19:00:00,,,0,,100,2019-07-02T12:17:00,,,,,,,,,,,,,,,,,,,,,,,,,,,,,,,,,,,,,,,,,,,,,,,,,,,,,,,,,,,,,,,,,,,,,,,,,,
2019-07-03,997.1,1000.0,2019-07-03T19:01:00,994.5,2019-07-03T00:33:00,26.5,34.3,2019-07-03T13:12:00,23.5,2019-07-03T19:10:00,95,54,2019-07-03T12:42:00,1.4,106,12.9,232,2019-07-03T14:01:00,82.0,,,,,,,,,,,,,,,,19.0,2019-07-03T02:00:00,,,0,,100,2019-07-03T09:55:00,,,,,,,,,,,,,,,,,,,,,,,,,,,,,,,,,,,,,,,,,,,,,,,,,,,,,,,,,,,,,,,,,,,,,,,,,,
2019-07-04,997.4,999.5,2019-07-04T11:49:00,995.2,2019-07-04T17:11:00,27.4,34.7,2019-07-04T10:13:00,24.2,2019-07-04T04:02:00,96,49,2019-07-04T10:13:00,1.5,109,8.8,258,2019-07-04T11:36:00,16.0,,,,,,,,,,,,,,,,10.0,2019-07-04T12:00:00,,,0,,100,2019-07-04T09:04:00,,,,,,,,,,,,,,,,,,,,,,,,,,,,,,,,,,,,,,,,,,,,,,,,,,,,,,,,,,,,,,,,,,,,,,,,,,
2019-07-05,994.6,997.0,2019-07-05T07:41:00,992.5,2019-07-05T17:45:00,27.3,33.2,2019-07-05T10:54:00,24.8,2019-07-05T08:31:00,99,68,2019-07-05T11:11:00,1.3,108,6.2,265,2019-07-05T07:15:00,8.0,,,,,,,,,,,,,,,,5.0,2019-07-05T08:00:00,,,0,,100,2019-07-05T10:42:00,,,,,,,,,,,,,,,,,,,,,,,,,,,,,,,,,,,,,,,,,,,,,,,,,,,,,,,,,,,,,,,,,,,,,,,,,,
2019-07-06,993.0,995.0,2019-07-06T22:20:00,991.5,2019-07-06T15:55:00,27.4,34.5,2019-07-06T13:42:00,24.2,2019-07-06T22:31:00,96,57,2019-07-06T13:42:00,1.3,100,7.5,233,2019-07-06T14:05:00,9.0,,,,,,,,,,,,,,,,8.0,2019-07-06T23:00:00,,,0,,100,2019-07-06T11:31:00,,,,,,,,,,,,,,,,,,,,,,,,,,,,,,,,,,,,,,,,,,,,,,,,,,,,,,,,,,,,,,,,,,,,,,,,,,
2019-07-07,994.8,997.1,2019-07-07T23:26:00,993.2,2019-07-07T03:03:00,27.5,35.6,2019-07-07T12:19:00,24.5,2019-07-07T17:22:00,93,48,2019-07-07T12:43:00,1.4,108,8.0,274,2019-07-07T13:03:00,24.0,,,,,,,,,,,,,,,,12.5,2019-07-07T17:00:00,,,0,,100,2019-07-07T09:11:00,,,,,,,,,,,,,,,,,,,,,,,,,,,,,,,,,,,,,,,,,,,,,,,,,,,,,,,,,,,,,,,,,,,,,,,,,,
2019-07-08,995.9,997.3,2019-07-08T08:24:00,994.3,2019-07-08T17:12:00,26.6,30.0,2019-07-08T08:01:00,24.7,2019-07-08T02:31:00,99,99,2019-07-08T02:04:00,1.3,110,6.2,64,2019-07-08T03:03:00,15.0,,,,,,,,,,,,,,,,3.5,2019-07-08T12:00:00,,,0,,99,2019-07-08T08:01:00,,,,,,,,,,,,,,,,,,,,,,,,,,,,,,,,,,,,,,,,,,,,,,,,,,,,,,,,,,,,,,,,,,,,,,,,,,
2019-07-09,993.9,995.8,2019-07-09T00:03:00,992.0,2019-07-09T18:50:00,26.0,29.5,2019-07-09T10:48:00,24.0,2019-07-09T04:53:00,99,99,2019-07-09T00:21:00,1.3,104,6.3,349,2019-07-09T12:34:00,74.0,,,,,,,,,,,,,,,,26.5,2019-07-09T20:00:00,,,0,,99,2019-07-09T16:41:00,,,,,,,,,,,,,,,,,,,,,,,,,,,,,,,,,,,,,,,,,,,,,,,,,,,,,,,,,,,,,,,,,,,,,,,,,,
2019-07-10,994.5,998.0,2019-07-10T23:32:00,992.2,2019-07-10T03:44:00,25.4,30.0,2019-07-10T10:35:00,24.0,2019-07-10T19:23:00,99,99,2019-07-10T03:44:00,1.3,73,6.9,52,2019-07-10T20:05:00,150.5,,,,,,,,,,,,,,,,36.0,2019-07-10T14:00:00,,,0,,99,2019-07-10T08:12:00,,,,,,,,,,,,,,,,,,,,,,,,,,,,,,,,,,,,,,,,,,,,,,,,,,,,,,,,,,,,,,,,,,,,,,,,,,
2019-07-11,997.8,1000.1,2019-07-11T11:56:00,995.6,2019-07-11T02:55:00,25.7,28.8,2019-07-11T16:41:00,24.0,2019-07-11T12:25:00,99,99,2019-07-11T00:33:00,1.4,107,6.8,75,2019-07-11T00:23:00,76.0,,,,,,,,,,,,,,,,24.5,2019-07-11T09:00:00,,,0,,99,2019-07-11T15:03:00,,,,,,,,,,,,,,,,,,,,,,,,,,,,,,,,,,,,,,,,,,,,,,,,,,,,,,,,,,,,,,,,,,,,,,,,,,
2019-07-12,997.2,999.5,2019-07-12T00:01:00,994.8,2019-07-12T15:44:00,28.8,35.2,2019-07-12T12:33:00,24.7,2019-07-12T03:51:00,90,58,2019-07-12T12:57:00,1.3,101,6.3,135,2019-07-12T04:56:00,0.0,,,,,,,,,,,,,,,,0.0,2019-07-12T01:00:00,,,0,,100,2019-07-12T08:21:00,,,,,,,,,,,,,,,,,,,,,,,,,,,,,,,,,,,,,,,,,,,,,,,,,,,,,,,,,,,,,,,,,,,,,,,,,,
2019-07-13,995.0,997.5,2019-07-13T00:01:00,992.5,2019-07-13T15:27:00,29.5,35.8,2019-07-13T15:15:00,25.5,2019-07-13T02:32:00,83,48,2019-07-13T15:15:00,1.4,110,6.9,119,2019-07-13T03:58:00,0.0,,,,,,,,,,,,,,,,0.0,2019-07-13T03:00:00,,,0,,100,2019-07-13T07:52:00,,,,,,,,,,,,,,,,,,,,,,,,,,,,,,,,,,,,,,,,,,,,,,,,,,,,,,,,,,,,,,,,,,,,,,,,,,
2019-07-14,993.3,994.8,2019-07-14T00:01:00,991.6,2019-07-14T15:52:00,29.5,35.5,2019-07-14T11:32:00,25.1,2019-07-14T05:01:00,82,44,2019-07-14T11:34:00,1.4,108,7.1,120,2019-07-14T06:28:00,0.0,,,,,,,,,,,,,,,,0.0,2019-07-14T01:00:00,,,0,,100,2019-07-14T07:23:00,,,,,,,,,,,,,,,,,,,,,,,,,,,,,,,,,,,,,,,,,,,,,,,,,,,,,,,,,,,,,,,,,,,,,,,,,,
2019-07-15,992.9,994.5,2019-07-15T22:31:00,991.2,2019-07-15T15:17:00,29.2,37.0,2019-07-15T13:34:00,25.5,2019-07-15T05:31:00,87,44,2019-07-15T13:24:00,1.0,107,5.0,126,2019-07-15T05:10:00,6.5,,,,,,,,,,,,,,,,6.5,2019-07-15T17:00:00,,,0,,100,2019-07-15T08:11:00,,,,,,,,,,,,,,,,,,,,,,,,,,,,,,,,,,,,,,,,,,,,,,,,,,,,,,,,,,,,,,,,,,,,,,,,,,
2019-07-16,991.5,993.5,2019-07-16T00:01:00,989.7,2019-07-16T15:31:00,29.9,35.5,2019-07-16T11:41:00,26.5,2019-07-16T03:56:00,89,56,2019-07-16T11:51:00,1.0,76,4.9,231,2019-07-16T15:48:00,0.0,,,,,,,,,,,,,,,,0.0,2019-07-16T01:00:00,,,0,,100,2019-07-16T08:03:00,,,,,,,,,,,,,,,,,,,,,,,,,,,,,,,,,,,,,,,,,,,,,,,,,,,,,,,,,,,,,,,,,,,,,,,,,,
2019-07-17,985.5,990.0,2019-07-17T00:01:00,982.1,2019-07-17T17:02:00,29.9,36.0,2019-07-17T13:17:00,25.1,2019-07-17T04:51:00,88,55,2019-07-17T13:11:00,1.0,106,5.2,66,2019-07-17T04:42:00,0.0,,,,,,,,,,,,,,,,0.0,2019-07-17T01:00:00,,,0,,100,2019-07-17T08:21:00,,,,,,,,,,,,,,,,,,,,,,,,,,,,,,,,,,,,,,,,,,,,,,,,,,,,,,,,,,,,,,,,,,,,,,,,,,
2019-07-18,984.1,985.7,2019-07-18T21:11:00,982.7,2019-07-18T17:53:00,28.3,36.1,2019-07-18T13:11:00,25.5,2019-07-18T23:59:00,98,60,2019-07-18T13:12:00,1.0,100,7.3,232,2019-07-18T13:34:00,16.0,,,,,,,,,,,,,,,,12.0,2019-07-18T22:00:00,,,0,,100,2019-07-18T07:53:00,,,,,,,,,,,,,,,,,,,,,,,,,,,,,,,,,,,,,,,,,,,,,,,,,,,,,,,,,,,,,,,,,,,,,,,,,,
2019-07-19,988.5,994.3,2019-07-19T20:49:00,983.0,2019-07-19T02:46:00,26.2,30.1,2019-07-19T09:01:00,20.0,2019-07-19T10:16:00,99,99,2019-07-19T12:29:00,1.0,40,7.3,67,2019-07-19T15:25:00,68.5,,,,,,,,,,,,,,,,31.5,2019-07-19T13:00:00,,,0,,99,2019-07-19T08:55:00,,,,,,,,,,,,,,,,,,,,,,,,,,,,,,,,,,,,,,,,,,,,,,,,,,,,,,,,,,,,,,,,,,,,,,,,,,
2019-07-20,994.8,996.6,2019-07-20T22:12:00,992.5,2019-07-20T02:21:00,25.5,27.8,2019-07-20T12:12:00,24.0,2019-07-20T06:31:00,99,99,2019-07-20T01:54:00,1.3,108,6.8,99,2019-07-20T00:33:00,16.5,,,,,,,,,,,,,,,,4.0,2019-07-20T11:00:00,,,0,,99,2019-07-20T22:44:00,,,,,,,,,,,,,,,,,,,,,,,,,,,,,,,,,,,,,,,,,,,,,,,,,,,,,,,,,,,,,,,,,,,,,,,,,,
2019-07-21,995.6,998.5,2019-07-21T10:34:00,994.0,2019-07-21T18:51:00,26.4,30.8,2019-07-21T15:14:00,23.6,2019-07-21T01:24:00,99,99,2019-07-21T00:31:00,1.5,112,6.9,66,2019-07-21T11:26:00,39.0,,,,,,,,,,,,,,,,13.5,2019-07-21T10:00:00,,,0,,100,2019-07-21T16:01:00,,,,,,,,,,,,,,,,,,,,,,,,,,,,,,,,,,,,,,,,,,,,,,,,,,,,,,,,,,,,,,,,,,,,,,,,,,
2019-07-22,994.8,996.3,2019-07-22T22:41:00,993.6,2019-07-22T15:01:00,27.2,31.8,2019-07-22T13:52:00,24.8,2019-07-22T23:54:00,95,68,2019-07-22T14:11:00,1.3,112,5.8,239,2019-07-22T15:15:00,0.0,,,,,,,,,,,,,,,,0.0,2019-07-22T01:00:00,,,0,,100,2019-07-22T10:54:00,,,,,,,,,,,,,,,,,,,,,,,,,,,,,,,,,,,,,,,,,,,,,,,,,,,,,,,,,,,,,,,,,,,,,,,,,,
2019-07-23,994.7,996.0,2019-07-23T00:01:00,993.3,2019-07-23T17:34:00,26.8,34.3,2019-07-23T10:31:00,24.0,2019-07-23T05:41:00,94,56,2019-07-23T10:31:00,1.5,111,6.0,115,2019-07-23T01:10:00,37.5,,,,,,,,,,,,,,,,28.5,2019-07-23T14:00:00,,,0,,100,2019-07-23T08:15:00,,,,,,,,,,,,,,,,,,,,,,,,,,,,,,,,,,,,,,,,,,,,,,,,,,,,,,,,,,,,,,,,,,,,,,,,,,
2019-07-24,995.5,997.0,2019-07-24T22:34:00,994.0,2019-07-24T04:11:00,28.5,36.0,2019-07-24T13:03:00,24.3,2019-07-24T05:21:00,90,51,2019-07-24T12:22:00,1.2,111,5.0,113,2019-07-24T06:04:00,0.0,,,,,,,,,,,,,,,,0.0,2019-07-24T01:00:00,,,0,,100,2019-07-24T08:05:00,,,,,,,,,,,,,,,,,,,,,,,,,,,,,,,,,,,,,,,,,,,,,,,,,,,,,,,,,,,,,,,,,,,,,,,,,,
2019-07-25,996.2,997.3,2019-07-25T09:01:00,994.5,2019-07-25T16:21:00,28.8,35.0,2019-07-25T12:27:00,25.1,2019-07-25T05:01:00,88,51,2019-07-25T12:22:00,1.2,109,5.2,244,2019-07-25T13:18:00,0.0,,,,,,,,,,,,,,,,0.0,2019-07-25T01:00:00,,,0,,100,2019-07-25T08:21:00,,,,,,,,,,,,,,,,,,,,,,,,,,,,,,,,,,,,,,,,,,,,,,,,,,,,,,,,,,,,,,,,,,,,,,,,,,
2019-07-26,994.5,996.0,2019-07-26T07:43:00,992.7,2019-07-26T14:53:00,28.5,36.3,2019-07-26T13:01:00,25.7,2019-07-26T04:52:00,90,48,2019-07-26T12:52:00,1.2,96,5.2,43,2019-07-26T16:32:00,11.5,,,,,,,,,,,,,,,,8.0,2019-07-26T17:00:00,,,0,,100,2019-07-26T08:25:00,,,,,,,,,,,,,,,,,,,,,,,,,,,,,,,,,,,,,,,,,,,,,,,,,,,,,,,,,,,,,,,,,,,,,,,,,,
2019-07-27,994.4,996.0,2019-07-27T21:51:00,992.7,2019-07-27T16:17:00,27.4,32.6,2019-07-27T11:09:00,24.3,2019-07-27T13:05:00,99,73,2019-07-27T11:17:00,1.2,109,4.8,132,2019-07-27T14:55:00,41.0,,,,,,,,,,,,,,,,28.5,2019-07-27T13:00:00,,,0,,100,2019-07-27T10:51:00,,,,,,,,,,,,,,,,,,,,,,,,,,,,,,,,,,,,,,,,,,,,,,,,,,,,,,,,,,,,,,,,,,,,,,,,,,
2019-07-28,995.3,997.0,2019-07-28T22:21:00,993.3,2019-07-28T02:32:00,27.5,34.6,2019-07-28T12:01:00,24.6,2019-07-28T03:57:00,93,59,2019-07-28T12:01:00,1.2,112,6.5,224,2019-07-28T14:30:00,2.0,,,,,,,,,,,,,,,,1.5,2019-07-28T15:00:00,,,0,,100,2019-07-28T08:31:00,,,,,,,,,,,,,,,,,,,,,,,,,,,,,,,,,,,,,,,,,,,,,,,,,,,,,,,,,,,,,,,,,,,,,,,,,,
2019-07-29,995.3,997.0,2019-07-29T22:21:00,993.5,2019-07-29T16:01:00,29.3,36.2,2019-07-29T13:02:00,24.5,2019-07-29T04:31:00,86,49,2019-07-29T13:14:00,1.0,77,4.7,129,2019-07-29T01:37:00,0.0,,,,,,,,,,,,,,,,0.0,2019-07-29T01:00:00,,,0,,100,2019-07-29T09:24:00,,,,,,,,,,,,,,,,,,,,,,,,,,,,,,,,,,,,,,,,,,,,,,,,,,,,,,,,,,,,,,,,,,,,,,,,,,
2019-07-30,994.5,996.5,2019-07-30T00:01:00,992.7,2019-07-30T15:12:00,29.2,36.0,2019-07-30T14:08:00,25.3,2019-07-30T04:05:00,87,46,2019-07-30T11:21:00,0.9,58,5.7,242,2019-07-30T15:45:00,0.0,,,,,,,,,,,,,,,,0.0,2019-07-30T01:00:00,,,0,,100,2019-07-30T08:04:00,,,,,,,,,,,,,,,,,,,,,,,,,,,,,,,,,,,,,,,,,,,,,,,,,,,,,,,,,,,,,,,,,,,,,,,,,,
2019-07-31,993.6,995.7,2019-07-31T22:02:00,991.1,2019-07-31T16:31:00,29.4,36.0,2019-07-31T13:21:00,25.0,2019-07-31T04:31:00,84,48,2019-07-31T11:55:00,0.9,53,4.4,51,2019-07-31T14:19:00,0.0,,,,,,,,,,,,,,,,0.0,2019-07-31T01:00:00,,,0,,100,2019-07-31T18:41:00,,,,,,,,,,,,,,,,,,,,,,,,,,,,,,,,,,,,,,,,,,,,,,,,,,,,,,,,,,,,,,,,,,,,,,,,,,
2019-08-01,994.3,995.6,2019-08-01T22:11:00,993.0,2019-08-01T16:43:00,27.5,31.6,2019-08-01T13:51:00,24.6,2019-08-01T23:31:00,99,95,2019-08-01T13:56:00,0.6,75,4.1,249,2019-08-01T18:08:00,3.0,,,,,,,,,,,,,,,,2.0,2019-08-01T20:00:00,,,0,,100,2019-08-01T13:13:00,,,,,,,,,,,,,,,,,,,,,,,,,,,,,,,,,,,,,,,,,,,,,,,,,,,,,,,,,,,,,,,,,,,,,,,,,,
2019-08-02,992.7,994.5,2019-08-02T00:01:00,991.6,2019-08-02T13:11:00,26.5,34.8,2019-08-02T13:03:00,24.0,2019-08-02T23:55:00,94,54,2019-08-02T13:04:00,0.7,2,6.0,169,2019-08-02T13:48:00,7.0,,,,,,,,,,,,,,,,4.5,2019-08-02T16:00:00,,,0,,100,2019-08-02T09:22:00,,,,,,,,,,,,,,,,,,,,,,,,,,,,,,,,,,,,,,,,,,,,,,,,,,,,,,,,,,,,,,,,,,,,,,,,,,
2019-08-03,990.4,992.5,2019-08-03T00:01:00,989.2,2019-08-03T14:51:00,27.7,34.8,2019-08-03T12:31:00,24.0,2019-08-03T00:01:00,91,49,2019-08-03T12:21:00,1.1,112,6.7,121,2019-08-03T02:56:00,0.0,,,,,,,,,,,,,,,,0.0,2019-08-03T01:00:00,,,0,,100,2019-08-03T08:57:00,,,,,,,,,,,,,,,,,,,,,,,,,,,,,,,,,,,,,,,,,,,,,,,,,,,,,,,,,,,,,,,,,,,,,,,,,,
2019-08-04,989.4,990.5,2019-08-04T00:01:00,988.5,2019-08-04T15:25:00,28.8,34.5,2019-08-04T12:12:00,24.8,2019-08-04T05:36:00,89,57,2019-08-04T12:12:00,1.0,71,5.6,222,2019-08-04T14:57:00,0.0,,,,,,,,,,,,,,,,0.0,2019-08-04T01:00:00,,,0,,100,2019-08-04T08:14:00,,,,,,,,,,,,,,,,,,,,,,,,,,,,,,,,,,,,,,,,,,,,,,,,,,,,,,,,,,,,,,,,,,,,,,,,,,
2019-08-05,989.5,991.1,2019-08-05T22:11:00,988.3,2019-08-05T13:52:00,28.0,35.0,2019-08-05T11:32:00,25.0,2019-08-05T20:02:00,94,57,2019-08-05T11:42:00,1.0,111,6.6,112,2019-08-05T18:51:00,9.5,,,,,,,,,,,,,,,,5.0,2019-08-05T18:00:00,,,0,,100,2019-08-05T08:41:00,,,,,,,,,,,,,,,,,,,,,,,,,,,,,,,,,,,,,,,,,,,,,,,,,,,,,,,,,,,,,,,,,,,,,,,,,,
2019-08-06,988.8,990.2,2019-08-06T06:23:00,987.0,2019-08-06T17:41:00,27.6,35.2,2019-08-06T11:32:00,24.7,2019-08-06T23:46:00,93,60,2019-08-06T13:11:00,1.1,111,5.2,145,2019-08-06T05:02:00,57.5,,,,,,,,,,,,,,,,38.0,2019-08-06T15:00:00,,,0,,100,2019-08-06T08:44:00,,,,,,,,,,,,,,,,,,,,,,,,,,,,,,,,,,,,,,,,,,,,,,,,,,,,,,,,,,,,,,,,,,,,,,,,,,
2019-08-07,985.8,988.7,2019-08-07T00:01:00,983.7,2019-08-07T16:22:00,28.2,35.0,2019-08-07T13:01:00,24.6,2019-08-07T00:08:00,90,56,2019-08-07T12:31:00,1.2,85,5.9,221,2019-08-07T14:28:00,10.5,,,,,,,,,,,,,,,,10.5,2019-08-07T18:00:00,,,0,,100,2019-08-07T08:26:00,,,,,,,,,,,,,,,,,,,,,,,,,,,,,,,,,,,,,,,,,,,,,,,,,,,,,,,,,,,,,,,,,,,,,,,,,,
2019-08-08,980.8,984.1,2019-08-08T00:13:00,977.2,2019-08-08T23:56:00,28.9,35.5,2019-08-08T14:17:00,25.8,2019-08-08T05:49:00,88,52,2019-08-08T14:22:00,1.3,111,6.2,122,2019-08-08T06:40:00,13.0,,,,,,,,,,,,,,,,10.0,2019-08-08T18:00:00,,,0,,100,2019-08-08T08:25:00,,,,,,,,,,,,,,,,,,,,,,,,,,,,,,,,,,,,,,,,,,,,,,,,,,,,,,,,,,,,,,,,,,,,,,,,,,
2019-08-09,979.8,984.3,2019-08-09T22:39:00,976.0,2019-08-09T03:51:00,26.6,29.0,2019-08-09T11:51:00,25.5,2019-08-09T05:07:00,99,99,2019-08-09T09:11:00,0.7,83,6.1,231,2019-08-09T23:37:00,16.0,,,,,,,,,,,,,,,,4.5,2019-08-09T14:00:00,,,0,,99,2019-08-09T07:51:00,,,,,,,,,,,,,,,,,,,,,,,,,,,,,,,,,,,,,,,,,,,,,,,,,,,,,,,,,,,,,,,,,,,,,,,,,,
2019-08-10,986.6,989.8,2019-08-10T22:07:00,983.5,2019-08-10T00:03:00,27.8,28.6,2019-08-10T09:04:00,27.0,2019-08-10T10:48:00,99,99,2019-08-10T10:32:00,1.8,242,10.7,242,2019-08-10T02:14:00,29.5,,,,,,,,,,,,,,,,13.0,2019-08-10T12:00:00,,,0,,99,2019-08-10T02:22:00,,,,,,,,,,,,,,,,,,,,,,,,,,,,,,,,,,,,,,,,,,,,,,,,,,,,,,,,,,,,,,,,,,,,,,,,,,
2019-08-11,989.6,990.8,2019-08-11T21:25:00,988.5,2019-08-11T03:44:00,27.6,32.2,2019-08-11T15:01:00,25.5,2019-08-11T23:49:00,99,99,2019-08-11T11:37:00,1.2,108,6.0,309,2019-08-11T06:42:00,34.0,,,,,,,,,,,,,,,,14.5,2019-08-11T10:00:00,,,0,,99,2019-08-11T14:58:00,,,,,,,,,,,,,,,,,,,,,,,,,,,,,,,,,,,,,,,,,,,,,,,,,,,,,,,,,,,,,,,,,,,,,,,,,,
2019-08-12,990.4,992.1,2019-08-12T11:15:00,989.0,2019-08-12T03:05:00,26.6,30.6,2019-08-12T14:31:00,24.5,2019-08-12T05:18:00,99,99,2019-08-12T03:46:00,1.3,107,7.2,67,2019-08-12T12:33:00,60.5,,,,,,,,,,,,,,,,19.5,2019-08-12T05:00:00,,,0,,99,2019-08-12T13:21:00,,,,,,,,,,,,,,,,,,,,,,,,,,,,,,,,,,,,,,,,,,,,,,,,,,,,,,,,,,,,,,,,,,,,,,,,,,
2019-08-13,990.5,993.2,2019-08-13T09:27:00,987.5,2019-08-13T15:52:00,26.6,32.7,2019-08-13T14:07:00,23.5,2019-08-13T05:12:00,99,96,2019-08-13T16:26:00,1.3,99,7.0,134,2019-08-13T05:27:00,106.5,,,,,,,,,,,,,,,,51.0,2019-08-13T04:00:00,,,0,,100,2019-08-13T14:01:00,,,,,,,,,,,,,,,,,,,,,,,,,,,,,,,,,,,,,,,,,,,,,,,,,,,,,,,,,,,,,,,,,,,,,,,,,,
2019-08-14,990.8,992.0,2019-08-14T09:01:00,988.6,2019-08-14T15:43:00,27.4,32.7,2019-08-14T14:33:00,24.5,2019-08-14T03:31:00,99,99,2019-08-14T02:13:00,0.9,63,5.5,61,2019-08-14T06:17:00,23.5,,,,,,,,,,,,,,,,16.0,2019-08-14T03:00:00,,,0,,99,2019-08-14T11:26:00,,,,,,,,,,,,,,,,,,,,,,,,,,,,,,,,,,,,,,,,,,,,,,,,,,,,,,,,,,,,,,,,,,,,,,,,,,
2019-08-15,990.6,992.5,2019-08-15T21:48:00,988.6,2019-08-15T16:21:00,26.4,29.2,2019-08-15T11:56:00,24.2,2019-08-15T22:15:00,99,99,2019-08-15T12:32:00,0.9,34,7.5,280,2019-08-15T12:27:00,106.5,,,,,,,,,,,,,,,,25.5,2019-08-15T22:00:00,,,0,,99,2019-08-15T23:34:00,,,,,,,,,,,,,,,,,,,,,,,,,,,,,,,,,,,,,,,,,,,,,,,,,,,,,,,,,,,,,,,,,,,,,,,,,,
2019-08-16,992.2,994.7,2019-08-16T23:31:00,990.3,2019-08-16T16:01:00,25.2,26.5,2019-08-16T16:01:00,23.6,2019-08-16T11:42:00,99,98,2019-08-16T10:44:00,0.9,110,7.2,228,2019-08-16T10:10:00,173.0,,,,,,,,,,,,,,,,41.0,2019-08-16T12:00:00,,,0,,99,2019-08-16T00:01:00,,,,,,,,,,,,,,,,,,,,,,,,,,,,,,,,,,,,,,,,,,,,,,,,,,,,,,,,,,,,,,,,,,,,,,,,,,
2019-08-17,994.6,996.6,2019-08-17T09:21:00,993.0,2019-08-17T15:51:00,24.9,26.5,2019-08-17T12:32:00,23.3,2019-08-17T21:14:00,99,98,2019-08-17T20:46:00,1.3,79,6.4,106,2019-08-17T22:46:00,93.5,,,,,,,,,,,,,,,,27.5,2019-08-17T21:00:00,,,0,,99,2019-08-17T05:21:00,,,,,,,,,,,,,,,,,,,,,,,,,,,,,,,,,,,,,,,,,,,,,,,,,,,,,,,,,,,,,,,,,,,,,,,,,,
2019-08-18,994.3,995.8,2019-08-18T09:57:00,992.5,2019-08-18T15:32:00,25.1,27.5,2019-08-18T08:42:00,23.8,2019-08-18T21:04:00,99,98,2019-08-18T21:27:00,1.0,105,6.0,74,2019-08-18T23:34:00,33.5,,,,,,,,,,,,,,,,8.5,2019-08-18T18:00:00,,,0,,99,2019-08-18T01:36:00,,,,,,,,,,,,,,,,,,,,,,,,,,,,,,,,,,,,,,,,,,,,,,,,,,,,,,,,,,,,,,,,,,,,,,,,,,
2019-08-19,993.1,994.7,2019-08-19T08:45:00,991.5,2019-08-19T16:13:00,25.2,27.0,2019-08-19T14:21:00,24.0,2019-08-19T00:27:00,99,98,2019-08-19T10:01:00,1.3,108,6.4,132,2019-08-19T03:25:00,12.0,,,,,,,,,,,,,,,,7.5,2019-08-19T10:00:00,,,0,,99,2019-08-19T04:11:00,,,,,,,,,,,,,,,,,,,,,,,,,,,,,,,,,,,,,,,,,,,,,,,,,,,,,,,,,,,,,,,,,,,,,,,,,,
2019-08-20,992.5,993.5,2019-08-20T09:42:00,991.3,2019-08-20T15:42:00,25.6,30.5,2019-08-20T11:01:00,23.5,2019-08-20T05:03:00,99,99,2019-08-20T04:45:00,0.9,110,6.0,143,2019-08-20T00:40:00,5.5,,,,,,,,,,,,,,,,2.0,2019-08-20T14:00:00,,,0,,99,2019-08-20T11:04:00,,,,,,,,,,,,,,,,,,,,,,,,,,,,,,,,,,,,,,,,,,,,,,,,,,,,,,,,,,,,,,,,,,,,,,,,,,
2019-08-21,992.5,994.5,2019-08-21T21:55:00,990.6,2019-08-21T14:11:00,26.7,32.2,2019-08-21T13:11:00,23.6,2019-08-21T03:41:00,99,99,2019-08-21T09:56:00,0.9,83,6.4,120,2019-08-21T07:13:00,9.0,,,,,,,,,,,,,,,,4.0,2019-08-21T01:00:00,,,0,,99,2019-08-21T13:13:00,,,,,,,,,,,,,,,,,,,,,,,,,,,,,,,,,,,,,,,,,,,,,,,,,,,,,,,,,,,,,,,,,,,,,,,,,,
2019-08-22,993.2,995.1,2019-08-22T21:44:00,991.6,2019-08-22T15:12:00,28.9,34.6,2019-08-22T12:01:00,25.2,2019-08-22T04:14:00,92,58,2019-08-22T12:01:00,1.0,50,4.0,338,2019-08-22T09:27:00,0.0,,,,,,,,,,,,,,,,0.0,2019-08-22T01:00:00,,,0,,100,2019-08-22T08:42:00,,,,,,,,,,,,,,,,,,,,,,,,,,,,,,,,,,,,,,,,,,,,,,,,,,,,,,,,,,,,,,,,,,,,,,,,,,
2019-08-23,991.9,994.6,2019-08-23T00:42:00,989.7,2019-08-23T23:06:00,29.2,34.1,2019-08-23T10:52:00,26.0,2019-08-23T05:34:00,89,59,2019-08-23T11:09:00,1.0,111,5.6,197,2019-08-23T15:29:00,0.0,,,,,,,,,,,,,,,,0.0,2019-08-23T01:00:00,,,0,,100,2019-08-23T08:31:00,,,,,,,,,,,,,,,,,,,,,,,,,,,,,,,,,,,,,,,,,,,,,,,,,,,,,,,,,,,,,,,,,,,,,,,,,,
2019-08-24,982.3,990.1,2019-08-24T00:01:00,971.0,2019-08-24T14:25:00,25.6,28.1,2019-08-24T13:33:00,24.1,2019-08-24T10:26:00,99,99,2019-08-24T01:01:00,1.2,3,13.7,318,2019-08-24T14:33:00,86.5,,,,,,,,,,,,,,,,30.5,2019-08-24T16:00:00,,,0,,99,2019-08-24T04:11:00,,,,,,,,,,,,,,,,,,,,,,,,,,,,,,,,,,,,,,,,,,,,,,,,,,,,,,,,,,,,,,,,,,,,,,,,,,
2019-08-25,994.0,997.1,2019-08-25T21:22:00,989.0,2019-08-25T00:15:00,26.2,31.6,2019-08-25T14:18:00,24.0,2019-08-25T03:17:00,99,99,2019-08-25T09:44:00,1.3,109,7.9,199,2019-08-25T15:05:00,88.0,,,,,,,,,,,,,,,,32.5,2019-08-25T01:00:00,,,0,,99,2019-08-25T13:01:00,,,,,,,,,,,,,,,,,,,,,,,,,,,,,,,,,,,,,,,,,,,,,,,,,,,,,,,,,,,,,,,,,,,,,,,,,,
2019-08-26,996.8,999.0,2019-08-26T22:22:00,995.3,2019-08-26T03:52:00,27.9,33.8,2019-08-26T10:31:00,23.7,2019-08-26T05:21:00,94,59,2019-08-26T10:31:00,1.0,55,4.9,114,2019-08-26T00:06:00,0.0,,,,,,,,,,,,,,,,0.0,2019-08-26T01:00:00,,,0,,100,2019-08-26T08:51:00,,,,,,,,,,,,,,,,,,,,,,,,,,,,,,,,,,,,,,,,,,,,,,,,,,,,,,,,,,,,,,,,,,,,,,,,,,
2019-08-27,995.6,997.7,2019-08-27T00:01:00,993.8,2019-08-27T15:31:00,28.9,34.6,2019-08-27T14:16:00,24.5,2019-08-27T05:41:00,90,56,2019-08-27T12:52:00,1.2,111,5.7,123,2019-08-27T04:27:00,0.0,,,,,,,,,,,,,,,,0.0,2019-08-27T01:00:00,,,0,,100,2019-08-27T08:34:00,,,,,,,,,,,,,,,,,,,,,,,,,,,,,,,,,,,,,,,,,,,,,,,,,,,,,,,,,,,,,,,,,,,,,,,,,,
2019-08-28,993.5,995.5,2019-08-28T00:02:00,991.3,2019-08-28T13:34:00,29.3,36.3,2019-08-28T14:13:00,25.0,2019-08-28T02:55:00,90,57,2019-08-28T14:13:00,0.9,180,3.9,257,2019-08-28T14:26:00,0.0,,,,,,,,,,,,,,,,0.0,2019-08-28T01:00:00,,,0,,100,2019-08-28T10:11:00,,,,,,,,,,,,,,,,,,,,,,,,,,,,,,,,,,,,,,,,,,,,,,,,,,,,,,,,,,,,,,,,,,,,,,,,,,
2019-08-29,994.7,997.0,2019-08-29T21:51:00,993.2,2019-08-29T02:43:00,28.3,33.7,2019-08-29T10:33:00,25.5,2019-08-29T05:07:00,96,66,2019-08-29T10:35:00,1.0,105,4.5,138,2019-08-29T05:55:00,0.0,,,,,,,,,,,,,,,,0.0,2019-08-29T01:00:00,,,0,,100,2019-08-29T10:01:00,,,,,,,,,,,,,,,,,,,,,,,,,,,,,,,,,,,,,,,,,,,,,,,,,,,,,,,,,,,,,,,,,,,,,,,,,,
2019-08-30,996.0,997.7,2019-08-30T13:42:00,995.2,2019-08-30T05:24:00,26.2,34.0,2019-08-30T10:41:00,22.1,2019-08-30T13:49:00,96,61,2019-08-30T10:55:00,1.2,112,9.5,268,2019-08-30T13:45:00,81.5,,,,,,,,,,,,,,,,71.5,2019-08-30T14:00:00,,,0,,100,2019-08-30T09:51:00,,,,,,,,,,,,,,,,,,,,,,,,,,,,,,,,,,,,,,,,,,,,,,,,,,,,,,,,,,,,,,,,,,,,,,,,,,
2019-08-31,994.8,996.3,2019-08-31T00:01:00,993.1,2019-08-31T15:16:00,27.8,33.8,2019-08-31T14:19:00,23.6,2019-08-31T05:43:00,92,63,2019-08-31T13:21:00,0.8,26,5.7,113,2019-08-31T03:40:00,0.0,,,,,,,,,,,,,,,,0.0,2019-08-31T01:00:00,,,0,,100,2019-08-31T08:41:00,,,,,,,,,,,,,,,,,,,,,,,,,,,,,,,,,,,,,,,,,,,,,,,,,,,,,,,,,,,,,,,,,,,,,,,,,,
2019-09-01,995.2,997.1,2019-09-01T22:52:00,993.8,2019-09-01T02:34:00,28.0,35.0,2019-09-01T13:21:00,25.3,2019-09-01T03:21:00,96,57,2019-09-01T13:22:00,0.6,2,3.2,325,2019-09-01T17:15:00,1.0,,,,,,,,,,,,,,,,1.0,2019-09-01T15:00:00,,,0,,100,2019-09-01T11:51:00,,,,,,,,,,,,,,,,,,,,,,,,,,,,,,,,,,,,,,,,,,,,,,,,,,,,,,,,,,,,,,,,,,,,,,,,,,
2019-09-02,995.8,997.5,2019-09-02T09:01:00,993.6,2019-09-02T15:14:00,28.8,35.8,2019-09-02T14:03:00,24.6,2019-09-02T05:22:00,92,50,2019-09-02T13:56:00,0.8,70,4.7,214,2019-09-02T13:56:00,0.0,,,,,,,,,,,,,,,,0.0,2019-09-02T01:00:00,,,0,,100,2019-09-02T10:14:00,,,,,,,,,,,,,,,,,,,,,,,,,,,,,,,,,,,,,,,,,,,,,,,,,,,,,,,,,,,,,,,,,,,,,,,,,,
2019-09-03,993.7,995.6,2019-09-03T00:01:00,991.8,2019-09-03T13:38:00,27.5,34.0,2019-09-03T10:51:00,25.0,2019-09-03T05:26:00,92,56,2019-09-03T10:51:00,1.2,111,6.2,189,2019-09-03T14:18:00,0.0,,,,,,,,,,,,,,,,0.0,2019-09-03T01:00:00,,,0,,100,2019-09-03T09:51:00,,,,,,,,,,,,,,,,,,,,,,,,,,,,,,,,,,,,,,,,,,,,,,,,,,,,,,,,,,,,,,,,,,,,,,,,,,
2019-09-04,992.7,995.0,2019-09-04T09:51:00,991.0,2019-09-04T14:51:00,26.1,32.5,2019-09-04T14:31:00,24.0,2019-09-04T18:04:00,97,68,2019-09-04T14:31:00,0.9,27,5.7,145,2019-09-04T22:17:00,35.5,,,,,,,,,,,,,,,,20.5,2019-09-04T18:00:00,,,0,,100,2019-09-04T13:43:00,,,,,,,,,,,,,,,,,,,,,,,,,,,,,,,,,,,,,,,,,,,,,,,,,,,,,,,,,,,,,,,,,,,,,,,,,,
2019-09-05,990.4,991.8,2019-09-05T00:01:00,988.0,2019-09-05T16:20:00,27.4,34.0,2019-09-05T12:42:00,23.7,2019-09-05T00:22:00,91,58,2019-09-05T13:01:00,0.9,11,4.2,67,2019-09-05T20:52:00,3.5,,,,,,,,,,,,,,,,3.0,2019-09-05T18:00:00,,,0,,100,2019-09-05T09:11:00,,,,,,,,,,,,,,,,,,,,,,,,,,,,,,,,,,,,,,,,,,,,,,,,,,,,,,,,,,,,,,,,,,,,,,,,,,
2019-09-06,989.5,991.8,2019-09-06T22:06:00,987.5,2019-09-06T14:25:00,27.0,33.5,2019-09-06T14:35:00,23.8,2019-09-06T03:08:00,97,73,2019-09-06T15:16:00,1.0,107,6.9,217,2019-09-06T15:09:00,28.5,,,,,,,,,,,,,,,,6.5,2019-09-06T06:00:00,,,0,,100,2019-09-06T11:01:00,,,,,,,,,,,,,,,,,,,,,,,,,,,,,,,,,,,,,,,,,,,,,,,,,,,,,,,,,,,,,,,,,,,,,,,,,,
2019-09-07,991.6,994.0,2019-09-07T22:23:00,989.5,2019-09-07T02:53:00,27.7,34.2,2019-09-07T13:43:00,24.0,2019-09-07T04:31:00,92,54,2019-09-07T13:43:00,0.9,360,4.8,222,2019-09-07T16:26:00,0.5,,,,,,,,,,,,,,,,0.5,2019-09-07T19:00:00,,,0,,100,2019-09-07T10:33:00,,,,,,,,,,,,,,,,,,,,,,,,,,,,,,,,,,,,,,,,,,,,,,,,,,,,,,,,,,,,,,,,,,,,,,,,,,
2019-09-08,992.8,994.8,2019-09-08T21:18:00,990.8,2019-09-08T13:44:00,27.4,34.5,2019-09-08T11:52:00,24.7,2019-09-08T23:32:00,92,51,2019-09-08T11:57:00,1.3,97,6.3,59,2019-09-08T16:33:00,1.0,,,,,,,,,,,,,,,,0.5,2019-09-08T16:00:00,,,0,,100,2019-09-08T08:35:00,,,,,,,,,,,,,,,,,,,,,,,,,,,,,,,,,,,,,,,,,,,,,,,,,,,,,,,,,,,,,,,,,,,,,,,,,,
2019-09-09,993.9,996.1,2019-09-09T21:46:00,992.2,2019-09-09T14:33:00,27.6,32.5,2019-09-09T11:33:00,24.2,2019-09-09T05:13:00,92,58,2019-09-09T11:41:00,1.0,70,7.0,117,2019-09-09T03:22:00,0.0,,,,,,,,,,,,,,,,0.0,2019-09-09T01:00:00,,,0,,100,2019-09-09T08:41:00,,,,,,,,,,,,,,,,,,,,,,,,,,,,,,,,,,,,,,,,,,,,,,,,,,,,,,,,,,,,,,,,,,,,,,,,,,
2019-09-10,996.8,999.5,2019-09-10T22:55:00,994.5,2019-09-10T02:14:00,26.4,30.8,2019-09-10T12:32:00,23.7,2019-09-10T21:27:00,99,99,2019-09-10T05:03:00,0.7,26,5.7,215,2019-09-10T14:06:00,0.5,,,,,,,,,,,,,,,,0.5,2019-09-10T17:00:00,,,0,,99,2019-09-10T07:21:00,,,,,,,,,,,,,,,,,,,,,,,,,,,,,,,,,,,,,,,,,,,,,,,,,,,,,,,,,,,,,,,,,,,,,,,,,,
2019-09-11,998.1,999.7,2019-09-11T08:31:00,996.0,2019-09-11T15:21:00,28.5,35.8,2019-09-11T13:37:00,23.5,2019-09-11T02:51:00,82,42,2019-09-11T12:41:00,1.1,71,5.2,128,2019-09-11T06:57:00,0.0,,,,,,,,,,,,,,,,0.0,2019-09-11T01:00:00,,,0,,100,2019-09-11T08:21:00,,,,,,,,,,,,,,,,,,,,,,,,,,,,,,,,,,,,,,,,,,,,,,,,,,,,,,,,,,,,,,,,,,,,,,,,,,
2019-09-12,995.9,998.1,2019-09-12T00:01:00,993.8,2019-09-12T14:43:00,28.8,36.0,2019-09-12T13:41:00,24.2,2019-09-12T06:12:00,85,46,2019-09-12T14:03:00,1.3,109,6.5,132,2019-09-12T05:26:00,0.0,,,,,,,,,,,,,,,,0.0,2019-09-12T01:00:00,,,0,,100,2019-09-12T08:01:00,,,,,,,,,,,,,,,,,,,,,,,,,,,,,,,,,,,,,,,,,,,,,,,,,,,,,,,,,,,,,,,,,,,,,,,,,,
2019-09-13,994.6,995.8,2019-09-13T07:34:00,992.5,2019-09-13T14:32:00,28.9,35.1,2019-09-13T13:02:00,25.2,2019-09-13T04:11:00,81,48,2019-09-13T13:21:00,1.2,112,6.9,119,2019-09-13T06:23:00,0.0,,,,,,,,,,,,,,,,0.0,2019-09-13T01:00:00,,,0,,100,2019-09-13T15:41:00,,,,,,,,,,,,,,,,,,,,,,,,,,,,,,,,,,,,,,,,,,,,,,,,,,,,,,,,,,,,,,,,,,,,,,,,,,
2019-09-14,994.4,996.0,2019-09-14T21:44:00,992.6,2019-09-14T14:53:00,29.1,34.3,2019-09-14T12:03:00,26.2,2019-09-14T06:03:00,89,60,2019-09-14T12:11:00,1.1,110,6.2,238,2019-09-14T16:25:00,0.0,,,,,,,,,,,,,,,,0.0,2019-09-14T01:00:00,,,0,,100,2019-09-14T10:04:00,,,,,,,,,,,,,,,,,,,,,,,,,,,,,,,,,,,,,,,,,,,,,,,,,,,,,,,,,,,,,,,,,,,,,,,,,,
2019-09-15,994.2,995.7,2019-09-15T00:01:00,992.2,2019-09-15T15:21:00,27.0,33.3,2019-09-15T12:31:00,24.0,2019-09-15T16:31:00,94,58,2019-09-15T12:31:00,1.2,106,7.2,93,2019-09-15T20:24:00,87.5,,,,,,,,,,,,,,,,41.0,2019-09-15T16:00:00,,,0,,100,2019-09-15T10:42:00,,,,,,,,,,,,,,,,,,,,,,,,,,,,,,,,,,,,,,,,,,,,,,,,,,,,,,,,,,,,,,,,,,,,,,,,,,
2019-09-16,993.5,994.5,2019-09-16T00:01:00,992.0,2019-09-16T14:13:00,27.0,32.2,2019-09-16T12:09:00,24.0,2019-09-16T00:31:00,95,62,2019-09-16T14:21:00,1.1,108,5.2,128,2019-09-16T06:29:00,0.0,,,,,,,,,,,,,,,,0.0,2019-09-16T01:00:00,,,0,,100,2019-09-16T11:08:00,,,,,,,,,,,,,,,,,,,,,,,,,,,,,,,,,,,,,,,,,,,,,,,,,,,,,,,,,,,,,,,,,,,,,,,,,,
2019-09-17,994.2,996.0,2019-09-17T21:21:00,993.0,2019-09-17T03:16:00,27.7,33.3,2019-09-17T12:31:00,24.8,2019-09-17T03:46:00,93,57,2019-09-17T12:01:00,1.0,105,5.2,75,2019-09-17T07:13:00,0.5,,,,,,,,,,,,,,,,0.5,2019-09-17T15:00:00,,,0,,100,2019-09-17T09:24:00,,,,,,,,,,,,,,,,,,,,,,,,,,,,,,,,,,,,,,,,,,,,,,,,,,,,,,,,,,,,,,,,,,,,,,,,,,
2019-09-18,995.0,996.3,2019-09-18T21:03:00,993.5,2019-09-18T15:01:00,28.0,33.8,2019-09-18T11:42:00,24.6,2019-09-18T06:03:00,88,55,2019-09-18T11:52:00,1.2,109,5.2,198,2019-09-18T14:53:00,0.0,,,,,,,,,,,,,,,,0.0,2019-09-18T01:00:00,,,0,,100,2019-09-18T08:41:00,,,,,,,,,,,,,,,,,,,,,,,,,,,,,,,,,,,,,,,,,,,,,,,,,,,,,,,,,,,,,,,,,,,,,,,,,,
2019-09-19,994.5,996.0,2019-09-19T08:26:00,992.8,2019-09-19T15:11:00,27.6,32.0,2019-09-19T13:55:00,24.6,2019-09-19T05:41:00,90,62,2019-09-19T13:25:00,1.0,110,5.8,120,2019-09-19T05:11:00,0.0,,,,,,,,,,,,,,,,0.0,2019-09-19T01:00:00,,,0,,100,2019-09-19T09:01:00,,,,,,,,,,,,,,,,,,,,,,,,,,,,,,,,,,,,,,,,,,,,,,,,,,,,,,,,,,,,,,,,,,,,,,,,,,
2019-09-20,990.6,990.8,2019-09-20T11:17:00,988.1,2019-09-20T16:03:00,26.5,33.3,2019-09-20T12:01:00,22.5,2019-09-20T23:11:00,87,51,2019-09-20T12:44:00,0.7,24,5.7,273,2019-09-20T15:59:00,0.0,,,,,,,,,,,,,,,,0.0,2019-09-20T01:00:00,,,0,,100,2019-09-20T18:52:00,,,,,,,,,,,,,,,,,,,,,,,,,,,,,,,,,,,,,,,,,,,,,,,,,,,,,,,,,,,,,,,,,,,,,,,,,,
2019-09-21,990.7,994.6,2019-09-21T22:11:00,987.8,2019-09-21T02:12:00,24.7,27.7,2019-09-21T14:04:00,22.5,2019-09-21T05:51:00,92,60,2019-09-21T14:04:00,0.6,42,4.9,49,2019-09-21T23:54:00,0.0,,,,,,,,,,,,,,,,0.0,2019-09-21T01:00:00,,,0,,100,2019-09-21T08:51:00,,,,,,,,,,,,,,,,,,,,,,,,,,,,,,,,,,,,,,,,,,,,,,,,,,,,,,,,,,,,,,,,,,,,,,,,,,
2019-09-22,997.6,1001.3,2019-09-22T21:21:00,994.0,2019-09-22T03:01:00,26.3,31.8,2019-09-22T13:41:00,23.0,2019-09-22T05:11:00,89,52,2019-09-22T13:46:00,0.5,37,3.8,234,2019-09-22T16:22:00,0.0,,,,,,,,,,,,,,,,0.0,2019-09-22T01:00:00,,,0,,100,2019-09-22T10:21:00,,,,,,,,,,,,,,,,,,,,,,,,,,,,,,,,,,,,,,,,,,,,,,,,,,,,,,,,,,,,,,,,,,,,,,,,,,
2019-09-23,1002.0,1004.2,2019-09-23T21:11:00,1000.0,2019-09-23T03:13:00,26.8,33.2,2019-09-23T12:33:00,24.0,2019-09-23T05:24:00,88,50,2019-09-23T13:21:00,0.9,56,4.7,231,2019-09-23T14:11:00,0.0,,,,,,,,,,,,,,,,0.0,2019-09-23T01:00:00,,,0,,100,2019-09-23T09:56:00,,,,,,,,,,,,,,,,,,,,,,,,,,,,,,,,,,,,,,,,,,,,,,,,,,,,,,,,,,,,,,,,,,,,,,,,,,
2019-09-24,1003.0,1004.6,2019-09-24T21:02:00,1001.2,2019-09-24T14:07:00,26.4,32.7,2019-09-24T12:41:00,23.5,2019-09-24T06:01:00,90,48,2019-09-24T12:42:00,1.0,109,5.4,136,2019-09-24T05:33:00,0.5,,,,,,,,,,,,,,,,0.5,2019-09-24T16:00:00,,,0,,100,2019-09-24T08:12:00,,,,,,,,,,,,,,,,,,,,,,,,,,,,,,,,,,,,,,,,,,,,,,,,,,,,,,,,,,,,,,,,,,,,,,,,,,
2019-09-25,1002.7,1004.0,2019-09-25T21:27:00,1001.1,2019-09-25T13:33:00,26.9,34.5,2019-09-25T13:22:00,23.0,2019-09-25T05:55:00,81,41,2019-09-25T12:45:00,1.2,110,6.6,121,2019-09-25T06:57:00,0.0,,,,,,,,,,,,,,,,0.0,2019-09-25T01:00:00,,,0,,100,2019-09-25T07:53:00,,,,,,,,,,,,,,,,,,,,,,,,,,,,,,,,,,,,,,,,,,,,,,,,,,,,,,,,,,,,,,,,,,,,,,,,,,
2019-09-26,1002.7,1004.0,2019-09-26T08:31:00,1001.0,2019-09-26T14:21:00,27.6,34.5,2019-09-26T13:11:00,23.6,2019-09-26T05:46:00,79,42,2019-09-26T13:11:00,1.2,106,5.7,130,2019-09-26T05:07:00,0.0,,,,,,,,,,,,,,,,0.0,2019-09-26T01:00:00,,,0,,100,2019-09-26T07:41:00,,,,,,,,,,,,,,,,,,,,,,,,,,,,,,,,,,,,,,,,,,,,,,,,,,,,,,,,,,,,,,,,,,,,,,,,,,
2019-09-27,1001.7,1003.1,2019-09-27T00:01:00,1000.5,2019-09-27T14:42:00,26.7,32.1,2019-09-27T10:51:00,20.0,2019-09-27T12:42:00,87,53,2019-09-27T09:01:00,1.1,108,5.7,127,2019-09-27T03:13:00,0.0,,,,,,,,,,,,,,,,0.0,2019-09-27T01:00:00,,,0,,100,2019-09-27T03:53:00,,,,,,,,,,,,,,,,,,,,,,,,,,,,,,,,,,,,,,,,,,,,,,,,,,,,,,,,,,,,,,,,,,,,,,,,,,
2019-09-28,1000.0,1001.5,2019-09-28T09:41:00,998.5,2019-09-28T14:23:00,27.4,34.1,2019-09-28T11:53:00,23.2,2019-09-28T06:11:00,88,47,2019-09-28T11:51:00,1.1,101,6.5,220,2019-09-28T14:00:00,0.0,,,,,,,,,,,,,,,,0.0,2019-09-28T01:00:00,,,0,,100,2019-09-28T08:12:00,,,,,,,,,,,,,,,,,,,,,,,,,,,,,,,,,,,,,,,,,,,,,,,,,,,,,,,,,,,,,,,,,,,,,,,,,,
2019-09-29,996.9,1000.1,2019-09-29T00:01:00,994.5,2019-09-29T14:21:00,28.3,34.7,2019-09-29T13:11:00,24.0,2019-09-29T04:31:00,81,43,2019-09-29T10:52:00,1.1,59,5.1,250,2019-09-29T13:24:00,0.0,,,,,,,,,,,,,,,,0.0,2019-09-29T01:00:00,,,0,,100,2019-09-29T08:11:00,,,,,,,,,,,,,,,,,,,,,,,,,,,,,,,,,,,,,,,,,,,,,,,,,,,,,,,,,,,,,,,,,,,,,,,,,,
2019-09-30,988.5,994.8,2019-09-30T00:01:00,985.1,2019-09-30T15:16:00,27.1,31.0,2019-09-30T15:02:00,25.0,2019-09-30T23:56:00,99,98,2019-09-30T15:02:00,0.8,108,5.2,123,2019-09-30T06:01:00,0.0,,,,,,,,,,,,,,,,0.0,2019-09-30T01:00:00,,,0,,100,2019-09-30T15:02:00,,,,,,,,,,,,,,,,,,,,,,,,,,,,,,,,,,,,,,,,,,,,,,,,,,,,,,,,,,,,,,,,,,,,,,,,,,
2019-10-01,995.8,998.6,2019-10-01T23:01:00,988.8,2019-10-01T00:01:00,27.0,32.8,2019-10-01T15:11:00,23.1,2019-10-01T05:25:00,85,48,2019-10-01T13:40:00,0.8,1,5.2,285,2019-10-01T14:28:00,0.5,,,,,,,,,,,,,,,,0.5,2019-10-01T05:00:00,,,0,,100,2019-10-01T10:23:00,,,,,,,,,,,,,,,,,,,,,,,,,,,,,,,,,,,,,,,,,,,,,,,,,,,,,,,,,,,,,,,,,,,,,,,,,,
2019-10-02,999.0,1000.3,2019-10-02T08:23:00,997.5,2019-10-02T14:51:00,28.1,35.1,2019-10-02T14:04:00,24.0,2019-10-02T05:51:00,79,40,2019-10-02T14:04:00,1.4,110,6.7,147,2019-10-02T02:42:00,0.0,,,,,,,,,,,,,,,,0.0,2019-10-02T01:00:00,,,0,,100,2019-10-02T05:41:00,,,,,,,,,,,,,,,,,,,,,,,,,,,,,,,,,,,,,,,,,,,,,,,,,,,,,,,,,,,,,,,,,,,,,,,,,,
2019-10-03,999.7,1001.3,2019-10-03T09:01:00,997.3,2019-10-03T14:22:00,27.3,34.2,2019-10-03T13:54:00,23.8,2019-10-03T05:26:00,86,46,2019-10-03T13:56:00,1.4,109,6.0,275,2019-10-03T14:56:00,0.0,,,,,,,,,,,,,,,,0.0,2019-10-03T01:00:00,,,0,,100,2019-10-03T07:51:00,,,,,,,,,,,,,,,,,,,,,,,,,,,,,,,,,,,,,,,,,,,,,,,,,,,,,,,,,,,,,,,,,,,,,,,,,,
2019-10-04,999.4,1000.8,2019-10-04T08:41:00,997.0,2019-10-04T14:41:00,26.9,32.5,2019-10-04T13:25:00,24.0,2019-10-04T05:48:00,82,53,2019-10-04T09:11:00,1.3,106,6.7,224,2019-10-04T15:36:00,0.5,,,,,,,,,,,,,,,,0.5,2019-10-04T16:00:00,,,0,,100,2019-10-04T02:11:00,,,,,,,,,,,,,,,,,,,,,,,,,,,,,,,,,,,,,,,,,,,,,,,,,,,,,,,,,,,,,,,,,,,,,,,,,,
2019-10-05,1000.2,1002.2,2019-10-05T23:35:00,998.7,2019-10-05T13:52:00,26.8,31.7,2019-10-05T13:01:00,23.8,2019-10-05T01:41:00,90,59,2019-10-05T13:01:00,0.9,107,4.3,126,2019-10-05T03:06:00,0.0,,,,,,,,,,,,,,,,0.0,2019-10-05T01:00:00,,,0,,100,2019-10-05T08:42:00,,,,,,,,,,,,,,,,,,,,,,,,,,,,,,,,,,,,,,,,,,,,,,,,,,,,,,,,,,,,,,,,,,,,,,,,,,
2019-10-06,1001.5,1003.0,2019-10-06T20:38:00,1000.0,2019-10-06T03:32:00,26.3,30.3,2019-10-06T13:53:00,23.5,2019-10-06T04:42:00,95,68,2019-10-06T14:33:00,0.7,79,3.6,231,2019-10-06T12:56:00,0.5,,,,,,,,,,,,,,,,0.5,2019-10-06T09:00:00,,,0,,100,2019-10-06T11:41:00,,,,,,,,,,,,,,,,,,,,,,,,,,,,,,,,,,,,,,,,,,,,,,,,,,,,,,,,,,,,,,,,,,,,,,,,,,
2019-10-07,1002.3,1003.8,2019-10-07T09:01:00,1000.5,2019-10-07T14:11:00,27.4,34.5,2019-10-07T13:34:00,23.5,2019-10-07T05:52:00,86,42,2019-10-07T13:58:00,1.1,107,6.0,109,2019-10-07T06:40:00,0.0,,,,,,,,,,,,,,,,0.0,2019-10-07T01:00:00,,,0,,100,2019-10-07T08:11:00,,,,,,,,,,,,,,,,,,,,,,,,,,,,,,,,,,,,,,,,,,,,,,,,,,,,,,,,,,,,,,,,,,,,,,,,,,
2019-10-08,1001.8,1003.2,2019-10-08T08:33:00,1000.0,2019-10-08T13:41:00,27.5,34.3,2019-10-08T13:57:00,23.6,2019-10-08T06:02:00,83,48,2019-10-08T12:23:00,1.2,109,6.8,161,2019-10-08T05:23:00,0.0,,,,,,,,,,,,,,,,0.0,2019-10-08T01:00:00,,,0,,100,2019-10-08T08:01:00,,,,,,,,,,,,,,,,,,,,,,,,,,,,,,,,,,,,,,,,,,,,,,,,,,,,,,,,,,,,,,,,,,,,,,,,,,
2019-10-09,1000.8,1002.3,2019-10-09T08:46:00,998.8,2019-10-09T14:32:00,26.6,31.8,2019-10-09T11:02:00,23.2,2019-10-09T06:06:00,87,53,2019-10-09T11:02:00,1.2,108,6.7,122,2019-10-09T06:39:00,0.0,,,,,,,,,,,,,,,,0.0,2019-10-09T01:00:00,,,0,,100,2019-10-09T07:24:00,,,,,,,,,,,,,,,,,,,,,,,,,,,,,,,,,,,,,,,,,,,,,,,,,,,,,,,,,,,,,,,,,,,,,,,,,,
2019-10-10,999.4,1001.2,2019-10-10T08:03:00,997.5,2019-10-10T14:52:00,27.1,33.0,2019-10-10T13:12:00,24.3,2019-10-10T04:14:00,89,45,2019-10-10T13:05:00,1.0,105,6.6,229,2019-10-10T15:52:00,0.0,,,,,,,,,,,,,,,,0.0,2019-10-10T01:00:00,,,0,,100,2019-10-10T09:03:00,,,,,,,,,,,,,,,,,,,,,,,,,,,,,,,,,,,,,,,,,,,,,,,,,,,,,,,,,,,,,,,,,,,,,,,,,,
2019-10-11,998.0,999.6,2019-10-11T00:01:00,995.7,2019-10-11T14:22:00,27.5,34.2,2019-10-11T13:15:00,24.5,2019-10-11T04:51:00,87,46,2019-10-11T13:55:00,0.8,86,5.7,231,2019-10-11T16:15:00,0.0,,,,,,,,,,,,,,,,0.0,2019-10-11T01:00:00,,,0,,100,2019-10-11T10:17:00,,,,,,,,,,,,,,,,,,,,,,,,,,,,,,,,,,,,,,,,,,,,,,,,,,,,,,,,,,,,,,,,,,,,,,,,,,
2019-10-12,998.8,1001.0,2019-10-12T22:31:00,997.2,2019-10-12T14:53:00,26.8,33.2,2019-10-12T11:35:00,23.0,2019-10-12T18:36:00,86,49,2019-10-12T11:35:00,1.0,108,4.8,217,2019-10-12T14:26:00,40.5,,,,,,,,,,,,,,,,37.5,2019-10-12T19:00:00,,,0,,100,2019-10-12T07:51:00,,,,,,,,,,,,,,,,,,,,,,,,,,,,,,,,,,,,,,,,,,,,,,,,,,,,,,,,,,,,,,,,,,,,,,,,,,
2019-10-13,1000.7,1002.3,2019-10-13T23:34:00,999.3,2019-10-13T13:42:00,25.8,32.2,2019-10-13T11:41:00,23.6,2019-10-13T01:52:00,94,57,2019-10-13T12:30:00,0.8,65,6.5,305,2019-10-13T15:03:00,33.5,,,,,,,,,,,,,,,,19.0,2019-10-13T15:00:00,,,0,,100,2019-10-13T09:16:00,,,,,,,,,,,,,,,,,,,,,,,,,,,,,,,,,,,,,,,,,,,,,,,,,,,,,,,,,,,,,,,,,,,,,,,,,,
2019-10-14,1002.6,1004.3,2019-10-14T21:53:00,1001.0,2019-10-14T03:11:00,26.1,31.7,2019-10-14T11:21:00,23.2,2019-10-14T05:34:00,95,60,2019-10-14T12:32:00,1.1,110,5.0,135,2019-10-14T06:28:00,0.0,,,,,,,,,,,,,,,,0.0,2019-10-14T01:00:00,,,0,,100,2019-10-14T09:52:00,,,,,,,,,,,,,,,,,,,,,,,,,,,,,,,,,,,,,,,,,,,,,,,,,,,,,,,,,,,,,,,,,,,,,,,,,,
2019-10-15,1003.6,1005.1,2019-10-15T09:21:00,1001.8,2019-10-15T14:21:00,26.1,32.0,2019-10-15T11:55:00,22.0,2019-10-15T05:45:00,86,50,2019-10-15T12:36:00,1.3,108,6.0,113,2019-10-15T03:55:00,0.0,,,,,,,,,,,,,,,,0.0,2019-10-15T01:00:00,,,0,,100,2019-10-15T07:51:00,,,,,,,,,,,,,,,,,,,,,,,,,,,,,,,,,,,,,,,,,,,,,,,,,,,,,,,,,,,,,,,,,,,,,,,,,,
2019-10-16,1003.1,1004.5,2019-10-16T00:01:00,1001.3,2019-10-16T15:02:00,25.8,31.3,2019-10-16T11:39:00,23.3,2019-10-16T06:14:00,89,56,2019-10-16T11:39:00,1.1,110,5.2,124,2019-10-16T02:31:00,0.0,,,,,,,,,,,,,,,,0.0,2019-10-16T01:00:00,,,0,,100,2019-10-16T08:21:00,,,,,,,,,,,,,,,,,,,,,,,,,,,,,,,,,,,,,,,,,,,,,,,,,,,,,,,,,,,,,,,,,,,,,,,,,,
2019-10-17,1001.9,1003.6,2019-10-17T00:01:00,999.7,2019-10-17T14:13:00,26.1,31.5,2019-10-17T13:23:00,22.2,2019-10-17T05:33:00,86,49,2019-10-17T13:31:00,1.2,109,7.0,108,2019-10-17T05:19:00,0.0,,,,,,,,,,,,,,,,0.0,2019-10-17T01:00:00,,,0,,100,2019-10-17T07:51:00,,,,,,,,,,,,,,,,,,,,,,,,,,,,,,,,,,,,,,,,,,,,,,,,,,,,,,,,,,,,,,,,,,,,,,,,,,
2019-10-18,1001.8,1003.1,2019-10-18T09:25:00,1000.2,2019-10-18T14:01:00,26.1,31.5,2019-10-18T12:24:00,23.3,2019-10-18T06:34:00,85,54,2019-10-18T12:31:00,0.9,109,3.9,221,2019-10-18T14:53:00,0.0,,,,,,,,,,,,,,,,0.0,2019-10-18T01:00:00,,,0,,100,2019-10-18T08:21:00,,,,,,,,,,,,,,,,,,,,,,,,,,,,,,,,,,,,,,,,,,,,,,,,,,,,,,,,,,,,,,,,,,,,,,,,,,
2019-10-19,1002.0,1003.5,2019-10-19T08:32:00,1000.3,2019-10-19T13:56:00,26.2,32.1,2019-10-19T13:35:00,22.5,2019-10-19T06:12:00,69,48,2019-10-19T12:52:00,1.3,107,7.2,111,2019-10-19T06:55:00,0.0,,,,,,,,,,,,,,,,0.0,2019-10-19T01:00:00,,,0,,100,2019-10-19T01:41:00,,,,,,,,,,,,,,,,,,,,,,,,,,,,,,,,,,,,,,,,,,,,,,,,,,,,,,,,,,,,,,,,,,,,,,,,,,
2019-10-20,1001.3,1003.0,2019-10-20T08:31:00,999.2,2019-10-20T14:26:00,25.9,32.0,2019-10-20T12:04:00,22.2,2019-10-20T05:11:00,81,45,2019-10-20T12:04:00,1.2,107,5.3,109,2019-10-20T05:43:00,0.0,,,,,,,,,,,,,,,,0.0,2019-10-20T01:00:00,,,0,,100,2019-10-20T02:34:00,,,,,,,,,,,,,,,,,,,,,,,,,,,,,,,,,,,,,,,,,,,,,,,,,,,,,,,,,,,,,,,,,,,,,,,,,,
2019-10-21,999.5,1001.2,2019-10-21T08:01:00,997.5,2019-10-21T14:25:00,25.6,31.0,2019-10-21T12:52:00,22.0,2019-10-21T04:31:00,80,49,2019-10-21T11:04:00,1.3,110,5.7,99,2019-10-21T06:43:00,0.0,,,,,,,,,,,,,,,,0.0,2019-10-21T01:00:00,,,0,,100,2019-10-21T07:01:00,,,,,,,,,,,,,,,,,,,,,,,,,,,,,,,,,,,,,,,,,,,,,,,,,,,,,,,,,,,,,,,,,,,,,,,,,,
2019-10-22,998.1,999.6,2019-10-22T09:06:00,996.1,2019-10-22T14:48:00,25.6,31.3,2019-10-22T12:12:00,21.7,2019-10-22T02:57:00,75,44,2019-10-22T12:42:00,1.3,102,5.6,106,2019-10-22T04:13:00,0.0,,,,,,,,,,,,,,,,0.0,2019-10-22T01:00:00,,,0,,100,2019-10-22T04:08:00,,,,,,,,,,,,,,,,,,,,,,,,,,,,,,,,,,,,,,,,,,,,,,,,,,,,,,,,,,,,,,,,,,,,,,,,,,
2019-10-23,998.7,1000.7,2019-10-23T21:45:00,997.0,2019-10-23T14:51:00,26.1,31.7,2019-10-23T11:11:00,22.5,2019-10-23T02:45:00,79,47,2019-10-23T11:32:00,1.0,104,4.5,123,2019-10-23T23:23:00,0.0,,,,,,,,,,,,,,,,0.0,2019-10-23T01:00:00,,,0,,100,2019-10-23T07:42:00,,,,,,,,,,,,,,,,,,,,,,,,,,,,,,,,,,,,,,,,,,,,,,,,,,,,,,,,,,,,,,,,,,,,,,,,,,
2019-10-24,1001.1,1003.0,2019-10-24T22:43:00,999.3,2019-10-24T02:11:00,26.1,30.5,2019-10-24T10:25:00,23.1,2019-10-24T06:22:00,86,56,2019-10-24T11:22:00,0.9,54,5.0,211,2019-10-24T14:35:00,0.0,,,,,,,,,,,,,,,,0.0,2019-10-24T01:00:00,,,0,,100,2019-10-24T07:32:00,,,,,,,,,,,,,,,,,,,,,,,,,,,,,,,,,,,,,,,,,,,,,,,,,,,,,,,,,,,,,,,,,,,,,,,,,,
2019-10-25,1002.9,1004.6,2019-10-25T21:22:00,1000.8,2019-10-25T14:51:00,26.1,30.5,2019-10-25T12:52:00,23.5,2019-10-25T06:32:00,88,58,2019-10-25T09:45:00,1.1,111,5.7,146,2019-10-25T06:05:00,0.0,,,,,,,,,,,,,,,,0.0,2019-10-25T01:00:00,,,0,,100,2019-10-25T08:24:00,,,,,,,,,,,,,,,,,,,,,,,,,,,,,,,,,,,,,,,,,,,,,,,,,,,,,,,,,,,,,,,,,,,,,,,,,,
2019-10-26,1003.0,1004.5,2019-10-26T07:36:00,1001.0,2019-10-26T14:45:00,24.7,30.0,2019-10-26T10:13:00,21.8,2019-10-26T05:41:00,90,58,2019-10-26T10:13:00,1.2,109,4.7,135,2019-10-26T04:49:00,1.0,,,,,,,,,,,,,,,,1.0,2019-10-26T18:00:00,,,0,,100,2019-10-26T08:31:00,,,,,,,,,,,,,,,,,,,,,,,,,,,,,,,,,,,,,,,,,,,,,,,,,,,,,,,,,,,,,,,,,,,,,,,,,,
2019-10-27,1001.2,1003.1,2019-10-27T08:33:00,998.6,2019-10-27T14:12:00,25.5,32.2,2019-10-27T12:41:00,22.1,2019-10-27T04:41:00,87,45,2019-10-27T12:54:00,1.0,110,5.0,124,2019-10-27T05:57:00,0.0,,,,,,,,,,,,,,,,0.0,2019-10-27T01:00:00,,,0,,100,2019-10-27T16:32:00,,,,,,,,,,,,,,,,,,,,,,,,,,,,,,,,,,,,,,,,,,,,,,,,,,,,,,,,,,,,,,,,,,,,,,,,,,
2019-10-28,1000.2,1001.6,2019-10-28T00:01:00,997.8,2019-10-28T14:22:00,26.1,33.1,2019-10-28T14:18:00,22.0,2019-10-28T05:05:00,83,42,2019-10-28T13:11:00,1.1,108,6.6,145,2019-10-28T05:54:00,0.0,,,,,,,,,,,,,,,,0.0,2019-10-28T01:00:00,,,0,,100,2019-10-28T08:05:00,,,,,,,,,,,,,,,,,,,,,,,,,,,,,,,,,,,,,,,,,,,,,,,,,,,,,,,,,,,,,,,,,,,,,,,,,,
2019-10-29,1000.4,1002.1,2019-10-29T21:21:00,998.8,2019-10-29T15:07:00,25.6,30.5,2019-10-29T11:06:00,21.5,2019-10-29T03:54:00,86,54,2019-10-29T09:47:00,0.9,45,4.8,119,2019-10-29T00:32:00,0.0,,,,,,,,,,,,,,,,0.0,2019-10-29T01:00:00,,,0,,100,2019-10-29T09:01:00,,,,,,,,,,,,,,,,,,,,,,,,,,,,,,,,,,,,,,,,,,,,,,,,,,,,,,,,,,,,,,,,,,,,,,,,,,
2019-10-30,1001.6,1003.1,2019-10-30T21:21:00,1000.3,2019-10-30T14:02:00,25.4,31.6,2019-10-30T11:56:00,21.2,2019-10-30T05:31:00,87,56,2019-10-30T11:56:00,0.6,28,4.3,233,2019-10-30T10:13:00,0.0,,,,,,,,,,,,,,,,0.0,2019-10-30T01:00:00,,,0,,100,2019-10-30T18:01:00,,,,,,,,,,,,,,,,,,,,,,,,,,,,,,,,,,,,,,,,,,,,,,,,,,,,,,,,,,,,,,,,,,,,,,,,,,
2019-10-31,1001.5,1002.5,2019-10-31T20:16:00,1000.0,2019-10-31T14:01:00,26.3,31.0,2019-10-31T13:41:00,23.3,2019-10-31T04:45:00,88,58,2019-10-31T11:51:00,0.8,28,3.8,187,2019-10-31T15:31:00,0.0,,,,,,,,,,,,,,,,0.0,2019-10-31T01:00:00,,,0,,100,2019-10-31T17:41:00,,,,,,,,,,,,,,,,,,,,,,,,,,,,,,,,,,,,,,,,,,,,,,,,,,,,,,,,,,,,,,,,,,,,,,,,,,
2019-11-01,1000.9,1002.7,2019-11-01T08:13:00,999.0,2019-11-01T13:53:00,26.5,31.6,2019-11-01T11:22:00,23.5,2019-11-01T05:35:00,84,52,2019-11-01T11:37:00,0.9,101,4.3,220,2019-11-01T15:28:00,0.0,,,,,,,,,,,,,,,,0,2019-11-01T01:00:00,,,0,,100,2019-11-01T08:24:00,,,,,,,,,,,,,,,,,,,,,,,,,,,,,,,,,,,,,,,,,,,,,,,,,,,,,,,,,,,,,,,,,,,,,,,,,,
2019-11-02,999.6,1001.0,2019-11-02T08:01:00,997.8,2019-11-02T15:11:00,26.4,31.7,2019-11-02T12:02:00,23.0,2019-11-02T06:21:00,83,50,2019-11-02T12:02:00,1.0,109,4.9,135,2019-11-02T07:40:00,0.0,,,,,,,,,,,,,,,,0,2019-11-02T01:00:00,,,0,,100,2019-11-02T08:11:00,,,,,,,,,,,,,,,,,,,,,,,,,,,,,,,,,,,,,,,,,,,,,,,,,,,,,,,,,,,,,,,,,,,,,,,,,,
2019-11-03,998.9,1000.7,2019-11-03T07:22:00,997.3,2019-11-03T14:37:00,26.3,31.8,2019-11-03T13:44:00,22.5,2019-11-03T04:43:00,84,51,2019-11-03T13:44:00,1.0,2,5.1,132,2019-11-03T05:47:00,0.0,,,,,,,,,,,,,,,,0,2019-11-03T01:00:00,,,0,,100,2019-11-03T17:43:00,,,,,,,,,,,,,,,,,,,,,,,,,,,,,,,,,,,,,,,,,,,,,,,,,,,,,,,,,,,,,,,,,,,,,,,,,,
2019-11-04,998.3,1000.0,2019-11-04T09:02:00,997.0,2019-11-04T13:31:00,24.0,26.8,2019-11-04T11:11:00,21.8,2019-11-04T23:51:00,99,99,2019-11-04T15:11:00,0.3,270,3.2,331,2019-11-04T03:31:00,2.5,,,,,,,,,,,,,,,,1,2019-11-04T16:00:00,,,0,,99,2019-11-04T09:57:00,,,,,,,,,,,,,,,,,,,,,,,,,,,,,,,,,,,,,,,,,,,,,,,,,,,,,,,,,,,,,,,,,,,,,,,,,,
2019-11-05,997.0,998.7,2019-11-05T09:01:00,995.5,2019-11-05T13:52:00,23.7,28.2,2019-11-05T10:42:00,20.5,2019-11-05T04:33:00,95,72,2019-11-05T15:15:00,0.7,62,4.0,263,2019-11-05T11:13:00,0.0,,,,,,,,,,,,,,,,0,2019-11-05T01:00:00,,,0,,100,2019-11-05T10:42:00,,,,,,,,,,,,,,,,,,,,,,,,,,,,,,,,,,,,,,,,,,,,,,,,,,,,,,,,,,,,,,,,,,,,,,,,,,
2019-11-06,996.6,998.2,2019-11-06T09:13:00,994.8,2019-11-06T14:29:00,24.2,30.5,2019-11-06T12:23:00,21.0,2019-11-06T05:22:00,85,47,2019-11-06T12:23:00,1.1,104,4.5,101,2019-11-06T04:52:00,0.0,,,,,,,,,,,,,,,,0,2019-11-06T01:00:00,,,0,,100,2019-11-06T08:31:00,,,,,,,,,,,,,,,,,,,,,,,,,,,,,,,,,,,,,,,,,,,,,,,,,,,,,,,,,,,,,,,,,,,,,,,,,,
2019-11-07,997.7,999.5,2019-11-07T22:15:00,995.8,2019-11-07T14:02:00,23.9,28.8,2019-11-07T14:51:00,20.7,2019-11-07T06:19:00,85,52,2019-11-07T14:32:00,1.2,105,5.2,127,2019-11-07T22:50:00,0.0,,,,,,,,,,,,,,,,0,2019-11-07T01:00:00,,,0,,100,2019-11-07T07:31:00,,,,,,,,,,,,,,,,,,,,,,,,,,,,,,,,,,,,,,,,,,,,,,,,,,,,,,,,,,,,,,,,,,,,,,,,,,
2019-11-08,1000.5,1002.7,2019-11-08T23:11:00,998.5,2019-11-08T02:32:00,24.3,30.3,2019-11-08T12:32:00,20.5,2019-11-08T07:07:00,84,48,2019-11-08T13:23:00,1.3,100,5.7,234,2019-11-08T14:09:00,0.0,,,,,,,,,,,,,,,,0,2019-11-08T01:00:00,,,0,,100,2019-11-08T08:21:00,,,,,,,,,,,,,,,,,,,,,,,,,,,,,,,,,,,,,,,,,,,,,,,,,,,,,,,,,,,,,,,,,,,,,,,,,,
2019-11-09,1002.1,1004.0,2019-11-09T08:31:00,1000.0,2019-11-09T14:04:00,23.9,30.0,2019-11-09T12:04:00,19.6,2019-11-09T05:25:00,73,43,2019-11-09T11:48:00,1.3,106,6.0,111,2019-11-09T06:19:00,0.0,,,,,,,,,,,,,,,,0,2019-11-09T01:00:00,,,0,,100,2019-11-09T07:25:00,,,,,,,,,,,,,,,,,,,,,,,,,,,,,,,,,,,,,,,,,,,,,,,,,,,,,,,,,,,,,,,,,,,,,,,,,,
2019-11-10,1001.2,1003.1,2019-11-10T09:06:00,998.8,2019-11-10T14:51:00,23.5,29.3,2019-11-10T12:46:00,19.5,2019-11-10T05:53:00,67,41,2019-11-10T12:52:00,1.4,110,6.7,129,2019-11-10T06:23:00,0.0,,,,,,,,,,,,,,,,0,2019-11-10T01:00:00,,,0,,100,2019-11-10T18:42:00,,,,,,,,,,,,,,,,,,,,,,,,,,,,,,,,,,,,,,,,,,,,,,,,,,,,,,,,,,,,,,,,,,,,,,,,,,
2019-11-11,1001.3,1003.3,2019-11-11T21:21:00,999.5,2019-11-11T14:11:00,23.4,29.7,2019-11-11T12:41:00,19.5,2019-11-11T06:01:00,72,38,2019-11-11T12:41:00,1.4,107,6.3,130,2019-11-11T06:45:00,0.0,,,,,,,,,,,,,,,,0,2019-11-11T01:00:00,,,0,,100,2019-11-11T05:11:00,,,,,,,,,,,,,,,,,,,,,,,,,,,,,,,,,,,,,,,,,,,,,,,,,,,,,,,,,,,,,,,,,,,,,,,,,,
2019-11-12,1003.0,1005.0,2019-11-12T09:01:00,1001.0,2019-11-12T14:31:00,23.8,29.5,2019-11-12T12:11:00,19.6,2019-11-12T05:12:00,62,39,2019-11-12T14:21:00,1.5,110,6.6,117,2019-11-12T05:09:00,0.0,,,,,,,,,,,,,,,,0,2019-11-12T01:00:00,,,0,,100,2019-11-12T02:24:00,,,,,,,,,,,,,,,,,,,,,,,,,,,,,,,,,,,,,,,,,,,,,,,,,,,,,,,,,,,,,,,,,,,,,,,,,,
2019-11-13,1003.9,1006.2,2019-11-13T09:12:00,1001.3,2019-11-13T15:15:00,23.6,29.3,2019-11-13T14:51:00,19.7,2019-11-13T06:08:00,62,41,2019-11-13T09:12:00,1.5,109,7.4,131,2019-11-13T06:44:00,0.0,,,,,,,,,,,,,,,,0,2019-11-13T01:00:00,,,0,,100,2019-11-13T19:21:00,,,,,,,,,,,,,,,,,,,,,,,,,,,,,,,,,,,,,,,,,,,,,,,,,,,,,,,,,,,,,,,,,,,,,,,,,,
2019-11-14,1002.6,1004.6,2019-11-14T08:35:00,1000.5,2019-11-14T13:53:00,23.4,29.5,2019-11-14T11:43:00,19.5,2019-11-14T04:23:00,74,49,2019-11-14T12:21:00,1.1,108,8.0,115,2019-11-14T00:55:00,0.0,,,,,,,,,,,,,,,,0,2019-11-14T01:00:00,,,0,,100,2019-11-14T19:04:00,,,,,,,,,,,,,,,,,,,,,,,,,,,,,,,,,,,,,,,,,,,,,,,,,,,,,,,,,,,,,,,,,,,,,,,,,,
2019-11-15,1002.0,1003.5,2019-11-15T08:52:00,1000.2,2019-11-15T15:15:00,23.6,29.2,2019-11-15T12:43:00,19.5,2019-11-15T05:42:00,78,45,2019-11-15T12:48:00,1.2,105,5.8,123,2019-11-15T06:40:00,0.0,,,,,,,,,,,,,,,,0,2019-11-15T01:00:00,,,0,,100,2019-11-15T07:08:00,,,,,,,,,,,,,,,,,,,,,,,,,,,,,,,,,,,,,,,,,,,,,,,,,,,,,,,,,,,,,,,,,,,,,,,,,,
2019-11-16,1001.8,1003.6,2019-11-16T08:58:00,1000.0,2019-11-16T14:41:00,23.6,29.1,2019-11-16T13:11:00,19.5,2019-11-16T06:13:00,63,43,2019-11-16T13:23:00,1.5,109,7.7,110,2019-11-16T05:57:00,0.0,,,,,,,,,,,,,,,,0,2019-11-16T01:00:00,,,0,,100,2019-11-16T21:07:00,,,,,,,,,,,,,,,,,,,,,,,,,,,,,,,,,,,,,,,,,,,,,,,,,,,,,,,,,,,,,,,,,,,,,,,,,,
2019-11-17,1000.9,1002.5,2019-11-17T07:56:00,998.3,2019-11-17T14:57:00,24.6,32.0,2019-11-17T14:16:00,18.6,2019-11-17T06:21:00,68,33,2019-11-17T12:01:00,1.2,85,5.2,116,2019-11-17T23:25:00,0.0,,,,,,,,,,,,,,,,0,2019-11-17T01:00:00,,,0,,100,2019-11-17T07:41:00,,,,,,,,,,,,,,,,,,,,,,,,,,,,,,,,,,,,,,,,,,,,,,,,,,,,,,,,,,,,,,,,,,,,,,,,,,
2019-11-18,999.9,1001.6,2019-11-18T08:24:00,998.3,2019-11-18T14:11:00,25.7,32.1,2019-11-18T14:11:00,21.0,2019-11-18T06:21:00,71,41,2019-11-18T14:11:00,0.9,53,4.8,73,2019-11-18T00:33:00,0.0,,,,,,,,,,,,,,,,0,2019-11-18T01:00:00,,,0,,100,2019-11-18T07:41:00,,,,,,,,,,,,,,,,,,,,,,,,,,,,,,,,,,,,,,,,,,,,,,,,,,,,,,,,,,,,,,,,,,,,,,,,,,
2019-11-19,1000.4,1002.5,2019-11-19T21:43:00,998.5,2019-11-19T04:11:00,22.9,27.1,2019-11-19T12:39:00,20.8,2019-11-19T06:21:00,88,65,2019-11-19T12:39:00,0.5,264,3.6,329,2019-11-19T15:34:00,0.0,,,,,,,,,,,,,,,,0,2019-11-19T01:00:00,,,0,,100,2019-11-19T10:52:00,,,,,,,,,,,,,,,,,,,,,,,,,,,,,,,,,,,,,,,,,,,,,,,,,,,,,,,,,,,,,,,,,,,,,,,,,,
2019-11-20,1002.1,1004.2,2019-11-20T09:03:00,1000.7,2019-11-20T15:42:00,23.3,28.5,2019-11-20T09:51:00,19.7,2019-11-20T23:54:00,85,51,2019-11-20T09:51:00,0.7,57,3.8,220,2019-11-20T13:51:00,0.0,,,,,,,,,,,,,,,,0,2019-11-20T01:00:00,,,0,,100,2019-11-20T09:03:00,,,,,,,,,,,,,,,,,,,,,,,,,,,,,,,,,,,,,,,,,,,,,,,,,,,,,,,,,,,,,,,,,,,,,,,,,,
2019-11-21,1001.3,1003.2,2019-11-21T08:47:00,999.1,2019-11-21T14:32:00,23.9,30.1,2019-11-21T14:32:00,19.5,2019-11-21T00:16:00,81,45,2019-11-21T14:01:00,0.8,110,4.4,283,2019-11-21T10:25:00,0.0,,,,,,,,,,,,,,,,0,2019-11-21T01:00:00,,,0,,100,2019-11-21T09:02:00,,,,,,,,,,,,,,,,,,,,,,,,,,,,,,,,,,,,,,,,,,,,,,,,,,,,,,,,,,,,,,,,,,,,,,,,,,
2019-11-22,1000.7,1002.2,2019-11-22T20:32:00,999.2,2019-11-22T14:21:00,23.7,31.2,2019-11-22T14:21:00,18.0,2019-11-22T05:13:00,83,43,2019-11-22T12:44:00,0.8,225,4.9,245,2019-11-22T12:20:00,0.0,,,,,,,,,,,,,,,,0,2019-11-22T01:00:00,,,0,,100,2019-11-22T09:21:00,,,,,,,,,,,,,,,,,,,,,,,,,,,,,,,,,,,,,,,,,,,,,,,,,,,,,,,,,,,,,,,,,,,,,,,,,,
2019-11-23,1002.4,1004.5,2019-11-23T09:02:00,1000.8,2019-11-23T14:22:00,24.4,29.1,2019-11-23T11:41:00,20.3,2019-11-23T06:02:00,84,55,2019-11-23T11:41:00,1.1,106,4.9,116,2019-11-23T22:14:00,0.0,,,,,,,,,,,,,,,,0,2019-11-23T01:00:00,,,0,,100,2019-11-23T07:45:00,,,,,,,,,,,,,,,,,,,,,,,,,,,,,,,,,,,,,,,,,,,,,,,,,,,,,,,,,,,,,,,,,,,,,,,,,,
2019-11-24,1003.2,1005.2,2019-11-24T22:41:00,1001.1,2019-11-24T04:03:00,25.4,30.2,2019-11-24T11:03:00,21.0,2019-11-24T07:14:00,81,50,2019-11-24T11:01:00,1.0,108,6.1,122,2019-11-24T04:03:00,0.0,,,,,,,,,,,,,,,,0,2019-11-24T01:00:00,,,0,,100,2019-11-24T19:37:00,,,,,,,,,,,,,,,,,,,,,,,,,,,,,,,,,,,,,,,,,,,,,,,,,,,,,,,,,,,,,,,,,,,,,,,,,,
2019-11-25,1004.9,1006.5,2019-11-25T08:21:00,1003.2,2019-11-25T14:17:00,25.3,31.6,2019-11-25T12:01:00,21.7,2019-11-25T06:51:00,84,45,2019-11-25T12:01:00,0.9,97,6.5,230,2019-11-25T14:35:00,0.0,,,,,,,,,,,,,,,,0,2019-11-25T01:00:00,,,0,,100,2019-11-25T08:17:00,,,,,,,,,,,,,,,,,,,,,,,,,,,,,,,,,,,,,,,,,,,,,,,,,,,,,,,,,,,,,,,,,,,,,,,,,,
2019-11-26,1005.4,1007.0,2019-11-26T08:52:00,1003.7,2019-11-26T15:01:00,24.1,29.1,2019-11-26T11:11:00,21.2,2019-11-26T06:11:00,87,58,2019-11-26T13:04:00,0.9,54,3.9,214,2019-11-26T14:35:00,0.0,,,,,,,,,,,,,,,,0,2019-11-26T01:00:00,,,0,,100,2019-11-26T08:21:00,,,,,,,,,,,,,,,,,,,,,,,,,,,,,,,,,,,,,,,,,,,,,,,,,,,,,,,,,,,,,,,,,,,,,,,,,,
2019-11-27,1004.8,1007.0,2019-11-27T08:42:00,1002.3,2019-11-27T14:25:00,24.5,30.5,2019-11-27T12:04:00,20.1,2019-11-27T06:11:00,81,47,2019-11-27T12:11:00,0.9,53,4.7,124,2019-11-27T03:16:00,0.0,,,,,,,,,,,,,,,,0,2019-11-27T01:00:00,,,0,,100,2019-11-27T21:03:00,,,,,,,,,,,,,,,,,,,,,,,,,,,,,,,,,,,,,,,,,,,,,,,,,,,,,,,,,,,,,,,,,,,,,,,,,,
2019-11-28,1005.4,1007.0,2019-11-28T09:28:00,1003.6,2019-11-28T14:22:00,22.5,28.5,2019-11-28T11:01:00,17.7,2019-11-28T23:41:00,88,61,2019-11-28T11:01:00,0.5,5,4.2,220,2019-11-28T13:51:00,0.0,,,,,,,,,,,,,,,,0,2019-11-28T01:00:00,,,0,,100,2019-11-28T10:17:00,,,,,,,,,,,,,,,,,,,,,,,,,,,,,,,,,,,,,,,,,,,,,,,,,,,,,,,,,,,,,,,,,,,,,,,,,,
2019-11-29,1006.6,1008.0,2019-11-29T08:31:00,1005.5,2019-11-29T13:52:00,20.7,27.7,2019-11-29T11:55:00,16.1,2019-11-29T06:34:00,85,47,2019-11-29T11:55:00,0.7,52,4.5,250,2019-11-29T15:16:00,0.0,,,,,,,,,,,,,,,,0,2019-11-29T01:00:00,,,0,,100,2019-11-29T09:16:00,,,,,,,,,,,,,,,,,,,,,,,,,,,,,,,,,,,,,,,,,,,,,,,,,,,,,,,,,,,,,,,,,,,,,,,,,,
2019-11-30,1005.5,1007.1,2019-11-30T08:41:00,1003.5,2019-11-30T14:11:00,21.6,27.3,2019-11-30T11:31:00,17.0,2019-11-30T04:24:00,77,41,2019-11-30T12:37:00,1.3,106,5.8,112,2019-11-30T03:36:00,0.0,,,,,,,,,,,,,,,,0,2019-11-30T01:00:00,,,0,,100,2019-11-30T08:03:00,,,,,,,,,,,,,,,,,,,,,,,,,,,,,,,,,,,,,,,,,,,,,,,,,,,,,,,,,,,,,,,,,,,,,,,,,,
2019-12-01,1003.5,1005.3,2019-12-01T08:11:00,1001.3,2019-12-01T14:21:00,22.6,28.0,2019-12-01T11:15:00,18.7,2019-12-01T07:14:00,81,43,2019-12-01T14:21:00,1.1,74,5.4,127,2019-12-01T03:36:00,0.0,,,,,,,,,,,,,,,,0.0,2019-12-01T01:00:00,,,0,,100,2019-12-01T08:23:00,,,,,,,,,,,,,,,,,,,,,,,,,,,,,,,,,,,,,,,,,,,,,,,,,,,,,,,,,,,,,,,,,,,,,,,,,,
2019-12-02,1003.8,1005.5,2019-12-02T20:16:00,1001.8,2019-12-02T14:31:00,20.2,27.1,2019-12-02T13:37:00,14.3,2019-12-02T23:53:00,80,48,2019-12-02T14:31:00,0.7,290,5.5,246,2019-12-02T15:08:00,0.0,,,,,,,,,,,,,,,,0.0,2019-12-02T01:00:00,,,0,,100,2019-12-02T09:53:00,,,,,,,,,,,,,,,,,,,,,,,,,,,,,,,,,,,,,,,,,,,,,,,,,,,,,,,,,,,,,,,,,,,,,,,,,,
2019-12-03,1005.5,1006.8,2019-12-03T08:31:00,1003.6,2019-12-03T14:11:00,18.8,25.0,2019-12-03T13:16:00,13.3,2019-12-03T01:21:00,77,43,2019-12-03T12:31:00,0.7,38,4.1,246,2019-12-03T15:36:00,0.0,,,,,,,,,,,,,,,,0.0,2019-12-03T01:00:00,,,0,,99,2019-12-03T08:40:00,,,,,,,,,,,,,,,,,,,,,,,,,,,,,,,,,,,,,,,,,,,,,,,,,,,,,,,,,,,,,,,,,,,,,,,,,,
2019-12-04,1006.3,1007.8,2019-12-04T20:51:00,1004.5,2019-12-04T14:21:00,18.5,23.1,2019-12-04T12:52:00,16.1,2019-12-04T20:51:00,92,54,2019-12-04T13:34:00,0.5,25,5.6,305,2019-12-04T14:37:00,6.0,,,,,,,,,,,,,,,,3.0,2019-12-04T17:00:00,,,0,,100,2019-12-04T09:29:00,,,,,,,,,,,,,,,,,,,,,,,,,,,,,,,,,,,,,,,,,,,,,,,,,,,,,,,,,,,,,,,,,,,,,,,,,,
2019-12-05,1006.1,1007.5,2019-12-05T09:21:00,1003.8,2019-12-05T14:35:00,16.9,20.8,2019-12-05T13:04:00,15.1,2019-12-05T23:22:00,99,99,2019-12-05T07:51:00,0.6,286,3.8,336,2019-12-05T16:17:00,0.0,,,,,,,,,,,,,,,,0.0,2019-12-05T01:00:00,,,0,,99,2019-12-05T13:01:00,,,,,,,,,,,,,,,,,,,,,,,,,,,,,,,,,,,,,,,,,,,,,,,,,,,,,,,,,,,,,,,,,,,,,,,,,,
2019-12-06,1005.1,1006.3,2019-12-06T00:03:00,1003.5,2019-12-06T14:42:00,16.4,18.7,2019-12-06T10:11:00,14.8,2019-12-06T05:01:00,99,99,2019-12-06T08:43:00,0.5,195,3.2,275,2019-12-06T10:51:00,6.0,,,,,,,,,,,,,,,,2.0,2019-12-06T18:00:00,,,0,,99,2019-12-06T10:03:00,,,,,,,,,,,,,,,,,,,,,,,,,,,,,,,,,,,,,,,,,,,,,,,,,,,,,,,,,,,,,,,,,,,,,,,,,,
2019-12-07,1006.5,1008.7,2019-12-07T21:01:00,1003.6,2019-12-07T03:04:00,15.9,18.8,2019-12-07T14:15:00,14.3,2019-12-07T08:58:00,99,99,2019-12-07T10:48:00,0.5,6,3.3,290,2019-12-07T08:27:00,0.5,,,,,,,,,,,,,,,,0.5,2019-12-07T05:00:00,,,0,,99,2019-12-07T14:15:00,,,,,,,,,,,,,,,,,,,,,,,,,,,,,,,,,,,,,,,,,,,,,,,,,,,,,,,,,,,,,,,,,,,,,,,,,,
2019-12-08,1007.8,1009.5,2019-12-08T09:01:00,1005.6,2019-12-08T14:31:00,17.9,24.0,2019-12-08T14:31:00,13.1,2019-12-08T02:44:00,80,39,2019-12-08T14:48:00,1.1,107,5.1,140,2019-12-08T06:50:00,0.0,,,,,,,,,,,,,,,,0.0,2019-12-08T01:00:00,,,0,,100,2019-12-08T09:13:00,,,,,,,,,,,,,,,,,,,,,,,,,,,,,,,,,,,,,,,,,,,,,,,,,,,,,,,,,,,,,,,,,,,,,,,,,,
2019-12-09,1006.5,1008.6,2019-12-09T00:01:00,1004.0,2019-12-09T14:31:00,18.9,25.1,2019-12-09T14:12:00,14.7,2019-12-09T05:21:00,60,37,2019-12-09T14:12:00,1.7,108,8.0,124,2019-12-09T07:08:00,0.0,,,,,,,,,,,,,,,,0.0,,,,0,,100,2019-12-09T23:51:00,,,,,,,,,,,,,,,,,,,,,,,,,,,,,,,,,,,,,,,,,,,,,,,,,,,,,,,,,,,,,,,,,,,,,,,,,,
2019-12-10,1003.5,1006.0,2019-12-10T00:01:00,1000.6,2019-12-10T14:42:00,19.3,26.3,2019-12-10T14:15:00,14.6,2019-12-10T04:42:00,65,31,2019-12-10T13:30:00,1.5,60,6.8,89,2019-12-10T01:38:00,0.0,,,,,,,,,,,,,,,,0.0,,,,0,,100,2019-12-10T00:43:00,,,,,,,,,,,,,,,,,,,,,,,,,,,,,,,,,,,,,,,,,,,,,,,,,,,,,,,,,,,,,,,,,,,,,,,,,,
2019-12-11,1002.8,1005.2,2019-12-11T23:13:00,1000.7,2019-12-11T14:26:00,21.0,27.0,2019-12-11T12:52:00,16.7,2019-12-11T00:01:00,59,34,2019-12-11T13:04:00,1.8,108,7.9,131,2019-12-11T06:08:00,0.0,,,,,,,,,,,,,,,,0.0,,,,0,,87,2019-12-11T23:22:00,,,,,,,,,,,,,,,,,,,,,,,,,,,,,,,,,,,,,,,,,,,,,,,,,,,,,,,,,,,,,,,,,,,,,,,,,,
2019-12-12,1006.0,1008.5,2019-12-12T21:02:00,1004.1,2019-12-12T02:50:00,20.4,26.2,2019-12-12T13:01:00,16.3,2019-12-12T06:21:00,77,44,2019-12-12T13:46:00,1.3,105,5.8,122,2019-12-12T05:57:00,0.0,,,,,,,,,,,,,,,,0.0,,,,0,,100,2019-12-12T19:52:00,,,,,,,,,,,,,,,,,,,,,,,,,,,,,,,,,,,,,,,,,,,,,,,,,,,,,,,,,,,,,,,,,,,,,,,,,,
2019-12-13,1007.8,1009.8,2019-12-13T09:11:00,1006.0,2019-12-13T14:44:00,20.8,27.3,2019-12-13T14:18:00,16.3,2019-12-13T07:03:00,59,33,2019-12-13T13:53:00,1.6,107,7.0,123,2019-12-13T05:34:00,0.0,,,,,,,,,,,,,,,,0.0,,,,0,,100,2019-12-13T02:22:00,,,,,,,,,,,,,,,,,,,,,,,,,,,,,,,,,,,,,,,,,,,,,,,,,,,,,,,,,,,,,,,,,,,,,,,,,,
2019-12-14,1006.9,1009.0,2019-12-14T08:41:00,1004.6,2019-12-14T14:31:00,22.3,29.2,2019-12-14T14:18:00,17.3,2019-12-14T05:55:00,60,36,2019-12-14T09:33:00,1.5,107,6.8,143,2019-12-14T07:22:00,0.0,,,,,,,,,,,,,,,,0.0,,,,0,,84,2019-12-14T20:54:00,,,,,,,,,,,,,,,,,,,,,,,,,,,,,,,,,,,,,,,,,,,,,,,,,,,,,,,,,,,,,,,,,,,,,,,,,,
2019-12-15,1006.2,1008.1,2019-12-15T08:11:00,1003.8,2019-12-15T14:53:00,22.5,28.5,2019-12-15T13:57:00,18.2,2019-12-15T04:42:00,71,42,2019-12-15T10:11:00,1.3,104,7.1,122,2019-12-15T07:15:00,0.0,,,,,,,,,,,,,,,,0.0,,,,0,,100,2019-12-15T18:21:00,,,,,,,,,,,,,,,,,,,,,,,,,,,,,,,,,,,,,,,,,,,,,,,,,,,,,,,,,,,,,,,,,,,,,,,,,,
2019-12-16,1004.5,1006.5,2019-12-16T00:01:00,1001.3,2019-12-16T14:42:00,23.4,30.0,2019-12-16T14:21:00,19.0,2019-12-16T06:37:00,65,40,2019-12-16T12:52:00,1.6,107,7.5,116,2019-12-16T06:19:00,0.0,,,,,,,,,,,,,,,,0.0,,,,0,,100,2019-12-16T02:36:00,,,,,,,,,,,,,,,,,,,,,,,,,,,,,,,,,,,,,,,,,,,,,,,,,,,,,,,,,,,,,,,,,,,,,,,,,,
2019-12-17,1004.4,1006.5,2019-12-17T08:21:00,1002.1,2019-12-17T14:51:00,24.0,30.3,2019-12-17T13:22:00,19.6,2019-12-17T04:45:00,64,42,2019-12-17T13:22:00,1.5,109,6.4,124,2019-12-17T01:33:00,0.0,,,,,,,,,,,,,,,,0.0,,,,0,,85,2019-12-17T01:13:00,,,,,,,,,,,,,,,,,,,,,,,,,,,,,,,,,,,,,,,,,,,,,,,,,,,,,,,,,,,,,,,,,,,,,,,,,,
2019-12-18,1004.6,1006.5,2019-12-18T09:15:00,1002.1,2019-12-18T14:16:00,24.3,30.0,2019-12-18T12:32:00,20.2,2019-12-18T23:42:00,63,41,2019-12-18T09:46:00,1.3,107,6.5,130,2019-12-18T00:04:00,0.0,,,,,,,,,,,,,,,,0.0,,,,0,,100,2019-12-18T21:17:00,,,,,,,,,,,,,,,,,,,,,,,,,,,,,,,,,,,,,,,,,,,,,,,,,,,,,,,,,,,,,,,,,,,,,,,,,,
2019-12-19,1004.9,1006.8,2019-12-19T10:32:00,1003.1,2019-12-19T14:03:00,22.5,28.5,2019-12-19T12:51:00,18.6,2019-12-19T23:22:00,75,50,2019-12-19T07:51:00,1.3,102,6.7,115,2019-12-19T06:29:00,0.0,,,,,,,,,,,,,,,,0.0,,,,0,,100,2019-12-19T09:35:00,,,,,,,,,,,,,,,,,,,,,,,,,,,,,,,,,,,,,,,,,,,,,,,,,,,,,,,,,,,,,,,,,,,,,,,,,,
2019-12-20,1004.2,1005.3,2019-12-20T08:31:00,1002.2,2019-12-20T15:58:00,20.8,25.0,2019-12-20T13:42:00,17.7,2019-12-20T06:22:00,94,67,2019-12-20T15:47:00,0.6,18,4.0,292,2019-12-20T13:54:00,0.0,,,,,,,,,,,,,,,,0.0,,,,0,,100,2019-12-20T12:05:00,,,,,,,,,,,,,,,,,,,,,,,,,,,,,,,,,,,,,,,,,,,,,,,,,,,,,,,,,,,,,,,,,,,,,,,,,,
2019-12-21,1002.9,1004.7,2019-12-21T08:42:00,1000.5,2019-12-21T14:41:00,22.8,29.0,2019-12-21T13:54:00,18.5,2019-12-21T03:41:00,82,42,2019-12-21T14:11:00,1.0,48,4.9,68,2019-12-21T07:01:00,0.0,,,,,,,,,,,,,,,,0.0,,,,0,,100,2019-12-21T09:04:00,,,,,,,,,,,,,,,,,,,,,,,,,,,,,,,,,,,,,,,,,,,,,,,,,,,,,,,,,,,,,,,,,,,,,,,,,,
2019-12-22,1001.1,1002.7,2019-12-22T00:09:00,998.3,2019-12-22T14:21:00,23.4,29.7,2019-12-22T14:21:00,19.0,2019-12-22T06:21:00,79,39,2019-12-22T12:52:00,1.0,41,5.5,281,2019-12-22T16:51:00,0.0,,,,,,,,,,,,,,,,0.0,,,,0,,100,2019-12-22T08:04:00,,,,,,,,,,,,,,,,,,,,,,,,,,,,,,,,,,,,,,,,,,,,,,,,,,,,,,,,,,,,,,,,,,,,,,,,,,
2019-12-23,1002.4,1004.5,2019-12-23T23:51:00,1000.1,2019-12-23T14:02:00,23.2,30.0,2019-12-23T14:34:00,19.2,2019-12-23T03:33:00,76,41,2019-12-23T14:37:00,1.2,218,6.1,55,2019-12-23T01:53:00,0.0,,,,,,,,,,,,,,,,0.0,,,,0,,100,2019-12-23T01:02:00,,,,,,,,,,,,,,,,,,,,,,,,,,,,,,,,,,,,,,,,,,,,,,,,,,,,,,,,,,,,,,,,,,,,,,,,,,
2019-12-24,1003.5,1005.5,2019-12-24T08:54:00,1001.2,2019-12-24T14:52:00,23.2,29.3,2019-12-24T14:25:00,18.8,2019-12-24T04:24:00,68,40,2019-12-24T14:25:00,1.3,103,5.5,106,2019-12-24T22:41:00,0.0,,,,,,,,,,,,,,,,0.0,,,,0,,100,2019-12-24T02:53:00,,,,,,,,,,,,,,,,,,,,,,,,,,,,,,,,,,,,,,,,,,,,,,,,,,,,,,,,,,,,,,,,,,,,,,,,,,
2019-12-25,1001.9,1004.2,2019-12-25T08:27:00,999.5,2019-12-25T15:07:00,23.6,29.5,2019-12-25T12:52:00,19.6,2019-12-25T03:19:00,78,41,2019-12-25T12:38:00,1.0,107,4.5,207,2019-12-25T13:19:00,0.0,,,,,,,,,,,,,,,,0.0,,,,0,,100,2019-12-25T00:09:00,,,,,,,,,,,,,,,,,,,,,,,,,,,,,,,,,,,,,,,,,,,,,,,,,,,,,,,,,,,,,,,,,,,,,,,,,,
2019-12-26,1000.8,1002.5,2019-12-26T09:21:00,998.3,2019-12-26T14:51:00,24.0,29.6,2019-12-26T12:13:00,19.8,2019-12-26T05:23:00,74,42,2019-12-26T12:21:00,1.1,106,7.6,100,2019-12-26T03:51:00,0.0,,,,,,,,,,,,,,,,0.0,,,,0,,100,2019-12-26T02:44:00,,,,,,,,,,,,,,,,,,,,,,,,,,,,,,,,,,,,,,,,,,,,,,,,,,,,,,,,,,,,,,,,,,,,,,,,,,
2019-12-27,1004.2,1006.6,2019-12-27T19:55:00,1001.5,2019-12-27T01:01:00,19.3,21.7,2019-12-27T00:53:00,17.5,2019-12-27T07:01:00,99,99,2019-12-27T04:01:00,0.6,55,3.1,79,2019-12-27T00:47:00,0.0,,,,,,,,,,,,,,,,0.0,,,,0,,99,2019-12-27T17:11:00,,,,,,,,,,,,,,,,,,,,,,,,,,,,,,,,,,,,,,,,,,,,,,,,,,,,,,,,,,,,,,,,,,,,,,,,,,
2019-12-28,1005.2,1007.0,2019-12-28T09:02:00,1003.0,2019-12-28T14:16:00,20.6,25.3,2019-12-28T13:31:00,17.7,2019-12-28T02:31:00,88,57,2019-12-28T13:37:00,0.6,4,4.0,271,2019-12-28T13:48:00,0.0,,,,,,,,,,,,,,,,0.0,,,,0,,100,2019-12-28T10:51:00,,,,,,,,,,,,,,,,,,,,,,,,,,,,,,,,,,,,,,,,,,,,,,,,,,,,,,,,,,,,,,,,,,,,,,,,,,
2019-12-29,1004.3,1006.2,2019-12-29T00:44:00,1002.6,2019-12-29T15:31:00,20.2,23.2,2019-12-29T15:58:00,18.0,2019-12-29T05:53:00,99,99,2019-12-29T00:01:00,0.6,5,3.5,36,2019-12-29T23:47:00,11.5,,,,,,,,,,,,,,,,4.5,2019-12-29T01:00:00,,,0,,99,2019-12-29T11:26:00,,,,,,,,,,,,,,,,,,,,,,,,,,,,,,,,,,,,,,,,,,,,,,,,,,,,,,,,,,,,,,,,,,,,,,,,,,
2019-12-30,1005.6,1007.6,2019-12-30T22:13:00,1003.3,2019-12-30T14:43:00,22.0,27.5,2019-12-30T14:31:00,19.0,2019-12-30T03:49:00,94,69,2019-12-30T14:11:00,0.6,47,4.7,341,2019-12-30T17:14:00,0.0,,,,,,,,,,,,,,,,0.0,,,,0,,100,2019-12-30T15:54:00,,,,,,,,,,,,,,,,,,,,,,,,,,,,,,,,,,,,,,,,,,,,,,,,,,,,,,,,,,,,,,,,,,,,,,,,,,
2019-12-31,1009.2,1011.0,2019-12-31T22:11:00,1007.1,2019-12-31T00:01:00,20.9,25.1,2019-12-31T09:54:00,18.3,2019-12-31T23:34:00,99,99,2019-12-31T00:49:00,0.4,54,4.0,263,2019-12-31T10:01:00,1.0,,,,,,,,,,,,,,,,0.5,2019-12-31T18:00:00,,,0,,99,2019-12-31T11:44:00,,,,,,,,,,,,,,,,,,,,,,,,,,,,,,,,,,,,,,,,,,,,,,,,,,,,,,,,,,,,,,,,,,,,,,,,,,
