,StnPres,Tx,RH,WS,WD,WSGust,WDGust,Precp,SunShine,GloblRad,TxSoil0cm,TxSoil10cm,TxSoil20cm,TxSoil50cm,TxSoil100cm
2025-03-02 01:00:00,948.8,17.8,92.0,1.9,253.0,3.1,247.0,0.0,-99.8,-99.8,-99.8,-99.8,-99.8,-99.8,-99.8
2025-03-02 02:00:00,948.3,17.5,88.0,1.7,257.0,3.6,277.0,0.0,-99.8,-99.8,-99.8,-99.8,-99.8,-99.8,-99.8
2025-03-02 03:00:00,947.5,17.3,86.0,1.9,264.0,3.5,269.0,0.0,-99.8,-99.8,-99.8,-99.8,-99.8,-99.8,-99.8
2025-03-02 04:00:00,947.8,17.1,84.0,1.8,268.0,3.5,294.0,0.0,-99.8,-99.8,-99.8,-99.8,-99.8,-99.8,-99.8
2025-03-02 05:00:00,948.2,17.7,78.0,1.1,240.0,2.9,251.0,0.0,-99.8,-99.8,-99.8,-99.8,-99.8,-99.8,-99.8
2025-03-02 06:00:00,948.8,17.1,82.0,1.5,272.0,4.0,259.0,0.0,-99.8,-99.8,-99.8,-99.8,-99.8,-99.8,-99.8
2025-03-02 07:00:00,949.4,16.7,82.0,1.9,254.0,3.4,271.0,0.0,-99.8,-99.8,-99.8,-99.8,-99.8,-99.8,-99.8
2025-03-02 08:00:00,949.6,17.4,80.0,1.9,269.0,3.2,247.0,0.0,-99.8,-99.8,-99.8,-99.8,-99.8,-99.8,-99.8
2025-03-02 09:00:00,949.6,18.6,73.0,1.9,262.0,3.3,237.0,0.0,-99.8,-99.8,-99.8,-99.8,-99.8,-99.8,-99.8
2025-03-02 10:00:00,949.6,21.1,67.0,0.9,269.0,2.9,284.0,0.0,-99.8,-99.8,-99.8,-99.8,-99.8,-99.8,-99.8
2025-03-02 11:00:00,949.4,23.2,61.0,0.5,40.0,2.7,40.0,0.0,-99.8,-99.8,-99.8,-99.8,-99.8,-99.8,-99.8
2025-03-02 12:00:00,948.7,23.5,73.0,0.5,33.0,3.1,47.0,0.0,-99.8,-99.8,-99.8,-99.8,-99.8,-99.8,-99.8
2025-03-02 13:00:00,948.3,24.8,73.0,0.9,348.0,2.9,46.0,0.0,-99.8,-99.8,-99.8,-99.8,-99.8,-99.8,-99.8
2025-03-02 14:00:00,947.5,25.7,71.0,0.6,347.0,3.9,98.0,0.0,-99.8,-99.8,-99.8,-99.8,-99.8,-99.8,-99.8
2025-03-02 15:00:00,946.9,23.2,81.0,0.6,59.0,3.8,60.0,0.0,-99.8,-99.8,-99.8,-99.8,-99.8,-99.8,-99.8
2025-03-02 16:00:00,946.6,22.1,89.0,0.4,47.0,3.1,109.0,0.0,-99.8,-99.8,-99.8,-99.8,-99.8,-99.8,-99.8
2025-03-02 17:00:00,946.7,21.1,95.0,0.2,0.0,2.1,55.0,0.0,-99.8,-99.8,-99.8,-99.8,-99.8,-99.8,-99.8
2025-03-02 18:00:00,946.7,20.4,98.0,0.0,0.0,2.3,97.0,0.0,-99.8,-99.8,-99.8,-99.8,-99.8,-99.8,-99.8
2025-03-02 19:00:00,946.8,20.1,99.0,0.4,111.0,1.7,104.0,0.0,-99.8,-99.8,-99.8,-99.8,-99.8,-99.8,-99.8
2025-03-02 20:00:00,947.3,20.1,99.0,0.0,0.0,1.7,56.0,0.0,-99.8,-99.8,-99.8,-99.8,-99.8,-99.8,-99.8
2025-03-02 21:00:00,947.4,20.0,99.0,0.8,258.0,1.1,258.0,0.0,-99.8,-99.8,-99.8,-99.8,-99.8,-99.8,-99.8
2025-03-02 22:00:00,947.3,19.9,98.0,1.3,211.0,2.1,232.0,0.0,-99.8,-99.8,-99.8,-99.8,-99.8,-99.8,-99.8
2025-03-02 23:00:00,947.0,20.0,92.0,1.5,261.0,2.5,248.0,0.0,-99.8,-99.8,-99.8,-99.8,-99.8,-99.8,-99.8
2025-03-03 00:00:00,946.6,19.6,88.0,1.8,261.0,3.1,261.0,0.0,-99.8,-99.8,-99.8,-99.8,-99.8,-99.8,-99.8
2025-03-03 01:00:00,946.1,19.5,85.0,1.4,264.0,3.4,279.0,0.0,-99.8,-99.8,-99.8,-99.8,-99.8,-99.8,-99.8
2025-03-03 02:00:00,945.5,19.4,83.0,2.0,274.0,3.8,260.0,0.0,-99.8,-99.8,-99.8,-99.8,-99.8,-99.8,-99.8
2025-03-03 03:00:00,945.2,18.8,82.0,1.9,269.0,3.4,269.0,0.0,-99.8,-99.8,-99.8,-99.8,-99.8,-99.8,-99.8
2025-03-03 04:00:00,945.2,18.7,83.0,1.6,262.0,3.7,262.0,0.0,-99.8,-99.8,-99.8,-99.8,-99.8,-99.8,-99.8
2025-03-03 05:00:00,945.7,18.9,76.0,1.8,269.0,3.0,272.0,0.0,-99.8,-99.8,-99.8,-99.8,-99.8,-99.8,-99.8
2025-03-03 06:00:00,946.0,18.5,80.0,1.8,269.0,3.2,273.0,0.0,-99.8,-99.8,-99.8,-99.8,-99.8,-99.8,-99.8
2025-03-03 07:00:00,946.5,19.3,73.0,1.4,244.0,4.2,257.0,0.0,-99.8,-99.8,-99.8,-99.8,-99.8,-99.8,-99.8
2025-03-03 08:00:00,946.7,20.1,74.0,1.1,254.0,3.6,270.0,0.0,-99.8,-99.8,-99.8,-99.8,-99.8,-99.8,-99.8
2025-03-03 09:00:00,946.7,20.4,71.0,1.8,258.0,4.5,245.0,0.0,-99.8,-99.8,-99.8,-99.8,-99.8,-99.8,-99.8
2025-03-03 10:00:00,947.0,22.4,72.0,0.7,97.0,4.0,279.0,0.0,-99.8,-99.8,-99.8,-99.8,-99.8,-99.8,-99.8
2025-03-03 11:00:00,947.1,23.0,71.0,0.4,80.0,1.7,91.0,0.0,-99.8,-99.8,-99.8,-99.8,-99.8,-99.8,-99.8
2025-03-03 12:00:00,946.5,23.9,73.0,1.0,43.0,2.3,51.0,0.0,-99.8,-99.8,-99.8,-99.8,-99.8,-99.8,-99.8
2025-03-03 13:00:00,945.5,25.9,74.0,1.1,32.0,3.8,78.0,0.0,-99.8,-99.8,-99.8,-99.8,-99.8,-99.8,-99.8
2025-03-03 14:00:00,944.9,25.3,75.0,0.8,50.0,4.4,95.0,0.0,-99.8,-99.8,-99.8,-99.8,-99.8,-99.8,-99.8
2025-03-03 15:00:00,945.1,24.3,80.0,1.1,78.0,3.9,63.0,0.0,-99.8,-99.8,-99.8,-99.8,-99.8,-99.8,-99.8
2025-03-03 16:00:00,944.8,22.7,86.0,0.6,99.0,3.2,58.0,0.0,-99.8,-99.8,-99.8,-99.8,-99.8,-99.8,-99.8
2025-03-03 17:00:00,945.2,21.9,92.0,0.4,97.0,2.1,103.0,0.0,-99.8,-99.8,-99.8,-99.8,-99.8,-99.8,-99.8
2025-03-03 18:00:00,945.4,21.2,97.0,0.1,0.0,1.9,99.0,0.0,-99.8,-99.8,-99.8,-99.8,-99.8,-99.8,-99.8
2025-03-03 19:00:00,945.4,20.9,98.0,0.7,147.0,1.5,113.0,0.0,-99.8,-99.8,-99.8,-99.8,-99.8,-99.8,-99.8
2025-03-03 20:00:00,945.8,20.8,97.0,0.0,0.0,1.9,204.0,0.0,-99.8,-99.8,-99.8,-99.8,-99.8,-99.8,-99.8
2025-03-03 21:00:00,946.2,20.6,98.0,0.6,110.0,1.4,106.0,0.0,-99.8,-99.8,-99.8,-99.8,-99.8,-99.8,-99.8
2025-03-03 22:00:00,946.5,20.6,98.0,0.3,240.0,2.7,231.0,0.0,-99.8,-99.8,-99.8,-99.8,-99.8,-99.8,-99.8
2025-03-03 23:00:00,946.3,20.4,96.0,0.2,0.0,2.8,91.0,0.0,-99.8,-99.8,-99.8,-99.8,-99.8,-99.8,-99.8
2025-03-04 00:00:00,946.2,20.5,93.0,1.7,240.0,2.2,265.0,0.0,-99.8,-99.8,-99.8,-99.8,-99.8,-99.8,-99.8
2025-03-04 01:00:00,946.4,20.4,90.0,0.7,249.0,3.0,249.0,0.0,-99.8,-99.8,-99.8,-99.8,-99.8,-99.8,-99.8
2025-03-04 02:00:00,945.9,20.1,89.0,1.2,272.0,2.3,273.0,0.0,-99.8,-99.8,-99.8,-99.8,-99.8,-99.8,-99.8
2025-03-04 03:00:00,945.9,19.9,87.0,0.5,318.0,4.0,274.0,0.0,-99.8,-99.8,-99.8,-99.8,-99.8,-99.8,-99.8
2025-03-04 04:00:00,946.4,19.0,94.0,1.1,232.0,2.1,103.0,0.0,-99.8,-99.8,-99.8,-99.8,-99.8,-99.8,-99.8
2025-03-04 05:00:00,946.4,19.1,95.0,1.4,221.0,1.9,246.0,0.0,-99.8,-99.8,-99.8,-99.8,-99.8,-99.8,-99.8
2025-03-04 06:00:00,946.1,19.4,90.0,1.9,273.0,4.2,261.0,0.0,-99.8,-99.8,-99.8,-99.8,-99.8,-99.8,-99.8
2025-03-04 07:00:00,947.0,19.5,87.0,0.2,0.0,2.7,254.0,0.0,-99.8,-99.8,-99.8,-99.8,-99.8,-99.8,-99.8
2025-03-04 08:00:00,947.8,20.2,84.0,0.1,0.0,1.9,248.0,0.0,-99.8,-99.8,-99.8,-99.8,-99.8,-99.8,-99.8
2025-03-04 09:00:00,948.1,20.6,89.0,0.7,71.0,2.2,92.0,0.0,-99.8,-99.8,-99.8,-99.8,-99.8,-99.8,-99.8
2025-03-04 10:00:00,947.7,19.8,98.0,0.9,72.0,4.3,92.0,0.0,-99.8,-99.8,-99.8,-99.8,-99.8,-99.8,-99.8
2025-03-04 11:00:00,947.2,19.4,99.0,1.0,114.0,7.1,84.0,0.0,-99.8,-99.8,-99.8,-99.8,-99.8,-99.8,-99.8
2025-03-04 12:00:00,946.4,19.4,100.0,1.2,56.0,4.8,132.0,0.5,-99.8,-99.8,-99.8,-99.8,-99.8,-99.8,-99.8
2025-03-04 13:00:00,945.6,18.7,97.0,2.1,124.0,7.1,91.0,0.5,-99.8,-99.8,-99.8,-99.8,-99.8,-99.8,-99.8
2025-03-04 14:00:00,944.6,18.5,100.0,1.5,111.0,6.9,133.0,0.5,-99.8,-99.8,-99.8,-99.8,-99.8,-99.8,-99.8
2025-03-04 15:00:00,944.2,18.3,100.0,1.3,129.0,5.3,88.0,0.0,-99.8,-99.8,-99.8,-99.8,-99.8,-99.8,-99.8
2025-03-04 16:00:00,944.4,18.2,100.0,1.0,124.0,4.4,136.0,0.5,-99.8,-99.8,-99.8,-99.8,-99.8,-99.8,-99.8
2025-03-04 17:00:00,944.0,18.1,100.0,0.5,142.0,2.6,162.0,0.5,-99.8,-99.8,-99.8,-99.8,-99.8,-99.8,-99.8
2025-03-04 18:00:00,945.2,18.0,100.0,1.5,223.0,2.5,238.0,4.0,-99.8,-99.8,-99.8,-99.8,-99.8,-99.8,-99.8
2025-03-04 19:00:00,945.9,18.0,100.0,1.6,277.0,3.8,274.0,2.5,-99.8,-99.8,-99.8,-99.8,-99.8,-99.8,-99.8
2025-03-04 20:00:00,946.9,18.0,100.0,0.4,146.0,4.2,233.0,1.5,-99.8,-99.8,-99.8,-99.8,-99.8,-99.8,-99.8
2025-03-04 21:00:00,946.9,18.0,100.0,1.4,295.0,3.2,289.0,0.5,-99.8,-99.8,-99.8,-99.8,-99.8,-99.8,-99.8
2025-03-04 22:00:00,946.8,17.8,100.0,1.4,260.0,3.8,271.0,0.0,-99.8,-99.8,-99.8,-99.8,-99.8,-99.8,-99.8
2025-03-04 23:00:00,946.9,16.9,100.0,0.5,76.0,3.8,106.0,0.0,-99.8,-99.8,-99.8,-99.8,-99.8,-99.8,-99.8
2025-03-05 00:00:00,947.3,16.3,100.0,0.0,0.0,3.8,77.0,0.0,-99.8,-99.8,-99.8,-99.8,-99.8,-99.8,-99.8
2025-03-05 01:00:00,947.2,16.4,100.0,0.0,0.0,1.4,62.0,0.5,-99.8,-99.8,-99.8,-99.8,-99.8,-99.8,-99.8
2025-03-05 02:00:00,947.5,16.4,100.0,1.7,266.0,2.8,265.0,1.0,-99.8,-99.8,-99.8,-99.8,-99.8,-99.8,-99.8
2025-03-05 03:00:00,946.9,16.7,100.0,1.3,246.0,2.7,267.0,1.0,-99.8,-99.8,-99.8,-99.8,-99.8,-99.8,-99.8
2025-03-05 04:00:00,946.4,16.8,100.0,0.8,257.0,2.8,247.0,0.5,-99.8,-99.8,-99.8,-99.8,-99.8,-99.8,-99.8
2025-03-05 05:00:00,947.1,16.4,100.0,1.0,99.0,3.0,244.0,0.5,-99.8,-99.8,-99.8,-99.8,-99.8,-99.8,-99.8
2025-03-05 06:00:00,948.2,15.8,100.0,0.7,110.0,2.3,108.0,0.0,-99.8,-99.8,-99.8,-99.8,-99.8,-99.8,-99.8
2025-03-05 07:00:00,948.9,16.1,100.0,0.5,200.0,2.0,88.0,2.0,-99.8,-99.8,-99.8,-99.8,-99.8,-99.8,-99.8
2025-03-05 08:00:00,949.3,16.5,100.0,1.6,232.0,2.7,236.0,1.0,-99.8,-99.8,-99.8,-99.8,-99.8,-99.8,-99.8
2025-03-05 09:00:00,949.4,17.4,100.0,0.8,225.0,2.4,248.0,2.0,-99.8,-99.8,-99.8,-99.8,-99.8,-99.8,-99.8
2025-03-05 10:00:00,949.3,18.2,99.0,0.9,68.0,2.8,95.0,0.0,-99.8,-99.8,-99.8,-99.8,-99.8,-99.8,-99.8
2025-03-05 11:00:00,949.2,18.1,98.0,0.6,55.0,3.5,97.0,0.0,-99.8,-99.8,-99.8,-99.8,-99.8,-99.8,-99.8
2025-03-05 12:00:00,947.9,19.5,96.0,0.7,81.0,2.4,104.0,1.5,-99.8,-99.8,-99.8,-99.8,-99.8,-99.8,-99.8
2025-03-05 13:00:00,947.6,18.4,94.0,0.5,353.0,3.2,96.0,0.0,-99.8,-99.8,-99.8,-99.8,-99.8,-99.8,-99.8
2025-03-05 14:00:00,947.5,17.2,99.0,0.4,69.0,4.5,83.0,1.5,-99.8,-99.8,-99.8,-99.8,-99.8,-99.8,-99.8
2025-03-05 15:00:00,947.3,16.6,100.0,0.5,49.0,2.9,97.0,1.0,-99.8,-99.8,-99.8,-99.8,-99.8,-99.8,-99.8
2025-03-05 16:00:00,947.4,16.2,100.0,0.2,0.0,2.1,95.0,1.5,-99.8,-99.8,-99.8,-99.8,-99.8,-99.8,-99.8
2025-03-05 17:00:00,947.6,16.2,100.0,0.4,56.0,2.1,82.0,0.5,-99.8,-99.8,-99.8,-99.8,-99.8,-99.8,-99.8
2025-03-05 18:00:00,948.2,15.3,100.0,0.6,138.0,2.6,102.0,0.0,-99.8,-99.8,-99.8,-99.8,-99.8,-99.8,-99.8
2025-03-05 19:00:00,948.8,15.0,100.0,0.3,104.0,1.7,106.0,0.0,-99.8,-99.8,-99.8,-99.8,-99.8,-99.8,-99.8
2025-03-05 20:00:00,949.3,14.5,100.0,0.7,106.0,3.1,100.0,0.5,-99.8,-99.8,-99.8,-99.8,-99.8,-99.8,-99.8
2025-03-05 21:00:00,949.7,14.5,100.0,0.5,99.0,3.2,89.0,0.0,-99.8,-99.8,-99.8,-99.8,-99.8,-99.8,-99.8
2025-03-05 22:00:00,949.8,14.3,100.0,0.0,0.0,2.8,103.0,0.0,-99.8,-99.8,-99.8,-99.8,-99.8,-99.8,-99.8
2025-03-05 23:00:00,949.8,14.3,100.0,0.3,9.0,1.2,92.0,0.0,-99.8,-99.8,-99.8,-99.8,-99.8,-99.8,-99.8
2025-03-06 00:00:00,949.8,14.3,100.0,1.4,257.0,1.9,274.0,0.0,-99.8,-99.8,-99.8,-99.8,-99.8,-99.8,-99.8
2025-03-06 01:00:00,949.7,14.6,100.0,0.1,0.0,2.5,246.0,0.0,-99.8,-99.8,-99.8,-99.8,-99.8,-99.8,-99.8
2025-03-06 02:00:00,949.4,14.4,100.0,1.2,246.0,2.1,279.0,0.0,-99.8,-99.8,-99.8,-99.8,-99.8,-99.8,-99.8
2025-03-06 03:00:00,949.2,14.7,100.0,1.4,252.0,3.2,243.0,0.5,-99.8,-99.8,-99.8,-99.8,-99.8,-99.8,-99.8
2025-03-06 04:00:00,949.1,14.6,100.0,1.4,266.0,2.7,267.0,0.5,-99.8,-99.8,-99.8,-99.8,-99.8,-99.8,-99.8
2025-03-06 05:00:00,949.5,14.7,100.0,0.9,273.0,2.4,271.0,0.5,-99.8,-99.8,-99.8,-99.8,-99.8,-99.8,-99.8
2025-03-06 06:00:00,950.2,14.9,100.0,1.0,247.0,1.8,253.0,0.5,-99.8,-99.8,-99.8,-99.8,-99.8,-99.8,-99.8
2025-03-06 07:00:00,950.9,15.0,100.0,1.1,264.0,2.6,257.0,0.5,-99.8,-99.8,-99.8,-99.8,-99.8,-99.8,-99.8
2025-03-06 08:00:00,951.6,14.8,100.0,1.2,260.0,4.4,260.0,1.5,-99.8,-99.8,-99.8,-99.8,-99.8,-99.8,-99.8
2025-03-06 09:00:00,952.0,15.0,99.0,0.6,259.0,3.7,259.0,0.5,-99.8,-99.8,-99.8,-99.8,-99.8,-99.8,-99.8
2025-03-06 10:00:00,952.4,15.4,97.0,1.5,273.0,3.3,279.0,0.0,-99.8,-99.8,-99.8,-99.8,-99.8,-99.8,-99.8
2025-03-06 11:00:00,951.9,14.9,97.0,1.4,91.0,3.2,274.0,0.0,-99.8,-99.8,-99.8,-99.8,-99.8,-99.8,-99.8
2025-03-06 12:00:00,951.7,14.7,97.0,0.9,81.0,3.8,53.0,0.0,-99.8,-99.8,-99.8,-99.8,-99.8,-99.8,-99.8
2025-03-06 13:00:00,951.1,15.0,96.0,0.6,324.0,2.1,350.0,0.0,-99.8,-99.8,-99.8,-99.8,-99.8,-99.8,-99.8
2025-03-06 14:00:00,950.8,15.2,92.0,0.4,63.0,4.0,270.0,0.0,-99.8,-99.8,-99.8,-99.8,-99.8,-99.8,-99.8
2025-03-06 15:00:00,951.0,15.4,88.0,0.7,79.0,2.6,97.0,0.0,-99.8,-99.8,-99.8,-99.8,-99.8,-99.8,-99.8
2025-03-06 16:00:00,951.1,15.2,76.0,2.8,266.0,5.8,241.0,0.0,-99.8,-99.8,-99.8,-99.8,-99.8,-99.8,-99.8
2025-03-06 17:00:00,951.7,14.6,83.0,1.7,251.0,5.5,253.0,0.0,-99.8,-99.8,-99.8,-99.8,-99.8,-99.8,-99.8
2025-03-06 18:00:00,952.5,13.9,72.0,2.9,242.0,8.8,266.0,0.0,-99.8,-99.8,-99.8,-99.8,-99.8,-99.8,-99.8
2025-03-06 19:00:00,953.2,13.7,67.0,4.1,258.0,8.1,249.0,0.0,-99.8,-99.8,-99.8,-99.8,-99.8,-99.8,-99.8
2025-03-06 20:00:00,954.2,13.4,70.0,3.1,248.0,8.7,244.0,0.0,-99.8,-99.8,-99.8,-99.8,-99.8,-99.8,-99.8
2025-03-06 21:00:00,954.8,13.2,69.0,3.2,257.0,7.2,271.0,0.0,-99.8,-99.8,-99.8,-99.8,-99.8,-99.8,-99.8
2025-03-06 22:00:00,955.4,12.9,69.0,3.4,262.0,7.1,274.0,0.0,-99.8,-99.8,-99.8,-99.8,-99.8,-99.8,-99.8
2025-03-06 23:00:00,955.3,12.5,71.0,2.3,253.0,6.5,253.0,0.0,-99.8,-99.8,-99.8,-99.8,-99.8,-99.8,-99.8
2025-03-07 00:00:00,954.9,12.4,72.0,1.8,240.0,7.5,266.0,0.0,-99.8,-99.8,-99.8,-99.8,-99.8,-99.8,-99.8
2025-03-07 01:00:00,954.5,12.2,72.0,2.2,250.0,7.3,296.0,0.0,-99.8,-99.8,-99.8,-99.8,-99.8,-99.8,-99.8
2025-03-07 02:00:00,953.8,11.9,72.0,1.9,264.0,5.6,260.0,0.0,-99.8,-99.8,-99.8,-99.8,-99.8,-99.8,-99.8
2025-03-07 03:00:00,953.4,11.6,73.0,0.7,292.0,4.0,257.0,0.0,-99.8,-99.8,-99.8,-99.8,-99.8,-99.8,-99.8
2025-03-07 04:00:00,953.2,11.4,75.0,1.7,255.0,3.3,274.0,0.0,-99.8,-99.8,-99.8,-99.8,-99.8,-99.8,-99.8
2025-03-07 05:00:00,953.5,11.3,77.0,1.4,262.0,3.3,283.0,0.0,-99.8,-99.8,-99.8,-99.8,-99.8,-99.8,-99.8
2025-03-07 06:00:00,953.6,11.4,79.0,1.1,267.0,2.8,244.0,0.0,-99.8,-99.8,-99.8,-99.8,-99.8,-99.8,-99.8
2025-03-07 07:00:00,954.3,11.4,80.0,0.1,0.0,1.6,276.0,0.0,-99.8,-99.8,-99.8,-99.8,-99.8,-99.8,-99.8
2025-03-07 08:00:00,954.6,11.9,86.0,0.2,0.0,1.4,259.0,0.0,-99.8,-99.8,-99.8,-99.8,-99.8,-99.8,-99.8
2025-03-07 09:00:00,954.6,12.2,80.0,0.5,262.0,1.7,254.0,0.0,-99.8,-99.8,-99.8,-99.8,-99.8,-99.8,-99.8
2025-03-07 10:00:00,954.4,12.8,83.0,0.9,85.0,1.6,92.0,0.0,-99.8,-99.8,-99.8,-99.8,-99.8,-99.8,-99.8
2025-03-07 11:00:00,953.7,13.0,82.0,0.4,51.0,1.9,87.0,0.0,-99.8,-99.8,-99.8,-99.8,-99.8,-99.8,-99.8
2025-03-07 12:00:00,952.8,14.7,75.0,1.1,35.0,2.3,25.0,0.0,-99.8,-99.8,-99.8,-99.8,-99.8,-99.8,-99.8
2025-03-07 13:00:00,951.9,14.9,76.0,0.9,19.0,3.4,20.0,0.0,-99.8,-99.8,-99.8,-99.8,-99.8,-99.8,-99.8
2025-03-07 14:00:00,951.7,14.2,82.0,0.6,342.0,3.4,99.0,0.0,-99.8,-99.8,-99.8,-99.8,-99.8,-99.8,-99.8
2025-03-07 15:00:00,951.1,14.1,83.0,0.7,28.0,2.3,23.0,0.0,-99.8,-99.8,-99.8,-99.8,-99.8,-99.8,-99.8
2025-03-07 16:00:00,951.0,13.5,84.0,0.4,34.0,2.3,63.0,0.0,-99.8,-99.8,-99.8,-99.8,-99.8,-99.8,-99.8
2025-03-07 17:00:00,951.9,13.1,87.0,0.0,0.0,0.8,3.0,0.0,-99.8,-99.8,-99.8,-99.8,-99.8,-99.8,-99.8
2025-03-07 18:00:00,952.5,12.5,89.0,1.4,246.0,2.2,245.0,0.0,-99.8,-99.8,-99.8,-99.8,-99.8,-99.8,-99.8
2025-03-07 19:00:00,952.7,12.5,88.0,1.8,265.0,3.4,260.0,0.0,-99.8,-99.8,-99.8,-99.8,-99.8,-99.8,-99.8
2025-03-07 20:00:00,953.3,12.6,89.0,1.8,256.0,3.0,265.0,0.0,-99.8,-99.8,-99.8,-99.8,-99.8,-99.8,-99.8
2025-03-07 21:00:00,953.4,12.8,87.0,2.2,258.0,3.8,245.0,0.0,-99.8,-99.8,-99.8,-99.8,-99.8,-99.8,-99.8
2025-03-07 22:00:00,953.0,12.8,87.0,1.8,261.0,3.4,259.0,0.0,-99.8,-99.8,-99.8,-99.8,-99.8,-99.8,-99.8
2025-03-07 23:00:00,952.7,12.8,90.0,1.6,275.0,3.2,247.0,0.0,-99.8,-99.8,-99.8,-99.8,-99.8,-99.8,-99.8
2025-03-08 00:00:00,952.5,13.0,87.0,1.7,260.0,2.9,277.0,0.0,-99.8,-99.8,-99.8,-99.8,-99.8,-99.8,-99.8
2025-03-08 01:00:00,952.1,13.0,88.0,0.8,254.0,2.5,267.0,0.0,-99.8,-99.8,-99.8,-99.8,-99.8,-99.8,-99.8
2025-03-08 02:00:00,951.9,12.7,92.0,1.5,253.0,2.5,242.0,0.0,-99.8,-99.8,-99.8,-99.8,-99.8,-99.8,-99.8
2025-03-08 03:00:00,951.4,12.6,92.0,1.2,253.0,2.1,255.0,0.0,-99.8,-99.8,-99.8,-99.8,-99.8,-99.8,-99.8
2025-03-08 04:00:00,951.3,13.0,89.0,1.3,261.0,2.4,271.0,0.0,-99.8,-99.8,-99.8,-99.8,-99.8,-99.8,-99.8
2025-03-08 05:00:00,951.5,13.0,89.0,0.6,277.0,2.1,244.0,0.0,-99.8,-99.8,-99.8,-99.8,-99.8,-99.8,-99.8
2025-03-08 06:00:00,952.0,13.2,89.0,0.8,250.0,2.2,254.0,0.0,-99.8,-99.8,-99.8,-99.8,-99.8,-99.8,-99.8
2025-03-08 07:00:00,952.4,13.2,93.0,1.0,255.0,1.8,256.0,0.0,-99.8,-99.8,-99.8,-99.8,-99.8,-99.8,-99.8
2025-03-08 08:00:00,953.1,14.8,90.0,0.0,0.0,2.0,243.0,0.0,-99.8,-99.8,-99.8,-99.8,-99.8,-99.8,-99.8
2025-03-08 09:00:00,953.8,15.1,86.0,1.0,65.0,2.2,81.0,0.0,-99.8,-99.8,-99.8,-99.8,-99.8,-99.8,-99.8
2025-03-08 10:00:00,953.9,16.0,80.0,1.2,34.0,2.6,39.0,0.0,-99.8,-99.8,-99.8,-99.8,-99.8,-99.8,-99.8
2025-03-08 11:00:00,953.4,17.9,74.0,1.3,46.0,2.7,61.0,0.0,-99.8,-99.8,-99.8,-99.8,-99.8,-99.8,-99.8
2025-03-08 12:00:00,953.1,19.2,72.0,1.2,29.0,5.4,84.0,0.0,-99.8,-99.8,-99.8,-99.8,-99.8,-99.8,-99.8
2025-03-08 13:00:00,952.4,18.2,74.0,0.7,33.0,3.9,54.0,0.0,-99.8,-99.8,-99.8,-99.8,-99.8,-99.8,-99.8
2025-03-08 14:00:00,952.1,16.3,82.0,0.7,56.0,4.1,103.0,0.0,-99.8,-99.8,-99.8,-99.8,-99.8,-99.8,-99.8
2025-03-08 15:00:00,952.1,15.3,86.0,0.8,86.0,4.5,99.0,0.0,-99.8,-99.8,-99.8,-99.8,-99.8,-99.8,-99.8
2025-03-08 16:00:00,952.1,14.8,88.0,0.0,0.0,3.1,101.0,0.0,-99.8,-99.8,-99.8,-99.8,-99.8,-99.8,-99.8
2025-03-08 17:00:00,952.9,14.4,91.0,0.3,94.0,1.5,13.0,0.0,-99.8,-99.8,-99.8,-99.8,-99.8,-99.8,-99.8
2025-03-08 18:00:00,953.3,14.2,91.0,0.1,0.0,0.9,94.0,0.0,-99.8,-99.8,-99.8,-99.8,-99.8,-99.8,-99.8
2025-03-08 19:00:00,953.6,14.0,95.0,0.0,0.0,1.0,236.0,0.0,-99.8,-99.8,-99.8,-99.8,-99.8,-99.8,-99.8
2025-03-08 20:00:00,954.2,14.0,94.0,0.3,110.0,1.0,239.0,0.0,-99.8,-99.8,-99.8,-99.8,-99.8,-99.8,-99.8
2025-03-08 21:00:00,954.7,13.8,95.0,0.0,0.0,0.6,104.0,0.0,-99.8,-99.8,-99.8,-99.8,-99.8,-99.8,-99.8
2025-03-08 22:00:00,954.9,13.9,93.0,0.0,0.0,0.8,223.0,0.0,-99.8,-99.8,-99.8,-99.8,-99.8,-99.8,-99.8
2025-03-08 23:00:00,954.9,13.6,95.0,0.4,112.0,1.3,100.0,0.0,-99.8,-99.8,-99.8,-99.8,-99.8,-99.8,-99.8
2025-03-09 00:00:00,955.0,13.5,97.0,0.1,0.0,1.5,98.0,0.0,-99.8,-99.8,-99.8,-99.8,-99.8,-99.8,-99.8
2025-03-09 01:00:00,954.6,13.4,96.0,0.9,243.0,1.3,243.0,0.0,-99.8,-99.8,-99.8,-99.8,-99.8,-99.8,-99.8
2025-03-09 02:00:00,954.4,13.6,96.0,1.1,243.0,1.6,125.0,0.0,-99.8,-99.8,-99.8,-99.8,-99.8,-99.8,-99.8
2025-03-09 03:00:00,954.4,13.8,92.0,1.4,249.0,1.9,238.0,0.0,-99.8,-99.8,-99.8,-99.8,-99.8,-99.8,-99.8
2025-03-09 04:00:00,954.4,13.7,93.0,1.6,244.0,2.2,230.0,0.0,-99.8,-99.8,-99.8,-99.8,-99.8,-99.8,-99.8
2025-03-09 05:00:00,954.8,13.9,93.0,1.8,260.0,3.0,265.0,0.0,-99.8,-99.8,-99.8,-99.8,-99.8,-99.8,-99.8
2025-03-09 06:00:00,955.2,14.2,91.0,0.9,272.0,3.2,271.0,0.0,-99.8,-99.8,-99.8,-99.8,-99.8,-99.8,-99.8
2025-03-09 07:00:00,955.6,14.0,94.0,2.2,255.0,3.1,269.0,0.0,-99.8,-99.8,-99.8,-99.8,-99.8,-99.8,-99.8
2025-03-09 08:00:00,956.3,15.3,91.0,1.2,97.0,3.0,256.0,0.0,-99.8,-99.8,-99.8,-99.8,-99.8,-99.8,-99.8
2025-03-09 09:00:00,956.7,16.1,88.0,0.8,29.0,2.8,59.0,0.0,-99.8,-99.8,-99.8,-99.8,-99.8,-99.8,-99.8
2025-03-09 10:00:00,956.7,16.4,88.0,0.7,16.0,2.1,84.0,0.0,-99.8,-99.8,-99.8,-99.8,-99.8,-99.8,-99.8
2025-03-09 11:00:00,956.7,16.5,86.0,0.4,20.0,1.8,36.0,0.0,-99.8,-99.8,-99.8,-99.8,-99.8,-99.8,-99.8
2025-03-09 12:00:00,956.1,16.4,91.0,1.2,49.0,2.8,35.0,0.0,-99.8,-99.8,-99.8,-99.8,-99.8,-99.8,-99.8
2025-03-09 13:00:00,955.3,18.2,83.0,1.1,29.0,3.1,50.0,0.0,-99.8,-99.8,-99.8,-99.8,-99.8,-99.8,-99.8
2025-03-09 14:00:00,954.8,18.1,85.0,0.9,20.0,3.0,39.0,0.0,-99.8,-99.8,-99.8,-99.8,-99.8,-99.8,-99.8
2025-03-09 15:00:00,954.5,18.0,84.0,0.1,0.0,3.0,26.0,0.0,-99.8,-99.8,-99.8,-99.8,-99.8,-99.8,-99.8
2025-03-09 16:00:00,954.4,16.5,90.0,0.8,67.0,2.4,92.0,0.0,-99.8,-99.8,-99.8,-99.8,-99.8,-99.8,-99.8
2025-03-09 17:00:00,954.7,15.9,94.0,0.0,0.0,3.0,89.0,0.0,-99.8,-99.8,-99.8,-99.8,-99.8,-99.8,-99.8
2025-03-09 18:00:00,954.9,15.5,96.0,0.1,0.0,1.3,86.0,0.0,-99.8,-99.8,-99.8,-99.8,-99.8,-99.8,-99.8
2025-03-09 19:00:00,955.3,15.3,98.0,0.0,0.0,1.1,86.0,0.0,-99.8,-99.8,-99.8,-99.8,-99.8,-99.8,-99.8
2025-03-09 20:00:00,955.8,15.2,99.0,0.0,0.0,0.4,299.0,0.0,-99.8,-99.8,-99.8,-99.8,-99.8,-99.8,-99.8
2025-03-09 21:00:00,956.3,15.1,100.0,0.6,266.0,0.8,266.0,0.0,-99.8,-99.8,-99.8,-99.8,-99.8,-99.8,-99.8
2025-03-09 22:00:00,956.4,15.2,99.0,0.0,0.0,0.8,266.0,0.0,-99.8,-99.8,-99.8,-99.8,-99.8,-99.8,-99.8
2025-03-09 23:00:00,956.6,15.1,100.0,0.7,259.0,1.4,260.0,0.0,-99.8,-99.8,-99.8,-99.8,-99.8,-99.8,-99.8
2025-03-10 00:00:00,956.2,15.1,99.0,1.1,253.0,1.6,251.0,0.0,-99.8,-99.8,-99.8,-99.8,-99.8,-99.8,-99.8
2025-03-10 01:00:00,955.7,15.1,99.0,2.0,258.0,3.3,274.0,0.0,-99.8,-99.8,-99.8,-99.8,-99.8,-99.8,-99.8
2025-03-10 02:00:00,955.1,15.6,92.0,0.6,255.0,3.2,237.0,0.0,-99.8,-99.8,-99.8,-99.8,-99.8,-99.8,-99.8
2025-03-10 03:00:00,954.3,14.9,95.0,1.7,254.0,3.5,241.0,0.0,-99.8,-99.8,-99.8,-99.8,-99.8,-99.8,-99.8
2025-03-10 04:00:00,953.9,14.8,93.0,2.2,267.0,3.6,246.0,0.0,-99.8,-99.8,-99.8,-99.8,-99.8,-99.8,-99.8
2025-03-10 05:00:00,953.7,14.8,88.0,1.3,272.0,3.7,263.0,0.0,-99.8,-99.8,-99.8,-99.8,-99.8,-99.8,-99.8
2025-03-10 06:00:00,954.1,14.2,91.0,1.7,252.0,3.1,255.0,0.0,-99.8,-99.8,-99.8,-99.8,-99.8,-99.8,-99.8
2025-03-10 07:00:00,954.9,14.2,93.0,1.4,266.0,2.2,263.0,0.0,-99.8,-99.8,-99.8,-99.8,-99.8,-99.8,-99.8
2025-03-10 08:00:00,955.2,16.5,81.0,0.6,270.0,2.8,256.0,0.0,-99.8,-99.8,-99.8,-99.8,-99.8,-99.8,-99.8
2025-03-10 09:00:00,955.3,18.6,73.0,0.8,274.0,1.9,243.0,0.0,-99.8,-99.8,-99.8,-99.8,-99.8,-99.8,-99.8
2025-03-10 10:00:00,955.2,21.4,70.0,0.7,16.0,2.6,52.0,0.0,-99.8,-99.8,-99.8,-99.8,-99.8,-99.8,-99.8
2025-03-10 11:00:00,954.6,21.9,76.0,1.3,35.0,3.7,50.0,0.0,-99.8,-99.8,-99.8,-99.8,-99.8,-99.8,-99.8
2025-03-10 12:00:00,954.0,22.3,74.0,2.2,72.0,5.3,82.0,0.0,-99.8,-99.8,-99.8,-99.8,-99.8,-99.8,-99.8
2025-03-10 13:00:00,953.6,21.2,81.0,2.1,80.0,5.2,88.0,0.0,-99.8,-99.8,-99.8,-99.8,-99.8,-99.8,-99.8
2025-03-10 14:00:00,953.0,20.8,84.0,0.5,53.0,3.1,62.0,0.0,-99.8,-99.8,-99.8,-99.8,-99.8,-99.8,-99.8
2025-03-10 15:00:00,952.6,19.9,88.0,0.6,55.0,4.2,95.0,0.0,-99.8,-99.8,-99.8,-99.8,-99.8,-99.8,-99.8
2025-03-10 16:00:00,952.6,19.1,92.0,0.3,68.0,2.3,51.0,0.0,-99.8,-99.8,-99.8,-99.8,-99.8,-99.8,-99.8
2025-03-10 17:00:00,952.7,18.2,96.0,0.2,0.0,1.6,104.0,0.0,-99.8,-99.8,-99.8,-99.8,-99.8,-99.8,-99.8
2025-03-10 18:00:00,952.9,17.9,98.0,0.0,0.0,1.9,101.0,0.0,-99.8,-99.8,-99.8,-99.8,-99.8,-99.8,-99.8
2025-03-10 19:00:00,953.0,17.8,99.0,0.0,0.0,0.3,191.0,0.0,-99.8,-99.8,-99.8,-99.8,-99.8,-99.8,-99.8
2025-03-10 20:00:00,953.4,17.8,99.0,0.0,0.0,1.2,242.0,0.0,-99.8,-99.8,-99.8,-99.8,-99.8,-99.8,-99.8
2025-03-10 21:00:00,953.6,17.9,98.0,0.0,0.0,0.9,240.0,0.0,-99.8,-99.8,-99.8,-99.8,-99.8,-99.8,-99.8
2025-03-10 22:00:00,953.6,17.8,98.0,0.8,240.0,1.2,242.0,0.0,-99.8,-99.8,-99.8,-99.8,-99.8,-99.8,-99.8
2025-03-10 23:00:00,952.9,17.7,98.0,0.9,225.0,1.5,238.0,0.0,-99.8,-99.8,-99.8,-99.8,-99.8,-99.8,-99.8
2025-03-11 00:00:00,952.7,17.9,97.0,0.0,0.0,1.7,267.0,0.0,-99.8,-99.8,-99.8,-99.8,-99.8,-99.8,-99.8
2025-03-11 01:00:00,952.1,17.8,96.0,0.9,224.0,1.4,204.0,0.0,-99.8,-99.8,-99.8,-99.8,-99.8,-99.8,-99.8
2025-03-11 02:00:00,951.6,17.5,94.0,1.2,257.0,2.7,229.0,0.0,-99.8,-99.8,-99.8,-99.8,-99.8,-99.8,-99.8
2025-03-11 03:00:00,950.8,17.5,88.0,2.4,268.0,3.4,278.0,0.0,-99.8,-99.8,-99.8,-99.8,-99.8,-99.8,-99.8
2025-03-11 04:00:00,950.8,17.1,86.0,2.3,265.0,3.3,262.0,0.0,-99.8,-99.8,-99.8,-99.8,-99.8,-99.8,-99.8
2025-03-11 05:00:00,951.0,16.5,89.0,1.9,262.0,3.7,268.0,0.0,-99.8,-99.8,-99.8,-99.8,-99.8,-99.8,-99.8
2025-03-11 06:00:00,951.9,16.6,85.0,2.6,256.0,4.4,264.0,0.0,-99.8,-99.8,-99.8,-99.8,-99.8,-99.8,-99.8
2025-03-11 07:00:00,952.4,16.9,87.0,2.0,253.0,5.5,270.0,0.0,-99.8,-99.8,-99.8,-99.8,-99.8,-99.8,-99.8
2025-03-11 08:00:00,951.9,19.3,80.0,0.2,0.0,7.8,244.0,0.0,-99.8,-99.8,-99.8,-99.8,-99.8,-99.8,-99.8
2025-03-11 09:00:00,952.4,20.5,77.0,1.3,83.0,2.7,96.0,0.0,-99.8,-99.8,-99.8,-99.8,-99.8,-99.8,-99.8
2025-03-11 10:00:00,952.9,21.2,81.0,1.0,54.0,3.4,87.0,0.0,-99.8,-99.8,-99.8,-99.8,-99.8,-99.8,-99.8
2025-03-11 11:00:00,953.1,20.8,88.0,0.5,32.0,2.8,95.0,0.0,-99.8,-99.8,-99.8,-99.8,-99.8,-99.8,-99.8
2025-03-11 12:00:00,952.7,20.6,90.0,1.4,78.0,2.4,84.0,0.0,-99.8,-99.8,-99.8,-99.8,-99.8,-99.8,-99.8
2025-03-11 13:00:00,951.7,21.4,85.0,0.6,350.0,3.6,96.0,0.0,-99.8,-99.8,-99.8,-99.8,-99.8,-99.8,-99.8
2025-03-11 14:00:00,950.8,21.5,82.0,1.1,41.0,3.3,340.0,0.0,-99.8,-99.8,-99.8,-99.8,-99.8,-99.8,-99.8
2025-03-11 15:00:00,950.2,20.9,86.0,0.3,35.0,2.8,53.0,0.0,-99.8,-99.8,-99.8,-99.8,-99.8,-99.8,-99.8
2025-03-11 16:00:00,949.6,20.0,89.0,0.3,57.0,1.8,76.0,0.0,-99.8,-99.8,-99.8,-99.8,-99.8,-99.8,-99.8
2025-03-11 17:00:00,949.3,19.5,91.0,0.1,0.0,2.3,61.0,0.0,-99.8,-99.8,-99.8,-99.8,-99.8,-99.8,-99.8
2025-03-11 18:00:00,949.6,18.8,94.0,0.4,221.0,1.7,246.0,0.0,-99.8,-99.8,-99.8,-99.8,-99.8,-99.8,-99.8
2025-03-11 19:00:00,950.0,18.5,95.0,1.2,242.0,1.8,236.0,0.0,-99.8,-99.8,-99.8,-99.8,-99.8,-99.8,-99.8
2025-03-11 20:00:00,950.3,18.5,94.0,0.9,273.0,2.5,273.0,0.0,-99.8,-99.8,-99.8,-99.8,-99.8,-99.8,-99.8
2025-03-11 21:00:00,950.5,18.5,92.0,1.3,253.0,2.9,256.0,0.0,-99.8,-99.8,-99.8,-99.8,-99.8,-99.8,-99.8
2025-03-11 22:00:00,950.6,18.2,91.0,1.2,273.0,2.6,260.0,0.0,-99.8,-99.8,-99.8,-99.8,-99.8,-99.8,-99.8
2025-03-11 23:00:00,950.4,17.8,91.0,2.1,261.0,3.3,257.0,0.0,-99.8,-99.8,-99.8,-99.8,-99.8,-99.8,-99.8
2025-03-12 00:00:00,950.1,17.5,89.0,2.1,263.0,4.4,274.0,0.0,-99.8,-99.8,-99.8,-99.8,-99.8,-99.8,-99.8
2025-03-12 01:00:00,949.6,17.5,86.0,2.1,276.0,4.6,268.0,0.0,-99.8,-99.8,-99.8,-99.8,-99.8,-99.8,-99.8
2025-03-12 02:00:00,949.1,17.0,88.0,2.2,271.0,3.6,288.0,0.0,-99.8,-99.8,-99.8,-99.8,-99.8,-99.8,-99.8
2025-03-12 03:00:00,948.8,16.8,87.0,2.1,262.0,3.2,272.0,0.0,-99.8,-99.8,-99.8,-99.8,-99.8,-99.8,-99.8
2025-03-12 04:00:00,948.8,17.0,83.0,2.5,254.0,4.0,255.0,0.0,-99.8,-99.8,-99.8,-99.8,-99.8,-99.8,-99.8
2025-03-12 05:00:00,948.8,17.3,82.0,2.8,257.0,4.7,264.0,0.0,-99.8,-99.8,-99.8,-99.8,-99.8,-99.8,-99.8
2025-03-12 06:00:00,949.3,17.5,81.0,2.2,266.0,4.7,259.0,0.0,-99.8,-99.8,-99.8,-99.8,-99.8,-99.8,-99.8
2025-03-12 07:00:00,949.8,17.9,80.0,2.6,253.0,4.3,240.0,0.0,-99.8,-99.8,-99.8,-99.8,-99.8,-99.8,-99.8
2025-03-12 08:00:00,950.3,18.8,79.0,0.0,0.0,3.9,240.0,0.0,-99.8,-99.8,-99.8,-99.8,-99.8,-99.8,-99.8
2025-03-12 09:00:00,950.7,20.6,82.0,0.1,0.0,1.4,96.0,0.0,-99.8,-99.8,-99.8,-99.8,-99.8,-99.8,-99.8
2025-03-12 10:00:00,950.8,22.8,70.0,1.6,43.0,3.4,96.0,0.0,-99.8,-99.8,-99.8,-99.8,-99.8,-99.8,-99.8
2025-03-12 11:00:00,950.4,24.8,69.0,1.0,7.0,3.5,61.0,0.0,-99.8,-99.8,-99.8,-99.8,-99.8,-99.8,-99.8
2025-03-12 12:00:00,949.7,23.4,76.0,0.9,20.0,4.0,74.0,0.0,-99.8,-99.8,-99.8,-99.8,-99.8,-99.8,-99.8
2025-03-12 13:00:00,948.7,23.4,77.0,0.7,4.0,4.4,95.0,0.0,-99.8,-99.8,-99.8,-99.8,-99.8,-99.8,-99.8
2025-03-12 14:00:00,948.3,22.8,80.0,0.7,360.0,3.2,37.0,0.0,-99.8,-99.8,-99.8,-99.8,-99.8,-99.8,-99.8
2025-03-12 15:00:00,948.0,21.8,81.0,0.6,9.0,4.0,80.0,0.0,-99.8,-99.8,-99.8,-99.8,-99.8,-99.8,-99.8
2025-03-12 16:00:00,947.9,21.6,88.0,0.1,0.0,3.4,58.0,0.0,-99.8,-99.8,-99.8,-99.8,-99.8,-99.8,-99.8
2025-03-12 17:00:00,948.0,20.6,93.0,0.0,0.0,3.2,107.0,0.0,-99.8,-99.8,-99.8,-99.8,-99.8,-99.8,-99.8
2025-03-12 18:00:00,948.4,19.8,95.0,0.0,0.0,1.9,188.0,0.0,-99.8,-99.8,-99.8,-99.8,-99.8,-99.8,-99.8
2025-03-12 19:00:00,948.4,19.5,95.0,0.6,169.0,1.5,247.0,0.0,-99.8,-99.8,-99.8,-99.8,-99.8,-99.8,-99.8
2025-03-12 20:00:00,948.8,19.3,94.0,0.6,222.0,1.4,268.0,0.0,-99.8,-99.8,-99.8,-99.8,-99.8,-99.8,-99.8
2025-03-12 21:00:00,949.1,19.3,94.0,0.0,0.0,1.5,225.0,0.0,-99.8,-99.8,-99.8,-99.8,-99.8,-99.8,-99.8
2025-03-12 22:00:00,948.9,19.1,95.0,1.3,179.0,1.8,232.0,0.0,-99.8,-99.8,-99.8,-99.8,-99.8,-99.8,-99.8
2025-03-12 23:00:00,948.7,19.1,93.0,1.0,223.0,2.2,244.0,0.0,-99.8,-99.8,-99.8,-99.8,-99.8,-99.8,-99.8
2025-03-13 00:00:00,948.5,18.7,95.0,2.2,215.0,2.8,138.0,0.0,-99.8,-99.8,-99.8,-99.8,-99.8,-99.8,-99.8
2025-03-13 01:00:00,948.0,18.8,90.0,0.8,236.0,3.6,269.0,0.0,-99.8,-99.8,-99.8,-99.8,-99.8,-99.8,-99.8
2025-03-13 02:00:00,947.6,18.4,92.0,1.2,271.0,3.2,247.0,0.0,-99.8,-99.8,-99.8,-99.8,-99.8,-99.8,-99.8
2025-03-13 03:00:00,947.1,18.2,90.0,2.1,259.0,4.1,256.0,0.0,-99.8,-99.8,-99.8,-99.8,-99.8,-99.8,-99.8
2025-03-13 04:00:00,947.2,18.4,86.0,2.0,262.0,4.3,264.0,0.0,-99.8,-99.8,-99.8,-99.8,-99.8,-99.8,-99.8
2025-03-13 05:00:00,947.5,17.9,88.0,1.9,257.0,3.7,275.0,0.0,-99.8,-99.8,-99.8,-99.8,-99.8,-99.8,-99.8
2025-03-13 06:00:00,948.4,18.0,87.0,2.3,263.0,4.2,271.0,0.0,-99.8,-99.8,-99.8,-99.8,-99.8,-99.8,-99.8
2025-03-13 07:00:00,948.8,18.4,84.0,2.5,272.0,4.6,262.0,0.0,-99.8,-99.8,-99.8,-99.8,-99.8,-99.8,-99.8
2025-03-13 08:00:00,948.8,19.7,77.0,1.9,265.0,4.1,265.0,0.0,-99.8,-99.8,-99.8,-99.8,-99.8,-99.8,-99.8
2025-03-13 09:00:00,949.2,20.4,75.0,1.3,266.0,3.2,263.0,0.0,-99.8,-99.8,-99.8,-99.8,-99.8,-99.8,-99.8
2025-03-13 10:00:00,949.4,24.1,73.0,1.1,52.0,2.8,26.0,0.0,-99.8,-99.8,-99.8,-99.8,-99.8,-99.8,-99.8
2025-03-13 11:00:00,949.2,24.6,72.0,1.2,55.0,3.2,49.0,0.0,-99.8,-99.8,-99.8,-99.8,-99.8,-99.8,-99.8
2025-03-13 12:00:00,949.2,22.3,85.0,0.1,0.0,2.7,89.0,0.0,-99.8,-99.8,-99.8,-99.8,-99.8,-99.8,-99.8
2025-03-13 13:00:00,949.0,19.9,97.0,2.6,247.0,4.7,236.0,0.5,-99.8,-99.8,-99.8,-99.8,-99.8,-99.8,-99.8
2025-03-13 14:00:00,947.7,19.2,97.0,3.1,257.0,5.6,275.0,0.5,-99.8,-99.8,-99.8,-99.8,-99.8,-99.8,-99.8
2025-03-13 15:00:00,946.3,20.5,92.0,1.5,128.0,5.8,245.0,1.0,-99.8,-99.8,-99.8,-99.8,-99.8,-99.8,-99.8
2025-03-13 16:00:00,948.2,19.5,100.0,0.4,313.0,3.2,87.0,0.0,-99.8,-99.8,-99.8,-99.8,-99.8,-99.8,-99.8
2025-03-13 17:00:00,948.4,19.4,100.0,1.4,245.0,2.4,222.0,0.5,-99.8,-99.8,-99.8,-99.8,-99.8,-99.8,-99.8
2025-03-13 18:00:00,948.9,19.2,100.0,0.4,118.0,3.0,91.0,0.0,-99.8,-99.8,-99.8,-99.8,-99.8,-99.8,-99.8
2025-03-13 19:00:00,949.0,19.1,100.0,0.2,0.0,2.3,98.0,0.5,-99.8,-99.8,-99.8,-99.8,-99.8,-99.8,-99.8
2025-03-13 20:00:00,950.0,18.9,100.0,0.4,107.0,2.1,75.0,1.0,-99.8,-99.8,-99.8,-99.8,-99.8,-99.8,-99.8
2025-03-13 21:00:00,950.7,18.7,100.0,0.4,87.0,2.5,126.0,0.0,-99.8,-99.8,-99.8,-99.8,-99.8,-99.8,-99.8
2025-03-13 22:00:00,950.8,18.6,100.0,0.2,0.0,1.4,91.0,0.5,-99.8,-99.8,-99.8,-99.8,-99.8,-99.8,-99.8
2025-03-13 23:00:00,950.8,18.4,100.0,0.5,214.0,3.2,83.0,1.0,-99.8,-99.8,-99.8,-99.8,-99.8,-99.8,-99.8
2025-03-14 00:00:00,950.3,18.3,100.0,0.7,291.0,1.7,120.0,0.5,-99.8,-99.8,-99.8,-99.8,-99.8,-99.8,-99.8
2025-03-14 01:00:00,949.6,18.1,100.0,0.0,0.0,1.9,244.0,0.0,-99.8,-99.8,-99.8,-99.8,-99.8,-99.8,-99.8
2025-03-14 02:00:00,949.0,17.8,100.0,1.3,229.0,2.4,248.0,0.0,-99.8,-99.8,-99.8,-99.8,-99.8,-99.8,-99.8
2025-03-14 03:00:00,948.5,17.7,100.0,1.5,249.0,2.7,228.0,0.0,-99.8,-99.8,-99.8,-99.8,-99.8,-99.8,-99.8
2025-03-14 04:00:00,948.2,17.6,99.0,2.2,264.0,3.9,307.0,0.0,-99.8,-99.8,-99.8,-99.8,-99.8,-99.8,-99.8
2025-03-14 05:00:00,948.3,18.1,93.0,1.0,255.0,3.6,255.0,0.0,-99.8,-99.8,-99.8,-99.8,-99.8,-99.8,-99.8
2025-03-14 06:00:00,948.8,17.9,94.0,1.4,256.0,2.4,257.0,0.0,-99.8,-99.8,-99.8,-99.8,-99.8,-99.8,-99.8
2025-03-14 07:00:00,949.8,18.1,92.0,1.9,266.0,4.4,287.0,0.0,-99.8,-99.8,-99.8,-99.8,-99.8,-99.8,-99.8
2025-03-14 08:00:00,950.3,19.3,89.0,1.3,258.0,2.8,249.0,0.0,-99.8,-99.8,-99.8,-99.8,-99.8,-99.8,-99.8
2025-03-14 09:00:00,950.6,20.8,91.0,1.0,88.0,1.9,85.0,0.0,-99.8,-99.8,-99.8,-99.8,-99.8,-99.8,-99.8
2025-03-14 10:00:00,950.5,20.3,94.0,0.4,83.0,2.7,94.0,0.0,-99.8,-99.8,-99.8,-99.8,-99.8,-99.8,-99.8
2025-03-14 11:00:00,950.6,20.6,96.0,0.5,39.0,2.2,94.0,0.0,-99.8,-99.8,-99.8,-99.8,-99.8,-99.8,-99.8
2025-03-14 12:00:00,950.1,20.1,98.0,0.3,24.0,1.9,90.0,0.0,-99.8,-99.8,-99.8,-99.8,-99.8,-99.8,-99.8
2025-03-14 13:00:00,949.4,20.3,98.0,0.4,34.0,1.8,71.0,0.0,-99.8,-99.8,-99.8,-99.8,-99.8,-99.8,-99.8
2025-03-14 14:00:00,948.8,18.7,98.0,1.4,75.0,4.9,102.0,0.0,-99.8,-99.8,-99.8,-99.8,-99.8,-99.8,-99.8
2025-03-14 15:00:00,948.6,17.7,100.0,0.4,87.0,3.5,100.0,0.0,-99.8,-99.8,-99.8,-99.8,-99.8,-99.8,-99.8
2025-03-14 16:00:00,948.5,17.5,99.0,0.0,0.0,1.7,79.0,0.5,-99.8,-99.8,-99.8,-99.8,-99.8,-99.8,-99.8
2025-03-14 17:00:00,948.6,17.5,100.0,0.0,0.0,2.1,84.0,0.0,-99.8,-99.8,-99.8,-99.8,-99.8,-99.8,-99.8
2025-03-14 18:00:00,948.7,17.2,100.0,0.0,0.0,1.6,48.0,0.0,-99.8,-99.8,-99.8,-99.8,-99.8,-99.8,-99.8
2025-03-14 19:00:00,949.2,17.0,99.0,0.3,158.0,1.3,174.0,0.5,-99.8,-99.8,-99.8,-99.8,-99.8,-99.8,-99.8
2025-03-14 20:00:00,949.8,17.2,99.0,0.0,0.0,0.7,183.0,0.0,-99.8,-99.8,-99.8,-99.8,-99.8,-99.8,-99.8
2025-03-14 21:00:00,949.9,17.2,100.0,0.9,228.0,1.8,172.0,0.0,-99.8,-99.8,-99.8,-99.8,-99.8,-99.8,-99.8
2025-03-14 22:00:00,949.0,17.2,100.0,1.7,275.0,3.7,250.0,0.0,-99.8,-99.8,-99.8,-99.8,-99.8,-99.8,-99.8
2025-03-14 23:00:00,948.5,17.4,98.0,1.0,262.0,2.8,230.0,0.0,-99.8,-99.8,-99.8,-99.8,-99.8,-99.8,-99.8
2025-03-15 00:00:00,948.5,17.6,97.0,2.2,264.0,3.5,240.0,0.0,-99.8,-99.8,-99.8,-99.8,-99.8,-99.8,-99.8
2025-03-15 01:00:00,947.8,17.4,97.0,0.8,269.0,2.8,243.0,0.0,-99.8,-99.8,-99.8,-99.8,-99.8,-99.8,-99.8
2025-03-15 02:00:00,947.6,17.1,98.0,1.9,266.0,3.1,278.0,0.0,-99.8,-99.8,-99.8,-99.8,-99.8,-99.8,-99.8
2025-03-15 03:00:00,946.9,17.2,96.0,1.6,257.0,3.9,283.0,0.0,-99.8,-99.8,-99.8,-99.8,-99.8,-99.8,-99.8
2025-03-15 04:00:00,946.6,17.0,94.0,2.6,258.0,4.3,280.0,0.0,-99.8,-99.8,-99.8,-99.8,-99.8,-99.8,-99.8
2025-03-15 05:00:00,946.5,17.7,88.0,2.0,256.0,5.3,248.0,0.0,-99.8,-99.8,-99.8,-99.8,-99.8,-99.8,-99.8
2025-03-15 06:00:00,947.6,16.9,92.0,1.7,267.0,4.2,274.0,0.0,-99.8,-99.8,-99.8,-99.8,-99.8,-99.8,-99.8
2025-03-15 07:00:00,948.0,17.6,87.0,2.6,265.0,4.3,274.0,0.0,-99.8,-99.8,-99.8,-99.8,-99.8,-99.8,-99.8
2025-03-15 08:00:00,948.1,19.3,83.0,1.3,256.0,4.2,249.0,0.0,-99.8,-99.8,-99.8,-99.8,-99.8,-99.8,-99.8
2025-03-15 09:00:00,948.1,20.6,87.0,0.6,71.0,2.2,244.0,0.0,-99.8,-99.8,-99.8,-99.8,-99.8,-99.8,-99.8
2025-03-15 10:00:00,948.2,22.1,83.0,1.2,57.0,2.9,58.0,0.0,-99.8,-99.8,-99.8,-99.8,-99.8,-99.8,-99.8
2025-03-15 11:00:00,947.2,21.8,89.0,0.7,4.0,3.3,54.0,0.0,-99.8,-99.8,-99.8,-99.8,-99.8,-99.8,-99.8
2025-03-15 12:00:00,947.3,21.1,90.0,0.7,46.0,3.2,36.0,0.0,-99.8,-99.8,-99.8,-99.8,-99.8,-99.8,-99.8
2025-03-15 13:00:00,947.2,19.0,98.0,0.7,94.0,5.4,102.0,1.0,-99.8,-99.8,-99.8,-99.8,-99.8,-99.8,-99.8
2025-03-15 14:00:00,945.7,19.0,99.0,0.3,79.0,3.4,88.0,4.5,-99.8,-99.8,-99.8,-99.8,-99.8,-99.8,-99.8
2025-03-15 15:00:00,945.2,18.9,98.0,0.0,0.0,1.7,83.0,0.5,-99.8,-99.8,-99.8,-99.8,-99.8,-99.8,-99.8
2025-03-15 16:00:00,945.5,18.0,100.0,1.0,332.0,4.4,201.0,6.5,-99.8,-99.8,-99.8,-99.8,-99.8,-99.8,-99.8
2025-03-15 17:00:00,945.3,17.5,100.0,0.1,0.0,2.9,105.0,1.5,-99.8,-99.8,-99.8,-99.8,-99.8,-99.8,-99.8
2025-03-15 18:00:00,945.7,16.9,100.0,0.0,0.0,3.1,103.0,0.0,-99.8,-99.8,-99.8,-99.8,-99.8,-99.8,-99.8
2025-03-15 19:00:00,946.1,16.4,100.0,1.1,102.0,2.4,99.0,0.0,-99.8,-99.8,-99.8,-99.8,-99.8,-99.8,-99.8
2025-03-15 20:00:00,947.0,15.7,100.0,0.2,0.0,3.3,94.0,0.5,-99.8,-99.8,-99.8,-99.8,-99.8,-99.8,-99.8
2025-03-15 21:00:00,947.6,15.1,100.0,0.5,82.0,3.8,58.0,0.0,-99.8,-99.8,-99.8,-99.8,-99.8,-99.8,-99.8
2025-03-15 22:00:00,947.5,14.7,100.0,0.2,0.0,2.2,23.0,0.0,-99.8,-99.8,-99.8,-99.8,-99.8,-99.8,-99.8
2025-03-15 23:00:00,947.6,14.3,100.0,0.4,95.0,2.8,90.0,0.0,-99.8,-99.8,-99.8,-99.8,-99.8,-99.8,-99.8
2025-03-16 00:00:00,947.7,13.8,100.0,0.4,83.0,2.1,97.0,0.5,-99.8,-99.8,-99.8,-99.8,-99.8,-99.8,-99.8
2025-03-16 01:00:00,947.1,13.5,100.0,0.6,22.0,2.9,68.0,0.5,-99.8,-99.8,-99.8,-99.8,-99.8,-99.8,-99.8
2025-03-16 02:00:00,947.0,13.3,100.0,0.2,0.0,2.7,94.0,1.0,-99.8,-99.8,-99.8,-99.8,-99.8,-99.8,-99.8
2025-03-16 03:00:00,946.8,13.4,100.0,0.0,0.0,1.2,84.0,1.5,-99.8,-99.8,-99.8,-99.8,-99.8,-99.8,-99.8
2025-03-16 04:00:00,946.3,13.0,100.0,0.3,54.0,2.2,59.0,0.5,-99.8,-99.8,-99.8,-99.8,-99.8,-99.8,-99.8
2025-03-16 05:00:00,947.2,12.2,100.0,0.7,108.0,1.9,92.0,0.5,-99.8,-99.8,-99.8,-99.8,-99.8,-99.8,-99.8
2025-03-16 06:00:00,947.5,12.3,100.0,0.2,0.0,1.5,97.0,0.0,-99.8,-99.8,-99.8,-99.8,-99.8,-99.8,-99.8
2025-03-16 07:00:00,947.8,12.8,100.0,0.2,0.0,1.4,273.0,0.0,-99.8,-99.8,-99.8,-99.8,-99.8,-99.8,-99.8
2025-03-16 08:00:00,948.5,13.1,100.0,1.0,99.0,2.1,90.0,0.0,-99.8,-99.8,-99.8,-99.8,-99.8,-99.8,-99.8
2025-03-16 09:00:00,948.9,12.4,100.0,0.2,0.0,2.4,110.0,0.0,-99.8,-99.8,-99.8,-99.8,-99.8,-99.8,-99.8
2025-03-16 10:00:00,949.2,12.5,100.0,0.8,75.0,2.3,92.0,0.0,-99.8,-99.8,-99.8,-99.8,-99.8,-99.8,-99.8
2025-03-16 11:00:00,948.9,13.1,100.0,0.6,72.0,2.1,90.0,0.0,-99.8,-99.8,-99.8,-99.8,-99.8,-99.8,-99.8
2025-03-16 12:00:00,948.3,13.6,100.0,0.6,60.0,2.0,82.0,0.5,-99.8,-99.8,-99.8,-99.8,-99.8,-99.8,-99.8
2025-03-16 13:00:00,948.1,13.7,95.0,0.9,54.0,2.4,41.0,0.0,-99.8,-99.8,-99.8,-99.8,-99.8,-99.8,-99.8
2025-03-16 14:00:00,947.8,13.7,87.0,0.2,0.0,1.8,19.0,0.0,-99.8,-99.8,-99.8,-99.8,-99.8,-99.8,-99.8
2025-03-16 15:00:00,947.8,13.4,86.0,0.3,54.0,1.5,199.0,0.0,-99.8,-99.8,-99.8,-99.8,-99.8,-99.8,-99.8
2025-03-16 16:00:00,948.3,12.4,94.0,1.6,230.0,3.2,241.0,0.0,-99.8,-99.8,-99.8,-99.8,-99.8,-99.8,-99.8
2025-03-16 17:00:00,948.8,12.2,85.0,0.4,265.0,4.2,247.0,0.0,-99.8,-99.8,-99.8,-99.8,-99.8,-99.8,-99.8
2025-03-16 18:00:00,949.5,11.3,77.0,2.1,258.0,4.5,286.0,0.0,-99.8,-99.8,-99.8,-99.8,-99.8,-99.8,-99.8
2025-03-16 19:00:00,951.2,10.5,75.0,1.7,264.0,4.9,273.0,0.0,-99.8,-99.8,-99.8,-99.8,-99.8,-99.8,-99.8
2025-03-16 20:00:00,952.2,10.0,76.0,2.2,253.0,5.9,239.0,0.0,-99.8,-99.8,-99.8,-99.8,-99.8,-99.8,-99.8
2025-03-16 21:00:00,952.9,9.9,76.0,1.7,268.0,5.8,243.0,0.0,-99.8,-99.8,-99.8,-99.8,-99.8,-99.8,-99.8
2025-03-16 22:00:00,952.9,9.9,71.0,2.5,248.0,5.9,230.0,0.0,-99.8,-99.8,-99.8,-99.8,-99.8,-99.8,-99.8
2025-03-16 23:00:00,952.8,9.8,70.0,2.1,247.0,6.5,275.0,0.0,-99.8,-99.8,-99.8,-99.8,-99.8,-99.8,-99.8
2025-03-17 00:00:00,952.8,9.6,73.0,0.9,235.0,5.3,230.0,0.0,-99.8,-99.8,-99.8,-99.8,-99.8,-99.8,-99.8
2025-03-17 01:00:00,952.7,9.5,76.0,0.7,211.0,3.8,257.0,0.0,-99.8,-99.8,-99.8,-99.8,-99.8,-99.8,-99.8
2025-03-17 02:00:00,952.2,9.6,79.0,1.4,252.0,3.9,274.0,0.0,-99.8,-99.8,-99.8,-99.8,-99.8,-99.8,-99.8
2025-03-17 03:00:00,952.2,9.5,77.0,1.7,236.0,5.1,250.0,0.0,-99.8,-99.8,-99.8,-99.8,-99.8,-99.8,-99.8
2025-03-17 04:00:00,952.3,9.6,79.0,0.8,247.0,5.1,279.0,0.0,-99.8,-99.8,-99.8,-99.8,-99.8,-99.8,-99.8
2025-03-17 05:00:00,952.6,9.2,83.0,0.9,247.0,4.2,265.0,0.0,-99.8,-99.8,-99.8,-99.8,-99.8,-99.8,-99.8
2025-03-17 06:00:00,952.8,9.1,85.0,1.1,260.0,2.3,272.0,0.0,-99.8,-99.8,-99.8,-99.8,-99.8,-99.8,-99.8
2025-03-17 07:00:00,953.3,9.2,83.0,1.0,263.0,2.5,294.0,0.0,-99.8,-99.8,-99.8,-99.8,-99.8,-99.8,-99.8
2025-03-17 08:00:00,954.1,9.5,82.0,0.1,0.0,1.9,282.0,0.0,-99.8,-99.8,-99.8,-99.8,-99.8,-99.8,-99.8
2025-03-17 09:00:00,954.4,9.3,89.0,0.3,35.0,1.6,263.0,0.0,-99.8,-99.8,-99.8,-99.8,-99.8,-99.8,-99.8
2025-03-17 10:00:00,954.3,9.3,90.0,0.9,279.0,1.8,254.0,0.0,-99.8,-99.8,-99.8,-99.8,-99.8,-99.8,-99.8
2025-03-17 11:00:00,953.7,9.6,88.0,0.4,278.0,2.7,276.0,0.0,-99.8,-99.8,-99.8,-99.8,-99.8,-99.8,-99.8
2025-03-17 12:00:00,952.9,9.9,94.0,0.9,73.0,2.0,89.0,0.0,-99.8,-99.8,-99.8,-99.8,-99.8,-99.8,-99.8
2025-03-17 13:00:00,952.2,9.3,92.0,0.5,87.0,2.0,103.0,0.0,-99.8,-99.8,-99.8,-99.8,-99.8,-99.8,-99.8
2025-03-17 14:00:00,951.2,8.9,91.0,0.0,0.0,2.0,94.0,0.0,-99.8,-99.8,-99.8,-99.8,-99.8,-99.8,-99.8
2025-03-17 15:00:00,951.1,8.9,89.0,0.8,256.0,1.6,240.0,0.0,-99.8,-99.8,-99.8,-99.8,-99.8,-99.8,-99.8
2025-03-17 16:00:00,950.9,9.5,89.0,0.5,261.0,1.3,90.0,0.0,-99.8,-99.8,-99.8,-99.8,-99.8,-99.8,-99.8
2025-03-17 17:00:00,951.3,9.5,91.0,0.1,0.0,1.7,263.0,0.0,-99.8,-99.8,-99.8,-99.8,-99.8,-99.8,-99.8
2025-03-17 18:00:00,951.4,9.1,95.0,0.4,186.0,1.3,157.0,0.0,-99.8,-99.8,-99.8,-99.8,-99.8,-99.8,-99.8
2025-03-17 19:00:00,951.6,9.1,91.0,0.2,0.0,1.5,133.0,0.0,-99.8,-99.8,-99.8,-99.8,-99.8,-99.8,-99.8
2025-03-17 20:00:00,952.2,9.1,92.0,0.1,0.0,1.3,225.0,0.0,-99.8,-99.8,-99.8,-99.8,-99.8,-99.8,-99.8
2025-03-17 21:00:00,952.7,9.3,90.0,0.0,0.0,1.7,257.0,0.0,-99.8,-99.8,-99.8,-99.8,-99.8,-99.8,-99.8
2025-03-17 22:00:00,952.9,9.4,88.0,0.3,225.0,1.1,225.0,0.0,-99.8,-99.8,-99.8,-99.8,-99.8,-99.8,-99.8
2025-03-17 23:00:00,953.2,9.3,89.0,0.0,0.0,0.0,0.0,0.0,-99.8,-99.8,-99.8,-99.8,-99.8,-99.8,-99.8
2025-03-18 00:00:00,953.0,9.1,94.0,0.0,0.0,0.7,156.0,0.0,-99.8,-99.8,-99.8,-99.8,-99.8,-99.8,-99.8
2025-03-18 01:00:00,952.9,8.9,97.0,0.1,0.0,1.1,261.0,0.0,-99.8,-99.8,-99.8,-99.8,-99.8,-99.8,-99.8
2025-03-18 02:00:00,952.7,8.8,100.0,1.2,268.0,2.1,253.0,1.0,-99.8,-99.8,-99.8,-99.8,-99.8,-99.8,-99.8
2025-03-18 03:00:00,953.0,8.8,100.0,1.3,264.0,3.3,256.0,1.0,-99.8,-99.8,-99.8,-99.8,-99.8,-99.8,-99.8
2025-03-18 04:00:00,952.6,8.7,100.0,1.2,248.0,2.9,297.0,2.5,-99.8,-99.8,-99.8,-99.8,-99.8,-99.8,-99.8
2025-03-18 05:00:00,952.5,8.9,100.0,1.1,251.0,2.6,243.0,1.0,-99.8,-99.8,-99.8,-99.8,-99.8,-99.8,-99.8
2025-03-18 06:00:00,952.9,9.1,100.0,1.3,257.0,2.7,257.0,2.0,-99.8,-99.8,-99.8,-99.8,-99.8,-99.8,-99.8
2025-03-18 07:00:00,953.2,8.6,96.0,1.0,236.0,3.3,246.0,0.5,-99.8,-99.8,-99.8,-99.8,-99.8,-99.8,-99.8
2025-03-18 08:00:00,953.9,8.2,93.0,1.5,243.0,3.7,269.0,1.0,-99.8,-99.8,-99.8,-99.8,-99.8,-99.8,-99.8
2025-03-18 09:00:00,954.5,8.9,98.0,0.4,254.0,2.4,269.0,0.5,-99.8,-99.8,-99.8,-99.8,-99.8,-99.8,-99.8
2025-03-18 10:00:00,954.4,9.1,100.0,1.6,255.0,2.5,252.0,0.0,-99.8,-99.8,-99.8,-99.8,-99.8,-99.8,-99.8
2025-03-18 11:00:00,954.2,9.9,98.0,0.5,278.0,2.3,241.0,0.5,-99.8,-99.8,-99.8,-99.8,-99.8,-99.8,-99.8
2025-03-18 12:00:00,954.2,11.1,86.0,0.5,275.0,3.5,271.0,0.0,-99.8,-99.8,-99.8,-99.8,-99.8,-99.8,-99.8
2025-03-18 13:00:00,953.6,11.0,76.0,1.0,261.0,2.6,248.0,0.0,-99.8,-99.8,-99.8,-99.8,-99.8,-99.8,-99.8
2025-03-18 14:00:00,953.3,10.4,77.0,1.7,271.0,4.1,263.0,0.0,-99.8,-99.8,-99.8,-99.8,-99.8,-99.8,-99.8
2025-03-18 15:00:00,953.1,10.2,81.0,1.2,249.0,4.7,253.0,0.0,-99.8,-99.8,-99.8,-99.8,-99.8,-99.8,-99.8
2025-03-18 16:00:00,953.4,9.9,80.0,1.9,263.0,3.8,272.0,0.0,-99.8,-99.8,-99.8,-99.8,-99.8,-99.8,-99.8
2025-03-18 17:00:00,954.0,9.1,79.0,2.0,251.0,5.1,244.0,0.0,-99.8,-99.8,-99.8,-99.8,-99.8,-99.8,-99.8
2025-03-18 18:00:00,954.2,8.6,91.0,1.4,254.0,4.6,248.0,0.0,-99.8,-99.8,-99.8,-99.8,-99.8,-99.8,-99.8
2025-03-18 19:00:00,954.4,8.8,88.0,1.8,266.0,3.4,243.0,0.0,-99.8,-99.8,-99.8,-99.8,-99.8,-99.8,-99.8
2025-03-18 20:00:00,955.3,8.9,92.0,0.9,269.0,3.3,242.0,0.0,-99.8,-99.8,-99.8,-99.8,-99.8,-99.8,-99.8
2025-03-18 21:00:00,955.9,8.9,92.0,1.5,260.0,2.5,245.0,0.0,-99.8,-99.8,-99.8,-99.8,-99.8,-99.8,-99.8
2025-03-18 22:00:00,956.5,9.1,88.0,0.5,274.0,2.6,247.0,0.0,-99.8,-99.8,-99.8,-99.8,-99.8,-99.8,-99.8
2025-03-18 23:00:00,956.7,8.6,93.0,1.6,262.0,2.9,268.0,0.0,-99.8,-99.8,-99.8,-99.8,-99.8,-99.8,-99.8
2025-03-19 00:00:00,956.3,8.7,91.0,1.9,259.0,3.3,261.0,0.0,-99.8,-99.8,-99.8,-99.8,-99.8,-99.8,-99.8
2025-03-19 01:00:00,956.3,8.8,88.0,2.0,269.0,3.7,270.0,0.0,-99.8,-99.8,-99.8,-99.8,-99.8,-99.8,-99.8
2025-03-19 02:00:00,956.3,8.9,86.0,2.2,259.0,3.8,271.0,0.0,-99.8,-99.8,-99.8,-99.8,-99.8,-99.8,-99.8
2025-03-19 03:00:00,956.1,8.9,90.0,1.7,265.0,3.8,291.0,0.0,-99.8,-99.8,-99.8,-99.8,-99.8,-99.8,-99.8
2025-03-19 04:00:00,956.2,8.8,88.0,2.2,264.0,4.5,272.0,0.0,-99.8,-99.8,-99.8,-99.8,-99.8,-99.8,-99.8
2025-03-19 05:00:00,956.4,8.7,83.0,1.5,255.0,3.0,266.0,0.0,-99.8,-99.8,-99.8,-99.8,-99.8,-99.8,-99.8
2025-03-19 06:00:00,957.0,8.3,87.0,1.7,244.0,4.4,242.0,0.0,-99.8,-99.8,-99.8,-99.8,-99.8,-99.8,-99.8
2025-03-19 07:00:00,957.8,7.9,92.0,1.4,245.0,6.0,274.0,0.5,-99.8,-99.8,-99.8,-99.8,-99.8,-99.8,-99.8
2025-03-19 08:00:00,958.3,8.2,88.0,1.6,243.0,4.5,258.0,0.0,-99.8,-99.8,-99.8,-99.8,-99.8,-99.8,-99.8
2025-03-19 09:00:00,958.4,8.4,90.0,1.2,255.0,4.5,255.0,0.5,-99.8,-99.8,-99.8,-99.8,-99.8,-99.8,-99.8
2025-03-19 10:00:00,958.5,8.6,93.0,1.5,266.0,3.6,238.0,0.0,-99.8,-99.8,-99.8,-99.8,-99.8,-99.8,-99.8
2025-03-19 11:00:00,958.3,9.0,98.0,1.3,272.0,2.9,254.0,0.0,-99.8,-99.8,-99.8,-99.8,-99.8,-99.8,-99.8
2025-03-19 12:00:00,957.5,10.0,92.0,0.5,259.0,3.0,234.0,0.0,-99.8,-99.8,-99.8,-99.8,-99.8,-99.8,-99.8
2025-03-19 13:00:00,956.9,10.3,91.0,0.5,281.0,1.4,281.0,0.0,-99.8,-99.8,-99.8,-99.8,-99.8,-99.8,-99.8
2025-03-19 14:00:00,956.2,11.6,87.0,0.2,0.0,1.7,263.0,0.0,-99.8,-99.8,-99.8,-99.8,-99.8,-99.8,-99.8
2025-03-19 15:00:00,955.9,10.9,87.0,0.0,0.0,1.6,261.0,0.0,-99.8,-99.8,-99.8,-99.8,-99.8,-99.8,-99.8
2025-03-19 16:00:00,955.8,10.8,89.0,0.0,0.0,0.7,270.0,0.0,-99.8,-99.8,-99.8,-99.8,-99.8,-99.8,-99.8
2025-03-19 17:00:00,955.8,10.4,93.0,0.4,257.0,1.3,261.0,0.0,-99.8,-99.8,-99.8,-99.8,-99.8,-99.8,-99.8
2025-03-19 18:00:00,956.3,10.3,88.0,0.0,0.0,0.9,239.0,0.0,-99.8,-99.8,-99.8,-99.8,-99.8,-99.8,-99.8
2025-03-19 19:00:00,956.7,10.2,94.0,0.0,0.0,0.3,228.0,0.0,-99.8,-99.8,-99.8,-99.8,-99.8,-99.8,-99.8
2025-03-19 20:00:00,957.0,10.0,97.0,1.3,264.0,2.3,269.0,0.0,-99.8,-99.8,-99.8,-99.8,-99.8,-99.8,-99.8
2025-03-19 21:00:00,957.8,10.0,97.0,1.1,265.0,2.2,266.0,0.0,-99.8,-99.8,-99.8,-99.8,-99.8,-99.8,-99.8
2025-03-19 22:00:00,957.8,10.0,94.0,0.7,272.0,1.7,274.0,0.0,-99.8,-99.8,-99.8,-99.8,-99.8,-99.8,-99.8
2025-03-19 23:00:00,957.8,10.1,94.0,0.0,0.0,1.8,234.0,0.0,-99.8,-99.8,-99.8,-99.8,-99.8,-99.8,-99.8
2025-03-20 00:00:00,957.7,10.0,92.0,1.1,253.0,1.9,264.0,0.0,-99.8,-99.8,-99.8,-99.8,-99.8,-99.8,-99.8
2025-03-20 01:00:00,957.5,10.0,93.0,0.7,258.0,1.4,276.0,0.0,-99.8,-99.8,-99.8,-99.8,-99.8,-99.8,-99.8
2025-03-20 02:00:00,957.4,9.9,93.0,0.4,119.0,1.3,106.0,0.0,-99.8,-99.8,-99.8,-99.8,-99.8,-99.8,-99.8
2025-03-20 03:00:00,956.8,10.0,91.0,0.0,0.0,0.5,125.0,0.0,-99.8,-99.8,-99.8,-99.8,-99.8,-99.8,-99.8
2025-03-20 04:00:00,956.9,10.0,91.0,0.8,262.0,1.6,259.0,0.0,-99.8,-99.8,-99.8,-99.8,-99.8,-99.8,-99.8
2025-03-20 05:00:00,956.9,10.2,88.0,1.2,245.0,2.0,251.0,0.0,-99.8,-99.8,-99.8,-99.8,-99.8,-99.8,-99.8
2025-03-20 06:00:00,957.0,10.2,86.0,0.7,234.0,2.7,234.0,0.0,-99.8,-99.8,-99.8,-99.8,-99.8,-99.8,-99.8
2025-03-20 07:00:00,957.4,10.1,92.0,0.9,270.0,2.8,253.0,0.0,-99.8,-99.8,-99.8,-99.8,-99.8,-99.8,-99.8
2025-03-20 08:00:00,957.8,10.9,85.0,0.0,0.0,1.6,269.0,0.0,-99.8,-99.8,-99.8,-99.8,-99.8,-99.8,-99.8
2025-03-20 09:00:00,958.0,13.4,78.0,1.2,77.0,2.3,93.0,0.0,-99.8,-99.8,-99.8,-99.8,-99.8,-99.8,-99.8
2025-03-20 10:00:00,958.0,13.5,76.0,0.6,33.0,3.6,92.0,0.0,-99.8,-99.8,-99.8,-99.8,-99.8,-99.8,-99.8
2025-03-20 11:00:00,957.5,13.8,75.0,1.3,44.0,5.2,86.0,0.0,-99.8,-99.8,-99.8,-99.8,-99.8,-99.8,-99.8
2025-03-20 12:00:00,957.0,13.6,73.0,0.5,334.0,3.4,58.0,0.0,-99.8,-99.8,-99.8,-99.8,-99.8,-99.8,-99.8
2025-03-20 13:00:00,956.4,12.4,76.0,0.2,0.0,3.5,89.0,0.0,-99.8,-99.8,-99.8,-99.8,-99.8,-99.8,-99.8
2025-03-20 14:00:00,955.9,12.4,77.0,0.0,0.0,2.1,83.0,0.0,-99.8,-99.8,-99.8,-99.8,-99.8,-99.8,-99.8
2025-03-20 15:00:00,955.6,12.2,78.0,0.5,98.0,2.3,95.0,0.0,-99.8,-99.8,-99.8,-99.8,-99.8,-99.8,-99.8
2025-03-20 16:00:00,955.6,12.3,80.0,0.2,0.0,1.7,84.0,0.0,-99.8,-99.8,-99.8,-99.8,-99.8,-99.8,-99.8
2025-03-20 17:00:00,956.0,11.9,80.0,0.0,0.0,1.6,90.0,0.0,-99.8,-99.8,-99.8,-99.8,-99.8,-99.8,-99.8
2025-03-20 18:00:00,956.0,11.5,83.0,0.6,177.0,1.8,257.0,0.0,-99.8,-99.8,-99.8,-99.8,-99.8,-99.8,-99.8
2025-03-20 19:00:00,955.6,11.4,82.0,0.0,0.0,1.8,252.0,0.0,-99.8,-99.8,-99.8,-99.8,-99.8,-99.8,-99.8
2025-03-20 20:00:00,956.7,11.4,84.0,0.7,248.0,1.2,246.0,0.0,-99.8,-99.8,-99.8,-99.8,-99.8,-99.8,-99.8
2025-03-20 21:00:00,957.1,11.2,88.0,1.3,242.0,2.2,280.0,0.0,-99.8,-99.8,-99.8,-99.8,-99.8,-99.8,-99.8
2025-03-20 22:00:00,957.2,11.3,84.0,0.4,246.0,2.5,222.0,0.0,-99.8,-99.8,-99.8,-99.8,-99.8,-99.8,-99.8
2025-03-20 23:00:00,957.0,10.7,88.0,1.1,250.0,3.0,235.0,0.0,-99.8,-99.8,-99.8,-99.8,-99.8,-99.8,-99.8
2025-03-21 00:00:00,957.1,10.1,91.0,0.6,276.0,2.0,240.0,0.0,-99.8,-99.8,-99.8,-99.8,-99.8,-99.8,-99.8
2025-03-21 01:00:00,956.7,9.8,92.0,2.1,262.0,2.9,262.0,0.0,-99.8,-99.8,-99.8,-99.8,-99.8,-99.8,-99.8
2025-03-21 02:00:00,955.8,9.5,92.0,2.4,262.0,4.0,238.0,0.0,-99.8,-99.8,-99.8,-99.8,-99.8,-99.8,-99.8
2025-03-21 03:00:00,955.6,8.9,89.0,0.4,251.0,3.9,270.0,0.0,-99.8,-99.8,-99.8,-99.8,-99.8,-99.8,-99.8
2025-03-21 04:00:00,956.0,9.2,85.0,2.0,247.0,3.4,240.0,0.0,-99.8,-99.8,-99.8,-99.8,-99.8,-99.8,-99.8
2025-03-21 05:00:00,956.3,8.5,89.0,1.9,269.0,3.8,284.0,0.0,-99.8,-99.8,-99.8,-99.8,-99.8,-99.8,-99.8
2025-03-21 06:00:00,956.9,8.4,85.0,2.2,266.0,4.0,234.0,0.0,-99.8,-99.8,-99.8,-99.8,-99.8,-99.8,-99.8
2025-03-21 07:00:00,957.5,9.0,73.0,2.2,264.0,4.7,274.0,0.0,-99.8,-99.8,-99.8,-99.8,-99.8,-99.8,-99.8
2025-03-21 08:00:00,958.1,11.3,63.0,1.1,264.0,3.7,256.0,0.0,-99.8,-99.8,-99.8,-99.8,-99.8,-99.8,-99.8
2025-03-21 09:00:00,957.8,14.3,53.0,0.2,0.0,2.1,257.0,0.0,-99.8,-99.8,-99.8,-99.8,-99.8,-99.8,-99.8
2025-03-21 10:00:00,957.4,17.2,46.0,1.3,56.0,3.4,95.0,0.0,-99.8,-99.8,-99.8,-99.8,-99.8,-99.8,-99.8
2025-03-21 11:00:00,956.8,18.2,43.0,1.5,33.0,4.4,91.0,0.0,-99.8,-99.8,-99.8,-99.8,-99.8,-99.8,-99.8
2025-03-21 12:00:00,955.9,18.0,52.0,2.0,61.0,8.0,63.0,0.0,-99.8,-99.8,-99.8,-99.8,-99.8,-99.8,-99.8
2025-03-21 13:00:00,955.1,18.1,47.0,1.1,28.0,7.2,111.0,0.0,-99.8,-99.8,-99.8,-99.8,-99.8,-99.8,-99.8
2025-03-21 14:00:00,954.4,16.9,47.0,2.0,73.0,7.6,73.0,0.0,-99.8,-99.8,-99.8,-99.8,-99.8,-99.8,-99.8
2025-03-21 15:00:00,954.0,16.9,44.0,1.4,73.0,5.4,81.0,0.0,-99.8,-99.8,-99.8,-99.8,-99.8,-99.8,-99.8
2025-03-21 16:00:00,954.0,16.3,49.0,1.3,111.0,5.6,89.0,0.0,-99.8,-99.8,-99.8,-99.8,-99.8,-99.8,-99.8
2025-03-21 17:00:00,954.3,14.1,55.0,1.0,92.0,5.7,108.0,0.0,-99.8,-99.8,-99.8,-99.8,-99.8,-99.8,-99.8
2025-03-21 18:00:00,954.8,13.0,58.0,0.7,164.0,3.6,92.0,0.0,-99.8,-99.8,-99.8,-99.8,-99.8,-99.8,-99.8
2025-03-21 19:00:00,955.0,12.6,62.0,0.4,117.0,2.2,171.0,0.0,-99.8,-99.8,-99.8,-99.8,-99.8,-99.8,-99.8
2025-03-21 20:00:00,955.5,11.8,67.0,0.7,292.0,1.5,139.0,0.0,-99.8,-99.8,-99.8,-99.8,-99.8,-99.8,-99.8
2025-03-21 21:00:00,956.1,11.6,70.0,1.5,248.0,2.8,269.0,0.0,-99.8,-99.8,-99.8,-99.8,-99.8,-99.8,-99.8
2025-03-21 22:00:00,955.7,11.0,74.0,2.1,276.0,3.7,256.0,0.0,-99.8,-99.8,-99.8,-99.8,-99.8,-99.8,-99.8
2025-03-21 23:00:00,955.4,10.2,78.0,2.4,266.0,4.7,276.0,0.0,-99.8,-99.8,-99.8,-99.8,-99.8,-99.8,-99.8
2025-03-22 00:00:00,955.0,10.2,78.0,2.5,250.0,4.9,255.0,0.0,-99.8,-99.8,-99.8,-99.8,-99.8,-99.8,-99.8
2025-03-22 01:00:00,954.5,9.8,81.0,2.7,266.0,4.3,273.0,0.0,-99.8,-99.8,-99.8,-99.8,-99.8,-99.8,-99.8
2025-03-22 02:00:00,953.9,9.6,82.0,3.1,259.0,5.0,256.0,0.0,-99.8,-99.8,-99.8,-99.8,-99.8,-99.8,-99.8
2025-03-22 03:00:00,953.3,9.5,83.0,1.8,273.0,4.8,268.0,0.0,-99.8,-99.8,-99.8,-99.8,-99.8,-99.8,-99.8
2025-03-22 04:00:00,953.2,9.5,82.0,2.4,263.0,3.6,264.0,0.0,-99.8,-99.8,-99.8,-99.8,-99.8,-99.8,-99.8
2025-03-22 05:00:00,953.5,9.5,80.0,2.5,260.0,3.7,253.0,0.0,-99.8,-99.8,-99.8,-99.8,-99.8,-99.8,-99.8
2025-03-22 06:00:00,953.8,9.9,74.0,1.8,273.0,3.8,281.0,0.0,-99.8,-99.8,-99.8,-99.8,-99.8,-99.8,-99.8
2025-03-22 07:00:00,954.3,10.5,72.0,1.7,269.0,3.2,270.0,0.0,-99.8,-99.8,-99.8,-99.8,-99.8,-99.8,-99.8
2025-03-22 08:00:00,955.1,13.3,63.0,0.3,307.0,2.5,283.0,0.0,-99.8,-99.8,-99.8,-99.8,-99.8,-99.8,-99.8
2025-03-22 09:00:00,955.1,16.2,53.0,0.3,7.0,1.7,39.0,0.0,-99.8,-99.8,-99.8,-99.8,-99.8,-99.8,-99.8
2025-03-22 10:00:00,954.7,18.2,55.0,0.9,353.0,3.6,43.0,0.0,-99.8,-99.8,-99.8,-99.8,-99.8,-99.8,-99.8
2025-03-22 11:00:00,954.1,19.5,55.0,1.0,2.0,4.0,90.0,0.0,-99.8,-99.8,-99.8,-99.8,-99.8,-99.8,-99.8
2025-03-22 12:00:00,953.2,19.7,54.0,0.9,22.0,3.9,72.0,0.0,-99.8,-99.8,-99.8,-99.8,-99.8,-99.8,-99.8
2025-03-22 13:00:00,952.5,19.5,55.0,1.3,6.0,5.6,104.0,0.0,-99.8,-99.8,-99.8,-99.8,-99.8,-99.8,-99.8
2025-03-22 14:00:00,951.8,19.6,56.0,0.9,10.0,6.2,88.0,0.0,-99.8,-99.8,-99.8,-99.8,-99.8,-99.8,-99.8
2025-03-22 15:00:00,951.4,18.4,59.0,1.5,69.0,6.3,64.0,0.0,-99.8,-99.8,-99.8,-99.8,-99.8,-99.8,-99.8
2025-03-22 16:00:00,951.4,18.1,64.0,1.5,114.0,5.4,94.0,0.0,-99.8,-99.8,-99.8,-99.8,-99.8,-99.8,-99.8
2025-03-22 17:00:00,951.8,15.9,74.0,0.6,124.0,4.7,147.0,0.0,-99.8,-99.8,-99.8,-99.8,-99.8,-99.8,-99.8
2025-03-22 18:00:00,952.4,15.4,77.0,0.3,89.0,4.4,67.0,0.0,-99.8,-99.8,-99.8,-99.8,-99.8,-99.8,-99.8
2025-03-22 19:00:00,952.9,15.2,78.0,0.6,164.0,1.9,150.0,0.0,-99.8,-99.8,-99.8,-99.8,-99.8,-99.8,-99.8
2025-03-22 20:00:00,953.4,15.2,78.0,0.0,0.0,1.6,179.0,0.0,-99.8,-99.8,-99.8,-99.8,-99.8,-99.8,-99.8
2025-03-22 21:00:00,953.8,14.4,82.0,0.4,224.0,1.5,207.0,0.0,-99.8,-99.8,-99.8,-99.8,-99.8,-99.8,-99.8
2025-03-22 22:00:00,953.5,14.1,83.0,0.5,242.0,2.4,243.0,0.0,-99.8,-99.8,-99.8,-99.8,-99.8,-99.8,-99.8
2025-03-22 23:00:00,953.2,13.5,86.0,1.1,238.0,1.8,247.0,0.0,-99.8,-99.8,-99.8,-99.8,-99.8,-99.8,-99.8
2025-03-23 00:00:00,952.6,12.9,88.0,1.4,258.0,2.9,272.0,0.0,-99.8,-99.8,-99.8,-99.8,-99.8,-99.8,-99.8
2025-03-23 01:00:00,952.0,12.7,81.0,1.9,265.0,4.4,263.0,0.0,-99.8,-99.8,-99.8,-99.8,-99.8,-99.8,-99.8
2025-03-23 02:00:00,951.5,12.9,77.0,2.2,267.0,3.9,261.0,0.0,-99.8,-99.8,-99.8,-99.8,-99.8,-99.8,-99.8
2025-03-23 03:00:00,950.9,13.4,66.0,1.2,271.0,4.0,266.0,0.0,-99.8,-99.8,-99.8,-99.8,-99.8,-99.8,-99.8
2025-03-23 04:00:00,950.7,13.1,58.0,1.8,264.0,3.2,302.0,0.0,-99.8,-99.8,-99.8,-99.8,-99.8,-99.8,-99.8
2025-03-23 05:00:00,951.2,14.3,44.0,2.0,272.0,3.6,291.0,0.0,-99.8,-99.8,-99.8,-99.8,-99.8,-99.8,-99.8
2025-03-23 06:00:00,951.6,13.9,44.0,2.3,285.0,4.0,291.0,0.0,-99.8,-99.8,-99.8,-99.8,-99.8,-99.8,-99.8
2025-03-23 07:00:00,952.0,14.5,43.0,2.4,277.0,4.3,293.0,0.0,-99.8,-99.8,-99.8,-99.8,-99.8,-99.8,-99.8
2025-03-23 08:00:00,952.6,16.2,44.0,0.7,295.0,4.5,258.0,0.0,-99.8,-99.8,-99.8,-99.8,-99.8,-99.8,-99.8
2025-03-23 09:00:00,952.5,18.6,46.0,1.2,80.0,2.4,98.0,0.0,-99.8,-99.8,-99.8,-99.8,-99.8,-99.8,-99.8
2025-03-23 10:00:00,952.6,20.4,53.0,0.8,16.0,3.2,37.0,0.0,-99.8,-99.8,-99.8,-99.8,-99.8,-99.8,-99.8
2025-03-23 11:00:00,951.7,21.2,57.0,0.9,356.0,3.6,34.0,0.0,-99.8,-99.8,-99.8,-99.8,-99.8,-99.8,-99.8
2025-03-23 12:00:00,951.0,21.8,53.0,1.0,335.0,6.8,97.0,0.0,-99.8,-99.8,-99.8,-99.8,-99.8,-99.8,-99.8
2025-03-23 13:00:00,950.1,21.9,54.0,0.9,355.0,3.4,19.0,0.0,-99.8,-99.8,-99.8,-99.8,-99.8,-99.8,-99.8
2025-03-23 14:00:00,949.3,21.1,60.0,1.1,50.0,4.4,69.0,0.0,-99.8,-99.8,-99.8,-99.8,-99.8,-99.8,-99.8
2025-03-23 15:00:00,949.0,20.8,65.0,1.0,357.0,4.0,307.0,0.0,-99.8,-99.8,-99.8,-99.8,-99.8,-99.8,-99.8
2025-03-23 16:00:00,948.6,19.6,72.0,1.2,62.0,4.4,95.0,0.0,-99.8,-99.8,-99.8,-99.8,-99.8,-99.8,-99.8
2025-03-23 17:00:00,948.9,17.7,80.0,0.1,0.0,5.3,88.0,0.0,-99.8,-99.8,-99.8,-99.8,-99.8,-99.8,-99.8
2025-03-23 18:00:00,949.0,16.2,86.0,0.8,176.0,2.1,71.0,0.0,-99.8,-99.8,-99.8,-99.8,-99.8,-99.8,-99.8
2025-03-23 19:00:00,949.4,15.5,89.0,0.3,160.0,1.7,168.0,0.0,-99.8,-99.8,-99.8,-99.8,-99.8,-99.8,-99.8
2025-03-23 20:00:00,949.7,15.7,85.0,0.8,221.0,1.3,173.0,0.0,-99.8,-99.8,-99.8,-99.8,-99.8,-99.8,-99.8
2025-03-23 21:00:00,950.0,15.1,90.0,1.4,249.0,2.3,268.0,0.0,-99.8,-99.8,-99.8,-99.8,-99.8,-99.8,-99.8
2025-03-23 22:00:00,949.5,14.8,89.0,2.4,263.0,3.6,256.0,0.0,-99.8,-99.8,-99.8,-99.8,-99.8,-99.8,-99.8
2025-03-23 23:00:00,949.1,14.5,87.0,2.2,264.0,4.7,257.0,0.0,-99.8,-99.8,-99.8,-99.8,-99.8,-99.8,-99.8
2025-03-24 00:00:00,948.5,14.5,84.0,1.7,272.0,3.7,265.0,0.0,-99.8,-99.8,-99.8,-99.8,-99.8,-99.8,-99.8
2025-03-24 01:00:00,947.8,14.9,79.0,2.3,269.0,4.2,256.0,0.0,-99.8,-99.8,-99.8,-99.8,-99.8,-99.8,-99.8
2025-03-24 02:00:00,947.1,14.5,78.0,2.2,260.0,4.2,269.0,0.0,-99.8,-99.8,-99.8,-99.8,-99.8,-99.8,-99.8
2025-03-24 03:00:00,946.8,15.1,73.0,2.6,264.0,4.6,251.0,0.0,-99.8,-99.8,-99.8,-99.8,-99.8,-99.8,-99.8
2025-03-24 04:00:00,946.7,15.0,69.0,1.9,256.0,4.0,234.0,0.0,-99.8,-99.8,-99.8,-99.8,-99.8,-99.8,-99.8
2025-03-24 05:00:00,946.7,15.1,70.0,1.2,257.0,2.8,261.0,0.0,-99.8,-99.8,-99.8,-99.8,-99.8,-99.8,-99.8
2025-03-24 06:00:00,947.1,15.2,68.0,1.6,258.0,2.6,232.0,0.0,-99.8,-99.8,-99.8,-99.8,-99.8,-99.8,-99.8
2025-03-24 07:00:00,947.5,16.4,63.0,0.7,282.0,3.0,248.0,0.0,-99.8,-99.8,-99.8,-99.8,-99.8,-99.8,-99.8
2025-03-24 08:00:00,948.0,18.3,61.0,0.2,0.0,1.8,331.0,0.0,-99.8,-99.8,-99.8,-99.8,-99.8,-99.8,-99.8
2025-03-24 09:00:00,948.1,19.9,62.0,1.2,62.0,2.8,63.0,0.0,-99.8,-99.8,-99.8,-99.8,-99.8,-99.8,-99.8
2025-03-24 10:00:00,948.2,21.6,64.0,0.9,17.0,3.4,24.0,0.0,-99.8,-99.8,-99.8,-99.8,-99.8,-99.8,-99.8
2025-03-24 11:00:00,947.7,22.3,67.0,1.1,2.0,3.3,36.0,0.0,-99.8,-99.8,-99.8,-99.8,-99.8,-99.8,-99.8
2025-03-24 12:00:00,947.1,22.6,67.0,1.3,27.0,3.5,73.0,0.0,-99.8,-99.8,-99.8,-99.8,-99.8,-99.8,-99.8
2025-03-24 13:00:00,946.6,22.7,70.0,0.8,360.0,4.3,95.0,0.0,-99.8,-99.8,-99.8,-99.8,-99.8,-99.8,-99.8
2025-03-24 14:00:00,946.0,22.8,69.0,0.9,1.0,4.2,55.0,0.0,-99.8,-99.8,-99.8,-99.8,-99.8,-99.8,-99.8
2025-03-24 15:00:00,945.8,22.2,70.0,0.9,1.0,3.3,346.0,0.0,-99.8,-99.8,-99.8,-99.8,-99.8,-99.8,-99.8
2025-03-24 16:00:00,945.5,22.1,69.0,0.5,74.0,2.0,60.0,0.0,-99.8,-99.8,-99.8,-99.8,-99.8,-99.8,-99.8
2025-03-24 17:00:00,945.4,19.5,79.0,0.3,120.0,2.6,91.0,0.0,-99.8,-99.8,-99.8,-99.8,-99.8,-99.8,-99.8
2025-03-24 18:00:00,945.6,17.9,85.0,0.6,154.0,1.6,134.0,0.0,-99.8,-99.8,-99.8,-99.8,-99.8,-99.8,-99.8
2025-03-24 19:00:00,945.8,17.5,84.0,1.4,227.0,2.0,236.0,0.0,-99.8,-99.8,-99.8,-99.8,-99.8,-99.8,-99.8
2025-03-24 20:00:00,946.4,17.3,77.0,1.6,262.0,3.5,269.0,0.0,-99.8,-99.8,-99.8,-99.8,-99.8,-99.8,-99.8
2025-03-24 21:00:00,947.2,17.7,66.0,2.5,272.0,4.0,250.0,0.0,-99.8,-99.8,-99.8,-99.8,-99.8,-99.8,-99.8
2025-03-24 22:00:00,946.8,17.6,62.0,1.5,262.0,4.3,307.0,0.0,-99.8,-99.8,-99.8,-99.8,-99.8,-99.8,-99.8
2025-03-24 23:00:00,946.2,17.2,60.0,2.7,271.0,4.8,239.0,0.0,-99.8,-99.8,-99.8,-99.8,-99.8,-99.8,-99.8
2025-03-25 00:00:00,945.7,17.2,59.0,2.9,268.0,5.0,277.0,0.0,-99.8,-99.8,-99.8,-99.8,-99.8,-99.8,-99.8
2025-03-25 01:00:00,945.2,16.6,62.0,2.0,265.0,4.3,282.0,0.0,-99.8,-99.8,-99.8,-99.8,-99.8,-99.8,-99.8
2025-03-25 02:00:00,944.6,16.5,61.0,1.6,279.0,4.8,257.0,0.0,-99.8,-99.8,-99.8,-99.8,-99.8,-99.8,-99.8
2025-03-25 03:00:00,944.1,16.3,61.0,1.6,271.0,4.2,273.0,0.0,-99.8,-99.8,-99.8,-99.8,-99.8,-99.8,-99.8
2025-03-25 04:00:00,943.8,16.3,61.0,2.2,259.0,4.6,271.0,0.0,-99.8,-99.8,-99.8,-99.8,-99.8,-99.8,-99.8
2025-03-25 05:00:00,944.0,15.4,69.0,2.0,265.0,4.1,260.0,0.0,-99.8,-99.8,-99.8,-99.8,-99.8,-99.8,-99.8
2025-03-25 06:00:00,944.1,16.0,64.0,0.7,274.0,3.7,264.0,0.0,-99.8,-99.8,-99.8,-99.8,-99.8,-99.8,-99.8
2025-03-25 07:00:00,944.3,17.6,58.0,1.9,281.0,3.7,273.0,0.0,-99.8,-99.8,-99.8,-99.8,-99.8,-99.8,-99.8
2025-03-25 08:00:00,944.8,19.8,53.0,0.3,327.0,3.8,276.0,0.0,-99.8,-99.8,-99.8,-99.8,-99.8,-99.8,-99.8
2025-03-25 09:00:00,944.8,21.8,52.0,1.2,76.0,2.2,86.0,0.0,-99.8,-99.8,-99.8,-99.8,-99.8,-99.8,-99.8
2025-03-25 10:00:00,944.8,22.9,52.0,0.9,5.0,3.6,94.0,0.0,-99.8,-99.8,-99.8,-99.8,-99.8,-99.8,-99.8
2025-03-25 11:00:00,944.3,24.2,56.0,0.8,12.0,2.6,13.0,0.0,-99.8,-99.8,-99.8,-99.8,-99.8,-99.8,-99.8
2025-03-25 12:00:00,943.6,24.4,57.0,0.7,9.0,4.0,38.0,0.0,-99.8,-99.8,-99.8,-99.8,-99.8,-99.8,-99.8
2025-03-25 13:00:00,943.0,24.2,56.0,1.2,357.0,4.2,10.0,0.0,-99.8,-99.8,-99.8,-99.8,-99.8,-99.8,-99.8
2025-03-25 14:00:00,942.5,23.9,58.0,0.8,9.0,4.5,103.0,0.0,-99.8,-99.8,-99.8,-99.8,-99.8,-99.8,-99.8
2025-03-25 15:00:00,942.3,23.9,62.0,0.7,25.0,3.2,66.0,0.0,-99.8,-99.8,-99.8,-99.8,-99.8,-99.8,-99.8
2025-03-25 16:00:00,942.6,23.1,67.0,0.7,57.0,3.0,85.0,0.0,-99.8,-99.8,-99.8,-99.8,-99.8,-99.8,-99.8
2025-03-25 17:00:00,942.9,20.9,75.0,0.6,122.0,3.4,100.0,0.0,-99.8,-99.8,-99.8,-99.8,-99.8,-99.8,-99.8
2025-03-25 18:00:00,943.2,19.1,87.0,0.2,0.0,1.6,145.0,0.0,-99.8,-99.8,-99.8,-99.8,-99.8,-99.8,-99.8
2025-03-25 19:00:00,943.6,18.8,83.0,1.2,226.0,1.8,227.0,0.0,-99.8,-99.8,-99.8,-99.8,-99.8,-99.8,-99.8
2025-03-25 20:00:00,944.0,18.3,80.0,1.8,252.0,3.1,266.0,0.0,-99.8,-99.8,-99.8,-99.8,-99.8,-99.8,-99.8
2025-03-25 21:00:00,944.5,18.2,71.0,2.1,267.0,3.3,277.0,0.0,-99.8,-99.8,-99.8,-99.8,-99.8,-99.8,-99.8
2025-03-25 22:00:00,944.7,18.0,69.0,1.5,277.0,4.8,268.0,0.0,-99.8,-99.8,-99.8,-99.8,-99.8,-99.8,-99.8
2025-03-25 23:00:00,944.5,17.9,66.0,2.6,255.0,4.2,253.0,0.0,-99.8,-99.8,-99.8,-99.8,-99.8,-99.8,-99.8
2025-03-26 00:00:00,944.0,18.5,59.0,2.6,262.0,4.5,269.0,0.0,-99.8,-99.8,-99.8,-99.8,-99.8,-99.8,-99.8
2025-03-26 01:00:00,943.6,17.5,65.0,2.6,265.0,4.4,280.0,0.0,-99.8,-99.8,-99.8,-99.8,-99.8,-99.8,-99.8
2025-03-26 02:00:00,943.1,17.8,63.0,2.7,266.0,4.5,261.0,0.0,-99.8,-99.8,-99.8,-99.8,-99.8,-99.8,-99.8
2025-03-26 03:00:00,942.5,17.6,62.0,2.2,262.0,3.7,288.0,0.0,-99.8,-99.8,-99.8,-99.8,-99.8,-99.8,-99.8
2025-03-26 04:00:00,942.6,18.4,56.0,2.1,256.0,4.4,279.0,0.0,-99.8,-99.8,-99.8,-99.8,-99.8,-99.8,-99.8
2025-03-26 05:00:00,942.8,18.1,56.0,2.4,262.0,4.0,241.0,0.0,-99.8,-99.8,-99.8,-99.8,-99.8,-99.8,-99.8
2025-03-26 06:00:00,943.0,18.1,55.0,2.8,266.0,4.4,283.0,0.0,-99.8,-99.8,-99.8,-99.8,-99.8,-99.8,-99.8
2025-03-26 07:00:00,943.5,18.4,57.0,1.1,264.0,3.8,270.0,0.0,-99.8,-99.8,-99.8,-99.8,-99.8,-99.8,-99.8
2025-03-26 08:00:00,943.7,20.4,48.0,1.4,255.0,3.3,279.0,0.0,-99.8,-99.8,-99.8,-99.8,-99.8,-99.8,-99.8
2025-03-26 09:00:00,943.7,23.1,44.0,0.6,311.0,2.4,265.0,0.0,-99.8,-99.8,-99.8,-99.8,-99.8,-99.8,-99.8
2025-03-26 10:00:00,944.0,23.5,56.0,1.2,82.0,2.7,88.0,0.0,-99.8,-99.8,-99.8,-99.8,-99.8,-99.8,-99.8
2025-03-26 11:00:00,943.6,24.2,65.0,0.5,40.0,2.2,51.0,0.0,-99.8,-99.8,-99.8,-99.8,-99.8,-99.8,-99.8
2025-03-26 12:00:00,942.8,26.3,66.0,1.5,46.0,5.1,87.0,0.0,-99.8,-99.8,-99.8,-99.8,-99.8,-99.8,-99.8
2025-03-26 13:00:00,942.3,25.8,70.0,0.8,2.0,4.4,89.0,0.0,-99.8,-99.8,-99.8,-99.8,-99.8,-99.8,-99.8
2025-03-26 14:00:00,941.5,25.3,72.0,1.3,48.0,4.6,90.0,0.0,-99.8,-99.8,-99.8,-99.8,-99.8,-99.8,-99.8
2025-03-26 15:00:00,941.2,25.3,74.0,1.0,45.0,3.8,97.0,0.0,-99.8,-99.8,-99.8,-99.8,-99.8,-99.8,-99.8
2025-03-26 16:00:00,941.1,25.3,75.0,0.5,58.0,3.0,100.0,0.0,-99.8,-99.8,-99.8,-99.8,-99.8,-99.8,-99.8
2025-03-26 17:00:00,941.3,22.9,83.0,0.1,0.0,3.1,99.0,0.0,-99.8,-99.8,-99.8,-99.8,-99.8,-99.8,-99.8
2025-03-26 18:00:00,941.6,21.3,87.0,0.0,0.0,1.7,94.0,0.0,-99.8,-99.8,-99.8,-99.8,-99.8,-99.8,-99.8
2025-03-26 19:00:00,941.7,21.1,90.0,1.1,224.0,1.7,181.0,0.0,-99.8,-99.8,-99.8,-99.8,-99.8,-99.8,-99.8
2025-03-26 20:00:00,942.2,21.2,86.0,0.5,224.0,2.6,260.0,0.0,-99.8,-99.8,-99.8,-99.8,-99.8,-99.8,-99.8
2025-03-26 21:00:00,942.7,20.6,89.0,1.4,252.0,2.3,241.0,0.0,-99.8,-99.8,-99.8,-99.8,-99.8,-99.8,-99.8
2025-03-26 22:00:00,942.7,19.8,87.0,0.8,236.0,2.7,129.0,0.0,-99.8,-99.8,-99.8,-99.8,-99.8,-99.8,-99.8
2025-03-26 23:00:00,942.4,19.7,83.0,2.0,261.0,3.2,254.0,0.0,-99.8,-99.8,-99.8,-99.8,-99.8,-99.8,-99.8
2025-03-27 00:00:00,942.1,19.0,80.0,1.1,272.0,3.2,253.0,0.0,-99.8,-99.8,-99.8,-99.8,-99.8,-99.8,-99.8
2025-03-27 01:00:00,941.7,19.2,71.0,0.8,282.0,3.9,277.0,0.0,-99.8,-99.8,-99.8,-99.8,-99.8,-99.8,-99.8
2025-03-27 02:00:00,941.0,19.3,62.0,1.3,273.0,2.8,244.0,0.0,-99.8,-99.8,-99.8,-99.8,-99.8,-99.8,-99.8
2025-03-27 03:00:00,940.9,19.6,56.0,0.1,0.0,3.2,266.0,0.0,-99.8,-99.8,-99.8,-99.8,-99.8,-99.8,-99.8
2025-03-27 04:00:00,941.1,18.7,58.0,1.8,267.0,2.4,265.0,0.0,-99.8,-99.8,-99.8,-99.8,-99.8,-99.8,-99.8
2025-03-27 05:00:00,940.8,19.4,52.0,1.5,256.0,3.0,226.0,0.0,-99.8,-99.8,-99.8,-99.8,-99.8,-99.8,-99.8
2025-03-27 06:00:00,941.6,19.6,47.0,2.0,268.0,3.4,247.0,0.0,-99.8,-99.8,-99.8,-99.8,-99.8,-99.8,-99.8
2025-03-27 07:00:00,941.7,20.5,47.0,1.6,259.0,4.3,281.0,0.0,-99.8,-99.8,-99.8,-99.8,-99.8,-99.8,-99.8
2025-03-27 08:00:00,942.4,22.7,46.0,0.5,317.0,3.0,265.0,0.0,-99.8,-99.8,-99.8,-99.8,-99.8,-99.8,-99.8
2025-03-27 09:00:00,942.7,22.5,45.0,1.2,282.0,2.1,287.0,0.0,-99.8,-99.8,-99.8,-99.8,-99.8,-99.8,-99.8
2025-03-27 10:00:00,942.8,24.4,52.0,1.1,76.0,2.6,101.0,0.0,-99.8,-99.8,-99.8,-99.8,-99.8,-99.8,-99.8
2025-03-27 11:00:00,942.2,25.9,56.0,1.2,70.0,2.6,67.0,0.0,-99.8,-99.8,-99.8,-99.8,-99.8,-99.8,-99.8
2025-03-27 12:00:00,941.5,26.7,69.0,1.1,6.0,3.5,63.0,0.0,-99.8,-99.8,-99.8,-99.8,-99.8,-99.8,-99.8
2025-03-27 13:00:00,940.9,26.1,70.0,1.2,21.0,4.7,71.0,0.0,-99.8,-99.8,-99.8,-99.8,-99.8,-99.8,-99.8
2025-03-27 14:00:00,940.1,26.5,69.0,0.7,49.0,3.7,67.0,0.0,-99.8,-99.8,-99.8,-99.8,-99.8,-99.8,-99.8
2025-03-27 15:00:00,939.7,26.7,68.0,0.5,32.0,3.1,57.0,0.0,-99.8,-99.8,-99.8,-99.8,-99.8,-99.8,-99.8
2025-03-27 16:00:00,939.7,26.2,73.0,0.6,74.0,3.0,88.0,0.0,-99.8,-99.8,-99.8,-99.8,-99.8,-99.8,-99.8
2025-03-27 17:00:00,939.8,24.3,82.0,0.1,0.0,2.6,97.0,0.0,-99.8,-99.8,-99.8,-99.8,-99.8,-99.8,-99.8
2025-03-27 18:00:00,940.1,22.3,92.0,0.2,0.0,1.3,133.0,0.0,-99.8,-99.8,-99.8,-99.8,-99.8,-99.8,-99.8
2025-03-27 19:00:00,940.4,22.0,90.0,0.9,189.0,2.0,167.0,0.0,-99.8,-99.8,-99.8,-99.8,-99.8,-99.8,-99.8
2025-03-27 20:00:00,940.6,21.9,87.0,2.3,253.0,3.6,240.0,0.0,-99.8,-99.8,-99.8,-99.8,-99.8,-99.8,-99.8
2025-03-27 21:00:00,941.4,22.3,76.0,1.8,256.0,4.0,254.0,0.0,-99.8,-99.8,-99.8,-99.8,-99.8,-99.8,-99.8
2025-03-27 22:00:00,941.9,22.0,69.0,1.9,267.0,2.6,280.0,0.0,-99.8,-99.8,-99.8,-99.8,-99.8,-99.8,-99.8
2025-03-27 23:00:00,942.2,21.7,68.0,1.0,263.0,3.5,273.0,0.0,-99.8,-99.8,-99.8,-99.8,-99.8,-99.8,-99.8
2025-03-28 00:00:00,942.3,21.7,61.0,2.1,264.0,3.1,269.0,0.0,-99.8,-99.8,-99.8,-99.8,-99.8,-99.8,-99.8
2025-03-28 01:00:00,942.1,22.1,52.0,2.1,268.0,4.5,280.0,0.0,-99.8,-99.8,-99.8,-99.8,-99.8,-99.8,-99.8
2025-03-28 02:00:00,942.6,21.7,53.0,0.6,186.0,3.7,260.0,0.0,-99.8,-99.8,-99.8,-99.8,-99.8,-99.8,-99.8
2025-03-28 03:00:00,943.2,21.2,58.0,0.1,0.0,1.5,256.0,0.0,-99.8,-99.8,-99.8,-99.8,-99.8,-99.8,-99.8
2025-03-28 04:00:00,943.5,20.8,60.0,1.6,280.0,3.4,257.0,0.0,-99.8,-99.8,-99.8,-99.8,-99.8,-99.8,-99.8
2025-03-28 05:00:00,943.8,20.5,59.0,1.6,268.0,4.0,266.0,0.0,-99.8,-99.8,-99.8,-99.8,-99.8,-99.8,-99.8
2025-03-28 06:00:00,944.6,19.8,68.0,0.4,277.0,2.3,192.0,0.0,-99.8,-99.8,-99.8,-99.8,-99.8,-99.8,-99.8
2025-03-28 07:00:00,945.4,19.4,86.0,1.2,102.0,3.1,99.0,0.0,-99.8,-99.8,-99.8,-99.8,-99.8,-99.8,-99.8
2025-03-28 08:00:00,945.9,21.0,84.0,0.3,51.0,2.6,87.0,0.0,-99.8,-99.8,-99.8,-99.8,-99.8,-99.8,-99.8
2025-03-28 09:00:00,946.4,21.6,82.0,1.1,67.0,3.1,95.0,0.0,-99.8,-99.8,-99.8,-99.8,-99.8,-99.8,-99.8
2025-03-28 10:00:00,947.1,17.7,93.0,0.8,82.0,4.5,76.0,0.0,-99.8,-99.8,-99.8,-99.8,-99.8,-99.8,-99.8
2025-03-28 11:00:00,947.0,16.8,95.0,0.5,80.0,3.1,91.0,0.0,-99.8,-99.8,-99.8,-99.8,-99.8,-99.8,-99.8
2025-03-28 12:00:00,947.0,15.8,96.0,1.0,96.0,3.8,95.0,0.0,-99.8,-99.8,-99.8,-99.8,-99.8,-99.8,-99.8
2025-03-28 13:00:00,946.5,15.4,99.0,0.7,120.0,5.2,83.0,0.0,-99.8,-99.8,-99.8,-99.8,-99.8,-99.8,-99.8
2025-03-28 14:00:00,945.9,15.3,98.0,0.3,69.0,2.5,80.0,0.0,-99.8,-99.8,-99.8,-99.8,-99.8,-99.8,-99.8
2025-03-28 15:00:00,945.7,14.9,99.0,0.6,77.0,2.7,86.0,0.0,-99.8,-99.8,-99.8,-99.8,-99.8,-99.8,-99.8
2025-03-28 16:00:00,946.1,14.8,100.0,0.0,0.0,1.7,88.0,0.0,-99.8,-99.8,-99.8,-99.8,-99.8,-99.8,-99.8
2025-03-28 17:00:00,946.8,13.9,100.0,0.5,53.0,4.0,82.0,0.0,-99.8,-99.8,-99.8,-99.8,-99.8,-99.8,-99.8
2025-03-28 18:00:00,947.9,13.7,100.0,0.4,73.0,2.6,81.0,0.0,-99.8,-99.8,-99.8,-99.8,-99.8,-99.8,-99.8
2025-03-28 19:00:00,948.6,13.7,100.0,0.0,0.0,1.2,91.0,0.0,-99.8,-99.8,-99.8,-99.8,-99.8,-99.8,-99.8
2025-03-28 20:00:00,949.6,13.8,100.0,0.0,0.0,1.2,87.0,0.0,-99.8,-99.8,-99.8,-99.8,-99.8,-99.8,-99.8
2025-03-28 21:00:00,950.8,14.0,100.0,0.2,0.0,1.3,269.0,0.0,-99.8,-99.8,-99.8,-99.8,-99.8,-99.8,-99.8
2025-03-28 22:00:00,951.0,13.6,100.0,0.1,0.0,1.7,188.0,0.0,-99.8,-99.8,-99.8,-99.8,-99.8,-99.8,-99.8
2025-03-28 23:00:00,951.0,13.7,100.0,0.0,0.0,0.9,275.0,0.0,-99.8,-99.8,-99.8,-99.8,-99.8,-99.8,-99.8
2025-03-29 00:00:00,951.1,13.5,100.0,0.0,0.0,1.2,233.0,0.5,-99.8,-99.8,-99.8,-99.8,-99.8,-99.8,-99.8
2025-03-29 01:00:00,950.8,13.6,100.0,0.0,0.0,0.0,0.0,0.0,-99.8,-99.8,-99.8,-99.8,-99.8,-99.8,-99.8
2025-03-29 02:00:00,950.7,13.5,100.0,0.0,0.0,0.0,0.0,0.0,-99.8,-99.8,-99.8,-99.8,-99.8,-99.8,-99.8
2025-03-29 03:00:00,950.6,13.3,100.0,0.0,0.0,0.0,0.0,0.0,-99.8,-99.8,-99.8,-99.8,-99.8,-99.8,-99.8
2025-03-29 04:00:00,950.4,12.8,100.0,0.2,0.0,1.0,114.0,0.0,-99.8,-99.8,-99.8,-99.8,-99.8,-99.8,-99.8
2025-03-29 05:00:00,951.0,12.3,100.0,0.0,0.0,1.5,94.0,0.0,-99.8,-99.8,-99.8,-99.8,-99.8,-99.8,-99.8
2025-03-29 06:00:00,951.6,12.1,100.0,0.0,0.0,1.1,97.0,0.0,-99.8,-99.8,-99.8,-99.8,-99.8,-99.8,-99.8
2025-03-29 07:00:00,952.2,12.1,100.0,0.0,0.0,1.3,103.0,0.0,-99.8,-99.8,-99.8,-99.8,-99.8,-99.8,-99.8
2025-03-29 08:00:00,952.9,12.6,100.0,0.6,84.0,1.7,87.0,0.0,-99.8,-99.8,-99.8,-99.8,-99.8,-99.8,-99.8
2025-03-29 09:00:00,953.1,13.3,98.0,0.4,72.0,1.8,80.0,0.0,-99.8,-99.8,-99.8,-99.8,-99.8,-99.8,-99.8
2025-03-29 10:00:00,953.1,14.6,87.0,1.1,31.0,2.3,101.0,0.0,-99.8,-99.8,-99.8,-99.8,-99.8,-99.8,-99.8
2025-03-29 11:00:00,953.2,15.3,83.0,1.1,14.0,2.6,42.0,0.0,-99.8,-99.8,-99.8,-99.8,-99.8,-99.8,-99.8
2025-03-29 12:00:00,953.0,15.7,85.0,0.7,29.0,2.6,51.0,0.0,-99.8,-99.8,-99.8,-99.8,-99.8,-99.8,-99.8
2025-03-29 13:00:00,952.4,16.0,83.0,0.5,40.0,2.5,54.0,0.0,-99.8,-99.8,-99.8,-99.8,-99.8,-99.8,-99.8
2025-03-29 14:00:00,952.0,15.3,86.0,0.8,1.0,3.1,28.0,0.0,-99.8,-99.8,-99.8,-99.8,-99.8,-99.8,-99.8
2025-03-29 15:00:00,951.5,15.3,86.0,0.0,0.0,2.5,67.0,0.0,-99.8,-99.8,-99.8,-99.8,-99.8,-99.8,-99.8
2025-03-29 16:00:00,951.5,14.9,90.0,0.2,0.0,1.9,62.0,0.0,-99.8,-99.8,-99.8,-99.8,-99.8,-99.8,-99.8
2025-03-29 17:00:00,951.7,14.7,90.0,0.0,0.0,1.6,88.0,0.0,-99.8,-99.8,-99.8,-99.8,-99.8,-99.8,-99.8
2025-03-29 18:00:00,952.0,14.1,95.0,0.0,0.0,1.1,110.0,0.0,-99.8,-99.8,-99.8,-99.8,-99.8,-99.8,-99.8
2025-03-29 19:00:00,952.3,13.8,96.0,0.8,106.0,2.1,102.0,0.0,-99.8,-99.8,-99.8,-99.8,-99.8,-99.8,-99.8
2025-03-29 20:00:00,952.6,13.3,96.0,0.8,106.0,1.8,94.0,0.0,-99.8,-99.8,-99.8,-99.8,-99.8,-99.8,-99.8
2025-03-29 21:00:00,953.6,12.6,99.0,0.0,0.0,2.8,96.0,0.0,-99.8,-99.8,-99.8,-99.8,-99.8,-99.8,-99.8
2025-03-29 22:00:00,954.0,12.0,100.0,0.1,0.0,1.2,142.0,0.0,-99.8,-99.8,-99.8,-99.8,-99.8,-99.8,-99.8
2025-03-29 23:00:00,953.8,12.1,100.0,0.0,0.0,0.9,130.0,0.0,-99.8,-99.8,-99.8,-99.8,-99.8,-99.8,-99.8
2025-03-30 00:00:00,954.3,12.3,100.0,0.4,235.0,0.9,216.0,0.0,-99.8,-99.8,-99.8,-99.8,-99.8,-99.8,-99.8
2025-03-30 01:00:00,954.0,12.3,98.0,1.6,262.0,2.9,252.0,0.0,-99.8,-99.8,-99.8,-99.8,-99.8,-99.8,-99.8
2025-03-30 02:00:00,953.5,12.1,96.0,1.6,255.0,3.0,297.0,0.0,-99.8,-99.8,-99.8,-99.8,-99.8,-99.8,-99.8
2025-03-30 03:00:00,953.4,12.4,92.0,1.1,247.0,2.5,255.0,0.0,-99.8,-99.8,-99.8,-99.8,-99.8,-99.8,-99.8
2025-03-30 04:00:00,953.6,12.4,94.0,1.3,250.0,3.9,277.0,0.0,-99.8,-99.8,-99.8,-99.8,-99.8,-99.8,-99.8
2025-03-30 05:00:00,954.3,12.5,90.0,1.4,272.0,2.7,252.0,0.0,-99.8,-99.8,-99.8,-99.8,-99.8,-99.8,-99.8
2025-03-30 06:00:00,954.9,12.6,91.0,1.3,276.0,3.5,213.0,0.0,-99.8,-99.8,-99.8,-99.8,-99.8,-99.8,-99.8
2025-03-30 07:00:00,955.1,12.5,96.0,1.7,258.0,3.0,246.0,0.0,-99.8,-99.8,-99.8,-99.8,-99.8,-99.8,-99.8
2025-03-30 08:00:00,955.4,12.6,98.0,1.6,266.0,3.2,251.0,1.0,-99.8,-99.8,-99.8,-99.8,-99.8,-99.8,-99.8
2025-03-30 09:00:00,955.7,13.3,96.0,0.9,262.0,3.5,253.0,0.5,-99.8,-99.8,-99.8,-99.8,-99.8,-99.8,-99.8
2025-03-30 10:00:00,955.5,14.4,89.0,1.0,267.0,2.4,273.0,0.0,-99.8,-99.8,-99.8,-99.8,-99.8,-99.8,-99.8
2025-03-30 11:00:00,955.4,15.6,94.0,1.0,88.0,2.4,100.0,0.0,-99.8,-99.8,-99.8,-99.8,-99.8,-99.8,-99.8
2025-03-30 12:00:00,954.8,15.0,93.0,0.2,0.0,1.9,88.0,0.0,-99.8,-99.8,-99.8,-99.8,-99.8,-99.8,-99.8
2025-03-30 13:00:00,953.7,16.2,88.0,0.1,0.0,1.7,337.0,0.0,-99.8,-99.8,-99.8,-99.8,-99.8,-99.8,-99.8
2025-03-30 14:00:00,952.9,15.8,85.0,0.2,0.0,1.7,32.0,0.0,-99.8,-99.8,-99.8,-99.8,-99.8,-99.8,-99.8
2025-03-30 15:00:00,952.3,15.1,90.0,0.3,69.0,1.4,53.0,0.0,-99.8,-99.8,-99.8,-99.8,-99.8,-99.8,-99.8
2025-03-30 16:00:00,952.3,14.6,97.0,0.4,276.0,0.9,285.0,0.0,-99.8,-99.8,-99.8,-99.8,-99.8,-99.8,-99.8
2025-03-30 17:00:00,952.5,13.6,89.0,1.3,244.0,2.5,252.0,0.5,-99.8,-99.8,-99.8,-99.8,-99.8,-99.8,-99.8
2025-03-30 18:00:00,952.6,13.2,92.0,0.1,0.0,2.5,227.0,0.0,-99.8,-99.8,-99.8,-99.8,-99.8,-99.8,-99.8
2025-03-30 19:00:00,952.7,13.2,95.0,0.9,247.0,4.1,252.0,0.0,-99.8,-99.8,-99.8,-99.8,-99.8,-99.8,-99.8
2025-03-30 20:00:00,953.2,12.7,94.0,1.2,261.0,3.2,245.0,0.0,-99.8,-99.8,-99.8,-99.8,-99.8,-99.8,-99.8
2025-03-30 21:00:00,953.8,12.5,90.0,2.0,257.0,4.2,253.0,0.0,-99.8,-99.8,-99.8,-99.8,-99.8,-99.8,-99.8
2025-03-30 22:00:00,954.0,12.8,87.0,0.8,233.0,5.6,246.0,0.0,-99.8,-99.8,-99.8,-99.8,-99.8,-99.8,-99.8
2025-03-30 23:00:00,953.6,12.7,86.0,0.5,233.0,2.9,238.0,0.0,-99.8,-99.8,-99.8,-99.8,-99.8,-99.8,-99.8
2025-03-31 00:00:00,953.2,12.5,90.0,1.3,260.0,2.9,291.0,0.0,-99.8,-99.8,-99.8,-99.8,-99.8,-99.8,-99.8
2025-03-31 01:00:00,952.6,12.4,91.0,1.5,266.0,3.3,254.0,0.0,-99.8,-99.8,-99.8,-99.8,-99.8,-99.8,-99.8
2025-03-31 02:00:00,952.5,12.1,95.0,2.0,255.0,3.8,261.0,0.0,-99.8,-99.8,-99.8,-99.8,-99.8,-99.8,-99.8
2025-03-31 03:00:00,951.6,11.8,97.0,2.2,257.0,4.2,289.0,1.0,-99.8,-99.8,-99.8,-99.8,-99.8,-99.8,-99.8
2025-03-31 04:00:00,951.8,11.9,99.0,1.8,266.0,3.7,265.0,0.5,-99.8,-99.8,-99.8,-99.8,-99.8,-99.8,-99.8
2025-03-31 05:00:00,951.1,12.0,99.0,2.4,259.0,4.2,252.0,0.0,-99.8,-99.8,-99.8,-99.8,-99.8,-99.8,-99.8
2025-03-31 06:00:00,951.5,12.1,99.0,1.9,263.0,3.5,236.0,0.0,-99.8,-99.8,-99.8,-99.8,-99.8,-99.8,-99.8
2025-03-31 07:00:00,952.5,12.1,100.0,2.8,260.0,4.9,250.0,2.0,-99.8,-99.8,-99.8,-99.8,-99.8,-99.8,-99.8
2025-03-31 08:00:00,952.2,12.5,100.0,1.8,262.0,4.9,269.0,2.0,-99.8,-99.8,-99.8,-99.8,-99.8,-99.8,-99.8
2025-03-31 09:00:00,951.9,13.8,92.0,1.5,255.0,3.3,244.0,0.0,-99.8,-99.8,-99.8,-99.8,-99.8,-99.8,-99.8
2025-03-31 10:00:00,951.5,15.8,84.0,0.8,268.0,2.6,264.0,0.0,-99.8,-99.8,-99.8,-99.8,-99.8,-99.8,-99.8
2025-03-31 11:00:00,951.2,17.3,79.0,0.7,44.0,1.6,248.0,0.0,-99.8,-99.8,-99.8,-99.8,-99.8,-99.8,-99.8
2025-03-31 12:00:00,950.3,18.9,79.0,0.3,261.0,1.8,341.0,0.0,-99.8,-99.8,-99.8,-99.8,-99.8,-99.8,-99.8
2025-03-31 13:00:00,949.4,18.2,85.0,0.2,0.0,1.7,88.0,0.0,-99.8,-99.8,-99.8,-99.8,-99.8,-99.8,-99.8
2025-03-31 14:00:00,948.5,17.9,86.0,0.7,65.0,2.3,45.0,0.0,-99.8,-99.8,-99.8,-99.8,-99.8,-99.8,-99.8
2025-03-31 15:00:00,947.6,17.5,84.0,0.5,50.0,1.7,91.0,0.0,-99.8,-99.8,-99.8,-99.8,-99.8,-99.8,-99.8
2025-03-31 16:00:00,947.3,16.9,89.0,0.0,0.0,1.5,97.0,0.0,-99.8,-99.8,-99.8,-99.8,-99.8,-99.8,-99.8
2025-03-31 17:00:00,947.1,16.0,92.0,0.1,0.0,1.4,242.0,0.0,-99.8,-99.8,-99.8,-99.8,-99.8,-99.8,-99.8
2025-03-31 18:00:00,947.3,15.4,95.0,1.0,245.0,1.6,243.0,0.0,-99.8,-99.8,-99.8,-99.8,-99.8,-99.8,-99.8
2025-03-31 19:00:00,947.6,15.1,97.0,0.4,213.0,1.6,103.0,0.5,-99.8,-99.8,-99.8,-99.8,-99.8,-99.8,-99.8
2025-03-31 20:00:00,947.7,15.1,95.0,0.1,0.0,1.8,245.0,0.0,-99.8,-99.8,-99.8,-99.8,-99.8,-99.8,-99.8
2025-03-31 21:00:00,948.4,14.8,96.0,1.2,241.0,1.9,242.0,0.0,-99.8,-99.8,-99.8,-99.8,-99.8,-99.8,-99.8
2025-03-31 22:00:00,948.6,14.2,98.0,1.6,260.0,3.4,270.0,0.5,-99.8,-99.8,-99.8,-99.8,-99.8,-99.8,-99.8
2025-03-31 23:00:00,948.7,14.0,100.0,1.7,264.0,3.4,255.0,0.5,-99.8,-99.8,-99.8,-99.8,-99.8,-99.8,-99.8
2025-04-01 00:00:00,948.4,13.8,99.0,1.8,273.0,3.9,247.0,1.5,-99.8,-99.8,-99.8,-99.8,-99.8,-99.8,-99.8
2025-04-01 01:00:00,947.7,13.7,100.0,2.2,256.0,3.5,267.0,2.0,-99.8,-99.8,-99.8,-99.8,-99.8,-99.8,-99.8
2025-04-01 02:00:00,947.3,13.8,100.0,1.9,260.0,4.3,253.0,0.5,-99.8,-99.8,-99.8,-99.8,-99.8,-99.8,-99.8
2025-04-01 03:00:00,946.8,13.8,100.0,2.0,258.0,4.1,254.0,0.5,-99.8,-99.8,-99.8,-99.8,-99.8,-99.8,-99.8
2025-04-01 04:00:00,946.7,13.8,100.0,0.5,223.0,1.8,270.0,0.0,-99.8,-99.8,-99.8,-99.8,-99.8,-99.8,-99.8
2025-04-01 05:00:00,947.0,13.9,100.0,0.1,0.0,1.6,102.0,0.0,-99.8,-99.8,-99.8,-99.8,-99.8,-99.8,-99.8
2025-04-01 06:00:00,947.3,13.8,100.0,0.1,0.0,1.3,93.0,0.5,-99.8,-99.8,-99.8,-99.8,-99.8,-99.8,-99.8
2025-04-01 07:00:00,947.6,14.0,100.0,0.2,0.0,1.8,257.0,1.5,-99.8,-99.8,-99.8,-99.8,-99.8,-99.8,-99.8
2025-04-01 08:00:00,948.1,14.2,100.0,0.5,234.0,1.6,83.0,1.5,-99.8,-99.8,-99.8,-99.8,-99.8,-99.8,-99.8
2025-04-01 09:00:00,948.3,14.7,100.0,0.1,0.0,1.1,243.0,1.0,-99.8,-99.8,-99.8,-99.8,-99.8,-99.8,-99.8
2025-04-01 10:00:00,948.1,16.3,95.0,0.6,50.0,2.2,89.0,0.0,-99.8,-99.8,-99.8,-99.8,-99.8,-99.8,-99.8
2025-04-01 11:00:00,948.0,15.9,88.0,1.2,85.0,4.3,57.0,0.0,-99.8,-99.8,-99.8,-99.8,-99.8,-99.8,-99.8
2025-04-01 12:00:00,947.7,15.3,90.0,0.7,18.0,3.0,98.0,0.0,-99.8,-99.8,-99.8,-99.8,-99.8,-99.8,-99.8
2025-04-01 13:00:00,947.0,15.7,88.0,0.4,19.0,1.9,55.0,0.0,-99.8,-99.8,-99.8,-99.8,-99.8,-99.8,-99.8
2025-04-01 14:00:00,946.9,14.5,91.0,1.0,117.0,2.3,92.0,0.0,-99.8,-99.8,-99.8,-99.8,-99.8,-99.8,-99.8
2025-04-01 15:00:00,946.7,13.7,90.0,0.7,109.0,3.1,98.0,0.0,-99.8,-99.8,-99.8,-99.8,-99.8,-99.8,-99.8
2025-04-01 16:00:00,947.0,13.2,99.0,0.0,0.0,3.2,123.0,0.0,-99.8,-99.8,-99.8,-99.8,-99.8,-99.8,-99.8
2025-04-01 17:00:00,947.2,13.1,99.0,0.0,0.0,1.3,83.0,0.0,-99.8,-99.8,-99.8,-99.8,-99.8,-99.8,-99.8
2025-04-01 18:00:00,947.7,13.0,100.0,0.0,0.0,0.8,120.0,0.0,-99.8,-99.8,-99.8,-99.8,-99.8,-99.8,-99.8
2025-04-01 19:00:00,947.9,12.7,100.0,0.0,0.0,0.8,120.0,0.0,-99.8,-99.8,-99.8,-99.8,-99.8,-99.8,-99.8
2025-04-01 20:00:00,948.6,12.5,100.0,0.3,113.0,1.3,115.0,0.0,-99.8,-99.8,-99.8,-99.8,-99.8,-99.8,-99.8
2025-04-01 21:00:00,949.3,12.2,100.0,0.2,0.0,1.5,113.0,0.0,-99.8,-99.8,-99.8,-99.8,-99.8,-99.8,-99.8
2025-04-01 22:00:00,949.3,12.5,99.0,0.0,0.0,0.0,0.0,0.0,-99.8,-99.8,-99.8,-99.8,-99.8,-99.8,-99.8
2025-04-01 23:00:00,949.5,12.4,99.0,0.0,0.0,0.0,0.0,0.0,-99.8,-99.8,-99.8,-99.8,-99.8,-99.8,-99.8
2025-04-02 00:00:00,949.3,12.2,99.0,0.1,0.0,1.1,106.0,0.0,-99.8,-99.8,-99.8,-99.8,-99.8,-99.8,-99.8
2025-04-02 01:00:00,949.1,12.4,98.0,0.0,0.0,0.0,0.0,0.0,-99.8,-99.8,-99.8,-99.8,-99.8,-99.8,-99.8
2025-04-02 02:00:00,948.7,12.3,98.0,0.0,0.0,0.0,0.0,0.0,-99.8,-99.8,-99.8,-99.8,-99.8,-99.8,-99.8
2025-04-02 03:00:00,948.4,12.4,99.0,0.9,212.0,1.5,107.0,0.0,-99.8,-99.8,-99.8,-99.8,-99.8,-99.8,-99.8
2025-04-02 04:00:00,948.6,12.2,100.0,0.4,106.0,1.4,110.0,0.0,-99.8,-99.8,-99.8,-99.8,-99.8,-99.8,-99.8
2025-04-02 05:00:00,949.0,12.0,100.0,0.0,0.0,1.1,105.0,0.0,-99.8,-99.8,-99.8,-99.8,-99.8,-99.8,-99.8
2025-04-02 06:00:00,949.3,12.1,100.0,0.0,0.0,0.8,218.0,0.0,-99.8,-99.8,-99.8,-99.8,-99.8,-99.8,-99.8
2025-04-02 07:00:00,949.9,12.3,98.0,0.8,92.0,1.8,91.0,0.0,-99.8,-99.8,-99.8,-99.8,-99.8,-99.8,-99.8
2025-04-02 08:00:00,950.6,13.7,89.0,0.9,39.0,2.5,88.0,0.0,-99.8,-99.8,-99.8,-99.8,-99.8,-99.8,-99.8
2025-04-02 09:00:00,951.3,14.6,81.0,0.3,14.0,2.4,37.0,0.0,-99.8,-99.8,-99.8,-99.8,-99.8,-99.8,-99.8
2025-04-02 10:00:00,951.5,16.3,70.0,0.8,47.0,3.0,86.0,0.0,-99.8,-99.8,-99.8,-99.8,-99.8,-99.8,-99.8
2025-04-02 11:00:00,951.3,17.7,68.0,1.0,35.0,4.6,38.0,0.0,-99.8,-99.8,-99.8,-99.8,-99.8,-99.8,-99.8
2025-04-02 12:00:00,950.8,16.6,68.0,0.9,5.0,3.0,86.0,0.0,-99.8,-99.8,-99.8,-99.8,-99.8,-99.8,-99.8
2025-04-02 13:00:00,950.2,16.5,69.0,0.9,33.0,3.7,31.0,0.0,-99.8,-99.8,-99.8,-99.8,-99.8,-99.8,-99.8
2025-04-02 14:00:00,949.8,15.8,67.0,1.2,34.0,4.3,79.0,0.0,-99.8,-99.8,-99.8,-99.8,-99.8,-99.8,-99.8
2025-04-02 15:00:00,949.8,15.1,67.0,0.9,14.0,3.6,89.0,0.0,-99.8,-99.8,-99.8,-99.8,-99.8,-99.8,-99.8
2025-04-02 16:00:00,950.0,14.7,73.0,0.2,0.0,3.0,105.0,0.0,-99.8,-99.8,-99.8,-99.8,-99.8,-99.8,-99.8
2025-04-02 17:00:00,950.1,14.3,77.0,0.0,0.0,1.5,54.0,0.0,-99.8,-99.8,-99.8,-99.8,-99.8,-99.8,-99.8
2025-04-02 18:00:00,950.7,13.3,82.0,0.1,0.0,1.7,96.0,0.0,-99.8,-99.8,-99.8,-99.8,-99.8,-99.8,-99.8
2025-04-02 19:00:00,951.1,12.8,85.0,0.3,103.0,1.8,101.0,0.0,-99.8,-99.8,-99.8,-99.8,-99.8,-99.8,-99.8
2025-04-02 20:00:00,951.9,12.7,83.0,0.5,180.0,2.2,36.0,0.0,-99.8,-99.8,-99.8,-99.8,-99.8,-99.8,-99.8
2025-04-02 21:00:00,952.4,12.5,85.0,0.0,0.0,1.6,136.0,0.0,-99.8,-99.8,-99.8,-99.8,-99.8,-99.8,-99.8
2025-04-02 22:00:00,952.6,12.3,88.0,0.0,0.0,0.0,0.0,0.0,-99.8,-99.8,-99.8,-99.8,-99.8,-99.8,-99.8
2025-04-02 23:00:00,952.4,12.3,87.0,0.0,0.0,1.8,84.0,0.0,-99.8,-99.8,-99.8,-99.8,-99.8,-99.8,-99.8
2025-04-03 00:00:00,952.2,12.1,88.0,1.1,251.0,1.0,260.0,0.0,-99.8,-99.8,-99.8,-99.8,-99.8,-99.8,-99.8
2025-04-03 01:00:00,951.6,12.0,88.0,0.7,246.0,1.4,235.0,0.0,-99.8,-99.8,-99.8,-99.8,-99.8,-99.8,-99.8
2025-04-03 02:00:00,951.4,12.3,86.0,0.3,225.0,1.4,78.0,0.0,-99.8,-99.8,-99.8,-99.8,-99.8,-99.8,-99.8
2025-04-03 03:00:00,951.2,12.0,92.0,1.2,251.0,1.7,252.0,0.0,-99.8,-99.8,-99.8,-99.8,-99.8,-99.8,-99.8
2025-04-03 04:00:00,951.1,12.4,84.0,0.8,267.0,2.4,228.0,0.0,-99.8,-99.8,-99.8,-99.8,-99.8,-99.8,-99.8
2025-04-03 05:00:00,951.5,12.5,84.0,0.9,256.0,2.1,260.0,0.0,-99.8,-99.8,-99.8,-99.8,-99.8,-99.8,-99.8
2025-04-03 06:00:00,952.1,12.5,84.0,0.5,264.0,2.1,262.0,0.0,-99.8,-99.8,-99.8,-99.8,-99.8,-99.8,-99.8
2025-04-03 07:00:00,953.0,12.7,87.0,0.8,265.0,2.1,266.0,0.0,-99.8,-99.8,-99.8,-99.8,-99.8,-99.8,-99.8
2025-04-03 08:00:00,953.3,13.4,86.0,0.7,285.0,2.9,268.0,0.0,-99.8,-99.8,-99.8,-99.8,-99.8,-99.8,-99.8
2025-04-03 09:00:00,953.7,14.9,70.0,0.7,255.0,2.8,262.0,0.0,-99.8,-99.8,-99.8,-99.8,-99.8,-99.8,-99.8
2025-04-03 10:00:00,953.6,16.4,64.0,0.4,59.0,1.8,86.0,0.0,-99.8,-99.8,-99.8,-99.8,-99.8,-99.8,-99.8
2025-04-03 11:00:00,953.1,19.1,48.0,0.6,33.0,2.1,48.0,0.0,-99.8,-99.8,-99.8,-99.8,-99.8,-99.8,-99.8
2025-04-03 12:00:00,952.5,19.0,56.0,0.9,40.0,3.3,73.0,0.0,-99.8,-99.8,-99.8,-99.8,-99.8,-99.8,-99.8
2025-04-03 13:00:00,952.3,17.3,64.0,1.1,97.0,3.1,77.0,0.0,-99.8,-99.8,-99.8,-99.8,-99.8,-99.8,-99.8
2025-04-03 14:00:00,951.8,17.8,58.0,1.1,71.0,3.7,85.0,0.0,-99.8,-99.8,-99.8,-99.8,-99.8,-99.8,-99.8
2025-04-03 15:00:00,951.5,19.1,62.0,0.8,40.0,3.4,83.0,0.0,-99.8,-99.8,-99.8,-99.8,-99.8,-99.8,-99.8
2025-04-03 16:00:00,951.7,16.3,68.0,0.6,100.0,5.3,98.0,0.0,-99.8,-99.8,-99.8,-99.8,-99.8,-99.8,-99.8
2025-04-03 17:00:00,952.1,15.9,68.0,0.6,57.0,4.0,66.0,0.0,-99.8,-99.8,-99.8,-99.8,-99.8,-99.8,-99.8
2025-04-03 18:00:00,952.3,15.3,71.0,0.6,235.0,4.1,101.0,0.0,-99.8,-99.8,-99.8,-99.8,-99.8,-99.8,-99.8
2025-04-03 19:00:00,952.9,15.2,71.0,1.3,263.0,2.3,200.0,0.0,-99.8,-99.8,-99.8,-99.8,-99.8,-99.8,-99.8
2025-04-03 20:00:00,953.1,15.0,74.0,1.0,265.0,2.1,235.0,0.0,-99.8,-99.8,-99.8,-99.8,-99.8,-99.8,-99.8
2025-04-03 21:00:00,953.0,14.6,76.0,0.0,0.0,1.3,238.0,0.0,-99.8,-99.8,-99.8,-99.8,-99.8,-99.8,-99.8
2025-04-03 22:00:00,953.7,14.2,79.0,0.0,0.0,1.1,102.0,0.0,-99.8,-99.8,-99.8,-99.8,-99.8,-99.8,-99.8
2025-04-03 23:00:00,953.7,13.8,84.0,1.5,251.0,2.0,248.0,0.0,-99.8,-99.8,-99.8,-99.8,-99.8,-99.8,-99.8
2025-04-04 00:00:00,953.4,13.9,84.0,1.2,257.0,2.3,284.0,0.0,-99.8,-99.8,-99.8,-99.8,-99.8,-99.8,-99.8
2025-04-04 01:00:00,953.0,14.0,81.0,1.8,256.0,3.2,264.0,0.0,-99.8,-99.8,-99.8,-99.8,-99.8,-99.8,-99.8
2025-04-04 02:00:00,952.6,14.2,79.0,2.0,260.0,3.0,266.0,0.0,-99.8,-99.8,-99.8,-99.8,-99.8,-99.8,-99.8
2025-04-04 03:00:00,952.1,13.5,86.0,1.8,258.0,3.0,251.0,0.0,-99.8,-99.8,-99.8,-99.8,-99.8,-99.8,-99.8
2025-04-04 04:00:00,952.0,13.8,80.0,1.6,262.0,3.3,268.0,0.0,-99.8,-99.8,-99.8,-99.8,-99.8,-99.8,-99.8
2025-04-04 05:00:00,952.2,13.3,84.0,2.1,261.0,3.4,271.0,0.0,-99.8,-99.8,-99.8,-99.8,-99.8,-99.8,-99.8
2025-04-04 06:00:00,952.5,13.1,84.0,2.1,264.0,3.6,256.0,0.0,-99.8,-99.8,-99.8,-99.8,-99.8,-99.8,-99.8
2025-04-04 07:00:00,952.8,13.1,86.0,2.1,252.0,3.4,255.0,0.0,-99.8,-99.8,-99.8,-99.8,-99.8,-99.8,-99.8
2025-04-04 08:00:00,953.0,15.2,75.0,0.9,266.0,3.1,248.0,0.0,-99.8,-99.8,-99.8,-99.8,-99.8,-99.8,-99.8
2025-04-04 09:00:00,952.9,18.6,68.0,0.7,36.0,2.0,32.0,0.0,-99.8,-99.8,-99.8,-99.8,-99.8,-99.8,-99.8
2025-04-04 10:00:00,952.7,20.8,62.0,1.1,30.0,3.1,31.0,0.0,-99.8,-99.8,-99.8,-99.8,-99.8,-99.8,-99.8
2025-04-04 11:00:00,952.2,20.7,64.0,2.3,92.0,5.6,87.0,0.0,-99.8,-99.8,-99.8,-99.8,-99.8,-99.8,-99.8
2025-04-04 12:00:00,951.4,21.5,66.0,1.2,13.0,6.4,80.0,0.0,-99.8,-99.8,-99.8,-99.8,-99.8,-99.8,-99.8
2025-04-04 13:00:00,950.8,20.4,65.0,1.2,5.0,6.0,79.0,0.0,-99.8,-99.8,-99.8,-99.8,-99.8,-99.8,-99.8
2025-04-04 14:00:00,950.2,20.9,65.0,1.2,16.0,6.1,105.0,0.0,-99.8,-99.8,-99.8,-99.8,-99.8,-99.8,-99.8
2025-04-04 15:00:00,949.7,18.6,71.0,0.6,348.0,4.2,101.0,0.0,-99.8,-99.8,-99.8,-99.8,-99.8,-99.8,-99.8
2025-04-04 16:00:00,950.0,17.5,75.0,0.3,303.0,3.5,103.0,0.0,-99.8,-99.8,-99.8,-99.8,-99.8,-99.8,-99.8
2025-04-04 17:00:00,949.9,16.6,80.0,0.5,90.0,3.4,90.0,0.0,-99.8,-99.8,-99.8,-99.8,-99.8,-99.8,-99.8
2025-04-04 18:00:00,950.2,16.2,82.0,0.5,90.0,3.9,60.0,0.0,-99.8,-99.8,-99.8,-99.8,-99.8,-99.8,-99.8
2025-04-04 19:00:00,950.7,15.9,85.0,0.4,106.0,2.7,73.0,0.0,-99.8,-99.8,-99.8,-99.8,-99.8,-99.8,-99.8
2025-04-04 20:00:00,951.0,15.4,90.0,0.1,0.0,3.8,97.0,0.0,-99.8,-99.8,-99.8,-99.8,-99.8,-99.8,-99.8
2025-04-04 21:00:00,951.1,15.2,89.0,0.1,0.0,3.6,95.0,0.0,-99.8,-99.8,-99.8,-99.8,-99.8,-99.8,-99.8
2025-04-04 22:00:00,950.6,15.1,89.0,0.2,0.0,2.1,95.0,0.0,-99.8,-99.8,-99.8,-99.8,-99.8,-99.8,-99.8
2025-04-04 23:00:00,950.9,14.8,92.0,1.1,234.0,1.8,93.0,0.0,-99.8,-99.8,-99.8,-99.8,-99.8,-99.8,-99.8
2025-04-05 00:00:00,949.9,15.1,88.0,0.0,0.0,1.8,93.0,0.0,-99.8,-99.8,-99.8,-99.8,-99.8,-99.8,-99.8
2025-04-05 01:00:00,950.0,15.2,86.0,0.1,0.0,2.9,220.0,0.0,-99.8,-99.8,-99.8,-99.8,-99.8,-99.8,-99.8
2025-04-05 02:00:00,949.3,15.0,89.0,0.8,128.0,1.8,244.0,0.0,-99.8,-99.8,-99.8,-99.8,-99.8,-99.8,-99.8
2025-04-05 03:00:00,948.6,15.0,87.0,0.0,0.0,1.7,237.0,0.0,-99.8,-99.8,-99.8,-99.8,-99.8,-99.8,-99.8
2025-04-05 04:00:00,948.6,14.9,88.0,1.0,204.0,2.1,247.0,0.0,-99.8,-99.8,-99.8,-99.8,-99.8,-99.8,-99.8
2025-04-05 05:00:00,948.5,14.9,89.0,1.7,241.0,3.1,185.0,0.0,-99.8,-99.8,-99.8,-99.8,-99.8,-99.8,-99.8
2025-04-05 06:00:00,948.7,14.8,90.0,0.4,288.0,3.3,279.0,0.0,-99.8,-99.8,-99.8,-99.8,-99.8,-99.8,-99.8
2025-04-05 07:00:00,949.4,14.9,91.0,0.9,263.0,2.5,254.0,0.0,-99.8,-99.8,-99.8,-99.8,-99.8,-99.8,-99.8
2025-04-05 08:00:00,949.6,15.6,87.0,1.4,259.0,2.0,266.0,0.0,-99.8,-99.8,-99.8,-99.8,-99.8,-99.8,-99.8
2025-04-05 09:00:00,949.8,16.1,86.0,0.5,263.0,2.0,263.0,0.0,-99.8,-99.8,-99.8,-99.8,-99.8,-99.8,-99.8
2025-04-05 10:00:00,949.4,16.9,81.0,0.6,252.0,1.5,340.0,0.0,-99.8,-99.8,-99.8,-99.8,-99.8,-99.8,-99.8
2025-04-05 11:00:00,949.3,17.3,81.0,0.3,75.0,1.6,87.0,0.0,-99.8,-99.8,-99.8,-99.8,-99.8,-99.8,-99.8
2025-04-05 12:00:00,948.7,17.8,80.0,0.2,0.0,2.3,65.0,0.0,-99.8,-99.8,-99.8,-99.8,-99.8,-99.8,-99.8
2025-04-05 13:00:00,948.0,17.9,82.0,1.1,51.0,3.3,44.0,0.0,-99.8,-99.8,-99.8,-99.8,-99.8,-99.8,-99.8
2025-04-05 14:00:00,947.7,17.6,84.0,0.3,37.0,2.5,116.0,0.0,-99.8,-99.8,-99.8,-99.8,-99.8,-99.8,-99.8
2025-04-05 15:00:00,946.9,17.6,90.0,0.2,0.0,1.7,94.0,0.0,-99.8,-99.8,-99.8,-99.8,-99.8,-99.8,-99.8
2025-04-05 16:00:00,947.4,16.1,98.0,0.0,0.0,1.7,80.0,0.0,-99.8,-99.8,-99.8,-99.8,-99.8,-99.8,-99.8
2025-04-05 17:00:00,947.4,15.3,98.0,1.1,87.0,4.6,89.0,0.0,-99.8,-99.8,-99.8,-99.8,-99.8,-99.8,-99.8
2025-04-05 18:00:00,947.8,15.3,96.0,0.1,0.0,3.1,81.0,0.0,-99.8,-99.8,-99.8,-99.8,-99.8,-99.8,-99.8
2025-04-05 19:00:00,948.0,15.0,99.0,0.0,0.0,0.5,18.0,0.0,-99.8,-99.8,-99.8,-99.8,-99.8,-99.8,-99.8
2025-04-05 20:00:00,948.1,14.8,99.0,1.0,203.0,1.6,243.0,0.0,-99.8,-99.8,-99.8,-99.8,-99.8,-99.8,-99.8
2025-04-05 21:00:00,947.8,15.0,99.0,0.1,0.0,1.6,243.0,0.0,-99.8,-99.8,-99.8,-99.8,-99.8,-99.8,-99.8
2025-04-05 22:00:00,948.5,14.9,100.0,0.0,0.0,1.7,107.0,0.0,-99.8,-99.8,-99.8,-99.8,-99.8,-99.8,-99.8
2025-04-05 23:00:00,948.2,14.8,100.0,0.1,0.0,1.5,70.0,0.0,-99.8,-99.8,-99.8,-99.8,-99.8,-99.8,-99.8
2025-04-06 00:00:00,948.2,14.7,100.0,0.0,0.0,1.2,69.0,0.0,-99.8,-99.8,-99.8,-99.8,-99.8,-99.8,-99.8
2025-04-06 01:00:00,947.4,14.7,100.0,0.0,0.0,1.4,206.0,0.5,-99.8,-99.8,-99.8,-99.8,-99.8,-99.8,-99.8
2025-04-06 02:00:00,946.8,14.7,100.0,1.3,224.0,2.0,227.0,0.0,-99.8,-99.8,-99.8,-99.8,-99.8,-99.8,-99.8
2025-04-06 03:00:00,946.7,14.8,100.0,2.0,193.0,2.7,86.0,0.0,-99.8,-99.8,-99.8,-99.8,-99.8,-99.8,-99.8
2025-04-06 04:00:00,946.4,15.2,97.0,0.5,263.0,2.5,258.0,0.0,-99.8,-99.8,-99.8,-99.8,-99.8,-99.8,-99.8
2025-04-06 05:00:00,946.9,15.0,99.0,1.3,246.0,2.3,231.0,0.0,-99.8,-99.8,-99.8,-99.8,-99.8,-99.8,-99.8
2025-04-06 06:00:00,947.4,15.1,99.0,0.6,217.0,1.4,261.0,0.0,-99.8,-99.8,-99.8,-99.8,-99.8,-99.8,-99.8
2025-04-06 07:00:00,948.1,15.6,98.0,0.1,0.0,1.8,244.0,0.0,-99.8,-99.8,-99.8,-99.8,-99.8,-99.8,-99.8
2025-04-06 08:00:00,948.6,16.2,99.0,0.4,87.0,1.3,83.0,0.0,-99.8,-99.8,-99.8,-99.8,-99.8,-99.8,-99.8
2025-04-06 09:00:00,949.2,17.1,94.0,0.8,60.0,2.5,84.0,0.0,-99.8,-99.8,-99.8,-99.8,-99.8,-99.8,-99.8
2025-04-06 10:00:00,949.4,18.0,88.0,0.6,25.0,2.1,65.0,0.0,-99.8,-99.8,-99.8,-99.8,-99.8,-99.8,-99.8
2025-04-06 11:00:00,949.1,19.6,82.0,0.7,48.0,2.5,68.0,0.0,-99.8,-99.8,-99.8,-99.8,-99.8,-99.8,-99.8
2025-04-06 12:00:00,948.7,19.3,84.0,0.6,67.0,2.2,52.0,0.0,-99.8,-99.8,-99.8,-99.8,-99.8,-99.8,-99.8
2025-04-06 13:00:00,948.1,19.6,80.0,0.6,38.0,2.3,88.0,0.0,-99.8,-99.8,-99.8,-99.8,-99.8,-99.8,-99.8
2025-04-06 14:00:00,947.7,19.1,85.0,0.5,80.0,2.2,24.0,0.0,-99.8,-99.8,-99.8,-99.8,-99.8,-99.8,-99.8
2025-04-06 15:00:00,947.3,19.3,82.0,0.3,41.0,1.4,71.0,0.0,-99.8,-99.8,-99.8,-99.8,-99.8,-99.8,-99.8
2025-04-06 16:00:00,947.8,18.4,86.0,0.1,0.0,1.8,87.0,0.0,-99.8,-99.8,-99.8,-99.8,-99.8,-99.8,-99.8
2025-04-06 17:00:00,948.5,17.7,80.0,1.7,244.0,3.3,216.0,0.0,-99.8,-99.8,-99.8,-99.8,-99.8,-99.8,-99.8
2025-04-06 18:00:00,949.4,17.4,59.0,1.7,267.0,3.3,172.0,0.0,-99.8,-99.8,-99.8,-99.8,-99.8,-99.8,-99.8
2025-04-06 19:00:00,950.3,16.9,70.0,0.0,0.0,2.7,256.0,0.0,-99.8,-99.8,-99.8,-99.8,-99.8,-99.8,-99.8
2025-04-06 20:00:00,951.5,16.7,56.0,0.0,0.0,1.1,98.0,0.0,-99.8,-99.8,-99.8,-99.8,-99.8,-99.8,-99.8
2025-04-06 21:00:00,952.1,16.3,57.0,0.7,268.0,2.1,244.0,0.0,-99.8,-99.8,-99.8,-99.8,-99.8,-99.8,-99.8
2025-04-06 22:00:00,952.3,15.7,63.0,0.8,291.0,2.2,210.0,0.0,-99.8,-99.8,-99.8,-99.8,-99.8,-99.8,-99.8
2025-04-06 23:00:00,952.0,15.8,65.0,1.1,276.0,2.4,248.0,0.0,-99.8,-99.8,-99.8,-99.8,-99.8,-99.8,-99.8
2025-04-07 00:00:00,951.9,15.5,71.0,1.5,275.0,3.2,262.0,0.0,-99.8,-99.8,-99.8,-99.8,-99.8,-99.8,-99.8
2025-04-07 01:00:00,951.7,15.2,75.0,1.5,256.0,3.2,267.0,0.0,-99.8,-99.8,-99.8,-99.8,-99.8,-99.8,-99.8
2025-04-07 02:00:00,951.1,15.2,75.0,1.6,279.0,3.5,280.0,0.0,-99.8,-99.8,-99.8,-99.8,-99.8,-99.8,-99.8
2025-04-07 03:00:00,951.0,14.8,78.0,1.7,275.0,3.9,243.0,0.0,-99.8,-99.8,-99.8,-99.8,-99.8,-99.8,-99.8
2025-04-07 04:00:00,950.9,14.9,75.0,2.0,263.0,4.2,251.0,0.0,-99.8,-99.8,-99.8,-99.8,-99.8,-99.8,-99.8
2025-04-07 05:00:00,951.4,14.8,79.0,1.8,274.0,3.4,258.0,0.0,-99.8,-99.8,-99.8,-99.8,-99.8,-99.8,-99.8
2025-04-07 06:00:00,951.8,15.1,74.0,2.3,262.0,4.1,281.0,0.0,-99.8,-99.8,-99.8,-99.8,-99.8,-99.8,-99.8
2025-04-07 07:00:00,952.3,15.2,77.0,2.5,264.0,4.6,267.0,0.0,-99.8,-99.8,-99.8,-99.8,-99.8,-99.8,-99.8
2025-04-07 08:00:00,952.8,16.2,73.0,1.7,271.0,3.5,278.0,0.0,-99.8,-99.8,-99.8,-99.8,-99.8,-99.8,-99.8
2025-04-07 09:00:00,953.1,19.6,60.0,0.1,0.0,2.3,281.0,0.0,-99.8,-99.8,-99.8,-99.8,-99.8,-99.8,-99.8
2025-04-07 10:00:00,953.1,20.7,66.0,1.1,47.0,2.3,94.0,0.0,-99.8,-99.8,-99.8,-99.8,-99.8,-99.8,-99.8
2025-04-07 11:00:00,952.7,22.0,62.0,0.8,30.0,3.9,25.0,0.0,-99.8,-99.8,-99.8,-99.8,-99.8,-99.8,-99.8
2025-04-07 12:00:00,951.9,22.0,72.0,1.5,28.0,6.3,19.0,0.0,-99.8,-99.8,-99.8,-99.8,-99.8,-99.8,-99.8
2025-04-07 13:00:00,951.4,21.9,75.0,0.9,9.0,6.0,94.0,0.0,-99.8,-99.8,-99.8,-99.8,-99.8,-99.8,-99.8
2025-04-07 14:00:00,950.7,19.0,82.0,1.2,78.0,5.5,94.0,0.0,-99.8,-99.8,-99.8,-99.8,-99.8,-99.8,-99.8
2025-04-07 15:00:00,950.5,17.7,89.0,1.0,82.0,4.9,128.0,0.0,-99.8,-99.8,-99.8,-99.8,-99.8,-99.8,-99.8
2025-04-07 16:00:00,950.3,17.0,96.0,0.1,0.0,3.4,85.0,0.0,-99.8,-99.8,-99.8,-99.8,-99.8,-99.8,-99.8
2025-04-07 17:00:00,950.4,16.5,99.0,0.1,0.0,2.0,56.0,0.0,-99.8,-99.8,-99.8,-99.8,-99.8,-99.8,-99.8
2025-04-07 18:00:00,950.6,16.2,99.0,0.1,0.0,2.2,106.0,0.0,-99.8,-99.8,-99.8,-99.8,-99.8,-99.8,-99.8
2025-04-07 19:00:00,951.3,16.0,99.0,0.2,0.0,1.9,107.0,0.0,-99.8,-99.8,-99.8,-99.8,-99.8,-99.8,-99.8
2025-04-07 20:00:00,951.8,16.2,98.0,0.1,0.0,2.7,88.0,0.0,-99.8,-99.8,-99.8,-99.8,-99.8,-99.8,-99.8
2025-04-07 21:00:00,952.2,16.0,98.0,0.8,169.0,2.0,136.0,0.0,-99.8,-99.8,-99.8,-99.8,-99.8,-99.8,-99.8
2025-04-07 22:00:00,952.6,16.2,94.0,0.7,103.0,1.4,241.0,0.0,-99.8,-99.8,-99.8,-99.8,-99.8,-99.8,-99.8
2025-04-07 23:00:00,951.7,16.1,93.0,1.5,234.0,2.1,247.0,0.0,-99.8,-99.8,-99.8,-99.8,-99.8,-99.8,-99.8
2025-04-08 00:00:00,951.6,16.0,95.0,1.2,263.0,2.8,246.0,0.0,-99.8,-99.8,-99.8,-99.8,-99.8,-99.8,-99.8
2025-04-08 01:00:00,950.9,15.9,93.0,1.0,255.0,2.8,243.0,0.0,-99.8,-99.8,-99.8,-99.8,-99.8,-99.8,-99.8
2025-04-08 02:00:00,950.1,15.8,94.0,1.5,273.0,3.1,257.0,0.0,-99.8,-99.8,-99.8,-99.8,-99.8,-99.8,-99.8
2025-04-08 03:00:00,949.7,15.7,94.0,1.6,252.0,2.9,256.0,0.0,-99.8,-99.8,-99.8,-99.8,-99.8,-99.8,-99.8
2025-04-08 04:00:00,949.6,16.0,92.0,1.7,252.0,2.9,227.0,0.0,-99.8,-99.8,-99.8,-99.8,-99.8,-99.8,-99.8
2025-04-08 05:00:00,950.2,15.6,96.0,1.8,263.0,3.2,273.0,0.0,-99.8,-99.8,-99.8,-99.8,-99.8,-99.8,-99.8
2025-04-08 06:00:00,950.5,16.1,92.0,0.8,320.0,3.6,271.0,0.0,-99.8,-99.8,-99.8,-99.8,-99.8,-99.8,-99.8
2025-04-08 07:00:00,951.1,16.6,88.0,1.6,254.0,3.2,257.0,0.0,-99.8,-99.8,-99.8,-99.8,-99.8,-99.8,-99.8
2025-04-08 08:00:00,951.9,17.6,85.0,1.6,263.0,2.9,272.0,0.0,-99.8,-99.8,-99.8,-99.8,-99.8,-99.8,-99.8
2025-04-08 09:00:00,952.1,19.1,84.0,0.2,0.0,1.3,226.0,0.0,-99.8,-99.8,-99.8,-99.8,-99.8,-99.8,-99.8
2025-04-08 10:00:00,951.7,22.0,75.0,1.4,40.0,2.9,52.0,0.0,-99.8,-99.8,-99.8,-99.8,-99.8,-99.8,-99.8
2025-04-08 11:00:00,951.5,23.7,69.0,1.0,1.0,3.2,32.0,0.0,-99.8,-99.8,-99.8,-99.8,-99.8,-99.8,-99.8
2025-04-08 12:00:00,950.9,23.1,74.0,0.8,22.0,3.3,2.0,0.0,-99.8,-99.8,-99.8,-99.8,-99.8,-99.8,-99.8
2025-04-08 13:00:00,950.4,22.3,77.0,1.0,15.0,3.9,28.0,0.0,-99.8,-99.8,-99.8,-99.8,-99.8,-99.8,-99.8
2025-04-08 14:00:00,950.0,20.6,85.0,0.1,0.0,3.3,70.0,0.0,-99.8,-99.8,-99.8,-99.8,-99.8,-99.8,-99.8
2025-04-08 15:00:00,949.2,19.9,88.0,0.2,0.0,2.3,96.0,0.0,-99.8,-99.8,-99.8,-99.8,-99.8,-99.8,-99.8
2025-04-08 16:00:00,949.0,19.6,91.0,0.6,81.0,1.7,96.0,0.0,-99.8,-99.8,-99.8,-99.8,-99.8,-99.8,-99.8
2025-04-08 17:00:00,949.0,19.6,91.0,0.0,0.0,1.2,65.0,0.0,-99.8,-99.8,-99.8,-99.8,-99.8,-99.8,-99.8
2025-04-08 18:00:00,949.3,19.2,93.0,0.4,162.0,1.1,135.0,0.0,-99.8,-99.8,-99.8,-99.8,-99.8,-99.8,-99.8
2025-04-08 19:00:00,949.7,19.0,94.0,0.1,0.0,1.5,120.0,0.0,-99.8,-99.8,-99.8,-99.8,-99.8,-99.8,-99.8
2025-04-08 20:00:00,949.9,18.9,94.0,0.0,0.0,0.7,84.0,0.0,-99.8,-99.8,-99.8,-99.8,-99.8,-99.8,-99.8
2025-04-08 21:00:00,950.3,18.5,96.0,0.0,0.0,1.3,103.0,0.0,-99.8,-99.8,-99.8,-99.8,-99.8,-99.8,-99.8
2025-04-08 22:00:00,949.8,18.3,93.0,0.5,203.0,1.4,148.0,0.0,-99.8,-99.8,-99.8,-99.8,-99.8,-99.8,-99.8
2025-04-08 23:00:00,949.5,18.0,96.0,1.2,185.0,2.1,86.0,0.0,-99.8,-99.8,-99.8,-99.8,-99.8,-99.8,-99.8
2025-04-09 00:00:00,948.8,18.0,94.0,1.4,216.0,1.9,261.0,0.0,-99.8,-99.8,-99.8,-99.8,-99.8,-99.8,-99.8
2025-04-09 01:00:00,948.4,17.6,97.0,1.4,249.0,3.2,244.0,0.0,-99.8,-99.8,-99.8,-99.8,-99.8,-99.8,-99.8
2025-04-09 02:00:00,947.6,18.0,89.0,1.5,266.0,2.4,284.0,0.0,-99.8,-99.8,-99.8,-99.8,-99.8,-99.8,-99.8
2025-04-09 03:00:00,946.8,17.5,92.0,1.4,282.0,3.0,273.0,0.0,-99.8,-99.8,-99.8,-99.8,-99.8,-99.8,-99.8
2025-04-09 04:00:00,947.0,17.0,94.0,1.8,253.0,2.8,276.0,0.0,-99.8,-99.8,-99.8,-99.8,-99.8,-99.8,-99.8
2025-04-09 05:00:00,947.4,17.8,86.0,1.9,274.0,3.4,244.0,0.0,-99.8,-99.8,-99.8,-99.8,-99.8,-99.8,-99.8
2025-04-09 06:00:00,947.4,17.5,86.0,2.4,261.0,3.8,263.0,0.0,-99.8,-99.8,-99.8,-99.8,-99.8,-99.8,-99.8
2025-04-09 07:00:00,948.0,18.0,85.0,1.6,263.0,4.1,282.0,0.0,-99.8,-99.8,-99.8,-99.8,-99.8,-99.8,-99.8
2025-04-09 08:00:00,948.7,20.0,80.0,0.3,265.0,2.9,254.0,0.0,-99.8,-99.8,-99.8,-99.8,-99.8,-99.8,-99.8
2025-04-09 09:00:00,948.7,22.3,70.0,1.2,49.0,2.9,57.0,0.0,-99.8,-99.8,-99.8,-99.8,-99.8,-99.8,-99.8
2025-04-09 10:00:00,948.8,24.3,78.0,0.7,11.0,3.6,18.0,0.0,-99.8,-99.8,-99.8,-99.8,-99.8,-99.8,-99.8
2025-04-09 11:00:00,948.3,23.9,78.0,1.0,22.0,3.7,51.0,0.0,-99.8,-99.8,-99.8,-99.8,-99.8,-99.8,-99.8
2025-04-09 12:00:00,948.0,22.4,85.0,0.7,353.0,3.8,44.0,0.0,-99.8,-99.8,-99.8,-99.8,-99.8,-99.8,-99.8
2025-04-09 13:00:00,947.0,21.8,88.0,0.8,6.0,3.3,85.0,0.0,-99.8,-99.8,-99.8,-99.8,-99.8,-99.8,-99.8
2025-04-09 14:00:00,946.3,21.1,90.0,0.1,0.0,2.9,18.0,0.0,-99.8,-99.8,-99.8,-99.8,-99.8,-99.8,-99.8
2025-04-09 15:00:00,945.3,20.4,96.0,0.4,34.0,3.2,88.0,0.0,-99.8,-99.8,-99.8,-99.8,-99.8,-99.8,-99.8
2025-04-09 16:00:00,945.2,19.8,98.0,0.0,0.0,3.8,99.0,0.0,-99.8,-99.8,-99.8,-99.8,-99.8,-99.8,-99.8
2025-04-09 17:00:00,945.1,19.5,99.0,0.2,0.0,1.3,50.0,0.0,-99.8,-99.8,-99.8,-99.8,-99.8,-99.8,-99.8
2025-04-09 18:00:00,945.2,19.2,99.0,0.1,0.0,1.1,79.0,0.0,-99.8,-99.8,-99.8,-99.8,-99.8,-99.8,-99.8
2025-04-09 19:00:00,945.7,19.0,100.0,0.0,0.0,1.0,279.0,0.0,-99.8,-99.8,-99.8,-99.8,-99.8,-99.8,-99.8
2025-04-09 20:00:00,945.7,19.0,100.0,0.0,0.0,0.6,273.0,0.0,-99.8,-99.8,-99.8,-99.8,-99.8,-99.8,-99.8
2025-04-09 21:00:00,945.9,19.0,98.0,0.0,0.0,1.2,130.0,0.0,-99.8,-99.8,-99.8,-99.8,-99.8,-99.8,-99.8
2025-04-09 22:00:00,946.3,18.8,99.0,1.3,167.0,1.6,99.0,0.0,-99.8,-99.8,-99.8,-99.8,-99.8,-99.8,-99.8
2025-04-09 23:00:00,945.4,18.6,99.0,0.5,154.0,2.4,111.0,0.0,-99.8,-99.8,-99.8,-99.8,-99.8,-99.8,-99.8
2025-04-10 00:00:00,944.3,18.8,97.0,0.6,102.0,1.5,162.0,0.0,-99.8,-99.8,-99.8,-99.8,-99.8,-99.8,-99.8
2025-04-10 01:00:00,943.8,18.7,98.0,1.0,167.0,2.3,133.0,0.0,-99.8,-99.8,-99.8,-99.8,-99.8,-99.8,-99.8
2025-04-10 02:00:00,943.0,18.5,99.0,1.7,235.0,3.5,234.0,0.0,-99.8,-99.8,-99.8,-99.8,-99.8,-99.8,-99.8
2025-04-10 03:00:00,942.5,18.9,95.0,0.2,0.0,3.2,241.0,0.0,-99.8,-99.8,-99.8,-99.8,-99.8,-99.8,-99.8
2025-04-10 04:00:00,942.6,18.9,95.0,1.0,234.0,2.5,242.0,0.0,-99.8,-99.8,-99.8,-99.8,-99.8,-99.8,-99.8
2025-04-10 05:00:00,942.0,18.9,92.0,1.4,261.0,3.0,267.0,0.0,-99.8,-99.8,-99.8,-99.8,-99.8,-99.8,-99.8
2025-04-10 06:00:00,942.4,18.8,91.0,1.7,232.0,2.8,225.0,0.0,-99.8,-99.8,-99.8,-99.8,-99.8,-99.8,-99.8
2025-04-10 07:00:00,942.4,19.1,92.0,1.9,258.0,2.9,278.0,0.0,-99.8,-99.8,-99.8,-99.8,-99.8,-99.8,-99.8
2025-04-10 08:00:00,942.9,19.5,90.0,0.7,246.0,2.6,271.0,0.0,-99.8,-99.8,-99.8,-99.8,-99.8,-99.8,-99.8
2025-04-10 09:00:00,942.2,21.2,88.0,1.0,52.0,2.0,154.0,0.0,-99.8,-99.8,-99.8,-99.8,-99.8,-99.8,-99.8
2025-04-10 10:00:00,942.6,21.3,83.0,0.9,85.0,2.5,94.0,0.0,-99.8,-99.8,-99.8,-99.8,-99.8,-99.8,-99.8
2025-04-10 11:00:00,942.8,20.4,95.0,0.1,0.0,1.7,86.0,2.0,-99.8,-99.8,-99.8,-99.8,-99.8,-99.8,-99.8
2025-04-10 12:00:00,941.7,22.0,91.0,1.4,56.0,2.9,61.0,0.0,-99.8,-99.8,-99.8,-99.8,-99.8,-99.8,-99.8
2025-04-10 13:00:00,941.2,23.5,84.0,0.9,39.0,2.7,60.0,0.0,-99.8,-99.8,-99.8,-99.8,-99.8,-99.8,-99.8
2025-04-10 14:00:00,940.4,23.9,85.0,0.7,40.0,2.4,90.0,0.0,-99.8,-99.8,-99.8,-99.8,-99.8,-99.8,-99.8
2025-04-10 15:00:00,940.1,24.1,80.0,0.9,62.0,2.8,17.0,0.0,-99.8,-99.8,-99.8,-99.8,-99.8,-99.8,-99.8
2025-04-10 16:00:00,940.2,22.5,87.0,0.9,42.0,3.1,86.0,0.0,-99.8,-99.8,-99.8,-99.8,-99.8,-99.8,-99.8
2025-04-10 17:00:00,940.4,21.4,90.0,0.4,169.0,2.3,45.0,0.0,-99.8,-99.8,-99.8,-99.8,-99.8,-99.8,-99.8
2025-04-10 18:00:00,941.3,19.7,96.0,0.4,123.0,1.8,96.0,0.0,-99.8,-99.8,-99.8,-99.8,-99.8,-99.8,-99.8
2025-04-10 19:00:00,941.8,19.5,94.0,0.3,125.0,1.6,164.0,0.0,-99.8,-99.8,-99.8,-99.8,-99.8,-99.8,-99.8
2025-04-10 20:00:00,942.7,19.5,93.0,1.8,165.0,2.8,69.0,0.0,-99.8,-99.8,-99.8,-99.8,-99.8,-99.8,-99.8
2025-04-10 21:00:00,943.8,19.4,93.0,0.6,256.0,3.2,233.0,0.0,-99.8,-99.8,-99.8,-99.8,-99.8,-99.8,-99.8
2025-04-10 22:00:00,944.4,19.0,94.0,0.0,0.0,1.8,267.0,0.0,-99.8,-99.8,-99.8,-99.8,-99.8,-99.8,-99.8
2025-04-10 23:00:00,944.6,19.0,91.0,1.0,248.0,2.1,264.0,0.0,-99.8,-99.8,-99.8,-99.8,-99.8,-99.8,-99.8
2025-04-11 00:00:00,944.6,18.4,94.0,0.5,111.0,1.7,236.0,0.0,-99.8,-99.8,-99.8,-99.8,-99.8,-99.8,-99.8
2025-04-11 01:00:00,944.5,18.1,93.0,1.3,229.0,2.1,277.0,0.0,-99.8,-99.8,-99.8,-99.8,-99.8,-99.8,-99.8
2025-04-11 02:00:00,944.1,18.1,90.0,1.6,280.0,2.6,276.0,0.0,-99.8,-99.8,-99.8,-99.8,-99.8,-99.8,-99.8
2025-04-11 03:00:00,943.8,17.7,91.0,2.2,264.0,4.0,271.0,0.0,-99.8,-99.8,-99.8,-99.8,-99.8,-99.8,-99.8
2025-04-11 04:00:00,943.9,17.7,88.0,1.8,254.0,4.1,268.0,0.0,-99.8,-99.8,-99.8,-99.8,-99.8,-99.8,-99.8
2025-04-11 05:00:00,944.5,17.4,88.0,1.3,256.0,3.2,279.0,0.0,-99.8,-99.8,-99.8,-99.8,-99.8,-99.8,-99.8
2025-04-11 06:00:00,945.1,17.3,89.0,1.5,257.0,2.2,286.0,0.0,-99.8,-99.8,-99.8,-99.8,-99.8,-99.8,-99.8
2025-04-11 07:00:00,946.0,18.8,82.0,0.2,0.0,2.6,272.0,0.0,-99.8,-99.8,-99.8,-99.8,-99.8,-99.8,-99.8
2025-04-11 08:00:00,947.0,21.1,74.0,0.1,0.0,1.6,40.0,0.0,-99.8,-99.8,-99.8,-99.8,-99.8,-99.8,-99.8
2025-04-11 09:00:00,946.9,22.9,81.0,0.9,48.0,3.0,19.0,0.0,-99.8,-99.8,-99.8,-99.8,-99.8,-99.8,-99.8
2025-04-11 10:00:00,946.8,22.9,76.0,0.9,57.0,4.9,81.0,0.0,-99.8,-99.8,-99.8,-99.8,-99.8,-99.8,-99.8
2025-04-11 11:00:00,946.5,22.4,83.0,1.5,86.0,5.6,88.0,0.0,-99.8,-99.8,-99.8,-99.8,-99.8,-99.8,-99.8
2025-04-11 12:00:00,946.6,21.8,86.0,1.2,64.0,5.2,101.0,0.0,-99.8,-99.8,-99.8,-99.8,-99.8,-99.8,-99.8
2025-04-11 13:00:00,945.6,21.9,88.0,1.3,62.0,4.4,96.0,0.0,-99.8,-99.8,-99.8,-99.8,-99.8,-99.8,-99.8
2025-04-11 14:00:00,944.8,20.9,93.0,1.0,90.0,3.6,109.0,0.0,-99.8,-99.8,-99.8,-99.8,-99.8,-99.8,-99.8
2025-04-11 15:00:00,944.5,20.1,97.0,0.7,92.0,3.4,65.0,0.0,-99.8,-99.8,-99.8,-99.8,-99.8,-99.8,-99.8
2025-04-11 16:00:00,944.7,19.9,96.0,0.6,116.0,3.5,108.0,0.0,-99.8,-99.8,-99.8,-99.8,-99.8,-99.8,-99.8
2025-04-11 17:00:00,944.8,19.9,95.0,0.2,0.0,3.8,86.0,0.0,-99.8,-99.8,-99.8,-99.8,-99.8,-99.8,-99.8
2025-04-11 18:00:00,945.4,19.6,98.0,0.0,0.0,1.7,136.0,0.0,-99.8,-99.8,-99.8,-99.8,-99.8,-99.8,-99.8
2025-04-11 19:00:00,945.4,19.4,98.0,0.0,0.0,1.5,102.0,0.0,-99.8,-99.8,-99.8,-99.8,-99.8,-99.8,-99.8
2025-04-11 20:00:00,945.5,19.2,99.0,0.0,0.0,1.0,100.0,0.0,-99.8,-99.8,-99.8,-99.8,-99.8,-99.8,-99.8
2025-04-11 21:00:00,945.9,19.2,99.0,0.0,0.0,0.6,131.0,0.0,-99.8,-99.8,-99.8,-99.8,-99.8,-99.8,-99.8
2025-04-11 22:00:00,945.7,19.2,98.0,0.1,0.0,1.8,237.0,0.0,-99.8,-99.8,-99.8,-99.8,-99.8,-99.8,-99.8
2025-04-11 23:00:00,945.0,19.0,98.0,0.0,0.0,2.4,87.0,0.0,-99.8,-99.8,-99.8,-99.8,-99.8,-99.8,-99.8
2025-04-12 00:00:00,944.1,19.2,96.0,0.7,223.0,1.4,119.0,0.0,-99.8,-99.8,-99.8,-99.8,-99.8,-99.8,-99.8
2025-04-12 01:00:00,943.5,18.9,98.0,0.7,142.0,2.4,255.0,0.0,-99.8,-99.8,-99.8,-99.8,-99.8,-99.8,-99.8
2025-04-12 02:00:00,943.1,19.2,95.0,0.2,0.0,1.5,311.0,0.0,-99.8,-99.8,-99.8,-99.8,-99.8,-99.8,-99.8
2025-04-12 03:00:00,942.6,18.7,98.0,1.5,231.0,2.7,241.0,0.0,-99.8,-99.8,-99.8,-99.8,-99.8,-99.8,-99.8
2025-04-12 04:00:00,942.7,19.2,93.0,1.7,259.0,2.7,154.0,0.0,-99.8,-99.8,-99.8,-99.8,-99.8,-99.8,-99.8
2025-04-12 05:00:00,942.6,18.9,94.0,1.4,261.0,3.2,248.0,0.0,-99.8,-99.8,-99.8,-99.8,-99.8,-99.8,-99.8
2025-04-12 06:00:00,942.8,19.2,90.0,1.6,275.0,3.5,256.0,0.0,-99.8,-99.8,-99.8,-99.8,-99.8,-99.8,-99.8
2025-04-12 07:00:00,943.1,19.4,89.0,1.8,267.0,3.1,242.0,0.0,-99.8,-99.8,-99.8,-99.8,-99.8,-99.8,-99.8
2025-04-12 08:00:00,943.3,19.9,88.0,0.1,0.0,2.3,269.0,0.0,-99.8,-99.8,-99.8,-99.8,-99.8,-99.8,-99.8
2025-04-12 09:00:00,943.2,20.5,89.0,0.5,232.0,3.0,256.0,0.0,-99.8,-99.8,-99.8,-99.8,-99.8,-99.8,-99.8
2025-04-12 10:00:00,942.7,21.7,83.0,0.2,0.0,1.7,233.0,0.0,-99.8,-99.8,-99.8,-99.8,-99.8,-99.8,-99.8
2025-04-12 11:00:00,942.5,21.9,81.0,0.4,128.0,2.1,63.0,0.0,-99.8,-99.8,-99.8,-99.8,-99.8,-99.8,-99.8
2025-04-12 12:00:00,942.4,22.4,85.0,0.8,98.0,2.3,94.0,0.0,-99.8,-99.8,-99.8,-99.8,-99.8,-99.8,-99.8
2025-04-12 13:00:00,942.1,22.3,87.0,0.9,23.0,3.4,98.0,0.0,-99.8,-99.8,-99.8,-99.8,-99.8,-99.8,-99.8
2025-04-12 14:00:00,941.8,21.6,89.0,0.2,0.0,2.0,107.0,0.0,-99.8,-99.8,-99.8,-99.8,-99.8,-99.8,-99.8
2025-04-12 15:00:00,940.7,22.4,85.0,0.2,0.0,2.0,97.0,0.0,-99.8,-99.8,-99.8,-99.8,-99.8,-99.8,-99.8
2025-04-12 16:00:00,940.9,22.0,84.0,1.0,158.0,2.1,259.0,0.0,-99.8,-99.8,-99.8,-99.8,-99.8,-99.8,-99.8
2025-04-12 17:00:00,940.7,22.4,83.0,0.4,163.0,2.7,264.0,0.0,-99.8,-99.8,-99.8,-99.8,-99.8,-99.8,-99.8
2025-04-12 18:00:00,941.3,21.5,86.0,1.6,208.0,2.8,183.0,0.0,-99.8,-99.8,-99.8,-99.8,-99.8,-99.8,-99.8
2025-04-12 19:00:00,941.3,21.4,83.0,1.4,253.0,2.6,237.0,0.0,-99.8,-99.8,-99.8,-99.8,-99.8,-99.8,-99.8
2025-04-12 20:00:00,941.5,22.0,78.0,0.5,116.0,4.4,274.0,0.0,-99.8,-99.8,-99.8,-99.8,-99.8,-99.8,-99.8
2025-04-12 21:00:00,942.1,21.2,82.0,0.9,257.0,2.4,244.0,0.0,-99.8,-99.8,-99.8,-99.8,-99.8,-99.8,-99.8
2025-04-12 22:00:00,942.3,21.4,79.0,0.7,211.0,3.3,265.0,0.0,-99.8,-99.8,-99.8,-99.8,-99.8,-99.8,-99.8
2025-04-12 23:00:00,942.9,21.5,75.0,0.7,256.0,1.8,217.0,0.0,-99.8,-99.8,-99.8,-99.8,-99.8,-99.8,-99.8
2025-04-13 00:00:00,943.2,19.2,92.0,2.7,267.0,3.1,240.0,0.5,-99.8,-99.8,-99.8,-99.8,-99.8,-99.8,-99.8
2025-04-13 01:00:00,943.4,18.9,96.0,2.0,249.0,6.7,236.0,4.5,-99.8,-99.8,-99.8,-99.8,-99.8,-99.8,-99.8
2025-04-13 02:00:00,943.4,18.4,100.0,0.1,0.0,2.4,240.0,4.5,-99.8,-99.8,-99.8,-99.8,-99.8,-99.8,-99.8
2025-04-13 03:00:00,943.4,17.2,100.0,2.7,251.0,5.5,237.0,2.5,-99.8,-99.8,-99.8,-99.8,-99.8,-99.8,-99.8
2025-04-13 04:00:00,943.8,16.1,93.0,2.6,257.0,6.0,278.0,2.5,-99.8,-99.8,-99.8,-99.8,-99.8,-99.8,-99.8
2025-04-13 05:00:00,944.5,15.5,96.0,0.5,283.0,6.1,238.0,0.0,-99.8,-99.8,-99.8,-99.8,-99.8,-99.8,-99.8
2025-04-13 06:00:00,944.7,15.2,99.0,0.2,0.0,3.4,248.0,0.0,-99.8,-99.8,-99.8,-99.8,-99.8,-99.8,-99.8
2025-04-13 07:00:00,945.4,14.1,100.0,1.5,97.0,3.5,90.0,0.0,-99.8,-99.8,-99.8,-99.8,-99.8,-99.8,-99.8
2025-04-13 08:00:00,946.0,14.0,100.0,0.5,78.0,2.7,96.0,0.0,-99.8,-99.8,-99.8,-99.8,-99.8,-99.8,-99.8
2025-04-13 09:00:00,947.1,13.5,97.0,1.1,129.0,4.2,49.0,0.0,-99.8,-99.8,-99.8,-99.8,-99.8,-99.8,-99.8
2025-04-13 10:00:00,947.6,13.8,97.0,0.4,59.0,3.8,97.0,0.0,-99.8,-99.8,-99.8,-99.8,-99.8,-99.8,-99.8
2025-04-13 11:00:00,947.7,13.6,98.0,0.6,83.0,2.6,85.0,0.0,-99.8,-99.8,-99.8,-99.8,-99.8,-99.8,-99.8
2025-04-13 12:00:00,947.4,13.6,92.0,0.6,109.0,2.6,209.0,0.0,-99.8,-99.8,-99.8,-99.8,-99.8,-99.8,-99.8
2025-04-13 13:00:00,946.6,13.6,89.0,0.3,39.0,4.2,93.0,0.0,-99.8,-99.8,-99.8,-99.8,-99.8,-99.8,-99.8
2025-04-13 14:00:00,946.1,13.7,86.0,0.4,97.0,2.9,83.0,0.0,-99.8,-99.8,-99.8,-99.8,-99.8,-99.8,-99.8
2025-04-13 15:00:00,945.7,13.7,78.0,0.3,142.0,2.8,86.0,0.0,-99.8,-99.8,-99.8,-99.8,-99.8,-99.8,-99.8
2025-04-13 16:00:00,945.7,13.3,76.0,0.4,118.0,3.0,124.0,0.0,-99.8,-99.8,-99.8,-99.8,-99.8,-99.8,-99.8
2025-04-13 17:00:00,945.7,12.9,74.0,0.3,147.0,2.3,90.0,0.0,-99.8,-99.8,-99.8,-99.8,-99.8,-99.8,-99.8
2025-04-13 18:00:00,946.1,12.8,72.0,0.1,0.0,1.6,180.0,0.0,-99.8,-99.8,-99.8,-99.8,-99.8,-99.8,-99.8
2025-04-13 19:00:00,946.2,12.3,87.0,1.5,265.0,2.2,280.0,0.0,-99.8,-99.8,-99.8,-99.8,-99.8,-99.8,-99.8
2025-04-13 20:00:00,946.3,12.5,81.0,0.8,264.0,2.5,266.0,0.0,-99.8,-99.8,-99.8,-99.8,-99.8,-99.8,-99.8
2025-04-13 21:00:00,946.5,12.1,86.0,1.6,252.0,2.9,248.0,0.0,-99.8,-99.8,-99.8,-99.8,-99.8,-99.8,-99.8
2025-04-13 22:00:00,946.3,11.9,90.0,1.8,259.0,3.2,266.0,0.0,-99.8,-99.8,-99.8,-99.8,-99.8,-99.8,-99.8
2025-04-13 23:00:00,946.1,11.7,95.0,1.9,250.0,3.1,266.0,0.0,-99.8,-99.8,-99.8,-99.8,-99.8,-99.8,-99.8
2025-04-14 00:00:00,945.2,12.3,89.0,1.4,252.0,3.1,243.0,0.0,-99.8,-99.8,-99.8,-99.8,-99.8,-99.8,-99.8
2025-04-14 01:00:00,945.0,12.2,93.0,1.2,260.0,3.2,260.0,0.0,-99.8,-99.8,-99.8,-99.8,-99.8,-99.8,-99.8
2025-04-14 02:00:00,944.4,12.2,94.0,2.2,256.0,3.5,261.0,0.0,-99.8,-99.8,-99.8,-99.8,-99.8,-99.8,-99.8
2025-04-14 03:00:00,944.2,12.6,92.0,1.7,250.0,3.5,245.0,0.0,-99.8,-99.8,-99.8,-99.8,-99.8,-99.8,-99.8
2025-04-14 04:00:00,944.2,13.4,88.0,1.8,267.0,4.9,252.0,0.0,-99.8,-99.8,-99.8,-99.8,-99.8,-99.8,-99.8
2025-04-14 05:00:00,944.6,12.9,92.0,1.5,266.0,4.1,264.0,0.0,-99.8,-99.8,-99.8,-99.8,-99.8,-99.8,-99.8
2025-04-14 06:00:00,945.1,13.1,93.0,1.1,266.0,3.3,283.0,0.0,-99.8,-99.8,-99.8,-99.8,-99.8,-99.8,-99.8
2025-04-14 07:00:00,945.5,14.7,84.0,1.5,272.0,3.9,262.0,0.0,-99.8,-99.8,-99.8,-99.8,-99.8,-99.8,-99.8
2025-04-14 08:00:00,946.0,17.2,73.0,0.5,255.0,2.6,270.0,0.0,-99.8,-99.8,-99.8,-99.8,-99.8,-99.8,-99.8
2025-04-14 09:00:00,945.9,19.4,69.0,1.0,47.0,2.5,53.0,0.0,-99.8,-99.8,-99.8,-99.8,-99.8,-99.8,-99.8
2025-04-14 10:00:00,945.6,21.2,66.0,0.9,7.0,3.0,34.0,0.0,-99.8,-99.8,-99.8,-99.8,-99.8,-99.8,-99.8
2025-04-14 11:00:00,944.9,22.5,65.0,0.9,359.0,4.5,31.0,0.0,-99.8,-99.8,-99.8,-99.8,-99.8,-99.8,-99.8
2025-04-14 12:00:00,944.6,22.7,65.0,1.2,345.0,3.6,15.0,0.0,-99.8,-99.8,-99.8,-99.8,-99.8,-99.8,-99.8
2025-04-14 13:00:00,943.7,22.8,68.0,1.1,360.0,3.4,62.0,0.0,-99.8,-99.8,-99.8,-99.8,-99.8,-99.8,-99.8
2025-04-14 14:00:00,943.0,23.4,66.0,0.7,30.0,2.7,51.0,0.0,-99.8,-99.8,-99.8,-99.8,-99.8,-99.8,-99.8
2025-04-14 15:00:00,942.7,24.1,63.0,0.5,18.0,2.9,29.0,0.0,-99.8,-99.8,-99.8,-99.8,-99.8,-99.8,-99.8
2025-04-14 16:00:00,942.9,23.1,64.0,0.4,55.0,2.5,28.0,0.0,-99.8,-99.8,-99.8,-99.8,-99.8,-99.8,-99.8
2025-04-14 17:00:00,942.8,21.6,72.0,0.0,0.0,1.9,91.0,0.0,-99.8,-99.8,-99.8,-99.8,-99.8,-99.8,-99.8
2025-04-14 18:00:00,943.2,19.2,78.0,0.4,206.0,1.8,93.0,0.0,-99.8,-99.8,-99.8,-99.8,-99.8,-99.8,-99.8
2025-04-14 19:00:00,943.8,18.4,78.0,1.6,223.0,2.6,239.0,0.0,-99.8,-99.8,-99.8,-99.8,-99.8,-99.8,-99.8
2025-04-14 20:00:00,944.2,18.2,71.0,1.6,275.0,4.4,276.0,0.0,-99.8,-99.8,-99.8,-99.8,-99.8,-99.8,-99.8
2025-04-14 21:00:00,945.1,18.4,64.0,1.5,243.0,4.6,233.0,0.0,-99.8,-99.8,-99.8,-99.8,-99.8,-99.8,-99.8
2025-04-14 22:00:00,945.4,17.9,62.0,2.6,267.0,4.7,247.0,0.0,-99.8,-99.8,-99.8,-99.8,-99.8,-99.8,-99.8
2025-04-14 23:00:00,945.5,17.8,60.0,1.7,261.0,5.0,269.0,0.0,-99.8,-99.8,-99.8,-99.8,-99.8,-99.8,-99.8
2025-04-15 00:00:00,945.2,17.3,61.0,2.2,262.0,4.1,263.0,0.0,-99.8,-99.8,-99.8,-99.8,-99.8,-99.8,-99.8
2025-04-15 01:00:00,945.2,17.0,61.0,1.9,270.0,4.1,279.0,0.0,-99.8,-99.8,-99.8,-99.8,-99.8,-99.8,-99.8
2025-04-15 02:00:00,944.7,16.9,56.0,2.1,270.0,4.2,244.0,0.0,-99.8,-99.8,-99.8,-99.8,-99.8,-99.8,-99.8
2025-04-15 03:00:00,944.7,16.8,51.0,1.9,267.0,4.2,265.0,0.0,-99.8,-99.8,-99.8,-99.8,-99.8,-99.8,-99.8
2025-04-15 04:00:00,944.8,16.7,50.0,1.9,262.0,4.1,235.0,0.0,-99.8,-99.8,-99.8,-99.8,-99.8,-99.8,-99.8
2025-04-15 05:00:00,945.3,16.3,47.0,1.6,245.0,4.0,270.0,0.0,-99.8,-99.8,-99.8,-99.8,-99.8,-99.8,-99.8
2025-04-15 06:00:00,945.9,16.1,49.0,2.5,259.0,3.9,266.0,0.0,-99.8,-99.8,-99.8,-99.8,-99.8,-99.8,-99.8
2025-04-15 07:00:00,946.9,16.8,51.0,2.3,248.0,4.2,230.0,0.0,-99.8,-99.8,-99.8,-99.8,-99.8,-99.8,-99.8
2025-04-15 08:00:00,947.7,17.8,50.0,2.0,265.0,4.1,247.0,0.0,-99.8,-99.8,-99.8,-99.8,-99.8,-99.8,-99.8
2025-04-15 09:00:00,948.2,21.4,52.0,1.3,77.0,3.6,93.0,0.0,-99.8,-99.8,-99.8,-99.8,-99.8,-99.8,-99.8
2025-04-15 10:00:00,948.5,22.8,59.0,1.1,357.0,5.4,77.0,0.0,-99.8,-99.8,-99.8,-99.8,-99.8,-99.8,-99.8
2025-04-15 11:00:00,948.5,23.3,62.0,2.3,69.0,7.9,80.0,0.0,-99.8,-99.8,-99.8,-99.8,-99.8,-99.8,-99.8
2025-04-15 12:00:00,948.1,21.9,64.0,3.5,81.0,9.5,83.0,0.0,-99.8,-99.8,-99.8,-99.8,-99.8,-99.8,-99.8
2025-04-15 13:00:00,947.8,20.8,67.0,2.4,78.0,7.9,80.0,0.0,-99.8,-99.8,-99.8,-99.8,-99.8,-99.8,-99.8
2025-04-15 14:00:00,947.5,19.0,73.0,1.5,73.0,7.0,97.0,0.0,-99.8,-99.8,-99.8,-99.8,-99.8,-99.8,-99.8
2025-04-15 15:00:00,947.5,19.1,75.0,0.2,0.0,4.3,107.0,0.0,-99.8,-99.8,-99.8,-99.8,-99.8,-99.8,-99.8
2025-04-15 16:00:00,947.4,18.8,75.0,0.1,0.0,1.8,76.0,0.0,-99.8,-99.8,-99.8,-99.8,-99.8,-99.8,-99.8
2025-04-15 17:00:00,947.6,18.3,78.0,0.0,0.0,2.3,89.0,0.0,-99.8,-99.8,-99.8,-99.8,-99.8,-99.8,-99.8
2025-04-15 18:00:00,948.0,17.8,80.0,0.0,0.0,0.9,71.0,0.0,-99.8,-99.8,-99.8,-99.8,-99.8,-99.8,-99.8
2025-04-15 19:00:00,948.2,17.5,82.0,0.1,0.0,1.5,185.0,0.0,-99.8,-99.8,-99.8,-99.8,-99.8,-99.8,-99.8
2025-04-15 20:00:00,948.7,17.4,83.0,0.8,230.0,1.2,230.0,0.0,-99.8,-99.8,-99.8,-99.8,-99.8,-99.8,-99.8
2025-04-15 21:00:00,949.3,17.4,83.0,0.8,231.0,1.4,241.0,0.0,-99.8,-99.8,-99.8,-99.8,-99.8,-99.8,-99.8
2025-04-15 22:00:00,949.3,17.3,84.0,0.6,229.0,1.8,247.0,0.0,-99.8,-99.8,-99.8,-99.8,-99.8,-99.8,-99.8
2025-04-15 23:00:00,949.0,17.3,85.0,0.8,266.0,2.3,259.0,0.0,-99.8,-99.8,-99.8,-99.8,-99.8,-99.8,-99.8
2025-04-16 00:00:00,948.6,16.4,87.0,0.9,252.0,2.7,250.0,0.0,-99.8,-99.8,-99.8,-99.8,-99.8,-99.8,-99.8
2025-04-16 01:00:00,948.0,15.9,85.0,1.5,252.0,2.7,226.0,0.0,-99.8,-99.8,-99.8,-99.8,-99.8,-99.8,-99.8
2025-04-16 02:00:00,947.5,15.7,83.0,1.2,266.0,2.7,237.0,0.0,-99.8,-99.8,-99.8,-99.8,-99.8,-99.8,-99.8
2025-04-16 03:00:00,947.4,14.9,86.0,1.7,257.0,3.5,263.0,0.0,-99.8,-99.8,-99.8,-99.8,-99.8,-99.8,-99.8
2025-04-16 04:00:00,947.7,14.6,84.0,1.9,269.0,3.8,283.0,0.0,-99.8,-99.8,-99.8,-99.8,-99.8,-99.8,-99.8
2025-04-16 05:00:00,947.9,14.6,80.0,2.6,259.0,4.1,244.0,0.0,-99.8,-99.8,-99.8,-99.8,-99.8,-99.8,-99.8
2025-04-16 06:00:00,948.0,14.3,79.0,3.1,264.0,5.2,248.0,0.0,-99.8,-99.8,-99.8,-99.8,-99.8,-99.8,-99.8
2025-04-16 07:00:00,948.4,15.7,73.0,0.3,247.0,4.6,236.0,0.0,-99.8,-99.8,-99.8,-99.8,-99.8,-99.8,-99.8
2025-04-16 08:00:00,948.7,18.4,59.0,0.4,321.0,1.9,266.0,0.0,-99.8,-99.8,-99.8,-99.8,-99.8,-99.8,-99.8
2025-04-16 09:00:00,948.7,21.2,59.0,1.2,50.0,2.9,52.0,0.0,-99.8,-99.8,-99.8,-99.8,-99.8,-99.8,-99.8
2025-04-16 10:00:00,948.7,23.2,65.0,1.2,17.0,4.9,66.0,0.0,-99.8,-99.8,-99.8,-99.8,-99.8,-99.8,-99.8
2025-04-16 11:00:00,948.1,23.5,70.0,1.6,32.0,6.5,85.0,0.0,-99.8,-99.8,-99.8,-99.8,-99.8,-99.8,-99.8
2025-04-16 12:00:00,947.6,23.3,71.0,2.4,79.0,6.7,55.0,0.0,-99.8,-99.8,-99.8,-99.8,-99.8,-99.8,-99.8
2025-04-16 13:00:00,947.3,22.8,75.0,1.3,29.0,6.0,87.0,0.0,-99.8,-99.8,-99.8,-99.8,-99.8,-99.8,-99.8
2025-04-16 14:00:00,946.8,22.2,78.0,0.7,122.0,6.5,23.0,0.0,-99.8,-99.8,-99.8,-99.8,-99.8,-99.8,-99.8
2025-04-16 15:00:00,946.4,21.2,78.0,1.0,51.0,5.0,80.0,0.0,-99.8,-99.8,-99.8,-99.8,-99.8,-99.8,-99.8
2025-04-16 16:00:00,946.1,19.8,84.0,0.8,118.0,5.1,33.0,0.0,-99.8,-99.8,-99.8,-99.8,-99.8,-99.8,-99.8
2025-04-16 17:00:00,946.1,19.3,84.0,0.7,114.0,3.6,87.0,0.0,-99.8,-99.8,-99.8,-99.8,-99.8,-99.8,-99.8
2025-04-16 18:00:00,946.4,19.1,87.0,0.6,147.0,2.4,135.0,0.0,-99.8,-99.8,-99.8,-99.8,-99.8,-99.8,-99.8
2025-04-16 19:00:00,946.4,18.8,90.0,0.0,0.0,1.8,92.0,0.0,-99.8,-99.8,-99.8,-99.8,-99.8,-99.8,-99.8
2025-04-16 20:00:00,947.0,18.7,90.0,0.0,0.0,1.3,279.0,0.0,-99.8,-99.8,-99.8,-99.8,-99.8,-99.8,-99.8
2025-04-16 21:00:00,947.4,18.7,89.0,0.7,189.0,1.5,250.0,0.0,-99.8,-99.8,-99.8,-99.8,-99.8,-99.8,-99.8
2025-04-16 22:00:00,947.3,18.5,89.0,0.3,103.0,1.4,111.0,0.0,-99.8,-99.8,-99.8,-99.8,-99.8,-99.8,-99.8
2025-04-16 23:00:00,947.1,18.5,85.0,0.2,0.0,1.2,107.0,0.0,-99.8,-99.8,-99.8,-99.8,-99.8,-99.8,-99.8
2025-04-17 00:00:00,946.8,18.4,83.0,0.0,0.0,1.4,173.0,0.0,-99.8,-99.8,-99.8,-99.8,-99.8,-99.8,-99.8
2025-04-17 01:00:00,946.3,17.5,89.0,0.8,304.0,2.0,327.0,0.0,-99.8,-99.8,-99.8,-99.8,-99.8,-99.8,-99.8
2025-04-17 02:00:00,945.8,17.4,85.0,1.2,269.0,2.2,260.0,0.0,-99.8,-99.8,-99.8,-99.8,-99.8,-99.8,-99.8
2025-04-17 03:00:00,945.7,16.7,85.0,1.8,257.0,3.3,267.0,0.0,-99.8,-99.8,-99.8,-99.8,-99.8,-99.8,-99.8
2025-04-17 04:00:00,946.0,16.7,81.0,2.3,264.0,3.7,262.0,0.0,-99.8,-99.8,-99.8,-99.8,-99.8,-99.8,-99.8
2025-04-17 05:00:00,945.9,16.8,79.0,1.7,268.0,3.1,274.0,0.0,-99.8,-99.8,-99.8,-99.8,-99.8,-99.8,-99.8
2025-04-17 06:00:00,946.1,16.4,80.0,2.3,261.0,4.0,273.0,0.0,-99.8,-99.8,-99.8,-99.8,-99.8,-99.8,-99.8
2025-04-17 07:00:00,946.7,17.1,77.0,2.2,266.0,5.1,254.0,0.0,-99.8,-99.8,-99.8,-99.8,-99.8,-99.8,-99.8
2025-04-17 08:00:00,947.1,18.5,72.0,1.9,268.0,3.8,268.0,0.0,-99.8,-99.8,-99.8,-99.8,-99.8,-99.8,-99.8
2025-04-17 09:00:00,947.0,19.9,69.0,1.5,255.0,3.0,238.0,0.0,-99.8,-99.8,-99.8,-99.8,-99.8,-99.8,-99.8
2025-04-17 10:00:00,946.8,21.0,73.0,0.5,74.0,1.6,52.0,0.0,-99.8,-99.8,-99.8,-99.8,-99.8,-99.8,-99.8
2025-04-17 11:00:00,946.4,23.8,64.0,1.5,41.0,4.3,29.0,0.0,-99.8,-99.8,-99.8,-99.8,-99.8,-99.8,-99.8
2025-04-17 12:00:00,946.0,22.8,71.0,0.5,349.0,4.1,86.0,0.0,-99.8,-99.8,-99.8,-99.8,-99.8,-99.8,-99.8
2025-04-17 13:00:00,945.3,22.9,72.0,0.8,357.0,3.0,17.0,0.0,-99.8,-99.8,-99.8,-99.8,-99.8,-99.8,-99.8
2025-04-17 14:00:00,944.6,24.9,68.0,0.5,38.0,3.1,50.0,0.0,-99.8,-99.8,-99.8,-99.8,-99.8,-99.8,-99.8
2025-04-17 15:00:00,944.1,24.6,68.0,0.9,15.0,3.8,33.0,0.0,-99.8,-99.8,-99.8,-99.8,-99.8,-99.8,-99.8
2025-04-17 16:00:00,944.0,22.1,78.0,0.4,75.0,2.9,49.0,0.0,-99.8,-99.8,-99.8,-99.8,-99.8,-99.8,-99.8
2025-04-17 17:00:00,943.9,22.8,74.0,0.3,57.0,1.2,70.0,0.0,-99.8,-99.8,-99.8,-99.8,-99.8,-99.8,-99.8
2025-04-17 18:00:00,944.0,21.8,81.0,0.0,0.0,1.1,79.0,0.0,-99.8,-99.8,-99.8,-99.8,-99.8,-99.8,-99.8
2025-04-17 19:00:00,944.0,20.7,82.0,0.1,0.0,1.0,114.0,0.0,-99.8,-99.8,-99.8,-99.8,-99.8,-99.8,-99.8
2025-04-17 20:00:00,944.3,20.5,84.0,0.0,0.0,1.6,229.0,0.0,-99.8,-99.8,-99.8,-99.8,-99.8,-99.8,-99.8
2025-04-17 21:00:00,944.8,20.4,85.0,0.9,188.0,1.9,229.0,0.0,-99.8,-99.8,-99.8,-99.8,-99.8,-99.8,-99.8
2025-04-17 22:00:00,944.8,20.3,84.0,0.3,218.0,1.8,258.0,0.0,-99.8,-99.8,-99.8,-99.8,-99.8,-99.8,-99.8
2025-04-17 23:00:00,944.6,20.0,84.0,1.4,203.0,2.3,239.0,0.0,-99.8,-99.8,-99.8,-99.8,-99.8,-99.8,-99.8
2025-04-18 00:00:00,944.1,20.0,82.0,2.1,255.0,3.2,206.0,0.0,-99.8,-99.8,-99.8,-99.8,-99.8,-99.8,-99.8
2025-04-18 01:00:00,943.8,19.5,82.0,2.1,265.0,3.4,273.0,0.0,-99.8,-99.8,-99.8,-99.8,-99.8,-99.8,-99.8
2025-04-18 02:00:00,943.5,19.0,81.0,2.2,269.0,3.5,277.0,0.0,-99.8,-99.8,-99.8,-99.8,-99.8,-99.8,-99.8
2025-04-18 03:00:00,943.4,19.0,78.0,2.0,266.0,4.3,286.0,0.0,-99.8,-99.8,-99.8,-99.8,-99.8,-99.8,-99.8
2025-04-18 04:00:00,943.7,18.6,77.0,2.0,268.0,4.1,282.0,0.0,-99.8,-99.8,-99.8,-99.8,-99.8,-99.8,-99.8
2025-04-18 05:00:00,944.3,18.8,73.0,2.1,261.0,4.4,263.0,0.0,-99.8,-99.8,-99.8,-99.8,-99.8,-99.8,-99.8
2025-04-18 06:00:00,944.9,18.9,72.0,2.4,266.0,4.1,253.0,0.0,-99.8,-99.8,-99.8,-99.8,-99.8,-99.8,-99.8
2025-04-18 07:00:00,946.1,19.2,72.0,1.7,272.0,3.2,253.0,0.0,-99.8,-99.8,-99.8,-99.8,-99.8,-99.8,-99.8
2025-04-18 08:00:00,946.6,20.2,68.0,1.8,262.0,3.9,256.0,0.0,-99.8,-99.8,-99.8,-99.8,-99.8,-99.8,-99.8
2025-04-18 09:00:00,946.9,21.0,68.0,1.5,268.0,3.3,283.0,0.0,-99.8,-99.8,-99.8,-99.8,-99.8,-99.8,-99.8
2025-04-18 10:00:00,947.0,23.2,70.0,0.1,0.0,3.1,260.0,0.0,-99.8,-99.8,-99.8,-99.8,-99.8,-99.8,-99.8
2025-04-18 11:00:00,947.2,23.7,73.0,0.8,58.0,2.7,103.0,0.0,-99.8,-99.8,-99.8,-99.8,-99.8,-99.8,-99.8
2025-04-18 12:00:00,946.8,25.9,65.0,0.8,5.0,3.5,31.0,0.0,-99.8,-99.8,-99.8,-99.8,-99.8,-99.8,-99.8
2025-04-18 13:00:00,946.2,25.9,64.0,0.8,49.0,4.4,92.0,0.0,-99.8,-99.8,-99.8,-99.8,-99.8,-99.8,-99.8
2025-04-18 14:00:00,946.1,25.8,65.0,1.2,4.0,4.7,71.0,0.0,-99.8,-99.8,-99.8,-99.8,-99.8,-99.8,-99.8
2025-04-18 15:00:00,945.9,24.7,67.0,0.7,68.0,3.8,63.0,0.0,-99.8,-99.8,-99.8,-99.8,-99.8,-99.8,-99.8
2025-04-18 16:00:00,945.9,22.9,72.0,0.7,50.0,3.1,71.0,0.0,-99.8,-99.8,-99.8,-99.8,-99.8,-99.8,-99.8
2025-04-18 17:00:00,946.1,22.9,72.0,0.1,0.0,2.4,72.0,0.0,-99.8,-99.8,-99.8,-99.8,-99.8,-99.8,-99.8
2025-04-18 18:00:00,946.2,22.1,75.0,0.4,169.0,1.9,103.0,0.0,-99.8,-99.8,-99.8,-99.8,-99.8,-99.8,-99.8
2025-04-18 19:00:00,946.5,21.5,79.0,0.3,163.0,1.8,189.0,0.0,-99.8,-99.8,-99.8,-99.8,-99.8,-99.8,-99.8
2025-04-18 20:00:00,946.7,21.3,80.0,1.2,163.0,2.0,143.0,0.0,-99.8,-99.8,-99.8,-99.8,-99.8,-99.8,-99.8
2025-04-18 21:00:00,946.7,21.1,81.0,1.6,249.0,2.9,255.0,0.0,-99.8,-99.8,-99.8,-99.8,-99.8,-99.8,-99.8
2025-04-18 22:00:00,946.3,20.6,84.0,1.9,261.0,3.3,256.0,0.0,-99.8,-99.8,-99.8,-99.8,-99.8,-99.8,-99.8
2025-04-18 23:00:00,945.9,20.6,83.0,2.2,257.0,3.7,246.0,0.0,-99.8,-99.8,-99.8,-99.8,-99.8,-99.8,-99.8
2025-04-19 00:00:00,945.5,20.1,84.0,2.1,256.0,3.7,264.0,0.0,-99.8,-99.8,-99.8,-99.8,-99.8,-99.8,-99.8
2025-04-19 01:00:00,945.1,19.7,87.0,1.3,260.0,3.4,239.0,0.0,-99.8,-99.8,-99.8,-99.8,-99.8,-99.8,-99.8
2025-04-19 02:00:00,944.6,20.1,82.0,2.0,260.0,4.3,224.0,0.0,-99.8,-99.8,-99.8,-99.8,-99.8,-99.8,-99.8
2025-04-19 03:00:00,944.3,20.1,80.0,1.3,279.0,3.7,271.0,0.0,-99.8,-99.8,-99.8,-99.8,-99.8,-99.8,-99.8
2025-04-19 04:00:00,944.8,19.7,81.0,0.0,0.0,3.0,266.0,0.0,-99.8,-99.8,-99.8,-99.8,-99.8,-99.8,-99.8
2025-04-19 05:00:00,945.1,19.9,79.0,0.5,232.0,1.7,232.0,0.0,-99.8,-99.8,-99.8,-99.8,-99.8,-99.8,-99.8
2025-04-19 06:00:00,945.8,20.1,78.0,1.5,248.0,3.1,241.0,0.0,-99.8,-99.8,-99.8,-99.8,-99.8,-99.8,-99.8
2025-04-19 07:00:00,946.3,20.5,78.0,1.0,261.0,2.6,266.0,0.0,-99.8,-99.8,-99.8,-99.8,-99.8,-99.8,-99.8
2025-04-19 08:00:00,946.4,21.0,80.0,1.4,256.0,3.1,250.0,0.0,-99.8,-99.8,-99.8,-99.8,-99.8,-99.8,-99.8
2025-04-19 09:00:00,946.3,23.9,72.0,0.3,49.0,2.3,286.0,0.0,-99.8,-99.8,-99.8,-99.8,-99.8,-99.8,-99.8
2025-04-19 10:00:00,946.7,24.3,75.0,0.0,0.0,3.2,43.0,0.0,-99.8,-99.8,-99.8,-99.8,-99.8,-99.8,-99.8
2025-04-19 11:00:00,946.3,25.4,76.0,0.7,5.0,2.5,50.0,0.0,-99.8,-99.8,-99.8,-99.8,-99.8,-99.8,-99.8
2025-04-19 12:00:00,945.6,24.0,81.0,0.5,26.0,2.2,34.0,0.0,-99.8,-99.8,-99.8,-99.8,-99.8,-99.8,-99.8
2025-04-19 13:00:00,944.9,24.3,81.0,0.7,48.0,2.9,99.0,0.0,-99.8,-99.8,-99.8,-99.8,-99.8,-99.8,-99.8
2025-04-19 14:00:00,944.5,25.4,76.0,1.5,59.0,3.9,100.0,0.0,-99.8,-99.8,-99.8,-99.8,-99.8,-99.8,-99.8
2025-04-19 15:00:00,944.0,25.5,75.0,1.2,47.0,4.0,69.0,0.0,-99.8,-99.8,-99.8,-99.8,-99.8,-99.8,-99.8
2025-04-19 16:00:00,944.0,25.6,71.0,0.4,61.0,4.1,86.0,0.0,-99.8,-99.8,-99.8,-99.8,-99.8,-99.8,-99.8
2025-04-19 17:00:00,944.1,24.6,77.0,0.5,54.0,2.3,62.0,0.0,-99.8,-99.8,-99.8,-99.8,-99.8,-99.8,-99.8
2025-04-19 18:00:00,944.4,22.4,88.0,0.0,0.0,1.8,64.0,0.0,-99.8,-99.8,-99.8,-99.8,-99.8,-99.8,-99.8
2025-04-19 19:00:00,944.3,21.7,91.0,0.5,214.0,1.8,182.0,0.0,-99.8,-99.8,-99.8,-99.8,-99.8,-99.8,-99.8
2025-04-19 20:00:00,944.7,21.6,92.0,0.0,0.0,1.8,233.0,0.0,-99.8,-99.8,-99.8,-99.8,-99.8,-99.8,-99.8
2025-04-19 21:00:00,944.9,21.3,92.0,1.5,146.0,2.2,122.0,0.0,-99.8,-99.8,-99.8,-99.8,-99.8,-99.8,-99.8
2025-04-19 22:00:00,945.2,21.1,92.0,1.9,215.0,3.0,248.0,0.0,-99.8,-99.8,-99.8,-99.8,-99.8,-99.8,-99.8
2025-04-19 23:00:00,944.9,21.9,88.0,1.7,266.0,3.5,236.0,0.0,-99.8,-99.8,-99.8,-99.8,-99.8,-99.8,-99.8
2025-04-20 00:00:00,945.1,21.9,86.0,0.7,264.0,3.4,274.0,0.0,-99.8,-99.8,-99.8,-99.8,-99.8,-99.8,-99.8
2025-04-20 01:00:00,945.0,21.7,89.0,0.9,125.0,2.5,231.0,0.0,-99.8,-99.8,-99.8,-99.8,-99.8,-99.8,-99.8
2025-04-20 02:00:00,944.2,21.3,92.0,0.2,0.0,2.6,269.0,0.0,-99.8,-99.8,-99.8,-99.8,-99.8,-99.8,-99.8
2025-04-20 03:00:00,943.3,21.1,92.0,2.1,254.0,3.4,266.0,0.0,-99.8,-99.8,-99.8,-99.8,-99.8,-99.8,-99.8
2025-04-20 04:00:00,944.0,21.6,89.0,1.5,262.0,3.6,267.0,0.0,-99.8,-99.8,-99.8,-99.8,-99.8,-99.8,-99.8
2025-04-20 05:00:00,944.2,21.1,90.0,0.9,274.0,3.2,274.0,0.0,-99.8,-99.8,-99.8,-99.8,-99.8,-99.8,-99.8
2025-04-20 06:00:00,945.0,21.2,89.0,0.3,104.0,3.5,244.0,0.0,-99.8,-99.8,-99.8,-99.8,-99.8,-99.8,-99.8
2025-04-20 07:00:00,945.8,22.3,84.0,0.6,278.0,1.6,316.0,0.0,-99.8,-99.8,-99.8,-99.8,-99.8,-99.8,-99.8
2025-04-20 08:00:00,946.4,24.0,79.0,0.1,0.0,2.3,252.0,0.0,-99.8,-99.8,-99.8,-99.8,-99.8,-99.8,-99.8
2025-04-20 09:00:00,947.0,24.9,81.0,1.1,72.0,2.2,96.0,0.0,-99.8,-99.8,-99.8,-99.8,-99.8,-99.8,-99.8
2025-04-20 10:00:00,947.2,25.6,79.0,1.3,46.0,2.8,42.0,0.0,-99.8,-99.8,-99.8,-99.8,-99.8,-99.8,-99.8
2025-04-20 11:00:00,947.3,25.7,81.0,0.9,16.0,2.8,32.0,0.0,-99.8,-99.8,-99.8,-99.8,-99.8,-99.8,-99.8
2025-04-20 12:00:00,946.9,25.3,81.0,0.6,58.0,2.3,105.0,0.0,-99.8,-99.8,-99.8,-99.8,-99.8,-99.8,-99.8
2025-04-20 13:00:00,946.7,23.8,86.0,0.5,108.0,3.2,89.0,0.0,-99.8,-99.8,-99.8,-99.8,-99.8,-99.8,-99.8
2025-04-20 14:00:00,946.4,24.1,86.0,0.2,0.0,3.2,90.0,0.0,-99.8,-99.8,-99.8,-99.8,-99.8,-99.8,-99.8
2025-04-20 15:00:00,946.2,23.5,89.0,0.2,0.0,3.2,85.0,0.0,-99.8,-99.8,-99.8,-99.8,-99.8,-99.8,-99.8
2025-04-20 16:00:00,946.4,22.8,92.0,0.7,72.0,2.1,57.0,0.0,-99.8,-99.8,-99.8,-99.8,-99.8,-99.8,-99.8
2025-04-20 17:00:00,947.1,22.2,97.0,0.4,100.0,3.4,89.0,0.0,-99.8,-99.8,-99.8,-99.8,-99.8,-99.8,-99.8
2025-04-20 18:00:00,947.3,22.0,99.0,0.1,0.0,1.2,120.0,0.0,-99.8,-99.8,-99.8,-99.8,-99.8,-99.8,-99.8
2025-04-20 19:00:00,947.2,21.6,100.0,1.5,150.0,2.9,133.0,0.0,-99.8,-99.8,-99.8,-99.8,-99.8,-99.8,-99.8
2025-04-20 20:00:00,947.1,21.5,98.0,0.4,102.0,4.4,253.0,0.0,-99.8,-99.8,-99.8,-99.8,-99.8,-99.8,-99.8
2025-04-20 21:00:00,948.1,21.3,99.0,0.9,90.0,2.3,87.0,0.0,-99.8,-99.8,-99.8,-99.8,-99.8,-99.8,-99.8
2025-04-20 22:00:00,948.2,21.2,100.0,0.4,133.0,1.4,72.0,0.0,-99.8,-99.8,-99.8,-99.8,-99.8,-99.8,-99.8
2025-04-20 23:00:00,948.0,21.1,100.0,0.0,0.0,1.6,92.0,0.0,-99.8,-99.8,-99.8,-99.8,-99.8,-99.8,-99.8
2025-04-21 00:00:00,947.7,21.1,100.0,0.0,0.0,1.4,98.0,0.0,-99.8,-99.8,-99.8,-99.8,-99.8,-99.8,-99.8
2025-04-21 01:00:00,947.3,20.7,100.0,0.0,0.0,1.4,343.0,0.0,-99.8,-99.8,-99.8,-99.8,-99.8,-99.8,-99.8
2025-04-21 02:00:00,947.1,20.7,100.0,0.5,271.0,1.3,294.0,0.0,-99.8,-99.8,-99.8,-99.8,-99.8,-99.8,-99.8
2025-04-21 03:00:00,947.0,20.4,100.0,0.8,116.0,1.7,262.0,0.0,-99.8,-99.8,-99.8,-99.8,-99.8,-99.8,-99.8
2025-04-21 04:00:00,946.9,20.3,100.0,0.4,170.0,1.7,247.0,0.5,-99.8,-99.8,-99.8,-99.8,-99.8,-99.8,-99.8
2025-04-21 05:00:00,947.2,19.9,100.0,1.4,188.0,2.1,115.0,0.0,-99.8,-99.8,-99.8,-99.8,-99.8,-99.8,-99.8
2025-04-21 06:00:00,947.9,20.0,99.0,1.3,222.0,1.8,235.0,0.0,-99.8,-99.8,-99.8,-99.8,-99.8,-99.8,-99.8
2025-04-21 07:00:00,948.3,20.6,95.0,1.4,234.0,3.0,162.0,0.0,-99.8,-99.8,-99.8,-99.8,-99.8,-99.8,-99.8
2025-04-21 08:00:00,948.8,23.0,93.0,0.1,0.0,2.6,242.0,0.0,-99.8,-99.8,-99.8,-99.8,-99.8,-99.8,-99.8
2025-04-21 09:00:00,949.0,24.2,86.0,1.0,47.0,3.1,54.0,0.0,-99.8,-99.8,-99.8,-99.8,-99.8,-99.8,-99.8
2025-04-21 10:00:00,948.9,23.4,90.0,1.1,55.0,2.7,95.0,0.0,-99.8,-99.8,-99.8,-99.8,-99.8,-99.8,-99.8
2025-04-21 11:00:00,948.1,25.3,85.0,1.0,35.0,2.7,37.0,0.0,-99.8,-99.8,-99.8,-99.8,-99.8,-99.8,-99.8
2025-04-21 12:00:00,947.4,24.8,87.0,0.5,25.0,3.6,55.0,0.0,-99.8,-99.8,-99.8,-99.8,-99.8,-99.8,-99.8
2025-04-21 13:00:00,946.6,24.5,89.0,0.5,11.0,3.3,50.0,0.0,-99.8,-99.8,-99.8,-99.8,-99.8,-99.8,-99.8
2025-04-21 14:00:00,945.8,23.0,95.0,0.3,56.0,3.1,100.0,0.0,-99.8,-99.8,-99.8,-99.8,-99.8,-99.8,-99.8
2025-04-21 15:00:00,946.3,22.3,98.0,0.3,158.0,4.0,106.0,0.0,-99.8,-99.8,-99.8,-99.8,-99.8,-99.8,-99.8
2025-04-21 16:00:00,946.2,22.8,97.0,0.2,0.0,1.9,98.0,0.0,-99.8,-99.8,-99.8,-99.8,-99.8,-99.8,-99.8
2025-04-21 17:00:00,946.2,23.3,94.0,0.0,0.0,1.3,54.0,0.0,-99.8,-99.8,-99.8,-99.8,-99.8,-99.8,-99.8
2025-04-21 18:00:00,946.3,22.6,96.0,0.0,0.0,0.0,0.0,0.0,-99.8,-99.8,-99.8,-99.8,-99.8,-99.8,-99.8
2025-04-21 19:00:00,946.5,22.3,98.0,0.0,0.0,0.0,0.0,0.0,-99.8,-99.8,-99.8,-99.8,-99.8,-99.8,-99.8
2025-04-21 20:00:00,946.9,22.0,99.0,0.5,221.0,1.1,231.0,0.0,-99.8,-99.8,-99.8,-99.8,-99.8,-99.8,-99.8
2025-04-21 21:00:00,947.1,21.8,99.0,0.4,231.0,1.5,162.0,0.0,-99.8,-99.8,-99.8,-99.8,-99.8,-99.8,-99.8
2025-04-21 22:00:00,947.2,22.0,98.0,0.1,0.0,1.7,75.0,0.0,-99.8,-99.8,-99.8,-99.8,-99.8,-99.8,-99.8
2025-04-21 23:00:00,946.9,21.8,97.0,0.4,267.0,1.5,331.0,0.0,-99.8,-99.8,-99.8,-99.8,-99.8,-99.8,-99.8
2025-04-22 00:00:00,946.2,21.6,96.0,1.9,162.0,2.6,224.0,0.0,-99.8,-99.8,-99.8,-99.8,-99.8,-99.8,-99.8
2025-04-22 01:00:00,945.4,21.3,89.0,1.9,234.0,4.2,245.0,0.0,-99.8,-99.8,-99.8,-99.8,-99.8,-99.8,-99.8
2025-04-22 02:00:00,944.6,20.7,84.0,1.9,263.0,3.2,275.0,0.0,-99.8,-99.8,-99.8,-99.8,-99.8,-99.8,-99.8
2025-04-22 03:00:00,944.5,20.2,83.0,1.6,257.0,3.2,263.0,0.0,-99.8,-99.8,-99.8,-99.8,-99.8,-99.8,-99.8
2025-04-22 04:00:00,944.5,20.2,76.0,1.0,265.0,3.2,274.0,0.0,-99.8,-99.8,-99.8,-99.8,-99.8,-99.8,-99.8
2025-04-22 05:00:00,944.8,19.7,74.0,1.7,259.0,2.8,268.0,0.0,-99.8,-99.8,-99.8,-99.8,-99.8,-99.8,-99.8
2025-04-22 06:00:00,945.2,19.8,72.0,0.7,273.0,2.8,283.0,0.0,-99.8,-99.8,-99.8,-99.8,-99.8,-99.8,-99.8
2025-04-22 07:00:00,945.6,23.0,59.0,0.0,0.0,2.1,241.0,0.0,-99.8,-99.8,-99.8,-99.8,-99.8,-99.8,-99.8
2025-04-22 08:00:00,945.9,24.2,65.0,0.7,50.0,2.4,65.0,0.0,-99.8,-99.8,-99.8,-99.8,-99.8,-99.8,-99.8
2025-04-22 09:00:00,946.0,26.0,67.0,1.3,57.0,2.7,40.0,0.0,-99.8,-99.8,-99.8,-99.8,-99.8,-99.8,-99.8
2025-04-22 10:00:00,945.7,27.2,68.0,1.1,46.0,3.2,57.0,0.0,-99.8,-99.8,-99.8,-99.8,-99.8,-99.8,-99.8
2025-04-22 11:00:00,945.1,27.8,71.0,1.4,33.0,4.4,38.0,0.0,-99.8,-99.8,-99.8,-99.8,-99.8,-99.8,-99.8
2025-04-22 12:00:00,944.2,27.2,75.0,1.4,34.0,4.1,51.0,0.0,-99.8,-99.8,-99.8,-99.8,-99.8,-99.8,-99.8
2025-04-22 13:00:00,943.4,28.1,72.0,1.1,32.0,3.4,44.0,0.0,-99.8,-99.8,-99.8,-99.8,-99.8,-99.8,-99.8
2025-04-22 14:00:00,942.5,28.1,72.0,1.1,39.0,3.8,80.0,0.0,-99.8,-99.8,-99.8,-99.8,-99.8,-99.8,-99.8
2025-04-22 15:00:00,942.2,28.0,72.0,0.8,65.0,3.3,4.0,0.0,-99.8,-99.8,-99.8,-99.8,-99.8,-99.8,-99.8
2025-04-22 16:00:00,942.1,25.9,82.0,0.3,65.0,2.4,81.0,0.0,-99.8,-99.8,-99.8,-99.8,-99.8,-99.8,-99.8
2025-04-22 17:00:00,942.3,26.0,84.0,0.3,86.0,1.6,88.0,0.0,-99.8,-99.8,-99.8,-99.8,-99.8,-99.8,-99.8
2025-04-22 18:00:00,942.4,24.9,86.0,0.0,0.0,1.4,258.0,0.0,-99.8,-99.8,-99.8,-99.8,-99.8,-99.8,-99.8
2025-04-22 19:00:00,942.7,24.2,81.0,0.7,188.0,2.5,234.0,0.0,-99.8,-99.8,-99.8,-99.8,-99.8,-99.8,-99.8
2025-04-22 20:00:00,943.1,24.3,69.0,1.4,260.0,3.5,218.0,0.0,-99.8,-99.8,-99.8,-99.8,-99.8,-99.8,-99.8
2025-04-22 21:00:00,943.5,24.5,59.0,2.5,253.0,4.2,235.0,0.0,-99.8,-99.8,-99.8,-99.8,-99.8,-99.8,-99.8
2025-04-22 22:00:00,943.8,23.9,57.0,2.5,265.0,4.8,244.0,0.0,-99.8,-99.8,-99.8,-99.8,-99.8,-99.8,-99.8
2025-04-22 23:00:00,943.7,23.3,53.0,2.5,262.0,4.6,271.0,0.0,-99.8,-99.8,-99.8,-99.8,-99.8,-99.8,-99.8
2025-04-23 00:00:00,943.5,23.9,49.0,1.1,270.0,4.4,280.0,0.0,-99.8,-99.8,-99.8,-99.8,-99.8,-99.8,-99.8
2025-04-23 01:00:00,943.2,22.2,55.0,1.7,261.0,3.4,246.0,0.0,-99.8,-99.8,-99.8,-99.8,-99.8,-99.8,-99.8
2025-04-23 02:00:00,942.7,22.1,54.0,1.4,263.0,3.8,271.0,0.0,-99.8,-99.8,-99.8,-99.8,-99.8,-99.8,-99.8
2025-04-23 03:00:00,942.5,22.0,54.0,1.1,262.0,3.6,289.0,0.0,-99.8,-99.8,-99.8,-99.8,-99.8,-99.8,-99.8
2025-04-23 04:00:00,942.3,21.9,53.0,1.0,264.0,3.0,266.0,0.0,-99.8,-99.8,-99.8,-99.8,-99.8,-99.8,-99.8
2025-04-23 05:00:00,942.8,21.3,57.0,0.3,136.0,3.0,285.0,0.0,-99.8,-99.8,-99.8,-99.8,-99.8,-99.8,-99.8
2025-04-23 06:00:00,943.8,21.4,73.0,0.3,196.0,2.0,175.0,0.0,-99.8,-99.8,-99.8,-99.8,-99.8,-99.8,-99.8
2025-04-23 07:00:00,944.7,21.6,64.0,1.0,226.0,1.7,155.0,0.0,-99.8,-99.8,-99.8,-99.8,-99.8,-99.8,-99.8
2025-04-23 08:00:00,945.4,21.4,70.0,2.0,258.0,3.2,252.0,0.0,-99.8,-99.8,-99.8,-99.8,-99.8,-99.8,-99.8
2025-04-23 09:00:00,946.0,21.7,69.0,2.0,264.0,3.5,274.0,0.0,-99.8,-99.8,-99.8,-99.8,-99.8,-99.8,-99.8
2025-04-23 10:00:00,945.7,23.2,71.0,0.6,138.0,6.7,219.0,0.0,-99.8,-99.8,-99.8,-99.8,-99.8,-99.8,-99.8
2025-04-23 11:00:00,945.5,22.8,76.0,0.0,0.0,1.3,84.0,0.0,-99.8,-99.8,-99.8,-99.8,-99.8,-99.8,-99.8
2025-04-23 12:00:00,944.2,23.8,78.0,0.4,56.0,1.5,304.0,0.0,-99.8,-99.8,-99.8,-99.8,-99.8,-99.8,-99.8
2025-04-23 13:00:00,943.5,23.5,81.0,0.0,0.0,1.5,69.0,0.0,-99.8,-99.8,-99.8,-99.8,-99.8,-99.8,-99.8
2025-04-23 14:00:00,943.0,23.8,81.0,0.5,56.0,1.9,260.0,0.0,-99.8,-99.8,-99.8,-99.8,-99.8,-99.8,-99.8
2025-04-23 15:00:00,942.7,24.1,79.0,0.0,0.0,1.6,286.0,0.0,-99.8,-99.8,-99.8,-99.8,-99.8,-99.8,-99.8
2025-04-23 16:00:00,942.6,26.0,72.0,0.4,59.0,2.5,91.0,0.0,-99.8,-99.8,-99.8,-99.8,-99.8,-99.8,-99.8
2025-04-23 17:00:00,943.1,25.2,82.0,0.2,0.0,2.3,107.0,0.0,-99.8,-99.8,-99.8,-99.8,-99.8,-99.8,-99.8
2025-04-23 18:00:00,943.6,22.5,93.0,0.3,119.0,2.4,92.0,0.0,-99.8,-99.8,-99.8,-99.8,-99.8,-99.8,-99.8
2025-04-23 19:00:00,944.2,22.2,94.0,0.1,0.0,1.6,152.0,0.0,-99.8,-99.8,-99.8,-99.8,-99.8,-99.8,-99.8
2025-04-23 20:00:00,945.0,21.7,97.0,0.1,0.0,1.1,131.0,0.0,-99.8,-99.8,-99.8,-99.8,-99.8,-99.8,-99.8
2025-04-23 21:00:00,945.4,21.7,96.0,0.0,0.0,1.7,217.0,0.0,-99.8,-99.8,-99.8,-99.8,-99.8,-99.8,-99.8
2025-04-23 22:00:00,945.6,21.5,97.0,0.1,0.0,0.9,87.0,0.0,-99.8,-99.8,-99.8,-99.8,-99.8,-99.8,-99.8
2025-04-23 23:00:00,945.5,20.7,99.0,0.0,0.0,2.5,93.0,0.0,-99.8,-99.8,-99.8,-99.8,-99.8,-99.8,-99.8
2025-04-24 00:00:00,945.1,20.3,100.0,0.2,0.0,2.4,85.0,0.0,-99.8,-99.8,-99.8,-99.8,-99.8,-99.8,-99.8
2025-04-24 01:00:00,944.7,19.9,100.0,0.0,0.0,1.4,88.0,0.0,-99.8,-99.8,-99.8,-99.8,-99.8,-99.8,-99.8
2025-04-24 02:00:00,944.3,19.7,100.0,0.0,0.0,1.3,98.0,0.0,-99.8,-99.8,-99.8,-99.8,-99.8,-99.8,-99.8
2025-04-24 03:00:00,944.5,19.4,100.0,0.2,0.0,1.6,97.0,0.0,-99.8,-99.8,-99.8,-99.8,-99.8,-99.8,-99.8
2025-04-24 04:00:00,944.6,19.3,100.0,0.0,0.0,0.8,94.0,0.0,-99.8,-99.8,-99.8,-99.8,-99.8,-99.8,-99.8
2025-04-24 05:00:00,944.7,19.3,100.0,0.1,0.0,1.0,94.0,0.5,-99.8,-99.8,-99.8,-99.8,-99.8,-99.8,-99.8
2025-04-24 06:00:00,945.5,19.3,100.0,0.0,0.0,0.9,108.0,0.0,-99.8,-99.8,-99.8,-99.8,-99.8,-99.8,-99.8
2025-04-24 07:00:00,946.1,19.4,100.0,0.0,0.0,0.0,0.0,0.0,-99.8,-99.8,-99.8,-99.8,-99.8,-99.8,-99.8
2025-04-24 08:00:00,946.3,19.8,100.0,0.1,0.0,0.9,73.0,0.5,-99.8,-99.8,-99.8,-99.8,-99.8,-99.8,-99.8
2025-04-24 09:00:00,946.7,20.2,99.0,0.3,47.0,1.3,30.0,0.0,-99.8,-99.8,-99.8,-99.8,-99.8,-99.8,-99.8
2025-04-24 10:00:00,946.8,20.2,99.0,0.0,0.0,1.5,98.0,0.0,-99.8,-99.8,-99.8,-99.8,-99.8,-99.8,-99.8
2025-04-24 11:00:00,946.3,20.7,99.0,0.0,0.0,1.1,46.0,0.0,-99.8,-99.8,-99.8,-99.8,-99.8,-99.8,-99.8
2025-04-24 12:00:00,945.8,21.2,97.0,0.5,55.0,2.2,48.0,0.0,-99.8,-99.8,-99.8,-99.8,-99.8,-99.8,-99.8
2025-04-24 13:00:00,944.9,21.9,96.0,0.4,71.0,1.9,73.0,0.0,-99.8,-99.8,-99.8,-99.8,-99.8,-99.8,-99.8
2025-04-24 14:00:00,944.4,21.6,96.0,0.5,21.0,2.1,84.0,0.0,-99.8,-99.8,-99.8,-99.8,-99.8,-99.8,-99.8
2025-04-24 15:00:00,943.7,21.5,98.0,0.4,58.0,1.6,69.0,0.0,-99.8,-99.8,-99.8,-99.8,-99.8,-99.8,-99.8
2025-04-24 16:00:00,943.4,21.0,99.0,0.2,0.0,1.3,87.0,0.0,-99.8,-99.8,-99.8,-99.8,-99.8,-99.8,-99.8
2025-04-24 17:00:00,943.6,20.8,100.0,0.0,0.0,1.8,85.0,0.0,-99.8,-99.8,-99.8,-99.8,-99.8,-99.8,-99.8
2025-04-24 18:00:00,943.8,20.5,100.0,0.0,0.0,0.8,92.0,0.0,-99.8,-99.8,-99.8,-99.8,-99.8,-99.8,-99.8
2025-04-24 19:00:00,944.4,20.3,100.0,0.0,0.0,0.7,354.0,0.0,-99.8,-99.8,-99.8,-99.8,-99.8,-99.8,-99.8
2025-04-24 20:00:00,944.9,20.4,100.0,0.3,95.0,1.0,88.0,0.0,-99.8,-99.8,-99.8,-99.8,-99.8,-99.8,-99.8
2025-04-24 21:00:00,945.3,20.4,100.0,0.4,91.0,1.3,88.0,0.0,-99.8,-99.8,-99.8,-99.8,-99.8,-99.8,-99.8
2025-04-24 22:00:00,945.8,20.5,100.0,0.3,252.0,1.0,77.0,0.0,-99.8,-99.8,-99.8,-99.8,-99.8,-99.8,-99.8
2025-04-24 23:00:00,945.8,20.4,100.0,0.2,0.0,2.3,168.0,0.0,-99.8,-99.8,-99.8,-99.8,-99.8,-99.8,-99.8
2025-04-25 00:00:00,945.4,20.1,99.0,1.8,226.0,3.8,202.0,0.0,-99.8,-99.8,-99.8,-99.8,-99.8,-99.8,-99.8
2025-04-25 01:00:00,944.8,20.2,90.0,0.7,249.0,4.3,229.0,0.0,-99.8,-99.8,-99.8,-99.8,-99.8,-99.8,-99.8
2025-04-25 02:00:00,944.5,20.0,93.0,2.1,219.0,3.7,238.0,0.0,-99.8,-99.8,-99.8,-99.8,-99.8,-99.8,-99.8
2025-04-25 03:00:00,944.1,19.6,94.0,1.0,227.0,3.3,73.0,0.0,-99.8,-99.8,-99.8,-99.8,-99.8,-99.8,-99.8
2025-04-25 04:00:00,944.0,19.6,92.0,2.0,254.0,3.2,245.0,0.0,-99.8,-99.8,-99.8,-99.8,-99.8,-99.8,-99.8
2025-04-25 05:00:00,943.9,20.0,87.0,1.2,276.0,3.8,274.0,0.0,-99.8,-99.8,-99.8,-99.8,-99.8,-99.8,-99.8
2025-04-25 06:00:00,944.8,19.9,87.0,1.5,262.0,3.1,283.0,0.0,-99.8,-99.8,-99.8,-99.8,-99.8,-99.8,-99.8
2025-04-25 07:00:00,945.5,20.2,93.0,0.2,0.0,1.8,105.0,0.0,-99.8,-99.8,-99.8,-99.8,-99.8,-99.8,-99.8
2025-04-25 08:00:00,946.1,20.3,91.0,1.6,253.0,2.1,256.0,0.0,-99.8,-99.8,-99.8,-99.8,-99.8,-99.8,-99.8
2025-04-25 09:00:00,946.8,21.7,87.0,0.2,0.0,2.6,265.0,0.0,-99.8,-99.8,-99.8,-99.8,-99.8,-99.8,-99.8
2025-04-25 10:00:00,947.0,23.0,87.0,0.5,65.0,2.5,93.0,0.0,-99.8,-99.8,-99.8,-99.8,-99.8,-99.8,-99.8
2025-04-25 11:00:00,946.6,22.6,92.0,0.9,25.0,2.4,30.0,0.0,-99.8,-99.8,-99.8,-99.8,-99.8,-99.8,-99.8
2025-04-25 12:00:00,946.0,23.9,85.0,1.6,76.0,4.0,60.0,0.0,-99.8,-99.8,-99.8,-99.8,-99.8,-99.8,-99.8
2025-04-25 13:00:00,946.1,22.3,86.0,0.7,41.0,3.3,94.0,0.0,-99.8,-99.8,-99.8,-99.8,-99.8,-99.8,-99.8
2025-04-25 14:00:00,945.9,21.2,89.0,0.5,2.0,2.7,84.0,0.0,-99.8,-99.8,-99.8,-99.8,-99.8,-99.8,-99.8
2025-04-25 15:00:00,946.0,20.2,94.0,0.2,0.0,2.7,82.0,0.0,-99.8,-99.8,-99.8,-99.8,-99.8,-99.8,-99.8
2025-04-25 16:00:00,946.1,18.8,96.0,1.0,93.0,2.1,94.0,0.0,-99.8,-99.8,-99.8,-99.8,-99.8,-99.8,-99.8
2025-04-25 17:00:00,946.3,18.3,98.0,0.0,0.0,1.6,63.0,0.0,-99.8,-99.8,-99.8,-99.8,-99.8,-99.8,-99.8
2025-04-25 18:00:00,946.7,18.0,99.0,0.6,92.0,2.9,97.0,0.0,-99.8,-99.8,-99.8,-99.8,-99.8,-99.8,-99.8
2025-04-25 19:00:00,948.1,17.5,99.0,0.1,0.0,3.2,87.0,0.5,-99.8,-99.8,-99.8,-99.8,-99.8,-99.8,-99.8
2025-04-25 20:00:00,949.0,17.2,100.0,0.3,98.0,2.2,98.0,1.0,-99.8,-99.8,-99.8,-99.8,-99.8,-99.8,-99.8
2025-04-25 21:00:00,949.9,16.9,100.0,0.2,0.0,1.6,99.0,0.0,-99.8,-99.8,-99.8,-99.8,-99.8,-99.8,-99.8
2025-04-25 22:00:00,950.4,16.9,100.0,0.0,0.0,1.9,97.0,0.0,-99.8,-99.8,-99.8,-99.8,-99.8,-99.8,-99.8
2025-04-25 23:00:00,950.1,17.0,100.0,0.6,183.0,1.2,73.0,0.0,-99.8,-99.8,-99.8,-99.8,-99.8,-99.8,-99.8
2025-04-26 00:00:00,950.0,16.9,100.0,0.3,110.0,1.7,94.0,0.0,-99.8,-99.8,-99.8,-99.8,-99.8,-99.8,-99.8
2025-04-26 01:00:00,949.3,16.7,100.0,0.8,211.0,1.5,247.0,0.0,-99.8,-99.8,-99.8,-99.8,-99.8,-99.8,-99.8
2025-04-26 02:00:00,949.1,16.4,98.0,1.2,237.0,2.4,246.0,0.5,-99.8,-99.8,-99.8,-99.8,-99.8,-99.8,-99.8
2025-04-26 03:00:00,948.9,16.6,98.0,1.0,253.0,2.5,244.0,0.0,-99.8,-99.8,-99.8,-99.8,-99.8,-99.8,-99.8
2025-04-26 04:00:00,948.9,17.1,94.0,1.6,245.0,2.9,241.0,0.0,-99.8,-99.8,-99.8,-99.8,-99.8,-99.8,-99.8
2025-04-26 05:00:00,949.3,16.9,97.0,0.0,0.0,2.0,256.0,0.0,-99.8,-99.8,-99.8,-99.8,-99.8,-99.8,-99.8
2025-04-26 06:00:00,949.8,16.8,100.0,0.9,250.0,2.3,238.0,0.5,-99.8,-99.8,-99.8,-99.8,-99.8,-99.8,-99.8
2025-04-26 07:00:00,950.3,17.1,98.0,0.7,253.0,2.1,264.0,0.0,-99.8,-99.8,-99.8,-99.8,-99.8,-99.8,-99.8
2025-04-26 08:00:00,951.0,17.7,98.0,0.5,250.0,1.6,222.0,0.0,-99.8,-99.8,-99.8,-99.8,-99.8,-99.8,-99.8
2025-04-26 09:00:00,951.2,18.7,96.0,0.7,257.0,1.7,239.0,0.0,-99.8,-99.8,-99.8,-99.8,-99.8,-99.8,-99.8
2025-04-26 10:00:00,951.2,19.8,95.0,0.3,60.0,1.2,42.0,0.0,-99.8,-99.8,-99.8,-99.8,-99.8,-99.8,-99.8
2025-04-26 11:00:00,951.0,20.0,93.0,0.0,0.0,1.0,27.0,0.0,-99.8,-99.8,-99.8,-99.8,-99.8,-99.8,-99.8
2025-04-26 12:00:00,950.5,19.7,97.0,0.3,320.0,0.9,301.0,0.0,-99.8,-99.8,-99.8,-99.8,-99.8,-99.8,-99.8
2025-04-26 13:00:00,950.0,19.3,97.0,0.5,210.0,1.5,285.0,0.0,-99.8,-99.8,-99.8,-99.8,-99.8,-99.8,-99.8
2025-04-26 14:00:00,949.4,19.4,97.0,0.6,257.0,1.2,73.0,0.0,-99.8,-99.8,-99.8,-99.8,-99.8,-99.8,-99.8
2025-04-26 15:00:00,948.9,19.5,96.0,0.4,244.0,1.4,262.0,0.5,-99.8,-99.8,-99.8,-99.8,-99.8,-99.8,-99.8
2025-04-26 16:00:00,948.7,19.6,99.0,0.1,0.0,1.2,73.0,0.0,-99.8,-99.8,-99.8,-99.8,-99.8,-99.8,-99.8
2025-04-26 17:00:00,948.8,19.6,99.0,0.0,0.0,1.5,249.0,0.0,-99.8,-99.8,-99.8,-99.8,-99.8,-99.8,-99.8
2025-04-26 18:00:00,949.2,19.2,99.0,0.0,0.0,1.4,84.0,0.0,-99.8,-99.8,-99.8,-99.8,-99.8,-99.8,-99.8
2025-04-26 19:00:00,949.8,19.1,100.0,0.8,210.0,1.3,184.0,0.0,-99.8,-99.8,-99.8,-99.8,-99.8,-99.8,-99.8
2025-04-26 20:00:00,950.3,19.0,100.0,0.6,239.0,1.6,253.0,2.5,-99.8,-99.8,-99.8,-99.8,-99.8,-99.8,-99.8
2025-04-26 21:00:00,950.8,18.9,100.0,0.0,0.0,1.2,205.0,0.0,-99.8,-99.8,-99.8,-99.8,-99.8,-99.8,-99.8
2025-04-26 22:00:00,951.0,18.9,100.0,0.1,0.0,0.8,107.0,0.0,-99.8,-99.8,-99.8,-99.8,-99.8,-99.8,-99.8
2025-04-26 23:00:00,950.6,18.6,100.0,0.4,203.0,1.6,243.0,0.5,-99.8,-99.8,-99.8,-99.8,-99.8,-99.8,-99.8
2025-04-27 00:00:00,950.2,18.4,100.0,1.4,220.0,1.7,244.0,0.0,-99.8,-99.8,-99.8,-99.8,-99.8,-99.8,-99.8
2025-04-27 01:00:00,949.3,18.4,100.0,1.1,195.0,2.2,242.0,0.0,-99.8,-99.8,-99.8,-99.8,-99.8,-99.8,-99.8
2025-04-27 02:00:00,948.6,18.2,99.0,0.0,0.0,1.7,151.0,0.0,-99.8,-99.8,-99.8,-99.8,-99.8,-99.8,-99.8
2025-04-27 03:00:00,948.3,18.0,99.0,0.3,285.0,1.6,296.0,0.0,-99.8,-99.8,-99.8,-99.8,-99.8,-99.8,-99.8
2025-04-27 04:00:00,948.3,18.0,99.0,1.6,239.0,2.5,270.0,0.0,-99.8,-99.8,-99.8,-99.8,-99.8,-99.8,-99.8
2025-04-27 05:00:00,948.5,18.0,95.0,1.8,254.0,3.6,275.0,0.0,-99.8,-99.8,-99.8,-99.8,-99.8,-99.8,-99.8
2025-04-27 06:00:00,948.6,17.6,97.0,1.9,263.0,3.2,281.0,0.0,-99.8,-99.8,-99.8,-99.8,-99.8,-99.8,-99.8
2025-04-27 07:00:00,948.9,18.7,93.0,1.0,270.0,3.5,298.0,0.0,-99.8,-99.8,-99.8,-99.8,-99.8,-99.8,-99.8
2025-04-27 08:00:00,949.1,21.1,81.0,0.2,0.0,2.1,288.0,0.0,-99.8,-99.8,-99.8,-99.8,-99.8,-99.8,-99.8
2025-04-27 09:00:00,949.1,22.6,78.0,1.4,51.0,2.8,51.0,0.0,-99.8,-99.8,-99.8,-99.8,-99.8,-99.8,-99.8
2025-04-27 10:00:00,948.8,24.6,79.0,0.8,5.0,2.6,28.0,0.0,-99.8,-99.8,-99.8,-99.8,-99.8,-99.8,-99.8
2025-04-27 11:00:00,948.4,24.9,78.0,0.8,31.0,5.3,54.0,0.0,-99.8,-99.8,-99.8,-99.8,-99.8,-99.8,-99.8
2025-04-27 12:00:00,947.7,25.2,77.0,1.1,20.0,4.3,81.0,0.0,-99.8,-99.8,-99.8,-99.8,-99.8,-99.8,-99.8
2025-04-27 13:00:00,947.1,25.8,75.0,1.1,20.0,3.5,88.0,0.0,-99.8,-99.8,-99.8,-99.8,-99.8,-99.8,-99.8
2025-04-27 14:00:00,946.7,24.3,77.0,0.9,272.0,3.7,54.0,0.0,-99.8,-99.8,-99.8,-99.8,-99.8,-99.8,-99.8
2025-04-27 15:00:00,946.2,23.3,83.0,0.3,30.0,3.0,26.0,0.0,-99.8,-99.8,-99.8,-99.8,-99.8,-99.8,-99.8
2025-04-27 16:00:00,945.8,23.0,85.0,0.3,69.0,3.4,90.0,0.0,-99.8,-99.8,-99.8,-99.8,-99.8,-99.8,-99.8
2025-04-27 17:00:00,945.9,22.1,91.0,0.0,0.0,1.3,86.0,0.0,-99.8,-99.8,-99.8,-99.8,-99.8,-99.8,-99.8
2025-04-27 18:00:00,946.3,21.6,93.0,0.0,0.0,1.6,89.0,0.0,-99.8,-99.8,-99.8,-99.8,-99.8,-99.8,-99.8
2025-04-27 19:00:00,946.4,20.9,97.0,0.1,0.0,1.0,197.0,0.0,-99.8,-99.8,-99.8,-99.8,-99.8,-99.8,-99.8
2025-04-27 20:00:00,946.9,20.4,98.0,0.1,0.0,1.2,231.0,0.0,-99.8,-99.8,-99.8,-99.8,-99.8,-99.8,-99.8
2025-04-27 21:00:00,947.3,20.4,97.0,0.0,0.0,0.7,106.0,0.0,-99.8,-99.8,-99.8,-99.8,-99.8,-99.8,-99.8
2025-04-27 22:00:00,947.4,20.1,97.0,1.3,198.0,1.8,165.0,0.0,-99.8,-99.8,-99.8,-99.8,-99.8,-99.8,-99.8
2025-04-27 23:00:00,947.2,20.3,95.0,1.1,207.0,2.7,240.0,0.0,-99.8,-99.8,-99.8,-99.8,-99.8,-99.8,-99.8
2025-04-28 00:00:00,946.3,20.1,91.0,1.9,230.0,3.2,274.0,0.0,-99.8,-99.8,-99.8,-99.8,-99.8,-99.8,-99.8
2025-04-28 01:00:00,945.5,20.2,89.0,1.8,270.0,4.0,269.0,0.0,-99.8,-99.8,-99.8,-99.8,-99.8,-99.8,-99.8
2025-04-28 02:00:00,944.8,20.0,89.0,1.7,271.0,3.5,270.0,0.0,-99.8,-99.8,-99.8,-99.8,-99.8,-99.8,-99.8
2025-04-28 03:00:00,944.2,20.0,88.0,1.4,259.0,3.0,244.0,0.0,-99.8,-99.8,-99.8,-99.8,-99.8,-99.8,-99.8
2025-04-28 04:00:00,944.0,20.4,84.0,0.2,0.0,2.9,249.0,0.0,-99.8,-99.8,-99.8,-99.8,-99.8,-99.8,-99.8
2025-04-28 05:00:00,944.3,20.3,84.0,1.8,264.0,2.8,257.0,0.0,-99.8,-99.8,-99.8,-99.8,-99.8,-99.8,-99.8
2025-04-28 06:00:00,944.6,19.9,87.0,1.6,266.0,2.6,271.0,0.0,-99.8,-99.8,-99.8,-99.8,-99.8,-99.8,-99.8
2025-04-28 07:00:00,945.0,21.3,82.0,1.0,244.0,3.3,248.0,0.0,-99.8,-99.8,-99.8,-99.8,-99.8,-99.8,-99.8
2025-04-28 08:00:00,945.3,23.9,78.0,1.0,43.0,2.0,29.0,0.0,-99.8,-99.8,-99.8,-99.8,-99.8,-99.8,-99.8
2025-04-28 09:00:00,945.7,24.1,80.0,0.9,357.0,4.3,16.0,0.0,-99.8,-99.8,-99.8,-99.8,-99.8,-99.8,-99.8
2025-04-28 10:00:00,945.9,24.8,80.0,0.9,64.0,3.5,30.0,0.0,-99.8,-99.8,-99.8,-99.8,-99.8,-99.8,-99.8
2025-04-28 11:00:00,945.5,23.8,85.0,1.2,84.0,3.0,60.0,0.0,-99.8,-99.8,-99.8,-99.8,-99.8,-99.8,-99.8
2025-04-28 12:00:00,944.8,25.5,79.0,1.1,43.0,3.0,91.0,0.0,-99.8,-99.8,-99.8,-99.8,-99.8,-99.8,-99.8
2025-04-28 13:00:00,944.3,25.3,80.0,0.6,344.0,2.8,41.0,0.0,-99.8,-99.8,-99.8,-99.8,-99.8,-99.8,-99.8
2025-04-28 14:00:00,944.3,22.0,90.0,0.9,94.0,2.4,239.0,0.0,-99.8,-99.8,-99.8,-99.8,-99.8,-99.8,-99.8
2025-04-28 15:00:00,944.6,21.1,95.0,0.4,93.0,2.2,97.0,0.0,-99.8,-99.8,-99.8,-99.8,-99.8,-99.8,-99.8
2025-04-28 16:00:00,944.3,20.8,97.0,1.0,86.0,2.7,93.0,0.5,-99.8,-99.8,-99.8,-99.8,-99.8,-99.8,-99.8
2025-04-28 17:00:00,944.6,19.6,98.0,0.0,0.0,2.6,100.0,0.0,-99.8,-99.8,-99.8,-99.8,-99.8,-99.8,-99.8
2025-04-28 18:00:00,945.1,18.8,97.0,1.0,210.0,3.1,240.0,0.0,-99.8,-99.8,-99.8,-99.8,-99.8,-99.8,-99.8
2025-04-28 19:00:00,945.7,19.6,81.0,1.2,238.0,5.1,255.0,0.0,-99.8,-99.8,-99.8,-99.8,-99.8,-99.8,-99.8
2025-04-28 20:00:00,946.9,19.4,78.0,2.4,244.0,5.7,250.0,0.0,-99.8,-99.8,-99.8,-99.8,-99.8,-99.8,-99.8
2025-04-28 21:00:00,948.0,19.6,63.0,2.2,261.0,7.8,251.0,0.0,-99.8,-99.8,-99.8,-99.8,-99.8,-99.8,-99.8
2025-04-28 22:00:00,948.8,19.6,46.0,2.0,253.0,4.6,268.0,0.0,-99.8,-99.8,-99.8,-99.8,-99.8,-99.8,-99.8
2025-04-28 23:00:00,948.7,19.4,46.0,1.0,275.0,4.6,260.0,0.0,-99.8,-99.8,-99.8,-99.8,-99.8,-99.8,-99.8
2025-04-29 00:00:00,948.5,18.9,61.0,1.0,276.0,2.8,240.0,0.0,-99.8,-99.8,-99.8,-99.8,-99.8,-99.8,-99.8
2025-04-29 01:00:00,948.0,18.4,64.0,1.3,298.0,2.5,329.0,0.0,-99.8,-99.8,-99.8,-99.8,-99.8,-99.8,-99.8
2025-04-29 02:00:00,947.7,17.8,71.0,2.0,261.0,3.1,239.0,0.5,-99.8,-99.8,-99.8,-99.8,-99.8,-99.8,-99.8
2025-04-29 03:00:00,946.8,17.6,69.0,1.9,262.0,3.5,273.0,0.0,-99.8,-99.8,-99.8,-99.8,-99.8,-99.8,-99.8
2025-04-29 04:00:00,947.6,17.5,73.0,1.3,255.0,3.3,300.0,0.0,-99.8,-99.8,-99.8,-99.8,-99.8,-99.8,-99.8
2025-04-29 05:00:00,947.9,17.8,66.0,1.9,271.0,3.5,276.0,0.0,-99.8,-99.8,-99.8,-99.8,-99.8,-99.8,-99.8
2025-04-29 06:00:00,948.3,17.5,68.0,0.1,0.0,3.0,251.0,0.0,-99.8,-99.8,-99.8,-99.8,-99.8,-99.8,-99.8
2025-04-29 07:00:00,949.1,19.7,64.0,0.0,0.0,1.1,351.0,0.0,-99.8,-99.8,-99.8,-99.8,-99.8,-99.8,-99.8
2025-04-29 08:00:00,949.3,20.5,55.0,0.0,0.0,1.5,44.0,0.0,-99.8,-99.8,-99.8,-99.8,-99.8,-99.8,-99.8
2025-04-29 09:00:00,949.5,22.1,56.0,1.0,28.0,3.5,60.0,0.0,-99.8,-99.8,-99.8,-99.8,-99.8,-99.8,-99.8
2025-04-29 10:00:00,949.4,23.1,52.0,1.1,26.0,4.2,70.0,0.0,-99.8,-99.8,-99.8,-99.8,-99.8,-99.8,-99.8
2025-04-29 11:00:00,949.4,23.1,52.0,1.3,41.0,5.8,92.0,0.0,-99.8,-99.8,-99.8,-99.8,-99.8,-99.8,-99.8
2025-04-29 12:00:00,949.0,22.9,56.0,1.4,52.0,6.3,95.0,0.0,-99.8,-99.8,-99.8,-99.8,-99.8,-99.8,-99.8
2025-04-29 13:00:00,948.4,22.4,61.0,1.4,24.0,5.5,77.0,0.0,-99.8,-99.8,-99.8,-99.8,-99.8,-99.8,-99.8
2025-04-29 14:00:00,948.0,22.1,65.0,1.3,21.0,5.8,111.0,0.0,-99.8,-99.8,-99.8,-99.8,-99.8,-99.8,-99.8
2025-04-29 15:00:00,947.7,21.6,66.0,1.1,26.0,4.4,82.0,0.0,-99.8,-99.8,-99.8,-99.8,-99.8,-99.8,-99.8
2025-04-29 16:00:00,947.5,20.6,69.0,1.3,54.0,5.2,64.0,0.0,-99.8,-99.8,-99.8,-99.8,-99.8,-99.8,-99.8
2025-04-29 17:00:00,947.8,19.4,75.0,0.8,50.0,5.4,100.0,0.0,-99.8,-99.8,-99.8,-99.8,-99.8,-99.8,-99.8
2025-04-29 18:00:00,948.1,17.9,80.0,0.5,136.0,3.4,91.0,0.0,-99.8,-99.8,-99.8,-99.8,-99.8,-99.8,-99.8
2025-04-29 19:00:00,948.7,17.7,80.0,0.3,129.0,1.9,90.0,0.0,-99.8,-99.8,-99.8,-99.8,-99.8,-99.8,-99.8
2025-04-29 20:00:00,949.4,17.8,81.0,0.0,0.0,1.6,167.0,0.0,-99.8,-99.8,-99.8,-99.8,-99.8,-99.8,-99.8
2025-04-29 21:00:00,949.9,17.6,83.0,0.0,0.0,0.0,0.0,0.0,-99.8,-99.8,-99.8,-99.8,-99.8,-99.8,-99.8
2025-04-29 22:00:00,950.3,17.6,81.0,0.0,0.0,0.0,0.0,0.0,-99.8,-99.8,-99.8,-99.8,-99.8,-99.8,-99.8
2025-04-29 23:00:00,950.2,17.5,82.0,0.0,0.0,0.0,0.0,0.0,-99.8,-99.8,-99.8,-99.8,-99.8,-99.8,-99.8
2025-04-30 00:00:00,949.7,16.8,86.0,0.0,0.0,0.9,114.0,0.0,-99.8,-99.8,-99.8,-99.8,-99.8,-99.8,-99.8
2025-04-30 01:00:00,949.5,16.3,88.0,0.3,341.0,1.3,315.0,0.0,-99.8,-99.8,-99.8,-99.8,-99.8,-99.8,-99.8
2025-04-30 02:00:00,948.9,16.3,87.0,0.9,202.0,2.3,144.0,0.0,-99.8,-99.8,-99.8,-99.8,-99.8,-99.8,-99.8
2025-04-30 03:00:00,948.5,15.9,90.0,0.9,237.0,1.7,86.0,0.0,-99.8,-99.8,-99.8,-99.8,-99.8,-99.8,-99.8
2025-04-30 04:00:00,948.2,15.8,91.0,1.4,250.0,2.5,230.0,0.0,-99.8,-99.8,-99.8,-99.8,-99.8,-99.8,-99.8
2025-04-30 05:00:00,948.5,15.5,92.0,1.6,265.0,2.8,260.0,0.0,-99.8,-99.8,-99.8,-99.8,-99.8,-99.8,-99.8
2025-04-30 06:00:00,948.5,15.6,91.0,1.4,261.0,3.1,271.0,0.0,-99.8,-99.8,-99.8,-99.8,-99.8,-99.8,-99.8
2025-04-30 07:00:00,948.8,17.8,80.0,0.5,338.0,2.1,250.0,0.0,-99.8,-99.8,-99.8,-99.8,-99.8,-99.8,-99.8
2025-04-30 08:00:00,949.2,20.4,71.0,0.9,54.0,2.3,50.0,0.0,-99.8,-99.8,-99.8,-99.8,-99.8,-99.8,-99.8
2025-04-30 09:00:00,949.4,22.1,69.0,1.3,24.0,3.4,41.0,0.0,-99.8,-99.8,-99.8,-99.8,-99.8,-99.8,-99.8
2025-04-30 10:00:00,949.5,24.0,64.0,1.1,350.0,3.5,89.0,0.0,-99.8,-99.8,-99.8,-99.8,-99.8,-99.8,-99.8
2025-04-30 11:00:00,949.2,24.1,63.0,1.0,325.0,4.3,26.0,0.0,-99.8,-99.8,-99.8,-99.8,-99.8,-99.8,-99.8
2025-04-30 12:00:00,948.6,24.0,61.0,0.9,345.0,5.0,88.0,0.0,-99.8,-99.8,-99.8,-99.8,-99.8,-99.8,-99.8
2025-04-30 13:00:00,948.2,24.4,66.0,1.0,343.0,5.0,57.0,0.0,-99.8,-99.8,-99.8,-99.8,-99.8,-99.8,-99.8
2025-04-30 14:00:00,947.7,24.0,67.0,0.8,22.0,4.2,54.0,0.0,-99.8,-99.8,-99.8,-99.8,-99.8,-99.8,-99.8
2025-04-30 15:00:00,947.1,22.8,72.0,0.7,44.0,3.6,57.0,0.0,-99.8,-99.8,-99.8,-99.8,-99.8,-99.8,-99.8
2025-04-30 16:00:00,946.8,21.9,76.0,0.4,31.0,2.6,59.0,0.0,-99.8,-99.8,-99.8,-99.8,-99.8,-99.8,-99.8
2025-04-30 17:00:00,946.8,20.5,82.0,0.7,85.0,2.4,55.0,0.0,-99.8,-99.8,-99.8,-99.8,-99.8,-99.8,-99.8
2025-04-30 18:00:00,947.1,19.8,85.0,0.5,88.0,2.2,83.0,0.0,-99.8,-99.8,-99.8,-99.8,-99.8,-99.8,-99.8
2025-04-30 19:00:00,947.8,19.5,87.0,0.0,0.0,2.3,87.0,0.0,-99.8,-99.8,-99.8,-99.8,-99.8,-99.8,-99.8
2025-04-30 20:00:00,948.0,18.9,89.0,0.3,164.0,1.0,174.0,0.0,-99.8,-99.8,-99.8,-99.8,-99.8,-99.8,-99.8
2025-04-30 21:00:00,948.6,18.8,91.0,0.0,0.0,1.1,83.0,0.0,-99.8,-99.8,-99.8,-99.8,-99.8,-99.8,-99.8
2025-04-30 22:00:00,948.6,18.5,90.0,1.2,111.0,2.2,71.0,0.0,-99.8,-99.8,-99.8,-99.8,-99.8,-99.8,-99.8
2025-04-30 23:00:00,948.3,18.3,91.0,0.7,141.0,1.9,249.0,0.0,-99.8,-99.8,-99.8,-99.8,-99.8,-99.8,-99.8
2025-05-01 00:00:00,947.8,18.1,90.0,0.9,241.0,2.1,250.0,0.0,-99.8,-99.8,-99.8,-99.8,-99.8,-99.8,-99.8
2025-05-31 01:00:00,946.6,18.4,90.0,1.6,104.0,2.3,85.0,0.0,-99.8,-99.8,-99.8,-99.8,-99.8,-99.8,-99.8
2025-05-31 02:00:00,946.5,18.5,90.0,1.0,253.0,2.3,181.0,0.0,-99.8,-99.8,-99.8,-99.8,-99.8,-99.8,-99.8
2025-05-31 03:00:00,946.4,18.6,88.0,1.1,259.0,2.2,228.0,0.0,-99.8,-99.8,-99.8,-99.8,-99.8,-99.8,-99.8
2025-05-31 04:00:00,945.8,18.3,89.0,0.8,244.0,1.9,213.0,0.0,-99.8,-99.8,-99.8,-99.8,-99.8,-99.8,-99.8
2025-05-31 05:00:00,946.4,18.4,87.0,1.2,256.0,2.7,241.0,0.0,-99.8,-99.8,-99.8,-99.8,-99.8,-99.8,-99.8
2025-05-31 06:00:00,946.5,18.4,89.0,1.7,267.0,3.2,293.0,0.0,-99.8,-99.8,-99.8,-99.8,-99.8,-99.8,-99.8
2025-05-31 07:00:00,946.8,19.1,84.0,1.5,266.0,3.1,266.0,0.0,-99.8,-99.8,-99.8,-99.8,-99.8,-99.8,-99.8
2025-05-31 08:00:00,946.8,22.2,70.0,0.2,0.0,1.5,284.0,0.0,-99.8,-99.8,-99.8,-99.8,-99.8,-99.8,-99.8
2025-05-31 09:00:00,946.7,24.2,72.0,1.1,41.0,3.1,40.0,0.0,-99.8,-99.8,-99.8,-99.8,-99.8,-99.8,-99.8
2025-05-31 10:00:00,946.6,25.0,71.0,1.0,4.0,3.4,23.0,0.0,-99.8,-99.8,-99.8,-99.8,-99.8,-99.8,-99.8
2025-05-31 11:00:00,945.9,26.1,67.0,1.1,347.0,3.5,59.0,0.0,-99.8,-99.8,-99.8,-99.8,-99.8,-99.8,-99.8
2025-05-31 12:00:00,945.3,25.4,68.0,2.0,66.0,5.0,83.0,0.0,-99.8,-99.8,-99.8,-99.8,-99.8,-99.8,-99.8
2025-05-31 13:00:00,944.8,26.3,67.0,0.9,9.0,5.1,103.0,0.0,-99.8,-99.8,-99.8,-99.8,-99.8,-99.8,-99.8
2025-05-31 14:00:00,944.4,26.1,69.0,1.2,7.0,4.5,25.0,0.0,-99.8,-99.8,-99.8,-99.8,-99.8,-99.8,-99.8
2025-05-31 15:00:00,944.0,25.7,71.0,0.7,62.0,4.5,93.0,0.0,-99.8,-99.8,-99.8,-99.8,-99.8,-99.8,-99.8
2025-05-31 16:00:00,943.9,24.6,76.0,0.7,2.0,3.5,91.0,0.0,-99.8,-99.8,-99.8,-99.8,-99.8,-99.8,-99.8
2025-05-31 17:00:00,943.5,25.1,74.0,0.3,59.0,2.3,92.0,0.0,-99.8,-99.8,-99.8,-99.8,-99.8,-99.8,-99.8
2025-05-31 18:00:00,943.7,22.3,85.0,0.0,0.0,2.3,53.0,0.0,-99.8,-99.8,-99.8,-99.8,-99.8,-99.8,-99.8
2025-05-31 19:00:00,943.8,21.2,91.0,0.3,176.0,1.3,132.0,0.0,-99.8,-99.8,-99.8,-99.8,-99.8,-99.8,-99.8
2025-05-31 20:00:00,944.1,21.2,91.0,0.0,0.0,1.8,146.0,0.0,-99.8,-99.8,-99.8,-99.8,-99.8,-99.8,-99.8
2025-05-31 21:00:00,944.4,21.2,91.0,0.1,0.0,2.4,97.0,0.0,-99.8,-99.8,-99.8,-99.8,-99.8,-99.8,-99.8
2025-05-31 22:00:00,944.2,20.9,92.0,0.0,0.0,1.9,250.0,0.0,-99.8,-99.8,-99.8,-99.8,-99.8,-99.8,-99.8
2025-05-31 23:00:00,943.8,21.0,93.0,0.0,0.0,1.0,110.0,0.0,-99.8,-99.8,-99.8,-99.8,-99.8,-99.8,-99.8
2025-06-01 00:00:00,943.1,21.0,93.0,0.0,0.0,1.2,101.0,0.0,-99.8,-99.8,-99.8,-99.8,-99.8,-99.8,-99.8
2025-06-01 01:00:00,942.3,20.7,94.0,0.3,113.0,1.7,77.0,0.0,-99.8,-99.8,-99.8,-99.8,-99.8,-99.8,-99.8
2025-06-01 02:00:00,941.8,21.0,91.0,0.2,0.0,1.3,242.0,0.0,-99.8,-99.8,-99.8,-99.8,-99.8,-99.8,-99.8
2025-06-01 03:00:00,941.6,20.7,96.0,1.6,148.0,2.5,170.0,0.0,-99.8,-99.8,-99.8,-99.8,-99.8,-99.8,-99.8
2025-06-01 04:00:00,941.5,20.8,94.0,1.1,181.0,3.4,242.0,0.0,-99.8,-99.8,-99.8,-99.8,-99.8,-99.8,-99.8
2025-06-01 05:00:00,941.3,20.7,91.0,1.6,236.0,2.7,280.0,0.0,-99.8,-99.8,-99.8,-99.8,-99.8,-99.8,-99.8
2025-06-01 06:00:00,941.4,20.7,90.0,1.7,250.0,4.5,272.0,0.0,-99.8,-99.8,-99.8,-99.8,-99.8,-99.8,-99.8
2025-06-01 07:00:00,941.6,21.9,83.0,1.8,268.0,3.5,240.0,0.0,-99.8,-99.8,-99.8,-99.8,-99.8,-99.8,-99.8
2025-06-01 08:00:00,941.3,24.2,76.0,0.9,256.0,2.7,259.0,0.0,-99.8,-99.8,-99.8,-99.8,-99.8,-99.8,-99.8
2025-06-01 09:00:00,941.3,27.7,68.0,1.0,53.0,2.5,34.0,0.0,-99.8,-99.8,-99.8,-99.8,-99.8,-99.8,-99.8
2025-06-01 10:00:00,941.3,27.7,69.0,0.2,0.0,3.1,57.0,0.0,-99.8,-99.8,-99.8,-99.8,-99.8,-99.8,-99.8
2025-06-01 11:00:00,941.0,27.0,74.0,1.0,29.0,3.4,66.0,0.0,-99.8,-99.8,-99.8,-99.8,-99.8,-99.8,-99.8
2025-06-01 12:00:00,940.4,27.7,72.0,1.0,70.0,2.7,46.0,0.0,-99.8,-99.8,-99.8,-99.8,-99.8,-99.8,-99.8
2025-06-01 13:00:00,940.0,27.5,75.0,1.1,71.0,2.3,55.0,0.0,-99.8,-99.8,-99.8,-99.8,-99.8,-99.8,-99.8
2025-06-01 14:00:00,939.5,28.3,74.0,0.3,32.0,3.0,45.0,0.0,-99.8,-99.8,-99.8,-99.8,-99.8,-99.8,-99.8
2025-06-01 15:00:00,939.0,28.4,73.0,0.7,341.0,2.9,352.0,0.0,-99.8,-99.8,-99.8,-99.8,-99.8,-99.8,-99.8
2025-06-01 16:00:00,939.2,27.1,77.0,0.9,54.0,4.0,45.0,0.0,-99.8,-99.8,-99.8,-99.8,-99.8,-99.8,-99.8
2025-06-01 17:00:00,939.2,25.9,83.0,0.3,128.0,3.2,50.0,0.0,-99.8,-99.8,-99.8,-99.8,-99.8,-99.8,-99.8
2025-06-01 18:00:00,939.6,24.6,88.0,0.0,0.0,1.3,92.0,0.0,-99.8,-99.8,-99.8,-99.8,-99.8,-99.8,-99.8
2025-06-01 19:00:00,939.7,24.2,88.0,0.6,150.0,1.3,77.0,0.0,-99.8,-99.8,-99.8,-99.8,-99.8,-99.8,-99.8
2025-06-01 20:00:00,940.2,24.4,84.0,0.4,214.0,1.7,251.0,0.0,-99.8,-99.8,-99.8,-99.8,-99.8,-99.8,-99.8
2025-06-01 21:00:00,940.4,24.4,84.0,0.1,0.0,1.5,278.0,0.0,-99.8,-99.8,-99.8,-99.8,-99.8,-99.8,-99.8
2025-06-01 22:00:00,940.0,24.1,86.0,1.5,142.0,2.7,251.0,0.0,-99.8,-99.8,-99.8,-99.8,-99.8,-99.8,-99.8
2025-06-01 23:00:00,939.8,24.1,85.0,1.2,265.0,3.5,68.0,0.0,-99.8,-99.8,-99.8,-99.8,-99.8,-99.8,-99.8
2025-06-02 00:00:00,939.2,23.1,91.0,1.1,211.0,2.7,273.0,0.0,-99.8,-99.8,-99.8,-99.8,-99.8,-99.8,-99.8
2025-06-02 01:00:00,938.4,23.3,90.0,0.8,209.0,2.2,221.0,0.0,-99.8,-99.8,-99.8,-99.8,-99.8,-99.8,-99.8
2025-06-02 02:00:00,938.0,22.9,90.0,1.9,251.0,3.5,284.0,0.0,-99.8,-99.8,-99.8,-99.8,-99.8,-99.8,-99.8
2025-06-02 03:00:00,938.1,23.0,89.0,0.0,0.0,2.5,290.0,0.0,-99.8,-99.8,-99.8,-99.8,-99.8,-99.8,-99.8
2025-06-02 04:00:00,937.9,22.8,89.0,0.0,0.0,2.3,244.0,0.0,-99.8,-99.8,-99.8,-99.8,-99.8,-99.8,-99.8
2025-06-02 05:00:00,938.1,22.3,92.0,1.3,230.0,1.9,197.0,0.0,-99.8,-99.8,-99.8,-99.8,-99.8,-99.8,-99.8
2025-06-02 06:00:00,938.4,22.8,88.0,1.9,262.0,3.7,227.0,0.0,-99.8,-99.8,-99.8,-99.8,-99.8,-99.8,-99.8
2025-06-02 07:00:00,938.7,24.0,83.0,0.9,264.0,3.5,262.0,0.0,-99.8,-99.8,-99.8,-99.8,-99.8,-99.8,-99.8
2025-06-02 08:00:00,938.6,26.8,72.0,0.0,0.0,2.0,269.0,0.0,-99.8,-99.8,-99.8,-99.8,-99.8,-99.8,-99.8
2025-06-02 09:00:00,938.5,29.6,70.0,1.2,57.0,2.9,66.0,0.0,-99.8,-99.8,-99.8,-99.8,-99.8,-99.8,-99.8
2025-06-02 10:00:00,938.8,28.5,72.0,0.7,41.0,3.5,32.0,0.0,-99.8,-99.8,-99.8,-99.8,-99.8,-99.8,-99.8
2025-06-02 11:00:00,938.5,30.5,68.0,0.8,43.0,4.1,91.0,0.0,-99.8,-99.8,-99.8,-99.8,-99.8,-99.8,-99.8
2025-06-02 12:00:00,938.1,28.8,76.0,0.8,60.0,3.3,65.0,0.0,-99.8,-99.8,-99.8,-99.8,-99.8,-99.8,-99.8
2025-06-02 13:00:00,937.4,29.0,72.0,0.6,10.0,3.6,32.0,0.0,-99.8,-99.8,-99.8,-99.8,-99.8,-99.8,-99.8
2025-06-02 14:00:00,936.9,28.9,75.0,0.9,27.0,3.5,23.0,0.0,-99.8,-99.8,-99.8,-99.8,-99.8,-99.8,-99.8
2025-06-02 15:00:00,937.0,29.2,73.0,0.8,17.0,3.3,32.0,0.0,-99.8,-99.8,-99.8,-99.8,-99.8,-99.8,-99.8
2025-06-02 16:00:00,936.6,28.5,73.0,0.7,52.0,2.3,351.0,0.0,-99.8,-99.8,-99.8,-99.8,-99.8,-99.8,-99.8
2025-06-02 17:00:00,936.4,27.2,80.0,0.5,99.0,2.2,99.0,0.0,-99.8,-99.8,-99.8,-99.8,-99.8,-99.8,-99.8
2025-06-02 18:00:00,937.0,25.8,88.0,0.0,0.0,1.3,75.0,0.0,-99.8,-99.8,-99.8,-99.8,-99.8,-99.8,-99.8
2025-06-02 19:00:00,937.4,25.0,91.0,0.8,124.0,1.8,81.0,0.0,-99.8,-99.8,-99.8,-99.8,-99.8,-99.8,-99.8
2025-06-02 20:00:00,937.9,25.5,86.0,0.8,155.0,2.5,235.0,0.0,-99.8,-99.8,-99.8,-99.8,-99.8,-99.8,-99.8
2025-06-02 21:00:00,938.3,25.0,90.0,1.0,269.0,3.0,89.0,0.0,-99.8,-99.8,-99.8,-99.8,-99.8,-99.8,-99.8
2025-06-02 22:00:00,938.9,25.4,86.0,0.3,235.0,1.8,131.0,0.0,-99.8,-99.8,-99.8,-99.8,-99.8,-99.8,-99.8
2025-06-02 23:00:00,938.9,25.4,86.0,0.8,280.0,2.4,98.0,0.0,-99.8,-99.8,-99.8,-99.8,-99.8,-99.8,-99.8
2025-06-03 00:00:00,938.7,24.6,90.0,1.4,216.0,2.2,270.0,0.0,-99.8,-99.8,-99.8,-99.8,-99.8,-99.8,-99.8
2025-06-03 01:00:00,937.7,24.7,86.0,1.9,243.0,2.6,194.0,0.0,-99.8,-99.8,-99.8,-99.8,-99.8,-99.8,-99.8
2025-06-03 02:00:00,937.4,24.1,87.0,1.7,234.0,3.3,279.0,0.0,-99.8,-99.8,-99.8,-99.8,-99.8,-99.8,-99.8
2025-06-03 03:00:00,937.4,24.2,85.0,2.0,259.0,3.5,246.0,0.0,-99.8,-99.8,-99.8,-99.8,-99.8,-99.8,-99.8
2025-06-03 04:00:00,937.4,24.2,83.0,1.9,273.0,4.4,294.0,0.0,-99.8,-99.8,-99.8,-99.8,-99.8,-99.8,-99.8
2025-06-03 05:00:00,938.0,23.9,82.0,1.7,256.0,3.2,271.0,0.0,-99.8,-99.8,-99.8,-99.8,-99.8,-99.8,-99.8
2025-06-03 06:00:00,938.8,24.1,81.0,2.2,257.0,3.5,275.0,0.0,-99.8,-99.8,-99.8,-99.8,-99.8,-99.8,-99.8
2025-06-03 07:00:00,939.4,25.0,78.0,1.6,265.0,3.8,262.0,0.0,-99.8,-99.8,-99.8,-99.8,-99.8,-99.8,-99.8
2025-06-03 08:00:00,939.9,27.7,76.0,0.6,60.0,2.5,70.0,0.0,-99.8,-99.8,-99.8,-99.8,-99.8,-99.8,-99.8
2025-06-03 09:00:00,940.3,27.2,81.0,0.7,68.0,2.5,12.0,0.0,-99.8,-99.8,-99.8,-99.8,-99.8,-99.8,-99.8
2025-06-03 10:00:00,940.4,26.3,88.0,0.3,66.0,2.4,92.0,0.0,-99.8,-99.8,-99.8,-99.8,-99.8,-99.8,-99.8
2025-06-03 11:00:00,940.6,25.9,92.0,0.6,188.0,1.5,49.0,0.0,-99.8,-99.8,-99.8,-99.8,-99.8,-99.8,-99.8
2025-06-03 12:00:00,939.9,26.5,90.0,0.5,78.0,1.5,100.0,0.0,-99.8,-99.8,-99.8,-99.8,-99.8,-99.8,-99.8
2025-06-03 13:00:00,939.4,27.4,83.0,0.1,0.0,1.3,65.0,0.0,-99.8,-99.8,-99.8,-99.8,-99.8,-99.8,-99.8
2025-06-03 14:00:00,939.5,24.6,93.0,1.2,100.0,3.7,102.0,0.0,-99.8,-99.8,-99.8,-99.8,-99.8,-99.8,-99.8
2025-06-03 15:00:00,939.0,23.5,98.0,0.0,0.0,3.3,85.0,0.5,-99.8,-99.8,-99.8,-99.8,-99.8,-99.8,-99.8
2025-06-03 16:00:00,939.1,23.1,98.0,0.7,98.0,1.3,94.0,0.0,-99.8,-99.8,-99.8,-99.8,-99.8,-99.8,-99.8
2025-06-03 17:00:00,939.7,22.3,99.0,0.1,0.0,2.8,94.0,0.0,-99.8,-99.8,-99.8,-99.8,-99.8,-99.8,-99.8
2025-06-03 18:00:00,940.1,21.6,100.0,0.1,0.0,2.1,91.0,0.0,-99.8,-99.8,-99.8,-99.8,-99.8,-99.8,-99.8
2025-06-03 19:00:00,940.5,21.2,100.0,0.0,0.0,3.1,70.0,0.0,-99.8,-99.8,-99.8,-99.8,-99.8,-99.8,-99.8
2025-06-03 20:00:00,941.3,21.0,100.0,0.2,0.0,2.3,87.0,0.0,-99.8,-99.8,-99.8,-99.8,-99.8,-99.8,-99.8
2025-06-03 21:00:00,941.8,20.7,100.0,0.0,0.0,1.8,313.0,0.5,-99.8,-99.8,-99.8,-99.8,-99.8,-99.8,-99.8
2025-06-03 22:00:00,942.4,20.8,100.0,0.2,0.0,1.8,232.0,0.0,-99.8,-99.8,-99.8,-99.8,-99.8,-99.8,-99.8
2025-06-03 23:00:00,942.5,20.7,100.0,0.0,0.0,2.0,116.0,0.0,-99.8,-99.8,-99.8,-99.8,-99.8,-99.8,-99.8
2025-06-04 00:00:00,942.1,20.7,100.0,0.0,0.0,1.3,64.0,0.0,-99.8,-99.8,-99.8,-99.8,-99.8,-99.8,-99.8
2025-06-04 01:00:00,941.5,20.8,100.0,1.0,103.0,2.2,129.0,0.5,-99.8,-99.8,-99.8,-99.8,-99.8,-99.8,-99.8
2025-06-04 02:00:00,941.5,21.1,100.0,0.0,0.0,1.2,97.0,0.0,-99.8,-99.8,-99.8,-99.8,-99.8,-99.8,-99.8
2025-06-04 03:00:00,941.6,21.1,100.0,0.0,0.0,0.0,0.0,0.0,-99.8,-99.8,-99.8,-99.8,-99.8,-99.8,-99.8
2025-06-04 04:00:00,941.7,21.2,100.0,0.2,0.0,1.3,204.0,0.0,-99.8,-99.8,-99.8,-99.8,-99.8,-99.8,-99.8
2025-06-04 05:00:00,941.8,21.2,100.0,0.8,59.0,1.3,67.0,0.0,-99.8,-99.8,-99.8,-99.8,-99.8,-99.8,-99.8
2025-06-04 06:00:00,942.4,21.4,100.0,0.3,98.0,1.3,87.0,0.0,-99.8,-99.8,-99.8,-99.8,-99.8,-99.8,-99.8
2025-06-04 07:00:00,943.0,21.5,100.0,0.0,0.0,1.7,64.0,0.0,-99.8,-99.8,-99.8,-99.8,-99.8,-99.8,-99.8
2025-06-04 08:00:00,943.6,21.7,100.0,0.1,0.0,1.3,44.0,0.0,-99.8,-99.8,-99.8,-99.8,-99.8,-99.8,-99.8
2025-06-04 09:00:00,944.1,21.7,100.0,0.4,74.0,1.9,67.0,0.0,-99.8,-99.8,-99.8,-99.8,-99.8,-99.8,-99.8
2025-06-04 10:00:00,944.2,21.6,100.0,0.6,42.0,2.8,78.0,0.0,-99.8,-99.8,-99.8,-99.8,-99.8,-99.8,-99.8
2025-06-04 11:00:00,944.1,22.3,97.0,0.3,53.0,2.3,57.0,0.0,-99.8,-99.8,-99.8,-99.8,-99.8,-99.8,-99.8
2025-06-04 12:00:00,943.8,23.2,94.0,0.9,54.0,2.6,71.0,0.0,-99.8,-99.8,-99.8,-99.8,-99.8,-99.8,-99.8
2025-06-04 13:00:00,943.7,23.3,92.0,0.5,341.0,4.1,84.0,0.0,-99.8,-99.8,-99.8,-99.8,-99.8,-99.8,-99.8
2025-06-04 14:00:00,943.7,22.4,92.0,0.6,42.0,4.7,30.0,0.0,-99.8,-99.8,-99.8,-99.8,-99.8,-99.8,-99.8
2025-06-04 15:00:00,943.8,21.6,95.0,0.0,0.0,2.0,118.0,0.0,-99.8,-99.8,-99.8,-99.8,-99.8,-99.8,-99.8
2025-06-04 16:00:00,944.2,20.9,99.0,0.0,0.0,1.0,94.0,9.0,-99.8,-99.8,-99.8,-99.8,-99.8,-99.8,-99.8
2025-06-04 17:00:00,944.6,20.8,100.0,0.4,217.0,1.0,243.0,11.0,-99.8,-99.8,-99.8,-99.8,-99.8,-99.8,-99.8
2025-06-04 18:00:00,945.1,20.8,100.0,1.2,90.0,1.9,137.0,7.0,-99.8,-99.8,-99.8,-99.8,-99.8,-99.8,-99.8
2025-06-04 19:00:00,945.5,20.9,100.0,0.7,60.0,1.9,118.0,2.0,-99.8,-99.8,-99.8,-99.8,-99.8,-99.8,-99.8
2025-06-04 20:00:00,945.8,20.9,100.0,0.0,0.0,0.9,87.0,2.5,-99.8,-99.8,-99.8,-99.8,-99.8,-99.8,-99.8
2025-06-04 21:00:00,946.3,20.9,100.0,0.0,0.0,0.0,0.0,1.0,-99.8,-99.8,-99.8,-99.8,-99.8,-99.8,-99.8
2025-06-04 22:00:00,946.9,20.7,100.0,0.3,57.0,2.7,83.0,2.0,-99.8,-99.8,-99.8,-99.8,-99.8,-99.8,-99.8
2025-06-04 23:00:00,946.4,20.4,100.0,0.6,94.0,3.3,106.0,0.5,-99.8,-99.8,-99.8,-99.8,-99.8,-99.8,-99.8
2025-06-05 00:00:00,945.8,20.2,100.0,0.2,0.0,3.3,106.0,0.5,-99.8,-99.8,-99.8,-99.8,-99.8,-99.8,-99.8
2025-06-05 01:00:00,945.1,20.0,100.0,1.3,82.0,2.0,283.0,0.0,-99.8,-99.8,-99.8,-99.8,-99.8,-99.8,-99.8
2025-06-05 02:00:00,944.8,20.0,100.0,1.3,178.0,2.2,304.0,0.0,-99.8,-99.8,-99.8,-99.8,-99.8,-99.8,-99.8
2025-06-05 03:00:00,944.7,20.2,99.0,1.1,236.0,2.2,234.0,0.0,-99.8,-99.8,-99.8,-99.8,-99.8,-99.8,-99.8
2025-06-05 04:00:00,944.4,20.4,98.0,1.5,249.0,2.8,280.0,0.0,-99.8,-99.8,-99.8,-99.8,-99.8,-99.8,-99.8
2025-06-05 05:00:00,944.8,20.3,99.0,0.2,0.0,1.6,252.0,0.0,-99.8,-99.8,-99.8,-99.8,-99.8,-99.8,-99.8
2025-06-05 06:00:00,945.7,20.4,100.0,0.0,0.0,1.1,96.0,0.0,-99.8,-99.8,-99.8,-99.8,-99.8,-99.8,-99.8
2025-06-05 07:00:00,946.1,20.6,99.0,0.3,82.0,1.5,91.0,0.0,-99.8,-99.8,-99.8,-99.8,-99.8,-99.8,-99.8
2025-06-05 08:00:00,946.3,22.0,89.0,0.9,38.0,2.0,47.0,0.0,-99.8,-99.8,-99.8,-99.8,-99.8,-99.8,-99.8
2025-06-05 09:00:00,946.6,23.6,86.0,0.7,34.0,2.3,44.0,0.0,-99.8,-99.8,-99.8,-99.8,-99.8,-99.8,-99.8
2025-06-05 10:00:00,946.6,23.7,84.0,0.5,36.0,2.4,92.0,0.0,-99.8,-99.8,-99.8,-99.8,-99.8,-99.8,-99.8
2025-06-05 11:00:00,946.6,24.8,77.0,0.7,28.0,2.1,53.0,0.0,-99.8,-99.8,-99.8,-99.8,-99.8,-99.8,-99.8
2025-06-05 12:00:00,946.3,24.5,83.0,0.6,36.0,2.0,90.0,0.0,-99.8,-99.8,-99.8,-99.8,-99.8,-99.8,-99.8
2025-06-05 13:00:00,945.9,24.5,81.0,0.2,0.0,1.7,94.0,0.0,-99.8,-99.8,-99.8,-99.8,-99.8,-99.8,-99.8
2025-06-05 14:00:00,945.5,24.6,79.0,0.0,0.0,1.6,46.0,0.0,-99.8,-99.8,-99.8,-99.8,-99.8,-99.8,-99.8
2025-06-05 15:00:00,945.1,24.2,88.0,0.4,51.0,1.8,94.0,0.0,-99.8,-99.8,-99.8,-99.8,-99.8,-99.8,-99.8
2025-06-05 16:00:00,944.9,23.6,90.0,0.2,0.0,1.7,50.0,0.0,-99.8,-99.8,-99.8,-99.8,-99.8,-99.8,-99.8
2025-06-05 17:00:00,945.2,22.8,94.0,0.2,0.0,1.8,94.0,0.0,-99.8,-99.8,-99.8,-99.8,-99.8,-99.8,-99.8
2025-06-05 18:00:00,945.4,22.0,97.0,0.0,0.0,1.6,97.0,0.0,-99.8,-99.8,-99.8,-99.8,-99.8,-99.8,-99.8
2025-06-05 19:00:00,945.8,21.7,99.0,0.0,0.0,1.6,180.0,0.0,-99.8,-99.8,-99.8,-99.8,-99.8,-99.8,-99.8
2025-06-05 20:00:00,946.0,21.6,99.0,0.8,206.0,1.3,217.0,0.0,-99.8,-99.8,-99.8,-99.8,-99.8,-99.8,-99.8
2025-06-05 21:00:00,946.2,21.5,99.0,1.3,243.0,1.9,246.0,0.0,-99.8,-99.8,-99.8,-99.8,-99.8,-99.8,-99.8
2025-06-05 22:00:00,946.4,21.5,100.0,0.8,237.0,2.0,226.0,0.0,-99.8,-99.8,-99.8,-99.8,-99.8,-99.8,-99.8
2025-06-05 23:00:00,945.7,21.4,100.0,1.1,256.0,1.9,225.0,0.0,-99.8,-99.8,-99.8,-99.8,-99.8,-99.8,-99.8
2025-06-06 00:00:00,945.0,21.3,100.0,1.6,227.0,2.3,227.0,0.5,-99.8,-99.8,-99.8,-99.8,-99.8,-99.8,-99.8
2025-06-06 01:00:00,944.3,21.5,97.0,2.0,253.0,3.5,242.0,0.0,-99.8,-99.8,-99.8,-99.8,-99.8,-99.8,-99.8
2025-06-06 02:00:00,944.0,21.7,95.0,1.1,257.0,3.1,281.0,0.0,-99.8,-99.8,-99.8,-99.8,-99.8,-99.8,-99.8
2025-06-06 03:00:00,943.9,21.7,95.0,1.1,261.0,2.8,249.0,0.0,-99.8,-99.8,-99.8,-99.8,-99.8,-99.8,-99.8
2025-06-06 04:00:00,944.0,21.4,97.0,1.8,256.0,2.9,255.0,0.0,-99.8,-99.8,-99.8,-99.8,-99.8,-99.8,-99.8
2025-06-06 05:00:00,944.0,21.8,93.0,1.7,262.0,4.2,265.0,0.0,-99.8,-99.8,-99.8,-99.8,-99.8,-99.8,-99.8
2025-06-06 06:00:00,944.2,21.9,93.0,1.6,264.0,3.3,268.0,0.0,-99.8,-99.8,-99.8,-99.8,-99.8,-99.8,-99.8
2025-06-06 07:00:00,944.7,23.3,86.0,0.6,266.0,2.0,273.0,0.0,-99.8,-99.8,-99.8,-99.8,-99.8,-99.8,-99.8
2025-06-06 08:00:00,945.2,26.1,81.0,0.9,71.0,2.1,91.0,0.0,-99.8,-99.8,-99.8,-99.8,-99.8,-99.8,-99.8
2025-06-06 09:00:00,945.4,27.5,78.0,1.0,41.0,3.8,48.0,0.0,-99.8,-99.8,-99.8,-99.8,-99.8,-99.8,-99.8
2025-06-06 10:00:00,945.2,28.7,79.0,0.7,3.0,3.1,39.0,0.0,-99.8,-99.8,-99.8,-99.8,-99.8,-99.8,-99.8
2025-06-06 11:00:00,945.2,28.2,79.0,1.2,26.0,3.8,33.0,0.0,-99.8,-99.8,-99.8,-99.8,-99.8,-99.8,-99.8
2025-06-06 12:00:00,944.8,25.8,88.0,1.3,61.0,3.9,72.0,0.0,-99.8,-99.8,-99.8,-99.8,-99.8,-99.8,-99.8
2025-06-06 13:00:00,944.4,25.5,92.0,0.8,25.0,2.2,20.0,0.0,-99.8,-99.8,-99.8,-99.8,-99.8,-99.8,-99.8
2025-06-06 14:00:00,944.1,25.5,90.0,0.2,0.0,1.9,23.0,0.0,-99.8,-99.8,-99.8,-99.8,-99.8,-99.8,-99.8
2025-06-06 15:00:00,943.8,23.9,97.0,0.0,0.0,1.4,102.0,2.5,-99.8,-99.8,-99.8,-99.8,-99.8,-99.8,-99.8
2025-06-06 16:00:00,943.8,23.1,99.0,0.9,185.0,1.6,60.0,8.5,-99.8,-99.8,-99.8,-99.8,-99.8,-99.8,-99.8
2025-06-06 17:00:00,943.3,24.3,98.0,0.0,0.0,2.0,241.0,0.5,-99.8,-99.8,-99.8,-99.8,-99.8,-99.8,-99.8
2025-06-06 18:00:00,944.0,23.7,98.0,0.1,0.0,3.4,81.0,0.0,-99.8,-99.8,-99.8,-99.8,-99.8,-99.8,-99.8
2025-06-06 19:00:00,944.5,23.3,99.0,0.0,0.0,1.3,67.0,0.0,-99.8,-99.8,-99.8,-99.8,-99.8,-99.8,-99.8
2025-06-06 20:00:00,944.8,23.1,99.0,0.0,0.0,0.9,214.0,0.0,-99.8,-99.8,-99.8,-99.8,-99.8,-99.8,-99.8
2025-06-06 21:00:00,945.3,23.1,100.0,0.0,0.0,0.6,214.0,0.0,-99.8,-99.8,-99.8,-99.8,-99.8,-99.8,-99.8
2025-06-06 22:00:00,945.6,22.9,99.0,1.1,129.0,1.5,68.0,0.0,-99.8,-99.8,-99.8,-99.8,-99.8,-99.8,-99.8
2025-06-06 23:00:00,945.6,23.0,97.0,0.9,73.0,1.8,265.0,0.0,-99.8,-99.8,-99.8,-99.8,-99.8,-99.8,-99.8
2025-06-07 00:00:00,944.9,22.8,100.0,1.8,112.0,2.2,99.0,0.0,-99.8,-99.8,-99.8,-99.8,-99.8,-99.8,-99.8
2025-06-07 01:00:00,943.9,22.8,99.0,2.7,262.0,4.5,264.0,0.0,-99.8,-99.8,-99.8,-99.8,-99.8,-99.8,-99.8
2025-06-07 02:00:00,943.0,22.9,97.0,2.0,263.0,4.3,270.0,0.0,-99.8,-99.8,-99.8,-99.8,-99.8,-99.8,-99.8
2025-06-07 03:00:00,943.5,22.5,98.0,0.0,0.0,2.4,275.0,0.0,-99.8,-99.8,-99.8,-99.8,-99.8,-99.8,-99.8
2025-06-07 04:00:00,943.8,22.3,100.0,2.1,199.0,3.1,214.0,0.0,-99.8,-99.8,-99.8,-99.8,-99.8,-99.8,-99.8
2025-06-07 05:00:00,943.5,22.5,98.0,2.1,267.0,3.7,239.0,0.0,-99.8,-99.8,-99.8,-99.8,-99.8,-99.8,-99.8
2025-06-07 06:00:00,944.0,23.2,93.0,1.5,275.0,3.4,259.0,0.0,-99.8,-99.8,-99.8,-99.8,-99.8,-99.8,-99.8
2025-06-07 07:00:00,944.5,23.6,94.0,0.9,204.0,2.2,263.0,0.0,-99.8,-99.8,-99.8,-99.8,-99.8,-99.8,-99.8
2025-06-07 08:00:00,944.4,24.9,86.0,0.3,245.0,2.3,280.0,0.0,-99.8,-99.8,-99.8,-99.8,-99.8,-99.8,-99.8
2025-06-07 09:00:00,944.5,28.8,81.0,1.2,65.0,3.6,94.0,0.5,-99.8,-99.8,-99.8,-99.8,-99.8,-99.8,-99.8
2025-06-07 10:00:00,944.6,28.1,81.0,0.7,1.0,3.2,74.0,0.0,-99.8,-99.8,-99.8,-99.8,-99.8,-99.8,-99.8
2025-06-07 11:00:00,944.3,28.8,81.0,0.8,2.0,3.2,52.0,0.0,-99.8,-99.8,-99.8,-99.8,-99.8,-99.8,-99.8
2025-06-07 12:00:00,944.0,28.8,81.0,0.7,12.0,3.3,88.0,0.0,-99.8,-99.8,-99.8,-99.8,-99.8,-99.8,-99.8
2025-06-07 13:00:00,943.7,27.0,85.0,1.0,37.0,3.9,92.0,0.0,-99.8,-99.8,-99.8,-99.8,-99.8,-99.8,-99.8
2025-06-07 14:00:00,943.4,28.0,82.0,0.5,2.0,3.3,74.0,0.0,-99.8,-99.8,-99.8,-99.8,-99.8,-99.8,-99.8
2025-06-07 15:00:00,943.3,26.4,88.0,0.5,343.0,2.0,34.0,0.0,-99.8,-99.8,-99.8,-99.8,-99.8,-99.8,-99.8
2025-06-07 16:00:00,943.7,24.5,96.0,0.7,98.0,3.4,100.0,6.5,-99.8,-99.8,-99.8,-99.8,-99.8,-99.8,-99.8
2025-06-07 17:00:00,942.8,24.0,99.0,0.6,115.0,1.7,176.0,8.0,-99.8,-99.8,-99.8,-99.8,-99.8,-99.8,-99.8
2025-06-07 18:00:00,943.2,23.8,99.0,0.9,158.0,1.8,146.0,0.5,-99.8,-99.8,-99.8,-99.8,-99.8,-99.8,-99.8
2025-06-07 19:00:00,943.7,23.3,98.0,0.4,222.0,2.7,241.0,0.0,-99.8,-99.8,-99.8,-99.8,-99.8,-99.8,-99.8
2025-06-07 20:00:00,944.1,23.2,97.0,0.5,221.0,2.2,246.0,0.0,-99.8,-99.8,-99.8,-99.8,-99.8,-99.8,-99.8
2025-06-07 21:00:00,944.2,22.9,98.0,1.6,232.0,3.3,198.0,0.0,-99.8,-99.8,-99.8,-99.8,-99.8,-99.8,-99.8
2025-06-07 22:00:00,944.1,22.9,96.0,2.1,255.0,4.2,246.0,0.0,-99.8,-99.8,-99.8,-99.8,-99.8,-99.8,-99.8
2025-06-07 23:00:00,943.8,22.6,95.0,2.9,259.0,5.2,274.0,0.0,-99.8,-99.8,-99.8,-99.8,-99.8,-99.8,-99.8
2025-06-08 00:00:00,943.6,23.0,91.0,1.5,259.0,5.2,274.0,0.0,-99.8,-99.8,-99.8,-99.8,-99.8,-99.8,-99.8
2025-06-08 01:00:00,943.7,22.5,95.0,1.9,260.0,3.0,264.0,0.0,-99.8,-99.8,-99.8,-99.8,-99.8,-99.8,-99.8
2025-06-08 02:00:00,943.1,23.1,90.0,1.8,261.0,4.1,243.0,0.0,-99.8,-99.8,-99.8,-99.8,-99.8,-99.8,-99.8
2025-06-08 03:00:00,942.4,22.7,92.0,1.1,255.0,3.2,227.0,0.0,-99.8,-99.8,-99.8,-99.8,-99.8,-99.8,-99.8
2025-06-08 04:00:00,942.6,22.7,92.0,2.2,264.0,4.3,263.0,0.0,-99.8,-99.8,-99.8,-99.8,-99.8,-99.8,-99.8
2025-06-08 05:00:00,942.7,22.8,92.0,1.1,268.0,3.0,289.0,0.0,-99.8,-99.8,-99.8,-99.8,-99.8,-99.8,-99.8
2025-06-08 06:00:00,942.8,23.3,87.0,1.5,273.0,3.5,262.0,0.0,-99.8,-99.8,-99.8,-99.8,-99.8,-99.8,-99.8
2025-06-08 07:00:00,942.9,23.8,85.0,1.1,263.0,2.8,248.0,0.0,-99.8,-99.8,-99.8,-99.8,-99.8,-99.8,-99.8
2025-06-08 08:00:00,943.0,26.8,72.0,0.2,0.0,1.9,312.0,0.0,-99.8,-99.8,-99.8,-99.8,-99.8,-99.8,-99.8
2025-06-08 09:00:00,943.0,28.3,77.0,0.8,37.0,2.9,30.0,0.0,-99.8,-99.8,-99.8,-99.8,-99.8,-99.8,-99.8
2025-06-08 10:00:00,943.2,28.8,81.0,1.0,4.0,3.5,53.0,0.0,-99.8,-99.8,-99.8,-99.8,-99.8,-99.8,-99.8
2025-06-08 11:00:00,943.4,30.1,76.0,0.8,14.0,3.6,42.0,0.0,-99.8,-99.8,-99.8,-99.8,-99.8,-99.8,-99.8
2025-06-08 12:00:00,943.1,29.8,73.0,1.2,11.0,3.9,103.0,0.0,-99.8,-99.8,-99.8,-99.8,-99.8,-99.8,-99.8
2025-06-08 13:00:00,942.8,29.8,73.0,1.1,18.0,4.9,40.0,0.0,-99.8,-99.8,-99.8,-99.8,-99.8,-99.8,-99.8
2025-06-08 14:00:00,942.5,27.8,80.0,0.7,316.0,4.5,66.0,0.0,-99.8,-99.8,-99.8,-99.8,-99.8,-99.8,-99.8
2025-06-08 15:00:00,942.0,26.6,88.0,0.1,0.0,3.1,21.0,0.0,-99.8,-99.8,-99.8,-99.8,-99.8,-99.8,-99.8
2025-06-08 16:00:00,941.8,26.4,88.0,0.5,55.0,2.0,55.0,0.0,-99.8,-99.8,-99.8,-99.8,-99.8,-99.8,-99.8
2025-06-08 17:00:00,941.9,25.8,91.0,0.2,0.0,2.1,53.0,0.0,-99.8,-99.8,-99.8,-99.8,-99.8,-99.8,-99.8
2025-06-08 18:00:00,942.3,24.6,98.0,0.1,0.0,1.0,90.0,3.0,-99.8,-99.8,-99.8,-99.8,-99.8,-99.8,-99.8
2025-06-08 19:00:00,942.9,24.2,99.0,0.7,62.0,1.8,209.0,2.0,-99.8,-99.8,-99.8,-99.8,-99.8,-99.8,-99.8
2025-06-08 20:00:00,943.5,24.0,99.0,0.1,0.0,1.8,138.0,0.5,-99.8,-99.8,-99.8,-99.8,-99.8,-99.8,-99.8
2025-06-08 21:00:00,943.8,23.9,99.0,0.0,0.0,1.0,152.0,0.0,-99.8,-99.8,-99.8,-99.8,-99.8,-99.8,-99.8
2025-06-08 22:00:00,943.9,23.8,99.0,0.1,0.0,1.5,191.0,0.0,-99.8,-99.8,-99.8,-99.8,-99.8,-99.8,-99.8
2025-06-08 23:00:00,944.5,23.8,99.0,0.0,0.0,1.5,66.0,0.0,-99.8,-99.8,-99.8,-99.8,-99.8,-99.8,-99.8
2025-06-09 00:00:00,943.8,23.5,100.0,1.0,77.0,2.5,70.0,1.5,-99.8,-99.8,-99.8,-99.8,-99.8,-99.8,-99.8
2025-06-09 01:00:00,943.0,23.3,100.0,0.0,0.0,2.1,59.0,0.0,-99.8,-99.8,-99.8,-99.8,-99.8,-99.8,-99.8
2025-06-09 02:00:00,942.6,22.9,100.0,0.9,176.0,1.9,96.0,0.0,-99.8,-99.8,-99.8,-99.8,-99.8,-99.8,-99.8
2025-06-09 03:00:00,942.3,22.4,99.0,0.2,0.0,3.1,49.0,0.0,-99.8,-99.8,-99.8,-99.8,-99.8,-99.8,-99.8
2025-06-09 04:00:00,942.2,22.0,99.0,2.0,193.0,3.4,218.0,0.0,-99.8,-99.8,-99.8,-99.8,-99.8,-99.8,-99.8
2025-06-09 05:00:00,942.4,22.1,96.0,1.7,242.0,3.4,270.0,0.0,-99.8,-99.8,-99.8,-99.8,-99.8,-99.8,-99.8
2025-06-09 06:00:00,942.7,22.3,94.0,2.4,255.0,3.5,255.0,0.0,-99.8,-99.8,-99.8,-99.8,-99.8,-99.8,-99.8
2025-06-09 07:00:00,942.7,22.8,92.0,1.9,256.0,2.8,262.0,0.0,-99.8,-99.8,-99.8,-99.8,-99.8,-99.8,-99.8
2025-06-09 08:00:00,942.5,25.8,77.0,0.5,256.0,3.4,273.0,0.0,-99.8,-99.8,-99.8,-99.8,-99.8,-99.8,-99.8
2025-06-09 09:00:00,942.6,27.6,79.0,1.3,46.0,2.9,30.0,0.0,-99.8,-99.8,-99.8,-99.8,-99.8,-99.8,-99.8
2025-06-09 10:00:00,942.4,28.7,81.0,0.8,19.0,3.5,22.0,0.0,-99.8,-99.8,-99.8,-99.8,-99.8,-99.8,-99.8
2025-06-09 11:00:00,942.5,29.9,77.0,0.8,25.0,3.2,110.0,0.0,-99.8,-99.8,-99.8,-99.8,-99.8,-99.8,-99.8
2025-06-09 12:00:00,942.3,29.6,77.0,0.8,358.0,4.0,103.0,0.0,-99.8,-99.8,-99.8,-99.8,-99.8,-99.8,-99.8
2025-06-09 13:00:00,941.9,30.4,75.0,0.8,332.0,3.6,105.0,0.0,-99.8,-99.8,-99.8,-99.8,-99.8,-99.8,-99.8
2025-06-09 14:00:00,941.8,29.1,79.0,1.0,3.0,3.6,352.0,0.0,-99.8,-99.8,-99.8,-99.8,-99.8,-99.8,-99.8
2025-06-09 15:00:00,941.7,25.5,91.0,1.1,99.0,5.1,115.0,0.0,-99.8,-99.8,-99.8,-99.8,-99.8,-99.8,-99.8
2025-06-09 16:00:00,941.4,25.2,92.0,0.1,0.0,4.7,141.0,0.0,-99.8,-99.8,-99.8,-99.8,-99.8,-99.8,-99.8
2025-06-09 17:00:00,941.5,25.1,94.0,0.0,0.0,1.7,101.0,0.0,-99.8,-99.8,-99.8,-99.8,-99.8,-99.8,-99.8
2025-06-09 18:00:00,941.8,24.8,96.0,0.0,0.0,1.3,106.0,0.0,-99.8,-99.8,-99.8,-99.8,-99.8,-99.8,-99.8
2025-06-09 19:00:00,942.3,24.4,98.0,0.0,0.0,1.7,88.0,0.0,-99.8,-99.8,-99.8,-99.8,-99.8,-99.8,-99.8
2025-06-09 20:00:00,943.0,24.1,98.0,0.0,0.0,1.1,110.0,0.0,-99.8,-99.8,-99.8,-99.8,-99.8,-99.8,-99.8
2025-06-09 21:00:00,943.4,23.8,98.0,0.2,0.0,0.9,206.0,0.0,-99.8,-99.8,-99.8,-99.8,-99.8,-99.8,-99.8
2025-06-09 22:00:00,944.0,23.8,97.0,0.0,0.0,1.1,74.0,0.0,-99.8,-99.8,-99.8,-99.8,-99.8,-99.8,-99.8
2025-06-09 23:00:00,943.6,23.4,95.0,1.2,187.0,1.8,239.0,0.0,-99.8,-99.8,-99.8,-99.8,-99.8,-99.8,-99.8
2025-06-10 00:00:00,943.1,23.4,94.0,1.5,147.0,2.1,47.0,0.0,-99.8,-99.8,-99.8,-99.8,-99.8,-99.8,-99.8
2025-06-10 01:00:00,942.6,23.0,93.0,1.3,251.0,3.3,255.0,0.0,-99.8,-99.8,-99.8,-99.8,-99.8,-99.8,-99.8
2025-06-10 02:00:00,942.4,23.0,88.0,1.7,266.0,3.5,276.0,0.0,-99.8,-99.8,-99.8,-99.8,-99.8,-99.8,-99.8
2025-06-10 03:00:00,942.4,22.3,89.0,2.0,259.0,3.4,278.0,0.0,-99.8,-99.8,-99.8,-99.8,-99.8,-99.8,-99.8
2025-06-10 04:00:00,942.2,22.4,85.0,1.5,256.0,4.3,279.0,0.0,-99.8,-99.8,-99.8,-99.8,-99.8,-99.8,-99.8
2025-06-10 05:00:00,942.4,22.0,86.0,2.1,253.0,3.6,252.0,0.0,-99.8,-99.8,-99.8,-99.8,-99.8,-99.8,-99.8
2025-06-10 06:00:00,942.7,22.1,85.0,1.5,264.0,4.0,287.0,0.0,-99.8,-99.8,-99.8,-99.8,-99.8,-99.8,-99.8
2025-06-10 07:00:00,942.8,23.2,79.0,1.6,260.0,2.7,271.0,0.0,-99.8,-99.8,-99.8,-99.8,-99.8,-99.8,-99.8
2025-06-10 08:00:00,942.8,24.4,75.0,1.1,262.0,3.1,264.0,0.0,-99.8,-99.8,-99.8,-99.8,-99.8,-99.8,-99.8
2025-06-10 09:00:00,942.8,27.9,73.0,0.7,46.0,1.9,237.0,0.0,-99.8,-99.8,-99.8,-99.8,-99.8,-99.8,-99.8
2025-06-10 10:00:00,942.9,29.2,75.0,1.1,54.0,3.4,72.0,0.0,-99.8,-99.8,-99.8,-99.8,-99.8,-99.8,-99.8
2025-06-10 11:00:00,942.7,30.4,69.0,1.0,30.0,5.3,108.0,0.0,-99.8,-99.8,-99.8,-99.8,-99.8,-99.8,-99.8
2025-06-10 12:00:00,942.3,30.3,73.0,1.3,28.0,4.7,97.0,0.0,-99.8,-99.8,-99.8,-99.8,-99.8,-99.8,-99.8
2025-06-10 13:00:00,941.9,30.1,72.0,1.9,65.0,4.7,50.0,0.0,-99.8,-99.8,-99.8,-99.8,-99.8,-99.8,-99.8
2025-06-10 14:00:00,941.5,30.1,73.0,0.8,2.0,5.5,83.0,0.0,-99.8,-99.8,-99.8,-99.8,-99.8,-99.8,-99.8
2025-06-10 15:00:00,941.6,28.8,78.0,0.8,22.0,5.9,102.0,0.0,-99.8,-99.8,-99.8,-99.8,-99.8,-99.8,-99.8
2025-06-10 16:00:00,941.6,27.1,84.0,0.5,304.0,5.0,103.0,0.0,-99.8,-99.8,-99.8,-99.8,-99.8,-99.8,-99.8
2025-06-10 17:00:00,941.8,25.5,90.0,0.6,136.0,3.1,59.0,0.0,-99.8,-99.8,-99.8,-99.8,-99.8,-99.8,-99.8
2025-06-10 18:00:00,942.2,25.1,92.0,0.3,122.0,2.4,98.0,0.0,-99.8,-99.8,-99.8,-99.8,-99.8,-99.8,-99.8
2025-06-10 19:00:00,942.6,25.0,94.0,0.2,0.0,2.3,43.0,0.0,-99.8,-99.8,-99.8,-99.8,-99.8,-99.8,-99.8
2025-06-10 20:00:00,943.2,24.7,93.0,0.4,188.0,1.8,206.0,0.0,-99.8,-99.8,-99.8,-99.8,-99.8,-99.8,-99.8
2025-06-10 21:00:00,944.0,24.7,94.0,0.1,0.0,1.6,78.0,0.0,-99.8,-99.8,-99.8,-99.8,-99.8,-99.8,-99.8
2025-06-10 22:00:00,944.3,24.2,96.0,0.6,218.0,1.4,218.0,0.0,-99.8,-99.8,-99.8,-99.8,-99.8,-99.8,-99.8
2025-06-10 23:00:00,944.0,23.9,96.0,1.0,70.0,2.2,57.0,0.0,-99.8,-99.8,-99.8,-99.8,-99.8,-99.8,-99.8
2025-06-11 00:00:00,943.6,24.0,94.0,0.4,325.0,1.8,51.0,0.0,-99.8,-99.8,-99.8,-99.8,-99.8,-99.8,-99.8
2025-06-11 01:00:00,943.0,24.0,91.0,0.2,0.0,1.8,91.0,0.0,-99.8,-99.8,-99.8,-99.8,-99.8,-99.8,-99.8
2025-06-11 02:00:00,942.4,23.5,93.0,1.6,102.0,2.7,105.0,0.0,-99.8,-99.8,-99.8,-99.8,-99.8,-99.8,-99.8
2025-06-11 03:00:00,942.6,23.2,93.0,1.2,214.0,3.1,249.0,0.0,-99.8,-99.8,-99.8,-99.8,-99.8,-99.8,-99.8
2025-06-11 04:00:00,942.7,23.3,93.0,1.2,228.0,1.8,252.0,0.0,-99.8,-99.8,-99.8,-99.8,-99.8,-99.8,-99.8
2025-06-11 05:00:00,943.0,23.2,92.0,1.0,239.0,3.7,245.0,0.0,-99.8,-99.8,-99.8,-99.8,-99.8,-99.8,-99.8
2025-06-11 06:00:00,943.2,23.3,88.0,2.2,280.0,5.0,287.0,0.0,-99.8,-99.8,-99.8,-99.8,-99.8,-99.8,-99.8
2025-06-11 07:00:00,943.9,26.1,78.0,0.1,0.0,3.4,260.0,0.0,-99.8,-99.8,-99.8,-99.8,-99.8,-99.8,-99.8
2025-06-11 08:00:00,944.3,27.5,80.0,0.7,33.0,3.6,25.0,0.0,-99.8,-99.8,-99.8,-99.8,-99.8,-99.8,-99.8
2025-06-11 09:00:00,944.6,29.4,71.0,1.8,50.0,4.1,103.0,0.0,-99.8,-99.8,-99.8,-99.8,-99.8,-99.8,-99.8
2025-06-11 10:00:00,944.1,29.7,66.0,1.6,45.0,5.5,82.0,0.0,-99.8,-99.8,-99.8,-99.8,-99.8,-99.8,-99.8
2025-06-11 11:00:00,943.7,30.0,69.0,2.1,55.0,7.0,93.0,0.0,-99.8,-99.8,-99.8,-99.8,-99.8,-99.8,-99.8
2025-06-11 12:00:00,943.2,29.8,69.0,1.9,93.0,7.4,90.0,0.0,-99.8,-99.8,-99.8,-99.8,-99.8,-99.8,-99.8
2025-06-11 13:00:00,942.3,30.9,68.0,1.0,38.0,4.5,80.0,0.0,-99.8,-99.8,-99.8,-99.8,-99.8,-99.8,-99.8
2025-06-11 14:00:00,942.3,29.6,70.0,1.3,18.0,6.6,30.0,0.0,-99.8,-99.8,-99.8,-99.8,-99.8,-99.8,-99.8
2025-06-11 15:00:00,942.2,29.8,71.0,0.5,63.0,6.1,67.0,0.0,-99.8,-99.8,-99.8,-99.8,-99.8,-99.8,-99.8
2025-06-11 16:00:00,942.5,27.8,78.0,1.3,100.0,7.3,92.0,0.0,-99.8,-99.8,-99.8,-99.8,-99.8,-99.8,-99.8
2025-06-11 17:00:00,942.8,25.0,94.0,0.8,107.0,6.0,86.0,0.0,-99.8,-99.8,-99.8,-99.8,-99.8,-99.8,-99.8
2025-06-11 18:00:00,942.8,24.3,98.0,1.2,113.0,5.3,82.0,0.5,-99.8,-99.8,-99.8,-99.8,-99.8,-99.8,-99.8
2025-06-11 19:00:00,943.8,23.7,95.0,0.9,147.0,4.8,76.0,0.5,-99.8,-99.8,-99.8,-99.8,-99.8,-99.8,-99.8
2025-06-11 20:00:00,944.5,24.1,87.0,0.4,170.0,4.4,168.0,0.0,-99.8,-99.8,-99.8,-99.8,-99.8,-99.8,-99.8
2025-06-11 21:00:00,944.8,24.1,86.0,0.7,151.0,3.3,92.0,0.0,-99.8,-99.8,-99.8,-99.8,-99.8,-99.8,-99.8
2025-06-11 22:00:00,945.1,23.3,88.0,1.1,258.0,2.6,80.0,0.0,-99.8,-99.8,-99.8,-99.8,-99.8,-99.8,-99.8
2025-06-11 23:00:00,945.4,23.1,91.0,0.1,0.0,3.3,248.0,0.0,-99.8,-99.8,-99.8,-99.8,-99.8,-99.8,-99.8
2025-06-12 00:00:00,945.1,22.6,94.0,1.1,200.0,1.6,188.0,0.0,-99.8,-99.8,-99.8,-99.8,-99.8,-99.8,-99.8
2025-06-12 01:00:00,944.3,22.3,95.0,1.6,180.0,2.7,217.0,0.0,-99.8,-99.8,-99.8,-99.8,-99.8,-99.8,-99.8
2025-06-12 02:00:00,944.8,22.7,91.0,0.4,236.0,1.9,238.0,0.0,-99.8,-99.8,-99.8,-99.8,-99.8,-99.8,-99.8
2025-06-12 03:00:00,945.2,22.8,91.0,0.5,229.0,1.7,233.0,0.0,-99.8,-99.8,-99.8,-99.8,-99.8,-99.8,-99.8
2025-06-12 04:00:00,944.9,21.8,100.0,2.1,257.0,4.8,234.0,4.5,-99.8,-99.8,-99.8,-99.8,-99.8,-99.8,-99.8
2025-06-12 05:00:00,944.2,21.7,97.0,1.2,271.0,4.7,249.0,1.0,-99.8,-99.8,-99.8,-99.8,-99.8,-99.8,-99.8
2025-06-12 06:00:00,944.7,21.8,97.0,0.6,278.0,2.9,260.0,0.0,-99.8,-99.8,-99.8,-99.8,-99.8,-99.8,-99.8
2025-06-12 07:00:00,945.8,21.8,97.0,0.1,0.0,3.0,252.0,2.0,-99.8,-99.8,-99.8,-99.8,-99.8,-99.8,-99.8
2025-06-12 08:00:00,946.6,21.5,99.0,0.0,0.0,2.7,263.0,7.0,-99.8,-99.8,-99.8,-99.8,-99.8,-99.8,-99.8
2025-06-12 09:00:00,945.6,21.2,100.0,2.3,261.0,4.4,248.0,4.5,-99.8,-99.8,-99.8,-99.8,-99.8,-99.8,-99.8
2025-06-12 10:00:00,945.8,21.3,100.0,1.7,268.0,3.5,272.0,4.0,-99.8,-99.8,-99.8,-99.8,-99.8,-99.8,-99.8
2025-06-12 11:00:00,945.3,21.3,100.0,2.4,263.0,4.1,258.0,9.0,-99.8,-99.8,-99.8,-99.8,-99.8,-99.8,-99.8
2025-06-12 12:00:00,944.9,21.3,100.0,0.5,257.0,4.2,252.0,7.5,-99.8,-99.8,-99.8,-99.8,-99.8,-99.8,-99.8
2025-06-12 13:00:00,944.0,21.5,100.0,1.4,253.0,2.8,272.0,3.5,-99.8,-99.8,-99.8,-99.8,-99.8,-99.8,-99.8
2025-06-12 14:00:00,943.5,21.7,100.0,1.3,264.0,3.1,246.0,3.5,-99.8,-99.8,-99.8,-99.8,-99.8,-99.8,-99.8
2025-06-12 15:00:00,943.2,22.0,100.0,1.0,219.0,1.7,198.0,8.0,-99.8,-99.8,-99.8,-99.8,-99.8,-99.8,-99.8
2025-06-12 16:00:00,942.4,22.1,100.0,1.1,188.0,2.2,166.0,1.0,-99.8,-99.8,-99.8,-99.8,-99.8,-99.8,-99.8
2025-06-12 17:00:00,942.1,22.9,98.0,0.0,0.0,2.0,239.0,0.5,-99.8,-99.8,-99.8,-99.8,-99.8,-99.8,-99.8
2025-06-12 18:00:00,942.0,22.6,99.0,0.0,0.0,1.5,277.0,1.0,-99.8,-99.8,-99.8,-99.8,-99.8,-99.8,-99.8
2025-06-12 19:00:00,941.7,22.3,100.0,1.5,210.0,3.3,275.0,0.0,-99.8,-99.8,-99.8,-99.8,-99.8,-99.8,-99.8
2025-06-12 20:00:00,942.2,22.3,100.0,0.3,213.0,1.6,105.0,6.0,-99.8,-99.8,-99.8,-99.8,-99.8,-99.8,-99.8
2025-06-12 21:00:00,942.5,22.2,100.0,0.5,307.0,3.0,172.0,4.5,-99.8,-99.8,-99.8,-99.8,-99.8,-99.8,-99.8
2025-06-12 22:00:00,943.1,22.0,100.0,0.9,225.0,2.6,271.0,24.5,-99.8,-99.8,-99.8,-99.8,-99.8,-99.8,-99.8
2025-06-12 23:00:00,942.4,21.7,100.0,2.2,209.0,4.1,215.0,12.5,-99.8,-99.8,-99.8,-99.8,-99.8,-99.8,-99.8
2025-06-13 00:00:00,942.0,21.6,100.0,1.1,252.0,4.1,215.0,11.5,-99.8,-99.8,-99.8,-99.8,-99.8,-99.8,-99.8
2025-06-13 01:00:00,941.5,21.9,100.0,0.6,217.0,3.8,164.0,14.5,-99.8,-99.8,-99.8,-99.8,-99.8,-99.8,-99.8
2025-06-13 02:00:00,941.9,21.8,100.0,0.7,171.0,2.7,166.0,3.0,-99.8,-99.8,-99.8,-99.8,-99.8,-99.8,-99.8
2025-06-13 03:00:00,941.9,21.7,100.0,0.5,117.0,2.9,65.0,0.0,-99.8,-99.8,-99.8,-99.8,-99.8,-99.8,-99.8
2025-06-13 04:00:00,941.7,21.6,100.0,2.0,201.0,3.1,249.0,0.0,-99.8,-99.8,-99.8,-99.8,-99.8,-99.8,-99.8
2025-06-13 05:00:00,941.9,22.0,98.0,1.2,254.0,3.5,200.0,0.0,-99.8,-99.8,-99.8,-99.8,-99.8,-99.8,-99.8
2025-06-13 06:00:00,942.2,21.9,99.0,0.9,217.0,1.9,286.0,0.0,-99.8,-99.8,-99.8,-99.8,-99.8,-99.8,-99.8
2025-06-13 07:00:00,942.8,22.3,98.0,0.3,242.0,1.0,203.0,0.0,-99.8,-99.8,-99.8,-99.8,-99.8,-99.8,-99.8
2025-06-13 08:00:00,943.2,22.7,96.0,0.9,196.0,2.1,238.0,0.0,-99.8,-99.8,-99.8,-99.8,-99.8,-99.8,-99.8
2025-06-13 09:00:00,943.2,23.2,94.0,1.4,197.0,2.3,251.0,0.0,-99.8,-99.8,-99.8,-99.8,-99.8,-99.8,-99.8
2025-06-13 10:00:00,943.9,23.2,95.0,0.2,0.0,2.5,273.0,0.5,-99.8,-99.8,-99.8,-99.8,-99.8,-99.8,-99.8
2025-06-13 11:00:00,944.5,23.1,98.0,0.2,0.0,2.1,86.0,0.5,-99.8,-99.8,-99.8,-99.8,-99.8,-99.8,-99.8
2025-06-13 12:00:00,944.3,23.6,96.0,0.0,0.0,0.7,254.0,0.5,-99.8,-99.8,-99.8,-99.8,-99.8,-99.8,-99.8
2025-06-13 13:00:00,943.8,24.6,95.0,0.9,64.0,2.2,94.0,0.0,-99.8,-99.8,-99.8,-99.8,-99.8,-99.8,-99.8
2025-06-13 14:00:00,943.5,23.7,95.0,0.3,56.0,2.5,99.0,0.0,-99.8,-99.8,-99.8,-99.8,-99.8,-99.8,-99.8
2025-06-13 15:00:00,942.9,23.6,95.0,1.0,88.0,1.8,102.0,0.0,-99.8,-99.8,-99.8,-99.8,-99.8,-99.8,-99.8
2025-06-13 16:00:00,942.5,24.3,95.0,0.3,39.0,1.7,92.0,0.0,-99.8,-99.8,-99.8,-99.8,-99.8,-99.8,-99.8
2025-06-13 17:00:00,943.1,23.4,94.0,0.9,112.0,2.9,106.0,0.0,-99.8,-99.8,-99.8,-99.8,-99.8,-99.8,-99.8
2025-06-13 18:00:00,943.0,22.9,99.0,0.0,0.0,2.0,77.0,0.0,-99.8,-99.8,-99.8,-99.8,-99.8,-99.8,-99.8
2025-06-13 19:00:00,944.0,22.6,98.0,0.4,185.0,1.6,181.0,0.0,-99.8,-99.8,-99.8,-99.8,-99.8,-99.8,-99.8
2025-06-13 20:00:00,944.4,22.5,99.0,0.3,216.0,1.0,104.0,0.0,-99.8,-99.8,-99.8,-99.8,-99.8,-99.8,-99.8
2025-06-13 21:00:00,944.7,22.5,97.0,1.2,97.0,2.7,71.0,0.0,-99.8,-99.8,-99.8,-99.8,-99.8,-99.8,-99.8
2025-06-13 22:00:00,944.8,22.6,97.0,2.3,245.0,4.0,240.0,0.0,-99.8,-99.8,-99.8,-99.8,-99.8,-99.8,-99.8
2025-06-13 23:00:00,944.7,23.1,93.0,1.3,270.0,3.5,243.0,0.0,-99.8,-99.8,-99.8,-99.8,-99.8,-99.8,-99.8
2025-06-14 00:00:00,944.5,22.5,96.0,1.8,264.0,3.3,275.0,0.0,-99.8,-99.8,-99.8,-99.8,-99.8,-99.8,-99.8
2025-06-14 01:00:00,944.2,22.8,93.0,1.6,254.0,3.7,261.0,0.0,-99.8,-99.8,-99.8,-99.8,-99.8,-99.8,-99.8
2025-06-14 02:00:00,943.7,22.8,92.0,2.1,259.0,4.4,240.0,0.0,-99.8,-99.8,-99.8,-99.8,-99.8,-99.8,-99.8
2025-06-14 03:00:00,943.9,22.5,93.0,1.2,237.0,2.7,284.0,0.0,-99.8,-99.8,-99.8,-99.8,-99.8,-99.8,-99.8
2025-06-14 04:00:00,944.0,22.6,91.0,0.3,27.0,2.4,252.0,0.0,-99.8,-99.8,-99.8,-99.8,-99.8,-99.8,-99.8
2025-06-14 05:00:00,944.1,22.6,91.0,1.4,259.0,3.0,250.0,0.0,-99.8,-99.8,-99.8,-99.8,-99.8,-99.8,-99.8
2025-06-14 06:00:00,944.6,22.7,90.0,1.0,257.0,4.2,216.0,0.0,-99.8,-99.8,-99.8,-99.8,-99.8,-99.8,-99.8
2025-06-14 07:00:00,944.9,22.9,89.0,2.0,261.0,3.5,243.0,0.0,-99.8,-99.8,-99.8,-99.8,-99.8,-99.8,-99.8
2025-06-14 08:00:00,945.1,24.2,85.0,2.0,266.0,4.3,243.0,0.0,-99.8,-99.8,-99.8,-99.8,-99.8,-99.8,-99.8
2025-06-14 09:00:00,945.3,25.1,84.0,1.2,266.0,3.1,243.0,0.0,-99.8,-99.8,-99.8,-99.8,-99.8,-99.8,-99.8
2025-06-14 10:00:00,945.3,28.8,71.0,0.8,44.0,2.7,51.0,0.0,-99.8,-99.8,-99.8,-99.8,-99.8,-99.8,-99.8
2025-06-14 11:00:00,946.0,27.5,80.0,0.5,46.0,2.9,54.0,0.0,-99.8,-99.8,-99.8,-99.8,-99.8,-99.8,-99.8
2025-06-14 12:00:00,945.8,27.3,76.0,0.0,0.0,1.6,17.0,0.0,-99.8,-99.8,-99.8,-99.8,-99.8,-99.8,-99.8
2025-06-14 13:00:00,945.3,26.7,85.0,0.0,0.0,1.1,210.0,0.0,-99.8,-99.8,-99.8,-99.8,-99.8,-99.8,-99.8
2025-06-14 14:00:00,945.3,25.7,90.0,0.2,0.0,2.2,91.0,0.0,-99.8,-99.8,-99.8,-99.8,-99.8,-99.8,-99.8
2025-06-14 15:00:00,945.0,26.8,86.0,0.4,70.0,1.8,77.0,0.0,-99.8,-99.8,-99.8,-99.8,-99.8,-99.8,-99.8
2025-06-14 16:00:00,944.5,26.4,89.0,0.1,0.0,1.6,350.0,0.0,-99.8,-99.8,-99.8,-99.8,-99.8,-99.8,-99.8
2025-06-14 17:00:00,944.0,25.7,88.0,0.1,0.0,1.7,85.0,0.0,-99.8,-99.8,-99.8,-99.8,-99.8,-99.8,-99.8
2025-06-14 18:00:00,944.5,24.6,92.0,0.2,0.0,1.7,229.0,0.0,-99.8,-99.8,-99.8,-99.8,-99.8,-99.8,-99.8
2025-06-14 19:00:00,944.7,24.4,91.0,0.8,136.0,1.6,94.0,0.0,-99.8,-99.8,-99.8,-99.8,-99.8,-99.8,-99.8
2025-06-14 20:00:00,944.9,24.3,91.0,0.0,0.0,1.8,232.0,0.0,-99.8,-99.8,-99.8,-99.8,-99.8,-99.8,-99.8
2025-06-14 21:00:00,945.4,23.8,94.0,0.0,0.0,1.6,89.0,0.0,-99.8,-99.8,-99.8,-99.8,-99.8,-99.8,-99.8
2025-06-14 22:00:00,945.9,23.8,93.0,0.0,0.0,0.8,107.0,0.0,-99.8,-99.8,-99.8,-99.8,-99.8,-99.8,-99.8
2025-06-14 23:00:00,945.6,23.6,93.0,1.6,112.0,2.4,108.0,0.0,-99.8,-99.8,-99.8,-99.8,-99.8,-99.8,-99.8
2025-06-15 00:00:00,945.0,23.2,95.0,1.9,228.0,3.0,272.0,0.0,-99.8,-99.8,-99.8,-99.8,-99.8,-99.8,-99.8
2025-06-15 01:00:00,944.3,23.2,92.0,1.4,255.0,3.8,252.0,0.0,-99.8,-99.8,-99.8,-99.8,-99.8,-99.8,-99.8
2025-06-15 02:00:00,943.9,23.2,87.0,1.5,261.0,3.7,275.0,0.0,-99.8,-99.8,-99.8,-99.8,-99.8,-99.8,-99.8
2025-06-15 03:00:00,943.4,23.5,83.0,0.9,276.0,3.9,242.0,0.0,-99.8,-99.8,-99.8,-99.8,-99.8,-99.8,-99.8
2025-06-15 04:00:00,943.4,22.8,84.0,1.9,255.0,3.2,266.0,0.0,-99.8,-99.8,-99.8,-99.8,-99.8,-99.8,-99.8
2025-06-15 05:00:00,943.7,22.7,85.0,2.2,256.0,3.8,258.0,0.0,-99.8,-99.8,-99.8,-99.8,-99.8,-99.8,-99.8
2025-06-15 06:00:00,944.1,23.1,81.0,2.1,263.0,3.9,270.0,0.0,-99.8,-99.8,-99.8,-99.8,-99.8,-99.8,-99.8
2025-06-15 07:00:00,944.2,23.6,77.0,0.9,278.0,4.2,239.0,0.0,-99.8,-99.8,-99.8,-99.8,-99.8,-99.8,-99.8
2025-06-15 08:00:00,944.1,25.9,77.0,0.3,3.0,1.5,33.0,0.0,-99.8,-99.8,-99.8,-99.8,-99.8,-99.8,-99.8
2025-06-15 09:00:00,943.9,27.6,74.0,1.3,50.0,2.9,52.0,0.0,-99.8,-99.8,-99.8,-99.8,-99.8,-99.8,-99.8
2025-06-15 10:00:00,943.3,28.6,75.0,0.7,21.0,3.1,43.0,0.5,-99.8,-99.8,-99.8,-99.8,-99.8,-99.8,-99.8
2025-06-15 11:00:00,943.2,28.2,78.0,1.4,15.0,4.1,83.0,0.0,-99.8,-99.8,-99.8,-99.8,-99.8,-99.8,-99.8
2025-06-15 12:00:00,942.7,28.9,76.0,0.7,4.0,3.4,18.0,0.0,-99.8,-99.8,-99.8,-99.8,-99.8,-99.8,-99.8
2025-06-15 13:00:00,942.6,28.3,73.0,1.0,341.0,3.5,50.0,0.0,-99.8,-99.8,-99.8,-99.8,-99.8,-99.8,-99.8
2025-06-15 14:00:00,942.3,28.8,71.0,0.6,26.0,4.3,72.0,0.0,-99.8,-99.8,-99.8,-99.8,-99.8,-99.8,-99.8
2025-06-15 15:00:00,942.0,28.9,77.0,0.8,4.0,4.2,70.0,0.0,-99.8,-99.8,-99.8,-99.8,-99.8,-99.8,-99.8
2025-06-15 16:00:00,941.6,29.0,76.0,0.6,54.0,2.7,81.0,0.0,-99.8,-99.8,-99.8,-99.8,-99.8,-99.8,-99.8
2025-06-15 17:00:00,941.7,28.5,78.0,0.4,42.0,2.8,84.0,0.0,-99.8,-99.8,-99.8,-99.8,-99.8,-99.8,-99.8
2025-06-15 18:00:00,941.9,25.8,90.0,0.1,0.0,2.6,86.0,0.0,-99.8,-99.8,-99.8,-99.8,-99.8,-99.8,-99.8
2025-06-15 19:00:00,942.2,25.2,93.0,0.1,0.0,2.1,85.0,0.0,-99.8,-99.8,-99.8,-99.8,-99.8,-99.8,-99.8
2025-06-15 20:00:00,942.6,24.8,94.0,0.3,208.0,1.3,84.0,0.0,-99.8,-99.8,-99.8,-99.8,-99.8,-99.8,-99.8
2025-06-15 21:00:00,943.1,24.5,94.0,0.5,180.0,1.8,198.0,0.0,-99.8,-99.8,-99.8,-99.8,-99.8,-99.8,-99.8
2025-06-15 22:00:00,943.8,24.4,97.0,0.0,0.0,1.2,103.0,0.0,-99.8,-99.8,-99.8,-99.8,-99.8,-99.8,-99.8
2025-06-15 23:00:00,943.5,24.2,97.0,0.0,0.0,1.9,97.0,0.0,-99.8,-99.8,-99.8,-99.8,-99.8,-99.8,-99.8
2025-06-16 00:00:00,942.8,23.9,98.0,1.4,145.0,2.1,93.0,0.0,-99.8,-99.8,-99.8,-99.8,-99.8,-99.8,-99.8
2025-06-16 01:00:00,942.3,23.7,96.0,2.8,235.0,4.1,285.0,0.0,-99.8,-99.8,-99.8,-99.8,-99.8,-99.8,-99.8
2025-06-16 02:00:00,941.8,23.8,89.0,2.2,255.0,4.1,275.0,0.0,-99.8,-99.8,-99.8,-99.8,-99.8,-99.8,-99.8
2025-06-16 03:00:00,941.8,23.9,86.0,2.0,260.0,3.7,241.0,0.0,-99.8,-99.8,-99.8,-99.8,-99.8,-99.8,-99.8
2025-06-16 04:00:00,941.6,23.5,86.0,2.3,262.0,4.0,246.0,0.0,-99.8,-99.8,-99.8,-99.8,-99.8,-99.8,-99.8
2025-06-16 05:00:00,942.0,23.7,84.0,1.2,276.0,4.6,292.0,0.0,-99.8,-99.8,-99.8,-99.8,-99.8,-99.8,-99.8
2025-06-16 06:00:00,942.8,24.1,80.0,0.0,0.0,2.6,274.0,0.0,-99.8,-99.8,-99.8,-99.8,-99.8,-99.8,-99.8
2025-06-16 07:00:00,943.5,24.4,81.0,1.3,246.0,1.7,253.0,0.0,-99.8,-99.8,-99.8,-99.8,-99.8,-99.8,-99.8
2025-06-16 08:00:00,943.5,26.5,75.0,0.2,0.0,1.4,85.0,0.0,-99.8,-99.8,-99.8,-99.8,-99.8,-99.8,-99.8
2025-06-16 09:00:00,943.8,28.3,75.0,1.1,45.0,2.5,58.0,0.0,-99.8,-99.8,-99.8,-99.8,-99.8,-99.8,-99.8
2025-06-16 10:00:00,944.2,29.3,79.0,0.8,28.0,3.6,97.0,0.0,-99.8,-99.8,-99.8,-99.8,-99.8,-99.8,-99.8
2025-06-16 11:00:00,944.1,28.8,82.0,1.0,23.0,3.1,86.0,0.0,-99.8,-99.8,-99.8,-99.8,-99.8,-99.8,-99.8
2025-06-16 12:00:00,943.9,29.7,78.0,1.2,16.0,3.9,75.0,0.0,-99.8,-99.8,-99.8,-99.8,-99.8,-99.8,-99.8
2025-06-16 13:00:00,943.3,28.5,82.0,1.0,22.0,4.5,20.0,0.0,-99.8,-99.8,-99.8,-99.8,-99.8,-99.8,-99.8
2025-06-16 14:00:00,942.8,29.4,78.0,0.8,9.0,3.7,80.0,0.0,-99.8,-99.8,-99.8,-99.8,-99.8,-99.8,-99.8
2025-06-16 15:00:00,943.1,27.9,81.0,0.6,71.0,3.9,11.0,0.0,-99.8,-99.8,-99.8,-99.8,-99.8,-99.8,-99.8
2025-06-16 16:00:00,943.0,27.5,83.0,0.4,67.0,2.9,96.0,0.0,-99.8,-99.8,-99.8,-99.8,-99.8,-99.8,-99.8
2025-06-16 17:00:00,943.2,27.1,85.0,0.0,0.0,1.5,73.0,0.0,-99.8,-99.8,-99.8,-99.8,-99.8,-99.8,-99.8
2025-06-16 18:00:00,943.7,26.8,87.0,0.0,0.0,1.3,102.0,0.0,-99.8,-99.8,-99.8,-99.8,-99.8,-99.8,-99.8
2025-06-16 19:00:00,944.2,25.2,92.0,0.0,0.0,1.2,95.0,0.0,-99.8,-99.8,-99.8,-99.8,-99.8,-99.8,-99.8
2025-06-16 20:00:00,944.9,25.0,94.0,0.0,0.0,1.1,90.0,0.0,-99.8,-99.8,-99.8,-99.8,-99.8,-99.8,-99.8
2025-06-16 21:00:00,945.6,24.7,96.0,0.5,146.0,1.2,229.0,0.0,-99.8,-99.8,-99.8,-99.8,-99.8,-99.8,-99.8
2025-06-16 22:00:00,945.8,24.5,97.0,0.6,102.0,1.5,93.0,0.0,-99.8,-99.8,-99.8,-99.8,-99.8,-99.8,-99.8
2025-06-16 23:00:00,945.9,24.7,92.0,0.1,0.0,1.3,127.0,0.0,-99.8,-99.8,-99.8,-99.8,-99.8,-99.8,-99.8
2025-06-17 00:00:00,945.7,24.8,92.0,0.2,0.0,1.6,109.0,0.0,-99.8,-99.8,-99.8,-99.8,-99.8,-99.8,-99.8
2025-06-17 01:00:00,945.3,24.8,92.0,0.4,216.0,1.4,276.0,0.0,-99.8,-99.8,-99.8,-99.8,-99.8,-99.8,-99.8
2025-06-17 02:00:00,945.2,24.4,93.0,0.0,0.0,1.9,75.0,0.0,-99.8,-99.8,-99.8,-99.8,-99.8,-99.8,-99.8
2025-06-17 03:00:00,945.3,23.9,93.0,1.2,158.0,2.3,79.0,0.0,-99.8,-99.8,-99.8,-99.8,-99.8,-99.8,-99.8
2025-06-17 04:00:00,945.2,23.8,86.0,2.0,221.0,3.6,261.0,0.0,-99.8,-99.8,-99.8,-99.8,-99.8,-99.8,-99.8
2025-06-17 05:00:00,945.7,23.4,86.0,2.1,227.0,3.5,169.0,0.0,-99.8,-99.8,-99.8,-99.8,-99.8,-99.8,-99.8
2025-06-17 06:00:00,946.3,23.7,82.0,1.9,249.0,3.1,285.0,0.0,-99.8,-99.8,-99.8,-99.8,-99.8,-99.8,-99.8
2025-06-17 07:00:00,946.4,24.4,79.0,1.6,258.0,3.4,240.0,0.0,-99.8,-99.8,-99.8,-99.8,-99.8,-99.8,-99.8
2025-06-17 08:00:00,946.4,28.3,70.0,0.2,0.0,2.9,260.0,0.0,-99.8,-99.8,-99.8,-99.8,-99.8,-99.8,-99.8
2025-06-17 09:00:00,946.8,28.1,76.0,1.4,41.0,3.1,63.0,0.0,-99.8,-99.8,-99.8,-99.8,-99.8,-99.8,-99.8
2025-06-17 10:00:00,947.1,28.6,76.0,0.5,349.0,3.0,97.0,0.0,-99.8,-99.8,-99.8,-99.8,-99.8,-99.8,-99.8
2025-06-17 11:00:00,947.4,27.4,84.0,0.7,12.0,5.7,61.0,0.0,-99.8,-99.8,-99.8,-99.8,-99.8,-99.8,-99.8
2025-06-17 12:00:00,946.3,27.9,81.0,1.9,61.0,6.9,81.0,0.0,-99.8,-99.8,-99.8,-99.8,-99.8,-99.8,-99.8
2025-06-17 13:00:00,947.6,22.3,92.0,3.0,279.0,7.0,338.0,6.0,-99.8,-99.8,-99.8,-99.8,-99.8,-99.8,-99.8
2025-06-17 14:00:00,947.6,22.4,91.0,1.0,277.0,6.4,248.0,3.0,-99.8,-99.8,-99.8,-99.8,-99.8,-99.8,-99.8
2025-06-17 15:00:00,947.3,22.2,97.0,2.0,246.0,3.7,274.0,0.5,-99.8,-99.8,-99.8,-99.8,-99.8,-99.8,-99.8
2025-06-17 16:00:00,945.7,22.9,90.0,2.0,259.0,4.5,237.0,0.0,-99.8,-99.8,-99.8,-99.8,-99.8,-99.8,-99.8
2025-06-17 17:00:00,946.7,23.2,90.0,0.4,240.0,3.0,250.0,0.0,-99.8,-99.8,-99.8,-99.8,-99.8,-99.8,-99.8
2025-06-17 18:00:00,947.2,23.4,91.0,1.2,255.0,3.2,257.0,0.0,-99.8,-99.8,-99.8,-99.8,-99.8,-99.8,-99.8
2025-06-17 19:00:00,948.1,23.1,93.0,0.8,210.0,3.8,244.0,0.0,-99.8,-99.8,-99.8,-99.8,-99.8,-99.8,-99.8
2025-06-17 20:00:00,948.3,23.3,91.0,0.0,0.0,2.3,238.0,0.0,-99.8,-99.8,-99.8,-99.8,-99.8,-99.8,-99.8
2025-06-17 21:00:00,948.6,22.5,97.0,0.7,97.0,2.5,101.0,0.0,-99.8,-99.8,-99.8,-99.8,-99.8,-99.8,-99.8
2025-06-17 22:00:00,948.8,22.4,99.0,0.9,124.0,2.1,89.0,0.0,-99.8,-99.8,-99.8,-99.8,-99.8,-99.8,-99.8
2025-06-17 23:00:00,948.4,22.1,99.0,1.0,223.0,2.2,241.0,0.0,-99.8,-99.8,-99.8,-99.8,-99.8,-99.8,-99.8
2025-06-18 00:00:00,948.3,22.0,98.0,1.9,221.0,2.5,219.0,0.0,-99.8,-99.8,-99.8,-99.8,-99.8,-99.8,-99.8
2025-06-18 01:00:00,947.4,22.1,91.0,1.9,255.0,3.3,279.0,0.0,-99.8,-99.8,-99.8,-99.8,-99.8,-99.8,-99.8
2025-06-18 02:00:00,947.0,22.8,85.0,0.6,241.0,4.4,281.0,0.0,-99.8,-99.8,-99.8,-99.8,-99.8,-99.8,-99.8
2025-06-18 03:00:00,946.8,21.9,90.0,1.6,259.0,2.7,278.0,0.0,-99.8,-99.8,-99.8,-99.8,-99.8,-99.8,-99.8
2025-06-18 04:00:00,947.1,22.3,86.0,2.0,263.0,3.3,255.0,0.0,-99.8,-99.8,-99.8,-99.8,-99.8,-99.8,-99.8
2025-06-18 05:00:00,947.7,22.1,86.0,1.6,271.0,4.1,251.0,0.0,-99.8,-99.8,-99.8,-99.8,-99.8,-99.8,-99.8
2025-06-18 06:00:00,948.2,21.9,85.0,2.3,259.0,4.2,280.0,0.0,-99.8,-99.8,-99.8,-99.8,-99.8,-99.8,-99.8
2025-06-18 07:00:00,948.2,22.8,82.0,1.6,263.0,4.2,277.0,0.0,-99.8,-99.8,-99.8,-99.8,-99.8,-99.8,-99.8
2025-06-18 08:00:00,948.5,23.6,81.0,1.4,263.0,3.0,256.0,0.0,-99.8,-99.8,-99.8,-99.8,-99.8,-99.8,-99.8
2025-06-18 09:00:00,948.7,26.2,84.0,0.8,58.0,2.4,61.0,0.0,-99.8,-99.8,-99.8,-99.8,-99.8,-99.8,-99.8
2025-06-18 10:00:00,948.7,26.9,78.0,1.0,39.0,3.2,49.0,0.0,-99.8,-99.8,-99.8,-99.8,-99.8,-99.8,-99.8
2025-06-18 11:00:00,948.7,28.2,76.0,0.8,352.0,2.9,22.0,0.0,-99.8,-99.8,-99.8,-99.8,-99.8,-99.8,-99.8
2025-06-18 12:00:00,948.2,29.5,74.0,0.6,349.0,5.0,41.0,0.0,-99.8,-99.8,-99.8,-99.8,-99.8,-99.8,-99.8
2025-06-18 13:00:00,947.7,28.8,75.0,0.8,350.0,3.7,51.0,0.0,-99.8,-99.8,-99.8,-99.8,-99.8,-99.8,-99.8
2025-06-18 14:00:00,947.5,26.1,85.0,0.3,30.0,2.3,61.0,0.0,-99.8,-99.8,-99.8,-99.8,-99.8,-99.8,-99.8
2025-06-18 15:00:00,947.1,25.4,90.0,0.1,0.0,1.7,43.0,0.0,-99.8,-99.8,-99.8,-99.8,-99.8,-99.8,-99.8
2025-06-18 16:00:00,947.3,24.7,94.0,0.0,0.0,3.4,149.0,0.0,-99.8,-99.8,-99.8,-99.8,-99.8,-99.8,-99.8
2025-06-18 17:00:00,947.2,24.2,97.0,1.3,122.0,2.0,103.0,0.0,-99.8,-99.8,-99.8,-99.8,-99.8,-99.8,-99.8
2025-06-18 18:00:00,947.3,23.9,98.0,1.0,232.0,2.9,113.0,0.5,-99.8,-99.8,-99.8,-99.8,-99.8,-99.8,-99.8
2025-06-18 19:00:00,947.2,23.7,97.0,0.3,105.0,1.6,102.0,0.0,-99.8,-99.8,-99.8,-99.8,-99.8,-99.8,-99.8
2025-06-18 20:00:00,948.0,23.0,97.0,1.0,222.0,2.4,113.0,0.0,-99.8,-99.8,-99.8,-99.8,-99.8,-99.8,-99.8
2025-06-18 21:00:00,948.3,23.0,90.0,0.5,264.0,2.4,275.0,0.0,-99.8,-99.8,-99.8,-99.8,-99.8,-99.8,-99.8
2025-06-18 22:00:00,949.0,22.6,87.0,1.8,250.0,3.2,264.0,0.0,-99.8,-99.8,-99.8,-99.8,-99.8,-99.8,-99.8
2025-06-18 23:00:00,948.5,22.9,84.0,1.2,250.0,3.4,262.0,0.0,-99.8,-99.8,-99.8,-99.8,-99.8,-99.8,-99.8
2025-06-19 00:00:00,947.9,22.1,88.0,2.1,257.0,3.9,220.0,0.0,-99.8,-99.8,-99.8,-99.8,-99.8,-99.8,-99.8
2025-06-19 01:00:00,947.5,22.1,85.0,2.5,258.0,4.6,266.0,0.0,-99.8,-99.8,-99.8,-99.8,-99.8,-99.8,-99.8
2025-06-19 02:00:00,947.2,21.4,89.0,2.0,258.0,3.9,234.0,0.0,-99.8,-99.8,-99.8,-99.8,-99.8,-99.8,-99.8
2025-06-19 03:00:00,946.9,21.7,86.0,2.1,261.0,3.7,262.0,0.0,-99.8,-99.8,-99.8,-99.8,-99.8,-99.8,-99.8
2025-06-19 04:00:00,947.4,21.4,87.0,1.3,261.0,3.4,271.0,0.0,-99.8,-99.8,-99.8,-99.8,-99.8,-99.8,-99.8
2025-06-19 05:00:00,947.7,21.2,86.0,1.4,276.0,3.2,264.0,0.0,-99.8,-99.8,-99.8,-99.8,-99.8,-99.8,-99.8
2025-06-19 06:00:00,948.1,22.0,81.0,0.9,273.0,3.2,281.0,0.0,-99.8,-99.8,-99.8,-99.8,-99.8,-99.8,-99.8
2025-06-19 07:00:00,948.5,23.1,79.0,1.0,266.0,2.3,244.0,0.0,-99.8,-99.8,-99.8,-99.8,-99.8,-99.8,-99.8
2025-06-19 08:00:00,948.4,26.2,75.0,0.2,0.0,1.7,38.0,0.0,-99.8,-99.8,-99.8,-99.8,-99.8,-99.8,-99.8
2025-06-19 09:00:00,948.8,25.9,79.0,0.2,0.0,1.7,46.0,0.0,-99.8,-99.8,-99.8,-99.8,-99.8,-99.8,-99.8
2025-06-19 10:00:00,948.5,27.5,74.0,0.6,25.0,3.2,32.0,0.0,-99.8,-99.8,-99.8,-99.8,-99.8,-99.8,-99.8
2025-06-19 11:00:00,948.3,29.1,73.0,1.5,67.0,6.0,86.0,0.0,-99.8,-99.8,-99.8,-99.8,-99.8,-99.8,-99.8
2025-06-19 12:00:00,948.0,28.6,72.0,1.6,47.0,8.3,65.0,0.0,-99.8,-99.8,-99.8,-99.8,-99.8,-99.8,-99.8
2025-06-19 13:00:00,947.5,29.1,71.0,1.6,53.0,6.0,73.0,0.0,-99.8,-99.8,-99.8,-99.8,-99.8,-99.8,-99.8
2025-06-19 14:00:00,947.3,29.1,71.0,1.4,83.0,5.9,100.0,0.0,-99.8,-99.8,-99.8,-99.8,-99.8,-99.8,-99.8
2025-06-19 15:00:00,947.5,27.4,80.0,1.1,97.0,5.5,51.0,0.0,-99.8,-99.8,-99.8,-99.8,-99.8,-99.8,-99.8
2025-06-19 16:00:00,947.4,26.2,81.0,0.7,100.0,3.8,92.0,0.0,-99.8,-99.8,-99.8,-99.8,-99.8,-99.8,-99.8
2025-06-19 17:00:00,947.3,26.0,81.0,0.1,0.0,2.1,76.0,0.0,-99.8,-99.8,-99.8,-99.8,-99.8,-99.8,-99.8
2025-06-19 18:00:00,947.4,25.3,85.0,0.1,0.0,1.7,43.0,0.0,-99.8,-99.8,-99.8,-99.8,-99.8,-99.8,-99.8
2025-06-19 19:00:00,947.9,24.7,86.0,0.0,0.0,2.4,161.0,0.0,-99.8,-99.8,-99.8,-99.8,-99.8,-99.8,-99.8
2025-06-19 20:00:00,948.5,24.3,88.0,0.1,0.0,1.6,216.0,0.0,-99.8,-99.8,-99.8,-99.8,-99.8,-99.8,-99.8
2025-06-19 21:00:00,948.8,23.9,89.0,0.0,0.0,0.9,111.0,0.0,-99.8,-99.8,-99.8,-99.8,-99.8,-99.8,-99.8
2025-06-19 22:00:00,949.1,23.5,92.0,0.0,0.0,1.1,228.0,0.0,-99.8,-99.8,-99.8,-99.8,-99.8,-99.8,-99.8
2025-06-19 23:00:00,948.7,23.5,92.0,0.0,0.0,0.8,151.0,0.0,-99.8,-99.8,-99.8,-99.8,-99.8,-99.8,-99.8
2025-06-20 00:00:00,948.1,23.2,91.0,0.0,0.0,1.1,155.0,0.0,-99.8,-99.8,-99.8,-99.8,-99.8,-99.8,-99.8
2025-06-20 01:00:00,947.4,23.1,93.0,0.2,0.0,1.5,94.0,0.0,-99.8,-99.8,-99.8,-99.8,-99.8,-99.8,-99.8
2025-06-20 02:00:00,946.9,22.7,94.0,0.4,305.0,1.4,170.0,0.0,-99.8,-99.8,-99.8,-99.8,-99.8,-99.8,-99.8
2025-06-20 03:00:00,946.7,22.8,90.0,0.4,229.0,1.5,110.0,0.0,-99.8,-99.8,-99.8,-99.8,-99.8,-99.8,-99.8
2025-06-20 04:00:00,946.6,22.6,92.0,0.2,0.0,1.4,219.0,0.0,-99.8,-99.8,-99.8,-99.8,-99.8,-99.8,-99.8
2025-06-20 05:00:00,946.7,22.4,92.0,1.1,210.0,2.4,88.0,0.0,-99.8,-99.8,-99.8,-99.8,-99.8,-99.8,-99.8
2025-06-20 06:00:00,947.0,23.0,87.0,0.9,260.0,2.8,259.0,0.0,-99.8,-99.8,-99.8,-99.8,-99.8,-99.8,-99.8
2025-06-20 07:00:00,947.5,24.9,82.0,0.1,0.0,2.0,233.0,0.0,-99.8,-99.8,-99.8,-99.8,-99.8,-99.8,-99.8
2025-06-20 08:00:00,947.6,26.0,76.0,0.5,246.0,1.5,291.0,0.0,-99.8,-99.8,-99.8,-99.8,-99.8,-99.8,-99.8
2025-06-20 09:00:00,947.7,27.8,75.0,1.2,39.0,2.9,37.0,0.0,-99.8,-99.8,-99.8,-99.8,-99.8,-99.8,-99.8
2025-06-20 10:00:00,947.5,28.9,72.0,1.1,20.0,3.8,30.0,0.0,-99.8,-99.8,-99.8,-99.8,-99.8,-99.8,-99.8
2025-06-20 11:00:00,947.3,29.4,73.0,0.8,18.0,4.2,86.0,0.0,-99.8,-99.8,-99.8,-99.8,-99.8,-99.8,-99.8
2025-06-20 12:00:00,946.9,29.7,73.0,1.1,25.0,4.9,85.0,0.0,-99.8,-99.8,-99.8,-99.8,-99.8,-99.8,-99.8
2025-06-20 13:00:00,946.4,28.7,77.0,1.2,16.0,4.8,26.0,0.0,-99.8,-99.8,-99.8,-99.8,-99.8,-99.8,-99.8
2025-06-20 14:00:00,946.1,29.4,76.0,1.1,43.0,4.8,111.0,0.0,-99.8,-99.8,-99.8,-99.8,-99.8,-99.8,-99.8
2025-06-20 15:00:00,946.1,28.5,77.0,0.8,7.0,4.0,99.0,0.0,-99.8,-99.8,-99.8,-99.8,-99.8,-99.8,-99.8
2025-06-20 16:00:00,945.9,26.5,83.0,0.4,26.0,2.9,25.0,0.0,-99.8,-99.8,-99.8,-99.8,-99.8,-99.8,-99.8
2025-06-20 17:00:00,945.8,25.8,86.0,0.3,359.0,2.4,71.0,0.0,-99.8,-99.8,-99.8,-99.8,-99.8,-99.8,-99.8
2025-06-20 18:00:00,946.3,25.0,91.0,0.1,0.0,2.6,72.0,0.0,-99.8,-99.8,-99.8,-99.8,-99.8,-99.8,-99.8
2025-06-20 19:00:00,947.0,24.2,95.0,0.2,0.0,1.7,85.0,0.0,-99.8,-99.8,-99.8,-99.8,-99.8,-99.8,-99.8
2025-06-20 20:00:00,947.5,24.0,96.0,0.0,0.0,1.2,254.0,0.0,-99.8,-99.8,-99.8,-99.8,-99.8,-99.8,-99.8
2025-06-20 21:00:00,948.1,23.8,94.0,0.0,0.0,1.1,226.0,0.0,-99.8,-99.8,-99.8,-99.8,-99.8,-99.8,-99.8
2025-06-20 22:00:00,948.5,23.8,95.0,0.0,0.0,0.0,0.0,0.0,-99.8,-99.8,-99.8,-99.8,-99.8,-99.8,-99.8
2025-06-20 23:00:00,948.6,23.8,95.0,0.0,0.0,0.0,0.0,0.0,-99.8,-99.8,-99.8,-99.8,-99.8,-99.8,-99.8
2025-06-21 00:00:00,948.3,23.7,95.0,0.0,0.0,0.0,0.0,0.0,-99.8,-99.8,-99.8,-99.8,-99.8,-99.8,-99.8
2025-06-21 01:00:00,947.8,23.3,95.0,0.0,0.0,0.0,0.0,0.0,-99.8,-99.8,-99.8,-99.8,-99.8,-99.8,-99.8
2025-06-21 02:00:00,947.1,23.1,98.0,0.7,111.0,1.9,102.0,0.0,-99.8,-99.8,-99.8,-99.8,-99.8,-99.8,-99.8
2025-06-21 03:00:00,946.5,22.7,97.0,0.5,140.0,1.3,111.0,0.0,-99.8,-99.8,-99.8,-99.8,-99.8,-99.8,-99.8
2025-06-21 04:00:00,946.2,22.7,97.0,1.1,98.0,2.2,84.0,0.0,-99.8,-99.8,-99.8,-99.8,-99.8,-99.8,-99.8
2025-06-21 05:00:00,946.3,22.5,96.0,1.8,164.0,3.4,101.0,0.0,-99.8,-99.8,-99.8,-99.8,-99.8,-99.8,-99.8
2025-06-21 06:00:00,946.5,22.5,94.0,1.7,204.0,2.7,283.0,0.0,-99.8,-99.8,-99.8,-99.8,-99.8,-99.8,-99.8
2025-06-21 07:00:00,946.7,24.1,84.0,1.1,211.0,2.5,133.0,0.0,-99.8,-99.8,-99.8,-99.8,-99.8,-99.8,-99.8
2025-06-21 08:00:00,946.9,27.1,81.0,0.3,39.0,2.0,61.0,0.0,-99.8,-99.8,-99.8,-99.8,-99.8,-99.8,-99.8
2025-06-21 09:00:00,946.8,27.3,81.0,0.9,11.0,2.9,51.0,0.0,-99.8,-99.8,-99.8,-99.8,-99.8,-99.8,-99.8
2025-06-21 10:00:00,946.4,28.1,77.0,1.3,9.0,3.5,45.0,0.0,-99.8,-99.8,-99.8,-99.8,-99.8,-99.8,-99.8
2025-06-21 11:00:00,946.0,29.6,71.0,0.8,12.0,4.7,45.0,0.0,-99.8,-99.8,-99.8,-99.8,-99.8,-99.8,-99.8
2025-06-21 12:00:00,945.7,28.2,75.0,1.0,254.0,3.5,100.0,0.0,-99.8,-99.8,-99.8,-99.8,-99.8,-99.8,-99.8
2025-06-21 13:00:00,945.7,29.3,72.0,1.2,17.0,4.9,8.0,0.0,-99.8,-99.8,-99.8,-99.8,-99.8,-99.8,-99.8
2025-06-21 14:00:00,945.4,29.1,76.0,0.8,339.0,6.1,94.0,0.0,-99.8,-99.8,-99.8,-99.8,-99.8,-99.8,-99.8
2025-06-21 15:00:00,945.1,28.2,77.0,0.9,21.0,3.4,88.0,0.0,-99.8,-99.8,-99.8,-99.8,-99.8,-99.8,-99.8
2025-06-21 16:00:00,944.8,27.0,81.0,0.2,0.0,2.2,69.0,0.0,-99.8,-99.8,-99.8,-99.8,-99.8,-99.8,-99.8
2025-06-21 17:00:00,944.9,26.2,84.0,0.1,0.0,2.4,62.0,0.0,-99.8,-99.8,-99.8,-99.8,-99.8,-99.8,-99.8
2025-06-21 18:00:00,945.1,24.7,88.0,0.1,0.0,2.6,55.0,0.0,-99.8,-99.8,-99.8,-99.8,-99.8,-99.8,-99.8
2025-06-21 19:00:00,945.8,24.3,89.0,0.0,0.0,1.1,97.0,0.0,-99.8,-99.8,-99.8,-99.8,-99.8,-99.8,-99.8
2025-06-21 20:00:00,946.2,24.1,90.0,0.8,204.0,1.8,227.0,0.0,-99.8,-99.8,-99.8,-99.8,-99.8,-99.8,-99.8
2025-06-21 21:00:00,946.7,24.1,89.0,0.9,143.0,1.4,197.0,0.0,-99.8,-99.8,-99.8,-99.8,-99.8,-99.8,-99.8
2025-06-21 22:00:00,946.9,24.2,89.0,0.0,0.0,0.9,100.0,0.0,-99.8,-99.8,-99.8,-99.8,-99.8,-99.8,-99.8
2025-06-21 23:00:00,946.7,24.1,91.0,0.2,0.0,2.4,120.0,0.0,-99.8,-99.8,-99.8,-99.8,-99.8,-99.8,-99.8
2025-06-22 00:00:00,946.3,23.7,93.0,0.3,99.0,2.2,102.0,0.0,-99.8,-99.8,-99.8,-99.8,-99.8,-99.8,-99.8
2025-06-22 01:00:00,945.8,23.7,92.0,0.0,0.0,0.0,0.0,0.0,-99.8,-99.8,-99.8,-99.8,-99.8,-99.8,-99.8
2025-06-22 02:00:00,945.2,23.1,94.0,0.0,0.0,1.8,141.0,0.0,-99.8,-99.8,-99.8,-99.8,-99.8,-99.8,-99.8
2025-06-22 03:00:00,944.9,23.1,93.0,0.7,168.0,2.2,220.0,0.0,-99.8,-99.8,-99.8,-99.8,-99.8,-99.8,-99.8
2025-06-22 04:00:00,944.6,23.0,93.0,1.1,191.0,2.7,101.0,0.0,-99.8,-99.8,-99.8,-99.8,-99.8,-99.8,-99.8
2025-06-22 05:00:00,944.8,22.7,92.0,1.4,153.0,3.8,275.0,0.0,-99.8,-99.8,-99.8,-99.8,-99.8,-99.8,-99.8
2025-06-22 06:00:00,945.4,23.3,88.0,1.7,257.0,3.7,194.0,0.0,-99.8,-99.8,-99.8,-99.8,-99.8,-99.8,-99.8
2025-06-22 07:00:00,946.1,25.7,82.0,0.8,81.0,2.3,287.0,0.0,-99.8,-99.8,-99.8,-99.8,-99.8,-99.8,-99.8
2025-06-22 08:00:00,946.5,26.2,83.0,0.8,80.0,2.1,52.0,0.0,-99.8,-99.8,-99.8,-99.8,-99.8,-99.8,-99.8
2025-06-22 09:00:00,946.3,27.8,80.0,0.9,31.0,2.8,47.0,0.0,-99.8,-99.8,-99.8,-99.8,-99.8,-99.8,-99.8
2025-06-22 10:00:00,946.1,29.0,74.0,0.8,339.0,2.6,35.0,0.0,-99.8,-99.8,-99.8,-99.8,-99.8,-99.8,-99.8
2025-06-22 11:00:00,945.9,29.6,75.0,1.0,351.0,3.8,30.0,0.0,-99.8,-99.8,-99.8,-99.8,-99.8,-99.8,-99.8
2025-06-22 12:00:00,945.4,29.7,73.0,0.8,359.0,3.5,119.0,0.0,-99.8,-99.8,-99.8,-99.8,-99.8,-99.8,-99.8
2025-06-22 13:00:00,944.5,29.7,74.0,0.8,330.0,3.5,334.0,0.0,-99.8,-99.8,-99.8,-99.8,-99.8,-99.8,-99.8
2025-06-22 14:00:00,944.5,28.0,79.0,0.2,0.0,3.6,84.0,0.0,-99.8,-99.8,-99.8,-99.8,-99.8,-99.8,-99.8
2025-06-22 15:00:00,944.4,27.0,84.0,0.7,73.0,2.3,52.0,0.0,-99.8,-99.8,-99.8,-99.8,-99.8,-99.8,-99.8
2025-06-22 16:00:00,943.6,26.1,88.0,0.6,56.0,2.7,85.0,0.0,-99.8,-99.8,-99.8,-99.8,-99.8,-99.8,-99.8
2025-06-22 17:00:00,943.7,25.8,90.0,1.4,87.0,2.5,81.0,0.0,-99.8,-99.8,-99.8,-99.8,-99.8,-99.8,-99.8
2025-06-22 18:00:00,943.8,25.5,90.0,0.4,100.0,2.5,78.0,0.0,-99.8,-99.8,-99.8,-99.8,-99.8,-99.8,-99.8
2025-06-22 19:00:00,944.2,24.3,96.0,0.8,140.0,1.6,195.0,0.0,-99.8,-99.8,-99.8,-99.8,-99.8,-99.8,-99.8
2025-06-22 20:00:00,944.5,24.3,95.0,0.7,58.0,2.9,61.0,0.0,-99.8,-99.8,-99.8,-99.8,-99.8,-99.8,-99.8
2025-06-22 21:00:00,945.1,24.5,89.0,1.2,278.0,3.2,51.0,0.0,-99.8,-99.8,-99.8,-99.8,-99.8,-99.8,-99.8
2025-06-22 22:00:00,945.4,24.5,86.0,0.5,284.0,2.6,121.0,0.0,-99.8,-99.8,-99.8,-99.8,-99.8,-99.8,-99.8
2025-06-22 23:00:00,945.2,23.6,90.0,0.8,235.0,2.2,131.0,0.0,-99.8,-99.8,-99.8,-99.8,-99.8,-99.8,-99.8
2025-06-23 00:00:00,945.1,23.5,88.0,0.1,0.0,2.2,107.0,0.0,-99.8,-99.8,-99.8,-99.8,-99.8,-99.8,-99.8
2025-06-23 01:00:00,944.7,23.3,88.0,0.5,132.0,1.2,209.0,0.0,-99.8,-99.8,-99.8,-99.8,-99.8,-99.8,-99.8
2025-06-23 02:00:00,944.1,23.2,86.0,1.8,211.0,2.7,225.0,0.0,-99.8,-99.8,-99.8,-99.8,-99.8,-99.8,-99.8
2025-06-23 03:00:00,943.9,23.0,85.0,1.5,273.0,3.1,276.0,0.0,-99.8,-99.8,-99.8,-99.8,-99.8,-99.8,-99.8
2025-06-23 04:00:00,943.6,22.9,85.0,2.0,254.0,4.0,284.0,0.0,-99.8,-99.8,-99.8,-99.8,-99.8,-99.8,-99.8
2025-06-23 05:00:00,943.5,22.7,83.0,2.2,267.0,3.9,242.0,0.0,-99.8,-99.8,-99.8,-99.8,-99.8,-99.8,-99.8
2025-06-23 06:00:00,943.8,22.7,83.0,1.6,259.0,3.6,236.0,0.0,-99.8,-99.8,-99.8,-99.8,-99.8,-99.8,-99.8
2025-06-23 07:00:00,944.4,25.4,73.0,0.2,0.0,2.5,274.0,0.0,-99.8,-99.8,-99.8,-99.8,-99.8,-99.8,-99.8
2025-06-23 08:00:00,944.8,27.5,72.0,0.1,0.0,1.0,334.0,0.0,-99.8,-99.8,-99.8,-99.8,-99.8,-99.8,-99.8
2025-06-23 09:00:00,944.7,27.6,75.0,0.8,354.0,3.1,27.0,0.0,-99.8,-99.8,-99.8,-99.8,-99.8,-99.8,-99.8
2025-06-23 10:00:00,944.6,28.9,76.0,0.8,345.0,3.2,36.0,0.0,-99.8,-99.8,-99.8,-99.8,-99.8,-99.8,-99.8
2025-06-23 11:00:00,944.3,29.6,72.0,0.6,63.0,3.9,15.0,0.0,-99.8,-99.8,-99.8,-99.8,-99.8,-99.8,-99.8
2025-06-23 12:00:00,943.6,29.7,73.0,0.9,347.0,5.0,66.0,0.0,-99.8,-99.8,-99.8,-99.8,-99.8,-99.8,-99.8
2025-06-23 13:00:00,943.1,29.6,72.0,1.0,316.0,4.8,51.0,0.0,-99.8,-99.8,-99.8,-99.8,-99.8,-99.8,-99.8
2025-06-23 14:00:00,942.7,29.5,75.0,0.8,24.0,5.3,104.0,0.0,-99.8,-99.8,-99.8,-99.8,-99.8,-99.8,-99.8
2025-06-23 15:00:00,942.4,29.2,77.0,0.9,16.0,3.8,89.0,0.0,-99.8,-99.8,-99.8,-99.8,-99.8,-99.8,-99.8
2025-06-23 16:00:00,941.9,28.7,79.0,0.7,26.0,3.0,103.0,0.0,-99.8,-99.8,-99.8,-99.8,-99.8,-99.8,-99.8
2025-06-23 17:00:00,941.9,26.9,87.0,0.0,0.0,2.7,56.0,0.0,-99.8,-99.8,-99.8,-99.8,-99.8,-99.8,-99.8
2025-06-23 18:00:00,942.2,25.7,92.0,0.0,0.0,1.9,64.0,0.0,-99.8,-99.8,-99.8,-99.8,-99.8,-99.8,-99.8
2025-06-23 19:00:00,942.6,25.0,96.0,0.0,0.0,1.1,88.0,0.0,-99.8,-99.8,-99.8,-99.8,-99.8,-99.8,-99.8
2025-06-23 20:00:00,943.4,24.7,97.0,0.0,0.0,1.2,98.0,0.0,-99.8,-99.8,-99.8,-99.8,-99.8,-99.8,-99.8
2025-06-23 21:00:00,944.2,24.6,96.0,0.0,0.0,0.9,107.0,0.0,-99.8,-99.8,-99.8,-99.8,-99.8,-99.8,-99.8
2025-06-23 22:00:00,944.7,24.2,95.0,0.0,0.0,0.7,101.0,0.0,-99.8,-99.8,-99.8,-99.8,-99.8,-99.8,-99.8
2025-06-23 23:00:00,944.7,24.3,93.0,0.0,0.0,0.0,0.0,0.0,-99.8,-99.8,-99.8,-99.8,-99.8,-99.8,-99.8
2025-06-24 00:00:00,944.3,24.1,95.0,0.9,121.0,2.1,146.0,0.0,-99.8,-99.8,-99.8,-99.8,-99.8,-99.8,-99.8
2025-06-24 01:00:00,943.9,23.8,88.0,1.2,146.0,2.6,51.0,0.0,-99.8,-99.8,-99.8,-99.8,-99.8,-99.8,-99.8
2025-06-24 02:00:00,943.3,23.6,85.0,2.0,196.0,3.0,220.0,0.0,-99.8,-99.8,-99.8,-99.8,-99.8,-99.8,-99.8
2025-06-24 03:00:00,943.0,23.1,83.0,1.5,249.0,2.8,283.0,0.0,-99.8,-99.8,-99.8,-99.8,-99.8,-99.8,-99.8
2025-06-24 04:00:00,943.1,23.0,83.0,1.9,253.0,3.6,247.0,0.0,-99.8,-99.8,-99.8,-99.8,-99.8,-99.8,-99.8
2025-06-24 05:00:00,943.4,22.6,84.0,2.6,262.0,4.0,245.0,0.0,-99.8,-99.8,-99.8,-99.8,-99.8,-99.8,-99.8
2025-06-24 06:00:00,943.9,23.0,81.0,2.2,262.0,3.7,246.0,0.0,-99.8,-99.8,-99.8,-99.8,-99.8,-99.8,-99.8
2025-06-24 07:00:00,944.2,24.4,77.0,1.1,270.0,3.3,245.0,0.0,-99.8,-99.8,-99.8,-99.8,-99.8,-99.8,-99.8
2025-06-24 08:00:00,944.6,27.1,75.0,1.0,44.0,3.0,272.0,0.0,-99.8,-99.8,-99.8,-99.8,-99.8,-99.8,-99.8
2025-06-24 09:00:00,944.9,28.6,70.0,1.0,31.0,3.1,89.0,0.0,-99.8,-99.8,-99.8,-99.8,-99.8,-99.8,-99.8
2025-06-24 10:00:00,945.3,29.4,71.0,0.9,345.0,3.4,12.0,0.0,-99.8,-99.8,-99.8,-99.8,-99.8,-99.8,-99.8
2025-06-24 11:00:00,945.3,30.2,66.0,1.5,44.0,4.8,67.0,0.0,-99.8,-99.8,-99.8,-99.8,-99.8,-99.8,-99.8
2025-06-24 12:00:00,945.2,30.3,68.0,0.8,356.0,4.4,82.0,0.0,-99.8,-99.8,-99.8,-99.8,-99.8,-99.8,-99.8
2025-06-24 13:00:00,944.7,30.4,68.0,0.8,344.0,4.2,61.0,0.0,-99.8,-99.8,-99.8,-99.8,-99.8,-99.8,-99.8
2025-06-24 14:00:00,944.5,30.0,69.0,1.0,31.0,4.1,81.0,0.0,-99.8,-99.8,-99.8,-99.8,-99.8,-99.8,-99.8
2025-06-24 15:00:00,944.4,30.6,66.0,0.5,86.0,4.6,83.0,0.0,-99.8,-99.8,-99.8,-99.8,-99.8,-99.8,-99.8
2025-06-24 16:00:00,944.3,28.8,75.0,0.4,70.0,3.5,54.0,0.0,-99.8,-99.8,-99.8,-99.8,-99.8,-99.8,-99.8
2025-06-24 17:00:00,944.6,26.6,81.0,0.1,0.0,2.6,56.0,0.0,-99.8,-99.8,-99.8,-99.8,-99.8,-99.8,-99.8
2025-06-24 18:00:00,944.7,25.2,90.0,0.5,103.0,1.7,86.0,0.0,-99.8,-99.8,-99.8,-99.8,-99.8,-99.8,-99.8
2025-06-24 19:00:00,945.3,24.6,92.0,0.0,0.0,0.7,71.0,0.0,-99.8,-99.8,-99.8,-99.8,-99.8,-99.8,-99.8
2025-06-24 20:00:00,945.7,24.1,92.0,1.3,74.0,1.8,68.0,0.0,-99.8,-99.8,-99.8,-99.8,-99.8,-99.8,-99.8
2025-06-24 21:00:00,946.2,24.7,88.0,0.8,111.0,1.8,93.0,0.0,-99.8,-99.8,-99.8,-99.8,-99.8,-99.8,-99.8
2025-06-24 22:00:00,946.8,24.2,91.0,0.0,0.0,1.5,104.0,0.0,-99.8,-99.8,-99.8,-99.8,-99.8,-99.8,-99.8
2025-06-24 23:00:00,946.7,23.8,93.0,0.0,0.0,0.0,0.0,0.0,-99.8,-99.8,-99.8,-99.8,-99.8,-99.8,-99.8
2025-06-25 00:00:00,946.5,23.6,91.0,0.2,0.0,1.1,226.0,0.0,-99.8,-99.8,-99.8,-99.8,-99.8,-99.8,-99.8
2025-06-25 01:00:00,945.9,23.2,93.0,1.2,171.0,3.2,44.0,0.0,-99.8,-99.8,-99.8,-99.8,-99.8,-99.8,-99.8
2025-06-25 02:00:00,945.6,23.5,88.0,0.7,115.0,3.0,73.0,0.0,-99.8,-99.8,-99.8,-99.8,-99.8,-99.8,-99.8
2025-06-25 03:00:00,945.4,23.0,90.0,1.9,145.0,2.7,103.0,0.0,-99.8,-99.8,-99.8,-99.8,-99.8,-99.8,-99.8
2025-06-25 04:00:00,945.4,22.8,87.0,1.9,258.0,2.9,182.0,0.0,-99.8,-99.8,-99.8,-99.8,-99.8,-99.8,-99.8
2025-06-25 05:00:00,945.5,22.6,87.0,2.5,260.0,4.2,285.0,0.0,-99.8,-99.8,-99.8,-99.8,-99.8,-99.8,-99.8
2025-06-25 06:00:00,945.5,23.2,81.0,2.0,266.0,3.9,234.0,0.0,-99.8,-99.8,-99.8,-99.8,-99.8,-99.8,-99.8
2025-06-25 07:00:00,945.8,25.1,75.0,0.4,287.0,3.1,253.0,0.0,-99.8,-99.8,-99.8,-99.8,-99.8,-99.8,-99.8
2025-06-25 08:00:00,946.4,27.8,70.0,0.5,37.0,2.1,310.0,0.0,-99.8,-99.8,-99.8,-99.8,-99.8,-99.8,-99.8
2025-06-25 09:00:00,946.8,28.0,72.0,1.1,15.0,3.0,67.0,0.0,-99.8,-99.8,-99.8,-99.8,-99.8,-99.8,-99.8
2025-06-25 10:00:00,947.2,29.0,73.0,0.9,347.0,5.0,41.0,0.0,-99.8,-99.8,-99.8,-99.8,-99.8,-99.8,-99.8
2025-06-25 11:00:00,947.6,28.2,78.0,1.1,345.0,4.1,25.0,0.0,-99.8,-99.8,-99.8,-99.8,-99.8,-99.8,-99.8
2025-06-25 12:00:00,947.4,29.9,72.0,0.7,4.0,6.4,53.0,0.0,-99.8,-99.8,-99.8,-99.8,-99.8,-99.8,-99.8
2025-06-25 13:00:00,947.0,30.4,68.0,0.5,6.0,3.6,339.0,0.0,-99.8,-99.8,-99.8,-99.8,-99.8,-99.8,-99.8
2025-06-25 14:00:00,946.5,28.4,72.0,1.9,83.0,5.6,81.0,0.0,-99.8,-99.8,-99.8,-99.8,-99.8,-99.8,-99.8
2025-06-25 15:00:00,946.0,29.4,74.0,0.7,42.0,5.2,57.0,0.0,-99.8,-99.8,-99.8,-99.8,-99.8,-99.8,-99.8
2025-06-25 16:00:00,945.8,28.7,75.0,1.0,26.0,3.6,86.0,0.0,-99.8,-99.8,-99.8,-99.8,-99.8,-99.8,-99.8
2025-06-25 17:00:00,946.0,26.8,82.0,0.1,0.0,3.0,83.0,0.0,-99.8,-99.8,-99.8,-99.8,-99.8,-99.8,-99.8
2025-06-25 18:00:00,946.1,25.4,88.0,0.2,0.0,3.0,183.0,0.0,-99.8,-99.8,-99.8,-99.8,-99.8,-99.8,-99.8
2025-06-25 19:00:00,946.8,24.9,91.0,0.0,0.0,1.2,198.0,0.0,-99.8,-99.8,-99.8,-99.8,-99.8,-99.8,-99.8
2025-06-25 20:00:00,947.7,24.4,93.0,0.1,0.0,1.3,76.0,0.0,-99.8,-99.8,-99.8,-99.8,-99.8,-99.8,-99.8
2025-06-25 21:00:00,948.5,24.2,95.0,0.9,118.0,1.3,227.0,0.0,-99.8,-99.8,-99.8,-99.8,-99.8,-99.8,-99.8
2025-06-25 22:00:00,948.6,24.3,93.0,0.0,0.0,1.3,92.0,0.0,-99.8,-99.8,-99.8,-99.8,-99.8,-99.8,-99.8
2025-06-25 23:00:00,948.6,23.9,96.0,0.7,116.0,1.5,102.0,0.0,-99.8,-99.8,-99.8,-99.8,-99.8,-99.8,-99.8
2025-06-26 00:00:00,948.0,23.8,95.0,0.0,0.0,1.9,135.0,0.0,-99.8,-99.8,-99.8,-99.8,-99.8,-99.8,-99.8
2025-06-26 01:00:00,947.2,23.5,96.0,0.0,0.0,0.0,0.0,0.0,-99.8,-99.8,-99.8,-99.8,-99.8,-99.8,-99.8
2025-06-26 02:00:00,946.6,23.5,96.0,0.5,219.0,1.6,100.0,0.0,-99.8,-99.8,-99.8,-99.8,-99.8,-99.8,-99.8
2025-06-26 03:00:00,946.3,23.3,93.0,1.3,210.0,2.3,124.0,0.0,-99.8,-99.8,-99.8,-99.8,-99.8,-99.8,-99.8
2025-06-26 04:00:00,946.4,23.3,91.0,1.3,246.0,3.4,281.0,0.0,-99.8,-99.8,-99.8,-99.8,-99.8,-99.8,-99.8
2025-06-26 05:00:00,946.1,23.0,86.0,1.9,264.0,3.2,203.0,0.0,-99.8,-99.8,-99.8,-99.8,-99.8,-99.8,-99.8
2025-06-26 06:00:00,946.2,22.7,84.0,1.7,244.0,3.5,270.0,0.0,-99.8,-99.8,-99.8,-99.8,-99.8,-99.8,-99.8
2025-06-26 07:00:00,946.8,24.9,75.0,0.9,273.0,3.1,230.0,0.0,-99.8,-99.8,-99.8,-99.8,-99.8,-99.8,-99.8
2025-06-26 08:00:00,947.1,26.5,71.0,0.3,276.0,2.6,281.0,0.0,-99.8,-99.8,-99.8,-99.8,-99.8,-99.8,-99.8
2025-06-26 09:00:00,947.3,28.4,73.0,1.5,40.0,2.9,27.0,0.0,-99.8,-99.8,-99.8,-99.8,-99.8,-99.8,-99.8
2025-06-26 10:00:00,947.3,28.9,72.0,0.9,30.0,3.7,95.0,0.0,-99.8,-99.8,-99.8,-99.8,-99.8,-99.8,-99.8
2025-06-26 11:00:00,947.2,29.6,67.0,0.7,353.0,3.7,10.0,0.0,-99.8,-99.8,-99.8,-99.8,-99.8,-99.8,-99.8
2025-06-26 12:00:00,946.9,29.7,69.0,1.0,9.0,4.7,55.0,0.0,-99.8,-99.8,-99.8,-99.8,-99.8,-99.8,-99.8
2025-06-26 13:00:00,946.9,29.4,71.0,1.3,3.0,5.5,78.0,0.0,-99.8,-99.8,-99.8,-99.8,-99.8,-99.8,-99.8
2025-06-26 14:00:00,946.6,30.2,72.0,0.6,44.0,3.8,354.0,0.0,-99.8,-99.8,-99.8,-99.8,-99.8,-99.8,-99.8
2025-06-26 15:00:00,946.6,28.9,75.0,1.6,48.0,5.3,51.0,0.0,-99.8,-99.8,-99.8,-99.8,-99.8,-99.8,-99.8
2025-06-26 16:00:00,946.1,26.6,80.0,0.9,95.0,5.1,59.0,0.0,-99.8,-99.8,-99.8,-99.8,-99.8,-99.8,-99.8
2025-06-26 17:00:00,946.2,26.3,79.0,0.6,113.0,3.8,113.0,0.0,-99.8,-99.8,-99.8,-99.8,-99.8,-99.8,-99.8
2025-06-26 18:00:00,946.2,25.4,88.0,0.2,0.0,3.1,99.0,0.0,-99.8,-99.8,-99.8,-99.8,-99.8,-99.8,-99.8
2025-06-26 19:00:00,946.5,24.5,93.0,0.2,0.0,1.7,98.0,0.0,-99.8,-99.8,-99.8,-99.8,-99.8,-99.8,-99.8
2025-06-26 20:00:00,947.0,24.2,93.0,0.0,0.0,1.3,99.0,0.0,-99.8,-99.8,-99.8,-99.8,-99.8,-99.8,-99.8
2025-06-26 21:00:00,947.5,23.7,96.0,0.8,162.0,1.6,83.0,0.0,-99.8,-99.8,-99.8,-99.8,-99.8,-99.8,-99.8
2025-06-26 22:00:00,948.1,23.7,95.0,0.7,224.0,2.3,131.0,0.0,-99.8,-99.8,-99.8,-99.8,-99.8,-99.8,-99.8
2025-06-26 23:00:00,947.9,23.4,92.0,0.8,227.0,1.8,253.0,0.0,-99.8,-99.8,-99.8,-99.8,-99.8,-99.8,-99.8
2025-06-27 00:00:00,947.1,23.2,92.0,0.9,255.0,2.5,169.0,0.0,-99.8,-99.8,-99.8,-99.8,-99.8,-99.8,-99.8
2025-06-27 01:00:00,946.2,22.9,91.0,1.7,254.0,2.9,294.0,0.0,-99.8,-99.8,-99.8,-99.8,-99.8,-99.8,-99.8
2025-06-27 02:00:00,946.0,22.8,89.0,1.2,246.0,3.4,252.0,0.0,-99.8,-99.8,-99.8,-99.8,-99.8,-99.8,-99.8
2025-06-27 03:00:00,945.8,22.5,88.0,1.5,243.0,3.4,265.0,0.0,-99.8,-99.8,-99.8,-99.8,-99.8,-99.8,-99.8
2025-06-27 04:00:00,945.7,22.3,87.0,1.8,242.0,3.0,232.0,0.0,-99.8,-99.8,-99.8,-99.8,-99.8,-99.8,-99.8
2025-06-27 05:00:00,945.2,22.0,86.0,2.5,248.0,3.9,245.0,0.0,-99.8,-99.8,-99.8,-99.8,-99.8,-99.8,-99.8
2025-06-27 06:00:00,945.2,22.1,84.0,2.6,253.0,4.9,258.0,0.0,-99.8,-99.8,-99.8,-99.8,-99.8,-99.8,-99.8
2025-06-27 07:00:00,945.8,25.0,73.0,0.7,238.0,3.8,268.0,0.0,-99.8,-99.8,-99.8,-99.8,-99.8,-99.8,-99.8
2025-06-27 08:00:00,946.3,26.6,74.0,0.9,60.0,2.4,91.0,0.0,-99.8,-99.8,-99.8,-99.8,-99.8,-99.8,-99.8
2025-06-27 09:00:00,946.7,28.2,70.0,0.4,342.0,2.7,18.0,0.0,-99.8,-99.8,-99.8,-99.8,-99.8,-99.8,-99.8
2025-06-27 10:00:00,946.7,29.2,72.0,0.9,356.0,4.1,92.0,0.0,-99.8,-99.8,-99.8,-99.8,-99.8,-99.8,-99.8
2025-06-27 11:00:00,946.6,29.4,68.0,1.3,34.0,5.3,69.0,0.0,-99.8,-99.8,-99.8,-99.8,-99.8,-99.8,-99.8
2025-06-27 12:00:00,946.1,30.8,65.0,0.6,45.0,6.3,78.0,0.0,-99.8,-99.8,-99.8,-99.8,-99.8,-99.8,-99.8
2025-06-27 13:00:00,945.3,29.6,67.0,2.1,71.0,5.9,68.0,0.0,-99.8,-99.8,-99.8,-99.8,-99.8,-99.8,-99.8
2025-06-27 14:00:00,944.9,29.2,69.0,1.4,8.0,7.3,97.0,0.0,-99.8,-99.8,-99.8,-99.8,-99.8,-99.8,-99.8
2025-06-27 15:00:00,944.8,29.0,72.0,1.6,77.0,6.0,91.0,0.0,-99.8,-99.8,-99.8,-99.8,-99.8,-99.8,-99.8
2025-06-27 16:00:00,944.6,29.1,70.0,1.3,42.0,5.5,45.0,0.0,-99.8,-99.8,-99.8,-99.8,-99.8,-99.8,-99.8
2025-06-27 17:00:00,945.0,26.6,80.0,0.5,82.0,5.5,85.0,0.0,-99.8,-99.8,-99.8,-99.8,-99.8,-99.8,-99.8
2025-06-27 18:00:00,945.7,25.6,85.0,0.6,115.0,3.9,91.0,0.0,-99.8,-99.8,-99.8,-99.8,-99.8,-99.8,-99.8
2025-06-27 19:00:00,945.4,24.5,90.0,0.1,0.0,2.4,99.0,0.0,-99.8,-99.8,-99.8,-99.8,-99.8,-99.8,-99.8
2025-06-27 20:00:00,945.5,24.3,92.0,0.0,0.0,1.2,172.0,0.0,-99.8,-99.8,-99.8,-99.8,-99.8,-99.8,-99.8
2025-06-27 21:00:00,945.9,23.9,93.0,0.3,98.0,1.1,99.0,0.0,-99.8,-99.8,-99.8,-99.8,-99.8,-99.8,-99.8
2025-06-27 22:00:00,946.2,23.7,92.0,1.5,126.0,2.4,128.0,0.0,-99.8,-99.8,-99.8,-99.8,-99.8,-99.8,-99.8
2025-06-27 23:00:00,946.3,23.3,84.0,1.5,236.0,2.5,241.0,0.0,-99.8,-99.8,-99.8,-99.8,-99.8,-99.8,-99.8
2025-06-28 00:00:00,946.0,22.8,81.0,1.4,228.0,3.4,258.0,0.0,-99.8,-99.8,-99.8,-99.8,-99.8,-99.8,-99.8
2025-06-28 01:00:00,945.9,22.5,81.0,1.8,256.0,3.9,256.0,0.0,-99.8,-99.8,-99.8,-99.8,-99.8,-99.8,-99.8
2025-06-28 02:00:00,945.4,22.1,80.0,1.9,258.0,4.3,290.0,0.0,-99.8,-99.8,-99.8,-99.8,-99.8,-99.8,-99.8
2025-06-28 03:00:00,944.8,22.0,79.0,1.8,247.0,4.2,281.0,0.0,-99.8,-99.8,-99.8,-99.8,-99.8,-99.8,-99.8
2025-06-28 04:00:00,944.9,21.9,77.0,2.2,258.0,3.9,240.0,0.0,-99.8,-99.8,-99.8,-99.8,-99.8,-99.8,-99.8
2025-06-28 05:00:00,944.9,21.6,77.0,1.8,258.0,4.8,275.0,0.0,-99.8,-99.8,-99.8,-99.8,-99.8,-99.8,-99.8
2025-06-28 06:00:00,945.2,21.9,73.0,2.0,256.0,3.8,262.0,0.0,-99.8,-99.8,-99.8,-99.8,-99.8,-99.8,-99.8
2025-06-28 07:00:00,945.4,24.5,68.0,0.9,257.0,3.5,270.0,0.0,-99.8,-99.8,-99.8,-99.8,-99.8,-99.8,-99.8
2025-06-28 08:00:00,945.4,26.3,59.0,0.1,0.0,1.7,268.0,0.0,-99.8,-99.8,-99.8,-99.8,-99.8,-99.8,-99.8
2025-06-28 09:00:00,945.2,28.2,59.0,1.2,24.0,3.0,28.0,0.0,-99.8,-99.8,-99.8,-99.8,-99.8,-99.8,-99.8
2025-06-28 10:00:00,945.2,28.9,68.0,1.1,14.0,4.7,64.0,0.0,-99.8,-99.8,-99.8,-99.8,-99.8,-99.8,-99.8
2025-06-28 11:00:00,944.9,29.8,67.0,0.9,12.0,5.9,67.0,0.0,-99.8,-99.8,-99.8,-99.8,-99.8,-99.8,-99.8
2025-06-28 12:00:00,944.3,30.4,62.0,0.9,358.0,3.3,74.0,0.0,-99.8,-99.8,-99.8,-99.8,-99.8,-99.8,-99.8
2025-06-28 13:00:00,943.9,29.7,64.0,1.3,17.0,5.1,80.0,0.0,-99.8,-99.8,-99.8,-99.8,-99.8,-99.8,-99.8
2025-06-28 14:00:00,943.7,28.5,67.0,1.3,83.0,5.6,84.0,0.0,-99.8,-99.8,-99.8,-99.8,-99.8,-99.8,-99.8
2025-06-28 15:00:00,943.2,29.0,66.0,1.8,76.0,6.0,142.0,0.0,-99.8,-99.8,-99.8,-99.8,-99.8,-99.8,-99.8
2025-06-28 16:00:00,942.8,27.5,72.0,1.5,66.0,5.4,94.0,0.0,-99.8,-99.8,-99.8,-99.8,-99.8,-99.8,-99.8
2025-06-28 17:00:00,942.4,28.7,69.0,0.3,44.0,4.6,80.0,0.0,-99.8,-99.8,-99.8,-99.8,-99.8,-99.8,-99.8
2025-06-28 18:00:00,942.7,25.8,81.0,0.1,0.0,2.3,95.0,0.0,-99.8,-99.8,-99.8,-99.8,-99.8,-99.8,-99.8
2025-06-28 19:00:00,942.8,24.3,86.0,0.1,0.0,1.4,148.0,0.0,-99.8,-99.8,-99.8,-99.8,-99.8,-99.8,-99.8
2025-06-28 20:00:00,943.5,23.7,89.0,0.3,178.0,1.9,83.0,0.0,-99.8,-99.8,-99.8,-99.8,-99.8,-99.8,-99.8
2025-06-28 21:00:00,944.0,23.9,87.0,0.0,0.0,2.6,89.0,0.0,-99.8,-99.8,-99.8,-99.8,-99.8,-99.8,-99.8
2025-06-28 22:00:00,944.4,23.6,86.0,0.9,133.0,2.3,193.0,0.0,-99.8,-99.8,-99.8,-99.8,-99.8,-99.8,-99.8
2025-06-28 23:00:00,943.8,23.6,84.0,1.9,248.0,4.0,212.0,0.0,-99.8,-99.8,-99.8,-99.8,-99.8,-99.8,-99.8
2025-06-29 00:00:00,943.7,23.2,87.0,1.2,227.0,3.5,193.0,0.0,-99.8,-99.8,-99.8,-99.8,-99.8,-99.8,-99.8
2025-06-29 01:00:00,943.5,23.2,87.0,1.3,236.0,2.4,250.0,0.0,-99.8,-99.8,-99.8,-99.8,-99.8,-99.8,-99.8
2025-06-29 02:00:00,943.2,23.1,85.0,0.9,104.0,2.1,251.0,0.0,-99.8,-99.8,-99.8,-99.8,-99.8,-99.8,-99.8
2025-06-29 03:00:00,942.9,22.6,88.0,1.5,157.0,2.4,100.0,0.0,-99.8,-99.8,-99.8,-99.8,-99.8,-99.8,-99.8
2025-06-29 04:00:00,942.7,22.7,83.0,1.7,165.0,2.8,170.0,0.0,-99.8,-99.8,-99.8,-99.8,-99.8,-99.8,-99.8
2025-06-29 05:00:00,943.0,22.2,86.0,0.3,246.0,3.5,211.0,0.0,-99.8,-99.8,-99.8,-99.8,-99.8,-99.8,-99.8
2025-06-29 06:00:00,943.2,22.0,87.0,2.3,205.0,3.5,247.0,0.0,-99.8,-99.8,-99.8,-99.8,-99.8,-99.8,-99.8
2025-06-29 07:00:00,943.5,23.7,79.0,0.9,248.0,4.1,245.0,0.0,-99.8,-99.8,-99.8,-99.8,-99.8,-99.8,-99.8
2025-06-29 08:00:00,944.3,24.1,77.0,1.1,226.0,3.0,125.0,0.0,-99.8,-99.8,-99.8,-99.8,-99.8,-99.8,-99.8
2025-06-29 09:00:00,944.1,26.2,69.0,0.1,0.0,1.7,272.0,0.0,-99.8,-99.8,-99.8,-99.8,-99.8,-99.8,-99.8
2025-06-29 10:00:00,943.7,27.1,77.0,0.3,39.0,2.2,81.0,0.0,-99.8,-99.8,-99.8,-99.8,-99.8,-99.8,-99.8
2025-06-29 11:00:00,943.9,27.1,75.0,0.8,7.0,2.1,66.0,0.0,-99.8,-99.8,-99.8,-99.8,-99.8,-99.8,-99.8
2025-06-29 12:00:00,942.5,28.3,71.0,0.7,272.0,1.7,40.0,0.0,-99.8,-99.8,-99.8,-99.8,-99.8,-99.8,-99.8
2025-06-29 13:00:00,942.2,30.0,70.0,0.7,22.0,2.6,93.0,0.0,-99.8,-99.8,-99.8,-99.8,-99.8,-99.8,-99.8
2025-06-29 14:00:00,942.5,29.1,71.0,0.6,27.0,3.9,54.0,0.0,-99.8,-99.8,-99.8,-99.8,-99.8,-99.8,-99.8
2025-06-29 15:00:00,942.2,29.8,63.0,1.1,49.0,5.3,82.0,0.0,-99.8,-99.8,-99.8,-99.8,-99.8,-99.8,-99.8
2025-06-29 16:00:00,942.1,27.2,67.0,1.3,107.0,6.8,81.0,0.0,-99.8,-99.8,-99.8,-99.8,-99.8,-99.8,-99.8
2025-06-29 17:00:00,942.1,26.6,74.0,0.8,78.0,5.8,75.0,0.0,-99.8,-99.8,-99.8,-99.8,-99.8,-99.8,-99.8
2025-06-29 18:00:00,942.5,25.0,88.0,0.3,132.0,4.3,100.0,0.0,-99.8,-99.8,-99.8,-99.8,-99.8,-99.8,-99.8
2025-06-29 19:00:00,942.7,24.0,92.0,0.3,120.0,1.8,102.0,0.0,-99.8,-99.8,-99.8,-99.8,-99.8,-99.8,-99.8
2025-06-29 20:00:00,943.1,23.7,93.0,0.2,0.0,1.2,234.0,0.0,-99.8,-99.8,-99.8,-99.8,-99.8,-99.8,-99.8
2025-06-29 21:00:00,943.5,23.6,90.0,1.2,133.0,1.8,116.0,0.0,-99.8,-99.8,-99.8,-99.8,-99.8,-99.8,-99.8
2025-06-29 22:00:00,943.8,23.6,90.0,1.3,257.0,2.3,255.0,0.0,-99.8,-99.8,-99.8,-99.8,-99.8,-99.8,-99.8
2025-06-29 23:00:00,943.5,23.3,85.0,1.9,239.0,3.4,172.0,0.0,-99.8,-99.8,-99.8,-99.8,-99.8,-99.8,-99.8
2025-06-30 00:00:00,943.6,22.9,87.0,1.4,248.0,3.2,140.0,0.0,-99.8,-99.8,-99.8,-99.8,-99.8,-99.8,-99.8
2025-07-30 01:00:00,931.3,23.5,97.0,1.5,76.0,3.0,139.0,0.0,-99.8,-99.8,-99.8,-99.8,-99.8,-99.8,-99.8
2025-07-30 02:00:00,930.9,23.2,97.0,1.7,169.0,3.7,62.0,0.0,-99.8,-99.8,-99.8,-99.8,-99.8,-99.8,-99.8
2025-07-30 03:00:00,930.6,23.1,96.0,1.4,105.0,3.2,145.0,0.0,-99.8,-99.8,-99.8,-99.8,-99.8,-99.8,-99.8
2025-07-30 04:00:00,930.5,23.2,93.0,1.8,124.0,3.4,99.0,0.0,-99.8,-99.8,-99.8,-99.8,-99.8,-99.8,-99.8
2025-07-30 05:00:00,930.7,23.1,91.0,2.1,218.0,5.0,62.0,0.0,-99.8,-99.8,-99.8,-99.8,-99.8,-99.8,-99.8
2025-07-30 06:00:00,931.1,23.4,88.0,1.5,251.0,3.2,281.0,0.0,-99.8,-99.8,-99.8,-99.8,-99.8,-99.8,-99.8
2025-07-30 07:00:00,931.4,25.0,81.0,1.6,234.0,4.2,237.0,0.0,-99.8,-99.8,-99.8,-99.8,-99.8,-99.8,-99.8
2025-07-30 08:00:00,931.7,27.1,74.0,0.9,252.0,2.3,145.0,0.0,-99.8,-99.8,-99.8,-99.8,-99.8,-99.8,-99.8
2025-07-30 09:00:00,931.9,29.6,72.0,1.1,70.0,2.5,102.0,0.0,-99.8,-99.8,-99.8,-99.8,-99.8,-99.8,-99.8
2025-07-30 10:00:00,932.1,30.6,73.0,1.2,62.0,2.7,88.0,0.0,-99.8,-99.8,-99.8,-99.8,-99.8,-99.8,-99.8
2025-07-30 11:00:00,931.7,28.9,82.0,1.0,62.0,2.7,91.0,0.0,-99.8,-99.8,-99.8,-99.8,-99.8,-99.8,-99.8
2025-07-30 12:00:00,931.6,28.1,82.0,1.1,77.0,3.3,96.0,-999.6,-99.8,-99.8,-99.8,-99.8,-99.8,-99.8,-99.8
2025-07-30 13:00:00,931.4,28.2,83.0,0.2,0.0,2.5,107.0,0.0,-99.8,-99.8,-99.8,-99.8,-99.8,-99.8,-99.8
2025-07-30 14:00:00,931.2,27.6,86.0,0.6,80.0,2.2,103.0,0.0,-99.8,-99.8,-99.8,-99.8,-99.8,-99.8,-99.8
2025-07-30 15:00:00,931.1,27.3,86.0,0.4,79.0,1.9,96.0,0.0,-99.8,-99.8,-99.8,-99.8,-99.8,-99.8,-99.8
2025-07-30 16:00:00,931.0,27.0,88.0,0.4,61.0,1.8,89.0,0.0,-99.8,-99.8,-99.8,-99.8,-99.8,-99.8,-99.8
2025-07-30 17:00:00,931.3,27.0,88.0,0.1,0.0,1.2,53.0,0.0,-99.8,-99.8,-99.8,-99.8,-99.8,-99.8,-99.8
2025-07-30 18:00:00,931.8,25.8,90.0,0.6,64.0,1.7,119.0,0.0,-99.8,-99.8,-99.8,-99.8,-99.8,-99.8,-99.8
2025-07-30 19:00:00,932.1,25.8,89.0,1.2,92.0,2.2,53.0,0.0,-99.8,-99.8,-99.8,-99.8,-99.8,-99.8,-99.8
2025-07-30 20:00:00,933.0,25.5,89.0,0.7,199.0,2.3,88.0,0.0,-99.8,-99.8,-99.8,-99.8,-99.8,-99.8,-99.8
2025-07-30 21:00:00,933.2,25.7,84.0,1.7,280.0,3.4,82.0,0.0,-99.8,-99.8,-99.8,-99.8,-99.8,-99.8,-99.8
2025-07-30 22:00:00,933.5,25.5,83.0,2.1,222.0,4.0,61.0,-999.6,-99.8,-99.8,-99.8,-99.8,-99.8,-99.8,-99.8
2025-07-30 23:00:00,934.0,25.2,82.0,1.5,234.0,3.5,249.0,0.0,-99.8,-99.8,-99.8,-99.8,-99.8,-99.8,-99.8
2025-07-31 00:00:00,933.4,24.8,83.0,2.2,240.0,3.7,184.0,0.0,-99.8,-99.8,-99.8,-99.8,-99.8,-99.8,-99.8
2025-07-31 01:00:00,932.7,24.7,84.0,1.7,237.0,4.0,227.0,0.0,-99.8,-99.8,-99.8,-99.8,-99.8,-99.8,-99.8
2025-07-31 02:00:00,932.1,25.3,78.0,1.6,260.0,4.0,235.0,0.0,-99.8,-99.8,-99.8,-99.8,-99.8,-99.8,-99.8
2025-07-31 03:00:00,932.4,25.2,78.0,1.8,248.0,3.7,234.0,0.0,-99.8,-99.8,-99.8,-99.8,-99.8,-99.8,-99.8
2025-07-31 04:00:00,932.5,25.0,79.0,1.0,291.0,3.2,252.0,0.0,-99.8,-99.8,-99.8,-99.8,-99.8,-99.8,-99.8
2025-07-31 05:00:00,932.9,24.8,79.0,0.0,0.0,2.5,279.0,0.0,-99.8,-99.8,-99.8,-99.8,-99.8,-99.8,-99.8
2025-07-31 06:00:00,933.8,24.5,84.0,1.4,231.0,2.7,247.0,0.0,-99.8,-99.8,-99.8,-99.8,-99.8,-99.8,-99.8
2025-07-31 07:00:00,934.1,23.3,91.0,1.5,223.0,4.2,256.0,1.5,-99.8,-99.8,-99.8,-99.8,-99.8,-99.8,-99.8
2025-07-31 08:00:00,934.7,22.3,99.0,1.5,245.0,4.8,254.0,3.5,-99.8,-99.8,-99.8,-99.8,-99.8,-99.8,-99.8
2025-07-31 09:00:00,935.7,22.2,98.0,0.5,244.0,4.4,288.0,5.0,-99.8,-99.8,-99.8,-99.8,-99.8,-99.8,-99.8
2025-07-31 10:00:00,935.2,21.9,97.0,2.3,238.0,4.4,248.0,4.5,-99.8,-99.8,-99.8,-99.8,-99.8,-99.8,-99.8
2025-07-31 11:00:00,934.8,22.2,96.0,2.0,250.0,7.3,219.0,0.5,-99.8,-99.8,-99.8,-99.8,-99.8,-99.8,-99.8
2025-07-31 12:00:00,935.2,22.7,97.0,2.0,257.0,4.8,243.0,0.0,-99.8,-99.8,-99.8,-99.8,-99.8,-99.8,-99.8
2025-07-31 13:00:00,934.7,23.2,92.0,2.3,258.0,4.7,283.0,0.5,-99.8,-99.8,-99.8,-99.8,-99.8,-99.8,-99.8
2025-07-31 14:00:00,934.4,24.3,88.0,1.4,249.0,3.5,260.0,0.0,-99.8,-99.8,-99.8,-99.8,-99.8,-99.8,-99.8
2025-07-31 15:00:00,934.5,26.5,85.0,0.7,268.0,3.0,231.0,0.0,-99.8,-99.8,-99.8,-99.8,-99.8,-99.8,-99.8
2025-07-31 16:00:00,934.8,27.2,78.0,1.6,246.0,3.2,246.0,0.0,-99.8,-99.8,-99.8,-99.8,-99.8,-99.8,-99.8
2025-07-31 17:00:00,935.0,29.7,67.0,0.0,0.0,2.7,192.0,0.0,-99.8,-99.8,-99.8,-99.8,-99.8,-99.8,-99.8
2025-07-31 18:00:00,935.5,26.3,78.0,0.7,270.0,1.6,135.0,0.0,-99.8,-99.8,-99.8,-99.8,-99.8,-99.8,-99.8
2025-07-31 19:00:00,935.6,25.1,83.0,1.1,266.0,2.4,263.0,0.0,-99.8,-99.8,-99.8,-99.8,-99.8,-99.8,-99.8
2025-07-31 20:00:00,936.1,24.4,85.0,1.4,235.0,3.4,280.0,0.0,-99.8,-99.8,-99.8,-99.8,-99.8,-99.8,-99.8
2025-07-31 21:00:00,936.5,24.3,85.0,2.1,256.0,4.4,245.0,0.0,-99.8,-99.8,-99.8,-99.8,-99.8,-99.8,-99.8
2025-07-31 22:00:00,936.6,23.8,87.0,2.1,257.0,4.3,250.0,0.0,-99.8,-99.8,-99.8,-99.8,-99.8,-99.8,-99.8
2025-07-31 23:00:00,936.3,24.2,83.0,2.0,262.0,4.1,254.0,0.0,-99.8,-99.8,-99.8,-99.8,-99.8,-99.8,-99.8
2025-08-01 00:00:00,936.1,24.0,82.0,0.9,188.0,3.9,247.0,0.0,-99.8,-99.8,-99.8,-99.8,-99.8,-99.8,-99.8
2025-08-01 01:00:00,935.6,23.6,84.0,2.2,238.0,3.6,275.0,-999.6,-99.8,-99.8,-99.8,-99.8,-99.8,-99.8,-99.8
2025-08-01 02:00:00,935.2,23.5,84.0,2.3,248.0,4.1,152.0,0.0,-99.8,-99.8,-99.8,-99.8,-99.8,-99.8,-99.8
2025-08-01 03:00:00,935.2,23.8,80.0,0.2,0.0,4.8,233.0,0.0,-99.8,-99.8,-99.8,-99.8,-99.8,-99.8,-99.8
2025-08-01 04:00:00,935.5,23.0,85.0,1.1,117.0,2.1,113.0,0.0,-99.8,-99.8,-99.8,-99.8,-99.8,-99.8,-99.8
2025-08-01 05:00:00,935.7,23.5,80.0,2.9,234.0,4.4,76.0,0.0,-99.8,-99.8,-99.8,-99.8,-99.8,-99.8,-99.8
2025-08-01 06:00:00,936.0,23.6,79.0,2.6,244.0,6.6,238.0,0.0,-99.8,-99.8,-99.8,-99.8,-99.8,-99.8,-99.8
2025-08-01 07:00:00,936.5,24.4,79.0,2.1,255.0,5.1,204.0,0.0,-99.8,-99.8,-99.8,-99.8,-99.8,-99.8,-99.8
2025-08-01 08:00:00,936.8,27.8,74.0,1.0,81.0,2.9,258.0,0.0,-99.8,-99.8,-99.8,-99.8,-99.8,-99.8,-99.8
2025-08-01 09:00:00,937.2,27.9,77.0,0.8,40.0,3.1,94.0,0.0,-99.8,-99.8,-99.8,-99.8,-99.8,-99.8,-99.8
2025-08-01 10:00:00,937.6,28.0,81.0,0.9,40.0,3.8,64.0,0.0,-99.8,-99.8,-99.8,-99.8,-99.8,-99.8,-99.8
2025-08-01 11:00:00,938.1,26.2,89.0,0.4,12.0,5.3,64.0,0.0,-99.8,-99.8,-99.8,-99.8,-99.8,-99.8,-99.8
2025-08-01 12:00:00,937.8,26.6,87.0,0.4,35.0,3.2,62.0,0.0,-99.8,-99.8,-99.8,-99.8,-99.8,-99.8,-99.8
2025-08-01 13:00:00,937.3,27.5,83.0,0.4,329.0,2.9,34.0,0.0,-99.8,-99.8,-99.8,-99.8,-99.8,-99.8,-99.8
2025-08-01 14:00:00,936.8,26.9,85.0,0.5,352.0,1.9,71.0,0.0,-99.8,-99.8,-99.8,-99.8,-99.8,-99.8,-99.8
2025-08-01 15:00:00,936.5,28.6,77.0,0.5,6.0,2.4,51.0,0.0,-99.8,-99.8,-99.8,-99.8,-99.8,-99.8,-99.8
2025-08-01 16:00:00,936.8,27.6,85.0,0.6,83.0,2.2,181.0,0.0,-99.8,-99.8,-99.8,-99.8,-99.8,-99.8,-99.8
2025-08-01 17:00:00,937.4,26.2,90.0,0.0,0.0,2.2,100.0,0.0,-99.8,-99.8,-99.8,-99.8,-99.8,-99.8,-99.8
2025-08-01 18:00:00,938.4,24.8,94.0,0.0,0.0,1.5,90.0,0.0,-99.8,-99.8,-99.8,-99.8,-99.8,-99.8,-99.8
2025-08-01 19:00:00,938.6,24.2,97.0,0.8,196.0,1.5,147.0,0.0,-99.8,-99.8,-99.8,-99.8,-99.8,-99.8,-99.8
2025-08-01 20:00:00,938.6,24.1,96.0,0.2,0.0,1.9,98.0,0.0,-99.8,-99.8,-99.8,-99.8,-99.8,-99.8,-99.8
2025-08-01 21:00:00,939.0,23.8,96.0,1.7,97.0,2.8,77.0,0.0,-99.8,-99.8,-99.8,-99.8,-99.8,-99.8,-99.8
2025-08-01 22:00:00,939.1,23.9,90.0,2.4,206.0,4.4,287.0,-999.6,-99.8,-99.8,-99.8,-99.8,-99.8,-99.8,-99.8
2025-08-01 23:00:00,938.9,23.6,91.0,1.7,234.0,4.5,167.0,0.0,-99.8,-99.8,-99.8,-99.8,-99.8,-99.8,-99.8
2025-08-02 00:00:00,938.6,23.3,90.0,2.0,242.0,4.3,250.0,0.0,-99.8,-99.8,-99.8,-99.8,-99.8,-99.8,-99.8
2025-08-02 01:00:00,938.3,23.6,88.0,1.7,244.0,4.2,239.0,0.0,-99.8,-99.8,-99.8,-99.8,-99.8,-99.8,-99.8
2025-08-02 02:00:00,938.5,23.4,87.0,0.9,253.0,3.0,291.0,0.0,-99.8,-99.8,-99.8,-99.8,-99.8,-99.8,-99.8
2025-08-02 03:00:00,938.4,23.2,88.0,1.8,255.0,3.7,258.0,0.0,-99.8,-99.8,-99.8,-99.8,-99.8,-99.8,-99.8
2025-08-02 04:00:00,938.5,23.2,85.0,1.8,260.0,3.5,279.0,0.0,-99.8,-99.8,-99.8,-99.8,-99.8,-99.8,-99.8
2025-08-02 05:00:00,938.8,23.2,85.0,1.0,244.0,2.8,245.0,0.0,-99.8,-99.8,-99.8,-99.8,-99.8,-99.8,-99.8
2025-08-02 06:00:00,939.2,23.2,85.0,2.6,252.0,3.6,259.0,0.0,-99.8,-99.8,-99.8,-99.8,-99.8,-99.8,-99.8
2025-08-02 07:00:00,939.6,24.9,79.0,1.4,261.0,3.8,258.0,0.0,-99.8,-99.8,-99.8,-99.8,-99.8,-99.8,-99.8
2025-08-02 08:00:00,940.1,27.2,78.0,0.5,58.0,1.9,247.0,0.0,-99.8,-99.8,-99.8,-99.8,-99.8,-99.8,-99.8
2025-08-02 09:00:00,940.3,28.1,74.0,1.4,49.0,2.9,88.0,-999.6,-99.8,-99.8,-99.8,-99.8,-99.8,-99.8,-99.8
2025-08-02 10:00:00,940.3,28.9,75.0,1.0,357.0,3.2,22.0,0.0,-99.8,-99.8,-99.8,-99.8,-99.8,-99.8,-99.8
2025-08-02 11:00:00,940.2,28.4,76.0,0.8,42.0,3.2,82.0,0.0,-99.8,-99.8,-99.8,-99.8,-99.8,-99.8,-99.8
2025-08-02 12:00:00,939.9,28.5,83.0,1.1,21.0,4.4,64.0,0.0,-99.8,-99.8,-99.8,-99.8,-99.8,-99.8,-99.8
2025-08-02 13:00:00,940.2,25.2,90.0,0.3,134.0,3.4,42.0,1.0,-99.8,-99.8,-99.8,-99.8,-99.8,-99.8,-99.8
2025-08-02 14:00:00,939.6,23.7,98.0,1.5,77.0,2.3,119.0,9.0,-99.8,-99.8,-99.8,-99.8,-99.8,-99.8,-99.8
2025-08-02 15:00:00,939.3,24.0,98.0,1.5,88.0,2.7,235.0,0.5,-99.8,-99.8,-99.8,-99.8,-99.8,-99.8,-99.8
2025-08-02 16:00:00,939.1,24.0,97.0,1.5,160.0,2.6,196.0,0.5,-99.8,-99.8,-99.8,-99.8,-99.8,-99.8,-99.8
2025-08-02 17:00:00,938.9,23.8,93.0,1.2,216.0,4.0,241.0,0.0,-99.8,-99.8,-99.8,-99.8,-99.8,-99.8,-99.8
2025-08-02 18:00:00,939.5,24.1,94.0,0.6,158.0,2.0,201.0,0.0,-99.8,-99.8,-99.8,-99.8,-99.8,-99.8,-99.8
2025-08-02 19:00:00,939.5,23.5,98.0,1.8,198.0,3.4,237.0,0.5,-99.8,-99.8,-99.8,-99.8,-99.8,-99.8,-99.8
2025-08-02 20:00:00,939.6,23.7,94.0,0.6,218.0,3.4,134.0,0.0,-99.8,-99.8,-99.8,-99.8,-99.8,-99.8,-99.8
2025-08-02 21:00:00,940.4,23.5,97.0,0.2,0.0,1.4,102.0,0.0,-99.8,-99.8,-99.8,-99.8,-99.8,-99.8,-99.8
2025-08-02 22:00:00,940.3,23.3,97.0,1.6,233.0,3.0,231.0,0.0,-99.8,-99.8,-99.8,-99.8,-99.8,-99.8,-99.8
2025-08-02 23:00:00,940.2,23.7,91.0,2.4,246.0,3.7,238.0,0.0,-99.8,-99.8,-99.8,-99.8,-99.8,-99.8,-99.8
2025-08-03 00:00:00,940.0,23.3,95.0,2.2,259.0,3.3,250.0,0.0,-99.8,-99.8,-99.8,-99.8,-99.8,-99.8,-99.8
2025-08-03 01:00:00,939.3,23.8,88.0,2.1,259.0,3.9,245.0,0.0,-99.8,-99.8,-99.8,-99.8,-99.8,-99.8,-99.8
2025-08-03 02:00:00,938.9,23.6,88.0,1.1,235.0,3.2,286.0,0.0,-99.8,-99.8,-99.8,-99.8,-99.8,-99.8,-99.8
2025-08-03 03:00:00,939.3,23.1,92.0,0.8,259.0,2.2,279.0,0.0,-99.8,-99.8,-99.8,-99.8,-99.8,-99.8,-99.8
2025-08-03 04:00:00,939.4,23.3,88.0,1.9,250.0,3.3,285.0,0.0,-99.8,-99.8,-99.8,-99.8,-99.8,-99.8,-99.8
2025-08-03 05:00:00,939.6,23.1,91.0,1.6,260.0,3.1,291.0,0.0,-99.8,-99.8,-99.8,-99.8,-99.8,-99.8,-99.8
2025-08-03 06:00:00,940.1,23.8,85.0,1.3,265.0,3.2,270.0,0.0,-99.8,-99.8,-99.8,-99.8,-99.8,-99.8,-99.8
2025-08-03 07:00:00,940.5,24.0,86.0,1.0,252.0,2.8,250.0,0.0,-99.8,-99.8,-99.8,-99.8,-99.8,-99.8,-99.8
2025-08-03 08:00:00,940.9,25.3,82.0,1.1,269.0,1.8,267.0,0.0,-99.8,-99.8,-99.8,-99.8,-99.8,-99.8,-99.8
2025-08-03 09:00:00,941.1,26.4,82.0,0.8,264.0,1.6,285.0,0.0,-99.8,-99.8,-99.8,-99.8,-99.8,-99.8,-99.8
2025-08-03 10:00:00,940.9,28.1,76.0,0.2,0.0,1.1,241.0,0.0,-99.8,-99.8,-99.8,-99.8,-99.8,-99.8,-99.8
2025-08-03 11:00:00,940.7,27.7,84.0,0.5,68.0,1.6,56.0,0.0,-99.8,-99.8,-99.8,-99.8,-99.8,-99.8,-99.8
2025-08-03 12:00:00,940.5,27.4,84.0,0.5,53.0,2.2,41.0,1.0,-99.8,-99.8,-99.8,-99.8,-99.8,-99.8,-99.8
2025-08-03 13:00:00,940.6,26.7,89.0,0.0,0.0,1.6,49.0,0.5,-99.8,-99.8,-99.8,-99.8,-99.8,-99.8,-99.8
2025-08-03 14:00:00,940.2,26.7,85.0,0.0,0.0,2.4,171.0,0.0,-99.8,-99.8,-99.8,-99.8,-99.8,-99.8,-99.8
2025-08-03 15:00:00,939.9,27.0,85.0,0.0,0.0,0.8,75.0,0.5,-99.8,-99.8,-99.8,-99.8,-99.8,-99.8,-99.8
2025-08-03 16:00:00,940.0,25.6,88.0,0.1,0.0,1.1,231.0,0.0,-99.8,-99.8,-99.8,-99.8,-99.8,-99.8,-99.8
2025-08-03 17:00:00,940.3,24.9,90.0,0.8,202.0,1.8,166.0,0.5,-99.8,-99.8,-99.8,-99.8,-99.8,-99.8,-99.8
2025-08-03 18:00:00,940.5,24.5,95.0,1.2,203.0,3.0,203.0,0.0,-99.8,-99.8,-99.8,-99.8,-99.8,-99.8,-99.8
2025-08-03 19:00:00,940.6,23.8,98.0,2.4,239.0,3.5,266.0,0.5,-99.8,-99.8,-99.8,-99.8,-99.8,-99.8,-99.8
2025-08-03 20:00:00,940.9,23.9,93.0,2.5,256.0,4.5,257.0,0.5,-99.8,-99.8,-99.8,-99.8,-99.8,-99.8,-99.8
2025-08-03 21:00:00,940.7,23.5,96.0,2.5,251.0,3.8,276.0,0.0,-99.8,-99.8,-99.8,-99.8,-99.8,-99.8,-99.8
2025-08-03 22:00:00,940.8,23.5,93.0,1.9,265.0,4.0,255.0,0.0,-99.8,-99.8,-99.8,-99.8,-99.8,-99.8,-99.8
2025-08-03 23:00:00,940.2,22.7,91.0,2.0,254.0,4.2,276.0,0.0,-99.8,-99.8,-99.8,-99.8,-99.8,-99.8,-99.8
2025-08-04 00:00:00,940.1,22.9,87.0,2.0,266.0,5.0,262.0,0.0,-99.8,-99.8,-99.8,-99.8,-99.8,-99.8,-99.8
2025-08-04 01:00:00,939.9,22.8,89.0,2.1,258.0,4.5,272.0,0.0,-99.8,-99.8,-99.8,-99.8,-99.8,-99.8,-99.8
2025-08-04 02:00:00,940.0,22.6,89.0,2.2,270.0,4.2,263.0,0.0,-99.8,-99.8,-99.8,-99.8,-99.8,-99.8,-99.8
2025-08-04 03:00:00,940.1,23.2,83.0,2.5,263.0,4.6,266.0,0.0,-99.8,-99.8,-99.8,-99.8,-99.8,-99.8,-99.8
2025-08-04 04:00:00,940.4,22.9,86.0,2.0,263.0,4.3,244.0,0.0,-99.8,-99.8,-99.8,-99.8,-99.8,-99.8,-99.8
2025-08-04 05:00:00,940.6,23.3,81.0,2.6,268.0,4.3,259.0,0.0,-99.8,-99.8,-99.8,-99.8,-99.8,-99.8,-99.8
2025-08-04 06:00:00,941.0,23.4,80.0,2.0,261.0,4.3,283.0,0.0,-99.8,-99.8,-99.8,-99.8,-99.8,-99.8,-99.8
2025-08-04 07:00:00,941.8,23.1,84.0,1.9,249.0,3.7,256.0,0.0,-99.8,-99.8,-99.8,-99.8,-99.8,-99.8,-99.8
2025-08-04 08:00:00,942.0,24.1,80.0,1.4,257.0,3.7,238.0,0.0,-99.8,-99.8,-99.8,-99.8,-99.8,-99.8,-99.8
2025-08-04 09:00:00,942.2,27.8,74.0,1.0,55.0,2.7,253.0,0.0,-99.8,-99.8,-99.8,-99.8,-99.8,-99.8,-99.8
2025-08-04 10:00:00,941.8,28.5,70.0,0.2,0.0,2.3,84.0,0.0,-99.8,-99.8,-99.8,-99.8,-99.8,-99.8,-99.8
2025-08-04 11:00:00,941.9,29.2,76.0,0.7,37.0,2.6,43.0,0.0,-99.8,-99.8,-99.8,-99.8,-99.8,-99.8,-99.8
2025-08-04 12:00:00,941.9,28.7,78.0,0.1,0.0,3.3,18.0,0.0,-99.8,-99.8,-99.8,-99.8,-99.8,-99.8,-99.8
2025-08-04 13:00:00,941.7,29.0,75.0,0.6,56.0,2.1,84.0,0.0,-99.8,-99.8,-99.8,-99.8,-99.8,-99.8,-99.8
2025-08-04 14:00:00,941.0,28.4,76.0,0.1,0.0,2.0,57.0,0.0,-99.8,-99.8,-99.8,-99.8,-99.8,-99.8,-99.8
2025-08-04 15:00:00,941.2,27.6,80.0,0.0,0.0,1.9,71.0,0.0,-99.8,-99.8,-99.8,-99.8,-99.8,-99.8,-99.8
2025-08-04 16:00:00,941.0,26.3,84.0,0.2,0.0,1.6,108.0,0.0,-99.8,-99.8,-99.8,-99.8,-99.8,-99.8,-99.8
2025-08-04 17:00:00,940.9,25.7,93.0,0.0,0.0,1.7,83.0,0.0,-99.8,-99.8,-99.8,-99.8,-99.8,-99.8,-99.8
2025-08-04 18:00:00,941.2,24.9,91.0,0.0,0.0,1.3,90.0,0.0,-99.8,-99.8,-99.8,-99.8,-99.8,-99.8,-99.8
2025-08-04 19:00:00,941.8,24.2,95.0,0.9,142.0,1.5,124.0,0.0,-99.8,-99.8,-99.8,-99.8,-99.8,-99.8,-99.8
2025-08-04 20:00:00,942.6,23.9,95.0,1.3,204.0,2.4,243.0,0.5,-99.8,-99.8,-99.8,-99.8,-99.8,-99.8,-99.8
2025-08-04 21:00:00,943.3,24.1,94.0,1.6,250.0,3.1,236.0,0.0,-99.8,-99.8,-99.8,-99.8,-99.8,-99.8,-99.8
2025-08-04 22:00:00,942.9,23.5,98.0,2.7,264.0,4.4,256.0,0.0,-99.8,-99.8,-99.8,-99.8,-99.8,-99.8,-99.8
2025-08-04 23:00:00,942.0,23.5,96.0,2.3,255.0,5.5,285.0,0.0,-99.8,-99.8,-99.8,-99.8,-99.8,-99.8,-99.8
2025-08-05 00:00:00,942.1,24.2,88.0,0.2,0.0,4.8,257.0,0.0,-99.8,-99.8,-99.8,-99.8,-99.8,-99.8,-99.8
2025-08-05 01:00:00,942.1,23.3,94.0,1.0,170.0,2.0,203.0,0.0,-99.8,-99.8,-99.8,-99.8,-99.8,-99.8,-99.8
2025-08-05 02:00:00,941.3,23.3,92.0,2.0,267.0,4.4,254.0,0.0,-99.8,-99.8,-99.8,-99.8,-99.8,-99.8,-99.8
2025-08-05 03:00:00,941.5,23.2,89.0,1.6,250.0,3.9,253.0,-999.6,-99.8,-99.8,-99.8,-99.8,-99.8,-99.8,-99.8
2025-08-05 04:00:00,941.7,23.3,87.0,1.5,263.0,3.4,273.0,0.0,-99.8,-99.8,-99.8,-99.8,-99.8,-99.8,-99.8
2025-08-05 05:00:00,941.8,23.6,83.0,1.4,267.0,3.8,237.0,0.0,-99.8,-99.8,-99.8,-99.8,-99.8,-99.8,-99.8
2025-08-05 06:00:00,942.7,23.2,87.0,0.7,243.0,2.3,256.0,0.0,-99.8,-99.8,-99.8,-99.8,-99.8,-99.8,-99.8
2025-08-05 07:00:00,943.2,26.2,76.0,0.2,0.0,1.6,226.0,0.0,-99.8,-99.8,-99.8,-99.8,-99.8,-99.8,-99.8
2025-08-05 08:00:00,943.7,28.0,76.0,0.6,86.0,1.7,102.0,0.0,-99.8,-99.8,-99.8,-99.8,-99.8,-99.8,-99.8
2025-08-05 09:00:00,944.4,28.2,74.0,0.7,350.0,3.5,54.0,0.0,-99.8,-99.8,-99.8,-99.8,-99.8,-99.8,-99.8
2025-08-05 10:00:00,944.3,28.0,77.0,0.9,56.0,2.1,83.0,0.0,-99.8,-99.8,-99.8,-99.8,-99.8,-99.8,-99.8
2025-08-05 11:00:00,944.0,30.0,76.0,0.8,46.0,3.4,44.0,0.0,-99.8,-99.8,-99.8,-99.8,-99.8,-99.8,-99.8
2025-08-05 12:00:00,943.6,30.4,74.0,0.8,16.0,3.2,59.0,0.0,-99.8,-99.8,-99.8,-99.8,-99.8,-99.8,-99.8
2025-08-05 13:00:00,943.4,27.8,81.0,0.7,59.0,5.2,106.0,0.0,-99.8,-99.8,-99.8,-99.8,-99.8,-99.8,-99.8
2025-08-05 14:00:00,943.1,26.8,89.0,0.7,37.0,4.3,102.0,0.0,-99.8,-99.8,-99.8,-99.8,-99.8,-99.8,-99.8
2025-08-05 15:00:00,943.3,26.6,87.0,0.5,14.0,2.7,41.0,0.0,-99.8,-99.8,-99.8,-99.8,-99.8,-99.8,-99.8
2025-08-05 16:00:00,943.3,26.0,91.0,0.1,0.0,3.1,40.0,0.0,-99.8,-99.8,-99.8,-99.8,-99.8,-99.8,-99.8
2025-08-05 17:00:00,943.3,25.5,91.0,0.2,0.0,2.2,96.0,0.0,-99.8,-99.8,-99.8,-99.8,-99.8,-99.8,-99.8
2025-08-05 18:00:00,943.6,24.7,95.0,0.3,302.0,1.8,101.0,0.0,-99.8,-99.8,-99.8,-99.8,-99.8,-99.8,-99.8
2025-08-05 19:00:00,943.9,24.5,97.0,0.0,0.0,1.5,113.0,-999.6,-99.8,-99.8,-99.8,-99.8,-99.8,-99.8,-99.8
2025-08-05 20:00:00,944.5,24.5,98.0,0.0,0.0,0.2,0.0,0.0,-99.8,-99.8,-99.8,-99.8,-99.8,-99.8,-99.8
2025-08-05 21:00:00,945.1,24.0,99.0,1.8,125.0,2.9,105.0,0.0,-99.8,-99.8,-99.8,-99.8,-99.8,-99.8,-99.8
2025-08-05 22:00:00,945.5,23.8,98.0,0.3,97.0,2.7,165.0,0.0,-99.8,-99.8,-99.8,-99.8,-99.8,-99.8,-99.8
2025-08-05 23:00:00,945.7,23.9,99.0,0.3,101.0,1.5,160.0,0.0,-99.8,-99.8,-99.8,-99.8,-99.8,-99.8,-99.8
2025-08-06 00:00:00,945.6,23.8,99.0,0.0,0.0,1.5,72.0,0.0,-99.8,-99.8,-99.8,-99.8,-99.8,-99.8,-99.8
2025-08-06 01:00:00,944.8,23.4,99.0,1.3,151.0,2.6,242.0,0.0,-99.8,-99.8,-99.8,-99.8,-99.8,-99.8,-99.8
2025-08-06 02:00:00,944.3,23.3,98.0,1.1,223.0,3.2,101.0,0.0,-99.8,-99.8,-99.8,-99.8,-99.8,-99.8,-99.8
2025-08-06 03:00:00,944.0,22.8,99.0,2.1,192.0,2.9,249.0,0.0,-99.8,-99.8,-99.8,-99.8,-99.8,-99.8,-99.8
2025-08-06 04:00:00,944.3,23.1,91.0,0.6,219.0,3.6,219.0,0.0,-99.8,-99.8,-99.8,-99.8,-99.8,-99.8,-99.8
2025-08-06 05:00:00,944.4,23.1,86.0,1.7,210.0,3.2,111.0,0.0,-99.8,-99.8,-99.8,-99.8,-99.8,-99.8,-99.8
2025-08-06 06:00:00,944.8,23.0,86.0,1.6,257.0,3.6,239.0,0.0,-99.8,-99.8,-99.8,-99.8,-99.8,-99.8,-99.8
2025-08-06 07:00:00,944.7,24.1,81.0,1.8,265.0,3.4,242.0,0.0,-99.8,-99.8,-99.8,-99.8,-99.8,-99.8,-99.8
2025-08-06 08:00:00,945.2,26.6,-99.8,0.5,289.0,3.0,254.0,0.0,-99.8,-99.8,-99.8,-99.8,-99.8,-99.8,-99.8
2025-08-06 09:00:00,945.6,27.7,80.0,0.7,36.0,3.5,60.0,0.0,-99.8,-99.8,-99.8,-99.8,-99.8,-99.8,-99.8
2025-08-06 10:00:00,946.1,27.1,86.0,0.7,336.0,3.5,53.0,0.0,-99.8,-99.8,-99.8,-99.8,-99.8,-99.8,-99.8
2025-08-06 11:00:00,946.1,26.9,86.0,0.8,66.0,3.6,36.0,0.0,-99.8,-99.8,-99.8,-99.8,-99.8,-99.8,-99.8
2025-08-06 12:00:00,946.1,27.2,83.0,1.7,75.0,5.6,84.0,0.0,-99.8,-99.8,-99.8,-99.8,-99.8,-99.8,-99.8
2025-08-06 13:00:00,945.9,28.0,78.0,0.7,28.0,4.8,100.0,0.0,-99.8,-99.8,-99.8,-99.8,-99.8,-99.8,-99.8
2025-08-06 14:00:00,945.3,28.6,79.0,0.6,40.0,3.2,95.0,0.0,-99.8,-99.8,-99.8,-99.8,-99.8,-99.8,-99.8
2025-08-06 15:00:00,944.9,27.8,83.0,0.6,10.0,2.6,82.0,0.0,-99.8,-99.8,-99.8,-99.8,-99.8,-99.8,-99.8
2025-08-06 16:00:00,944.9,26.5,87.0,0.6,100.0,3.4,100.0,0.0,-99.8,-99.8,-99.8,-99.8,-99.8,-99.8,-99.8
2025-08-06 17:00:00,945.1,24.9,93.0,0.2,0.0,3.8,85.0,0.0,-99.8,-99.8,-99.8,-99.8,-99.8,-99.8,-99.8
2025-08-06 18:00:00,945.1,24.4,94.0,0.8,96.0,2.3,68.0,0.0,-99.8,-99.8,-99.8,-99.8,-99.8,-99.8,-99.8
2025-08-06 19:00:00,945.7,24.0,94.0,0.9,212.0,2.3,61.0,0.0,-99.8,-99.8,-99.8,-99.8,-99.8,-99.8,-99.8
2025-08-06 20:00:00,946.6,23.9,95.0,0.3,201.0,2.7,153.0,0.0,-99.8,-99.8,-99.8,-99.8,-99.8,-99.8,-99.8
2025-08-06 21:00:00,947.3,23.8,96.0,0.0,0.0,0.9,222.0,0.0,-99.8,-99.8,-99.8,-99.8,-99.8,-99.8,-99.8
2025-08-06 22:00:00,947.7,23.6,98.0,1.1,96.0,1.8,77.0,0.0,-99.8,-99.8,-99.8,-99.8,-99.8,-99.8,-99.8
2025-08-06 23:00:00,946.8,23.6,95.0,1.5,272.0,3.0,52.0,0.0,-99.8,-99.8,-99.8,-99.8,-99.8,-99.8,-99.8
2025-08-07 00:00:00,945.9,23.3,97.0,2.3,197.0,2.9,281.0,0.0,-99.8,-99.8,-99.8,-99.8,-99.8,-99.8,-99.8
2025-08-07 01:00:00,945.0,23.7,89.0,1.6,236.0,4.2,286.0,0.0,-99.8,-99.8,-99.8,-99.8,-99.8,-99.8,-99.8
2025-08-07 02:00:00,944.2,23.1,-99.8,2.1,250.0,4.7,264.0,0.0,-99.8,-99.8,-99.8,-99.8,-99.8,-99.8,-99.8
2025-08-07 03:00:00,943.8,23.0,88.0,2.5,255.0,4.1,257.0,0.0,-99.8,-99.8,-99.8,-99.8,-99.8,-99.8,-99.8
2025-08-07 04:00:00,944.0,23.7,76.0,2.3,257.0,4.0,283.0,0.0,-99.8,-99.8,-99.8,-99.8,-99.8,-99.8,-99.8
2025-08-07 05:00:00,944.6,23.5,75.0,1.5,257.0,3.6,246.0,0.0,-99.8,-99.8,-99.8,-99.8,-99.8,-99.8,-99.8
2025-08-07 06:00:00,945.6,23.1,78.0,0.4,205.0,1.6,260.0,0.0,-99.8,-99.8,-99.8,-99.8,-99.8,-99.8,-99.8
2025-08-07 07:00:00,945.9,25.1,72.0,0.3,339.0,2.3,249.0,0.0,-99.8,-99.8,-99.8,-99.8,-99.8,-99.8,-99.8
2025-08-07 08:00:00,946.1,26.6,67.0,0.2,0.0,1.3,22.0,0.0,-99.8,-99.8,-99.8,-99.8,-99.8,-99.8,-99.8
2025-08-07 09:00:00,946.2,27.4,74.0,0.5,59.0,2.0,16.0,0.0,-99.8,-99.8,-99.8,-99.8,-99.8,-99.8,-99.8
2025-08-07 10:00:00,946.0,28.6,71.0,1.4,44.0,3.5,24.0,0.0,-99.8,-99.8,-99.8,-99.8,-99.8,-99.8,-99.8
2025-08-07 11:00:00,946.0,28.2,79.0,0.8,75.0,3.9,61.0,0.0,-99.8,-99.8,-99.8,-99.8,-99.8,-99.8,-99.8
2025-08-07 12:00:00,945.6,28.2,78.0,1.0,58.0,3.1,107.0,0.0,-99.8,-99.8,-99.8,-99.8,-99.8,-99.8,-99.8
2025-08-07 13:00:00,945.4,29.5,77.0,0.9,24.0,3.0,34.0,0.0,-99.8,-99.8,-99.8,-99.8,-99.8,-99.8,-99.8
2025-08-07 14:00:00,945.1,29.1,75.0,0.9,33.0,3.3,54.0,0.0,-99.8,-99.8,-99.8,-99.8,-99.8,-99.8,-99.8
2025-08-07 15:00:00,944.9,26.6,84.0,1.2,70.0,4.6,94.0,0.0,-99.8,-99.8,-99.8,-99.8,-99.8,-99.8,-99.8
2025-08-07 16:00:00,944.8,27.0,84.0,0.2,0.0,3.1,84.0,0.0,-99.8,-99.8,-99.8,-99.8,-99.8,-99.8,-99.8
2025-08-07 17:00:00,944.5,25.4,92.0,0.4,62.0,2.3,38.0,-999.6,-99.8,-99.8,-99.8,-99.8,-99.8,-99.8,-99.8
2025-08-07 18:00:00,944.7,24.8,95.0,0.4,82.0,2.5,105.0,0.0,-99.8,-99.8,-99.8,-99.8,-99.8,-99.8,-99.8
2025-08-07 19:00:00,945.0,24.2,96.0,0.2,0.0,2.4,75.0,0.0,-99.8,-99.8,-99.8,-99.8,-99.8,-99.8,-99.8
2025-08-07 20:00:00,945.2,24.0,97.0,0.1,0.0,0.9,63.0,0.0,-99.8,-99.8,-99.8,-99.8,-99.8,-99.8,-99.8
2025-08-07 21:00:00,945.4,23.9,98.0,0.0,0.0,1.0,105.0,0.0,-99.8,-99.8,-99.8,-99.8,-99.8,-99.8,-99.8
2025-08-07 22:00:00,945.7,23.5,97.0,0.0,0.0,1.4,50.0,0.0,-99.8,-99.8,-99.8,-99.8,-99.8,-99.8,-99.8
2025-08-07 23:00:00,945.7,23.1,98.0,1.5,118.0,2.6,93.0,0.0,-99.8,-99.8,-99.8,-99.8,-99.8,-99.8,-99.8
2025-08-08 00:00:00,945.1,23.1,88.0,1.4,220.0,3.4,210.0,0.0,-99.8,-99.8,-99.8,-99.8,-99.8,-99.8,-99.8
2025-08-08 01:00:00,944.6,22.7,86.0,1.7,242.0,3.1,130.0,0.0,-99.8,-99.8,-99.8,-99.8,-99.8,-99.8,-99.8
2025-08-08 02:00:00,944.1,22.5,82.0,1.7,259.0,3.2,307.0,0.0,-99.8,-99.8,-99.8,-99.8,-99.8,-99.8,-99.8
2025-08-08 03:00:00,944.0,22.3,80.0,1.7,255.0,3.6,222.0,0.0,-99.8,-99.8,-99.8,-99.8,-99.8,-99.8,-99.8
2025-08-08 04:00:00,944.2,22.3,76.0,1.2,264.0,3.6,281.0,0.0,-99.8,-99.8,-99.8,-99.8,-99.8,-99.8,-99.8
2025-08-08 05:00:00,943.9,22.0,73.0,2.3,256.0,4.1,280.0,0.0,-99.8,-99.8,-99.8,-99.8,-99.8,-99.8,-99.8
2025-08-08 06:00:00,944.4,22.5,72.0,2.2,266.0,4.2,269.0,0.0,-99.8,-99.8,-99.8,-99.8,-99.8,-99.8,-99.8
2025-08-08 07:00:00,944.6,23.6,69.0,0.9,269.0,3.7,230.0,0.0,-99.8,-99.8,-99.8,-99.8,-99.8,-99.8,-99.8
2025-08-08 08:00:00,945.1,25.4,63.0,0.5,256.0,1.8,309.0,0.0,-99.8,-99.8,-99.8,-99.8,-99.8,-99.8,-99.8
2025-08-08 09:00:00,945.4,27.4,72.0,0.8,39.0,2.2,57.0,0.0,-99.8,-99.8,-99.8,-99.8,-99.8,-99.8,-99.8
2025-08-08 10:00:00,945.4,28.2,69.0,1.2,45.0,3.3,56.0,0.0,-99.8,-99.8,-99.8,-99.8,-99.8,-99.8,-99.8
2025-08-08 11:00:00,945.0,29.4,69.0,0.8,356.0,3.2,22.0,0.0,-99.8,-99.8,-99.8,-99.8,-99.8,-99.8,-99.8
2025-08-08 12:00:00,944.4,29.5,71.0,0.8,9.0,3.2,20.0,0.0,-99.8,-99.8,-99.8,-99.8,-99.8,-99.8,-99.8
2025-08-08 13:00:00,944.2,29.1,74.0,0.9,348.0,3.7,38.0,0.0,-99.8,-99.8,-99.8,-99.8,-99.8,-99.8,-99.8
2025-08-08 14:00:00,944.2,28.4,76.0,0.8,17.0,3.1,35.0,0.0,-99.8,-99.8,-99.8,-99.8,-99.8,-99.8,-99.8
2025-08-08 15:00:00,943.8,28.5,76.0,0.5,37.0,3.6,44.0,0.0,-99.8,-99.8,-99.8,-99.8,-99.8,-99.8,-99.8
2025-08-08 16:00:00,944.0,28.5,78.0,0.4,352.0,2.8,66.0,0.0,-99.8,-99.8,-99.8,-99.8,-99.8,-99.8,-99.8
2025-08-08 17:00:00,944.0,27.5,82.0,0.3,67.0,1.6,44.0,0.0,-99.8,-99.8,-99.8,-99.8,-99.8,-99.8,-99.8
2025-08-08 18:00:00,944.2,25.6,91.0,0.1,0.0,1.6,82.0,0.0,-99.8,-99.8,-99.8,-99.8,-99.8,-99.8,-99.8
2025-08-08 19:00:00,944.5,24.8,94.0,0.0,0.0,2.5,104.0,0.0,-99.8,-99.8,-99.8,-99.8,-99.8,-99.8,-99.8
2025-08-08 20:00:00,944.8,24.7,96.0,0.0,0.0,1.4,89.0,0.0,-99.8,-99.8,-99.8,-99.8,-99.8,-99.8,-99.8
2025-08-08 21:00:00,945.0,24.4,97.0,0.5,86.0,1.2,69.0,0.0,-99.8,-99.8,-99.8,-99.8,-99.8,-99.8,-99.8
2025-08-08 22:00:00,945.3,24.4,97.0,0.7,225.0,0.9,225.0,0.0,-99.8,-99.8,-99.8,-99.8,-99.8,-99.8,-99.8
2025-08-08 23:00:00,945.3,24.2,98.0,0.0,0.0,1.2,225.0,0.0,-99.8,-99.8,-99.8,-99.8,-99.8,-99.8,-99.8
2025-08-09 00:00:00,945.1,24.2,97.0,1.2,109.0,1.6,100.0,0.0,-99.8,-99.8,-99.8,-99.8,-99.8,-99.8,-99.8
2025-08-09 01:00:00,945.0,24.4,96.0,0.0,0.0,1.6,249.0,0.0,-99.8,-99.8,-99.8,-99.8,-99.8,-99.8,-99.8
2025-08-09 02:00:00,944.8,24.2,93.0,0.9,158.0,1.4,170.0,0.0,-99.8,-99.8,-99.8,-99.8,-99.8,-99.8,-99.8
2025-08-09 03:00:00,944.3,23.8,89.0,1.6,99.0,2.5,69.0,0.0,-99.8,-99.8,-99.8,-99.8,-99.8,-99.8,-99.8
2025-08-09 04:00:00,944.2,23.3,87.0,1.5,192.0,3.4,238.0,0.0,-99.8,-99.8,-99.8,-99.8,-99.8,-99.8,-99.8
2025-08-09 05:00:00,944.1,23.0,84.0,1.8,247.0,4.5,279.0,0.0,-99.8,-99.8,-99.8,-99.8,-99.8,-99.8,-99.8
2025-08-09 06:00:00,944.5,22.7,85.0,2.0,243.0,3.1,258.0,0.0,-99.8,-99.8,-99.8,-99.8,-99.8,-99.8,-99.8
2025-08-09 07:00:00,945.1,24.4,77.0,1.1,253.0,3.7,209.0,0.0,-99.8,-99.8,-99.8,-99.8,-99.8,-99.8,-99.8
2025-08-09 08:00:00,945.4,27.0,68.0,0.0,0.0,2.3,195.0,0.0,-99.8,-99.8,-99.8,-99.8,-99.8,-99.8,-99.8
2025-08-09 09:00:00,945.5,28.4,73.0,1.3,60.0,2.6,88.0,0.0,-99.8,-99.8,-99.8,-99.8,-99.8,-99.8,-99.8
2025-08-09 10:00:00,945.6,29.3,72.0,0.5,340.0,3.0,52.0,0.0,-99.8,-99.8,-99.8,-99.8,-99.8,-99.8,-99.8
2025-08-09 11:00:00,945.4,28.7,74.0,0.7,341.0,3.7,107.0,0.0,-99.8,-99.8,-99.8,-99.8,-99.8,-99.8,-99.8
2025-08-09 12:00:00,944.8,29.9,72.0,1.3,15.0,4.2,25.0,0.0,-99.8,-99.8,-99.8,-99.8,-99.8,-99.8,-99.8
2025-08-09 13:00:00,944.2,29.9,73.0,0.9,13.0,5.0,44.0,0.0,-99.8,-99.8,-99.8,-99.8,-99.8,-99.8,-99.8
2025-08-09 14:00:00,943.9,30.3,74.0,1.0,11.0,5.0,94.0,0.0,-99.8,-99.8,-99.8,-99.8,-99.8,-99.8,-99.8
2025-08-09 15:00:00,943.7,29.6,76.0,0.8,355.0,4.1,78.0,0.0,-99.8,-99.8,-99.8,-99.8,-99.8,-99.8,-99.8
2025-08-09 16:00:00,943.7,29.4,76.0,0.6,22.0,3.8,87.0,0.0,-99.8,-99.8,-99.8,-99.8,-99.8,-99.8,-99.8
2025-08-09 17:00:00,943.8,27.1,83.0,0.1,0.0,2.7,82.0,0.0,-99.8,-99.8,-99.8,-99.8,-99.8,-99.8,-99.8
2025-08-09 18:00:00,944.0,25.7,90.0,0.0,0.0,1.7,75.0,-999.6,-99.8,-99.8,-99.8,-99.8,-99.8,-99.8,-99.8
2025-08-09 19:00:00,944.3,24.9,94.0,0.2,0.0,1.9,103.0,0.0,-99.8,-99.8,-99.8,-99.8,-99.8,-99.8,-99.8
2025-08-09 20:00:00,944.4,24.8,96.0,0.3,77.0,1.0,232.0,0.0,-99.8,-99.8,-99.8,-99.8,-99.8,-99.8,-99.8
2025-08-09 21:00:00,944.9,24.6,96.0,0.0,0.0,0.8,150.0,0.0,-99.8,-99.8,-99.8,-99.8,-99.8,-99.8,-99.8
2025-08-09 22:00:00,944.8,24.6,93.0,0.4,141.0,1.2,147.0,0.0,-99.8,-99.8,-99.8,-99.8,-99.8,-99.8,-99.8
2025-08-09 23:00:00,944.3,24.2,95.0,0.3,94.0,1.4,142.0,0.0,-99.8,-99.8,-99.8,-99.8,-99.8,-99.8,-99.8
2025-08-10 00:00:00,943.7,24.1,95.0,0.0,0.0,1.5,236.0,0.0,-99.8,-99.8,-99.8,-99.8,-99.8,-99.8,-99.8
2025-08-10 01:00:00,943.5,24.1,94.0,0.1,0.0,2.0,211.0,0.0,-99.8,-99.8,-99.8,-99.8,-99.8,-99.8,-99.8
2025-08-10 02:00:00,943.2,24.2,95.0,0.5,65.0,1.3,58.0,0.0,-99.8,-99.8,-99.8,-99.8,-99.8,-99.8,-99.8
2025-08-10 03:00:00,943.5,24.2,91.0,0.7,125.0,1.9,56.0,0.0,-99.8,-99.8,-99.8,-99.8,-99.8,-99.8,-99.8
2025-08-10 04:00:00,943.5,23.9,87.0,1.5,199.0,2.8,99.0,0.0,-99.8,-99.8,-99.8,-99.8,-99.8,-99.8,-99.8
2025-08-10 05:00:00,943.2,23.7,83.0,1.6,223.0,3.1,234.0,0.0,-99.8,-99.8,-99.8,-99.8,-99.8,-99.8,-99.8
2025-08-10 06:00:00,943.8,23.3,84.0,1.5,242.0,2.5,104.0,0.0,-99.8,-99.8,-99.8,-99.8,-99.8,-99.8,-99.8
2025-08-10 07:00:00,944.0,24.8,77.0,1.7,245.0,4.0,243.0,0.0,-99.8,-99.8,-99.8,-99.8,-99.8,-99.8,-99.8
2025-08-10 08:00:00,944.6,26.7,78.0,1.2,50.0,2.3,61.0,0.0,-99.8,-99.8,-99.8,-99.8,-99.8,-99.8,-99.8
2025-08-10 09:00:00,945.0,27.4,79.0,1.3,57.0,3.4,93.0,0.0,-99.8,-99.8,-99.8,-99.8,-99.8,-99.8,-99.8
2025-08-10 10:00:00,945.0,28.5,76.0,0.6,13.0,3.0,36.0,0.0,-99.8,-99.8,-99.8,-99.8,-99.8,-99.8,-99.8
2025-08-10 11:00:00,944.8,29.3,76.0,1.1,349.0,3.2,56.0,0.0,-99.8,-99.8,-99.8,-99.8,-99.8,-99.8,-99.8
2025-08-10 12:00:00,944.1,29.3,76.0,1.3,9.0,4.6,22.0,0.0,-99.8,-99.8,-99.8,-99.8,-99.8,-99.8,-99.8
2025-08-10 13:00:00,944.0,28.0,75.0,1.3,87.0,6.6,92.0,0.0,-99.8,-99.8,-99.8,-99.8,-99.8,-99.8,-99.8
2025-08-10 14:00:00,943.8,28.1,78.0,0.8,52.0,4.9,75.0,-999.6,-99.8,-99.8,-99.8,-99.8,-99.8,-99.8,-99.8
2025-08-10 15:00:00,943.3,27.7,82.0,0.8,63.0,3.6,79.0,0.0,-99.8,-99.8,-99.8,-99.8,-99.8,-99.8,-99.8
2025-08-10 16:00:00,943.2,27.4,85.0,0.6,53.0,2.2,28.0,0.0,-99.8,-99.8,-99.8,-99.8,-99.8,-99.8,-99.8
2025-08-10 17:00:00,943.3,26.1,87.0,0.1,0.0,2.2,94.0,0.0,-99.8,-99.8,-99.8,-99.8,-99.8,-99.8,-99.8
2025-08-10 18:00:00,943.4,25.1,92.0,0.1,0.0,1.8,82.0,0.0,-99.8,-99.8,-99.8,-99.8,-99.8,-99.8,-99.8
2025-08-10 19:00:00,943.9,24.4,96.0,0.0,0.0,1.2,100.0,0.0,-99.8,-99.8,-99.8,-99.8,-99.8,-99.8,-99.8
2025-08-10 20:00:00,944.3,24.3,97.0,0.0,0.0,0.7,101.0,0.0,-99.8,-99.8,-99.8,-99.8,-99.8,-99.8,-99.8
2025-08-10 21:00:00,944.5,24.0,98.0,0.5,124.0,1.2,79.0,0.0,-99.8,-99.8,-99.8,-99.8,-99.8,-99.8,-99.8
2025-08-10 22:00:00,944.4,23.8,97.0,0.0,0.0,1.4,232.0,0.0,-99.8,-99.8,-99.8,-99.8,-99.8,-99.8,-99.8
2025-08-10 23:00:00,944.1,23.8,98.0,0.0,0.0,0.5,168.0,0.0,-99.8,-99.8,-99.8,-99.8,-99.8,-99.8,-99.8
2025-08-11 00:00:00,944.0,23.7,97.0,0.0,0.0,0.0,0.0,0.0,-99.8,-99.8,-99.8,-99.8,-99.8,-99.8,-99.8
2025-08-11 01:00:00,943.4,23.5,97.0,1.2,228.0,1.7,241.0,0.0,-99.8,-99.8,-99.8,-99.8,-99.8,-99.8,-99.8
2025-08-11 02:00:00,942.8,23.4,95.0,1.1,102.0,2.0,79.0,0.0,-99.8,-99.8,-99.8,-99.8,-99.8,-99.8,-99.8
2025-08-11 03:00:00,942.6,22.9,95.0,1.3,114.0,2.2,268.0,0.0,-99.8,-99.8,-99.8,-99.8,-99.8,-99.8,-99.8
2025-08-11 04:00:00,942.8,22.9,92.0,1.7,209.0,2.7,244.0,0.0,-99.8,-99.8,-99.8,-99.8,-99.8,-99.8,-99.8
2025-08-11 05:00:00,942.8,22.8,91.0,0.8,235.0,2.1,251.0,0.0,-99.8,-99.8,-99.8,-99.8,-99.8,-99.8,-99.8
2025-08-11 06:00:00,943.0,22.3,92.0,1.5,230.0,2.5,234.0,0.0,-99.8,-99.8,-99.8,-99.8,-99.8,-99.8,-99.8
2025-08-11 07:00:00,943.1,25.0,79.0,0.3,273.0,3.2,267.0,0.0,-99.8,-99.8,-99.8,-99.8,-99.8,-99.8,-99.8
2025-08-11 08:00:00,943.2,26.4,72.0,0.7,324.0,1.2,314.0,0.0,-99.8,-99.8,-99.8,-99.8,-99.8,-99.8,-99.8
2025-08-11 09:00:00,943.4,28.2,75.0,1.0,54.0,2.9,47.0,0.0,-99.8,-99.8,-99.8,-99.8,-99.8,-99.8,-99.8
2025-08-11 10:00:00,943.0,29.8,75.0,0.6,11.0,3.1,21.0,0.0,-99.8,-99.8,-99.8,-99.8,-99.8,-99.8,-99.8
2025-08-11 11:00:00,943.0,29.0,78.0,1.0,5.0,4.0,52.0,0.0,-99.8,-99.8,-99.8,-99.8,-99.8,-99.8,-99.8
2025-08-11 12:00:00,942.9,27.8,83.0,1.4,34.0,4.3,90.0,0.0,-99.8,-99.8,-99.8,-99.8,-99.8,-99.8,-99.8
2025-08-11 13:00:00,942.6,27.9,84.0,0.4,27.0,2.4,333.0,0.0,-99.8,-99.8,-99.8,-99.8,-99.8,-99.8,-99.8
2025-08-11 14:00:00,942.5,28.1,83.0,0.6,335.0,3.5,43.0,0.0,-99.8,-99.8,-99.8,-99.8,-99.8,-99.8,-99.8
2025-08-11 15:00:00,942.2,27.2,86.0,0.7,355.0,3.8,62.0,-999.6,-99.8,-99.8,-99.8,-99.8,-99.8,-99.8,-99.8
2025-08-11 16:00:00,942.1,26.6,87.0,0.9,47.0,4.7,93.0,0.0,-99.8,-99.8,-99.8,-99.8,-99.8,-99.8,-99.8
2025-08-11 17:00:00,942.2,25.3,92.0,0.5,71.0,4.2,81.0,0.0,-99.8,-99.8,-99.8,-99.8,-99.8,-99.8,-99.8
2025-08-11 18:00:00,942.4,24.9,93.0,0.0,0.0,1.6,62.0,0.0,-99.8,-99.8,-99.8,-99.8,-99.8,-99.8,-99.8
2025-08-11 19:00:00,942.8,24.4,95.0,0.0,0.0,1.2,91.0,0.0,-99.8,-99.8,-99.8,-99.8,-99.8,-99.8,-99.8
2025-08-11 20:00:00,943.3,24.2,96.0,0.0,0.0,0.4,142.0,0.0,-99.8,-99.8,-99.8,-99.8,-99.8,-99.8,-99.8
2025-08-11 21:00:00,943.6,24.0,96.0,0.5,122.0,2.0,74.0,0.0,-99.8,-99.8,-99.8,-99.8,-99.8,-99.8,-99.8
2025-08-11 22:00:00,943.9,23.9,96.0,0.0,0.0,2.0,151.0,0.0,-99.8,-99.8,-99.8,-99.8,-99.8,-99.8,-99.8
2025-08-11 23:00:00,944.2,23.9,97.0,0.0,0.0,1.0,132.0,0.0,-99.8,-99.8,-99.8,-99.8,-99.8,-99.8,-99.8
2025-08-12 00:00:00,944.1,23.6,94.0,1.1,103.0,1.2,112.0,0.0,-99.8,-99.8,-99.8,-99.8,-99.8,-99.8,-99.8
2025-08-12 01:00:00,943.7,23.5,94.0,0.1,0.0,2.8,137.0,0.0,-99.8,-99.8,-99.8,-99.8,-99.8,-99.8,-99.8
2025-08-12 02:00:00,943.3,23.3,94.0,1.9,135.0,2.7,62.0,0.0,-99.8,-99.8,-99.8,-99.8,-99.8,-99.8,-99.8
2025-08-12 03:00:00,943.2,23.4,91.0,1.1,178.0,2.7,235.0,0.0,-99.8,-99.8,-99.8,-99.8,-99.8,-99.8,-99.8
2025-08-12 04:00:00,943.2,22.9,93.0,1.6,167.0,2.6,255.0,0.0,-99.8,-99.8,-99.8,-99.8,-99.8,-99.8,-99.8
2025-08-12 05:00:00,943.6,23.2,89.0,0.9,226.0,2.6,243.0,0.0,-99.8,-99.8,-99.8,-99.8,-99.8,-99.8,-99.8
2025-08-12 06:00:00,944.0,23.1,89.0,1.0,218.0,2.8,280.0,0.0,-99.8,-99.8,-99.8,-99.8,-99.8,-99.8,-99.8
2025-08-12 07:00:00,944.1,24.6,81.0,1.0,235.0,2.7,281.0,0.0,-99.8,-99.8,-99.8,-99.8,-99.8,-99.8,-99.8
2025-08-12 08:00:00,943.9,27.5,75.0,0.1,0.0,2.3,241.0,0.0,-99.8,-99.8,-99.8,-99.8,-99.8,-99.8,-99.8
2025-08-12 09:00:00,944.7,28.5,76.0,0.6,336.0,3.1,32.0,-999.6,-99.8,-99.8,-99.8,-99.8,-99.8,-99.8,-99.8
2025-08-12 10:00:00,944.5,29.9,73.0,0.7,37.0,3.4,48.0,0.0,-99.8,-99.8,-99.8,-99.8,-99.8,-99.8,-99.8
2025-08-12 11:00:00,944.2,29.3,75.0,1.4,14.0,4.7,98.0,0.0,-99.8,-99.8,-99.8,-99.8,-99.8,-99.8,-99.8
2025-08-12 12:00:00,943.8,29.3,73.0,1.1,360.0,4.7,35.0,0.0,-99.8,-99.8,-99.8,-99.8,-99.8,-99.8,-99.8
2025-08-12 13:00:00,943.5,29.7,74.0,0.8,356.0,4.5,20.0,0.0,-99.8,-99.8,-99.8,-99.8,-99.8,-99.8,-99.8
2025-08-12 14:00:00,943.3,29.9,72.0,0.6,21.0,4.8,34.0,0.0,-99.8,-99.8,-99.8,-99.8,-99.8,-99.8,-99.8
2025-08-12 15:00:00,943.0,28.7,79.0,0.8,269.0,4.8,89.0,0.0,-99.8,-99.8,-99.8,-99.8,-99.8,-99.8,-99.8
2025-08-12 16:00:00,943.0,27.7,80.0,1.1,77.0,5.0,94.0,0.0,-99.8,-99.8,-99.8,-99.8,-99.8,-99.8,-99.8
2025-08-12 17:00:00,943.3,26.1,87.0,0.0,0.0,3.6,87.0,-999.6,-99.8,-99.8,-99.8,-99.8,-99.8,-99.8,-99.8
2025-08-12 18:00:00,943.6,25.0,90.0,0.0,0.0,2.3,97.0,0.0,-99.8,-99.8,-99.8,-99.8,-99.8,-99.8,-99.8
2025-08-12 19:00:00,944.2,24.3,91.0,0.1,0.0,2.2,76.0,0.0,-99.8,-99.8,-99.8,-99.8,-99.8,-99.8,-99.8
2025-08-12 20:00:00,944.4,23.9,91.0,0.5,134.0,1.6,78.0,0.0,-99.8,-99.8,-99.8,-99.8,-99.8,-99.8,-99.8
2025-08-12 21:00:00,945.0,23.9,91.0,0.4,156.0,1.4,87.0,0.0,-99.8,-99.8,-99.8,-99.8,-99.8,-99.8,-99.8
2025-08-12 22:00:00,945.4,23.9,92.0,1.4,118.0,2.3,143.0,0.0,-99.8,-99.8,-99.8,-99.8,-99.8,-99.8,-99.8
2025-08-12 23:00:00,945.5,23.9,90.0,2.2,155.0,4.2,169.0,0.0,-99.8,-99.8,-99.8,-99.8,-99.8,-99.8,-99.8
2025-08-13 00:00:00,945.0,23.7,88.0,2.3,236.0,4.2,169.0,0.0,-99.8,-99.8,-99.8,-99.8,-99.8,-99.8,-99.8
2025-08-13 01:00:00,944.6,23.7,86.0,1.9,253.0,4.7,217.0,-999.6,-99.8,-99.8,-99.8,-99.8,-99.8,-99.8,-99.8
2025-08-13 02:00:00,944.3,22.1,95.0,1.3,230.0,4.0,124.0,3.0,-99.8,-99.8,-99.8,-99.8,-99.8,-99.8,-99.8
2025-08-13 03:00:00,944.4,21.6,99.0,1.8,220.0,4.8,125.0,2.5,-99.8,-99.8,-99.8,-99.8,-99.8,-99.8,-99.8
2025-08-13 04:00:00,943.7,21.0,99.0,1.8,235.0,5.0,236.0,4.0,-99.8,-99.8,-99.8,-99.8,-99.8,-99.8,-99.8
2025-08-13 05:00:00,943.7,21.0,99.0,2.0,165.0,4.4,82.0,1.0,-99.8,-99.8,-99.8,-99.8,-99.8,-99.8,-99.8
2025-08-13 06:00:00,943.5,21.1,99.0,2.3,177.0,5.4,146.0,4.5,-99.8,-99.8,-99.8,-99.8,-99.8,-99.8,-99.8
2025-08-13 07:00:00,943.8,21.1,100.0,1.8,237.0,5.6,227.0,39.5,-99.8,-99.8,-99.8,-99.8,-99.8,-99.8,-99.8
2025-08-13 08:00:00,944.3,22.2,99.0,0.7,157.0,8.0,101.0,2.0,-99.8,-99.8,-99.8,-99.8,-99.8,-99.8,-99.8
2025-08-13 09:00:00,943.7,23.6,96.0,0.4,85.0,4.1,100.0,3.5,-99.8,-99.8,-99.8,-99.8,-99.8,-99.8,-99.8
2025-08-13 10:00:00,942.9,22.9,96.0,0.6,142.0,5.6,85.0,4.0,-99.8,-99.8,-99.8,-99.8,-99.8,-99.8,-99.8
2025-08-13 11:00:00,942.4,23.0,99.0,2.1,89.0,11.3,80.0,10.5,-99.8,-99.8,-99.8,-99.8,-99.8,-99.8,-99.8
2025-08-13 12:00:00,941.1,22.8,99.0,2.8,80.0,11.1,87.0,4.0,-99.8,-99.8,-99.8,-99.8,-99.8,-99.8,-99.8
2025-08-13 13:00:00,940.9,22.4,98.0,2.8,99.0,15.7,79.0,11.0,-99.8,-99.8,-99.8,-99.8,-99.8,-99.8,-99.8
2025-08-13 14:00:00,939.4,22.2,98.0,2.4,83.0,13.1,94.0,2.5,-99.8,-99.8,-99.8,-99.8,-99.8,-99.8,-99.8
2025-08-13 15:00:00,938.5,22.3,98.0,3.2,50.0,17.0,74.0,3.5,-99.8,-99.8,-99.8,-99.8,-99.8,-99.8,-99.8
2025-08-13 16:00:00,937.7,22.3,99.0,2.7,38.0,16.4,86.0,2.5,-99.8,-99.8,-99.8,-99.8,-99.8,-99.8,-99.8
2025-08-13 17:00:00,938.7,22.3,99.0,2.3,130.0,13.1,73.0,5.5,-99.8,-99.8,-99.8,-99.8,-99.8,-99.8,-99.8
2025-08-13 18:00:00,939.3,22.3,98.0,2.7,99.0,14.8,88.0,4.0,-99.8,-99.8,-99.8,-99.8,-99.8,-99.8,-99.8
2025-08-13 19:00:00,940.9,22.2,97.0,2.1,44.0,13.6,74.0,3.5,-99.8,-99.8,-99.8,-99.8,-99.8,-99.8,-99.8
2025-08-13 20:00:00,941.9,22.3,96.0,2.1,163.0,11.0,166.0,6.0,-99.8,-99.8,-99.8,-99.8,-99.8,-99.8,-99.8
2025-08-13 21:00:00,943.1,22.3,92.0,1.1,159.0,8.6,349.0,0.5,-99.8,-99.8,-99.8,-99.8,-99.8,-99.8,-99.8
2025-08-13 22:00:00,943.7,22.1,91.0,1.3,147.0,6.1,84.0,4.0,-99.8,-99.8,-99.8,-99.8,-99.8,-99.8,-99.8
2025-08-13 23:00:00,944.0,22.4,90.0,1.4,142.0,6.2,101.0,0.0,-99.8,-99.8,-99.8,-99.8,-99.8,-99.8,-99.8
2025-08-14 00:00:00,944.1,22.9,84.0,1.3,152.0,4.6,75.0,0.5,-99.8,-99.8,-99.8,-99.8,-99.8,-99.8,-99.8
2025-08-14 01:00:00,943.9,22.3,88.0,0.5,206.0,4.1,177.0,0.0,-99.8,-99.8,-99.8,-99.8,-99.8,-99.8,-99.8
2025-08-14 02:00:00,944.1,22.3,91.0,0.9,138.0,2.9,126.0,0.0,-99.8,-99.8,-99.8,-99.8,-99.8,-99.8,-99.8
2025-08-14 03:00:00,944.5,22.0,92.0,0.5,152.0,2.6,170.0,0.0,-99.8,-99.8,-99.8,-99.8,-99.8,-99.8,-99.8
2025-08-14 04:00:00,945.1,21.5,94.0,0.4,257.0,2.0,324.0,0.0,-99.8,-99.8,-99.8,-99.8,-99.8,-99.8,-99.8
2025-08-14 05:00:00,945.5,21.2,94.0,1.4,125.0,2.4,128.0,0.0,-99.8,-99.8,-99.8,-99.8,-99.8,-99.8,-99.8
2025-08-14 06:00:00,946.0,21.7,90.0,0.7,141.0,3.3,144.0,0.0,-99.8,-99.8,-99.8,-99.8,-99.8,-99.8,-99.8
2025-08-14 07:00:00,946.6,22.4,90.0,0.4,191.0,1.9,132.0,0.0,-99.8,-99.8,-99.8,-99.8,-99.8,-99.8,-99.8
2025-08-14 08:00:00,947.2,25.4,83.0,0.0,0.0,1.9,133.0,0.0,-99.8,-99.8,-99.8,-99.8,-99.8,-99.8,-99.8
2025-08-14 09:00:00,947.2,25.9,82.0,0.5,313.0,2.7,29.0,0.0,-99.8,-99.8,-99.8,-99.8,-99.8,-99.8,-99.8
2025-08-14 10:00:00,947.5,27.6,78.0,1.0,348.0,2.8,26.0,0.0,-99.8,-99.8,-99.8,-99.8,-99.8,-99.8,-99.8
2025-08-14 11:00:00,947.3,28.2,75.0,1.2,21.0,4.7,74.0,0.0,-99.8,-99.8,-99.8,-99.8,-99.8,-99.8,-99.8
2025-08-14 12:00:00,947.1,26.4,78.0,1.2,107.0,4.8,92.0,0.0,-99.8,-99.8,-99.8,-99.8,-99.8,-99.8,-99.8
2025-08-14 13:00:00,946.6,27.2,80.0,0.9,88.0,3.9,81.0,0.0,-99.8,-99.8,-99.8,-99.8,-99.8,-99.8,-99.8
2025-08-14 14:00:00,946.4,25.8,82.0,1.5,100.0,6.3,90.0,0.0,-99.8,-99.8,-99.8,-99.8,-99.8,-99.8,-99.8
2025-08-14 15:00:00,946.1,25.1,87.0,1.0,98.0,6.8,75.0,0.0,-99.8,-99.8,-99.8,-99.8,-99.8,-99.8,-99.8
2025-08-14 16:00:00,946.4,24.1,92.0,0.8,113.0,4.9,94.0,0.0,-99.8,-99.8,-99.8,-99.8,-99.8,-99.8,-99.8
2025-08-14 17:00:00,946.3,24.3,90.0,0.8,138.0,4.9,116.0,0.0,-99.8,-99.8,-99.8,-99.8,-99.8,-99.8,-99.8
2025-08-14 18:00:00,946.6,23.9,90.0,0.5,143.0,5.2,71.0,0.0,-99.8,-99.8,-99.8,-99.8,-99.8,-99.8,-99.8
2025-08-14 19:00:00,947.4,23.5,92.0,0.5,146.0,3.3,92.0,0.0,-99.8,-99.8,-99.8,-99.8,-99.8,-99.8,-99.8
2025-08-14 20:00:00,948.1,23.4,95.0,0.0,0.0,1.7,185.0,0.0,-99.8,-99.8,-99.8,-99.8,-99.8,-99.8,-99.8
2025-08-14 21:00:00,948.4,23.0,96.0,0.0,0.0,1.4,217.0,0.0,-99.8,-99.8,-99.8,-99.8,-99.8,-99.8,-99.8
2025-08-14 22:00:00,948.8,23.0,95.0,0.1,0.0,1.3,171.0,0.0,-99.8,-99.8,-99.8,-99.8,-99.8,-99.8,-99.8
2025-08-14 23:00:00,948.2,22.5,95.0,0.2,0.0,1.0,90.0,0.0,-99.8,-99.8,-99.8,-99.8,-99.8,-99.8,-99.8
2025-08-15 00:00:00,947.7,22.5,93.0,0.1,0.0,1.5,232.0,0.0,-99.8,-99.8,-99.8,-99.8,-99.8,-99.8,-99.8
2025-08-15 01:00:00,947.1,22.3,94.0,1.4,130.0,2.7,108.0,0.0,-99.8,-99.8,-99.8,-99.8,-99.8,-99.8,-99.8
2025-08-15 02:00:00,946.7,22.1,92.0,0.8,105.0,2.3,121.0,0.0,-99.8,-99.8,-99.8,-99.8,-99.8,-99.8,-99.8
2025-08-15 03:00:00,946.5,21.8,92.0,1.0,125.0,3.1,93.0,0.0,-99.8,-99.8,-99.8,-99.8,-99.8,-99.8,-99.8
2025-08-15 04:00:00,946.7,21.9,91.0,0.4,134.0,2.6,104.0,0.0,-99.8,-99.8,-99.8,-99.8,-99.8,-99.8,-99.8
2025-08-15 05:00:00,946.8,21.8,90.0,1.7,182.0,2.6,146.0,0.0,-99.8,-99.8,-99.8,-99.8,-99.8,-99.8,-99.8
2025-08-15 06:00:00,946.8,21.7,89.0,1.8,242.0,3.2,256.0,-999.6,-99.8,-99.8,-99.8,-99.8,-99.8,-99.8,-99.8
2025-08-15 07:00:00,947.0,22.4,87.0,1.5,243.0,3.1,231.0,0.0,-99.8,-99.8,-99.8,-99.8,-99.8,-99.8,-99.8
2025-08-15 08:00:00,947.3,24.7,79.0,0.0,0.0,2.9,240.0,0.0,-99.8,-99.8,-99.8,-99.8,-99.8,-99.8,-99.8
2025-08-15 09:00:00,947.4,26.5,80.0,0.5,29.0,2.7,25.0,0.0,-99.8,-99.8,-99.8,-99.8,-99.8,-99.8,-99.8
2025-08-15 10:00:00,947.5,28.0,69.0,1.1,41.0,6.7,88.0,0.0,-99.8,-99.8,-99.8,-99.8,-99.8,-99.8,-99.8
2025-08-15 11:00:00,947.3,28.6,68.0,1.4,67.0,5.7,111.0,0.0,-99.8,-99.8,-99.8,-99.8,-99.8,-99.8,-99.8
2025-08-15 12:00:00,946.8,28.7,68.0,0.5,33.0,5.2,27.0,0.0,-99.8,-99.8,-99.8,-99.8,-99.8,-99.8,-99.8
2025-08-15 13:00:00,946.6,28.3,69.0,1.3,97.0,5.4,72.0,0.0,-99.8,-99.8,-99.8,-99.8,-99.8,-99.8,-99.8
2025-08-15 14:00:00,946.4,28.5,65.0,1.8,73.0,5.5,98.0,0.0,-99.8,-99.8,-99.8,-99.8,-99.8,-99.8,-99.8
2025-08-15 15:00:00,946.6,28.3,66.0,1.2,61.0,7.9,102.0,0.0,-99.8,-99.8,-99.8,-99.8,-99.8,-99.8,-99.8
2025-08-15 16:00:00,946.8,28.0,70.0,0.5,71.0,7.4,88.0,0.0,-99.8,-99.8,-99.8,-99.8,-99.8,-99.8,-99.8
2025-08-15 17:00:00,946.9,26.0,80.0,0.0,0.0,2.0,76.0,0.0,-99.8,-99.8,-99.8,-99.8,-99.8,-99.8,-99.8
2025-08-15 18:00:00,947.3,24.5,89.0,0.1,0.0,1.7,127.0,0.0,-99.8,-99.8,-99.8,-99.8,-99.8,-99.8,-99.8
2025-08-15 19:00:00,947.6,23.7,93.0,0.0,0.0,1.5,82.0,0.0,-99.8,-99.8,-99.8,-99.8,-99.8,-99.8,-99.8
2025-08-15 20:00:00,947.8,23.6,93.0,0.0,0.0,1.1,232.0,0.0,-99.8,-99.8,-99.8,-99.8,-99.8,-99.8,-99.8
2025-08-15 21:00:00,948.0,23.5,91.0,0.3,103.0,1.2,101.0,0.0,-99.8,-99.8,-99.8,-99.8,-99.8,-99.8,-99.8
2025-08-15 22:00:00,947.8,23.1,93.0,0.3,130.0,2.5,117.0,0.0,-99.8,-99.8,-99.8,-99.8,-99.8,-99.8,-99.8
2025-08-15 23:00:00,947.4,23.0,89.0,1.1,138.0,2.3,131.0,0.0,-99.8,-99.8,-99.8,-99.8,-99.8,-99.8,-99.8
2025-08-16 00:00:00,946.7,22.4,90.0,1.5,108.0,2.4,239.0,0.0,-99.8,-99.8,-99.8,-99.8,-99.8,-99.8,-99.8
2025-08-16 01:00:00,946.3,22.6,87.0,1.4,128.0,3.1,91.0,0.0,-99.8,-99.8,-99.8,-99.8,-99.8,-99.8,-99.8
2025-08-16 02:00:00,945.4,22.1,87.0,2.3,157.0,3.6,284.0,0.0,-99.8,-99.8,-99.8,-99.8,-99.8,-99.8,-99.8
2025-08-16 03:00:00,945.4,21.9,84.0,1.8,157.0,3.5,96.0,0.0,-99.8,-99.8,-99.8,-99.8,-99.8,-99.8,-99.8
2025-08-16 04:00:00,945.3,21.6,85.0,1.9,201.0,3.9,282.0,0.0,-99.8,-99.8,-99.8,-99.8,-99.8,-99.8,-99.8
2025-08-16 05:00:00,945.4,21.4,83.0,1.5,231.0,3.1,146.0,0.0,-99.8,-99.8,-99.8,-99.8,-99.8,-99.8,-99.8
2025-08-16 06:00:00,945.6,21.2,84.0,2.5,226.0,3.8,134.0,0.0,-99.8,-99.8,-99.8,-99.8,-99.8,-99.8,-99.8
2025-08-16 07:00:00,946.3,23.3,77.0,0.8,248.0,3.7,247.0,0.0,-99.8,-99.8,-99.8,-99.8,-99.8,-99.8,-99.8
2025-08-16 08:00:00,946.6,25.4,69.0,0.3,247.0,2.4,231.0,0.0,-99.8,-99.8,-99.8,-99.8,-99.8,-99.8,-99.8
2025-08-16 09:00:00,946.9,27.0,73.0,1.4,60.0,3.2,47.0,0.0,-99.8,-99.8,-99.8,-99.8,-99.8,-99.8,-99.8
2025-08-16 10:00:00,947.3,28.5,70.0,0.5,23.0,4.4,66.0,0.0,-99.8,-99.8,-99.8,-99.8,-99.8,-99.8,-99.8
2025-08-16 11:00:00,946.9,28.7,74.0,1.2,44.0,4.8,55.0,0.0,-99.8,-99.8,-99.8,-99.8,-99.8,-99.8,-99.8
2025-08-16 12:00:00,946.6,28.3,74.0,1.6,28.0,4.7,75.0,0.0,-99.8,-99.8,-99.8,-99.8,-99.8,-99.8,-99.8
2025-08-16 13:00:00,946.3,28.7,73.0,0.9,59.0,5.0,85.0,0.0,-99.8,-99.8,-99.8,-99.8,-99.8,-99.8,-99.8
2025-08-16 14:00:00,945.8,27.8,76.0,1.7,96.0,6.3,89.0,0.0,-99.8,-99.8,-99.8,-99.8,-99.8,-99.8,-99.8
2025-08-16 15:00:00,945.7,27.2,80.0,1.4,94.0,5.1,96.0,0.0,-99.8,-99.8,-99.8,-99.8,-99.8,-99.8,-99.8
2025-08-16 16:00:00,945.6,26.7,75.0,1.3,99.0,4.8,90.0,0.0,-99.8,-99.8,-99.8,-99.8,-99.8,-99.8,-99.8
2025-08-16 17:00:00,945.5,26.4,78.0,0.3,50.0,3.8,100.0,0.0,-99.8,-99.8,-99.8,-99.8,-99.8,-99.8,-99.8
2025-08-16 18:00:00,946.0,24.2,89.0,0.0,0.0,1.7,87.0,0.0,-99.8,-99.8,-99.8,-99.8,-99.8,-99.8,-99.8
2025-08-16 19:00:00,946.5,23.4,95.0,0.1,0.0,2.2,74.0,0.0,-99.8,-99.8,-99.8,-99.8,-99.8,-99.8,-99.8
2025-08-16 20:00:00,946.8,23.1,92.0,0.2,0.0,1.7,80.0,0.0,-99.8,-99.8,-99.8,-99.8,-99.8,-99.8,-99.8
2025-08-16 21:00:00,947.2,23.0,90.0,0.1,0.0,1.2,195.0,0.0,-99.8,-99.8,-99.8,-99.8,-99.8,-99.8,-99.8
2025-08-16 22:00:00,947.1,22.8,92.0,0.4,189.0,1.4,77.0,0.0,-99.8,-99.8,-99.8,-99.8,-99.8,-99.8,-99.8
2025-08-16 23:00:00,946.9,22.6,91.0,0.4,158.0,1.9,64.0,0.0,-99.8,-99.8,-99.8,-99.8,-99.8,-99.8,-99.8
2025-08-17 00:00:00,946.6,22.6,90.0,0.5,82.0,1.2,331.0,0.0,-99.8,-99.8,-99.8,-99.8,-99.8,-99.8,-99.8
2025-08-17 01:00:00,946.4,22.2,94.0,1.2,76.0,2.7,69.0,0.0,-99.8,-99.8,-99.8,-99.8,-99.8,-99.8,-99.8
2025-08-17 02:00:00,946.0,22.6,84.0,1.3,161.0,2.6,70.0,0.0,-99.8,-99.8,-99.8,-99.8,-99.8,-99.8,-99.8
2025-08-17 03:00:00,945.9,21.7,88.0,1.2,112.0,2.9,70.0,0.0,-99.8,-99.8,-99.8,-99.8,-99.8,-99.8,-99.8
2025-08-17 04:00:00,945.9,21.5,86.0,1.4,230.0,3.2,248.0,0.0,-99.8,-99.8,-99.8,-99.8,-99.8,-99.8,-99.8
2025-08-17 05:00:00,945.6,21.0,87.0,1.6,237.0,4.0,150.0,0.0,-99.8,-99.8,-99.8,-99.8,-99.8,-99.8,-99.8
2025-08-17 06:00:00,946.0,21.0,85.0,1.9,249.0,4.9,236.0,0.0,-99.8,-99.8,-99.8,-99.8,-99.8,-99.8,-99.8
2025-08-17 07:00:00,946.4,22.5,80.0,1.6,247.0,4.6,257.0,0.0,-99.8,-99.8,-99.8,-99.8,-99.8,-99.8,-99.8
2025-08-17 08:00:00,947.0,25.3,68.0,0.2,0.0,2.3,229.0,0.0,-99.8,-99.8,-99.8,-99.8,-99.8,-99.8,-99.8
2025-08-17 09:00:00,947.5,26.6,70.0,0.6,37.0,2.9,36.0,0.0,-99.8,-99.8,-99.8,-99.8,-99.8,-99.8,-99.8
2025-08-17 10:00:00,947.5,28.1,72.0,0.9,12.0,3.3,8.0,0.0,-99.8,-99.8,-99.8,-99.8,-99.8,-99.8,-99.8
2025-08-17 11:00:00,947.1,28.1,72.0,0.5,69.0,4.0,30.0,0.0,-99.8,-99.8,-99.8,-99.8,-99.8,-99.8,-99.8
2025-08-17 12:00:00,947.0,27.1,74.0,1.1,101.0,4.9,71.0,0.0,-99.8,-99.8,-99.8,-99.8,-99.8,-99.8,-99.8
2025-08-17 13:00:00,946.7,27.8,72.0,1.7,76.0,4.8,132.0,0.0,-99.8,-99.8,-99.8,-99.8,-99.8,-99.8,-99.8
2025-08-17 14:00:00,946.4,27.7,71.0,1.6,77.0,6.0,106.0,0.0,-99.8,-99.8,-99.8,-99.8,-99.8,-99.8,-99.8
2025-08-17 15:00:00,946.4,27.5,73.0,1.6,52.0,5.5,81.0,0.0,-99.8,-99.8,-99.8,-99.8,-99.8,-99.8,-99.8
2025-08-17 16:00:00,946.5,27.8,73.0,0.8,58.0,4.2,102.0,0.0,-99.8,-99.8,-99.8,-99.8,-99.8,-99.8,-99.8
2025-08-17 17:00:00,946.8,25.0,84.0,0.6,174.0,5.1,84.0,0.0,-99.8,-99.8,-99.8,-99.8,-99.8,-99.8,-99.8
2025-08-17 18:00:00,947.3,24.1,85.0,0.7,127.0,3.4,109.0,0.0,-99.8,-99.8,-99.8,-99.8,-99.8,-99.8,-99.8
2025-08-17 19:00:00,947.9,23.9,87.0,0.3,129.0,2.8,118.0,0.0,-99.8,-99.8,-99.8,-99.8,-99.8,-99.8,-99.8
2025-08-17 20:00:00,948.5,23.5,92.0,0.0,0.0,1.6,165.0,0.0,-99.8,-99.8,-99.8,-99.8,-99.8,-99.8,-99.8
2025-08-17 21:00:00,948.7,23.0,88.0,0.1,0.0,1.2,197.0,0.0,-99.8,-99.8,-99.8,-99.8,-99.8,-99.8,-99.8
2025-08-17 22:00:00,948.7,22.8,90.0,1.3,70.0,2.1,234.0,0.0,-99.8,-99.8,-99.8,-99.8,-99.8,-99.8,-99.8
2025-08-17 23:00:00,948.2,22.3,90.0,1.2,158.0,2.6,67.0,0.0,-99.8,-99.8,-99.8,-99.8,-99.8,-99.8,-99.8
2025-08-18 00:00:00,948.0,22.3,88.0,1.0,130.0,3.0,290.0,0.0,-99.8,-99.8,-99.8,-99.8,-99.8,-99.8,-99.8
2025-08-18 01:00:00,947.6,21.8,89.0,1.7,172.0,3.2,249.0,0.0,-99.8,-99.8,-99.8,-99.8,-99.8,-99.8,-99.8
2025-08-18 02:00:00,947.4,21.8,87.0,1.8,253.0,3.9,200.0,0.0,-99.8,-99.8,-99.8,-99.8,-99.8,-99.8,-99.8
2025-08-18 03:00:00,947.1,21.2,89.0,2.5,244.0,4.4,266.0,0.0,-99.8,-99.8,-99.8,-99.8,-99.8,-99.8,-99.8
2025-08-18 04:00:00,946.6,21.7,79.0,2.4,239.0,5.4,262.0,0.0,-99.8,-99.8,-99.8,-99.8,-99.8,-99.8,-99.8
2025-08-18 05:00:00,946.8,20.9,85.0,2.4,209.0,3.8,273.0,0.0,-99.8,-99.8,-99.8,-99.8,-99.8,-99.8,-99.8
2025-08-18 06:00:00,947.6,21.3,79.0,1.8,219.0,4.3,230.0,0.0,-99.8,-99.8,-99.8,-99.8,-99.8,-99.8,-99.8
2025-08-18 07:00:00,948.2,23.4,71.0,1.2,241.0,4.7,152.0,0.0,-99.8,-99.8,-99.8,-99.8,-99.8,-99.8,-99.8
2025-08-18 08:00:00,948.3,25.8,71.0,0.5,48.0,2.7,315.0,0.0,-99.8,-99.8,-99.8,-99.8,-99.8,-99.8,-99.8
2025-08-18 09:00:00,949.0,26.7,69.0,0.5,23.0,2.9,88.0,0.0,-99.8,-99.8,-99.8,-99.8,-99.8,-99.8,-99.8
2025-08-18 10:00:00,949.0,27.9,70.0,1.2,11.0,2.7,28.0,0.0,-99.8,-99.8,-99.8,-99.8,-99.8,-99.8,-99.8
2025-08-18 11:00:00,948.5,28.8,68.0,0.9,16.0,3.0,58.0,0.0,-99.8,-99.8,-99.8,-99.8,-99.8,-99.8,-99.8
2025-08-18 12:00:00,948.3,28.5,68.0,1.0,11.0,4.9,87.0,0.0,-99.8,-99.8,-99.8,-99.8,-99.8,-99.8,-99.8
2025-08-18 13:00:00,947.8,28.8,71.0,1.0,353.0,4.2,67.0,0.0,-99.8,-99.8,-99.8,-99.8,-99.8,-99.8,-99.8
2025-08-18 14:00:00,947.5,28.7,72.0,0.7,33.0,3.1,39.0,0.0,-99.8,-99.8,-99.8,-99.8,-99.8,-99.8,-99.8
2025-08-18 15:00:00,947.7,27.2,78.0,0.3,137.0,3.3,50.0,0.0,-99.8,-99.8,-99.8,-99.8,-99.8,-99.8,-99.8
2025-08-18 16:00:00,947.5,25.9,86.0,0.4,91.0,3.4,91.0,0.0,-99.8,-99.8,-99.8,-99.8,-99.8,-99.8,-99.8
2025-08-18 17:00:00,947.7,24.7,90.0,0.2,0.0,3.0,88.0,0.0,-99.8,-99.8,-99.8,-99.8,-99.8,-99.8,-99.8
2025-08-18 18:00:00,948.1,23.2,99.0,0.1,0.0,2.3,89.0,8.0,-99.8,-99.8,-99.8,-99.8,-99.8,-99.8,-99.8
2025-08-18 19:00:00,948.6,22.7,99.0,0.1,0.0,3.3,77.0,0.0,-99.8,-99.8,-99.8,-99.8,-99.8,-99.8,-99.8
2025-08-18 20:00:00,948.9,22.8,99.0,0.9,64.0,2.4,62.0,0.0,-99.8,-99.8,-99.8,-99.8,-99.8,-99.8,-99.8
2025-08-18 21:00:00,949.3,22.4,100.0,1.7,81.0,2.8,68.0,0.5,-99.8,-99.8,-99.8,-99.8,-99.8,-99.8,-99.8
2025-08-18 22:00:00,949.1,22.2,98.0,1.7,92.0,3.1,243.0,0.0,-99.8,-99.8,-99.8,-99.8,-99.8,-99.8,-99.8
2025-08-18 23:00:00,948.4,22.3,94.0,2.0,105.0,4.7,233.0,0.0,-99.8,-99.8,-99.8,-99.8,-99.8,-99.8,-99.8
2025-08-19 00:00:00,947.8,22.3,90.0,1.6,246.0,3.9,249.0,0.0,-99.8,-99.8,-99.8,-99.8,-99.8,-99.8,-99.8
2025-08-19 01:00:00,947.7,21.8,93.0,1.8,212.0,3.5,271.0,0.0,-99.8,-99.8,-99.8,-99.8,-99.8,-99.8,-99.8
2025-08-19 02:00:00,947.3,21.4,93.0,2.3,207.0,4.1,242.0,0.0,-99.8,-99.8,-99.8,-99.8,-99.8,-99.8,-99.8
2025-08-19 03:00:00,946.8,21.7,89.0,2.6,250.0,4.4,275.0,0.0,-99.8,-99.8,-99.8,-99.8,-99.8,-99.8,-99.8
2025-08-19 04:00:00,946.4,21.3,91.0,2.0,261.0,4.9,191.0,0.0,-99.8,-99.8,-99.8,-99.8,-99.8,-99.8,-99.8
2025-08-19 05:00:00,946.5,21.7,88.0,1.5,273.0,4.4,264.0,0.0,-99.8,-99.8,-99.8,-99.8,-99.8,-99.8,-99.8
2025-08-19 06:00:00,947.0,21.6,88.0,2.1,242.0,3.1,270.0,0.0,-99.8,-99.8,-99.8,-99.8,-99.8,-99.8,-99.8
2025-08-19 07:00:00,947.3,22.8,82.0,1.6,241.0,4.3,192.0,0.0,-99.8,-99.8,-99.8,-99.8,-99.8,-99.8,-99.8
2025-08-19 08:00:00,947.4,25.1,72.0,0.7,318.0,3.3,271.0,0.0,-99.8,-99.8,-99.8,-99.8,-99.8,-99.8,-99.8
2025-08-19 09:00:00,947.7,27.0,70.0,0.6,334.0,1.8,24.0,0.0,-99.8,-99.8,-99.8,-99.8,-99.8,-99.8,-99.8
2025-08-19 10:00:00,947.8,27.7,76.0,0.8,1.0,3.1,92.0,0.0,-99.8,-99.8,-99.8,-99.8,-99.8,-99.8,-99.8
2025-08-19 11:00:00,947.7,28.6,72.0,0.6,6.0,4.0,83.0,0.0,-99.8,-99.8,-99.8,-99.8,-99.8,-99.8,-99.8
2025-08-19 12:00:00,947.7,27.3,77.0,0.5,137.0,4.6,105.0,0.0,-99.8,-99.8,-99.8,-99.8,-99.8,-99.8,-99.8
2025-08-19 13:00:00,947.3,27.9,73.0,1.0,21.0,3.4,82.0,0.0,-99.8,-99.8,-99.8,-99.8,-99.8,-99.8,-99.8
2025-08-19 14:00:00,946.8,26.7,79.0,0.3,40.0,3.6,22.0,0.0,-99.8,-99.8,-99.8,-99.8,-99.8,-99.8,-99.8
2025-08-19 15:00:00,946.6,25.3,84.0,0.1,0.0,1.8,47.0,0.0,-99.8,-99.8,-99.8,-99.8,-99.8,-99.8,-99.8
2025-08-19 16:00:00,946.8,25.6,86.0,0.4,67.0,1.9,58.0,0.0,-99.8,-99.8,-99.8,-99.8,-99.8,-99.8,-99.8
2025-08-19 17:00:00,946.7,24.4,90.0,0.2,0.0,2.6,68.0,0.0,-99.8,-99.8,-99.8,-99.8,-99.8,-99.8,-99.8
2025-08-19 18:00:00,947.0,23.9,94.0,0.3,84.0,1.5,69.0,0.0,-99.8,-99.8,-99.8,-99.8,-99.8,-99.8,-99.8
2025-08-19 19:00:00,947.4,23.6,93.0,0.6,71.0,1.7,70.0,0.0,-99.8,-99.8,-99.8,-99.8,-99.8,-99.8,-99.8
2025-08-19 20:00:00,947.5,23.4,93.0,1.3,104.0,2.7,78.0,0.0,-99.8,-99.8,-99.8,-99.8,-99.8,-99.8,-99.8
2025-08-19 21:00:00,947.8,22.9,96.0,2.0,145.0,3.1,124.0,0.0,-99.8,-99.8,-99.8,-99.8,-99.8,-99.8,-99.8
2025-08-19 22:00:00,947.9,23.4,92.0,0.4,262.0,3.0,227.0,0.0,-99.8,-99.8,-99.8,-99.8,-99.8,-99.8,-99.8
2025-08-19 23:00:00,947.5,22.8,91.0,1.1,172.0,2.8,127.0,0.0,-99.8,-99.8,-99.8,-99.8,-99.8,-99.8,-99.8
2025-08-20 00:00:00,947.2,22.5,93.0,0.9,207.0,3.1,212.0,0.0,-99.8,-99.8,-99.8,-99.8,-99.8,-99.8,-99.8
2025-08-20 01:00:00,946.5,22.0,93.0,1.6,209.0,2.2,242.0,0.0,-99.8,-99.8,-99.8,-99.8,-99.8,-99.8,-99.8
2025-08-20 02:00:00,945.6,22.2,89.0,2.0,230.0,3.5,246.0,0.0,-99.8,-99.8,-99.8,-99.8,-99.8,-99.8,-99.8
2025-08-20 03:00:00,945.5,22.3,87.0,1.4,245.0,3.1,236.0,0.0,-99.8,-99.8,-99.8,-99.8,-99.8,-99.8,-99.8
2025-08-20 04:00:00,945.3,22.3,86.0,2.1,245.0,3.5,131.0,0.0,-99.8,-99.8,-99.8,-99.8,-99.8,-99.8,-99.8
2025-08-20 05:00:00,945.5,22.2,85.0,1.4,263.0,4.1,277.0,0.0,-99.8,-99.8,-99.8,-99.8,-99.8,-99.8,-99.8
2025-08-20 06:00:00,945.8,21.9,87.0,2.5,254.0,4.6,233.0,0.0,-99.8,-99.8,-99.8,-99.8,-99.8,-99.8,-99.8
2025-08-20 07:00:00,946.3,22.5,84.0,1.4,266.0,3.7,278.0,0.0,-99.8,-99.8,-99.8,-99.8,-99.8,-99.8,-99.8
2025-08-20 08:00:00,946.8,24.4,77.0,0.8,268.0,3.2,269.0,0.0,-99.8,-99.8,-99.8,-99.8,-99.8,-99.8,-99.8
2025-08-20 09:00:00,947.0,26.6,68.0,0.5,241.0,2.0,235.0,0.0,-99.8,-99.8,-99.8,-99.8,-99.8,-99.8,-99.8
2025-08-20 10:00:00,947.2,28.8,68.0,0.9,34.0,3.0,19.0,0.0,-99.8,-99.8,-99.8,-99.8,-99.8,-99.8,-99.8
2025-08-20 11:00:00,946.9,27.8,73.0,1.2,31.0,2.7,29.0,-999.6,-99.8,-99.8,-99.8,-99.8,-99.8,-99.8,-99.8
2025-08-20 12:00:00,946.3,29.1,68.0,1.1,3.0,3.4,19.0,0.0,-99.8,-99.8,-99.8,-99.8,-99.8,-99.8,-99.8
2025-08-20 13:00:00,945.9,26.4,74.0,0.9,140.0,5.6,107.0,0.0,-99.8,-99.8,-99.8,-99.8,-99.8,-99.8,-99.8
2025-08-20 14:00:00,945.9,25.2,81.0,0.8,88.0,5.1,155.0,0.0,-99.8,-99.8,-99.8,-99.8,-99.8,-99.8,-99.8
2025-08-20 15:00:00,946.2,23.6,90.0,1.8,171.0,3.3,216.0,2.5,-99.8,-99.8,-99.8,-99.8,-99.8,-99.8,-99.8
2025-08-20 16:00:00,945.7,23.8,90.0,0.4,238.0,3.4,247.0,2.5,-99.8,-99.8,-99.8,-99.8,-99.8,-99.8,-99.8
2025-08-20 17:00:00,946.1,23.2,89.0,1.9,213.0,3.1,253.0,0.0,-99.8,-99.8,-99.8,-99.8,-99.8,-99.8,-99.8
2025-08-20 18:00:00,946.2,23.0,88.0,2.4,244.0,4.2,245.0,0.0,-99.8,-99.8,-99.8,-99.8,-99.8,-99.8,-99.8
2025-08-20 19:00:00,946.5,22.7,89.0,1.7,196.0,4.0,230.0,0.0,-99.8,-99.8,-99.8,-99.8,-99.8,-99.8,-99.8
2025-08-20 20:00:00,946.9,22.4,89.0,1.0,213.0,3.2,124.0,0.0,-99.8,-99.8,-99.8,-99.8,-99.8,-99.8,-99.8
2025-08-20 21:00:00,947.3,21.6,91.0,1.7,232.0,4.2,256.0,0.0,-99.8,-99.8,-99.8,-99.8,-99.8,-99.8,-99.8
2025-08-20 22:00:00,947.5,22.4,83.0,1.5,202.0,4.0,248.0,0.0,-99.8,-99.8,-99.8,-99.8,-99.8,-99.8,-99.8
2025-08-20 23:00:00,947.4,21.7,88.0,2.7,256.0,4.2,268.0,0.0,-99.8,-99.8,-99.8,-99.8,-99.8,-99.8,-99.8
2025-08-21 00:00:00,947.1,22.0,80.0,2.3,259.0,4.8,239.0,0.0,-99.8,-99.8,-99.8,-99.8,-99.8,-99.8,-99.8
2025-08-21 01:00:00,947.0,21.9,77.0,1.8,260.0,4.1,211.0,0.0,-99.8,-99.8,-99.8,-99.8,-99.8,-99.8,-99.8
2025-08-21 02:00:00,946.7,22.0,74.0,1.8,208.0,3.5,271.0,0.0,-99.8,-99.8,-99.8,-99.8,-99.8,-99.8,-99.8
2025-08-21 03:00:00,946.5,22.4,72.0,2.1,249.0,3.8,281.0,0.0,-99.8,-99.8,-99.8,-99.8,-99.8,-99.8,-99.8
2025-08-21 04:00:00,946.8,21.7,79.0,1.5,252.0,3.1,117.0,0.0,-99.8,-99.8,-99.8,-99.8,-99.8,-99.8,-99.8
2025-08-21 05:00:00,946.8,21.8,75.0,2.5,238.0,4.2,278.0,0.0,-99.8,-99.8,-99.8,-99.8,-99.8,-99.8,-99.8
2025-08-21 06:00:00,947.3,21.9,77.0,1.4,215.0,4.2,286.0,0.0,-99.8,-99.8,-99.8,-99.8,-99.8,-99.8,-99.8
2025-08-21 07:00:00,947.7,22.7,75.0,2.0,189.0,3.8,239.0,0.0,-99.8,-99.8,-99.8,-99.8,-99.8,-99.8,-99.8
2025-08-21 08:00:00,947.9,24.7,69.0,1.2,250.0,3.5,271.0,0.0,-99.8,-99.8,-99.8,-99.8,-99.8,-99.8,-99.8
2025-08-21 09:00:00,948.1,27.1,58.0,0.3,196.0,2.5,164.0,0.0,-99.8,-99.8,-99.8,-99.8,-99.8,-99.8,-99.8
2025-08-21 10:00:00,948.2,28.6,68.0,1.1,63.0,2.9,95.0,0.0,-99.8,-99.8,-99.8,-99.8,-99.8,-99.8,-99.8
2025-08-21 11:00:00,947.9,28.7,67.0,0.9,347.0,3.4,36.0,0.0,-99.8,-99.8,-99.8,-99.8,-99.8,-99.8,-99.8
2025-08-21 12:00:00,947.2,28.7,67.0,0.9,337.0,4.5,30.0,0.0,-99.8,-99.8,-99.8,-99.8,-99.8,-99.8,-99.8
2025-08-21 13:00:00,946.5,28.8,70.0,0.8,10.0,5.3,93.0,0.0,-99.8,-99.8,-99.8,-99.8,-99.8,-99.8,-99.8
2025-08-21 14:00:00,946.3,28.7,71.0,0.8,16.0,3.7,93.0,0.0,-99.8,-99.8,-99.8,-99.8,-99.8,-99.8,-99.8
2025-08-21 15:00:00,946.1,28.9,69.0,0.4,44.0,4.7,42.0,0.0,-99.8,-99.8,-99.8,-99.8,-99.8,-99.8,-99.8
2025-08-21 16:00:00,946.0,25.9,85.0,0.6,81.0,2.0,263.0,0.0,-99.8,-99.8,-99.8,-99.8,-99.8,-99.8,-99.8
2025-08-21 17:00:00,946.1,24.7,87.0,0.3,185.0,1.8,59.0,0.0,-99.8,-99.8,-99.8,-99.8,-99.8,-99.8,-99.8
2025-08-21 18:00:00,945.8,24.5,92.0,0.0,0.0,1.1,60.0,0.0,-99.8,-99.8,-99.8,-99.8,-99.8,-99.8,-99.8
2025-08-21 19:00:00,946.0,23.6,95.0,0.0,0.0,1.8,104.0,0.0,-99.8,-99.8,-99.8,-99.8,-99.8,-99.8,-99.8
2025-08-21 20:00:00,946.3,23.3,95.0,1.9,119.0,2.7,68.0,0.0,-99.8,-99.8,-99.8,-99.8,-99.8,-99.8,-99.8
2025-08-21 21:00:00,947.2,23.1,94.0,0.2,0.0,2.4,64.0,0.0,-99.8,-99.8,-99.8,-99.8,-99.8,-99.8,-99.8
2025-08-21 22:00:00,947.3,22.7,94.0,0.5,194.0,1.8,62.0,0.0,-99.8,-99.8,-99.8,-99.8,-99.8,-99.8,-99.8
2025-08-21 23:00:00,946.9,22.3,93.0,1.4,179.0,2.7,70.0,0.0,-99.8,-99.8,-99.8,-99.8,-99.8,-99.8,-99.8
2025-08-22 00:00:00,946.8,21.8,92.0,1.7,151.0,2.8,71.0,0.0,-99.8,-99.8,-99.8,-99.8,-99.8,-99.8,-99.8
2025-08-22 01:00:00,946.3,22.0,87.0,2.1,165.0,3.3,100.0,0.0,-99.8,-99.8,-99.8,-99.8,-99.8,-99.8,-99.8
2025-08-22 02:00:00,946.0,21.9,86.0,1.9,230.0,3.9,110.0,0.0,-99.8,-99.8,-99.8,-99.8,-99.8,-99.8,-99.8
2025-08-22 03:00:00,945.8,21.6,86.0,2.2,258.0,3.8,290.0,0.0,-99.8,-99.8,-99.8,-99.8,-99.8,-99.8,-99.8
2025-08-22 04:00:00,945.9,21.7,83.0,1.8,254.0,4.0,275.0,0.0,-99.8,-99.8,-99.8,-99.8,-99.8,-99.8,-99.8
2025-08-22 05:00:00,946.0,21.8,81.0,1.9,263.0,4.6,239.0,0.0,-99.8,-99.8,-99.8,-99.8,-99.8,-99.8,-99.8
2025-08-22 06:00:00,946.4,21.5,82.0,2.3,258.0,4.1,287.0,0.0,-99.8,-99.8,-99.8,-99.8,-99.8,-99.8,-99.8
2025-08-22 07:00:00,946.8,23.3,76.0,0.9,267.0,3.7,246.0,0.0,-99.8,-99.8,-99.8,-99.8,-99.8,-99.8,-99.8
2025-08-22 08:00:00,947.0,26.3,66.0,0.3,242.0,2.1,197.0,-999.6,-99.8,-99.8,-99.8,-99.8,-99.8,-99.8,-99.8
2025-08-22 09:00:00,947.3,27.3,70.0,1.3,78.0,2.3,88.0,0.0,-99.8,-99.8,-99.8,-99.8,-99.8,-99.8,-99.8
2025-08-22 10:00:00,947.2,28.6,68.0,0.6,335.0,3.2,60.0,0.0,-99.8,-99.8,-99.8,-99.8,-99.8,-99.8,-99.8
2025-08-22 11:00:00,947.1,29.1,69.0,0.9,12.0,3.4,39.0,0.0,-99.8,-99.8,-99.8,-99.8,-99.8,-99.8,-99.8
2025-08-22 12:00:00,946.7,28.9,72.0,0.9,350.0,4.0,32.0,0.0,-99.8,-99.8,-99.8,-99.8,-99.8,-99.8,-99.8
2025-08-22 13:00:00,946.1,29.0,74.0,0.7,349.0,4.1,32.0,0.0,-99.8,-99.8,-99.8,-99.8,-99.8,-99.8,-99.8
2025-08-22 14:00:00,945.9,28.9,73.0,0.9,26.0,4.2,85.0,0.0,-99.8,-99.8,-99.8,-99.8,-99.8,-99.8,-99.8
2025-08-22 15:00:00,945.4,28.6,76.0,1.0,10.0,3.2,42.0,0.0,-99.8,-99.8,-99.8,-99.8,-99.8,-99.8,-99.8
2025-08-22 16:00:00,945.4,28.2,78.0,0.5,46.0,3.7,50.0,0.0,-99.8,-99.8,-99.8,-99.8,-99.8,-99.8,-99.8
2025-08-22 17:00:00,945.0,26.0,88.0,0.0,0.0,3.5,84.0,0.0,-99.8,-99.8,-99.8,-99.8,-99.8,-99.8,-99.8
2025-08-22 18:00:00,945.4,24.6,94.0,0.0,0.0,2.2,94.0,0.0,-99.8,-99.8,-99.8,-99.8,-99.8,-99.8,-99.8
2025-08-22 19:00:00,945.7,24.1,96.0,0.0,0.0,1.1,91.0,0.0,-99.8,-99.8,-99.8,-99.8,-99.8,-99.8,-99.8
2025-08-22 20:00:00,946.1,23.9,95.0,0.0,0.0,1.3,77.0,0.0,-99.8,-99.8,-99.8,-99.8,-99.8,-99.8,-99.8
2025-08-22 21:00:00,946.6,23.5,94.0,0.1,0.0,1.0,166.0,0.0,-99.8,-99.8,-99.8,-99.8,-99.8,-99.8,-99.8
2025-08-22 22:00:00,947.0,23.7,92.0,0.0,0.0,1.5,146.0,0.0,-99.8,-99.8,-99.8,-99.8,-99.8,-99.8,-99.8
2025-08-22 23:00:00,946.8,23.5,94.0,0.3,57.0,0.9,52.0,0.0,-99.8,-99.8,-99.8,-99.8,-99.8,-99.8,-99.8
2025-08-23 00:00:00,946.8,23.6,92.0,0.0,0.0,1.0,57.0,0.0,-99.8,-99.8,-99.8,-99.8,-99.8,-99.8,-99.8
2025-08-23 01:00:00,946.6,23.4,95.0,0.8,122.0,1.7,204.0,0.0,-99.8,-99.8,-99.8,-99.8,-99.8,-99.8,-99.8
2025-08-23 02:00:00,945.9,23.0,91.0,1.5,63.0,2.3,74.0,0.0,-99.8,-99.8,-99.8,-99.8,-99.8,-99.8,-99.8
2025-08-23 03:00:00,945.8,22.6,86.0,1.6,221.0,4.0,141.0,0.0,-99.8,-99.8,-99.8,-99.8,-99.8,-99.8,-99.8
2025-08-23 04:00:00,945.8,22.4,86.0,2.3,232.0,3.5,295.0,0.0,-99.8,-99.8,-99.8,-99.8,-99.8,-99.8,-99.8
2025-08-23 05:00:00,946.1,22.2,84.0,1.8,231.0,3.6,249.0,0.0,-99.8,-99.8,-99.8,-99.8,-99.8,-99.8,-99.8
2025-08-23 06:00:00,946.3,21.8,86.0,2.5,234.0,3.3,278.0,0.0,-99.8,-99.8,-99.8,-99.8,-99.8,-99.8,-99.8
2025-08-23 07:00:00,946.6,23.1,81.0,1.0,246.0,3.6,197.0,0.0,-99.8,-99.8,-99.8,-99.8,-99.8,-99.8,-99.8
2025-08-23 08:00:00,946.6,25.7,69.0,0.9,228.0,2.2,193.0,0.0,-99.8,-99.8,-99.8,-99.8,-99.8,-99.8,-99.8
2025-08-23 09:00:00,946.7,27.6,67.0,0.4,231.0,1.7,278.0,0.0,-99.8,-99.8,-99.8,-99.8,-99.8,-99.8,-99.8
2025-08-23 10:00:00,946.8,28.7,71.0,1.0,28.0,3.2,15.0,0.0,-99.8,-99.8,-99.8,-99.8,-99.8,-99.8,-99.8
2025-08-23 11:00:00,946.6,30.1,69.0,0.9,356.0,2.8,52.0,0.0,-99.8,-99.8,-99.8,-99.8,-99.8,-99.8,-99.8
2025-08-23 12:00:00,945.9,29.9,71.0,0.8,344.0,3.1,329.0,0.0,-99.8,-99.8,-99.8,-99.8,-99.8,-99.8,-99.8
2025-08-23 13:00:00,945.5,28.9,77.0,1.2,10.0,3.5,117.0,0.0,-99.8,-99.8,-99.8,-99.8,-99.8,-99.8,-99.8
2025-08-23 14:00:00,945.3,29.0,77.0,1.1,53.0,3.9,41.0,0.0,-99.8,-99.8,-99.8,-99.8,-99.8,-99.8,-99.8
2025-08-23 15:00:00,945.3,26.7,85.0,0.9,69.0,5.1,93.0,0.0,-99.8,-99.8,-99.8,-99.8,-99.8,-99.8,-99.8
2025-08-23 16:00:00,945.3,26.6,87.0,0.0,0.0,3.5,32.0,0.0,-99.8,-99.8,-99.8,-99.8,-99.8,-99.8,-99.8
2025-08-23 17:00:00,945.3,25.4,92.0,0.0,0.0,2.5,84.0,0.0,-99.8,-99.8,-99.8,-99.8,-99.8,-99.8,-99.8
2025-08-23 18:00:00,945.4,25.1,92.0,0.2,0.0,2.5,55.0,0.0,-99.8,-99.8,-99.8,-99.8,-99.8,-99.8,-99.8
2025-08-23 19:00:00,945.9,24.6,94.0,0.2,0.0,2.7,89.0,0.0,-99.8,-99.8,-99.8,-99.8,-99.8,-99.8,-99.8
2025-08-23 20:00:00,946.7,24.2,95.0,0.1,0.0,3.1,85.0,0.0,-99.8,-99.8,-99.8,-99.8,-99.8,-99.8,-99.8
2025-08-23 21:00:00,947.3,24.1,95.0,0.0,0.0,1.0,110.0,0.0,-99.8,-99.8,-99.8,-99.8,-99.8,-99.8,-99.8
2025-08-23 22:00:00,947.5,23.7,95.0,0.6,83.0,1.3,69.0,0.0,-99.8,-99.8,-99.8,-99.8,-99.8,-99.8,-99.8
2025-08-23 23:00:00,947.4,24.0,85.0,0.0,0.0,2.3,218.0,0.0,-99.8,-99.8,-99.8,-99.8,-99.8,-99.8,-99.8
2025-08-24 00:00:00,947.6,23.5,87.0,1.0,191.0,2.5,105.0,0.0,-99.8,-99.8,-99.8,-99.8,-99.8,-99.8,-99.8
2025-08-24 01:00:00,947.5,23.0,87.0,1.4,242.0,2.6,178.0,0.0,-99.8,-99.8,-99.8,-99.8,-99.8,-99.8,-99.8
2025-08-24 02:00:00,947.2,22.9,81.0,2.0,236.0,3.8,253.0,0.0,-99.8,-99.8,-99.8,-99.8,-99.8,-99.8,-99.8
2025-08-24 03:00:00,947.1,22.5,79.0,2.0,250.0,4.0,242.0,0.0,-99.8,-99.8,-99.8,-99.8,-99.8,-99.8,-99.8
2025-08-24 04:00:00,946.9,22.1,79.0,2.0,261.0,4.0,235.0,0.0,-99.8,-99.8,-99.8,-99.8,-99.8,-99.8,-99.8
2025-08-24 05:00:00,946.6,21.9,78.0,2.5,258.0,4.1,252.0,0.0,-99.8,-99.8,-99.8,-99.8,-99.8,-99.8,-99.8
2025-08-24 06:00:00,947.1,21.7,76.0,2.2,259.0,4.2,261.0,0.0,-99.8,-99.8,-99.8,-99.8,-99.8,-99.8,-99.8
2025-08-24 07:00:00,947.4,23.3,71.0,1.8,256.0,4.8,240.0,0.0,-99.8,-99.8,-99.8,-99.8,-99.8,-99.8,-99.8
2025-08-24 08:00:00,947.6,25.6,64.0,0.6,273.0,3.5,277.0,0.0,-99.8,-99.8,-99.8,-99.8,-99.8,-99.8,-99.8
2025-08-24 09:00:00,948.4,27.3,68.0,0.7,38.0,3.0,88.0,0.0,-99.8,-99.8,-99.8,-99.8,-99.8,-99.8,-99.8
2025-08-24 10:00:00,948.2,28.6,73.0,1.1,39.0,3.2,29.0,0.0,-99.8,-99.8,-99.8,-99.8,-99.8,-99.8,-99.8
2025-08-24 11:00:00,947.8,29.1,72.0,0.8,344.0,3.5,7.0,0.0,-99.8,-99.8,-99.8,-99.8,-99.8,-99.8,-99.8
2025-08-24 12:00:00,947.4,29.2,69.0,1.8,77.0,5.8,80.0,0.0,-99.8,-99.8,-99.8,-99.8,-99.8,-99.8,-99.8
2025-08-24 13:00:00,946.9,28.7,77.0,0.8,33.0,4.3,60.0,0.0,-99.8,-99.8,-99.8,-99.8,-99.8,-99.8,-99.8
2025-08-24 14:00:00,946.5,27.5,79.0,1.3,109.0,6.1,79.0,0.0,-99.8,-99.8,-99.8,-99.8,-99.8,-99.8,-99.8
2025-08-24 15:00:00,946.2,27.1,81.0,1.2,109.0,6.1,101.0,0.0,-99.8,-99.8,-99.8,-99.8,-99.8,-99.8,-99.8
2025-08-24 16:00:00,946.2,26.2,82.0,1.0,126.0,5.5,82.0,0.0,-99.8,-99.8,-99.8,-99.8,-99.8,-99.8,-99.8
2025-08-24 17:00:00,946.0,25.2,85.0,0.8,118.0,4.5,77.0,0.0,-99.8,-99.8,-99.8,-99.8,-99.8,-99.8,-99.8
2025-08-24 18:00:00,946.5,24.6,88.0,0.4,140.0,4.3,80.0,0.0,-99.8,-99.8,-99.8,-99.8,-99.8,-99.8,-99.8
2025-08-24 19:00:00,947.3,24.0,88.0,0.5,188.0,4.1,91.0,0.0,-99.8,-99.8,-99.8,-99.8,-99.8,-99.8,-99.8
2025-08-24 20:00:00,947.6,23.9,90.0,0.0,0.0,3.3,96.0,0.0,-99.8,-99.8,-99.8,-99.8,-99.8,-99.8,-99.8
2025-08-24 21:00:00,948.2,24.0,89.0,0.0,0.0,1.3,63.0,0.0,-99.8,-99.8,-99.8,-99.8,-99.8,-99.8,-99.8
2025-08-24 22:00:00,948.0,23.3,93.0,0.8,100.0,1.8,87.0,0.0,-99.8,-99.8,-99.8,-99.8,-99.8,-99.8,-99.8
2025-08-24 23:00:00,947.7,23.3,89.0,0.1,0.0,2.3,89.0,0.0,-99.8,-99.8,-99.8,-99.8,-99.8,-99.8,-99.8
2025-08-25 00:00:00,947.4,23.1,90.0,1.1,191.0,2.9,133.0,0.0,-99.8,-99.8,-99.8,-99.8,-99.8,-99.8,-99.8
2025-08-25 01:00:00,947.2,23.0,88.0,0.8,214.0,3.0,134.0,0.0,-99.8,-99.8,-99.8,-99.8,-99.8,-99.8,-99.8
2025-08-25 02:00:00,946.7,22.8,85.0,1.3,248.0,3.2,181.0,0.0,-99.8,-99.8,-99.8,-99.8,-99.8,-99.8,-99.8
2025-08-25 03:00:00,946.2,22.4,85.0,0.7,247.0,3.6,250.0,0.0,-99.8,-99.8,-99.8,-99.8,-99.8,-99.8,-99.8
2025-08-25 04:00:00,946.0,22.1,83.0,1.7,236.0,3.6,157.0,0.0,-99.8,-99.8,-99.8,-99.8,-99.8,-99.8,-99.8
2025-08-25 05:00:00,946.3,21.8,83.0,2.2,249.0,4.1,252.0,0.0,-99.8,-99.8,-99.8,-99.8,-99.8,-99.8,-99.8
2025-08-25 06:00:00,946.7,21.5,82.0,1.8,260.0,3.6,255.0,0.0,-99.8,-99.8,-99.8,-99.8,-99.8,-99.8,-99.8
2025-08-25 07:00:00,947.0,22.7,75.0,1.3,265.0,4.1,258.0,0.0,-99.8,-99.8,-99.8,-99.8,-99.8,-99.8,-99.8
2025-08-25 08:00:00,947.4,26.5,61.0,0.0,0.0,1.7,303.0,0.0,-99.8,-99.8,-99.8,-99.8,-99.8,-99.8,-99.8
2025-08-25 09:00:00,947.6,27.3,68.0,0.5,35.0,1.8,16.0,0.0,-99.8,-99.8,-99.8,-99.8,-99.8,-99.8,-99.8
2025-08-25 10:00:00,947.6,28.5,69.0,0.7,350.0,2.9,43.0,0.0,-99.8,-99.8,-99.8,-99.8,-99.8,-99.8,-99.8
2025-08-25 11:00:00,947.4,29.0,67.0,0.8,360.0,3.3,54.0,0.0,-99.8,-99.8,-99.8,-99.8,-99.8,-99.8,-99.8
2025-08-25 12:00:00,947.3,29.6,63.0,1.3,43.0,7.2,84.0,0.0,-99.8,-99.8,-99.8,-99.8,-99.8,-99.8,-99.8
2025-08-25 13:00:00,947.0,29.4,65.0,1.2,101.0,6.7,95.0,0.0,-99.8,-99.8,-99.8,-99.8,-99.8,-99.8,-99.8
2025-08-25 14:00:00,946.8,28.6,68.0,1.5,101.0,6.6,97.0,0.0,-99.8,-99.8,-99.8,-99.8,-99.8,-99.8,-99.8
2025-08-25 15:00:00,946.5,29.2,67.0,1.2,111.0,6.5,93.0,0.0,-99.8,-99.8,-99.8,-99.8,-99.8,-99.8,-99.8
2025-08-25 16:00:00,946.1,28.1,68.0,0.7,92.0,5.0,94.0,0.0,-99.8,-99.8,-99.8,-99.8,-99.8,-99.8,-99.8
2025-08-25 17:00:00,945.8,25.3,78.0,0.5,156.0,5.4,98.0,0.0,-99.8,-99.8,-99.8,-99.8,-99.8,-99.8,-99.8
2025-08-25 18:00:00,946.0,24.3,84.0,0.4,141.0,2.6,80.0,0.0,-99.8,-99.8,-99.8,-99.8,-99.8,-99.8,-99.8
2025-08-25 19:00:00,946.5,24.3,81.0,0.6,168.0,2.8,174.0,0.0,-99.8,-99.8,-99.8,-99.8,-99.8,-99.8,-99.8
2025-08-25 20:00:00,947.0,23.7,90.0,0.0,0.0,1.5,189.0,0.0,-99.8,-99.8,-99.8,-99.8,-99.8,-99.8,-99.8
2025-08-25 21:00:00,947.4,23.7,89.0,0.0,0.0,0.9,160.0,0.0,-99.8,-99.8,-99.8,-99.8,-99.8,-99.8,-99.8
2025-08-25 22:00:00,947.5,23.3,88.0,0.5,187.0,1.7,226.0,0.0,-99.8,-99.8,-99.8,-99.8,-99.8,-99.8,-99.8
2025-08-25 23:00:00,947.3,23.0,89.0,1.9,221.0,2.8,269.0,0.0,-99.8,-99.8,-99.8,-99.8,-99.8,-99.8,-99.8
2025-08-26 00:00:00,947.0,22.9,88.0,0.4,237.0,3.0,258.0,0.0,-99.8,-99.8,-99.8,-99.8,-99.8,-99.8,-99.8
2025-08-26 01:00:00,946.9,22.4,89.0,1.8,238.0,3.4,253.0,0.0,-99.8,-99.8,-99.8,-99.8,-99.8,-99.8,-99.8
2025-08-26 02:00:00,946.4,22.4,84.0,2.4,245.0,4.1,257.0,0.0,-99.8,-99.8,-99.8,-99.8,-99.8,-99.8,-99.8
2025-08-26 03:00:00,946.3,21.9,85.0,1.9,264.0,3.4,242.0,0.0,-99.8,-99.8,-99.8,-99.8,-99.8,-99.8,-99.8
2025-08-26 04:00:00,946.0,22.0,79.0,2.5,251.0,4.2,253.0,-999.6,-99.8,-99.8,-99.8,-99.8,-99.8,-99.8,-99.8
2025-08-26 05:00:00,946.3,21.5,81.0,2.2,253.0,3.6,275.0,0.0,-99.8,-99.8,-99.8,-99.8,-99.8,-99.8,-99.8
2025-08-26 06:00:00,946.1,21.7,77.0,1.9,247.0,3.9,245.0,0.0,-99.8,-99.8,-99.8,-99.8,-99.8,-99.8,-99.8
2025-08-26 07:00:00,946.5,22.2,78.0,1.4,263.0,3.0,271.0,0.0,-99.8,-99.8,-99.8,-99.8,-99.8,-99.8,-99.8
2025-08-26 08:00:00,946.2,24.7,69.0,1.9,262.0,3.7,271.0,0.0,-99.8,-99.8,-99.8,-99.8,-99.8,-99.8,-99.8
2025-08-26 09:00:00,946.0,27.7,66.0,0.6,48.0,3.4,282.0,0.0,-99.8,-99.8,-99.8,-99.8,-99.8,-99.8,-99.8
2025-08-26 10:00:00,946.3,28.3,70.0,0.9,12.0,3.3,94.0,0.0,-99.8,-99.8,-99.8,-99.8,-99.8,-99.8,-99.8
2025-08-26 11:00:00,946.2,29.2,66.0,0.9,348.0,3.4,94.0,0.0,-99.8,-99.8,-99.8,-99.8,-99.8,-99.8,-99.8
2025-08-26 12:00:00,946.1,29.2,69.0,0.7,63.0,4.2,25.0,0.0,-99.8,-99.8,-99.8,-99.8,-99.8,-99.8,-99.8
2025-08-26 13:00:00,946.0,27.7,74.0,0.3,181.0,4.1,84.0,0.0,-99.8,-99.8,-99.8,-99.8,-99.8,-99.8,-99.8
2025-08-26 14:00:00,945.8,27.9,74.0,2.0,94.0,5.9,95.0,0.0,-99.8,-99.8,-99.8,-99.8,-99.8,-99.8,-99.8
2025-08-26 15:00:00,945.7,27.0,79.0,1.6,80.0,6.1,99.0,0.0,-99.8,-99.8,-99.8,-99.8,-99.8,-99.8,-99.8
2025-08-26 16:00:00,945.4,26.2,82.0,1.0,101.0,6.0,88.0,0.0,-99.8,-99.8,-99.8,-99.8,-99.8,-99.8,-99.8
2025-08-26 17:00:00,945.8,24.9,86.0,1.0,99.0,5.7,52.0,0.0,-99.8,-99.8,-99.8,-99.8,-99.8,-99.8,-99.8
2025-08-26 18:00:00,946.3,24.2,88.0,0.3,147.0,4.8,86.0,0.0,-99.8,-99.8,-99.8,-99.8,-99.8,-99.8,-99.8
2025-08-26 19:00:00,946.3,23.7,92.0,0.0,0.0,2.4,95.0,0.0,-99.8,-99.8,-99.8,-99.8,-99.8,-99.8,-99.8
2025-08-26 20:00:00,947.2,23.5,93.0,0.0,0.0,1.0,220.0,0.0,-99.8,-99.8,-99.8,-99.8,-99.8,-99.8,-99.8
2025-08-26 21:00:00,946.6,23.6,86.0,0.1,0.0,1.8,148.0,0.0,-99.8,-99.8,-99.8,-99.8,-99.8,-99.8,-99.8
2025-08-26 22:00:00,946.4,22.6,95.0,0.8,150.0,2.7,94.0,0.0,-99.8,-99.8,-99.8,-99.8,-99.8,-99.8,-99.8
2025-08-26 23:00:00,945.5,22.6,94.0,1.7,225.0,3.9,240.0,0.0,-99.8,-99.8,-99.8,-99.8,-99.8,-99.8,-99.8
2025-08-27 00:00:00,944.7,23.1,85.0,1.9,228.0,3.8,246.0,0.0,-99.8,-99.8,-99.8,-99.8,-99.8,-99.8,-99.8
2025-08-27 01:00:00,945.3,22.1,91.0,0.0,0.0,1.4,101.0,0.0,-99.8,-99.8,-99.8,-99.8,-99.8,-99.8,-99.8
2025-08-27 02:00:00,945.1,21.9,91.0,1.1,190.0,2.4,163.0,0.0,-99.8,-99.8,-99.8,-99.8,-99.8,-99.8,-99.8
2025-08-27 03:00:00,944.4,21.4,90.0,1.8,134.0,2.8,154.0,0.0,-99.8,-99.8,-99.8,-99.8,-99.8,-99.8,-99.8
2025-08-27 04:00:00,944.4,21.7,83.0,1.5,173.0,3.0,227.0,0.0,-99.8,-99.8,-99.8,-99.8,-99.8,-99.8,-99.8
2025-08-27 05:00:00,944.8,21.7,82.0,1.5,142.0,2.5,232.0,0.0,-99.8,-99.8,-99.8,-99.8,-99.8,-99.8,-99.8
2025-08-27 06:00:00,945.1,21.9,81.0,1.6,211.0,3.0,277.0,0.0,-99.8,-99.8,-99.8,-99.8,-99.8,-99.8,-99.8
2025-08-27 07:00:00,945.5,22.6,79.0,1.3,201.0,4.0,154.0,0.0,-99.8,-99.8,-99.8,-99.8,-99.8,-99.8,-99.8
2025-08-27 08:00:00,945.7,27.1,65.0,0.2,0.0,2.9,306.0,0.0,-99.8,-99.8,-99.8,-99.8,-99.8,-99.8,-99.8
2025-08-27 09:00:00,945.9,27.7,70.0,0.9,26.0,2.6,41.0,0.0,-99.8,-99.8,-99.8,-99.8,-99.8,-99.8,-99.8
2025-08-27 10:00:00,945.7,29.3,59.0,1.8,97.0,5.8,85.0,0.0,-99.8,-99.8,-99.8,-99.8,-99.8,-99.8,-99.8
2025-08-27 11:00:00,945.6,26.6,71.0,1.1,109.0,5.6,62.0,0.0,-99.8,-99.8,-99.8,-99.8,-99.8,-99.8,-99.8
2025-08-27 12:00:00,945.7,27.6,68.0,1.0,83.0,8.2,90.0,0.0,-99.8,-99.8,-99.8,-99.8,-99.8,-99.8,-99.8
2025-08-27 13:00:00,945.2,26.9,71.0,1.2,100.0,5.2,73.0,0.0,-99.8,-99.8,-99.8,-99.8,-99.8,-99.8,-99.8
2025-08-27 14:00:00,945.0,26.7,76.0,0.7,36.0,5.7,86.0,0.0,-99.8,-99.8,-99.8,-99.8,-99.8,-99.8,-99.8
2025-08-27 15:00:00,945.2,25.0,86.0,0.7,75.0,3.4,111.0,0.0,-99.8,-99.8,-99.8,-99.8,-99.8,-99.8,-99.8
2025-08-27 16:00:00,945.3,24.6,91.0,0.6,79.0,3.2,81.0,0.0,-99.8,-99.8,-99.8,-99.8,-99.8,-99.8,-99.8
2025-08-27 17:00:00,945.3,23.5,94.0,0.1,0.0,2.8,74.0,0.0,-99.8,-99.8,-99.8,-99.8,-99.8,-99.8,-99.8
2025-08-27 18:00:00,945.7,23.0,97.0,0.2,0.0,2.6,87.0,0.0,-99.8,-99.8,-99.8,-99.8,-99.8,-99.8,-99.8
2025-08-27 19:00:00,945.9,22.8,96.0,0.2,0.0,1.9,84.0,0.0,-99.8,-99.8,-99.8,-99.8,-99.8,-99.8,-99.8
2025-08-27 20:00:00,946.6,22.6,96.0,0.8,120.0,2.6,163.0,0.0,-99.8,-99.8,-99.8,-99.8,-99.8,-99.8,-99.8
2025-08-27 21:00:00,946.8,22.7,87.0,1.1,133.0,2.1,124.0,0.0,-99.8,-99.8,-99.8,-99.8,-99.8,-99.8,-99.8
2025-08-27 22:00:00,946.9,22.5,90.0,0.4,330.0,2.2,101.0,0.0,-99.8,-99.8,-99.8,-99.8,-99.8,-99.8,-99.8
2025-08-27 23:00:00,947.1,22.4,89.0,0.2,0.0,3.0,117.0,0.0,-99.8,-99.8,-99.8,-99.8,-99.8,-99.8,-99.8
2025-08-28 00:00:00,946.6,22.1,89.0,1.3,132.0,3.0,122.0,0.0,-99.8,-99.8,-99.8,-99.8,-99.8,-99.8,-99.8
2025-08-28 01:00:00,946.8,22.2,91.0,0.3,123.0,3.1,90.0,0.0,-99.8,-99.8,-99.8,-99.8,-99.8,-99.8,-99.8
2025-08-28 02:00:00,946.6,21.0,98.0,1.9,140.0,2.5,211.0,0.0,-99.8,-99.8,-99.8,-99.8,-99.8,-99.8,-99.8
2025-08-28 03:00:00,945.6,20.9,96.0,2.4,195.0,4.4,145.0,0.0,-99.8,-99.8,-99.8,-99.8,-99.8,-99.8,-99.8
2025-08-28 04:00:00,945.2,20.8,98.0,1.9,208.0,4.4,242.0,0.5,-99.8,-99.8,-99.8,-99.8,-99.8,-99.8,-99.8
2025-08-28 05:00:00,944.9,21.1,95.0,1.6,208.0,4.4,231.0,0.0,-99.8,-99.8,-99.8,-99.8,-99.8,-99.8,-99.8
2025-08-28 06:00:00,945.3,21.4,90.0,1.9,213.0,3.0,129.0,0.0,-99.8,-99.8,-99.8,-99.8,-99.8,-99.8,-99.8
2025-08-28 07:00:00,945.6,22.0,91.0,1.5,222.0,2.8,250.0,0.0,-99.8,-99.8,-99.8,-99.8,-99.8,-99.8,-99.8
2025-08-28 08:00:00,945.5,25.1,79.0,0.7,230.0,2.3,231.0,0.0,-99.8,-99.8,-99.8,-99.8,-99.8,-99.8,-99.8
2025-08-28 09:00:00,945.8,26.3,77.0,1.1,53.0,2.4,62.0,0.0,-99.8,-99.8,-99.8,-99.8,-99.8,-99.8,-99.8
2025-08-28 10:00:00,945.9,27.7,73.0,0.3,99.0,5.2,64.0,0.0,-99.8,-99.8,-99.8,-99.8,-99.8,-99.8,-99.8
2025-08-28 11:00:00,945.7,27.8,71.0,0.3,75.0,4.6,22.0,0.0,-99.8,-99.8,-99.8,-99.8,-99.8,-99.8,-99.8
2025-08-28 12:00:00,945.3,29.5,64.0,1.0,54.0,4.5,87.0,0.0,-99.8,-99.8,-99.8,-99.8,-99.8,-99.8,-99.8
2025-08-28 13:00:00,945.2,28.7,66.0,2.2,90.0,6.1,77.0,0.0,-99.8,-99.8,-99.8,-99.8,-99.8,-99.8,-99.8
2025-08-28 14:00:00,945.2,28.5,71.0,1.5,74.0,6.1,67.0,0.0,-99.8,-99.8,-99.8,-99.8,-99.8,-99.8,-99.8
2025-08-28 15:00:00,945.3,26.5,81.0,1.1,99.0,6.0,78.0,0.0,-99.8,-99.8,-99.8,-99.8,-99.8,-99.8,-99.8
2025-08-28 16:00:00,945.3,25.3,83.0,1.7,113.0,6.0,59.0,0.0,-99.8,-99.8,-99.8,-99.8,-99.8,-99.8,-99.8
2025-08-28 17:00:00,945.3,24.9,87.0,0.9,116.0,5.2,97.0,0.0,-99.8,-99.8,-99.8,-99.8,-99.8,-99.8,-99.8
2025-08-28 18:00:00,945.5,24.7,88.0,0.6,142.0,3.9,98.0,0.0,-99.8,-99.8,-99.8,-99.8,-99.8,-99.8,-99.8
2025-08-28 19:00:00,946.1,23.8,93.0,0.8,142.0,4.5,94.0,0.0,-99.8,-99.8,-99.8,-99.8,-99.8,-99.8,-99.8
2025-08-28 20:00:00,946.6,23.7,93.0,0.6,123.0,3.4,98.0,0.0,-99.8,-99.8,-99.8,-99.8,-99.8,-99.8,-99.8
2025-08-28 21:00:00,947.1,23.4,90.0,0.2,0.0,2.7,138.0,0.0,-99.8,-99.8,-99.8,-99.8,-99.8,-99.8,-99.8
2025-08-28 22:00:00,947.4,23.2,94.0,0.1,0.0,1.8,197.0,0.0,-99.8,-99.8,-99.8,-99.8,-99.8,-99.8,-99.8
2025-08-28 23:00:00,947.1,22.8,93.0,0.0,0.0,1.4,105.0,0.0,-99.8,-99.8,-99.8,-99.8,-99.8,-99.8,-99.8
2025-08-29 00:00:00,946.6,22.6,92.0,1.0,83.0,1.7,155.0,0.0,-99.8,-99.8,-99.8,-99.8,-99.8,-99.8,-99.8
2025-08-29 01:00:00,946.4,22.4,91.0,0.0,0.0,2.1,229.0,0.0,-99.8,-99.8,-99.8,-99.8,-99.8,-99.8,-99.8
2025-08-29 02:00:00,946.4,22.0,91.0,1.2,130.0,2.8,101.0,0.0,-99.8,-99.8,-99.8,-99.8,-99.8,-99.8,-99.8
2025-08-29 03:00:00,946.2,22.0,89.0,1.7,175.0,2.6,237.0,0.0,-99.8,-99.8,-99.8,-99.8,-99.8,-99.8,-99.8
2025-08-29 04:00:00,946.1,21.9,86.0,1.5,231.0,3.8,113.0,0.0,-99.8,-99.8,-99.8,-99.8,-99.8,-99.8,-99.8
2025-08-29 05:00:00,946.4,21.4,88.0,1.5,189.0,3.6,219.0,0.0,-99.8,-99.8,-99.8,-99.8,-99.8,-99.8,-99.8
2025-08-29 06:00:00,947.1,21.5,85.0,1.4,229.0,3.4,244.0,0.0,-99.8,-99.8,-99.8,-99.8,-99.8,-99.8,-99.8
2025-08-29 07:00:00,947.8,22.9,79.0,0.7,283.0,3.2,251.0,0.0,-99.8,-99.8,-99.8,-99.8,-99.8,-99.8,-99.8
2025-08-29 08:00:00,947.9,25.3,69.0,0.9,225.0,1.7,316.0,0.0,-99.8,-99.8,-99.8,-99.8,-99.8,-99.8,-99.8
2025-08-29 09:00:00,948.3,27.2,69.0,1.0,43.0,2.7,27.0,0.0,-99.8,-99.8,-99.8,-99.8,-99.8,-99.8,-99.8
2025-08-29 10:00:00,948.2,28.5,65.0,0.6,37.0,3.5,68.0,-999.6,-99.8,-99.8,-99.8,-99.8,-99.8,-99.8,-99.8
2025-08-29 11:00:00,948.0,28.9,65.0,1.8,95.0,7.5,88.0,0.0,-99.8,-99.8,-99.8,-99.8,-99.8,-99.8,-99.8
2025-08-29 12:00:00,947.3,27.9,68.0,1.5,101.0,5.7,88.0,0.0,-99.8,-99.8,-99.8,-99.8,-99.8,-99.8,-99.8
2025-08-29 13:00:00,946.8,27.2,72.0,1.2,103.0,6.5,121.0,0.0,-99.8,-99.8,-99.8,-99.8,-99.8,-99.8,-99.8
2025-08-29 14:00:00,946.6,27.9,72.0,1.2,111.0,5.1,100.0,0.0,-99.8,-99.8,-99.8,-99.8,-99.8,-99.8,-99.8
2025-08-29 15:00:00,946.5,26.2,79.0,1.3,83.0,5.7,88.0,0.0,-99.8,-99.8,-99.8,-99.8,-99.8,-99.8,-99.8
2025-08-29 16:00:00,946.6,25.8,83.0,0.3,109.0,3.6,130.0,0.0,-99.8,-99.8,-99.8,-99.8,-99.8,-99.8,-99.8
2025-08-29 17:00:00,946.6,25.2,86.0,0.1,0.0,3.0,84.0,0.0,-99.8,-99.8,-99.8,-99.8,-99.8,-99.8,-99.8
2025-08-29 18:00:00,946.8,24.3,88.0,0.4,147.0,2.6,94.0,0.0,-99.8,-99.8,-99.8,-99.8,-99.8,-99.8,-99.8
2025-08-29 19:00:00,947.3,23.9,89.0,0.6,126.0,2.3,75.0,0.0,-99.8,-99.8,-99.8,-99.8,-99.8,-99.8,-99.8
2025-08-29 20:00:00,948.0,23.8,92.0,0.6,157.0,2.6,82.0,0.0,-99.8,-99.8,-99.8,-99.8,-99.8,-99.8,-99.8
2025-08-29 21:00:00,948.2,23.2,96.0,0.5,152.0,1.6,105.0,0.0,-99.8,-99.8,-99.8,-99.8,-99.8,-99.8,-99.8
2025-08-29 22:00:00,948.1,23.2,93.0,0.2,0.0,1.1,149.0,0.0,-99.8,-99.8,-99.8,-99.8,-99.8,-99.8,-99.8
2025-08-29 23:00:00,948.1,23.1,94.0,0.2,0.0,1.0,255.0,0.0,-99.8,-99.8,-99.8,-99.8,-99.8,-99.8,-99.8
2025-08-30 00:00:00,947.8,22.7,94.0,1.4,130.0,2.0,116.0,0.0,-99.8,-99.8,-99.8,-99.8,-99.8,-99.8,-99.8
2025-08-30 01:00:00,947.6,22.9,91.0,0.2,0.0,1.9,240.0,0.0,-99.8,-99.8,-99.8,-99.8,-99.8,-99.8,-99.8
2025-08-30 02:00:00,947.7,22.6,93.0,0.5,167.0,2.6,129.0,0.0,-99.8,-99.8,-99.8,-99.8,-99.8,-99.8,-99.8
2025-08-30 03:00:00,947.6,22.4,94.0,1.2,156.0,2.7,246.0,0.0,-99.8,-99.8,-99.8,-99.8,-99.8,-99.8,-99.8
2025-08-30 04:00:00,947.3,22.3,88.0,1.4,208.0,3.3,239.0,0.0,-99.8,-99.8,-99.8,-99.8,-99.8,-99.8,-99.8
2025-08-30 05:00:00,947.4,21.7,89.0,1.2,232.0,3.2,94.0,0.0,-99.8,-99.8,-99.8,-99.8,-99.8,-99.8,-99.8
2025-08-30 06:00:00,947.8,21.9,86.0,0.8,125.0,3.7,172.0,0.0,-99.8,-99.8,-99.8,-99.8,-99.8,-99.8,-99.8
2025-08-30 07:00:00,947.7,22.6,82.0,1.3,156.0,3.7,116.0,0.0,-99.8,-99.8,-99.8,-99.8,-99.8,-99.8,-99.8
2025-08-30 08:00:00,947.7,25.2,73.0,1.0,187.0,3.1,219.0,0.0,-99.8,-99.8,-99.8,-99.8,-99.8,-99.8,-99.8
2025-08-30 09:00:00,947.9,27.7,70.0,1.3,54.0,2.5,71.0,0.0,-99.8,-99.8,-99.8,-99.8,-99.8,-99.8,-99.8
2025-08-30 10:00:00,947.9,28.8,70.0,0.7,26.0,3.1,62.0,0.0,-99.8,-99.8,-99.8,-99.8,-99.8,-99.8,-99.8
2025-08-30 11:00:00,947.5,29.3,65.0,0.6,347.0,3.4,100.0,0.0,-99.8,-99.8,-99.8,-99.8,-99.8,-99.8,-99.8
2025-08-30 12:00:00,946.9,28.8,68.0,1.4,40.0,4.9,28.0,0.0,-99.8,-99.8,-99.8,-99.8,-99.8,-99.8,-99.8
2025-08-30 13:00:00,946.2,29.1,69.0,1.0,50.0,5.5,101.0,0.0,-99.8,-99.8,-99.8,-99.8,-99.8,-99.8,-99.8
2025-08-30 14:00:00,946.1,28.5,66.0,1.3,79.0,6.3,90.0,0.0,-99.8,-99.8,-99.8,-99.8,-99.8,-99.8,-99.8
2025-08-30 15:00:00,946.0,27.6,70.0,0.9,64.0,5.7,87.0,0.0,-99.8,-99.8,-99.8,-99.8,-99.8,-99.8,-99.8
2025-08-30 16:00:00,946.1,25.5,82.0,0.0,0.0,3.3,94.0,0.0,-99.8,-99.8,-99.8,-99.8,-99.8,-99.8,-99.8
2025-08-30 17:00:00,946.0,24.9,87.0,0.1,0.0,2.3,84.0,0.0,-99.8,-99.8,-99.8,-99.8,-99.8,-99.8,-99.8
2025-08-30 18:00:00,945.8,24.1,92.0,0.1,0.0,1.4,90.0,0.0,-99.8,-99.8,-99.8,-99.8,-99.8,-99.8,-99.8
2025-08-30 19:00:00,945.6,23.7,93.0,0.0,0.0,1.7,246.0,0.0,-99.8,-99.8,-99.8,-99.8,-99.8,-99.8,-99.8
2025-08-30 20:00:00,946.4,23.6,93.0,1.0,186.0,1.4,94.0,0.0,-99.8,-99.8,-99.8,-99.8,-99.8,-99.8,-99.8
2025-08-30 21:00:00,947.0,23.7,92.0,0.0,0.0,1.6,97.0,0.0,-99.8,-99.8,-99.8,-99.8,-99.8,-99.8,-99.8
2025-08-30 22:00:00,947.3,23.6,94.0,0.0,0.0,0.6,133.0,0.0,-99.8,-99.8,-99.8,-99.8,-99.8,-99.8,-99.8
2025-08-30 23:00:00,947.3,23.7,95.0,0.0,0.0,1.0,132.0,-999.6,-99.8,-99.8,-99.8,-99.8,-99.8,-99.8,-99.8
2025-08-31 00:00:00,946.9,23.3,96.0,0.0,0.0,0.9,104.0,0.0,-99.8,-99.8,-99.8,-99.8,-99.8,-99.8,-99.8
2025-08-31 01:00:00,946.4,23.0,97.0,0.0,0.0,1.8,85.0,0.0,-99.8,-99.8,-99.8,-99.8,-99.8,-99.8,-99.8
2025-08-31 02:00:00,945.9,22.7,96.0,1.3,103.0,2.2,187.0,0.0,-99.8,-99.8,-99.8,-99.8,-99.8,-99.8,-99.8
2025-08-31 03:00:00,945.5,22.7,85.0,2.0,209.0,4.0,245.0,0.0,-99.8,-99.8,-99.8,-99.8,-99.8,-99.8,-99.8
2025-08-31 04:00:00,945.3,22.4,89.0,1.5,250.0,3.9,164.0,0.0,-99.8,-99.8,-99.8,-99.8,-99.8,-99.8,-99.8
2025-08-31 05:00:00,945.2,22.6,81.0,1.8,229.0,4.0,241.0,0.0,-99.8,-99.8,-99.8,-99.8,-99.8,-99.8,-99.8
2025-08-31 06:00:00,945.0,22.3,78.0,2.5,249.0,4.7,214.0,-999.6,-99.8,-99.8,-99.8,-99.8,-99.8,-99.8,-99.8
2025-08-31 07:00:00,945.3,22.9,73.0,1.9,230.0,4.2,220.0,0.0,-99.8,-99.8,-99.8,-99.8,-99.8,-99.8,-99.8
2025-08-31 08:00:00,945.7,25.5,64.0,0.3,341.0,3.3,287.0,0.0,-99.8,-99.8,-99.8,-99.8,-99.8,-99.8,-99.8
2025-08-31 09:00:00,946.1,27.6,69.0,0.9,70.0,3.0,55.0,0.0,-99.8,-99.8,-99.8,-99.8,-99.8,-99.8,-99.8
2025-08-31 10:00:00,946.3,27.6,67.0,0.7,55.0,3.5,66.0,0.0,-99.8,-99.8,-99.8,-99.8,-99.8,-99.8,-99.8
2025-08-31 11:00:00,946.0,26.4,74.0,0.3,87.0,4.1,83.0,0.0,-99.8,-99.8,-99.8,-99.8,-99.8,-99.8,-99.8
2025-08-31 12:00:00,945.5,29.1,66.0,0.5,355.0,4.0,62.0,0.0,-99.8,-99.8,-99.8,-99.8,-99.8,-99.8,-99.8
2025-08-31 13:00:00,945.2,28.1,66.0,0.3,68.0,4.5,58.0,0.0,-99.8,-99.8,-99.8,-99.8,-99.8,-99.8,-99.8
2025-08-31 14:00:00,945.0,24.8,83.0,0.0,0.0,4.5,67.0,0.0,-99.8,-99.8,-99.8,-99.8,-99.8,-99.8,-99.8
2025-08-31 15:00:00,944.9,23.4,94.0,0.2,0.0,1.9,147.0,0.0,-99.8,-99.8,-99.8,-99.8,-99.8,-99.8,-99.8
2025-08-31 16:00:00,944.2,22.9,93.0,0.6,155.0,4.0,55.0,0.0,-99.8,-99.8,-99.8,-99.8,-99.8,-99.8,-99.8
2025-08-31 17:00:00,943.8,23.3,88.0,1.7,200.0,3.2,113.0,0.5,-99.8,-99.8,-99.8,-99.8,-99.8,-99.8,-99.8
2025-08-31 18:00:00,943.8,22.7,95.0,1.8,131.0,2.6,80.0,0.0,-99.8,-99.8,-99.8,-99.8,-99.8,-99.8,-99.8
2025-08-31 19:00:00,944.4,22.9,92.0,2.2,168.0,4.0,101.0,0.0,-99.8,-99.8,-99.8,-99.8,-99.8,-99.8,-99.8
2025-08-31 20:00:00,944.8,23.3,90.0,2.1,204.0,5.8,88.0,0.0,-99.8,-99.8,-99.8,-99.8,-99.8,-99.8,-99.8
2025-08-31 21:00:00,945.0,23.1,89.0,1.1,200.0,4.3,234.0,0.0,-99.8,-99.8,-99.8,-99.8,-99.8,-99.8,-99.8
2025-08-31 22:00:00,945.1,23.0,89.0,0.3,216.0,2.4,311.0,0.0,-99.8,-99.8,-99.8,-99.8,-99.8,-99.8,-99.8
2025-08-31 23:00:00,945.0,22.3,92.0,1.8,146.0,2.6,156.0,0.0,-99.8,-99.8,-99.8,-99.8,-99.8,-99.8,-99.8
2025-09-01 00:00:00,944.4,22.8,88.0,1.3,175.0,2.6,156.0,0.0,-99.8,-99.8,-99.8,-99.8,-99.8,-99.8,-99.8
2025-09-01 01:00:00,943.9,22.7,86.0,2.2,215.0,3.7,214.0,0.0,-99.8,-99.8,-99.8,-99.8,-99.8,-99.8,-99.8
2025-09-01 02:00:00,943.5,22.0,90.0,0.9,214.0,2.6,296.0,-999.6,-99.8,-99.8,-99.8,-99.8,-99.8,-99.8,-99.8
2025-09-01 03:00:00,943.8,22.4,85.0,1.7,235.0,2.5,187.0,0.0,-99.8,-99.8,-99.8,-99.8,-99.8,-99.8,-99.8
2025-09-01 04:00:00,943.8,22.3,85.0,1.0,235.0,2.3,289.0,0.0,-99.8,-99.8,-99.8,-99.8,-99.8,-99.8,-99.8
2025-09-01 05:00:00,943.9,21.9,88.0,1.8,218.0,2.5,238.0,0.0,-99.8,-99.8,-99.8,-99.8,-99.8,-99.8,-99.8
2025-09-01 06:00:00,944.2,22.7,80.0,1.4,247.0,3.3,149.0,0.0,-99.8,-99.8,-99.8,-99.8,-99.8,-99.8,-99.8
2025-09-01 07:00:00,944.6,23.0,81.0,0.9,253.0,3.1,277.0,0.0,-99.8,-99.8,-99.8,-99.8,-99.8,-99.8,-99.8
2025-09-01 08:00:00,945.0,23.8,79.0,1.4,230.0,2.5,128.0,0.0,-99.8,-99.8,-99.8,-99.8,-99.8,-99.8,-99.8
2025-09-01 09:00:00,945.0,24.8,77.0,1.1,237.0,1.9,274.0,0.0,-99.8,-99.8,-99.8,-99.8,-99.8,-99.8,-99.8
2025-09-01 10:00:00,945.0,27.0,73.0,0.1,0.0,2.1,262.0,0.0,-99.8,-99.8,-99.8,-99.8,-99.8,-99.8,-99.8
2025-09-01 11:00:00,945.0,27.5,75.0,1.0,86.0,2.2,97.0,0.5,-99.8,-99.8,-99.8,-99.8,-99.8,-99.8,-99.8
2025-09-01 12:00:00,944.7,27.4,75.0,1.0,48.0,2.7,62.0,0.0,-99.8,-99.8,-99.8,-99.8,-99.8,-99.8,-99.8
2025-09-01 13:00:00,944.2,27.8,74.0,0.4,9.0,2.5,57.0,0.0,-99.8,-99.8,-99.8,-99.8,-99.8,-99.8,-99.8
2025-09-01 14:00:00,944.0,26.3,77.0,0.0,0.0,2.2,88.0,0.0,-99.8,-99.8,-99.8,-99.8,-99.8,-99.8,-99.8
2025-09-01 15:00:00,943.6,26.9,80.0,0.0,0.0,0.0,0.0,0.0,-99.8,-99.8,-99.8,-99.8,-99.8,-99.8,-99.8
2025-09-01 16:00:00,943.3,25.5,84.0,0.0,0.0,2.5,60.0,0.0,-99.8,-99.8,-99.8,-99.8,-99.8,-99.8,-99.8
2025-09-01 17:00:00,943.5,24.6,92.0,0.0,0.0,2.0,69.0,0.0,-99.8,-99.8,-99.8,-99.8,-99.8,-99.8,-99.8
2025-09-01 18:00:00,943.6,23.9,93.0,0.0,0.0,1.0,222.0,0.0,-99.8,-99.8,-99.8,-99.8,-99.8,-99.8,-99.8
2025-09-01 19:00:00,944.2,23.5,96.0,0.8,92.0,1.4,78.0,0.0,-99.8,-99.8,-99.8,-99.8,-99.8,-99.8,-99.8
2025-09-01 20:00:00,944.4,23.1,96.0,1.9,95.0,3.0,83.0,0.0,-99.8,-99.8,-99.8,-99.8,-99.8,-99.8,-99.8
2025-09-01 21:00:00,944.9,23.4,93.0,1.7,139.0,3.5,180.0,0.0,-99.8,-99.8,-99.8,-99.8,-99.8,-99.8,-99.8
2025-09-01 22:00:00,945.0,23.4,92.0,0.3,234.0,1.3,241.0,0.0,-99.8,-99.8,-99.8,-99.8,-99.8,-99.8,-99.8
2025-09-01 23:00:00,944.8,22.9,93.0,1.5,129.0,2.7,281.0,0.0,-99.8,-99.8,-99.8,-99.8,-99.8,-99.8,-99.8
2025-09-02 00:00:00,944.4,22.6,90.0,1.9,121.0,3.4,92.0,0.0,-99.8,-99.8,-99.8,-99.8,-99.8,-99.8,-99.8
2025-09-02 01:00:00,943.8,22.6,88.0,1.1,193.0,2.8,104.0,0.0,-99.8,-99.8,-99.8,-99.8,-99.8,-99.8,-99.8
2025-09-02 02:00:00,943.9,22.7,87.0,0.7,170.0,3.1,243.0,0.0,-99.8,-99.8,-99.8,-99.8,-99.8,-99.8,-99.8
2025-09-02 03:00:00,943.7,22.2,88.0,2.1,189.0,3.9,103.0,0.0,-99.8,-99.8,-99.8,-99.8,-99.8,-99.8,-99.8
2025-09-02 04:00:00,943.3,21.9,90.0,2.0,233.0,3.6,264.0,0.0,-99.8,-99.8,-99.8,-99.8,-99.8,-99.8,-99.8
2025-09-02 05:00:00,943.0,22.4,84.0,1.6,250.0,4.3,225.0,0.0,-99.8,-99.8,-99.8,-99.8,-99.8,-99.8,-99.8
2025-09-02 06:00:00,943.5,22.3,84.0,1.5,248.0,2.6,235.0,0.0,-99.8,-99.8,-99.8,-99.8,-99.8,-99.8,-99.8
2025-09-02 07:00:00,943.8,23.3,79.0,1.7,249.0,3.8,272.0,0.0,-99.8,-99.8,-99.8,-99.8,-99.8,-99.8,-99.8
2025-09-02 08:00:00,944.2,23.6,79.0,1.5,193.0,2.6,249.0,0.0,-99.8,-99.8,-99.8,-99.8,-99.8,-99.8,-99.8
2025-09-02 09:00:00,944.6,25.1,77.0,0.9,204.0,2.4,190.0,0.0,-99.8,-99.8,-99.8,-99.8,-99.8,-99.8,-99.8
2025-09-02 10:00:00,944.9,26.9,77.0,0.4,64.0,2.4,167.0,0.0,-99.8,-99.8,-99.8,-99.8,-99.8,-99.8,-99.8
2025-09-02 11:00:00,945.1,26.4,78.0,0.3,54.0,3.0,85.0,0.0,-99.8,-99.8,-99.8,-99.8,-99.8,-99.8,-99.8
2025-09-02 12:00:00,944.9,27.4,74.0,0.6,47.0,2.6,48.0,0.0,-99.8,-99.8,-99.8,-99.8,-99.8,-99.8,-99.8
2025-09-02 13:00:00,944.3,28.8,72.0,1.2,13.0,3.7,47.0,0.0,-99.8,-99.8,-99.8,-99.8,-99.8,-99.8,-99.8
2025-09-02 14:00:00,943.7,27.9,78.0,0.9,49.0,2.8,33.0,0.0,-99.8,-99.8,-99.8,-99.8,-99.8,-99.8,-99.8
2025-09-02 15:00:00,943.3,27.2,78.0,1.5,81.0,3.8,75.0,0.0,-99.8,-99.8,-99.8,-99.8,-99.8,-99.8,-99.8
2025-09-02 16:00:00,943.6,25.5,88.0,0.3,46.0,5.1,116.0,0.0,-99.8,-99.8,-99.8,-99.8,-99.8,-99.8,-99.8
2025-09-02 17:00:00,943.8,24.7,92.0,0.2,0.0,1.0,73.0,0.0,-99.8,-99.8,-99.8,-99.8,-99.8,-99.8,-99.8
2025-09-02 18:00:00,944.1,23.7,92.0,2.0,174.0,3.9,240.0,0.0,-99.8,-99.8,-99.8,-99.8,-99.8,-99.8,-99.8
2025-09-02 19:00:00,944.5,22.8,94.0,1.9,240.0,4.3,225.0,0.0,-99.8,-99.8,-99.8,-99.8,-99.8,-99.8,-99.8
2025-09-02 20:00:00,945.1,22.9,91.0,1.7,217.0,3.3,86.0,0.0,-99.8,-99.8,-99.8,-99.8,-99.8,-99.8,-99.8
2025-09-02 21:00:00,945.5,22.8,92.0,1.3,236.0,3.3,279.0,0.0,-99.8,-99.8,-99.8,-99.8,-99.8,-99.8,-99.8
2025-09-02 22:00:00,945.8,22.9,91.0,0.0,0.0,2.2,250.0,0.0,-99.8,-99.8,-99.8,-99.8,-99.8,-99.8,-99.8
2025-09-02 23:00:00,945.6,22.4,95.0,1.0,136.0,1.4,102.0,0.0,-99.8,-99.8,-99.8,-99.8,-99.8,-99.8,-99.8
2025-09-03 00:00:00,944.9,22.4,95.0,1.1,197.0,2.4,132.0,0.0,-99.8,-99.8,-99.8,-99.8,-99.8,-99.8,-99.8
2025-09-03 01:00:00,944.7,22.4,93.0,0.8,223.0,3.1,148.0,0.0,-99.8,-99.8,-99.8,-99.8,-99.8,-99.8,-99.8
2025-09-03 02:00:00,943.9,21.9,96.0,2.7,225.0,4.2,202.0,0.0,-99.8,-99.8,-99.8,-99.8,-99.8,-99.8,-99.8
2025-09-03 03:00:00,943.4,22.1,91.0,2.0,242.0,3.6,278.0,0.0,-99.8,-99.8,-99.8,-99.8,-99.8,-99.8,-99.8
2025-09-03 04:00:00,943.3,21.7,92.0,2.0,259.0,3.9,262.0,0.0,-99.8,-99.8,-99.8,-99.8,-99.8,-99.8,-99.8
2025-09-03 05:00:00,943.4,21.7,88.0,1.9,253.0,4.2,257.0,0.0,-99.8,-99.8,-99.8,-99.8,-99.8,-99.8,-99.8
2025-09-03 06:00:00,943.8,21.9,87.0,2.3,260.0,3.5,259.0,0.0,-99.8,-99.8,-99.8,-99.8,-99.8,-99.8,-99.8
2025-09-03 07:00:00,944.3,23.0,81.0,1.5,265.0,3.7,237.0,0.0,-99.8,-99.8,-99.8,-99.8,-99.8,-99.8,-99.8
2025-09-03 08:00:00,944.6,25.7,77.0,0.5,48.0,3.3,277.0,0.0,-99.8,-99.8,-99.8,-99.8,-99.8,-99.8,-99.8
2025-09-03 09:00:00,945.0,27.3,72.0,1.4,52.0,2.6,54.0,0.0,-99.8,-99.8,-99.8,-99.8,-99.8,-99.8,-99.8
2025-09-03 10:00:00,944.9,29.1,71.0,0.8,32.0,3.5,52.0,0.0,-99.8,-99.8,-99.8,-99.8,-99.8,-99.8,-99.8
2025-09-03 11:00:00,944.7,29.0,74.0,1.2,2.0,4.1,20.0,0.0,-99.8,-99.8,-99.8,-99.8,-99.8,-99.8,-99.8
2025-09-03 12:00:00,944.4,30.1,69.0,0.8,8.0,4.3,57.0,0.0,-99.8,-99.8,-99.8,-99.8,-99.8,-99.8,-99.8
2025-09-03 13:00:00,944.1,26.8,78.0,0.5,55.0,3.6,56.0,0.0,-99.8,-99.8,-99.8,-99.8,-99.8,-99.8,-99.8
2025-09-03 14:00:00,943.6,25.1,87.0,0.9,94.0,2.8,90.0,0.0,-99.8,-99.8,-99.8,-99.8,-99.8,-99.8,-99.8
2025-09-03 15:00:00,943.2,24.7,95.0,0.0,0.0,2.4,84.0,0.5,-99.8,-99.8,-99.8,-99.8,-99.8,-99.8,-99.8
2025-09-03 16:00:00,943.4,24.4,90.0,0.1,0.0,2.9,108.0,0.0,-99.8,-99.8,-99.8,-99.8,-99.8,-99.8,-99.8
2025-09-03 17:00:00,943.5,24.7,94.0,0.0,0.0,0.9,145.0,0.0,-99.8,-99.8,-99.8,-99.8,-99.8,-99.8,-99.8
2025-09-03 18:00:00,943.3,24.2,95.0,0.3,154.0,1.4,90.0,0.0,-99.8,-99.8,-99.8,-99.8,-99.8,-99.8,-99.8
2025-09-03 19:00:00,944.1,23.7,97.0,0.0,0.0,1.0,175.0,0.0,-99.8,-99.8,-99.8,-99.8,-99.8,-99.8,-99.8
2025-09-03 20:00:00,944.7,23.6,95.0,0.1,0.0,1.5,85.0,0.0,-99.8,-99.8,-99.8,-99.8,-99.8,-99.8,-99.8
2025-09-03 21:00:00,945.2,23.6,95.0,1.3,119.0,2.1,201.0,0.0,-99.8,-99.8,-99.8,-99.8,-99.8,-99.8,-99.8
2025-09-03 22:00:00,945.2,23.1,94.0,1.2,116.0,1.7,64.0,0.0,-99.8,-99.8,-99.8,-99.8,-99.8,-99.8,-99.8
2025-09-03 23:00:00,945.1,23.3,93.0,0.8,134.0,2.0,164.0,0.0,-99.8,-99.8,-99.8,-99.8,-99.8,-99.8,-99.8
2025-09-04 00:00:00,944.8,22.9,94.0,0.5,196.0,1.6,180.0,0.0,-99.8,-99.8,-99.8,-99.8,-99.8,-99.8,-99.8
2025-09-04 01:00:00,944.5,22.6,91.0,1.5,181.0,3.1,187.0,0.0,-99.8,-99.8,-99.8,-99.8,-99.8,-99.8,-99.8
2025-09-04 02:00:00,943.8,22.4,88.0,2.0,228.0,3.8,144.0,0.0,-99.8,-99.8,-99.8,-99.8,-99.8,-99.8,-99.8
2025-09-04 03:00:00,943.1,22.2,87.0,2.1,241.0,3.9,273.0,0.0,-99.8,-99.8,-99.8,-99.8,-99.8,-99.8,-99.8
2025-09-04 04:00:00,943.1,21.9,88.0,1.5,254.0,3.2,248.0,0.0,-99.8,-99.8,-99.8,-99.8,-99.8,-99.8,-99.8
2025-09-04 05:00:00,943.3,21.8,87.0,1.8,270.0,3.1,281.0,0.0,-99.8,-99.8,-99.8,-99.8,-99.8,-99.8,-99.8
2025-09-04 06:00:00,943.4,22.1,84.0,0.9,281.0,3.4,268.0,0.0,-99.8,-99.8,-99.8,-99.8,-99.8,-99.8,-99.8
2025-09-04 07:00:00,943.9,22.7,82.0,1.1,261.0,2.8,280.0,0.0,-99.8,-99.8,-99.8,-99.8,-99.8,-99.8,-99.8
2025-09-04 08:00:00,944.4,25.2,71.0,0.9,243.0,1.6,290.0,0.0,-99.8,-99.8,-99.8,-99.8,-99.8,-99.8,-99.8
2025-09-04 09:00:00,944.6,28.0,66.0,0.4,47.0,1.6,84.0,0.0,-99.8,-99.8,-99.8,-99.8,-99.8,-99.8,-99.8
2025-09-04 10:00:00,944.8,29.0,66.0,1.0,24.0,3.0,28.0,0.0,-99.8,-99.8,-99.8,-99.8,-99.8,-99.8,-99.8
2025-09-04 11:00:00,944.6,30.2,65.0,0.7,2.0,3.4,21.0,0.0,-99.8,-99.8,-99.8,-99.8,-99.8,-99.8,-99.8
2025-09-04 12:00:00,944.3,29.9,65.0,1.0,22.0,5.1,77.0,0.0,-99.8,-99.8,-99.8,-99.8,-99.8,-99.8,-99.8
2025-09-04 13:00:00,944.0,26.2,78.0,1.1,146.0,7.0,99.0,0.0,-99.8,-99.8,-99.8,-99.8,-99.8,-99.8,-99.8
2025-09-04 14:00:00,943.7,26.5,77.0,0.0,0.0,2.6,89.0,0.0,-99.8,-99.8,-99.8,-99.8,-99.8,-99.8,-99.8
2025-09-04 15:00:00,943.4,26.0,83.0,0.0,0.0,1.5,98.0,0.0,-99.8,-99.8,-99.8,-99.8,-99.8,-99.8,-99.8
2025-09-04 16:00:00,943.2,25.0,89.0,0.1,0.0,1.7,94.0,0.0,-99.8,-99.8,-99.8,-99.8,-99.8,-99.8,-99.8
2025-09-04 17:00:00,943.5,24.2,90.0,0.7,100.0,1.8,97.0,0.0,-99.8,-99.8,-99.8,-99.8,-99.8,-99.8,-99.8
2025-09-04 18:00:00,944.0,23.7,95.0,0.3,96.0,2.2,88.0,0.0,-99.8,-99.8,-99.8,-99.8,-99.8,-99.8,-99.8
2025-09-04 19:00:00,944.5,23.7,93.0,0.5,95.0,2.2,102.0,0.0,-99.8,-99.8,-99.8,-99.8,-99.8,-99.8,-99.8
2025-09-04 20:00:00,945.0,23.4,94.0,1.1,72.0,1.6,59.0,0.0,-99.8,-99.8,-99.8,-99.8,-99.8,-99.8,-99.8
2025-09-04 21:00:00,945.2,23.1,93.0,1.9,155.0,3.2,221.0,0.0,-99.8,-99.8,-99.8,-99.8,-99.8,-99.8,-99.8
2025-09-04 22:00:00,944.5,22.9,89.0,2.5,236.0,3.6,224.0,0.0,-99.8,-99.8,-99.8,-99.8,-99.8,-99.8,-99.8
2025-09-04 23:00:00,944.8,22.8,88.0,1.4,234.0,3.5,117.0,0.0,-99.8,-99.8,-99.8,-99.8,-99.8,-99.8,-99.8
2025-09-05 00:00:00,944.7,22.5,87.0,1.4,252.0,3.3,263.0,0.0,-99.8,-99.8,-99.8,-99.8,-99.8,-99.8,-99.8
2025-09-05 01:00:00,944.6,22.2,87.0,1.4,195.0,2.6,125.0,0.0,-99.8,-99.8,-99.8,-99.8,-99.8,-99.8,-99.8
2025-09-05 02:00:00,944.2,21.8,88.0,1.8,237.0,2.9,275.0,0.0,-99.8,-99.8,-99.8,-99.8,-99.8,-99.8,-99.8
2025-09-05 03:00:00,943.4,21.5,88.0,2.8,263.0,5.1,224.0,0.0,-99.8,-99.8,-99.8,-99.8,-99.8,-99.8,-99.8
2025-09-05 04:00:00,943.4,21.2,88.0,1.7,268.0,4.6,228.0,0.0,-99.8,-99.8,-99.8,-99.8,-99.8,-99.8,-99.8
2025-09-05 05:00:00,943.9,21.5,85.0,1.9,259.0,4.2,282.0,0.0,-99.8,-99.8,-99.8,-99.8,-99.8,-99.8,-99.8
2025-09-05 06:00:00,944.0,21.5,84.0,1.8,271.0,3.7,245.0,0.0,-99.8,-99.8,-99.8,-99.8,-99.8,-99.8,-99.8
2025-09-05 07:00:00,944.7,22.6,81.0,0.9,259.0,4.8,258.0,0.0,-99.8,-99.8,-99.8,-99.8,-99.8,-99.8,-99.8
2025-09-05 08:00:00,945.3,25.1,71.0,0.3,273.0,2.3,233.0,0.0,-99.8,-99.8,-99.8,-99.8,-99.8,-99.8,-99.8
2025-09-05 09:00:00,945.7,27.5,70.0,0.9,44.0,2.2,33.0,0.0,-99.8,-99.8,-99.8,-99.8,-99.8,-99.8,-99.8
2025-09-05 10:00:00,946.0,28.7,72.0,1.0,16.0,4.6,65.0,0.0,-99.8,-99.8,-99.8,-99.8,-99.8,-99.8,-99.8
2025-09-05 11:00:00,945.6,28.6,71.0,1.1,76.0,6.2,85.0,0.0,-99.8,-99.8,-99.8,-99.8,-99.8,-99.8,-99.8
2025-09-05 12:00:00,945.1,29.0,67.0,1.5,82.0,6.9,88.0,0.0,-99.8,-99.8,-99.8,-99.8,-99.8,-99.8,-99.8
2025-09-05 13:00:00,944.4,29.6,64.0,1.2,69.0,5.4,79.0,0.0,-99.8,-99.8,-99.8,-99.8,-99.8,-99.8,-99.8
2025-09-05 14:00:00,944.0,29.1,67.0,1.7,92.0,5.8,85.0,-999.6,-99.8,-99.8,-99.8,-99.8,-99.8,-99.8,-99.8
2025-09-05 15:00:00,943.7,28.4,70.0,0.6,66.0,5.6,83.0,0.0,-99.8,-99.8,-99.8,-99.8,-99.8,-99.8,-99.8
2025-09-05 16:00:00,944.0,26.3,76.0,1.2,105.0,6.0,103.0,0.0,-99.8,-99.8,-99.8,-99.8,-99.8,-99.8,-99.8
2025-09-05 17:00:00,944.5,25.3,85.0,0.9,147.0,4.1,95.0,0.0,-99.8,-99.8,-99.8,-99.8,-99.8,-99.8,-99.8
2025-09-05 18:00:00,945.0,24.7,87.0,0.3,22.0,3.2,162.0,0.0,-99.8,-99.8,-99.8,-99.8,-99.8,-99.8,-99.8
2025-09-05 19:00:00,945.4,24.0,89.0,0.1,0.0,0.8,115.0,0.0,-99.8,-99.8,-99.8,-99.8,-99.8,-99.8,-99.8
2025-09-05 20:00:00,946.0,23.8,93.0,0.0,0.0,1.0,218.0,0.0,-99.8,-99.8,-99.8,-99.8,-99.8,-99.8,-99.8
2025-09-05 21:00:00,946.2,23.4,89.0,0.6,174.0,1.7,244.0,0.0,-99.8,-99.8,-99.8,-99.8,-99.8,-99.8,-99.8
2025-09-05 22:00:00,946.1,23.3,90.0,1.5,204.0,2.8,248.0,0.0,-99.8,-99.8,-99.8,-99.8,-99.8,-99.8,-99.8
2025-09-05 23:00:00,946.1,23.0,89.0,0.5,243.0,4.0,252.0,0.0,-99.8,-99.8,-99.8,-99.8,-99.8,-99.8,-99.8
2025-09-06 00:00:00,945.7,23.0,84.0,1.6,251.0,3.5,259.0,0.0,-99.8,-99.8,-99.8,-99.8,-99.8,-99.8,-99.8
2025-09-06 01:00:00,945.3,22.7,83.0,1.3,263.0,3.9,250.0,0.0,-99.8,-99.8,-99.8,-99.8,-99.8,-99.8,-99.8
2025-09-06 02:00:00,945.0,22.4,83.0,1.5,232.0,2.8,277.0,0.0,-99.8,-99.8,-99.8,-99.8,-99.8,-99.8,-99.8
2025-09-06 03:00:00,944.5,22.1,82.0,2.2,262.0,4.2,268.0,0.0,-99.8,-99.8,-99.8,-99.8,-99.8,-99.8,-99.8
2025-09-06 04:00:00,944.6,22.2,80.0,1.3,266.0,3.9,259.0,0.0,-99.8,-99.8,-99.8,-99.8,-99.8,-99.8,-99.8
2025-09-06 05:00:00,944.5,21.7,80.0,2.0,260.0,4.5,271.0,0.0,-99.8,-99.8,-99.8,-99.8,-99.8,-99.8,-99.8
2025-09-06 06:00:00,944.8,21.6,81.0,2.0,256.0,3.7,272.0,0.0,-99.8,-99.8,-99.8,-99.8,-99.8,-99.8,-99.8
2025-09-06 07:00:00,945.2,23.1,74.0,1.5,273.0,4.1,272.0,0.0,-99.8,-99.8,-99.8,-99.8,-99.8,-99.8,-99.8
2025-09-06 08:00:00,945.8,25.5,67.0,0.4,321.0,2.5,285.0,0.0,-99.8,-99.8,-99.8,-99.8,-99.8,-99.8,-99.8
2025-09-06 09:00:00,946.4,27.8,67.0,1.0,38.0,2.7,30.0,0.0,-99.8,-99.8,-99.8,-99.8,-99.8,-99.8,-99.8
2025-09-06 10:00:00,946.1,27.8,76.0,1.3,92.0,6.1,83.0,0.0,-99.8,-99.8,-99.8,-99.8,-99.8,-99.8,-99.8
2025-09-06 11:00:00,945.5,28.3,75.0,1.3,60.0,7.1,92.0,0.0,-99.8,-99.8,-99.8,-99.8,-99.8,-99.8,-99.8
2025-09-06 12:00:00,944.9,29.2,71.0,1.3,57.0,7.8,83.0,0.0,-99.8,-99.8,-99.8,-99.8,-99.8,-99.8,-99.8
2025-09-06 13:00:00,944.1,28.5,75.0,1.6,78.0,6.6,100.0,0.0,-99.8,-99.8,-99.8,-99.8,-99.8,-99.8,-99.8
2025-09-06 14:00:00,943.9,27.0,81.0,1.2,116.0,5.4,95.0,0.0,-99.8,-99.8,-99.8,-99.8,-99.8,-99.8,-99.8
2025-09-06 15:00:00,943.8,27.0,84.0,0.8,94.0,4.1,80.0,0.0,-99.8,-99.8,-99.8,-99.8,-99.8,-99.8,-99.8
2025-09-06 16:00:00,943.7,26.6,85.0,0.5,67.0,3.7,99.0,0.0,-99.8,-99.8,-99.8,-99.8,-99.8,-99.8,-99.8
2025-09-06 17:00:00,944.0,25.7,91.0,0.3,46.0,2.1,56.0,0.0,-99.8,-99.8,-99.8,-99.8,-99.8,-99.8,-99.8
2025-09-06 18:00:00,944.4,25.0,93.0,0.4,122.0,2.7,93.0,0.0,-99.8,-99.8,-99.8,-99.8,-99.8,-99.8,-99.8
2025-09-06 19:00:00,944.6,24.8,94.0,0.1,0.0,2.3,80.0,0.0,-99.8,-99.8,-99.8,-99.8,-99.8,-99.8,-99.8
2025-09-06 20:00:00,945.2,24.6,95.0,0.0,0.0,0.8,165.0,0.0,-99.8,-99.8,-99.8,-99.8,-99.8,-99.8,-99.8
2025-09-06 21:00:00,945.9,24.5,95.0,0.1,0.0,1.2,100.0,0.0,-99.8,-99.8,-99.8,-99.8,-99.8,-99.8,-99.8
2025-09-06 22:00:00,946.3,24.4,96.0,0.0,0.0,0.9,94.0,0.0,-99.8,-99.8,-99.8,-99.8,-99.8,-99.8,-99.8
2025-09-06 23:00:00,946.3,24.3,94.0,0.0,0.0,1.1,244.0,0.0,-99.8,-99.8,-99.8,-99.8,-99.8,-99.8,-99.8
2025-09-07 00:00:00,946.0,24.2,95.0,0.2,0.0,1.7,113.0,0.0,-99.8,-99.8,-99.8,-99.8,-99.8,-99.8,-99.8
2025-09-07 01:00:00,945.6,24.0,94.0,0.0,0.0,1.0,219.0,0.0,-99.8,-99.8,-99.8,-99.8,-99.8,-99.8,-99.8
2025-09-07 02:00:00,945.2,24.0,94.0,1.2,188.0,2.1,244.0,0.0,-99.8,-99.8,-99.8,-99.8,-99.8,-99.8,-99.8
2025-09-07 03:00:00,944.6,23.6,91.0,0.8,158.0,1.9,150.0,0.0,-99.8,-99.8,-99.8,-99.8,-99.8,-99.8,-99.8
2025-09-07 04:00:00,944.0,23.6,84.0,1.4,273.0,3.5,254.0,0.0,-99.8,-99.8,-99.8,-99.8,-99.8,-99.8,-99.8
2025-09-07 05:00:00,944.1,23.3,83.0,1.6,263.0,3.6,272.0,0.0,-99.8,-99.8,-99.8,-99.8,-99.8,-99.8,-99.8
2025-09-07 06:00:00,945.0,23.1,82.0,1.9,253.0,3.8,236.0,0.0,-99.8,-99.8,-99.8,-99.8,-99.8,-99.8,-99.8
2025-09-07 07:00:00,945.7,24.3,77.0,0.5,283.0,3.0,292.0,0.0,-99.8,-99.8,-99.8,-99.8,-99.8,-99.8,-99.8
2025-09-07 08:00:00,945.8,26.7,69.0,0.3,22.0,2.6,261.0,0.0,-99.8,-99.8,-99.8,-99.8,-99.8,-99.8,-99.8
2025-09-07 09:00:00,946.3,27.8,71.0,0.8,338.0,3.3,103.0,0.0,-99.8,-99.8,-99.8,-99.8,-99.8,-99.8,-99.8
2025-09-07 10:00:00,946.4,30.3,70.0,0.3,357.0,3.1,100.0,0.0,-99.8,-99.8,-99.8,-99.8,-99.8,-99.8,-99.8
2025-09-07 11:00:00,946.2,30.3,69.0,1.0,343.0,4.0,90.0,0.0,-99.8,-99.8,-99.8,-99.8,-99.8,-99.8,-99.8
2025-09-07 12:00:00,945.4,30.6,69.0,0.8,354.0,4.0,43.0,0.0,-99.8,-99.8,-99.8,-99.8,-99.8,-99.8,-99.8
2025-09-07 13:00:00,945.1,30.2,70.0,1.7,72.0,6.4,88.0,0.0,-99.8,-99.8,-99.8,-99.8,-99.8,-99.8,-99.8
2025-09-07 14:00:00,945.0,30.1,70.0,1.1,52.0,6.4,92.0,0.0,-99.8,-99.8,-99.8,-99.8,-99.8,-99.8,-99.8
2025-09-07 15:00:00,944.4,29.5,71.0,1.0,51.0,4.1,62.0,0.0,-99.8,-99.8,-99.8,-99.8,-99.8,-99.8,-99.8
2025-09-07 16:00:00,944.4,28.3,76.0,1.6,94.0,5.8,78.0,0.0,-99.8,-99.8,-99.8,-99.8,-99.8,-99.8,-99.8
2025-09-07 17:00:00,944.8,25.9,84.0,0.7,102.0,5.5,81.0,0.0,-99.8,-99.8,-99.8,-99.8,-99.8,-99.8,-99.8
2025-09-07 18:00:00,945.1,24.9,90.0,0.2,0.0,2.6,96.0,0.0,-99.8,-99.8,-99.8,-99.8,-99.8,-99.8,-99.8
2025-09-07 19:00:00,945.9,24.4,93.0,0.0,0.0,1.3,152.0,0.0,-99.8,-99.8,-99.8,-99.8,-99.8,-99.8,-99.8
2025-09-07 20:00:00,946.3,24.2,93.0,0.0,0.0,1.8,99.0,0.0,-99.8,-99.8,-99.8,-99.8,-99.8,-99.8,-99.8
2025-09-07 21:00:00,946.7,23.9,89.0,1.1,80.0,1.6,69.0,0.0,-99.8,-99.8,-99.8,-99.8,-99.8,-99.8,-99.8
2025-09-07 22:00:00,946.9,23.9,90.0,0.9,183.0,2.2,116.0,0.0,-99.8,-99.8,-99.8,-99.8,-99.8,-99.8,-99.8
2025-09-07 23:00:00,947.4,23.4,93.0,0.2,0.0,1.3,164.0,0.0,-99.8,-99.8,-99.8,-99.8,-99.8,-99.8,-99.8
2025-09-08 00:00:00,946.7,23.5,89.0,1.2,174.0,3.0,92.0,0.0,-99.8,-99.8,-99.8,-99.8,-99.8,-99.8,-99.8
2025-09-08 01:00:00,946.0,23.5,86.0,0.9,210.0,3.4,172.0,0.0,-99.8,-99.8,-99.8,-99.8,-99.8,-99.8,-99.8
2025-09-08 02:00:00,946.4,23.0,89.0,0.0,0.0,2.2,154.0,0.0,-99.8,-99.8,-99.8,-99.8,-99.8,-99.8,-99.8
2025-09-08 03:00:00,946.9,23.3,87.0,0.7,243.0,1.1,159.0,0.0,-99.8,-99.8,-99.8,-99.8,-99.8,-99.8,-99.8
2025-09-08 04:00:00,946.9,22.6,94.0,1.4,182.0,1.8,197.0,0.0,-99.8,-99.8,-99.8,-99.8,-99.8,-99.8,-99.8
2025-09-08 05:00:00,944.5,21.7,97.0,2.4,208.0,5.2,191.0,1.0,-99.8,-99.8,-99.8,-99.8,-99.8,-99.8,-99.8
2025-09-08 06:00:00,946.7,22.3,96.0,0.5,199.0,4.1,226.0,0.0,-99.8,-99.8,-99.8,-99.8,-99.8,-99.8,-99.8
2025-09-08 07:00:00,947.5,22.5,95.0,1.4,246.0,3.2,149.0,0.0,-99.8,-99.8,-99.8,-99.8,-99.8,-99.8,-99.8
2025-09-08 08:00:00,947.4,23.3,91.0,1.0,209.0,3.5,140.0,0.0,-99.8,-99.8,-99.8,-99.8,-99.8,-99.8,-99.8
2025-09-08 09:00:00,946.9,26.3,80.0,0.8,182.0,2.3,233.0,-999.6,-99.8,-99.8,-99.8,-99.8,-99.8,-99.8,-99.8
2025-09-08 10:00:00,947.1,28.5,76.0,0.9,49.0,2.5,29.0,0.0,-99.8,-99.8,-99.8,-99.8,-99.8,-99.8,-99.8
2025-09-08 11:00:00,947.0,28.4,77.0,1.2,65.0,5.4,92.0,0.0,-99.8,-99.8,-99.8,-99.8,-99.8,-99.8,-99.8
2025-09-08 12:00:00,946.8,28.6,75.0,1.8,45.0,6.9,91.0,0.0,-99.8,-99.8,-99.8,-99.8,-99.8,-99.8,-99.8
2025-09-08 13:00:00,946.3,30.1,69.0,0.8,357.0,4.5,90.0,0.0,-99.8,-99.8,-99.8,-99.8,-99.8,-99.8,-99.8
2025-09-08 14:00:00,946.2,29.1,75.0,0.7,9.0,5.6,89.0,0.0,-99.8,-99.8,-99.8,-99.8,-99.8,-99.8,-99.8
2025-09-08 15:00:00,945.9,27.3,81.0,0.2,0.0,3.6,88.0,0.0,-99.8,-99.8,-99.8,-99.8,-99.8,-99.8,-99.8
2025-09-08 16:00:00,946.3,26.0,87.0,0.6,93.0,1.9,98.0,0.0,-99.8,-99.8,-99.8,-99.8,-99.8,-99.8,-99.8
2025-09-08 17:00:00,946.3,24.8,84.0,1.4,133.0,4.3,305.0,0.0,-99.8,-99.8,-99.8,-99.8,-99.8,-99.8,-99.8
2025-09-08 18:00:00,946.2,24.4,82.0,0.2,0.0,2.3,113.0,0.0,-99.8,-99.8,-99.8,-99.8,-99.8,-99.8,-99.8
2025-09-08 19:00:00,947.0,23.7,87.0,0.1,0.0,1.5,100.0,0.0,-99.8,-99.8,-99.8,-99.8,-99.8,-99.8,-99.8
2025-09-08 20:00:00,947.7,23.7,87.0,1.0,133.0,2.6,163.0,0.0,-99.8,-99.8,-99.8,-99.8,-99.8,-99.8,-99.8
2025-09-08 21:00:00,948.1,23.4,90.0,0.9,131.0,2.0,100.0,0.0,-99.8,-99.8,-99.8,-99.8,-99.8,-99.8,-99.8
2025-09-08 22:00:00,948.4,22.9,94.0,2.0,167.0,3.1,152.0,0.0,-99.8,-99.8,-99.8,-99.8,-99.8,-99.8,-99.8
2025-09-08 23:00:00,948.6,23.0,89.0,1.8,215.0,3.8,218.0,0.0,-99.8,-99.8,-99.8,-99.8,-99.8,-99.8,-99.8
2025-09-09 00:00:00,948.3,23.1,86.0,1.9,227.0,3.5,142.0,0.0,-99.8,-99.8,-99.8,-99.8,-99.8,-99.8,-99.8
2025-09-09 01:00:00,947.8,23.2,84.0,1.8,251.0,3.7,214.0,0.0,-99.8,-99.8,-99.8,-99.8,-99.8,-99.8,-99.8
2025-09-09 02:00:00,947.7,23.2,82.0,1.6,234.0,3.7,273.0,0.0,-99.8,-99.8,-99.8,-99.8,-99.8,-99.8,-99.8
2025-09-09 03:00:00,947.7,23.0,83.0,2.0,264.0,3.2,281.0,0.0,-99.8,-99.8,-99.8,-99.8,-99.8,-99.8,-99.8
2025-09-09 04:00:00,947.5,23.0,83.0,1.5,248.0,2.9,247.0,0.0,-99.8,-99.8,-99.8,-99.8,-99.8,-99.8,-99.8
2025-09-09 05:00:00,947.2,22.7,83.0,1.5,263.0,3.2,269.0,0.0,-99.8,-99.8,-99.8,-99.8,-99.8,-99.8,-99.8
2025-09-09 06:00:00,947.7,22.8,83.0,1.7,258.0,3.5,255.0,0.0,-99.8,-99.8,-99.8,-99.8,-99.8,-99.8,-99.8
2025-09-09 07:00:00,948.1,23.7,80.0,1.7,263.0,3.6,244.0,0.0,-99.8,-99.8,-99.8,-99.8,-99.8,-99.8,-99.8
2025-09-09 08:00:00,948.7,26.4,69.0,0.8,257.0,2.7,250.0,0.0,-99.8,-99.8,-99.8,-99.8,-99.8,-99.8,-99.8
2025-09-09 09:00:00,948.9,27.6,70.0,0.1,0.0,1.4,50.0,0.0,-99.8,-99.8,-99.8,-99.8,-99.8,-99.8,-99.8
2025-09-09 10:00:00,948.9,28.8,69.0,1.1,54.0,2.4,87.0,0.0,-99.8,-99.8,-99.8,-99.8,-99.8,-99.8,-99.8
2025-09-09 11:00:00,948.4,28.8,71.0,0.9,42.0,2.6,94.0,0.0,-99.8,-99.8,-99.8,-99.8,-99.8,-99.8,-99.8
2025-09-09 12:00:00,947.7,30.1,67.0,0.7,23.0,3.0,14.0,0.0,-99.8,-99.8,-99.8,-99.8,-99.8,-99.8,-99.8
2025-09-09 13:00:00,947.0,30.4,66.0,0.9,34.0,3.6,104.0,0.0,-99.8,-99.8,-99.8,-99.8,-99.8,-99.8,-99.8
2025-09-09 14:00:00,946.8,30.1,67.0,0.8,26.0,3.7,95.0,0.0,-99.8,-99.8,-99.8,-99.8,-99.8,-99.8,-99.8
2025-09-09 15:00:00,946.4,28.9,75.0,1.0,77.0,4.3,97.0,0.0,-99.8,-99.8,-99.8,-99.8,-99.8,-99.8,-99.8
2025-09-09 16:00:00,946.7,28.0,77.0,0.7,79.0,3.2,84.0,0.0,-99.8,-99.8,-99.8,-99.8,-99.8,-99.8,-99.8
2025-09-09 17:00:00,947.0,25.9,89.0,0.1,0.0,1.7,89.0,0.0,-99.8,-99.8,-99.8,-99.8,-99.8,-99.8,-99.8
2025-09-09 18:00:00,947.2,25.0,92.0,0.2,0.0,1.6,84.0,0.0,-99.8,-99.8,-99.8,-99.8,-99.8,-99.8,-99.8
2025-09-09 19:00:00,947.6,24.4,93.0,0.0,0.0,1.0,219.0,0.0,-99.8,-99.8,-99.8,-99.8,-99.8,-99.8,-99.8
2025-09-09 20:00:00,948.2,24.4,88.0,0.1,0.0,2.2,244.0,0.0,-99.8,-99.8,-99.8,-99.8,-99.8,-99.8,-99.8
2025-09-09 21:00:00,948.9,24.0,89.0,0.3,202.0,2.2,106.0,0.0,-99.8,-99.8,-99.8,-99.8,-99.8,-99.8,-99.8
2025-09-09 22:00:00,949.0,23.9,85.0,1.3,147.0,2.2,110.0,0.0,-99.8,-99.8,-99.8,-99.8,-99.8,-99.8,-99.8
2025-09-09 23:00:00,948.5,23.8,82.0,2.5,231.0,4.1,121.0,-999.6,-99.8,-99.8,-99.8,-99.8,-99.8,-99.8,-99.8
2025-09-10 00:00:00,948.2,23.7,81.0,1.9,235.0,3.6,244.0,0.0,-99.8,-99.8,-99.8,-99.8,-99.8,-99.8,-99.8
2025-09-10 01:00:00,947.8,23.6,79.0,2.4,249.0,3.9,238.0,0.0,-99.8,-99.8,-99.8,-99.8,-99.8,-99.8,-99.8
2025-09-10 02:00:00,947.3,23.4,76.0,2.4,251.0,4.4,276.0,0.0,-99.8,-99.8,-99.8,-99.8,-99.8,-99.8,-99.8
2025-09-10 03:00:00,946.8,22.9,79.0,2.3,252.0,4.5,227.0,0.0,-99.8,-99.8,-99.8,-99.8,-99.8,-99.8,-99.8
2025-09-10 04:00:00,946.6,23.5,74.0,2.2,269.0,4.5,243.0,0.0,-99.8,-99.8,-99.8,-99.8,-99.8,-99.8,-99.8
2025-09-10 05:00:00,946.4,23.2,73.0,1.8,269.0,6.5,246.0,0.0,-99.8,-99.8,-99.8,-99.8,-99.8,-99.8,-99.8
2025-09-10 06:00:00,947.0,23.4,71.0,1.5,258.0,3.6,221.0,0.0,-99.8,-99.8,-99.8,-99.8,-99.8,-99.8,-99.8
2025-09-10 07:00:00,947.6,24.7,72.0,0.4,341.0,2.9,277.0,0.0,-99.8,-99.8,-99.8,-99.8,-99.8,-99.8,-99.8
2025-09-10 08:00:00,948.1,27.3,62.0,0.1,0.0,1.5,92.0,0.0,-99.8,-99.8,-99.8,-99.8,-99.8,-99.8,-99.8
2025-09-10 09:00:00,948.0,28.4,65.0,0.9,60.0,2.5,71.0,0.0,-99.8,-99.8,-99.8,-99.8,-99.8,-99.8,-99.8
2025-09-10 10:00:00,948.1,29.0,64.0,0.9,49.0,2.9,110.0,0.0,-99.8,-99.8,-99.8,-99.8,-99.8,-99.8,-99.8
2025-09-10 11:00:00,948.2,30.2,62.0,0.6,10.0,3.3,22.0,0.0,-99.8,-99.8,-99.8,-99.8,-99.8,-99.8,-99.8
2025-09-10 12:00:00,947.9,30.4,62.0,0.8,336.0,3.0,41.0,0.0,-99.8,-99.8,-99.8,-99.8,-99.8,-99.8,-99.8
2025-09-10 13:00:00,947.2,30.5,59.0,0.9,26.0,3.7,44.0,0.0,-99.8,-99.8,-99.8,-99.8,-99.8,-99.8,-99.8
2025-09-10 14:00:00,946.6,29.9,62.0,1.2,63.0,4.7,66.0,0.0,-99.8,-99.8,-99.8,-99.8,-99.8,-99.8,-99.8
2025-09-10 15:00:00,946.6,29.4,66.0,1.3,83.0,5.8,87.0,0.0,-99.8,-99.8,-99.8,-99.8,-99.8,-99.8,-99.8
2025-09-10 16:00:00,946.7,29.1,70.0,0.5,141.0,4.1,97.0,0.0,-99.8,-99.8,-99.8,-99.8,-99.8,-99.8,-99.8
2025-09-10 17:00:00,946.8,25.8,84.0,0.4,126.0,2.8,100.0,0.0,-99.8,-99.8,-99.8,-99.8,-99.8,-99.8,-99.8
2025-09-10 18:00:00,946.9,24.5,90.0,0.0,0.0,2.0,93.0,0.0,-99.8,-99.8,-99.8,-99.8,-99.8,-99.8,-99.8
2025-09-10 19:00:00,947.3,24.1,91.0,0.0,0.0,1.3,175.0,0.0,-99.8,-99.8,-99.8,-99.8,-99.8,-99.8,-99.8
2025-09-10 20:00:00,948.0,23.7,93.0,0.2,0.0,1.2,221.0,0.0,-99.8,-99.8,-99.8,-99.8,-99.8,-99.8,-99.8
2025-09-10 21:00:00,948.1,23.6,91.0,1.2,82.0,2.0,67.0,0.0,-99.8,-99.8,-99.8,-99.8,-99.8,-99.8,-99.8
2025-09-10 22:00:00,947.9,23.5,91.0,1.4,187.0,2.9,83.0,0.0,-99.8,-99.8,-99.8,-99.8,-99.8,-99.8,-99.8
2025-09-10 23:00:00,947.7,23.4,88.0,0.2,0.0,3.4,255.0,0.0,-99.8,-99.8,-99.8,-99.8,-99.8,-99.8,-99.8
2025-09-11 00:00:00,947.4,23.2,84.0,1.2,243.0,2.7,248.0,0.0,-99.8,-99.8,-99.8,-99.8,-99.8,-99.8,-99.8
2025-09-11 01:00:00,947.3,22.6,85.0,2.0,215.0,3.2,117.0,0.0,-99.8,-99.8,-99.8,-99.8,-99.8,-99.8,-99.8
2025-09-11 02:00:00,946.8,22.6,82.0,1.5,210.0,3.6,141.0,0.0,-99.8,-99.8,-99.8,-99.8,-99.8,-99.8,-99.8
2025-09-11 03:00:00,946.3,22.4,81.0,1.4,253.0,3.5,127.0,0.0,-99.8,-99.8,-99.8,-99.8,-99.8,-99.8,-99.8
2025-09-11 04:00:00,946.1,22.2,80.0,2.0,261.0,4.2,266.0,0.0,-99.8,-99.8,-99.8,-99.8,-99.8,-99.8,-99.8
2025-09-11 05:00:00,946.8,22.4,76.0,1.7,264.0,3.8,280.0,0.0,-99.8,-99.8,-99.8,-99.8,-99.8,-99.8,-99.8
2025-09-11 06:00:00,947.1,22.2,76.0,2.2,262.0,3.8,257.0,0.0,-99.8,-99.8,-99.8,-99.8,-99.8,-99.8,-99.8
2025-09-11 07:00:00,947.9,23.7,72.0,1.3,261.0,3.9,236.0,0.0,-99.8,-99.8,-99.8,-99.8,-99.8,-99.8,-99.8
2025-09-11 08:00:00,948.1,26.9,61.0,0.4,243.0,2.4,282.0,0.0,-99.8,-99.8,-99.8,-99.8,-99.8,-99.8,-99.8
2025-09-11 09:00:00,948.4,28.8,63.0,1.2,68.0,2.7,84.0,0.0,-99.8,-99.8,-99.8,-99.8,-99.8,-99.8,-99.8
2025-09-11 10:00:00,948.3,29.5,65.0,1.0,25.0,4.6,61.0,0.0,-99.8,-99.8,-99.8,-99.8,-99.8,-99.8,-99.8
2025-09-11 11:00:00,947.8,30.0,66.0,1.2,350.0,3.8,333.0,0.0,-99.8,-99.8,-99.8,-99.8,-99.8,-99.8,-99.8
2025-09-11 12:00:00,947.6,29.6,68.0,1.4,49.0,5.8,70.0,0.0,-99.8,-99.8,-99.8,-99.8,-99.8,-99.8,-99.8
2025-09-11 13:00:00,947.0,28.3,74.0,1.8,56.0,5.5,82.0,0.0,-99.8,-99.8,-99.8,-99.8,-99.8,-99.8,-99.8
2025-09-11 14:00:00,946.1,28.6,73.0,1.1,93.0,5.1,86.0,0.0,-99.8,-99.8,-99.8,-99.8,-99.8,-99.8,-99.8
2025-09-11 15:00:00,946.0,27.0,78.0,1.7,115.0,5.9,86.0,0.0,-99.8,-99.8,-99.8,-99.8,-99.8,-99.8,-99.8
2025-09-11 16:00:00,946.2,25.9,77.0,0.5,143.0,4.9,101.0,0.0,-99.8,-99.8,-99.8,-99.8,-99.8,-99.8,-99.8
2025-09-11 17:00:00,946.2,25.0,85.0,0.8,135.0,3.6,97.0,0.0,-99.8,-99.8,-99.8,-99.8,-99.8,-99.8,-99.8
2025-09-11 18:00:00,946.4,24.6,88.0,0.1,0.0,2.5,190.0,0.0,-99.8,-99.8,-99.8,-99.8,-99.8,-99.8,-99.8
2025-09-11 19:00:00,946.4,24.1,91.0,0.0,0.0,1.2,189.0,0.0,-99.8,-99.8,-99.8,-99.8,-99.8,-99.8,-99.8
2025-09-11 20:00:00,946.5,23.6,92.0,1.6,133.0,2.5,60.0,0.0,-99.8,-99.8,-99.8,-99.8,-99.8,-99.8,-99.8
2025-09-11 21:00:00,947.0,23.5,91.0,1.5,99.0,2.8,152.0,0.0,-99.8,-99.8,-99.8,-99.8,-99.8,-99.8,-99.8
2025-09-11 22:00:00,947.1,23.7,88.0,1.2,171.0,2.9,110.0,0.0,-99.8,-99.8,-99.8,-99.8,-99.8,-99.8,-99.8
2025-09-11 23:00:00,947.3,23.4,85.0,0.4,160.0,1.6,122.0,0.0,-99.8,-99.8,-99.8,-99.8,-99.8,-99.8,-99.8
2025-09-12 00:00:00,947.3,22.9,86.0,1.4,167.0,3.0,153.0,0.0,-99.8,-99.8,-99.8,-99.8,-99.8,-99.8,-99.8
2025-09-12 01:00:00,947.0,22.8,85.0,1.4,182.0,3.6,223.0,0.0,-99.8,-99.8,-99.8,-99.8,-99.8,-99.8,-99.8
2025-09-12 02:00:00,946.5,22.5,84.0,2.0,219.0,3.2,310.0,0.0,-99.8,-99.8,-99.8,-99.8,-99.8,-99.8,-99.8
2025-09-12 03:00:00,946.7,22.3,83.0,1.1,250.0,3.7,282.0,0.0,-99.8,-99.8,-99.8,-99.8,-99.8,-99.8,-99.8
2025-09-12 04:00:00,946.6,21.7,86.0,2.2,254.0,3.8,279.0,0.0,-99.8,-99.8,-99.8,-99.8,-99.8,-99.8,-99.8
2025-09-12 05:00:00,946.7,22.5,79.0,2.0,255.0,4.2,252.0,0.0,-99.8,-99.8,-99.8,-99.8,-99.8,-99.8,-99.8
2025-09-12 06:00:00,946.9,22.1,80.0,2.3,275.0,4.2,257.0,0.0,-99.8,-99.8,-99.8,-99.8,-99.8,-99.8,-99.8
2025-09-12 07:00:00,947.3,23.1,75.0,1.5,258.0,3.4,281.0,0.0,-99.8,-99.8,-99.8,-99.8,-99.8,-99.8,-99.8
2025-09-12 08:00:00,947.4,27.1,61.0,0.3,273.0,2.3,209.0,0.0,-99.8,-99.8,-99.8,-99.8,-99.8,-99.8,-99.8
2025-09-12 09:00:00,947.8,28.7,63.0,0.9,82.0,2.1,87.0,0.0,-99.8,-99.8,-99.8,-99.8,-99.8,-99.8,-99.8
2025-09-12 10:00:00,947.9,29.9,63.0,0.7,50.0,2.5,84.0,0.0,-99.8,-99.8,-99.8,-99.8,-99.8,-99.8,-99.8
2025-09-12 11:00:00,947.5,30.6,60.0,0.8,5.0,3.8,31.0,0.0,-99.8,-99.8,-99.8,-99.8,-99.8,-99.8,-99.8
2025-09-12 12:00:00,947.0,30.6,61.0,0.8,18.0,4.9,36.0,0.0,-99.8,-99.8,-99.8,-99.8,-99.8,-99.8,-99.8
2025-09-12 13:00:00,946.8,30.5,61.0,1.4,32.0,5.2,90.0,0.0,-99.8,-99.8,-99.8,-99.8,-99.8,-99.8,-99.8
2025-09-12 14:00:00,946.6,30.0,64.0,1.1,35.0,4.3,85.0,0.0,-99.8,-99.8,-99.8,-99.8,-99.8,-99.8,-99.8
2025-09-12 15:00:00,946.4,29.5,63.0,0.8,39.0,4.2,338.0,0.0,-99.8,-99.8,-99.8,-99.8,-99.8,-99.8,-99.8
2025-09-12 16:00:00,946.5,28.7,67.0,0.3,191.0,4.2,104.0,0.0,-99.8,-99.8,-99.8,-99.8,-99.8,-99.8,-99.8
2025-09-12 17:00:00,947.0,25.9,79.0,0.2,0.0,4.1,134.0,0.0,-99.8,-99.8,-99.8,-99.8,-99.8,-99.8,-99.8
2025-09-12 18:00:00,947.2,24.7,82.0,0.2,0.0,1.8,105.0,0.0,-99.8,-99.8,-99.8,-99.8,-99.8,-99.8,-99.8
2025-09-12 19:00:00,947.4,24.3,85.0,0.0,0.0,1.5,171.0,0.0,-99.8,-99.8,-99.8,-99.8,-99.8,-99.8,-99.8
2025-09-12 20:00:00,948.0,24.1,86.0,0.0,0.0,1.0,142.0,0.0,-99.8,-99.8,-99.8,-99.8,-99.8,-99.8,-99.8
2025-09-12 21:00:00,948.6,23.9,86.0,1.2,136.0,2.0,80.0,0.0,-99.8,-99.8,-99.8,-99.8,-99.8,-99.8,-99.8
2025-09-12 22:00:00,948.2,23.7,87.0,1.8,158.0,2.9,202.0,0.0,-99.8,-99.8,-99.8,-99.8,-99.8,-99.8,-99.8
2025-09-12 23:00:00,947.7,23.5,86.0,1.8,154.0,2.8,121.0,0.0,-99.8,-99.8,-99.8,-99.8,-99.8,-99.8,-99.8
2025-09-13 00:00:00,947.2,23.4,86.0,1.9,190.0,3.7,209.0,0.0,-99.8,-99.8,-99.8,-99.8,-99.8,-99.8,-99.8
2025-09-13 01:00:00,946.9,23.4,84.0,1.1,190.0,3.1,179.0,-999.6,-99.8,-99.8,-99.8,-99.8,-99.8,-99.8,-99.8
2025-09-13 02:00:00,946.7,22.9,86.0,2.0,189.0,2.8,145.0,0.0,-99.8,-99.8,-99.8,-99.8,-99.8,-99.8,-99.8
2025-09-13 03:00:00,946.4,22.8,84.0,1.7,218.0,3.0,219.0,0.0,-99.8,-99.8,-99.8,-99.8,-99.8,-99.8,-99.8
2025-09-13 04:00:00,946.0,22.6,81.0,1.8,246.0,4.2,221.0,0.0,-99.8,-99.8,-99.8,-99.8,-99.8,-99.8,-99.8
2025-09-13 05:00:00,946.0,21.9,83.0,2.2,256.0,4.1,281.0,0.0,-99.8,-99.8,-99.8,-99.8,-99.8,-99.8,-99.8
2025-09-13 06:00:00,946.4,22.2,79.0,2.3,255.0,3.7,285.0,0.0,-99.8,-99.8,-99.8,-99.8,-99.8,-99.8,-99.8
2025-09-13 07:00:00,947.0,23.4,75.0,1.4,259.0,4.8,248.0,0.0,-99.8,-99.8,-99.8,-99.8,-99.8,-99.8,-99.8
2025-09-13 08:00:00,947.5,26.7,62.0,0.8,342.0,2.2,227.0,-999.6,-99.8,-99.8,-99.8,-99.8,-99.8,-99.8,-99.8
2025-09-13 09:00:00,948.1,28.1,65.0,0.4,314.0,3.0,106.0,0.0,-99.8,-99.8,-99.8,-99.8,-99.8,-99.8,-99.8
2025-09-13 10:00:00,948.3,29.4,62.0,0.8,359.0,3.2,358.0,0.0,-99.8,-99.8,-99.8,-99.8,-99.8,-99.8,-99.8
2025-09-13 11:00:00,948.3,30.4,60.0,0.8,64.0,4.8,36.0,0.0,-99.8,-99.8,-99.8,-99.8,-99.8,-99.8,-99.8
2025-09-13 12:00:00,947.8,30.6,60.0,1.1,16.0,4.8,69.0,0.0,-99.8,-99.8,-99.8,-99.8,-99.8,-99.8,-99.8
2025-09-13 13:00:00,947.3,30.3,57.0,1.2,56.0,5.7,77.0,0.0,-99.8,-99.8,-99.8,-99.8,-99.8,-99.8,-99.8
2025-09-13 14:00:00,947.2,29.9,59.0,1.5,75.0,5.8,77.0,0.0,-99.8,-99.8,-99.8,-99.8,-99.8,-99.8,-99.8
2025-09-13 15:00:00,947.0,29.0,63.0,1.0,108.0,6.1,87.0,0.0,-99.8,-99.8,-99.8,-99.8,-99.8,-99.8,-99.8
2025-09-13 16:00:00,947.0,29.6,63.0,0.7,123.0,4.5,87.0,0.0,-99.8,-99.8,-99.8,-99.8,-99.8,-99.8,-99.8
2025-09-13 17:00:00,947.3,26.3,72.0,0.4,154.0,2.3,53.0,0.0,-99.8,-99.8,-99.8,-99.8,-99.8,-99.8,-99.8
2025-09-13 18:00:00,947.4,25.0,79.0,0.2,0.0,2.5,98.0,0.0,-99.8,-99.8,-99.8,-99.8,-99.8,-99.8,-99.8
2025-09-13 19:00:00,947.7,24.6,79.0,0.0,0.0,1.7,107.0,0.0,-99.8,-99.8,-99.8,-99.8,-99.8,-99.8,-99.8
2025-09-13 20:00:00,947.7,24.1,82.0,0.4,89.0,1.6,108.0,0.0,-99.8,-99.8,-99.8,-99.8,-99.8,-99.8,-99.8
2025-09-13 21:00:00,948.0,23.6,82.0,1.3,141.0,2.2,162.0,0.0,-99.8,-99.8,-99.8,-99.8,-99.8,-99.8,-99.8
2025-09-13 22:00:00,948.0,23.3,83.0,1.7,130.0,2.6,101.0,0.0,-99.8,-99.8,-99.8,-99.8,-99.8,-99.8,-99.8
2025-09-13 23:00:00,947.8,23.4,82.0,2.1,227.0,4.0,252.0,0.0,-99.8,-99.8,-99.8,-99.8,-99.8,-99.8,-99.8
2025-09-14 00:00:00,947.5,22.9,83.0,1.9,225.0,3.2,188.0,0.0,-99.8,-99.8,-99.8,-99.8,-99.8,-99.8,-99.8
2025-09-14 01:00:00,947.2,22.9,82.0,2.1,254.0,3.8,295.0,0.0,-99.8,-99.8,-99.8,-99.8,-99.8,-99.8,-99.8
2025-09-14 02:00:00,947.4,22.9,79.0,1.5,263.0,3.6,279.0,0.0,-99.8,-99.8,-99.8,-99.8,-99.8,-99.8,-99.8
2025-09-14 03:00:00,947.8,22.5,81.0,2.1,223.0,3.2,236.0,0.0,-99.8,-99.8,-99.8,-99.8,-99.8,-99.8,-99.8
2025-09-14 04:00:00,947.7,22.8,78.0,1.7,252.0,4.2,177.0,0.0,-99.8,-99.8,-99.8,-99.8,-99.8,-99.8,-99.8
2025-09-14 05:00:00,947.7,22.2,81.0,1.8,252.0,3.9,266.0,0.0,-99.8,-99.8,-99.8,-99.8,-99.8,-99.8,-99.8
2025-09-14 06:00:00,948.1,22.7,77.0,1.9,257.0,4.0,275.0,0.0,-99.8,-99.8,-99.8,-99.8,-99.8,-99.8,-99.8
2025-09-14 07:00:00,948.2,24.4,72.0,0.6,274.0,3.5,266.0,0.0,-99.8,-99.8,-99.8,-99.8,-99.8,-99.8,-99.8
2025-09-14 08:00:00,948.2,27.6,65.0,0.5,41.0,2.4,271.0,0.0,-99.8,-99.8,-99.8,-99.8,-99.8,-99.8,-99.8
2025-09-14 09:00:00,948.7,28.0,69.0,0.7,28.0,3.2,56.0,0.0,-99.8,-99.8,-99.8,-99.8,-99.8,-99.8,-99.8
2025-09-14 10:00:00,948.5,29.2,66.0,1.0,48.0,4.7,93.0,0.0,-99.8,-99.8,-99.8,-99.8,-99.8,-99.8,-99.8
2025-09-14 11:00:00,947.9,27.8,72.0,1.5,85.0,5.1,90.0,0.0,-99.8,-99.8,-99.8,-99.8,-99.8,-99.8,-99.8
2025-09-14 12:00:00,947.2,27.8,75.0,1.6,87.0,6.5,82.0,0.0,-99.8,-99.8,-99.8,-99.8,-99.8,-99.8,-99.8
2025-09-14 13:00:00,946.8,29.6,71.0,1.1,74.0,4.9,82.0,-999.6,-99.8,-99.8,-99.8,-99.8,-99.8,-99.8,-99.8
2025-09-14 14:00:00,946.6,27.5,79.0,1.8,77.0,5.4,70.0,0.0,-99.8,-99.8,-99.8,-99.8,-99.8,-99.8,-99.8
2025-09-14 15:00:00,946.5,27.1,82.0,1.6,86.0,4.4,101.0,0.0,-99.8,-99.8,-99.8,-99.8,-99.8,-99.8,-99.8
2025-09-14 16:00:00,946.7,26.8,83.0,0.7,62.0,3.2,85.0,0.0,-99.8,-99.8,-99.8,-99.8,-99.8,-99.8,-99.8
2025-09-14 17:00:00,947.0,25.7,89.0,0.0,0.0,1.2,35.0,0.0,-99.8,-99.8,-99.8,-99.8,-99.8,-99.8,-99.8
2025-09-14 18:00:00,947.6,24.7,91.0,0.3,118.0,1.9,88.0,0.0,-99.8,-99.8,-99.8,-99.8,-99.8,-99.8,-99.8
2025-09-14 19:00:00,948.3,24.0,92.0,0.1,0.0,2.2,93.0,0.0,-99.8,-99.8,-99.8,-99.8,-99.8,-99.8,-99.8
2025-09-14 20:00:00,949.0,23.7,91.0,0.0,0.0,1.5,183.0,0.0,-99.8,-99.8,-99.8,-99.8,-99.8,-99.8,-99.8
2025-09-14 21:00:00,949.7,23.9,90.0,0.0,0.0,1.5,174.0,0.0,-99.8,-99.8,-99.8,-99.8,-99.8,-99.8,-99.8
2025-09-14 22:00:00,950.1,23.9,91.0,0.0,0.0,0.4,248.0,0.0,-99.8,-99.8,-99.8,-99.8,-99.8,-99.8,-99.8
2025-09-14 23:00:00,949.7,23.7,92.0,0.5,205.0,2.0,84.0,0.0,-99.8,-99.8,-99.8,-99.8,-99.8,-99.8,-99.8
2025-09-15 00:00:00,949.3,23.7,90.0,0.3,143.0,2.0,92.0,0.0,-99.8,-99.8,-99.8,-99.8,-99.8,-99.8,-99.8
2025-09-15 01:00:00,948.9,23.3,91.0,0.5,102.0,1.9,74.0,0.0,-99.8,-99.8,-99.8,-99.8,-99.8,-99.8,-99.8
2025-09-15 02:00:00,948.4,22.8,92.0,1.6,122.0,2.3,109.0,0.0,-99.8,-99.8,-99.8,-99.8,-99.8,-99.8,-99.8
2025-09-15 03:00:00,948.6,23.0,90.0,1.3,200.0,3.2,61.0,0.0,-99.8,-99.8,-99.8,-99.8,-99.8,-99.8,-99.8
2025-09-15 04:00:00,948.5,22.9,88.0,2.0,221.0,3.0,283.0,0.0,-99.8,-99.8,-99.8,-99.8,-99.8,-99.8,-99.8
2025-09-15 05:00:00,947.8,22.3,89.0,2.8,241.0,5.3,227.0,0.0,-99.8,-99.8,-99.8,-99.8,-99.8,-99.8,-99.8
2025-09-15 06:00:00,948.8,22.5,85.0,1.8,218.0,4.0,206.0,0.0,-99.8,-99.8,-99.8,-99.8,-99.8,-99.8,-99.8
2025-09-15 07:00:00,949.5,24.6,76.0,0.3,328.0,3.9,199.0,0.0,-99.8,-99.8,-99.8,-99.8,-99.8,-99.8,-99.8
2025-09-15 08:00:00,949.9,27.0,65.0,0.0,0.0,1.2,340.0,0.0,-99.8,-99.8,-99.8,-99.8,-99.8,-99.8,-99.8
2025-09-15 09:00:00,950.4,28.3,66.0,0.8,29.0,2.9,86.0,0.0,-99.8,-99.8,-99.8,-99.8,-99.8,-99.8,-99.8
2025-09-15 10:00:00,950.4,27.7,73.0,0.6,355.0,4.0,141.0,0.0,-99.8,-99.8,-99.8,-99.8,-99.8,-99.8,-99.8
2025-09-15 11:00:00,949.7,28.5,70.0,1.8,99.0,5.6,84.0,0.0,-99.8,-99.8,-99.8,-99.8,-99.8,-99.8,-99.8
2025-09-15 12:00:00,949.1,28.1,71.0,1.4,84.0,6.0,88.0,0.0,-99.8,-99.8,-99.8,-99.8,-99.8,-99.8,-99.8
2025-09-15 13:00:00,948.5,28.9,69.0,1.6,93.0,5.5,79.0,0.0,-99.8,-99.8,-99.8,-99.8,-99.8,-99.8,-99.8
2025-09-15 14:00:00,948.2,28.3,71.0,1.1,84.0,5.5,86.0,0.0,-99.8,-99.8,-99.8,-99.8,-99.8,-99.8,-99.8
2025-09-15 15:00:00,948.3,29.4,69.0,1.0,55.0,5.7,65.0,0.0,-99.8,-99.8,-99.8,-99.8,-99.8,-99.8,-99.8
2025-09-15 16:00:00,948.5,28.8,71.0,0.9,79.0,7.2,123.0,0.0,-99.8,-99.8,-99.8,-99.8,-99.8,-99.8,-99.8
2025-09-15 17:00:00,948.8,25.8,83.0,1.0,120.0,5.8,87.0,0.0,-99.8,-99.8,-99.8,-99.8,-99.8,-99.8,-99.8
2025-09-15 18:00:00,948.9,25.1,79.0,0.8,135.0,3.8,162.0,0.0,-99.8,-99.8,-99.8,-99.8,-99.8,-99.8,-99.8
2025-09-15 19:00:00,949.5,24.6,81.0,0.5,181.0,2.2,62.0,0.0,-99.8,-99.8,-99.8,-99.8,-99.8,-99.8,-99.8
2025-09-15 20:00:00,949.6,24.2,85.0,0.4,98.0,1.6,135.0,0.0,-99.8,-99.8,-99.8,-99.8,-99.8,-99.8,-99.8
2025-09-15 21:00:00,950.1,23.9,84.0,0.0,0.0,1.8,94.0,0.0,-99.8,-99.8,-99.8,-99.8,-99.8,-99.8,-99.8
2025-09-15 22:00:00,950.4,23.6,83.0,0.0,0.0,1.8,118.0,0.0,-99.8,-99.8,-99.8,-99.8,-99.8,-99.8,-99.8
2025-09-15 23:00:00,949.9,23.5,83.0,1.0,160.0,2.6,104.0,0.0,-99.8,-99.8,-99.8,-99.8,-99.8,-99.8,-99.8
2025-09-16 00:00:00,949.4,23.0,85.0,1.4,173.0,2.7,122.0,0.0,-99.8,-99.8,-99.8,-99.8,-99.8,-99.8,-99.8
2025-09-16 01:00:00,949.0,23.2,81.0,1.2,217.0,4.3,138.0,0.0,-99.8,-99.8,-99.8,-99.8,-99.8,-99.8,-99.8
2025-09-16 02:00:00,948.2,22.5,84.0,2.2,233.0,3.7,108.0,0.0,-99.8,-99.8,-99.8,-99.8,-99.8,-99.8,-99.8
2025-09-16 03:00:00,948.3,22.5,81.0,0.9,235.0,3.0,244.0,0.0,-99.8,-99.8,-99.8,-99.8,-99.8,-99.8,-99.8
2025-09-16 04:00:00,948.0,22.2,80.0,2.2,234.0,3.5,249.0,0.0,-99.8,-99.8,-99.8,-99.8,-99.8,-99.8,-99.8
2025-09-16 05:00:00,948.0,22.1,80.0,2.1,208.0,3.3,239.0,0.0,-99.8,-99.8,-99.8,-99.8,-99.8,-99.8,-99.8
2025-09-16 06:00:00,948.3,22.3,77.0,1.8,227.0,3.9,238.0,0.0,-99.8,-99.8,-99.8,-99.8,-99.8,-99.8,-99.8
2025-09-16 07:00:00,948.7,23.0,74.0,1.4,201.0,4.1,161.0,0.0,-99.8,-99.8,-99.8,-99.8,-99.8,-99.8,-99.8
2025-09-16 08:00:00,949.3,25.2,67.0,0.9,243.0,2.4,276.0,0.0,-99.8,-99.8,-99.8,-99.8,-99.8,-99.8,-99.8
2025-09-16 09:00:00,949.4,28.3,60.0,0.4,80.0,1.9,236.0,0.0,-99.8,-99.8,-99.8,-99.8,-99.8,-99.8,-99.8
2025-09-16 10:00:00,949.8,28.0,68.0,0.4,37.0,2.5,88.0,0.0,-99.8,-99.8,-99.8,-99.8,-99.8,-99.8,-99.8
2025-09-16 11:00:00,949.7,27.9,69.0,1.0,94.0,4.0,94.0,0.0,-99.8,-99.8,-99.8,-99.8,-99.8,-99.8,-99.8
2025-09-16 12:00:00,948.8,28.3,71.0,0.3,18.0,2.2,89.0,0.0,-99.8,-99.8,-99.8,-99.8,-99.8,-99.8,-99.8
2025-09-16 13:00:00,947.9,28.7,71.0,0.9,36.0,2.2,19.0,0.0,-99.8,-99.8,-99.8,-99.8,-99.8,-99.8,-99.8
2025-09-16 14:00:00,947.5,27.6,76.0,1.9,79.0,4.8,88.0,0.0,-99.8,-99.8,-99.8,-99.8,-99.8,-99.8,-99.8
2025-09-16 15:00:00,947.1,29.8,67.0,0.5,58.0,4.8,33.0,0.0,-99.8,-99.8,-99.8,-99.8,-99.8,-99.8,-99.8
2025-09-16 16:00:00,947.0,28.5,72.0,0.5,83.0,4.5,86.0,0.0,-99.8,-99.8,-99.8,-99.8,-99.8,-99.8,-99.8
2025-09-16 17:00:00,947.0,25.9,81.0,0.9,121.0,4.0,97.0,0.0,-99.8,-99.8,-99.8,-99.8,-99.8,-99.8,-99.8
2025-09-16 18:00:00,947.4,24.5,86.0,0.7,179.0,3.2,86.0,0.0,-99.8,-99.8,-99.8,-99.8,-99.8,-99.8,-99.8
2025-09-16 19:00:00,947.8,24.0,88.0,0.4,191.0,2.8,84.0,0.0,-99.8,-99.8,-99.8,-99.8,-99.8,-99.8,-99.8
2025-09-16 20:00:00,948.5,23.7,91.0,0.0,0.0,1.4,179.0,0.0,-99.8,-99.8,-99.8,-99.8,-99.8,-99.8,-99.8
2025-09-16 21:00:00,948.9,23.4,93.0,0.0,0.0,1.0,173.0,0.0,-99.8,-99.8,-99.8,-99.8,-99.8,-99.8,-99.8
2025-09-16 22:00:00,948.6,23.4,88.0,0.1,0.0,1.4,83.0,0.0,-99.8,-99.8,-99.8,-99.8,-99.8,-99.8,-99.8
2025-09-16 23:00:00,948.3,23.2,91.0,0.6,101.0,3.2,79.0,0.0,-99.8,-99.8,-99.8,-99.8,-99.8,-99.8,-99.8
2025-09-17 00:00:00,948.2,22.9,91.0,0.7,13.0,2.0,208.0,0.0,-99.8,-99.8,-99.8,-99.8,-99.8,-99.8,-99.8
2025-09-17 01:00:00,947.8,22.7,88.0,0.8,122.0,2.0,218.0,0.0,-99.8,-99.8,-99.8,-99.8,-99.8,-99.8,-99.8
2025-09-17 02:00:00,946.9,22.4,89.0,1.3,136.0,2.5,99.0,0.0,-99.8,-99.8,-99.8,-99.8,-99.8,-99.8,-99.8
2025-09-17 03:00:00,946.4,22.4,85.0,1.9,220.0,3.7,102.0,0.0,-99.8,-99.8,-99.8,-99.8,-99.8,-99.8,-99.8
2025-09-17 04:00:00,946.4,22.1,87.0,1.3,242.0,4.2,113.0,0.0,-99.8,-99.8,-99.8,-99.8,-99.8,-99.8,-99.8
2025-09-17 05:00:00,946.5,22.0,84.0,1.7,223.0,4.1,235.0,0.0,-99.8,-99.8,-99.8,-99.8,-99.8,-99.8,-99.8
2025-09-17 06:00:00,946.6,22.0,84.0,2.0,209.0,3.2,201.0,0.0,-99.8,-99.8,-99.8,-99.8,-99.8,-99.8,-99.8
2025-09-17 07:00:00,947.3,23.6,77.0,0.6,252.0,3.7,289.0,0.0,-99.8,-99.8,-99.8,-99.8,-99.8,-99.8,-99.8
2025-09-17 08:00:00,947.9,26.6,65.0,0.2,0.0,1.9,148.0,0.0,-99.8,-99.8,-99.8,-99.8,-99.8,-99.8,-99.8
2025-09-17 09:00:00,948.2,26.1,76.0,1.0,71.0,2.4,76.0,0.0,-99.8,-99.8,-99.8,-99.8,-99.8,-99.8,-99.8
2025-09-17 10:00:00,947.8,28.6,71.0,1.3,45.0,3.1,89.0,0.0,-99.8,-99.8,-99.8,-99.8,-99.8,-99.8,-99.8
2025-09-17 11:00:00,947.2,28.6,71.0,1.2,48.0,4.9,35.0,0.0,-99.8,-99.8,-99.8,-99.8,-99.8,-99.8,-99.8
2025-09-17 12:00:00,946.4,28.2,75.0,0.5,89.0,3.9,31.0,0.0,-99.8,-99.8,-99.8,-99.8,-99.8,-99.8,-99.8
2025-09-17 13:00:00,945.8,28.4,73.0,1.8,76.0,6.5,83.0,0.0,-99.8,-99.8,-99.8,-99.8,-99.8,-99.8,-99.8
2025-09-17 14:00:00,945.6,27.4,78.0,1.5,86.0,6.7,92.0,0.0,-99.8,-99.8,-99.8,-99.8,-99.8,-99.8,-99.8
2025-09-17 15:00:00,945.6,26.1,85.0,1.4,121.0,5.9,147.0,0.0,-99.8,-99.8,-99.8,-99.8,-99.8,-99.8,-99.8
2025-09-17 16:00:00,945.6,25.6,86.0,0.8,87.0,7.4,108.0,-999.6,-99.8,-99.8,-99.8,-99.8,-99.8,-99.8,-99.8
2025-09-17 17:00:00,945.8,24.9,88.0,1.3,116.0,5.5,82.0,0.0,-99.8,-99.8,-99.8,-99.8,-99.8,-99.8,-99.8
2025-09-17 18:00:00,946.3,24.3,90.0,0.9,98.0,5.0,91.0,0.0,-99.8,-99.8,-99.8,-99.8,-99.8,-99.8,-99.8
2025-09-17 19:00:00,946.6,24.1,86.0,0.6,152.0,4.5,192.0,0.0,-99.8,-99.8,-99.8,-99.8,-99.8,-99.8,-99.8
2025-09-17 20:00:00,947.6,23.5,88.0,0.6,156.0,5.3,97.0,0.0,-99.8,-99.8,-99.8,-99.8,-99.8,-99.8,-99.8
2025-09-17 21:00:00,948.1,23.5,87.0,0.3,103.0,2.7,143.0,0.0,-99.8,-99.8,-99.8,-99.8,-99.8,-99.8,-99.8
2025-09-17 22:00:00,948.2,23.6,83.0,0.8,155.0,3.0,123.0,0.0,-99.8,-99.8,-99.8,-99.8,-99.8,-99.8,-99.8
2025-09-17 23:00:00,948.2,23.1,87.0,0.3,21.0,2.1,218.0,0.0,-99.8,-99.8,-99.8,-99.8,-99.8,-99.8,-99.8
2025-09-18 00:00:00,947.8,22.9,86.0,0.0,0.0,1.7,171.0,0.0,-99.8,-99.8,-99.8,-99.8,-99.8,-99.8,-99.8
2025-09-18 01:00:00,947.3,22.6,89.0,1.0,173.0,2.0,99.0,0.0,-99.8,-99.8,-99.8,-99.8,-99.8,-99.8,-99.8
2025-09-18 02:00:00,946.7,22.3,91.0,1.6,140.0,3.2,211.0,0.0,-99.8,-99.8,-99.8,-99.8,-99.8,-99.8,-99.8
2025-09-18 03:00:00,946.3,22.6,85.0,1.6,232.0,3.9,251.0,0.0,-99.8,-99.8,-99.8,-99.8,-99.8,-99.8,-99.8
2025-09-18 04:00:00,946.2,22.3,87.0,2.2,214.0,3.5,167.0,0.0,-99.8,-99.8,-99.8,-99.8,-99.8,-99.8,-99.8
2025-09-18 05:00:00,946.4,21.8,88.0,2.0,242.0,3.2,236.0,0.0,-99.8,-99.8,-99.8,-99.8,-99.8,-99.8,-99.8
2025-09-18 06:00:00,946.7,22.1,84.0,2.1,246.0,3.8,233.0,0.0,-99.8,-99.8,-99.8,-99.8,-99.8,-99.8,-99.8
2025-09-18 07:00:00,947.1,23.1,79.0,0.8,265.0,4.5,253.0,0.0,-99.8,-99.8,-99.8,-99.8,-99.8,-99.8,-99.8
2025-09-18 08:00:00,947.6,26.8,66.0,0.3,291.0,2.8,249.0,0.0,-99.8,-99.8,-99.8,-99.8,-99.8,-99.8,-99.8
2025-09-18 09:00:00,948.3,26.7,71.0,0.8,76.0,4.0,113.0,0.0,-99.8,-99.8,-99.8,-99.8,-99.8,-99.8,-99.8
2025-09-18 10:00:00,948.1,28.5,65.0,1.3,92.0,5.5,97.0,0.0,-99.8,-99.8,-99.8,-99.8,-99.8,-99.8,-99.8
2025-09-18 11:00:00,947.6,30.1,60.0,1.0,49.0,6.0,100.0,0.0,-99.8,-99.8,-99.8,-99.8,-99.8,-99.8,-99.8
2025-09-18 12:00:00,947.0,29.7,61.0,1.8,76.0,6.6,92.0,0.0,-99.8,-99.8,-99.8,-99.8,-99.8,-99.8,-99.8
2025-09-18 13:00:00,946.9,27.0,74.0,1.6,92.0,7.8,73.0,0.0,-99.8,-99.8,-99.8,-99.8,-99.8,-99.8,-99.8
2025-09-18 14:00:00,946.3,28.3,69.0,1.6,91.0,7.5,80.0,0.0,-99.8,-99.8,-99.8,-99.8,-99.8,-99.8,-99.8
2025-09-18 15:00:00,946.2,26.9,71.0,0.8,94.0,5.6,91.0,0.0,-99.8,-99.8,-99.8,-99.8,-99.8,-99.8,-99.8
2025-09-18 16:00:00,946.3,26.3,73.0,0.6,96.0,4.5,87.0,0.0,-99.8,-99.8,-99.8,-99.8,-99.8,-99.8,-99.8
2025-09-18 17:00:00,946.6,25.3,80.0,0.7,118.0,4.5,99.0,0.0,-99.8,-99.8,-99.8,-99.8,-99.8,-99.8,-99.8
2025-09-18 18:00:00,947.1,24.1,89.0,0.3,173.0,3.2,89.0,0.0,-99.8,-99.8,-99.8,-99.8,-99.8,-99.8,-99.8
2025-09-18 19:00:00,947.3,23.9,89.0,0.0,0.0,1.9,107.0,0.0,-99.8,-99.8,-99.8,-99.8,-99.8,-99.8,-99.8
2025-09-18 20:00:00,948.0,23.6,89.0,0.5,164.0,2.3,137.0,0.0,-99.8,-99.8,-99.8,-99.8,-99.8,-99.8,-99.8
2025-09-18 21:00:00,948.6,23.6,86.0,0.4,111.0,3.0,96.0,0.0,-99.8,-99.8,-99.8,-99.8,-99.8,-99.8,-99.8
2025-09-18 22:00:00,948.8,23.9,79.0,0.5,177.0,2.5,110.0,0.0,-99.8,-99.8,-99.8,-99.8,-99.8,-99.8,-99.8
2025-09-18 23:00:00,948.6,23.6,82.0,1.1,126.0,4.7,102.0,0.0,-99.8,-99.8,-99.8,-99.8,-99.8,-99.8,-99.8
2025-09-19 00:00:00,948.6,22.1,92.0,1.0,193.0,5.3,88.0,3.5,-99.8,-99.8,-99.8,-99.8,-99.8,-99.8,-99.8
2025-09-19 01:00:00,947.2,21.5,98.0,2.1,226.0,4.3,100.0,0.0,-99.8,-99.8,-99.8,-99.8,-99.8,-99.8,-99.8
2025-09-19 02:00:00,946.5,21.9,92.0,1.6,232.0,4.3,235.0,0.0,-99.8,-99.8,-99.8,-99.8,-99.8,-99.8,-99.8
2025-09-19 03:00:00,946.7,22.0,93.0,0.2,0.0,2.6,254.0,0.0,-99.8,-99.8,-99.8,-99.8,-99.8,-99.8,-99.8
2025-09-19 04:00:00,947.1,21.6,94.0,0.7,227.0,2.5,239.0,0.0,-99.8,-99.8,-99.8,-99.8,-99.8,-99.8,-99.8
2025-09-19 05:00:00,947.2,21.4,94.0,0.7,221.0,1.8,197.0,0.0,-99.8,-99.8,-99.8,-99.8,-99.8,-99.8,-99.8
2025-09-19 06:00:00,947.6,21.6,93.0,1.0,222.0,2.1,244.0,0.0,-99.8,-99.8,-99.8,-99.8,-99.8,-99.8,-99.8
2025-09-19 07:00:00,948.1,22.4,89.0,1.2,213.0,2.6,253.0,0.0,-99.8,-99.8,-99.8,-99.8,-99.8,-99.8,-99.8
2025-09-19 08:00:00,948.5,23.9,83.0,0.4,230.0,1.4,299.0,0.0,-99.8,-99.8,-99.8,-99.8,-99.8,-99.8,-99.8
2025-09-19 09:00:00,948.4,26.1,73.0,0.4,52.0,1.2,55.0,0.0,-99.8,-99.8,-99.8,-99.8,-99.8,-99.8,-99.8
2025-09-19 10:00:00,948.5,27.4,72.0,1.3,82.0,3.7,80.0,0.0,-99.8,-99.8,-99.8,-99.8,-99.8,-99.8,-99.8
2025-09-19 11:00:00,948.0,27.3,73.0,1.5,92.0,5.4,102.0,0.0,-99.8,-99.8,-99.8,-99.8,-99.8,-99.8,-99.8
2025-09-19 12:00:00,947.2,28.1,73.0,0.7,12.0,5.2,91.0,0.0,-99.8,-99.8,-99.8,-99.8,-99.8,-99.8,-99.8
2025-09-19 13:00:00,946.6,26.7,74.0,1.0,104.0,4.6,97.0,0.0,-99.8,-99.8,-99.8,-99.8,-99.8,-99.8,-99.8
2025-09-19 14:00:00,945.3,27.8,71.0,0.3,44.0,4.1,67.0,0.0,-99.8,-99.8,-99.8,-99.8,-99.8,-99.8,-99.8
2025-09-19 15:00:00,944.3,29.4,67.0,1.1,80.0,2.7,96.0,0.0,-99.8,-99.8,-99.8,-99.8,-99.8,-99.8,-99.8
2025-09-19 16:00:00,944.8,27.9,73.0,0.8,105.0,4.1,91.0,0.0,-99.8,-99.8,-99.8,-99.8,-99.8,-99.8,-99.8
2025-09-19 17:00:00,945.1,25.7,85.0,0.0,0.0,3.0,109.0,0.0,-99.8,-99.8,-99.8,-99.8,-99.8,-99.8,-99.8
2025-09-19 18:00:00,945.6,24.3,93.0,0.5,158.0,2.6,97.0,0.0,-99.8,-99.8,-99.8,-99.8,-99.8,-99.8,-99.8
2025-09-19 19:00:00,946.1,24.1,93.0,0.1,0.0,2.5,99.0,0.0,-99.8,-99.8,-99.8,-99.8,-99.8,-99.8,-99.8
2025-09-19 20:00:00,946.5,23.8,95.0,0.1,0.0,1.6,76.0,0.0,-99.8,-99.8,-99.8,-99.8,-99.8,-99.8,-99.8
2025-09-19 21:00:00,947.0,23.8,94.0,0.0,0.0,1.7,83.0,0.0,-99.8,-99.8,-99.8,-99.8,-99.8,-99.8,-99.8
2025-09-19 22:00:00,947.2,23.5,94.0,0.1,0.0,1.3,95.0,0.0,-99.8,-99.8,-99.8,-99.8,-99.8,-99.8,-99.8
2025-09-19 23:00:00,946.8,23.3,92.0,0.8,100.0,1.4,141.0,0.0,-99.8,-99.8,-99.8,-99.8,-99.8,-99.8,-99.8
2025-09-20 00:00:00,946.4,23.2,95.0,0.0,0.0,1.4,139.0,0.0,-99.8,-99.8,-99.8,-99.8,-99.8,-99.8,-99.8
2025-09-20 01:00:00,945.9,23.3,93.0,0.1,0.0,0.8,91.0,0.0,-99.8,-99.8,-99.8,-99.8,-99.8,-99.8,-99.8
2025-09-20 02:00:00,945.7,23.1,95.0,0.0,0.0,0.7,96.0,0.0,-99.8,-99.8,-99.8,-99.8,-99.8,-99.8,-99.8
2025-09-20 03:00:00,945.1,22.7,96.0,0.4,112.0,1.3,82.0,0.0,-99.8,-99.8,-99.8,-99.8,-99.8,-99.8,-99.8
2025-09-20 04:00:00,944.8,22.6,95.0,1.1,146.0,2.1,126.0,0.0,-99.8,-99.8,-99.8,-99.8,-99.8,-99.8,-99.8
2025-09-20 05:00:00,945.2,22.6,92.0,0.5,162.0,3.4,66.0,0.0,-99.8,-99.8,-99.8,-99.8,-99.8,-99.8,-99.8
2025-09-20 06:00:00,945.3,22.2,89.0,1.5,129.0,2.4,133.0,0.0,-99.8,-99.8,-99.8,-99.8,-99.8,-99.8,-99.8
2025-09-20 07:00:00,945.5,22.5,89.0,2.0,157.0,3.2,114.0,0.0,-99.8,-99.8,-99.8,-99.8,-99.8,-99.8,-99.8
2025-09-20 08:00:00,945.8,23.5,83.0,1.5,185.0,3.8,254.0,-999.6,-99.8,-99.8,-99.8,-99.8,-99.8,-99.8,-99.8
2025-09-20 09:00:00,946.2,26.4,76.0,0.4,89.0,2.5,146.0,0.0,-99.8,-99.8,-99.8,-99.8,-99.8,-99.8,-99.8
2025-09-20 10:00:00,946.5,27.9,73.0,1.0,15.0,2.8,52.0,0.0,-99.8,-99.8,-99.8,-99.8,-99.8,-99.8,-99.8
2025-09-20 11:00:00,946.1,29.6,67.0,1.2,53.0,4.4,23.0,0.0,-99.8,-99.8,-99.8,-99.8,-99.8,-99.8,-99.8
2025-09-20 12:00:00,945.6,28.3,71.0,2.0,66.0,5.0,100.0,0.0,-99.8,-99.8,-99.8,-99.8,-99.8,-99.8,-99.8
2025-09-20 13:00:00,944.8,27.7,73.0,0.8,63.0,4.8,106.0,0.0,-99.8,-99.8,-99.8,-99.8,-99.8,-99.8,-99.8
2025-09-20 14:00:00,944.2,27.9,72.0,0.5,60.0,6.4,87.0,0.0,-99.8,-99.8,-99.8,-99.8,-99.8,-99.8,-99.8
2025-09-20 15:00:00,944.2,27.4,75.0,0.7,38.0,5.0,89.0,0.0,-99.8,-99.8,-99.8,-99.8,-99.8,-99.8,-99.8
2025-09-20 16:00:00,944.7,26.6,80.0,0.2,0.0,2.6,16.0,0.0,-99.8,-99.8,-99.8,-99.8,-99.8,-99.8,-99.8
2025-09-20 17:00:00,945.0,25.4,86.0,0.0,0.0,1.9,89.0,0.0,-99.8,-99.8,-99.8,-99.8,-99.8,-99.8,-99.8
2025-09-20 18:00:00,945.5,24.1,92.0,0.1,0.0,1.1,118.0,0.0,-99.8,-99.8,-99.8,-99.8,-99.8,-99.8,-99.8
2025-09-20 19:00:00,945.9,23.6,96.0,0.0,0.0,0.9,84.0,0.0,-99.8,-99.8,-99.8,-99.8,-99.8,-99.8,-99.8
2025-09-20 20:00:00,946.5,23.4,94.0,0.0,0.0,0.8,227.0,0.0,-99.8,-99.8,-99.8,-99.8,-99.8,-99.8,-99.8
2025-09-20 21:00:00,947.0,23.1,92.0,1.0,125.0,1.4,219.0,0.0,-99.8,-99.8,-99.8,-99.8,-99.8,-99.8,-99.8
2025-09-20 22:00:00,946.6,23.2,92.0,1.6,95.0,2.6,152.0,0.0,-99.8,-99.8,-99.8,-99.8,-99.8,-99.8,-99.8
2025-09-20 23:00:00,946.3,22.9,90.0,1.2,122.0,3.1,76.0,0.0,-99.8,-99.8,-99.8,-99.8,-99.8,-99.8,-99.8
2025-09-21 00:00:00,945.9,22.9,88.0,0.6,227.0,3.1,120.0,0.0,-99.8,-99.8,-99.8,-99.8,-99.8,-99.8,-99.8
2025-09-21 01:00:00,945.3,22.2,92.0,1.8,204.0,3.1,121.0,0.0,-99.8,-99.8,-99.8,-99.8,-99.8,-99.8,-99.8
2025-09-21 02:00:00,944.9,22.3,87.0,1.4,244.0,3.8,242.0,0.0,-99.8,-99.8,-99.8,-99.8,-99.8,-99.8,-99.8
2025-09-21 03:00:00,945.0,22.1,87.0,1.2,247.0,3.8,141.0,0.0,-99.8,-99.8,-99.8,-99.8,-99.8,-99.8,-99.8
2025-09-21 04:00:00,944.6,22.1,84.0,2.3,252.0,4.5,247.0,0.0,-99.8,-99.8,-99.8,-99.8,-99.8,-99.8,-99.8
2025-09-21 05:00:00,944.9,21.8,82.0,2.3,257.0,4.4,245.0,0.0,-99.8,-99.8,-99.8,-99.8,-99.8,-99.8,-99.8
2025-09-21 06:00:00,945.2,22.0,80.0,2.3,258.0,4.1,254.0,0.0,-99.8,-99.8,-99.8,-99.8,-99.8,-99.8,-99.8
2025-09-21 07:00:00,945.2,22.6,77.0,1.9,252.0,4.3,264.0,0.0,-99.8,-99.8,-99.8,-99.8,-99.8,-99.8,-99.8
2025-09-21 08:00:00,945.8,26.7,61.0,0.4,320.0,2.7,245.0,0.0,-99.8,-99.8,-99.8,-99.8,-99.8,-99.8,-99.8
2025-09-21 09:00:00,946.1,28.4,61.0,1.2,54.0,2.8,104.0,0.0,-99.8,-99.8,-99.8,-99.8,-99.8,-99.8,-99.8
2025-09-21 10:00:00,946.2,30.0,65.0,0.9,22.0,3.6,23.0,0.0,-99.8,-99.8,-99.8,-99.8,-99.8,-99.8,-99.8
2025-09-21 11:00:00,946.1,31.0,61.0,1.0,350.0,3.8,26.0,0.0,-99.8,-99.8,-99.8,-99.8,-99.8,-99.8,-99.8
2025-09-21 12:00:00,945.2,30.0,64.0,0.9,52.0,5.4,91.0,0.0,-99.8,-99.8,-99.8,-99.8,-99.8,-99.8,-99.8
2025-09-21 13:00:00,944.5,30.3,62.0,1.0,32.0,5.1,31.0,0.0,-99.8,-99.8,-99.8,-99.8,-99.8,-99.8,-99.8
2025-09-21 14:00:00,944.2,28.2,71.0,0.6,21.0,3.4,113.0,0.0,-99.8,-99.8,-99.8,-99.8,-99.8,-99.8,-99.8
2025-09-21 15:00:00,944.3,28.5,68.0,0.7,57.0,2.8,89.0,0.0,-99.8,-99.8,-99.8,-99.8,-99.8,-99.8,-99.8
2025-09-21 16:00:00,944.6,28.5,70.0,0.5,89.0,3.9,101.0,0.5,-99.8,-99.8,-99.8,-99.8,-99.8,-99.8,-99.8
2025-09-21 17:00:00,944.7,23.8,96.0,0.1,0.0,3.3,59.0,4.0,-99.8,-99.8,-99.8,-99.8,-99.8,-99.8,-99.8
2025-09-21 18:00:00,945.0,23.1,97.0,1.9,115.0,3.1,71.0,0.0,-99.8,-99.8,-99.8,-99.8,-99.8,-99.8,-99.8
2025-09-21 19:00:00,945.3,22.9,96.0,1.8,211.0,3.3,244.0,0.0,-99.8,-99.8,-99.8,-99.8,-99.8,-99.8,-99.8
2025-09-21 20:00:00,945.3,22.8,95.0,1.7,205.0,4.2,126.0,0.0,-99.8,-99.8,-99.8,-99.8,-99.8,-99.8,-99.8
2025-09-21 21:00:00,945.6,22.7,94.0,2.1,216.0,4.6,242.0,0.0,-99.8,-99.8,-99.8,-99.8,-99.8,-99.8,-99.8
2025-09-21 22:00:00,946.5,21.7,96.0,0.3,8.0,4.8,238.0,6.5,-99.8,-99.8,-99.8,-99.8,-99.8,-99.8,-99.8
2025-09-21 23:00:00,946.0,21.5,99.0,1.7,199.0,3.4,93.0,0.5,-99.8,-99.8,-99.8,-99.8,-99.8,-99.8,-99.8
2025-09-22 00:00:00,945.8,21.4,99.0,1.6,207.0,4.8,253.0,0.5,-99.8,-99.8,-99.8,-99.8,-99.8,-99.8,-99.8
2025-09-22 01:00:00,945.3,21.0,98.0,1.1,233.0,5.1,243.0,2.5,-99.8,-99.8,-99.8,-99.8,-99.8,-99.8,-99.8
2025-09-22 02:00:00,944.3,21.2,96.0,3.3,239.0,5.3,245.0,0.0,-99.8,-99.8,-99.8,-99.8,-99.8,-99.8,-99.8
2025-09-22 03:00:00,944.0,21.4,96.0,1.7,252.0,4.2,183.0,0.0,-99.8,-99.8,-99.8,-99.8,-99.8,-99.8,-99.8
2025-09-22 04:00:00,943.8,21.0,99.0,2.1,252.0,4.3,244.0,0.5,-99.8,-99.8,-99.8,-99.8,-99.8,-99.8,-99.8
2025-09-22 05:00:00,944.0,21.0,100.0,2.2,265.0,5.2,240.0,1.5,-99.8,-99.8,-99.8,-99.8,-99.8,-99.8,-99.8
2025-09-22 06:00:00,944.6,21.0,100.0,1.5,202.0,5.4,265.0,7.5,-99.8,-99.8,-99.8,-99.8,-99.8,-99.8,-99.8
2025-09-22 07:00:00,944.8,21.3,100.0,1.4,271.0,3.7,238.0,1.5,-99.8,-99.8,-99.8,-99.8,-99.8,-99.8,-99.8
2025-09-22 08:00:00,945.4,21.9,98.0,1.4,253.0,3.8,219.0,1.0,-99.8,-99.8,-99.8,-99.8,-99.8,-99.8,-99.8
2025-09-22 09:00:00,945.2,21.9,99.0,1.2,238.0,5.1,215.0,11.5,-99.8,-99.8,-99.8,-99.8,-99.8,-99.8,-99.8
2025-09-22 10:00:00,944.7,22.7,98.0,1.1,228.0,3.4,197.0,3.5,-99.8,-99.8,-99.8,-99.8,-99.8,-99.8,-99.8
2025-09-22 11:00:00,944.7,24.2,93.0,0.3,357.0,3.9,90.0,0.0,-99.8,-99.8,-99.8,-99.8,-99.8,-99.8,-99.8
2025-09-22 12:00:00,944.3,24.7,94.0,0.8,109.0,6.2,97.0,1.0,-99.8,-99.8,-99.8,-99.8,-99.8,-99.8,-99.8
2025-09-22 13:00:00,943.4,23.8,99.0,1.1,92.0,6.3,89.0,26.0,-99.8,-99.8,-99.8,-99.8,-99.8,-99.8,-99.8
2025-09-22 14:00:00,942.2,24.4,96.0,0.4,50.0,4.0,68.0,4.0,-99.8,-99.8,-99.8,-99.8,-99.8,-99.8,-99.8
2025-09-22 15:00:00,942.3,24.5,90.0,1.2,100.0,5.9,92.0,0.5,-99.8,-99.8,-99.8,-99.8,-99.8,-99.8,-99.8
2025-09-22 16:00:00,942.0,23.0,97.0,0.9,95.0,4.6,114.0,10.0,-99.8,-99.8,-99.8,-99.8,-99.8,-99.8,-99.8
2025-09-22 17:00:00,941.3,23.3,97.0,0.6,245.0,5.5,89.0,0.5,-99.8,-99.8,-99.8,-99.8,-99.8,-99.8,-99.8
2025-09-22 18:00:00,941.5,23.0,98.0,2.2,122.0,8.5,91.0,22.5,-99.8,-99.8,-99.8,-99.8,-99.8,-99.8,-99.8
2025-09-22 19:00:00,941.7,23.1,100.0,2.6,116.0,10.6,72.0,7.5,-99.8,-99.8,-99.8,-99.8,-99.8,-99.8,-99.8
2025-09-22 20:00:00,942.3,23.2,99.0,1.3,37.0,10.1,88.0,4.5,-99.8,-99.8,-99.8,-99.8,-99.8,-99.8,-99.8
2025-09-22 21:00:00,943.6,22.4,100.0,0.9,37.0,9.2,89.0,10.5,-99.8,-99.8,-99.8,-99.8,-99.8,-99.8,-99.8
2025-09-22 22:00:00,942.9,23.0,100.0,1.7,91.0,8.3,83.0,1.0,-99.8,-99.8,-99.8,-99.8,-99.8,-99.8,-99.8
2025-09-22 23:00:00,942.1,22.7,100.0,1.3,124.0,6.9,100.0,22.0,-99.8,-99.8,-99.8,-99.8,-99.8,-99.8,-99.8
2025-09-23 00:00:00,942.4,22.2,100.0,1.5,54.0,12.2,71.0,19.5,-99.8,-99.8,-99.8,-99.8,-99.8,-99.8,-99.8
2025-09-23 01:00:00,941.8,22.6,100.0,1.9,92.0,11.2,71.0,24.5,-99.8,-99.8,-99.8,-99.8,-99.8,-99.8,-99.8
2025-09-23 02:00:00,941.6,22.8,100.0,1.6,119.0,10.6,90.0,12.5,-99.8,-99.8,-99.8,-99.8,-99.8,-99.8,-99.8
2025-09-23 03:00:00,940.6,22.9,100.0,0.7,10.0,6.8,85.0,1.5,-99.8,-99.8,-99.8,-99.8,-99.8,-99.8,-99.8
2025-09-23 04:00:00,940.5,22.3,99.0,2.7,103.0,9.2,94.0,19.5,-99.8,-99.8,-99.8,-99.8,-99.8,-99.8,-99.8
2025-09-23 05:00:00,941.3,22.2,100.0,1.5,133.0,9.0,82.0,26.5,-99.8,-99.8,-99.8,-99.8,-99.8,-99.8,-99.8
2025-09-23 06:00:00,940.6,22.5,100.0,1.6,88.0,8.4,93.0,6.5,-99.8,-99.8,-99.8,-99.8,-99.8,-99.8,-99.8
2025-09-23 07:00:00,940.7,23.1,100.0,2.2,103.0,10.0,88.0,7.0,-99.8,-99.8,-99.8,-99.8,-99.8,-99.8,-99.8
2025-09-23 08:00:00,942.0,23.1,100.0,2.4,104.0,9.1,79.0,11.0,-99.8,-99.8,-99.8,-99.8,-99.8,-99.8,-99.8
2025-09-23 09:00:00,942.2,22.4,99.0,1.4,140.0,12.0,112.0,17.5,-99.8,-99.8,-99.8,-99.8,-99.8,-99.8,-99.8
2025-09-23 10:00:00,942.3,22.4,100.0,1.9,68.0,8.8,117.0,20.0,-99.8,-99.8,-99.8,-99.8,-99.8,-99.8,-99.8
2025-09-23 11:00:00,942.0,22.7,96.0,1.8,137.0,12.7,75.0,1.0,-99.8,-99.8,-99.8,-99.8,-99.8,-99.8,-99.8
2025-09-23 12:00:00,941.4,22.4,100.0,1.9,97.0,8.1,116.0,29.0,-99.8,-99.8,-99.8,-99.8,-99.8,-99.8,-99.8
2025-09-23 13:00:00,941.0,23.1,100.0,2.0,102.0,10.2,90.0,17.5,-99.8,-99.8,-99.8,-99.8,-99.8,-99.8,-99.8
2025-09-23 14:00:00,940.1,23.1,100.0,2.6,108.0,9.3,99.0,9.5,-99.8,-99.8,-99.8,-99.8,-99.8,-99.8,-99.8
2025-09-23 15:00:00,940.6,23.1,98.0,2.0,89.0,13.0,83.0,6.0,-99.8,-99.8,-99.8,-99.8,-99.8,-99.8,-99.8
2025-09-23 16:00:00,941.0,23.8,90.0,1.8,123.0,10.3,84.0,0.0,-99.8,-99.8,-99.8,-99.8,-99.8,-99.8,-99.8
2025-09-23 17:00:00,941.1,22.8,100.0,1.8,107.0,6.7,82.0,17.5,-99.8,-99.8,-99.8,-99.8,-99.8,-99.8,-99.8
2025-09-23 18:00:00,940.5,23.0,100.0,2.2,96.0,8.7,74.0,5.0,-99.8,-99.8,-99.8,-99.8,-99.8,-99.8,-99.8
2025-09-23 19:00:00,941.7,22.8,100.0,2.0,129.0,12.4,92.0,29.5,-99.8,-99.8,-99.8,-99.8,-99.8,-99.8,-99.8
2025-09-23 20:00:00,941.8,22.9,100.0,1.8,69.0,11.6,74.0,6.5,-99.8,-99.8,-99.8,-99.8,-99.8,-99.8,-99.8
2025-09-23 21:00:00,942.1,23.4,100.0,3.8,109.0,11.7,96.0,8.0,-99.8,-99.8,-99.8,-99.8,-99.8,-99.8,-99.8
2025-09-23 22:00:00,942.4,23.4,100.0,2.5,116.0,13.5,89.0,6.5,-99.8,-99.8,-99.8,-99.8,-99.8,-99.8,-99.8
2025-09-23 23:00:00,942.5,23.3,100.0,2.2,108.0,13.1,99.0,8.0,-99.8,-99.8,-99.8,-99.8,-99.8,-99.8,-99.8
2025-09-24 00:00:00,942.8,22.9,100.0,1.5,73.0,13.2,144.0,8.5,-99.8,-99.8,-99.8,-99.8,-99.8,-99.8,-99.8
2025-09-24 01:00:00,942.0,22.7,99.0,2.1,96.0,10.2,97.0,4.5,-99.8,-99.8,-99.8,-99.8,-99.8,-99.8,-99.8
2025-09-24 02:00:00,941.9,22.6,99.0,2.0,114.0,9.8,81.0,9.0,-99.8,-99.8,-99.8,-99.8,-99.8,-99.8,-99.8
2025-09-24 03:00:00,941.2,22.5,99.0,2.0,113.0,10.5,79.0,3.5,-99.8,-99.8,-99.8,-99.8,-99.8,-99.8,-99.8
2025-09-24 04:00:00,941.7,22.5,94.0,1.4,117.0,11.0,80.0,0.5,-99.8,-99.8,-99.8,-99.8,-99.8,-99.8,-99.8
2025-09-24 05:00:00,942.2,23.0,90.0,1.6,165.0,6.9,71.0,0.5,-99.8,-99.8,-99.8,-99.8,-99.8,-99.8,-99.8
2025-09-24 06:00:00,942.5,23.1,88.0,1.1,155.0,7.3,120.0,0.0,-99.8,-99.8,-99.8,-99.8,-99.8,-99.8,-99.8
2025-09-24 07:00:00,943.2,24.6,80.0,1.0,156.0,6.5,112.0,0.5,-99.8,-99.8,-99.8,-99.8,-99.8,-99.8,-99.8
2025-09-24 08:00:00,943.7,25.7,74.0,1.1,300.0,5.1,20.0,0.0,-99.8,-99.8,-99.8,-99.8,-99.8,-99.8,-99.8
2025-09-24 09:00:00,944.5,25.7,75.0,0.8,188.0,6.4,90.0,0.0,-99.8,-99.8,-99.8,-99.8,-99.8,-99.8,-99.8
2025-09-24 10:00:00,945.0,25.8,78.0,1.7,328.0,5.3,90.0,0.0,-99.8,-99.8,-99.8,-99.8,-99.8,-99.8,-99.8
2025-09-24 11:00:00,944.7,26.7,69.0,1.2,93.0,5.3,98.0,0.0,-99.8,-99.8,-99.8,-99.8,-99.8,-99.8,-99.8
2025-09-24 12:00:00,945.1,25.3,81.0,1.0,101.0,6.1,89.0,1.0,-99.8,-99.8,-99.8,-99.8,-99.8,-99.8,-99.8
2025-09-24 13:00:00,944.5,27.5,75.0,0.7,24.0,2.9,90.0,0.0,-99.8,-99.8,-99.8,-99.8,-99.8,-99.8,-99.8
2025-09-24 14:00:00,944.4,25.1,83.0,0.4,150.0,3.6,154.0,0.0,-99.8,-99.8,-99.8,-99.8,-99.8,-99.8,-99.8
2025-09-24 15:00:00,944.2,26.6,82.0,0.4,25.0,2.0,346.0,0.0,-99.8,-99.8,-99.8,-99.8,-99.8,-99.8,-99.8
2025-09-24 16:00:00,944.2,25.1,82.0,0.7,129.0,3.2,77.0,0.0,-99.8,-99.8,-99.8,-99.8,-99.8,-99.8,-99.8
2025-09-24 17:00:00,944.4,24.3,84.0,0.7,134.0,6.5,126.0,0.0,-99.8,-99.8,-99.8,-99.8,-99.8,-99.8,-99.8
2025-09-24 18:00:00,945.1,22.9,93.0,0.8,90.0,6.0,68.0,0.0,-99.8,-99.8,-99.8,-99.8,-99.8,-99.8,-99.8
2025-09-24 19:00:00,945.0,22.8,90.0,0.8,155.0,3.9,167.0,0.0,-99.8,-99.8,-99.8,-99.8,-99.8,-99.8,-99.8
2025-09-24 20:00:00,945.6,22.8,91.0,0.8,159.0,4.0,172.0,0.0,-99.8,-99.8,-99.8,-99.8,-99.8,-99.8,-99.8
2025-09-24 21:00:00,946.3,22.4,92.0,0.6,171.0,2.6,148.0,0.0,-99.8,-99.8,-99.8,-99.8,-99.8,-99.8,-99.8
2025-09-24 22:00:00,946.5,22.2,93.0,0.3,294.0,1.4,122.0,0.0,-99.8,-99.8,-99.8,-99.8,-99.8,-99.8,-99.8
2025-09-24 23:00:00,946.6,22.2,93.0,0.8,148.0,1.7,151.0,0.0,-99.8,-99.8,-99.8,-99.8,-99.8,-99.8,-99.8
2025-09-25 00:00:00,946.7,22.6,88.0,0.3,159.0,1.6,125.0,0.0,-99.8,-99.8,-99.8,-99.8,-99.8,-99.8,-99.8
2025-09-25 01:00:00,946.4,22.3,89.0,1.2,147.0,2.4,124.0,0.0,-99.8,-99.8,-99.8,-99.8,-99.8,-99.8,-99.8
2025-09-25 02:00:00,946.3,21.9,91.0,0.3,156.0,2.8,126.0,0.0,-99.8,-99.8,-99.8,-99.8,-99.8,-99.8,-99.8
2025-09-25 03:00:00,946.3,21.6,94.0,0.5,150.0,3.0,120.0,0.0,-99.8,-99.8,-99.8,-99.8,-99.8,-99.8,-99.8
2025-09-25 04:00:00,946.0,21.9,91.0,1.4,129.0,2.3,117.0,0.0,-99.8,-99.8,-99.8,-99.8,-99.8,-99.8,-99.8
2025-09-25 05:00:00,946.4,21.6,91.0,1.4,135.0,2.8,114.0,0.0,-99.8,-99.8,-99.8,-99.8,-99.8,-99.8,-99.8
2025-09-25 06:00:00,946.5,21.0,94.0,2.0,123.0,3.6,110.0,0.0,-99.8,-99.8,-99.8,-99.8,-99.8,-99.8,-99.8
2025-09-25 07:00:00,947.1,22.6,86.0,0.5,144.0,2.9,116.0,0.0,-99.8,-99.8,-99.8,-99.8,-99.8,-99.8,-99.8
2025-09-25 08:00:00,948.2,25.2,78.0,0.5,23.0,1.7,315.0,0.0,-99.8,-99.8,-99.8,-99.8,-99.8,-99.8,-99.8
2025-09-25 09:00:00,948.7,27.2,77.0,0.6,68.0,3.2,105.0,0.0,-99.8,-99.8,-99.8,-99.8,-99.8,-99.8,-99.8
2025-09-25 10:00:00,949.1,28.2,75.0,1.0,43.0,4.5,66.0,0.0,-99.8,-99.8,-99.8,-99.8,-99.8,-99.8,-99.8
2025-09-25 11:00:00,948.9,27.8,72.0,1.3,58.0,5.4,82.0,0.0,-99.8,-99.8,-99.8,-99.8,-99.8,-99.8,-99.8
2025-09-25 12:00:00,948.3,27.7,73.0,2.0,64.0,6.3,81.0,0.0,-99.8,-99.8,-99.8,-99.8,-99.8,-99.8,-99.8
2025-09-25 13:00:00,947.8,28.2,73.0,0.9,86.0,4.8,99.0,0.0,-99.8,-99.8,-99.8,-99.8,-99.8,-99.8,-99.8
2025-09-25 14:00:00,947.4,28.7,71.0,0.4,9.0,5.2,86.0,0.0,-99.8,-99.8,-99.8,-99.8,-99.8,-99.8,-99.8
2025-09-25 15:00:00,947.5,25.5,81.0,1.3,129.0,5.4,78.0,0.0,-99.8,-99.8,-99.8,-99.8,-99.8,-99.8,-99.8
2025-09-25 16:00:00,947.9,25.3,83.0,0.6,141.0,4.9,78.0,0.0,-99.8,-99.8,-99.8,-99.8,-99.8,-99.8,-99.8
2025-09-25 17:00:00,948.4,24.2,89.0,0.3,172.0,3.3,82.0,0.0,-99.8,-99.8,-99.8,-99.8,-99.8,-99.8,-99.8
2025-09-25 18:00:00,948.8,23.5,90.0,0.5,181.0,1.5,167.0,0.0,-99.8,-99.8,-99.8,-99.8,-99.8,-99.8,-99.8
2025-09-25 19:00:00,949.3,23.1,93.0,0.0,0.0,1.0,88.0,0.0,-99.8,-99.8,-99.8,-99.8,-99.8,-99.8,-99.8
2025-09-25 20:00:00,950.2,23.1,93.0,0.2,0.0,1.0,156.0,0.0,-99.8,-99.8,-99.8,-99.8,-99.8,-99.8,-99.8
2025-09-25 21:00:00,950.5,22.8,90.0,1.2,118.0,2.4,112.0,0.0,-99.8,-99.8,-99.8,-99.8,-99.8,-99.8,-99.8
2025-09-25 22:00:00,950.5,22.7,92.0,1.3,129.0,2.8,196.0,0.0,-99.8,-99.8,-99.8,-99.8,-99.8,-99.8,-99.8
2025-09-25 23:00:00,950.5,22.5,90.0,0.8,125.0,2.6,111.0,0.0,-99.8,-99.8,-99.8,-99.8,-99.8,-99.8,-99.8
2025-09-26 00:00:00,950.1,22.5,88.0,1.3,119.0,2.8,112.0,0.0,-99.8,-99.8,-99.8,-99.8,-99.8,-99.8,-99.8
2025-09-26 01:00:00,950.1,22.0,91.0,2.0,120.0,2.9,210.0,0.0,-99.8,-99.8,-99.8,-99.8,-99.8,-99.8,-99.8
2025-09-26 02:00:00,950.2,22.4,86.0,1.1,123.0,2.7,107.0,0.0,-99.8,-99.8,-99.8,-99.8,-99.8,-99.8,-99.8
2025-09-26 03:00:00,949.9,21.6,91.0,1.6,129.0,3.3,136.0,0.0,-99.8,-99.8,-99.8,-99.8,-99.8,-99.8,-99.8
2025-09-26 04:00:00,949.8,21.4,91.0,1.7,123.0,3.0,105.0,0.0,-99.8,-99.8,-99.8,-99.8,-99.8,-99.8,-99.8
2025-09-26 05:00:00,950.9,21.9,87.0,1.6,119.0,2.8,164.0,0.0,-99.8,-99.8,-99.8,-99.8,-99.8,-99.8,-99.8
2025-09-26 06:00:00,951.4,21.7,91.0,0.8,124.0,2.7,106.0,0.0,-99.8,-99.8,-99.8,-99.8,-99.8,-99.8,-99.8
2025-09-26 07:00:00,951.8,21.3,93.0,1.1,175.0,4.1,141.0,0.0,-99.8,-99.8,-99.8,-99.8,-99.8,-99.8,-99.8
2025-09-26 08:00:00,952.6,21.0,97.0,2.1,110.0,3.2,104.0,2.5,-99.8,-99.8,-99.8,-99.8,-99.8,-99.8,-99.8
2025-09-26 09:00:00,953.0,21.1,98.0,1.7,117.0,3.9,256.0,2.0,-99.8,-99.8,-99.8,-99.8,-99.8,-99.8,-99.8
2025-09-26 10:00:00,953.0,21.2,99.0,2.5,117.0,4.2,97.0,1.5,-99.8,-99.8,-99.8,-99.8,-99.8,-99.8,-99.8
2025-09-26 11:00:00,951.2,21.8,95.0,2.2,110.0,4.5,96.0,1.0,-99.8,-99.8,-99.8,-99.8,-99.8,-99.8,-99.8
2025-09-26 12:00:00,950.3,22.0,97.0,2.0,116.0,4.1,131.0,0.5,-99.8,-99.8,-99.8,-99.8,-99.8,-99.8,-99.8
2025-09-26 13:00:00,949.5,23.3,92.0,2.2,119.0,5.1,84.0,0.0,-99.8,-99.8,-99.8,-99.8,-99.8,-99.8,-99.8
2025-09-26 14:00:00,949.2,24.4,81.0,0.8,253.0,3.5,105.0,0.0,-99.8,-99.8,-99.8,-99.8,-99.8,-99.8,-99.8
2025-09-26 15:00:00,949.3,24.6,88.0,0.8,116.0,2.2,296.0,0.0,-99.8,-99.8,-99.8,-99.8,-99.8,-99.8,-99.8
2025-09-26 16:00:00,949.6,24.7,88.0,0.3,105.0,2.0,118.0,-999.6,-99.8,-99.8,-99.8,-99.8,-99.8,-99.8,-99.8
2025-09-26 17:00:00,949.9,24.1,85.0,0.0,0.0,1.2,125.0,0.0,-99.8,-99.8,-99.8,-99.8,-99.8,-99.8,-99.8
2025-09-26 18:00:00,950.4,23.4,83.0,0.5,223.0,1.5,111.0,0.0,-99.8,-99.8,-99.8,-99.8,-99.8,-99.8,-99.8
2025-09-26 19:00:00,950.9,23.0,84.0,0.8,154.0,1.8,122.0,0.0,-99.8,-99.8,-99.8,-99.8,-99.8,-99.8,-99.8
2025-09-26 20:00:00,951.5,22.7,85.0,1.2,111.0,2.1,101.0,0.0,-99.8,-99.8,-99.8,-99.8,-99.8,-99.8,-99.8
2025-09-26 21:00:00,951.8,22.2,89.0,1.6,123.0,3.0,100.0,0.0,-99.8,-99.8,-99.8,-99.8,-99.8,-99.8,-99.8
2025-09-26 22:00:00,951.5,21.7,89.0,2.1,116.0,3.8,91.0,0.0,-99.8,-99.8,-99.8,-99.8,-99.8,-99.8,-99.8
2025-09-26 23:00:00,951.4,21.5,87.0,2.1,109.0,3.8,89.0,0.0,-99.8,-99.8,-99.8,-99.8,-99.8,-99.8,-99.8
2025-09-27 00:00:00,951.0,21.2,87.0,2.0,107.0,4.4,80.0,0.0,-99.8,-99.8,-99.8,-99.8,-99.8,-99.8,-99.8
2025-09-27 01:00:00,950.9,21.4,85.0,2.0,108.0,4.1,87.0,0.0,-99.8,-99.8,-99.8,-99.8,-99.8,-99.8,-99.8
2025-09-27 02:00:00,950.3,21.4,84.0,1.6,123.0,4.2,111.0,0.0,-99.8,-99.8,-99.8,-99.8,-99.8,-99.8,-99.8
2025-09-27 03:00:00,950.1,21.4,83.0,2.3,106.0,4.0,92.0,0.0,-99.8,-99.8,-99.8,-99.8,-99.8,-99.8,-99.8
2025-09-27 04:00:00,950.2,21.3,83.0,2.3,103.0,4.2,81.0,0.0,-99.8,-99.8,-99.8,-99.8,-99.8,-99.8,-99.8
2025-09-27 05:00:00,950.2,21.2,84.0,2.4,108.0,4.1,78.0,0.0,-99.8,-99.8,-99.8,-99.8,-99.8,-99.8,-99.8
2025-09-27 06:00:00,950.4,21.5,81.0,1.8,105.0,3.9,114.0,0.0,-99.8,-99.8,-99.8,-99.8,-99.8,-99.8,-99.8
2025-09-27 07:00:00,950.9,21.8,80.0,2.4,100.0,3.9,99.0,0.0,-99.8,-99.8,-99.8,-99.8,-99.8,-99.8,-99.8
2025-09-27 08:00:00,951.0,23.5,74.0,1.7,139.0,3.4,122.0,0.0,-99.8,-99.8,-99.8,-99.8,-99.8,-99.8,-99.8
2025-09-27 09:00:00,950.8,25.1,74.0,1.0,123.0,2.4,103.0,0.0,-99.8,-99.8,-99.8,-99.8,-99.8,-99.8,-99.8
2025-09-27 10:00:00,950.9,27.0,76.0,0.8,72.0,2.0,100.0,0.0,-99.8,-99.8,-99.8,-99.8,-99.8,-99.8,-99.8
2025-09-27 11:00:00,950.3,28.4,75.0,0.9,11.0,2.7,93.0,0.0,-99.8,-99.8,-99.8,-99.8,-99.8,-99.8,-99.8
2025-09-27 12:00:00,949.6,27.0,80.0,0.9,32.0,2.8,29.0,0.0,-99.8,-99.8,-99.8,-99.8,-99.8,-99.8,-99.8
2025-09-27 13:00:00,948.9,27.8,80.0,0.4,123.0,2.6,117.0,0.0,-99.8,-99.8,-99.8,-99.8,-99.8,-99.8,-99.8
2025-09-27 14:00:00,948.6,28.5,75.0,0.8,50.0,3.3,56.0,0.0,-99.8,-99.8,-99.8,-99.8,-99.8,-99.8,-99.8
2025-09-27 15:00:00,948.6,26.6,80.0,1.2,73.0,4.4,90.0,0.0,-99.8,-99.8,-99.8,-99.8,-99.8,-99.8,-99.8
2025-09-27 16:00:00,948.8,26.8,79.0,0.3,70.0,4.7,95.0,0.0,-99.8,-99.8,-99.8,-99.8,-99.8,-99.8,-99.8
2025-09-27 17:00:00,948.9,24.4,89.0,0.0,0.0,2.1,91.0,0.0,-99.8,-99.8,-99.8,-99.8,-99.8,-99.8,-99.8
2025-09-27 18:00:00,949.2,23.6,95.0,0.0,0.0,1.2,198.0,0.0,-99.8,-99.8,-99.8,-99.8,-99.8,-99.8,-99.8
2025-09-27 19:00:00,949.4,23.1,96.0,1.4,89.0,1.8,94.0,0.0,-99.8,-99.8,-99.8,-99.8,-99.8,-99.8,-99.8
2025-09-27 20:00:00,950.0,23.3,91.0,0.8,117.0,2.2,95.0,0.0,-99.8,-99.8,-99.8,-99.8,-99.8,-99.8,-99.8
2025-09-27 21:00:00,950.3,23.2,91.0,0.5,123.0,1.8,101.0,0.0,-99.8,-99.8,-99.8,-99.8,-99.8,-99.8,-99.8
2025-09-27 22:00:00,950.2,22.9,91.0,1.4,96.0,2.6,97.0,0.0,-99.8,-99.8,-99.8,-99.8,-99.8,-99.8,-99.8
2025-09-27 23:00:00,950.3,22.6,91.0,0.1,0.0,2.4,84.0,0.0,-99.8,-99.8,-99.8,-99.8,-99.8,-99.8,-99.8
2025-09-28 00:00:00,949.9,22.2,89.0,1.6,101.0,2.8,88.0,0.0,-99.8,-99.8,-99.8,-99.8,-99.8,-99.8,-99.8
2025-09-28 01:00:00,949.3,22.1,87.0,2.0,107.0,3.2,85.0,0.0,-99.8,-99.8,-99.8,-99.8,-99.8,-99.8,-99.8
2025-09-28 02:00:00,948.7,21.9,86.0,2.2,102.0,3.6,78.0,0.0,-99.8,-99.8,-99.8,-99.8,-99.8,-99.8,-99.8
2025-09-28 03:00:00,948.6,21.4,86.0,1.9,111.0,3.9,84.0,0.0,-99.8,-99.8,-99.8,-99.8,-99.8,-99.8,-99.8
2025-09-28 04:00:00,948.6,21.5,83.0,1.6,148.0,4.2,80.0,0.0,-99.8,-99.8,-99.8,-99.8,-99.8,-99.8,-99.8
2025-09-28 05:00:00,948.8,21.1,85.0,2.2,108.0,3.3,77.0,0.0,-99.8,-99.8,-99.8,-99.8,-99.8,-99.8,-99.8
2025-09-28 06:00:00,948.9,20.9,84.0,2.3,103.0,4.1,97.0,0.0,-99.8,-99.8,-99.8,-99.8,-99.8,-99.8,-99.8
2025-09-28 07:00:00,949.3,21.5,82.0,1.8,113.0,3.9,102.0,-999.6,-99.8,-99.8,-99.8,-99.8,-99.8,-99.8,-99.8
2025-09-28 08:00:00,949.8,24.4,70.0,0.8,131.0,2.9,89.0,0.0,-99.8,-99.8,-99.8,-99.8,-99.8,-99.8,-99.8
2025-09-28 09:00:00,949.9,26.9,60.0,0.0,0.0,2.1,126.0,0.0,-99.8,-99.8,-99.8,-99.8,-99.8,-99.8,-99.8
2025-09-28 10:00:00,949.7,28.3,64.0,0.7,33.0,2.4,56.0,0.0,-99.8,-99.8,-99.8,-99.8,-99.8,-99.8,-99.8
2025-09-28 11:00:00,949.5,28.4,72.0,0.5,350.0,3.2,56.0,0.0,-99.8,-99.8,-99.8,-99.8,-99.8,-99.8,-99.8
2025-09-28 12:00:00,948.9,28.6,70.0,0.8,7.0,3.9,66.0,0.0,-99.8,-99.8,-99.8,-99.8,-99.8,-99.8,-99.8
2025-09-28 13:00:00,948.5,28.1,71.0,1.0,4.0,3.6,9.0,0.0,-99.8,-99.8,-99.8,-99.8,-99.8,-99.8,-99.8
2025-09-28 14:00:00,948.1,28.0,74.0,0.9,30.0,5.0,24.0,0.0,-99.8,-99.8,-99.8,-99.8,-99.8,-99.8,-99.8
2025-09-28 15:00:00,947.8,27.6,78.0,0.8,70.0,2.7,17.0,0.0,-99.8,-99.8,-99.8,-99.8,-99.8,-99.8,-99.8
2025-09-28 16:00:00,948.0,28.1,74.0,0.4,93.0,3.2,84.0,0.0,-99.8,-99.8,-99.8,-99.8,-99.8,-99.8,-99.8
2025-09-28 17:00:00,948.5,25.8,84.0,0.0,0.0,2.1,133.0,0.0,-99.8,-99.8,-99.8,-99.8,-99.8,-99.8,-99.8
2025-09-28 18:00:00,948.6,24.2,91.0,0.4,83.0,1.7,86.0,0.0,-99.8,-99.8,-99.8,-99.8,-99.8,-99.8,-99.8
2025-09-28 19:00:00,949.0,23.9,94.0,0.0,0.0,1.6,163.0,0.0,-99.8,-99.8,-99.8,-99.8,-99.8,-99.8,-99.8
2025-09-28 20:00:00,949.7,23.9,94.0,0.2,0.0,1.1,69.0,0.0,-99.8,-99.8,-99.8,-99.8,-99.8,-99.8,-99.8
2025-09-28 21:00:00,950.1,23.8,94.0,0.0,0.0,1.0,74.0,0.0,-99.8,-99.8,-99.8,-99.8,-99.8,-99.8,-99.8
2025-09-28 22:00:00,950.3,23.9,93.0,0.0,0.0,0.0,0.0,0.0,-99.8,-99.8,-99.8,-99.8,-99.8,-99.8,-99.8
2025-09-28 23:00:00,950.1,23.4,95.0,1.5,78.0,2.4,70.0,0.0,-99.8,-99.8,-99.8,-99.8,-99.8,-99.8,-99.8
2025-09-29 00:00:00,949.8,23.8,91.0,0.0,0.0,2.3,76.0,0.0,-99.8,-99.8,-99.8,-99.8,-99.8,-99.8,-99.8
2025-09-29 01:00:00,949.2,23.3,94.0,1.3,80.0,1.8,73.0,0.0,-99.8,-99.8,-99.8,-99.8,-99.8,-99.8,-99.8
2025-09-29 02:00:00,948.7,23.2,91.0,0.9,87.0,3.0,70.0,0.0,-99.8,-99.8,-99.8,-99.8,-99.8,-99.8,-99.8
2025-09-29 03:00:00,948.3,23.3,82.0,1.2,83.0,2.8,200.0,0.0,-99.8,-99.8,-99.8,-99.8,-99.8,-99.8,-99.8
2025-09-29 04:00:00,947.8,22.9,84.0,1.8,91.0,4.2,61.0,0.0,-99.8,-99.8,-99.8,-99.8,-99.8,-99.8,-99.8
2025-09-29 05:00:00,948.2,22.4,85.0,2.2,76.0,3.8,74.0,0.0,-99.8,-99.8,-99.8,-99.8,-99.8,-99.8,-99.8
2025-09-29 06:00:00,948.4,22.4,81.0,2.0,80.0,4.5,103.0,0.0,-99.8,-99.8,-99.8,-99.8,-99.8,-99.8,-99.8
2025-09-29 07:00:00,948.8,23.4,78.0,0.3,91.0,4.0,66.0,0.0,-99.8,-99.8,-99.8,-99.8,-99.8,-99.8,-99.8
2025-09-29 08:00:00,949.3,25.8,77.0,0.8,77.0,2.0,97.0,0.0,-99.8,-99.8,-99.8,-99.8,-99.8,-99.8,-99.8
2025-09-29 09:00:00,949.4,27.2,75.0,1.0,45.0,2.5,98.0,0.0,-99.8,-99.8,-99.8,-99.8,-99.8,-99.8,-99.8
2025-09-29 10:00:00,949.3,27.7,76.0,1.1,23.0,3.0,57.0,0.0,-99.8,-99.8,-99.8,-99.8,-99.8,-99.8,-99.8
2025-09-29 11:00:00,949.2,28.4,74.0,0.9,4.0,3.5,333.0,0.0,-99.8,-99.8,-99.8,-99.8,-99.8,-99.8,-99.8
2025-09-29 12:00:00,948.7,28.4,72.0,0.9,28.0,3.7,16.0,0.0,-99.8,-99.8,-99.8,-99.8,-99.8,-99.8,-99.8
2025-09-29 13:00:00,948.4,29.3,72.0,0.9,55.0,5.4,91.0,0.0,-99.8,-99.8,-99.8,-99.8,-99.8,-99.8,-99.8
2025-09-29 14:00:00,948.0,28.6,76.0,0.5,24.0,3.9,57.0,0.0,-99.8,-99.8,-99.8,-99.8,-99.8,-99.8,-99.8
2025-09-29 15:00:00,947.8,27.4,82.0,0.3,31.0,3.2,11.0,0.0,-99.8,-99.8,-99.8,-99.8,-99.8,-99.8,-99.8
2025-09-29 16:00:00,947.9,25.7,88.0,0.4,68.0,3.3,62.0,0.0,-99.8,-99.8,-99.8,-99.8,-99.8,-99.8,-99.8
2025-09-29 17:00:00,947.8,24.5,95.0,0.2,0.0,1.9,97.0,0.0,-99.8,-99.8,-99.8,-99.8,-99.8,-99.8,-99.8
2025-09-29 18:00:00,948.3,23.8,97.0,0.2,0.0,1.8,95.0,0.0,-99.8,-99.8,-99.8,-99.8,-99.8,-99.8,-99.8
2025-09-29 19:00:00,948.8,23.6,98.0,0.1,0.0,1.8,67.0,0.0,-99.8,-99.8,-99.8,-99.8,-99.8,-99.8,-99.8
2025-09-29 20:00:00,949.4,23.4,98.0,0.0,0.0,0.7,46.0,0.0,-99.8,-99.8,-99.8,-99.8,-99.8,-99.8,-99.8
2025-09-29 21:00:00,949.8,23.3,97.0,0.0,0.0,1.0,164.0,0.0,-99.8,-99.8,-99.8,-99.8,-99.8,-99.8,-99.8
2025-09-29 22:00:00,949.7,23.1,96.0,0.0,0.0,1.2,162.0,0.0,-99.8,-99.8,-99.8,-99.8,-99.8,-99.8,-99.8
2025-09-29 23:00:00,949.5,23.0,97.0,0.1,0.0,1.0,298.0,0.0,-99.8,-99.8,-99.8,-99.8,-99.8,-99.8,-99.8
2025-09-30 00:00:00,948.8,22.6,98.0,1.6,73.0,2.6,60.0,0.0,-99.8,-99.8,-99.8,-99.8,-99.8,-99.8,-99.8
2025-09-30 01:00:00,948.3,22.2,90.0,2.1,82.0,3.5,63.0,0.0,-99.8,-99.8,-99.8,-99.8,-99.8,-99.8,-99.8
2025-09-30 02:00:00,947.7,21.9,84.0,1.7,77.0,4.0,59.0,0.0,-99.8,-99.8,-99.8,-99.8,-99.8,-99.8,-99.8
2025-09-30 03:00:00,947.6,21.6,81.0,2.0,51.0,4.5,53.0,0.0,-99.8,-99.8,-99.8,-99.8,-99.8,-99.8,-99.8
2025-09-30 04:00:00,947.3,21.0,80.0,2.2,93.0,5.4,55.0,0.0,-99.8,-99.8,-99.8,-99.8,-99.8,-99.8,-99.8
2025-09-30 05:00:00,947.8,20.5,79.0,1.9,87.0,3.7,298.0,0.0,-99.8,-99.8,-99.8,-99.8,-99.8,-99.8,-99.8
2025-09-30 06:00:00,948.1,20.8,75.0,2.5,88.0,4.0,61.0,0.0,-99.8,-99.8,-99.8,-99.8,-99.8,-99.8,-99.8
2025-09-30 07:00:00,948.7,22.2,69.0,0.7,99.0,3.6,84.0,0.0,-99.8,-99.8,-99.8,-99.8,-99.8,-99.8,-99.8
2025-09-30 08:00:00,949.3,24.1,62.0,0.5,68.0,2.1,305.0,0.0,-99.8,-99.8,-99.8,-99.8,-99.8,-99.8,-99.8
2025-09-30 09:00:00,949.3,26.9,54.0,0.0,0.0,1.6,111.0,0.0,-99.8,-99.8,-99.8,-99.8,-99.8,-99.8,-99.8
2025-09-30 10:00:00,949.2,27.7,66.0,0.8,23.0,3.0,82.0,0.0,-99.8,-99.8,-99.8,-99.8,-99.8,-99.8,-99.8
2025-09-30 11:00:00,948.5,28.2,72.0,0.7,28.0,3.1,44.0,0.0,-99.8,-99.8,-99.8,-99.8,-99.8,-99.8,-99.8
2025-09-30 12:00:00,947.5,28.3,69.0,0.6,39.0,3.8,91.0,0.0,-99.8,-99.8,-99.8,-99.8,-99.8,-99.8,-99.8
2025-09-30 13:00:00,946.9,27.7,75.0,0.9,359.0,3.5,33.0,0.0,-99.8,-99.8,-99.8,-99.8,-99.8,-99.8,-99.8
2025-09-30 14:00:00,946.5,27.0,80.0,0.8,25.0,4.8,45.0,0.0,-99.8,-99.8,-99.8,-99.8,-99.8,-99.8,-99.8
2025-09-30 15:00:00,946.3,26.6,79.0,0.8,51.0,4.3,73.0,0.0,-99.8,-99.8,-99.8,-99.8,-99.8,-99.8,-99.8
2025-09-30 16:00:00,946.3,24.4,88.0,0.6,86.0,4.2,87.0,0.0,-99.8,-99.8,-99.8,-99.8,-99.8,-99.8,-99.8
2025-09-30 17:00:00,946.8,23.8,92.0,0.9,91.0,2.9,93.0,0.0,-99.8,-99.8,-99.8,-99.8,-99.8,-99.8,-99.8
2025-09-30 18:00:00,947.3,23.0,95.0,0.0,0.0,1.7,88.0,0.0,-99.8,-99.8,-99.8,-99.8,-99.8,-99.8,-99.8
2025-09-30 19:00:00,947.8,22.8,96.0,0.0,0.0,1.0,183.0,0.0,-99.8,-99.8,-99.8,-99.8,-99.8,-99.8,-99.8
2025-09-30 20:00:00,948.5,22.5,96.0,1.6,79.0,2.5,75.0,0.0,-99.8,-99.8,-99.8,-99.8,-99.8,-99.8,-99.8
2025-09-30 21:00:00,948.8,22.5,96.0,0.9,76.0,2.5,62.0,0.0,-99.8,-99.8,-99.8,-99.8,-99.8,-99.8,-99.8
2025-09-30 22:00:00,948.8,22.5,94.0,1.1,74.0,2.7,75.0,0.0,-99.8,-99.8,-99.8,-99.8,-99.8,-99.8,-99.8
2025-09-30 23:00:00,948.7,22.1,95.0,1.8,90.0,2.9,56.0,0.0,-99.8,-99.8,-99.8,-99.8,-99.8,-99.8,-99.8
2025-10-01 00:00:00,948.4,22.0,93.0,1.8,93.0,2.8,106.0,0.0,-99.8,-99.8,-99.8,-99.8,-99.8,-99.8,-99.8
2025-10-01 01:00:00,947.8,22.1,89.0,1.4,109.0,3.2,71.0,0.0,-99.8,-99.8,-99.8,-99.8,-99.8,-99.8,-99.8
2025-10-01 02:00:00,947.4,22.0,85.0,1.9,121.0,3.6,76.0,0.0,-99.8,-99.8,-99.8,-99.8,-99.8,-99.8,-99.8
2025-10-01 03:00:00,947.0,21.8,80.0,1.6,99.0,3.5,60.0,0.0,-99.8,-99.8,-99.8,-99.8,-99.8,-99.8,-99.8
2025-10-01 04:00:00,947.2,21.6,78.0,1.1,79.0,4.2,207.0,0.0,-99.8,-99.8,-99.8,-99.8,-99.8,-99.8,-99.8
2025-10-01 05:00:00,947.5,21.1,75.0,2.0,157.0,4.3,159.0,0.0,-99.8,-99.8,-99.8,-99.8,-99.8,-99.8,-99.8
2025-10-01 06:00:00,948.1,21.0,71.0,3.0,118.0,4.7,246.0,0.0,-99.8,-99.8,-99.8,-99.8,-99.8,-99.8,-99.8
2025-10-01 07:00:00,948.3,21.6,72.0,1.8,107.0,4.4,280.0,0.0,-99.8,-99.8,-99.8,-99.8,-99.8,-99.8,-99.8
2025-10-01 08:00:00,948.7,23.9,59.0,0.9,304.0,3.5,95.0,0.0,-99.8,-99.8,-99.8,-99.8,-99.8,-99.8,-99.8
2025-10-01 09:00:00,949.2,26.7,62.0,0.7,66.0,2.1,92.0,0.0,-99.8,-99.8,-99.8,-99.8,-99.8,-99.8,-99.8
2025-10-01 10:00:00,949.0,28.1,61.0,1.1,69.0,2.5,59.0,0.0,-99.8,-99.8,-99.8,-99.8,-99.8,-99.8,-99.8
2025-10-01 11:00:00,948.4,28.0,69.0,1.0,22.0,2.7,55.0,0.0,-99.8,-99.8,-99.8,-99.8,-99.8,-99.8,-99.8
2025-10-01 12:00:00,947.8,28.0,68.0,1.0,27.0,2.9,11.0,0.0,-99.8,-99.8,-99.8,-99.8,-99.8,-99.8,-99.8
2025-10-01 13:00:00,947.4,28.3,65.0,0.8,359.0,3.7,46.0,0.0,-99.8,-99.8,-99.8,-99.8,-99.8,-99.8,-99.8
2025-10-01 14:00:00,947.2,28.6,66.0,0.7,352.0,3.7,1.0,0.0,-99.8,-99.8,-99.8,-99.8,-99.8,-99.8,-99.8
2025-10-01 15:00:00,947.1,27.9,70.0,0.8,63.0,2.9,99.0,0.0,-99.8,-99.8,-99.8,-99.8,-99.8,-99.8,-99.8
2025-10-01 16:00:00,947.5,28.1,72.0,0.2,0.0,2.3,89.0,0.0,-99.8,-99.8,-99.8,-99.8,-99.8,-99.8,-99.8
2025-10-01 17:00:00,948.1,24.1,90.0,0.1,0.0,2.9,83.0,0.0,-99.8,-99.8,-99.8,-99.8,-99.8,-99.8,-99.8
2025-10-01 18:00:00,948.5,23.2,93.0,0.1,0.0,1.4,127.0,0.0,-99.8,-99.8,-99.8,-99.8,-99.8,-99.8,-99.8
2025-10-01 19:00:00,949.3,23.0,93.0,0.1,0.0,1.4,175.0,0.0,-99.8,-99.8,-99.8,-99.8,-99.8,-99.8,-99.8
2025-10-01 20:00:00,949.7,22.8,94.0,0.0,0.0,1.2,125.0,0.0,-99.8,-99.8,-99.8,-99.8,-99.8,-99.8,-99.8
2025-10-01 21:00:00,950.2,22.7,89.0,0.4,94.0,1.3,334.0,0.0,-99.8,-99.8,-99.8,-99.8,-99.8,-99.8,-99.8
2025-10-01 22:00:00,950.2,22.4,93.0,0.0,0.0,0.9,95.0,0.0,-99.8,-99.8,-99.8,-99.8,-99.8,-99.8,-99.8
2025-10-01 23:00:00,949.7,22.1,90.0,1.1,86.0,1.9,75.0,0.0,-99.8,-99.8,-99.8,-99.8,-99.8,-99.8,-99.8
2025-10-02 00:00:00,949.5,22.1,92.0,1.3,85.0,2.4,70.0,0.0,-99.8,-99.8,-99.8,-99.8,-99.8,-99.8,-99.8
2025-10-02 01:00:00,949.0,21.6,89.0,1.2,97.0,2.6,66.0,0.0,-99.8,-99.8,-99.8,-99.8,-99.8,-99.8,-99.8
2025-10-02 02:00:00,948.5,21.5,85.0,2.1,89.0,4.5,94.0,0.0,-99.8,-99.8,-99.8,-99.8,-99.8,-99.8,-99.8
2025-10-02 03:00:00,948.1,20.8,86.0,1.3,90.0,3.7,100.0,0.0,-99.8,-99.8,-99.8,-99.8,-99.8,-99.8,-99.8
2025-10-02 04:00:00,948.1,20.6,83.0,2.0,97.0,3.5,282.0,0.0,-99.8,-99.8,-99.8,-99.8,-99.8,-99.8,-99.8
2025-10-02 05:00:00,948.4,20.2,81.0,2.1,99.0,4.1,290.0,0.0,-99.8,-99.8,-99.8,-99.8,-99.8,-99.8,-99.8
2025-10-02 06:00:00,948.6,20.2,77.0,2.5,133.0,4.2,228.0,0.0,-99.8,-99.8,-99.8,-99.8,-99.8,-99.8,-99.8
2025-10-02 07:00:00,949.0,20.8,71.0,2.1,111.0,4.3,151.0,0.0,-99.8,-99.8,-99.8,-99.8,-99.8,-99.8,-99.8
2025-10-02 08:00:00,949.5,23.2,62.0,1.6,134.0,4.3,202.0,0.0,-99.8,-99.8,-99.8,-99.8,-99.8,-99.8,-99.8
2025-10-02 09:00:00,949.7,25.6,57.0,0.9,181.0,3.2,124.0,0.0,-99.8,-99.8,-99.8,-99.8,-99.8,-99.8,-99.8
2025-10-02 10:00:00,949.8,28.0,59.0,0.6,30.0,2.5,108.0,0.0,-99.8,-99.8,-99.8,-99.8,-99.8,-99.8,-99.8
2025-10-02 11:00:00,949.6,27.8,66.0,0.9,350.0,3.9,77.0,0.0,-99.8,-99.8,-99.8,-99.8,-99.8,-99.8,-99.8
2025-10-02 12:00:00,948.8,28.3,67.0,0.6,18.0,4.2,98.0,0.0,-99.8,-99.8,-99.8,-99.8,-99.8,-99.8,-99.8
2025-10-02 13:00:00,948.3,27.9,68.0,1.0,32.0,3.3,91.0,0.0,-99.8,-99.8,-99.8,-99.8,-99.8,-99.8,-99.8
2025-10-02 14:00:00,947.7,27.4,73.0,1.0,48.0,3.0,31.0,0.0,-99.8,-99.8,-99.8,-99.8,-99.8,-99.8,-99.8
2025-10-02 15:00:00,947.6,27.0,77.0,0.6,87.0,3.9,83.0,0.0,-99.8,-99.8,-99.8,-99.8,-99.8,-99.8,-99.8
2025-10-02 16:00:00,947.9,24.5,86.0,0.7,93.0,3.4,71.0,0.0,-99.8,-99.8,-99.8,-99.8,-99.8,-99.8,-99.8
2025-10-02 17:00:00,948.3,23.7,89.0,0.9,108.0,3.9,83.0,0.0,-99.8,-99.8,-99.8,-99.8,-99.8,-99.8,-99.8
2025-10-02 18:00:00,948.9,23.2,90.0,0.9,120.0,4.0,90.0,0.0,-99.8,-99.8,-99.8,-99.8,-99.8,-99.8,-99.8
2025-10-02 19:00:00,949.4,23.2,89.0,0.6,121.0,3.5,104.0,0.0,-99.8,-99.8,-99.8,-99.8,-99.8,-99.8,-99.8
2025-10-02 20:00:00,949.9,22.9,92.0,0.3,115.0,2.3,104.0,0.0,-99.8,-99.8,-99.8,-99.8,-99.8,-99.8,-99.8
2025-10-02 21:00:00,950.3,22.4,91.0,0.0,0.0,1.0,70.0,0.0,-99.8,-99.8,-99.8,-99.8,-99.8,-99.8,-99.8
2025-10-02 22:00:00,950.1,22.3,88.0,0.7,77.0,1.6,57.0,0.0,-99.8,-99.8,-99.8,-99.8,-99.8,-99.8,-99.8
2025-10-02 23:00:00,949.4,22.0,92.0,1.0,99.0,2.0,82.0,0.0,-99.8,-99.8,-99.8,-99.8,-99.8,-99.8,-99.8
2025-10-03 00:00:00,948.9,21.5,87.0,2.1,84.0,3.1,145.0,-999.6,-99.8,-99.8,-99.8,-99.8,-99.8,-99.8,-99.8
2025-10-03 01:00:00,948.3,21.2,85.0,1.8,77.0,3.2,87.0,0.0,-99.8,-99.8,-99.8,-99.8,-99.8,-99.8,-99.8
2025-10-03 02:00:00,947.9,20.7,84.0,2.2,95.0,4.5,77.0,0.0,-99.8,-99.8,-99.8,-99.8,-99.8,-99.8,-99.8
2025-10-03 03:00:00,947.4,20.3,83.0,1.7,87.0,4.5,201.0,0.0,-99.8,-99.8,-99.8,-99.8,-99.8,-99.8,-99.8
2025-10-03 04:00:00,947.0,20.0,83.0,2.5,107.0,4.7,124.0,0.0,-99.8,-99.8,-99.8,-99.8,-99.8,-99.8,-99.8
2025-10-03 05:00:00,947.8,20.2,80.0,1.5,120.0,4.3,238.0,0.0,-99.8,-99.8,-99.8,-99.8,-99.8,-99.8,-99.8
2025-10-03 06:00:00,948.4,19.9,79.0,2.4,123.0,3.9,110.0,0.0,-99.8,-99.8,-99.8,-99.8,-99.8,-99.8,-99.8
2025-10-03 07:00:00,949.4,21.8,67.0,1.6,164.0,4.4,179.0,0.0,-99.8,-99.8,-99.8,-99.8,-99.8,-99.8,-99.8
2025-10-03 08:00:00,950.0,23.4,61.0,1.3,136.0,3.6,113.0,0.0,-99.8,-99.8,-99.8,-99.8,-99.8,-99.8,-99.8
2025-10-03 09:00:00,950.2,25.9,-99.8,0.8,31.0,2.1,71.0,0.0,-99.8,-99.8,-99.8,-99.8,-99.8,-99.8,-99.8
2025-10-03 10:00:00,950.2,27.7,65.0,1.1,44.0,3.1,14.0,0.0,-99.8,-99.8,-99.8,-99.8,-99.8,-99.8,-99.8
2025-10-03 11:00:00,949.5,28.1,68.0,1.1,100.0,6.0,92.0,0.0,-99.8,-99.8,-99.8,-99.8,-99.8,-99.8,-99.8
2025-10-03 12:00:00,948.6,29.2,65.0,1.3,53.0,5.0,77.0,0.0,-99.8,-99.8,-99.8,-99.8,-99.8,-99.8,-99.8
2025-10-03 13:00:00,947.6,29.5,63.0,0.8,19.0,5.1,88.0,0.0,-99.8,-99.8,-99.8,-99.8,-99.8,-99.8,-99.8
2025-10-03 14:00:00,947.2,28.1,69.0,1.6,72.0,6.5,94.0,0.0,-99.8,-99.8,-99.8,-99.8,-99.8,-99.8,-99.8
2025-10-03 15:00:00,947.2,28.1,70.0,0.9,81.0,5.0,98.0,0.0,-99.8,-99.8,-99.8,-99.8,-99.8,-99.8,-99.8
2025-10-03 16:00:00,947.5,27.8,74.0,0.7,84.0,4.6,82.0,0.0,-99.8,-99.8,-99.8,-99.8,-99.8,-99.8,-99.8
2025-10-03 17:00:00,948.3,25.2,83.0,0.5,119.0,4.1,112.0,0.0,-99.8,-99.8,-99.8,-99.8,-99.8,-99.8,-99.8
2025-10-03 18:00:00,948.6,24.3,89.0,0.1,0.0,2.8,96.0,0.0,-99.8,-99.8,-99.8,-99.8,-99.8,-99.8,-99.8
2025-10-03 19:00:00,948.9,23.7,92.0,0.7,85.0,1.5,156.0,0.0,-99.8,-99.8,-99.8,-99.8,-99.8,-99.8,-99.8
2025-10-03 20:00:00,949.9,23.3,93.0,0.3,168.0,1.2,75.0,0.0,-99.8,-99.8,-99.8,-99.8,-99.8,-99.8,-99.8
2025-10-03 21:00:00,950.5,23.6,88.0,0.7,165.0,1.9,176.0,0.0,-99.8,-99.8,-99.8,-99.8,-99.8,-99.8,-99.8
2025-10-03 22:00:00,950.1,23.2,90.0,0.3,180.0,1.2,163.0,0.0,-99.8,-99.8,-99.8,-99.8,-99.8,-99.8,-99.8
2025-10-03 23:00:00,950.2,23.5,88.0,0.4,249.0,1.9,148.0,0.0,-99.8,-99.8,-99.8,-99.8,-99.8,-99.8,-99.8
2025-10-04 00:00:00,949.6,22.7,94.0,0.0,0.0,1.6,79.0,0.0,-99.8,-99.8,-99.8,-99.8,-99.8,-99.8,-99.8
2025-10-04 01:00:00,949.2,22.7,93.0,0.6,103.0,1.9,88.0,0.0,-99.8,-99.8,-99.8,-99.8,-99.8,-99.8,-99.8
2025-10-04 02:00:00,949.2,22.7,93.0,1.0,84.0,2.1,227.0,0.0,-99.8,-99.8,-99.8,-99.8,-99.8,-99.8,-99.8
2025-10-04 03:00:00,948.5,22.4,91.0,1.3,81.0,2.3,73.0,0.0,-99.8,-99.8,-99.8,-99.8,-99.8,-99.8,-99.8
2025-10-04 04:00:00,948.5,22.1,90.0,1.3,111.0,2.7,159.0,0.0,-99.8,-99.8,-99.8,-99.8,-99.8,-99.8,-99.8
2025-10-04 05:00:00,948.7,22.0,88.0,0.9,24.0,3.8,107.0,0.0,-99.8,-99.8,-99.8,-99.8,-99.8,-99.8,-99.8
2025-10-04 06:00:00,948.6,21.5,90.0,1.8,91.0,3.0,118.0,0.0,-99.8,-99.8,-99.8,-99.8,-99.8,-99.8,-99.8
2025-10-04 07:00:00,949.1,23.6,78.0,0.2,0.0,4.2,63.0,0.0,-99.8,-99.8,-99.8,-99.8,-99.8,-99.8,-99.8
2025-10-04 08:00:00,949.5,25.3,74.0,0.3,13.0,2.5,76.0,0.0,-99.8,-99.8,-99.8,-99.8,-99.8,-99.8,-99.8
2025-10-04 09:00:00,949.5,27.5,71.0,0.8,58.0,2.3,87.0,0.0,-99.8,-99.8,-99.8,-99.8,-99.8,-99.8,-99.8
2025-10-04 10:00:00,949.7,28.5,69.0,1.1,63.0,4.3,84.0,0.0,-99.8,-99.8,-99.8,-99.8,-99.8,-99.8,-99.8
2025-10-04 11:00:00,949.4,28.9,72.0,1.3,70.0,4.5,94.0,0.0,-99.8,-99.8,-99.8,-99.8,-99.8,-99.8,-99.8
2025-10-04 12:00:00,948.6,28.5,75.0,1.4,62.0,6.3,79.0,0.0,-99.8,-99.8,-99.8,-99.8,-99.8,-99.8,-99.8
2025-10-04 13:00:00,948.1,28.9,74.0,0.6,28.0,5.8,78.0,0.0,-99.8,-99.8,-99.8,-99.8,-99.8,-99.8,-99.8
2025-10-04 14:00:00,947.8,27.8,79.0,1.1,55.0,5.2,97.0,0.0,-99.8,-99.8,-99.8,-99.8,-99.8,-99.8,-99.8
2025-10-04 15:00:00,947.6,27.1,80.0,0.8,125.0,3.7,114.0,0.0,-99.8,-99.8,-99.8,-99.8,-99.8,-99.8,-99.8
2025-10-04 16:00:00,947.9,26.8,82.0,0.9,77.0,3.6,93.0,0.0,-99.8,-99.8,-99.8,-99.8,-99.8,-99.8,-99.8
2025-10-04 17:00:00,948.6,25.0,90.0,0.4,84.0,1.9,86.0,0.0,-99.8,-99.8,-99.8,-99.8,-99.8,-99.8,-99.8
2025-10-04 18:00:00,948.9,24.4,92.0,0.0,0.0,1.6,81.0,0.0,-99.8,-99.8,-99.8,-99.8,-99.8,-99.8,-99.8
2025-10-04 19:00:00,949.4,24.0,94.0,0.1,0.0,1.2,103.0,0.0,-99.8,-99.8,-99.8,-99.8,-99.8,-99.8,-99.8
2025-10-04 20:00:00,949.7,24.3,90.0,0.2,0.0,1.2,224.0,0.0,-99.8,-99.8,-99.8,-99.8,-99.8,-99.8,-99.8
2025-10-04 21:00:00,950.0,23.9,92.0,1.1,65.0,2.7,86.0,0.0,-99.8,-99.8,-99.8,-99.8,-99.8,-99.8,-99.8
2025-10-04 22:00:00,950.0,24.0,88.0,0.6,83.0,3.3,68.0,0.0,-99.8,-99.8,-99.8,-99.8,-99.8,-99.8,-99.8
2025-10-04 23:00:00,950.2,23.5,91.0,0.6,86.0,2.9,68.0,0.0,-99.8,-99.8,-99.8,-99.8,-99.8,-99.8,-99.8
2025-10-05 00:00:00,949.7,23.6,86.0,1.0,108.0,2.7,68.0,0.0,-99.8,-99.8,-99.8,-99.8,-99.8,-99.8,-99.8
2025-10-05 01:00:00,949.5,22.5,90.0,1.5,79.0,2.3,240.0,-999.6,-99.8,-99.8,-99.8,-99.8,-99.8,-99.8,-99.8
2025-10-05 02:00:00,949.4,22.8,85.0,1.1,82.0,3.1,66.0,0.0,-99.8,-99.8,-99.8,-99.8,-99.8,-99.8,-99.8
2025-10-05 03:00:00,949.0,22.2,87.0,2.0,100.0,3.4,271.0,0.0,-99.8,-99.8,-99.8,-99.8,-99.8,-99.8,-99.8
2025-10-05 04:00:00,948.8,22.4,81.0,2.6,76.0,3.7,69.0,0.0,-99.8,-99.8,-99.8,-99.8,-99.8,-99.8,-99.8
2025-10-05 05:00:00,949.0,22.1,81.0,2.6,91.0,5.4,62.0,0.0,-99.8,-99.8,-99.8,-99.8,-99.8,-99.8,-99.8
2025-10-05 06:00:00,949.1,22.6,73.0,2.8,121.0,4.7,79.0,0.0,-99.8,-99.8,-99.8,-99.8,-99.8,-99.8,-99.8
2025-10-05 07:00:00,949.5,24.1,66.0,1.6,144.0,4.5,77.0,0.0,-99.8,-99.8,-99.8,-99.8,-99.8,-99.8,-99.8
2025-10-05 08:00:00,950.0,26.3,59.0,0.1,0.0,3.4,125.0,0.0,-99.8,-99.8,-99.8,-99.8,-99.8,-99.8,-99.8
2025-10-05 09:00:00,950.7,27.7,66.0,1.1,64.0,3.0,100.0,0.0,-99.8,-99.8,-99.8,-99.8,-99.8,-99.8,-99.8
2025-10-05 10:00:00,950.7,28.0,70.0,1.0,45.0,2.5,99.0,0.0,-99.8,-99.8,-99.8,-99.8,-99.8,-99.8,-99.8
2025-10-05 11:00:00,950.3,28.7,69.0,0.7,353.0,2.8,91.0,0.0,-99.8,-99.8,-99.8,-99.8,-99.8,-99.8,-99.8
2025-10-05 12:00:00,949.4,28.9,72.0,0.7,31.0,3.7,26.0,0.0,-99.8,-99.8,-99.8,-99.8,-99.8,-99.8,-99.8
2025-10-05 13:00:00,948.8,28.9,75.0,0.9,46.0,4.6,93.0,0.0,-99.8,-99.8,-99.8,-99.8,-99.8,-99.8,-99.8
2025-10-05 14:00:00,948.3,28.5,75.0,0.7,18.0,4.0,99.0,-999.6,-99.8,-99.8,-99.8,-99.8,-99.8,-99.8,-99.8
2025-10-05 15:00:00,948.2,27.1,81.0,0.6,26.0,3.4,69.0,0.0,-99.8,-99.8,-99.8,-99.8,-99.8,-99.8,-99.8
2025-10-05 16:00:00,948.0,26.7,86.0,0.4,75.0,2.9,90.0,0.0,-99.8,-99.8,-99.8,-99.8,-99.8,-99.8,-99.8
2025-10-05 17:00:00,948.2,24.7,93.0,0.2,0.0,2.1,87.0,0.0,-99.8,-99.8,-99.8,-99.8,-99.8,-99.8,-99.8
2025-10-05 18:00:00,948.3,23.9,96.0,0.0,0.0,1.0,88.0,0.0,-99.8,-99.8,-99.8,-99.8,-99.8,-99.8,-99.8
2025-10-05 19:00:00,948.9,23.6,96.0,1.6,87.0,2.2,82.0,0.0,-99.8,-99.8,-99.8,-99.8,-99.8,-99.8,-99.8
2025-10-05 20:00:00,949.3,23.7,95.0,1.2,80.0,2.2,73.0,0.0,-99.8,-99.8,-99.8,-99.8,-99.8,-99.8,-99.8
2025-10-05 21:00:00,949.6,23.8,93.0,1.6,80.0,2.8,79.0,0.0,-99.8,-99.8,-99.8,-99.8,-99.8,-99.8,-99.8
2025-10-05 22:00:00,949.6,23.6,91.0,1.8,75.0,3.1,220.0,0.0,-99.8,-99.8,-99.8,-99.8,-99.8,-99.8,-99.8
2025-10-05 23:00:00,949.6,23.8,85.0,1.4,104.0,4.0,105.0,0.0,-99.8,-99.8,-99.8,-99.8,-99.8,-99.8,-99.8
2025-10-06 00:00:00,949.4,23.4,80.0,1.7,99.0,3.1,81.0,0.0,-99.8,-99.8,-99.8,-99.8,-99.8,-99.8,-99.8
2025-10-06 01:00:00,948.8,22.9,81.0,1.8,99.0,3.4,189.0,0.0,-99.8,-99.8,-99.8,-99.8,-99.8,-99.8,-99.8
2025-10-06 02:00:00,948.2,22.8,79.0,1.4,128.0,3.8,297.0,0.0,-99.8,-99.8,-99.8,-99.8,-99.8,-99.8,-99.8
2025-10-06 03:00:00,947.9,22.3,79.0,2.0,190.0,3.7,149.0,0.0,-99.8,-99.8,-99.8,-99.8,-99.8,-99.8,-99.8
2025-10-06 04:00:00,947.7,22.0,77.0,2.1,138.0,3.6,137.0,0.0,-99.8,-99.8,-99.8,-99.8,-99.8,-99.8,-99.8
2025-10-06 05:00:00,947.8,22.2,73.0,2.3,182.0,4.8,114.0,0.0,-99.8,-99.8,-99.8,-99.8,-99.8,-99.8,-99.8
2025-10-06 06:00:00,948.2,21.6,75.0,2.6,156.0,4.6,103.0,0.0,-99.8,-99.8,-99.8,-99.8,-99.8,-99.8,-99.8
2025-10-06 07:00:00,948.8,22.7,71.0,1.9,116.0,4.0,91.0,0.0,-99.8,-99.8,-99.8,-99.8,-99.8,-99.8,-99.8
2025-10-06 08:00:00,949.4,25.0,63.0,0.5,238.0,3.1,140.0,0.0,-99.8,-99.8,-99.8,-99.8,-99.8,-99.8,-99.8
2025-10-06 09:00:00,949.6,27.1,67.0,1.3,81.0,2.5,87.0,0.0,-99.8,-99.8,-99.8,-99.8,-99.8,-99.8,-99.8
2025-10-06 10:00:00,949.6,28.4,70.0,0.6,15.0,2.7,30.0,0.0,-99.8,-99.8,-99.8,-99.8,-99.8,-99.8,-99.8
2025-10-06 11:00:00,949.4,28.3,75.0,1.4,9.0,4.2,85.0,0.0,-99.8,-99.8,-99.8,-99.8,-99.8,-99.8,-99.8
2025-10-06 12:00:00,949.0,29.2,73.0,0.9,16.0,4.8,93.0,0.0,-99.8,-99.8,-99.8,-99.8,-99.8,-99.8,-99.8
2025-10-06 13:00:00,948.4,28.9,71.0,0.9,24.0,4.1,39.0,0.0,-99.8,-99.8,-99.8,-99.8,-99.8,-99.8,-99.8
2025-10-06 14:00:00,948.1,28.3,70.0,1.6,76.0,6.6,84.0,0.0,-99.8,-99.8,-99.8,-99.8,-99.8,-99.8,-99.8
2025-10-06 15:00:00,948.2,26.7,80.0,1.0,58.0,4.5,88.0,0.0,-99.8,-99.8,-99.8,-99.8,-99.8,-99.8,-99.8
2025-10-06 16:00:00,948.3,25.7,82.0,0.2,0.0,2.5,84.0,0.0,-99.8,-99.8,-99.8,-99.8,-99.8,-99.8,-99.8
2025-10-06 17:00:00,948.7,24.1,92.0,0.3,330.0,2.6,98.0,0.0,-99.8,-99.8,-99.8,-99.8,-99.8,-99.8,-99.8
2025-10-06 18:00:00,948.9,23.8,93.0,0.0,0.0,2.3,79.0,0.0,-99.8,-99.8,-99.8,-99.8,-99.8,-99.8,-99.8
2025-10-06 19:00:00,949.4,23.7,94.0,0.0,0.0,1.1,131.0,0.0,-99.8,-99.8,-99.8,-99.8,-99.8,-99.8,-99.8
2025-10-06 20:00:00,949.5,23.3,96.0,0.2,0.0,1.5,76.0,0.0,-99.8,-99.8,-99.8,-99.8,-99.8,-99.8,-99.8
2025-10-06 21:00:00,949.7,23.4,93.0,0.2,0.0,1.1,79.0,0.0,-99.8,-99.8,-99.8,-99.8,-99.8,-99.8,-99.8
2025-10-06 22:00:00,949.8,23.1,93.0,1.2,80.0,2.7,71.0,0.0,-99.8,-99.8,-99.8,-99.8,-99.8,-99.8,-99.8
2025-10-06 23:00:00,949.9,23.3,89.0,0.5,80.0,2.0,67.0,0.0,-99.8,-99.8,-99.8,-99.8,-99.8,-99.8,-99.8
2025-10-07 00:00:00,949.5,23.0,83.0,1.8,117.0,3.4,70.0,0.0,-99.8,-99.8,-99.8,-99.8,-99.8,-99.8,-99.8
2025-10-07 01:00:00,949.5,22.4,80.0,0.8,106.0,2.9,147.0,0.0,-99.8,-99.8,-99.8,-99.8,-99.8,-99.8,-99.8
2025-10-07 02:00:00,949.3,22.0,79.0,2.0,93.0,3.8,276.0,0.0,-99.8,-99.8,-99.8,-99.8,-99.8,-99.8,-99.8
2025-10-07 03:00:00,949.0,21.8,76.0,2.3,106.0,4.4,61.0,0.0,-99.8,-99.8,-99.8,-99.8,-99.8,-99.8,-99.8
2025-10-07 04:00:00,948.8,21.6,76.0,2.2,112.0,4.2,78.0,0.0,-99.8,-99.8,-99.8,-99.8,-99.8,-99.8,-99.8
2025-10-07 05:00:00,948.8,21.3,77.0,1.7,110.0,4.8,83.0,0.0,-99.8,-99.8,-99.8,-99.8,-99.8,-99.8,-99.8
2025-10-07 06:00:00,949.0,21.3,74.0,2.3,132.0,5.1,85.0,0.0,-99.8,-99.8,-99.8,-99.8,-99.8,-99.8,-99.8
2025-10-07 07:00:00,949.6,22.9,66.0,1.2,153.0,4.8,94.0,0.0,-99.8,-99.8,-99.8,-99.8,-99.8,-99.8,-99.8
2025-10-07 08:00:00,950.3,24.9,61.0,0.8,122.0,2.6,196.0,0.0,-99.8,-99.8,-99.8,-99.8,-99.8,-99.8,-99.8
2025-10-07 09:00:00,950.6,27.4,54.0,0.4,307.0,1.5,103.0,0.0,-99.8,-99.8,-99.8,-99.8,-99.8,-99.8,-99.8
2025-10-07 10:00:00,950.7,28.5,60.0,0.6,46.0,2.7,62.0,0.0,-99.8,-99.8,-99.8,-99.8,-99.8,-99.8,-99.8
2025-10-07 11:00:00,950.1,28.9,64.0,0.6,27.0,3.8,85.0,0.0,-99.8,-99.8,-99.8,-99.8,-99.8,-99.8,-99.8
2025-10-07 12:00:00,949.7,29.0,63.0,1.0,32.0,3.3,88.0,0.0,-99.8,-99.8,-99.8,-99.8,-99.8,-99.8,-99.8
2025-10-07 13:00:00,949.1,29.2,66.0,0.7,359.0,3.0,82.0,0.0,-99.8,-99.8,-99.8,-99.8,-99.8,-99.8,-99.8
2025-10-07 14:00:00,948.6,29.7,62.0,0.4,44.0,3.8,89.0,0.0,-99.8,-99.8,-99.8,-99.8,-99.8,-99.8,-99.8
2025-10-07 15:00:00,948.6,29.4,62.0,0.5,94.0,3.7,79.0,0.0,-99.8,-99.8,-99.8,-99.8,-99.8,-99.8,-99.8
2025-10-07 16:00:00,948.6,29.9,60.0,0.2,0.0,2.8,62.0,0.0,-99.8,-99.8,-99.8,-99.8,-99.8,-99.8,-99.8
2025-10-07 17:00:00,948.6,26.0,72.0,0.2,0.0,1.8,91.0,0.0,-99.8,-99.8,-99.8,-99.8,-99.8,-99.8,-99.8
2025-10-07 18:00:00,948.8,24.4,82.0,0.5,97.0,1.7,99.0,-999.6,-99.8,-99.8,-99.8,-99.8,-99.8,-99.8,-99.8
2025-10-07 19:00:00,949.4,24.3,80.0,1.2,86.0,2.5,88.0,0.0,-99.8,-99.8,-99.8,-99.8,-99.8,-99.8,-99.8
2025-10-07 20:00:00,950.1,24.1,75.0,1.4,110.0,3.2,98.0,0.0,-99.8,-99.8,-99.8,-99.8,-99.8,-99.8,-99.8
2025-10-07 21:00:00,950.4,23.7,79.0,1.8,109.0,3.8,65.0,0.0,-99.8,-99.8,-99.8,-99.8,-99.8,-99.8,-99.8
2025-10-07 22:00:00,950.2,23.9,72.0,1.1,153.0,4.9,257.0,0.0,-99.8,-99.8,-99.8,-99.8,-99.8,-99.8,-99.8
2025-10-07 23:00:00,950.6,22.8,80.0,1.6,137.0,4.5,88.0,0.0,-99.8,-99.8,-99.8,-99.8,-99.8,-99.8,-99.8
2025-10-08 00:00:00,950.5,22.6,80.0,1.4,87.0,4.9,63.0,0.0,-99.8,-99.8,-99.8,-99.8,-99.8,-99.8,-99.8
2025-10-08 01:00:00,950.0,22.5,78.0,1.3,140.0,4.7,116.0,0.0,-99.8,-99.8,-99.8,-99.8,-99.8,-99.8,-99.8
2025-10-08 02:00:00,949.3,22.5,77.0,2.3,130.0,5.4,76.0,-999.6,-99.8,-99.8,-99.8,-99.8,-99.8,-99.8,-99.8
2025-10-08 03:00:00,949.0,22.2,77.0,2.8,123.0,4.6,101.0,0.0,-99.8,-99.8,-99.8,-99.8,-99.8,-99.8,-99.8
2025-10-08 04:00:00,948.9,22.5,73.0,2.5,157.0,5.6,224.0,0.0,-99.8,-99.8,-99.8,-99.8,-99.8,-99.8,-99.8
2025-10-08 05:00:00,949.2,22.8,72.0,2.3,178.0,4.8,207.0,0.0,-99.8,-99.8,-99.8,-99.8,-99.8,-99.8,-99.8
2025-10-08 06:00:00,949.5,22.8,72.0,2.5,162.0,3.8,293.0,0.0,-99.8,-99.8,-99.8,-99.8,-99.8,-99.8,-99.8
2025-10-08 07:00:00,950.0,23.8,71.0,1.3,204.0,4.5,166.0,0.0,-99.8,-99.8,-99.8,-99.8,-99.8,-99.8,-99.8
2025-10-08 08:00:00,950.5,24.1,71.0,1.8,167.0,4.1,250.0,0.0,-99.8,-99.8,-99.8,-99.8,-99.8,-99.8,-99.8
2025-10-08 09:00:00,950.7,25.7,67.0,1.9,180.0,3.4,162.0,0.0,-99.8,-99.8,-99.8,-99.8,-99.8,-99.8,-99.8
2025-10-08 10:00:00,950.2,28.5,56.0,0.8,201.0,3.0,242.0,0.0,-99.8,-99.8,-99.8,-99.8,-99.8,-99.8,-99.8
2025-10-08 11:00:00,949.8,30.0,55.0,0.2,0.0,1.4,46.0,0.0,-99.8,-99.8,-99.8,-99.8,-99.8,-99.8,-99.8
2025-10-08 12:00:00,948.8,31.0,55.0,0.6,46.0,2.2,90.0,0.0,-99.8,-99.8,-99.8,-99.8,-99.8,-99.8,-99.8
2025-10-08 13:00:00,948.1,30.3,60.0,1.0,51.0,4.1,88.0,0.0,-99.8,-99.8,-99.8,-99.8,-99.8,-99.8,-99.8
2025-10-08 14:00:00,947.8,28.0,67.0,0.7,25.0,4.6,79.0,0.0,-99.8,-99.8,-99.8,-99.8,-99.8,-99.8,-99.8
2025-10-08 15:00:00,947.7,26.9,77.0,0.4,82.0,3.0,71.0,0.0,-99.8,-99.8,-99.8,-99.8,-99.8,-99.8,-99.8
2025-10-08 16:00:00,947.6,25.4,85.0,0.1,0.0,1.6,194.0,0.0,-99.8,-99.8,-99.8,-99.8,-99.8,-99.8,-99.8
2025-10-08 17:00:00,947.9,24.4,88.0,0.0,0.0,1.5,87.0,0.0,-99.8,-99.8,-99.8,-99.8,-99.8,-99.8,-99.8
2025-10-08 18:00:00,948.2,24.0,91.0,0.7,96.0,1.7,80.0,0.0,-99.8,-99.8,-99.8,-99.8,-99.8,-99.8,-99.8
2025-10-08 19:00:00,948.4,23.6,90.0,0.0,0.0,2.1,85.0,0.0,-99.8,-99.8,-99.8,-99.8,-99.8,-99.8,-99.8
2025-10-08 20:00:00,948.5,23.2,93.0,0.1,0.0,1.7,112.0,-999.6,-99.8,-99.8,-99.8,-99.8,-99.8,-99.8,-99.8
2025-10-08 21:00:00,948.8,22.5,95.0,0.6,110.0,1.6,80.0,0.0,-99.8,-99.8,-99.8,-99.8,-99.8,-99.8,-99.8
2025-10-08 22:00:00,948.4,22.2,95.0,0.4,92.0,1.3,100.0,0.0,-99.8,-99.8,-99.8,-99.8,-99.8,-99.8,-99.8
2025-10-08 23:00:00,948.1,22.1,94.0,1.6,110.0,2.9,73.0,0.0,-99.8,-99.8,-99.8,-99.8,-99.8,-99.8,-99.8
2025-10-09 00:00:00,947.9,22.2,80.0,1.8,122.0,3.1,73.0,0.0,-99.8,-99.8,-99.8,-99.8,-99.8,-99.8,-99.8
2025-10-09 01:00:00,947.8,21.3,82.0,1.2,109.0,2.6,146.0,0.0,-99.8,-99.8,-99.8,-99.8,-99.8,-99.8,-99.8
2025-10-09 02:00:00,947.6,21.2,75.0,1.9,122.0,3.7,86.0,0.0,-99.8,-99.8,-99.8,-99.8,-99.8,-99.8,-99.8
2025-10-09 03:00:00,947.2,20.7,73.0,2.4,108.0,4.2,78.0,0.0,-99.8,-99.8,-99.8,-99.8,-99.8,-99.8,-99.8
2025-10-09 04:00:00,947.4,20.7,69.0,2.1,158.0,4.1,121.0,0.0,-99.8,-99.8,-99.8,-99.8,-99.8,-99.8,-99.8
2025-10-09 05:00:00,947.7,20.5,69.0,2.7,122.0,4.6,131.0,0.0,-99.8,-99.8,-99.8,-99.8,-99.8,-99.8,-99.8
2025-10-09 06:00:00,948.1,21.1,64.0,2.6,203.0,4.7,149.0,0.0,-99.8,-99.8,-99.8,-99.8,-99.8,-99.8,-99.8
2025-10-09 07:00:00,948.7,21.8,64.0,2.8,173.0,5.0,127.0,-999.6,-99.8,-99.8,-99.8,-99.8,-99.8,-99.8,-99.8
2025-10-09 08:00:00,949.1,23.5,60.0,2.0,188.0,4.8,110.0,0.0,-99.8,-99.8,-99.8,-99.8,-99.8,-99.8,-99.8
2025-10-09 09:00:00,948.9,27.1,61.0,0.9,96.0,3.6,168.0,0.0,-99.8,-99.8,-99.8,-99.8,-99.8,-99.8,-99.8
2025-10-09 10:00:00,948.7,27.9,63.0,1.0,35.0,3.5,87.0,0.0,-99.8,-99.8,-99.8,-99.8,-99.8,-99.8,-99.8
2025-10-09 11:00:00,948.0,28.6,65.0,1.0,45.0,3.7,102.0,0.0,-99.8,-99.8,-99.8,-99.8,-99.8,-99.8,-99.8
2025-10-09 12:00:00,947.3,28.4,68.0,1.2,35.0,3.9,60.0,0.0,-99.8,-99.8,-99.8,-99.8,-99.8,-99.8,-99.8
2025-10-09 13:00:00,946.5,28.3,71.0,1.1,52.0,3.7,63.0,0.0,-99.8,-99.8,-99.8,-99.8,-99.8,-99.8,-99.8
2025-10-09 14:00:00,946.4,27.9,73.0,1.3,84.0,5.0,84.0,0.0,-99.8,-99.8,-99.8,-99.8,-99.8,-99.8,-99.8
2025-10-09 15:00:00,946.4,27.3,74.0,1.1,101.0,5.7,88.0,0.0,-99.8,-99.8,-99.8,-99.8,-99.8,-99.8,-99.8
2025-10-09 16:00:00,946.5,24.9,86.0,0.7,359.0,4.8,59.0,0.0,-99.8,-99.8,-99.8,-99.8,-99.8,-99.8,-99.8
2025-10-09 17:00:00,946.6,23.8,90.0,0.0,0.0,2.2,38.0,0.0,-99.8,-99.8,-99.8,-99.8,-99.8,-99.8,-99.8
2025-10-09 18:00:00,946.9,23.3,92.0,0.0,0.0,1.7,89.0,0.0,-99.8,-99.8,-99.8,-99.8,-99.8,-99.8,-99.8
2025-10-09 19:00:00,947.6,23.0,91.0,0.3,63.0,3.1,87.0,0.0,-99.8,-99.8,-99.8,-99.8,-99.8,-99.8,-99.8
2025-10-09 20:00:00,948.2,23.0,89.0,0.0,0.0,1.4,177.0,0.0,-99.8,-99.8,-99.8,-99.8,-99.8,-99.8,-99.8
2025-10-09 21:00:00,948.2,23.1,87.0,0.0,0.0,0.8,230.0,0.0,-99.8,-99.8,-99.8,-99.8,-99.8,-99.8,-99.8
2025-10-09 22:00:00,948.4,22.9,87.0,0.9,87.0,1.4,75.0,0.0,-99.8,-99.8,-99.8,-99.8,-99.8,-99.8,-99.8
2025-10-09 23:00:00,948.3,22.9,88.0,1.7,80.0,2.6,78.0,0.0,-99.8,-99.8,-99.8,-99.8,-99.8,-99.8,-99.8
2025-10-10 00:00:00,948.1,22.8,86.0,1.2,95.0,3.7,83.0,0.0,-99.8,-99.8,-99.8,-99.8,-99.8,-99.8,-99.8
2025-10-10 01:00:00,947.8,22.9,78.0,2.6,102.0,4.1,113.0,0.0,-99.8,-99.8,-99.8,-99.8,-99.8,-99.8,-99.8
2025-10-10 02:00:00,947.6,23.0,76.0,1.8,134.0,3.8,102.0,-999.6,-99.8,-99.8,-99.8,-99.8,-99.8,-99.8,-99.8
2025-10-10 03:00:00,947.1,22.8,73.0,2.0,110.0,5.4,129.0,0.0,-99.8,-99.8,-99.8,-99.8,-99.8,-99.8,-99.8
2025-10-10 04:00:00,947.2,23.1,70.0,1.0,163.0,4.8,116.0,0.0,-99.8,-99.8,-99.8,-99.8,-99.8,-99.8,-99.8
2025-10-10 05:00:00,947.5,22.7,73.0,0.4,334.0,3.3,220.0,0.0,-99.8,-99.8,-99.8,-99.8,-99.8,-99.8,-99.8
2025-10-10 06:00:00,947.5,22.7,70.0,2.1,122.0,3.8,259.0,0.0,-99.8,-99.8,-99.8,-99.8,-99.8,-99.8,-99.8
2025-10-10 07:00:00,947.5,22.4,74.0,1.0,153.0,3.4,87.0,0.0,-99.8,-99.8,-99.8,-99.8,-99.8,-99.8,-99.8
2025-10-10 08:00:00,947.8,23.1,72.0,1.0,116.0,2.0,96.0,0.0,-99.8,-99.8,-99.8,-99.8,-99.8,-99.8,-99.8
2025-10-10 09:00:00,948.1,26.4,65.0,0.5,81.0,1.7,92.0,0.0,-99.8,-99.8,-99.8,-99.8,-99.8,-99.8,-99.8
2025-10-10 10:00:00,948.5,27.3,68.0,0.6,342.0,2.2,5.0,0.0,-99.8,-99.8,-99.8,-99.8,-99.8,-99.8,-99.8
2025-10-10 11:00:00,948.2,26.8,78.0,0.9,6.0,2.8,31.0,0.0,-99.8,-99.8,-99.8,-99.8,-99.8,-99.8,-99.8
2025-10-10 12:00:00,947.2,28.5,70.0,0.6,61.0,2.7,33.0,0.0,-99.8,-99.8,-99.8,-99.8,-99.8,-99.8,-99.8
2025-10-10 13:00:00,946.8,27.6,72.0,0.8,33.0,5.5,97.0,0.0,-99.8,-99.8,-99.8,-99.8,-99.8,-99.8,-99.8
2025-10-10 14:00:00,946.5,26.1,80.0,0.2,0.0,3.5,83.0,0.0,-99.8,-99.8,-99.8,-99.8,-99.8,-99.8,-99.8
2025-10-10 15:00:00,946.4,26.9,75.0,0.2,0.0,2.9,92.0,0.0,-99.8,-99.8,-99.8,-99.8,-99.8,-99.8,-99.8
2025-10-10 16:00:00,946.4,25.1,80.0,0.4,150.0,3.2,89.0,0.0,-99.8,-99.8,-99.8,-99.8,-99.8,-99.8,-99.8
2025-10-10 17:00:00,946.5,23.9,83.0,0.0,0.0,2.2,105.0,0.0,-99.8,-99.8,-99.8,-99.8,-99.8,-99.8,-99.8
2025-10-10 18:00:00,946.7,23.6,86.0,0.5,90.0,1.1,93.0,0.0,-99.8,-99.8,-99.8,-99.8,-99.8,-99.8,-99.8
2025-10-10 19:00:00,947.4,23.2,87.0,0.1,0.0,1.4,180.0,0.0,-99.8,-99.8,-99.8,-99.8,-99.8,-99.8,-99.8
2025-10-10 20:00:00,948.0,22.9,89.0,0.0,0.0,0.9,92.0,0.0,-99.8,-99.8,-99.8,-99.8,-99.8,-99.8,-99.8
2025-10-10 21:00:00,948.2,22.5,87.0,1.2,86.0,2.1,80.0,0.0,-99.8,-99.8,-99.8,-99.8,-99.8,-99.8,-99.8
2025-10-10 22:00:00,948.1,22.4,90.0,0.2,0.0,1.7,94.0,0.0,-99.8,-99.8,-99.8,-99.8,-99.8,-99.8,-99.8
2025-10-10 23:00:00,948.0,22.1,89.0,0.6,111.0,1.2,282.0,0.0,-99.8,-99.8,-99.8,-99.8,-99.8,-99.8,-99.8
2025-10-11 00:00:00,947.6,21.6,94.0,1.7,95.0,2.9,105.0,0.0,-99.8,-99.8,-99.8,-99.8,-99.8,-99.8,-99.8
2025-10-11 01:00:00,946.8,21.4,90.0,2.5,113.0,3.9,72.0,0.0,-99.8,-99.8,-99.8,-99.8,-99.8,-99.8,-99.8
2025-10-11 02:00:00,946.5,21.4,85.0,2.2,121.0,3.7,77.0,0.0,-99.8,-99.8,-99.8,-99.8,-99.8,-99.8,-99.8
2025-10-11 03:00:00,946.6,21.2,82.0,2.3,138.0,3.9,90.0,0.0,-99.8,-99.8,-99.8,-99.8,-99.8,-99.8,-99.8
2025-10-11 04:00:00,946.7,20.8,79.0,2.6,154.0,4.5,105.0,0.0,-99.8,-99.8,-99.8,-99.8,-99.8,-99.8,-99.8
2025-10-11 05:00:00,947.0,20.7,80.0,2.2,195.0,4.8,212.0,0.0,-99.8,-99.8,-99.8,-99.8,-99.8,-99.8,-99.8
2025-10-11 06:00:00,947.4,20.5,74.0,2.0,216.0,4.3,151.0,0.0,-99.8,-99.8,-99.8,-99.8,-99.8,-99.8,-99.8
2025-10-11 07:00:00,947.8,21.3,69.0,2.4,230.0,4.9,293.0,0.0,-99.8,-99.8,-99.8,-99.8,-99.8,-99.8,-99.8
2025-10-11 08:00:00,948.3,23.0,64.0,1.4,252.0,4.0,244.0,0.0,-99.8,-99.8,-99.8,-99.8,-99.8,-99.8,-99.8
2025-10-11 09:00:00,948.0,26.7,53.0,0.3,255.0,3.0,288.0,0.0,-99.8,-99.8,-99.8,-99.8,-99.8,-99.8,-99.8
2025-10-11 10:00:00,947.8,28.2,62.0,1.0,62.0,2.2,102.0,0.0,-99.8,-99.8,-99.8,-99.8,-99.8,-99.8,-99.8
2025-10-11 11:00:00,947.6,28.0,66.0,1.2,47.0,3.4,78.0,0.0,-99.8,-99.8,-99.8,-99.8,-99.8,-99.8,-99.8
2025-10-11 12:00:00,946.8,28.9,63.0,0.7,21.0,3.3,47.0,0.0,-99.8,-99.8,-99.8,-99.8,-99.8,-99.8,-99.8
2025-10-11 13:00:00,946.4,28.5,60.0,1.0,36.0,4.2,64.0,0.0,-99.8,-99.8,-99.8,-99.8,-99.8,-99.8,-99.8
2025-10-11 14:00:00,946.5,27.8,60.0,1.4,100.0,7.9,95.0,0.0,-99.8,-99.8,-99.8,-99.8,-99.8,-99.8,-99.8
2025-10-11 15:00:00,946.8,27.4,65.0,0.8,37.0,4.5,89.0,-999.6,-99.8,-99.8,-99.8,-99.8,-99.8,-99.8,-99.8
2025-10-11 16:00:00,947.2,24.9,77.0,0.1,0.0,2.4,54.0,0.0,-99.8,-99.8,-99.8,-99.8,-99.8,-99.8,-99.8
2025-10-11 17:00:00,947.6,23.9,81.0,0.0,0.0,1.2,144.0,0.0,-99.8,-99.8,-99.8,-99.8,-99.8,-99.8,-99.8
2025-10-11 18:00:00,947.7,23.6,83.0,0.0,0.0,1.3,121.0,0.0,-99.8,-99.8,-99.8,-99.8,-99.8,-99.8,-99.8
2025-10-11 19:00:00,947.9,23.6,80.0,1.0,91.0,1.7,79.0,0.0,-99.8,-99.8,-99.8,-99.8,-99.8,-99.8,-99.8
2025-10-11 20:00:00,948.2,23.2,81.0,1.2,136.0,2.6,79.0,0.0,-99.8,-99.8,-99.8,-99.8,-99.8,-99.8,-99.8
2025-10-11 21:00:00,948.5,23.2,81.0,1.0,92.0,2.3,84.0,0.0,-99.8,-99.8,-99.8,-99.8,-99.8,-99.8,-99.8
2025-10-11 22:00:00,948.7,22.7,80.0,0.9,104.0,2.0,78.0,0.0,-99.8,-99.8,-99.8,-99.8,-99.8,-99.8,-99.8
2025-10-11 23:00:00,948.4,22.3,81.0,0.9,109.0,2.8,150.0,0.0,-99.8,-99.8,-99.8,-99.8,-99.8,-99.8,-99.8
2025-10-12 00:00:00,948.1,21.9,83.0,1.3,124.0,2.7,153.0,0.0,-99.8,-99.8,-99.8,-99.8,-99.8,-99.8,-99.8
2025-10-12 01:00:00,947.6,21.8,83.0,1.6,101.0,3.2,112.0,0.0,-99.8,-99.8,-99.8,-99.8,-99.8,-99.8,-99.8
2025-10-12 02:00:00,947.2,21.8,80.0,1.8,125.0,3.3,80.0,0.0,-99.8,-99.8,-99.8,-99.8,-99.8,-99.8,-99.8
2025-10-12 03:00:00,947.1,21.5,79.0,1.6,132.0,3.5,107.0,0.0,-99.8,-99.8,-99.8,-99.8,-99.8,-99.8,-99.8
2025-10-12 04:00:00,947.2,21.4,78.0,1.9,146.0,3.4,230.0,0.0,-99.8,-99.8,-99.8,-99.8,-99.8,-99.8,-99.8
2025-10-12 05:00:00,947.5,21.1,78.0,2.1,114.0,3.3,186.0,0.0,-99.8,-99.8,-99.8,-99.8,-99.8,-99.8,-99.8
2025-10-12 06:00:00,948.0,21.0,76.0,1.8,175.0,4.0,81.0,-999.6,-99.8,-99.8,-99.8,-99.8,-99.8,-99.8,-99.8
2025-10-12 07:00:00,948.6,22.0,71.0,1.2,166.0,3.4,112.0,0.0,-99.8,-99.8,-99.8,-99.8,-99.8,-99.8,-99.8
2025-10-12 08:00:00,948.6,24.1,63.0,0.9,183.0,2.3,141.0,0.0,-99.8,-99.8,-99.8,-99.8,-99.8,-99.8,-99.8
2025-10-12 09:00:00,948.8,26.9,55.0,0.5,327.0,1.8,261.0,0.0,-99.8,-99.8,-99.8,-99.8,-99.8,-99.8,-99.8
2025-10-12 10:00:00,948.9,28.2,62.0,1.3,55.0,2.9,94.0,0.0,-99.8,-99.8,-99.8,-99.8,-99.8,-99.8,-99.8
2025-10-12 11:00:00,948.8,28.7,64.0,0.6,48.0,2.6,63.0,0.0,-99.8,-99.8,-99.8,-99.8,-99.8,-99.8,-99.8
2025-10-12 12:00:00,948.4,28.5,70.0,0.9,31.0,4.6,36.0,0.0,-99.8,-99.8,-99.8,-99.8,-99.8,-99.8,-99.8
2025-10-12 13:00:00,947.9,28.2,74.0,1.2,48.0,4.5,96.0,0.0,-99.8,-99.8,-99.8,-99.8,-99.8,-99.8,-99.8
2025-10-12 14:00:00,947.6,28.0,74.0,0.6,55.0,5.1,88.0,0.0,-99.8,-99.8,-99.8,-99.8,-99.8,-99.8,-99.8
2025-10-12 15:00:00,947.7,26.1,85.0,0.5,52.0,3.4,67.0,0.0,-99.8,-99.8,-99.8,-99.8,-99.8,-99.8,-99.8
2025-10-12 16:00:00,947.9,25.2,90.0,0.5,36.0,2.4,61.0,0.0,-99.8,-99.8,-99.8,-99.8,-99.8,-99.8,-99.8
2025-10-12 17:00:00,948.1,24.1,95.0,0.6,67.0,2.2,91.0,0.0,-99.8,-99.8,-99.8,-99.8,-99.8,-99.8,-99.8
2025-10-12 18:00:00,948.5,23.7,97.0,0.0,0.0,1.3,329.0,0.0,-99.8,-99.8,-99.8,-99.8,-99.8,-99.8,-99.8
2025-10-12 19:00:00,948.9,23.6,97.0,0.0,0.0,0.9,172.0,-999.6,-99.8,-99.8,-99.8,-99.8,-99.8,-99.8,-99.8
2025-10-12 20:00:00,949.5,23.5,97.0,0.0,0.0,1.3,93.0,-999.6,-99.8,-99.8,-99.8,-99.8,-99.8,-99.8,-99.8
2025-10-12 21:00:00,949.9,23.4,95.0,0.5,78.0,2.2,76.0,0.0,-99.8,-99.8,-99.8,-99.8,-99.8,-99.8,-99.8
2025-10-12 22:00:00,949.6,23.0,97.0,1.4,94.0,2.3,109.0,0.0,-99.8,-99.8,-99.8,-99.8,-99.8,-99.8,-99.8
2025-10-12 23:00:00,949.6,23.1,92.0,0.4,300.0,2.1,85.0,0.0,-99.8,-99.8,-99.8,-99.8,-99.8,-99.8,-99.8
2025-10-13 00:00:00,949.7,22.4,97.0,0.1,0.0,1.0,291.0,0.0,-99.8,-99.8,-99.8,-99.8,-99.8,-99.8,-99.8
2025-10-13 01:00:00,949.2,22.2,97.0,1.8,98.0,2.7,229.0,0.0,-99.8,-99.8,-99.8,-99.8,-99.8,-99.8,-99.8
2025-10-13 02:00:00,948.8,21.9,92.0,1.7,106.0,3.2,207.0,0.0,-99.8,-99.8,-99.8,-99.8,-99.8,-99.8,-99.8
2025-10-13 03:00:00,948.4,21.6,90.0,1.8,146.0,3.2,125.0,0.0,-99.8,-99.8,-99.8,-99.8,-99.8,-99.8,-99.8
2025-10-13 04:00:00,948.4,21.9,85.0,1.7,192.0,4.8,100.0,0.0,-99.8,-99.8,-99.8,-99.8,-99.8,-99.8,-99.8
2025-10-13 05:00:00,948.6,21.8,83.0,1.5,199.0,3.8,292.0,0.0,-99.8,-99.8,-99.8,-99.8,-99.8,-99.8,-99.8
2025-10-13 06:00:00,949.1,22.0,80.0,1.6,206.0,3.0,274.0,0.0,-99.8,-99.8,-99.8,-99.8,-99.8,-99.8,-99.8
2025-10-13 07:00:00,949.6,22.9,77.0,1.1,173.0,3.3,237.0,0.0,-99.8,-99.8,-99.8,-99.8,-99.8,-99.8,-99.8
2025-10-13 08:00:00,950.0,24.6,72.0,0.3,151.0,2.7,275.0,0.0,-99.8,-99.8,-99.8,-99.8,-99.8,-99.8,-99.8
2025-10-13 09:00:00,950.4,27.4,71.0,1.1,63.0,2.3,83.0,-999.6,-99.8,-99.8,-99.8,-99.8,-99.8,-99.8,-99.8
2025-10-13 10:00:00,950.5,27.9,73.0,0.9,8.0,3.1,54.0,0.0,-99.8,-99.8,-99.8,-99.8,-99.8,-99.8,-99.8
2025-10-13 11:00:00,950.0,28.4,71.0,0.6,4.0,3.5,98.0,0.0,-99.8,-99.8,-99.8,-99.8,-99.8,-99.8,-99.8
2025-10-13 12:00:00,949.4,28.3,76.0,1.1,14.0,4.4,26.0,0.0,-99.8,-99.8,-99.8,-99.8,-99.8,-99.8,-99.8
2025-10-13 13:00:00,948.9,27.3,80.0,1.0,29.0,3.3,55.0,0.0,-99.8,-99.8,-99.8,-99.8,-99.8,-99.8,-99.8
2025-10-13 14:00:00,948.5,28.3,76.0,0.8,1.0,3.1,330.0,0.0,-99.8,-99.8,-99.8,-99.8,-99.8,-99.8,-99.8
2025-10-13 15:00:00,948.5,27.6,79.0,0.3,46.0,2.4,304.0,0.0,-99.8,-99.8,-99.8,-99.8,-99.8,-99.8,-99.8
2025-10-13 16:00:00,948.5,25.5,87.0,0.0,0.0,2.0,82.0,0.0,-99.8,-99.8,-99.8,-99.8,-99.8,-99.8,-99.8
2025-10-13 17:00:00,948.8,24.4,91.0,0.0,0.0,2.2,96.0,0.0,-99.8,-99.8,-99.8,-99.8,-99.8,-99.8,-99.8
2025-10-13 18:00:00,949.0,23.5,94.0,0.2,0.0,1.2,180.0,0.0,-99.8,-99.8,-99.8,-99.8,-99.8,-99.8,-99.8
2025-10-13 19:00:00,949.4,23.3,97.0,0.7,125.0,1.6,93.0,-999.6,-99.8,-99.8,-99.8,-99.8,-99.8,-99.8,-99.8
2025-10-13 20:00:00,949.8,23.3,96.0,0.8,78.0,2.0,76.0,0.0,-99.8,-99.8,-99.8,-99.8,-99.8,-99.8,-99.8
2025-10-13 21:00:00,950.1,23.3,91.0,0.1,0.0,1.0,91.0,0.0,-99.8,-99.8,-99.8,-99.8,-99.8,-99.8,-99.8
2025-10-13 22:00:00,949.9,23.1,91.0,1.7,77.0,2.3,104.0,0.0,-99.8,-99.8,-99.8,-99.8,-99.8,-99.8,-99.8
2025-10-13 23:00:00,949.6,22.6,92.0,0.8,66.0,2.7,82.0,0.0,-99.8,-99.8,-99.8,-99.8,-99.8,-99.8,-99.8
2025-10-14 00:00:00,949.6,22.5,86.0,1.6,74.0,3.5,91.0,0.0,-99.8,-99.8,-99.8,-99.8,-99.8,-99.8,-99.8
2025-10-14 01:00:00,949.0,22.4,83.0,1.6,99.0,3.3,65.0,0.0,-99.8,-99.8,-99.8,-99.8,-99.8,-99.8,-99.8
2025-10-14 02:00:00,948.5,21.9,86.0,0.9,104.0,2.6,223.0,0.0,-99.8,-99.8,-99.8,-99.8,-99.8,-99.8,-99.8
2025-10-14 03:00:00,948.5,21.7,84.0,1.5,101.0,1.9,99.0,-999.6,-99.8,-99.8,-99.8,-99.8,-99.8,-99.8,-99.8
2025-10-14 04:00:00,948.3,21.8,82.0,1.4,149.0,3.1,83.0,0.0,-99.8,-99.8,-99.8,-99.8,-99.8,-99.8,-99.8
2025-10-14 05:00:00,948.8,21.1,85.0,1.1,146.0,2.9,80.0,0.0,-99.8,-99.8,-99.8,-99.8,-99.8,-99.8,-99.8
2025-10-14 06:00:00,949.2,21.3,83.0,1.8,188.0,3.1,105.0,0.0,-99.8,-99.8,-99.8,-99.8,-99.8,-99.8,-99.8
2025-10-14 07:00:00,949.7,22.6,75.0,1.9,153.0,4.0,111.0,0.0,-99.8,-99.8,-99.8,-99.8,-99.8,-99.8,-99.8
2025-10-14 08:00:00,950.2,23.8,77.0,0.2,0.0,2.8,114.0,0.0,-99.8,-99.8,-99.8,-99.8,-99.8,-99.8,-99.8
2025-10-14 09:00:00,950.4,27.0,69.0,1.2,68.0,2.7,91.0,0.0,-99.8,-99.8,-99.8,-99.8,-99.8,-99.8,-99.8
2025-10-14 10:00:00,950.3,27.8,71.0,0.7,23.0,2.6,37.0,0.0,-99.8,-99.8,-99.8,-99.8,-99.8,-99.8,-99.8
2025-10-14 11:00:00,950.0,28.1,74.0,1.2,37.0,5.1,67.0,0.0,-99.8,-99.8,-99.8,-99.8,-99.8,-99.8,-99.8
2025-10-14 12:00:00,949.4,28.3,74.0,0.7,119.0,6.2,101.0,0.0,-99.8,-99.8,-99.8,-99.8,-99.8,-99.8,-99.8
2025-10-14 13:00:00,948.9,28.4,74.0,1.1,40.0,4.6,93.0,0.0,-99.8,-99.8,-99.8,-99.8,-99.8,-99.8,-99.8
2025-10-14 14:00:00,948.4,27.0,77.0,1.7,65.0,5.7,73.0,0.0,-99.8,-99.8,-99.8,-99.8,-99.8,-99.8,-99.8
2025-10-14 15:00:00,948.3,26.0,81.0,0.9,88.0,5.8,89.0,0.0,-99.8,-99.8,-99.8,-99.8,-99.8,-99.8,-99.8
2025-10-14 16:00:00,948.4,24.6,86.0,0.9,113.0,4.9,90.0,0.0,-99.8,-99.8,-99.8,-99.8,-99.8,-99.8,-99.8
2025-10-14 17:00:00,948.9,24.0,87.0,0.8,104.0,3.8,92.0,0.0,-99.8,-99.8,-99.8,-99.8,-99.8,-99.8,-99.8
2025-10-14 18:00:00,949.2,23.6,90.0,0.0,0.0,2.2,62.0,-999.6,-99.8,-99.8,-99.8,-99.8,-99.8,-99.8,-99.8
2025-10-14 19:00:00,949.6,23.3,92.0,0.0,0.0,2.7,138.0,0.0,-99.8,-99.8,-99.8,-99.8,-99.8,-99.8,-99.8
2025-10-14 20:00:00,950.1,23.1,97.0,0.2,0.0,1.5,97.0,0.0,-99.8,-99.8,-99.8,-99.8,-99.8,-99.8,-99.8
2025-10-14 21:00:00,950.2,23.0,94.0,0.1,0.0,1.6,101.0,0.0,-99.8,-99.8,-99.8,-99.8,-99.8,-99.8,-99.8
2025-10-14 22:00:00,950.2,22.8,96.0,0.0,0.0,1.6,89.0,0.0,-99.8,-99.8,-99.8,-99.8,-99.8,-99.8,-99.8
2025-10-14 23:00:00,950.0,22.6,95.0,0.0,0.0,1.1,100.0,0.0,-99.8,-99.8,-99.8,-99.8,-99.8,-99.8,-99.8
2025-10-15 00:00:00,949.9,22.9,92.0,0.1,0.0,1.6,234.0,0.0,-99.8,-99.8,-99.8,-99.8,-99.8,-99.8,-99.8
2025-10-15 01:00:00,949.4,22.7,94.0,0.0,0.0,1.9,140.0,0.0,-99.8,-99.8,-99.8,-99.8,-99.8,-99.8,-99.8
2025-10-15 02:00:00,949.2,22.6,94.0,0.1,0.0,1.5,85.0,0.0,-99.8,-99.8,-99.8,-99.8,-99.8,-99.8,-99.8
2025-10-15 03:00:00,948.9,22.0,96.0,0.0,0.0,1.2,86.0,0.0,-99.8,-99.8,-99.8,-99.8,-99.8,-99.8,-99.8
2025-10-15 04:00:00,948.7,21.8,91.0,1.5,90.0,2.2,83.0,0.0,-99.8,-99.8,-99.8,-99.8,-99.8,-99.8,-99.8
2025-10-15 05:00:00,949.1,21.5,91.0,0.5,93.0,2.3,79.0,0.0,-99.8,-99.8,-99.8,-99.8,-99.8,-99.8,-99.8
2025-10-15 06:00:00,949.3,21.3,88.0,1.5,47.0,3.3,76.0,0.0,-99.8,-99.8,-99.8,-99.8,-99.8,-99.8,-99.8
2025-10-15 07:00:00,949.9,22.1,85.0,1.0,81.0,3.7,305.0,0.0,-99.8,-99.8,-99.8,-99.8,-99.8,-99.8,-99.8
2025-10-15 08:00:00,950.3,23.6,78.0,0.2,0.0,1.3,335.0,0.0,-99.8,-99.8,-99.8,-99.8,-99.8,-99.8,-99.8
2025-10-15 09:00:00,950.1,26.3,72.0,0.5,46.0,1.9,77.0,0.0,-99.8,-99.8,-99.8,-99.8,-99.8,-99.8,-99.8
2025-10-15 10:00:00,950.2,26.0,77.0,0.3,33.0,2.3,34.0,0.0,-99.8,-99.8,-99.8,-99.8,-99.8,-99.8,-99.8
2025-10-15 11:00:00,949.8,25.6,81.0,1.1,66.0,4.1,138.0,0.0,-99.8,-99.8,-99.8,-99.8,-99.8,-99.8,-99.8
2025-10-15 12:00:00,948.9,26.3,78.0,1.1,101.0,4.5,81.0,0.0,-99.8,-99.8,-99.8,-99.8,-99.8,-99.8,-99.8
2025-10-15 13:00:00,948.5,25.9,79.0,1.2,116.0,4.2,111.0,0.0,-99.8,-99.8,-99.8,-99.8,-99.8,-99.8,-99.8
2025-10-15 14:00:00,948.2,26.5,76.0,1.1,70.0,4.4,90.0,0.0,-99.8,-99.8,-99.8,-99.8,-99.8,-99.8,-99.8
2025-10-15 15:00:00,948.2,25.1,80.0,0.7,106.0,3.5,80.0,0.0,-99.8,-99.8,-99.8,-99.8,-99.8,-99.8,-99.8
2025-10-15 16:00:00,948.4,24.2,85.0,0.9,128.0,4.5,69.0,0.0,-99.8,-99.8,-99.8,-99.8,-99.8,-99.8,-99.8
2025-10-15 17:00:00,948.5,23.5,91.0,0.1,0.0,1.9,97.0,0.0,-99.8,-99.8,-99.8,-99.8,-99.8,-99.8,-99.8
2025-10-15 18:00:00,949.0,22.7,93.0,0.7,182.0,1.6,180.0,0.0,-99.8,-99.8,-99.8,-99.8,-99.8,-99.8,-99.8
2025-10-15 19:00:00,949.5,22.9,93.0,0.0,0.0,1.3,181.0,0.0,-99.8,-99.8,-99.8,-99.8,-99.8,-99.8,-99.8
2025-10-15 20:00:00,950.1,22.8,94.0,0.3,123.0,1.3,101.0,0.0,-99.8,-99.8,-99.8,-99.8,-99.8,-99.8,-99.8
2025-10-15 21:00:00,950.4,22.8,91.0,0.0,0.0,1.1,122.0,0.0,-99.8,-99.8,-99.8,-99.8,-99.8,-99.8,-99.8
2025-10-15 22:00:00,950.5,22.7,87.0,0.0,0.0,0.7,217.0,0.0,-99.8,-99.8,-99.8,-99.8,-99.8,-99.8,-99.8
2025-10-15 23:00:00,950.4,22.4,92.0,0.0,0.0,0.5,123.0,0.0,-99.8,-99.8,-99.8,-99.8,-99.8,-99.8,-99.8
2025-10-16 00:00:00,950.2,22.4,91.0,0.1,0.0,1.2,228.0,0.0,-99.8,-99.8,-99.8,-99.8,-99.8,-99.8,-99.8
2025-10-16 01:00:00,949.9,21.9,91.0,0.5,73.0,1.1,64.0,0.0,-99.8,-99.8,-99.8,-99.8,-99.8,-99.8,-99.8
2025-10-16 02:00:00,949.5,22.1,90.0,0.8,83.0,1.9,96.0,0.0,-99.8,-99.8,-99.8,-99.8,-99.8,-99.8,-99.8
2025-10-16 03:00:00,949.2,22.0,91.0,1.1,90.0,2.0,83.0,0.0,-99.8,-99.8,-99.8,-99.8,-99.8,-99.8,-99.8
2025-10-16 04:00:00,949.0,21.6,91.0,1.5,89.0,2.6,285.0,0.0,-99.8,-99.8,-99.8,-99.8,-99.8,-99.8,-99.8
2025-10-16 05:00:00,949.3,21.7,81.0,1.1,327.0,3.4,101.0,0.0,-99.8,-99.8,-99.8,-99.8,-99.8,-99.8,-99.8
2025-10-16 06:00:00,949.7,21.5,80.0,2.2,86.0,3.7,63.0,0.0,-99.8,-99.8,-99.8,-99.8,-99.8,-99.8,-99.8
2025-10-16 07:00:00,950.1,21.9,79.0,1.9,115.0,3.3,76.0,0.0,-99.8,-99.8,-99.8,-99.8,-99.8,-99.8,-99.8
2025-10-16 08:00:00,950.5,23.2,72.0,1.0,164.0,2.7,263.0,0.0,-99.8,-99.8,-99.8,-99.8,-99.8,-99.8,-99.8
2025-10-16 09:00:00,950.5,27.4,61.0,0.1,0.0,1.0,306.0,0.0,-99.8,-99.8,-99.8,-99.8,-99.8,-99.8,-99.8
2025-10-16 10:00:00,950.8,28.1,64.0,0.5,357.0,4.2,104.0,0.0,-99.8,-99.8,-99.8,-99.8,-99.8,-99.8,-99.8
2025-10-16 11:00:00,950.5,27.5,64.0,1.2,58.0,4.3,80.0,0.0,-99.8,-99.8,-99.8,-99.8,-99.8,-99.8,-99.8
2025-10-16 12:00:00,950.1,28.5,56.0,1.3,102.0,5.3,81.0,0.0,-99.8,-99.8,-99.8,-99.8,-99.8,-99.8,-99.8
2025-10-16 13:00:00,949.8,28.0,58.0,1.3,112.0,6.1,95.0,0.0,-99.8,-99.8,-99.8,-99.8,-99.8,-99.8,-99.8
2025-10-16 14:00:00,949.2,27.8,63.0,1.3,93.0,5.5,108.0,0.0,-99.8,-99.8,-99.8,-99.8,-99.8,-99.8,-99.8
2025-10-16 15:00:00,949.3,26.6,70.0,0.6,99.0,4.4,82.0,0.0,-99.8,-99.8,-99.8,-99.8,-99.8,-99.8,-99.8
2025-10-16 16:00:00,949.4,24.8,80.0,0.3,171.0,2.3,101.0,-999.6,-99.8,-99.8,-99.8,-99.8,-99.8,-99.8,-99.8
2025-10-16 17:00:00,949.4,23.9,85.0,0.0,0.0,1.4,162.0,0.0,-99.8,-99.8,-99.8,-99.8,-99.8,-99.8,-99.8
2025-10-16 18:00:00,949.8,23.2,86.0,0.2,0.0,1.3,169.0,0.0,-99.8,-99.8,-99.8,-99.8,-99.8,-99.8,-99.8
2025-10-16 19:00:00,950.2,22.8,90.0,0.3,87.0,2.1,62.0,0.0,-99.8,-99.8,-99.8,-99.8,-99.8,-99.8,-99.8
2025-10-16 20:00:00,950.8,22.7,87.0,0.6,214.0,2.3,144.0,0.0,-99.8,-99.8,-99.8,-99.8,-99.8,-99.8,-99.8
2025-10-16 21:00:00,951.4,22.3,87.0,0.0,0.0,1.7,95.0,0.0,-99.8,-99.8,-99.8,-99.8,-99.8,-99.8,-99.8
2025-10-16 22:00:00,951.5,22.6,85.0,0.3,161.0,1.9,96.0,0.0,-99.8,-99.8,-99.8,-99.8,-99.8,-99.8,-99.8
2025-10-16 23:00:00,951.3,22.2,88.0,1.4,76.0,2.5,58.0,0.0,-99.8,-99.8,-99.8,-99.8,-99.8,-99.8,-99.8
2025-10-17 00:00:00,951.0,22.0,84.0,1.5,86.0,3.3,63.0,0.0,-99.8,-99.8,-99.8,-99.8,-99.8,-99.8,-99.8
2025-10-17 01:00:00,950.7,22.0,85.0,0.9,38.0,2.9,83.0,0.0,-99.8,-99.8,-99.8,-99.8,-99.8,-99.8,-99.8
2025-10-17 02:00:00,950.4,21.8,84.0,1.9,91.0,3.2,66.0,0.0,-99.8,-99.8,-99.8,-99.8,-99.8,-99.8,-99.8
2025-10-17 03:00:00,950.1,22.3,81.0,0.8,100.0,3.1,218.0,0.0,-99.8,-99.8,-99.8,-99.8,-99.8,-99.8,-99.8
2025-10-17 04:00:00,949.9,22.0,79.0,1.6,115.0,3.0,113.0,0.0,-99.8,-99.8,-99.8,-99.8,-99.8,-99.8,-99.8
2025-10-17 05:00:00,949.9,21.9,81.0,0.9,289.0,3.0,78.0,0.0,-99.8,-99.8,-99.8,-99.8,-99.8,-99.8,-99.8
2025-10-17 06:00:00,950.8,21.9,81.0,1.3,113.0,3.3,65.0,0.0,-99.8,-99.8,-99.8,-99.8,-99.8,-99.8,-99.8
2025-10-17 07:00:00,951.2,23.5,76.0,0.2,0.0,3.2,99.0,0.0,-99.8,-99.8,-99.8,-99.8,-99.8,-99.8,-99.8
2025-10-17 08:00:00,951.6,23.6,75.0,1.5,120.0,2.6,88.0,0.0,-99.8,-99.8,-99.8,-99.8,-99.8,-99.8,-99.8
2025-10-17 09:00:00,952.1,23.7,76.0,0.2,0.0,2.2,94.0,0.0,-99.8,-99.8,-99.8,-99.8,-99.8,-99.8,-99.8
2025-10-17 10:00:00,951.7,24.6,76.0,0.4,240.0,1.7,115.0,0.0,-99.8,-99.8,-99.8,-99.8,-99.8,-99.8,-99.8
2025-10-17 11:00:00,951.2,25.6,76.0,0.5,91.0,1.6,94.0,0.0,-99.8,-99.8,-99.8,-99.8,-99.8,-99.8,-99.8
2025-10-17 12:00:00,950.2,25.9,79.0,0.2,0.0,1.3,80.0,0.0,-99.8,-99.8,-99.8,-99.8,-99.8,-99.8,-99.8
2025-10-17 13:00:00,949.4,26.6,72.0,0.3,160.0,1.8,293.0,0.0,-99.8,-99.8,-99.8,-99.8,-99.8,-99.8,-99.8
2025-10-17 14:00:00,949.1,26.2,77.0,0.2,0.0,2.3,137.0,0.0,-99.8,-99.8,-99.8,-99.8,-99.8,-99.8,-99.8
2025-10-17 15:00:00,948.7,26.3,75.0,0.3,81.0,3.3,56.0,0.0,-99.8,-99.8,-99.8,-99.8,-99.8,-99.8,-99.8
2025-10-17 16:00:00,948.8,25.2,81.0,0.6,115.0,4.4,82.0,0.0,-99.8,-99.8,-99.8,-99.8,-99.8,-99.8,-99.8
2025-10-17 17:00:00,949.3,24.2,86.0,0.4,170.0,3.7,83.0,0.0,-99.8,-99.8,-99.8,-99.8,-99.8,-99.8,-99.8
2025-10-17 18:00:00,949.7,23.5,91.0,0.0,0.0,1.7,139.0,0.0,-99.8,-99.8,-99.8,-99.8,-99.8,-99.8,-99.8
2025-10-17 19:00:00,950.1,23.3,91.0,0.0,0.0,0.7,156.0,0.0,-99.8,-99.8,-99.8,-99.8,-99.8,-99.8,-99.8
2025-10-17 20:00:00,950.6,23.1,92.0,0.0,0.0,0.8,114.0,0.0,-99.8,-99.8,-99.8,-99.8,-99.8,-99.8,-99.8
2025-10-17 21:00:00,950.8,23.1,92.0,0.4,96.0,1.3,228.0,0.0,-99.8,-99.8,-99.8,-99.8,-99.8,-99.8,-99.8
2025-10-17 22:00:00,950.7,22.9,90.0,0.1,0.0,1.8,164.0,0.0,-99.8,-99.8,-99.8,-99.8,-99.8,-99.8,-99.8
2025-10-17 23:00:00,950.1,22.6,90.0,0.1,0.0,1.7,64.0,0.0,-99.8,-99.8,-99.8,-99.8,-99.8,-99.8,-99.8
2025-10-18 00:00:00,949.8,22.4,92.0,0.4,307.0,2.1,62.0,0.0,-99.8,-99.8,-99.8,-99.8,-99.8,-99.8,-99.8
2025-10-18 01:00:00,949.3,22.2,92.0,1.3,58.0,2.5,65.0,0.0,-99.8,-99.8,-99.8,-99.8,-99.8,-99.8,-99.8
2025-10-18 02:00:00,948.8,21.6,89.0,1.2,103.0,3.0,65.0,0.0,-99.8,-99.8,-99.8,-99.8,-99.8,-99.8,-99.8
2025-10-18 03:00:00,948.5,21.5,86.0,1.2,105.0,3.2,199.0,0.0,-99.8,-99.8,-99.8,-99.8,-99.8,-99.8,-99.8
2025-10-18 04:00:00,948.3,21.1,86.0,1.5,109.0,3.8,103.0,0.0,-99.8,-99.8,-99.8,-99.8,-99.8,-99.8,-99.8
2025-10-18 05:00:00,948.5,21.0,84.0,2.4,146.0,4.8,76.0,0.0,-99.8,-99.8,-99.8,-99.8,-99.8,-99.8,-99.8
2025-10-18 06:00:00,948.8,21.0,82.0,2.2,118.0,4.2,89.0,0.0,-99.8,-99.8,-99.8,-99.8,-99.8,-99.8,-99.8
2025-10-18 07:00:00,949.4,21.7,77.0,2.5,134.0,4.6,83.0,0.0,-99.8,-99.8,-99.8,-99.8,-99.8,-99.8,-99.8
2025-10-18 08:00:00,950.1,23.2,73.0,0.8,198.0,4.2,103.0,0.0,-99.8,-99.8,-99.8,-99.8,-99.8,-99.8,-99.8
2025-10-18 09:00:00,950.1,27.7,63.0,0.1,0.0,3.1,133.0,0.0,-99.8,-99.8,-99.8,-99.8,-99.8,-99.8,-99.8
2025-10-18 10:00:00,950.3,28.2,66.0,0.7,3.0,3.0,91.0,0.0,-99.8,-99.8,-99.8,-99.8,-99.8,-99.8,-99.8
2025-10-18 11:00:00,950.2,27.6,71.0,0.5,19.0,3.8,95.0,0.0,-99.8,-99.8,-99.8,-99.8,-99.8,-99.8,-99.8
2025-10-18 12:00:00,949.5,28.8,70.0,0.8,19.0,3.9,25.0,0.0,-99.8,-99.8,-99.8,-99.8,-99.8,-99.8,-99.8
2025-10-18 13:00:00,948.8,29.0,68.0,0.9,53.0,4.0,95.0,0.0,-99.8,-99.8,-99.8,-99.8,-99.8,-99.8,-99.8
2025-10-18 14:00:00,948.5,28.4,69.0,1.0,41.0,4.5,94.0,0.0,-99.8,-99.8,-99.8,-99.8,-99.8,-99.8,-99.8
2025-10-18 15:00:00,948.6,27.4,73.0,0.4,315.0,3.4,101.0,0.0,-99.8,-99.8,-99.8,-99.8,-99.8,-99.8,-99.8
2025-10-18 16:00:00,948.9,28.3,65.0,0.1,0.0,3.1,68.0,0.0,-99.8,-99.8,-99.8,-99.8,-99.8,-99.8,-99.8
2025-10-18 17:00:00,949.4,24.2,78.0,0.2,0.0,2.9,48.0,0.0,-99.8,-99.8,-99.8,-99.8,-99.8,-99.8,-99.8
2025-10-18 18:00:00,949.4,24.0,77.0,0.6,203.0,1.9,231.0,0.0,-99.8,-99.8,-99.8,-99.8,-99.8,-99.8,-99.8
2025-10-18 19:00:00,949.8,23.2,81.0,0.3,114.0,1.9,68.0,0.0,-99.8,-99.8,-99.8,-99.8,-99.8,-99.8,-99.8
2025-10-18 20:00:00,950.1,22.7,84.0,1.3,75.0,2.5,64.0,0.0,-99.8,-99.8,-99.8,-99.8,-99.8,-99.8,-99.8
2025-10-18 21:00:00,950.6,22.8,82.0,1.5,85.0,2.2,64.0,0.0,-99.8,-99.8,-99.8,-99.8,-99.8,-99.8,-99.8
2025-10-18 22:00:00,951.1,22.0,85.0,0.3,147.0,2.7,87.0,0.0,-99.8,-99.8,-99.8,-99.8,-99.8,-99.8,-99.8
2025-10-18 23:00:00,950.6,20.9,95.0,1.0,172.0,2.9,229.0,0.0,-99.8,-99.8,-99.8,-99.8,-99.8,-99.8,-99.8
2025-10-19 00:00:00,950.7,20.8,94.0,0.2,0.0,4.1,102.0,1.5,-99.8,-99.8,-99.8,-99.8,-99.8,-99.8,-99.8
2025-10-19 01:00:00,950.0,20.2,99.0,1.1,117.0,3.0,68.0,1.0,-99.8,-99.8,-99.8,-99.8,-99.8,-99.8,-99.8
2025-10-19 02:00:00,949.0,20.1,99.0,2.1,95.0,4.2,115.0,0.0,-99.8,-99.8,-99.8,-99.8,-99.8,-99.8,-99.8
2025-10-19 03:00:00,947.9,20.3,94.0,1.2,122.0,4.5,190.0,0.0,-99.8,-99.8,-99.8,-99.8,-99.8,-99.8,-99.8
2025-10-19 04:00:00,948.5,20.0,98.0,2.0,118.0,3.6,94.0,0.5,-99.8,-99.8,-99.8,-99.8,-99.8,-99.8,-99.8
2025-10-19 05:00:00,948.1,19.9,96.0,2.9,138.0,6.0,146.0,0.0,-99.8,-99.8,-99.8,-99.8,-99.8,-99.8,-99.8
2025-10-19 06:00:00,947.9,20.3,92.0,1.4,107.0,3.5,82.0,0.0,-99.8,-99.8,-99.8,-99.8,-99.8,-99.8,-99.8
2025-10-19 07:00:00,949.3,20.5,92.0,2.0,121.0,3.2,152.0,0.0,-99.8,-99.8,-99.8,-99.8,-99.8,-99.8,-99.8
2025-10-19 08:00:00,949.3,21.8,85.0,1.9,141.0,3.8,91.0,0.0,-99.8,-99.8,-99.8,-99.8,-99.8,-99.8,-99.8
2025-10-19 09:00:00,950.0,22.8,84.0,0.5,224.0,1.9,139.0,0.0,-99.8,-99.8,-99.8,-99.8,-99.8,-99.8,-99.8
2025-10-19 10:00:00,950.4,21.4,95.0,0.8,128.0,3.2,149.0,9.0,-99.8,-99.8,-99.8,-99.8,-99.8,-99.8,-99.8
2025-10-19 11:00:00,950.8,20.1,100.0,0.8,324.0,6.1,114.0,20.5,-99.8,-99.8,-99.8,-99.8,-99.8,-99.8,-99.8
2025-10-19 12:00:00,949.3,20.4,98.0,2.0,97.0,3.5,52.0,3.0,-99.8,-99.8,-99.8,-99.8,-99.8,-99.8,-99.8
2025-10-19 13:00:00,947.3,21.0,92.0,1.9,132.0,4.8,94.0,0.0,-99.8,-99.8,-99.8,-99.8,-99.8,-99.8,-99.8
2025-10-19 14:00:00,946.4,21.9,90.0,1.5,116.0,2.6,86.0,0.0,-99.8,-99.8,-99.8,-99.8,-99.8,-99.8,-99.8
2025-10-19 15:00:00,946.9,22.9,83.0,0.6,126.0,2.7,99.0,0.0,-99.8,-99.8,-99.8,-99.8,-99.8,-99.8,-99.8
2025-10-19 16:00:00,947.9,22.3,94.0,0.1,0.0,1.6,71.0,0.0,-99.8,-99.8,-99.8,-99.8,-99.8,-99.8,-99.8
2025-10-19 17:00:00,948.1,21.9,93.0,0.5,98.0,1.9,98.0,0.0,-99.8,-99.8,-99.8,-99.8,-99.8,-99.8,-99.8
2025-10-19 18:00:00,948.1,21.3,93.0,1.4,110.0,2.2,72.0,0.0,-99.8,-99.8,-99.8,-99.8,-99.8,-99.8,-99.8
2025-10-19 19:00:00,948.5,21.5,91.0,1.4,113.0,3.5,99.0,0.0,-99.8,-99.8,-99.8,-99.8,-99.8,-99.8,-99.8
2025-10-19 20:00:00,949.1,21.5,90.0,1.9,108.0,3.3,84.0,0.0,-99.8,-99.8,-99.8,-99.8,-99.8,-99.8,-99.8
2025-10-19 21:00:00,949.3,21.5,87.0,2.4,154.0,4.3,142.0,0.0,-99.8,-99.8,-99.8,-99.8,-99.8,-99.8,-99.8
2025-10-19 22:00:00,949.1,21.3,90.0,1.9,117.0,3.7,81.0,0.0,-99.8,-99.8,-99.8,-99.8,-99.8,-99.8,-99.8
2025-10-19 23:00:00,948.7,21.4,87.0,1.0,150.0,3.3,178.0,0.0,-99.8,-99.8,-99.8,-99.8,-99.8,-99.8,-99.8
2025-10-20 00:00:00,948.7,20.9,91.0,0.0,0.0,2.3,167.0,0.0,-99.8,-99.8,-99.8,-99.8,-99.8,-99.8,-99.8
2025-10-20 01:00:00,948.5,20.2,96.0,0.0,0.0,0.7,115.0,1.5,-99.8,-99.8,-99.8,-99.8,-99.8,-99.8,-99.8
2025-10-20 02:00:00,948.0,19.7,99.0,1.8,110.0,3.5,119.0,0.5,-99.8,-99.8,-99.8,-99.8,-99.8,-99.8,-99.8
2025-10-20 03:00:00,947.4,19.8,99.0,2.0,143.0,3.6,233.0,0.0,-99.8,-99.8,-99.8,-99.8,-99.8,-99.8,-99.8
2025-10-20 04:00:00,947.3,20.1,96.0,0.7,187.0,2.7,259.0,0.5,-99.8,-99.8,-99.8,-99.8,-99.8,-99.8,-99.8
2025-10-20 05:00:00,947.3,20.3,93.0,1.5,169.0,3.2,88.0,0.0,-99.8,-99.8,-99.8,-99.8,-99.8,-99.8,-99.8
2025-10-20 06:00:00,947.5,20.1,96.0,2.3,213.0,3.8,91.0,0.0,-99.8,-99.8,-99.8,-99.8,-99.8,-99.8,-99.8
2025-10-20 07:00:00,948.2,21.0,90.0,1.5,247.0,4.4,231.0,0.0,-99.8,-99.8,-99.8,-99.8,-99.8,-99.8,-99.8
2025-10-20 08:00:00,948.5,21.5,89.0,2.0,187.0,3.8,88.0,0.0,-99.8,-99.8,-99.8,-99.8,-99.8,-99.8,-99.8
2025-10-20 09:00:00,948.9,25.5,81.0,1.3,90.0,3.5,242.0,0.0,-99.8,-99.8,-99.8,-99.8,-99.8,-99.8,-99.8
2025-10-20 10:00:00,948.7,25.4,79.0,0.9,77.0,2.1,103.0,0.0,-99.8,-99.8,-99.8,-99.8,-99.8,-99.8,-99.8
2025-10-20 11:00:00,948.1,25.2,83.0,0.7,54.0,2.7,86.0,0.0,-99.8,-99.8,-99.8,-99.8,-99.8,-99.8,-99.8
2025-10-20 12:00:00,947.2,26.1,81.0,1.1,55.0,3.2,96.0,0.0,-99.8,-99.8,-99.8,-99.8,-99.8,-99.8,-99.8
2025-10-20 13:00:00,946.6,24.2,92.0,0.4,63.0,2.9,104.0,0.0,-99.8,-99.8,-99.8,-99.8,-99.8,-99.8,-99.8
2025-10-20 14:00:00,945.6,24.8,91.0,1.0,272.0,2.3,92.0,1.0,-99.8,-99.8,-99.8,-99.8,-99.8,-99.8,-99.8
2025-10-20 15:00:00,945.5,24.4,89.0,0.5,29.0,1.9,21.0,0.0,-99.8,-99.8,-99.8,-99.8,-99.8,-99.8,-99.8
2025-10-20 16:00:00,945.9,22.3,98.0,0.0,0.0,3.6,76.0,1.0,-99.8,-99.8,-99.8,-99.8,-99.8,-99.8,-99.8
2025-10-20 17:00:00,946.3,21.6,99.0,0.3,220.0,1.6,33.0,2.0,-99.8,-99.8,-99.8,-99.8,-99.8,-99.8,-99.8
2025-10-20 18:00:00,946.7,21.5,100.0,0.1,0.0,1.9,87.0,5.0,-99.8,-99.8,-99.8,-99.8,-99.8,-99.8,-99.8
2025-10-20 19:00:00,947.2,21.3,100.0,0.8,134.0,2.2,227.0,19.0,-99.8,-99.8,-99.8,-99.8,-99.8,-99.8,-99.8
2025-10-20 20:00:00,948.4,21.1,100.0,0.2,0.0,2.5,91.0,28.0,-99.8,-99.8,-99.8,-99.8,-99.8,-99.8,-99.8
2025-10-20 21:00:00,948.8,21.0,100.0,2.0,169.0,3.8,222.0,15.5,-99.8,-99.8,-99.8,-99.8,-99.8,-99.8,-99.8
2025-10-20 22:00:00,948.9,20.6,100.0,1.8,112.0,4.4,70.0,11.0,-99.8,-99.8,-99.8,-99.8,-99.8,-99.8,-99.8
2025-10-20 23:00:00,948.8,20.5,100.0,2.3,154.0,4.8,226.0,8.0,-99.8,-99.8,-99.8,-99.8,-99.8,-99.8,-99.8
2025-10-21 00:00:00,948.7,20.4,100.0,2.4,153.0,4.4,130.0,4.5,-99.8,-99.8,-99.8,-99.8,-99.8,-99.8,-99.8
2025-10-21 01:00:00,948.3,20.3,100.0,2.1,212.0,4.3,92.0,3.0,-99.8,-99.8,-99.8,-99.8,-99.8,-99.8,-99.8
2025-10-21 02:00:00,948.0,20.2,100.0,2.2,228.0,4.4,77.0,2.0,-99.8,-99.8,-99.8,-99.8,-99.8,-99.8,-99.8
2025-10-21 03:00:00,947.7,20.1,100.0,2.1,240.0,5.5,100.0,3.0,-99.8,-99.8,-99.8,-99.8,-99.8,-99.8,-99.8
2025-10-21 04:00:00,947.7,19.9,100.0,1.7,254.0,4.6,81.0,1.5,-99.8,-99.8,-99.8,-99.8,-99.8,-99.8,-99.8
2025-10-21 05:00:00,947.8,19.8,100.0,1.4,250.0,4.8,231.0,3.5,-99.8,-99.8,-99.8,-99.8,-99.8,-99.8,-99.8
2025-10-21 06:00:00,947.9,19.4,100.0,1.7,235.0,5.0,169.0,2.0,-99.8,-99.8,-99.8,-99.8,-99.8,-99.8,-99.8
2025-10-21 07:00:00,947.9,19.5,100.0,2.9,229.0,4.9,280.0,0.5,-99.8,-99.8,-99.8,-99.8,-99.8,-99.8,-99.8
2025-10-21 08:00:00,948.3,20.1,97.0,3.4,208.0,5.9,75.0,0.0,-99.8,-99.8,-99.8,-99.8,-99.8,-99.8,-99.8
2025-10-21 09:00:00,948.6,21.1,90.0,3.3,235.0,6.9,93.0,0.0,-99.8,-99.8,-99.8,-99.8,-99.8,-99.8,-99.8
2025-10-21 10:00:00,948.6,22.4,79.0,2.4,213.0,6.6,226.0,0.0,-99.8,-99.8,-99.8,-99.8,-99.8,-99.8,-99.8
2025-10-21 11:00:00,948.3,20.9,95.0,2.7,212.0,6.2,183.0,0.0,-99.8,-99.8,-99.8,-99.8,-99.8,-99.8,-99.8
2025-10-21 12:00:00,947.6,20.8,99.0,2.4,238.0,5.0,86.0,0.5,-99.8,-99.8,-99.8,-99.8,-99.8,-99.8,-99.8
2025-10-21 13:00:00,946.7,20.6,98.0,3.5,220.0,6.1,254.0,1.0,-99.8,-99.8,-99.8,-99.8,-99.8,-99.8,-99.8
2025-10-21 14:00:00,946.0,22.3,80.0,3.3,199.0,8.5,62.0,0.0,-99.8,-99.8,-99.8,-99.8,-99.8,-99.8,-99.8
2025-10-21 15:00:00,946.0,22.5,76.0,3.8,173.0,8.4,77.0,0.0,-99.8,-99.8,-99.8,-99.8,-99.8,-99.8,-99.8
2025-10-21 16:00:00,945.7,21.9,86.0,4.1,171.0,7.8,86.0,0.0,-99.8,-99.8,-99.8,-99.8,-99.8,-99.8,-99.8
2025-10-21 17:00:00,946.1,22.4,77.0,3.6,204.0,7.4,273.0,0.0,-99.8,-99.8,-99.8,-99.8,-99.8,-99.8,-99.8
2025-10-21 18:00:00,946.2,22.4,76.0,3.3,192.0,7.3,269.0,0.0,-99.8,-99.8,-99.8,-99.8,-99.8,-99.8,-99.8
2025-10-21 19:00:00,947.0,22.5,74.0,3.0,191.0,6.7,221.0,0.0,-99.8,-99.8,-99.8,-99.8,-99.8,-99.8,-99.8
2025-10-21 20:00:00,948.3,22.2,77.0,2.4,173.0,5.4,226.0,0.0,-99.8,-99.8,-99.8,-99.8,-99.8,-99.8,-99.8
2025-10-21 21:00:00,948.6,20.4,91.0,1.8,180.0,8.2,239.0,1.5,-99.8,-99.8,-99.8,-99.8,-99.8,-99.8,-99.8
2025-10-21 22:00:00,948.3,19.9,94.0,3.0,177.0,6.4,191.0,0.5,-99.8,-99.8,-99.8,-99.8,-99.8,-99.8,-99.8
2025-10-21 23:00:00,948.3,19.8,95.0,3.0,227.0,6.5,196.0,1.0,-99.8,-99.8,-99.8,-99.8,-99.8,-99.8,-99.8
2025-10-22 00:00:00,947.9,19.7,96.0,3.3,176.0,5.8,127.0,0.5,-99.8,-99.8,-99.8,-99.8,-99.8,-99.8,-99.8
2025-10-22 01:00:00,947.5,19.8,95.0,3.4,252.0,6.5,276.0,0.5,-99.8,-99.8,-99.8,-99.8,-99.8,-99.8,-99.8
2025-10-22 02:00:00,947.2,19.5,98.0,3.4,247.0,6.0,239.0,0.0,-99.8,-99.8,-99.8,-99.8,-99.8,-99.8,-99.8
2025-10-22 03:00:00,947.0,19.8,96.0,3.6,250.0,6.8,252.0,0.5,-99.8,-99.8,-99.8,-99.8,-99.8,-99.8,-99.8
2025-10-22 04:00:00,946.8,19.8,97.0,3.0,247.0,5.9,244.0,0.0,-99.8,-99.8,-99.8,-99.8,-99.8,-99.8,-99.8
2025-10-22 05:00:00,947.3,20.0,95.0,2.4,266.0,5.9,249.0,0.0,-99.8,-99.8,-99.8,-99.8,-99.8,-99.8,-99.8
2025-10-22 06:00:00,947.8,19.5,100.0,2.4,260.0,5.1,243.0,4.0,-99.8,-99.8,-99.8,-99.8,-99.8,-99.8,-99.8
2025-10-22 07:00:00,948.3,19.6,99.0,2.5,245.0,5.5,301.0,3.5,-99.8,-99.8,-99.8,-99.8,-99.8,-99.8,-99.8
2025-10-22 08:00:00,949.0,19.9,99.0,3.0,256.0,5.1,220.0,2.5,-99.8,-99.8,-99.8,-99.8,-99.8,-99.8,-99.8
2025-10-22 09:00:00,949.3,20.1,99.0,2.4,206.0,4.9,251.0,1.5,-99.8,-99.8,-99.8,-99.8,-99.8,-99.8,-99.8
2025-10-22 10:00:00,949.3,20.5,100.0,2.3,218.0,5.2,240.0,0.0,-99.8,-99.8,-99.8,-99.8,-99.8,-99.8,-99.8
2025-10-22 11:00:00,949.0,20.6,94.0,2.5,214.0,8.3,239.0,5.5,-99.8,-99.8,-99.8,-99.8,-99.8,-99.8,-99.8
2025-10-22 12:00:00,948.3,20.5,95.0,1.8,218.0,6.3,108.0,5.0,-99.8,-99.8,-99.8,-99.8,-99.8,-99.8,-99.8
2025-10-22 13:00:00,948.0,20.5,98.0,1.9,223.0,5.1,168.0,2.0,-99.8,-99.8,-99.8,-99.8,-99.8,-99.8,-99.8
2025-10-22 14:00:00,947.7,20.3,98.0,1.7,219.0,4.4,268.0,3.0,-99.8,-99.8,-99.8,-99.8,-99.8,-99.8,-99.8
2025-10-22 15:00:00,948.0,20.1,99.0,1.9,209.0,3.8,128.0,5.0,-99.8,-99.8,-99.8,-99.8,-99.8,-99.8,-99.8
2025-10-22 16:00:00,948.6,19.8,100.0,1.9,254.0,4.1,268.0,5.0,-99.8,-99.8,-99.8,-99.8,-99.8,-99.8,-99.8
2025-10-22 17:00:00,948.5,19.5,100.0,2.2,218.0,4.4,248.0,3.0,-99.8,-99.8,-99.8,-99.8,-99.8,-99.8,-99.8
2025-10-22 18:00:00,949.0,20.0,95.0,2.0,248.0,4.7,203.0,0.0,-99.8,-99.8,-99.8,-99.8,-99.8,-99.8,-99.8
2025-10-22 19:00:00,949.6,19.3,98.0,1.7,237.0,4.1,144.0,1.5,-99.8,-99.8,-99.8,-99.8,-99.8,-99.8,-99.8
2025-10-22 20:00:00,950.6,19.2,100.0,2.2,235.0,4.3,238.0,1.5,-99.8,-99.8,-99.8,-99.8,-99.8,-99.8,-99.8
2025-10-22 21:00:00,950.5,19.1,100.0,3.0,249.0,5.0,209.0,1.5,-99.8,-99.8,-99.8,-99.8,-99.8,-99.8,-99.8
2025-10-22 22:00:00,950.7,19.3,98.0,3.0,247.0,5.5,234.0,0.5,-99.8,-99.8,-99.8,-99.8,-99.8,-99.8,-99.8
2025-10-22 23:00:00,950.4,19.1,100.0,2.2,234.0,6.1,242.0,0.0,-99.8,-99.8,-99.8,-99.8,-99.8,-99.8,-99.8
2025-10-23 00:00:00,950.1,19.0,100.0,2.5,258.0,4.5,253.0,2.0,-99.8,-99.8,-99.8,-99.8,-99.8,-99.8,-99.8
2025-10-23 01:00:00,949.7,19.0,100.0,2.2,250.0,5.4,263.0,2.5,-99.8,-99.8,-99.8,-99.8,-99.8,-99.8,-99.8
2025-10-23 02:00:00,949.0,18.9,100.0,2.4,261.0,4.6,259.0,4.0,-99.8,-99.8,-99.8,-99.8,-99.8,-99.8,-99.8
2025-10-23 03:00:00,948.8,19.0,100.0,2.0,248.0,4.4,265.0,1.0,-99.8,-99.8,-99.8,-99.8,-99.8,-99.8,-99.8
2025-10-23 04:00:00,948.8,19.0,100.0,2.2,262.0,4.7,234.0,0.0,-99.8,-99.8,-99.8,-99.8,-99.8,-99.8,-99.8
2025-10-23 05:00:00,949.1,19.2,100.0,2.1,278.0,4.4,281.0,0.0,-99.8,-99.8,-99.8,-99.8,-99.8,-99.8,-99.8
2025-10-23 06:00:00,949.4,19.5,97.0,2.5,245.0,5.1,238.0,0.0,-99.8,-99.8,-99.8,-99.8,-99.8,-99.8,-99.8
2025-10-23 07:00:00,949.9,19.6,98.0,2.8,247.0,4.7,243.0,0.0,-99.8,-99.8,-99.8,-99.8,-99.8,-99.8,-99.8
2025-10-23 08:00:00,950.7,19.5,100.0,1.9,248.0,4.0,289.0,1.5,-99.8,-99.8,-99.8,-99.8,-99.8,-99.8,-99.8
2025-10-23 09:00:00,951.0,19.9,100.0,1.8,246.0,3.8,247.0,1.5,-99.8,-99.8,-99.8,-99.8,-99.8,-99.8,-99.8
2025-10-23 10:00:00,951.4,19.9,100.0,1.7,263.0,3.0,266.0,1.0,-99.8,-99.8,-99.8,-99.8,-99.8,-99.8,-99.8
2025-10-23 11:00:00,951.2,19.9,97.0,2.2,255.0,5.7,264.0,1.0,-99.8,-99.8,-99.8,-99.8,-99.8,-99.8,-99.8
2025-10-23 12:00:00,950.9,19.4,90.0,4.3,257.0,7.1,235.0,0.5,-99.8,-99.8,-99.8,-99.8,-99.8,-99.8,-99.8
2025-10-23 13:00:00,950.5,18.9,95.0,2.1,240.0,8.1,244.0,0.0,-99.8,-99.8,-99.8,-99.8,-99.8,-99.8,-99.8
2025-10-23 14:00:00,950.2,19.4,82.0,3.3,241.0,7.4,231.0,0.0,-99.8,-99.8,-99.8,-99.8,-99.8,-99.8,-99.8
2025-10-23 15:00:00,950.4,19.6,77.0,2.2,233.0,7.6,154.0,0.0,-99.8,-99.8,-99.8,-99.8,-99.8,-99.8,-99.8
2025-10-23 16:00:00,950.7,18.7,90.0,2.3,225.0,5.8,247.0,0.0,-99.8,-99.8,-99.8,-99.8,-99.8,-99.8,-99.8
2025-10-23 17:00:00,950.9,18.8,90.0,2.5,259.0,5.8,254.0,0.0,-99.8,-99.8,-99.8,-99.8,-99.8,-99.8,-99.8
2025-10-23 18:00:00,951.1,19.0,89.0,1.7,239.0,5.4,236.0,0.0,-99.8,-99.8,-99.8,-99.8,-99.8,-99.8,-99.8
2025-10-23 19:00:00,951.7,19.6,83.0,1.4,216.0,6.3,238.0,0.0,-99.8,-99.8,-99.8,-99.8,-99.8,-99.8,-99.8
2025-10-23 20:00:00,952.3,19.0,85.0,2.8,232.0,6.2,166.0,0.0,-99.8,-99.8,-99.8,-99.8,-99.8,-99.8,-99.8
2025-10-23 21:00:00,952.6,19.8,79.0,2.0,235.0,5.4,219.0,0.0,-99.8,-99.8,-99.8,-99.8,-99.8,-99.8,-99.8
2025-10-23 22:00:00,952.2,19.1,86.0,2.4,269.0,5.3,284.0,0.0,-99.8,-99.8,-99.8,-99.8,-99.8,-99.8,-99.8
2025-10-23 23:00:00,951.9,20.4,74.0,2.7,236.0,6.3,245.0,0.0,-99.8,-99.8,-99.8,-99.8,-99.8,-99.8,-99.8
2025-10-24 00:00:00,951.7,19.0,87.0,1.5,239.0,5.2,248.0,0.0,-99.8,-99.8,-99.8,-99.8,-99.8,-99.8,-99.8
2025-10-24 01:00:00,951.2,19.0,87.0,2.6,246.0,4.7,248.0,0.0,-99.8,-99.8,-99.8,-99.8,-99.8,-99.8,-99.8
2025-10-24 02:00:00,950.3,19.5,83.0,2.9,253.0,4.9,266.0,0.0,-99.8,-99.8,-99.8,-99.8,-99.8,-99.8,-99.8
2025-10-24 03:00:00,950.1,19.4,86.0,2.7,257.0,5.8,250.0,0.0,-99.8,-99.8,-99.8,-99.8,-99.8,-99.8,-99.8
2025-10-24 04:00:00,950.0,18.7,93.0,2.9,262.0,4.9,232.0,0.0,-99.8,-99.8,-99.8,-99.8,-99.8,-99.8,-99.8
2025-10-24 05:00:00,950.1,19.1,91.0,2.9,257.0,5.2,247.0,0.0,-99.8,-99.8,-99.8,-99.8,-99.8,-99.8,-99.8
2025-10-24 06:00:00,950.4,19.5,89.0,2.8,260.0,5.9,271.0,0.0,-99.8,-99.8,-99.8,-99.8,-99.8,-99.8,-99.8
2025-10-24 07:00:00,950.9,20.2,86.0,1.6,258.0,4.9,250.0,0.0,-99.8,-99.8,-99.8,-99.8,-99.8,-99.8,-99.8
2025-10-24 08:00:00,951.4,19.8,92.0,2.1,222.0,4.5,234.0,0.0,-99.8,-99.8,-99.8,-99.8,-99.8,-99.8,-99.8
2025-10-24 09:00:00,951.5,19.6,97.0,2.4,222.0,4.2,219.0,0.0,-99.8,-99.8,-99.8,-99.8,-99.8,-99.8,-99.8
2025-10-24 10:00:00,951.3,20.2,96.0,2.3,231.0,4.6,235.0,-999.6,-99.8,-99.8,-99.8,-99.8,-99.8,-99.8,-99.8
2025-10-24 11:00:00,950.8,20.1,98.0,1.5,242.0,2.9,207.0,1.5,-99.8,-99.8,-99.8,-99.8,-99.8,-99.8,-99.8
2025-10-24 12:00:00,950.0,20.5,99.0,0.7,225.0,3.0,244.0,1.5,-99.8,-99.8,-99.8,-99.8,-99.8,-99.8,-99.8
2025-10-24 13:00:00,949.5,20.6,99.0,1.1,207.0,2.5,173.0,1.5,-99.8,-99.8,-99.8,-99.8,-99.8,-99.8,-99.8
2025-10-24 14:00:00,949.0,20.5,99.0,1.6,227.0,3.4,239.0,2.0,-99.8,-99.8,-99.8,-99.8,-99.8,-99.8,-99.8
2025-10-24 15:00:00,949.0,20.2,97.0,1.0,209.0,4.4,241.0,0.5,-99.8,-99.8,-99.8,-99.8,-99.8,-99.8,-99.8
2025-10-24 16:00:00,948.9,19.9,99.0,1.7,237.0,4.2,272.0,0.5,-99.8,-99.8,-99.8,-99.8,-99.8,-99.8,-99.8
2025-10-24 17:00:00,949.4,19.8,98.0,1.9,223.0,4.3,247.0,0.0,-99.8,-99.8,-99.8,-99.8,-99.8,-99.8,-99.8
2025-10-24 18:00:00,949.6,19.9,98.0,2.6,237.0,4.3,177.0,0.0,-99.8,-99.8,-99.8,-99.8,-99.8,-99.8,-99.8
2025-10-24 19:00:00,950.1,19.9,91.0,2.5,235.0,4.8,272.0,0.0,-99.8,-99.8,-99.8,-99.8,-99.8,-99.8,-99.8
2025-10-24 20:00:00,950.7,19.6,98.0,1.8,257.0,5.9,244.0,0.0,-99.8,-99.8,-99.8,-99.8,-99.8,-99.8,-99.8
2025-10-24 21:00:00,950.6,19.4,98.0,1.8,266.0,4.1,239.0,0.0,-99.8,-99.8,-99.8,-99.8,-99.8,-99.8,-99.8
2025-10-24 22:00:00,950.3,19.5,96.0,3.2,253.0,5.0,272.0,0.0,-99.8,-99.8,-99.8,-99.8,-99.8,-99.8,-99.8
2025-10-24 23:00:00,950.3,19.2,99.0,2.0,260.0,4.5,252.0,0.0,-99.8,-99.8,-99.8,-99.8,-99.8,-99.8,-99.8
2025-10-25 00:00:00,950.2,19.6,94.0,1.9,268.0,4.5,266.0,0.0,-99.8,-99.8,-99.8,-99.8,-99.8,-99.8,-99.8
2025-10-25 01:00:00,949.7,19.3,97.0,2.2,247.0,4.0,247.0,0.0,-99.8,-99.8,-99.8,-99.8,-99.8,-99.8,-99.8
2025-10-25 02:00:00,949.3,20.0,92.0,2.3,263.0,4.8,223.0,0.0,-99.8,-99.8,-99.8,-99.8,-99.8,-99.8,-99.8
2025-10-25 03:00:00,949.0,19.8,93.0,2.9,248.0,4.3,231.0,0.0,-99.8,-99.8,-99.8,-99.8,-99.8,-99.8,-99.8
2025-10-25 04:00:00,949.4,19.7,94.0,2.1,260.0,4.3,275.0,0.0,-99.8,-99.8,-99.8,-99.8,-99.8,-99.8,-99.8
2025-10-25 05:00:00,949.4,19.4,96.0,1.6,265.0,4.6,278.0,0.0,-99.8,-99.8,-99.8,-99.8,-99.8,-99.8,-99.8
2025-10-25 06:00:00,949.7,19.3,97.0,2.6,250.0,4.3,259.0,0.0,-99.8,-99.8,-99.8,-99.8,-99.8,-99.8,-99.8
2025-10-25 07:00:00,950.1,19.2,97.0,1.8,256.0,3.9,268.0,0.0,-99.8,-99.8,-99.8,-99.8,-99.8,-99.8,-99.8
2025-10-25 08:00:00,950.9,19.1,100.0,1.3,255.0,3.6,233.0,0.5,-99.8,-99.8,-99.8,-99.8,-99.8,-99.8,-99.8
2025-10-25 09:00:00,950.8,19.4,100.0,1.5,267.0,3.2,240.0,1.0,-99.8,-99.8,-99.8,-99.8,-99.8,-99.8,-99.8
2025-10-25 10:00:00,950.8,19.7,99.0,1.5,248.0,3.0,273.0,1.5,-99.8,-99.8,-99.8,-99.8,-99.8,-99.8,-99.8
2025-10-25 11:00:00,950.3,20.4,98.0,1.1,255.0,2.9,251.0,2.0,-99.8,-99.8,-99.8,-99.8,-99.8,-99.8,-99.8
2025-10-25 12:00:00,949.5,20.6,97.0,1.8,250.0,3.0,240.0,0.0,-99.8,-99.8,-99.8,-99.8,-99.8,-99.8,-99.8
2025-10-25 13:00:00,949.0,21.9,95.0,1.3,266.0,3.3,237.0,0.0,-99.8,-99.8,-99.8,-99.8,-99.8,-99.8,-99.8
2025-10-25 14:00:00,948.6,22.7,89.0,0.1,0.0,2.8,272.0,0.0,-99.8,-99.8,-99.8,-99.8,-99.8,-99.8,-99.8
2025-10-25 15:00:00,948.3,22.1,93.0,0.7,273.0,1.7,277.0,0.0,-99.8,-99.8,-99.8,-99.8,-99.8,-99.8,-99.8
2025-10-25 16:00:00,948.3,21.8,96.0,0.0,0.0,1.1,240.0,0.0,-99.8,-99.8,-99.8,-99.8,-99.8,-99.8,-99.8
2025-10-25 17:00:00,948.7,21.2,99.0,0.0,0.0,1.7,94.0,0.0,-99.8,-99.8,-99.8,-99.8,-99.8,-99.8,-99.8
2025-10-25 18:00:00,949.0,20.9,100.0,0.0,0.0,1.3,146.0,0.0,-99.8,-99.8,-99.8,-99.8,-99.8,-99.8,-99.8
2025-10-25 19:00:00,949.5,20.7,100.0,0.0,0.0,0.7,226.0,0.0,-99.8,-99.8,-99.8,-99.8,-99.8,-99.8,-99.8
2025-10-25 20:00:00,949.8,20.7,100.0,0.7,231.0,1.9,268.0,0.0,-99.8,-99.8,-99.8,-99.8,-99.8,-99.8,-99.8
2025-10-25 21:00:00,949.9,20.5,100.0,1.5,235.0,2.9,240.0,0.5,-99.8,-99.8,-99.8,-99.8,-99.8,-99.8,-99.8
2025-10-25 22:00:00,950.0,20.3,100.0,0.7,251.0,1.8,264.0,0.0,-99.8,-99.8,-99.8,-99.8,-99.8,-99.8,-99.8
2025-10-25 23:00:00,949.8,20.3,100.0,0.0,0.0,2.0,243.0,0.0,-99.8,-99.8,-99.8,-99.8,-99.8,-99.8,-99.8
2025-10-26 00:00:00,949.7,20.2,100.0,1.0,238.0,1.8,239.0,0.0,-99.8,-99.8,-99.8,-99.8,-99.8,-99.8,-99.8
2025-10-26 01:00:00,949.3,20.3,100.0,0.8,219.0,1.8,237.0,0.5,-99.8,-99.8,-99.8,-99.8,-99.8,-99.8,-99.8
2025-10-26 02:00:00,948.7,20.1,100.0,1.8,255.0,4.0,243.0,0.0,-99.8,-99.8,-99.8,-99.8,-99.8,-99.8,-99.8
2025-10-26 03:00:00,948.5,20.3,100.0,1.1,273.0,3.0,240.0,0.0,-99.8,-99.8,-99.8,-99.8,-99.8,-99.8,-99.8
2025-10-26 04:00:00,948.5,20.2,100.0,0.1,0.0,2.4,236.0,0.0,-99.8,-99.8,-99.8,-99.8,-99.8,-99.8,-99.8
2025-10-26 05:00:00,948.5,20.2,99.0,2.0,251.0,3.1,235.0,0.0,-99.8,-99.8,-99.8,-99.8,-99.8,-99.8,-99.8
2025-10-26 06:00:00,949.1,20.5,97.0,1.5,270.0,3.1,272.0,0.0,-99.8,-99.8,-99.8,-99.8,-99.8,-99.8,-99.8
2025-10-26 07:00:00,949.9,20.7,97.0,0.1,0.0,2.3,227.0,0.0,-99.8,-99.8,-99.8,-99.8,-99.8,-99.8,-99.8
2025-10-26 08:00:00,950.2,21.7,96.0,0.1,0.0,1.6,97.0,0.0,-99.8,-99.8,-99.8,-99.8,-99.8,-99.8,-99.8
2025-10-26 09:00:00,950.4,21.9,95.0,0.0,0.0,1.6,91.0,0.0,-99.8,-99.8,-99.8,-99.8,-99.8,-99.8,-99.8
2025-10-26 10:00:00,950.6,22.4,95.0,0.0,0.0,0.6,139.0,0.0,-99.8,-99.8,-99.8,-99.8,-99.8,-99.8,-99.8
2025-10-26 11:00:00,950.3,22.8,92.0,0.9,71.0,2.4,92.0,0.0,-99.8,-99.8,-99.8,-99.8,-99.8,-99.8,-99.8
2025-10-26 12:00:00,949.8,22.3,94.0,0.3,63.0,1.6,89.0,0.0,-99.8,-99.8,-99.8,-99.8,-99.8,-99.8,-99.8
2025-10-26 13:00:00,949.1,22.1,94.0,0.5,46.0,1.5,49.0,0.0,-99.8,-99.8,-99.8,-99.8,-99.8,-99.8,-99.8
2025-10-26 14:00:00,949.1,21.9,94.0,0.6,89.0,1.7,92.0,0.0,-99.8,-99.8,-99.8,-99.8,-99.8,-99.8,-99.8
2025-10-26 15:00:00,949.4,21.1,97.0,0.4,73.0,2.3,108.0,0.0,-99.8,-99.8,-99.8,-99.8,-99.8,-99.8,-99.8
2025-10-26 16:00:00,949.3,21.4,97.0,0.0,0.0,1.4,77.0,-999.6,-99.8,-99.8,-99.8,-99.8,-99.8,-99.8,-99.8
2025-10-26 17:00:00,949.7,20.9,95.0,0.0,0.0,1.3,89.0,0.0,-99.8,-99.8,-99.8,-99.8,-99.8,-99.8,-99.8
2025-10-26 18:00:00,950.1,20.3,97.0,0.1,0.0,1.5,103.0,0.0,-99.8,-99.8,-99.8,-99.8,-99.8,-99.8,-99.8
2025-10-26 19:00:00,950.8,20.2,96.0,0.2,0.0,1.5,93.0,0.0,-99.8,-99.8,-99.8,-99.8,-99.8,-99.8,-99.8
2025-10-26 20:00:00,951.7,20.0,95.0,0.2,0.0,0.8,206.0,0.0,-99.8,-99.8,-99.8,-99.8,-99.8,-99.8,-99.8
2025-10-26 21:00:00,952.0,19.8,91.0,0.7,173.0,2.0,245.0,0.0,-99.8,-99.8,-99.8,-99.8,-99.8,-99.8,-99.8
2025-10-26 22:00:00,951.9,19.8,89.0,1.3,228.0,4.8,160.0,0.0,-99.8,-99.8,-99.8,-99.8,-99.8,-99.8,-99.8
2025-10-26 23:00:00,951.9,19.8,89.0,1.0,243.0,3.6,202.0,0.0,-99.8,-99.8,-99.8,-99.8,-99.8,-99.8,-99.8
2025-10-27 00:00:00,951.5,19.6,90.0,1.5,251.0,3.7,255.0,0.0,-99.8,-99.8,-99.8,-99.8,-99.8,-99.8,-99.8
2025-10-27 01:00:00,950.9,19.7,89.0,1.7,262.0,3.7,252.0,0.0,-99.8,-99.8,-99.8,-99.8,-99.8,-99.8,-99.8
2025-10-27 02:00:00,950.6,19.6,88.0,1.5,270.0,3.2,285.0,0.0,-99.8,-99.8,-99.8,-99.8,-99.8,-99.8,-99.8
2025-10-27 03:00:00,950.9,19.1,93.0,0.1,0.0,2.0,292.0,0.0,-99.8,-99.8,-99.8,-99.8,-99.8,-99.8,-99.8
2025-10-27 04:00:00,951.1,19.1,91.0,0.3,168.0,1.8,103.0,0.0,-99.8,-99.8,-99.8,-99.8,-99.8,-99.8,-99.8
2025-10-27 05:00:00,951.0,19.7,83.0,1.4,216.0,3.6,239.0,0.0,-99.8,-99.8,-99.8,-99.8,-99.8,-99.8,-99.8
2025-10-27 06:00:00,952.0,19.2,91.0,0.9,230.0,4.8,139.0,0.0,-99.8,-99.8,-99.8,-99.8,-99.8,-99.8,-99.8
2025-10-27 07:00:00,952.5,19.8,85.0,0.8,215.0,4.0,244.0,0.0,-99.8,-99.8,-99.8,-99.8,-99.8,-99.8,-99.8
2025-10-27 08:00:00,953.2,19.8,89.0,0.2,0.0,1.8,223.0,0.0,-99.8,-99.8,-99.8,-99.8,-99.8,-99.8,-99.8
2025-10-27 09:00:00,953.5,20.0,86.0,0.8,161.0,2.4,231.0,0.0,-99.8,-99.8,-99.8,-99.8,-99.8,-99.8,-99.8
2025-10-27 10:00:00,953.1,20.8,88.0,1.1,212.0,2.2,243.0,0.0,-99.8,-99.8,-99.8,-99.8,-99.8,-99.8,-99.8
2025-10-27 11:00:00,952.6,21.7,88.0,1.1,95.0,2.2,91.0,0.0,-99.8,-99.8,-99.8,-99.8,-99.8,-99.8,-99.8
2025-10-27 12:00:00,951.8,22.4,86.0,1.2,79.0,2.1,93.0,0.0,-99.8,-99.8,-99.8,-99.8,-99.8,-99.8,-99.8
2025-10-27 13:00:00,951.2,21.7,87.0,0.6,77.0,2.5,86.0,0.0,-99.8,-99.8,-99.8,-99.8,-99.8,-99.8,-99.8
2025-10-27 14:00:00,950.9,21.3,89.0,0.2,0.0,1.6,62.0,-999.6,-99.8,-99.8,-99.8,-99.8,-99.8,-99.8,-99.8
2025-10-27 15:00:00,950.8,20.7,90.0,0.9,87.0,1.5,91.0,0.0,-99.8,-99.8,-99.8,-99.8,-99.8,-99.8,-99.8
2025-10-27 16:00:00,951.2,20.0,89.0,0.0,0.0,1.3,83.0,0.0,-99.8,-99.8,-99.8,-99.8,-99.8,-99.8,-99.8
2025-10-27 17:00:00,951.5,19.5,94.0,0.0,0.0,0.8,149.0,0.0,-99.8,-99.8,-99.8,-99.8,-99.8,-99.8,-99.8
2025-10-27 18:00:00,951.5,19.2,92.0,0.2,0.0,1.5,118.0,0.0,-99.8,-99.8,-99.8,-99.8,-99.8,-99.8,-99.8
2025-10-27 19:00:00,952.0,18.8,98.0,0.8,144.0,2.6,275.0,1.0,-99.8,-99.8,-99.8,-99.8,-99.8,-99.8,-99.8
2025-10-27 20:00:00,952.3,18.5,100.0,1.8,139.0,3.2,112.0,1.5,-99.8,-99.8,-99.8,-99.8,-99.8,-99.8,-99.8
2025-10-27 21:00:00,952.4,18.3,100.0,1.7,206.0,3.2,262.0,1.5,-99.8,-99.8,-99.8,-99.8,-99.8,-99.8,-99.8
2025-10-27 22:00:00,952.2,18.5,97.0,0.9,198.0,3.1,122.0,0.0,-99.8,-99.8,-99.8,-99.8,-99.8,-99.8,-99.8
2025-10-27 23:00:00,952.0,18.2,100.0,1.5,168.0,2.5,122.0,2.5,-99.8,-99.8,-99.8,-99.8,-99.8,-99.8,-99.8
2025-10-28 00:00:00,951.5,18.1,100.0,1.9,203.0,3.3,157.0,1.5,-99.8,-99.8,-99.8,-99.8,-99.8,-99.8,-99.8
2025-10-28 01:00:00,951.2,18.2,100.0,1.5,161.0,2.2,124.0,0.5,-99.8,-99.8,-99.8,-99.8,-99.8,-99.8,-99.8
2025-10-28 02:00:00,951.1,18.1,100.0,1.2,237.0,2.3,231.0,0.5,-99.8,-99.8,-99.8,-99.8,-99.8,-99.8,-99.8
2025-10-28 03:00:00,950.8,18.1,100.0,1.6,223.0,3.2,116.0,0.0,-99.8,-99.8,-99.8,-99.8,-99.8,-99.8,-99.8
2025-10-28 04:00:00,950.6,18.1,99.0,1.2,233.0,2.5,267.0,3.0,-99.8,-99.8,-99.8,-99.8,-99.8,-99.8,-99.8
2025-10-28 05:00:00,950.6,18.3,99.0,1.8,237.0,2.8,271.0,3.0,-99.8,-99.8,-99.8,-99.8,-99.8,-99.8,-99.8
2025-10-28 06:00:00,951.1,18.3,99.0,1.4,240.0,2.9,254.0,1.0,-99.8,-99.8,-99.8,-99.8,-99.8,-99.8,-99.8
2025-10-28 07:00:00,951.7,18.5,98.0,0.6,270.0,2.7,242.0,0.5,-99.8,-99.8,-99.8,-99.8,-99.8,-99.8,-99.8
2025-10-28 08:00:00,952.0,18.6,99.0,0.1,0.0,1.4,171.0,0.5,-99.8,-99.8,-99.8,-99.8,-99.8,-99.8,-99.8
2025-10-28 09:00:00,952.5,19.0,99.0,1.1,240.0,1.9,172.0,0.5,-99.8,-99.8,-99.8,-99.8,-99.8,-99.8,-99.8
2025-10-28 10:00:00,952.5,19.4,99.0,0.3,293.0,1.6,265.0,2.5,-99.8,-99.8,-99.8,-99.8,-99.8,-99.8,-99.8
2025-10-28 11:00:00,952.0,19.1,100.0,1.8,243.0,2.6,271.0,1.0,-99.8,-99.8,-99.8,-99.8,-99.8,-99.8,-99.8
2025-10-28 12:00:00,951.5,19.3,100.0,1.5,265.0,3.2,264.0,1.5,-99.8,-99.8,-99.8,-99.8,-99.8,-99.8,-99.8
2025-10-28 13:00:00,951.0,20.0,99.0,0.7,266.0,2.8,270.0,1.5,-99.8,-99.8,-99.8,-99.8,-99.8,-99.8,-99.8
2025-10-28 14:00:00,950.6,20.1,96.0,1.1,245.0,2.2,244.0,0.5,-99.8,-99.8,-99.8,-99.8,-99.8,-99.8,-99.8
2025-10-28 15:00:00,950.6,20.4,99.0,0.0,0.0,1.8,254.0,0.0,-99.8,-99.8,-99.8,-99.8,-99.8,-99.8,-99.8
2025-10-28 16:00:00,951.1,19.8,100.0,0.0,0.0,1.2,274.0,3.0,-99.8,-99.8,-99.8,-99.8,-99.8,-99.8,-99.8
2025-10-28 17:00:00,951.6,19.1,99.0,1.0,261.0,2.5,300.0,2.0,-99.8,-99.8,-99.8,-99.8,-99.8,-99.8,-99.8
2025-10-28 18:00:00,951.9,18.6,100.0,0.6,274.0,3.8,244.0,3.0,-99.8,-99.8,-99.8,-99.8,-99.8,-99.8,-99.8
2025-10-28 19:00:00,952.5,18.7,100.0,0.7,242.0,2.2,270.0,0.0,-99.8,-99.8,-99.8,-99.8,-99.8,-99.8,-99.8
2025-10-28 20:00:00,953.3,18.5,100.0,0.9,256.0,3.3,284.0,0.0,-99.8,-99.8,-99.8,-99.8,-99.8,-99.8,-99.8
2025-10-28 21:00:00,953.5,18.3,99.0,0.7,214.0,4.5,272.0,-999.6,-99.8,-99.8,-99.8,-99.8,-99.8,-99.8,-99.8
2025-10-28 22:00:00,953.4,18.7,96.0,0.8,272.0,4.4,205.0,-999.6,-99.8,-99.8,-99.8,-99.8,-99.8,-99.8,-99.8
2025-10-28 23:00:00,953.2,18.7,96.0,1.4,262.0,3.3,281.0,0.0,-99.8,-99.8,-99.8,-99.8,-99.8,-99.8,-99.8
2025-10-29 00:00:00,953.1,18.5,96.0,1.5,258.0,3.9,251.0,0.0,-99.8,-99.8,-99.8,-99.8,-99.8,-99.8,-99.8
2025-10-29 01:00:00,952.6,18.5,95.0,1.5,253.0,4.0,242.0,0.0,-99.8,-99.8,-99.8,-99.8,-99.8,-99.8,-99.8
2025-10-29 02:00:00,951.9,18.4,95.0,1.4,257.0,3.0,259.0,0.0,-99.8,-99.8,-99.8,-99.8,-99.8,-99.8,-99.8
2025-10-29 03:00:00,951.9,18.3,92.0,0.9,242.0,3.2,229.0,0.0,-99.8,-99.8,-99.8,-99.8,-99.8,-99.8,-99.8
2025-10-29 04:00:00,951.6,18.0,97.0,1.6,253.0,3.3,292.0,0.0,-99.8,-99.8,-99.8,-99.8,-99.8,-99.8,-99.8
2025-10-29 05:00:00,951.9,18.5,91.0,2.1,256.0,3.6,250.0,0.0,-99.8,-99.8,-99.8,-99.8,-99.8,-99.8,-99.8
2025-10-29 06:00:00,952.2,17.9,99.0,1.6,242.0,4.0,267.0,0.0,-99.8,-99.8,-99.8,-99.8,-99.8,-99.8,-99.8
2025-10-29 07:00:00,952.7,18.3,97.0,0.8,244.0,2.8,270.0,0.0,-99.8,-99.8,-99.8,-99.8,-99.8,-99.8,-99.8
2025-10-29 08:00:00,953.2,18.6,97.0,1.5,260.0,3.5,282.0,0.0,-99.8,-99.8,-99.8,-99.8,-99.8,-99.8,-99.8
2025-10-29 09:00:00,953.9,20.3,91.0,0.0,0.0,3.5,272.0,0.0,-99.8,-99.8,-99.8,-99.8,-99.8,-99.8,-99.8
2025-10-29 10:00:00,954.3,20.3,95.0,1.0,73.0,2.1,92.0,0.0,-99.8,-99.8,-99.8,-99.8,-99.8,-99.8,-99.8
2025-10-29 11:00:00,953.6,20.9,91.0,0.8,61.0,2.2,89.0,0.0,-99.8,-99.8,-99.8,-99.8,-99.8,-99.8,-99.8
2025-10-29 12:00:00,952.5,20.9,92.0,1.0,254.0,1.6,46.0,0.0,-99.8,-99.8,-99.8,-99.8,-99.8,-99.8,-99.8
2025-10-29 13:00:00,951.7,21.1,88.0,0.2,0.0,1.1,283.0,0.0,-99.8,-99.8,-99.8,-99.8,-99.8,-99.8,-99.8
2025-10-29 14:00:00,951.3,20.3,88.0,0.0,0.0,2.0,242.0,0.0,-99.8,-99.8,-99.8,-99.8,-99.8,-99.8,-99.8
2025-10-29 15:00:00,951.2,19.6,97.0,0.0,0.0,1.5,52.0,0.0,-99.8,-99.8,-99.8,-99.8,-99.8,-99.8,-99.8
2025-10-29 16:00:00,951.3,19.3,99.0,0.9,219.0,1.6,269.0,-999.6,-99.8,-99.8,-99.8,-99.8,-99.8,-99.8,-99.8
2025-10-29 17:00:00,951.3,18.9,100.0,0.9,179.0,1.8,213.0,1.0,-99.8,-99.8,-99.8,-99.8,-99.8,-99.8,-99.8
2025-10-29 18:00:00,951.9,19.0,100.0,0.0,0.0,1.5,248.0,1.0,-99.8,-99.8,-99.8,-99.8,-99.8,-99.8,-99.8
2025-10-29 19:00:00,952.5,19.0,100.0,0.4,123.0,1.3,154.0,1.5,-99.8,-99.8,-99.8,-99.8,-99.8,-99.8,-99.8
2025-10-29 20:00:00,953.1,18.9,100.0,0.1,0.0,1.2,133.0,2.0,-99.8,-99.8,-99.8,-99.8,-99.8,-99.8,-99.8
2025-10-29 21:00:00,953.1,18.7,100.0,0.0,0.0,1.4,62.0,1.0,-99.8,-99.8,-99.8,-99.8,-99.8,-99.8,-99.8
2025-10-29 22:00:00,953.1,18.5,100.0,0.0,0.0,1.4,72.0,1.0,-99.8,-99.8,-99.8,-99.8,-99.8,-99.8,-99.8
2025-10-29 23:00:00,953.0,18.5,100.0,0.0,0.0,1.2,150.0,1.5,-99.8,-99.8,-99.8,-99.8,-99.8,-99.8,-99.8
2025-10-30 00:00:00,952.1,18.4,100.0,1.8,213.0,3.2,227.0,0.0,-99.8,-99.8,-99.8,-99.8,-99.8,-99.8,-99.8
2025-10-30 01:00:00,951.3,18.5,100.0,1.7,228.0,3.8,269.0,0.0,-99.8,-99.8,-99.8,-99.8,-99.8,-99.8,-99.8
2025-10-30 02:00:00,951.2,18.6,98.0,0.6,287.0,2.6,230.0,-999.6,-99.8,-99.8,-99.8,-99.8,-99.8,-99.8,-99.8
2025-10-30 03:00:00,950.7,18.5,99.0,2.1,238.0,3.6,133.0,0.0,-99.8,-99.8,-99.8,-99.8,-99.8,-99.8,-99.8
2025-10-30 04:00:00,950.5,18.9,95.0,1.4,249.0,3.7,240.0,0.5,-99.8,-99.8,-99.8,-99.8,-99.8,-99.8,-99.8
2025-10-30 05:00:00,950.5,18.5,98.0,1.8,265.0,3.6,276.0,0.0,-99.8,-99.8,-99.8,-99.8,-99.8,-99.8,-99.8
2025-10-30 06:00:00,950.1,18.7,95.0,2.4,262.0,4.0,260.0,0.0,-99.8,-99.8,-99.8,-99.8,-99.8,-99.8,-99.8
2025-10-30 07:00:00,951.7,18.9,95.0,1.2,273.0,2.8,252.0,0.0,-99.8,-99.8,-99.8,-99.8,-99.8,-99.8,-99.8
2025-10-30 08:00:00,951.6,20.9,86.0,0.5,309.0,3.6,287.0,0.0,-99.8,-99.8,-99.8,-99.8,-99.8,-99.8,-99.8
2025-10-30 09:00:00,952.2,24.5,79.0,0.7,69.0,2.2,272.0,0.0,-99.8,-99.8,-99.8,-99.8,-99.8,-99.8,-99.8
2025-10-30 10:00:00,951.8,25.3,74.0,0.7,43.0,2.8,31.0,0.0,-99.8,-99.8,-99.8,-99.8,-99.8,-99.8,-99.8
2025-10-30 11:00:00,951.2,23.5,85.0,0.6,79.0,3.2,87.0,0.0,-99.8,-99.8,-99.8,-99.8,-99.8,-99.8,-99.8
2025-10-30 12:00:00,950.0,22.9,92.0,0.3,15.0,3.0,46.0,0.0,-99.8,-99.8,-99.8,-99.8,-99.8,-99.8,-99.8
2025-10-30 13:00:00,949.3,23.2,90.0,1.2,87.0,4.3,93.0,0.0,-99.8,-99.8,-99.8,-99.8,-99.8,-99.8,-99.8
2025-10-30 14:00:00,948.9,22.7,91.0,0.4,52.0,3.6,90.0,0.0,-99.8,-99.8,-99.8,-99.8,-99.8,-99.8,-99.8
2025-10-30 15:00:00,948.6,22.4,92.0,0.2,0.0,3.3,67.0,0.0,-99.8,-99.8,-99.8,-99.8,-99.8,-99.8,-99.8
2025-10-30 16:00:00,948.7,22.0,93.0,0.0,0.0,2.4,104.0,0.0,-99.8,-99.8,-99.8,-99.8,-99.8,-99.8,-99.8
2025-10-30 17:00:00,948.8,21.3,97.0,0.1,0.0,1.6,149.0,0.0,-99.8,-99.8,-99.8,-99.8,-99.8,-99.8,-99.8
2025-10-30 18:00:00,949.1,21.1,98.0,0.0,0.0,1.5,147.0,0.0,-99.8,-99.8,-99.8,-99.8,-99.8,-99.8,-99.8
2025-10-30 19:00:00,949.6,20.9,99.0,1.0,147.0,1.6,267.0,0.0,-99.8,-99.8,-99.8,-99.8,-99.8,-99.8,-99.8
2025-10-30 20:00:00,949.5,20.7,98.0,1.0,172.0,2.0,113.0,0.0,-99.8,-99.8,-99.8,-99.8,-99.8,-99.8,-99.8
2025-10-30 21:00:00,949.3,20.8,96.0,1.4,166.0,3.1,131.0,-999.6,-99.8,-99.8,-99.8,-99.8,-99.8,-99.8,-99.8
2025-10-30 22:00:00,949.4,20.5,98.0,0.6,202.0,2.5,215.0,0.0,-99.8,-99.8,-99.8,-99.8,-99.8,-99.8,-99.8
2025-10-30 23:00:00,949.0,20.5,95.0,0.4,210.0,2.7,223.0,0.0,-99.8,-99.8,-99.8,-99.8,-99.8,-99.8,-99.8
2025-10-31 00:00:00,948.7,20.1,97.0,1.4,170.0,2.2,84.0,0.0,-99.8,-99.8,-99.8,-99.8,-99.8,-99.8,-99.8
2025-10-31 01:00:00,948.3,20.4,93.0,0.9,256.0,2.5,237.0,0.0,-99.8,-99.8,-99.8,-99.8,-99.8,-99.8,-99.8
2025-10-31 02:00:00,947.8,20.4,93.0,1.1,237.0,2.9,100.0,0.0,-99.8,-99.8,-99.8,-99.8,-99.8,-99.8,-99.8
2025-10-31 03:00:00,947.5,20.3,92.0,2.0,262.0,3.2,259.0,0.0,-99.8,-99.8,-99.8,-99.8,-99.8,-99.8,-99.8
2025-10-31 04:00:00,947.6,20.4,92.0,1.3,262.0,4.1,226.0,0.0,-99.8,-99.8,-99.8,-99.8,-99.8,-99.8,-99.8
2025-10-31 05:00:00,947.7,20.5,89.0,1.8,238.0,3.1,258.0,0.0,-99.8,-99.8,-99.8,-99.8,-99.8,-99.8,-99.8
2025-10-31 06:00:00,948.6,20.7,90.0,0.4,191.0,2.4,239.0,0.0,-99.8,-99.8,-99.8,-99.8,-99.8,-99.8,-99.8
2025-10-31 07:00:00,949.2,20.6,89.0,1.0,256.0,2.7,145.0,0.0,-99.8,-99.8,-99.8,-99.8,-99.8,-99.8,-99.8
2025-10-31 08:00:00,949.6,21.4,86.0,1.2,181.0,2.2,100.0,0.0,-99.8,-99.8,-99.8,-99.8,-99.8,-99.8,-99.8
2025-10-31 09:00:00,949.8,23.3,80.0,0.1,0.0,1.8,136.0,0.0,-99.8,-99.8,-99.8,-99.8,-99.8,-99.8,-99.8
2025-10-31 10:00:00,949.6,22.5,92.0,0.3,62.0,2.5,93.0,0.0,-99.8,-99.8,-99.8,-99.8,-99.8,-99.8,-99.8
2025-10-31 11:00:00,948.8,22.2,92.0,1.0,36.0,2.0,48.0,0.0,-99.8,-99.8,-99.8,-99.8,-99.8,-99.8,-99.8
2025-10-31 12:00:00,948.1,22.3,92.0,0.2,0.0,2.4,89.0,0.0,-99.8,-99.8,-99.8,-99.8,-99.8,-99.8,-99.8
2025-10-31 13:00:00,947.4,22.2,91.0,0.3,72.0,1.6,85.0,0.0,-99.8,-99.8,-99.8,-99.8,-99.8,-99.8,-99.8
2025-10-31 14:00:00,947.3,22.1,91.0,0.5,76.0,1.5,25.0,0.0,-99.8,-99.8,-99.8,-99.8,-99.8,-99.8,-99.8
2025-10-31 15:00:00,946.9,22.6,90.0,0.6,82.0,1.6,87.0,0.0,-99.8,-99.8,-99.8,-99.8,-99.8,-99.8,-99.8
2025-10-31 16:00:00,947.1,21.8,90.0,0.6,93.0,2.1,94.0,0.0,-99.8,-99.8,-99.8,-99.8,-99.8,-99.8,-99.8
2025-10-31 17:00:00,947.8,20.5,92.0,0.0,0.0,1.8,108.0,0.0,-99.8,-99.8,-99.8,-99.8,-99.8,-99.8,-99.8
2025-10-31 18:00:00,948.4,20.0,92.0,0.0,0.0,1.1,100.0,0.0,-99.8,-99.8,-99.8,-99.8,-99.8,-99.8,-99.8
2025-10-31 19:00:00,949.1,19.5,97.0,1.3,110.0,1.7,150.0,0.0,-99.8,-99.8,-99.8,-99.8,-99.8,-99.8,-99.8
2025-10-31 20:00:00,949.7,19.4,94.0,1.3,137.0,1.9,253.0,0.0,-99.8,-99.8,-99.8,-99.8,-99.8,-99.8,-99.8
2025-10-31 21:00:00,950.2,19.2,98.0,0.0,0.0,1.3,206.0,0.0,-99.8,-99.8,-99.8,-99.8,-99.8,-99.8,-99.8
2025-10-31 22:00:00,950.5,18.7,99.0,0.3,126.0,2.3,116.0,1.0,-99.8,-99.8,-99.8,-99.8,-99.8,-99.8,-99.8
2025-10-31 23:00:00,950.5,18.3,99.0,0.9,176.0,2.0,275.0,0.0,-99.8,-99.8,-99.8,-99.8,-99.8,-99.8,-99.8
2025-11-01 00:00:00,950.3,18.2,100.0,1.4,166.0,2.7,95.0,0.0,-99.8,-99.8,-99.8,-99.8,-99.8,-99.8,-99.8
2025-11-01 01:00:00,950.1,17.9,100.0,1.5,154.0,3.1,109.0,0.0,-99.8,-99.8,-99.8,-99.8,-99.8,-99.8,-99.8
2025-11-01 02:00:00,949.7,17.9,99.0,1.6,256.0,4.3,324.0,0.0,-99.8,-99.8,-99.8,-99.8,-99.8,-99.8,-99.8
2025-11-01 03:00:00,949.4,18.1,95.0,0.8,257.0,3.6,275.0,0.0,-99.8,-99.8,-99.8,-99.8,-99.8,-99.8,-99.8
2025-11-01 04:00:00,949.5,18.2,93.0,0.6,281.0,2.6,200.0,0.0,-99.8,-99.8,-99.8,-99.8,-99.8,-99.8,-99.8
2025-11-01 05:00:00,949.9,18.0,95.0,0.0,0.0,1.9,240.0,0.0,-99.8,-99.8,-99.8,-99.8,-99.8,-99.8,-99.8
2025-11-01 06:00:00,950.1,18.1,94.0,0.0,0.0,0.0,0.0,0.0,-99.8,-99.8,-99.8,-99.8,-99.8,-99.8,-99.8
2025-11-01 07:00:00,951.7,18.6,94.0,0.0,0.0,0.6,104.0,0.0,-99.8,-99.8,-99.8,-99.8,-99.8,-99.8,-99.8
2025-11-01 08:00:00,952.2,18.9,92.0,0.0,0.0,1.3,171.0,0.0,-99.8,-99.8,-99.8,-99.8,-99.8,-99.8,-99.8
2025-11-01 09:00:00,952.7,19.0,92.0,0.2,0.0,1.6,104.0,0.0,-99.8,-99.8,-99.8,-99.8,-99.8,-99.8,-99.8
2025-11-01 10:00:00,952.5,18.7,94.0,0.8,87.0,2.6,77.0,0.0,-99.8,-99.8,-99.8,-99.8,-99.8,-99.8,-99.8
2025-11-01 11:00:00,951.9,18.8,93.0,0.2,0.0,1.3,88.0,0.0,-99.8,-99.8,-99.8,-99.8,-99.8,-99.8,-99.8
2025-11-01 12:00:00,951.0,18.6,92.0,0.3,30.0,1.8,37.0,0.0,-99.8,-99.8,-99.8,-99.8,-99.8,-99.8,-99.8
2025-11-01 13:00:00,950.5,18.0,96.0,0.7,78.0,1.4,80.0,0.0,-99.8,-99.8,-99.8,-99.8,-99.8,-99.8,-99.8
2025-11-01 14:00:00,950.1,18.5,96.0,0.2,0.0,1.1,82.0,0.0,-99.8,-99.8,-99.8,-99.8,-99.8,-99.8,-99.8
2025-11-01 15:00:00,950.0,19.1,95.0,0.4,301.0,1.1,283.0,0.0,-99.8,-99.8,-99.8,-99.8,-99.8,-99.8,-99.8
2025-11-01 16:00:00,950.4,18.8,95.0,0.0,0.0,1.0,77.0,0.0,-99.8,-99.8,-99.8,-99.8,-99.8,-99.8,-99.8
2025-11-01 17:00:00,950.8,17.8,96.0,0.3,191.0,1.2,281.0,0.0,-99.8,-99.8,-99.8,-99.8,-99.8,-99.8,-99.8
2025-11-01 18:00:00,951.2,17.6,96.0,0.1,0.0,1.0,79.0,0.0,-99.8,-99.8,-99.8,-99.8,-99.8,-99.8,-99.8
2025-11-01 19:00:00,952.0,17.8,96.0,0.0,0.0,0.5,156.0,0.0,-99.8,-99.8,-99.8,-99.8,-99.8,-99.8,-99.8
2025-11-01 20:00:00,952.3,17.6,96.0,0.0,0.0,0.0,0.0,0.0,-99.8,-99.8,-99.8,-99.8,-99.8,-99.8,-99.8
2025-11-01 21:00:00,952.4,17.5,98.0,0.0,0.0,0.6,126.0,0.0,-99.8,-99.8,-99.8,-99.8,-99.8,-99.8,-99.8
2025-11-01 22:00:00,952.2,17.2,98.0,0.8,187.0,1.6,95.0,0.5,-99.8,-99.8,-99.8,-99.8,-99.8,-99.8,-99.8
2025-11-01 23:00:00,952.0,17.3,99.0,0.4,229.0,1.1,229.0,0.5,-99.8,-99.8,-99.8,-99.8,-99.8,-99.8,-99.8
2025-11-02 00:00:00,952.0,17.1,99.0,0.7,181.0,1.3,207.0,0.0,-99.8,-99.8,-99.8,-99.8,-99.8,-99.8,-99.8
2025-11-02 01:00:00,951.3,17.1,100.0,0.6,150.0,1.6,244.0,0.5,-99.8,-99.8,-99.8,-99.8,-99.8,-99.8,-99.8
2025-11-02 02:00:00,951.2,17.2,100.0,0.0,0.0,1.3,163.0,0.0,-99.8,-99.8,-99.8,-99.8,-99.8,-99.8,-99.8
2025-11-02 03:00:00,951.1,17.2,100.0,0.0,0.0,0.0,0.0,0.5,-99.8,-99.8,-99.8,-99.8,-99.8,-99.8,-99.8
2025-11-02 04:00:00,950.0,17.2,100.0,0.0,0.0,0.0,0.0,0.0,-99.8,-99.8,-99.8,-99.8,-99.8,-99.8,-99.8
2025-11-02 05:00:00,951.3,17.1,100.0,0.0,0.0,0.8,233.0,0.5,-99.8,-99.8,-99.8,-99.8,-99.8,-99.8,-99.8
2025-11-02 06:00:00,951.9,17.3,100.0,0.1,0.0,1.4,239.0,0.0,-99.8,-99.8,-99.8,-99.8,-99.8,-99.8,-99.8
2025-11-02 07:00:00,952.6,17.3,100.0,0.7,188.0,2.0,78.0,-999.6,-99.8,-99.8,-99.8,-99.8,-99.8,-99.8,-99.8
2025-11-02 08:00:00,953.2,17.8,99.0,0.0,0.0,1.7,85.0,0.5,-99.8,-99.8,-99.8,-99.8,-99.8,-99.8,-99.8
2025-11-02 09:00:00,953.7,18.2,98.0,0.0,0.0,1.1,155.0,-999.6,-99.8,-99.8,-99.8,-99.8,-99.8,-99.8,-99.8
2025-11-02 10:00:00,953.4,18.5,99.0,0.5,46.0,1.7,88.0,-999.6,-99.8,-99.8,-99.8,-99.8,-99.8,-99.8,-99.8
2025-11-02 11:00:00,953.2,18.3,99.0,0.0,0.0,1.6,45.0,-999.6,-99.8,-99.8,-99.8,-99.8,-99.8,-99.8,-99.8
2025-11-02 12:00:00,952.6,18.1,98.0,0.5,85.0,2.7,92.0,0.5,-99.8,-99.8,-99.8,-99.8,-99.8,-99.8,-99.8
2025-11-02 13:00:00,952.0,18.5,98.0,0.6,166.0,1.5,89.0,0.5,-99.8,-99.8,-99.8,-99.8,-99.8,-99.8,-99.8
2025-11-02 14:00:00,951.6,18.1,98.0,0.4,101.0,2.0,96.0,0.0,-99.8,-99.8,-99.8,-99.8,-99.8,-99.8,-99.8
2025-11-02 15:00:00,951.9,17.3,99.0,0.1,0.0,2.3,90.0,0.5,-99.8,-99.8,-99.8,-99.8,-99.8,-99.8,-99.8
2025-11-02 16:00:00,952.2,16.9,100.0,0.6,264.0,1.4,276.0,0.0,-99.8,-99.8,-99.8,-99.8,-99.8,-99.8,-99.8
2025-11-02 17:00:00,952.7,16.2,99.0,0.2,0.0,3.5,50.0,0.0,-99.8,-99.8,-99.8,-99.8,-99.8,-99.8,-99.8
2025-11-02 18:00:00,953.2,16.2,100.0,1.0,206.0,2.6,123.0,0.0,-99.8,-99.8,-99.8,-99.8,-99.8,-99.8,-99.8
2025-11-02 19:00:00,953.8,16.1,100.0,2.0,242.0,4.0,268.0,0.5,-99.8,-99.8,-99.8,-99.8,-99.8,-99.8,-99.8
2025-11-02 20:00:00,954.6,16.0,100.0,1.9,264.0,3.3,216.0,0.0,-99.8,-99.8,-99.8,-99.8,-99.8,-99.8,-99.8
2025-11-02 21:00:00,954.6,16.0,99.0,0.4,259.0,3.3,261.0,0.0,-99.8,-99.8,-99.8,-99.8,-99.8,-99.8,-99.8
2025-11-02 22:00:00,954.8,15.9,100.0,0.5,257.0,1.9,265.0,0.5,-99.8,-99.8,-99.8,-99.8,-99.8,-99.8,-99.8
2025-11-02 23:00:00,955.0,16.0,100.0,0.0,0.0,1.4,253.0,0.0,-99.8,-99.8,-99.8,-99.8,-99.8,-99.8,-99.8
2025-11-03 00:00:00,954.8,15.9,100.0,0.0,0.0,1.6,149.0,1.5,-99.8,-99.8,-99.8,-99.8,-99.8,-99.8,-99.8
2025-11-03 01:00:00,954.4,15.6,100.0,2.2,265.0,3.9,268.0,0.5,-99.8,-99.8,-99.8,-99.8,-99.8,-99.8,-99.8
2025-11-03 02:00:00,953.8,15.3,97.0,2.0,263.0,4.3,250.0,0.0,-99.8,-99.8,-99.8,-99.8,-99.8,-99.8,-99.8
2025-11-03 03:00:00,953.9,15.6,94.0,2.1,251.0,4.3,247.0,0.0,-99.8,-99.8,-99.8,-99.8,-99.8,-99.8,-99.8
2025-11-03 04:00:00,953.5,15.2,99.0,2.1,254.0,4.2,256.0,0.0,-99.8,-99.8,-99.8,-99.8,-99.8,-99.8,-99.8
2025-11-03 05:00:00,953.4,15.3,97.0,2.1,259.0,3.6,277.0,0.0,-99.8,-99.8,-99.8,-99.8,-99.8,-99.8,-99.8
2025-11-03 06:00:00,954.0,15.2,97.0,1.2,246.0,4.2,245.0,0.0,-99.8,-99.8,-99.8,-99.8,-99.8,-99.8,-99.8
2025-11-03 07:00:00,954.7,15.2,98.0,0.7,219.0,3.1,236.0,0.0,-99.8,-99.8,-99.8,-99.8,-99.8,-99.8,-99.8
2025-11-03 08:00:00,955.4,15.7,99.0,1.5,213.0,2.8,177.0,0.5,-99.8,-99.8,-99.8,-99.8,-99.8,-99.8,-99.8
2025-11-03 09:00:00,955.7,17.1,95.0,0.9,268.0,2.8,180.0,-999.6,-99.8,-99.8,-99.8,-99.8,-99.8,-99.8,-99.8
2025-11-03 10:00:00,955.5,18.5,92.0,0.3,216.0,1.5,273.0,-999.6,-99.8,-99.8,-99.8,-99.8,-99.8,-99.8,-99.8
2025-11-03 11:00:00,954.9,18.7,86.0,0.0,0.0,1.6,247.0,0.0,-99.8,-99.8,-99.8,-99.8,-99.8,-99.8,-99.8
2025-11-03 12:00:00,954.5,17.8,94.0,0.7,246.0,1.3,242.0,0.0,-99.8,-99.8,-99.8,-99.8,-99.8,-99.8,-99.8
2025-11-03 13:00:00,953.4,17.5,96.0,0.9,246.0,1.9,275.0,0.0,-99.8,-99.8,-99.8,-99.8,-99.8,-99.8,-99.8
2025-11-03 14:00:00,953.1,18.5,92.0,0.3,299.0,1.8,211.0,0.0,-99.8,-99.8,-99.8,-99.8,-99.8,-99.8,-99.8
2025-11-03 15:00:00,952.7,18.6,92.0,0.5,266.0,1.9,162.0,0.0,-99.8,-99.8,-99.8,-99.8,-99.8,-99.8,-99.8
2025-11-03 16:00:00,952.7,18.2,90.0,0.2,0.0,2.0,242.0,0.0,-99.8,-99.8,-99.8,-99.8,-99.8,-99.8,-99.8
2025-11-03 17:00:00,953.0,17.9,91.0,0.6,229.0,2.1,237.0,0.0,-99.8,-99.8,-99.8,-99.8,-99.8,-99.8,-99.8
2025-11-03 18:00:00,953.4,17.2,98.0,0.5,198.0,1.7,128.0,0.0,-99.8,-99.8,-99.8,-99.8,-99.8,-99.8,-99.8
2025-11-03 19:00:00,954.0,16.9,100.0,1.2,229.0,2.3,186.0,0.0,-99.8,-99.8,-99.8,-99.8,-99.8,-99.8,-99.8
2025-11-03 20:00:00,954.3,17.0,99.0,0.9,270.0,3.1,206.0,0.0,-99.8,-99.8,-99.8,-99.8,-99.8,-99.8,-99.8
2025-11-03 21:00:00,954.7,16.9,99.0,0.0,0.0,2.2,245.0,0.0,-99.8,-99.8,-99.8,-99.8,-99.8,-99.8,-99.8
2025-11-03 22:00:00,954.4,16.8,100.0,1.2,259.0,1.8,281.0,0.5,-99.8,-99.8,-99.8,-99.8,-99.8,-99.8,-99.8
2025-11-03 23:00:00,953.8,16.7,100.0,0.0,0.0,1.5,239.0,0.0,-99.8,-99.8,-99.8,-99.8,-99.8,-99.8,-99.8
2025-11-04 00:00:00,953.0,16.8,100.0,0.8,224.0,1.6,254.0,0.0,-99.8,-99.8,-99.8,-99.8,-99.8,-99.8,-99.8
2025-11-04 01:00:00,952.1,16.7,99.0,1.1,244.0,1.8,249.0,0.0,-99.8,-99.8,-99.8,-99.8,-99.8,-99.8,-99.8
2025-11-04 02:00:00,951.2,16.7,100.0,1.4,261.0,3.4,261.0,0.0,-99.8,-99.8,-99.8,-99.8,-99.8,-99.8,-99.8
2025-11-04 03:00:00,950.3,16.8,99.0,2.1,265.0,3.4,283.0,0.0,-99.8,-99.8,-99.8,-99.8,-99.8,-99.8,-99.8
2025-11-04 04:00:00,950.2,17.1,94.0,1.6,261.0,3.7,270.0,0.0,-99.8,-99.8,-99.8,-99.8,-99.8,-99.8,-99.8
2025-11-04 05:00:00,950.8,17.1,95.0,1.1,254.0,2.7,274.0,-999.6,-99.8,-99.8,-99.8,-99.8,-99.8,-99.8,-99.8
2025-11-04 06:00:00,950.9,17.4,94.0,1.2,267.0,3.8,261.0,0.0,-99.8,-99.8,-99.8,-99.8,-99.8,-99.8,-99.8
2025-11-04 07:00:00,951.2,17.5,93.0,1.6,261.0,3.5,250.0,0.0,-99.8,-99.8,-99.8,-99.8,-99.8,-99.8,-99.8
2025-11-04 08:00:00,951.8,18.6,90.0,1.1,264.0,3.3,260.0,0.0,-99.8,-99.8,-99.8,-99.8,-99.8,-99.8,-99.8
2025-11-04 09:00:00,951.9,19.6,84.0,1.5,259.0,3.1,255.0,0.0,-99.8,-99.8,-99.8,-99.8,-99.8,-99.8,-99.8
2025-11-04 10:00:00,951.9,22.4,82.0,0.8,79.0,2.5,282.0,0.0,-99.8,-99.8,-99.8,-99.8,-99.8,-99.8,-99.8
2025-11-04 11:00:00,950.8,22.4,82.0,0.3,92.0,2.6,96.0,0.0,-99.8,-99.8,-99.8,-99.8,-99.8,-99.8,-99.8
2025-11-04 12:00:00,950.1,22.1,87.0,1.0,59.0,3.8,94.0,0.0,-99.8,-99.8,-99.8,-99.8,-99.8,-99.8,-99.8
2025-11-04 13:00:00,949.5,21.2,91.0,0.9,12.0,3.9,86.0,0.0,-99.8,-99.8,-99.8,-99.8,-99.8,-99.8,-99.8
2025-11-04 14:00:00,949.2,20.2,96.0,0.1,0.0,3.4,88.0,0.0,-99.8,-99.8,-99.8,-99.8,-99.8,-99.8,-99.8
2025-11-04 15:00:00,949.0,20.0,96.0,0.3,244.0,1.4,91.0,0.0,-99.8,-99.8,-99.8,-99.8,-99.8,-99.8,-99.8
2025-11-04 16:00:00,949.0,20.0,97.0,0.3,257.0,1.0,152.0,-999.6,-99.8,-99.8,-99.8,-99.8,-99.8,-99.8,-99.8
2025-11-04 17:00:00,949.4,19.6,97.0,0.7,232.0,2.0,120.0,0.0,-99.8,-99.8,-99.8,-99.8,-99.8,-99.8,-99.8
2025-11-04 18:00:00,949.4,19.8,94.0,0.0,0.0,1.7,101.0,0.0,-99.8,-99.8,-99.8,-99.8,-99.8,-99.8,-99.8
2025-11-04 19:00:00,949.8,19.5,96.0,1.6,216.0,2.6,239.0,0.0,-99.8,-99.8,-99.8,-99.8,-99.8,-99.8,-99.8
2025-11-04 20:00:00,950.2,19.7,95.0,0.6,322.0,2.6,288.0,0.0,-99.8,-99.8,-99.8,-99.8,-99.8,-99.8,-99.8
2025-11-04 21:00:00,950.3,19.4,97.0,1.0,236.0,1.5,270.0,0.0,-99.8,-99.8,-99.8,-99.8,-99.8,-99.8,-99.8
2025-11-04 22:00:00,949.3,19.4,96.0,1.8,224.0,2.5,234.0,0.0,-99.8,-99.8,-99.8,-99.8,-99.8,-99.8,-99.8
2025-11-04 23:00:00,948.8,19.5,96.0,1.8,235.0,3.0,150.0,0.0,-99.8,-99.8,-99.8,-99.8,-99.8,-99.8,-99.8
2025-11-05 00:00:00,948.4,19.3,96.0,0.2,0.0,2.9,275.0,0.0,-99.8,-99.8,-99.8,-99.8,-99.8,-99.8,-99.8
2025-11-05 01:00:00,948.0,19.6,94.0,0.0,0.0,1.1,215.0,0.0,-99.8,-99.8,-99.8,-99.8,-99.8,-99.8,-99.8
2025-11-05 02:00:00,947.2,19.2,96.0,1.9,241.0,3.7,241.0,0.0,-99.8,-99.8,-99.8,-99.8,-99.8,-99.8,-99.8
2025-11-05 03:00:00,946.4,19.2,95.0,1.1,258.0,3.4,242.0,0.0,-99.8,-99.8,-99.8,-99.8,-99.8,-99.8,-99.8
2025-11-05 04:00:00,945.9,19.2,93.0,1.7,254.0,2.6,203.0,0.0,-99.8,-99.8,-99.8,-99.8,-99.8,-99.8,-99.8
2025-11-05 05:00:00,946.3,18.7,95.0,0.2,0.0,2.3,247.0,0.0,-99.8,-99.8,-99.8,-99.8,-99.8,-99.8,-99.8
2025-11-05 06:00:00,947.7,18.4,96.0,0.0,0.0,1.1,99.0,0.0,-99.8,-99.8,-99.8,-99.8,-99.8,-99.8,-99.8
2025-11-05 07:00:00,948.5,19.2,93.0,0.8,255.0,2.1,240.0,0.0,-99.8,-99.8,-99.8,-99.8,-99.8,-99.8,-99.8
2025-11-05 08:00:00,948.7,20.2,89.0,1.9,264.0,4.0,244.0,-999.6,-99.8,-99.8,-99.8,-99.8,-99.8,-99.8,-99.8
2025-11-05 09:00:00,949.0,23.9,71.0,0.8,248.0,3.1,264.0,0.0,-99.8,-99.8,-99.8,-99.8,-99.8,-99.8,-99.8
2025-11-05 10:00:00,949.1,23.2,82.0,1.1,92.0,2.3,100.0,0.0,-99.8,-99.8,-99.8,-99.8,-99.8,-99.8,-99.8
2025-11-05 11:00:00,948.6,22.9,83.0,0.3,323.0,4.6,103.0,0.0,-99.8,-99.8,-99.8,-99.8,-99.8,-99.8,-99.8
2025-11-05 12:00:00,947.9,22.7,89.0,0.2,0.0,1.9,88.0,0.0,-99.8,-99.8,-99.8,-99.8,-99.8,-99.8,-99.8
2025-11-05 13:00:00,947.4,22.2,87.0,0.4,82.0,2.5,98.0,0.0,-99.8,-99.8,-99.8,-99.8,-99.8,-99.8,-99.8
2025-11-05 14:00:00,947.1,22.5,88.0,0.5,72.0,1.6,95.0,0.0,-99.8,-99.8,-99.8,-99.8,-99.8,-99.8,-99.8
2025-11-05 15:00:00,-99.8,-99.8,-99.8,-99.8,-99.8,1.3,83.0,-999.6,-99.8,-99.8,-99.8,-99.8,-99.8,-99.8,-99.8
2025-11-05 16:00:00,947.3,21.2,92.0,0.1,0.0,2.8,84.0,0.0,-99.8,-99.8,-99.8,-99.8,-99.8,-99.8,-99.8
2025-11-05 17:00:00,947.6,20.7,93.0,0.0,0.0,1.2,66.0,0.0,-99.8,-99.8,-99.8,-99.8,-99.8,-99.8,-99.8
2025-11-05 18:00:00,948.0,20.2,95.0,0.0,0.0,1.5,96.0,0.0,-99.8,-99.8,-99.8,-99.8,-99.8,-99.8,-99.8
2025-11-05 19:00:00,948.5,20.0,98.0,0.0,0.0,1.4,236.0,0.0,-99.8,-99.8,-99.8,-99.8,-99.8,-99.8,-99.8
2025-11-05 20:00:00,949.2,19.9,97.0,0.2,0.0,1.5,256.0,-999.6,-99.8,-99.8,-99.8,-99.8,-99.8,-99.8,-99.8
2025-11-05 21:00:00,949.5,20.1,96.0,0.8,206.0,2.8,65.0,0.0,-99.8,-99.8,-99.8,-99.8,-99.8,-99.8,-99.8
2025-11-05 22:00:00,949.6,20.1,94.0,0.2,0.0,2.3,239.0,0.0,-99.8,-99.8,-99.8,-99.8,-99.8,-99.8,-99.8
2025-11-05 23:00:00,949.8,19.5,98.0,1.2,167.0,1.9,244.0,0.5,-99.8,-99.8,-99.8,-99.8,-99.8,-99.8,-99.8
2025-11-06 00:00:00,949.5,19.5,98.0,1.7,158.0,2.9,82.0,0.0,-99.8,-99.8,-99.8,-99.8,-99.8,-99.8,-99.8
2025-11-06 01:00:00,949.1,19.6,97.0,1.4,183.0,3.4,98.0,0.0,-99.8,-99.8,-99.8,-99.8,-99.8,-99.8,-99.8
2025-11-06 02:00:00,949.0,19.5,97.0,0.7,107.0,2.6,284.0,0.0,-99.8,-99.8,-99.8,-99.8,-99.8,-99.8,-99.8
2025-11-06 03:00:00,949.0,19.4,98.0,0.0,0.0,1.6,103.0,0.0,-99.8,-99.8,-99.8,-99.8,-99.8,-99.8,-99.8
2025-11-06 04:00:00,949.1,19.1,99.0,0.0,0.0,0.0,0.0,0.0,-99.8,-99.8,-99.8,-99.8,-99.8,-99.8,-99.8
2025-11-06 05:00:00,949.4,19.2,98.0,0.0,0.0,0.1,0.0,0.0,-99.8,-99.8,-99.8,-99.8,-99.8,-99.8,-99.8
2025-11-06 06:00:00,950.1,19.5,97.0,0.3,227.0,1.4,228.0,0.0,-99.8,-99.8,-99.8,-99.8,-99.8,-99.8,-99.8
2025-11-06 07:00:00,950.4,19.7,96.0,0.7,248.0,2.5,245.0,0.0,-99.8,-99.8,-99.8,-99.8,-99.8,-99.8,-99.8
2025-11-06 08:00:00,950.7,20.4,96.0,0.9,85.0,1.6,88.0,0.0,-99.8,-99.8,-99.8,-99.8,-99.8,-99.8,-99.8
2025-11-06 09:00:00,951.0,21.8,89.0,0.4,68.0,2.5,93.0,-999.6,-99.8,-99.8,-99.8,-99.8,-99.8,-99.8,-99.8
2025-11-06 10:00:00,950.8,21.8,89.0,0.5,24.0,3.4,78.0,0.0,-99.8,-99.8,-99.8,-99.8,-99.8,-99.8,-99.8
2025-11-06 11:00:00,950.3,22.5,89.0,0.7,66.0,4.3,75.0,0.0,-99.8,-99.8,-99.8,-99.8,-99.8,-99.8,-99.8
2025-11-06 12:00:00,949.9,22.5,86.0,0.8,33.0,5.6,98.0,0.0,-99.8,-99.8,-99.8,-99.8,-99.8,-99.8,-99.8
2025-11-06 13:00:00,949.4,22.1,87.0,0.6,1.0,3.3,91.0,0.0,-99.8,-99.8,-99.8,-99.8,-99.8,-99.8,-99.8
2025-11-06 14:00:00,948.6,22.7,85.0,0.9,85.0,4.0,88.0,0.0,-99.8,-99.8,-99.8,-99.8,-99.8,-99.8,-99.8
2025-11-06 15:00:00,948.6,22.0,88.0,0.3,344.0,3.0,94.0,0.0,-99.8,-99.8,-99.8,-99.8,-99.8,-99.8,-99.8
2025-11-06 16:00:00,948.9,21.2,91.0,0.0,0.0,1.8,18.0,0.0,-99.8,-99.8,-99.8,-99.8,-99.8,-99.8,-99.8
2025-11-06 17:00:00,949.3,20.6,94.0,0.0,0.0,0.8,165.0,0.0,-99.8,-99.8,-99.8,-99.8,-99.8,-99.8,-99.8
2025-11-06 18:00:00,949.6,20.2,95.0,0.0,0.0,0.5,58.0,0.0,-99.8,-99.8,-99.8,-99.8,-99.8,-99.8,-99.8
2025-11-06 19:00:00,950.3,19.9,97.0,0.4,99.0,1.4,98.0,0.0,-99.8,-99.8,-99.8,-99.8,-99.8,-99.8,-99.8
2025-11-06 20:00:00,950.8,19.9,98.0,0.0,0.0,0.5,65.0,0.0,-99.8,-99.8,-99.8,-99.8,-99.8,-99.8,-99.8
2025-11-06 21:00:00,950.9,19.9,96.0,0.9,96.0,1.4,49.0,0.0,-99.8,-99.8,-99.8,-99.8,-99.8,-99.8,-99.8
2025-11-06 22:00:00,951.0,19.9,95.0,0.0,0.0,2.1,292.0,-999.6,-99.8,-99.8,-99.8,-99.8,-99.8,-99.8,-99.8
2025-11-06 23:00:00,951.1,19.8,97.0,0.0,0.0,1.1,97.0,0.0,-99.8,-99.8,-99.8,-99.8,-99.8,-99.8,-99.8
2025-11-07 00:00:00,951.2,19.5,100.0,0.0,0.0,0.4,85.0,0.0,-99.8,-99.8,-99.8,-99.8,-99.8,-99.8,-99.8
2025-11-07 01:00:00,951.1,19.6,99.0,0.2,0.0,1.4,176.0,0.0,-99.8,-99.8,-99.8,-99.8,-99.8,-99.8,-99.8
2025-11-07 02:00:00,950.8,19.7,97.0,0.0,0.0,1.5,173.0,0.0,-99.8,-99.8,-99.8,-99.8,-99.8,-99.8,-99.8
2025-11-07 03:00:00,950.6,19.6,97.0,0.9,92.0,1.2,58.0,0.0,-99.8,-99.8,-99.8,-99.8,-99.8,-99.8,-99.8
2025-11-07 04:00:00,950.6,19.7,96.0,1.7,133.0,3.1,78.0,0.0,-99.8,-99.8,-99.8,-99.8,-99.8,-99.8,-99.8
2025-11-07 05:00:00,950.8,19.9,93.0,0.0,0.0,2.2,111.0,0.0,-99.8,-99.8,-99.8,-99.8,-99.8,-99.8,-99.8
2025-11-07 06:00:00,951.5,19.7,96.0,1.5,112.0,2.6,153.0,0.0,-99.8,-99.8,-99.8,-99.8,-99.8,-99.8,-99.8
2025-11-07 07:00:00,951.9,19.8,93.0,1.6,170.0,3.3,69.0,0.0,-99.8,-99.8,-99.8,-99.8,-99.8,-99.8,-99.8
2025-11-07 08:00:00,952.2,22.1,80.0,1.0,243.0,2.9,241.0,0.0,-99.8,-99.8,-99.8,-99.8,-99.8,-99.8,-99.8
2025-11-07 09:00:00,952.5,24.2,73.0,0.3,239.0,2.1,238.0,0.0,-99.8,-99.8,-99.8,-99.8,-99.8,-99.8,-99.8
2025-11-07 10:00:00,952.3,26.1,72.0,0.7,64.0,1.9,45.0,0.0,-99.8,-99.8,-99.8,-99.8,-99.8,-99.8,-99.8
2025-11-07 11:00:00,951.5,26.0,75.0,0.7,40.0,3.1,86.0,0.0,-99.8,-99.8,-99.8,-99.8,-99.8,-99.8,-99.8
2025-11-07 12:00:00,950.6,26.1,74.0,0.9,47.0,3.1,92.0,0.0,-99.8,-99.8,-99.8,-99.8,-99.8,-99.8,-99.8
2025-11-07 13:00:00,950.0,25.4,74.0,0.8,70.0,3.5,87.0,0.0,-99.8,-99.8,-99.8,-99.8,-99.8,-99.8,-99.8
2025-11-07 14:00:00,950.0,26.0,73.0,1.0,77.0,4.2,81.0,0.0,-99.8,-99.8,-99.8,-99.8,-99.8,-99.8,-99.8
2025-11-07 15:00:00,949.9,23.0,87.0,0.2,0.0,2.7,36.0,0.0,-99.8,-99.8,-99.8,-99.8,-99.8,-99.8,-99.8
2025-11-07 16:00:00,950.1,21.9,91.0,0.0,0.0,2.8,88.0,0.0,-99.8,-99.8,-99.8,-99.8,-99.8,-99.8,-99.8
2025-11-07 17:00:00,950.5,21.4,93.0,0.0,0.0,1.2,167.0,0.0,-99.8,-99.8,-99.8,-99.8,-99.8,-99.8,-99.8
2025-11-07 18:00:00,950.8,21.1,96.0,0.5,224.0,0.9,224.0,0.0,-99.8,-99.8,-99.8,-99.8,-99.8,-99.8,-99.8
2025-11-07 19:00:00,951.2,21.3,93.0,0.0,0.0,1.9,65.0,0.0,-99.8,-99.8,-99.8,-99.8,-99.8,-99.8,-99.8
2025-11-07 20:00:00,951.7,21.3,94.0,0.0,0.0,1.4,157.0,0.0,-99.8,-99.8,-99.8,-99.8,-99.8,-99.8,-99.8
2025-11-07 21:00:00,952.0,21.1,95.0,0.0,0.0,1.4,107.0,0.0,-99.8,-99.8,-99.8,-99.8,-99.8,-99.8,-99.8
2025-11-07 22:00:00,952.2,21.0,96.0,0.0,0.0,0.8,216.0,0.0,-99.8,-99.8,-99.8,-99.8,-99.8,-99.8,-99.8
2025-11-07 23:00:00,952.1,20.9,96.0,0.0,0.0,0.5,159.0,0.0,-99.8,-99.8,-99.8,-99.8,-99.8,-99.8,-99.8
2025-11-08 00:00:00,952.0,20.8,97.0,0.0,0.0,0.7,108.0,0.0,-99.8,-99.8,-99.8,-99.8,-99.8,-99.8,-99.8
2025-11-08 01:00:00,951.3,20.5,98.0,0.1,0.0,1.0,160.0,0.0,-99.8,-99.8,-99.8,-99.8,-99.8,-99.8,-99.8
2025-11-08 02:00:00,950.9,20.5,98.0,0.1,0.0,0.7,274.0,0.0,-99.8,-99.8,-99.8,-99.8,-99.8,-99.8,-99.8
2025-11-08 03:00:00,950.5,20.4,98.0,0.0,0.0,0.0,0.0,0.0,-99.8,-99.8,-99.8,-99.8,-99.8,-99.8,-99.8
2025-11-08 04:00:00,950.5,20.3,97.0,0.0,0.0,0.8,184.0,0.0,-99.8,-99.8,-99.8,-99.8,-99.8,-99.8,-99.8
2025-11-08 05:00:00,950.7,19.9,97.0,0.9,102.0,2.4,54.0,0.0,-99.8,-99.8,-99.8,-99.8,-99.8,-99.8,-99.8
2025-11-08 06:00:00,951.0,19.5,96.0,1.7,118.0,3.1,124.0,0.0,-99.8,-99.8,-99.8,-99.8,-99.8,-99.8,-99.8
2025-11-08 07:00:00,951.4,19.8,90.0,0.7,194.0,2.6,280.0,0.0,-99.8,-99.8,-99.8,-99.8,-99.8,-99.8,-99.8
2025-11-08 08:00:00,951.5,21.7,82.0,0.9,222.0,1.6,171.0,0.0,-99.8,-99.8,-99.8,-99.8,-99.8,-99.8,-99.8
2025-11-08 09:00:00,951.6,25.3,72.0,0.1,0.0,2.0,240.0,0.0,-99.8,-99.8,-99.8,-99.8,-99.8,-99.8,-99.8
2025-11-08 10:00:00,951.4,25.1,78.0,0.8,36.0,3.9,95.0,0.0,-99.8,-99.8,-99.8,-99.8,-99.8,-99.8,-99.8
2025-11-08 11:00:00,950.8,23.8,83.0,1.0,90.0,4.4,85.0,0.0,-99.8,-99.8,-99.8,-99.8,-99.8,-99.8,-99.8
2025-11-08 12:00:00,949.8,24.6,82.0,0.6,47.0,2.7,88.0,0.0,-99.8,-99.8,-99.8,-99.8,-99.8,-99.8,-99.8
2025-11-08 13:00:00,949.1,23.7,83.0,1.8,86.0,5.1,98.0,0.0,-99.8,-99.8,-99.8,-99.8,-99.8,-99.8,-99.8
2025-11-08 14:00:00,948.8,22.8,89.0,0.6,49.0,4.6,69.0,0.0,-99.8,-99.8,-99.8,-99.8,-99.8,-99.8,-99.8
2025-11-08 15:00:00,948.9,22.2,87.0,0.8,92.0,3.1,83.0,0.0,-99.8,-99.8,-99.8,-99.8,-99.8,-99.8,-99.8
2025-11-08 16:00:00,949.0,21.9,90.0,0.0,0.0,5.4,90.0,0.0,-99.8,-99.8,-99.8,-99.8,-99.8,-99.8,-99.8
2025-11-08 17:00:00,949.4,21.0,92.0,0.0,0.0,1.7,113.0,0.0,-99.8,-99.8,-99.8,-99.8,-99.8,-99.8,-99.8
2025-11-08 18:00:00,949.9,20.8,92.0,0.0,0.0,1.6,91.0,0.0,-99.8,-99.8,-99.8,-99.8,-99.8,-99.8,-99.8
2025-11-08 19:00:00,950.6,20.5,92.0,0.0,0.0,0.6,173.0,0.0,-99.8,-99.8,-99.8,-99.8,-99.8,-99.8,-99.8
2025-11-08 20:00:00,951.0,20.4,91.0,1.4,165.0,3.0,215.0,0.0,-99.8,-99.8,-99.8,-99.8,-99.8,-99.8,-99.8
2025-11-08 21:00:00,951.0,20.3,92.0,1.3,172.0,2.4,67.0,0.0,-99.8,-99.8,-99.8,-99.8,-99.8,-99.8,-99.8
2025-11-08 22:00:00,951.1,20.2,93.0,0.9,221.0,1.6,266.0,0.0,-99.8,-99.8,-99.8,-99.8,-99.8,-99.8,-99.8
2025-11-08 23:00:00,950.1,20.0,92.0,2.1,251.0,3.9,252.0,0.0,-99.8,-99.8,-99.8,-99.8,-99.8,-99.8,-99.8
2025-11-09 00:00:00,949.4,19.7,93.0,2.4,262.0,4.8,243.0,0.0,-99.8,-99.8,-99.8,-99.8,-99.8,-99.8,-99.8
2025-11-09 01:00:00,948.7,19.6,89.0,1.5,262.0,4.3,242.0,0.0,-99.8,-99.8,-99.8,-99.8,-99.8,-99.8,-99.8
2025-11-09 02:00:00,948.7,19.5,87.0,1.6,272.0,2.9,241.0,0.0,-99.8,-99.8,-99.8,-99.8,-99.8,-99.8,-99.8
2025-11-09 03:00:00,948.5,18.6,92.0,1.5,264.0,2.7,237.0,-999.6,-99.8,-99.8,-99.8,-99.8,-99.8,-99.8,-99.8
2025-11-09 04:00:00,948.3,18.9,87.0,2.3,272.0,3.9,270.0,0.0,-99.8,-99.8,-99.8,-99.8,-99.8,-99.8,-99.8
2025-11-09 05:00:00,948.4,18.5,89.0,1.9,262.0,3.4,261.0,0.0,-99.8,-99.8,-99.8,-99.8,-99.8,-99.8,-99.8
2025-11-09 06:00:00,948.9,19.4,80.0,0.8,281.0,6.0,267.0,0.0,-99.8,-99.8,-99.8,-99.8,-99.8,-99.8,-99.8
2025-11-09 07:00:00,949.7,19.1,85.0,0.6,181.0,2.4,247.0,0.0,-99.8,-99.8,-99.8,-99.8,-99.8,-99.8,-99.8
2025-11-09 08:00:00,949.7,19.6,83.0,1.4,193.0,3.2,237.0,0.0,-99.8,-99.8,-99.8,-99.8,-99.8,-99.8,-99.8
2025-11-09 09:00:00,950.1,20.6,85.0,0.0,0.0,2.2,216.0,0.0,-99.8,-99.8,-99.8,-99.8,-99.8,-99.8,-99.8
2025-11-09 10:00:00,949.4,22.2,77.0,1.2,247.0,2.7,200.0,0.0,-99.8,-99.8,-99.8,-99.8,-99.8,-99.8,-99.8
2025-11-09 11:00:00,948.0,25.6,69.0,1.3,90.0,2.8,246.0,0.0,-99.8,-99.8,-99.8,-99.8,-99.8,-99.8,-99.8
2025-11-09 12:00:00,948.4,23.7,74.0,1.5,108.0,5.6,95.0,-999.6,-99.8,-99.8,-99.8,-99.8,-99.8,-99.8,-99.8
2025-11-09 13:00:00,947.0,24.2,72.0,0.1,0.0,3.2,63.0,0.0,-99.8,-99.8,-99.8,-99.8,-99.8,-99.8,-99.8
2025-11-09 14:00:00,946.8,24.7,75.0,0.8,88.0,3.9,102.0,0.0,-99.8,-99.8,-99.8,-99.8,-99.8,-99.8,-99.8
2025-11-09 15:00:00,946.3,24.3,74.0,0.6,79.0,2.1,87.0,0.0,-99.8,-99.8,-99.8,-99.8,-99.8,-99.8,-99.8
2025-11-09 16:00:00,946.8,22.5,83.0,0.3,88.0,1.8,118.0,0.0,-99.8,-99.8,-99.8,-99.8,-99.8,-99.8,-99.8
2025-11-09 17:00:00,947.3,21.3,87.0,0.2,0.0,1.8,182.0,0.0,-99.8,-99.8,-99.8,-99.8,-99.8,-99.8,-99.8
2025-11-09 18:00:00,948.1,20.8,94.0,0.4,161.0,2.3,89.0,0.0,-99.8,-99.8,-99.8,-99.8,-99.8,-99.8,-99.8
2025-11-09 19:00:00,948.9,20.9,92.0,0.1,0.0,2.1,206.0,0.0,-99.8,-99.8,-99.8,-99.8,-99.8,-99.8,-99.8
2025-11-09 20:00:00,948.5,20.1,96.0,1.2,173.0,2.2,79.0,0.0,-99.8,-99.8,-99.8,-99.8,-99.8,-99.8,-99.8
2025-11-09 21:00:00,948.6,20.4,89.0,0.5,192.0,2.1,242.0,0.0,-99.8,-99.8,-99.8,-99.8,-99.8,-99.8,-99.8
2025-11-09 22:00:00,948.0,19.8,95.0,2.1,235.0,3.8,214.0,-999.6,-99.8,-99.8,-99.8,-99.8,-99.8,-99.8,-99.8
2025-11-09 23:00:00,948.2,19.8,93.0,1.9,262.0,3.9,315.0,0.0,-99.8,-99.8,-99.8,-99.8,-99.8,-99.8,-99.8
2025-11-10 00:00:00,947.9,20.9,82.0,0.7,257.0,4.1,261.0,0.0,-99.8,-99.8,-99.8,-99.8,-99.8,-99.8,-99.8
2025-11-10 01:00:00,947.2,20.5,81.0,1.2,274.0,2.6,259.0,0.0,-99.8,-99.8,-99.8,-99.8,-99.8,-99.8,-99.8
2025-11-10 02:00:00,947.1,19.8,85.0,0.7,241.0,1.6,238.0,0.0,-99.8,-99.8,-99.8,-99.8,-99.8,-99.8,-99.8
2025-11-10 03:00:00,947.2,18.1,96.0,1.9,254.0,3.2,254.0,0.5,-99.8,-99.8,-99.8,-99.8,-99.8,-99.8,-99.8
2025-11-10 04:00:00,946.4,17.7,100.0,2.4,259.0,4.1,249.0,0.0,-99.8,-99.8,-99.8,-99.8,-99.8,-99.8,-99.8
2025-11-10 05:00:00,946.9,18.3,99.0,2.3,253.0,4.2,249.0,0.5,-99.8,-99.8,-99.8,-99.8,-99.8,-99.8,-99.8
2025-11-10 06:00:00,947.7,18.2,100.0,0.9,256.0,2.6,256.0,1.0,-99.8,-99.8,-99.8,-99.8,-99.8,-99.8,-99.8
2025-11-10 07:00:00,948.3,18.4,100.0,0.0,0.0,2.9,274.0,1.5,-99.8,-99.8,-99.8,-99.8,-99.8,-99.8,-99.8
2025-11-10 08:00:00,948.5,18.6,100.0,1.5,253.0,2.3,243.0,1.0,-99.8,-99.8,-99.8,-99.8,-99.8,-99.8,-99.8
2025-11-10 09:00:00,948.4,19.1,100.0,1.8,233.0,3.2,278.0,0.5,-99.8,-99.8,-99.8,-99.8,-99.8,-99.8,-99.8
2025-11-10 10:00:00,947.9,19.6,100.0,0.9,249.0,2.8,227.0,2.5,-99.8,-99.8,-99.8,-99.8,-99.8,-99.8,-99.8
2025-11-10 11:00:00,947.3,20.1,99.0,0.0,0.0,1.5,273.0,1.5,-99.8,-99.8,-99.8,-99.8,-99.8,-99.8,-99.8
2025-11-10 12:00:00,946.3,20.1,98.0,0.0,0.0,0.9,131.0,1.5,-99.8,-99.8,-99.8,-99.8,-99.8,-99.8,-99.8
2025-11-10 13:00:00,945.5,20.2,98.0,0.0,0.0,1.4,200.0,2.5,-99.8,-99.8,-99.8,-99.8,-99.8,-99.8,-99.8
2025-11-10 14:00:00,945.2,20.2,99.0,0.0,0.0,1.5,133.0,2.0,-99.8,-99.8,-99.8,-99.8,-99.8,-99.8,-99.8
2025-11-10 15:00:00,944.9,20.0,100.0,0.5,136.0,1.4,278.0,1.5,-99.8,-99.8,-99.8,-99.8,-99.8,-99.8,-99.8
2025-11-10 16:00:00,944.5,19.9,100.0,0.1,0.0,1.6,198.0,2.0,-99.8,-99.8,-99.8,-99.8,-99.8,-99.8,-99.8
2025-11-10 17:00:00,944.5,19.8,100.0,0.6,221.0,2.1,160.0,10.5,-99.8,-99.8,-99.8,-99.8,-99.8,-99.8,-99.8
2025-11-10 18:00:00,944.3,19.7,100.0,1.0,205.0,2.5,230.0,10.0,-99.8,-99.8,-99.8,-99.8,-99.8,-99.8,-99.8
2025-11-10 19:00:00,944.7,19.8,100.0,0.2,0.0,3.1,262.0,5.5,-99.8,-99.8,-99.8,-99.8,-99.8,-99.8,-99.8
2025-11-10 20:00:00,944.6,19.8,100.0,0.0,0.0,2.4,155.0,7.0,-99.8,-99.8,-99.8,-99.8,-99.8,-99.8,-99.8
2025-11-10 21:00:00,944.2,21.1,100.0,2.2,111.0,8.5,93.0,8.0,-99.8,-99.8,-99.8,-99.8,-99.8,-99.8,-99.8
2025-11-10 22:00:00,943.9,21.1,100.0,1.9,110.0,9.1,56.0,6.5,-99.8,-99.8,-99.8,-99.8,-99.8,-99.8,-99.8
2025-11-10 23:00:00,943.5,21.1,100.0,1.5,135.0,7.7,124.0,12.5,-99.8,-99.8,-99.8,-99.8,-99.8,-99.8,-99.8
2025-11-11 00:00:00,943.2,20.9,99.0,1.4,142.0,9.7,88.0,8.0,-99.8,-99.8,-99.8,-99.8,-99.8,-99.8,-99.8
2025-11-11 01:00:00,942.7,20.7,100.0,0.0,0.0,4.7,66.0,11.0,-99.8,-99.8,-99.8,-99.8,-99.8,-99.8,-99.8
2025-11-11 02:00:00,942.5,20.6,100.0,0.3,51.0,2.2,281.0,15.5,-99.8,-99.8,-99.8,-99.8,-99.8,-99.8,-99.8
2025-11-11 03:00:00,941.9,20.6,100.0,0.0,0.0,2.0,180.0,17.5,-99.8,-99.8,-99.8,-99.8,-99.8,-99.8,-99.8
2025-11-11 04:00:00,941.6,20.5,100.0,0.3,84.0,2.7,74.0,10.0,-99.8,-99.8,-99.8,-99.8,-99.8,-99.8,-99.8
2025-11-11 05:00:00,941.9,20.4,100.0,0.4,81.0,2.4,43.0,4.5,-99.8,-99.8,-99.8,-99.8,-99.8,-99.8,-99.8
2025-11-11 06:00:00,942.4,20.4,100.0,0.8,170.0,2.2,161.0,6.5,-99.8,-99.8,-99.8,-99.8,-99.8,-99.8,-99.8
2025-11-11 07:00:00,943.1,20.4,100.0,0.0,0.0,1.8,123.0,9.5,-99.8,-99.8,-99.8,-99.8,-99.8,-99.8,-99.8
2025-11-11 08:00:00,942.9,20.5,100.0,0.5,222.0,3.3,234.0,11.0,-99.8,-99.8,-99.8,-99.8,-99.8,-99.8,-99.8
2025-11-11 09:00:00,943.5,20.5,100.0,1.5,206.0,3.3,119.0,6.0,-99.8,-99.8,-99.8,-99.8,-99.8,-99.8,-99.8
2025-11-11 10:00:00,943.5,20.4,100.0,1.4,245.0,4.2,262.0,7.0,-99.8,-99.8,-99.8,-99.8,-99.8,-99.8,-99.8
2025-11-11 11:00:00,942.2,20.3,100.0,1.9,250.0,4.6,273.0,6.5,-99.8,-99.8,-99.8,-99.8,-99.8,-99.8,-99.8
2025-11-11 12:00:00,941.8,20.2,100.0,1.3,235.0,2.6,228.0,7.0,-99.8,-99.8,-99.8,-99.8,-99.8,-99.8,-99.8
2025-11-11 13:00:00,940.9,20.4,100.0,2.3,252.0,4.2,250.0,7.0,-99.8,-99.8,-99.8,-99.8,-99.8,-99.8,-99.8
2025-11-11 14:00:00,941.0,20.6,100.0,1.5,246.0,4.3,270.0,9.0,-99.8,-99.8,-99.8,-99.8,-99.8,-99.8,-99.8
2025-11-11 15:00:00,941.1,20.8,100.0,1.6,234.0,2.8,220.0,3.0,-99.8,-99.8,-99.8,-99.8,-99.8,-99.8,-99.8
2025-11-11 16:00:00,941.3,20.8,100.0,1.7,216.0,3.8,163.0,4.0,-99.8,-99.8,-99.8,-99.8,-99.8,-99.8,-99.8
2025-11-11 17:00:00,941.7,20.8,100.0,1.2,305.0,3.8,242.0,1.5,-99.8,-99.8,-99.8,-99.8,-99.8,-99.8,-99.8
2025-11-11 18:00:00,941.5,20.8,100.0,2.8,222.0,4.2,243.0,1.5,-99.8,-99.8,-99.8,-99.8,-99.8,-99.8,-99.8
2025-11-11 19:00:00,941.7,20.8,100.0,2.2,251.0,5.1,233.0,2.5,-99.8,-99.8,-99.8,-99.8,-99.8,-99.8,-99.8
2025-11-11 20:00:00,941.7,20.9,100.0,2.6,265.0,5.0,253.0,0.5,-99.8,-99.8,-99.8,-99.8,-99.8,-99.8,-99.8
2025-11-11 21:00:00,941.8,20.9,100.0,2.1,249.0,5.0,164.0,0.0,-99.8,-99.8,-99.8,-99.8,-99.8,-99.8,-99.8
2025-11-11 22:00:00,941.9,21.0,99.0,1.9,267.0,4.9,210.0,0.0,-99.8,-99.8,-99.8,-99.8,-99.8,-99.8,-99.8
2025-11-11 23:00:00,941.8,21.3,97.0,1.9,266.0,4.5,283.0,0.0,-99.8,-99.8,-99.8,-99.8,-99.8,-99.8,-99.8
2025-11-12 00:00:00,941.5,20.8,100.0,1.8,245.0,4.1,263.0,4.5,-99.8,-99.8,-99.8,-99.8,-99.8,-99.8,-99.8
2025-11-12 01:00:00,941.1,20.8,100.0,1.6,245.0,3.0,245.0,0.5,-99.8,-99.8,-99.8,-99.8,-99.8,-99.8,-99.8
2025-11-12 02:00:00,941.1,20.7,100.0,0.6,236.0,2.7,229.0,6.0,-99.8,-99.8,-99.8,-99.8,-99.8,-99.8,-99.8
2025-11-12 03:00:00,941.1,20.6,100.0,2.2,192.0,3.6,224.0,1.0,-99.8,-99.8,-99.8,-99.8,-99.8,-99.8,-99.8
2025-11-12 04:00:00,941.2,20.6,100.0,1.3,198.0,3.3,135.0,0.0,-99.8,-99.8,-99.8,-99.8,-99.8,-99.8,-99.8
2025-11-12 05:00:00,941.5,20.6,100.0,0.4,232.0,2.4,285.0,2.0,-99.8,-99.8,-99.8,-99.8,-99.8,-99.8,-99.8
2025-11-12 06:00:00,942.0,20.6,100.0,0.3,202.0,2.9,91.0,2.5,-99.8,-99.8,-99.8,-99.8,-99.8,-99.8,-99.8
2025-11-12 07:00:00,942.3,20.8,100.0,1.4,196.0,2.1,175.0,0.5,-99.8,-99.8,-99.8,-99.8,-99.8,-99.8,-99.8
2025-11-12 08:00:00,942.9,21.2,100.0,0.7,228.0,2.5,168.0,1.0,-99.8,-99.8,-99.8,-99.8,-99.8,-99.8,-99.8
2025-11-12 09:00:00,942.7,21.4,100.0,0.7,209.0,2.6,173.0,2.5,-99.8,-99.8,-99.8,-99.8,-99.8,-99.8,-99.8
2025-11-12 10:00:00,942.3,21.8,99.0,1.2,196.0,3.1,210.0,5.0,-99.8,-99.8,-99.8,-99.8,-99.8,-99.8,-99.8
2025-11-12 11:00:00,941.6,22.4,90.0,0.8,208.0,4.1,83.0,3.0,-99.8,-99.8,-99.8,-99.8,-99.8,-99.8,-99.8
2025-11-12 12:00:00,940.8,22.1,95.0,1.2,185.0,3.5,122.0,5.5,-99.8,-99.8,-99.8,-99.8,-99.8,-99.8,-99.8
2025-11-12 13:00:00,940.4,22.5,95.0,0.3,360.0,2.0,187.0,2.5,-99.8,-99.8,-99.8,-99.8,-99.8,-99.8,-99.8
2025-11-12 14:00:00,940.1,22.8,96.0,0.2,0.0,2.1,234.0,0.5,-99.8,-99.8,-99.8,-99.8,-99.8,-99.8,-99.8
2025-11-12 15:00:00,940.0,22.5,98.0,0.3,75.0,2.0,84.0,0.5,-99.8,-99.8,-99.8,-99.8,-99.8,-99.8,-99.8
2025-11-12 16:00:00,940.1,21.8,99.0,0.0,0.0,1.7,89.0,0.5,-99.8,-99.8,-99.8,-99.8,-99.8,-99.8,-99.8
2025-11-12 17:00:00,940.6,21.5,100.0,0.7,99.0,2.5,85.0,0.0,-99.8,-99.8,-99.8,-99.8,-99.8,-99.8,-99.8
2025-11-12 18:00:00,941.1,21.4,100.0,0.2,0.0,1.7,99.0,0.0,-99.8,-99.8,-99.8,-99.8,-99.8,-99.8,-99.8
2025-11-12 19:00:00,941.7,21.3,100.0,0.5,273.0,1.5,289.0,0.0,-99.8,-99.8,-99.8,-99.8,-99.8,-99.8,-99.8
2025-11-12 20:00:00,941.6,21.4,100.0,0.6,129.0,3.4,163.0,0.5,-99.8,-99.8,-99.8,-99.8,-99.8,-99.8,-99.8
2025-11-12 21:00:00,941.4,21.5,100.0,0.3,143.0,4.0,91.0,0.0,-99.8,-99.8,-99.8,-99.8,-99.8,-99.8,-99.8
2025-11-12 22:00:00,941.4,21.5,100.0,0.1,0.0,2.7,100.0,0.0,-99.8,-99.8,-99.8,-99.8,-99.8,-99.8,-99.8
2025-11-12 23:00:00,941.4,21.5,100.0,0.0,0.0,2.9,59.0,0.0,-99.8,-99.8,-99.8,-99.8,-99.8,-99.8,-99.8
2025-11-13 00:00:00,940.9,21.5,100.0,0.0,0.0,1.7,78.0,0.0,-99.8,-99.8,-99.8,-99.8,-99.8,-99.8,-99.8
2025-11-13 01:00:00,940.1,21.4,100.0,0.1,0.0,1.6,98.0,0.0,-99.8,-99.8,-99.8,-99.8,-99.8,-99.8,-99.8
2025-11-13 02:00:00,940.0,21.3,100.0,0.0,0.0,1.9,133.0,0.0,-99.8,-99.8,-99.8,-99.8,-99.8,-99.8,-99.8
2025-11-13 03:00:00,940.3,21.3,100.0,1.0,114.0,1.3,84.0,0.0,-99.8,-99.8,-99.8,-99.8,-99.8,-99.8,-99.8
2025-11-13 04:00:00,939.8,21.1,100.0,1.7,114.0,2.8,78.0,0.5,-99.8,-99.8,-99.8,-99.8,-99.8,-99.8,-99.8
2025-11-13 05:00:00,939.9,20.9,100.0,2.8,194.0,4.2,234.0,0.5,-99.8,-99.8,-99.8,-99.8,-99.8,-99.8,-99.8
2025-11-13 06:00:00,940.3,20.9,100.0,2.1,239.0,5.5,186.0,0.0,-99.8,-99.8,-99.8,-99.8,-99.8,-99.8,-99.8
2025-11-13 07:00:00,941.5,22.1,90.0,3.8,254.0,6.6,209.0,0.5,-99.8,-99.8,-99.8,-99.8,-99.8,-99.8,-99.8
2025-11-13 08:00:00,942.9,22.8,78.0,2.9,259.0,7.9,253.0,0.0,-99.8,-99.8,-99.8,-99.8,-99.8,-99.8,-99.8
2025-11-13 09:00:00,944.6,23.9,65.0,2.1,263.0,8.7,263.0,0.0,-99.8,-99.8,-99.8,-99.8,-99.8,-99.8,-99.8
2025-11-13 10:00:00,945.2,23.5,63.0,2.0,277.0,10.0,258.0,0.0,-99.8,-99.8,-99.8,-99.8,-99.8,-99.8,-99.8
2025-11-13 11:00:00,945.1,23.6,65.0,2.9,263.0,7.7,271.0,0.0,-99.8,-99.8,-99.8,-99.8,-99.8,-99.8,-99.8
2025-11-13 12:00:00,944.5,23.5,66.0,2.6,255.0,6.4,252.0,0.0,-99.8,-99.8,-99.8,-99.8,-99.8,-99.8,-99.8
2025-11-13 13:00:00,943.8,25.5,58.0,1.5,290.0,6.5,263.0,0.0,-99.8,-99.8,-99.8,-99.8,-99.8,-99.8,-99.8
2025-11-13 14:00:00,943.8,24.1,64.0,1.4,245.0,6.5,214.0,0.0,-99.8,-99.8,-99.8,-99.8,-99.8,-99.8,-99.8
2025-11-13 15:00:00,944.0,23.4,62.0,1.7,233.0,8.2,247.0,0.0,-99.8,-99.8,-99.8,-99.8,-99.8,-99.8,-99.8
2025-11-13 16:00:00,944.5,22.5,66.0,2.0,246.0,5.7,270.0,-999.6,-99.8,-99.8,-99.8,-99.8,-99.8,-99.8,-99.8
2025-11-13 17:00:00,945.3,21.9,69.0,2.0,239.0,5.2,158.0,0.0,-99.8,-99.8,-99.8,-99.8,-99.8,-99.8,-99.8
2025-11-13 18:00:00,946.2,21.5,69.0,2.0,250.0,4.8,222.0,0.0,-99.8,-99.8,-99.8,-99.8,-99.8,-99.8,-99.8
2025-11-13 19:00:00,947.2,21.3,71.0,1.8,237.0,5.0,298.0,0.0,-99.8,-99.8,-99.8,-99.8,-99.8,-99.8,-99.8
2025-11-13 20:00:00,947.5,21.2,69.0,1.8,240.0,5.4,238.0,0.0,-99.8,-99.8,-99.8,-99.8,-99.8,-99.8,-99.8
2025-11-13 21:00:00,948.2,21.0,72.0,0.2,0.0,4.6,277.0,0.0,-99.8,-99.8,-99.8,-99.8,-99.8,-99.8,-99.8
2025-11-13 22:00:00,948.9,21.0,69.0,2.0,239.0,4.8,240.0,0.0,-99.8,-99.8,-99.8,-99.8,-99.8,-99.8,-99.8
2025-11-13 23:00:00,948.9,20.7,74.0,1.5,261.0,5.2,274.0,0.0,-99.8,-99.8,-99.8,-99.8,-99.8,-99.8,-99.8
2025-11-14 00:00:00,948.8,20.0,79.0,1.6,262.0,3.8,253.0,0.0,-99.8,-99.8,-99.8,-99.8,-99.8,-99.8,-99.8
2025-11-14 01:00:00,948.8,19.6,81.0,2.0,253.0,4.5,261.0,0.0,-99.8,-99.8,-99.8,-99.8,-99.8,-99.8,-99.8
2025-11-14 02:00:00,948.8,19.3,83.0,1.9,251.0,3.6,254.0,0.0,-99.8,-99.8,-99.8,-99.8,-99.8,-99.8,-99.8
2025-11-14 03:00:00,948.8,18.7,89.0,1.8,261.0,3.9,263.0,0.0,-99.8,-99.8,-99.8,-99.8,-99.8,-99.8,-99.8
2025-11-14 04:00:00,948.8,18.7,90.0,2.1,262.0,3.7,266.0,0.0,-99.8,-99.8,-99.8,-99.8,-99.8,-99.8,-99.8
2025-11-14 05:00:00,948.9,18.7,84.0,2.0,260.0,4.3,237.0,0.0,-99.8,-99.8,-99.8,-99.8,-99.8,-99.8,-99.8
2025-11-14 06:00:00,949.9,18.6,80.0,1.6,251.0,4.5,252.0,0.0,-99.8,-99.8,-99.8,-99.8,-99.8,-99.8,-99.8
2025-11-14 07:00:00,950.9,18.7,83.0,0.5,264.0,2.6,257.0,0.0,-99.8,-99.8,-99.8,-99.8,-99.8,-99.8,-99.8
2025-11-14 08:00:00,952.0,19.5,75.0,1.0,267.0,3.0,284.0,0.0,-99.8,-99.8,-99.8,-99.8,-99.8,-99.8,-99.8
2025-11-14 09:00:00,952.6,20.2,71.0,1.3,251.0,4.5,264.0,0.0,-99.8,-99.8,-99.8,-99.8,-99.8,-99.8,-99.8
2025-11-14 10:00:00,952.7,20.8,66.0,1.4,259.0,5.0,237.0,0.0,-99.8,-99.8,-99.8,-99.8,-99.8,-99.8,-99.8
2025-11-14 11:00:00,952.1,23.0,64.0,0.3,276.0,3.4,275.0,0.0,-99.8,-99.8,-99.8,-99.8,-99.8,-99.8,-99.8
2025-11-14 12:00:00,951.5,22.7,68.0,0.4,32.0,2.2,337.0,0.0,-99.8,-99.8,-99.8,-99.8,-99.8,-99.8,-99.8
2025-11-14 13:00:00,950.5,21.4,75.0,0.3,55.0,2.8,86.0,0.0,-99.8,-99.8,-99.8,-99.8,-99.8,-99.8,-99.8
2025-11-14 14:00:00,949.9,20.9,78.0,0.2,0.0,1.5,67.0,-999.6,-99.8,-99.8,-99.8,-99.8,-99.8,-99.8,-99.8
2025-11-14 15:00:00,949.6,20.7,80.0,0.2,0.0,1.3,122.0,0.0,-99.8,-99.8,-99.8,-99.8,-99.8,-99.8,-99.8
2025-11-14 16:00:00,949.8,20.2,77.0,0.3,211.0,2.7,233.0,0.0,-99.8,-99.8,-99.8,-99.8,-99.8,-99.8,-99.8
2025-11-14 17:00:00,950.7,19.3,77.0,1.0,212.0,1.8,146.0,0.0,-99.8,-99.8,-99.8,-99.8,-99.8,-99.8,-99.8
2025-11-14 18:00:00,951.5,18.9,78.0,1.3,178.0,2.2,144.0,0.0,-99.8,-99.8,-99.8,-99.8,-99.8,-99.8,-99.8
2025-11-14 19:00:00,952.4,19.0,76.0,0.7,218.0,3.8,211.0,0.0,-99.8,-99.8,-99.8,-99.8,-99.8,-99.8,-99.8
2025-11-14 20:00:00,953.2,19.0,74.0,1.1,226.0,3.6,233.0,0.0,-99.8,-99.8,-99.8,-99.8,-99.8,-99.8,-99.8
2025-11-14 21:00:00,953.8,19.0,71.0,1.5,230.0,4.5,259.0,0.0,-99.8,-99.8,-99.8,-99.8,-99.8,-99.8,-99.8
2025-11-14 22:00:00,954.2,18.3,79.0,0.6,227.0,4.9,223.0,0.0,-99.8,-99.8,-99.8,-99.8,-99.8,-99.8,-99.8
2025-11-14 23:00:00,954.2,18.2,79.0,1.9,258.0,4.2,234.0,0.0,-99.8,-99.8,-99.8,-99.8,-99.8,-99.8,-99.8
2025-11-15 00:00:00,954.2,17.7,83.0,1.4,271.0,3.6,230.0,0.0,-99.8,-99.8,-99.8,-99.8,-99.8,-99.8,-99.8
2025-11-15 01:00:00,953.9,17.0,88.0,1.8,250.0,2.6,234.0,0.0,-99.8,-99.8,-99.8,-99.8,-99.8,-99.8,-99.8
2025-11-15 02:00:00,953.4,17.2,87.0,1.1,264.0,2.5,242.0,0.0,-99.8,-99.8,-99.8,-99.8,-99.8,-99.8,-99.8
2025-11-15 03:00:00,953.1,17.0,91.0,1.6,263.0,2.7,286.0,0.0,-99.8,-99.8,-99.8,-99.8,-99.8,-99.8,-99.8
2025-11-15 04:00:00,953.0,16.7,91.0,1.3,247.0,3.3,280.0,0.0,-99.8,-99.8,-99.8,-99.8,-99.8,-99.8,-99.8
2025-11-15 05:00:00,953.4,16.4,92.0,0.0,0.0,1.6,256.0,0.0,-99.8,-99.8,-99.8,-99.8,-99.8,-99.8,-99.8
2025-11-15 06:00:00,954.3,16.6,93.0,1.1,250.0,1.9,249.0,0.0,-99.8,-99.8,-99.8,-99.8,-99.8,-99.8,-99.8
2025-11-15 07:00:00,954.8,16.9,92.0,1.9,258.0,2.8,260.0,0.0,-99.8,-99.8,-99.8,-99.8,-99.8,-99.8,-99.8
2025-11-15 08:00:00,955.2,17.7,87.0,1.5,261.0,3.2,258.0,0.0,-99.8,-99.8,-99.8,-99.8,-99.8,-99.8,-99.8
2025-11-15 09:00:00,955.2,19.2,76.0,0.6,271.0,1.9,271.0,0.0,-99.8,-99.8,-99.8,-99.8,-99.8,-99.8,-99.8
2025-11-15 10:00:00,954.9,22.8,69.0,1.0,35.0,3.1,77.0,0.0,-99.8,-99.8,-99.8,-99.8,-99.8,-99.8,-99.8
2025-11-15 11:00:00,954.2,22.7,73.0,0.9,48.0,3.0,99.0,0.0,-99.8,-99.8,-99.8,-99.8,-99.8,-99.8,-99.8
2025-11-15 12:00:00,953.5,23.0,71.0,0.8,37.0,4.3,94.0,0.0,-99.8,-99.8,-99.8,-99.8,-99.8,-99.8,-99.8
2025-11-15 13:00:00,952.9,23.0,71.0,1.0,52.0,4.6,66.0,0.0,-99.8,-99.8,-99.8,-99.8,-99.8,-99.8,-99.8
2025-11-15 14:00:00,952.7,22.2,72.0,0.9,107.0,4.6,93.0,0.0,-99.8,-99.8,-99.8,-99.8,-99.8,-99.8,-99.8
2025-11-15 15:00:00,952.8,20.5,79.0,0.3,62.0,4.8,93.0,0.0,-99.8,-99.8,-99.8,-99.8,-99.8,-99.8,-99.8
2025-11-15 16:00:00,953.4,19.3,84.0,0.1,0.0,2.8,82.0,0.0,-99.8,-99.8,-99.8,-99.8,-99.8,-99.8,-99.8
2025-11-15 17:00:00,954.0,18.8,86.0,0.4,186.0,2.2,144.0,0.0,-99.8,-99.8,-99.8,-99.8,-99.8,-99.8,-99.8
2025-11-15 18:00:00,954.3,18.7,85.0,0.0,0.0,1.0,73.0,0.0,-99.8,-99.8,-99.8,-99.8,-99.8,-99.8,-99.8
2025-11-15 19:00:00,955.2,18.6,86.0,0.0,0.0,0.8,185.0,0.0,-99.8,-99.8,-99.8,-99.8,-99.8,-99.8,-99.8
2025-11-15 20:00:00,955.7,18.2,90.0,0.7,205.0,1.6,255.0,0.0,-99.8,-99.8,-99.8,-99.8,-99.8,-99.8,-99.8
2025-11-15 21:00:00,955.8,18.2,88.0,1.3,229.0,2.8,146.0,0.0,-99.8,-99.8,-99.8,-99.8,-99.8,-99.8,-99.8
2025-11-15 22:00:00,955.7,18.1,91.0,0.5,274.0,1.8,267.0,0.0,-99.8,-99.8,-99.8,-99.8,-99.8,-99.8,-99.8
2025-11-15 23:00:00,955.5,18.1,90.0,1.0,252.0,2.0,242.0,0.0,-99.8,-99.8,-99.8,-99.8,-99.8,-99.8,-99.8
2025-11-16 00:00:00,955.2,17.9,91.0,1.6,247.0,2.4,254.0,0.0,-99.8,-99.8,-99.8,-99.8,-99.8,-99.8,-99.8
2025-11-16 01:00:00,955.0,18.1,87.0,0.5,285.0,2.0,159.0,0.0,-99.8,-99.8,-99.8,-99.8,-99.8,-99.8,-99.8
2025-11-16 02:00:00,954.6,17.8,84.0,1.4,271.0,3.1,290.0,0.0,-99.8,-99.8,-99.8,-99.8,-99.8,-99.8,-99.8
2025-11-16 03:00:00,954.3,17.4,82.0,1.7,244.0,3.6,239.0,0.0,-99.8,-99.8,-99.8,-99.8,-99.8,-99.8,-99.8
2025-11-16 04:00:00,954.5,16.8,86.0,1.9,261.0,3.5,264.0,0.0,-99.8,-99.8,-99.8,-99.8,-99.8,-99.8,-99.8
2025-11-16 05:00:00,954.7,16.7,83.0,2.5,265.0,3.8,277.0,0.0,-99.8,-99.8,-99.8,-99.8,-99.8,-99.8,-99.8
2025-11-16 06:00:00,955.3,16.3,85.0,2.2,262.0,3.7,269.0,-999.6,-99.8,-99.8,-99.8,-99.8,-99.8,-99.8,-99.8
2025-11-16 07:00:00,955.8,16.3,86.0,2.4,264.0,5.0,253.0,0.0,-99.8,-99.8,-99.8,-99.8,-99.8,-99.8,-99.8
2025-11-16 08:00:00,956.2,17.5,80.0,2.5,255.0,4.1,246.0,0.0,-99.8,-99.8,-99.8,-99.8,-99.8,-99.8,-99.8
2025-11-16 09:00:00,956.1,20.2,69.0,1.4,259.0,4.7,267.0,0.0,-99.8,-99.8,-99.8,-99.8,-99.8,-99.8,-99.8
2025-11-16 10:00:00,955.7,23.1,63.0,0.9,272.0,2.3,270.0,0.0,-99.8,-99.8,-99.8,-99.8,-99.8,-99.8,-99.8
2025-11-16 11:00:00,955.0,23.0,69.0,0.2,0.0,2.3,89.0,0.0,-99.8,-99.8,-99.8,-99.8,-99.8,-99.8,-99.8
2025-11-16 12:00:00,954.0,24.4,68.0,0.4,30.0,2.3,93.0,0.0,-99.8,-99.8,-99.8,-99.8,-99.8,-99.8,-99.8
2025-11-16 13:00:00,953.2,22.7,75.0,0.4,357.0,2.9,28.0,0.0,-99.8,-99.8,-99.8,-99.8,-99.8,-99.8,-99.8
2025-11-16 14:00:00,953.1,22.1,82.0,0.7,23.0,3.1,63.0,0.0,-99.8,-99.8,-99.8,-99.8,-99.8,-99.8,-99.8
2025-11-16 15:00:00,953.1,21.2,85.0,0.4,36.0,3.7,89.0,-999.6,-99.8,-99.8,-99.8,-99.8,-99.8,-99.8,-99.8
2025-11-16 16:00:00,953.3,20.8,91.0,0.1,0.0,2.1,69.0,0.0,-99.8,-99.8,-99.8,-99.8,-99.8,-99.8,-99.8
2025-11-16 17:00:00,953.6,20.2,91.0,0.3,76.0,1.6,83.0,0.0,-99.8,-99.8,-99.8,-99.8,-99.8,-99.8,-99.8
2025-11-16 18:00:00,954.1,19.9,94.0,0.0,0.0,1.2,126.0,0.0,-99.8,-99.8,-99.8,-99.8,-99.8,-99.8,-99.8
2025-11-16 19:00:00,954.8,19.9,91.0,0.2,0.0,1.1,224.0,0.0,-99.8,-99.8,-99.8,-99.8,-99.8,-99.8,-99.8
2025-11-16 20:00:00,955.2,19.9,90.0,0.0,0.0,1.2,64.0,0.0,-99.8,-99.8,-99.8,-99.8,-99.8,-99.8,-99.8
2025-11-16 21:00:00,955.4,19.7,90.0,0.6,163.0,1.6,109.0,0.0,-99.8,-99.8,-99.8,-99.8,-99.8,-99.8,-99.8
2025-11-16 22:00:00,955.4,19.5,91.0,0.1,0.0,1.1,224.0,0.0,-99.8,-99.8,-99.8,-99.8,-99.8,-99.8,-99.8
2025-11-16 23:00:00,954.8,18.9,93.0,1.3,152.0,2.2,71.0,0.0,-99.8,-99.8,-99.8,-99.8,-99.8,-99.8,-99.8
2025-11-17 00:00:00,954.5,18.9,89.0,0.9,239.0,3.4,78.0,-999.6,-99.8,-99.8,-99.8,-99.8,-99.8,-99.8,-99.8
2025-11-17 01:00:00,954.1,18.3,92.0,1.5,236.0,2.2,241.0,0.0,-99.8,-99.8,-99.8,-99.8,-99.8,-99.8,-99.8
2025-11-17 02:00:00,953.6,18.0,92.0,1.8,250.0,3.5,253.0,0.0,-99.8,-99.8,-99.8,-99.8,-99.8,-99.8,-99.8
2025-11-17 03:00:00,953.6,17.9,90.0,1.9,269.0,4.1,285.0,0.0,-99.8,-99.8,-99.8,-99.8,-99.8,-99.8,-99.8
2025-11-17 04:00:00,953.6,17.8,88.0,2.0,254.0,3.3,266.0,0.0,-99.8,-99.8,-99.8,-99.8,-99.8,-99.8,-99.8
2025-11-17 05:00:00,953.6,17.8,86.0,2.0,266.0,4.4,259.0,0.0,-99.8,-99.8,-99.8,-99.8,-99.8,-99.8,-99.8
2025-11-17 06:00:00,954.1,17.8,84.0,1.5,254.0,4.2,279.0,0.0,-99.8,-99.8,-99.8,-99.8,-99.8,-99.8,-99.8
2025-11-17 07:00:00,954.3,18.0,84.0,2.2,258.0,4.1,279.0,0.0,-99.8,-99.8,-99.8,-99.8,-99.8,-99.8,-99.8
2025-11-17 08:00:00,954.7,18.9,77.0,1.9,267.0,4.2,267.0,0.0,-99.8,-99.8,-99.8,-99.8,-99.8,-99.8,-99.8
2025-11-17 09:00:00,954.6,21.0,74.0,1.0,270.0,3.0,247.0,0.0,-99.8,-99.8,-99.8,-99.8,-99.8,-99.8,-99.8
2025-11-17 10:00:00,954.2,24.3,69.0,0.6,78.0,2.0,241.0,0.0,-99.8,-99.8,-99.8,-99.8,-99.8,-99.8,-99.8
2025-11-17 11:00:00,953.3,25.0,68.0,0.6,27.0,2.7,91.0,0.0,-99.8,-99.8,-99.8,-99.8,-99.8,-99.8,-99.8
2025-11-17 12:00:00,952.5,23.0,83.0,0.7,96.0,4.0,25.0,0.0,-99.8,-99.8,-99.8,-99.8,-99.8,-99.8,-99.8
2025-11-17 13:00:00,951.9,23.4,82.0,1.0,85.0,3.4,96.0,0.0,-99.8,-99.8,-99.8,-99.8,-99.8,-99.8,-99.8
2025-11-17 14:00:00,951.6,21.9,87.0,0.5,76.0,4.4,94.0,0.0,-99.8,-99.8,-99.8,-99.8,-99.8,-99.8,-99.8
2025-11-17 15:00:00,951.3,22.1,88.0,0.2,0.0,2.4,90.0,0.0,-99.8,-99.8,-99.8,-99.8,-99.8,-99.8,-99.8
2025-11-17 16:00:00,951.7,20.9,93.0,0.8,87.0,2.1,92.0,-999.6,-99.8,-99.8,-99.8,-99.8,-99.8,-99.8,-99.8
2025-11-17 17:00:00,952.6,20.1,97.0,0.1,0.0,1.4,93.0,0.0,-99.8,-99.8,-99.8,-99.8,-99.8,-99.8,-99.8
2025-11-17 18:00:00,953.2,19.7,99.0,0.0,0.0,1.0,89.0,0.0,-99.8,-99.8,-99.8,-99.8,-99.8,-99.8,-99.8
2025-11-17 19:00:00,954.0,19.5,100.0,0.0,0.0,1.8,113.0,0.5,-99.8,-99.8,-99.8,-99.8,-99.8,-99.8,-99.8
2025-11-17 20:00:00,954.6,19.4,100.0,0.0,0.0,2.3,175.0,0.5,-99.8,-99.8,-99.8,-99.8,-99.8,-99.8,-99.8
2025-11-17 21:00:00,954.8,19.1,100.0,1.6,133.0,3.3,198.0,0.5,-99.8,-99.8,-99.8,-99.8,-99.8,-99.8,-99.8
2025-11-17 22:00:00,954.8,18.6,100.0,2.6,245.0,4.3,163.0,0.5,-99.8,-99.8,-99.8,-99.8,-99.8,-99.8,-99.8
2025-11-17 23:00:00,954.4,18.7,98.0,2.6,269.0,4.9,270.0,0.0,-99.8,-99.8,-99.8,-99.8,-99.8,-99.8,-99.8
2025-11-18 00:00:00,954.5,18.7,97.0,1.6,259.0,4.0,251.0,0.0,-99.8,-99.8,-99.8,-99.8,-99.8,-99.8,-99.8
