,StnPres,StnPresMax,StnPresMaxTime,StnPresMin,StnPresMinTime,Tx,TxMaxAbs,TxMaxAbsTime,TxMinAbs,TxMinAbsTime,RH,RHMin,RHMinTime,WS,WD,WSGust,WDGust,WGustTime,Precp,AirTemperature.MaximumTimef,AirTemperature.Maximumf,AirTemperature.Meanf,AirTemperature.MinimumTimef,AirTemperature.Minimumf,GlobalSolarRadiation.Accumulationf,GlobalSolarRadiation.HourlyMaximumTimef,GlobalSolarRadiation.HourlyMaximumf,GloblRad,GloblRadMax,GloblRadMaxTime,PeakGust.Directionf,PeakGust.MaximumTimef,PeakGust.Maximumf,Precipitation.Accumulationf,Precipitation.HourlyMaximum,Precipitation.HourlyMaximumTime,Precipitation.HourlyMaximumTimef,Precipitation.HourlyMaximumf,Precipitation.MeltFlag,Precipitation.MeltFlagf,RelativeHumidity.Maximum,RelativeHumidity.MaximumTime,RelativeHumidity.MaximumTimef,RelativeHumidity.Maximumf,RelativeHumidity.Meanf,RelativeHumidity.MinimumTimef,RelativeHumidity.Minimumf,SoilTemperatureAt0cm.Maximum,SoilTemperatureAt0cm.MaximumTime,SoilTemperatureAt0cm.MaximumTimef,SoilTemperatureAt0cm.Maximumf,SoilTemperatureAt0cm.Meanf,SoilTemperatureAt0cm.Minimum,SoilTemperatureAt0cm.MinimumTime,SoilTemperatureAt0cm.MinimumTimef,SoilTemperatureAt0cm.Minimumf,SoilTemperatureAt100cm.Maximum,SoilTemperatureAt100cm.MaximumTime,SoilTemperatureAt100cm.MaximumTimef,SoilTemperatureAt100cm.Maximumf,SoilTemperatureAt100cm.Meanf,SoilTemperatureAt100cm.Minimum,SoilTemperatureAt100cm.MinimumTime,SoilTemperatureAt100cm.MinimumTimef,SoilTemperatureAt100cm.Minimumf,SoilTemperatureAt10cm.Maximum,SoilTemperatureAt10cm.MaximumTime,SoilTemperatureAt10cm.MaximumTimef,SoilTemperatureAt10cm.Maximumf,SoilTemperatureAt10cm.Meanf,SoilTemperatureAt10cm.Minimum,SoilTemperatureAt10cm.MinimumTime,SoilTemperatureAt10cm.MinimumTimef,SoilTemperatureAt10cm.Minimumf,SoilTemperatureAt20cm.Maximum,SoilTemperatureAt20cm.MaximumTime,SoilTemperatureAt20cm.MaximumTimef,SoilTemperatureAt20cm.Maximumf,SoilTemperatureAt20cm.Meanf,SoilTemperatureAt20cm.Minimum,SoilTemperatureAt20cm.MinimumTime,SoilTemperatureAt20cm.MinimumTimef,SoilTemperatureAt20cm.Minimumf,SoilTemperatureAt50cm.Maximum,SoilTemperatureAt50cm.MaximumTime,SoilTemperatureAt50cm.MaximumTimef,SoilTemperatureAt50cm.Maximumf,SoilTemperatureAt50cm.Meanf,SoilTemperatureAt50cm.Minimum,SoilTemperatureAt50cm.MinimumTime,SoilTemperatureAt50cm.MinimumTimef,SoilTemperatureAt50cm.Minimumf,SoilTemperatureAt5cm.Maximum,SoilTemperatureAt5cm.MaximumTime,SoilTemperatureAt5cm.MaximumTimef,SoilTemperatureAt5cm.Maximumf,SoilTemperatureAt5cm.Meanf,SoilTemperatureAt5cm.Minimum,SoilTemperatureAt5cm.MinimumTime,SoilTemperatureAt5cm.MinimumTimef,SoilTemperatureAt5cm.Minimumf,StationPressure.MaximumTimef,StationPressure.Maximumf,StationPressure.Meanf,StationPressure.MinimumTimef,StationPressure.Minimumf,SunShine,SunshineDuration.Totalf,TxSoil0cm,TxSoil100cm,TxSoil10cm,TxSoil20cm,TxSoil50cm,TxSoil5cm,WindDirection.Prevailingf,WindSpeed.Meanf
2013-01-01,725.7,,,,,2.0,,,,,97,,,1.2,258,,,,0.0,,,,,,,,,,,,,,,,,,,,,,,,,,,,,,,,,,,,,,,,,,,,,,,,,,,,,,,,,,,,,,,,,,,,,,,,,,,,,,,,,,,,,,,,,,,,,,,,,
2013-01-02,728.5,730.5,2013-01-02T21:02:00,726.0,2013-01-02T03:34:00,5.1,7.6,2013-01-02T14:01:00,1.8,2013-01-02T03:38:00,86,73.0,2013-01-02T14:03:00,2.5,258,7.7,249.0,2013-01-02T16:46:00,0.5,,,,,,,,,,,,,,,,,,,,,,98.0,2013-01-02T01:02:00,,,,,,,,,,,,,,,,,,,,,,,,,,,,,,,,,,,,,,,,,,,,,,,,,,,,,,,,,,,,,,,,,,,,,,,,,,
2013-01-03,729.6,731.5,2013-01-03T09:46:00,728.4,2013-01-03T14:03:00,4.7,6.9,2013-01-03T10:17:00,2.7,2013-01-03T20:47:00,98,95.0,2013-01-03T00:03:00,2.3,115,5.8,268.0,2013-01-03T23:14:00,2.5,,,,,,,,,,,,,,,,,,,,,,100.0,2013-01-03T20:16:00,,,,,,,,,,,,,,,,,,,,,,,,,,,,,,,,,,,,,,,,,,,,,,,,,,,,,,,,,,,,,,,,,,,,,,,,,,
2013-01-04,726.7,728.7,2013-01-04T00:03:00,724.9,2013-01-04T14:17:00,4.9,10.3,2013-01-04T14:17:00,2.5,2013-01-04T18:02:00,87,59.0,2013-01-04T13:36:00,1.5,258,6.2,281.0,2013-01-04T02:45:00,0.0,,,,,,,,,,,,,,,,,,,,,,98.0,2013-01-04T00:04:00,,,,,,,,,,,,,,,,,,,,,,,,,,,,,,,,,,,,,,,,,,,,,,,,,,,,,,,,,,,,,,,,,,,,,,,,,,
2013-01-05,726.1,727.7,2013-01-05T09:11:00,724.9,2013-01-05T03:04:00,6.1,14.3,2013-01-05T12:31:00,2.0,2013-01-05T18:48:00,73,34.0,2013-01-05T21:22:00,1.4,253,6.2,254.0,2013-01-05T12:57:00,0.0,,,,,,,,,,,,,,,,,,,,,,97.0,2013-01-05T19:01:00,,,,,,,,,,,,,,,,,,,,,,,,,,,,,,,,,,,,,,,,,,,,,,,,,,,,,,,,,,,,,,,,,,,,,,,,,,
2013-01-06,727.2,729.3,2013-01-06T09:35:00,725.8,2013-01-06T01:31:00,7.1,14.5,2013-01-06T14:47:00,2.9,2013-01-06T03:16:00,57,31.0,2013-01-06T02:01:00,2.4,261,9.0,257.0,2013-01-06T11:17:00,0.0,,,,,,,,,,,,,,,,,,,,,,81.0,2013-01-06T21:02:00,,,,,,,,,,,,,,,,,,,,,,,,,,,,,,,,,,,,,,,,,,,,,,,,,,,,,,,,,,,,,,,,,,,,,,,,,,
2013-01-07,727.6,730.1,2013-01-07T09:05:00,726.5,2013-01-07T15:28:00,8.3,16.1,2013-01-07T12:32:00,4.7,2013-01-07T03:38:00,73,46.0,2013-01-07T13:32:00,2.0,260,8.8,232.0,2013-01-07T12:54:00,0.0,,,,,,,,,,,,,,,,,,,,,,85.0,2013-01-07T03:34:00,,,,,,,,,,,,,,,,,,,,,,,,,,,,,,,,,,,,,,,,,,,,,,,,,,,,,,,,,,,,,,,,,,,,,,,,,,
2013-01-08,726.8,729.0,2013-01-08T10:16:00,725.2,2013-01-08T16:07:00,8.7,11.6,2013-01-08T12:04:00,7.4,2013-01-08T03:46:00,81,65.0,2013-01-08T10:50:00,3.5,260,11.6,264.0,2013-01-08T12:37:00,0.5,,,,,,,,,,,,,,,,,,,,,,93.0,2013-01-08T15:16:00,,,,,,,,,,,,,,,,,,,,,,,,,,,,,,,,,,,,,,,,,,,,,,,,,,,,,,,,,,,,,,,,,,,,,,,,,,
2013-01-09,725.5,727.1,2013-01-09T08:16:00,723.8,2013-01-09T14:18:00,6.1,8.5,2013-01-09T12:35:00,2.5,2013-01-09T20:51:00,93,82.0,2013-01-09T01:32:00,3.2,255,8.6,232.0,2013-01-09T01:55:00,6.5,,,,,,,,,,,,,,,,,,,,,,97.0,2013-01-09T20:51:00,,,,,,,,,,,,,,,,,,,,,,,,,,,,,,,,,,,,,,,,,,,,,,,,,,,,,,,,,,,,,,,,,,,,,,,,,,
2013-01-10,726.2,727.3,2013-01-10T08:50:00,724.3,2013-01-10T02:32:00,2.8,7.1,2013-01-10T13:32:00,0.0,2013-01-10T21:09:00,90,66.0,2013-01-10T13:42:00,1.9,252,6.3,260.0,2013-01-10T03:53:00,6.0,,,,,,,,,,,,,,,,,,,,,,98.0,2013-01-10T23:43:00,,,,,,,,,,,,,,,,,,,,,,,,,,,,,,,,,,,,,,,,,,,,,,,,,,,,,,,,,,,,,,,,,,,,,,,,,,
2013-01-11,727.5,729.2,2013-01-11T08:32:00,726.4,2013-01-11T02:46:00,3.7,9.6,2013-01-11T09:31:00,-99.7,,87,55.0,2013-01-11T09:43:00,1.8,122,7.1,245.0,2013-01-11T09:43:00,6.5,,,,,,,,,,,,,,,,,,,,,,99.0,2013-01-11T00:04:00,,,,,,,,,,,,,,,,,,,,,,,,,,,,,,,,,,,,,,,,,,,,,,,,,,,,,,,,,,,,,,,,,,,,,,,,,,
2013-01-12,727.3,729.3,2013-01-12T08:56:00,725.5,2013-01-12T23:33:00,6.5,10.0,2013-01-12T13:21:00,4.0,2013-01-12T01:16:00,98,95.0,2013-01-12T11:38:00,2.3,114,4.8,120.0,2013-01-12T11:52:00,1.5,,,,,,,,,,,,,,,,,,,,,,99.0,2013-01-12T17:20:00,,,,,,,,,,,,,,,,,,,,,,,,,,,,,,,,,,,,,,,,,,,,,,,,,,,,,,,,,,,,,,,,,,,,,,,,,,
2013-01-13,722.9,725.8,2013-01-13T00:01:00,720.8,2013-01-13T21:49:00,6.2,12.2,2013-01-13T14:47:00,-99.7,,81,22.0,2013-01-13T22:19:00,2.6,260,10.5,223.0,2013-01-13T11:31:00,5.5,,,,,,,,,,,,,,,,,,,,,,99.0,2013-01-13T07:03:00,,,,,,,,,,,,,,,,,,,,,,,,,,,,,,,,,,,,,,,,,,,,,,,,,,,,,,,,,,,,,,,,,,,,,,,,,,
2013-01-14,724.2,725.7,2013-01-14T22:18:00,722.1,2013-01-14T00:01:00,4.0,13.1,2013-01-14T14:16:00,-99.7,,29,6.0,2013-01-14T23:59:00,1.4,267,5.3,275.0,2013-01-14T13:24:00,0.0,,,,,,,,,,,,,,,,,,,,,,87.0,2013-01-14T18:47:00,,,,,,,,,,,,,,,,,,,,,,,,,,,,,,,,,,,,,,,,,,,,,,,,,,,,,,,,,,,,,,,,,,,,,,,,,,
2013-01-15,726.4,,,,,4.5,,,,,15,,,1.3,261,,,,0.0,,,,,,,,,,,,,,,,,,,,,,,,,,,,,,,,,,,,,,,,,,,,,,,,,,,,,,,,,,,,,,,,,,,,,,,,,,,,,,,,,,,,,,,,,,,,,,,,,
2013-01-16,727.2,728.7,2013-01-16T09:08:00,725.8,2013-01-16T12:34:00,3.5,12.2,2013-01-16T13:31:00,-99.7,,59,29.0,2013-01-16T13:14:00,1.2,264,7.1,278.0,2013-01-16T12:03:00,0.0,,,,,,,,,,,,,,,,,,,,,,82.0,2013-01-16T19:32:00,,,,,,,,,,,,,,,,,,,,,,,,,,,,,,,,,,,,,,,,,,,,,,,,,,,,,,,,,,,,,,,,,,,,,,,,,,
2013-01-17,727.9,729.9,2013-01-17T09:18:00,726.7,2013-01-17T14:04:00,2.5,9.9,2013-01-17T14:04:00,-99.7,,68,43.0,2013-01-17T08:50:00,1.1,275,5.1,255.0,2013-01-17T14:31:00,0.0,,,,,,,,,,,,,,,,,,,,,,93.0,2013-01-17T20:23:00,,,,,,,,,,,,,,,,,,,,,,,,,,,,,,,,,,,,,,,,,,,,,,,,,,,,,,,,,,,,,,,,,,,,,,,,,,
2013-01-18,727.6,729.6,2013-01-18T09:22:00,726.2,2013-01-18T03:01:00,2.6,12.6,2013-01-18T14:34:00,-99.7,,65,34.0,2013-01-18T13:04:00,1.4,266,6.9,319.0,2013-01-18T04:20:00,0.0,,,,,,,,,,,,,,,,,,,,,,94.0,2013-01-18T02:34:00,,,,,,,,,,,,,,,,,,,,,,,,,,,,,,,,,,,,,,,,,,,,,,,,,,,,,,,,,,,,,,,,,,,,,,,,,,
2013-01-19,728.2,729.9,2013-01-19T09:32:00,726.7,2013-01-19T02:46:00,3.5,8.9,2013-01-19T13:16:00,-99.7,,45,6.0,2013-01-19T21:03:00,2.5,114,7.2,122.0,2013-01-19T20:41:00,0.0,,,,,,,,,,,,,,,,,,,,,,75.0,2013-01-19T05:37:00,,,,,,,,,,,,,,,,,,,,,,,,,,,,,,,,,,,,,,,,,,,,,,,,,,,,,,,,,,,,,,,,,,,,,,,,,,
2013-01-20,729.6,731.5,2013-01-20T09:53:00,728.4,2013-01-20T02:02:00,5.3,14.3,2013-01-20T12:50:00,-99.7,,64,8.0,2013-01-20T00:03:00,1.7,114,5.2,104.0,2013-01-20T21:59:00,0.0,,,,,,,,,,,,,,,,,,,,,,98.0,2013-01-20T22:57:00,,,,,,,,,,,,,,,,,,,,,,,,,,,,,,,,,,,,,,,,,,,,,,,,,,,,,,,,,,,,,,,,,,,,,,,,,,
2013-01-21,729.8,731.8,2013-01-21T09:47:00,728.9,2013-01-21T03:40:00,5.8,14.6,2013-01-21T13:17:00,1.4,2013-01-21T00:34:00,86,49.0,2013-01-21T12:36:00,2.1,107,4.9,121.0,2013-01-21T08:12:00,0.0,,,,,,,,,,,,,,,,,,,,,,98.0,2013-01-21T05:33:00,,,,,,,,,,,,,,,,,,,,,,,,,,,,,,,,,,,,,,,,,,,,,,,,,,,,,,,,,,,,,,,,,,,,,,,,,,
2013-01-22,728.9,731.2,2013-01-22T09:55:00,727.7,2013-01-22T15:36:00,5.9,15.8,2013-01-22T14:04:00,1.1,2013-01-22T02:04:00,75,38.0,2013-01-22T13:49:00,1.3,259,6.8,267.0,2013-01-22T16:36:00,0.0,,,,,,,,,,,,,,,,,,,,,,95.0,2013-01-22T02:04:00,,,,,,,,,,,,,,,,,,,,,,,,,,,,,,,,,,,,,,,,,,,,,,,,,,,,,,,,,,,,,,,,,,,,,,,,,,
2013-01-23,727.2,729.5,2013-01-23T09:26:00,726.0,2013-01-23T17:50:00,5.5,13.6,2013-01-23T14:47:00,2.4,2013-01-23T05:46:00,69,39.0,2013-01-23T14:47:00,2.5,260,7.9,235.0,2013-01-23T19:00:00,0.0,,,,,,,,,,,,,,,,,,,,,,88.0,2013-01-23T00:16:00,,,,,,,,,,,,,,,,,,,,,,,,,,,,,,,,,,,,,,,,,,,,,,,,,,,,,,,,,,,,,,,,,,,,,,,,,,
2013-01-24,725.9,727.7,2013-01-24T10:24:00,724.3,2013-01-24T14:08:00,4.2,6.3,2013-01-24T10:24:00,2.8,2013-01-24T04:05:00,79,62.0,2013-01-24T10:37:00,2.6,260,10.1,250.0,2013-01-24T12:27:00,0.0,,,,,,,,,,,,,,,,,,,,,,90.0,2013-01-24T23:35:00,,,,,,,,,,,,,,,,,,,,,,,,,,,,,,,,,,,,,,,,,,,,,,,,,,,,,,,,,,,,,,,,,,,,,,,,,,
2013-01-25,725.6,727.0,2013-01-25T09:01:00,724.2,2013-01-25T13:55:00,3.7,8.0,2013-01-25T11:46:00,1.4,2013-01-25T23:48:00,83,64.0,2013-01-25T12:06:00,2.4,255,7.6,271.0,2013-01-25T23:45:00,0.0,,,,,,,,,,,,,,,,,,,,,,91.0,2013-01-25T03:16:00,,,,,,,,,,,,,,,,,,,,,,,,,,,,,,,,,,,,,,,,,,,,,,,,,,,,,,,,,,,,,,,,,,,,,,,,,,
2013-01-26,725.1,,,,,3.0,,,,,70,,,2.3,273,,,,0.0,,,,,,,,,,,,,,,,,,,,,,,,,,,,,,,,,,,,,,,,,,,,,,,,,,,,,,,,,,,,,,,,,,,,,,,,,,,,,,,,,,,,,,,,,,,,,,,,,
2013-01-27,726.4,727.3,2013-01-27T19:49:00,725.1,2013-01-27T04:32:00,1.5,8.4,2013-01-27T15:31:00,-99.7,,92,60.0,2013-01-27T16:01:00,1.3,273,5.0,255.0,2013-01-27T14:40:00,7.0,,,,,,,,,,,,,,,,,,,,,,97.0,2013-01-27T12:27:00,,,,,,,,,,,,,,,,,,,,,,,,,,,,,,,,,,,,,,,,,,,,,,,,,,,,,,,,,,,,,,,,,,,,,,,,,,
2013-01-28,726.9,,,,,2.3,,,,,70,,,1.3,261,,,,0.0,,,,,,,,,,,,,,,,,,,,,,,,,,,,,,,,,,,,,,,,,,,,,,,,,,,,,,,,,,,,,,,,,,,,,,,,,,,,,,,,,,,,,,,,,,,,,,,,,
2013-01-29,727.6,729.0,2013-01-29T22:18:00,725.8,2013-01-29T02:20:00,2.3,11.5,2013-01-29T15:31:00,-99.7,,59,14.0,2013-01-29T23:22:00,1.8,270,7.8,295.0,2013-01-29T11:10:00,0.0,,,,,,,,,,,,,,,,,,,,,,95.0,2013-01-29T01:33:00,,,,,,,,,,,,,,,,,,,,,,,,,,,,,,,,,,,,,,,,,,,,,,,,,,,,,,,,,,,,,,,,,,,,,,,,,,
2013-01-30,729.9,731.5,2013-01-30T09:36:00,728.7,2013-01-30T00:28:00,5.6,15.0,2013-01-30T11:50:00,1.7,2013-01-30T01:37:00,31,11.0,2013-01-30T01:07:00,1.5,88,4.0,115.0,2013-01-30T13:20:00,0.0,,,,,,,,,,,,,,,,,,,,,,87.0,2013-01-30T16:46:00,,,,,,,,,,,,,,,,,,,,,,,,,,,,,,,,,,,,,,,,,,,,,,,,,,,,,,,,,,,,,,,,,,,,,,,,,,
2013-01-31,730.1,731.7,2013-01-31T09:39:00,729.0,2013-01-31T04:17:00,6.6,12.8,2013-01-31T11:55:00,2.0,2013-01-31T05:31:00,34,10.0,2013-01-31T00:09:00,2.3,121,5.1,140.0,2013-01-31T13:21:00,0.0,,,,,,,,,,,,,,,,,,,,,,70.0,2013-01-31T18:17:00,,,,,,,,,,,,,,,,,,,,,,,,,,,,,,,,,,,,,,,,,,,,,,,,,,,,,,,,,,,,,,,,,,,,,,,,,,
2013-02-01,731.4,732.8,2013-02-01T09:26:00,729.6,2013-02-01T03:29:00,9.7,18.7,2013-02-01T15:23:00,4.4,2013-02-01T04:01:00,40,2.0,2013-02-01T02:01:00,1.5,260,6.9,259.0,2013-02-01T23:47:00,0.0,,,,,,,,,,,,,,,,,,,,,,97.0,2013-02-01T21:01:00,,,,,,,,,,,,,,,,,,,,,,,,,,,,,,,,,,,,,,,,,,,,,,,,,,,,,,,,,,,,,,,,,,,,,,,,,,
2013-02-02,732.3,734.3,2013-02-02T09:34:00,731.1,2013-02-02T04:01:00,9.3,15.2,2013-02-02T12:46:00,6.9,2013-02-02T20:16:00,83,47.0,2013-02-02T00:09:00,2.6,259,7.3,265.0,2013-02-02T03:09:00,0.0,,,,,,,,,,,,,,,,,,,,,,99.0,2013-02-02T23:07:00,,,,,,,,,,,,,,,,,,,,,,,,,,,,,,,,,,,,,,,,,,,,,,,,,,,,,,,,,,,,,,,,,,,,,,,,,,
2013-02-03,731.7,733.6,2013-02-03T09:47:00,730.8,2013-02-03T02:40:00,10.6,17.0,2013-02-03T10:54:00,6.8,2013-02-03T02:23:00,79,53.0,2013-02-03T14:32:00,2.0,260,11.2,254.0,2013-02-03T14:38:00,0.0,,,,,,,,,,,,,,,,,,,,,,99.0,2013-02-03T01:01:00,,,,,,,,,,,,,,,,,,,,,,,,,,,,,,,,,,,,,,,,,,,,,,,,,,,,,,,,,,,,,,,,,,,,,,,,,,
2013-02-04,732.1,734.0,2013-02-04T09:17:00,730.9,2013-02-04T15:04:00,10.6,18.2,2013-02-04T10:31:00,7.0,2013-02-04T00:31:00,76,38.0,2013-02-04T09:36:00,1.2,279,3.2,271.0,2013-02-04T00:16:00,0.0,,,,,,,,,,,,,,,,,,,,,,97.0,2013-02-04T01:07:00,,,,,,,,,,,,,,,,,,,,,,,,,,,,,,,,,,,,,,,,,,,,,,,,,,,,,,,,,,,,,,,,,,,,,,,,,,
2013-02-05,730.6,732.4,2013-02-05T09:21:00,728.6,2013-02-05T14:56:00,9.6,15.4,2013-02-05T12:36:00,5.1,2013-02-05T23:46:00,75,51.0,2013-02-05T14:32:00,2.3,259,10.9,320.0,2013-02-05T14:56:00,0.0,,,,,,,,,,,,,,,,,,,,,,94.0,2013-02-05T03:52:00,,,,,,,,,,,,,,,,,,,,,,,,,,,,,,,,,,,,,,,,,,,,,,,,,,,,,,,,,,,,,,,,,,,,,,,,,,
2013-02-06,728.3,730.5,2013-02-06T09:18:00,726.8,2013-02-06T23:41:00,7.7,16.4,2013-02-06T15:08:00,3.2,2013-02-06T06:36:00,75,39.0,2013-02-06T15:08:00,1.6,40,5.0,269.0,2013-02-06T01:32:00,0.0,,,,,,,,,,,,,,,,,,,,,,95.0,2013-02-06T19:35:00,,,,,,,,,,,,,,,,,,,,,,,,,,,,,,,,,,,,,,,,,,,,,,,,,,,,,,,,,,,,,,,,,,,,,,,,,,
2013-02-07,726.5,728.2,2013-02-07T09:02:00,725.4,2013-02-07T13:06:00,7.1,18.0,2013-02-07T14:02:00,2.4,2013-02-07T05:36:00,70,31.0,2013-02-07T10:36:00,1.2,261,5.4,259.0,2013-02-07T13:38:00,0.0,,,,,,,,,,,,,,,,,,,,,,97.0,2013-02-07T23:36:00,,,,,,,,,,,,,,,,,,,,,,,,,,,,,,,,,,,,,,,,,,,,,,,,,,,,,,,,,,,,,,,,,,,,,,,,,,
2013-02-08,726.9,728.6,2013-02-08T09:32:00,725.7,2013-02-08T02:46:00,6.2,13.4,2013-02-08T10:36:00,2.7,2013-02-08T06:17:00,86,50.0,2013-02-08T10:46:00,1.1,104,4.8,266.0,2013-02-08T13:07:00,0.5,,,,,,,,,,,,,,,,,,,,,,98.0,2013-02-08T02:16:00,,,,,,,,,,,,,,,,,,,,,,,,,,,,,,,,,,,,,,,,,,,,,,,,,,,,,,,,,,,,,,,,,,,,,,,,,,
2013-02-09,727.9,729.6,2013-02-09T10:03:00,726.8,2013-02-09T03:19:00,6.0,15.1,2013-02-09T14:16:00,2.1,2013-02-09T22:54:00,83,41.0,2013-02-09T14:18:00,2.0,273,7.1,294.0,2013-02-09T09:46:00,0.0,,,,,,,,,,,,,,,,,,,,,,98.0,2013-02-09T05:33:00,,,,,,,,,,,,,,,,,,,,,,,,,,,,,,,,,,,,,,,,,,,,,,,,,,,,,,,,,,,,,,,,,,,,,,,,,,
2013-02-10,727.8,729.5,2013-02-10T10:01:00,726.7,2013-02-10T04:06:00,6.0,16.0,2013-02-10T13:19:00,1.3,2013-02-10T05:16:00,80,39.0,2013-02-10T15:31:00,1.2,270,4.8,258.0,2013-02-10T15:04:00,0.0,,,,,,,,,,,,,,,,,,,,,,98.0,2013-02-10T04:04:00,,,,,,,,,,,,,,,,,,,,,,,,,,,,,,,,,,,,,,,,,,,,,,,,,,,,,,,,,,,,,,,,,,,,,,,,,,
2013-02-11,729.0,730.8,2013-02-11T09:33:00,727.7,2013-02-11T02:18:00,7.6,18.5,2013-02-11T13:33:00,3.0,2013-02-11T04:32:00,71,27.0,2013-02-11T13:33:00,1.5,276,6.0,306.0,2013-02-11T12:15:00,0.0,,,,,,,,,,,,,,,,,,,,,,98.0,2013-02-11T19:07:00,,,,,,,,,,,,,,,,,,,,,,,,,,,,,,,,,,,,,,,,,,,,,,,,,,,,,,,,,,,,,,,,,,,,,,,,,,
2013-02-12,729.4,731.5,2013-02-12T09:37:00,728.4,2013-02-12T03:04:00,8.9,20.3,2013-02-12T13:54:00,4.0,2013-02-12T05:38:00,62,27.0,2013-02-12T12:45:00,1.3,119,6.2,251.0,2013-02-12T11:35:00,0.0,,,,,,,,,,,,,,,,,,,,,,98.0,2013-02-12T21:26:00,,,,,,,,,,,,,,,,,,,,,,,,,,,,,,,,,,,,,,,,,,,,,,,,,,,,,,,,,,,,,,,,,,,,,,,,,,
2013-02-13,728.8,730.3,2013-02-13T09:46:00,727.4,2013-02-13T04:01:00,7.9,16.2,2013-02-13T13:34:00,3.7,2013-02-13T03:16:00,76,44.0,2013-02-13T13:38:00,1.9,254,10.0,251.0,2013-02-13T12:18:00,0.0,,,,,,,,,,,,,,,,,,,,,,98.0,2013-02-13T01:05:00,,,,,,,,,,,,,,,,,,,,,,,,,,,,,,,,,,,,,,,,,,,,,,,,,,,,,,,,,,,,,,,,,,,,,,,,,,
2013-02-14,728.8,730.3,2013-02-14T09:01:00,728.0,2013-02-14T13:47:00,11.4,20.4,2013-02-14T15:17:00,4.7,2013-02-14T05:21:00,44,3.0,2013-02-14T20:52:00,2.2,263,9.8,275.0,2013-02-14T19:23:00,0.0,,,,,,,,,,,,,,,,,,,,,,98.0,2013-02-14T05:01:00,,,,,,,,,,,,,,,,,,,,,,,,,,,,,,,,,,,,,,,,,,,,,,,,,,,,,,,,,,,,,,,,,,,,,,,,,,
2013-02-15,728.1,729.9,2013-02-15T09:17:00,726.8,2013-02-15T15:42:00,11.7,19.2,2013-02-15T13:18:00,5.1,2013-02-15T23:47:00,33,3.0,2013-02-15T06:57:00,2.5,260,9.3,252.0,2013-02-15T14:10:00,0.0,,,,,,,,,,,,,,,,,,,,,,73.0,2013-02-15T17:03:00,,,,,,,,,,,,,,,,,,,,,,,,,,,,,,,,,,,,,,,,,,,,,,,,,,,,,,,,,,,,,,,,,,,,,,,,,,
2013-02-16,727.6,729.3,2013-02-16T09:33:00,726.4,2013-02-16T02:41:00,8.9,19.4,2013-02-16T14:23:00,3.6,2013-02-16T03:13:00,57,23.0,2013-02-16T13:48:00,1.8,269,6.7,309.0,2013-02-16T11:46:00,0.0,,,,,,,,,,,,,,,,,,,,,,95.0,2013-02-16T03:14:00,,,,,,,,,,,,,,,,,,,,,,,,,,,,,,,,,,,,,,,,,,,,,,,,,,,,,,,,,,,,,,,,,,,,,,,,,,
2013-02-17,727.0,728.6,2013-02-17T09:31:00,726.2,2013-02-17T14:33:00,10.2,19.2,2013-02-17T14:17:00,4.9,2013-02-17T22:35:00,54,30.0,2013-02-17T09:48:00,1.7,258,7.8,229.0,2013-02-17T09:51:00,0.0,,,,,,,,,,,,,,,,,,,,,,96.0,2013-02-17T20:46:00,,,,,,,,,,,,,,,,,,,,,,,,,,,,,,,,,,,,,,,,,,,,,,,,,,,,,,,,,,,,,,,,,,,,,,,,,,
2013-02-18,727.5,729.0,2013-02-18T09:57:00,726.4,2013-02-18T03:35:00,11.8,22.9,2013-02-18T14:31:00,5.2,2013-02-18T00:16:00,50,27.0,2013-02-18T14:48:00,1.6,277,6.4,293.0,2013-02-18T01:16:00,0.0,,,,,,,,,,,,,,,,,,,,,,91.0,2013-02-18T00:16:00,,,,,,,,,,,,,,,,,,,,,,,,,,,,,,,,,,,,,,,,,,,,,,,,,,,,,,,,,,,,,,,,,,,,,,,,,,
2013-02-19,727.8,729.9,2013-02-19T10:01:00,726.5,2013-02-19T03:35:00,12.1,20.7,2013-02-19T14:02:00,6.7,2013-02-19T22:35:00,29,12.0,2013-02-19T14:02:00,2.0,266,9.5,227.0,2013-02-19T12:06:00,0.0,,,,,,,,,,,,,,,,,,,,,,63.0,2013-02-19T19:18:00,,,,,,,,,,,,,,,,,,,,,,,,,,,,,,,,,,,,,,,,,,,,,,,,,,,,,,,,,,,,,,,,,,,,,,,,,,
2013-02-20,728.2,729.6,2013-02-20T09:47:00,726.8,2013-02-20T04:01:00,8.1,13.3,2013-02-20T10:16:00,3.3,2013-02-20T23:46:00,69,29.0,2013-02-20T00:17:00,1.7,273,5.9,307.0,2013-02-20T07:10:00,0.0,,,,,,,,,,,,,,,,,,,,,,95.0,2013-02-20T23:46:00,,,,,,,,,,,,,,,,,,,,,,,,,,,,,,,,,,,,,,,,,,,,,,,,,,,,,,,,,,,,,,,,,,,,,,,,,,
2013-02-21,728.9,730.9,2013-02-21T10:31:00,727.7,2013-02-21T15:55:00,6.0,13.5,2013-02-21T11:34:00,1.9,2013-02-21T05:52:00,84,54.0,2013-02-21T12:01:00,2.1,119,5.2,135.0,2013-02-21T09:30:00,0.0,,,,,,,,,,,,,,,,,,,,,,98.0,2013-02-21T21:20:00,,,,,,,,,,,,,,,,,,,,,,,,,,,,,,,,,,,,,,,,,,,,,,,,,,,,,,,,,,,,,,,,,,,,,,,,,,
2013-02-22,729.6,731.4,2013-02-22T09:48:00,728.4,2013-02-22T04:01:00,8.0,16.9,2013-02-22T14:11:00,3.4,2013-02-22T01:16:00,66,33.0,2013-02-22T02:16:00,1.2,249,4.6,275.0,2013-02-22T13:01:00,0.0,,,,,,,,,,,,,,,,,,,,,,97.0,2013-02-22T00:10:00,,,,,,,,,,,,,,,,,,,,,,,,,,,,,,,,,,,,,,,,,,,,,,,,,,,,,,,,,,,,,,,,,,,,,,,,,,
2013-02-23,730.4,732.4,2013-02-23T10:02:00,729.2,2013-02-23T03:28:00,6.0,17.6,2013-02-23T12:26:00,2.9,2013-02-23T22:16:00,83,30.0,2013-02-23T12:26:00,2.1,122,5.0,124.0,2013-02-23T21:42:00,0.0,,,,,,,,,,,,,,,,,,,,,,100.0,2013-02-23T23:04:00,,,,,,,,,,,,,,,,,,,,,,,,,,,,,,,,,,,,,,,,,,,,,,,,,,,,,,,,,,,,,,,,,,,,,,,,,,
2013-02-24,729.8,731.7,2013-02-24T09:50:00,728.2,2013-02-24T15:01:00,6.7,15.6,2013-02-24T14:33:00,1.8,2013-02-24T06:18:00,76,38.0,2013-02-24T13:12:00,2.7,270,8.7,278.0,2013-02-24T11:42:00,0.0,,,,,,,,,,,,,,,,,,,,,,98.0,2013-02-24T05:31:00,,,,,,,,,,,,,,,,,,,,,,,,,,,,,,,,,,,,,,,,,,,,,,,,,,,,,,,,,,,,,,,,,,,,,,,,,,
2013-02-25,730.0,732.1,2013-02-25T10:00:00,729.0,2013-02-25T02:39:00,8.6,18.7,2013-02-25T13:48:00,4.1,2013-02-25T05:18:00,68,32.0,2013-02-25T13:32:00,1.3,269,5.9,312.0,2013-02-25T13:39:00,0.0,,,,,,,,,,,,,,,,,,,,,,97.0,2013-02-25T18:04:00,,,,,,,,,,,,,,,,,,,,,,,,,,,,,,,,,,,,,,,,,,,,,,,,,,,,,,,,,,,,,,,,,,,,,,,,,,
2013-02-26,728.6,730.5,2013-02-26T09:06:00,727.4,2013-02-26T15:49:00,8.7,16.0,2013-02-26T12:02:00,4.7,2013-02-26T05:31:00,73,40.0,2013-02-26T12:02:00,1.5,268,5.2,258.0,2013-02-26T23:38:00,0.0,,,,,,,,,,,,,,,,,,,,,,97.0,2013-02-26T22:07:00,,,,,,,,,,,,,,,,,,,,,,,,,,,,,,,,,,,,,,,,,,,,,,,,,,,,,,,,,,,,,,,,,,,,,,,,,,
2013-02-27,726.6,728.9,2013-02-27T09:47:00,725.4,2013-02-27T15:46:00,7.8,13.9,2013-02-27T12:46:00,5.4,2013-02-27T06:21:00,83,53.0,2013-02-27T10:32:00,1.8,275,7.1,251.0,2013-02-27T13:10:00,0.5,,,,,,,,,,,,,,,,,,,,,,97.0,2013-02-27T02:23:00,,,,,,,,,,,,,,,,,,,,,,,,,,,,,,,,,,,,,,,,,,,,,,,,,,,,,,,,,,,,,,,,,,,,,,,,,,
2013-02-28,726.2,727.6,2013-02-28T09:35:00,725.1,2013-02-28T03:17:00,8.8,21.5,2013-02-28T14:20:00,3.2,2013-02-28T06:02:00,64,20.0,2013-02-28T14:03:00,1.2,272,4.6,271.0,2013-02-28T01:58:00,0.0,,,,,,,,,,,,,,,,,,,,,,96.0,2013-02-28T20:44:00,,,,,,,,,,,,,,,,,,,,,,,,,,,,,,,,,,,,,,,,,,,,,,,,,,,,,,,,,,,,,,,,,,,,,,,,,,
2013-03-01,727.6,728.9,2013-03-01T09:38:00,726.5,2013-03-01T04:01:00,7.7,13.5,2013-03-01T09:47:00,4.4,2013-03-01T01:04:00,72,32.0,2013-03-01T00:09:00,1.4,267,6.3,285.0,2013-03-01T14:31:00,0.0,,,,,,,,,,,,,,,,,,,,,,95.0,2013-03-01T22:26:00,,,,,,,,,,,,,,,,,,,,,,,,,,,,,,,,,,,,,,,,,,,,,,,,,,,,,,,,,,,,,,,,,,,,,,,,,,
2013-03-02,728.3,729.9,2013-03-02T10:04:00,727.0,2013-03-02T04:35:00,7.4,10.2,2013-03-02T10:40:00,5.4,2013-03-02T23:01:00,90,77.0,2013-03-02T10:40:00,1.8,271,5.6,300.0,2013-03-02T09:49:00,1.5,,,,,,,,,,,,,,,,,,,,,,97.0,2013-03-02T20:46:00,,,,,,,,,,,,,,,,,,,,,,,,,,,,,,,,,,,,,,,,,,,,,,,,,,,,,,,,,,,,,,,,,,,,,,,,,,
2013-03-03,727.2,728.7,2013-03-03T00:01:00,725.7,2013-03-03T15:22:00,6.1,13.8,2013-03-03T15:31:00,2.2,2013-03-03T22:46:00,89,50.0,2013-03-03T15:47:00,2.0,272,7.5,309.0,2013-03-03T03:21:00,1.0,,,,,,,,,,,,,,,,,,,,,,97.0,2013-03-03T08:05:00,,,,,,,,,,,,,,,,,,,,,,,,,,,,,,,,,,,,,,,,,,,,,,,,,,,,,,,,,,,,,,,,,,,,,,,,,,
2013-03-04,727.3,728.9,2013-03-04T10:16:00,725.4,2013-03-04T03:35:00,5.2,15.6,2013-03-04T14:04:00,0.1,2013-03-04T21:35:00,68,32.0,2013-03-04T22:16:00,1.8,275,5.3,305.0,2013-03-04T04:13:00,0.0,,,,,,,,,,,,,,,,,,,,,,97.0,2013-03-04T21:31:00,,,,,,,,,,,,,,,,,,,,,,,,,,,,,,,,,,,,,,,,,,,,,,,,,,,,,,,,,,,,,,,,,,,,,,,,,,
2013-03-05,728.4,730.1,2013-03-05T08:54:00,727.0,2013-03-05T03:07:00,5.5,14.8,2013-03-05T11:53:00,0.5,2013-03-05T01:02:00,45,4.0,2013-03-05T04:31:00,1.1,11,3.7,122.0,2013-03-05T11:25:00,0.0,,,,,,,,,,,,,,,,,,,,,,94.0,2013-03-05T19:48:00,,,,,,,,,,,,,,,,,,,,,,,,,,,,,,,,,,,,,,,,,,,,,,,,,,,,,,,,,,,,,,,,,,,,,,,,,,
2013-03-06,727.7,729.3,2013-03-06T09:31:00,726.8,2013-03-06T14:46:00,5.7,14.5,2013-03-06T15:31:00,-99.7,,28,2.0,2013-03-06T02:49:00,1.2,9,4.9,269.0,2013-03-06T21:12:00,0.0,,,,,,,,,,,,,,,,,,,,,,71.0,2013-03-06T09:43:00,,,,,,,,,,,,,,,,,,,,,,,,,,,,,,,,,,,,,,,,,,,,,,,,,,,,,,,,,,,,,,,,,,,,,,,,,,
2013-03-07,727.6,729.2,2013-03-07T09:32:00,726.1,2013-03-07T04:09:00,6.2,16.3,2013-03-07T12:19:00,-99.7,,26,-9997.0,,1.0,1,3.9,137.0,2013-03-07T13:37:00,0.0,,,,,,,,,,,,,,,,,,,,,,66.0,2013-03-07T01:47:00,,,,,,,,,,,,,,,,,,,,,,,,,,,,,,,,,,,,,,,,,,,,,,,,,,,,,,,,,,,,,,,,,,,,,,,,,,
2013-03-08,728.0,729.8,2013-03-08T09:33:00,726.4,2013-03-08T03:39:00,8.0,18.0,2013-03-08T10:49:00,3.4,2013-03-08T02:18:00,30,2.0,2013-03-08T00:03:00,2.0,113,5.3,120.0,2013-03-08T22:28:00,0.0,,,,,,,,,,,,,,,,,,,,,,78.0,2013-03-08T18:22:00,,,,,,,,,,,,,,,,,,,,,,,,,,,,,,,,,,,,,,,,,,,,,,,,,,,,,,,,,,,,,,,,,,,,,,,,,,
2013-03-09,728.0,729.5,2013-03-09T09:03:00,726.8,2013-03-09T03:04:00,10.2,23.3,2013-03-09T14:07:00,5.3,2013-03-09T00:34:00,20,9.0,2013-03-09T14:22:00,2.6,120,6.9,273.0,2013-03-09T15:00:00,0.0,,,,,,,,,,,,,,,,,,,,,,54.0,2013-03-09T21:16:00,,,,,,,,,,,,,,,,,,,,,,,,,,,,,,,,,,,,,,,,,,,,,,,,,,,,,,,,,,,,,,,,,,,,,,,,,,
2013-03-10,728.6,730.5,2013-03-10T09:16:00,727.3,2013-03-10T03:25:00,10.6,19.1,2013-03-10T11:17:00,4.6,2013-03-10T00:53:00,28,-9997.0,,1.8,130,5.3,123.0,2013-03-10T15:30:00,0.0,,,,,,,,,,,,,,,,,,,,,,74.0,2013-03-10T23:03:00,,,,,,,,,,,,,,,,,,,,,,,,,,,,,,,,,,,,,,,,,,,,,,,,,,,,,,,,,,,,,,,,,,,,,,,,,,
2013-03-11,728.7,730.2,2013-03-11T09:03:00,727.3,2013-03-11T03:52:00,9.4,19.0,2013-03-11T13:03:00,4.4,2013-03-11T20:47:00,56,16.0,2013-03-11T23:53:00,2.9,260,11.3,268.0,2013-03-11T03:54:00,0.0,,,,,,,,,,,,,,,,,,,,,,88.0,2013-03-11T19:54:00,,,,,,,,,,,,,,,,,,,,,,,,,,,,,,,,,,,,,,,,,,,,,,,,,,,,,,,,,,,,,,,,,,,,,,,,,,
2013-03-12,728.1,730.1,2013-03-12T09:36:00,727.1,2013-03-12T18:21:00,10.4,20.3,2013-03-12T15:07:00,4.4,2013-03-12T22:54:00,36,3.0,2013-03-12T11:18:00,1.6,35,8.0,269.0,2013-03-12T16:58:00,0.0,,,,,,,,,,,,,,,,,,,,,,87.0,2013-03-12T22:41:00,,,,,,,,,,,,,,,,,,,,,,,,,,,,,,,,,,,,,,,,,,,,,,,,,,,,,,,,,,,,,,,,,,,,,,,,,,
2013-03-13,728.3,730.2,2013-03-13T10:17:00,726.4,2013-03-13T03:07:00,9.1,18.8,2013-03-13T11:16:00,3.5,2013-03-13T01:31:00,67,32.0,2013-03-13T11:31:00,2.7,259,9.4,259.0,2013-03-13T22:30:00,0.0,,,,,,,,,,,,,,,,,,,,,,94.0,2013-03-13T19:31:00,,,,,,,,,,,,,,,,,,,,,,,,,,,,,,,,,,,,,,,,,,,,,,,,,,,,,,,,,,,,,,,,,,,,,,,,,,
2013-03-14,729.0,730.5,2013-03-14T10:02:00,727.0,2013-03-14T03:44:00,9.2,19.7,2013-03-14T13:07:00,3.7,2013-03-14T23:19:00,70,36.0,2013-03-14T13:07:00,2.0,274,8.3,268.0,2013-03-14T03:44:00,0.0,,,,,,,,,,,,,,,,,,,,,,96.0,2013-03-14T23:54:00,,,,,,,,,,,,,,,,,,,,,,,,,,,,,,,,,,,,,,,,,,,,,,,,,,,,,,,,,,,,,,,,,,,,,,,,,,
2013-03-15,729.4,730.8,2013-03-15T10:49:00,727.9,2013-03-15T04:03:00,5.7,11.3,2013-03-15T12:46:00,3.2,2013-03-15T06:02:00,87,63.0,2013-03-15T14:46:00,1.3,271,4.5,256.0,2013-03-15T13:46:00,0.0,,,,,,,,,,,,,,,,,,,,,,97.0,2013-03-15T03:49:00,,,,,,,,,,,,,,,,,,,,,,,,,,,,,,,,,,,,,,,,,,,,,,,,,,,,,,,,,,,,,,,,,,,,,,,,,,
2013-03-16,729.4,731.5,2013-03-16T09:16:00,728.4,2013-03-16T03:47:00,7.8,16.3,2013-03-16T11:00:00,2.8,2013-03-16T00:42:00,58,9.0,2013-03-16T08:32:00,1.7,121,5.0,134.0,2013-03-16T13:07:00,0.0,,,,,,,,,,,,,,,,,,,,,,98.0,2013-03-16T21:49:00,,,,,,,,,,,,,,,,,,,,,,,,,,,,,,,,,,,,,,,,,,,,,,,,,,,,,,,,,,,,,,,,,,,,,,,,,,
2013-03-17,726.6,728.9,2013-03-17T09:22:00,724.5,2013-03-17T18:37:00,9.2,18.7,2013-03-17T14:31:00,2.2,2013-03-17T03:01:00,47,13.0,2013-03-17T08:05:00,2.1,37,10.6,263.0,2013-03-17T23:52:00,0.0,,,,,,,,,,,,,,,,,,,,,,95.0,2013-03-17T02:18:00,,,,,,,,,,,,,,,,,,,,,,,,,,,,,,,,,,,,,,,,,,,,,,,,,,,,,,,,,,,,,,,,,,,,,,,,,,
2013-03-18,725.2,726.5,2013-03-18T20:47:00,723.3,2013-03-18T04:07:00,9.0,15.4,2013-03-18T13:33:00,6.4,2013-03-18T00:22:00,80,55.0,2013-03-18T13:34:00,4.1,266,11.1,271.0,2013-03-18T11:00:00,1.0,,,,,,,,,,,,,,,,,,,,,,96.0,2013-03-18T07:17:00,,,,,,,,,,,,,,,,,,,,,,,,,,,,,,,,,,,,,,,,,,,,,,,,,,,,,,,,,,,,,,,,,,,,,,,,,,
2013-03-19,726.8,728.7,2013-03-19T22:01:00,725.2,2013-03-19T03:25:00,10.7,17.0,2013-03-19T11:16:00,6.1,2013-03-19T03:16:00,69,44.0,2013-03-19T04:48:00,3.9,265,10.9,266.0,2013-03-19T21:01:00,0.0,,,,,,,,,,,,,,,,,,,,,,94.0,2013-03-19T01:33:00,,,,,,,,,,,,,,,,,,,,,,,,,,,,,,,,,,,,,,,,,,,,,,,,,,,,,,,,,,,,,,,,,,,,,,,,,,
2013-03-20,728.0,729.8,2013-03-20T09:48:00,724.9,2013-03-20T03:48:00,10.5,16.4,2013-03-20T13:36:00,7.9,2013-03-20T18:34:00,63,41.0,2013-03-20T13:36:00,5.8,264,19.1,275.0,2013-03-20T04:29:00,0.0,,,,,,,,,,,,,,,,,,,,,,81.0,2013-03-20T01:16:00,,,,,,,,,,,,,,,,,,,,,,,,,,,,,,,,,,,,,,,,,,,,,,,,,,,,,,,,,,,,,,,,,,,,,,,,,,
2013-03-21,727.7,729.5,2013-03-21T09:32:00,726.2,2013-03-21T15:53:00,9.4,15.2,2013-03-21T10:51:00,5.8,2013-03-21T12:46:00,75,51.0,2013-03-21T23:54:00,4.1,260,10.8,263.0,2013-03-21T15:16:00,4.0,,,,,,,,,,,,,,,,,,,,,,94.0,2013-03-21T13:33:00,,,,,,,,,,,,,,,,,,,,,,,,,,,,,,,,,,,,,,,,,,,,,,,,,,,,,,,,,,,,,,,,,,,,,,,,,,
2013-03-22,728.0,729.8,2013-03-22T10:01:00,726.4,2013-03-22T03:16:00,12.1,21.8,2013-03-22T13:51:00,8.3,2013-03-22T02:01:00,43,22.0,2013-03-22T15:20:00,3.5,261,9.9,251.0,2013-03-22T15:57:00,0.0,,,,,,,,,,,,,,,,,,,,,,67.0,2013-03-22T03:46:00,,,,,,,,,,,,,,,,,,,,,,,,,,,,,,,,,,,,,,,,,,,,,,,,,,,,,,,,,,,,,,,,,,,,,,,,,,
2013-03-23,727.3,729.0,2013-03-23T09:19:00,725.8,2013-03-23T15:18:00,12.0,19.7,2013-03-23T13:46:00,8.4,2013-03-23T05:46:00,42,27.0,2013-03-23T11:19:00,3.8,263,15.0,260.0,2013-03-23T13:22:00,0.0,,,,,,,,,,,,,,,,,,,,,,57.0,2013-03-23T06:16:00,,,,,,,,,,,,,,,,,,,,,,,,,,,,,,,,,,,,,,,,,,,,,,,,,,,,,,,,,,,,,,,,,,,,,,,,,,
2013-03-24,725.4,727.6,2013-03-24T00:01:00,723.2,2013-03-24T14:52:00,6.9,11.3,2013-03-24T11:48:00,3.3,2013-03-24T13:06:00,75,30.0,2013-03-24T11:51:00,4.4,263,10.7,267.0,2013-03-24T15:21:00,15.0,,,,,,,,,,,,,,,,,,,,,,97.0,2013-03-24T20:55:00,,,,,,,,,,,,,,,,,,,,,,,,,,,,,,,,,,,,,,,,,,,,,,,,,,,,,,,,,,,,,,,,,,,,,,,,,,
2013-03-25,725.6,727.4,2013-03-25T09:34:00,723.6,2013-03-25T03:59:00,9.4,18.7,2013-03-25T14:05:00,5.1,2013-03-25T02:34:00,61,23.0,2013-03-25T13:19:00,2.7,267,10.2,301.0,2013-03-25T14:42:00,0.0,,,,,,,,,,,,,,,,,,,,,,96.0,2013-03-25T00:01:00,,,,,,,,,,,,,,,,,,,,,,,,,,,,,,,,,,,,,,,,,,,,,,,,,,,,,,,,,,,,,,,,,,,,,,,,,,
2013-03-26,725.6,727.3,2013-03-26T09:31:00,723.9,2013-03-26T03:34:00,9.0,15.0,2013-03-26T14:33:00,6.2,2013-03-26T00:34:00,74,45.0,2013-03-26T14:33:00,4.6,265,11.3,270.0,2013-03-26T13:43:00,0.0,,,,,,,,,,,,,,,,,,,,,,95.0,2013-03-26T22:34:00,,,,,,,,,,,,,,,,,,,,,,,,,,,,,,,,,,,,,,,,,,,,,,,,,,,,,,,,,,,,,,,,,,,,,,,,,,
2013-03-27,725.9,,,,,8.8,,,,,83,,,4.9,265,,,,10.0,,,,,,,,,,,,,,,,,,,,,,,,,,,,,,,,,,,,,,,,,,,,,,,,,,,,,,,,,,,,,,,,,,,,,,,,,,,,,,,,,,,,,,,,,,,,,,,,,
2013-03-28,726.7,728.4,2013-03-28T09:33:00,725.7,2013-03-28T02:38:00,9.7,17.0,2013-03-28T11:03:00,6.2,2013-03-28T05:57:00,78,36.0,2013-03-28T11:29:00,2.9,270,10.1,275.0,2013-03-28T19:28:00,13.0,,,,,,,,,,,,,,,,,,,,,,97.0,2013-03-28T20:52:00,,,,,,,,,,,,,,,,,,,,,,,,,,,,,,,,,,,,,,,,,,,,,,,,,,,,,,,,,,,,,,,,,,,,,,,,,,
2013-03-29,726.2,727.7,2013-03-29T21:21:00,724.3,2013-03-29T03:37:00,7.4,9.2,2013-03-29T09:16:00,5.9,2013-03-29T05:01:00,88,74.0,2013-03-29T19:50:00,3.5,267,10.3,261.0,2013-03-29T03:28:00,3.0,,,,,,,,,,,,,,,,,,,,,,97.0,2013-03-29T01:34:00,,,,,,,,,,,,,,,,,,,,,,,,,,,,,,,,,,,,,,,,,,,,,,,,,,,,,,,,,,,,,,,,,,,,,,,,,,
2013-03-30,726.8,728.4,2013-03-30T11:10:00,725.7,2013-03-30T14:31:00,9.4,15.8,2013-03-30T10:49:00,6.0,2013-03-30T04:46:00,78,52.0,2013-03-30T12:50:00,2.4,258,8.3,249.0,2013-03-30T11:27:00,0.0,,,,,,,,,,,,,,,,,,,,,,94.0,2013-03-30T23:55:00,,,,,,,,,,,,,,,,,,,,,,,,,,,,,,,,,,,,,,,,,,,,,,,,,,,,,,,,,,,,,,,,,,,,,,,,,,
2013-03-31,727.9,729.3,2013-03-31T21:02:00,726.5,2013-03-31T02:17:00,7.7,10.0,2013-03-31T12:01:00,6.8,2013-03-31T05:02:00,96,82.0,2013-03-31T13:20:00,2.1,261,8.0,239.0,2013-03-31T10:49:00,13.5,,,,,,,,,,,,,,,,,,,,,,98.0,2013-03-31T23:11:00,,,,,,,,,,,,,,,,,,,,,,,,,,,,,,,,,,,,,,,,,,,,,,,,,,,,,,,,,,,,,,,,,,,,,,,,,,
2013-04-01,728.2,729.5,2013-04-01T09:16:00,726.8,2013-04-01T14:04:00,8.5,15.4,2013-04-01T14:16:00,6.0,2013-04-01T10:53:00,92,72.0,2013-04-01T15:55:00,2.3,261,8.4,263.0,2013-04-01T22:45:00,17.0,,,,,,,,,,,,,,,,,,,,,,98.0,2013-04-01T02:01:00,,,,,,,,,,,,,,,,,,,,,,,,,,,,,,,,,,,,,,,,,,,,,,,,,,,,,,,,,,,,,,,,,,,,,,,,,,
2013-04-02,727.5,729.2,2013-04-02T10:35:00,726.5,2013-04-02T15:47:00,9.9,17.7,2013-04-02T13:47:00,6.8,2013-04-02T04:34:00,79,49.0,2013-04-02T13:47:00,2.7,262,9.5,267.0,2013-04-02T13:09:00,0.0,,,,,,,,,,,,,,,,,,,,,,96.0,2013-04-02T00:08:00,,,,,,,,,,,,,,,,,,,,,,,,,,,,,,,,,,,,,,,,,,,,,,,,,,,,,,,,,,,,,,,,,,,,,,,,,,
2013-04-03,725.5,726.7,2013-04-03T09:16:00,724.3,2013-04-03T14:46:00,7.7,12.0,2013-04-03T13:02:00,5.1,2013-04-03T22:46:00,93,72.0,2013-04-03T16:48:00,1.8,271,7.2,273.0,2013-04-03T01:15:00,21.0,,,,,,,,,,,,,,,,,,,,,,98.0,2013-04-03T05:13:00,,,,,,,,,,,,,,,,,,,,,,,,,,,,,,,,,,,,,,,,,,,,,,,,,,,,,,,,,,,,,,,,,,,,,,,,,,
2013-04-04,724.4,726.1,2013-04-04T08:37:00,723.3,2013-04-04T15:27:00,8.7,14.7,2013-04-04T12:31:00,5.7,2013-04-04T01:50:00,90,59.0,2013-04-04T11:08:00,1.8,238,7.4,263.0,2013-04-04T20:43:00,11.0,,,,,,,,,,,,,,,,,,,,,,97.0,2013-04-04T00:23:00,,,,,,,,,,,,,,,,,,,,,,,,,,,,,,,,,,,,,,,,,,,,,,,,,,,,,,,,,,,,,,,,,,,,,,,,,,
2013-04-05,722.2,724.5,2013-04-05T00:01:00,719.5,2013-04-05T16:31:00,8.5,9.9,2013-04-05T01:33:00,7.0,2013-04-05T17:14:00,95,87.0,2013-04-05T04:05:00,3.7,261,13.0,259.0,2013-04-05T17:38:00,135.0,,,,,,,,,,,,,,,,,,,,,,98.0,2013-04-05T23:40:00,,,,,,,,,,,,,,,,,,,,,,,,,,,,,,,,,,,,,,,,,,,,,,,,,,,,,,,,,,,,,,,,,,,,,,,,,,
2013-04-06,720.5,722.7,2013-04-06T10:20:00,718.9,2013-04-06T16:13:00,8.5,13.9,2013-04-06T09:46:00,6.8,2013-04-06T23:16:00,90,56.0,2013-04-06T10:01:00,3.4,268,10.5,263.0,2013-04-06T10:08:00,25.0,,,,,,,,,,,,,,,,,,,,,,98.0,2013-04-06T00:09:00,,,,,,,,,,,,,,,,,,,,,,,,,,,,,,,,,,,,,,,,,,,,,,,,,,,,,,,,,,,,,,,,,,,,,,,,,,
2013-04-07,721.8,724.3,2013-04-07T23:03:00,718.8,2013-04-07T02:49:00,5.4,9.9,2013-04-07T13:52:00,1.7,2013-04-07T21:53:00,87,44.0,2013-04-07T23:07:00,2.8,264,9.9,266.0,2013-04-07T00:12:00,0.0,,,,,,,,,,,,,,,,,,,,,,97.0,2013-04-07T04:18:00,,,,,,,,,,,,,,,,,,,,,,,,,,,,,,,,,,,,,,,,,,,,,,,,,,,,,,,,,,,,,,,,,,,,,,,,,,
2013-04-08,725.2,727.0,2013-04-08T21:36:00,723.3,2013-04-08T02:01:00,8.4,14.4,2013-04-08T11:17:00,5.6,2013-04-08T00:31:00,74,45.0,2013-04-08T00:09:00,2.0,275,8.1,263.0,2013-04-08T09:06:00,0.0,,,,,,,,,,,,,,,,,,,,,,94.0,2013-04-08T19:37:00,,,,,,,,,,,,,,,,,,,,,,,,,,,,,,,,,,,,,,,,,,,,,,,,,,,,,,,,,,,,,,,,,,,,,,,,,,
2013-04-09,727.3,728.9,2013-04-09T21:24:00,725.7,2013-04-09T16:43:00,8.0,13.7,2013-04-09T12:46:00,4.4,2013-04-09T21:32:00,89,63.0,2013-04-09T13:31:00,1.7,267,8.1,264.0,2013-04-09T00:12:00,20.5,,,,,,,,,,,,,,,,,,,,,,98.0,2013-04-09T22:08:00,,,,,,,,,,,,,,,,,,,,,,,,,,,,,,,,,,,,,,,,,,,,,,,,,,,,,,,,,,,,,,,,,,,,,,,,,,
2013-04-10,727.7,728.9,2013-04-10T08:59:00,726.5,2013-04-10T03:16:00,7.1,10.2,2013-04-10T12:06:00,6.1,2013-04-10T04:47:00,95,84.0,2013-04-10T21:03:00,2.3,266,8.7,274.0,2013-04-10T03:20:00,17.5,,,,,,,,,,,,,,,,,,,,,,98.0,2013-04-10T00:08:00,,,,,,,,,,,,,,,,,,,,,,,,,,,,,,,,,,,,,,,,,,,,,,,,,,,,,,,,,,,,,,,,,,,,,,,,,,
2013-04-11,727.2,728.7,2013-04-11T09:48:00,726.0,2013-04-11T15:19:00,6.8,9.2,2013-04-11T13:31:00,2.4,2013-04-11T22:58:00,96,87.0,2013-04-11T09:52:00,2.1,257,6.0,243.0,2013-04-11T10:43:00,17.0,,,,,,,,,,,,,,,,,,,,,,98.0,2013-04-11T23:58:00,,,,,,,,,,,,,,,,,,,,,,,,,,,,,,,,,,,,,,,,,,,,,,,,,,,,,,,,,,,,,,,,,,,,,,,,,,
2013-04-12,727.6,728.9,2013-04-12T09:31:00,725.8,2013-04-12T03:39:00,7.0,8.3,2013-04-12T10:21:00,3.3,2013-04-12T03:49:00,98,97.0,2013-04-12T17:31:00,2.3,258,7.0,275.0,2013-04-12T10:58:00,36.0,,,,,,,,,,,,,,,,,,,,,,98.0,2013-04-12T19:40:00,,,,,,,,,,,,,,,,,,,,,,,,,,,,,,,,,,,,,,,,,,,,,,,,,,,,,,,,,,,,,,,,,,,,,,,,,,
2013-04-13,726.9,728.3,2013-04-13T09:16:00,726.0,2013-04-13T14:57:00,7.2,10.7,2013-04-13T10:33:00,5.7,2013-04-13T07:02:00,97,88.0,2013-04-13T10:46:00,2.6,263,9.0,251.0,2013-04-13T11:52:00,3.0,,,,,,,,,,,,,,,,,,,,,,98.0,2013-04-13T04:16:00,,,,,,,,,,,,,,,,,,,,,,,,,,,,,,,,,,,,,,,,,,,,,,,,,,,,,,,,,,,,,,,,,,,,,,,,,,
2013-04-14,725.7,726.8,2013-04-14T00:03:00,724.5,2013-04-14T15:54:00,7.5,9.4,2013-04-14T14:46:00,5.1,2013-04-14T22:41:00,97,88.0,2013-04-14T23:49:00,1.9,260,7.5,264.0,2013-04-14T18:02:00,51.0,,,,,,,,,,,,,,,,,,,,,,98.0,2013-04-14T18:02:00,,,,,,,,,,,,,,,,,,,,,,,,,,,,,,,,,,,,,,,,,,,,,,,,,,,,,,,,,,,,,,,,,,,,,,,,,,
2013-04-15,725.4,727.1,2013-04-15T10:16:00,724.3,2013-04-15T02:37:00,9.9,19.4,2013-04-15T14:47:00,3.6,2013-04-15T05:01:00,63,18.0,2013-04-15T23:41:00,1.4,263,8.7,256.0,2013-04-15T23:57:00,0.5,,,,,,,,,,,,,,,,,,,,,,97.0,2013-04-15T03:32:00,,,,,,,,,,,,,,,,,,,,,,,,,,,,,,,,,,,,,,,,,,,,,,,,,,,,,,,,,,,,,,,,,,,,,,,,,,
2013-04-16,725.5,726.8,2013-04-16T10:08:00,723.8,2013-04-16T02:51:00,12.8,22.2,2013-04-16T13:32:00,8.2,2013-04-16T20:48:00,46,16.0,2013-04-16T01:26:00,2.7,267,10.4,265.0,2013-04-16T01:26:00,0.0,,,,,,,,,,,,,,,,,,,,,,86.0,2013-04-16T23:55:00,,,,,,,,,,,,,,,,,,,,,,,,,,,,,,,,,,,,,,,,,,,,,,,,,,,,,,,,,,,,,,,,,,,,,,,,,,
2013-04-17,726.2,727.7,2013-04-17T10:31:00,724.8,2013-04-17T02:36:00,12.6,22.6,2013-04-17T14:31:00,8.6,2013-04-17T21:26:00,73,39.0,2013-04-17T14:32:00,2.3,266,9.4,280.0,2013-04-17T10:55:00,0.5,,,,,,,,,,,,,,,,,,,,,,96.0,2013-04-17T20:01:00,,,,,,,,,,,,,,,,,,,,,,,,,,,,,,,,,,,,,,,,,,,,,,,,,,,,,,,,,,,,,,,,,,,,,,,,,,
2013-04-18,726.4,728.2,2013-04-18T10:36:00,725.4,2013-04-18T03:24:00,10.6,19.1,2013-04-18T13:31:00,6.7,2013-04-18T22:18:00,75,44.0,2013-04-18T11:33:00,2.9,266,11.2,253.0,2013-04-18T12:26:00,2.0,,,,,,,,,,,,,,,,,,,,,,97.0,2013-04-18T22:43:00,,,,,,,,,,,,,,,,,,,,,,,,,,,,,,,,,,,,,,,,,,,,,,,,,,,,,,,,,,,,,,,,,,,,,,,,,,
2013-04-19,726.6,728.2,2013-04-19T21:19:00,724.6,2013-04-19T02:55:00,10.9,16.4,2013-04-19T10:57:00,7.2,2013-04-19T01:24:00,88,61.0,2013-04-19T11:01:00,1.4,269,5.2,231.0,2013-04-19T17:32:00,1.5,,,,,,,,,,,,,,,,,,,,,,97.0,2013-04-19T06:18:00,,,,,,,,,,,,,,,,,,,,,,,,,,,,,,,,,,,,,,,,,,,,,,,,,,,,,,,,,,,,,,,,,,,,,,,,,,
2013-04-20,727.1,728.7,2013-04-20T22:02:00,726.0,2013-04-20T03:13:00,10.3,13.3,2013-04-20T11:24:00,8.6,2013-04-20T19:05:00,97,91.0,2013-04-20T12:08:00,2.0,269,7.1,302.0,2013-04-20T11:52:00,21.0,,,,,,,,,,,,,,,,,,,,,,98.0,2013-04-20T18:35:00,,,,,,,,,,,,,,,,,,,,,,,,,,,,,,,,,,,,,,,,,,,,,,,,,,,,,,,,,,,,,,,,,,,,,,,,,,
2013-04-21,727.9,729.0,2013-04-21T09:34:00,726.7,2013-04-21T03:31:00,9.6,12.0,2013-04-21T14:50:00,7.4,2013-04-21T23:47:00,96,88.0,2013-04-21T17:46:00,2.2,267,6.2,267.0,2013-04-21T05:01:00,11.5,,,,,,,,,,,,,,,,,,,,,,98.0,2013-04-21T20:46:00,,,,,,,,,,,,,,,,,,,,,,,,,,,,,,,,,,,,,,,,,,,,,,,,,,,,,,,,,,,,,,,,,,,,,,,,,,
2013-04-22,729.1,730.8,2013-04-22T09:31:00,727.6,2013-04-22T01:53:00,11.0,19.5,2013-04-22T12:01:00,7.1,2013-04-22T05:31:00,80,48.0,2013-04-22T11:07:00,1.3,267,4.1,273.0,2013-04-22T06:13:00,0.5,,,,,,,,,,,,,,,,,,,,,,97.0,2013-04-22T01:20:00,,,,,,,,,,,,,,,,,,,,,,,,,,,,,,,,,,,,,,,,,,,,,,,,,,,,,,,,,,,,,,,,,,,,,,,,,,
2013-04-23,729.8,731.5,2013-04-23T10:22:00,728.3,2013-04-23T03:16:00,13.2,23.3,2013-04-23T12:55:00,8.9,2013-04-23T05:01:00,70,41.0,2013-04-23T13:16:00,1.0,270,5.6,254.0,2013-04-23T15:05:00,0.0,,,,,,,,,,,,,,,,,,,,,,96.0,2013-04-23T19:32:00,,,,,,,,,,,,,,,,,,,,,,,,,,,,,,,,,,,,,,,,,,,,,,,,,,,,,,,,,,,,,,,,,,,,,,,,,,
2013-04-24,729.1,730.9,2013-04-24T09:48:00,727.9,2013-04-24T16:32:00,13.3,21.9,2013-04-24T14:31:00,8.4,2013-04-24T20:46:00,67,37.0,2013-04-24T14:16:00,1.5,262,9.4,255.0,2013-04-24T12:28:00,0.0,,,,,,,,,,,,,,,,,,,,,,94.0,2013-04-24T21:05:00,,,,,,,,,,,,,,,,,,,,,,,,,,,,,,,,,,,,,,,,,,,,,,,,,,,,,,,,,,,,,,,,,,,,,,,,,,
2013-04-25,727.1,728.4,2013-04-25T00:01:00,725.2,2013-04-25T16:27:00,10.0,16.1,2013-04-25T10:05:00,7.3,2013-04-25T23:02:00,91,71.0,2013-04-25T10:10:00,1.7,273,8.4,301.0,2013-04-25T16:36:00,27.5,,,,,,,,,,,,,,,,,,,,,,99.0,2013-04-25T23:17:00,,,,,,,,,,,,,,,,,,,,,,,,,,,,,,,,,,,,,,,,,,,,,,,,,,,,,,,,,,,,,,,,,,,,,,,,,,
2013-04-26,726.7,727.9,2013-04-26T09:48:00,725.7,2013-04-26T03:00:00,9.0,10.9,2013-04-26T13:58:00,7.1,2013-04-26T20:46:00,97,94.0,2013-04-26T11:34:00,1.5,258,6.6,275.0,2013-04-26T07:47:00,51.0,,,,,,,,,,,,,,,,,,,,,,98.0,2013-04-26T23:49:00,,,,,,,,,,,,,,,,,,,,,,,,,,,,,,,,,,,,,,,,,,,,,,,,,,,,,,,,,,,,,,,,,,,,,,,,,,
2013-04-27,726.7,728.2,2013-04-27T22:07:00,725.1,2013-04-27T03:21:00,7.8,9.4,2013-04-27T08:51:00,6.3,2013-04-27T06:50:00,98,97.0,2013-04-27T03:18:00,1.6,131,7.1,234.0,2013-04-27T02:41:00,57.0,,,,,,,,,,,,,,,,,,,,,,99.0,2013-04-27T11:52:00,,,,,,,,,,,,,,,,,,,,,,,,,,,,,,,,,,,,,,,,,,,,,,,,,,,,,,,,,,,,,,,,,,,,,,,,,,
2013-04-28,728.0,,,,,8.1,,,,,96,,,1.1,1,,,,12.5,,,,,,,,,,,,,,,,,,,,,,,,,,,,,,,,,,,,,,,,,,,,,,,,,,,,,,,,,,,,,,,,,,,,,,,,,,,,,,,,,,,,,,,,,,,,,,,,,
2013-04-29,728.6,730.2,2013-04-29T10:01:00,727.6,2013-04-29T03:33:00,11.0,19.2,2013-04-29T11:01:00,6.1,2013-04-29T02:17:00,77,49.0,2013-04-29T10:35:00,1.3,125,4.1,142.0,2013-04-29T08:18:00,0.0,,,,,,,,,,,,,,,,,,,,,,98.0,2013-04-29T00:19:00,,,,,,,,,,,,,,,,,,,,,,,,,,,,,,,,,,,,,,,,,,,,,,,,,,,,,,,,,,,,,,,,,,,,,,,,,,
2013-04-30,726.4,728.2,2013-04-30T00:01:00,724.5,2013-04-30T23:32:00,10.3,14.1,2013-04-30T11:27:00,7.2,2013-04-30T05:01:00,84,62.0,2013-04-30T00:12:00,2.2,265,8.2,266.0,2013-04-30T07:51:00,22.0,,,,,,,,,,,,,,,,,,,,,,97.0,2013-04-30T20:43:00,,,,,,,,,,,,,,,,,,,,,,,,,,,,,,,,,,,,,,,,,,,,,,,,,,,,,,,,,,,,,,,,,,,,,,,,,,
2013-05-01,723.5,724.9,2013-05-01T00:01:00,722.1,2013-05-01T05:11:00,8.5,10.0,2013-05-01T12:01:00,7.3,2013-05-01T03:53:00,97,87.0,2013-05-01T02:03:00,2.0,266,10.6,275.0,2013-05-01T06:23:00,22.0,,,,,,,,,,,,,,,,,,,,,,98.0,2013-05-01T23:47:00,,,,,,,,,,,,,,,,,,,,,,,,,,,,,,,,,,,,,,,,,,,,,,,,,,,,,,,,,,,,,,,,,,,,,,,,,,
2013-05-02,724.2,725.5,2013-05-02T20:32:00,722.9,2013-05-02T04:07:00,8.2,10.0,2013-05-02T10:34:00,7.1,2013-05-02T18:39:00,97,93.0,2013-05-02T08:02:00,1.3,275,5.4,308.0,2013-05-02T07:13:00,4.0,,,,,,,,,,,,,,,,,,,,,,100.0,2013-05-02T01:58:00,,,,,,,,,,,,,,,,,,,,,,,,,,,,,,,,,,,,,,,,,,,,,,,,,,,,,,,,,,,,,,,,,,,,,,,,,,
2013-05-03,726.0,728.0,2013-05-03T21:31:00,724.5,2013-05-03T02:36:00,10.0,14.1,2013-05-03T13:17:00,7.6,2013-05-03T00:35:00,97,89.0,2013-05-03T12:18:00,0.9,253,3.4,238.0,2013-05-03T00:19:00,11.0,,,,,,,,,,,,,,,,,,,,,,98.0,2013-05-03T20:01:00,,,,,,,,,,,,,,,,,,,,,,,,,,,,,,,,,,,,,,,,,,,,,,,,,,,,,,,,,,,,,,,,,,,,,,,,,,
2013-05-04,728.8,730.6,2013-05-04T22:06:00,726.8,2013-05-04T02:01:00,10.4,17.0,2013-05-04T12:34:00,7.9,2013-05-04T02:53:00,94,67.0,2013-05-04T13:01:00,1.2,332,3.5,101.0,2013-05-04T09:01:00,8.5,,,,,,,,,,,,,,,,,,,,,,98.0,2013-05-04T21:46:00,,,,,,,,,,,,,,,,,,,,,,,,,,,,,,,,,,,,,,,,,,,,,,,,,,,,,,,,,,,,,,,,,,,,,,,,,,
2013-05-05,730.1,731.4,2013-05-05T08:53:00,729.3,2013-05-05T01:47:00,10.5,16.8,2013-05-05T11:49:00,8.7,2013-05-05T03:21:00,97,71.0,2013-05-05T11:49:00,1.3,124,4.1,136.0,2013-05-05T23:02:00,5.0,,,,,,,,,,,,,,,,,,,,,,99.0,2013-05-05T22:55:00,,,,,,,,,,,,,,,,,,,,,,,,,,,,,,,,,,,,,,,,,,,,,,,,,,,,,,,,,,,,,,,,,,,,,,,,,,
2013-05-06,729.1,730.8,2013-05-06T09:56:00,727.7,2013-05-06T15:48:00,10.8,19.2,2013-05-06T12:47:00,8.8,2013-05-06T05:02:00,94,59.0,2013-05-06T12:47:00,1.1,287,4.0,248.0,2013-05-06T14:33:00,5.0,,,,,,,,,,,,,,,,,,,,,,99.0,2013-05-06T01:01:00,,,,,,,,,,,,,,,,,,,,,,,,,,,,,,,,,,,,,,,,,,,,,,,,,,,,,,,,,,,,,,,,,,,,,,,,,,
2013-05-07,728.7,729.9,2013-05-07T09:04:00,727.6,2013-05-07T03:05:00,11.4,17.6,2013-05-07T09:04:00,8.2,2013-05-07T01:39:00,89,63.0,2013-05-07T09:16:00,1.1,121,4.9,240.0,2013-05-07T15:53:00,0.0,,,,,,,,,,,,,,,,,,,,,,99.0,2013-05-07T23:17:00,,,,,,,,,,,,,,,,,,,,,,,,,,,,,,,,,,,,,,,,,,,,,,,,,,,,,,,,,,,,,,,,,,,,,,,,,,
2013-05-08,728.9,730.1,2013-05-08T09:18:00,727.7,2013-05-08T03:55:00,11.3,17.6,2013-05-08T10:48:00,8.6,2013-05-08T01:53:00,91,59.0,2013-05-08T10:48:00,1.0,100,3.9,234.0,2013-05-08T14:05:00,0.0,,,,,,,,,,,,,,,,,,,,,,99.0,2013-05-08T01:32:00,,,,,,,,,,,,,,,,,,,,,,,,,,,,,,,,,,,,,,,,,,,,,,,,,,,,,,,,,,,,,,,,,,,,,,,,,,
2013-05-09,728.9,730.5,2013-05-09T10:33:00,727.7,2013-05-09T16:32:00,12.9,19.5,2013-05-09T14:10:00,10.0,2013-05-09T01:31:00,72,45.0,2013-05-09T13:18:00,1.2,144,5.7,256.0,2013-05-09T22:27:00,0.0,,,,,,,,,,,,,,,,,,,,,,92.0,2013-05-09T01:19:00,,,,,,,,,,,,,,,,,,,,,,,,,,,,,,,,,,,,,,,,,,,,,,,,,,,,,,,,,,,,,,,,,,,,,,,,,,
2013-05-10,726.5,728.6,2013-05-10T00:16:00,724.8,2013-05-10T17:17:00,11.5,19.6,2013-05-10T13:48:00,9.1,2013-05-10T04:21:00,81,48.0,2013-05-10T13:48:00,2.1,269,10.8,276.0,2013-05-10T10:05:00,0.5,,,,,,,,,,,,,,,,,,,,,,94.0,2013-05-10T23:31:00,,,,,,,,,,,,,,,,,,,,,,,,,,,,,,,,,,,,,,,,,,,,,,,,,,,,,,,,,,,,,,,,,,,,,,,,,,
2013-05-11,724.3,726.2,2013-05-11T22:02:00,722.6,2013-05-11T05:24:00,9.9,11.3,2013-05-11T12:34:00,8.9,2013-05-11T03:33:00,96,91.0,2013-05-11T00:17:00,3.3,267,11.4,236.0,2013-05-11T07:43:00,27.5,,,,,,,,,,,,,,,,,,,,,,98.0,2013-05-11T05:46:00,,,,,,,,,,,,,,,,,,,,,,,,,,,,,,,,,,,,,,,,,,,,,,,,,,,,,,,,,,,,,,,,,,,,,,,,,,
2013-05-12,726.0,727.4,2013-05-12T10:18:00,724.8,2013-05-12T04:53:00,10.4,14.0,2013-05-12T10:18:00,9.4,2013-05-12T02:16:00,96,75.0,2013-05-12T10:35:00,1.9,267,8.6,267.0,2013-05-12T14:18:00,32.0,,,,,,,,,,,,,,,,,,,,,,99.0,2013-05-12T07:05:00,,,,,,,,,,,,,,,,,,,,,,,,,,,,,,,,,,,,,,,,,,,,,,,,,,,,,,,,,,,,,,,,,,,,,,,,,,
2013-05-13,726.4,727.4,2013-05-13T08:46:00,725.2,2013-05-13T04:41:00,11.0,15.5,2013-05-13T12:46:00,8.6,2013-05-13T04:41:00,95,78.0,2013-05-13T12:46:00,1.1,269,6.0,260.0,2013-05-13T01:44:00,12.5,,,,,,,,,,,,,,,,,,,,,,98.0,2013-05-13T03:01:00,,,,,,,,,,,,,,,,,,,,,,,,,,,,,,,,,,,,,,,,,,,,,,,,,,,,,,,,,,,,,,,,,,,,,,,,,,
2013-05-14,726.6,728.0,2013-05-14T10:40:00,725.5,2013-05-14T15:53:00,12.7,21.1,2013-05-14T14:33:00,8.9,2013-05-14T03:16:00,84,48.0,2013-05-14T14:46:00,1.0,138,4.8,251.0,2013-05-14T14:22:00,1.5,,,,,,,,,,,,,,,,,,,,,,100.0,2013-05-14T17:50:00,,,,,,,,,,,,,,,,,,,,,,,,,,,,,,,,,,,,,,,,,,,,,,,,,,,,,,,,,,,,,,,,,,,,,,,,,,
2013-05-15,726.6,728.0,2013-05-15T11:11:00,725.5,2013-05-15T15:47:00,11.5,18.4,2013-05-15T09:36:00,7.9,2013-05-15T04:24:00,86,54.0,2013-05-15T10:30:00,1.9,259,8.5,259.0,2013-05-15T16:33:00,7.0,,,,,,,,,,,,,,,,,,,,,,97.0,2013-05-15T00:01:00,,,,,,,,,,,,,,,,,,,,,,,,,,,,,,,,,,,,,,,,,,,,,,,,,,,,,,,,,,,,,,,,,,,,,,,,,,
2013-05-16,727.0,728.2,2013-05-16T22:07:00,725.5,2013-05-16T03:20:00,11.5,13.8,2013-05-16T11:03:00,10.0,2013-05-16T03:01:00,90,78.0,2013-05-16T10:40:00,2.0,262,8.8,275.0,2013-05-16T12:36:00,8.5,,,,,,,,,,,,,,,,,,,,,,97.0,2013-05-16T15:30:00,,,,,,,,,,,,,,,,,,,,,,,,,,,,,,,,,,,,,,,,,,,,,,,,,,,,,,,,,,,,,,,,,,,,,,,,,,
2013-05-17,726.6,728.2,2013-05-17T21:36:00,724.9,2013-05-17T03:32:00,12.2,17.0,2013-05-17T12:31:00,9.6,2013-05-17T03:02:00,94,77.0,2013-05-17T12:31:00,2.3,271,8.8,261.0,2013-05-17T02:38:00,44.5,,,,,,,,,,,,,,,,,,,,,,98.0,2013-05-17T05:49:00,,,,,,,,,,,,,,,,,,,,,,,,,,,,,,,,,,,,,,,,,,,,,,,,,,,,,,,,,,,,,,,,,,,,,,,,,,
2013-05-18,726.8,728.0,2013-05-18T10:03:00,725.8,2013-05-18T17:26:00,13.6,20.4,2013-05-18T14:04:00,11.3,2013-05-18T01:16:00,92,64.0,2013-05-18T13:55:00,1.6,268,8.5,268.0,2013-05-18T17:39:00,3.5,,,,,,,,,,,,,,,,,,,,,,98.0,2013-05-18T19:02:00,,,,,,,,,,,,,,,,,,,,,,,,,,,,,,,,,,,,,,,,,,,,,,,,,,,,,,,,,,,,,,,,,,,,,,,,,,
2013-05-19,725.8,726.8,2013-05-19T00:01:00,724.5,2013-05-19T15:34:00,12.1,15.1,2013-05-19T13:46:00,10.9,2013-05-19T18:35:00,96,84.0,2013-05-19T13:18:00,2.4,269,7.8,281.0,2013-05-19T23:23:00,43.0,,,,,,,,,,,,,,,,,,,,,,100.0,2013-05-19T03:02:00,,,,,,,,,,,,,,,,,,,,,,,,,,,,,,,,,,,,,,,,,,,,,,,,,,,,,,,,,,,,,,,,,,,,,,,,,,
2013-05-20,725.5,726.7,2013-05-20T09:21:00,724.3,2013-05-20T16:10:00,11.7,16.1,2013-05-20T11:46:00,10.2,2013-05-20T05:16:00,94,73.0,2013-05-20T11:46:00,2.3,269,8.6,253.0,2013-05-20T16:11:00,25.5,,,,,,,,,,,,,,,,,,,,,,97.0,2013-05-20T14:09:00,,,,,,,,,,,,,,,,,,,,,,,,,,,,,,,,,,,,,,,,,,,,,,,,,,,,,,,,,,,,,,,,,,,,,,,,,,
2013-05-21,726.1,728.3,2013-05-21T21:33:00,723.9,2013-05-21T03:40:00,11.1,13.1,2013-05-21T17:16:00,10.0,2013-05-21T23:33:00,97,90.0,2013-05-21T12:04:00,2.3,269,11.3,258.0,2013-05-21T02:07:00,64.5,,,,,,,,,,,,,,,,,,,,,,98.0,2013-05-21T08:07:00,,,,,,,,,,,,,,,,,,,,,,,,,,,,,,,,,,,,,,,,,,,,,,,,,,,,,,,,,,,,,,,,,,,,,,,,,,
2013-05-22,726.9,728.4,2013-05-22T22:18:00,725.5,2013-05-22T02:16:00,11.1,14.0,2013-05-22T13:18:00,9.7,2013-05-22T00:18:00,94,76.0,2013-05-22T13:22:00,3.2,262,11.5,263.0,2013-05-22T18:20:00,19.0,,,,,,,,,,,,,,,,,,,,,,98.0,2013-05-22T04:57:00,,,,,,,,,,,,,,,,,,,,,,,,,,,,,,,,,,,,,,,,,,,,,,,,,,,,,,,,,,,,,,,,,,,,,,,,,,
2013-05-23,727.7,728.9,2013-05-23T21:48:00,726.2,2013-05-23T03:04:00,11.5,16.7,2013-05-23T13:21:00,9.4,2013-05-23T19:03:00,96,81.0,2013-05-23T12:35:00,1.7,278,8.8,259.0,2013-05-23T02:08:00,37.0,,,,,,,,,,,,,,,,,,,,,,99.0,2013-05-23T02:19:00,,,,,,,,,,,,,,,,,,,,,,,,,,,,,,,,,,,,,,,,,,,,,,,,,,,,,,,,,,,,,,,,,,,,,,,,,,
2013-05-24,728.2,729.8,2013-05-24T10:39:00,726.8,2013-05-24T03:17:00,13.0,21.8,2013-05-24T10:51:00,9.1,2013-05-24T05:02:00,87,49.0,2013-05-24T11:22:00,1.0,34,3.6,129.0,2013-05-24T12:28:00,0.0,,,,,,,,,,,,,,,,,,,,,,98.0,2013-05-24T23:20:00,,,,,,,,,,,,,,,,,,,,,,,,,,,,,,,,,,,,,,,,,,,,,,,,,,,,,,,,,,,,,,,,,,,,,,,,,,
2013-05-25,728.2,729.6,2013-05-25T11:18:00,727.1,2013-05-25T16:46:00,12.8,21.7,2013-05-25T11:18:00,9.2,2013-05-25T20:20:00,82,48.0,2013-05-25T09:05:00,1.4,342,4.0,94.0,2013-05-25T10:35:00,0.5,,,,,,,,,,,,,,,,,,,,,,98.0,2013-05-25T21:31:00,,,,,,,,,,,,,,,,,,,,,,,,,,,,,,,,,,,,,,,,,,,,,,,,,,,,,,,,,,,,,,,,,,,,,,,,,,
2013-05-26,727.8,729.0,2013-05-26T21:46:00,726.7,2013-05-26T04:32:00,13.7,22.3,2013-05-26T12:22:00,7.6,2013-05-26T03:33:00,70,19.0,2013-05-26T07:03:00,1.0,265,4.3,252.0,2013-05-26T20:53:00,0.0,,,,,,,,,,,,,,,,,,,,,,98.0,2013-05-26T00:09:00,,,,,,,,,,,,,,,,,,,,,,,,,,,,,,,,,,,,,,,,,,,,,,,,,,,,,,,,,,,,,,,,,,,,,,,,,,
2013-05-27,728.0,729.0,2013-05-27T11:11:00,726.8,2013-05-27T03:00:00,13.0,19.4,2013-05-27T10:08:00,9.4,2013-05-27T01:31:00,81,51.0,2013-05-27T09:53:00,1.3,270,8.3,280.0,2013-05-27T17:10:00,0.0,,,,,,,,,,,,,,,,,,,,,,97.0,2013-05-27T21:06:00,,,,,,,,,,,,,,,,,,,,,,,,,,,,,,,,,,,,,,,,,,,,,,,,,,,,,,,,,,,,,,,,,,,,,,,,,,
2013-05-28,729.8,731.8,2013-05-28T21:50:00,727.7,2013-05-28T00:05:00,13.3,18.9,2013-05-28T09:48:00,10.4,2013-05-28T04:16:00,87,59.0,2013-05-28T09:52:00,1.1,3,6.0,265.0,2013-05-28T00:09:00,0.5,,,,,,,,,,,,,,,,,,,,,,97.0,2013-05-28T03:05:00,,,,,,,,,,,,,,,,,,,,,,,,,,,,,,,,,,,,,,,,,,,,,,,,,,,,,,,,,,,,,,,,,,,,,,,,,,
2013-05-29,731.0,732.4,2013-05-29T22:02:00,729.9,2013-05-29T16:16:00,14.1,20.5,2013-05-29T08:46:00,11.0,2013-05-29T04:18:00,86,56.0,2013-05-29T08:46:00,1.1,280,3.9,114.0,2013-05-29T07:06:00,0.5,,,,,,,,,,,,,,,,,,,,,,98.0,2013-05-29T20:01:00,,,,,,,,,,,,,,,,,,,,,,,,,,,,,,,,,,,,,,,,,,,,,,,,,,,,,,,,,,,,,,,,,,,,,,,,,,
2013-05-30,730.5,732.0,2013-05-30T00:01:00,729.2,2013-05-30T15:50:00,14.5,21.0,2013-05-30T09:02:00,10.7,2013-05-30T23:50:00,81,44.0,2013-05-30T09:02:00,1.1,133,4.0,130.0,2013-05-30T13:25:00,0.0,,,,,,,,,,,,,,,,,,,,,,98.0,2013-05-30T20:36:00,,,,,,,,,,,,,,,,,,,,,,,,,,,,,,,,,,,,,,,,,,,,,,,,,,,,,,,,,,,,,,,,,,,,,,,,,,
2013-05-31,729.6,730.9,2013-05-31T09:35:00,728.6,2013-05-31T16:17:00,14.0,22.4,2013-05-31T09:52:00,9.3,2013-05-31T01:56:00,79,38.0,2013-05-31T10:05:00,1.0,124,3.0,134.0,2013-05-31T11:16:00,0.0,,,,,,,,,,,,,,,,,,,,,,98.0,2013-05-31T01:08:00,,,,,,,,,,,,,,,,,,,,,,,,,,,,,,,,,,,,,,,,,,,,,,,,,,,,,,,,,,,,,,,,,,,,,,,,,,
2013-06-01,728.2,729.5,2013-06-01T08:22:00,727.3,2013-06-01T16:06:00,15.5,23.8,2013-06-01T14:31:00,10.2,2013-06-01T22:18:00,55,32.0,2013-06-01T11:03:00,0.9,273,4.1,257.0,2013-06-01T13:54:00,0.0,,,,,,,,,,,,,,,,,,,,,,94.0,2013-06-01T00:03:00,,,,,,,,,,,,,,,,,,,,,,,,,,,,,,,,,,,,,,,,,,,,,,,,,,,,,,,,,,,,,,,,,,,,,,,,,,
2013-06-02,726.9,728.0,2013-06-02T00:01:00,726.1,2013-06-02T13:46:00,15.8,25.2,2013-06-02T14:31:00,9.9,2013-06-02T23:46:00,39,20.0,2013-06-02T12:12:00,1.1,271,5.6,305.0,2013-06-02T13:43:00,0.0,,,,,,,,,,,,,,,,,,,,,,64.0,2013-06-02T18:01:00,,,,,,,,,,,,,,,,,,,,,,,,,,,,,,,,,,,,,,,,,,,,,,,,,,,,,,,,,,,,,,,,,,,,,,,,,,
2013-06-03,727.5,729.0,2013-06-03T20:36:00,725.5,2013-06-03T01:21:00,14.4,23.7,2013-06-03T14:17:00,9.6,2013-06-03T05:03:00,65,39.0,2013-06-03T14:17:00,0.9,273,4.0,32.0,2013-06-03T10:40:00,0.0,,,,,,,,,,,,,,,,,,,,,,95.0,2013-06-03T21:38:00,,,,,,,,,,,,,,,,,,,,,,,,,,,,,,,,,,,,,,,,,,,,,,,,,,,,,,,,,,,,,,,,,,,,,,,,,,
2013-06-04,729.2,730.3,2013-06-04T10:01:00,727.7,2013-06-04T02:46:00,12.3,19.5,2013-06-04T11:17:00,9.2,2013-06-04T23:36:00,89,57.0,2013-06-04T11:17:00,0.8,290,3.2,310.0,2013-06-04T13:08:00,5.0,,,,,,,,,,,,,,,,,,,,,,97.0,2013-06-04T06:32:00,,,,,,,,,,,,,,,,,,,,,,,,,,,,,,,,,,,,,,,,,,,,,,,,,,,,,,,,,,,,,,,,,,,,,,,,,,
2013-06-05,729.6,730.5,2013-06-05T09:18:00,728.4,2013-06-05T02:46:00,10.9,15.7,2013-06-05T12:32:00,9.1,2013-06-05T00:03:00,90,68.0,2013-06-05T08:19:00,1.0,267,4.9,261.0,2013-06-05T02:22:00,5.5,,,,,,,,,,,,,,,,,,,,,,97.0,2013-06-05T20:38:00,,,,,,,,,,,,,,,,,,,,,,,,,,,,,,,,,,,,,,,,,,,,,,,,,,,,,,,,,,,,,,,,,,,,,,,,,,
2013-06-06,729.2,730.5,2013-06-06T09:22:00,728.3,2013-06-06T02:46:00,12.4,18.4,2013-06-06T11:23:00,8.8,2013-06-06T04:04:00,88,61.0,2013-06-06T06:48:00,0.8,24,2.7,273.0,2013-06-06T10:45:00,0.0,,,,,,,,,,,,,,,,,,,,,,98.0,2013-06-06T03:06:00,,,,,,,,,,,,,,,,,,,,,,,,,,,,,,,,,,,,,,,,,,,,,,,,,,,,,,,,,,,,,,,,,,,,,,,,,,
2013-06-07,727.2,728.7,2013-06-07T00:01:00,726.1,2013-06-07T16:02:00,14.7,24.3,2013-06-07T14:01:00,9.7,2013-06-07T21:18:00,67,38.0,2013-06-07T13:47:00,0.9,19,6.1,267.0,2013-06-07T17:21:00,0.0,,,,,,,,,,,,,,,,,,,,,,94.0,2013-06-07T20:19:00,,,,,,,,,,,,,,,,,,,,,,,,,,,,,,,,,,,,,,,,,,,,,,,,,,,,,,,,,,,,,,,,,,,,,,,,,,
2013-06-08,724.9,726.1,2013-06-08T00:01:00,724.0,2013-06-08T15:23:00,14.8,24.4,2013-06-08T13:22:00,9.0,2013-06-08T03:31:00,66,38.0,2013-06-08T13:48:00,1.0,274,6.3,273.0,2013-06-08T07:36:00,0.0,,,,,,,,,,,,,,,,,,,,,,94.0,2013-06-08T21:09:00,,,,,,,,,,,,,,,,,,,,,,,,,,,,,,,,,,,,,,,,,,,,,,,,,,,,,,,,,,,,,,,,,,,,,,,,,,
2013-06-09,724.3,725.5,2013-06-09T11:17:00,723.5,2013-06-09T04:36:00,13.9,20.8,2013-06-09T12:02:00,8.8,2013-06-09T03:31:00,84,60.0,2013-06-09T12:06:00,0.8,273,2.8,328.0,2013-06-09T08:51:00,0.0,,,,,,,,,,,,,,,,,,,,,,97.0,2013-06-09T21:32:00,,,,,,,,,,,,,,,,,,,,,,,,,,,,,,,,,,,,,,,,,,,,,,,,,,,,,,,,,,,,,,,,,,,,,,,,,,
2013-06-10,724.6,725.8,2013-06-10T22:05:00,723.6,2013-06-10T05:52:00,13.9,22.5,2013-06-10T14:46:00,11.1,2013-06-10T04:32:00,89,58.0,2013-06-10T14:46:00,0.9,287,3.6,349.0,2013-06-10T22:05:00,0.0,,,,,,,,,,,,,,,,,,,,,,98.0,2013-06-10T05:32:00,,,,,,,,,,,,,,,,,,,,,,,,,,,,,,,,,,,,,,,,,,,,,,,,,,,,,,,,,,,,,,,,,,,,,,,,,,
2013-06-11,725.5,727.1,2013-06-11T21:31:00,724.3,2013-06-11T03:31:00,14.0,23.1,2013-06-11T13:50:00,10.6,2013-06-11T05:01:00,85,46.0,2013-06-11T13:54:00,1.1,274,7.8,255.0,2013-06-11T15:34:00,1.0,,,,,,,,,,,,,,,,,,,,,,97.0,2013-06-11T03:32:00,,,,,,,,,,,,,,,,,,,,,,,,,,,,,,,,,,,,,,,,,,,,,,,,,,,,,,,,,,,,,,,,,,,,,,,,,,
2013-06-12,726.5,727.6,2013-06-12T10:48:00,725.7,2013-06-12T04:31:00,13.0,20.6,2013-06-12T13:34:00,10.7,2013-06-12T04:20:00,94,58.0,2013-06-12T13:49:00,1.5,110,4.5,137.0,2013-06-12T06:41:00,1.5,,,,,,,,,,,,,,,,,,,,,,99.0,2013-06-12T15:04:00,,,,,,,,,,,,,,,,,,,,,,,,,,,,,,,,,,,,,,,,,,,,,,,,,,,,,,,,,,,,,,,,,,,,,,,,,,
2013-06-13,726.5,727.4,2013-06-13T09:17:00,725.7,2013-06-13T03:46:00,11.7,13.5,2013-06-13T18:49:00,10.1,2013-06-13T05:23:00,98,98.0,2013-06-13T02:35:00,2.5,120,6.2,115.0,2013-06-13T19:49:00,6.5,,,,,,,,,,,,,,,,,,,,,,99.0,2013-06-13T20:17:00,,,,,,,,,,,,,,,,,,,,,,,,,,,,,,,,,,,,,,,,,,,,,,,,,,,,,,,,,,,,,,,,,,,,,,,,,,
2013-06-14,727.4,729.2,2013-06-14T21:35:00,726.0,2013-06-14T02:18:00,12.4,16.3,2013-06-14T11:08:00,11.1,2013-06-14T05:36:00,98,98.0,2013-06-14T21:02:00,2.5,113,6.1,151.0,2013-06-14T03:51:00,12.0,,,,,,,,,,,,,,,,,,,,,,98.0,2013-06-14T17:19:00,,,,,,,,,,,,,,,,,,,,,,,,,,,,,,,,,,,,,,,,,,,,,,,,,,,,,,,,,,,,,,,,,,,,,,,,,,
2013-06-15,729.2,730.3,2013-06-15T21:02:00,727.4,2013-06-15T03:23:00,13.4,17.6,2013-06-15T12:17:00,11.2,2013-06-15T00:16:00,95,71.0,2013-06-15T10:01:00,1.9,116,4.6,163.0,2013-06-15T08:21:00,11.0,,,,,,,,,,,,,,,,,,,,,,99.0,2013-06-15T04:32:00,,,,,,,,,,,,,,,,,,,,,,,,,,,,,,,,,,,,,,,,,,,,,,,,,,,,,,,,,,,,,,,,,,,,,,,,,,
2013-06-16,728.8,730.1,2013-06-16T07:48:00,727.7,2013-06-16T16:08:00,13.5,18.5,2013-06-16T09:52:00,11.6,2013-06-16T05:16:00,94,73.0,2013-06-16T10:17:00,1.7,113,4.1,117.0,2013-06-16T21:33:00,3.5,,,,,,,,,,,,,,,,,,,,,,98.0,2013-06-16T04:46:00,,,,,,,,,,,,,,,,,,,,,,,,,,,,,,,,,,,,,,,,,,,,,,,,,,,,,,,,,,,,,,,,,,,,,,,,,,
2013-06-17,726.5,728.3,2013-06-17T00:01:00,725.2,2013-06-17T23:38:00,12.9,17.4,2013-06-17T12:02:00,10.2,2013-06-17T22:31:00,96,73.0,2013-06-17T23:47:00,1.2,111,3.9,117.0,2013-06-17T20:46:00,8.5,,,,,,,,,,,,,,,,,,,,,,99.0,2013-06-17T03:17:00,,,,,,,,,,,,,,,,,,,,,,,,,,,,,,,,,,,,,,,,,,,,,,,,,,,,,,,,,,,,,,,,,,,,,,,,,,
2013-06-18,724.6,725.7,2013-06-18T07:47:00,723.6,2013-06-18T16:05:00,12.8,19.3,2013-06-18T09:53:00,9.9,2013-06-18T01:10:00,92,62.0,2013-06-18T09:48:00,1.6,119,4.5,114.0,2013-06-18T12:21:00,11.5,,,,,,,,,,,,,,,,,,,,,,99.0,2013-06-18T20:20:00,,,,,,,,,,,,,,,,,,,,,,,,,,,,,,,,,,,,,,,,,,,,,,,,,,,,,,,,,,,,,,,,,,,,,,,,,,
2013-06-19,723.6,724.6,2013-06-19T00:01:00,722.7,2013-06-19T14:07:00,14.5,23.7,2013-06-19T13:16:00,10.2,2013-06-19T23:46:00,72,44.0,2013-06-19T12:17:00,1.5,267,5.4,291.0,2013-06-19T09:00:00,0.0,,,,,,,,,,,,,,,,,,,,,,96.0,2013-06-19T00:03:00,,,,,,,,,,,,,,,,,,,,,,,,,,,,,,,,,,,,,,,,,,,,,,,,,,,,,,,,,,,,,,,,,,,,,,,,,,
2013-06-20,725.3,727.1,2013-06-20T22:08:00,723.2,2013-06-20T00:36:00,13.3,19.7,2013-06-20T12:51:00,9.6,2013-06-20T03:34:00,82,56.0,2013-06-20T08:01:00,1.4,124,4.1,130.0,2013-06-20T09:28:00,0.0,,,,,,,,,,,,,,,,,,,,,,98.0,2013-06-20T04:46:00,,,,,,,,,,,,,,,,,,,,,,,,,,,,,,,,,,,,,,,,,,,,,,,,,,,,,,,,,,,,,,,,,,,,,,,,,,
2013-06-21,727.8,728.9,2013-06-21T10:32:00,726.2,2013-06-21T03:06:00,13.6,20.0,2013-06-21T08:51:00,11.2,2013-06-21T20:32:00,90,55.0,2013-06-21T08:16:00,1.7,101,4.4,116.0,2013-06-21T11:45:00,13.0,,,,,,,,,,,,,,,,,,,,,,98.0,2013-06-21T23:01:00,,,,,,,,,,,,,,,,,,,,,,,,,,,,,,,,,,,,,,,,,,,,,,,,,,,,,,,,,,,,,,,,,,,,,,,,,,
2013-06-22,728.5,729.9,2013-06-22T10:47:00,727.4,2013-06-22T03:32:00,13.5,20.5,2013-06-22T13:34:00,10.7,2013-06-22T01:41:00,88,49.0,2013-06-22T13:46:00,2.0,112,5.7,142.0,2013-06-22T13:19:00,0.0,,,,,,,,,,,,,,,,,,,,,,98.0,2013-06-22T03:33:00,,,,,,,,,,,,,,,,,,,,,,,,,,,,,,,,,,,,,,,,,,,,,,,,,,,,,,,,,,,,,,,,,,,,,,,,,,
2013-06-23,728.7,729.6,2013-06-23T00:19:00,727.6,2013-06-23T15:36:00,14.5,22.9,2013-06-23T12:22:00,11.4,2013-06-23T00:31:00,84,52.0,2013-06-23T08:16:00,1.5,124,5.2,256.0,2013-06-23T15:09:00,3.5,,,,,,,,,,,,,,,,,,,,,,97.0,2013-06-23T15:06:00,,,,,,,,,,,,,,,,,,,,,,,,,,,,,,,,,,,,,,,,,,,,,,,,,,,,,,,,,,,,,,,,,,,,,,,,,,
2013-06-24,728.8,730.1,2013-06-24T10:31:00,727.6,2013-06-24T16:34:00,12.7,17.9,2013-06-24T11:51:00,10.5,2013-06-24T21:16:00,92,68.0,2013-06-24T12:40:00,2.1,260,12.0,257.0,2013-06-24T18:55:00,3.5,,,,,,,,,,,,,,,,,,,,,,97.0,2013-06-24T17:48:00,,,,,,,,,,,,,,,,,,,,,,,,,,,,,,,,,,,,,,,,,,,,,,,,,,,,,,,,,,,,,,,,,,,,,,,,,,
2013-06-25,728.7,729.9,2013-06-25T09:01:00,727.1,2013-06-25T17:07:00,11.9,14.5,2013-06-25T11:38:00,10.8,2013-06-25T00:05:00,95,80.0,2013-06-25T10:33:00,2.6,259,13.7,272.0,2013-06-25T17:31:00,8.0,,,,,,,,,,,,,,,,,,,,,,97.0,2013-06-25T22:21:00,,,,,,,,,,,,,,,,,,,,,,,,,,,,,,,,,,,,,,,,,,,,,,,,,,,,,,,,,,,,,,,,,,,,,,,,,,
2013-06-26,728.6,729.6,2013-06-26T10:19:00,727.6,2013-06-26T16:07:00,13.0,16.3,2013-06-26T15:16:00,10.9,2013-06-26T23:31:00,86,71.0,2013-06-26T12:01:00,1.8,272,10.3,271.0,2013-06-26T10:59:00,0.5,,,,,,,,,,,,,,,,,,,,,,97.0,2013-06-26T00:08:00,,,,,,,,,,,,,,,,,,,,,,,,,,,,,,,,,,,,,,,,,,,,,,,,,,,,,,,,,,,,,,,,,,,,,,,,,,
2013-06-27,728.3,729.2,2013-06-27T09:48:00,727.4,2013-06-27T15:20:00,14.3,22.8,2013-06-27T13:16:00,10.2,2013-06-27T23:48:00,75,45.0,2013-06-27T14:17:00,1.1,326,8.2,284.0,2013-06-27T09:31:00,0.0,,,,,,,,,,,,,,,,,,,,,,98.0,2013-06-27T04:04:00,,,,,,,,,,,,,,,,,,,,,,,,,,,,,,,,,,,,,,,,,,,,,,,,,,,,,,,,,,,,,,,,,,,,,,,,,,
2013-06-28,728.2,729.2,2013-06-28T21:46:00,727.3,2013-06-28T04:36:00,15.8,26.0,2013-06-28T13:36:00,9.9,2013-06-28T04:07:00,62,20.0,2013-06-28T23:06:00,1.0,19,4.0,267.0,2013-06-28T18:11:00,0.0,,,,,,,,,,,,,,,,,,,,,,97.0,2013-06-28T21:48:00,,,,,,,,,,,,,,,,,,,,,,,,,,,,,,,,,,,,,,,,,,,,,,,,,,,,,,,,,,,,,,,,,,,,,,,,,,
2013-06-29,729.6,731.2,2013-06-29T22:02:00,728.4,2013-06-29T01:31:00,16.5,23.4,2013-06-29T10:16:00,11.8,2013-06-29T22:38:00,57,15.0,2013-06-29T04:23:00,1.2,114,3.9,115.0,2013-06-29T11:13:00,0.0,,,,,,,,,,,,,,,,,,,,,,98.0,2013-06-29T21:24:00,,,,,,,,,,,,,,,,,,,,,,,,,,,,,,,,,,,,,,,,,,,,,,,,,,,,,,,,,,,,,,,,,,,,,,,,,,
2013-06-30,730.6,731.5,2013-06-30T09:25:00,729.8,2013-06-30T02:49:00,15.5,23.7,2013-06-30T13:03:00,9.2,2013-06-30T14:43:00,66,28.0,2013-06-30T04:09:00,1.3,122,4.2,123.0,2013-06-30T12:06:00,11.5,,,,,,,,,,,,,,,,,,,,,,97.0,2013-06-30T15:54:00,,,,,,,,,,,,,,,,,,,,,,,,,,,,,,,,,,,,,,,,,,,,,,,,,,,,,,,,,,,,,,,,,,,,,,,,,,
2013-07-01,730.2,731.2,2013-07-01T10:51:00,729.2,2013-07-01T04:04:00,15.5,22.8,2013-07-01T11:46:00,11.5,2013-07-01T21:19:00,70,45.0,2013-07-01T12:31:00,1.8,110,5.5,106.0,2013-07-01T11:25:00,0.0,,,,,,,,,,,,,,,,,,,,,,98.0,2013-07-01T20:18:00,,,,,,,,,,,,,,,,,,,,,,,,,,,,,,,,,,,,,,,,,,,,,,,,,,,,,,,,,,,,,,,,,,,,,,,,,,
2013-07-02,730.6,,,,,14.3,,,,,78,,,1.7,117,,,,23.0,,,,,,,,,,,,,,,,,,,,,,,,,,,,,,,,,,,,,,,,,,,,,,,,,,,,,,,,,,,,,,,,,,,,,,,,,,,,,,,,,,,,,,,,,,,,,,,,,
2013-07-03,730.4,731.5,2013-07-03T09:46:00,729.6,2013-07-03T02:49:00,14.6,21.6,2013-07-03T12:17:00,10.0,2013-07-03T01:17:00,79,48.0,2013-07-03T09:19:00,1.5,121,3.8,119.0,2013-07-03T01:47:00,0.0,,,,,,,,,,,,,,,,,,,,,,97.0,2013-07-03T18:23:00,,,,,,,,,,,,,,,,,,,,,,,,,,,,,,,,,,,,,,,,,,,,,,,,,,,,,,,,,,,,,,,,,,,,,,,,,,
2013-07-04,729.1,730.3,2013-07-04T10:31:00,728.2,2013-07-04T15:35:00,15.4,21.5,2013-07-04T11:32:00,11.5,2013-07-04T22:46:00,68,34.0,2013-07-04T07:10:00,1.1,12,4.1,109.0,2013-07-04T11:47:00,1.5,,,,,,,,,,,,,,,,,,,,,,97.0,2013-07-04T21:46:00,,,,,,,,,,,,,,,,,,,,,,,,,,,,,,,,,,,,,,,,,,,,,,,,,,,,,,,,,,,,,,,,,,,,,,,,,,
2013-07-05,729.1,730.5,2013-07-05T22:01:00,728.0,2013-07-05T03:00:00,14.7,23.7,2013-07-05T13:02:00,10.5,2013-07-05T03:33:00,77,44.0,2013-07-05T13:02:00,1.0,278,4.8,119.0,2013-07-05T16:46:00,21.0,,,,,,,,,,,,,,,,,,,,,,98.0,2013-07-05T18:50:00,,,,,,,,,,,,,,,,,,,,,,,,,,,,,,,,,,,,,,,,,,,,,,,,,,,,,,,,,,,,,,,,,,,,,,,,,,
2013-07-06,729.8,731.1,2013-07-06T21:49:00,728.4,2013-07-06T04:35:00,14.4,22.2,2013-07-06T11:33:00,10.5,2013-07-06T23:55:00,81,51.0,2013-07-06T11:03:00,1.1,125,4.9,91.0,2013-07-06T11:55:00,4.0,,,,,,,,,,,,,,,,,,,,,,98.0,2013-07-06T22:48:00,,,,,,,,,,,,,,,,,,,,,,,,,,,,,,,,,,,,,,,,,,,,,,,,,,,,,,,,,,,,,,,,,,,,,,,,,,
2013-07-07,730.6,731.8,2013-07-07T21:09:00,729.5,2013-07-07T02:16:00,12.3,20.3,2013-07-07T11:35:00,9.2,2013-07-07T21:56:00,90,54.0,2013-07-07T11:35:00,0.9,137,6.2,267.0,2013-07-07T14:30:00,18.0,,,,,,,,,,,,,,,,,,,,,,98.0,2013-07-07T00:08:00,,,,,,,,,,,,,,,,,,,,,,,,,,,,,,,,,,,,,,,,,,,,,,,,,,,,,,,,,,,,,,,,,,,,,,,,,,
2013-07-08,730.7,732.1,2013-07-08T09:47:00,729.9,2013-07-08T15:13:00,13.4,20.9,2013-07-08T12:03:00,8.9,2013-07-08T23:06:00,79,57.0,2013-07-08T07:33:00,1.3,119,3.8,119.0,2013-07-08T11:14:00,0.0,,,,,,,,,,,,,,,,,,,,,,98.0,2013-07-08T20:46:00,,,,,,,,,,,,,,,,,,,,,,,,,,,,,,,,,,,,,,,,,,,,,,,,,,,,,,,,,,,,,,,,,,,,,,,,,,
2013-07-09,729.1,730.3,2013-07-09T00:03:00,727.6,2013-07-09T14:56:00,11.8,19.1,2013-07-09T11:19:00,9.1,2013-07-09T04:02:00,86,60.0,2013-07-09T09:14:00,2.1,116,6.0,131.0,2013-07-09T20:17:00,0.0,,,,,,,,,,,,,,,,,,,,,,98.0,2013-07-09T18:51:00,,,,,,,,,,,,,,,,,,,,,,,,,,,,,,,,,,,,,,,,,,,,,,,,,,,,,,,,,,,,,,,,,,,,,,,,,,
2013-07-10,728.2,729.2,2013-07-10T11:25:00,727.0,2013-07-10T03:17:00,13.0,21.2,2013-07-10T13:40:00,8.4,2013-07-10T01:36:00,68,38.0,2013-07-10T07:03:00,2.0,118,4.9,130.0,2013-07-10T01:47:00,0.0,,,,,,,,,,,,,,,,,,,,,,98.0,2013-07-10T00:08:00,,,,,,,,,,,,,,,,,,,,,,,,,,,,,,,,,,,,,,,,,,,,,,,,,,,,,,,,,,,,,,,,,,,,,,,,,,
2013-07-11,728.3,729.5,2013-07-11T11:03:00,727.4,2013-07-11T23:52:00,14.9,22.3,2013-07-11T11:46:00,10.0,2013-07-11T02:04:00,43,21.0,2013-07-11T10:46:00,1.6,107,5.4,119.0,2013-07-11T13:11:00,0.0,,,,,,,,,,,,,,,,,,,,,,95.0,2013-07-11T18:49:00,,,,,,,,,,,,,,,,,,,,,,,,,,,,,,,,,,,,,,,,,,,,,,,,,,,,,,,,,,,,,,,,,,,,,,,,,,
2013-07-12,721.6,,,,,13.8,,,,,72,,,1.5,273,,,,33.0,,,,,,,,,,,,,,,,,,,,,,,,,,,,,,,,,,,,,,,,,,,,,,,,,,,,,,,,,,,,,,,,,,,,,,,,,,,,,,,,,,,,,,,,,,,,,,,,,
2013-07-13,715.8,726.1,2013-07-13T21:32:00,699.3,2013-07-13T04:08:00,11.8,14.6,2013-07-13T05:21:00,9.6,2013-07-13T21:01:00,93,64.0,2013-07-13T23:42:00,5.3,267,24.4,248.0,2013-07-13T09:18:00,102.0,,,,,,,,,,,,,,,,,,,,,,98.0,2013-07-13T02:29:00,,,,,,,,,,,,,,,,,,,,,,,,,,,,,,,,,,,,,,,,,,,,,,,,,,,,,,,,,,,,,,,,,,,,,,,,,,
2013-07-14,728.5,730.6,2013-07-14T21:46:00,725.8,2013-07-14T00:02:00,13.5,21.5,2013-07-14T10:16:00,9.9,2013-07-14T22:20:00,78,41.0,2013-07-14T08:03:00,1.9,113,8.7,142.0,2013-07-14T01:00:00,0.5,,,,,,,,,,,,,,,,,,,,,,98.0,2013-07-14T17:16:00,,,,,,,,,,,,,,,,,,,,,,,,,,,,,,,,,,,,,,,,,,,,,,,,,,,,,,,,,,,,,,,,,,,,,,,,,,
2013-07-15,729.6,730.8,2013-07-15T10:03:00,728.2,2013-07-15T16:18:00,12.2,19.2,2013-07-15T10:20:00,9.1,2013-07-15T23:55:00,92,64.0,2013-07-15T07:17:00,1.9,111,4.4,135.0,2013-07-15T15:50:00,0.5,,,,,,,,,,,,,,,,,,,,,,98.0,2013-07-15T18:47:00,,,,,,,,,,,,,,,,,,,,,,,,,,,,,,,,,,,,,,,,,,,,,,,,,,,,,,,,,,,,,,,,,,,,,,,,,,
2013-07-16,728.8,729.9,2013-07-16T08:32:00,728.0,2013-07-16T13:33:00,12.7,19.8,2013-07-16T12:22:00,8.1,2013-07-16T21:18:00,73,43.0,2013-07-16T02:19:00,2.1,113,4.5,133.0,2013-07-16T11:38:00,0.0,,,,,,,,,,,,,,,,,,,,,,98.0,2013-07-16T20:01:00,,,,,,,,,,,,,,,,,,,,,,,,,,,,,,,,,,,,,,,,,,,,,,,,,,,,,,,,,,,,,,,,,,,,,,,,,,
2013-07-17,727.7,729.0,2013-07-17T10:03:00,726.8,2013-07-17T15:06:00,11.6,18.7,2013-07-17T12:06:00,9.2,2013-07-17T01:02:00,85,61.0,2013-07-17T00:01:00,3.0,115,11.7,121.0,2013-07-17T20:58:00,9.5,,,,,,,,,,,,,,,,,,,,,,98.0,2013-07-17T17:06:00,,,,,,,,,,,,,,,,,,,,,,,,,,,,,,,,,,,,,,,,,,,,,,,,,,,,,,,,,,,,,,,,,,,,,,,,,,
2013-07-18,727.4,728.7,2013-07-18T20:20:00,726.1,2013-07-18T03:01:00,10.7,13.8,2013-07-18T12:38:00,9.8,2013-07-18T21:16:00,96,71.0,2013-07-18T00:33:00,2.2,116,8.5,129.0,2013-07-18T07:39:00,8.5,,,,,,,,,,,,,,,,,,,,,,99.0,2013-07-18T03:17:00,,,,,,,,,,,,,,,,,,,,,,,,,,,,,,,,,,,,,,,,,,,,,,,,,,,,,,,,,,,,,,,,,,,,,,,,,,
2013-07-19,729.1,730.6,2013-07-19T22:16:00,727.1,2013-07-19T02:31:00,12.6,15.9,2013-07-19T13:46:00,10.5,2013-07-19T00:05:00,84,63.0,2013-07-19T13:28:00,1.4,11,6.0,233.0,2013-07-19T10:36:00,0.5,,,,,,,,,,,,,,,,,,,,,,96.0,2013-07-19T03:04:00,,,,,,,,,,,,,,,,,,,,,,,,,,,,,,,,,,,,,,,,,,,,,,,,,,,,,,,,,,,,,,,,,,,,,,,,,,
2013-07-20,729.5,730.6,2013-07-20T11:04:00,728.3,2013-07-20T18:06:00,13.4,21.1,2013-07-20T13:05:00,10.0,2013-07-20T04:18:00,84,61.0,2013-07-20T13:16:00,1.4,123,3.9,120.0,2013-07-20T03:02:00,0.0,,,,,,,,,,,,,,,,,,,,,,100.0,2013-07-20T22:31:00,,,,,,,,,,,,,,,,,,,,,,,,,,,,,,,,,,,,,,,,,,,,,,,,,,,,,,,,,,,,,,,,,,,,,,,,,,
2013-07-21,728.6,729.8,2013-07-21T00:01:00,727.7,2013-07-21T04:06:00,13.5,19.2,2013-07-21T09:47:00,10.2,2013-07-21T23:33:00,89,58.0,2013-07-21T09:32:00,1.7,120,3.8,113.0,2013-07-21T10:53:00,0.0,,,,,,,,,,,,,,,,,,,,,,98.0,2013-07-21T23:41:00,,,,,,,,,,,,,,,,,,,,,,,,,,,,,,,,,,,,,,,,,,,,,,,,,,,,,,,,,,,,,,,,,,,,,,,,,,
2013-07-22,729.6,731.1,2013-07-22T22:01:00,728.4,2013-07-22T04:05:00,14.7,22.2,2013-07-22T10:47:00,9.9,2013-07-22T00:16:00,71,34.0,2013-07-22T23:17:00,1.5,103,3.6,89.0,2013-07-22T13:53:00,0.0,,,,,,,,,,,,,,,,,,,,,,97.0,2013-07-22T00:01:00,,,,,,,,,,,,,,,,,,,,,,,,,,,,,,,,,,,,,,,,,,,,,,,,,,,,,,,,,,,,,,,,,,,,,,,,,,
2013-07-23,730.3,731.2,2013-07-23T10:40:00,729.3,2013-07-23T05:06:00,15.7,23.4,2013-07-23T11:01:00,11.2,2013-07-23T04:02:00,63,29.0,2013-07-23T02:31:00,1.3,119,3.8,108.0,2013-07-23T13:48:00,0.0,,,,,,,,,,,,,,,,,,,,,,98.0,2013-07-23T19:46:00,,,,,,,,,,,,,,,,,,,,,,,,,,,,,,,,,,,,,,,,,,,,,,,,,,,,,,,,,,,,,,,,,,,,,,,,,,
2013-07-24,729.7,730.8,2013-07-24T00:01:00,728.7,2013-07-24T16:02:00,14.9,22.4,2013-07-24T11:31:00,10.6,2013-07-24T03:46:00,80,51.0,2013-07-24T10:49:00,1.2,107,3.8,91.0,2013-07-24T13:46:00,0.0,,,,,,,,,,,,,,,,,,,,,,97.0,2013-07-24T20:18:00,,,,,,,,,,,,,,,,,,,,,,,,,,,,,,,,,,,,,,,,,,,,,,,,,,,,,,,,,,,,,,,,,,,,,,,,,,
2013-07-25,728.3,728.9,2013-07-25T21:46:00,727.6,2013-07-25T17:20:00,14.5,18.2,2013-07-25T15:29:00,10.7,2013-07-25T23:25:00,82,78.0,2013-07-25T15:14:00,1.7,123,2.8,106.0,2013-07-25T15:27:00,0.0,,,,,,,,,,,,,,,,,,,,,,98.0,2013-07-25T22:35:00,,,,,,,,,,,,,,,,,,,,,,,,,,,,,,,,,,,,,,,,,,,,,,,,,,,,,,,,,,,,,,,,,,,,,,,,,,
2013-07-26,728.4,729.8,2013-07-26T22:49:00,727.4,2013-07-26T02:36:00,14.4,21.9,2013-07-26T10:52:00,10.3,2013-07-26T00:46:00,86,51.0,2013-07-26T08:01:00,1.0,121,3.1,104.0,2013-07-26T09:22:00,5.0,,,,,,,,,,,,,,,,,,,,,,98.0,2013-07-26T18:50:00,,,,,,,,,,,,,,,,,,,,,,,,,,,,,,,,,,,,,,,,,,,,,,,,,,,,,,,,,,,,,,,,,,,,,,,,,,
2013-07-27,729.1,730.2,2013-07-27T21:46:00,728.3,2013-07-27T03:34:00,13.9,20.3,2013-07-27T13:03:00,11.0,2013-07-27T23:49:00,92,69.0,2013-07-27T13:03:00,1.3,118,3.6,126.0,2013-07-27T04:02:00,0.0,,,,,,,,,,,,,,,,,,,,,,98.0,2013-07-27T21:32:00,,,,,,,,,,,,,,,,,,,,,,,,,,,,,,,,,,,,,,,,,,,,,,,,,,,,,,,,,,,,,,,,,,,,,,,,,,
2013-07-28,729.6,730.6,2013-07-28T21:16:00,728.3,2013-07-28T03:46:00,14.5,22.3,2013-07-28T13:01:00,9.9,2013-07-28T05:16:00,84,41.0,2013-07-28T08:33:00,1.3,109,3.9,132.0,2013-07-28T10:22:00,0.0,,,,,,,,,,,,,,,,,,,,,,98.0,2013-07-28T00:18:00,,,,,,,,,,,,,,,,,,,,,,,,,,,,,,,,,,,,,,,,,,,,,,,,,,,,,,,,,,,,,,,,,,,,,,,,,,
2013-07-29,729.0,730.2,2013-07-29T10:17:00,728.2,2013-07-29T15:06:00,14.5,21.5,2013-07-29T12:31:00,9.8,2013-07-29T01:09:00,75,39.0,2013-07-29T09:17:00,1.5,125,4.7,123.0,2013-07-29T08:51:00,0.0,,,,,,,,,,,,,,,,,,,,,,96.0,2013-07-29T18:34:00,,,,,,,,,,,,,,,,,,,,,,,,,,,,,,,,,,,,,,,,,,,,,,,,,,,,,,,,,,,,,,,,,,,,,,,,,,
2013-07-30,727.9,729.2,2013-07-30T10:01:00,726.4,2013-07-30T15:36:00,13.5,22.0,2013-07-30T10:21:00,9.8,2013-07-30T20:31:00,84,50.0,2013-07-30T10:21:00,1.2,108,4.1,142.0,2013-07-30T10:56:00,9.0,,,,,,,,,,,,,,,,,,,,,,97.0,2013-07-30T20:01:00,,,,,,,,,,,,,,,,,,,,,,,,,,,,,,,,,,,,,,,,,,,,,,,,,,,,,,,,,,,,,,,,,,,,,,,,,,
2013-07-31,727.5,728.7,2013-07-31T10:19:00,726.5,2013-07-31T14:20:00,13.5,21.0,2013-07-31T12:12:00,9.8,2013-07-31T03:18:00,80,59.0,2013-07-31T10:06:00,1.7,111,5.3,96.0,2013-07-31T12:30:00,0.0,,,,,,,,,,,,,,,,,,,,,,98.0,2013-07-31T18:38:00,,,,,,,,,,,,,,,,,,,,,,,,,,,,,,,,,,,,,,,,,,,,,,,,,,,,,,,,,,,,,,,,,,,,,,,,,,
2013-08-01,727.2,728.7,2013-08-01T10:48:00,726.1,2013-08-01T14:33:00,12.2,17.0,2013-08-01T08:47:00,9.8,2013-08-01T01:32:00,81,58.0,2013-08-01T08:48:00,2.7,125,12.7,123.0,2013-08-01T14:39:00,2.5,,,,,,,,,,,,,,,,,,,,,,98.0,2013-08-01T20:56:00,,,,,,,,,,,,,,,,,,,,,,,,,,,,,,,,,,,,,,,,,,,,,,,,,,,,,,,,,,,,,,,,,,,,,,,,,,
2013-08-02,729.8,732.5,2013-08-02T21:47:00,727.0,2013-08-02T01:01:00,13.8,19.3,2013-08-02T10:47:00,11.0,2013-08-02T04:03:00,91,64.0,2013-08-02T14:01:00,2.0,112,6.2,135.0,2013-08-02T09:35:00,0.5,,,,,,,,,,,,,,,,,,,,,,98.0,2013-08-02T05:19:00,,,,,,,,,,,,,,,,,,,,,,,,,,,,,,,,,,,,,,,,,,,,,,,,,,,,,,,,,,,,,,,,,,,,,,,,,,
2013-08-03,732.3,733.4,2013-08-03T09:26:00,731.2,2013-08-03T02:06:00,14.9,22.1,2013-08-03T12:05:00,11.1,2013-08-03T04:46:00,86,55.0,2013-08-03T11:05:00,1.4,110,4.0,137.0,2013-08-03T13:51:00,0.0,,,,,,,,,,,,,,,,,,,,,,98.0,2013-08-03T23:39:00,,,,,,,,,,,,,,,,,,,,,,,,,,,,,,,,,,,,,,,,,,,,,,,,,,,,,,,,,,,,,,,,,,,,,,,,,,
2013-08-04,731.6,733.3,2013-08-04T10:01:00,730.2,2013-08-04T15:17:00,14.9,22.8,2013-08-04T12:19:00,9.9,2013-08-04T05:02:00,81,46.0,2013-08-04T11:29:00,1.6,123,4.3,145.0,2013-08-04T13:34:00,0.0,,,,,,,,,,,,,,,,,,,,,,98.0,2013-08-04T02:51:00,,,,,,,,,,,,,,,,,,,,,,,,,,,,,,,,,,,,,,,,,,,,,,,,,,,,,,,,,,,,,,,,,,,,,,,,,,
2013-08-05,730.2,731.5,2013-08-05T10:24:00,729.3,2013-08-05T13:36:00,15.7,23.8,2013-08-05T11:01:00,10.4,2013-08-05T00:23:00,58,32.0,2013-08-05T09:02:00,1.6,112,4.3,95.0,2013-08-05T13:43:00,0.0,,,,,,,,,,,,,,,,,,,,,,88.0,2013-08-05T17:12:00,,,,,,,,,,,,,,,,,,,,,,,,,,,,,,,,,,,,,,,,,,,,,,,,,,,,,,,,,,,,,,,,,,,,,,,,,,
2013-08-06,730.3,731.7,2013-08-06T20:53:00,728.9,2013-08-06T02:53:00,15.9,22.7,2013-08-06T11:03:00,11.5,2013-08-06T23:17:00,64,28.0,2013-08-06T08:32:00,1.3,127,3.4,135.0,2013-08-06T12:11:00,0.0,,,,,,,,,,,,,,,,,,,,,,97.0,2013-08-06T21:47:00,,,,,,,,,,,,,,,,,,,,,,,,,,,,,,,,,,,,,,,,,,,,,,,,,,,,,,,,,,,,,,,,,,,,,,,,,,
2013-08-07,731.1,732.4,2013-08-07T09:40:00,730.2,2013-08-07T16:32:00,15.6,23.5,2013-08-07T12:46:00,11.3,2013-08-07T02:44:00,74,31.0,2013-08-07T07:20:00,1.2,109,3.6,126.0,2013-08-07T13:03:00,0.0,,,,,,,,,,,,,,,,,,,,,,98.0,2013-08-07T22:04:00,,,,,,,,,,,,,,,,,,,,,,,,,,,,,,,,,,,,,,,,,,,,,,,,,,,,,,,,,,,,,,,,,,,,,,,,,,
2013-08-08,730.6,731.8,2013-08-08T10:07:00,729.9,2013-08-08T17:33:00,15.6,23.5,2013-08-08T13:17:00,10.9,2013-08-08T23:46:00,81,42.0,2013-08-08T10:06:00,1.2,109,3.9,52.0,2013-08-08T13:58:00,6.0,,,,,,,,,,,,,,,,,,,,,,97.0,2013-08-08T18:16:00,,,,,,,,,,,,,,,,,,,,,,,,,,,,,,,,,,,,,,,,,,,,,,,,,,,,,,,,,,,,,,,,,,,,,,,,,,
2013-08-09,729.6,730.8,2013-08-09T10:04:00,728.7,2013-08-09T04:48:00,15.3,22.9,2013-08-09T11:46:00,11.0,2013-08-09T00:37:00,61,37.0,2013-08-09T10:04:00,1.8,116,4.2,123.0,2013-08-09T14:46:00,0.0,,,,,,,,,,,,,,,,,,,,,,95.0,2013-08-09T20:01:00,,,,,,,,,,,,,,,,,,,,,,,,,,,,,,,,,,,,,,,,,,,,,,,,,,,,,,,,,,,,,,,,,,,,,,,,,,
2013-08-10,729.6,731.1,2013-08-10T10:34:00,728.7,2013-08-10T03:39:00,14.7,21.6,2013-08-10T11:48:00,9.6,2013-08-11T00:00:00,65,27.0,2013-08-10T10:09:00,1.5,125,4.3,117.0,2013-08-10T13:13:00,0.0,,,,,,,,,,,,,,,,,,,,,,98.0,2013-08-10T23:02:00,,,,,,,,,,,,,,,,,,,,,,,,,,,,,,,,,,,,,,,,,,,,,,,,,,,,,,,,,,,,,,,,,,,,,,,,,,
2013-08-11,729.3,730.6,2013-08-11T09:49:00,728.4,2013-08-11T03:24:00,13.8,21.7,2013-08-11T12:17:00,8.5,2013-08-11T23:31:00,84,55.0,2013-08-11T09:32:00,2.1,123,4.4,143.0,2013-08-11T21:02:00,0.0,,,,,,,,,,,,,,,,,,,,,,98.0,2013-08-11T20:37:00,,,,,,,,,,,,,,,,,,,,,,,,,,,,,,,,,,,,,,,,,,,,,,,,,,,,,,,,,,,,,,,,,,,,,,,,,,
2013-08-12,728.4,730.1,2013-08-12T09:07:00,727.3,2013-08-12T17:35:00,14.4,22.8,2013-08-12T10:47:00,10.4,2013-08-12T00:31:00,76,47.0,2013-08-12T03:26:00,2.2,117,6.6,144.0,2013-08-12T23:24:00,0.0,,,,,,,,,,,,,,,,,,,,,,99.0,2013-08-12T20:46:00,,,,,,,,,,,,,,,,,,,,,,,,,,,,,,,,,,,,,,,,,,,,,,,,,,,,,,,,,,,,,,,,,,,,,,,,,,
2013-08-13,727.5,728.7,2013-08-13T10:53:00,726.7,2013-08-13T05:12:00,13.3,18.3,2013-08-13T13:37:00,10.7,2013-08-13T03:08:00,90,65.0,2013-08-13T14:01:00,2.5,117,8.4,124.0,2013-08-13T06:45:00,0.0,,,,,,,,,,,,,,,,,,,,,,98.0,2013-08-13T04:17:00,,,,,,,,,,,,,,,,,,,,,,,,,,,,,,,,,,,,,,,,,,,,,,,,,,,,,,,,,,,,,,,,,,,,,,,,,,
2013-08-14,727.8,729.0,2013-08-14T09:34:00,726.7,2013-08-14T03:54:00,12.5,17.9,2013-08-14T12:06:00,10.5,2013-08-14T19:34:00,95,70.0,2013-08-14T11:56:00,2.0,114,4.2,116.0,2013-08-14T14:26:00,11.0,,,,,,,,,,,,,,,,,,,,,,98.0,2013-08-14T01:33:00,,,,,,,,,,,,,,,,,,,,,,,,,,,,,,,,,,,,,,,,,,,,,,,,,,,,,,,,,,,,,,,,,,,,,,,,,,
2013-08-15,726.9,728.2,2013-08-15T00:01:00,725.8,2013-08-15T23:46:00,12.6,17.4,2013-08-15T16:07:00,10.8,2013-08-15T00:31:00,98,96.0,2013-08-15T16:24:00,1.3,113,3.5,267.0,2013-08-15T15:34:00,7.5,,,,,,,,,,,,,,,,,,,,,,98.0,2013-08-15T05:31:00,,,,,,,,,,,,,,,,,,,,,,,,,,,,,,,,,,,,,,,,,,,,,,,,,,,,,,,,,,,,,,,,,,,,,,,,,,
2013-08-16,724.6,725.8,2013-08-16T00:01:00,723.5,2013-08-16T15:00:00,12.0,18.8,2013-08-16T10:47:00,9.6,2013-08-16T02:01:00,96,73.0,2013-08-16T10:47:00,1.5,124,3.7,130.0,2013-08-16T18:25:00,40.0,,,,,,,,,,,,,,,,,,,,,,98.0,2013-08-16T19:16:00,,,,,,,,,,,,,,,,,,,,,,,,,,,,,,,,,,,,,,,,,,,,,,,,,,,,,,,,,,,,,,,,,,,,,,,,,,
2013-08-17,724.0,725.1,2013-08-17T09:16:00,722.9,2013-08-17T03:31:00,13.4,20.5,2013-08-17T14:16:00,10.3,2013-08-17T01:32:00,90,64.0,2013-08-17T14:16:00,1.4,116,3.3,120.0,2013-08-17T04:12:00,3.5,,,,,,,,,,,,,,,,,,,,,,98.0,2013-08-17T20:01:00,,,,,,,,,,,,,,,,,,,,,,,,,,,,,,,,,,,,,,,,,,,,,,,,,,,,,,,,,,,,,,,,,,,,,,,,,,
2013-08-18,724.1,725.4,2013-08-18T09:36:00,723.2,2013-08-18T02:49:00,14.1,23.9,2013-08-18T13:57:00,9.2,2013-08-18T05:19:00,84,50.0,2013-08-18T11:38:00,1.1,275,4.0,298.0,2013-08-18T21:24:00,0.0,,,,,,,,,,,,,,,,,,,,,,98.0,2013-08-18T00:08:00,,,,,,,,,,,,,,,,,,,,,,,,,,,,,,,,,,,,,,,,,,,,,,,,,,,,,,,,,,,,,,,,,,,,,,,,,,
2013-08-19,723.3,724.6,2013-08-19T09:31:00,722.1,2013-08-19T16:02:00,14.9,24.0,2013-08-19T12:25:00,10.2,2013-08-19T02:19:00,66,29.0,2013-08-19T08:32:00,1.5,274,5.0,281.0,2013-08-19T21:44:00,0.0,,,,,,,,,,,,,,,,,,,,,,93.0,2013-08-19T19:31:00,,,,,,,,,,,,,,,,,,,,,,,,,,,,,,,,,,,,,,,,,,,,,,,,,,,,,,,,,,,,,,,,,,,,,,,,,,
2013-08-20,720.6,723.0,2013-08-20T00:01:00,718.9,2013-08-20T17:49:00,13.4,16.4,2013-08-20T10:36:00,10.1,2013-08-20T03:05:00,92,61.0,2013-08-20T00:26:00,1.3,60,4.8,79.0,2013-08-20T21:36:00,14.5,,,,,,,,,,,,,,,,,,,,,,98.0,2013-08-20T23:32:00,,,,,,,,,,,,,,,,,,,,,,,,,,,,,,,,,,,,,,,,,,,,,,,,,,,,,,,,,,,,,,,,,,,,,,,,,,
2013-08-21,714.5,719.4,2013-08-21T00:01:00,711.0,2013-08-21T17:57:00,13.8,17.2,2013-08-21T10:50:00,11.5,2013-08-21T02:35:00,98,97.0,2013-08-21T11:47:00,1.9,269,10.7,266.0,2013-08-21T14:08:00,55.0,,,,,,,,,,,,,,,,,,,,,,98.0,2013-08-21T03:03:00,,,,,,,,,,,,,,,,,,,,,,,,,,,,,,,,,,,,,,,,,,,,,,,,,,,,,,,,,,,,,,,,,,,,,,,,,,
2013-08-22,719.9,724.6,2013-08-22T23:16:00,713.2,2013-08-22T00:01:00,14.0,17.7,2013-08-22T11:48:00,12.6,2013-08-22T19:01:00,97,88.0,2013-08-22T17:06:00,1.6,135,10.3,267.0,2013-08-22T15:01:00,78.5,,,,,,,,,,,,,,,,,,,,,,98.0,2013-08-22T04:01:00,,,,,,,,,,,,,,,,,,,,,,,,,,,,,,,,,,,,,,,,,,,,,,,,,,,,,,,,,,,,,,,,,,,,,,,,,,
2013-08-23,725.9,728.3,2013-08-23T22:02:00,723.9,2013-08-23T02:50:00,13.6,19.5,2013-08-23T11:05:00,11.3,2013-08-23T17:37:00,93,73.0,2013-08-23T12:19:00,1.4,113,5.6,234.0,2013-08-23T17:25:00,25.0,,,,,,,,,,,,,,,,,,,,,,98.0,2013-08-23T03:03:00,,,,,,,,,,,,,,,,,,,,,,,,,,,,,,,,,,,,,,,,,,,,,,,,,,,,,,,,,,,,,,,,,,,,,,,,,,
2013-08-24,727.9,729.5,2013-08-24T20:53:00,726.7,2013-08-24T02:39:00,14.3,21.0,2013-08-24T10:16:00,10.6,2013-08-24T21:46:00,89,62.0,2013-08-24T08:32:00,1.5,109,3.8,120.0,2013-08-24T06:36:00,12.0,,,,,,,,,,,,,,,,,,,,,,98.0,2013-08-24T20:39:00,,,,,,,,,,,,,,,,,,,,,,,,,,,,,,,,,,,,,,,,,,,,,,,,,,,,,,,,,,,,,,,,,,,,,,,,,,
2013-08-25,728.1,729.2,2013-08-25T09:08:00,727.1,2013-08-25T15:55:00,14.0,20.7,2013-08-25T12:47:00,10.9,2013-08-25T00:16:00,91,66.0,2013-08-25T12:47:00,1.6,125,3.8,128.0,2013-08-25T06:20:00,0.0,,,,,,,,,,,,,,,,,,,,,,99.0,2013-08-25T04:32:00,,,,,,,,,,,,,,,,,,,,,,,,,,,,,,,,,,,,,,,,,,,,,,,,,,,,,,,,,,,,,,,,,,,,,,,,,,
2013-08-26,727.4,728.9,2013-08-26T10:26:00,726.2,2013-08-26T16:16:00,14.4,22.0,2013-08-26T12:19:00,11.0,2013-08-26T05:06:00,90,60.0,2013-08-26T08:34:00,1.7,118,4.0,111.0,2013-08-26T12:36:00,0.0,,,,,,,,,,,,,,,,,,,,,,98.0,2013-08-26T05:23:00,,,,,,,,,,,,,,,,,,,,,,,,,,,,,,,,,,,,,,,,,,,,,,,,,,,,,,,,,,,,,,,,,,,,,,,,,,
2013-08-27,727.1,729.0,2013-08-27T10:16:00,726.4,2013-08-27T02:31:00,14.3,21.2,2013-08-27T10:35:00,10.4,2013-08-27T04:17:00,83,55.0,2013-08-27T10:31:00,1.8,130,3.7,123.0,2013-08-27T10:05:00,0.0,,,,,,,,,,,,,,,,,,,,,,98.0,2013-08-27T02:09:00,,,,,,,,,,,,,,,,,,,,,,,,,,,,,,,,,,,,,,,,,,,,,,,,,,,,,,,,,,,,,,,,,,,,,,,,,,
2013-08-28,724.7,726.7,2013-08-28T08:46:00,722.6,2013-08-28T23:18:00,13.4,19.0,2013-08-28T09:02:00,10.3,2013-08-28T05:02:00,94,69.0,2013-08-28T09:02:00,2.0,131,5.5,120.0,2013-08-28T09:38:00,0.0,,,,,,,,,,,,,,,,,,,,,,98.0,2013-08-28T01:48:00,,,,,,,,,,,,,,,,,,,,,,,,,,,,,,,,,,,,,,,,,,,,,,,,,,,,,,,,,,,,,,,,,,,,,,,,,,
2013-08-29,723.2,725.7,2013-08-29T22:19:00,720.7,2013-08-29T04:02:00,12.7,17.2,2013-08-29T11:47:00,10.9,2013-08-29T22:31:00,97,95.0,2013-08-29T12:01:00,1.7,18,6.8,325.0,2013-08-29T15:42:00,20.0,,,,,,,,,,,,,,,,,,,,,,98.0,2013-08-29T03:17:00,,,,,,,,,,,,,,,,,,,,,,,,,,,,,,,,,,,,,,,,,,,,,,,,,,,,,,,,,,,,,,,,,,,,,,,,,,
2013-08-30,725.4,726.7,2013-08-30T09:18:00,724.3,2013-08-30T14:02:00,12.1,15.6,2013-08-30T13:47:00,10.4,2013-08-30T03:19:00,94,84.0,2013-08-30T08:31:00,1.7,259,9.0,282.0,2013-08-30T13:02:00,5.0,,,,,,,,,,,,,,,,,,,,,,98.0,2013-08-30T04:17:00,,,,,,,,,,,,,,,,,,,,,,,,,,,,,,,,,,,,,,,,,,,,,,,,,,,,,,,,,,,,,,,,,,,,,,,,,,
2013-08-31,725.2,726.2,2013-08-31T09:01:00,723.9,2013-08-31T02:47:00,11.8,14.0,2013-08-31T09:33:00,10.9,2013-08-31T04:31:00,97,93.0,2013-08-31T10:31:00,1.3,262,7.5,245.0,2013-08-31T01:59:00,21.0,,,,,,,,,,,,,,,,,,,,,,98.0,2013-08-31T01:05:00,,,,,,,,,,,,,,,,,,,,,,,,,,,,,,,,,,,,,,,,,,,,,,,,,,,,,,,,,,,,,,,,,,,,,,,,,,
2013-09-01,726.2,728.4,2013-09-01T21:32:00,724.0,2013-09-01T02:56:00,12.7,18.5,2013-09-01T14:16:00,10.5,2013-09-01T23:49:00,96,83.0,2013-09-01T11:37:00,1.0,278,4.1,246.0,2013-09-01T11:37:00,10.5,,,,,,,,,,,,,,,,,,,,,,98.0,2013-09-01T05:19:00,,,,,,,,,,,,,,,,,,,,,,,,,,,,,,,,,,,,,,,,,,,,,,,,,,,,,,,,,,,,,,,,,,,,,,,,,,
2013-09-02,727.4,729.3,2013-09-02T09:34:00,726.5,2013-09-02T14:18:00,12.1,20.0,2013-09-02T12:02:00,5.3,2013-09-02T04:49:00,83,54.0,2013-09-02T08:45:00,1.1,273,4.3,288.0,2013-09-02T06:51:00,0.0,,,,,,,,,,,,,,,,,,,,,,98.0,2013-09-02T03:03:00,,,,,,,,,,,,,,,,,,,,,,,,,,,,,,,,,,,,,,,,,,,,,,,,,,,,,,,,,,,,,,,,,,,,,,,,,,
2013-09-03,726.8,728.2,2013-09-03T09:22:00,725.8,2013-09-03T03:17:00,13.0,22.3,2013-09-03T11:51:00,6.6,2013-09-03T06:04:00,79,30.0,2013-09-03T07:47:00,1.0,278,3.7,252.0,2013-09-03T13:12:00,0.0,,,,,,,,,,,,,,,,,,,,,,98.0,2013-09-03T02:05:00,,,,,,,,,,,,,,,,,,,,,,,,,,,,,,,,,,,,,,,,,,,,,,,,,,,,,,,,,,,,,,,,,,,,,,,,,,
2013-09-04,727.3,728.4,2013-09-04T11:06:00,725.8,2013-09-04T02:50:00,12.4,22.0,2013-09-04T12:05:00,7.5,2013-09-04T00:20:00,83,45.0,2013-09-04T11:22:00,0.9,277,3.0,128.0,2013-09-04T13:35:00,0.0,,,,,,,,,,,,,,,,,,,,,,98.0,2013-09-04T04:44:00,,,,,,,,,,,,,,,,,,,,,,,,,,,,,,,,,,,,,,,,,,,,,,,,,,,,,,,,,,,,,,,,,,,,,,,,,,
2013-09-05,729.0,730.6,2013-09-05T20:53:00,727.4,2013-09-05T02:20:00,12.9,20.4,2013-09-05T10:32:00,8.4,2013-09-05T01:47:00,86,57.0,2013-09-05T10:21:00,1.1,114,3.7,125.0,2013-09-05T14:06:00,0.0,,,,,,,,,,,,,,,,,,,,,,97.0,2013-09-05T22:32:00,,,,,,,,,,,,,,,,,,,,,,,,,,,,,,,,,,,,,,,,,,,,,,,,,,,,,,,,,,,,,,,,,,,,,,,,,,
2013-09-06,730.7,731.8,2013-09-06T09:37:00,729.8,2013-09-06T04:01:00,13.6,20.6,2013-09-06T11:19:00,9.9,2013-09-06T04:59:00,87,55.0,2013-09-06T11:01:00,1.4,124,3.7,123.0,2013-09-06T10:54:00,0.0,,,,,,,,,,,,,,,,,,,,,,98.0,2013-09-06T19:04:00,,,,,,,,,,,,,,,,,,,,,,,,,,,,,,,,,,,,,,,,,,,,,,,,,,,,,,,,,,,,,,,,,,,,,,,,,,
2013-09-07,731.1,732.4,2013-09-07T09:31:00,730.1,2013-09-07T02:46:00,13.6,21.0,2013-09-07T12:01:00,9.6,2013-09-07T01:32:00,79,43.0,2013-09-07T10:26:00,2.0,125,4.4,124.0,2013-09-07T14:50:00,0.0,,,,,,,,,,,,,,,,,,,,,,98.0,2013-09-07T01:49:00,,,,,,,,,,,,,,,,,,,,,,,,,,,,,,,,,,,,,,,,,,,,,,,,,,,,,,,,,,,,,,,,,,,,,,,,,,
2013-09-08,731.4,732.7,2013-09-08T08:46:00,730.6,2013-09-08T02:16:00,13.8,21.9,2013-09-08T11:36:00,9.3,2013-09-08T02:32:00,66,43.0,2013-09-08T10:31:00,2.3,114,4.6,130.0,2013-09-08T10:31:00,0.0,,,,,,,,,,,,,,,,,,,,,,88.0,2013-09-08T22:17:00,,,,,,,,,,,,,,,,,,,,,,,,,,,,,,,,,,,,,,,,,,,,,,,,,,,,,,,,,,,,,,,,,,,,,,,,,,
2013-09-09,730.8,732.5,2013-09-09T08:35:00,729.8,2013-09-09T16:17:00,14.3,22.0,2013-09-09T11:19:00,10.0,2013-09-09T05:05:00,62,35.0,2013-09-09T11:05:00,2.3,118,4.9,137.0,2013-09-09T10:28:00,0.0,,,,,,,,,,,,,,,,,,,,,,88.0,2013-09-09T18:35:00,,,,,,,,,,,,,,,,,,,,,,,,,,,,,,,,,,,,,,,,,,,,,,,,,,,,,,,,,,,,,,,,,,,,,,,,,,
2013-09-10,729.8,731.1,2013-09-10T09:02:00,729.0,2013-09-10T13:50:00,14.0,22.2,2013-09-10T10:47:00,9.1,2013-09-10T00:32:00,67,41.0,2013-09-10T10:34:00,1.8,109,4.1,127.0,2013-09-10T11:45:00,0.0,,,,,,,,,,,,,,,,,,,,,,95.0,2013-09-10T19:01:00,,,,,,,,,,,,,,,,,,,,,,,,,,,,,,,,,,,,,,,,,,,,,,,,,,,,,,,,,,,,,,,,,,,,,,,,,,
2013-09-11,730.2,731.5,2013-09-11T21:28:00,728.9,2013-09-11T03:46:00,13.9,21.0,2013-09-11T11:17:00,10.2,2013-09-11T05:33:00,76,50.0,2013-09-11T07:32:00,2.0,123,4.9,138.0,2013-09-11T07:22:00,0.0,,,,,,,,,,,,,,,,,,,,,,98.0,2013-09-11T18:52:00,,,,,,,,,,,,,,,,,,,,,,,,,,,,,,,,,,,,,,,,,,,,,,,,,,,,,,,,,,,,,,,,,,,,,,,,,,
2013-09-12,730.5,731.5,2013-09-12T08:46:00,729.6,2013-09-12T02:57:00,12.2,17.2,2013-09-12T12:17:00,10.2,2013-09-12T02:17:00,96,71.0,2013-09-12T12:17:00,2.1,124,6.0,124.0,2013-09-12T07:47:00,0.0,,,,,,,,,,,,,,,,,,,,,,98.0,2013-09-12T20:26:00,,,,,,,,,,,,,,,,,,,,,,,,,,,,,,,,,,,,,,,,,,,,,,,,,,,,,,,,,,,,,,,,,,,,,,,,,,
2013-09-13,729.2,731.2,2013-09-13T09:17:00,727.6,2013-09-13T15:41:00,13.1,19.6,2013-09-13T12:46:00,10.2,2013-09-13T06:18:00,89,63.0,2013-09-13T08:26:00,1.6,110,4.9,109.0,2013-09-13T09:12:00,1.5,,,,,,,,,,,,,,,,,,,,,,98.0,2013-09-13T02:31:00,,,,,,,,,,,,,,,,,,,,,,,,,,,,,,,,,,,,,,,,,,,,,,,,,,,,,,,,,,,,,,,,,,,,,,,,,,
2013-09-14,726.4,728.3,2013-09-14T00:03:00,725.1,2013-09-14T14:48:00,13.5,21.1,2013-09-14T11:03:00,10.3,2013-09-14T23:47:00,85,57.0,2013-09-14T11:04:00,1.5,116,4.3,113.0,2013-09-14T10:11:00,2.0,,,,,,,,,,,,,,,,,,,,,,98.0,2013-09-14T23:31:00,,,,,,,,,,,,,,,,,,,,,,,,,,,,,,,,,,,,,,,,,,,,,,,,,,,,,,,,,,,,,,,,,,,,,,,,,,
2013-09-15,725.7,727.3,2013-09-15T20:50:00,724.3,2013-09-15T04:17:00,12.9,19.9,2013-09-15T11:02:00,7.4,2013-09-15T23:50:00,90,67.0,2013-09-15T04:17:00,1.5,90,4.6,123.0,2013-09-15T23:39:00,2.0,,,,,,,,,,,,,,,,,,,,,,98.0,2013-09-15T00:41:00,,,,,,,,,,,,,,,,,,,,,,,,,,,,,,,,,,,,,,,,,,,,,,,,,,,,,,,,,,,,,,,,,,,,,,,,,,
2013-09-16,726.7,728.3,2013-09-16T09:48:00,725.5,2013-09-16T02:47:00,11.3,18.5,2013-09-16T11:17:00,6.7,2013-09-16T20:01:00,60,12.0,2013-09-16T23:47:00,2.7,115,5.3,123.0,2013-09-16T13:17:00,0.0,,,,,,,,,,,,,,,,,,,,,,98.0,2013-09-16T00:01:00,,,,,,,,,,,,,,,,,,,,,,,,,,,,,,,,,,,,,,,,,,,,,,,,,,,,,,,,,,,,,,,,,,,,,,,,,,
2013-09-17,726.7,728.0,2013-09-17T09:48:00,726.0,2013-09-17T14:31:00,11.8,18.8,2013-09-17T11:09:00,6.9,2013-09-17T21:49:00,43,9.0,2013-09-17T01:26:00,2.4,122,5.1,123.0,2013-09-17T13:44:00,0.0,,,,,,,,,,,,,,,,,,,,,,98.0,2013-09-17T18:46:00,,,,,,,,,,,,,,,,,,,,,,,,,,,,,,,,,,,,,,,,,,,,,,,,,,,,,,,,,,,,,,,,,,,,,,,,,,
2013-09-18,728.0,729.9,2013-09-18T11:16:00,726.2,2013-09-18T03:24:00,11.4,17.3,2013-09-18T10:01:00,7.5,2013-09-18T02:01:00,83,23.0,2013-09-18T00:14:00,2.5,125,9.0,105.0,2013-09-18T10:13:00,16.0,,,,,,,,,,,,,,,,,,,,,,98.0,2013-09-18T22:17:00,,,,,,,,,,,,,,,,,,,,,,,,,,,,,,,,,,,,,,,,,,,,,,,,,,,,,,,,,,,,,,,,,,,,,,,,,,
2013-09-19,727.3,729.5,2013-09-19T09:40:00,726.0,2013-09-19T23:49:00,12.2,18.6,2013-09-19T12:33:00,8.5,2013-09-19T05:02:00,86,49.0,2013-09-19T12:33:00,2.1,136,5.4,130.0,2013-09-19T15:48:00,1.5,,,,,,,,,,,,,,,,,,,,,,98.0,2013-09-19T04:52:00,,,,,,,,,,,,,,,,,,,,,,,,,,,,,,,,,,,,,,,,,,,,,,,,,,,,,,,,,,,,,,,,,,,,,,,,,,
2013-09-20,723.9,726.1,2013-09-20T00:01:00,721.3,2013-09-20T23:56:00,11.1,14.9,2013-09-20T10:19:00,5.6,2013-09-20T01:01:00,94,59.0,2013-09-20T02:49:00,2.8,120,13.6,100.0,2013-09-20T23:18:00,36.0,,,,,,,,,,,,,,,,,,,,,,98.0,2013-09-20T22:47:00,,,,,,,,,,,,,,,,,,,,,,,,,,,,,,,,,,,,,,,,,,,,,,,,,,,,,,,,,,,,,,,,,,,,,,,,,,
2013-09-21,717.9,722.1,2013-09-21T00:11:00,714.5,2013-09-21T14:31:00,12.6,13.3,2013-09-21T08:25:00,11.2,2013-09-21T01:33:00,98,97.0,2013-09-21T15:46:00,6.9,117,21.4,93.0,2013-09-21T13:30:00,181.5,,,,,,,,,,,,,,,,,,,,,,99.0,2013-09-21T23:38:00,,,,,,,,,,,,,,,,,,,,,,,,,,,,,,,,,,,,,,,,,,,,,,,,,,,,,,,,,,,,,,,,,,,,,,,,,,
2013-09-22,722.1,725.5,2013-09-22T23:49:00,717.7,2013-09-22T02:27:00,12.8,13.7,2013-09-22T09:32:00,12.2,2013-09-22T00:34:00,99,98.0,2013-09-22T00:21:00,4.7,119,15.0,108.0,2013-09-22T05:39:00,76.0,,,,,,,,,,,,,,,,,,,,,,99.0,2013-09-22T06:24:00,,,,,,,,,,,,,,,,,,,,,,,,,,,,,,,,,,,,,,,,,,,,,,,,,,,,,,,,,,,,,,,,,,,,,,,,,,
2013-09-23,726.3,727.9,2013-09-23T10:31:00,724.9,2013-09-23T03:46:00,12.5,15.7,2013-09-23T11:03:00,10.6,2013-09-23T22:52:00,99,98.0,2013-09-23T11:22:00,2.9,124,8.3,116.0,2013-09-23T08:25:00,7.0,,,,,,,,,,,,,,,,,,,,,,99.0,2013-09-23T09:38:00,,,,,,,,,,,,,,,,,,,,,,,,,,,,,,,,,,,,,,,,,,,,,,,,,,,,,,,,,,,,,,,,,,,,,,,,,,
2013-09-24,726.8,727.9,2013-09-24T09:16:00,726.0,2013-09-24T03:01:00,12.5,18.3,2013-09-24T13:01:00,6.1,2013-09-24T04:31:00,85,45.0,2013-09-24T05:01:00,2.6,114,5.1,126.0,2013-09-24T00:18:00,0.0,,,,,,,,,,,,,,,,,,,,,,99.0,2013-09-24T01:02:00,,,,,,,,,,,,,,,,,,,,,,,,,,,,,,,,,,,,,,,,,,,,,,,,,,,,,,,,,,,,,,,,,,,,,,,,,,
2013-09-25,728.0,729.5,2013-09-25T21:01:00,726.7,2013-09-25T02:19:00,12.9,20.6,2013-09-25T10:08:00,7.1,2013-09-25T22:03:00,67,33.0,2013-09-25T09:01:00,2.1,128,5.9,134.0,2013-09-25T11:06:00,0.0,,,,,,,,,,,,,,,,,,,,,,99.0,2013-09-25T20:38:00,,,,,,,,,,,,,,,,,,,,,,,,,,,,,,,,,,,,,,,,,,,,,,,,,,,,,,,,,,,,,,,,,,,,,,,,,,
2013-09-26,729.0,730.5,2013-09-26T10:19:00,728.0,2013-09-26T02:54:00,11.5,18.4,2013-09-26T12:09:00,7.6,2013-09-26T01:46:00,94,67.0,2013-09-26T12:14:00,2.5,119,5.9,127.0,2013-09-26T08:52:00,0.0,,,,,,,,,,,,,,,,,,,,,,99.0,2013-09-26T23:46:00,,,,,,,,,,,,,,,,,,,,,,,,,,,,,,,,,,,,,,,,,,,,,,,,,,,,,,,,,,,,,,,,,,,,,,,,,,
2013-09-27,728.6,730.2,2013-09-27T09:15:00,727.7,2013-09-27T13:25:00,12.2,18.3,2013-09-27T10:31:00,9.0,2013-09-27T21:18:00,89,65.0,2013-09-27T09:53:00,2.3,117,3.9,120.0,2013-09-27T22:05:00,0.0,,,,,,,,,,,,,,,,,,,,,,99.0,2013-09-27T23:31:00,,,,,,,,,,,,,,,,,,,,,,,,,,,,,,,,,,,,,,,,,,,,,,,,,,,,,,,,,,,,,,,,,,,,,,,,,,
2013-09-28,727.3,728.7,2013-09-28T09:03:00,726.2,2013-09-28T14:08:00,13.0,20.7,2013-09-28T11:53:00,8.6,2013-09-28T21:46:00,81,51.0,2013-09-28T09:03:00,2.0,116,4.0,117.0,2013-09-28T12:20:00,0.0,,,,,,,,,,,,,,,,,,,,,,98.0,2013-09-28T00:08:00,,,,,,,,,,,,,,,,,,,,,,,,,,,,,,,,,,,,,,,,,,,,,,,,,,,,,,,,,,,,,,,,,,,,,,,,,,
2013-09-29,727.4,728.9,2013-09-29T20:17:00,725.5,2013-09-29T03:02:00,12.6,18.8,2013-09-29T11:49:00,8.2,2013-09-29T04:03:00,91,67.0,2013-09-29T08:46:00,2.0,125,3.5,138.0,2013-09-29T02:47:00,0.0,,,,,,,,,,,,,,,,,,,,,,98.0,2013-09-29T03:49:00,,,,,,,,,,,,,,,,,,,,,,,,,,,,,,,,,,,,,,,,,,,,,,,,,,,,,,,,,,,,,,,,,,,,,,,,,,
2013-09-30,729.1,730.5,2013-09-30T21:05:00,727.6,2013-09-30T02:35:00,13.0,16.8,2013-09-30T12:19:00,10.2,2013-09-30T02:00:00,96,83.0,2013-09-30T12:19:00,2.4,126,4.8,131.0,2013-09-30T02:53:00,1.0,,,,,,,,,,,,,,,,,,,,,,99.0,2013-09-30T23:01:00,,,,,,,,,,,,,,,,,,,,,,,,,,,,,,,,,,,,,,,,,,,,,,,,,,,,,,,,,,,,,,,,,,,,,,,,,,
2013-10-01,729.6,731.1,2013-10-01T08:24:00,728.4,2013-10-01T15:01:00,13.8,20.0,2013-10-01T12:01:00,8.6,2013-10-01T23:38:00,93,63.0,2013-10-01T09:31:00,1.3,131,3.6,110.0,2013-10-01T08:39:00,0.0,,,,,,,,,,,,,,,,,,,,,,99.0,2013-10-01T01:32:00,,,,,,,,,,,,,,,,,,,,,,,,,,,,,,,,,,,,,,,,,,,,,,,,,,,,,,,,,,,,,,,,,,,,,,,,,,
2013-10-02,728.0,729.6,2013-10-02T10:24:00,727.0,2013-10-02T22:41:00,14.5,24.8,2013-10-02T13:32:00,6.0,2013-10-02T23:12:00,66,29.0,2013-10-02T23:47:00,0.9,272,4.1,305.0,2013-10-02T12:22:00,0.0,,,,,,,,,,,,,,,,,,,,,,98.0,2013-10-02T22:46:00,,,,,,,,,,,,,,,,,,,,,,,,,,,,,,,,,,,,,,,,,,,,,,,,,,,,,,,,,,,,,,,,,,,,,,,,,,
2013-10-03,726.1,727.7,2013-10-03T08:25:00,725.2,2013-10-03T23:33:00,11.3,18.6,2013-10-03T14:47:00,5.7,2013-10-03T22:14:00,64,18.0,2013-10-03T08:25:00,1.3,151,5.8,130.0,2013-10-03T21:43:00,0.0,,,,,,,,,,,,,,,,,,,,,,98.0,2013-10-03T21:31:00,,,,,,,,,,,,,,,,,,,,,,,,,,,,,,,,,,,,,,,,,,,,,,,,,,,,,,,,,,,,,,,,,,,,,,,,,,
2013-10-04,725.2,727.0,2013-10-04T10:25:00,724.3,2013-10-04T03:19:00,10.3,18.9,2013-10-04T11:46:00,4.9,2013-10-04T22:34:00,76,13.0,2013-10-04T00:22:00,1.9,118,6.5,127.0,2013-10-04T01:44:00,0.0,,,,,,,,,,,,,,,,,,,,,,98.0,2013-10-04T20:17:00,,,,,,,,,,,,,,,,,,,,,,,,,,,,,,,,,,,,,,,,,,,,,,,,,,,,,,,,,,,,,,,,,,,,,,,,,,
2013-10-05,724.2,726.0,2013-10-05T08:26:00,722.7,2013-10-05T23:48:00,11.2,20.4,2013-10-05T13:33:00,4.9,2013-10-05T00:09:00,85,49.0,2013-10-05T14:46:00,1.2,269,5.6,267.0,2013-10-05T15:25:00,0.5,,,,,,,,,,,,,,,,,,,,,,98.0,2013-10-05T23:37:00,,,,,,,,,,,,,,,,,,,,,,,,,,,,,,,,,,,,,,,,,,,,,,,,,,,,,,,,,,,,,,,,,,,,,,,,,,
2013-10-06,721.8,723.3,2013-10-06T21:04:00,720.2,2013-10-06T13:50:00,12.4,18.0,2013-10-06T13:16:00,10.3,2013-10-06T21:17:00,96,80.0,2013-10-06T13:28:00,1.4,272,6.6,138.0,2013-10-06T23:40:00,8.0,,,,,,,,,,,,,,,,,,,,,,98.0,2013-10-06T22:51:00,,,,,,,,,,,,,,,,,,,,,,,,,,,,,,,,,,,,,,,,,,,,,,,,,,,,,,,,,,,,,,,,,,,,,,,,,,
2013-10-07,723.5,725.1,2013-10-07T21:03:00,721.6,2013-10-07T01:13:00,13.3,18.1,2013-10-07T11:31:00,10.2,2013-10-07T23:48:00,94,73.0,2013-10-07T11:25:00,2.0,113,5.6,125.0,2013-10-07T00:50:00,4.0,,,,,,,,,,,,,,,,,,,,,,98.0,2013-10-07T00:26:00,,,,,,,,,,,,,,,,,,,,,,,,,,,,,,,,,,,,,,,,,,,,,,,,,,,,,,,,,,,,,,,,,,,,,,,,,,
2013-10-08,726.4,728.4,2013-10-08T21:43:00,724.5,2013-10-08T01:23:00,12.9,18.9,2013-10-08T08:52:00,7.4,2013-10-08T01:48:00,87,46.0,2013-10-08T03:40:00,1.2,124,3.7,119.0,2013-10-08T01:48:00,0.0,,,,,,,,,,,,,,,,,,,,,,98.0,2013-10-08T00:47:00,,,,,,,,,,,,,,,,,,,,,,,,,,,,,,,,,,,,,,,,,,,,,,,,,,,,,,,,,,,,,,,,,,,,,,,,,,
2013-10-09,728.9,730.2,2013-10-09T20:01:00,727.0,2013-10-09T03:01:00,11.8,18.2,2013-10-09T12:21:00,8.9,2013-10-09T03:12:00,91,65.0,2013-10-09T10:47:00,1.3,116,3.6,133.0,2013-10-09T06:43:00,0.0,,,,,,,,,,,,,,,,,,,,,,98.0,2013-10-09T00:46:00,,,,,,,,,,,,,,,,,,,,,,,,,,,,,,,,,,,,,,,,,,,,,,,,,,,,,,,,,,,,,,,,,,,,,,,,,,
2013-10-10,729.8,731.5,2013-10-10T09:20:00,728.9,2013-10-10T03:32:00,12.7,18.9,2013-10-10T12:08:00,9.4,2013-10-10T02:32:00,81,53.0,2013-10-10T11:02:00,1.7,118,4.3,142.0,2013-10-10T13:09:00,0.0,,,,,,,,,,,,,,,,,,,,,,98.0,2013-10-10T22:40:00,,,,,,,,,,,,,,,,,,,,,,,,,,,,,,,,,,,,,,,,,,,,,,,,,,,,,,,,,,,,,,,,,,,,,,,,,,
2013-10-11,729.0,730.2,2013-10-11T08:02:00,728.3,2013-10-11T03:18:00,11.6,17.4,2013-10-11T12:31:00,8.0,2013-10-11T05:46:00,87,41.0,2013-10-11T09:05:00,2.6,133,6.9,129.0,2013-10-11T05:05:00,0.5,,,,,,,,,,,,,,,,,,,,,,100.0,2013-10-11T20:01:00,,,,,,,,,,,,,,,,,,,,,,,,,,,,,,,,,,,,,,,,,,,,,,,,,,,,,,,,,,,,,,,,,,,,,,,,,,
2013-10-12,728.6,729.9,2013-10-12T09:21:00,727.7,2013-10-12T13:46:00,11.0,13.0,2013-10-12T10:55:00,9.0,2013-10-12T20:17:00,98,98.0,2013-10-12T13:37:00,2.9,124,8.6,129.0,2013-10-12T07:46:00,20.5,,,,,,,,,,,,,,,,,,,,,,99.0,2013-10-12T08:46:00,,,,,,,,,,,,,,,,,,,,,,,,,,,,,,,,,,,,,,,,,,,,,,,,,,,,,,,,,,,,,,,,,,,,,,,,,,
2013-10-13,728.4,730.2,2013-10-13T10:16:00,727.4,2013-10-13T03:13:00,10.9,16.8,2013-10-13T13:02:00,4.5,2013-10-13T05:17:00,62,19.0,2013-10-13T20:03:00,3.1,124,7.5,128.0,2013-10-13T07:57:00,0.0,,,,,,,,,,,,,,,,,,,,,,99.0,2013-10-13T02:16:00,,,,,,,,,,,,,,,,,,,,,,,,,,,,,,,,,,,,,,,,,,,,,,,,,,,,,,,,,,,,,,,,,,,,,,,,,,
2013-10-14,727.8,729.3,2013-10-14T08:47:00,726.7,2013-10-14T03:32:00,11.4,17.8,2013-10-14T10:07:00,6.3,2013-10-14T05:07:00,69,25.0,2013-10-14T00:31:00,2.1,124,5.6,121.0,2013-10-14T04:41:00,0.0,,,,,,,,,,,,,,,,,,,,,,98.0,2013-10-14T23:46:00,,,,,,,,,,,,,,,,,,,,,,,,,,,,,,,,,,,,,,,,,,,,,,,,,,,,,,,,,,,,,,,,,,,,,,,,,,
2013-10-15,727.3,728.9,2013-10-15T21:47:00,726.0,2013-10-15T02:49:00,10.4,20.2,2013-10-15T12:33:00,6.0,2013-10-15T05:46:00,85,50.0,2013-10-15T12:16:00,1.2,277,6.0,302.0,2013-10-15T01:42:00,0.0,,,,,,,,,,,,,,,,,,,,,,98.0,2013-10-15T03:11:00,,,,,,,,,,,,,,,,,,,,,,,,,,,,,,,,,,,,,,,,,,,,,,,,,,,,,,,,,,,,,,,,,,,,,,,,,,
2013-10-16,729.4,730.9,2013-10-16T22:16:00,727.7,2013-10-16T01:43:00,10.1,20.7,2013-10-16T14:02:00,4.6,2013-10-16T21:37:00,74,29.0,2013-10-16T22:31:00,1.1,270,3.4,250.0,2013-10-16T12:09:00,0.0,,,,,,,,,,,,,,,,,,,,,,98.0,2013-10-16T05:46:00,,,,,,,,,,,,,,,,,,,,,,,,,,,,,,,,,,,,,,,,,,,,,,,,,,,,,,,,,,,,,,,,,,,,,,,,,,
2013-10-17,730.6,732.7,2013-10-17T09:01:00,729.8,2013-10-17T03:12:00,9.2,16.5,2013-10-17T07:57:00,5.6,2013-10-17T00:01:00,61,8.0,2013-10-17T07:24:00,2.6,123,6.6,131.0,2013-10-17T23:46:00,0.0,,,,,,,,,,,,,,,,,,,,,,98.0,2013-10-17T22:46:00,,,,,,,,,,,,,,,,,,,,,,,,,,,,,,,,,,,,,,,,,,,,,,,,,,,,,,,,,,,,,,,,,,,,,,,,,,
2013-10-18,730.6,732.3,2013-10-18T09:16:00,729.3,2013-10-18T03:46:00,8.2,15.3,2013-10-18T09:33:00,5.6,2013-10-18T06:16:00,95,55.0,2013-10-18T09:25:00,3.2,122,6.4,140.0,2013-10-18T00:13:00,0.0,,,,,,,,,,,,,,,,,,,,,,99.0,2013-10-18T05:49:00,,,,,,,,,,,,,,,,,,,,,,,,,,,,,,,,,,,,,,,,,,,,,,,,,,,,,,,,,,,,,,,,,,,,,,,,,,
2013-10-19,730.2,731.8,2013-10-19T10:02:00,729.3,2013-10-19T03:31:00,9.3,15.3,2013-10-19T12:01:00,6.1,2013-10-19T05:01:00,96,71.0,2013-10-19T11:06:00,2.0,114,5.2,118.0,2013-10-19T01:18:00,0.0,,,,,,,,,,,,,,,,,,,,,,100.0,2013-10-19T08:01:00,,,,,,,,,,,,,,,,,,,,,,,,,,,,,,,,,,,,,,,,,,,,,,,,,,,,,,,,,,,,,,,,,,,,,,,,,,
2013-10-20,728.8,730.5,2013-10-20T08:33:00,727.7,2013-10-20T13:12:00,10.6,20.3,2013-10-20T11:51:00,6.6,2013-10-20T00:47:00,83,44.0,2013-10-20T11:51:00,1.0,271,3.5,132.0,2013-10-20T13:19:00,0.0,,,,,,,,,,,,,,,,,,,,,,99.0,2013-10-20T20:33:00,,,,,,,,,,,,,,,,,,,,,,,,,,,,,,,,,,,,,,,,,,,,,,,,,,,,,,,,,,,,,,,,,,,,,,,,,,
2013-10-21,727.1,728.3,2013-10-21T00:01:00,726.1,2013-10-21T13:22:00,10.1,21.2,2013-10-21T13:47:00,5.8,2013-10-21T05:46:00,88,46.0,2013-10-21T13:47:00,1.1,284,3.7,290.0,2013-10-21T11:16:00,0.0,,,,,,,,,,,,,,,,,,,,,,99.0,2013-10-21T03:19:00,,,,,,,,,,,,,,,,,,,,,,,,,,,,,,,,,,,,,,,,,,,,,,,,,,,,,,,,,,,,,,,,,,,,,,,,,,
2013-10-22,726.9,728.7,2013-10-22T09:46:00,725.8,2013-10-22T04:16:00,11.0,22.0,2013-10-22T14:19:00,4.5,2013-10-22T02:54:00,47,13.0,2013-10-22T06:46:00,1.1,265,3.3,281.0,2013-10-22T03:08:00,0.0,,,,,,,,,,,,,,,,,,,,,,98.0,2013-10-22T00:08:00,,,,,,,,,,,,,,,,,,,,,,,,,,,,,,,,,,,,,,,,,,,,,,,,,,,,,,,,,,,,,,,,,,,,,,,,,,
2013-10-23,725.0,726.7,2013-10-23T08:33:00,724.0,2013-10-23T17:18:00,10.1,22.0,2013-10-23T14:01:00,4.2,2013-10-23T01:35:00,52,27.0,2013-10-23T14:01:00,1.7,271,4.4,281.0,2013-10-23T02:59:00,0.0,,,,,,,,,,,,,,,,,,,,,,90.0,2013-10-23T02:34:00,,,,,,,,,,,,,,,,,,,,,,,,,,,,,,,,,,,,,,,,,,,,,,,,,,,,,,,,,,,,,,,,,,,,,,,,,,
2013-10-24,723.7,725.7,2013-10-24T09:06:00,722.9,2013-10-24T13:56:00,10.6,21.2,2013-10-24T12:31:00,3.6,2013-10-24T22:17:00,60,22.0,2013-10-24T08:47:00,1.4,275,3.5,292.0,2013-10-24T17:14:00,0.0,,,,,,,,,,,,,,,,,,,,,,98.0,2013-10-24T23:18:00,,,,,,,,,,,,,,,,,,,,,,,,,,,,,,,,,,,,,,,,,,,,,,,,,,,,,,,,,,,,,,,,,,,,,,,,,,
2013-10-25,724.8,726.1,2013-10-25T08:35:00,722.9,2013-10-25T01:32:00,7.6,19.1,2013-10-25T13:47:00,3.6,2013-10-25T00:53:00,84,44.0,2013-10-25T11:46:00,1.3,271,4.1,294.0,2013-10-25T03:06:00,0.0,,,,,,,,,,,,,,,,,,,,,,100.0,2013-10-25T04:12:00,,,,,,,,,,,,,,,,,,,,,,,,,,,,,,,,,,,,,,,,,,,,,,,,,,,,,,,,,,,,,,,,,,,,,,,,,,
2013-10-26,726.9,728.7,2013-10-26T09:46:00,725.1,2013-10-26T02:50:00,6.0,18.0,2013-10-26T12:53:00,0.3,2013-10-26T05:41:00,71,21.0,2013-10-26T10:16:00,0.8,270,2.2,336.0,2013-10-26T12:07:00,0.0,,,,,,,,,,,,,,,,,,,,,,98.0,2013-10-26T00:03:00,,,,,,,,,,,,,,,,,,,,,,,,,,,,,,,,,,,,,,,,,,,,,,,,,,,,,,,,,,,,,,,,,,,,,,,,,,
2013-10-27,727.9,729.3,2013-10-27T09:16:00,726.4,2013-10-27T03:23:00,7.3,15.5,2013-10-27T14:46:00,0.9,2013-10-27T00:03:00,33,0.0,2013-10-27T06:23:00,0.8,4,3.0,121.0,2013-10-27T11:46:00,0.0,,,,,,,,,,,,,,,,,,,,,,97.0,2013-10-27T00:03:00,,,,,,,,,,,,,,,,,,,,,,,,,,,,,,,,,,,,,,,,,,,,,,,,,,,,,,,,,,,,,,,,,,,,,,,,,,
2013-10-28,729.2,730.6,2013-10-28T09:02:00,727.7,2013-10-28T02:48:00,7.4,16.0,2013-10-28T13:52:00,1.6,2013-10-28T01:47:00,56,2.0,2013-10-28T06:22:00,0.9,7,2.7,129.0,2013-10-28T07:51:00,0.0,,,,,,,,,,,,,,,,,,,,,,98.0,2013-10-28T21:01:00,,,,,,,,,,,,,,,,,,,,,,,,,,,,,,,,,,,,,,,,,,,,,,,,,,,,,,,,,,,,,,,,,,,,,,,,,,
2013-10-29,730.0,731.8,2013-10-29T09:10:00,728.9,2013-10-29T02:19:00,9.5,16.9,2013-10-29T10:22:00,4.3,2013-10-29T20:17:00,57,14.0,2013-10-29T01:16:00,1.8,124,5.1,124.0,2013-10-29T21:51:00,0.0,,,,,,,,,,,,,,,,,,,,,,98.0,2013-10-29T19:06:00,,,,,,,,,,,,,,,,,,,,,,,,,,,,,,,,,,,,,,,,,,,,,,,,,,,,,,,,,,,,,,,,,,,,,,,,,,
2013-10-30,729.8,731.4,2013-10-30T09:03:00,728.7,2013-10-30T04:19:00,9.1,14.8,2013-10-30T12:24:00,6.3,2013-10-30T23:49:00,64,15.0,2013-10-30T03:23:00,3.3,118,6.7,126.0,2013-10-30T22:10:00,0.0,,,,,,,,,,,,,,,,,,,,,,98.0,2013-10-30T19:46:00,,,,,,,,,,,,,,,,,,,,,,,,,,,,,,,,,,,,,,,,,,,,,,,,,,,,,,,,,,,,,,,,,,,,,,,,,,
2013-10-31,730.3,732.3,2013-10-31T09:07:00,729.2,2013-10-31T02:49:00,10.8,19.7,2013-10-31T09:31:00,4.0,2013-10-31T00:47:00,65,17.0,2013-10-31T09:25:00,3.3,121,7.2,121.0,2013-10-31T19:03:00,0.5,,,,,,,,,,,,,,,,,,,,,,98.0,2013-10-31T00:08:00,,,,,,,,,,,,,,,,,,,,,,,,,,,,,,,,,,,,,,,,,,,,,,,,,,,,,,,,,,,,,,,,,,,,,,,,,,
2013-11-01,730.4,731.8,2013-11-01T09:27:00,729.2,2013-11-01T04:18:00,11.1,15.5,2013-11-01T12:31:00,9.2,2013-11-01T19:01:00,91,70.0,2013-11-01T12:31:00,2.5,112,6.7,125.0,2013-11-01T09:27:00,13.0,,,,,,,,,,,,,,,,,,,,,,100.0,2013-11-01T02:17:00,,,,,,,,,,,,,,,,,,,,,,,,,,,,,,,,,,,,,,,,,,,,,,,,,,,,,,,,,,,,,,,,,,,,,,,,,,
2013-11-02,730.6,731.8,2013-11-02T09:31:00,729.3,2013-11-02T03:46:00,10.2,11.6,2013-11-02T20:37:00,9.2,2013-11-02T16:54:00,97,85.0,2013-11-02T06:16:00,2.2,114,6.0,107.0,2013-11-02T09:22:00,6.0,,,,,,,,,,,,,,,,,,,,,,99.0,2013-11-02T18:33:00,,,,,,,,,,,,,,,,,,,,,,,,,,,,,,,,,,,,,,,,,,,,,,,,,,,,,,,,,,,,,,,,,,,,,,,,,,
2013-11-03,731.2,732.7,2013-11-03T09:16:00,729.8,2013-11-03T04:01:00,11.9,19.2,2013-11-03T09:49:00,9.6,2013-11-03T05:01:00,94,59.0,2013-11-03T10:01:00,1.4,119,3.7,117.0,2013-11-03T23:41:00,5.5,,,,,,,,,,,,,,,,,,,,,,98.0,2013-11-03T00:08:00,,,,,,,,,,,,,,,,,,,,,,,,,,,,,,,,,,,,,,,,,,,,,,,,,,,,,,,,,,,,,,,,,,,,,,,,,,
2013-11-04,732.2,733.3,2013-11-04T09:04:00,730.9,2013-11-04T02:42:00,10.2,12.8,2013-11-04T03:31:00,8.3,2013-11-04T23:31:00,98,97.0,2013-11-04T14:16:00,2.1,121,4.6,123.0,2013-11-04T20:33:00,6.0,,,,,,,,,,,,,,,,,,,,,,99.0,2013-11-04T22:05:00,,,,,,,,,,,,,,,,,,,,,,,,,,,,,,,,,,,,,,,,,,,,,,,,,,,,,,,,,,,,,,,,,,,,,,,,,,
2013-11-05,732.5,734.0,2013-11-05T09:17:00,731.5,2013-11-05T15:27:00,9.3,11.9,2013-11-05T10:53:00,7.4,2013-11-05T06:03:00,98,97.0,2013-11-05T20:46:00,2.7,124,6.0,124.0,2013-11-05T06:37:00,4.0,,,,,,,,,,,,,,,,,,,,,,99.0,2013-11-05T02:32:00,,,,,,,,,,,,,,,,,,,,,,,,,,,,,,,,,,,,,,,,,,,,,,,,,,,,,,,,,,,,,,,,,,,,,,,,,,
2013-11-06,732.4,733.7,2013-11-06T10:02:00,731.4,2013-11-06T14:10:00,10.5,16.1,2013-11-06T12:50:00,8.4,2013-11-06T22:27:00,96,74.0,2013-11-06T12:37:00,1.3,19,3.7,140.0,2013-11-06T14:51:00,2.5,,,,,,,,,,,,,,,,,,,,,,98.0,2013-11-06T00:08:00,,,,,,,,,,,,,,,,,,,,,,,,,,,,,,,,,,,,,,,,,,,,,,,,,,,,,,,,,,,,,,,,,,,,,,,,,,
2013-11-07,732.1,733.7,2013-11-07T08:35:00,731.1,2013-11-07T14:25:00,9.5,14.1,2013-11-07T12:40:00,4.7,2013-11-07T23:31:00,94,40.0,2013-11-08T00:00:00,2.3,127,5.3,108.0,2013-11-07T23:42:00,0.0,,,,,,,,,,,,,,,,,,,,,,98.0,2013-11-07T21:18:00,,,,,,,,,,,,,,,,,,,,,,,,,,,,,,,,,,,,,,,,,,,,,,,,,,,,,,,,,,,,,,,,,,,,,,,,,,
2013-11-08,732.4,734.3,2013-11-08T09:34:00,731.2,2013-11-08T02:32:00,10.6,17.0,2013-11-08T09:03:00,5.5,2013-11-08T00:03:00,56,11.0,2013-11-08T02:32:00,2.8,117,5.6,120.0,2013-11-08T00:52:00,0.0,,,,,,,,,,,,,,,,,,,,,,98.0,2013-11-08T17:35:00,,,,,,,,,,,,,,,,,,,,,,,,,,,,,,,,,,,,,,,,,,,,,,,,,,,,,,,,,,,,,,,,,,,,,,,,,,
2013-11-09,732.9,734.7,2013-11-09T09:31:00,731.8,2013-11-09T02:49:00,11.1,15.6,2013-11-09T09:18:00,8.5,2013-11-09T05:05:00,81,54.0,2013-11-09T00:58:00,1.9,106,4.7,75.0,2013-11-09T08:44:00,0.0,,,,,,,,,,,,,,,,,,,,,,98.0,2013-11-09T18:08:00,,,,,,,,,,,,,,,,,,,,,,,,,,,,,,,,,,,,,,,,,,,,,,,,,,,,,,,,,,,,,,,,,,,,,,,,,,
2013-11-10,732.8,734.9,2013-11-10T08:21:00,731.7,2013-11-10T14:47:00,11.9,18.4,2013-11-10T11:01:00,8.2,2013-11-10T22:31:00,84,56.0,2013-11-10T11:01:00,1.5,120,4.5,131.0,2013-11-10T18:17:00,0.0,,,,,,,,,,,,,,,,,,,,,,98.0,2013-11-10T21:16:00,,,,,,,,,,,,,,,,,,,,,,,,,,,,,,,,,,,,,,,,,,,,,,,,,,,,,,,,,,,,,,,,,,,,,,,,,,
2013-11-11,730.7,732.4,2013-11-11T08:21:00,729.3,2013-11-11T14:17:00,10.1,13.2,2013-11-11T14:46:00,8.1,2013-11-11T01:04:00,94,61.0,2013-11-11T02:50:00,2.1,121,4.5,123.0,2013-11-11T21:52:00,0.0,,,,,,,,,,,,,,,,,,,,,,98.0,2013-11-11T23:46:00,,,,,,,,,,,,,,,,,,,,,,,,,,,,,,,,,,,,,,,,,,,,,,,,,,,,,,,,,,,,,,,,,,,,,,,,,,
2013-11-12,728.3,730.1,2013-11-12T09:14:00,727.3,2013-11-12T14:17:00,8.9,12.2,2013-11-12T12:16:00,5.6,2013-11-12T20:31:00,90,40.0,2013-11-12T22:05:00,2.2,112,7.0,278.0,2013-11-12T22:54:00,0.0,,,,,,,,,,,,,,,,,,,,,,99.0,2013-11-12T09:11:00,,,,,,,,,,,,,,,,,,,,,,,,,,,,,,,,,,,,,,,,,,,,,,,,,,,,,,,,,,,,,,,,,,,,,,,,,,
2013-11-13,728.0,729.8,2013-11-13T08:47:00,726.7,2013-11-13T03:31:00,7.9,11.6,2013-11-13T08:47:00,5.1,2013-11-13T01:58:00,96,57.0,2013-11-13T00:16:00,1.3,112,6.7,272.0,2013-11-13T00:16:00,1.0,,,,,,,,,,,,,,,,,,,,,,99.0,2013-11-13T19:19:00,,,,,,,,,,,,,,,,,,,,,,,,,,,,,,,,,,,,,,,,,,,,,,,,,,,,,,,,,,,,,,,,,,,,,,,,,,
2013-11-14,729.7,731.1,2013-11-14T09:06:00,728.2,2013-11-14T02:34:00,9.9,17.8,2013-11-14T12:16:00,6.9,2013-11-14T00:49:00,76,50.0,2013-11-14T12:17:00,0.9,81,4.5,225.0,2013-11-14T11:47:00,0.0,,,,,,,,,,,,,,,,,,,,,,98.0,2013-11-14T06:01:00,,,,,,,,,,,,,,,,,,,,,,,,,,,,,,,,,,,,,,,,,,,,,,,,,,,,,,,,,,,,,,,,,,,,,,,,,,
2013-11-15,730.3,732.3,2013-11-15T09:04:00,729.5,2013-11-15T13:47:00,10.1,15.4,2013-11-15T09:31:00,7.2,2013-11-15T21:01:00,70,44.0,2013-11-15T07:16:00,1.1,257,5.0,271.0,2013-11-15T16:53:00,0.0,,,,,,,,,,,,,,,,,,,,,,91.0,2013-11-15T15:31:00,,,,,,,,,,,,,,,,,,,,,,,,,,,,,,,,,,,,,,,,,,,,,,,,,,,,,,,,,,,,,,,,,,,,,,,,,,
2013-11-16,729.1,730.8,2013-11-16T09:18:00,728.0,2013-11-16T23:33:00,7.9,14.7,2013-11-16T14:01:00,3.3,2013-11-16T22:56:00,79,46.0,2013-11-16T23:51:00,1.3,271,7.0,247.0,2013-11-16T06:34:00,0.0,,,,,,,,,,,,,,,,,,,,,,97.0,2013-11-16T21:17:00,,,,,,,,,,,,,,,,,,,,,,,,,,,,,,,,,,,,,,,,,,,,,,,,,,,,,,,,,,,,,,,,,,,,,,,,,,
2013-11-17,727.6,729.5,2013-11-17T09:19:00,726.7,2013-11-17T13:23:00,7.5,16.6,2013-11-17T13:46:00,1.7,2013-11-17T21:46:00,56,32.0,2013-11-17T12:44:00,1.4,270,6.0,331.0,2013-11-17T13:55:00,0.0,,,,,,,,,,,,,,,,,,,,,,81.0,2013-11-17T21:46:00,,,,,,,,,,,,,,,,,,,,,,,,,,,,,,,,,,,,,,,,,,,,,,,,,,,,,,,,,,,,,,,,,,,,,,,,,,
2013-11-18,727.6,729.3,2013-11-18T09:48:00,726.0,2013-11-18T03:51:00,5.4,13.4,2013-11-18T13:55:00,1.0,2013-11-18T18:52:00,37,9.0,2013-11-18T07:16:00,1.1,265,5.8,260.0,2013-11-18T00:10:00,0.0,,,,,,,,,,,,,,,,,,,,,,88.0,2013-11-18T18:33:00,,,,,,,,,,,,,,,,,,,,,,,,,,,,,,,,,,,,,,,,,,,,,,,,,,,,,,,,,,,,,,,,,,,,,,,,,,
2013-11-19,727.9,729.3,2013-11-19T08:31:00,727.0,2013-11-19T04:08:00,4.6,13.3,2013-11-19T12:17:00,0.2,2013-11-19T19:19:00,36,12.0,2013-11-19T09:07:00,1.1,264,4.4,242.0,2013-11-19T13:04:00,0.0,,,,,,,,,,,,,,,,,,,,,,91.0,2013-11-19T18:49:00,,,,,,,,,,,,,,,,,,,,,,,,,,,,,,,,,,,,,,,,,,,,,,,,,,,,,,,,,,,,,,,,,,,,,,,,,,
2013-11-20,727.8,728.9,2013-11-20T09:48:00,726.8,2013-11-20T03:42:00,4.8,11.5,2013-11-20T11:47:00,1.7,2013-11-20T23:31:00,48,20.0,2013-11-20T03:17:00,0.9,261,4.4,261.0,2013-11-20T22:31:00,0.0,,,,,,,,,,,,,,,,,,,,,,68.0,2013-11-20T17:05:00,,,,,,,,,,,,,,,,,,,,,,,,,,,,,,,,,,,,,,,,,,,,,,,,,,,,,,,,,,,,,,,,,,,,,,,,,,
2013-11-21,728.6,729.8,2013-11-21T08:53:00,727.1,2013-11-21T04:49:00,4.8,6.9,2013-11-21T13:46:00,1.6,2013-11-21T01:34:00,87,41.0,2013-11-21T00:33:00,1.4,258,6.4,254.0,2013-11-21T05:01:00,0.5,,,,,,,,,,,,,,,,,,,,,,97.0,2013-11-21T20:04:00,,,,,,,,,,,,,,,,,,,,,,,,,,,,,,,,,,,,,,,,,,,,,,,,,,,,,,,,,,,,,,,,,,,,,,,,,,
2013-11-22,729.8,731.7,2013-11-22T09:17:00,728.2,2013-11-22T14:36:00,4.4,6.7,2013-11-22T11:16:00,2.7,2013-11-22T22:50:00,94,74.0,2013-11-22T14:53:00,1.6,105,5.2,307.0,2013-11-22T14:01:00,4.5,,,,,,,,,,,,,,,,,,,,,,98.0,2013-11-22T18:16:00,,,,,,,,,,,,,,,,,,,,,,,,,,,,,,,,,,,,,,,,,,,,,,,,,,,,,,,,,,,,,,,,,,,,,,,,,,
2013-11-23,729.8,731.5,2013-11-23T09:01:00,728.9,2013-11-23T02:39:00,7.8,16.0,2013-11-23T14:05:00,3.4,2013-11-23T19:19:00,69,27.0,2013-11-23T12:40:00,1.3,132,6.1,318.0,2013-11-23T13:06:00,0.0,,,,,,,,,,,,,,,,,,,,,,98.0,2013-11-23T00:08:00,,,,,,,,,,,,,,,,,,,,,,,,,,,,,,,,,,,,,,,,,,,,,,,,,,,,,,,,,,,,,,,,,,,,,,,,,,
2013-11-24,728.0,730.3,2013-11-24T08:02:00,725.7,2013-11-24T23:52:00,10.0,17.2,2013-11-24T11:01:00,5.7,2013-11-24T00:03:00,70,42.0,2013-11-24T09:31:00,2.2,259,15.5,289.0,2013-11-24T21:56:00,8.5,,,,,,,,,,,,,,,,,,,,,,96.0,2013-11-24T20:33:00,,,,,,,,,,,,,,,,,,,,,,,,,,,,,,,,,,,,,,,,,,,,,,,,,,,,,,,,,,,,,,,,,,,,,,,,,,
2013-11-25,726.0,727.4,2013-11-25T09:21:00,724.5,2013-11-25T12:35:00,7.6,9.9,2013-11-25T09:21:00,3.8,2013-11-25T23:49:00,87,66.0,2013-11-25T23:49:00,1.9,268,13.5,272.0,2013-11-25T04:38:00,12.0,,,,,,,,,,,,,,,,,,,,,,97.0,2013-11-25T04:01:00,,,,,,,,,,,,,,,,,,,,,,,,,,,,,,,,,,,,,,,,,,,,,,,,,,,,,,,,,,,,,,,,,,,,,,,,,,
2013-11-26,726.4,728.3,2013-11-26T08:35:00,724.9,2013-11-26T15:16:00,6.5,13.7,2013-11-26T12:58:00,3.4,2013-11-26T04:17:00,67,41.0,2013-11-26T12:32:00,2.4,260,13.9,268.0,2013-11-26T22:36:00,0.0,,,,,,,,,,,,,,,,,,,,,,84.0,2013-11-26T00:04:00,,,,,,,,,,,,,,,,,,,,,,,,,,,,,,,,,,,,,,,,,,,,,,,,,,,,,,,,,,,,,,,,,,,,,,,,,,
2013-11-27,727.5,729.3,2013-11-27T09:06:00,726.0,2013-11-27T02:01:00,6.6,14.1,2013-11-27T15:20:00,1.4,2013-11-27T04:38:00,57,34.0,2013-11-27T12:24:00,2.4,261,11.3,297.0,2013-11-27T01:02:00,0.0,,,,,,,,,,,,,,,,,,,,,,80.0,2013-11-27T01:47:00,,,,,,,,,,,,,,,,,,,,,,,,,,,,,,,,,,,,,,,,,,,,,,,,,,,,,,,,,,,,,,,,,,,,,,,,,,
2013-11-28,726.9,728.6,2013-11-28T08:47:00,725.4,2013-11-28T15:16:00,3.3,5.9,2013-11-28T14:46:00,1.5,2013-11-28T02:31:00,92,73.0,2013-11-28T00:22:00,2.1,262,8.9,255.0,2013-11-28T00:52:00,6.5,,,,,,,,,,,,,,,,,,,,,,96.0,2013-11-28T07:10:00,,,,,,,,,,,,,,,,,,,,,,,,,,,,,,,,,,,,,,,,,,,,,,,,,,,,,,,,,,,,,,,,,,,,,,,,,,
2013-11-29,726.0,727.7,2013-11-29T08:34:00,724.8,2013-11-29T13:11:00,2.1,9.2,2013-11-29T14:01:00,-2.6,2013-11-29T19:32:00,45,1.0,2013-11-29T23:55:00,1.4,268,10.1,285.0,2013-11-29T05:06:00,0.0,,,,,,,,,,,,,,,,,,,,,,95.0,2013-11-29T00:17:00,,,,,,,,,,,,,,,,,,,,,,,,,,,,,,,,,,,,,,,,,,,,,,,,,,,,,,,,,,,,,,,,,,,,,,,,,,
2013-11-30,726.5,728.3,2013-11-30T08:50:00,725.2,2013-11-30T15:06:00,4.4,12.7,2013-11-30T12:01:00,-0.4,2013-11-30T23:01:00,28,0.0,2013-11-30T00:16:00,1.1,123,3.6,123.0,2013-11-30T13:00:00,0.0,,,,,,,,,,,,,,,,,,,,,,86.0,2013-11-30T18:33:00,,,,,,,,,,,,,,,,,,,,,,,,,,,,,,,,,,,,,,,,,,,,,,,,,,,,,,,,,,,,,,,,,,,,,,,,,,
2013-12-01,727.4,728.9,2013-12-01T09:36:00,726.1,2013-12-01T03:51:00,4.4,13.1,2013-12-01T13:22:00,-0.2,2013-12-01T23:53:00,19,1.0,2013-12-01T07:31:00,0.9,2,3.8,263.0,2013-12-01T07:41:00,0.0,,,,,,,,,,,,,,,,,,,,,,55.0,2013-12-01T01:01:00,,,,,,,,,,,,,,,,,,,,,,,,,,,,,,,,,,,,,,,,,,,,,,,,,,,,,,,,,,,,,,,,,,,,,,,,,,
2013-12-02,727.3,729.2,2013-12-02T08:59:00,726.4,2013-12-02T14:18:00,4.5,12.9,2013-12-02T12:36:00,-0.2,2013-12-02T00:01:00,20,3.0,2013-12-02T07:48:00,1.0,264,3.2,276.0,2013-12-02T03:39:00,0.0,,,,,,,,,,,,,,,,,,,,,,51.0,2013-12-02T15:16:00,,,,,,,,,,,,,,,,,,,,,,,,,,,,,,,,,,,,,,,,,,,,,,,,,,,,,,,,,,,,,,,,,,,,,,,,,,
2013-12-03,726.2,726.8,2013-12-03T11:40:00,725.2,2013-12-03T15:47:00,4.2,11.4,2013-12-03T12:21:00,0.0,2013-12-03T23:49:00,21,12.0,2013-12-03T20:04:00,1.1,333,2.6,326.0,2013-12-03T17:54:00,0.0,,,,,,,,,,,,,,,,,,,,,,59.0,2013-12-03T18:16:00,,,,,,,,,,,,,,,,,,,,,,,,,,,,,,,,,,,,,,,,,,,,,,,,,,,,,,,,,,,,,,,,,,,,,,,,,,
2013-12-04,723.9,725.7,2013-12-04T08:22:00,722.5,2013-12-04T14:26:00,2.4,11.2,2013-12-04T12:17:00,-3.2,2013-12-04T23:49:00,47,6.0,2013-12-04T08:22:00,1.3,116,4.8,300.0,2013-12-04T06:34:00,0.0,,,,,,,,,,,,,,,,,,,,,,96.0,2013-12-04T22:31:00,,,,,,,,,,,,,,,,,,,,,,,,,,,,,,,,,,,,,,,,,,,,,,,,,,,,,,,,,,,,,,,,,,,,,,,,,,
2013-12-05,723.9,725.9,2013-12-05T09:51:00,722.7,2013-12-05T02:16:00,0.7,9.1,2013-12-05T11:32:00,-3.7,2013-12-05T01:40:00,85,49.0,2013-12-05T23:51:00,3.4,122,6.5,121.0,2013-12-05T07:18:00,0.0,,,,,,,,,,,,,,,,,,,,,,98.0,2013-12-05T19:01:00,,,,,,,,,,,,,,,,,,,,,,,,,,,,,,,,,,,,,,,,,,,,,,,,,,,,,,,,,,,,,,,,,,,,,,,,,,
2013-12-06,724.6,726.0,2013-12-06T09:16:00,723.1,2013-12-06T02:31:00,3.8,12.7,2013-12-06T13:19:00,-2.3,2013-12-06T05:17:00,64,26.0,2013-12-06T12:24:00,1.3,263,5.3,278.0,2013-12-06T13:41:00,0.0,,,,,,,,,,,,,,,,,,,,,,93.0,2013-12-06T01:04:00,,,,,,,,,,,,,,,,,,,,,,,,,,,,,,,,,,,,,,,,,,,,,,,,,,,,,,,,,,,,,,,,,,,,,,,,,,
2013-12-07,726.6,728.1,2013-12-07T09:31:00,725.0,2013-12-07T03:49:00,5.5,12.7,2013-12-07T10:16:00,3.0,2013-12-07T23:22:00,83,42.0,2013-12-07T09:47:00,1.8,120,3.8,268.0,2013-12-07T01:35:00,0.0,,,,,,,,,,,,,,,,,,,,,,98.0,2013-12-07T23:02:00,,,,,,,,,,,,,,,,,,,,,,,,,,,,,,,,,,,,,,,,,,,,,,,,,,,,,,,,,,,,,,,,,,,,,,,,,,
2013-12-08,726.9,728.8,2013-12-08T09:03:00,725.9,2013-12-08T13:52:00,6.8,10.5,2013-12-08T08:01:00,3.3,2013-12-08T00:16:00,89,60.0,2013-12-08T08:01:00,1.9,119,4.3,122.0,2013-12-08T19:47:00,0.0,,,,,,,,,,,,,,,,,,,,,,98.0,2013-12-08T19:47:00,,,,,,,,,,,,,,,,,,,,,,,,,,,,,,,,,,,,,,,,,,,,,,,,,,,,,,,,,,,,,,,,,,,,,,,,,,
2013-12-09,724.6,726.5,2013-12-09T08:52:00,723.4,2013-12-09T14:02:00,6.5,12.1,2013-12-09T13:33:00,3.0,2013-12-09T19:36:00,70,23.0,2013-12-09T20:06:00,2.8,265,13.2,273.0,2013-12-09T23:35:00,0.0,,,,,,,,,,,,,,,,,,,,,,98.0,2013-12-09T00:01:00,,,,,,,,,,,,,,,,,,,,,,,,,,,,,,,,,,,,,,,,,,,,,,,,,,,,,,,,,,,,,,,,,,,,,,,,,,
2013-12-10,723.2,725.2,2013-12-10T09:16:00,721.5,2013-12-10T14:16:00,5.8,8.9,2013-12-10T12:32:00,4.0,2013-12-10T23:20:00,81,59.0,2013-12-10T00:01:00,2.8,268,13.8,307.0,2013-12-10T04:29:00,0.0,,,,,,,,,,,,,,,,,,,,,,96.0,2013-12-10T23:08:00,,,,,,,,,,,,,,,,,,,,,,,,,,,,,,,,,,,,,,,,,,,,,,,,,,,,,,,,,,,,,,,,,,,,,,,,,,
2013-12-11,724.3,725.9,2013-12-11T09:06:00,722.8,2013-12-11T00:10:00,4.6,7.0,2013-12-11T09:17:00,3.7,2013-12-11T02:07:00,96,81.0,2013-12-11T00:10:00,2.2,271,12.7,283.0,2013-12-11T00:10:00,7.0,,,,,,,,,,,,,,,,,,,,,,98.0,2013-12-11T23:46:00,,,,,,,,,,,,,,,,,,,,,,,,,,,,,,,,,,,,,,,,,,,,,,,,,,,,,,,,,,,,,,,,,,,,,,,,,,
2013-12-12,725.6,727.8,2013-12-12T22:47:00,724.0,2013-12-12T02:01:00,4.8,5.9,2013-12-12T12:02:00,3.8,2013-12-12T05:23:00,94,84.0,2013-12-12T20:32:00,2.0,269,11.5,257.0,2013-12-12T00:28:00,3.5,,,,,,,,,,,,,,,,,,,,,,98.0,2013-12-12T02:53:00,,,,,,,,,,,,,,,,,,,,,,,,,,,,,,,,,,,,,,,,,,,,,,,,,,,,,,,,,,,,,,,,,,,,,,,,,,
2013-12-13,728.6,730.3,2013-12-13T21:32:00,727.1,2013-12-13T01:38:00,6.3,7.6,2013-12-13T17:38:00,4.9,2013-12-13T00:09:00,94,83.0,2013-12-13T14:58:00,1.9,256,8.7,278.0,2013-12-13T17:38:00,14.0,,,,,,,,,,,,,,,,,,,,,,97.0,2013-12-13T02:37:00,,,,,,,,,,,,,,,,,,,,,,,,,,,,,,,,,,,,,,,,,,,,,,,,,,,,,,,,,,,,,,,,,,,,,,,,,,
2013-12-14,730.1,731.5,2013-12-14T08:48:00,728.7,2013-12-14T02:32:00,6.8,8.8,2013-12-14T12:04:00,5.4,2013-12-14T02:32:00,96,82.0,2013-12-14T07:46:00,2.4,122,6.4,258.0,2013-12-14T01:19:00,7.5,,,,,,,,,,,,,,,,,,,,,,99.0,2013-12-14T16:27:00,,,,,,,,,,,,,,,,,,,,,,,,,,,,,,,,,,,,,,,,,,,,,,,,,,,,,,,,,,,,,,,,,,,,,,,,,,
2013-12-15,729.3,730.3,2013-12-15T08:45:00,728.2,2013-12-15T14:24:00,7.1,8.5,2013-12-15T13:19:00,6.0,2013-12-15T21:47:00,98,98.0,2013-12-15T12:46:00,3.1,120,5.6,249.0,2013-12-15T23:26:00,15.0,,,,,,,,,,,,,,,,,,,,,,100.0,2013-12-15T04:33:00,,,,,,,,,,,,,,,,,,,,,,,,,,,,,,,,,,,,,,,,,,,,,,,,,,,,,,,,,,,,,,,,,,,,,,,,,,
2013-12-16,726.6,729.3,2013-12-16T00:01:00,725.0,2013-12-16T22:46:00,10.2,15.4,2013-12-16T09:05:00,6.2,2013-12-16T03:35:00,77,52.0,2013-12-16T13:18:00,2.9,259,14.8,274.0,2013-12-16T18:46:00,0.5,,,,,,,,,,,,,,,,,,,,,,99.0,2013-12-16T01:21:00,,,,,,,,,,,,,,,,,,,,,,,,,,,,,,,,,,,,,,,,,,,,,,,,,,,,,,,,,,,,,,,,,,,,,,,,,,
2013-12-17,722.7,725.6,2013-12-17T00:07:00,720.9,2013-12-17T14:11:00,8.7,10.8,2013-12-17T02:48:00,4.3,2013-12-17T23:50:00,94,75.0,2013-12-17T03:11:00,4.8,260,17.4,274.0,2013-12-17T03:48:00,42.0,,,,,,,,,,,,,,,,,,,,,,98.0,2013-12-17T23:21:00,,,,,,,,,,,,,,,,,,,,,,,,,,,,,,,,,,,,,,,,,,,,,,,,,,,,,,,,,,,,,,,,,,,,,,,,,,
2013-12-18,722.1,723.7,2013-12-18T09:31:00,720.8,2013-12-18T02:41:00,4.2,9.0,2013-12-18T13:33:00,-0.1,2013-12-18T19:08:00,72,23.0,2013-12-18T12:49:00,2.5,261,12.6,271.0,2013-12-18T07:36:00,15.5,,,,,,,,,,,,,,,,,,,,,,98.0,2013-12-18T00:03:00,,,,,,,,,,,,,,,,,,,,,,,,,,,,,,,,,,,,,,,,,,,,,,,,,,,,,,,,,,,,,,,,,,,,,,,,,,
2013-12-19,724.2,726.0,2013-12-19T21:01:00,721.9,2013-12-19T01:22:00,4.1,6.1,2013-12-19T11:35:00,2.2,2013-12-19T00:17:00,85,70.0,2013-12-19T06:07:00,4.2,261,15.0,269.0,2013-12-19T12:25:00,2.5,,,,,,,,,,,,,,,,,,,,,,96.0,2013-12-19T23:47:00,,,,,,,,,,,,,,,,,,,,,,,,,,,,,,,,,,,,,,,,,,,,,,,,,,,,,,,,,,,,,,,,,,,,,,,,,,
2013-12-20,726.0,727.8,2013-12-20T20:32:00,724.4,2013-12-20T03:34:00,4.2,6.8,2013-12-20T11:17:00,2.1,2013-12-20T00:50:00,95,84.0,2013-12-20T23:21:00,2.2,263,10.8,245.0,2013-12-20T01:02:00,16.5,,,,,,,,,,,,,,,,,,,,,,97.0,2013-12-20T16:31:00,,,,,,,,,,,,,,,,,,,,,,,,,,,,,,,,,,,,,,,,,,,,,,,,,,,,,,,,,,,,,,,,,,,,,,,,,,
2013-12-21,726.5,727.9,2013-12-21T09:35:00,725.5,2013-12-21T04:02:00,3.4,5.8,2013-12-21T12:05:00,1.8,2013-12-21T01:31:00,92,74.0,2013-12-21T22:19:00,2.7,260,7.7,268.0,2013-12-21T07:23:00,4.5,,,,,,,,,,,,,,,,,,,,,,99.0,2013-12-21T01:06:00,,,,,,,,,,,,,,,,,,,,,,,,,,,,,,,,,,,,,,,,,,,,,,,,,,,,,,,,,,,,,,,,,,,,,,,,,,
2013-12-22,726.9,728.5,2013-12-22T09:47:00,725.3,2013-12-22T13:48:00,3.9,6.8,2013-12-22T11:48:00,2.7,2013-12-22T09:37:00,77,63.0,2013-12-22T13:35:00,2.9,258,8.2,256.0,2013-12-22T11:44:00,0.0,,,,,,,,,,,,,,,,,,,,,,91.0,2013-12-22T09:38:00,,,,,,,,,,,,,,,,,,,,,,,,,,,,,,,,,,,,,,,,,,,,,,,,,,,,,,,,,,,,,,,,,,,,,,,,,,
2013-12-23,727.3,728.8,2013-12-23T10:02:00,726.0,2013-12-23T02:48:00,5.4,10.9,2013-12-23T14:10:00,2.9,2013-12-23T21:51:00,75,51.0,2013-12-23T14:10:00,2.5,258,10.7,242.0,2013-12-23T17:03:00,0.0,,,,,,,,,,,,,,,,,,,,,,97.0,2013-12-23T22:50:00,,,,,,,,,,,,,,,,,,,,,,,,,,,,,,,,,,,,,,,,,,,,,,,,,,,,,,,,,,,,,,,,,,,,,,,,,,
2013-12-24,727.8,730.0,2013-12-24T10:08:00,726.3,2013-12-24T13:59:00,5.1,9.4,2013-12-24T09:31:00,0.8,2013-12-24T23:35:00,86,70.0,2013-12-24T14:46:00,3.0,261,11.5,272.0,2013-12-24T13:59:00,2.5,,,,,,,,,,,,,,,,,,,,,,98.0,2013-12-24T20:08:00,,,,,,,,,,,,,,,,,,,,,,,,,,,,,,,,,,,,,,,,,,,,,,,,,,,,,,,,,,,,,,,,,,,,,,,,,,
2013-12-25,726.6,728.8,2013-12-25T09:31:00,725.5,2013-12-25T23:53:00,5.5,14.1,2013-12-25T14:02:00,0.9,2013-12-25T00:50:00,94,53.0,2013-12-25T13:23:00,1.8,110,7.5,237.0,2013-12-25T10:00:00,4.5,,,,,,,,,,,,,,,,,,,,,,98.0,2013-12-25T08:33:00,,,,,,,,,,,,,,,,,,,,,,,,,,,,,,,,,,,,,,,,,,,,,,,,,,,,,,,,,,,,,,,,,,,,,,,,,,
2013-12-26,723.3,725.7,2013-12-26T10:02:00,721.2,2013-12-26T15:33:00,4.3,12.0,2013-12-26T12:36:00,1.3,2013-12-26T18:33:00,89,51.0,2013-12-26T12:01:00,2.0,259,12.1,281.0,2013-12-26T21:26:00,1.5,,,,,,,,,,,,,,,,,,,,,,98.0,2013-12-26T00:08:00,,,,,,,,,,,,,,,,,,,,,,,,,,,,,,,,,,,,,,,,,,,,,,,,,,,,,,,,,,,,,,,,,,,,,,,,,,
2013-12-27,722.2,724.3,2013-12-27T10:24:00,720.5,2013-12-27T03:46:00,-0.1,4.5,2013-12-27T15:16:00,-3.7,2013-12-27T21:19:00,84,60.0,2013-12-27T12:31:00,1.1,263,8.3,256.0,2013-12-27T00:07:00,2.5,,,,,,,,,,,,,,,,,,,,,,98.0,2013-12-27T05:32:00,,,,,,,,,,,,,,,,,,,,,,,,,,,,,,,,,,,,,,,,,,,,,,,,,,,,,,,,,,,,,,,,,,,,,,,,,,
2013-12-28,722.8,724.7,2013-12-28T10:34:00,721.4,2013-12-28T15:06:00,-0.6,5.9,2013-12-28T12:03:00,-3.9,2013-12-28T05:32:00,72,47.0,2013-12-28T12:03:00,1.3,256,5.7,270.0,2013-12-28T23:12:00,0.0,,,,,,,,,,,,,,,,,,,,,,94.0,2013-12-28T23:12:00,,,,,,,,,,,,,,,,,,,,,,,,,,,,,,,,,,,,,,,,,,,,,,,,,,,,,,,,,,,,,,,,,,,,,,,,,,
2013-12-29,723.8,725.3,2013-12-29T20:39:00,722.4,2013-12-29T05:36:00,0.0,1.6,2013-12-29T13:18:00,-1.4,2013-12-29T01:04:00,86,75.0,2013-12-29T16:01:00,1.8,253,9.5,268.0,2013-12-29T16:09:00,0.0,,,,,,,,,,,,,,,,,,,,,,96.0,2013-12-29T10:22:00,,,,,,,,,,,,,,,,,,,,,,,,,,,,,,,,,,,,,,,,,,,,,,,,,,,,,,,,,,,,,,,,,,,,,,,,,,
2013-12-30,725.4,727.2,2013-12-30T09:42:00,724.0,2013-12-30T02:46:00,2.4,9.4,2013-12-30T12:53:00,-1.1,2013-12-30T00:05:00,82,52.0,2013-12-30T10:32:00,1.1,272,6.4,280.0,2013-12-30T05:29:00,0.0,,,,,,,,,,,,,,,,,,,,,,98.0,2013-12-30T23:18:00,,,,,,,,,,,,,,,,,,,,,,,,,,,,,,,,,,,,,,,,,,,,,,,,,,,,,,,,,,,,,,,,,,,,,,,,,,
2013-12-31,725.4,727.7,2013-12-31T09:01:00,724.1,2013-12-31T14:46:00,2.9,11.2,2013-12-31T14:01:00,-1.4,2013-12-31T04:01:00,65,16.0,2013-12-31T22:29:00,1.4,258,8.8,260.0,2013-12-31T12:06:00,0.0,,,,,,,,,,,,,,,,,,,,,,97.0,2013-12-31T00:01:00,,,,,,,,,,,,,,,,,,,,,,,,,,,,,,,,,,,,,,,,,,,,,,,,,,,,,,,,,,,,,,,,,,,,,,,,,,
