,StnPres,StnPresMax,StnPresMaxTime,StnPresMin,StnPresMinTime,Tx,TxMaxAbs,TxMaxAbsTime,TxMinAbs,TxMinAbsTime,RH,RHMin,RHMinTime,WS,WD,WSGust,WDGust,WGustTime,Precp,GloblRad,TxSoil0cm,TxSoil5cm,TxSoil20cm,TxSoil50cm,TxSoil100cm,AirTemperature.MaximumTimef,AirTemperature.Maximumf,AirTemperature.Meanf,AirTemperature.MinimumTimef,AirTemperature.Minimumf,GlobalSolarRadiation.Accumulationf,GlobalSolarRadiation.HourlyMaximumTimef,GlobalSolarRadiation.HourlyMaximumf,GloblRadMax,GloblRadMaxTime,PeakGust.Directionf,PeakGust.MaximumTimef,PeakGust.Maximumf,Precipitation.Accumulationf,Precipitation.HourlyMaximum,Precipitation.HourlyMaximumTime,Precipitation.HourlyMaximumTimef,Precipitation.HourlyMaximumf,Precipitation.MeltFlag,Precipitation.MeltFlagf,RelativeHumidity.Maximum,RelativeHumidity.MaximumTime,RelativeHumidity.MaximumTimef,RelativeHumidity.Maximumf,RelativeHumidity.Meanf,RelativeHumidity.MinimumTimef,RelativeHumidity.Minimumf,SoilTemperatureAt0cm.Maximum,SoilTemperatureAt0cm.MaximumTime,SoilTemperatureAt0cm.MaximumTimef,SoilTemperatureAt0cm.Maximumf,SoilTemperatureAt0cm.Meanf,SoilTemperatureAt0cm.Minimum,SoilTemperatureAt0cm.MinimumTime,SoilTemperatureAt0cm.MinimumTimef,SoilTemperatureAt0cm.Minimumf,SoilTemperatureAt100cm.Maximum,SoilTemperatureAt100cm.MaximumTime,SoilTemperatureAt100cm.MaximumTimef,SoilTemperatureAt100cm.Maximumf,SoilTemperatureAt100cm.Meanf,SoilTemperatureAt100cm.Minimum,SoilTemperatureAt100cm.MinimumTime,SoilTemperatureAt100cm.MinimumTimef,SoilTemperatureAt100cm.Minimumf,SoilTemperatureAt10cm.Maximum,SoilTemperatureAt10cm.MaximumTime,SoilTemperatureAt10cm.MaximumTimef,SoilTemperatureAt10cm.Maximumf,SoilTemperatureAt10cm.Meanf,SoilTemperatureAt10cm.Minimum,SoilTemperatureAt10cm.MinimumTime,SoilTemperatureAt10cm.MinimumTimef,SoilTemperatureAt10cm.Minimumf,SoilTemperatureAt20cm.Maximum,SoilTemperatureAt20cm.MaximumTime,SoilTemperatureAt20cm.MaximumTimef,SoilTemperatureAt20cm.Maximumf,SoilTemperatureAt20cm.Meanf,SoilTemperatureAt20cm.Minimum,SoilTemperatureAt20cm.MinimumTime,SoilTemperatureAt20cm.MinimumTimef,SoilTemperatureAt20cm.Minimumf,SoilTemperatureAt50cm.Maximum,SoilTemperatureAt50cm.MaximumTime,SoilTemperatureAt50cm.MaximumTimef,SoilTemperatureAt50cm.Maximumf,SoilTemperatureAt50cm.Meanf,SoilTemperatureAt50cm.Minimum,SoilTemperatureAt50cm.MinimumTime,SoilTemperatureAt50cm.MinimumTimef,SoilTemperatureAt50cm.Minimumf,SoilTemperatureAt5cm.Maximum,SoilTemperatureAt5cm.MaximumTime,SoilTemperatureAt5cm.MaximumTimef,SoilTemperatureAt5cm.Maximumf,SoilTemperatureAt5cm.Meanf,SoilTemperatureAt5cm.Minimum,SoilTemperatureAt5cm.MinimumTime,SoilTemperatureAt5cm.MinimumTimef,SoilTemperatureAt5cm.Minimumf,StationPressure.MaximumTimef,StationPressure.Maximumf,StationPressure.Meanf,StationPressure.MinimumTimef,StationPressure.Minimumf,SunShine,SunshineDuration.Totalf,TxSoil10cm,WindDirection.Prevailingf,WindSpeed.Meanf
2020-01-01,,,,,,,,,,,,,,,,,,,-9999.6,,,,,,,,,,,,,,,,,,,,,-9999.6,,,,0,,,,,,,,,,,,,,,,,,,,,,,,,,,,,,,,,,,,,,,,,,,,,,,,,,,,,,,,,,,,,,,,,,,,,,,,
2020-01-02,,,,,,,,,,,,,,,,,,,-9999.6,,,,,,,,,,,,,,,,,,,,,-9999.6,,,,0,,,,,,,,,,,,,,,,,,,,,,,,,,,,,,,,,,,,,,,,,,,,,,,,,,,,,,,,,,,,,,,,,,,,,,,,
2020-01-03,,,,,,,,,,,,,,,,,,,-9999.6,,,,,,,,,,,,,,,,,,,,,-9999.6,,,,0,,,,,,,,,,,,,,,,,,,,,,,,,,,,,,,,,,,,,,,,,,,,,,,,,,,,,,,,,,,,,,,,,,,,,,,,
2020-01-04,,,,,,,,,,,,,,,,,,,-9999.6,,,,,,,,,,,,,,,,,,,,,-9999.6,,,,0,,,,,,,,,,,,,,,,,,,,,,,,,,,,,,,,,,,,,,,,,,,,,,,,,,,,,,,,,,,,,,,,,,,,,,,,
2020-01-05,,,,,,,,,,,,,,,,,,,-9999.6,,,,,,,,,,,,,,,,,,,,,-9999.6,,,,0,,,,,,,,,,,,,,,,,,,,,,,,,,,,,,,,,,,,,,,,,,,,,,,,,,,,,,,,,,,,,,,,,,,,,,,,
2020-01-06,,,,,,,,,,,,,,,,,,,-9999.6,,,,,,,,,,,,,,,,,,,,,-9999.6,,,,0,,,,,,,,,,,,,,,,,,,,,,,,,,,,,,,,,,,,,,,,,,,,,,,,,,,,,,,,,,,,,,,,,,,,,,,,
2020-01-07,,,,,,,,,,,,,,,,,,,-9999.6,,,,,,,,,,,,,,,,,,,,,-9999.6,,,,0,,,,,,,,,,,,,,,,,,,,,,,,,,,,,,,,,,,,,,,,,,,,,,,,,,,,,,,,,,,,,,,,,,,,,,,,
2020-01-08,,,,,,,,,,,,,,,,,,,-9999.6,,,,,,,,,,,,,,,,,,,,,-9999.6,,,,0,,,,,,,,,,,,,,,,,,,,,,,,,,,,,,,,,,,,,,,,,,,,,,,,,,,,,,,,,,,,,,,,,,,,,,,,
2020-01-09,,,,,,,,,,,,,,,,,,,-9999.6,,,,,,,,,,,,,,,,,,,,,-9999.6,,,,0,,,,,,,,,,,,,,,,,,,,,,,,,,,,,,,,,,,,,,,,,,,,,,,,,,,,,,,,,,,,,,,,,,,,,,,,
2020-01-10,,,,,,,,,,,,,,,,,,,-9999.6,,,,,,,,,,,,,,,,,,,,,-9999.6,,,,0,,,,,,,,,,,,,,,,,,,,,,,,,,,,,,,,,,,,,,,,,,,,,,,,,,,,,,,,,,,,,,,,,,,,,,,,
2020-01-11,,,,,,,,,,,,,,,,,,,-9999.6,,,,,,,,,,,,,,,,,,,,,-9999.6,,,,0,,,,,,,,,,,,,,,,,,,,,,,,,,,,,,,,,,,,,,,,,,,,,,,,,,,,,,,,,,,,,,,,,,,,,,,,
2020-01-12,,,,,,,,,,,,,,,,,,,-9999.6,,,,,,,,,,,,,,,,,,,,,-9999.6,,,,0,,,,,,,,,,,,,,,,,,,,,,,,,,,,,,,,,,,,,,,,,,,,,,,,,,,,,,,,,,,,,,,,,,,,,,,,
2020-01-13,,,,,,,,,,,,,,,,,,,-9999.6,,,,,,,,,,,,,,,,,,,,,-9999.6,,,,0,,,,,,,,,,,,,,,,,,,,,,,,,,,,,,,,,,,,,,,,,,,,,,,,,,,,,,,,,,,,,,,,,,,,,,,,
2020-01-14,,,,,,,,,,,,,,,,,,,-9999.6,,,,,,,,,,,,,,,,,,,,,-9999.6,,,,0,,,,,,,,,,,,,,,,,,,,,,,,,,,,,,,,,,,,,,,,,,,,,,,,,,,,,,,,,,,,,,,,,,,,,,,,
2020-01-15,,,,,,,,,,,,,,,,,,,-9999.6,,,,,,,,,,,,,,,,,,,,,-9999.6,,,,0,,,,,,,,,,,,,,,,,,,,,,,,,,,,,,,,,,,,,,,,,,,,,,,,,,,,,,,,,,,,,,,,,,,,,,,,
2020-01-16,700.2,702.0,2020-01-16T11:20:00,699.5,2020-01-16T15:10:00,1.0,9.9,2020-01-16T11:01:00,-0.9,2020-01-16T19:27:00,72.0,24.0,2020-01-16T11:01:00,7.9,222.0,15.5,216.0,2020-01-16T23:18:00,-9999.5,,,,,,,,,,,,,,,,,,,,,-9999.5,,,,0,,100.0,2020-01-16T19:21:00,,,,,,,,,,,,,,,,,,,,,,,,,,,,,,,,,,,,,,,,,,,,,,,,,,,,,,,,,,,,,,,,,,,,,
2020-01-17,699.9,701.8,2020-01-17T09:47:00,698.8,2020-01-17T23:26:00,0.4,5.3,2020-01-17T10:47:00,-2.2,2020-01-17T03:43:00,87.0,52.0,2020-01-17T00:09:00,7.1,226.0,17.5,238.0,2020-01-17T22:30:00,-9999.5,,,,,,,,,,,,,,,,,,,,,-9999.5,,,,0,,100.0,2020-01-17T16:50:00,,,,,,,,,,,,,,,,,,,,,,,,,,,,,,,,,,,,,,,,,,,,,,,,,,,,,,,,,,,,,,,,,,,,,
2020-01-18,699.1,700.7,2020-01-18T09:55:00,697.6,2020-01-18T04:09:00,-1.0,4.2,2020-01-18T11:54:00,-2.4,2020-01-18T23:34:00,99.0,78.0,2020-01-18T11:56:00,8.1,230.0,20.6,227.0,2020-01-18T02:59:00,-9999.5,,,,,,,,,,,,,,,,,,,,,-9999.5,,,,0,,100.0,2020-01-18T09:44:00,,,,,,,,,,,,,,,,,,,,,,,,,,,,,,,,,,,,,,,,,,,,,,,,,,,,,,,,,,,,,,,,,,,,,
2020-01-19,700.2,702.9,2020-01-19T11:03:00,698.2,2020-01-19T02:33:00,-1.2,1.8,2020-01-19T12:25:00,-2.5,2020-01-19T02:34:00,100.0,90.0,2020-01-19T12:06:00,9.8,227.0,22.7,225.0,2020-01-19T20:22:00,-9999.5,,,,,,,,,,,,,,,,,,,,,-9999.5,,,,0,,100.0,2020-01-19T13:51:00,,,,,,,,,,,,,,,,,,,,,,,,,,,,,,,,,,,,,,,,,,,,,,,,,,,,,,,,,,,,,,,,,,,,,
2020-01-20,702.8,705.4,2020-01-20T11:44:00,700.1,2020-01-20T04:09:00,1.1,6.2,2020-01-20T21:05:00,-2.4,2020-01-20T03:44:00,76.0,13.0,2020-01-20T21:05:00,5.4,235.0,32.0,25.0,2020-01-20T09:15:00,-9999.5,,,,,,,,,,,,,,,,,,,,,-9999.5,,,,0,,100.0,2020-01-20T11:31:00,,,,,,,,,,,,,,,,,,,,,,,,,,,,,,,,,,,,,,,,,,,,,,,,,,,,,,,,,,,,,,,,,,,,,
2020-01-21,705.1,706.5,2020-01-21T10:35:00,703.3,2020-01-21T04:16:00,5.6,11.2,2020-01-21T11:26:00,2.1,2020-01-21T23:00:00,35.0,9.0,2020-01-21T07:34:00,5.4,235.0,12.0,234.0,2020-01-21T21:56:00,-9999.5,,,,,,,,,,,,,,,,,,,,,-9999.5,,,,0,,75.0,2020-01-21T17:03:00,,,,,,,,,,,,,,,,,,,,,,,,,,,,,,,,,,,,,,,,,,,,,,,,,,,,,,,,,,,,,,,,,,,,,
2020-01-22,705.4,706.7,2020-01-22T09:52:00,704.0,2020-01-22T04:31:00,7.2,13.1,2020-01-22T10:18:00,2.7,2020-01-22T05:35:00,39.0,7.0,2020-01-22T01:30:00,5.5,223.0,10.9,233.0,2020-01-22T16:04:00,-9999.5,,,,,,,,,,,,,,,,,,,,,-9999.5,,,,0,,97.0,2020-01-22T14:45:00,,,,,,,,,,,,,,,,,,,,,,,,,,,,,,,,,,,,,,,,,,,,,,,,,,,,,,,,,,,,,,,,,,,,,
2020-01-23,705.3,706.5,2020-01-23T09:39:00,704.2,2020-01-23T14:49:00,8.5,14.5,2020-01-23T12:36:00,5.6,2020-01-23T01:16:00,31.0,11.0,2020-01-23T05:27:00,6.0,223.0,13.4,208.0,2020-01-23T12:10:00,-9999.5,,,,,,,,,,,,,,,,,,,,,-9999.5,,,,0,,75.0,2020-01-23T15:22:00,,,,,,,,,,,,,,,,,,,,,,,,,,,,,,,,,,,,,,,,,,,,,,,,,,,,,,,,,,,,,,,,,,,,,
2020-01-24,705.3,706.8,2020-01-24T09:57:00,704.2,2020-01-24T15:25:00,8.0,13.9,2020-01-24T11:33:00,4.9,2020-01-24T18:58:00,35.0,17.0,2020-01-24T02:45:00,4.7,219.0,12.6,182.0,2020-01-24T12:28:00,-9999.5,,,,,,,,,,,,,,,,,,,,,-9999.5,,,,0,,78.0,2020-01-24T17:31:00,,,,,,,,,,,,,,,,,,,,,,,,,,,,,,,,,,,,,,,,,,,,,,,,,,,,,,,,,,,,,,,,,,,,,
2020-01-25,703.3,705.1,2020-01-25T00:01:00,702.0,2020-01-25T15:20:00,6.8,12.6,2020-01-25T12:33:00,4.0,2020-01-25T22:58:00,52.0,11.0,2020-01-25T07:14:00,3.0,223.0,10.0,242.0,2020-01-25T19:15:00,-9999.5,,,,,,,,,,,,,,,,,,,,,-9999.5,,,,0,,100.0,2020-01-25T15:58:00,,,,,,,,,,,,,,,,,,,,,,,,,,,,,,,,,,,,,,,,,,,,,,,,,,,,,,,,,,,,,,,,,,,,,
2020-01-26,698.3,702.5,2020-01-26T00:06:00,694.9,2020-01-26T16:58:00,4.1,6.1,2020-01-26T12:48:00,0.5,2020-01-26T22:49:00,99.0,82.0,2020-01-26T01:16:00,7.7,223.0,25.7,226.0,2020-01-26T16:00:00,-9999.5,,,,,,,,,,,,,,,,,,,,,-9999.5,,,,0,,100.0,2020-01-26T16:00:00,,,,,,,,,,,,,,,,,,,,,,,,,,,,,,,,,,,,,,,,,,,,,,,,,,,,,,,,,,,,,,,,,,,,,
2020-01-27,696.6,699.4,2020-01-27T09:11:00,694.1,2020-01-27T05:24:00,-0.3,4.0,2020-01-27T11:01:00,-4.0,2020-01-27T23:47:00,66.0,10.0,2020-01-27T06:26:00,7.1,218.0,21.4,207.0,2020-01-27T00:05:00,-9999.5,,,,,,,,,,,,,,,,,,,,,-9999.5,,,,0,,100.0,2020-01-27T03:47:00,,,,,,,,,,,,,,,,,,,,,,,,,,,,,,,,,,,,,,,,,,,,,,,,,,,,,,,,,,,,,,,,,,,,,
2020-01-28,696.6,698.1,2020-01-28T09:27:00,694.9,2020-01-28T04:01:00,-2.4,-1.8,2020-01-28T18:08:00,-3.9,2020-01-29T00:00:00,100.0,97.0,2020-01-28T10:50:00,7.0,217.0,25.2,209.0,2020-01-28T02:34:00,-9999.5,,,,,,,,,,,,,,,,,,,,,-9999.5,,,,0,,100.0,2020-01-28T13:41:00,,,,,,,,,,,,,,,,,,,,,,,,,,,,,,,,,,,,,,,,,,,,,,,,,,,,,,,,,,,,,,,,,,,,,
2020-01-29,695.9,697.3,2020-01-29T09:45:00,693.6,2020-01-29T15:38:00,-4.2,-2.3,2020-01-29T00:29:00,-6.0,2020-01-29T21:26:00,99.0,97.0,2020-01-29T21:24:00,-99.7,-999.7,0.0,0.0,2020-01-30T00:00:00,-9999.5,,,,,,,,,,,,,,,,,,,,,-9999.5,,,,0,,100.0,2020-01-29T13:24:00,,,,,,,,,,,,,,,,,,,,,,,,,,,,,,,,,,,,,,,,,,,,,,,,,,,,,,,,,,,,,,,,,,,,,
2020-01-30,694.6,695.8,2020-01-30T09:46:00,692.6,2020-01-30T15:42:00,-7.0,-4.1,2020-01-30T11:24:00,-9.2,2020-01-30T17:54:00,76.0,8.0,2020-01-30T23:54:00,10.0,229.0,22.2,208.0,2020-01-30T17:24:00,-9999.5,,,,,,,,,,,,,,,,,,,,,-9999.5,,,,0,,100.0,2020-01-30T12:08:00,,,,,,,,,,,,,,,,,,,,,,,,,,,,,,,,,,,,,,,,,,,,,,,,,,,,,,,,,,,,,,,,,,,,,
2020-01-31,697.3,699.1,2020-01-31T22:46:00,694.6,2020-01-31T01:31:00,-3.7,0.9,2020-01-31T14:41:00,-8.3,2020-01-31T00:03:00,21.0,5.0,2020-01-31T07:54:00,5.6,243.0,17.0,234.0,2020-01-31T00:29:00,-9999.5,,,,,,,,,,,,,,,,,,,,,-9999.5,,,,0,,54.0,2020-01-31T15:55:00,,,,,,,,,,,,,,,,,,,,,,,,,,,,,,,,,,,,,,,,,,,,,,,,,,,,,,,,,,,,,,,,,,,,,
2020-02-01,699.5,700.8,2020-02-01T09:45:00,697.9,2020-02-01T02:44:00,-2.9,2.8,2020-02-01T13:49:00,-7.0,2020-02-01T01:12:00,42.0,10.0,2020-02-01T03:13:00,6.2,239.0,14.8,240.0,2020-02-01T05:17:00,-9999.5,,,,,,,,,,,,,,,,,,,,,-9999.5,,,,0,,80.0,2020-02-01T20:25:00,,,,,,,,,,,,,,,,,,,,,,,,,,,,,,,,,,,,,,,,,,,,,,,,,,,,,,,,,,,,,,,,,,,,,
2020-02-02,701.3,702.7,2020-02-02T09:43:00,699.8,2020-02-02T02:48:00,-1.6,3.9,2020-02-02T12:14:00,-4.4,2020-02-02T04:31:00,82.0,44.0,2020-02-02T07:16:00,5.5,226.0,17.8,346.0,2020-02-02T07:21:00,-9999.5,,,,,,,,,,,,,,,,,,,,,-9999.5,,,,0,,100.0,2020-02-02T17:53:00,,,,,,,,,,,,,,,,,,,,,,,,,,,,,,,,,,,,,,,,,,,,,,,,,,,,,,,,,,,,,,,,,,,,,
2020-02-03,701.7,702.7,2020-02-03T10:10:00,700.6,2020-02-03T03:10:00,-0.2,4.3,2020-02-03T10:13:00,-2.9,2020-02-03T00:40:00,86.0,68.0,2020-02-03T11:57:00,4.0,213.0,44.4,211.0,2020-02-03T07:35:00,-9999.5,,,,,,,,,,,,,,,,,,,,,-9999.5,,,,0,,100.0,2020-02-03T00:41:00,,,,,,,,,,,,,,,,,,,,,,,,,,,,,,,,,,,,,,,,,,,,,,,,,,,,,,,,,,,,,,,,,,,,,
2020-02-04,701.4,702.4,2020-02-04T09:56:00,699.8,2020-02-04T15:45:00,0.4,1.5,2020-02-04T11:54:00,-1.4,2020-02-04T05:58:00,91.0,71.0,2020-02-04T00:30:00,4.8,221.0,15.3,224.0,2020-02-04T20:13:00,-9999.5,,,,,,,,,,,,,,,,,,,,,-9999.5,,,,0,,100.0,2020-02-04T10:15:00,,,,,,,,,,,,,,,,,,,,,,,,,,,,,,,,,,,,,,,,,,,,,,,,,,,,,,,,,,,,,,,,,,,,,
2020-02-05,701.8,703.7,2020-02-05T10:10:00,700.4,2020-02-05T04:28:00,0.3,1.5,2020-02-05T12:29:00,-0.7,2020-02-05T23:50:00,100.0,99.0,2020-02-05T11:56:00,4.4,221.0,13.1,242.0,2020-02-05T01:49:00,-9999.5,,,,,,,,,,,,,,,,,,,,,-9999.5,,,,0,,100.0,2020-02-05T11:11:00,,,,,,,,,,,,,,,,,,,,,,,,,,,,,,,,,,,,,,,,,,,,,,,,,,,,,,,,,,,,,,,,,,,,,
2020-02-06,702.5,707.4,2020-02-06T08:03:00,701.2,2020-02-06T13:37:00,1.8,10.3,2020-02-06T14:10:00,-1.3,2020-02-06T06:03:00,82.0,48.0,2020-02-06T12:37:00,5.6,226.0,13.0,206.0,2020-02-06T17:37:00,-9999.5,,,,,,,,,,,,,,,,,,,,,-9999.5,,,,0,,100.0,2020-02-06T04:08:00,,,,,,,,,,,,,,,,,,,,,,,,,,,,,,,,,,,,,,,,,,,,,,,,,,,,,,,,,,,,,,,,,,,,,
2020-02-07,703.3,706.0,2020-02-07T10:36:00,701.7,2020-02-07T04:50:00,1.5,3.6,2020-02-07T12:03:00,0.3,2020-02-07T22:57:00,100.0,92.0,2020-02-07T00:01:00,6.3,228.0,16.9,239.0,2020-02-07T07:38:00,-9999.5,,,,,,,,,,,,,,,,,,,,,-9999.5,,,,0,,100.0,2020-02-07T10:31:00,,,,,,,,,,,,,,,,,,,,,,,,,,,,,,,,,,,,,,,,,,,,,,,,,,,,,,,,,,,,,,,,,,,,,
2020-02-08,703.1,704.3,2020-02-08T09:34:00,701.9,2020-02-08T03:28:00,0.5,2.6,2020-02-08T11:42:00,-1.0,2020-02-08T21:21:00,98.0,89.0,2020-02-08T15:00:00,6.3,224.0,18.0,215.0,2020-02-08T03:07:00,-9999.5,,,,,,,,,,,,,,,,,,,,,-9999.5,,,,0,,100.0,2020-02-08T08:46:00,,,,,,,,,,,,,,,,,,,,,,,,,,,,,,,,,,,,,,,,,,,,,,,,,,,,,,,,,,,,,,,,,,,,,
2020-02-09,702.9,706.1,2020-02-09T10:54:00,701.6,2020-02-09T15:42:00,-0.2,2.2,2020-02-09T13:16:00,-1.8,2020-02-09T23:37:00,100.0,84.0,2020-02-09T14:03:00,5.6,237.0,47.6,210.0,2020-02-09T04:40:00,-9999.5,,,,,,,,,,,,,,,,,,,,,-9999.5,,,,0,,100.0,2020-02-09T12:40:00,,,,,,,,,,,,,,,,,,,,,,,,,,,,,,,,,,,,,,,,,,,,,,,,,,,,,,,,,,,,,,,,,,,,,
2020-02-10,703.2,705.0,2020-02-10T21:30:00,701.2,2020-02-10T02:47:00,2.1,8.4,2020-02-10T13:01:00,-2.2,2020-02-10T02:54:00,79.0,45.0,2020-02-10T09:54:00,4.2,232.0,11.4,232.0,2020-02-10T21:29:00,-9999.5,,,,,,,,,,,,,,,,,,,,,-9999.5,,,,0,,100.0,2020-02-10T15:57:00,,,,,,,,,,,,,,,,,,,,,,,,,,,,,,,,,,,,,,,,,,,,,,,,,,,,,,,,,,,,,,,,,,,,,
2020-02-11,704.5,705.8,2020-02-11T11:01:00,703.4,2020-02-11T14:53:00,4.8,8.4,2020-02-11T12:14:00,2.9,2020-02-11T21:38:00,64.0,52.0,2020-02-11T17:35:00,6.2,223.0,17.6,212.0,2020-02-11T21:27:00,-9999.5,,,,,,,,,,,,,,,,,,,,,-9999.5,,,,0,,78.0,2020-02-11T21:31:00,,,,,,,,,,,,,,,,,,,,,,,,,,,,,,,,,,,,,,,,,,,,,,,,,,,,,,,,,,,,,,,,,,,,,
2020-02-12,703.8,705.0,2020-02-12T09:56:00,702.8,2020-02-12T05:14:00,3.8,8.0,2020-02-12T12:42:00,1.2,2020-02-12T04:17:00,70.0,44.0,2020-02-12T12:43:00,7.1,220.0,16.5,208.0,2020-02-12T01:34:00,-9999.5,,,,,,,,,,,,,,,,,,,,,-9999.5,,,,0,,100.0,2020-02-12T21:11:00,,,,,,,,,,,,,,,,,,,,,,,,,,,,,,,,,,,,,,,,,,,,,,,,,,,,,,,,,,,,,,,,,,,,,
2020-02-13,703.1,704.8,2020-02-13T09:46:00,701.6,2020-02-13T15:46:00,4.2,8.0,2020-02-13T11:51:00,1.7,2020-02-13T03:38:00,80.0,48.0,2020-02-13T11:51:00,6.5,216.0,20.0,174.0,2020-02-13T20:23:00,-9999.5,,,,,,,,,,,,,,,,,,,,,-9999.5,,,,0,,100.0,2020-02-13T21:23:00,,,,,,,,,,,,,,,,,,,,,,,,,,,,,,,,,,,,,,,,,,,,,,,,,,,,,,,,,,,,,,,,,,,,,
2020-02-14,703.5,705.6,2020-02-14T10:40:00,701.6,2020-02-14T15:29:00,5.3,9.6,2020-02-14T11:23:00,2.7,2020-02-14T01:04:00,96.0,78.0,2020-02-14T20:41:00,7.3,222.0,17.7,184.0,2020-02-14T14:16:00,-9999.5,,,,,,,,,,,,,,,,,,,,,-9999.5,,,,0,,100.0,2020-02-14T16:17:00,,,,,,,,,,,,,,,,,,,,,,,,,,,,,,,,,,,,,,,,,,,,,,,,,,,,,,,,,,,,,,,,,,,,,
2020-02-15,703.4,705.3,2020-02-15T09:13:00,701.7,2020-02-15T18:06:00,7.0,14.1,2020-02-15T12:14:00,3.5,2020-02-15T23:48:00,83.0,56.0,2020-02-15T11:58:00,6.2,221.0,16.3,206.0,2020-02-15T22:03:00,-9999.5,,,,,,,,,,,,,,,,,,,,,-9999.5,,,,0,,100.0,2020-02-15T18:34:00,,,,,,,,,,,,,,,,,,,,,,,,,,,,,,,,,,,,,,,,,,,,,,,,,,,,,,,,,,,,,,,,,,,,,
2020-02-16,701.6,703.8,2020-02-16T08:48:00,697.8,2020-02-16T15:27:00,4.0,5.5,2020-02-16T16:31:00,2.3,2020-02-16T03:03:00,100.0,86.0,2020-02-16T01:06:00,9.6,223.0,28.4,237.0,2020-02-16T14:13:00,-9999.5,,,,,,,,,,,,,,,,,,,,,-9999.5,,,,0,,100.0,2020-02-16T02:12:00,,,,,,,,,,,,,,,,,,,,,,,,,,,,,,,,,,,,,,,,,,,,,,,,,,,,,,,,,,,,,,,,,,,,,
2020-02-17,700.5,701.8,2020-02-17T10:04:00,699.1,2020-02-17T04:05:00,1.0,3.8,2020-02-17T00:46:00,-1.6,2020-02-17T23:44:00,99.0,85.0,2020-02-17T23:41:00,9.9,226.0,23.9,235.0,2020-02-17T04:05:00,-9999.5,,,,,,,,,,,,,,,,,,,,,-9999.5,,,,0,,100.0,2020-02-17T12:58:00,,,,,,,,,,,,,,,,,,,,,,,,,,,,,,,,,,,,,,,,,,,,,,,,,,,,,,,,,,,,,,,,,,,,,
2020-02-18,701.4,707.8,2020-02-18T08:47:00,697.1,2020-02-18T05:55:00,-1.4,3.4,2020-02-18T13:07:00,-4.9,2020-02-18T07:23:00,81.0,42.0,2020-02-18T23:05:00,6.3,227.0,16.0,228.0,2020-02-18T07:50:00,-9999.5,,,,,,,,,,,,,,,,,,,,,-9999.5,,,,0,,100.0,2020-02-18T09:11:00,,,,,,,,,,,,,,,,,,,,,,,,,,,,,,,,,,,,,,,,,,,,,,,,,,,,,,,,,,,,,,,,,,,,,
2020-02-19,703.0,706.0,2020-02-19T09:17:00,700.5,2020-02-19T04:53:00,0.9,6.4,2020-02-19T13:55:00,-3.2,2020-02-19T05:38:00,63.0,37.0,2020-02-19T02:47:00,5.2,223.0,14.9,236.0,2020-02-19T02:27:00,-9999.5,,,,,,,,,,,,,,,,,,,,,-9999.5,,,,0,,98.0,2020-02-19T16:45:00,,,,,,,,,,,,,,,,,,,,,,,,,,,,,,,,,,,,,,,,,,,,,,,,,,,,,,,,,,,,,,,,,,,,,
2020-02-20,705.3,706.6,2020-02-20T10:03:00,702.8,2020-02-20T02:59:00,2.0,8.1,2020-02-20T14:36:00,-0.9,2020-02-20T00:45:00,80.0,60.0,2020-02-20T00:01:00,4.6,224.0,12.5,216.0,2020-02-20T04:23:00,-9999.5,,,,,,,,,,,,,,,,,,,,,-9999.5,,,,0,,100.0,2020-02-20T17:11:00,,,,,,,,,,,,,,,,,,,,,,,,,,,,,,,,,,,,,,,,,,,,,,,,,,,,,,,,,,,,,,,,,,,,,
2020-02-21,707.1,708.3,2020-02-21T09:52:00,705.6,2020-02-21T03:59:00,3.2,9.4,2020-02-21T13:16:00,-0.6,2020-02-21T05:13:00,62.0,6.0,2020-02-22T00:00:00,4.5,227.0,10.6,206.0,2020-02-21T11:19:00,-9999.5,,,,,,,,,,,,,,,,,,,,,-9999.5,,,,0,,100.0,2020-02-21T17:47:00,,,,,,,,,,,,,,,,,,,,,,,,,,,,,,,,,,,,,,,,,,,,,,,,,,,,,,,,,,,,,,,,,,,,,
2020-02-22,707.7,708.8,2020-02-22T09:42:00,706.8,2020-02-22T04:13:00,5.3,11.6,2020-02-22T12:58:00,0.9,2020-02-22T23:58:00,58.0,4.0,2020-02-22T06:17:00,2.8,9.0,9.2,357.0,2020-02-22T22:34:00,-9999.5,,,,,,,,,,,,,,,,,,,,,-9999.5,,,,0,,100.0,2020-02-22T18:35:00,,,,,,,,,,,,,,,,,,,,,,,,,,,,,,,,,,,,,,,,,,,,,,,,,,,,,,,,,,,,,,,,,,,,,
2020-02-23,707.1,708.5,2020-02-23T10:10:00,706.0,2020-02-23T15:34:00,8.5,12.6,2020-02-23T12:54:00,0.8,2020-02-23T00:16:00,33.0,2.0,2020-02-23T23:38:00,3.1,214.0,8.0,203.0,2020-02-23T14:19:00,-9999.5,,,,,,,,,,,,,,,,,,,,,-9999.5,,,,0,,100.0,2020-02-23T00:11:00,,,,,,,,,,,,,,,,,,,,,,,,,,,,,,,,,,,,,,,,,,,,,,,,,,,,,,,,,,,,,,,,,,,,,
2020-02-24,705.8,707.1,2020-02-24T09:28:00,704.7,2020-02-24T17:38:00,9.3,15.4,2020-02-24T10:45:00,4.6,2020-02-24T19:44:00,31.0,2.0,2020-02-25T00:00:00,4.3,223.0,12.5,246.0,2020-02-24T22:02:00,-9999.5,,,,,,,,,,,,,,,,,,,,,-9999.5,,,,0,,91.0,2020-02-24T16:50:00,,,,,,,,,,,,,,,,,,,,,,,,,,,,,,,,,,,,,,,,,,,,,,,,,,,,,,,,,,,,,,,,,,,,,
2020-02-25,704.7,705.8,2020-02-25T09:40:00,703.6,2020-02-25T03:46:00,4.8,12.0,2020-02-25T13:37:00,0.6,2020-02-25T04:40:00,61.0,13.0,2020-02-25T08:01:00,5.8,232.0,12.4,214.0,2020-02-25T11:54:00,-9999.5,,,,,,,,,,,,,,,,,,,,,-9999.5,,,,0,,100.0,2020-02-25T18:39:00,,,,,,,,,,,,,,,,,,,,,,,,,,,,,,,,,,,,,,,,,,,,,,,,,,,,,,,,,,,,,,,,,,,,,
2020-02-26,704.7,705.8,2020-02-26T09:34:00,703.7,2020-02-26T04:11:00,5.9,11.3,2020-02-26T13:01:00,1.1,2020-02-26T23:06:00,63.0,6.0,2020-02-26T04:41:00,3.5,223.0,10.6,215.0,2020-02-26T12:10:00,-9999.5,,,,,,,,,,,,,,,,,,,,,-9999.5,,,,0,,100.0,2020-02-26T22:50:00,,,,,,,,,,,,,,,,,,,,,,,,,,,,,,,,,,,,,,,,,,,,,,,,,,,,,,,,,,,,,,,,,,,,,
2020-02-27,704.6,705.7,2020-02-27T10:09:00,703.9,2020-02-27T03:47:00,5.4,11.6,2020-02-27T11:13:00,2.6,2020-02-27T00:14:00,67.0,12.0,2020-02-27T01:16:00,2.4,216.0,9.0,206.0,2020-02-27T13:01:00,-9999.5,,,,,,,,,,,,,,,,,,,,,-9999.5,,,,0,,100.0,2020-02-27T17:45:00,,,,,,,,,,,,,,,,,,,,,,,,,,,,,,,,,,,,,,,,,,,,,,,,,,,,,,,,,,,,,,,,,,,,,
2020-02-28,703.5,704.7,2020-02-28T09:33:00,702.7,2020-02-28T16:02:00,5.3,11.4,2020-02-28T11:24:00,1.9,2020-02-28T04:59:00,59.0,17.0,2020-02-28T07:10:00,3.6,222.0,9.2,218.0,2020-02-28T13:46:00,-9999.5,,,,,,,,,,,,,,,,,,,,,-9999.5,,,,0,,100.0,2020-02-28T18:00:00,,,,,,,,,,,,,,,,,,,,,,,,,,,,,,,,,,,,,,,,,,,,,,,,,,,,,,,,,,,,,,,,,,,,,
2020-02-29,701.7,703.1,2020-02-29T00:07:00,700.2,2020-02-29T18:27:00,4.2,11.3,2020-02-29T11:55:00,0.6,2020-02-29T05:25:00,82.0,18.0,2020-02-29T03:00:00,5.7,221.0,15.9,211.0,2020-02-29T19:13:00,-9999.5,,,,,,,,,,,,,,,,,,,,,-9999.5,,,,0,,100.0,2020-02-29T20:15:00,,,,,,,,,,,,,,,,,,,,,,,,,,,,,,,,,,,,,,,,,,,,,,,,,,,,,,,,,,,,,,,,,,,,,
2020-03-01,701.2,702.4,2020-03-01T09:35:00,699.8,2020-03-01T04:20:00,3.5,10.2,2020-03-01T12:22:00,0.4,2020-03-01T05:36:00,87.0,52.0,2020-03-01T08:23:00,6.0,221.0,13.5,243.0,2020-03-01T17:43:00,-9999.5,,,,,,,,,,,,,,,,,,,,,-9999.5,,,,0,,100.0,2020-03-01T18:57:00,,,,,,,,,,,,,,,,,,,,,,,,,,,,,,,,,,,,,,,,,,,,,,,,,,,,,,,,,,,,,,,,,,,,,
2020-03-02,702.2,703.7,2020-03-02T22:22:00,700.3,2020-03-02T03:39:00,3.1,10.4,2020-03-02T12:07:00,1.2,2020-03-02T02:27:00,95.0,66.0,2020-03-02T12:06:00,7.1,228.0,14.8,241.0,2020-03-02T06:49:00,-9999.5,,,,,,,,,,,,,,,,,,,,,-9999.5,,,,0,,100.0,2020-03-02T08:29:00,,,,,,,,,,,,,,,,,,,,,,,,,,,,,,,,,,,,,,,,,,,,,,,,,,,,,,,,,,,,,,,,,,,,,
2020-03-03,703.2,704.9,2020-03-03T09:24:00,702.2,2020-03-03T03:58:00,5.2,13.3,2020-03-03T12:08:00,1.7,2020-03-03T23:26:00,65.0,28.0,2020-03-03T10:06:00,5.3,233.0,11.0,239.0,2020-03-03T21:13:00,-9999.5,,,,,,,,,,,,,,,,,,,,,-9999.5,,,,0,,100.0,2020-03-03T19:26:00,,,,,,,,,,,,,,,,,,,,,,,,,,,,,,,,,,,,,,,,,,,,,,,,,,,,,,,,,,,,,,,,,,,,,
2020-03-04,702.6,704.4,2020-03-04T10:11:00,701.3,2020-03-04T15:45:00,4.2,11.0,2020-03-04T11:55:00,1.4,2020-03-04T00:43:00,97.0,67.0,2020-03-04T11:55:00,5.4,229.0,13.6,212.0,2020-03-04T22:17:00,-9999.5,,,,,,,,,,,,,,,,,,,,,-9999.5,,,,0,,100.0,2020-03-04T08:12:00,,,,,,,,,,,,,,,,,,,,,,,,,,,,,,,,,,,,,,,,,,,,,,,,,,,,,,,,,,,,,,,,,,,,,
2020-03-05,701.8,703.4,2020-03-05T11:23:00,700.5,2020-03-05T15:45:00,3.3,5.1,2020-03-05T00:06:00,1.8,2020-03-05T10:17:00,100.0,99.0,2020-03-05T13:46:00,5.7,228.0,19.5,246.0,2020-03-05T11:14:00,-9999.5,,,,,,,,,,,,,,,,,,,,,-9999.5,,,,0,,100.0,2020-03-05T13:44:00,,,,,,,,,,,,,,,,,,,,,,,,,,,,,,,,,,,,,,,,,,,,,,,,,,,,,,,,,,,,,,,,,,,,,
2020-03-06,702.0,704.7,2020-03-06T11:01:00,700.6,2020-03-06T15:09:00,2.7,5.6,2020-03-06T11:00:00,1.3,2020-03-06T06:04:00,100.0,96.0,2020-03-06T11:04:00,5.3,226.0,12.9,220.0,2020-03-06T02:43:00,-9999.5,,,,,,,,,,,,,,,,,,,,,-9999.5,,,,0,,100.0,2020-03-06T11:12:00,,,,,,,,,,,,,,,,,,,,,,,,,,,,,,,,,,,,,,,,,,,,,,,,,,,,,,,,,,,,,,,,,,,,,
2020-03-07,701.4,703.3,2020-03-07T09:49:00,699.9,2020-03-07T17:28:00,3.6,5.3,2020-03-07T16:14:00,2.3,2020-03-07T02:08:00,100.0,91.0,2020-03-07T17:01:00,5.2,227.0,15.9,197.0,2020-03-07T21:01:00,-9999.5,,,,,,,,,,,,,,,,,,,,,-9999.5,,,,0,,100.0,2020-03-07T20:12:00,,,,,,,,,,,,,,,,,,,,,,,,,,,,,,,,,,,,,,,,,,,,,,,,,,,,,,,,,,,,,,,,,,,,,
2020-03-08,700.5,703.7,2020-03-08T08:58:00,699.2,2020-03-08T16:20:00,5.2,10.2,2020-03-08T13:25:00,3.1,2020-03-08T00:18:00,86.0,56.0,2020-03-08T22:07:00,5.8,221.0,15.7,230.0,2020-03-08T01:10:00,-9999.5,,,,,,,,,,,,,,,,,,,,,-9999.5,,,,0,,100.0,2020-03-08T07:42:00,,,,,,,,,,,,,,,,,,,,,,,,,,,,,,,,,,,,,,,,,,,,,,,,,,,,,,,,,,,,,,,,,,,,,
2020-03-09,698.3,700.0,2020-03-10T00:00:00,695.4,2020-03-09T15:20:00,4.6,7.1,2020-03-09T09:29:00,2.5,2020-03-09T06:03:00,90.0,55.0,2020-03-09T01:15:00,9.3,225.0,26.1,248.0,2020-03-09T14:05:00,-9999.5,,,,,,,,,,,,,,,,,,,,,-9999.5,,,,0,,100.0,2020-03-09T17:15:00,,,,,,,,,,,,,,,,,,,,,,,,,,,,,,,,,,,,,,,,,,,,,,,,,,,,,,,,,,,,,,,,,,,,,
2020-03-10,698.5,700.4,2020-03-10T22:48:00,696.7,2020-03-10T18:09:00,4.4,6.3,2020-03-10T08:33:00,2.0,2020-03-10T20:23:00,100.0,98.0,2020-03-10T07:06:00,10.0,226.0,26.3,233.0,2020-03-10T01:05:00,-9999.5,,,,,,,,,,,,,,,,,,,,,-9999.5,,,,0,,100.0,2020-03-10T14:35:00,,,,,,,,,,,,,,,,,,,,,,,,,,,,,,,,,,,,,,,,,,,,,,,,,,,,,,,,,,,,,,,,,,,,,
2020-03-11,701.4,704.0,2020-03-11T23:05:00,698.9,2020-03-11T04:17:00,2.7,4.4,2020-03-11T23:03:00,1.4,2020-03-11T10:19:00,100.0,97.0,2020-03-11T11:54:00,8.8,226.0,22.8,217.0,2020-03-11T04:59:00,-9999.5,,,,,,,,,,,,,,,,,,,,,-9999.5,,,,0,,100.0,2020-03-11T21:52:00,,,,,,,,,,,,,,,,,,,,,,,,,,,,,,,,,,,,,,,,,,,,,,,,,,,,,,,,,,,,,,,,,,,,,
2020-03-12,702.7,703.9,2020-03-12T11:01:00,700.9,2020-03-12T16:28:00,5.2,6.0,2020-03-12T17:18:00,4.0,2020-03-12T04:34:00,100.0,100.0,2020-03-12T17:26:00,7.6,224.0,23.2,214.0,2020-03-12T17:01:00,-9999.5,,,,,,,,,,,,,,,,,,,,,-9999.5,,,,0,,100.0,2020-03-12T18:17:00,,,,,,,,,,,,,,,,,,,,,,,,,,,,,,,,,,,,,,,,,,,,,,,,,,,,,,,,,,,,,,,,,,,,,
2020-03-13,703.1,704.9,2020-03-13T10:22:00,701.5,2020-03-13T04:26:00,5.4,6.5,2020-03-13T13:47:00,4.2,2020-03-13T04:16:00,100.0,99.0,2020-03-13T13:47:00,9.1,227.0,22.7,227.0,2020-03-13T01:18:00,-9999.5,,,,,,,,,,,,,,,,,,,,,-9999.5,,,,0,,100.0,2020-03-13T13:50:00,,,,,,,,,,,,,,,,,,,,,,,,,,,,,,,,,,,,,,,,,,,,,,,,,,,,,,,,,,,,,,,,,,,,,
2020-03-14,700.7,703.0,2020-03-14T00:01:00,698.2,2020-03-14T17:25:00,5.0,7.1,2020-03-14T10:53:00,2.3,2020-03-14T23:05:00,100.0,99.0,2020-03-14T15:30:00,7.2,231.0,24.1,215.0,2020-03-14T23:06:00,-9999.5,,,,,,,,,,,,,,,,,,,,,-9999.5,,,,0,,100.0,2020-03-14T06:01:00,,,,,,,,,,,,,,,,,,,,,,,,,,,,,,,,,,,,,,,,,,,,,,,,,,,,,,,,,,,,,,,,,,,,,
2020-03-15,700.1,702.1,2020-03-15T10:34:00,697.9,2020-03-15T05:02:00,1.8,6.5,2020-03-15T13:56:00,-1.6,2020-03-15T19:37:00,80.0,4.0,2020-03-15T23:59:00,7.8,229.0,22.8,209.0,2020-03-15T00:03:00,-9999.5,,,,,,,,,,,,,,,,,,,,,-9999.5,,,,0,,100.0,2020-03-15T09:22:00,,,,,,,,,,,,,,,,,,,,,,,,,,,,,,,,,,,,,,,,,,,,,,,,,,,,,,,,,,,,,,,,,,,,,
2020-03-16,702.6,704.2,2020-03-16T22:30:00,700.7,2020-03-16T02:07:00,4.4,9.3,2020-03-16T11:53:00,0.0,2020-03-16T01:16:00,43.0,2.0,2020-03-16T05:08:00,4.9,254.0,14.4,254.0,2020-03-16T02:20:00,-9999.5,,,,,,,,,,,,,,,,,,,,,-9999.5,,,,0,,98.0,2020-03-16T15:41:00,,,,,,,,,,,,,,,,,,,,,,,,,,,,,,,,,,,,,,,,,,,,,,,,,,,,,,,,,,,,,,,,,,,,,
2020-03-17,703.4,704.9,2020-03-17T09:28:00,702.1,2020-03-17T16:49:00,4.9,10.0,2020-03-17T11:06:00,2.3,2020-03-17T01:59:00,92.0,58.0,2020-03-17T01:05:00,5.3,226.0,17.1,228.0,2020-03-17T23:41:00,-9999.5,,,,,,,,,,,,,,,,,,,,,-9999.5,,,,0,,100.0,2020-03-17T05:06:00,,,,,,,,,,,,,,,,,,,,,,,,,,,,,,,,,,,,,,,,,,,,,,,,,,,,,,,,,,,,,,,,,,,,,
2020-03-18,702.2,704.9,2020-03-18T10:28:00,700.0,2020-03-18T16:03:00,5.0,5.9,2020-03-18T10:22:00,4.5,2020-03-18T17:39:00,100.0,98.0,2020-03-18T11:29:00,7.3,224.0,20.4,206.0,2020-03-18T02:14:00,-9999.5,,,,,,,,,,,,,,,,,,,,,-9999.5,,,,0,,100.0,2020-03-18T11:43:00,,,,,,,,,,,,,,,,,,,,,,,,,,,,,,,,,,,,,,,,,,,,,,,,,,,,,,,,,,,,,,,,,,,,,
2020-03-19,701.7,703.3,2020-03-19T23:19:00,700.4,2020-03-19T16:29:00,4.5,5.4,2020-03-19T00:01:00,3.8,2020-03-19T17:03:00,100.0,100.0,2020-03-19T18:36:00,6.7,224.0,19.5,175.0,2020-03-19T00:30:00,-9999.5,,,,,,,,,,,,,,,,,,,,,-9999.5,,,,0,,100.0,2020-03-19T13:10:00,,,,,,,,,,,,,,,,,,,,,,,,,,,,,,,,,,,,,,,,,,,,,,,,,,,,,,,,,,,,,,,,,,,,,
2020-03-20,702.2,704.3,2020-03-20T10:28:00,701.0,2020-03-20T17:55:00,4.5,5.8,2020-03-20T15:53:00,2.8,2020-03-20T23:32:00,99.0,79.0,2020-03-20T23:55:00,7.9,226.0,19.9,242.0,2020-03-20T14:14:00,-9999.5,,,,,,,,,,,,,,,,,,,,,-9999.5,,,,0,,100.0,2020-03-20T08:31:00,,,,,,,,,,,,,,,,,,,,,,,,,,,,,,,,,,,,,,,,,,,,,,,,,,,,,,,,,,,,,,,,,,,,,
2020-03-21,704.0,706.9,2020-03-21T07:47:00,700.7,2020-03-21T01:22:00,6.5,11.2,2020-03-21T11:42:00,1.9,2020-03-21T01:51:00,69.0,38.0,2020-03-21T13:08:00,6.9,216.0,16.4,226.0,2020-03-21T18:58:00,-9999.5,,,,,,,,,,,,,,,,,,,,,-9999.5,,,,0,,100.0,2020-03-21T23:01:00,,,,,,,,,,,,,,,,,,,,,,,,,,,,,,,,,,,,,,,,,,,,,,,,,,,,,,,,,,,,,,,,,,,,,
2020-03-22,703.8,705.1,2020-03-22T22:00:00,702.2,2020-03-22T03:48:00,6.6,8.8,2020-03-22T14:37:00,5.3,2020-03-22T06:06:00,99.0,92.0,2020-03-22T14:47:00,7.5,227.0,17.8,228.0,2020-03-22T19:01:00,-9999.5,,,,,,,,,,,,,,,,,,,,,-9999.5,,,,0,,100.0,2020-03-22T13:51:00,,,,,,,,,,,,,,,,,,,,,,,,,,,,,,,,,,,,,,,,,,,,,,,,,,,,,,,,,,,,,,,,,,,,,
2020-03-23,703.7,705.0,2020-03-23T09:29:00,702.4,2020-03-23T16:37:00,7.0,13.5,2020-03-23T12:56:00,4.8,2020-03-23T03:26:00,90.0,66.0,2020-03-23T12:56:00,5.4,225.0,13.9,238.0,2020-03-23T03:50:00,-9999.5,,,,,,,,,,,,,,,,,,,,,-9999.5,,,,0,,100.0,2020-03-23T03:26:00,,,,,,,,,,,,,,,,,,,,,,,,,,,,,,,,,,,,,,,,,,,,,,,,,,,,,,,,,,,,,,,,,,,,,
2020-03-24,703.2,704.3,2020-03-24T10:08:00,702.0,2020-03-24T03:10:00,6.1,11.4,2020-03-24T10:11:00,4.1,2020-03-24T22:57:00,95.0,72.0,2020-03-24T10:17:00,4.3,227.0,14.1,218.0,2020-03-24T02:02:00,-9999.5,,,,,,,,,,,,,,,,,,,,,-9999.5,,,,0,,100.0,2020-03-24T07:48:00,,,,,,,,,,,,,,,,,,,,,,,,,,,,,,,,,,,,,,,,,,,,,,,,,,,,,,,,,,,,,,,,,,,,,
2020-03-25,703.3,704.5,2020-03-25T09:53:00,702.6,2020-03-25T04:09:00,7.1,13.8,2020-03-25T13:18:00,3.1,2020-03-25T02:24:00,71.0,28.0,2020-03-25T05:13:00,3.3,222.0,10.6,229.0,2020-03-25T12:33:00,-9999.5,,,,,,,,,,,,,,,,,,,,,-9999.5,,,,0,,100.0,2020-03-25T02:24:00,,,,,,,,,,,,,,,,,,,,,,,,,,,,,,,,,,,,,,,,,,,,,,,,,,,,,,,,,,,,,,,,,,,,,
2020-03-26,703.7,704.9,2020-03-26T09:15:00,702.6,2020-03-26T03:19:00,6.9,13.2,2020-03-26T11:03:00,3.7,2020-03-26T05:25:00,71.0,28.0,2020-03-26T10:53:00,5.8,224.0,16.1,208.0,2020-03-26T14:30:00,-9999.5,,,,,,,,,,,,,,,,,,,,,-9999.5,,,,0,,100.0,2020-03-26T23:06:00,,,,,,,,,,,,,,,,,,,,,,,,,,,,,,,,,,,,,,,,,,,,,,,,,,,,,,,,,,,,,,,,,,,,,
2020-03-27,703.5,705.2,2020-03-27T09:56:00,702.4,2020-03-27T16:12:00,5.7,12.2,2020-03-27T12:17:00,3.1,2020-03-27T01:20:00,88.0,48.0,2020-03-27T11:59:00,5.8,225.0,13.6,225.0,2020-03-27T02:22:00,-9999.5,,,,,,,,,,,,,,,,,,,,,-9999.5,,,,0,,100.0,2020-03-27T00:41:00,,,,,,,,,,,,,,,,,,,,,,,,,,,,,,,,,,,,,,,,,,,,,,,,,,,,,,,,,,,,,,,,,,,,,
2020-03-28,700.7,702.9,2020-03-28T00:04:00,698.9,2020-03-28T16:14:00,4.3,6.7,2020-03-28T23:58:00,2.4,2020-03-28T22:23:00,93.0,22.0,2020-03-28T23:55:00,8.9,222.0,26.3,212.0,2020-03-28T08:25:00,-9999.5,,,,,,,,,,,,,,,,,,,,,-9999.5,,,,0,,100.0,2020-03-28T02:20:00,,,,,,,,,,,,,,,,,,,,,,,,,,,,,,,,,,,,,,,,,,,,,,,,,,,,,,,,,,,,,,,,,,,,,
2020-03-29,701.5,704.6,2020-03-29T07:16:00,700.0,2020-03-29T16:55:00,6.8,12.1,2020-03-29T11:36:00,2.7,2020-03-29T05:51:00,59.0,17.0,2020-03-29T02:40:00,7.8,222.0,18.6,215.0,2020-03-29T19:25:00,-9999.5,,,,,,,,,,,,,,,,,,,,,-9999.5,,,,0,,100.0,2020-03-29T22:54:00,,,,,,,,,,,,,,,,,,,,,,,,,,,,,,,,,,,,,,,,,,,,,,,,,,,,,,,,,,,,,,,,,,,,,
2020-03-30,701.9,703.6,2020-03-30T22:20:00,700.2,2020-03-30T01:55:00,5.6,7.8,2020-03-30T22:56:00,3.1,2020-03-30T04:11:00,90.0,63.0,2020-03-30T08:01:00,6.5,220.0,16.7,245.0,2020-03-30T03:36:00,-9999.5,,,,,,,,,,,,,,,,,,,,,-9999.5,,,,0,,100.0,2020-03-30T15:01:00,,,,,,,,,,,,,,,,,,,,,,,,,,,,,,,,,,,,,,,,,,,,,,,,,,,,,,,,,,,,,,,,,,,,,
2020-03-31,702.3,704.6,2020-03-31T11:05:00,700.6,2020-03-31T18:38:00,7.2,8.6,2020-03-31T12:29:00,4.5,2020-03-31T21:50:00,100.0,97.0,2020-03-31T15:56:00,7.7,223.0,19.6,220.0,2020-03-31T05:12:00,-9999.5,,,,,,,,,,,,,,,,,,,,,-9999.5,,,,0,,100.0,2020-03-31T21:33:00,,,,,,,,,,,,,,,,,,,,,,,,,,,,,,,,,,,,,,,,,,,,,,,,,,,,,,,,,,,,,,,,,,,,,
2020-04-01,703.1,705.4,2020-04-01T08:48:00,700.3,2020-04-01T00:45:00,6.7,10.4,2020-04-01T11:36:00,4.6,2020-04-01T00:52:00,99.0,87.0,2020-04-01T11:51:00,8.2,227.0,22.4,205.0,2020-04-01T05:04:00,-9999.5,,,,,,,,,,,,,,,,,,,,,-9999.5,,,,0,,100.0,2020-04-01T08:38:00,,,,,,,,,,,,,,,,,,,,,,,,,,,,,,,,,,,,,,,,,,,,,,,,,,,,,,,,,,,,,,,,,,,,,
2020-04-02,704.2,706.9,2020-04-02T11:07:00,702.1,2020-04-02T04:04:00,6.0,7.6,2020-04-02T11:21:00,4.7,2020-04-02T18:10:00,100.0,97.0,2020-04-02T11:20:00,4.8,222.0,16.4,218.0,2020-04-02T00:07:00,-9999.5,,,,,,,,,,,,,,,,,,,,,-9999.5,,,,0,,100.0,2020-04-02T11:19:00,,,,,,,,,,,,,,,,,,,,,,,,,,,,,,,,,,,,,,,,,,,,,,,,,,,,,,,,,,,,,,,,,,,,,
2020-04-03,703.9,706.1,2020-04-03T10:10:00,702.2,2020-04-03T15:15:00,6.0,7.6,2020-04-03T13:03:00,4.2,2020-04-03T23:22:00,100.0,98.0,2020-04-03T13:37:00,6.3,227.0,17.1,209.0,2020-04-03T22:51:00,-9999.5,,,,,,,,,,,,,,,,,,,,,-9999.5,,,,0,,100.0,2020-04-03T09:59:00,,,,,,,,,,,,,,,,,,,,,,,,,,,,,,,,,,,,,,,,,,,,,,,,,,,,,,,,,,,,,,,,,,,,,
2020-04-04,703.1,706.0,2020-04-04T09:52:00,701.5,2020-04-04T03:33:00,4.3,6.8,2020-04-04T10:14:00,3.0,2020-04-04T23:21:00,100.0,96.0,2020-04-04T11:41:00,6.2,228.0,16.1,231.0,2020-04-04T20:43:00,-9999.5,,,,,,,,,,,,,,,,,,,,,-9999.5,,,,0,,100.0,2020-04-04T09:04:00,,,,,,,,,,,,,,,,,,,,,,,,,,,,,,,,,,,,,,,,,,,,,,,,,,,,,,,,,,,,,,,,,,,,,
2020-04-05,702.7,705.6,2020-04-05T08:43:00,701.2,2020-04-05T16:25:00,3.8,5.1,2020-04-05T08:38:00,2.1,2020-04-05T23:16:00,100.0,81.0,2020-04-05T22:40:00,6.2,220.0,16.5,233.0,2020-04-05T01:00:00,-9999.5,,,,,,,,,,,,,,,,,,,,,-9999.5,,,,0,,100.0,2020-04-05T08:32:00,,,,,,,,,,,,,,,,,,,,,,,,,,,,,,,,,,,,,,,,,,,,,,,,,,,,,,,,,,,,,,,,,,,,,
2020-04-06,701.2,702.8,2020-04-06T10:11:00,699.4,2020-04-06T18:13:00,2.8,3.6,2020-04-06T10:51:00,1.9,2020-04-06T18:32:00,100.0,94.0,2020-04-06T18:42:00,5.9,229.0,17.5,215.0,2020-04-06T04:24:00,-9999.5,,,,,,,,,,,,,,,,,,,,,-9999.5,,,,0,,100.0,2020-04-06T10:14:00,,,,,,,,,,,,,,,,,,,,,,,,,,,,,,,,,,,,,,,,,,,,,,,,,,,,,,,,,,,,,,,,,,,,,
2020-04-07,699.7,701.3,2020-04-07T10:38:00,698.0,2020-04-07T19:07:00,2.9,4.3,2020-04-07T13:17:00,0.6,2020-04-07T04:18:00,100.0,95.0,2020-04-07T06:23:00,8.0,230.0,20.8,241.0,2020-04-07T05:05:00,-9999.5,,,,,,,,,,,,,,,,,,,,,-9999.5,,,,0,,100.0,2020-04-07T08:03:00,,,,,,,,,,,,,,,,,,,,,,,,,,,,,,,,,,,,,,,,,,,,,,,,,,,,,,,,,,,,,,,,,,,,,
2020-04-08,700.6,702.5,2020-04-08T10:12:00,698.8,2020-04-08T05:07:00,2.8,4.8,2020-04-08T10:05:00,1.5,2020-04-08T04:33:00,100.0,92.0,2020-04-08T14:27:00,6.0,228.0,15.5,221.0,2020-04-08T04:34:00,-9999.5,,,,,,,,,,,,,,,,,,,,,-9999.5,,,,0,,100.0,2020-04-08T08:28:00,,,,,,,,,,,,,,,,,,,,,,,,,,,,,,,,,,,,,,,,,,,,,,,,,,,,,,,,,,,,,,,,,,,,,
2020-04-09,702.0,704.1,2020-04-09T10:36:00,700.1,2020-04-09T02:17:00,3.0,7.3,2020-04-09T13:02:00,0.3,2020-04-09T23:19:00,98.0,74.0,2020-04-09T23:34:00,6.5,225.0,18.6,206.0,2020-04-09T01:46:00,-9999.5,,,,,,,,,,,,,,,,,,,,,-9999.5,,,,0,,100.0,2020-04-09T10:08:00,,,,,,,,,,,,,,,,,,,,,,,,,,,,,,,,,,,,,,,,,,,,,,,,,,,,,,,,,,,,,,,,,,,,,
2020-04-10,703.1,704.4,2020-04-10T09:55:00,702.0,2020-04-10T03:12:00,4.2,9.8,2020-04-10T12:38:00,0.5,2020-04-10T00:56:00,66.0,32.0,2020-04-10T22:50:00,6.0,225.0,14.9,222.0,2020-04-10T21:03:00,-9999.5,,,,,,,,,,,,,,,,,,,,,-9999.5,,,,0,,100.0,2020-04-10T19:16:00,,,,,,,,,,,,,,,,,,,,,,,,,,,,,,,,,,,,,,,,,,,,,,,,,,,,,,,,,,,,,,,,,,,,,
2020-04-11,701.4,703.1,2020-04-11T00:05:00,699.3,2020-04-11T16:59:00,4.4,7.3,2020-04-11T08:40:00,2.2,2020-04-11T12:55:00,86.0,31.0,2020-04-11T00:24:00,6.3,222.0,19.2,233.0,2020-04-11T20:07:00,-9999.5,,,,,,,,,,,,,,,,,,,,,-9999.5,,,,0,,100.0,2020-04-11T15:28:00,,,,,,,,,,,,,,,,,,,,,,,,,,,,,,,,,,,,,,,,,,,,,,,,,,,,,,,,,,,,,,,,,,,,,
2020-04-12,697.2,700.6,2020-04-12T00:02:00,692.6,2020-04-12T22:10:00,1.6,5.2,2020-04-12T00:10:00,-4.5,2020-04-12T21:22:00,93.0,14.0,2020-04-12T23:22:00,8.6,225.0,21.9,208.0,2020-04-12T11:06:00,-9999.5,,,,,,,,,,,,,,,,,,,,,-9999.5,,,,0,,100.0,2020-04-12T21:11:00,,,,,,,,,,,,,,,,,,,,,,,,,,,,,,,,,,,,,,,,,,,,,,,,,,,,,,,,,,,,,,,,,,,,,
2020-04-13,698.9,706.8,2020-04-13T06:41:00,694.9,2020-04-13T00:56:00,1.4,8.5,2020-04-13T12:51:00,-4.9,2020-04-13T01:57:00,29.0,4.0,2020-04-13T06:23:00,3.8,223.0,12.8,259.0,2020-04-13T02:26:00,-9999.5,,,,,,,,,,,,,,,,,,,,,-9999.5,,,,0,,87.0,2020-04-13T01:37:00,,,,,,,,,,,,,,,,,,,,,,,,,,,,,,,,,,,,,,,,,,,,,,,,,,,,,,,,,,,,,,,,,,,,,
2020-04-14,699.8,701.1,2020-04-14T09:54:00,699.0,2020-04-14T17:47:00,2.7,8.8,2020-04-14T10:39:00,-1.9,2020-04-14T23:55:00,28.0,3.0,2020-04-14T04:17:00,5.2,217.0,11.9,249.0,2020-04-14T04:31:00,-9999.5,,,,,,,,,,,,,,,,,,,,,-9999.5,,,,0,,93.0,2020-04-14T21:54:00,,,,,,,,,,,,,,,,,,,,,,,,,,,,,,,,,,,,,,,,,,,,,,,,,,,,,,,,,,,,,,,,,,,,,
2020-04-15,699.5,701.8,2020-04-15T10:35:00,697.0,2020-04-15T03:42:00,1.3,6.3,2020-04-15T23:15:00,-2.7,2020-04-15T01:31:00,74.0,8.0,2020-04-15T23:38:00,7.0,223.0,22.8,221.0,2020-04-15T05:12:00,-9999.5,,,,,,,,,,,,,,,,,,,,,-9999.5,,,,0,,100.0,2020-04-15T09:28:00,,,,,,,,,,,,,,,,,,,,,,,,,,,,,,,,,,,,,,,,,,,,,,,,,,,,,,,,,,,,,,,,,,,,,
2020-04-16,703.0,705.4,2020-04-16T22:00:00,699.9,2020-04-16T02:38:00,7.8,13.3,2020-04-16T12:43:00,2.4,2020-04-16T03:58:00,24.0,8.0,2020-04-16T01:10:00,3.5,215.0,15.2,297.0,2020-04-16T01:50:00,-9999.5,,,,,,,,,,,,,,,,,,,,,-9999.5,,,,0,,57.0,2020-04-16T17:21:00,,,,,,,,,,,,,,,,,,,,,,,,,,,,,,,,,,,,,,,,,,,,,,,,,,,,,,,,,,,,,,,,,,,,,
2020-04-17,704.8,706.1,2020-04-17T10:22:00,703.7,2020-04-17T03:11:00,9.6,15.9,2020-04-17T12:03:00,6.6,2020-04-17T23:40:00,36.0,15.0,2020-04-17T09:43:00,4.1,221.0,11.7,215.0,2020-04-17T13:08:00,-9999.5,,,,,,,,,,,,,,,,,,,,,-9999.5,,,,0,,81.0,2020-04-17T18:10:00,,,,,,,,,,,,,,,,,,,,,,,,,,,,,,,,,,,,,,,,,,,,,,,,,,,,,,,,,,,,,,,,,,,,,
2020-04-18,704.3,705.3,2020-04-18T10:44:00,703.3,2020-04-18T16:04:00,7.6,13.3,2020-04-18T12:18:00,4.1,2020-04-18T04:17:00,48.0,27.0,2020-04-18T02:16:00,6.0,226.0,14.3,216.0,2020-04-18T09:45:00,-9999.5,,,,,,,,,,,,,,,,,,,,,-9999.5,,,,0,,83.0,2020-04-18T23:29:00,,,,,,,,,,,,,,,,,,,,,,,,,,,,,,,,,,,,,,,,,,,,,,,,,,,,,,,,,,,,,,,,,,,,,
2020-04-19,703.6,704.7,2020-04-19T08:52:00,701.7,2020-04-19T16:25:00,7.2,11.4,2020-04-19T11:02:00,4.8,2020-04-19T20:29:00,79.0,52.0,2020-04-19T13:00:00,6.4,227.0,17.1,227.0,2020-04-19T16:31:00,-9999.5,,,,,,,,,,,,,,,,,,,,,-9999.5,,,,0,,99.0,2020-04-19T15:31:00,,,,,,,,,,,,,,,,,,,,,,,,,,,,,,,,,,,,,,,,,,,,,,,,,,,,,,,,,,,,,,,,,,,,,
2020-04-20,703.7,705.4,2020-04-20T09:52:00,702.1,2020-04-20T17:28:00,8.1,13.9,2020-04-20T12:36:00,5.9,2020-04-20T00:06:00,80.0,49.0,2020-04-20T00:39:00,6.3,225.0,18.5,209.0,2020-04-20T13:32:00,-9999.5,,,,,,,,,,,,,,,,,,,,,-9999.5,,,,0,,100.0,2020-04-20T17:26:00,,,,,,,,,,,,,,,,,,,,,,,,,,,,,,,,,,,,,,,,,,,,,,,,,,,,,,,,,,,,,,,,,,,,,
2020-04-21,703.4,706.3,2020-04-21T11:02:00,701.7,2020-04-21T02:59:00,7.2,9.3,2020-04-21T11:01:00,5.5,2020-04-21T23:56:00,100.0,90.0,2020-04-21T23:56:00,6.7,223.0,18.0,232.0,2020-04-21T03:11:00,-9999.5,,,,,,,,,,,,,,,,,,,,,-9999.5,,,,0,,100.0,2020-04-21T10:36:00,,,,,,,,,,,,,,,,,,,,,,,,,,,,,,,,,,,,,,,,,,,,,,,,,,,,,,,,,,,,,,,,,,,,,
2020-04-22,703.0,704.1,2020-04-22T09:31:00,701.7,2020-04-22T14:40:00,6.6,9.0,2020-04-22T13:31:00,4.0,2020-04-22T06:30:00,99.0,87.0,2020-04-22T00:42:00,5.8,226.0,15.0,224.0,2020-04-22T03:16:00,-9999.5,,,,,,,,,,,,,,,,,,,,,-9999.5,,,,0,,100.0,2020-04-22T08:09:00,,,,,,,,,,,,,,,,,,,,,,,,,,,,,,,,,,,,,,,,,,,,,,,,,,,,,,,,,,,,,,,,,,,,,
2020-04-23,703.1,705.5,2020-04-23T08:56:00,701.9,2020-04-23T16:59:00,6.1,7.7,2020-04-23T00:57:00,5.1,2020-04-23T06:24:00,100.0,96.0,2020-04-23T08:33:00,6.0,226.0,17.8,234.0,2020-04-23T02:00:00,-9999.5,,,,,,,,,,,,,,,,,,,,,-9999.5,,,,0,,100.0,2020-04-23T08:38:00,,,,,,,,,,,,,,,,,,,,,,,,,,,,,,,,,,,,,,,,,,,,,,,,,,,,,,,,,,,,,,,,,,,,,
2020-04-24,702.1,703.5,2020-04-24T08:51:00,700.8,2020-04-24T16:56:00,5.7,6.6,2020-04-24T10:43:00,4.9,2020-04-24T22:57:00,100.0,99.0,2020-04-24T08:47:00,7.0,223.0,17.9,217.0,2020-04-24T02:38:00,-9999.5,,,,,,,,,,,,,,,,,,,,,-9999.5,,,,0,,100.0,2020-04-24T08:52:00,,,,,,,,,,,,,,,,,,,,,,,,,,,,,,,,,,,,,,,,,,,,,,,,,,,,,,,,,,,,,,,,,,,,,
2020-04-25,702.6,704.3,2020-04-25T22:31:00,701.0,2020-04-25T04:17:00,4.9,6.0,2020-04-25T12:19:00,4.2,2020-04-25T05:49:00,100.0,95.0,2020-04-25T20:01:00,6.8,223.0,15.5,240.0,2020-04-25T01:31:00,-9999.5,,,,,,,,,,,,,,,,,,,,,-9999.5,,,,0,,100.0,2020-04-25T12:19:00,,,,,,,,,,,,,,,,,,,,,,,,,,,,,,,,,,,,,,,,,,,,,,,,,,,,,,,,,,,,,,,,,,,,,
2020-04-26,703.4,704.6,2020-04-26T09:21:00,702.6,2020-04-26T05:22:00,5.2,6.2,2020-04-26T17:14:00,4.3,2020-04-26T01:46:00,100.0,100.0,2020-04-26T21:45:00,6.5,227.0,16.0,211.0,2020-04-26T21:44:00,-9999.5,,,,,,,,,,,,,,,,,,,,,-9999.5,,,,0,,100.0,2020-04-26T11:52:00,,,,,,,,,,,,,,,,,,,,,,,,,,,,,,,,,,,,,,,,,,,,,,,,,,,,,,,,,,,,,,,,,,,,,
2020-04-27,703.3,704.9,2020-04-27T08:59:00,702.0,2020-04-27T17:23:00,5.4,6.3,2020-04-27T08:44:00,4.3,2020-04-27T23:27:00,100.0,98.0,2020-04-27T10:58:00,5.8,222.0,17.0,238.0,2020-04-27T00:15:00,-9999.5,,,,,,,,,,,,,,,,,,,,,-9999.5,,,,0,,100.0,2020-04-27T08:26:00,,,,,,,,,,,,,,,,,,,,,,,,,,,,,,,,,,,,,,,,,,,,,,,,,,,,,,,,,,,,,,,,,,,,,
2020-04-28,703.7,706.9,2020-04-28T08:44:00,702.6,2020-04-28T04:31:00,5.2,11.1,2020-04-28T11:51:00,2.9,2020-04-28T23:52:00,97.0,70.0,2020-04-28T11:31:00,3.0,218.0,10.9,196.0,2020-04-28T13:03:00,-9999.5,,,,,,,,,,,,,,,,,,,,,-9999.5,,,,0,,100.0,2020-04-28T17:49:00,,,,,,,,,,,,,,,,,,,,,,,,,,,,,,,,,,,,,,,,,,,,,,,,,,,,,,,,,,,,,,,,,,,,,
2020-04-29,703.8,705.0,2020-04-29T21:59:00,702.1,2020-04-29T03:09:00,5.1,11.1,2020-04-29T12:32:00,1.9,2020-04-29T05:23:00,80.0,32.0,2020-04-29T20:54:00,5.8,228.0,12.1,228.0,2020-04-29T01:58:00,-9999.5,,,,,,,,,,,,,,,,,,,,,-9999.5,,,,0,,100.0,2020-04-29T08:46:00,,,,,,,,,,,,,,,,,,,,,,,,,,,,,,,,,,,,,,,,,,,,,,,,,,,,,,,,,,,,,,,,,,,,,
2020-04-30,704.2,705.5,2020-04-30T08:55:00,703.3,2020-04-30T02:53:00,7.0,13.3,2020-04-30T12:22:00,2.3,2020-04-30T04:26:00,66.0,12.0,2020-04-30T08:21:00,5.3,231.0,11.4,226.0,2020-04-30T12:34:00,-9999.5,,,,,,,,,,,,,,,,,,,,,-9999.5,,,,0,,100.0,2020-04-30T04:40:00,,,,,,,,,,,,,,,,,,,,,,,,,,,,,,,,,,,,,,,,,,,,,,,,,,,,,,,,,,,,,,,,,,,,,
2020-05-01,703.3,704.7,2020-05-01T09:58:00,702.2,2020-05-01T03:23:00,8.2,13.4,2020-05-01T11:39:00,5.0,2020-05-01T00:10:00,78.0,50.0,2020-05-01T03:46:00,5.8,224.0,12.3,211.0,2020-05-01T23:33:00,-9999.5,,,,,,,,,,,,,,,,,,,,,-9999.5,,,,0,,100.0,2020-05-01T18:12:00,,,,,,,,,,,,,,,,,,,,,,,,,,,,,,,,,,,,,,,,,,,,,,,,,,,,,,,,,,,,,,,,,,,,,
2020-05-02,702.3,703.9,2020-05-02T09:43:00,701.1,2020-05-02T17:43:00,8.8,14.2,2020-05-02T11:37:00,6.3,2020-05-02T02:37:00,73.0,49.0,2020-05-02T10:03:00,6.6,219.0,14.3,205.0,2020-05-02T11:35:00,-9999.5,,,,,,,,,,,,,,,,,,,,,-9999.5,,,,0,,100.0,2020-05-02T17:43:00,,,,,,,,,,,,,,,,,,,,,,,,,,,,,,,,,,,,,,,,,,,,,,,,,,,,,,,,,,,,,,,,,,,,,
2020-05-03,702.0,703.3,2020-05-03T21:53:00,700.1,2020-05-03T15:27:00,8.1,11.8,2020-05-03T08:49:00,6.0,2020-05-03T04:11:00,78.0,52.0,2020-05-03T09:44:00,6.8,226.0,17.9,212.0,2020-05-03T17:37:00,-9999.5,,,,,,,,,,,,,,,,,,,,,-9999.5,,,,0,,100.0,2020-05-03T15:46:00,,,,,,,,,,,,,,,,,,,,,,,,,,,,,,,,,,,,,,,,,,,,,,,,,,,,,,,,,,,,,,,,,,,,,
2020-05-04,703.5,704.7,2020-05-04T10:05:00,701.9,2020-05-04T03:28:00,9.3,15.0,2020-05-04T11:22:00,6.6,2020-05-04T00:10:00,76.0,52.0,2020-05-04T23:57:00,5.1,238.0,13.8,230.0,2020-05-04T12:57:00,-9999.5,,,,,,,,,,,,,,,,,,,,,-9999.5,,,,0,,100.0,2020-05-04T18:33:00,,,,,,,,,,,,,,,,,,,,,,,,,,,,,,,,,,,,,,,,,,,,,,,,,,,,,,,,,,,,,,,,,,,,,
2020-05-05,702.9,704.1,2020-05-05T10:36:00,700.6,2020-05-05T18:53:00,9.9,14.3,2020-05-05T10:56:00,8.0,2020-05-05T00:07:00,78.0,42.0,2020-05-05T04:04:00,7.6,225.0,23.6,242.0,2020-05-05T23:29:00,-9999.5,,,,,,,,,,,,,,,,,,,,,-9999.5,,,,0,,100.0,2020-05-05T18:51:00,,,,,,,,,,,,,,,,,,,,,,,,,,,,,,,,,,,,,,,,,,,,,,,,,,,,,,,,,,,,,,,,,,,,,
2020-05-06,703.3,705.5,2020-05-06T10:40:00,701.6,2020-05-06T15:43:00,9.1,10.3,2020-05-06T12:44:00,7.0,2020-05-06T04:31:00,99.0,81.0,2020-05-06T22:36:00,6.7,225.0,20.9,241.0,2020-05-06T00:02:00,-9999.5,,,,,,,,,,,,,,,,,,,,,-9999.5,,,,0,,100.0,2020-05-06T12:57:00,,,,,,,,,,,,,,,,,,,,,,,,,,,,,,,,,,,,,,,,,,,,,,,,,,,,,,,,,,,,,,,,,,,,,
2020-05-07,702.5,704.8,2020-05-07T10:12:00,700.9,2020-05-07T04:46:00,7.8,9.1,2020-05-07T00:51:00,6.2,2020-05-07T23:40:00,99.0,90.0,2020-05-07T23:04:00,8.6,226.0,20.5,228.0,2020-05-07T18:06:00,-9999.5,,,,,,,,,,,,,,,,,,,,,-9999.5,,,,0,,100.0,2020-05-07T10:01:00,,,,,,,,,,,,,,,,,,,,,,,,,,,,,,,,,,,,,,,,,,,,,,,,,,,,,,,,,,,,,,,,,,,,,
2020-05-08,703.4,704.5,2020-05-08T10:49:00,701.7,2020-05-08T00:30:00,9.6,15.0,2020-05-08T12:12:00,6.3,2020-05-08T01:52:00,87.0,67.0,2020-05-08T12:12:00,5.2,232.0,16.5,225.0,2020-05-08T00:35:00,-9999.5,,,,,,,,,,,,,,,,,,,,,-9999.5,,,,0,,100.0,2020-05-08T22:29:00,,,,,,,,,,,,,,,,,,,,,,,,,,,,,,,,,,,,,,,,,,,,,,,,,,,,,,,,,,,,,,,,,,,,,
2020-05-09,704.0,705.0,2020-05-09T22:37:00,702.3,2020-05-09T03:00:00,11.5,15.9,2020-05-09T11:49:00,8.1,2020-05-09T00:12:00,88.0,53.0,2020-05-09T23:02:00,3.6,234.0,14.3,216.0,2020-05-09T05:42:00,-9999.5,,,,,,,,,,,,,,,,,,,,,-9999.5,,,,0,,100.0,2020-05-09T00:23:00,,,,,,,,,,,,,,,,,,,,,,,,,,,,,,,,,,,,,,,,,,,,,,,,,,,,,,,,,,,,,,,,,,,,,
2020-05-10,704.6,705.5,2020-05-10T22:50:00,703.4,2020-05-10T15:44:00,11.3,17.2,2020-05-10T12:23:00,8.7,2020-05-10T21:14:00,89.0,59.0,2020-05-10T22:09:00,3.3,230.0,9.5,209.0,2020-05-10T13:23:00,-9999.5,,,,,,,,,,,,,,,,,,,,,-9999.5,,,,0,,100.0,2020-05-10T09:24:00,,,,,,,,,,,,,,,,,,,,,,,,,,,,,,,,,,,,,,,,,,,,,,,,,,,,,,,,,,,,,,,,,,,,,
2020-05-11,703.5,705.0,2020-05-11T00:02:00,702.2,2020-05-11T15:50:00,9.4,13.3,2020-05-11T14:15:00,8.2,2020-05-11T23:58:00,98.0,78.0,2020-05-11T00:11:00,4.7,227.0,13.2,225.0,2020-05-11T16:36:00,-9999.5,,,,,,,,,,,,,,,,,,,,,-9999.5,,,,0,,100.0,2020-05-11T10:41:00,,,,,,,,,,,,,,,,,,,,,,,,,,,,,,,,,,,,,,,,,,,,,,,,,,,,,,,,,,,,,,,,,,,,,
2020-05-12,702.6,703.9,2020-05-12T22:24:00,701.1,2020-05-12T17:59:00,8.1,9.5,2020-05-12T16:40:00,7.0,2020-05-12T23:35:00,99.0,90.0,2020-05-12T19:59:00,5.3,226.0,18.1,212.0,2020-05-12T12:47:00,-9999.5,,,,,,,,,,,,,,,,,,,,,-9999.5,,,,0,,100.0,2020-05-12T09:50:00,,,,,,,,,,,,,,,,,,,,,,,,,,,,,,,,,,,,,,,,,,,,,,,,,,,,,,,,,,,,,,,,,,,,,
2020-05-13,703.9,705.9,2020-05-13T07:04:00,701.9,2020-05-13T02:55:00,8.3,13.4,2020-05-13T11:57:00,6.1,2020-05-13T02:48:00,96.0,73.0,2020-05-13T12:02:00,4.3,231.0,11.1,231.0,2020-05-13T11:00:00,-9999.5,,,,,,,,,,,,,,,,,,,,,-9999.5,,,,0,,100.0,2020-05-13T17:16:00,,,,,,,,,,,,,,,,,,,,,,,,,,,,,,,,,,,,,,,,,,,,,,,,,,,,,,,,,,,,,,,,,,,,,
2020-05-14,704.0,705.2,2020-05-14T11:11:00,703.2,2020-05-14T18:04:00,9.6,16.1,2020-05-14T13:33:00,7.7,2020-05-14T22:53:00,82.0,65.0,2020-05-14T13:55:00,4.9,227.0,10.0,223.0,2020-05-14T21:51:00,0.0,,,,,,,,,,,,,,,,,,,,,0.0,,,,0,,100.0,2020-05-14T18:36:00,,,,,,,,,,,,,,,,,,,,,,,,,,,,,,,,,,,,,,,,,,,,,,,,,,,,,,,,,,,,,,,,,,,,,
2020-05-15,703.5,704.6,2020-05-15T22:06:00,702.3,2020-05-15T03:05:00,10.4,17.0,2020-05-15T13:42:00,7.1,2020-05-15T04:21:00,83.0,46.0,2020-05-15T11:13:00,5.4,228.0,13.2,218.0,2020-05-15T10:44:00,0.0,,,,,,,,,,,,,,,,,,,,,0.0,,,,0,,100.0,2020-05-15T18:49:00,,,,,,,,,,,,,,,,,,,,,,,,,,,,,,,,,,,,,,,,,,,,,,,,,,,,,,,,,,,,,,,,,,,,,
2020-05-16,703.3,704.9,2020-05-16T09:27:00,701.9,2020-05-16T16:11:00,9.8,17.3,2020-05-16T11:12:00,7.0,2020-05-16T17:50:00,88.0,61.0,2020-05-16T11:17:00,3.6,211.0,11.5,214.0,2020-05-16T02:11:00,26.0,,,,,,,,,,,,,,,,,,,,,5.5,2020-05-16T15:00:00,,,0,,100.0,2020-05-16T15:32:00,,,,,,,,,,,,,,,,,,,,,,,,,,,,,,,,,,,,,,,,,,,,,,,,,,,,,,,,,,,,,,,,,,,,,
2020-05-17,700.2,702.3,2020-05-17T00:02:00,698.6,2020-05-17T16:22:00,9.4,13.7,2020-05-17T11:44:00,6.9,2020-05-17T23:58:00,92.0,73.0,2020-05-17T08:35:00,3.1,226.0,12.8,226.0,2020-05-17T22:52:00,0.0,,,,,,,,,,,,,,,,,,,,,0.0,,,,0,,100.0,2020-05-17T15:00:00,,,,,,,,,,,,,,,,,,,,,,,,,,,,,,,,,,,,,,,,,,,,,,,,,,,,,,,,,,,,,,,,,,,,,
2020-05-18,698.1,700.5,2020-05-18T22:38:00,696.3,2020-05-18T16:13:00,6.7,7.8,2020-05-18T05:13:00,4.7,2020-05-18T19:54:00,99.0,86.0,2020-05-18T02:06:00,8.9,225.0,24.1,243.0,2020-05-18T15:15:00,18.5,,,,,,,,,,,,,,,,,,,,,6.0,2020-05-18T19:00:00,,,0,,100.0,2020-05-18T13:43:00,,,,,,,,,,,,,,,,,,,,,,,,,,,,,,,,,,,,,,,,,,,,,,,,,,,,,,,,,,,,,,,,,,,,,
2020-05-19,699.5,701.2,2020-05-19T23:31:00,698.4,2020-05-19T00:02:00,7.0,8.0,2020-05-19T16:00:00,5.8,2020-05-19T21:21:00,100.0,98.0,2020-05-19T12:27:00,7.3,228.0,20.1,230.0,2020-05-19T00:01:00,35.0,,,,,,,,,,,,,,,,,,,,,6.0,2020-05-19T08:00:00,,,0,,100.0,2020-05-19T12:26:00,,,,,,,,,,,,,,,,,,,,,,,,,,,,,,,,,,,,,,,,,,,,,,,,,,,,,,,,,,,,,,,,,,,,,
2020-05-20,701.1,702.2,2020-05-20T08:54:00,700.1,2020-05-20T16:06:00,8.0,8.9,2020-05-20T14:47:00,6.5,2020-05-20T00:12:00,100.0,99.0,2020-05-20T11:18:00,5.4,226.0,17.0,203.0,2020-05-20T11:17:00,25.5,,,,,,,,,,,,,,,,,,,,,7.0,2020-05-20T12:00:00,,,0,,100.0,2020-05-20T11:52:00,,,,,,,,,,,,,,,,,,,,,,,,,,,,,,,,,,,,,,,,,,,,,,,,,,,,,,,,,,,,,,,,,,,,,
2020-05-21,700.3,702.0,2020-05-21T09:30:00,698.9,2020-05-21T16:37:00,8.8,9.8,2020-05-21T23:24:00,7.0,2020-05-21T05:06:00,100.0,100.0,2020-05-21T13:38:00,7.1,225.0,16.8,233.0,2020-05-21T20:27:00,85.5,,,,,,,,,,,,,,,,,,,,,13.5,2020-05-21T19:00:00,,,0,,100.0,2020-05-21T11:55:00,,,,,,,,,,,,,,,,,,,,,,,,,,,,,,,,,,,,,,,,,,,,,,,,,,,,,,,,,,,,,,,,,,,,,
2020-05-22,698.6,699.8,2020-05-22T09:02:00,697.1,2020-05-22T15:05:00,10.4,11.1,2020-05-22T08:55:00,9.5,2020-05-22T12:06:00,100.0,98.0,2020-05-22T19:04:00,7.6,223.0,23.3,235.0,2020-05-22T10:52:00,207.5,,,,,,,,,,,,,,,,,,,,,14.5,2020-05-22T02:00:00,,,0,,100.0,2020-05-22T20:31:00,,,,,,,,,,,,,,,,,,,,,,,,,,,,,,,,,,,,,,,,,,,,,,,,,,,,,,,,,,,,,,,,,,,,,
2020-05-23,699.7,701.5,2020-05-23T23:28:00,698.4,2020-05-23T03:21:00,10.4,11.6,2020-05-23T08:42:00,9.7,2020-05-23T20:52:00,100.0,100.0,2020-05-23T09:56:00,4.6,226.0,16.2,219.0,2020-05-23T08:58:00,36.5,,,,,,,,,,,,,,,,,,,,,5.5,2020-05-23T09:00:00,,,0,,100.0,2020-05-23T15:07:00,,,,,,,,,,,,,,,,,,,,,,,,,,,,,,,,,,,,,,,,,,,,,,,,,,,,,,,,,,,,,,,,,,,,,
2020-05-24,701.6,703.3,2020-05-24T10:08:00,700.4,2020-05-24T15:45:00,9.5,11.2,2020-05-24T13:00:00,8.0,2020-05-24T21:22:00,100.0,97.0,2020-05-24T12:25:00,4.7,220.0,14.4,211.0,2020-05-24T08:28:00,28.5,,,,,,,,,,,,,,,,,,,,,11.0,2020-05-24T09:00:00,,,0,,100.0,2020-05-24T12:28:00,,,,,,,,,,,,,,,,,,,,,,,,,,,,,,,,,,,,,,,,,,,,,,,,,,,,,,,,,,,,,,,,,,,,,
2020-05-25,703.3,705.5,2020-05-25T10:22:00,702.0,2020-05-25T15:24:00,8.7,10.2,2020-05-25T10:43:00,7.6,2020-05-25T02:37:00,100.0,96.0,2020-05-25T11:03:00,5.8,224.0,16.0,246.0,2020-05-25T17:45:00,1.5,,,,,,,,,,,,,,,,,,,,,0.5,2020-05-25T07:00:00,,,0,,100.0,2020-05-25T09:57:00,,,,,,,,,,,,,,,,,,,,,,,,,,,,,,,,,,,,,,,,,,,,,,,,,,,,,,,,,,,,,,,,,,,,,
2020-05-26,702.7,704.2,2020-05-26T00:45:00,701.0,2020-05-26T15:31:00,9.4,10.9,2020-05-26T12:55:00,8.3,2020-05-26T21:26:00,100.0,91.0,2020-05-26T23:51:00,7.7,223.0,23.9,210.0,2020-05-26T15:02:00,54.5,,,,,,,,,,,,,,,,,,,,,14.5,2020-05-26T15:00:00,,,0,,100.0,2020-05-26T23:46:00,,,,,,,,,,,,,,,,,,,,,,,,,,,,,,,,,,,,,,,,,,,,,,,,,,,,,,,,,,,,,,,,,,,,,
2020-05-27,702.7,704.4,2020-05-27T09:45:00,700.7,2020-05-27T12:04:00,9.7,11.1,2020-05-27T09:41:00,8.7,2020-05-27T13:05:00,100.0,85.0,2020-05-27T12:53:00,5.0,228.0,15.4,239.0,2020-05-27T22:31:00,39.0,,,,,,,,,,,,,,,,,,,,,7.0,2020-05-27T12:00:00,,,0,,100.0,2020-05-27T09:09:00,,,,,,,,,,,,,,,,,,,,,,,,,,,,,,,,,,,,,,,,,,,,,,,,,,,,,,,,,,,,,,,,,,,,,
2020-05-28,703.6,704.9,2020-05-28T13:04:00,702.1,2020-05-28T04:15:00,9.6,10.6,2020-05-28T12:18:00,8.5,2020-05-28T23:23:00,100.0,99.0,2020-05-28T13:05:00,5.7,223.0,17.7,211.0,2020-05-28T06:48:00,100.5,,,,,,,,,,,,,,,,,,,,,15.0,2020-05-28T06:00:00,,,0,,100.0,2020-05-28T13:26:00,,,,,,,,,,,,,,,,,,,,,,,,,,,,,,,,,,,,,,,,,,,,,,,,,,,,,,,,,,,,,,,,,,,,,
2020-05-29,704.6,707.3,2020-05-29T09:28:00,703.2,2020-05-29T01:50:00,9.4,13.2,2020-05-29T14:16:00,8.2,2020-05-29T01:45:00,100.0,97.0,2020-05-29T14:13:00,5.2,224.0,10.9,236.0,2020-05-29T03:25:00,5.5,,,,,,,,,,,,,,,,,,,,,3.5,2020-05-29T16:00:00,,,0,,100.0,2020-05-29T14:20:00,,,,,,,,,,,,,,,,,,,,,,,,,,,,,,,,,,,,,,,,,,,,,,,,,,,,,,,,,,,,,,,,,,,,,
2020-05-30,704.8,706.5,2020-05-30T09:12:00,703.5,2020-05-30T17:05:00,9.4,10.8,2020-05-30T13:00:00,8.3,2020-05-30T05:32:00,100.0,96.0,2020-05-30T13:00:00,8.3,223.0,19.7,235.0,2020-05-30T12:13:00,8.0,,,,,,,,,,,,,,,,,,,,,2.5,2020-05-30T13:00:00,,,0,,100.0,2020-05-30T11:41:00,,,,,,,,,,,,,,,,,,,,,,,,,,,,,,,,,,,,,,,,,,,,,,,,,,,,,,,,,,,,,,,,,,,,,
2020-05-31,705.2,707.9,2020-05-31T10:25:00,703.8,2020-05-31T16:28:00,9.7,12.0,2020-05-31T15:29:00,8.2,2020-05-31T02:33:00,100.0,95.0,2020-05-31T10:22:00,6.0,224.0,18.1,210.0,2020-05-31T00:56:00,4.0,,,,,,,,,,,,,,,,,,,,,1.5,2020-05-31T19:00:00,,,0,,100.0,2020-05-31T10:15:00,,,,,,,,,,,,,,,,,,,,,,,,,,,,,,,,,,,,,,,,,,,,,,,,,,,,,,,,,,,,,,,,,,,,,
2020-06-01,705.1,707.9,2020-06-01T08:28:00,703.8,2020-06-01T16:01:00,9.6,12.6,2020-06-01T10:38:00,8.2,2020-06-01T19:46:00,100.0,87.0,2020-06-01T10:36:00,6.1,227.0,14.6,246.0,2020-06-01T09:58:00,3.0,,,,,,,,,,,,,,,,,,,,,1.5,2020-06-01T14:00:00,,,0,,100.0,2020-06-01T08:17:00,,,,,,,,,,,,,,,,,,,,,,,,,,,,,,,,,,,,,,,,,,,,,,,,,,,,,,,,,,,,,,,,,,,,,
2020-06-02,704.5,706.9,2020-06-02T06:38:00,703.0,2020-06-02T04:05:00,10.6,15.7,2020-06-02T12:18:00,7.5,2020-06-02T05:00:00,93.0,65.0,2020-06-02T12:42:00,5.2,219.0,11.6,209.0,2020-06-02T13:18:00,1.5,,,,,,,,,,,,,,,,,,,,,1.0,2020-06-02T20:00:00,,,0,,100.0,2020-06-02T03:17:00,,,,,,,,,,,,,,,,,,,,,,,,,,,,,,,,,,,,,,,,,,,,,,,,,,,,,,,,,,,,,,,,,,,,,
2020-06-03,703.6,704.8,2020-06-03T09:12:00,701.9,2020-06-03T16:53:00,9.7,16.0,2020-06-03T13:39:00,7.1,2020-06-03T05:07:00,84.0,54.0,2020-06-03T10:37:00,7.2,222.0,14.9,189.0,2020-06-03T11:01:00,0.0,,,,,,,,,,,,,,,,,,,,,0.0,,,,0,,100.0,2020-06-03T21:02:00,,,,,,,,,,,,,,,,,,,,,,,,,,,,,,,,,,,,,,,,,,,,,,,,,,,,,,,,,,,,,,,,,,,,,
2020-06-04,703.5,704.6,2020-06-04T21:12:00,702.4,2020-06-04T02:07:00,9.5,15.6,2020-06-04T12:43:00,6.7,2020-06-04T01:14:00,83.0,59.0,2020-06-04T12:29:00,6.1,223.0,14.3,231.0,2020-06-04T13:13:00,0.0,,,,,,,,,,,,,,,,,,,,,0.0,,,,0,,100.0,2020-06-04T19:22:00,,,,,,,,,,,,,,,,,,,,,,,,,,,,,,,,,,,,,,,,,,,,,,,,,,,,,,,,,,,,,,,,,,,,,
2020-06-05,703.0,704.0,2020-06-05T22:16:00,701.2,2020-06-05T17:07:00,9.8,14.4,2020-06-05T11:17:00,7.7,2020-06-05T04:05:00,85.0,60.0,2020-06-05T02:36:00,6.9,222.0,18.4,209.0,2020-06-05T17:07:00,0.5,,,,,,,,,,,,,,,,,,,,,0.5,2020-06-05T21:00:00,,,0,,100.0,2020-06-05T15:03:00,,,,,,,,,,,,,,,,,,,,,,,,,,,,,,,,,,,,,,,,,,,,,,,,,,,,,,,,,,,,,,,,,,,,,
2020-06-06,702.2,703.8,2020-06-06T09:00:00,700.6,2020-06-06T17:58:00,9.0,10.3,2020-06-06T11:54:00,7.6,2020-06-06T23:48:00,100.0,98.0,2020-06-06T14:08:00,7.9,222.0,21.8,205.0,2020-06-06T23:00:00,21.0,,,,,,,,,,,,,,,,,,,,,8.0,2020-06-06T14:00:00,,,0,,100.0,2020-06-06T14:09:00,,,,,,,,,,,,,,,,,,,,,,,,,,,,,,,,,,,,,,,,,,,,,,,,,,,,,,,,,,,,,,,,,,,,,
2020-06-07,701.7,703.7,2020-06-07T10:01:00,700.3,2020-06-07T17:17:00,8.8,10.3,2020-06-07T10:00:00,7.5,2020-06-07T00:06:00,100.0,97.0,2020-06-07T00:15:00,7.3,222.0,18.4,220.0,2020-06-07T12:35:00,62.0,,,,,,,,,,,,,,,,,,,,,18.0,2020-06-07T17:00:00,,,0,,100.0,2020-06-07T10:00:00,,,,,,,,,,,,,,,,,,,,,,,,,,,,,,,,,,,,,,,,,,,,,,,,,,,,,,,,,,,,,,,,,,,,,
2020-06-08,701.9,703.3,2020-06-08T22:38:00,700.5,2020-06-08T01:49:00,8.4,9.5,2020-06-08T09:26:00,7.7,2020-06-08T03:27:00,100.0,99.0,2020-06-08T13:46:00,7.8,222.0,21.8,226.0,2020-06-08T17:06:00,64.5,,,,,,,,,,,,,,,,,,,,,12.5,2020-06-08T09:00:00,,,0,,100.0,2020-06-08T13:45:00,,,,,,,,,,,,,,,,,,,,,,,,,,,,,,,,,,,,,,,,,,,,,,,,,,,,,,,,,,,,,,,,,,,,,
2020-06-09,702.7,704.6,2020-06-09T11:01:00,700.3,2020-06-09T15:21:00,7.6,9.8,2020-06-09T10:57:00,5.0,2020-06-09T23:04:00,100.0,87.0,2020-06-09T23:50:00,7.7,226.0,18.1,241.0,2020-06-09T00:53:00,24.5,,,,,,,,,,,,,,,,,,,,,5.5,2020-06-09T11:00:00,,,0,,100.0,2020-06-09T11:49:00,,,,,,,,,,,,,,,,,,,,,,,,,,,,,,,,,,,,,,,,,,,,,,,,,,,,,,,,,,,,,,,,,,,,,
2020-06-10,703.9,707.0,2020-06-10T09:34:00,702.3,2020-06-10T01:58:00,8.5,14.7,2020-06-10T13:30:00,5.1,2020-06-10T01:24:00,89.0,57.0,2020-06-10T13:19:00,5.8,225.0,15.1,237.0,2020-06-10T00:46:00,0.0,,,,,,,,,,,,,,,,,,,,,0.0,,,,0,,100.0,2020-06-10T19:27:00,,,,,,,,,,,,,,,,,,,,,,,,,,,,,,,,,,,,,,,,,,,,,,,,,,,,,,,,,,,,,,,,,,,,,
2020-06-11,703.4,704.1,2020-06-11T22:02:00,702.6,2020-06-11T02:40:00,10.7,15.1,2020-06-11T14:43:00,7.3,2020-06-12T00:00:00,72.0,40.0,2020-06-11T19:04:00,4.5,221.0,11.5,229.0,2020-06-11T02:41:00,0.0,,,,,,,,,,,,,,,,,,,,,0.0,,,,0,,98.0,2020-06-11T00:05:00,,,,,,,,,,,,,,,,,,,,,,,,,,,,,,,,,,,,,,,,,,,,,,,,,,,,,,,,,,,,,,,,,,,,,
2020-06-12,703.3,704.4,2020-06-12T22:07:00,702.3,2020-06-12T15:45:00,12.6,18.3,2020-06-12T14:24:00,10.4,2020-06-12T21:44:00,71.0,44.0,2020-06-12T05:08:00,2.9,208.0,13.2,182.0,2020-06-12T22:02:00,0.5,,,,,,,,,,,,,,,,,,,,,0.5,2020-06-12T19:00:00,,,0,,100.0,2020-06-12T18:45:00,,,,,,,,,,,,,,,,,,,,,,,,,,,,,,,,,,,,,,,,,,,,,,,,,,,,,,,,,,,,,,,,,,,,,
2020-06-13,704.4,706.5,2020-06-13T22:30:00,702.5,2020-06-13T02:49:00,12.8,18.4,2020-06-13T12:35:00,10.1,2020-06-13T21:49:00,77.0,52.0,2020-06-13T02:35:00,4.4,215.0,15.5,196.0,2020-06-13T01:10:00,0.0,,,,,,,,,,,,,,,,,,,,,0.0,,,,0,,100.0,2020-06-13T18:12:00,,,,,,,,,,,,,,,,,,,,,,,,,,,,,,,,,,,,,,,,,,,,,,,,,,,,,,,,,,,,,,,,,,,,,
2020-06-14,706.4,707.8,2020-06-14T21:54:00,704.6,2020-06-14T02:31:00,12.8,18.4,2020-06-14T10:04:00,10.2,2020-06-14T23:59:00,84.0,53.0,2020-06-14T08:06:00,3.8,218.0,13.4,226.0,2020-06-14T02:26:00,1.0,,,,,,,,,,,,,,,,,,,,,0.5,2020-06-14T17:00:00,,,0,,100.0,2020-06-14T17:04:00,,,,,,,,,,,,,,,,,,,,,,,,,,,,,,,,,,,,,,,,,,,,,,,,,,,,,,,,,,,,,,,,,,,,,
2020-06-15,706.4,707.5,2020-06-15T00:01:00,705.5,2020-06-15T15:39:00,11.6,16.2,2020-06-15T11:48:00,8.6,2020-06-15T03:10:00,85.0,55.0,2020-06-15T05:11:00,4.6,218.0,10.1,212.0,2020-06-15T14:39:00,0.0,,,,,,,,,,,,,,,,,,,,,0.0,,,,0,,100.0,2020-06-15T16:07:00,,,,,,,,,,,,,,,,,,,,,,,,,,,,,,,,,,,,,,,,,,,,,,,,,,,,,,,,,,,,,,,,,,,,,
2020-06-16,704.8,706.0,2020-06-17T00:00:00,703.8,2020-06-16T15:19:00,11.8,16.6,2020-06-16T13:22:00,8.2,2020-06-16T03:51:00,78.0,36.0,2020-06-16T21:49:00,3.9,217.0,9.8,226.0,2020-06-16T13:46:00,0.0,,,,,,,,,,,,,,,,,,,,,0.0,,,,0,,100.0,2020-06-16T03:12:00,,,,,,,,,,,,,,,,,,,,,,,,,,,,,,,,,,,,,,,,,,,,,,,,,,,,,,,,,,,,,,,,,,,,,
2020-06-17,704.1,705.5,2020-06-17T21:47:00,703.1,2020-06-17T04:48:00,12.2,16.4,2020-06-17T10:34:00,9.7,2020-06-17T18:51:00,74.0,50.0,2020-06-17T23:35:00,4.0,222.0,10.6,205.0,2020-06-17T14:25:00,0.0,,,,,,,,,,,,,,,,,,,,,0.0,,,,0,,100.0,2020-06-17T16:39:00,,,,,,,,,,,,,,,,,,,,,,,,,,,,,,,,,,,,,,,,,,,,,,,,,,,,,,,,,,,,,,,,,,,,,
2020-06-18,704.2,705.0,2020-06-18T22:35:00,703.0,2020-06-18T04:14:00,12.1,16.1,2020-06-18T13:24:00,8.8,2020-06-18T19:15:00,60.0,30.0,2020-06-18T05:12:00,5.2,222.0,13.0,186.0,2020-06-18T12:50:00,0.0,,,,,,,,,,,,,,,,,,,,,0.0,,,,0,,100.0,2020-06-18T19:11:00,,,,,,,,,,,,,,,,,,,,,,,,,,,,,,,,,,,,,,,,,,,,,,,,,,,,,,,,,,,,,,,,,,,,,
2020-06-19,704.5,705.5,2020-06-19T22:11:00,703.3,2020-06-19T04:59:00,11.3,15.3,2020-06-19T11:34:00,9.1,2020-06-19T05:54:00,71.0,48.0,2020-06-20T00:00:00,4.5,229.0,11.5,208.0,2020-06-19T09:53:00,0.0,,,,,,,,,,,,,,,,,,,,,0.0,,,,0,,98.0,2020-06-19T18:10:00,,,,,,,,,,,,,,,,,,,,,,,,,,,,,,,,,,,,,,,,,,,,,,,,,,,,,,,,,,,,,,,,,,,,,
2020-06-20,703.8,704.9,2020-06-21T00:00:00,702.9,2020-06-20T18:48:00,11.4,16.3,2020-06-20T11:13:00,8.9,2020-06-20T03:27:00,72.0,44.0,2020-06-20T21:39:00,5.1,217.0,10.4,253.0,2020-06-20T11:52:00,0.0,,,,,,,,,,,,,,,,,,,,,0.0,,,,0,,100.0,2020-06-20T19:24:00,,,,,,,,,,,,,,,,,,,,,,,,,,,,,,,,,,,,,,,,,,,,,,,,,,,,,,,,,,,,,,,,,,,,,
2020-06-21,702.1,703.4,2020-06-22T00:00:00,700.8,2020-06-21T17:00:00,9.9,14.4,2020-06-21T10:11:00,7.5,2020-06-21T18:32:00,79.0,50.0,2020-06-21T05:09:00,6.2,218.0,12.3,241.0,2020-06-21T17:24:00,0.0,,,,,,,,,,,,,,,,,,,,,0.0,,,,0,,100.0,2020-06-21T15:29:00,,,,,,,,,,,,,,,,,,,,,,,,,,,,,,,,,,,,,,,,,,,,,,,,,,,,,,,,,,,,,,,,,,,,,
2020-06-22,702.7,704.5,2020-06-22T22:03:00,701.1,2020-06-22T04:40:00,10.7,15.7,2020-06-22T11:51:00,7.9,2020-06-22T04:57:00,86.0,61.0,2020-06-22T08:55:00,5.6,227.0,10.9,236.0,2020-06-22T17:45:00,0.0,,,,,,,,,,,,,,,,,,,,,0.0,,,,0,,100.0,2020-06-22T20:22:00,,,,,,,,,,,,,,,,,,,,,,,,,,,,,,,,,,,,,,,,,,,,,,,,,,,,,,,,,,,,,,,,,,,,,
2020-06-23,703.3,704.3,2020-06-23T21:55:00,702.4,2020-06-23T03:58:00,11.9,15.9,2020-06-23T12:04:00,8.8,2020-06-23T20:31:00,74.0,44.0,2020-06-23T21:39:00,4.2,224.0,9.4,219.0,2020-06-23T12:25:00,0.0,,,,,,,,,,,,,,,,,,,,,0.0,,,,0,,100.0,2020-06-23T20:31:00,,,,,,,,,,,,,,,,,,,,,,,,,,,,,,,,,,,,,,,,,,,,,,,,,,,,,,,,,,,,,,,,,,,,,
2020-06-24,703.0,703.9,2020-06-25T00:00:00,702.0,2020-06-24T16:09:00,12.5,17.3,2020-06-24T12:43:00,9.9,2020-06-24T21:18:00,69.0,41.0,2020-06-24T03:46:00,3.3,226.0,10.2,219.0,2020-06-24T12:56:00,2.0,,,,,,,,,,,,,,,,,,,,,2.0,2020-06-24T18:00:00,,,0,,100.0,2020-06-24T18:10:00,,,,,,,,,,,,,,,,,,,,,,,,,,,,,,,,,,,,,,,,,,,,,,,,,,,,,,,,,,,,,,,,,,,,,
2020-06-25,703.1,704.2,2020-06-25T22:37:00,702.3,2020-06-25T15:42:00,10.8,14.5,2020-06-25T13:05:00,8.9,2020-06-25T20:04:00,86.0,48.0,2020-06-25T03:06:00,3.7,221.0,10.6,227.0,2020-06-25T13:07:00,0.5,,,,,,,,,,,,,,,,,,,,,0.5,2020-06-25T17:00:00,,,0,,100.0,2020-06-25T19:25:00,,,,,,,,,,,,,,,,,,,,,,,,,,,,,,,,,,,,,,,,,,,,,,,,,,,,,,,,,,,,,,,,,,,,,
2020-06-26,704.3,705.8,2020-06-26T22:05:00,703.0,2020-06-26T04:26:00,9.9,15.4,2020-06-26T12:08:00,7.1,2020-06-26T05:02:00,92.0,73.0,2020-06-26T11:56:00,5.6,228.0,11.8,197.0,2020-06-26T17:16:00,1.5,,,,,,,,,,,,,,,,,,,,,0.5,2020-06-26T06:00:00,,,0,,100.0,2020-06-26T02:50:00,,,,,,,,,,,,,,,,,,,,,,,,,,,,,,,,,,,,,,,,,,,,,,,,,,,,,,,,,,,,,,,,,,,,,
2020-06-27,704.7,705.5,2020-06-27T09:40:00,703.8,2020-06-27T04:03:00,11.9,16.2,2020-06-27T13:07:00,8.5,2020-06-27T01:25:00,75.0,55.0,2020-06-27T22:00:00,3.3,219.0,8.8,216.0,2020-06-27T00:40:00,2.0,,,,,,,,,,,,,,,,,,,,,1.0,2020-06-27T17:00:00,,,0,,100.0,2020-06-27T14:19:00,,,,,,,,,,,,,,,,,,,,,,,,,,,,,,,,,,,,,,,,,,,,,,,,,,,,,,,,,,,,,,,,,,,,,
2020-06-28,704.0,704.9,2020-06-28T09:46:00,703.2,2020-06-28T17:04:00,12.4,17.5,2020-06-28T09:31:00,9.3,2020-06-28T18:43:00,78.0,43.0,2020-06-28T09:21:00,2.5,224.0,8.2,223.0,2020-06-28T12:04:00,0.0,,,,,,,,,,,,,,,,,,,,,0.0,,,,0,,100.0,2020-06-28T18:30:00,,,,,,,,,,,,,,,,,,,,,,,,,,,,,,,,,,,,,,,,,,,,,,,,,,,,,,,,,,,,,,,,,,,,,
2020-06-29,702.7,703.6,2020-06-30T00:00:00,701.9,2020-06-29T17:52:00,10.8,15.5,2020-06-29T12:31:00,8.7,2020-06-29T05:41:00,92.0,70.0,2020-06-29T06:42:00,5.9,225.0,12.8,229.0,2020-06-29T10:38:00,5.0,,,,,,,,,,,,,,,,,,,,,4.0,2020-06-29T16:00:00,,,0,,100.0,2020-06-29T17:21:00,,,,,,,,,,,,,,,,,,,,,,,,,,,,,,,,,,,,,,,,,,,,,,,,,,,,,,,,,,,,,,,,,,,,,
2020-06-30,702.3,703.5,2020-06-30T22:28:00,701.3,2020-06-30T02:48:00,11.0,15.5,2020-06-30T11:46:00,8.7,2020-06-30T04:34:00,94.0,74.0,2020-06-30T09:04:00,5.8,225.0,14.1,221.0,2020-06-30T12:04:00,1.0,,,,,,,,,,,,,,,,,,,,,1.0,2020-06-30T16:00:00,,,0,,100.0,2020-06-30T15:48:00,,,,,,,,,,,,,,,,,,,,,,,,,,,,,,,,,,,,,,,,,,,,,,,,,,,,,,,,,,,,,,,,,,,,,
2020-07-01,702.6,704.7,2020-07-01T07:46:00,701.5,2020-07-01T14:52:00,11.3,16.0,2020-07-01T13:52:00,9.4,2020-07-01T22:28:00,97.0,79.0,2020-07-01T10:12:00,5.0,226.0,10.3,241.0,2020-07-01T09:54:00,19.0,,,,,,,,,,,,,,,,,,,,,8.0,2020-07-01T18:00:00,,,0,,100.0,2020-07-01T21:55:00,,,,,,,,,,,,,,,,,,,,,,,,,,,,,,,,,,,,,,,,,,,,,,,,,,,,,,,,,,,,,,,,,,,,,
2020-07-02,703.6,705.6,2020-07-02T07:47:00,702.0,2020-07-02T05:31:00,10.7,14.9,2020-07-02T10:28:00,8.4,2020-07-02T22:32:00,93.0,72.0,2020-07-02T20:36:00,4.9,231.0,12.2,244.0,2020-07-02T00:05:00,17.0,,,,,,,,,,,,,,,,,,,,,8.5,2020-07-02T17:00:00,,,0,,100.0,2020-07-02T15:15:00,,,,,,,,,,,,,,,,,,,,,,,,,,,,,,,,,,,,,,,,,,,,,,,,,,,,,,,,,,,,,,,,,,,,,
2020-07-03,705.0,706.3,2020-07-03T22:07:00,703.8,2020-07-03T01:41:00,11.3,16.1,2020-07-03T12:10:00,8.5,2020-07-03T02:02:00,85.0,40.0,2020-07-03T07:25:00,4.4,228.0,10.9,216.0,2020-07-03T14:01:00,0.0,,,,,,,,,,,,,,,,,,,,,0.0,,,,0,,100.0,2020-07-03T17:35:00,,,,,,,,,,,,,,,,,,,,,,,,,,,,,,,,,,,,,,,,,,,,,,,,,,,,,,,,,,,,,,,,,,,,,
2020-07-04,704.9,705.8,2020-07-05T00:00:00,703.8,2020-07-04T16:20:00,11.5,17.4,2020-07-04T12:35:00,8.7,2020-07-04T04:18:00,88.0,60.0,2020-07-04T10:51:00,2.8,221.0,9.6,216.0,2020-07-04T12:43:00,15.5,,,,,,,,,,,,,,,,,,,,,10.0,2020-07-04T22:00:00,,,0,,100.0,2020-07-04T22:56:00,,,,,,,,,,,,,,,,,,,,,,,,,,,,,,,,,,,,,,,,,,,,,,,,,,,,,,,,,,,,,,,,,,,,,
2020-07-05,703.3,704.5,2020-07-05T00:30:00,702.6,2020-07-05T16:23:00,11.5,16.9,2020-07-05T12:12:00,8.9,2020-07-05T04:09:00,85.0,44.0,2020-07-05T11:39:00,3.8,218.0,9.4,214.0,2020-07-05T11:49:00,1.0,,,,,,,,,,,,,,,,,,,,,1.0,2020-07-05T18:00:00,,,0,,100.0,2020-07-05T18:53:00,,,,,,,,,,,,,,,,,,,,,,,,,,,,,,,,,,,,,,,,,,,,,,,,,,,,,,,,,,,,,,,,,,,,,
2020-07-06,703.4,705.0,2020-07-06T21:56:00,701.5,2020-07-06T04:55:00,11.1,15.0,2020-07-06T11:43:00,8.5,2020-07-06T06:27:00,94.0,68.0,2020-07-06T01:47:00,5.3,231.0,12.1,206.0,2020-07-06T08:59:00,0.5,,,,,,,,,,,,,,,,,,,,,0.5,2020-07-06T08:00:00,,,0,,100.0,2020-07-06T07:10:00,,,,,,,,,,,,,,,,,,,,,,,,,,,,,,,,,,,,,,,,,,,,,,,,,,,,,,,,,,,,,,,,,,,,,
2020-07-07,704.4,707.1,2020-07-07T08:05:00,703.6,2020-07-07T14:32:00,10.9,12.3,2020-07-07T15:00:00,9.9,2020-07-07T23:51:00,100.0,100.0,2020-07-07T12:08:00,4.8,221.0,10.5,224.0,2020-07-07T11:54:00,3.5,,,,,,,,,,,,,,,,,,,,,1.5,2020-07-07T19:00:00,,,0,,100.0,2020-07-07T15:30:00,,,,,,,,,,,,,,,,,,,,,,,,,,,,,,,,,,,,,,,,,,,,,,,,,,,,,,,,,,,,,,,,,,,,,
2020-07-08,-9999.1,705.5,2020-07-08T07:21:00,700.9,2020-07-08T23:45:00,9.7,12.5,2020-07-08T13:45:00,7.5,2020-07-08T23:58:00,100.0,93.0,2020-07-08T06:20:00,6.6,226.0,17.7,210.0,2020-07-08T22:37:00,16.5,,,,,,,,,,,,,,,,,,,,,5.5,2020-07-08T19:00:00,,,0,,100.0,2020-07-08T14:07:00,,,,,,,,,,,,,,,,,,,,,,,,,,,,,,,,,,,,,,,,,,,,,,,,,,,,,,,,,,,,,,,,,,,,,
2020-07-09,-9999.1,702.2,2020-07-09T10:09:00,699.3,2020-07-09T19:07:00,8.8,10.4,2020-07-09T14:29:00,7.0,2020-07-09T21:04:00,100.0,91.0,2020-07-09T22:07:00,8.2,225.0,17.2,228.0,2020-07-09T18:31:00,13.5,,,,,,,,,,,,,,,,,,,,,5.5,2020-07-09T17:00:00,,,0,,100.0,2020-07-09T11:05:00,,,,,,,,,,,,,,,,,,,,,,,,,,,,,,,,,,,,,,,,,,,,,,,,,,,,,,,,,,,,,,,,,,,,,
2020-07-10,-9999.1,705.6,2020-07-10T07:36:00,700.9,2020-07-10T02:32:00,10.7,16.1,2020-07-10T12:45:00,6.9,2020-07-10T00:45:00,77.0,35.0,2020-07-10T23:25:00,6.4,227.0,14.4,234.0,2020-07-10T01:40:00,0.0,,,,,,,,,,,,,,,,,,,,,0.0,,,,0,,100.0,2020-07-10T17:14:00,,,,,,,,,,,,,,,,,,,,,,,,,,,,,,,,,,,,,,,,,,,,,,,,,,,,,,,,,,,,,,,,,,,,,
2020-07-11,-9999.1,705.7,2020-07-11T22:12:00,703.6,2020-07-11T02:54:00,12.5,17.2,2020-07-11T14:00:00,8.5,2020-07-11T19:22:00,62.0,36.0,2020-07-11T02:05:00,3.7,224.0,12.1,236.0,2020-07-11T18:53:00,2.0,,,,,,,,,,,,,,,,,,,,,1.5,2020-07-11T19:00:00,,,0,,100.0,2020-07-11T18:47:00,,,,,,,,,,,,,,,,,,,,,,,,,,,,,,,,,,,,,,,,,,,,,,,,,,,,,,,,,,,,,,,,,,,,,
2020-07-12,-9999.1,705.3,2020-07-13T00:00:00,703.4,2020-07-12T15:53:00,13.4,20.5,2020-07-12T12:16:00,9.5,2020-07-12T20:15:00,61.0,39.0,2020-07-12T22:49:00,2.1,29.0,8.0,40.0,2020-07-12T19:33:00,0.0,,,,,,,,,,,,,,,,,,,,,0.0,,,,0,,100.0,2020-07-12T15:50:00,,,,,,,,,,,,,,,,,,,,,,,,,,,,,,,,,,,,,,,,,,,,,,,,,,,,,,,,,,,,,,,,,,,,,
2020-07-13,-9999.1,704.8,2020-07-13T11:00:00,703.3,2020-07-13T05:40:00,13.7,20.2,2020-07-13T11:57:00,10.5,2020-07-13T23:07:00,57.0,36.0,2020-07-13T05:22:00,3.1,37.0,9.0,34.0,2020-07-13T22:53:00,0.0,,,,,,,,,,,,,,,,,,,,,0.0,,,,0,,94.0,2020-07-13T19:10:00,,,,,,,,,,,,,,,,,,,,,,,,,,,,,,,,,,,,,,,,,,,,,,,,,,,,,,,,,,,,,,,,,,,,,
2020-07-14,-9999.1,704.0,2020-07-14T09:40:00,701.8,2020-07-14T03:29:00,14.2,20.3,2020-07-14T10:40:00,10.6,2020-07-14T00:24:00,62.0,34.0,2020-07-14T00:54:00,3.1,23.0,13.7,41.0,2020-07-14T03:29:00,0.0,,,,,,,,,,,,,,,,,,,,,0.0,,,,0,,100.0,2020-07-14T20:05:00,,,,,,,,,,,,,,,,,,,,,,,,,,,,,,,,,,,,,,,,,,,,,,,,,,,,,,,,,,,,,,,,,,,,,
2020-07-15,-9999.1,703.8,2020-07-15T21:19:00,701.3,2020-07-15T04:04:00,12.1,15.7,2020-07-15T09:52:00,10.5,2020-07-16T00:00:00,89.0,66.0,2020-07-15T04:13:00,4.0,225.0,12.8,217.0,2020-07-15T12:39:00,4.5,,,,,,,,,,,,,,,,,,,,,2.5,2020-07-15T19:00:00,,,0,,100.0,2020-07-15T13:12:00,,,,,,,,,,,,,,,,,,,,,,,,,,,,,,,,,,,,,,,,,,,,,,,,,,,,,,,,,,,,,,,,,,,,,
2020-07-16,-9999.1,704.8,2020-07-16T09:46:00,701.8,2020-07-16T03:25:00,10.9,12.7,2020-07-16T13:39:00,9.8,2020-07-16T03:04:00,100.0,91.0,2020-07-16T02:18:00,5.0,222.0,12.8,203.0,2020-07-16T12:13:00,4.5,,,,,,,,,,,,,,,,,,,,,1.0,2020-07-16T15:00:00,,,0,,100.0,2020-07-16T11:22:00,,,,,,,,,,,,,,,,,,,,,,,,,,,,,,,,,,,,,,,,,,,,,,,,,,,,,,,,,,,,,,,,,,,,,
2020-07-17,-9999.1,706.0,2020-07-17T07:14:00,701.2,2020-07-17T04:48:00,9.7,13.4,2020-07-17T15:20:00,7.4,2020-07-17T05:10:00,99.0,86.0,2020-07-17T05:12:00,5.0,225.0,11.5,200.0,2020-07-17T12:58:00,0.5,,,,,,,,,,,,,,,,,,,,,0.5,2020-07-17T17:00:00,,,0,,100.0,2020-07-17T16:11:00,,,,,,,,,,,,,,,,,,,,,,,,,,,,,,,,,,,,,,,,,,,,,,,,,,,,,,,,,,,,,,,,,,,,,
2020-07-18,-9999.1,705.2,2020-07-18T22:02:00,703.4,2020-07-18T03:42:00,11.0,16.3,2020-07-18T13:37:00,8.5,2020-07-18T04:31:00,90.0,64.0,2020-07-18T11:55:00,5.7,225.0,10.8,208.0,2020-07-18T12:26:00,0.0,,,,,,,,,,,,,,,,,,,,,0.0,,,,0,,100.0,2020-07-18T19:17:00,,,,,,,,,,,,,,,,,,,,,,,,,,,,,,,,,,,,,,,,,,,,,,,,,,,,,,,,,,,,,,,,,,,,,
2020-07-19,-9999.1,705.9,2020-07-19T23:40:00,702.9,2020-07-19T04:08:00,11.2,16.8,2020-07-19T11:22:00,8.5,2020-07-19T18:49:00,79.0,57.0,2020-07-19T21:47:00,4.4,220.0,10.9,215.0,2020-07-19T12:43:00,5.0,,,,,,,,,,,,,,,,,,,,,2.5,2020-07-19T18:00:00,,,0,,100.0,2020-07-19T16:26:00,,,,,,,,,,,,,,,,,,,,,,,,,,,,,,,,,,,,,,,,,,,,,,,,,,,,,,,,,,,,,,,,,,,,,
2020-07-20,-9999.1,706.6,2020-07-20T22:15:00,704.4,2020-07-20T16:01:00,12.1,18.8,2020-07-20T11:18:00,9.3,2020-07-20T18:54:00,80.0,61.0,2020-07-20T23:58:00,1.9,54.0,18.2,212.0,2020-07-20T17:05:00,3.5,,,,,,,,,,,,,,,,,,,,,2.0,2020-07-20T18:00:00,,,0,,100.0,2020-07-20T18:07:00,,,,,,,,,,,,,,,,,,,,,,,,,,,,,,,,,,,,,,,,,,,,,,,,,,,,,,,,,,,,,,,,,,,,,
2020-07-21,-9999.1,707.0,2020-07-21T22:00:00,705.0,2020-07-21T04:22:00,13.0,18.9,2020-07-21T13:19:00,8.3,2020-07-21T04:04:00,75.0,55.0,2020-07-21T11:27:00,1.8,216.0,6.6,209.0,2020-07-21T22:33:00,0.0,,,,,,,,,,,,,,,,,,,,,0.0,,,,0,,100.0,2020-07-21T18:43:00,,,,,,,,,,,,,,,,,,,,,,,,,,,,,,,,,,,,,,,,,,,,,,,,,,,,,,,,,,,,,,,,,,,,,
2020-07-22,-9999.1,706.7,2020-07-22T00:06:00,705.0,2020-07-22T15:43:00,13.6,19.7,2020-07-22T12:41:00,10.6,2020-07-22T02:54:00,77.0,51.0,2020-07-22T09:34:00,1.7,26.0,7.5,44.0,2020-07-22T21:02:00,0.0,,,,,,,,,,,,,,,,,,,,,0.0,,,,0,,100.0,2020-07-22T21:12:00,,,,,,,,,,,,,,,,,,,,,,,,,,,,,,,,,,,,,,,,,,,,,,,,,,,,,,,,,,,,,,,,,,,,,
2020-07-23,-9999.1,706.0,2020-07-23T21:24:00,704.6,2020-07-23T15:59:00,13.3,20.2,2020-07-23T10:38:00,10.6,2020-07-23T20:16:00,85.0,60.0,2020-07-23T08:33:00,1.9,223.0,7.9,43.0,2020-07-23T17:10:00,2.0,,,,,,,,,,,,,,,,,,,,,1.5,2020-07-23T15:00:00,,,0,,100.0,2020-07-23T14:45:00,,,,,,,,,,,,,,,,,,,,,,,,,,,,,,,,,,,,,,,,,,,,,,,,,,,,,,,,,,,,,,,,,,,,,
2020-07-24,-9999.1,705.3,2020-07-24T09:51:00,703.7,2020-07-24T17:04:00,12.8,17.2,2020-07-24T09:10:00,10.9,2020-07-24T03:49:00,84.0,59.0,2020-07-24T20:52:00,2.0,53.0,6.7,218.0,2020-07-24T12:51:00,4.5,,,,,,,,,,,,,,,,,,,,,3.5,2020-07-24T15:00:00,,,0,,100.0,2020-07-24T15:50:00,,,,,,,,,,,,,,,,,,,,,,,,,,,,,,,,,,,,,,,,,,,,,,,,,,,,,,,,,,,,,,,,,,,,,
2020-07-25,-9999.1,704.6,2020-07-25T22:18:00,702.7,2020-07-25T14:45:00,11.0,15.6,2020-07-25T13:24:00,7.8,2020-07-25T17:29:00,90.0,55.0,2020-07-25T19:22:00,3.7,231.0,14.7,236.0,2020-07-25T16:51:00,17.0,,,,,,,,,,,,,,,,,,,,,9.0,2020-07-25T17:00:00,,,0,,100.0,2020-07-25T16:46:00,,,,,,,,,,,,,,,,,,,,,,,,,,,,,,,,,,,,,,,,,,,,,,,,,,,,,,,,,,,,,,,,,,,,,
2020-07-26,-9999.1,704.5,2020-07-26T21:33:00,702.2,2020-07-26T15:08:00,11.7,16.6,2020-07-26T12:37:00,8.4,2020-07-26T21:30:00,80.0,51.0,2020-07-26T06:29:00,2.2,207.0,8.8,233.0,2020-07-26T20:49:00,8.0,,,,,,,,,,,,,,,,,,,,,6.0,2020-07-26T21:00:00,,,0,,100.0,2020-07-26T16:24:00,,,,,,,,,,,,,,,,,,,,,,,,,,,,,,,,,,,,,,,,,,,,,,,,,,,,,,,,,,,,,,,,,,,,,
2020-07-27,-9999.1,704.5,2020-07-27T22:05:00,702.3,2020-07-27T05:23:00,11.7,16.3,2020-07-27T11:35:00,9.1,2020-07-27T05:32:00,83.0,63.0,2020-07-27T19:45:00,2.0,211.0,7.4,231.0,2020-07-27T12:10:00,4.0,,,,,,,,,,,,,,,,,,,,,2.0,2020-07-27T19:00:00,,,0,,100.0,2020-07-27T15:18:00,,,,,,,,,,,,,,,,,,,,,,,,,,,,,,,,,,,,,,,,,,,,,,,,,,,,,,,,,,,,,,,,,,,,,
2020-07-28,-9999.1,704.8,2020-07-28T22:11:00,702.7,2020-07-28T16:42:00,11.4,17.6,2020-07-28T10:29:00,8.8,2020-07-28T05:18:00,91.0,63.0,2020-07-28T02:05:00,2.4,38.0,22.3,336.0,2020-07-28T17:01:00,9.5,,,,,,,,,,,,,,,,,,,,,4.0,2020-07-28T15:00:00,,,0,,100.0,2020-07-28T14:10:00,,,,,,,,,,,,,,,,,,,,,,,,,,,,,,,,,,,,,,,,,,,,,,,,,,,,,,,,,,,,,,,,,,,,,
2020-07-29,-9999.1,705.1,2020-07-29T22:34:00,702.1,2020-07-29T03:57:00,11.0,15.4,2020-07-29T09:21:00,8.7,2020-07-29T20:32:00,91.0,67.0,2020-07-29T02:30:00,2.3,32.0,14.7,121.0,2020-07-29T23:53:00,1.5,,,,,,,,,,,,,,,,,,,,,0.5,2020-07-29T03:00:00,,,0,,100.0,2020-07-29T12:38:00,,,,,,,,,,,,,,,,,,,,,,,,,,,,,,,,,,,,,,,,,,,,,,,,,,,,,,,,,,,,,,,,,,,,,
2020-07-30,-9999.1,705.3,2020-07-30T09:31:00,701.6,2020-07-30T04:19:00,10.1,12.3,2020-07-30T15:58:00,8.5,2020-07-30T05:23:00,92.0,68.0,2020-07-30T15:57:00,5.3,119.0,23.7,118.0,2020-07-30T08:11:00,9.5,,,,,,,,,,,,,,,,,,,,,4.0,2020-07-30T03:00:00,,,0,,100.0,2020-07-30T14:49:00,,,,,,,,,,,,,,,,,,,,,,,,,,,,,,,,,,,,,,,,,,,,,,,,,,,,,,,,,,,,,,,,,,,,,
2020-07-31,-9999.1,705.4,2020-07-31T11:07:00,702.6,2020-07-31T01:27:00,11.5,16.9,2020-07-31T14:17:00,9.1,2020-07-31T23:26:00,86.0,64.0,2020-07-31T13:37:00,2.4,127.0,16.5,116.0,2020-07-31T07:44:00,3.5,,,,,,,,,,,,,,,,,,,,,2.0,2020-07-31T02:00:00,,,0,,100.0,2020-07-31T08:47:00,,,,,,,,,,,,,,,,,,,,,,,,,,,,,,,,,,,,,,,,,,,,,,,,,,,,,,,,,,,,,,,,,,,,,
2020-08-01,-9999.1,705.1,2020-08-01T00:01:00,703.7,2020-08-01T04:06:00,12.0,18.1,2020-08-01T12:25:00,9.0,2020-08-01T23:37:00,76.0,54.0,2020-08-01T06:23:00,2.0,31.0,8.9,43.0,2020-08-01T22:00:00,0.0,,,,,,,,,,,,,,,,,,,,,0.0,,,,0,,100.0,2020-08-01T19:13:00,,,,,,,,,,,,,,,,,,,,,,,,,,,,,,,,,,,,,,,,,,,,,,,,,,,,,,,,,,,,,,,,,,,,,
2020-08-02,-9999.1,704.3,2020-08-03T00:00:00,701.2,2020-08-02T23:59:00,12.0,19.5,2020-08-02T12:27:00,9.2,2020-08-02T01:38:00,86.0,55.0,2020-08-02T01:57:00,2.7,36.0,12.3,34.0,2020-08-02T06:55:00,7.5,,,,,,,,,,,,,,,,,,,,,4.0,2020-08-02T18:00:00,,,0,,100.0,2020-08-02T15:51:00,,,,,,,,,,,,,,,,,,,,,,,,,,,,,,,,,,,,,,,,,,,,,,,,,,,,,,,,,,,,,,,,,,,,,
2020-08-03,-9999.1,701.2,2020-08-04T00:00:00,697.5,2020-08-03T12:10:00,10.6,11.6,2020-08-03T11:20:00,9.6,2020-08-03T00:03:00,100.0,95.0,2020-08-03T02:46:00,6.8,223.0,19.7,229.0,2020-08-03T12:22:00,43.5,,,,,,,,,,,,,,,,,,,,,4.5,2020-08-03T14:00:00,,,0,,100.0,2020-08-03T10:48:00,,,,,,,,,,,,,,,,,,,,,,,,,,,,,,,,,,,,,,,,,,,,,,,,,,,,,,,,,,,,,,,,,,,,,
2020-08-04,-9999.1,705.2,2020-08-04T23:19:00,700.0,2020-08-04T02:11:00,10.8,14.5,2020-08-04T11:04:00,9.6,2020-08-04T22:30:00,97.0,81.0,2020-08-04T15:56:00,4.3,221.0,13.0,232.0,2020-08-04T03:21:00,5.0,,,,,,,,,,,,,,,,,,,,,2.5,2020-08-04T23:59:00,,,0,,100.0,2020-08-04T09:04:00,,,,,,,,,,,,,,,,,,,,,,,,,,,,,,,,,,,,,,,,,,,,,,,,,,,,,,,,,,,,,,,,,,,,,
2020-08-05,-9999.1,707.0,2020-08-05T23:00:00,704.2,2020-08-05T03:15:00,11.9,18.3,2020-08-05T12:45:00,8.9,2020-08-05T20:27:00,84.0,63.0,2020-08-05T10:04:00,3.2,216.0,11.0,219.0,2020-08-05T01:15:00,0.5,,,,,,,,,,,,,,,,,,,,,0.5,2020-08-05T01:00:00,,,0,,100.0,2020-08-05T20:25:00,,,,,,,,,,,,,,,,,,,,,,,,,,,,,,,,,,,,,,,,,,,,,,,,,,,,,,,,,,,,,,,,,,,,,
2020-08-06,-9999.1,706.8,2020-08-06T00:04:00,704.9,2020-08-06T16:51:00,12.7,17.8,2020-08-06T10:46:00,9.8,2020-08-06T19:51:00,72.0,40.0,2020-08-06T04:43:00,1.8,169.0,7.2,36.0,2020-08-06T16:51:00,0.0,,,,,,,,,,,,,,,,,,,,,0.0,,,,0,,100.0,2020-08-06T19:49:00,,,,,,,,,,,,,,,,,,,,,,,,,,,,,,,,,,,,,,,,,,,,,,,,,,,,,,,,,,,,,,,,,,,,,
2020-08-07,-9999.1,705.7,2020-08-08T00:00:00,703.3,2020-08-07T17:39:00,11.8,16.2,2020-08-07T10:20:00,9.3,2020-08-07T22:57:00,83.0,53.0,2020-08-07T03:17:00,2.1,12.0,9.2,43.0,2020-08-07T19:59:00,0.0,,,,,,,,,,,,,,,,,,,,,0.0,,,,0,,100.0,2020-08-07T19:13:00,,,,,,,,,,,,,,,,,,,,,,,,,,,,,,,,,,,,,,,,,,,,,,,,,,,,,,,,,,,,,,,,,,,,,
2020-08-08,-9999.1,703.7,2020-08-08T00:01:00,700.9,2020-08-08T16:31:00,12.3,18.3,2020-08-08T11:04:00,9.1,2020-08-08T00:57:00,75.0,55.0,2020-08-08T04:53:00,2.4,133.0,7.8,39.0,2020-08-08T08:13:00,0.0,,,,,,,,,,,,,,,,,,,,,0.0,,,,0,,98.0,2020-08-08T14:27:00,,,,,,,,,,,,,,,,,,,,,,,,,,,,,,,,,,,,,,,,,,,,,,,,,,,,,,,,,,,,,,,,,,,,,
2020-08-09,-9999.1,702.2,2020-08-09T22:47:00,699.7,2020-08-09T05:24:00,12.3,18.4,2020-08-09T09:23:00,10.0,2020-08-09T00:21:00,72.0,29.0,2020-08-09T04:50:00,3.3,216.0,7.9,31.0,2020-08-09T05:22:00,0.0,,,,,,,,,,,,,,,,,,,,,0.0,,,,0,,100.0,2020-08-09T14:44:00,,,,,,,,,,,,,,,,,,,,,,,,,,,,,,,,,,,,,,,,,,,,,,,,,,,,,,,,,,,,,,,,,,,,,
2020-08-10,-9999.1,703.8,2020-08-10T21:41:00,701.0,2020-08-10T01:59:00,12.0,17.1,2020-08-10T11:52:00,10.0,2020-08-10T22:18:00,85.0,56.0,2020-08-10T07:09:00,3.4,214.0,17.1,178.0,2020-08-10T22:18:00,10.5,,,,,,,,,,,,,,,,,,,,,5.5,2020-08-10T17:00:00,,,0,,100.0,2020-08-10T16:36:00,,,,,,,,,,,,,,,,,,,,,,,,,,,,,,,,,,,,,,,,,,,,,,,,,,,,,,,,,,,,,,,,,,,,,
2020-08-11,-9999.1,707.2,2020-08-11T23:06:00,701.8,2020-08-11T02:16:00,10.8,12.8,2020-08-11T11:20:00,9.8,2020-08-11T17:26:00,93.0,74.0,2020-08-11T14:57:00,5.0,217.0,22.6,188.0,2020-08-11T04:22:00,0.5,,,,,,,,,,,,,,,,,,,,,0.5,2020-08-11T08:00:00,,,0,,100.0,2020-08-11T00:40:00,,,,,,,,,,,,,,,,,,,,,,,,,,,,,,,,,,,,,,,,,,,,,,,,,,,,,,,,,,,,,,,,,,,,,
2020-08-12,-9999.1,708.9,2020-08-12T21:44:00,706.0,2020-08-12T02:34:00,11.8,17.7,2020-08-12T11:57:00,9.3,2020-08-12T21:37:00,79.0,63.0,2020-08-12T19:50:00,3.5,221.0,11.4,245.0,2020-08-12T01:48:00,0.0,,,,,,,,,,,,,,,,,,,,,0.0,,,,0,,95.0,2020-08-12T17:03:00,,,,,,,,,,,,,,,,,,,,,,,,,,,,,,,,,,,,,,,,,,,,,,,,,,,,,,,,,,,,,,,,,,,,,
2020-08-13,-9999.1,708.1,2020-08-14T00:00:00,704.7,2020-08-13T17:52:00,11.9,18.8,2020-08-13T11:56:00,7.8,2020-08-13T23:02:00,77.0,47.0,2020-08-13T02:17:00,2.8,29.0,10.6,55.0,2020-08-13T21:42:00,0.0,,,,,,,,,,,,,,,,,,,,,0.0,,,,0,,100.0,2020-08-13T18:54:00,,,,,,,,,,,,,,,,,,,,,,,,,,,,,,,,,,,,,,,,,,,,,,,,,,,,,,,,,,,,,,,,,,,,,
2020-08-14,-9999.1,705.5,2020-08-14T00:04:00,702.9,2020-08-14T17:18:00,10.9,17.7,2020-08-14T13:13:00,8.2,2020-08-14T21:23:00,83.0,57.0,2020-08-14T07:07:00,2.7,40.0,10.4,24.0,2020-08-14T21:30:00,3.5,,,,,,,,,,,,,,,,,,,,,3.5,2020-08-14T19:00:00,,,0,,100.0,2020-08-14T21:51:00,,,,,,,,,,,,,,,,,,,,,,,,,,,,,,,,,,,,,,,,,,,,,,,,,,,,,,,,,,,,,,,,,,,,,
2020-08-15,-9999.1,704.9,2020-08-15T22:34:00,702.4,2020-08-15T03:27:00,10.7,15.3,2020-08-15T11:21:00,8.3,2020-08-15T05:36:00,83.0,56.0,2020-08-15T23:21:00,2.4,113.0,12.0,127.0,2020-08-15T06:19:00,6.0,,,,,,,,,,,,,,,,,,,,,5.5,2020-08-15T18:00:00,,,0,,100.0,2020-08-15T17:26:00,,,,,,,,,,,,,,,,,,,,,,,,,,,,,,,,,,,,,,,,,,,,,,,,,,,,,,,,,,,,,,,,,,,,,
2020-08-16,-9999.1,704.9,2020-08-16T21:56:00,703.0,2020-08-16T17:25:00,10.9,16.8,2020-08-16T10:43:00,8.0,2020-08-16T20:39:00,86.0,67.0,2020-08-16T07:50:00,3.0,35.0,11.2,39.0,2020-08-16T19:07:00,0.0,,,,,,,,,,,,,,,,,,,,,0.0,,,,0,,100.0,2020-08-16T19:38:00,,,,,,,,,,,,,,,,,,,,,,,,,,,,,,,,,,,,,,,,,,,,,,,,,,,,,,,,,,,,,,,,,,,,,
2020-08-17,-9999.1,704.7,2020-08-17T21:44:00,702.4,2020-08-17T04:57:00,10.1,14.3,2020-08-17T13:00:00,8.3,2020-08-17T01:28:00,94.0,71.0,2020-08-17T00:03:00,4.1,96.0,16.3,123.0,2020-08-17T19:42:00,1.0,,,,,,,,,,,,,,,,,,,,,0.5,2020-08-17T16:00:00,,,0,,100.0,2020-08-17T10:52:00,,,,,,,,,,,,,,,,,,,,,,,,,,,,,,,,,,,,,,,,,,,,,,,,,,,,,,,,,,,,,,,,,,,,,
2020-08-18,-9999.1,705.2,2020-08-18T22:23:00,703.2,2020-08-18T02:46:00,11.7,17.1,2020-08-18T13:03:00,8.4,2020-08-18T05:09:00,82.0,49.0,2020-08-18T10:47:00,3.1,30.0,15.1,157.0,2020-08-18T00:38:00,3.5,,,,,,,,,,,,,,,,,,,,,2.5,2020-08-18T08:00:00,,,0,,100.0,2020-08-18T19:05:00,,,,,,,,,,,,,,,,,,,,,,,,,,,,,,,,,,,,,,,,,,,,,,,,,,,,,,,,,,,,,,,,,,,,,
2020-08-19,-9999.1,704.9,2020-08-19T23:14:00,703.3,2020-08-19T15:44:00,12.4,17.9,2020-08-19T10:39:00,9.5,2020-08-19T23:14:00,80.0,50.0,2020-08-19T21:36:00,2.2,41.0,6.9,113.0,2020-08-19T08:47:00,0.0,,,,,,,,,,,,,,,,,,,,,0.0,,,,0,,100.0,2020-08-19T19:19:00,,,,,,,,,,,,,,,,,,,,,,,,,,,,,,,,,,,,,,,,,,,,,,,,,,,,,,,,,,,,,,,,,,,,,
2020-08-20,-9999.1,705.1,2020-08-20T23:16:00,702.9,2020-08-20T18:42:00,11.9,17.6,2020-08-20T11:15:00,8.5,2020-08-20T21:16:00,77.0,52.0,2020-08-20T00:22:00,3.5,45.0,13.1,33.0,2020-08-20T08:28:00,0.0,,,,,,,,,,,,,,,,,,,,,0.0,,,,0,,100.0,2020-08-20T19:02:00,,,,,,,,,,,,,,,,,,,,,,,,,,,,,,,,,,,,,,,,,,,,,,,,,,,,,,,,,,,,,,,,,,,,,
2020-08-21,-9999.1,705.1,2020-08-21T00:17:00,700.7,2020-08-21T18:26:00,10.3,16.0,2020-08-21T10:45:00,8.3,2020-08-21T04:26:00,95.0,70.0,2020-08-21T00:01:00,4.7,41.0,18.2,18.0,2020-08-21T18:47:00,1.5,,,,,,,,,,,,,,,,,,,,,0.5,2020-08-21T13:00:00,,,0,,100.0,2020-08-21T13:09:00,,,,,,,,,,,,,,,,,,,,,,,,,,,,,,,,,,,,,,,,,,,,,,,,,,,,,,,,,,,,,,,,,,,,,
2020-08-22,-9999.1,703.4,2020-08-22T08:31:00,698.4,2020-08-22T15:36:00,10.8,14.1,2020-08-22T09:28:00,8.5,2020-08-23T00:00:00,100.0,97.0,2020-08-22T10:00:00,2.6,50.0,11.3,45.0,2020-08-22T00:14:00,33.5,,,,,,,,,,,,,,,,,,,,,6.0,2020-08-22T14:00:00,,,0,,100.0,2020-08-22T08:53:00,,,,,,,,,,,,,,,,,,,,,,,,,,,,,,,,,,,,,,,,,,,,,,,,,,,,,,,,,,,,,,,,,,,,,
2020-08-23,-9999.1,702.9,2020-08-23T10:33:00,700.0,2020-08-23T04:01:00,10.0,13.0,2020-08-23T13:25:00,6.8,2020-08-23T19:00:00,97.0,57.0,2020-08-23T19:07:00,4.2,229.0,14.9,235.0,2020-08-23T06:40:00,5.0,,,,,,,,,,,,,,,,,,,,,1.5,2020-08-23T06:00:00,,,0,,100.0,2020-08-23T11:13:00,,,,,,,,,,,,,,,,,,,,,,,,,,,,,,,,,,,,,,,,,,,,,,,,,,,,,,,,,,,,,,,,,,,,,
2020-08-24,-9999.1,701.7,2020-08-24T00:23:00,699.8,2020-08-24T16:07:00,10.9,14.9,2020-08-24T09:05:00,7.7,2020-08-24T04:04:00,91.0,63.0,2020-08-24T09:06:00,2.6,223.0,8.1,294.0,2020-08-24T04:58:00,0.0,,,,,,,,,,,,,,,,,,,,,0.0,,,,0,,100.0,2020-08-24T19:55:00,,,,,,,,,,,,,,,,,,,,,,,,,,,,,,,,,,,,,,,,,,,,,,,,,,,,,,,,,,,,,,,,,,,,,
2020-08-25,-9999.1,701.1,2020-08-25T21:28:00,699.3,2020-08-25T04:28:00,10.8,15.6,2020-08-25T12:48:00,8.8,2020-08-25T23:50:00,90.0,55.0,2020-08-25T05:59:00,4.1,227.0,8.6,210.0,2020-08-25T12:34:00,0.0,,,,,,,,,,,,,,,,,,,,,0.0,,,,0,,100.0,2020-08-25T14:49:00,,,,,,,,,,,,,,,,,,,,,,,,,,,,,,,,,,,,,,,,,,,,,,,,,,,,,,,,,,,,,,,,,,,,,
2020-08-26,-9999.1,702.3,2020-08-26T09:59:00,698.4,2020-08-26T15:51:00,9.7,11.7,2020-08-26T12:48:00,8.4,2020-08-26T03:07:00,100.0,91.0,2020-08-26T03:58:00,5.6,226.0,13.6,210.0,2020-08-26T15:51:00,16.0,,,,,,,,,,,,,,,,,,,,,9.5,2020-08-26T16:00:00,,,0,,100.0,2020-08-26T12:54:00,,,,,,,,,,,,,,,,,,,,,,,,,,,,,,,,,,,,,,,,,,,,,,,,,,,,,,,,,,,,,,,,,,,,,
2020-08-27,-9999.1,701.7,2020-08-27T08:11:00,698.1,2020-08-27T18:16:00,10.4,15.0,2020-08-27T11:38:00,8.7,2020-08-27T22:40:00,100.0,85.0,2020-08-27T11:46:00,5.6,221.0,19.9,222.0,2020-08-27T21:17:00,17.5,,,,,,,,,,,,,,,,,,,,,6.0,2020-08-27T22:00:00,,,0,,100.0,2020-08-27T09:13:00,,,,,,,,,,,,,,,,,,,,,,,,,,,,,,,,,,,,,,,,,,,,,,,,,,,,,,,,,,,,,,,,,,,,,
2020-08-28,-9999.1,702.2,2020-08-28T11:33:00,697.6,2020-08-28T03:39:00,10.2,12.8,2020-08-28T15:38:00,8.7,2020-08-28T01:41:00,98.0,88.0,2020-08-28T21:50:00,6.2,223.0,21.3,238.0,2020-08-28T05:42:00,0.5,,,,,,,,,,,,,,,,,,,,,0.5,2020-08-28T10:00:00,,,0,,100.0,2020-08-28T12:45:00,,,,,,,,,,,,,,,,,,,,,,,,,,,,,,,,,,,,,,,,,,,,,,,,,,,,,,,,,,,,,,,,,,,,,
2020-08-29,-9999.1,702.7,2020-08-29T22:54:00,699.9,2020-08-29T03:09:00,11.7,16.7,2020-08-29T10:10:00,9.0,2020-08-29T00:20:00,88.0,46.0,2020-08-29T23:05:00,3.5,226.0,11.6,50.0,2020-08-29T19:36:00,29.0,,,,,,,,,,,,,,,,,,,,,18.0,2020-08-29T14:00:00,,,0,,100.0,2020-08-29T13:49:00,,,,,,,,,,,,,,,,,,,,,,,,,,,,,,,,,,,,,,,,,,,,,,,,,,,,,,,,,,,,,,,,,,,,,
2020-08-30,-9999.1,702.4,2020-08-30T11:28:00,700.3,2020-08-30T03:53:00,11.8,18.2,2020-08-30T13:17:00,8.7,2020-08-30T20:46:00,79.0,47.0,2020-08-30T01:30:00,4.3,36.0,13.3,40.0,2020-08-30T20:46:00,0.0,,,,,,,,,,,,,,,,,,,,,0.0,,,,0,,100.0,2020-08-30T19:04:00,,,,,,,,,,,,,,,,,,,,,,,,,,,,,,,,,,,,,,,,,,,,,,,,,,,,,,,,,,,,,,,,,,,,,
2020-08-31,-9999.1,701.3,2020-08-31T00:01:00,698.2,2020-08-31T16:14:00,11.4,18.1,2020-08-31T10:51:00,8.1,2020-08-31T04:02:00,79.0,54.0,2020-08-31T14:55:00,3.5,36.0,13.9,31.0,2020-08-31T22:58:00,0.0,,,,,,,,,,,,,,,,,,,,,0.0,,,,0,,99.0,2020-08-31T18:36:00,,,,,,,,,,,,,,,,,,,,,,,,,,,,,,,,,,,,,,,,,,,,,,,,,,,,,,,,,,,,,,,,,,,,,
2020-09-01,-9999.1,701.3,2020-09-01T22:18:00,697.4,2020-09-01T03:10:00,10.3,14.5,2020-09-01T09:46:00,8.2,2020-09-01T21:57:00,88.0,62.0,2020-09-01T05:01:00,2.7,46.0,12.8,40.0,2020-09-01T01:25:00,0.0,,,,,,,,,,,,,,,,,,,,,0.0,,,,0,,100.0,2020-09-01T17:50:00,,,,,,,,,,,,,,,,,,,,,,,,,,,,,,,,,,,,,,,,,,,,,,,,,,,,,,,,,,,,,,,,,,,,,
2020-09-02,-9999.1,703.5,2020-09-02T22:41:00,700.2,2020-09-02T03:14:00,10.6,15.9,2020-09-02T10:17:00,7.5,2020-09-02T04:10:00,88.0,44.0,2020-09-02T06:05:00,3.4,199.0,9.5,211.0,2020-09-02T13:50:00,2.5,,,,,,,,,,,,,,,,,,,,,2.5,2020-09-02T19:00:00,,,0,,100.0,2020-09-02T16:30:00,,,,,,,,,,,,,,,,,,,,,,,,,,,,,,,,,,,,,,,,,,,,,,,,,,,,,,,,,,,,,,,,,,,,,
2020-09-03,-9999.1,705.0,2020-09-03T20:40:00,702.2,2020-09-03T02:59:00,10.0,13.2,2020-09-03T10:21:00,8.6,2020-09-03T00:03:00,96.0,78.0,2020-09-03T19:24:00,3.6,214.0,10.4,209.0,2020-09-03T11:40:00,6.0,,,,,,,,,,,,,,,,,,,,,5.0,2020-09-03T16:00:00,,,0,,100.0,2020-09-03T12:32:00,,,,,,,,,,,,,,,,,,,,,,,,,,,,,,,,,,,,,,,,,,,,,,,,,,,,,,,,,,,,,,,,,,,,,
2020-09-04,-9999.1,704.6,2020-09-04T09:33:00,702.6,2020-09-04T18:46:00,10.7,15.9,2020-09-04T12:55:00,8.2,2020-09-04T03:15:00,88.0,30.0,2020-09-04T05:15:00,2.3,224.0,8.4,211.0,2020-09-04T13:47:00,0.5,,,,,,,,,,,,,,,,,,,,,0.5,2020-09-04T01:00:00,,,0,,100.0,2020-09-04T22:54:00,,,,,,,,,,,,,,,,,,,,,,,,,,,,,,,,,,,,,,,,,,,,,,,,,,,,,,,,,,,,,,,,,,,,,
2020-09-05,-9999.1,703.1,2020-09-06T00:00:00,698.7,2020-09-05T19:14:00,9.3,14.0,2020-09-05T11:25:00,7.3,2020-09-05T23:15:00,94.0,51.0,2020-09-05T06:13:00,2.7,244.0,13.7,312.0,2020-09-05T19:07:00,0.5,,,,,,,,,,,,,,,,,,,,,0.5,2020-09-05T04:00:00,,,0,,100.0,2020-09-05T08:10:00,,,,,,,,,,,,,,,,,,,,,,,,,,,,,,,,,,,,,,,,,,,,,,,,,,,,,,,,,,,,,,,,,,,,,
2020-09-06,-9999.1,700.3,2020-09-06T22:53:00,697.6,2020-09-06T05:40:00,8.1,11.8,2020-09-06T10:40:00,4.4,2020-09-06T18:31:00,80.0,6.0,2020-09-06T22:51:00,3.6,226.0,11.9,299.0,2020-09-06T00:10:00,0.0,,,,,,,,,,,,,,,,,,,,,0.0,,,,0,,100.0,2020-09-06T07:48:00,,,,,,,,,,,,,,,,,,,,,,,,,,,,,,,,,,,,,,,,,,,,,,,,,,,,,,,,,,,,,,,,,,,,,
2020-09-07,-9999.1,704.8,2020-09-07T23:31:00,699.4,2020-09-07T02:41:00,9.6,15.6,2020-09-07T14:06:00,5.3,2020-09-07T00:46:00,40.0,5.0,2020-09-07T03:52:00,3.6,223.0,10.4,214.0,2020-09-07T12:48:00,0.0,,,,,,,,,,,,,,,,,,,,,0.0,,,,0,,100.0,2020-09-07T19:34:00,,,,,,,,,,,,,,,,,,,,,,,,,,,,,,,,,,,,,,,,,,,,,,,,,,,,,,,,,,,,,,,,,,,,,
2020-09-08,-9999.1,706.7,2020-09-08T21:33:00,704.3,2020-09-08T03:08:00,10.9,17.8,2020-09-08T11:24:00,8.9,2020-09-08T03:29:00,86.0,46.0,2020-09-09T00:00:00,1.9,225.0,7.1,196.0,2020-09-08T13:09:00,0.0,,,,,,,,,,,,,,,,,,,,,0.0,,,,0,,100.0,2020-09-08T14:38:00,,,,,,,,,,,,,,,,,,,,,,,,,,,,,,,,,,,,,,,,,,,,,,,,,,,,,,,,,,,,,,,,,,,,,
2020-09-09,-9999.1,705.9,2020-09-09T00:05:00,702.8,2020-09-09T16:18:00,10.0,13.8,2020-09-09T09:55:00,8.4,2020-09-09T23:19:00,96.0,77.0,2020-09-09T01:44:00,3.5,232.0,8.9,261.0,2020-09-09T04:18:00,24.0,,,,,,,,,,,,,,,,,,,,,16.0,2020-09-09T15:00:00,,,0,,100.0,2020-09-09T14:07:00,,,,,,,,,,,,,,,,,,,,,,,,,,,,,,,,,,,,,,,,,,,,,,,,,,,,,,,,,,,,,,,,,,,,,
2020-09-10,-9999.1,703.4,2020-09-10T09:29:00,701.1,2020-09-10T15:11:00,10.3,14.3,2020-09-10T12:39:00,7.9,2020-09-10T04:36:00,90.0,70.0,2020-09-10T08:05:00,3.2,215.0,9.2,217.0,2020-09-10T23:57:00,9.5,,,,,,,,,,,,,,,,,,,,,8.0,2020-09-10T18:00:00,,,0,,100.0,2020-09-10T17:12:00,,,,,,,,,,,,,,,,,,,,,,,,,,,,,,,,,,,,,,,,,,,,,,,,,,,,,,,,,,,,,,,,,,,,,
2020-09-11,-9999.1,705.1,2020-09-11T23:13:00,701.9,2020-09-11T03:07:00,9.9,14.8,2020-09-11T12:26:00,7.5,2020-09-11T05:54:00,89.0,68.0,2020-09-11T11:59:00,4.0,217.0,9.7,230.0,2020-09-11T00:01:00,0.0,,,,,,,,,,,,,,,,,,,,,0.0,,,,0,,100.0,2020-09-11T17:29:00,,,,,,,,,,,,,,,,,,,,,,,,,,,,,,,,,,,,,,,,,,,,,,,,,,,,,,,,,,,,,,,,,,,,,
2020-09-12,-9999.1,706.4,2020-09-12T20:51:00,704.1,2020-09-12T03:43:00,11.0,16.8,2020-09-12T11:13:00,8.5,2020-09-12T01:41:00,84.0,64.0,2020-09-12T21:02:00,2.7,201.0,7.6,242.0,2020-09-12T05:50:00,16.0,,,,,,,,,,,,,,,,,,,,,6.5,2020-09-12T17:00:00,,,0,,100.0,2020-09-12T14:48:00,,,,,,,,,,,,,,,,,,,,,,,,,,,,,,,,,,,,,,,,,,,,,,,,,,,,,,,,,,,,,,,,,,,,,
2020-09-13,-9999.1,706.4,2020-09-13T09:50:00,704.6,2020-09-13T03:33:00,10.7,15.4,2020-09-13T10:35:00,8.3,2020-09-13T02:15:00,94.0,73.0,2020-09-13T10:54:00,3.0,235.0,8.0,242.0,2020-09-13T01:27:00,0.0,,,,,,,,,,,,,,,,,,,,,0.0,,,,0,,100.0,2020-09-13T13:54:00,,,,,,,,,,,,,,,,,,,,,,,,,,,,,,,,,,,,,,,,,,,,,,,,,,,,,,,,,,,,,,,,,,,,,
2020-09-14,-9999.1,705.9,2020-09-14T09:47:00,703.9,2020-09-14T15:36:00,11.2,16.3,2020-09-14T11:56:00,9.3,2020-09-14T19:24:00,88.0,62.0,2020-09-14T23:13:00,2.5,231.0,8.1,215.0,2020-09-14T11:58:00,0.0,,,,,,,,,,,,,,,,,,,,,0.0,,,,0,,100.0,2020-09-14T14:23:00,,,,,,,,,,,,,,,,,,,,,,,,,,,,,,,,,,,,,,,,,,,,,,,,,,,,,,,,,,,,,,,,,,,,,
2020-09-15,-9999.1,705.9,2020-09-15T20:47:00,703.9,2020-09-15T16:10:00,12.0,16.8,2020-09-15T12:20:00,9.9,2020-09-15T01:47:00,85.0,58.0,2020-09-15T05:07:00,1.4,206.0,6.9,204.0,2020-09-15T12:02:00,21.5,,,,,,,,,,,,,,,,,,,,,10.5,2020-09-15T20:00:00,,,0,,100.0,2020-09-15T19:57:00,,,,,,,,,,,,,,,,,,,,,,,,,,,,,,,,,,,,,,,,,,,,,,,,,,,,,,,,,,,,,,,,,,,,,
2020-09-16,-9999.1,706.0,2020-09-16T21:32:00,704.2,2020-09-16T04:31:00,13.1,18.1,2020-09-16T13:12:00,10.1,2020-09-16T05:20:00,70.0,44.0,2020-09-16T23:20:00,1.9,181.0,7.2,247.0,2020-09-16T12:46:00,0.5,,,,,,,,,,,,,,,,,,,,,0.5,2020-09-16T05:00:00,,,0,,100.0,2020-09-16T18:08:00,,,,,,,,,,,,,,,,,,,,,,,,,,,,,,,,,,,,,,,,,,,,,,,,,,,,,,,,,,,,,,,,,,,,,
2020-09-17,-9999.1,706.5,2020-09-17T22:52:00,704.3,2020-09-17T14:05:00,13.4,18.2,2020-09-17T11:53:00,10.0,2020-09-17T23:17:00,55.0,39.0,2020-09-17T19:20:00,3.0,175.0,12.2,175.0,2020-09-17T06:21:00,0.0,,,,,,,,,,,,,,,,,,,,,0.0,,,,0,,77.0,2020-09-17T17:06:00,,,,,,,,,,,,,,,,,,,,,,,,,,,,,,,,,,,,,,,,,,,,,,,,,,,,,,,,,,,,,,,,,,,,,
2020-09-18,-9999.1,707.5,2020-09-18T10:37:00,705.7,2020-09-18T03:16:00,12.9,19.3,2020-09-18T13:20:00,9.1,2020-09-18T20:36:00,65.0,34.0,2020-09-18T07:24:00,2.3,198.0,9.2,236.0,2020-09-18T00:31:00,0.0,,,,,,,,,,,,,,,,,,,,,0.0,,,,0,,100.0,2020-09-18T20:42:00,,,,,,,,,,,,,,,,,,,,,,,,,,,,,,,,,,,,,,,,,,,,,,,,,,,,,,,,,,,,,,,,,,,,,
2020-09-19,-9999.1,707.7,2020-09-19T08:59:00,705.7,2020-09-19T16:59:00,11.6,16.4,2020-09-19T10:23:00,9.3,2020-09-19T00:01:00,79.0,45.0,2020-09-19T04:22:00,2.1,47.0,6.1,215.0,2020-09-19T11:29:00,2.5,,,,,,,,,,,,,,,,,,,,,2.0,2020-09-19T21:00:00,,,0,,100.0,2020-09-19T23:39:00,,,,,,,,,,,,,,,,,,,,,,,,,,,,,,,,,,,,,,,,,,,,,,,,,,,,,,,,,,,,,,,,,,,,,
2020-09-20,-9999.1,706.3,2020-09-20T00:07:00,704.3,2020-09-20T16:14:00,11.0,16.9,2020-09-20T09:15:00,9.0,2020-09-20T22:08:00,94.0,70.0,2020-09-20T06:38:00,1.5,192.0,6.0,212.0,2020-09-20T11:01:00,9.0,,,,,,,,,,,,,,,,,,,,,3.5,2020-09-20T14:00:00,,,0,,100.0,2020-09-20T04:18:00,,,,,,,,,,,,,,,,,,,,,,,,,,,,,,,,,,,,,,,,,,,,,,,,,,,,,,,,,,,,,,,,,,,,,
2020-09-21,-9999.1,705.0,2020-09-21T00:01:00,703.2,2020-09-21T15:25:00,11.2,15.3,2020-09-21T14:12:00,8.3,2020-09-21T02:21:00,89.0,67.0,2020-09-21T08:16:00,1.9,212.0,6.7,272.0,2020-09-21T17:02:00,0.5,,,,,,,,,,,,,,,,,,,,,0.5,2020-09-21T03:00:00,,,0,,100.0,2020-09-21T12:49:00,,,,,,,,,,,,,,,,,,,,,,,,,,,,,,,,,,,,,,,,,,,,,,,,,,,,,,,,,,,,,,,,,,,,,
2020-09-22,-9999.1,704.6,2020-09-22T09:21:00,703.1,2020-09-22T04:04:00,10.7,14.3,2020-09-22T11:54:00,8.0,2020-09-22T04:33:00,95.0,68.0,2020-09-22T08:45:00,2.3,193.0,6.8,216.0,2020-09-22T14:06:00,0.0,,,,,,,,,,,,,,,,,,,,,0.0,,,,0,,100.0,2020-09-22T13:17:00,,,,,,,,,,,,,,,,,,,,,,,,,,,,,,,,,,,,,,,,,,,,,,,,,,,,,,,,,,,,,,,,,,,,,
2020-09-23,-9999.1,704.8,2020-09-23T21:21:00,703.0,2020-09-23T04:29:00,10.8,15.8,2020-09-23T12:19:00,8.6,2020-09-23T01:34:00,92.0,71.0,2020-09-23T03:39:00,2.6,197.0,9.5,241.0,2020-09-23T16:51:00,0.0,,,,,,,,,,,,,,,,,,,,,0.0,,,,0,,100.0,2020-09-23T18:26:00,,,,,,,,,,,,,,,,,,,,,,,,,,,,,,,,,,,,,,,,,,,,,,,,,,,,,,,,,,,,,,,,,,,,,
2020-09-24,-9999.1,704.2,2020-09-24T09:07:00,702.1,2020-09-24T23:47:00,9.7,12.1,2020-09-24T09:13:00,8.7,2020-09-24T22:05:00,100.0,89.0,2020-09-24T06:45:00,4.5,225.0,12.3,233.0,2020-09-24T23:05:00,1.0,,,,,,,,,,,,,,,,,,,,,0.5,2020-09-24T05:00:00,,,0,,100.0,2020-09-24T09:13:00,,,,,,,,,,,,,,,,,,,,,,,,,,,,,,,,,,,,,,,,,,,,,,,,,,,,,,,,,,,,,,,,,,,,,
2020-09-25,-9999.1,703.3,2020-09-25T10:22:00,700.7,2020-09-25T15:16:00,9.8,10.7,2020-09-25T11:40:00,8.9,2020-09-25T00:02:00,100.0,100.0,2020-09-25T14:06:00,5.7,223.0,16.3,207.0,2020-09-25T07:30:00,21.0,,,,,,,,,,,,,,,,,,,,,3.0,2020-09-25T14:00:00,,,0,,100.0,2020-09-25T12:11:00,,,,,,,,,,,,,,,,,,,,,,,,,,,,,,,,,,,,,,,,,,,,,,,,,,,,,,,,,,,,,,,,,,,,,
2020-09-26,-9999.1,704.9,2020-09-26T11:17:00,701.1,2020-09-26T04:34:00,9.4,13.0,2020-09-26T11:50:00,8.0,2020-09-26T22:06:00,100.0,94.0,2020-09-26T11:47:00,4.4,227.0,11.9,230.0,2020-09-26T03:32:00,0.5,,,,,,,,,,,,,,,,,,,,,0.5,2020-09-26T09:00:00,,,0,,100.0,2020-09-26T11:50:00,,,,,,,,,,,,,,,,,,,,,,,,,,,,,,,,,,,,,,,,,,,,,,,,,,,,,,,,,,,,,,,,,,,,,
2020-09-27,-9999.1,704.8,2020-09-27T11:19:00,701.4,2020-09-27T04:36:00,8.7,9.7,2020-09-27T14:44:00,7.8,2020-09-27T18:50:00,100.0,100.0,2020-09-27T07:37:00,6.3,225.0,16.9,215.0,2020-09-27T22:44:00,11.5,,,,,,,,,,,,,,,,,,,,,3.5,2020-09-27T14:00:00,,,0,,100.0,2020-09-27T11:13:00,,,,,,,,,,,,,,,,,,,,,,,,,,,,,,,,,,,,,,,,,,,,,,,,,,,,,,,,,,,,,,,,,,,,,
2020-09-28,-9999.1,704.8,2020-09-28T09:46:00,701.6,2020-09-28T16:12:00,9.3,10.1,2020-09-28T13:32:00,8.3,2020-09-28T01:27:00,100.0,100.0,2020-09-28T11:17:00,5.1,230.0,14.3,231.0,2020-09-28T00:06:00,49.5,,,,,,,,,,,,,,,,,,,,,4.5,2020-09-28T11:00:00,,,0,,100.0,2020-09-28T10:44:00,,,,,,,,,,,,,,,,,,,,,,,,,,,,,,,,,,,,,,,,,,,,,,,,,,,,,,,,,,,,,,,,,,,,,
2020-09-29,-9999.1,703.6,2020-09-29T09:38:00,698.9,2020-09-29T15:57:00,9.3,10.5,2020-09-29T11:08:00,8.3,2020-09-29T20:33:00,100.0,98.0,2020-09-29T11:09:00,5.3,226.0,14.1,209.0,2020-09-29T02:54:00,11.5,,,,,,,,,,,,,,,,,,,,,1.5,2020-09-29T01:00:00,,,0,,100.0,2020-09-29T11:08:00,,,,,,,,,,,,,,,,,,,,,,,,,,,,,,,,,,,,,,,,,,,,,,,,,,,,,,,,,,,,,,,,,,,,,
2020-09-30,-9999.1,702.6,2020-09-30T09:27:00,699.2,2020-09-30T05:36:00,9.2,10.7,2020-09-30T09:57:00,8.5,2020-09-30T06:35:00,100.0,96.0,2020-09-30T09:09:00,4.5,227.0,14.1,214.0,2020-09-30T06:41:00,10.5,,,,,,,,,,,,,,,,,,,,,2.5,2020-09-30T14:00:00,,,0,,100.0,2020-09-30T09:47:00,,,,,,,,,,,,,,,,,,,,,,,,,,,,,,,,,,,,,,,,,,,,,,,,,,,,,,,,,,,,,,,,,,,,,
2020-10-01,-9999.1,703.9,2020-10-01T07:40:00,698.6,2020-10-01T05:22:00,9.1,13.4,2020-10-01T13:44:00,5.3,2020-10-01T05:14:00,85.0,6.0,2020-10-01T23:50:00,3.4,215.0,9.2,221.0,2020-10-01T02:52:00,0.0,,,,,,,,,,,,,,,,,,,,,0.0,,,,0,,100.0,2020-10-01T09:46:00,,,,,,,,,,,,,,,,,,,,,,,,,,,,,,,,,,,,,,,,,,,,,,,,,,,,,,,,,,,,,,,,,,,,,
2020-10-02,-9999.1,704.3,2020-10-02T22:39:00,701.7,2020-10-02T02:47:00,12.9,18.2,2020-10-02T11:34:00,8.7,2020-10-02T18:34:00,35.0,3.0,2020-10-02T06:04:00,2.3,11.0,7.6,27.0,2020-10-02T20:14:00,0.0,,,,,,,,,,,,,,,,,,,,,0.0,,,,0,,98.0,2020-10-02T16:21:00,,,,,,,,,,,,,,,,,,,,,,,,,,,,,,,,,,,,,,,,,,,,,,,,,,,,,,,,,,,,,,,,,,,,,
2020-10-03,-9999.1,704.9,2020-10-03T09:56:00,702.6,2020-10-03T03:50:00,13.3,19.3,2020-10-03T11:08:00,9.8,2020-10-03T03:43:00,32.0,2.0,2020-10-03T05:53:00,3.6,26.0,8.7,33.0,2020-10-03T08:03:00,0.0,,,,,,,,,,,,,,,,,,,,,0.0,,,,0,,79.0,2020-10-03T16:58:00,,,,,,,,,,,,,,,,,,,,,,,,,,,,,,,,,,,,,,,,,,,,,,,,,,,,,,,,,,,,,,,,,,,,,
2020-10-04,-9999.1,704.5,2020-10-04T09:25:00,702.3,2020-10-04T05:18:00,12.9,19.6,2020-10-04T10:30:00,8.3,2020-10-04T22:22:00,52.0,3.0,2020-10-04T02:37:00,5.0,35.0,11.4,64.0,2020-10-04T22:05:00,0.0,,,,,,,,,,,,,,,,,,,,,0.0,,,,0,,100.0,2020-10-04T21:21:00,,,,,,,,,,,,,,,,,,,,,,,,,,,,,,,,,,,,,,,,,,,,,,,,,,,,,,,,,,,,,,,,,,,,,
2020-10-05,-9999.1,705.0,2020-10-05T21:18:00,702.0,2020-10-05T03:32:00,10.2,18.0,2020-10-05T11:53:00,7.5,2020-10-05T04:12:00,93.0,64.0,2020-10-05T14:05:00,4.8,35.0,16.6,36.0,2020-10-05T08:22:00,0.5,,,,,,,,,,,,,,,,,,,,,0.5,2020-10-05T06:00:00,,,0,,100.0,2020-10-05T07:43:00,,,,,,,,,,,,,,,,,,,,,,,,,,,,,,,,,,,,,,,,,,,,,,,,,,,,,,,,,,,,,,,,,,,,,
2020-10-06,-9999.1,705.7,2020-10-06T22:10:00,703.8,2020-10-06T04:15:00,11.2,17.4,2020-10-06T10:53:00,8.0,2020-10-06T00:49:00,82.0,45.0,2020-10-06T22:51:00,1.8,209.0,7.0,11.0,2020-10-06T00:39:00,0.0,,,,,,,,,,,,,,,,,,,,,0.0,,,,0,,100.0,2020-10-06T18:08:00,,,,,,,,,,,,,,,,,,,,,,,,,,,,,,,,,,,,,,,,,,,,,,,,,,,,,,,,,,,,,,,,,,,,,
2020-10-07,-9999.1,705.8,2020-10-07T09:37:00,703.1,2020-10-07T17:10:00,11.2,17.1,2020-10-07T11:09:00,8.3,2020-10-07T23:32:00,77.0,48.0,2020-10-07T02:05:00,4.2,40.0,10.8,40.0,2020-10-07T04:38:00,0.0,,,,,,,,,,,,,,,,,,,,,0.0,,,,0,,97.0,2020-10-07T13:02:00,,,,,,,,,,,,,,,,,,,,,,,,,,,,,,,,,,,,,,,,,,,,,,,,,,,,,,,,,,,,,,,,,,,,,
2020-10-08,-9999.1,705.4,2020-10-08T09:31:00,703.1,2020-10-08T03:38:00,12.4,18.4,2020-10-08T12:02:00,8.2,2020-10-08T00:38:00,76.0,57.0,2020-10-08T12:07:00,3.0,43.0,9.0,39.0,2020-10-08T00:04:00,0.0,,,,,,,,,,,,,,,,,,,,,0.0,,,,0,,96.0,2020-10-08T16:24:00,,,,,,,,,,,,,,,,,,,,,,,,,,,,,,,,,,,,,,,,,,,,,,,,,,,,,,,,,,,,,,,,,,,,,
2020-10-09,-9999.1,705.1,2020-10-09T09:21:00,703.2,2020-10-09T17:37:00,10.6,15.6,2020-10-09T12:15:00,5.1,2020-10-09T21:17:00,82.0,9.0,2020-10-09T23:42:00,3.4,214.0,9.7,10.0,2020-10-09T19:56:00,0.0,,,,,,,,,,,,,,,,,,,,,0.0,,,,0,,100.0,2020-10-09T20:22:00,,,,,,,,,,,,,,,,,,,,,,,,,,,,,,,,,,,,,,,,,,,,,,,,,,,,,,,,,,,,,,,,,,,,,
2020-10-10,-9999.1,704.6,2020-10-10T09:07:00,702.7,2020-10-10T03:29:00,12.5,16.9,2020-10-10T12:57:00,8.0,2020-10-10T19:51:00,58.0,7.0,2020-10-10T01:28:00,2.1,181.0,8.7,29.0,2020-10-10T20:45:00,0.0,,,,,,,,,,,,,,,,,,,,,0.0,,,,0,,100.0,2020-10-10T19:34:00,,,,,,,,,,,,,,,,,,,,,,,,,,,,,,,,,,,,,,,,,,,,,,,,,,,,,,,,,,,,,,,,,,,,,
2020-10-11,-9999.1,704.5,2020-10-11T09:18:00,702.5,2020-10-11T14:54:00,12.4,18.1,2020-10-11T11:59:00,9.1,2020-10-11T20:55:00,71.0,7.0,2020-10-11T03:23:00,2.4,33.0,8.4,47.0,2020-10-11T21:26:00,0.0,,,,,,,,,,,,,,,,,,,,,0.0,,,,0,,100.0,2020-10-11T22:06:00,,,,,,,,,,,,,,,,,,,,,,,,,,,,,,,,,,,,,,,,,,,,,,,,,,,,,,,,,,,,,,,,,,,,,
2020-10-12,-9999.1,705.0,2020-10-12T21:39:00,702.9,2020-10-12T03:35:00,11.7,18.4,2020-10-12T13:38:00,8.6,2020-10-12T05:17:00,77.0,31.0,2020-10-12T23:28:00,2.0,41.0,10.3,147.0,2020-10-12T21:57:00,0.5,,,,,,,,,,,,,,,,,,,,,0.5,2020-10-12T07:00:00,,,0,,100.0,2020-10-12T17:30:00,,,,,,,,,,,,,,,,,,,,,,,,,,,,,,,,,,,,,,,,,,,,,,,,,,,,,,,,,,,,,,,,,,,,,
2020-10-13,-9999.1,706.8,2020-10-13T21:35:00,703.7,2020-10-13T02:28:00,11.2,17.3,2020-10-13T13:09:00,7.8,2020-10-13T17:39:00,67.0,27.0,2020-10-13T03:26:00,4.3,25.0,16.4,27.0,2020-10-13T19:45:00,0.0,,,,,,,,,,,,,,,,,,,,,0.0,,,,0,,100.0,2020-10-13T22:24:00,,,,,,,,,,,,,,,,,,,,,,,,,,,,,,,,,,,,,,,,,,,,,,,,,,,,,,,,,,,,,,,,,,,,,
2020-10-14,-9999.1,709.3,2020-10-14T10:00:00,704.8,2020-10-14T17:42:00,9.4,12.7,2020-10-14T11:57:00,4.8,2020-10-14T20:07:00,89.0,34.0,2020-10-14T23:54:00,5.7,45.0,24.3,31.0,2020-10-14T17:34:00,26.0,,,,,,,,,,,,,,,,,,,,,6.5,2020-10-14T03:00:00,,,0,,100.0,2020-10-14T19:06:00,,,,,,,,,,,,,,,,,,,,,,,,,,,,,,,,,,,,,,,,,,,,,,,,,,,,,,,,,,,,,,,,,,,,,
2020-10-15,-9999.1,707.0,2020-10-15T09:21:00,703.0,2020-10-15T07:04:00,8.9,12.8,2020-10-15T11:14:00,6.1,2020-10-15T20:20:00,80.0,34.0,2020-10-15T00:19:00,7.0,37.0,22.1,5.0,2020-10-15T07:04:00,0.0,,,,,,,,,,,,,,,,,,,,,0.0,,,,0,,100.0,2020-10-15T20:10:00,,,,,,,,,,,,,,,,,,,,,,,,,,,,,,,,,,,,,,,,,,,,,,,,,,,,,,,,,,,,,,,,,,,,,
2020-10-16,-9999.1,706.3,2020-10-16T09:46:00,703.7,2020-10-16T17:56:00,9.3,14.4,2020-10-16T12:27:00,7.3,2020-10-16T01:17:00,97.0,78.0,2020-10-16T10:13:00,4.3,23.0,14.6,32.0,2020-10-16T20:12:00,0.0,,,,,,,,,,,,,,,,,,,,,0.0,,,,0,,100.0,2020-10-16T19:41:00,,,,,,,,,,,,,,,,,,,,,,,,,,,,,,,,,,,,,,,,,,,,,,,,,,,,,,,,,,,,,,,,,,,,,
2020-10-17,-9999.1,707.2,2020-10-17T10:22:00,702.6,2020-10-17T03:34:00,8.1,10.4,2020-10-17T12:56:00,7.0,2020-10-17T22:01:00,100.0,97.0,2020-10-17T13:00:00,5.3,38.0,22.7,83.0,2020-10-17T07:37:00,10.5,,,,,,,,,,,,,,,,,,,,,2.0,2020-10-17T07:00:00,,,0,,100.0,2020-10-17T12:30:00,,,,,,,,,,,,,,,,,,,,,,,,,,,,,,,,,,,,,,,,,,,,,,,,,,,,,,,,,,,,,,,,,,,,,
2020-10-18,-9999.1,707.7,2020-10-18T11:10:00,703.5,2020-10-18T04:44:00,8.5,11.9,2020-10-18T12:31:00,7.5,2020-10-18T03:38:00,100.0,97.0,2020-10-18T12:04:00,6.4,39.0,22.9,39.0,2020-10-18T20:07:00,5.5,,,,,,,,,,,,,,,,,,,,,1.0,2020-10-18T19:00:00,,,0,,100.0,2020-10-18T12:59:00,,,,,,,,,,,,,,,,,,,,,,,,,,,,,,,,,,,,,,,,,,,,,,,,,,,,,,,,,,,,,,,,,,,,,
2020-10-19,-9999.1,708.0,2020-10-19T10:24:00,704.0,2020-10-19T15:02:00,8.6,13.5,2020-10-19T11:25:00,6.9,2020-10-19T23:52:00,100.0,96.0,2020-10-19T10:31:00,4.4,34.0,21.8,142.0,2020-10-19T13:06:00,3.5,,,,,,,,,,,,,,,,,,,,,1.0,2020-10-19T22:00:00,,,0,,100.0,2020-10-19T11:17:00,,,,,,,,,,,,,,,,,,,,,,,,,,,,,,,,,,,,,,,,,,,,,,,,,,,,,,,,,,,,,,,,,,,,,
2020-10-20,-9999.1,705.9,2020-10-20T09:37:00,702.4,2020-10-20T18:13:00,9.3,13.3,2020-10-20T13:20:00,6.0,2020-10-20T17:57:00,79.0,36.0,2020-10-20T15:07:00,7.7,26.0,26.4,33.0,2020-10-20T20:37:00,0.0,,,,,,,,,,,,,,,,,,,,,0.0,,,,0,,100.0,2020-10-20T23:05:00,,,,,,,,,,,,,,,,,,,,,,,,,,,,,,,,,,,,,,,,,,,,,,,,,,,,,,,,,,,,,,,,,,,,,
2020-10-21,-9999.1,705.6,2020-10-21T08:16:00,701.2,2020-10-21T20:30:00,10.0,12.7,2020-10-21T10:37:00,7.3,2020-10-21T00:47:00,98.0,45.0,2020-10-21T01:29:00,5.5,40.0,23.7,74.0,2020-10-21T03:51:00,11.5,,,,,,,,,,,,,,,,,,,,,3.0,2020-10-21T12:00:00,,,0,,100.0,2020-10-21T10:47:00,,,,,,,,,,,,,,,,,,,,,,,,,,,,,,,,,,,,,,,,,,,,,,,,,,,,,,,,,,,,,,,,,,,,,
2020-10-22,-9999.1,704.3,2020-10-22T08:32:00,699.9,2020-10-22T05:49:00,10.7,15.9,2020-10-22T11:08:00,9.5,2020-10-22T01:29:00,97.0,80.0,2020-10-22T10:30:00,2.1,218.0,8.2,232.0,2020-10-22T23:58:00,6.5,,,,,,,,,,,,,,,,,,,,,3.0,2020-10-22T23:59:00,,,0,,100.0,2020-10-22T09:08:00,,,,,,,,,,,,,,,,,,,,,,,,,,,,,,,,,,,,,,,,,,,,,,,,,,,,,,,,,,,,,,,,,,,,,
2020-10-23,-9999.1,702.9,2020-10-23T10:29:00,700.3,2020-10-23T02:09:00,9.4,10.4,2020-10-23T11:47:00,6.7,2020-10-23T19:36:00,97.0,69.0,2020-10-23T21:37:00,4.5,224.0,14.8,209.0,2020-10-23T13:09:00,41.0,,,,,,,,,,,,,,,,,,,,,7.0,2020-10-23T13:00:00,,,0,,100.0,2020-10-23T17:59:00,,,,,,,,,,,,,,,,,,,,,,,,,,,,,,,,,,,,,,,,,,,,,,,,,,,,,,,,,,,,,,,,,,,,,
2020-10-24,-9999.1,707.5,2020-10-24T09:12:00,702.3,2020-10-24T03:41:00,9.1,12.3,2020-10-24T11:23:00,7.6,2020-10-24T04:04:00,99.0,79.0,2020-10-24T05:39:00,2.8,224.0,7.9,288.0,2020-10-24T03:41:00,0.0,,,,,,,,,,,,,,,,,,,,,0.0,,,,0,,100.0,2020-10-24T10:27:00,,,,,,,,,,,,,,,,,,,,,,,,,,,,,,,,,,,,,,,,,,,,,,,,,,,,,,,,,,,,,,,,,,,,,
2020-10-25,-9999.1,706.3,2020-10-25T09:32:00,704.1,2020-10-25T14:48:00,9.6,12.7,2020-10-25T09:55:00,8.4,2020-10-25T01:57:00,99.0,88.0,2020-10-25T23:27:00,3.1,228.0,8.0,213.0,2020-10-25T04:41:00,0.5,,,,,,,,,,,,,,,,,,,,,0.5,2020-10-25T23:00:00,,,0,,100.0,2020-10-25T09:23:00,,,,,,,,,,,,,,,,,,,,,,,,,,,,,,,,,,,,,,,,,,,,,,,,,,,,,,,,,,,,,,,,,,,,,
2020-10-26,-9999.1,705.6,2020-10-26T09:01:00,703.2,2020-10-26T15:09:00,10.6,15.4,2020-10-26T12:01:00,8.8,2020-10-26T23:26:00,83.0,67.0,2020-10-26T04:07:00,2.2,225.0,7.3,206.0,2020-10-26T13:12:00,0.0,,,,,,,,,,,,,,,,,,,,,0.0,,,,0,,100.0,2020-10-26T15:00:00,,,,,,,,,,,,,,,,,,,,,,,,,,,,,,,,,,,,,,,,,,,,,,,,,,,,,,,,,,,,,,,,,,,,,
2020-10-27,-9999.1,706.1,2020-10-27T22:03:00,703.3,2020-10-27T03:58:00,11.7,17.8,2020-10-27T13:32:00,8.7,2020-10-27T01:21:00,72.0,51.0,2020-10-27T03:05:00,2.1,177.0,7.6,219.0,2020-10-27T13:03:00,0.0,,,,,,,,,,,,,,,,,,,,,0.0,,,,0,,100.0,2020-10-27T16:23:00,,,,,,,,,,,,,,,,,,,,,,,,,,,,,,,,,,,,,,,,,,,,,,,,,,,,,,,,,,,,,,,,,,,,,
2020-10-28,-9999.1,707.5,2020-10-28T10:00:00,705.3,2020-10-28T02:47:00,11.5,16.5,2020-10-28T11:42:00,8.8,2020-10-28T17:43:00,74.0,46.0,2020-10-28T08:25:00,1.8,220.0,7.7,210.0,2020-10-28T12:34:00,0.0,,,,,,,,,,,,,,,,,,,,,0.0,,,,0,,100.0,2020-10-28T17:19:00,,,,,,,,,,,,,,,,,,,,,,,,,,,,,,,,,,,,,,,,,,,,,,,,,,,,,,,,,,,,,,,,,,,,,
2020-10-29,-9999.1,708.1,2020-10-29T09:11:00,705.9,2020-10-29T14:53:00,10.8,16.2,2020-10-29T10:48:00,7.9,2020-10-29T22:19:00,77.0,55.0,2020-10-29T09:28:00,2.0,36.0,5.9,226.0,2020-10-29T11:15:00,0.0,,,,,,,,,,,,,,,,,,,,,0.0,,,,0,,98.0,2020-10-29T14:39:00,,,,,,,,,,,,,,,,,,,,,,,,,,,,,,,,,,,,,,,,,,,,,,,,,,,,,,,,,,,,,,,,,,,,,
2020-10-30,-9999.1,706.8,2020-10-30T00:04:00,704.8,2020-10-30T14:58:00,8.6,12.2,2020-10-30T08:59:00,6.9,2020-10-30T21:44:00,89.0,55.0,2020-10-30T23:27:00,2.5,216.0,7.9,297.0,2020-10-30T15:22:00,0.0,,,,,,,,,,,,,,,,,,,,,0.0,,,,0,,100.0,2020-10-30T10:24:00,,,,,,,,,,,,,,,,,,,,,,,,,,,,,,,,,,,,,,,,,,,,,,,,,,,,,,,,,,,,,,,,,,,,,
2020-10-31,-9999.1,705.8,2020-10-31T09:46:00,703.8,2020-10-31T15:08:00,11.6,18.0,2020-10-31T11:37:00,6.3,2020-10-31T00:53:00,33.0,3.0,2020-10-31T05:22:00,2.7,10.0,7.2,37.0,2020-10-31T19:50:00,0.0,,,,,,,,,,,,,,,,,,,,,0.0,,,,0,,90.0,2020-10-31T01:59:00,,,,,,,,,,,,,,,,,,,,,,,,,,,,,,,,,,,,,,,,,,,,,,,,,,,,,,,,,,,,,,,,,,,,,
2020-11-01,-9999.1,705.2,2020-11-01T09:22:00,703.3,2020-11-01T14:10:00,11.9,15.7,2020-11-01T11:38:00,9.8,2020-11-01T01:11:00,28.0,2.0,2020-11-01T19:44:00,3.4,47.0,8.3,44.0,2020-11-01T07:53:00,0.0,,,,,,,,,,,,,,,,,,,,,0.0,,,,0,,71.0,2020-11-01T12:28:00,,,,,,,,,,,,,,,,,,,,,,,,,,,,,,,,,,,,,,,,,,,,,,,,,,,,,,,,,,,,,,,,,,,,,
2020-11-02,-9999.1,705.4,2020-11-02T08:51:00,703.2,2020-11-02T15:23:00,13.1,18.2,2020-11-02T13:15:00,9.9,2020-11-02T22:12:00,29.0,8.0,2020-11-02T07:05:00,1.8,217.0,6.8,216.0,2020-11-02T12:07:00,0.0,,,,,,,,,,,,,,,,,,,,,0.0,,,,0,,61.0,2020-11-02T16:50:00,,,,,,,,,,,,,,,,,,,,,,,,,,,,,,,,,,,,,,,,,,,,,,,,,,,,,,,,,,,,,,,,,,,,,
2020-11-03,-9999.1,704.5,2020-11-03T09:47:00,702.4,2020-11-03T14:04:00,10.5,14.7,2020-11-03T11:56:00,7.2,2020-11-03T20:59:00,56.0,28.0,2020-11-03T03:50:00,3.1,235.0,9.2,249.0,2020-11-03T11:04:00,0.0,,,,,,,,,,,,,,,,,,,,,0.0,,,,0,,95.0,2020-11-03T18:28:00,,,,,,,,,,,,,,,,,,,,,,,,,,,,,,,,,,,,,,,,,,,,,,,,,,,,,,,,,,,,,,,,,,,,,
2020-11-04,-9999.1,704.7,2020-11-04T21:41:00,702.6,2020-11-04T04:11:00,10.1,14.3,2020-11-04T15:14:00,7.1,2020-11-04T06:28:00,75.0,51.0,2020-11-04T23:59:00,2.1,212.0,8.4,206.0,2020-11-04T12:38:00,0.0,,,,,,,,,,,,,,,,,,,,,0.0,,,,0,,100.0,2020-11-04T13:54:00,,,,,,,,,,,,,,,,,,,,,,,,,,,,,,,,,,,,,,,,,,,,,,,,,,,,,,,,,,,,,,,,,,,,,
2020-11-05,-9999.1,707.5,2020-11-05T21:45:00,703.7,2020-11-05T03:36:00,10.9,17.5,2020-11-05T10:41:00,7.1,2020-11-05T17:44:00,71.0,44.0,2020-11-05T10:30:00,3.9,43.0,18.9,83.0,2020-11-05T22:57:00,1.5,,,,,,,,,,,,,,,,,,,,,1.0,2020-11-05T23:59:00,,,0,,100.0,2020-11-05T23:59:00,,,,,,,,,,,,,,,,,,,,,,,,,,,,,,,,,,,,,,,,,,,,,,,,,,,,,,,,,,,,,,,,,,,,,
2020-11-06,-9999.1,708.3,2020-11-06T08:11:00,702.7,2020-11-06T04:56:00,8.5,12.0,2020-11-06T11:24:00,5.3,2020-11-06T04:59:00,97.0,60.0,2020-11-06T05:31:00,3.4,128.0,25.9,123.0,2020-11-06T21:54:00,12.5,,,,,,,,,,,,,,,,,,,,,2.0,2020-11-06T18:00:00,,,0,,100.0,2020-11-06T17:54:00,,,,,,,,,,,,,,,,,,,,,,,,,,,,,,,,,,,,,,,,,,,,,,,,,,,,,,,,,,,,,,,,,,,,,
2020-11-07,-9999.1,706.8,2020-11-07T19:35:00,704.1,2020-11-07T03:35:00,9.8,15.7,2020-11-07T13:10:00,6.2,2020-11-07T02:56:00,73.0,32.0,2020-11-07T06:54:00,2.7,211.0,21.3,147.0,2020-11-07T00:11:00,0.5,,,,,,,,,,,,,,,,,,,,,0.5,2020-11-07T01:00:00,,,0,,100.0,2020-11-07T02:06:00,,,,,,,,,,,,,,,,,,,,,,,,,,,,,,,,,,,,,,,,,,,,,,,,,,,,,,,,,,,,,,,,,,,,,
2020-11-08,-9999.1,707.3,2020-11-08T09:31:00,705.1,2020-11-09T00:00:00,9.6,17.0,2020-11-08T12:48:00,6.6,2020-11-08T21:46:00,85.0,49.0,2020-11-08T05:47:00,1.8,48.0,14.8,33.0,2020-11-08T21:37:00,0.5,,,,,,,,,,,,,,,,,,,,,0.5,2020-11-08T21:00:00,,,0,,100.0,2020-11-08T15:33:00,,,,,,,,,,,,,,,,,,,,,,,,,,,,,,,,,,,,,,,,,,,,,,,,,,,,,,,,,,,,,,,,,,,,,
2020-11-09,-9999.1,705.6,2020-11-09T09:00:00,704.0,2020-11-09T14:51:00,8.0,11.1,2020-11-09T10:57:00,6.7,2020-11-09T17:28:00,85.0,49.0,2020-11-09T01:20:00,3.5,221.0,6.6,241.0,2020-11-09T04:56:00,7.0,,,,,,,,,,,,,,,,,,,,,2.0,2020-11-09T14:00:00,,,0,,100.0,2020-11-09T16:57:00,,,,,,,,,,,,,,,,,,,,,,,,,,,,,,,,,,,,,,,,,,,,,,,,,,,,,,,,,,,,,,,,,,,,,
2020-11-10,-9999.1,706.4,2020-11-10T20:50:00,704.1,2020-11-10T03:37:00,7.5,9.0,2020-11-10T12:14:00,6.8,2020-11-10T19:53:00,97.0,71.0,2020-11-10T21:39:00,2.2,223.0,8.6,210.0,2020-11-10T09:59:00,10.5,,,,,,,,,,,,,,,,,,,,,3.5,2020-11-10T16:00:00,,,0,,100.0,2020-11-10T13:09:00,,,,,,,,,,,,,,,,,,,,,,,,,,,,,,,,,,,,,,,,,,,,,,,,,,,,,,,,,,,,,,,,,,,,,
2020-11-11,-9999.1,707.3,2020-11-11T09:37:00,705.3,2020-11-11T04:23:00,8.1,14.4,2020-11-11T10:54:00,2.7,2020-11-11T21:42:00,68.0,25.0,2020-11-11T06:00:00,3.1,7.0,11.3,23.0,2020-11-11T21:50:00,0.0,,,,,,,,,,,,,,,,,,,,,0.0,2020-11-11T01:00:00,,,0,,100.0,2020-11-11T22:16:00,,,,,,,,,,,,,,,,,,,,,,,,,,,,,,,,,,,,,,,,,,,,,,,,,,,,,,,,,,,,,,,,,,,,,
2020-11-12,-9999.1,707.3,2020-11-12T09:24:00,705.3,2020-11-12T15:34:00,6.7,9.8,2020-11-12T11:20:00,3.3,2020-11-12T00:30:00,95.0,79.0,2020-11-12T05:33:00,3.1,34.0,14.9,35.0,2020-11-12T16:12:00,0.5,,,,,,,,,,,,,,,,,,,,,0.5,2020-11-12T21:00:00,,,0,,100.0,2020-11-12T10:29:00,,,,,,,,,,,,,,,,,,,,,,,,,,,,,,,,,,,,,,,,,,,,,,,,,,,,,,,,,,,,,,,,,,,,,
2020-11-13,-9999.1,706.8,2020-11-13T09:04:00,704.2,2020-11-13T22:40:00,7.4,8.7,2020-11-13T10:00:00,6.3,2020-11-13T23:55:00,98.0,95.0,2020-11-13T06:11:00,5.9,45.0,26.2,35.0,2020-11-13T16:39:00,14.0,,,,,,,,,,,,,,,,,,,,,3.5,2020-11-13T17:00:00,,,0,,100.0,2020-11-13T11:57:00,,,,,,,,,,,,,,,,,,,,,,,,,,,,,,,,,,,,,,,,,,,,,,,,,,,,,,,,,,,,,,,,,,,,,
2020-11-14,-9999.1,708.4,2020-11-14T11:00:00,705.0,2020-11-14T00:21:00,7.3,10.6,2020-11-14T13:10:00,5.8,2020-11-14T02:14:00,86.0,69.0,2020-11-14T21:55:00,2.8,35.0,12.8,39.0,2020-11-14T00:08:00,3.0,,,,,,,,,,,,,,,,,,,,,0.5,2020-11-14T02:00:00,,,0,,100.0,2020-11-14T13:14:00,,,,,,,,,,,,,,,,,,,,,,,,,,,,,,,,,,,,,,,,,,,,,,,,,,,,,,,,,,,,,,,,,,,,,
2020-11-15,-9999.1,710.0,2020-11-15T08:23:00,705.5,2020-11-15T03:12:00,8.9,12.3,2020-11-15T15:11:00,6.2,2020-11-15T04:39:00,77.0,24.0,2020-11-15T20:11:00,3.0,227.0,8.4,213.0,2020-11-15T07:09:00,0.0,,,,,,,,,,,,,,,,,,,,,0.0,2020-11-15T01:00:00,,,0,,100.0,2020-11-15T07:55:00,,,,,,,,,,,,,,,,,,,,,,,,,,,,,,,,,,,,,,,,,,,,,,,,,,,,,,,,,,,,,,,,,,,,,
2020-11-16,-9999.1,707.6,2020-11-16T09:00:00,705.4,2020-11-16T15:34:00,10.1,15.6,2020-11-16T13:09:00,5.9,2020-11-16T20:27:00,64.0,41.0,2020-11-17T00:00:00,2.3,180.0,8.3,321.0,2020-11-16T03:22:00,0.0,,,,,,,,,,,,,,,,,,,,,0.0,2020-11-16T01:00:00,,,0,,100.0,2020-11-16T21:40:00,,,,,,,,,,,,,,,,,,,,,,,,,,,,,,,,,,,,,,,,,,,,,,,,,,,,,,,,,,,,,,,,,,,,,
2020-11-17,-9999.1,706.5,2020-11-17T09:50:00,704.6,2020-11-17T14:16:00,10.3,15.1,2020-11-17T11:36:00,7.9,2020-11-17T04:12:00,68.0,46.0,2020-11-17T06:38:00,2.3,25.0,8.1,207.0,2020-11-17T12:36:00,0.0,,,,,,,,,,,,,,,,,,,,,0.0,2020-11-17T01:00:00,,,0,,99.0,2020-11-17T16:03:00,,,,,,,,,,,,,,,,,,,,,,,,,,,,,,,,,,,,,,,,,,,,,,,,,,,,,,,,,,,,,,,,,,,,,
2020-11-18,-9999.1,706.2,2020-11-18T09:30:00,704.0,2020-11-18T15:48:00,11.6,16.4,2020-11-18T10:46:00,8.9,2020-11-18T03:50:00,63.0,46.0,2020-11-19T00:00:00,2.5,33.0,6.5,222.0,2020-11-18T22:45:00,0.0,,,,,,,,,,,,,,,,,,,,,0.0,2020-11-18T01:00:00,,,0,,85.0,2020-11-18T16:09:00,,,,,,,,,,,,,,,,,,,,,,,,,,,,,,,,,,,,,,,,,,,,,,,,,,,,,,,,,,,,,,,,,,,,,
2020-11-19,-9999.1,706.1,2020-11-19T09:26:00,703.6,2020-11-19T14:53:00,10.0,14.8,2020-11-19T12:16:00,7.8,2020-11-19T06:13:00,79.0,44.0,2020-11-19T00:02:00,4.9,225.0,12.5,212.0,2020-11-19T10:12:00,0.0,,,,,,,,,,,,,,,,,,,,,0.0,2020-11-19T01:00:00,,,0,,100.0,2020-11-19T17:05:00,,,,,,,,,,,,,,,,,,,,,,,,,,,,,,,,,,,,,,,,,,,,,,,,,,,,,,,,,,,,,,,,,,,,,
2020-11-20,-9999.1,705.8,2020-11-20T09:11:00,703.5,2020-11-20T01:52:00,8.7,14.4,2020-11-20T12:12:00,6.8,2020-11-20T04:51:00,83.0,55.0,2020-11-20T11:54:00,5.1,225.0,11.6,231.0,2020-11-20T10:46:00,0.0,,,,,,,,,,,,,,,,,,,,,0.0,2020-11-20T01:00:00,,,0,,100.0,2020-11-20T17:00:00,,,,,,,,,,,,,,,,,,,,,,,,,,,,,,,,,,,,,,,,,,,,,,,,,,,,,,,,,,,,,,,,,,,,,
2020-11-21,-9999.1,706.8,2020-11-21T21:07:00,704.4,2020-11-21T03:10:00,9.5,16.3,2020-11-21T10:38:00,7.1,2020-11-21T01:12:00,73.0,53.0,2020-11-21T19:49:00,2.4,228.0,7.4,247.0,2020-11-21T00:01:00,0.0,,,,,,,,,,,,,,,,,,,,,0.0,2020-11-21T01:00:00,,,0,,100.0,2020-11-21T17:57:00,,,,,,,,,,,,,,,,,,,,,,,,,,,,,,,,,,,,,,,,,,,,,,,,,,,,,,,,,,,,,,,,,,,,,
2020-11-22,-9999.1,708.2,2020-11-22T20:55:00,705.8,2020-11-22T03:30:00,8.5,13.5,2020-11-22T11:29:00,5.7,2020-11-22T19:33:00,64.0,26.0,2020-11-22T23:25:00,3.1,42.0,10.1,207.0,2020-11-22T12:06:00,0.0,,,,,,,,,,,,,,,,,,,,,0.0,2020-11-22T01:00:00,,,0,,100.0,2020-11-22T18:36:00,,,,,,,,,,,,,,,,,,,,,,,,,,,,,,,,,,,,,,,,,,,,,,,,,,,,,,,,,,,,,,,,,,,,,
2020-11-23,-9999.1,708.1,2020-11-23T09:38:00,706.0,2020-11-23T14:52:00,6.8,11.7,2020-11-23T11:15:00,4.4,2020-11-23T08:37:00,69.0,28.0,2020-11-23T00:05:00,3.8,37.0,9.2,40.0,2020-11-23T09:10:00,0.0,,,,,,,,,,,,,,,,,,,,,0.0,2020-11-23T01:00:00,,,0,,100.0,2020-11-23T16:17:00,,,,,,,,,,,,,,,,,,,,,,,,,,,,,,,,,,,,,,,,,,,,,,,,,,,,,,,,,,,,,,,,,,,,,
2020-11-24,-9999.1,707.8,2020-11-24T08:53:00,705.4,2020-11-24T15:51:00,6.3,12.7,2020-11-24T11:45:00,4.3,2020-11-24T01:42:00,88.0,70.0,2020-11-24T23:59:00,2.2,43.0,16.4,32.0,2020-11-24T17:17:00,0.5,,,,,,,,,,,,,,,,,,,,,0.5,2020-11-24T05:00:00,,,0,,100.0,2020-11-24T08:09:00,,,,,,,,,,,,,,,,,,,,,,,,,,,,,,,,,,,,,,,,,,,,,,,,,,,,,,,,,,,,,,,,,,,,,
2020-11-25,-9999.1,707.4,2020-11-25T09:18:00,705.1,2020-11-25T14:54:00,7.5,14.3,2020-11-25T12:18:00,4.6,2020-11-25T05:48:00,56.0,34.0,2020-11-25T22:23:00,2.5,33.0,6.6,45.0,2020-11-25T08:32:00,0.0,,,,,,,,,,,,,,,,,,,,,0.0,2020-11-25T01:00:00,,,0,,90.0,2020-11-25T15:52:00,,,,,,,,,,,,,,,,,,,,,,,,,,,,,,,,,,,,,,,,,,,,,,,,,,,,,,,,,,,,,,,,,,,,,
2020-11-26,-9999.1,707.6,2020-11-26T09:10:00,705.4,2020-11-26T03:02:00,7.4,13.5,2020-11-26T13:45:00,3.7,2020-11-26T23:40:00,55.0,33.0,2020-11-26T00:24:00,2.0,39.0,6.8,33.0,2020-11-26T06:57:00,0.0,,,,,,,,,,,,,,,,,,,,,0.0,2020-11-26T01:00:00,,,0,,86.0,2020-11-26T16:11:00,,,,,,,,,,,,,,,,,,,,,,,,,,,,,,,,,,,,,,,,,,,,,,,,,,,,,,,,,,,,,,,,,,,,,
2020-11-27,-9999.1,707.8,2020-11-27T09:26:00,705.2,2020-11-27T15:12:00,6.5,13.3,2020-11-27T12:57:00,1.3,2020-11-27T23:14:00,49.0,31.0,2020-11-27T12:33:00,2.6,220.0,10.8,204.0,2020-11-27T13:18:00,0.0,,,,,,,,,,,,,,,,,,,,,0.0,2020-11-27T01:00:00,,,0,,100.0,2020-11-27T22:54:00,,,,,,,,,,,,,,,,,,,,,,,,,,,,,,,,,,,,,,,,,,,,,,,,,,,,,,,,,,,,,,,,,,,,,
2020-11-28,-9999.1,706.9,2020-11-28T09:38:00,704.3,2020-11-28T15:39:00,6.3,12.3,2020-11-28T12:01:00,2.3,2020-11-28T02:34:00,62.0,33.0,2020-11-28T07:20:00,2.7,225.0,9.4,214.0,2020-11-28T14:01:00,0.0,,,,,,,,,,,,,,,,,,,,,0.0,2020-11-28T01:00:00,,,0,,100.0,2020-11-28T17:51:00,,,,,,,,,,,,,,,,,,,,,,,,,,,,,,,,,,,,,,,,,,,,,,,,,,,,,,,,,,,,,,,,,,,,,
2020-11-29,-9999.1,706.1,2020-11-29T21:54:00,703.8,2020-11-29T04:26:00,4.8,12.1,2020-11-29T12:08:00,2.1,2020-11-29T04:50:00,79.0,27.0,2020-11-29T00:48:00,3.2,217.0,11.4,174.0,2020-11-29T13:39:00,0.0,,,,,,,,,,,,,,,,,,,,,0.0,,,,0,,100.0,2020-11-29T23:13:00,,,,,,,,,,,,,,,,,,,,,,,,,,,,,,,,,,,,,,,,,,,,,,,,,,,,,,,,,,,,,,,,,,,,,
2020-11-30,-9999.1,706.5,2020-11-30T09:01:00,703.9,2020-11-30T15:27:00,2.9,6.0,2020-11-30T13:14:00,1.7,2020-11-30T19:24:00,100.0,97.0,2020-11-30T11:34:00,4.5,45.0,25.6,76.0,2020-11-30T22:02:00,2.5,,,,,,,,,,,,,,,,,,,,,0.5,2020-11-30T08:00:00,,,0,,100.0,2020-11-30T12:16:00,,,,,,,,,,,,,,,,,,,,,,,,,,,,,,,,,,,,,,,,,,,,,,,,,,,,,,,,,,,,,,,,,,,,,
2020-12-01,-9999.1,707.5,2020-12-01T10:22:00,701.7,2020-12-01T22:36:00,3.2,7.2,2020-12-01T22:51:00,0.5,2020-12-01T22:16:00,94.0,19.0,2020-12-01T22:52:00,7.3,43.0,27.9,33.0,2020-12-01T08:30:00,4.0,,,,,,,,,,,,,,,,,,,,,0.5,2020-12-01T02:00:00,,,0,,100.0,2020-12-01T12:05:00,,,,,,,,,,,,,,,,,,,,,,,,,,,,,,,,,,,,,,,,,,,,,,,,,,,,,,,,,,,,,,,,,,,,,
2020-12-02,-9999.1,706.5,2020-12-02T10:09:00,702.0,2020-12-02T05:28:00,4.6,11.0,2020-12-02T12:40:00,-0.3,2020-12-02T05:57:00,86.0,28.0,2020-12-03T00:00:00,3.6,35.0,11.5,212.0,2020-12-02T22:43:00,0.0,,,,,,,,,,,,,,,,,,,,,0.0,,,,0,,100.0,2020-12-02T10:31:00,,,,,,,,,,,,,,,,,,,,,,,,,,,,,,,,,,,,,,,,,,,,,,,,,,,,,,,,,,,,,,,,,,,,,
2020-12-03,-9999.1,703.6,2020-12-03T09:29:00,701.9,2020-12-03T14:01:00,7.1,13.0,2020-12-03T12:08:00,5.4,2020-12-03T23:59:00,98.0,78.0,2020-12-03T12:02:00,3.2,223.0,7.8,217.0,2020-12-03T09:12:00,0.5,,,,,,,,,,,,,,,,,,,,,0.5,2020-12-03T11:00:00,,,0,,100.0,2020-12-03T10:42:00,,,,,,,,,,,,,,,,,,,,,,,,,,,,,,,,,,,,,,,,,,,,,,,,,,,,,,,,,,,,,,,,,,,,,
2020-12-04,-9999.1,703.6,2020-12-04T09:36:00,701.6,2020-12-04T13:48:00,5.5,10.4,2020-12-04T10:20:00,1.9,2020-12-04T19:03:00,99.0,80.0,2020-12-04T10:27:00,2.8,215.0,8.5,205.0,2020-12-04T22:29:00,0.0,,,,,,,,,,,,,,,,,,,,,0.0,,,,0,,100.0,2020-12-04T14:14:00,,,,,,,,,,,,,,,,,,,,,,,,,,,,,,,,,,,,,,,,,,,,,,,,,,,,,,,,,,,,,,,,,,,,,
2020-12-05,-9999.1,705.0,2020-12-05T09:22:00,702.5,2020-12-05T02:53:00,5.8,11.6,2020-12-05T12:48:00,3.8,2020-12-05T00:40:00,96.0,75.0,2020-12-05T12:48:00,3.4,216.0,10.3,218.0,2020-12-05T01:11:00,0.5,,,,,,,,,,,,,,,,,,,,,0.5,2020-12-05T01:00:00,,,0,,100.0,2020-12-05T09:24:00,,,,,,,,,,,,,,,,,,,,,,,,,,,,,,,,,,,,,,,,,,,,,,,,,,,,,,,,,,,,,,,,,,,,,
2020-12-06,-9999.1,705.8,2020-12-06T22:46:00,703.6,2020-12-06T04:19:00,6.8,13.0,2020-12-06T11:56:00,4.5,2020-12-06T06:25:00,89.0,65.0,2020-12-06T10:34:00,2.1,206.0,6.6,230.0,2020-12-06T00:12:00,0.5,,,,,,,,,,,,,,,,,,,,,0.5,2020-12-06T07:00:00,,,0,,100.0,2020-12-06T12:12:00,,,,,,,,,,,,,,,,,,,,,,,,,,,,,,,,,,,,,,,,,,,,,,,,,,,,,,,,,,,,,,,,,,,,,
2020-12-07,-9999.1,707.1,2020-12-07T09:40:00,704.8,2020-12-07T14:30:00,6.7,9.8,2020-12-07T10:47:00,5.1,2020-12-07T06:16:00,99.0,88.0,2020-12-07T04:34:00,3.2,38.0,13.6,130.0,2020-12-07T19:29:00,0.0,,,,,,,,,,,,,,,,,,,,,0.0,,,,0,,100.0,2020-12-07T12:04:00,,,,,,,,,,,,,,,,,,,,,,,,,,,,,,,,,,,,,,,,,,,,,,,,,,,,,,,,,,,,,,,,,,,,,
2020-12-08,-9999.1,706.3,2020-12-08T09:03:00,703.5,2020-12-08T23:57:00,7.7,12.1,2020-12-08T13:25:00,6.3,2020-12-08T00:08:00,99.0,87.0,2020-12-08T13:27:00,2.6,47.0,8.9,210.0,2020-12-08T23:59:00,0.5,,,,,,,,,,,,,,,,,,,,,0.5,2020-12-08T04:00:00,,,0,,100.0,2020-12-08T10:30:00,,,,,,,,,,,,,,,,,,,,,,,,,,,,,,,,,,,,,,,,,,,,,,,,,,,,,,,,,,,,,,,,,,,,,
2020-12-09,-9999.1,705.6,2020-12-09T09:35:00,701.8,2020-12-09T15:08:00,7.8,8.7,2020-12-09T11:25:00,7.1,2020-12-09T17:33:00,100.0,100.0,2020-12-09T12:11:00,4.5,215.0,18.2,206.0,2020-12-09T02:25:00,62.5,,,,,,,,,,,,,,,,,,,,,7.5,2020-12-09T17:00:00,,,0,,100.0,2020-12-09T12:11:00,,,,,,,,,,,,,,,,,,,,,,,,,,,,,,,,,,,,,,,,,,,,,,,,,,,,,,,,,,,,,,,,,,,,,
2020-12-10,-9999.1,706.7,2020-12-10T09:39:00,702.5,2020-12-10T14:47:00,7.6,10.6,2020-12-10T11:14:00,6.7,2020-12-10T06:24:00,100.0,83.0,2020-12-10T12:14:00,4.8,226.0,13.1,169.0,2020-12-10T22:59:00,5.0,,,,,,,,,,,,,,,,,,,,,1.5,2020-12-10T03:00:00,,,0,,100.0,2020-12-10T10:37:00,,,,,,,,,,,,,,,,,,,,,,,,,,,,,,,,,,,,,,,,,,,,,,,,,,,,,,,,,,,,,,,,,,,,,
2020-12-11,-9999.1,705.6,2020-12-11T09:39:00,700.8,2020-12-11T16:26:00,7.1,8.4,2020-12-11T12:02:00,5.4,2020-12-11T23:19:00,100.0,98.0,2020-12-11T12:07:00,5.4,218.0,18.0,218.0,2020-12-11T22:51:00,11.0,,,,,,,,,,,,,,,,,,,,,3.5,2020-12-11T02:00:00,,,0,,100.0,2020-12-11T12:05:00,,,,,,,,,,,,,,,,,,,,,,,,,,,,,,,,,,,,,,,,,,,,,,,,,,,,,,,,,,,,,,,,,,,,,
2020-12-12,-9999.1,702.4,2020-12-12T09:36:00,698.3,2020-12-12T23:14:00,3.7,6.0,2020-12-12T00:02:00,1.9,2020-12-12T22:47:00,100.0,98.0,2020-12-12T09:37:00,8.9,226.0,19.9,211.0,2020-12-12T16:36:00,2.0,,,,,,,,,,,,,,,,,,,,,1.0,2020-12-12T04:00:00,,,0,,100.0,2020-12-12T20:45:00,,,,,,,,,,,,,,,,,,,,,,,,,,,,,,,,,,,,,,,,,,,,,,,,,,,,,,,,,,,,,,,,,,,,,
2020-12-13,-9999.1,702.0,2020-12-13T22:03:00,698.3,2020-12-13T04:23:00,2.0,5.5,2020-12-13T13:37:00,0.3,2020-12-13T08:47:00,97.0,78.0,2020-12-13T21:55:00,7.3,224.0,20.1,238.0,2020-12-13T02:00:00,0.0,,,,,,,,,,,,,,,,,,,,,0.0,,,,0,,100.0,2020-12-13T12:25:00,,,,,,,,,,,,,,,,,,,,,,,,,,,,,,,,,,,,,,,,,,,,,,,,,,,,,,,,,,,,,,,,,,,,,
2020-12-14,-9999.1,703.6,2020-12-14T09:39:00,701.1,2020-12-14T15:05:00,3.3,5.4,2020-12-14T11:27:00,2.1,2020-12-14T22:01:00,95.0,78.0,2020-12-14T00:24:00,5.3,226.0,14.2,213.0,2020-12-14T21:32:00,0.0,,,,,,,,,,,,,,,,,,,,,0.0,,,,0,,100.0,2020-12-14T21:51:00,,,,,,,,,,,,,,,,,,,,,,,,,,,,,,,,,,,,,,,,,,,,,,,,,,,,,,,,,,,,,,,,,,,,,
2020-12-15,-9999.1,704.3,2020-12-15T09:46:00,701.6,2020-12-15T15:38:00,2.9,3.8,2020-12-15T12:01:00,1.7,2020-12-15T07:12:00,98.0,86.0,2020-12-15T01:52:00,6.3,226.0,15.6,231.0,2020-12-15T20:57:00,0.5,,,,,,,,,,,,,,,,,,,,,0.5,2020-12-15T22:00:00,,,0,,100.0,2020-12-15T10:42:00,,,,,,,,,,,,,,,,,,,,,,,,,,,,,,,,,,,,,,,,,,,,,,,,,,,,,,,,,,,,,,,,,,,,,
2020-12-16,-9999.1,705.7,2020-12-16T10:17:00,701.5,2020-12-16T16:48:00,2.8,3.8,2020-12-16T10:42:00,1.8,2020-12-16T21:32:00,100.0,98.0,2020-12-16T10:43:00,6.5,225.0,16.2,222.0,2020-12-16T02:03:00,0.0,,,,,,,,,,,,,,,,,,,,,0.0,,,,0,,100.0,2020-12-16T12:33:00,,,,,,,,,,,,,,,,,,,,,,,,,,,,,,,,,,,,,,,,,,,,,,,,,,,,,,,,,,,,,,,,,,,,,
2020-12-17,-9999.1,705.2,2020-12-17T09:25:00,701.2,2020-12-17T15:26:00,2.0,3.3,2020-12-17T12:01:00,0.9,2020-12-17T23:45:00,100.0,98.0,2020-12-17T08:42:00,5.7,231.0,17.5,230.0,2020-12-17T05:02:00,0.0,,,,,,,,,,,,,,,,,,,,,0.0,,,,0,,100.0,2020-12-17T09:31:00,,,,,,,,,,,,,,,,,,,,,,,,,,,,,,,,,,,,,,,,,,,,,,,,,,,,,,,,,,,,,,,,,,,,,
2020-12-18,-9999.1,707.1,2020-12-18T09:31:00,701.9,2020-12-18T02:31:00,3.0,7.4,2020-12-18T10:58:00,0.9,2020-12-18T00:05:00,98.0,82.0,2020-12-18T10:57:00,5.4,222.0,14.7,237.0,2020-12-18T02:31:00,0.5,,,,,,,,,,,,,,,,,,,,,0.5,2020-12-18T01:00:00,,,0,,100.0,2020-12-18T09:09:00,,,,,,,,,,,,,,,,,,,,,,,,,,,,,,,,,,,,,,,,,,,,,,,,,,,,,,,,,,,,,,,,,,,,,
2020-12-19,-9999.1,705.6,2020-12-19T09:18:00,703.2,2020-12-19T15:14:00,3.4,5.4,2020-12-19T11:02:00,2.0,2020-12-19T20:34:00,96.0,78.0,2020-12-19T23:51:00,4.6,224.0,12.4,231.0,2020-12-19T04:06:00,0.0,,,,,,,,,,,,,,,,,,,,,0.0,,,,0,,100.0,2020-12-19T09:29:00,,,,,,,,,,,,,,,,,,,,,,,,,,,,,,,,,,,,,,,,,,,,,,,,,,,,,,,,,,,,,,,,,,,,,
2020-12-20,-9999.1,705.2,2020-12-20T08:56:00,702.5,2020-12-20T13:50:00,3.6,4.9,2020-12-20T12:47:00,2.2,2020-12-20T05:14:00,99.0,80.0,2020-12-20T00:13:00,4.9,217.0,13.9,215.0,2020-12-20T13:50:00,0.5,,,,,,,,,,,,,,,,,,,,,0.5,2020-12-20T20:00:00,,,0,,100.0,2020-12-20T12:47:00,,,,,,,,,,,,,,,,,,,,,,,,,,,,,,,,,,,,,,,,,,,,,,,,,,,,,,,,,,,,,,,,,,,,,
2020-12-21,-9999.1,705.0,2020-12-21T09:53:00,701.1,2020-12-21T06:42:00,3.3,4.4,2020-12-21T04:08:00,-0.6,2020-12-21T07:08:00,100.0,94.0,2020-12-21T05:43:00,3.7,220.0,13.1,207.0,2020-12-21T17:37:00,22.5,,,,,,,,,,,,,,,,,,,,,3.0,2020-12-21T07:00:00,,,0,,100.0,2020-12-21T09:15:00,,,,,,,,,,,,,,,,,,,,,,,,,,,,,,,,,,,,,,,,,,,,,,,,,,,,,,,,,,,,,,,,,,,,,
2020-12-22,-9999.1,706.8,2020-12-22T08:47:00,700.4,2020-12-22T04:13:00,5.7,11.3,2020-12-22T13:11:00,0.6,2020-12-22T05:46:00,74.0,27.0,2020-12-22T07:10:00,4.8,220.0,12.5,240.0,2020-12-22T10:22:00,0.5,,,,,,,,,,,,,,,,,,,,,0.5,2020-12-22T14:00:00,,,0,,100.0,2020-12-22T03:11:00,,,,,,,,,,,,,,,,,,,,,,,,,,,,,,,,,,,,,,,,,,,,,,,,,,,,,,,,,,,,,,,,,,,,,
2020-12-23,-9999.1,704.3,2020-12-23T09:21:00,700.6,2020-12-23T15:37:00,6.7,8.0,2020-12-23T20:30:00,3.9,2020-12-23T05:35:00,100.0,94.0,2020-12-23T03:38:00,5.3,224.0,19.1,212.0,2020-12-23T23:01:00,23.5,,,,,,,,,,,,,,,,,,,,,7.0,2020-12-23T20:00:00,,,0,,100.0,2020-12-23T05:37:00,,,,,,,,,,,,,,,,,,,,,,,,,,,,,,,,,,,,,,,,,,,,,,,,,,,,,,,,,,,,,,,,,,,,,
2020-12-24,-9999.1,702.9,2020-12-24T09:36:00,699.2,2020-12-24T14:15:00,5.5,7.7,2020-12-24T00:18:00,2.4,2020-12-24T23:54:00,100.0,99.0,2020-12-24T18:06:00,7.4,225.0,20.0,212.0,2020-12-24T03:56:00,36.5,,,,,,,,,,,,,,,,,,,,,10.0,2020-12-24T03:00:00,,,0,,100.0,2020-12-24T23:54:00,,,,,,,,,,,,,,,,,,,,,,,,,,,,,,,,,,,,,,,,,,,,,,,,,,,,,,,,,,,,,,,,,,,,,
2020-12-25,-9999.1,704.0,2020-12-25T10:05:00,699.4,2020-12-25T04:31:00,3.6,8.2,2020-12-25T13:21:00,1.0,2020-12-25T06:36:00,74.0,24.0,2020-12-25T23:31:00,7.3,225.0,14.6,209.0,2020-12-25T12:17:00,0.0,,,,,,,,,,,,,,,,,,,,,0.0,,,,0,,100.0,2020-12-25T09:32:00,,,,,,,,,,,,,,,,,,,,,,,,,,,,,,,,,,,,,,,,,,,,,,,,,,,,,,,,,,,,,,,,,,,,,
2020-12-26,-9999.1,703.8,2020-12-26T09:23:00,700.8,2020-12-26T14:15:00,5.3,11.5,2020-12-26T11:52:00,0.3,2020-12-26T23:51:00,28.0,16.0,2020-12-26T18:41:00,7.0,226.0,14.0,217.0,2020-12-26T13:59:00,0.0,,,,,,,,,,,,,,,,,,,,,0.0,,,,0,,83.0,2020-12-26T23:56:00,,,,,,,,,,,,,,,,,,,,,,,,,,,,,,,,,,,,,,,,,,,,,,,,,,,,,,,,,,,,,,,,,,,,,
2020-12-27,-9999.1,703.6,2020-12-27T11:39:00,700.9,2020-12-27T04:51:00,4.3,5.9,2020-12-27T22:22:00,-0.2,2020-12-27T00:14:00,100.0,76.0,2020-12-27T00:01:00,6.5,223.0,19.0,193.0,2020-12-27T14:27:00,3.0,,,,,,,,,,,,,,,,,,,,,0.5,2020-12-27T09:00:00,,,0,,100.0,2020-12-27T09:51:00,,,,,,,,,,,,,,,,,,,,,,,,,,,,,,,,,,,,,,,,,,,,,,,,,,,,,,,,,,,,,,,,,,,,,
2020-12-28,-9999.1,705.7,2020-12-28T08:59:00,700.7,2020-12-28T15:10:00,6.6,11.5,2020-12-28T11:53:00,4.9,2020-12-28T06:21:00,95.0,69.0,2020-12-28T10:53:00,5.2,221.0,15.3,195.0,2020-12-28T10:18:00,1.0,,,,,,,,,,,,,,,,,,,,,0.5,2020-12-28T01:00:00,,,0,,100.0,2020-12-28T13:17:00,,,,,,,,,,,,,,,,,,,,,,,,,,,,,,,,,,,,,,,,,,,,,,,,,,,,,,,,,,,,,,,,,,,,,
2020-12-29,-9999.1,703.9,2020-12-29T10:34:00,699.5,2020-12-29T15:14:00,5.2,7.8,2020-12-29T11:13:00,2.0,2020-12-29T23:38:00,100.0,93.0,2020-12-29T23:11:00,7.9,217.0,18.3,189.0,2020-12-29T14:00:00,0.5,,,,,,,,,,,,,,,,,,,,,0.5,2020-12-29T12:00:00,,,0,,100.0,2020-12-29T11:27:00,,,,,,,,,,,,,,,,,,,,,,,,,,,,,,,,,,,,,,,,,,,,,,,,,,,,,,,,,,,,,,,,,,,,,
2020-12-30,-9999.1,702.9,2020-12-30T09:57:00,698.1,2020-12-30T15:17:00,1.3,6.3,2020-12-30T12:47:00,-1.0,2020-12-30T23:57:00,95.0,60.0,2020-12-30T02:24:00,9.4,221.0,19.5,234.0,2020-12-30T14:36:00,0.0,,,,,,,,,,,,,,,,,,,,,0.0,,,,0,,100.0,2020-12-30T01:01:00,,,,,,,,,,,,,,,,,,,,,,,,,,,,,,,,,,,,,,,,,,,,,,,,,,,,,,,,,,,,,,,,,,,,,
2020-12-31,-9999.1,704.9,2020-12-31T08:56:00,696.8,2020-12-31T05:46:00,1.8,7.4,2020-12-31T14:32:00,-3.5,2020-12-31T07:31:00,60.0,9.0,2020-12-31T18:52:00,6.3,223.0,16.9,252.0,2020-12-31T19:39:00,0.0,,,,,,,,,,,,,,,,,,,,,0.0,,,,0,,100.0,2020-12-31T10:31:00,,,,,,,,,,,,,,,,,,,,,,,,,,,,,,,,,,,,,,,,,,,,,,,,,,,,,,,,,,,,,,,,,,,,,
