,StnPres,StnPresMax,StnPresMaxTime,StnPresMin,StnPresMinTime,Tx,TxMaxAbs,TxMaxAbsTime,TxMinAbs,TxMinAbsTime,RH,RHMin,RHMinTime,WS,WD,WSGust,WDGust,WGustTime,Precp,GloblRad,TxSoil0cm,TxSoil5cm,TxSoil20cm,TxSoil50cm,TxSoil100cm,AirTemperature.MaximumTimef,AirTemperature.Maximumf,AirTemperature.Meanf,AirTemperature.MinimumTimef,AirTemperature.Minimumf,GlobalSolarRadiation.Accumulationf,GlobalSolarRadiation.HourlyMaximumTimef,GlobalSolarRadiation.HourlyMaximumf,GloblRadMax,GloblRadMaxTime,PeakGust.Directionf,PeakGust.MaximumTimef,PeakGust.Maximumf,Precipitation.Accumulationf,Precipitation.HourlyMaximum,Precipitation.HourlyMaximumTime,Precipitation.HourlyMaximumTimef,Precipitation.HourlyMaximumf,Precipitation.MeltFlag,Precipitation.MeltFlagf,RelativeHumidity.Maximum,RelativeHumidity.MaximumTime,RelativeHumidity.MaximumTimef,RelativeHumidity.Maximumf,RelativeHumidity.Meanf,RelativeHumidity.MinimumTimef,RelativeHumidity.Minimumf,SoilTemperatureAt0cm.Maximum,SoilTemperatureAt0cm.MaximumTime,SoilTemperatureAt0cm.MaximumTimef,SoilTemperatureAt0cm.Maximumf,SoilTemperatureAt0cm.Meanf,SoilTemperatureAt0cm.Minimum,SoilTemperatureAt0cm.MinimumTime,SoilTemperatureAt0cm.MinimumTimef,SoilTemperatureAt0cm.Minimumf,SoilTemperatureAt100cm.Maximum,SoilTemperatureAt100cm.MaximumTime,SoilTemperatureAt100cm.MaximumTimef,SoilTemperatureAt100cm.Maximumf,SoilTemperatureAt100cm.Meanf,SoilTemperatureAt100cm.Minimum,SoilTemperatureAt100cm.MinimumTime,SoilTemperatureAt100cm.MinimumTimef,SoilTemperatureAt100cm.Minimumf,SoilTemperatureAt10cm.Maximum,SoilTemperatureAt10cm.MaximumTime,SoilTemperatureAt10cm.MaximumTimef,SoilTemperatureAt10cm.Maximumf,SoilTemperatureAt10cm.Meanf,SoilTemperatureAt10cm.Minimum,SoilTemperatureAt10cm.MinimumTime,SoilTemperatureAt10cm.MinimumTimef,SoilTemperatureAt10cm.Minimumf,SoilTemperatureAt20cm.Maximum,SoilTemperatureAt20cm.MaximumTime,SoilTemperatureAt20cm.MaximumTimef,SoilTemperatureAt20cm.Maximumf,SoilTemperatureAt20cm.Meanf,SoilTemperatureAt20cm.Minimum,SoilTemperatureAt20cm.MinimumTime,SoilTemperatureAt20cm.MinimumTimef,SoilTemperatureAt20cm.Minimumf,SoilTemperatureAt50cm.Maximum,SoilTemperatureAt50cm.MaximumTime,SoilTemperatureAt50cm.MaximumTimef,SoilTemperatureAt50cm.Maximumf,SoilTemperatureAt50cm.Meanf,SoilTemperatureAt50cm.Minimum,SoilTemperatureAt50cm.MinimumTime,SoilTemperatureAt50cm.MinimumTimef,SoilTemperatureAt50cm.Minimumf,SoilTemperatureAt5cm.Maximum,SoilTemperatureAt5cm.MaximumTime,SoilTemperatureAt5cm.MaximumTimef,SoilTemperatureAt5cm.Maximumf,SoilTemperatureAt5cm.Meanf,SoilTemperatureAt5cm.Minimum,SoilTemperatureAt5cm.MinimumTime,SoilTemperatureAt5cm.MinimumTimef,SoilTemperatureAt5cm.Minimumf,StationPressure.MaximumTimef,StationPressure.Maximumf,StationPressure.Meanf,StationPressure.MinimumTimef,StationPressure.Minimumf,SunShine,SunshineDuration.Totalf,TxSoil10cm,WindDirection.Prevailingf,WindSpeed.Meanf
2013-01-01,1018.0,1020.1,2013-01-01T09:20:00,1016.5,2013-01-01T13:57:00,13.7,15.2,2013-01-01T23:39:00,12.4,2013-01-01T00:01:00,82,70,2013-01-01T03:30:00,1.9,55,7.5,112,2013-01-01T22:02:00,1.5,,,,,,,,,,,,,,,,,,,,,,,,,,,93,2013-01-01T18:35:00,,,,,,,,,,,,,,,,,,,,,,,,,,,,,,,,,,,,,,,,,,,,,,,,,,,,,,,,,,,,,,,,,,,,,
2013-01-02,1018.4,1022.3,2013-01-02T23:53:00,1015.6,2013-01-02T02:19:00,17.0,21.0,2013-01-02T13:23:00,14.6,2013-01-02T06:23:00,85,69,2013-01-02T13:24:00,2.5,9,12.5,10,2013-01-02T21:34:00,1.5,,,,,,,,,,,,,,,,,,,,,,,,,,,94,2013-01-02T07:49:00,,,,,,,,,,,,,,,,,,,,,,,,,,,,,,,,,,,,,,,,,,,,,,,,,,,,,,,,,,,,,,,,,,,,,
2013-01-03,1023.7,1026.3,2013-01-03T09:11:00,1021.9,2013-01-03T00:14:00,13.5,15.9,2013-01-03T00:54:00,12.2,2013-01-03T22:32:00,89,85,2013-01-03T18:40:00,4.5,49,14.6,51,2013-01-03T07:26:00,16.5,,,,,,,,,,,,,,,,,,,,,,,,,,,93,2013-01-03T06:08:00,,,,,,,,,,,,,,,,,,,,,,,,,,,,,,,,,,,,,,,,,,,,,,,,,,,,,,,,,,,,,,,,,,,,,
2013-01-04,1018.1,1023.1,2013-01-04T00:15:00,1015.3,2013-01-04T14:55:00,15.0,18.6,2013-01-04T12:40:00,12.5,2013-01-04T04:43:00,89,77,2013-01-04T12:45:00,3.1,37,12.2,47,2013-01-04T04:42:00,8.0,,,,,,,,,,,,,,,,,,,,,,,,,,,94,2013-01-04T03:17:00,,,,,,,,,,,,,,,,,,,,,,,,,,,,,,,,,,,,,,,,,,,,,,,,,,,,,,,,,,,,,,,,,,,,,
2013-01-05,1016.1,1018.2,2013-01-05T08:57:00,1014.6,2013-01-05T14:14:00,15.4,16.1,2013-01-05T23:15:00,14.8,2013-01-05T09:11:00,93,90,2013-01-05T23:22:00,3.3,27,12.2,35,2013-01-05T13:29:00,3.0,,,,,,,,,,,,,,,,,,,,,,,,,,,96,2013-01-05T04:29:00,,,,,,,,,,,,,,,,,,,,,,,,,,,,,,,,,,,,,,,,,,,,,,,,,,,,,,,,,,,,,,,,,,,,,
2013-01-06,1015.6,1017.1,2013-01-06T09:37:00,1014.1,2013-01-06T14:49:00,17.1,19.9,2013-01-06T10:21:00,15.9,2013-01-06T00:01:00,91,82,2013-01-06T10:22:00,2.9,24,12.2,353,2013-01-06T13:13:00,0.5,,,,,,,,,,,,,,,,,,,,,,,,,,,95,2013-01-06T20:32:00,,,,,,,,,,,,,,,,,,,,,,,,,,,,,,,,,,,,,,,,,,,,,,,,,,,,,,,,,,,,,,,,,,,,,
2013-01-07,1015.1,1017.8,2013-01-07T09:22:00,1012.8,2013-01-07T15:36:00,16.8,17.4,2013-01-07T11:17:00,16.4,2013-01-07T06:31:00,93,90,2013-01-07T03:56:00,3.1,22,10.1,53,2013-01-07T02:53:00,1.0,,,,,,,,,,,,,,,,,,,,,,,,,,,95,2013-01-07T09:45:00,,,,,,,,,,,,,,,,,,,,,,,,,,,,,,,,,,,,,,,,,,,,,,,,,,,,,,,,,,,,,,,,,,,,,
2013-01-08,1015.6,1017.9,2013-01-08T08:04:00,1013.8,2013-01-08T14:26:00,15.3,16.9,2013-01-09T00:00:00,13.9,2013-01-08T23:49:00,94,91,2013-01-08T15:05:00,3.7,12,11.6,16,2013-01-08T23:18:00,26.0,,,,,,,,,,,,,,,,,,,,,,,,,,,96,2013-01-08T18:52:00,,,,,,,,,,,,,,,,,,,,,,,,,,,,,,,,,,,,,,,,,,,,,,,,,,,,,,,,,,,,,,,,,,,,,
2013-01-09,1018.1,1019.4,2013-01-09T23:41:00,1016.2,2013-01-09T14:35:00,13.5,14.3,2013-01-09T08:59:00,12.9,2013-01-09T15:25:00,92,87,2013-01-09T08:53:00,4.1,14,12.1,34,2013-01-09T16:05:00,24.0,,,,,,,,,,,,,,,,,,,,,,,,,,,95,2013-01-09T01:36:00,,,,,,,,,,,,,,,,,,,,,,,,,,,,,,,,,,,,,,,,,,,,,,,,,,,,,,,,,,,,,,,,,,,,,
2013-01-10,1019.7,1021.3,2013-01-10T22:53:00,1018.3,2013-01-10T03:33:00,13.8,15.4,2013-01-10T13:27:00,13.0,2013-01-10T02:17:00,86,79,2013-01-10T15:31:00,3.6,43,12.0,68,2013-01-10T19:23:00,2.0,,,,,,,,,,,,,,,,,,,,,,,,,,,93,2013-01-10T01:07:00,,,,,,,,,,,,,,,,,,,,,,,,,,,,,,,,,,,,,,,,,,,,,,,,,,,,,,,,,,,,,,,,,,,,,
2013-01-11,1017.5,1021.2,2013-01-12T00:00:00,1015.2,2013-01-11T14:12:00,17.4,22.9,2013-01-11T13:42:00,13.2,2013-01-11T02:49:00,80,60,2013-01-11T13:47:00,2.5,62,11.9,95,2013-01-11T10:27:00,0.0,,,,,,,,,,,,,,,,,,,,,,,,,,,96,2013-01-11T23:39:00,,,,,,,,,,,,,,,,,,,,,,,,,,,,,,,,,,,,,,,,,,,,,,,,,,,,,,,,,,,,,,,,,,,,,
2013-01-12,1015.3,1019.0,2013-01-12T10:01:00,1010.6,2013-01-12T23:10:00,17.5,18.3,2013-01-12T23:04:00,16.7,2013-01-12T04:15:00,94,91,2013-01-12T14:26:00,3.0,29,10.6,34,2013-01-12T09:31:00,16.0,,,,,,,,,,,,,,,,,,,,,,,,,,,97,2013-01-12T23:46:00,,,,,,,,,,,,,,,,,,,,,,,,,,,,,,,,,,,,,,,,,,,,,,,,,,,,,,,,,,,,,,,,,,,,,
2013-01-13,1011.8,1014.7,2013-01-13T23:43:00,1009.0,2013-01-13T04:31:00,15.4,18.3,2013-01-13T00:07:00,13.6,2013-01-13T15:56:00,91,74,2013-01-13T23:40:00,3.1,334,10.4,333,2013-01-13T04:47:00,13.0,,,,,,,,,,,,,,,,,,,,,,,,,,,98,2013-01-13T03:54:00,,,,,,,,,,,,,,,,,,,,,,,,,,,,,,,,,,,,,,,,,,,,,,,,,,,,,,,,,,,,,,,,,,,,,
2013-01-14,1018.6,1020.0,2013-01-14T22:35:00,1014.7,2013-01-14T00:01:00,13.5,15.9,2013-01-14T14:05:00,12.0,2013-01-14T21:10:00,68,57,2013-01-14T12:28:00,3.2,31,10.7,4,2013-01-14T03:31:00,0.0,,,,,,,,,,,,,,,,,,,,,,,,,,,77,2013-01-14T00:07:00,,,,,,,,,,,,,,,,,,,,,,,,,,,,,,,,,,,,,,,,,,,,,,,,,,,,,,,,,,,,,,,,,,,,,
2013-01-15,1018.5,1020.8,2013-01-15T07:08:00,1016.1,2013-01-15T14:31:00,15.5,22.1,2013-01-15T11:59:00,10.9,2013-01-15T06:50:00,71,40,2013-01-15T12:02:00,1.7,103,8.9,104,2013-01-15T10:13:00,0.0,,,,,,,,,,,,,,,,,,,,,,,,,,,95,2013-01-15T23:51:00,,,,,,,,,,,,,,,,,,,,,,,,,,,,,,,,,,,,,,,,,,,,,,,,,,,,,,,,,,,,,,,,,,,,,
2013-01-16,1019.4,1021.0,2013-01-16T22:51:00,1017.0,2013-01-16T14:36:00,15.3,20.2,2013-01-16T13:11:00,9.9,2013-01-16T04:33:00,82,56,2013-01-16T09:51:00,2.5,31,11.9,34,2013-01-16T15:29:00,0.0,,,,,,,,,,,,,,,,,,,,,,,,,,,97,2013-01-16T05:16:00,,,,,,,,,,,,,,,,,,,,,,,,,,,,,,,,,,,,,,,,,,,,,,,,,,,,,,,,,,,,,,,,,,,,,
2013-01-17,1025.0,1027.9,2013-01-17T21:20:00,1020.8,2013-01-17T02:20:00,13.3,15.8,2013-01-17T03:12:00,11.8,2013-01-17T14:34:00,70,53,2013-01-17T22:20:00,4.3,49,15.5,27,2013-01-17T13:31:00,0.0,,,,,,,,,,,,,,,,,,,,,,,,,,,84,2013-01-17T04:27:00,,,,,,,,,,,,,,,,,,,,,,,,,,,,,,,,,,,,,,,,,,,,,,,,,,,,,,,,,,,,,,,,,,,,,
2013-01-18,1025.9,1029.1,2013-01-18T08:55:00,1023.3,2013-01-18T23:56:00,12.5,15.4,2013-01-18T11:35:00,11.0,2013-01-18T06:34:00,64,53,2013-01-18T11:39:00,3.0,50,12.3,59,2013-01-18T00:08:00,0.0,,,,,,,,,,,,,,,,,,,,,,,,,,,79,2013-01-18T23:56:00,,,,,,,,,,,,,,,,,,,,,,,,,,,,,,,,,,,,,,,,,,,,,,,,,,,,,,,,,,,,,,,,,,,,,
2013-01-19,1020.1,1023.4,2013-01-20T00:00:00,1016.8,2013-01-19T15:00:00,17.2,22.4,2013-01-19T12:59:00,12.3,2013-01-19T00:29:00,63,48,2013-01-19T12:03:00,3.0,88,10.5,97,2013-01-19T17:16:00,0.0,,,,,,,,,,,,,,,,,,,,,,,,,,,79,2013-01-19T00:34:00,,,,,,,,,,,,,,,,,,,,,,,,,,,,,,,,,,,,,,,,,,,,,,,,,,,,,,,,,,,,,,,,,,,,,
2013-01-20,1019.6,1022.2,2013-01-20T09:04:00,1017.9,2013-01-20T15:16:00,15.8,21.5,2013-01-20T11:40:00,9.8,2013-01-20T05:40:00,84,58,2013-01-20T11:31:00,1.4,5,6.4,353,2013-01-20T15:24:00,0.0,,,,,,,,,,,,,,,,,,,,,,,,,,,96,2013-01-20T23:52:00,,,,,,,,,,,,,,,,,,,,,,,,,,,,,,,,,,,,,,,,,,,,,,,,,,,,,,,,,,,,,,,,,,,,,
2013-01-21,1017.5,1019.5,2013-01-21T09:13:00,1016.0,2013-01-21T14:56:00,18.3,22.9,2013-01-21T14:09:00,14.7,2013-01-21T01:56:00,88,64,2013-01-21T14:44:00,1.1,342,5.4,25,2013-01-21T13:08:00,0.0,,,,,,,,,,,,,,,,,,,,,,,,,,,97,2013-01-21T02:39:00,,,,,,,,,,,,,,,,,,,,,,,,,,,,,,,,,,,,,,,,,,,,,,,,,,,,,,,,,,,,,,,,,,,,,
2013-01-22,1017.8,1019.9,2013-01-22T09:34:00,1016.4,2013-01-22T15:43:00,17.4,20.9,2013-01-22T12:39:00,15.0,2013-01-22T03:12:00,90,79,2013-01-22T12:41:00,2.4,23,11.4,40,2013-01-22T12:58:00,0.0,,,,,,,,,,,,,,,,,,,,,,,,,,,97,2013-01-22T03:28:00,,,,,,,,,,,,,,,,,,,,,,,,,,,,,,,,,,,,,,,,,,,,,,,,,,,,,,,,,,,,,,,,,,,,,
2013-01-23,1017.7,1020.2,2013-01-23T09:25:00,1016.1,2013-01-23T23:53:00,15.9,16.9,2013-01-23T03:22:00,15.3,2013-01-23T07:12:00,85,79,2013-01-23T23:59:00,2.9,19,10.2,1,2013-01-23T11:36:00,0.0,,,,,,,,,,,,,,,,,,,,,,,,,,,92,2013-01-23T09:47:00,,,,,,,,,,,,,,,,,,,,,,,,,,,,,,,,,,,,,,,,,,,,,,,,,,,,,,,,,,,,,,,,,,,,,
2013-01-24,1015.7,1017.2,2013-01-24T23:36:00,1014.3,2013-01-24T13:55:00,17.2,21.8,2013-01-24T10:49:00,14.7,2013-01-24T06:30:00,76,55,2013-01-24T10:53:00,2.7,1,9.8,13,2013-01-24T13:55:00,0.0,,,,,,,,,,,,,,,,,,,,,,,,,,,87,2013-01-24T21:15:00,,,,,,,,,,,,,,,,,,,,,,,,,,,,,,,,,,,,,,,,,,,,,,,,,,,,,,,,,,,,,,,,,,,,,
2013-01-25,1017.7,1020.0,2013-01-25T09:22:00,1016.2,2013-01-25T16:16:00,14.9,16.5,2013-01-25T00:02:00,14.0,2013-01-25T08:09:00,74,66,2013-01-25T08:57:00,3.3,31,12.6,59,2013-01-25T03:58:00,0.0,,,,,,,,,,,,,,,,,,,,,,,,,,,81,2013-01-26T00:00:00,,,,,,,,,,,,,,,,,,,,,,,,,,,,,,,,,,,,,,,,,,,,,,,,,,,,,,,,,,,,,,,,,,,,,
2013-01-26,1016.5,1019.3,2013-01-26T23:30:00,1014.6,2013-01-26T13:51:00,16.2,19.3,2013-01-26T10:17:00,14.1,2013-01-26T23:57:00,76,64,2013-01-26T10:19:00,2.2,30,8.8,63,2013-01-26T18:32:00,0.5,,,,,,,,,,,,,,,,,,,,,,,,,,,87,2013-01-26T23:59:00,,,,,,,,,,,,,,,,,,,,,,,,,,,,,,,,,,,,,,,,,,,,,,,,,,,,,,,,,,,,,,,,,,,,,
2013-01-27,1021.3,1023.5,2013-01-27T20:03:00,1018.4,2013-01-27T01:37:00,14.1,17.1,2013-01-27T13:57:00,12.3,2013-01-27T23:44:00,73,53,2013-01-27T16:07:00,2.6,68,12.0,18,2013-01-27T14:35:00,1.0,,,,,,,,,,,,,,,,,,,,,,,,,,,92,2013-01-27T01:28:00,,,,,,,,,,,,,,,,,,,,,,,,,,,,,,,,,,,,,,,,,,,,,,,,,,,,,,,,,,,,,,,,,,,,,
2013-01-28,1020.0,1022.6,2013-01-28T00:01:00,1018.0,2013-01-28T15:08:00,15.5,19.3,2013-01-28T13:26:00,12.2,2013-01-28T02:12:00,63,52,2013-01-28T12:35:00,4.3,97,14.6,69,2013-01-28T10:21:00,0.0,,,,,,,,,,,,,,,,,,,,,,,,,,,71,2013-01-28T23:54:00,,,,,,,,,,,,,,,,,,,,,,,,,,,,,,,,,,,,,,,,,,,,,,,,,,,,,,,,,,,,,,,,,,,,,
2013-01-29,1020.1,1021.6,2013-01-29T23:58:00,1017.8,2013-01-29T02:41:00,14.8,18.6,2013-01-29T13:02:00,11.3,2013-01-29T22:00:00,85,69,2013-01-29T00:04:00,1.3,10,8.3,95,2013-01-29T00:16:00,0.5,,,,,,,,,,,,,,,,,,,,,,,,,,,96,2013-01-29T22:12:00,,,,,,,,,,,,,,,,,,,,,,,,,,,,,,,,,,,,,,,,,,,,,,,,,,,,,,,,,,,,,,,,,,,,,
2013-01-30,1021.4,1023.6,2013-01-30T10:24:00,1019.0,2013-01-30T23:31:00,16.1,20.9,2013-01-30T12:44:00,11.7,2013-01-30T06:24:00,73,54,2013-01-30T12:03:00,2.4,86,10.6,27,2013-01-30T13:47:00,0.0,,,,,,,,,,,,,,,,,,,,,,,,,,,94,2013-01-30T00:05:00,,,,,,,,,,,,,,,,,,,,,,,,,,,,,,,,,,,,,,,,,,,,,,,,,,,,,,,,,,,,,,,,,,,,,
2013-01-31,1019.6,1021.2,2013-01-31T10:19:00,1017.9,2013-01-31T15:22:00,15.4,21.3,2013-01-31T11:36:00,9.1,2013-01-31T06:15:00,82,57,2013-01-31T09:54:00,1.0,318,6.7,103,2013-01-31T00:02:00,0.0,,,,,,,,,,,,,,,,,,,,,,,,,,,96,2013-01-31T07:32:00,,,,,,,,,,,,,,,,,,,,,,,,,,,,,,,,,,,,,,,,,,,,,,,,,,,,,,,,,,,,,,,,,,,,,
2013-02-01,1018.4,1020.8,2013-02-01T09:59:00,1016.8,2013-02-01T15:32:00,17.4,24.8,2013-02-01T14:16:00,11.1,2013-02-01T04:12:00,78,47,2013-02-01T14:17:00,0.8,14,4.4,322,2013-02-01T09:59:00,0.5,,,,,,,,,,,,,,,,,,,,,,,,,,,97,2013-02-01T05:03:00,,,,,,,,,,,,,,,,,,,,,,,,,,,,,,,,,,,,,,,,,,,,,,,,,,,,,,,,,,,,,,,,,,,,,
2013-02-02,1018.2,1020.6,2013-02-02T10:34:00,1016.5,2013-02-02T23:45:00,18.7,22.1,2013-02-02T09:10:00,15.1,2013-02-02T05:50:00,90,76,2013-02-02T09:11:00,2.9,20,13.5,26,2013-02-02T10:52:00,0.0,,,,,,,,,,,,,,,,,,,,,,,,,,,96,2013-02-02T20:10:00,,,,,,,,,,,,,,,,,,,,,,,,,,,,,,,,,,,,,,,,,,,,,,,,,,,,,,,,,,,,,,,,,,,,,
2013-02-03,1017.0,1019.8,2013-02-03T09:38:00,1014.4,2013-02-03T14:22:00,17.0,21.5,2013-02-03T00:50:00,14.1,2013-02-03T18:53:00,94,80,2013-02-03T00:49:00,1.2,1,7.4,330,2013-02-03T15:39:00,0.0,,,,,,,,,,,,,,,,,,,,,,,,,,,98,2013-02-03T21:19:00,,,,,,,,,,,,,,,,,,,,,,,,,,,,,,,,,,,,,,,,,,,,,,,,,,,,,,,,,,,,,,,,,,,,,
2013-02-04,1016.4,1017.9,2013-02-04T09:50:00,1014.4,2013-02-04T14:51:00,20.4,25.7,2013-02-04T13:57:00,15.0,2013-02-04T01:27:00,86,69,2013-02-04T14:39:00,1.5,341,6.9,353,2013-02-04T20:39:00,0.0,,,,,,,,,,,,,,,,,,,,,,,,,,,97,2013-02-04T04:25:00,,,,,,,,,,,,,,,,,,,,,,,,,,,,,,,,,,,,,,,,,,,,,,,,,,,,,,,,,,,,,,,,,,,,,
2013-02-05,1016.2,1020.2,2013-02-05T08:44:00,1013.7,2013-02-05T18:45:00,18.6,23.0,2013-02-05T14:48:00,13.0,2013-02-05T08:44:00,86,66,2013-02-05T14:41:00,2.1,168,7.3,152,2013-02-05T11:32:00,1.0,,,,,,,,,,,,,,,,,,,,,,,,,,,98,2013-02-05T06:39:00,,,,,,,,,,,,,,,,,,,,,,,,,,,,,,,,,,,,,,,,,,,,,,,,,,,,,,,,,,,,,,,,,,,,,
2013-02-06,1014.8,1017.0,2013-02-06T09:30:00,1012.1,2013-02-06T13:51:00,17.9,22.7,2013-02-06T13:55:00,16.4,2013-02-06T03:20:00,88,69,2013-02-06T13:54:00,2.7,22,12.1,47,2013-02-06T12:58:00,0.0,,,,,,,,,,,,,,,,,,,,,,,,,,,96,2013-02-06T05:44:00,,,,,,,,,,,,,,,,,,,,,,,,,,,,,,,,,,,,,,,,,,,,,,,,,,,,,,,,,,,,,,,,,,,,,
2013-02-07,1014.1,1018.3,2013-02-07T23:55:00,1011.9,2013-02-07T13:35:00,16.7,21.2,2013-02-07T12:47:00,14.1,2013-02-07T23:32:00,92,80,2013-02-07T12:48:00,3.5,5,13.5,41,2013-02-07T23:41:00,0.0,,,,,,,,,,,,,,,,,,,,,,,,,,,97,2013-02-07T07:32:00,,,,,,,,,,,,,,,,,,,,,,,,,,,,,,,,,,,,,,,,,,,,,,,,,,,,,,,,,,,,,,,,,,,,,
2013-02-08,1020.2,1022.3,2013-02-08T21:27:00,1017.6,2013-02-08T14:41:00,12.7,14.4,2013-02-08T00:01:00,11.5,2013-02-08T20:25:00,89,82,2013-02-08T15:40:00,4.5,40,14.8,61,2013-02-08T06:28:00,1.5,,,,,,,,,,,,,,,,,,,,,,,,,,,95,2013-02-08T21:07:00,,,,,,,,,,,,,,,,,,,,,,,,,,,,,,,,,,,,,,,,,,,,,,,,,,,,,,,,,,,,,,,,,,,,,
2013-02-09,1020.3,1021.8,2013-02-09T00:54:00,1018.6,2013-02-09T15:51:00,13.4,15.0,2013-02-09T11:01:00,11.6,2013-02-09T01:32:00,91,85,2013-02-09T10:56:00,3.4,20,11.7,17,2013-02-09T00:57:00,0.5,,,,,,,,,,,,,,,,,,,,,,,,,,,94,2013-02-09T02:11:00,,,,,,,,,,,,,,,,,,,,,,,,,,,,,,,,,,,,,,,,,,,,,,,,,,,,,,,,,,,,,,,,,,,,,
2013-02-10,1018.2,1019.7,2013-02-10T09:56:00,1016.5,2013-02-10T15:22:00,14.6,15.2,2013-02-10T22:59:00,13.7,2013-02-10T04:26:00,94,90,2013-02-10T00:31:00,3.3,28,10.4,34,2013-02-10T22:17:00,1.0,,,,,,,,,,,,,,,,,,,,,,,,,,,96,2013-02-10T05:53:00,,,,,,,,,,,,,,,,,,,,,,,,,,,,,,,,,,,,,,,,,,,,,,,,,,,,,,,,,,,,,,,,,,,,,
2013-02-11,1018.2,1020.4,2013-02-11T09:42:00,1016.7,2013-02-11T15:10:00,15.8,17.6,2013-02-11T12:22:00,14.7,2013-02-11T03:48:00,92,83,2013-02-11T12:09:00,3.8,11,11.5,5,2013-02-11T14:18:00,0.0,,,,,,,,,,,,,,,,,,,,,,,,,,,96,2013-02-11T05:34:00,,,,,,,,,,,,,,,,,,,,,,,,,,,,,,,,,,,,,,,,,,,,,,,,,,,,,,,,,,,,,,,,,,,,,
2013-02-12,1019.1,1021.5,2013-02-12T22:03:00,1016.8,2013-02-12T02:43:00,14.1,16.4,2013-02-13T00:00:00,12.8,2013-02-12T07:54:00,95,88,2013-02-12T22:11:00,3.4,5,12.3,24,2013-02-12T18:01:00,1.5,,,,,,,,,,,,,,,,,,,,,,,,,,,98,2013-02-12T07:12:00,,,,,,,,,,,,,,,,,,,,,,,,,,,,,,,,,,,,,,,,,,,,,,,,,,,,,,,,,,,,,,,,,,,,,
2013-02-13,1018.5,1021.9,2013-02-13T07:24:00,1015.3,2013-02-13T21:48:00,15.9,19.0,2013-02-13T22:25:00,12.4,2013-02-13T04:19:00,83,70,2013-02-13T12:51:00,3.1,35,13.0,18,2013-02-13T06:14:00,0.5,,,,,,,,,,,,,,,,,,,,,,,,,,,93,2013-02-13T04:17:00,,,,,,,,,,,,,,,,,,,,,,,,,,,,,,,,,,,,,,,,,,,,,,,,,,,,,,,,,,,,,,,,,,,,,
2013-02-14,1015.0,1017.2,2013-02-14T09:23:00,1013.1,2013-02-14T17:15:00,15.8,17.6,2013-02-15T00:00:00,14.6,2013-02-14T18:57:00,93,84,2013-02-14T00:08:00,1.4,149,4.9,348,2013-02-14T13:01:00,0.0,,,,,,,,,,,,,,,,,,,,,,,,,,,97,2013-02-14T20:04:00,,,,,,,,,,,,,,,,,,,,,,,,,,,,,,,,,,,,,,,,,,,,,,,,,,,,,,,,,,,,,,,,,,,,,
2013-02-15,1016.9,1019.7,2013-02-15T22:28:00,1013.9,2013-02-15T01:56:00,14.8,16.0,2013-02-15T09:44:00,13.1,2013-02-15T19:52:00,93,85,2013-02-15T13:00:00,3.1,1,13.9,22,2013-02-15T18:24:00,2.5,,,,,,,,,,,,,,,,,,,,,,,,,,,96,2013-02-15T09:31:00,,,,,,,,,,,,,,,,,,,,,,,,,,,,,,,,,,,,,,,,,,,,,,,,,,,,,,,,,,,,,,,,,,,,,
2013-02-16,1017.1,1020.0,2013-02-16T08:48:00,1013.4,2013-02-16T23:48:00,17.6,21.2,2013-02-16T13:33:00,13.5,2013-02-16T01:15:00,74,59,2013-02-16T13:34:00,3.8,52,12.5,100,2013-02-16T13:09:00,0.0,,,,,,,,,,,,,,,,,,,,,,,,,,,91,2013-02-16T00:59:00,,,,,,,,,,,,,,,,,,,,,,,,,,,,,,,,,,,,,,,,,,,,,,,,,,,,,,,,,,,,,,,,,,,,,
2013-02-17,1012.7,1014.9,2013-02-17T08:20:00,1010.1,2013-02-17T14:58:00,17.8,21.4,2013-02-17T10:07:00,15.0,2013-02-17T19:05:00,85,71,2013-02-17T00:56:00,1.3,349,7.7,95,2013-02-17T00:03:00,0.0,,,,,,,,,,,,,,,,,,,,,,,,,,,94,2013-02-17T19:28:00,,,,,,,,,,,,,,,,,,,,,,,,,,,,,,,,,,,,,,,,,,,,,,,,,,,,,,,,,,,,,,,,,,,,,
2013-02-18,1011.4,1012.8,2013-02-18T08:58:00,1009.2,2013-02-18T15:27:00,20.2,25.3,2013-02-18T13:06:00,14.9,2013-02-18T03:56:00,82,57,2013-02-18T11:23:00,1.3,5,6.2,336,2013-02-18T11:24:00,0.0,,,,,,,,,,,,,,,,,,,,,,,,,,,95,2013-02-18T07:09:00,,,,,,,,,,,,,,,,,,,,,,,,,,,,,,,,,,,,,,,,,,,,,,,,,,,,,,,,,,,,,,,,,,,,,
2013-02-19,1016.4,1021.3,2013-02-19T23:02:00,1010.9,2013-02-19T04:29:00,14.0,18.4,2013-02-20T00:00:00,11.6,2013-02-19T21:16:00,94,90,2013-02-19T11:54:00,4.2,20,13.2,24,2013-02-19T19:02:00,2.5,,,,,,,,,,,,,,,,,,,,,,,,,,,97,2013-02-19T06:22:00,,,,,,,,,,,,,,,,,,,,,,,,,,,,,,,,,,,,,,,,,,,,,,,,,,,,,,,,,,,,,,,,,,,,,
2013-02-20,1019.8,1021.8,2013-02-20T09:05:00,1017.2,2013-02-20T15:32:00,14.3,16.1,2013-02-20T15:01:00,11.9,2013-02-20T00:05:00,87,78,2013-02-20T14:46:00,3.6,32,12.6,58,2013-02-20T01:44:00,0.0,,,,,,,,,,,,,,,,,,,,,,,,,,,94,2013-02-20T00:42:00,,,,,,,,,,,,,,,,,,,,,,,,,,,,,,,,,,,,,,,,,,,,,,,,,,,,,,,,,,,,,,,,,,,,,
2013-02-21,1018.3,1020.7,2013-02-21T09:56:00,1016.1,2013-02-21T16:03:00,16.3,17.9,2013-02-21T10:44:00,15.3,2013-02-21T23:41:00,94,86,2013-02-21T10:50:00,3.9,8,11.8,29,2013-02-21T20:53:00,6.0,,,,,,,,,,,,,,,,,,,,,,,,,,,97,2013-02-21T18:53:00,,,,,,,,,,,,,,,,,,,,,,,,,,,,,,,,,,,,,,,,,,,,,,,,,,,,,,,,,,,,,,,,,,,,,
2013-02-22,1020.9,1023.8,2013-02-22T22:41:00,1017.6,2013-02-22T00:21:00,14.3,15.4,2013-02-22T00:01:00,13.2,2013-02-22T04:36:00,94,86,2013-02-22T23:42:00,4.0,8,13.1,353,2013-02-22T14:11:00,4.0,,,,,,,,,,,,,,,,,,,,,,,,,,,97,2013-02-22T07:56:00,,,,,,,,,,,,,,,,,,,,,,,,,,,,,,,,,,,,,,,,,,,,,,,,,,,,,,,,,,,,,,,,,,,,,
2013-02-23,1022.0,1024.3,2013-02-23T09:42:00,1020.0,2013-02-23T15:45:00,15.8,17.4,2013-02-23T23:55:00,14.1,2013-02-23T00:42:00,80,75,2013-02-23T10:06:00,3.7,40,13.3,68,2013-02-23T15:46:00,0.5,,,,,,,,,,,,,,,,,,,,,,,,,,,93,2013-02-23T00:55:00,,,,,,,,,,,,,,,,,,,,,,,,,,,,,,,,,,,,,,,,,,,,,,,,,,,,,,,,,,,,,,,,,,,,,
2013-02-24,1017.7,1020.9,2013-02-25T00:00:00,1015.3,2013-02-24T14:44:00,19.0,24.0,2013-02-24T13:20:00,15.3,2013-02-24T23:43:00,76,55,2013-02-24T13:23:00,3.0,108,17.1,108,2013-02-24T08:37:00,0.0,,,,,,,,,,,,,,,,,,,,,,,,,,,94,2013-02-24T21:51:00,,,,,,,,,,,,,,,,,,,,,,,,,,,,,,,,,,,,,,,,,,,,,,,,,,,,,,,,,,,,,,,,,,,,,
2013-02-25,1017.1,1019.4,2013-02-25T09:43:00,1015.5,2013-02-25T16:43:00,17.1,21.4,2013-02-25T14:06:00,14.4,2013-02-25T03:22:00,91,71,2013-02-25T14:07:00,1.3,14,5.3,339,2013-02-25T13:07:00,0.0,,,,,,,,,,,,,,,,,,,,,,,,,,,98,2013-02-25T23:55:00,,,,,,,,,,,,,,,,,,,,,,,,,,,,,,,,,,,,,,,,,,,,,,,,,,,,,,,,,,,,,,,,,,,,,
2013-02-26,1013.9,1016.8,2013-02-26T09:06:00,1011.8,2013-02-26T15:50:00,19.2,25.8,2013-02-26T14:37:00,14.3,2013-02-26T06:31:00,80,51,2013-02-26T15:24:00,1.4,16,5.5,250,2013-02-26T15:23:00,0.0,,,,,,,,,,,,,,,,,,,,,,,,,,,98,2013-02-26T09:24:00,,,,,,,,,,,,,,,,,,,,,,,,,,,,,,,,,,,,,,,,,,,,,,,,,,,,,,,,,,,,,,,,,,,,,
2013-02-27,1012.9,1014.2,2013-02-27T09:46:00,1011.4,2013-02-27T04:03:00,17.4,19.7,2013-02-28T00:00:00,15.7,2013-02-27T16:41:00,95,78,2013-02-28T00:00:00,2.2,6,8.9,353,2013-02-27T17:34:00,27.5,,,,,,,,,,,,,,,,,,,,,,,,,,,97,2013-02-27T13:19:00,,,,,,,,,,,,,,,,,,,,,,,,,,,,,,,,,,,,,,,,,,,,,,,,,,,,,,,,,,,,,,,,,,,,,
2013-02-28,1011.7,1013.3,2013-02-28T07:29:00,1010.0,2013-02-28T15:40:00,18.0,24.6,2013-02-28T10:55:00,15.6,2013-02-28T23:18:00,87,64,2013-02-28T10:53:00,2.2,19,10.0,339,2013-02-28T12:13:00,0.0,,,,,,,,,,,,,,,,,,,,,,,,,,,96,2013-02-28T23:55:00,,,,,,,,,,,,,,,,,,,,,,,,,,,,,,,,,,,,,,,,,,,,,,,,,,,,,,,,,,,,,,,,,,,,,
2013-03-01,1013.3,1019.8,2013-03-01T23:51:00,1010.4,2013-03-01T15:26:00,18.1,26.0,2013-03-01T12:51:00,12.9,2013-03-01T23:47:00,88,67,2013-03-01T12:51:00,2.5,312,15.1,31,2013-03-01T19:17:00,3.0,,,,,,,,,,,,,,,,,,,,,,,,,,,96,2013-03-01T04:09:00,,,,,,,,,,,,,,,,,,,,,,,,,,,,,,,,,,,,,,,,,,,,,,,,,,,,,,,,,,,,,,,,,,,,,
2013-03-02,1022.3,1024.4,2013-03-02T10:29:00,1019.3,2013-03-02T00:09:00,11.8,12.9,2013-03-03T00:00:00,11.1,2013-03-02T18:08:00,89,81,2013-03-02T23:58:00,4.3,43,13.9,27,2013-03-02T04:06:00,5.0,,,,,,,,,,,,,,,,,,,,,,,,,,,95,2013-03-02T00:25:00,,,,,,,,,,,,,,,,,,,,,,,,,,,,,,,,,,,,,,,,,,,,,,,,,,,,,,,,,,,,,,,,,,,,,
2013-03-03,1022.2,1023.8,2013-03-03T08:44:00,1020.0,2013-03-03T14:43:00,11.8,12.6,2013-03-03T13:47:00,9.5,2013-03-03T22:44:00,72,67,2013-03-03T14:49:00,3.0,41,11.0,83,2013-03-03T01:51:00,0.0,,,,,,,,,,,,,,,,,,,,,,,,,,,83,2013-03-03T00:20:00,,,,,,,,,,,,,,,,,,,,,,,,,,,,,,,,,,,,,,,,,,,,,,,,,,,,,,,,,,,,,,,,,,,,,
2013-03-04,1021.9,1023.1,2013-03-04T09:32:00,1020.0,2013-03-04T15:49:00,13.9,18.1,2013-03-04T12:04:00,8.1,2013-03-04T06:19:00,64,48,2013-03-04T16:44:00,2.7,28,12.3,8,2013-03-04T15:12:00,0.0,,,,,,,,,,,,,,,,,,,,,,,,,,,86,2013-03-04T04:55:00,,,,,,,,,,,,,,,,,,,,,,,,,,,,,,,,,,,,,,,,,,,,,,,,,,,,,,,,,,,,,,,,,,,,,
2013-03-05,1020.1,1022.2,2013-03-05T08:43:00,1018.0,2013-03-05T16:24:00,18.4,23.0,2013-03-05T13:14:00,14.4,2013-03-05T02:35:00,50,37,2013-03-05T15:20:00,4.2,99,15.3,107,2013-03-05T08:24:00,0.0,,,,,,,,,,,,,,,,,,,,,,,,,,,63,2013-03-05T00:55:00,,,,,,,,,,,,,,,,,,,,,,,,,,,,,,,,,,,,,,,,,,,,,,,,,,,,,,,,,,,,,,,,,,,,,
2013-03-06,1018.0,1018.9,2013-03-06T12:02:00,1016.4,2013-03-06T15:37:00,17.5,21.7,2013-03-06T12:14:00,13.9,2013-03-07T00:00:00,71,59,2013-03-06T13:13:00,1.1,226,5.2,322,2013-03-06T12:47:00,0.0,,,,,,,,,,,,,,,,,,,,,,,,,,,96,2013-03-06T22:54:00,,,,,,,,,,,,,,,,,,,,,,,,,,,,,,,,,,,,,,,,,,,,,,,,,,,,,,,,,,,,,,,,,,,,,
2013-03-07,1016.7,1018.5,2013-03-07T07:45:00,1014.6,2013-03-07T16:12:00,16.2,23.7,2013-03-07T14:24:00,11.8,2013-03-07T06:17:00,80,51,2013-03-07T14:26:00,1.0,357,7.8,313,2013-03-07T11:05:00,0.0,,,,,,,,,,,,,,,,,,,,,,,,,,,97,2013-03-07T05:15:00,,,,,,,,,,,,,,,,,,,,,,,,,,,,,,,,,,,,,,,,,,,,,,,,,,,,,,,,,,,,,,,,,,,,,
2013-03-08,1014.1,1016.0,2013-03-08T09:11:00,1012.1,2013-03-08T16:47:00,18.6,26.8,2013-03-08T14:38:00,10.9,2013-03-08T01:22:00,65,26,2013-03-08T13:59:00,1.2,177,5.9,206,2013-03-08T12:27:00,0.0,,,,,,,,,,,,,,,,,,,,,,,,,,,97,2013-03-08T02:12:00,,,,,,,,,,,,,,,,,,,,,,,,,,,,,,,,,,,,,,,,,,,,,,,,,,,,,,,,,,,,,,,,,,,,,
2013-03-09,1012.7,1014.4,2013-03-09T09:26:00,1010.6,2013-03-09T15:03:00,19.7,26.0,2013-03-09T12:51:00,12.3,2013-03-09T06:10:00,75,46,2013-03-09T11:05:00,1.2,96,6.7,336,2013-03-09T12:57:00,0.0,,,,,,,,,,,,,,,,,,,,,,,,,,,92,2013-03-09T21:06:00,,,,,,,,,,,,,,,,,,,,,,,,,,,,,,,,,,,,,,,,,,,,,,,,,,,,,,,,,,,,,,,,,,,,,
2013-03-10,1013.6,1017.1,2013-03-10T23:48:00,1011.1,2013-03-10T03:58:00,20.3,25.9,2013-03-10T14:03:00,16.1,2013-03-10T20:03:00,78,62,2013-03-10T14:05:00,2.9,25,12.5,25,2013-03-10T23:08:00,0.0,,,,,,,,,,,,,,,,,,,,,,,,,,,92,2013-03-10T00:13:00,,,,,,,,,,,,,,,,,,,,,,,,,,,,,,,,,,,,,,,,,,,,,,,,,,,,,,,,,,,,,,,,,,,,,
2013-03-11,1016.4,1018.4,2013-03-11T09:34:00,1014.9,2013-03-11T23:59:00,16.4,17.6,2013-03-11T11:22:00,15.6,2013-03-11T19:19:00,80,72,2013-03-11T10:12:00,3.7,18,11.6,29,2013-03-11T00:32:00,0.0,,,,,,,,,,,,,,,,,,,,,,,,,,,89,2013-03-11T21:16:00,,,,,,,,,,,,,,,,,,,,,,,,,,,,,,,,,,,,,,,,,,,,,,,,,,,,,,,,,,,,,,,,,,,,,
2013-03-12,1013.1,1015.9,2013-03-12T09:46:00,1010.8,2013-03-12T17:42:00,17.7,19.4,2013-03-12T13:48:00,16.5,2013-03-12T20:04:00,91,81,2013-03-12T00:39:00,1.9,6,7.2,17,2013-03-12T03:50:00,0.0,,,,,,,,,,,,,,,,,,,,,,,,,,,97,2013-03-12T20:35:00,,,,,,,,,,,,,,,,,,,,,,,,,,,,,,,,,,,,,,,,,,,,,,,,,,,,,,,,,,,,,,,,,,,,,
2013-03-13,1012.7,1019.6,2013-03-13T23:28:00,1010.0,2013-03-13T14:31:00,20.2,27.6,2013-03-13T11:16:00,13.2,2013-03-13T23:30:00,82,62,2013-03-13T11:16:00,3.0,252,15.0,31,2013-03-13T23:02:00,0.5,,,,,,,,,,,,,,,,,,,,,,,,,,,93,2013-03-13T02:34:00,,,,,,,,,,,,,,,,,,,,,,,,,,,,,,,,,,,,,,,,,,,,,,,,,,,,,,,,,,,,,,,,,,,,,
2013-03-14,1020.4,1022.6,2013-03-14T09:52:00,1018.6,2013-03-14T03:41:00,14.3,16.0,2013-03-14T23:58:00,12.8,2013-03-14T07:26:00,77,67,2013-03-14T21:23:00,3.8,49,14.5,60,2013-03-14T00:04:00,0.0,,,,,,,,,,,,,,,,,,,,,,,,,,,89,2013-03-14T00:51:00,,,,,,,,,,,,,,,,,,,,,,,,,,,,,,,,,,,,,,,,,,,,,,,,,,,,,,,,,,,,,,,,,,,,,
2013-03-15,1019.5,1021.8,2013-03-15T10:21:00,1018.0,2013-03-15T23:58:00,16.4,17.4,2013-03-15T19:54:00,15.7,2013-03-15T04:52:00,83,69,2013-03-15T00:04:00,2.8,26,10.5,34,2013-03-15T09:57:00,0.0,,,,,,,,,,,,,,,,,,,,,,,,,,,95,2013-03-15T23:56:00,,,,,,,,,,,,,,,,,,,,,,,,,,,,,,,,,,,,,,,,,,,,,,,,,,,,,,,,,,,,,,,,,,,,,
2013-03-16,1017.0,1019.2,2013-03-16T09:10:00,1015.2,2013-03-16T17:21:00,17.6,19.6,2013-03-16T13:18:00,15.2,2013-03-16T01:19:00,92,83,2013-03-16T08:20:00,1.3,5,6.3,353,2013-03-16T11:31:00,0.0,,,,,,,,,,,,,,,,,,,,,,,,,,,98,2013-03-16T23:55:00,,,,,,,,,,,,,,,,,,,,,,,,,,,,,,,,,,,,,,,,,,,,,,,,,,,,,,,,,,,,,,,,,,,,,
2013-03-17,1011.0,1015.3,2013-03-17T00:02:00,1007.5,2013-03-17T17:51:00,20.3,25.1,2013-03-17T10:47:00,15.7,2013-03-17T03:43:00,83,60,2013-03-17T10:46:00,1.2,154,5.2,335,2013-03-17T14:34:00,0.0,,,,,,,,,,,,,,,,,,,,,,,,,,,99,2013-03-17T06:43:00,,,,,,,,,,,,,,,,,,,,,,,,,,,,,,,,,,,,,,,,,,,,,,,,,,,,,,,,,,,,,,,,,,,,,
2013-03-18,1006.9,1009.3,2013-03-18T21:17:00,1004.8,2013-03-18T14:47:00,23.8,27.7,2013-03-18T12:49:00,20.0,2013-03-19T00:00:00,79,60,2013-03-18T13:24:00,2.7,247,12.9,284,2013-03-18T13:46:00,0.5,,,,,,,,,,,,,,,,,,,,,,,,,,,94,2013-03-18T06:11:00,,,,,,,,,,,,,,,,,,,,,,,,,,,,,,,,,,,,,,,,,,,,,,,,,,,,,,,,,,,,,,,,,,,,,
2013-03-19,1009.1,1011.2,2013-03-19T22:31:00,1007.0,2013-03-19T16:03:00,22.7,25.6,2013-03-19T11:29:00,21.3,2013-03-19T06:17:00,90,76,2013-03-19T10:46:00,1.0,98,4.9,7,2013-03-19T13:34:00,9.5,,,,,,,,,,,,,,,,,,,,,,,,,,,97,2013-03-19T22:34:00,,,,,,,,,,,,,,,,,,,,,,,,,,,,,,,,,,,,,,,,,,,,,,,,,,,,,,,,,,,,,,,,,,,,,
2013-03-20,1010.4,1015.9,2013-03-20T23:20:00,1005.5,2013-03-20T03:50:00,22.7,27.0,2013-03-20T15:42:00,15.8,2013-03-20T23:56:00,84,69,2013-03-20T15:50:00,3.1,249,13.5,27,2013-03-20T20:33:00,0.5,,,,,,,,,,,,,,,,,,,,,,,,,,,95,2013-03-20T00:34:00,,,,,,,,,,,,,,,,,,,,,,,,,,,,,,,,,,,,,,,,,,,,,,,,,,,,,,,,,,,,,,,,,,,,,
2013-03-21,1013.1,1015.7,2013-03-21T00:20:00,1011.1,2013-03-21T15:23:00,18.5,22.7,2013-03-21T13:09:00,15.5,2013-03-21T04:23:00,85,68,2013-03-21T12:35:00,2.9,35,12.4,63,2013-03-21T02:48:00,0.0,,,,,,,,,,,,,,,,,,,,,,,,,,,94,2013-03-21T22:17:00,,,,,,,,,,,,,,,,,,,,,,,,,,,,,,,,,,,,,,,,,,,,,,,,,,,,,,,,,,,,,,,,,,,,,
2013-03-22,1010.4,1012.4,2013-03-22T08:57:00,1008.7,2013-03-22T15:41:00,22.3,27.8,2013-03-22T15:41:00,17.5,2013-03-22T01:23:00,83,61,2013-03-22T12:20:00,1.4,231,7.9,254,2013-03-22T15:07:00,0.0,,,,,,,,,,,,,,,,,,,,,,,,,,,95,2013-03-22T07:05:00,,,,,,,,,,,,,,,,,,,,,,,,,,,,,,,,,,,,,,,,,,,,,,,,,,,,,,,,,,,,,,,,,,,,,
2013-03-23,1009.1,1011.4,2013-03-23T09:25:00,1007.0,2013-03-23T17:47:00,21.9,25.4,2013-03-23T08:25:00,20.6,2013-03-23T20:50:00,89,70,2013-03-23T08:27:00,1.2,353,6.3,25,2013-03-23T20:11:00,0.0,,,,,,,,,,,,,,,,,,,,,,,,,,,94,2013-03-23T13:53:00,,,,,,,,,,,,,,,,,,,,,,,,,,,,,,,,,,,,,,,,,,,,,,,,,,,,,,,,,,,,,,,,,,,,,
2013-03-24,1008.3,1012.8,2013-03-24T23:47:00,1005.5,2013-03-24T15:56:00,20.5,24.3,2013-03-24T12:49:00,16.2,2013-03-24T23:42:00,89,74,2013-03-24T14:42:00,2.3,350,12.9,45,2013-03-24T21:49:00,9.0,,,,,,,,,,,,,,,,,,,,,,,,,,,96,2013-03-24T06:01:00,,,,,,,,,,,,,,,,,,,,,,,,,,,,,,,,,,,,,,,,,,,,,,,,,,,,,,,,,,,,,,,,,,,,,
2013-03-25,1013.5,1015.7,2013-03-25T10:00:00,1011.4,2013-03-25T03:25:00,17.2,18.6,2013-03-25T14:42:00,16.0,2013-03-25T00:49:00,77,70,2013-03-25T15:21:00,3.4,45,12.1,27,2013-03-25T15:13:00,0.0,,,,,,,,,,,,,,,,,,,,,,,,,,,91,2013-03-25T00:43:00,,,,,,,,,,,,,,,,,,,,,,,,,,,,,,,,,,,,,,,,,,,,,,,,,,,,,,,,,,,,,,,,,,,,,
2013-03-26,1010.5,1013.3,2013-03-26T00:06:00,1007.8,2013-03-26T04:14:00,19.2,24.1,2013-03-26T12:42:00,16.1,2013-03-26T19:10:00,83,67,2013-03-26T12:15:00,2.9,103,14.5,84,2013-03-26T03:17:00,11.0,,,,,,,,,,,,,,,,,,,,,,,,,,,95,2013-03-26T21:19:00,,,,,,,,,,,,,,,,,,,,,,,,,,,,,,,,,,,,,,,,,,,,,,,,,,,,,,,,,,,,,,,,,,,,,
2013-03-27,1011.6,1013.3,2013-03-27T08:42:00,1009.1,2013-03-27T03:33:00,17.2,18.3,2013-03-27T02:23:00,16.0,2013-03-27T23:22:00,90,84,2013-03-27T13:46:00,2.0,1,9.9,5,2013-03-27T03:33:00,5.5,,,,,,,,,,,,,,,,,,,,,,,,,,,96,2013-03-27T01:18:00,,,,,,,,,,,,,,,,,,,,,,,,,,,,,,,,,,,,,,,,,,,,,,,,,,,,,,,,,,,,,,,,,,,,,
2013-03-28,1011.3,1013.1,2013-03-28T20:38:00,1008.9,2013-03-28T15:20:00,19.3,21.9,2013-03-28T11:36:00,16.5,2013-03-29T00:00:00,87,76,2013-03-28T14:45:00,1.6,32,7.7,2,2013-03-28T12:26:00,16.5,,,,,,,,,,,,,,,,,,,,,,,,,,,96,2013-03-28T21:13:00,,,,,,,,,,,,,,,,,,,,,,,,,,,,,,,,,,,,,,,,,,,,,,,,,,,,,,,,,,,,,,,,,,,,,
2013-03-29,1012.8,1015.8,2013-03-29T21:58:00,1008.9,2013-03-29T02:28:00,17.7,19.9,2013-03-29T03:44:00,16.4,2013-03-29T19:15:00,88,77,2013-03-29T11:05:00,2.8,53,9.8,47,2013-03-29T16:39:00,3.0,,,,,,,,,,,,,,,,,,,,,,,,,,,96,2013-03-29T02:09:00,,,,,,,,,,,,,,,,,,,,,,,,,,,,,,,,,,,,,,,,,,,,,,,,,,,,,,,,,,,,,,,,,,,,,
2013-03-30,1012.6,1014.7,2013-03-30T00:01:00,1009.9,2013-03-30T14:42:00,18.2,20.3,2013-03-30T11:06:00,16.6,2013-03-30T00:38:00,87,79,2013-03-30T11:08:00,3.2,25,10.3,4,2013-03-30T11:44:00,10.5,,,,,,,,,,,,,,,,,,,,,,,,,,,95,2013-03-30T23:50:00,,,,,,,,,,,,,,,,,,,,,,,,,,,,,,,,,,,,,,,,,,,,,,,,,,,,,,,,,,,,,,,,,,,,,
2013-03-31,1014.4,1016.1,2013-03-31T10:29:00,1012.5,2013-03-31T03:44:00,18.5,19.4,2013-03-31T15:51:00,17.6,2013-03-31T01:26:00,91,85,2013-03-31T21:37:00,2.5,40,9.5,36,2013-03-31T16:55:00,18.0,,,,,,,,,,,,,,,,,,,,,,,,,,,95,2013-03-31T07:53:00,,,,,,,,,,,,,,,,,,,,,,,,,,,,,,,,,,,,,,,,,,,,,,,,,,,,,,,,,,,,,,,,,,,,,
2013-04-01,1012.5,1014.3,2013-04-01T10:02:00,1011.0,2013-04-01T16:56:00,20.0,20.9,2013-04-01T03:04:00,19.3,2013-04-02T00:00:00,91,81,2013-04-01T03:04:00,2.1,6,8.6,2,2013-04-01T12:09:00,13.0,,,,,,,,,,,,,,,,,,,,,,,,,,,96,2013-04-01T08:20:00,,,,,,,,,,,,,,,,,,,,,,,,,,,,,,,,,,,,,,,,,,,,,,,,,,,,,,,,,,,,,,,,,,,,,
2013-04-02,1013.4,1015.3,2013-04-02T22:27:00,1011.2,2013-04-02T03:39:00,19.5,21.3,2013-04-02T12:12:00,17.9,2013-04-02T23:57:00,80,57,2013-04-02T23:46:00,2.5,25,12.0,1,2013-04-02T12:17:00,0.5,,,,,,,,,,,,,,,,,,,,,,,,,,,97,2013-04-02T03:36:00,,,,,,,,,,,,,,,,,,,,,,,,,,,,,,,,,,,,,,,,,,,,,,,,,,,,,,,,,,,,,,,,,,,,,
2013-04-03,1010.1,1015.0,2013-04-03T00:34:00,1007.0,2013-04-03T15:17:00,19.4,25.7,2013-04-03T15:00:00,14.0,2013-04-03T03:27:00,72,55,2013-04-03T14:11:00,3.1,118,16.8,97,2013-04-03T10:07:00,8.0,,,,,,,,,,,,,,,,,,,,,,,,,,,91,2013-04-03T23:44:00,,,,,,,,,,,,,,,,,,,,,,,,,,,,,,,,,,,,,,,,,,,,,,,,,,,,,,,,,,,,,,,,,,,,,
2013-04-04,1007.0,1009.3,2013-04-04T07:44:00,1004.4,2013-04-04T15:51:00,20.1,23.5,2013-04-04T11:05:00,18.4,2013-04-04T04:54:00,91,77,2013-04-04T11:07:00,1.5,2,7.9,353,2013-04-04T18:33:00,12.0,,,,,,,,,,,,,,,,,,,,,,,,,,,96,2013-04-04T05:39:00,,,,,,,,,,,,,,,,,,,,,,,,,,,,,,,,,,,,,,,,,,,,,,,,,,,,,,,,,,,,,,,,,,,,,
2013-04-05,1001.7,1004.7,2013-04-06T00:00:00,998.7,2013-04-05T14:23:00,21.6,24.3,2013-04-05T14:35:00,19.9,2013-04-05T00:03:00,93,83,2013-04-05T09:22:00,1.5,35,7.4,228,2013-04-05T15:27:00,38.0,,,,,,,,,,,,,,,,,,,,,,,,,,,97,2013-04-05T04:31:00,,,,,,,,,,,,,,,,,,,,,,,,,,,,,,,,,,,,,,,,,,,,,,,,,,,,,,,,,,,,,,,,,,,,,
2013-04-06,1005.6,1012.7,2013-04-06T21:48:00,998.8,2013-04-06T00:04:00,18.3,23.4,2013-04-06T01:49:00,14.3,2013-04-06T23:26:00,83,59,2013-04-06T22:06:00,3.0,8,12.4,18,2013-04-06T13:28:00,6.5,,,,,,,,,,,,,,,,,,,,,,,,,,,96,2013-04-06T06:37:00,,,,,,,,,,,,,,,,,,,,,,,,,,,,,,,,,,,,,,,,,,,,,,,,,,,,,,,,,,,,,,,,,,,,,
2013-04-07,1011.8,1013.5,2013-04-07T10:00:00,1010.8,2013-04-07T23:56:00,15.9,18.7,2013-04-07T14:01:00,13.8,2013-04-07T01:59:00,60,52,2013-04-07T08:53:00,3.8,65,12.8,32,2013-04-07T10:31:00,0.0,,,,,,,,,,,,,,,,,,,,,,,,,,,69,2013-04-07T23:52:00,,,,,,,,,,,,,,,,,,,,,,,,,,,,,,,,,,,,,,,,,,,,,,,,,,,,,,,,,,,,,,,,,,,,,
2013-04-08,1011.1,1013.1,2013-04-08T23:53:00,1009.6,2013-04-08T14:55:00,19.7,23.6,2013-04-08T12:15:00,16.2,2013-04-08T00:01:00,73,58,2013-04-08T12:17:00,1.6,112,9.8,101,2013-04-08T00:21:00,0.0,,,,,,,,,,,,,,,,,,,,,,,,,,,90,2013-04-08T22:58:00,,,,,,,,,,,,,,,,,,,,,,,,,,,,,,,,,,,,,,,,,,,,,,,,,,,,,,,,,,,,,,,,,,,,,
2013-04-09,1013.9,1016.0,2013-04-09T22:50:00,1012.3,2013-04-09T16:42:00,18.2,18.3,2013-04-09T17:33:00,16.8,2013-04-09T22:45:00,88,88,2013-04-09T22:15:00,1.8,16,9.2,85,2013-04-09T18:07:00,18.0,,,,,,,,,,,,,,,,,,,,,,,,,,,92,2013-04-09T20:20:00,,,,,,,,,,,,,,,,,,,,,,,,,,,,,,,,,,,,,,,,,,,,,,,,,,,,,,,,,,,,,,,,,,,,,
2013-04-10,1015.5,1017.4,2013-04-10T10:22:00,1014.0,2013-04-10T23:57:00,18.3,19.7,2013-04-10T14:01:00,16.5,2013-04-10T03:41:00,71,56,2013-04-10T15:58:00,2.7,60,11.1,90,2013-04-10T22:45:00,2.0,,,,,,,,,,,,,,,,,,,,,,,,,,,90,2013-04-10T03:41:00,,,,,,,,,,,,,,,,,,,,,,,,,,,,,,,,,,,,,,,,,,,,,,,,,,,,,,,,,,,,,,,,,,,,,
2013-04-11,1014.7,1017.1,2013-04-11T20:53:00,1012.0,2013-04-11T05:30:00,17.3,20.5,2013-04-11T08:58:00,14.7,2013-04-11T19:11:00,81,60,2013-04-11T00:22:00,3.5,59,13.9,80,2013-04-11T06:05:00,34.0,,,,,,,,,,,,,,,,,,,,,,,,,,,93,2013-04-11T21:16:00,,,,,,,,,,,,,,,,,,,,,,,,,,,,,,,,,,,,,,,,,,,,,,,,,,,,,,,,,,,,,,,,,,,,,
2013-04-12,1016.6,1018.9,2013-04-12T11:11:00,1014.2,2013-04-12T23:56:00,15.0,18.1,2013-04-12T23:57:00,13.5,2013-04-12T16:01:00,82,62,2013-04-12T23:57:00,3.2,91,12.1,81,2013-04-12T18:59:00,29.5,,,,,,,,,,,,,,,,,,,,,,,,,,,93,2013-04-12T14:24:00,,,,,,,,,,,,,,,,,,,,,,,,,,,,,,,,,,,,,,,,,,,,,,,,,,,,,,,,,,,,,,,,,,,,,
2013-04-13,1012.3,1014.5,2013-04-14T00:00:00,1010.7,2013-04-13T19:06:00,19.3,21.6,2013-04-13T13:56:00,17.5,2013-04-13T00:11:00,75,61,2013-04-13T01:29:00,3.1,105,12.6,89,2013-04-13T02:48:00,0.5,,,,,,,,,,,,,,,,,,,,,,,,,,,85,2013-04-13T23:58:00,,,,,,,,,,,,,,,,,,,,,,,,,,,,,,,,,,,,,,,,,,,,,,,,,,,,,,,,,,,,,,,,,,,,,
2013-04-14,1010.3,1012.9,2013-04-14T10:26:00,1008.4,2013-04-14T16:02:00,17.8,19.7,2013-04-14T17:26:00,16.1,2013-04-14T23:59:00,92,78,2013-04-14T05:42:00,1.5,310,7.4,341,2013-04-14T05:59:00,18.0,,,,,,,,,,,,,,,,,,,,,,,,,,,96,2013-04-14T21:45:00,,,,,,,,,,,,,,,,,,,,,,,,,,,,,,,,,,,,,,,,,,,,,,,,,,,,,,,,,,,,,,,,,,,,,
2013-04-15,1007.6,1009.4,2013-04-15T09:47:00,1005.8,2013-04-15T15:09:00,21.6,27.3,2013-04-15T13:12:00,11.5,2013-04-15T04:07:00,70,52,2013-04-15T10:46:00,1.3,134,5.1,350,2013-04-15T14:01:00,0.0,,,,,,,,,,,,,,,,,,,,,,,,,,,95,2013-04-15T03:39:00,,,,,,,,,,,,,,,,,,,,,,,,,,,,,,,,,,,,,,,,,,,,,,,,,,,,,,,,,,,,,,,,,,,,,
2013-04-16,1005.5,1007.8,2013-04-16T10:41:00,1003.0,2013-04-16T15:20:00,22.5,24.6,2013-04-16T13:04:00,19.4,2013-04-16T02:26:00,84,74,2013-04-16T12:51:00,1.1,124,5.1,344,2013-04-16T10:22:00,0.0,,,,,,,,,,,,,,,,,,,,,,,,,,,92,2013-04-16T22:35:00,,,,,,,,,,,,,,,,,,,,,,,,,,,,,,,,,,,,,,,,,,,,,,,,,,,,,,,,,,,,,,,,,,,,,
2013-04-17,1004.2,1005.7,2013-04-17T23:00:00,1002.9,2013-04-17T17:16:00,25.3,28.4,2013-04-17T11:07:00,21.6,2013-04-17T05:52:00,78,65,2013-04-17T11:09:00,2.3,246,14.0,265,2013-04-17T11:58:00,0.0,,,,,,,,,,,,,,,,,,,,,,,,,,,90,2013-04-17T00:02:00,,,,,,,,,,,,,,,,,,,,,,,,,,,,,,,,,,,,,,,,,,,,,,,,,,,,,,,,,,,,,,,,,,,,,
2013-04-18,1005.1,1007.1,2013-04-18T21:29:00,1003.0,2013-04-18T15:49:00,25.6,29.4,2013-04-18T13:07:00,21.7,2013-04-18T23:36:00,81,65,2013-04-18T15:00:00,2.3,190,10.9,263,2013-04-18T15:29:00,0.0,,,,,,,,,,,,,,,,,,,,,,,,,,,93,2013-04-18T22:12:00,,,,,,,,,,,,,,,,,,,,,,,,,,,,,,,,,,,,,,,,,,,,,,,,,,,,,,,,,,,,,,,,,,,,,
2013-04-19,1008.2,1010.0,2013-04-19T09:44:00,1005.8,2013-04-19T00:04:00,20.9,22.2,2013-04-19T00:51:00,20.0,2013-04-19T09:21:00,88,83,2013-04-19T16:13:00,2.4,27,10.4,61,2013-04-19T10:06:00,17.0,,,,,,,,,,,,,,,,,,,,,,,,,,,96,2013-04-19T04:35:00,,,,,,,,,,,,,,,,,,,,,,,,,,,,,,,,,,,,,,,,,,,,,,,,,,,,,,,,,,,,,,,,,,,,,
2013-04-20,1008.7,1014.1,2013-04-20T23:53:00,1006.2,2013-04-20T14:53:00,20.8,24.8,2013-04-20T13:59:00,16.7,2013-04-20T23:52:00,91,85,2013-04-20T09:01:00,1.8,26,12.7,52,2013-04-20T20:52:00,15.5,,,,,,,,,,,,,,,,,,,,,,,,,,,94,2013-04-20T18:44:00,,,,,,,,,,,,,,,,,,,,,,,,,,,,,,,,,,,,,,,,,,,,,,,,,,,,,,,,,,,,,,,,,,,,,
2013-04-21,1014.9,1016.9,2013-04-21T10:30:00,1013.1,2013-04-21T02:32:00,16.3,17.0,2013-04-21T23:59:00,15.3,2013-04-21T09:58:00,82,74,2013-04-21T18:16:00,3.4,56,11.5,62,2013-04-21T09:26:00,3.0,,,,,,,,,,,,,,,,,,,,,,,,,,,91,2013-04-21T01:14:00,,,,,,,,,,,,,,,,,,,,,,,,,,,,,,,,,,,,,,,,,,,,,,,,,,,,,,,,,,,,,,,,,,,,,
2013-04-22,1013.4,1015.9,2013-04-22T07:55:00,1011.1,2013-04-22T15:46:00,19.5,22.5,2013-04-22T14:52:00,16.7,2013-04-22T00:20:00,75,64,2013-04-22T11:44:00,1.9,77,10.1,93,2013-04-22T10:37:00,0.0,,,,,,,,,,,,,,,,,,,,,,,,,,,90,2013-04-22T22:54:00,,,,,,,,,,,,,,,,,,,,,,,,,,,,,,,,,,,,,,,,,,,,,,,,,,,,,,,,,,,,,,,,,,,,,
2013-04-23,1010.8,1012.4,2013-04-23T09:48:00,1008.9,2013-04-23T16:33:00,23.2,26.7,2013-04-23T15:02:00,18.5,2013-04-24T00:00:00,82,68,2013-04-23T11:05:00,1.5,183,6.6,330,2013-04-23T09:49:00,0.0,,,,,,,,,,,,,,,,,,,,,,,,,,,95,2013-04-23T23:56:00,,,,,,,,,,,,,,,,,,,,,,,,,,,,,,,,,,,,,,,,,,,,,,,,,,,,,,,,,,,,,,,,,,,,,
2013-04-24,1009.2,1010.6,2013-04-24T08:32:00,1007.6,2013-04-24T15:39:00,23.4,27.7,2013-04-24T10:31:00,20.5,2013-04-24T05:42:00,87,74,2013-04-24T10:30:00,1.5,23,7.5,273,2013-04-24T10:27:00,0.0,,,,,,,,,,,,,,,,,,,,,,,,,,,95,2013-04-24T01:04:00,,,,,,,,,,,,,,,,,,,,,,,,,,,,,,,,,,,,,,,,,,,,,,,,,,,,,,,,,,,,,,,,,,,,,
2013-04-25,1009.2,1011.2,2013-04-25T21:25:00,1007.6,2013-04-25T01:03:00,21.3,23.2,2013-04-25T01:19:00,19.7,2013-04-25T17:04:00,91,86,2013-04-25T01:15:00,1.7,33,6.9,353,2013-04-25T11:37:00,9.5,,,,,,,,,,,,,,,,,,,,,,,,,,,94,2013-04-25T05:06:00,,,,,,,,,,,,,,,,,,,,,,,,,,,,,,,,,,,,,,,,,,,,,,,,,,,,,,,,,,,,,,,,,,,,,
2013-04-26,1011.2,1013.5,2013-04-26T09:29:00,1009.6,2013-04-26T16:37:00,22.0,26.0,2013-04-26T13:27:00,19.1,2013-04-26T04:49:00,70,48,2013-04-26T14:45:00,2.9,88,10.5,68,2013-04-26T12:10:00,0.0,,,,,,,,,,,,,,,,,,,,,,,,,,,92,2013-04-26T01:30:00,,,,,,,,,,,,,,,,,,,,,,,,,,,,,,,,,,,,,,,,,,,,,,,,,,,,,,,,,,,,,,,,,,,,,
2013-04-27,1010.1,1011.4,2013-04-27T11:20:00,1008.7,2013-04-27T03:57:00,20.9,25.0,2013-04-27T16:25:00,17.8,2013-04-27T04:54:00,77,63,2013-04-27T15:31:00,2.8,114,12.3,90,2013-04-27T05:21:00,14.0,,,,,,,,,,,,,,,,,,,,,,,,,,,91,2013-04-27T04:59:00,,,,,,,,,,,,,,,,,,,,,,,,,,,,,,,,,,,,,,,,,,,,,,,,,,,,,,,,,,,,,,,,,,,,,
2013-04-28,1010.7,1012.3,2013-04-28T09:39:00,1009.4,2013-04-28T17:51:00,22.2,25.4,2013-04-28T11:55:00,19.5,2013-04-28T23:59:00,85,70,2013-04-28T15:45:00,0.7,2,4.2,342,2013-04-28T13:18:00,3.5,,,,,,,,,,,,,,,,,,,,,,,,,,,95,2013-04-28T23:48:00,,,,,,,,,,,,,,,,,,,,,,,,,,,,,,,,,,,,,,,,,,,,,,,,,,,,,,,,,,,,,,,,,,,,,
2013-04-29,1009.5,1011.4,2013-04-29T08:08:00,1007.8,2013-04-29T16:32:00,23.1,26.8,2013-04-29T13:57:00,18.6,2013-04-29T04:24:00,84,69,2013-04-29T09:20:00,1.3,3,6.0,360,2013-04-29T13:04:00,0.5,,,,,,,,,,,,,,,,,,,,,,,,,,,96,2013-04-29T03:55:00,,,,,,,,,,,,,,,,,,,,,,,,,,,,,,,,,,,,,,,,,,,,,,,,,,,,,,,,,,,,,,,,,,,,,
2013-04-30,1005.6,1008.3,2013-05-01T00:00:00,1002.8,2013-04-30T15:32:00,25.4,30.8,2013-04-30T13:35:00,19.4,2013-04-30T23:50:00,78,60,2013-04-30T13:11:00,3.1,243,16.1,25,2013-04-30T21:06:00,21.0,,,,,,,,,,,,,,,,,,,,,,,,,,,95,2013-04-30T21:45:00,,,,,,,,,,,,,,,,,,,,,,,,,,,,,,,,,,,,,,,,,,,,,,,,,,,,,,,,,,,,,,,,,,,,,
2013-05-01,1009.1,1011.3,2013-05-01T11:21:00,1006.6,2013-05-01T01:43:00,16.9,20.2,2013-05-01T00:37:00,14.5,2013-05-01T10:52:00,81,61,2013-05-01T23:56:00,3.1,108,12.7,42,2013-05-01T05:02:00,32.5,,,,,,,,,,,,,,,,,,,,,,,,,,,94,2013-05-01T11:15:00,,,,,,,,,,,,,,,,,,,,,,,,,,,,,,,,,,,,,,,,,,,,,,,,,,,,,,,,,,,,,,,,,,,,,
2013-05-02,1009.3,1010.6,2013-05-02T10:04:00,1008.4,2013-05-02T16:15:00,19.8,21.3,2013-05-02T11:10:00,18.5,2013-05-02T04:37:00,61,49,2013-05-02T19:23:00,3.1,70,10.7,71,2013-05-02T10:07:00,0.0,,,,,,,,,,,,,,,,,,,,,,,,,,,69,2013-05-02T06:07:00,,,,,,,,,,,,,,,,,,,,,,,,,,,,,,,,,,,,,,,,,,,,,,,,,,,,,,,,,,,,,,,,,,,,,
2013-05-03,1009.3,1010.7,2013-05-03T21:50:00,1007.9,2013-05-03T02:51:00,21.3,24.1,2013-05-03T14:09:00,18.9,2013-05-03T04:57:00,67,57,2013-05-03T12:55:00,1.8,57,9.0,76,2013-05-03T12:21:00,0.0,,,,,,,,,,,,,,,,,,,,,,,,,,,78,2013-05-03T23:54:00,,,,,,,,,,,,,,,,,,,,,,,,,,,,,,,,,,,,,,,,,,,,,,,,,,,,,,,,,,,,,,,,,,,,,
2013-05-04,1010.9,1012.4,2013-05-04T10:48:00,1008.7,2013-05-04T02:18:00,22.6,26.1,2013-05-04T14:51:00,17.8,2013-05-04T02:05:00,76,63,2013-05-04T08:15:00,2.4,63,11.9,92,2013-05-04T22:33:00,0.0,,,,,,,,,,,,,,,,,,,,,,,,,,,92,2013-05-04T02:51:00,,,,,,,,,,,,,,,,,,,,,,,,,,,,,,,,,,,,,,,,,,,,,,,,,,,,,,,,,,,,,,,,,,,,,
2013-05-05,1010.9,1012.4,2013-05-05T09:23:00,1009.7,2013-05-05T15:08:00,25.1,29.4,2013-05-05T13:13:00,22.7,2013-05-05T02:23:00,73,62,2013-05-05T13:14:00,2.6,104,10.6,103,2013-05-05T20:59:00,0.0,,,,,,,,,,,,,,,,,,,,,,,,,,,80,2013-05-05T19:08:00,,,,,,,,,,,,,,,,,,,,,,,,,,,,,,,,,,,,,,,,,,,,,,,,,,,,,,,,,,,,,,,,,,,,,
2013-05-06,1009.5,1010.8,2013-05-06T08:32:00,1008.0,2013-05-06T15:42:00,25.6,30.4,2013-05-06T11:06:00,22.4,2013-05-06T22:39:00,77,59,2013-05-06T11:07:00,1.6,138,12.2,102,2013-05-07T00:00:00,0.0,,,,,,,,,,,,,,,,,,,,,,,,,,,93,2013-05-06T23:55:00,,,,,,,,,,,,,,,,,,,,,,,,,,,,,,,,,,,,,,,,,,,,,,,,,,,,,,,,,,,,,,,,,,,,,
2013-05-07,1008.8,1010.2,2013-05-07T10:14:00,1007.8,2013-05-07T15:44:00,25.5,29.4,2013-05-07T09:22:00,21.0,2013-05-07T04:29:00,78,63,2013-05-07T09:30:00,2.2,113,11.9,87,2013-05-07T23:22:00,0.0,,,,,,,,,,,,,,,,,,,,,,,,,,,96,2013-05-07T05:36:00,,,,,,,,,,,,,,,,,,,,,,,,,,,,,,,,,,,,,,,,,,,,,,,,,,,,,,,,,,,,,,,,,,,,,
2013-05-08,1008.4,1009.6,2013-05-08T09:10:00,1007.0,2013-05-08T02:47:00,26.1,29.6,2013-05-08T11:08:00,23.9,2013-05-08T06:03:00,76,61,2013-05-08T09:50:00,2.1,122,11.0,83,2013-05-08T00:09:00,0.0,,,,,,,,,,,,,,,,,,,,,,,,,,,84,2013-05-08T17:12:00,,,,,,,,,,,,,,,,,,,,,,,,,,,,,,,,,,,,,,,,,,,,,,,,,,,,,,,,,,,,,,,,,,,,,
2013-05-09,1007.7,1009.6,2013-05-09T07:55:00,1005.7,2013-05-09T16:14:00,25.6,28.8,2013-05-09T11:44:00,23.5,2013-05-09T02:23:00,85,68,2013-05-09T11:38:00,1.1,341,5.5,338,2013-05-09T13:34:00,0.0,,,,,,,,,,,,,,,,,,,,,,,,,,,94,2013-05-09T22:28:00,,,,,,,,,,,,,,,,,,,,,,,,,,,,,,,,,,,,,,,,,,,,,,,,,,,,,,,,,,,,,,,,,,,,,
2013-05-10,1004.3,1006.9,2013-05-11T00:00:00,1001.9,2013-05-10T17:45:00,26.0,29.7,2013-05-10T10:10:00,23.8,2013-05-10T04:54:00,85,70,2013-05-10T10:10:00,1.4,218,8.2,209,2013-05-10T15:52:00,0.0,,,,,,,,,,,,,,,,,,,,,,,,,,,95,2013-05-10T02:31:00,,,,,,,,,,,,,,,,,,,,,,,,,,,,,,,,,,,,,,,,,,,,,,,,,,,,,,,,,,,,,,,,,,,,,
2013-05-11,1004.0,1006.6,2013-05-11T22:11:00,1001.1,2013-05-11T04:26:00,21.8,25.4,2013-05-11T00:20:00,20.7,2013-05-11T16:13:00,95,89,2013-05-11T00:15:00,1.9,23,9.8,331,2013-05-11T01:37:00,0.0,,,,,,,,,,,,,,,,,,,,,,,,,,,98,2013-05-11T06:53:00,,,,,,,,,,,,,,,,,,,,,,,,,,,,,,,,,,,,,,,,,,,,,,,,,,,,,,,,,,,,,,,,,,,,,
2013-05-12,1005.8,1007.0,2013-05-12T10:03:00,1004.6,2013-05-12T17:48:00,22.6,23.8,2013-05-12T15:03:00,20.9,2013-05-12T00:31:00,94,87,2013-05-12T09:29:00,0.6,17,3.9,184,2013-05-12T19:39:00,0.0,,,,,,,,,,,,,,,,,,,,,,,,,,,97,2013-05-12T22:45:00,,,,,,,,,,,,,,,,,,,,,,,,,,,,,,,,,,,,,,,,,,,,,,,,,,,,,,,,,,,,,,,,,,,,,
2013-05-13,1005.3,1006.2,2013-05-13T09:59:00,1004.3,2013-05-13T17:25:00,24.0,26.6,2013-05-13T17:03:00,21.9,2013-05-13T04:25:00,92,81,2013-05-13T17:11:00,1.0,2,5.7,360,2013-05-13T14:35:00,0.0,,,,,,,,,,,,,,,,,,,,,,,,,,,98,2013-05-13T05:34:00,,,,,,,,,,,,,,,,,,,,,,,,,,,,,,,,,,,,,,,,,,,,,,,,,,,,,,,,,,,,,,,,,,,,,
2013-05-14,1004.8,1006.5,2013-05-14T09:42:00,1003.3,2013-05-14T15:49:00,25.4,29.5,2013-05-14T13:52:00,21.3,2013-05-14T04:58:00,85,66,2013-05-14T13:48:00,0.9,3,4.8,353,2013-05-14T14:13:00,0.0,,,,,,,,,,,,,,,,,,,,,,,,,,,97,2013-05-14T05:33:00,,,,,,,,,,,,,,,,,,,,,,,,,,,,,,,,,,,,,,,,,,,,,,,,,,,,,,,,,,,,,,,,,,,,,
2013-05-15,1004.2,1006.0,2013-05-15T11:00:00,1003.1,2013-05-15T17:18:00,25.2,-99.7,,23.1,2013-05-15T04:40:00,89,71,2013-05-15T09:20:00,0.8,22,4.8,114,2013-05-15T14:24:00,7.0,,,,,,,,,,,,,,,,,,,,,,,,,,,95,2013-05-16T00:00:00,,,,,,,,,,,,,,,,,,,,,,,,,,,,,,,,,,,,,,,,,,,,,,,,,,,,,,,,,,,,,,,,,,,,,
2013-05-16,1003.6,1005.1,2013-05-16T11:00:00,1001.9,2013-05-16T03:27:00,25.9,27.9,2013-05-16T16:49:00,24.0,2013-05-16T04:17:00,91,77,2013-05-16T09:38:00,0.8,170,4.1,180,2013-05-16T13:52:00,4.0,,,,,,,,,,,,,,,,,,,,,,,,,,,96,2013-05-16T23:16:00,,,,,,,,,,,,,,,,,,,,,,,,,,,,,,,,,,,,,,,,,,,,,,,,,,,,,,,,,,,,,,,,,,,,,
2013-05-17,1004.1,1006.0,2013-05-17T21:35:00,1002.6,2013-05-17T01:33:00,26.1,31.4,2013-05-17T11:22:00,22.9,2013-05-17T02:24:00,87,66,2013-05-17T11:02:00,2.1,342,13.2,255,2013-05-17T02:02:00,48.5,,,,,,,,,,,,,,,,,,,,,,,,,,,97,2013-05-17T02:46:00,,,,,,,,,,,,,,,,,,,,,,,,,,,,,,,,,,,,,,,,,,,,,,,,,,,,,,,,,,,,,,,,,,,,,
2013-05-18,1002.8,1005.1,2013-05-18T00:05:00,1000.3,2013-05-18T19:16:00,26.9,29.7,2013-05-18T16:52:00,24.3,2013-05-18T04:18:00,85,74,2013-05-18T21:11:00,1.6,6,10.0,238,2013-05-18T21:50:00,0.0,,,,,,,,,,,,,,,,,,,,,,,,,,,92,2013-05-18T05:43:00,,,,,,,,,,,,,,,,,,,,,,,,,,,,,,,,,,,,,,,,,,,,,,,,,,,,,,,,,,,,,,,,,,,,,
2013-05-19,1000.8,1002.2,2013-05-19T10:22:00,999.3,2013-05-19T03:36:00,28.2,30.5,2013-05-19T08:20:00,25.5,2013-05-19T23:16:00,78,64,2013-05-19T14:29:00,2.9,233,13.3,228,2013-05-19T07:55:00,6.0,,,,,,,,,,,,,,,,,,,,,,,,,,,94,2013-05-19T09:15:00,,,,,,,,,,,,,,,,,,,,,,,,,,,,,,,,,,,,,,,,,,,,,,,,,,,,,,,,,,,,,,,,,,,,,
2013-05-20,1001.6,1003.8,2013-05-20T22:35:00,1000.4,2013-05-20T17:31:00,27.4,31.5,2013-05-20T10:52:00,23.1,2013-05-20T22:40:00,84,64,2013-05-20T10:58:00,1.8,268,12.2,229,2013-05-20T14:01:00,21.5,,,,,,,,,,,,,,,,,,,,,,,,,,,96,2013-05-20T23:22:00,,,,,,,,,,,,,,,,,,,,,,,,,,,,,,,,,,,,,,,,,,,,,,,,,,,,,,,,,,,,,,,,,,,,,
2013-05-21,1003.3,1005.7,2013-05-21T20:38:00,1000.8,2013-05-21T03:57:00,24.9,26.8,2013-05-21T12:15:00,23.1,2013-05-21T00:50:00,91,84,2013-05-21T18:27:00,1.9,60,8.5,268,2013-05-21T16:03:00,12.0,,,,,,,,,,,,,,,,,,,,,,,,,,,96,2013-05-21T00:01:00,,,,,,,,,,,,,,,,,,,,,,,,,,,,,,,,,,,,,,,,,,,,,,,,,,,,,,,,,,,,,,,,,,,,,
2013-05-22,1004.4,1005.9,2013-05-22T23:28:00,1003.0,2013-05-22T17:11:00,25.2,28.2,2013-05-22T11:30:00,23.6,2013-05-22T08:01:00,91,76,2013-05-22T11:26:00,1.1,198,8.1,216,2013-05-22T14:56:00,34.0,,,,,,,,,,,,,,,,,,,,,,,,,,,97,2013-05-22T15:07:00,,,,,,,,,,,,,,,,,,,,,,,,,,,,,,,,,,,,,,,,,,,,,,,,,,,,,,,,,,,,,,,,,,,,,
2013-05-23,1006.0,1007.8,2013-05-23T22:49:00,1004.6,2013-05-23T04:25:00,25.8,29.4,2013-05-23T15:12:00,23.9,2013-05-23T05:35:00,88,70,2013-05-23T15:36:00,1.7,298,10.0,238,2013-05-23T10:22:00,1.0,,,,,,,,,,,,,,,,,,,,,,,,,,,96,2013-05-23T01:15:00,,,,,,,,,,,,,,,,,,,,,,,,,,,,,,,,,,,,,,,,,,,,,,,,,,,,,,,,,,,,,,,,,,,,,
2013-05-24,1007.2,1008.8,2013-05-24T10:11:00,1005.8,2013-05-24T17:56:00,26.0,28.4,2013-05-24T12:15:00,23.6,2013-05-24T23:48:00,83,73,2013-05-24T14:39:00,2.1,336,9.0,78,2013-05-24T21:46:00,0.0,,,,,,,,,,,,,,,,,,,,,,,,,,,92,2013-05-24T00:56:00,,,,,,,,,,,,,,,,,,,,,,,,,,,,,,,,,,,,,,,,,,,,,,,,,,,,,,,,,,,,,,,,,,,,,
2013-05-25,1006.7,1008.0,2013-05-25T07:45:00,1004.9,2013-05-25T16:04:00,27.1,32.4,2013-05-25T14:19:00,22.5,2013-05-25T04:13:00,70,51,2013-05-25T13:50:00,2.2,119,9.9,101,2013-05-25T19:55:00,0.0,,,,,,,,,,,,,,,,,,,,,,,,,,,91,2013-05-25T04:53:00,,,,,,,,,,,,,,,,,,,,,,,,,,,,,,,,,,,,,,,,,,,,,,,,,,,,,,,,,,,,,,,,,,,,,
2013-05-26,1005.9,1007.3,2013-05-27T00:00:00,1004.8,2013-05-26T16:20:00,26.9,30.9,2013-05-26T14:31:00,23.4,2013-05-26T02:58:00,79,61,2013-05-26T14:32:00,1.5,254,7.5,243,2013-05-26T14:23:00,0.0,,,,,,,,,,,,,,,,,,,,,,,,,,,93,2013-05-26T23:11:00,,,,,,,,,,,,,,,,,,,,,,,,,,,,,,,,,,,,,,,,,,,,,,,,,,,,,,,,,,,,,,,,,,,,,
2013-05-27,1003.8,1005.3,2013-05-28T00:00:00,1001.9,2013-05-27T17:39:00,28.8,33.6,2013-05-27T11:55:00,23.7,2013-05-27T05:06:00,72,56,2013-05-27T10:18:00,2.7,235,12.5,228,2013-05-27T16:54:00,0.0,,,,,,,,,,,,,,,,,,,,,,,,,,,95,2013-05-27T05:11:00,,,,,,,,,,,,,,,,,,,,,,,,,,,,,,,,,,,,,,,,,,,,,,,,,,,,,,,,,,,,,,,,,,,,,
2013-05-28,1005.8,1008.7,2013-05-28T22:37:00,1004.3,2013-05-28T04:11:00,29.1,33.9,2013-05-28T13:19:00,25.8,2013-05-28T04:55:00,76,55,2013-05-28T12:52:00,2.3,209,11.1,231,2013-05-28T12:36:00,0.0,,,,,,,,,,,,,,,,,,,,,,,,,,,90,2013-05-28T22:06:00,,,,,,,,,,,,,,,,,,,,,,,,,,,,,,,,,,,,,,,,,,,,,,,,,,,,,,,,,,,,,,,,,,,,,
2013-05-29,1007.8,1009.8,2013-05-29T22:40:00,1006.1,2013-05-29T16:05:00,29.4,33.6,2013-05-29T14:41:00,25.0,2013-05-29T05:08:00,76,60,2013-05-29T14:41:00,1.4,225,8.9,218,2013-05-29T11:59:00,0.0,,,,,,,,,,,,,,,,,,,,,,,,,,,95,2013-05-29T02:06:00,,,,,,,,,,,,,,,,,,,,,,,,,,,,,,,,,,,,,,,,,,,,,,,,,,,,,,,,,,,,,,,,,,,,,
2013-05-30,1007.7,1009.0,2013-05-31T00:00:00,1006.3,2013-05-30T17:11:00,28.4,33.5,2013-05-30T11:11:00,25.9,2013-05-30T00:52:00,80,57,2013-05-30T11:05:00,1.5,331,7.9,333,2013-05-30T12:38:00,0.0,,,,,,,,,,,,,,,,,,,,,,,,,,,92,2013-05-30T04:57:00,,,,,,,,,,,,,,,,,,,,,,,,,,,,,,,,,,,,,,,,,,,,,,,,,,,,,,,,,,,,,,,,,,,,,
2013-05-31,1006.2,1008.2,2013-06-01T00:00:00,1004.3,2013-05-31T17:24:00,28.4,32.7,2013-05-31T10:34:00,25.4,2013-05-31T23:09:00,81,59,2013-05-31T10:15:00,1.6,318,7.3,310,2013-05-31T11:48:00,0.0,,,,,,,,,,,,,,,,,,,,,,,,,,,95,2013-05-31T23:13:00,,,,,,,,,,,,,,,,,,,,,,,,,,,,,,,,,,,,,,,,,,,,,,,,,,,,,,,,,,,,,,,,,,,,,
2013-06-01,1003.7,1005.4,2013-06-01T09:59:00,1001.3,2013-06-01T16:34:00,28.7,32.4,2013-06-01T13:49:00,25.4,2013-06-01T00:34:00,77,57,2013-06-01T17:05:00,2.1,220,10.3,231,2013-06-01T13:20:00,0.0,,,,,,,,,,,,,,,,,,,,,,,,,,,94,2013-06-01T00:43:00,,,,,,,,,,,,,,,,,,,,,,,,,,,,,,,,,,,,,,,,,,,,,,,,,,,,,,,,,,,,,,,,,,,,,
2013-06-02,1002.2,1004.9,2013-06-02T21:47:00,999.7,2013-06-02T15:00:00,28.5,33.0,2013-06-02T14:00:00,25.5,2013-06-02T23:49:00,75,59,2013-06-02T08:44:00,2.6,230,10.9,228,2013-06-02T09:47:00,0.0,,,,,,,,,,,,,,,,,,,,,,,,,,,91,2013-06-02T23:58:00,,,,,,,,,,,,,,,,,,,,,,,,,,,,,,,,,,,,,,,,,,,,,,,,,,,,,,,,,,,,,,,,,,,,,
2013-06-03,1004.7,1006.4,2013-06-03T23:00:00,1002.5,2013-06-03T02:32:00,26.9,28.8,2013-06-03T12:10:00,25.3,2013-06-03T00:10:00,82,75,2013-06-03T17:41:00,2.2,10,10.3,29,2013-06-03T12:10:00,0.0,,,,,,,,,,,,,,,,,,,,,,,,,,,92,2013-06-03T00:11:00,,,,,,,,,,,,,,,,,,,,,,,,,,,,,,,,,,,,,,,,,,,,,,,,,,,,,,,,,,,,,,,,,,,,,
2013-06-04,1007.3,1009.5,2013-06-04T21:35:00,1005.6,2013-06-04T03:22:00,26.7,30.5,2013-06-04T12:03:00,24.3,2013-06-04T22:12:00,84,72,2013-06-04T12:07:00,1.8,15,9.3,353,2013-06-04T13:56:00,6.0,,,,,,,,,,,,,,,,,,,,,,,,,,,93,2013-06-04T22:11:00,,,,,,,,,,,,,,,,,,,,,,,,,,,,,,,,,,,,,,,,,,,,,,,,,,,,,,,,,,,,,,,,,,,,,
2013-06-05,1008.7,1010.4,2013-06-05T10:50:00,1007.3,2013-06-05T00:54:00,25.9,28.7,2013-06-05T15:13:00,23.5,2013-06-05T22:46:00,87,71,2013-06-05T16:07:00,0.9,41,4.3,99,2013-06-05T00:43:00,1.0,,,,,,,,,,,,,,,,,,,,,,,,,,,96,2013-06-05T05:53:00,,,,,,,,,,,,,,,,,,,,,,,,,,,,,,,,,,,,,,,,,,,,,,,,,,,,,,,,,,,,,,,,,,,,,
2013-06-06,1007.4,1009.1,2013-06-06T09:34:00,1005.6,2013-06-06T16:43:00,27.1,31.0,2013-06-06T17:06:00,22.5,2013-06-06T03:57:00,79,54,2013-06-06T17:00:00,1.3,359,6.4,344,2013-06-06T12:52:00,0.5,,,,,,,,,,,,,,,,,,,,,,,,,,,96,2013-06-06T04:12:00,,,,,,,,,,,,,,,,,,,,,,,,,,,,,,,,,,,,,,,,,,,,,,,,,,,,,,,,,,,,,,,,,,,,,
2013-06-07,1003.4,1005.7,2013-06-08T00:00:00,1000.9,2013-06-07T23:59:00,28.3,32.2,2013-06-07T14:30:00,24.5,2013-06-07T02:22:00,78,60,2013-06-07T14:40:00,1.7,223,9.1,246,2013-06-07T13:09:00,0.0,,,,,,,,,,,,,,,,,,,,,,,,,,,94,2013-06-07T02:26:00,,,,,,,,,,,,,,,,,,,,,,,,,,,,,,,,,,,,,,,,,,,,,,,,,,,,,,,,,,,,,,,,,,,,,
2013-06-08,998.8,1000.9,2013-06-09T00:00:00,996.6,2013-06-08T15:19:00,29.5,33.3,2013-06-08T13:19:00,25.7,2013-06-08T00:32:00,70,58,2013-06-08T15:30:00,3.0,191,14.0,256,2013-06-08T11:05:00,0.0,,,,,,,,,,,,,,,,,,,,,,,,,,,92,2013-06-08T00:36:00,,,,,,,,,,,,,,,,,,,,,,,,,,,,,,,,,,,,,,,,,,,,,,,,,,,,,,,,,,,,,,,,,,,,,
2013-06-09,998.4,1000.3,2013-06-09T22:52:00,996.8,2013-06-09T16:05:00,29.0,33.3,2013-06-09T13:31:00,26.6,2013-06-09T23:47:00,75,61,2013-06-09T13:18:00,3.1,242,11.4,227,2013-06-09T11:55:00,0.0,,,,,,,,,,,,,,,,,,,,,,,,,,,91,2013-06-09T23:48:00,,,,,,,,,,,,,,,,,,,,,,,,,,,,,,,,,,,,,,,,,,,,,,,,,,,,,,,,,,,,,,,,,,,,,
2013-06-10,1000.1,1002.1,2013-06-10T22:59:00,998.6,2013-06-10T04:46:00,26.1,28.2,2013-06-10T12:40:00,24.0,2013-06-11T00:00:00,86,77,2013-06-10T12:43:00,1.2,6,7.1,322,2013-06-10T09:27:00,6.0,,,,,,,,,,,,,,,,,,,,,,,,,,,94,2013-06-10T06:09:00,,,,,,,,,,,,,,,,,,,,,,,,,,,,,,,,,,,,,,,,,,,,,,,,,,,,,,,,,,,,,,,,,,,,,
2013-06-11,1001.3,1003.7,2013-06-11T22:25:00,999.7,2013-06-11T14:45:00,27.2,31.2,2013-06-11T14:35:00,23.9,2013-06-11T05:56:00,83,64,2013-06-11T14:32:00,1.2,115,4.8,353,2013-06-11T14:48:00,5.0,,,,,,,,,,,,,,,,,,,,,,,,,,,96,2013-06-11T05:57:00,,,,,,,,,,,,,,,,,,,,,,,,,,,,,,,,,,,,,,,,,,,,,,,,,,,,,,,,,,,,,,,,,,,,,
2013-06-12,1003.0,1005.3,2013-06-12T22:38:00,1001.5,2013-06-12T13:58:00,26.9,32.1,2013-06-12T11:54:00,24.7,2013-06-12T15:32:00,88,66,2013-06-12T11:54:00,1.9,35,8.3,27,2013-06-12T13:00:00,29.5,,,,,,,,,,,,,,,,,,,,,,,,,,,96,2013-06-12T15:35:00,,,,,,,,,,,,,,,,,,,,,,,,,,,,,,,,,,,,,,,,,,,,,,,,,,,,,,,,,,,,,,,,,,,,,
2013-06-13,1002.4,1004.3,2013-06-13T00:02:00,1000.8,2013-06-13T16:04:00,27.9,31.4,2013-06-13T13:12:00,24.8,2013-06-13T04:14:00,80,64,2013-06-13T13:14:00,1.7,8,9.1,69,2013-06-13T16:49:00,0.0,,,,,,,,,,,,,,,,,,,,,,,,,,,97,2013-06-13T04:35:00,,,,,,,,,,,,,,,,,,,,,,,,,,,,,,,,,,,,,,,,,,,,,,,,,,,,,,,,,,,,,,,,,,,,,
2013-06-14,1003.1,1005.1,2013-06-14T21:38:00,1001.0,2013-06-14T01:56:00,28.0,32.4,2013-06-14T11:44:00,26.1,2013-06-14T23:55:00,83,62,2013-06-14T11:44:00,0.9,1,5.5,341,2013-06-14T13:47:00,2.0,,,,,,,,,,,,,,,,,,,,,,,,,,,96,2013-06-14T23:59:00,,,,,,,,,,,,,,,,,,,,,,,,,,,,,,,,,,,,,,,,,,,,,,,,,,,,,,,,,,,,,,,,,,,,,
2013-06-15,1005.4,1006.6,2013-06-15T09:15:00,1003.8,2013-06-15T03:25:00,28.0,30.8,2013-06-15T17:55:00,25.6,2013-06-15T04:19:00,87,68,2013-06-15T18:18:00,1.2,1,5.7,18,2013-06-15T14:48:00,0.0,,,,,,,,,,,,,,,,,,,,,,,,,,,97,2013-06-15T00:14:00,,,,,,,,,,,,,,,,,,,,,,,,,,,,,,,,,,,,,,,,,,,,,,,,,,,,,,,,,,,,,,,,,,,,,
2013-06-16,1004.7,1006.4,2013-06-16T07:11:00,1003.0,2013-06-16T16:35:00,27.9,31.3,2013-06-16T14:44:00,26.3,2013-06-16T04:54:00,88,69,2013-06-16T13:42:00,1.1,4,4.5,353,2013-06-16T15:02:00,0.0,,,,,,,,,,,,,,,,,,,,,,,,,,,96,2013-06-16T05:03:00,,,,,,,,,,,,,,,,,,,,,,,,,,,,,,,,,,,,,,,,,,,,,,,,,,,,,,,,,,,,,,,,,,,,,
2013-06-17,1002.1,1004.6,2013-06-17T00:05:00,999.8,2013-06-17T17:02:00,28.0,31.2,2013-06-17T12:22:00,25.1,2013-06-17T23:11:00,84,65,2013-06-17T12:11:00,0.9,243,3.7,321,2013-06-17T14:20:00,0.0,,,,,,,,,,,,,,,,,,,,,,,,,,,95,2013-06-17T05:39:00,,,,,,,,,,,,,,,,,,,,,,,,,,,,,,,,,,,,,,,,,,,,,,,,,,,,,,,,,,,,,,,,,,,,,
2013-06-18,999.5,1001.5,2013-06-18T07:58:00,997.6,2013-06-18T16:38:00,29.2,33.3,2013-06-18T12:54:00,25.1,2013-06-18T01:22:00,75,60,2013-06-18T15:48:00,1.6,245,7.3,277,2013-06-18T14:15:00,0.0,,,,,,,,,,,,,,,,,,,,,,,,,,,93,2013-06-18T00:03:00,,,,,,,,,,,,,,,,,,,,,,,,,,,,,,,,,,,,,,,,,,,,,,,,,,,,,,,,,,,,,,,,,,,,,
2013-06-19,998.6,999.5,2013-06-19T22:24:00,997.8,2013-06-19T17:59:00,28.6,28.3,2013-06-19T18:01:00,26.2,2013-06-19T22:29:00,81,81,2013-06-19T18:06:00,1.3,109,3.0,305,2013-06-19T21:37:00,0.0,,,,,,,,,,,,,,,,,,,,,,,,,,,90,2013-06-19T20:17:00,,,,,,,,,,,,,,,,,,,,,,,,,,,,,,,,,,,,,,,,,,,,,,,,,,,,,,,,,,,,,,,,,,,,,
2013-06-20,1000.6,1003.0,2013-06-20T22:34:00,998.3,2013-06-20T01:24:00,28.8,32.0,2013-06-20T12:38:00,26.1,2013-06-20T04:38:00,81,63,2013-06-20T10:36:00,1.4,8,6.3,221,2013-06-20T08:02:00,0.0,,,,,,,,,,,,,,,,,,,,,,,,,,,91,2013-06-20T03:28:00,,,,,,,,,,,,,,,,,,,,,,,,,,,,,,,,,,,,,,,,,,,,,,,,,,,,,,,,,,,,,,,,,,,,,
2013-06-21,1003.4,1005.3,2013-06-21T22:27:00,1002.1,2013-06-21T03:47:00,29.4,33.2,2013-06-21T09:07:00,27.0,2013-06-21T03:30:00,80,61,2013-06-21T09:11:00,1.3,2,7.1,3,2013-06-21T11:54:00,0.0,,,,,,,,,,,,,,,,,,,,,,,,,,,92,2013-06-21T03:40:00,,,,,,,,,,,,,,,,,,,,,,,,,,,,,,,,,,,,,,,,,,,,,,,,,,,,,,,,,,,,,,,,,,,,,
2013-06-22,1004.6,1006.6,2013-06-22T22:57:00,1003.0,2013-06-22T17:47:00,29.3,33.1,2013-06-22T10:34:00,26.7,2013-06-22T04:58:00,78,58,2013-06-22T11:09:00,1.2,21,6.2,315,2013-06-22T13:49:00,0.0,,,,,,,,,,,,,,,,,,,,,,,,,,,92,2013-06-22T01:01:00,,,,,,,,,,,,,,,,,,,,,,,,,,,,,,,,,,,,,,,,,,,,,,,,,,,,,,,,,,,,,,,,,,,,,
2013-06-23,1005.2,1006.9,2013-06-23T22:34:00,1003.7,2013-06-23T15:42:00,29.0,33.6,2013-06-23T13:23:00,26.1,2013-06-23T04:44:00,80,58,2013-06-23T13:12:00,1.7,84,9.7,327,2013-06-23T13:18:00,7.5,,,,,,,,,,,,,,,,,,,,,,,,,,,95,2013-06-23T23:48:00,,,,,,,,,,,,,,,,,,,,,,,,,,,,,,,,,,,,,,,,,,,,,,,,,,,,,,,,,,,,,,,,,,,,,
2013-06-24,1005.1,1006.4,2013-06-25T00:00:00,1003.5,2013-06-24T15:02:00,29.3,34.2,2013-06-24T11:46:00,25.8,2013-06-24T02:21:00,71,53,2013-06-24T12:13:00,2.9,236,15.5,275,2013-06-24T16:06:00,0.5,,,,,,,,,,,,,,,,,,,,,,,,,,,94,2013-06-24T03:31:00,,,,,,,,,,,,,,,,,,,,,,,,,,,,,,,,,,,,,,,,,,,,,,,,,,,,,,,,,,,,,,,,,,,,,
2013-06-25,1004.5,1006.4,2013-06-25T11:14:00,1002.8,2013-06-25T17:32:00,29.9,32.9,2013-06-25T09:37:00,27.4,2013-06-25T04:19:00,67,56,2013-06-25T09:39:00,3.3,234,14.3,232,2013-06-25T13:16:00,0.0,,,,,,,,,,,,,,,,,,,,,,,,,,,81,2013-06-25T11:33:00,,,,,,,,,,,,,,,,,,,,,,,,,,,,,,,,,,,,,,,,,,,,,,,,,,,,,,,,,,,,,,,,,,,,,
2013-06-26,1003.2,1004.9,2013-06-26T10:32:00,1001.6,2013-06-26T18:14:00,30.4,33.2,2013-06-26T13:29:00,28.7,2013-06-26T04:58:00,71,61,2013-06-26T15:19:00,4.3,238,16.1,242,2013-06-26T13:39:00,0.0,,,,,,,,,,,,,,,,,,,,,,,,,,,78,2013-06-26T02:34:00,,,,,,,,,,,,,,,,,,,,,,,,,,,,,,,,,,,,,,,,,,,,,,,,,,,,,,,,,,,,,,,,,,,,,
2013-06-27,1002.0,1003.3,2013-06-27T07:41:00,1000.1,2013-06-27T16:16:00,30.4,33.2,2013-06-27T13:39:00,28.6,2013-06-27T05:30:00,68,57,2013-06-27T14:45:00,4.2,247,15.8,255,2013-06-27T16:25:00,0.0,,,,,,,,,,,,,,,,,,,,,,,,,,,75,2013-06-27T21:46:00,,,,,,,,,,,,,,,,,,,,,,,,,,,,,,,,,,,,,,,,,,,,,,,,,,,,,,,,,,,,,,,,,,,,,
2013-06-28,1002.5,1003.7,2013-06-28T21:51:00,1001.5,2013-06-28T14:54:00,29.7,33.0,2013-06-28T12:46:00,25.1,2013-06-28T23:50:00,72,60,2013-06-28T15:36:00,3.4,243,12.1,278,2013-06-28T15:27:00,0.0,,,,,,,,,,,,,,,,,,,,,,,,,,,92,2013-06-28T23:43:00,,,,,,,,,,,,,,,,,,,,,,,,,,,,,,,,,,,,,,,,,,,,,,,,,,,,,,,,,,,,,,,,,,,,,
2013-06-29,1005.6,1007.5,2013-06-29T22:05:00,1003.0,2013-06-30T00:00:00,29.8,33.8,2013-06-29T13:54:00,25.5,2013-06-29T00:22:00,73,58,2013-06-29T14:43:00,2.1,219,8.9,264,2013-06-29T11:37:00,0.0,,,,,,,,,,,,,,,,,,,,,,,,,,,90,2013-06-29T23:32:00,,,,,,,,,,,,,,,,,,,,,,,,,,,,,,,,,,,,,,,,,,,,,,,,,,,,,,,,,,,,,,,,,,,,,
2013-06-30,1006.9,1008.6,2013-06-30T09:04:00,1005.5,2013-06-30T23:58:00,29.0,32.7,2013-06-30T14:08:00,25.7,2013-06-30T02:06:00,80,65,2013-06-30T14:53:00,1.3,316,6.8,321,2013-06-30T12:07:00,0.0,,,,,,,,,,,,,,,,,,,,,,,,,,,94,2013-06-30T02:47:00,,,,,,,,,,,,,,,,,,,,,,,,,,,,,,,,,,,,,,,,,,,,,,,,,,,,,,,,,,,,,,,,,,,,,
2013-07-01,1006.2,1007.6,2013-07-01T22:02:00,1004.7,2013-07-01T02:17:00,29.9,33.6,2013-07-01T13:25:00,25.7,2013-07-01T04:52:00,72,54,2013-07-01T09:10:00,1.4,342,6.1,346,2013-07-01T13:34:00,0.0,,,,,,,,,,,,,,,,,,,,,,,,,,,94,2013-07-01T02:39:00,,,,,,,,,,,,,,,,,,,,,,,,,,,,,,,,,,,,,,,,,,,,,,,,,,,,,,,,,,,,,,,,,,,,,
2013-07-02,1007.5,1009.4,2013-07-02T21:37:00,1006.2,2013-07-02T02:13:00,29.9,33.4,2013-07-02T14:23:00,26.3,2013-07-02T03:50:00,75,63,2013-07-02T07:52:00,1.7,178,10.1,182,2013-07-02T20:25:00,0.0,,,,,,,,,,,,,,,,,,,,,,,,,,,92,2013-07-02T05:17:00,,,,,,,,,,,,,,,,,,,,,,,,,,,,,,,,,,,,,,,,,,,,,,,,,,,,,,,,,,,,,,,,,,,,,
2013-07-03,1007.1,1008.5,2013-07-04T00:00:00,1005.8,2013-07-03T16:53:00,30.1,34.3,2013-07-03T11:30:00,26.3,2013-07-03T05:04:00,69,54,2013-07-03T10:27:00,2.0,205,8.7,243,2013-07-03T12:42:00,0.0,,,,,,,,,,,,,,,,,,,,,,,,,,,83,2013-07-03T03:12:00,,,,,,,,,,,,,,,,,,,,,,,,,,,,,,,,,,,,,,,,,,,,,,,,,,,,,,,,,,,,,,,,,,,,,
2013-07-04,1005.0,1006.8,2013-07-04T09:37:00,1003.5,2013-07-04T16:11:00,30.3,34.5,2013-07-04T14:47:00,25.1,2013-07-04T04:54:00,70,55,2013-07-04T14:21:00,2.1,246,9.6,252,2013-07-04T15:37:00,0.0,,,,,,,,,,,,,,,,,,,,,,,,,,,91,2013-07-04T05:28:00,,,,,,,,,,,,,,,,,,,,,,,,,,,,,,,,,,,,,,,,,,,,,,,,,,,,,,,,,,,,,,,,,,,,,
2013-07-05,1004.7,1006.0,2013-07-05T23:15:00,1003.7,2013-07-05T02:07:00,30.4,34.6,2013-07-05T11:57:00,27.2,2013-07-05T04:13:00,69,55,2013-07-05T11:15:00,2.7,187,11.2,270,2013-07-05T12:38:00,0.0,,,,,,,,,,,,,,,,,,,,,,,,,,,82,2013-07-05T04:11:00,,,,,,,,,,,,,,,,,,,,,,,,,,,,,,,,,,,,,,,,,,,,,,,,,,,,,,,,,,,,,,,,,,,,,
2013-07-06,1006.7,1008.7,2013-07-06T22:00:00,1004.6,2013-07-06T03:45:00,29.0,33.9,2013-07-06T11:04:00,26.2,2013-07-06T17:51:00,75,55,2013-07-06T07:56:00,1.8,160,10.2,278,2013-07-06T12:17:00,1.5,,,,,,,,,,,,,,,,,,,,,,,,,,,92,2013-07-06T20:31:00,,,,,,,,,,,,,,,,,,,,,,,,,,,,,,,,,,,,,,,,,,,,,,,,,,,,,,,,,,,,,,,,,,,,,
2013-07-07,1008.4,1009.8,2013-07-07T22:08:00,1007.1,2013-07-07T04:07:00,28.6,35.0,2013-07-07T14:14:00,25.5,2013-07-07T23:26:00,77,54,2013-07-07T14:15:00,1.6,173,8.1,259,2013-07-07T13:53:00,0.5,,,,,,,,,,,,,,,,,,,,,,,,,,,92,2013-07-07T03:21:00,,,,,,,,,,,,,,,,,,,,,,,,,,,,,,,,,,,,,,,,,,,,,,,,,,,,,,,,,,,,,,,,,,,,,
2013-07-08,1009.0,1010.5,2013-07-08T07:06:00,1007.0,2013-07-08T17:05:00,29.3,34.3,2013-07-08T10:41:00,24.9,2013-07-08T00:12:00,74,46,2013-07-08T10:41:00,1.6,165,7.2,353,2013-07-08T13:55:00,0.0,,,,,,,,,,,,,,,,,,,,,,,,,,,91,2013-07-08T01:41:00,,,,,,,,,,,,,,,,,,,,,,,,,,,,,,,,,,,,,,,,,,,,,,,,,,,,,,,,,,,,,,,,,,,,,
2013-07-09,1007.2,1009.1,2013-07-09T00:04:00,1004.9,2013-07-09T15:32:00,28.8,32.9,2013-07-09T11:43:00,25.6,2013-07-09T05:02:00,74,58,2013-07-09T10:26:00,1.5,5,7.1,0,2013-07-09T14:22:00,0.0,,,,,,,,,,,,,,,,,,,,,,,,,,,90,2013-07-09T04:00:00,,,,,,,,,,,,,,,,,,,,,,,,,,,,,,,,,,,,,,,,,,,,,,,,,,,,,,,,,,,,,,,,,,,,,
2013-07-10,1005.8,1007.2,2013-07-10T08:26:00,1004.3,2013-07-10T17:08:00,28.3,32.3,2013-07-10T09:40:00,24.9,2013-07-10T04:28:00,76,58,2013-07-10T09:54:00,1.6,133,8.0,335,2013-07-10T13:42:00,0.0,,,,,,,,,,,,,,,,,,,,,,,,,,,91,2013-07-10T02:08:00,,,,,,,,,,,,,,,,,,,,,,,,,,,,,,,,,,,,,,,,,,,,,,,,,,,,,,,,,,,,,,,,,,,,,
2013-07-11,1005.5,1007.0,2013-07-11T08:15:00,1003.7,2013-07-11T17:48:00,28.7,32.4,2013-07-11T13:53:00,24.1,2013-07-11T01:52:00,74,59,2013-07-11T13:46:00,2.0,90,7.6,0,2013-07-11T14:51:00,0.0,,,,,,,,,,,,,,,,,,,,,,,,,,,91,2013-07-11T02:00:00,,,,,,,,,,,,,,,,,,,,,,,,,,,,,,,,,,,,,,,,,,,,,,,,,,,,,,,,,,,,,,,,,,,,,
2013-07-12,998.9,1004.5,2013-07-12T00:15:00,988.1,2013-07-12T23:58:00,28.4,31.5,2013-07-12T14:28:00,24.5,2013-07-12T03:48:00,83,73,2013-07-12T14:56:00,4.8,7,21.3,352,2013-07-12T23:36:00,12.5,,,,,,,,,,,,,,,,,,,,,,,,,,,94,2013-07-13T00:00:00,,,,,,,,,,,,,,,,,,,,,,,,,,,,,,,,,,,,,,,,,,,,,,,,,,,,,,,,,,,,,,,,,,,,,
2013-07-13,986.7,1001.2,2013-07-13T23:18:00,965.4,2013-07-13T03:58:00,26.3,29.5,2013-07-13T13:47:00,24.2,2013-07-13T22:08:00,83,65,2013-07-13T13:49:00,6.7,34,31.7,353,2013-07-13T02:33:00,41.0,,,,,,,,,,,,,,,,,,,,,,,,,,,96,2013-07-13T02:59:00,,,,,,,,,,,,,,,,,,,,,,,,,,,,,,,,,,,,,,,,,,,,,,,,,,,,,,,,,,,,,,,,,,,,,
2013-07-14,1005.1,1008.3,2013-07-14T20:20:00,1001.1,2013-07-14T00:03:00,27.9,33.5,2013-07-14T09:50:00,23.0,2013-07-14T05:16:00,79,49,2013-07-14T09:51:00,1.3,186,7.3,25,2013-07-14T14:08:00,2.5,,,,,,,,,,,,,,,,,,,,,,,,,,,96,2013-07-14T05:37:00,,,,,,,,,,,,,,,,,,,,,,,,,,,,,,,,,,,,,,,,,,,,,,,,,,,,,,,,,,,,,,,,,,,,,
2013-07-15,1007.9,1009.2,2013-07-15T09:32:00,1006.0,2013-07-15T15:37:00,28.0,32.1,2013-07-15T11:54:00,25.0,2013-07-15T18:08:00,81,58,2013-07-15T12:32:00,1.4,16,8.2,207,2013-07-15T18:04:00,34.5,,,,,,,,,,,,,,,,,,,,,,,,,,,95,2013-07-15T04:32:00,,,,,,,,,,,,,,,,,,,,,,,,,,,,,,,,,,,,,,,,,,,,,,,,,,,,,,,,,,,,,,,,,,,,,
2013-07-16,1006.7,1008.4,2013-07-17T00:00:00,1004.4,2013-07-16T17:00:00,28.9,32.3,2013-07-16T09:36:00,25.1,2013-07-16T04:35:00,76,55,2013-07-16T09:10:00,1.7,359,7.9,41,2013-07-16T14:25:00,-9999.5,,,,,,,,,,,,,,,,,,,,,,,,,,,94,2013-07-16T03:52:00,,,,,,,,,,,,,,,,,,,,,,,,,,,,,,,,,,,,,,,,,,,,,,,,,,,,,,,,,,,,,,,,,,,,,
2013-07-17,1004.2,1006.6,2013-07-18T00:00:00,1001.2,2013-07-17T16:46:00,29.3,34.1,2013-07-17T14:44:00,24.8,2013-07-17T05:30:00,76,50,2013-07-17T14:47:00,1.9,109,9.5,108,2013-07-17T15:15:00,-9999.5,,,,,,,,,,,,,,,,,,,,,,,,,,,93,2013-07-17T04:01:00,,,,,,,,,,,,,,,,,,,,,,,,,,,,,,,,,,,,,,,,,,,,,,,,,,,,,,,,,,,,,,,,,,,,,
2013-07-18,1003.6,1005.5,2013-07-18T21:50:00,1002.0,2013-07-18T10:05:00,28.6,33.1,2013-07-18T11:10:00,25.2,2013-07-18T05:11:00,70,46,2013-07-18T11:09:00,2.2,111,15.3,115,2013-07-18T10:20:00,-9999.5,,,,,,,,,,,,,,,,,,,,,,,,,,,90,2013-07-18T00:12:00,,,,,,,,,,,,,,,,,,,,,,,,,,,,,,,,,,,,,,,,,,,,,,,,,,,,,,,,,,,,,,,,,,,,,
2013-07-19,1006.0,1008.5,2013-07-19T22:59:00,1004.2,2013-07-19T01:17:00,27.9,30.9,2013-07-19T14:31:00,25.6,2013-07-19T04:47:00,79,61,2013-07-19T10:46:00,0.9,3,5.2,352,2013-07-19T15:16:00,-9999.5,,,,,,,,,,,,,,,,,,,,,,,,,,,91,2013-07-19T23:47:00,,,,,,,,,,,,,,,,,,,,,,,,,,,,,,,,,,,,,,,,,,,,,,,,,,,,,,,,,,,,,,,,,,,,,
2013-07-20,1006.3,1008.0,2013-07-20T07:29:00,1004.0,2013-07-20T17:13:00,28.6,31.8,2013-07-20T13:53:00,25.8,2013-07-20T05:41:00,80,62,2013-07-20T13:42:00,1.3,23,7.5,17,2013-07-20T12:26:00,-9999.5,,,,,,,,,,,,,,,,,,,,,,,,,,,93,2013-07-20T02:23:00,,,,,,,,,,,,,,,,,,,,,,,,,,,,,,,,,,,,,,,,,,,,,,,,,,,,,,,,,,,,,,,,,,,,,
2013-07-21,1005.4,1006.9,2013-07-21T00:16:00,1003.3,2013-07-21T17:05:00,29.2,32.9,2013-07-21T16:07:00,26.1,2013-07-21T05:32:00,74,53,2013-07-21T16:32:00,1.3,174,6.8,108,2013-07-21T16:44:00,-9999.5,,,,,,,,,,,,,,,,,,,,,,,,,,,93,2013-07-21T05:36:00,,,,,,,,,,,,,,,,,,,,,,,,,,,,,,,,,,,,,,,,,,,,,,,,,,,,,,,,,,,,,,,,,,,,,
2013-07-22,1006.1,1007.4,2013-07-22T22:45:00,1004.7,2013-07-22T17:22:00,29.1,32.3,2013-07-22T13:34:00,26.0,2013-07-22T03:43:00,78,52,2013-07-22T13:18:00,1.7,178,6.0,336,2013-07-22T15:37:00,-9999.5,,,,,,,,,,,,,,,,,,,,,,,,,,,90,2013-07-22T03:49:00,,,,,,,,,,,,,,,,,,,,,,,,,,,,,,,,,,,,,,,,,,,,,,,,,,,,,,,,,,,,,,,,,,,,,
2013-07-23,1007.2,1008.0,2013-07-23T22:03:00,1006.2,2013-07-23T17:24:00,29.1,32.4,2013-07-23T15:06:00,26.1,2013-07-23T23:11:00,78,57,2013-07-23T15:15:00,1.4,333,6.7,332,2013-07-23T12:44:00,-9999.5,,,,,,,,,,,,,,,,,,,,,,,,,,,92,2013-07-23T23:17:00,,,,,,,,,,,,,,,,,,,,,,,,,,,,,,,,,,,,,,,,,,,,,,,,,,,,,,,,,,,,,,,,,,,,,
2013-07-24,1006.5,1007.7,2013-07-24T00:17:00,1005.0,2013-07-24T16:35:00,29.3,32.5,2013-07-24T11:50:00,25.8,2013-07-24T03:34:00,76,65,2013-07-24T13:51:00,1.7,221,6.4,296,2013-07-24T11:18:00,-9999.5,,,,,,,,,,,,,,,,,,,,,,,,,,,84,2013-07-24T00:06:00,,,,,,,,,,,,,,,,,,,,,,,,,,,,,,,,,,,,,,,,,,,,,,,,,,,,,,,,,,,,,,,,,,,,,
2013-07-25,1005.2,1006.2,2013-07-25T22:37:00,1004.0,2013-07-25T15:59:00,28.9,32.7,2013-07-25T13:19:00,26.5,2013-07-25T05:13:00,78,60,2013-07-25T10:23:00,1.8,189,7.1,300,2013-07-25T14:40:00,-9999.5,,,,,,,,,,,,,,,,,,,,,,,,,,,92,2013-07-25T20:12:00,,,,,,,,,,,,,,,,,,,,,,,,,,,,,,,,,,,,,,,,,,,,,,,,,,,,,,,,,,,,,,,,,,,,,
2013-07-26,1005.8,1007.5,2013-07-26T22:04:00,1004.8,2013-07-26T04:28:00,28.7,32.8,2013-07-26T13:12:00,25.2,2013-07-26T04:50:00,77,59,2013-07-26T09:19:00,1.9,166,7.7,289,2013-07-26T13:51:00,-9999.5,,,,,,,,,,,,,,,,,,,,,,,,,,,89,2013-07-26T05:37:00,,,,,,,,,,,,,,,,,,,,,,,,,,,,,,,,,,,,,,,,,,,,,,,,,,,,,,,,,,,,,,,,,,,,,
2013-07-27,1006.4,1008.1,2013-07-27T22:20:00,1005.1,2013-07-27T16:38:00,29.6,33.3,2013-07-27T10:53:00,25.5,2013-07-27T05:00:00,73,52,2013-07-27T10:54:00,1.6,290,7.1,274,2013-07-27T12:39:00,-9999.5,,,,,,,,,,,,,,,,,,,,,,,,,,,91,2013-07-27T02:24:00,,,,,,,,,,,,,,,,,,,,,,,,,,,,,,,,,,,,,,,,,,,,,,,,,,,,,,,,,,,,,,,,,,,,,
2013-07-28,1007.0,1007.8,2013-07-28T21:54:00,1006.0,2013-07-28T03:49:00,29.4,33.3,2013-07-28T12:45:00,26.4,2013-07-28T05:08:00,73,52,2013-07-28T10:57:00,1.8,313,7.4,325,2013-07-28T12:07:00,-9999.5,,,,,,,,,,,,,,,,,,,,,,,,,,,86,2013-07-28T21:14:00,,,,,,,,,,,,,,,,,,,,,,,,,,,,,,,,,,,,,,,,,,,,,,,,,,,,,,,,,,,,,,,,,,,,,
2013-07-29,1005.8,1007.3,2013-07-29T06:35:00,1004.0,2013-07-29T17:34:00,29.5,33.6,2013-07-29T14:01:00,25.7,2013-07-29T05:12:00,74,56,2013-07-29T11:14:00,1.5,157,7.2,261,2013-07-29T09:43:00,-9999.5,,,,,,,,,,,,,,,,,,,,,,,,,,,90,2013-07-29T05:14:00,,,,,,,,,,,,,,,,,,,,,,,,,,,,,,,,,,,,,,,,,,,,,,,,,,,,,,,,,,,,,,,,,,,,,
2013-07-30,1004.3,1005.8,2013-07-30T07:15:00,1002.5,2013-07-30T15:00:00,29.7,33.6,2013-07-30T10:37:00,26.7,2013-07-30T05:19:00,76,58,2013-07-30T10:45:00,1.8,223,7.3,332,2013-07-30T13:05:00,-9999.5,,,,,,,,,,,,,,,,,,,,,,,,,,,87,2013-07-30T23:58:00,,,,,,,,,,,,,,,,,,,,,,,,,,,,,,,,,,,,,,,,,,,,,,,,,,,,,,,,,,,,,,,,,,,,,
2013-07-31,1003.9,1005.1,2013-07-31T07:58:00,1002.3,2013-07-31T16:01:00,28.9,33.1,2013-07-31T11:01:00,25.5,2013-07-31T23:56:00,76,60,2013-07-31T07:35:00,1.4,119,9.8,150,2013-07-31T15:29:00,-9999.5,,,,,,,,,,,,,,,,,,,,,,,,,,,91,2013-07-31T05:04:00,,,,,,,,,,,,,,,,,,,,,,,,,,,,,,,,,,,,,,,,,,,,,,,,,,,,,,,,,,,,,,,,,,,,,
2013-08-01,1002.5,1004.7,2013-08-01T00:12:00,999.9,2013-08-01T17:20:00,29.3,34.2,2013-08-01T12:56:00,24.7,2013-08-01T04:19:00,71,48,2013-08-01T17:55:00,1.9,8,9.9,125,2013-08-01T19:07:00,-9999.5,,,,,,,,,,,,,,,,,,,,,,,,,,,92,2013-08-01T06:01:00,,,,,,,,,,,,,,,,,,,,,,,,,,,,,,,,,,,,,,,,,,,,,,,,,,,,,,,,,,,,,,,,,,,,,
2013-08-02,1007.0,1011.0,2013-08-02T23:50:00,1002.3,2013-08-02T00:32:00,28.4,31.5,2013-08-02T14:23:00,25.7,2013-08-02T23:41:00,79,65,2013-08-02T14:53:00,1.0,10,5.1,278,2013-08-02T13:23:00,-9999.5,,,,,,,,,,,,,,,,,,,,,,,,,,,92,2013-08-02T23:38:00,,,,,,,,,,,,,,,,,,,,,,,,,,,,,,,,,,,,,,,,,,,,,,,,,,,,,,,,,,,,,,,,,,,,,
2013-08-03,1010.4,1011.3,2013-08-03T22:54:00,1009.2,2013-08-03T16:38:00,29.4,33.8,2013-08-03T12:17:00,25.4,2013-08-03T04:05:00,77,56,2013-08-03T08:57:00,1.3,326,7.1,338,2013-08-03T12:58:00,-9999.5,,,,,,,,,,,,,,,,,,,,,,,,,,,94,2013-08-03T04:09:00,,,,,,,,,,,,,,,,,,,,,,,,,,,,,,,,,,,,,,,,,,,,,,,,,,,,,,,,,,,,,,,,,,,,,
2013-08-04,1008.5,1010.7,2013-08-04T00:01:00,1006.3,2013-08-04T16:36:00,30.1,34.3,2013-08-04T13:16:00,25.4,2013-08-04T04:09:00,74,54,2013-08-04T16:41:00,1.6,140,7.1,322,2013-08-04T10:30:00,-9999.5,,,,,,,,,,,,,,,,,,,,,,,,,,,93,2013-08-04T04:11:00,,,,,,,,,,,,,,,,,,,,,,,,,,,,,,,,,,,,,,,,,,,,,,,,,,,,,,,,,,,,,,,,,,,,,
2013-08-05,1006.4,1008.2,2013-08-05T07:52:00,1004.7,2013-08-05T14:56:00,30.6,35.4,2013-08-05T13:20:00,25.7,2013-08-05T04:50:00,69,41,2013-08-05T14:50:00,1.8,226,8.6,249,2013-08-05T10:53:00,-9999.5,,,,,,,,,,,,,,,,,,,,,,,,,,,92,2013-08-05T04:48:00,,,,,,,,,,,,,,,,,,,,,,,,,,,,,,,,,,,,,,,,,,,,,,,,,,,,,,,,,,,,,,,,,,,,,
2013-08-06,1007.2,1009.1,2013-08-06T22:05:00,1005.4,2013-08-06T02:13:00,30.4,34.3,2013-08-06T14:03:00,27.4,2013-08-06T04:24:00,75,53,2013-08-06T13:03:00,1.9,229,9.1,237,2013-08-06T15:01:00,-9999.5,,,,,,,,,,,,,,,,,,,,,,,,,,,89,2013-08-06T04:23:00,,,,,,,,,,,,,,,,,,,,,,,,,,,,,,,,,,,,,,,,,,,,,,,,,,,,,,,,,,,,,,,,,,,,,
2013-08-07,1008.1,1009.7,2013-08-07T08:36:00,1006.7,2013-08-07T16:06:00,30.3,34.7,2013-08-07T12:20:00,28.0,2013-08-07T05:50:00,76,53,2013-08-07T12:04:00,1.6,261,7.6,266,2013-08-07T12:08:00,-9999.5,,,,,,,,,,,,,,,,,,,,,,,,,,,88,2013-08-07T05:44:00,,,,,,,,,,,,,,,,,,,,,,,,,,,,,,,,,,,,,,,,,,,,,,,,,,,,,,,,,,,,,,,,,,,,,
2013-08-08,1007.0,1008.2,2013-08-08T07:15:00,1005.6,2013-08-08T16:06:00,30.7,35.7,2013-08-08T12:21:00,26.7,2013-08-08T02:55:00,66,44,2013-08-08T11:20:00,2.0,175,8.7,235,2013-08-08T09:46:00,-9999.5,,,,,,,,,,,,,,,,,,,,,,,,,,,85,2013-08-08T02:54:00,,,,,,,,,,,,,,,,,,,,,,,,,,,,,,,,,,,,,,,,,,,,,,,,,,,,,,,,,,,,,,,,,,,,,
2013-08-09,1005.9,1007.1,2013-08-09T22:16:00,1004.4,2013-08-09T16:08:00,30.3,34.1,2013-08-09T09:47:00,26.2,2013-08-09T02:00:00,71,52,2013-08-09T09:32:00,1.4,173,6.3,314,2013-08-09T15:05:00,-9999.5,,,,,,,,,,,,,,,,,,,,,,,,,,,90,2013-08-09T02:08:00,,,,,,,,,,,,,,,,,,,,,,,,,,,,,,,,,,,,,,,,,,,,,,,,,,,,,,,,,,,,,,,,,,,,,
2013-08-10,1006.8,1008.1,2013-08-10T22:28:00,1005.5,2013-08-10T16:19:00,29.5,33.3,2013-08-10T14:22:00,26.2,2013-08-10T05:47:00,78,61,2013-08-10T14:31:00,1.5,324,7.6,314,2013-08-10T11:47:00,-9999.5,,,,,,,,,,,,,,,,,,,,,,,,,,,94,2013-08-10T04:50:00,,,,,,,,,,,,,,,,,,,,,,,,,,,,,,,,,,,,,,,,,,,,,,,,,,,,,,,,,,,,,,,,,,,,,
2013-08-11,1006.3,1008.4,2013-08-11T08:17:00,1003.6,2013-08-11T17:58:00,29.9,34.6,2013-08-11T16:47:00,25.3,2013-08-11T05:35:00,71,45,2013-08-11T16:52:00,2.4,1,9.3,112,2013-08-11T18:35:00,-9999.5,,,,,,,,,,,,,,,,,,,,,,,,,,,94,2013-08-11T05:41:00,,,,,,,,,,,,,,,,,,,,,,,,,,,,,,,,,,,,,,,,,,,,,,,,,,,,,,,,,,,,,,,,,,,,,
2013-08-12,1003.6,1005.6,2013-08-12T08:32:00,1000.7,2013-08-12T17:44:00,31.2,35.9,2013-08-12T10:58:00,26.5,2013-08-12T02:04:00,62,44,2013-08-12T10:58:00,2.5,105,14.2,70,2013-08-12T20:22:00,-9999.5,,,,,,,,,,,,,,,,,,,,,,,,,,,84,2013-08-12T05:38:00,,,,,,,,,,,,,,,,,,,,,,,,,,,,,,,,,,,,,,,,,,,,,,,,,,,,,,,,,,,,,,,,,,,,,
2013-08-13,1002.4,1003.3,2013-08-13T08:43:00,1001.2,2013-08-13T14:03:00,31.1,35.8,2013-08-13T11:27:00,28.3,2013-08-13T21:34:00,65,48,2013-08-13T11:27:00,1.8,29,6.9,113,2013-08-13T05:10:00,-9999.5,,,,,,,,,,,,,,,,,,,,,,,,,,,84,2013-08-13T19:58:00,,,,,,,,,,,,,,,,,,,,,,,,,,,,,,,,,,,,,,,,,,,,,,,,,,,,,,,,,,,,,,,,,,,,,
2013-08-14,1004.9,1007.3,2013-08-14T21:39:00,1002.4,2013-08-14T01:54:00,28.9,33.4,2013-08-14T13:14:00,24.8,2013-08-14T18:13:00,80,55,2013-08-14T12:22:00,1.4,98,9.1,90,2013-08-14T17:25:00,-9999.5,,,,,,,,,,,,,,,,,,,,,,,,,,,96,2013-08-14T18:28:00,,,,,,,,,,,,,,,,,,,,,,,,,,,,,,,,,,,,,,,,,,,,,,,,,,,,,,,,,,,,,,,,,,,,,
2013-08-15,1005.0,1006.8,2013-08-15T10:47:00,1003.6,2013-08-15T23:58:00,27.0,29.6,2013-08-15T15:41:00,24.2,2013-08-15T12:33:00,85,69,2013-08-15T17:07:00,0.9,204,5.5,253,2013-08-15T12:22:00,-9999.5,,,,,,,,,,,,,,,,,,,,,,,,,,,96,2013-08-15T13:00:00,,,,,,,,,,,,,,,,,,,,,,,,,,,,,,,,,,,,,,,,,,,,,,,,,,,,,,,,,,,,,,,,,,,,,
2013-08-16,1001.2,1003.6,2013-08-17T00:00:00,999.4,2013-08-16T15:11:00,28.0,32.0,2013-08-16T14:33:00,24.7,2013-08-16T05:31:00,80,63,2013-08-16T09:41:00,1.6,87,6.8,6,2013-08-16T13:04:00,0.0,,,,,,,,,,,,,,,,,,,,,,,,,,,94,2013-08-16T02:26:00,,,,,,,,,,,,,,,,,,,,,,,,,,,,,,,,,,,,,,,,,,,,,,,,,,,,,,,,,,,,,,,,,,,,,
2013-08-17,1000.3,1001.2,2013-08-17T21:33:00,999.4,2013-08-17T02:12:00,28.5,31.9,2013-08-17T11:53:00,25.7,2013-08-17T23:09:00,79,62,2013-08-17T08:38:00,1.3,331,6.4,326,2013-08-17T12:54:00,0.0,,,,,,,,,,,,,,,,,,,,,,,,,,,95,2013-08-17T23:59:00,,,,,,,,,,,,,,,,,,,,,,,,,,,,,,,,,,,,,,,,,,,,,,,,,,,,,,,,,,,,,,,,,,,,,
2013-08-18,999.9,1001.4,2013-08-18T08:22:00,998.2,2013-08-18T16:45:00,28.6,32.5,2013-08-18T15:49:00,25.0,2013-08-18T05:37:00,81,60,2013-08-18T16:31:00,1.3,243,6.6,333,2013-08-18T11:04:00,0.0,,,,,,,,,,,,,,,,,,,,,,,,,,,95,2013-08-18T00:17:00,,,,,,,,,,,,,,,,,,,,,,,,,,,,,,,,,,,,,,,,,,,,,,,,,,,,,,,,,,,,,,,,,,,,,
2013-08-19,998.6,999.9,2013-08-20T00:00:00,996.5,2013-08-19T16:05:00,29.2,33.9,2013-08-19T13:38:00,25.4,2013-08-19T05:09:00,80,55,2013-08-19T12:36:00,1.6,7,7.3,224,2013-08-19T08:47:00,0.0,,,,,,,,,,,,,,,,,,,,,,,,,,,93,2013-08-19T00:57:00,,,,,,,,,,,,,,,,,,,,,,,,,,,,,,,,,,,,,,,,,,,,,,,,,,,,,,,,,,,,,,,,,,,,,
2013-08-20,995.7,998.6,2013-08-21T00:00:00,993.1,2013-08-20T17:23:00,26.9,28.6,2013-08-20T13:23:00,25.2,2013-08-20T16:45:00,94,86,2013-08-20T00:59:00,2.0,21,17.7,24,2013-08-20T19:21:00,224.0,,,,,,,,,,,,,,,,,,,,,,,,,,,97,2013-08-20T06:42:00,,,,,,,,,,,,,,,,,,,,,,,,,,,,,,,,,,,,,,,,,,,,,,,,,,,,,,,,,,,,,,,,,,,,,
2013-08-21,985.2,993.5,2013-08-21T00:05:00,976.8,2013-08-21T18:15:00,27.5,30.7,2013-08-21T10:37:00,25.9,2013-08-21T22:04:00,93,83,2013-08-21T10:38:00,5.1,1,16.7,351,2013-08-21T11:36:00,93.5,,,,,,,,,,,,,,,,,,,,,,,,,,,97,2013-08-21T13:33:00,,,,,,,,,,,,,,,,,,,,,,,,,,,,,,,,,,,,,,,,,,,,,,,,,,,,,,,,,,,,,,,,,,,,,
2013-08-22,992.3,999.1,2013-08-22T23:40:00,983.0,2013-08-22T00:01:00,27.4,30.1,2013-08-22T12:45:00,25.6,2013-08-22T03:47:00,90,78,2013-08-22T14:58:00,1.2,141,7.8,245,2013-08-22T13:09:00,24.0,,,,,,,,,,,,,,,,,,,,,,,,,,,97,2013-08-22T07:19:00,,,,,,,,,,,,,,,,,,,,,,,,,,,,,,,,,,,,,,,,,,,,,,,,,,,,,,,,,,,,,,,,,,,,,
2013-08-23,1001.8,1005.3,2013-08-23T21:40:00,998.7,2013-08-23T02:15:00,27.7,32.3,2013-08-23T09:11:00,25.2,2013-08-23T23:32:00,88,68,2013-08-23T12:17:00,1.0,3,5.6,9,2013-08-23T11:51:00,11.0,,,,,,,,,,,,,,,,,,,,,,,,,,,97,2013-08-23T05:20:00,,,,,,,,,,,,,,,,,,,,,,,,,,,,,,,,,,,,,,,,,,,,,,,,,,,,,,,,,,,,,,,,,,,,,
2013-08-24,1005.2,1007.2,2013-08-24T21:20:00,1003.6,2013-08-24T03:34:00,27.6,32.2,2013-08-24T12:03:00,24.2,2013-08-24T18:31:00,85,64,2013-08-24T09:29:00,1.6,131,10.4,208,2013-08-24T17:59:00,34.5,,,,,,,,,,,,,,,,,,,,,,,,,,,97,2013-08-24T18:25:00,,,,,,,,,,,,,,,,,,,,,,,,,,,,,,,,,,,,,,,,,,,,,,,,,,,,,,,,,,,,,,,,,,,,,
2013-08-25,1005.4,1006.5,2013-08-26T00:00:00,1003.9,2013-08-25T16:30:00,28.2,32.2,2013-08-25T10:38:00,24.1,2013-08-25T05:51:00,81,59,2013-08-25T10:31:00,1.2,150,6.7,325,2013-08-25T12:23:00,0.0,,,,,,,,,,,,,,,,,,,,,,,,,,,96,2013-08-25T01:19:00,,,,,,,,,,,,,,,,,,,,,,,,,,,,,,,,,,,,,,,,,,,,,,,,,,,,,,,,,,,,,,,,,,,,,
2013-08-26,1003.8,1005.0,2013-08-26T00:08:00,1001.7,2013-08-26T16:18:00,29.2,33.0,2013-08-26T11:40:00,25.1,2013-08-26T05:53:00,77,55,2013-08-26T15:39:00,1.2,253,6.8,344,2013-08-26T11:59:00,0.0,,,,,,,,,,,,,,,,,,,,,,,,,,,95,2013-08-26T01:30:00,,,,,,,,,,,,,,,,,,,,,,,,,,,,,,,,,,,,,,,,,,,,,,,,,,,,,,,,,,,,,,,,,,,,,
2013-08-27,1002.6,1004.4,2013-08-27T07:30:00,1000.3,2013-08-27T17:16:00,30.4,34.9,2013-08-27T14:05:00,27.0,2013-08-27T00:04:00,71,48,2013-08-27T13:57:00,2.4,87,10.4,81,2013-08-27T19:15:00,0.0,,,,,,,,,,,,,,,,,,,,,,,,,,,93,2013-08-27T00:51:00,,,,,,,,,,,,,,,,,,,,,,,,,,,,,,,,,,,,,,,,,,,,,,,,,,,,,,,,,,,,,,,,,,,,,
2013-08-28,1000.3,1002.2,2013-08-28T09:18:00,998.4,2013-08-28T23:24:00,29.4,34.4,2013-08-28T12:40:00,24.9,2013-08-28T05:28:00,74,53,2013-08-28T12:29:00,2.9,73,11.8,69,2013-08-28T13:59:00,0.0,,,,,,,,,,,,,,,,,,,,,,,,,,,94,2013-08-28T03:20:00,,,,,,,,,,,,,,,,,,,,,,,,,,,,,,,,,,,,,,,,,,,,,,,,,,,,,,,,,,,,,,,,,,,,,
2013-08-29,998.2,1000.4,2013-08-29T22:26:00,996.9,2013-08-29T11:41:00,26.5,28.5,2013-08-29T07:03:00,23.5,2013-08-29T16:46:00,88,65,2013-08-29T22:42:00,2.6,64,13.2,216,2013-08-29T16:55:00,174.5,,,,,,,,,,,,,,,,,,,,,,,,,,,98,2013-08-29T15:45:00,,,,,,,,,,,,,,,,,,,,,,,,,,,,,,,,,,,,,,,,,,,,,,,,,,,,,,,,,,,,,,,,,,,,,
2013-08-30,1001.2,1002.7,2013-08-30T08:46:00,999.2,2013-08-30T14:38:00,27.3,31.8,2013-08-30T12:33:00,24.4,2013-08-30T02:17:00,81,62,2013-08-30T12:33:00,1.7,240,10.2,237,2013-08-30T01:33:00,4.0,,,,,,,,,,,,,,,,,,,,,,,,,,,94,2013-08-30T05:34:00,,,,,,,,,,,,,,,,,,,,,,,,,,,,,,,,,,,,,,,,,,,,,,,,,,,,,,,,,,,,,,,,,,,,,
2013-08-31,1002.4,1004.6,2013-08-31T21:12:00,1000.8,2013-08-31T03:49:00,26.2,28.7,2013-08-31T11:01:00,24.7,2013-08-31T21:08:00,87,74,2013-08-31T03:10:00,2.2,196,13.2,41,2013-08-31T20:09:00,11.0,,,,,,,,,,,,,,,,,,,,,,,,,,,95,2013-08-31T18:39:00,,,,,,,,,,,,,,,,,,,,,,,,,,,,,,,,,,,,,,,,,,,,,,,,,,,,,,,,,,,,,,,,,,,,,
2013-09-01,1006.8,1009.9,2013-09-01T22:30:00,1003.0,2013-09-01T03:14:00,23.4,25.6,2013-09-01T03:20:00,21.5,2013-09-01T23:26:00,90,76,2013-09-01T07:46:00,3.0,4,12.8,353,2013-09-01T04:50:00,26.5,,,,,,,,,,,,,,,,,,,,,,,,,,,96,2013-09-01T12:16:00,,,,,,,,,,,,,,,,,,,,,,,,,,,,,,,,,,,,,,,,,,,,,,,,,,,,,,,,,,,,,,,,,,,,,
2013-09-02,1008.3,1009.9,2013-09-02T09:07:00,1006.5,2013-09-02T14:40:00,24.3,28.5,2013-09-02T11:50:00,20.5,2013-09-02T23:59:00,77,52,2013-09-02T09:42:00,1.4,98,6.3,0,2013-09-02T14:04:00,0.0,,,,,,,,,,,,,,,,,,,,,,,,,,,96,2013-09-02T01:07:00,,,,,,,,,,,,,,,,,,,,,,,,,,,,,,,,,,,,,,,,,,,,,,,,,,,,,,,,,,,,,,,,,,,,,
2013-09-03,1007.7,1009.0,2013-09-03T21:39:00,1006.8,2013-09-03T04:52:00,24.7,28.9,2013-09-03T11:04:00,19.2,2013-09-03T04:33:00,72,59,2013-09-03T11:00:00,1.9,19,9.8,2,2013-09-03T14:20:00,0.0,,,,,,,,,,,,,,,,,,,,,,,,,,,90,2013-09-03T05:36:00,,,,,,,,,,,,,,,,,,,,,,,,,,,,,,,,,,,,,,,,,,,,,,,,,,,,,,,,,,,,,,,,,,,,,
2013-09-04,1008.6,1009.8,2013-09-04T22:05:00,1007.4,2013-09-04T14:20:00,25.5,28.9,2013-09-04T13:27:00,22.3,2013-09-04T06:04:00,69,55,2013-09-04T13:27:00,2.6,27,11.3,33,2013-09-04T13:44:00,0.0,,,,,,,,,,,,,,,,,,,,,,,,,,,83,2013-09-04T06:05:00,,,,,,,,,,,,,,,,,,,,,,,,,,,,,,,,,,,,,,,,,,,,,,,,,,,,,,,,,,,,,,,,,,,,,
2013-09-05,1008.9,1010.6,2013-09-05T23:10:00,1007.4,2013-09-05T14:59:00,26.5,30.4,2013-09-05T10:51:00,22.3,2013-09-05T01:03:00,74,56,2013-09-05T09:16:00,2.6,3,11.2,5,2013-09-05T15:51:00,0.0,,,,,,,,,,,,,,,,,,,,,,,,,,,85,2013-09-05T22:37:00,,,,,,,,,,,,,,,,,,,,,,,,,,,,,,,,,,,,,,,,,,,,,,,,,,,,,,,,,,,,,,,,,,,,,
2013-09-06,1009.8,1011.0,2013-09-06T08:07:00,1008.3,2013-09-06T16:01:00,27.7,31.4,2013-09-06T16:48:00,22.5,2013-09-06T05:43:00,76,61,2013-09-06T16:45:00,2.3,101,12.0,343,2013-09-06T13:32:00,0.0,,,,,,,,,,,,,,,,,,,,,,,,,,,96,2013-09-06T06:24:00,,,,,,,,,,,,,,,,,,,,,,,,,,,,,,,,,,,,,,,,,,,,,,,,,,,,,,,,,,,,,,,,,,,,,
2013-09-07,1010.5,1012.4,2013-09-07T20:59:00,1009.0,2013-09-07T15:15:00,28.2,33.0,2013-09-07T12:31:00,24.7,2013-09-07T04:06:00,70,54,2013-09-07T12:32:00,2.7,68,10.5,27,2013-09-07T11:08:00,0.0,,,,,,,,,,,,,,,,,,,,,,,,,,,87,2013-09-07T04:07:00,,,,,,,,,,,,,,,,,,,,,,,,,,,,,,,,,,,,,,,,,,,,,,,,,,,,,,,,,,,,,,,,,,,,,
2013-09-08,1010.8,1012.2,2013-09-08T09:34:00,1009.2,2013-09-08T15:05:00,28.2,31.7,2013-09-08T11:02:00,25.2,2013-09-08T04:25:00,71,54,2013-09-08T11:01:00,3.4,69,10.7,3,2013-09-08T11:54:00,0.0,,,,,,,,,,,,,,,,,,,,,,,,,,,80,2013-09-08T00:38:00,,,,,,,,,,,,,,,,,,,,,,,,,,,,,,,,,,,,,,,,,,,,,,,,,,,,,,,,,,,,,,,,,,,,,
2013-09-09,1009.1,1011.4,2013-09-09T08:00:00,1006.8,2013-09-09T14:51:00,29.0,33.4,2013-09-09T13:29:00,24.3,2013-09-09T05:30:00,68,51,2013-09-09T11:28:00,3.3,75,10.6,92,2013-09-09T17:32:00,0.0,,,,,,,,,,,,,,,,,,,,,,,,,,,86,2013-09-09T05:30:00,,,,,,,,,,,,,,,,,,,,,,,,,,,,,,,,,,,,,,,,,,,,,,,,,,,,,,,,,,,,,,,,,,,,,
2013-09-10,1007.5,1008.5,2013-09-10T10:08:00,1006.2,2013-09-10T17:07:00,29.1,32.4,2013-09-10T14:23:00,25.1,2013-09-10T02:27:00,72,59,2013-09-10T14:31:00,2.3,95,8.1,91,2013-09-10T20:34:00,0.0,,,,,,,,,,,,,,,,,,,,,,,,,,,85,2013-09-10T02:27:00,,,,,,,,,,,,,,,,,,,,,,,,,,,,,,,,,,,,,,,,,,,,,,,,,,,,,,,,,,,,,,,,,,,,,
2013-09-11,1007.8,1009.5,2013-09-11T22:47:00,1006.2,2013-09-11T15:19:00,29.5,34.4,2013-09-11T14:51:00,24.8,2013-09-11T05:58:00,70,54,2013-09-11T15:58:00,2.9,5,10.4,85,2013-09-11T16:39:00,0.0,,,,,,,,,,,,,,,,,,,,,,,,,,,89,2013-09-11T06:04:00,,,,,,,,,,,,,,,,,,,,,,,,,,,,,,,,,,,,,,,,,,,,,,,,,,,,,,,,,,,,,,,,,,,,,
2013-09-12,1008.1,1009.8,2013-09-12T22:07:00,1006.6,2013-09-12T15:22:00,29.8,34.7,2013-09-12T11:06:00,27.0,2013-09-12T23:58:00,70,51,2013-09-12T10:54:00,2.4,78,10.5,81,2013-09-12T00:12:00,0.0,,,,,,,,,,,,,,,,,,,,,,,,,,,86,2013-09-13T00:00:00,,,,,,,,,,,,,,,,,,,,,,,,,,,,,,,,,,,,,,,,,,,,,,,,,,,,,,,,,,,,,,,,,,,,,
2013-09-13,1006.2,1009.1,2013-09-13T00:04:00,1003.7,2013-09-13T13:18:00,28.9,36.1,2013-09-13T12:28:00,25.1,2013-09-13T02:58:00,78,46,2013-09-13T12:30:00,1.4,118,7.5,254,2013-09-13T13:38:00,1.5,,,,,,,,,,,,,,,,,,,,,,,,,,,93,2013-09-13T19:55:00,,,,,,,,,,,,,,,,,,,,,,,,,,,,,,,,,,,,,,,,,,,,,,,,,,,,,,,,,,,,,,,,,,,,,
2013-09-14,1003.4,1005.5,2013-09-14T00:01:00,1000.5,2013-09-14T15:48:00,28.7,31.8,2013-09-14T13:35:00,25.5,2013-09-14T04:06:00,79,65,2013-09-14T09:45:00,2.0,8,10.4,0,2013-09-14T12:58:00,0.0,,,,,,,,,,,,,,,,,,,,,,,,,,,94,2013-09-14T02:58:00,,,,,,,,,,,,,,,,,,,,,,,,,,,,,,,,,,,,,,,,,,,,,,,,,,,,,,,,,,,,,,,,,,,,,
2013-09-15,1003.7,1006.0,2013-09-15T21:15:00,1001.5,2013-09-15T01:35:00,27.8,31.1,2013-09-15T10:01:00,24.7,2013-09-15T05:37:00,79,66,2013-09-15T13:32:00,2.1,74,11.3,41,2013-09-15T12:05:00,0.5,,,,,,,,,,,,,,,,,,,,,,,,,,,92,2013-09-15T05:44:00,,,,,,,,,,,,,,,,,,,,,,,,,,,,,,,,,,,,,,,,,,,,,,,,,,,,,,,,,,,,,,,,,,,,,
2013-09-16,1006.4,1007.9,2013-09-16T20:56:00,1004.6,2013-09-16T02:59:00,27.3,31.2,2013-09-16T15:25:00,23.5,2013-09-16T05:35:00,71,50,2013-09-16T15:11:00,2.8,42,12.4,64,2013-09-16T14:12:00,0.0,,,,,,,,,,,,,,,,,,,,,,,,,,,88,2013-09-16T05:38:00,,,,,,,,,,,,,,,,,,,,,,,,,,,,,,,,,,,,,,,,,,,,,,,,,,,,,,,,,,,,,,,,,,,,,
2013-09-17,1006.7,1008.2,2013-09-17T21:22:00,1005.1,2013-09-17T14:36:00,26.9,30.1,2013-09-17T13:41:00,24.3,2013-09-17T05:34:00,69,57,2013-09-17T16:23:00,3.0,33,13.2,17,2013-09-17T12:58:00,0.0,,,,,,,,,,,,,,,,,,,,,,,,,,,83,2013-09-17T05:35:00,,,,,,,,,,,,,,,,,,,,,,,,,,,,,,,,,,,,,,,,,,,,,,,,,,,,,,,,,,,,,,,,,,,,,
2013-09-18,1006.3,1008.0,2013-09-18T10:36:00,1004.5,2013-09-18T16:36:00,27.3,29.9,2013-09-18T08:42:00,24.8,2013-09-18T00:26:00,79,68,2013-09-18T13:26:00,2.7,46,8.7,54,2013-09-18T15:53:00,0.0,,,,,,,,,,,,,,,,,,,,,,,,,,,90,2013-09-18T17:20:00,,,,,,,,,,,,,,,,,,,,,,,,,,,,,,,,,,,,,,,,,,,,,,,,,,,,,,,,,,,,,,,,,,,,,
2013-09-19,1005.8,1007.1,2013-09-19T09:38:00,1004.0,2013-09-19T15:49:00,28.1,32.0,2013-09-19T09:16:00,25.9,2013-09-19T23:59:00,78,59,2013-09-19T09:17:00,3.3,45,12.4,38,2013-09-19T12:24:00,0.0,,,,,,,,,,,,,,,,,,,,,,,,,,,87,2013-09-19T17:25:00,,,,,,,,,,,,,,,,,,,,,,,,,,,,,,,,,,,,,,,,,,,,,,,,,,,,,,,,,,,,,,,,,,,,,
2013-09-20,1002.3,1005.8,2013-09-21T00:00:00,998.8,2013-09-20T23:53:00,27.2,30.2,2013-09-20T11:11:00,24.7,2013-09-20T03:50:00,87,74,2013-09-20T12:33:00,4.0,49,13.7,31,2013-09-20T12:39:00,10.5,,,,,,,,,,,,,,,,,,,,,,,,,,,94,2013-09-20T17:50:00,,,,,,,,,,,,,,,,,,,,,,,,,,,,,,,,,,,,,,,,,,,,,,,,,,,,,,,,,,,,,,,,,,,,,
2013-09-21,995.2,998.9,2013-09-22T00:00:00,992.4,2013-09-21T15:31:00,28.1,29.7,2013-09-21T10:53:00,26.2,2013-09-21T06:07:00,81,70,2013-09-21T23:15:00,5.8,56,19.2,74,2013-09-21T15:29:00,17.5,,,,,,,,,,,,,,,,,,,,,,,,,,,94,2013-09-21T06:09:00,,,,,,,,,,,,,,,,,,,,,,,,,,,,,,,,,,,,,,,,,,,,,,,,,,,,,,,,,,,,,,,,,,,,,
2013-09-22,996.6,1000.8,2013-09-22T21:41:00,992.9,2013-09-22T04:26:00,28.2,29.6,2013-09-22T10:29:00,26.1,2013-09-22T00:51:00,76,70,2013-09-22T22:47:00,4.7,87,15.7,80,2013-09-22T01:01:00,1.5,,,,,,,,,,,,,,,,,,,,,,,,,,,90,2013-09-22T00:54:00,,,,,,,,,,,,,,,,,,,,,,,,,,,,,,,,,,,,,,,,,,,,,,,,,,,,,,,,,,,,,,,,,,,,,
2013-09-23,1003.1,1005.1,2013-09-23T21:46:00,1000.0,2013-09-23T01:43:00,28.7,33.3,2013-09-23T13:15:00,24.5,2013-09-23T05:31:00,72,58,2013-09-23T16:48:00,2.7,110,10.7,98,2013-09-23T01:04:00,0.0,,,,,,,,,,,,,,,,,,,,,,,,,,,94,2013-09-23T05:40:00,,,,,,,,,,,,,,,,,,,,,,,,,,,,,,,,,,,,,,,,,,,,,,,,,,,,,,,,,,,,,,,,,,,,,
2013-09-24,1004.6,1006.8,2013-09-24T23:52:00,1003.2,2013-09-24T14:00:00,28.7,33.7,2013-09-24T13:19:00,26.0,2013-09-24T05:45:00,66,40,2013-09-24T12:54:00,3.1,91,12.1,92,2013-09-24T10:29:00,0.0,,,,,,,,,,,,,,,,,,,,,,,,,,,81,2013-09-24T23:56:00,,,,,,,,,,,,,,,,,,,,,,,,,,,,,,,,,,,,,,,,,,,,,,,,,,,,,,,,,,,,,,,,,,,,,
2013-09-25,1007.9,1011.3,2013-09-25T23:17:00,1006.0,2013-09-25T03:14:00,27.0,30.6,2013-09-25T11:27:00,23.3,2013-09-25T23:59:00,79,63,2013-09-25T11:10:00,3.0,21,11.4,66,2013-09-25T21:44:00,3.5,,,,,,,,,,,,,,,,,,,,,,,,,,,94,2013-09-25T23:48:00,,,,,,,,,,,,,,,,,,,,,,,,,,,,,,,,,,,,,,,,,,,,,,,,,,,,,,,,,,,,,,,,,,,,,
2013-09-26,1011.5,1012.9,2013-09-26T09:58:00,1010.1,2013-09-26T03:41:00,24.7,26.4,2013-09-26T12:47:00,23.3,2013-09-26T00:07:00,70,62,2013-09-26T15:08:00,3.3,52,11.6,39,2013-09-26T03:54:00,1.5,,,,,,,,,,,,,,,,,,,,,,,,,,,93,2013-09-27T00:00:00,,,,,,,,,,,,,,,,,,,,,,,,,,,,,,,,,,,,,,,,,,,,,,,,,,,,,,,,,,,,,,,,,,,,,
2013-09-27,1009.6,1011.7,2013-09-27T07:34:00,1007.5,2013-09-27T23:59:00,25.4,28.0,2013-09-27T11:52:00,22.9,2013-09-27T04:35:00,71,61,2013-09-27T09:10:00,3.4,40,13.1,34,2013-09-27T15:24:00,0.0,,,,,,,,,,,,,,,,,,,,,,,,,,,80,2013-09-27T19:46:00,,,,,,,,,,,,,,,,,,,,,,,,,,,,,,,,,,,,,,,,,,,,,,,,,,,,,,,,,,,,,,,,,,,,,
2013-09-28,1006.2,1007.6,2013-09-28T00:01:00,1004.6,2013-09-28T15:10:00,26.6,29.7,2013-09-28T11:20:00,24.9,2013-09-28T06:11:00,79,65,2013-09-28T09:32:00,3.5,29,10.5,18,2013-09-28T13:24:00,0.0,,,,,,,,,,,,,,,,,,,,,,,,,,,92,2013-09-28T23:08:00,,,,,,,,,,,,,,,,,,,,,,,,,,,,,,,,,,,,,,,,,,,,,,,,,,,,,,,,,,,,,,,,,,,,,
2013-09-29,1006.0,1008.6,2013-09-29T21:30:00,1003.3,2013-09-29T03:20:00,27.0,32.0,2013-09-29T10:53:00,23.3,2013-09-29T05:48:00,79,55,2013-09-29T10:24:00,2.6,41,11.0,35,2013-09-29T18:43:00,0.0,,,,,,,,,,,,,,,,,,,,,,,,,,,92,2013-09-29T23:06:00,,,,,,,,,,,,,,,,,,,,,,,,,,,,,,,,,,,,,,,,,,,,,,,,,,,,,,,,,,,,,,,,,,,,,
2013-09-30,1008.9,1011.1,2013-09-30T21:27:00,1006.9,2013-09-30T02:33:00,25.1,26.3,2013-09-30T14:07:00,23.9,2013-09-30T06:59:00,90,86,2013-09-30T15:12:00,3.6,51,11.4,29,2013-09-30T14:16:00,14.5,,,,,,,,,,,,,,,,,,,,,,,,,,,94,2013-09-30T07:00:00,,,,,,,,,,,,,,,,,,,,,,,,,,,,,,,,,,,,,,,,,,,,,,,,,,,,,,,,,,,,,,,,,,,,,
2013-10-01,1009.8,1011.2,2013-10-01T09:20:00,1008.4,2013-10-01T15:57:00,25.8,28.3,2013-10-01T11:56:00,24.4,2013-10-01T23:42:00,83,73,2013-10-01T11:57:00,3.3,49,10.3,59,2013-10-01T14:06:00,0.5,,,,,,,,,,,,,,,,,,,,,,,,,,,89,2013-10-01T00:01:00,,,,,,,,,,,,,,,,,,,,,,,,,,,,,,,,,,,,,,,,,,,,,,,,,,,,,,,,,,,,,,,,,,,,,
2013-10-02,1010.4,1012.5,2013-10-02T21:22:00,1009.0,2013-10-02T03:09:00,25.2,28.1,2013-10-02T09:39:00,21.9,2013-10-02T23:25:00,72,53,2013-10-02T13:54:00,2.9,22,10.5,353,2013-10-02T12:28:00,0.0,,,,,,,,,,,,,,,,,,,,,,,,,,,90,2013-10-02T01:44:00,,,,,,,,,,,,,,,,,,,,,,,,,,,,,,,,,,,,,,,,,,,,,,,,,,,,,,,,,,,,,,,,,,,,,
2013-10-03,1010.7,1012.0,2013-10-03T09:22:00,1009.8,2013-10-03T14:41:00,23.7,25.5,2013-10-03T13:33:00,21.9,2013-10-03T19:29:00,68,59,2013-10-03T23:25:00,3.2,27,13.4,37,2013-10-03T10:44:00,0.0,,,,,,,,,,,,,,,,,,,,,,,,,,,84,2013-10-03T06:21:00,,,,,,,,,,,,,,,,,,,,,,,,,,,,,,,,,,,,,,,,,,,,,,,,,,,,,,,,,,,,,,,,,,,,,
2013-10-04,1008.9,1010.8,2013-10-04T09:13:00,1007.4,2013-10-04T23:47:00,24.2,26.1,2013-10-04T14:53:00,22.5,2013-10-04T03:44:00,71,58,2013-10-04T01:40:00,3.8,6,12.9,54,2013-10-04T22:28:00,1.5,,,,,,,,,,,,,,,,,,,,,,,,,,,86,2013-10-04T22:44:00,,,,,,,,,,,,,,,,,,,,,,,,,,,,,,,,,,,,,,,,,,,,,,,,,,,,,,,,,,,,,,,,,,,,,
2013-10-05,1005.3,1007.6,2013-10-05T00:13:00,1003.0,2013-10-05T23:58:00,25.0,26.0,2013-10-05T15:47:00,23.7,2013-10-05T23:19:00,83,79,2013-10-05T01:03:00,6.0,2,15.1,341,2013-10-05T23:11:00,1.0,,,,,,,,,,,,,,,,,,,,,,,,,,,92,2013-10-05T23:24:00,,,,,,,,,,,,,,,,,,,,,,,,,,,,,,,,,,,,,,,,,,,,,,,,,,,,,,,,,,,,,,,,,,,,,
2013-10-06,998.9,1003.1,2013-10-07T00:00:00,996.2,2013-10-06T14:03:00,25.4,26.5,2013-10-06T20:28:00,23.7,2013-10-06T00:21:00,85,73,2013-10-06T22:59:00,5.4,344,16.1,323,2013-10-06T13:45:00,2.5,,,,,,,,,,,,,,,,,,,,,,,,,,,95,2013-10-06T00:43:00,,,,,,,,,,,,,,,,,,,,,,,,,,,,,,,,,,,,,,,,,,,,,,,,,,,,,,,,,,,,,,,,,,,,,
2013-10-07,999.9,1002.7,2013-10-07T21:11:00,996.7,2013-10-07T02:59:00,26.8,30.3,2013-10-07T11:25:00,23.7,2013-10-07T04:24:00,76,56,2013-10-07T11:37:00,1.6,158,7.5,0,2013-10-07T13:16:00,0.0,,,,,,,,,,,,,,,,,,,,,,,,,,,90,2013-10-07T23:59:00,,,,,,,,,,,,,,,,,,,,,,,,,,,,,,,,,,,,,,,,,,,,,,,,,,,,,,,,,,,,,,,,,,,,,
2013-10-08,1004.7,1007.4,2013-10-08T21:53:00,1001.8,2013-10-08T00:35:00,26.9,31.2,2013-10-08T14:08:00,23.9,2013-10-08T05:52:00,82,59,2013-10-08T14:18:00,1.6,6,7.1,251,2013-10-08T12:19:00,0.0,,,,,,,,,,,,,,,,,,,,,,,,,,,92,2013-10-08T02:42:00,,,,,,,,,,,,,,,,,,,,,,,,,,,,,,,,,,,,,,,,,,,,,,,,,,,,,,,,,,,,,,,,,,,,,
2013-10-09,1009.2,1010.8,2013-10-09T20:19:00,1006.9,2013-10-09T03:08:00,25.4,27.0,2013-10-09T13:09:00,24.5,2013-10-09T03:58:00,86,79,2013-10-09T13:08:00,2.6,28,9.9,62,2013-10-09T01:11:00,0.0,,,,,,,,,,,,,,,,,,,,,,,,,,,90,2013-10-09T23:59:00,,,,,,,,,,,,,,,,,,,,,,,,,,,,,,,,,,,,,,,,,,,,,,,,,,,,,,,,,,,,,,,,,,,,,
2013-10-10,1009.6,1011.4,2013-10-10T08:32:00,1008.0,2013-10-10T14:39:00,26.0,29.1,2013-10-10T12:47:00,23.1,2013-10-10T04:41:00,84,71,2013-10-10T12:49:00,2.7,45,11.8,353,2013-10-10T14:59:00,0.0,,,,,,,,,,,,,,,,,,,,,,,,,,,94,2013-10-10T05:49:00,,,,,,,,,,,,,,,,,,,,,,,,,,,,,,,,,,,,,,,,,,,,,,,,,,,,,,,,,,,,,,,,,,,,,
2013-10-11,1009.6,1010.8,2013-10-11T09:31:00,1008.5,2013-10-11T16:04:00,25.8,28.0,2013-10-11T10:34:00,24.7,2013-10-11T05:35:00,83,74,2013-10-11T15:42:00,3.3,36,11.9,54,2013-10-11T12:36:00,0.0,,,,,,,,,,,,,,,,,,,,,,,,,,,91,2013-10-11T04:43:00,,,,,,,,,,,,,,,,,,,,,,,,,,,,,,,,,,,,,,,,,,,,,,,,,,,,,,,,,,,,,,,,,,,,,
2013-10-12,1009.8,1010.9,2013-10-12T08:48:00,1008.7,2013-10-12T03:01:00,25.3,27.7,2013-10-12T12:14:00,24.0,2013-10-12T05:22:00,74,64,2013-10-12T14:00:00,3.8,56,12.7,57,2013-10-12T11:54:00,0.0,,,,,,,,,,,,,,,,,,,,,,,,,,,84,2013-10-12T20:07:00,,,,,,,,,,,,,,,,,,,,,,,,,,,,,,,,,,,,,,,,,,,,,,,,,,,,,,,,,,,,,,,,,,,,,
2013-10-13,1009.3,1010.7,2013-10-13T08:54:00,1008.1,2013-10-13T15:58:00,25.8,29.2,2013-10-13T10:39:00,23.5,2013-10-13T03:20:00,67,54,2013-10-13T15:34:00,3.6,63,13.5,56,2013-10-13T11:09:00,0.0,,,,,,,,,,,,,,,,,,,,,,,,,,,78,2013-10-13T23:39:00,,,,,,,,,,,,,,,,,,,,,,,,,,,,,,,,,,,,,,,,,,,,,,,,,,,,,,,,,,,,,,,,,,,,,
2013-10-14,1008.9,1010.4,2013-10-14T21:06:00,1006.8,2013-10-14T13:50:00,26.4,31.1,2013-10-14T11:01:00,23.5,2013-10-14T01:37:00,71,56,2013-10-14T09:52:00,2.4,28,9.9,83,2013-10-14T13:06:00,0.0,,,,,,,,,,,,,,,,,,,,,,,,,,,83,2013-10-14T01:38:00,,,,,,,,,,,,,,,,,,,,,,,,,,,,,,,,,,,,,,,,,,,,,,,,,,,,,,,,,,,,,,,,,,,,,
2013-10-15,1011.8,1015.5,2013-10-15T23:56:00,1009.2,2013-10-15T03:42:00,24.8,27.7,2013-10-15T10:17:00,22.8,2013-10-15T23:43:00,68,58,2013-10-15T16:13:00,3.5,34,12.4,36,2013-10-15T15:38:00,0.0,,,,,,,,,,,,,,,,,,,,,,,,,,,82,2013-10-15T00:18:00,,,,,,,,,,,,,,,,,,,,,,,,,,,,,,,,,,,,,,,,,,,,,,,,,,,,,,,,,,,,,,,,,,,,,
2013-10-16,1017.9,1019.8,2013-10-16T09:16:00,1015.0,2013-10-16T01:34:00,21.4,23.4,2013-10-16T12:58:00,18.8,2013-10-16T23:58:00,62,49,2013-10-16T14:39:00,3.4,27,11.5,1,2013-10-16T11:36:00,0.0,,,,,,,,,,,,,,,,,,,,,,,,,,,82,2013-10-16T23:55:00,,,,,,,,,,,,,,,,,,,,,,,,,,,,,,,,,,,,,,,,,,,,,,,,,,,,,,,,,,,,,,,,,,,,,
2013-10-17,1017.4,1019.1,2013-10-17T09:32:00,1015.7,2013-10-17T15:48:00,22.5,26.2,2013-10-17T11:39:00,18.8,2013-10-18T00:00:00,72,55,2013-10-17T11:41:00,3.0,36,13.2,59,2013-10-17T14:48:00,0.5,,,,,,,,,,,,,,,,,,,,,,,,,,,87,2013-10-17T20:41:00,,,,,,,,,,,,,,,,,,,,,,,,,,,,,,,,,,,,,,,,,,,,,,,,,,,,,,,,,,,,,,,,,,,,,
2013-10-18,1015.8,1017.6,2013-10-18T09:20:00,1014.2,2013-10-18T14:17:00,23.3,27.1,2013-10-18T14:34:00,20.7,2013-10-18T00:40:00,76,59,2013-10-18T11:41:00,2.1,42,9.4,53,2013-10-18T17:10:00,0.5,,,,,,,,,,,,,,,,,,,,,,,,,,,91,2013-10-18T23:45:00,,,,,,,,,,,,,,,,,,,,,,,,,,,,,,,,,,,,,,,,,,,,,,,,,,,,,,,,,,,,,,,,,,,,,
2013-10-19,1014.6,1016.0,2013-10-19T09:17:00,1012.7,2013-10-19T14:34:00,23.9,28.1,2013-10-19T11:07:00,21.3,2013-10-19T04:43:00,77,62,2013-10-19T11:07:00,2.4,44,10.8,39,2013-10-19T15:00:00,0.0,,,,,,,,,,,,,,,,,,,,,,,,,,,91,2013-10-19T04:37:00,,,,,,,,,,,,,,,,,,,,,,,,,,,,,,,,,,,,,,,,,,,,,,,,,,,,,,,,,,,,,,,,,,,,,
2013-10-20,1013.5,1015.2,2013-10-20T08:35:00,1011.8,2013-10-20T14:54:00,23.9,27.7,2013-10-20T10:48:00,21.7,2013-10-20T03:12:00,73,57,2013-10-20T10:49:00,3.4,34,11.8,42,2013-10-20T15:50:00,0.0,,,,,,,,,,,,,,,,,,,,,,,,,,,88,2013-10-20T03:10:00,,,,,,,,,,,,,,,,,,,,,,,,,,,,,,,,,,,,,,,,,,,,,,,,,,,,,,,,,,,,,,,,,,,,,
2013-10-21,1013.0,1014.5,2013-10-21T22:25:00,1011.5,2013-10-21T14:17:00,23.1,25.6,2013-10-21T09:00:00,21.4,2013-10-21T22:37:00,69,61,2013-10-21T16:04:00,3.8,20,12.5,36,2013-10-21T12:03:00,0.0,,,,,,,,,,,,,,,,,,,,,,,,,,,77,2013-10-21T07:51:00,,,,,,,,,,,,,,,,,,,,,,,,,,,,,,,,,,,,,,,,,,,,,,,,,,,,,,,,,,,,,,,,,,,,,
2013-10-22,1013.4,1014.9,2013-10-22T09:22:00,1012.1,2013-10-22T14:21:00,22.4,24.2,2013-10-22T08:37:00,20.7,2013-10-22T05:29:00,68,54,2013-10-22T08:39:00,4.0,17,14.4,353,2013-10-22T13:32:00,0.0,,,,,,,,,,,,,,,,,,,,,,,,,,,81,2013-10-22T20:10:00,,,,,,,,,,,,,,,,,,,,,,,,,,,,,,,,,,,,,,,,,,,,,,,,,,,,,,,,,,,,,,,,,,,,,
2013-10-23,1011.1,1013.0,2013-10-23T08:57:00,1010.0,2013-10-23T14:38:00,22.4,24.0,2013-10-23T13:16:00,21.7,2013-10-23T03:21:00,72,60,2013-10-23T12:58:00,4.8,11,13.1,0,2013-10-23T11:34:00,0.0,,,,,,,,,,,,,,,,,,,,,,,,,,,80,2013-10-23T03:16:00,,,,,,,,,,,,,,,,,,,,,,,,,,,,,,,,,,,,,,,,,,,,,,,,,,,,,,,,,,,,,,,,,,,,,
2013-10-24,1010.1,1012.0,2013-10-24T23:55:00,1008.4,2013-10-24T13:34:00,21.4,22.4,2013-10-24T19:49:00,19.5,2013-10-24T08:23:00,71,53,2013-10-24T23:47:00,5.1,5,13.5,348,2013-10-24T18:14:00,1.5,,,,,,,,,,,,,,,,,,,,,,,,,,,89,2013-10-24T08:14:00,,,,,,,,,,,,,,,,,,,,,,,,,,,,,,,,,,,,,,,,,,,,,,,,,,,,,,,,,,,,,,,,,,,,,
2013-10-25,1013.8,1016.0,2013-10-25T20:49:00,1011.4,2013-10-25T01:08:00,20.1,21.2,2013-10-25T00:01:00,19.3,2013-10-25T06:45:00,61,53,2013-10-25T00:38:00,4.1,14,12.7,8,2013-10-25T11:22:00,0.0,,,,,,,,,,,,,,,,,,,,,,,,,,,65,2013-10-25T11:12:00,,,,,,,,,,,,,,,,,,,,,,,,,,,,,,,,,,,,,,,,,,,,,,,,,,,,,,,,,,,,,,,,,,,,,
2013-10-26,1016.8,1018.9,2013-10-26T09:27:00,1015.0,2013-10-26T02:04:00,19.8,22.6,2013-10-26T11:49:00,17.0,2013-10-26T23:37:00,62,52,2013-10-26T10:31:00,3.4,17,12.4,53,2013-10-26T12:57:00,0.0,,,,,,,,,,,,,,,,,,,,,,,,,,,78,2013-10-26T23:34:00,,,,,,,,,,,,,,,,,,,,,,,,,,,,,,,,,,,,,,,,,,,,,,,,,,,,,,,,,,,,,,,,,,,,,
2013-10-27,1016.5,1018.4,2013-10-27T08:27:00,1014.6,2013-10-27T14:03:00,20.5,24.7,2013-10-27T12:18:00,16.1,2013-10-27T04:56:00,67,53,2013-10-27T09:21:00,2.4,29,11.6,26,2013-10-27T12:13:00,0.0,,,,,,,,,,,,,,,,,,,,,,,,,,,83,2013-10-27T04:46:00,,,,,,,,,,,,,,,,,,,,,,,,,,,,,,,,,,,,,,,,,,,,,,,,,,,,,,,,,,,,,,,,,,,,,
2013-10-28,1016.2,1018.0,2013-10-28T08:12:00,1014.1,2013-10-28T14:06:00,22.2,26.3,2013-10-28T10:16:00,19.0,2013-10-28T06:20:00,69,48,2013-10-28T10:06:00,2.4,28,11.3,24,2013-10-28T13:17:00,0.0,,,,,,,,,,,,,,,,,,,,,,,,,,,80,2013-10-28T21:32:00,,,,,,,,,,,,,,,,,,,,,,,,,,,,,,,,,,,,,,,,,,,,,,,,,,,,,,,,,,,,,,,,,,,,,
2013-10-29,1015.6,1017.4,2013-10-29T08:47:00,1013.8,2013-10-29T14:57:00,23.3,27.7,2013-10-29T10:47:00,19.8,2013-10-29T04:53:00,70,51,2013-10-29T10:42:00,2.6,69,10.1,32,2013-10-29T13:01:00,0.0,,,,,,,,,,,,,,,,,,,,,,,,,,,80,2013-10-29T23:37:00,,,,,,,,,,,,,,,,,,,,,,,,,,,,,,,,,,,,,,,,,,,,,,,,,,,,,,,,,,,,,,,,,,,,,
2013-10-30,1013.9,1015.6,2013-10-30T21:23:00,1011.9,2013-10-30T14:12:00,24.6,28.2,2013-10-30T13:46:00,22.1,2013-10-30T05:15:00,67,50,2013-10-30T14:58:00,4.1,79,14.2,88,2013-10-30T12:39:00,0.0,,,,,,,,,,,,,,,,,,,,,,,,,,,79,2013-10-30T00:04:00,,,,,,,,,,,,,,,,,,,,,,,,,,,,,,,,,,,,,,,,,,,,,,,,,,,,,,,,,,,,,,,,,,,,,
2013-10-31,1014.3,1015.9,2013-10-31T08:18:00,1013.2,2013-10-31T14:10:00,23.2,27.4,2013-10-31T10:38:00,21.5,2013-10-31T15:38:00,75,52,2013-10-31T10:38:00,3.2,51,10.8,47,2013-10-31T10:57:00,0.0,,,,,,,,,,,,,,,,,,,,,,,,,,,91,2013-10-31T15:51:00,,,,,,,,,,,,,,,,,,,,,,,,,,,,,,,,,,,,,,,,,,,,,,,,,,,,,,,,,,,,,,,,,,,,,
2013-11-01,1010.8,1013.4,2013-11-02T00:00:00,1008.8,2013-11-01T14:18:00,24.1,28.4,2013-11-01T12:10:00,22.3,2013-11-01T02:21:00,89,74,2013-11-01T12:09:00,3.6,25,13.1,21,2013-11-01T09:16:00,2.5,,,,,,,,,,,,,,,,,,,,,,,,,,,95,2013-11-01T08:45:00,,,,,,,,,,,,,,,,,,,,,,,,,,,,,,,,,,,,,,,,,,,,,,,,,,,,,,,,,,,,,,,,,,,,,
2013-11-02,1010.5,1012.2,2013-11-02T21:28:00,1009.0,2013-11-02T04:11:00,24.5,27.8,2013-11-02T11:25:00,22.1,2013-11-02T03:54:00,91,75,2013-11-02T11:10:00,0.8,2,5.0,239,2013-11-02T13:54:00,1.5,,,,,,,,,,,,,,,,,,,,,,,,,,,96,2013-11-02T04:30:00,,,,,,,,,,,,,,,,,,,,,,,,,,,,,,,,,,,,,,,,,,,,,,,,,,,,,,,,,,,,,,,,,,,,,
2013-11-03,1013.1,1016.3,2013-11-03T23:58:00,1010.5,2013-11-03T03:42:00,22.9,24.9,2013-11-03T09:26:00,21.3,2013-11-03T23:59:00,95,91,2013-11-03T09:42:00,2.8,14,12.4,17,2013-11-03T20:11:00,3.0,,,,,,,,,,,,,,,,,,,,,,,,,,,97,2013-11-03T04:03:00,,,,,,,,,,,,,,,,,,,,,,,,,,,,,,,,,,,,,,,,,,,,,,,,,,,,,,,,,,,,,,,,,,,,,
2013-11-04,1017.6,1019.5,2013-11-04T22:15:00,1015.7,2013-11-04T01:46:00,21.2,22.5,2013-11-04T12:39:00,20.4,2013-11-04T23:02:00,90,84,2013-11-04T12:31:00,3.6,46,13.1,58,2013-11-04T10:31:00,2.0,,,,,,,,,,,,,,,,,,,,,,,,,,,94,2013-11-04T00:17:00,,,,,,,,,,,,,,,,,,,,,,,,,,,,,,,,,,,,,,,,,,,,,,,,,,,,,,,,,,,,,,,,,,,,,
2013-11-05,1016.8,1018.7,2013-11-05T00:02:00,1014.9,2013-11-05T23:49:00,21.6,23.2,2013-11-05T23:59:00,20.4,2013-11-05T00:09:00,84,79,2013-11-05T16:26:00,3.1,50,12.2,46,2013-11-05T10:20:00,0.0,,,,,,,,,,,,,,,,,,,,,,,,,,,91,2013-11-05T00:02:00,,,,,,,,,,,,,,,,,,,,,,,,,,,,,,,,,,,,,,,,,,,,,,,,,,,,,,,,,,,,,,,,,,,,,
2013-11-06,1015.2,1016.9,2013-11-06T22:50:00,1013.7,2013-11-06T02:51:00,23.2,26.6,2013-11-06T10:28:00,21.9,2013-11-06T06:15:00,88,77,2013-11-06T10:22:00,2.4,15,9.5,14,2013-11-06T16:27:00,1.5,,,,,,,,,,,,,,,,,,,,,,,,,,,94,2013-11-06T18:37:00,,,,,,,,,,,,,,,,,,,,,,,,,,,,,,,,,,,,,,,,,,,,,,,,,,,,,,,,,,,,,,,,,,,,,
2013-11-07,1015.2,1017.7,2013-11-07T08:21:00,1013.5,2013-11-07T16:05:00,23.6,27.1,2013-11-07T11:08:00,21.9,2013-11-07T00:57:00,75,61,2013-11-07T11:09:00,3.8,55,12.3,69,2013-11-07T20:12:00,0.0,,,,,,,,,,,,,,,,,,,,,,,,,,,90,2013-11-07T00:16:00,,,,,,,,,,,,,,,,,,,,,,,,,,,,,,,,,,,,,,,,,,,,,,,,,,,,,,,,,,,,,,,,,,,,,
2013-11-08,1013.1,1015.6,2013-11-08T08:49:00,1011.1,2013-11-08T15:47:00,26.2,30.6,2013-11-08T12:51:00,22.9,2013-11-08T05:57:00,67,51,2013-11-08T12:48:00,4.0,104,12.3,90,2013-11-08T10:08:00,0.0,,,,,,,,,,,,,,,,,,,,,,,,,,,79,2013-11-08T05:57:00,,,,,,,,,,,,,,,,,,,,,,,,,,,,,,,,,,,,,,,,,,,,,,,,,,,,,,,,,,,,,,,,,,,,,
2013-11-09,1012.3,1013.8,2013-11-09T09:47:00,1011.1,2013-11-09T05:32:00,25.2,29.8,2013-11-09T09:38:00,20.6,2013-11-09T03:32:00,79,58,2013-11-09T09:13:00,2.1,333,14.7,103,2013-11-09T06:15:00,0.0,,,,,,,,,,,,,,,,,,,,,,,,,,,95,2013-11-09T21:17:00,,,,,,,,,,,,,,,,,,,,,,,,,,,,,,,,,,,,,,,,,,,,,,,,,,,,,,,,,,,,,,,,,,,,,
2013-11-10,1013.4,1015.8,2013-11-10T08:49:00,1012.2,2013-11-10T15:09:00,24.7,30.1,2013-11-10T11:51:00,22.3,2013-11-10T02:33:00,87,61,2013-11-10T11:45:00,2.1,222,12.9,63,2013-11-10T22:41:00,0.0,,,,,,,,,,,,,,,,,,,,,,,,,,,94,2013-11-10T04:32:00,,,,,,,,,,,,,,,,,,,,,,,,,,,,,,,,,,,,,,,,,,,,,,,,,,,,,,,,,,,,,,,,,,,,,
2013-11-11,1014.9,1016.6,2013-11-11T10:29:00,1013.0,2013-11-11T03:04:00,21.1,24.1,2013-11-11T00:12:00,19.5,2013-11-11T17:29:00,86,77,2013-11-11T23:06:00,3.8,34,13.8,33,2013-11-11T12:27:00,0.0,,,,,,,,,,,,,,,,,,,,,,,,,,,90,2013-11-11T03:59:00,,,,,,,,,,,,,,,,,,,,,,,,,,,,,,,,,,,,,,,,,,,,,,,,,,,,,,,,,,,,,,,,,,,,,
2013-11-12,1012.4,1015.4,2013-11-12T08:50:00,1009.2,2013-11-12T15:15:00,21.0,23.9,2013-11-12T12:30:00,19.3,2013-11-12T04:51:00,79,64,2013-11-12T12:28:00,3.5,45,12.9,76,2013-11-12T11:53:00,0.0,,,,,,,,,,,,,,,,,,,,,,,,,,,87,2013-11-12T04:49:00,,,,,,,,,,,,,,,,,,,,,,,,,,,,,,,,,,,,,,,,,,,,,,,,,,,,,,,,,,,,,,,,,,,,,
2013-11-13,1012.9,1015.2,2013-11-13T09:17:00,1010.5,2013-11-13T02:06:00,20.6,23.0,2013-11-13T13:22:00,19.0,2013-11-13T07:08:00,83,69,2013-11-13T13:23:00,3.0,44,9.8,78,2013-11-13T15:07:00,4.0,,,,,,,,,,,,,,,,,,,,,,,,,,,94,2013-11-13T04:14:00,,,,,,,,,,,,,,,,,,,,,,,,,,,,,,,,,,,,,,,,,,,,,,,,,,,,,,,,,,,,,,,,,,,,,
2013-11-14,1013.3,1015.2,2013-11-14T08:21:00,1011.3,2013-11-14T16:13:00,23.0,28.0,2013-11-14T13:18:00,19.9,2013-11-14T02:44:00,79,59,2013-11-14T12:47:00,3.0,39,11.1,96,2013-11-14T10:17:00,0.0,,,,,,,,,,,,,,,,,,,,,,,,,,,91,2013-11-14T22:10:00,,,,,,,,,,,,,,,,,,,,,,,,,,,,,,,,,,,,,,,,,,,,,,,,,,,,,,,,,,,,,,,,,,,,,
2013-11-15,1016.2,1018.1,2013-11-15T09:24:00,1014.7,2013-11-15T03:14:00,20.8,22.5,2013-11-15T00:16:00,19.7,2013-11-15T18:04:00,81,74,2013-11-15T10:01:00,3.8,46,13.6,36,2013-11-15T10:44:00,0.0,,,,,,,,,,,,,,,,,,,,,,,,,,,86,2013-11-15T00:09:00,,,,,,,,,,,,,,,,,,,,,,,,,,,,,,,,,,,,,,,,,,,,,,,,,,,,,,,,,,,,,,,,,,,,,
2013-11-16,1015.7,1017.7,2013-11-16T09:41:00,1014.1,2013-11-16T15:16:00,19.8,21.0,2013-11-16T05:04:00,17.0,2013-11-16T23:59:00,82,75,2013-11-16T19:29:00,2.4,41,10.2,44,2013-11-16T00:25:00,0.0,,,,,,,,,,,,,,,,,,,,,,,,,,,90,2013-11-16T09:30:00,,,,,,,,,,,,,,,,,,,,,,,,,,,,,,,,,,,,,,,,,,,,,,,,,,,,,,,,,,,,,,,,,,,,,
2013-11-17,1017.6,1019.7,2013-11-17T23:49:00,1015.9,2013-11-17T02:01:00,17.8,22.3,2013-11-17T12:06:00,13.2,2013-11-17T22:42:00,61,40,2013-11-17T12:31:00,2.3,114,10.4,41,2013-11-17T14:54:00,0.0,,,,,,,,,,,,,,,,,,,,,,,,,,,91,2013-11-17T00:26:00,,,,,,,,,,,,,,,,,,,,,,,,,,,,,,,,,,,,,,,,,,,,,,,,,,,,,,,,,,,,,,,,,,,,,
2013-11-18,1019.9,1021.3,2013-11-18T22:31:00,1018.4,2013-11-18T14:06:00,16.3,20.6,2013-11-18T11:37:00,13.6,2013-11-18T04:54:00,57,39,2013-11-18T10:15:00,2.7,88,12.8,353,2013-11-18T13:15:00,0.0,,,,,,,,,,,,,,,,,,,,,,,,,,,73,2013-11-18T04:53:00,,,,,,,,,,,,,,,,,,,,,,,,,,,,,,,,,,,,,,,,,,,,,,,,,,,,,,,,,,,,,,,,,,,,,
2013-11-19,1019.9,1021.9,2013-11-19T07:58:00,1018.2,2013-11-19T14:54:00,17.2,21.6,2013-11-19T12:30:00,13.5,2013-11-19T06:33:00,52,36,2013-11-19T12:31:00,2.9,66,11.8,87,2013-11-19T15:05:00,0.0,,,,,,,,,,,,,,,,,,,,,,,,,,,73,2013-11-19T01:24:00,,,,,,,,,,,,,,,,,,,,,,,,,,,,,,,,,,,,,,,,,,,,,,,,,,,,,,,,,,,,,,,,,,,,,
2013-11-20,1017.0,1018.9,2013-11-20T00:05:00,1015.3,2013-11-20T14:11:00,20.0,24.3,2013-11-20T11:56:00,16.9,2013-11-20T01:12:00,56,43,2013-11-20T11:41:00,3.6,102,11.2,91,2013-11-20T07:59:00,0.0,,,,,,,,,,,,,,,,,,,,,,,,,,,66,2013-11-20T23:58:00,,,,,,,,,,,,,,,,,,,,,,,,,,,,,,,,,,,,,,,,,,,,,,,,,,,,,,,,,,,,,,,,,,,,,
2013-11-21,1016.0,1017.6,2013-11-21T09:03:00,1014.4,2013-11-21T15:13:00,21.2,25.0,2013-11-21T11:27:00,19.1,2013-11-21T00:04:00,66,53,2013-11-21T11:27:00,3.5,74,12.0,110,2013-11-21T10:34:00,0.0,,,,,,,,,,,,,,,,,,,,,,,,,,,78,2013-11-21T23:24:00,,,,,,,,,,,,,,,,,,,,,,,,,,,,,,,,,,,,,,,,,,,,,,,,,,,,,,,,,,,,,,,,,,,,,
2013-11-22,1016.9,1019.6,2013-11-22T09:37:00,1015.6,2013-11-22T15:55:00,20.6,22.3,2013-11-22T11:25:00,19.5,2013-11-22T06:34:00,72,60,2013-11-22T14:46:00,3.2,45,10.8,76,2013-11-22T10:45:00,0.0,,,,,,,,,,,,,,,,,,,,,,,,,,,88,2013-11-22T03:47:00,,,,,,,,,,,,,,,,,,,,,,,,,,,,,,,,,,,,,,,,,,,,,,,,,,,,,,,,,,,,,,,,,,,,,
2013-11-23,1013.8,1015.9,2013-11-23T00:06:00,1012.0,2013-11-23T15:10:00,23.9,29.2,2013-11-23T13:12:00,20.6,2013-11-23T00:59:00,60,44,2013-11-23T13:45:00,3.7,103,13.6,87,2013-11-23T04:30:00,0.0,,,,,,,,,,,,,,,,,,,,,,,,,,,73,2013-11-23T23:52:00,,,,,,,,,,,,,,,,,,,,,,,,,,,,,,,,,,,,,,,,,,,,,,,,,,,,,,,,,,,,,,,,,,,,,
2013-11-24,1011.0,1012.8,2013-11-24T06:35:00,1008.7,2013-11-24T15:07:00,21.0,26.6,2013-11-24T11:05:00,15.8,2013-11-24T05:40:00,80,53,2013-11-24T10:15:00,1.3,4,5.0,293,2013-11-24T12:46:00,6.5,,,,,,,,,,,,,,,,,,,,,,,,,,,93,2013-11-24T23:56:00,,,,,,,,,,,,,,,,,,,,,,,,,,,,,,,,,,,,,,,,,,,,,,,,,,,,,,,,,,,,,,,,,,,,,
2013-11-25,1013.9,1016.7,2013-11-25T21:37:00,1010.2,2013-11-25T00:09:00,17.1,19.6,2013-11-26T00:00:00,15.2,2013-11-25T20:55:00,77,58,2013-11-25T15:22:00,2.5,68,10.7,33,2013-11-25T12:07:00,23.5,,,,,,,,,,,,,,,,,,,,,,,,,,,95,2013-11-25T02:46:00,,,,,,,,,,,,,,,,,,,,,,,,,,,,,,,,,,,,,,,,,,,,,,,,,,,,,,,,,,,,,,,,,,,,,
2013-11-26,1014.2,1016.4,2013-11-26T08:25:00,1011.0,2013-11-26T15:41:00,19.3,22.6,2013-11-26T13:49:00,15.7,2013-11-26T00:06:00,58,48,2013-11-26T11:17:00,3.9,55,13.1,103,2013-11-26T12:47:00,0.0,,,,,,,,,,,,,,,,,,,,,,,,,,,65,2013-11-26T03:24:00,,,,,,,,,,,,,,,,,,,,,,,,,,,,,,,,,,,,,,,,,,,,,,,,,,,,,,,,,,,,,,,,,,,,,
2013-11-27,1016.0,1020.6,2013-11-27T23:38:00,1013.6,2013-11-27T03:51:00,19.3,24.1,2013-11-27T11:49:00,14.7,2013-11-27T23:58:00,73,54,2013-11-27T11:36:00,3.2,36,14.3,13,2013-11-27T19:00:00,3.0,,,,,,,,,,,,,,,,,,,,,,,,,,,90,2013-11-27T22:04:00,,,,,,,,,,,,,,,,,,,,,,,,,,,,,,,,,,,,,,,,,,,,,,,,,,,,,,,,,,,,,,,,,,,,,
2013-11-28,1022.2,1024.3,2013-11-28T09:12:00,1019.6,2013-11-28T02:11:00,13.1,15.1,2013-11-28T00:13:00,11.1,2013-11-28T20:15:00,70,54,2013-11-28T16:57:00,2.8,59,13.8,10,2013-11-28T01:36:00,8.0,,,,,,,,,,,,,,,,,,,,,,,,,,,89,2013-11-28T01:29:00,,,,,,,,,,,,,,,,,,,,,,,,,,,,,,,,,,,,,,,,,,,,,,,,,,,,,,,,,,,,,,,,,,,,,
2013-11-29,1022.5,1024.7,2013-11-29T08:56:00,1020.4,2013-11-29T23:59:00,13.1,16.2,2013-11-29T11:28:00,10.5,2013-11-29T01:00:00,55,42,2013-11-29T11:31:00,2.7,47,11.3,353,2013-11-29T12:39:00,0.0,,,,,,,,,,,,,,,,,,,,,,,,,,,78,2013-11-29T01:17:00,,,,,,,,,,,,,,,,,,,,,,,,,,,,,,,,,,,,,,,,,,,,,,,,,,,,,,,,,,,,,,,,,,,,,
2013-11-30,1018.2,1020.4,2013-11-30T00:04:00,1015.6,2013-11-30T14:50:00,16.9,22.7,2013-11-30T13:01:00,11.4,2013-11-30T00:43:00,54,32,2013-11-30T13:03:00,2.7,82,10.1,124,2013-11-30T03:52:00,0.0,,,,,,,,,,,,,,,,,,,,,,,,,,,65,2013-11-30T03:33:00,,,,,,,,,,,,,,,,,,,,,,,,,,,,,,,,,,,,,,,,,,,,,,,,,,,,,,,,,,,,,,,,,,,,,
2013-12-01,1019.1,1020.7,2013-12-01T22:00:00,1017.6,2013-12-01T13:51:00,16.4,20.8,2013-12-01T11:30:00,11.3,2013-12-01T05:04:00,65,50,2013-12-01T09:56:00,2.4,25,12.1,26,2013-12-01T13:09:00,0.0,,,,,,,,,,,,,,,,,,,,,,,,,,,88,2013-12-01T05:30:00,,,,,,,,,,,,,,,,,,,,,,,,,,,,,,,,,,,,,,,,,,,,,,,,,,,,,,,,,,,,,,,,,,,,,
2013-12-02,1018.4,1020.2,2013-12-02T09:21:00,1016.2,2013-12-02T14:55:00,17.1,22.5,2013-12-02T13:27:00,12.4,2013-12-02T04:00:00,57,40,2013-12-02T11:27:00,2.6,67,10.0,78,2013-12-02T15:31:00,0.0,,,,,,,,,,,,,,,,,,,,,,,,,,,78,2013-12-02T03:28:00,,,,,,,,,,,,,,,,,,,,,,,,,,,,,,,,,,,,,,,,,,,,,,,,,,,,,,,,,,,,,,,,,,,,,
2013-12-03,1016.3,1018.4,2013-12-03T09:37:00,1014.3,2013-12-03T15:11:00,17.6,21.9,2013-12-03T10:23:00,12.5,2013-12-03T06:02:00,57,37,2013-12-03T10:29:00,2.1,7,10.1,34,2013-12-03T13:06:00,0.0,,,,,,,,,,,,,,,,,,,,,,,,,,,74,2013-12-03T06:03:00,,,,,,,,,,,,,,,,,,,,,,,,,,,,,,,,,,,,,,,,,,,,,,,,,,,,,,,,,,,,,,,,,,,,,
2013-12-04,1015.5,1016.9,2013-12-04T21:35:00,1013.2,2013-12-04T14:00:00,15.9,22.6,2013-12-04T10:35:00,9.0,2013-12-04T06:32:00,72,40,2013-12-04T10:37:00,1.7,1,11.2,31,2013-12-04T16:57:00,0.0,,,,,,,,,,,,,,,,,,,,,,,,,,,94,2013-12-04T06:47:00,,,,,,,,,,,,,,,,,,,,,,,,,,,,,,,,,,,,,,,,,,,,,,,,,,,,,,,,,,,,,,,,,,,,,
2013-12-05,1014.8,1014.4,2013-12-05T21:48:00,1013.5,2013-12-05T16:40:00,18.5,21.0,2013-12-05T16:34:00,18.5,2013-12-05T19:33:00,65,54,2013-12-05T16:34:00,2.3,71,6.0,34,2013-12-05T23:42:00,0.0,,,,,,,,,,,,,,,,,,,,,,,,,,,74,2013-12-05T23:55:00,,,,,,,,,,,,,,,,,,,,,,,,,,,,,,,,,,,,,,,,,,,,,,,,,,,,,,,,,,,,,,,,,,,,,
2013-12-06,1014.4,1016.5,2013-12-06T09:53:00,1013.1,2013-12-06T02:09:00,19.0,22.6,2013-12-06T14:01:00,15.1,2013-12-06T03:58:00,69,48,2013-12-06T14:27:00,2.7,49,10.4,24,2013-12-06T09:37:00,0.0,,,,,,,,,,,,,,,,,,,,,,,,,,,93,2013-12-06T04:12:00,,,,,,,,,,,,,,,,,,,,,,,,,,,,,,,,,,,,,,,,,,,,,,,,,,,,,,,,,,,,,,,,,,,,,
2013-12-07,1014.2,1016.0,2013-12-07T09:49:00,1012.5,2013-12-07T14:48:00,21.0,24.2,2013-12-07T12:00:00,19.2,2013-12-07T05:35:00,65,50,2013-12-07T12:00:00,3.6,66,14.3,97,2013-12-07T13:19:00,0.0,,,,,,,,,,,,,,,,,,,,,,,,,,,78,2013-12-07T22:01:00,,,,,,,,,,,,,,,,,,,,,,,,,,,,,,,,,,,,,,,,,,,,,,,,,,,,,,,,,,,,,,,,,,,,,
2013-12-08,1011.6,1014.1,2013-12-08T08:51:00,1009.6,2013-12-08T23:25:00,23.0,27.2,2013-12-08T13:16:00,20.3,2013-12-08T05:18:00,69,51,2013-12-08T13:11:00,3.9,109,11.9,94,2013-12-08T10:15:00,0.0,,,,,,,,,,,,,,,,,,,,,,,,,,,80,2013-12-08T23:47:00,,,,,,,,,,,,,,,,,,,,,,,,,,,,,,,,,,,,,,,,,,,,,,,,,,,,,,,,,,,,,,,,,,,,,
2013-12-09,1011.7,1015.0,2013-12-09T23:40:00,1009.2,2013-12-09T03:13:00,20.3,24.0,2013-12-09T14:27:00,16.5,2013-12-09T23:33:00,79,53,2013-12-09T14:38:00,2.4,33,12.5,36,2013-12-09T21:55:00,0.0,,,,,,,,,,,,,,,,,,,,,,,,,,,93,2013-12-09T07:49:00,,,,,,,,,,,,,,,,,,,,,,,,,,,,,,,,,,,,,,,,,,,,,,,,,,,,,,,,,,,,,,,,,,,,,
2013-12-10,1014.4,1017.1,2013-12-10T09:43:00,1012.1,2013-12-10T14:11:00,15.9,17.1,2013-12-10T23:44:00,14.7,2013-12-10T06:27:00,63,58,2013-12-10T11:59:00,3.6,47,13.6,43,2013-12-10T01:40:00,0.0,,,,,,,,,,,,,,,,,,,,,,,,,,,71,2013-12-10T00:15:00,,,,,,,,,,,,,,,,,,,,,,,,,,,,,,,,,,,,,,,,,,,,,,,,,,,,,,,,,,,,,,,,,,,,,
2013-12-11,1016.8,1018.2,2013-12-11T09:11:00,1014.5,2013-12-11T00:45:00,16.1,17.3,2013-12-11T01:15:00,14.6,2013-12-11T17:42:00,61,51,2013-12-11T16:18:00,3.2,33,11.8,66,2013-12-11T09:37:00,0.0,,,,,,,,,,,,,,,,,,,,,,,,,,,69,2013-12-11T04:17:00,,,,,,,,,,,,,,,,,,,,,,,,,,,,,,,,,,,,,,,,,,,,,,,,,,,,,,,,,,,,,,,,,,,,,
2013-12-12,1014.9,1017.4,2013-12-12T00:12:00,1012.2,2013-12-12T15:07:00,17.4,19.9,2013-12-12T13:45:00,15.3,2013-12-12T03:40:00,72,60,2013-12-12T00:22:00,2.4,71,9.8,81,2013-12-12T09:15:00,0.0,,,,,,,,,,,,,,,,,,,,,,,,,,,87,2013-12-12T23:56:00,,,,,,,,,,,,,,,,,,,,,,,,,,,,,,,,,,,,,,,,,,,,,,,,,,,,,,,,,,,,,,,,,,,,,
2013-12-13,1017.6,1019.5,2013-12-13T09:41:00,1015.5,2013-12-13T04:06:00,17.8,18.6,2013-12-13T04:43:00,6.1,2013-12-13T17:30:00,83,73,2013-12-13T22:41:00,2.5,41,10.7,97,2013-12-13T17:32:00,0.0,,,,,,,,,,,,,,,,,,,,,,,,,,,92,2013-12-13T02:51:00,,,,,,,,,,,,,,,,,,,,,,,,,,,,,,,,,,,,,,,,,,,,,,,,,,,,,,,,,,,,,,,,,,,,,
2013-12-14,1018.0,1021.1,2013-12-14T08:33:00,1016.1,2013-12-14T14:53:00,-99.7,21.3,2013-12-14T13:22:00,9.2,2013-12-14T00:00:00,82,73,2013-12-14T01:51:00,2.7,29,11.8,92,2013-12-14T11:20:00,4.0,,,,,,,,,,,,,,,,,,,,,,,,,,,93,2013-12-14T07:46:00,,,,,,,,,,,,,,,,,,,,,,,,,,,,,,,,,,,,,,,,,,,,,,,,,,,,,,,,,,,,,,,,,,,,,
2013-12-15,1016.3,1019.0,2013-12-15T10:00:00,1014.6,2013-12-15T15:24:00,-99.7,21.2,2013-12-15T00:41:00,18.2,2013-12-15T08:09:00,90,79,2013-12-15T00:13:00,3.6,24,13.8,39,2013-12-15T10:29:00,43.5,,,,,,,,,,,,,,,,,,,,,,,,,,,95,2013-12-15T12:10:00,,,,,,,,,,,,,,,,,,,,,,,,,,,,,,,,,,,,,,,,,,,,,,,,,,,,,,,,,,,,,,,,,,,,,
2013-12-16,1011.7,1014.8,2013-12-16T22:18:00,800.6,2013-12-16T12:20:00,17.1,-99.7,,15.0,2013-12-16T22:51:00,87,86,2013-12-16T12:19:00,4.2,4,13.6,1,2013-12-16T16:59:00,24.5,,,,,,,,,,,,,,,,,,,,,,,,,,,94,2013-12-16T13:53:00,,,,,,,,,,,,,,,,,,,,,,,,,,,,,,,,,,,,,,,,,,,,,,,,,,,,,,,,,,,,,,,,,,,,,
2013-12-17,1011.6,1014.1,2013-12-17T20:40:00,1008.7,2013-12-17T14:00:00,15.9,16.7,2013-12-17T11:01:00,15.0,2013-12-17T18:52:00,92,90,2013-12-17T17:01:00,4.0,6,13.1,24,2013-12-17T15:04:00,66.0,,,,,,,,,,,,,,,,,,,,,,,,,,,93,2013-12-17T23:59:00,,,,,,,,,,,,,,,,,,,,,,,,,,,,,,,,,,,,,,,,,,,,,,,,,,,,,,,,,,,,,,,,,,,,,
2013-12-18,1015.5,1018.9,2013-12-18T22:24:00,1011.1,2013-12-18T01:57:00,14.1,15.4,2013-12-18T00:45:00,12.8,2013-12-18T08:04:00,82,72,2013-12-18T21:56:00,5.3,8,15.2,0,2013-12-18T17:08:00,21.0,,,,,,,,,,,,,,,,,,,,,,,,,,,94,2013-12-18T02:44:00,,,,,,,,,,,,,,,,,,,,,,,,,,,,,,,,,,,,,,,,,,,,,,,,,,,,,,,,,,,,,,,,,,,,,
2013-12-19,1020.2,1022.4,2013-12-19T21:53:00,1017.6,2013-12-19T01:20:00,13.1,13.8,2013-12-19T00:44:00,12.4,2013-12-19T06:50:00,75,62,2013-12-19T23:56:00,4.1,12,15.0,0,2013-12-19T01:20:00,2.5,,,,,,,,,,,,,,,,,,,,,,,,,,,86,2013-12-19T14:13:00,,,,,,,,,,,,,,,,,,,,,,,,,,,,,,,,,,,,,,,,,,,,,,,,,,,,,,,,,,,,,,,,,,,,,
2013-12-20,1021.8,1023.6,2013-12-20T21:02:00,1019.9,2013-12-20T05:11:00,13.1,14.5,2013-12-20T10:41:00,12.0,2013-12-20T21:47:00,77,60,2013-12-20T01:55:00,3.2,64,11.9,60,2013-12-20T03:12:00,4.5,,,,,,,,,,,,,,,,,,,,,,,,,,,90,2013-12-20T20:48:00,,,,,,,,,,,,,,,,,,,,,,,,,,,,,,,,,,,,,,,,,,,,,,,,,,,,,,,,,,,,,,,,,,,,,
2013-12-21,1023.0,1024.5,2013-12-21T08:54:00,1020.8,2013-12-21T00:34:00,12.4,13.9,2013-12-21T12:20:00,11.3,2013-12-21T07:34:00,83,72,2013-12-21T22:49:00,3.3,58,10.5,56,2013-12-21T14:30:00,8.0,,,,,,,,,,,,,,,,,,,,,,,,,,,91,2013-12-21T05:37:00,,,,,,,,,,,,,,,,,,,,,,,,,,,,,,,,,,,,,,,,,,,,,,,,,,,,,,,,,,,,,,,,,,,,,
2013-12-22,1021.6,1024.4,2013-12-22T09:31:00,1019.0,2013-12-22T14:53:00,14.5,16.4,2013-12-22T14:34:00,12.8,2013-12-22T00:12:00,76,69,2013-12-22T14:07:00,2.6,65,8.6,82,2013-12-22T08:17:00,0.0,,,,,,,,,,,,,,,,,,,,,,,,,,,84,2013-12-22T10:01:00,,,,,,,,,,,,,,,,,,,,,,,,,,,,,,,,,,,,,,,,,,,,,,,,,,,,,,,,,,,,,,,,,,,,,
2013-12-23,1020.2,1021.9,2013-12-23T22:59:00,1018.0,2013-12-23T13:31:00,15.0,15.8,2013-12-23T09:42:00,14.3,2013-12-23T05:53:00,87,78,2013-12-23T00:39:00,3.0,45,12.4,80,2013-12-23T22:05:00,11.0,,,,,,,,,,,,,,,,,,,,,,,,,,,91,2013-12-23T21:42:00,,,,,,,,,,,,,,,,,,,,,,,,,,,,,,,,,,,,,,,,,,,,,,,,,,,,,,,,,,,,,,,,,,,,,
2013-12-24,1021.7,1024.6,2013-12-24T09:23:00,1019.7,2013-12-24T16:01:00,14.2,15.5,2013-12-24T13:32:00,13.3,2013-12-24T08:06:00,85,77,2013-12-24T23:25:00,3.8,64,12.6,47,2013-12-24T17:20:00,14.0,,,,,,,,,,,,,,,,,,,,,,,,,,,90,2013-12-24T00:02:00,,,,,,,,,,,,,,,,,,,,,,,,,,,,,,,,,,,,,,,,,,,,,,,,,,,,,,,,,,,,,,,,,,,,,
2013-12-25,1018.0,1021.1,2013-12-25T08:45:00,1015.5,2013-12-25T15:17:00,15.4,17.0,2013-12-25T12:06:00,14.1,2013-12-25T00:03:00,89,81,2013-12-25T00:15:00,3.3,26,11.2,34,2013-12-25T15:21:00,10.5,,,,,,,,,,,,,,,,,,,,,,,,,,,94,2013-12-25T22:09:00,,,,,,,,,,,,,,,,,,,,,,,,,,,,,,,,,,,,,,,,,,,,,,,,,,,,,,,,,,,,,,,,,,,,,
2013-12-26,1017.4,1021.6,2013-12-26T23:24:00,1015.0,2013-12-26T14:24:00,14.0,15.9,2013-12-26T01:54:00,11.8,2013-12-26T23:31:00,79,52,2013-12-26T21:18:00,4.8,13,14.1,10,2013-12-26T12:47:00,21.0,,,,,,,,,,,,,,,,,,,,,,,,,,,94,2013-12-26T02:38:00,,,,,,,,,,,,,,,,,,,,,,,,,,,,,,,,,,,,,,,,,,,,,,,,,,,,,,,,,,,,,,,,,,,,,
2013-12-27,1022.1,1024.2,2013-12-27T09:10:00,1019.8,2013-12-27T03:11:00,11.0,12.2,2013-12-27T00:25:00,10.1,2013-12-27T12:31:00,58,48,2013-12-27T09:21:00,4.1,12,15.0,1,2013-12-27T06:51:00,0.0,,,,,,,,,,,,,,,,,,,,,,,,,,,65,2013-12-27T00:08:00,,,,,,,,,,,,,,,,,,,,,,,,,,,,,,,,,,,,,,,,,,,,,,,,,,,,,,,,,,,,,,,,,,,,,
2013-12-28,1019.7,1021.9,2013-12-28T00:04:00,1017.2,2013-12-28T14:33:00,12.1,16.0,2013-12-28T09:44:00,8.4,2013-12-28T04:11:00,72,54,2013-12-28T09:45:00,2.8,46,12.4,10,2013-12-28T11:28:00,0.5,,,,,,,,,,,,,,,,,,,,,,,,,,,81,2013-12-28T19:59:00,,,,,,,,,,,,,,,,,,,,,,,,,,,,,,,,,,,,,,,,,,,,,,,,,,,,,,,,,,,,,,,,,,,,,
2013-12-29,1020.5,1022.7,2013-12-29T09:25:00,1018.7,2013-12-29T15:16:00,11.6,13.0,2013-12-29T23:46:00,10.1,2013-12-29T04:50:00,80,71,2013-12-29T13:33:00,2.2,78,8.9,45,2013-12-29T00:12:00,4.0,,,,,,,,,,,,,,,,,,,,,,,,,,,88,2013-12-29T04:52:00,,,,,,,,,,,,,,,,,,,,,,,,,,,,,,,,,,,,,,,,,,,,,,,,,,,,,,,,,,,,,,,,,,,,,
2013-12-30,1018.7,1020.4,2013-12-30T08:43:00,1017.1,2013-12-30T14:37:00,14.6,16.7,2013-12-30T12:26:00,12.9,2013-12-30T00:29:00,79,71,2013-12-30T11:52:00,1.5,74,7.9,32,2013-12-30T13:59:00,0.0,,,,,,,,,,,,,,,,,,,,,,,,,,,89,2013-12-30T07:35:00,,,,,,,,,,,,,,,,,,,,,,,,,,,,,,,,,,,,,,,,,,,,,,,,,,,,,,,,,,,,,,,,,,,,,
2013-12-31,1017.5,1019.0,2013-12-31T09:14:00,1015.1,2013-12-31T14:42:00,16.3,19.6,2013-12-31T12:07:00,11.6,2013-12-31T22:24:00,69,54,2013-12-31T12:17:00,2.0,12,9.4,0,2013-12-31T14:15:00,0.0,,,,,,,,,,,,,,,,,,,,,,,,,,,88,2013-12-31T22:36:00,,,,,,,,,,,,,,,,,,,,,,,,,,,,,,,,,,,,,,,,,,,,,,,,,,,,,,,,,,,,,,,,,,,,,
