,StnPres,SeaPres,Tx,Td,RH,WS,WD,WSGust,WDGust,Precp,SunShine,GloblRad,EvapA,TxSoil0cm,TxSoil5cm,TxSoil10cm,TxSoil20cm,TxSoil50cm,TxSoil100cm,H_VMC010,H_VMC020,H_VMC030,H_VMC040,H_VMC050,H_VMC060,H_VMC070,H_VMC080,H_VMC090,H_VMC100,H_VMC110,H_VMC120
2025-01-01 01:00:00,,,,,,,,,,,,,,,,,,,,34.3,31.3,9.6,5.8,37.4,39.1,43.3,43.3,44.0,54.1,51.8,49.0
2025-01-01 02:00:00,,,,,,,,,,,,,,,,,,,,34.3,31.2,9.6,5.8,37.4,39.1,43.3,43.3,44.0,54.0,51.8,49.0
2025-01-01 03:00:00,,,,,,,,,,,,,,,,,,,,34.2,31.2,9.6,5.8,37.3,39.1,43.3,43.3,44.0,54.0,51.8,49.0
2025-01-01 04:00:00,,,,,,,,,,,,,,,,,,,,34.2,31.2,9.6,5.8,37.3,39.1,43.3,43.3,44.0,54.1,51.8,49.0
2025-01-01 05:00:00,,,,,,,,,,,,,,,,,,,,34.1,31.2,9.6,5.9,37.3,39.0,43.3,43.3,44.0,54.0,51.8,49.0
2025-01-01 06:00:00,,,,,,,,,,,,,,,,,,,,34.1,31.2,9.6,5.9,37.3,39.0,43.3,43.3,44.0,54.1,51.8,49.0
2025-01-01 07:00:00,,,,,,,,,,,,,,,,,,,,34.1,31.2,9.6,5.9,37.3,39.0,43.3,43.3,44.0,54.1,51.8,49.0
2025-01-01 08:00:00,,,,,,,,,,,,,,,,,,,,34.1,31.2,9.6,5.8,37.3,39.0,43.3,43.3,44.0,54.0,51.8,49.0
2025-01-01 09:00:00,,,,,,,,,,,,,,,,,,,,34.1,31.1,9.6,5.8,37.3,39.0,43.3,43.3,44.0,54.1,51.8,49.0
2025-01-01 10:00:00,,,,,,,,,,,,,,,,,,,,34.0,31.2,9.6,5.8,37.2,39.0,43.3,43.3,44.0,54.0,51.8,49.0
2025-01-01 11:00:00,,,,,,,,,,,,,,,,,,,,34.0,31.1,9.6,5.8,37.2,39.0,43.3,43.3,44.1,54.0,51.8,49.0
2025-01-01 12:00:00,,,,,,,,,,,,,,,,,,,,33.9,31.1,9.6,5.8,37.2,39.0,43.3,43.3,44.0,54.1,51.8,49.0
2025-01-01 13:00:00,,,,,,,,,,,,,,,,,,,,33.9,31.1,9.6,5.8,37.2,39.0,43.3,43.2,44.0,54.0,51.8,49.0
2025-01-01 14:00:00,,,,,,,,,,,,,,,,,,,,34.0,31.1,9.6,5.8,37.2,39.0,43.3,43.2,44.0,54.0,51.8,49.0
2025-01-01 15:00:00,,,,,,,,,,,,,,,,,,,,33.9,31.0,9.6,5.8,37.2,39.0,43.3,43.2,44.1,54.0,51.8,49.0
2025-01-01 16:00:00,,,,,,,,,,,,,,,,,,,,33.8,31.0,9.6,5.8,37.1,39.0,43.3,43.2,44.0,54.0,51.8,49.1
2025-01-01 17:00:00,,,,,,,,,,,,,,,,,,,,33.8,31.0,9.6,5.8,37.1,39.0,43.3,43.2,44.0,54.0,51.8,49.0
2025-01-01 18:00:00,,,,,,,,,,,,,,,,,,,,33.7,30.9,9.6,5.8,37.1,39.0,43.3,43.2,44.0,54.0,51.8,49.0
2025-01-01 19:00:00,,,,,,,,,,,,,,,,,,,,33.7,30.9,9.6,5.8,37.1,39.0,43.3,43.2,44.0,54.0,51.8,49.0
2025-01-01 20:00:00,,,,,,,,,,,,,,,,,,,,33.7,30.9,9.6,5.8,37.1,39.0,43.3,43.2,44.1,54.0,51.8,49.0
2025-01-01 21:00:00,,,,,,,,,,,,,,,,,,,,33.6,30.9,9.6,5.8,37.0,39.0,43.3,43.2,44.1,54.0,51.8,49.0
2025-01-01 22:00:00,,,,,,,,,,,,,,,,,,,,33.6,30.9,9.6,5.8,37.0,38.9,43.3,43.2,44.1,54.0,51.8,49.1
2025-01-01 23:00:00,,,,,,,,,,,,,,,,,,,,33.5,30.8,9.6,5.8,37.0,38.9,43.3,43.3,44.1,54.0,51.8,49.1
2025-01-02 01:00:00,,,,,,,,,,,,,,,,,,,,33.5,30.8,9.6,5.8,37.0,38.9,43.3,43.3,44.1,54.0,51.8,49.1
2025-01-02 02:00:00,,,,,,,,,,,,,,,,,,,,33.5,30.8,9.6,5.8,37.0,38.9,43.3,43.3,44.1,54.0,51.8,49.0
2025-01-02 03:00:00,,,,,,,,,,,,,,,,,,,,33.5,30.8,9.6,5.8,37.0,38.9,43.2,43.3,44.1,54.0,51.8,49.0
2025-01-02 04:00:00,,,,,,,,,,,,,,,,,,,,33.4,30.8,9.6,5.8,36.9,38.9,43.2,43.3,44.1,54.0,51.8,49.0
2025-01-02 05:00:00,,,,,,,,,,,,,,,,,,,,33.4,30.7,9.5,5.8,36.9,38.9,43.2,43.3,44.1,54.0,51.8,49.0
2025-01-02 06:00:00,,,,,,,,,,,,,,,,,,,,33.4,30.7,9.5,5.8,36.9,38.9,43.2,43.3,44.1,54.0,51.8,49.1
2025-01-02 07:00:00,,,,,,,,,,,,,,,,,,,,33.3,30.7,9.5,5.8,36.9,38.8,43.2,43.3,44.1,54.0,51.8,49.1
2025-01-02 08:00:00,,,,,,,,,,,,,,,,,,,,33.3,30.7,9.5,5.8,36.9,38.8,43.2,43.3,44.1,54.1,51.8,49.1
2025-01-02 09:00:00,,,,,,,,,,,,,,,,,,,,33.3,30.7,9.5,5.8,36.9,38.8,43.2,43.3,44.1,54.1,51.8,49.1
2025-01-02 10:00:00,,,,,,,,,,,,,,,,,,,,33.2,30.6,9.5,5.8,36.9,38.8,43.2,43.3,44.1,54.0,51.7,49.1
2025-01-02 11:00:00,,,,,,,,,,,,,,,,,,,,33.2,30.6,9.5,5.8,36.8,38.8,43.2,43.3,44.1,54.0,51.7,49.1
2025-01-02 12:00:00,,,,,,,,,,,,,,,,,,,,33.2,30.6,9.5,5.8,36.8,38.8,43.2,43.3,44.1,54.0,51.8,49.1
2025-01-02 13:00:00,,,,,,,,,,,,,,,,,,,,33.2,30.6,9.5,5.8,36.8,38.8,43.2,43.3,44.1,54.0,51.8,49.1
2025-01-02 14:00:00,,,,,,,,,,,,,,,,,,,,33.2,30.6,9.5,5.8,36.8,38.8,43.2,43.2,44.1,54.0,51.8,49.1
2025-01-02 15:00:00,,,,,,,,,,,,,,,,,,,,33.1,30.6,9.5,5.8,36.8,38.8,43.2,43.2,44.1,54.0,51.7,49.1
2025-01-02 16:00:00,,,,,,,,,,,,,,,,,,,,33.1,30.6,9.5,5.8,36.8,38.8,43.2,43.2,44.1,54.0,51.8,49.1
2025-01-02 17:00:00,,,,,,,,,,,,,,,,,,,,33.1,30.6,9.5,5.8,36.8,38.8,43.2,43.2,44.1,54.0,51.8,49.1
2025-01-02 18:00:00,,,,,,,,,,,,,,,,,,,,33.0,30.5,9.5,5.8,36.8,38.8,43.2,43.2,44.1,54.0,51.8,49.1
2025-01-02 19:00:00,,,,,,,,,,,,,,,,,,,,33.0,30.5,9.5,5.8,36.8,38.8,43.2,43.2,44.1,54.0,51.8,49.1
2025-01-02 20:00:00,,,,,,,,,,,,,,,,,,,,32.9,30.5,9.5,5.8,36.7,38.8,43.2,43.2,44.1,54.0,51.8,49.1
2025-01-02 21:00:00,,,,,,,,,,,,,,,,,,,,33.0,30.5,9.5,5.8,36.7,38.8,43.2,43.2,44.1,54.0,51.8,49.1
2025-01-02 22:00:00,,,,,,,,,,,,,,,,,,,,33.0,30.5,9.5,5.8,36.7,38.8,43.2,43.2,44.1,54.1,51.8,49.1
2025-01-02 23:00:00,,,,,,,,,,,,,,,,,,,,33.0,30.5,9.5,5.8,36.7,38.8,43.2,43.3,44.1,54.1,51.8,49.1
2025-01-03 01:00:00,,,,,,,,,,,,,,,,,,,,32.9,30.4,9.5,5.8,36.7,38.7,43.1,43.2,44.1,54.1,51.8,49.1
2025-01-03 02:00:00,,,,,,,,,,,,,,,,,,,,32.9,30.4,9.5,5.8,36.7,38.7,43.1,43.3,44.1,54.1,51.8,49.1
2025-01-03 03:00:00,,,,,,,,,,,,,,,,,,,,32.8,30.4,9.5,5.7,36.7,38.7,43.1,43.2,44.1,54.1,51.8,49.1
2025-01-03 04:00:00,,,,,,,,,,,,,,,,,,,,32.8,30.4,9.5,5.8,36.7,38.7,43.1,43.3,44.1,54.1,51.8,49.1
2025-01-03 05:00:00,,,,,,,,,,,,,,,,,,,,32.8,30.4,9.5,5.8,36.7,38.7,43.1,43.3,44.1,54.1,51.8,49.1
2025-01-03 06:00:00,,,,,,,,,,,,,,,,,,,,32.8,30.4,9.5,5.8,36.7,38.7,43.1,43.3,44.3,54.1,51.8,49.1
2025-01-03 07:00:00,,,,,,,,,,,,,,,,,,,,32.7,30.3,9.5,5.7,36.7,38.7,43.2,43.3,44.2,54.1,51.8,49.1
2025-01-03 08:00:00,,,,,,,,,,,,,,,,,,,,32.7,30.3,9.5,5.8,36.7,38.7,43.2,43.3,44.2,54.1,51.8,49.1
2025-01-03 09:00:00,,,,,,,,,,,,,,,,,,,,32.7,30.3,9.5,5.8,36.7,38.7,43.2,43.3,44.2,54.1,51.8,49.1
2025-01-03 10:00:00,,,,,,,,,,,,,,,,,,,,32.7,30.3,9.5,5.8,36.7,38.7,43.2,43.3,44.2,54.1,51.8,49.1
2025-01-03 11:00:00,,,,,,,,,,,,,,,,,,,,32.7,30.3,9.5,5.8,36.6,38.7,43.2,43.3,44.2,54.1,51.8,49.1
2025-01-03 12:00:00,,,,,,,,,,,,,,,,,,,,32.6,30.2,9.5,5.8,36.6,38.7,43.2,43.3,44.2,54.1,51.8,49.1
2025-01-03 13:00:00,,,,,,,,,,,,,,,,,,,,32.6,30.3,9.5,5.8,36.6,38.7,43.2,43.3,44.2,54.1,51.8,49.1
2025-01-03 14:00:00,,,,,,,,,,,,,,,,,,,,32.6,30.3,9.5,5.8,36.6,38.7,43.2,43.3,44.2,54.1,51.8,49.1
2025-01-03 15:00:00,,,,,,,,,,,,,,,,,,,,32.6,30.2,9.5,5.8,36.6,38.7,43.2,43.3,44.2,54.1,51.8,49.1
2025-01-03 16:00:00,,,,,,,,,,,,,,,,,,,,32.6,30.2,9.5,5.8,36.6,38.6,43.2,43.3,44.2,54.1,51.8,49.1
2025-01-03 17:00:00,,,,,,,,,,,,,,,,,,,,32.5,30.2,9.5,5.8,36.6,38.6,43.2,43.3,44.2,54.1,51.8,49.1
2025-01-03 18:00:00,,,,,,,,,,,,,,,,,,,,32.5,30.2,9.5,5.8,36.6,38.6,43.2,43.3,44.2,54.1,51.8,49.1
2025-01-03 19:00:00,,,,,,,,,,,,,,,,,,,,32.5,30.2,9.5,5.8,36.6,38.6,43.2,43.3,44.2,54.1,51.8,49.1
2025-01-03 20:00:00,,,,,,,,,,,,,,,,,,,,32.5,30.1,9.5,5.8,36.6,38.6,43.2,43.3,44.2,54.1,51.8,49.1
2025-01-03 21:00:00,,,,,,,,,,,,,,,,,,,,32.4,30.2,9.5,5.8,36.6,38.6,43.2,43.3,44.2,54.1,51.8,49.1
2025-01-03 22:00:00,,,,,,,,,,,,,,,,,,,,32.4,30.1,9.4,5.8,36.5,38.6,43.2,43.3,44.2,54.1,51.8,49.1
2025-01-03 23:00:00,,,,,,,,,,,,,,,,,,,,32.4,30.1,9.4,5.8,36.5,38.6,43.2,43.3,44.2,54.1,51.8,49.1
2025-01-04 01:00:00,,,,,,,,,,,,,,,,,,,,32.4,30.1,9.4,5.7,36.5,38.6,43.1,43.3,44.2,54.1,51.8,49.1
2025-01-04 02:00:00,,,,,,,,,,,,,,,,,,,,32.4,30.1,9.4,5.7,36.5,38.6,43.1,43.3,44.2,54.1,51.8,49.1
2025-01-04 03:00:00,,,,,,,,,,,,,,,,,,,,32.4,30.1,9.4,5.7,36.5,38.6,43.1,43.3,44.2,54.1,51.8,49.1
2025-01-04 04:00:00,,,,,,,,,,,,,,,,,,,,32.3,30.0,9.4,5.7,36.5,38.6,43.1,43.3,44.2,54.1,51.8,49.1
2025-01-04 05:00:00,,,,,,,,,,,,,,,,,,,,32.3,30.1,9.4,5.7,36.5,38.6,43.1,43.3,44.2,54.1,51.8,49.1
2025-01-04 06:00:00,,,,,,,,,,,,,,,,,,,,32.2,30.1,9.4,5.7,36.5,38.6,43.1,43.3,44.2,54.1,51.8,49.1
2025-01-04 07:00:00,,,,,,,,,,,,,,,,,,,,32.2,30.1,9.4,5.7,36.5,38.5,43.1,43.3,44.2,54.1,51.8,49.1
2025-01-04 08:00:00,,,,,,,,,,,,,,,,,,,,32.2,30.0,9.4,5.7,36.5,38.5,43.1,43.3,44.2,54.1,51.8,49.1
2025-01-04 09:00:00,,,,,,,,,,,,,,,,,,,,32.3,30.0,9.4,5.7,36.5,38.5,43.1,43.3,44.2,54.1,51.8,49.1
2025-01-04 10:00:00,,,,,,,,,,,,,,,,,,,,32.2,30.0,9.4,5.7,36.4,38.5,43.1,43.3,44.2,54.1,51.8,49.1
2025-01-04 11:00:00,,,,,,,,,,,,,,,,,,,,32.2,29.9,9.4,5.7,36.4,38.6,43.1,43.3,44.2,54.1,51.8,49.1
2025-01-04 12:00:00,,,,,,,,,,,,,,,,,,,,32.1,29.9,9.4,5.7,36.4,38.6,43.1,43.2,44.2,54.1,51.8,49.1
2025-01-04 13:00:00,,,,,,,,,,,,,,,,,,,,32.1,29.7,9.4,5.7,36.4,38.6,43.1,43.2,44.2,54.1,51.8,49.1
2025-01-04 14:00:00,,,,,,,,,,,,,,,,,,,,32.0,29.6,9.4,5.7,36.4,38.6,43.0,43.2,44.2,54.1,51.8,49.1
2025-01-04 15:00:00,,,,,,,,,,,,,,,,,,,,32.0,29.5,9.4,5.7,36.4,38.5,43.0,43.2,44.2,54.1,51.8,49.1
2025-01-04 16:00:00,,,,,,,,,,,,,,,,,,,,31.9,29.5,9.4,5.7,36.3,38.5,43.0,43.2,44.2,54.1,51.8,49.1
2025-01-04 17:00:00,,,,,,,,,,,,,,,,,,,,31.9,29.4,9.4,5.7,36.3,38.5,43.0,43.2,44.2,54.1,51.8,49.1
2025-01-04 18:00:00,,,,,,,,,,,,,,,,,,,,31.9,29.4,9.4,5.7,36.3,38.5,43.1,43.2,44.2,54.1,51.8,49.0
2025-01-04 19:00:00,,,,,,,,,,,,,,,,,,,,31.8,29.4,9.4,5.7,36.3,38.5,43.1,43.2,44.2,54.1,51.8,49.0
2025-01-04 20:00:00,,,,,,,,,,,,,,,,,,,,31.8,29.4,9.4,5.7,36.3,38.5,43.1,43.2,44.2,54.1,51.8,49.0
2025-01-04 21:00:00,,,,,,,,,,,,,,,,,,,,31.7,29.4,9.4,5.7,36.3,38.4,43.1,43.2,44.2,54.1,51.8,49.0
2025-01-04 22:00:00,,,,,,,,,,,,,,,,,,,,31.7,29.4,9.4,5.7,36.3,38.4,43.0,43.2,44.2,54.1,51.7,49.1
2025-01-04 23:00:00,,,,,,,,,,,,,,,,,,,,31.7,29.3,9.4,5.7,36.3,38.4,43.0,43.2,44.2,54.1,51.7,49.0
2025-01-05 01:00:00,,,,,,,,,,,,,,,,,,,,31.6,29.3,9.3,5.7,36.2,38.4,43.0,43.2,44.2,54.1,51.7,49.0
2025-01-05 02:00:00,,,,,,,,,,,,,,,,,,,,31.6,29.3,9.3,5.7,36.2,38.4,43.0,43.2,44.2,54.1,51.7,49.0
2025-01-05 03:00:00,,,,,,,,,,,,,,,,,,,,31.6,29.2,9.3,5.7,36.2,38.4,43.0,43.2,44.2,54.1,51.7,49.0
2025-01-05 04:00:00,,,,,,,,,,,,,,,,,,,,31.5,29.2,9.3,5.7,36.2,38.4,43.0,43.2,44.2,54.1,51.7,49.0
2025-01-05 05:00:00,,,,,,,,,,,,,,,,,,,,31.5,29.2,9.3,5.6,36.2,38.4,43.0,43.2,44.2,54.1,51.7,49.0
2025-01-05 06:00:00,,,,,,,,,,,,,,,,,,,,31.4,29.2,9.3,5.6,36.1,38.4,43.0,43.2,44.2,54.1,51.7,49.0
2025-01-05 07:00:00,,,,,,,,,,,,,,,,,,,,31.4,29.2,9.3,5.6,36.1,38.4,43.0,43.2,44.1,54.1,51.8,49.0
2025-01-05 08:00:00,,,,,,,,,,,,,,,,,,,,31.4,29.2,9.3,5.7,36.1,38.4,43.0,43.2,44.1,54.1,51.8,49.0
2025-01-05 09:00:00,,,,,,,,,,,,,,,,,,,,31.4,29.2,9.4,5.7,36.1,38.4,43.0,43.2,44.1,54.1,51.8,49.0
2025-01-05 10:00:00,,,,,,,,,,,,,,,,,,,,31.3,29.1,9.3,5.7,36.1,38.3,43.0,43.2,44.1,54.1,51.8,49.0
2025-01-05 11:00:00,,,,,,,,,,,,,,,,,,,,31.3,28.9,9.3,5.7,36.1,38.3,43.0,43.1,44.1,54.1,51.8,49.0
2025-01-05 12:00:00,,,,,,,,,,,,,,,,,,,,31.2,28.7,9.3,5.6,36.0,38.3,43.0,43.1,44.1,54.1,51.8,49.0
2025-01-05 13:00:00,,,,,,,,,,,,,,,,,,,,31.1,28.5,9.3,5.6,36.0,38.3,42.9,43.1,44.1,54.1,51.8,49.0
2025-01-05 14:00:00,,,,,,,,,,,,,,,,,,,,31.0,28.5,9.3,5.6,36.0,38.3,42.9,43.1,44.1,54.1,51.8,49.0
2025-01-05 15:00:00,,,,,,,,,,,,,,,,,,,,30.9,28.5,9.3,5.6,35.9,38.3,42.9,43.1,44.1,54.1,51.8,49.0
2025-01-05 16:00:00,,,,,,,,,,,,,,,,,,,,30.9,28.4,9.3,5.6,35.9,38.3,42.9,43.1,44.1,54.1,51.8,49.0
2025-01-05 17:00:00,,,,,,,,,,,,,,,,,,,,30.9,28.4,9.3,5.6,35.9,38.2,42.9,43.1,44.1,54.1,51.8,49.0
2025-01-05 18:00:00,,,,,,,,,,,,,,,,,,,,30.8,28.4,9.3,5.6,35.9,38.2,42.9,43.1,44.1,54.1,51.8,49.0
2025-01-05 19:00:00,,,,,,,,,,,,,,,,,,,,30.8,28.3,9.3,5.6,35.9,38.2,42.9,43.1,44.1,54.1,51.8,49.1
2025-01-05 20:00:00,,,,,,,,,,,,,,,,,,,,30.8,28.3,9.3,5.6,35.9,38.2,42.9,43.1,44.1,54.1,51.8,49.1
2025-01-05 21:00:00,,,,,,,,,,,,,,,,,,,,30.8,28.3,9.3,5.6,35.9,38.2,42.9,43.1,44.1,54.1,51.8,49.0
2025-01-05 22:00:00,,,,,,,,,,,,,,,,,,,,30.7,28.2,9.3,5.6,35.8,38.2,42.9,43.1,44.1,54.1,51.8,49.1
2025-01-05 23:00:00,,,,,,,,,,,,,,,,,,,,30.7,28.2,9.3,5.6,35.8,38.2,42.9,43.2,44.1,54.1,51.8,49.1
2025-01-06 01:00:00,,,,,,,,,,,,,,,,,,,,30.6,28.2,9.2,5.6,35.8,38.2,42.9,43.2,44.1,54.1,51.8,49.1
2025-01-06 02:00:00,,,,,,,,,,,,,,,,,,,,30.6,28.2,9.2,5.6,35.8,38.2,42.9,43.2,44.1,54.1,51.7,49.1
2025-01-06 03:00:00,,,,,,,,,,,,,,,,,,,,30.5,28.2,9.2,5.6,35.8,38.2,42.9,43.2,44.1,54.1,51.7,49.1
2025-01-06 04:00:00,,,,,,,,,,,,,,,,,,,,30.5,28.2,9.2,5.6,35.8,38.1,42.9,43.2,44.1,54.1,51.7,49.1
2025-01-06 05:00:00,,,,,,,,,,,,,,,,,,,,30.5,28.1,9.2,5.6,35.7,38.2,42.9,43.2,44.1,54.1,51.7,49.1
2025-01-06 06:00:00,,,,,,,,,,,,,,,,,,,,30.4,28.1,9.2,5.6,35.7,38.1,42.9,43.2,44.1,54.1,51.7,49.1
2025-01-06 07:00:00,,,,,,,,,,,,,,,,,,,,30.4,28.1,9.2,5.6,35.7,38.1,42.9,43.2,44.1,54.1,51.7,49.1
2025-01-06 08:00:00,,,,,,,,,,,,,,,,,,,,30.4,28.1,9.2,5.6,35.7,38.1,42.9,43.2,44.1,54.1,51.7,49.1
2025-01-06 09:00:00,,,,,,,,,,,,,,,,,,,,30.3,28.0,9.2,5.6,35.7,38.1,42.9,43.2,44.1,54.1,51.7,49.1
2025-01-06 10:00:00,,,,,,,,,,,,,,,,,,,,30.3,28.0,9.2,5.6,35.7,38.1,42.9,43.2,44.1,54.1,51.7,49.1
2025-01-06 11:00:00,,,,,,,,,,,,,,,,,,,,30.3,28.0,9.2,5.6,35.7,38.1,42.9,43.2,44.1,54.1,51.7,49.1
2025-01-06 12:00:00,,,,,,,,,,,,,,,,,,,,30.3,28.0,9.2,5.6,35.7,38.1,42.9,43.2,44.1,54.1,51.7,49.1
2025-01-06 13:00:00,,,,,,,,,,,,,,,,,,,,30.2,28.0,9.2,5.6,35.7,38.1,42.9,43.2,44.1,54.1,51.7,49.1
2025-01-06 14:00:00,,,,,,,,,,,,,,,,,,,,30.2,28.0,9.2,5.6,35.7,38.1,42.8,43.2,44.1,54.1,51.7,49.1
2025-01-06 15:00:00,,,,,,,,,,,,,,,,,,,,30.2,27.9,9.2,5.6,35.6,38.1,42.8,43.2,44.1,54.1,51.7,49.1
2025-01-06 16:00:00,,,,,,,,,,,,,,,,,,,,30.1,27.9,9.2,5.6,35.6,38.1,42.8,43.2,44.1,54.1,51.7,49.1
2025-01-06 17:00:00,,,,,,,,,,,,,,,,,,,,30.1,27.9,9.2,5.6,35.6,38.1,42.8,43.1,44.1,54.1,51.7,49.1
2025-01-06 18:00:00,,,,,,,,,,,,,,,,,,,,30.1,27.9,9.2,5.6,35.6,38.0,42.8,43.1,44.1,54.1,51.7,49.1
2025-01-06 19:00:00,,,,,,,,,,,,,,,,,,,,30.0,27.9,9.1,5.6,35.6,38.0,42.8,43.2,44.1,54.1,51.7,49.1
2025-01-06 20:00:00,,,,,,,,,,,,,,,,,,,,30.0,27.8,9.1,5.6,35.6,38.0,42.8,43.2,44.1,54.1,51.7,49.1
2025-01-06 21:00:00,,,,,,,,,,,,,,,,,,,,30.0,27.8,9.1,5.6,35.6,38.0,42.8,43.1,44.1,54.1,51.7,49.1
2025-01-06 22:00:00,,,,,,,,,,,,,,,,,,,,30.0,27.8,9.1,5.6,35.6,38.0,42.8,43.2,44.1,54.1,51.7,49.1
2025-01-06 23:00:00,,,,,,,,,,,,,,,,,,,,29.9,27.8,9.1,5.6,35.6,38.0,42.8,43.2,44.1,54.1,51.7,49.1
2025-01-07 01:00:00,,,,,,,,,,,,,,,,,,,,29.9,27.7,9.1,5.6,35.6,38.0,42.8,43.2,44.1,54.1,51.7,49.0
2025-01-07 02:00:00,,,,,,,,,,,,,,,,,,,,29.9,27.7,9.1,5.6,35.6,38.0,42.8,43.2,44.1,54.1,51.7,49.0
2025-01-07 03:00:00,,,,,,,,,,,,,,,,,,,,29.8,27.8,9.1,5.6,35.6,38.0,42.8,43.2,44.1,54.1,51.7,49.1
2025-01-07 04:00:00,,,,,,,,,,,,,,,,,,,,29.8,27.7,9.1,5.6,35.5,38.0,42.8,43.2,44.1,54.1,51.7,49.1
2025-01-07 05:00:00,,,,,,,,,,,,,,,,,,,,29.8,27.7,9.1,5.6,35.5,38.0,42.8,43.2,44.1,54.1,51.7,49.1
2025-01-07 06:00:00,,,,,,,,,,,,,,,,,,,,29.8,27.7,9.1,5.6,35.5,38.0,42.8,43.2,44.1,54.1,51.7,49.1
2025-01-07 07:00:00,,,,,,,,,,,,,,,,,,,,29.7,27.6,9.1,5.6,35.5,38.0,42.8,43.2,44.1,54.1,51.7,49.1
2025-01-07 08:00:00,,,,,,,,,,,,,,,,,,,,29.7,27.6,9.1,5.6,35.5,38.0,42.8,43.2,44.1,54.1,51.7,49.1
2025-01-07 09:00:00,,,,,,,,,,,,,,,,,,,,29.7,27.6,9.1,5.5,35.5,37.9,42.8,43.2,44.1,54.1,51.7,49.1
2025-01-07 10:00:00,,,,,,,,,,,,,,,,,,,,29.6,27.5,9.1,5.5,35.4,37.9,42.8,43.1,44.1,54.1,51.7,49.0
2025-01-07 11:00:00,,,,,,,,,,,,,,,,,,,,29.5,27.4,9.1,5.5,35.4,37.9,42.8,43.1,44.1,54.1,51.7,49.1
2025-01-07 12:00:00,,,,,,,,,,,,,,,,,,,,29.4,27.3,9.1,5.5,35.4,37.9,42.8,43.1,44.1,54.1,51.7,49.0
2025-01-07 13:00:00,,,,,,,,,,,,,,,,,,,,29.4,27.2,9.1,5.6,35.4,37.9,42.8,43.1,44.1,54.1,51.7,49.1
2025-01-07 14:00:00,,,,,,,,,,,,,,,,,,,,29.3,27.1,9.1,5.5,35.3,37.8,42.8,43.1,44.1,54.1,51.7,49.1
2025-01-07 15:00:00,,,,,,,,,,,,,,,,,,,,29.2,27.1,9.0,5.6,35.3,37.8,42.8,43.1,44.1,54.1,51.7,49.1
2025-01-07 16:00:00,,,,,,,,,,,,,,,,,,,,29.2,27.0,9.1,5.6,35.3,37.8,42.8,43.1,44.1,54.1,51.7,49.1
2025-01-07 17:00:00,,,,,,,,,,,,,,,,,,,,29.1,27.0,9.1,5.5,35.3,37.8,42.7,43.1,44.1,54.1,51.7,49.1
2025-01-07 18:00:00,,,,,,,,,,,,,,,,,,,,29.1,27.0,9.1,5.5,35.3,37.8,42.7,43.1,44.1,54.1,51.7,49.1
2025-01-07 19:00:00,,,,,,,,,,,,,,,,,,,,29.0,26.9,9.1,5.5,35.3,37.8,42.7,43.1,44.1,54.1,51.7,49.1
2025-01-07 20:00:00,,,,,,,,,,,,,,,,,,,,29.0,27.0,9.1,5.5,35.3,37.8,42.7,43.1,44.1,54.1,51.7,49.0
2025-01-07 21:00:00,,,,,,,,,,,,,,,,,,,,29.0,26.9,9.0,5.5,35.3,37.8,42.7,43.1,44.1,54.1,51.7,49.1
2025-01-07 22:00:00,,,,,,,,,,,,,,,,,,,,29.0,26.9,9.0,5.5,35.2,37.7,42.7,43.1,44.1,54.1,51.7,49.1
2025-01-07 23:00:00,,,,,,,,,,,,,,,,,,,,29.0,26.9,9.0,5.5,35.2,37.7,42.7,43.1,44.1,54.1,51.7,49.1
2025-01-08 01:00:00,,,,,,,,,,,,,,,,,,,,28.9,26.9,9.0,5.5,35.2,37.7,42.7,43.1,44.1,54.1,51.7,49.1
2025-01-08 02:00:00,,,,,,,,,,,,,,,,,,,,28.9,26.8,9.0,5.5,35.2,37.7,42.7,43.1,44.1,54.1,51.7,49.1
2025-01-08 03:00:00,,,,,,,,,,,,,,,,,,,,28.8,26.8,9.0,5.5,35.2,37.7,42.7,43.1,44.1,54.1,51.7,49.1
2025-01-08 04:00:00,,,,,,,,,,,,,,,,,,,,28.8,26.8,9.0,5.5,35.2,37.7,42.7,43.1,44.1,54.1,51.7,49.1
2025-01-08 05:00:00,,,,,,,,,,,,,,,,,,,,28.7,26.8,9.0,5.5,35.1,37.7,42.7,43.1,44.1,54.1,51.7,49.1
2025-01-08 06:00:00,,,,,,,,,,,,,,,,,,,,28.8,26.7,9.0,5.5,35.1,37.7,42.7,43.1,44.1,54.1,51.7,49.1
2025-01-08 07:00:00,,,,,,,,,,,,,,,,,,,,28.7,26.7,9.0,5.5,35.1,37.7,42.7,43.1,44.1,54.1,51.7,49.1
2025-01-08 08:00:00,,,,,,,,,,,,,,,,,,,,28.7,26.7,9.0,5.5,35.1,37.7,42.7,43.1,44.1,54.1,51.6,49.1
2025-01-08 09:00:00,,,,,,,,,,,,,,,,,,,,28.7,26.7,9.0,5.5,35.1,37.7,42.7,43.1,44.1,54.1,51.6,49.1
2025-01-08 10:00:00,,,,,,,,,,,,,,,,,,,,28.6,26.7,9.0,5.5,35.1,37.6,42.7,43.1,44.1,54.1,51.7,49.1
2025-01-08 11:00:00,,,,,,,,,,,,,,,,,,,,28.6,26.6,9.0,5.5,35.1,37.6,42.6,43.1,44.1,54.0,51.7,49.1
2025-01-08 12:00:00,,,,,,,,,,,,,,,,,,,,28.5,26.4,9.0,5.5,35.0,37.6,42.6,43.0,44.1,54.0,51.7,49.1
2025-01-08 13:00:00,,,,,,,,,,,,,,,,,,,,28.4,26.4,9.0,5.5,35.0,37.6,42.6,43.0,44.1,54.0,51.7,49.1
2025-01-08 14:00:00,,,,,,,,,,,,,,,,,,,,28.4,26.3,9.0,5.5,35.0,37.6,42.6,43.0,44.1,54.0,51.7,49.1
2025-01-08 15:00:00,,,,,,,,,,,,,,,,,,,,28.3,26.2,9.0,5.5,35.0,37.6,42.6,43.1,44.1,54.0,51.7,49.1
2025-01-08 16:00:00,,,,,,,,,,,,,,,,,,,,28.2,26.2,9.0,5.5,35.0,37.6,42.6,43.1,44.1,54.0,51.7,49.1
2025-01-08 17:00:00,,,,,,,,,,,,,,,,,,,,28.2,26.1,9.0,5.5,34.9,37.5,42.6,43.1,44.1,54.0,51.7,49.1
2025-01-08 18:00:00,,,,,,,,,,,,,,,,,,,,28.1,26.1,9.1,5.5,34.9,37.5,42.6,43.1,44.1,54.0,51.7,49.1
2025-01-08 19:00:00,,,,,,,,,,,,,,,,,,,,28.1,26.0,9.0,5.5,34.9,37.5,42.6,43.1,44.1,54.0,51.7,49.1
2025-01-08 20:00:00,,,,,,,,,,,,,,,,,,,,28.0,26.0,9.1,5.5,34.9,37.5,42.6,43.1,44.1,54.0,51.7,49.1
2025-01-08 21:00:00,,,,,,,,,,,,,,,,,,,,28.0,26.0,9.1,5.5,34.9,37.5,42.6,43.1,44.1,54.0,51.7,49.0
2025-01-08 22:00:00,,,,,,,,,,,,,,,,,,,,27.9,26.0,9.1,5.5,34.9,37.5,42.5,43.1,44.1,54.0,51.7,49.0
2025-01-08 23:00:00,,,,,,,,,,,,,,,,,,,,27.9,26.0,9.1,5.5,34.9,37.5,42.5,43.1,44.1,54.0,51.7,49.1
2025-01-09 01:00:00,,,,,,,,,,,,,,,,,,,,27.8,25.9,9.0,5.5,34.9,37.5,42.5,43.1,44.1,54.0,51.7,49.0
2025-01-09 02:00:00,,,,,,,,,,,,,,,,,,,,27.8,26.0,9.0,5.5,34.8,37.5,42.5,43.1,44.1,54.0,51.7,49.0
2025-01-09 03:00:00,,,,,,,,,,,,,,,,,,,,27.8,25.9,9.0,5.5,34.8,37.4,42.5,43.1,44.1,54.1,51.7,49.0
2025-01-09 04:00:00,,,,,,,,,,,,,,,,,,,,27.7,25.8,9.0,5.5,34.8,37.4,42.5,43.1,44.1,54.1,51.7,49.0
2025-01-09 05:00:00,,,,,,,,,,,,,,,,,,,,27.7,25.9,9.0,5.5,34.8,37.4,42.5,43.1,44.1,54.1,51.7,49.0
2025-01-09 06:00:00,,,,,,,,,,,,,,,,,,,,27.6,25.9,9.0,5.5,34.7,37.4,42.5,43.1,44.1,54.1,51.7,49.0
2025-01-09 07:00:00,,,,,,,,,,,,,,,,,,,,27.6,25.8,9.0,5.5,34.8,37.4,42.5,43.1,44.1,54.1,51.7,49.0
2025-01-09 08:00:00,,,,,,,,,,,,,,,,,,,,27.6,25.8,9.0,5.4,34.8,37.4,42.5,43.1,44.1,54.1,51.7,49.0
2025-01-09 09:00:00,,,,,,,,,,,,,,,,,,,,27.6,25.8,9.0,5.5,34.8,37.4,42.5,43.1,44.0,54.1,51.7,49.0
2025-01-09 10:00:00,,,,,,,,,,,,,,,,,,,,27.5,25.8,9.0,5.5,34.7,37.4,42.5,43.1,44.0,54.1,51.7,49.0
2025-01-09 11:00:00,,,,,,,,,,,,,,,,,,,,27.5,25.7,9.0,5.5,34.7,37.4,42.5,43.0,44.0,54.1,51.7,49.0
2025-01-09 12:00:00,,,,,,,,,,,,,,,,,,,,27.5,25.7,9.0,5.5,34.7,37.4,42.5,43.0,44.0,54.1,51.7,49.0
2025-01-09 13:00:00,,,,,,,,,,,,,,,,,,,,27.4,25.7,9.0,5.5,34.7,37.4,42.5,43.0,44.0,54.1,51.7,49.0
2025-01-09 14:00:00,,,,,,,,,,,,,,,,,,,,27.3,25.6,9.0,5.4,34.7,37.4,42.5,43.0,44.0,54.1,51.7,49.0
2025-01-09 15:00:00,,,,,,,,,,,,,,,,,,,,27.3,25.6,9.0,5.4,34.7,37.3,42.5,43.0,44.0,54.1,51.7,49.0
2025-01-09 16:00:00,,,,,,,,,,,,,,,,,,,,27.3,25.6,9.0,5.4,34.6,37.3,42.5,43.0,44.0,54.1,51.7,49.0
2025-01-09 17:00:00,,,,,,,,,,,,,,,,,,,,27.3,25.6,9.0,5.4,34.6,37.3,42.5,43.0,44.0,54.1,51.7,49.0
2025-01-09 18:00:00,,,,,,,,,,,,,,,,,,,,27.3,25.5,9.0,5.4,34.6,37.3,42.5,43.0,44.0,54.1,51.7,49.0
2025-01-09 19:00:00,,,,,,,,,,,,,,,,,,,,27.2,25.5,9.0,5.4,34.6,37.3,42.5,43.0,44.0,54.1,51.7,49.0
2025-01-09 20:00:00,,,,,,,,,,,,,,,,,,,,27.2,25.5,9.0,5.4,34.6,37.3,42.5,43.0,44.0,54.1,51.7,49.0
2025-01-09 21:00:00,,,,,,,,,,,,,,,,,,,,27.2,25.5,9.0,5.4,34.6,37.3,42.5,43.0,44.0,54.1,51.7,49.0
2025-01-09 22:00:00,,,,,,,,,,,,,,,,,,,,27.1,25.5,8.9,5.4,34.6,37.3,42.5,43.0,44.0,54.1,51.7,49.0
2025-01-09 23:00:00,,,,,,,,,,,,,,,,,,,,27.1,25.5,8.9,5.4,34.5,37.3,42.5,43.0,44.0,54.1,51.7,49.0
2025-01-10 01:00:00,,,,,,,,,,,,,,,,,,,,27.1,25.4,8.9,5.4,34.5,37.2,42.5,43.0,44.0,54.1,51.7,49.0
2025-01-10 02:00:00,,,,,,,,,,,,,,,,,,,,27.0,25.4,8.9,5.4,34.5,37.2,42.4,43.0,44.0,54.1,51.7,49.0
2025-01-10 03:00:00,,,,,,,,,,,,,,,,,,,,27.0,25.4,8.9,5.4,34.5,37.2,42.4,43.0,44.0,54.1,51.7,49.0
2025-01-10 04:00:00,,,,,,,,,,,,,,,,,,,,27.0,25.3,8.9,5.4,34.5,37.2,42.4,43.0,44.0,54.1,51.7,49.0
2025-01-10 05:00:00,,,,,,,,,,,,,,,,,,,,27.0,25.4,8.9,5.4,34.5,37.2,42.4,43.0,44.0,54.1,51.7,49.0
2025-01-10 06:00:00,,,,,,,,,,,,,,,,,,,,26.9,25.4,8.9,5.4,34.5,37.2,42.4,43.0,44.0,54.1,51.7,49.0
2025-01-10 07:00:00,,,,,,,,,,,,,,,,,,,,26.9,25.3,8.9,5.4,34.5,37.2,42.4,43.0,44.0,54.1,51.7,49.0
2025-01-10 08:00:00,,,,,,,,,,,,,,,,,,,,26.8,25.4,8.9,5.4,34.5,37.2,42.5,43.0,44.0,54.1,51.7,49.0
2025-01-10 09:00:00,,,,,,,,,,,,,,,,,,,,26.8,25.3,8.9,5.4,34.4,37.2,42.5,43.0,44.0,54.1,51.7,49.0
2025-01-10 10:00:00,,,,,,,,,,,,,,,,,,,,26.8,25.3,8.9,5.4,34.4,37.2,42.5,43.0,44.0,54.1,51.6,49.0
2025-01-10 11:00:00,,,,,,,,,,,,,,,,,,,,26.9,25.3,8.9,5.5,34.4,37.2,42.4,43.1,44.0,54.1,51.6,49.0
2025-01-10 12:00:00,,,,,,,,,,,,,,,,,,,,26.8,25.3,8.9,5.5,34.4,37.2,42.5,43.0,44.0,54.1,51.6,49.0
2025-01-10 13:00:00,,,,,,,,,,,,,,,,,,,,26.7,25.3,8.9,5.4,34.4,37.2,42.5,43.0,44.0,54.1,51.6,49.0
2025-01-10 14:00:00,,,,,,,,,,,,,,,,,,,,26.7,25.3,8.9,5.4,34.3,37.2,42.5,43.0,44.1,54.1,51.6,49.0
2025-01-10 15:00:00,,,,,,,,,,,,,,,,,,,,26.6,25.2,8.8,5.4,34.4,37.2,42.5,43.0,44.1,54.0,51.6,49.0
2025-01-10 16:00:00,,,,,,,,,,,,,,,,,,,,26.6,25.2,8.8,5.4,34.3,37.1,42.5,43.0,44.1,54.0,51.6,49.0
2025-01-10 17:00:00,,,,,,,,,,,,,,,,,,,,26.6,25.2,8.8,5.4,34.3,37.1,42.4,43.0,44.1,54.0,51.6,49.0
2025-01-10 18:00:00,,,,,,,,,,,,,,,,,,,,26.6,25.2,8.8,5.4,34.3,37.1,42.4,43.0,44.0,54.0,51.7,49.0
2025-01-10 19:00:00,,,,,,,,,,,,,,,,,,,,26.5,25.1,8.9,5.4,34.3,37.1,42.4,43.0,44.1,54.0,51.7,49.1
2025-01-10 20:00:00,,,,,,,,,,,,,,,,,,,,26.5,25.2,8.8,5.4,34.3,37.1,42.4,43.0,44.1,54.0,51.7,49.1
2025-01-10 21:00:00,,,,,,,,,,,,,,,,,,,,26.5,25.1,8.8,5.4,34.2,37.1,42.4,43.0,44.1,54.0,51.7,49.1
2025-01-10 22:00:00,,,,,,,,,,,,,,,,,,,,26.5,25.1,8.8,5.4,34.2,37.1,42.4,43.0,44.0,54.1,51.7,49.1
2025-01-10 23:00:00,,,,,,,,,,,,,,,,,,,,26.5,25.0,8.8,5.4,34.2,37.1,42.4,43.0,44.0,54.0,51.7,49.1
2025-01-11 01:00:00,,,,,,,,,,,,,,,,,,,,26.5,25.1,8.8,5.4,34.2,37.1,42.4,43.0,44.0,54.1,51.7,49.1
2025-01-11 02:00:00,,,,,,,,,,,,,,,,,,,,26.4,25.1,8.8,5.4,34.2,37.1,42.4,43.0,44.0,54.1,51.7,49.1
2025-01-11 03:00:00,,,,,,,,,,,,,,,,,,,,26.4,25.1,8.8,5.4,34.2,37.1,42.4,43.0,44.0,54.0,51.7,49.1
2025-01-11 04:00:00,,,,,,,,,,,,,,,,,,,,26.4,25.0,8.8,5.4,34.2,37.1,42.4,43.0,44.0,54.0,51.7,49.1
2025-01-11 05:00:00,,,,,,,,,,,,,,,,,,,,26.4,25.0,8.8,5.4,34.2,37.0,42.4,43.0,44.0,54.0,51.6,49.0
2025-01-11 06:00:00,,,,,,,,,,,,,,,,,,,,26.4,25.0,8.8,5.4,34.2,37.0,42.4,43.0,44.0,54.0,51.7,49.1
2025-01-11 07:00:00,,,,,,,,,,,,,,,,,,,,26.3,25.0,8.9,5.4,34.1,37.0,42.4,43.0,44.0,54.0,51.6,49.0
2025-01-11 08:00:00,,,,,,,,,,,,,,,,,,,,26.3,25.0,8.8,5.4,34.1,37.0,42.4,43.0,44.0,54.0,51.6,49.0
2025-01-11 09:00:00,,,,,,,,,,,,,,,,,,,,26.3,25.0,8.9,5.4,34.1,37.0,42.4,43.0,44.0,54.0,51.7,49.0
2025-01-11 10:00:00,,,,,,,,,,,,,,,,,,,,26.3,25.0,8.8,5.4,34.1,37.0,42.4,43.0,44.0,54.0,51.6,49.0
2025-01-11 11:00:00,,,,,,,,,,,,,,,,,,,,26.2,25.0,8.9,5.4,34.1,37.0,42.4,43.0,44.0,54.0,51.6,49.0
2025-01-11 12:00:00,,,,,,,,,,,,,,,,,,,,26.2,24.9,8.8,5.4,34.0,37.0,42.4,43.0,44.0,54.0,51.6,49.0
2025-01-11 13:00:00,,,,,,,,,,,,,,,,,,,,26.1,24.8,8.8,5.4,34.0,37.0,42.4,43.0,44.0,54.0,51.6,49.0
2025-01-11 14:00:00,,,,,,,,,,,,,,,,,,,,26.1,24.8,8.8,5.4,34.0,36.9,42.4,42.9,44.0,54.0,51.6,49.0
2025-01-11 15:00:00,,,,,,,,,,,,,,,,,,,,26.0,24.7,8.8,5.4,34.0,36.9,42.4,42.9,44.0,54.0,51.6,49.0
2025-01-11 16:00:00,,,,,,,,,,,,,,,,,,,,26.0,24.7,8.8,5.4,34.0,36.9,42.3,42.9,44.0,54.0,51.6,49.0
2025-01-11 17:00:00,,,,,,,,,,,,,,,,,,,,25.9,24.7,8.8,5.4,34.0,36.9,42.3,42.9,44.0,54.0,51.6,49.0
2025-01-11 18:00:00,,,,,,,,,,,,,,,,,,,,25.9,24.7,8.8,5.4,33.9,36.9,42.3,42.9,44.0,54.0,51.6,49.0
2025-01-11 19:00:00,,,,,,,,,,,,,,,,,,,,25.9,24.6,8.7,5.4,33.9,36.9,42.3,42.9,44.0,54.0,51.6,49.0
2025-01-11 20:00:00,,,,,,,,,,,,,,,,,,,,25.9,24.6,8.7,5.4,33.9,36.9,42.3,42.9,44.0,54.0,51.6,49.0
2025-01-11 21:00:00,,,,,,,,,,,,,,,,,,,,25.9,24.6,8.7,5.4,33.9,36.9,42.3,42.9,44.0,54.0,51.6,49.0
2025-01-11 22:00:00,,,,,,,,,,,,,,,,,,,,25.8,24.6,8.7,5.3,33.9,36.9,42.3,42.9,44.0,54.0,51.6,49.0
2025-01-11 23:00:00,,,,,,,,,,,,,,,,,,,,25.8,24.6,8.7,5.3,33.9,36.9,42.3,42.9,44.0,54.0,51.6,49.0
2025-01-12 01:00:00,,,,,,,,,,,,,,,,,,,,25.8,24.5,8.7,5.3,33.8,36.9,42.3,42.9,44.0,54.0,51.6,49.0
2025-01-12 02:00:00,,,,,,,,,,,,,,,,,,,,25.7,24.5,8.7,5.3,33.8,36.9,42.3,42.9,44.0,54.0,51.6,49.0
2025-01-12 03:00:00,,,,,,,,,,,,,,,,,,,,25.7,24.5,8.7,5.3,33.8,36.9,42.3,42.9,44.0,54.0,51.6,49.1
2025-01-12 04:00:00,,,,,,,,,,,,,,,,,,,,25.7,24.5,8.8,5.3,33.8,36.8,42.3,42.9,44.0,54.0,51.6,49.1
2025-01-12 05:00:00,,,,,,,,,,,,,,,,,,,,25.7,24.5,8.7,5.3,33.8,36.8,42.2,42.9,44.0,54.0,51.6,49.1
2025-01-12 06:00:00,,,,,,,,,,,,,,,,,,,,25.7,24.5,8.7,5.3,33.7,36.8,42.2,42.9,44.0,54.0,51.6,49.1
2025-01-12 07:00:00,,,,,,,,,,,,,,,,,,,,25.6,24.5,8.7,5.3,33.7,36.8,42.2,42.9,44.0,54.0,51.6,49.1
2025-01-12 08:00:00,,,,,,,,,,,,,,,,,,,,25.7,24.5,8.7,5.3,33.7,36.8,42.2,42.9,44.0,54.0,51.6,49.0
2025-01-12 09:00:00,,,,,,,,,,,,,,,,,,,,25.6,24.4,8.7,5.3,33.7,36.8,42.2,42.9,44.0,54.0,51.6,49.1
2025-01-12 10:00:00,,,,,,,,,,,,,,,,,,,,25.6,24.4,8.7,5.4,33.7,36.8,42.2,42.9,44.0,54.0,51.6,49.0
2025-01-12 11:00:00,,,,,,,,,,,,,,,,,,,,25.5,24.4,8.7,5.3,33.7,36.8,42.2,43.0,43.9,54.0,51.6,49.0
2025-01-12 12:00:00,,,,,,,,,,,,,,,,,,,,25.5,24.4,8.7,5.3,33.7,36.8,42.2,42.9,43.9,54.0,51.6,49.0
2025-01-12 13:00:00,,,,,,,,,,,,,,,,,,,,25.5,24.3,8.7,5.3,33.7,36.8,42.2,42.9,43.9,54.0,51.6,49.0
2025-01-12 14:00:00,,,,,,,,,,,,,,,,,,,,25.4,24.3,8.7,5.3,33.7,36.7,42.2,42.9,43.9,54.0,51.6,49.0
2025-01-12 15:00:00,,,,,,,,,,,,,,,,,,,,25.4,24.3,8.7,5.3,33.7,36.7,42.1,42.9,43.9,54.0,51.6,49.0
2025-01-12 16:00:00,,,,,,,,,,,,,,,,,,,,25.4,24.3,8.7,5.3,33.6,36.7,42.1,42.9,44.0,54.0,51.6,49.0
2025-01-12 17:00:00,,,,,,,,,,,,,,,,,,,,25.3,24.2,8.7,5.3,33.6,36.7,42.1,42.9,44.0,54.0,51.6,49.0
2025-01-12 18:00:00,,,,,,,,,,,,,,,,,,,,25.3,24.2,8.7,5.3,33.6,36.7,42.1,42.9,44.0,54.0,51.6,49.0
2025-01-12 19:00:00,,,,,,,,,,,,,,,,,,,,25.3,24.2,8.7,5.3,33.6,36.7,42.1,42.9,44.0,53.9,51.6,49.0
2025-01-12 20:00:00,,,,,,,,,,,,,,,,,,,,25.3,24.2,8.7,5.3,33.6,36.7,42.1,42.9,44.0,53.9,51.6,49.0
2025-01-12 21:00:00,,,,,,,,,,,,,,,,,,,,25.2,24.2,8.7,5.3,33.6,36.7,42.1,42.9,44.0,53.9,51.6,49.0
2025-01-12 22:00:00,,,,,,,,,,,,,,,,,,,,25.3,24.2,8.7,5.3,33.6,36.7,42.1,42.9,44.0,53.9,51.6,49.0
2025-01-12 23:00:00,,,,,,,,,,,,,,,,,,,,25.2,24.1,8.6,5.3,33.6,36.7,42.1,42.9,44.0,53.9,51.6,49.0
2025-01-13 01:00:00,,,,,,,,,,,,,,,,,,,,25.2,24.2,8.6,5.3,33.5,36.7,42.1,42.9,44.0,53.9,51.6,49.0
2025-01-13 02:00:00,,,,,,,,,,,,,,,,,,,,25.1,24.1,8.6,5.3,33.5,36.7,42.1,42.9,44.0,53.9,51.6,49.0
2025-01-13 03:00:00,,,,,,,,,,,,,,,,,,,,25.1,24.1,8.6,5.3,33.5,36.6,42.1,42.9,44.0,53.9,51.6,49.0
2025-01-13 04:00:00,,,,,,,,,,,,,,,,,,,,25.1,24.0,8.6,5.3,33.5,36.6,42.1,42.9,44.0,53.9,51.6,49.0
2025-01-13 05:00:00,,,,,,,,,,,,,,,,,,,,25.1,24.1,8.6,5.3,33.5,36.6,42.1,42.9,44.0,53.9,51.6,49.0
2025-01-13 06:00:00,,,,,,,,,,,,,,,,,,,,25.0,24.1,8.6,5.3,33.4,36.6,42.1,43.0,44.0,54.0,51.6,49.0
2025-01-13 07:00:00,,,,,,,,,,,,,,,,,,,,25.1,24.1,8.6,5.3,33.4,36.6,42.1,43.0,44.0,54.0,51.6,49.0
2025-01-13 08:00:00,,,,,,,,,,,,,,,,,,,,25.0,24.1,8.6,5.3,33.4,36.6,42.1,43.0,44.0,54.0,51.6,49.0
2025-01-13 09:00:00,,,,,,,,,,,,,,,,,,,,25.0,24.1,8.6,5.3,33.4,36.6,42.1,42.9,44.0,54.0,51.6,49.0
2025-01-13 10:00:00,,,,,,,,,,,,,,,,,,,,25.0,24.1,8.6,5.3,33.4,36.6,42.1,42.9,43.9,54.0,51.6,49.0
2025-01-13 11:00:00,,,,,,,,,,,,,,,,,,,,24.9,23.9,8.6,5.3,33.4,36.5,42.1,42.9,43.9,54.0,51.6,49.0
2025-01-13 12:00:00,,,,,,,,,,,,,,,,,,,,24.8,23.7,8.6,5.3,33.3,36.5,42.0,42.8,43.9,54.0,51.6,49.0
2025-01-13 13:00:00,,,,,,,,,,,,,,,,,,,,24.7,23.6,8.5,5.2,33.3,36.5,42.0,42.8,43.9,54.0,51.6,49.0
2025-01-13 14:00:00,,,,,,,,,,,,,,,,,,,,24.6,23.6,8.5,5.2,33.3,36.5,42.0,42.8,43.9,54.0,51.6,49.0
2025-01-13 15:00:00,,,,,,,,,,,,,,,,,,,,24.6,23.5,8.5,5.2,33.2,36.5,42.0,42.8,43.9,54.0,51.6,49.0
2025-01-13 16:00:00,,,,,,,,,,,,,,,,,,,,24.5,23.5,8.5,5.2,33.2,36.5,42.0,42.8,43.9,53.9,51.6,49.0
2025-01-13 17:00:00,,,,,,,,,,,,,,,,,,,,24.4,23.5,8.5,5.2,33.2,36.4,42.0,42.8,43.9,53.9,51.6,49.0
2025-01-13 18:00:00,,,,,,,,,,,,,,,,,,,,24.4,23.4,8.5,5.2,33.1,36.4,42.0,42.8,43.9,53.9,51.6,49.0
2025-01-13 19:00:00,,,,,,,,,,,,,,,,,,,,24.4,23.4,8.5,5.2,33.1,36.4,42.0,42.8,43.9,53.9,51.6,49.1
2025-01-13 20:00:00,,,,,,,,,,,,,,,,,,,,24.4,23.5,8.5,5.2,33.1,36.4,42.0,42.8,44.0,53.9,51.6,49.1
2025-01-13 21:00:00,,,,,,,,,,,,,,,,,,,,24.4,23.4,8.5,5.2,33.1,36.4,42.0,42.8,44.0,53.9,51.6,49.1
2025-01-13 22:00:00,,,,,,,,,,,,,,,,,,,,24.4,23.4,8.5,5.2,33.1,36.4,42.0,42.8,43.9,53.9,51.6,49.1
2025-01-13 23:00:00,,,,,,,,,,,,,,,,,,,,24.3,23.4,8.5,5.2,33.0,36.3,42.0,42.8,43.9,53.9,51.5,49.1
2025-01-14 01:00:00,,,,,,,,,,,,,,,,,,,,24.3,23.3,8.5,5.2,33.0,36.3,41.9,42.8,43.9,53.9,51.5,49.1
2025-01-14 02:00:00,,,,,,,,,,,,,,,,,,,,24.3,23.3,8.5,5.2,33.0,36.3,41.9,42.8,43.9,53.9,51.5,49.1
2025-01-14 03:00:00,,,,,,,,,,,,,,,,,,,,24.3,23.3,8.5,5.2,33.0,36.3,41.9,42.8,43.9,53.9,51.5,49.1
2025-01-14 04:00:00,,,,,,,,,,,,,,,,,,,,24.2,23.3,8.5,5.2,33.0,36.3,41.9,42.8,43.9,53.9,51.5,49.0
2025-01-14 05:00:00,,,,,,,,,,,,,,,,,,,,24.2,23.3,8.5,5.2,32.9,36.3,41.9,42.8,43.9,53.9,51.5,49.0
2025-01-14 06:00:00,,,,,,,,,,,,,,,,,,,,24.2,23.3,8.5,5.2,32.9,36.3,41.9,42.8,43.9,53.9,51.5,49.0
2025-01-14 07:00:00,,,,,,,,,,,,,,,,,,,,24.2,23.3,8.5,5.2,32.9,36.3,41.9,42.8,43.9,53.9,51.5,49.0
2025-01-14 08:00:00,,,,,,,,,,,,,,,,,,,,24.2,23.3,8.5,5.2,32.9,36.3,41.9,42.8,43.9,53.9,51.5,49.0
2025-01-14 09:00:00,,,,,,,,,,,,,,,,,,,,24.1,23.3,8.5,5.2,32.9,36.3,41.9,42.8,43.9,53.9,51.5,49.0
2025-01-14 10:00:00,,,,,,,,,,,,,,,,,,,,24.1,23.3,8.5,5.2,32.9,36.3,41.9,42.8,43.9,53.9,51.5,49.0
2025-01-14 11:00:00,,,,,,,,,,,,,,,,,,,,24.1,23.2,8.5,5.2,32.8,36.3,41.9,42.7,43.9,53.9,51.5,49.0
2025-01-14 12:00:00,,,,,,,,,,,,,,,,,,,,24.0,23.2,8.4,5.2,32.8,36.3,41.8,42.7,43.9,53.9,51.5,49.0
2025-01-14 13:00:00,,,,,,,,,,,,,,,,,,,,24.0,23.2,8.5,5.2,32.8,36.3,41.8,42.7,43.9,53.9,51.5,49.0
2025-01-14 14:00:00,,,,,,,,,,,,,,,,,,,,24.0,23.1,8.5,5.2,32.8,36.3,41.8,42.7,43.8,53.9,51.5,49.0
2025-01-14 15:00:00,,,,,,,,,,,,,,,,,,,,23.9,23.2,8.4,5.2,32.7,36.2,41.8,42.7,43.8,53.9,51.5,49.0
2025-01-14 16:00:00,,,,,,,,,,,,,,,,,,,,23.9,23.1,8.4,5.2,32.7,36.2,41.8,42.7,43.8,53.9,51.5,49.0
2025-01-14 17:00:00,,,,,,,,,,,,,,,,,,,,23.8,23.1,8.4,5.2,32.7,36.2,41.8,42.7,43.8,53.9,51.5,49.0
2025-01-14 18:00:00,,,,,,,,,,,,,,,,,,,,23.9,23.1,8.4,5.2,32.7,36.2,41.8,42.7,43.9,53.9,51.5,49.0
2025-01-14 19:00:00,,,,,,,,,,,,,,,,,,,,23.9,23.1,8.4,5.2,32.7,36.2,41.8,42.7,43.9,53.9,51.5,49.0
2025-01-14 20:00:00,,,,,,,,,,,,,,,,,,,,23.8,23.1,8.4,5.1,32.7,36.1,41.8,42.8,43.9,53.9,51.5,49.0
2025-01-14 21:00:00,,,,,,,,,,,,,,,,,,,,23.8,23.1,8.4,5.1,32.6,36.1,41.8,42.8,43.9,53.9,51.5,49.0
2025-01-14 22:00:00,,,,,,,,,,,,,,,,,,,,23.7,23.0,8.4,5.2,32.6,36.1,41.8,42.7,43.9,53.9,51.5,49.0
2025-01-14 23:00:00,,,,,,,,,,,,,,,,,,,,23.7,23.0,8.4,5.1,32.6,36.1,41.8,42.8,43.9,53.9,51.5,49.0
2025-01-15 01:00:00,,,,,,,,,,,,,,,,,,,,23.7,23.0,8.4,5.1,32.6,36.1,41.8,42.8,43.9,53.9,51.5,49.0
2025-01-15 02:00:00,,,,,,,,,,,,,,,,,,,,23.7,23.0,8.4,5.2,32.5,36.1,41.8,42.8,43.9,53.9,51.5,49.0
2025-01-15 03:00:00,,,,,,,,,,,,,,,,,,,,23.8,23.0,8.4,5.2,32.5,36.1,41.8,42.8,43.9,53.9,51.5,49.0
2025-01-15 04:00:00,,,,,,,,,,,,,,,,,,,,23.9,23.0,8.4,5.2,32.5,36.1,41.8,42.8,43.9,53.8,51.5,49.0
2025-01-15 05:00:00,,,,,,,,,,,,,,,,,,,,23.9,23.0,8.4,5.2,32.5,36.1,41.8,42.8,43.9,53.8,51.5,49.0
2025-01-15 06:00:00,,,,,,,,,,,,,,,,,,,,25.7,23.0,8.4,5.2,32.5,36.1,41.8,42.8,43.9,53.8,51.4,49.0
2025-01-15 07:00:00,,,,,,,,,,,,,,,,,,,,32.2,23.0,8.4,5.2,32.5,36.1,41.8,42.8,43.9,53.8,51.4,49.0
2025-01-15 08:00:00,,,,,,,,,,,,,,,,,,,,35.5,23.1,8.4,5.1,32.5,36.1,41.8,42.8,43.9,53.8,51.4,49.0
2025-01-15 09:00:00,,,,,,,,,,,,,,,,,,,,41.9,23.2,8.4,5.2,32.5,36.1,41.8,42.8,43.9,53.8,51.4,49.0
2025-01-15 10:00:00,,,,,,,,,,,,,,,,,,,,44.0,24.6,8.4,5.2,32.5,36.1,41.8,42.8,44.0,53.9,51.4,49.0
2025-01-15 11:00:00,,,,,,,,,,,,,,,,,,,,44.5,27.9,8.4,5.2,32.5,36.1,41.9,42.8,43.9,53.8,51.4,49.0
2025-01-15 12:00:00,,,,,,,,,,,,,,,,,,,,43.9,31.7,8.4,5.2,32.5,36.1,41.9,42.8,43.9,53.8,51.4,49.0
2025-01-15 13:00:00,,,,,,,,,,,,,,,,,,,,43.5,32.9,8.5,5.2,32.5,36.1,41.8,42.8,43.9,53.9,51.4,49.0
2025-01-15 14:00:00,,,,,,,,,,,,,,,,,,,,42.6,33.5,8.5,5.1,32.4,36.0,41.8,42.8,43.9,53.9,51.4,49.0
2025-01-15 15:00:00,,,,,,,,,,,,,,,,,,,,42.1,33.6,8.6,5.2,32.4,36.1,41.8,42.8,43.9,53.9,51.4,49.0
2025-01-15 16:00:00,,,,,,,,,,,,,,,,,,,,41.6,33.6,8.6,5.2,32.4,36.1,41.8,42.8,43.9,53.9,51.4,49.0
2025-01-15 17:00:00,,,,,,,,,,,,,,,,,,,,41.4,33.6,8.6,5.2,32.4,36.1,41.8,42.8,43.9,53.9,51.4,49.0
2025-01-15 18:00:00,,,,,,,,,,,,,,,,,,,,41.0,33.6,8.6,5.2,32.4,36.1,41.8,42.8,43.9,53.9,51.4,49.0
2025-01-15 19:00:00,,,,,,,,,,,,,,,,,,,,40.9,33.5,8.6,5.2,32.4,36.1,41.8,42.7,43.9,53.9,51.4,49.0
2025-01-15 20:00:00,,,,,,,,,,,,,,,,,,,,40.8,33.5,8.6,5.2,32.4,36.1,41.8,42.7,43.9,53.9,51.5,49.0
2025-01-15 21:00:00,,,,,,,,,,,,,,,,,,,,40.8,33.5,8.7,5.2,32.4,36.0,41.8,42.7,43.9,53.9,51.5,49.0
2025-01-15 22:00:00,,,,,,,,,,,,,,,,,,,,40.6,33.5,8.7,5.1,32.4,36.0,41.8,42.7,43.9,53.9,51.4,49.0
2025-01-15 23:00:00,,,,,,,,,,,,,,,,,,,,40.5,33.4,8.7,5.2,32.4,36.0,41.8,42.7,43.9,53.9,51.4,49.0
2025-01-16 01:00:00,,,,,,,,,,,,,,,,,,,,40.3,33.5,8.7,5.2,32.3,36.0,41.8,42.7,43.9,53.9,51.4,49.0
2025-01-16 02:00:00,,,,,,,,,,,,,,,,,,,,40.2,33.5,8.7,5.2,32.3,36.0,41.8,42.7,43.9,53.8,51.4,49.0
2025-01-16 03:00:00,,,,,,,,,,,,,,,,,,,,40.2,33.5,8.7,5.2,32.3,36.0,41.8,42.7,43.9,53.8,51.4,49.0
2025-01-16 04:00:00,,,,,,,,,,,,,,,,,,,,40.0,33.4,8.7,5.2,32.3,36.0,41.8,42.7,43.9,53.8,51.4,49.0
2025-01-16 05:00:00,,,,,,,,,,,,,,,,,,,,39.9,33.4,8.7,5.2,32.3,36.0,41.8,42.7,43.9,53.8,51.4,49.0
2025-01-16 06:00:00,,,,,,,,,,,,,,,,,,,,39.8,33.4,8.7,5.2,32.3,36.0,41.8,42.7,43.9,53.8,51.4,49.0
2025-01-16 07:00:00,,,,,,,,,,,,,,,,,,,,39.8,33.4,8.8,5.2,32.3,36.0,41.8,42.7,43.9,53.8,51.4,49.0
2025-01-16 08:00:00,,,,,,,,,,,,,,,,,,,,39.6,33.3,8.8,5.2,32.2,36.0,41.8,42.7,43.9,53.8,51.4,49.0
2025-01-16 09:00:00,,,,,,,,,,,,,,,,,,,,39.6,33.3,8.8,5.2,32.2,36.0,41.8,42.7,43.9,53.8,51.4,49.0
2025-01-16 10:00:00,,,,,,,,,,,,,,,,,,,,39.4,33.3,8.8,5.2,32.2,36.0,41.8,42.7,43.9,53.8,51.4,49.0
2025-01-16 11:00:00,,,,,,,,,,,,,,,,,,,,39.4,33.3,8.8,5.2,32.2,36.0,41.8,42.7,43.9,53.8,51.4,49.0
2025-01-16 12:00:00,,,,,,,,,,,,,,,,,,,,39.2,33.1,8.8,5.2,32.2,35.9,41.8,42.7,43.8,53.8,51.4,49.0
2025-01-16 13:00:00,,,,,,,,,,,,,,,,,,,,39.1,33.1,8.8,5.2,32.2,35.9,41.7,42.7,43.8,53.8,51.4,49.0
2025-01-16 14:00:00,,,,,,,,,,,,,,,,,,,,39.0,33.1,8.8,5.2,32.2,35.9,41.7,42.7,43.8,53.8,51.4,49.0
2025-01-16 15:00:00,,,,,,,,,,,,,,,,,,,,38.9,33.1,8.8,5.2,32.2,35.9,41.7,42.7,43.8,53.8,51.4,49.0
2025-01-16 16:00:00,,,,,,,,,,,,,,,,,,,,38.8,33.1,8.8,5.2,32.2,35.9,41.7,42.7,43.8,53.8,51.4,49.0
2025-01-16 17:00:00,,,,,,,,,,,,,,,,,,,,38.8,33.0,8.8,5.2,32.2,35.9,41.7,42.7,43.8,53.8,51.4,49.0
2025-01-16 18:00:00,,,,,,,,,,,,,,,,,,,,38.7,33.0,8.8,5.2,32.2,35.9,41.7,42.7,43.8,53.8,51.3,49.0
2025-01-16 19:00:00,,,,,,,,,,,,,,,,,,,,38.6,33.0,8.8,5.2,32.2,35.9,41.7,42.7,43.8,53.8,51.3,49.0
2025-01-16 20:00:00,,,,,,,,,,,,,,,,,,,,38.5,32.9,8.8,5.2,32.2,35.9,41.7,42.7,43.8,53.8,51.3,49.0
2025-01-16 21:00:00,,,,,,,,,,,,,,,,,,,,38.5,32.9,8.8,5.2,32.1,35.8,41.7,42.7,43.8,53.8,51.3,49.0
2025-01-16 22:00:00,,,,,,,,,,,,,,,,,,,,38.4,32.8,8.8,5.2,32.1,35.8,41.7,42.7,43.8,53.8,51.3,49.0
2025-01-16 23:00:00,,,,,,,,,,,,,,,,,,,,38.3,32.8,8.8,5.2,32.1,35.8,41.7,42.7,43.8,53.8,51.3,49.0
2025-01-17 01:00:00,,,,,,,,,,,,,,,,,,,,38.2,32.7,8.8,5.2,32.1,35.9,41.7,42.7,43.8,53.8,51.3,49.0
2025-01-17 02:00:00,,,,,,,,,,,,,,,,,,,,38.1,32.7,8.9,5.2,32.1,35.8,41.7,42.7,43.8,53.8,51.3,49.0
2025-01-17 03:00:00,,,,,,,,,,,,,,,,,,,,38.0,32.7,8.9,5.2,32.1,35.8,41.7,42.7,43.8,53.8,51.3,49.0
2025-01-17 04:00:00,,,,,,,,,,,,,,,,,,,,38.0,32.7,8.9,5.2,32.1,35.8,41.7,42.7,43.8,53.7,51.3,49.0
2025-01-17 05:00:00,,,,,,,,,,,,,,,,,,,,37.9,32.7,8.9,5.2,32.1,35.8,41.7,42.7,43.8,53.7,51.3,49.0
2025-01-17 06:00:00,,,,,,,,,,,,,,,,,,,,37.8,32.7,8.9,5.2,32.1,35.8,41.7,42.7,43.8,53.7,51.3,49.0
2025-01-17 07:00:00,,,,,,,,,,,,,,,,,,,,37.7,32.7,8.9,5.2,32.1,35.8,41.7,42.7,43.8,53.7,51.3,49.0
2025-01-17 08:00:00,,,,,,,,,,,,,,,,,,,,37.7,32.6,8.8,5.2,32.1,35.8,41.7,42.7,43.8,53.7,51.3,48.9
2025-01-17 09:00:00,,,,,,,,,,,,,,,,,,,,37.7,32.6,8.9,5.2,32.1,35.8,41.7,42.7,43.8,53.7,51.3,49.0
2025-01-17 10:00:00,,,,,,,,,,,,,,,,,,,,37.6,32.5,8.9,5.3,32.1,35.8,41.6,42.6,43.8,53.7,51.3,48.9
2025-01-17 11:00:00,,,,,,,,,,,,,,,,,,,,37.6,32.5,8.9,5.2,32.1,35.8,41.6,42.6,43.8,53.7,51.3,48.9
2025-01-17 12:00:00,,,,,,,,,,,,,,,,,,,,37.4,32.4,8.9,5.3,32.0,35.8,41.6,42.6,43.8,53.7,51.3,48.9
2025-01-17 13:00:00,,,,,,,,,,,,,,,,,,,,37.3,32.3,8.9,5.2,32.0,35.8,41.6,42.6,43.7,53.7,51.3,48.9
2025-01-17 14:00:00,,,,,,,,,,,,,,,,,,,,37.3,32.2,8.9,5.2,32.0,35.8,41.6,42.6,43.7,53.7,51.3,48.9
2025-01-17 15:00:00,,,,,,,,,,,,,,,,,,,,37.2,32.2,8.9,5.2,32.0,35.8,41.6,42.6,43.7,53.7,51.3,48.9
2025-01-17 16:00:00,,,,,,,,,,,,,,,,,,,,37.1,32.2,8.9,5.2,32.0,35.8,41.6,42.6,43.7,53.8,51.3,48.9
2025-01-17 17:00:00,,,,,,,,,,,,,,,,,,,,37.1,32.1,8.9,5.2,32.0,35.8,41.6,42.6,43.7,53.8,51.3,48.9
2025-01-17 18:00:00,,,,,,,,,,,,,,,,,,,,37.0,32.1,8.9,5.2,32.1,35.8,41.6,42.6,43.7,53.8,51.3,48.9
2025-01-17 19:00:00,,,,,,,,,,,,,,,,,,,,37.0,32.1,8.9,5.2,32.1,35.8,41.6,42.6,43.7,53.7,51.3,48.9
2025-01-17 20:00:00,,,,,,,,,,,,,,,,,,,,36.9,32.1,8.9,5.2,32.0,35.8,41.6,42.6,43.7,53.8,51.3,49.0
2025-01-17 21:00:00,,,,,,,,,,,,,,,,,,,,36.9,32.0,8.9,5.3,32.0,35.7,41.6,42.6,43.7,53.7,51.3,49.0
2025-01-17 22:00:00,,,,,,,,,,,,,,,,,,,,36.9,32.0,8.9,5.3,32.0,35.7,41.6,42.6,43.7,53.7,51.3,49.0
2025-01-17 23:00:00,,,,,,,,,,,,,,,,,,,,36.8,32.0,8.9,5.3,32.0,35.7,41.6,42.6,43.7,53.7,51.3,49.0
2025-01-18 01:00:00,,,,,,,,,,,,,,,,,,,,36.7,31.9,8.9,5.3,32.0,35.7,41.6,42.6,43.7,53.7,51.3,49.0
2025-01-18 02:00:00,,,,,,,,,,,,,,,,,,,,36.7,32.0,8.9,5.2,32.0,35.7,41.6,42.6,43.6,53.7,51.3,49.0
2025-01-18 03:00:00,,,,,,,,,,,,,,,,,,,,36.6,32.0,8.9,5.2,32.0,35.7,41.6,42.6,43.7,53.7,51.3,49.0
2025-01-18 04:00:00,,,,,,,,,,,,,,,,,,,,36.6,31.9,9.0,5.2,32.0,35.7,41.6,42.6,43.6,53.7,51.3,49.0
2025-01-18 05:00:00,,,,,,,,,,,,,,,,,,,,36.5,31.9,9.0,5.2,32.0,35.7,41.6,42.5,43.6,53.7,51.3,49.0
2025-01-18 06:00:00,,,,,,,,,,,,,,,,,,,,36.5,31.9,9.0,5.2,32.0,35.7,41.6,42.5,43.6,53.7,51.3,49.0
2025-01-18 07:00:00,,,,,,,,,,,,,,,,,,,,36.5,31.9,9.0,5.2,32.0,35.7,41.5,42.6,43.7,53.7,51.3,48.9
2025-01-18 08:00:00,,,,,,,,,,,,,,,,,,,,36.5,31.8,9.0,5.2,32.0,35.7,41.5,42.6,43.7,53.7,51.3,48.9
2025-01-18 09:00:00,,,,,,,,,,,,,,,,,,,,36.4,31.8,8.9,5.2,32.0,35.7,41.5,42.6,43.6,53.7,51.3,48.9
2025-01-18 10:00:00,,,,,,,,,,,,,,,,,,,,36.4,31.8,8.9,5.2,32.0,35.7,41.5,42.6,43.6,53.7,51.3,48.9
2025-01-18 11:00:00,,,,,,,,,,,,,,,,,,,,36.4,31.8,8.9,5.2,32.0,35.7,41.5,42.6,43.6,53.7,51.3,48.9
2025-01-18 12:00:00,,,,,,,,,,,,,,,,,,,,36.3,31.7,8.9,5.2,32.0,35.7,41.5,42.6,43.6,53.7,51.3,48.9
2025-01-18 13:00:00,,,,,,,,,,,,,,,,,,,,36.3,31.8,8.9,5.2,32.0,35.7,41.5,42.6,43.6,53.7,51.3,48.9
2025-01-18 14:00:00,,,,,,,,,,,,,,,,,,,,36.1,31.7,8.9,5.2,32.0,35.7,41.5,42.6,43.6,53.7,51.3,48.9
2025-01-18 15:00:00,,,,,,,,,,,,,,,,,,,,36.1,31.6,8.9,5.2,32.0,35.7,41.5,42.5,43.6,53.7,51.3,48.9
2025-01-18 16:00:00,,,,,,,,,,,,,,,,,,,,36.1,31.6,9.0,5.2,31.9,35.7,41.5,42.5,43.6,53.7,51.3,48.9
2025-01-18 17:00:00,,,,,,,,,,,,,,,,,,,,36.0,31.6,9.0,5.2,31.9,35.6,41.5,42.5,43.6,53.7,51.2,48.9
2025-01-18 18:00:00,,,,,,,,,,,,,,,,,,,,36.0,31.5,9.0,5.2,31.9,35.6,41.5,42.5,43.6,53.7,51.2,48.9
2025-01-18 19:00:00,,,,,,,,,,,,,,,,,,,,36.0,31.5,9.0,5.2,31.9,35.6,41.5,42.5,43.7,53.7,51.2,48.9
2025-01-18 20:00:00,,,,,,,,,,,,,,,,,,,,36.0,31.5,9.0,5.2,31.9,35.6,41.5,42.5,43.7,53.7,51.2,48.9
2025-01-18 21:00:00,,,,,,,,,,,,,,,,,,,,35.9,31.5,9.0,5.2,31.9,35.6,41.5,42.5,43.7,53.7,51.2,48.9
2025-01-18 22:00:00,,,,,,,,,,,,,,,,,,,,35.9,31.4,9.0,5.2,31.9,35.6,41.5,42.5,43.7,53.7,51.2,48.9
2025-01-18 23:00:00,,,,,,,,,,,,,,,,,,,,35.8,31.4,9.0,5.2,31.9,35.6,41.5,42.5,43.7,53.7,51.2,48.9
2025-01-19 01:00:00,,,,,,,,,,,,,,,,,,,,35.8,31.4,9.0,5.2,31.9,35.6,41.5,42.5,43.7,53.7,51.2,48.9
2025-01-19 02:00:00,,,,,,,,,,,,,,,,,,,,35.7,31.4,9.0,5.2,31.9,35.6,41.5,42.5,43.6,53.7,51.2,48.9
2025-01-19 03:00:00,,,,,,,,,,,,,,,,,,,,35.7,31.3,9.0,5.2,31.9,35.6,41.4,42.5,43.6,53.6,51.2,48.9
2025-01-19 04:00:00,,,,,,,,,,,,,,,,,,,,35.7,31.3,9.0,5.2,31.9,35.6,41.4,42.5,43.6,53.6,51.2,48.9
2025-01-19 05:00:00,,,,,,,,,,,,,,,,,,,,35.6,31.3,9.0,5.2,31.9,35.6,41.5,42.6,43.6,53.6,51.2,48.9
2025-01-19 06:00:00,,,,,,,,,,,,,,,,,,,,35.6,31.3,9.0,5.2,31.9,35.6,41.4,42.6,43.6,53.6,51.2,48.9
2025-01-19 07:00:00,,,,,,,,,,,,,,,,,,,,35.6,31.3,9.0,5.2,31.9,35.6,41.4,42.6,43.6,53.6,51.2,48.9
2025-01-19 08:00:00,,,,,,,,,,,,,,,,,,,,35.5,31.3,9.0,5.2,31.9,35.6,41.4,42.6,43.6,53.6,51.2,48.9
2025-01-19 09:00:00,,,,,,,,,,,,,,,,,,,,35.5,31.3,9.0,5.2,31.9,35.6,41.4,42.6,43.6,53.6,51.2,48.9
2025-01-19 10:00:00,,,,,,,,,,,,,,,,,,,,35.5,31.2,9.0,5.2,31.9,35.6,41.4,42.6,43.6,53.6,51.2,48.9
2025-01-19 11:00:00,,,,,,,,,,,,,,,,,,,,35.4,31.1,9.0,5.2,31.9,35.6,41.4,42.6,43.6,53.6,51.2,48.9
2025-01-19 12:00:00,,,,,,,,,,,,,,,,,,,,35.4,31.1,9.0,5.2,31.9,35.6,41.4,42.6,43.6,53.6,51.2,48.9
2025-01-19 13:00:00,,,,,,,,,,,,,,,,,,,,35.4,31.2,9.0,5.2,31.9,35.6,41.4,42.6,43.6,53.6,51.2,48.9
2025-01-19 14:00:00,,,,,,,,,,,,,,,,,,,,35.3,31.1,9.0,5.2,31.9,35.6,41.4,42.6,43.6,53.6,51.2,48.9
2025-01-19 15:00:00,,,,,,,,,,,,,,,,,,,,35.3,31.1,9.0,5.2,31.9,35.6,41.4,42.6,43.6,53.6,51.2,48.9
2025-01-19 16:00:00,,,,,,,,,,,,,,,,,,,,35.3,31.1,9.0,5.2,31.9,35.6,41.4,42.6,43.6,53.6,51.2,48.9
2025-01-19 17:00:00,,,,,,,,,,,,,,,,,,,,35.2,31.1,9.0,5.2,31.9,35.6,41.4,42.6,43.6,53.6,51.1,48.9
2025-01-19 18:00:00,,,,,,,,,,,,,,,,,,,,35.2,31.0,9.0,5.3,31.9,35.6,41.4,42.6,43.6,53.6,51.2,48.9
2025-01-19 19:00:00,,,,,,,,,,,,,,,,,,,,35.2,31.0,9.0,5.3,31.9,35.6,41.4,42.5,43.6,53.6,51.1,48.9
2025-01-19 20:00:00,,,,,,,,,,,,,,,,,,,,35.2,30.9,9.0,5.3,31.9,35.6,41.4,42.5,43.6,53.6,51.1,48.9
2025-01-19 21:00:00,,,,,,,,,,,,,,,,,,,,35.1,30.9,9.0,5.3,31.9,35.5,41.4,42.5,43.6,53.6,51.1,48.9
2025-01-19 22:00:00,,,,,,,,,,,,,,,,,,,,35.1,30.9,9.0,5.3,31.9,35.6,41.4,42.5,43.6,53.6,51.1,48.9
2025-01-19 23:00:00,,,,,,,,,,,,,,,,,,,,35.1,30.9,9.0,5.3,31.9,35.6,41.4,42.5,43.6,53.6,51.1,48.9
2025-01-20 01:00:00,,,,,,,,,,,,,,,,,,,,35.0,30.9,9.0,5.2,31.9,35.5,41.4,42.5,43.6,53.6,51.1,48.9
2025-01-20 02:00:00,,,,,,,,,,,,,,,,,,,,35.0,30.9,9.0,5.3,31.9,35.5,41.4,42.5,43.6,53.6,51.1,48.9
2025-01-20 03:00:00,,,,,,,,,,,,,,,,,,,,35.0,30.9,9.0,5.3,31.9,35.5,41.4,42.5,43.6,53.6,51.1,48.9
2025-01-20 04:00:00,,,,,,,,,,,,,,,,,,,,35.0,30.9,9.0,5.3,31.9,35.5,41.4,42.5,43.6,53.6,51.1,48.9
2025-01-20 05:00:00,,,,,,,,,,,,,,,,,,,,35.0,30.9,9.0,5.3,32.0,35.5,41.4,42.5,43.6,53.6,51.1,48.9
2025-01-20 06:00:00,,,,,,,,,,,,,,,,,,,,35.0,30.9,9.0,5.3,32.0,35.5,41.4,42.5,43.6,53.6,51.1,48.9
2025-01-20 07:00:00,,,,,,,,,,,,,,,,,,,,35.0,30.8,9.0,5.3,32.0,35.6,41.4,42.5,43.6,53.6,51.1,48.9
2025-01-20 08:00:00,,,,,,,,,,,,,,,,,,,,34.9,30.8,9.0,5.2,32.0,35.6,41.4,42.5,43.6,53.6,51.1,48.9
2025-01-20 09:00:00,,,,,,,,,,,,,,,,,,,,34.9,30.8,9.0,5.2,32.0,35.6,41.4,42.5,43.6,53.6,51.1,48.9
2025-01-20 10:00:00,,,,,,,,,,,,,,,,,,,,34.8,30.7,9.0,5.3,32.0,35.5,41.4,42.4,43.6,53.6,51.1,48.9
2025-01-20 11:00:00,,,,,,,,,,,,,,,,,,,,34.7,30.6,9.0,5.2,32.0,35.5,41.4,42.4,43.6,53.6,51.1,48.9
2025-01-20 12:00:00,,,,,,,,,,,,,,,,,,,,34.6,30.4,9.0,5.3,31.9,35.5,41.4,42.4,43.5,53.6,51.1,48.9
2025-01-20 13:00:00,,,,,,,,,,,,,,,,,,,,34.5,30.2,9.0,5.3,31.9,35.5,41.4,42.3,43.5,53.5,51.1,48.9
2025-01-20 14:00:00,,,,,,,,,,,,,,,,,,,,34.4,30.1,9.0,5.2,31.9,35.5,41.3,42.3,43.5,53.5,51.1,48.9
2025-01-20 15:00:00,,,,,,,,,,,,,,,,,,,,34.3,30.1,9.0,5.2,31.9,35.5,41.3,42.3,43.5,53.5,51.1,48.9
2025-01-20 16:00:00,,,,,,,,,,,,,,,,,,,,34.2,30.1,9.0,5.2,31.9,35.5,41.3,42.3,43.5,53.5,51.1,48.9
2025-01-20 17:00:00,,,,,,,,,,,,,,,,,,,,34.2,30.1,9.0,5.2,31.9,35.5,41.3,42.3,43.5,53.5,51.0,48.9
2025-01-20 18:00:00,,,,,,,,,,,,,,,,,,,,34.2,30.1,9.0,5.2,31.9,35.5,41.3,42.3,43.5,53.5,51.0,48.9
2025-01-20 19:00:00,,,,,,,,,,,,,,,,,,,,34.2,30.1,9.0,5.2,31.8,35.5,41.3,42.3,43.5,53.5,51.0,48.9
2025-01-20 20:00:00,,,,,,,,,,,,,,,,,,,,34.1,30.0,9.0,5.2,31.8,35.4,41.3,42.3,43.5,53.5,51.0,48.9
2025-01-20 21:00:00,,,,,,,,,,,,,,,,,,,,34.1,30.0,8.9,5.2,31.8,35.4,41.3,42.3,43.5,53.5,51.0,48.9
2025-01-20 22:00:00,,,,,,,,,,,,,,,,,,,,34.0,30.0,8.9,5.2,31.8,35.5,41.3,42.3,43.5,53.5,51.0,48.9
2025-01-20 23:00:00,,,,,,,,,,,,,,,,,,,,34.1,30.0,8.9,5.2,31.8,35.4,41.3,42.3,43.5,53.5,51.0,48.9
2025-01-21 01:00:00,,,,,,,,,,,,,,,,,,,,33.9,29.9,8.9,5.2,31.8,35.4,41.3,42.3,43.5,53.5,51.0,48.9
2025-01-21 02:00:00,,,,,,,,,,,,,,,,,,,,34.0,29.9,9.0,5.2,31.8,35.4,41.3,42.3,43.5,53.5,51.0,48.9
2025-01-21 03:00:00,,,,,,,,,,,,,,,,,,,,33.9,29.9,9.0,5.2,31.8,35.4,41.3,42.3,43.5,53.5,51.0,48.9
2025-01-21 04:00:00,,,,,,,,,,,,,,,,,,,,33.9,29.9,9.0,5.2,31.8,35.4,41.3,42.3,43.5,53.5,51.0,48.9
2025-01-21 05:00:00,,,,,,,,,,,,,,,,,,,,34.0,29.9,9.0,5.2,31.8,35.4,41.3,42.3,43.5,53.5,51.0,48.9
2025-01-21 06:00:00,,,,,,,,,,,,,,,,,,,,33.9,29.9,9.0,5.2,31.8,35.4,41.3,42.3,43.5,53.5,51.0,48.9
2025-01-21 07:00:00,,,,,,,,,,,,,,,,,,,,33.8,29.8,9.0,5.2,31.8,35.4,41.3,42.3,43.5,53.5,51.0,48.9
2025-01-21 08:00:00,,,,,,,,,,,,,,,,,,,,33.8,29.8,9.0,5.2,31.8,35.4,41.3,42.3,43.5,53.5,51.0,48.9
2025-01-21 09:00:00,,,,,,,,,,,,,,,,,,,,33.9,29.8,9.0,5.2,31.8,35.4,41.3,42.2,43.5,53.5,51.0,48.9
2025-01-21 10:00:00,,,,,,,,,,,,,,,,,,,,33.7,29.8,9.0,5.2,31.8,35.3,41.2,42.2,43.5,53.5,51.0,48.9
2025-01-21 11:00:00,,,,,,,,,,,,,,,,,,,,33.7,29.6,9.0,5.2,31.8,35.4,41.2,42.2,43.5,53.4,51.0,48.9
2025-01-21 12:00:00,,,,,,,,,,,,,,,,,,,,33.5,29.5,8.9,5.2,31.8,35.3,41.2,42.2,43.5,53.4,51.0,48.9
2025-01-21 13:00:00,,,,,,,,,,,,,,,,,,,,33.4,29.3,8.9,5.2,31.7,35.3,41.2,42.1,43.5,53.4,50.9,48.9
2025-01-21 14:00:00,,,,,,,,,,,,,,,,,,,,33.3,29.2,8.9,5.2,31.7,35.3,41.2,42.1,43.5,53.4,50.9,48.9
2025-01-21 15:00:00,,,,,,,,,,,,,,,,,,,,33.2,29.1,9.0,5.2,31.7,35.3,41.2,42.1,43.5,53.4,50.9,48.9
2025-01-21 16:00:00,,,,,,,,,,,,,,,,,,,,33.1,29.1,9.0,5.2,31.7,35.3,41.1,42.1,43.4,53.4,50.9,48.9
2025-01-21 17:00:00,,,,,,,,,,,,,,,,,,,,33.1,29.1,8.9,5.2,31.7,35.3,41.1,42.0,43.4,53.4,50.9,48.9
2025-01-21 18:00:00,,,,,,,,,,,,,,,,,,,,33.0,29.1,8.9,5.2,31.6,35.2,41.1,42.0,43.5,53.4,50.9,48.9
2025-01-21 19:00:00,,,,,,,,,,,,,,,,,,,,33.0,29.1,8.9,5.2,31.6,35.2,41.1,42.1,43.5,53.4,50.9,48.9
2025-01-21 20:00:00,,,,,,,,,,,,,,,,,,,,33.0,29.0,8.9,5.2,31.6,35.2,41.1,42.0,43.5,53.4,50.9,48.9
2025-01-21 21:00:00,,,,,,,,,,,,,,,,,,,,32.9,29.0,8.8,5.2,31.6,35.2,41.1,42.0,43.5,53.4,50.9,48.9
2025-01-21 22:00:00,,,,,,,,,,,,,,,,,,,,32.9,29.0,8.9,5.2,31.6,35.2,41.1,42.0,43.5,53.4,50.9,48.8
2025-01-21 23:00:00,,,,,,,,,,,,,,,,,,,,32.9,29.0,8.9,5.3,31.6,35.2,41.1,42.0,43.4,53.4,50.9,48.8
2025-01-22 01:00:00,,,,,,,,,,,,,,,,,,,,32.8,29.0,8.8,5.2,31.6,35.2,41.1,42.0,43.4,53.4,50.9,48.8
2025-01-22 02:00:00,,,,,,,,,,,,,,,,,,,,32.8,28.9,8.8,5.2,31.6,35.2,41.1,42.0,43.4,53.4,50.9,48.8
2025-01-22 03:00:00,,,,,,,,,,,,,,,,,,,,32.7,28.9,8.8,5.2,31.6,35.2,41.1,42.0,43.4,53.4,50.9,48.8
2025-01-22 04:00:00,,,,,,,,,,,,,,,,,,,,32.8,28.9,8.8,5.2,31.6,35.2,41.1,42.0,43.4,53.4,50.9,48.8
2025-01-22 05:00:00,,,,,,,,,,,,,,,,,,,,32.7,28.9,8.8,5.2,31.6,35.2,41.0,42.0,43.4,53.3,50.9,48.8
2025-01-22 06:00:00,,,,,,,,,,,,,,,,,,,,32.7,28.9,8.8,5.2,31.6,35.2,41.0,42.0,43.5,53.3,50.9,48.8
2025-01-22 07:00:00,,,,,,,,,,,,,,,,,,,,32.6,28.8,8.8,5.2,31.6,35.2,41.0,42.0,43.5,53.3,50.9,48.8
2025-01-22 08:00:00,,,,,,,,,,,,,,,,,,,,32.6,28.8,8.8,5.2,31.5,35.1,41.0,42.0,43.5,53.3,50.9,48.8
2025-01-22 09:00:00,,,,,,,,,,,,,,,,,,,,32.6,28.8,8.8,5.2,31.5,35.1,41.0,42.0,43.4,53.3,50.9,48.8
2025-01-22 10:00:00,,,,,,,,,,,,,,,,,,,,32.5,28.8,8.8,5.2,31.5,35.1,41.0,42.0,43.4,53.3,50.9,48.8
2025-01-22 11:00:00,,,,,,,,,,,,,,,,,,,,32.5,28.7,8.8,5.3,31.5,35.1,41.0,42.0,43.4,53.3,50.9,48.8
2025-01-22 12:00:00,,,,,,,,,,,,,,,,,,,,32.4,28.7,8.8,5.2,31.5,35.1,41.0,42.0,43.4,53.3,50.8,48.8
2025-01-22 13:00:00,,,,,,,,,,,,,,,,,,,,32.4,28.7,8.8,5.2,31.5,35.1,41.0,42.0,43.3,53.3,50.8,48.8
2025-01-22 14:00:00,,,,,,,,,,,,,,,,,,,,32.4,28.7,8.8,5.2,31.5,35.1,41.0,42.0,43.3,53.3,50.8,48.8
2025-01-22 15:00:00,,,,,,,,,,,,,,,,,,,,32.3,28.6,8.8,5.2,31.5,35.1,41.0,42.0,43.3,53.3,50.8,48.8
2025-01-22 16:00:00,,,,,,,,,,,,,,,,,,,,32.3,28.6,8.8,5.2,31.5,35.1,41.0,41.9,43.3,53.3,50.8,48.8
2025-01-22 17:00:00,,,,,,,,,,,,,,,,,,,,32.2,28.6,8.8,5.2,31.5,35.1,40.9,41.9,43.3,53.3,50.8,48.8
2025-01-22 18:00:00,,,,,,,,,,,,,,,,,,,,32.2,28.5,8.8,5.2,31.5,35.1,40.9,41.9,43.3,53.3,50.8,48.8
2025-01-22 19:00:00,,,,,,,,,,,,,,,,,,,,32.2,28.5,8.8,5.2,31.5,35.1,40.9,41.9,43.3,53.3,50.8,48.8
2025-01-22 20:00:00,,,,,,,,,,,,,,,,,,,,32.1,28.5,8.8,5.2,31.5,35.1,40.9,41.9,43.3,53.3,50.8,48.8
2025-01-22 21:00:00,,,,,,,,,,,,,,,,,,,,32.1,28.5,8.8,5.2,31.4,35.1,40.9,41.9,43.3,53.3,50.8,48.8
2025-01-22 22:00:00,,,,,,,,,,,,,,,,,,,,32.1,28.5,8.8,5.2,31.5,35.1,40.9,41.9,43.3,53.3,50.8,48.8
2025-01-22 23:00:00,,,,,,,,,,,,,,,,,,,,32.1,28.5,8.8,5.2,31.4,35.1,40.9,41.9,43.3,53.3,50.8,48.8
2025-01-23 01:00:00,,,,,,,,,,,,,,,,,,,,32.0,28.4,8.8,5.2,31.4,35.1,40.9,41.9,43.3,53.3,50.8,48.8
2025-01-23 02:00:00,,,,,,,,,,,,,,,,,,,,31.9,28.4,8.8,5.2,31.4,35.1,40.9,41.9,43.3,53.2,50.8,48.8
2025-01-23 03:00:00,,,,,,,,,,,,,,,,,,,,31.9,28.4,8.8,5.2,31.4,35.1,40.9,41.9,43.3,53.2,50.8,48.8
2025-01-23 04:00:00,,,,,,,,,,,,,,,,,,,,31.9,28.4,8.8,5.2,31.4,35.0,40.9,41.9,43.3,53.2,50.8,48.8
2025-01-23 05:00:00,,,,,,,,,,,,,,,,,,,,31.9,28.4,8.8,5.2,31.4,35.0,40.9,41.9,43.3,53.2,50.8,48.8
2025-01-23 06:00:00,,,,,,,,,,,,,,,,,,,,31.8,28.3,8.8,5.2,31.4,35.0,40.9,41.9,43.3,53.2,50.8,48.8
2025-01-23 07:00:00,,,,,,,,,,,,,,,,,,,,31.9,28.4,8.8,5.2,31.4,35.0,40.9,41.9,43.3,53.2,50.8,48.8
2025-01-23 08:00:00,,,,,,,,,,,,,,,,,,,,31.8,28.3,8.8,5.2,31.4,35.0,40.9,41.9,43.3,53.2,50.8,48.8
2025-01-23 09:00:00,,,,,,,,,,,,,,,,,,,,31.8,28.3,8.8,5.2,31.4,35.0,40.9,41.9,43.3,53.2,50.7,48.8
2025-01-23 10:00:00,,,,,,,,,,,,,,,,,,,,31.7,28.2,8.8,5.2,31.4,35.0,40.8,41.8,43.2,53.2,50.8,48.8
2025-01-23 11:00:00,,,,,,,,,,,,,,,,,,,,31.5,28.1,8.8,5.2,31.4,35.0,40.8,41.8,43.2,53.2,50.8,48.8
2025-01-23 12:00:00,,,,,,,,,,,,,,,,,,,,31.5,28.0,8.8,5.2,31.4,35.0,40.8,41.8,43.2,53.2,50.8,48.8
2025-01-23 13:00:00,,,,,,,,,,,,,,,,,,,,31.4,28.0,8.8,5.2,31.4,35.0,40.8,41.7,43.2,53.2,50.7,48.8
2025-01-23 14:00:00,,,,,,,,,,,,,,,,,,,,31.3,27.9,8.8,5.2,31.4,35.0,40.8,41.7,43.1,53.2,50.7,48.8
2025-01-23 15:00:00,,,,,,,,,,,,,,,,,,,,31.3,27.9,8.8,5.2,31.4,35.0,40.8,41.7,43.1,53.2,50.7,48.8
2025-01-23 16:00:00,,,,,,,,,,,,,,,,,,,,31.2,27.9,8.8,5.2,31.4,35.0,40.8,41.7,43.1,53.2,50.7,48.7
2025-01-23 17:00:00,,,,,,,,,,,,,,,,,,,,31.2,27.9,8.8,5.2,31.4,35.0,40.8,41.7,43.1,53.2,50.7,48.7
2025-01-23 18:00:00,,,,,,,,,,,,,,,,,,,,31.2,27.8,8.8,5.2,31.4,35.0,40.8,41.7,43.1,53.1,50.7,48.7
2025-01-23 19:00:00,,,,,,,,,,,,,,,,,,,,31.2,27.8,8.8,5.2,31.4,34.9,40.8,41.7,43.1,53.1,50.7,48.7
2025-01-23 20:00:00,,,,,,,,,,,,,,,,,,,,31.1,27.8,8.8,5.2,31.3,34.9,40.8,41.7,43.1,53.1,50.7,48.7
2025-01-23 21:00:00,,,,,,,,,,,,,,,,,,,,31.1,27.8,8.8,5.2,31.4,34.9,40.8,41.7,43.1,53.1,50.7,48.7
2025-01-23 22:00:00,,,,,,,,,,,,,,,,,,,,31.0,27.7,8.8,5.2,31.3,34.9,40.8,41.7,43.1,53.1,50.7,48.7
2025-01-23 23:00:00,,,,,,,,,,,,,,,,,,,,31.0,27.7,8.7,5.2,31.3,34.9,40.7,41.7,43.1,53.1,50.7,48.7
2025-01-24 01:00:00,,,,,,,,,,,,,,,,,,,,30.9,27.7,8.8,5.2,31.3,34.9,40.7,41.7,43.1,53.1,50.7,48.7
2025-01-24 02:00:00,,,,,,,,,,,,,,,,,,,,30.9,27.7,8.8,5.2,31.3,34.9,40.7,41.7,43.1,53.1,50.7,48.7
2025-01-24 03:00:00,,,,,,,,,,,,,,,,,,,,30.9,27.7,8.7,5.2,31.3,34.9,40.7,41.7,43.1,53.1,50.6,48.7
2025-01-24 04:00:00,,,,,,,,,,,,,,,,,,,,30.8,27.6,8.8,5.2,31.3,34.9,40.7,41.7,43.1,53.1,50.6,48.7
2025-01-24 05:00:00,,,,,,,,,,,,,,,,,,,,30.8,27.6,8.8,5.2,31.3,34.9,40.7,41.7,43.1,53.1,50.6,48.7
2025-01-24 06:00:00,,,,,,,,,,,,,,,,,,,,30.8,27.6,8.8,5.2,31.3,34.9,40.7,41.7,43.1,53.1,50.6,48.7
2025-01-24 07:00:00,,,,,,,,,,,,,,,,,,,,30.7,27.6,8.8,5.2,31.3,34.9,40.7,41.7,43.1,53.1,50.6,48.7
2025-01-24 08:00:00,,,,,,,,,,,,,,,,,,,,30.7,27.5,8.8,5.2,31.3,34.9,40.7,41.7,43.1,53.1,50.6,48.7
2025-01-24 09:00:00,,,,,,,,,,,,,,,,,,,,30.7,27.5,8.8,5.2,31.3,34.9,40.7,41.7,43.1,53.1,50.6,48.7
2025-01-24 10:00:00,,,,,,,,,,,,,,,,,,,,30.6,27.5,8.8,5.2,31.3,34.9,40.7,41.6,43.1,53.1,50.6,48.7
2025-01-24 11:00:00,,,,,,,,,,,,,,,,,,,,30.6,27.5,8.7,5.2,31.3,34.8,40.6,41.6,43.1,53.1,50.6,48.7
2025-01-24 12:00:00,,,,,,,,,,,,,,,,,,,,30.5,27.4,8.7,5.2,31.3,34.8,40.6,41.6,43.1,53.1,50.6,48.7
2025-01-24 13:00:00,,,,,,,,,,,,,,,,,,,,30.4,27.2,8.7,5.2,31.2,34.8,40.6,41.5,43.0,53.1,50.6,48.7
2025-01-24 14:00:00,,,,,,,,,,,,,,,,,,,,30.3,27.2,8.7,5.2,31.2,34.8,40.6,41.5,43.0,53.1,50.6,48.7
2025-01-24 15:00:00,,,,,,,,,,,,,,,,,,,,30.3,27.2,8.7,5.2,31.2,34.8,40.6,41.5,43.0,53.1,50.6,48.7
2025-01-24 16:00:00,,,,,,,,,,,,,,,,,,,,30.2,27.2,8.7,5.2,31.2,34.8,40.6,41.5,43.0,53.1,50.5,48.7
2025-01-24 17:00:00,,,,,,,,,,,,,,,,,,,,30.2,27.1,8.7,5.2,31.2,34.8,40.6,41.5,43.0,53.1,50.6,48.7
2025-01-24 18:00:00,,,,,,,,,,,,,,,,,,,,30.2,27.1,8.7,5.2,31.2,34.8,40.6,41.5,43.0,53.1,50.5,48.7
2025-01-24 19:00:00,,,,,,,,,,,,,,,,,,,,30.1,27.1,8.7,5.2,31.2,34.8,40.6,41.5,43.0,53.1,50.5,48.7
2025-01-24 20:00:00,,,,,,,,,,,,,,,,,,,,30.1,27.1,8.7,5.2,31.2,34.8,40.6,41.5,43.0,53.1,50.5,48.7
2025-01-24 21:00:00,,,,,,,,,,,,,,,,,,,,30.1,27.0,8.7,5.2,31.2,34.7,40.6,41.5,43.0,53.1,50.5,48.7
2025-01-24 22:00:00,,,,,,,,,,,,,,,,,,,,30.0,27.0,8.7,5.2,31.2,34.7,40.5,41.5,43.0,53.1,50.5,48.7
2025-01-24 23:00:00,,,,,,,,,,,,,,,,,,,,30.0,27.0,8.7,5.3,31.2,34.7,40.5,41.5,43.0,53.0,50.5,48.7
2025-01-25 01:00:00,,,,,,,,,,,,,,,,,,,,30.0,27.0,8.7,5.2,31.2,34.7,40.5,41.5,42.9,53.0,50.5,48.7
2025-01-25 02:00:00,,,,,,,,,,,,,,,,,,,,29.9,26.9,8.7,5.2,31.1,34.7,40.5,41.5,43.0,53.0,50.5,48.7
2025-01-25 03:00:00,,,,,,,,,,,,,,,,,,,,29.8,27.0,8.7,5.2,31.1,34.7,40.5,41.4,43.0,53.0,50.5,48.7
2025-01-25 04:00:00,,,,,,,,,,,,,,,,,,,,29.8,26.9,8.7,5.2,31.1,34.7,40.5,41.4,43.0,53.0,50.5,48.7
2025-01-25 05:00:00,,,,,,,,,,,,,,,,,,,,29.8,26.9,8.7,5.2,31.1,34.7,40.5,41.4,43.0,53.0,50.5,48.7
2025-01-25 06:00:00,,,,,,,,,,,,,,,,,,,,29.7,26.9,8.7,5.2,31.1,34.7,40.5,41.4,43.0,53.0,50.4,48.7
2025-01-25 07:00:00,,,,,,,,,,,,,,,,,,,,29.7,26.9,8.7,5.2,31.1,34.7,40.5,41.4,43.0,53.0,50.4,48.7
2025-01-25 08:00:00,,,,,,,,,,,,,,,,,,,,29.7,26.9,8.7,5.2,31.1,34.7,40.5,41.4,42.9,53.0,50.4,48.7
2025-01-25 09:00:00,,,,,,,,,,,,,,,,,,,,29.7,26.9,8.7,5.2,31.1,34.7,40.4,41.4,42.9,53.0,50.4,48.7
2025-01-25 10:00:00,,,,,,,,,,,,,,,,,,,,29.6,26.8,8.7,5.2,31.1,34.7,40.4,41.3,42.9,52.9,50.4,48.7
2025-01-25 11:00:00,,,,,,,,,,,,,,,,,,,,29.6,26.7,8.7,5.2,31.1,34.7,40.4,41.3,42.9,52.9,50.4,48.7
2025-01-25 12:00:00,,,,,,,,,,,,,,,,,,,,29.4,26.6,8.7,5.2,31.1,34.7,40.4,41.2,42.9,52.9,50.4,48.7
2025-01-25 13:00:00,,,,,,,,,,,,,,,,,,,,29.3,26.5,8.7,5.2,31.1,34.7,40.4,41.2,42.9,52.9,50.4,48.7
2025-01-25 14:00:00,,,,,,,,,,,,,,,,,,,,29.2,26.5,8.7,5.2,31.1,34.6,40.3,41.2,42.9,52.9,50.4,48.7
2025-01-25 15:00:00,,,,,,,,,,,,,,,,,,,,29.2,26.5,8.7,5.2,31.1,34.6,40.3,41.1,42.8,52.9,50.4,48.7
2025-01-25 16:00:00,,,,,,,,,,,,,,,,,,,,29.1,26.4,8.7,5.2,31.1,34.6,40.3,41.1,42.8,52.9,50.4,48.7
2025-01-25 17:00:00,,,,,,,,,,,,,,,,,,,,29.1,26.4,8.7,5.2,31.1,34.6,40.3,41.1,42.8,52.9,50.4,48.6
2025-01-25 18:00:00,,,,,,,,,,,,,,,,,,,,29.1,26.4,8.6,5.2,31.1,34.6,40.3,41.1,42.8,52.9,50.3,48.6
2025-01-25 19:00:00,,,,,,,,,,,,,,,,,,,,29.1,26.4,8.6,5.2,31.1,34.6,40.3,41.1,42.8,52.9,50.3,48.6
2025-01-25 20:00:00,,,,,,,,,,,,,,,,,,,,29.0,26.4,8.6,5.2,31.1,34.6,40.3,41.1,42.8,52.9,50.3,48.6
2025-01-25 21:00:00,,,,,,,,,,,,,,,,,,,,29.0,26.3,8.6,5.2,31.1,34.6,40.3,41.1,42.8,52.9,50.3,48.6
2025-01-25 22:00:00,,,,,,,,,,,,,,,,,,,,29.0,26.3,8.6,5.2,31.1,34.6,40.3,41.1,42.7,52.8,50.3,48.6
2025-01-25 23:00:00,,,,,,,,,,,,,,,,,,,,28.9,26.3,8.6,5.2,31.1,34.6,40.2,41.1,42.7,52.9,50.3,48.6
2025-01-26 01:00:00,,,,,,,,,,,,,,,,,,,,28.9,26.3,8.6,5.2,31.1,34.6,40.2,41.1,42.7,52.8,50.3,48.6
2025-01-26 02:00:00,,,,,,,,,,,,,,,,,,,,28.8,26.3,8.6,5.2,31.1,34.6,40.2,41.1,42.7,52.8,50.3,48.6
2025-01-26 03:00:00,,,,,,,,,,,,,,,,,,,,28.8,26.2,8.6,5.2,31.1,34.6,40.2,41.1,42.7,52.8,50.3,48.6
2025-01-26 04:00:00,,,,,,,,,,,,,,,,,,,,28.7,26.2,8.6,5.2,31.0,34.6,40.2,41.1,42.7,52.8,50.3,48.6
2025-01-26 05:00:00,,,,,,,,,,,,,,,,,,,,28.8,26.2,8.6,5.2,31.0,34.6,40.2,41.1,42.7,52.8,50.3,48.6
2025-01-26 06:00:00,,,,,,,,,,,,,,,,,,,,28.7,26.2,8.6,5.2,31.0,34.5,40.2,41.1,42.7,52.8,50.3,48.6
2025-01-26 07:00:00,,,,,,,,,,,,,,,,,,,,28.6,26.2,8.6,5.2,31.0,34.5,40.2,41.1,42.7,52.8,50.3,48.6
2025-01-26 08:00:00,,,,,,,,,,,,,,,,,,,,28.6,26.2,8.6,5.2,31.0,34.5,40.2,41.1,42.7,52.8,50.3,48.6
2025-01-26 09:00:00,,,,,,,,,,,,,,,,,,,,28.6,26.1,8.6,5.2,31.0,34.5,40.2,41.0,42.6,52.8,50.3,48.6
2025-01-26 10:00:00,,,,,,,,,,,,,,,,,,,,28.5,26.0,8.6,5.2,31.0,34.5,40.1,40.9,42.6,52.7,50.2,48.6
2025-01-26 11:00:00,,,,,,,,,,,,,,,,,,,,28.3,25.9,8.6,5.2,30.9,34.5,40.1,40.9,42.5,52.7,50.2,48.6
2025-01-26 12:00:00,,,,,,,,,,,,,,,,,,,,28.2,25.7,8.6,5.2,30.9,34.4,40.0,40.8,42.5,52.7,50.2,48.6
2025-01-26 13:00:00,,,,,,,,,,,,,,,,,,,,28.1,25.7,8.6,5.2,30.9,34.4,40.0,40.8,42.5,52.7,50.2,48.6
2025-01-26 14:00:00,,,,,,,,,,,,,,,,,,,,28.1,25.6,8.6,5.2,30.9,34.4,40.0,40.7,42.5,52.7,50.2,48.6
2025-01-26 15:00:00,,,,,,,,,,,,,,,,,,,,28.0,25.6,8.6,5.2,30.9,34.4,40.0,40.7,42.4,52.7,50.2,48.6
2025-01-26 16:00:00,,,,,,,,,,,,,,,,,,,,28.0,25.6,8.6,5.2,30.8,34.4,39.9,40.7,42.4,52.7,50.2,48.6
2025-01-26 17:00:00,,,,,,,,,,,,,,,,,,,,27.9,25.5,8.6,5.2,30.8,34.4,39.9,40.7,42.4,52.7,50.2,48.6
2025-01-26 18:00:00,,,,,,,,,,,,,,,,,,,,27.9,25.5,8.6,5.2,30.8,34.4,39.9,40.7,42.4,52.7,50.2,48.6
2025-01-26 19:00:00,,,,,,,,,,,,,,,,,,,,27.9,25.5,8.6,5.2,30.8,34.4,39.9,40.6,42.4,52.7,50.2,48.6
2025-01-26 20:00:00,,,,,,,,,,,,,,,,,,,,27.9,25.5,8.6,5.2,30.8,34.4,39.9,40.6,42.4,52.7,50.1,48.6
2025-01-26 21:00:00,,,,,,,,,,,,,,,,,,,,27.8,25.4,8.6,5.1,30.8,34.4,39.9,40.6,42.3,52.7,50.1,48.6
2025-01-26 22:00:00,,,,,,,,,,,,,,,,,,,,27.8,25.4,8.5,5.1,30.8,34.4,39.9,40.6,42.3,52.6,50.1,48.6
2025-01-26 23:00:00,,,,,,,,,,,,,,,,,,,,27.8,25.4,8.5,5.1,30.8,34.4,39.9,40.6,42.3,52.6,50.1,48.6
2025-01-27 01:00:00,,,,,,,,,,,,,,,,,,,,27.7,25.4,8.5,5.1,30.8,34.3,39.9,40.6,42.3,52.6,50.1,48.6
2025-01-27 02:00:00,,,,,,,,,,,,,,,,,,,,27.7,25.3,8.5,5.1,30.8,34.3,39.9,40.6,42.3,52.6,50.1,48.6
2025-01-27 03:00:00,,,,,,,,,,,,,,,,,,,,27.7,25.3,8.5,5.1,30.8,34.3,39.9,40.6,42.3,52.6,50.1,48.6
2025-01-27 04:00:00,,,,,,,,,,,,,,,,,,,,27.7,25.4,8.5,5.1,30.8,34.3,39.9,40.6,42.3,52.6,50.1,48.6
2025-01-27 05:00:00,,,,,,,,,,,,,,,,,,,,27.7,25.3,8.5,5.1,30.8,34.3,39.8,40.6,42.3,52.6,50.1,48.6
2025-01-27 06:00:00,,,,,,,,,,,,,,,,,,,,27.7,25.3,8.5,5.1,30.8,34.3,39.8,40.6,42.3,52.6,50.1,48.6
2025-01-27 07:00:00,,,,,,,,,,,,,,,,,,,,27.6,25.3,8.5,5.1,30.8,34.3,39.8,40.6,42.3,52.6,50.1,48.6
2025-01-27 08:00:00,,,,,,,,,,,,,,,,,,,,27.6,25.2,8.5,5.1,30.8,34.3,39.8,40.6,42.3,52.6,50.1,48.6
2025-01-27 09:00:00,,,,,,,,,,,,,,,,,,,,27.6,25.3,8.5,5.2,30.7,34.2,39.8,40.6,42.3,52.6,50.1,48.6
2025-01-27 10:00:00,,,,,,,,,,,,,,,,,,,,27.5,25.2,8.5,5.2,30.7,34.2,39.8,40.6,42.3,52.6,50.1,48.6
2025-01-27 11:00:00,,,,,,,,,,,,,,,,,,,,27.5,25.2,8.5,5.2,30.7,34.2,39.8,40.6,42.3,52.6,50.1,48.6
2025-01-27 12:00:00,,,,,,,,,,,,,,,,,,,,27.5,25.2,8.5,5.2,30.7,34.2,39.7,40.6,42.3,52.6,50.0,48.6
2025-01-27 13:00:00,,,,,,,,,,,,,,,,,,,,27.5,25.2,8.5,5.2,30.7,34.2,39.7,40.6,42.3,52.6,50.0,48.6
2025-01-27 14:00:00,,,,,,,,,,,,,,,,,,,,27.5,25.2,8.5,5.2,30.7,34.2,39.7,40.6,42.3,52.6,50.0,48.5
2025-01-27 15:00:00,,,,,,,,,,,,,,,,,,,,27.5,25.2,8.5,5.2,30.7,34.2,39.7,40.6,42.3,52.6,50.0,48.6
2025-01-27 16:00:00,,,,,,,,,,,,,,,,,,,,27.5,25.2,8.5,5.2,30.7,34.2,39.7,40.6,42.3,52.6,50.0,48.5
2025-01-27 17:00:00,,,,,,,,,,,,,,,,,,,,27.8,25.2,8.5,5.2,30.7,34.2,39.7,40.6,42.3,52.6,50.0,48.5
2025-01-27 18:00:00,,,,,,,,,,,,,,,,,,,,29.5,25.2,8.5,5.2,30.7,34.2,39.7,40.6,42.2,52.6,50.0,48.5
2025-01-27 19:00:00,,,,,,,,,,,,,,,,,,,,30.3,25.2,8.5,5.2,30.7,34.2,39.7,40.6,42.2,52.6,50.0,48.5
2025-01-27 20:00:00,,,,,,,,,,,,,,,,,,,,30.8,25.1,8.5,5.1,30.7,34.2,39.7,40.6,42.2,52.6,50.0,48.5
2025-01-27 21:00:00,,,,,,,,,,,,,,,,,,,,31.4,25.2,8.5,5.1,30.7,34.2,39.7,40.5,42.2,52.6,50.0,48.5
2025-01-27 22:00:00,,,,,,,,,,,,,,,,,,,,31.5,25.1,8.5,5.1,30.7,34.2,39.7,40.6,42.2,52.6,50.0,48.5
2025-01-27 23:00:00,,,,,,,,,,,,,,,,,,,,31.5,25.2,8.5,5.1,30.7,34.2,39.7,40.5,42.3,52.5,50.0,48.5
2025-01-28 01:00:00,,,,,,,,,,,,,,,,,,,,31.4,25.1,8.5,5.1,30.6,34.2,39.6,40.5,42.3,52.5,50.0,48.5
2025-01-28 02:00:00,,,,,,,,,,,,,,,,,,,,31.4,25.1,8.5,5.1,30.6,34.2,39.6,40.5,42.3,52.5,50.0,48.5
2025-01-28 03:00:00,,,,,,,,,,,,,,,,,,,,31.4,25.1,8.5,5.1,30.6,34.1,39.6,40.5,42.3,52.5,50.0,48.5
2025-01-28 04:00:00,,,,,,,,,,,,,,,,,,,,31.3,25.1,8.4,5.1,30.6,34.1,39.6,40.5,42.3,52.5,50.0,48.5
2025-01-28 05:00:00,,,,,,,,,,,,,,,,,,,,31.3,25.1,8.5,5.1,30.6,34.1,39.6,40.5,42.2,52.5,50.0,48.5
2025-01-28 06:00:00,,,,,,,,,,,,,,,,,,,,31.3,25.1,8.5,5.1,30.6,34.1,39.6,40.5,42.2,52.5,50.0,48.5
2025-01-28 07:00:00,,,,,,,,,,,,,,,,,,,,31.3,25.1,8.5,5.1,30.6,34.1,39.6,40.5,42.2,52.5,50.0,48.5
2025-01-28 08:00:00,,,,,,,,,,,,,,,,,,,,31.2,25.1,8.5,5.1,30.6,34.1,39.6,40.5,42.2,52.5,50.0,48.5
2025-01-28 09:00:00,,,,,,,,,,,,,,,,,,,,31.2,25.1,8.5,5.1,30.6,34.1,39.6,40.5,42.2,52.5,49.9,48.5
2025-01-28 10:00:00,,,,,,,,,,,,,,,,,,,,31.2,25.1,8.5,5.1,30.6,34.1,39.6,40.5,42.2,52.5,49.9,48.5
2025-01-28 11:00:00,,,,,,,,,,,,,,,,,,,,31.1,25.1,8.5,5.1,30.5,34.1,39.5,40.4,42.2,52.5,49.9,48.5
2025-01-28 12:00:00,,,,,,,,,,,,,,,,,,,,31.0,25.1,8.5,5.1,30.6,34.1,39.5,40.3,42.2,52.4,49.9,48.5
2025-01-28 13:00:00,,,,,,,,,,,,,,,,,,,,31.0,25.0,8.5,5.1,30.6,34.1,39.5,40.3,42.1,52.4,49.9,48.5
2025-01-28 14:00:00,,,,,,,,,,,,,,,,,,,,30.8,25.0,8.5,5.1,30.5,34.0,39.5,40.2,42.1,52.4,49.9,48.5
2025-01-28 15:00:00,,,,,,,,,,,,,,,,,,,,30.8,25.0,8.5,5.1,30.5,34.0,39.4,40.1,42.1,52.4,49.9,48.5
2025-01-28 16:00:00,,,,,,,,,,,,,,,,,,,,30.7,24.9,8.5,5.1,30.5,34.0,39.3,40.1,42.0,52.4,49.9,48.5
2025-01-28 17:00:00,,,,,,,,,,,,,,,,,,,,30.6,25.0,8.5,5.1,30.5,34.0,39.3,40.1,42.0,52.3,49.9,48.5
2025-01-28 18:00:00,,,,,,,,,,,,,,,,,,,,30.7,25.0,8.5,5.1,30.5,34.0,39.3,40.0,42.0,52.3,49.8,48.5
2025-01-28 19:00:00,,,,,,,,,,,,,,,,,,,,30.6,25.0,8.5,5.1,30.5,34.0,39.3,40.0,42.0,52.3,49.8,48.4
2025-01-28 20:00:00,,,,,,,,,,,,,,,,,,,,30.6,25.0,8.5,5.1,30.5,34.0,39.3,40.0,42.0,52.3,49.8,48.4
2025-01-28 21:00:00,,,,,,,,,,,,,,,,,,,,30.6,24.9,8.5,5.1,30.5,34.0,39.3,40.0,42.0,52.3,49.8,48.5
2025-01-28 22:00:00,,,,,,,,,,,,,,,,,,,,30.5,24.9,8.5,5.1,30.4,33.9,39.2,40.0,41.9,52.3,49.8,48.4
2025-01-28 23:00:00,,,,,,,,,,,,,,,,,,,,30.6,24.9,8.5,5.1,30.4,33.9,39.2,40.0,41.9,52.3,49.8,48.4
2025-01-29 01:00:00,,,,,,,,,,,,,,,,,,,,30.5,25.0,8.5,5.1,30.4,33.9,39.2,40.0,41.9,52.2,49.8,48.5
2025-01-29 02:00:00,,,,,,,,,,,,,,,,,,,,30.5,25.0,8.5,5.1,30.4,33.9,39.2,40.0,41.9,52.2,49.8,48.5
2025-01-29 03:00:00,,,,,,,,,,,,,,,,,,,,30.5,25.0,8.5,5.1,30.4,33.9,39.2,40.0,41.9,52.2,49.8,48.4
2025-01-29 04:00:00,,,,,,,,,,,,,,,,,,,,30.4,24.9,8.5,5.1,30.4,33.9,39.2,40.0,41.9,52.2,49.8,48.4
2025-01-29 05:00:00,,,,,,,,,,,,,,,,,,,,30.4,24.9,8.5,5.1,30.4,33.9,39.2,40.0,41.9,52.2,49.8,48.4
2025-01-29 06:00:00,,,,,,,,,,,,,,,,,,,,30.4,25.0,8.5,5.1,30.4,33.9,39.1,40.0,41.9,52.2,49.8,48.4
2025-01-29 07:00:00,,,,,,,,,,,,,,,,,,,,30.3,25.0,8.4,5.1,30.4,33.9,39.1,39.9,41.8,52.2,49.8,48.4
2025-01-29 08:00:00,,,,,,,,,,,,,,,,,,,,30.3,25.0,8.4,5.1,30.4,33.8,39.1,39.9,41.9,52.2,49.7,48.4
2025-01-29 09:00:00,,,,,,,,,,,,,,,,,,,,30.3,25.0,8.4,5.1,30.4,33.8,39.1,39.9,41.9,52.2,49.7,48.4
2025-01-29 10:00:00,,,,,,,,,,,,,,,,,,,,30.3,25.0,8.5,5.1,30.4,33.8,39.1,39.9,41.8,52.2,49.7,48.4
2025-01-29 11:00:00,,,,,,,,,,,,,,,,,,,,30.3,25.0,8.5,5.1,30.4,33.8,39.1,39.8,41.8,52.2,49.7,48.4
2025-01-29 12:00:00,,,,,,,,,,,,,,,,,,,,30.2,24.9,8.4,5.1,30.3,33.8,39.0,39.8,41.7,52.1,49.7,48.4
2025-01-29 13:00:00,,,,,,,,,,,,,,,,,,,,30.1,24.9,8.4,5.1,30.3,33.8,39.0,39.7,41.7,52.1,49.7,48.4
2025-01-29 14:00:00,,,,,,,,,,,,,,,,,,,,30.1,24.9,8.4,5.1,30.3,33.8,39.0,39.7,41.7,52.1,49.7,48.4
2025-01-29 15:00:00,,,,,,,,,,,,,,,,,,,,30.0,24.9,8.4,5.1,30.3,33.8,39.0,39.7,41.7,52.1,49.7,48.4
2025-01-29 16:00:00,,,,,,,,,,,,,,,,,,,,30.0,24.9,8.4,5.1,30.3,33.7,38.9,39.6,41.7,52.0,49.6,48.4
2025-01-29 17:00:00,,,,,,,,,,,,,,,,,,,,30.0,24.8,8.4,5.1,30.3,33.7,38.9,39.5,41.6,52.0,49.6,48.4
2025-01-29 18:00:00,,,,,,,,,,,,,,,,,,,,29.9,24.8,8.4,5.1,30.3,33.7,38.8,39.5,41.6,52.0,49.6,48.4
2025-01-29 19:00:00,,,,,,,,,,,,,,,,,,,,29.9,24.8,8.4,5.1,30.3,33.7,38.8,39.5,41.6,52.0,49.6,48.4
2025-01-29 20:00:00,,,,,,,,,,,,,,,,,,,,29.9,24.8,8.4,5.1,30.2,33.7,38.9,39.5,41.6,52.0,49.6,48.4
2025-01-29 21:00:00,,,,,,,,,,,,,,,,,,,,29.9,24.9,8.4,5.1,30.2,33.6,38.8,39.6,41.7,52.0,49.6,48.4
2025-01-29 22:00:00,,,,,,,,,,,,,,,,,,,,29.9,24.9,8.4,5.1,30.2,33.7,38.8,39.5,41.6,52.0,49.6,48.4
2025-01-29 23:00:00,,,,,,,,,,,,,,,,,,,,29.8,24.9,8.4,5.1,30.2,33.7,38.8,39.5,41.6,51.9,49.6,48.4
2025-01-30 01:00:00,,,,,,,,,,,,,,,,,,,,29.8,24.9,8.4,5.1,30.2,33.6,38.7,39.5,41.6,51.9,49.5,48.3
2025-01-30 02:00:00,,,,,,,,,,,,,,,,,,,,29.8,24.9,8.4,5.1,30.2,33.6,38.7,39.5,41.6,51.9,49.5,48.3
2025-01-30 03:00:00,,,,,,,,,,,,,,,,,,,,29.7,24.9,8.4,5.1,30.2,33.6,38.7,39.5,41.5,51.9,49.5,48.3
2025-01-30 04:00:00,,,,,,,,,,,,,,,,,,,,29.7,24.9,8.4,5.1,30.2,33.6,38.7,39.4,41.5,51.9,49.5,48.3
2025-01-30 05:00:00,,,,,,,,,,,,,,,,,,,,29.7,24.9,8.4,5.1,30.1,33.6,38.7,39.4,41.5,51.9,49.5,48.3
2025-01-30 06:00:00,,,,,,,,,,,,,,,,,,,,29.7,24.9,8.4,5.1,30.1,33.6,38.6,39.4,41.5,51.9,49.5,48.3
2025-01-30 07:00:00,,,,,,,,,,,,,,,,,,,,29.7,24.9,8.4,5.1,30.1,33.6,38.6,39.4,41.5,51.9,49.5,48.3
2025-01-30 08:00:00,,,,,,,,,,,,,,,,,,,,29.7,24.9,8.4,5.1,30.2,33.5,38.6,39.4,41.5,51.9,49.5,48.3
2025-01-30 09:00:00,,,,,,,,,,,,,,,,,,,,29.7,24.9,8.4,5.1,30.2,33.5,38.6,39.4,41.5,51.8,49.5,48.3
2025-01-30 10:00:00,,,,,,,,,,,,,,,,,,,,29.6,24.9,8.4,5.1,30.2,33.5,38.5,39.3,41.5,51.8,49.5,48.3
2025-01-30 11:00:00,,,,,,,,,,,,,,,,,,,,29.5,24.9,8.4,5.1,30.2,33.5,38.5,39.3,41.4,51.8,49.4,48.3
2025-01-30 12:00:00,,,,,,,,,,,,,,,,,,,,29.5,24.9,8.4,5.1,30.1,33.4,38.5,39.2,41.4,51.8,49.4,48.3
2025-01-30 13:00:00,,,,,,,,,,,,,,,,,,,,29.4,24.8,8.4,5.1,30.1,33.4,38.4,39.1,41.3,51.7,49.4,48.3
2025-01-30 14:00:00,,,,,,,,,,,,,,,,,,,,29.3,24.7,8.4,5.1,30.1,33.4,38.4,39.0,41.3,51.7,49.4,48.3
2025-01-30 15:00:00,,,,,,,,,,,,,,,,,,,,29.1,24.6,8.4,5.1,30.0,33.4,38.4,39.0,41.2,51.7,49.4,48.3
2025-01-30 16:00:00,,,,,,,,,,,,,,,,,,,,29.1,24.6,8.4,5.1,30.0,33.4,38.4,39.0,41.2,51.7,49.3,48.3
2025-01-30 17:00:00,,,,,,,,,,,,,,,,,,,,29.1,24.6,8.4,5.0,30.0,33.4,38.3,39.0,41.2,51.7,49.3,48.3
2025-01-30 18:00:00,,,,,,,,,,,,,,,,,,,,29.0,24.6,8.4,5.0,30.0,33.3,38.3,38.9,41.2,51.7,49.3,48.3
2025-01-30 19:00:00,,,,,,,,,,,,,,,,,,,,29.1,24.6,8.4,5.0,30.0,33.3,38.2,38.9,41.2,51.7,49.3,48.3
2025-01-30 20:00:00,,,,,,,,,,,,,,,,,,,,29.0,24.6,8.4,5.1,30.0,33.3,38.2,38.9,41.1,51.6,49.3,48.3
2025-01-30 21:00:00,,,,,,,,,,,,,,,,,,,,29.0,24.6,8.4,5.1,30.0,33.3,38.2,38.9,41.1,51.6,49.3,48.3
2025-01-30 22:00:00,,,,,,,,,,,,,,,,,,,,29.0,24.6,8.4,5.1,30.0,33.3,38.2,38.9,41.1,51.6,49.2,48.3
2025-01-30 23:00:00,,,,,,,,,,,,,,,,,,,,28.9,24.6,8.4,5.1,29.9,33.3,38.1,38.8,41.0,51.6,49.2,48.3
2025-01-31 01:00:00,,,,,,,,,,,,,,,,,,,,28.9,24.6,8.4,5.1,29.9,33.2,38.1,38.8,41.1,51.6,49.2,48.2
2025-01-31 02:00:00,,,,,,,,,,,,,,,,,,,,28.9,24.6,8.4,5.1,29.9,33.2,38.1,38.8,41.1,51.6,49.2,48.2
2025-01-31 03:00:00,,,,,,,,,,,,,,,,,,,,28.9,24.6,8.4,5.1,29.9,33.2,38.1,38.8,41.1,51.6,49.2,48.2
2025-01-31 04:00:00,,,,,,,,,,,,,,,,,,,,28.9,24.6,8.4,5.1,29.9,33.2,38.0,38.8,41.1,51.6,49.2,48.2
2025-01-31 05:00:00,,,,,,,,,,,,,,,,,,,,28.8,24.6,8.4,5.1,29.9,33.2,38.0,38.8,41.1,51.6,49.2,48.2
2025-01-31 06:00:00,,,,,,,,,,,,,,,,,,,,29.6,24.5,8.4,5.1,29.9,33.2,38.0,38.8,41.1,51.5,49.2,48.2
2025-01-31 07:00:00,,,,,,,,,,,,,,,,,,,,31.5,24.5,8.4,5.1,29.9,33.2,38.0,38.8,41.1,51.5,49.2,48.2
2025-01-31 08:00:00,,,,,,,,,,,,,,,,,,,,32.4,24.5,8.4,5.1,29.9,33.2,38.0,38.8,41.1,51.5,49.2,48.2
2025-01-31 09:00:00,,,,,,,,,,,,,,,,,,,,32.9,24.6,8.4,5.1,29.9,33.2,38.0,38.8,41.0,51.5,49.2,48.2
2025-01-31 10:00:00,,,,,,,,,,,,,,,,,,,,33.0,24.5,8.4,5.1,29.9,33.1,38.0,38.8,41.0,51.5,49.2,48.2
2025-01-31 11:00:00,,,,,,,,,,,,,,,,,,,,33.0,24.6,8.4,5.1,29.9,33.1,38.0,38.7,41.0,51.5,49.2,48.2
2025-01-31 12:00:00,,,,,,,,,,,,,,,,,,,,33.1,24.6,8.4,5.1,29.9,33.1,38.0,38.7,41.0,51.5,49.1,48.2
2025-01-31 13:00:00,,,,,,,,,,,,,,,,,,,,33.2,24.6,8.4,5.1,29.8,33.1,38.0,38.7,41.0,51.5,49.1,48.2
2025-01-31 14:00:00,,,,,,,,,,,,,,,,,,,,33.2,24.6,8.4,5.1,29.8,33.1,37.9,38.7,41.0,51.5,49.1,48.2
2025-01-31 15:00:00,,,,,,,,,,,,,,,,,,,,34.0,24.6,8.4,5.1,29.8,33.1,37.9,38.7,41.0,51.5,49.2,48.2
2025-01-31 16:00:00,,,,,,,,,,,,,,,,,,,,34.2,24.6,8.4,5.1,29.8,33.1,37.9,38.7,41.0,51.4,49.1,48.2
2025-01-31 17:00:00,,,,,,,,,,,,,,,,,,,,34.3,24.6,8.3,5.1,29.8,33.1,37.9,38.7,41.0,51.5,49.2,48.2
2025-01-31 18:00:00,,,,,,,,,,,,,,,,,,,,34.5,24.6,8.3,5.1,29.8,33.0,37.9,38.7,41.0,51.5,49.2,48.3
2025-01-31 19:00:00,,,,,,,,,,,,,,,,,,,,35.5,24.6,8.4,5.1,29.8,33.0,37.9,38.7,41.0,51.5,49.1,48.3
2025-01-31 20:00:00,,,,,,,,,,,,,,,,,,,,36.1,24.7,8.4,5.1,29.8,33.0,37.9,38.7,41.0,51.5,49.1,48.3
2025-01-31 21:00:00,,,,,,,,,,,,,,,,,,,,39.4,25.0,8.4,5.1,29.8,33.0,37.9,38.7,41.0,51.5,49.1,48.3
2025-01-31 22:00:00,,,,,,,,,,,,,,,,,,,,42.1,26.9,8.4,5.0,29.8,33.0,37.9,38.7,41.0,51.5,49.1,48.3
2025-01-31 23:00:00,,,,,,,,,,,,,,,,,,,,41.3,32.3,8.4,5.0,29.8,33.0,37.9,38.7,41.0,51.5,49.1,48.3
2025-02-01 01:00:00,,,,,,,,,,,,,,,,,,,,43.3,39.6,10.7,5.6,29.9,33.0,37.8,38.7,41.0,51.5,49.1,48.3
2025-02-01 02:00:00,,,,,,,,,,,,,,,,,,,,41.8,38.7,11.1,6.0,30.5,33.0,37.8,38.8,41.0,51.5,49.1,48.3
2025-02-01 03:00:00,,,,,,,,,,,,,,,,,,,,40.8,38.0,11.0,6.0,30.6,33.0,37.8,38.8,41.0,51.5,49.1,48.3
2025-02-01 04:00:00,,,,,,,,,,,,,,,,,,,,40.2,37.4,10.9,5.9,30.6,33.0,37.8,38.8,41.0,51.5,49.1,48.2
2025-02-01 05:00:00,,,,,,,,,,,,,,,,,,,,40.2,37.2,10.8,5.9,30.6,33.0,37.8,38.8,41.0,51.5,49.1,48.2
2025-02-01 06:00:00,,,,,,,,,,,,,,,,,,,,43.1,38.0,10.8,5.9,30.6,33.0,37.8,38.8,41.0,51.5,49.1,48.2
2025-02-01 07:00:00,,,,,,,,,,,,,,,,,,,,41.5,38.6,11.2,6.0,30.6,33.0,37.8,38.8,41.0,51.5,49.1,48.2
2025-02-01 08:00:00,,,,,,,,,,,,,,,,,,,,40.7,38.0,11.2,6.0,30.7,33.0,37.8,38.8,41.0,51.4,49.1,48.2
2025-02-01 09:00:00,,,,,,,,,,,,,,,,,,,,40.3,37.5,11.1,6.0,30.6,33.0,37.8,38.8,41.0,51.4,49.1,48.2
2025-02-01 10:00:00,,,,,,,,,,,,,,,,,,,,41.4,37.7,11.1,5.9,30.5,33.0,37.8,38.8,41.0,51.4,49.1,48.2
2025-02-01 11:00:00,,,,,,,,,,,,,,,,,,,,40.8,37.7,11.1,5.9,30.5,33.0,37.8,38.8,41.0,51.4,49.1,48.2
2025-02-01 12:00:00,,,,,,,,,,,,,,,,,,,,40.3,37.4,11.1,6.0,30.5,33.0,37.8,38.8,41.0,51.4,49.1,48.2
2025-02-01 13:00:00,,,,,,,,,,,,,,,,,,,,39.9,37.1,11.1,6.0,30.5,32.9,37.8,38.7,41.0,51.4,49.0,48.2
2025-02-01 14:00:00,,,,,,,,,,,,,,,,,,,,39.7,36.7,11.0,5.9,30.5,32.9,37.8,38.7,40.9,51.4,49.0,48.2
2025-02-01 15:00:00,,,,,,,,,,,,,,,,,,,,39.5,36.5,11.0,5.9,30.5,32.9,37.7,38.7,40.9,51.4,49.0,48.2
2025-02-01 16:00:00,,,,,,,,,,,,,,,,,,,,39.3,36.4,11.0,5.9,30.4,32.9,37.7,38.7,40.9,51.4,49.0,48.1
2025-02-01 17:00:00,,,,,,,,,,,,,,,,,,,,39.1,36.2,10.8,5.9,30.4,32.9,37.7,38.7,40.9,51.4,49.0,48.1
2025-02-01 18:00:00,,,,,,,,,,,,,,,,,,,,39.0,36.0,10.8,5.9,30.4,32.9,37.7,38.7,40.9,51.4,49.0,48.1
2025-02-01 19:00:00,,,,,,,,,,,,,,,,,,,,38.8,35.9,10.8,5.9,30.4,32.9,37.7,38.7,40.9,51.4,49.0,48.1
2025-02-01 20:00:00,,,,,,,,,,,,,,,,,,,,38.6,35.8,10.8,5.8,30.4,32.9,37.7,38.7,40.9,51.4,49.0,48.1
2025-02-01 21:00:00,,,,,,,,,,,,,,,,,,,,38.6,35.7,10.8,5.8,30.4,32.9,37.7,38.7,40.9,51.3,49.0,48.1
2025-02-01 22:00:00,,,,,,,,,,,,,,,,,,,,38.5,35.6,10.7,5.8,30.4,32.9,37.7,38.7,40.9,51.3,49.0,48.1
2025-02-01 23:00:00,,,,,,,,,,,,,,,,,,,,38.4,35.5,10.7,5.8,30.4,32.9,37.7,38.7,40.9,51.3,49.0,48.1
2025-02-02 01:00:00,,,,,,,,,,,,,,,,,,,,38.2,35.3,10.6,5.9,30.4,32.8,37.7,38.7,40.9,51.3,48.9,48.1
2025-02-02 02:00:00,,,,,,,,,,,,,,,,,,,,38.2,35.2,10.6,5.9,30.4,32.8,37.6,38.7,40.9,51.3,48.9,48.1
2025-02-02 03:00:00,,,,,,,,,,,,,,,,,,,,38.2,35.2,10.6,5.9,30.4,32.8,37.6,38.7,40.9,51.3,48.9,48.1
2025-02-02 04:00:00,,,,,,,,,,,,,,,,,,,,38.0,35.1,10.6,5.9,30.4,32.8,37.6,38.7,40.9,51.3,48.9,48.1
2025-02-02 05:00:00,,,,,,,,,,,,,,,,,,,,38.0,35.1,10.6,5.9,30.4,32.8,37.6,38.6,40.9,51.3,48.9,48.1
2025-02-02 06:00:00,,,,,,,,,,,,,,,,,,,,37.9,35.0,10.6,5.9,30.4,32.9,37.6,38.6,40.9,51.3,48.9,48.1
2025-02-02 07:00:00,,,,,,,,,,,,,,,,,,,,37.9,35.0,10.6,5.8,30.4,32.9,37.6,38.6,40.9,51.3,48.9,48.1
2025-02-02 08:00:00,,,,,,,,,,,,,,,,,,,,37.9,34.9,10.6,5.8,30.4,32.9,37.6,38.6,40.9,51.3,48.9,48.1
2025-02-02 09:00:00,,,,,,,,,,,,,,,,,,,,37.7,34.8,10.6,5.9,30.4,32.9,37.6,38.6,40.8,51.3,48.9,48.1
2025-02-02 10:00:00,,,,,,,,,,,,,,,,,,,,37.6,34.8,10.5,5.8,30.4,32.8,37.6,38.6,40.8,51.3,48.9,48.1
2025-02-02 11:00:00,,,,,,,,,,,,,,,,,,,,37.6,34.6,10.5,5.8,30.4,32.8,37.6,38.5,40.8,51.3,48.9,48.1
2025-02-02 12:00:00,,,,,,,,,,,,,,,,,,,,37.5,34.6,10.5,5.8,30.4,32.8,37.6,38.5,40.8,51.3,48.9,48.1
2025-02-02 13:00:00,,,,,,,,,,,,,,,,,,,,37.4,34.5,10.5,5.8,30.4,32.8,37.6,38.5,40.7,51.3,48.8,48.1
2025-02-02 14:00:00,,,,,,,,,,,,,,,,,,,,37.4,34.5,10.5,5.8,30.4,32.8,37.5,38.5,40.7,51.3,48.8,48.1
2025-02-02 15:00:00,,,,,,,,,,,,,,,,,,,,37.2,34.3,10.5,5.9,30.4,32.8,37.5,38.4,40.7,51.3,48.8,48.1
2025-02-02 16:00:00,,,,,,,,,,,,,,,,,,,,37.1,34.3,10.5,5.8,30.4,32.8,37.5,38.4,40.7,51.3,48.8,48.2
2025-02-02 17:00:00,,,,,,,,,,,,,,,,,,,,37.2,34.2,10.5,5.9,30.4,32.8,37.5,38.4,40.7,51.3,48.8,48.2
2025-02-02 18:00:00,,,,,,,,,,,,,,,,,,,,37.1,34.2,10.4,5.9,30.4,32.8,37.5,38.4,40.7,51.3,48.8,48.2
2025-02-02 19:00:00,,,,,,,,,,,,,,,,,,,,37.0,34.1,10.4,5.9,30.4,32.8,37.5,38.4,40.7,51.3,48.8,48.1
2025-02-02 20:00:00,,,,,,,,,,,,,,,,,,,,37.0,34.1,10.4,5.9,30.4,32.8,37.5,38.4,40.7,51.3,48.8,48.2
2025-02-02 21:00:00,,,,,,,,,,,,,,,,,,,,37.0,34.0,10.4,5.9,30.4,32.8,37.5,38.4,40.7,51.3,48.8,48.2
2025-02-02 22:00:00,,,,,,,,,,,,,,,,,,,,37.2,34.0,10.4,5.9,30.4,32.8,37.5,38.4,40.7,51.3,48.8,48.2
2025-02-02 23:00:00,,,,,,,,,,,,,,,,,,,,37.2,34.0,10.4,5.9,30.4,32.8,37.5,38.4,40.7,51.2,48.8,48.2
2025-02-03 01:00:00,,,,,,,,,,,,,,,,,,,,37.3,34.1,10.4,5.9,30.4,32.8,37.5,38.4,40.7,51.3,48.8,48.2
2025-02-03 02:00:00,,,,,,,,,,,,,,,,,,,,37.2,34.0,10.4,5.9,30.4,32.8,37.5,38.4,40.7,51.2,48.8,48.2
2025-02-03 03:00:00,,,,,,,,,,,,,,,,,,,,37.3,34.0,10.4,5.9,30.4,32.8,37.5,38.4,40.7,51.3,48.8,48.2
2025-02-03 04:00:00,,,,,,,,,,,,,,,,,,,,37.2,34.0,10.3,5.9,30.4,32.8,37.5,38.4,40.7,51.2,48.8,48.1
2025-02-03 05:00:00,,,,,,,,,,,,,,,,,,,,37.3,34.1,10.3,5.9,30.4,32.8,37.5,38.4,40.7,51.3,48.8,48.1
2025-02-03 06:00:00,,,,,,,,,,,,,,,,,,,,37.3,34.0,10.3,5.9,30.4,32.8,37.5,38.4,40.7,51.2,48.8,48.1
2025-02-03 07:00:00,,,,,,,,,,,,,,,,,,,,37.2,34.0,10.3,5.9,30.4,32.8,37.5,38.5,40.7,51.2,48.8,48.1
2025-02-03 08:00:00,,,,,,,,,,,,,,,,,,,,37.2,34.0,10.3,5.9,30.4,32.8,37.5,38.5,40.7,51.2,48.7,48.1
2025-02-03 09:00:00,,,,,,,,,,,,,,,,,,,,37.2,34.0,10.3,5.9,30.4,32.8,37.5,38.4,40.6,51.2,48.7,48.1
2025-02-03 10:00:00,,,,,,,,,,,,,,,,,,,,37.2,34.0,10.3,5.9,30.5,32.8,37.5,38.4,40.6,51.2,48.7,48.1
2025-02-03 11:00:00,,,,,,,,,,,,,,,,,,,,37.1,33.9,10.3,5.9,30.5,32.8,37.5,38.3,40.6,51.2,48.7,48.1
2025-02-03 12:00:00,,,,,,,,,,,,,,,,,,,,37.1,33.9,10.3,5.9,30.5,32.8,37.4,38.3,40.6,51.2,48.7,48.1
2025-02-03 13:00:00,,,,,,,,,,,,,,,,,,,,37.0,33.8,10.3,5.9,30.5,32.8,37.4,38.3,40.5,51.2,48.7,48.1
2025-02-03 14:00:00,,,,,,,,,,,,,,,,,,,,36.9,33.7,10.3,5.9,30.5,32.8,37.4,38.3,40.5,51.1,48.7,48.1
2025-02-03 15:00:00,,,,,,,,,,,,,,,,,,,,36.9,33.7,10.3,5.9,30.5,32.8,37.4,38.3,40.5,51.1,48.7,48.1
2025-02-03 16:00:00,,,,,,,,,,,,,,,,,,,,36.8,33.7,10.3,5.9,30.5,32.8,37.4,38.2,40.5,51.1,48.7,48.1
2025-02-03 17:00:00,,,,,,,,,,,,,,,,,,,,36.9,33.7,10.3,5.9,30.5,32.8,37.4,38.2,40.5,51.1,48.6,48.1
2025-02-03 18:00:00,,,,,,,,,,,,,,,,,,,,37.0,33.6,10.3,5.9,30.5,32.8,37.4,38.2,40.5,51.1,48.6,48.1
2025-02-03 19:00:00,,,,,,,,,,,,,,,,,,,,37.1,33.7,10.2,5.9,30.5,32.8,37.4,38.2,40.5,51.1,48.6,48.1
2025-02-03 20:00:00,,,,,,,,,,,,,,,,,,,,37.0,33.7,10.3,5.9,30.4,32.8,37.4,38.2,40.5,51.1,48.6,48.1
2025-02-03 21:00:00,,,,,,,,,,,,,,,,,,,,37.0,33.7,10.2,5.9,30.5,32.8,37.4,38.2,40.5,51.1,48.6,48.1
2025-02-03 22:00:00,,,,,,,,,,,,,,,,,,,,37.1,33.6,10.2,5.9,30.5,32.8,37.4,38.2,40.5,51.1,48.6,48.1
2025-02-03 23:00:00,,,,,,,,,,,,,,,,,,,,37.1,33.7,10.2,5.9,30.5,32.8,37.4,38.2,40.5,51.1,48.6,48.0
2025-02-04 01:00:00,,,,,,,,,,,,,,,,,,,,37.1,33.7,10.2,5.9,30.5,32.8,37.4,38.2,40.5,51.1,48.6,48.1
2025-02-04 02:00:00,,,,,,,,,,,,,,,,,,,,37.1,33.7,10.2,5.9,30.5,32.8,37.4,38.2,40.5,51.1,48.6,48.0
2025-02-04 03:00:00,,,,,,,,,,,,,,,,,,,,37.1,33.7,10.2,5.9,30.5,32.8,37.4,38.2,40.5,51.1,48.6,48.1
2025-02-04 04:00:00,,,,,,,,,,,,,,,,,,,,37.1,33.7,10.2,5.9,30.5,32.8,37.4,38.2,40.5,51.1,48.6,48.1
2025-02-04 05:00:00,,,,,,,,,,,,,,,,,,,,37.0,33.8,10.2,5.9,30.5,32.8,37.4,38.2,40.5,51.1,48.6,48.0
2025-02-04 06:00:00,,,,,,,,,,,,,,,,,,,,37.1,33.7,10.2,5.9,30.5,32.8,37.4,38.2,40.5,51.1,48.6,48.0
2025-02-04 07:00:00,,,,,,,,,,,,,,,,,,,,37.0,33.7,10.2,5.9,30.5,32.8,37.4,38.2,40.5,51.1,48.6,48.0
2025-02-04 08:00:00,,,,,,,,,,,,,,,,,,,,37.0,33.7,10.2,5.9,30.5,32.8,37.4,38.2,40.5,51.1,48.6,48.0
2025-02-04 09:00:00,,,,,,,,,,,,,,,,,,,,37.0,33.7,10.2,5.9,30.6,32.8,37.4,38.2,40.5,51.1,48.6,48.0
2025-02-04 10:00:00,,,,,,,,,,,,,,,,,,,,37.0,33.8,10.2,5.9,30.6,32.8,37.4,38.2,40.5,51.1,48.6,48.0
2025-02-04 11:00:00,,,,,,,,,,,,,,,,,,,,36.9,33.7,10.2,5.9,30.6,32.8,37.4,38.2,40.4,51.1,48.6,47.9
2025-02-04 12:00:00,,,,,,,,,,,,,,,,,,,,36.8,33.7,10.2,5.8,30.6,32.8,37.3,38.1,40.4,51.1,48.6,48.0
2025-02-04 13:00:00,,,,,,,,,,,,,,,,,,,,36.6,33.6,10.2,5.8,30.6,32.8,37.3,38.0,40.3,51.0,48.6,48.0
2025-02-04 14:00:00,,,,,,,,,,,,,,,,,,,,36.6,33.5,10.2,5.8,30.6,32.8,37.3,38.0,40.3,51.0,48.5,47.9
2025-02-04 15:00:00,,,,,,,,,,,,,,,,,,,,36.5,33.4,10.2,5.8,30.6,32.8,37.3,38.0,40.3,51.0,48.5,47.9
2025-02-04 16:00:00,,,,,,,,,,,,,,,,,,,,36.6,33.4,10.2,5.8,30.6,32.8,37.3,38.0,40.3,50.9,48.5,47.9
2025-02-04 17:00:00,,,,,,,,,,,,,,,,,,,,36.5,33.4,10.2,5.8,30.6,32.8,37.2,37.9,40.3,50.9,48.5,47.9
2025-02-04 18:00:00,,,,,,,,,,,,,,,,,,,,36.5,33.3,10.1,5.8,30.6,32.8,37.2,37.9,40.3,50.9,48.5,47.9
2025-02-04 19:00:00,,,,,,,,,,,,,,,,,,,,36.4,33.3,10.1,5.8,30.6,32.8,37.2,37.9,40.3,50.9,48.5,47.9
2025-02-04 20:00:00,,,,,,,,,,,,,,,,,,,,36.5,33.3,10.1,5.8,30.6,32.8,37.2,37.9,40.3,50.9,48.5,47.9
2025-02-04 21:00:00,,,,,,,,,,,,,,,,,,,,36.4,33.3,10.1,5.9,30.7,32.8,37.2,37.9,40.3,50.9,48.5,47.9
2025-02-04 22:00:00,,,,,,,,,,,,,,,,,,,,36.4,33.3,10.1,5.8,30.7,32.8,37.2,37.9,40.3,50.9,48.5,47.9
2025-02-04 23:00:00,,,,,,,,,,,,,,,,,,,,36.3,33.2,10.1,5.9,30.7,32.8,37.3,37.9,40.3,50.9,48.4,47.8
2025-02-05 01:00:00,,,,,,,,,,,,,,,,,,,,36.3,33.2,10.2,5.9,30.7,32.8,37.3,37.9,40.3,50.9,48.4,47.8
2025-02-05 02:00:00,,,,,,,,,,,,,,,,,,,,36.3,33.2,10.2,5.9,30.7,32.8,37.3,37.9,40.2,50.9,48.4,47.8
2025-02-05 03:00:00,,,,,,,,,,,,,,,,,,,,36.3,33.2,10.2,5.9,30.7,32.8,37.3,37.9,40.2,50.9,48.4,47.8
2025-02-05 04:00:00,,,,,,,,,,,,,,,,,,,,36.2,33.1,10.2,5.8,30.7,32.8,37.3,37.9,40.2,50.9,48.4,47.8
2025-02-05 05:00:00,,,,,,,,,,,,,,,,,,,,36.2,33.1,10.2,5.8,30.7,32.8,37.3,37.9,40.2,50.8,48.4,47.8
2025-02-05 06:00:00,,,,,,,,,,,,,,,,,,,,36.2,33.1,10.2,5.8,30.7,32.8,37.3,37.9,40.2,50.8,48.4,47.8
2025-02-05 07:00:00,,,,,,,,,,,,,,,,,,,,36.2,33.1,10.2,5.8,30.7,32.9,37.3,37.9,40.2,50.8,48.4,47.8
2025-02-05 08:00:00,,,,,,,,,,,,,,,,,,,,36.2,33.0,10.2,5.8,30.7,32.9,37.3,37.9,40.2,50.8,48.4,47.8
2025-02-05 09:00:00,,,,,,,,,,,,,,,,,,,,36.2,33.0,10.2,5.8,30.7,32.9,37.3,37.8,40.2,50.8,48.4,47.8
2025-02-05 10:00:00,,,,,,,,,,,,,,,,,,,,36.1,33.0,10.2,5.8,30.7,32.9,37.3,37.8,40.2,50.8,48.4,47.8
2025-02-05 11:00:00,,,,,,,,,,,,,,,,,,,,36.0,33.0,10.1,5.8,30.7,32.9,37.3,37.8,40.1,50.7,48.4,47.8
2025-02-05 12:00:00,,,,,,,,,,,,,,,,,,,,36.0,32.9,10.1,5.8,30.7,32.9,37.3,37.8,40.1,50.8,48.4,47.8
2025-02-05 13:00:00,,,,,,,,,,,,,,,,,,,,35.9,32.9,10.1,5.8,30.7,32.9,37.3,37.8,40.1,50.7,48.4,47.8
2025-02-05 14:00:00,,,,,,,,,,,,,,,,,,,,35.9,32.9,10.1,5.8,30.7,32.9,37.2,37.8,40.1,50.7,48.3,47.8
2025-02-05 15:00:00,,,,,,,,,,,,,,,,,,,,35.9,32.9,10.1,5.8,30.7,32.8,37.2,37.7,40.1,50.7,48.3,47.8
2025-02-05 16:00:00,,,,,,,,,,,,,,,,,,,,35.8,32.9,10.1,5.8,30.7,32.8,37.2,37.8,40.1,50.7,48.3,47.8
2025-02-05 17:00:00,,,,,,,,,,,,,,,,,,,,35.8,32.8,10.1,5.8,30.7,32.8,37.2,37.7,40.1,50.7,48.3,47.8
2025-02-05 18:00:00,,,,,,,,,,,,,,,,,,,,35.8,32.8,10.1,5.8,30.8,32.8,37.2,37.7,40.1,50.7,48.3,47.8
2025-02-05 19:00:00,,,,,,,,,,,,,,,,,,,,35.7,32.8,10.1,5.8,30.8,32.8,37.2,37.7,40.1,50.7,48.3,47.8
2025-02-05 20:00:00,,,,,,,,,,,,,,,,,,,,35.8,32.8,10.1,5.8,30.8,32.9,37.2,37.7,40.1,50.7,48.3,47.8
2025-02-05 21:00:00,,,,,,,,,,,,,,,,,,,,35.7,32.7,10.1,5.8,30.8,32.9,37.2,37.7,40.1,50.7,48.3,47.8
2025-02-05 22:00:00,,,,,,,,,,,,,,,,,,,,35.7,32.7,10.1,5.8,30.8,32.9,37.2,37.7,40.1,50.7,48.3,47.8
2025-02-05 23:00:00,,,,,,,,,,,,,,,,,,,,35.7,32.7,10.1,5.7,30.8,32.9,37.2,37.7,40.0,50.7,48.3,47.8
2025-02-06 01:00:00,,,,,,,,,,,,,,,,,,,,35.7,32.7,10.1,5.7,30.8,32.9,37.2,37.7,40.0,50.7,48.3,47.7
2025-02-06 02:00:00,,,,,,,,,,,,,,,,,,,,35.6,32.7,10.1,5.8,30.8,32.9,37.2,37.7,40.0,50.7,48.3,47.7
2025-02-06 03:00:00,,,,,,,,,,,,,,,,,,,,35.6,32.7,10.1,5.7,30.8,32.9,37.2,37.7,40.0,50.7,48.3,47.7
2025-02-06 04:00:00,,,,,,,,,,,,,,,,,,,,35.6,32.7,10.1,5.8,30.8,32.9,37.2,37.7,40.0,50.7,48.3,47.7
2025-02-06 05:00:00,,,,,,,,,,,,,,,,,,,,35.5,32.6,10.1,5.8,30.8,32.9,37.2,37.7,40.0,50.7,48.3,47.7
2025-02-06 06:00:00,,,,,,,,,,,,,,,,,,,,35.5,32.6,10.1,5.8,30.8,32.9,37.2,37.7,40.0,50.7,48.3,47.7
2025-02-06 07:00:00,,,,,,,,,,,,,,,,,,,,35.5,32.6,10.1,5.8,30.9,32.9,37.2,37.7,40.0,50.6,48.3,47.7
2025-02-06 08:00:00,,,,,,,,,,,,,,,,,,,,35.5,32.6,10.1,5.8,30.9,32.9,37.2,37.7,40.0,50.6,48.2,47.7
2025-02-06 09:00:00,,,,,,,,,,,,,,,,,,,,35.5,32.6,10.1,5.8,30.9,32.9,37.2,37.7,40.0,50.6,48.2,47.7
2025-02-06 10:00:00,,,,,,,,,,,,,,,,,,,,35.4,32.6,10.1,5.8,30.9,32.9,37.2,37.7,40.0,50.6,48.2,47.7
2025-02-06 11:00:00,,,,,,,,,,,,,,,,,,,,35.4,32.5,10.1,5.8,30.9,32.9,37.2,37.6,40.0,50.6,48.2,47.7
2025-02-06 12:00:00,,,,,,,,,,,,,,,,,,,,35.3,32.5,10.0,5.8,30.9,32.9,37.2,37.6,39.9,50.6,48.2,47.8
2025-02-06 13:00:00,,,,,,,,,,,,,,,,,,,,35.1,32.3,10.0,5.7,30.9,32.9,37.2,37.5,39.9,50.5,48.2,47.7
2025-02-06 14:00:00,,,,,,,,,,,,,,,,,,,,35.0,32.3,10.1,5.7,30.9,32.9,37.1,37.4,39.9,50.5,48.1,47.7
2025-02-06 15:00:00,,,,,,,,,,,,,,,,,,,,35.0,32.2,10.1,5.7,30.9,32.9,37.1,37.4,39.8,50.5,48.1,47.8
2025-02-06 16:00:00,,,,,,,,,,,,,,,,,,,,35.0,32.2,10.0,5.7,30.9,32.9,37.2,37.3,39.8,50.4,48.1,47.8
2025-02-06 17:00:00,,,,,,,,,,,,,,,,,,,,34.9,32.2,10.1,5.7,30.9,32.9,37.2,37.3,39.8,50.4,48.1,47.8
2025-02-06 18:00:00,,,,,,,,,,,,,,,,,,,,34.9,32.1,10.0,5.8,30.9,32.9,37.1,37.3,39.8,50.4,48.1,47.8
2025-02-06 19:00:00,,,,,,,,,,,,,,,,,,,,34.8,32.1,10.0,5.8,30.9,32.9,37.1,37.3,39.8,50.4,48.0,47.8
2025-02-06 20:00:00,,,,,,,,,,,,,,,,,,,,34.9,32.1,10.0,5.8,30.9,32.9,37.1,37.3,39.8,50.4,48.0,47.8
2025-02-06 21:00:00,,,,,,,,,,,,,,,,,,,,34.8,32.0,10.0,5.8,30.9,32.9,37.1,37.3,39.8,50.4,48.0,47.8
2025-02-06 22:00:00,,,,,,,,,,,,,,,,,,,,34.8,32.0,10.0,5.7,30.9,32.9,37.1,37.3,39.8,50.3,48.0,47.8
2025-02-06 23:00:00,,,,,,,,,,,,,,,,,,,,34.8,32.0,10.0,5.7,30.9,32.9,37.1,37.3,39.8,50.3,48.0,47.8
2025-02-07 01:00:00,,,,,,,,,,,,,,,,,,,,34.8,31.9,10.0,5.7,30.9,32.9,37.1,37.3,39.8,50.3,48.0,47.8
2025-02-07 02:00:00,,,,,,,,,,,,,,,,,,,,34.7,31.9,10.0,5.7,30.9,32.9,37.1,37.3,39.7,50.3,48.0,47.8
2025-02-07 03:00:00,,,,,,,,,,,,,,,,,,,,34.7,31.9,10.0,5.7,30.9,32.9,37.1,37.3,39.7,50.3,48.0,47.8
2025-02-07 04:00:00,,,,,,,,,,,,,,,,,,,,34.7,31.9,10.0,5.7,31.0,32.9,37.1,37.3,39.7,50.3,48.0,47.8
2025-02-07 05:00:00,,,,,,,,,,,,,,,,,,,,34.7,31.9,10.0,5.7,31.0,32.9,37.1,37.3,39.7,50.3,48.0,47.8
2025-02-07 06:00:00,,,,,,,,,,,,,,,,,,,,34.6,31.9,10.0,5.7,31.0,32.9,37.1,37.3,39.7,50.3,48.0,47.8
2025-02-07 07:00:00,,,,,,,,,,,,,,,,,,,,34.6,31.9,10.0,5.7,31.0,32.9,37.1,37.3,39.7,50.3,48.0,47.7
2025-02-07 08:00:00,,,,,,,,,,,,,,,,,,,,34.6,31.9,10.0,5.7,31.0,32.9,37.2,37.3,39.7,50.3,48.0,47.7
2025-02-07 09:00:00,,,,,,,,,,,,,,,,,,,,34.5,31.8,9.9,5.7,31.0,32.9,37.2,37.3,39.7,50.2,48.0,47.7
2025-02-07 10:00:00,,,,,,,,,,,,,,,,,,,,34.6,31.8,9.9,5.7,31.0,32.9,37.1,37.3,39.6,50.3,47.9,47.7
2025-02-07 11:00:00,,,,,,,,,,,,,,,,,,,,34.5,31.7,9.9,5.7,31.0,32.9,37.1,37.2,39.6,50.2,47.9,47.7
2025-02-07 12:00:00,,,,,,,,,,,,,,,,,,,,34.4,31.7,9.9,5.7,31.0,32.9,37.1,37.2,39.6,50.2,47.9,47.7
2025-02-07 13:00:00,,,,,,,,,,,,,,,,,,,,34.3,31.6,9.9,5.7,31.0,32.9,37.1,37.1,39.5,50.2,47.9,47.7
2025-02-07 14:00:00,,,,,,,,,,,,,,,,,,,,34.2,31.5,9.9,5.7,31.0,32.9,37.1,37.1,39.5,50.2,47.8,47.7
2025-02-07 15:00:00,,,,,,,,,,,,,,,,,,,,34.1,31.5,9.9,5.7,31.0,32.9,37.1,37.1,39.5,50.2,47.8,47.7
2025-02-07 16:00:00,,,,,,,,,,,,,,,,,,,,34.1,31.5,9.9,5.7,31.0,32.9,37.1,37.1,39.5,50.2,47.8,47.7
2025-02-07 17:00:00,,,,,,,,,,,,,,,,,,,,34.0,31.5,9.9,5.7,31.0,32.9,37.1,37.0,39.4,50.1,47.8,47.7
2025-02-07 18:00:00,,,,,,,,,,,,,,,,,,,,34.0,31.4,9.9,5.7,31.0,32.9,37.1,37.0,39.4,50.2,47.8,47.7
2025-02-07 19:00:00,,,,,,,,,,,,,,,,,,,,34.0,31.4,9.9,5.7,31.0,32.9,37.1,37.0,39.4,50.1,47.8,47.7
2025-02-07 20:00:00,,,,,,,,,,,,,,,,,,,,34.0,31.4,9.9,5.7,31.0,32.9,37.1,37.0,39.4,50.1,47.7,47.7
2025-02-07 21:00:00,,,,,,,,,,,,,,,,,,,,34.0,31.4,9.9,5.7,31.0,32.9,37.1,37.0,39.4,50.1,47.7,47.7
2025-02-07 22:00:00,,,,,,,,,,,,,,,,,,,,33.9,31.3,9.9,5.7,31.0,32.9,37.1,37.0,39.4,50.1,47.7,47.7
2025-02-07 23:00:00,,,,,,,,,,,,,,,,,,,,33.9,31.4,9.9,5.7,31.0,32.9,37.1,37.0,39.4,50.1,47.7,47.7
2025-02-08 01:00:00,,,,,,,,,,,,,,,,,,,,33.9,31.3,9.9,5.6,31.0,32.9,37.1,37.0,39.3,50.1,47.7,47.7
2025-02-08 02:00:00,,,,,,,,,,,,,,,,,,,,33.9,31.3,9.9,5.7,31.0,32.9,37.1,37.0,39.3,50.1,47.7,47.7
2025-02-08 03:00:00,,,,,,,,,,,,,,,,,,,,33.8,31.3,9.9,5.6,31.0,32.9,37.1,37.0,39.3,50.1,47.7,47.7
2025-02-08 04:00:00,,,,,,,,,,,,,,,,,,,,33.8,31.3,9.9,5.7,31.0,32.9,37.1,37.0,39.3,50.0,47.7,47.7
2025-02-08 05:00:00,,,,,,,,,,,,,,,,,,,,33.8,31.3,9.9,5.7,31.0,32.9,37.1,37.0,39.3,50.0,47.7,47.7
2025-02-08 06:00:00,,,,,,,,,,,,,,,,,,,,33.8,31.2,9.9,5.7,31.0,32.9,37.1,37.0,39.3,50.0,47.7,47.7
2025-02-08 07:00:00,,,,,,,,,,,,,,,,,,,,33.8,31.2,9.9,5.7,31.0,32.9,37.1,37.0,39.3,50.0,47.7,47.7
2025-02-08 08:00:00,,,,,,,,,,,,,,,,,,,,33.7,31.3,9.9,5.7,31.0,32.9,37.1,37.0,39.3,50.0,47.7,47.7
2025-02-08 09:00:00,,,,,,,,,,,,,,,,,,,,33.7,31.2,9.9,5.7,31.0,32.9,37.1,37.0,39.3,50.0,47.7,47.7
2025-02-08 10:00:00,,,,,,,,,,,,,,,,,,,,33.7,31.2,9.9,5.7,31.0,32.9,37.1,37.0,39.3,50.0,47.7,47.7
2025-02-08 11:00:00,,,,,,,,,,,,,,,,,,,,33.6,31.2,9.8,5.7,31.0,32.9,37.1,37.0,39.3,50.0,47.7,47.7
2025-02-08 12:00:00,,,,,,,,,,,,,,,,,,,,33.5,31.1,9.8,5.7,31.0,32.9,37.1,36.9,39.2,50.0,47.6,47.7
2025-02-08 13:00:00,,,,,,,,,,,,,,,,,,,,33.5,31.1,9.8,5.7,31.0,32.9,37.0,36.9,39.2,49.9,47.7,47.7
2025-02-08 14:00:00,,,,,,,,,,,,,,,,,,,,33.4,31.1,9.8,5.6,31.0,32.9,37.0,36.9,39.2,49.9,47.7,47.7
2025-02-08 15:00:00,,,,,,,,,,,,,,,,,,,,33.4,31.0,9.8,5.6,31.0,32.9,37.0,36.9,39.2,49.9,47.7,47.6
2025-02-08 16:00:00,,,,,,,,,,,,,,,,,,,,33.3,31.0,9.8,5.6,31.0,32.9,37.0,36.9,39.2,49.9,47.6,47.6
2025-02-08 17:00:00,,,,,,,,,,,,,,,,,,,,33.3,31.0,9.8,5.6,31.0,32.9,37.0,36.8,39.1,49.8,47.6,47.6
2025-02-08 18:00:00,,,,,,,,,,,,,,,,,,,,33.3,30.9,9.8,5.6,31.0,32.9,37.0,36.8,39.1,49.8,47.7,47.6
2025-02-08 19:00:00,,,,,,,,,,,,,,,,,,,,33.2,30.9,9.8,5.6,31.0,32.9,37.0,36.8,39.1,49.8,47.6,47.6
2025-02-08 20:00:00,,,,,,,,,,,,,,,,,,,,33.2,31.0,9.8,5.6,31.0,32.9,37.0,36.8,39.1,49.8,47.6,47.6
2025-02-08 21:00:00,,,,,,,,,,,,,,,,,,,,33.2,30.9,9.8,5.6,31.0,32.9,37.0,36.8,39.1,49.8,47.6,47.6
2025-02-08 22:00:00,,,,,,,,,,,,,,,,,,,,33.1,30.9,9.8,5.6,31.0,32.9,37.0,36.8,39.1,49.8,47.6,47.6
2025-02-08 23:00:00,,,,,,,,,,,,,,,,,,,,33.1,30.9,9.8,5.6,31.0,32.9,37.0,36.8,39.1,49.8,47.6,47.6
2025-02-09 01:00:00,,,,,,,,,,,,,,,,,,,,33.0,30.8,9.8,5.6,31.0,32.9,37.0,36.8,39.1,49.8,47.6,47.6
2025-02-09 02:00:00,,,,,,,,,,,,,,,,,,,,33.0,30.9,9.8,5.6,31.0,32.9,37.0,36.8,39.1,49.8,47.6,47.6
2025-02-09 03:00:00,,,,,,,,,,,,,,,,,,,,33.0,30.8,9.8,5.6,31.1,32.9,37.0,36.8,39.1,49.8,47.6,47.6
2025-02-09 04:00:00,,,,,,,,,,,,,,,,,,,,33.0,30.8,9.8,5.6,31.1,32.9,37.0,36.8,39.1,49.8,47.5,47.6
2025-02-09 05:00:00,,,,,,,,,,,,,,,,,,,,33.0,30.8,9.8,5.6,31.1,32.9,37.0,36.8,39.1,49.8,47.5,47.6
2025-02-09 06:00:00,,,,,,,,,,,,,,,,,,,,33.0,30.8,9.8,5.6,31.1,32.9,37.0,36.8,39.1,49.7,47.5,47.6
2025-02-09 07:00:00,,,,,,,,,,,,,,,,,,,,32.9,30.8,9.7,5.6,31.1,32.9,37.0,36.8,39.1,49.7,47.5,47.6
2025-02-09 08:00:00,,,,,,,,,,,,,,,,,,,,32.9,30.8,9.7,5.5,31.1,33.0,37.0,36.8,39.1,49.7,47.5,47.6
2025-02-09 09:00:00,,,,,,,,,,,,,,,,,,,,32.8,30.8,9.7,5.6,31.1,33.0,37.0,36.7,39.1,49.7,47.5,47.6
2025-02-09 10:00:00,,,,,,,,,,,,,,,,,,,,32.8,30.8,9.8,5.6,31.1,33.0,37.0,36.7,39.0,49.7,47.5,47.6
2025-02-09 11:00:00,,,,,,,,,,,,,,,,,,,,32.8,30.7,9.8,5.6,31.1,33.0,37.0,36.7,39.0,49.7,47.5,47.5
2025-02-09 12:00:00,,,,,,,,,,,,,,,,,,,,32.7,30.6,9.8,5.6,31.1,33.0,37.0,36.6,38.9,49.6,47.5,47.5
2025-02-09 13:00:00,,,,,,,,,,,,,,,,,,,,32.6,30.6,9.8,5.6,31.1,32.9,37.0,36.6,38.9,49.6,47.4,47.5
2025-02-09 14:00:00,,,,,,,,,,,,,,,,,,,,32.6,30.5,9.8,5.6,31.1,32.9,37.0,36.5,38.9,49.6,47.4,47.5
2025-02-09 15:00:00,,,,,,,,,,,,,,,,,,,,32.5,30.5,9.7,5.6,31.1,32.9,37.0,36.5,38.8,49.5,47.4,47.5
2025-02-09 16:00:00,,,,,,,,,,,,,,,,,,,,32.4,30.4,9.7,5.6,31.1,32.9,36.9,36.5,38.8,49.5,47.3,47.5
2025-02-09 17:00:00,,,,,,,,,,,,,,,,,,,,32.4,30.3,9.7,5.6,31.1,32.9,36.9,36.4,38.8,49.5,47.3,47.5
2025-02-09 18:00:00,,,,,,,,,,,,,,,,,,,,32.3,30.3,9.7,5.6,31.1,32.9,36.9,36.5,38.8,49.4,47.3,47.5
2025-02-09 19:00:00,,,,,,,,,,,,,,,,,,,,32.3,30.3,9.7,5.6,31.1,32.9,36.9,36.5,38.7,49.4,47.3,47.5
2025-02-09 20:00:00,,,,,,,,,,,,,,,,,,,,32.3,30.3,9.7,5.6,31.1,32.9,36.9,36.5,38.7,49.4,47.3,47.5
2025-02-09 21:00:00,,,,,,,,,,,,,,,,,,,,32.2,30.3,9.7,5.6,31.1,32.9,36.9,36.5,38.7,49.4,47.3,47.5
2025-02-09 22:00:00,,,,,,,,,,,,,,,,,,,,32.2,30.3,9.7,5.6,31.1,32.9,36.9,36.5,38.7,49.4,47.3,47.5
2025-02-09 23:00:00,,,,,,,,,,,,,,,,,,,,32.1,30.2,9.7,5.6,31.1,32.9,36.9,36.5,38.7,49.4,47.2,47.5
2025-02-10 01:00:00,,,,,,,,,,,,,,,,,,,,32.0,30.2,9.7,5.6,31.1,32.9,36.9,36.4,38.7,49.4,47.2,47.4
2025-02-10 02:00:00,,,,,,,,,,,,,,,,,,,,32.1,30.2,9.7,5.6,31.1,32.9,36.9,36.4,38.7,49.4,47.2,47.4
2025-02-10 03:00:00,,,,,,,,,,,,,,,,,,,,32.0,30.2,9.6,5.6,31.1,32.9,36.9,36.4,38.7,49.4,47.2,47.4
2025-02-10 04:00:00,,,,,,,,,,,,,,,,,,,,31.9,30.2,9.6,5.6,31.1,32.9,36.9,36.4,38.7,49.4,47.2,47.4
2025-02-10 05:00:00,,,,,,,,,,,,,,,,,,,,31.9,30.1,9.7,5.6,31.1,32.9,36.9,36.4,38.7,49.4,47.2,47.4
2025-02-10 06:00:00,,,,,,,,,,,,,,,,,,,,31.9,30.2,9.7,5.6,31.1,33.0,36.9,36.4,38.7,49.4,47.2,47.4
2025-02-10 07:00:00,,,,,,,,,,,,,,,,,,,,31.8,30.2,9.7,5.6,31.1,32.9,36.9,36.4,38.7,49.4,47.2,47.4
2025-02-10 08:00:00,,,,,,,,,,,,,,,,,,,,31.8,30.1,9.7,5.6,31.1,33.0,36.9,36.4,38.7,49.4,47.2,47.4
2025-02-10 09:00:00,,,,,,,,,,,,,,,,,,,,31.8,30.1,9.7,5.5,31.1,32.9,36.9,36.4,38.7,49.3,47.2,47.4
2025-02-10 10:00:00,,,,,,,,,,,,,,,,,,,,31.8,30.0,9.7,5.6,31.1,32.9,36.9,36.4,38.6,49.3,47.2,47.4
2025-02-10 11:00:00,,,,,,,,,,,,,,,,,,,,31.7,29.9,9.7,5.5,31.1,32.9,36.9,36.3,38.6,49.3,47.1,47.4
2025-02-10 12:00:00,,,,,,,,,,,,,,,,,,,,31.5,29.8,9.7,5.6,31.1,32.9,36.8,36.2,38.5,49.2,47.1,47.4
2025-02-10 13:00:00,,,,,,,,,,,,,,,,,,,,31.4,29.7,9.6,5.6,31.0,32.9,36.8,36.2,38.4,49.2,47.0,47.3
2025-02-10 14:00:00,,,,,,,,,,,,,,,,,,,,31.3,29.6,9.7,5.5,31.0,32.9,36.8,36.2,38.4,49.2,47.0,47.3
2025-02-10 15:00:00,,,,,,,,,,,,,,,,,,,,31.3,29.6,9.7,5.5,31.0,32.9,36.8,36.1,38.4,49.1,47.0,47.3
2025-02-10 16:00:00,,,,,,,,,,,,,,,,,,,,31.2,29.6,9.6,5.5,31.0,32.9,36.8,36.1,38.4,49.1,46.9,47.3
2025-02-10 17:00:00,,,,,,,,,,,,,,,,,,,,31.2,29.5,9.6,5.5,31.0,32.9,36.8,36.1,38.3,49.1,46.9,47.3
2025-02-10 18:00:00,,,,,,,,,,,,,,,,,,,,31.1,29.5,9.6,5.5,31.0,32.9,36.8,36.1,38.4,49.1,46.9,47.3
2025-02-10 19:00:00,,,,,,,,,,,,,,,,,,,,31.0,29.5,9.6,5.6,31.0,32.9,36.8,36.1,38.4,49.1,46.9,47.3
2025-02-10 20:00:00,,,,,,,,,,,,,,,,,,,,31.1,29.5,9.6,5.5,31.0,32.9,36.8,36.1,38.3,49.0,46.9,47.3
2025-02-10 21:00:00,,,,,,,,,,,,,,,,,,,,31.0,29.5,9.6,5.5,31.0,32.9,36.8,36.1,38.3,49.0,46.9,47.3
2025-02-10 22:00:00,,,,,,,,,,,,,,,,,,,,31.0,29.5,9.6,5.5,31.0,32.9,36.8,36.1,38.3,49.0,46.9,47.3
2025-02-10 23:00:00,,,,,,,,,,,,,,,,,,,,30.9,29.4,9.6,5.5,31.0,32.9,36.8,36.1,38.3,49.0,46.9,47.3
2025-02-11 01:00:00,,,,,,,,,,,,,,,,,,,,30.9,29.4,9.6,5.5,31.0,32.9,36.8,36.0,38.3,49.0,46.8,47.3
2025-02-11 02:00:00,,,,,,,,,,,,,,,,,,,,30.8,29.4,9.6,5.5,31.0,32.9,36.8,36.0,38.3,49.0,46.8,47.3
2025-02-11 03:00:00,,,,,,,,,,,,,,,,,,,,30.8,29.3,9.6,5.5,31.0,32.9,36.8,36.0,38.3,49.0,46.8,47.3
2025-02-11 04:00:00,,,,,,,,,,,,,,,,,,,,30.7,29.3,9.6,5.5,31.0,32.9,36.8,36.0,38.3,49.0,46.8,47.3
2025-02-11 05:00:00,,,,,,,,,,,,,,,,,,,,30.7,29.3,9.6,5.5,31.0,32.9,36.8,36.0,38.3,49.0,46.8,47.3
2025-02-11 06:00:00,,,,,,,,,,,,,,,,,,,,30.7,29.3,9.5,5.5,31.0,32.9,36.8,36.0,38.3,49.0,46.8,47.3
2025-02-11 07:00:00,,,,,,,,,,,,,,,,,,,,30.7,29.3,9.5,5.5,31.0,32.9,36.8,36.0,38.3,49.0,46.8,47.3
2025-02-11 08:00:00,,,,,,,,,,,,,,,,,,,,30.7,29.3,9.5,5.5,31.0,32.9,36.8,36.0,38.3,49.0,46.8,47.2
2025-02-11 09:00:00,,,,,,,,,,,,,,,,,,,,30.6,29.2,9.6,5.5,31.0,32.9,36.8,36.0,38.2,49.0,46.8,47.2
2025-02-11 10:00:00,,,,,,,,,,,,,,,,,,,,30.6,29.2,9.6,5.5,31.0,32.9,36.8,36.0,38.2,49.0,46.8,47.2
2025-02-11 11:00:00,,,,,,,,,,,,,,,,,,,,30.4,29.1,9.6,5.5,31.0,32.9,36.8,35.9,38.2,48.9,46.8,47.2
2025-02-11 12:00:00,,,,,,,,,,,,,,,,,,,,30.3,29.0,9.5,5.5,31.0,32.8,36.8,35.9,38.1,48.8,46.7,47.2
2025-02-11 13:00:00,,,,,,,,,,,,,,,,,,,,30.2,28.9,9.5,5.5,31.0,32.8,36.7,35.8,38.0,48.8,46.7,47.2
2025-02-11 14:00:00,,,,,,,,,,,,,,,,,,,,30.0,28.7,9.5,5.5,30.9,32.8,36.7,35.8,38.0,48.7,46.6,47.2
2025-02-11 15:00:00,,,,,,,,,,,,,,,,,,,,29.9,28.6,9.5,5.5,30.9,32.8,36.7,35.7,37.9,48.6,46.6,47.2
2025-02-11 16:00:00,,,,,,,,,,,,,,,,,,,,29.9,28.5,9.5,5.5,30.9,32.8,36.7,35.7,37.9,48.6,46.6,47.2
2025-02-11 17:00:00,,,,,,,,,,,,,,,,,,,,29.8,28.5,9.5,5.5,30.9,32.8,36.6,35.7,37.8,48.6,46.5,47.1
2025-02-11 18:00:00,,,,,,,,,,,,,,,,,,,,29.7,28.5,9.5,5.5,30.9,32.8,36.6,35.7,37.8,48.6,46.5,47.1
2025-02-11 19:00:00,,,,,,,,,,,,,,,,,,,,29.7,28.5,9.5,5.5,30.9,32.8,36.6,35.7,37.8,48.6,46.5,47.1
2025-02-11 20:00:00,,,,,,,,,,,,,,,,,,,,29.7,28.4,9.5,5.5,30.9,32.8,36.6,35.7,37.8,48.6,46.5,47.1
2025-02-11 21:00:00,,,,,,,,,,,,,,,,,,,,29.6,28.4,9.5,5.5,30.9,32.8,36.6,35.7,37.8,48.6,46.5,47.1
2025-02-11 22:00:00,,,,,,,,,,,,,,,,,,,,29.6,28.4,9.5,5.5,30.9,32.8,36.6,35.7,37.8,48.6,46.5,47.1
2025-02-11 23:00:00,,,,,,,,,,,,,,,,,,,,29.5,28.4,9.5,5.5,30.9,32.8,36.6,35.7,37.8,48.6,46.5,47.1
2025-02-12 01:00:00,,,,,,,,,,,,,,,,,,,,29.5,28.3,9.4,5.5,30.9,32.8,36.6,35.7,37.8,48.6,46.5,47.1
2025-02-12 02:00:00,,,,,,,,,,,,,,,,,,,,29.5,28.3,9.4,5.5,30.9,32.8,36.6,35.7,37.8,48.6,46.5,47.1
2025-02-12 03:00:00,,,,,,,,,,,,,,,,,,,,29.5,28.3,9.4,5.5,30.9,32.8,36.6,35.6,37.8,48.5,46.5,47.1
2025-02-12 04:00:00,,,,,,,,,,,,,,,,,,,,29.4,28.3,9.4,5.5,30.9,32.8,36.6,35.7,37.8,48.5,46.5,47.1
2025-02-12 05:00:00,,,,,,,,,,,,,,,,,,,,29.4,28.3,9.4,5.5,30.9,32.8,36.6,35.7,37.8,48.5,46.5,47.1
2025-02-12 06:00:00,,,,,,,,,,,,,,,,,,,,29.4,28.2,9.4,5.5,30.9,32.8,36.6,35.6,37.8,48.5,46.5,47.0
2025-02-12 07:00:00,,,,,,,,,,,,,,,,,,,,29.4,28.2,9.4,5.5,31.0,32.8,36.6,35.6,37.8,48.5,46.5,47.0
2025-02-12 08:00:00,,,,,,,,,,,,,,,,,,,,30.1,28.2,9.4,5.5,31.0,32.8,36.6,35.7,37.8,48.5,46.5,47.0
2025-02-12 09:00:00,,,,,,,,,,,,,,,,,,,,31.5,28.2,9.4,5.5,31.0,32.9,36.6,35.7,37.8,48.5,46.5,47.0
2025-02-12 10:00:00,,,,,,,,,,,,,,,,,,,,33.6,28.3,9.4,5.5,31.0,32.9,36.6,35.7,37.8,48.5,46.5,47.0
2025-02-12 11:00:00,,,,,,,,,,,,,,,,,,,,35.4,28.3,9.4,5.5,30.9,32.9,36.7,35.7,37.8,48.5,46.5,47.0
2025-02-12 12:00:00,,,,,,,,,,,,,,,,,,,,39.3,28.5,9.4,5.5,30.9,32.9,36.7,35.7,37.8,48.5,46.5,47.0
2025-02-12 13:00:00,,,,,,,,,,,,,,,,,,,,41.9,32.6,9.4,5.5,30.9,32.9,36.7,35.7,37.8,48.5,46.5,47.0
2025-02-12 14:00:00,,,,,,,,,,,,,,,,,,,,41.9,37.1,9.5,5.5,30.9,32.9,36.7,35.7,37.8,48.5,46.5,47.0
2025-02-12 15:00:00,,,,,,,,,,,,,,,,,,,,42.5,38.2,10.5,5.5,30.9,32.9,36.6,35.7,37.8,48.5,46.5,47.0
2025-02-12 16:00:00,,,,,,,,,,,,,,,,,,,,42.3,38.4,11.3,6.0,31.0,32.9,36.7,35.7,37.8,48.5,46.5,47.0
2025-02-12 17:00:00,,,,,,,,,,,,,,,,,,,,42.7,38.9,11.6,6.3,31.2,32.9,36.7,35.7,37.8,48.5,46.5,47.0
2025-02-12 18:00:00,,,,,,,,,,,,,,,,,,,,43.1,39.6,12.0,6.7,31.7,32.9,36.7,35.7,37.8,48.5,46.5,47.0
2025-02-12 19:00:00,,,,,,,,,,,,,,,,,,,,42.7,38.9,11.7,6.9,33.0,33.0,36.7,35.7,37.8,48.5,46.5,47.0
2025-02-12 20:00:00,,,,,,,,,,,,,,,,,,,,43.4,39.4,11.8,7.0,36.3,33.1,36.7,35.7,37.9,48.5,46.5,47.0
2025-02-12 21:00:00,,,,,,,,,,,,,,,,,,,,43.2,39.3,11.9,7.1,40.3,34.1,36.7,35.7,37.9,48.5,46.5,47.0
2025-02-12 22:00:00,,,,,,,,,,,,,,,,,,,,43.9,39.4,11.8,7.1,40.9,40.8,38.0,35.7,37.9,48.5,46.5,47.0
2025-02-12 23:00:00,,,,,,,,,,,,,,,,,,,,43.8,40.1,12.2,7.3,42.4,43.5,46.8,36.1,37.9,48.5,46.5,47.0
2025-02-13 01:00:00,,,,,,,,,,,,,,,,,,,,41.9,38.5,11.6,7.0,41.2,42.9,47.9,44.9,42.0,48.6,46.5,47.0
2025-02-13 02:00:00,,,,,,,,,,,,,,,,,,,,41.5,37.8,11.4,6.9,40.8,42.4,47.3,45.2,43.3,48.8,46.5,47.0
2025-02-13 03:00:00,,,,,,,,,,,,,,,,,,,,45.2,41.8,13.0,7.5,42.3,42.1,46.8,45.0,44.3,49.1,46.5,47.0
2025-02-13 04:00:00,,,,,,,,,,,,,,,,,,,,43.4,39.8,12.1,7.2,42.9,44.5,49.9,48.0,46.2,50.3,46.6,47.0
2025-02-13 05:00:00,,,,,,,,,,,,,,,,,,,,42.6,38.8,11.6,7.0,41.7,43.4,48.4,47.1,47.4,55.8,50.4,47.0
2025-02-13 06:00:00,,,,,,,,,,,,,,,,,,,,42.5,38.6,11.4,6.9,41.1,42.7,47.6,46.2,46.8,55.5,52.1,47.2
2025-02-13 07:00:00,,,,,,,,,,,,,,,,,,,,41.7,38.1,11.4,6.9,40.9,42.4,47.1,45.7,46.4,55.3,52.5,47.2
2025-02-13 08:00:00,,,,,,,,,,,,,,,,,,,,41.1,37.7,11.3,6.9,40.6,42.2,46.8,45.5,46.1,55.2,52.6,47.4
2025-02-13 09:00:00,,,,,,,,,,,,,,,,,,,,40.8,37.3,11.2,6.8,40.4,42.0,46.5,45.2,45.9,55.0,52.5,47.6
2025-02-13 10:00:00,,,,,,,,,,,,,,,,,,,,40.5,37.0,11.1,6.8,40.2,41.8,46.3,45.1,45.7,55.0,52.5,47.7
2025-02-13 11:00:00,,,,,,,,,,,,,,,,,,,,40.3,36.8,11.1,6.7,40.1,41.6,46.1,44.9,45.6,54.9,52.4,47.9
2025-02-13 12:00:00,,,,,,,,,,,,,,,,,,,,45.0,37.0,11.0,6.7,39.9,41.5,45.9,44.7,45.5,54.7,52.2,48.2
2025-02-13 13:00:00,,,,,,,,,,,,,,,,,,,,44.7,39.9,11.8,6.9,39.9,41.4,45.8,44.6,45.3,54.7,52.2,48.6
2025-02-13 14:00:00,,,,,,,,,,,,,,,,,,,,43.8,40.1,12.1,7.3,43.0,44.4,48.3,44.7,45.3,54.6,52.1,48.9
2025-02-13 15:00:00,,,,,,,,,,,,,,,,,,,,43.0,39.1,11.7,7.1,42.0,43.7,48.8,47.8,47.8,56.4,53.9,49.2
2025-02-13 16:00:00,,,,,,,,,,,,,,,,,,,,42.2,38.6,11.6,7.0,41.5,43.1,47.9,46.8,47.4,56.0,55.2,50.1
2025-02-13 17:00:00,,,,,,,,,,,,,,,,,,,,41.6,38.0,11.5,6.9,41.1,42.8,47.4,46.3,46.9,55.7,54.8,50.4
2025-02-13 18:00:00,,,,,,,,,,,,,,,,,,,,41.2,37.6,11.4,6.9,40.8,42.5,46.9,45.9,46.6,55.5,54.5,50.4
2025-02-13 19:00:00,,,,,,,,,,,,,,,,,,,,40.9,37.3,11.3,6.8,40.6,42.3,46.6,45.6,46.4,55.3,54.1,50.4
2025-02-13 20:00:00,,,,,,,,,,,,,,,,,,,,40.7,37.1,11.2,6.8,40.4,42.0,46.4,45.4,46.1,55.2,53.8,50.3
2025-02-13 21:00:00,,,,,,,,,,,,,,,,,,,,40.5,36.9,11.2,6.7,40.2,41.8,46.2,45.2,45.9,55.0,53.6,50.3
2025-02-13 22:00:00,,,,,,,,,,,,,,,,,,,,40.3,36.7,11.1,6.7,40.1,41.7,46.0,45.0,45.7,55.0,53.4,50.2
2025-02-13 23:00:00,,,,,,,,,,,,,,,,,,,,40.1,36.5,11.1,6.7,39.9,41.5,45.8,44.9,45.5,54.9,53.1,50.1
2025-02-14 01:00:00,,,,,,,,,,,,,,,,,,,,39.9,36.4,11.0,6.6,39.7,41.3,45.6,44.6,45.3,54.7,52.4,50.0
2025-02-14 02:00:00,,,,,,,,,,,,,,,,,,,,39.8,36.2,11.0,6.6,39.6,41.2,45.5,44.5,45.2,54.7,52.2,50.0
2025-02-14 03:00:00,,,,,,,,,,,,,,,,,,,,39.7,36.1,10.9,6.6,39.6,41.1,45.4,44.4,45.1,54.6,52.2,49.9
2025-02-14 04:00:00,,,,,,,,,,,,,,,,,,,,39.6,36.0,10.9,6.6,39.4,41.0,45.3,44.4,45.1,54.6,52.2,49.9
2025-02-14 05:00:00,,,,,,,,,,,,,,,,,,,,39.5,35.9,10.9,6.6,39.4,40.9,45.2,44.3,45.0,54.6,52.1,49.9
2025-02-14 06:00:00,,,,,,,,,,,,,,,,,,,,39.4,35.9,10.8,6.6,39.3,40.8,45.1,44.2,44.9,54.5,52.1,49.8
2025-02-14 07:00:00,,,,,,,,,,,,,,,,,,,,39.3,35.8,10.8,6.6,39.2,40.8,45.0,44.2,44.9,54.5,52.1,49.8
2025-02-14 08:00:00,,,,,,,,,,,,,,,,,,,,39.3,35.7,10.8,6.5,39.1,40.7,44.9,44.1,44.8,54.4,52.1,49.8
2025-02-14 09:00:00,,,,,,,,,,,,,,,,,,,,39.3,35.7,10.8,6.5,39.1,40.6,44.9,44.0,44.8,54.4,52.0,49.8
2025-02-14 10:00:00,,,,,,,,,,,,,,,,,,,,39.2,35.6,10.8,6.5,39.1,40.6,44.8,44.0,44.7,54.4,52.0,49.7
2025-02-14 11:00:00,,,,,,,,,,,,,,,,,,,,39.2,35.6,10.8,6.5,39.0,40.5,44.8,43.9,44.6,54.4,52.0,49.7
2025-02-14 12:00:00,,,,,,,,,,,,,,,,,,,,39.0,35.5,10.8,6.5,38.9,40.4,44.7,43.8,44.6,54.3,51.9,49.7
2025-02-14 13:00:00,,,,,,,,,,,,,,,,,,,,39.0,35.5,10.8,6.5,38.9,40.4,44.6,43.7,44.5,54.3,51.9,49.7
2025-02-14 14:00:00,,,,,,,,,,,,,,,,,,,,38.9,35.3,10.7,6.5,38.8,40.3,44.6,43.6,44.5,54.3,51.8,49.7
2025-02-14 15:00:00,,,,,,,,,,,,,,,,,,,,38.8,35.2,10.7,6.4,38.8,40.3,44.5,43.5,44.4,54.2,51.8,49.7
2025-02-14 16:00:00,,,,,,,,,,,,,,,,,,,,38.6,35.1,10.7,6.4,38.7,40.2,44.4,43.5,44.4,54.2,51.8,49.6
2025-02-14 17:00:00,,,,,,,,,,,,,,,,,,,,38.6,35.1,10.7,6.4,38.6,40.2,44.4,43.4,44.3,54.2,51.8,49.6
2025-02-14 18:00:00,,,,,,,,,,,,,,,,,,,,38.5,35.0,10.7,6.4,38.6,40.1,44.3,43.4,44.3,54.2,51.8,49.6
2025-02-14 19:00:00,,,,,,,,,,,,,,,,,,,,38.5,34.9,10.7,6.4,38.6,40.1,44.2,43.4,44.3,54.2,51.7,49.6
2025-02-14 20:00:00,,,,,,,,,,,,,,,,,,,,38.4,34.9,10.7,6.4,38.5,40.0,44.2,43.4,44.3,54.2,51.7,49.6
2025-02-14 21:00:00,,,,,,,,,,,,,,,,,,,,38.3,34.8,10.7,6.4,38.5,40.0,44.2,43.4,44.2,54.1,51.7,49.6
2025-02-14 22:00:00,,,,,,,,,,,,,,,,,,,,38.3,34.8,10.7,6.4,38.5,39.9,44.2,43.4,44.2,54.1,51.7,49.6
2025-02-14 23:00:00,,,,,,,,,,,,,,,,,,,,38.2,34.7,10.6,6.4,38.5,39.9,44.2,43.4,44.2,54.1,51.7,49.6
2025-02-15 01:00:00,,,,,,,,,,,,,,,,,,,,38.1,34.6,10.5,6.4,38.4,39.8,44.1,43.4,44.2,54.1,51.7,49.6
2025-02-15 02:00:00,,,,,,,,,,,,,,,,,,,,38.0,34.5,10.5,6.3,38.4,39.8,44.1,43.4,44.2,54.1,51.6,49.6
2025-02-15 03:00:00,,,,,,,,,,,,,,,,,,,,38.0,34.6,10.5,6.4,38.3,39.8,44.1,43.4,44.2,54.1,51.6,49.5
2025-02-15 04:00:00,,,,,,,,,,,,,,,,,,,,37.9,34.5,10.5,6.3,38.3,39.8,44.0,43.3,44.1,54.1,51.6,49.5
2025-02-15 05:00:00,,,,,,,,,,,,,,,,,,,,37.9,34.4,10.5,6.3,38.3,39.7,44.0,43.3,44.1,54.0,51.6,49.5
2025-02-15 06:00:00,,,,,,,,,,,,,,,,,,,,37.8,34.4,10.5,6.3,38.3,39.7,44.0,43.3,44.1,54.0,51.6,49.5
2025-02-15 07:00:00,,,,,,,,,,,,,,,,,,,,37.7,34.3,10.6,6.3,38.2,39.6,43.9,43.3,44.1,54.0,51.6,49.5
2025-02-15 08:00:00,,,,,,,,,,,,,,,,,,,,37.7,34.3,10.6,6.3,38.2,39.6,43.9,43.3,44.1,54.0,51.6,49.5
2025-02-15 09:00:00,,,,,,,,,,,,,,,,,,,,37.6,34.3,10.6,6.3,38.2,39.6,43.9,43.3,44.1,54.0,51.6,49.5
2025-02-15 10:00:00,,,,,,,,,,,,,,,,,,,,37.5,34.2,10.6,6.3,38.2,39.6,43.9,43.1,44.0,54.0,51.5,49.5
2025-02-15 11:00:00,,,,,,,,,,,,,,,,,,,,37.2,34.0,10.5,6.3,38.1,39.5,43.8,43.0,43.9,53.9,51.5,49.5
2025-02-15 12:00:00,,,,,,,,,,,,,,,,,,,,37.0,33.8,10.5,6.3,38.0,39.4,43.7,42.9,43.9,53.8,51.4,49.5
2025-02-15 13:00:00,,,,,,,,,,,,,,,,,,,,36.7,33.5,10.4,6.3,37.9,39.3,43.7,42.8,43.8,53.8,51.4,49.5
2025-02-15 14:00:00,,,,,,,,,,,,,,,,,,,,36.6,33.4,10.4,6.3,37.9,39.3,43.6,42.8,43.8,53.8,51.4,49.4
2025-02-15 15:00:00,,,,,,,,,,,,,,,,,,,,36.5,33.5,10.4,6.3,37.9,39.3,43.6,42.8,43.8,53.8,51.4,49.4
2025-02-15 16:00:00,,,,,,,,,,,,,,,,,,,,36.4,33.4,10.4,6.3,37.8,39.2,43.6,42.8,43.8,53.8,51.4,49.4
2025-02-15 17:00:00,,,,,,,,,,,,,,,,,,,,36.3,33.3,10.4,6.3,37.8,39.1,43.6,42.8,43.7,53.8,51.4,49.4
2025-02-15 18:00:00,,,,,,,,,,,,,,,,,,,,36.3,33.2,10.4,6.3,37.8,39.1,43.6,42.8,43.8,53.8,51.4,49.4
2025-02-15 19:00:00,,,,,,,,,,,,,,,,,,,,36.3,33.2,10.3,6.3,37.6,39.1,43.5,42.8,43.8,53.8,51.4,49.4
2025-02-15 20:00:00,,,,,,,,,,,,,,,,,,,,36.2,33.2,10.4,6.3,37.6,39.1,43.5,42.8,43.8,53.8,51.4,49.4
2025-02-15 21:00:00,,,,,,,,,,,,,,,,,,,,36.2,33.1,10.3,6.3,37.6,39.0,43.5,42.9,43.7,53.8,51.4,49.4
2025-02-15 22:00:00,,,,,,,,,,,,,,,,,,,,36.1,33.1,10.3,6.3,37.6,39.0,43.5,42.9,43.7,53.8,51.4,49.4
2025-02-15 23:00:00,,,,,,,,,,,,,,,,,,,,36.1,33.1,10.3,6.3,37.6,39.0,43.5,42.9,43.8,53.8,51.3,49.4
2025-02-16 01:00:00,,,,,,,,,,,,,,,,,,,,36.0,33.0,10.3,6.2,37.5,39.0,43.5,42.9,43.7,53.7,51.3,49.4
2025-02-16 02:00:00,,,,,,,,,,,,,,,,,,,,36.0,33.0,10.3,6.2,37.5,38.9,43.4,42.9,43.7,53.7,51.3,49.4
2025-02-16 03:00:00,,,,,,,,,,,,,,,,,,,,36.0,32.9,10.3,6.2,37.5,38.9,43.4,42.9,43.7,53.7,51.3,49.4
2025-02-16 04:00:00,,,,,,,,,,,,,,,,,,,,35.9,33.0,10.3,6.2,37.4,38.9,43.4,42.9,43.6,53.7,51.3,49.4
2025-02-16 05:00:00,,,,,,,,,,,,,,,,,,,,36.0,32.9,10.3,6.2,37.4,38.9,43.4,42.9,43.6,53.7,51.3,49.4
2025-02-16 06:00:00,,,,,,,,,,,,,,,,,,,,35.9,32.9,10.3,6.2,37.4,38.9,43.4,42.9,43.6,53.7,51.3,49.4
2025-02-16 07:00:00,,,,,,,,,,,,,,,,,,,,35.9,32.8,10.3,6.2,37.4,38.9,43.4,42.9,43.6,53.7,51.3,49.4
2025-02-16 08:00:00,,,,,,,,,,,,,,,,,,,,35.8,32.9,10.3,6.2,37.4,38.8,43.4,42.9,43.6,53.6,51.3,49.4
2025-02-16 09:00:00,,,,,,,,,,,,,,,,,,,,35.8,32.8,10.3,6.2,37.3,38.8,43.3,42.8,43.6,53.6,51.3,49.4
2025-02-16 10:00:00,,,,,,,,,,,,,,,,,,,,35.6,32.7,10.3,6.2,37.3,38.8,43.3,42.7,43.5,53.6,51.3,49.4
2025-02-16 11:00:00,,,,,,,,,,,,,,,,,,,,35.5,32.5,10.2,6.2,37.3,38.7,43.2,42.6,43.5,53.5,51.2,49.4
2025-02-16 12:00:00,,,,,,,,,,,,,,,,,,,,35.4,32.4,10.2,6.2,37.3,38.7,43.2,42.6,43.5,53.5,51.2,49.4
2025-02-16 13:00:00,,,,,,,,,,,,,,,,,,,,35.4,32.4,10.2,6.2,37.2,38.7,43.2,42.6,43.5,53.5,51.2,49.4
2025-02-16 14:00:00,,,,,,,,,,,,,,,,,,,,35.2,32.4,10.2,6.2,37.2,38.7,43.2,42.5,43.5,53.5,51.2,49.4
2025-02-16 15:00:00,,,,,,,,,,,,,,,,,,,,35.2,32.3,10.2,6.2,37.2,38.6,43.2,42.5,43.5,53.5,51.2,49.4
2025-02-16 16:00:00,,,,,,,,,,,,,,,,,,,,35.2,32.2,10.2,6.2,37.1,38.6,43.2,42.5,43.5,53.5,51.2,49.4
2025-02-16 17:00:00,,,,,,,,,,,,,,,,,,,,35.1,32.2,10.2,6.2,37.1,38.6,43.2,42.5,43.5,53.5,51.2,49.4
2025-02-16 18:00:00,,,,,,,,,,,,,,,,,,,,35.1,32.2,10.2,6.1,37.1,38.5,43.1,42.5,43.5,53.5,51.2,49.4
2025-02-16 19:00:00,,,,,,,,,,,,,,,,,,,,35.1,32.2,10.2,6.1,37.0,38.5,43.1,42.5,43.5,53.5,51.2,49.4
2025-02-16 20:00:00,,,,,,,,,,,,,,,,,,,,35.0,32.2,10.2,6.2,37.0,38.5,43.1,42.5,43.5,53.5,51.2,49.4
2025-02-16 21:00:00,,,,,,,,,,,,,,,,,,,,35.0,32.1,10.2,6.2,37.0,38.5,43.1,42.6,43.5,53.5,51.2,49.4
2025-02-16 22:00:00,,,,,,,,,,,,,,,,,,,,35.0,32.1,10.2,6.2,37.0,38.5,43.0,42.6,43.5,53.4,51.2,49.4
2025-02-16 23:00:00,,,,,,,,,,,,,,,,,,,,35.0,32.1,10.2,6.1,37.0,38.5,43.0,42.6,43.5,53.4,51.2,49.4
2025-02-17 01:00:00,,,,,,,,,,,,,,,,,,,,34.9,32.1,10.2,6.2,37.0,38.4,43.0,42.6,43.5,53.4,51.2,49.4
2025-02-17 02:00:00,,,,,,,,,,,,,,,,,,,,34.9,32.1,10.1,6.2,36.9,38.4,43.0,42.6,43.5,53.4,51.2,49.4
2025-02-17 03:00:00,,,,,,,,,,,,,,,,,,,,34.8,32.0,10.1,6.2,36.9,38.4,43.0,42.5,43.5,53.4,51.2,49.4
2025-02-17 04:00:00,,,,,,,,,,,,,,,,,,,,34.8,32.0,10.1,6.2,36.9,38.4,43.0,42.5,43.5,53.4,51.2,49.4
2025-02-17 05:00:00,,,,,,,,,,,,,,,,,,,,34.8,32.0,10.1,6.2,36.9,38.4,43.0,42.5,43.5,53.4,51.2,49.4
2025-02-17 06:00:00,,,,,,,,,,,,,,,,,,,,34.7,32.0,10.1,6.2,36.9,38.4,43.0,42.5,43.4,53.4,51.1,49.4
2025-02-17 07:00:00,,,,,,,,,,,,,,,,,,,,34.7,31.9,10.1,6.1,36.9,38.4,43.0,42.5,43.4,53.4,51.2,49.4
2025-02-17 08:00:00,,,,,,,,,,,,,,,,,,,,34.7,32.0,10.1,6.2,36.9,38.4,43.0,42.5,43.4,53.3,51.2,49.4
2025-02-17 09:00:00,,,,,,,,,,,,,,,,,,,,34.6,31.9,10.1,6.2,36.8,38.4,42.9,42.4,43.3,53.2,51.1,49.4
2025-02-17 10:00:00,,,,,,,,,,,,,,,,,,,,34.6,31.9,10.1,6.2,36.8,38.3,42.9,42.4,43.3,53.2,51.1,49.4
2025-02-17 11:00:00,,,,,,,,,,,,,,,,,,,,34.5,31.8,10.1,6.1,36.8,38.3,42.9,42.4,43.3,53.2,51.1,49.4
2025-02-17 12:00:00,,,,,,,,,,,,,,,,,,,,34.4,31.7,10.1,6.1,36.8,38.3,42.9,42.3,43.3,53.2,51.1,49.4
2025-02-17 13:00:00,,,,,,,,,,,,,,,,,,,,34.4,31.7,10.1,6.1,36.7,38.2,42.9,42.3,43.3,53.2,51.0,49.3
2025-02-17 14:00:00,,,,,,,,,,,,,,,,,,,,34.3,31.5,10.1,6.1,36.7,38.2,42.9,42.3,43.3,53.2,51.0,49.3
2025-02-17 15:00:00,,,,,,,,,,,,,,,,,,,,34.2,31.5,10.1,6.1,36.7,38.2,42.8,42.3,43.3,53.1,51.0,49.3
2025-02-17 16:00:00,,,,,,,,,,,,,,,,,,,,34.1,31.5,10.1,6.1,36.7,38.2,42.8,42.2,43.3,53.1,51.0,49.3
2025-02-17 17:00:00,,,,,,,,,,,,,,,,,,,,34.2,31.5,10.1,6.1,36.7,38.1,42.8,42.2,43.3,53.1,51.0,49.3
2025-02-17 18:00:00,,,,,,,,,,,,,,,,,,,,34.1,31.4,10.0,6.1,36.6,38.1,42.8,42.2,43.3,53.1,51.0,49.3
2025-02-17 19:00:00,,,,,,,,,,,,,,,,,,,,34.0,31.4,10.0,6.1,36.6,38.1,42.7,42.2,43.3,53.1,51.0,49.3
2025-02-17 20:00:00,,,,,,,,,,,,,,,,,,,,34.0,31.4,10.0,6.1,36.6,38.1,42.7,42.2,43.3,53.1,51.0,49.3
2025-02-17 21:00:00,,,,,,,,,,,,,,,,,,,,34.0,31.4,10.0,6.1,36.6,38.1,42.7,42.2,43.2,53.1,51.0,49.3
2025-02-17 22:00:00,,,,,,,,,,,,,,,,,,,,33.9,31.4,10.0,6.1,36.6,38.1,42.7,42.2,43.3,53.1,51.0,49.3
2025-02-17 23:00:00,,,,,,,,,,,,,,,,,,,,33.9,31.4,10.0,6.1,36.6,38.1,42.7,42.2,43.2,53.1,51.0,49.3
2025-02-18 01:00:00,,,,,,,,,,,,,,,,,,,,33.9,31.3,10.0,6.1,36.5,38.1,42.7,42.2,43.2,53.1,51.0,49.3
2025-02-18 02:00:00,,,,,,,,,,,,,,,,,,,,33.8,31.3,10.0,6.0,36.5,38.1,42.7,42.2,43.2,53.1,51.0,49.3
2025-02-18 03:00:00,,,,,,,,,,,,,,,,,,,,33.8,31.3,10.0,6.0,36.5,38.1,42.7,42.2,43.3,53.1,51.0,49.3
2025-02-18 04:00:00,,,,,,,,,,,,,,,,,,,,33.8,31.2,10.0,6.1,36.5,38.0,42.7,42.2,43.2,53.1,51.0,49.3
2025-02-18 05:00:00,,,,,,,,,,,,,,,,,,,,33.8,31.3,10.0,6.0,36.5,38.0,42.7,42.2,43.3,53.1,51.0,49.3
2025-02-18 06:00:00,,,,,,,,,,,,,,,,,,,,33.8,31.3,10.0,6.0,36.5,38.0,42.7,42.2,43.2,53.1,51.0,49.3
2025-02-18 07:00:00,,,,,,,,,,,,,,,,,,,,33.8,31.2,10.0,6.0,36.5,38.0,42.7,42.2,43.3,53.1,51.0,49.3
2025-02-18 08:00:00,,,,,,,,,,,,,,,,,,,,33.8,31.2,10.0,6.0,36.4,38.0,42.7,42.2,43.2,53.1,51.0,49.3
2025-02-18 09:00:00,,,,,,,,,,,,,,,,,,,,33.7,31.2,10.0,6.0,36.4,38.0,42.6,42.1,43.1,53.1,50.9,49.3
2025-02-18 10:00:00,,,,,,,,,,,,,,,,,,,,33.6,31.1,10.0,6.1,36.4,37.9,42.6,42.1,43.1,53.0,50.9,49.2
2025-02-18 11:00:00,,,,,,,,,,,,,,,,,,,,33.4,30.9,10.0,6.1,36.4,37.9,42.6,42.0,43.1,53.0,50.9,49.2
2025-02-18 12:00:00,,,,,,,,,,,,,,,,,,,,33.2,30.8,10.0,6.0,36.3,37.9,42.5,41.9,43.0,53.0,50.8,49.2
2025-02-18 13:00:00,,,,,,,,,,,,,,,,,,,,33.1,30.7,9.9,6.0,36.3,37.8,42.5,41.9,43.0,53.0,50.8,49.2
2025-02-18 14:00:00,,,,,,,,,,,,,,,,,,,,33.1,30.6,9.9,6.0,36.3,37.8,42.5,41.9,43.0,53.0,50.8,49.2
2025-02-18 15:00:00,,,,,,,,,,,,,,,,,,,,33.0,30.6,9.9,6.0,36.3,37.8,42.5,41.8,43.0,53.0,50.8,49.2
2025-02-18 16:00:00,,,,,,,,,,,,,,,,,,,,32.9,30.6,9.9,6.0,36.3,37.8,42.5,41.9,43.0,53.0,50.8,49.2
2025-02-18 17:00:00,,,,,,,,,,,,,,,,,,,,32.8,30.6,9.9,6.0,36.2,37.8,42.5,41.8,43.1,52.9,50.8,49.2
2025-02-18 18:00:00,,,,,,,,,,,,,,,,,,,,32.8,30.6,9.9,6.0,36.2,37.8,42.4,41.9,43.1,52.9,50.8,49.2
2025-02-18 19:00:00,,,,,,,,,,,,,,,,,,,,32.8,30.6,9.9,6.0,36.2,37.7,42.4,41.9,43.0,52.9,50.8,49.2
2025-02-18 20:00:00,,,,,,,,,,,,,,,,,,,,32.8,30.5,9.9,6.0,36.2,37.7,42.4,41.9,43.0,52.9,50.8,49.2
2025-02-18 21:00:00,,,,,,,,,,,,,,,,,,,,32.8,30.5,9.9,6.0,36.2,37.7,42.4,41.9,43.0,52.9,50.8,49.2
2025-02-18 22:00:00,,,,,,,,,,,,,,,,,,,,32.7,30.5,9.9,6.0,36.2,37.7,42.4,41.9,43.0,52.9,50.7,49.2
2025-02-18 23:00:00,,,,,,,,,,,,,,,,,,,,32.7,30.5,9.9,6.0,36.2,37.7,42.4,41.9,43.0,52.9,50.8,49.2
2025-02-19 01:00:00,,,,,,,,,,,,,,,,,,,,32.7,30.5,9.9,6.0,36.1,37.7,42.4,41.9,43.0,52.9,50.7,49.2
2025-02-19 02:00:00,,,,,,,,,,,,,,,,,,,,32.6,30.4,9.9,6.0,36.1,37.7,42.4,41.9,43.0,52.9,50.7,49.2
2025-02-19 03:00:00,,,,,,,,,,,,,,,,,,,,32.6,30.4,9.9,6.0,36.1,37.7,42.4,41.9,43.0,52.9,50.7,49.2
2025-02-19 04:00:00,,,,,,,,,,,,,,,,,,,,32.6,30.4,9.9,6.0,36.1,37.7,42.4,41.9,43.0,52.9,50.7,49.2
2025-02-19 05:00:00,,,,,,,,,,,,,,,,,,,,32.5,30.4,9.9,6.0,36.1,37.6,42.4,41.9,43.0,52.9,50.7,49.2
2025-02-19 06:00:00,,,,,,,,,,,,,,,,,,,,32.4,30.4,9.8,6.0,36.1,37.6,42.4,41.9,43.0,52.9,50.7,49.2
2025-02-19 07:00:00,,,,,,,,,,,,,,,,,,,,32.5,30.4,9.8,6.0,36.1,37.6,42.4,41.9,43.0,52.9,50.7,49.2
2025-02-19 08:00:00,,,,,,,,,,,,,,,,,,,,32.4,30.3,9.9,6.0,36.0,37.6,42.4,41.9,43.0,52.9,50.7,49.2
2025-02-19 09:00:00,,,,,,,,,,,,,,,,,,,,32.4,30.3,9.9,6.0,36.0,37.6,42.3,41.8,43.0,52.8,50.7,49.2
2025-02-19 10:00:00,,,,,,,,,,,,,,,,,,,,32.3,30.2,9.9,5.9,36.0,37.6,42.3,41.8,43.0,52.8,50.7,49.2
2025-02-19 11:00:00,,,,,,,,,,,,,,,,,,,,32.1,30.1,9.8,5.9,36.0,37.5,42.3,41.8,42.9,52.8,50.6,49.2
2025-02-19 12:00:00,,,,,,,,,,,,,,,,,,,,32.0,30.0,9.8,5.9,35.9,37.5,42.3,41.7,42.9,52.8,50.6,49.2
2025-02-19 13:00:00,,,,,,,,,,,,,,,,,,,,31.8,29.8,9.8,5.9,35.9,37.5,42.2,41.6,42.9,52.8,50.6,49.1
2025-02-19 14:00:00,,,,,,,,,,,,,,,,,,,,31.8,29.7,9.8,5.9,35.9,37.4,42.2,41.6,42.9,52.8,50.6,49.1
2025-02-19 15:00:00,,,,,,,,,,,,,,,,,,,,31.7,29.7,9.8,5.9,35.9,37.4,42.2,41.6,42.9,52.8,50.6,49.1
2025-02-19 16:00:00,,,,,,,,,,,,,,,,,,,,31.6,29.7,9.8,5.9,35.8,37.4,42.2,41.6,42.9,52.8,50.6,49.1
2025-02-19 17:00:00,,,,,,,,,,,,,,,,,,,,31.6,29.7,9.8,5.9,35.8,37.4,42.1,41.6,42.9,52.8,50.6,49.1
2025-02-19 18:00:00,,,,,,,,,,,,,,,,,,,,31.5,29.7,9.8,5.9,35.8,37.4,42.1,41.6,42.9,52.8,50.6,49.1
2025-02-19 19:00:00,,,,,,,,,,,,,,,,,,,,31.4,29.6,9.8,5.9,35.8,37.4,42.1,41.6,42.9,52.8,50.6,49.1
2025-02-19 20:00:00,,,,,,,,,,,,,,,,,,,,31.4,29.6,9.8,5.9,35.7,37.4,42.1,41.6,42.9,52.8,50.6,49.1
2025-02-19 21:00:00,,,,,,,,,,,,,,,,,,,,31.4,29.6,9.8,5.9,35.8,37.4,42.1,41.6,42.9,52.8,50.6,49.1
2025-02-19 22:00:00,,,,,,,,,,,,,,,,,,,,31.3,29.6,9.8,5.9,35.7,37.3,42.1,41.6,42.9,52.8,50.6,49.1
2025-02-19 23:00:00,,,,,,,,,,,,,,,,,,,,31.3,29.6,9.8,5.9,35.7,37.3,42.1,41.6,42.9,52.8,50.6,49.1
2025-02-20 01:00:00,,,,,,,,,,,,,,,,,,,,31.2,29.5,9.8,5.9,35.7,37.3,42.1,41.6,42.9,52.8,50.6,49.1
2025-02-20 02:00:00,,,,,,,,,,,,,,,,,,,,31.2,29.5,9.8,5.9,35.7,37.3,42.1,41.6,42.9,52.8,50.6,49.1
2025-02-20 03:00:00,,,,,,,,,,,,,,,,,,,,31.2,29.5,9.7,5.9,35.7,37.3,42.1,41.6,42.9,52.7,50.6,49.2
2025-02-20 04:00:00,,,,,,,,,,,,,,,,,,,,31.2,29.4,9.7,5.9,35.7,37.3,42.1,41.6,42.9,52.7,50.6,49.1
2025-02-20 05:00:00,,,,,,,,,,,,,,,,,,,,31.1,29.4,9.7,5.9,35.7,37.3,42.1,41.6,42.9,52.7,50.6,49.1
2025-02-20 06:00:00,,,,,,,,,,,,,,,,,,,,31.1,29.4,9.7,5.9,35.6,37.3,42.1,41.6,42.9,52.7,50.6,49.1
2025-02-20 07:00:00,,,,,,,,,,,,,,,,,,,,31.1,29.4,9.7,5.9,35.6,37.2,42.1,41.6,42.9,52.7,50.6,49.1
2025-02-20 08:00:00,,,,,,,,,,,,,,,,,,,,31.0,29.4,9.7,5.9,35.6,37.2,42.1,41.7,42.9,52.7,50.6,49.2
2025-02-20 09:00:00,,,,,,,,,,,,,,,,,,,,31.0,29.4,9.7,5.9,35.6,37.2,42.1,41.6,42.9,52.7,50.5,49.1
2025-02-20 10:00:00,,,,,,,,,,,,,,,,,,,,30.9,29.3,9.7,5.9,35.6,37.2,42.1,41.6,42.8,52.7,50.5,49.1
2025-02-20 11:00:00,,,,,,,,,,,,,,,,,,,,30.8,29.2,9.7,5.9,35.6,37.2,42.0,41.5,42.8,52.7,50.5,49.1
2025-02-20 12:00:00,,,,,,,,,,,,,,,,,,,,30.6,29.0,9.7,5.9,35.5,37.2,42.0,41.5,42.9,52.6,50.5,49.1
2025-02-20 13:00:00,,,,,,,,,,,,,,,,,,,,30.6,29.0,9.7,5.9,35.5,37.2,42.0,41.5,42.8,52.6,50.5,49.1
2025-02-20 14:00:00,,,,,,,,,,,,,,,,,,,,30.6,29.0,9.7,5.9,35.5,37.2,42.0,41.5,42.8,52.6,50.5,49.1
2025-02-20 15:00:00,,,,,,,,,,,,,,,,,,,,30.6,29.0,9.7,5.9,35.5,37.2,42.0,41.5,42.8,52.6,50.5,49.1
2025-02-20 16:00:00,,,,,,,,,,,,,,,,,,,,30.6,29.0,9.7,5.9,35.5,37.2,42.0,41.5,42.8,52.6,50.5,49.1
2025-02-20 17:00:00,,,,,,,,,,,,,,,,,,,,30.9,29.0,9.7,5.9,35.4,37.2,42.0,41.5,42.8,52.6,50.5,49.1
2025-02-20 18:00:00,,,,,,,,,,,,,,,,,,,,31.0,29.0,9.7,5.9,35.4,37.1,42.0,41.5,42.8,52.6,50.5,49.1
2025-02-20 19:00:00,,,,,,,,,,,,,,,,,,,,31.0,29.0,9.7,5.9,35.4,37.1,42.0,41.5,42.8,52.7,50.5,49.1
2025-02-20 20:00:00,,,,,,,,,,,,,,,,,,,,31.0,28.9,9.7,5.9,35.4,37.1,42.0,41.5,42.8,52.7,50.5,49.1
2025-02-20 21:00:00,,,,,,,,,,,,,,,,,,,,31.0,29.0,9.7,5.9,35.4,37.1,42.0,41.5,42.8,52.7,50.5,49.1
2025-02-20 22:00:00,,,,,,,,,,,,,,,,,,,,30.9,28.9,9.7,5.9,35.4,37.1,42.0,41.5,42.8,52.6,50.5,49.1
2025-02-20 23:00:00,,,,,,,,,,,,,,,,,,,,31.0,28.9,9.7,5.9,35.4,37.1,42.0,41.5,42.8,52.7,50.5,49.1
2025-02-21 01:00:00,,,,,,,,,,,,,,,,,,,,30.9,28.9,9.7,5.9,35.3,37.1,42.0,41.5,42.8,52.7,50.5,49.1
2025-02-21 02:00:00,,,,,,,,,,,,,,,,,,,,30.9,28.9,9.6,5.9,35.3,37.1,41.9,41.5,42.8,52.7,50.5,49.1
2025-02-21 03:00:00,,,,,,,,,,,,,,,,,,,,30.9,28.8,9.6,5.9,35.3,37.1,42.0,41.5,42.8,52.7,50.5,49.1
2025-02-21 04:00:00,,,,,,,,,,,,,,,,,,,,30.9,28.8,9.7,5.9,35.3,37.1,41.9,41.5,42.8,52.7,50.5,49.1
2025-02-21 05:00:00,,,,,,,,,,,,,,,,,,,,30.9,28.8,9.6,5.9,35.3,37.1,41.9,41.5,42.8,52.7,50.5,49.1
2025-02-21 06:00:00,,,,,,,,,,,,,,,,,,,,30.9,28.8,9.6,5.9,35.3,37.0,41.9,41.5,42.8,52.7,50.5,49.1
2025-02-21 07:00:00,,,,,,,,,,,,,,,,,,,,30.9,28.8,9.6,5.9,35.3,37.1,41.9,41.5,42.8,52.6,50.5,49.1
2025-02-21 08:00:00,,,,,,,,,,,,,,,,,,,,31.0,28.8,9.6,5.8,35.3,37.1,41.9,41.5,42.8,52.6,50.5,49.1
2025-02-21 09:00:00,,,,,,,,,,,,,,,,,,,,30.9,28.8,9.6,5.9,35.3,37.1,41.9,41.5,42.8,52.7,50.5,49.1
2025-02-21 10:00:00,,,,,,,,,,,,,,,,,,,,30.9,28.8,9.6,5.8,35.3,37.0,41.9,41.5,42.7,52.6,50.5,49.1
2025-02-21 11:00:00,,,,,,,,,,,,,,,,,,,,30.9,28.7,9.6,5.9,35.2,37.0,41.9,41.4,42.7,52.6,50.5,49.1
2025-02-21 12:00:00,,,,,,,,,,,,,,,,,,,,30.9,28.7,9.6,5.8,35.2,37.0,41.8,41.4,42.7,52.6,50.5,49.1
2025-02-21 13:00:00,,,,,,,,,,,,,,,,,,,,30.8,28.7,9.6,5.8,35.2,37.0,41.8,41.4,42.7,52.6,50.5,49.1
2025-02-21 14:00:00,,,,,,,,,,,,,,,,,,,,30.8,28.6,9.6,5.8,35.2,37.0,41.8,41.4,42.7,52.6,50.5,49.1
2025-02-21 15:00:00,,,,,,,,,,,,,,,,,,,,30.8,28.6,9.6,5.8,35.2,37.0,41.8,41.4,42.7,52.6,50.5,49.1
2025-02-21 16:00:00,,,,,,,,,,,,,,,,,,,,30.8,28.6,9.6,5.8,35.2,37.0,41.8,41.4,42.7,52.6,50.5,49.1
2025-02-21 17:00:00,,,,,,,,,,,,,,,,,,,,30.8,28.7,9.6,5.8,35.2,36.9,41.8,41.4,42.7,52.6,50.5,49.1
2025-02-21 18:00:00,,,,,,,,,,,,,,,,,,,,30.8,28.6,9.6,5.8,35.2,36.9,41.8,41.4,42.7,52.6,50.5,49.1
2025-02-21 19:00:00,,,,,,,,,,,,,,,,,,,,30.8,28.6,9.6,5.8,35.2,36.9,41.8,41.4,42.7,52.6,50.5,49.1
2025-02-21 20:00:00,,,,,,,,,,,,,,,,,,,,30.9,28.6,9.6,5.8,35.1,36.9,41.8,41.4,42.7,52.6,50.5,49.1
2025-02-21 21:00:00,,,,,,,,,,,,,,,,,,,,30.9,28.6,9.6,5.8,35.1,36.9,41.8,41.4,42.7,52.6,50.5,49.1
2025-02-21 22:00:00,,,,,,,,,,,,,,,,,,,,30.9,28.6,9.6,5.8,35.1,36.9,41.8,41.4,42.7,52.6,50.5,49.1
2025-02-21 23:00:00,,,,,,,,,,,,,,,,,,,,30.9,28.6,9.6,5.8,35.1,36.9,41.8,41.4,42.7,52.6,50.5,49.1
2025-02-22 01:00:00,,,,,,,,,,,,,,,,,,,,30.9,28.5,9.6,5.8,35.1,36.9,41.8,41.4,42.7,52.6,50.5,49.1
2025-02-22 02:00:00,,,,,,,,,,,,,,,,,,,,30.9,28.6,9.6,5.8,35.1,36.9,41.8,41.4,42.7,52.6,50.5,49.1
2025-02-22 03:00:00,,,,,,,,,,,,,,,,,,,,30.9,28.6,9.6,5.8,35.1,36.9,41.8,41.4,42.7,52.6,50.5,49.1
2025-02-22 04:00:00,,,,,,,,,,,,,,,,,,,,30.9,28.6,9.6,5.8,35.1,36.9,41.8,41.4,42.7,52.6,50.5,49.1
2025-02-22 05:00:00,,,,,,,,,,,,,,,,,,,,30.8,28.6,9.6,5.8,35.1,36.9,41.7,41.4,42.7,52.6,50.5,49.1
2025-02-22 06:00:00,,,,,,,,,,,,,,,,,,,,30.8,28.5,9.6,5.8,35.1,36.9,41.7,41.4,42.7,52.6,50.5,49.1
2025-02-22 07:00:00,,,,,,,,,,,,,,,,,,,,30.9,28.6,9.5,5.8,35.0,36.9,41.7,41.4,42.7,52.6,50.5,49.1
2025-02-22 08:00:00,,,,,,,,,,,,,,,,,,,,30.9,28.5,9.5,5.8,35.1,36.8,41.7,41.4,42.7,52.6,50.4,49.1
2025-02-22 09:00:00,,,,,,,,,,,,,,,,,,,,30.8,28.5,9.5,5.8,35.0,36.9,41.7,41.4,42.7,52.6,50.4,49.1
2025-02-22 10:00:00,,,,,,,,,,,,,,,,,,,,30.9,28.5,9.5,5.8,35.0,36.8,41.7,41.4,42.7,52.6,50.4,49.1
2025-02-22 11:00:00,,,,,,,,,,,,,,,,,,,,30.8,28.5,9.6,5.8,35.0,36.8,41.7,41.3,42.7,52.6,50.4,49.1
2025-02-22 12:00:00,,,,,,,,,,,,,,,,,,,,30.8,28.4,9.6,5.8,35.0,36.8,41.7,41.2,42.7,52.6,50.4,49.1
2025-02-22 13:00:00,,,,,,,,,,,,,,,,,,,,30.6,28.3,9.6,5.8,35.0,36.7,41.6,41.2,42.6,52.6,50.4,49.1
2025-02-22 14:00:00,,,,,,,,,,,,,,,,,,,,30.5,28.1,9.5,5.8,34.9,36.7,41.6,41.1,42.6,52.5,50.4,49.1
2025-02-22 15:00:00,,,,,,,,,,,,,,,,,,,,30.5,28.1,9.5,5.8,34.9,36.7,41.6,41.1,42.6,52.5,50.4,49.1
2025-02-22 16:00:00,,,,,,,,,,,,,,,,,,,,30.5,28.1,9.5,5.8,34.9,36.8,41.6,41.1,42.6,52.5,50.4,49.1
2025-02-22 17:00:00,,,,,,,,,,,,,,,,,,,,30.4,28.1,9.5,5.8,34.9,36.7,41.6,41.1,42.6,52.5,50.4,49.1
2025-02-22 18:00:00,,,,,,,,,,,,,,,,,,,,30.4,28.0,9.5,5.8,34.9,36.7,41.6,41.1,42.6,52.5,50.4,49.1
2025-02-22 19:00:00,,,,,,,,,,,,,,,,,,,,30.5,28.0,9.5,5.8,34.8,36.7,41.6,41.1,42.6,52.5,50.4,49.1
2025-02-22 20:00:00,,,,,,,,,,,,,,,,,,,,30.4,28.0,9.5,5.8,34.8,36.7,41.5,41.1,42.6,52.5,50.4,49.1
2025-02-22 21:00:00,,,,,,,,,,,,,,,,,,,,30.4,28.0,9.5,5.7,34.8,36.7,41.5,41.1,42.6,52.5,50.4,49.1
2025-02-22 22:00:00,,,,,,,,,,,,,,,,,,,,30.4,28.0,9.5,5.7,34.8,36.7,41.5,41.1,42.6,52.6,50.4,49.1
2025-02-22 23:00:00,,,,,,,,,,,,,,,,,,,,30.3,28.0,9.5,5.7,34.8,36.7,41.5,41.1,42.6,52.5,50.4,49.1
2025-02-23 01:00:00,,,,,,,,,,,,,,,,,,,,30.4,28.0,9.5,5.7,34.8,36.7,41.5,41.1,42.6,52.5,50.4,49.1
2025-02-23 02:00:00,,,,,,,,,,,,,,,,,,,,30.3,27.9,9.5,5.7,34.8,36.6,41.5,41.1,42.6,52.6,50.4,49.1
2025-02-23 03:00:00,,,,,,,,,,,,,,,,,,,,30.4,27.9,9.4,5.7,34.8,36.6,41.5,41.1,42.6,52.6,50.4,49.1
2025-02-23 04:00:00,,,,,,,,,,,,,,,,,,,,30.3,27.9,9.5,5.7,34.8,36.6,41.5,41.1,42.6,52.6,50.4,49.1
2025-02-23 05:00:00,,,,,,,,,,,,,,,,,,,,30.3,27.9,9.5,5.7,34.8,36.6,41.5,41.1,42.6,52.6,50.4,49.1
2025-02-23 06:00:00,,,,,,,,,,,,,,,,,,,,30.3,27.9,9.5,5.7,34.8,36.6,41.5,41.1,42.6,52.6,50.4,49.1
2025-02-23 07:00:00,,,,,,,,,,,,,,,,,,,,30.3,28.0,9.4,5.7,34.8,36.6,41.5,41.1,42.6,52.6,50.4,49.1
2025-02-23 08:00:00,,,,,,,,,,,,,,,,,,,,30.3,27.9,9.5,5.7,34.8,36.6,41.5,41.1,42.6,52.5,50.4,49.1
2025-02-23 09:00:00,,,,,,,,,,,,,,,,,,,,30.3,27.9,9.4,5.7,34.7,36.6,41.5,41.1,42.6,52.5,50.4,49.1
2025-02-23 10:00:00,,,,,,,,,,,,,,,,,,,,30.3,27.9,9.5,5.8,34.7,36.6,41.5,41.0,42.6,52.5,50.3,49.0
2025-02-23 11:00:00,,,,,,,,,,,,,,,,,,,,30.2,27.8,9.5,5.8,34.7,36.6,41.5,41.0,42.6,52.5,50.3,49.0
2025-02-23 12:00:00,,,,,,,,,,,,,,,,,,,,30.2,27.8,9.5,5.7,34.7,36.5,41.4,41.0,42.5,52.5,50.3,49.0
2025-02-23 13:00:00,,,,,,,,,,,,,,,,,,,,30.1,27.7,9.5,5.7,34.7,36.5,41.4,40.9,42.5,52.5,50.3,49.0
2025-02-23 14:00:00,,,,,,,,,,,,,,,,,,,,30.1,27.7,9.4,5.7,34.6,36.5,41.4,40.9,42.5,52.5,50.3,49.0
2025-02-23 15:00:00,,,,,,,,,,,,,,,,,,,,30.0,27.6,9.4,5.7,34.6,36.5,41.4,40.9,42.5,52.5,50.3,49.0
2025-02-23 16:00:00,,,,,,,,,,,,,,,,,,,,30.0,27.6,9.4,5.7,34.6,36.5,41.4,40.9,42.5,52.5,50.3,49.0
2025-02-23 17:00:00,,,,,,,,,,,,,,,,,,,,29.9,27.6,9.4,5.7,34.6,36.5,41.4,40.9,42.5,52.5,50.3,49.0
2025-02-23 18:00:00,,,,,,,,,,,,,,,,,,,,29.9,27.6,9.4,5.7,34.6,36.5,41.4,40.9,42.5,52.5,50.3,49.0
2025-02-23 19:00:00,,,,,,,,,,,,,,,,,,,,29.9,27.6,9.4,5.7,34.6,36.5,41.4,40.9,42.5,52.5,50.3,49.0
2025-02-23 20:00:00,,,,,,,,,,,,,,,,,,,,29.9,27.6,9.4,5.7,34.6,36.5,41.4,40.9,42.5,52.5,50.3,49.0
2025-02-23 21:00:00,,,,,,,,,,,,,,,,,,,,29.9,27.6,9.4,5.7,34.6,36.5,41.4,40.9,42.5,52.5,50.3,49.0
2025-02-23 22:00:00,,,,,,,,,,,,,,,,,,,,29.9,27.6,9.4,5.7,34.6,36.4,41.4,40.9,42.5,52.5,50.3,49.0
2025-02-23 23:00:00,,,,,,,,,,,,,,,,,,,,30.0,27.6,9.4,5.7,34.6,36.4,41.4,40.9,42.5,52.5,50.3,49.0
2025-02-24 01:00:00,,,,,,,,,,,,,,,,,,,,29.9,27.6,9.4,5.7,34.5,36.4,41.4,40.9,42.5,52.5,50.3,49.0
2025-02-24 02:00:00,,,,,,,,,,,,,,,,,,,,29.9,27.5,9.4,5.7,34.5,36.4,41.4,40.9,42.5,52.5,50.3,49.0
2025-02-24 03:00:00,,,,,,,,,,,,,,,,,,,,29.9,27.6,9.4,5.7,34.5,36.4,41.4,40.9,42.5,52.5,50.3,49.0
2025-02-24 04:00:00,,,,,,,,,,,,,,,,,,,,29.8,27.5,9.4,5.7,34.5,36.4,41.4,40.9,42.5,52.5,50.3,49.0
2025-02-24 05:00:00,,,,,,,,,,,,,,,,,,,,29.8,27.6,9.4,5.7,34.5,36.4,41.4,40.9,42.5,52.5,50.3,49.0
2025-02-24 06:00:00,,,,,,,,,,,,,,,,,,,,29.9,27.6,9.4,5.7,34.5,36.4,41.4,40.9,42.5,52.5,50.3,49.0
2025-02-24 07:00:00,,,,,,,,,,,,,,,,,,,,29.9,27.5,9.4,5.7,34.5,36.4,41.4,40.9,42.5,52.5,50.3,49.0
2025-02-24 08:00:00,,,,,,,,,,,,,,,,,,,,29.9,27.5,9.4,5.7,34.5,36.4,41.3,40.9,42.5,52.5,50.3,49.0
2025-02-24 09:00:00,,,,,,,,,,,,,,,,,,,,29.9,27.5,9.4,5.7,34.5,36.5,41.3,40.9,42.5,52.5,50.3,49.0
2025-02-24 10:00:00,,,,,,,,,,,,,,,,,,,,29.8,27.5,9.4,5.7,34.5,36.4,41.3,40.8,42.5,52.5,50.3,49.0
2025-02-24 11:00:00,,,,,,,,,,,,,,,,,,,,29.7,27.4,9.3,5.6,34.5,36.4,41.3,40.8,42.5,52.5,50.2,49.0
2025-02-24 12:00:00,,,,,,,,,,,,,,,,,,,,29.6,27.3,9.3,5.6,34.4,36.4,41.3,40.7,42.4,52.5,50.2,49.0
2025-02-24 13:00:00,,,,,,,,,,,,,,,,,,,,29.5,27.2,9.3,5.7,34.4,36.4,41.2,40.7,42.4,52.5,50.2,49.0
2025-02-24 14:00:00,,,,,,,,,,,,,,,,,,,,29.4,27.1,9.3,5.7,34.4,36.3,41.2,40.6,42.4,52.4,50.2,49.0
2025-02-24 15:00:00,,,,,,,,,,,,,,,,,,,,29.3,27.1,9.3,5.7,34.4,36.3,41.2,40.6,42.4,52.4,50.2,49.0
2025-02-24 16:00:00,,,,,,,,,,,,,,,,,,,,29.3,27.1,9.3,5.7,34.4,36.3,41.2,40.6,42.4,52.4,50.2,48.9
2025-02-24 17:00:00,,,,,,,,,,,,,,,,,,,,29.3,27.0,9.3,5.7,34.4,36.3,41.2,40.6,42.4,52.4,50.2,48.9
2025-02-24 18:00:00,,,,,,,,,,,,,,,,,,,,29.3,27.1,9.3,5.7,34.4,36.3,41.2,40.6,42.4,52.5,50.2,49.0
2025-02-24 19:00:00,,,,,,,,,,,,,,,,,,,,29.2,27.0,9.3,5.7,34.3,36.3,41.1,40.6,42.4,52.5,50.2,48.9
2025-02-24 20:00:00,,,,,,,,,,,,,,,,,,,,29.2,27.0,9.3,5.7,34.3,36.3,41.1,40.6,42.4,52.5,50.2,49.0
2025-02-24 21:00:00,,,,,,,,,,,,,,,,,,,,29.1,27.0,9.3,5.6,34.3,36.3,41.1,40.6,42.4,52.5,50.2,48.9
2025-02-24 22:00:00,,,,,,,,,,,,,,,,,,,,29.2,27.0,9.3,5.7,34.3,36.3,41.1,40.6,42.4,52.5,50.2,49.0
2025-02-24 23:00:00,,,,,,,,,,,,,,,,,,,,29.1,26.9,9.3,5.6,34.3,36.3,41.1,40.6,42.4,52.5,50.2,48.9
2025-02-25 01:00:00,,,,,,,,,,,,,,,,,,,,29.2,26.9,9.3,5.7,34.3,36.2,41.1,40.6,42.4,52.5,50.2,48.9
2025-02-25 02:00:00,,,,,,,,,,,,,,,,,,,,29.1,26.9,9.3,5.7,34.2,36.2,41.1,40.6,42.4,52.5,50.2,48.9
2025-02-25 03:00:00,,,,,,,,,,,,,,,,,,,,29.1,27.0,9.3,5.7,34.2,36.2,41.1,40.6,42.4,52.5,50.2,48.9
2025-02-25 04:00:00,,,,,,,,,,,,,,,,,,,,29.0,26.9,9.3,5.7,34.2,36.2,41.1,40.6,42.4,52.5,50.2,49.0
2025-02-25 05:00:00,,,,,,,,,,,,,,,,,,,,29.0,26.9,9.3,5.7,34.2,36.2,41.1,40.6,42.4,52.5,50.2,48.9
2025-02-25 06:00:00,,,,,,,,,,,,,,,,,,,,29.0,26.9,9.3,5.6,34.2,36.2,41.1,40.6,42.4,52.5,50.2,48.9
2025-02-25 07:00:00,,,,,,,,,,,,,,,,,,,,29.0,26.9,9.3,5.6,34.2,36.2,41.1,40.6,42.4,52.5,50.2,48.9
2025-02-25 08:00:00,,,,,,,,,,,,,,,,,,,,29.0,26.9,9.3,5.6,34.2,36.2,41.1,40.6,42.3,52.5,50.2,48.9
2025-02-25 09:00:00,,,,,,,,,,,,,,,,,,,,29.0,26.9,9.3,5.6,34.1,36.2,41.1,40.6,42.3,52.4,50.2,48.9
2025-02-25 10:00:00,,,,,,,,,,,,,,,,,,,,28.9,26.8,9.3,5.6,34.1,36.2,41.1,40.6,42.3,52.4,50.2,48.9
2025-02-25 11:00:00,,,,,,,,,,,,,,,,,,,,28.8,26.7,9.3,5.6,34.1,36.1,41.1,40.5,42.3,52.4,50.2,48.9
2025-02-25 12:00:00,,,,,,,,,,,,,,,,,,,,28.7,26.5,9.3,5.6,34.1,36.1,41.0,40.5,42.2,52.4,50.2,48.9
2025-02-25 13:00:00,,,,,,,,,,,,,,,,,,,,28.5,26.5,9.3,5.6,34.1,36.1,41.0,40.4,42.2,52.4,50.1,48.9
2025-02-25 14:00:00,,,,,,,,,,,,,,,,,,,,28.4,26.4,9.3,5.6,34.1,36.1,41.0,40.4,42.2,52.4,50.1,48.9
2025-02-25 15:00:00,,,,,,,,,,,,,,,,,,,,28.4,26.4,9.3,5.6,34.0,36.1,41.0,40.4,42.2,52.4,50.1,48.9
2025-02-25 16:00:00,,,,,,,,,,,,,,,,,,,,28.3,26.3,9.3,5.6,34.0,36.1,41.0,40.4,42.2,52.4,50.1,48.9
2025-02-25 17:00:00,,,,,,,,,,,,,,,,,,,,28.3,26.3,9.3,5.6,34.0,36.1,41.0,40.4,42.2,52.4,50.1,48.9
2025-02-25 18:00:00,,,,,,,,,,,,,,,,,,,,28.3,26.3,9.2,5.6,34.0,36.1,41.0,40.4,42.2,52.4,50.1,48.9
2025-02-25 19:00:00,,,,,,,,,,,,,,,,,,,,28.3,26.3,9.2,5.6,34.0,36.1,41.0,40.4,42.2,52.4,50.1,48.9
2025-02-25 20:00:00,,,,,,,,,,,,,,,,,,,,28.2,26.3,9.2,5.6,34.0,36.0,41.0,40.4,42.2,52.4,50.2,48.9
2025-02-25 21:00:00,,,,,,,,,,,,,,,,,,,,28.2,26.3,9.2,5.6,33.9,36.0,41.0,40.4,42.2,52.4,50.2,48.9
2025-02-25 22:00:00,,,,,,,,,,,,,,,,,,,,28.2,26.3,9.2,5.6,33.9,36.0,41.0,40.4,42.2,52.4,50.2,48.9
2025-02-25 23:00:00,,,,,,,,,,,,,,,,,,,,28.2,26.3,9.2,5.6,33.9,36.0,40.9,40.4,42.2,52.4,50.2,48.9
2025-02-26 01:00:00,,,,,,,,,,,,,,,,,,,,28.1,26.2,9.1,5.6,33.9,36.0,40.9,40.4,42.2,52.4,50.2,48.9
2025-02-26 02:00:00,,,,,,,,,,,,,,,,,,,,28.1,26.2,9.1,5.6,33.9,36.0,40.9,40.4,42.2,52.4,50.2,48.9
2025-02-26 03:00:00,,,,,,,,,,,,,,,,,,,,28.1,26.2,9.1,5.6,33.9,36.0,40.9,40.4,42.2,52.4,50.2,48.9
2025-02-26 04:00:00,,,,,,,,,,,,,,,,,,,,28.1,26.3,9.1,5.6,33.9,36.0,40.9,40.4,42.2,52.4,50.2,48.9
2025-02-26 05:00:00,,,,,,,,,,,,,,,,,,,,28.1,26.2,9.2,5.6,33.9,36.0,40.9,40.4,42.2,52.4,50.2,48.9
2025-02-26 06:00:00,,,,,,,,,,,,,,,,,,,,28.0,26.2,9.2,5.6,33.9,36.0,40.9,40.4,42.2,52.4,50.2,48.9
2025-02-26 07:00:00,,,,,,,,,,,,,,,,,,,,28.0,26.2,9.2,5.6,33.9,36.0,40.9,40.5,42.2,52.4,50.2,48.9
2025-02-26 08:00:00,,,,,,,,,,,,,,,,,,,,28.0,26.2,9.2,5.6,33.9,36.0,40.9,40.5,42.2,52.4,50.2,48.9
2025-02-26 09:00:00,,,,,,,,,,,,,,,,,,,,28.1,26.2,9.2,5.6,33.8,36.0,40.9,40.4,42.2,52.4,50.2,48.9
2025-02-26 10:00:00,,,,,,,,,,,,,,,,,,,,28.0,26.2,9.2,5.6,33.8,36.0,40.9,40.4,42.2,52.4,50.2,48.8
2025-02-26 11:00:00,,,,,,,,,,,,,,,,,,,,27.9,26.1,9.2,5.6,33.8,36.0,40.9,40.4,42.2,52.3,50.2,48.8
2025-02-26 12:00:00,,,,,,,,,,,,,,,,,,,,27.8,26.1,9.2,5.6,33.8,36.0,40.9,40.3,42.2,52.3,50.2,48.8
2025-02-26 13:00:00,,,,,,,,,,,,,,,,,,,,27.8,26.1,9.2,5.6,33.8,35.9,40.9,40.3,42.2,52.3,50.2,48.8
2025-02-26 14:00:00,,,,,,,,,,,,,,,,,,,,27.7,26.0,9.2,5.6,33.8,35.9,40.8,40.3,42.2,52.3,50.2,48.8
2025-02-26 15:00:00,,,,,,,,,,,,,,,,,,,,27.7,26.0,9.2,5.6,33.8,35.9,40.8,40.3,42.1,52.3,50.2,48.8
2025-02-26 16:00:00,,,,,,,,,,,,,,,,,,,,27.6,26.0,9.2,5.6,33.8,35.9,40.8,40.3,42.1,52.3,50.2,48.8
2025-02-26 17:00:00,,,,,,,,,,,,,,,,,,,,27.6,26.0,9.2,5.6,33.8,35.9,40.8,40.3,42.1,52.3,50.2,48.8
2025-02-26 18:00:00,,,,,,,,,,,,,,,,,,,,27.6,26.0,9.2,5.6,33.8,35.9,40.8,40.3,42.2,52.3,50.2,48.8
2025-02-26 19:00:00,,,,,,,,,,,,,,,,,,,,27.6,26.0,9.2,5.6,33.8,35.9,40.8,40.3,42.1,52.3,50.2,48.8
2025-02-26 20:00:00,,,,,,,,,,,,,,,,,,,,27.6,26.0,9.1,5.5,33.7,35.9,40.8,40.3,42.2,52.3,50.2,48.8
2025-02-26 21:00:00,,,,,,,,,,,,,,,,,,,,27.6,26.0,9.1,5.5,33.7,35.9,40.8,40.3,42.2,52.3,50.2,48.8
2025-02-26 22:00:00,,,,,,,,,,,,,,,,,,,,27.6,26.0,9.1,5.5,33.7,35.9,40.8,40.3,42.2,52.3,50.2,48.8
2025-02-26 23:00:00,,,,,,,,,,,,,,,,,,,,27.5,25.9,9.1,5.6,33.7,35.9,40.9,40.3,42.2,52.3,50.2,48.8
2025-02-27 01:00:00,,,,,,,,,,,,,,,,,,,,27.4,25.9,9.1,5.6,33.7,35.9,40.8,40.3,42.2,52.3,50.2,48.8
2025-02-27 02:00:00,,,,,,,,,,,,,,,,,,,,27.4,25.9,9.0,5.5,33.7,35.9,40.8,40.3,42.2,52.3,50.2,48.8
2025-02-27 03:00:00,,,,,,,,,,,,,,,,,,,,27.4,25.9,9.1,5.6,33.7,35.9,40.8,40.3,42.2,52.3,50.2,48.8
2025-02-27 04:00:00,,,,,,,,,,,,,,,,,,,,27.4,25.9,9.1,5.5,33.7,35.9,40.8,40.3,42.2,52.3,50.2,48.8
2025-02-27 05:00:00,,,,,,,,,,,,,,,,,,,,27.4,25.9,9.1,5.6,33.7,35.8,40.8,40.3,42.2,52.3,50.2,48.8
2025-02-27 06:00:00,,,,,,,,,,,,,,,,,,,,27.3,25.9,9.1,5.5,33.6,35.8,40.8,40.3,42.2,52.3,50.2,48.8
2025-02-27 07:00:00,,,,,,,,,,,,,,,,,,,,27.3,25.9,9.2,5.5,33.6,35.8,40.8,40.3,42.2,52.3,50.2,48.9
2025-02-27 08:00:00,,,,,,,,,,,,,,,,,,,,27.3,25.9,9.2,5.5,33.6,35.9,40.8,40.3,42.2,52.3,50.2,48.9
2025-02-27 09:00:00,,,,,,,,,,,,,,,,,,,,27.3,25.9,9.1,5.6,33.6,35.8,40.8,40.3,42.2,52.3,50.2,48.9
2025-02-27 10:00:00,,,,,,,,,,,,,,,,,,,,27.3,25.8,9.1,5.5,33.6,35.8,40.8,40.2,42.2,52.3,50.2,48.9
2025-02-27 11:00:00,,,,,,,,,,,,,,,,,,,,27.0,25.6,9.1,5.5,33.6,35.7,40.7,40.1,42.1,52.2,50.1,48.8
2025-02-27 12:00:00,,,,,,,,,,,,,,,,,,,,26.9,25.5,9.1,5.5,33.6,35.7,40.7,40.1,42.1,52.2,50.1,48.8
2025-02-27 13:00:00,,,,,,,,,,,,,,,,,,,,26.8,25.3,9.1,5.5,33.5,35.7,40.7,40.0,42.1,52.2,50.1,48.8
2025-02-27 14:00:00,,,,,,,,,,,,,,,,,,,,26.7,25.2,9.0,5.5,33.5,35.7,40.6,39.9,42.1,52.1,50.1,48.8
2025-02-27 15:00:00,,,,,,,,,,,,,,,,,,,,26.6,25.2,9.0,5.5,33.5,35.7,40.6,39.9,42.1,52.1,50.1,48.9
2025-02-27 16:00:00,,,,,,,,,,,,,,,,,,,,26.6,25.2,9.0,5.5,33.5,35.7,40.6,39.9,42.1,52.1,50.1,48.9
2025-02-27 17:00:00,,,,,,,,,,,,,,,,,,,,26.6,25.2,9.0,5.5,33.5,35.7,40.6,39.9,42.1,52.1,50.1,48.9
2025-02-27 18:00:00,,,,,,,,,,,,,,,,,,,,26.5,25.2,9.0,5.6,33.5,35.7,40.6,39.9,42.1,52.1,50.1,48.9
2025-02-27 19:00:00,,,,,,,,,,,,,,,,,,,,26.4,25.2,9.0,5.6,33.4,35.7,40.6,39.9,42.1,52.1,50.1,48.9
2025-02-27 20:00:00,,,,,,,,,,,,,,,,,,,,26.4,25.2,8.9,5.6,33.4,35.7,40.6,40.0,42.1,52.2,50.1,48.9
2025-02-27 21:00:00,,,,,,,,,,,,,,,,,,,,26.4,25.1,9.0,5.6,33.4,35.7,40.6,40.0,42.1,52.1,50.1,48.9
2025-02-27 22:00:00,,,,,,,,,,,,,,,,,,,,26.4,25.1,9.0,5.6,33.4,35.7,40.6,40.0,42.1,52.1,50.1,48.9
2025-02-27 23:00:00,,,,,,,,,,,,,,,,,,,,26.3,25.1,8.9,5.5,33.4,35.7,40.6,40.0,42.1,52.1,50.1,48.9
2025-02-28 01:00:00,,,,,,,,,,,,,,,,,,,,26.3,25.1,8.9,5.5,33.4,35.7,40.6,40.0,42.1,52.1,50.1,48.9
2025-02-28 02:00:00,,,,,,,,,,,,,,,,,,,,26.3,25.1,8.9,5.5,33.4,35.7,40.6,40.0,42.1,52.2,50.1,48.9
2025-02-28 03:00:00,,,,,,,,,,,,,,,,,,,,26.2,25.1,8.9,5.5,33.4,35.7,40.6,40.0,42.1,52.1,50.1,48.9
2025-02-28 04:00:00,,,,,,,,,,,,,,,,,,,,26.2,25.1,8.9,5.5,33.4,35.7,40.6,40.0,42.0,52.1,50.1,48.9
2025-02-28 05:00:00,,,,,,,,,,,,,,,,,,,,26.2,25.0,8.9,5.5,33.4,35.7,40.6,40.0,42.1,52.1,50.1,48.9
2025-02-28 06:00:00,,,,,,,,,,,,,,,,,,,,26.2,25.0,8.9,5.5,33.4,35.6,40.5,40.0,42.1,52.1,50.1,48.9
2025-02-28 07:00:00,,,,,,,,,,,,,,,,,,,,26.2,25.1,8.9,5.5,33.4,35.7,40.6,40.0,42.1,52.1,50.1,48.9
2025-02-28 08:00:00,,,,,,,,,,,,,,,,,,,,26.1,25.0,8.9,5.5,33.4,35.6,40.6,40.0,42.1,52.1,50.1,48.9
2025-02-28 09:00:00,,,,,,,,,,,,,,,,,,,,26.1,25.0,8.9,5.5,33.4,35.6,40.5,39.9,42.0,52.1,50.1,48.9
2025-02-28 10:00:00,,,,,,,,,,,,,,,,,,,,26.0,24.9,8.9,5.5,33.3,35.6,40.5,39.9,42.0,52.1,50.1,48.8
2025-02-28 11:00:00,,,,,,,,,,,,,,,,,,,,26.0,24.8,8.9,5.5,33.3,35.6,40.5,39.8,42.0,52.1,50.0,48.8
2025-02-28 12:00:00,,,,,,,,,,,,,,,,,,,,25.7,24.6,8.9,5.5,33.3,35.5,40.4,39.8,41.9,52.1,50.0,48.8
2025-02-28 13:00:00,,,,,,,,,,,,,,,,,,,,25.6,24.4,8.8,5.5,33.2,35.5,40.4,39.7,41.9,52.1,50.0,48.8
2025-02-28 14:00:00,,,,,,,,,,,,,,,,,,,,25.5,24.4,8.8,5.5,33.2,35.5,40.4,39.7,41.9,52.1,50.0,48.8
2025-02-28 15:00:00,,,,,,,,,,,,,,,,,,,,25.4,24.3,8.8,5.5,33.2,35.5,40.4,39.7,41.9,52.0,50.0,48.8
2025-02-28 16:00:00,,,,,,,,,,,,,,,,,,,,25.3,24.3,8.8,5.5,33.2,35.5,40.4,39.7,41.9,52.0,50.0,48.8
2025-02-28 17:00:00,,,,,,,,,,,,,,,,,,,,25.3,24.3,8.8,5.5,33.2,35.4,40.4,39.7,41.9,52.0,50.0,48.8
2025-02-28 18:00:00,,,,,,,,,,,,,,,,,,,,25.3,24.3,8.8,5.5,33.1,35.4,40.4,39.7,41.9,52.0,50.0,48.8
2025-02-28 19:00:00,,,,,,,,,,,,,,,,,,,,25.3,24.2,8.8,5.5,33.1,35.4,40.4,39.7,41.9,52.0,50.0,48.8
2025-02-28 20:00:00,,,,,,,,,,,,,,,,,,,,25.2,24.2,8.8,5.5,33.1,35.4,40.4,39.7,41.9,52.0,50.0,48.8
2025-02-28 21:00:00,,,,,,,,,,,,,,,,,,,,25.2,24.2,8.8,5.5,33.1,35.4,40.4,39.7,41.9,52.1,50.0,48.8
2025-02-28 22:00:00,,,,,,,,,,,,,,,,,,,,25.1,24.2,8.8,5.5,33.1,35.4,40.4,39.7,41.9,52.1,50.0,48.8
2025-02-28 23:00:00,,,,,,,,,,,,,,,,,,,,25.1,24.2,8.8,5.5,33.1,35.4,40.4,39.7,41.9,52.1,50.0,48.8
2025-03-01 01:00:00,,,,,,,,,,,,,,,,,,,,25.1,24.2,8.8,5.5,33.1,35.4,40.4,39.7,41.9,52.1,50.0,48.8
2025-03-01 02:00:00,,,,,,,,,,,,,,,,,,,,25.0,24.2,8.8,5.5,33.1,35.4,40.4,39.7,41.9,52.1,50.0,48.8
2025-03-01 03:00:00,,,,,,,,,,,,,,,,,,,,25.0,24.2,8.7,5.5,33.0,35.4,40.4,39.7,41.9,52.1,50.0,48.8
2025-03-01 04:00:00,,,,,,,,,,,,,,,,,,,,24.9,24.1,8.7,5.5,33.0,35.4,40.4,39.7,41.9,52.1,50.0,48.8
2025-03-01 05:00:00,,,,,,,,,,,,,,,,,,,,25.0,24.2,8.7,5.5,33.0,35.4,40.3,39.8,41.9,52.1,50.0,48.8
2025-03-01 06:00:00,,,,,,,,,,,,,,,,,,,,24.9,24.1,8.7,5.5,33.0,35.4,40.3,39.7,41.9,52.1,50.0,48.8
2025-03-01 07:00:00,,,,,,,,,,,,,,,,,,,,24.9,24.1,8.7,5.5,33.0,35.4,40.3,39.8,41.9,52.1,50.0,48.8
2025-03-01 08:00:00,,,,,,,,,,,,,,,,,,,,24.9,24.2,8.7,5.5,33.0,35.4,40.3,39.8,41.8,52.1,50.0,48.8
2025-03-01 09:00:00,,,,,,,,,,,,,,,,,,,,24.8,24.1,8.7,5.5,33.0,35.4,40.3,39.7,41.8,52.0,50.0,48.8
2025-03-01 10:00:00,,,,,,,,,,,,,,,,,,,,24.8,24.0,8.7,5.5,32.9,35.4,40.3,39.6,41.8,52.0,49.9,48.8
2025-03-01 11:00:00,,,,,,,,,,,,,,,,,,,,24.6,23.8,8.7,5.4,32.9,35.3,40.2,39.5,41.7,52.0,49.9,48.8
2025-03-01 12:00:00,,,,,,,,,,,,,,,,,,,,24.6,23.7,8.7,5.5,32.9,35.3,40.2,39.5,41.7,52.0,49.9,48.8
2025-03-01 13:00:00,,,,,,,,,,,,,,,,,,,,24.5,23.7,8.7,5.4,32.8,35.3,40.2,39.5,41.7,52.0,49.9,48.8
2025-03-01 14:00:00,,,,,,,,,,,,,,,,,,,,24.4,23.7,8.7,5.4,32.8,35.3,40.2,39.5,41.7,52.0,49.9,48.8
2025-03-01 15:00:00,,,,,,,,,,,,,,,,,,,,24.4,23.7,8.7,5.4,32.8,35.3,40.2,39.5,41.7,52.0,49.9,48.8
2025-03-01 16:00:00,,,,,,,,,,,,,,,,,,,,24.4,23.7,8.7,5.5,32.8,35.3,40.2,39.5,41.7,52.0,49.9,48.8
2025-03-01 17:00:00,,,,,,,,,,,,,,,,,,,,24.3,23.7,8.7,5.5,32.8,35.3,40.2,39.5,41.8,52.0,49.9,48.8
2025-03-01 18:00:00,,,,,,,,,,,,,,,,,,,,24.3,23.7,8.6,5.5,32.8,35.3,40.2,39.5,41.8,52.0,49.9,48.8
2025-03-01 19:00:00,,,,,,,,,,,,,,,,,,,,24.3,23.7,8.7,5.5,32.8,35.3,40.2,39.5,41.8,52.0,49.9,48.8
2025-03-01 20:00:00,,,,,,,,,,,,,,,,,,,,24.3,23.7,8.7,5.5,32.8,35.3,40.2,39.5,41.8,52.0,49.9,48.8
2025-03-01 21:00:00,,,,,,,,,,,,,,,,,,,,24.3,23.7,8.7,5.5,32.8,35.3,40.2,39.5,41.8,52.0,49.9,48.8
2025-03-01 22:00:00,,,,,,,,,,,,,,,,,,,,24.3,23.7,8.7,5.5,32.8,35.3,40.2,39.6,41.8,52.0,49.9,48.8
2025-03-01 23:00:00,,,,,,,,,,,,,,,,,,,,24.2,23.7,8.7,5.4,32.8,35.3,40.2,39.6,41.8,52.0,49.9,48.8
2025-03-02 01:00:00,,,,,,,,,,,,,,,,,,,,24.2,23.7,8.7,5.4,32.8,35.3,40.2,39.6,41.8,52.0,49.9,48.8
2025-03-02 02:00:00,,,,,,,,,,,,,,,,,,,,24.2,23.6,8.7,5.4,32.8,35.2,40.2,39.6,41.8,52.0,49.9,48.8
2025-03-02 03:00:00,,,,,,,,,,,,,,,,,,,,24.2,23.6,8.6,5.4,32.7,35.2,40.2,39.6,41.8,52.0,49.9,48.8
2025-03-02 04:00:00,,,,,,,,,,,,,,,,,,,,24.2,23.7,8.7,5.4,32.7,35.2,40.2,39.6,41.8,52.0,49.9,48.8
2025-03-02 05:00:00,,,,,,,,,,,,,,,,,,,,24.2,23.7,8.7,5.4,32.7,35.2,40.2,39.6,41.8,52.0,49.9,48.8
2025-03-02 06:00:00,,,,,,,,,,,,,,,,,,,,24.1,23.7,8.6,5.4,32.7,35.2,40.2,39.6,41.8,52.0,49.9,48.8
2025-03-02 07:00:00,,,,,,,,,,,,,,,,,,,,24.1,23.6,8.6,5.4,32.7,35.2,40.2,39.6,41.8,52.0,49.9,48.8
2025-03-02 08:00:00,,,,,,,,,,,,,,,,,,,,24.1,23.6,8.7,5.5,32.7,35.2,40.2,39.6,41.8,52.0,49.9,48.8
2025-03-02 09:00:00,,,,,,,,,,,,,,,,,,,,24.2,23.6,8.6,5.5,32.7,35.2,40.2,39.6,41.8,52.0,49.9,48.8
2025-03-02 10:00:00,,,,,,,,,,,,,,,,,,,,24.1,23.6,8.6,5.4,32.7,35.2,40.1,39.5,41.7,52.0,49.9,48.8
2025-03-02 11:00:00,,,,,,,,,,,,,,,,,,,,24.0,23.4,8.6,5.4,32.6,35.1,40.1,39.4,41.7,52.0,49.8,48.8
2025-03-02 12:00:00,,,,,,,,,,,,,,,,,,,,23.9,23.3,8.6,5.4,32.6,35.1,40.0,39.3,41.6,51.9,49.8,48.7
2025-03-02 13:00:00,,,,,,,,,,,,,,,,,,,,23.8,23.2,8.6,5.4,32.6,35.1,40.0,39.3,41.6,51.9,49.8,48.7
2025-03-02 14:00:00,,,,,,,,,,,,,,,,,,,,23.8,23.1,8.5,5.4,32.5,35.0,40.0,39.3,41.6,51.9,49.8,48.7
2025-03-02 15:00:00,,,,,,,,,,,,,,,,,,,,23.8,23.0,8.5,5.4,32.5,35.0,40.0,39.3,41.6,51.9,49.8,48.7
2025-03-02 16:00:00,,,,,,,,,,,,,,,,,,,,23.7,23.0,8.5,5.4,32.5,35.0,40.0,39.3,41.6,51.9,49.8,48.7
2025-03-02 17:00:00,,,,,,,,,,,,,,,,,,,,23.6,23.0,8.5,5.4,32.5,35.0,40.0,39.3,41.6,51.9,49.8,48.7
2025-03-02 18:00:00,,,,,,,,,,,,,,,,,,,,23.6,23.0,8.5,5.4,32.5,35.0,40.0,39.3,41.6,51.9,49.8,48.7
2025-03-02 19:00:00,,,,,,,,,,,,,,,,,,,,23.6,23.0,8.5,5.4,32.5,35.0,40.0,39.3,41.6,52.0,49.8,48.7
2025-03-02 20:00:00,,,,,,,,,,,,,,,,,,,,23.6,23.0,8.5,5.4,32.4,35.0,40.0,39.3,41.6,51.9,49.8,48.7
2025-03-02 21:00:00,,,,,,,,,,,,,,,,,,,,23.6,23.0,8.5,5.4,32.4,35.0,40.0,39.3,41.6,52.0,49.8,48.7
2025-03-02 22:00:00,,,,,,,,,,,,,,,,,,,,23.6,23.0,8.5,5.4,32.4,35.0,40.0,39.3,41.6,52.0,49.8,48.7
2025-03-02 23:00:00,,,,,,,,,,,,,,,,,,,,23.6,23.0,8.5,5.4,32.4,35.0,40.0,39.3,41.6,52.0,49.8,48.7
2025-03-03 01:00:00,,,,,,,,,,,,,,,,,,,,23.6,23.0,8.5,5.4,32.4,35.0,39.9,39.3,41.6,52.0,49.8,48.7
2025-03-03 02:00:00,,,,,,,,,,,,,,,,,,,,23.6,23.0,8.5,5.4,32.4,35.0,39.9,39.3,41.6,52.0,49.8,48.7
2025-03-03 03:00:00,,,,,,,,,,,,,,,,,,,,23.6,23.0,8.5,5.4,32.4,35.0,39.9,39.3,41.6,52.0,49.8,48.7
2025-03-03 04:00:00,,,,,,,,,,,,,,,,,,,,23.6,23.0,8.5,5.4,32.4,34.9,39.9,39.3,41.6,52.0,49.8,48.7
2025-03-03 05:00:00,,,,,,,,,,,,,,,,,,,,23.6,23.0,8.5,5.4,32.3,34.9,39.9,39.3,41.6,52.0,49.8,48.7
2025-03-03 06:00:00,,,,,,,,,,,,,,,,,,,,23.6,23.0,8.5,5.4,32.3,35.0,39.9,39.3,41.6,52.0,49.8,48.7
2025-03-03 07:00:00,,,,,,,,,,,,,,,,,,,,23.6,23.0,8.5,5.4,32.3,35.0,39.9,39.3,41.6,52.0,49.8,48.7
2025-03-03 08:00:00,,,,,,,,,,,,,,,,,,,,23.6,23.0,8.5,5.4,32.3,35.0,39.9,39.4,41.6,52.0,49.8,48.8
2025-03-03 09:00:00,,,,,,,,,,,,,,,,,,,,23.6,23.0,8.5,5.4,32.3,35.0,39.9,39.4,41.6,52.0,49.8,48.8
2025-03-03 10:00:00,,,,,,,,,,,,,,,,,,,,23.6,23.0,8.5,5.4,32.3,35.0,39.9,39.3,41.6,52.0,49.8,48.8
2025-03-03 11:00:00,,,,,,,,,,,,,,,,,,,,23.6,22.9,8.5,5.4,32.2,34.9,39.9,39.3,41.6,52.0,49.8,48.7
2025-03-03 12:00:00,,,,,,,,,,,,,,,,,,,,23.6,22.9,8.5,5.4,32.2,34.9,39.8,39.3,41.6,51.9,49.8,48.7
2025-03-03 13:00:00,,,,,,,,,,,,,,,,,,,,23.6,22.9,8.5,5.3,32.2,34.9,39.8,39.3,41.6,51.8,49.8,48.7
2025-03-03 14:00:00,,,,,,,,,,,,,,,,,,,,23.6,22.9,8.5,5.3,32.2,34.9,39.8,39.3,41.6,51.8,49.8,48.7
2025-03-03 15:00:00,,,,,,,,,,,,,,,,,,,,23.6,22.9,8.5,5.4,32.2,34.9,39.8,39.2,41.6,51.8,49.8,48.7
2025-03-03 16:00:00,,,,,,,,,,,,,,,,,,,,23.6,22.9,8.5,5.4,32.2,34.8,39.8,39.2,41.6,51.8,49.8,48.7
2025-03-03 17:00:00,,,,,,,,,,,,,,,,,,,,23.7,22.9,8.4,5.4,32.2,34.9,39.8,39.2,41.6,51.8,49.8,48.7
2025-03-03 18:00:00,,,,,,,,,,,,,,,,,,,,23.8,22.9,8.4,5.4,32.2,34.9,39.8,39.2,41.6,51.8,49.8,48.7
2025-03-03 19:00:00,,,,,,,,,,,,,,,,,,,,24.2,23.0,8.4,5.3,32.2,34.9,39.8,39.2,41.6,51.8,49.8,48.7
2025-03-03 20:00:00,,,,,,,,,,,,,,,,,,,,26.1,23.0,8.4,5.3,32.2,34.9,39.8,39.3,41.6,51.9,49.8,48.7
2025-03-03 21:00:00,,,,,,,,,,,,,,,,,,,,26.8,23.0,8.4,5.3,32.2,34.9,39.9,39.3,41.6,51.9,49.8,48.7
2025-03-03 22:00:00,,,,,,,,,,,,,,,,,,,,27.4,23.0,8.5,5.4,32.1,34.8,39.8,39.3,41.6,51.9,49.8,48.7
2025-03-03 23:00:00,,,,,,,,,,,,,,,,,,,,27.5,23.0,8.5,5.4,32.2,34.8,39.9,39.3,41.6,51.9,49.8,48.7
2025-03-04 01:00:00,,,,,,,,,,,,,,,,,,,,27.7,23.0,8.4,5.4,32.2,34.8,39.9,39.3,41.6,51.9,49.8,48.7
2025-03-04 02:00:00,,,,,,,,,,,,,,,,,,,,27.6,23.0,8.4,5.4,32.2,34.8,39.8,39.3,41.6,51.9,49.8,48.7
2025-03-04 03:00:00,,,,,,,,,,,,,,,,,,,,27.7,23.0,8.4,5.4,32.1,34.8,39.8,39.3,41.6,51.9,49.8,48.7
2025-03-04 04:00:00,,,,,,,,,,,,,,,,,,,,27.7,23.0,8.4,5.4,32.1,34.9,39.8,39.3,41.6,51.9,49.7,48.7
2025-03-04 05:00:00,,,,,,,,,,,,,,,,,,,,27.7,23.0,8.4,5.4,32.1,34.9,39.8,39.3,41.6,51.9,49.7,48.7
2025-03-04 06:00:00,,,,,,,,,,,,,,,,,,,,27.7,23.0,8.4,5.4,32.1,34.9,39.8,39.3,41.6,51.9,49.7,48.7
2025-03-04 07:00:00,,,,,,,,,,,,,,,,,,,,27.7,23.0,8.4,5.4,32.1,34.9,39.8,39.3,41.6,51.9,49.7,48.7
2025-03-04 08:00:00,,,,,,,,,,,,,,,,,,,,27.7,23.0,8.4,5.4,32.1,34.9,39.9,39.3,41.6,51.9,49.7,48.8
2025-03-04 09:00:00,,,,,,,,,,,,,,,,,,,,27.7,23.0,8.4,5.4,32.1,34.9,39.8,39.3,41.6,51.9,49.7,48.8
2025-03-04 10:00:00,,,,,,,,,,,,,,,,,,,,27.6,23.0,8.4,5.4,32.1,34.8,39.8,39.2,41.6,51.9,49.7,48.8
2025-03-04 11:00:00,,,,,,,,,,,,,,,,,,,,27.6,23.0,8.4,5.4,32.1,34.8,39.8,39.2,41.6,51.9,49.7,48.8
2025-03-04 12:00:00,,,,,,,,,,,,,,,,,,,,27.6,23.1,8.4,5.4,32.1,34.8,39.8,39.2,41.6,51.9,49.7,48.8
2025-03-04 13:00:00,,,,,,,,,,,,,,,,,,,,27.6,23.1,8.4,5.4,32.1,34.8,39.8,39.2,41.6,51.8,49.7,48.8
2025-03-04 14:00:00,,,,,,,,,,,,,,,,,,,,27.6,23.0,8.4,5.4,32.0,34.8,39.8,39.2,41.6,51.8,49.7,48.8
2025-03-04 15:00:00,,,,,,,,,,,,,,,,,,,,27.6,23.0,8.4,5.4,32.0,34.8,39.8,39.2,41.6,51.8,49.8,48.8
2025-03-04 16:00:00,,,,,,,,,,,,,,,,,,,,27.5,23.1,8.4,5.4,32.0,34.8,39.8,39.2,41.6,51.8,49.8,48.8
2025-03-04 17:00:00,,,,,,,,,,,,,,,,,,,,27.5,23.1,8.4,5.4,32.0,34.8,39.8,39.2,41.6,51.9,49.8,48.8
2025-03-04 18:00:00,,,,,,,,,,,,,,,,,,,,27.5,23.1,8.4,5.4,32.0,34.7,39.8,39.2,41.6,51.9,49.8,48.8
2025-03-04 19:00:00,,,,,,,,,,,,,,,,,,,,27.5,23.1,8.4,5.4,32.0,34.7,39.8,39.2,41.6,51.9,49.8,48.8
2025-03-04 20:00:00,,,,,,,,,,,,,,,,,,,,27.5,23.1,8.5,5.4,32.0,34.7,39.8,39.2,41.6,51.9,49.8,48.8
2025-03-04 21:00:00,,,,,,,,,,,,,,,,,,,,28.0,23.1,8.4,5.4,32.0,34.7,39.8,39.3,41.6,51.9,49.8,48.8
2025-03-04 22:00:00,,,,,,,,,,,,,,,,,,,,28.4,23.1,8.4,5.4,32.0,34.7,39.8,39.3,41.6,51.9,49.8,48.8
2025-03-04 23:00:00,,,,,,,,,,,,,,,,,,,,28.6,23.1,8.4,5.4,32.0,34.7,39.8,39.3,41.6,51.9,49.8,48.8
2025-03-05 01:00:00,,,,,,,,,,,,,,,,,,,,28.7,23.2,8.4,5.4,32.0,34.8,39.8,39.1,41.6,51.9,49.8,48.8
2025-03-05 02:00:00,,,,,,,,,,,,,,,,,,,,28.6,23.2,8.4,5.4,32.0,34.7,39.8,39.1,41.6,51.9,49.8,48.8
2025-03-05 03:00:00,,,,,,,,,,,,,,,,,,,,28.6,23.2,8.4,5.4,32.0,34.8,39.8,39.1,41.6,51.9,49.8,48.8
2025-03-05 04:00:00,,,,,,,,,,,,,,,,,,,,28.6,23.2,8.4,5.4,32.0,34.8,39.8,39.1,41.6,51.9,49.8,48.8
2025-03-05 05:00:00,,,,,,,,,,,,,,,,,,,,28.6,23.2,8.4,5.3,32.0,34.7,39.8,39.1,41.6,51.9,49.8,48.8
2025-03-05 06:00:00,,,,,,,,,,,,,,,,,,,,28.6,23.2,8.4,5.3,32.0,34.7,39.8,39.1,41.6,51.9,49.8,48.8
2025-03-05 07:00:00,,,,,,,,,,,,,,,,,,,,28.6,23.2,8.4,5.3,32.0,34.7,39.8,39.1,41.6,51.9,49.8,48.8
2025-03-05 08:00:00,,,,,,,,,,,,,,,,,,,,28.6,23.2,8.4,5.3,32.0,34.7,39.8,39.1,41.6,51.9,49.8,48.8
2025-03-05 09:00:00,,,,,,,,,,,,,,,,,,,,28.6,23.3,8.5,5.3,32.0,34.7,39.8,39.1,41.6,51.9,49.8,48.8
2025-03-05 10:00:00,,,,,,,,,,,,,,,,,,,,28.5,23.2,8.5,5.3,31.9,34.7,39.8,39.1,41.6,51.9,49.8,48.8
2025-03-05 11:00:00,,,,,,,,,,,,,,,,,,,,28.4,23.1,8.5,5.3,31.9,34.7,39.8,39.0,41.6,51.9,49.8,48.8
2025-03-05 12:00:00,,,,,,,,,,,,,,,,,,,,28.4,23.1,8.4,5.3,31.9,34.7,39.7,39.0,41.6,51.8,49.8,48.8
2025-03-05 13:00:00,,,,,,,,,,,,,,,,,,,,28.3,23.1,8.4,5.3,31.9,34.7,39.6,39.0,41.6,51.8,49.8,48.8
2025-03-05 14:00:00,,,,,,,,,,,,,,,,,,,,28.2,23.2,8.4,5.3,31.8,34.7,39.6,39.0,41.6,51.8,49.8,48.8
2025-03-05 15:00:00,,,,,,,,,,,,,,,,,,,,28.2,23.2,8.4,5.3,31.9,34.7,39.6,39.0,41.6,51.8,49.8,48.8
2025-03-05 16:00:00,,,,,,,,,,,,,,,,,,,,28.1,23.1,8.4,5.3,31.8,34.7,39.6,39.0,41.6,51.9,49.8,48.8
2025-03-05 17:00:00,,,,,,,,,,,,,,,,,,,,28.1,23.2,8.4,5.3,31.8,34.7,39.6,39.0,41.6,51.8,49.8,48.8
2025-03-05 18:00:00,,,,,,,,,,,,,,,,,,,,28.1,23.2,8.4,5.3,31.8,34.7,39.6,39.0,41.6,51.9,49.8,48.8
2025-03-05 19:00:00,,,,,,,,,,,,,,,,,,,,28.1,23.2,8.4,5.3,31.8,34.7,39.6,39.0,41.6,51.9,49.7,48.8
2025-03-05 20:00:00,,,,,,,,,,,,,,,,,,,,28.1,23.2,8.4,5.3,31.8,34.7,39.6,39.0,41.6,51.9,49.7,48.8
2025-03-05 21:00:00,,,,,,,,,,,,,,,,,,,,28.1,23.2,8.5,5.3,31.8,34.7,39.6,39.0,41.6,51.9,49.7,48.8
2025-03-05 22:00:00,,,,,,,,,,,,,,,,,,,,28.1,23.2,8.5,5.3,31.8,34.7,39.6,39.0,41.6,51.9,49.7,48.8
2025-03-05 23:00:00,,,,,,,,,,,,,,,,,,,,28.0,23.2,8.5,5.3,31.8,34.7,39.6,39.0,41.6,51.9,49.7,48.8
2025-03-06 01:00:00,,,,,,,,,,,,,,,,,,,,28.0,23.2,8.4,5.3,31.8,34.7,39.6,39.0,41.6,51.9,49.7,48.8
2025-03-06 02:00:00,,,,,,,,,,,,,,,,,,,,27.9,23.2,8.4,5.3,31.8,34.7,39.6,39.0,41.7,51.9,49.7,48.8
2025-03-06 03:00:00,,,,,,,,,,,,,,,,,,,,28.0,23.2,8.4,5.3,31.8,34.7,39.6,39.0,41.7,51.9,49.7,48.8
2025-03-06 04:00:00,,,,,,,,,,,,,,,,,,,,28.0,23.3,8.4,5.3,31.8,34.7,39.6,39.0,41.7,51.9,49.7,48.8
2025-03-06 05:00:00,,,,,,,,,,,,,,,,,,,,27.9,23.3,8.4,5.3,31.8,34.7,39.5,39.0,41.7,51.9,49.7,48.7
2025-03-06 06:00:00,,,,,,,,,,,,,,,,,,,,27.9,23.3,8.4,5.3,31.8,34.7,39.5,39.0,41.7,51.9,49.7,48.7
2025-03-06 07:00:00,,,,,,,,,,,,,,,,,,,,27.9,23.3,8.4,5.3,31.8,34.7,39.5,39.0,41.7,51.9,49.7,48.7
2025-03-06 08:00:00,,,,,,,,,,,,,,,,,,,,27.9,23.3,8.4,5.3,31.8,34.7,39.5,39.0,41.7,51.9,49.7,48.7
2025-03-06 09:00:00,,,,,,,,,,,,,,,,,,,,27.9,23.3,8.4,5.3,31.8,34.6,39.5,39.0,41.7,51.9,49.7,48.7
2025-03-06 10:00:00,,,,,,,,,,,,,,,,,,,,27.9,23.3,8.5,5.3,31.8,34.6,39.5,38.9,41.7,51.9,49.7,48.7
2025-03-06 11:00:00,,,,,,,,,,,,,,,,,,,,27.8,23.3,8.4,5.3,31.8,34.6,39.5,38.9,41.7,51.9,49.6,48.7
2025-03-06 12:00:00,,,,,,,,,,,,,,,,,,,,27.8,23.3,8.4,5.3,31.8,34.5,39.5,38.9,41.7,51.9,49.6,48.6
2025-03-06 13:00:00,,,,,,,,,,,,,,,,,,,,27.7,23.3,8.4,5.3,31.8,34.5,39.5,38.9,41.6,51.9,49.6,48.6
2025-03-06 14:00:00,,,,,,,,,,,,,,,,,,,,27.7,23.3,8.4,5.3,31.8,34.5,39.5,38.9,41.6,51.9,49.6,48.6
2025-03-06 15:00:00,,,,,,,,,,,,,,,,,,,,27.7,23.3,8.4,5.4,31.7,34.5,39.5,38.9,41.6,51.9,49.6,48.6
2025-03-06 16:00:00,,,,,,,,,,,,,,,,,,,,27.7,23.3,8.4,5.3,31.7,34.5,39.5,38.9,41.6,51.9,49.6,48.6
2025-03-06 17:00:00,,,,,,,,,,,,,,,,,,,,27.7,23.3,8.4,5.3,31.7,34.5,39.5,38.9,41.6,51.9,49.6,48.6
2025-03-06 18:00:00,,,,,,,,,,,,,,,,,,,,27.6,23.3,8.4,5.3,31.7,34.5,39.5,38.8,41.6,51.9,49.6,48.6
2025-03-06 19:00:00,,,,,,,,,,,,,,,,,,,,27.5,23.3,8.4,5.3,31.7,34.5,39.4,38.8,41.6,51.9,49.6,48.6
2025-03-06 20:00:00,,,,,,,,,,,,,,,,,,,,27.6,23.3,8.4,5.3,31.7,34.5,39.5,38.8,41.6,51.9,49.6,48.6
2025-03-06 21:00:00,,,,,,,,,,,,,,,,,,,,27.6,23.3,8.4,5.3,31.6,34.5,39.4,38.9,41.6,51.9,49.7,48.6
2025-03-06 22:00:00,,,,,,,,,,,,,,,,,,,,27.6,23.3,8.4,5.3,31.6,34.5,39.4,38.9,41.6,51.8,49.6,48.6
2025-03-06 23:00:00,,,,,,,,,,,,,,,,,,,,27.6,23.3,8.4,5.3,31.6,34.5,39.4,38.9,41.6,51.8,49.7,48.6
2025-03-07 01:00:00,,,,,,,,,,,,,,,,,,,,27.5,23.3,8.4,5.3,31.6,34.5,39.4,38.9,41.6,51.8,49.7,48.6
2025-03-07 02:00:00,,,,,,,,,,,,,,,,,,,,27.5,23.3,8.4,5.3,31.6,34.5,39.4,38.9,41.6,51.8,49.7,48.6
2025-03-07 03:00:00,,,,,,,,,,,,,,,,,,,,27.5,23.3,8.4,5.3,31.6,34.5,39.4,38.9,41.6,51.8,49.7,48.6
2025-03-07 04:00:00,,,,,,,,,,,,,,,,,,,,27.5,23.3,8.4,5.3,31.6,34.5,39.4,38.9,41.6,51.8,49.7,48.6
2025-03-07 05:00:00,,,,,,,,,,,,,,,,,,,,27.5,23.3,8.4,5.3,31.6,34.5,39.4,38.9,41.6,51.8,49.7,48.6
2025-03-07 06:00:00,,,,,,,,,,,,,,,,,,,,27.5,23.3,8.4,5.3,31.6,34.5,39.4,38.9,41.6,51.8,49.7,48.6
2025-03-07 07:00:00,,,,,,,,,,,,,,,,,,,,27.5,23.3,8.5,5.3,31.6,34.5,39.4,38.9,41.6,51.8,49.7,48.6
2025-03-07 08:00:00,,,,,,,,,,,,,,,,,,,,27.4,23.3,8.4,5.3,31.6,34.5,39.4,38.9,41.6,51.8,49.7,48.6
2025-03-07 09:00:00,,,,,,,,,,,,,,,,,,,,27.4,23.4,8.4,5.3,31.5,34.5,39.4,38.9,41.6,51.8,49.7,48.6
2025-03-07 10:00:00,,,,,,,,,,,,,,,,,,,,27.4,23.3,8.4,5.3,31.5,34.5,39.4,38.8,41.6,51.8,49.7,48.6
2025-03-07 11:00:00,,,,,,,,,,,,,,,,,,,,27.4,23.3,8.4,5.3,31.5,34.5,39.4,38.8,41.6,51.8,49.7,48.5
2025-03-07 12:00:00,,,,,,,,,,,,,,,,,,,,27.3,23.3,8.4,5.3,31.5,34.5,39.3,38.7,41.5,51.8,49.6,48.5
2025-03-07 13:00:00,,,,,,,,,,,,,,,,,,,,27.2,23.2,8.4,5.3,31.4,34.5,39.3,38.7,41.5,51.8,49.6,48.5
2025-03-07 14:00:00,,,,,,,,,,,,,,,,,,,,27.2,23.2,8.4,5.2,31.4,34.4,39.3,38.7,41.5,51.8,49.6,48.5
2025-03-07 15:00:00,,,,,,,,,,,,,,,,,,,,27.2,23.2,8.4,5.2,31.4,34.4,39.3,38.7,41.5,51.8,49.6,48.5
2025-03-07 16:00:00,,,,,,,,,,,,,,,,,,,,27.1,23.2,8.4,5.2,31.4,34.4,39.3,38.7,41.5,51.8,49.6,48.5
2025-03-07 17:00:00,,,,,,,,,,,,,,,,,,,,27.1,23.2,8.4,5.2,31.4,34.4,39.3,38.7,41.5,51.8,49.6,48.5
2025-03-07 18:00:00,,,,,,,,,,,,,,,,,,,,27.1,23.2,8.4,5.2,31.4,34.4,39.3,38.6,41.5,51.8,49.6,48.5
2025-03-07 19:00:00,,,,,,,,,,,,,,,,,,,,27.1,23.2,8.4,5.2,31.3,34.4,39.2,38.6,41.5,51.8,49.6,48.5
2025-03-07 20:00:00,,,,,,,,,,,,,,,,,,,,27.1,23.2,8.4,5.2,31.3,34.4,39.2,38.6,41.5,51.8,49.6,48.5
2025-03-07 21:00:00,,,,,,,,,,,,,,,,,,,,27.0,23.3,8.4,5.2,31.3,34.4,39.2,38.6,41.5,51.8,49.6,48.5
2025-03-07 22:00:00,,,,,,,,,,,,,,,,,,,,27.0,23.3,8.4,5.2,31.3,34.4,39.2,38.6,41.5,51.8,49.6,48.5
2025-03-07 23:00:00,,,,,,,,,,,,,,,,,,,,27.0,23.2,8.4,5.2,31.3,34.3,39.2,38.6,41.5,51.8,49.5,48.5
2025-03-08 01:00:00,,,,,,,,,,,,,,,,,,,,27.0,23.3,8.4,5.2,31.3,34.3,39.2,38.7,41.5,51.8,49.6,48.5
2025-03-08 02:00:00,,,,,,,,,,,,,,,,,,,,26.9,23.3,8.4,5.2,31.3,34.3,39.2,38.7,41.5,51.8,49.6,48.5
2025-03-08 03:00:00,,,,,,,,,,,,,,,,,,,,27.0,23.3,8.4,5.2,31.3,34.3,39.2,38.7,41.5,51.8,49.6,48.5
2025-03-08 04:00:00,,,,,,,,,,,,,,,,,,,,26.9,23.3,8.4,5.2,31.3,34.3,39.2,38.7,41.5,51.8,49.6,48.5
2025-03-08 05:00:00,,,,,,,,,,,,,,,,,,,,26.9,23.3,8.4,5.2,31.3,34.3,39.2,38.7,41.5,51.8,49.6,48.5
2025-03-08 06:00:00,,,,,,,,,,,,,,,,,,,,26.9,23.2,8.4,5.2,31.3,34.3,39.2,38.7,41.5,51.8,49.6,48.5
2025-03-08 07:00:00,,,,,,,,,,,,,,,,,,,,26.9,23.3,8.4,5.2,31.3,34.3,39.2,38.7,41.5,51.8,49.6,48.5
2025-03-08 08:00:00,,,,,,,,,,,,,,,,,,,,26.9,23.3,8.4,5.2,31.3,34.3,39.2,38.7,41.5,51.8,49.6,48.5
2025-03-08 09:00:00,,,,,,,,,,,,,,,,,,,,26.9,23.3,8.4,5.2,31.2,34.3,39.2,38.6,41.5,51.8,49.6,48.5
2025-03-08 10:00:00,,,,,,,,,,,,,,,,,,,,26.8,23.2,8.4,5.2,31.2,34.2,39.2,38.6,41.5,51.8,49.5,48.5
2025-03-08 11:00:00,,,,,,,,,,,,,,,,,,,,26.8,23.2,8.4,5.2,31.2,34.2,39.1,38.5,41.4,51.8,49.5,48.5
2025-03-08 12:00:00,,,,,,,,,,,,,,,,,,,,26.7,23.2,8.4,5.2,31.1,34.2,39.1,38.5,41.4,51.8,49.5,48.5
2025-03-08 13:00:00,,,,,,,,,,,,,,,,,,,,26.6,23.2,8.4,5.2,31.2,34.2,39.1,38.5,41.4,51.8,49.5,48.5
2025-03-08 14:00:00,,,,,,,,,,,,,,,,,,,,26.6,23.2,8.4,5.2,31.1,34.1,39.1,38.5,41.4,51.8,49.5,48.5
2025-03-08 15:00:00,,,,,,,,,,,,,,,,,,,,26.6,23.1,8.4,5.2,31.1,34.1,39.0,38.4,41.4,51.8,49.5,48.5
2025-03-08 16:00:00,,,,,,,,,,,,,,,,,,,,26.5,23.2,8.4,5.2,31.1,34.1,39.0,38.4,41.4,51.8,49.5,48.5
2025-03-08 17:00:00,,,,,,,,,,,,,,,,,,,,26.5,23.2,8.4,5.2,31.1,34.1,39.0,38.4,41.3,51.8,49.5,48.5
2025-03-08 18:00:00,,,,,,,,,,,,,,,,,,,,26.4,23.2,8.4,5.2,31.1,34.1,39.1,38.4,41.3,51.8,49.5,48.5
2025-03-08 19:00:00,,,,,,,,,,,,,,,,,,,,26.4,23.2,8.4,5.2,31.1,34.1,39.0,38.4,41.3,51.8,49.5,48.5
2025-03-08 20:00:00,,,,,,,,,,,,,,,,,,,,26.4,23.2,8.4,5.2,31.1,34.1,39.0,38.4,41.3,51.8,49.5,48.5
2025-03-08 21:00:00,,,,,,,,,,,,,,,,,,,,26.4,23.2,8.4,5.2,31.0,34.1,39.0,38.4,41.3,51.8,49.5,48.5
2025-03-08 22:00:00,,,,,,,,,,,,,,,,,,,,26.4,23.2,8.4,5.2,31.0,34.1,39.0,38.4,41.3,51.8,49.5,48.5
2025-03-08 23:00:00,,,,,,,,,,,,,,,,,,,,26.4,23.2,8.4,5.2,31.0,34.1,39.0,38.4,41.3,51.8,49.5,48.5
2025-03-09 01:00:00,,,,,,,,,,,,,,,,,,,,26.4,23.2,8.4,5.2,31.0,34.0,39.0,38.4,41.3,51.8,49.5,48.5
2025-03-09 02:00:00,,,,,,,,,,,,,,,,,,,,26.3,23.2,8.4,5.2,31.0,34.0,39.0,38.4,41.3,51.8,49.5,48.5
2025-03-09 03:00:00,,,,,,,,,,,,,,,,,,,,26.3,23.2,8.4,5.2,31.0,34.0,39.0,38.4,41.3,51.8,49.5,48.5
2025-03-09 04:00:00,,,,,,,,,,,,,,,,,,,,26.3,23.2,8.4,5.2,31.0,34.0,39.0,38.4,41.3,51.8,49.5,48.5
2025-03-09 05:00:00,,,,,,,,,,,,,,,,,,,,26.2,23.2,8.4,5.2,30.9,34.0,39.0,38.4,41.3,51.8,49.5,48.5
2025-03-09 06:00:00,,,,,,,,,,,,,,,,,,,,26.2,23.2,8.4,5.2,30.9,34.0,39.0,38.4,41.3,51.8,49.5,48.5
2025-03-09 07:00:00,,,,,,,,,,,,,,,,,,,,26.2,23.2,8.4,5.2,30.9,34.0,39.0,38.4,41.3,51.8,49.5,48.5
2025-03-09 08:00:00,,,,,,,,,,,,,,,,,,,,26.2,23.2,8.4,5.2,30.9,34.0,39.0,38.4,41.3,51.8,49.5,48.5
2025-03-09 09:00:00,,,,,,,,,,,,,,,,,,,,26.2,23.2,8.4,5.2,30.9,34.0,39.0,38.4,41.3,51.8,49.5,48.5
2025-03-09 10:00:00,,,,,,,,,,,,,,,,,,,,26.1,23.1,8.4,5.2,30.9,33.9,38.9,38.3,41.3,51.7,49.4,48.4
2025-03-09 11:00:00,,,,,,,,,,,,,,,,,,,,26.0,23.0,8.4,5.2,30.9,33.9,38.9,38.3,41.2,51.7,49.4,48.4
2025-03-09 12:00:00,,,,,,,,,,,,,,,,,,,,25.8,23.0,8.3,5.1,30.8,33.9,38.9,38.2,41.2,51.6,49.4,48.4
2025-03-09 13:00:00,,,,,,,,,,,,,,,,,,,,25.7,22.9,8.3,5.2,30.8,33.8,38.8,38.2,41.1,51.6,49.3,48.4
2025-03-09 14:00:00,,,,,,,,,,,,,,,,,,,,25.6,22.9,8.3,5.1,30.8,33.8,38.8,38.2,41.1,51.6,49.3,48.4
2025-03-09 15:00:00,,,,,,,,,,,,,,,,,,,,25.6,22.9,8.3,5.1,30.8,33.8,38.8,38.2,41.1,51.6,49.3,48.4
2025-03-09 16:00:00,,,,,,,,,,,,,,,,,,,,25.6,22.9,8.3,5.1,30.7,33.8,38.8,38.1,41.1,51.6,49.3,48.4
2025-03-09 17:00:00,,,,,,,,,,,,,,,,,,,,25.6,23.0,8.3,5.1,30.7,33.8,38.8,38.1,41.1,51.6,49.3,48.4
2025-03-09 18:00:00,,,,,,,,,,,,,,,,,,,,25.5,22.9,8.3,5.1,30.7,33.8,38.8,38.1,41.1,51.6,49.3,48.4
2025-03-09 19:00:00,,,,,,,,,,,,,,,,,,,,25.5,22.9,8.3,5.2,30.7,33.8,38.8,38.1,41.1,51.6,49.3,48.4
2025-03-09 20:00:00,,,,,,,,,,,,,,,,,,,,25.4,22.9,8.3,5.2,30.7,33.8,38.7,38.2,41.1,51.6,49.4,48.4
2025-03-09 21:00:00,,,,,,,,,,,,,,,,,,,,25.5,22.9,8.3,5.2,30.7,33.8,38.7,38.2,41.1,51.6,49.3,48.4
2025-03-09 22:00:00,,,,,,,,,,,,,,,,,,,,25.5,22.9,8.3,5.1,30.7,33.8,38.7,38.2,41.1,51.6,49.3,48.4
2025-03-09 23:00:00,,,,,,,,,,,,,,,,,,,,25.5,22.9,8.3,5.1,30.7,33.8,38.7,38.2,41.1,51.6,49.4,48.4
2025-03-10 01:00:00,,,,,,,,,,,,,,,,,,,,25.4,23.0,8.3,5.1,30.6,33.7,38.7,38.2,41.1,51.6,49.3,48.4
2025-03-10 02:00:00,,,,,,,,,,,,,,,,,,,,25.4,22.9,8.3,5.1,30.6,33.7,38.7,38.2,41.1,51.6,49.4,48.4
2025-03-10 03:00:00,,,,,,,,,,,,,,,,,,,,25.4,22.9,8.3,5.1,30.6,33.7,38.7,38.2,41.1,51.6,49.4,48.4
2025-03-10 04:00:00,,,,,,,,,,,,,,,,,,,,25.3,22.9,8.3,5.1,30.6,33.7,38.7,38.2,41.1,51.6,49.4,48.4
2025-03-10 05:00:00,,,,,,,,,,,,,,,,,,,,25.3,22.9,8.3,5.1,30.6,33.7,38.7,38.2,41.1,51.6,49.4,48.4
2025-03-10 06:00:00,,,,,,,,,,,,,,,,,,,,25.3,23.0,8.3,5.1,30.6,33.7,38.7,38.2,41.1,51.6,49.4,48.4
2025-03-10 07:00:00,,,,,,,,,,,,,,,,,,,,25.3,22.9,8.3,5.1,30.6,33.7,38.7,38.2,41.1,51.6,49.4,48.4
2025-03-10 08:00:00,,,,,,,,,,,,,,,,,,,,25.3,22.9,8.3,5.1,30.6,33.7,38.7,38.2,41.1,51.6,49.4,48.4
2025-03-10 09:00:00,,,,,,,,,,,,,,,,,,,,25.3,22.9,8.3,5.1,30.6,33.7,38.7,38.2,41.1,51.6,49.3,48.4
2025-03-10 10:00:00,,,,,,,,,,,,,,,,,,,,25.2,22.9,8.3,5.1,30.5,33.7,38.7,38.1,41.0,51.6,49.3,48.3
2025-03-10 11:00:00,,,,,,,,,,,,,,,,,,,,25.1,22.8,8.3,5.1,30.5,33.6,38.6,38.0,41.0,51.5,49.3,48.3
2025-03-10 12:00:00,,,,,,,,,,,,,,,,,,,,25.0,22.7,8.3,5.1,30.5,33.6,38.6,38.0,40.9,51.5,49.2,48.3
2025-03-10 13:00:00,,,,,,,,,,,,,,,,,,,,25.0,22.7,8.2,5.1,30.5,33.6,38.6,38.0,41.0,51.5,49.2,48.3
2025-03-10 14:00:00,,,,,,,,,,,,,,,,,,,,24.9,22.7,8.2,5.1,30.4,33.6,38.6,38.0,41.0,51.5,49.2,48.3
2025-03-10 15:00:00,,,,,,,,,,,,,,,,,,,,24.9,22.7,8.3,5.1,30.4,33.6,38.6,38.0,41.0,51.5,49.2,48.3
2025-03-10 16:00:00,,,,,,,,,,,,,,,,,,,,24.9,22.7,8.3,5.1,30.4,33.5,38.6,38.0,41.0,51.5,49.3,48.3
2025-03-10 17:00:00,,,,,,,,,,,,,,,,,,,,24.9,22.7,8.3,5.1,30.4,33.5,38.5,38.0,41.0,51.5,49.3,48.3
2025-03-10 18:00:00,,,,,,,,,,,,,,,,,,,,25.1,22.7,8.3,5.1,30.4,33.5,38.6,38.0,41.0,51.5,49.3,48.3
2025-03-10 19:00:00,,,,,,,,,,,,,,,,,,,,25.2,22.8,8.3,5.1,30.4,33.5,38.6,38.0,41.0,51.5,49.3,48.3
2025-03-10 20:00:00,,,,,,,,,,,,,,,,,,,,25.2,22.8,8.3,5.1,30.4,33.5,38.5,38.0,41.0,51.5,49.2,48.3
2025-03-10 21:00:00,,,,,,,,,,,,,,,,,,,,25.2,22.8,8.2,5.1,30.4,33.5,38.5,38.0,41.0,51.5,49.2,48.3
2025-03-10 22:00:00,,,,,,,,,,,,,,,,,,,,25.3,22.8,8.2,5.1,30.4,33.5,38.6,38.0,41.0,51.5,49.3,48.3
2025-03-10 23:00:00,,,,,,,,,,,,,,,,,,,,25.2,22.8,8.2,5.1,30.4,33.5,38.6,38.0,41.0,51.5,49.3,48.3
2025-03-11 01:00:00,,,,,,,,,,,,,,,,,,,,25.2,22.8,8.3,5.1,30.3,33.5,38.6,38.0,41.0,51.5,49.2,48.3
2025-03-11 02:00:00,,,,,,,,,,,,,,,,,,,,25.2,22.8,8.3,5.1,30.3,33.5,38.5,38.0,41.0,51.5,49.2,48.3
2025-03-11 03:00:00,,,,,,,,,,,,,,,,,,,,25.2,22.7,8.3,5.1,30.3,33.5,38.5,38.0,41.0,51.5,49.3,48.3
2025-03-11 04:00:00,,,,,,,,,,,,,,,,,,,,25.3,22.7,8.3,5.1,30.3,33.5,38.5,38.0,41.0,51.5,49.2,48.3
2025-03-11 05:00:00,,,,,,,,,,,,,,,,,,,,25.2,22.7,8.3,5.1,30.3,33.5,38.5,38.0,41.0,51.5,49.2,48.3
2025-03-11 06:00:00,,,,,,,,,,,,,,,,,,,,25.2,22.8,8.2,5.1,30.3,33.5,38.5,38.0,41.0,51.5,49.2,48.3
2025-03-11 07:00:00,,,,,,,,,,,,,,,,,,,,25.2,22.8,8.2,5.1,30.3,33.5,38.5,38.0,41.0,51.5,49.3,48.3
2025-03-11 08:00:00,,,,,,,,,,,,,,,,,,,,25.2,22.8,8.2,5.1,30.3,33.5,38.5,38.0,41.0,51.5,49.2,48.3
2025-03-11 09:00:00,,,,,,,,,,,,,,,,,,,,25.3,22.8,8.3,5.1,30.3,33.5,38.5,38.0,41.0,51.5,49.2,48.3
2025-03-11 10:00:00,,,,,,,,,,,,,,,,,,,,25.2,22.8,8.2,5.1,30.3,33.5,38.5,38.0,41.0,51.5,49.2,48.3
2025-03-11 11:00:00,,,,,,,,,,,,,,,,,,,,25.1,22.7,8.2,5.1,30.3,33.5,38.5,37.9,40.9,51.5,49.2,48.3
2025-03-11 12:00:00,,,,,,,,,,,,,,,,,,,,25.0,22.6,8.2,5.1,30.2,33.4,38.4,37.8,40.8,51.5,49.2,48.3
2025-03-11 13:00:00,,,,,,,,,,,,,,,,,,,,25.0,22.6,8.2,5.1,30.2,33.4,38.4,37.8,40.8,51.5,49.2,48.3
2025-03-11 14:00:00,,,,,,,,,,,,,,,,,,,,25.0,22.7,8.2,5.1,30.2,33.4,38.4,37.8,40.8,51.5,49.2,48.3
2025-03-11 15:00:00,,,,,,,,,,,,,,,,,,,,25.0,22.6,8.2,5.1,30.2,33.4,38.4,37.8,40.8,51.5,49.2,48.3
2025-03-11 16:00:00,,,,,,,,,,,,,,,,,,,,25.0,22.6,8.2,5.1,30.2,33.4,38.4,37.8,40.8,51.5,49.2,48.3
2025-03-11 17:00:00,,,,,,,,,,,,,,,,,,,,25.0,22.7,8.2,5.1,30.2,33.4,38.4,37.8,40.8,51.5,49.2,48.3
2025-03-11 18:00:00,,,,,,,,,,,,,,,,,,,,25.0,22.6,8.2,5.1,30.2,33.4,38.3,37.8,40.8,51.5,49.2,48.3
2025-03-11 19:00:00,,,,,,,,,,,,,,,,,,,,25.0,22.6,8.2,5.1,30.2,33.3,38.3,37.8,40.8,51.5,49.2,48.3
2025-03-11 20:00:00,,,,,,,,,,,,,,,,,,,,25.0,22.6,8.3,5.1,30.2,33.3,38.3,37.8,40.8,51.5,49.2,48.3
2025-03-11 21:00:00,,,,,,,,,,,,,,,,,,,,25.0,22.6,8.2,5.1,30.1,33.3,38.3,37.8,40.8,51.5,49.2,48.3
2025-03-11 22:00:00,,,,,,,,,,,,,,,,,,,,25.0,22.6,8.2,5.1,30.1,33.3,38.3,37.8,40.8,51.5,49.2,48.3
2025-03-11 23:00:00,,,,,,,,,,,,,,,,,,,,24.9,22.6,8.2,5.1,30.1,33.3,38.3,37.8,40.8,51.5,49.2,48.3
2025-03-12 01:00:00,,,,,,,,,,,,,,,,,,,,24.9,22.7,8.2,5.1,30.1,33.3,38.3,37.8,40.8,51.5,49.2,48.3
2025-03-12 02:00:00,,,,,,,,,,,,,,,,,,,,25.0,22.6,8.1,5.1,30.1,33.3,38.3,37.8,40.8,51.5,49.2,48.3
2025-03-12 03:00:00,,,,,,,,,,,,,,,,,,,,25.0,22.6,8.1,5.1,30.1,33.3,38.3,37.8,40.8,51.5,49.2,48.3
2025-03-12 04:00:00,,,,,,,,,,,,,,,,,,,,24.9,22.6,8.2,5.1,30.1,33.3,38.3,37.8,40.8,51.5,49.2,48.3
2025-03-12 05:00:00,,,,,,,,,,,,,,,,,,,,24.9,22.7,8.2,5.1,30.1,33.3,38.3,37.8,40.8,51.5,49.2,48.3
2025-03-12 06:00:00,,,,,,,,,,,,,,,,,,,,24.9,22.7,8.2,5.1,30.1,33.3,38.3,37.8,40.8,51.5,49.2,48.3
2025-03-12 07:00:00,,,,,,,,,,,,,,,,,,,,24.9,22.7,8.2,5.1,30.1,33.3,38.3,37.8,40.8,51.5,49.2,48.3
2025-03-12 08:00:00,,,,,,,,,,,,,,,,,,,,24.9,22.7,8.2,5.1,30.1,33.3,38.3,37.8,40.8,51.5,49.2,48.3
2025-03-12 09:00:00,,,,,,,,,,,,,,,,,,,,24.9,22.7,8.2,5.1,30.1,33.3,38.3,37.8,40.8,51.5,49.2,48.3
2025-03-12 10:00:00,,,,,,,,,,,,,,,,,,,,24.9,22.6,8.2,5.1,30.0,33.3,38.3,37.8,40.8,51.5,49.2,48.3
2025-03-12 11:00:00,,,,,,,,,,,,,,,,,,,,24.9,22.6,8.2,5.1,30.0,33.3,38.3,37.7,40.8,51.4,49.2,48.2
2025-03-12 12:00:00,,,,,,,,,,,,,,,,,,,,24.9,22.7,8.2,5.1,30.0,33.2,38.2,37.7,40.8,51.4,49.2,48.2
2025-03-12 13:00:00,,,,,,,,,,,,,,,,,,,,24.9,22.6,8.2,5.1,30.0,33.2,38.2,37.7,40.8,51.4,49.1,48.2
2025-03-12 14:00:00,,,,,,,,,,,,,,,,,,,,24.9,22.6,8.1,5.1,30.0,33.2,38.2,37.7,40.8,51.4,49.1,48.2
2025-03-12 15:00:00,,,,,,,,,,,,,,,,,,,,24.9,22.7,8.1,5.1,30.0,33.2,38.2,37.7,40.8,51.4,49.1,48.2
2025-03-12 16:00:00,,,,,,,,,,,,,,,,,,,,24.9,22.7,8.2,5.1,30.0,33.2,38.2,37.7,40.8,51.4,49.1,48.2
2025-03-12 17:00:00,,,,,,,,,,,,,,,,,,,,24.9,22.7,8.2,5.1,30.0,33.2,38.2,37.7,40.8,51.4,49.1,48.2
2025-03-12 18:00:00,,,,,,,,,,,,,,,,,,,,24.9,22.7,8.2,5.1,29.9,33.2,38.2,37.7,40.8,51.4,49.1,48.2
2025-03-12 19:00:00,,,,,,,,,,,,,,,,,,,,24.9,22.7,8.2,5.2,30.0,33.2,38.2,37.7,40.8,51.4,49.2,48.2
2025-03-12 20:00:00,,,,,,,,,,,,,,,,,,,,24.9,22.7,8.2,5.2,30.0,33.2,38.2,37.7,40.8,51.4,49.2,48.2
2025-03-12 21:00:00,,,,,,,,,,,,,,,,,,,,24.9,22.7,8.2,5.2,30.0,33.2,38.2,37.7,40.8,51.4,49.2,48.2
2025-03-12 22:00:00,,,,,,,,,,,,,,,,,,,,24.9,22.7,8.1,5.1,30.0,33.2,38.2,37.7,40.8,51.4,49.1,48.2
2025-03-12 23:00:00,,,,,,,,,,,,,,,,,,,,24.9,22.7,8.1,5.1,30.0,33.2,38.2,37.7,40.8,51.4,49.2,48.2
2025-03-13 01:00:00,,,,,,,,,,,,,,,,,,,,24.9,22.7,8.1,5.1,30.0,33.2,38.2,37.8,40.8,51.4,49.2,48.2
2025-03-13 02:00:00,,,,,,,,,,,,,,,,,,,,24.9,22.7,8.2,5.1,29.9,33.2,38.2,37.8,40.8,51.4,49.2,48.2
2025-03-13 03:00:00,,,,,,,,,,,,,,,,,,,,24.9,22.7,8.1,5.1,30.0,33.2,38.2,37.8,40.8,51.4,49.1,48.2
2025-03-13 04:00:00,,,,,,,,,,,,,,,,,,,,24.8,22.7,8.1,5.1,29.9,33.2,38.2,37.8,40.8,51.4,49.1,48.2
2025-03-13 05:00:00,,,,,,,,,,,,,,,,,,,,24.8,22.7,8.2,5.1,29.9,33.2,38.2,37.8,40.8,51.4,49.1,48.2
2025-03-13 06:00:00,,,,,,,,,,,,,,,,,,,,24.9,22.7,8.1,5.1,29.9,33.2,38.2,37.8,40.8,51.4,49.2,48.2
2025-03-13 07:00:00,,,,,,,,,,,,,,,,,,,,24.9,22.7,8.2,5.1,29.9,33.2,38.2,37.8,40.8,51.4,49.2,48.2
2025-03-13 08:00:00,,,,,,,,,,,,,,,,,,,,24.9,22.7,8.2,5.1,29.9,33.2,38.2,37.8,40.8,51.4,49.1,48.2
2025-03-13 09:00:00,,,,,,,,,,,,,,,,,,,,24.9,22.7,8.1,5.1,29.9,33.2,38.2,37.7,40.8,51.4,49.1,48.2
2025-03-13 10:00:00,,,,,,,,,,,,,,,,,,,,24.9,22.7,8.2,5.1,29.9,33.2,38.2,37.7,40.7,51.4,49.1,48.2
2025-03-13 11:00:00,,,,,,,,,,,,,,,,,,,,24.9,22.7,8.2,5.1,29.9,33.2,38.1,37.7,40.7,51.3,49.0,48.2
2025-03-13 12:00:00,,,,,,,,,,,,,,,,,,,,24.8,22.7,8.2,5.1,29.9,33.2,38.1,37.7,40.7,51.4,49.0,48.2
2025-03-13 13:00:00,,,,,,,,,,,,,,,,,,,,24.9,22.7,8.2,5.1,29.9,33.2,38.1,37.7,40.7,51.3,49.0,48.2
2025-03-13 14:00:00,,,,,,,,,,,,,,,,,,,,24.8,22.6,8.2,5.1,29.8,33.2,38.1,37.7,40.7,51.4,49.0,48.2
2025-03-13 15:00:00,,,,,,,,,,,,,,,,,,,,24.8,22.7,8.2,5.1,29.8,33.2,38.1,37.7,40.7,51.3,49.0,48.2
2025-03-13 16:00:00,,,,,,,,,,,,,,,,,,,,24.9,22.7,8.2,5.1,29.8,33.2,38.1,37.7,40.7,51.3,49.0,48.2
2025-03-13 17:00:00,,,,,,,,,,,,,,,,,,,,24.8,22.7,8.2,5.1,29.8,33.2,38.0,37.7,40.7,51.3,49.0,48.2
2025-03-13 18:00:00,,,,,,,,,,,,,,,,,,,,24.8,22.7,8.2,5.1,29.8,33.1,38.0,37.7,40.7,51.4,49.0,48.2
2025-03-13 19:00:00,,,,,,,,,,,,,,,,,,,,24.8,22.7,8.2,5.1,29.8,33.1,38.0,37.7,40.7,51.4,49.0,48.2
2025-03-13 20:00:00,,,,,,,,,,,,,,,,,,,,24.9,22.7,8.2,5.1,29.8,33.1,38.0,37.7,40.7,51.4,49.0,48.2
2025-03-13 21:00:00,,,,,,,,,,,,,,,,,,,,24.9,22.7,8.2,5.1,29.8,33.1,38.0,37.7,40.7,51.4,49.0,48.2
2025-03-13 22:00:00,,,,,,,,,,,,,,,,,,,,24.9,22.8,8.2,5.1,29.8,33.1,38.0,37.7,40.7,51.4,49.0,48.2
2025-03-13 23:00:00,,,,,,,,,,,,,,,,,,,,24.8,22.7,8.2,5.1,29.8,33.1,38.0,37.7,40.7,51.4,49.0,48.2
2025-03-14 01:00:00,,,,,,,,,,,,,,,,,,,,24.9,22.7,8.2,5.1,29.8,33.1,38.0,37.7,40.7,51.4,49.0,48.2
2025-03-14 02:00:00,,,,,,,,,,,,,,,,,,,,24.9,22.7,8.2,5.1,29.8,33.1,38.0,37.7,40.7,51.4,49.0,48.2
2025-03-14 03:00:00,,,,,,,,,,,,,,,,,,,,24.9,22.7,8.2,5.2,29.8,33.1,38.0,37.6,40.7,51.4,49.0,48.2
2025-03-14 04:00:00,,,,,,,,,,,,,,,,,,,,24.8,22.7,8.2,5.1,29.8,33.1,38.1,37.6,40.7,51.4,49.0,48.2
2025-03-14 05:00:00,,,,,,,,,,,,,,,,,,,,24.8,22.7,8.2,5.1,29.8,33.0,38.1,37.7,40.7,51.4,49.0,48.2
2025-03-14 06:00:00,,,,,,,,,,,,,,,,,,,,24.9,22.7,8.2,5.1,29.8,33.0,38.1,37.6,40.7,51.4,49.0,48.2
2025-03-14 07:00:00,,,,,,,,,,,,,,,,,,,,24.8,22.7,8.2,5.1,29.8,33.0,38.1,37.7,40.7,51.4,49.0,48.2
2025-03-14 08:00:00,,,,,,,,,,,,,,,,,,,,24.9,22.7,8.2,5.1,29.8,33.0,38.1,37.7,40.7,51.4,49.0,48.2
2025-03-14 09:00:00,,,,,,,,,,,,,,,,,,,,24.8,22.7,8.2,5.1,29.8,33.0,38.1,37.6,40.7,51.4,49.0,48.2
2025-03-14 10:00:00,,,,,,,,,,,,,,,,,,,,24.8,22.7,8.2,5.1,29.8,33.0,38.0,37.6,40.6,51.3,49.0,48.2
2025-03-14 11:00:00,,,,,,,,,,,,,,,,,,,,24.7,22.6,8.2,5.1,29.7,33.0,38.0,37.6,40.6,51.3,49.0,48.1
2025-03-14 12:00:00,,,,,,,,,,,,,,,,,,,,24.6,22.6,8.2,5.1,29.7,32.9,38.0,37.5,40.5,51.3,49.0,48.1
2025-03-14 13:00:00,,,,,,,,,,,,,,,,,,,,24.6,22.6,8.2,5.1,29.7,32.9,37.9,37.5,40.5,51.3,49.0,48.2
2025-03-14 14:00:00,,,,,,,,,,,,,,,,,,,,24.6,22.6,8.2,5.1,29.6,32.9,37.9,37.5,40.5,51.2,48.9,48.1
2025-03-14 15:00:00,,,,,,,,,,,,,,,,,,,,24.6,22.6,8.2,5.1,29.6,32.9,37.9,37.5,40.5,51.2,48.9,48.1
2025-03-14 16:00:00,,,,,,,,,,,,,,,,,,,,24.6,22.6,8.2,5.1,29.6,32.9,37.9,37.5,40.5,51.2,48.9,48.1
2025-03-14 17:00:00,,,,,,,,,,,,,,,,,,,,24.6,22.6,8.2,5.1,29.6,32.9,37.9,37.5,40.5,51.2,49.0,48.1
2025-03-14 18:00:00,,,,,,,,,,,,,,,,,,,,24.6,22.6,8.2,5.1,29.6,32.9,37.9,37.5,40.5,51.2,49.0,48.1
2025-03-14 19:00:00,,,,,,,,,,,,,,,,,,,,24.6,22.6,8.2,5.1,29.6,32.9,37.9,37.5,40.5,51.2,49.0,48.1
2025-03-14 20:00:00,,,,,,,,,,,,,,,,,,,,24.5,22.6,8.2,5.1,29.6,32.9,37.9,37.5,40.5,51.2,49.0,48.1
2025-03-14 21:00:00,,,,,,,,,,,,,,,,,,,,24.6,22.6,8.2,5.1,29.6,32.8,37.9,37.5,40.5,51.2,49.0,48.1
2025-03-14 22:00:00,,,,,,,,,,,,,,,,,,,,24.6,22.6,8.2,5.1,29.6,32.8,37.9,37.5,40.5,51.2,48.9,48.1
2025-03-14 23:00:00,,,,,,,,,,,,,,,,,,,,24.6,22.6,8.2,5.1,29.6,32.8,37.9,37.5,40.5,51.2,49.0,48.1
2025-03-15 01:00:00,,,,,,,,,,,,,,,,,,,,24.6,22.6,8.1,5.1,29.6,32.8,37.9,37.5,40.5,51.2,49.0,48.1
2025-03-15 02:00:00,,,,,,,,,,,,,,,,,,,,24.6,22.6,8.1,5.1,29.6,32.8,37.9,37.5,40.6,51.2,49.0,48.1
2025-03-15 03:00:00,,,,,,,,,,,,,,,,,,,,24.6,22.6,8.2,5.1,29.6,32.8,37.8,37.5,40.6,51.2,49.0,48.1
2025-03-15 04:00:00,,,,,,,,,,,,,,,,,,,,24.6,22.6,8.2,5.1,29.6,32.8,37.8,37.5,40.6,51.2,49.0,48.1
2025-03-15 05:00:00,,,,,,,,,,,,,,,,,,,,24.6,22.6,8.2,5.1,29.5,32.8,37.8,37.5,40.6,51.2,49.0,48.1
2025-03-15 06:00:00,,,,,,,,,,,,,,,,,,,,24.6,22.6,8.2,5.1,29.6,32.8,37.8,37.5,40.6,51.2,49.0,48.1
2025-03-15 07:00:00,,,,,,,,,,,,,,,,,,,,24.6,22.6,8.1,5.1,29.6,32.8,37.8,37.5,40.6,51.3,49.0,48.1
2025-03-15 08:00:00,,,,,,,,,,,,,,,,,,,,24.6,22.6,8.1,5.1,29.5,32.8,37.8,37.5,40.6,51.2,49.0,48.1
2025-03-15 09:00:00,,,,,,,,,,,,,,,,,,,,24.6,22.6,8.1,5.1,29.5,32.8,37.8,37.5,40.5,51.2,48.9,48.1
2025-03-15 10:00:00,,,,,,,,,,,,,,,,,,,,24.5,22.6,8.1,5.1,29.5,32.8,37.8,37.4,40.5,51.2,48.9,48.1
2025-03-15 11:00:00,,,,,,,,,,,,,,,,,,,,24.5,22.6,8.1,5.1,29.5,32.8,37.8,37.4,40.5,51.2,48.9,48.1
2025-03-15 12:00:00,,,,,,,,,,,,,,,,,,,,24.5,22.6,8.1,5.1,29.5,32.8,37.8,37.4,40.5,51.2,48.9,48.1
2025-03-15 13:00:00,,,,,,,,,,,,,,,,,,,,24.4,22.5,8.1,5.1,29.5,32.7,37.7,37.4,40.5,51.2,48.9,48.1
2025-03-15 14:00:00,,,,,,,,,,,,,,,,,,,,24.4,22.5,8.1,5.1,29.4,32.7,37.7,37.4,40.5,51.2,48.9,48.1
2025-03-15 15:00:00,,,,,,,,,,,,,,,,,,,,24.4,22.5,8.1,5.1,29.4,32.7,37.7,37.3,40.4,51.2,48.9,48.1
2025-03-15 16:00:00,,,,,,,,,,,,,,,,,,,,24.4,22.6,8.1,5.1,29.4,32.7,37.7,37.3,40.5,51.2,48.8,48.1
2025-03-15 17:00:00,,,,,,,,,,,,,,,,,,,,24.4,22.5,8.1,5.1,29.4,32.7,37.7,37.3,40.4,51.2,48.9,48.1
2025-03-15 18:00:00,,,,,,,,,,,,,,,,,,,,24.4,22.5,8.1,5.1,29.4,32.7,37.7,37.3,40.4,51.2,48.8,48.1
2025-03-15 19:00:00,,,,,,,,,,,,,,,,,,,,24.4,22.6,8.1,5.1,29.4,32.7,37.7,37.3,40.4,51.2,48.9,48.1
2025-03-15 20:00:00,,,,,,,,,,,,,,,,,,,,24.4,22.5,8.1,5.1,29.4,32.7,37.7,37.3,40.4,51.2,48.9,48.1
2025-03-15 21:00:00,,,,,,,,,,,,,,,,,,,,24.4,22.5,8.2,5.1,29.4,32.6,37.7,37.3,40.4,51.2,48.9,48.1
2025-03-15 22:00:00,,,,,,,,,,,,,,,,,,,,24.4,22.5,8.1,5.1,29.4,32.6,37.7,37.3,40.5,51.2,48.9,48.1
2025-03-15 23:00:00,,,,,,,,,,,,,,,,,,,,24.3,22.5,8.1,5.1,29.4,32.6,37.7,37.3,40.4,51.1,48.9,48.1
2025-03-16 01:00:00,,,,,,,,,,,,,,,,,,,,24.4,22.5,8.1,5.1,29.3,32.6,37.7,37.3,40.5,51.1,48.9,48.1
2025-03-16 02:00:00,,,,,,,,,,,,,,,,,,,,24.8,22.5,8.1,5.1,29.3,32.6,37.7,37.3,40.5,51.1,48.9,48.1
2025-03-16 03:00:00,,,,,,,,,,,,,,,,,,,,25.5,22.5,8.1,5.1,29.3,32.6,37.7,37.3,40.5,51.1,48.9,48.1
2025-03-16 04:00:00,,,,,,,,,,,,,,,,,,,,25.7,22.6,8.1,5.1,29.3,32.6,37.7,37.3,40.5,51.1,48.9,48.1
2025-03-16 05:00:00,,,,,,,,,,,,,,,,,,,,26.8,22.6,8.1,5.1,29.3,32.6,37.7,37.3,40.5,51.1,48.9,48.1
2025-03-16 06:00:00,,,,,,,,,,,,,,,,,,,,27.6,22.6,8.1,5.1,29.3,32.6,37.7,37.3,40.5,51.1,48.9,48.1
2025-03-16 07:00:00,,,,,,,,,,,,,,,,,,,,28.0,22.6,8.1,5.1,29.3,32.6,37.7,37.3,40.5,51.1,48.9,48.2
2025-03-16 08:00:00,,,,,,,,,,,,,,,,,,,,28.4,22.6,8.1,5.1,29.3,32.6,37.7,37.3,40.5,51.1,48.9,48.1
2025-03-16 09:00:00,,,,,,,,,,,,,,,,,,,,29.0,22.6,8.1,5.1,29.3,32.6,37.7,37.4,40.5,51.2,48.9,48.1
2025-03-16 10:00:00,,,,,,,,,,,,,,,,,,,,29.4,22.6,8.1,5.1,29.3,32.6,37.7,37.4,40.5,51.2,48.9,48.1
2025-03-16 11:00:00,,,,,,,,,,,,,,,,,,,,29.6,22.6,8.2,5.1,29.3,32.6,37.7,37.4,40.5,51.2,48.9,48.1
2025-03-16 12:00:00,,,,,,,,,,,,,,,,,,,,29.7,22.6,8.1,5.1,29.3,32.6,37.7,37.3,40.5,51.2,48.9,48.1
2025-03-16 13:00:00,,,,,,,,,,,,,,,,,,,,30.0,22.6,8.1,5.1,29.3,32.6,37.7,37.3,40.4,51.2,48.9,48.1
2025-03-16 14:00:00,,,,,,,,,,,,,,,,,,,,35.4,22.7,8.1,5.1,29.3,32.6,37.7,37.3,40.4,51.2,48.9,48.1
2025-03-16 15:00:00,,,,,,,,,,,,,,,,,,,,39.2,22.8,8.1,5.1,29.3,32.6,37.7,37.3,40.4,51.2,48.9,48.1
2025-03-16 16:00:00,,,,,,,,,,,,,,,,,,,,39.1,23.8,8.1,5.1,29.3,32.6,37.7,37.3,40.4,51.2,48.9,48.1
2025-03-16 17:00:00,,,,,,,,,,,,,,,,,,,,38.5,24.3,8.1,5.1,29.3,32.6,37.6,37.3,40.4,51.2,48.9,48.1
2025-03-16 18:00:00,,,,,,,,,,,,,,,,,,,,38.2,24.6,8.1,5.1,29.3,32.6,37.6,37.3,40.4,51.2,48.9,48.1
2025-03-16 19:00:00,,,,,,,,,,,,,,,,,,,,38.0,24.9,8.1,5.1,29.2,32.6,37.6,37.3,40.4,51.2,48.9,48.1
2025-03-16 20:00:00,,,,,,,,,,,,,,,,,,,,37.6,25.1,8.1,5.1,29.2,32.6,37.6,37.3,40.4,51.2,48.9,48.1
2025-03-16 21:00:00,,,,,,,,,,,,,,,,,,,,37.4,25.3,8.1,5.1,29.2,32.6,37.6,37.3,40.4,51.2,48.9,48.1
2025-03-16 22:00:00,,,,,,,,,,,,,,,,,,,,37.2,25.4,8.1,5.1,29.2,32.5,37.6,37.3,40.4,51.2,48.9,48.1
2025-03-16 23:00:00,,,,,,,,,,,,,,,,,,,,37.0,25.5,8.1,5.1,29.2,32.5,37.6,37.3,40.4,51.2,48.9,48.1
2025-03-17 01:00:00,,,,,,,,,,,,,,,,,,,,36.7,25.7,8.1,5.1,29.2,32.5,37.6,37.3,40.4,51.2,48.9,48.1
2025-03-17 02:00:00,,,,,,,,,,,,,,,,,,,,36.5,25.9,8.1,5.1,29.2,32.5,37.6,37.3,40.4,51.2,48.9,48.1
2025-03-17 03:00:00,,,,,,,,,,,,,,,,,,,,36.4,25.9,8.1,5.1,29.2,32.5,37.6,37.3,40.4,51.2,48.9,48.1
2025-03-17 04:00:00,,,,,,,,,,,,,,,,,,,,36.4,25.9,8.2,5.1,29.2,32.5,37.6,37.3,40.4,51.2,48.9,48.1
2025-03-17 05:00:00,,,,,,,,,,,,,,,,,,,,36.2,26.1,8.1,5.1,29.2,32.5,37.6,37.3,40.4,51.2,48.9,48.1
2025-03-17 06:00:00,,,,,,,,,,,,,,,,,,,,36.1,26.1,8.1,5.1,29.2,32.5,37.6,37.3,40.4,51.2,48.9,48.1
2025-03-17 07:00:00,,,,,,,,,,,,,,,,,,,,36.0,26.1,8.1,5.1,29.2,32.5,37.6,37.3,40.4,51.2,48.9,48.1
2025-03-17 08:00:00,,,,,,,,,,,,,,,,,,,,35.9,26.2,8.1,5.1,29.2,32.5,37.6,37.3,40.4,51.2,48.9,48.1
2025-03-17 09:00:00,,,,,,,,,,,,,,,,,,,,35.9,26.3,8.2,5.0,29.2,32.5,37.6,37.3,40.4,51.2,48.9,48.1
2025-03-17 10:00:00,,,,,,,,,,,,,,,,,,,,35.8,26.4,8.2,5.1,29.2,32.5,37.6,37.3,40.4,51.2,48.9,48.1
2025-03-17 11:00:00,,,,,,,,,,,,,,,,,,,,35.7,26.4,8.2,5.0,29.2,32.5,37.6,37.3,40.4,51.2,48.9,48.1
2025-03-17 12:00:00,,,,,,,,,,,,,,,,,,,,35.6,26.4,8.1,5.0,29.2,32.5,37.6,37.3,40.4,51.2,48.9,48.1
2025-03-17 13:00:00,,,,,,,,,,,,,,,,,,,,35.5,26.5,8.1,5.0,29.2,32.5,37.5,37.3,40.4,51.2,48.9,48.1
2025-03-17 14:00:00,,,,,,,,,,,,,,,,,,,,35.5,26.5,8.2,5.0,29.2,32.5,37.5,37.3,40.4,51.2,48.9,48.1
2025-03-17 15:00:00,,,,,,,,,,,,,,,,,,,,35.4,26.5,8.2,5.0,29.2,32.5,37.5,37.3,40.4,51.2,48.9,48.1
2025-03-17 16:00:00,,,,,,,,,,,,,,,,,,,,35.4,26.6,8.2,5.0,29.2,32.5,37.5,37.3,40.4,51.2,48.9,48.1
2025-03-17 17:00:00,,,,,,,,,,,,,,,,,,,,35.3,26.6,8.2,5.1,29.2,32.5,37.5,37.3,40.4,51.2,49.0,48.1
2025-03-17 18:00:00,,,,,,,,,,,,,,,,,,,,35.3,26.6,8.2,5.1,29.2,32.5,37.5,37.3,40.4,51.2,49.0,48.1
2025-03-17 19:00:00,,,,,,,,,,,,,,,,,,,,35.2,26.6,8.2,5.0,29.2,32.5,37.5,37.3,40.4,51.2,49.0,48.1
2025-03-17 20:00:00,,,,,,,,,,,,,,,,,,,,35.1,26.7,8.2,5.0,29.2,32.5,37.5,37.3,40.4,51.2,48.9,48.1
2025-03-17 21:00:00,,,,,,,,,,,,,,,,,,,,35.1,26.7,8.2,5.1,29.2,32.4,37.5,37.3,40.4,51.2,48.9,48.1
2025-03-17 22:00:00,,,,,,,,,,,,,,,,,,,,35.1,26.7,8.2,5.0,29.2,32.5,37.5,37.3,40.4,51.2,48.9,48.1
2025-03-17 23:00:00,,,,,,,,,,,,,,,,,,,,35.0,26.7,8.2,5.1,29.2,32.5,37.5,37.3,40.4,51.2,48.9,48.1
2025-03-18 01:00:00,,,,,,,,,,,,,,,,,,,,35.1,26.8,8.2,5.0,29.2,32.4,37.5,37.3,40.4,51.2,48.9,48.1
2025-03-18 02:00:00,,,,,,,,,,,,,,,,,,,,35.2,26.9,8.2,5.0,29.2,32.4,37.5,37.3,40.4,51.2,48.9,48.1
2025-03-18 03:00:00,,,,,,,,,,,,,,,,,,,,35.3,26.9,8.2,5.0,29.2,32.4,37.5,37.3,40.4,51.2,48.9,48.1
2025-03-18 04:00:00,,,,,,,,,,,,,,,,,,,,35.5,26.9,8.2,5.0,29.2,32.4,37.5,37.3,40.4,51.3,48.9,48.1
2025-03-18 05:00:00,,,,,,,,,,,,,,,,,,,,35.8,27.0,8.3,5.0,29.2,32.5,37.5,37.3,40.4,51.3,48.9,48.1
2025-03-18 06:00:00,,,,,,,,,,,,,,,,,,,,37.4,27.0,8.2,5.0,29.2,32.5,37.5,37.3,40.4,51.3,48.9,48.1
2025-03-18 07:00:00,,,,,,,,,,,,,,,,,,,,38.7,27.1,8.2,5.0,29.2,32.5,37.5,37.3,40.4,51.3,48.9,48.1
2025-03-18 08:00:00,,,,,,,,,,,,,,,,,,,,40.8,28.3,8.2,5.0,29.2,32.5,37.5,37.3,40.4,51.3,48.9,48.1
2025-03-18 09:00:00,,,,,,,,,,,,,,,,,,,,40.0,31.0,8.3,5.0,29.2,32.5,37.6,37.3,40.4,51.3,48.9,48.1
2025-03-18 10:00:00,,,,,,,,,,,,,,,,,,,,41.6,33.2,8.3,5.0,29.2,32.5,37.5,37.3,40.4,51.3,48.9,48.1
2025-03-18 11:00:00,,,,,,,,,,,,,,,,,,,,40.6,36.2,8.6,5.0,29.2,32.5,37.5,37.3,40.4,51.3,48.9,48.1
2025-03-18 12:00:00,,,,,,,,,,,,,,,,,,,,40.5,36.5,9.0,5.0,29.2,32.5,37.5,37.3,40.4,51.3,48.9,48.1
2025-03-18 13:00:00,,,,,,,,,,,,,,,,,,,,40.8,37.0,9.8,5.1,29.2,32.5,37.5,37.3,40.4,51.3,48.9,48.1
2025-03-18 14:00:00,,,,,,,,,,,,,,,,,,,,40.0,36.7,10.4,5.2,29.2,32.5,37.5,37.3,40.4,51.3,48.9,48.1
2025-03-18 15:00:00,,,,,,,,,,,,,,,,,,,,39.6,36.4,10.6,5.4,29.2,32.5,37.5,37.3,40.4,51.3,48.9,48.1
2025-03-18 16:00:00,,,,,,,,,,,,,,,,,,,,39.4,36.2,10.6,5.5,29.2,32.5,37.6,37.3,40.4,51.3,48.9,48.1
2025-03-18 17:00:00,,,,,,,,,,,,,,,,,,,,39.4,36.1,10.6,5.5,29.2,32.5,37.6,37.3,40.4,51.3,48.9,48.1
2025-03-18 18:00:00,,,,,,,,,,,,,,,,,,,,39.2,36.0,10.7,5.5,29.3,32.6,37.6,37.3,40.4,51.3,48.9,48.1
2025-03-18 19:00:00,,,,,,,,,,,,,,,,,,,,39.0,35.9,10.7,5.5,29.3,32.6,37.6,37.3,40.4,51.3,48.9,48.1
2025-03-18 20:00:00,,,,,,,,,,,,,,,,,,,,38.9,35.8,10.6,5.6,29.3,32.6,37.6,37.3,40.4,51.3,48.9,48.1
2025-03-18 21:00:00,,,,,,,,,,,,,,,,,,,,39.1,35.8,10.6,5.6,29.3,32.6,37.5,37.3,40.4,51.3,48.9,48.1
2025-03-18 22:00:00,,,,,,,,,,,,,,,,,,,,39.7,35.9,10.7,5.6,29.3,32.6,37.5,37.3,40.5,51.3,48.9,48.1
2025-03-18 23:00:00,,,,,,,,,,,,,,,,,,,,40.2,36.3,10.7,5.6,29.4,32.6,37.6,37.3,40.5,51.3,48.9,48.1
2025-03-19 01:00:00,,,,,,,,,,,,,,,,,,,,39.4,36.2,10.8,5.8,29.5,32.6,37.6,37.3,40.5,51.3,48.9,48.1
2025-03-19 02:00:00,,,,,,,,,,,,,,,,,,,,39.0,36.0,10.8,6.0,29.5,32.6,37.6,37.3,40.5,51.3,48.9,48.1
2025-03-19 03:00:00,,,,,,,,,,,,,,,,,,,,38.7,35.8,10.7,6.0,29.7,32.6,37.6,37.3,40.5,51.3,48.9,48.1
2025-03-19 04:00:00,,,,,,,,,,,,,,,,,,,,38.5,35.7,10.7,6.1,29.8,32.7,37.6,37.3,40.5,51.3,48.9,48.1
2025-03-19 05:00:00,,,,,,,,,,,,,,,,,,,,38.4,35.6,10.7,6.1,29.9,32.7,37.6,37.3,40.5,51.3,48.9,48.1
2025-03-19 06:00:00,,,,,,,,,,,,,,,,,,,,38.2,35.4,10.7,6.1,30.0,32.7,37.6,37.3,40.5,51.3,48.9,48.0
2025-03-19 07:00:00,,,,,,,,,,,,,,,,,,,,38.1,35.3,10.7,6.1,30.1,32.8,37.6,37.3,40.5,51.3,48.9,48.0
2025-03-19 08:00:00,,,,,,,,,,,,,,,,,,,,38.0,35.2,10.6,6.1,30.2,32.8,37.6,37.3,40.5,51.3,48.9,48.0
2025-03-19 09:00:00,,,,,,,,,,,,,,,,,,,,38.1,35.1,10.6,6.2,30.3,32.9,37.6,37.3,40.4,51.3,48.9,48.0
2025-03-19 10:00:00,,,,,,,,,,,,,,,,,,,,38.1,35.0,10.6,6.2,30.5,33.0,37.7,37.3,40.4,51.3,48.9,48.0
2025-03-19 11:00:00,,,,,,,,,,,,,,,,,,,,37.9,34.9,10.6,6.2,30.6,33.0,37.7,37.3,40.4,51.3,48.9,48.0
2025-03-19 12:00:00,,,,,,,,,,,,,,,,,,,,37.8,34.9,10.6,6.2,30.7,33.1,37.7,37.3,40.4,51.3,48.9,48.0
2025-03-19 13:00:00,,,,,,,,,,,,,,,,,,,,37.7,34.8,10.6,6.2,30.7,33.2,37.7,37.3,40.4,51.3,48.9,48.0
2025-03-19 14:00:00,,,,,,,,,,,,,,,,,,,,37.7,34.7,10.5,6.2,30.8,33.2,37.7,37.3,40.4,51.3,48.9,48.0
2025-03-19 15:00:00,,,,,,,,,,,,,,,,,,,,37.6,34.6,10.5,6.1,31.0,33.3,37.8,37.3,40.4,51.3,48.9,48.0
2025-03-19 16:00:00,,,,,,,,,,,,,,,,,,,,37.5,34.6,10.5,6.1,31.0,33.4,37.9,37.3,40.4,51.3,48.9,48.0
2025-03-19 17:00:00,,,,,,,,,,,,,,,,,,,,37.4,34.5,10.5,6.1,31.1,33.4,37.9,37.3,40.4,51.3,48.9,48.0
2025-03-19 18:00:00,,,,,,,,,,,,,,,,,,,,37.3,34.4,10.5,6.1,31.2,33.5,38.0,37.3,40.4,51.3,48.9,48.0
2025-03-19 19:00:00,,,,,,,,,,,,,,,,,,,,37.2,34.4,10.5,6.1,31.2,33.6,38.0,37.3,40.4,51.3,48.9,48.0
2025-03-19 20:00:00,,,,,,,,,,,,,,,,,,,,37.1,34.3,10.5,6.1,31.3,33.7,38.1,37.3,40.4,51.3,48.9,48.0
2025-03-19 21:00:00,,,,,,,,,,,,,,,,,,,,37.0,34.2,10.5,6.1,31.4,33.7,38.2,37.3,40.4,51.3,48.9,48.0
2025-03-19 22:00:00,,,,,,,,,,,,,,,,,,,,36.9,34.2,10.5,6.1,31.5,33.8,38.2,37.3,40.4,51.3,48.9,48.1
2025-03-19 23:00:00,,,,,,,,,,,,,,,,,,,,36.8,34.1,10.5,6.1,31.5,33.8,38.3,37.3,40.4,51.3,48.9,48.1
2025-03-20 01:00:00,,,,,,,,,,,,,,,,,,,,36.7,34.0,10.4,6.1,31.7,34.0,38.5,37.4,40.4,51.3,48.9,48.1
2025-03-20 02:00:00,,,,,,,,,,,,,,,,,,,,36.5,33.9,10.4,6.1,31.7,34.0,38.6,37.4,40.4,51.3,48.9,48.1
2025-03-20 03:00:00,,,,,,,,,,,,,,,,,,,,36.5,33.9,10.4,6.1,31.8,34.1,38.7,37.4,40.4,51.3,48.9,48.1
2025-03-20 04:00:00,,,,,,,,,,,,,,,,,,,,36.4,33.9,10.4,6.1,31.8,34.1,38.7,37.4,40.4,51.3,48.9,48.1
2025-03-20 05:00:00,,,,,,,,,,,,,,,,,,,,36.4,33.8,10.4,6.1,31.9,34.2,38.8,37.4,40.4,51.3,48.9,48.1
2025-03-20 06:00:00,,,,,,,,,,,,,,,,,,,,36.3,33.8,10.4,6.1,32.0,34.3,38.8,37.4,40.4,51.3,48.9,48.1
2025-03-20 07:00:00,,,,,,,,,,,,,,,,,,,,36.3,33.7,10.4,6.1,32.1,34.3,38.9,37.4,40.4,51.3,48.9,48.1
2025-03-20 08:00:00,,,,,,,,,,,,,,,,,,,,36.3,33.7,10.5,6.1,32.1,34.4,39.0,37.5,40.4,51.3,48.9,48.1
2025-03-20 09:00:00,,,,,,,,,,,,,,,,,,,,36.2,33.7,10.5,6.1,32.2,34.4,39.1,37.5,40.4,51.3,48.9,48.0
2025-03-20 10:00:00,,,,,,,,,,,,,,,,,,,,36.1,33.6,10.5,6.1,32.2,34.5,39.1,37.5,40.4,51.3,48.9,48.0
2025-03-20 11:00:00,,,,,,,,,,,,,,,,,,,,36.0,33.5,10.5,6.1,32.3,34.6,39.1,37.5,40.4,51.3,48.9,48.0
2025-03-20 12:00:00,,,,,,,,,,,,,,,,,,,,36.0,33.5,10.5,6.1,32.3,34.6,39.2,37.5,40.4,51.3,48.9,48.0
2025-03-20 13:00:00,,,,,,,,,,,,,,,,,,,,36.0,33.4,10.4,6.1,32.3,34.7,39.3,37.5,40.4,51.3,48.9,48.0
2025-03-20 14:00:00,,,,,,,,,,,,,,,,,,,,35.8,33.4,10.4,6.1,32.4,34.7,39.3,37.5,40.4,51.3,48.9,48.0
2025-03-20 15:00:00,,,,,,,,,,,,,,,,,,,,35.8,33.2,10.4,6.1,32.4,34.7,39.3,37.5,40.4,51.2,48.9,48.0
2025-03-20 16:00:00,,,,,,,,,,,,,,,,,,,,35.8,33.1,10.4,6.1,32.5,34.8,39.4,37.5,40.5,51.2,48.9,48.0
2025-03-20 17:00:00,,,,,,,,,,,,,,,,,,,,35.7,33.1,10.4,6.1,32.5,34.8,39.4,37.5,40.5,51.3,48.8,48.0
2025-03-20 18:00:00,,,,,,,,,,,,,,,,,,,,35.7,33.1,10.4,6.1,32.5,34.8,39.4,37.6,40.5,51.3,48.9,48.0
2025-03-20 19:00:00,,,,,,,,,,,,,,,,,,,,35.6,33.0,10.4,6.0,32.6,34.9,39.5,37.6,40.5,51.3,48.9,48.0
2025-03-20 20:00:00,,,,,,,,,,,,,,,,,,,,35.5,33.0,10.4,6.1,32.6,34.9,39.6,37.6,40.4,51.3,48.9,48.0
2025-03-20 21:00:00,,,,,,,,,,,,,,,,,,,,35.6,33.0,10.4,6.0,32.7,34.9,39.6,37.6,40.5,51.3,48.9,48.0
2025-03-20 22:00:00,,,,,,,,,,,,,,,,,,,,35.5,32.9,10.4,6.0,32.7,35.0,39.7,37.6,40.5,51.3,48.9,48.0
2025-03-20 23:00:00,,,,,,,,,,,,,,,,,,,,35.5,32.9,10.4,6.0,32.7,35.1,39.7,37.6,40.5,51.3,48.9,48.1
2025-03-21 01:00:00,,,,,,,,,,,,,,,,,,,,35.3,32.8,10.4,6.0,32.8,35.1,39.8,37.7,40.5,51.3,48.9,48.1
2025-03-21 02:00:00,,,,,,,,,,,,,,,,,,,,35.3,32.8,10.3,6.0,32.8,35.2,39.8,37.7,40.5,51.3,48.9,48.1
2025-03-21 03:00:00,,,,,,,,,,,,,,,,,,,,35.3,32.8,10.3,6.0,32.8,35.2,39.8,37.7,40.5,51.3,48.9,48.1
2025-03-21 04:00:00,,,,,,,,,,,,,,,,,,,,35.3,32.7,10.3,6.0,32.9,35.2,39.9,37.7,40.5,51.3,48.9,48.0
2025-03-21 05:00:00,,,,,,,,,,,,,,,,,,,,35.2,32.7,10.3,6.0,32.9,35.2,39.9,37.7,40.5,51.2,48.9,48.0
2025-03-21 06:00:00,,,,,,,,,,,,,,,,,,,,35.2,32.7,10.3,6.0,33.0,35.2,39.9,37.7,40.5,51.3,48.9,48.0
2025-03-21 07:00:00,,,,,,,,,,,,,,,,,,,,35.1,32.7,10.3,6.0,33.0,35.3,40.0,37.8,40.5,51.3,48.9,48.0
2025-03-21 08:00:00,,,,,,,,,,,,,,,,,,,,35.1,32.6,10.3,6.0,33.0,35.3,40.0,37.8,40.6,51.3,48.9,48.0
2025-03-21 09:00:00,,,,,,,,,,,,,,,,,,,,35.1,32.5,10.3,6.0,33.0,35.3,40.0,37.7,40.5,51.3,48.9,48.0
2025-03-21 10:00:00,,,,,,,,,,,,,,,,,,,,35.0,32.4,10.2,6.0,33.0,35.3,40.0,37.7,40.5,51.3,48.9,48.0
2025-03-21 11:00:00,,,,,,,,,,,,,,,,,,,,34.8,32.3,10.2,6.0,33.0,35.4,40.0,37.7,40.5,51.2,48.8,48.0
2025-03-21 12:00:00,,,,,,,,,,,,,,,,,,,,34.7,32.2,10.2,6.0,33.0,35.4,40.0,37.7,40.5,51.2,48.8,48.0
2025-03-21 13:00:00,,,,,,,,,,,,,,,,,,,,34.6,32.1,10.2,6.0,33.0,35.4,40.0,37.7,40.5,51.2,48.8,48.0
2025-03-21 14:00:00,,,,,,,,,,,,,,,,,,,,34.5,32.0,10.2,6.0,33.0,35.4,40.0,37.8,40.5,51.3,48.8,48.0
2025-03-21 15:00:00,,,,,,,,,,,,,,,,,,,,34.5,32.0,10.2,6.0,33.0,35.4,40.0,37.8,40.5,51.2,48.8,48.0
2025-03-21 16:00:00,,,,,,,,,,,,,,,,,,,,34.5,32.0,10.2,6.0,33.1,35.4,40.0,37.8,40.5,51.3,48.8,48.0
2025-03-21 17:00:00,,,,,,,,,,,,,,,,,,,,34.4,31.9,10.2,6.0,33.1,35.4,40.1,37.9,40.5,51.2,48.8,48.0
2025-03-21 18:00:00,,,,,,,,,,,,,,,,,,,,34.4,31.9,10.2,6.0,33.1,35.4,40.1,37.9,40.5,51.2,48.8,48.0
2025-03-21 19:00:00,,,,,,,,,,,,,,,,,,,,34.4,31.9,10.2,6.0,33.1,35.4,40.1,37.9,40.5,51.2,48.8,48.0
2025-03-21 20:00:00,,,,,,,,,,,,,,,,,,,,34.3,31.9,10.2,6.0,33.2,35.4,40.1,37.9,40.6,51.2,48.8,48.0
2025-03-21 21:00:00,,,,,,,,,,,,,,,,,,,,34.3,31.8,10.2,6.0,33.2,35.4,40.1,37.9,40.5,51.3,48.8,48.0
2025-03-21 22:00:00,,,,,,,,,,,,,,,,,,,,34.3,31.8,10.2,6.0,33.2,35.5,40.1,38.0,40.6,51.3,48.8,48.0
2025-03-21 23:00:00,,,,,,,,,,,,,,,,,,,,34.3,31.8,10.2,6.0,33.2,35.5,40.2,38.0,40.6,51.2,48.8,48.0
2025-03-22 01:00:00,,,,,,,,,,,,,,,,,,,,34.2,31.7,10.2,6.0,33.2,35.5,40.2,38.0,40.6,51.2,48.8,48.0
2025-03-22 02:00:00,,,,,,,,,,,,,,,,,,,,34.2,31.8,10.2,5.9,33.2,35.5,40.2,38.0,40.6,51.3,48.8,48.0
2025-03-22 03:00:00,,,,,,,,,,,,,,,,,,,,34.2,31.7,10.1,5.9,33.2,35.6,40.2,38.0,40.6,51.3,48.8,48.0
2025-03-22 04:00:00,,,,,,,,,,,,,,,,,,,,34.1,31.7,10.1,5.9,33.3,35.6,40.2,38.0,40.6,51.3,48.8,48.0
2025-03-22 05:00:00,,,,,,,,,,,,,,,,,,,,34.1,31.7,10.1,5.9,33.3,35.6,40.2,38.1,40.6,51.3,48.8,48.0
2025-03-22 06:00:00,,,,,,,,,,,,,,,,,,,,34.0,31.6,10.1,5.9,33.3,35.6,40.3,38.1,40.6,51.3,48.8,48.0
2025-03-22 07:00:00,,,,,,,,,,,,,,,,,,,,34.0,31.7,10.1,5.9,33.3,35.6,40.3,38.2,40.6,51.3,48.8,48.0
2025-03-22 08:00:00,,,,,,,,,,,,,,,,,,,,34.0,31.6,10.1,5.9,33.3,35.6,40.3,38.2,40.6,51.3,48.8,48.0
2025-03-22 09:00:00,,,,,,,,,,,,,,,,,,,,34.0,31.6,10.1,5.9,33.3,35.6,40.3,38.1,40.6,51.3,48.9,48.0
2025-03-22 10:00:00,,,,,,,,,,,,,,,,,,,,33.8,31.4,10.1,5.9,33.3,35.6,40.2,38.1,40.5,51.3,48.9,48.0
2025-03-22 11:00:00,,,,,,,,,,,,,,,,,,,,33.6,31.2,10.0,5.9,33.2,35.5,40.2,38.0,40.4,51.2,48.9,48.0
2025-03-22 12:00:00,,,,,,,,,,,,,,,,,,,,33.4,30.9,10.0,5.9,33.2,35.5,40.1,38.0,40.4,51.2,48.8,47.9
2025-03-22 13:00:00,,,,,,,,,,,,,,,,,,,,33.3,30.8,10.0,5.9,33.1,35.5,40.2,38.0,40.4,51.2,48.8,47.9
2025-03-22 14:00:00,,,,,,,,,,,,,,,,,,,,33.2,30.7,10.0,5.8,33.1,35.4,40.2,38.0,40.4,51.2,48.8,47.9
2025-03-22 15:00:00,,,,,,,,,,,,,,,,,,,,33.0,30.7,10.0,5.9,33.2,35.5,40.2,38.0,40.4,51.2,48.8,47.9
2025-03-22 16:00:00,,,,,,,,,,,,,,,,,,,,33.0,30.7,10.0,5.8,33.2,35.5,40.2,38.0,40.4,51.2,48.8,47.9
2025-03-22 17:00:00,,,,,,,,,,,,,,,,,,,,33.0,30.7,10.0,5.8,33.2,35.5,40.2,38.0,40.4,51.2,48.8,47.9
2025-03-22 18:00:00,,,,,,,,,,,,,,,,,,,,33.0,30.6,10.0,5.8,33.1,35.5,40.2,38.0,40.4,51.2,48.8,47.9
2025-03-22 19:00:00,,,,,,,,,,,,,,,,,,,,32.9,30.6,10.0,5.8,33.1,35.5,40.2,38.1,40.5,51.3,48.8,47.9
2025-03-22 20:00:00,,,,,,,,,,,,,,,,,,,,32.9,30.6,10.0,5.8,33.1,35.5,40.2,38.1,40.5,51.3,48.8,47.9
2025-03-22 21:00:00,,,,,,,,,,,,,,,,,,,,32.9,30.5,10.0,5.9,33.2,35.5,40.2,38.1,40.5,51.3,48.8,47.9
2025-03-22 22:00:00,,,,,,,,,,,,,,,,,,,,32.8,30.5,10.0,5.9,33.2,35.5,40.2,38.1,40.5,51.3,48.8,47.9
2025-03-22 23:00:00,,,,,,,,,,,,,,,,,,,,32.8,30.5,10.0,5.9,33.2,35.5,40.2,38.1,40.5,51.3,48.8,47.9
2025-03-23 01:00:00,,,,,,,,,,,,,,,,,,,,32.8,30.5,10.0,5.8,33.2,35.5,40.2,38.2,40.6,51.3,48.8,47.9
2025-03-23 02:00:00,,,,,,,,,,,,,,,,,,,,32.7,30.5,10.0,5.8,33.2,35.5,40.2,38.2,40.6,51.3,48.8,47.9
2025-03-23 03:00:00,,,,,,,,,,,,,,,,,,,,32.7,30.5,10.0,5.8,33.2,35.5,40.2,38.2,40.6,51.3,48.8,47.9
2025-03-23 04:00:00,,,,,,,,,,,,,,,,,,,,32.7,30.4,10.0,5.8,33.2,35.5,40.2,38.2,40.6,51.3,48.8,47.9
2025-03-23 05:00:00,,,,,,,,,,,,,,,,,,,,32.7,30.4,10.0,5.8,33.2,35.5,40.2,38.2,40.6,51.3,48.8,47.9
2025-03-23 06:00:00,,,,,,,,,,,,,,,,,,,,32.7,30.4,9.9,5.8,33.2,35.5,40.2,38.3,40.6,51.3,48.8,47.9
2025-03-23 07:00:00,,,,,,,,,,,,,,,,,,,,32.6,30.4,9.9,5.8,33.3,35.5,40.3,38.3,40.6,51.3,48.8,47.9
2025-03-23 08:00:00,,,,,,,,,,,,,,,,,,,,32.6,30.4,9.9,5.8,33.2,35.5,40.3,38.3,40.6,51.3,48.8,47.9
2025-03-23 09:00:00,,,,,,,,,,,,,,,,,,,,32.6,30.4,9.9,5.8,33.2,35.5,40.3,38.3,40.6,51.3,48.8,47.9
2025-03-23 10:00:00,,,,,,,,,,,,,,,,,,,,32.4,30.2,9.9,5.8,33.2,35.5,40.2,38.3,40.6,51.3,48.8,47.9
2025-03-23 11:00:00,,,,,,,,,,,,,,,,,,,,32.2,30.0,9.9,5.8,33.1,35.4,40.2,38.2,40.5,51.2,48.7,47.9
2025-03-23 12:00:00,,,,,,,,,,,,,,,,,,,,32.0,29.7,9.8,5.8,33.1,35.4,40.1,38.2,40.5,51.2,48.7,47.9
2025-03-23 13:00:00,,,,,,,,,,,,,,,,,,,,31.7,29.5,9.8,5.8,33.1,35.4,40.1,38.1,40.5,51.2,48.7,47.9
2025-03-23 14:00:00,,,,,,,,,,,,,,,,,,,,31.6,29.4,9.8,5.8,33.1,35.3,40.1,38.1,40.5,51.2,48.7,47.9
2025-03-23 15:00:00,,,,,,,,,,,,,,,,,,,,31.5,29.3,9.8,5.8,33.0,35.3,40.1,38.1,40.5,51.2,48.7,47.9
2025-03-23 16:00:00,,,,,,,,,,,,,,,,,,,,31.5,29.3,9.8,5.8,33.0,35.3,40.1,38.1,40.5,51.2,48.6,47.9
2025-03-23 17:00:00,,,,,,,,,,,,,,,,,,,,31.4,29.3,9.8,5.7,33.0,35.3,40.1,38.1,40.5,51.2,48.7,47.9
2025-03-23 18:00:00,,,,,,,,,,,,,,,,,,,,31.4,29.2,9.7,5.7,33.0,35.3,40.1,38.2,40.5,51.2,48.7,47.9
2025-03-23 19:00:00,,,,,,,,,,,,,,,,,,,,31.3,29.2,9.7,5.8,33.0,35.3,40.1,38.2,40.5,51.2,48.7,47.9
2025-03-23 20:00:00,,,,,,,,,,,,,,,,,,,,31.3,29.2,9.7,5.8,33.0,35.3,40.1,38.2,40.5,51.2,48.7,47.9
2025-03-23 21:00:00,,,,,,,,,,,,,,,,,,,,31.3,29.2,9.8,5.8,33.0,35.3,40.1,38.2,40.5,51.2,48.7,47.9
2025-03-23 22:00:00,,,,,,,,,,,,,,,,,,,,31.2,29.2,9.7,5.8,33.0,35.3,40.1,38.2,40.6,51.3,48.7,47.9
2025-03-23 23:00:00,,,,,,,,,,,,,,,,,,,,31.3,29.2,9.7,5.8,33.0,35.3,40.1,38.2,40.6,51.3,48.7,47.9
2025-03-24 01:00:00,,,,,,,,,,,,,,,,,,,,31.1,29.2,9.7,5.8,33.0,35.3,40.1,38.3,40.6,51.3,48.7,47.9
2025-03-24 02:00:00,,,,,,,,,,,,,,,,,,,,31.1,29.1,9.7,5.8,33.0,35.3,40.1,38.3,40.6,51.3,48.7,47.9
2025-03-24 03:00:00,,,,,,,,,,,,,,,,,,,,31.0,29.1,9.7,5.8,33.0,35.3,40.1,38.3,40.6,51.3,48.7,47.9
2025-03-24 04:00:00,,,,,,,,,,,,,,,,,,,,31.0,29.1,9.7,5.8,33.0,35.3,40.1,38.3,40.6,51.3,48.7,47.9
2025-03-24 05:00:00,,,,,,,,,,,,,,,,,,,,31.0,29.1,9.7,5.8,33.0,35.3,40.1,38.3,40.6,51.3,48.7,47.9
2025-03-24 06:00:00,,,,,,,,,,,,,,,,,,,,31.0,29.1,9.7,5.8,33.0,35.3,40.1,38.3,40.6,51.3,48.7,47.9
2025-03-24 07:00:00,,,,,,,,,,,,,,,,,,,,31.0,29.1,9.7,5.8,33.0,35.4,40.1,38.3,40.6,51.3,48.7,47.9
2025-03-24 08:00:00,,,,,,,,,,,,,,,,,,,,31.0,29.1,9.7,5.8,33.0,35.3,40.1,38.3,40.6,51.3,48.7,47.9
2025-03-24 09:00:00,,,,,,,,,,,,,,,,,,,,30.9,29.0,9.7,5.8,33.0,35.3,40.1,38.3,40.6,51.3,48.7,47.9
2025-03-24 10:00:00,,,,,,,,,,,,,,,,,,,,30.7,28.9,9.6,5.7,33.0,35.3,40.1,38.3,40.5,51.2,48.8,47.9
2025-03-24 11:00:00,,,,,,,,,,,,,,,,,,,,30.5,28.6,9.6,5.7,32.9,35.2,40.0,38.2,40.5,51.2,48.7,47.9
2025-03-24 12:00:00,,,,,,,,,,,,,,,,,,,,30.3,28.3,9.6,5.7,32.9,35.1,40.0,38.2,40.5,51.2,48.7,47.9
2025-03-24 13:00:00,,,,,,,,,,,,,,,,,,,,30.0,28.1,9.6,5.7,32.8,35.1,39.9,38.1,40.4,51.1,48.7,47.8
2025-03-24 14:00:00,,,,,,,,,,,,,,,,,,,,29.7,27.9,9.5,5.7,32.8,35.0,39.9,38.1,40.4,51.1,48.7,47.8
2025-03-24 15:00:00,,,,,,,,,,,,,,,,,,,,29.5,27.7,9.5,5.7,32.8,35.0,39.8,38.0,40.4,51.1,48.6,47.8
2025-03-24 16:00:00,,,,,,,,,,,,,,,,,,,,29.3,27.5,9.5,5.7,32.7,35.0,39.8,38.0,40.4,51.1,48.6,47.8
2025-03-24 17:00:00,,,,,,,,,,,,,,,,,,,,29.3,27.5,9.5,5.7,32.7,35.0,39.8,38.1,40.4,51.1,48.6,47.8
2025-03-24 18:00:00,,,,,,,,,,,,,,,,,,,,29.2,27.5,9.5,5.7,32.7,35.0,39.8,38.1,40.4,51.1,48.6,47.8
2025-03-24 19:00:00,,,,,,,,,,,,,,,,,,,,29.2,27.5,9.5,5.7,32.7,35.0,39.8,38.1,40.5,51.1,48.6,47.8
2025-03-24 20:00:00,,,,,,,,,,,,,,,,,,,,29.1,27.5,9.5,5.7,32.7,35.0,39.9,38.1,40.5,51.1,48.6,47.8
2025-03-24 21:00:00,,,,,,,,,,,,,,,,,,,,29.1,27.4,9.5,5.7,32.7,35.0,39.9,38.1,40.5,51.1,48.6,47.8
2025-03-24 22:00:00,,,,,,,,,,,,,,,,,,,,29.0,27.4,9.4,5.7,32.7,35.0,39.9,38.2,40.5,51.1,48.6,47.8
2025-03-24 23:00:00,,,,,,,,,,,,,,,,,,,,28.9,27.4,9.4,5.7,32.7,35.0,39.9,38.2,40.5,51.1,48.7,47.8
2025-03-25 01:00:00,,,,,,,,,,,,,,,,,,,,28.9,27.3,9.4,5.7,32.7,35.0,39.9,38.2,40.5,51.2,48.7,47.8
2025-03-25 02:00:00,,,,,,,,,,,,,,,,,,,,28.8,27.3,9.4,5.7,32.7,35.0,39.9,38.2,40.5,51.2,48.7,47.8
2025-03-25 03:00:00,,,,,,,,,,,,,,,,,,,,28.8,27.3,9.4,5.7,32.6,35.0,39.9,38.2,40.5,51.2,48.7,47.8
2025-03-25 04:00:00,,,,,,,,,,,,,,,,,,,,28.8,27.3,9.4,5.7,32.6,35.0,39.9,38.3,40.5,51.2,48.7,47.8
2025-03-25 05:00:00,,,,,,,,,,,,,,,,,,,,28.8,27.3,9.4,5.7,32.7,35.0,39.8,38.3,40.5,51.2,48.7,47.8
2025-03-25 06:00:00,,,,,,,,,,,,,,,,,,,,28.7,27.3,9.4,5.7,32.7,35.0,39.9,38.3,40.6,51.2,48.7,47.8
2025-03-25 07:00:00,,,,,,,,,,,,,,,,,,,,28.7,27.3,9.4,5.7,32.7,35.1,39.9,38.3,40.6,51.3,48.7,47.8
2025-03-25 08:00:00,,,,,,,,,,,,,,,,,,,,28.6,27.2,9.4,5.7,32.7,35.0,39.9,38.3,40.5,51.2,48.7,47.8
2025-03-25 09:00:00,,,,,,,,,,,,,,,,,,,,28.6,27.2,9.4,5.7,32.6,35.0,39.9,38.3,40.5,51.2,48.7,47.8
2025-03-25 10:00:00,,,,,,,,,,,,,,,,,,,,28.4,27.0,9.4,5.6,32.6,35.0,39.8,38.2,40.5,51.2,48.6,47.8
2025-03-25 11:00:00,,,,,,,,,,,,,,,,,,,,28.2,26.8,9.4,5.6,32.6,34.9,39.8,38.2,40.5,51.2,48.6,47.8
2025-03-25 12:00:00,,,,,,,,,,,,,,,,,,,,28.1,26.7,9.3,5.6,32.5,34.9,39.8,38.1,40.4,51.2,48.6,47.8
2025-03-25 13:00:00,,,,,,,,,,,,,,,,,,,,28.0,26.7,9.3,5.6,32.5,34.9,39.8,38.1,40.4,51.2,48.6,47.9
2025-03-25 14:00:00,,,,,,,,,,,,,,,,,,,,27.9,26.6,9.3,5.6,32.5,34.8,39.7,38.1,40.4,51.2,48.6,47.8
2025-03-25 15:00:00,,,,,,,,,,,,,,,,,,,,27.8,26.5,9.3,5.6,32.5,34.8,39.7,38.1,40.4,51.2,48.6,47.9
2025-03-25 16:00:00,,,,,,,,,,,,,,,,,,,,27.7,26.4,9.3,5.6,32.5,34.8,39.7,38.1,40.4,51.2,48.6,47.9
2025-03-25 17:00:00,,,,,,,,,,,,,,,,,,,,27.7,26.4,9.3,5.6,32.5,34.8,39.7,38.1,40.5,51.2,48.6,47.9
2025-03-25 18:00:00,,,,,,,,,,,,,,,,,,,,27.6,26.4,9.3,5.6,32.5,34.8,39.7,38.1,40.5,51.2,48.6,47.9
2025-03-25 19:00:00,,,,,,,,,,,,,,,,,,,,27.6,26.3,9.3,5.6,32.5,34.8,39.7,38.1,40.5,51.3,48.6,47.9
2025-03-25 20:00:00,,,,,,,,,,,,,,,,,,,,27.6,26.3,9.3,5.7,32.5,34.8,39.7,38.2,40.5,51.2,48.6,47.9
2025-03-25 21:00:00,,,,,,,,,,,,,,,,,,,,27.5,26.3,9.3,5.7,32.4,34.9,39.7,38.2,40.5,51.2,48.6,47.9
2025-03-25 22:00:00,,,,,,,,,,,,,,,,,,,,27.5,26.3,9.2,5.7,32.4,34.9,39.7,38.2,40.5,51.2,48.6,47.9
2025-03-25 23:00:00,,,,,,,,,,,,,,,,,,,,27.5,26.3,9.3,5.7,32.4,34.9,39.8,38.2,40.5,51.3,48.6,47.9
2025-03-26 01:00:00,,,,,,,,,,,,,,,,,,,,27.3,26.3,9.2,5.7,32.4,34.9,39.8,38.2,40.5,51.3,48.6,47.9
2025-03-26 02:00:00,,,,,,,,,,,,,,,,,,,,27.3,26.3,9.2,5.7,32.4,34.9,39.8,38.3,40.5,51.3,48.6,47.9
2025-03-26 03:00:00,,,,,,,,,,,,,,,,,,,,27.3,26.2,9.2,5.6,32.4,34.8,39.8,38.3,40.5,51.2,48.6,47.9
2025-03-26 04:00:00,,,,,,,,,,,,,,,,,,,,27.2,26.2,9.2,5.6,32.5,34.8,39.8,38.3,40.5,51.3,48.6,47.9
2025-03-26 05:00:00,,,,,,,,,,,,,,,,,,,,27.2,26.2,9.2,5.6,32.5,34.8,39.8,38.3,40.5,51.3,48.6,47.9
2025-03-26 06:00:00,,,,,,,,,,,,,,,,,,,,27.2,26.2,9.2,5.6,32.5,34.8,39.8,38.3,40.5,51.3,48.6,47.9
2025-03-26 07:00:00,,,,,,,,,,,,,,,,,,,,27.2,26.2,9.2,5.6,32.5,34.8,39.8,38.3,40.6,51.3,48.6,47.9
2025-03-26 08:00:00,,,,,,,,,,,,,,,,,,,,27.1,26.2,9.2,5.6,32.5,34.8,39.8,38.3,40.6,51.3,48.7,47.9
2025-03-26 09:00:00,,,,,,,,,,,,,,,,,,,,27.1,26.1,9.2,5.6,32.4,34.8,39.8,38.3,40.5,51.3,48.6,47.9
2025-03-26 10:00:00,,,,,,,,,,,,,,,,,,,,27.0,26.0,9.2,5.7,32.4,34.8,39.7,38.2,40.5,51.2,48.6,47.9
2025-03-26 11:00:00,,,,,,,,,,,,,,,,,,,,26.8,25.8,9.2,5.7,32.4,34.7,39.6,38.2,40.5,51.2,48.6,47.9
2025-03-26 12:00:00,,,,,,,,,,,,,,,,,,,,26.5,25.5,9.1,5.7,32.3,34.7,39.6,38.1,40.4,51.1,48.5,47.8
2025-03-26 13:00:00,,,,,,,,,,,,,,,,,,,,26.3,25.3,9.1,5.7,32.3,34.6,39.6,38.1,40.4,51.1,48.5,47.8
2025-03-26 14:00:00,,,,,,,,,,,,,,,,,,,,26.1,25.1,9.1,5.6,32.2,34.6,39.5,38.0,40.4,51.1,48.5,47.8
2025-03-26 15:00:00,,,,,,,,,,,,,,,,,,,,26.0,24.8,9.1,5.6,32.2,34.5,39.4,37.9,40.3,51.0,48.5,47.8
2025-03-26 16:00:00,,,,,,,,,,,,,,,,,,,,25.8,24.7,9.0,5.5,32.1,34.5,39.4,38.0,40.3,51.0,48.4,47.8
2025-03-26 17:00:00,,,,,,,,,,,,,,,,,,,,25.7,24.7,9.0,5.6,32.1,34.5,39.4,38.0,40.4,51.0,48.4,47.8
2025-03-26 18:00:00,,,,,,,,,,,,,,,,,,,,25.7,24.7,9.0,5.6,32.1,34.5,39.4,37.9,40.4,51.1,48.4,47.8
2025-03-26 19:00:00,,,,,,,,,,,,,,,,,,,,25.6,24.6,9.0,5.6,32.1,34.5,39.4,38.0,40.4,51.1,48.5,47.8
2025-03-26 20:00:00,,,,,,,,,,,,,,,,,,,,25.6,24.6,9.0,5.6,32.1,34.5,39.4,38.0,40.4,51.1,48.5,47.8
2025-03-26 21:00:00,,,,,,,,,,,,,,,,,,,,25.5,24.6,9.0,5.6,32.1,34.5,39.4,38.0,40.4,51.1,48.5,47.8
2025-03-26 22:00:00,,,,,,,,,,,,,,,,,,,,25.4,24.6,9.0,5.6,32.1,34.5,39.5,38.0,40.4,51.1,48.5,47.8
2025-03-26 23:00:00,,,,,,,,,,,,,,,,,,,,25.4,24.5,9.0,5.6,32.1,34.5,39.5,38.0,40.4,51.1,48.5,47.8
2025-03-27 01:00:00,,,,,,,,,,,,,,,,,,,,25.3,24.5,9.0,5.6,32.1,34.5,39.5,38.1,40.4,51.1,48.5,47.8
2025-03-27 02:00:00,,,,,,,,,,,,,,,,,,,,25.3,24.5,9.0,5.6,32.1,34.5,39.5,38.1,40.5,51.1,48.5,47.8
2025-03-27 03:00:00,,,,,,,,,,,,,,,,,,,,25.3,24.5,9.0,5.6,32.1,34.5,39.5,38.1,40.5,51.1,48.5,47.8
2025-03-27 04:00:00,,,,,,,,,,,,,,,,,,,,25.2,24.4,9.0,5.6,32.1,34.5,39.5,38.1,40.5,51.1,48.5,47.8
2025-03-27 05:00:00,,,,,,,,,,,,,,,,,,,,25.2,24.4,9.0,5.6,32.1,34.5,39.5,38.1,40.5,51.1,48.5,47.8
2025-03-27 06:00:00,,,,,,,,,,,,,,,,,,,,25.1,24.5,9.0,5.6,32.1,34.5,39.5,38.1,40.5,51.1,48.5,47.8
2025-03-27 07:00:00,,,,,,,,,,,,,,,,,,,,25.1,24.4,9.0,5.6,32.1,34.5,39.5,38.2,40.5,51.1,48.5,47.8
2025-03-27 08:00:00,,,,,,,,,,,,,,,,,,,,25.2,24.4,9.0,5.6,32.1,34.5,39.5,38.2,40.5,51.1,48.5,47.8
2025-03-27 09:00:00,,,,,,,,,,,,,,,,,,,,25.1,24.4,9.0,5.5,32.0,34.5,39.5,38.1,40.5,51.1,48.5,47.8
2025-03-27 10:00:00,,,,,,,,,,,,,,,,,,,,24.9,24.2,8.9,5.5,32.0,34.4,39.4,38.1,40.4,51.1,48.5,47.8
2025-03-27 11:00:00,,,,,,,,,,,,,,,,,,,,24.7,24.0,8.9,5.5,31.9,34.4,39.4,38.0,40.3,51.0,48.4,47.8
2025-03-27 12:00:00,,,,,,,,,,,,,,,,,,,,24.5,23.6,8.8,5.5,31.9,34.3,39.3,37.9,40.2,51.0,48.4,47.7
2025-03-27 13:00:00,,,,,,,,,,,,,,,,,,,,24.2,23.3,8.8,5.5,31.8,34.3,39.2,37.8,40.2,50.9,48.3,47.7
2025-03-27 14:00:00,,,,,,,,,,,,,,,,,,,,23.9,23.1,8.8,5.5,31.7,34.2,39.2,37.7,40.0,50.8,48.2,47.6
2025-03-27 15:00:00,,,,,,,,,,,,,,,,,,,,23.7,22.8,8.7,5.5,31.6,34.2,39.1,37.7,39.9,50.7,48.1,47.6
2025-03-27 16:00:00,,,,,,,,,,,,,,,,,,,,23.4,22.7,8.6,5.5,31.6,34.1,39.1,37.7,39.9,50.7,48.1,47.6
2025-03-27 17:00:00,,,,,,,,,,,,,,,,,,,,23.3,22.6,8.6,5.5,31.5,34.1,39.1,37.7,39.9,50.7,48.1,47.6
2025-03-27 18:00:00,,,,,,,,,,,,,,,,,,,,23.3,22.6,8.6,5.5,31.5,34.1,39.0,37.7,39.9,50.7,48.1,47.6
2025-03-27 19:00:00,,,,,,,,,,,,,,,,,,,,23.3,22.6,8.6,5.5,31.5,34.1,39.0,37.7,39.9,50.7,48.1,47.6
2025-03-27 20:00:00,,,,,,,,,,,,,,,,,,,,23.3,22.5,8.6,5.5,31.5,34.1,39.0,37.7,39.9,50.7,48.1,47.6
2025-03-27 21:00:00,,,,,,,,,,,,,,,,,,,,23.2,22.5,8.6,5.4,31.5,34.1,39.0,37.7,40.0,50.7,48.1,47.6
2025-03-27 22:00:00,,,,,,,,,,,,,,,,,,,,23.2,22.5,8.5,5.4,31.5,34.1,39.0,37.7,40.0,50.7,48.1,47.6
2025-03-27 23:00:00,,,,,,,,,,,,,,,,,,,,23.1,22.5,8.5,5.4,31.5,34.1,39.0,37.7,40.0,50.7,48.1,47.6
2025-03-28 01:00:00,,,,,,,,,,,,,,,,,,,,23.1,22.5,8.5,5.5,31.5,34.1,39.0,37.8,40.0,50.8,48.1,47.6
2025-03-28 02:00:00,,,,,,,,,,,,,,,,,,,,23.0,22.5,8.5,5.5,31.5,34.1,39.0,37.8,40.0,50.7,48.1,47.6
2025-03-28 03:00:00,,,,,,,,,,,,,,,,,,,,23.0,22.5,8.5,5.5,31.5,34.1,39.0,37.8,40.0,50.8,48.1,47.6
2025-03-28 04:00:00,,,,,,,,,,,,,,,,,,,,23.0,22.5,8.5,5.5,31.5,34.1,39.0,37.8,40.0,50.7,48.1,47.6
2025-03-28 05:00:00,,,,,,,,,,,,,,,,,,,,23.0,22.5,8.5,5.5,31.5,34.1,39.0,37.8,40.0,50.7,48.1,47.6
2025-03-28 06:00:00,,,,,,,,,,,,,,,,,,,,22.9,22.5,8.5,5.5,31.5,34.1,39.0,37.9,40.0,50.8,48.1,47.5
2025-03-28 07:00:00,,,,,,,,,,,,,,,,,,,,23.0,22.5,8.5,5.5,31.5,34.1,39.0,37.9,40.0,50.7,48.1,47.6
2025-03-28 08:00:00,,,,,,,,,,,,,,,,,,,,22.9,22.5,8.5,5.5,31.4,34.1,39.0,37.8,40.0,50.7,48.1,47.5
2025-03-28 09:00:00,,,,,,,,,,,,,,,,,,,,22.8,22.4,8.5,5.4,31.4,34.1,39.0,37.8,39.9,50.7,48.1,47.5
2025-03-28 10:00:00,,,,,,,,,,,,,,,,,,,,22.6,22.2,8.5,5.4,31.3,34.0,38.9,37.7,39.8,50.6,48.0,47.4
2025-03-28 11:00:00,,,,,,,,,,,,,,,,,,,,22.5,22.1,8.4,5.4,31.3,33.9,38.9,37.6,39.8,50.5,47.9,47.4
2025-03-28 12:00:00,,,,,,,,,,,,,,,,,,,,22.4,22.1,8.4,5.4,31.2,33.9,38.8,37.6,39.8,50.5,47.9,47.3
2025-03-28 13:00:00,,,,,,,,,,,,,,,,,,,,22.4,22.0,8.4,5.5,31.2,33.8,38.8,37.6,39.8,50.5,47.9,47.3
2025-03-28 14:00:00,,,,,,,,,,,,,,,,,,,,22.3,22.0,8.4,5.5,31.2,33.8,38.8,37.6,39.8,50.5,47.9,47.3
2025-03-28 15:00:00,,,,,,,,,,,,,,,,,,,,22.3,22.0,8.4,5.4,31.1,33.8,38.8,37.6,39.8,50.5,47.9,47.3
2025-03-28 16:00:00,,,,,,,,,,,,,,,,,,,,22.3,22.0,8.4,5.4,31.1,33.8,38.8,37.6,39.8,50.5,47.9,47.3
2025-03-28 17:00:00,,,,,,,,,,,,,,,,,,,,22.3,22.0,8.4,5.4,31.1,33.8,38.8,37.6,39.8,50.6,47.9,47.3
2025-03-28 18:00:00,,,,,,,,,,,,,,,,,,,,22.3,22.0,8.3,5.4,31.1,33.8,38.8,37.6,39.8,50.6,47.9,47.3
2025-03-28 19:00:00,,,,,,,,,,,,,,,,,,,,22.2,22.0,8.3,5.4,31.1,33.8,38.8,37.6,39.8,50.6,47.9,47.3
2025-03-28 20:00:00,,,,,,,,,,,,,,,,,,,,22.3,22.0,8.3,5.4,31.1,33.8,38.8,37.7,39.8,50.6,47.9,47.3
2025-03-28 21:00:00,,,,,,,,,,,,,,,,,,,,22.2,22.0,8.3,5.4,31.1,33.8,38.9,37.7,39.9,50.6,47.9,47.3
2025-03-28 22:00:00,,,,,,,,,,,,,,,,,,,,22.2,22.0,8.3,5.4,31.1,33.8,38.9,37.7,39.9,50.6,47.9,47.3
2025-03-28 23:00:00,,,,,,,,,,,,,,,,,,,,22.1,22.0,8.3,5.4,31.1,33.8,38.9,37.7,39.9,50.6,47.9,47.3
2025-03-29 01:00:00,,,,,,,,,,,,,,,,,,,,22.1,22.1,8.3,5.4,31.1,33.8,38.8,37.7,39.9,50.6,47.9,47.3
2025-03-29 02:00:00,,,,,,,,,,,,,,,,,,,,22.1,22.0,8.4,5.4,31.1,33.8,38.8,37.7,39.9,50.7,47.9,47.3
2025-03-29 03:00:00,,,,,,,,,,,,,,,,,,,,22.1,22.0,8.4,5.4,31.1,33.9,38.8,37.7,39.9,50.7,47.9,47.3
2025-03-29 04:00:00,,,,,,,,,,,,,,,,,,,,22.0,22.0,8.3,5.4,31.1,33.9,38.8,37.7,39.9,50.7,47.9,47.3
2025-03-29 05:00:00,,,,,,,,,,,,,,,,,,,,22.0,22.0,8.3,5.4,31.0,33.9,38.8,37.7,39.9,50.7,47.9,47.3
2025-03-29 06:00:00,,,,,,,,,,,,,,,,,,,,22.0,22.0,8.3,5.4,31.0,33.9,38.8,37.7,39.9,50.6,47.9,47.3
2025-03-29 07:00:00,,,,,,,,,,,,,,,,,,,,22.0,21.9,8.3,5.4,31.0,33.9,38.8,37.7,39.9,50.6,47.9,47.3
2025-03-29 08:00:00,,,,,,,,,,,,,,,,,,,,22.0,21.9,8.3,5.4,31.0,33.9,38.8,37.7,39.9,50.6,47.9,47.3
2025-03-29 09:00:00,,,,,,,,,,,,,,,,,,,,21.9,21.9,8.3,5.4,31.0,33.9,38.8,37.7,39.9,50.6,47.9,47.3
2025-03-29 10:00:00,,,,,,,,,,,,,,,,,,,,22.0,22.0,8.3,5.4,31.0,33.8,38.8,37.7,39.9,50.6,47.9,47.3
2025-03-29 11:00:00,,,,,,,,,,,,,,,,,,,,21.9,21.9,8.3,5.4,30.9,33.8,38.7,37.7,39.8,50.6,47.9,47.3
2025-03-29 12:00:00,,,,,,,,,,,,,,,,,,,,21.9,21.8,8.3,5.4,30.9,33.8,38.7,37.6,39.8,50.5,47.9,47.3
2025-03-29 13:00:00,,,,,,,,,,,,,,,,,,,,21.8,21.7,8.3,5.3,30.8,33.7,38.6,37.5,39.8,50.5,47.8,47.3
2025-03-29 14:00:00,,,,,,,,,,,,,,,,,,,,21.8,21.7,8.2,5.3,30.8,33.7,38.6,37.5,39.7,50.5,47.8,47.2
2025-03-29 15:00:00,,,,,,,,,,,,,,,,,,,,21.7,21.7,8.2,5.3,30.8,33.7,38.6,37.5,39.7,50.5,47.8,47.2
2025-03-29 16:00:00,,,,,,,,,,,,,,,,,,,,21.7,21.7,8.2,5.3,30.7,33.6,38.5,37.5,39.7,50.4,47.8,47.2
2025-03-29 17:00:00,,,,,,,,,,,,,,,,,,,,21.6,21.7,8.2,5.3,30.7,33.6,38.5,37.5,39.7,50.5,47.8,47.2
2025-03-29 18:00:00,,,,,,,,,,,,,,,,,,,,21.6,21.7,8.2,5.3,30.7,33.6,38.5,37.5,39.7,50.5,47.8,47.2
2025-03-29 19:00:00,,,,,,,,,,,,,,,,,,,,21.6,21.7,8.2,5.3,30.7,33.6,38.5,37.5,39.8,50.5,47.8,47.2
2025-03-29 20:00:00,,,,,,,,,,,,,,,,,,,,21.6,21.7,8.2,5.3,30.7,33.6,38.5,37.5,39.7,50.5,47.8,47.2
2025-03-29 21:00:00,,,,,,,,,,,,,,,,,,,,21.5,21.6,8.2,5.3,30.6,33.6,38.5,37.5,39.8,50.5,47.8,47.3
2025-03-29 22:00:00,,,,,,,,,,,,,,,,,,,,21.5,21.6,8.2,5.3,30.6,33.6,38.5,37.5,39.7,50.5,47.8,47.3
2025-03-29 23:00:00,,,,,,,,,,,,,,,,,,,,21.5,21.6,8.2,5.3,30.6,33.6,38.5,37.5,39.7,50.5,47.8,47.3
2025-03-30 01:00:00,,,,,,,,,,,,,,,,,,,,21.5,21.6,8.2,5.3,30.6,33.6,38.5,37.6,39.7,50.5,47.8,47.3
2025-03-30 02:00:00,,,,,,,,,,,,,,,,,,,,21.5,21.6,8.2,5.3,30.6,33.6,38.5,37.5,39.7,50.5,47.8,47.3
2025-03-30 03:00:00,,,,,,,,,,,,,,,,,,,,21.5,21.6,8.2,5.3,30.6,33.6,38.5,37.5,39.7,50.5,47.8,47.3
2025-03-30 04:00:00,,,,,,,,,,,,,,,,,,,,21.5,21.6,8.2,5.3,30.6,33.6,38.5,37.5,39.7,50.5,47.8,47.3
2025-03-30 05:00:00,,,,,,,,,,,,,,,,,,,,21.4,21.6,8.2,5.3,30.6,33.6,38.5,37.5,39.7,50.5,47.8,47.3
2025-03-30 06:00:00,,,,,,,,,,,,,,,,,,,,21.4,21.6,8.2,5.3,30.5,33.6,38.5,37.5,39.7,50.5,47.8,47.3
2025-03-30 07:00:00,,,,,,,,,,,,,,,,,,,,21.4,21.6,8.1,5.3,30.5,33.6,38.5,37.5,39.7,50.5,47.8,47.3
2025-03-30 08:00:00,,,,,,,,,,,,,,,,,,,,21.4,21.6,8.1,5.3,30.5,33.6,38.5,37.5,39.7,50.5,47.8,47.3
2025-03-30 09:00:00,,,,,,,,,,,,,,,,,,,,21.4,21.6,8.1,5.3,30.5,33.6,38.5,37.5,39.7,50.5,47.8,47.3
2025-03-30 10:00:00,,,,,,,,,,,,,,,,,,,,21.4,21.5,8.1,5.3,30.5,33.6,38.5,37.5,39.7,50.5,47.8,47.3
2025-03-30 11:00:00,,,,,,,,,,,,,,,,,,,,21.3,21.5,8.2,5.3,30.4,33.5,38.4,37.4,39.6,50.4,47.8,47.3
2025-03-30 12:00:00,,,,,,,,,,,,,,,,,,,,21.2,21.4,8.2,5.3,30.4,33.5,38.3,37.4,39.5,50.3,47.7,47.2
2025-03-30 13:00:00,,,,,,,,,,,,,,,,,,,,21.2,21.3,8.1,5.3,30.3,33.4,38.3,37.3,39.4,50.3,47.7,47.2
2025-03-30 14:00:00,,,,,,,,,,,,,,,,,,,,21.1,21.3,8.1,5.2,30.3,33.3,38.2,37.3,39.3,50.2,47.6,47.2
2025-03-30 15:00:00,,,,,,,,,,,,,,,,,,,,21.1,21.3,8.1,5.2,30.2,33.3,38.2,37.2,39.3,50.2,47.5,47.1
2025-03-30 16:00:00,,,,,,,,,,,,,,,,,,,,21.1,21.3,8.0,5.2,30.2,33.3,38.2,37.2,39.3,50.2,47.4,47.1
2025-03-30 17:00:00,,,,,,,,,,,,,,,,,,,,21.0,21.3,8.0,5.2,30.1,33.3,38.2,37.2,39.3,50.2,47.4,47.1
2025-03-30 18:00:00,,,,,,,,,,,,,,,,,,,,21.1,21.3,8.0,5.2,30.1,33.3,38.2,37.2,39.3,50.2,47.4,47.1
2025-03-30 19:00:00,,,,,,,,,,,,,,,,,,,,21.0,21.3,8.0,5.2,30.1,33.2,38.1,37.2,39.3,50.2,47.4,47.1
2025-03-30 20:00:00,,,,,,,,,,,,,,,,,,,,21.0,21.3,8.0,5.2,30.1,33.2,38.1,37.2,39.3,50.2,47.4,47.1
2025-03-30 21:00:00,,,,,,,,,,,,,,,,,,,,20.9,21.2,8.0,5.2,30.1,33.2,38.1,37.2,39.3,50.2,47.4,47.1
2025-03-30 22:00:00,,,,,,,,,,,,,,,,,,,,21.0,21.2,8.0,5.2,30.1,33.2,38.1,37.3,39.3,50.2,47.4,47.1
2025-03-30 23:00:00,,,,,,,,,,,,,,,,,,,,21.0,21.2,8.0,5.2,30.1,33.2,38.1,37.3,39.3,50.2,47.4,47.1
2025-03-31 01:00:00,,,,,,,,,,,,,,,,,,,,21.0,21.2,8.0,5.2,30.0,33.2,38.1,37.3,39.3,50.2,47.4,47.1
2025-03-31 02:00:00,,,,,,,,,,,,,,,,,,,,20.9,21.2,8.0,5.2,30.0,33.2,38.1,37.3,39.3,50.2,47.4,47.1
2025-03-31 03:00:00,,,,,,,,,,,,,,,,,,,,20.9,21.2,8.0,5.2,30.0,33.2,38.1,37.3,39.3,50.2,47.4,47.1
2025-03-31 04:00:00,,,,,,,,,,,,,,,,,,,,20.9,21.2,8.0,5.2,30.0,33.2,38.1,37.3,39.3,50.2,47.5,47.1
2025-03-31 05:00:00,,,,,,,,,,,,,,,,,,,,20.9,21.2,8.1,5.2,30.0,33.2,38.1,37.3,39.3,50.2,47.5,47.1
2025-03-31 06:00:00,,,,,,,,,,,,,,,,,,,,20.9,21.2,8.1,5.2,30.0,33.2,38.1,37.3,39.3,50.2,47.5,47.0
2025-03-31 07:00:00,,,,,,,,,,,,,,,,,,,,20.9,21.2,8.1,5.2,30.0,33.2,38.1,37.3,39.3,50.2,47.5,47.1
2025-03-31 08:00:00,,,,,,,,,,,,,,,,,,,,20.8,21.2,8.1,5.2,30.0,33.2,38.1,37.3,39.3,50.2,47.5,47.0
2025-03-31 09:00:00,,,,,,,,,,,,,,,,,,,,20.9,21.2,8.0,5.2,29.9,33.2,38.1,37.2,39.2,50.2,47.4,47.0
2025-03-31 10:00:00,,,,,,,,,,,,,,,,,,,,20.8,21.1,8.0,5.2,29.8,33.1,38.0,37.2,39.1,50.1,47.4,47.0
2025-03-31 11:00:00,,,,,,,,,,,,,,,,,,,,20.7,21.0,8.0,5.1,29.8,33.0,37.9,37.1,39.0,50.0,47.3,46.9
2025-03-31 12:00:00,,,,,,,,,,,,,,,,,,,,20.6,20.8,8.0,5.1,29.7,33.0,37.8,37.0,38.8,49.8,47.2,46.9
2025-03-31 13:00:00,,,,,,,,,,,,,,,,,,,,20.6,20.8,7.9,5.1,29.6,32.9,37.7,36.9,38.6,49.6,47.0,46.8
2025-03-31 14:00:00,,,,,,,,,,,,,,,,,,,,20.6,20.7,7.9,5.1,29.5,32.8,37.7,36.8,38.5,49.6,47.0,46.8
2025-03-31 15:00:00,,,,,,,,,,,,,,,,,,,,20.5,20.7,7.9,5.1,29.5,32.8,37.6,36.8,38.5,49.5,46.9,46.8
2025-03-31 16:00:00,,,,,,,,,,,,,,,,,,,,20.5,20.7,7.9,5.1,29.4,32.7,37.6,36.8,38.4,49.5,46.9,46.7
2025-03-31 17:00:00,,,,,,,,,,,,,,,,,,,,20.5,20.7,7.9,5.1,29.4,32.7,37.6,36.8,38.4,49.5,46.9,46.7
2025-03-31 18:00:00,,,,,,,,,,,,,,,,,,,,20.4,20.7,7.8,5.1,29.4,32.7,37.5,36.8,38.4,49.5,46.8,46.7
2025-03-31 19:00:00,,,,,,,,,,,,,,,,,,,,20.5,20.7,7.8,5.1,29.3,32.7,37.5,36.8,38.4,49.5,46.8,46.7
2025-03-31 20:00:00,,,,,,,,,,,,,,,,,,,,20.4,20.7,7.9,5.1,29.3,32.7,37.5,36.8,38.5,49.5,46.8,46.7
2025-03-31 21:00:00,,,,,,,,,,,,,,,,,,,,20.4,20.7,7.9,5.1,29.3,32.7,37.5,36.8,38.5,49.6,46.8,46.7
2025-03-31 22:00:00,,,,,,,,,,,,,,,,,,,,20.4,20.7,7.9,5.1,29.3,32.7,37.5,36.8,38.5,49.6,46.8,46.7
2025-03-31 23:00:00,,,,,,,,,,,,,,,,,,,,20.4,20.7,7.9,5.1,29.3,32.7,37.5,36.8,38.5,49.6,46.8,46.7
2025-04-01 01:00:00,,,,,,,,,,,,,,,,,,,,20.3,20.7,7.9,5.1,29.3,32.7,37.6,36.8,38.5,49.6,46.8,46.7
2025-04-01 02:00:00,,,,,,,,,,,,,,,,,,,,20.3,20.7,7.9,5.1,29.3,32.6,37.5,36.8,38.5,49.6,46.8,46.7
2025-04-01 03:00:00,,,,,,,,,,,,,,,,,,,,20.3,20.7,7.8,5.1,29.3,32.6,37.6,36.8,38.5,49.6,46.8,46.7
2025-04-01 04:00:00,,,,,,,,,,,,,,,,,,,,20.3,20.7,7.8,5.1,29.2,32.6,37.5,36.8,38.5,49.6,46.8,46.7
2025-04-01 05:00:00,,,,,,,,,,,,,,,,,,,,20.3,20.6,7.8,5.1,29.2,32.6,37.5,36.8,38.5,49.6,46.8,46.7
2025-04-01 06:00:00,,,,,,,,,,,,,,,,,,,,20.3,20.6,7.8,5.1,29.2,32.6,37.5,36.8,38.5,49.6,46.8,46.7
2025-04-01 07:00:00,,,,,,,,,,,,,,,,,,,,20.3,20.6,7.8,5.1,29.2,32.6,37.5,36.8,38.5,49.6,46.8,46.7
2025-04-01 08:00:00,,,,,,,,,,,,,,,,,,,,20.3,20.6,7.8,5.1,29.2,32.6,37.5,36.8,38.5,49.6,46.8,46.7
2025-04-01 09:00:00,,,,,,,,,,,,,,,,,,,,20.3,20.6,7.8,5.1,29.2,32.6,37.5,36.8,38.5,49.6,46.8,46.7
2025-04-01 10:00:00,,,,,,,,,,,,,,,,,,,,20.3,20.6,7.8,5.1,29.1,32.6,37.5,36.8,38.5,49.6,46.8,46.7
2025-04-01 11:00:00,,,,,,,,,,,,,,,,,,,,20.3,20.6,7.8,5.1,29.1,32.6,37.5,36.8,38.5,49.6,46.8,46.7
2025-04-01 12:00:00,,,,,,,,,,,,,,,,,,,,20.3,20.6,7.8,5.1,29.1,32.6,37.5,36.8,38.5,49.5,46.8,46.7
2025-04-01 13:00:00,,,,,,,,,,,,,,,,,,,,20.3,20.6,7.8,5.1,29.1,32.6,37.5,36.8,38.5,49.5,46.8,46.7
2025-04-01 14:00:00,,,,,,,,,,,,,,,,,,,,20.3,20.6,7.8,5.1,29.1,32.6,37.4,36.8,38.5,49.5,46.8,46.7
2025-04-01 15:00:00,,,,,,,,,,,,,,,,,,,,20.2,20.6,7.8,5.1,29.1,32.5,37.4,36.8,38.5,49.5,46.8,46.7
2025-04-01 16:00:00,,,,,,,,,,,,,,,,,,,,20.2,20.6,7.8,5.1,29.1,32.5,37.4,36.8,38.5,49.5,46.8,46.7
2025-04-01 17:00:00,,,,,,,,,,,,,,,,,,,,20.2,20.6,7.8,5.1,29.0,32.5,37.4,36.8,38.5,49.5,46.8,46.7
2025-04-01 18:00:00,,,,,,,,,,,,,,,,,,,,20.3,20.6,7.8,5.1,29.0,32.5,37.4,36.8,38.5,49.6,46.8,46.7
2025-04-01 19:00:00,,,,,,,,,,,,,,,,,,,,20.3,20.6,7.8,5.1,29.0,32.5,37.4,36.8,38.5,49.6,46.8,46.7
2025-04-01 20:00:00,,,,,,,,,,,,,,,,,,,,20.3,20.6,7.8,5.1,29.0,32.5,37.4,36.8,38.5,49.6,46.8,46.7
2025-04-01 21:00:00,,,,,,,,,,,,,,,,,,,,20.3,20.6,7.8,5.1,29.0,32.5,37.4,36.8,38.5,49.6,46.8,46.7
2025-04-01 22:00:00,,,,,,,,,,,,,,,,,,,,20.3,20.6,7.8,5.1,29.0,32.5,37.4,36.8,38.5,49.6,46.8,46.7
2025-04-01 23:00:00,,,,,,,,,,,,,,,,,,,,20.3,20.6,7.8,5.1,29.0,32.5,37.4,36.8,38.5,49.6,46.8,46.7
2025-04-02 01:00:00,,,,,,,,,,,,,,,,,,,,20.3,20.6,7.9,5.1,29.0,32.5,37.4,36.8,38.5,49.6,46.8,46.7
2025-04-02 02:00:00,,,,,,,,,,,,,,,,,,,,20.2,20.6,7.9,5.0,29.0,32.5,37.5,36.8,38.5,49.6,46.8,46.7
2025-04-02 03:00:00,,,,,,,,,,,,,,,,,,,,20.3,20.6,7.9,5.0,29.0,32.5,37.5,36.8,38.5,49.6,46.9,46.7
2025-04-02 04:00:00,,,,,,,,,,,,,,,,,,,,20.3,20.6,7.8,5.0,29.0,32.5,37.5,36.8,38.5,49.6,46.8,46.7
2025-04-02 05:00:00,,,,,,,,,,,,,,,,,,,,20.3,20.6,7.8,5.0,29.0,32.5,37.5,36.8,38.5,49.6,46.9,46.7
2025-04-02 06:00:00,,,,,,,,,,,,,,,,,,,,20.3,20.6,7.8,5.0,29.0,32.5,37.5,36.8,38.5,49.6,46.9,46.7
2025-04-02 07:00:00,,,,,,,,,,,,,,,,,,,,20.3,20.6,7.8,5.0,29.0,32.5,37.5,36.8,38.5,49.6,46.9,46.7
2025-04-02 08:00:00,,,,,,,,,,,,,,,,,,,,20.3,20.7,7.8,5.0,29.0,32.5,37.5,36.8,38.5,49.6,46.9,46.7
2025-04-02 09:00:00,,,,,,,,,,,,,,,,,,,,20.3,20.6,7.8,5.0,29.0,32.5,37.5,36.8,38.6,49.6,46.9,46.7
2025-04-02 10:00:00,,,,,,,,,,,,,,,,,,,,20.3,20.6,7.8,5.0,29.0,32.5,37.5,36.8,38.5,49.6,46.9,46.7
2025-04-02 11:00:00,,,,,,,,,,,,,,,,,,,,20.3,20.6,7.8,5.0,28.9,32.5,37.5,36.8,38.5,49.6,46.9,46.7
2025-04-02 12:00:00,,,,,,,,,,,,,,,,,,,,20.3,20.6,7.8,5.0,28.9,32.5,37.4,36.8,38.5,49.6,46.9,46.7
2025-04-02 13:00:00,,,,,,,,,,,,,,,,,,,,20.3,20.7,7.8,5.0,28.9,32.4,37.4,36.8,38.5,49.6,46.9,46.7
2025-04-02 14:00:00,,,,,,,,,,,,,,,,,,,,20.3,20.7,7.8,5.0,28.9,32.4,37.4,36.8,38.5,49.6,46.8,46.7
2025-04-02 15:00:00,,,,,,,,,,,,,,,,,,,,20.3,20.7,7.8,5.0,28.9,32.4,37.4,36.8,38.5,49.6,46.8,46.7
2025-04-02 16:00:00,,,,,,,,,,,,,,,,,,,,20.3,20.6,7.8,5.0,28.9,32.4,37.4,36.8,38.5,49.6,46.9,46.7
2025-04-02 17:00:00,,,,,,,,,,,,,,,,,,,,20.3,20.6,7.8,5.0,28.9,32.4,37.4,36.8,38.5,49.5,46.9,46.7
2025-04-02 18:00:00,,,,,,,,,,,,,,,,,,,,20.3,20.7,7.8,5.0,28.9,32.4,37.4,36.7,38.5,49.6,46.9,46.7
2025-04-02 19:00:00,,,,,,,,,,,,,,,,,,,,20.3,20.7,7.8,5.0,28.9,32.4,37.4,36.7,38.5,49.6,46.9,46.7
2025-04-02 20:00:00,,,,,,,,,,,,,,,,,,,,20.3,20.7,7.8,5.0,28.8,32.4,37.4,36.7,38.5,49.5,46.9,46.7
2025-04-02 21:00:00,,,,,,,,,,,,,,,,,,,,20.3,20.6,7.8,5.0,28.8,32.4,37.4,36.8,38.5,49.6,46.9,46.7
2025-04-02 22:00:00,,,,,,,,,,,,,,,,,,,,20.3,20.7,7.9,5.0,28.8,32.4,37.4,36.8,38.5,49.6,46.9,46.7
2025-04-02 23:00:00,,,,,,,,,,,,,,,,,,,,20.3,20.6,7.8,5.0,28.8,32.4,37.4,36.8,38.5,49.6,46.9,46.7
2025-04-03 01:00:00,,,,,,,,,,,,,,,,,,,,20.3,20.6,7.8,5.0,28.8,32.4,37.4,36.8,38.5,49.6,46.9,46.7
2025-04-03 02:00:00,,,,,,,,,,,,,,,,,,,,20.3,20.6,7.8,5.0,28.8,32.4,37.4,36.8,38.5,49.6,46.9,46.7
2025-04-03 03:00:00,,,,,,,,,,,,,,,,,,,,20.3,20.6,7.8,5.0,28.8,32.3,37.4,36.8,38.5,49.6,46.9,46.7
2025-04-03 04:00:00,,,,,,,,,,,,,,,,,,,,20.3,20.7,7.8,5.0,28.7,32.3,37.4,36.8,38.5,49.6,46.9,46.7
2025-04-03 05:00:00,,,,,,,,,,,,,,,,,,,,20.3,20.7,7.8,5.0,28.8,32.3,37.4,36.8,38.5,49.6,46.9,46.7
2025-04-03 06:00:00,,,,,,,,,,,,,,,,,,,,20.3,20.6,7.8,5.0,28.7,32.3,37.4,36.8,38.5,49.6,46.9,46.7
2025-04-03 07:00:00,,,,,,,,,,,,,,,,,,,,20.3,20.6,7.8,5.0,28.7,32.3,37.4,36.8,38.5,49.6,46.9,46.7
2025-04-03 08:00:00,,,,,,,,,,,,,,,,,,,,20.3,20.6,7.8,5.0,28.8,32.3,37.4,36.8,38.5,49.6,46.9,46.7
2025-04-03 09:00:00,,,,,,,,,,,,,,,,,,,,20.3,20.6,7.8,5.0,28.8,32.3,37.4,36.8,38.5,49.6,46.9,46.7
2025-04-03 10:00:00,,,,,,,,,,,,,,,,,,,,20.3,20.6,7.8,5.0,28.8,32.3,37.4,36.8,38.5,49.6,46.9,46.7
2025-04-03 11:00:00,,,,,,,,,,,,,,,,,,,,20.3,20.6,7.8,5.0,28.8,32.3,37.4,36.8,38.5,49.6,46.9,46.7
2025-04-03 12:00:00,,,,,,,,,,,,,,,,,,,,20.3,20.6,7.8,5.0,28.7,32.3,37.4,36.8,38.5,49.5,46.8,46.7
2025-04-03 13:00:00,,,,,,,,,,,,,,,,,,,,20.3,20.6,7.8,5.0,28.7,32.2,37.3,36.7,38.5,49.5,46.8,46.7
2025-04-03 14:00:00,,,,,,,,,,,,,,,,,,,,20.3,20.6,7.8,5.0,28.7,32.2,37.3,36.7,38.5,49.5,46.8,46.7
2025-04-03 15:00:00,,,,,,,,,,,,,,,,,,,,20.3,20.6,7.8,5.0,28.6,32.2,37.3,36.7,38.5,49.5,46.8,46.7
2025-04-03 16:00:00,,,,,,,,,,,,,,,,,,,,20.4,20.6,7.8,5.0,28.6,32.2,37.2,36.7,38.5,49.5,46.8,46.7
2025-04-03 17:00:00,,,,,,,,,,,,,,,,,,,,20.4,20.7,7.8,5.0,28.6,32.2,37.2,36.7,38.5,49.5,46.8,46.7
2025-04-03 18:00:00,,,,,,,,,,,,,,,,,,,,20.4,20.6,7.8,5.0,28.6,32.1,37.2,36.6,38.4,49.5,46.8,46.7
2025-04-03 19:00:00,,,,,,,,,,,,,,,,,,,,20.3,20.6,7.8,5.0,28.5,32.1,37.2,36.6,38.4,49.5,46.8,46.7
2025-04-03 20:00:00,,,,,,,,,,,,,,,,,,,,20.3,20.6,7.8,5.0,28.5,32.1,37.2,36.6,38.4,49.5,46.8,46.7
2025-04-03 21:00:00,,,,,,,,,,,,,,,,,,,,20.3,20.6,7.8,5.0,28.5,32.1,37.2,36.6,38.4,49.5,46.8,46.7
2025-04-03 22:00:00,,,,,,,,,,,,,,,,,,,,20.3,20.6,7.8,4.9,28.5,32.1,37.2,36.6,38.4,49.5,46.8,46.7
2025-04-03 23:00:00,,,,,,,,,,,,,,,,,,,,20.3,20.6,7.8,5.0,28.5,32.1,37.1,36.6,38.4,49.5,46.8,46.7
2025-04-04 01:00:00,,,,,,,,,,,,,,,,,,,,20.3,20.6,7.8,5.0,28.5,32.1,37.2,36.6,38.4,49.5,46.8,46.7
2025-04-04 02:00:00,,,,,,,,,,,,,,,,,,,,20.3,20.6,7.8,5.0,28.5,32.1,37.2,36.6,38.4,49.5,46.8,46.7
2025-04-04 03:00:00,,,,,,,,,,,,,,,,,,,,20.3,20.6,7.8,5.0,28.5,32.0,37.2,36.6,38.4,49.5,46.8,46.7
2025-04-04 04:00:00,,,,,,,,,,,,,,,,,,,,20.3,20.6,7.8,5.0,28.4,32.0,37.2,36.6,38.4,49.5,46.8,46.7
2025-04-04 05:00:00,,,,,,,,,,,,,,,,,,,,20.3,20.6,7.8,5.0,28.4,32.0,37.2,36.6,38.4,49.5,46.8,46.7
2025-04-04 06:00:00,,,,,,,,,,,,,,,,,,,,20.3,20.6,7.8,5.0,28.4,32.0,37.2,36.6,38.4,49.5,46.8,46.7
2025-04-04 07:00:00,,,,,,,,,,,,,,,,,,,,20.3,20.6,7.8,5.0,28.4,32.0,37.2,36.6,38.4,49.6,46.8,46.7
2025-04-04 08:00:00,,,,,,,,,,,,,,,,,,,,20.3,20.6,7.8,5.0,28.4,32.0,37.1,36.6,38.4,49.5,46.8,46.7
2025-04-04 09:00:00,,,,,,,,,,,,,,,,,,,,20.3,20.6,7.8,5.0,28.4,32.0,37.1,36.6,38.4,49.5,46.8,46.6
2025-04-04 10:00:00,,,,,,,,,,,,,,,,,,,,20.3,20.6,7.8,5.0,28.4,31.9,37.1,36.5,38.3,49.4,46.7,46.6
2025-04-04 11:00:00,,,,,,,,,,,,,,,,,,,,20.3,20.5,7.8,4.9,28.3,31.8,36.9,36.4,38.1,49.2,46.6,46.6
2025-04-04 12:00:00,,,,,,,,,,,,,,,,,,,,20.3,20.5,7.7,4.9,28.2,31.8,36.8,36.4,38.0,49.2,46.5,46.5
2025-04-04 13:00:00,,,,,,,,,,,,,,,,,,,,20.2,20.5,7.8,4.9,28.2,31.7,36.8,36.3,38.0,49.2,46.5,46.5
2025-04-04 14:00:00,,,,,,,,,,,,,,,,,,,,20.2,20.5,7.8,4.9,28.1,31.7,36.8,36.3,37.9,49.2,46.5,46.5
2025-04-04 15:00:00,,,,,,,,,,,,,,,,,,,,20.2,20.5,7.8,4.9,28.1,31.7,36.7,36.3,37.9,49.1,46.5,46.5
2025-04-04 16:00:00,,,,,,,,,,,,,,,,,,,,20.2,20.5,7.7,4.9,28.1,31.6,36.7,36.3,37.9,49.1,46.5,46.5
2025-04-04 17:00:00,,,,,,,,,,,,,,,,,,,,20.2,20.5,7.8,4.9,28.0,31.6,36.6,36.2,37.9,49.1,46.5,46.5
2025-04-04 18:00:00,,,,,,,,,,,,,,,,,,,,20.2,20.5,7.8,4.9,28.0,31.6,36.6,36.2,37.9,49.1,46.5,46.5
2025-04-04 19:00:00,,,,,,,,,,,,,,,,,,,,20.2,20.5,7.8,4.9,28.0,31.6,36.6,36.2,37.9,49.1,46.5,46.5
2025-04-04 20:00:00,,,,,,,,,,,,,,,,,,,,20.2,20.5,7.8,4.9,28.0,31.5,36.6,36.2,37.9,49.2,46.5,46.5
2025-04-04 21:00:00,,,,,,,,,,,,,,,,,,,,20.2,20.5,7.8,4.9,28.0,31.5,36.6,36.2,37.9,49.2,46.5,46.5
2025-04-04 22:00:00,,,,,,,,,,,,,,,,,,,,20.2,20.5,7.8,4.9,28.0,31.5,36.6,36.2,37.9,49.2,46.5,46.5
2025-04-04 23:00:00,,,,,,,,,,,,,,,,,,,,20.2,20.5,7.8,4.9,28.0,31.5,36.6,36.2,37.9,49.2,46.5,46.5
2025-04-05 01:00:00,,,,,,,,,,,,,,,,,,,,20.2,20.5,7.8,4.9,27.9,31.5,36.6,36.2,38.0,49.2,46.5,46.5
2025-04-05 02:00:00,,,,,,,,,,,,,,,,,,,,20.2,20.5,7.8,4.9,27.9,31.5,36.6,36.2,38.0,49.2,46.5,46.5
2025-04-05 03:00:00,,,,,,,,,,,,,,,,,,,,20.2,20.5,7.8,4.9,27.9,31.4,36.6,36.2,38.0,49.2,46.5,46.5
2025-04-05 04:00:00,,,,,,,,,,,,,,,,,,,,20.2,20.5,7.8,4.9,27.9,31.4,36.6,36.2,38.0,49.2,46.5,46.5
2025-04-05 05:00:00,,,,,,,,,,,,,,,,,,,,20.2,20.5,7.8,4.9,27.9,31.4,36.6,36.2,38.0,49.2,46.5,46.5
2025-04-05 06:00:00,,,,,,,,,,,,,,,,,,,,20.2,20.5,7.7,4.9,27.9,31.4,36.5,36.2,38.0,49.2,46.5,46.5
2025-04-05 07:00:00,,,,,,,,,,,,,,,,,,,,20.2,20.5,7.7,4.9,27.9,31.4,36.5,36.2,38.0,49.2,46.5,46.5
2025-04-05 08:00:00,,,,,,,,,,,,,,,,,,,,20.2,20.5,7.7,4.9,27.9,31.4,36.5,36.2,38.0,49.2,46.5,46.5
2025-04-05 09:00:00,,,,,,,,,,,,,,,,,,,,20.2,20.5,7.7,4.9,27.8,31.4,36.5,36.2,38.0,49.2,46.5,46.5
2025-04-05 10:00:00,,,,,,,,,,,,,,,,,,,,20.2,20.5,7.7,4.9,27.8,31.4,36.5,36.2,38.0,49.2,46.5,46.5
2025-04-05 11:00:00,,,,,,,,,,,,,,,,,,,,20.2,20.5,7.7,4.9,27.7,31.3,36.4,36.2,37.9,49.1,46.4,46.5
2025-04-05 12:00:00,,,,,,,,,,,,,,,,,,,,20.2,20.4,7.7,4.9,27.7,31.2,36.4,36.1,37.7,49.0,46.3,46.4
2025-04-05 13:00:00,,,,,,,,,,,,,,,,,,,,20.2,20.4,7.7,4.9,27.6,31.2,36.3,36.1,37.6,48.9,46.3,46.4
2025-04-05 14:00:00,,,,,,,,,,,,,,,,,,,,20.1,20.5,7.7,4.9,27.6,31.1,36.2,36.0,37.5,48.8,46.2,46.4
2025-04-05 15:00:00,,,,,,,,,,,,,,,,,,,,20.1,20.4,7.7,4.9,27.5,31.1,36.1,35.9,37.4,48.7,46.1,46.4
2025-04-05 16:00:00,,,,,,,,,,,,,,,,,,,,20.1,20.4,7.7,4.9,27.5,31.0,36.0,35.9,37.4,48.7,46.1,46.3
2025-04-05 17:00:00,,,,,,,,,,,,,,,,,,,,20.1,20.4,7.7,4.9,27.5,31.0,36.0,35.9,37.3,48.7,46.1,46.3
2025-04-05 18:00:00,,,,,,,,,,,,,,,,,,,,20.1,20.4,7.7,4.9,27.4,30.9,35.9,35.8,37.3,48.7,46.1,46.3
2025-04-05 19:00:00,,,,,,,,,,,,,,,,,,,,20.1,20.5,7.7,4.9,27.4,30.9,35.9,35.8,37.3,48.7,46.1,46.3
2025-04-05 20:00:00,,,,,,,,,,,,,,,,,,,,20.2,20.5,7.7,4.9,27.4,30.9,35.9,35.9,37.3,48.7,46.1,46.3
2025-04-05 21:00:00,,,,,,,,,,,,,,,,,,,,20.1,20.4,7.7,4.9,27.4,30.9,35.8,35.8,37.3,48.7,46.1,46.3
2025-04-05 22:00:00,,,,,,,,,,,,,,,,,,,,20.1,20.4,7.7,4.9,27.3,30.8,35.8,35.8,37.3,48.7,46.1,46.3
2025-04-05 23:00:00,,,,,,,,,,,,,,,,,,,,20.1,20.4,7.7,4.9,27.3,30.8,35.8,35.8,37.3,48.7,46.1,46.3
2025-04-06 01:00:00,,,,,,,,,,,,,,,,,,,,20.1,20.4,7.7,4.9,27.3,30.8,35.8,35.8,37.3,48.7,46.1,46.3
2025-04-06 02:00:00,,,,,,,,,,,,,,,,,,,,20.1,20.4,7.7,4.9,27.3,30.7,35.8,35.8,37.3,48.8,46.1,46.3
2025-04-06 03:00:00,,,,,,,,,,,,,,,,,,,,20.1,20.4,7.7,4.9,27.3,30.7,35.8,35.9,37.3,48.8,46.1,46.3
2025-04-06 04:00:00,,,,,,,,,,,,,,,,,,,,20.1,20.4,7.7,4.9,27.3,30.7,35.8,35.8,37.3,48.8,46.1,46.3
2025-04-06 05:00:00,,,,,,,,,,,,,,,,,,,,20.1,20.4,7.7,4.9,27.2,30.7,35.8,35.9,37.3,48.8,46.1,46.3
2025-04-06 06:00:00,,,,,,,,,,,,,,,,,,,,20.1,20.4,7.7,4.9,27.2,30.7,35.7,35.9,37.3,48.8,46.1,46.3
2025-04-06 07:00:00,,,,,,,,,,,,,,,,,,,,20.1,20.4,7.7,4.9,27.2,30.7,35.7,35.9,37.3,48.8,46.1,46.3
2025-04-06 08:00:00,,,,,,,,,,,,,,,,,,,,20.1,20.4,7.7,4.9,27.2,30.6,35.7,35.9,37.3,48.8,46.1,46.3
2025-04-06 09:00:00,,,,,,,,,,,,,,,,,,,,20.1,20.4,7.7,4.9,27.2,30.6,35.7,35.8,37.3,48.8,46.1,46.3
2025-04-06 10:00:00,,,,,,,,,,,,,,,,,,,,20.1,20.4,7.7,4.9,27.1,30.6,35.7,35.8,37.3,48.7,46.1,46.3
2025-04-06 11:00:00,,,,,,,,,,,,,,,,,,,,20.1,20.4,7.7,4.9,27.0,30.5,35.6,35.7,37.2,48.6,46.0,46.2
2025-04-06 12:00:00,,,,,,,,,,,,,,,,,,,,20.1,20.4,7.7,4.9,27.0,30.5,35.5,35.7,37.1,48.5,45.9,46.2
2025-04-06 13:00:00,,,,,,,,,,,,,,,,,,,,20.1,20.4,7.7,4.9,27.0,30.4,35.4,35.6,37.0,48.5,45.9,46.2
2025-04-06 14:00:00,,,,,,,,,,,,,,,,,,,,20.1,20.4,7.7,4.9,26.9,30.4,35.3,35.6,36.9,48.4,45.9,46.2
2025-04-06 15:00:00,,,,,,,,,,,,,,,,,,,,20.1,20.4,7.7,4.9,26.9,30.3,35.3,35.6,36.9,48.4,45.8,46.2
2025-04-06 16:00:00,,,,,,,,,,,,,,,,,,,,20.1,20.4,7.7,4.9,26.9,30.3,35.3,35.6,36.9,48.4,45.8,46.2
2025-04-06 17:00:00,,,,,,,,,,,,,,,,,,,,20.0,20.4,7.7,4.9,26.9,30.3,35.2,35.6,36.9,48.4,45.9,46.2
2025-04-06 18:00:00,,,,,,,,,,,,,,,,,,,,20.0,20.4,7.7,4.9,26.8,30.3,35.2,35.6,36.9,48.4,45.9,46.2
2025-04-06 19:00:00,,,,,,,,,,,,,,,,,,,,20.0,20.4,7.7,4.9,26.8,30.2,35.2,35.5,36.9,48.4,45.9,46.2
2025-04-06 20:00:00,,,,,,,,,,,,,,,,,,,,20.0,20.4,7.7,4.9,26.8,30.2,35.2,35.5,36.9,48.4,45.9,46.2
2025-04-06 21:00:00,,,,,,,,,,,,,,,,,,,,20.0,20.4,7.7,4.9,26.8,30.2,35.2,35.5,36.9,48.4,45.9,46.2
2025-04-06 22:00:00,,,,,,,,,,,,,,,,,,,,20.0,20.4,7.7,4.9,26.8,30.2,35.1,35.5,36.9,48.4,45.9,46.2
2025-04-06 23:00:00,,,,,,,,,,,,,,,,,,,,20.0,20.4,7.7,4.9,26.7,30.1,35.1,35.5,36.9,48.4,45.9,46.2
2025-04-07 01:00:00,,,,,,,,,,,,,,,,,,,,20.0,20.3,7.7,4.9,26.7,30.1,35.0,35.5,36.9,48.4,45.9,46.2
2025-04-07 02:00:00,,,,,,,,,,,,,,,,,,,,20.0,20.4,7.7,4.9,26.7,30.1,35.0,35.5,36.9,48.4,45.9,46.2
2025-04-07 03:00:00,,,,,,,,,,,,,,,,,,,,20.0,20.4,7.7,4.9,26.7,30.0,35.0,35.5,36.9,48.5,45.9,46.2
2025-04-07 04:00:00,,,,,,,,,,,,,,,,,,,,20.0,20.4,7.7,4.9,26.7,30.0,35.0,35.5,36.9,48.4,45.8,46.2
2025-04-07 05:00:00,,,,,,,,,,,,,,,,,,,,20.0,20.3,7.7,4.9,26.6,30.0,34.9,35.4,36.9,48.4,45.8,46.2
2025-04-07 06:00:00,,,,,,,,,,,,,,,,,,,,20.0,20.4,7.7,4.9,26.6,30.0,34.9,35.4,36.9,48.4,45.8,46.2
2025-04-07 07:00:00,,,,,,,,,,,,,,,,,,,,20.0,20.4,7.7,4.9,26.6,30.0,34.9,35.4,36.9,48.4,45.8,46.2
2025-04-07 08:00:00,,,,,,,,,,,,,,,,,,,,20.0,20.4,7.7,4.8,26.6,29.9,34.9,35.4,36.8,48.4,45.8,46.2
2025-04-07 09:00:00,,,,,,,,,,,,,,,,,,,,20.0,20.3,7.7,4.8,26.5,29.9,34.8,35.4,36.8,48.4,45.8,46.1
2025-04-07 10:00:00,,,,,,,,,,,,,,,,,,,,20.0,20.3,7.7,4.9,26.5,29.8,34.7,35.3,36.7,48.2,45.7,46.1
2025-04-07 11:00:00,,,,,,,,,,,,,,,,,,,,19.9,20.2,7.6,4.9,26.4,29.7,34.6,35.1,36.4,47.9,45.5,46.0
2025-04-07 12:00:00,,,,,,,,,,,,,,,,,,,,19.9,20.2,7.6,4.9,26.3,29.6,34.4,35.0,36.1,47.5,45.3,45.9
2025-04-07 13:00:00,,,,,,,,,,,,,,,,,,,,19.9,20.1,7.6,4.8,26.2,29.5,34.2,34.9,35.8,47.1,45.1,45.8
2025-04-07 14:00:00,,,,,,,,,,,,,,,,,,,,19.8,20.1,7.6,4.8,26.1,29.5,34.1,34.8,35.6,46.9,44.9,45.7
2025-04-07 15:00:00,,,,,,,,,,,,,,,,,,,,19.8,20.0,7.6,4.8,26.1,29.4,34.0,34.7,35.4,46.7,44.8,45.6
2025-04-07 16:00:00,,,,,,,,,,,,,,,,,,,,19.8,20.1,7.6,4.8,26.0,29.4,33.9,34.6,35.3,46.6,44.7,45.6
2025-04-07 17:00:00,,,,,,,,,,,,,,,,,,,,19.8,20.1,7.6,4.8,26.0,29.3,33.8,34.6,35.3,46.6,44.7,45.6
2025-04-07 18:00:00,,,,,,,,,,,,,,,,,,,,19.8,20.1,7.6,4.8,26.0,29.3,33.7,34.5,35.2,46.5,44.7,45.6
2025-04-07 19:00:00,,,,,,,,,,,,,,,,,,,,19.8,20.1,7.6,4.8,25.9,29.2,33.7,34.5,35.1,46.5,44.7,45.5
2025-04-07 20:00:00,,,,,,,,,,,,,,,,,,,,19.8,20.1,7.6,4.8,25.9,29.2,33.6,34.5,35.1,46.5,44.7,45.5
2025-04-07 21:00:00,,,,,,,,,,,,,,,,,,,,19.8,20.1,7.6,4.8,25.9,29.1,33.5,34.4,35.1,46.5,44.7,45.5
2025-04-07 22:00:00,,,,,,,,,,,,,,,,,,,,19.8,20.0,7.6,4.8,25.8,29.1,33.5,34.4,35.1,46.5,44.7,45.6
2025-04-07 23:00:00,,,,,,,,,,,,,,,,,,,,19.7,20.0,7.6,4.8,25.8,29.1,33.5,34.4,35.1,46.5,44.7,45.5
2025-04-08 01:00:00,,,,,,,,,,,,,,,,,,,,19.8,20.0,7.6,4.8,25.8,29.0,33.4,34.4,35.1,46.5,44.7,45.5
2025-04-08 02:00:00,,,,,,,,,,,,,,,,,,,,19.7,20.0,7.6,4.8,25.7,29.0,33.4,34.3,35.1,46.5,44.7,45.5
2025-04-08 03:00:00,,,,,,,,,,,,,,,,,,,,19.7,20.0,7.6,4.8,25.7,28.9,33.3,34.3,35.0,46.5,44.7,45.5
2025-04-08 04:00:00,,,,,,,,,,,,,,,,,,,,19.7,20.0,7.6,4.8,25.7,28.9,33.3,34.3,35.0,46.6,44.7,45.5
2025-04-08 05:00:00,,,,,,,,,,,,,,,,,,,,19.7,20.0,7.6,4.8,25.7,28.9,33.3,34.3,35.0,46.6,44.7,45.5
2025-04-08 06:00:00,,,,,,,,,,,,,,,,,,,,19.7,20.0,7.6,4.8,25.6,28.8,33.3,34.3,35.0,46.6,44.7,45.5
2025-04-08 07:00:00,,,,,,,,,,,,,,,,,,,,19.7,20.0,7.6,4.8,25.6,28.8,33.2,34.3,35.0,46.6,44.7,45.6
2025-04-08 08:00:00,,,,,,,,,,,,,,,,,,,,19.7,20.0,7.6,4.8,25.6,28.8,33.2,34.3,35.0,46.5,44.7,45.5
2025-04-08 09:00:00,,,,,,,,,,,,,,,,,,,,19.7,20.1,7.6,4.8,25.6,28.8,33.1,34.3,35.0,46.5,44.7,45.5
2025-04-08 10:00:00,,,,,,,,,,,,,,,,,,,,19.7,20.0,7.6,4.8,25.5,28.7,33.1,34.2,34.8,46.4,44.6,45.5
2025-04-08 11:00:00,,,,,,,,,,,,,,,,,,,,19.7,19.9,7.6,4.8,25.4,28.7,32.9,34.1,34.6,46.2,44.4,45.4
2025-04-08 12:00:00,,,,,,,,,,,,,,,,,,,,19.7,19.9,7.6,4.8,25.4,28.5,32.8,34.0,34.5,46.0,44.3,45.3
2025-04-08 13:00:00,,,,,,,,,,,,,,,,,,,,19.7,20.0,7.6,4.8,25.4,28.5,32.7,33.9,34.4,46.0,44.3,45.3
2025-04-08 14:00:00,,,,,,,,,,,,,,,,,,,,19.8,19.9,7.6,4.8,25.3,28.5,32.7,33.9,34.4,46.0,44.3,45.3
2025-04-08 15:00:00,,,,,,,,,,,,,,,,,,,,19.8,19.9,7.5,4.8,25.3,28.4,32.7,33.9,34.4,46.0,44.3,45.3
2025-04-08 16:00:00,,,,,,,,,,,,,,,,,,,,19.8,19.9,7.5,4.8,25.3,28.4,32.6,33.9,34.4,46.0,44.3,45.3
2025-04-08 17:00:00,,,,,,,,,,,,,,,,,,,,19.9,20.0,7.5,4.8,25.2,28.4,32.6,33.9,34.4,46.0,44.3,45.3
2025-04-08 18:00:00,,,,,,,,,,,,,,,,,,,,20.0,20.0,7.5,4.8,25.2,28.3,32.6,33.8,34.4,46.0,44.3,45.3
2025-04-08 19:00:00,,,,,,,,,,,,,,,,,,,,20.1,20.0,7.5,4.8,25.2,28.3,32.5,33.8,34.4,46.1,44.3,45.3
2025-04-08 20:00:00,,,,,,,,,,,,,,,,,,,,20.1,20.0,7.5,4.8,25.2,28.3,32.5,33.8,34.4,46.1,44.4,45.3
2025-04-08 21:00:00,,,,,,,,,,,,,,,,,,,,20.1,20.0,7.5,4.8,25.1,28.3,32.5,33.8,34.4,46.1,44.4,45.3
2025-04-08 22:00:00,,,,,,,,,,,,,,,,,,,,20.3,20.0,7.5,4.8,25.1,28.2,32.5,33.8,34.4,46.1,44.4,45.3
2025-04-08 23:00:00,,,,,,,,,,,,,,,,,,,,21.4,20.0,7.6,4.9,25.1,28.2,32.5,33.8,34.4,46.1,44.4,45.3
2025-04-09 01:00:00,,,,,,,,,,,,,,,,,,,,22.8,20.1,7.6,4.8,25.1,28.2,32.5,33.8,34.4,46.1,44.4,45.3
2025-04-09 02:00:00,,,,,,,,,,,,,,,,,,,,23.0,20.1,7.6,4.8,25.1,28.1,32.5,33.8,34.4,46.1,44.4,45.3
2025-04-09 03:00:00,,,,,,,,,,,,,,,,,,,,23.2,20.1,7.5,4.8,25.1,28.1,32.4,33.8,34.4,46.1,44.4,45.3
2025-04-09 04:00:00,,,,,,,,,,,,,,,,,,,,23.2,20.1,7.5,4.8,25.1,28.1,32.4,33.8,34.4,46.1,44.4,45.3
2025-04-09 05:00:00,,,,,,,,,,,,,,,,,,,,23.3,20.1,7.5,4.8,25.0,28.1,32.4,33.8,34.4,46.1,44.4,45.3
2025-04-09 06:00:00,,,,,,,,,,,,,,,,,,,,23.4,20.1,7.5,4.8,25.0,28.1,32.4,33.8,34.4,46.1,44.4,45.3
2025-04-09 07:00:00,,,,,,,,,,,,,,,,,,,,23.4,20.1,7.5,4.8,25.0,28.1,32.4,33.8,34.4,46.1,44.4,45.4
2025-04-09 08:00:00,,,,,,,,,,,,,,,,,,,,23.5,20.1,7.5,4.8,25.0,28.0,32.4,33.9,34.4,46.1,44.4,45.4
2025-04-09 09:00:00,,,,,,,,,,,,,,,,,,,,23.5,20.1,7.5,4.8,25.0,28.0,32.4,33.9,34.4,46.1,44.4,45.3
2025-04-09 10:00:00,,,,,,,,,,,,,,,,,,,,23.7,20.1,7.5,4.8,24.9,28.0,32.4,33.8,34.4,46.1,44.4,45.4
2025-04-09 11:00:00,,,,,,,,,,,,,,,,,,,,29.6,20.2,7.5,4.8,24.9,28.0,32.4,33.8,34.4,46.1,44.4,45.4
2025-04-09 12:00:00,,,,,,,,,,,,,,,,,,,,32.2,20.1,7.5,4.8,24.9,27.9,32.4,33.8,34.4,46.2,44.4,45.4
2025-04-09 13:00:00,,,,,,,,,,,,,,,,,,,,33.1,20.2,7.5,4.8,24.9,27.9,32.3,33.8,34.4,46.2,44.4,45.4
2025-04-09 14:00:00,,,,,,,,,,,,,,,,,,,,33.4,20.2,7.5,4.8,24.9,27.9,32.4,33.8,34.4,46.2,44.4,45.4
2025-04-09 15:00:00,,,,,,,,,,,,,,,,,,,,33.4,20.2,7.5,4.8,24.9,27.9,32.3,33.8,34.4,46.2,44.4,45.4
2025-04-09 16:00:00,,,,,,,,,,,,,,,,,,,,33.3,20.2,7.5,4.8,24.8,27.9,32.3,33.8,34.4,46.2,44.4,45.4
2025-04-09 17:00:00,,,,,,,,,,,,,,,,,,,,33.6,20.2,7.5,4.8,24.8,27.8,32.3,33.8,34.4,46.2,44.4,45.4
2025-04-09 18:00:00,,,,,,,,,,,,,,,,,,,,34.5,20.3,7.5,4.8,24.8,27.8,32.3,33.8,34.4,46.2,44.4,45.4
2025-04-09 19:00:00,,,,,,,,,,,,,,,,,,,,35.0,20.3,7.5,4.8,24.8,27.8,32.3,33.8,34.4,46.2,44.5,45.4
2025-04-09 20:00:00,,,,,,,,,,,,,,,,,,,,35.0,20.3,7.5,4.8,24.8,27.7,32.3,33.8,34.4,46.2,44.5,45.4
2025-04-09 21:00:00,,,,,,,,,,,,,,,,,,,,35.0,20.3,7.6,4.8,24.8,27.7,32.3,33.8,34.5,46.2,44.5,45.4
2025-04-09 22:00:00,,,,,,,,,,,,,,,,,,,,34.9,20.4,7.6,4.8,24.8,27.7,32.3,33.8,34.5,46.2,44.5,45.4
2025-04-09 23:00:00,,,,,,,,,,,,,,,,,,,,34.7,20.4,7.6,4.8,24.8,27.7,32.3,33.8,34.5,46.2,44.5,45.4
2025-04-10 01:00:00,,,,,,,,,,,,,,,,,,,,34.5,20.4,7.6,4.8,24.8,27.7,32.3,33.8,34.5,46.2,44.5,45.4
2025-04-10 02:00:00,,,,,,,,,,,,,,,,,,,,34.4,20.4,7.6,4.8,24.8,27.7,32.3,33.8,34.5,46.2,44.5,45.4
2025-04-10 03:00:00,,,,,,,,,,,,,,,,,,,,34.2,20.4,7.6,4.8,24.8,27.7,32.3,33.8,34.5,46.2,44.5,45.4
2025-04-10 04:00:00,,,,,,,,,,,,,,,,,,,,34.2,20.4,7.6,4.8,24.7,27.6,32.3,33.8,34.5,46.2,44.5,45.4
2025-04-10 05:00:00,,,,,,,,,,,,,,,,,,,,34.1,20.5,7.6,4.8,24.7,27.6,32.3,33.8,34.5,46.2,44.5,45.4
2025-04-10 06:00:00,,,,,,,,,,,,,,,,,,,,34.0,20.5,7.6,4.8,24.7,27.6,32.3,33.8,34.5,46.2,44.5,45.4
2025-04-10 07:00:00,,,,,,,,,,,,,,,,,,,,33.9,20.5,7.5,4.8,24.7,27.6,32.3,33.8,34.4,46.2,44.5,45.4
2025-04-10 08:00:00,,,,,,,,,,,,,,,,,,,,33.9,20.5,7.5,4.8,24.7,27.6,32.3,33.8,34.4,46.2,44.5,45.4
2025-04-10 09:00:00,,,,,,,,,,,,,,,,,,,,33.8,20.5,7.5,4.8,24.7,27.5,32.3,33.8,34.4,46.2,44.5,45.4
2025-04-10 10:00:00,,,,,,,,,,,,,,,,,,,,33.7,20.6,7.5,4.8,24.7,27.5,32.3,33.8,34.4,46.2,44.5,45.4
2025-04-10 11:00:00,,,,,,,,,,,,,,,,,,,,33.6,20.6,7.5,4.8,24.7,27.5,32.3,33.8,34.4,46.1,44.5,45.4
2025-04-10 12:00:00,,,,,,,,,,,,,,,,,,,,33.5,20.6,7.6,4.8,24.7,27.5,32.3,33.7,34.4,46.1,44.5,45.4
2025-04-10 13:00:00,,,,,,,,,,,,,,,,,,,,33.4,20.6,7.6,4.8,24.7,27.5,32.3,33.7,34.3,46.1,44.4,45.4
2025-04-10 14:00:00,,,,,,,,,,,,,,,,,,,,33.3,20.7,7.6,4.8,24.7,27.5,32.2,33.7,34.3,46.1,44.4,45.4
2025-04-10 15:00:00,,,,,,,,,,,,,,,,,,,,33.0,20.7,7.6,4.8,24.6,27.4,32.2,33.7,34.3,46.0,44.4,45.3
2025-04-10 16:00:00,,,,,,,,,,,,,,,,,,,,32.8,20.7,7.6,4.8,24.6,27.3,32.1,33.6,34.2,46.0,44.3,45.3
2025-04-10 17:00:00,,,,,,,,,,,,,,,,,,,,32.6,20.6,7.6,4.8,24.6,27.3,32.1,33.6,34.2,46.0,44.3,45.3
2025-04-10 18:00:00,,,,,,,,,,,,,,,,,,,,32.5,20.7,7.6,4.8,24.6,27.3,32.0,33.5,34.2,46.0,44.3,45.3
2025-04-10 19:00:00,,,,,,,,,,,,,,,,,,,,32.5,20.7,7.6,4.8,24.6,27.3,32.0,33.5,34.2,46.0,44.4,45.3
2025-04-10 20:00:00,,,,,,,,,,,,,,,,,,,,32.4,20.7,7.6,4.8,24.5,27.3,32.0,33.5,34.2,46.0,44.4,45.3
2025-04-10 21:00:00,,,,,,,,,,,,,,,,,,,,32.3,20.7,7.6,4.8,24.5,27.2,32.0,33.5,34.2,46.0,44.4,45.3
2025-04-10 22:00:00,,,,,,,,,,,,,,,,,,,,32.2,20.7,7.6,4.8,24.5,27.2,31.9,33.5,34.2,46.0,44.4,45.3
2025-04-10 23:00:00,,,,,,,,,,,,,,,,,,,,32.1,20.7,7.6,4.8,24.5,27.2,32.0,33.5,34.2,46.0,44.4,45.3
2025-04-11 01:00:00,,,,,,,,,,,,,,,,,,,,32.5,20.8,7.6,4.8,24.4,27.2,31.9,33.5,34.2,46.0,44.4,45.3
2025-04-11 02:00:00,,,,,,,,,,,,,,,,,,,,32.7,20.8,7.6,4.8,24.4,27.2,31.9,33.5,34.2,46.0,44.4,45.3
2025-04-11 03:00:00,,,,,,,,,,,,,,,,,,,,33.9,20.8,7.6,4.8,24.4,27.2,31.9,33.5,34.2,46.0,44.4,45.3
2025-04-11 04:00:00,,,,,,,,,,,,,,,,,,,,34.4,20.8,7.6,4.8,24.4,27.2,31.9,33.5,34.2,46.1,44.4,45.3
2025-04-11 05:00:00,,,,,,,,,,,,,,,,,,,,35.5,20.9,7.6,4.8,24.4,27.1,31.9,33.5,34.2,46.1,44.4,45.4
2025-04-11 06:00:00,,,,,,,,,,,,,,,,,,,,35.8,20.9,7.6,4.8,24.4,27.1,31.9,33.5,34.2,46.1,44.4,45.4
2025-04-11 07:00:00,,,,,,,,,,,,,,,,,,,,35.8,20.9,7.6,4.8,24.4,27.1,31.9,33.5,34.2,46.1,44.4,45.4
2025-04-11 08:00:00,,,,,,,,,,,,,,,,,,,,35.8,20.9,7.6,4.8,24.3,27.1,31.9,33.5,34.2,46.1,44.4,45.4
2025-04-11 09:00:00,,,,,,,,,,,,,,,,,,,,35.6,20.9,7.6,4.8,24.3,27.1,31.9,33.5,34.2,46.1,44.4,45.4
2025-04-11 10:00:00,,,,,,,,,,,,,,,,,,,,35.5,20.9,7.6,4.8,24.3,27.0,31.9,33.5,34.2,46.1,44.4,45.4
2025-04-11 11:00:00,,,,,,,,,,,,,,,,,,,,35.4,21.0,7.6,4.8,24.3,27.0,31.9,33.5,34.2,46.1,44.4,45.4
2025-04-11 12:00:00,,,,,,,,,,,,,,,,,,,,35.4,21.0,7.6,4.8,24.3,27.0,31.9,33.5,34.2,46.1,44.4,45.4
2025-04-11 13:00:00,,,,,,,,,,,,,,,,,,,,39.4,21.1,7.6,4.8,24.3,27.0,31.9,33.5,34.3,46.1,44.4,45.4
2025-04-11 14:00:00,,,,,,,,,,,,,,,,,,,,41.6,24.5,7.6,4.8,24.3,27.0,31.9,33.5,34.3,46.1,44.4,45.4
2025-04-11 15:00:00,,,,,,,,,,,,,,,,,,,,41.0,32.6,7.6,4.8,24.3,27.0,31.9,33.5,34.3,46.1,44.4,45.4
2025-04-11 16:00:00,,,,,,,,,,,,,,,,,,,,39.8,34.5,7.6,4.8,24.3,27.0,31.9,33.5,34.3,46.1,44.4,45.4
2025-04-11 17:00:00,,,,,,,,,,,,,,,,,,,,40.2,35.0,7.7,4.8,24.3,27.0,31.8,33.5,34.3,46.1,44.4,45.4
2025-04-11 18:00:00,,,,,,,,,,,,,,,,,,,,39.6,35.3,8.0,4.8,24.3,27.0,31.8,33.5,34.3,46.1,44.4,45.4
2025-04-11 19:00:00,,,,,,,,,,,,,,,,,,,,39.1,35.4,8.1,4.8,24.3,27.0,31.8,33.5,34.3,46.1,44.4,45.4
2025-04-11 20:00:00,,,,,,,,,,,,,,,,,,,,38.9,35.3,8.3,4.8,24.3,27.0,31.8,33.5,34.3,46.1,44.4,45.4
2025-04-11 21:00:00,,,,,,,,,,,,,,,,,,,,38.7,35.3,8.3,4.8,24.3,27.0,31.8,33.5,34.3,46.1,44.4,45.4
2025-04-11 22:00:00,,,,,,,,,,,,,,,,,,,,38.6,35.2,8.4,4.8,24.3,26.9,31.8,33.5,34.3,46.1,44.4,45.4
2025-04-11 23:00:00,,,,,,,,,,,,,,,,,,,,38.4,35.1,8.4,4.8,24.3,26.9,31.8,33.5,34.3,46.1,44.4,45.4
2025-04-12 01:00:00,,,,,,,,,,,,,,,,,,,,37.9,35.0,8.4,4.8,24.3,26.9,31.8,33.5,34.3,46.1,44.4,45.4
2025-04-12 02:00:00,,,,,,,,,,,,,,,,,,,,37.7,34.9,8.4,4.8,24.3,26.9,31.8,33.5,34.3,46.1,44.4,45.4
2025-04-12 03:00:00,,,,,,,,,,,,,,,,,,,,37.6,34.8,8.4,4.8,24.3,26.8,31.8,33.5,34.3,46.1,44.4,45.4
2025-04-12 04:00:00,,,,,,,,,,,,,,,,,,,,37.4,34.7,8.4,4.8,24.2,26.8,31.9,33.5,34.3,46.1,44.4,45.4
2025-04-12 05:00:00,,,,,,,,,,,,,,,,,,,,37.3,34.6,8.4,4.8,24.2,26.8,31.9,33.5,34.3,46.1,44.4,45.4
2025-04-12 06:00:00,,,,,,,,,,,,,,,,,,,,37.2,34.5,8.4,4.8,24.2,26.8,31.9,33.5,34.3,46.1,44.4,45.3
2025-04-12 07:00:00,,,,,,,,,,,,,,,,,,,,37.1,34.4,8.4,4.8,24.3,26.8,31.9,33.5,34.3,46.1,44.4,45.3
2025-04-12 08:00:00,,,,,,,,,,,,,,,,,,,,37.0,34.3,8.4,4.8,24.2,26.8,31.9,33.5,34.3,46.1,44.4,45.3
2025-04-12 09:00:00,,,,,,,,,,,,,,,,,,,,36.9,34.2,8.4,4.8,24.2,26.8,31.9,33.5,34.3,46.1,44.4,45.3
2025-04-12 10:00:00,,,,,,,,,,,,,,,,,,,,36.8,34.1,8.4,4.8,24.2,26.8,31.8,33.5,34.3,46.1,44.4,45.3
2025-04-12 11:00:00,,,,,,,,,,,,,,,,,,,,36.7,34.0,8.4,4.8,24.2,26.8,31.8,33.5,34.3,46.1,44.4,45.3
2025-04-12 12:00:00,,,,,,,,,,,,,,,,,,,,36.5,33.9,8.4,4.8,24.2,26.8,31.8,33.5,34.2,46.1,44.4,45.3
2025-04-12 13:00:00,,,,,,,,,,,,,,,,,,,,36.2,33.7,8.4,4.8,24.2,26.8,31.8,33.4,34.2,46.0,44.4,45.3
2025-04-12 14:00:00,,,,,,,,,,,,,,,,,,,,36.0,33.5,8.4,4.8,24.2,26.8,31.7,33.4,34.1,46.0,44.4,45.3
2025-04-12 15:00:00,,,,,,,,,,,,,,,,,,,,35.8,33.2,8.3,4.8,24.2,26.7,31.7,33.4,34.1,46.0,44.3,45.3
2025-04-12 16:00:00,,,,,,,,,,,,,,,,,,,,35.7,33.1,8.4,4.8,24.1,26.7,31.7,33.3,34.1,46.0,44.3,45.3
2025-04-12 17:00:00,,,,,,,,,,,,,,,,,,,,35.6,32.9,8.3,4.8,24.1,26.7,31.7,33.3,34.1,45.9,44.3,45.3
2025-04-12 18:00:00,,,,,,,,,,,,,,,,,,,,35.5,32.8,8.3,4.8,24.1,26.7,31.6,33.3,34.1,46.0,44.3,45.3
2025-04-12 19:00:00,,,,,,,,,,,,,,,,,,,,35.4,32.7,8.3,4.9,24.1,26.7,31.6,33.3,34.1,46.0,44.3,45.3
2025-04-12 20:00:00,,,,,,,,,,,,,,,,,,,,35.4,32.6,8.3,4.9,24.1,26.6,31.6,33.3,34.1,46.0,44.3,45.3
2025-04-12 21:00:00,,,,,,,,,,,,,,,,,,,,35.3,32.5,8.3,4.9,24.1,26.6,31.6,33.3,34.1,46.0,44.3,45.3
2025-04-12 22:00:00,,,,,,,,,,,,,,,,,,,,35.2,32.4,8.3,4.9,24.1,26.6,31.6,33.2,34.1,46.0,44.3,45.3
2025-04-12 23:00:00,,,,,,,,,,,,,,,,,,,,35.2,32.4,8.3,4.9,24.1,26.6,31.6,33.2,34.1,46.0,44.3,45.3
2025-04-13 01:00:00,,,,,,,,,,,,,,,,,,,,35.1,32.2,8.3,4.9,24.1,26.5,31.6,33.2,34.0,46.0,44.3,45.3
2025-04-13 02:00:00,,,,,,,,,,,,,,,,,,,,35.0,32.1,8.3,4.8,24.1,26.5,31.5,33.2,34.0,46.0,44.3,45.3
2025-04-13 03:00:00,,,,,,,,,,,,,,,,,,,,44.8,36.6,8.3,4.8,24.1,26.5,31.5,33.2,34.1,46.0,44.3,45.3
2025-04-13 04:00:00,,,,,,,,,,,,,,,,,,,,41.0,38.3,11.5,6.2,25.8,26.6,31.5,33.2,34.1,46.0,44.3,45.3
2025-04-13 05:00:00,,,,,,,,,,,,,,,,,,,,43.8,40.2,12.3,6.6,26.1,26.6,31.5,33.2,34.1,46.0,44.3,45.3
2025-04-13 06:00:00,,,,,,,,,,,,,,,,,,,,43.9,40.6,12.7,7.6,30.2,26.7,31.5,33.2,34.2,46.0,44.3,45.3
2025-04-13 07:00:00,,,,,,,,,,,,,,,,,,,,42.5,39.4,12.1,7.2,32.8,28.5,32.1,33.2,34.2,46.0,44.3,45.3
2025-04-13 08:00:00,,,,,,,,,,,,,,,,,,,,42.1,38.8,11.7,7.0,34.9,30.7,34.6,33.4,34.2,46.0,44.3,45.3
2025-04-13 09:00:00,,,,,,,,,,,,,,,,,,,,42.3,38.4,11.7,7.0,36.4,31.8,36.2,33.8,34.3,46.0,44.4,45.3
2025-04-13 10:00:00,,,,,,,,,,,,,,,,,,,,41.7,38.5,11.7,7.0,37.5,33.6,37.5,34.2,34.6,46.2,44.4,45.3
2025-04-13 11:00:00,,,,,,,,,,,,,,,,,,,,41.8,38.4,11.6,6.9,37.9,35.3,39.0,35.0,35.1,46.3,44.4,45.3
2025-04-13 12:00:00,,,,,,,,,,,,,,,,,,,,41.0,38.1,11.6,6.9,38.1,36.3,40.3,35.7,35.8,46.6,44.4,45.3
2025-04-13 13:00:00,,,,,,,,,,,,,,,,,,,,40.7,37.8,11.4,6.9,38.1,36.8,40.9,36.4,36.4,47.1,44.5,45.3
2025-04-13 14:00:00,,,,,,,,,,,,,,,,,,,,40.2,37.5,11.4,6.9,38.1,37.2,41.2,36.9,36.9,47.8,44.7,45.3
2025-04-13 15:00:00,,,,,,,,,,,,,,,,,,,,39.8,37.2,11.3,6.8,38.0,37.4,41.4,37.4,37.4,48.6,45.1,45.4
2025-04-13 16:00:00,,,,,,,,,,,,,,,,,,,,40.5,37.3,11.3,6.8,37.9,37.5,41.5,38.0,37.9,49.4,45.6,45.4
2025-04-13 17:00:00,,,,,,,,,,,,,,,,,,,,41.0,37.6,11.3,6.7,37.9,37.6,41.6,38.4,38.3,50.0,46.2,45.4
2025-04-13 18:00:00,,,,,,,,,,,,,,,,,,,,40.8,37.7,11.3,6.7,37.9,37.6,41.7,38.7,38.8,50.4,46.7,45.5
2025-04-13 19:00:00,,,,,,,,,,,,,,,,,,,,40.2,37.4,11.3,6.8,37.9,37.7,41.7,38.9,39.2,50.8,47.3,45.6
2025-04-13 20:00:00,,,,,,,,,,,,,,,,,,,,39.7,37.1,11.3,6.8,37.9,37.8,41.8,39.1,39.5,51.0,47.7,45.9
2025-04-13 21:00:00,,,,,,,,,,,,,,,,,,,,39.3,36.9,11.2,6.8,37.8,37.8,41.9,39.3,39.9,51.3,48.1,46.1
2025-04-13 22:00:00,,,,,,,,,,,,,,,,,,,,39.0,36.6,11.1,6.8,37.8,37.8,41.9,39.5,40.2,51.4,48.5,46.4
2025-04-13 23:00:00,,,,,,,,,,,,,,,,,,,,38.7,36.4,11.1,6.7,37.7,37.8,42.0,39.6,40.4,51.6,48.7,46.6
2025-04-14 01:00:00,,,,,,,,,,,,,,,,,,,,38.3,36.0,11.0,6.7,37.6,37.7,41.9,39.8,40.7,51.8,49.1,47.0
2025-04-14 02:00:00,,,,,,,,,,,,,,,,,,,,38.1,35.8,11.0,6.6,37.5,37.6,41.9,39.8,40.8,51.9,49.2,47.2
2025-04-14 03:00:00,,,,,,,,,,,,,,,,,,,,37.9,35.6,10.9,6.6,37.4,37.5,41.8,39.8,40.9,51.9,49.3,47.4
2025-04-14 04:00:00,,,,,,,,,,,,,,,,,,,,37.7,35.5,10.9,6.6,37.4,37.5,41.8,39.9,40.9,51.9,49.3,47.6
2025-04-14 05:00:00,,,,,,,,,,,,,,,,,,,,37.6,35.4,10.8,6.6,37.3,37.4,41.7,39.9,41.0,52.0,49.3,47.8
2025-04-14 06:00:00,,,,,,,,,,,,,,,,,,,,37.4,35.3,10.8,6.6,37.2,37.4,41.7,39.9,41.0,52.0,49.3,48.0
2025-04-14 07:00:00,,,,,,,,,,,,,,,,,,,,37.3,35.2,10.8,6.6,37.2,37.3,41.7,39.9,41.0,52.0,49.3,48.1
2025-04-14 08:00:00,,,,,,,,,,,,,,,,,,,,37.1,35.0,10.8,6.6,37.1,37.2,41.6,39.9,41.0,52.0,49.3,48.2
2025-04-14 09:00:00,,,,,,,,,,,,,,,,,,,,37.0,34.9,10.8,6.6,37.0,37.2,41.6,39.9,40.9,51.9,49.3,48.4
2025-04-14 10:00:00,,,,,,,,,,,,,,,,,,,,36.7,34.7,10.7,6.5,36.9,37.1,41.5,39.9,40.9,51.8,49.3,48.4
2025-04-14 11:00:00,,,,,,,,,,,,,,,,,,,,36.5,34.5,10.7,6.5,36.8,37.0,41.4,39.8,40.8,51.8,49.3,48.5
2025-04-14 12:00:00,,,,,,,,,,,,,,,,,,,,36.2,34.1,10.7,6.5,36.7,36.9,41.3,39.8,40.7,51.8,49.3,48.5
2025-04-14 13:00:00,,,,,,,,,,,,,,,,,,,,36.1,34.0,10.6,6.4,36.6,36.9,41.3,39.8,40.7,51.8,49.3,48.5
2025-04-14 14:00:00,,,,,,,,,,,,,,,,,,,,36.0,33.8,10.6,6.4,36.6,36.8,41.2,39.8,40.7,51.8,49.3,48.5
2025-04-14 15:00:00,,,,,,,,,,,,,,,,,,,,35.9,33.7,10.6,6.4,36.5,36.8,41.1,39.7,40.7,51.8,49.3,48.6
2025-04-14 16:00:00,,,,,,,,,,,,,,,,,,,,35.7,33.5,10.6,6.4,36.5,36.7,41.1,39.7,40.6,51.8,49.3,48.6
2025-04-14 17:00:00,,,,,,,,,,,,,,,,,,,,35.7,33.5,10.5,6.4,36.4,36.7,41.0,39.7,40.7,51.8,49.3,48.6
2025-04-14 18:00:00,,,,,,,,,,,,,,,,,,,,35.7,33.4,10.5,6.4,36.4,36.7,41.0,39.7,40.7,51.8,49.3,48.6
2025-04-14 19:00:00,,,,,,,,,,,,,,,,,,,,35.5,33.3,10.5,6.4,36.3,36.6,41.0,39.7,40.7,51.8,49.3,48.6
2025-04-14 20:00:00,,,,,,,,,,,,,,,,,,,,35.4,33.2,10.5,6.4,36.3,36.6,40.9,39.7,40.7,51.8,49.3,48.6
2025-04-14 21:00:00,,,,,,,,,,,,,,,,,,,,35.4,33.3,10.5,6.4,36.2,36.6,40.9,39.7,40.7,51.9,49.3,48.6
2025-04-14 22:00:00,,,,,,,,,,,,,,,,,,,,35.3,33.2,10.4,6.4,36.2,36.5,40.9,39.7,40.7,51.9,49.3,48.6
2025-04-14 23:00:00,,,,,,,,,,,,,,,,,,,,35.2,33.2,10.4,6.3,36.2,36.5,40.8,39.7,40.7,51.9,49.3,48.6
2025-04-15 01:00:00,,,,,,,,,,,,,,,,,,,,35.1,33.0,10.4,6.3,36.1,36.5,40.8,39.7,40.7,51.9,49.3,48.6
2025-04-15 02:00:00,,,,,,,,,,,,,,,,,,,,35.1,33.0,10.4,6.3,36.1,36.4,40.8,39.7,40.7,51.9,49.3,48.6
2025-04-15 03:00:00,,,,,,,,,,,,,,,,,,,,35.0,33.0,10.4,6.3,36.1,36.4,40.7,39.7,40.7,51.9,49.3,48.6
2025-04-15 04:00:00,,,,,,,,,,,,,,,,,,,,35.0,32.9,10.4,6.3,36.0,36.4,40.7,39.7,40.7,51.9,49.3,48.6
2025-04-15 05:00:00,,,,,,,,,,,,,,,,,,,,34.9,32.9,10.4,6.3,36.0,36.4,40.7,39.7,40.6,51.9,49.3,48.6
2025-04-15 06:00:00,,,,,,,,,,,,,,,,,,,,34.8,32.8,10.4,6.3,36.0,36.3,40.7,39.7,40.7,51.9,49.3,48.6
2025-04-15 07:00:00,,,,,,,,,,,,,,,,,,,,34.8,32.9,10.3,6.3,35.9,36.3,40.7,39.7,40.6,51.9,49.3,48.6
2025-04-15 08:00:00,,,,,,,,,,,,,,,,,,,,34.8,32.8,10.4,6.3,35.9,36.3,40.6,39.6,40.6,51.9,49.3,48.6
2025-04-15 09:00:00,,,,,,,,,,,,,,,,,,,,34.7,32.7,10.4,6.3,35.9,36.2,40.5,39.6,40.6,51.8,49.3,48.6
2025-04-15 10:00:00,,,,,,,,,,,,,,,,,,,,34.4,32.5,10.3,6.2,35.8,36.2,40.4,39.5,40.5,51.7,49.3,48.6
2025-04-15 11:00:00,,,,,,,,,,,,,,,,,,,,34.2,32.2,10.3,6.2,35.7,36.1,40.4,39.5,40.4,51.6,49.2,48.6
2025-04-15 12:00:00,,,,,,,,,,,,,,,,,,,,33.9,31.8,10.2,6.2,35.6,36.0,40.3,39.4,40.3,51.5,49.2,48.5
2025-04-15 13:00:00,,,,,,,,,,,,,,,,,,,,33.7,31.6,10.2,6.2,35.5,35.9,40.2,39.3,40.2,51.5,49.2,48.5
2025-04-15 14:00:00,,,,,,,,,,,,,,,,,,,,33.6,31.5,10.2,6.2,35.5,35.9,40.1,39.3,40.2,51.6,49.2,48.5
2025-04-15 15:00:00,,,,,,,,,,,,,,,,,,,,33.6,31.4,10.2,6.2,35.4,35.9,40.1,39.3,40.2,51.6,49.2,48.5
2025-04-15 16:00:00,,,,,,,,,,,,,,,,,,,,33.5,31.4,10.2,6.1,35.4,35.8,40.1,39.3,40.2,51.6,49.2,48.5
2025-04-15 17:00:00,,,,,,,,,,,,,,,,,,,,33.5,31.3,10.1,6.1,35.3,35.8,40.1,39.3,40.2,51.7,49.2,48.5
2025-04-15 18:00:00,,,,,,,,,,,,,,,,,,,,33.4,31.3,10.1,6.1,35.3,35.7,40.1,39.3,40.3,51.7,49.2,48.5
2025-04-15 19:00:00,,,,,,,,,,,,,,,,,,,,33.4,31.3,10.1,6.1,35.2,35.7,40.0,39.3,40.3,51.7,49.2,48.5
2025-04-15 20:00:00,,,,,,,,,,,,,,,,,,,,33.4,31.3,10.1,6.1,35.2,35.7,40.0,39.3,40.3,51.7,49.2,48.5
2025-04-15 21:00:00,,,,,,,,,,,,,,,,,,,,33.3,31.2,10.1,6.1,35.2,35.7,40.0,39.3,40.3,51.7,49.2,48.5
2025-04-15 22:00:00,,,,,,,,,,,,,,,,,,,,33.2,31.2,10.1,6.1,35.2,35.7,40.0,39.3,40.3,51.7,49.3,48.5
2025-04-15 23:00:00,,,,,,,,,,,,,,,,,,,,33.2,31.2,10.1,6.1,35.1,35.7,40.0,39.4,40.3,51.7,49.3,48.5
2025-04-16 01:00:00,,,,,,,,,,,,,,,,,,,,33.0,31.1,10.1,6.1,35.1,35.6,40.0,39.4,40.3,51.7,49.3,48.5
2025-04-16 02:00:00,,,,,,,,,,,,,,,,,,,,33.0,31.1,10.1,6.1,35.1,35.6,40.0,39.4,40.3,51.7,49.3,48.5
2025-04-16 03:00:00,,,,,,,,,,,,,,,,,,,,32.9,31.0,10.1,6.1,35.1,35.6,40.0,39.4,40.3,51.7,49.3,48.5
2025-04-16 04:00:00,,,,,,,,,,,,,,,,,,,,32.9,31.0,10.1,6.1,35.1,35.6,40.0,39.4,40.3,51.7,49.3,48.5
2025-04-16 05:00:00,,,,,,,,,,,,,,,,,,,,32.9,30.9,10.1,6.1,35.0,35.6,40.0,39.4,40.3,51.7,49.3,48.5
2025-04-16 06:00:00,,,,,,,,,,,,,,,,,,,,32.9,30.9,10.1,6.1,35.0,35.5,39.9,39.4,40.3,51.7,49.3,48.5
2025-04-16 07:00:00,,,,,,,,,,,,,,,,,,,,32.9,31.0,10.0,6.1,35.0,35.5,39.9,39.4,40.3,51.7,49.3,48.5
2025-04-16 08:00:00,,,,,,,,,,,,,,,,,,,,32.8,30.9,10.0,6.1,35.0,35.5,39.9,39.4,40.3,51.7,49.3,48.5
2025-04-16 09:00:00,,,,,,,,,,,,,,,,,,,,32.7,30.8,10.0,6.1,34.9,35.5,39.9,39.4,40.2,51.6,49.2,48.5
2025-04-16 10:00:00,,,,,,,,,,,,,,,,,,,,32.5,30.6,10.0,6.1,34.9,35.4,39.8,39.3,40.1,51.5,49.2,48.4
2025-04-16 11:00:00,,,,,,,,,,,,,,,,,,,,32.5,30.4,9.9,6.1,34.8,35.4,39.8,39.3,40.1,51.6,49.2,48.4
2025-04-16 12:00:00,,,,,,,,,,,,,,,,,,,,32.4,30.5,10.0,6.1,34.8,35.3,39.7,39.3,40.1,51.6,49.2,48.5
2025-04-16 13:00:00,,,,,,,,,,,,,,,,,,,,32.4,30.4,9.9,6.1,34.8,35.3,39.7,39.3,40.1,51.6,49.2,48.4
2025-04-16 14:00:00,,,,,,,,,,,,,,,,,,,,32.3,30.4,10.0,6.1,34.7,35.3,39.7,39.2,40.1,51.6,49.2,48.4
2025-04-16 15:00:00,,,,,,,,,,,,,,,,,,,,32.3,30.4,10.0,6.1,34.7,35.3,39.7,39.2,40.1,51.6,49.2,48.4
2025-04-16 16:00:00,,,,,,,,,,,,,,,,,,,,32.3,30.4,10.0,6.1,34.7,35.3,39.7,39.2,40.1,51.6,49.2,48.4
2025-04-16 17:00:00,,,,,,,,,,,,,,,,,,,,32.2,30.4,10.0,6.1,34.7,35.2,39.6,39.2,40.1,51.6,49.2,48.4
2025-04-16 18:00:00,,,,,,,,,,,,,,,,,,,,32.2,30.3,9.9,6.1,34.6,35.2,39.6,39.2,40.1,51.6,49.2,48.4
2025-04-16 19:00:00,,,,,,,,,,,,,,,,,,,,32.1,30.3,9.9,6.1,34.6,35.2,39.6,39.2,40.1,51.6,49.2,48.4
2025-04-16 20:00:00,,,,,,,,,,,,,,,,,,,,32.1,30.2,9.9,6.1,34.6,35.2,39.6,39.2,40.1,51.6,49.2,48.4
2025-04-16 21:00:00,,,,,,,,,,,,,,,,,,,,32.0,30.3,9.9,6.1,34.6,35.2,39.6,39.2,40.1,51.6,49.2,48.4
2025-04-16 22:00:00,,,,,,,,,,,,,,,,,,,,31.9,30.3,9.9,6.0,34.6,35.2,39.6,39.2,40.1,51.6,49.2,48.5
2025-04-16 23:00:00,,,,,,,,,,,,,,,,,,,,32.0,30.2,9.9,6.0,34.5,35.2,39.6,39.2,40.1,51.6,49.2,48.4
2025-04-17 01:00:00,,,,,,,,,,,,,,,,,,,,31.9,30.2,9.9,6.0,34.5,35.2,39.6,39.2,40.1,51.6,49.3,48.4
2025-04-17 02:00:00,,,,,,,,,,,,,,,,,,,,31.9,30.1,9.9,6.0,34.5,35.2,39.6,39.2,40.1,51.6,49.3,48.4
2025-04-17 03:00:00,,,,,,,,,,,,,,,,,,,,31.8,30.0,9.9,6.0,34.5,35.2,39.6,39.2,40.1,51.6,49.3,48.4
2025-04-17 04:00:00,,,,,,,,,,,,,,,,,,,,31.8,30.1,9.9,6.0,34.5,35.1,39.5,39.2,40.1,51.6,49.3,48.4
2025-04-17 05:00:00,,,,,,,,,,,,,,,,,,,,31.8,30.0,9.9,6.0,34.5,35.1,39.5,39.2,40.1,51.6,49.3,48.4
2025-04-17 06:00:00,,,,,,,,,,,,,,,,,,,,31.7,30.0,9.9,6.0,34.4,35.1,39.5,39.2,40.1,51.6,49.3,48.4
2025-04-17 07:00:00,,,,,,,,,,,,,,,,,,,,31.7,30.0,9.8,6.0,34.4,35.1,39.5,39.2,40.1,51.6,49.3,48.4
2025-04-17 08:00:00,,,,,,,,,,,,,,,,,,,,31.7,30.0,9.8,6.0,34.4,35.1,39.5,39.2,40.1,51.6,49.2,48.4
2025-04-17 09:00:00,,,,,,,,,,,,,,,,,,,,31.6,29.9,9.9,6.0,34.4,35.0,39.5,39.2,40.0,51.5,49.2,48.4
2025-04-17 10:00:00,,,,,,,,,,,,,,,,,,,,31.4,29.7,9.8,6.0,34.3,35.0,39.4,39.1,39.9,51.5,49.2,48.4
2025-04-17 11:00:00,,,,,,,,,,,,,,,,,,,,31.1,29.4,9.8,6.0,34.2,34.9,39.3,39.0,39.8,51.4,49.1,48.4
2025-04-17 12:00:00,,,,,,,,,,,,,,,,,,,,31.0,29.2,9.8,5.9,34.2,34.9,39.2,39.0,39.7,51.3,49.1,48.4
2025-04-17 13:00:00,,,,,,,,,,,,,,,,,,,,30.6,28.9,9.7,5.9,34.1,34.8,39.2,38.9,39.6,51.3,49.0,48.4
2025-04-17 14:00:00,,,,,,,,,,,,,,,,,,,,30.5,28.8,9.7,5.9,34.0,34.7,39.1,38.9,39.6,51.3,49.0,48.3
2025-04-17 15:00:00,,,,,,,,,,,,,,,,,,,,30.3,28.6,9.6,5.9,33.9,34.7,39.1,38.8,39.6,51.2,49.0,48.3
2025-04-17 16:00:00,,,,,,,,,,,,,,,,,,,,30.3,28.6,9.6,5.9,33.9,34.6,39.0,38.8,39.6,51.3,49.0,48.3
2025-04-17 17:00:00,,,,,,,,,,,,,,,,,,,,30.2,28.5,9.7,5.9,33.9,34.6,39.0,38.8,39.6,51.3,49.0,48.3
2025-04-17 18:00:00,,,,,,,,,,,,,,,,,,,,30.1,28.5,9.7,5.9,33.8,34.6,39.0,38.8,39.6,51.3,49.1,48.3
2025-04-17 19:00:00,,,,,,,,,,,,,,,,,,,,30.1,28.5,9.6,5.9,33.8,34.6,39.0,38.8,39.6,51.3,49.1,48.3
2025-04-17 20:00:00,,,,,,,,,,,,,,,,,,,,30.0,28.5,9.6,5.9,33.8,34.6,39.0,38.8,39.6,51.4,49.1,48.3
2025-04-17 21:00:00,,,,,,,,,,,,,,,,,,,,30.1,28.4,9.6,5.9,33.8,34.6,39.0,38.8,39.6,51.4,49.1,48.4
2025-04-17 22:00:00,,,,,,,,,,,,,,,,,,,,30.0,28.4,9.6,5.9,33.8,34.5,39.0,38.8,39.6,51.4,49.1,48.4
2025-04-17 23:00:00,,,,,,,,,,,,,,,,,,,,29.9,28.3,9.6,5.9,33.7,34.5,39.0,38.8,39.7,51.4,49.1,48.4
2025-04-18 01:00:00,,,,,,,,,,,,,,,,,,,,29.9,28.3,9.6,5.9,33.7,34.5,39.0,38.8,39.7,51.4,49.1,48.4
2025-04-18 02:00:00,,,,,,,,,,,,,,,,,,,,29.8,28.3,9.6,5.9,33.7,34.5,39.0,38.9,39.6,51.4,49.1,48.4
2025-04-18 03:00:00,,,,,,,,,,,,,,,,,,,,29.8,28.3,9.6,5.9,33.7,34.5,39.0,38.9,39.7,51.4,49.1,48.4
2025-04-18 04:00:00,,,,,,,,,,,,,,,,,,,,29.8,28.2,9.6,5.9,33.7,34.5,39.0,38.9,39.7,51.4,49.1,48.4
2025-04-18 05:00:00,,,,,,,,,,,,,,,,,,,,29.8,28.2,9.6,5.9,33.6,34.5,39.0,38.9,39.6,51.4,49.1,48.4
2025-04-18 06:00:00,,,,,,,,,,,,,,,,,,,,29.8,28.2,9.6,5.9,33.6,34.4,39.0,38.9,39.7,51.4,49.1,48.4
2025-04-18 07:00:00,,,,,,,,,,,,,,,,,,,,29.8,28.2,9.6,5.9,33.6,34.4,39.0,38.9,39.6,51.4,49.1,48.4
2025-04-18 08:00:00,,,,,,,,,,,,,,,,,,,,29.6,28.2,9.6,5.9,33.6,34.4,38.9,38.9,39.6,51.4,49.1,48.4
2025-04-18 09:00:00,,,,,,,,,,,,,,,,,,,,29.6,28.1,9.6,5.9,33.6,34.4,38.9,38.8,39.6,51.3,49.1,48.4
2025-04-18 10:00:00,,,,,,,,,,,,,,,,,,,,29.4,27.9,9.5,5.9,33.5,34.4,38.8,38.8,39.5,51.3,49.1,48.3
2025-04-18 11:00:00,,,,,,,,,,,,,,,,,,,,29.3,27.8,9.5,5.9,33.5,34.3,38.8,38.8,39.5,51.2,49.0,48.3
2025-04-18 12:00:00,,,,,,,,,,,,,,,,,,,,29.1,27.6,9.5,5.9,33.4,34.3,38.8,38.7,39.5,51.2,49.0,48.3
2025-04-18 13:00:00,,,,,,,,,,,,,,,,,,,,28.9,27.5,9.5,5.9,33.4,34.3,38.7,38.7,39.5,51.2,49.0,48.3
2025-04-18 14:00:00,,,,,,,,,,,,,,,,,,,,28.9,27.5,9.5,5.9,33.4,34.2,38.7,38.7,39.5,51.2,49.0,48.3
2025-04-18 15:00:00,,,,,,,,,,,,,,,,,,,,28.8,27.5,9.5,5.9,33.4,34.2,38.7,38.7,39.5,51.2,49.0,48.3
2025-04-18 16:00:00,,,,,,,,,,,,,,,,,,,,28.8,27.4,9.5,5.9,33.3,34.2,38.7,38.7,39.5,51.2,49.0,48.3
2025-04-18 17:00:00,,,,,,,,,,,,,,,,,,,,28.8,27.4,9.4,5.9,33.3,34.2,38.7,38.7,39.5,51.2,49.0,48.3
2025-04-18 18:00:00,,,,,,,,,,,,,,,,,,,,28.7,27.3,9.5,5.9,33.3,34.2,38.6,38.7,39.5,51.2,49.0,48.3
2025-04-18 19:00:00,,,,,,,,,,,,,,,,,,,,28.7,27.3,9.4,5.9,33.3,34.1,38.6,38.7,39.5,51.2,49.0,48.4
2025-04-18 20:00:00,,,,,,,,,,,,,,,,,,,,28.7,27.3,9.4,5.9,33.2,34.1,38.6,38.7,39.5,51.2,49.0,48.3
2025-04-18 21:00:00,,,,,,,,,,,,,,,,,,,,28.6,27.3,9.4,5.9,33.2,34.1,38.6,38.7,39.5,51.2,49.0,48.3
2025-04-18 22:00:00,,,,,,,,,,,,,,,,,,,,28.6,27.3,9.4,5.9,33.2,34.1,38.6,38.6,39.5,51.3,49.1,48.3
2025-04-18 23:00:00,,,,,,,,,,,,,,,,,,,,28.6,27.3,9.4,5.9,33.2,34.1,38.6,38.7,39.5,51.3,49.1,48.3
2025-04-19 01:00:00,,,,,,,,,,,,,,,,,,,,28.5,27.2,9.4,5.9,33.2,34.1,38.6,38.6,39.5,51.3,49.1,48.4
2025-04-19 02:00:00,,,,,,,,,,,,,,,,,,,,28.5,27.2,9.4,5.9,33.2,34.0,38.6,38.7,39.5,51.3,49.1,48.3
2025-04-19 03:00:00,,,,,,,,,,,,,,,,,,,,28.4,27.2,9.4,5.9,33.1,34.0,38.6,38.7,39.5,51.3,49.1,48.3
2025-04-19 04:00:00,,,,,,,,,,,,,,,,,,,,28.5,27.2,9.4,5.8,33.1,34.0,38.6,38.7,39.5,51.3,49.1,48.4
2025-04-19 05:00:00,,,,,,,,,,,,,,,,,,,,28.4,27.2,9.4,5.8,33.1,34.0,38.6,38.7,39.5,51.3,49.1,48.4
2025-04-19 06:00:00,,,,,,,,,,,,,,,,,,,,28.4,27.1,9.4,5.8,33.1,34.0,38.6,38.7,39.5,51.3,49.1,48.3
2025-04-19 07:00:00,,,,,,,,,,,,,,,,,,,,28.4,27.1,9.4,5.8,33.1,34.0,38.6,38.7,39.5,51.3,49.1,48.4
2025-04-19 08:00:00,,,,,,,,,,,,,,,,,,,,28.3,27.1,9.4,5.8,33.1,34.0,38.6,38.7,39.5,51.3,49.1,48.4
2025-04-19 09:00:00,,,,,,,,,,,,,,,,,,,,28.3,27.1,9.4,5.8,33.1,34.0,38.6,38.7,39.5,51.3,49.1,48.4
2025-04-19 10:00:00,,,,,,,,,,,,,,,,,,,,28.2,27.0,9.4,5.8,33.0,34.0,38.6,38.6,39.5,51.2,49.0,48.3
2025-04-19 11:00:00,,,,,,,,,,,,,,,,,,,,28.0,26.8,9.4,5.8,33.0,33.9,38.5,38.6,39.4,51.2,49.0,48.4
2025-04-19 12:00:00,,,,,,,,,,,,,,,,,,,,27.9,26.7,9.3,5.8,33.0,33.9,38.4,38.5,39.3,51.1,49.0,48.3
2025-04-19 13:00:00,,,,,,,,,,,,,,,,,,,,27.8,26.6,9.3,5.8,32.9,33.9,38.4,38.5,39.3,51.2,49.0,48.3
2025-04-19 14:00:00,,,,,,,,,,,,,,,,,,,,27.7,26.5,9.3,5.8,32.9,33.9,38.4,38.5,39.3,51.2,49.0,48.3
2025-04-19 15:00:00,,,,,,,,,,,,,,,,,,,,27.7,26.5,9.3,5.8,32.8,33.8,38.4,38.5,39.3,51.2,49.0,48.3
2025-04-19 16:00:00,,,,,,,,,,,,,,,,,,,,27.6,26.5,9.3,5.8,32.8,33.8,38.4,38.5,39.3,51.1,49.0,48.3
2025-04-19 17:00:00,,,,,,,,,,,,,,,,,,,,27.5,26.4,9.3,5.8,32.8,33.8,38.3,38.5,39.3,51.1,49.0,48.3
2025-04-19 18:00:00,,,,,,,,,,,,,,,,,,,,27.5,26.4,9.2,5.8,32.8,33.8,38.3,38.5,39.3,51.2,49.0,48.3
2025-04-19 19:00:00,,,,,,,,,,,,,,,,,,,,27.5,26.4,9.3,5.8,32.8,33.8,38.3,38.5,39.3,51.2,49.0,48.3
2025-04-19 20:00:00,,,,,,,,,,,,,,,,,,,,27.4,26.3,9.3,5.8,32.8,33.8,38.3,38.5,39.3,51.2,49.0,48.3
2025-04-19 21:00:00,,,,,,,,,,,,,,,,,,,,27.4,26.3,9.3,5.8,32.8,33.7,38.3,38.5,39.3,51.2,49.0,48.3
2025-04-19 22:00:00,,,,,,,,,,,,,,,,,,,,27.3,26.3,9.2,5.8,32.8,33.7,38.3,38.5,39.3,51.2,49.0,48.3
2025-04-19 23:00:00,,,,,,,,,,,,,,,,,,,,27.4,26.3,9.2,5.8,32.7,33.7,38.3,38.5,39.3,51.2,49.0,48.4
2025-04-20 01:00:00,,,,,,,,,,,,,,,,,,,,27.3,26.2,9.2,5.8,32.7,33.7,38.3,38.5,39.3,51.1,49.0,48.3
2025-04-20 02:00:00,,,,,,,,,,,,,,,,,,,,27.2,26.2,9.2,5.8,32.7,33.7,38.3,38.5,39.3,51.1,49.0,48.3
2025-04-20 03:00:00,,,,,,,,,,,,,,,,,,,,27.2,26.2,9.2,5.8,32.7,33.7,38.3,38.5,39.3,51.1,49.0,48.3
2025-04-20 04:00:00,,,,,,,,,,,,,,,,,,,,27.2,26.2,9.2,5.8,32.7,33.7,38.3,38.5,39.3,51.1,49.0,48.3
2025-04-20 05:00:00,,,,,,,,,,,,,,,,,,,,27.2,26.2,9.2,5.8,32.7,33.7,38.3,38.5,39.3,51.1,49.0,48.3
2025-04-20 06:00:00,,,,,,,,,,,,,,,,,,,,27.1,26.2,9.2,5.8,32.6,33.7,38.3,38.5,39.3,51.1,49.0,48.4
2025-04-20 07:00:00,,,,,,,,,,,,,,,,,,,,27.1,26.1,9.2,5.8,32.6,33.7,38.3,38.5,39.3,51.1,49.0,48.4
2025-04-20 08:00:00,,,,,,,,,,,,,,,,,,,,27.1,26.1,9.2,5.8,32.6,33.6,38.3,38.5,39.3,51.1,49.0,48.4
2025-04-20 09:00:00,,,,,,,,,,,,,,,,,,,,27.0,26.0,9.2,5.8,32.6,33.6,38.2,38.4,39.2,51.0,49.0,48.4
2025-04-20 10:00:00,,,,,,,,,,,,,,,,,,,,26.7,25.7,9.2,5.7,32.5,33.5,38.1,38.4,39.1,50.9,48.9,48.3
2025-04-20 11:00:00,,,,,,,,,,,,,,,,,,,,26.3,25.3,9.1,5.7,32.5,33.5,38.1,38.3,39.0,50.8,48.8,48.3
2025-04-20 12:00:00,,,,,,,,,,,,,,,,,,,,26.1,25.1,9.1,5.7,32.4,33.4,38.0,38.2,38.9,50.7,48.8,48.3
2025-04-20 13:00:00,,,,,,,,,,,,,,,,,,,,26.0,24.9,9.0,5.7,32.3,33.4,37.9,38.2,38.8,50.7,48.8,48.2
2025-04-20 14:00:00,,,,,,,,,,,,,,,,,,,,25.8,24.8,9.0,5.7,32.3,33.3,37.9,38.1,38.8,50.7,48.8,48.2
2025-04-20 15:00:00,,,,,,,,,,,,,,,,,,,,25.7,24.7,9.0,5.7,32.3,33.3,37.9,38.1,38.8,50.7,48.8,48.2
2025-04-20 16:00:00,,,,,,,,,,,,,,,,,,,,25.7,24.7,9.0,5.7,32.2,33.3,37.8,38.1,38.8,50.8,48.8,48.2
2025-04-20 17:00:00,,,,,,,,,,,,,,,,,,,,25.6,24.6,8.9,5.7,32.2,33.3,37.8,38.1,38.9,50.8,48.8,48.2
2025-04-20 18:00:00,,,,,,,,,,,,,,,,,,,,25.6,24.6,8.9,5.7,32.1,33.3,37.8,38.1,38.9,50.8,48.8,48.3
2025-04-20 19:00:00,,,,,,,,,,,,,,,,,,,,25.6,24.6,8.9,5.7,32.1,33.3,37.8,38.1,38.9,50.8,48.8,48.2
2025-04-20 20:00:00,,,,,,,,,,,,,,,,,,,,25.5,24.5,8.9,5.7,32.1,33.3,37.8,38.1,38.9,50.8,48.8,48.2
2025-04-20 21:00:00,,,,,,,,,,,,,,,,,,,,25.5,24.5,8.9,5.7,32.1,33.3,37.8,38.1,38.9,50.8,48.8,48.2
2025-04-20 22:00:00,,,,,,,,,,,,,,,,,,,,25.4,24.5,8.9,5.7,32.1,33.2,37.8,38.1,39.0,50.8,48.8,48.2
2025-04-20 23:00:00,,,,,,,,,,,,,,,,,,,,25.4,24.4,8.9,5.7,32.1,33.2,37.7,38.1,38.9,50.8,48.8,48.2
2025-04-21 01:00:00,,,,,,,,,,,,,,,,,,,,25.3,24.4,8.9,5.7,32.0,33.2,37.8,38.1,38.9,50.9,48.9,48.2
2025-04-21 02:00:00,,,,,,,,,,,,,,,,,,,,25.3,24.4,8.9,5.7,32.0,33.2,37.8,38.1,38.9,50.9,48.9,48.2
2025-04-21 03:00:00,,,,,,,,,,,,,,,,,,,,25.2,24.4,8.9,5.7,32.0,33.2,37.8,38.1,38.9,50.9,48.9,48.2
2025-04-21 04:00:00,,,,,,,,,,,,,,,,,,,,25.2,24.4,8.9,5.7,31.9,33.2,37.8,38.1,38.9,50.9,48.9,48.2
2025-04-21 05:00:00,,,,,,,,,,,,,,,,,,,,25.2,24.4,8.8,5.7,31.9,33.2,37.8,38.1,38.9,50.9,48.8,48.2
2025-04-21 06:00:00,,,,,,,,,,,,,,,,,,,,25.2,24.4,8.8,5.7,31.9,33.1,37.8,38.2,38.9,50.9,48.8,48.2
2025-04-21 07:00:00,,,,,,,,,,,,,,,,,,,,25.1,24.3,8.8,5.7,31.9,33.1,37.8,38.2,38.9,50.8,48.8,48.2
2025-04-21 08:00:00,,,,,,,,,,,,,,,,,,,,25.1,24.3,8.8,5.7,31.9,33.1,37.8,38.1,38.9,50.8,48.8,48.2
2025-04-21 09:00:00,,,,,,,,,,,,,,,,,,,,25.0,24.1,8.8,5.7,31.8,33.0,37.7,38.1,38.8,50.7,48.8,48.2
2025-04-21 10:00:00,,,,,,,,,,,,,,,,,,,,24.9,24.1,8.8,5.7,31.8,33.0,37.6,38.0,38.8,50.7,48.7,48.2
2025-04-21 11:00:00,,,,,,,,,,,,,,,,,,,,24.8,24.1,8.8,5.7,31.8,33.0,37.6,38.0,38.8,50.7,48.7,48.2
2025-04-21 12:00:00,,,,,,,,,,,,,,,,,,,,24.8,24.1,8.8,5.7,31.7,33.0,37.6,38.0,38.8,50.8,48.7,48.2
2025-04-21 13:00:00,,,,,,,,,,,,,,,,,,,,24.7,24.0,8.8,5.7,31.7,33.0,37.6,37.9,38.8,50.8,48.7,48.2
2025-04-21 14:00:00,,,,,,,,,,,,,,,,,,,,24.7,24.0,8.8,5.7,31.7,32.9,37.6,37.9,38.8,50.8,48.8,48.2
2025-04-21 15:00:00,,,,,,,,,,,,,,,,,,,,24.7,24.0,8.8,5.7,31.7,32.9,37.6,37.9,38.8,50.8,48.8,48.2
2025-04-21 16:00:00,,,,,,,,,,,,,,,,,,,,24.6,24.0,8.8,5.7,31.7,32.9,37.6,37.9,38.8,50.8,48.8,48.2
2025-04-21 17:00:00,,,,,,,,,,,,,,,,,,,,24.6,24.0,8.8,5.6,31.7,32.9,37.6,38.0,38.8,50.8,48.8,48.2
2025-04-21 18:00:00,,,,,,,,,,,,,,,,,,,,24.6,23.9,8.8,5.7,31.7,32.9,37.6,38.0,38.8,50.8,48.8,48.2
2025-04-21 19:00:00,,,,,,,,,,,,,,,,,,,,24.6,23.9,8.8,5.7,31.7,32.9,37.6,38.0,38.8,50.8,48.8,48.2
2025-04-21 20:00:00,,,,,,,,,,,,,,,,,,,,24.6,23.9,8.8,5.7,31.7,32.9,37.6,38.0,38.8,50.8,48.8,48.2
2025-04-21 21:00:00,,,,,,,,,,,,,,,,,,,,24.6,23.9,8.8,5.7,31.7,32.9,37.6,38.0,38.8,50.8,48.8,48.2
2025-04-21 22:00:00,,,,,,,,,,,,,,,,,,,,24.6,23.9,8.8,5.7,31.7,32.9,37.6,38.0,38.8,50.8,48.8,48.2
2025-04-21 23:00:00,,,,,,,,,,,,,,,,,,,,24.5,23.9,8.8,5.7,31.6,32.8,37.6,38.0,38.8,50.8,48.8,48.2
2025-04-22 01:00:00,,,,,,,,,,,,,,,,,,,,24.5,23.8,8.8,5.7,31.6,32.8,37.6,38.0,38.8,50.8,48.8,48.2
2025-04-22 02:00:00,,,,,,,,,,,,,,,,,,,,24.5,23.8,8.7,5.7,31.6,32.8,37.6,38.0,38.8,50.8,48.8,48.2
2025-04-22 03:00:00,,,,,,,,,,,,,,,,,,,,24.4,23.8,8.7,5.7,31.6,32.8,37.5,38.0,38.8,50.8,48.8,48.2
2025-04-22 04:00:00,,,,,,,,,,,,,,,,,,,,24.4,23.8,8.7,5.7,31.6,32.8,37.5,38.0,38.8,50.8,48.8,48.2
2025-04-22 05:00:00,,,,,,,,,,,,,,,,,,,,24.4,23.8,8.7,5.7,31.6,32.8,37.5,38.0,38.8,50.8,48.8,48.2
2025-04-22 06:00:00,,,,,,,,,,,,,,,,,,,,24.4,23.8,8.7,5.7,31.6,32.8,37.5,38.0,38.8,50.8,48.8,48.2
2025-04-22 07:00:00,,,,,,,,,,,,,,,,,,,,24.3,23.9,8.7,5.7,31.5,32.8,37.5,38.0,38.8,50.8,48.8,48.2
2025-04-22 08:00:00,,,,,,,,,,,,,,,,,,,,24.4,23.9,8.7,5.7,31.5,32.8,37.5,38.0,38.8,50.7,48.8,48.2
2025-04-22 09:00:00,,,,,,,,,,,,,,,,,,,,24.3,23.7,8.7,5.7,31.4,32.8,37.5,37.9,38.7,50.7,48.7,48.2
2025-04-22 10:00:00,,,,,,,,,,,,,,,,,,,,24.1,23.6,8.7,5.6,31.4,32.7,37.4,37.9,38.6,50.6,48.6,48.2
2025-04-22 11:00:00,,,,,,,,,,,,,,,,,,,,23.9,23.3,8.6,5.6,31.3,32.6,37.4,37.8,38.5,50.5,48.6,48.1
2025-04-22 12:00:00,,,,,,,,,,,,,,,,,,,,23.7,23.1,8.6,5.6,31.2,32.6,37.3,37.7,38.4,50.4,48.5,48.1
2025-04-22 13:00:00,,,,,,,,,,,,,,,,,,,,23.5,22.9,8.6,5.6,31.1,32.5,37.2,37.6,38.3,50.3,48.5,48.1
2025-04-22 14:00:00,,,,,,,,,,,,,,,,,,,,23.3,22.7,8.5,5.6,31.0,32.5,37.1,37.6,38.2,50.2,48.4,48.0
2025-04-22 15:00:00,,,,,,,,,,,,,,,,,,,,23.2,22.5,8.5,5.6,31.0,32.4,37.0,37.5,38.1,50.2,48.4,48.0
2025-04-22 16:00:00,,,,,,,,,,,,,,,,,,,,23.1,22.4,8.5,5.5,30.9,32.4,36.9,37.5,38.0,50.2,48.4,48.0
2025-04-22 17:00:00,,,,,,,,,,,,,,,,,,,,23.0,22.4,8.5,5.5,30.9,32.3,36.9,37.4,38.1,50.2,48.4,48.0
2025-04-22 18:00:00,,,,,,,,,,,,,,,,,,,,22.9,22.4,8.4,5.5,30.9,32.3,36.9,37.4,38.1,50.3,48.4,48.0
2025-04-22 19:00:00,,,,,,,,,,,,,,,,,,,,22.9,22.3,8.4,5.5,30.9,32.3,36.9,37.4,38.1,50.3,48.4,48.0
2025-04-22 20:00:00,,,,,,,,,,,,,,,,,,,,22.9,22.3,8.4,5.5,30.9,32.3,36.9,37.4,38.1,50.3,48.4,48.0
2025-04-22 21:00:00,,,,,,,,,,,,,,,,,,,,22.8,22.3,8.4,5.6,30.8,32.3,36.9,37.4,38.2,50.3,48.4,48.1
2025-04-22 22:00:00,,,,,,,,,,,,,,,,,,,,22.8,22.3,8.4,5.6,30.8,32.3,36.9,37.4,38.2,50.4,48.4,48.1
2025-04-22 23:00:00,,,,,,,,,,,,,,,,,,,,22.8,22.3,8.4,5.6,30.7,32.3,36.9,37.4,38.2,50.4,48.5,48.1
2025-04-23 01:00:00,,,,,,,,,,,,,,,,,,,,22.8,22.2,8.4,5.5,30.7,32.2,36.9,37.5,38.2,50.4,48.5,48.1
2025-04-23 02:00:00,,,,,,,,,,,,,,,,,,,,22.7,22.3,8.4,5.5,30.7,32.2,36.9,37.5,38.2,50.4,48.5,48.1
2025-04-23 03:00:00,,,,,,,,,,,,,,,,,,,,22.7,22.2,8.4,5.5,30.7,32.2,36.9,37.5,38.2,50.4,48.5,48.1
2025-04-23 04:00:00,,,,,,,,,,,,,,,,,,,,22.6,22.2,8.4,5.5,30.6,32.2,36.9,37.5,38.2,50.4,48.5,48.1
2025-04-23 05:00:00,,,,,,,,,,,,,,,,,,,,22.6,22.2,8.4,5.5,30.6,32.2,36.9,37.5,38.2,50.4,48.5,48.1
2025-04-23 06:00:00,,,,,,,,,,,,,,,,,,,,22.6,22.2,8.4,5.5,30.6,32.2,36.9,37.5,38.2,50.4,48.5,48.1
2025-04-23 07:00:00,,,,,,,,,,,,,,,,,,,,22.6,22.2,8.4,5.5,30.6,32.2,36.9,37.5,38.2,50.4,48.5,48.1
2025-04-23 08:00:00,,,,,,,,,,,,,,,,,,,,22.6,22.2,8.3,5.5,30.6,32.2,36.8,37.5,38.1,50.4,48.5,48.1
2025-04-23 09:00:00,,,,,,,,,,,,,,,,,,,,22.5,22.1,8.3,5.5,30.5,32.1,36.8,37.4,38.1,50.3,48.4,48.0
2025-04-23 10:00:00,,,,,,,,,,,,,,,,,,,,22.4,22.0,8.3,5.5,30.5,32.0,36.7,37.3,38.0,50.2,48.4,48.0
2025-04-23 11:00:00,,,,,,,,,,,,,,,,,,,,22.3,21.8,8.3,5.5,30.4,32.0,36.7,37.3,37.9,50.2,48.3,48.0
2025-04-23 12:00:00,,,,,,,,,,,,,,,,,,,,22.2,21.8,8.3,5.5,30.3,32.0,36.6,37.2,37.9,50.2,48.3,47.9
2025-04-23 13:00:00,,,,,,,,,,,,,,,,,,,,22.2,21.8,8.3,5.5,30.3,31.9,36.6,37.2,37.8,50.1,48.3,47.9
2025-04-23 14:00:00,,,,,,,,,,,,,,,,,,,,22.2,21.8,8.2,5.5,30.3,31.9,36.6,37.2,37.8,50.2,48.3,47.9
2025-04-23 15:00:00,,,,,,,,,,,,,,,,,,,,22.0,21.7,8.2,5.5,30.2,31.9,36.5,37.1,37.8,50.1,48.3,47.9
2025-04-23 16:00:00,,,,,,,,,,,,,,,,,,,,22.1,21.7,8.2,5.4,30.1,31.8,36.4,37.0,37.8,50.0,48.2,47.9
2025-04-23 17:00:00,,,,,,,,,,,,,,,,,,,,22.0,21.7,8.2,5.4,30.1,31.8,36.4,37.0,37.8,50.0,48.2,47.9
2025-04-23 18:00:00,,,,,,,,,,,,,,,,,,,,22.0,21.7,8.2,5.4,30.0,31.7,36.4,37.0,37.8,50.1,48.2,47.9
2025-04-23 19:00:00,,,,,,,,,,,,,,,,,,,,21.9,21.6,8.2,5.4,30.0,31.7,36.4,37.0,37.8,50.1,48.3,47.9
2025-04-23 20:00:00,,,,,,,,,,,,,,,,,,,,21.9,21.6,8.2,5.4,30.0,31.7,36.4,37.0,37.8,50.1,48.3,47.9
2025-04-23 21:00:00,,,,,,,,,,,,,,,,,,,,21.9,21.6,8.2,5.4,30.0,31.7,36.4,37.0,37.8,50.1,48.3,47.9
2025-04-23 22:00:00,,,,,,,,,,,,,,,,,,,,21.9,21.6,8.2,5.4,30.0,31.7,36.4,37.0,37.8,50.1,48.3,47.9
2025-04-23 23:00:00,,,,,,,,,,,,,,,,,,,,21.9,21.6,8.2,5.4,29.9,31.7,36.4,37.0,37.8,50.1,48.3,47.9
2025-04-24 01:00:00,,,,,,,,,,,,,,,,,,,,21.8,21.6,8.2,5.4,29.9,31.6,36.4,37.0,37.9,50.1,48.3,47.9
2025-04-24 02:00:00,,,,,,,,,,,,,,,,,,,,21.8,21.6,8.2,5.4,29.8,31.6,36.4,37.0,37.8,50.1,48.3,47.9
2025-04-24 03:00:00,,,,,,,,,,,,,,,,,,,,21.8,21.6,8.2,5.4,29.8,31.6,36.4,37.0,37.8,50.1,48.3,48.0
2025-04-24 04:00:00,,,,,,,,,,,,,,,,,,,,21.8,21.6,8.2,5.4,29.8,31.6,36.4,37.0,37.8,50.1,48.3,48.0
2025-04-24 05:00:00,,,,,,,,,,,,,,,,,,,,21.8,21.6,8.2,5.4,29.8,31.6,36.4,37.0,37.8,50.1,48.3,48.0
2025-04-24 06:00:00,,,,,,,,,,,,,,,,,,,,21.8,21.6,8.2,5.4,29.8,31.6,36.4,37.0,37.9,50.2,48.3,48.0
2025-04-24 07:00:00,,,,,,,,,,,,,,,,,,,,21.8,21.6,8.2,5.4,29.8,31.6,36.4,37.0,37.9,50.2,48.3,48.0
2025-04-24 08:00:00,,,,,,,,,,,,,,,,,,,,21.8,21.6,8.2,5.4,29.8,31.6,36.4,37.0,37.9,50.2,48.3,48.0
2025-04-24 09:00:00,,,,,,,,,,,,,,,,,,,,21.8,21.6,8.1,5.4,29.7,31.6,36.4,37.0,37.8,50.1,48.3,47.9
2025-04-24 10:00:00,,,,,,,,,,,,,,,,,,,,21.8,21.6,8.1,5.4,29.6,31.5,36.3,37.0,37.8,50.1,48.3,48.0
2025-04-24 11:00:00,,,,,,,,,,,,,,,,,,,,21.7,21.6,8.1,5.4,29.5,31.5,36.3,37.0,37.8,50.1,48.3,47.9
2025-04-24 12:00:00,,,,,,,,,,,,,,,,,,,,21.7,21.5,8.1,5.4,29.5,31.4,36.3,37.0,37.8,50.1,48.3,47.9
2025-04-24 13:00:00,,,,,,,,,,,,,,,,,,,,21.7,21.5,8.1,5.4,29.5,31.4,36.3,37.0,37.8,50.1,48.3,47.9
2025-04-24 14:00:00,,,,,,,,,,,,,,,,,,,,21.7,21.5,8.1,5.4,29.5,31.3,36.3,37.0,37.8,50.1,48.3,47.9
2025-04-24 15:00:00,,,,,,,,,,,,,,,,,,,,21.7,21.6,8.1,5.4,29.5,31.3,36.3,37.0,37.8,50.1,48.3,47.9
2025-04-24 16:00:00,,,,,,,,,,,,,,,,,,,,21.7,21.5,8.1,5.4,29.5,31.3,36.2,37.0,37.8,50.1,48.3,47.9
2025-04-24 17:00:00,,,,,,,,,,,,,,,,,,,,21.7,21.5,8.1,5.4,29.4,31.3,36.2,37.0,37.8,50.1,48.3,47.9
2025-04-24 18:00:00,,,,,,,,,,,,,,,,,,,,21.7,21.5,8.1,5.4,29.4,31.3,36.1,37.0,37.8,50.1,48.3,47.9
2025-04-24 19:00:00,,,,,,,,,,,,,,,,,,,,21.7,21.5,8.1,5.4,29.4,31.3,36.1,37.0,37.8,50.2,48.3,47.9
2025-04-24 20:00:00,,,,,,,,,,,,,,,,,,,,21.6,21.5,8.1,5.4,29.4,31.3,36.1,37.0,37.8,50.1,48.3,47.9
2025-04-24 21:00:00,,,,,,,,,,,,,,,,,,,,21.6,21.5,8.1,5.4,29.4,31.3,36.1,37.0,37.8,50.1,48.3,47.9
2025-04-24 22:00:00,,,,,,,,,,,,,,,,,,,,21.6,21.5,8.1,5.4,29.4,31.3,36.1,37.0,37.8,50.1,48.3,47.9
2025-04-24 23:00:00,,,,,,,,,,,,,,,,,,,,21.6,21.5,8.1,5.4,29.4,31.3,36.1,37.0,37.8,50.1,48.3,47.9
2025-04-25 01:00:00,,,,,,,,,,,,,,,,,,,,21.5,21.5,8.1,5.4,29.3,31.3,36.1,37.0,37.8,50.1,48.3,48.0
2025-04-25 02:00:00,,,,,,,,,,,,,,,,,,,,21.6,21.5,8.1,5.4,29.3,31.2,36.1,36.9,37.8,50.1,48.3,48.0
2025-04-25 03:00:00,,,,,,,,,,,,,,,,,,,,21.5,21.5,8.1,5.4,29.3,31.2,36.1,36.9,37.8,50.1,48.3,48.0
2025-04-25 04:00:00,,,,,,,,,,,,,,,,,,,,21.5,21.5,8.1,5.4,29.3,31.2,36.1,36.9,37.8,50.1,48.3,48.0
2025-04-25 05:00:00,,,,,,,,,,,,,,,,,,,,21.5,21.5,8.1,5.4,29.3,31.2,36.1,36.9,37.8,50.1,48.3,48.0
2025-04-25 06:00:00,,,,,,,,,,,,,,,,,,,,21.5,21.5,8.1,5.4,29.3,31.2,36.1,36.9,37.8,50.1,48.3,47.9
2025-04-25 07:00:00,,,,,,,,,,,,,,,,,,,,21.5,21.5,8.1,5.4,29.2,31.2,36.1,36.9,37.8,50.1,48.3,47.9
2025-04-25 08:00:00,,,,,,,,,,,,,,,,,,,,21.5,21.5,8.1,5.4,29.2,31.2,36.1,36.9,37.8,50.1,48.3,47.9
2025-04-25 09:00:00,,,,,,,,,,,,,,,,,,,,21.5,21.4,8.1,5.4,29.2,31.2,36.1,36.8,37.7,50.0,48.2,47.9
2025-04-25 10:00:00,,,,,,,,,,,,,,,,,,,,21.4,21.3,8.1,5.4,29.1,31.1,36.0,36.7,37.6,49.9,48.2,47.8
2025-04-25 11:00:00,,,,,,,,,,,,,,,,,,,,21.4,21.3,8.1,5.4,29.1,31.1,36.0,36.7,37.6,49.9,48.2,47.8
2025-04-25 12:00:00,,,,,,,,,,,,,,,,,,,,21.3,21.3,8.1,5.4,29.0,31.0,35.9,36.7,37.5,49.9,48.2,47.8
2025-04-25 13:00:00,,,,,,,,,,,,,,,,,,,,21.2,21.2,8.0,5.3,28.9,31.0,35.9,36.6,37.4,49.8,48.1,47.8
2025-04-25 14:00:00,,,,,,,,,,,,,,,,,,,,21.2,21.2,8.0,5.3,28.8,30.9,35.8,36.6,37.4,49.7,48.1,47.8
2025-04-25 15:00:00,,,,,,,,,,,,,,,,,,,,21.1,21.1,8.0,5.3,28.8,30.9,35.8,36.5,37.4,49.7,48.1,47.8
2025-04-25 16:00:00,,,,,,,,,,,,,,,,,,,,21.1,21.1,8.0,5.3,28.7,30.9,35.7,36.5,37.4,49.7,48.1,47.8
2025-04-25 17:00:00,,,,,,,,,,,,,,,,,,,,21.1,21.1,8.0,5.3,28.7,30.8,35.7,36.5,37.3,49.7,48.1,47.8
2025-04-25 18:00:00,,,,,,,,,,,,,,,,,,,,21.2,21.1,8.0,5.3,28.7,30.8,35.7,36.5,37.3,49.7,48.1,47.8
2025-04-25 19:00:00,,,,,,,,,,,,,,,,,,,,21.1,21.1,8.0,5.3,28.7,30.7,35.7,36.5,37.4,49.7,48.1,47.8
2025-04-25 20:00:00,,,,,,,,,,,,,,,,,,,,21.1,21.1,8.0,5.3,28.6,30.7,35.7,36.5,37.4,49.7,48.1,47.8
2025-04-25 21:00:00,,,,,,,,,,,,,,,,,,,,21.0,21.1,8.0,5.3,28.6,30.7,35.7,36.5,37.4,49.7,48.1,47.8
2025-04-25 22:00:00,,,,,,,,,,,,,,,,,,,,21.0,21.1,8.0,5.3,28.6,30.7,35.6,36.5,37.4,49.8,48.1,47.8
2025-04-25 23:00:00,,,,,,,,,,,,,,,,,,,,21.0,21.1,8.0,5.3,28.5,30.7,35.6,36.5,37.4,49.8,48.1,47.8
2025-04-26 01:00:00,,,,,,,,,,,,,,,,,,,,21.0,21.1,8.0,5.3,28.5,30.7,35.6,36.5,37.4,49.8,48.1,47.8
2025-04-26 02:00:00,,,,,,,,,,,,,,,,,,,,21.0,21.1,8.0,5.3,28.4,30.7,35.6,36.5,37.4,49.8,48.1,47.8
2025-04-26 03:00:00,,,,,,,,,,,,,,,,,,,,21.0,21.1,8.0,5.2,28.4,30.6,35.6,36.5,37.4,49.8,48.1,47.8
2025-04-26 04:00:00,,,,,,,,,,,,,,,,,,,,21.0,21.0,8.0,5.2,28.4,30.6,35.6,36.5,37.4,49.8,48.1,47.8
2025-04-26 05:00:00,,,,,,,,,,,,,,,,,,,,20.9,21.0,8.0,5.2,28.4,30.6,35.6,36.5,37.4,49.8,48.1,47.8
2025-04-26 06:00:00,,,,,,,,,,,,,,,,,,,,20.9,21.0,7.9,5.2,28.4,30.5,35.6,36.5,37.4,49.8,48.1,47.8
2025-04-26 07:00:00,,,,,,,,,,,,,,,,,,,,20.9,21.0,8.0,5.2,28.4,30.6,35.6,36.5,37.4,49.8,48.1,47.8
2025-04-26 08:00:00,,,,,,,,,,,,,,,,,,,,20.9,21.0,7.9,5.2,28.3,30.5,35.6,36.5,37.4,49.8,48.1,47.8
2025-04-26 09:00:00,,,,,,,,,,,,,,,,,,,,20.9,21.0,7.9,5.2,28.3,30.5,35.5,36.4,37.3,49.7,48.1,47.8
2025-04-26 10:00:00,,,,,,,,,,,,,,,,,,,,20.8,20.9,7.9,5.2,28.2,30.4,35.5,36.4,37.2,49.6,48.0,47.8
2025-04-26 11:00:00,,,,,,,,,,,,,,,,,,,,20.8,20.9,7.9,5.2,28.1,30.4,35.4,36.3,37.2,49.5,48.0,47.8
2025-04-26 12:00:00,,,,,,,,,,,,,,,,,,,,20.8,20.9,7.9,5.2,28.0,30.3,35.3,36.3,37.1,49.5,47.9,47.8
2025-04-26 13:00:00,,,,,,,,,,,,,,,,,,,,20.7,20.8,7.9,5.2,28.0,30.3,35.3,36.2,37.1,49.5,47.9,47.7
2025-04-26 14:00:00,,,,,,,,,,,,,,,,,,,,20.7,20.8,7.9,5.2,28.0,30.2,35.3,36.2,37.1,49.6,48.0,47.7
2025-04-26 15:00:00,,,,,,,,,,,,,,,,,,,,20.7,20.9,7.9,5.2,27.9,30.2,35.3,36.2,37.2,49.6,48.0,47.7
2025-04-26 16:00:00,,,,,,,,,,,,,,,,,,,,20.7,20.9,7.9,5.2,27.9,30.2,35.2,36.2,37.1,49.6,48.0,47.7
2025-04-26 17:00:00,,,,,,,,,,,,,,,,,,,,20.7,20.8,7.9,5.2,27.9,30.2,35.2,36.2,37.1,49.5,48.0,47.7
2025-04-26 18:00:00,,,,,,,,,,,,,,,,,,,,20.7,20.8,7.9,5.2,27.8,30.1,35.2,36.2,37.2,49.6,48.0,47.7
2025-04-26 19:00:00,,,,,,,,,,,,,,,,,,,,20.7,20.8,7.9,5.2,27.8,30.1,35.2,36.2,37.2,49.5,48.0,47.7
2025-04-26 20:00:00,,,,,,,,,,,,,,,,,,,,20.7,20.8,7.9,5.2,27.8,30.1,35.2,36.2,37.2,49.6,48.0,47.7
2025-04-26 21:00:00,,,,,,,,,,,,,,,,,,,,20.7,20.8,7.9,5.2,27.7,30.1,35.2,36.2,37.2,49.6,48.0,47.7
2025-04-26 22:00:00,,,,,,,,,,,,,,,,,,,,20.6,20.8,7.9,5.2,27.7,30.1,35.2,36.2,37.2,49.6,48.0,47.7
2025-04-26 23:00:00,,,,,,,,,,,,,,,,,,,,20.7,20.8,7.9,5.2,27.7,30.1,35.2,36.2,37.2,49.6,48.0,47.7
2025-04-27 01:00:00,,,,,,,,,,,,,,,,,,,,20.6,20.8,7.9,5.2,27.7,30.0,35.1,36.2,37.2,49.6,48.0,47.7
2025-04-27 02:00:00,,,,,,,,,,,,,,,,,,,,20.6,20.8,7.9,5.2,27.6,30.0,35.2,36.2,37.2,49.6,48.0,47.7
2025-04-27 03:00:00,,,,,,,,,,,,,,,,,,,,20.6,20.8,7.9,5.2,27.6,30.0,35.1,36.2,37.2,49.6,48.0,47.7
2025-04-27 04:00:00,,,,,,,,,,,,,,,,,,,,20.6,20.8,7.9,5.2,27.6,30.0,35.1,36.2,37.2,49.6,48.1,47.7
2025-04-27 05:00:00,,,,,,,,,,,,,,,,,,,,20.6,20.8,7.9,5.1,27.6,30.0,35.1,36.2,37.2,49.6,48.1,47.7
2025-04-27 06:00:00,,,,,,,,,,,,,,,,,,,,20.6,20.8,7.9,5.1,27.6,30.0,35.1,36.2,37.2,49.6,48.1,47.7
2025-04-27 07:00:00,,,,,,,,,,,,,,,,,,,,20.6,20.8,7.9,5.1,27.5,29.9,35.1,36.2,37.2,49.6,48.1,47.7
2025-04-27 08:00:00,,,,,,,,,,,,,,,,,,,,20.6,20.8,7.9,5.1,27.5,29.9,35.1,36.2,37.1,49.5,48.0,47.7
2025-04-27 09:00:00,,,,,,,,,,,,,,,,,,,,20.5,20.7,7.9,5.1,27.4,29.9,35.0,36.1,37.0,49.4,47.9,47.7
2025-04-27 10:00:00,,,,,,,,,,,,,,,,,,,,20.4,20.6,7.8,5.1,27.3,29.8,34.9,36.0,36.8,49.2,47.8,47.6
2025-04-27 11:00:00,,,,,,,,,,,,,,,,,,,,20.4,20.5,7.8,5.1,27.2,29.7,34.8,35.9,36.6,49.1,47.7,47.6
2025-04-27 12:00:00,,,,,,,,,,,,,,,,,,,,20.4,20.5,7.8,5.1,27.2,29.6,34.7,35.9,36.5,49.0,47.6,47.5
2025-04-27 13:00:00,,,,,,,,,,,,,,,,,,,,20.3,20.4,7.8,5.1,27.1,29.6,34.6,35.8,36.5,49.0,47.5,47.5
2025-04-27 14:00:00,,,,,,,,,,,,,,,,,,,,20.3,20.5,7.8,5.1,27.0,29.5,34.6,35.8,36.5,49.0,47.5,47.5
2025-04-27 15:00:00,,,,,,,,,,,,,,,,,,,,20.3,20.4,7.8,5.1,27.0,29.5,34.6,35.8,36.5,49.0,47.5,47.5
2025-04-27 16:00:00,,,,,,,,,,,,,,,,,,,,20.3,20.4,7.8,5.1,26.9,29.5,34.6,35.8,36.5,49.1,47.6,47.6
2025-04-27 17:00:00,,,,,,,,,,,,,,,,,,,,20.2,20.4,7.8,5.1,26.9,29.4,34.5,35.8,36.5,49.1,47.5,47.6
2025-04-27 18:00:00,,,,,,,,,,,,,,,,,,,,20.2,20.5,7.8,5.1,26.9,29.4,34.5,35.7,36.6,49.1,47.6,47.6
2025-04-27 19:00:00,,,,,,,,,,,,,,,,,,,,20.2,20.4,7.8,5.1,26.8,29.4,34.5,35.7,36.6,49.1,47.5,47.6
2025-04-27 20:00:00,,,,,,,,,,,,,,,,,,,,20.2,20.4,7.8,5.1,26.8,29.4,34.5,35.7,36.6,49.2,47.6,47.6
2025-04-27 21:00:00,,,,,,,,,,,,,,,,,,,,20.2,20.4,7.8,5.1,26.8,29.4,34.5,35.8,36.6,49.2,47.6,47.6
2025-04-27 22:00:00,,,,,,,,,,,,,,,,,,,,20.3,20.4,7.8,5.1,26.8,29.3,34.5,35.8,36.6,49.2,47.6,47.6
2025-04-27 23:00:00,,,,,,,,,,,,,,,,,,,,20.2,20.4,7.8,5.1,26.8,29.3,34.5,35.8,36.6,49.2,47.6,47.6
2025-04-28 01:00:00,,,,,,,,,,,,,,,,,,,,20.1,20.4,7.8,5.1,26.7,29.3,34.5,35.7,36.6,49.2,47.6,47.6
2025-04-28 02:00:00,,,,,,,,,,,,,,,,,,,,20.2,20.4,7.8,5.1,26.7,29.3,34.5,35.7,36.6,49.2,47.6,47.6
2025-04-28 03:00:00,,,,,,,,,,,,,,,,,,,,20.2,20.4,7.8,5.1,26.7,29.3,34.5,35.8,36.6,49.2,47.6,47.6
2025-04-28 04:00:00,,,,,,,,,,,,,,,,,,,,20.2,20.5,7.7,5.1,26.7,29.3,34.5,35.8,36.6,49.2,47.6,47.6
2025-04-28 05:00:00,,,,,,,,,,,,,,,,,,,,20.1,20.4,7.7,5.0,26.6,29.2,34.5,35.7,36.6,49.2,47.6,47.6
2025-04-28 06:00:00,,,,,,,,,,,,,,,,,,,,20.1,20.4,7.7,5.0,26.6,29.2,34.5,35.8,36.6,49.2,47.6,47.6
2025-04-28 07:00:00,,,,,,,,,,,,,,,,,,,,20.1,20.4,7.8,5.0,26.6,29.2,34.5,35.8,36.6,49.2,47.6,47.6
2025-04-28 08:00:00,,,,,,,,,,,,,,,,,,,,20.2,20.4,7.8,5.0,26.6,29.2,34.4,35.7,36.6,49.1,47.6,47.6
2025-04-28 09:00:00,,,,,,,,,,,,,,,,,,,,20.2,20.4,7.8,5.0,26.5,29.1,34.4,35.7,36.5,49.1,47.5,47.6
2025-04-28 10:00:00,,,,,,,,,,,,,,,,,,,,20.1,20.3,7.8,5.0,26.4,29.0,34.3,35.6,36.3,48.9,47.4,47.5
2025-04-28 11:00:00,,,,,,,,,,,,,,,,,,,,20.2,20.4,7.7,5.0,26.3,29.0,34.2,35.5,36.3,48.9,47.4,47.5
2025-04-28 12:00:00,,,,,,,,,,,,,,,,,,,,20.1,20.2,7.7,5.0,26.2,28.9,34.1,35.4,36.1,48.7,47.3,47.5
2025-04-28 13:00:00,,,,,,,,,,,,,,,,,,,,20.0,20.1,7.7,5.0,26.1,28.8,34.0,35.3,35.9,48.6,47.2,47.4
2025-04-28 14:00:00,,,,,,,,,,,,,,,,,,,,20.0,20.0,7.7,5.0,26.0,28.7,33.9,35.2,35.8,48.4,47.1,47.4
2025-04-28 15:00:00,,,,,,,,,,,,,,,,,,,,20.0,20.1,7.6,5.0,26.0,28.7,33.8,35.2,35.7,48.3,47.1,47.4
2025-04-28 16:00:00,,,,,,,,,,,,,,,,,,,,19.9,20.1,7.7,4.9,25.9,28.6,33.7,35.1,35.8,48.4,47.1,47.4
2025-04-28 17:00:00,,,,,,,,,,,,,,,,,,,,19.9,20.0,7.6,4.9,25.9,28.6,33.7,35.1,35.8,48.4,47.1,47.4
2025-04-28 18:00:00,,,,,,,,,,,,,,,,,,,,19.9,20.0,7.6,4.9,25.8,28.5,33.7,35.1,35.8,48.5,47.1,47.4
2025-04-28 19:00:00,,,,,,,,,,,,,,,,,,,,19.9,20.0,7.6,4.9,25.8,28.5,33.7,35.1,35.8,48.5,47.1,47.4
2025-04-28 20:00:00,,,,,,,,,,,,,,,,,,,,19.9,20.0,7.6,4.9,25.8,28.5,33.7,35.1,35.8,48.5,47.2,47.4
2025-04-28 21:00:00,,,,,,,,,,,,,,,,,,,,19.9,20.0,7.6,5.0,25.7,28.4,33.6,35.1,35.9,48.5,47.2,47.4
2025-04-28 22:00:00,,,,,,,,,,,,,,,,,,,,19.8,20.1,7.6,5.0,25.7,28.4,33.6,35.1,35.9,48.5,47.2,47.4
2025-04-28 23:00:00,,,,,,,,,,,,,,,,,,,,19.9,20.1,7.6,5.0,25.7,28.4,33.6,35.1,35.9,48.5,47.2,47.4
2025-04-29 01:00:00,,,,,,,,,,,,,,,,,,,,19.9,20.0,7.6,4.9,25.6,28.3,33.6,35.1,35.9,48.5,47.2,47.4
2025-04-29 02:00:00,,,,,,,,,,,,,,,,,,,,19.8,20.0,7.6,4.9,25.6,28.3,33.6,35.1,35.9,48.5,47.2,47.4
2025-04-29 03:00:00,,,,,,,,,,,,,,,,,,,,19.8,20.0,7.6,4.9,25.6,28.3,33.6,35.1,35.9,48.5,47.2,47.4
2025-04-29 04:00:00,,,,,,,,,,,,,,,,,,,,19.8,20.0,7.6,5.0,25.6,28.2,33.6,35.1,35.9,48.5,47.2,47.4
2025-04-29 05:00:00,,,,,,,,,,,,,,,,,,,,19.9,20.0,7.6,4.9,25.6,28.2,33.6,35.1,35.9,48.5,47.2,47.4
2025-04-29 06:00:00,,,,,,,,,,,,,,,,,,,,19.9,20.0,7.6,4.9,25.5,28.2,33.5,35.1,35.9,48.6,47.2,47.4
2025-04-29 07:00:00,,,,,,,,,,,,,,,,,,,,19.8,20.0,7.6,4.9,25.5,28.2,33.5,35.1,35.9,48.6,47.2,47.4
2025-04-29 08:00:00,,,,,,,,,,,,,,,,,,,,19.8,20.0,7.6,4.9,25.5,28.2,33.5,35.0,35.8,48.5,47.2,47.4
2025-04-29 09:00:00,,,,,,,,,,,,,,,,,,,,19.9,20.0,7.6,4.9,25.4,28.1,33.5,35.0,35.7,48.4,47.1,47.4
2025-04-29 10:00:00,,,,,,,,,,,,,,,,,,,,19.8,19.9,7.6,4.9,25.3,28.0,33.4,34.9,35.5,48.2,47.0,47.4
2025-04-29 11:00:00,,,,,,,,,,,,,,,,,,,,19.7,19.8,7.6,4.9,25.2,27.9,33.2,34.8,35.3,48.0,46.9,47.3
2025-04-29 12:00:00,,,,,,,,,,,,,,,,,,,,19.7,19.7,7.5,4.9,25.1,27.8,33.1,34.7,35.1,47.7,46.8,47.2
2025-04-29 13:00:00,,,,,,,,,,,,,,,,,,,,19.6,19.6,7.5,4.8,25.0,27.7,32.9,34.5,34.8,47.4,46.6,47.2
2025-04-29 14:00:00,,,,,,,,,,,,,,,,,,,,19.6,19.5,7.5,4.8,24.9,27.6,32.8,34.4,34.6,47.2,46.4,47.1
2025-04-29 15:00:00,,,,,,,,,,,,,,,,,,,,19.5,19.5,7.5,4.8,24.7,27.5,32.6,34.3,34.5,47.1,46.4,47.1
2025-04-29 16:00:00,,,,,,,,,,,,,,,,,,,,19.5,19.5,7.5,4.8,24.7,27.4,32.5,34.2,34.4,47.1,46.3,47.1
2025-04-29 17:00:00,,,,,,,,,,,,,,,,,,,,19.5,19.5,7.5,4.8,24.6,27.3,32.4,34.1,34.4,47.1,46.3,47.1
2025-04-29 18:00:00,,,,,,,,,,,,,,,,,,,,19.4,19.5,7.5,4.8,24.5,27.2,32.3,34.1,34.4,47.1,46.3,47.1
2025-04-29 19:00:00,,,,,,,,,,,,,,,,,,,,19.4,19.5,7.5,4.8,24.5,27.2,32.3,34.1,34.4,47.1,46.3,47.1
2025-04-29 20:00:00,,,,,,,,,,,,,,,,,,,,19.4,19.5,7.5,4.8,24.5,27.1,32.2,34.0,34.4,47.2,46.3,47.1
2025-04-29 21:00:00,,,,,,,,,,,,,,,,,,,,19.4,19.5,7.5,4.8,24.4,27.1,32.2,34.0,34.5,47.2,46.3,47.1
2025-04-29 22:00:00,,,,,,,,,,,,,,,,,,,,19.4,19.5,7.5,4.8,24.4,27.1,32.2,34.0,34.5,47.2,46.3,47.1
2025-04-29 23:00:00,,,,,,,,,,,,,,,,,,,,19.3,19.5,7.5,4.8,24.4,27.0,32.2,34.0,34.5,47.2,46.3,47.1
2025-04-30 01:00:00,,,,,,,,,,,,,,,,,,,,19.4,19.5,7.4,4.8,24.3,27.0,32.1,34.0,34.5,47.3,46.3,47.1
2025-04-30 02:00:00,,,,,,,,,,,,,,,,,,,,19.3,19.5,7.4,4.8,24.3,27.0,32.1,34.0,34.5,47.3,46.3,47.1
2025-04-30 03:00:00,,,,,,,,,,,,,,,,,,,,19.3,19.4,7.5,4.8,24.2,26.9,32.1,34.0,34.5,47.3,46.3,47.1
2025-04-30 04:00:00,,,,,,,,,,,,,,,,,,,,19.3,19.5,7.4,4.8,24.2,26.9,32.1,34.0,34.6,47.3,46.3,47.1
2025-04-30 05:00:00,,,,,,,,,,,,,,,,,,,,19.3,19.5,7.4,4.8,24.2,26.9,32.1,34.0,34.6,47.3,46.3,47.0
2025-04-30 06:00:00,,,,,,,,,,,,,,,,,,,,19.3,19.4,7.4,4.8,24.2,26.8,32.1,34.0,34.6,47.3,46.3,47.0
2025-04-30 07:00:00,,,,,,,,,,,,,,,,,,,,19.3,19.4,7.5,4.8,24.1,26.8,32.1,34.0,34.6,47.3,46.3,47.0
2025-04-30 08:00:00,,,,,,,,,,,,,,,,,,,,19.3,19.5,7.4,4.8,24.1,26.8,32.0,33.9,34.4,47.1,46.2,47.0
2025-04-30 09:00:00,,,,,,,,,,,,,,,,,,,,19.3,19.4,7.4,4.8,24.0,26.7,31.9,33.8,34.3,47.0,46.2,46.9
2025-04-30 10:00:00,,,,,,,,,,,,,,,,,,,,19.2,19.4,7.4,4.8,23.9,26.6,31.8,33.7,34.1,46.8,46.0,46.8
2025-04-30 11:00:00,,,,,,,,,,,,,,,,,,,,19.2,19.3,7.4,4.7,23.8,26.5,31.6,33.6,33.8,46.5,45.8,46.8
2025-04-30 12:00:00,,,,,,,,,,,,,,,,,,,,19.2,19.2,7.3,4.7,23.7,26.4,31.4,33.4,33.6,46.2,45.6,46.7
2025-04-30 13:00:00,,,,,,,,,,,,,,,,,,,,19.2,19.2,7.3,4.7,23.6,26.2,31.2,33.3,33.3,45.9,45.4,46.6
2025-04-30 14:00:00,,,,,,,,,,,,,,,,,,,,19.2,19.2,7.3,4.7,23.5,26.1,31.0,33.1,32.9,45.6,45.2,46.6
2025-04-30 15:00:00,,,,,,,,,,,,,,,,,,,,19.1,19.1,7.3,4.7,23.4,26.0,30.9,33.0,32.7,45.3,45.0,46.5
2025-04-30 16:00:00,,,,,,,,,,,,,,,,,,,,19.0,19.1,7.3,4.7,23.3,25.9,30.7,32.9,32.5,45.1,44.9,46.5
2025-04-30 17:00:00,,,,,,,,,,,,,,,,,,,,19.1,19.2,7.3,4.7,23.2,25.9,30.6,32.8,32.3,45.0,44.9,46.5
2025-04-30 18:00:00,,,,,,,,,,,,,,,,,,,,19.0,19.2,7.3,4.7,23.2,25.8,30.5,32.7,32.3,45.1,44.9,46.5
2025-04-30 19:00:00,,,,,,,,,,,,,,,,,,,,19.0,19.2,7.3,4.7,23.2,25.8,30.4,32.7,32.3,45.1,44.9,46.5
2025-04-30 20:00:00,,,,,,,,,,,,,,,,,,,,19.0,19.2,7.3,4.7,23.1,25.7,30.4,32.7,32.3,45.2,44.9,46.5
2025-04-30 21:00:00,,,,,,,,,,,,,,,,,,,,19.0,19.1,7.3,4.7,23.1,25.7,30.3,32.7,32.3,45.2,44.9,46.5
2025-04-30 22:00:00,,,,,,,,,,,,,,,,,,,,19.0,19.1,7.3,4.7,23.1,25.6,30.3,32.6,32.4,45.2,45.0,46.5
2025-04-30 23:00:00,,,,,,,,,,,,,,,,,,,,19.0,19.1,7.3,4.7,23.1,25.6,30.2,32.6,32.4,45.2,45.0,46.5
2025-05-01 01:00:00,,,,,,,,,,,,,,,,,,,,18.9,19.1,7.3,4.7,23.0,25.5,30.2,32.6,32.4,45.2,45.0,46.5
2025-05-01 02:00:00,,,,,,,,,,,,,,,,,,,,18.9,19.1,7.3,4.7,23.0,25.5,30.2,32.6,32.4,45.3,45.0,46.5
2025-05-01 03:00:00,,,,,,,,,,,,,,,,,,,,18.9,19.1,7.3,4.7,22.9,25.5,30.2,32.6,32.4,45.3,45.0,46.5
2025-05-01 04:00:00,,,,,,,,,,,,,,,,,,,,18.9,19.1,7.3,4.7,22.9,25.4,30.1,32.6,32.4,45.3,45.0,46.5
2025-05-01 05:00:00,,,,,,,,,,,,,,,,,,,,18.9,19.0,7.3,4.7,22.9,25.4,30.1,32.6,32.4,45.3,45.0,46.5
2025-05-01 06:00:00,,,,,,,,,,,,,,,,,,,,18.9,19.1,7.3,4.7,22.9,25.4,30.1,32.6,32.4,45.3,45.0,46.5
2025-05-01 07:00:00,,,,,,,,,,,,,,,,,,,,18.9,19.1,7.3,4.7,22.9,25.4,30.1,32.6,32.4,45.3,45.0,46.5
2025-05-01 08:00:00,,,,,,,,,,,,,,,,,,,,18.9,19.1,7.3,4.7,22.8,25.3,30.1,32.6,32.4,45.3,45.0,46.5
2025-05-01 09:00:00,,,,,,,,,,,,,,,,,,,,18.9,19.1,7.3,4.7,22.8,25.3,30.0,32.5,32.3,45.2,45.0,46.5
2025-05-01 10:00:00,,,,,,,,,,,,,,,,,,,,18.9,19.1,7.3,4.7,22.7,25.2,29.9,32.4,32.2,45.0,44.9,46.4
2025-05-01 11:00:00,,,,,,,,,,,,,,,,,,,,19.0,19.1,7.3,4.7,22.7,25.1,29.8,32.3,32.0,44.8,44.8,46.4
2025-05-01 12:00:00,,,,,,,,,,,,,,,,,,,,18.9,19.1,7.3,4.7,22.6,25.1,29.7,32.3,31.8,44.6,44.7,46.3
2025-05-01 13:00:00,,,,,,,,,,,,,,,,,,,,18.9,19.1,7.3,4.7,22.6,25.0,29.6,32.2,31.7,44.6,44.6,46.3
2025-05-01 14:00:00,,,,,,,,,,,,,,,,,,,,18.9,19.0,7.3,4.6,22.5,24.9,29.5,32.1,31.7,44.6,44.6,46.3
2025-05-01 15:00:00,,,,,,,,,,,,,,,,,,,,18.9,19.0,7.3,4.6,22.5,24.9,29.4,32.0,31.5,44.5,44.6,46.3
2025-05-01 16:00:00,,,,,,,,,,,,,,,,,,,,18.9,19.0,7.3,4.6,22.4,24.8,29.3,31.9,31.4,44.3,44.5,46.2
2025-05-01 17:00:00,,,,,,,,,,,,,,,,,,,,18.9,19.0,7.3,4.6,22.4,24.8,29.2,31.9,31.3,44.3,44.5,46.2
2025-05-01 18:00:00,,,,,,,,,,,,,,,,,,,,18.9,19.1,7.3,4.7,22.3,24.7,29.2,31.8,31.3,44.3,44.5,46.2
2025-05-01 19:00:00,,,,,,,,,,,,,,,,,,,,18.9,19.0,7.3,4.6,22.3,24.7,29.1,31.8,31.3,44.3,44.5,46.2
2025-05-01 20:00:00,,,,,,,,,,,,,,,,,,,,18.9,19.0,7.3,4.6,22.3,24.6,29.1,31.8,31.3,44.3,44.5,46.2
2025-05-01 21:00:00,,,,,,,,,,,,,,,,,,,,18.9,19.0,7.3,4.6,22.3,24.6,29.1,31.7,31.3,44.3,44.5,46.2
2025-05-01 22:00:00,,,,,,,,,,,,,,,,,,,,18.9,19.1,7.3,4.6,22.2,24.6,29.0,31.7,31.3,44.4,44.5,46.2
2025-05-01 23:00:00,,,,,,,,,,,,,,,,,,,,18.9,19.0,7.3,4.6,22.2,24.5,29.0,31.7,31.3,44.4,44.5,46.2
2025-05-02 01:00:00,,,,,,,,,,,,,,,,,,,,18.8,19.0,7.3,4.6,22.2,24.5,28.9,31.7,31.3,44.4,44.5,46.2
2025-05-02 02:00:00,,,,,,,,,,,,,,,,,,,,18.8,19.0,7.3,4.7,22.1,24.5,28.9,31.7,31.3,44.4,44.5,46.2
2025-05-02 03:00:00,,,,,,,,,,,,,,,,,,,,18.8,19.0,7.3,4.6,22.1,24.4,28.9,31.7,31.3,44.5,44.5,46.2
2025-05-02 04:00:00,,,,,,,,,,,,,,,,,,,,18.8,19.0,7.3,4.6,22.1,24.4,28.9,31.7,31.3,44.5,44.6,46.2
2025-05-02 05:00:00,,,,,,,,,,,,,,,,,,,,18.8,19.0,7.3,4.6,22.1,24.4,28.9,31.7,31.3,44.5,44.6,46.2
2025-05-02 06:00:00,,,,,,,,,,,,,,,,,,,,18.8,19.0,7.3,4.6,22.1,24.4,28.8,31.7,31.4,44.5,44.6,46.2
2025-05-02 07:00:00,,,,,,,,,,,,,,,,,,,,18.8,19.0,7.3,4.6,22.1,24.4,28.8,31.7,31.4,44.5,44.6,46.2
2025-05-02 08:00:00,,,,,,,,,,,,,,,,,,,,18.8,19.0,7.3,4.7,22.0,24.3,28.8,31.6,31.3,44.3,44.5,46.2
2025-05-02 09:00:00,,,,,,,,,,,,,,,,,,,,18.8,19.0,7.3,4.6,22.0,24.2,28.7,31.5,31.0,44.0,44.3,46.1
2025-05-02 10:00:00,,,,,,,,,,,,,,,,,,,,18.8,19.0,7.3,4.6,21.9,24.2,28.6,31.4,30.8,43.7,44.2,46.1
2025-05-02 11:00:00,,,,,,,,,,,,,,,,,,,,18.8,19.0,7.3,4.6,21.8,24.1,28.4,31.3,30.6,43.4,44.1,46.0
2025-05-02 12:00:00,,,,,,,,,,,,,,,,,,,,18.8,18.9,7.3,4.6,21.8,24.0,28.3,31.2,30.3,43.0,43.9,46.0
2025-05-02 13:00:00,,,,,,,,,,,,,,,,,,,,18.8,19.0,7.3,4.6,21.7,24.0,28.2,31.1,30.2,42.8,43.8,46.0
2025-05-02 14:00:00,,,,,,,,,,,,,,,,,,,,18.8,19.0,7.3,4.6,21.7,23.9,28.1,31.0,30.2,42.9,43.8,46.0
2025-05-02 15:00:00,,,,,,,,,,,,,,,,,,,,18.9,19.0,7.2,4.6,21.7,23.9,28.1,31.0,30.2,42.9,43.9,46.0
2025-05-02 16:00:00,,,,,,,,,,,,,,,,,,,,19.3,19.0,7.2,4.6,21.7,23.8,28.1,30.9,30.2,43.0,43.9,46.0
2025-05-02 17:00:00,,,,,,,,,,,,,,,,,,,,19.4,18.9,7.2,4.6,21.6,23.8,28.0,30.9,30.2,43.0,43.9,46.0
2025-05-02 18:00:00,,,,,,,,,,,,,,,,,,,,19.5,18.9,7.2,4.6,21.6,23.8,28.0,30.9,30.2,43.0,43.9,46.0
2025-05-02 19:00:00,,,,,,,,,,,,,,,,,,,,19.5,18.9,7.3,4.6,21.6,23.8,28.0,30.9,30.2,43.0,43.9,46.0
2025-05-02 20:00:00,,,,,,,,,,,,,,,,,,,,19.5,19.0,7.2,4.6,21.6,23.7,28.0,30.9,30.2,43.1,43.9,46.0
2025-05-02 21:00:00,,,,,,,,,,,,,,,,,,,,19.6,19.0,7.2,4.6,21.6,23.7,28.0,30.9,30.3,43.1,43.9,46.0
2025-05-02 22:00:00,,,,,,,,,,,,,,,,,,,,19.5,19.0,7.2,4.6,21.5,23.7,27.9,30.9,30.3,43.1,44.0,46.0
2025-05-02 23:00:00,,,,,,,,,,,,,,,,,,,,19.6,19.0,7.2,4.6,21.5,23.7,27.9,30.9,30.3,43.1,44.0,46.0
2025-05-03 01:00:00,,,,,,,,,,,,,,,,,,,,19.6,19.0,7.2,4.6,21.5,23.6,27.9,30.9,30.3,43.1,44.0,46.0
2025-05-03 02:00:00,,,,,,,,,,,,,,,,,,,,19.6,19.0,7.3,4.6,21.5,23.6,27.8,30.8,30.3,43.2,44.0,46.0
2025-05-03 03:00:00,,,,,,,,,,,,,,,,,,,,19.7,19.0,7.2,4.6,21.5,23.6,27.8,30.8,30.3,43.2,44.0,46.0
2025-05-03 04:00:00,,,,,,,,,,,,,,,,,,,,19.6,19.0,7.2,4.6,21.5,23.6,27.8,30.8,30.3,43.2,44.0,46.0
2025-05-03 05:00:00,,,,,,,,,,,,,,,,,,,,19.7,19.0,7.2,4.6,21.4,23.5,27.8,30.8,30.3,43.2,44.0,46.0
2025-05-03 06:00:00,,,,,,,,,,,,,,,,,,,,19.7,19.0,7.3,4.6,21.4,23.5,27.8,30.8,30.3,43.2,44.0,46.0
2025-05-03 07:00:00,,,,,,,,,,,,,,,,,,,,19.7,19.1,7.2,4.6,21.4,23.5,27.8,30.8,30.3,43.2,44.0,46.0
2025-05-03 08:00:00,,,,,,,,,,,,,,,,,,,,19.7,19.0,7.2,4.6,21.4,23.5,27.8,30.8,30.3,43.1,44.0,46.0
2025-05-03 09:00:00,,,,,,,,,,,,,,,,,,,,19.7,19.0,7.2,4.6,21.3,23.4,27.7,30.7,30.1,42.9,43.9,46.0
2025-05-03 10:00:00,,,,,,,,,,,,,,,,,,,,19.7,19.0,7.2,4.6,21.3,23.4,27.6,30.6,29.9,42.6,43.7,45.9
2025-05-03 11:00:00,,,,,,,,,,,,,,,,,,,,19.7,19.0,7.2,4.6,21.3,23.3,27.5,30.5,29.8,42.6,43.7,45.9
2025-05-03 12:00:00,,,,,,,,,,,,,,,,,,,,19.7,19.0,7.2,4.6,21.2,23.3,27.5,30.5,29.7,42.5,43.6,45.9
2025-05-03 13:00:00,,,,,,,,,,,,,,,,,,,,19.8,19.0,7.2,4.6,21.2,23.2,27.4,30.5,29.7,42.6,43.6,45.9
2025-05-03 14:00:00,,,,,,,,,,,,,,,,,,,,19.7,19.1,7.2,4.6,21.2,23.2,27.4,30.4,29.7,42.6,43.6,45.9
2025-05-03 15:00:00,,,,,,,,,,,,,,,,,,,,19.7,19.0,7.2,4.6,21.2,23.2,27.4,30.4,29.7,42.6,43.7,45.9
2025-05-03 16:00:00,,,,,,,,,,,,,,,,,,,,19.7,19.0,7.3,4.6,21.2,23.2,27.3,30.4,29.7,42.6,43.7,45.8
2025-05-03 17:00:00,,,,,,,,,,,,,,,,,,,,19.8,19.0,7.3,4.6,21.1,23.1,27.3,30.3,29.7,42.7,43.7,45.9
2025-05-03 18:00:00,,,,,,,,,,,,,,,,,,,,19.8,19.1,7.3,4.6,21.1,23.1,27.3,30.3,29.7,42.7,43.7,45.9
2025-05-03 19:00:00,,,,,,,,,,,,,,,,,,,,19.7,19.1,7.3,4.6,21.1,23.1,27.2,30.3,29.8,42.7,43.7,45.9
2025-05-03 20:00:00,,,,,,,,,,,,,,,,,,,,19.7,19.1,7.2,4.6,21.1,23.1,27.2,30.3,29.8,42.7,43.7,45.9
2025-05-03 21:00:00,,,,,,,,,,,,,,,,,,,,19.8,19.0,7.2,4.6,21.1,23.1,27.2,30.3,29.8,42.7,43.7,45.9
2025-05-03 22:00:00,,,,,,,,,,,,,,,,,,,,19.8,19.0,7.2,4.6,21.1,23.0,27.2,30.3,29.8,42.8,43.7,45.9
2025-05-03 23:00:00,,,,,,,,,,,,,,,,,,,,19.8,19.1,7.3,4.6,21.1,23.0,27.2,30.3,29.8,42.8,43.8,45.9
2025-05-04 01:00:00,,,,,,,,,,,,,,,,,,,,19.8,19.1,7.2,4.6,21.0,23.0,27.2,30.3,29.8,42.8,43.8,45.9
2025-05-04 02:00:00,,,,,,,,,,,,,,,,,,,,19.8,19.1,7.3,4.6,21.0,23.0,27.2,30.3,29.8,42.8,43.8,45.9
2025-05-04 03:00:00,,,,,,,,,,,,,,,,,,,,19.8,19.1,7.2,4.6,21.0,22.9,27.2,30.3,29.8,42.8,43.8,45.9
2025-05-04 04:00:00,,,,,,,,,,,,,,,,,,,,19.8,19.0,7.3,4.6,21.0,22.9,27.2,30.3,29.8,42.8,43.8,45.9
2025-05-04 05:00:00,,,,,,,,,,,,,,,,,,,,19.7,19.1,7.2,4.6,21.0,22.9,27.2,30.3,29.8,42.9,43.8,45.9
2025-05-04 06:00:00,,,,,,,,,,,,,,,,,,,,19.7,19.1,7.2,4.6,21.0,22.9,27.2,30.3,29.8,42.9,43.8,45.9
2025-05-04 07:00:00,,,,,,,,,,,,,,,,,,,,19.8,19.1,7.3,4.6,21.0,22.9,27.2,30.3,29.9,42.9,43.8,45.9
2025-05-04 08:00:00,,,,,,,,,,,,,,,,,,,,19.8,19.1,7.3,4.6,21.0,22.9,27.2,30.3,29.8,42.9,43.8,45.9
2025-05-04 09:00:00,,,,,,,,,,,,,,,,,,,,19.8,19.1,7.2,4.6,20.9,22.9,27.1,30.2,29.8,42.7,43.8,45.9
2025-05-04 10:00:00,,,,,,,,,,,,,,,,,,,,19.7,19.1,7.3,4.6,20.9,22.8,27.1,30.1,29.6,42.5,43.6,45.8
2025-05-04 11:00:00,,,,,,,,,,,,,,,,,,,,19.7,19.0,7.2,4.6,20.9,22.8,26.9,30.0,29.3,42.1,43.4,45.8
2025-05-04 12:00:00,,,,,,,,,,,,,,,,,,,,19.7,19.0,7.3,4.6,20.8,22.7,26.8,29.9,29.2,41.8,43.3,45.7
2025-05-04 13:00:00,,,,,,,,,,,,,,,,,,,,19.6,19.0,7.2,4.6,20.8,22.6,26.7,29.8,28.9,41.5,43.1,45.7
2025-05-04 14:00:00,,,,,,,,,,,,,,,,,,,,19.6,19.0,7.2,4.6,20.8,22.6,26.6,29.7,28.7,41.1,42.9,45.6
2025-05-04 15:00:00,,,,,,,,,,,,,,,,,,,,19.6,19.0,7.2,4.6,20.7,22.5,26.6,29.6,28.6,40.9,42.8,45.6
2025-05-04 16:00:00,,,,,,,,,,,,,,,,,,,,19.6,19.0,7.2,4.6,20.7,22.5,26.5,29.6,28.6,41.0,42.8,45.6
2025-05-04 17:00:00,,,,,,,,,,,,,,,,,,,,19.6,19.0,7.2,4.6,20.7,22.5,26.5,29.6,28.6,41.0,42.8,45.6
2025-05-04 18:00:00,,,,,,,,,,,,,,,,,,,,19.6,19.0,7.2,4.6,20.7,22.5,26.5,29.5,28.6,41.1,42.8,45.6
2025-05-04 19:00:00,,,,,,,,,,,,,,,,,,,,19.6,19.0,7.2,4.6,20.6,22.5,26.4,29.5,28.6,41.1,42.8,45.6
2025-05-04 20:00:00,,,,,,,,,,,,,,,,,,,,19.5,19.0,7.2,4.6,20.6,22.4,26.4,29.5,28.6,41.1,42.8,45.6
2025-05-04 21:00:00,,,,,,,,,,,,,,,,,,,,19.6,19.0,7.2,4.6,20.6,22.4,26.4,29.5,28.6,41.1,42.8,45.6
2025-05-04 22:00:00,,,,,,,,,,,,,,,,,,,,19.6,19.0,7.3,4.6,20.6,22.4,26.4,29.5,28.6,41.1,42.8,45.6
2025-05-04 23:00:00,,,,,,,,,,,,,,,,,,,,19.5,19.0,7.3,4.6,20.6,22.4,26.4,29.5,28.6,41.2,42.9,45.6
2025-05-05 01:00:00,,,,,,,,,,,,,,,,,,,,19.6,19.0,7.3,4.6,20.6,22.3,26.3,29.4,28.7,41.2,42.9,45.6
2025-05-05 02:00:00,,,,,,,,,,,,,,,,,,,,19.5,19.0,7.2,4.6,20.6,22.3,26.3,29.4,28.7,41.2,42.9,45.6
2025-05-05 03:00:00,,,,,,,,,,,,,,,,,,,,19.5,19.0,7.2,4.6,20.6,22.3,26.3,29.4,28.7,41.2,42.9,45.6
2025-05-05 04:00:00,,,,,,,,,,,,,,,,,,,,19.5,19.0,7.2,4.6,20.6,22.3,26.3,29.4,28.7,41.2,42.9,45.6
2025-05-05 05:00:00,,,,,,,,,,,,,,,,,,,,19.5,19.0,7.2,4.6,20.5,22.3,26.3,29.4,28.7,41.2,42.9,45.6
2025-05-05 06:00:00,,,,,,,,,,,,,,,,,,,,19.5,19.0,7.2,4.6,20.5,22.3,26.3,29.4,28.7,41.3,42.9,45.6
2025-05-05 07:00:00,,,,,,,,,,,,,,,,,,,,19.5,19.0,7.2,4.6,20.5,22.3,26.3,29.4,28.7,41.3,42.9,45.6
2025-05-05 08:00:00,,,,,,,,,,,,,,,,,,,,19.5,19.0,7.2,4.6,20.5,22.3,26.3,29.4,28.6,41.2,42.9,45.6
2025-05-05 09:00:00,,,,,,,,,,,,,,,,,,,,19.5,19.0,7.2,4.6,20.5,22.2,26.2,29.3,28.4,40.9,42.8,45.5
2025-05-05 10:00:00,,,,,,,,,,,,,,,,,,,,19.5,18.9,7.2,4.6,20.4,22.2,26.1,29.2,28.2,40.5,42.5,45.5
2025-05-05 11:00:00,,,,,,,,,,,,,,,,,,,,19.4,18.9,7.2,4.6,20.4,22.1,26.0,29.1,28.0,40.1,42.2,45.4
2025-05-05 12:00:00,,,,,,,,,,,,,,,,,,,,19.4,18.9,7.2,4.6,20.3,22.1,25.9,29.0,27.8,39.9,42.1,45.4
2025-05-05 13:00:00,,,,,,,,,,,,,,,,,,,,19.4,18.9,7.2,4.6,20.3,22.0,25.8,29.0,27.7,39.8,41.9,45.3
2025-05-05 14:00:00,,,,,,,,,,,,,,,,,,,,19.3,19.0,7.2,4.6,20.3,22.0,25.8,28.9,27.6,39.6,41.8,45.3
2025-05-05 15:00:00,,,,,,,,,,,,,,,,,,,,19.3,18.9,7.2,4.6,20.3,21.9,25.7,28.8,27.4,39.3,41.6,45.2
2025-05-05 16:00:00,,,,,,,,,,,,,,,,,,,,19.3,18.9,7.2,4.6,20.3,21.9,25.6,28.7,27.2,39.0,41.4,45.1
2025-05-05 17:00:00,,,,,,,,,,,,,,,,,,,,19.3,19.0,7.2,4.6,20.2,21.9,25.6,28.6,27.1,38.9,41.3,45.1
2025-05-05 18:00:00,,,,,,,,,,,,,,,,,,,,19.3,19.0,7.2,4.6,20.2,21.8,25.5,28.5,27.0,38.8,41.2,45.1
2025-05-05 19:00:00,,,,,,,,,,,,,,,,,,,,19.3,19.0,7.2,4.6,20.2,21.8,25.4,28.5,27.0,38.9,41.2,45.1
2025-05-05 20:00:00,,,,,,,,,,,,,,,,,,,,19.2,18.9,7.2,4.6,20.2,21.8,25.4,28.5,27.0,38.9,41.2,45.1
2025-05-05 21:00:00,,,,,,,,,,,,,,,,,,,,19.3,18.9,7.2,4.6,20.2,21.8,25.4,28.4,27.0,38.9,41.2,45.1
2025-05-05 22:00:00,,,,,,,,,,,,,,,,,,,,19.3,18.9,7.2,4.6,20.2,21.8,25.4,28.4,27.0,39.0,41.2,45.1
2025-05-05 23:00:00,,,,,,,,,,,,,,,,,,,,19.2,18.9,7.2,4.6,20.2,21.7,25.4,28.4,27.0,39.0,41.2,45.1
2025-05-06 01:00:00,,,,,,,,,,,,,,,,,,,,19.2,18.9,7.2,4.6,20.2,21.7,25.3,28.4,27.0,39.0,41.3,45.1
2025-05-06 02:00:00,,,,,,,,,,,,,,,,,,,,19.3,18.9,7.2,4.6,20.1,21.7,25.3,28.4,27.0,39.0,41.3,45.1
2025-05-06 03:00:00,,,,,,,,,,,,,,,,,,,,19.2,18.9,7.2,4.6,20.1,21.7,25.3,28.3,27.0,39.1,41.3,45.1
2025-05-06 04:00:00,,,,,,,,,,,,,,,,,,,,19.3,18.9,7.2,4.6,20.1,21.7,25.3,28.3,27.0,39.1,41.3,45.1
2025-05-06 05:00:00,,,,,,,,,,,,,,,,,,,,19.2,18.9,7.2,4.6,20.1,21.7,25.2,28.3,27.1,39.1,41.3,45.1
2025-05-06 06:00:00,,,,,,,,,,,,,,,,,,,,19.2,18.9,7.2,4.6,20.1,21.6,25.2,28.3,27.1,39.1,41.3,45.1
2025-05-06 07:00:00,,,,,,,,,,,,,,,,,,,,19.2,18.9,7.2,4.6,20.1,21.6,25.2,28.3,27.1,39.1,41.3,45.1
2025-05-06 08:00:00,,,,,,,,,,,,,,,,,,,,19.2,18.9,7.2,4.6,20.1,21.6,25.2,28.3,27.0,39.0,41.3,45.1
2025-05-06 09:00:00,,,,,,,,,,,,,,,,,,,,19.2,18.9,7.2,4.6,20.1,21.5,25.1,28.1,26.8,38.7,41.1,45.0
2025-05-06 10:00:00,,,,,,,,,,,,,,,,,,,,19.2,18.9,7.2,4.6,20.0,21.5,25.0,28.0,26.5,38.3,40.8,44.9
2025-05-06 11:00:00,,,,,,,,,,,,,,,,,,,,19.1,18.8,7.2,4.6,20.0,21.4,24.9,27.9,26.3,37.8,40.5,44.8
2025-05-06 12:00:00,,,,,,,,,,,,,,,,,,,,19.1,18.9,7.2,4.6,20.0,21.4,24.8,27.8,26.1,37.5,40.3,44.7
2025-05-06 13:00:00,,,,,,,,,,,,,,,,,,,,19.1,18.9,7.2,4.6,19.9,21.3,24.7,27.7,25.9,37.2,40.0,44.5
2025-05-06 14:00:00,,,,,,,,,,,,,,,,,,,,19.0,18.8,7.2,4.6,19.9,21.3,24.7,27.6,25.7,36.8,39.7,44.4
2025-05-06 15:00:00,,,,,,,,,,,,,,,,,,,,19.0,18.9,7.2,4.6,19.9,21.2,24.6,27.5,25.5,36.7,39.5,44.3
2025-05-06 16:00:00,,,,,,,,,,,,,,,,,,,,19.0,18.8,7.2,4.6,19.9,21.2,24.5,27.4,25.5,36.6,39.4,44.2
2025-05-06 17:00:00,,,,,,,,,,,,,,,,,,,,19.1,18.8,7.3,4.6,19.9,21.2,24.5,27.4,25.4,36.7,39.4,44.2
2025-05-06 18:00:00,,,,,,,,,,,,,,,,,,,,19.2,18.8,7.2,4.6,19.8,21.1,24.4,27.4,25.5,36.7,39.5,44.2
2025-05-06 19:00:00,,,,,,,,,,,,,,,,,,,,19.4,18.8,7.2,4.6,19.8,21.1,24.4,27.3,25.5,36.8,39.5,44.2
2025-05-06 20:00:00,,,,,,,,,,,,,,,,,,,,35.7,20.3,7.2,4.6,19.8,21.1,24.4,27.3,25.4,36.8,39.5,44.2
2025-05-06 21:00:00,,,,,,,,,,,,,,,,,,,,40.4,26.7,7.3,4.6,19.8,21.1,24.4,27.2,25.4,36.8,39.5,44.2
2025-05-06 22:00:00,,,,,,,,,,,,,,,,,,,,39.1,28.1,7.3,4.6,19.7,21.0,24.4,27.2,25.5,36.8,39.6,44.2
2025-05-06 23:00:00,,,,,,,,,,,,,,,,,,,,38.2,28.2,7.3,4.6,19.7,21.0,24.4,27.2,25.5,36.9,39.6,44.2
2025-05-07 01:00:00,,,,,,,,,,,,,,,,,,,,37.1,28.0,7.4,4.6,19.7,21.0,24.4,27.2,25.5,36.9,39.6,44.2
2025-05-07 02:00:00,,,,,,,,,,,,,,,,,,,,36.6,27.9,7.4,4.6,19.7,21.0,24.4,27.2,25.5,36.9,39.6,44.2
2025-05-07 03:00:00,,,,,,,,,,,,,,,,,,,,36.3,27.9,7.4,4.6,19.7,21.0,24.4,27.2,25.5,36.9,39.6,44.2
2025-05-07 04:00:00,,,,,,,,,,,,,,,,,,,,36.0,27.8,7.4,4.6,19.7,21.0,24.4,27.2,25.5,36.9,39.6,44.2
2025-05-07 05:00:00,,,,,,,,,,,,,,,,,,,,35.9,27.8,7.4,4.6,19.7,21.0,24.3,27.2,25.5,37.0,39.6,44.2
2025-05-07 06:00:00,,,,,,,,,,,,,,,,,,,,35.6,27.7,7.4,4.6,19.7,21.0,24.4,27.1,25.5,37.0,39.6,44.2
2025-05-07 07:00:00,,,,,,,,,,,,,,,,,,,,35.4,27.6,7.4,4.6,19.7,21.0,24.4,27.1,25.5,37.0,39.7,44.2
2025-05-07 08:00:00,,,,,,,,,,,,,,,,,,,,35.3,27.5,7.4,4.6,19.7,21.0,24.4,27.1,25.5,37.0,39.7,44.2
2025-05-07 09:00:00,,,,,,,,,,,,,,,,,,,,34.9,27.4,7.4,4.6,19.7,20.9,24.3,27.1,25.4,36.9,39.6,44.2
2025-05-07 10:00:00,,,,,,,,,,,,,,,,,,,,34.7,27.2,7.4,4.6,19.7,20.9,24.3,27.1,25.4,36.8,39.6,44.2
2025-05-07 11:00:00,,,,,,,,,,,,,,,,,,,,34.4,27.1,7.4,4.6,19.7,20.9,24.3,27.1,25.4,36.8,39.6,44.1
2025-05-07 12:00:00,,,,,,,,,,,,,,,,,,,,34.2,26.9,7.5,4.6,19.7,20.9,24.3,27.0,25.3,36.8,39.6,44.1
2025-05-07 13:00:00,,,,,,,,,,,,,,,,,,,,34.1,26.9,7.5,4.6,19.7,20.9,24.3,27.0,25.3,36.8,39.6,44.1
2025-05-07 14:00:00,,,,,,,,,,,,,,,,,,,,33.9,26.8,7.5,4.6,19.7,20.9,24.2,27.0,25.3,36.8,39.6,44.1
2025-05-07 15:00:00,,,,,,,,,,,,,,,,,,,,33.8,26.7,7.5,4.6,19.7,20.9,24.2,27.0,25.4,36.9,39.6,44.1
2025-05-07 16:00:00,,,,,,,,,,,,,,,,,,,,33.7,26.7,7.5,4.6,19.7,20.9,24.2,27.0,25.4,36.9,39.6,44.1
2025-05-07 17:00:00,,,,,,,,,,,,,,,,,,,,33.6,26.7,7.5,4.6,19.7,20.9,24.2,26.9,25.4,36.9,39.6,44.1
2025-05-07 18:00:00,,,,,,,,,,,,,,,,,,,,33.5,26.7,7.5,4.6,19.7,20.9,24.2,26.9,25.4,36.9,39.6,44.1
2025-05-07 19:00:00,,,,,,,,,,,,,,,,,,,,33.4,26.6,7.5,4.6,19.7,20.9,24.2,26.9,25.4,36.9,39.6,44.1
2025-05-07 20:00:00,,,,,,,,,,,,,,,,,,,,33.3,26.5,7.5,4.6,19.7,20.9,24.2,26.9,25.4,36.9,39.6,44.1
2025-05-07 21:00:00,,,,,,,,,,,,,,,,,,,,33.2,26.4,7.5,4.6,19.7,20.9,24.2,26.9,25.4,36.9,39.6,44.1
2025-05-07 22:00:00,,,,,,,,,,,,,,,,,,,,33.1,26.5,7.5,4.6,19.7,20.9,24.2,26.9,25.4,36.9,39.6,44.1
2025-05-07 23:00:00,,,,,,,,,,,,,,,,,,,,33.0,26.4,7.5,4.6,19.7,20.9,24.2,26.9,25.4,36.9,39.6,44.1
2025-05-08 01:00:00,,,,,,,,,,,,,,,,,,,,32.9,26.3,7.5,4.6,19.7,20.9,24.2,26.9,25.4,36.9,39.7,44.2
2025-05-08 02:00:00,,,,,,,,,,,,,,,,,,,,32.8,26.3,7.5,4.6,19.7,20.9,24.2,26.9,25.4,36.9,39.7,44.2
2025-05-08 03:00:00,,,,,,,,,,,,,,,,,,,,32.7,26.2,7.5,4.6,19.7,20.9,24.2,26.9,25.5,37.0,39.7,44.2
2025-05-08 04:00:00,,,,,,,,,,,,,,,,,,,,32.6,26.2,7.5,4.6,19.7,20.9,24.2,26.9,25.5,36.9,39.7,44.2
2025-05-08 05:00:00,,,,,,,,,,,,,,,,,,,,32.5,26.2,7.5,4.6,19.7,20.9,24.2,26.9,25.5,37.0,39.6,44.2
2025-05-08 06:00:00,,,,,,,,,,,,,,,,,,,,32.4,26.1,7.5,4.6,19.7,20.9,24.2,26.9,25.5,36.9,39.7,44.2
2025-05-08 07:00:00,,,,,,,,,,,,,,,,,,,,32.4,26.1,7.5,4.6,19.7,20.8,24.2,26.9,25.5,37.0,39.6,44.2
2025-05-08 08:00:00,,,,,,,,,,,,,,,,,,,,32.3,26.0,7.5,4.6,19.7,20.8,24.2,26.9,25.5,36.9,39.6,44.2
2025-05-08 09:00:00,,,,,,,,,,,,,,,,,,,,32.1,25.8,7.5,4.6,19.7,20.8,24.2,26.9,25.4,36.8,39.6,44.1
2025-05-08 10:00:00,,,,,,,,,,,,,,,,,,,,31.8,25.5,7.5,4.6,19.7,20.8,24.1,26.8,25.3,36.7,39.5,44.1
2025-05-08 11:00:00,,,,,,,,,,,,,,,,,,,,31.4,25.3,7.5,4.6,19.7,20.8,24.1,26.8,25.2,36.5,39.3,44.0
2025-05-08 12:00:00,,,,,,,,,,,,,,,,,,,,31.0,24.9,7.5,4.6,19.6,20.8,24.0,26.7,25.1,36.4,39.2,44.0
2025-05-08 13:00:00,,,,,,,,,,,,,,,,,,,,30.6,24.7,7.5,4.6,19.6,20.7,24.0,26.6,24.9,36.2,39.1,43.9
2025-05-08 14:00:00,,,,,,,,,,,,,,,,,,,,30.2,24.4,7.4,4.6,19.6,20.7,23.9,26.6,24.8,36.1,38.9,43.8
2025-05-08 15:00:00,,,,,,,,,,,,,,,,,,,,29.9,24.2,7.5,4.6,19.6,20.7,23.9,26.5,24.7,35.9,38.8,43.7
2025-05-08 16:00:00,,,,,,,,,,,,,,,,,,,,29.8,24.0,7.5,4.6,19.6,20.7,23.8,26.4,24.7,35.9,38.7,43.7
2025-05-08 17:00:00,,,,,,,,,,,,,,,,,,,,29.6,23.9,7.5,4.6,19.6,20.6,23.8,26.4,24.6,35.9,38.7,43.6
2025-05-08 18:00:00,,,,,,,,,,,,,,,,,,,,29.5,23.9,7.5,4.6,19.6,20.6,23.8,26.4,24.6,35.9,38.7,43.6
2025-05-08 19:00:00,,,,,,,,,,,,,,,,,,,,29.5,23.8,7.5,4.6,19.6,20.6,23.8,26.4,24.6,36.0,38.7,43.6
2025-05-08 20:00:00,,,,,,,,,,,,,,,,,,,,29.4,23.8,7.5,4.6,19.6,20.6,23.8,26.4,24.7,36.0,38.8,43.7
2025-05-08 21:00:00,,,,,,,,,,,,,,,,,,,,29.3,23.8,7.5,4.6,19.6,20.6,23.8,26.3,24.7,36.0,38.7,43.7
2025-05-08 22:00:00,,,,,,,,,,,,,,,,,,,,29.2,23.7,7.5,4.6,19.6,20.6,23.8,26.3,24.7,36.1,38.8,43.7
2025-05-08 23:00:00,,,,,,,,,,,,,,,,,,,,29.1,23.7,7.5,4.6,19.6,20.6,23.8,26.3,24.7,36.1,38.8,43.7
2025-05-09 01:00:00,,,,,,,,,,,,,,,,,,,,29.0,23.6,7.5,4.6,19.6,20.6,23.8,26.3,24.7,36.1,38.8,43.7
2025-05-09 02:00:00,,,,,,,,,,,,,,,,,,,,28.9,23.5,7.5,4.6,19.6,20.6,23.8,26.3,24.7,36.2,38.8,43.7
2025-05-09 03:00:00,,,,,,,,,,,,,,,,,,,,28.8,23.6,7.5,4.6,19.6,20.6,23.8,26.3,24.7,36.2,38.8,43.7
2025-05-09 04:00:00,,,,,,,,,,,,,,,,,,,,28.8,23.5,7.5,4.6,19.6,20.6,23.8,26.3,24.8,36.2,38.8,43.7
2025-05-09 05:00:00,,,,,,,,,,,,,,,,,,,,28.7,23.4,7.5,4.6,19.6,20.6,23.8,26.3,24.8,36.2,38.8,43.7
2025-05-09 06:00:00,,,,,,,,,,,,,,,,,,,,28.6,23.4,7.5,4.6,19.6,20.6,23.8,26.3,24.8,36.2,38.9,43.7
2025-05-09 07:00:00,,,,,,,,,,,,,,,,,,,,28.6,23.4,7.5,4.6,19.6,20.6,23.8,26.3,24.8,36.2,38.9,43.6
2025-05-09 08:00:00,,,,,,,,,,,,,,,,,,,,28.5,23.3,7.5,4.6,19.6,20.6,23.8,26.3,24.8,36.2,38.9,43.6
2025-05-09 09:00:00,,,,,,,,,,,,,,,,,,,,28.3,23.2,7.5,4.6,19.6,20.5,23.7,26.3,24.7,36.1,38.8,43.6
2025-05-09 10:00:00,,,,,,,,,,,,,,,,,,,,28.0,23.0,7.5,4.6,19.6,20.5,23.7,26.2,24.6,35.9,38.7,43.5
2025-05-09 11:00:00,,,,,,,,,,,,,,,,,,,,27.6,22.8,7.5,4.6,19.6,20.5,23.6,26.1,24.5,35.8,38.6,43.5
2025-05-09 12:00:00,,,,,,,,,,,,,,,,,,,,27.4,22.6,7.5,4.6,19.5,20.5,23.6,26.1,24.4,35.7,38.5,43.4
2025-05-09 13:00:00,,,,,,,,,,,,,,,,,,,,27.2,22.5,7.4,4.6,19.5,20.5,23.6,26.0,24.3,35.7,38.4,43.3
2025-05-09 14:00:00,,,,,,,,,,,,,,,,,,,,27.0,22.4,7.4,4.6,19.5,20.5,23.6,26.0,24.3,35.6,38.3,43.3
2025-05-09 15:00:00,,,,,,,,,,,,,,,,,,,,26.9,22.3,7.5,4.6,19.5,20.4,23.5,26.0,24.3,35.6,38.3,43.2
2025-05-09 16:00:00,,,,,,,,,,,,,,,,,,,,26.7,22.2,7.5,4.6,19.5,20.4,23.5,26.0,24.3,35.6,38.3,43.2
2025-05-09 17:00:00,,,,,,,,,,,,,,,,,,,,26.7,22.2,7.5,4.6,19.5,20.4,23.5,25.9,24.3,35.6,38.3,43.2
2025-05-09 18:00:00,,,,,,,,,,,,,,,,,,,,26.6,22.2,7.5,4.6,19.5,20.4,23.5,25.9,24.3,35.7,38.3,43.2
2025-05-09 19:00:00,,,,,,,,,,,,,,,,,,,,26.6,22.2,7.5,4.6,19.5,20.4,23.5,25.9,24.3,35.7,38.3,43.2
2025-05-09 20:00:00,,,,,,,,,,,,,,,,,,,,26.6,22.1,7.5,4.6,19.5,20.4,23.5,25.9,24.3,35.7,38.3,43.2
2025-05-09 21:00:00,,,,,,,,,,,,,,,,,,,,26.5,22.1,7.5,4.6,19.5,20.4,23.5,25.9,24.3,35.7,38.3,43.2
2025-05-09 22:00:00,,,,,,,,,,,,,,,,,,,,26.4,22.1,7.5,4.6,19.5,20.4,23.5,25.9,24.3,35.8,38.4,43.2
2025-05-09 23:00:00,,,,,,,,,,,,,,,,,,,,26.3,22.0,7.5,4.6,19.5,20.4,23.5,25.9,24.3,35.8,38.4,43.2
2025-05-10 01:00:00,,,,,,,,,,,,,,,,,,,,26.2,22.0,7.5,4.6,19.6,20.4,23.5,25.8,24.3,35.8,38.4,43.2
2025-05-10 02:00:00,,,,,,,,,,,,,,,,,,,,26.2,22.0,7.5,4.6,19.5,20.4,23.5,25.8,24.3,35.8,38.4,43.2
2025-05-10 03:00:00,,,,,,,,,,,,,,,,,,,,26.1,21.9,7.5,4.6,19.6,20.4,23.5,25.9,24.3,35.8,38.4,43.2
2025-05-10 04:00:00,,,,,,,,,,,,,,,,,,,,26.1,21.9,7.5,4.6,19.6,20.4,23.5,25.8,24.3,35.8,38.4,43.2
2025-05-10 05:00:00,,,,,,,,,,,,,,,,,,,,26.0,21.9,7.5,4.6,19.6,20.4,23.5,25.8,24.3,35.8,38.4,43.2
2025-05-10 06:00:00,,,,,,,,,,,,,,,,,,,,26.0,21.9,7.5,4.6,19.6,20.4,23.5,25.8,24.3,35.9,38.5,43.2
2025-05-10 07:00:00,,,,,,,,,,,,,,,,,,,,25.9,21.9,7.5,4.6,19.6,20.4,23.5,25.8,24.3,35.9,38.5,43.2
2025-05-10 08:00:00,,,,,,,,,,,,,,,,,,,,25.8,21.8,7.5,4.6,19.6,20.4,23.4,25.8,24.3,35.8,38.5,43.2
2025-05-10 09:00:00,,,,,,,,,,,,,,,,,,,,25.7,21.8,7.5,4.6,19.6,20.4,23.4,25.8,24.3,35.8,38.4,43.2
2025-05-10 10:00:00,,,,,,,,,,,,,,,,,,,,25.5,21.7,7.5,4.6,19.6,20.4,23.4,25.8,24.3,35.7,38.3,43.2
2025-05-10 11:00:00,,,,,,,,,,,,,,,,,,,,25.4,21.7,7.5,4.6,19.6,20.4,23.4,25.7,24.3,35.7,38.3,43.1
2025-05-10 12:00:00,,,,,,,,,,,,,,,,,,,,25.2,21.6,7.5,4.6,19.6,20.4,23.4,25.7,24.2,35.7,38.3,43.1
2025-05-10 13:00:00,,,,,,,,,,,,,,,,,,,,25.2,21.5,7.5,4.6,19.6,20.3,23.4,25.7,24.2,35.7,38.3,43.1
2025-05-10 14:00:00,,,,,,,,,,,,,,,,,,,,25.1,21.5,7.5,4.6,19.6,20.3,23.4,25.7,24.2,35.6,38.2,43.0
2025-05-10 15:00:00,,,,,,,,,,,,,,,,,,,,25.0,21.5,7.5,4.6,19.6,20.3,23.4,25.6,24.2,35.7,38.2,43.0
2025-05-10 16:00:00,,,,,,,,,,,,,,,,,,,,24.9,21.4,7.5,4.6,19.6,20.3,23.4,25.6,24.1,35.6,38.2,43.0
2025-05-10 17:00:00,,,,,,,,,,,,,,,,,,,,24.9,21.4,7.4,4.7,19.6,20.3,23.3,25.6,24.1,35.7,38.2,43.0
2025-05-10 18:00:00,,,,,,,,,,,,,,,,,,,,24.8,21.4,7.4,4.7,19.6,20.3,23.3,25.6,24.2,35.7,38.2,43.0
2025-05-10 19:00:00,,,,,,,,,,,,,,,,,,,,24.7,21.4,7.4,4.6,19.6,20.3,23.4,25.6,24.2,35.7,38.2,43.0
2025-05-10 20:00:00,,,,,,,,,,,,,,,,,,,,24.7,21.4,7.4,4.6,19.6,20.3,23.4,25.6,24.2,35.7,38.3,43.0
2025-05-10 21:00:00,,,,,,,,,,,,,,,,,,,,24.7,21.4,7.5,4.6,19.6,20.3,23.4,25.5,24.2,35.7,38.3,43.0
2025-05-10 22:00:00,,,,,,,,,,,,,,,,,,,,24.5,21.4,7.4,4.6,19.6,20.3,23.4,25.5,24.2,35.8,38.3,43.0
2025-05-10 23:00:00,,,,,,,,,,,,,,,,,,,,24.5,21.3,7.4,4.6,19.6,20.3,23.4,25.5,24.2,35.8,38.3,43.0
2025-05-11 01:00:00,,,,,,,,,,,,,,,,,,,,24.4,21.3,7.4,4.7,19.6,20.3,23.4,25.5,24.3,35.8,38.3,43.0
2025-05-11 02:00:00,,,,,,,,,,,,,,,,,,,,24.4,21.3,7.4,4.7,19.6,20.3,23.4,25.5,24.2,35.8,38.3,43.0
2025-05-11 03:00:00,,,,,,,,,,,,,,,,,,,,24.4,21.3,7.4,4.7,19.6,20.3,23.4,25.5,24.2,35.8,38.3,43.0
2025-05-11 04:00:00,,,,,,,,,,,,,,,,,,,,24.4,21.3,7.4,4.7,19.6,20.3,23.4,25.5,24.2,35.8,38.3,43.0
2025-05-11 05:00:00,,,,,,,,,,,,,,,,,,,,24.3,21.2,7.5,4.7,19.6,20.3,23.4,25.5,24.2,35.8,38.3,43.0
2025-05-11 06:00:00,,,,,,,,,,,,,,,,,,,,24.3,21.2,7.5,4.6,19.6,20.3,23.4,25.5,24.2,35.8,38.4,43.0
2025-05-11 07:00:00,,,,,,,,,,,,,,,,,,,,24.2,21.2,7.5,4.6,19.5,20.3,23.4,25.5,24.2,35.8,38.3,43.0
2025-05-11 08:00:00,,,,,,,,,,,,,,,,,,,,24.2,21.2,7.5,4.6,19.5,20.3,23.4,25.5,24.2,35.8,38.3,43.0
2025-05-11 09:00:00,,,,,,,,,,,,,,,,,,,,24.1,21.2,7.5,4.6,19.5,20.3,23.4,25.5,24.2,35.8,38.3,43.0
2025-05-11 10:00:00,,,,,,,,,,,,,,,,,,,,24.1,21.2,7.5,4.6,19.5,20.3,23.4,25.5,24.2,35.8,38.3,43.0
2025-05-11 11:00:00,,,,,,,,,,,,,,,,,,,,24.1,21.2,7.5,4.6,19.6,20.3,23.4,25.5,24.2,35.8,38.3,43.0
2025-05-11 12:00:00,,,,,,,,,,,,,,,,,,,,24.0,21.2,7.5,4.6,19.6,20.3,23.4,25.5,24.2,35.8,38.3,43.0
2025-05-11 13:00:00,,,,,,,,,,,,,,,,,,,,23.9,21.1,7.5,4.6,19.6,20.3,23.4,25.5,24.1,35.8,38.3,43.0
2025-05-11 14:00:00,,,,,,,,,,,,,,,,,,,,23.8,21.1,7.5,4.7,19.6,20.3,23.4,25.5,24.1,35.8,38.3,43.0
2025-05-11 15:00:00,,,,,,,,,,,,,,,,,,,,23.7,21.1,7.5,4.7,19.6,20.3,23.4,25.5,24.2,35.8,38.3,43.0
2025-05-11 16:00:00,,,,,,,,,,,,,,,,,,,,23.7,21.1,7.5,4.7,19.6,20.3,23.4,25.4,24.2,35.8,38.3,43.0
2025-05-11 17:00:00,,,,,,,,,,,,,,,,,,,,23.6,21.1,7.5,4.7,19.6,20.3,23.4,25.4,24.2,35.8,38.3,43.0
2025-05-11 18:00:00,,,,,,,,,,,,,,,,,,,,23.8,21.1,7.5,4.6,19.6,20.2,23.4,25.4,24.2,35.8,38.3,43.0
2025-05-11 19:00:00,,,,,,,,,,,,,,,,,,,,24.3,21.0,7.5,4.7,19.6,20.2,23.4,25.4,24.2,35.8,38.3,43.0
2025-05-11 20:00:00,,,,,,,,,,,,,,,,,,,,26.5,21.1,7.5,4.7,19.5,20.2,23.4,25.4,24.2,35.8,38.3,43.0
2025-05-11 21:00:00,,,,,,,,,,,,,,,,,,,,27.3,21.1,7.5,4.7,19.6,20.2,23.4,25.4,24.2,35.9,38.3,43.0
2025-05-11 22:00:00,,,,,,,,,,,,,,,,,,,,27.5,21.1,7.5,4.7,19.5,20.2,23.4,25.4,24.2,35.9,38.3,43.0
2025-05-11 23:00:00,,,,,,,,,,,,,,,,,,,,27.6,21.1,7.5,4.7,19.6,20.2,23.4,25.4,24.2,35.9,38.3,43.0
2025-05-12 01:00:00,,,,,,,,,,,,,,,,,,,,27.7,21.1,7.5,4.6,19.6,20.2,23.4,25.4,24.2,35.9,38.3,43.0
2025-05-12 02:00:00,,,,,,,,,,,,,,,,,,,,27.7,21.1,7.5,4.6,19.6,20.2,23.4,25.4,24.2,35.9,38.3,43.0
2025-05-12 03:00:00,,,,,,,,,,,,,,,,,,,,27.7,21.1,7.5,4.6,19.6,20.2,23.4,25.4,24.2,35.9,38.3,43.0
2025-05-12 04:00:00,,,,,,,,,,,,,,,,,,,,27.6,21.1,7.5,4.6,19.6,20.2,23.4,25.4,24.2,35.9,38.4,43.1
2025-05-12 05:00:00,,,,,,,,,,,,,,,,,,,,27.6,21.1,7.5,4.6,19.5,20.2,23.4,25.4,24.2,35.9,38.4,43.0
2025-05-12 06:00:00,,,,,,,,,,,,,,,,,,,,27.6,21.1,7.4,4.6,19.6,20.3,23.4,25.4,24.2,35.9,38.4,43.1
2025-05-12 07:00:00,,,,,,,,,,,,,,,,,,,,27.5,21.1,7.4,4.6,19.6,20.3,23.4,25.4,24.2,36.0,38.4,43.1
2025-05-12 08:00:00,,,,,,,,,,,,,,,,,,,,27.5,21.1,7.4,4.6,19.6,20.3,23.4,25.4,24.2,36.0,38.4,43.1
2025-05-12 09:00:00,,,,,,,,,,,,,,,,,,,,27.5,21.1,7.5,4.6,19.6,20.3,23.4,25.4,24.2,35.9,38.4,43.0
2025-05-12 10:00:00,,,,,,,,,,,,,,,,,,,,27.4,21.1,7.5,4.6,19.6,20.3,23.4,25.4,24.2,35.9,38.4,43.0
2025-05-12 11:00:00,,,,,,,,,,,,,,,,,,,,27.4,21.1,7.5,4.6,19.6,20.3,23.4,25.4,24.2,35.9,38.4,43.0
2025-05-12 12:00:00,,,,,,,,,,,,,,,,,,,,27.4,21.1,7.5,4.6,19.6,20.2,23.4,25.4,24.2,35.8,38.3,43.0
2025-05-12 13:00:00,,,,,,,,,,,,,,,,,,,,27.3,21.0,7.4,4.6,19.6,20.2,23.4,25.4,24.2,35.8,38.3,43.0
2025-05-12 14:00:00,,,,,,,,,,,,,,,,,,,,27.1,21.0,7.4,4.6,19.6,20.2,23.4,25.4,24.1,35.7,38.3,42.9
2025-05-12 15:00:00,,,,,,,,,,,,,,,,,,,,27.1,21.0,7.4,4.6,19.6,20.2,23.4,25.3,24.1,35.7,38.2,42.9
2025-05-12 16:00:00,,,,,,,,,,,,,,,,,,,,27.1,21.0,7.4,4.6,19.6,20.2,23.4,25.3,24.1,35.7,38.2,42.8
2025-05-12 17:00:00,,,,,,,,,,,,,,,,,,,,27.0,21.0,7.4,4.6,19.6,20.2,23.4,25.3,24.1,35.7,38.2,42.8
2025-05-12 18:00:00,,,,,,,,,,,,,,,,,,,,26.9,21.0,7.4,4.6,19.6,20.2,23.4,25.3,24.1,35.7,38.2,42.8
2025-05-12 19:00:00,,,,,,,,,,,,,,,,,,,,26.9,21.0,7.4,4.6,19.6,20.2,23.4,25.3,24.1,35.7,38.2,42.8
2025-05-12 20:00:00,,,,,,,,,,,,,,,,,,,,26.8,21.0,7.4,4.6,19.6,20.2,23.4,25.3,24.1,35.7,38.3,42.8
2025-05-12 21:00:00,,,,,,,,,,,,,,,,,,,,26.8,21.0,7.4,4.6,19.6,20.2,23.4,25.3,24.2,35.7,38.3,42.9
2025-05-12 22:00:00,,,,,,,,,,,,,,,,,,,,26.8,21.0,7.4,4.6,19.6,20.2,23.4,25.3,24.2,35.8,38.3,42.9
2025-05-12 23:00:00,,,,,,,,,,,,,,,,,,,,26.8,21.0,7.4,4.6,19.6,20.2,23.4,25.3,24.2,35.8,38.3,42.9
2025-05-13 01:00:00,,,,,,,,,,,,,,,,,,,,26.7,21.0,7.4,4.6,19.6,20.2,23.4,25.3,24.2,35.8,38.3,42.9
2025-05-13 02:00:00,,,,,,,,,,,,,,,,,,,,26.7,21.0,7.4,4.6,19.6,20.2,23.4,25.3,24.2,35.8,38.3,42.9
2025-05-13 03:00:00,,,,,,,,,,,,,,,,,,,,26.6,21.0,7.4,4.6,19.6,20.2,23.4,25.3,24.2,35.8,38.3,42.9
2025-05-13 04:00:00,,,,,,,,,,,,,,,,,,,,26.6,21.0,7.4,4.6,19.5,20.2,23.4,25.3,24.2,35.8,38.3,42.9
2025-05-13 05:00:00,,,,,,,,,,,,,,,,,,,,26.6,21.0,7.4,4.6,19.6,20.2,23.4,25.3,24.2,35.8,38.3,42.9
2025-05-13 06:00:00,,,,,,,,,,,,,,,,,,,,26.6,21.0,7.4,4.6,19.5,20.2,23.4,25.3,24.2,35.8,38.3,42.9
2025-05-13 07:00:00,,,,,,,,,,,,,,,,,,,,26.5,21.0,7.4,4.6,19.5,20.2,23.4,25.3,24.2,35.8,38.3,42.9
2025-05-13 08:00:00,,,,,,,,,,,,,,,,,,,,26.5,21.0,7.4,4.6,19.6,20.2,23.3,25.3,24.2,35.8,38.3,42.8
2025-05-13 09:00:00,,,,,,,,,,,,,,,,,,,,26.2,20.9,7.4,4.6,19.6,20.2,23.3,25.2,24.1,35.7,38.2,42.8
2025-05-13 10:00:00,,,,,,,,,,,,,,,,,,,,26.0,20.8,7.4,4.6,19.5,20.2,23.3,25.2,24.0,35.5,38.0,42.7
2025-05-13 11:00:00,,,,,,,,,,,,,,,,,,,,25.7,20.6,7.4,4.6,19.5,20.2,23.3,25.1,23.9,35.3,37.9,42.6
2025-05-13 12:00:00,,,,,,,,,,,,,,,,,,,,25.4,20.5,7.4,4.6,19.5,20.1,23.2,25.1,23.8,35.1,37.7,42.4
2025-05-13 13:00:00,,,,,,,,,,,,,,,,,,,,25.2,20.5,7.4,4.6,19.5,20.1,23.2,25.0,23.7,35.0,37.5,42.3
2025-05-13 14:00:00,,,,,,,,,,,,,,,,,,,,25.1,20.4,7.4,4.6,19.5,20.1,23.2,25.0,23.7,34.9,37.4,42.2
2025-05-13 15:00:00,,,,,,,,,,,,,,,,,,,,25.0,20.4,7.4,4.6,19.5,20.1,23.1,24.9,23.7,34.9,37.3,42.1
2025-05-13 16:00:00,,,,,,,,,,,,,,,,,,,,25.0,20.5,7.4,4.6,19.5,20.1,23.1,24.9,23.6,34.9,37.3,42.0
2025-05-13 17:00:00,,,,,,,,,,,,,,,,,,,,24.9,20.5,7.4,4.6,19.5,20.1,23.1,24.9,23.6,34.9,37.3,42.0
2025-05-13 18:00:00,,,,,,,,,,,,,,,,,,,,24.9,20.4,7.4,4.6,19.5,20.1,23.1,24.9,23.6,34.9,37.3,42.0
2025-05-13 19:00:00,,,,,,,,,,,,,,,,,,,,24.9,20.4,7.4,4.6,19.5,20.1,23.1,24.9,23.7,35.0,37.3,42.0
2025-05-13 20:00:00,,,,,,,,,,,,,,,,,,,,24.9,20.4,7.4,4.6,19.5,20.1,23.1,24.9,23.7,35.0,37.3,42.0
2025-05-13 21:00:00,,,,,,,,,,,,,,,,,,,,24.8,20.4,7.4,4.6,19.5,20.1,23.1,24.9,23.7,35.0,37.3,42.0
2025-05-13 22:00:00,,,,,,,,,,,,,,,,,,,,24.8,20.4,7.4,4.6,19.5,20.1,23.1,24.9,23.7,35.0,37.3,42.0
2025-05-13 23:00:00,,,,,,,,,,,,,,,,,,,,24.8,20.5,7.4,4.6,19.5,20.1,23.1,24.9,23.7,35.0,37.3,42.0
2025-05-14 01:00:00,,,,,,,,,,,,,,,,,,,,24.7,20.4,7.4,4.6,19.5,20.1,23.1,24.9,23.7,35.1,37.4,42.0
2025-05-14 02:00:00,,,,,,,,,,,,,,,,,,,,24.6,20.4,7.4,4.6,19.5,20.1,23.1,24.9,23.7,35.1,37.4,42.0
2025-05-14 03:00:00,,,,,,,,,,,,,,,,,,,,24.6,20.4,7.4,4.6,19.5,20.1,23.1,24.9,23.7,35.1,37.4,42.0
2025-05-14 04:00:00,,,,,,,,,,,,,,,,,,,,24.6,20.4,7.4,4.6,19.5,20.1,23.1,24.9,23.7,35.1,37.4,42.0
2025-05-14 05:00:00,,,,,,,,,,,,,,,,,,,,24.6,20.4,7.4,4.6,19.5,20.1,23.1,24.9,23.7,35.1,37.4,42.0
2025-05-14 06:00:00,,,,,,,,,,,,,,,,,,,,24.5,20.4,7.4,4.6,19.5,20.0,23.1,24.9,23.7,35.1,37.4,42.0
2025-05-14 07:00:00,,,,,,,,,,,,,,,,,,,,24.5,20.5,7.4,4.6,19.5,20.1,23.1,24.9,23.7,35.1,37.4,42.0
2025-05-14 08:00:00,,,,,,,,,,,,,,,,,,,,24.4,20.4,7.4,4.6,19.5,20.1,23.1,24.8,23.7,35.1,37.4,42.0
2025-05-14 09:00:00,,,,,,,,,,,,,,,,,,,,24.3,20.4,7.4,4.6,19.5,20.0,23.1,24.8,23.6,34.9,37.3,41.9
2025-05-14 10:00:00,,,,,,,,,,,,,,,,,,,,24.0,20.3,7.4,4.6,19.4,20.0,23.0,24.8,23.5,34.7,37.1,41.8
2025-05-14 11:00:00,,,,,,,,,,,,,,,,,,,,23.8,20.2,7.4,4.6,19.4,20.0,23.0,24.7,23.4,34.5,37.0,41.7
2025-05-14 12:00:00,,,,,,,,,,,,,,,,,,,,23.6,20.1,7.4,4.6,19.4,20.0,23.0,24.6,23.4,34.4,36.8,41.5
2025-05-14 13:00:00,,,,,,,,,,,,,,,,,,,,23.5,20.1,7.4,4.6,19.4,19.9,23.0,24.6,23.3,34.3,36.7,41.4
2025-05-14 14:00:00,,,,,,,,,,,,,,,,,,,,23.4,20.1,7.4,4.6,19.4,19.9,23.0,24.6,23.3,34.2,36.6,41.3
2025-05-14 15:00:00,,,,,,,,,,,,,,,,,,,,23.3,20.1,7.4,4.6,19.4,19.9,22.9,24.5,23.2,34.2,36.5,41.2
2025-05-14 16:00:00,,,,,,,,,,,,,,,,,,,,23.3,20.1,7.4,4.6,19.4,19.9,22.9,24.5,23.2,34.2,36.5,41.1
2025-05-14 17:00:00,,,,,,,,,,,,,,,,,,,,29.9,20.2,7.4,4.6,19.4,19.9,22.9,24.4,23.2,34.2,36.5,41.1
2025-05-14 18:00:00,,,,,,,,,,,,,,,,,,,,31.5,20.3,7.4,4.6,19.4,19.9,22.9,24.4,23.2,34.2,36.5,41.1
2025-05-14 19:00:00,,,,,,,,,,,,,,,,,,,,31.6,20.3,7.4,4.6,19.4,19.9,22.9,24.4,23.2,34.3,36.5,41.1
2025-05-14 20:00:00,,,,,,,,,,,,,,,,,,,,31.5,20.4,7.4,4.6,19.4,19.9,22.9,24.4,23.2,34.3,36.5,41.1
2025-05-14 21:00:00,,,,,,,,,,,,,,,,,,,,32.2,20.5,7.4,4.6,19.4,19.9,22.9,24.4,23.2,34.3,36.6,41.1
2025-05-14 22:00:00,,,,,,,,,,,,,,,,,,,,37.7,25.4,7.4,4.6,19.4,19.9,22.9,24.4,23.2,34.3,36.6,41.1
2025-05-14 23:00:00,,,,,,,,,,,,,,,,,,,,36.9,26.9,7.4,4.6,19.4,19.9,22.9,24.4,23.2,34.3,36.6,41.1
2025-05-15 01:00:00,,,,,,,,,,,,,,,,,,,,36.0,27.4,7.5,4.6,19.4,19.9,22.9,24.4,23.3,34.4,36.6,41.1
2025-05-15 02:00:00,,,,,,,,,,,,,,,,,,,,35.6,27.4,7.5,4.6,19.4,19.9,22.9,24.4,23.3,34.4,36.6,41.1
2025-05-15 03:00:00,,,,,,,,,,,,,,,,,,,,35.5,27.4,7.5,4.6,19.4,19.9,22.9,24.4,23.3,34.4,36.6,41.1
2025-05-15 04:00:00,,,,,,,,,,,,,,,,,,,,35.2,27.3,7.5,4.6,19.4,19.9,22.9,24.4,23.3,34.4,36.6,41.1
2025-05-15 05:00:00,,,,,,,,,,,,,,,,,,,,35.0,27.3,7.5,4.6,19.4,19.9,22.9,24.4,23.3,34.4,36.6,41.2
2025-05-15 06:00:00,,,,,,,,,,,,,,,,,,,,34.9,27.4,7.5,4.6,19.4,19.9,22.9,24.4,23.3,34.4,36.6,41.2
2025-05-15 07:00:00,,,,,,,,,,,,,,,,,,,,34.8,27.3,7.4,4.6,19.4,19.9,22.9,24.4,23.3,34.4,36.6,41.2
2025-05-15 08:00:00,,,,,,,,,,,,,,,,,,,,34.7,27.3,7.5,4.6,19.4,19.9,22.9,24.4,23.3,34.4,36.7,41.2
2025-05-15 09:00:00,,,,,,,,,,,,,,,,,,,,34.6,27.3,7.4,4.6,19.4,19.9,22.9,24.4,23.3,34.4,36.6,41.2
2025-05-15 10:00:00,,,,,,,,,,,,,,,,,,,,34.5,27.2,7.4,4.6,19.4,19.9,22.9,24.4,23.3,34.4,36.6,41.2
2025-05-15 11:00:00,,,,,,,,,,,,,,,,,,,,34.3,27.1,7.5,4.6,19.4,19.9,22.9,24.4,23.3,34.4,36.6,41.1
2025-05-15 12:00:00,,,,,,,,,,,,,,,,,,,,34.0,27.0,7.5,4.6,19.4,19.9,22.9,24.4,23.2,34.3,36.6,41.1
2025-05-15 13:00:00,,,,,,,,,,,,,,,,,,,,33.7,26.8,7.5,4.6,19.4,19.9,22.9,24.4,23.2,34.3,36.5,41.1
2025-05-15 14:00:00,,,,,,,,,,,,,,,,,,,,33.5,26.7,7.5,4.6,19.4,19.9,22.9,24.4,23.2,34.2,36.5,41.0
2025-05-15 15:00:00,,,,,,,,,,,,,,,,,,,,33.4,26.5,7.5,4.6,19.4,19.9,22.9,24.3,23.1,34.2,36.4,41.0
2025-05-15 16:00:00,,,,,,,,,,,,,,,,,,,,33.2,26.4,7.5,4.6,19.4,19.9,22.9,24.3,23.1,34.2,36.4,41.0
2025-05-15 17:00:00,,,,,,,,,,,,,,,,,,,,33.1,26.4,7.5,4.6,19.4,19.9,22.9,24.3,23.1,34.2,36.4,40.9
2025-05-15 18:00:00,,,,,,,,,,,,,,,,,,,,33.0,26.3,7.5,4.6,19.4,19.9,22.9,24.3,23.1,34.2,36.4,40.9
2025-05-15 19:00:00,,,,,,,,,,,,,,,,,,,,32.8,26.3,7.5,4.6,19.4,19.9,22.9,24.3,23.2,34.2,36.4,40.9
2025-05-15 20:00:00,,,,,,,,,,,,,,,,,,,,32.8,26.3,7.5,4.6,19.4,19.9,22.9,24.3,23.2,34.2,36.4,40.9
2025-05-15 21:00:00,,,,,,,,,,,,,,,,,,,,32.7,26.2,7.5,4.6,19.4,19.9,22.9,24.3,23.2,34.3,36.4,40.9
2025-05-15 22:00:00,,,,,,,,,,,,,,,,,,,,32.6,26.2,7.5,4.6,19.4,19.9,22.9,24.3,23.2,34.3,36.5,40.9
2025-05-15 23:00:00,,,,,,,,,,,,,,,,,,,,32.6,26.2,7.5,4.6,19.4,19.9,22.9,24.3,23.2,34.3,36.5,40.9
2025-05-16 01:00:00,,,,,,,,,,,,,,,,,,,,32.4,26.1,7.5,4.6,19.4,19.9,22.9,24.3,23.2,34.3,36.5,40.9
2025-05-16 02:00:00,,,,,,,,,,,,,,,,,,,,32.3,26.1,7.5,4.6,19.4,19.9,22.9,24.3,23.2,34.3,36.5,40.9
2025-05-16 03:00:00,,,,,,,,,,,,,,,,,,,,32.3,26.1,7.5,4.6,19.4,19.9,22.9,24.3,23.2,34.3,36.5,41.0
2025-05-16 04:00:00,,,,,,,,,,,,,,,,,,,,32.2,26.1,7.5,4.7,19.4,19.9,22.9,24.3,23.2,34.3,36.5,41.0
2025-05-16 05:00:00,,,,,,,,,,,,,,,,,,,,32.1,26.0,7.5,4.7,19.4,19.9,22.9,24.3,23.2,34.4,36.5,41.0
2025-05-16 06:00:00,,,,,,,,,,,,,,,,,,,,32.1,26.0,7.5,4.7,19.5,19.9,22.9,24.3,23.2,34.4,36.5,41.0
2025-05-16 07:00:00,,,,,,,,,,,,,,,,,,,,32.0,26.0,7.5,4.7,19.5,19.9,22.9,24.3,23.2,34.4,36.5,41.0
2025-05-16 08:00:00,,,,,,,,,,,,,,,,,,,,31.9,25.9,7.5,4.6,19.4,19.9,22.9,24.3,23.2,34.3,36.5,41.0
2025-05-16 09:00:00,,,,,,,,,,,,,,,,,,,,31.7,25.7,7.5,4.6,19.4,19.9,22.9,24.3,23.2,34.2,36.4,40.9
2025-05-16 10:00:00,,,,,,,,,,,,,,,,,,,,31.3,25.4,7.5,4.6,19.4,19.8,22.9,24.3,23.1,34.1,36.3,40.8
2025-05-16 11:00:00,,,,,,,,,,,,,,,,,,,,31.1,25.3,7.5,4.6,19.4,19.8,22.9,24.2,23.1,34.1,36.3,40.8
2025-05-16 12:00:00,,,,,,,,,,,,,,,,,,,,30.8,25.1,7.5,4.6,19.4,19.8,22.8,24.2,23.0,34.0,36.2,40.7
2025-05-16 13:00:00,,,,,,,,,,,,,,,,,,,,30.7,24.9,7.5,4.6,19.4,19.8,22.8,24.2,23.0,33.9,36.1,40.6
2025-05-16 14:00:00,,,,,,,,,,,,,,,,,,,,30.3,24.7,7.5,4.6,19.4,19.8,22.8,24.2,22.9,33.8,36.0,40.5
2025-05-16 15:00:00,,,,,,,,,,,,,,,,,,,,30.1,24.6,7.5,4.6,19.4,19.8,22.8,24.1,22.9,33.8,36.0,40.5
2025-05-16 16:00:00,,,,,,,,,,,,,,,,,,,,30.1,24.5,7.5,4.6,19.4,19.8,22.8,24.1,22.9,33.8,36.0,40.4
2025-05-16 17:00:00,,,,,,,,,,,,,,,,,,,,29.9,24.5,7.5,4.6,19.4,19.8,22.8,24.1,22.9,33.8,35.9,40.4
2025-05-16 18:00:00,,,,,,,,,,,,,,,,,,,,29.9,24.4,7.5,4.7,19.4,19.8,22.8,24.1,22.9,33.8,36.0,40.4
2025-05-16 19:00:00,,,,,,,,,,,,,,,,,,,,29.9,24.4,7.5,4.6,19.4,19.8,22.8,24.1,22.9,33.9,36.0,40.4
2025-05-16 20:00:00,,,,,,,,,,,,,,,,,,,,29.8,24.4,7.5,4.6,19.4,19.8,22.8,24.1,22.9,33.9,36.0,40.4
2025-05-16 21:00:00,,,,,,,,,,,,,,,,,,,,29.7,24.4,7.5,4.6,19.4,19.8,22.8,24.1,22.9,33.9,36.0,40.4
2025-05-16 22:00:00,,,,,,,,,,,,,,,,,,,,29.7,24.3,7.5,4.7,19.4,19.8,22.8,24.1,22.9,33.9,36.0,40.4
2025-05-16 23:00:00,,,,,,,,,,,,,,,,,,,,29.1,24.3,7.5,4.7,19.4,19.8,22.8,24.1,22.9,33.9,36.0,40.4
2025-05-17 01:00:00,,,,,,,,,,,,,,,,,,,,29.4,24.2,7.5,4.6,19.4,19.8,22.8,24.1,23.0,34.0,36.0,40.4
2025-05-17 02:00:00,,,,,,,,,,,,,,,,,,,,29.2,24.2,7.5,4.6,19.4,19.8,22.8,24.1,23.0,34.0,36.1,40.4
2025-05-17 03:00:00,,,,,,,,,,,,,,,,,,,,29.2,24.2,7.5,4.6,19.4,19.8,22.8,24.1,23.0,34.0,36.1,40.4
2025-05-17 04:00:00,,,,,,,,,,,,,,,,,,,,29.1,24.1,7.5,4.6,19.4,19.8,22.8,24.1,23.0,34.0,36.1,40.4
2025-05-17 05:00:00,,,,,,,,,,,,,,,,,,,,29.1,24.1,7.5,4.6,19.4,19.8,22.8,24.1,23.0,34.0,36.1,40.4
2025-05-17 06:00:00,,,,,,,,,,,,,,,,,,,,29.0,24.0,7.5,4.6,19.4,19.8,22.8,24.1,23.0,34.0,36.1,40.5
2025-05-17 07:00:00,,,,,,,,,,,,,,,,,,,,29.0,24.1,7.5,4.6,19.4,19.8,22.8,24.1,23.0,34.0,36.1,40.5
2025-05-17 08:00:00,,,,,,,,,,,,,,,,,,,,28.9,23.9,7.5,4.6,19.4,19.8,22.8,24.1,23.0,34.0,36.1,40.4
2025-05-17 09:00:00,,,,,,,,,,,,,,,,,,,,28.7,23.8,7.5,4.6,19.4,19.8,22.8,24.1,22.9,33.9,36.0,40.4
2025-05-17 10:00:00,,,,,,,,,,,,,,,,,,,,28.4,23.5,7.5,4.6,19.4,19.8,22.7,24.1,22.8,33.7,35.9,40.3
2025-05-17 11:00:00,,,,,,,,,,,,,,,,,,,,28.0,23.2,7.5,4.6,19.4,19.8,22.7,24.0,22.8,33.6,35.8,40.2
2025-05-17 12:00:00,,,,,,,,,,,,,,,,,,,,27.7,23.0,7.5,4.6,19.4,19.8,22.7,24.0,22.7,33.4,35.6,40.0
2025-05-17 13:00:00,,,,,,,,,,,,,,,,,,,,27.4,22.9,7.5,4.6,19.4,19.8,22.7,23.9,22.6,33.3,35.6,39.9
2025-05-17 14:00:00,,,,,,,,,,,,,,,,,,,,27.3,22.8,7.4,4.6,19.4,19.7,22.7,23.9,22.6,33.2,35.5,39.8
2025-05-17 15:00:00,,,,,,,,,,,,,,,,,,,,27.1,22.7,7.5,4.7,19.4,19.7,22.6,23.9,22.6,33.2,35.4,39.7
2025-05-17 16:00:00,,,,,,,,,,,,,,,,,,,,27.0,22.7,7.4,4.6,19.4,19.7,22.6,23.9,22.6,33.3,35.4,39.7
2025-05-17 17:00:00,,,,,,,,,,,,,,,,,,,,27.0,22.6,7.5,4.6,19.4,19.7,22.6,23.9,22.6,33.3,35.4,39.7
2025-05-17 18:00:00,,,,,,,,,,,,,,,,,,,,26.8,22.6,7.4,4.6,19.4,19.7,22.6,23.9,22.6,33.3,35.4,39.7
2025-05-17 19:00:00,,,,,,,,,,,,,,,,,,,,26.8,22.5,7.4,4.6,19.4,19.7,22.6,23.8,22.6,33.3,35.4,39.7
2025-05-17 20:00:00,,,,,,,,,,,,,,,,,,,,26.9,22.5,7.4,4.6,19.4,19.7,22.6,23.9,22.6,33.3,35.5,39.7
2025-05-17 21:00:00,,,,,,,,,,,,,,,,,,,,26.9,22.4,7.4,4.6,19.3,19.7,22.7,23.8,22.6,33.4,35.5,39.7
2025-05-17 22:00:00,,,,,,,,,,,,,,,,,,,,27.0,22.4,7.4,4.6,19.4,19.7,22.7,23.8,22.6,33.4,35.5,39.7
2025-05-17 23:00:00,,,,,,,,,,,,,,,,,,,,26.9,22.4,7.4,4.6,19.4,19.7,22.7,23.8,22.6,33.4,35.5,39.7
2025-05-18 01:00:00,,,,,,,,,,,,,,,,,,,,26.9,22.4,7.4,4.6,19.4,19.7,22.7,23.8,22.7,33.4,35.5,39.7
2025-05-18 02:00:00,,,,,,,,,,,,,,,,,,,,26.9,22.3,7.4,4.6,19.4,19.7,22.6,23.8,22.7,33.4,35.6,39.7
2025-05-18 03:00:00,,,,,,,,,,,,,,,,,,,,26.9,22.3,7.4,4.7,19.4,19.7,22.6,23.8,22.6,33.4,35.6,39.7
2025-05-18 04:00:00,,,,,,,,,,,,,,,,,,,,26.9,22.3,7.4,4.7,19.4,19.7,22.6,23.8,22.7,33.5,35.6,39.7
2025-05-18 05:00:00,,,,,,,,,,,,,,,,,,,,26.9,22.3,7.4,4.7,19.4,19.7,22.6,23.8,22.6,33.5,35.6,39.7
2025-05-18 06:00:00,,,,,,,,,,,,,,,,,,,,26.8,22.3,7.4,4.7,19.4,19.8,22.6,23.8,22.6,33.5,35.6,39.7
2025-05-18 07:00:00,,,,,,,,,,,,,,,,,,,,26.8,22.3,7.4,4.7,19.4,19.8,22.6,23.8,22.6,33.5,35.6,39.7
2025-05-18 08:00:00,,,,,,,,,,,,,,,,,,,,26.8,22.3,7.4,4.7,19.4,19.8,22.7,23.8,22.6,33.5,35.6,39.7
2025-05-18 09:00:00,,,,,,,,,,,,,,,,,,,,26.7,22.2,7.4,4.7,19.4,19.8,22.6,23.8,22.6,33.4,35.6,39.7
2025-05-18 10:00:00,,,,,,,,,,,,,,,,,,,,26.4,22.0,7.4,4.7,19.4,19.7,22.6,23.8,22.6,33.3,35.5,39.7
2025-05-18 11:00:00,,,,,,,,,,,,,,,,,,,,26.2,21.8,7.4,4.7,19.4,19.7,22.6,23.7,22.5,33.2,35.4,39.6
2025-05-18 12:00:00,,,,,,,,,,,,,,,,,,,,26.0,21.7,7.4,4.7,19.4,19.7,22.6,23.7,22.4,33.1,35.3,39.5
2025-05-18 13:00:00,,,,,,,,,,,,,,,,,,,,25.9,21.6,7.4,4.7,19.4,19.7,22.6,23.7,22.4,33.1,35.2,39.4
2025-05-18 14:00:00,,,,,,,,,,,,,,,,,,,,25.9,21.6,7.4,4.7,19.4,19.7,22.6,23.7,22.4,33.1,35.2,39.4
2025-05-18 15:00:00,,,,,,,,,,,,,,,,,,,,25.8,21.5,7.4,4.7,19.4,19.7,22.6,23.7,22.4,33.1,35.2,39.3
2025-05-18 16:00:00,,,,,,,,,,,,,,,,,,,,25.8,21.5,7.4,4.6,19.4,19.7,22.6,23.7,22.4,33.1,35.2,39.3
2025-05-18 17:00:00,,,,,,,,,,,,,,,,,,,,25.7,21.5,7.4,4.6,19.4,19.7,22.6,23.7,22.4,33.1,35.2,39.3
2025-05-18 18:00:00,,,,,,,,,,,,,,,,,,,,25.7,21.5,7.4,4.6,19.4,19.7,22.6,23.7,22.4,33.2,35.3,39.3
2025-05-18 19:00:00,,,,,,,,,,,,,,,,,,,,25.6,21.5,7.4,4.6,19.4,19.7,22.6,23.7,22.5,33.2,35.3,39.3
2025-05-18 20:00:00,,,,,,,,,,,,,,,,,,,,25.6,21.4,7.4,4.6,19.4,19.7,22.6,23.7,22.5,33.2,35.3,39.3
2025-05-18 21:00:00,,,,,,,,,,,,,,,,,,,,25.6,21.4,7.4,4.6,19.4,19.7,22.5,23.7,22.5,33.2,35.2,39.4
2025-05-18 22:00:00,,,,,,,,,,,,,,,,,,,,25.6,21.4,7.4,4.6,19.4,19.7,22.6,23.7,22.5,33.2,35.3,39.4
2025-05-18 23:00:00,,,,,,,,,,,,,,,,,,,,25.5,21.4,7.4,4.6,19.4,19.7,22.6,23.7,22.5,33.2,35.3,39.4
2025-05-19 01:00:00,,,,,,,,,,,,,,,,,,,,25.5,21.4,7.4,4.6,19.4,19.7,22.6,23.7,22.5,33.3,35.3,39.4
2025-05-19 02:00:00,,,,,,,,,,,,,,,,,,,,25.4,21.4,7.4,4.6,19.4,19.7,22.6,23.7,22.5,33.3,35.3,39.4
2025-05-19 03:00:00,,,,,,,,,,,,,,,,,,,,25.4,21.4,7.4,4.6,19.4,19.7,22.6,23.7,22.5,33.3,35.3,39.4
2025-05-19 04:00:00,,,,,,,,,,,,,,,,,,,,25.4,21.4,7.4,4.6,19.4,19.7,22.6,23.7,22.5,33.3,35.3,39.4
2025-05-19 05:00:00,,,,,,,,,,,,,,,,,,,,25.5,21.3,7.4,4.6,19.4,19.7,22.6,23.7,22.5,33.3,35.3,39.4
2025-05-19 06:00:00,,,,,,,,,,,,,,,,,,,,25.4,21.4,7.4,4.6,19.4,19.7,22.6,23.7,22.5,33.3,35.3,39.4
2025-05-19 07:00:00,,,,,,,,,,,,,,,,,,,,25.4,21.4,7.4,4.6,19.4,19.7,22.6,23.7,22.5,33.3,35.3,39.4
2025-05-19 08:00:00,,,,,,,,,,,,,,,,,,,,25.3,21.3,7.4,4.6,19.4,19.7,22.6,23.7,22.5,33.2,35.3,39.4
2025-05-19 09:00:00,,,,,,,,,,,,,,,,,,,,25.1,21.2,7.4,4.6,19.4,19.7,22.6,23.7,22.4,33.1,35.2,39.4
2025-05-19 10:00:00,,,,,,,,,,,,,,,,,,,,24.8,21.0,7.4,4.6,19.4,19.7,22.5,23.6,22.4,33.0,35.1,39.3
2025-05-19 11:00:00,,,,,,,,,,,,,,,,,,,,24.7,21.0,7.4,4.6,19.4,19.7,22.5,23.6,22.3,32.9,35.1,39.2
2025-05-19 12:00:00,,,,,,,,,,,,,,,,,,,,24.6,20.9,7.4,4.6,19.4,19.7,22.5,23.6,22.3,32.9,35.0,39.1
2025-05-19 13:00:00,,,,,,,,,,,,,,,,,,,,24.5,20.9,7.4,4.6,19.4,19.7,22.5,23.5,22.3,32.9,35.0,39.1
2025-05-19 14:00:00,,,,,,,,,,,,,,,,,,,,24.4,20.9,7.4,4.6,19.4,19.7,22.5,23.5,22.3,32.9,34.9,39.0
2025-05-19 15:00:00,,,,,,,,,,,,,,,,,,,,24.3,20.9,7.4,4.6,19.4,19.6,22.5,23.5,22.3,32.9,34.9,38.9
2025-05-19 16:00:00,,,,,,,,,,,,,,,,,,,,24.3,20.8,7.4,4.6,19.4,19.6,22.5,23.5,22.2,32.9,34.9,38.9
2025-05-19 17:00:00,,,,,,,,,,,,,,,,,,,,24.2,20.8,7.4,4.6,19.4,19.6,22.5,23.5,22.2,32.9,34.9,38.9
2025-05-19 18:00:00,,,,,,,,,,,,,,,,,,,,24.2,20.8,7.4,4.6,19.4,19.6,22.5,23.5,22.3,32.9,34.9,38.8
2025-05-19 19:00:00,,,,,,,,,,,,,,,,,,,,24.2,20.8,7.4,4.6,19.4,19.6,22.5,23.5,22.3,32.9,34.9,38.8
2025-05-19 20:00:00,,,,,,,,,,,,,,,,,,,,24.1,20.8,7.4,4.6,19.4,19.6,22.5,23.5,22.3,32.9,34.9,38.9
2025-05-19 21:00:00,,,,,,,,,,,,,,,,,,,,24.1,20.8,7.4,4.6,19.4,19.6,22.5,23.5,22.3,33.0,34.9,38.9
2025-05-19 22:00:00,,,,,,,,,,,,,,,,,,,,24.1,20.8,7.4,4.6,19.4,19.5,22.5,23.5,22.3,33.0,35.0,38.9
2025-05-19 23:00:00,,,,,,,,,,,,,,,,,,,,24.1,20.7,7.4,4.6,19.4,19.5,22.5,23.5,22.3,33.0,35.0,38.9
2025-05-20 01:00:00,,,,,,,,,,,,,,,,,,,,23.9,20.7,7.4,4.7,19.4,19.5,22.5,23.5,22.3,33.0,35.0,38.9
2025-05-20 02:00:00,,,,,,,,,,,,,,,,,,,,24.0,20.7,7.4,4.7,19.4,19.6,22.5,23.5,22.3,33.0,35.0,38.9
2025-05-20 03:00:00,,,,,,,,,,,,,,,,,,,,23.9,20.8,7.4,4.7,19.4,19.6,22.5,23.5,22.3,33.1,35.0,38.9
2025-05-20 04:00:00,,,,,,,,,,,,,,,,,,,,23.9,20.7,7.4,4.7,19.4,19.6,22.5,23.5,22.3,33.1,35.0,38.9
2025-05-20 05:00:00,,,,,,,,,,,,,,,,,,,,23.9,20.7,7.4,4.7,19.4,19.6,22.5,23.5,22.4,33.1,35.0,38.9
2025-05-20 06:00:00,,,,,,,,,,,,,,,,,,,,23.9,20.8,7.4,4.6,19.4,19.6,22.5,23.5,22.3,33.1,35.0,38.9
2025-05-20 07:00:00,,,,,,,,,,,,,,,,,,,,23.8,20.8,7.4,4.7,19.4,19.6,22.5,23.5,22.3,33.1,35.0,38.9
2025-05-20 08:00:00,,,,,,,,,,,,,,,,,,,,23.8,20.7,7.4,4.7,19.4,19.6,22.5,23.5,22.3,33.0,35.0,38.9
2025-05-20 09:00:00,,,,,,,,,,,,,,,,,,,,23.6,20.6,7.4,4.7,19.4,19.6,22.5,23.5,22.2,32.9,34.9,38.9
2025-05-20 10:00:00,,,,,,,,,,,,,,,,,,,,23.4,20.5,7.4,4.7,19.4,19.6,22.4,23.4,22.2,32.7,34.8,38.7
2025-05-20 11:00:00,,,,,,,,,,,,,,,,,,,,23.1,20.4,7.4,4.6,19.4,19.5,22.4,23.4,22.1,32.6,34.7,38.6
2025-05-20 12:00:00,,,,,,,,,,,,,,,,,,,,22.9,20.3,7.4,4.6,19.4,19.5,22.4,23.3,22.0,32.4,34.5,38.4
2025-05-20 13:00:00,,,,,,,,,,,,,,,,,,,,22.8,20.2,7.4,4.6,19.4,19.5,22.4,23.3,22.0,32.3,34.4,38.3
2025-05-20 14:00:00,,,,,,,,,,,,,,,,,,,,22.8,20.2,7.4,4.6,19.4,19.5,22.3,23.3,21.9,32.2,34.3,38.2
2025-05-20 15:00:00,,,,,,,,,,,,,,,,,,,,22.7,20.2,7.4,4.7,19.4,19.5,22.3,23.3,21.9,32.3,34.3,38.1
2025-05-20 16:00:00,,,,,,,,,,,,,,,,,,,,22.7,20.2,7.4,4.6,19.4,19.5,22.3,23.3,21.9,32.3,34.3,38.1
2025-05-20 17:00:00,,,,,,,,,,,,,,,,,,,,22.6,20.2,7.4,4.6,19.4,19.5,22.3,23.3,21.9,32.3,34.4,38.1
2025-05-20 18:00:00,,,,,,,,,,,,,,,,,,,,22.6,20.1,7.4,4.6,19.4,19.5,22.3,23.3,21.9,32.3,34.4,38.1
2025-05-20 19:00:00,,,,,,,,,,,,,,,,,,,,22.6,20.1,7.3,4.6,19.4,19.5,22.3,23.3,21.9,32.3,34.4,38.1
2025-05-20 20:00:00,,,,,,,,,,,,,,,,,,,,22.5,20.1,7.3,4.6,19.4,19.5,22.3,23.3,21.9,32.4,34.4,38.1
2025-05-20 21:00:00,,,,,,,,,,,,,,,,,,,,22.5,20.1,7.4,4.6,19.4,19.5,22.3,23.3,21.9,32.4,34.5,38.1
2025-05-20 22:00:00,,,,,,,,,,,,,,,,,,,,22.5,20.1,7.4,4.6,19.4,19.5,22.3,23.3,21.9,32.4,34.5,38.1
2025-05-20 23:00:00,,,,,,,,,,,,,,,,,,,,22.4,20.2,7.4,4.6,19.4,19.5,22.3,23.3,21.9,32.4,34.5,38.1
2025-05-21 01:00:00,,,,,,,,,,,,,,,,,,,,22.4,20.1,7.4,4.6,19.4,19.5,22.3,23.3,22.0,32.4,34.5,38.1
2025-05-21 02:00:00,,,,,,,,,,,,,,,,,,,,22.4,20.1,7.4,4.6,19.4,19.5,22.3,23.3,22.0,32.4,34.5,38.1
2025-05-21 03:00:00,,,,,,,,,,,,,,,,,,,,22.3,20.2,7.4,4.6,19.4,19.5,22.3,23.3,22.0,32.5,34.4,38.1
2025-05-21 04:00:00,,,,,,,,,,,,,,,,,,,,22.3,20.2,7.4,4.6,19.4,19.5,22.4,23.3,22.0,32.5,34.4,38.2
2025-05-21 05:00:00,,,,,,,,,,,,,,,,,,,,22.3,20.1,7.3,4.6,19.4,19.5,22.4,23.3,22.0,32.5,34.4,38.2
2025-05-21 06:00:00,,,,,,,,,,,,,,,,,,,,22.3,20.2,7.4,4.6,19.4,19.5,22.4,23.3,22.0,32.5,34.5,38.2
2025-05-21 07:00:00,,,,,,,,,,,,,,,,,,,,22.3,20.1,7.4,4.6,19.4,19.5,22.4,23.3,22.0,32.5,34.5,38.2
2025-05-21 08:00:00,,,,,,,,,,,,,,,,,,,,22.3,20.2,7.4,4.6,19.4,19.5,22.4,23.3,22.0,32.4,34.4,38.2
2025-05-21 09:00:00,,,,,,,,,,,,,,,,,,,,22.1,20.1,7.4,4.6,19.4,19.5,22.4,23.2,21.9,32.3,34.4,38.1
2025-05-21 10:00:00,,,,,,,,,,,,,,,,,,,,21.9,20.0,7.4,4.6,19.4,19.5,22.3,23.2,21.9,32.2,34.2,38.0
2025-05-21 11:00:00,,,,,,,,,,,,,,,,,,,,21.8,19.9,7.4,4.6,19.3,19.5,22.3,23.1,21.8,32.0,34.1,37.9
2025-05-21 12:00:00,,,,,,,,,,,,,,,,,,,,21.7,19.9,7.4,4.6,19.4,19.5,22.3,23.1,21.7,31.9,34.0,37.8
2025-05-21 13:00:00,,,,,,,,,,,,,,,,,,,,21.6,19.8,7.4,4.6,19.4,19.5,22.3,23.1,21.7,31.8,33.9,37.6
2025-05-21 14:00:00,,,,,,,,,,,,,,,,,,,,21.5,19.9,7.4,4.6,19.4,19.5,22.2,23.1,21.7,31.7,33.9,37.5
2025-05-21 15:00:00,,,,,,,,,,,,,,,,,,,,21.5,19.9,7.4,4.6,19.4,19.5,22.2,23.1,21.6,31.7,33.8,37.5
2025-05-21 16:00:00,,,,,,,,,,,,,,,,,,,,21.4,19.8,7.4,4.6,19.4,19.5,22.2,23.0,21.6,31.7,33.7,37.4
2025-05-21 17:00:00,,,,,,,,,,,,,,,,,,,,21.4,19.9,7.4,4.6,19.4,19.5,22.2,23.0,21.6,31.7,33.7,37.4
2025-05-21 18:00:00,,,,,,,,,,,,,,,,,,,,21.4,19.9,7.3,4.6,19.4,19.5,22.2,23.0,21.6,31.7,33.7,37.4
2025-05-21 19:00:00,,,,,,,,,,,,,,,,,,,,21.4,19.9,7.3,4.6,19.4,19.5,22.2,23.0,21.6,31.8,33.8,37.4
2025-05-21 20:00:00,,,,,,,,,,,,,,,,,,,,21.3,19.8,7.3,4.6,19.3,19.5,22.2,23.0,21.6,31.8,33.8,37.4
2025-05-21 21:00:00,,,,,,,,,,,,,,,,,,,,21.3,19.9,7.3,4.6,19.3,19.5,22.2,23.0,21.6,31.8,33.8,37.4
2025-05-21 22:00:00,,,,,,,,,,,,,,,,,,,,21.3,19.9,7.3,4.6,19.3,19.5,22.2,23.0,21.6,31.8,33.8,37.4
2025-05-21 23:00:00,,,,,,,,,,,,,,,,,,,,21.3,19.9,7.3,4.6,19.3,19.5,22.2,23.0,21.6,31.8,33.8,37.4
2025-05-22 01:00:00,,,,,,,,,,,,,,,,,,,,21.2,19.8,7.3,4.6,19.3,19.5,22.2,23.0,21.6,31.8,33.9,37.4
2025-05-22 02:00:00,,,,,,,,,,,,,,,,,,,,21.2,19.8,7.3,4.6,19.3,19.5,22.2,23.0,21.6,31.9,33.9,37.4
2025-05-22 03:00:00,,,,,,,,,,,,,,,,,,,,21.2,19.8,7.3,4.6,19.3,19.5,22.1,23.0,21.6,31.9,33.9,37.4
2025-05-22 04:00:00,,,,,,,,,,,,,,,,,,,,21.3,19.9,7.3,4.6,19.3,19.4,22.1,23.0,21.6,31.9,33.9,37.4
2025-05-22 05:00:00,,,,,,,,,,,,,,,,,,,,21.2,19.8,7.3,4.6,19.3,19.5,22.1,23.0,21.6,31.9,33.9,37.4
2025-05-22 06:00:00,,,,,,,,,,,,,,,,,,,,21.2,19.8,7.3,4.6,19.3,19.4,22.1,23.0,21.6,31.9,33.9,37.4
2025-05-22 07:00:00,,,,,,,,,,,,,,,,,,,,21.2,19.8,7.3,4.6,19.3,19.4,22.2,23.0,21.6,31.9,33.9,37.4
2025-05-22 08:00:00,,,,,,,,,,,,,,,,,,,,21.1,19.8,7.3,4.6,19.3,19.4,22.1,23.0,21.6,31.8,33.9,37.4
2025-05-22 09:00:00,,,,,,,,,,,,,,,,,,,,21.0,19.7,7.3,4.6,19.3,19.4,22.1,23.0,21.5,31.6,33.7,37.3
2025-05-22 10:00:00,,,,,,,,,,,,,,,,,,,,20.9,19.7,7.3,4.6,19.3,19.3,22.1,22.9,21.4,31.5,33.6,37.2
2025-05-22 11:00:00,,,,,,,,,,,,,,,,,,,,20.8,19.6,7.3,4.6,19.3,19.3,22.1,22.9,21.4,31.3,33.4,37.0
2025-05-22 12:00:00,,,,,,,,,,,,,,,,,,,,20.7,19.6,7.3,4.6,19.3,19.3,22.0,22.9,21.3,31.2,33.3,36.9
2025-05-22 13:00:00,,,,,,,,,,,,,,,,,,,,20.6,19.6,7.3,4.6,19.3,19.3,22.0,22.8,21.3,31.1,33.2,36.8
2025-05-22 14:00:00,,,,,,,,,,,,,,,,,,,,20.6,19.5,7.3,4.6,19.3,19.3,22.0,22.8,21.2,31.0,33.1,36.6
2025-05-22 15:00:00,,,,,,,,,,,,,,,,,,,,20.5,19.6,7.3,4.6,19.2,19.3,22.0,22.8,21.2,30.9,33.0,36.5
2025-05-22 16:00:00,,,,,,,,,,,,,,,,,,,,20.5,19.5,7.3,4.6,19.2,19.3,22.0,22.8,21.1,30.8,32.9,36.4
2025-05-22 17:00:00,,,,,,,,,,,,,,,,,,,,20.5,19.5,7.3,4.6,19.2,19.3,22.0,22.7,21.0,30.7,32.8,36.3
2025-05-22 18:00:00,,,,,,,,,,,,,,,,,,,,20.4,19.5,7.3,4.6,19.2,19.3,21.9,22.7,21.0,30.7,32.8,36.2
2025-05-22 19:00:00,,,,,,,,,,,,,,,,,,,,20.4,19.5,7.3,4.6,19.2,19.3,21.9,22.7,21.0,30.7,32.8,36.2
2025-05-22 20:00:00,,,,,,,,,,,,,,,,,,,,20.3,19.5,7.3,4.6,19.2,19.3,21.9,22.7,21.0,30.7,32.8,36.2
2025-05-22 21:00:00,,,,,,,,,,,,,,,,,,,,20.3,19.5,7.3,4.6,19.3,19.3,21.9,22.7,21.0,30.8,32.8,36.2
2025-05-22 22:00:00,,,,,,,,,,,,,,,,,,,,20.3,19.5,7.3,4.6,19.2,19.3,21.9,22.7,21.0,30.8,32.8,36.2
2025-05-22 23:00:00,,,,,,,,,,,,,,,,,,,,20.3,19.5,7.3,4.6,19.3,19.3,21.9,22.7,21.0,30.8,32.8,36.2
2025-05-23 01:00:00,,,,,,,,,,,,,,,,,,,,20.3,19.5,7.3,4.6,19.2,19.3,21.9,22.7,21.0,30.8,32.8,36.2
2025-05-23 02:00:00,,,,,,,,,,,,,,,,,,,,20.2,19.5,7.3,4.6,19.2,19.3,21.9,22.7,21.1,30.8,32.9,36.2
2025-05-23 03:00:00,,,,,,,,,,,,,,,,,,,,20.2,19.5,7.3,4.6,19.2,19.2,21.9,22.7,21.1,30.8,32.9,36.2
2025-05-23 04:00:00,,,,,,,,,,,,,,,,,,,,20.2,19.5,7.3,4.6,19.2,19.2,21.9,22.7,21.1,30.9,32.9,36.2
2025-05-23 05:00:00,,,,,,,,,,,,,,,,,,,,20.2,19.5,7.3,4.6,19.2,19.2,21.9,22.7,21.1,30.9,32.9,36.2
2025-05-23 06:00:00,,,,,,,,,,,,,,,,,,,,20.2,19.5,7.3,4.6,19.2,19.2,21.9,22.6,21.0,30.9,32.9,36.2
2025-05-23 07:00:00,,,,,,,,,,,,,,,,,,,,20.2,19.5,7.3,4.6,19.2,19.2,21.9,22.6,21.0,30.9,32.9,36.2
2025-05-23 08:00:00,,,,,,,,,,,,,,,,,,,,20.1,19.5,7.3,4.6,19.2,19.2,21.9,22.6,21.0,30.8,32.8,36.2
2025-05-23 09:00:00,,,,,,,,,,,,,,,,,,,,20.1,19.4,7.3,4.6,19.2,19.2,21.9,22.6,20.9,30.6,32.7,36.1
2025-05-23 10:00:00,,,,,,,,,,,,,,,,,,,,20.0,19.4,7.3,4.6,19.2,19.2,21.8,22.5,20.9,30.5,32.6,35.9
2025-05-23 11:00:00,,,,,,,,,,,,,,,,,,,,19.8,19.3,7.3,4.6,19.1,19.2,21.8,22.5,20.7,30.2,32.4,35.7
2025-05-23 12:00:00,,,,,,,,,,,,,,,,,,,,19.8,19.1,7.3,4.6,19.1,19.1,21.7,22.4,20.6,29.9,32.1,35.5
2025-05-23 13:00:00,,,,,,,,,,,,,,,,,,,,19.6,19.1,7.3,4.6,19.1,19.1,21.7,22.4,20.5,29.7,31.9,35.3
2025-05-23 14:00:00,,,,,,,,,,,,,,,,,,,,19.5,19.0,7.3,4.6,19.0,19.0,21.6,22.3,20.4,29.5,31.7,35.0
2025-05-23 15:00:00,,,,,,,,,,,,,,,,,,,,19.5,19.0,7.3,4.6,19.0,19.0,21.6,22.2,20.3,29.2,31.4,34.8
2025-05-23 16:00:00,,,,,,,,,,,,,,,,,,,,19.4,19.0,7.2,4.6,19.0,19.0,21.6,22.2,20.2,29.0,31.3,34.6
2025-05-23 17:00:00,,,,,,,,,,,,,,,,,,,,19.4,19.0,7.3,4.6,19.0,19.0,21.5,22.2,20.1,28.9,31.1,34.4
2025-05-23 18:00:00,,,,,,,,,,,,,,,,,,,,19.3,19.0,7.2,4.6,19.0,19.0,21.5,22.2,20.1,28.9,31.1,34.3
2025-05-23 19:00:00,,,,,,,,,,,,,,,,,,,,19.3,19.0,7.2,4.6,19.0,19.0,21.5,22.1,20.1,28.9,31.1,34.3
2025-05-23 20:00:00,,,,,,,,,,,,,,,,,,,,19.3,19.0,7.2,4.6,19.0,19.0,21.5,22.1,20.1,29.0,31.1,34.3
2025-05-23 21:00:00,,,,,,,,,,,,,,,,,,,,19.3,19.0,7.3,4.5,19.0,18.9,21.5,22.1,20.1,29.0,31.1,34.3
2025-05-23 22:00:00,,,,,,,,,,,,,,,,,,,,19.3,19.0,7.3,4.5,19.0,18.9,21.4,22.1,20.1,29.0,31.1,34.3
2025-05-23 23:00:00,,,,,,,,,,,,,,,,,,,,19.2,19.0,7.3,4.6,19.0,18.9,21.4,22.1,20.1,29.0,31.1,34.3
2025-05-24 01:00:00,,,,,,,,,,,,,,,,,,,,19.2,18.9,7.3,4.6,19.0,18.9,21.4,22.0,20.1,29.0,31.2,34.4
2025-05-24 02:00:00,,,,,,,,,,,,,,,,,,,,19.2,18.9,7.2,4.6,18.9,18.9,21.4,22.0,20.1,29.0,31.2,34.4
2025-05-24 03:00:00,,,,,,,,,,,,,,,,,,,,19.2,18.9,7.2,4.6,18.9,18.9,21.4,22.0,20.1,29.0,31.2,34.4
2025-05-24 04:00:00,,,,,,,,,,,,,,,,,,,,19.2,18.9,7.2,4.6,18.9,18.9,21.4,22.0,20.1,29.0,31.2,34.4
2025-05-24 05:00:00,,,,,,,,,,,,,,,,,,,,19.1,18.9,7.2,4.6,18.9,18.9,21.4,22.0,20.1,29.0,31.2,34.4
2025-05-24 06:00:00,,,,,,,,,,,,,,,,,,,,19.2,18.9,7.2,4.6,18.9,18.9,21.4,22.0,20.1,29.1,31.2,34.4
2025-05-24 07:00:00,,,,,,,,,,,,,,,,,,,,19.2,18.9,7.2,4.5,18.9,18.9,21.4,22.0,20.1,29.1,31.2,34.4
2025-05-24 08:00:00,,,,,,,,,,,,,,,,,,,,19.1,18.9,7.3,4.6,18.9,18.9,21.4,22.0,20.0,29.0,31.2,34.4
2025-05-24 09:00:00,,,,,,,,,,,,,,,,,,,,19.1,18.9,7.2,4.5,18.9,18.8,21.3,21.9,19.9,28.8,31.1,34.3
2025-05-24 10:00:00,,,,,,,,,,,,,,,,,,,,19.1,18.8,7.2,4.5,18.9,18.8,21.3,21.8,19.8,28.6,30.9,34.1
2025-05-24 11:00:00,,,,,,,,,,,,,,,,,,,,19.0,18.7,7.2,4.5,18.8,18.7,21.2,21.8,19.7,28.4,30.7,33.9
2025-05-24 12:00:00,,,,,,,,,,,,,,,,,,,,19.0,18.7,7.2,4.5,18.8,18.7,21.2,21.8,19.6,28.3,30.6,33.7
2025-05-24 13:00:00,,,,,,,,,,,,,,,,,,,,19.0,18.7,7.2,4.5,18.7,18.7,21.2,21.7,19.5,28.1,30.4,33.5
2025-05-24 14:00:00,,,,,,,,,,,,,,,,,,,,19.0,18.7,7.2,4.5,18.7,18.7,21.1,21.7,19.5,28.1,30.3,33.4
2025-05-24 15:00:00,,,,,,,,,,,,,,,,,,,,18.9,18.7,7.2,4.5,18.7,18.6,21.1,21.6,19.5,28.1,30.3,33.3
2025-05-24 16:00:00,,,,,,,,,,,,,,,,,,,,18.9,18.7,7.2,4.5,18.7,18.7,21.1,21.6,19.5,28.1,30.3,33.3
2025-05-24 17:00:00,,,,,,,,,,,,,,,,,,,,18.9,18.7,7.2,4.5,18.7,18.6,21.1,21.6,19.5,28.1,30.3,33.3
2025-05-24 18:00:00,,,,,,,,,,,,,,,,,,,,18.9,18.7,7.2,4.5,18.7,18.6,21.1,21.6,19.5,28.2,30.3,33.3
2025-05-24 19:00:00,,,,,,,,,,,,,,,,,,,,18.9,18.7,7.2,4.5,18.7,18.6,21.1,21.6,19.5,28.2,30.3,33.3
2025-05-24 20:00:00,,,,,,,,,,,,,,,,,,,,18.8,18.7,7.2,4.5,18.7,18.6,21.1,21.6,19.5,28.2,30.3,33.3
2025-05-24 21:00:00,,,,,,,,,,,,,,,,,,,,18.8,18.7,7.2,4.5,18.7,18.6,21.1,21.6,19.5,28.2,30.3,33.3
2025-05-24 22:00:00,,,,,,,,,,,,,,,,,,,,18.8,18.7,7.2,4.5,18.7,18.6,21.1,21.6,19.5,28.2,30.3,33.3
2025-05-24 23:00:00,,,,,,,,,,,,,,,,,,,,18.8,18.7,7.2,4.5,18.7,18.6,21.1,21.6,19.5,28.2,30.3,33.3
2025-05-25 01:00:00,,,,,,,,,,,,,,,,,,,,18.8,18.7,7.2,4.6,18.7,18.6,21.0,21.6,19.5,28.3,30.3,33.3
2025-05-25 02:00:00,,,,,,,,,,,,,,,,,,,,18.8,18.7,7.2,4.5,18.7,18.6,21.0,21.6,19.5,28.3,30.3,33.3
2025-05-25 03:00:00,,,,,,,,,,,,,,,,,,,,18.8,18.7,7.2,4.5,18.7,18.6,21.0,21.5,19.5,28.3,30.4,33.3
2025-05-25 04:00:00,,,,,,,,,,,,,,,,,,,,18.8,18.7,7.2,4.5,18.7,18.6,21.0,21.5,19.5,28.3,30.4,33.3
2025-05-25 05:00:00,,,,,,,,,,,,,,,,,,,,18.8,18.7,7.2,4.5,18.7,18.6,21.0,21.5,19.5,28.3,30.4,33.4
2025-05-25 06:00:00,,,,,,,,,,,,,,,,,,,,18.8,18.7,7.2,4.5,18.7,18.6,21.0,21.5,19.5,28.3,30.4,33.4
2025-05-25 07:00:00,,,,,,,,,,,,,,,,,,,,18.8,18.7,7.2,4.5,18.7,18.6,21.0,21.5,19.5,28.3,30.4,33.4
2025-05-25 08:00:00,,,,,,,,,,,,,,,,,,,,18.8,18.7,7.2,4.5,18.7,18.6,21.0,21.5,19.5,28.3,30.4,33.4
2025-05-25 09:00:00,,,,,,,,,,,,,,,,,,,,20.3,18.7,7.2,4.5,18.7,18.6,21.0,21.5,19.5,28.3,30.4,33.4
2025-05-25 10:00:00,,,,,,,,,,,,,,,,,,,,21.4,18.7,7.2,4.5,18.7,18.6,21.0,21.5,19.5,28.3,30.4,33.4
2025-05-25 11:00:00,,,,,,,,,,,,,,,,,,,,21.6,18.7,7.2,4.5,18.7,18.6,21.0,21.5,19.5,28.3,30.4,33.4
2025-05-25 12:00:00,,,,,,,,,,,,,,,,,,,,21.6,18.7,7.2,4.5,18.7,18.6,20.9,21.4,19.5,28.3,30.4,33.4
2025-05-25 13:00:00,,,,,,,,,,,,,,,,,,,,21.7,18.7,7.2,4.5,18.7,18.6,20.9,21.4,19.5,28.3,30.4,33.4
2025-05-25 14:00:00,,,,,,,,,,,,,,,,,,,,21.6,18.7,7.2,4.5,18.6,18.6,20.9,21.4,19.5,28.3,30.4,33.4
2025-05-25 15:00:00,,,,,,,,,,,,,,,,,,,,22.0,18.8,7.1,4.5,18.6,18.6,20.9,21.4,19.5,28.3,30.4,33.4
2025-05-25 16:00:00,,,,,,,,,,,,,,,,,,,,22.5,18.8,7.2,4.5,18.6,18.6,20.9,21.4,19.5,28.3,30.4,33.4
2025-05-25 17:00:00,,,,,,,,,,,,,,,,,,,,22.6,18.7,7.2,4.5,18.6,18.6,20.9,21.4,19.5,28.3,30.4,33.4
2025-05-25 18:00:00,,,,,,,,,,,,,,,,,,,,22.6,18.8,7.2,4.5,18.6,18.6,20.9,21.4,19.5,28.3,30.4,33.4
2025-05-25 19:00:00,,,,,,,,,,,,,,,,,,,,22.7,18.7,7.2,4.5,18.6,18.6,20.9,21.4,19.5,28.3,30.4,33.4
2025-05-25 20:00:00,,,,,,,,,,,,,,,,,,,,22.7,18.8,7.2,4.6,18.6,18.6,20.9,21.4,19.5,28.3,30.4,33.4
2025-05-25 21:00:00,,,,,,,,,,,,,,,,,,,,22.7,18.8,7.2,4.5,18.6,18.6,20.9,21.4,19.5,28.3,30.4,33.4
2025-05-25 22:00:00,,,,,,,,,,,,,,,,,,,,22.8,18.8,7.2,4.5,18.6,18.6,20.9,21.4,19.5,28.3,30.5,33.4
2025-05-25 23:00:00,,,,,,,,,,,,,,,,,,,,22.7,18.8,7.2,4.5,18.6,18.6,20.9,21.4,19.6,28.3,30.5,33.4
2025-05-26 01:00:00,,,,,,,,,,,,,,,,,,,,22.8,18.8,7.2,4.5,18.6,18.6,20.9,21.4,19.6,28.4,30.5,33.5
2025-05-26 02:00:00,,,,,,,,,,,,,,,,,,,,22.7,18.8,7.2,4.5,18.6,18.5,20.9,21.4,19.6,28.4,30.5,33.5
2025-05-26 03:00:00,,,,,,,,,,,,,,,,,,,,22.7,18.8,7.2,4.5,18.6,18.5,20.9,21.4,19.6,28.4,30.5,33.5
2025-05-26 04:00:00,,,,,,,,,,,,,,,,,,,,22.7,18.8,7.2,4.5,18.6,18.5,20.9,21.4,19.6,28.4,30.5,33.5
2025-05-26 05:00:00,,,,,,,,,,,,,,,,,,,,22.7,18.8,7.2,4.5,18.6,18.5,20.9,21.4,19.6,28.4,30.5,33.5
2025-05-26 06:00:00,,,,,,,,,,,,,,,,,,,,22.8,18.8,7.2,4.5,18.6,18.6,20.9,21.4,19.6,28.4,30.5,33.5
2025-05-26 07:00:00,,,,,,,,,,,,,,,,,,,,22.8,18.8,7.2,4.5,18.6,18.6,20.9,21.4,19.6,28.4,30.5,33.5
2025-05-26 08:00:00,,,,,,,,,,,,,,,,,,,,22.8,18.8,7.2,4.6,18.6,18.6,21.0,21.4,19.6,28.4,30.5,33.5
2025-05-26 09:00:00,,,,,,,,,,,,,,,,,,,,22.8,18.8,7.2,4.5,18.6,18.6,21.0,21.4,19.6,28.4,30.5,33.5
2025-05-26 10:00:00,,,,,,,,,,,,,,,,,,,,22.7,18.8,7.2,4.5,18.6,18.6,21.0,21.4,19.6,28.4,30.5,33.5
2025-05-26 11:00:00,,,,,,,,,,,,,,,,,,,,22.7,18.8,7.2,4.5,18.6,18.6,21.0,21.4,19.6,28.4,30.5,33.5
2025-05-26 12:00:00,,,,,,,,,,,,,,,,,,,,22.7,18.8,7.2,4.5,18.6,18.6,21.0,21.4,19.5,28.3,30.5,33.4
2025-05-26 13:00:00,,,,,,,,,,,,,,,,,,,,22.7,18.8,7.2,4.5,18.6,18.6,20.9,21.4,19.5,28.3,30.5,33.4
2025-05-26 14:00:00,,,,,,,,,,,,,,,,,,,,22.6,18.8,7.2,4.5,18.6,18.5,20.9,21.3,19.5,28.3,30.4,33.4
2025-05-26 15:00:00,,,,,,,,,,,,,,,,,,,,22.6,18.8,7.2,4.5,18.7,18.5,20.9,21.3,19.5,28.3,30.4,33.4
2025-05-26 16:00:00,,,,,,,,,,,,,,,,,,,,22.6,18.8,7.2,4.5,18.6,18.5,20.9,21.3,19.5,28.3,30.4,33.4
2025-05-26 17:00:00,,,,,,,,,,,,,,,,,,,,22.5,18.8,7.2,4.6,18.6,18.6,20.9,21.3,19.5,28.3,30.4,33.4
2025-05-26 18:00:00,,,,,,,,,,,,,,,,,,,,22.6,18.8,7.2,4.5,18.6,18.6,20.9,21.3,19.5,28.3,30.4,33.4
2025-05-26 19:00:00,,,,,,,,,,,,,,,,,,,,22.5,18.8,7.2,4.5,18.6,18.6,20.9,21.3,19.5,28.3,30.4,33.4
2025-05-26 20:00:00,,,,,,,,,,,,,,,,,,,,22.5,18.8,7.2,4.5,18.6,18.5,20.9,21.3,19.5,28.3,30.4,33.4
2025-05-26 21:00:00,,,,,,,,,,,,,,,,,,,,22.5,18.8,7.2,4.5,18.6,18.5,20.9,21.3,19.5,28.3,30.5,33.4
2025-05-26 22:00:00,,,,,,,,,,,,,,,,,,,,22.5,18.9,7.2,4.5,18.6,18.5,20.9,21.4,19.5,28.3,30.5,33.4
2025-05-26 23:00:00,,,,,,,,,,,,,,,,,,,,22.5,18.9,7.2,4.5,18.6,18.5,20.9,21.4,19.5,28.3,30.5,33.4
2025-05-27 01:00:00,,,,,,,,,,,,,,,,,,,,22.5,18.8,7.2,4.5,18.6,18.5,20.9,21.4,19.5,28.3,30.5,33.4
2025-05-27 02:00:00,,,,,,,,,,,,,,,,,,,,22.5,18.8,7.2,4.6,18.6,18.6,20.9,21.4,19.5,28.4,30.5,33.4
2025-05-27 03:00:00,,,,,,,,,,,,,,,,,,,,22.4,18.8,7.2,4.6,18.6,18.6,20.9,21.4,19.5,28.4,30.5,33.4
2025-05-27 04:00:00,,,,,,,,,,,,,,,,,,,,22.4,18.9,7.2,4.5,18.6,18.6,20.9,21.4,19.5,28.4,30.5,33.4
2025-05-27 05:00:00,,,,,,,,,,,,,,,,,,,,22.4,18.9,7.2,4.5,18.6,18.6,20.9,21.4,19.5,28.4,30.5,33.4
2025-05-27 06:00:00,,,,,,,,,,,,,,,,,,,,22.4,18.9,7.2,4.5,18.6,18.6,20.9,21.4,19.5,28.4,30.5,33.4
2025-05-27 07:00:00,,,,,,,,,,,,,,,,,,,,22.4,18.9,7.2,4.5,18.6,18.6,20.9,21.4,19.6,28.4,30.5,33.4
2025-05-27 08:00:00,,,,,,,,,,,,,,,,,,,,22.3,18.8,7.2,4.5,18.6,18.6,20.9,21.4,19.5,28.3,30.5,33.4
2025-05-27 09:00:00,,,,,,,,,,,,,,,,,,,,22.2,18.9,7.2,4.5,18.6,18.5,20.9,21.3,19.5,28.2,30.4,33.4
2025-05-27 10:00:00,,,,,,,,,,,,,,,,,,,,22.0,18.9,7.2,4.5,18.5,18.5,20.9,21.3,19.4,28.1,30.3,33.3
2025-05-27 11:00:00,,,,,,,,,,,,,,,,,,,,21.8,18.8,7.2,4.5,18.5,18.5,20.9,21.3,19.4,28.0,30.2,33.2
2025-05-27 12:00:00,,,,,,,,,,,,,,,,,,,,21.6,18.8,7.2,4.5,18.5,18.5,20.9,21.2,19.3,27.9,30.1,33.1
2025-05-27 13:00:00,,,,,,,,,,,,,,,,,,,,21.4,18.7,7.2,4.5,18.5,18.5,20.8,21.2,19.2,27.8,30.0,33.0
2025-05-27 14:00:00,,,,,,,,,,,,,,,,,,,,21.4,18.7,7.2,4.5,18.5,18.4,20.8,21.2,19.2,27.8,29.9,32.9
2025-05-27 15:00:00,,,,,,,,,,,,,,,,,,,,21.3,18.7,7.2,4.5,18.5,18.4,20.8,21.1,19.2,27.8,30.0,32.9
2025-05-27 16:00:00,,,,,,,,,,,,,,,,,,,,21.2,18.8,7.2,4.5,18.5,18.4,20.8,21.1,19.2,27.8,30.0,32.9
2025-05-27 17:00:00,,,,,,,,,,,,,,,,,,,,21.2,18.8,7.2,4.5,18.5,18.4,20.8,21.1,19.2,27.9,30.0,32.9
2025-05-27 18:00:00,,,,,,,,,,,,,,,,,,,,21.2,18.8,7.3,4.5,18.4,18.4,20.8,21.1,19.2,27.9,30.0,32.9
2025-05-27 19:00:00,,,,,,,,,,,,,,,,,,,,21.2,18.8,7.2,4.5,18.4,18.4,20.8,21.1,19.2,27.9,30.0,33.0
2025-05-27 20:00:00,,,,,,,,,,,,,,,,,,,,21.2,18.8,7.2,4.5,18.4,18.4,20.8,21.1,19.2,27.9,30.1,33.0
2025-05-27 21:00:00,,,,,,,,,,,,,,,,,,,,21.2,18.7,7.2,4.5,18.4,18.4,20.8,21.2,19.2,28.0,30.1,33.0
2025-05-27 22:00:00,,,,,,,,,,,,,,,,,,,,21.2,18.8,7.2,4.5,18.4,18.4,20.7,21.2,19.2,28.0,30.1,33.0
2025-05-27 23:00:00,,,,,,,,,,,,,,,,,,,,21.2,18.8,7.2,4.5,18.4,18.4,20.8,21.2,19.2,28.0,30.1,33.0
2025-05-28 01:00:00,,,,,,,,,,,,,,,,,,,,21.2,18.7,7.2,4.5,18.4,18.4,20.7,21.1,19.2,28.0,30.1,33.0
2025-05-28 02:00:00,,,,,,,,,,,,,,,,,,,,21.2,18.7,7.2,4.5,18.4,18.4,20.7,21.1,19.3,28.1,30.1,33.0
2025-05-28 03:00:00,,,,,,,,,,,,,,,,,,,,21.1,18.7,7.2,4.5,18.4,18.4,20.7,21.1,19.3,28.1,30.1,33.0
2025-05-28 04:00:00,,,,,,,,,,,,,,,,,,,,21.1,18.7,7.2,4.5,18.4,18.4,20.7,21.1,19.3,28.1,30.1,33.0
2025-05-28 05:00:00,,,,,,,,,,,,,,,,,,,,21.1,18.8,7.2,4.5,18.4,18.4,20.8,21.1,19.3,28.1,30.1,33.0
2025-05-28 06:00:00,,,,,,,,,,,,,,,,,,,,21.1,18.7,7.2,4.5,18.4,18.4,20.8,21.1,19.3,28.1,30.2,33.0
2025-05-28 07:00:00,,,,,,,,,,,,,,,,,,,,21.2,18.7,7.2,4.5,18.4,18.4,20.9,21.1,19.3,28.1,30.2,33.0
2025-05-28 08:00:00,,,,,,,,,,,,,,,,,,,,21.1,18.8,7.2,4.5,18.4,18.4,20.9,21.1,19.3,28.1,30.2,33.0
2025-05-28 09:00:00,,,,,,,,,,,,,,,,,,,,21.1,18.7,7.2,4.5,18.4,18.4,20.8,21.1,19.3,28.1,30.1,33.0
2025-05-28 10:00:00,,,,,,,,,,,,,,,,,,,,20.9,18.7,7.2,4.5,18.4,18.4,20.8,21.1,19.2,28.0,30.1,33.0
2025-05-28 11:00:00,,,,,,,,,,,,,,,,,,,,20.8,18.7,7.2,4.5,18.4,18.4,20.8,21.1,19.2,27.9,30.0,32.9
2025-05-28 12:00:00,,,,,,,,,,,,,,,,,,,,20.7,18.7,7.2,4.5,18.4,18.4,20.8,21.1,19.2,27.9,29.9,32.8
2025-05-28 13:00:00,,,,,,,,,,,,,,,,,,,,20.7,18.7,7.2,4.5,18.4,18.4,20.8,21.0,19.2,27.9,29.9,32.8
2025-05-28 14:00:00,,,,,,,,,,,,,,,,,,,,20.7,18.8,7.3,4.5,18.4,18.4,20.8,21.0,19.2,27.9,29.9,32.8
2025-05-28 15:00:00,,,,,,,,,,,,,,,,,,,,20.6,18.8,7.2,4.5,18.4,18.4,20.8,21.0,19.2,27.9,30.0,32.8
2025-05-28 16:00:00,,,,,,,,,,,,,,,,,,,,20.6,18.7,7.2,4.5,18.4,18.4,20.8,21.0,19.2,27.9,30.0,32.8
2025-05-28 17:00:00,,,,,,,,,,,,,,,,,,,,20.6,18.7,7.2,4.5,18.4,18.4,20.8,21.0,19.2,27.9,30.0,32.8
2025-05-28 18:00:00,,,,,,,,,,,,,,,,,,,,20.6,18.7,7.2,4.5,18.4,18.4,20.8,21.0,19.2,28.0,30.0,32.8
2025-05-28 19:00:00,,,,,,,,,,,,,,,,,,,,20.6,18.7,7.2,4.5,18.4,18.4,20.7,21.0,19.2,28.0,30.0,32.9
2025-05-28 20:00:00,,,,,,,,,,,,,,,,,,,,20.5,18.8,7.2,4.5,18.4,18.4,20.7,21.1,19.2,28.0,30.0,32.9
2025-05-28 21:00:00,,,,,,,,,,,,,,,,,,,,20.6,18.8,7.2,4.5,18.4,18.4,20.8,21.1,19.2,28.0,30.0,32.9
2025-05-28 22:00:00,,,,,,,,,,,,,,,,,,,,20.5,18.7,7.2,4.5,18.4,18.4,20.8,21.1,19.2,28.0,30.0,32.9
2025-05-28 23:00:00,,,,,,,,,,,,,,,,,,,,20.5,18.7,7.2,4.5,18.4,18.3,20.7,21.1,19.2,28.0,30.1,32.9
2025-05-29 01:00:00,,,,,,,,,,,,,,,,,,,,20.5,18.7,7.2,4.5,18.4,18.3,20.7,21.1,19.2,28.0,30.1,32.9
2025-05-29 02:00:00,,,,,,,,,,,,,,,,,,,,20.5,18.7,7.2,4.5,18.4,18.3,20.8,21.1,19.2,28.0,30.1,33.0
2025-05-29 03:00:00,,,,,,,,,,,,,,,,,,,,20.5,18.7,7.2,4.6,18.4,18.4,20.8,21.1,19.2,28.0,30.1,33.0
2025-05-29 04:00:00,,,,,,,,,,,,,,,,,,,,20.4,18.8,7.2,4.6,18.4,18.3,20.7,21.1,19.2,28.1,30.1,33.0
2025-05-29 05:00:00,,,,,,,,,,,,,,,,,,,,20.4,18.8,7.2,4.6,18.4,18.4,20.8,21.1,19.2,28.1,30.1,33.0
2025-05-29 06:00:00,,,,,,,,,,,,,,,,,,,,20.4,18.8,7.2,4.6,18.4,18.4,20.8,21.1,19.2,28.1,30.1,33.0
2025-05-29 07:00:00,,,,,,,,,,,,,,,,,,,,20.4,18.8,7.2,4.6,18.4,18.4,20.8,21.1,19.2,28.1,30.1,33.0
2025-05-29 08:00:00,,,,,,,,,,,,,,,,,,,,20.4,18.8,7.2,4.5,18.4,18.4,20.8,21.1,19.2,28.1,30.1,33.0
2025-05-29 09:00:00,,,,,,,,,,,,,,,,,,,,20.4,18.8,7.2,4.6,18.4,18.4,20.8,21.1,19.2,28.1,30.1,33.0
2025-05-29 10:00:00,,,,,,,,,,,,,,,,,,,,20.4,18.8,7.2,4.5,18.4,18.4,20.8,21.1,19.2,28.0,30.1,33.0
2025-05-29 11:00:00,,,,,,,,,,,,,,,,,,,,20.3,18.8,7.2,4.5,18.4,18.4,20.8,21.1,19.2,28.0,30.1,33.0
2025-05-29 12:00:00,,,,,,,,,,,,,,,,,,,,20.4,18.8,7.2,4.5,18.4,18.4,20.8,21.1,19.2,28.0,30.1,33.0
2025-05-29 13:00:00,,,,,,,,,,,,,,,,,,,,20.4,18.8,7.2,4.5,18.4,18.4,20.7,21.1,19.2,28.0,30.1,33.0
2025-05-29 14:00:00,,,,,,,,,,,,,,,,,,,,20.4,18.8,7.2,4.6,18.4,18.4,20.7,21.1,19.2,28.0,30.1,33.0
2025-05-29 15:00:00,,,,,,,,,,,,,,,,,,,,20.4,18.8,7.2,4.6,18.4,18.3,20.8,21.1,19.2,28.0,30.1,33.0
2025-05-29 16:00:00,,,,,,,,,,,,,,,,,,,,20.4,18.8,7.2,4.6,18.4,18.4,20.7,21.1,19.2,28.0,30.1,33.0
2025-05-29 17:00:00,,,,,,,,,,,,,,,,,,,,20.4,18.8,7.2,4.6,18.4,18.3,20.7,21.1,19.2,28.0,30.1,33.0
2025-05-29 18:00:00,,,,,,,,,,,,,,,,,,,,20.4,18.8,7.2,4.6,18.4,18.3,20.8,21.1,19.2,28.1,30.1,33.0
2025-05-29 19:00:00,,,,,,,,,,,,,,,,,,,,20.4,18.8,7.2,4.6,18.4,18.3,20.8,21.0,19.2,28.1,30.1,33.0
2025-05-29 20:00:00,,,,,,,,,,,,,,,,,,,,20.3,18.8,7.2,4.6,18.4,18.4,20.8,21.0,19.2,28.1,30.1,33.0
2025-05-29 21:00:00,,,,,,,,,,,,,,,,,,,,20.4,18.8,7.2,4.5,18.4,18.4,20.8,21.1,19.2,28.1,30.1,33.0
2025-05-29 22:00:00,,,,,,,,,,,,,,,,,,,,20.4,18.9,7.2,4.6,18.4,18.4,20.8,21.0,19.2,28.1,30.1,33.0
2025-05-29 23:00:00,,,,,,,,,,,,,,,,,,,,20.4,18.8,7.2,4.5,18.4,18.3,20.8,21.1,19.2,28.1,30.1,33.0
2025-05-30 01:00:00,,,,,,,,,,,,,,,,,,,,20.4,18.8,7.2,4.5,18.4,18.3,20.8,21.1,19.2,28.1,30.1,33.0
2025-05-30 02:00:00,,,,,,,,,,,,,,,,,,,,20.4,18.8,7.2,4.5,18.4,18.4,20.8,21.0,19.3,28.1,30.1,33.0
2025-05-30 03:00:00,,,,,,,,,,,,,,,,,,,,20.5,18.8,7.2,4.5,18.4,18.4,20.8,21.1,19.3,28.1,30.1,33.0
2025-05-30 04:00:00,,,,,,,,,,,,,,,,,,,,20.5,18.8,7.2,4.5,18.4,18.4,20.8,21.1,19.3,28.1,30.1,33.0
2025-05-30 05:00:00,,,,,,,,,,,,,,,,,,,,20.4,18.8,7.2,4.5,18.4,18.4,20.8,21.0,19.3,28.1,30.1,33.0
2025-05-30 06:00:00,,,,,,,,,,,,,,,,,,,,20.5,18.8,7.2,4.6,18.4,18.4,20.8,21.0,19.3,28.1,30.2,33.1
2025-05-30 07:00:00,,,,,,,,,,,,,,,,,,,,20.5,18.8,7.2,4.6,18.4,18.4,20.8,21.0,19.3,28.2,30.2,33.1
2025-05-30 08:00:00,,,,,,,,,,,,,,,,,,,,20.5,18.8,7.2,4.6,18.4,18.4,20.8,21.1,19.3,28.2,30.2,33.1
2025-05-30 09:00:00,,,,,,,,,,,,,,,,,,,,20.5,18.8,7.2,4.6,18.4,18.4,20.8,21.1,19.3,28.2,30.2,33.1
2025-05-30 10:00:00,,,,,,,,,,,,,,,,,,,,20.5,18.8,7.2,4.6,18.4,18.4,20.8,21.1,19.3,28.2,30.2,33.1
2025-05-30 11:00:00,,,,,,,,,,,,,,,,,,,,20.5,18.8,7.2,4.5,18.4,18.4,20.8,21.1,19.3,28.1,30.2,33.1
2025-05-30 12:00:00,,,,,,,,,,,,,,,,,,,,20.6,18.8,7.2,4.5,18.4,18.4,20.8,21.1,19.3,28.1,30.1,33.0
2025-05-30 13:00:00,,,,,,,,,,,,,,,,,,,,20.5,18.8,7.3,4.6,18.4,18.4,20.8,21.0,19.2,28.1,30.1,33.0
2025-05-30 14:00:00,,,,,,,,,,,,,,,,,,,,20.5,18.8,7.3,4.5,18.4,18.4,20.8,21.0,19.2,28.1,30.1,33.0
2025-05-30 15:00:00,,,,,,,,,,,,,,,,,,,,20.5,18.8,7.3,4.5,18.4,18.4,20.8,21.0,19.2,28.0,30.1,33.0
2025-05-30 16:00:00,,,,,,,,,,,,,,,,,,,,20.5,18.8,7.3,4.5,18.4,18.4,20.8,21.0,19.2,28.0,30.1,33.0
2025-05-30 17:00:00,,,,,,,,,,,,,,,,,,,,20.5,18.8,7.3,4.5,18.4,18.3,20.8,21.0,19.2,28.0,30.1,33.0
2025-05-30 18:00:00,,,,,,,,,,,,,,,,,,,,20.5,18.8,7.2,4.5,18.4,18.3,20.8,21.0,19.2,28.1,30.1,33.0
2025-05-30 19:00:00,,,,,,,,,,,,,,,,,,,,20.5,18.8,7.2,4.5,18.4,18.3,20.8,21.0,19.2,28.1,30.1,33.0
2025-05-30 20:00:00,,,,,,,,,,,,,,,,,,,,20.6,18.8,7.2,4.5,18.4,18.3,20.8,21.0,19.2,28.1,30.1,33.0
2025-05-30 21:00:00,,,,,,,,,,,,,,,,,,,,20.5,18.8,7.2,4.5,18.4,18.3,20.8,21.0,19.3,28.1,30.1,33.0
2025-05-30 22:00:00,,,,,,,,,,,,,,,,,,,,20.5,18.8,7.2,4.5,18.4,18.3,20.8,21.0,19.3,28.1,30.1,33.0
2025-05-30 23:00:00,,,,,,,,,,,,,,,,,,,,20.5,18.8,7.3,4.5,18.4,18.3,20.8,21.0,19.3,28.1,30.1,33.0
2025-05-31 01:00:00,,,,,,,,,,,,,,,,,,,,20.5,18.8,7.2,4.5,18.4,18.3,20.8,21.0,19.3,28.1,30.1,33.0
2025-05-31 02:00:00,,,,,,,,,,,,,,,,,,,,20.5,18.9,7.2,4.5,18.4,18.3,20.8,21.0,19.3,28.1,30.1,33.0
2025-05-31 03:00:00,,,,,,,,,,,,,,,,,,,,20.5,18.9,7.2,4.5,18.4,18.3,20.8,21.0,19.3,28.1,30.1,33.0
2025-05-31 04:00:00,,,,,,,,,,,,,,,,,,,,20.5,18.8,7.2,4.5,18.4,18.3,20.8,21.0,19.3,28.1,30.1,33.0
2025-05-31 05:00:00,,,,,,,,,,,,,,,,,,,,20.6,18.8,7.2,4.5,18.4,18.3,20.8,21.0,19.3,28.1,30.1,33.1
2025-05-31 06:00:00,,,,,,,,,,,,,,,,,,,,20.5,18.8,7.2,4.5,18.4,18.3,20.8,21.0,19.3,28.2,30.1,33.1
2025-05-31 07:00:00,,,,,,,,,,,,,,,,,,,,20.5,18.9,7.2,4.5,18.4,18.3,20.8,21.0,19.3,28.2,30.1,33.1
2025-05-31 08:00:00,,,,,,,,,,,,,,,,,,,,20.6,18.9,7.2,4.5,18.4,18.3,20.8,21.0,19.3,28.2,30.2,33.1
2025-05-31 09:00:00,,,,,,,,,,,,,,,,,,,,20.5,18.9,7.2,4.5,18.4,18.3,20.8,21.0,19.3,28.1,30.2,33.1
2025-05-31 10:00:00,,,,,,,,,,,,,,,,,,,,20.5,18.9,7.2,4.5,18.4,18.3,20.8,21.0,19.3,28.1,30.1,33.1
2025-05-31 11:00:00,,,,,,,,,,,,,,,,,,,,20.5,18.9,7.2,4.5,18.4,18.3,20.7,21.0,19.3,28.1,30.1,33.0
2025-05-31 12:00:00,,,,,,,,,,,,,,,,,,,,20.5,18.9,7.2,4.5,18.4,18.3,20.7,21.0,19.2,28.0,30.0,32.9
2025-05-31 13:00:00,,,,,,,,,,,,,,,,,,,,20.4,18.8,7.2,4.5,18.4,18.3,20.7,21.0,19.2,27.9,29.9,32.9
2025-05-31 14:00:00,,,,,,,,,,,,,,,,,,,,20.3,18.9,7.2,4.5,18.4,18.3,20.7,20.9,19.2,27.9,29.9,32.9
2025-05-31 15:00:00,,,,,,,,,,,,,,,,,,,,20.3,18.8,7.2,4.5,18.4,18.3,20.7,20.9,19.2,27.9,29.9,32.8
2025-05-31 16:00:00,,,,,,,,,,,,,,,,,,,,20.2,18.8,7.2,4.6,18.4,18.3,20.7,20.9,19.1,27.9,29.9,32.8
2025-05-31 17:00:00,,,,,,,,,,,,,,,,,,,,20.2,18.8,7.2,4.5,18.4,18.3,20.7,20.9,19.1,27.9,29.9,32.8
2025-05-31 18:00:00,,,,,,,,,,,,,,,,,,,,20.3,18.8,7.2,4.5,18.3,18.3,20.7,20.9,19.1,27.9,29.9,32.8
2025-05-31 19:00:00,,,,,,,,,,,,,,,,,,,,20.2,18.8,7.2,4.5,18.3,18.4,20.7,20.9,19.2,27.9,29.9,32.8
2025-05-31 20:00:00,,,,,,,,,,,,,,,,,,,,20.3,18.8,7.2,4.5,18.3,18.4,20.7,20.9,19.2,27.9,29.9,32.8
2025-05-31 21:00:00,,,,,,,,,,,,,,,,,,,,20.3,18.8,7.2,4.5,18.3,18.4,20.7,20.9,19.2,27.9,29.9,32.8
2025-05-31 22:00:00,,,,,,,,,,,,,,,,,,,,20.2,18.8,7.2,4.5,18.3,18.4,20.7,20.9,19.2,27.9,29.9,32.8
2025-05-31 23:00:00,,,,,,,,,,,,,,,,,,,,20.2,18.8,7.2,4.5,18.3,18.4,20.7,20.9,19.2,28.0,29.9,32.9
2025-06-01 01:00:00,,,,,,,,,,,,,,,,,,,,20.3,18.8,7.2,4.5,18.3,18.4,20.7,20.9,19.2,28.0,29.9,32.9
2025-06-01 02:00:00,,,,,,,,,,,,,,,,,,,,20.3,18.8,7.2,4.5,18.3,18.4,20.7,20.9,19.2,28.0,29.9,32.9
2025-06-01 03:00:00,,,,,,,,,,,,,,,,,,,,20.2,18.8,7.2,4.5,18.3,18.4,20.7,20.9,19.2,28.0,30.0,32.9
2025-06-01 04:00:00,,,,,,,,,,,,,,,,,,,,20.2,18.8,7.2,4.5,18.3,18.4,20.7,20.9,19.2,28.0,29.9,32.9
2025-06-01 05:00:00,,,,,,,,,,,,,,,,,,,,20.2,18.8,7.2,4.5,18.3,18.4,20.7,20.9,19.2,28.0,30.0,32.9
2025-06-01 06:00:00,,,,,,,,,,,,,,,,,,,,20.3,18.8,7.2,4.5,18.3,18.4,20.7,20.9,19.2,28.0,30.0,32.9
2025-06-01 07:00:00,,,,,,,,,,,,,,,,,,,,20.2,18.8,7.3,4.5,18.4,18.4,20.7,20.9,19.2,28.0,30.0,32.9
2025-06-01 08:00:00,,,,,,,,,,,,,,,,,,,,20.3,18.8,7.2,4.5,18.3,18.4,20.7,20.9,19.2,27.9,29.9,32.9
2025-06-01 09:00:00,,,,,,,,,,,,,,,,,,,,20.0,18.8,7.2,4.5,18.3,18.4,20.7,20.9,19.1,27.8,29.9,32.8
2025-06-01 10:00:00,,,,,,,,,,,,,,,,,,,,20.0,18.7,7.2,4.5,18.3,18.4,20.7,20.9,19.1,27.7,29.8,32.7
2025-06-01 11:00:00,,,,,,,,,,,,,,,,,,,,19.8,18.7,7.2,4.5,18.3,18.4,20.6,20.8,19.0,27.6,29.7,32.6
2025-06-01 12:00:00,,,,,,,,,,,,,,,,,,,,19.7,18.7,7.2,4.5,18.3,18.4,20.6,20.8,19.0,27.5,29.6,32.4
2025-06-01 13:00:00,,,,,,,,,,,,,,,,,,,,19.7,18.7,7.2,4.5,18.3,18.4,20.6,20.8,18.9,27.5,29.5,32.3
2025-06-01 14:00:00,,,,,,,,,,,,,,,,,,,,19.6,18.7,7.2,4.5,18.3,18.3,20.6,20.8,18.9,27.4,29.5,32.3
2025-06-01 15:00:00,,,,,,,,,,,,,,,,,,,,19.6,18.7,7.3,4.5,18.2,18.3,20.6,20.8,18.9,27.4,29.4,32.1
2025-06-01 16:00:00,,,,,,,,,,,,,,,,,,,,19.5,18.8,7.2,4.5,18.2,18.3,20.6,20.8,18.9,27.3,29.3,32.0
2025-06-01 17:00:00,,,,,,,,,,,,,,,,,,,,19.5,18.7,7.2,4.5,18.2,18.3,20.6,20.8,18.9,27.3,29.3,32.0
2025-06-01 18:00:00,,,,,,,,,,,,,,,,,,,,19.5,18.7,7.2,4.5,18.2,18.3,20.6,20.7,18.9,27.3,29.3,31.9
2025-06-01 19:00:00,,,,,,,,,,,,,,,,,,,,19.5,18.7,7.2,4.5,18.2,18.3,20.6,20.7,18.9,27.3,29.3,32.0
2025-06-01 20:00:00,,,,,,,,,,,,,,,,,,,,19.5,18.7,7.2,4.5,18.2,18.3,20.5,20.7,18.9,27.4,29.3,32.0
2025-06-01 21:00:00,,,,,,,,,,,,,,,,,,,,19.5,18.7,7.2,4.5,18.2,18.3,20.5,20.7,18.9,27.4,29.3,32.0
2025-06-01 22:00:00,,,,,,,,,,,,,,,,,,,,19.4,18.7,7.2,4.5,18.3,18.3,20.6,20.7,18.9,27.4,29.3,32.0
2025-06-01 23:00:00,,,,,,,,,,,,,,,,,,,,19.5,18.7,7.2,4.6,18.3,18.3,20.5,20.7,18.9,27.4,29.3,32.0
2025-06-02 01:00:00,,,,,,,,,,,,,,,,,,,,19.4,18.7,7.2,4.6,18.3,18.2,20.6,20.7,18.9,27.5,29.4,32.0
2025-06-02 02:00:00,,,,,,,,,,,,,,,,,,,,19.4,18.7,7.2,4.5,18.3,18.2,20.6,20.7,18.9,27.5,29.4,32.0
2025-06-02 03:00:00,,,,,,,,,,,,,,,,,,,,19.4,18.7,7.2,4.5,18.3,18.2,20.5,20.7,18.9,27.5,29.4,32.0
2025-06-02 04:00:00,,,,,,,,,,,,,,,,,,,,19.5,18.7,7.2,4.5,18.3,18.2,20.6,20.7,18.9,27.5,29.4,32.0
2025-06-02 05:00:00,,,,,,,,,,,,,,,,,,,,19.5,18.7,7.2,4.5,18.3,18.2,20.6,20.7,18.9,27.5,29.4,32.1
2025-06-02 06:00:00,,,,,,,,,,,,,,,,,,,,19.5,18.7,7.2,4.5,18.3,18.2,20.6,20.7,18.9,27.6,29.4,32.1
2025-06-02 07:00:00,,,,,,,,,,,,,,,,,,,,19.5,18.8,7.2,4.5,18.3,18.2,20.6,20.7,18.9,27.5,29.4,32.1
2025-06-02 08:00:00,,,,,,,,,,,,,,,,,,,,19.4,18.8,7.2,4.5,18.2,18.2,20.6,20.7,18.9,27.5,29.4,32.0
2025-06-02 09:00:00,,,,,,,,,,,,,,,,,,,,19.3,18.7,7.2,4.5,18.2,18.2,20.5,20.7,18.8,27.3,29.2,31.9
2025-06-02 10:00:00,,,,,,,,,,,,,,,,,,,,19.3,18.6,7.2,4.5,18.2,18.2,20.5,20.6,18.8,27.2,29.1,31.7
2025-06-02 11:00:00,,,,,,,,,,,,,,,,,,,,19.1,18.6,7.2,4.5,18.2,18.1,20.5,20.6,18.7,27.1,29.0,31.6
2025-06-02 12:00:00,,,,,,,,,,,,,,,,,,,,19.1,18.6,7.2,4.5,18.2,18.1,20.5,20.6,18.6,26.9,28.9,31.4
2025-06-02 13:00:00,,,,,,,,,,,,,,,,,,,,19.1,18.5,7.2,4.5,18.2,18.1,20.4,20.5,18.5,26.7,28.7,31.2
2025-06-02 14:00:00,,,,,,,,,,,,,,,,,,,,19.0,18.5,7.2,4.5,18.1,18.1,20.4,20.5,18.5,26.5,28.5,31.0
2025-06-02 15:00:00,,,,,,,,,,,,,,,,,,,,18.9,18.5,7.1,4.5,18.1,18.1,20.4,20.5,18.4,26.5,28.4,30.9
2025-06-02 16:00:00,,,,,,,,,,,,,,,,,,,,19.0,18.5,7.2,4.5,18.1,18.1,20.4,20.5,18.4,26.4,28.3,30.8
2025-06-02 17:00:00,,,,,,,,,,,,,,,,,,,,18.9,18.5,7.1,4.5,18.1,18.0,20.4,20.5,18.4,26.4,28.3,30.7
2025-06-02 18:00:00,,,,,,,,,,,,,,,,,,,,18.9,18.5,7.1,4.5,18.1,18.0,20.4,20.5,18.4,26.4,28.2,30.7
2025-06-02 19:00:00,,,,,,,,,,,,,,,,,,,,18.9,18.5,7.1,4.5,18.1,18.0,20.4,20.4,18.4,26.4,28.3,30.7
2025-06-02 20:00:00,,,,,,,,,,,,,,,,,,,,18.8,18.5,7.2,4.5,18.1,18.0,20.3,20.4,18.4,26.4,28.3,30.7
2025-06-02 21:00:00,,,,,,,,,,,,,,,,,,,,18.8,18.5,7.1,4.6,18.1,18.0,20.4,20.4,18.4,26.4,28.3,30.7
2025-06-02 22:00:00,,,,,,,,,,,,,,,,,,,,18.8,18.5,7.1,4.5,18.1,18.0,20.3,20.4,18.4,26.5,28.3,30.7
2025-06-02 23:00:00,,,,,,,,,,,,,,,,,,,,18.8,18.5,7.1,4.5,18.1,18.0,20.3,20.4,18.4,26.5,28.3,30.8
2025-06-03 01:00:00,,,,,,,,,,,,,,,,,,,,18.8,18.5,7.1,4.5,18.1,18.0,20.3,20.4,18.4,26.5,28.4,30.8
2025-06-03 02:00:00,,,,,,,,,,,,,,,,,,,,18.8,18.5,7.1,4.5,18.1,18.0,20.3,20.4,18.4,26.5,28.4,30.8
2025-06-03 03:00:00,,,,,,,,,,,,,,,,,,,,18.8,18.5,7.1,4.5,18.1,18.0,20.3,20.4,18.4,26.5,28.4,30.8
2025-06-03 04:00:00,,,,,,,,,,,,,,,,,,,,18.8,18.4,7.2,4.5,18.2,18.0,20.3,20.4,18.4,26.5,28.4,30.8
2025-06-03 05:00:00,,,,,,,,,,,,,,,,,,,,18.8,18.5,7.2,4.5,18.2,18.0,20.3,20.4,18.4,26.6,28.4,30.8
2025-06-03 06:00:00,,,,,,,,,,,,,,,,,,,,18.8,18.5,7.1,4.5,18.2,18.0,20.4,20.4,18.4,26.6,28.4,30.8
2025-06-03 07:00:00,,,,,,,,,,,,,,,,,,,,18.8,18.5,7.1,4.5,18.2,18.1,20.3,20.4,18.4,26.6,28.4,30.8
2025-06-03 08:00:00,,,,,,,,,,,,,,,,,,,,18.8,18.5,7.1,4.5,18.2,18.0,20.3,20.4,18.4,26.5,28.4,30.8
2025-06-03 09:00:00,,,,,,,,,,,,,,,,,,,,18.7,18.5,7.1,4.5,18.2,18.0,20.2,20.4,18.4,26.4,28.3,30.7
2025-06-03 10:00:00,,,,,,,,,,,,,,,,,,,,18.7,18.5,7.1,4.5,18.1,18.0,20.2,20.4,18.3,26.3,28.2,30.6
2025-06-03 11:00:00,,,,,,,,,,,,,,,,,,,,18.7,18.4,7.1,4.5,18.1,18.0,20.2,20.3,18.2,26.1,28.1,30.5
2025-06-03 12:00:00,,,,,,,,,,,,,,,,,,,,18.7,18.4,7.1,4.5,18.1,17.9,20.2,20.3,18.1,26.0,27.9,30.3
2025-06-03 13:00:00,,,,,,,,,,,,,,,,,,,,18.7,18.4,7.1,4.5,18.1,17.9,20.1,20.3,18.1,25.9,27.7,30.2
2025-06-03 14:00:00,,,,,,,,,,,,,,,,,,,,18.6,18.3,7.1,4.5,18.1,17.9,20.1,20.2,18.0,25.7,27.6,30.0
2025-06-03 15:00:00,,,,,,,,,,,,,,,,,,,,18.6,18.3,7.1,4.5,18.0,17.9,20.1,20.2,18.0,25.7,27.5,29.9
2025-06-03 16:00:00,,,,,,,,,,,,,,,,,,,,18.6,18.3,7.1,4.5,18.0,17.9,20.1,20.2,18.0,25.7,27.5,29.9
2025-06-03 17:00:00,,,,,,,,,,,,,,,,,,,,18.6,18.3,7.1,4.5,18.0,17.9,20.1,20.1,18.0,25.7,27.5,29.9
2025-06-03 18:00:00,,,,,,,,,,,,,,,,,,,,18.5,18.3,7.1,4.5,18.0,17.9,20.0,20.1,18.0,25.8,27.5,29.9
2025-06-03 19:00:00,,,,,,,,,,,,,,,,,,,,28.7,19.0,7.2,4.5,17.9,17.8,20.1,20.1,17.9,25.8,27.6,29.9
2025-06-03 20:00:00,,,,,,,,,,,,,,,,,,,,39.0,28.8,9.0,4.5,17.9,17.8,20.1,20.0,18.0,25.8,27.6,29.9
2025-06-03 21:00:00,,,,,,,,,,,,,,,,,,,,41.8,36.2,10.9,6.0,19.5,17.8,20.0,20.0,18.0,25.8,27.6,30.0
2025-06-03 22:00:00,,,,,,,,,,,,,,,,,,,,39.8,36.6,11.4,6.1,19.9,17.8,20.0,20.0,18.0,25.9,27.6,30.0
2025-06-03 23:00:00,,,,,,,,,,,,,,,,,,,,42.2,38.4,12.2,6.5,20.5,17.8,20.0,20.0,18.0,25.9,27.6,30.0
2025-06-04 01:00:00,,,,,,,,,,,,,,,,,,,,40.0,37.3,11.8,6.6,21.8,17.8,20.1,20.0,18.0,25.9,27.7,30.0
2025-06-04 02:00:00,,,,,,,,,,,,,,,,,,,,39.0,36.6,11.5,6.4,21.7,17.8,20.0,20.0,18.0,25.9,27.7,30.0
2025-06-04 03:00:00,,,,,,,,,,,,,,,,,,,,39.2,36.3,11.3,6.3,21.6,17.8,20.0,20.0,18.0,25.9,27.7,30.0
2025-06-04 04:00:00,,,,,,,,,,,,,,,,,,,,39.0,36.1,11.2,6.2,21.5,17.8,20.0,20.0,18.0,25.9,27.7,30.0
2025-06-04 05:00:00,,,,,,,,,,,,,,,,,,,,40.3,37.0,11.3,6.2,21.4,17.8,20.0,20.0,18.0,26.0,27.7,30.1
2025-06-04 06:00:00,,,,,,,,,,,,,,,,,,,,40.0,37.0,11.4,6.3,21.3,17.8,20.0,20.0,18.0,26.0,27.7,30.1
2025-06-04 07:00:00,,,,,,,,,,,,,,,,,,,,39.5,36.8,11.4,6.2,21.2,17.8,20.1,20.0,18.0,26.0,27.7,30.1
2025-06-04 08:00:00,,,,,,,,,,,,,,,,,,,,39.0,36.5,11.4,6.2,21.2,17.8,20.0,20.0,18.0,26.0,27.7,30.1
2025-06-04 09:00:00,,,,,,,,,,,,,,,,,,,,38.5,36.2,11.3,6.2,21.1,17.8,20.1,20.0,18.1,26.1,27.8,30.1
2025-06-04 10:00:00,,,,,,,,,,,,,,,,,,,,40.9,36.5,11.2,6.1,21.1,17.8,20.1,20.0,18.1,26.1,27.8,30.1
2025-06-04 11:00:00,,,,,,,,,,,,,,,,,,,,44.8,40.9,13.3,7.6,26.5,17.8,20.1,20.0,18.1,26.1,27.8,30.1
2025-06-04 12:00:00,,,,,,,,,,,,,,,,,,,,45.4,41.7,13.5,7.9,42.4,32.4,20.1,19.9,18.0,26.1,27.8,30.1
2025-06-04 13:00:00,,,,,,,,,,,,,,,,,,,,41.8,39.1,12.2,7.2,40.1,41.3,27.7,19.9,18.1,26.1,27.8,30.1
2025-06-04 14:00:00,,,,,,,,,,,,,,,,,,,,46.5,42.5,13.9,8.0,41.2,40.2,31.0,19.9,18.1,26.1,27.8,30.2
2025-06-04 15:00:00,,,,,,,,,,,,,,,,,,,,44.4,41.0,12.8,7.5,42.2,44.3,47.2,40.5,21.1,26.1,27.9,30.2
2025-06-04 16:00:00,,,,,,,,,,,,,,,,,,,,44.7,41.3,13.0,7.6,42.8,45.3,48.8,45.4,34.8,26.2,27.9,30.2
2025-06-04 17:00:00,,,,,,,,,,,,,,,,,,,,42.4,39.6,12.2,7.2,41.0,43.4,46.8,44.2,38.0,30.0,27.9,30.2
2025-06-04 18:00:00,,,,,,,,,,,,,,,,,,,,41.7,38.6,11.9,7.0,40.0,42.2,45.3,43.1,37.6,31.0,27.9,30.2
2025-06-04 19:00:00,,,,,,,,,,,,,,,,,,,,41.2,38.6,11.8,7.0,39.4,41.6,44.5,42.4,37.3,31.3,27.9,30.2
2025-06-04 20:00:00,,,,,,,,,,,,,,,,,,,,40.6,37.9,11.7,6.9,39.1,41.2,43.9,41.9,37.0,31.5,28.0,30.2
2025-06-04 21:00:00,,,,,,,,,,,,,,,,,,,,41.5,38.3,11.6,6.9,38.8,40.9,43.5,41.6,36.9,31.7,28.0,30.2
2025-06-04 22:00:00,,,,,,,,,,,,,,,,,,,,42.0,38.5,11.7,6.9,38.6,40.6,43.2,41.3,36.7,31.9,28.1,30.2
2025-06-04 23:00:00,,,,,,,,,,,,,,,,,,,,42.1,39.0,11.9,7.0,38.5,40.5,43.0,41.1,36.7,32.1,28.2,30.3
2025-06-05 01:00:00,,,,,,,,,,,,,,,,,,,,40.1,37.7,11.6,6.9,38.6,40.5,42.9,40.9,36.7,32.7,28.3,30.3
2025-06-05 02:00:00,,,,,,,,,,,,,,,,,,,,39.4,37.2,11.5,6.8,38.4,40.4,42.8,41.0,36.8,33.1,28.4,30.4
2025-06-05 03:00:00,,,,,,,,,,,,,,,,,,,,39.1,36.8,11.4,6.8,38.3,40.3,42.8,41.0,36.9,33.5,28.5,30.4
2025-06-05 04:00:00,,,,,,,,,,,,,,,,,,,,38.6,36.5,11.3,6.8,38.1,40.2,42.6,40.9,36.9,33.9,28.6,30.4
2025-06-05 05:00:00,,,,,,,,,,,,,,,,,,,,38.3,36.2,11.2,6.7,37.9,40.0,42.5,40.9,37.0,34.4,28.7,30.5
2025-06-05 06:00:00,,,,,,,,,,,,,,,,,,,,38.1,35.9,11.2,6.7,37.8,39.8,42.3,40.8,37.0,34.9,28.8,30.6
2025-06-05 07:00:00,,,,,,,,,,,,,,,,,,,,37.9,35.7,11.1,6.7,37.6,39.6,42.1,40.6,37.0,35.5,29.0,30.6
2025-06-05 08:00:00,,,,,,,,,,,,,,,,,,,,37.6,35.4,11.0,6.6,37.4,39.4,42.0,40.5,36.8,35.9,29.1,30.7
2025-06-05 09:00:00,,,,,,,,,,,,,,,,,,,,37.3,35.1,11.0,6.6,37.2,39.2,41.7,40.3,36.8,36.4,29.3,30.7
2025-06-05 10:00:00,,,,,,,,,,,,,,,,,,,,37.0,34.9,10.9,6.6,37.1,39.0,41.4,40.1,36.6,36.8,29.4,30.8
2025-06-05 11:00:00,,,,,,,,,,,,,,,,,,,,36.6,34.7,10.9,6.5,36.9,38.8,41.2,40.0,36.6,37.4,29.6,30.8
2025-06-05 12:00:00,,,,,,,,,,,,,,,,,,,,36.4,34.4,10.9,6.5,36.8,38.6,41.1,39.9,36.6,38.0,29.8,30.9
2025-06-05 13:00:00,,,,,,,,,,,,,,,,,,,,36.2,34.2,10.8,6.5,36.7,38.5,40.9,39.8,36.6,38.5,30.1,30.9
2025-06-05 14:00:00,,,,,,,,,,,,,,,,,,,,36.0,34.2,10.8,6.5,36.6,38.4,40.7,39.7,36.6,38.9,30.3,31.0
2025-06-05 15:00:00,,,,,,,,,,,,,,,,,,,,35.9,34.0,10.8,6.5,36.4,38.2,40.6,39.6,36.5,39.4,30.5,31.1
2025-06-05 16:00:00,,,,,,,,,,,,,,,,,,,,35.8,33.9,10.7,6.4,36.3,38.1,40.5,39.5,36.5,39.8,30.8,31.2
2025-06-05 17:00:00,,,,,,,,,,,,,,,,,,,,35.7,33.8,10.7,6.4,36.2,38.0,40.4,39.4,36.5,40.2,31.1,31.2
2025-06-05 18:00:00,,,,,,,,,,,,,,,,,,,,35.6,33.7,10.7,6.4,36.1,37.9,40.3,39.3,36.4,40.5,31.4,31.3
2025-06-05 19:00:00,,,,,,,,,,,,,,,,,,,,35.5,33.6,10.7,6.4,36.0,37.8,40.2,39.3,36.4,40.8,31.7,31.4
2025-06-05 20:00:00,,,,,,,,,,,,,,,,,,,,35.5,33.4,10.7,6.4,35.9,37.7,40.0,39.2,36.4,41.0,32.0,31.5
2025-06-05 21:00:00,,,,,,,,,,,,,,,,,,,,35.3,33.4,10.6,6.4,35.9,37.6,40.0,39.1,36.3,41.3,32.3,31.6
2025-06-05 22:00:00,,,,,,,,,,,,,,,,,,,,35.1,33.3,10.6,6.4,35.8,37.5,39.9,39.1,36.3,41.5,32.6,31.7
2025-06-05 23:00:00,,,,,,,,,,,,,,,,,,,,35.1,33.2,10.6,6.4,35.7,37.5,39.8,39.1,36.3,41.6,33.0,31.8
2025-06-06 01:00:00,,,,,,,,,,,,,,,,,,,,34.9,33.1,10.5,6.4,35.6,37.3,39.6,39.0,36.2,41.9,33.6,32.1
2025-06-06 02:00:00,,,,,,,,,,,,,,,,,,,,34.9,33.0,10.5,6.4,35.5,37.0,39.5,38.9,36.2,42.0,34.0,32.2
2025-06-06 03:00:00,,,,,,,,,,,,,,,,,,,,34.8,32.9,10.5,6.3,35.5,37.0,39.5,38.8,36.2,42.1,34.4,32.3
2025-06-06 04:00:00,,,,,,,,,,,,,,,,,,,,34.7,32.9,10.5,6.3,35.5,36.9,39.4,38.8,36.1,42.2,34.7,32.4
2025-06-06 05:00:00,,,,,,,,,,,,,,,,,,,,34.6,32.8,10.5,6.3,35.4,36.8,39.3,38.8,36.1,42.3,35.1,32.6
2025-06-06 06:00:00,,,,,,,,,,,,,,,,,,,,34.5,32.7,10.5,6.3,35.3,36.7,39.2,38.7,36.1,42.3,35.4,32.7
2025-06-06 07:00:00,,,,,,,,,,,,,,,,,,,,34.5,32.7,10.5,6.3,35.3,36.7,39.2,38.7,36.1,42.4,35.8,32.8
2025-06-06 08:00:00,,,,,,,,,,,,,,,,,,,,34.5,32.6,10.5,6.3,35.2,36.6,39.1,38.6,36.0,42.4,36.1,33.0
2025-06-06 09:00:00,,,,,,,,,,,,,,,,,,,,34.3,32.4,10.4,6.3,35.1,36.5,39.0,38.5,35.9,42.4,36.4,33.1
2025-06-06 10:00:00,,,,,,,,,,,,,,,,,,,,34.1,32.2,10.4,6.3,35.0,36.4,38.9,38.4,35.8,42.4,36.6,33.2
2025-06-06 11:00:00,,,,,,,,,,,,,,,,,,,,33.9,32.1,10.4,6.3,35.0,36.3,38.8,38.4,35.7,42.4,36.8,33.4
2025-06-06 12:00:00,,,,,,,,,,,,,,,,,,,,33.9,32.1,10.4,6.3,34.9,36.3,38.7,38.3,35.7,42.5,37.0,33.5
2025-06-06 13:00:00,,,,,,,,,,,,,,,,,,,,33.8,32.0,10.4,6.3,34.9,36.2,38.7,38.3,35.7,42.5,37.2,33.6
2025-06-06 14:00:00,,,,,,,,,,,,,,,,,,,,33.9,31.9,10.4,6.3,34.8,36.1,38.7,38.2,35.7,42.5,37.4,33.8
2025-06-06 15:00:00,,,,,,,,,,,,,,,,,,,,34.6,31.9,10.4,6.3,34.8,36.1,38.6,38.2,35.7,42.6,37.7,33.9
2025-06-06 16:00:00,,,,,,,,,,,,,,,,,,,,37.4,32.0,10.3,6.2,34.7,36.1,38.6,38.2,35.7,42.6,37.8,34.0
2025-06-06 17:00:00,,,,,,,,,,,,,,,,,,,,38.8,32.7,10.3,6.2,34.7,36.0,38.5,38.1,35.7,42.6,38.0,34.2
2025-06-06 18:00:00,,,,,,,,,,,,,,,,,,,,39.3,33.7,10.3,6.2,34.6,36.0,38.5,38.1,35.6,42.6,38.2,34.3
2025-06-06 19:00:00,,,,,,,,,,,,,,,,,,,,39.6,35.1,10.4,6.2,34.6,35.9,38.4,38.1,35.6,42.7,38.4,34.5
2025-06-06 20:00:00,,,,,,,,,,,,,,,,,,,,39.1,35.5,10.4,6.2,34.6,35.9,38.4,38.1,35.6,42.7,38.5,34.6
2025-06-06 21:00:00,,,,,,,,,,,,,,,,,,,,38.7,35.6,10.5,6.2,34.6,35.9,38.4,38.0,35.6,42.7,38.6,34.8
2025-06-06 22:00:00,,,,,,,,,,,,,,,,,,,,38.3,35.4,10.5,6.2,34.5,35.8,38.3,38.0,35.6,42.8,38.8,34.9
2025-06-06 23:00:00,,,,,,,,,,,,,,,,,,,,38.1,35.3,10.5,6.3,34.5,35.8,38.3,37.9,35.6,42.8,38.9,35.1
2025-06-07 01:00:00,,,,,,,,,,,,,,,,,,,,37.6,35.0,10.6,6.3,34.5,35.7,38.3,37.9,35.5,42.8,39.1,35.4
2025-06-07 02:00:00,,,,,,,,,,,,,,,,,,,,37.4,34.8,10.6,6.3,34.5,35.7,38.2,37.9,35.5,42.8,39.2,35.6
2025-06-07 03:00:00,,,,,,,,,,,,,,,,,,,,37.1,34.7,10.6,6.3,34.5,35.7,38.2,37.8,35.5,42.8,39.3,35.7
2025-06-07 04:00:00,,,,,,,,,,,,,,,,,,,,37.0,34.5,10.6,6.3,34.5,35.7,38.2,37.8,35.5,42.8,39.4,35.9
2025-06-07 05:00:00,,,,,,,,,,,,,,,,,,,,36.8,34.5,10.6,6.3,34.6,35.7,38.2,37.8,35.5,42.8,39.4,36.1
2025-06-07 06:00:00,,,,,,,,,,,,,,,,,,,,36.7,34.4,10.6,6.3,34.6,35.7,38.2,37.8,35.4,42.9,39.5,36.2
2025-06-07 07:00:00,,,,,,,,,,,,,,,,,,,,36.5,34.3,10.6,6.3,34.6,35.8,38.2,37.8,35.4,42.9,39.5,36.4
2025-06-07 08:00:00,,,,,,,,,,,,,,,,,,,,36.3,34.0,10.6,6.3,34.6,35.8,38.1,37.8,35.3,42.8,39.5,36.5
2025-06-07 09:00:00,,,,,,,,,,,,,,,,,,,,35.9,33.8,10.6,6.3,34.6,35.7,38.1,37.7,35.3,42.8,39.6,36.7
2025-06-07 10:00:00,,,,,,,,,,,,,,,,,,,,35.7,33.6,10.6,6.3,34.6,35.7,38.1,37.7,35.2,42.8,39.6,36.8
2025-06-07 11:00:00,,,,,,,,,,,,,,,,,,,,35.5,33.4,10.5,6.3,34.5,35.7,38.1,37.6,35.1,42.8,39.6,36.9
2025-06-07 12:00:00,,,,,,,,,,,,,,,,,,,,35.3,33.2,10.5,6.3,34.5,35.7,38.0,37.6,35.1,42.8,39.6,37.1
2025-06-07 13:00:00,,,,,,,,,,,,,,,,,,,,35.1,33.1,10.4,6.3,34.5,35.7,38.0,37.5,35.0,42.8,39.6,37.2
2025-06-07 14:00:00,,,,,,,,,,,,,,,,,,,,35.0,33.0,10.4,6.3,34.5,35.7,38.0,37.5,35.0,42.8,39.7,37.3
2025-06-07 15:00:00,,,,,,,,,,,,,,,,,,,,34.9,32.8,10.4,6.3,34.5,35.6,38.0,37.5,35.0,42.8,39.7,37.4
2025-06-07 16:00:00,,,,,,,,,,,,,,,,,,,,34.9,32.8,10.4,6.3,34.5,35.7,38.0,37.5,35.0,42.8,39.8,37.6
2025-06-07 17:00:00,,,,,,,,,,,,,,,,,,,,34.8,32.7,10.4,6.2,34.5,35.6,38.0,37.5,35.0,42.8,39.8,37.7
2025-06-07 18:00:00,,,,,,,,,,,,,,,,,,,,34.7,32.7,10.4,6.2,34.5,35.6,38.0,37.5,35.0,42.8,39.8,37.8
2025-06-07 19:00:00,,,,,,,,,,,,,,,,,,,,34.6,32.6,10.4,6.2,34.5,35.6,38.0,37.5,35.0,42.8,39.9,38.0
2025-06-07 20:00:00,,,,,,,,,,,,,,,,,,,,34.5,32.5,10.4,6.2,34.5,35.6,38.0,37.5,35.0,42.8,39.9,38.1
2025-06-07 21:00:00,,,,,,,,,,,,,,,,,,,,34.5,32.5,10.4,6.2,34.5,35.7,38.0,37.5,35.0,42.9,39.9,38.2
2025-06-07 22:00:00,,,,,,,,,,,,,,,,,,,,34.4,32.4,10.4,6.2,34.5,35.7,38.0,37.5,35.0,42.9,39.9,38.4
2025-06-07 23:00:00,,,,,,,,,,,,,,,,,,,,34.3,32.4,10.3,6.2,34.5,35.7,38.0,37.6,35.0,42.9,40.0,38.5
2025-06-08 01:00:00,,,,,,,,,,,,,,,,,,,,34.2,32.3,10.3,6.2,34.4,35.7,38.0,37.6,35.0,42.9,40.1,38.7
2025-06-08 02:00:00,,,,,,,,,,,,,,,,,,,,34.2,32.3,10.3,6.2,34.4,35.6,38.0,37.6,35.0,42.9,40.1,38.9
2025-06-08 03:00:00,,,,,,,,,,,,,,,,,,,,34.1,32.2,10.3,6.2,34.4,35.6,38.0,37.6,35.0,42.9,40.1,38.9
2025-06-08 04:00:00,,,,,,,,,,,,,,,,,,,,34.0,32.2,10.3,6.2,34.4,35.6,38.0,37.6,35.0,42.9,40.1,39.1
2025-06-08 05:00:00,,,,,,,,,,,,,,,,,,,,33.9,32.1,10.3,6.2,34.3,35.6,38.0,37.6,35.0,42.9,40.2,39.2
2025-06-08 06:00:00,,,,,,,,,,,,,,,,,,,,33.9,32.1,10.3,6.2,34.4,35.6,38.0,37.6,35.0,42.9,40.2,39.2
2025-06-08 07:00:00,,,,,,,,,,,,,,,,,,,,33.9,32.0,10.3,6.2,34.3,35.6,38.0,37.6,35.0,42.9,40.2,39.3
2025-06-08 08:00:00,,,,,,,,,,,,,,,,,,,,33.7,32.0,10.3,6.2,34.3,35.6,38.0,37.6,35.0,42.9,40.3,39.4
2025-06-08 09:00:00,,,,,,,,,,,,,,,,,,,,33.6,31.8,10.3,6.2,34.3,35.5,38.0,37.5,34.9,42.8,40.2,39.5
2025-06-08 10:00:00,,,,,,,,,,,,,,,,,,,,33.3,31.6,10.3,6.2,34.2,35.5,37.8,37.5,34.8,42.7,40.3,39.5
2025-06-08 11:00:00,,,,,,,,,,,,,,,,,,,,33.1,31.4,10.2,6.2,34.2,35.4,37.8,37.4,34.7,42.7,40.2,39.5
2025-06-08 12:00:00,,,,,,,,,,,,,,,,,,,,32.9,31.2,10.2,6.1,34.1,35.3,37.7,37.4,34.6,42.7,40.2,39.5
2025-06-08 13:00:00,,,,,,,,,,,,,,,,,,,,32.7,31.0,10.2,6.1,34.0,35.3,37.7,37.3,34.6,42.6,40.2,39.6
2025-06-08 14:00:00,,,,,,,,,,,,,,,,,,,,32.6,30.9,10.1,6.1,34.0,35.2,37.6,37.3,34.6,42.6,40.2,39.6
2025-06-08 15:00:00,,,,,,,,,,,,,,,,,,,,32.5,30.9,10.1,6.1,33.9,35.2,37.6,37.3,34.5,42.6,40.3,39.7
2025-06-08 16:00:00,,,,,,,,,,,,,,,,,,,,32.4,30.8,10.1,6.1,33.9,35.1,37.5,37.3,34.5,42.7,40.3,39.7
2025-06-08 17:00:00,,,,,,,,,,,,,,,,,,,,32.4,30.8,10.1,6.1,33.9,35.1,37.5,37.3,34.5,42.7,40.3,39.8
2025-06-08 18:00:00,,,,,,,,,,,,,,,,,,,,32.3,30.7,10.1,6.1,33.8,35.0,37.5,37.3,34.5,42.7,40.3,39.8
2025-06-08 19:00:00,,,,,,,,,,,,,,,,,,,,32.3,30.7,10.1,6.1,33.8,35.0,37.5,37.3,34.5,42.7,40.3,39.8
2025-06-08 20:00:00,,,,,,,,,,,,,,,,,,,,32.3,30.7,10.1,6.1,33.8,35.0,37.5,37.3,34.5,42.7,40.3,39.9
2025-06-08 21:00:00,,,,,,,,,,,,,,,,,,,,32.2,30.6,10.1,6.1,33.8,35.0,37.5,37.2,34.6,42.7,40.4,39.9
2025-06-08 22:00:00,,,,,,,,,,,,,,,,,,,,32.1,30.6,10.1,6.1,33.7,34.9,37.5,37.2,34.6,42.8,40.4,40.0
2025-06-08 23:00:00,,,,,,,,,,,,,,,,,,,,32.1,30.6,10.1,6.1,33.7,34.9,37.5,37.2,34.6,42.8,40.4,40.1
2025-06-09 01:00:00,,,,,,,,,,,,,,,,,,,,32.2,30.6,10.0,6.1,33.7,34.9,37.5,37.2,34.6,42.8,40.4,40.1
2025-06-09 02:00:00,,,,,,,,,,,,,,,,,,,,32.3,30.5,10.0,6.1,33.7,34.9,37.5,37.2,34.6,42.8,40.5,40.2
2025-06-09 03:00:00,,,,,,,,,,,,,,,,,,,,32.4,30.5,10.0,6.1,33.7,34.9,37.5,37.2,34.6,42.8,40.5,40.2
2025-06-09 04:00:00,,,,,,,,,,,,,,,,,,,,32.4,30.5,10.0,6.1,33.6,34.9,37.5,37.2,34.6,42.8,40.5,40.3
2025-06-09 05:00:00,,,,,,,,,,,,,,,,,,,,32.4,30.4,10.0,6.1,33.6,34.8,37.5,37.2,34.6,42.8,40.5,40.4
2025-06-09 06:00:00,,,,,,,,,,,,,,,,,,,,32.5,30.4,10.0,6.1,33.6,34.8,37.4,37.2,34.6,42.8,40.6,40.4
2025-06-09 07:00:00,,,,,,,,,,,,,,,,,,,,32.5,30.4,10.0,6.1,33.6,34.8,37.4,37.2,34.5,42.8,40.6,40.4
2025-06-09 08:00:00,,,,,,,,,,,,,,,,,,,,32.4,30.3,10.0,6.1,33.6,34.8,37.4,37.2,34.5,42.8,40.6,40.5
2025-06-09 09:00:00,,,,,,,,,,,,,,,,,,,,32.3,30.2,10.0,6.1,33.5,34.8,37.3,37.1,34.5,42.7,40.6,40.5
2025-06-09 10:00:00,,,,,,,,,,,,,,,,,,,,32.2,30.0,9.9,6.1,33.4,34.7,37.3,37.1,34.4,42.7,40.5,40.5
2025-06-09 11:00:00,,,,,,,,,,,,,,,,,,,,32.0,29.9,9.9,6.1,33.4,34.6,37.2,37.0,34.4,42.6,40.5,40.5
2025-06-09 12:00:00,,,,,,,,,,,,,,,,,,,,32.0,29.8,9.9,6.1,33.3,34.6,37.1,37.0,34.3,42.6,40.5,40.5
2025-06-09 13:00:00,,,,,,,,,,,,,,,,,,,,31.8,29.6,9.9,6.0,33.3,34.5,37.1,36.9,34.2,42.6,40.5,40.5
2025-06-09 14:00:00,,,,,,,,,,,,,,,,,,,,31.5,29.5,9.9,6.0,33.2,34.4,37.0,36.9,34.2,42.5,40.4,40.5
2025-06-09 15:00:00,,,,,,,,,,,,,,,,,,,,31.5,29.4,9.9,6.0,33.1,34.4,36.9,36.8,34.1,42.5,40.4,40.5
2025-06-09 16:00:00,,,,,,,,,,,,,,,,,,,,31.4,29.3,9.9,6.0,33.1,34.3,36.9,36.8,34.1,42.5,40.4,40.6
2025-06-09 17:00:00,,,,,,,,,,,,,,,,,,,,31.3,29.3,9.9,6.0,33.0,34.3,36.8,36.8,34.1,42.5,40.4,40.6
2025-06-09 18:00:00,,,,,,,,,,,,,,,,,,,,31.3,29.3,9.8,6.0,33.0,34.2,36.8,36.8,34.1,42.5,40.5,40.6
2025-06-09 19:00:00,,,,,,,,,,,,,,,,,,,,31.3,29.3,9.8,6.0,33.0,34.2,36.8,36.7,34.1,42.5,40.5,40.5
2025-06-09 20:00:00,,,,,,,,,,,,,,,,,,,,31.3,29.3,9.8,6.0,33.0,34.2,36.8,36.7,34.1,42.5,40.5,40.6
2025-06-09 21:00:00,,,,,,,,,,,,,,,,,,,,31.2,29.3,9.8,6.0,33.0,34.1,36.8,36.7,34.1,42.6,40.5,40.6
2025-06-09 22:00:00,,,,,,,,,,,,,,,,,,,,31.2,29.2,9.8,6.0,33.0,34.1,36.8,36.7,34.1,42.6,40.5,40.5
2025-06-09 23:00:00,,,,,,,,,,,,,,,,,,,,31.1,29.2,9.8,6.0,32.9,34.1,36.7,36.7,34.1,42.6,40.5,40.6
2025-06-10 01:00:00,,,,,,,,,,,,,,,,,,,,31.1,29.1,9.8,6.0,32.8,34.1,36.7,36.7,34.1,42.6,40.6,40.6
2025-06-10 02:00:00,,,,,,,,,,,,,,,,,,,,31.0,29.1,9.8,6.0,32.8,34.1,36.7,36.7,34.1,42.6,40.6,40.6
2025-06-10 03:00:00,,,,,,,,,,,,,,,,,,,,31.0,29.1,9.7,6.0,32.8,34.1,36.7,36.7,34.1,42.6,40.6,40.6
2025-06-10 04:00:00,,,,,,,,,,,,,,,,,,,,30.9,29.1,9.7,6.0,32.8,34.0,36.7,36.7,34.1,42.6,40.6,40.7
2025-06-10 05:00:00,,,,,,,,,,,,,,,,,,,,30.9,29.1,9.7,6.0,32.8,34.0,36.7,36.7,34.1,42.6,40.6,40.7
2025-06-10 06:00:00,,,,,,,,,,,,,,,,,,,,30.9,29.1,9.8,6.0,32.8,33.9,36.7,36.6,34.1,42.6,40.7,40.8
2025-06-10 07:00:00,,,,,,,,,,,,,,,,,,,,30.9,29.0,9.8,6.0,32.7,33.9,36.6,36.6,34.1,42.6,40.7,40.8
2025-06-10 08:00:00,,,,,,,,,,,,,,,,,,,,31.0,29.0,9.8,6.0,32.7,33.9,36.6,36.6,34.1,42.6,40.7,40.8
2025-06-10 09:00:00,,,,,,,,,,,,,,,,,,,,31.0,29.0,9.8,6.0,32.7,33.9,36.6,36.6,34.1,42.6,40.7,40.8
2025-06-10 10:00:00,,,,,,,,,,,,,,,,,,,,30.9,28.9,9.7,5.9,32.7,33.9,36.6,36.6,34.0,42.6,40.7,40.8
2025-06-10 11:00:00,,,,,,,,,,,,,,,,,,,,30.8,28.8,9.7,5.9,32.6,33.8,36.5,36.6,33.9,42.5,40.6,40.8
2025-06-10 12:00:00,,,,,,,,,,,,,,,,,,,,30.6,28.5,9.7,5.9,32.5,33.8,36.5,36.5,33.9,42.4,40.6,40.8
2025-06-10 13:00:00,,,,,,,,,,,,,,,,,,,,30.3,28.3,9.7,5.9,32.5,33.6,36.4,36.4,33.8,42.3,40.5,40.8
2025-06-10 14:00:00,,,,,,,,,,,,,,,,,,,,30.1,28.2,9.7,5.9,32.4,33.6,36.3,36.3,33.7,42.3,40.5,40.8
2025-06-10 15:00:00,,,,,,,,,,,,,,,,,,,,30.0,28.1,9.7,5.9,32.3,33.5,36.2,36.3,33.6,42.3,40.5,40.8
2025-06-10 16:00:00,,,,,,,,,,,,,,,,,,,,29.9,28.0,9.6,5.9,32.3,33.5,36.2,36.3,33.6,42.3,40.5,40.8
2025-06-10 17:00:00,,,,,,,,,,,,,,,,,,,,29.9,28.0,9.6,5.9,32.3,33.5,36.2,36.2,33.6,42.3,40.5,40.8
2025-06-10 18:00:00,,,,,,,,,,,,,,,,,,,,29.8,28.0,9.6,5.9,32.3,33.4,36.1,36.2,33.6,42.3,40.5,40.8
2025-06-10 19:00:00,,,,,,,,,,,,,,,,,,,,29.9,28.0,9.5,5.9,32.2,33.4,36.1,36.2,33.6,42.3,40.5,40.8
2025-06-10 20:00:00,,,,,,,,,,,,,,,,,,,,33.4,28.0,9.6,5.9,32.2,33.4,36.1,36.2,33.6,42.3,40.5,40.8
2025-06-10 21:00:00,,,,,,,,,,,,,,,,,,,,33.9,28.0,9.6,5.9,32.2,33.4,36.1,36.2,33.6,42.3,40.6,40.8
2025-06-10 22:00:00,,,,,,,,,,,,,,,,,,,,33.9,28.2,9.5,5.9,32.2,33.3,36.1,36.2,33.5,42.3,40.6,40.8
2025-06-10 23:00:00,,,,,,,,,,,,,,,,,,,,33.9,28.2,9.5,5.9,32.1,33.3,36.1,36.2,33.5,42.3,40.6,40.8
2025-06-11 01:00:00,,,,,,,,,,,,,,,,,,,,34.9,28.4,9.5,5.9,32.1,33.3,36.0,36.2,33.5,42.3,40.6,40.9
2025-06-11 02:00:00,,,,,,,,,,,,,,,,,,,,35.2,28.9,9.5,5.9,32.1,33.3,36.0,36.2,33.5,42.3,40.6,40.9
2025-06-11 03:00:00,,,,,,,,,,,,,,,,,,,,35.1,29.2,9.5,5.9,32.1,33.2,36.0,36.1,33.5,42.3,40.6,40.9
2025-06-11 04:00:00,,,,,,,,,,,,,,,,,,,,35.0,29.4,9.5,5.9,32.0,33.2,36.0,36.1,33.5,42.3,40.6,40.9
2025-06-11 05:00:00,,,,,,,,,,,,,,,,,,,,34.9,29.5,9.5,5.9,32.0,33.2,36.0,36.1,33.5,42.3,40.6,40.9
2025-06-11 06:00:00,,,,,,,,,,,,,,,,,,,,34.9,29.6,9.5,5.9,32.0,33.2,36.0,36.1,33.5,42.4,40.6,40.8
2025-06-11 07:00:00,,,,,,,,,,,,,,,,,,,,34.8,29.6,9.6,5.9,32.0,33.2,35.9,36.1,33.4,42.3,40.6,40.9
2025-06-11 08:00:00,,,,,,,,,,,,,,,,,,,,34.7,29.6,9.5,5.9,32.0,33.1,35.9,36.0,33.4,42.2,40.6,40.9
2025-06-11 09:00:00,,,,,,,,,,,,,,,,,,,,34.5,29.6,9.5,5.9,31.9,33.1,35.9,36.0,33.4,42.2,40.6,40.9
2025-06-11 10:00:00,,,,,,,,,,,,,,,,,,,,34.6,29.6,9.5,5.9,31.9,33.1,35.9,36.0,33.4,42.2,40.6,40.9
2025-06-11 11:00:00,,,,,,,,,,,,,,,,,,,,,,,,,,,,,,,
2025-06-11 12:00:00,,,,,,,,,,,,,,,,,,,,34.4,29.4,9.5,5.9,31.8,32.9,35.8,35.9,33.2,42.0,40.4,40.8
2025-06-11 13:00:00,,,,,,,,,,,,,,,,,,,,34.1,29.3,9.5,5.9,31.7,32.9,35.7,35.9,33.1,42.0,40.4,40.8
2025-06-11 14:00:00,,,,,,,,,,,,,,,,,,,,33.9,29.1,9.4,5.8,31.7,32.8,35.6,35.8,33.1,41.9,40.4,40.8
2025-06-11 15:00:00,,,,,,,,,,,,,,,,,,,,33.6,29.1,9.4,5.8,31.7,32.8,35.6,35.8,33.0,41.9,40.4,40.8
2025-06-11 16:00:00,,,,,,,,,,,,,,,,,,,,33.5,29.1,9.4,5.8,31.6,32.8,35.5,35.7,32.9,41.9,40.4,40.8
2025-06-11 17:00:00,,,,,,,,,,,,,,,,,,,,33.4,29.0,9.4,5.8,31.6,32.7,35.5,35.7,32.9,41.9,40.4,40.8
2025-06-11 18:00:00,,,,,,,,,,,,,,,,,,,,34.6,29.1,9.4,5.8,31.5,32.7,35.5,35.7,32.9,41.9,40.4,40.8
2025-06-11 19:00:00,,,,,,,,,,,,,,,,,,,,35.0,29.2,9.4,5.9,31.5,32.6,35.5,35.6,32.9,41.9,40.4,40.8
2025-06-11 20:00:00,,,,,,,,,,,,,,,,,,,,35.1,29.4,9.4,5.9,31.5,32.6,35.4,35.6,32.9,41.9,40.4,40.8
2025-06-11 21:00:00,,,,,,,,,,,,,,,,,,,,35.0,29.6,9.4,5.9,31.5,32.6,35.4,35.6,32.9,41.9,40.4,40.8
2025-06-11 22:00:00,,,,,,,,,,,,,,,,,,,,35.2,29.6,9.4,5.9,31.5,32.6,35.4,35.6,32.9,42.0,40.4,40.9
2025-06-11 23:00:00,,,,,,,,,,,,,,,,,,,,42.9,38.8,11.6,6.6,31.5,32.6,35.4,35.6,32.9,42.0,40.4,40.9
2025-06-12 01:00:00,,,,,,,,,,,,,,,,,,,,39.6,37.0,11.7,7.1,36.6,33.7,35.9,35.6,32.9,42.0,40.5,40.9
2025-06-12 02:00:00,,,,,,,,,,,,,,,,,,,,42.3,38.1,11.5,7.0,37.1,36.1,36.8,35.7,32.9,42.0,40.6,41.0
2025-06-12 03:00:00,,,,,,,,,,,,,,,,,,,,40.9,37.7,11.8,7.2,38.3,38.3,39.5,36.0,33.0,42.1,40.7,41.2
2025-06-12 04:00:00,,,,,,,,,,,,,,,,,,,,41.1,38.0,11.9,7.2,38.5,39.3,42.4,37.3,33.2,42.2,40.7,41.4
2025-06-12 05:00:00,,,,,,,,,,,,,,,,,,,,40.8,37.6,11.8,7.1,38.4,39.3,42.9,40.5,34.0,42.6,40.9,41.6
2025-06-12 06:00:00,,,,,,,,,,,,,,,,,,,,41.1,37.9,11.9,7.3,38.8,39.7,43.2,41.4,36.9,43.3,41.2,41.9
2025-06-12 07:00:00,,,,,,,,,,,,,,,,,,,,41.5,38.3,12.1,7.3,39.1,40.0,43.5,41.7,38.2,45.7,42.0,42.3
2025-06-12 08:00:00,,,,,,,,,,,,,,,,,,,,44.3,39.5,12.4,7.5,40.1,40.7,44.2,42.1,38.7,46.8,44.0,42.9
2025-06-12 09:00:00,,,,,,,,,,,,,,,,,,,,41.9,38.8,12.3,7.4,40.6,41.9,45.9,44.3,41.2,50.0,48.0,47.1
2025-06-12 10:00:00,,,,,,,,,,,,,,,,,,,,41.5,38.2,12.0,7.3,39.4,40.4,44.0,42.5,39.6,48.8,46.7,46.7
2025-06-12 11:00:00,,,,,,,,,,,,,,,,,,,,43.1,39.5,12.5,7.4,39.5,40.3,43.6,42.0,39.0,48.4,46.2,46.6
2025-06-12 12:00:00,,,,,,,,,,,,,,,,,,,,42.8,39.2,12.3,7.4,40.0,41.0,44.4,42.8,39.7,48.8,46.5,46.8
2025-06-12 13:00:00,,,,,,,,,,,,,,,,,,,,42.3,39.1,12.3,7.4,40.9,42.3,46.3,44.8,42.1,51.0,51.8,48.7
2025-06-12 14:00:00,,,,,,,,,,,,,,,,,,,,40.3,37.3,11.7,7.1,39.2,40.2,43.6,42.2,39.6,49.1,46.8,47.6
2025-06-12 15:00:00,,,,,,,,,,,,,,,,,,,,43.5,38.7,11.6,7.0,38.6,39.6,42.7,41.3,38.6,48.3,45.9,47.1
2025-06-12 16:00:00,,,,,,,,,,,,,,,,,,,,41.6,38.3,11.9,7.3,39.6,40.5,43.6,42.0,39.1,48.6,46.0,47.0
2025-06-12 17:00:00,,,,,,,,,,,,,,,,,,,,40.7,37.6,11.7,7.1,39.0,40.0,43.2,41.7,38.9,48.5,46.0,47.0
2025-06-12 18:00:00,,,,,,,,,,,,,,,,,,,,40.1,36.9,11.5,7.0,38.5,39.5,42.6,41.2,38.5,48.3,45.9,47.0
2025-06-12 19:00:00,,,,,,,,,,,,,,,,,,,,41.8,37.4,11.5,6.9,38.2,39.1,42.2,40.9,38.1,48.0,45.8,46.8
2025-06-12 20:00:00,,,,,,,,,,,,,,,,,,,,42.4,38.8,12.1,7.3,39.0,39.8,42.8,41.2,38.3,48.0,45.7,46.7
2025-06-12 21:00:00,,,,,,,,,,,,,,,,,,,,40.9,37.6,11.7,7.1,38.9,39.9,42.9,41.5,38.6,48.3,46.0,46.9
2025-06-12 22:00:00,,,,,,,,,,,,,,,,,,,,41.8,37.9,11.6,7.1,38.6,39.5,42.5,41.2,38.3,48.3,46.0,46.9
2025-06-12 23:00:00,,,,,,,,,,,,,,,,,,,,40.6,37.4,11.6,7.1,38.5,39.5,42.5,41.1,38.3,48.2,45.9,46.9
2025-06-13 01:00:00,,,,,,,,,,,,,,,,,,,,39.0,36.1,11.3,6.9,38.0,38.9,41.9,40.7,37.9,48.0,45.8,46.8
2025-06-13 02:00:00,,,,,,,,,,,,,,,,,,,,38.5,35.8,11.2,6.8,37.7,38.7,41.5,40.4,37.6,47.8,45.8,46.7
2025-06-13 03:00:00,,,,,,,,,,,,,,,,,,,,39.5,35.7,11.1,6.8,37.4,38.4,41.3,40.3,37.4,47.7,45.7,46.6
2025-06-13 04:00:00,,,,,,,,,,,,,,,,,,,,44.4,40.0,11.4,6.8,37.2,38.4,41.1,40.1,37.2,47.6,45.6,46.5
2025-06-13 05:00:00,,,,,,,,,,,,,,,,,,,,43.7,39.8,12.4,7.5,41.1,42.5,46.1,43.6,39.4,48.5,46.0,46.7
2025-06-13 06:00:00,,,,,,,,,,,,,,,,,,,,43.1,39.5,12.3,7.5,40.8,42.0,45.7,44.1,41.5,50.5,50.1,48.3
2025-06-13 07:00:00,,,,,,,,,,,,,,,,,,,,44.1,40.3,12.7,7.7,41.2,42.3,45.8,43.9,41.3,50.4,49.3,48.3
2025-06-13 08:00:00,,,,,,,,,,,,,,,,,,,,43.5,39.9,12.5,7.5,41.1,42.3,46.0,44.3,41.7,50.7,50.6,48.6
2025-06-13 09:00:00,,,,,,,,,,,,,,,,,,,,43.2,39.6,12.2,7.4,40.4,41.5,45.2,43.5,41.0,50.3,49.2,48.5
2025-06-13 10:00:00,,,,,,,,,,,,,,,,,,,,42.4,38.9,12.1,7.4,40.1,41.1,44.8,43.0,40.6,50.0,48.0,48.3
2025-06-13 11:00:00,,,,,,,,,,,,,,,,,,,,42.3,38.7,11.9,7.2,39.6,40.6,44.1,42.4,39.8,49.6,47.4,48.0
2025-06-13 12:00:00,,,,,,,,,,,,,,,,,,,,40.6,37.7,11.7,7.1,39.2,40.2,43.7,42.1,39.5,49.3,47.1,47.9
2025-06-13 13:00:00,,,,,,,,,,,,,,,,,,,,39.6,36.7,11.5,7.0,38.6,39.7,42.9,41.5,38.8,49.0,46.7,47.6
2025-06-13 14:00:00,,,,,,,,,,,,,,,,,,,,40.8,36.6,11.4,6.9,38.2,39.2,42.3,41.1,38.4,48.7,46.5,47.4
2025-06-13 15:00:00,,,,,,,,,,,,,,,,,,,,40.8,37.2,11.4,6.9,38.1,39.3,42.2,41.0,38.1,48.4,46.4,47.2
2025-06-13 16:00:00,,,,,,,,,,,,,,,,,,,,40.4,37.0,11.4,6.9,38.1,39.2,42.2,41.0,38.0,48.4,46.3,47.1
2025-06-13 17:00:00,,,,,,,,,,,,,,,,,,,,39.7,36.6,11.4,6.9,38.0,39.1,42.1,40.9,37.9,48.4,46.3,47.1
2025-06-13 18:00:00,,,,,,,,,,,,,,,,,,,,39.1,36.2,11.3,6.9,37.8,38.9,41.9,40.8,37.8,48.4,46.3,47.0
2025-06-13 19:00:00,,,,,,,,,,,,,,,,,,,,38.6,35.9,11.2,6.9,37.6,38.7,41.7,40.6,37.7,48.3,46.2,47.0
2025-06-13 20:00:00,,,,,,,,,,,,,,,,,,,,38.3,35.6,11.2,6.8,37.4,38.6,41.5,40.4,37.5,48.2,46.1,47.0
2025-06-13 21:00:00,,,,,,,,,,,,,,,,,,,,38.2,35.3,11.1,6.8,37.2,38.3,41.3,40.3,37.4,48.1,46.1,46.9
2025-06-13 22:00:00,,,,,,,,,,,,,,,,,,,,38.5,35.2,11.1,6.7,37.1,38.1,41.1,40.2,37.2,47.9,46.0,46.8
2025-06-13 23:00:00,,,,,,,,,,,,,,,,,,,,38.6,35.3,11.1,6.7,37.0,38.0,40.9,40.0,37.1,47.8,45.9,46.8
2025-06-14 01:00:00,,,,,,,,,,,,,,,,,,,,38.2,35.2,11.0,6.7,36.8,37.9,40.8,39.9,36.9,47.6,45.7,46.6
2025-06-14 02:00:00,,,,,,,,,,,,,,,,,,,,37.9,35.0,11.0,6.7,36.8,37.8,40.7,39.9,36.9,47.6,45.7,46.6
2025-06-14 03:00:00,,,,,,,,,,,,,,,,,,,,37.7,34.9,11.0,6.7,36.7,37.8,40.7,39.8,36.8,47.5,45.7,46.6
2025-06-14 04:00:00,,,,,,,,,,,,,,,,,,,,38.2,34.8,10.9,6.7,36.6,37.6,40.6,39.8,36.8,47.4,45.7,46.6
2025-06-14 05:00:00,,,,,,,,,,,,,,,,,,,,38.7,35.0,10.9,6.6,36.5,37.6,40.5,39.7,36.7,47.4,45.6,46.6
2025-06-14 06:00:00,,,,,,,,,,,,,,,,,,,,38.7,35.1,10.9,6.6,36.5,37.6,40.5,39.7,36.7,47.4,45.6,46.5
2025-06-14 07:00:00,,,,,,,,,,,,,,,,,,,,38.5,35.1,10.9,6.6,36.5,37.6,40.5,39.7,36.6,47.3,45.5,46.5
2025-06-14 08:00:00,,,,,,,,,,,,,,,,,,,,38.2,35.0,10.9,6.6,36.5,37.6,40.5,39.7,36.6,47.3,45.5,46.5
2025-06-14 09:00:00,,,,,,,,,,,,,,,,,,,,37.9,34.9,10.9,6.6,36.5,37.6,40.5,39.7,36.6,47.2,45.5,46.5
2025-06-14 10:00:00,,,,,,,,,,,,,,,,,,,,37.7,34.8,10.9,6.6,36.4,37.5,40.4,39.6,36.6,47.2,45.5,46.4
2025-06-14 11:00:00,,,,,,,,,,,,,,,,,,,,37.3,34.6,10.9,6.6,36.4,37.4,40.4,39.6,36.5,47.2,45.5,46.4
2025-06-14 12:00:00,,,,,,,,,,,,,,,,,,,,37.0,34.3,10.8,6.6,36.3,37.3,40.3,39.5,36.4,47.1,45.4,46.4
2025-06-14 13:00:00,,,,,,,,,,,,,,,,,,,,36.5,33.9,10.8,6.6,36.1,37.2,40.2,39.4,36.4,47.0,45.4,46.4
2025-06-14 14:00:00,,,,,,,,,,,,,,,,,,,,36.2,33.7,10.8,6.5,36.1,37.0,40.1,39.4,36.3,46.9,45.4,46.3
2025-06-14 15:00:00,,,,,,,,,,,,,,,,,,,,35.9,33.3,10.7,6.5,35.9,36.9,40.0,39.3,36.2,46.8,45.4,46.3
2025-06-14 16:00:00,,,,,,,,,,,,,,,,,,,,35.6,33.2,10.7,6.5,35.8,36.8,39.8,39.3,36.3,46.8,45.3,46.3
2025-06-14 17:00:00,,,,,,,,,,,,,,,,,,,,35.5,33.0,10.6,6.5,35.8,36.8,39.8,39.2,36.2,46.8,45.3,46.3
2025-06-14 18:00:00,,,,,,,,,,,,,,,,,,,,35.4,32.9,10.6,6.4,35.7,36.7,39.7,39.2,36.2,46.8,45.3,46.3
2025-06-14 19:00:00,,,,,,,,,,,,,,,,,,,,35.3,32.9,10.6,6.4,35.7,36.6,39.6,39.2,36.2,46.8,45.3,46.3
2025-06-14 20:00:00,,,,,,,,,,,,,,,,,,,,35.2,32.8,10.6,6.4,35.6,36.6,39.6,39.2,36.2,46.8,45.3,46.3
2025-06-14 21:00:00,,,,,,,,,,,,,,,,,,,,35.1,32.8,10.6,6.4,35.6,36.5,39.5,39.1,36.1,46.7,45.2,46.3
2025-06-14 22:00:00,,,,,,,,,,,,,,,,,,,,35.0,32.7,10.5,6.4,35.5,36.5,39.5,39.1,36.1,46.7,45.2,46.2
2025-06-14 23:00:00,,,,,,,,,,,,,,,,,,,,34.9,32.7,10.5,6.4,35.5,36.4,39.4,39.0,36.1,46.7,45.2,46.2
2025-06-15 01:00:00,,,,,,,,,,,,,,,,,,,,34.8,32.5,10.5,6.4,35.4,36.4,39.3,39.0,36.0,46.6,45.1,46.1
2025-06-15 02:00:00,,,,,,,,,,,,,,,,,,,,34.6,32.5,10.5,6.4,35.3,36.3,39.3,38.9,36.0,46.6,45.1,46.1
2025-06-15 03:00:00,,,,,,,,,,,,,,,,,,,,34.7,32.5,10.5,6.4,35.3,36.2,39.2,38.9,36.0,46.5,45.1,46.1
2025-06-15 04:00:00,,,,,,,,,,,,,,,,,,,,34.6,32.4,10.5,6.4,35.3,36.2,39.2,38.9,35.9,46.5,45.1,46.1
2025-06-15 05:00:00,,,,,,,,,,,,,,,,,,,,34.5,32.4,10.5,6.4,35.2,36.2,39.1,38.8,35.9,46.4,45.0,46.1
2025-06-15 06:00:00,,,,,,,,,,,,,,,,,,,,34.5,32.3,10.5,6.3,35.2,36.1,39.1,38.8,35.9,46.4,45.0,46.1
2025-06-15 07:00:00,,,,,,,,,,,,,,,,,,,,34.5,32.3,10.5,6.3,35.2,36.1,39.0,38.8,35.8,46.4,44.9,46.1
2025-06-15 08:00:00,,,,,,,,,,,,,,,,,,,,34.3,32.3,10.5,6.3,35.1,36.1,39.0,38.8,35.8,46.3,44.9,46.1
2025-06-15 09:00:00,,,,,,,,,,,,,,,,,,,,34.2,32.2,10.4,6.3,35.0,36.0,38.9,38.7,35.7,46.2,44.8,46.0
2025-06-15 10:00:00,,,,,,,,,,,,,,,,,,,,33.9,31.9,10.4,6.3,34.9,35.9,38.9,38.6,35.7,46.1,44.8,46.0
2025-06-15 11:00:00,,,,,,,,,,,,,,,,,,,,33.7,31.6,10.3,6.3,34.8,35.8,38.8,38.6,35.6,45.9,44.7,46.0
2025-06-15 12:00:00,,,,,,,,,,,,,,,,,,,,33.4,31.4,10.3,6.3,34.7,35.7,38.7,38.5,35.5,45.9,44.7,45.9
2025-06-15 13:00:00,,,,,,,,,,,,,,,,,,,,33.1,31.2,10.3,6.2,34.6,35.6,38.6,38.5,35.4,45.8,44.5,45.8
2025-06-15 14:00:00,,,,,,,,,,,,,,,,,,,,32.7,30.9,10.2,6.2,34.5,35.4,38.5,38.4,35.4,45.7,44.5,45.8
2025-06-15 15:00:00,,,,,,,,,,,,,,,,,,,,32.5,30.7,10.2,6.2,34.4,35.4,38.4,38.3,35.3,45.6,44.4,45.8
2025-06-15 16:00:00,,,,,,,,,,,,,,,,,,,,32.3,30.6,10.2,6.2,34.3,35.3,38.4,38.3,35.2,45.6,44.4,45.8
2025-06-15 17:00:00,,,,,,,,,,,,,,,,,,,,32.2,30.5,10.1,6.2,34.3,35.2,38.3,38.3,35.2,45.5,44.3,45.8
2025-06-15 18:00:00,,,,,,,,,,,,,,,,,,,,32.1,30.4,10.1,6.2,34.2,35.2,38.3,38.3,35.2,45.5,44.3,45.8
2025-06-15 19:00:00,,,,,,,,,,,,,,,,,,,,32.1,30.4,10.1,6.2,34.2,35.2,38.3,38.2,35.2,45.5,44.3,45.8
2025-06-15 20:00:00,,,,,,,,,,,,,,,,,,,,32.1,30.4,10.1,6.2,34.2,35.1,38.3,38.2,35.2,45.5,44.4,45.8
2025-06-15 21:00:00,,,,,,,,,,,,,,,,,,,,32.0,30.4,10.1,6.2,34.2,35.1,38.2,38.2,35.2,45.5,44.4,45.8
2025-06-15 22:00:00,,,,,,,,,,,,,,,,,,,,32.0,30.3,10.1,6.2,34.1,35.1,38.2,38.2,35.2,45.5,44.4,45.7
2025-06-15 23:00:00,,,,,,,,,,,,,,,,,,,,31.9,30.3,10.1,6.2,34.1,35.1,38.2,38.2,35.2,45.5,44.3,45.7
2025-06-16 01:00:00,,,,,,,,,,,,,,,,,,,,31.8,30.2,10.1,6.2,34.0,35.1,38.1,38.1,35.2,45.5,44.3,45.7
2025-06-16 02:00:00,,,,,,,,,,,,,,,,,,,,31.7,30.2,10.1,6.2,34.0,35.0,38.1,38.1,35.2,45.5,44.4,45.7
2025-06-16 03:00:00,,,,,,,,,,,,,,,,,,,,31.7,30.2,10.1,6.2,34.0,35.0,38.1,38.1,35.1,45.5,44.3,45.7
2025-06-16 04:00:00,,,,,,,,,,,,,,,,,,,,31.7,30.2,10.0,6.2,33.9,35.0,38.1,38.1,35.1,45.4,44.3,45.7
2025-06-16 05:00:00,,,,,,,,,,,,,,,,,,,,31.7,30.1,10.0,6.2,33.9,35.0,38.0,38.1,35.1,45.4,44.4,45.7
2025-06-16 06:00:00,,,,,,,,,,,,,,,,,,,,31.7,30.1,10.1,6.2,33.9,35.0,38.0,38.1,35.1,45.4,44.3,45.7
2025-06-16 07:00:00,,,,,,,,,,,,,,,,,,,,31.6,30.1,10.0,6.2,33.9,35.0,38.0,38.1,35.1,45.4,44.3,45.7
2025-06-16 08:00:00,,,,,,,,,,,,,,,,,,,,31.5,30.0,10.0,6.1,33.8,34.9,38.0,38.0,35.0,45.3,44.3,45.7
2025-06-16 09:00:00,,,,,,,,,,,,,,,,,,,,31.3,29.8,10.0,6.1,33.8,34.8,37.9,37.9,35.0,45.2,44.2,45.7
2025-06-16 10:00:00,,,,,,,,,,,,,,,,,,,,31.0,29.6,9.9,6.1,33.7,34.7,37.8,37.9,35.0,45.1,44.1,45.6
2025-06-16 11:00:00,,,,,,,,,,,,,,,,,,,,30.7,29.3,9.9,6.1,33.6,34.6,37.7,37.9,34.9,45.0,44.0,45.6
2025-06-16 12:00:00,,,,,,,,,,,,,,,,,,,,30.4,29.0,9.9,6.1,33.5,34.5,37.7,37.8,34.8,44.9,43.9,45.5
2025-06-16 13:00:00,,,,,,,,,,,,,,,,,,,,30.1,28.8,9.8,6.1,33.4,34.4,37.6,37.7,34.8,44.8,43.8,45.5
2025-06-16 14:00:00,,,,,,,,,,,,,,,,,,,,29.8,28.6,9.8,6.1,33.3,34.3,37.5,37.6,34.7,44.7,43.8,45.4
2025-06-16 15:00:00,,,,,,,,,,,,,,,,,,,,29.5,28.5,9.8,6.1,33.2,34.3,37.4,37.6,34.7,44.7,43.7,45.3
2025-06-16 16:00:00,,,,,,,,,,,,,,,,,,,,29.4,28.3,9.8,6.0,33.1,34.2,37.4,37.6,34.6,44.6,43.7,45.3
2025-06-16 17:00:00,,,,,,,,,,,,,,,,,,,,29.4,28.2,9.7,6.0,33.1,34.2,37.4,37.6,34.6,44.6,43.7,45.3
2025-06-16 18:00:00,,,,,,,,,,,,,,,,,,,,29.2,28.2,9.8,6.0,33.1,34.1,37.3,37.5,34.6,44.7,43.7,45.3
2025-06-16 19:00:00,,,,,,,,,,,,,,,,,,,,29.2,28.2,9.8,6.0,33.1,34.1,37.3,37.5,34.6,44.7,43.7,45.3
2025-06-16 20:00:00,,,,,,,,,,,,,,,,,,,,29.2,28.2,9.8,6.0,33.1,34.1,37.3,37.5,34.6,44.7,43.8,45.3
2025-06-16 21:00:00,,,,,,,,,,,,,,,,,,,,29.1,28.2,9.7,6.0,33.0,34.1,37.2,37.5,34.6,44.7,43.7,45.3
2025-06-16 22:00:00,,,,,,,,,,,,,,,,,,,,29.1,28.1,9.7,6.0,33.0,34.0,37.2,37.5,34.6,44.7,43.7,45.3
2025-06-16 23:00:00,,,,,,,,,,,,,,,,,,,,29.0,28.1,9.7,6.0,33.0,34.0,37.2,37.5,34.6,44.7,43.7,45.3
2025-06-17 01:00:00,,,,,,,,,,,,,,,,,,,,28.9,28.1,9.7,6.0,32.9,34.0,37.2,37.5,34.6,44.6,43.7,45.3
2025-06-17 02:00:00,,,,,,,,,,,,,,,,,,,,28.9,28.1,9.7,6.0,32.9,34.0,37.2,37.5,34.6,44.6,43.7,45.3
2025-06-17 03:00:00,,,,,,,,,,,,,,,,,,,,28.8,28.0,9.7,6.0,32.9,34.0,37.2,37.5,34.6,44.6,43.7,45.3
2025-06-17 04:00:00,,,,,,,,,,,,,,,,,,,,28.8,28.0,9.7,6.0,32.9,34.0,37.2,37.5,34.6,44.6,43.7,45.3
2025-06-17 05:00:00,,,,,,,,,,,,,,,,,,,,28.7,28.0,9.7,6.0,32.9,34.0,37.2,37.5,34.6,44.6,43.7,45.3
2025-06-17 06:00:00,,,,,,,,,,,,,,,,,,,,28.8,27.9,9.7,6.0,32.8,34.0,37.2,37.5,34.6,44.6,43.7,45.3
2025-06-17 07:00:00,,,,,,,,,,,,,,,,,,,,28.7,27.9,9.7,6.0,32.8,34.0,37.2,37.5,34.6,44.6,43.7,45.3
2025-06-17 08:00:00,,,,,,,,,,,,,,,,,,,,28.6,27.9,9.7,6.0,32.8,33.9,37.1,37.5,34.5,44.5,43.7,45.3
2025-06-17 09:00:00,,,,,,,,,,,,,,,,,,,,28.4,27.7,9.7,6.0,32.7,33.9,37.1,37.4,34.4,44.4,43.6,45.3
2025-06-17 10:00:00,,,,,,,,,,,,,,,,,,,,28.2,27.5,9.6,6.0,32.7,33.8,37.0,37.3,34.4,44.4,43.6,45.3
2025-06-17 11:00:00,,,,,,,,,,,,,,,,,,,,28.1,27.4,9.6,6.0,32.6,33.7,37.0,37.3,34.3,44.3,43.5,45.3
2025-06-17 12:00:00,,,,,,,,,,,,,,,,,,,,27.9,27.3,9.6,6.0,32.6,33.7,36.9,37.3,34.3,44.3,43.4,45.2
2025-06-17 13:00:00,,,,,,,,,,,,,,,,,,,,27.7,27.1,9.6,5.9,32.5,33.6,36.9,37.2,34.2,44.2,43.4,45.2
2025-06-17 14:00:00,,,,,,,,,,,,,,,,,,,,27.5,27.0,9.6,5.9,32.5,33.6,36.8,37.2,34.2,44.2,43.4,45.2
2025-06-17 15:00:00,,,,,,,,,,,,,,,,,,,,27.4,26.9,9.6,5.9,32.4,33.5,36.8,37.1,34.2,44.2,43.4,45.2
2025-06-17 16:00:00,,,,,,,,,,,,,,,,,,,,27.3,26.7,9.5,5.9,32.4,33.5,36.7,37.1,34.1,44.2,43.3,45.2
2025-06-17 17:00:00,,,,,,,,,,,,,,,,,,,,27.2,26.7,9.5,5.9,32.3,33.4,36.7,37.1,34.1,44.1,43.3,45.1
2025-06-17 18:00:00,,,,,,,,,,,,,,,,,,,,27.1,26.6,9.5,5.9,32.3,33.4,36.7,37.1,34.1,44.1,43.3,45.1
2025-06-17 19:00:00,,,,,,,,,,,,,,,,,,,,27.1,26.6,9.5,5.9,32.3,33.4,36.7,37.1,34.1,44.2,43.3,45.1
2025-06-17 20:00:00,,,,,,,,,,,,,,,,,,,,27.0,26.6,9.4,5.9,32.3,33.4,36.6,37.0,34.1,44.1,43.3,45.1
2025-06-17 21:00:00,,,,,,,,,,,,,,,,,,,,26.9,26.5,9.4,5.9,32.2,33.4,36.6,37.0,34.1,44.1,43.4,45.1
2025-06-17 22:00:00,,,,,,,,,,,,,,,,,,,,26.9,26.6,9.4,5.9,32.2,33.4,36.6,37.0,34.1,44.1,43.4,45.1
2025-06-17 23:00:00,,,,,,,,,,,,,,,,,,,,26.8,26.5,9.4,5.9,32.2,33.3,36.6,37.0,34.1,44.1,43.4,45.1
2025-06-18 01:00:00,,,,,,,,,,,,,,,,,,,,26.7,26.5,9.4,5.9,32.1,33.3,36.6,37.0,34.1,44.1,43.4,45.0
2025-06-18 02:00:00,,,,,,,,,,,,,,,,,,,,26.7,26.5,9.4,5.9,32.1,33.3,36.5,37.0,34.1,44.1,43.4,45.1
2025-06-18 03:00:00,,,,,,,,,,,,,,,,,,,,26.7,26.4,9.4,5.9,32.1,33.2,36.5,37.0,34.1,44.1,43.4,45.0
2025-06-18 04:00:00,,,,,,,,,,,,,,,,,,,,26.6,26.4,9.4,5.9,32.1,33.2,36.5,37.0,34.1,44.1,43.4,45.0
2025-06-18 05:00:00,,,,,,,,,,,,,,,,,,,,26.6,26.4,9.5,5.9,32.1,33.2,36.5,37.0,34.1,44.1,43.4,45.0
2025-06-18 06:00:00,,,,,,,,,,,,,,,,,,,,26.6,26.4,9.5,5.9,32.1,33.2,36.5,37.0,34.1,44.1,43.4,45.0
2025-06-18 07:00:00,,,,,,,,,,,,,,,,,,,,26.5,26.4,9.5,5.9,32.0,33.2,36.5,37.0,34.1,44.1,43.4,45.0
2025-06-18 08:00:00,,,,,,,,,,,,,,,,,,,,26.6,26.4,9.4,5.9,32.0,33.2,36.4,37.0,34.1,44.1,43.4,45.0
2025-06-18 09:00:00,,,,,,,,,,,,,,,,,,,,26.5,26.3,9.4,5.9,32.0,33.1,36.4,36.9,34.0,44.0,43.3,45.0
2025-06-18 10:00:00,,,,,,,,,,,,,,,,,,,,26.2,26.1,9.4,5.9,31.9,33.1,36.4,36.9,34.0,44.0,43.3,44.9
2025-06-18 11:00:00,,,,,,,,,,,,,,,,,,,,26.1,26.0,9.4,5.9,31.9,33.0,36.3,36.8,34.0,43.9,43.2,45.0
2025-06-18 12:00:00,,,,,,,,,,,,,,,,,,,,26.0,25.9,9.3,5.9,31.9,33.0,36.3,36.7,33.9,43.9,43.2,44.9
2025-06-18 13:00:00,,,,,,,,,,,,,,,,,,,,26.0,25.9,9.4,5.9,31.8,33.0,36.3,36.7,33.9,43.9,43.2,44.9
2025-06-18 14:00:00,,,,,,,,,,,,,,,,,,,,25.9,25.8,9.3,5.9,31.8,32.9,36.3,36.7,33.9,43.9,43.2,44.9
2025-06-18 15:00:00,,,,,,,,,,,,,,,,,,,,25.8,25.8,9.3,5.9,31.8,32.9,36.2,36.7,33.9,43.9,43.2,44.9
2025-06-18 16:00:00,,,,,,,,,,,,,,,,,,,,25.8,25.8,9.4,5.9,31.7,32.9,36.2,36.7,33.9,43.9,43.2,44.9
2025-06-18 17:00:00,,,,,,,,,,,,,,,,,,,,25.8,25.8,9.4,5.9,31.7,32.9,36.2,36.7,33.9,43.9,43.2,44.9
2025-06-18 18:00:00,,,,,,,,,,,,,,,,,,,,25.8,25.8,9.4,5.9,31.7,32.8,36.2,36.7,33.8,43.9,43.2,44.9
2025-06-18 19:00:00,,,,,,,,,,,,,,,,,,,,25.7,25.8,9.4,5.9,31.7,32.8,36.2,36.7,33.9,43.9,43.2,44.9
2025-06-18 20:00:00,,,,,,,,,,,,,,,,,,,,25.7,25.7,9.4,5.9,31.7,32.8,36.2,36.7,34.0,43.9,43.2,44.9
2025-06-18 21:00:00,,,,,,,,,,,,,,,,,,,,25.6,25.7,9.3,5.8,31.7,32.7,36.2,36.7,34.1,43.9,43.2,44.9
2025-06-18 22:00:00,,,,,,,,,,,,,,,,,,,,25.6,25.7,9.3,5.9,31.7,32.7,36.2,36.7,34.1,43.9,43.2,44.9
2025-06-18 23:00:00,,,,,,,,,,,,,,,,,,,,25.6,25.7,9.4,5.9,31.6,32.7,36.2,36.7,34.1,43.9,43.2,44.9
2025-06-19 01:00:00,,,,,,,,,,,,,,,,,,,,25.5,25.6,9.4,5.9,31.6,32.7,36.1,36.6,34.1,43.9,43.3,44.9
2025-06-19 02:00:00,,,,,,,,,,,,,,,,,,,,25.5,25.6,9.4,5.8,31.6,32.7,36.1,36.6,34.1,43.9,43.2,44.9
2025-06-19 03:00:00,,,,,,,,,,,,,,,,,,,,25.5,25.7,9.3,5.8,31.6,32.7,36.1,36.6,34.1,43.9,43.3,44.9
2025-06-19 04:00:00,,,,,,,,,,,,,,,,,,,,25.5,25.7,9.3,5.8,31.6,32.7,36.1,36.6,34.1,43.9,43.3,44.9
2025-06-19 05:00:00,,,,,,,,,,,,,,,,,,,,25.5,25.6,9.3,5.9,31.6,32.7,36.1,36.6,34.1,43.9,43.3,44.9
2025-06-19 06:00:00,,,,,,,,,,,,,,,,,,,,25.4,25.6,9.3,5.9,31.6,32.7,36.1,36.6,34.1,43.9,43.3,44.9
2025-06-19 07:00:00,,,,,,,,,,,,,,,,,,,,25.4,25.6,9.3,5.9,31.5,32.7,36.1,36.6,34.1,43.9,43.3,44.9
2025-06-19 08:00:00,,,,,,,,,,,,,,,,,,,,25.4,25.6,9.3,5.8,31.5,32.7,36.1,36.6,34.1,43.9,43.3,44.9
2025-06-19 09:00:00,,,,,,,,,,,,,,,,,,,,25.4,25.6,9.3,5.8,31.5,32.6,36.1,36.6,34.0,43.9,43.2,44.8
2025-06-19 10:00:00,,,,,,,,,,,,,,,,,,,,25.2,25.4,9.3,5.8,31.5,32.6,36.0,36.5,33.9,43.8,43.1,44.8
2025-06-19 11:00:00,,,,,,,,,,,,,,,,,,,,25.0,25.1,9.2,5.8,31.4,32.5,36.0,36.5,33.9,43.7,43.1,44.8
2025-06-19 12:00:00,,,,,,,,,,,,,,,,,,,,24.8,24.9,9.2,5.8,31.4,32.4,35.9,36.5,33.8,43.6,43.0,44.8
2025-06-19 13:00:00,,,,,,,,,,,,,,,,,,,,24.6,24.7,9.2,5.8,31.3,32.4,35.9,36.4,33.7,43.5,42.9,44.6
2025-06-19 14:00:00,,,,,,,,,,,,,,,,,,,,24.4,24.6,9.1,5.8,31.3,32.3,35.8,36.3,33.7,43.4,42.9,44.6
2025-06-19 15:00:00,,,,,,,,,,,,,,,,,,,,24.3,24.4,9.1,5.8,31.2,32.2,35.8,36.3,33.7,43.4,42.8,44.6
2025-06-19 16:00:00,,,,,,,,,,,,,,,,,,,,24.2,24.3,9.1,5.8,31.2,32.2,35.7,36.3,33.7,43.4,42.8,44.6
2025-06-19 17:00:00,,,,,,,,,,,,,,,,,,,,24.2,24.3,9.1,5.8,31.1,32.2,35.7,36.3,33.7,43.4,42.8,44.6
2025-06-19 18:00:00,,,,,,,,,,,,,,,,,,,,24.2,24.4,9.1,5.8,31.1,32.2,35.7,36.2,33.7,43.5,42.8,44.5
2025-06-19 19:00:00,,,,,,,,,,,,,,,,,,,,24.2,24.3,9.1,5.8,31.1,32.2,35.7,36.2,33.7,43.5,42.9,44.5
2025-06-19 20:00:00,,,,,,,,,,,,,,,,,,,,24.2,24.3,9.1,5.8,31.1,32.1,35.7,36.2,33.7,43.5,42.9,44.5
2025-06-19 21:00:00,,,,,,,,,,,,,,,,,,,,24.1,24.3,9.1,5.8,31.0,32.1,35.7,36.2,33.7,43.5,42.8,44.5
2025-06-19 22:00:00,,,,,,,,,,,,,,,,,,,,24.1,24.2,9.1,5.8,31.0,32.1,35.6,36.2,33.7,43.5,42.9,44.5
2025-06-19 23:00:00,,,,,,,,,,,,,,,,,,,,24.1,24.2,9.1,5.8,31.0,32.1,35.6,36.2,33.7,43.5,42.9,44.5
2025-06-20 01:00:00,,,,,,,,,,,,,,,,,,,,24.1,24.2,9.1,5.8,31.0,32.1,35.6,36.2,33.7,43.5,42.9,44.5
2025-06-20 02:00:00,,,,,,,,,,,,,,,,,,,,24.1,24.2,9.1,5.8,31.0,32.1,35.6,36.2,33.6,43.5,42.9,44.5
2025-06-20 03:00:00,,,,,,,,,,,,,,,,,,,,24.1,24.1,9.1,5.8,30.9,32.1,35.6,36.2,33.6,43.5,42.9,44.5
2025-06-20 04:00:00,,,,,,,,,,,,,,,,,,,,24.1,24.2,9.1,5.8,30.9,32.1,35.6,36.2,33.6,43.5,42.9,44.5
2025-06-20 05:00:00,,,,,,,,,,,,,,,,,,,,24.2,24.1,9.1,5.7,30.9,32.1,35.6,36.2,33.6,43.5,42.9,44.5
2025-06-20 06:00:00,,,,,,,,,,,,,,,,,,,,24.2,24.1,9.0,5.8,30.9,32.1,35.6,36.1,33.6,43.5,42.9,44.5
2025-06-20 07:00:00,,,,,,,,,,,,,,,,,,,,24.2,24.2,9.0,5.8,30.9,32.0,35.6,36.1,33.6,43.5,42.9,44.5
2025-06-20 08:00:00,,,,,,,,,,,,,,,,,,,,24.1,24.1,9.0,5.7,30.9,32.0,35.6,36.1,33.6,43.4,42.9,44.5
2025-06-20 09:00:00,,,,,,,,,,,,,,,,,,,,24.0,24.0,9.0,5.7,30.8,32.0,35.5,36.1,33.5,43.4,42.8,44.5
2025-06-20 10:00:00,,,,,,,,,,,,,,,,,,,,24.0,23.9,9.0,5.7,30.8,31.9,35.5,36.1,33.5,43.3,42.7,44.4
2025-06-20 11:00:00,,,,,,,,,,,,,,,,,,,,23.9,23.8,9.0,5.7,30.8,31.9,35.5,36.0,33.4,43.3,42.7,44.4
2025-06-20 12:00:00,,,,,,,,,,,,,,,,,,,,23.8,23.7,8.9,5.7,30.7,31.8,35.4,36.0,33.3,43.2,42.7,44.4
2025-06-20 13:00:00,,,,,,,,,,,,,,,,,,,,23.8,23.5,8.9,5.7,30.7,31.8,35.4,35.9,33.4,43.1,42.6,44.4
2025-06-20 14:00:00,,,,,,,,,,,,,,,,,,,,23.6,23.4,8.9,5.7,30.6,31.7,35.3,35.9,33.3,43.1,42.5,44.3
2025-06-20 15:00:00,,,,,,,,,,,,,,,,,,,,23.6,23.3,8.9,5.7,30.6,31.7,35.3,35.9,33.2,43.1,42.5,44.3
2025-06-20 16:00:00,,,,,,,,,,,,,,,,,,,,23.6,23.4,8.8,5.7,30.5,31.6,35.2,35.9,33.2,43.1,42.5,44.3
2025-06-20 17:00:00,,,,,,,,,,,,,,,,,,,,23.6,23.3,8.9,5.7,30.5,31.6,35.2,35.8,33.2,43.1,42.5,44.3
2025-06-20 18:00:00,,,,,,,,,,,,,,,,,,,,23.6,23.3,8.9,5.7,30.5,31.6,35.2,35.8,33.2,43.1,42.5,44.3
2025-06-20 19:00:00,,,,,,,,,,,,,,,,,,,,23.6,23.3,8.9,5.7,30.5,31.6,35.2,35.8,33.2,43.1,42.5,44.3
2025-06-20 20:00:00,,,,,,,,,,,,,,,,,,,,23.5,23.3,8.9,5.7,30.5,31.6,35.2,35.8,33.2,43.1,42.5,44.3
2025-06-20 21:00:00,,,,,,,,,,,,,,,,,,,,23.5,23.3,8.9,5.7,30.5,31.6,35.2,35.8,33.2,43.1,42.5,44.3
2025-06-20 22:00:00,,,,,,,,,,,,,,,,,,,,23.5,23.3,8.9,5.7,30.4,31.6,35.2,35.8,33.2,43.1,42.5,44.3
2025-06-20 23:00:00,,,,,,,,,,,,,,,,,,,,23.5,23.3,8.9,5.7,30.4,31.6,35.2,35.8,33.2,43.1,42.5,44.3
2025-06-21 01:00:00,,,,,,,,,,,,,,,,,,,,23.4,23.2,8.9,5.7,30.4,31.5,35.1,35.8,33.2,43.1,42.6,44.3
2025-06-21 02:00:00,,,,,,,,,,,,,,,,,,,,23.4,23.2,8.9,5.7,30.4,31.5,35.1,35.7,33.2,43.1,42.6,44.3
2025-06-21 03:00:00,,,,,,,,,,,,,,,,,,,,23.4,23.2,8.9,5.7,30.4,31.5,35.1,35.7,33.2,43.1,42.6,44.3
2025-06-21 04:00:00,,,,,,,,,,,,,,,,,,,,23.5,23.2,8.9,5.7,30.3,31.5,35.1,35.7,33.2,43.1,42.6,44.3
2025-06-21 05:00:00,,,,,,,,,,,,,,,,,,,,23.4,23.2,8.9,5.7,30.3,31.5,35.1,35.7,33.2,43.1,42.6,44.3
2025-06-21 06:00:00,,,,,,,,,,,,,,,,,,,,23.4,23.2,8.9,5.7,30.3,31.5,35.1,35.7,33.2,43.1,42.6,44.3
2025-06-21 07:00:00,,,,,,,,,,,,,,,,,,,,23.4,23.2,8.8,5.7,30.3,31.5,35.1,35.7,33.2,43.1,42.6,44.3
2025-06-21 08:00:00,,,,,,,,,,,,,,,,,,,,23.4,23.1,8.8,5.7,30.3,31.4,35.1,35.7,33.1,43.1,42.5,44.3
2025-06-21 09:00:00,,,,,,,,,,,,,,,,,,,,23.3,23.1,8.8,5.7,30.2,31.4,35.1,35.7,33.1,43.0,42.5,44.2
2025-06-21 10:00:00,,,,,,,,,,,,,,,,,,,,23.2,22.9,8.8,5.7,30.1,31.3,35.0,35.6,33.0,42.9,42.4,44.2
2025-06-21 11:00:00,,,,,,,,,,,,,,,,,,,,23.0,22.7,8.7,5.6,30.1,31.2,34.9,35.6,32.9,42.8,42.3,44.2
2025-06-21 12:00:00,,,,,,,,,,,,,,,,,,,,22.9,22.6,8.7,5.6,30.0,31.2,34.9,35.5,32.9,42.7,42.3,44.1
2025-06-21 13:00:00,,,,,,,,,,,,,,,,,,,,22.9,22.5,8.7,5.6,30.0,31.1,34.8,35.5,32.8,42.7,42.2,44.0
2025-06-21 14:00:00,,,,,,,,,,,,,,,,,,,,22.8,22.5,8.7,5.6,29.9,31.1,34.8,35.4,32.8,42.6,42.2,44.0
2025-06-21 15:00:00,,,,,,,,,,,,,,,,,,,,22.8,22.4,8.7,5.6,29.9,31.0,34.8,35.4,32.7,42.6,42.1,44.0
2025-06-21 16:00:00,,,,,,,,,,,,,,,,,,,,22.7,22.4,8.7,5.6,29.8,31.0,34.7,35.4,32.7,42.6,42.1,44.0
2025-06-21 17:00:00,,,,,,,,,,,,,,,,,,,,22.7,22.4,8.7,5.6,29.8,31.0,34.7,35.4,32.7,42.6,42.2,44.0
2025-06-21 18:00:00,,,,,,,,,,,,,,,,,,,,22.6,22.4,8.7,5.6,29.8,30.9,34.7,35.3,32.7,42.6,42.2,44.0
2025-06-21 19:00:00,,,,,,,,,,,,,,,,,,,,22.6,22.4,8.6,5.6,29.8,30.9,34.7,35.3,32.7,42.7,42.2,44.0
2025-06-21 20:00:00,,,,,,,,,,,,,,,,,,,,22.6,22.4,8.6,5.6,29.7,30.9,34.6,35.3,32.7,42.7,42.2,44.0
2025-06-21 21:00:00,,,,,,,,,,,,,,,,,,,,22.6,22.4,8.6,5.6,29.7,30.9,34.6,35.3,32.7,42.7,42.2,44.0
2025-06-21 22:00:00,,,,,,,,,,,,,,,,,,,,22.6,22.4,8.6,5.6,29.7,30.9,34.6,35.3,32.7,42.7,42.2,44.0
2025-06-21 23:00:00,,,,,,,,,,,,,,,,,,,,22.6,22.4,8.6,5.6,29.7,30.9,34.6,35.3,32.7,42.7,42.2,44.0
2025-06-22 01:00:00,,,,,,,,,,,,,,,,,,,,22.6,22.4,8.6,5.6,29.7,30.9,34.6,35.2,32.7,42.7,42.2,44.0
2025-06-22 02:00:00,,,,,,,,,,,,,,,,,,,,22.5,22.3,8.6,5.6,29.7,30.8,34.6,35.2,32.7,42.7,42.2,44.0
2025-06-22 03:00:00,,,,,,,,,,,,,,,,,,,,22.5,22.3,8.6,5.6,29.6,30.8,34.6,35.2,32.7,42.7,42.2,44.0
2025-06-22 04:00:00,,,,,,,,,,,,,,,,,,,,22.5,22.3,8.6,5.6,29.6,30.8,34.6,35.2,32.7,42.7,42.2,44.0
2025-06-22 05:00:00,,,,,,,,,,,,,,,,,,,,22.4,22.3,8.6,5.6,29.6,30.8,34.6,35.2,32.7,42.7,42.2,44.0
2025-06-22 06:00:00,,,,,,,,,,,,,,,,,,,,22.5,22.3,8.6,5.6,29.6,30.8,34.6,35.2,32.7,42.7,42.2,44.0
2025-06-22 07:00:00,,,,,,,,,,,,,,,,,,,,22.5,22.3,8.6,5.6,29.6,30.8,34.6,35.2,32.6,42.7,42.2,44.0
2025-06-22 08:00:00,,,,,,,,,,,,,,,,,,,,22.4,22.3,8.6,5.6,29.6,30.8,34.6,35.2,32.6,42.6,42.2,44.0
2025-06-22 09:00:00,,,,,,,,,,,,,,,,,,,,22.4,22.2,8.6,5.6,29.5,30.7,34.5,35.1,32.6,42.6,42.1,43.9
2025-06-22 10:00:00,,,,,,,,,,,,,,,,,,,,22.3,22.1,8.5,5.6,29.5,30.7,34.5,35.1,32.5,42.5,42.1,43.9
2025-06-22 11:00:00,,,,,,,,,,,,,,,,,,,,22.2,22.0,8.5,5.5,29.4,30.6,34.4,35.1,32.5,42.5,42.0,43.9
2025-06-22 12:00:00,,,,,,,,,,,,,,,,,,,,22.2,21.9,8.5,5.6,29.4,30.5,34.4,35.0,32.4,42.4,42.0,43.8
2025-06-22 13:00:00,,,,,,,,,,,,,,,,,,,,22.1,21.9,8.5,5.5,29.3,30.5,34.3,35.0,32.4,42.3,41.9,43.8
2025-06-22 14:00:00,,,,,,,,,,,,,,,,,,,,22.1,21.8,8.5,5.5,29.2,30.5,34.3,35.0,32.3,42.3,41.9,43.8
2025-06-22 15:00:00,,,,,,,,,,,,,,,,,,,,21.9,21.7,8.5,5.5,29.2,30.4,34.3,34.9,32.2,42.2,41.8,43.7
2025-06-22 16:00:00,,,,,,,,,,,,,,,,,,,,21.9,21.7,8.5,5.5,29.2,30.4,34.2,34.9,32.2,42.2,41.8,43.7
2025-06-22 17:00:00,,,,,,,,,,,,,,,,,,,,21.9,21.7,8.4,5.5,29.1,30.3,34.2,34.8,32.2,42.2,41.8,43.7
2025-06-22 18:00:00,,,,,,,,,,,,,,,,,,,,21.9,21.7,8.4,5.5,29.1,30.3,34.1,34.8,32.2,42.2,41.8,43.7
2025-06-22 19:00:00,,,,,,,,,,,,,,,,,,,,21.8,21.7,8.4,5.5,29.1,30.3,34.1,34.8,32.2,42.2,41.8,43.7
2025-06-22 20:00:00,,,,,,,,,,,,,,,,,,,,21.8,21.7,8.4,5.5,29.1,30.3,34.1,34.8,32.2,42.2,41.8,43.7
2025-06-22 21:00:00,,,,,,,,,,,,,,,,,,,,21.8,21.7,8.4,5.5,29.0,30.3,34.1,34.8,32.2,42.2,41.8,43.7
2025-06-22 22:00:00,,,,,,,,,,,,,,,,,,,,21.7,21.7,8.4,5.5,29.0,30.2,34.1,34.8,32.2,42.2,41.8,43.7
2025-06-22 23:00:00,,,,,,,,,,,,,,,,,,,,21.8,21.7,8.4,5.5,29.0,30.2,34.1,34.8,32.2,42.3,41.8,43.7
2025-06-23 01:00:00,,,,,,,,,,,,,,,,,,,,21.7,21.7,8.4,5.5,29.0,30.2,34.1,34.7,32.2,42.3,41.9,43.7
2025-06-23 02:00:00,,,,,,,,,,,,,,,,,,,,21.7,21.7,8.4,5.5,28.9,30.2,34.1,34.7,32.2,42.3,41.9,43.7
2025-06-23 03:00:00,,,,,,,,,,,,,,,,,,,,21.7,21.7,8.4,5.5,28.9,30.2,34.0,34.7,32.2,42.3,41.9,43.7
2025-06-23 04:00:00,,,,,,,,,,,,,,,,,,,,21.6,21.6,8.4,5.5,28.9,30.2,34.0,34.7,32.2,42.3,41.9,43.7
2025-06-23 05:00:00,,,,,,,,,,,,,,,,,,,,21.7,21.7,8.4,5.5,28.9,30.2,34.0,34.7,32.2,42.3,41.9,43.7
2025-06-23 06:00:00,,,,,,,,,,,,,,,,,,,,21.6,21.6,8.4,5.5,28.9,30.2,34.0,34.7,32.2,42.3,41.9,43.7
2025-06-23 07:00:00,,,,,,,,,,,,,,,,,,,,21.7,21.7,8.4,5.5,28.9,30.2,34.0,34.7,32.2,42.3,41.9,43.7
2025-06-23 08:00:00,,,,,,,,,,,,,,,,,,,,21.6,21.6,8.4,5.5,28.9,30.1,34.0,34.7,32.1,42.2,41.9,43.7
2025-06-23 09:00:00,,,,,,,,,,,,,,,,,,,,21.6,21.5,8.4,5.5,28.8,30.1,34.0,34.6,32.1,42.1,41.8,43.7
2025-06-23 10:00:00,,,,,,,,,,,,,,,,,,,,21.5,21.4,8.4,5.5,28.8,30.0,33.9,34.5,32.0,42.0,41.7,43.6
2025-06-23 11:00:00,,,,,,,,,,,,,,,,,,,,21.4,21.3,8.4,5.5,28.7,29.9,33.8,34.5,31.9,41.9,41.6,43.5
2025-06-23 12:00:00,,,,,,,,,,,,,,,,,,,,21.3,21.1,8.3,5.5,28.6,29.8,33.8,34.5,31.8,41.7,41.5,43.5
2025-06-23 13:00:00,,,,,,,,,,,,,,,,,,,,21.1,21.0,8.2,5.4,28.5,29.7,33.7,34.4,31.7,41.6,41.4,43.4
2025-06-23 14:00:00,,,,,,,,,,,,,,,,,,,,21.0,20.9,8.2,5.4,28.4,29.6,33.7,34.3,31.6,41.4,41.3,43.3
2025-06-23 15:00:00,,,,,,,,,,,,,,,,,,,,20.8,20.9,8.2,5.4,28.3,29.5,33.6,34.3,31.5,41.3,41.1,43.2
2025-06-23 16:00:00,,,,,,,,,,,,,,,,,,,,20.8,20.8,8.2,5.4,28.2,29.5,33.5,34.2,31.4,41.2,41.1,43.2
2025-06-23 17:00:00,,,,,,,,,,,,,,,,,,,,20.7,20.7,8.1,5.4,28.2,29.4,33.5,34.2,31.4,41.2,41.0,43.1
2025-06-23 18:00:00,,,,,,,,,,,,,,,,,,,,20.8,20.7,8.1,5.4,28.1,29.4,33.4,34.1,31.4,41.2,41.1,43.1
2025-06-23 19:00:00,,,,,,,,,,,,,,,,,,,,20.8,20.7,8.1,5.4,28.1,29.4,33.4,34.1,31.4,41.2,41.1,43.1
2025-06-23 20:00:00,,,,,,,,,,,,,,,,,,,,20.7,20.7,8.1,5.4,28.0,29.3,33.4,34.1,31.4,41.3,41.1,43.1
2025-06-23 21:00:00,,,,,,,,,,,,,,,,,,,,20.7,20.7,8.1,5.4,28.0,29.3,33.3,34.0,31.4,41.3,41.1,43.1
2025-06-23 22:00:00,,,,,,,,,,,,,,,,,,,,20.6,20.7,8.1,5.4,28.0,29.3,33.3,34.0,31.4,41.3,41.1,43.1
2025-06-23 23:00:00,,,,,,,,,,,,,,,,,,,,20.7,20.8,8.1,5.4,28.0,29.3,33.3,34.0,31.4,41.3,41.1,43.1
2025-06-24 01:00:00,,,,,,,,,,,,,,,,,,,,20.6,20.8,8.1,5.4,27.9,29.2,33.2,34.0,31.4,41.3,41.1,43.2
2025-06-24 02:00:00,,,,,,,,,,,,,,,,,,,,20.6,20.7,8.1,5.4,27.9,29.2,33.2,34.0,31.4,41.3,41.1,43.1
2025-06-24 03:00:00,,,,,,,,,,,,,,,,,,,,20.5,20.7,8.1,5.4,27.9,29.2,33.2,33.9,31.4,41.3,41.1,43.2
2025-06-24 04:00:00,,,,,,,,,,,,,,,,,,,,20.5,20.7,8.1,5.4,27.8,29.2,33.2,33.9,31.3,41.3,41.2,43.2
2025-06-24 05:00:00,,,,,,,,,,,,,,,,,,,,20.5,20.7,8.1,5.4,27.8,29.2,33.2,33.9,31.4,41.3,41.2,43.2
2025-06-24 06:00:00,,,,,,,,,,,,,,,,,,,,20.5,20.7,8.1,5.4,27.8,29.1,33.2,33.9,31.4,41.3,41.2,43.2
2025-06-24 07:00:00,,,,,,,,,,,,,,,,,,,,20.5,20.7,8.1,5.4,27.8,29.1,33.2,33.9,31.3,41.3,41.2,43.2
2025-06-24 08:00:00,,,,,,,,,,,,,,,,,,,,20.5,20.7,8.1,5.4,27.7,29.1,33.1,33.9,31.3,41.2,41.1,43.1
2025-06-24 09:00:00,,,,,,,,,,,,,,,,,,,,20.5,20.6,8.1,5.4,27.6,29.0,33.1,33.8,31.2,41.1,41.0,43.1
2025-06-24 10:00:00,,,,,,,,,,,,,,,,,,,,20.4,20.5,8.1,5.4,27.6,28.9,33.0,33.8,31.1,41.0,40.9,43.0
2025-06-24 11:00:00,,,,,,,,,,,,,,,,,,,,20.4,20.4,8.0,5.4,27.5,28.8,32.9,33.7,31.1,40.9,40.8,42.9
2025-06-24 12:00:00,,,,,,,,,,,,,,,,,,,,20.4,20.5,8.0,5.4,27.4,28.8,32.9,33.7,31.0,40.9,40.8,42.9
2025-06-24 13:00:00,,,,,,,,,,,,,,,,,,,,20.3,20.4,8.0,5.3,27.3,28.7,32.8,33.6,31.0,40.8,40.8,42.8
2025-06-24 14:00:00,,,,,,,,,,,,,,,,,,,,20.3,20.4,8.0,5.3,27.2,28.6,32.8,33.6,30.9,40.7,40.6,42.8
2025-06-24 15:00:00,,,,,,,,,,,,,,,,,,,,20.2,20.4,8.0,5.3,27.2,28.6,32.7,33.6,30.8,40.6,40.6,42.7
2025-06-24 16:00:00,,,,,,,,,,,,,,,,,,,,20.2,20.4,8.0,5.3,27.1,28.5,32.6,33.5,30.7,40.5,40.5,42.6
2025-06-24 17:00:00,,,,,,,,,,,,,,,,,,,,20.2,20.3,8.0,5.3,27.0,28.4,32.6,33.5,30.7,40.5,40.4,42.6
2025-06-24 18:00:00,,,,,,,,,,,,,,,,,,,,20.1,20.3,8.0,5.3,27.0,28.4,32.6,33.4,30.7,40.5,40.5,42.6
2025-06-24 19:00:00,,,,,,,,,,,,,,,,,,,,20.2,20.3,7.9,5.3,27.0,28.4,32.5,33.4,30.7,40.5,40.5,42.6
2025-06-24 20:00:00,,,,,,,,,,,,,,,,,,,,20.2,20.3,8.0,5.3,26.9,28.3,32.5,33.4,30.7,40.6,40.5,42.6
2025-06-24 21:00:00,,,,,,,,,,,,,,,,,,,,20.2,20.3,8.0,5.3,26.9,28.3,32.5,33.3,30.7,40.6,40.6,42.6
2025-06-24 22:00:00,,,,,,,,,,,,,,,,,,,,20.1,20.4,8.0,5.3,26.9,28.3,32.4,33.3,30.7,40.6,40.6,42.6
2025-06-24 23:00:00,,,,,,,,,,,,,,,,,,,,20.1,20.4,8.0,5.3,26.9,28.3,32.4,33.3,30.7,40.6,40.6,42.6
2025-06-25 01:00:00,,,,,,,,,,,,,,,,,,,,20.1,20.4,8.0,5.3,26.8,28.2,32.4,33.3,30.7,40.6,40.6,42.6
2025-06-25 02:00:00,,,,,,,,,,,,,,,,,,,,20.0,20.4,8.0,5.3,26.8,28.2,32.4,33.2,30.7,40.6,40.6,42.6
2025-06-25 03:00:00,,,,,,,,,,,,,,,,,,,,20.0,20.3,7.9,5.3,26.7,28.2,32.4,33.2,30.7,40.7,40.6,42.6
2025-06-25 04:00:00,,,,,,,,,,,,,,,,,,,,20.0,20.3,7.9,5.3,26.7,28.2,32.3,33.2,30.7,40.7,40.6,42.6
2025-06-25 05:00:00,,,,,,,,,,,,,,,,,,,,20.0,20.3,7.9,5.3,26.7,28.2,32.3,33.2,30.7,40.7,40.6,42.6
2025-06-25 06:00:00,,,,,,,,,,,,,,,,,,,,20.0,20.3,8.0,5.3,26.7,28.2,32.3,33.1,30.7,40.7,40.6,42.6
2025-06-25 07:00:00,,,,,,,,,,,,,,,,,,,,20.0,20.3,8.0,5.3,26.7,28.2,32.3,33.1,30.7,40.7,40.6,42.6
2025-06-25 08:00:00,,,,,,,,,,,,,,,,,,,,20.0,20.3,7.9,5.3,26.6,28.1,32.3,33.1,30.7,40.6,40.6,42.6
2025-06-25 09:00:00,,,,,,,,,,,,,,,,,,,,20.0,20.3,7.9,5.3,26.6,28.1,32.3,33.1,30.6,40.5,40.5,42.5
2025-06-25 10:00:00,,,,,,,,,,,,,,,,,,,,20.0,20.2,7.9,5.3,26.4,28.0,32.2,33.0,30.5,40.4,40.4,42.5
2025-06-25 11:00:00,,,,,,,,,,,,,,,,,,,,20.0,20.2,7.9,5.3,26.4,27.8,32.2,33.0,30.4,40.3,40.3,42.4
2025-06-25 12:00:00,,,,,,,,,,,,,,,,,,,,20.0,20.1,7.9,5.2,26.3,27.8,32.1,32.9,30.3,40.1,40.1,42.3
2025-06-25 13:00:00,,,,,,,,,,,,,,,,,,,,19.9,20.0,7.9,5.2,26.2,27.6,32.0,32.9,30.2,39.9,40.0,42.1
2025-06-25 14:00:00,,,,,,,,,,,,,,,,,,,,19.9,20.0,7.8,5.2,26.0,27.5,31.9,32.8,30.0,39.7,39.9,42.0
2025-06-25 15:00:00,,,,,,,,,,,,,,,,,,,,19.8,19.9,7.8,5.2,25.9,27.4,31.8,32.7,29.9,39.5,39.7,41.9
2025-06-25 16:00:00,,,,,,,,,,,,,,,,,,,,19.8,19.9,7.8,5.2,25.9,27.3,31.8,32.7,29.8,39.4,39.6,41.9
2025-06-25 17:00:00,,,,,,,,,,,,,,,,,,,,19.7,19.9,7.8,5.2,25.8,27.2,31.7,32.6,29.7,39.3,39.5,41.8
2025-06-25 18:00:00,,,,,,,,,,,,,,,,,,,,19.7,19.9,7.8,5.2,25.7,27.2,31.6,32.6,29.7,39.4,39.5,41.8
2025-06-25 19:00:00,,,,,,,,,,,,,,,,,,,,19.8,19.8,7.8,5.2,25.7,27.2,31.6,32.5,29.7,39.4,39.5,41.8
2025-06-25 20:00:00,,,,,,,,,,,,,,,,,,,,19.7,19.9,7.8,5.2,25.6,27.1,31.5,32.5,29.7,39.4,39.6,41.8
2025-06-25 21:00:00,,,,,,,,,,,,,,,,,,,,19.7,19.9,7.8,5.2,25.6,27.1,31.5,32.5,29.7,39.5,39.6,41.8
2025-06-25 22:00:00,,,,,,,,,,,,,,,,,,,,19.7,19.9,7.8,5.2,25.6,27.1,31.5,32.4,29.7,39.5,39.6,41.8
2025-06-25 23:00:00,,,,,,,,,,,,,,,,,,,,19.7,19.8,7.8,5.2,25.6,27.0,31.5,32.4,29.7,39.5,39.6,41.8
2025-06-26 01:00:00,,,,,,,,,,,,,,,,,,,,19.6,19.9,7.8,5.2,25.5,27.0,31.4,32.4,29.7,39.5,39.6,41.8
2025-06-26 02:00:00,,,,,,,,,,,,,,,,,,,,19.6,19.9,7.8,5.2,25.5,27.0,31.4,32.3,29.7,39.5,39.6,41.8
2025-06-26 03:00:00,,,,,,,,,,,,,,,,,,,,19.6,19.8,7.8,5.2,25.5,27.0,31.4,32.3,29.7,39.6,39.6,41.8
2025-06-26 04:00:00,,,,,,,,,,,,,,,,,,,,19.6,19.8,7.8,5.2,25.4,26.9,31.3,32.3,29.7,39.6,39.6,41.8
2025-06-26 05:00:00,,,,,,,,,,,,,,,,,,,,19.6,19.8,7.8,5.2,25.4,26.9,31.3,32.3,29.7,39.6,39.6,41.8
2025-06-26 06:00:00,,,,,,,,,,,,,,,,,,,,19.6,19.8,7.8,5.2,25.4,26.9,31.3,32.3,29.7,39.6,39.6,41.8
2025-06-26 07:00:00,,,,,,,,,,,,,,,,,,,,19.7,19.8,7.8,5.2,25.3,26.9,31.3,32.3,29.7,39.6,39.6,41.8
2025-06-26 08:00:00,,,,,,,,,,,,,,,,,,,,19.7,19.8,7.8,5.2,25.3,26.8,31.3,32.3,29.6,39.5,39.5,41.8
2025-06-26 09:00:00,,,,,,,,,,,,,,,,,,,,19.6,19.8,7.8,5.1,25.2,26.7,31.2,32.2,29.5,39.3,39.4,41.7
2025-06-26 10:00:00,,,,,,,,,,,,,,,,,,,,19.6,19.7,7.7,5.1,25.1,26.6,31.1,32.1,29.5,39.1,39.3,41.6
2025-06-26 11:00:00,,,,,,,,,,,,,,,,,,,,19.6,19.6,7.7,5.1,25.0,26.5,31.0,32.1,29.3,38.9,39.1,41.5
2025-06-26 12:00:00,,,,,,,,,,,,,,,,,,,,19.5,19.6,7.7,5.1,24.9,26.4,31.0,32.0,29.2,38.7,38.9,41.3
2025-06-26 13:00:00,,,,,,,,,,,,,,,,,,,,19.4,19.5,7.7,5.1,24.8,26.2,30.9,31.9,29.0,38.5,38.7,41.2
2025-06-26 14:00:00,,,,,,,,,,,,,,,,,,,,19.4,19.5,7.7,5.1,24.6,26.1,30.8,31.9,28.8,38.2,38.5,41.1
2025-06-26 15:00:00,,,,,,,,,,,,,,,,,,,,19.4,19.5,7.6,5.1,24.5,26.0,30.7,31.8,28.7,38.1,38.3,41.0
2025-06-26 16:00:00,,,,,,,,,,,,,,,,,,,,19.3,19.4,7.7,5.0,24.5,25.9,30.6,31.7,28.6,38.0,38.2,41.0
2025-06-26 17:00:00,,,,,,,,,,,,,,,,,,,,19.3,19.4,7.6,5.0,24.4,25.8,30.5,31.7,28.5,38.0,38.1,41.0
2025-06-26 18:00:00,,,,,,,,,,,,,,,,,,,,19.3,19.4,7.6,5.0,24.3,25.8,30.4,31.6,28.5,38.0,38.1,40.9
2025-06-26 19:00:00,,,,,,,,,,,,,,,,,,,,19.3,19.4,7.7,5.0,24.3,25.7,30.4,31.6,28.5,38.0,38.1,40.9
2025-06-26 20:00:00,,,,,,,,,,,,,,,,,,,,19.3,19.4,7.7,5.1,24.3,25.7,30.4,31.5,28.5,38.0,38.2,40.9
2025-06-26 21:00:00,,,,,,,,,,,,,,,,,,,,19.4,19.4,7.7,5.1,24.2,25.7,30.3,31.5,28.5,38.1,38.2,40.9
2025-06-26 22:00:00,,,,,,,,,,,,,,,,,,,,19.3,19.4,7.7,5.1,24.2,25.7,30.2,31.5,28.5,38.1,38.2,40.9
2025-06-26 23:00:00,,,,,,,,,,,,,,,,,,,,19.3,19.4,7.7,5.0,24.1,25.6,30.2,31.4,28.5,38.1,38.2,40.9
2025-06-27 01:00:00,,,,,,,,,,,,,,,,,,,,19.3,19.5,7.7,5.1,24.1,25.6,30.1,31.4,28.5,38.1,38.2,40.9
2025-06-27 02:00:00,,,,,,,,,,,,,,,,,,,,19.3,19.4,7.7,5.1,24.0,25.5,30.1,31.3,28.5,38.2,38.2,40.9
2025-06-27 03:00:00,,,,,,,,,,,,,,,,,,,,19.3,19.4,7.6,5.1,24.0,25.5,30.1,31.3,28.5,38.2,38.3,40.9
2025-06-27 04:00:00,,,,,,,,,,,,,,,,,,,,19.3,19.4,7.6,5.1,24.0,25.5,30.1,31.3,28.5,38.2,38.3,40.9
2025-06-27 05:00:00,,,,,,,,,,,,,,,,,,,,19.3,19.4,7.6,5.1,24.0,25.4,30.0,31.2,28.4,38.2,38.3,40.9
2025-06-27 06:00:00,,,,,,,,,,,,,,,,,,,,19.3,19.4,7.6,5.0,23.9,25.4,30.0,31.2,28.4,38.2,38.3,40.9
2025-06-27 07:00:00,,,,,,,,,,,,,,,,,,,,19.3,19.3,7.6,5.0,23.9,25.4,30.0,31.2,28.5,38.2,38.3,40.9
2025-06-27 08:00:00,,,,,,,,,,,,,,,,,,,,19.3,19.4,7.6,5.1,23.9,25.4,29.9,31.2,28.4,38.2,38.3,40.9
2025-06-27 09:00:00,,,,,,,,,,,,,,,,,,,,19.3,19.3,7.6,5.0,23.8,25.3,29.9,31.1,28.3,38.0,38.1,40.8
2025-06-27 10:00:00,,,,,,,,,,,,,,,,,,,,19.3,19.3,7.6,5.0,23.7,25.1,29.8,31.1,28.2,37.8,38.0,40.7
2025-06-27 11:00:00,,,,,,,,,,,,,,,,,,,,19.3,19.2,7.6,5.0,23.6,25.0,29.7,31.0,28.1,37.5,37.8,40.6
2025-06-27 12:00:00,,,,,,,,,,,,,,,,,,,,19.3,19.1,7.6,5.0,23.4,24.9,29.6,30.9,27.9,37.2,37.6,40.4
2025-06-27 13:00:00,,,,,,,,,,,,,,,,,,,,19.2,19.1,7.5,5.0,23.3,24.7,29.5,30.8,27.7,36.9,37.3,40.3
2025-06-27 14:00:00,,,,,,,,,,,,,,,,,,,,19.2,19.1,7.5,4.9,23.2,24.6,29.4,30.8,27.5,36.7,37.1,40.1
2025-06-27 15:00:00,,,,,,,,,,,,,,,,,,,,19.1,19.1,7.5,4.9,23.1,24.5,29.3,30.7,27.4,36.5,37.0,40.1
2025-06-27 16:00:00,,,,,,,,,,,,,,,,,,,,19.1,19.1,7.5,4.9,23.0,24.4,29.2,30.6,27.3,36.4,36.9,40.0
2025-06-27 17:00:00,,,,,,,,,,,,,,,,,,,,19.0,19.1,7.5,4.9,23.0,24.3,29.1,30.6,27.2,36.4,36.9,40.0
2025-06-27 18:00:00,,,,,,,,,,,,,,,,,,,,19.0,19.1,7.5,5.0,22.9,24.3,29.0,30.5,27.2,36.4,36.9,40.0
2025-06-27 19:00:00,,,,,,,,,,,,,,,,,,,,19.1,19.1,7.5,5.0,22.9,24.3,29.0,30.4,27.2,36.5,36.9,40.0
2025-06-27 20:00:00,,,,,,,,,,,,,,,,,,,,19.1,19.1,7.5,5.0,22.9,24.2,28.9,30.4,27.1,36.5,36.9,40.0
2025-06-27 21:00:00,,,,,,,,,,,,,,,,,,,,19.0,19.0,7.5,5.0,22.8,24.2,28.9,30.4,27.1,36.5,36.9,40.0
2025-06-27 22:00:00,,,,,,,,,,,,,,,,,,,,19.0,19.0,7.5,5.0,22.8,24.1,28.8,30.3,27.1,36.5,36.9,40.0
2025-06-27 23:00:00,,,,,,,,,,,,,,,,,,,,19.0,19.1,7.5,5.0,22.8,24.1,28.8,30.3,27.1,36.5,36.9,40.0
2025-06-28 01:00:00,,,,,,,,,,,,,,,,,,,,19.0,19.0,7.5,5.0,22.7,24.1,28.7,30.2,27.1,36.6,37.0,40.0
2025-06-28 02:00:00,,,,,,,,,,,,,,,,,,,,18.9,19.0,7.5,4.9,22.7,24.1,28.7,30.2,27.1,36.6,37.0,40.0
2025-06-28 03:00:00,,,,,,,,,,,,,,,,,,,,18.9,19.0,7.5,4.9,22.7,24.0,28.7,30.2,27.1,36.6,37.0,40.0
2025-06-28 04:00:00,,,,,,,,,,,,,,,,,,,,18.9,19.0,7.5,5.0,22.6,24.0,28.7,30.1,27.1,36.6,37.0,40.0
2025-06-28 05:00:00,,,,,,,,,,,,,,,,,,,,18.9,19.0,7.5,4.9,22.6,23.9,28.6,30.1,27.1,36.6,37.0,40.0
2025-06-28 06:00:00,,,,,,,,,,,,,,,,,,,,18.9,19.0,7.5,5.0,22.6,23.9,28.6,30.1,27.1,36.6,37.0,40.0
2025-06-28 07:00:00,,,,,,,,,,,,,,,,,,,,18.9,19.0,7.5,4.9,22.6,23.9,28.6,30.0,27.1,36.6,37.0,40.0
2025-06-28 08:00:00,,,,,,,,,,,,,,,,,,,,18.9,19.0,7.5,4.9,22.5,23.9,28.5,30.0,27.1,36.6,37.0,40.0
2025-06-28 09:00:00,,,,,,,,,,,,,,,,,,,,19.0,19.0,7.5,4.9,22.4,23.8,28.5,30.0,27.0,36.5,36.9,39.9
2025-06-28 10:00:00,,,,,,,,,,,,,,,,,,,,18.9,19.0,7.5,4.9,22.4,23.7,28.4,29.9,26.9,36.4,36.8,39.8
2025-06-28 11:00:00,,,,,,,,,,,,,,,,,,,,18.9,18.9,7.5,4.9,22.3,23.6,28.4,29.9,26.8,36.2,36.7,39.6
2025-06-28 12:00:00,,,,,,,,,,,,,,,,,,,,19.0,18.9,7.5,4.9,22.2,23.5,28.3,29.8,26.6,35.9,36.5,39.5
2025-06-28 13:00:00,,,,,,,,,,,,,,,,,,,,18.9,18.9,7.5,4.9,22.0,23.3,28.1,29.7,26.5,35.6,36.3,39.3
2025-06-28 14:00:00,,,,,,,,,,,,,,,,,,,,18.9,18.9,7.5,4.9,22.0,23.2,28.0,29.6,26.3,35.4,36.1,39.2
2025-06-28 15:00:00,,,,,,,,,,,,,,,,,,,,18.8,18.8,7.4,4.8,21.9,23.1,27.9,29.5,26.2,35.2,36.0,39.1
2025-06-28 16:00:00,,,,,,,,,,,,,,,,,,,,18.8,18.9,7.4,4.8,21.8,23.0,27.8,29.5,26.0,35.0,35.9,39.0
2025-06-28 17:00:00,,,,,,,,,,,,,,,,,,,,18.8,18.9,7.4,4.8,21.7,22.9,27.7,29.4,25.9,34.9,35.8,38.9
2025-06-28 18:00:00,,,,,,,,,,,,,,,,,,,,18.8,18.9,7.4,4.8,21.7,22.8,27.6,29.3,25.8,34.9,35.7,38.9
2025-06-28 19:00:00,,,,,,,,,,,,,,,,,,,,18.8,18.9,7.4,4.8,21.6,22.8,27.6,29.3,25.8,34.9,35.7,38.9
2025-06-28 20:00:00,,,,,,,,,,,,,,,,,,,,18.8,18.9,7.4,4.8,21.6,22.8,27.5,29.2,25.7,34.9,35.8,38.9
2025-06-28 21:00:00,,,,,,,,,,,,,,,,,,,,18.8,18.9,7.4,4.8,21.6,22.7,27.5,29.2,25.7,34.9,35.8,38.9
2025-06-28 22:00:00,,,,,,,,,,,,,,,,,,,,18.8,18.9,7.4,4.8,21.5,22.7,27.4,29.1,25.7,34.9,35.8,38.9
2025-06-28 23:00:00,,,,,,,,,,,,,,,,,,,,18.7,18.8,7.4,4.8,21.5,22.7,27.4,29.1,25.7,34.9,35.8,38.9
2025-06-29 01:00:00,,,,,,,,,,,,,,,,,,,,18.7,18.8,7.4,4.8,21.5,22.6,27.3,29.0,25.7,35.0,35.8,38.9
2025-06-29 02:00:00,,,,,,,,,,,,,,,,,,,,18.7,18.8,7.4,4.8,21.4,22.6,27.2,28.9,25.7,35.0,35.8,38.9
2025-06-29 03:00:00,,,,,,,,,,,,,,,,,,,,18.7,18.8,7.4,4.8,21.4,22.6,27.2,28.9,25.7,35.0,35.8,38.9
2025-06-29 04:00:00,,,,,,,,,,,,,,,,,,,,18.7,18.8,7.4,4.8,21.4,22.6,27.2,28.9,25.7,35.0,35.8,38.9
2025-06-29 05:00:00,,,,,,,,,,,,,,,,,,,,18.7,18.8,7.4,4.8,21.4,22.6,27.2,28.9,25.7,35.0,35.8,38.9
2025-06-29 06:00:00,,,,,,,,,,,,,,,,,,,,18.6,18.8,7.4,4.8,21.3,22.5,27.1,28.8,25.6,35.0,35.9,38.9
2025-06-29 07:00:00,,,,,,,,,,,,,,,,,,,,18.6,18.8,7.4,4.8,21.3,22.5,27.1,28.8,25.6,35.0,35.9,38.9
2025-06-29 08:00:00,,,,,,,,,,,,,,,,,,,,18.7,18.8,7.4,4.8,21.3,22.5,27.1,28.8,25.6,35.0,35.8,38.8
2025-06-29 09:00:00,,,,,,,,,,,,,,,,,,,,18.7,18.8,7.4,4.8,21.3,22.4,27.0,28.7,25.6,35.0,35.8,38.8
2025-06-29 10:00:00,,,,,,,,,,,,,,,,,,,,18.6,18.8,7.4,4.8,21.2,22.4,27.0,28.7,25.6,34.9,35.7,38.8
2025-06-29 11:00:00,,,,,,,,,,,,,,,,,,,,18.7,18.8,7.4,4.8,21.1,22.3,26.9,28.6,25.4,34.7,35.6,38.6
2025-06-29 12:00:00,,,,,,,,,,,,,,,,,,,,18.7,18.7,7.4,4.8,21.0,22.2,26.8,28.6,25.3,34.4,35.5,38.5
2025-06-29 13:00:00,,,,,,,,,,,,,,,,,,,,18.7,18.7,7.4,4.8,21.0,22.0,26.7,28.5,25.1,34.1,35.3,38.3
2025-06-29 14:00:00,,,,,,,,,,,,,,,,,,,,18.7,18.7,7.4,4.8,20.9,21.9,26.6,28.4,25.0,33.9,35.1,38.2
2025-06-29 15:00:00,,,,,,,,,,,,,,,,,,,,18.7,18.7,7.4,4.8,20.8,21.8,26.5,28.3,24.9,33.7,35.0,38.1
2025-06-29 16:00:00,,,,,,,,,,,,,,,,,,,,18.7,18.7,7.4,4.8,20.8,21.8,26.4,28.2,24.7,33.7,34.9,38.1
2025-06-29 17:00:00,,,,,,,,,,,,,,,,,,,,18.7,18.7,7.4,4.8,20.7,21.7,26.4,28.2,24.7,33.6,34.9,38.0
2025-06-29 18:00:00,,,,,,,,,,,,,,,,,,,,18.7,18.7,7.4,4.8,20.7,21.7,26.3,28.1,24.6,33.6,34.9,38.0
2025-06-29 19:00:00,,,,,,,,,,,,,,,,,,,,18.6,18.7,7.4,4.8,20.7,21.7,26.2,28.1,24.6,33.7,34.9,38.0
2025-06-29 20:00:00,,,,,,,,,,,,,,,,,,,,18.6,18.7,7.4,4.8,20.7,21.7,26.2,28.0,24.6,33.7,34.9,38.0
2025-06-29 21:00:00,,,,,,,,,,,,,,,,,,,,18.6,18.7,7.4,4.8,20.6,21.6,26.2,28.0,24.6,33.7,34.9,38.0
2025-06-29 22:00:00,,,,,,,,,,,,,,,,,,,,18.6,18.7,7.4,4.8,20.6,21.6,26.1,27.9,24.6,33.7,34.9,38.0
2025-06-29 23:00:00,,,,,,,,,,,,,,,,,,,,18.6,18.7,7.4,4.8,20.6,21.6,26.1,27.9,24.6,33.7,34.9,38.0
2025-06-30 01:00:00,,,,,,,,,,,,,,,,,,,,18.5,18.7,7.4,4.8,20.5,21.6,26.0,27.8,24.6,33.8,35.0,38.0
2025-06-30 02:00:00,,,,,,,,,,,,,,,,,,,,18.6,18.7,7.4,4.8,20.5,21.6,26.0,27.8,24.6,33.8,35.0,38.0
2025-06-30 03:00:00,,,,,,,,,,,,,,,,,,,,18.5,18.7,7.4,4.8,20.5,21.5,26.0,27.8,24.6,33.8,35.0,38.0
2025-06-30 04:00:00,,,,,,,,,,,,,,,,,,,,18.5,18.7,7.4,4.7,20.5,21.5,25.9,27.7,24.6,33.8,35.0,38.0
2025-06-30 05:00:00,,,,,,,,,,,,,,,,,,,,18.5,18.6,7.4,4.8,20.5,21.5,25.9,27.7,24.6,33.8,35.0,38.0
2025-06-30 06:00:00,,,,,,,,,,,,,,,,,,,,18.5,18.7,7.4,4.8,20.5,21.5,25.9,27.7,24.6,33.8,35.0,38.0
2025-06-30 07:00:00,,,,,,,,,,,,,,,,,,,,18.5,18.7,7.3,4.8,20.5,21.5,25.9,27.6,24.5,33.8,35.0,38.0
2025-06-30 08:00:00,,,,,,,,,,,,,,,,,,,,18.5,18.7,7.4,4.8,20.4,21.4,25.8,27.6,24.5,33.7,34.9,37.9
2025-06-30 09:00:00,,,,,,,,,,,,,,,,,,,,18.5,18.6,7.4,4.8,20.4,21.3,25.8,27.5,24.4,33.5,34.8,37.8
2025-06-30 10:00:00,,,,,,,,,,,,,,,,,,,,18.5,18.6,7.4,4.8,20.3,21.2,25.7,27.5,24.2,33.3,34.6,37.6
2025-06-30 11:00:00,,,,,,,,,,,,,,,,,,,,18.5,18.6,7.4,4.8,20.2,21.1,25.6,27.4,24.1,33.0,34.5,37.5
2025-06-30 12:00:00,,,,,,,,,,,,,,,,,,,,18.6,18.6,7.4,4.8,20.1,21.0,25.5,27.3,23.9,32.7,34.2,37.3
2025-06-30 13:00:00,,,,,,,,,,,,,,,,,,,,18.6,18.6,7.4,4.7,20.0,20.9,25.4,27.2,23.8,32.4,34.1,37.1
2025-06-30 14:00:00,,,,,,,,,,,,,,,,,,,,18.6,18.5,7.4,4.7,19.9,20.8,25.2,27.1,23.6,32.0,33.8,36.9
2025-06-30 15:00:00,,,,,,,,,,,,,,,,,,,,18.5,18.5,7.3,4.7,19.9,20.6,25.1,27.0,23.4,31.7,33.6,36.7
2025-06-30 16:00:00,,,,,,,,,,,,,,,,,,,,18.5,18.5,7.3,4.7,19.8,20.5,25.0,26.9,23.2,31.4,33.4,36.5
2025-06-30 17:00:00,,,,,,,,,,,,,,,,,,,,18.4,18.6,7.3,4.7,19.7,20.5,24.9,26.8,23.1,31.3,33.2,36.4
2025-06-30 18:00:00,,,,,,,,,,,,,,,,,,,,18.4,18.5,7.3,4.7,19.7,20.4,24.8,26.8,23.0,31.3,33.2,36.4
2025-06-30 19:00:00,,,,,,,,,,,,,,,,,,,,18.4,18.5,7.3,4.7,19.7,20.4,24.8,26.7,22.9,31.3,33.2,36.3
2025-06-30 20:00:00,,,,,,,,,,,,,,,,,,,,18.4,18.5,7.3,4.7,19.7,20.4,24.7,26.7,22.9,31.3,33.2,36.3
2025-06-30 21:00:00,,,,,,,,,,,,,,,,,,,,18.5,18.5,7.3,4.7,19.7,20.4,24.6,26.6,22.9,31.3,33.2,36.3
2025-06-30 22:00:00,,,,,,,,,,,,,,,,,,,,18.4,18.5,7.3,4.7,19.6,20.4,24.6,26.6,22.8,31.4,33.2,36.3
2025-06-30 23:00:00,,,,,,,,,,,,,,,,,,,,18.4,18.5,7.3,4.7,19.6,20.3,24.5,26.5,22.8,31.4,33.2,36.3
2025-07-01 01:00:00,,,,,,,,,,,,,,,,,,,,18.4,18.5,7.3,4.7,19.6,20.3,24.5,26.4,22.8,31.4,33.2,36.3
2025-07-01 02:00:00,,,,,,,,,,,,,,,,,,,,18.3,18.5,7.3,4.7,19.6,20.3,24.4,26.4,22.8,31.4,33.2,36.3
2025-07-01 03:00:00,,,,,,,,,,,,,,,,,,,,18.3,18.5,7.3,4.7,19.6,20.3,24.4,26.3,22.8,31.5,33.2,36.3
2025-07-01 04:00:00,,,,,,,,,,,,,,,,,,,,18.3,18.5,7.3,4.7,19.6,20.3,24.4,26.3,22.8,31.5,33.2,36.4
2025-07-01 05:00:00,,,,,,,,,,,,,,,,,,,,18.3,18.5,7.3,4.7,19.6,20.3,24.4,26.3,22.8,31.5,33.3,36.3
2025-07-01 06:00:00,,,,,,,,,,,,,,,,,,,,18.3,18.5,7.3,4.7,19.6,20.3,24.3,26.3,22.8,31.5,33.3,36.4
2025-07-01 07:00:00,,,,,,,,,,,,,,,,,,,,18.3,18.5,7.3,4.7,19.5,20.2,24.3,26.2,22.8,31.5,33.3,36.4
2025-07-01 08:00:00,,,,,,,,,,,,,,,,,,,,18.3,18.4,7.3,4.7,19.5,20.2,24.3,26.2,22.7,31.4,33.2,36.3
2025-07-01 09:00:00,,,,,,,,,,,,,,,,,,,,18.4,18.4,7.3,4.7,19.5,20.1,24.2,26.1,22.6,31.2,33.1,36.1
2025-07-01 10:00:00,,,,,,,,,,,,,,,,,,,,18.4,18.4,7.3,4.7,19.4,20.0,24.1,26.0,22.5,30.9,32.9,36.0
2025-07-01 11:00:00,,,,,,,,,,,,,,,,,,,,18.4,18.4,7.3,4.7,19.3,19.9,24.0,25.9,22.3,30.6,32.6,35.8
2025-07-01 12:00:00,,,,,,,,,,,,,,,,,,,,18.3,18.3,7.2,4.7,19.2,19.8,23.9,25.8,22.1,30.3,32.4,35.5
2025-07-01 13:00:00,,,,,,,,,,,,,,,,,,,,18.3,18.3,7.3,4.7,19.2,19.7,23.8,25.7,21.9,30.0,32.2,35.3
2025-07-01 14:00:00,,,,,,,,,,,,,,,,,,,,18.3,18.4,7.2,4.7,19.1,19.6,23.7,25.6,21.8,29.7,31.9,35.1
2025-07-01 15:00:00,,,,,,,,,,,,,,,,,,,,18.3,18.3,7.2,4.7,19.0,19.5,23.6,25.5,21.6,29.5,31.7,34.9
2025-07-01 16:00:00,,,,,,,,,,,,,,,,,,,,18.3,18.3,7.2,4.7,19.0,19.5,23.5,25.4,21.5,29.4,31.6,34.8
2025-07-01 17:00:00,,,,,,,,,,,,,,,,,,,,18.2,18.3,7.2,4.7,19.0,19.4,23.4,25.4,21.4,29.3,31.5,34.7
2025-07-01 18:00:00,,,,,,,,,,,,,,,,,,,,18.2,18.3,7.2,4.7,19.0,19.4,23.3,25.3,21.3,29.3,31.5,34.6
2025-07-01 19:00:00,,,,,,,,,,,,,,,,,,,,18.2,18.3,7.3,4.7,18.9,19.4,23.3,25.2,21.3,29.3,31.4,34.6
2025-07-01 20:00:00,,,,,,,,,,,,,,,,,,,,18.2,18.3,7.2,4.7,18.9,19.4,23.2,25.2,21.3,29.4,31.5,34.6
2025-07-01 21:00:00,,,,,,,,,,,,,,,,,,,,18.2,18.3,7.3,4.7,18.9,19.4,23.2,25.1,21.3,29.4,31.5,34.6
2025-07-01 22:00:00,,,,,,,,,,,,,,,,,,,,18.2,18.3,7.2,4.7,18.9,19.4,23.2,25.1,21.3,29.4,31.5,34.6
2025-07-01 23:00:00,,,,,,,,,,,,,,,,,,,,18.2,18.3,7.2,4.7,18.9,19.4,23.1,25.0,21.3,29.5,31.5,34.6
2025-07-02 01:00:00,,,,,,,,,,,,,,,,,,,,18.2,18.2,7.2,4.7,18.9,19.3,23.0,25.0,21.3,29.5,31.5,34.6
2025-07-02 02:00:00,,,,,,,,,,,,,,,,,,,,18.1,18.3,7.3,4.7,18.8,19.3,23.0,24.9,21.2,29.5,31.5,34.6
2025-07-02 03:00:00,,,,,,,,,,,,,,,,,,,,18.1,18.3,7.2,4.7,18.8,19.3,23.0,24.9,21.3,29.5,31.5,34.6
2025-07-02 04:00:00,,,,,,,,,,,,,,,,,,,,18.1,18.3,7.2,4.7,18.8,19.3,23.0,24.9,21.2,29.6,31.6,34.6
2025-07-02 05:00:00,,,,,,,,,,,,,,,,,,,,18.1,18.3,7.2,4.7,18.8,19.3,23.0,24.8,21.3,29.6,31.6,34.6
2025-07-02 06:00:00,,,,,,,,,,,,,,,,,,,,18.1,18.2,7.2,4.7,18.8,19.3,23.0,24.8,21.3,29.6,31.6,34.6
2025-07-02 07:00:00,,,,,,,,,,,,,,,,,,,,18.1,18.2,7.2,4.7,18.8,19.3,22.9,24.8,21.2,29.6,31.6,34.6
2025-07-02 08:00:00,,,,,,,,,,,,,,,,,,,,18.1,18.3,7.2,4.7,18.8,19.3,22.9,24.7,21.2,29.5,31.5,34.6
2025-07-02 09:00:00,,,,,,,,,,,,,,,,,,,,18.1,18.3,7.2,4.7,18.8,19.2,22.9,24.7,21.1,29.5,31.5,34.5
2025-07-02 10:00:00,,,,,,,,,,,,,,,,,,,,18.1,18.3,7.2,4.7,18.8,19.2,22.8,24.6,21.1,29.5,31.5,34.5
2025-07-02 11:00:00,,,,,,,,,,,,,,,,,,,,18.1,18.2,7.2,4.7,18.7,19.2,22.8,24.6,21.1,29.4,31.4,34.4
2025-07-02 12:00:00,,,,,,,,,,,,,,,,,,,,18.2,18.2,7.2,4.7,18.7,19.1,22.7,24.5,21.0,29.1,31.2,34.2
2025-07-02 13:00:00,,,,,,,,,,,,,,,,,,,,18.1,18.1,7.2,4.7,18.6,19.0,22.6,24.4,20.8,28.9,31.0,34.0
2025-07-02 14:00:00,,,,,,,,,,,,,,,,,,,,18.2,18.2,7.2,4.7,18.6,18.9,22.6,24.4,20.7,28.7,30.8,33.8
2025-07-02 15:00:00,,,,,,,,,,,,,,,,,,,,18.1,18.2,7.2,4.7,18.5,18.9,22.5,24.3,20.6,28.5,30.6,33.6
2025-07-02 16:00:00,,,,,,,,,,,,,,,,,,,,18.1,18.1,7.2,4.7,18.5,18.8,22.4,24.2,20.5,28.4,30.5,33.5
2025-07-02 17:00:00,,,,,,,,,,,,,,,,,,,,18.1,18.1,7.2,4.7,18.5,18.8,22.3,24.1,20.4,28.4,30.4,33.4
2025-07-02 18:00:00,,,,,,,,,,,,,,,,,,,,18.2,18.2,7.2,4.7,18.5,18.8,22.3,24.1,20.4,28.4,30.4,33.4
2025-07-02 19:00:00,,,,,,,,,,,,,,,,,,,,18.1,18.2,7.2,4.7,18.5,18.8,22.3,24.0,20.4,28.4,30.4,33.3
2025-07-02 20:00:00,,,,,,,,,,,,,,,,,,,,18.1,18.2,7.2,4.6,18.5,18.8,22.2,24.0,20.3,28.5,30.4,33.4
2025-07-02 21:00:00,,,,,,,,,,,,,,,,,,,,18.1,18.2,7.2,4.7,18.5,18.8,22.2,24.0,20.4,28.5,30.4,33.4
2025-07-02 22:00:00,,,,,,,,,,,,,,,,,,,,18.1,18.2,7.2,4.7,18.5,18.8,22.2,23.9,20.4,28.5,30.5,33.4
2025-07-02 23:00:00,,,,,,,,,,,,,,,,,,,,18.2,18.1,7.2,4.7,18.5,18.7,22.1,23.9,20.4,28.5,30.5,33.4
2025-07-03 01:00:00,,,,,,,,,,,,,,,,,,,,18.1,18.2,7.2,4.7,18.5,18.7,22.1,23.8,20.4,28.6,30.5,33.4
2025-07-03 02:00:00,,,,,,,,,,,,,,,,,,,,18.1,18.2,7.2,4.7,18.5,18.7,22.1,23.8,20.4,28.6,30.5,33.4
2025-07-03 03:00:00,,,,,,,,,,,,,,,,,,,,18.1,18.3,7.2,4.7,18.5,18.7,22.1,23.8,20.4,28.6,30.5,33.4
2025-07-03 04:00:00,,,,,,,,,,,,,,,,,,,,18.1,18.3,7.2,4.7,18.5,18.7,22.1,23.7,20.4,28.6,30.5,33.4
2025-07-03 05:00:00,,,,,,,,,,,,,,,,,,,,18.1,18.3,7.2,4.7,18.5,18.7,22.0,23.7,20.4,28.6,30.5,33.4
2025-07-03 06:00:00,,,,,,,,,,,,,,,,,,,,18.0,18.2,7.3,4.7,18.5,18.7,22.0,23.7,20.4,28.7,30.5,33.4
2025-07-03 07:00:00,,,,,,,,,,,,,,,,,,,,18.0,18.2,7.2,4.7,18.5,18.7,22.0,23.7,20.3,28.6,30.5,33.4
2025-07-03 08:00:00,,,,,,,,,,,,,,,,,,,,18.1,18.2,7.2,4.7,18.5,18.6,22.0,23.6,20.3,28.5,30.4,33.3
2025-07-03 09:00:00,,,,,,,,,,,,,,,,,,,,18.1,18.2,7.2,4.7,18.5,18.6,21.9,23.6,20.2,28.3,30.3,33.1
2025-07-03 10:00:00,,,,,,,,,,,,,,,,,,,,18.2,18.2,7.2,4.7,18.5,18.5,21.9,23.5,20.1,28.2,30.1,33.0
2025-07-03 11:00:00,,,,,,,,,,,,,,,,,,,,18.1,18.2,7.2,4.7,18.4,18.4,21.8,23.4,20.0,28.0,29.9,32.8
2025-07-03 12:00:00,,,,,,,,,,,,,,,,,,,,18.1,18.2,7.2,4.7,18.5,18.3,21.7,23.4,19.9,27.7,29.8,32.6
2025-07-03 13:00:00,,,,,,,,,,,,,,,,,,,,18.1,18.1,7.2,4.8,18.5,18.2,21.7,23.3,19.8,27.5,29.6,32.4
2025-07-03 14:00:00,,,,,,,,,,,,,,,,,,,,18.0,18.1,7.2,4.7,18.5,18.2,21.6,23.2,19.6,27.4,29.4,32.1
2025-07-03 15:00:00,,,,,,,,,,,,,,,,,,,,18.1,18.1,7.2,4.7,18.5,18.2,21.5,23.1,19.5,27.2,29.2,32.0
2025-07-03 16:00:00,,,,,,,,,,,,,,,,,,,,18.0,18.1,7.2,4.7,18.4,18.1,21.4,23.1,19.5,27.1,29.1,31.9
2025-07-03 17:00:00,,,,,,,,,,,,,,,,,,,,18.0,18.1,7.2,4.7,18.4,18.1,21.4,23.0,19.4,27.1,29.0,31.8
2025-07-03 18:00:00,,,,,,,,,,,,,,,,,,,,18.0,18.1,7.2,4.7,18.3,18.1,21.4,23.0,19.4,27.1,29.0,31.7
2025-07-03 19:00:00,,,,,,,,,,,,,,,,,,,,18.0,18.1,7.2,4.7,18.3,18.2,21.3,22.9,19.4,27.1,29.0,31.8
2025-07-03 20:00:00,,,,,,,,,,,,,,,,,,,,18.0,18.1,7.2,4.6,18.3,18.2,21.3,22.8,19.4,27.2,29.0,31.8
2025-07-03 21:00:00,,,,,,,,,,,,,,,,,,,,18.0,18.1,7.2,4.7,18.3,18.2,21.3,22.8,19.4,27.2,29.1,31.8
2025-07-03 22:00:00,,,,,,,,,,,,,,,,,,,,18.0,18.1,7.2,4.7,18.3,18.2,21.3,22.8,19.4,27.2,29.1,31.8
2025-07-03 23:00:00,,,,,,,,,,,,,,,,,,,,17.9,18.0,7.2,4.7,18.3,18.2,21.3,22.8,19.4,27.3,29.1,31.9
2025-07-04 01:00:00,,,,,,,,,,,,,,,,,,,,17.9,18.0,7.2,4.6,18.3,18.2,21.2,22.7,19.4,27.3,29.1,31.9
2025-07-04 02:00:00,,,,,,,,,,,,,,,,,,,,17.9,18.0,7.2,4.7,18.3,18.2,21.2,22.7,19.4,27.4,29.2,31.9
2025-07-04 03:00:00,,,,,,,,,,,,,,,,,,,,17.9,18.1,7.2,4.7,18.3,18.2,21.2,22.7,19.4,27.4,29.2,31.9
2025-07-04 04:00:00,,,,,,,,,,,,,,,,,,,,17.9,18.1,7.1,4.7,18.3,18.2,21.2,22.7,19.4,27.4,29.2,31.9
2025-07-04 05:00:00,,,,,,,,,,,,,,,,,,,,17.9,18.1,7.1,4.7,18.3,18.2,21.2,22.6,19.4,27.4,29.2,31.9
2025-07-04 06:00:00,,,,,,,,,,,,,,,,,,,,17.9,18.0,7.2,4.7,18.2,18.2,21.2,22.6,19.4,27.4,29.2,32.0
2025-07-04 07:00:00,,,,,,,,,,,,,,,,,,,,17.9,18.0,7.2,4.7,18.3,18.2,21.2,22.6,19.4,27.4,29.2,32.0
2025-07-04 08:00:00,,,,,,,,,,,,,,,,,,,,17.9,18.0,7.2,4.6,18.3,18.2,21.2,22.6,19.4,27.4,29.2,32.0
2025-07-04 09:00:00,,,,,,,,,,,,,,,,,,,,17.9,18.0,7.2,4.7,18.2,18.2,21.2,22.6,19.3,27.4,29.2,31.9
2025-07-04 10:00:00,,,,,,,,,,,,,,,,,,,,17.9,18.0,7.2,4.6,18.2,18.1,21.1,22.5,19.3,27.2,29.0,31.8
2025-07-04 11:00:00,,,,,,,,,,,,,,,,,,,,18.0,18.0,7.1,4.6,18.2,18.1,21.1,22.5,19.2,27.0,28.9,31.6
2025-07-04 12:00:00,,,,,,,,,,,,,,,,,,,,18.1,18.0,7.1,4.6,18.2,18.0,21.0,22.4,19.1,26.9,28.7,31.5
2025-07-04 13:00:00,,,,,,,,,,,,,,,,,,,,18.0,18.0,7.1,4.6,18.2,18.0,21.0,22.4,19.1,26.7,28.6,31.3
2025-07-04 14:00:00,,,,,,,,,,,,,,,,,,,,18.0,18.1,7.1,4.6,18.1,18.0,20.9,22.3,19.0,26.7,28.6,31.3
2025-07-04 15:00:00,,,,,,,,,,,,,,,,,,,,18.0,18.1,7.1,4.6,18.1,18.0,20.9,22.3,19.0,26.7,28.6,31.3
2025-07-04 16:00:00,,,,,,,,,,,,,,,,,,,,18.0,18.0,7.2,4.6,18.1,17.9,20.9,22.2,19.0,26.7,28.5,31.2
2025-07-04 17:00:00,,,,,,,,,,,,,,,,,,,,18.0,17.9,7.2,4.6,18.1,17.9,20.9,22.2,18.9,26.7,28.5,31.2
2025-07-04 18:00:00,,,,,,,,,,,,,,,,,,,,18.0,17.9,7.2,4.6,18.1,17.9,20.9,22.2,18.9,26.7,28.5,31.2
2025-07-04 19:00:00,,,,,,,,,,,,,,,,,,,,18.1,18.0,7.2,4.6,18.1,17.9,20.8,22.1,18.9,26.7,28.5,31.2
2025-07-04 20:00:00,,,,,,,,,,,,,,,,,,,,18.0,17.9,7.2,4.6,18.1,17.9,20.8,22.1,18.9,26.8,28.6,31.3
2025-07-04 21:00:00,,,,,,,,,,,,,,,,,,,,17.9,18.0,7.1,4.6,18.1,17.9,20.8,22.0,19.0,26.8,28.6,31.3
2025-07-04 22:00:00,,,,,,,,,,,,,,,,,,,,17.9,18.1,7.1,4.6,18.1,17.9,20.8,22.0,19.0,26.9,28.6,31.3
2025-07-04 23:00:00,,,,,,,,,,,,,,,,,,,,17.9,18.0,7.1,4.6,18.1,17.9,20.8,22.0,19.0,26.9,28.6,31.3
2025-07-05 01:00:00,,,,,,,,,,,,,,,,,,,,17.8,18.0,7.2,4.6,18.1,17.9,20.8,22.0,19.0,26.9,28.7,31.4
2025-07-05 02:00:00,,,,,,,,,,,,,,,,,,,,17.9,17.9,7.1,4.6,18.1,17.9,20.8,22.0,19.0,26.9,28.7,31.4
2025-07-05 03:00:00,,,,,,,,,,,,,,,,,,,,17.9,18.0,7.1,4.6,18.1,17.9,20.8,21.9,19.0,27.0,28.7,31.4
2025-07-05 04:00:00,,,,,,,,,,,,,,,,,,,,17.9,18.0,7.1,4.6,18.1,17.9,20.8,21.9,19.0,27.0,28.7,31.4
2025-07-05 05:00:00,,,,,,,,,,,,,,,,,,,,17.9,17.9,7.1,4.6,18.1,17.9,20.8,21.9,19.0,27.0,28.7,31.4
2025-07-05 06:00:00,,,,,,,,,,,,,,,,,,,,17.9,17.9,7.1,4.6,18.1,17.9,20.8,21.9,19.0,27.0,28.8,31.4
2025-07-05 07:00:00,,,,,,,,,,,,,,,,,,,,17.9,18.0,7.1,4.6,18.1,17.9,20.8,21.9,19.0,27.0,28.8,31.5
2025-07-05 08:00:00,,,,,,,,,,,,,,,,,,,,17.9,17.9,7.1,4.6,18.1,17.9,20.7,21.9,19.0,26.9,28.7,31.4
2025-07-05 09:00:00,,,,,,,,,,,,,,,,,,,,17.9,17.9,7.1,4.6,18.1,17.9,20.7,21.8,18.9,26.7,28.6,31.3
2025-07-05 10:00:00,,,,,,,,,,,,,,,,,,,,17.9,17.9,7.1,4.6,18.0,17.9,20.7,21.8,18.9,26.6,28.5,31.1
2025-07-05 11:00:00,,,,,,,,,,,,,,,,,,,,17.9,17.9,7.1,4.6,18.0,17.8,20.6,21.7,18.8,26.6,28.4,31.0
2025-07-05 12:00:00,,,,,,,,,,,,,,,,,,,,18.0,17.9,7.1,4.6,18.0,17.8,20.6,21.7,18.8,26.5,28.3,31.0
2025-07-05 13:00:00,,,,,,,,,,,,,,,,,,,,17.9,17.9,7.1,4.6,18.0,17.8,20.6,21.7,18.8,26.5,28.3,30.9
2025-07-05 14:00:00,,,,,,,,,,,,,,,,,,,,20.0,17.9,7.1,4.6,18.0,17.8,20.6,21.5,18.7,26.5,28.2,30.9
2025-07-05 15:00:00,,,,,,,,,,,,,,,,,,,,24.3,18.0,7.1,4.6,18.0,17.8,20.6,21.5,18.7,26.5,28.3,30.9
2025-07-05 16:00:00,,,,,,,,,,,,,,,,,,,,24.9,18.0,7.1,4.6,18.0,17.7,20.5,21.5,18.7,26.6,28.3,30.9
2025-07-05 17:00:00,,,,,,,,,,,,,,,,,,,,25.1,18.0,7.1,4.6,18.0,17.7,20.5,21.5,18.7,26.6,28.3,31.0
2025-07-05 18:00:00,,,,,,,,,,,,,,,,,,,,25.1,18.0,7.1,4.6,18.0,17.7,20.5,21.5,18.7,26.6,28.4,31.0
2025-07-05 19:00:00,,,,,,,,,,,,,,,,,,,,25.2,18.0,7.1,4.6,18.0,17.7,20.5,21.4,18.7,26.7,28.4,31.0
2025-07-05 20:00:00,,,,,,,,,,,,,,,,,,,,25.4,18.0,7.1,4.6,18.0,17.7,20.5,21.4,18.8,26.7,28.4,31.0
2025-07-05 21:00:00,,,,,,,,,,,,,,,,,,,,26.2,18.1,7.1,4.6,18.0,17.7,20.5,21.4,18.8,26.7,28.4,31.0
2025-07-05 22:00:00,,,,,,,,,,,,,,,,,,,,26.7,18.1,7.1,4.6,18.0,17.7,20.5,21.4,18.8,26.7,28.5,31.1
2025-07-05 23:00:00,,,,,,,,,,,,,,,,,,,,26.9,18.1,7.1,4.6,18.0,17.8,20.5,21.4,18.8,26.7,28.5,31.1
2025-07-06 01:00:00,,,,,,,,,,,,,,,,,,,,40.5,37.9,11.2,6.8,20.0,17.7,20.5,21.4,18.8,26.8,28.5,31.1
2025-07-06 02:00:00,,,,,,,,,,,,,,,,,,,,38.0,36.1,10.8,6.5,20.4,17.7,20.5,21.4,18.8,26.8,28.5,31.2
2025-07-06 03:00:00,,,,,,,,,,,,,,,,,,,,37.7,35.7,10.6,6.3,20.2,17.7,20.5,21.4,18.8,26.9,28.5,31.1
2025-07-06 04:00:00,,,,,,,,,,,,,,,,,,,,43.3,41.2,13.6,8.0,28.0,17.7,20.5,21.3,18.8,26.9,28.6,31.2
2025-07-06 05:00:00,,,,,,,,,,,,,,,,,,,,40.8,38.5,12.2,7.2,31.2,17.8,20.5,21.3,18.8,26.9,28.6,31.2
2025-07-06 06:00:00,,,,,,,,,,,,,,,,,,,,43.2,40.7,13.3,7.9,41.3,22.1,20.5,21.3,18.8,26.9,28.6,31.2
2025-07-06 07:00:00,,,,,,,,,,,,,,,,,,,,46.0,43.4,14.0,8.5,46.6,48.9,53.2,48.7,45.1,47.0,32.6,31.2
2025-07-06 08:00:00,,,,,,,,,,,,,,,,,,,,44.5,41.4,13.0,7.9,43.6,45.5,49.2,45.6,44.5,50.2,46.9,45.9
2025-07-06 09:00:00,,,,,,,,,,,,,,,,,,,,45.3,42.3,13.4,8.2,44.5,46.0,49.6,46.1,45.3,51.0,49.1,46.6
2025-07-06 10:00:00,,,,,,,,,,,,,,,,,,,,45.4,42.5,13.4,8.1,45.3,47.3,51.0,48.0,48.0,54.8,55.3,49.9
2025-07-06 11:00:00,,,,,,,,,,,,,,,,,,,,47.0,43.9,14.1,8.5,46.4,47.8,51.0,47.2,46.8,53.2,54.4,49.4
2025-07-06 12:00:00,,,,,,,,,,,,,,,,,,,,43.7,40.8,12.6,7.6,42.9,44.9,48.1,45.2,45.3,52.5,51.1,49.2
2025-07-06 13:00:00,,,,,,,,,,,,,,,,,,,,42.7,40.4,12.4,7.6,42.1,43.8,46.6,43.8,43.6,51.6,49.1,48.1
2025-07-06 14:00:00,,,,,,,,,,,,,,,,,,,,40.4,38.5,11.9,7.2,41.1,42.9,45.7,43.1,42.8,51.3,48.5,47.8
2025-07-06 15:00:00,,,,,,,,,,,,,,,,,,,,40.8,37.9,11.6,7.1,40.2,41.9,44.6,42.3,41.8,50.7,48.1,47.6
2025-07-06 16:00:00,,,,,,,,,,,,,,,,,,,,39.8,37.7,11.7,7.1,39.5,41.2,43.8,41.6,41.0,50.1,47.6,47.4
2025-07-06 17:00:00,,,,,,,,,,,,,,,,,,,,45.7,42.4,13.2,7.9,40.5,41.1,43.4,41.3,40.6,50.0,47.5,47.0
2025-07-06 18:00:00,,,,,,,,,,,,,,,,,,,,45.6,42.3,13.2,8.0,43.2,44.5,47.3,44.8,44.3,52.1,51.3,47.4
2025-07-06 19:00:00,,,,,,,,,,,,,,,,,,,,41.4,39.1,12.1,7.4,41.9,43.4,46.4,44.1,44.2,52.3,52.9,48.2
2025-07-06 20:00:00,,,,,,,,,,,,,,,,,,,,42.9,40.0,12.3,7.3,40.6,42.2,44.7,42.6,42.2,51.0,50.3,47.9
2025-07-06 21:00:00,,,,,,,,,,,,,,,,,,,,40.8,38.2,11.9,7.2,40.5,42.0,44.3,42.1,41.6,50.8,48.3,47.7
2025-07-06 22:00:00,,,,,,,,,,,,,,,,,,,,43.6,40.6,12.5,7.6,42.6,44.0,46.3,43.4,42.2,51.0,48.2,47.6
2025-07-06 23:00:00,,,,,,,,,,,,,,,,,,,,44.8,42.0,13.2,8.0,42.7,43.1,45.4,43.1,42.7,51.5,50.1,47.9
2025-07-07 01:00:00,,,,,,,,,,,,,,,,,,,,44.6,41.6,12.9,7.9,43.8,45.2,48.2,46.0,46.1,54.9,53.7,48.8
2025-07-07 02:00:00,,,,,,,,,,,,,,,,,,,,42.8,40.3,12.6,7.6,42.6,43.8,46.4,44.1,44.1,52.2,52.1,48.6
2025-07-07 03:00:00,,,,,,,,,,,,,,,,,,,,41.3,38.7,12.0,7.3,41.2,42.6,45.3,43.0,43.0,51.8,50.0,48.5
2025-07-07 04:00:00,,,,,,,,,,,,,,,,,,,,40.1,37.9,11.8,7.2,40.5,41.9,44.5,42.4,42.0,51.3,48.5,48.3
2025-07-07 05:00:00,,,,,,,,,,,,,,,,,,,,39.1,37.2,11.6,7.1,40.0,41.4,44.0,41.9,41.5,50.9,48.4,47.5
2025-07-07 06:00:00,,,,,,,,,,,,,,,,,,,,38.4,36.6,11.5,7.0,39.6,41.0,43.6,41.5,41.1,50.8,48.1,47.3
2025-07-07 07:00:00,,,,,,,,,,,,,,,,,,,,40.1,37.0,11.4,6.9,39.2,40.7,43.2,41.3,40.8,50.5,48.0,47.3
2025-07-07 08:00:00,,,,,,,,,,,,,,,,,,,,40.5,37.5,11.5,6.9,39.0,40.4,42.9,41.0,40.5,50.4,47.7,47.2
2025-07-07 09:00:00,,,,,,,,,,,,,,,,,,,,39.5,37.3,11.6,6.9,39.1,40.4,42.8,40.9,40.3,50.3,47.5,47.2
2025-07-07 10:00:00,,,,,,,,,,,,,,,,,,,,38.5,36.8,11.5,6.9,39.0,40.4,42.8,40.8,40.2,50.3,47.5,47.1
2025-07-07 11:00:00,,,,,,,,,,,,,,,,,,,,37.7,36.2,11.4,6.9,38.9,40.3,42.7,40.8,40.1,50.2,47.4,47.0
2025-07-07 12:00:00,,,,,,,,,,,,,,,,,,,,36.9,35.6,11.3,6.9,38.7,40.1,42.6,40.6,39.9,50.2,47.4,46.9
2025-07-07 13:00:00,,,,,,,,,,,,,,,,,,,,36.4,35.2,11.2,6.8,38.6,39.9,42.4,40.5,39.9,50.2,47.5,46.9
2025-07-07 14:00:00,,,,,,,,,,,,,,,,,,,,36.0,34.8,11.2,6.8,38.3,39.7,42.2,40.4,39.8,50.1,47.4,46.9
2025-07-07 15:00:00,,,,,,,,,,,,,,,,,,,,35.6,34.5,11.1,6.8,38.1,39.4,42.0,40.3,39.6,50.1,47.4,46.9
2025-07-07 16:00:00,,,,,,,,,,,,,,,,,,,,35.3,34.1,11.0,6.7,37.9,39.2,41.8,40.1,39.5,50.1,47.4,46.8
2025-07-07 17:00:00,,,,,,,,,,,,,,,,,,,,35.0,33.9,10.9,6.7,37.7,38.9,41.6,40.0,39.3,50.0,47.4,46.8
2025-07-07 18:00:00,,,,,,,,,,,,,,,,,,,,34.8,33.7,10.9,6.7,37.5,38.7,41.4,39.9,39.2,49.9,47.4,46.8
2025-07-07 19:00:00,,,,,,,,,,,,,,,,,,,,34.7,33.5,10.9,6.7,37.4,38.5,41.3,39.7,39.1,49.9,47.5,46.7
2025-07-07 20:00:00,,,,,,,,,,,,,,,,,,,,34.4,33.4,10.8,6.6,37.2,38.3,41.1,39.7,38.9,49.9,47.5,46.6
2025-07-07 21:00:00,,,,,,,,,,,,,,,,,,,,34.3,33.3,10.8,6.6,37.0,38.2,41.0,39.6,38.8,49.8,47.5,46.6
2025-07-07 22:00:00,,,,,,,,,,,,,,,,,,,,34.2,33.2,10.7,6.6,36.9,38.0,40.9,39.5,38.7,49.8,47.4,46.6
2025-07-07 23:00:00,,,,,,,,,,,,,,,,,,,,34.1,33.0,10.7,6.6,36.8,37.9,40.7,39.4,38.6,49.7,47.4,46.6
2025-07-08 01:00:00,,,,,,,,,,,,,,,,,,,,33.8,32.9,10.7,6.5,36.6,37.7,40.5,39.3,38.5,49.6,47.4,46.5
2025-07-08 02:00:00,,,,,,,,,,,,,,,,,,,,33.7,32.7,10.6,6.5,36.5,37.6,40.4,39.2,38.4,49.6,47.4,46.5
2025-07-08 03:00:00,,,,,,,,,,,,,,,,,,,,33.7,32.6,10.6,6.5,36.4,37.5,40.3,39.2,38.3,49.6,47.2,46.5
2025-07-08 04:00:00,,,,,,,,,,,,,,,,,,,,33.5,32.5,10.6,6.5,36.3,37.4,40.3,39.1,38.2,49.5,47.2,46.5
2025-07-08 05:00:00,,,,,,,,,,,,,,,,,,,,33.4,32.5,10.6,6.5,36.2,37.1,40.1,39.0,38.2,49.5,47.1,46.4
2025-07-08 06:00:00,,,,,,,,,,,,,,,,,,,,33.3,32.4,10.6,6.5,36.2,37.1,40.1,39.0,38.1,49.4,47.1,46.4
2025-07-08 07:00:00,,,,,,,,,,,,,,,,,,,,33.2,32.3,10.6,6.5,36.1,36.9,40.0,38.9,38.0,49.4,47.1,46.4
2025-07-08 08:00:00,,,,,,,,,,,,,,,,,,,,33.2,32.2,10.5,6.5,36.0,36.9,39.9,38.9,38.0,49.4,47.1,46.3
2025-07-08 09:00:00,,,,,,,,,,,,,,,,,,,,33.0,32.2,10.5,6.5,36.0,36.8,39.8,38.8,37.9,49.4,47.1,46.3
2025-07-08 10:00:00,,,,,,,,,,,,,,,,,,,,33.1,32.1,10.5,6.5,35.9,36.7,39.8,38.7,37.9,49.3,47.0,46.2
2025-07-08 11:00:00,,,,,,,,,,,,,,,,,,,,33.0,32.0,10.5,6.5,35.8,36.6,39.6,38.7,37.8,49.2,46.9,46.2
2025-07-08 12:00:00,,,,,,,,,,,,,,,,,,,,32.7,31.7,10.4,6.5,35.7,36.4,39.5,38.6,37.7,49.1,46.8,46.1
2025-07-08 13:00:00,,,,,,,,,,,,,,,,,,,,32.5,31.5,10.4,6.4,35.6,36.3,39.4,38.5,37.6,49.0,46.7,46.1
2025-07-08 14:00:00,,,,,,,,,,,,,,,,,,,,32.3,31.3,10.3,6.4,35.4,36.1,39.3,38.4,37.5,48.9,46.7,46.0
2025-07-08 15:00:00,,,,,,,,,,,,,,,,,,,,32.0,30.9,10.3,6.4,35.3,35.9,39.2,38.3,37.4,48.6,46.6,46.0
2025-07-08 16:00:00,,,,,,,,,,,,,,,,,,,,31.9,30.7,10.3,6.4,35.2,35.8,39.1,38.3,37.3,48.5,46.5,45.9
2025-07-08 17:00:00,,,,,,,,,,,,,,,,,,,,31.8,30.6,10.3,6.4,35.1,35.7,39.0,38.2,37.3,48.5,46.5,45.9
2025-07-08 18:00:00,,,,,,,,,,,,,,,,,,,,31.7,30.6,10.2,6.3,35.0,35.6,38.9,38.2,37.3,48.5,46.5,45.9
2025-07-08 19:00:00,,,,,,,,,,,,,,,,,,,,31.7,30.5,10.2,6.3,35.0,35.6,38.9,38.2,37.3,48.5,46.4,45.9
2025-07-08 20:00:00,,,,,,,,,,,,,,,,,,,,31.6,30.5,10.2,6.3,34.9,35.5,38.8,38.1,37.2,48.5,46.4,45.9
2025-07-08 21:00:00,,,,,,,,,,,,,,,,,,,,31.5,30.5,10.2,6.3,34.9,35.4,38.8,38.1,37.2,48.5,46.3,45.9
2025-07-08 22:00:00,,,,,,,,,,,,,,,,,,,,31.4,30.4,10.2,6.3,34.8,35.4,38.8,38.1,37.2,48.5,46.3,45.9
2025-07-08 23:00:00,,,,,,,,,,,,,,,,,,,,31.4,30.4,10.2,6.3,34.7,35.3,38.7,38.0,37.1,48.5,46.3,45.9
2025-07-09 01:00:00,,,,,,,,,,,,,,,,,,,,31.3,30.3,10.2,6.3,34.6,35.2,38.6,38.0,37.1,48.5,46.2,45.9
2025-07-09 02:00:00,,,,,,,,,,,,,,,,,,,,31.2,30.3,10.1,6.3,34.6,35.1,38.6,38.0,37.0,48.4,46.2,45.9
2025-07-09 03:00:00,,,,,,,,,,,,,,,,,,,,31.1,30.2,10.1,6.3,34.5,35.0,38.5,37.9,37.0,48.4,46.2,45.9
2025-07-09 04:00:00,,,,,,,,,,,,,,,,,,,,31.2,30.1,10.1,6.3,34.5,35.0,38.5,37.9,37.0,48.4,46.1,45.9
2025-07-09 05:00:00,,,,,,,,,,,,,,,,,,,,31.1,30.1,10.1,6.3,34.4,35.0,38.5,37.9,36.9,48.4,46.1,45.9
2025-07-09 06:00:00,,,,,,,,,,,,,,,,,,,,31.0,30.1,10.1,6.3,34.4,35.0,38.5,37.9,36.9,48.4,46.1,45.9
2025-07-09 07:00:00,,,,,,,,,,,,,,,,,,,,31.0,30.1,10.1,6.3,34.3,34.9,38.4,37.8,36.9,48.4,46.1,45.8
2025-07-09 08:00:00,,,,,,,,,,,,,,,,,,,,31.0,30.1,10.1,6.3,34.3,34.9,38.4,37.8,36.9,48.4,46.1,45.8
2025-07-09 09:00:00,,,,,,,,,,,,,,,,,,,,30.9,30.1,10.1,6.3,34.3,34.8,38.3,37.8,36.8,48.4,46.1,45.8
2025-07-09 10:00:00,,,,,,,,,,,,,,,,,,,,31.7,30.0,10.1,6.3,34.2,34.8,38.3,37.8,36.8,48.4,46.1,45.8
2025-07-09 11:00:00,,,,,,,,,,,,,,,,,,,,33.3,30.0,10.1,6.3,34.1,34.8,38.3,37.8,36.8,48.4,46.1,45.8
2025-07-09 12:00:00,,,,,,,,,,,,,,,,,,,,40.3,30.3,10.1,6.3,34.1,34.7,38.2,37.8,36.8,48.4,46.1,45.8
2025-07-09 13:00:00,,,,,,,,,,,,,,,,,,,,40.6,35.7,10.1,6.3,34.1,34.7,38.2,37.8,36.7,48.4,46.1,45.8
2025-07-09 14:00:00,,,,,,,,,,,,,,,,,,,,41.8,38.3,11.4,6.3,34.1,34.7,38.2,37.8,36.7,48.4,46.0,45.7
2025-07-09 15:00:00,,,,,,,,,,,,,,,,,,,,44.2,41.7,13.5,8.3,39.6,34.7,38.2,37.7,36.8,48.3,46.0,45.7
2025-07-09 16:00:00,,,,,,,,,,,,,,,,,,,,43.7,40.7,12.9,7.9,42.6,43.0,46.2,42.6,37.0,48.3,46.0,45.7
2025-07-09 17:00:00,,,,,,,,,,,,,,,,,,,,41.1,38.5,12.1,7.5,41.6,42.2,45.5,43.9,43.3,53.1,53.9,48.1
2025-07-09 18:00:00,,,,,,,,,,,,,,,,,,,,40.1,37.5,11.8,7.3,40.2,40.8,43.8,42.2,41.5,51.9,52.1,48.7
2025-07-09 19:00:00,,,,,,,,,,,,,,,,,,,,38.4,36.4,11.5,7.2,39.5,40.2,43.0,41.4,40.6,51.4,49.4,48.5
2025-07-09 20:00:00,,,,,,,,,,,,,,,,,,,,37.5,35.7,11.4,7.1,39.0,39.6,42.5,41.0,40.1,51.1,48.6,48.3
2025-07-09 21:00:00,,,,,,,,,,,,,,,,,,,,36.8,35.2,11.2,7.0,38.6,39.2,42.0,40.6,39.7,50.7,48.2,48.1
2025-07-09 22:00:00,,,,,,,,,,,,,,,,,,,,36.3,34.9,11.2,6.9,38.2,38.8,41.6,40.3,39.4,50.5,48.1,48.0
2025-07-09 23:00:00,,,,,,,,,,,,,,,,,,,,36.0,34.6,11.1,6.9,37.9,38.5,41.4,40.1,39.1,50.4,48.0,47.9
2025-07-10 01:00:00,,,,,,,,,,,,,,,,,,,,40.4,38.0,12.0,7.4,38.5,38.5,41.1,39.8,38.9,50.2,47.8,47.7
2025-07-10 02:00:00,,,,,,,,,,,,,,,,,,,,38.7,36.7,11.6,7.2,39.3,39.5,41.8,40.1,38.9,50.2,47.9,47.6
2025-07-10 03:00:00,,,,,,,,,,,,,,,,,,,,38.0,36.0,11.4,7.1,38.9,39.4,42.0,40.4,39.2,50.4,48.0,47.7
2025-07-10 04:00:00,,,,,,,,,,,,,,,,,,,,38.5,35.8,11.3,7.0,38.4,39.1,41.8,40.4,39.2,50.5,48.2,47.8
2025-07-10 05:00:00,,,,,,,,,,,,,,,,,,,,37.9,35.6,11.2,7.0,38.2,38.8,41.6,40.2,39.1,50.5,48.2,47.9
2025-07-10 06:00:00,,,,,,,,,,,,,,,,,,,,38.1,35.5,11.2,6.9,38.0,38.6,41.4,40.1,39.1,50.4,48.1,47.9
2025-07-10 07:00:00,,,,,,,,,,,,,,,,,,,,39.1,35.6,11.2,6.9,37.8,38.5,41.3,40.0,39.0,50.3,48.1,47.8
2025-07-10 08:00:00,,,,,,,,,,,,,,,,,,,,43.1,39.5,11.8,6.9,37.8,38.4,41.2,40.0,38.9,50.3,48.0,47.8
2025-07-10 09:00:00,,,,,,,,,,,,,,,,,,,,42.9,39.6,12.4,7.6,41.2,40.0,41.7,40.1,39.0,50.3,48.0,47.8
2025-07-10 10:00:00,,,,,,,,,,,,,,,,,,,,42.7,39.4,12.4,7.6,41.7,42.0,44.7,42.4,40.5,51.1,48.4,47.8
2025-07-10 11:00:00,,,,,,,,,,,,,,,,,,,,42.6,39.1,12.2,7.5,41.4,41.6,44.5,42.6,41.7,52.5,50.6,48.7
2025-07-10 12:00:00,,,,,,,,,,,,,,,,,,,,43.5,39.8,12.4,7.6,41.7,41.8,44.6,42.8,41.8,52.5,50.7,48.8
2025-07-10 13:00:00,,,,,,,,,,,,,,,,,,,,41.1,38.4,12.1,7.5,41.5,41.8,44.8,43.1,42.2,52.7,51.8,49.0
2025-07-10 14:00:00,,,,,,,,,,,,,,,,,,,,39.3,36.9,11.7,7.3,40.3,40.8,43.6,42.1,41.2,52.2,50.5,48.8
2025-07-10 15:00:00,,,,,,,,,,,,,,,,,,,,38.7,36.2,11.5,7.1,39.5,40.0,42.9,41.4,40.5,51.7,49.0,48.6
2025-07-10 16:00:00,,,,,,,,,,,,,,,,,,,,40.3,37.0,11.5,7.1,39.1,39.6,42.4,41.0,40.0,51.3,48.6,48.4
2025-07-10 17:00:00,,,,,,,,,,,,,,,,,,,,39.5,36.8,11.6,7.1,39.0,39.5,42.3,40.8,39.8,51.1,48.6,48.3
2025-07-10 18:00:00,,,,,,,,,,,,,,,,,,,,42.4,39.1,12.2,7.3,39.1,39.6,42.3,40.7,39.7,51.0,48.6,48.2
2025-07-10 19:00:00,,,,,,,,,,,,,,,,,,,,43.6,40.2,12.7,7.8,42.4,42.0,43.7,41.3,39.9,51.2,48.6,48.2
2025-07-10 20:00:00,,,,,,,,,,,,,,,,,,,,41.3,38.6,12.1,7.5,41.7,42.1,45.3,43.5,42.7,53.1,52.6,48.9
2025-07-10 21:00:00,,,,,,,,,,,,,,,,,,,,42.5,39.0,12.0,7.3,40.6,40.9,43.8,42.2,41.4,52.4,51.4,49.1
2025-07-10 22:00:00,,,,,,,,,,,,,,,,,,,,41.2,38.4,12.0,7.5,41.1,41.3,44.0,42.2,41.2,52.2,50.3,48.9
2025-07-10 23:00:00,,,,,,,,,,,,,,,,,,,,39.3,36.9,11.6,7.3,40.3,40.7,43.6,42.0,41.0,52.2,50.3,48.9
2025-07-11 01:00:00,,,,,,,,,,,,,,,,,,,,39.7,36.7,11.4,7.1,39.1,39.7,42.5,41.1,40.1,51.5,48.9,48.6
2025-07-11 02:00:00,,,,,,,,,,,,,,,,,,,,38.6,36.1,11.4,7.1,39.0,39.5,42.3,40.8,39.8,51.3,48.7,48.5
2025-07-11 03:00:00,,,,,,,,,,,,,,,,,,,,37.8,35.6,11.3,7.0,38.8,39.4,42.1,40.7,39.7,51.1,48.6,48.4
2025-07-11 04:00:00,,,,,,,,,,,,,,,,,,,,37.8,35.3,11.2,7.0,38.6,39.2,41.9,40.6,39.5,51.1,48.5,48.3
2025-07-11 05:00:00,,,,,,,,,,,,,,,,,,,,41.4,36.6,11.2,6.9,38.3,39.0,41.8,40.4,39.4,51.0,48.5,48.3
2025-07-11 06:00:00,,,,,,,,,,,,,,,,,,,,41.0,37.8,11.7,7.0,38.3,39.0,41.7,40.3,39.3,50.8,48.4,48.2
2025-07-11 07:00:00,,,,,,,,,,,,,,,,,,,,39.5,36.9,11.6,7.1,38.7,39.3,41.8,40.4,39.3,50.8,48.5,48.2
2025-07-11 08:00:00,,,,,,,,,,,,,,,,,,,,38.3,36.1,11.4,7.1,38.8,39.4,42.0,40.5,39.3,50.9,48.5,48.2
2025-07-11 09:00:00,,,,,,,,,,,,,,,,,,,,37.6,35.5,11.3,7.0,38.5,39.3,41.9,40.5,39.4,50.9,48.6,48.2
2025-07-11 10:00:00,,,,,,,,,,,,,,,,,,,,37.0,35.2,11.2,7.0,38.3,39.1,41.8,40.4,39.3,50.9,48.6,48.2
2025-07-11 11:00:00,,,,,,,,,,,,,,,,,,,,36.4,34.7,11.1,6.9,38.1,38.9,41.6,40.3,39.2,50.9,48.5,48.2
2025-07-11 12:00:00,,,,,,,,,,,,,,,,,,,,35.9,34.3,11.1,6.9,37.9,38.7,41.5,40.2,39.2,50.8,48.5,48.2
2025-07-11 13:00:00,,,,,,,,,,,,,,,,,,,,35.5,34.0,11.0,6.8,37.6,38.5,41.3,40.1,39.0,50.8,48.4,48.2
2025-07-11 14:00:00,,,,,,,,,,,,,,,,,,,,35.2,33.8,10.9,6.8,37.5,38.3,41.1,40.0,38.9,50.7,48.4,48.1
2025-07-11 15:00:00,,,,,,,,,,,,,,,,,,,,35.0,33.6,10.9,6.8,37.3,38.2,41.0,39.9,38.8,50.7,48.3,48.1
2025-07-11 16:00:00,,,,,,,,,,,,,,,,,,,,34.8,33.5,10.9,6.7,37.2,38.0,40.8,39.8,38.8,50.6,48.3,48.0
2025-07-11 17:00:00,,,,,,,,,,,,,,,,,,,,34.7,33.5,10.8,6.7,37.1,37.9,40.7,39.7,38.7,50.5,48.2,47.9
2025-07-11 18:00:00,,,,,,,,,,,,,,,,,,,,34.6,33.3,10.8,6.7,37.0,37.8,40.6,39.7,38.6,50.5,48.1,47.9
2025-07-11 19:00:00,,,,,,,,,,,,,,,,,,,,34.5,33.2,10.8,6.7,36.9,37.7,40.5,39.6,38.5,50.4,48.1,47.9
2025-07-11 20:00:00,,,,,,,,,,,,,,,,,,,,34.4,33.1,10.8,6.7,36.8,37.5,40.5,39.5,38.5,50.4,48.0,47.9
2025-07-11 21:00:00,,,,,,,,,,,,,,,,,,,,34.3,33.0,10.8,6.7,36.7,37.4,40.4,39.5,38.4,50.3,48.0,47.8
2025-07-11 22:00:00,,,,,,,,,,,,,,,,,,,,34.2,32.9,10.8,6.6,36.7,37.3,40.3,39.4,38.4,50.3,48.0,47.7
2025-07-11 23:00:00,,,,,,,,,,,,,,,,,,,,34.1,32.8,10.7,6.6,36.6,37.3,40.3,39.4,38.3,50.2,47.9,47.7
2025-07-12 01:00:00,,,,,,,,,,,,,,,,,,,,34.0,32.7,10.7,6.6,36.4,37.1,40.2,39.3,38.2,50.1,47.8,47.7
2025-07-12 02:00:00,,,,,,,,,,,,,,,,,,,,33.9,32.6,10.7,6.6,36.4,37.0,40.1,39.3,38.1,50.1,47.8,47.6
2025-07-12 03:00:00,,,,,,,,,,,,,,,,,,,,33.8,32.6,10.7,6.6,36.3,37.0,40.0,39.2,38.1,50.1,47.8,47.6
2025-07-12 04:00:00,,,,,,,,,,,,,,,,,,,,33.7,32.5,10.6,6.6,36.3,36.9,40.0,39.2,38.1,50.0,47.8,47.5
2025-07-12 05:00:00,,,,,,,,,,,,,,,,,,,,33.6,32.5,10.6,6.6,36.2,36.8,39.9,39.2,38.0,50.0,47.8,47.5
2025-07-12 06:00:00,,,,,,,,,,,,,,,,,,,,33.6,32.4,10.6,6.5,36.2,36.8,39.8,39.1,38.0,50.0,47.7,47.4
2025-07-12 07:00:00,,,,,,,,,,,,,,,,,,,,33.5,32.4,10.6,6.5,36.1,36.7,39.8,39.1,37.9,50.0,47.7,47.4
2025-07-12 08:00:00,,,,,,,,,,,,,,,,,,,,33.5,32.3,10.6,6.5,36.0,36.7,39.8,39.1,37.9,49.9,47.7,47.4
2025-07-12 09:00:00,,,,,,,,,,,,,,,,,,,,33.6,32.3,10.6,6.5,36.0,36.6,39.7,39.0,37.8,49.9,47.6,47.4
2025-07-12 10:00:00,,,,,,,,,,,,,,,,,,,,33.5,32.2,10.6,6.5,35.9,36.5,39.6,39.0,37.8,49.9,47.7,47.4
2025-07-12 11:00:00,,,,,,,,,,,,,,,,,,,,33.5,32.2,10.5,6.5,35.8,36.5,39.6,39.0,37.7,49.8,47.6,47.4
2025-07-12 12:00:00,,,,,,,,,,,,,,,,,,,,33.4,32.1,10.5,6.5,35.8,36.4,39.6,38.9,37.7,49.8,47.6,47.3
2025-07-12 13:00:00,,,,,,,,,,,,,,,,,,,,33.4,32.0,10.5,6.6,35.9,36.3,39.5,38.9,37.7,49.8,47.6,47.3
2025-07-12 14:00:00,,,,,,,,,,,,,,,,,,,,33.4,32.0,10.5,6.5,35.7,36.3,39.5,38.9,37.6,49.8,47.5,47.3
2025-07-12 15:00:00,,,,,,,,,,,,,,,,,,,,33.4,32.0,10.5,6.5,35.7,36.2,39.5,38.8,37.6,49.7,47.5,47.3
2025-07-12 16:00:00,,,,,,,,,,,,,,,,,,,,33.4,31.9,10.5,6.5,35.7,36.1,39.4,38.8,37.6,49.6,47.5,47.3
2025-07-12 17:00:00,,,,,,,,,,,,,,,,,,,,33.3,31.9,10.5,6.5,35.6,36.0,39.4,38.8,37.5,49.6,47.4,47.3
2025-07-12 18:00:00,,,,,,,,,,,,,,,,,,,,33.3,31.9,10.5,6.5,35.6,36.0,39.3,38.8,37.5,49.6,47.4,47.3
2025-07-12 19:00:00,,,,,,,,,,,,,,,,,,,,33.2,31.9,10.5,6.5,35.7,35.9,39.3,38.7,37.5,49.5,47.4,47.2
2025-07-12 20:00:00,,,,,,,,,,,,,,,,,,,,33.1,31.8,10.5,6.5,35.6,35.9,39.3,38.7,37.4,49.5,47.4,47.2
2025-07-12 21:00:00,,,,,,,,,,,,,,,,,,,,33.0,31.8,10.5,6.5,35.6,35.9,39.3,38.7,37.4,49.4,47.4,47.2
2025-07-12 22:00:00,,,,,,,,,,,,,,,,,,,,33.1,31.8,10.5,6.4,35.5,35.9,39.3,38.7,37.4,49.4,47.3,47.2
2025-07-12 23:00:00,,,,,,,,,,,,,,,,,,,,33.1,31.7,10.4,6.5,35.5,35.8,39.2,38.7,37.3,49.4,47.3,47.2
2025-07-13 01:00:00,,,,,,,,,,,,,,,,,,,,33.0,31.7,10.4,6.5,35.4,35.8,39.2,38.6,37.3,49.4,47.2,47.2
2025-07-13 02:00:00,,,,,,,,,,,,,,,,,,,,32.9,31.6,10.4,6.5,35.4,35.7,39.2,38.6,37.3,49.3,47.2,47.2
2025-07-13 03:00:00,,,,,,,,,,,,,,,,,,,,32.9,31.6,10.4,6.5,35.4,35.7,39.2,38.6,37.2,49.3,47.1,47.1
2025-07-13 04:00:00,,,,,,,,,,,,,,,,,,,,32.8,31.6,10.4,6.5,35.4,35.7,39.1,38.6,37.2,49.3,47.1,47.1
2025-07-13 05:00:00,,,,,,,,,,,,,,,,,,,,32.8,31.5,10.4,6.4,35.3,35.6,39.1,38.6,37.2,49.3,47.1,47.0
2025-07-13 06:00:00,,,,,,,,,,,,,,,,,,,,32.8,31.5,10.4,6.4,35.3,35.6,39.1,38.6,37.2,49.2,47.1,47.0
2025-07-13 07:00:00,,,,,,,,,,,,,,,,,,,,32.7,31.5,10.4,6.4,35.3,35.6,39.0,38.6,37.1,49.2,47.1,47.0
2025-07-13 08:00:00,,,,,,,,,,,,,,,,,,,,32.7,31.5,10.4,6.4,35.3,35.6,39.0,38.6,37.1,49.2,47.1,47.0
2025-07-13 09:00:00,,,,,,,,,,,,,,,,,,,,32.7,31.4,10.4,6.4,35.2,35.5,39.0,38.6,37.1,49.2,47.1,47.0
2025-07-13 10:00:00,,,,,,,,,,,,,,,,,,,,32.6,31.4,10.4,6.4,35.1,35.5,39.0,38.5,37.1,49.2,47.1,46.9
2025-07-13 11:00:00,,,,,,,,,,,,,,,,,,,,32.7,31.4,10.4,6.4,35.1,35.5,39.0,38.5,37.0,49.2,47.1,46.9
2025-07-13 12:00:00,,,,,,,,,,,,,,,,,,,,32.7,31.3,10.4,6.4,35.1,35.4,39.0,38.5,37.0,49.1,47.0,46.9
2025-07-13 13:00:00,,,,,,,,,,,,,,,,,,,,32.6,31.3,10.4,6.4,35.1,35.4,38.9,38.5,36.9,49.1,47.0,46.9
2025-07-13 14:00:00,,,,,,,,,,,,,,,,,,,,32.5,31.3,10.4,6.4,35.0,35.4,38.9,38.4,36.9,49.1,47.0,46.9
2025-07-13 15:00:00,,,,,,,,,,,,,,,,,,,,32.5,31.3,10.4,6.4,35.0,35.3,38.8,38.4,36.9,49.1,47.0,46.9
2025-07-13 16:00:00,,,,,,,,,,,,,,,,,,,,32.5,31.4,10.3,6.4,35.0,35.3,38.8,38.4,36.9,49.1,46.9,46.9
2025-07-13 17:00:00,,,,,,,,,,,,,,,,,,,,32.5,31.3,10.3,6.4,35.0,35.3,38.8,38.4,36.9,49.0,46.9,46.9
2025-07-13 18:00:00,,,,,,,,,,,,,,,,,,,,32.4,31.3,10.3,6.4,35.0,35.3,38.8,38.4,36.8,49.0,46.9,46.9
2025-07-13 19:00:00,,,,,,,,,,,,,,,,,,,,32.4,31.2,10.3,6.4,35.0,35.3,38.8,38.4,36.8,49.0,46.9,46.9
2025-07-13 20:00:00,,,,,,,,,,,,,,,,,,,,32.4,31.2,10.4,6.4,34.9,35.2,38.8,38.4,36.8,49.0,46.9,46.9
2025-07-13 21:00:00,,,,,,,,,,,,,,,,,,,,32.3,31.2,10.3,6.4,34.9,35.2,38.8,38.4,36.8,48.9,46.9,46.9
2025-07-13 22:00:00,,,,,,,,,,,,,,,,,,,,32.2,31.2,10.4,6.4,34.9,35.2,38.8,38.4,36.8,48.9,46.9,46.9
2025-07-13 23:00:00,,,,,,,,,,,,,,,,,,,,32.3,31.1,10.4,6.4,34.9,35.2,38.8,38.4,36.8,48.9,46.8,46.9
2025-07-14 01:00:00,,,,,,,,,,,,,,,,,,,,32.2,31.1,10.4,6.4,34.8,35.2,38.7,38.4,36.7,48.9,46.8,46.8
2025-07-14 02:00:00,,,,,,,,,,,,,,,,,,,,32.2,31.1,10.4,6.4,34.8,35.2,38.7,38.4,36.7,48.8,46.8,46.8
2025-07-14 03:00:00,,,,,,,,,,,,,,,,,,,,32.2,31.1,10.4,6.4,34.8,35.1,38.7,38.4,36.7,48.8,46.8,46.8
2025-07-14 04:00:00,,,,,,,,,,,,,,,,,,,,32.2,31.1,10.3,6.4,34.8,35.1,38.7,38.3,36.7,48.8,46.8,46.8
2025-07-14 05:00:00,,,,,,,,,,,,,,,,,,,,32.2,31.1,10.3,6.4,34.8,35.1,38.6,38.3,36.7,48.8,46.8,46.8
2025-07-14 06:00:00,,,,,,,,,,,,,,,,,,,,32.1,31.0,10.3,6.4,34.7,35.1,38.6,38.3,36.7,48.8,46.8,46.8
2025-07-14 07:00:00,,,,,,,,,,,,,,,,,,,,32.1,31.0,10.3,6.4,34.7,35.0,38.6,38.3,36.7,48.8,46.7,46.8
2025-07-14 08:00:00,,,,,,,,,,,,,,,,,,,,32.1,31.1,10.3,6.4,34.7,35.0,38.6,38.3,36.7,48.7,46.7,46.8
2025-07-14 09:00:00,,,,,,,,,,,,,,,,,,,,32.2,31.1,10.3,6.4,34.7,35.0,38.6,38.2,36.6,48.7,46.7,46.8
2025-07-14 10:00:00,,,,,,,,,,,,,,,,,,,,32.1,31.1,10.3,6.4,34.7,35.0,38.5,38.2,36.6,48.7,46.7,46.8
2025-07-14 11:00:00,,,,,,,,,,,,,,,,,,,,32.0,31.0,10.3,6.4,34.6,34.9,38.5,38.2,36.6,48.6,46.7,46.8
2025-07-14 12:00:00,,,,,,,,,,,,,,,,,,,,32.0,30.9,10.3,6.4,34.6,34.9,38.5,38.2,36.6,48.6,46.7,46.8
2025-07-14 13:00:00,,,,,,,,,,,,,,,,,,,,31.9,30.9,10.3,6.4,34.6,34.9,38.5,38.1,36.5,48.6,46.7,46.7
2025-07-14 14:00:00,,,,,,,,,,,,,,,,,,,,31.9,30.9,10.3,6.4,34.5,34.9,38.5,38.1,36.5,48.6,46.7,46.7
2025-07-14 16:00:00,,,,,,,,,,,,,,,,,,,,31.9,30.8,10.3,6.4,34.5,34.9,38.4,38.1,36.5,48.6,46.7,46.7
2025-07-14 17:00:00,,,,,,,,,,,,,,,,,,,,31.8,30.8,10.3,6.4,34.5,34.9,38.4,38.1,36.5,48.6,46.7,46.7
2025-07-14 18:00:00,,,,,,,,,,,,,,,,,,,,31.8,30.9,10.3,6.4,34.5,34.8,38.4,38.1,36.4,48.5,46.6,46.7
2025-07-14 19:00:00,,,,,,,,,,,,,,,,,,,,31.8,30.8,10.3,6.4,34.5,34.8,38.4,38.1,36.4,48.5,46.6,46.7
2025-07-14 20:00:00,,,,,,,,,,,,,,,,,,,,31.8,30.8,10.3,6.4,34.5,34.8,38.4,38.1,36.4,48.5,46.6,46.7
2025-07-14 21:00:00,,,,,,,,,,,,,,,,,,,,31.7,30.7,10.3,6.4,34.5,34.8,38.4,38.1,36.4,48.5,46.6,46.7
2025-07-14 22:00:00,,,,,,,,,,,,,,,,,,,,31.7,30.7,10.3,6.4,34.4,34.8,38.4,38.0,36.4,48.4,46.6,46.6
2025-07-14 23:00:00,,,,,,,,,,,,,,,,,,,,31.7,30.7,10.3,6.4,34.4,34.8,38.4,38.0,36.4,48.4,46.6,46.7
2025-07-15 01:00:00,,,,,,,,,,,,,,,,,,,,31.7,30.7,10.3,6.4,34.4,34.7,38.3,38.0,36.4,48.4,46.6,46.6
2025-07-15 02:00:00,,,,,,,,,,,,,,,,,,,,31.6,30.7,10.3,6.4,34.4,34.7,38.3,38.0,36.4,48.4,46.6,46.6
2025-07-15 03:00:00,,,,,,,,,,,,,,,,,,,,31.6,30.7,10.3,6.4,34.4,34.7,38.3,38.0,36.4,48.4,46.6,46.6
2025-07-15 04:00:00,,,,,,,,,,,,,,,,,,,,31.6,30.7,10.3,6.4,34.4,34.7,38.2,38.0,36.4,48.4,46.6,46.6
2025-07-15 05:00:00,,,,,,,,,,,,,,,,,,,,31.7,30.7,10.3,6.4,34.4,34.6,38.3,38.0,36.4,48.3,46.6,46.6
2025-07-15 06:00:00,,,,,,,,,,,,,,,,,,,,31.6,30.7,10.3,6.4,34.4,34.6,38.3,38.0,36.4,48.3,46.6,46.6
2025-07-15 07:00:00,,,,,,,,,,,,,,,,,,,,31.6,30.7,10.3,6.4,34.3,34.6,38.2,38.0,36.3,48.3,46.6,46.6
2025-07-15 08:00:00,,,,,,,,,,,,,,,,,,,,31.7,30.6,10.2,6.4,34.3,34.6,38.2,38.0,36.3,48.3,46.6,46.6
2025-07-15 09:00:00,,,,,,,,,,,,,,,,,,,,31.6,30.6,10.2,6.4,34.3,34.6,38.2,38.0,36.3,48.3,46.5,46.6
2025-07-15 10:00:00,,,,,,,,,,,,,,,,,,,,31.5,30.6,10.2,6.4,34.3,34.6,38.2,38.0,36.3,48.3,46.5,46.6
2025-07-15 11:00:00,,,,,,,,,,,,,,,,,,,,31.4,30.6,10.2,6.4,34.3,34.6,38.2,37.9,36.3,48.3,46.5,46.6
2025-07-15 12:00:00,,,,,,,,,,,,,,,,,,,,31.5,30.6,10.2,6.4,34.3,34.6,38.2,37.9,36.3,48.3,46.4,46.6
2025-07-15 13:00:00,,,,,,,,,,,,,,,,,,,,31.4,30.5,10.2,6.4,34.2,34.6,38.2,37.9,36.2,48.2,46.4,46.6
2025-07-15 14:00:00,,,,,,,,,,,,,,,,,,,,31.3,30.6,10.2,6.4,34.2,34.5,38.1,37.9,36.2,48.2,46.4,46.6
2025-07-15 15:00:00,,,,,,,,,,,,,,,,,,,,31.4,30.5,10.2,6.4,34.2,34.5,38.1,37.9,36.2,48.2,46.4,46.6
2025-07-15 16:00:00,,,,,,,,,,,,,,,,,,,,31.3,30.5,10.2,6.4,34.1,34.5,38.1,37.9,36.2,48.2,46.4,46.6
2025-07-15 17:00:00,,,,,,,,,,,,,,,,,,,,31.3,30.4,10.2,6.4,34.0,34.5,38.1,37.9,36.2,48.2,46.4,46.6
2025-07-15 18:00:00,,,,,,,,,,,,,,,,,,,,31.2,30.4,10.2,6.4,34.0,34.4,38.1,37.9,36.2,48.2,46.3,46.6
2025-07-15 19:00:00,,,,,,,,,,,,,,,,,,,,31.3,30.5,10.2,6.4,34.0,34.4,38.1,37.9,36.2,48.1,46.3,46.6
2025-07-15 20:00:00,,,,,,,,,,,,,,,,,,,,31.2,30.5,10.2,6.4,34.0,34.4,38.1,37.8,36.2,48.1,46.3,46.6
2025-07-15 21:00:00,,,,,,,,,,,,,,,,,,,,31.2,30.5,10.2,6.4,34.0,34.4,38.1,37.9,36.1,48.1,46.3,46.6
2025-07-15 22:00:00,,,,,,,,,,,,,,,,,,,,31.1,30.5,10.2,6.4,34.0,34.3,38.1,37.8,36.1,48.1,46.3,46.6
2025-07-15 23:00:00,,,,,,,,,,,,,,,,,,,,31.1,30.4,10.2,6.4,33.9,34.3,38.0,37.8,36.1,48.1,46.3,46.6
2025-07-16 01:00:00,,,,,,,,,,,,,,,,,,,,31.1,30.4,10.2,6.4,33.9,34.3,38.0,37.8,36.1,48.1,46.3,46.6
2025-07-16 02:00:00,,,,,,,,,,,,,,,,,,,,31.1,30.3,10.2,6.4,33.9,34.3,38.0,37.8,36.1,48.1,46.3,46.6
2025-07-16 03:00:00,,,,,,,,,,,,,,,,,,,,31.0,30.3,10.2,6.4,33.9,34.3,38.0,37.8,36.1,48.1,46.3,46.6
2025-07-16 04:00:00,,,,,,,,,,,,,,,,,,,,31.1,30.4,10.2,6.3,33.9,34.3,38.0,37.8,36.0,48.1,46.3,46.6
2025-07-16 05:00:00,,,,,,,,,,,,,,,,,,,,31.0,30.4,10.2,6.4,33.9,34.3,38.0,37.8,36.0,48.1,46.3,46.6
2025-07-16 06:00:00,,,,,,,,,,,,,,,,,,,,31.0,30.3,10.2,6.3,33.9,34.3,38.0,37.8,36.0,48.0,46.3,46.6
2025-07-16 07:00:00,,,,,,,,,,,,,,,,,,,,31.0,30.3,10.2,6.3,33.9,34.3,38.0,37.8,36.0,48.0,46.3,46.6
2025-07-16 08:00:00,,,,,,,,,,,,,,,,,,,,31.0,30.3,10.2,6.4,33.9,34.3,38.0,37.8,36.0,48.0,46.3,46.6
2025-07-16 09:00:00,,,,,,,,,,,,,,,,,,,,30.9,30.3,10.2,6.4,33.8,34.2,38.0,37.8,36.0,48.0,46.3,46.6
2025-07-16 10:00:00,,,,,,,,,,,,,,,,,,,,30.9,30.3,10.2,6.4,33.8,34.2,37.9,37.7,36.0,48.0,46.3,46.6
2025-07-16 11:00:00,,,,,,,,,,,,,,,,,,,,30.9,30.3,10.2,6.3,33.8,34.2,37.9,37.7,36.0,48.0,46.3,46.6
2025-07-16 12:00:00,,,,,,,,,,,,,,,,,,,,30.8,30.2,10.2,6.3,33.8,34.2,37.9,37.7,36.0,48.0,46.3,46.6
2025-07-16 13:00:00,,,,,,,,,,,,,,,,,,,,30.8,30.2,10.2,6.3,33.8,34.2,37.9,37.7,36.0,48.0,46.3,46.6
2025-07-16 14:00:00,,,,,,,,,,,,,,,,,,,,30.7,30.2,10.2,6.3,33.8,34.1,37.9,37.7,36.0,48.0,46.3,46.6
2025-07-16 15:00:00,,,,,,,,,,,,,,,,,,,,30.7,30.2,10.2,6.3,33.7,34.1,37.9,37.7,36.0,48.0,46.3,46.6
2025-07-16 16:00:00,,,,,,,,,,,,,,,,,,,,30.6,30.1,10.2,6.3,33.7,34.1,37.8,37.7,35.9,48.0,46.3,46.6
2025-07-16 17:00:00,,,,,,,,,,,,,,,,,,,,30.6,30.1,10.2,6.3,33.7,34.1,37.8,37.7,35.9,47.9,46.3,46.6
2025-07-16 18:00:00,,,,,,,,,,,,,,,,,,,,30.6,30.1,10.2,6.3,33.7,34.1,37.8,37.7,35.9,47.9,46.3,46.6
2025-07-16 19:00:00,,,,,,,,,,,,,,,,,,,,30.6,30.1,10.2,6.4,33.7,34.1,37.8,37.7,35.9,47.9,46.3,46.6
2025-07-16 20:00:00,,,,,,,,,,,,,,,,,,,,30.7,30.1,10.2,6.3,33.7,34.1,37.8,37.7,35.9,47.9,46.3,46.6
2025-07-16 21:00:00,,,,,,,,,,,,,,,,,,,,30.7,30.1,10.1,6.3,33.7,34.1,37.8,37.7,35.9,47.9,46.3,46.6
2025-07-16 22:00:00,,,,,,,,,,,,,,,,,,,,30.7,30.1,10.1,6.4,33.7,34.1,37.8,37.6,35.9,47.9,46.3,46.6
2025-07-16 23:00:00,,,,,,,,,,,,,,,,,,,,30.7,30.0,10.1,6.3,33.6,34.1,37.8,37.6,35.9,47.9,46.3,46.6
2025-07-17 01:00:00,,,,,,,,,,,,,,,,,,,,30.6,30.0,10.1,6.4,33.6,34.1,37.8,37.6,35.8,47.9,46.3,46.6
2025-07-17 02:00:00,,,,,,,,,,,,,,,,,,,,30.6,30.0,10.1,6.4,33.6,34.1,37.7,37.6,35.8,47.9,46.3,46.6
2025-07-17 03:00:00,,,,,,,,,,,,,,,,,,,,30.6,30.0,10.1,6.4,33.6,34.1,37.8,37.6,35.8,47.9,46.3,46.5
2025-07-17 04:00:00,,,,,,,,,,,,,,,,,,,,30.6,30.0,10.1,6.3,33.6,34.0,37.8,37.6,35.8,47.9,46.3,46.5
2025-07-17 05:00:00,,,,,,,,,,,,,,,,,,,,30.5,30.0,10.1,6.4,33.6,34.0,37.7,37.6,35.8,47.9,46.3,46.5
2025-07-17 06:00:00,,,,,,,,,,,,,,,,,,,,30.6,30.0,10.1,6.4,33.6,34.0,37.7,37.6,35.8,47.9,46.3,46.5
2025-07-17 07:00:00,,,,,,,,,,,,,,,,,,,,30.6,30.0,10.2,6.4,33.5,34.0,37.7,37.6,35.8,47.9,46.3,46.5
2025-07-17 08:00:00,,,,,,,,,,,,,,,,,,,,30.5,30.0,10.2,6.3,33.5,33.9,37.6,37.6,35.8,47.9,46.3,46.5
2025-07-17 09:00:00,,,,,,,,,,,,,,,,,,,,30.5,30.0,10.1,6.3,33.5,33.9,37.6,37.6,35.8,47.8,46.2,46.5
2025-07-17 10:00:00,,,,,,,,,,,,,,,,,,,,30.5,30.0,10.1,6.3,33.4,33.9,37.6,37.6,35.7,47.8,46.2,46.5
2025-07-17 11:00:00,,,,,,,,,,,,,,,,,,,,30.5,30.0,10.1,6.3,33.4,33.9,37.6,37.6,35.7,47.8,46.2,46.5
2025-07-17 12:00:00,,,,,,,,,,,,,,,,,,,,30.4,29.9,10.1,6.3,33.4,33.9,37.6,37.5,35.7,47.8,46.2,46.5
2025-07-17 13:00:00,,,,,,,,,,,,,,,,,,,,30.4,29.9,10.1,6.3,33.4,33.9,37.6,37.5,35.7,47.8,46.2,46.3
2025-07-17 14:00:00,,,,,,,,,,,,,,,,,,,,30.3,29.9,10.1,6.3,33.4,33.9,37.6,37.4,35.7,47.7,46.1,46.3
2025-07-17 15:00:00,,,,,,,,,,,,,,,,,,,,30.3,29.9,10.1,6.3,33.4,33.9,37.6,37.4,35.7,47.6,46.1,46.3
2025-07-17 16:00:00,,,,,,,,,,,,,,,,,,,,30.2,29.9,10.1,6.3,33.4,33.9,37.6,37.4,35.7,47.6,46.1,46.3
2025-07-17 17:00:00,,,,,,,,,,,,,,,,,,,,30.2,29.8,10.1,6.3,33.4,33.8,37.5,37.4,35.7,47.6,46.1,46.3
2025-07-17 18:00:00,,,,,,,,,,,,,,,,,,,,30.2,29.8,10.1,6.3,33.4,33.8,37.5,37.4,35.7,47.6,46.1,46.3
2025-07-17 19:00:00,,,,,,,,,,,,,,,,,,,,30.2,29.8,10.2,6.4,33.4,33.8,37.5,37.4,35.7,47.6,46.1,46.3
2025-07-17 20:00:00,,,,,,,,,,,,,,,,,,,,30.2,29.8,10.1,6.4,33.4,33.8,37.5,37.4,35.7,47.6,46.1,46.3
2025-07-17 21:00:00,,,,,,,,,,,,,,,,,,,,30.2,29.8,10.1,6.4,33.4,33.8,37.4,37.4,35.6,47.6,46.1,46.3
2025-07-17 22:00:00,,,,,,,,,,,,,,,,,,,,30.2,29.8,10.1,6.4,33.3,33.8,37.4,37.4,35.6,47.6,46.1,46.3
2025-07-17 23:00:00,,,,,,,,,,,,,,,,,,,,30.2,29.8,10.1,6.3,33.3,33.7,37.4,37.4,35.6,47.6,46.1,46.3
2025-07-18 01:00:00,,,,,,,,,,,,,,,,,,,,30.1,29.7,10.1,6.3,33.3,33.7,37.4,37.4,35.6,47.6,46.1,46.3
2025-07-18 02:00:00,,,,,,,,,,,,,,,,,,,,30.1,29.7,10.1,6.3,33.3,33.7,37.4,37.4,35.6,47.6,46.1,46.3
2025-07-18 03:00:00,,,,,,,,,,,,,,,,,,,,30.1,29.7,10.1,6.3,33.3,33.7,37.4,37.4,35.6,47.6,46.1,46.3
2025-07-18 04:00:00,,,,,,,,,,,,,,,,,,,,30.1,29.7,10.1,6.3,33.2,33.7,37.4,37.4,35.6,47.6,46.1,46.3
2025-07-18 05:00:00,,,,,,,,,,,,,,,,,,,,30.1,29.7,10.1,6.3,33.2,33.7,37.4,37.3,35.6,47.6,46.1,46.3
2025-07-18 06:00:00,,,,,,,,,,,,,,,,,,,,30.0,29.6,10.0,6.3,33.2,33.7,37.4,37.3,35.6,47.6,46.1,46.3
2025-07-18 07:00:00,,,,,,,,,,,,,,,,,,,,30.1,29.7,10.0,6.3,33.2,33.7,37.4,37.3,35.6,47.5,46.1,46.3
2025-07-18 08:00:00,,,,,,,,,,,,,,,,,,,,30.0,29.6,10.0,6.3,33.2,33.7,37.4,37.3,35.6,47.5,46.1,46.3
2025-07-18 09:00:00,,,,,,,,,,,,,,,,,,,,30.0,29.7,10.0,6.3,33.2,33.7,37.4,37.3,35.6,47.5,46.1,46.3
2025-07-18 10:00:00,,,,,,,,,,,,,,,,,,,,30.0,29.7,10.1,6.3,33.2,33.6,37.4,37.3,35.5,47.5,46.1,46.3
2025-07-18 11:00:00,,,,,,,,,,,,,,,,,,,,29.9,29.6,10.1,6.3,33.2,33.6,37.4,37.3,35.5,47.5,46.1,46.3
2025-07-18 12:00:00,,,,,,,,,,,,,,,,,,,,29.9,29.6,10.0,6.3,33.2,33.6,37.4,37.3,35.5,47.4,46.1,46.3
2025-07-18 13:00:00,,,,,,,,,,,,,,,,,,,,29.9,29.6,10.1,6.3,33.2,33.6,37.3,37.3,35.5,47.4,46.0,46.3
2025-07-18 14:00:00,,,,,,,,,,,,,,,,,,,,29.9,29.6,10.1,6.3,33.2,33.6,37.3,37.3,35.5,47.4,46.0,46.3
2025-07-18 15:00:00,,,,,,,,,,,,,,,,,,,,29.7,29.6,10.0,6.3,33.2,33.6,37.3,37.3,35.5,47.4,46.0,46.3
2025-07-18 16:00:00,,,,,,,,,,,,,,,,,,,,41.4,39.1,12.5,7.4,35.4,33.6,37.3,37.3,35.6,47.4,46.0,46.3
2025-07-18 17:00:00,,,,,,,,,,,,,,,,,,,,39.2,37.3,12.0,7.1,35.0,33.7,37.3,37.3,35.6,47.4,46.0,46.3
2025-07-18 18:00:00,,,,,,,,,,,,,,,,,,,,44.5,41.0,13.2,8.2,44.6,44.9,48.6,42.1,35.6,47.4,46.0,46.3
2025-07-18 19:00:00,,,,,,,,,,,,,,,,,,,,41.5,38.2,12.1,7.6,41.8,42.0,45.6,43.8,42.8,53.2,48.5,46.5
2025-07-18 20:00:00,,,,,,,,,,,,,,,,,,,,39.6,36.8,11.7,7.3,40.3,40.6,43.8,42.3,41.6,52.7,50.3,48.6
2025-07-18 21:00:00,,,,,,,,,,,,,,,,,,,,43.4,37.5,11.5,7.2,39.5,39.8,42.8,41.5,40.4,51.8,49.6,49.1
2025-07-18 22:00:00,,,,,,,,,,,,,,,,,,,,46.9,42.4,13.5,8.3,43.6,43.6,46.8,43.0,40.3,51.4,49.2,49.1
2025-07-18 23:00:00,,,,,,,,,,,,,,,,,,,,41.7,38.1,12.0,7.5,41.5,41.7,45.0,43.5,42.9,53.7,52.5,50.2
2025-07-19 01:00:00,,,,,,,,,,,,,,,,,,,,46.5,41.4,13.1,8.0,43.7,43.7,47.5,45.6,45.0,55.7,53.5,50.4
2025-07-19 02:00:00,,,,,,,,,,,,,,,,,,,,50.6,45.8,15.7,9.7,47.3,45.1,47.2,45.2,44.7,55.2,53.5,50.5
2025-07-19 03:00:00,,,,,,,,,,,,,,,,,,,,47.1,41.2,12.7,7.8,42.9,42.8,45.9,44.3,43.9,54.9,53.6,50.7
2025-07-19 04:00:00,,,,,,,,,,,,,,,,,,,,44.1,38.5,12.0,7.5,41.2,41.2,44.1,42.5,41.7,53.4,51.6,50.4
2025-07-19 05:00:00,,,,,,,,,,,,,,,,,,,,46.8,41.6,13.1,8.1,44.2,44.1,47.3,45.6,45.4,56.1,54.6,51.0
2025-07-19 06:00:00,,,,,,,,,,,,,,,,,,,,46.9,40.8,12.8,7.9,42.4,41.9,44.6,42.9,42.1,53.0,52.3,50.5
2025-07-19 07:00:00,,,,,,,,,,,,,,,,,,,,49.7,43.9,13.8,8.5,46.6,46.2,49.6,47.9,51.6,55.8,54.1,51.5
2025-07-19 08:00:00,,,,,,,,,,,,,,,,,,,,47.4,40.1,12.3,7.6,41.9,41.6,44.4,42.8,42.2,53.2,52.1,50.7
2025-07-19 09:00:00,,,,,,,,,,,,,,,,,,,,53.1,48.4,16.4,10.0,49.9,49.0,53.3,50.2,53.7,58.5,54.7,51.6
2025-07-19 10:00:00,,,,,,,,,,,,,,,,,,,,53.7,49.4,17.1,10.5,50.3,48.1,45.8,43.2,42.7,53.6,52.5,51.0
2025-07-19 11:00:00,,,,,,,,,,,,,,,,,,,,50.9,44.5,13.5,8.0,44.0,43.1,45.8,44.0,43.8,54.0,53.0,50.9
2025-07-19 12:00:00,,,,,,,,,,,,,,,,,,,,49.7,43.8,13.4,8.0,42.2,41.7,44.3,42.8,42.2,53.3,52.2,50.9
2025-07-19 13:00:00,,,,,,,,,,,,,,,,,,,,46.6,40.7,12.5,7.7,42.9,42.3,45.0,43.6,43.3,53.8,53.0,50.9
2025-07-19 14:00:00,,,,,,,,,,,,,,,,,,,,44.2,39.2,12.1,7.4,41.3,41.0,43.6,42.1,41.3,52.8,51.3,50.8
2025-07-19 15:00:00,,,,,,,,,,,,,,,,,,,,48.5,41.9,12.8,7.7,41.0,40.6,42.9,41.5,40.5,52.2,50.7,50.7
2025-07-19 16:00:00,,,,,,,,,,,,,,,,,,,,51.7,46.4,14.7,8.9,47.6,47.0,46.5,42.2,40.8,52.4,50.9,50.7
2025-07-19 17:00:00,,,,,,,,,,,,,,,,,,,,47.7,40.3,12.3,7.6,42.3,42.0,44.5,43.0,42.2,53.6,53.0,51.1
2025-07-19 18:00:00,,,,,,,,,,,,,,,,,,,,46.8,40.7,12.4,7.6,41.6,41.2,43.6,41.9,41.0,52.5,51.3,50.9
2025-07-19 19:00:00,,,,,,,,,,,,,,,,,,,,50.7,45.0,14.2,8.7,47.4,47.1,50.6,49.0,54.3,56.0,52.1,50.9
2025-07-19 20:00:00,,,,,,,,,,,,,,,,,,,,46.2,40.3,12.3,7.6,42.2,41.8,44.3,42.8,42.1,53.6,52.9,51.2
2025-07-19 21:00:00,,,,,,,,,,,,,,,,,,,,47.2,41.8,12.8,7.9,42.3,41.3,43.5,41.9,40.9,52.5,51.2,51.0
2025-07-19 22:00:00,,,,,,,,,,,,,,,,,,,,43.8,39.3,12.1,7.5,41.4,41.2,43.7,42.2,41.1,52.7,51.4,51.1
2025-07-19 23:00:00,,,,,,,,,,,,,,,,,,,,42.2,38.0,11.8,7.4,40.5,40.4,42.9,41.5,40.5,52.3,51.0,51.0
2025-07-20 01:00:00,,,,,,,,,,,,,,,,,,,,47.6,42.1,13.0,7.9,40.4,39.5,42.1,40.8,39.7,51.5,49.9,50.9
2025-07-20 02:00:00,,,,,,,,,,,,,,,,,,,,44.5,39.6,12.2,7.6,41.4,41.0,43.2,41.4,39.8,51.4,49.9,50.8
2025-07-20 03:00:00,,,,,,,,,,,,,,,,,,,,44.4,39.6,12.1,7.4,40.8,40.5,42.9,41.4,40.1,51.9,50.4,51.0
2025-07-20 04:00:00,,,,,,,,,,,,,,,,,,,,42.7,38.4,11.9,7.3,40.4,40.2,42.8,41.2,40.0,51.8,50.3,51.0
2025-07-20 05:00:00,,,,,,,,,,,,,,,,,,,,43.8,37.9,11.8,7.3,39.9,39.8,42.5,41.1,39.8,51.7,50.2,51.0
2025-07-20 06:00:00,,,,,,,,,,,,,,,,,,,,42.9,37.8,11.7,7.2,39.6,39.6,42.3,40.8,39.6,51.5,50.0,51.0
2025-07-20 07:00:00,,,,,,,,,,,,,,,,,,,,50.7,44.6,14.0,8.6,46.9,46.5,49.5,48.1,51.1,59.6,54.7,52.2
2025-07-20 08:00:00,,,,,,,,,,,,,,,,,,,,48.7,41.1,12.6,7.8,42.9,42.4,44.9,43.2,42.5,54.0,52.9,51.4
2025-07-20 09:00:00,,,,,,,,,,,,,,,,,,,,45.4,40.2,12.4,7.7,42.4,42.0,44.4,42.8,41.9,53.7,52.6,51.4
2025-07-20 10:00:00,,,,,,,,,,,,,,,,,,,,43.5,38.8,12.0,7.5,41.1,40.9,43.4,41.9,41.0,53.1,51.6,51.3
2025-07-20 11:00:00,,,,,,,,,,,,,,,,,,,,42.3,37.9,11.8,7.3,40.4,40.2,42.8,41.4,40.3,52.2,50.9,51.3
2025-07-20 12:00:00,,,,,,,,,,,,,,,,,,,,47.0,38.7,11.7,7.2,39.9,39.8,42.4,41.0,39.9,51.8,50.3,51.2
2025-07-20 13:00:00,,,,,,,,,,,,,,,,,,,,43.8,39.0,11.8,7.3,39.7,39.6,42.1,40.8,39.6,51.5,49.9,51.1
2025-07-20 14:00:00,,,,,,,,,,,,,,,,,,,,42.2,38.0,11.7,7.3,39.8,39.6,42.1,40.7,39.4,51.3,49.8,51.1
2025-07-20 15:00:00,,,,,,,,,,,,,,,,,,,,49.5,41.1,11.6,7.2,39.7,39.6,42.1,40.8,39.4,51.3,49.8,51.1
2025-07-20 16:00:00,,,,,,,,,,,,,,,,,,,,47.1,41.5,12.7,7.8,41.9,40.7,42.4,40.8,39.4,51.3,49.9,50.0
2025-07-20 17:00:00,,,,,,,,,,,,,,,,,,,,43.6,39.3,12.2,7.6,41.4,41.2,43.6,42.0,40.5,52.2,51.2,50.2
2025-07-20 18:00:00,,,,,,,,,,,,,,,,,,,,42.1,38.1,11.9,7.4,40.5,40.4,43.0,41.5,40.2,52.1,51.5,50.6
2025-07-20 19:00:00,,,,,,,,,,,,,,,,,,,,45.0,37.6,11.7,7.3,40.0,39.9,42.5,41.1,39.9,51.8,50.8,50.5
2025-07-20 20:00:00,,,,,,,,,,,,,,,,,,,,46.2,40.6,12.3,7.4,39.7,39.6,42.2,40.9,39.6,51.6,50.4,50.4
2025-07-20 21:00:00,,,,,,,,,,,,,,,,,,,,43.4,38.9,12.1,7.4,40.3,40.1,42.4,40.8,39.5,51.4,50.1,50.4
2025-07-20 22:00:00,,,,,,,,,,,,,,,,,,,,42.0,38.0,11.9,7.3,40.0,40.1,42.5,41.0,39.6,51.5,50.2,50.3
2025-07-20 23:00:00,,,,,,,,,,,,,,,,,,,,41.2,37.4,11.7,7.3,39.7,39.8,42.3,40.9,39.5,51.6,50.2,50.4
2025-07-21 01:00:00,,,,,,,,,,,,,,,,,,,,41.7,36.8,11.5,7.2,39.1,39.3,41.9,40.6,39.3,51.4,50.1,50.3
2025-07-21 02:00:00,,,,,,,,,,,,,,,,,,,,42.1,37.0,11.5,7.1,38.8,39.1,41.7,40.5,39.2,51.3,49.8,50.2
2025-07-21 03:00:00,,,,,,,,,,,,,,,,,,,,42.7,37.1,11.5,7.1,38.7,38.9,41.5,40.4,39.1,51.1,49.6,50.1
2025-07-21 04:00:00,,,,,,,,,,,,,,,,,,,,42.8,37.2,11.5,7.1,38.6,38.8,41.4,40.3,39.0,51.0,49.5,50.1
2025-07-21 05:00:00,,,,,,,,,,,,,,,,,,,,43.4,37.5,11.5,7.1,38.5,38.7,41.3,40.2,38.9,50.8,49.3,50.0
2025-07-21 06:00:00,,,,,,,,,,,,,,,,,,,,52.9,47.5,15.6,9.5,47.9,45.6,48.4,47.1,47.0,56.8,54.7,50.5
2025-07-21 07:00:00,,,,,,,,,,,,,,,,,,,,54.0,47.9,15.7,9.5,48.8,47.0,48.9,47.5,47.5,58.2,55.5,52.4
2025-07-21 08:00:00,,,,,,,,,,,,,,,,,,,,50.0,42.4,12.7,7.9,43.4,42.8,45.3,43.7,42.8,54.3,53.9,51.9
2025-07-21 09:00:00,,,,,,,,,,,,,,,,,,,,54.2,48.1,16.0,9.7,50.1,48.8,52.6,50.3,56.2,57.5,55.5,52.8
2025-07-21 10:00:00,,,,,,,,,,,,,,,,,,,,52.1,45.7,14.4,8.8,48.1,47.4,50.2,48.8,52.5,57.6,55.7,52.7
2025-07-21 11:00:00,,,,,,,,,,,,,,,,,,,,50.2,43.4,13.2,8.2,45.1,44.3,46.7,45.3,45.0,55.7,55.2,52.2
2025-07-21 12:00:00,,,,,,,,,,,,,,,,,,,,49.7,42.7,13.0,8.0,44.2,43.4,45.5,43.7,42.8,54.4,54.1,52.0
2025-07-21 13:00:00,,,,,,,,,,,,,,,,,,,,49.8,43.0,12.9,8.0,43.8,43.0,45.2,43.4,42.5,54.2,54.1,52.0
2025-07-21 14:00:00,,,,,,,,,,,,,,,,,,,,47.5,41.4,12.6,7.8,43.0,42.4,44.9,43.1,42.2,54.0,54.0,52.0
2025-07-21 15:00:00,,,,,,,,,,,,,,,,,,,,52.5,46.3,14.7,8.7,45.2,41.8,44.2,42.4,41.4,53.5,53.5,51.9
2025-07-21 16:00:00,,,,,,,,,,,,,,,,,,,,46.6,41.2,12.6,7.8,43.4,42.9,45.3,43.7,42.9,54.5,54.3,52.3
2025-07-21 17:00:00,,,,,,,,,,,,,,,,,,,,44.7,39.8,12.2,7.5,41.8,41.5,43.9,42.4,41.3,53.2,52.9,52.1
2025-07-21 18:00:00,,,,,,,,,,,,,,,,,,,,43.9,39.2,12.0,7.4,41.1,40.9,43.3,41.8,40.6,52.7,51.0,51.9
2025-07-21 19:00:00,,,,,,,,,,,,,,,,,,,,43.0,38.5,11.9,7.3,40.6,40.5,43.0,41.5,40.3,52.2,50.6,51.8
2025-07-21 20:00:00,,,,,,,,,,,,,,,,,,,,42.2,38.0,11.8,7.3,40.2,40.2,42.7,41.3,40.0,51.9,50.3,51.7
2025-07-21 21:00:00,,,,,,,,,,,,,,,,,,,,41.6,37.6,11.7,7.3,39.9,40.0,42.5,41.1,39.8,51.7,50.2,51.7
2025-07-21 22:00:00,,,,,,,,,,,,,,,,,,,,41.2,37.3,11.6,7.2,39.7,39.8,42.3,41.0,39.6,51.6,50.0,50.5
2025-07-21 23:00:00,,,,,,,,,,,,,,,,,,,,40.8,36.9,11.5,7.2,39.5,39.6,42.1,40.8,39.5,51.5,49.8,50.5
2025-07-22 01:00:00,,,,,,,,,,,,,,,,,,,,40.1,36.4,11.5,7.2,39.1,39.2,41.8,40.7,39.2,51.2,49.6,50.4
2025-07-22 02:00:00,,,,,,,,,,,,,,,,,,,,39.7,36.2,11.4,7.1,38.9,39.1,41.7,40.6,39.1,51.1,49.5,50.3
2025-07-22 03:00:00,,,,,,,,,,,,,,,,,,,,39.5,36.0,11.4,7.1,38.7,38.8,41.5,40.5,39.1,50.8,49.4,50.3
2025-07-22 04:00:00,,,,,,,,,,,,,,,,,,,,39.2,35.9,11.4,7.1,38.6,38.7,41.5,40.5,39.0,50.8,49.3,50.3
2025-07-22 05:00:00,,,,,,,,,,,,,,,,,,,,39.0,35.7,11.3,7.1,38.5,38.6,41.4,40.4,38.9,50.7,49.3,50.2
2025-07-22 06:00:00,,,,,,,,,,,,,,,,,,,,38.8,35.7,11.3,7.1,38.4,38.5,41.3,40.3,38.9,50.7,49.2,50.2
2025-07-22 07:00:00,,,,,,,,,,,,,,,,,,,,38.6,35.6,11.2,7.0,38.3,38.4,41.2,40.3,38.8,50.6,49.2,50.1
2025-07-22 08:00:00,,,,,,,,,,,,,,,,,,,,38.6,35.5,11.2,7.0,38.2,38.3,41.1,40.3,38.8,50.5,49.1,50.1
2025-07-22 09:00:00,,,,,,,,,,,,,,,,,,,,38.5,35.2,11.2,7.0,38.1,38.2,41.0,40.2,38.8,50.5,49.1,50.0
2025-07-22 10:00:00,,,,,,,,,,,,,,,,,,,,38.2,35.2,11.2,7.0,38.1,38.1,41.0,40.2,38.7,50.5,49.1,50.0
2025-07-22 11:00:00,,,,,,,,,,,,,,,,,,,,38.1,35.1,11.2,7.0,38.0,38.0,40.9,40.1,38.7,50.4,49.1,50.0
2025-07-22 12:00:00,,,,,,,,,,,,,,,,,,,,38.0,35.0,11.1,7.0,37.9,38.0,40.9,40.1,38.7,50.3,49.0,50.0
2025-07-22 13:00:00,,,,,,,,,,,,,,,,,,,,38.0,34.9,11.1,6.9,37.8,37.9,40.8,40.0,38.6,50.3,49.0,49.8
2025-07-22 14:00:00,,,,,,,,,,,,,,,,,,,,37.7,34.8,11.1,6.9,37.8,37.8,40.7,40.0,38.6,50.2,48.9,49.8
2025-07-22 15:00:00,,,,,,,,,,,,,,,,,,,,37.6,34.7,11.0,6.9,37.7,37.8,40.7,40.0,38.5,50.2,48.8,49.8
2025-07-22 16:00:00,,,,,,,,,,,,,,,,,,,,37.5,34.6,11.0,6.9,37.7,37.7,40.6,39.9,38.5,50.2,48.8,49.7
2025-07-22 17:00:00,,,,,,,,,,,,,,,,,,,,37.4,34.5,11.0,6.9,37.6,37.7,40.6,39.9,38.5,50.2,48.8,49.6
2025-07-22 18:00:00,,,,,,,,,,,,,,,,,,,,37.3,34.5,11.0,6.9,37.6,37.7,40.5,39.9,38.5,50.2,48.7,49.6
2025-07-22 19:00:00,,,,,,,,,,,,,,,,,,,,37.2,34.4,11.0,6.9,37.5,37.6,40.5,39.9,38.4,50.2,48.7,49.6
2025-07-22 20:00:00,,,,,,,,,,,,,,,,,,,,37.0,34.3,11.0,6.9,37.5,37.5,40.5,39.9,38.4,50.1,48.6,49.6
2025-07-22 21:00:00,,,,,,,,,,,,,,,,,,,,37.0,34.2,11.0,6.8,37.4,37.5,40.4,39.8,38.4,50.1,48.6,49.6
2025-07-22 22:00:00,,,,,,,,,,,,,,,,,,,,36.8,34.2,11.0,6.8,37.3,37.5,40.4,39.8,38.3,50.1,48.6,49.5
2025-07-22 23:00:00,,,,,,,,,,,,,,,,,,,,36.7,34.1,10.9,6.8,37.3,37.4,40.4,39.8,38.3,50.0,48.6,49.5
2025-07-23 02:00:00,,,,,,,,,,,,,,,,,,,,36.4,33.9,10.9,6.8,37.2,37.3,40.3,39.8,38.2,49.9,48.5,49.4
2025-07-23 03:00:00,,,,,,,,,,,,,,,,,,,,36.4,33.9,10.9,6.8,37.1,37.3,40.3,39.7,38.2,49.9,48.4,49.4
2025-07-23 04:00:00,,,,,,,,,,,,,,,,,,,,36.3,33.8,10.9,6.8,37.1,37.2,40.2,39.7,38.2,49.9,48.4,49.4
2025-07-23 05:00:00,,,,,,,,,,,,,,,,,,,,36.2,33.8,10.9,6.8,37.0,37.2,40.2,39.7,38.2,49.9,48.4,49.4
2025-07-23 06:00:00,,,,,,,,,,,,,,,,,,,,36.0,33.8,10.8,6.8,37.0,37.1,40.2,39.7,38.1,49.9,48.4,49.4
2025-07-23 07:00:00,,,,,,,,,,,,,,,,,,,,36.0,33.7,10.8,6.8,37.0,37.1,40.2,39.7,38.1,49.9,48.4,49.4
2025-07-23 08:00:00,,,,,,,,,,,,,,,,,,,,36.0,33.7,10.8,6.8,36.9,37.0,40.1,39.6,38.1,49.8,48.3,49.4
2025-07-23 09:00:00,,,,,,,,,,,,,,,,,,,,35.8,33.6,10.8,6.8,36.9,37.0,40.1,39.6,38.1,49.8,48.3,49.4
2025-07-23 10:00:00,,,,,,,,,,,,,,,,,,,,35.8,33.5,10.8,6.7,36.8,37.0,40.1,39.6,38.0,49.8,48.3,49.4
2025-07-23 11:00:00,,,,,,,,,,,,,,,,,,,,35.7,33.5,10.8,6.7,36.8,36.9,40.0,39.5,38.0,49.8,48.3,49.4
2025-07-23 12:00:00,,,,,,,,,,,,,,,,,,,,35.7,33.3,10.8,6.7,36.8,36.9,40.0,39.5,38.0,49.7,48.2,49.4
2025-07-23 13:00:00,,,,,,,,,,,,,,,,,,,,35.5,33.3,10.8,6.7,36.8,36.8,40.0,39.5,37.9,49.7,48.2,49.4
2025-07-23 14:00:00,,,,,,,,,,,,,,,,,,,,35.5,33.3,10.8,6.7,36.7,36.8,39.9,39.5,37.9,49.7,48.2,49.4
2025-07-23 15:00:00,,,,,,,,,,,,,,,,,,,,35.3,33.2,10.8,6.7,36.6,36.7,39.9,39.5,37.9,49.7,48.1,49.4
2025-07-23 16:00:00,,,,,,,,,,,,,,,,,,,,35.3,33.1,10.8,6.7,36.6,36.7,39.9,39.4,37.9,49.7,48.1,49.4
2025-07-23 17:00:00,,,,,,,,,,,,,,,,,,,,35.2,33.1,10.8,6.7,36.6,36.6,39.8,39.4,37.8,49.7,48.1,49.3
2025-07-23 18:00:00,,,,,,,,,,,,,,,,,,,,35.1,33.1,10.8,6.6,36.5,36.6,39.8,39.4,37.8,49.7,48.1,49.3
2025-07-23 19:00:00,,,,,,,,,,,,,,,,,,,,35.0,33.1,10.7,6.6,36.4,36.6,39.8,39.4,37.8,49.7,48.1,49.3
2025-07-23 20:00:00,,,,,,,,,,,,,,,,,,,,35.1,33.0,10.8,6.7,36.4,36.5,39.8,39.4,37.8,49.6,48.1,49.3
2025-07-23 21:00:00,,,,,,,,,,,,,,,,,,,,35.0,33.0,10.7,6.6,36.4,36.5,39.8,39.4,37.8,49.6,48.1,49.3
2025-07-23 22:00:00,,,,,,,,,,,,,,,,,,,,35.0,33.0,10.7,6.6,36.4,36.5,39.8,39.4,37.8,49.6,48.1,49.3
2025-07-23 23:00:00,,,,,,,,,,,,,,,,,,,,34.9,32.9,10.7,6.6,36.4,36.5,39.8,39.4,37.8,49.6,48.1,49.3
2025-07-24 01:00:00,,,,,,,,,,,,,,,,,,,,34.8,32.8,10.7,6.6,36.3,36.5,39.7,39.4,37.8,49.6,48.1,49.2
2025-07-24 02:00:00,,,,,,,,,,,,,,,,,,,,34.8,32.8,10.7,6.7,36.3,36.4,39.7,39.3,37.8,49.6,48.1,49.2
2025-07-24 03:00:00,,,,,,,,,,,,,,,,,,,,34.7,32.7,10.7,6.7,36.3,36.4,39.6,39.3,37.8,49.6,48.1,49.1
2025-07-24 04:00:00,,,,,,,,,,,,,,,,,,,,34.6,32.7,10.7,6.7,36.3,36.4,39.6,39.3,37.7,49.5,48.0,49.1
2025-07-24 05:00:00,,,,,,,,,,,,,,,,,,,,34.6,32.7,10.7,6.7,36.2,36.4,39.5,39.3,37.7,49.6,48.0,49.1
2025-07-24 06:00:00,,,,,,,,,,,,,,,,,,,,34.5,32.6,10.7,6.6,36.1,36.3,39.5,39.3,37.7,49.5,48.0,49.1
2025-07-24 07:00:00,,,,,,,,,,,,,,,,,,,,34.4,32.6,10.7,6.6,36.1,36.3,39.5,39.3,37.7,49.5,48.0,49.1
2025-07-24 08:00:00,,,,,,,,,,,,,,,,,,,,34.4,32.6,10.6,6.6,36.1,36.3,39.5,39.2,37.6,49.4,48.0,49.1
2025-07-24 09:00:00,,,,,,,,,,,,,,,,,,,,34.3,32.5,10.6,6.6,36.1,36.2,39.5,39.2,37.6,49.4,48.0,49.1
2025-07-24 10:00:00,,,,,,,,,,,,,,,,,,,,34.3,32.5,10.6,6.6,36.1,36.2,39.5,39.2,37.6,49.3,48.0,49.0
2025-07-24 11:00:00,,,,,,,,,,,,,,,,,,,,34.2,32.4,10.6,6.6,36.1,36.2,39.5,39.2,37.6,49.3,47.9,49.0
2025-07-24 12:00:00,,,,,,,,,,,,,,,,,,,,34.1,32.4,10.6,6.6,36.1,36.2,39.5,39.2,37.6,49.3,47.9,49.0
2025-07-24 13:00:00,,,,,,,,,,,,,,,,,,,,34.0,32.4,10.6,6.6,36.0,36.1,39.5,39.2,37.5,49.3,47.9,49.0
2025-07-24 14:00:00,,,,,,,,,,,,,,,,,,,,33.8,32.3,10.6,6.6,36.0,36.1,39.4,39.2,37.5,49.3,47.9,49.0
2025-07-24 15:00:00,,,,,,,,,,,,,,,,,,,,33.7,32.2,10.6,6.6,36.0,36.1,39.4,39.2,37.4,49.3,47.9,49.0
2025-07-24 16:00:00,,,,,,,,,,,,,,,,,,,,33.7,32.2,10.6,6.6,35.9,36.1,39.4,39.2,37.4,49.2,47.8,49.0
2025-07-24 17:00:00,,,,,,,,,,,,,,,,,,,,33.7,32.2,10.5,6.6,35.9,36.0,39.4,39.2,37.4,49.2,47.8,48.9
2025-07-24 18:00:00,,,,,,,,,,,,,,,,,,,,33.5,32.1,10.6,6.6,35.9,36.0,39.4,39.1,37.4,49.2,47.8,48.9
2025-07-24 19:00:00,,,,,,,,,,,,,,,,,,,,33.5,32.1,10.6,6.6,35.8,36.0,39.4,39.1,37.4,49.2,47.8,48.9
2025-07-24 20:00:00,,,,,,,,,,,,,,,,,,,,33.5,32.0,10.6,6.6,35.8,36.0,39.3,39.1,37.4,49.2,47.8,48.9
2025-07-24 21:00:00,,,,,,,,,,,,,,,,,,,,33.6,32.0,10.6,6.6,35.8,36.0,39.3,39.1,37.4,49.2,47.8,48.9
2025-07-24 22:00:00,,,,,,,,,,,,,,,,,,,,33.4,32.0,10.6,6.6,35.8,35.9,39.3,39.1,37.4,49.2,47.8,48.8
2025-07-24 23:00:00,,,,,,,,,,,,,,,,,,,,33.4,31.9,10.5,6.6,35.8,35.9,39.2,39.1,37.4,49.2,47.8,48.9
2025-07-25 01:00:00,,,,,,,,,,,,,,,,,,,,33.3,31.9,10.5,6.6,35.7,35.9,39.2,39.0,37.4,49.2,47.8,48.8
2025-07-25 02:00:00,,,,,,,,,,,,,,,,,,,,33.3,31.8,10.5,6.6,35.7,35.9,39.2,39.0,37.4,49.1,47.8,48.8
2025-07-25 03:00:00,,,,,,,,,,,,,,,,,,,,33.3,31.8,10.5,6.6,35.6,35.8,39.2,39.0,37.3,49.1,47.8,48.8
2025-07-25 04:00:00,,,,,,,,,,,,,,,,,,,,33.2,31.8,10.5,6.6,35.6,35.8,39.2,39.0,37.3,49.1,47.8,48.8
2025-07-25 05:00:00,,,,,,,,,,,,,,,,,,,,33.2,31.9,10.5,6.6,35.6,35.7,39.1,39.0,37.3,49.1,47.7,48.8
2025-07-25 06:00:00,,,,,,,,,,,,,,,,,,,,33.2,31.8,10.5,6.6,35.6,35.7,39.1,39.0,37.3,49.1,47.8,48.8
2025-07-25 07:00:00,,,,,,,,,,,,,,,,,,,,33.1,31.8,10.5,6.6,35.5,35.7,39.1,39.0,37.3,49.1,47.7,48.8
2025-07-25 08:00:00,,,,,,,,,,,,,,,,,,,,33.1,31.8,10.5,6.6,35.5,35.7,39.1,39.0,37.2,49.1,47.8,48.8
2025-07-25 09:00:00,,,,,,,,,,,,,,,,,,,,33.1,31.7,10.5,6.6,35.5,35.7,39.1,39.0,37.2,49.0,47.7,48.8
2025-07-25 10:00:00,,,,,,,,,,,,,,,,,,,,33.1,31.7,10.5,6.6,35.5,35.6,39.1,39.0,37.3,49.0,47.7,48.8
2025-07-25 11:00:00,,,,,,,,,,,,,,,,,,,,32.9,31.7,10.5,6.5,35.4,35.6,39.1,39.0,37.2,49.0,47.7,48.8
2025-07-25 12:00:00,,,,,,,,,,,,,,,,,,,,32.7,31.5,10.5,6.6,35.4,35.6,39.0,39.0,37.1,49.0,47.7,48.8
2025-07-25 13:00:00,,,,,,,,,,,,,,,,,,,,32.7,31.5,10.5,6.5,35.4,35.6,39.0,39.0,37.1,49.0,47.7,48.8
2025-07-25 14:00:00,,,,,,,,,,,,,,,,,,,,32.6,31.5,10.5,6.5,35.4,35.5,39.0,39.0,37.1,49.0,47.7,48.8
2025-07-25 15:00:00,,,,,,,,,,,,,,,,,,,,32.6,31.5,10.4,6.5,35.4,35.5,39.0,38.9,37.1,49.0,47.7,48.8
2025-07-25 16:00:00,,,,,,,,,,,,,,,,,,,,32.6,31.5,10.4,6.5,35.3,35.5,39.0,38.9,37.1,49.0,47.7,48.8
2025-07-25 17:00:00,,,,,,,,,,,,,,,,,,,,32.5,31.4,10.5,6.5,35.3,35.5,39.0,38.9,37.1,49.0,47.7,48.7
2025-07-25 18:00:00,,,,,,,,,,,,,,,,,,,,32.5,31.4,10.5,6.5,35.3,35.5,39.0,38.9,37.1,49.0,47.7,48.6
2025-07-25 19:00:00,,,,,,,,,,,,,,,,,,,,32.4,31.3,10.4,6.5,35.2,35.5,39.0,38.9,37.1,49.0,47.7,48.6
2025-07-25 20:00:00,,,,,,,,,,,,,,,,,,,,32.5,31.3,10.5,6.5,35.2,35.5,39.0,38.9,37.0,49.0,47.7,48.6
2025-07-25 21:00:00,,,,,,,,,,,,,,,,,,,,32.4,31.3,10.5,6.5,35.2,35.5,38.9,38.9,37.0,48.9,47.7,48.6
2025-07-25 22:00:00,,,,,,,,,,,,,,,,,,,,32.4,31.3,10.5,6.5,35.2,35.4,38.9,38.8,37.0,48.9,47.7,48.6
2025-07-25 23:00:00,,,,,,,,,,,,,,,,,,,,32.4,31.3,10.5,6.5,35.2,35.4,38.9,38.8,37.0,48.9,47.7,48.5
2025-07-26 01:00:00,,,,,,,,,,,,,,,,,,,,32.4,31.3,10.4,6.5,35.2,35.4,38.9,38.7,37.0,48.9,47.7,48.5
2025-07-26 02:00:00,,,,,,,,,,,,,,,,,,,,32.3,31.3,10.4,6.5,35.2,35.4,38.9,38.7,37.0,48.9,47.7,48.5
2025-07-26 03:00:00,,,,,,,,,,,,,,,,,,,,32.3,31.2,10.4,6.5,35.1,35.4,38.9,38.7,37.0,48.9,47.7,48.5
2025-07-26 04:00:00,,,,,,,,,,,,,,,,,,,,32.3,31.2,10.5,6.5,35.1,35.3,38.9,38.7,37.0,48.9,47.6,48.5
2025-07-26 05:00:00,,,,,,,,,,,,,,,,,,,,32.3,31.2,10.4,6.5,35.1,35.3,38.8,38.7,37.0,48.9,47.6,48.5
2025-07-26 06:00:00,,,,,,,,,,,,,,,,,,,,32.4,31.2,10.4,6.5,35.1,35.3,38.8,38.7,37.0,48.9,47.6,48.5
2025-07-26 07:00:00,,,,,,,,,,,,,,,,,,,,32.3,31.2,10.4,6.5,35.1,35.3,38.8,38.7,37.0,48.8,47.6,48.5
2025-07-26 08:00:00,,,,,,,,,,,,,,,,,,,,32.2,31.2,10.4,6.5,35.1,35.3,38.8,38.7,37.0,48.8,47.6,48.5
2025-07-26 09:00:00,,,,,,,,,,,,,,,,,,,,32.2,31.1,10.4,6.5,35.1,35.3,38.8,38.7,37.0,48.8,47.6,48.5
2025-07-26 10:00:00,,,,,,,,,,,,,,,,,,,,32.2,31.1,10.4,6.5,35.1,35.3,38.7,38.7,37.0,48.7,47.6,48.5
2025-07-26 11:00:00,,,,,,,,,,,,,,,,,,,,32.1,31.1,10.4,6.5,35.1,35.2,38.7,38.7,37.0,48.7,47.6,48.5
2025-07-26 12:00:00,,,,,,,,,,,,,,,,,,,,31.9,31.0,10.4,6.5,35.0,35.1,38.7,38.7,36.9,48.7,47.6,48.5
2025-07-26 13:00:00,,,,,,,,,,,,,,,,,,,,31.8,31.0,10.4,6.5,34.9,35.1,38.7,38.7,36.9,48.7,47.6,48.4
2025-07-26 14:00:00,,,,,,,,,,,,,,,,,,,,31.8,31.0,10.4,6.5,34.9,35.1,38.7,38.6,36.9,48.7,47.6,48.4
2025-07-26 15:00:00,,,,,,,,,,,,,,,,,,,,31.7,31.0,10.4,6.5,34.8,35.1,38.7,38.6,36.9,48.6,47.6,48.4
2025-07-26 16:00:00,,,,,,,,,,,,,,,,,,,,31.7,30.9,10.3,6.5,34.8,35.1,38.6,38.6,36.9,48.6,47.6,48.4
2025-07-26 17:00:00,,,,,,,,,,,,,,,,,,,,31.6,30.9,10.4,6.5,34.8,35.0,38.6,38.6,36.9,48.6,47.6,48.4
2025-07-26 18:00:00,,,,,,,,,,,,,,,,,,,,31.6,30.8,10.3,6.5,34.8,35.0,38.6,38.6,36.8,48.6,47.6,48.3
2025-07-26 19:00:00,,,,,,,,,,,,,,,,,,,,31.6,30.8,10.3,6.5,34.8,35.0,38.6,38.6,36.8,48.6,47.6,48.3
2025-07-26 20:00:00,,,,,,,,,,,,,,,,,,,,31.5,30.8,10.4,6.5,34.8,35.0,38.6,38.5,36.8,48.6,47.6,48.3
2025-07-26 21:00:00,,,,,,,,,,,,,,,,,,,,31.5,30.8,10.4,6.5,34.8,35.0,38.6,38.5,36.8,48.6,47.6,48.3
2025-07-26 22:00:00,,,,,,,,,,,,,,,,,,,,31.5,30.8,10.4,6.5,34.7,35.0,38.5,38.5,36.8,48.6,47.6,48.3
2025-07-26 23:00:00,,,,,,,,,,,,,,,,,,,,31.5,30.7,10.3,6.5,34.7,35.0,38.5,38.5,36.8,48.6,47.6,48.3
2025-07-27 01:00:00,,,,,,,,,,,,,,,,,,,,31.3,30.7,10.3,6.5,34.6,35.0,38.5,38.5,36.8,48.6,47.5,48.3
2025-07-27 02:00:00,,,,,,,,,,,,,,,,,,,,31.4,30.7,10.3,6.5,34.6,35.0,38.5,38.5,36.8,48.6,47.5,48.3
2025-07-27 03:00:00,,,,,,,,,,,,,,,,,,,,31.3,30.7,10.3,6.5,34.6,34.9,38.5,38.5,36.8,48.6,47.5,48.2
2025-07-27 04:00:00,,,,,,,,,,,,,,,,,,,,31.3,30.7,10.3,6.5,34.6,34.9,38.5,38.5,36.8,48.6,47.5,48.2
2025-07-27 05:00:00,,,,,,,,,,,,,,,,,,,,31.3,30.7,10.4,6.5,34.6,34.9,38.5,38.5,36.8,48.6,47.5,48.2
2025-07-27 06:00:00,,,,,,,,,,,,,,,,,,,,31.3,30.7,10.3,6.5,34.6,34.9,38.5,38.5,36.8,48.6,47.5,48.2
2025-07-27 07:00:00,,,,,,,,,,,,,,,,,,,,31.3,30.7,10.3,6.5,34.6,34.8,38.5,38.5,36.8,48.6,47.5,48.2
2025-07-27 08:00:00,,,,,,,,,,,,,,,,,,,,31.2,30.7,10.3,6.5,34.6,34.8,38.5,38.4,36.8,48.6,47.5,48.2
2025-07-27 09:00:00,,,,,,,,,,,,,,,,,,,,31.2,30.7,10.3,6.5,34.5,34.8,38.4,38.4,36.7,48.6,47.5,48.2
2025-07-27 10:00:00,,,,,,,,,,,,,,,,,,,,31.1,30.6,10.3,6.5,34.5,34.8,38.4,38.4,36.7,48.6,47.5,48.2
2025-07-27 11:00:00,,,,,,,,,,,,,,,,,,,,31.0,30.5,10.3,6.5,34.5,34.7,38.4,38.4,36.7,48.5,47.5,48.1
2025-07-27 12:00:00,,,,,,,,,,,,,,,,,,,,30.9,30.5,10.3,6.5,34.5,34.7,38.4,38.4,36.7,48.5,47.4,48.1
2025-07-27 13:00:00,,,,,,,,,,,,,,,,,,,,30.7,30.5,10.3,6.5,34.4,34.6,38.3,38.4,36.7,48.5,47.4,48.1
2025-07-27 14:00:00,,,,,,,,,,,,,,,,,,,,30.6,30.4,10.2,6.5,34.4,34.6,38.3,38.3,36.6,48.5,47.4,48.1
2025-07-27 15:00:00,,,,,,,,,,,,,,,,,,,,30.4,30.4,10.2,6.5,34.4,34.6,38.3,38.3,36.6,48.5,47.4,48.1
2025-07-27 16:00:00,,,,,,,,,,,,,,,,,,,,30.4,30.4,10.2,6.5,34.4,34.6,38.3,38.3,36.6,48.5,47.4,48.1
2025-07-27 17:00:00,,,,,,,,,,,,,,,,,,,,30.3,30.3,10.2,6.5,34.4,34.6,38.3,38.3,36.6,48.5,47.4,48.1
2025-07-27 18:00:00,,,,,,,,,,,,,,,,,,,,30.3,30.3,10.2,6.4,34.3,34.6,38.3,38.3,36.6,48.5,47.4,48.1
2025-07-27 19:00:00,,,,,,,,,,,,,,,,,,,,30.2,30.2,10.2,6.4,34.3,34.6,38.2,38.3,36.6,48.5,47.4,48.1
2025-07-27 20:00:00,,,,,,,,,,,,,,,,,,,,30.2,30.2,10.2,6.4,34.3,34.6,38.2,38.3,36.6,48.5,47.4,48.1
2025-07-27 21:00:00,,,,,,,,,,,,,,,,,,,,30.2,30.2,10.2,6.4,34.3,34.5,38.2,38.3,36.6,48.5,47.4,48.1
2025-07-27 22:00:00,,,,,,,,,,,,,,,,,,,,30.1,30.2,10.2,6.4,34.3,34.5,38.2,38.3,36.6,48.5,47.4,48.1
2025-07-27 23:00:00,,,,,,,,,,,,,,,,,,,,30.2,30.2,10.2,6.4,34.3,34.5,38.2,38.3,36.6,48.5,47.4,48.1
2025-07-28 01:00:00,,,,,,,,,,,,,,,,,,,,30.2,30.2,10.2,6.4,34.1,34.5,38.1,38.3,36.6,48.5,47.4,48.1
2025-07-28 02:00:00,,,,,,,,,,,,,,,,,,,,30.1,30.1,10.2,6.4,34.2,34.5,38.1,38.2,36.6,48.5,47.4,48.1
2025-07-28 03:00:00,,,,,,,,,,,,,,,,,,,,30.1,30.1,10.2,6.4,34.2,34.5,38.1,38.2,36.5,48.5,47.3,48.1
2025-07-28 04:00:00,,,,,,,,,,,,,,,,,,,,30.1,30.1,10.2,6.4,34.1,34.4,38.1,38.2,36.5,48.5,47.3,48.0
2025-07-28 05:00:00,,,,,,,,,,,,,,,,,,,,30.1,30.1,10.2,6.4,34.2,34.5,38.1,38.2,36.5,48.5,47.3,48.1
2025-07-28 06:00:00,,,,,,,,,,,,,,,,,,,,30.1,30.1,10.2,6.4,34.1,34.4,38.1,38.2,36.5,48.4,47.3,48.0
2025-07-28 07:00:00,,,,,,,,,,,,,,,,,,,,30.1,30.0,10.2,6.4,34.1,34.4,38.1,38.2,36.5,48.4,47.3,48.1
2025-07-28 08:00:00,,,,,,,,,,,,,,,,,,,,29.9,30.1,10.2,6.4,34.1,34.4,38.1,38.2,36.5,48.4,47.3,48.1
2025-07-28 09:00:00,,,,,,,,,,,,,,,,,,,,33.3,30.1,10.2,6.4,34.1,34.4,38.1,38.2,36.5,48.4,47.2,48.1
2025-07-28 10:00:00,,,,,,,,,,,,,,,,,,,,42.7,31.6,10.2,6.4,34.1,34.4,38.1,38.2,36.5,48.4,47.2,48.1
2025-07-28 11:00:00,,,,,,,,,,,,,,,,,,,,42.9,38.8,12.4,7.0,34.7,34.5,38.1,38.2,36.5,48.4,47.2,48.1
2025-07-28 12:00:00,,,,,,,,,,,,,,,,,,,,41.4,37.8,11.9,7.1,35.0,34.5,38.1,38.2,36.5,48.4,47.2,48.0
2025-07-28 13:00:00,,,,,,,,,,,,,,,,,,,,40.4,37.2,11.8,7.3,35.6,34.5,38.1,38.2,36.5,48.4,47.2,48.0
2025-07-28 14:00:00,,,,,,,,,,,,,,,,,,,,39.5,36.6,11.7,7.2,36.3,34.5,38.1,38.2,36.5,48.4,47.2,48.0
2025-07-28 15:00:00,,,,,,,,,,,,,,,,,,,,38.7,36.1,11.5,7.2,36.6,34.7,38.1,38.2,36.5,48.4,47.2,48.0
2025-07-28 16:00:00,,,,,,,,,,,,,,,,,,,,39.4,35.9,11.4,7.1,36.9,35.2,38.2,38.2,36.5,48.4,47.2,48.0
2025-07-28 17:00:00,,,,,,,,,,,,,,,,,,,,39.4,36.0,11.4,7.1,37.2,35.8,38.3,38.3,36.5,48.4,47.2,48.0
2025-07-28 18:00:00,,,,,,,,,,,,,,,,,,,,38.9,35.8,11.4,7.1,37.4,36.4,38.6,38.3,36.5,48.4,47.2,48.0
2025-07-28 19:00:00,,,,,,,,,,,,,,,,,,,,38.4,35.6,11.3,7.1,37.5,37.0,38.9,38.4,36.5,48.4,47.2,48.0
2025-07-28 20:00:00,,,,,,,,,,,,,,,,,,,,37.9,35.4,11.3,7.0,37.6,37.4,39.2,38.5,36.5,48.4,47.2,48.0
2025-07-28 21:00:00,,,,,,,,,,,,,,,,,,,,37.6,35.1,11.2,7.0,37.5,37.6,39.6,38.7,36.5,48.4,47.2,48.0
2025-07-28 22:00:00,,,,,,,,,,,,,,,,,,,,37.3,35.0,11.2,7.0,37.5,37.6,39.8,38.9,36.5,48.4,47.2,48.0
2025-07-28 23:00:00,,,,,,,,,,,,,,,,,,,,37.1,34.8,11.2,7.0,37.5,37.6,40.0,39.1,36.6,48.4,47.3,48.0
2025-07-29 01:00:00,,,,,,,,,,,,,,,,,,,,36.6,34.5,11.1,6.9,37.3,37.5,40.1,39.4,36.8,48.5,47.3,48.0
2025-07-29 02:00:00,,,,,,,,,,,,,,,,,,,,36.4,34.4,11.1,6.9,37.2,37.5,40.1,39.4,37.0,48.6,47.4,48.0
2025-07-29 03:00:00,,,,,,,,,,,,,,,,,,,,36.2,34.2,11.1,6.9,37.2,37.4,40.1,39.5,37.1,48.7,47.4,48.0
2025-07-29 04:00:00,,,,,,,,,,,,,,,,,,,,36.0,34.1,11.0,6.9,37.1,37.3,40.1,39.5,37.3,48.8,47.5,48.1
2025-07-29 05:00:00,,,,,,,,,,,,,,,,,,,,35.9,34.0,11.0,6.9,37.0,37.3,40.1,39.6,37.4,49.0,47.6,48.1
2025-07-29 06:00:00,,,,,,,,,,,,,,,,,,,,35.8,33.9,11.0,6.9,37.0,37.2,40.1,39.6,37.5,49.2,47.8,48.1
2025-07-29 07:00:00,,,,,,,,,,,,,,,,,,,,35.7,33.8,11.0,6.9,36.9,37.2,40.0,39.6,37.5,49.3,47.9,48.2
2025-07-29 08:00:00,,,,,,,,,,,,,,,,,,,,35.6,33.7,11.0,6.9,36.9,37.1,40.0,39.6,37.6,49.4,48.0,48.2
2025-07-29 09:00:00,,,,,,,,,,,,,,,,,,,,35.6,33.7,10.9,6.8,36.8,37.0,40.0,39.5,37.6,49.4,48.2,48.3
2025-07-29 10:00:00,,,,,,,,,,,,,,,,,,,,35.5,33.6,10.9,6.8,36.8,37.0,39.9,39.5,37.6,49.5,48.2,48.3
2025-07-29 11:00:00,,,,,,,,,,,,,,,,,,,,35.3,33.5,10.9,6.8,36.7,36.9,39.9,39.5,37.6,49.5,48.3,48.4
2025-07-29 12:00:00,,,,,,,,,,,,,,,,,,,,35.2,33.3,10.9,6.8,36.6,36.9,39.9,39.5,37.6,49.5,48.3,48.5
2025-07-29 13:00:00,,,,,,,,,,,,,,,,,,,,35.1,33.2,10.9,6.8,36.6,36.8,39.8,39.5,37.5,49.5,48.3,48.5
2025-07-29 14:00:00,,,,,,,,,,,,,,,,,,,,34.9,33.2,10.8,6.8,36.5,36.8,39.8,39.4,37.5,49.5,48.4,48.6
2025-07-29 15:00:00,,,,,,,,,,,,,,,,,,,,34.9,33.1,10.8,6.8,36.5,36.7,39.7,39.4,37.5,49.5,48.4,48.6
2025-07-29 16:00:00,,,,,,,,,,,,,,,,,,,,34.8,33.0,10.8,6.8,36.4,36.7,39.7,39.4,37.5,49.5,48.4,48.7
2025-07-29 17:00:00,,,,,,,,,,,,,,,,,,,,34.7,32.9,10.8,6.8,36.3,36.6,39.7,39.4,37.5,49.5,48.4,48.7
2025-07-29 18:00:00,,,,,,,,,,,,,,,,,,,,34.6,32.9,10.8,6.7,36.3,36.6,39.6,39.4,37.5,49.5,48.4,48.7
2025-07-29 19:00:00,,,,,,,,,,,,,,,,,,,,34.5,32.8,10.8,6.7,36.3,36.5,39.6,39.4,37.5,49.5,48.4,48.8
2025-07-29 20:00:00,,,,,,,,,,,,,,,,,,,,34.4,32.8,10.8,6.7,36.2,36.5,39.6,39.4,37.5,49.5,48.4,48.8
2025-07-29 21:00:00,,,,,,,,,,,,,,,,,,,,34.4,32.7,10.7,6.8,36.2,36.5,39.6,39.4,37.5,49.5,48.4,48.8
2025-07-29 22:00:00,,,,,,,,,,,,,,,,,,,,34.3,32.7,10.8,6.7,36.2,36.5,39.6,39.4,37.5,49.5,48.4,48.8
2025-07-29 23:00:00,,,,,,,,,,,,,,,,,,,,43.6,35.0,10.7,6.7,36.2,36.5,39.5,39.4,37.5,49.5,48.4,48.8
2025-07-30 01:00:00,,,,,,,,,,,,,,,,,,,,44.0,38.7,12.4,7.4,36.8,36.5,39.5,39.4,37.6,49.5,48.4,48.9
2025-07-30 02:00:00,,,,,,,,,,,,,,,,,,,,43.5,38.2,12.1,7.5,38.8,36.8,39.5,39.3,37.5,49.5,48.4,48.9
2025-07-30 03:00:00,,,,,,,,,,,,,,,,,,,,43.6,38.5,12.2,7.6,40.0,39.5,40.3,39.4,37.5,49.5,48.4,48.9
2025-07-30 04:00:00,,,,,,,,,,,,,,,,,,,,42.1,37.6,11.9,7.4,40.1,40.4,42.8,40.8,37.8,49.5,48.4,49.0
2025-07-30 05:00:00,,,,,,,,,,,,,,,,,,,,47.9,43.5,14.2,8.5,43.0,40.0,42.7,41.7,39.3,50.2,48.6,49.0
2025-07-30 06:00:00,,,,,,,,,,,,,,,,,,,,44.1,39.6,12.3,7.7,42.3,42.2,45.3,44.4,44.1,55.0,53.9,50.5
2025-07-30 07:00:00,,,,,,,,,,,,,,,,,,,,46.2,40.2,12.4,7.7,42.3,42.2,45.1,43.9,42.9,53.8,52.8,51.4
2025-07-30 08:00:00,,,,,,,,,,,,,,,,,,,,47.9,40.8,12.4,7.6,41.8,41.5,44.5,43.3,42.4,53.5,52.8,51.4
2025-07-30 09:00:00,,,,,,,,,,,,,,,,,,,,45.6,40.8,12.8,8.0,43.1,42.9,45.9,44.6,43.9,54.4,53.3,51.5
2025-07-30 10:00:00,,,,,,,,,,,,,,,,,,,,47.6,42.5,13.4,8.2,43.7,43.1,46.2,45.3,45.3,55.9,54.9,52.2
2025-07-30 11:00:00,,,,,,,,,,,,,,,,,,,,47.7,41.8,13.0,8.0,42.8,41.9,44.6,43.5,42.7,53.6,53.3,52.0
2025-07-30 12:00:00,,,,,,,,,,,,,,,,,,,,45.9,40.8,12.6,7.7,42.2,41.8,44.7,43.7,43.0,53.6,53.5,52.0
2025-07-30 13:00:00,,,,,,,,,,,,,,,,,,,,45.0,40.1,12.4,7.7,42.4,42.1,45.0,44.0,43.4,53.9,53.7,52.1
2025-07-30 14:00:00,,,,,,,,,,,,,,,,,,,,46.3,40.0,12.1,7.5,41.3,40.9,43.7,42.5,41.4,53.0,52.5,52.0
2025-07-30 15:00:00,,,,,,,,,,,,,,,,,,,,47.6,42.9,13.7,8.4,43.9,41.8,44.0,42.5,41.1,52.8,51.8,51.9
2025-07-30 16:00:00,,,,,,,,,,,,,,,,,,,,48.0,43.2,13.8,8.6,45.2,44.0,46.7,45.7,45.6,55.8,55.3,52.6
2025-07-30 17:00:00,,,,,,,,,,,,,,,,,,,,44.1,40.0,12.4,7.8,42.5,41.9,44.7,43.6,42.8,53.8,53.6,52.3
2025-07-30 18:00:00,,,,,,,,,,,,,,,,,,,,42.2,38.4,11.9,7.5,41.1,40.8,43.5,42.4,41.2,52.8,52.6,52.2
2025-07-30 19:00:00,,,,,,,,,,,,,,,,,,,,42.4,37.6,11.7,7.4,40.2,40.0,42.8,41.8,40.4,52.5,51.4,52.1
2025-07-30 20:00:00,,,,,,,,,,,,,,,,,,,,45.8,39.3,11.8,7.3,39.8,39.5,42.3,41.4,40.0,52.2,51.0,52.0
2025-07-30 21:00:00,,,,,,,,,,,,,,,,,,,,47.6,40.7,12.4,7.8,42.8,42.5,44.2,42.0,39.9,51.8,50.9,52.0
2025-07-30 22:00:00,,,,,,,,,,,,,,,,,,,,46.0,40.7,12.4,7.8,43.0,42.6,45.4,44.4,44.0,54.6,54.1,52.5
2025-07-30 23:00:00,,,,,,,,,,,,,,,,,,,,44.4,39.4,12.1,7.6,41.7,41.3,43.9,42.8,41.6,53.3,53.2,52.5
2025-07-31 01:00:00,,,,,,,,,,,,,,,,,,,,51.0,45.8,15.0,9.3,48.1,47.2,51.3,48.8,48.4,58.0,55.3,52.7
2025-07-31 02:00:00,,,,,,,,,,,,,,,,,,,,46.9,41.9,12.9,8.1,44.6,44.1,47.0,45.9,45.4,55.9,55.3,53.0
2025-07-31 03:00:00,,,,,,,,,,,,,,,,,,,,43.7,39.2,12.0,7.6,41.7,41.3,44.0,42.8,41.4,53.3,53.0,52.7
2025-07-31 04:00:00,,,,,,,,,,,,,,,,,,,,45.4,39.2,11.8,7.4,40.7,40.4,43.0,41.9,40.5,52.6,51.7,52.5
2025-07-31 05:00:00,,,,,,,,,,,,,,,,,,,,44.3,39.7,12.1,7.4,40.5,40.1,42.6,41.5,40.0,52.2,51.5,52.5
2025-07-31 06:00:00,,,,,,,,,,,,,,,,,,,,46.4,41.5,12.8,7.9,41.2,40.3,42.7,41.5,40.0,52.1,51.4,52.5
2025-07-31 07:00:00,,,,,,,,,,,,,,,,,,,,45.1,40.7,12.5,7.9,43.5,43.2,45.7,44.3,42.4,53.4,52.7,52.5
2025-07-31 08:00:00,,,,,,,,,,,,,,,,,,,,47.6,42.4,13.1,8.2,45.0,44.6,46.1,43.1,41.5,53.2,53.2,52.9
2025-07-31 09:00:00,,,,,,,,,,,,,,,,,,,,43.3,39.3,12.1,7.6,42.0,41.6,44.2,43.1,41.8,53.6,54.0,53.0
2025-07-31 10:00:00,,,,,,,,,,,,,,,,,,,,42.1,38.1,11.9,7.4,40.8,40.5,43.2,42.1,40.6,52.8,53.2,52.8
2025-07-31 11:00:00,,,,,,,,,,,,,,,,,,,,41.2,37.4,11.7,7.3,40.1,39.8,42.6,41.5,40.1,52.2,51.6,52.7
2025-07-31 12:00:00,,,,,,,,,,,,,,,,,,,,40.6,36.9,11.6,7.3,39.7,39.4,42.2,41.2,39.7,51.9,51.0,52.6
2025-07-31 13:00:00,,,,,,,,,,,,,,,,,,,,40.2,36.6,11.5,7.2,39.4,39.2,42.0,41.0,39.4,51.8,50.8,51.3
2025-07-31 14:00:00,,,,,,,,,,,,,,,,,,,,39.8,36.3,11.4,7.2,39.1,39.0,41.8,40.9,39.2,51.6,50.4,51.2
2025-07-31 15:00:00,,,,,,,,,,,,,,,,,,,,39.4,36.1,11.4,7.1,38.9,38.8,41.6,40.7,39.1,51.5,50.3,51.1
2025-07-31 16:00:00,,,,,,,,,,,,,,,,,,,,44.0,36.2,11.4,7.1,38.7,38.5,41.4,40.7,39.0,51.4,50.1,51.1
2025-07-31 17:00:00,,,,,,,,,,,,,,,,,,,,44.8,39.6,11.8,7.1,38.6,38.4,41.3,40.6,38.9,51.3,49.9,51.0
2025-07-31 18:00:00,,,,,,,,,,,,,,,,,,,,46.8,41.9,13.1,8.1,41.9,38.8,41.2,40.5,38.9,51.3,49.8,51.0
2025-07-31 19:00:00,,,,,,,,,,,,,,,,,,,,45.9,41.1,12.8,8.0,43.9,43.7,46.0,43.8,40.9,52.0,50.2,51.0
2025-07-31 20:00:00,,,,,,,,,,,,,,,,,,,,45.3,40.2,12.3,7.6,41.8,41.4,44.0,42.9,41.7,53.4,53.4,52.1
2025-07-31 21:00:00,,,,,,,,,,,,,,,,,,,,42.9,38.6,12.0,7.5,41.2,40.9,43.5,42.3,41.0,52.9,52.8,52.0
2025-07-31 22:00:00,,,,,,,,,,,,,,,,,,,,41.8,37.7,11.8,7.4,40.5,40.3,43.0,41.9,40.5,52.5,52.1,51.9
2025-07-31 23:00:00,,,,,,,,,,,,,,,,,,,,41.4,37.2,11.7,7.3,39.9,39.8,42.5,41.5,40.0,52.2,51.6,51.8
2025-08-01 01:00:00,,,,,,,,,,,,,,,,,,,,40.5,36.7,11.5,7.2,39.3,39.0,41.9,41.1,39.5,51.8,50.8,51.6
2025-08-01 02:00:00,,,,,,,,,,,,,,,,,,,,40.1,36.4,11.5,7.2,39.0,38.8,41.7,40.9,39.3,51.6,50.5,51.5
2025-08-01 03:00:00,,,,,,,,,,,,,,,,,,,,39.7,36.2,11.4,7.1,38.9,38.6,41.6,40.8,39.2,51.5,50.4,51.4
2025-08-01 04:00:00,,,,,,,,,,,,,,,,,,,,39.4,36.0,11.4,7.1,38.7,38.5,41.5,40.7,39.0,51.4,50.3,51.4
2025-08-01 05:00:00,,,,,,,,,,,,,,,,,,,,39.4,35.8,11.4,7.1,38.5,38.4,41.3,40.6,39.0,51.4,50.2,51.3
2025-08-01 06:00:00,,,,,,,,,,,,,,,,,,,,42.5,36.1,11.3,7.1,38.4,38.3,41.3,40.5,38.9,51.2,50.0,51.2
2025-08-01 07:00:00,,,,,,,,,,,,,,,,,,,,46.6,40.7,11.7,7.1,38.3,38.2,41.1,40.5,38.9,51.1,49.8,51.2
2025-08-01 08:00:00,,,,,,,,,,,,,,,,,,,,46.6,40.9,12.7,7.7,39.2,38.2,41.1,40.5,38.8,51.1,49.8,51.1
2025-08-01 09:00:00,,,,,,,,,,,,,,,,,,,,45.9,40.5,12.6,7.8,42.3,41.7,42.6,40.7,38.8,51.1,49.7,51.1
2025-08-01 10:00:00,,,,,,,,,,,,,,,,,,,,45.8,40.3,12.4,7.7,41.9,41.7,43.9,42.6,40.5,52.1,50.7,51.2
2025-08-01 11:00:00,,,,,,,,,,,,,,,,,,,,46.1,39.8,12.1,7.6,41.3,41.1,43.5,42.4,40.8,52.6,52.6,51.9
2025-08-01 12:00:00,,,,,,,,,,,,,,,,,,,,46.4,41.2,12.8,7.9,43.0,42.6,44.1,42.4,40.6,52.5,52.4,52.1
2025-08-01 13:00:00,,,,,,,,,,,,,,,,,,,,46.1,40.6,12.4,7.7,42.1,42.0,44.3,43.2,41.7,53.3,53.4,52.3
2025-08-01 14:00:00,,,,,,,,,,,,,,,,,,,,45.5,40.5,12.4,7.7,42.0,41.7,44.0,42.8,41.2,53.0,53.0,52.3
2025-08-01 15:00:00,,,,,,,,,,,,,,,,,,,,46.1,40.0,12.1,7.6,41.4,41.3,43.7,42.6,41.0,52.9,52.9,52.3
2025-08-01 16:00:00,,,,,,,,,,,,,,,,,,,,44.6,39.9,12.3,7.7,41.6,41.3,43.5,42.3,40.7,52.7,52.4,52.3
2025-08-01 17:00:00,,,,,,,,,,,,,,,,,,,,45.4,40.2,12.2,7.6,41.4,41.1,43.4,42.3,40.7,52.8,52.3,52.3
2025-08-01 18:00:00,,,,,,,,,,,,,,,,,,,,44.9,39.7,12.1,7.6,41.3,41.1,43.4,42.2,40.7,52.7,52.2,52.3
2025-08-01 19:00:00,,,,,,,,,,,,,,,,,,,,44.6,39.2,12.0,7.5,41.0,40.9,43.3,42.1,40.6,52.7,52.1,52.3
2025-08-01 20:00:00,,,,,,,,,,,,,,,,,,,,44.0,39.2,12.0,7.5,40.7,40.6,43.0,41.9,40.4,52.6,51.9,52.3
2025-08-01 21:00:00,,,,,,,,,,,,,,,,,,,,44.7,39.2,11.9,7.4,40.5,40.4,42.9,41.8,40.3,52.4,51.7,52.2
2025-08-01 22:00:00,,,,,,,,,,,,,,,,,,,,43.9,39.1,11.9,7.4,40.4,40.3,42.8,41.7,40.1,52.4,51.4,52.2
2025-08-01 23:00:00,,,,,,,,,,,,,,,,,,,,42.5,38.4,11.8,7.4,40.3,40.2,42.7,41.5,40.0,52.3,51.3,52.2
2025-08-02 01:00:00,,,,,,,,,,,,,,,,,,,,41.2,37.2,11.6,7.3,39.8,39.8,42.4,41.4,39.8,52.3,51.1,52.1
2025-08-02 02:00:00,,,,,,,,,,,,,,,,,,,,40.8,36.9,11.5,7.2,39.5,39.6,42.2,41.3,39.7,52.2,50.9,52.1
2025-08-02 03:00:00,,,,,,,,,,,,,,,,,,,,40.4,36.6,11.5,7.2,39.3,39.3,42.1,41.1,39.6,52.0,50.8,52.0
2025-08-02 04:00:00,,,,,,,,,,,,,,,,,,,,40.1,36.4,11.4,7.2,39.1,39.1,41.9,41.0,39.4,51.9,50.7,51.8
2025-08-02 05:00:00,,,,,,,,,,,,,,,,,,,,39.9,36.2,11.4,7.1,38.9,38.8,41.8,40.9,39.3,51.9,50.5,51.8
2025-08-02 06:00:00,,,,,,,,,,,,,,,,,,,,39.6,36.1,11.4,7.1,38.8,38.7,41.6,40.8,39.2,51.8,50.4,51.8
2025-08-02 07:00:00,,,,,,,,,,,,,,,,,,,,43.5,36.8,11.3,7.1,38.6,38.6,41.5,40.8,39.2,51.7,50.3,51.7
2025-08-02 08:00:00,,,,,,,,,,,,,,,,,,,,43.2,38.0,11.4,7.1,38.5,38.5,41.3,40.7,39.1,51.6,50.2,51.7
2025-08-02 09:00:00,,,,,,,,,,,,,,,,,,,,42.3,37.7,11.5,7.1,38.5,38.4,41.3,40.6,39.1,51.5,50.1,51.6
2025-08-02 10:00:00,,,,,,,,,,,,,,,,,,,,46.3,40.5,11.8,7.1,38.5,38.4,41.2,40.6,39.0,51.4,50.1,51.6
2025-08-02 11:00:00,,,,,,,,,,,,,,,,,,,,44.3,39.7,12.3,7.6,39.5,38.6,41.2,40.6,39.0,51.3,50.0,51.6
2025-08-02 12:00:00,,,,,,,,,,,,,,,,,,,,47.0,40.8,12.3,7.5,40.4,40.1,41.7,40.7,39.0,51.2,49.9,51.5
2025-08-02 13:00:00,,,,,,,,,,,,,,,,,,,,46.2,40.6,12.5,7.8,42.3,42.1,43.6,41.5,39.3,51.3,50.0,51.5
2025-08-02 14:00:00,,,,,,,,,,,,,,,,,,,,45.6,40.3,12.4,7.7,41.9,41.8,44.0,42.9,41.1,52.7,51.6,51.7
2025-08-02 15:00:00,,,,,,,,,,,,,,,,,,,,47.0,41.1,12.7,7.9,42.2,41.9,43.9,42.7,41.2,52.9,52.6,52.4
2025-08-02 16:00:00,,,,,,,,,,,,,,,,,,,,46.6,41.0,12.7,7.9,42.7,42.7,44.8,43.4,41.9,53.3,53.0,52.7
2025-08-02 17:00:00,,,,,,,,,,,,,,,,,,,,46.3,40.8,12.6,7.8,42.3,42.1,44.4,43.2,41.9,53.4,53.3,52.9
2025-08-02 18:00:00,,,,,,,,,,,,,,,,,,,,46.5,40.5,12.3,7.6,41.7,41.6,44.0,42.9,41.6,53.2,53.1,52.9
2025-08-02 19:00:00,,,,,,,,,,,,,,,,,,,,45.3,40.2,12.4,7.7,42.0,41.7,44.0,42.7,41.2,53.0,52.8,52.8
2025-08-02 20:00:00,,,,,,,,,,,,,,,,,,,,46.6,40.5,12.3,7.6,41.4,41.3,43.8,42.6,41.2,52.9,52.6,52.8
2025-08-02 21:00:00,,,,,,,,,,,,,,,,,,,,46.4,40.7,12.5,7.7,41.6,41.4,43.7,42.4,41.0,52.9,52.2,52.7
2025-08-02 22:00:00,,,,,,,,,,,,,,,,,,,,45.1,39.9,12.3,7.6,41.5,41.5,43.8,42.5,41.0,52.9,52.3,52.7
2025-08-02 23:00:00,,,,,,,,,,,,,,,,,,,,46.1,40.1,12.1,7.5,41.1,41.1,43.5,42.4,40.9,52.9,52.3,52.7
2025-08-03 01:00:00,,,,,,,,,,,,,,,,,,,,43.9,39.4,12.2,7.6,41.5,41.6,43.8,42.4,40.8,52.8,52.1,52.6
2025-08-03 02:00:00,,,,,,,,,,,,,,,,,,,,44.8,38.7,11.9,7.5,40.9,40.9,43.4,42.3,40.8,52.8,52.2,52.7
2025-08-03 03:00:00,,,,,,,,,,,,,,,,,,,,45.3,39.7,12.0,7.4,40.4,40.4,43.0,41.9,40.5,52.7,52.0,52.7
2025-08-03 04:00:00,,,,,,,,,,,,,,,,,,,,44.9,39.3,12.0,7.4,40.5,40.4,42.9,41.7,40.3,52.5,51.7,52.5
2025-08-03 05:00:00,,,,,,,,,,,,,,,,,,,,48.1,41.7,12.9,7.9,40.8,40.5,42.9,41.7,40.2,52.4,51.5,52.5
2025-08-03 06:00:00,,,,,,,,,,,,,,,,,,,,50.4,44.7,14.3,8.7,44.3,43.6,46.3,44.6,42.8,53.6,52.4,52.6
2025-08-03 07:00:00,,,,,,,,,,,,,,,,,,,,48.5,42.2,12.9,8.0,43.9,43.8,46.6,45.3,45.0,55.9,55.4,53.6
2025-08-03 08:00:00,,,,,,,,,,,,,,,,,,,,47.6,42.0,12.9,8.0,43.7,43.4,46.0,44.5,43.5,54.9,54.8,53.4
2025-08-03 09:00:00,,,,,,,,,,,,,,,,,,,,46.6,41.0,12.4,7.7,42.3,42.0,44.6,43.3,42.1,54.0,54.4,53.4
2025-08-03 10:00:00,,,,,,,,,,,,,,,,,,,,47.0,40.6,12.2,7.6,41.7,41.4,44.1,42.7,41.4,53.4,54.2,53.3
2025-08-03 11:00:00,,,,,,,,,,,,,,,,,,,,46.3,41.0,12.4,7.7,42.4,42.1,44.3,42.7,41.1,53.2,52.5,53.3
2025-08-03 12:00:00,,,,,,,,,,,,,,,,,,,,47.0,41.5,12.6,7.9,43.4,43.3,46.3,45.0,44.2,55.0,54.5,53.4
2025-08-03 13:00:00,,,,,,,,,,,,,,,,,,,,47.4,42.0,12.8,8.0,43.7,43.6,46.2,44.4,42.7,54.3,53.9,53.5
2025-08-03 14:00:00,,,,,,,,,,,,,,,,,,,,48.0,42.0,12.5,7.7,42.3,42.0,44.6,43.3,42.1,54.0,53.8,53.6
2025-08-03 15:00:00,,,,,,,,,,,,,,,,,,,,46.3,40.9,12.2,7.6,42.3,41.8,44.5,43.1,41.7,53.7,53.3,53.5
2025-08-03 16:00:00,,,,,,,,,,,,,,,,,,,,48.7,42.8,12.9,7.9,43.3,42.9,45.0,43.2,41.6,53.5,52.9,53.5
2025-08-03 17:00:00,,,,,,,,,,,,,,,,,,,,48.6,41.7,12.3,7.7,42.5,42.2,44.9,43.6,42.3,54.1,53.7,53.7
2025-08-03 18:00:00,,,,,,,,,,,,,,,,,,,,45.7,40.8,12.3,7.7,42.6,42.2,44.8,43.3,41.8,53.8,53.0,53.6
2025-08-03 19:00:00,,,,,,,,,,,,,,,,,,,,46.5,40.5,12.1,7.5,41.5,41.3,44.0,42.7,41.4,53.6,52.8,53.6
2025-08-03 20:00:00,,,,,,,,,,,,,,,,,,,,44.5,39.8,12.0,7.5,41.2,40.9,43.6,42.3,40.9,53.1,52.2,53.6
2025-08-03 21:00:00,,,,,,,,,,,,,,,,,,,,43.0,38.7,11.9,7.4,40.8,40.6,43.3,42.1,40.6,52.9,52.1,53.5
2025-08-03 22:00:00,,,,,,,,,,,,,,,,,,,,42.2,38.0,11.7,7.3,40.3,40.3,43.0,41.8,40.4,52.6,52.0,53.5
2025-08-03 23:00:00,,,,,,,,,,,,,,,,,,,,41.7,37.6,11.6,7.3,40.0,40.0,42.7,41.6,40.2,52.5,51.7,53.5
2025-08-04 01:00:00,,,,,,,,,,,,,,,,,,,,40.8,37.0,11.5,7.2,39.4,39.4,42.2,41.3,39.8,52.1,51.2,52.7
2025-08-04 02:00:00,,,,,,,,,,,,,,,,,,,,40.6,36.7,11.5,7.2,39.3,39.2,42.1,41.2,39.7,52.1,51.1,52.7
2025-08-04 03:00:00,,,,,,,,,,,,,,,,,,,,40.3,36.6,11.4,7.1,39.0,39.0,41.9,41.1,39.6,52.0,50.9,52.6
2025-08-04 04:00:00,,,,,,,,,,,,,,,,,,,,40.0,36.4,11.4,7.1,38.8,38.9,41.8,41.0,39.5,51.9,50.7,52.6
2025-08-04 05:00:00,,,,,,,,,,,,,,,,,,,,39.8,36.2,11.4,7.1,38.7,38.8,41.7,40.9,39.4,51.8,50.7,51.8
2025-08-04 06:00:00,,,,,,,,,,,,,,,,,,,,39.5,36.1,11.3,7.0,38.6,38.7,41.6,40.8,39.3,51.7,50.6,51.7
2025-08-04 07:00:00,,,,,,,,,,,,,,,,,,,,39.4,36.0,11.3,7.0,38.5,38.6,41.5,40.8,39.3,51.7,50.4,51.7
2025-08-04 08:00:00,,,,,,,,,,,,,,,,,,,,41.0,36.1,11.3,7.0,38.5,38.5,41.4,40.8,39.3,51.5,50.3,51.6
2025-08-04 09:00:00,,,,,,,,,,,,,,,,,,,,41.8,36.5,11.2,7.0,38.3,38.4,41.3,40.7,39.2,51.4,50.2,51.5
2025-08-04 10:00:00,,,,,,,,,,,,,,,,,,,,41.3,36.6,11.2,7.0,38.3,38.4,41.3,40.7,39.1,51.4,49.9,51.5
2025-08-04 11:00:00,,,,,,,,,,,,,,,,,,,,40.8,36.5,11.2,7.0,38.2,38.2,41.4,40.6,39.1,51.3,49.8,51.5
2025-08-04 12:00:00,,,,,,,,,,,,,,,,,,,,40.4,36.3,11.2,7.0,38.1,38.2,41.3,40.6,39.0,51.3,49.9,51.2
2025-08-04 13:00:00,,,,,,,,,,,,,,,,,,,,40.0,36.2,11.2,7.0,38.1,38.1,41.2,40.6,39.0,51.2,49.8,51.1
2025-08-04 14:00:00,,,,,,,,,,,,,,,,,,,,39.6,36.0,11.2,6.9,38.1,38.1,41.2,40.5,39.0,51.1,49.7,51.1
2025-08-04 15:00:00,,,,,,,,,,,,,,,,,,,,39.2,35.8,11.1,6.9,38.0,38.0,41.2,40.5,39.0,51.1,49.7,51.1
2025-08-04 16:00:00,,,,,,,,,,,,,,,,,,,,39.1,35.6,11.2,6.9,38.0,38.0,41.1,40.5,38.9,51.1,49.6,51.0
2025-08-04 17:00:00,,,,,,,,,,,,,,,,,,,,38.8,35.5,11.1,6.9,37.9,37.9,41.1,40.4,38.9,51.1,49.6,51.0
2025-08-04 18:00:00,,,,,,,,,,,,,,,,,,,,38.6,35.5,11.1,6.9,37.9,37.9,41.1,40.4,38.9,51.1,49.5,51.0
2025-08-04 19:00:00,,,,,,,,,,,,,,,,,,,,38.5,35.4,11.1,6.9,37.9,37.9,41.1,40.4,38.9,51.1,49.5,51.0
2025-08-04 20:00:00,,,,,,,,,,,,,,,,,,,,38.2,35.3,11.1,6.9,37.9,37.9,41.0,40.4,38.9,51.1,49.5,51.0
2025-08-04 21:00:00,,,,,,,,,,,,,,,,,,,,38.1,35.2,11.1,6.9,37.8,37.9,41.0,40.4,38.9,51.1,49.5,51.0
2025-08-04 22:00:00,,,,,,,,,,,,,,,,,,,,37.9,35.2,11.1,6.9,37.8,37.9,41.0,40.4,38.9,51.1,49.4,50.9
2025-08-04 23:00:00,,,,,,,,,,,,,,,,,,,,37.7,35.1,11.1,6.9,37.8,37.9,41.0,40.4,38.9,51.1,49.4,50.9
2025-08-05 01:00:00,,,,,,,,,,,,,,,,,,,,37.6,34.9,11.0,6.9,37.8,37.8,41.0,40.4,38.8,51.1,49.4,50.8
2025-08-05 02:00:00,,,,,,,,,,,,,,,,,,,,37.4,34.8,11.0,6.9,37.7,37.8,40.9,40.3,38.8,51.0,49.3,50.8
2025-08-05 03:00:00,,,,,,,,,,,,,,,,,,,,37.3,34.7,11.0,6.9,37.6,37.7,40.9,40.3,38.8,51.0,49.4,50.8
2025-08-05 04:00:00,,,,,,,,,,,,,,,,,,,,37.2,34.7,11.0,6.9,37.6,37.7,40.9,40.3,38.8,51.0,49.3,50.8
2025-08-05 05:00:00,,,,,,,,,,,,,,,,,,,,37.1,34.6,11.0,6.9,37.6,37.7,40.9,40.3,38.8,51.0,49.3,50.8
2025-08-05 06:00:00,,,,,,,,,,,,,,,,,,,,37.0,34.6,11.0,6.9,37.5,37.6,40.8,40.3,38.8,51.0,49.3,50.8
2025-08-05 07:00:00,,,,,,,,,,,,,,,,,,,,36.9,34.5,11.0,6.9,37.5,37.6,40.8,40.3,38.7,51.0,49.3,50.8
2025-08-05 08:00:00,,,,,,,,,,,,,,,,,,,,36.8,34.4,10.9,6.9,37.4,37.5,40.8,40.2,38.7,51.0,49.2,50.8
2025-08-05 09:00:00,,,,,,,,,,,,,,,,,,,,36.8,34.3,10.9,6.8,37.4,37.5,40.8,40.2,38.7,50.9,49.2,50.8
2025-08-05 10:00:00,,,,,,,,,,,,,,,,,,,,36.6,34.2,10.9,6.8,37.4,37.5,40.8,40.2,38.6,50.9,49.2,50.7
2025-08-05 11:00:00,,,,,,,,,,,,,,,,,,,,36.4,34.1,10.9,6.8,37.3,37.4,40.7,40.2,38.6,50.8,49.2,50.7
2025-08-05 12:00:00,,,,,,,,,,,,,,,,,,,,36.2,34.0,10.9,6.8,37.2,37.4,40.7,40.1,38.6,50.8,49.1,50.7
2025-08-05 13:00:00,,,,,,,,,,,,,,,,,,,,36.0,33.9,10.9,6.8,37.2,37.3,40.7,40.1,38.5,50.8,49.1,50.7
2025-08-05 14:00:00,,,,,,,,,,,,,,,,,,,,35.8,33.7,10.9,6.8,37.1,37.3,40.6,40.1,38.5,50.8,49.1,50.7
2025-08-05 15:00:00,,,,,,,,,,,,,,,,,,,,35.5,33.7,10.8,6.8,37.1,37.3,40.6,40.1,38.5,50.7,49.1,50.6
2025-08-05 16:00:00,,,,,,,,,,,,,,,,,,,,35.4,33.5,10.8,6.8,37.1,37.2,40.6,40.1,38.5,50.7,49.1,50.6
2025-08-05 17:00:00,,,,,,,,,,,,,,,,,,,,35.2,33.5,10.8,6.8,37.0,37.2,40.6,40.1,38.4,50.7,49.1,50.6
2025-08-05 18:00:00,,,,,,,,,,,,,,,,,,,,35.2,33.4,10.8,6.8,37.0,37.1,40.6,40.1,38.4,50.7,49.1,50.6
2025-08-05 19:00:00,,,,,,,,,,,,,,,,,,,,35.1,33.4,10.8,6.7,36.9,37.1,40.5,40.0,38.4,50.6,49.1,50.6
2025-08-05 20:00:00,,,,,,,,,,,,,,,,,,,,35.0,33.3,10.8,6.7,36.9,37.1,40.5,40.0,38.4,50.6,49.1,50.6
2025-08-05 21:00:00,,,,,,,,,,,,,,,,,,,,35.1,33.3,10.8,6.8,36.9,37.0,40.5,40.0,38.4,50.5,49.1,50.6
2025-08-05 22:00:00,,,,,,,,,,,,,,,,,,,,34.9,33.2,10.8,6.8,36.9,37.0,40.5,40.0,38.4,50.5,49.0,50.6
2025-08-05 23:00:00,,,,,,,,,,,,,,,,,,,,34.9,33.2,10.8,6.8,36.9,37.0,40.5,40.0,38.3,50.5,49.0,50.5
2025-08-06 01:00:00,,,,,,,,,,,,,,,,,,,,34.8,33.1,10.8,6.7,36.8,37.0,40.4,40.0,38.3,50.4,49.0,50.5
2025-08-06 02:00:00,,,,,,,,,,,,,,,,,,,,34.8,33.1,10.8,6.7,36.7,36.9,40.4,39.9,38.3,50.4,49.0,50.5
2025-08-06 03:00:00,,,,,,,,,,,,,,,,,,,,34.7,33.0,10.8,6.7,36.7,36.9,40.3,39.9,38.3,50.4,49.0,50.5
2025-08-06 04:00:00,,,,,,,,,,,,,,,,,,,,34.7,33.0,10.7,6.7,36.7,36.9,40.3,39.9,38.3,50.4,49.0,50.5
2025-08-06 05:00:00,,,,,,,,,,,,,,,,,,,,34.6,32.9,10.7,6.7,36.7,36.8,40.3,39.9,38.3,50.4,49.0,50.5
2025-08-06 06:00:00,,,,,,,,,,,,,,,,,,,,34.5,32.9,10.7,6.7,36.6,36.8,40.3,39.9,38.3,50.3,49.0,50.5
2025-08-06 07:00:00,,,,,,,,,,,,,,,,,,,,34.5,32.9,10.7,6.7,36.6,36.8,40.3,39.9,38.2,50.3,48.9,50.5
2025-08-06 08:00:00,,,,,,,,,,,,,,,,,,,,34.5,32.9,10.7,6.7,36.6,36.8,40.3,39.9,38.2,50.3,49.0,50.5
2025-08-06 09:00:00,,,,,,,,,,,,,,,,,,,,34.3,32.8,10.7,6.7,36.5,36.8,40.3,39.9,38.2,50.3,48.9,50.5
2025-08-06 10:00:00,,,,,,,,,,,,,,,,,,,,34.3,32.8,10.7,6.7,36.5,36.7,40.2,39.9,38.2,50.2,48.9,50.5
2025-08-06 11:00:00,,,,,,,,,,,,,,,,,,,,34.0,32.7,10.7,6.7,36.5,36.7,40.1,39.8,38.1,50.2,48.8,50.5
2025-08-06 12:00:00,,,,,,,,,,,,,,,,,,,,33.8,32.6,10.7,6.7,36.5,36.7,40.2,39.8,38.1,50.1,48.8,50.4
2025-08-06 13:00:00,,,,,,,,,,,,,,,,,,,,33.7,32.5,10.6,6.7,36.4,36.7,40.1,39.8,38.1,50.1,48.8,50.4
2025-08-06 14:00:00,,,,,,,,,,,,,,,,,,,,33.5,32.5,10.6,6.7,36.4,36.7,40.1,39.7,38.1,50.1,48.8,50.4
2025-08-06 15:00:00,,,,,,,,,,,,,,,,,,,,33.4,32.4,10.6,6.7,36.3,36.6,40.1,39.7,38.1,50.1,48.8,50.4
2025-08-06 16:00:00,,,,,,,,,,,,,,,,,,,,33.4,32.4,10.6,6.7,36.3,36.6,40.1,39.7,38.1,50.1,48.7,50.4
2025-08-06 17:00:00,,,,,,,,,,,,,,,,,,,,33.3,32.3,10.7,6.7,36.3,36.5,40.1,39.7,38.1,50.1,48.8,50.4
2025-08-06 18:00:00,,,,,,,,,,,,,,,,,,,,33.2,32.2,10.6,6.6,36.3,36.5,40.1,39.7,38.1,50.1,48.7,50.4
2025-08-06 19:00:00,,,,,,,,,,,,,,,,,,,,33.2,32.2,10.7,6.7,36.3,36.5,40.0,39.7,38.1,50.1,48.7,50.3
2025-08-06 20:00:00,,,,,,,,,,,,,,,,,,,,33.1,32.2,10.7,6.7,36.2,36.5,40.0,39.7,38.1,50.1,48.7,50.3
2025-08-06 21:00:00,,,,,,,,,,,,,,,,,,,,33.1,32.2,10.6,6.7,36.2,36.4,40.0,39.7,38.1,50.1,48.7,50.3
2025-08-06 22:00:00,,,,,,,,,,,,,,,,,,,,33.2,32.1,10.6,6.6,36.2,36.4,39.9,39.7,38.1,50.1,48.7,50.3
2025-08-06 23:00:00,,,,,,,,,,,,,,,,,,,,33.1,32.1,10.6,6.6,36.2,36.3,39.9,39.7,38.0,50.1,48.7,50.3
2025-08-07 01:00:00,,,,,,,,,,,,,,,,,,,,33.1,32.1,10.6,6.7,36.1,36.3,39.9,39.7,38.0,50.1,48.7,50.3
2025-08-07 02:00:00,,,,,,,,,,,,,,,,,,,,33.0,32.1,10.6,6.7,36.0,36.3,39.9,39.7,38.0,50.1,48.7,50.3
2025-08-07 03:00:00,,,,,,,,,,,,,,,,,,,,33.0,32.0,10.6,6.7,36.0,36.3,39.9,39.6,38.0,50.1,48.7,50.3
2025-08-07 04:00:00,,,,,,,,,,,,,,,,,,,,33.0,32.0,10.6,6.7,36.0,36.3,39.9,39.6,38.0,50.1,48.7,50.3
2025-08-07 05:00:00,,,,,,,,,,,,,,,,,,,,32.9,32.0,10.6,6.6,36.0,36.3,39.9,39.6,38.0,50.1,48.7,50.2
2025-08-07 06:00:00,,,,,,,,,,,,,,,,,,,,32.8,31.9,10.6,6.7,36.0,36.3,39.9,39.6,38.0,50.0,48.7,50.2
2025-08-07 07:00:00,,,,,,,,,,,,,,,,,,,,32.8,32.0,10.6,6.6,36.0,36.3,39.9,39.6,38.0,50.0,48.7,50.2
2025-08-07 08:00:00,,,,,,,,,,,,,,,,,,,,32.8,31.9,10.6,6.6,35.9,36.2,39.8,39.6,38.0,50.0,48.6,50.2
2025-08-07 09:00:00,,,,,,,,,,,,,,,,,,,,32.8,31.9,10.6,6.6,35.9,36.2,39.8,39.6,37.9,49.9,48.6,50.2
2025-08-07 10:00:00,,,,,,,,,,,,,,,,,,,,32.5,31.8,10.6,6.6,35.8,36.2,39.8,39.6,37.9,49.9,48.6,50.2
2025-08-07 11:00:00,,,,,,,,,,,,,,,,,,,,32.4,31.8,10.5,6.6,35.8,36.1,39.8,39.5,37.9,49.9,48.5,50.2
2025-08-07 12:00:00,,,,,,,,,,,,,,,,,,,,32.1,31.7,10.5,6.6,35.7,36.0,39.8,39.5,37.8,49.8,48.4,50.2
2025-08-07 13:00:00,,,,,,,,,,,,,,,,,,,,31.8,31.6,10.5,6.6,35.7,36.0,39.7,39.5,37.8,49.8,48.4,50.2
2025-08-07 14:00:00,,,,,,,,,,,,,,,,,,,,31.6,31.5,10.5,6.6,35.7,35.9,39.7,39.5,37.8,49.8,48.4,50.2
2025-08-07 15:00:00,,,,,,,,,,,,,,,,,,,,31.4,31.5,10.5,6.5,35.6,35.9,39.6,39.4,37.8,49.8,48.4,50.2
2025-08-07 16:00:00,,,,,,,,,,,,,,,,,,,,31.3,31.4,10.5,6.5,35.6,35.9,39.6,39.4,37.8,49.8,48.4,50.2
2025-08-07 17:00:00,,,,,,,,,,,,,,,,,,,,31.2,31.4,10.5,6.6,35.6,35.9,39.6,39.5,37.8,49.8,48.4,50.2
2025-08-07 18:00:00,,,,,,,,,,,,,,,,,,,,31.2,31.3,10.5,6.6,35.6,35.9,39.6,39.4,37.8,49.8,48.4,50.1
2025-08-07 19:00:00,,,,,,,,,,,,,,,,,,,,31.2,31.3,10.5,6.6,35.5,35.8,39.6,39.4,37.8,49.7,48.3,50.1
2025-08-07 20:00:00,,,,,,,,,,,,,,,,,,,,31.1,31.3,10.5,6.6,35.5,35.8,39.6,39.4,37.8,49.7,48.3,50.1
2025-08-07 21:00:00,,,,,,,,,,,,,,,,,,,,31.0,31.3,10.5,6.6,35.5,35.8,39.6,39.4,37.7,49.7,48.3,50.1
2025-08-07 22:00:00,,,,,,,,,,,,,,,,,,,,31.0,31.2,10.5,6.6,35.5,35.8,39.6,39.4,37.7,49.7,48.3,50.1
2025-08-07 23:00:00,,,,,,,,,,,,,,,,,,,,31.0,31.2,10.5,6.6,35.5,35.8,39.6,39.4,37.7,49.7,48.3,50.1
2025-08-08 01:00:00,,,,,,,,,,,,,,,,,,,,31.0,31.1,10.5,6.6,35.4,35.7,39.5,39.4,37.6,49.7,48.3,50.0
2025-08-08 02:00:00,,,,,,,,,,,,,,,,,,,,30.9,31.1,10.5,6.6,35.4,35.7,39.5,39.4,37.6,49.7,48.3,50.0
2025-08-08 03:00:00,,,,,,,,,,,,,,,,,,,,30.9,31.1,10.4,6.6,35.4,35.7,39.4,39.4,37.6,49.7,48.3,50.0
2025-08-08 04:00:00,,,,,,,,,,,,,,,,,,,,30.9,31.1,10.4,6.6,35.4,35.7,39.4,39.4,37.6,49.7,48.3,50.0
2025-08-08 05:00:00,,,,,,,,,,,,,,,,,,,,30.8,31.1,10.5,6.6,35.4,35.7,39.4,39.4,37.6,49.7,48.3,50.0
2025-08-08 06:00:00,,,,,,,,,,,,,,,,,,,,30.9,31.0,10.5,6.6,35.3,35.7,39.4,39.4,37.6,49.7,48.3,49.9
2025-08-08 07:00:00,,,,,,,,,,,,,,,,,,,,30.9,31.0,10.5,6.6,35.3,35.7,39.4,39.4,37.6,49.7,48.3,49.7
2025-08-08 08:00:00,,,,,,,,,,,,,,,,,,,,30.8,31.0,10.4,6.6,35.3,35.6,39.4,39.4,37.5,49.6,48.3,49.7
2025-08-08 09:00:00,,,,,,,,,,,,,,,,,,,,30.6,31.0,10.4,6.6,35.3,35.6,39.4,39.3,37.5,49.6,48.3,49.7
2025-08-08 10:00:00,,,,,,,,,,,,,,,,,,,,30.4,30.9,10.4,6.6,35.2,35.6,39.4,39.3,37.5,49.5,48.2,49.6
2025-08-08 11:00:00,,,,,,,,,,,,,,,,,,,,30.1,30.9,10.4,6.6,35.2,35.5,39.3,39.3,37.5,49.5,48.2,49.6
2025-08-08 12:00:00,,,,,,,,,,,,,,,,,,,,29.8,30.8,10.4,6.6,35.1,35.4,39.3,39.3,37.4,49.5,48.2,49.6
2025-08-08 13:00:00,,,,,,,,,,,,,,,,,,,,29.6,30.8,10.4,6.6,35.1,35.4,39.2,39.3,37.4,49.5,48.2,49.6
2025-08-08 14:00:00,,,,,,,,,,,,,,,,,,,,29.4,30.6,10.4,6.6,35.0,35.4,39.2,39.3,37.4,49.4,48.2,49.6
2025-08-08 15:00:00,,,,,,,,,,,,,,,,,,,,29.2,30.6,10.4,6.6,35.0,35.4,39.2,39.2,37.4,49.4,48.2,49.6
2025-08-08 16:00:00,,,,,,,,,,,,,,,,,,,,29.0,30.5,10.3,6.6,35.0,35.3,39.2,39.2,37.3,49.4,48.1,49.6
2025-08-08 17:00:00,,,,,,,,,,,,,,,,,,,,29.0,30.5,10.3,6.5,35.0,35.3,39.2,39.2,37.3,49.4,48.1,49.5
2025-08-08 18:00:00,,,,,,,,,,,,,,,,,,,,28.9,30.4,10.3,6.5,35.0,35.3,39.2,39.2,37.3,49.5,48.1,49.5
2025-08-08 19:00:00,,,,,,,,,,,,,,,,,,,,28.9,30.4,10.3,6.5,34.9,35.3,39.2,39.2,37.3,49.5,48.1,49.5
2025-08-08 20:00:00,,,,,,,,,,,,,,,,,,,,28.8,30.3,10.3,6.5,34.9,35.3,39.2,39.2,37.3,49.4,48.1,49.5
2025-08-08 21:00:00,,,,,,,,,,,,,,,,,,,,28.8,30.3,10.3,6.5,34.9,35.3,39.1,39.2,37.3,49.5,48.1,49.5
2025-08-08 22:00:00,,,,,,,,,,,,,,,,,,,,28.8,30.3,10.3,6.5,34.9,35.3,39.1,39.1,37.3,49.4,48.1,49.5
2025-08-08 23:00:00,,,,,,,,,,,,,,,,,,,,28.7,30.3,10.3,6.5,34.8,35.2,39.1,39.1,37.3,49.4,48.1,49.5
2025-08-09 01:00:00,,,,,,,,,,,,,,,,,,,,28.7,30.3,10.3,6.5,34.8,35.2,39.1,39.1,37.3,49.4,48.1,49.5
2025-08-09 02:00:00,,,,,,,,,,,,,,,,,,,,28.7,30.2,10.3,6.5,34.8,35.2,39.1,39.1,37.3,49.4,48.1,49.5
2025-08-09 03:00:00,,,,,,,,,,,,,,,,,,,,28.7,30.2,10.3,6.5,34.8,35.1,39.1,39.1,37.3,49.4,48.1,49.5
2025-08-09 04:00:00,,,,,,,,,,,,,,,,,,,,28.7,30.2,10.3,6.5,34.8,35.1,39.1,39.1,37.3,49.4,48.0,49.5
2025-08-09 05:00:00,,,,,,,,,,,,,,,,,,,,28.6,30.2,10.3,6.5,34.8,35.1,39.1,39.1,37.2,49.4,48.0,49.5
2025-08-09 06:00:00,,,,,,,,,,,,,,,,,,,,28.7,30.1,10.3,6.5,34.8,35.1,39.1,39.1,37.2,49.4,48.0,49.5
2025-08-09 07:00:00,,,,,,,,,,,,,,,,,,,,28.6,30.1,10.3,6.5,34.7,35.1,39.0,39.1,37.2,49.4,48.0,49.5
2025-08-09 08:00:00,,,,,,,,,,,,,,,,,,,,28.6,30.1,10.3,6.5,34.7,35.1,39.0,39.1,37.2,49.4,48.0,49.5
2025-08-09 09:00:00,,,,,,,,,,,,,,,,,,,,28.5,30.1,10.3,6.5,34.6,35.1,39.0,39.0,37.2,49.4,48.0,49.5
2025-08-09 10:00:00,,,,,,,,,,,,,,,,,,,,28.1,30.0,10.3,6.4,34.6,35.0,39.0,39.0,37.2,49.3,47.9,49.5
2025-08-09 11:00:00,,,,,,,,,,,,,,,,,,,,27.9,29.9,10.2,6.4,34.5,35.0,39.0,39.0,37.1,49.3,47.9,49.5
2025-08-09 12:00:00,,,,,,,,,,,,,,,,,,,,27.6,29.9,10.2,6.4,34.5,34.9,39.0,39.0,37.1,49.2,47.9,49.4
2025-08-09 13:00:00,,,,,,,,,,,,,,,,,,,,27.3,29.8,10.2,6.4,34.4,34.9,39.0,39.0,37.0,49.2,47.9,49.4
2025-08-09 14:00:00,,,,,,,,,,,,,,,,,,,,27.0,29.7,10.2,6.4,34.4,34.8,38.9,39.0,37.0,49.2,47.8,49.4
2025-08-09 15:00:00,,,,,,,,,,,,,,,,,,,,26.7,29.6,10.1,6.4,34.3,34.8,38.9,39.0,37.0,49.2,47.8,49.3
2025-08-09 16:00:00,,,,,,,,,,,,,,,,,,,,26.5,29.5,10.1,6.4,34.3,34.8,38.9,39.0,37.0,49.2,47.8,49.3
2025-08-09 17:00:00,,,,,,,,,,,,,,,,,,,,26.4,29.5,10.2,6.4,34.3,34.8,38.9,38.9,37.0,49.2,47.8,49.3
2025-08-09 18:00:00,,,,,,,,,,,,,,,,,,,,26.3,29.4,10.1,6.4,34.3,34.8,38.9,38.9,37.0,49.2,47.8,49.2
2025-08-09 19:00:00,,,,,,,,,,,,,,,,,,,,26.3,29.4,10.2,6.4,34.3,34.8,38.8,38.9,37.0,49.2,47.8,49.2
2025-08-09 20:00:00,,,,,,,,,,,,,,,,,,,,26.3,29.4,10.1,6.4,34.3,34.8,38.8,38.9,37.0,49.2,47.8,49.2
2025-08-09 21:00:00,,,,,,,,,,,,,,,,,,,,26.3,29.3,10.1,6.4,34.3,34.8,38.8,38.9,37.0,49.2,47.8,49.2
2025-08-09 22:00:00,,,,,,,,,,,,,,,,,,,,26.3,29.3,10.1,6.4,34.3,34.8,38.8,38.9,37.0,49.2,47.8,49.2
2025-08-09 23:00:00,,,,,,,,,,,,,,,,,,,,26.3,29.3,10.2,6.4,34.2,34.7,38.8,38.9,37.0,49.2,47.8,49.2
2025-08-10 01:00:00,,,,,,,,,,,,,,,,,,,,26.2,29.2,10.2,6.4,34.2,34.7,38.7,38.8,37.0,49.2,47.8,49.2
2025-08-10 02:00:00,,,,,,,,,,,,,,,,,,,,26.2,29.2,10.2,6.4,34.2,34.7,38.7,38.8,37.0,49.2,47.7,49.2
2025-08-10 03:00:00,,,,,,,,,,,,,,,,,,,,26.2,29.2,10.1,6.4,34.2,34.7,38.7,38.8,37.0,49.2,47.7,49.2
2025-08-10 04:00:00,,,,,,,,,,,,,,,,,,,,26.2,29.1,10.1,6.4,34.2,34.7,38.7,38.8,37.0,49.2,47.7,49.2
2025-08-10 05:00:00,,,,,,,,,,,,,,,,,,,,26.2,29.1,10.1,6.4,34.2,34.7,38.7,38.8,37.0,49.2,47.7,49.2
2025-08-10 06:00:00,,,,,,,,,,,,,,,,,,,,26.1,29.1,10.1,6.4,34.2,34.6,38.7,38.8,37.0,49.2,47.7,49.2
2025-08-10 07:00:00,,,,,,,,,,,,,,,,,,,,26.2,29.1,10.1,6.4,34.1,34.6,38.7,38.8,36.9,49.1,47.7,49.2
2025-08-10 08:00:00,,,,,,,,,,,,,,,,,,,,26.1,29.1,10.2,6.4,34.1,34.6,38.7,38.8,36.9,49.1,47.7,49.2
2025-08-10 09:00:00,,,,,,,,,,,,,,,,,,,,26.0,29.0,10.1,6.4,34.1,34.6,38.7,38.8,36.8,49.1,47.7,49.2
2025-08-10 10:00:00,,,,,,,,,,,,,,,,,,,,25.7,29.0,10.1,6.3,34.1,34.5,38.6,38.8,36.8,49.0,47.7,49.1
2025-08-10 11:00:00,,,,,,,,,,,,,,,,,,,,25.5,28.8,10.1,6.3,34.0,34.4,38.6,38.7,36.8,49.0,47.7,49.1
2025-08-10 12:00:00,,,,,,,,,,,,,,,,,,,,25.2,28.7,10.1,6.3,33.9,34.4,38.6,38.7,36.8,49.0,47.6,49.1
2025-08-10 13:00:00,,,,,,,,,,,,,,,,,,,,24.9,28.6,10.0,6.3,33.8,34.3,38.5,38.7,36.7,49.0,47.6,49.1
2025-08-10 14:00:00,,,,,,,,,,,,,,,,,,,,24.6,28.6,10.0,6.3,33.8,34.2,38.5,38.6,36.7,48.9,47.6,49.1
2025-08-10 15:00:00,,,,,,,,,,,,,,,,,,,,24.4,28.5,10.0,6.3,33.8,34.0,38.5,38.6,36.7,48.9,47.6,49.1
2025-08-10 16:00:00,,,,,,,,,,,,,,,,,,,,24.3,28.4,9.9,6.3,33.7,33.9,38.5,38.6,36.6,48.9,47.6,49.1
2025-08-10 17:00:00,,,,,,,,,,,,,,,,,,,,24.2,28.2,9.9,6.3,33.7,33.9,38.5,38.5,36.7,48.9,47.5,49.1
2025-08-10 18:00:00,,,,,,,,,,,,,,,,,,,,24.1,28.2,10.0,6.3,33.7,33.9,38.5,38.5,36.7,48.9,47.5,49.1
2025-08-10 19:00:00,,,,,,,,,,,,,,,,,,,,24.1,28.1,9.9,6.3,33.7,33.9,38.5,38.5,36.7,48.9,47.6,49.0
2025-08-10 20:00:00,,,,,,,,,,,,,,,,,,,,24.1,28.1,9.9,6.3,33.7,33.9,38.4,38.5,36.7,48.9,47.5,49.0
2025-08-10 21:00:00,,,,,,,,,,,,,,,,,,,,24.1,28.0,9.9,6.4,33.7,33.9,38.4,38.5,36.6,48.9,47.5,49.0
2025-08-10 22:00:00,,,,,,,,,,,,,,,,,,,,24.0,28.0,9.9,6.4,33.6,33.9,38.4,38.5,36.6,48.9,47.5,49.0
2025-08-10 23:00:00,,,,,,,,,,,,,,,,,,,,24.1,28.0,9.9,6.4,33.6,33.9,38.4,38.4,36.6,48.9,47.5,49.0
2025-08-11 01:00:00,,,,,,,,,,,,,,,,,,,,24.1,28.0,9.9,6.4,33.7,33.8,38.4,38.4,36.6,48.9,47.5,49.0
2025-08-11 02:00:00,,,,,,,,,,,,,,,,,,,,24.0,28.0,9.9,6.5,33.6,33.8,38.4,38.4,36.6,49.0,47.5,49.0
2025-08-11 03:00:00,,,,,,,,,,,,,,,,,,,,24.0,27.9,9.9,6.4,33.6,33.8,38.4,38.4,36.6,48.9,47.5,49.0
2025-08-11 04:00:00,,,,,,,,,,,,,,,,,,,,24.0,28.0,9.9,6.5,33.7,33.8,38.4,38.4,36.6,48.9,47.5,49.0
2025-08-11 05:00:00,,,,,,,,,,,,,,,,,,,,24.0,27.9,9.9,6.4,33.6,33.8,38.3,38.4,36.6,48.9,47.5,49.0
2025-08-11 06:00:00,,,,,,,,,,,,,,,,,,,,24.0,27.9,9.9,6.4,33.6,33.8,38.4,38.4,36.6,48.9,47.5,49.0
2025-08-11 07:00:00,,,,,,,,,,,,,,,,,,,,24.0,27.9,9.9,6.4,33.6,33.8,38.3,38.4,36.6,48.9,47.5,49.0
2025-08-11 08:00:00,,,,,,,,,,,,,,,,,,,,24.0,27.8,10.0,6.4,33.6,33.7,38.3,38.4,36.6,48.9,47.5,49.0
2025-08-11 09:00:00,,,,,,,,,,,,,,,,,,,,23.8,27.7,9.9,6.4,33.5,33.7,38.3,38.4,36.6,48.9,47.4,49.0
2025-08-11 10:00:00,,,,,,,,,,,,,,,,,,,,23.6,27.7,9.9,6.4,33.4,33.6,38.3,38.4,36.5,48.8,47.4,49.0
2025-08-11 11:00:00,,,,,,,,,,,,,,,,,,,,23.5,27.6,9.9,6.3,33.4,33.6,38.3,38.3,36.5,48.8,47.4,48.9
2025-08-11 12:00:00,,,,,,,,,,,,,,,,,,,,23.3,27.5,9.9,6.3,33.3,33.5,38.3,38.3,36.5,48.8,47.4,48.9
2025-08-11 13:00:00,,,,,,,,,,,,,,,,,,,,23.1,27.4,9.8,6.4,33.2,33.5,38.2,38.3,36.5,48.8,47.3,48.9
2025-08-11 14:00:00,,,,,,,,,,,,,,,,,,,,22.9,27.3,9.8,6.4,33.2,33.4,38.2,38.2,36.4,48.8,47.3,48.9
2025-08-11 15:00:00,,,,,,,,,,,,,,,,,,,,22.8,27.2,9.7,6.4,33.1,33.4,38.2,38.2,36.4,48.8,47.3,48.9
2025-08-11 16:00:00,,,,,,,,,,,,,,,,,,,,22.7,27.1,9.7,6.3,33.1,33.4,38.1,38.2,36.4,48.8,47.3,48.9
2025-08-11 17:00:00,,,,,,,,,,,,,,,,,,,,22.6,27.0,9.7,6.3,33.0,33.4,38.1,38.2,36.4,48.8,47.3,48.8
2025-08-11 18:00:00,,,,,,,,,,,,,,,,,,,,22.6,26.9,9.7,6.3,33.0,33.3,38.1,38.2,36.4,48.8,47.3,48.8
2025-08-11 19:00:00,,,,,,,,,,,,,,,,,,,,22.6,26.9,9.7,6.2,33.0,33.3,38.1,38.1,36.4,48.8,47.3,48.8
2025-08-11 20:00:00,,,,,,,,,,,,,,,,,,,,22.6,26.8,9.7,6.3,33.0,33.3,38.0,38.1,36.4,48.8,47.3,48.8
2025-08-11 21:00:00,,,,,,,,,,,,,,,,,,,,22.5,26.8,9.7,6.3,33.0,33.3,38.0,38.1,36.4,48.8,47.3,48.8
2025-08-11 22:00:00,,,,,,,,,,,,,,,,,,,,22.5,26.7,9.7,6.3,33.0,33.3,38.0,38.1,36.4,48.8,47.3,48.8
2025-08-11 23:00:00,,,,,,,,,,,,,,,,,,,,22.6,26.7,9.7,6.3,33.0,33.3,38.0,38.1,36.4,48.7,47.3,48.8
2025-08-12 01:00:00,,,,,,,,,,,,,,,,,,,,22.6,26.7,9.7,6.3,32.9,33.3,38.0,38.1,36.4,48.7,47.3,48.8
2025-08-12 02:00:00,,,,,,,,,,,,,,,,,,,,22.5,26.7,9.7,6.3,32.9,33.3,38.0,38.1,36.4,48.7,47.3,48.8
2025-08-12 03:00:00,,,,,,,,,,,,,,,,,,,,22.6,26.7,9.7,6.3,32.9,33.3,38.0,38.1,36.4,48.7,47.3,48.8
2025-08-12 04:00:00,,,,,,,,,,,,,,,,,,,,22.6,26.7,9.7,6.3,32.9,33.3,38.0,38.1,36.4,48.7,47.3,48.8
2025-08-12 05:00:00,,,,,,,,,,,,,,,,,,,,22.5,26.6,9.7,6.3,32.9,33.3,38.0,38.1,36.3,48.7,47.3,48.8
2025-08-12 06:00:00,,,,,,,,,,,,,,,,,,,,22.5,26.7,9.7,6.3,32.9,33.3,38.0,38.0,36.3,48.7,47.3,48.8
2025-08-12 07:00:00,,,,,,,,,,,,,,,,,,,,22.5,26.6,9.7,6.3,32.9,33.2,38.0,38.1,36.3,48.7,47.3,48.7
2025-08-12 08:00:00,,,,,,,,,,,,,,,,,,,,22.5,26.6,9.7,6.3,32.8,33.2,38.0,38.0,36.3,48.7,47.3,48.7
2025-08-12 09:00:00,,,,,,,,,,,,,,,,,,,,22.4,26.6,9.7,6.3,32.7,33.1,38.0,38.0,36.3,48.7,47.3,48.7
2025-08-12 10:00:00,,,,,,,,,,,,,,,,,,,,22.2,26.5,9.7,6.2,32.6,33.0,38.0,38.0,36.2,48.7,47.3,48.7
2025-08-12 11:00:00,,,,,,,,,,,,,,,,,,,,22.0,26.3,9.6,6.2,32.5,33.0,37.9,38.0,36.2,48.6,47.2,48.7
2025-08-12 12:00:00,,,,,,,,,,,,,,,,,,,,21.8,26.2,9.6,6.2,32.3,32.9,37.9,38.0,36.2,48.6,47.2,48.7
2025-08-12 13:00:00,,,,,,,,,,,,,,,,,,,,21.6,26.1,9.5,6.2,32.2,32.8,37.9,37.9,36.2,48.6,47.2,48.7
2025-08-12 15:00:00,,,,,,,,,,,,,,,,,,,,21.4,25.8,9.5,6.1,32.0,32.7,37.8,37.8,36.2,48.6,47.2,48.6
2025-08-12 16:00:00,,,,,,,,,,,,,,,,,,,,21.4,25.7,9.5,6.2,32.0,32.7,37.8,37.8,36.2,48.6,47.2,48.6
2025-08-12 17:00:00,,,,,,,,,,,,,,,,,,,,21.3,25.6,9.5,6.1,32.0,32.7,37.8,37.8,36.2,48.6,47.2,48.6
2025-08-12 18:00:00,,,,,,,,,,,,,,,,,,,,21.3,25.6,9.5,6.1,32.0,32.7,37.8,37.8,36.1,48.5,47.2,48.6
2025-08-12 19:00:00,,,,,,,,,,,,,,,,,,,,21.2,25.5,9.5,6.1,32.0,32.7,37.8,37.8,36.1,48.5,47.2,48.6
2025-08-12 20:00:00,,,,,,,,,,,,,,,,,,,,21.2,25.5,9.5,6.2,32.0,32.7,37.7,37.8,36.1,48.5,47.2,48.6
2025-08-12 21:00:00,,,,,,,,,,,,,,,,,,,,21.2,25.5,9.5,6.2,32.0,32.7,37.7,37.8,36.1,48.5,47.2,48.6
2025-08-12 22:00:00,,,,,,,,,,,,,,,,,,,,21.3,25.5,9.4,6.1,32.0,32.7,37.7,37.8,36.1,48.5,47.2,48.6
2025-08-13 01:00:00,,,,,,,,,,,,,,,,,,,,21.3,25.4,9.5,6.2,32.0,32.7,37.6,37.7,36.1,48.5,47.2,48.5
2025-08-13 02:00:00,,,,,,,,,,,,,,,,,,,,21.3,25.4,9.5,6.1,32.0,32.7,37.6,37.7,36.1,48.5,47.2,48.5
2025-08-13 03:00:00,,,,,,,,,,,,,,,,,,,,21.3,25.4,9.5,6.2,32.0,32.7,37.6,37.6,36.1,48.5,47.2,48.5
2025-08-13 04:00:00,,,,,,,,,,,,,,,,,,,,21.3,25.3,9.5,6.1,31.9,32.7,37.6,37.6,36.1,48.5,47.1,48.5
2025-08-13 05:00:00,,,,,,,,,,,,,,,,,,,,21.4,25.3,9.5,6.2,31.9,32.7,37.6,37.6,36.0,48.5,47.1,48.5
2025-08-13 06:00:00,,,,,,,,,,,,,,,,,,,,21.5,25.4,9.5,6.1,32.0,32.7,37.5,37.6,36.0,48.5,47.2,48.5
2025-08-13 07:00:00,,,,,,,,,,,,,,,,,,,,21.5,25.3,9.5,6.1,31.9,32.7,37.5,37.6,36.0,48.5,47.1,48.5
2025-08-13 08:00:00,,,,,,,,,,,,,,,,,,,,22.2,25.4,9.5,6.1,31.9,32.7,37.5,37.6,36.0,48.5,47.1,48.5
2025-08-13 09:00:00,,,,,,,,,,,,,,,,,,,,46.3,43.2,14.9,9.0,40.0,32.8,37.6,37.6,36.1,48.5,47.1,48.5
2025-08-13 10:00:00,,,,,,,,,,,,,,,,,,,,47.9,43.6,14.7,9.1,46.5,45.9,50.3,47.8,47.4,59.8,55.9,52.6
2025-08-13 11:00:00,,,,,,,,,,,,,,,,,,,,51.0,46.3,15.5,9.6,48.4,47.3,52.2,49.6,55.7,61.2,56.5,53.2
2025-08-13 12:00:00,,,,,,,,,,,,,,,,,,,,49.5,44.6,14.1,8.7,46.2,45.3,49.3,47.9,48.6,61.2,56.5,53.3
2025-08-13 14:00:00,,,,,,,,,,,,,,,,,,,,46.6,42.1,13.0,8.0,44.1,43.0,46.6,44.9,45.5,56.6,55.4,52.9
2025-08-14 10:00:00,,,,,,,,,,,,,,,,,,,,36.7,35.0,11.3,7.2,38.5,37.9,41.6,40.7,39.3,51.7,50.4,51.5
2025-08-14 11:00:00,,,,,,,,,,,,,,,,,,,,36.3,34.6,11.2,7.1,38.3,37.8,41.5,40.7,39.1,51.6,50.3,51.4
2025-08-14 12:00:00,,,,,,,,,,,,,,,,,,,,35.9,34.4,11.2,7.1,38.1,37.6,41.3,40.6,39.0,51.5,50.2,51.4
2025-08-14 13:00:00,,,,,,,,,,,,,,,,,,,,35.5,34.1,11.1,7.0,37.9,37.5,41.2,40.5,38.9,51.4,50.1,51.3
2025-08-14 14:00:00,,,,,,,,,,,,,,,,,,,,35.2,33.9,11.1,7.0,37.8,37.4,41.1,40.4,38.9,51.3,50.0,51.3
2025-08-14 15:00:00,,,,,,,,,,,,,,,,,,,,34.9,33.6,11.1,7.0,37.6,37.3,41.0,40.4,38.8,51.3,49.9,51.1
2025-08-14 16:00:00,,,,,,,,,,,,,,,,,,,,34.7,33.5,11.1,7.0,37.5,37.1,41.0,40.3,38.7,51.3,49.8,51.1
2025-08-14 17:00:00,,,,,,,,,,,,,,,,,,,,34.6,33.4,11.1,7.0,37.5,37.1,40.9,40.3,38.7,51.3,49.8,51.0
2025-08-14 18:00:00,,,,,,,,,,,,,,,,,,,,34.5,33.3,11.0,7.0,37.4,37.0,40.8,40.2,38.6,51.2,49.7,51.0
2025-08-14 19:00:00,,,,,,,,,,,,,,,,,,,,34.4,33.2,11.0,6.9,37.3,36.9,40.8,40.1,38.5,51.2,49.6,51.0
2025-08-14 20:00:00,,,,,,,,,,,,,,,,,,,,34.3,33.1,10.9,6.9,37.3,36.9,40.7,40.1,38.5,51.1,49.6,51.0
2025-08-14 21:00:00,,,,,,,,,,,,,,,,,,,,34.2,33.0,10.9,6.9,37.2,36.8,40.7,40.1,38.5,50.9,49.5,51.0
2025-08-15 01:00:00,,,,,,,,,,,,,,,,,,,,33.8,32.7,10.9,6.9,37.0,36.6,40.5,40.0,38.4,50.8,49.4,50.9
2025-08-15 02:00:00,,,,,,,,,,,,,,,,,,,,33.7,32.7,10.9,6.9,37.0,36.5,40.4,40.0,38.4,50.8,49.3,50.8
2025-08-15 03:00:00,,,,,,,,,,,,,,,,,,,,33.6,32.6,10.8,6.9,36.9,36.5,40.4,40.0,38.4,50.7,49.3,50.7
2025-08-15 04:00:00,,,,,,,,,,,,,,,,,,,,33.5,32.5,10.8,6.9,36.8,36.4,40.3,39.9,38.3,50.7,49.3,50.7
2025-08-15 05:00:00,,,,,,,,,,,,,,,,,,,,33.5,32.5,10.8,6.9,36.7,36.4,40.3,39.9,38.2,50.6,49.3,50.7
2025-08-15 06:00:00,,,,,,,,,,,,,,,,,,,,33.5,32.5,10.8,6.9,36.6,36.4,40.3,39.9,38.2,50.6,49.3,50.7
2025-08-15 07:00:00,,,,,,,,,,,,,,,,,,,,33.4,32.4,10.8,6.8,36.6,36.3,40.3,39.9,38.2,50.6,49.2,50.7
2025-08-15 08:00:00,,,,,,,,,,,,,,,,,,,,33.3,32.4,10.8,6.8,36.5,36.3,40.2,39.9,38.2,50.6,49.2,50.7
2025-08-15 09:00:00,,,,,,,,,,,,,,,,,,,,33.0,32.3,10.8,6.8,36.3,36.2,40.2,39.8,38.2,50.5,49.2,50.5
2025-08-15 10:00:00,,,,,,,,,,,,,,,,,,,,32.8,33.5,10.7,6.7,36.2,36.1,40.2,39.8,38.1,50.5,49.2,50.4
2025-08-15 11:00:00,,,,,,,,,,,,,,,,,,,,32.5,33.5,10.7,6.7,36.2,36.0,40.1,39.8,38.1,50.4,49.2,50.4
2025-08-15 12:00:00,,,,,,,,,,,,,,,,,,,,32.2,33.7,10.7,6.7,36.0,36.0,40.1,39.7,38.1,50.4,49.2,50.4
2025-08-15 13:00:00,,,,,,,,,,,,,,,,,,,,31.8,32.2,10.7,6.6,35.9,35.9,40.1,39.7,38.0,50.3,49.1,50.3
2025-08-15 14:00:00,,,,,,,,,,,,,,,,,,,,31.4,32.0,10.6,6.6,35.8,35.9,40.1,39.7,37.9,50.3,49.1,50.3
2025-08-15 15:00:00,,,,,,,,,,,,,,,,,,,,31.0,31.8,10.6,6.6,35.7,35.8,40.0,39.6,37.9,50.3,49.0,50.3
2025-08-15 16:00:00,,,,,,,,,,,,,,,,,,,,30.9,31.7,10.5,6.6,35.7,35.7,40.0,39.6,37.9,50.3,49.0,50.3
2025-08-15 17:00:00,,,,,,,,,,,,,,,,,,,,30.8,31.6,10.5,6.6,35.6,35.7,39.9,39.6,37.9,50.3,49.0,50.2
2025-08-15 18:00:00,,,,,,,,,,,,,,,,,,,,30.7,31.6,10.5,6.6,35.6,35.7,39.9,39.6,37.9,50.3,49.0,50.2
2025-08-15 19:00:00,,,,,,,,,,,,,,,,,,,,30.6,31.5,10.5,6.6,35.6,35.6,39.9,39.6,37.9,50.3,48.9,50.2
2025-08-15 21:00:00,,,,,,,,,,,,,,,,,,,,30.5,31.4,10.5,6.6,35.6,35.6,39.8,39.5,37.9,50.2,48.8,50.2
2025-08-15 22:00:00,,,,,,,,,,,,,,,,,,,,30.5,31.4,10.5,6.6,35.5,35.6,39.8,39.5,37.8,50.2,48.8,50.3
2025-08-15 23:00:00,,,,,,,,,,,,,,,,,,,,30.6,31.3,10.5,6.6,35.5,35.6,39.8,39.4,37.8,50.2,48.8,50.3
2025-08-16 01:00:00,,,,,,,,,,,,,,,,,,,,30.5,31.2,10.5,6.6,35.4,35.5,39.7,39.4,37.8,50.2,48.8,50.2
2025-08-16 02:00:00,,,,,,,,,,,,,,,,,,,,30.4,31.2,10.5,6.6,35.4,35.5,39.7,39.4,37.8,50.1,48.8,50.3
2025-08-16 03:00:00,,,,,,,,,,,,,,,,,,,,30.4,31.1,10.5,6.6,35.4,35.5,39.6,39.4,37.8,50.1,48.7,50.3
2025-08-16 04:00:00,,,,,,,,,,,,,,,,,,,,30.2,31.1,10.5,6.6,35.4,35.4,39.6,39.4,37.8,50.1,48.7,50.3
2025-08-16 05:00:00,,,,,,,,,,,,,,,,,,,,30.2,31.1,10.5,6.6,35.4,35.4,39.6,39.4,37.8,50.1,48.7,50.3
2025-08-16 06:00:00,,,,,,,,,,,,,,,,,,,,30.1,31.0,10.5,6.6,35.4,35.3,39.6,39.4,37.7,50.0,48.7,50.2
2025-08-16 07:00:00,,,,,,,,,,,,,,,,,,,,30.1,31.0,10.5,6.6,35.4,35.3,39.6,39.4,37.7,50.0,48.7,50.2
2025-08-16 08:00:00,,,,,,,,,,,,,,,,,,,,29.9,31.0,10.5,6.5,35.3,35.3,39.6,39.4,37.7,50.0,48.7,50.2
2025-08-16 09:00:00,,,,,,,,,,,,,,,,,,,,29.7,31.0,10.4,6.5,35.2,35.2,39.5,39.3,37.6,50.0,48.7,50.2
2025-08-16 10:00:00,,,,,,,,,,,,,,,,,,,,29.4,30.7,10.4,6.5,35.1,35.1,39.5,39.3,37.6,50.0,48.6,50.2
2025-08-16 11:00:00,,,,,,,,,,,,,,,,,,,,29.0,30.6,10.3,6.5,34.9,35.1,39.5,39.3,37.6,50.0,48.6,50.1
2025-08-16 12:00:00,,,,,,,,,,,,,,,,,,,,28.5,30.5,10.3,6.4,34.7,35.0,39.5,39.3,37.6,49.9,48.6,50.2
2025-08-16 13:00:00,,,,,,,,,,,,,,,,,,,,28.1,30.4,10.2,6.4,34.7,35.0,39.4,39.3,37.5,49.9,48.5,50.1
2025-08-16 14:00:00,,,,,,,,,,,,,,,,,,,,27.7,30.2,10.2,6.4,34.5,34.9,39.4,39.3,37.5,49.9,48.5,50.1
2025-08-16 15:00:00,,,,,,,,,,,,,,,,,,,,27.3,30.1,10.2,6.4,34.5,34.9,39.4,39.2,37.5,49.9,48.5,50.1
2025-08-16 16:00:00,,,,,,,,,,,,,,,,,,,,27.1,30.0,10.2,6.4,34.4,34.9,39.3,39.2,37.5,49.8,48.4,50.1
2025-08-16 17:00:00,,,,,,,,,,,,,,,,,,,,26.9,30.0,10.2,6.4,34.4,34.9,39.3,39.2,37.4,49.8,48.4,50.1
2025-08-16 18:00:00,,,,,,,,,,,,,,,,,,,,26.8,29.9,10.1,6.4,34.4,34.8,39.3,39.2,37.4,49.8,48.4,50.1
2025-08-16 19:00:00,,,,,,,,,,,,,,,,,,,,26.7,29.8,10.2,6.4,34.4,34.8,39.3,39.1,37.4,49.8,48.4,50.1
2025-08-16 20:00:00,,,,,,,,,,,,,,,,,,,,26.7,29.8,10.1,6.5,34.5,34.8,39.3,39.1,37.4,49.8,48.4,50.1
2025-08-16 21:00:00,,,,,,,,,,,,,,,,,,,,26.7,29.7,10.2,6.5,34.4,34.8,39.3,39.1,37.4,49.8,48.4,50.1
2025-08-16 22:00:00,,,,,,,,,,,,,,,,,,,,26.7,29.7,10.1,6.4,34.4,34.8,39.3,39.1,37.4,49.8,48.4,50.1
2025-08-16 23:00:00,,,,,,,,,,,,,,,,,,,,26.6,29.7,10.1,6.4,34.4,34.7,39.2,39.1,37.4,49.8,48.4,50.0
2025-08-17 01:00:00,,,,,,,,,,,,,,,,,,,,26.6,29.6,10.1,6.3,34.4,34.7,39.2,39.1,37.3,49.7,48.4,50.0
2025-08-17 02:00:00,,,,,,,,,,,,,,,,,,,,26.5,29.5,10.1,6.4,34.4,34.7,39.2,39.1,37.3,49.7,48.4,50.0
2025-08-17 03:00:00,,,,,,,,,,,,,,,,,,,,26.6,29.6,10.1,6.4,34.4,34.7,39.1,39.1,37.3,49.7,48.4,50.0
2025-08-17 04:00:00,,,,,,,,,,,,,,,,,,,,26.5,29.5,10.1,6.4,34.4,34.7,39.2,39.1,37.3,49.7,48.4,50.0
2025-08-17 05:00:00,,,,,,,,,,,,,,,,,,,,26.5,29.5,10.1,6.4,34.3,34.7,39.1,39.1,37.3,49.7,48.4,49.9
2025-08-17 06:00:00,,,,,,,,,,,,,,,,,,,,26.5,29.4,10.1,6.4,34.3,34.6,39.1,39.1,37.3,49.7,48.3,49.9
2025-08-17 07:00:00,,,,,,,,,,,,,,,,,,,,26.4,29.4,10.2,6.4,34.3,34.6,39.1,39.1,37.3,49.6,48.3,49.9
2025-08-17 08:00:00,,,,,,,,,,,,,,,,,,,,26.4,29.3,10.1,6.3,34.2,34.6,39.1,39.1,37.2,49.6,48.2,49.9
2025-08-17 09:00:00,,,,,,,,,,,,,,,,,,,,26.1,29.3,10.1,6.3,34.1,34.5,39.1,39.0,37.2,49.6,48.2,49.9
2025-08-17 10:00:00,,,,,,,,,,,,,,,,,,,,25.8,29.1,10.1,6.3,34.0,34.4,39.1,39.0,37.2,49.6,48.2,49.8
2025-08-17 11:00:00,,,,,,,,,,,,,,,,,,,,25.4,28.9,10.0,6.2,33.8,34.3,39.0,39.0,37.2,49.6,48.2,49.8
2025-08-17 12:00:00,,,,,,,,,,,,,,,,,,,,25.0,28.8,10.0,6.2,33.7,34.3,39.0,38.9,37.1,49.5,48.2,49.8
2025-08-17 13:00:00,,,,,,,,,,,,,,,,,,,,24.7,28.7,9.9,6.2,33.6,34.2,39.0,38.9,37.1,49.5,48.2,49.7
2025-08-17 14:00:00,,,,,,,,,,,,,,,,,,,,24.4,28.5,9.9,6.2,33.5,34.1,38.9,38.9,37.1,49.5,48.1,49.7
2025-08-17 15:00:00,,,,,,,,,,,,,,,,,,,,24.1,28.3,9.8,6.2,33.4,34.1,38.9,38.9,37.1,49.5,48.1,49.7
2025-08-17 16:00:00,,,,,,,,,,,,,,,,,,,,24.0,28.3,9.8,6.2,33.4,34.1,38.9,38.9,37.1,49.5,48.1,49.7
2025-08-17 17:00:00,,,,,,,,,,,,,,,,,,,,23.9,28.2,9.8,6.2,33.4,34.1,38.8,38.8,37.1,49.5,48.1,49.7
2025-08-17 18:00:00,,,,,,,,,,,,,,,,,,,,23.9,28.2,9.8,6.2,33.4,34.1,38.8,38.8,37.0,49.4,48.1,49.7
2025-08-17 19:00:00,,,,,,,,,,,,,,,,,,,,23.9,28.1,9.8,6.2,33.4,34.1,38.8,38.8,37.0,49.4,48.1,49.7
2025-08-17 20:00:00,,,,,,,,,,,,,,,,,,,,23.8,28.0,9.8,6.2,33.4,34.1,38.8,38.8,37.0,49.4,48.1,49.6
2025-08-17 21:00:00,,,,,,,,,,,,,,,,,,,,23.8,28.0,9.8,6.2,33.4,34.1,38.8,38.8,37.0,49.4,48.1,49.6
2025-08-17 23:00:00,,,,,,,,,,,,,,,,,,,,23.7,27.9,9.8,6.2,33.5,34.1,38.8,38.7,37.0,49.4,48.0,49.6
2025-08-18 04:00:00,,,,,,,,,,,,,,,,,,,,23.6,27.8,9.8,6.2,33.4,34.0,38.7,38.7,36.9,49.4,47.9,49.4
2025-08-18 06:00:00,,,,,,,,,,,,,,,,,,,,23.6,27.7,9.8,6.2,33.4,34.0,38.7,38.7,36.9,49.3,47.9,49.4
2025-08-18 07:00:00,,,,,,,,,,,,,,,,,,,,23.6,27.7,9.8,6.2,33.4,34.0,38.7,38.7,36.9,49.3,47.9,49.4
2025-08-18 08:00:00,,,,,,,,,,,,,,,,,,,,23.5,27.6,9.8,6.2,33.3,33.9,38.7,38.7,36.9,49.3,47.9,49.4
2025-08-18 09:00:00,,,,,,,,,,,,,,,,,,,,23.4,27.5,9.8,6.2,33.2,33.9,38.7,38.7,36.9,49.3,47.9,49.4
2025-08-18 10:00:00,,,,,,,,,,,,,,,,,,,,23.1,27.4,9.7,6.1,33.0,33.8,38.6,38.7,36.9,49.3,47.9,49.4
2025-08-18 11:00:00,,,,,,,,,,,,,,,,,,,,22.8,27.2,9.7,6.1,32.8,33.7,38.6,38.7,36.9,49.2,47.9,49.4
2025-08-18 12:00:00,,,,,,,,,,,,,,,,,,,,22.5,27.0,9.6,6.1,32.7,33.6,38.5,38.7,36.8,49.2,47.8,49.3
2025-08-18 13:00:00,,,,,,,,,,,,,,,,,,,,22.3,26.9,9.6,6.1,32.5,33.5,38.5,38.6,36.8,49.2,47.8,49.3
2025-08-18 14:00:00,,,,,,,,,,,,,,,,,,,,22.1,26.7,9.6,6.1,32.4,33.4,38.5,38.6,36.8,49.2,47.7,49.3
2025-08-18 15:00:00,,,,,,,,,,,,,,,,,,,,22.0,26.6,9.6,6.1,32.4,33.4,38.4,38.5,36.8,49.1,47.7,49.3
2025-08-18 16:00:00,,,,,,,,,,,,,,,,,,,,22.0,26.6,9.6,6.1,32.4,33.5,38.4,38.5,36.8,49.1,47.7,49.3
2025-08-18 17:00:00,,,,,,,,,,,,,,,,,,,,22.0,26.5,9.6,6.1,32.4,33.5,38.4,38.5,36.8,49.1,47.7,49.3
2025-08-18 18:00:00,,,,,,,,,,,,,,,,,,,,22.0,26.5,9.6,6.1,32.5,33.5,38.4,38.5,36.8,49.1,47.7,49.3
2025-08-18 19:00:00,,,,,,,,,,,,,,,,,,,,22.5,26.4,9.6,6.1,32.5,33.5,38.4,38.5,36.8,49.1,47.7,49.3
2025-08-18 20:00:00,,,,,,,,,,,,,,,,,,,,22.8,26.4,9.6,6.1,32.5,33.5,38.4,38.5,36.8,49.1,47.7,49.3
2025-08-19 09:00:00,,,,,,,,,,,,,,,,,,,,23.5,26.3,9.6,6.1,32.4,33.3,38.3,38.3,36.5,49.0,47.6,49.2
2025-08-19 10:00:00,,,,,,,,,,,,,,,,,,,,23.3,26.2,9.5,6.1,32.2,33.2,38.3,38.3,36.5,49.0,47.6,49.2
2025-08-19 11:00:00,,,,,,,,,,,,,,,,,,,,23.2,26.2,9.5,6.1,32.1,33.2,38.3,38.3,36.5,48.9,47.6,49.2
2025-08-19 12:00:00,,,,,,,,,,,,,,,,,,,,22.9,26.1,9.5,6.0,31.9,33.1,38.2,38.3,36.5,48.9,47.6,49.1
2025-08-19 13:00:00,,,,,,,,,,,,,,,,,,,,22.7,26.0,9.5,6.0,31.7,33.0,38.2,38.3,36.5,48.9,47.6,49.1
2025-08-19 14:00:00,,,,,,,,,,,,,,,,,,,,22.7,26.0,9.5,6.0,31.7,33.0,38.2,38.2,36.5,48.9,47.5,49.1
2025-08-19 15:00:00,,,,,,,,,,,,,,,,,,,,22.7,25.9,9.4,6.0,31.7,33.0,38.2,38.2,36.5,48.9,47.5,49.1
2025-08-19 16:00:00,,,,,,,,,,,,,,,,,,,,22.7,25.9,9.4,6.0,31.7,33.0,38.1,38.2,36.5,48.9,47.5,49.1
2025-08-19 17:00:00,,,,,,,,,,,,,,,,,,,,22.7,25.9,9.5,6.0,31.7,33.0,38.1,38.2,36.4,48.9,47.5,49.1
2025-08-19 18:00:00,,,,,,,,,,,,,,,,,,,,22.7,25.9,9.5,6.0,31.8,33.0,38.1,38.2,36.5,48.9,47.5,49.1
2025-08-19 19:00:00,,,,,,,,,,,,,,,,,,,,22.7,25.9,9.5,6.0,31.8,33.0,38.1,38.1,36.4,48.9,47.5,49.1
2025-08-19 20:00:00,,,,,,,,,,,,,,,,,,,,22.7,25.9,9.5,6.0,31.8,33.0,38.1,38.1,36.4,48.9,47.5,49.1
2025-08-19 21:00:00,,,,,,,,,,,,,,,,,,,,22.7,25.9,9.5,6.0,31.8,33.0,38.1,38.1,36.4,48.9,47.5,49.1
2025-08-19 22:00:00,,,,,,,,,,,,,,,,,,,,22.7,25.9,9.5,6.0,31.8,33.0,38.1,38.1,36.4,48.9,47.5,49.1
2025-08-19 23:00:00,,,,,,,,,,,,,,,,,,,,22.7,25.9,9.5,6.0,31.9,33.0,38.1,38.1,36.4,48.9,47.5,49.0
2025-08-20 01:00:00,,,,,,,,,,,,,,,,,,,,22.7,25.9,9.5,6.0,31.9,33.0,38.1,38.1,36.4,48.9,47.5,49.0
2025-08-20 02:00:00,,,,,,,,,,,,,,,,,,,,22.8,25.9,9.5,6.0,31.9,33.0,38.1,38.1,36.4,48.9,47.5,49.0
2025-08-20 03:00:00,,,,,,,,,,,,,,,,,,,,22.8,25.9,9.5,6.0,31.9,33.0,38.1,38.1,36.4,48.9,47.5,49.0
2025-08-20 04:00:00,,,,,,,,,,,,,,,,,,,,22.8,25.9,9.5,6.0,31.9,33.0,38.1,38.0,36.3,48.8,47.5,49.0
2025-08-20 05:00:00,,,,,,,,,,,,,,,,,,,,22.8,25.9,9.5,6.0,31.9,33.0,38.0,38.0,36.3,48.8,47.5,49.0
2025-08-20 06:00:00,,,,,,,,,,,,,,,,,,,,22.8,26.0,9.5,6.0,31.9,33.0,38.0,38.0,36.3,48.8,47.5,49.0
2025-08-20 07:00:00,,,,,,,,,,,,,,,,,,,,22.8,26.0,9.5,6.0,31.9,33.0,38.0,38.0,36.3,48.8,47.5,49.0
2025-08-20 08:00:00,,,,,,,,,,,,,,,,,,,,22.8,25.9,9.5,6.0,31.8,32.9,38.0,38.0,36.3,48.8,47.5,49.0
2025-08-20 09:00:00,,,,,,,,,,,,,,,,,,,,22.7,25.9,9.5,6.0,31.8,32.9,38.0,38.0,36.3,48.8,47.5,48.9
2025-08-20 10:00:00,,,,,,,,,,,,,,,,,,,,22.6,25.9,9.5,6.0,31.7,32.9,38.0,38.0,36.3,48.8,47.5,48.9
2025-08-20 11:00:00,,,,,,,,,,,,,,,,,,,,22.5,25.8,9.5,6.0,31.6,32.8,38.0,38.0,36.3,48.8,47.5,48.9
2025-08-20 12:00:00,,,,,,,,,,,,,,,,,,,,22.3,25.7,9.4,6.0,31.4,32.7,38.0,38.0,36.3,48.8,47.4,48.9
2025-08-20 13:00:00,,,,,,,,,,,,,,,,,,,,22.2,25.6,9.4,6.0,31.3,32.6,37.9,38.0,36.3,48.8,47.4,48.9
2025-08-20 14:00:00,,,,,,,,,,,,,,,,,,,,22.0,25.5,9.4,6.0,31.2,32.6,37.9,37.9,36.2,48.7,47.4,48.8
2025-08-20 15:00:00,,,,,,,,,,,,,,,,,,,,22.0,25.5,9.4,6.0,31.2,32.6,37.9,37.9,36.2,48.7,47.4,48.8
2025-08-20 17:00:00,,,,,,,,,,,,,,,,,,,,22.0,25.4,9.4,6.0,31.3,32.6,37.9,37.9,36.2,48.7,47.4,48.8
2025-08-20 18:00:00,,,,,,,,,,,,,,,,,,,,21.9,25.4,9.4,6.0,31.3,32.6,37.9,37.9,36.2,48.7,47.4,48.8
2025-08-20 19:00:00,,,,,,,,,,,,,,,,,,,,22.0,25.4,9.4,6.0,31.3,32.6,37.9,37.9,36.2,48.7,47.4,48.8
2025-08-20 20:00:00,,,,,,,,,,,,,,,,,,,,22.0,25.4,9.4,6.0,31.3,32.6,37.9,37.9,36.2,48.7,47.4,48.8
2025-08-20 21:00:00,,,,,,,,,,,,,,,,,,,,21.9,25.4,9.4,6.0,31.4,32.6,37.9,37.9,36.2,48.7,47.4,48.8
2025-08-20 22:00:00,,,,,,,,,,,,,,,,,,,,22.0,25.4,9.4,6.0,31.4,32.6,37.9,37.9,36.2,48.7,47.4,48.8
2025-08-20 23:00:00,,,,,,,,,,,,,,,,,,,,22.0,25.4,9.4,6.0,31.4,32.6,37.9,37.9,36.2,48.7,47.4,48.8
2025-08-21 01:00:00,,,,,,,,,,,,,,,,,,,,22.0,25.4,9.4,6.0,31.4,32.6,37.9,37.8,36.2,48.7,47.4,48.7
2025-08-21 02:00:00,,,,,,,,,,,,,,,,,,,,22.0,25.4,9.4,6.0,31.4,32.6,37.9,37.8,36.2,48.7,47.4,48.8
2025-08-21 03:00:00,,,,,,,,,,,,,,,,,,,,22.0,25.4,9.4,6.0,31.4,32.6,37.9,37.8,36.2,48.7,47.4,48.7
2025-08-21 04:00:00,,,,,,,,,,,,,,,,,,,,22.1,25.4,9.4,6.0,31.4,32.7,37.9,37.8,36.2,48.7,47.4,48.7
2025-08-21 05:00:00,,,,,,,,,,,,,,,,,,,,22.0,25.5,9.4,6.0,31.4,32.7,37.8,37.8,36.2,48.7,47.4,48.7
2025-08-21 06:00:00,,,,,,,,,,,,,,,,,,,,22.0,25.4,9.4,6.0,31.4,32.6,37.8,37.8,36.2,48.7,47.4,48.7
2025-08-21 07:00:00,,,,,,,,,,,,,,,,,,,,22.1,25.4,9.4,6.0,31.4,32.6,37.8,37.8,36.2,48.7,47.4,48.7
2025-08-21 08:00:00,,,,,,,,,,,,,,,,,,,,22.1,25.4,9.4,6.0,31.4,32.6,37.8,37.8,36.2,48.6,47.3,48.7
2025-08-21 09:00:00,,,,,,,,,,,,,,,,,,,,22.0,25.3,9.4,6.0,31.2,32.5,37.8,37.8,36.1,48.6,47.3,48.7
2025-08-21 10:00:00,,,,,,,,,,,,,,,,,,,,21.9,25.3,9.4,6.0,31.1,32.4,37.7,37.8,36.1,48.6,47.3,48.6
2025-08-21 11:00:00,,,,,,,,,,,,,,,,,,,,21.8,25.2,9.3,5.9,30.9,32.3,37.7,37.7,36.1,48.6,47.3,48.6
2025-08-21 12:00:00,,,,,,,,,,,,,,,,,,,,21.6,25.1,9.3,5.9,30.8,32.2,37.7,37.7,36.1,48.6,47.3,48.6
2025-08-21 13:00:00,,,,,,,,,,,,,,,,,,,,21.5,24.9,9.2,5.9,30.6,32.1,37.7,37.7,36.0,48.6,47.2,48.6
2025-08-21 14:00:00,,,,,,,,,,,,,,,,,,,,21.5,24.9,9.2,5.9,30.5,32.1,37.6,37.7,36.0,48.6,47.2,48.6
2025-08-21 15:00:00,,,,,,,,,,,,,,,,,,,,21.4,24.8,9.2,5.9,30.5,32.0,37.6,37.7,36.0,48.5,47.2,48.6
2025-08-21 16:00:00,,,,,,,,,,,,,,,,,,,,21.4,24.8,9.2,5.9,30.5,32.1,37.6,37.7,36.0,48.5,47.2,48.6
2025-08-21 17:00:00,,,,,,,,,,,,,,,,,,,,21.3,24.7,9.2,5.9,30.5,32.0,37.6,37.6,36.0,48.5,47.2,48.6
2025-08-21 18:00:00,,,,,,,,,,,,,,,,,,,,21.4,24.7,9.2,5.9,30.5,32.1,37.6,37.6,36.0,48.5,47.2,48.6
2025-08-21 19:00:00,,,,,,,,,,,,,,,,,,,,21.4,24.7,9.2,5.9,30.5,32.1,37.6,37.6,36.0,48.5,47.2,48.6
2025-08-21 20:00:00,,,,,,,,,,,,,,,,,,,,21.3,24.6,9.2,5.9,30.5,32.0,37.6,37.6,36.0,48.5,47.2,48.6
2025-08-21 21:00:00,,,,,,,,,,,,,,,,,,,,21.3,24.6,9.3,5.9,30.5,32.1,37.7,37.6,36.0,48.5,47.2,48.6
2025-08-21 22:00:00,,,,,,,,,,,,,,,,,,,,21.3,24.6,9.3,5.9,30.6,32.1,37.6,37.6,36.0,48.5,47.2,48.6
2025-08-21 23:00:00,,,,,,,,,,,,,,,,,,,,21.3,24.6,9.3,5.9,30.6,32.1,37.6,37.6,36.0,48.5,47.2,48.6
2025-08-22 01:00:00,,,,,,,,,,,,,,,,,,,,21.4,24.6,9.3,5.9,30.6,32.1,37.5,37.6,35.9,48.5,47.2,48.5
2025-08-22 02:00:00,,,,,,,,,,,,,,,,,,,,21.3,24.6,9.3,5.9,30.6,32.1,37.5,37.6,35.9,48.5,47.2,48.6
2025-08-22 03:00:00,,,,,,,,,,,,,,,,,,,,21.3,24.6,9.3,5.9,30.6,32.1,37.5,37.6,35.9,48.5,47.2,48.6
2025-08-22 04:00:00,,,,,,,,,,,,,,,,,,,,21.3,24.6,9.3,5.9,30.7,32.1,37.5,37.6,35.9,48.5,47.2,48.5
2025-08-22 05:00:00,,,,,,,,,,,,,,,,,,,,21.3,24.6,9.3,5.9,30.7,32.1,37.5,37.6,35.9,48.5,47.2,48.5
2025-08-22 06:00:00,,,,,,,,,,,,,,,,,,,,21.3,24.6,9.3,5.9,30.7,32.1,37.5,37.6,35.9,48.5,47.2,48.5
2025-08-22 07:00:00,,,,,,,,,,,,,,,,,,,,21.3,24.6,9.3,5.9,30.7,32.1,37.5,37.6,35.9,48.5,47.1,48.5
2025-08-22 08:00:00,,,,,,,,,,,,,,,,,,,,21.4,24.6,9.2,5.9,30.6,32.0,37.5,37.6,35.9,48.5,47.1,48.5
2025-08-22 09:00:00,,,,,,,,,,,,,,,,,,,,21.3,24.5,9.2,5.9,30.4,32.0,37.5,37.5,35.9,48.5,47.1,48.5
2025-08-22 10:00:00,,,,,,,,,,,,,,,,,,,,21.1,24.4,9.2,5.8,30.3,31.8,37.4,37.5,35.9,48.4,47.1,48.5
2025-08-22 11:00:00,,,,,,,,,,,,,,,,,,,,21.0,24.2,9.2,5.8,30.1,31.7,37.4,37.5,35.9,48.4,47.1,48.5
2025-08-22 12:00:00,,,,,,,,,,,,,,,,,,,,20.8,24.0,9.1,5.8,29.8,31.6,37.4,37.4,35.8,48.4,47.1,48.5
2025-08-22 13:00:00,,,,,,,,,,,,,,,,,,,,20.7,23.9,9.1,5.8,29.6,31.5,37.3,37.4,35.8,48.4,47.0,48.5
2025-08-22 14:00:00,,,,,,,,,,,,,,,,,,,,20.5,23.8,9.0,5.7,29.5,31.4,37.3,37.4,35.8,48.4,47.0,48.5
2025-08-22 15:00:00,,,,,,,,,,,,,,,,,,,,20.5,23.6,9.0,5.7,29.4,31.3,37.2,37.3,35.8,48.3,47.0,48.5
2025-08-22 16:00:00,,,,,,,,,,,,,,,,,,,,20.4,23.6,9.0,5.7,29.3,31.3,37.2,37.3,35.7,48.3,46.9,48.4
2025-08-22 17:00:00,,,,,,,,,,,,,,,,,,,,20.4,23.6,9.0,5.7,29.3,31.3,37.2,37.3,35.7,48.3,46.9,48.4
2025-08-22 18:00:00,,,,,,,,,,,,,,,,,,,,20.3,23.5,8.9,5.7,29.3,31.3,37.2,37.3,35.7,48.3,46.9,48.4
2025-08-22 19:00:00,,,,,,,,,,,,,,,,,,,,20.4,23.5,9.0,5.8,29.3,31.3,37.2,37.3,35.7,48.3,46.9,48.4
2025-08-22 20:00:00,,,,,,,,,,,,,,,,,,,,20.4,23.5,9.0,5.8,29.3,31.3,37.2,37.2,35.7,48.3,47.0,48.4
2025-08-22 21:00:00,,,,,,,,,,,,,,,,,,,,20.4,23.5,9.0,5.9,29.3,31.3,37.2,37.2,35.7,48.3,46.9,48.4
2025-08-22 22:00:00,,,,,,,,,,,,,,,,,,,,20.4,23.5,9.0,5.8,29.4,31.3,37.2,37.2,35.7,48.3,46.9,48.4
2025-08-22 23:00:00,,,,,,,,,,,,,,,,,,,,20.4,23.4,9.0,5.8,29.4,31.3,37.2,37.2,35.7,48.3,46.9,48.4
2025-08-23 01:00:00,,,,,,,,,,,,,,,,,,,,20.4,23.4,9.0,5.8,29.4,31.3,37.1,37.2,35.7,48.3,46.9,48.3
2025-08-23 02:00:00,,,,,,,,,,,,,,,,,,,,20.4,23.4,9.0,5.9,29.4,31.3,37.1,37.2,35.7,48.3,46.9,48.4
2025-08-23 03:00:00,,,,,,,,,,,,,,,,,,,,20.4,23.4,9.0,5.9,29.4,31.3,37.1,37.2,35.7,48.3,46.9,48.4
2025-08-23 04:00:00,,,,,,,,,,,,,,,,,,,,20.4,23.4,9.0,5.8,29.4,31.3,37.1,37.2,35.6,48.3,46.9,48.4
2025-08-23 05:00:00,,,,,,,,,,,,,,,,,,,,20.3,23.4,9.0,5.9,29.4,31.3,37.1,37.1,35.6,48.3,46.9,48.3
2025-08-23 06:00:00,,,,,,,,,,,,,,,,,,,,20.3,23.4,9.0,5.9,29.4,31.3,37.1,37.1,35.6,48.3,46.9,48.4
2025-08-23 07:00:00,,,,,,,,,,,,,,,,,,,,20.3,23.4,9.0,5.9,29.4,31.3,37.1,37.2,35.6,48.3,46.9,48.3
2025-08-23 08:00:00,,,,,,,,,,,,,,,,,,,,20.4,23.4,8.9,5.9,29.3,31.2,37.1,37.1,35.6,48.2,46.9,48.3
2025-08-23 09:00:00,,,,,,,,,,,,,,,,,,,,20.4,23.3,8.9,5.8,29.1,31.1,37.0,37.1,35.6,48.2,46.9,48.3
2025-08-23 10:00:00,,,,,,,,,,,,,,,,,,,,20.2,23.2,8.9,5.8,29.0,31.0,37.0,37.1,35.6,48.2,46.8,48.3
2025-08-23 11:00:00,,,,,,,,,,,,,,,,,,,,20.2,23.0,8.8,5.9,28.7,30.9,36.9,37.1,35.6,48.2,46.8,48.3
2025-08-23 12:00:00,,,,,,,,,,,,,,,,,,,,20.1,22.9,8.8,5.8,28.5,30.7,36.9,37.0,35.5,48.1,46.8,48.3
2025-08-23 13:00:00,,,,,,,,,,,,,,,,,,,,20.0,22.7,8.8,5.8,28.3,30.6,36.8,37.0,35.5,48.1,46.7,48.3
2025-08-23 14:00:00,,,,,,,,,,,,,,,,,,,,19.9,22.6,8.8,5.8,28.2,30.5,36.8,36.9,35.5,48.0,46.7,48.3
2025-08-23 15:00:00,,,,,,,,,,,,,,,,,,,,19.8,22.5,8.8,5.7,28.0,30.4,36.8,36.9,35.4,48.0,46.7,48.3
2025-08-23 16:00:00,,,,,,,,,,,,,,,,,,,,19.8,22.5,8.8,5.7,27.9,30.4,36.7,36.9,35.4,48.0,46.7,48.3
2025-08-23 17:00:00,,,,,,,,,,,,,,,,,,,,19.8,22.4,8.7,5.7,27.9,30.4,36.7,36.9,35.4,48.0,46.7,48.3
2025-08-23 18:00:00,,,,,,,,,,,,,,,,,,,,19.8,22.4,8.7,5.7,27.9,30.4,36.7,36.8,35.4,48.0,46.6,48.2
2025-08-23 19:00:00,,,,,,,,,,,,,,,,,,,,19.8,22.3,8.7,5.7,27.9,30.4,36.7,36.8,35.4,48.0,46.6,48.2
2025-08-23 20:00:00,,,,,,,,,,,,,,,,,,,,19.8,22.3,8.7,5.7,27.9,30.4,36.7,36.8,35.4,48.0,46.6,48.2
2025-08-23 21:00:00,,,,,,,,,,,,,,,,,,,,19.8,22.4,8.7,5.7,27.9,30.4,36.7,36.8,35.4,48.0,46.7,48.2
2025-08-23 22:00:00,,,,,,,,,,,,,,,,,,,,19.8,22.4,8.7,5.7,28.0,30.4,36.7,36.8,35.4,48.0,46.6,48.2
2025-08-23 23:00:00,,,,,,,,,,,,,,,,,,,,19.8,22.3,8.7,5.7,28.0,30.4,36.7,36.8,35.4,48.0,46.6,48.2
2025-08-24 01:00:00,,,,,,,,,,,,,,,,,,,,19.8,22.4,8.7,5.7,28.0,30.4,36.7,36.7,35.3,47.9,46.6,48.2
2025-08-24 02:00:00,,,,,,,,,,,,,,,,,,,,19.8,22.4,8.7,5.7,28.0,30.4,36.7,36.7,35.3,47.9,46.6,48.2
2025-08-24 03:00:00,,,,,,,,,,,,,,,,,,,,19.8,22.4,8.7,5.7,28.0,30.4,36.7,36.7,35.3,47.9,46.6,48.2
2025-08-24 04:00:00,,,,,,,,,,,,,,,,,,,,19.8,22.3,8.7,5.6,28.0,30.4,36.7,36.7,35.3,47.9,46.6,48.2
2025-08-24 05:00:00,,,,,,,,,,,,,,,,,,,,19.8,22.4,8.7,5.7,28.0,30.4,36.7,36.7,35.3,47.9,46.6,48.2
2025-08-24 06:00:00,,,,,,,,,,,,,,,,,,,,19.7,22.4,8.7,5.7,28.0,30.4,36.7,36.7,35.3,47.9,46.6,48.2
2025-08-24 07:00:00,,,,,,,,,,,,,,,,,,,,19.8,22.3,8.7,5.7,28.1,30.4,36.7,36.7,35.2,47.9,46.6,48.2
2025-08-24 08:00:00,,,,,,,,,,,,,,,,,,,,19.8,22.3,8.7,5.7,28.0,30.4,36.6,36.7,35.2,47.9,46.6,48.2
2025-08-24 09:00:00,,,,,,,,,,,,,,,,,,,,19.8,22.2,8.7,5.7,27.8,30.2,36.6,36.7,35.2,47.8,46.6,48.2
2025-08-24 10:00:00,,,,,,,,,,,,,,,,,,,,19.7,22.1,8.7,5.7,27.6,30.0,36.6,36.7,35.2,47.8,46.6,48.2
2025-08-24 11:00:00,,,,,,,,,,,,,,,,,,,,19.7,21.9,8.7,5.6,27.4,29.9,36.5,36.6,35.2,47.8,46.5,48.2
2025-08-24 12:00:00,,,,,,,,,,,,,,,,,,,,19.6,21.9,8.7,5.6,27.2,29.8,36.5,36.6,35.1,47.8,46.5,48.2
2025-08-24 13:00:00,,,,,,,,,,,,,,,,,,,,19.5,21.8,8.6,5.6,27.1,29.7,36.4,36.5,35.1,47.7,46.5,48.1
2025-08-24 14:00:00,,,,,,,,,,,,,,,,,,,,19.5,21.8,8.6,5.6,27.0,29.7,36.4,36.5,35.1,47.7,46.5,48.1
2025-08-24 15:00:00,,,,,,,,,,,,,,,,,,,,19.5,21.8,8.6,5.6,26.9,29.6,36.4,36.5,35.1,47.7,46.5,48.1
2025-08-24 16:00:00,,,,,,,,,,,,,,,,,,,,19.5,21.7,8.6,5.5,26.9,29.6,36.4,36.5,35.1,47.7,46.5,48.1
2025-08-24 17:00:00,,,,,,,,,,,,,,,,,,,,19.5,21.6,8.6,5.6,26.8,29.6,36.3,36.4,35.0,47.7,46.5,48.1
2025-08-24 18:00:00,,,,,,,,,,,,,,,,,,,,19.5,21.6,8.6,5.6,26.8,29.6,36.3,36.4,35.0,47.7,46.5,48.1
2025-08-24 19:00:00,,,,,,,,,,,,,,,,,,,,19.5,21.6,8.6,5.6,26.8,29.5,36.3,36.4,35.0,47.7,46.5,48.1
2025-08-24 20:00:00,,,,,,,,,,,,,,,,,,,,19.5,21.6,8.6,5.6,26.8,29.5,36.3,36.4,35.0,47.7,46.5,48.1
2025-08-24 21:00:00,,,,,,,,,,,,,,,,,,,,19.5,21.6,8.6,5.6,26.9,29.5,36.3,36.4,35.0,47.7,46.5,48.1
2025-08-24 22:00:00,,,,,,,,,,,,,,,,,,,,19.5,21.7,8.6,5.6,26.9,29.5,36.3,36.3,35.0,47.7,46.5,48.1
2025-08-24 23:00:00,,,,,,,,,,,,,,,,,,,,19.5,21.7,8.6,5.6,26.9,29.5,36.2,36.3,35.0,47.7,46.5,48.1
2025-08-25 01:00:00,,,,,,,,,,,,,,,,,,,,19.5,21.7,8.6,5.7,26.9,29.5,36.2,36.3,35.0,47.7,46.5,48.1
2025-08-25 02:00:00,,,,,,,,,,,,,,,,,,,,19.5,21.7,8.6,5.6,26.9,29.5,36.2,36.3,35.0,47.7,46.5,48.1
2025-08-25 03:00:00,,,,,,,,,,,,,,,,,,,,19.5,21.6,8.6,5.7,26.9,29.5,36.2,36.3,35.0,47.7,46.4,48.1
2025-08-25 04:00:00,,,,,,,,,,,,,,,,,,,,19.5,21.7,8.6,5.6,26.9,29.5,36.2,36.3,35.0,47.7,46.4,48.1
2025-08-25 05:00:00,,,,,,,,,,,,,,,,,,,,19.5,21.6,8.6,5.7,26.9,29.5,36.2,36.3,35.0,47.7,46.4,48.1
2025-08-25 06:00:00,,,,,,,,,,,,,,,,,,,,19.5,21.6,8.6,5.7,27.0,29.5,36.2,36.3,35.0,47.7,46.4,48.1
2025-08-25 07:00:00,,,,,,,,,,,,,,,,,,,,19.5,21.6,8.6,5.6,27.0,29.5,36.2,36.3,34.9,47.7,46.4,48.1
2025-08-25 08:00:00,,,,,,,,,,,,,,,,,,,,19.5,21.6,8.6,5.6,26.9,29.5,36.1,36.3,34.9,47.7,46.4,48.1
2025-08-25 09:00:00,,,,,,,,,,,,,,,,,,,,19.5,21.5,8.6,5.5,26.7,29.3,36.1,36.3,34.9,47.6,46.4,48.1
2025-08-25 10:00:00,,,,,,,,,,,,,,,,,,,,19.5,21.4,8.6,5.5,26.5,29.1,36.0,36.2,34.9,47.6,46.4,48.1
2025-08-25 11:00:00,,,,,,,,,,,,,,,,,,,,19.4,21.3,8.5,5.5,26.2,29.0,35.9,36.2,34.8,47.6,46.3,48.0
2025-08-25 12:00:00,,,,,,,,,,,,,,,,,,,,19.3,21.1,8.5,5.5,26.0,28.8,35.9,36.2,34.8,47.5,46.3,48.0
2025-08-25 13:00:00,,,,,,,,,,,,,,,,,,,,19.2,21.0,8.5,5.4,25.8,28.6,35.8,36.1,34.8,47.5,46.3,48.0
2025-08-25 14:00:00,,,,,,,,,,,,,,,,,,,,19.2,20.9,8.4,5.5,25.6,28.4,35.7,36.0,34.7,47.4,46.3,48.0
2025-08-25 15:00:00,,,,,,,,,,,,,,,,,,,,19.1,20.9,8.4,5.5,25.5,28.3,35.7,36.0,34.7,47.4,46.2,48.0
2025-08-25 16:00:00,,,,,,,,,,,,,,,,,,,,19.1,20.8,8.4,5.5,25.5,28.3,35.6,36.0,34.6,47.4,46.2,47.9
2025-08-25 17:00:00,,,,,,,,,,,,,,,,,,,,19.1,20.8,8.4,5.5,25.5,28.3,35.6,35.9,34.6,47.4,46.2,47.9
2025-08-25 18:00:00,,,,,,,,,,,,,,,,,,,,19.1,20.7,8.4,5.5,25.4,28.3,35.6,35.9,34.6,47.4,46.2,47.9
2025-08-25 19:00:00,,,,,,,,,,,,,,,,,,,,19.1,20.8,8.3,5.4,25.4,28.3,35.6,35.9,34.6,47.3,46.2,47.9
2025-08-25 20:00:00,,,,,,,,,,,,,,,,,,,,19.1,20.8,8.4,5.5,25.4,28.3,35.6,35.9,34.6,47.4,46.2,47.9
2025-08-25 21:00:00,,,,,,,,,,,,,,,,,,,,19.2,20.7,8.4,5.4,25.4,28.3,35.6,35.9,34.6,47.3,46.2,47.9
2025-08-25 22:00:00,,,,,,,,,,,,,,,,,,,,19.2,20.8,8.4,5.5,25.4,28.3,35.6,35.9,34.6,47.3,46.2,47.9
2025-08-25 23:00:00,,,,,,,,,,,,,,,,,,,,19.2,20.8,8.4,5.4,25.4,28.3,35.6,35.8,34.6,47.3,46.2,47.9
2025-08-26 01:00:00,,,,,,,,,,,,,,,,,,,,19.1,20.9,8.4,5.5,25.5,28.3,35.5,35.8,34.6,47.3,46.2,47.9
2025-08-26 02:00:00,,,,,,,,,,,,,,,,,,,,19.2,20.8,8.4,5.4,25.5,28.3,35.5,35.8,34.6,47.3,46.2,47.9
2025-08-26 03:00:00,,,,,,,,,,,,,,,,,,,,19.2,20.8,8.4,5.4,25.5,28.3,35.5,35.8,34.6,47.3,46.2,47.9
2025-08-26 04:00:00,,,,,,,,,,,,,,,,,,,,19.1,20.8,8.4,5.4,25.5,28.3,35.5,35.7,34.5,47.3,46.2,47.9
2025-08-26 05:00:00,,,,,,,,,,,,,,,,,,,,19.2,20.8,8.4,5.4,25.5,28.3,35.5,35.7,34.5,47.3,46.2,47.9
2025-08-26 06:00:00,,,,,,,,,,,,,,,,,,,,19.1,20.8,8.4,5.4,25.5,28.3,35.5,35.7,34.5,47.3,46.2,47.9
2025-08-26 07:00:00,,,,,,,,,,,,,,,,,,,,19.1,20.8,8.4,5.4,25.6,28.3,35.5,35.7,34.5,47.3,46.2,47.9
2025-08-26 08:00:00,,,,,,,,,,,,,,,,,,,,19.2,20.8,8.4,5.4,25.5,28.3,35.5,35.7,34.5,47.3,46.2,47.9
2025-08-26 09:00:00,,,,,,,,,,,,,,,,,,,,19.1,20.8,8.4,5.4,25.4,28.2,35.5,35.7,34.5,47.3,46.2,47.9
2025-08-26 10:00:00,,,,,,,,,,,,,,,,,,,,19.1,20.7,8.4,5.5,25.3,28.1,35.4,35.7,34.4,47.3,46.1,47.8
2025-08-26 11:00:00,,,,,,,,,,,,,,,,,,,,19.1,20.6,8.3,5.5,25.1,27.9,35.3,35.6,34.4,47.2,46.1,47.8
2025-08-26 12:00:00,,,,,,,,,,,,,,,,,,,,19.0,20.5,8.3,5.5,24.9,27.7,35.2,35.6,34.4,47.2,46.1,47.8
2025-08-26 13:00:00,,,,,,,,,,,,,,,,,,,,19.0,20.5,8.3,5.4,24.8,27.5,35.2,35.5,34.3,47.1,46.1,47.8
2025-08-26 14:00:00,,,,,,,,,,,,,,,,,,,,19.0,20.5,8.2,5.4,24.7,27.5,35.1,35.5,34.3,47.1,46.1,47.8
2025-08-26 15:00:00,,,,,,,,,,,,,,,,,,,,18.9,20.5,8.2,5.4,24.7,27.5,35.1,35.5,34.3,47.1,46.0,47.8
2025-08-26 16:00:00,,,,,,,,,,,,,,,,,,,,19.0,20.5,8.2,5.5,24.7,27.5,35.1,35.4,34.3,47.1,46.0,47.8
2025-08-26 17:00:00,,,,,,,,,,,,,,,,,,,,25.7,23.7,8.2,5.4,24.8,27.5,35.1,35.4,34.3,47.1,46.1,47.8
2025-08-26 18:00:00,,,,,,,,,,,,,,,,,,,,28.7,23.8,8.2,5.5,24.8,27.5,35.1,35.4,34.3,47.1,46.1,47.8
2025-08-26 19:00:00,,,,,,,,,,,,,,,,,,,,31.0,23.8,8.3,5.4,24.8,27.5,35.1,35.4,34.3,47.1,46.1,47.8
2025-08-26 20:00:00,,,,,,,,,,,,,,,,,,,,31.6,23.9,8.3,5.5,24.8,27.5,35.1,35.4,34.3,47.1,46.1,47.7
2025-08-26 21:00:00,,,,,,,,,,,,,,,,,,,,31.4,23.9,8.3,5.4,24.8,27.5,35.1,35.4,34.3,47.1,46.1,47.8
2025-08-26 22:00:00,,,,,,,,,,,,,,,,,,,,31.1,23.8,8.4,5.4,24.8,27.5,35.1,35.4,34.3,47.1,46.1,47.7
2025-08-26 23:00:00,,,,,,,,,,,,,,,,,,,,30.9,23.9,8.4,5.4,24.8,27.5,35.1,35.3,34.3,47.1,46.0,47.7
2025-08-27 01:00:00,,,,,,,,,,,,,,,,,,,,30.6,23.8,8.4,5.5,24.8,27.6,35.1,35.3,34.3,47.1,46.0,47.7
2025-08-27 02:00:00,,,,,,,,,,,,,,,,,,,,30.4,23.8,8.4,5.5,24.8,27.6,35.1,35.3,34.3,47.1,46.0,47.7
2025-08-27 03:00:00,,,,,,,,,,,,,,,,,,,,30.2,23.9,8.4,5.5,24.8,27.6,35.1,35.3,34.3,47.1,46.0,47.7
2025-08-27 04:00:00,,,,,,,,,,,,,,,,,,,,30.9,23.9,8.4,5.4,24.8,27.6,35.1,35.3,34.3,47.1,46.0,47.7
2025-08-27 05:00:00,,,,,,,,,,,,,,,,,,,,33.6,24.2,8.4,5.4,24.8,27.6,35.1,35.3,34.3,47.1,46.0,47.7
2025-08-27 06:00:00,,,,,,,,,,,,,,,,,,,,33.6,24.5,8.4,5.5,24.9,27.6,35.1,35.3,34.2,47.1,46.0,47.7
2025-08-27 07:00:00,,,,,,,,,,,,,,,,,,,,33.7,24.6,8.5,5.4,24.8,27.6,35.1,35.3,34.2,47.1,46.0,47.7
2025-08-27 08:00:00,,,,,,,,,,,,,,,,,,,,33.7,24.8,8.5,5.4,24.9,27.6,35.1,35.3,34.2,47.1,46.0,47.7
2025-08-27 09:00:00,,,,,,,,,,,,,,,,,,,,33.3,24.9,8.5,5.5,24.8,27.6,35.1,35.3,34.2,47.1,46.0,47.7
2025-08-27 10:00:00,,,,,,,,,,,,,,,,,,,,33.1,24.9,8.4,5.4,24.8,27.6,35.1,35.3,34.2,47.1,46.0,47.7
2025-08-27 11:00:00,,,,,,,,,,,,,,,,,,,,32.8,25.0,8.4,5.4,24.9,27.6,35.1,35.3,34.2,47.1,46.0,47.7
2025-08-27 12:00:00,,,,,,,,,,,,,,,,,,,,32.8,25.0,8.4,5.4,24.8,27.6,35.1,35.2,34.2,47.1,46.0,47.7
2025-08-27 13:00:00,,,,,,,,,,,,,,,,,,,,32.7,25.1,8.4,5.4,24.8,27.6,35.1,35.2,34.1,47.1,45.9,47.7
2025-08-27 14:00:00,,,,,,,,,,,,,,,,,,,,32.6,25.1,8.4,5.4,24.8,27.6,35.1,35.2,34.1,47.1,45.9,47.7
2025-08-27 15:00:00,,,,,,,,,,,,,,,,,,,,32.3,25.1,8.4,5.5,24.8,27.5,35.1,35.2,34.1,47.1,45.9,47.7
2025-08-27 16:00:00,,,,,,,,,,,,,,,,,,,,32.1,25.1,8.5,5.5,24.8,27.5,35.1,35.2,34.1,47.1,45.9,47.6
2025-08-27 17:00:00,,,,,,,,,,,,,,,,,,,,31.9,25.1,8.5,5.4,24.8,27.5,35.0,35.2,34.1,47.1,45.9,47.6
2025-08-27 18:00:00,,,,,,,,,,,,,,,,,,,,31.7,25.1,8.5,5.5,24.8,27.5,35.0,35.2,34.1,47.1,45.9,47.6
2025-08-27 19:00:00,,,,,,,,,,,,,,,,,,,,31.6,25.1,8.5,5.4,24.8,27.5,35.0,35.2,34.1,47.0,45.9,47.6
2025-08-27 20:00:00,,,,,,,,,,,,,,,,,,,,31.5,25.1,8.5,5.4,24.8,27.5,35.0,35.2,34.1,47.0,45.9,47.6
2025-08-27 21:00:00,,,,,,,,,,,,,,,,,,,,31.3,25.1,8.5,5.5,24.8,27.5,35.0,35.1,34.1,47.0,45.9,47.6
2025-08-27 22:00:00,,,,,,,,,,,,,,,,,,,,31.2,25.2,8.5,5.4,24.8,27.5,35.0,35.1,34.1,47.0,45.9,47.6
2025-08-27 23:00:00,,,,,,,,,,,,,,,,,,,,31.0,25.2,8.6,5.5,24.9,27.5,35.0,35.1,34.1,47.0,45.9,47.6
2025-08-28 01:00:00,,,,,,,,,,,,,,,,,,,,30.9,25.2,8.5,5.5,24.9,27.5,35.0,35.1,34.1,47.0,45.9,47.6
2025-08-28 02:00:00,,,,,,,,,,,,,,,,,,,,30.8,25.2,8.5,5.5,24.9,27.5,35.0,35.1,34.1,47.0,45.9,47.6
2025-08-28 03:00:00,,,,,,,,,,,,,,,,,,,,30.8,25.2,8.5,5.5,24.9,27.5,35.0,35.1,34.1,47.0,45.9,47.6
2025-08-28 04:00:00,,,,,,,,,,,,,,,,,,,,30.7,25.2,8.6,5.5,24.9,27.5,35.0,35.1,34.1,47.0,45.9,47.6
2025-08-28 05:00:00,,,,,,,,,,,,,,,,,,,,30.6,25.2,8.6,5.5,24.9,27.5,35.0,35.1,34.1,47.0,45.9,47.6
2025-08-28 06:00:00,,,,,,,,,,,,,,,,,,,,30.6,25.2,8.6,5.5,24.9,27.5,35.0,35.1,34.1,47.0,45.9,47.6
2025-08-28 07:00:00,,,,,,,,,,,,,,,,,,,,30.5,25.2,8.6,5.4,24.9,27.5,35.0,35.1,34.0,47.0,45.9,47.6
2025-08-28 08:00:00,,,,,,,,,,,,,,,,,,,,30.3,25.1,8.6,5.4,24.9,27.5,35.0,35.1,34.0,47.0,45.9,47.6
2025-08-28 09:00:00,,,,,,,,,,,,,,,,,,,,29.9,24.9,8.6,5.4,24.8,27.4,34.9,35.1,34.0,47.0,45.8,47.5
2025-08-28 10:00:00,,,,,,,,,,,,,,,,,,,,29.5,24.7,8.6,5.4,24.7,27.3,34.9,35.0,34.0,46.9,45.8,47.5
2025-08-28 11:00:00,,,,,,,,,,,,,,,,,,,,29.1,24.6,8.5,5.4,24.6,27.2,34.8,35.0,34.0,46.9,45.8,47.5
2025-08-28 12:00:00,,,,,,,,,,,,,,,,,,,,28.8,24.4,8.5,5.4,24.6,27.2,34.8,35.0,34.0,46.9,45.8,47.5
2025-08-28 13:00:00,,,,,,,,,,,,,,,,,,,,28.4,24.3,8.5,5.4,24.5,27.2,34.8,34.9,33.9,46.9,45.8,47.5
2025-08-28 14:00:00,,,,,,,,,,,,,,,,,,,,28.0,24.2,8.5,5.4,24.5,27.1,34.7,34.9,34.0,46.9,45.8,47.5
2025-08-28 15:00:00,,,,,,,,,,,,,,,,,,,,27.7,24.0,8.5,5.4,24.4,27.1,34.7,34.9,33.9,46.9,45.8,47.5
2025-08-28 16:00:00,,,,,,,,,,,,,,,,,,,,27.5,23.9,8.5,5.4,24.4,27.1,34.7,34.8,33.9,46.8,45.7,47.5
2025-08-28 17:00:00,,,,,,,,,,,,,,,,,,,,27.3,23.9,8.5,5.4,24.4,27.1,34.7,34.8,33.9,46.8,45.7,47.5
2025-08-28 18:00:00,,,,,,,,,,,,,,,,,,,,27.3,23.9,8.5,5.4,24.4,27.1,34.6,34.8,33.9,46.8,45.7,47.5
2025-08-28 19:00:00,,,,,,,,,,,,,,,,,,,,27.2,23.9,8.5,5.4,24.4,27.1,34.6,34.8,33.9,46.8,45.7,47.5
2025-08-28 20:00:00,,,,,,,,,,,,,,,,,,,,27.1,23.9,8.5,5.5,24.4,27.1,34.6,34.8,33.9,46.8,45.7,47.5
2025-08-28 21:00:00,,,,,,,,,,,,,,,,,,,,27.1,23.9,8.5,5.4,24.4,27.1,34.6,34.8,33.9,46.8,45.7,47.5
2025-08-28 22:00:00,,,,,,,,,,,,,,,,,,,,27.0,23.9,8.5,5.4,24.5,27.1,34.6,34.7,33.9,46.8,45.7,47.5
2025-08-28 23:00:00,,,,,,,,,,,,,,,,,,,,26.9,23.9,8.6,5.4,24.5,27.1,34.6,34.7,33.9,46.8,45.7,47.5
2025-08-29 01:00:00,,,,,,,,,,,,,,,,,,,,26.8,23.9,8.6,5.4,24.5,27.1,34.6,34.7,33.8,46.8,45.7,47.5
2025-08-29 02:00:00,,,,,,,,,,,,,,,,,,,,26.8,23.8,8.5,5.4,24.5,27.1,34.6,34.7,33.8,46.8,45.7,47.5
2025-08-29 03:00:00,,,,,,,,,,,,,,,,,,,,26.7,23.9,8.5,5.5,24.5,27.1,34.6,34.7,33.8,46.8,45.7,47.5
2025-08-29 04:00:00,,,,,,,,,,,,,,,,,,,,26.7,23.8,8.5,5.5,24.5,27.2,34.6,34.7,33.8,46.8,45.7,47.5
2025-08-29 05:00:00,,,,,,,,,,,,,,,,,,,,26.6,23.9,8.5,5.4,24.5,27.2,34.6,34.7,33.8,46.8,45.7,47.5
2025-08-29 06:00:00,,,,,,,,,,,,,,,,,,,,26.5,23.8,8.5,5.5,24.6,27.2,34.6,34.7,33.8,46.8,45.7,47.5
2025-08-29 07:00:00,,,,,,,,,,,,,,,,,,,,26.5,23.8,8.6,5.4,24.6,27.2,34.6,34.7,33.8,46.8,45.7,47.5
2025-08-29 08:00:00,,,,,,,,,,,,,,,,,,,,26.3,23.7,8.6,5.5,24.5,27.1,34.6,34.7,33.8,46.8,45.7,47.4
2025-08-29 09:00:00,,,,,,,,,,,,,,,,,,,,25.9,23.5,8.5,5.4,24.4,27.0,34.6,34.7,33.8,46.7,45.7,47.4
2025-08-29 10:00:00,,,,,,,,,,,,,,,,,,,,25.6,23.3,8.5,5.4,24.3,27.0,34.5,34.7,33.8,46.7,45.7,47.4
2025-08-29 11:00:00,,,,,,,,,,,,,,,,,,,,25.1,23.1,8.5,5.4,24.2,26.9,34.5,34.6,33.7,46.7,45.6,47.4
2025-08-29 12:00:00,,,,,,,,,,,,,,,,,,,,24.7,22.9,8.5,5.4,24.2,26.8,34.4,34.6,33.7,46.6,45.6,47.4
2025-08-29 13:00:00,,,,,,,,,,,,,,,,,,,,24.2,22.7,8.5,5.4,24.1,26.7,34.3,34.6,33.7,46.6,45.6,47.3
2025-08-29 14:00:00,,,,,,,,,,,,,,,,,,,,23.9,22.5,8.4,5.4,24.0,26.6,34.3,34.5,33.6,46.6,45.6,47.3
2025-08-29 15:00:00,,,,,,,,,,,,,,,,,,,,23.5,22.4,8.4,5.4,23.9,26.5,34.2,34.5,33.6,46.6,45.5,47.3
2025-08-29 16:00:00,,,,,,,,,,,,,,,,,,,,23.3,22.3,8.5,5.4,23.9,26.5,34.2,34.4,33.6,46.5,45.5,47.3
2025-08-29 17:00:00,,,,,,,,,,,,,,,,,,,,23.2,22.3,8.4,5.4,23.9,26.5,34.2,34.4,33.6,46.5,45.5,47.3
2025-08-29 18:00:00,,,,,,,,,,,,,,,,,,,,23.2,22.3,8.4,5.4,23.9,26.5,34.2,34.4,33.6,46.5,45.5,47.2
2025-08-29 19:00:00,,,,,,,,,,,,,,,,,,,,23.0,22.3,8.4,5.4,23.9,26.5,34.1,34.3,33.5,46.5,45.5,47.2
2025-08-29 20:00:00,,,,,,,,,,,,,,,,,,,,23.0,22.3,8.5,5.4,23.9,26.5,34.1,34.3,33.5,46.5,45.5,47.2
2025-08-29 21:00:00,,,,,,,,,,,,,,,,,,,,23.0,22.3,8.5,5.4,24.0,26.5,34.2,34.3,33.5,46.5,45.5,47.2
2025-08-29 22:00:00,,,,,,,,,,,,,,,,,,,,22.9,22.3,8.5,5.4,24.0,26.5,34.1,34.3,33.5,46.5,45.5,47.2
2025-08-29 23:00:00,,,,,,,,,,,,,,,,,,,,22.9,22.3,8.5,5.4,24.0,26.5,34.1,34.3,33.5,46.5,45.5,47.2
2025-08-30 01:00:00,,,,,,,,,,,,,,,,,,,,22.8,22.3,8.5,5.4,24.0,26.5,34.2,34.3,33.5,46.5,45.5,47.2
2025-08-30 02:00:00,,,,,,,,,,,,,,,,,,,,22.8,22.3,8.5,5.4,24.0,26.5,34.1,34.3,33.5,46.5,45.5,47.2
2025-08-30 03:00:00,,,,,,,,,,,,,,,,,,,,22.8,22.3,8.5,5.5,24.0,26.6,34.1,34.3,33.5,46.5,45.5,47.2
2025-08-30 04:00:00,,,,,,,,,,,,,,,,,,,,22.7,22.3,8.5,5.4,24.0,26.6,34.1,34.3,33.5,46.5,45.5,47.2
2025-08-30 05:00:00,,,,,,,,,,,,,,,,,,,,22.7,22.3,8.5,5.4,24.1,26.6,34.2,34.2,33.5,46.5,45.5,47.2
2025-08-30 06:00:00,,,,,,,,,,,,,,,,,,,,22.6,22.2,8.4,5.4,24.1,26.6,34.1,34.2,33.5,46.5,45.5,47.2
2025-08-30 07:00:00,,,,,,,,,,,,,,,,,,,,22.6,22.3,8.4,5.4,24.1,26.6,34.1,34.2,33.5,46.5,45.5,47.2
2025-08-30 08:00:00,,,,,,,,,,,,,,,,,,,,22.6,22.2,8.4,5.4,24.0,26.6,34.1,34.2,33.5,46.5,45.5,47.1
2025-08-30 09:00:00,,,,,,,,,,,,,,,,,,,,22.4,22.0,8.5,5.4,23.9,26.5,34.1,34.2,33.4,46.4,45.5,47.1
2025-08-30 10:00:00,,,,,,,,,,,,,,,,,,,,22.1,21.9,8.4,5.4,23.9,26.4,34.0,34.2,33.4,46.4,45.4,47.1
2025-08-30 11:00:00,,,,,,,,,,,,,,,,,,,,21.9,21.8,8.4,5.4,23.8,26.3,34.0,34.2,33.4,46.4,45.4,47.0
2025-08-30 12:00:00,,,,,,,,,,,,,,,,,,,,21.7,21.7,8.4,5.4,23.7,26.2,33.9,34.1,33.4,46.3,45.4,47.0
2025-08-30 13:00:00,,,,,,,,,,,,,,,,,,,,21.5,21.6,8.4,5.4,23.7,26.1,33.8,34.1,33.3,46.3,45.3,47.0
2025-08-30 14:00:00,,,,,,,,,,,,,,,,,,,,21.3,21.5,8.4,5.4,23.6,26.1,33.8,34.0,33.3,46.3,45.3,47.0
2025-08-30 15:00:00,,,,,,,,,,,,,,,,,,,,21.2,21.4,8.4,5.4,23.6,26.0,33.7,34.0,33.3,46.3,45.3,47.0
2025-08-30 16:00:00,,,,,,,,,,,,,,,,,,,,21.1,21.4,8.3,5.4,23.6,26.0,33.7,33.9,33.2,46.2,45.3,47.0
2025-08-30 17:00:00,,,,,,,,,,,,,,,,,,,,21.0,21.4,8.3,5.4,23.5,26.0,33.6,33.9,33.2,46.2,45.2,47.0
2025-08-30 18:00:00,,,,,,,,,,,,,,,,,,,,21.0,21.4,8.3,5.4,23.5,26.0,33.6,33.9,33.2,46.2,45.2,47.0
2025-08-30 19:00:00,,,,,,,,,,,,,,,,,,,,21.0,21.4,8.4,5.4,23.6,26.0,33.6,33.9,33.2,46.2,45.2,46.9
2025-08-30 20:00:00,,,,,,,,,,,,,,,,,,,,20.9,21.4,8.4,5.4,23.6,26.0,33.6,33.9,33.2,46.2,45.2,46.9
2025-08-30 21:00:00,,,,,,,,,,,,,,,,,,,,20.9,21.4,8.4,5.4,23.6,26.0,33.6,33.9,33.2,46.2,45.2,46.9
2025-08-30 22:00:00,,,,,,,,,,,,,,,,,,,,20.8,21.4,8.4,5.4,23.6,26.0,33.6,33.8,33.2,46.2,45.2,46.9
2025-08-30 23:00:00,,,,,,,,,,,,,,,,,,,,20.9,21.4,8.4,5.4,23.6,26.0,33.6,33.8,33.2,46.2,45.2,46.9
2025-08-31 01:00:00,,,,,,,,,,,,,,,,,,,,20.8,21.4,8.4,5.4,23.6,26.0,33.6,33.8,33.2,46.2,45.2,46.9
2025-08-31 02:00:00,,,,,,,,,,,,,,,,,,,,20.8,21.4,8.4,5.4,23.6,26.0,33.6,33.8,33.2,46.2,45.2,46.9
2025-08-31 03:00:00,,,,,,,,,,,,,,,,,,,,20.8,21.4,8.4,5.4,23.6,26.0,33.6,33.8,33.2,46.2,45.2,46.9
2025-08-31 04:00:00,,,,,,,,,,,,,,,,,,,,20.7,21.4,8.4,5.4,23.7,26.0,33.6,33.8,33.1,46.2,45.2,46.9
2025-08-31 05:00:00,,,,,,,,,,,,,,,,,,,,20.7,21.4,8.4,5.4,23.7,26.0,33.6,33.8,33.2,46.2,45.2,46.9
2025-08-31 06:00:00,,,,,,,,,,,,,,,,,,,,20.7,21.4,8.4,5.4,23.7,26.0,33.6,33.8,33.1,46.1,45.2,46.9
2025-08-31 07:00:00,,,,,,,,,,,,,,,,,,,,20.7,21.4,8.4,5.4,23.7,26.0,33.6,33.8,33.1,46.1,45.2,46.9
2025-08-31 08:00:00,,,,,,,,,,,,,,,,,,,,20.7,21.4,8.4,5.4,23.7,26.0,33.6,33.8,33.1,46.1,45.2,46.9
2025-08-31 09:00:00,,,,,,,,,,,,,,,,,,,,20.7,21.4,8.4,5.4,23.7,26.0,33.6,33.8,33.1,46.1,45.2,46.9
2025-08-31 10:00:00,,,,,,,,,,,,,,,,,,,,20.6,21.3,8.3,5.4,23.6,25.9,33.5,33.7,33.1,46.1,45.2,46.9
2025-08-31 11:00:00,,,,,,,,,,,,,,,,,,,,20.5,21.2,8.3,5.3,23.5,25.9,33.5,33.7,33.1,46.1,45.2,46.8
2025-08-31 12:00:00,,,,,,,,,,,,,,,,,,,,20.3,21.0,8.3,5.4,23.4,25.7,33.4,33.7,33.1,46.1,45.2,46.8
2025-08-31 13:00:00,,,,,,,,,,,,,,,,,,,,20.2,20.9,8.3,5.3,23.3,25.6,33.3,33.6,33.0,46.0,45.1,46.8
2025-08-31 14:00:00,,,,,,,,,,,,,,,,,,,,20.0,20.7,8.2,5.4,23.2,25.4,33.1,33.6,32.9,45.9,45.1,46.8
2025-08-31 15:00:00,,,,,,,,,,,,,,,,,,,,19.9,20.6,8.2,5.4,23.1,25.3,33.0,33.5,32.9,45.9,45.1,46.8
2025-08-31 16:00:00,,,,,,,,,,,,,,,,,,,,19.8,20.6,8.2,5.3,23.0,25.2,32.9,33.5,32.9,45.8,45.0,46.7
2025-08-31 17:00:00,,,,,,,,,,,,,,,,,,,,19.8,20.6,8.2,5.4,23.0,25.2,32.9,33.4,32.9,45.8,45.0,46.7
2025-08-31 18:00:00,,,,,,,,,,,,,,,,,,,,19.7,20.6,8.3,5.3,23.0,25.2,32.9,33.4,32.8,45.8,45.0,46.7
2025-08-31 19:00:00,,,,,,,,,,,,,,,,,,,,19.8,20.5,8.2,5.4,23.0,25.2,32.8,33.4,32.8,45.8,45.0,46.7
2025-08-31 20:00:00,,,,,,,,,,,,,,,,,,,,19.8,20.5,8.2,5.4,23.0,25.2,32.8,33.4,32.8,45.8,45.0,46.7
2025-08-31 21:00:00,,,,,,,,,,,,,,,,,,,,19.8,20.6,8.2,5.4,23.0,25.2,32.8,33.3,32.8,45.8,45.0,46.7
2025-08-31 22:00:00,,,,,,,,,,,,,,,,,,,,19.7,20.6,8.2,5.4,23.1,25.2,32.8,33.3,32.8,45.8,45.0,46.7
2025-08-31 23:00:00,,,,,,,,,,,,,,,,,,,,19.7,20.6,8.2,5.4,23.1,25.2,32.8,33.3,32.8,45.8,45.0,46.7
2025-09-01 01:00:00,,,,,,,,,,,,,,,,,,,,19.7,20.6,8.2,5.3,23.1,25.2,32.8,33.3,32.8,45.8,45.0,46.7
2025-09-01 02:00:00,,,,,,,,,,,,,,,,,,,,19.7,20.6,8.2,5.4,23.1,25.2,32.8,33.3,32.8,45.8,45.0,46.7
2025-09-01 03:00:00,,,,,,,,,,,,,,,,,,,,19.7,20.5,8.2,5.4,23.1,25.2,32.8,33.3,32.8,45.8,45.0,46.7
2025-09-01 04:00:00,,,,,,,,,,,,,,,,,,,,19.7,20.6,8.3,5.4,23.1,25.2,32.8,33.3,32.8,45.8,45.0,46.6
2025-09-01 05:00:00,,,,,,,,,,,,,,,,,,,,19.7,20.6,8.3,5.4,23.1,25.2,32.8,33.3,32.8,45.8,45.0,46.7
2025-09-01 06:00:00,,,,,,,,,,,,,,,,,,,,19.7,20.6,8.3,5.4,23.1,25.2,32.8,33.3,32.8,45.8,45.0,46.6
2025-09-01 07:00:00,,,,,,,,,,,,,,,,,,,,19.7,20.6,8.3,5.4,23.1,25.2,32.8,33.3,32.8,45.8,45.0,46.6
2025-09-01 08:00:00,,,,,,,,,,,,,,,,,,,,19.7,20.6,8.2,5.4,23.1,25.2,32.8,33.3,32.8,45.8,45.0,46.6
2025-09-01 09:00:00,,,,,,,,,,,,,,,,,,,,19.7,20.5,8.2,5.4,23.0,25.1,32.7,33.3,32.8,45.8,44.9,46.6
2025-09-01 10:00:00,,,,,,,,,,,,,,,,,,,,19.6,20.4,8.2,5.3,22.9,25.0,32.6,33.2,32.7,45.7,44.9,46.6
2025-09-01 11:00:00,,,,,,,,,,,,,,,,,,,,19.5,20.3,8.2,5.4,22.8,24.8,32.5,33.1,32.7,45.7,44.9,46.6
2025-09-01 12:00:00,,,,,,,,,,,,,,,,,,,,19.4,20.2,8.1,5.3,22.7,24.7,32.3,33.1,32.6,45.6,44.8,46.5
2025-09-01 13:00:00,,,,,,,,,,,,,,,,,,,,19.3,20.0,8.1,5.3,22.6,24.5,32.1,33.0,32.6,45.5,44.8,46.5
2025-09-01 14:00:00,,,,,,,,,,,,,,,,,,,,19.2,19.9,8.1,5.3,22.5,24.3,32.0,32.9,32.5,45.5,44.7,46.4
2025-09-01 15:00:00,,,,,,,,,,,,,,,,,,,,19.2,19.9,8.1,5.3,22.4,24.2,31.8,32.9,32.5,45.4,44.7,46.4
2025-09-01 16:00:00,,,,,,,,,,,,,,,,,,,,19.2,19.9,8.1,5.3,22.4,24.1,31.8,32.8,32.4,45.3,44.6,46.4
2025-09-01 17:00:00,,,,,,,,,,,,,,,,,,,,19.1,19.9,8.1,5.3,22.4,24.1,31.7,32.8,32.4,45.3,44.6,46.4
2025-09-01 18:00:00,,,,,,,,,,,,,,,,,,,,19.2,19.9,8.1,5.3,22.4,24.1,31.7,32.7,32.4,45.3,44.6,46.4
2025-09-01 19:00:00,,,,,,,,,,,,,,,,,,,,19.2,19.9,8.1,5.3,22.4,24.1,31.6,32.7,32.3,45.3,44.6,46.3
2025-09-01 20:00:00,,,,,,,,,,,,,,,,,,,,19.2,19.9,8.1,5.4,22.4,24.1,31.6,32.7,32.3,45.3,44.6,46.3
2025-09-01 21:00:00,,,,,,,,,,,,,,,,,,,,19.2,19.9,8.1,5.4,22.4,24.1,31.6,32.7,32.3,45.3,44.6,46.3
2025-09-01 22:00:00,,,,,,,,,,,,,,,,,,,,19.2,19.9,8.1,5.3,22.4,24.1,31.6,32.7,32.3,45.3,44.6,46.3
2025-09-01 23:00:00,,,,,,,,,,,,,,,,,,,,19.1,19.9,8.1,5.3,22.4,24.1,31.6,32.7,32.3,45.3,44.6,46.3
2025-09-02 01:00:00,,,,,,,,,,,,,,,,,,,,19.1,19.9,8.1,5.3,22.3,24.1,31.6,32.6,32.3,45.3,44.6,46.3
2025-09-02 02:00:00,,,,,,,,,,,,,,,,,,,,19.1,19.9,8.1,5.3,22.4,24.1,31.6,32.6,32.3,45.3,44.6,46.3
2025-09-02 03:00:00,,,,,,,,,,,,,,,,,,,,19.1,19.9,8.1,5.3,22.4,24.1,31.6,32.6,32.3,45.3,44.6,46.3
2025-09-02 04:00:00,,,,,,,,,,,,,,,,,,,,19.1,19.9,8.1,5.3,22.4,24.1,31.6,32.6,32.3,45.3,44.6,46.3
2025-09-02 05:00:00,,,,,,,,,,,,,,,,,,,,19.1,19.9,8.1,5.3,22.4,24.1,31.6,32.6,32.3,45.3,44.6,46.3
2025-09-02 06:00:00,,,,,,,,,,,,,,,,,,,,19.1,19.9,8.1,5.3,22.4,24.1,31.6,32.6,32.3,45.3,44.6,46.2
2025-09-02 07:00:00,,,,,,,,,,,,,,,,,,,,19.1,19.9,8.1,5.3,22.4,24.1,31.6,32.6,32.3,45.3,44.6,46.2
2025-09-02 08:00:00,,,,,,,,,,,,,,,,,,,,19.1,19.9,8.1,5.3,22.4,24.1,31.6,32.6,32.3,45.3,44.6,46.2
2025-09-02 09:00:00,,,,,,,,,,,,,,,,,,,,19.1,19.9,8.1,5.3,22.3,24.1,31.6,32.6,32.2,45.2,44.6,46.2
2025-09-02 10:00:00,,,,,,,,,,,,,,,,,,,,19.1,19.8,8.1,5.3,22.3,23.9,31.4,32.5,32.2,45.2,44.5,46.2
2025-09-02 11:00:00,,,,,,,,,,,,,,,,,,,,19.0,19.7,8.1,5.3,22.2,23.8,31.3,32.4,32.2,45.2,44.5,46.1
2025-09-02 12:00:00,,,,,,,,,,,,,,,,,,,,19.0,19.6,8.0,5.3,22.0,23.6,31.1,32.4,32.1,45.1,44.4,46.1
2025-09-02 13:00:00,,,,,,,,,,,,,,,,,,,,18.9,19.5,8.0,5.3,21.9,23.4,30.9,32.2,32.1,45.0,44.4,46.1
2025-09-02 14:00:00,,,,,,,,,,,,,,,,,,,,18.9,19.5,8.0,5.3,21.9,23.3,30.8,32.2,32.0,45.0,44.3,46.0
2025-09-02 15:00:00,,,,,,,,,,,,,,,,,,,,18.8,19.5,8.0,5.3,21.8,23.2,30.7,32.1,31.9,44.9,44.3,46.0
2025-09-02 16:00:00,,,,,,,,,,,,,,,,,,,,18.8,19.5,8.0,5.3,21.8,23.2,30.6,32.1,31.9,44.9,44.3,46.0
2025-09-02 17:00:00,,,,,,,,,,,,,,,,,,,,18.9,19.5,8.0,5.3,21.8,23.2,30.6,32.1,31.9,44.9,44.3,46.0
2025-09-02 18:00:00,,,,,,,,,,,,,,,,,,,,18.8,19.5,8.0,5.3,21.8,23.2,30.5,32.0,31.9,44.9,44.3,46.0
2025-09-02 19:00:00,,,,,,,,,,,,,,,,,,,,18.9,19.5,8.0,5.2,21.8,23.2,30.5,32.0,31.9,44.9,44.3,46.0
2025-09-02 20:00:00,,,,,,,,,,,,,,,,,,,,18.9,19.5,8.0,5.3,21.8,23.2,30.5,32.0,31.9,44.9,44.3,46.0
2025-09-02 21:00:00,,,,,,,,,,,,,,,,,,,,18.9,19.5,8.0,5.2,21.8,23.2,30.5,32.0,31.9,44.8,44.3,46.0
2025-09-02 22:00:00,,,,,,,,,,,,,,,,,,,,18.9,19.5,8.0,5.3,21.8,23.2,30.5,32.0,31.9,44.9,44.3,46.0
2025-09-02 23:00:00,,,,,,,,,,,,,,,,,,,,18.9,19.5,8.0,5.2,21.8,23.2,30.5,32.0,31.9,44.8,44.3,46.0
2025-09-03 01:00:00,,,,,,,,,,,,,,,,,,,,18.9,19.5,8.0,5.2,21.9,23.2,30.5,32.0,31.8,44.8,44.3,46.0
2025-09-03 02:00:00,,,,,,,,,,,,,,,,,,,,18.8,19.6,8.0,5.2,21.9,23.2,30.5,31.9,31.8,44.8,44.3,45.9
2025-09-03 03:00:00,,,,,,,,,,,,,,,,,,,,18.9,19.5,8.0,5.3,21.9,23.2,30.5,31.9,31.8,44.9,44.3,45.9
2025-09-03 04:00:00,,,,,,,,,,,,,,,,,,,,18.8,19.5,8.0,5.2,21.9,23.2,30.5,31.9,31.8,44.8,44.3,45.9
2025-09-03 05:00:00,,,,,,,,,,,,,,,,,,,,18.8,19.6,8.0,5.3,21.9,23.2,30.5,31.9,31.8,44.9,44.3,45.9
2025-09-03 06:00:00,,,,,,,,,,,,,,,,,,,,18.8,19.5,8.0,5.3,21.9,23.3,30.5,31.9,31.8,44.8,44.3,45.9
2025-09-03 07:00:00,,,,,,,,,,,,,,,,,,,,18.8,19.5,8.0,5.2,21.9,23.3,30.6,31.9,31.8,44.8,44.3,45.9
2025-09-03 08:00:00,,,,,,,,,,,,,,,,,,,,18.8,19.5,8.0,5.3,21.9,23.3,30.6,31.9,31.8,44.8,44.3,45.9
2025-09-03 09:00:00,,,,,,,,,,,,,,,,,,,,18.8,19.5,8.0,5.2,21.8,23.2,30.5,31.9,31.8,44.8,44.3,45.9
2025-09-03 10:00:00,,,,,,,,,,,,,,,,,,,,18.8,19.4,8.0,5.3,21.7,23.0,30.3,31.8,31.8,44.8,44.2,45.9
2025-09-03 11:00:00,,,,,,,,,,,,,,,,,,,,18.8,19.3,7.9,5.2,21.6,22.9,30.2,31.8,31.7,44.7,44.2,45.9
2025-09-03 12:00:00,,,,,,,,,,,,,,,,,,,,18.7,19.3,7.9,5.2,21.5,22.8,30.0,31.7,31.7,44.7,44.1,45.8
2025-09-03 13:00:00,,,,,,,,,,,,,,,,,,,,18.7,19.3,7.9,5.3,21.5,22.7,29.8,31.6,31.6,44.6,44.1,45.8
2025-09-03 14:00:00,,,,,,,,,,,,,,,,,,,,18.7,19.2,7.9,5.2,21.5,22.6,29.7,31.5,31.6,44.5,44.0,45.8
2025-09-03 15:00:00,,,,,,,,,,,,,,,,,,,,18.7,19.2,7.9,5.2,21.4,22.5,29.5,31.4,31.5,44.5,43.9,45.7
2025-09-03 16:00:00,,,,,,,,,,,,,,,,,,,,18.7,19.2,7.9,5.3,21.4,22.4,29.3,31.4,31.5,44.4,43.9,45.7
2025-09-03 17:00:00,,,,,,,,,,,,,,,,,,,,18.7,19.2,7.9,5.2,21.4,22.4,29.3,31.3,31.4,44.4,43.9,45.7
2025-09-03 18:00:00,,,,,,,,,,,,,,,,,,,,18.6,19.2,7.9,5.3,21.4,22.4,29.2,31.3,31.4,44.4,43.9,45.7
2025-09-03 19:00:00,,,,,,,,,,,,,,,,,,,,18.7,19.2,7.9,5.2,21.4,22.4,29.2,31.3,31.4,44.4,43.9,45.7
2025-09-03 20:00:00,,,,,,,,,,,,,,,,,,,,18.7,19.2,7.9,5.2,21.4,22.4,29.2,31.3,31.3,44.4,43.9,45.7
2025-09-03 21:00:00,,,,,,,,,,,,,,,,,,,,18.7,19.2,7.9,5.2,21.4,22.4,29.2,31.2,31.3,44.4,43.9,45.6
2025-09-03 22:00:00,,,,,,,,,,,,,,,,,,,,18.7,19.2,7.9,5.3,21.3,22.4,29.2,31.2,31.3,44.3,43.9,45.6
2025-09-03 23:00:00,,,,,,,,,,,,,,,,,,,,18.7,19.2,7.9,5.3,21.3,22.4,29.2,31.2,31.3,44.4,43.9,45.6
2025-09-04 01:00:00,,,,,,,,,,,,,,,,,,,,18.6,19.2,7.9,5.3,21.3,22.4,29.2,31.2,31.3,44.4,43.9,45.6
2025-09-04 02:00:00,,,,,,,,,,,,,,,,,,,,18.7,19.2,7.9,5.3,21.4,22.4,29.2,31.2,31.3,44.4,43.9,45.6
2025-09-04 03:00:00,,,,,,,,,,,,,,,,,,,,18.7,19.2,7.9,5.3,21.4,22.4,29.2,31.2,31.3,44.4,43.9,45.6
2025-09-04 04:00:00,,,,,,,,,,,,,,,,,,,,18.6,19.3,7.9,5.2,21.4,22.4,29.2,31.2,31.3,44.4,43.9,45.6
2025-09-04 05:00:00,,,,,,,,,,,,,,,,,,,,18.6,19.2,7.9,5.3,21.4,22.4,29.2,31.2,31.3,44.4,43.9,45.6
2025-09-04 06:00:00,,,,,,,,,,,,,,,,,,,,18.6,19.2,7.9,5.3,21.4,22.5,29.2,31.2,31.3,44.4,43.9,45.6
2025-09-04 07:00:00,,,,,,,,,,,,,,,,,,,,18.6,19.2,7.9,5.3,21.4,22.5,29.3,31.2,31.3,44.3,43.9,45.6
2025-09-04 08:00:00,,,,,,,,,,,,,,,,,,,,18.7,19.2,7.9,5.2,21.3,22.4,29.2,31.1,31.3,44.3,43.9,45.6
2025-09-04 09:00:00,,,,,,,,,,,,,,,,,,,,18.7,19.1,7.9,5.2,21.3,22.3,29.0,31.1,31.2,44.3,43.9,45.6
2025-09-04 10:00:00,,,,,,,,,,,,,,,,,,,,18.6,19.1,7.8,5.1,21.2,22.1,28.8,31.0,31.2,44.2,43.8,45.6
2025-09-04 11:00:00,,,,,,,,,,,,,,,,,,,,18.6,19.0,7.8,5.1,21.0,22.0,28.5,30.8,31.1,44.1,43.7,45.5
2025-09-04 12:00:00,,,,,,,,,,,,,,,,,,,,18.6,19.0,7.8,5.2,21.0,21.8,28.3,30.7,31.0,44.0,43.6,45.5
2025-09-04 13:00:00,,,,,,,,,,,,,,,,,,,,18.6,18.9,7.8,5.2,20.9,21.7,28.1,30.6,30.9,43.9,43.6,45.4
2025-09-04 14:00:00,,,,,,,,,,,,,,,,,,,,18.5,18.9,7.8,5.2,20.9,21.6,27.8,30.4,30.8,43.9,43.5,45.4
2025-09-04 15:00:00,,,,,,,,,,,,,,,,,,,,18.5,18.9,7.8,5.2,20.8,21.5,27.7,30.3,30.7,43.8,43.4,45.3
2025-09-04 16:00:00,,,,,,,,,,,,,,,,,,,,18.5,18.9,7.8,5.2,20.8,21.5,27.6,30.3,30.7,43.7,43.4,45.3
2025-09-04 17:00:00,,,,,,,,,,,,,,,,,,,,18.5,18.9,7.8,5.1,20.8,21.5,27.5,30.2,30.6,43.7,43.4,45.3
2025-09-04 18:00:00,,,,,,,,,,,,,,,,,,,,18.5,18.9,7.8,5.1,20.8,21.5,27.5,30.2,30.6,43.7,43.4,45.2
2025-09-04 19:00:00,,,,,,,,,,,,,,,,,,,,18.4,18.9,7.8,5.2,20.8,21.5,27.5,30.2,30.6,43.7,43.4,45.3
2025-09-04 20:00:00,,,,,,,,,,,,,,,,,,,,18.5,18.9,7.8,5.2,20.8,21.5,27.5,30.1,30.6,43.7,43.4,45.2
2025-09-04 21:00:00,,,,,,,,,,,,,,,,,,,,18.5,18.9,7.8,5.2,20.8,21.5,27.5,30.1,30.6,43.7,43.4,45.2
2025-09-04 22:00:00,,,,,,,,,,,,,,,,,,,,18.5,18.9,7.8,5.2,20.8,21.5,27.5,30.1,30.6,43.7,43.4,45.2
2025-09-04 23:00:00,,,,,,,,,,,,,,,,,,,,18.5,19.0,7.8,5.2,20.8,21.5,27.5,30.1,30.6,43.7,43.4,45.2
2025-09-05 01:00:00,,,,,,,,,,,,,,,,,,,,18.5,19.0,7.8,5.2,20.8,21.5,27.5,30.1,30.6,43.7,43.4,45.2
2025-09-05 02:00:00,,,,,,,,,,,,,,,,,,,,18.4,18.9,7.8,5.2,20.8,21.5,27.5,30.1,30.6,43.7,43.4,45.1
2025-09-05 03:00:00,,,,,,,,,,,,,,,,,,,,18.5,19.0,7.8,5.2,20.8,21.5,27.5,30.1,30.6,43.7,43.4,45.1
2025-09-05 04:00:00,,,,,,,,,,,,,,,,,,,,18.4,18.9,7.8,5.2,20.9,21.5,27.5,30.1,30.6,43.7,43.4,45.1
2025-09-05 05:00:00,,,,,,,,,,,,,,,,,,,,18.5,18.9,7.8,5.2,20.9,21.5,27.6,30.1,30.6,43.7,43.4,45.1
2025-09-05 06:00:00,,,,,,,,,,,,,,,,,,,,18.4,18.9,7.8,5.2,20.9,21.5,27.6,30.1,30.6,43.7,43.4,45.1
2025-09-05 07:00:00,,,,,,,,,,,,,,,,,,,,18.4,18.9,7.8,5.2,20.9,21.5,27.6,30.1,30.6,43.7,43.4,45.1
2025-09-05 08:00:00,,,,,,,,,,,,,,,,,,,,18.5,18.9,7.8,5.2,20.8,21.5,27.5,30.1,30.6,43.6,43.4,45.1
2025-09-05 09:00:00,,,,,,,,,,,,,,,,,,,,18.4,18.9,7.8,5.2,20.8,21.4,27.3,29.9,30.5,43.6,43.3,45.0
2025-09-05 10:00:00,,,,,,,,,,,,,,,,,,,,18.4,18.8,7.8,5.1,20.7,21.2,27.1,29.8,30.4,43.5,43.3,45.0
2025-09-05 11:00:00,,,,,,,,,,,,,,,,,,,,18.4,18.8,7.8,5.2,20.6,21.1,26.8,29.6,30.3,43.4,43.2,45.0
2025-09-05 12:00:00,,,,,,,,,,,,,,,,,,,,18.4,18.7,7.7,5.2,20.5,21.0,26.5,29.5,30.1,43.3,43.1,44.9
2025-09-05 13:00:00,,,,,,,,,,,,,,,,,,,,18.3,18.6,7.7,5.1,20.4,20.8,26.2,29.3,30.0,43.1,42.9,44.8
2025-09-05 14:00:00,,,,,,,,,,,,,,,,,,,,18.3,18.6,7.7,5.1,20.3,20.7,26.0,29.1,29.9,43.0,42.8,44.8
2025-09-05 15:00:00,,,,,,,,,,,,,,,,,,,,18.3,18.6,7.6,5.1,20.2,20.6,25.7,28.9,29.8,42.8,42.7,44.7
2025-09-05 16:00:00,,,,,,,,,,,,,,,,,,,,18.2,18.5,7.7,5.1,20.2,20.6,25.5,28.8,29.6,42.7,42.5,44.6
2025-09-05 17:00:00,,,,,,,,,,,,,,,,,,,,18.2,18.7,7.9,5.2,20.2,20.6,25.5,28.7,29.6,42.6,42.5,44.6
2025-09-05 18:00:00,,,,,,,,,,,,,,,,,,,,18.2,18.5,7.7,5.1,20.2,20.5,25.4,28.7,29.5,42.5,42.4,44.6
2025-09-05 19:00:00,,,,,,,,,,,,,,,,,,,,18.3,18.5,7.6,5.2,20.2,20.5,25.4,28.7,29.5,42.5,42.4,44.5
2025-09-05 20:00:00,,,,,,,,,,,,,,,,,,,,18.2,18.5,7.7,5.2,20.2,20.5,25.4,28.6,29.4,42.5,42.4,44.5
2025-09-05 21:00:00,,,,,,,,,,,,,,,,,,,,18.2,18.5,7.7,5.2,20.2,20.5,25.4,28.6,29.4,42.5,42.4,44.5
2025-09-05 22:00:00,,,,,,,,,,,,,,,,,,,,18.2,18.5,7.7,5.2,20.2,20.6,25.4,28.6,29.4,42.5,42.4,44.5
2025-09-05 23:00:00,,,,,,,,,,,,,,,,,,,,18.2,18.5,7.7,5.0,20.2,20.6,25.4,28.6,29.4,42.5,42.4,44.5
2025-09-06 01:00:00,,,,,,,,,,,,,,,,,,,,18.3,18.6,7.7,5.0,20.2,20.5,25.4,28.6,29.4,42.5,42.4,44.5
2025-09-06 02:00:00,,,,,,,,,,,,,,,,,,,,18.2,18.5,7.7,5.0,20.2,20.5,25.5,28.6,29.4,42.5,42.4,44.5
2025-09-06 03:00:00,,,,,,,,,,,,,,,,,,,,18.2,18.6,7.7,5.0,20.2,20.5,25.5,28.6,29.4,42.5,42.4,44.5
2025-09-06 04:00:00,,,,,,,,,,,,,,,,,,,,18.2,18.6,7.7,5.1,20.2,20.5,25.5,28.6,29.4,42.5,42.4,44.5
2025-09-06 05:00:00,,,,,,,,,,,,,,,,,,,,18.2,18.6,7.7,5.1,20.2,20.5,25.5,28.6,29.4,42.5,42.4,44.5
2025-09-06 06:00:00,,,,,,,,,,,,,,,,,,,,18.2,18.6,7.7,5.2,20.2,20.5,25.5,28.6,29.4,42.5,42.4,44.5
2025-09-06 07:00:00,,,,,,,,,,,,,,,,,,,,18.2,18.6,7.7,5.1,20.2,20.6,25.5,28.6,29.3,42.5,42.4,44.5
2025-09-06 08:00:00,,,,,,,,,,,,,,,,,,,,18.2,18.6,7.7,5.0,20.2,20.5,25.4,28.5,29.3,42.5,42.4,44.5
2025-09-06 09:00:00,,,,,,,,,,,,,,,,,,,,18.2,18.5,7.7,5.0,20.1,20.4,25.3,28.4,29.3,42.4,42.4,44.4
2025-09-06 10:00:00,,,,,,,,,,,,,,,,,,,,18.2,18.5,7.7,5.1,20.1,20.4,25.1,28.3,29.2,42.3,42.2,44.3
2025-09-06 11:00:00,,,,,,,,,,,,,,,,,,,,18.2,18.5,7.6,5.1,20.0,20.3,24.9,28.1,29.0,42.2,42.2,44.3
2025-09-06 12:00:00,,,,,,,,,,,,,,,,,,,,18.1,18.5,7.6,5.1,19.9,20.2,24.7,27.9,28.9,42.0,42.0,44.2
2025-09-06 13:00:00,,,,,,,,,,,,,,,,,,,,18.1,18.4,7.6,5.0,19.9,20.1,24.5,27.8,28.8,41.9,41.9,44.2
2025-09-06 14:00:00,,,,,,,,,,,,,,,,,,,,18.1,18.4,7.6,5.0,19.9,20.0,24.3,27.6,28.7,41.7,41.8,44.1
2025-09-06 15:00:00,,,,,,,,,,,,,,,,,,,,18.1,18.4,7.6,5.0,19.8,19.9,24.1,27.5,28.5,41.5,41.7,44.0
2025-09-06 16:00:00,,,,,,,,,,,,,,,,,,,,18.1,18.3,7.6,5.0,19.8,19.9,24.0,27.4,28.4,41.4,41.6,44.0
2025-09-06 17:00:00,,,,,,,,,,,,,,,,,,,,18.1,18.3,7.6,5.1,19.7,19.9,24.0,27.3,28.3,41.3,41.5,43.9
2025-09-06 18:00:00,,,,,,,,,,,,,,,,,,,,18.1,18.3,7.6,5.0,19.7,19.9,23.9,27.2,28.2,41.2,41.5,43.9
2025-09-06 19:00:00,,,,,,,,,,,,,,,,,,,,18.1,18.4,7.6,5.1,19.7,19.9,24.0,27.2,28.2,41.2,41.5,43.9
2025-09-06 20:00:00,,,,,,,,,,,,,,,,,,,,18.1,18.3,7.6,5.1,19.7,19.9,24.0,27.2,28.2,41.2,41.5,43.9
2025-09-06 21:00:00,,,,,,,,,,,,,,,,,,,,21.5,19.3,7.7,5.2,19.7,19.9,24.0,27.2,28.2,41.2,41.5,43.9
2025-09-06 22:00:00,,,,,,,,,,,,,,,,,,,,32.6,30.5,8.4,5.3,19.9,19.9,24.0,27.2,28.2,41.2,41.5,43.9
2025-09-06 23:00:00,,,,,,,,,,,,,,,,,,,,31.7,29.0,8.3,5.2,19.9,19.9,24.0,27.2,28.2,41.2,41.5,43.9
2025-09-07 01:00:00,,,,,,,,,,,,,,,,,,,,30.9,27.6,8.3,5.2,19.9,19.9,24.1,27.2,28.2,41.2,41.5,43.9
2025-09-07 02:00:00,,,,,,,,,,,,,,,,,,,,30.6,27.1,8.3,5.2,19.9,19.9,24.1,27.2,28.2,41.2,41.5,43.9
2025-09-07 03:00:00,,,,,,,,,,,,,,,,,,,,30.4,26.7,8.3,5.2,19.9,19.9,24.1,27.2,28.2,41.2,41.5,43.9
2025-09-07 04:00:00,,,,,,,,,,,,,,,,,,,,30.2,26.5,8.3,5.2,19.9,19.9,24.1,27.2,28.2,41.2,41.5,43.9
2025-09-07 05:00:00,,,,,,,,,,,,,,,,,,,,29.9,26.2,8.3,5.2,19.9,19.9,24.1,27.2,28.2,41.2,41.5,43.9
2025-09-07 06:00:00,,,,,,,,,,,,,,,,,,,,29.8,26.1,8.2,5.2,19.9,20.0,24.1,27.2,28.2,41.2,41.6,43.9
2025-09-07 07:00:00,,,,,,,,,,,,,,,,,,,,29.6,25.9,8.2,5.2,19.9,20.0,24.1,27.2,28.2,41.2,41.6,43.9
2025-09-07 08:00:00,,,,,,,,,,,,,,,,,,,,29.4,25.6,8.3,5.2,20.0,20.0,24.1,27.2,28.2,41.2,41.6,43.9
2025-09-07 09:00:00,,,,,,,,,,,,,,,,,,,,29.2,25.3,8.2,5.2,19.9,20.0,24.1,27.2,28.1,41.2,41.5,43.9
2025-09-07 10:00:00,,,,,,,,,,,,,,,,,,,,28.8,24.8,8.2,5.2,19.9,19.9,23.9,27.1,28.1,41.2,41.5,43.8
2025-09-07 11:00:00,,,,,,,,,,,,,,,,,,,,28.4,24.3,8.1,5.1,19.9,19.9,23.9,27.1,28.0,41.1,41.5,43.8
2025-09-07 12:00:00,,,,,,,,,,,,,,,,,,,,27.8,24.0,8.1,5.2,19.9,19.9,23.9,27.0,28.0,41.1,41.5,43.8
2025-09-07 13:00:00,,,,,,,,,,,,,,,,,,,,27.4,23.5,8.1,5.2,19.9,19.9,23.8,27.0,27.9,41.0,41.4,43.8
2025-09-07 14:00:00,,,,,,,,,,,,,,,,,,,,27.0,23.3,8.1,5.3,19.9,19.9,23.8,26.9,27.9,41.0,41.3,43.7
2025-09-07 15:00:00,,,,,,,,,,,,,,,,,,,,26.8,23.0,8.1,5.3,19.9,19.9,23.8,26.9,27.9,40.9,41.3,43.7
2025-09-07 16:00:00,,,,,,,,,,,,,,,,,,,,26.5,22.9,8.0,5.2,19.9,19.9,23.8,26.9,27.9,40.9,41.3,43.7
2025-09-07 17:00:00,,,,,,,,,,,,,,,,,,,,26.3,22.8,8.0,5.2,19.9,19.9,23.8,26.9,27.8,40.9,41.3,43.6
2025-09-07 18:00:00,,,,,,,,,,,,,,,,,,,,26.1,22.7,8.0,5.2,19.9,19.9,23.8,26.9,27.8,40.9,41.3,43.6
2025-09-07 19:00:00,,,,,,,,,,,,,,,,,,,,26.1,22.7,8.0,5.1,19.9,19.9,23.8,26.9,27.8,40.9,41.3,43.6
2025-09-07 20:00:00,,,,,,,,,,,,,,,,,,,,25.9,22.6,8.1,5.1,19.9,19.9,23.8,26.9,27.8,40.9,41.3,43.6
2025-09-07 21:00:00,,,,,,,,,,,,,,,,,,,,25.8,22.6,8.1,5.1,19.9,19.9,23.8,26.9,27.8,40.8,41.3,43.6
2025-09-07 22:00:00,,,,,,,,,,,,,,,,,,,,25.7,22.5,8.1,5.1,19.9,19.9,23.9,26.9,27.8,40.9,41.3,43.6
2025-09-07 23:00:00,,,,,,,,,,,,,,,,,,,,25.7,22.5,8.1,5.1,19.9,19.9,23.9,26.9,27.8,40.8,41.3,43.6
2025-09-08 01:00:00,,,,,,,,,,,,,,,,,,,,25.6,22.4,8.1,5.1,19.9,19.9,23.9,26.9,27.8,40.8,41.3,43.6
2025-09-08 02:00:00,,,,,,,,,,,,,,,,,,,,25.5,22.4,8.1,5.1,19.9,20.0,23.9,26.9,27.8,40.8,41.3,43.6
2025-09-08 03:00:00,,,,,,,,,,,,,,,,,,,,25.4,22.4,8.1,5.1,19.9,20.0,23.9,26.9,27.8,40.8,41.4,43.6
2025-09-08 04:00:00,,,,,,,,,,,,,,,,,,,,25.3,22.4,8.1,5.1,19.9,20.0,23.9,26.9,27.8,40.8,41.4,43.6
2025-09-08 05:00:00,,,,,,,,,,,,,,,,,,,,25.2,22.4,8.0,5.1,19.9,20.0,23.9,26.9,27.8,40.8,41.4,43.6
2025-09-08 06:00:00,,,,,,,,,,,,,,,,,,,,25.2,22.4,8.0,5.1,19.9,20.0,23.9,26.9,27.8,40.9,41.4,43.6
2025-09-08 07:00:00,,,,,,,,,,,,,,,,,,,,25.1,22.4,8.1,5.1,20.0,20.0,24.0,26.9,27.8,40.9,41.4,43.6
2025-09-08 08:00:00,,,,,,,,,,,,,,,,,,,,25.0,22.3,8.1,5.1,20.0,20.0,23.9,26.9,27.8,40.8,41.4,43.6
2025-09-08 09:00:00,,,,,,,,,,,,,,,,,,,,24.6,22.0,8.1,5.1,19.9,20.0,23.9,26.8,27.8,40.8,41.3,43.6
2025-09-08 10:00:00,,,,,,,,,,,,,,,,,,,,24.2,21.8,8.0,5.1,19.9,19.9,23.8,26.7,27.8,40.8,41.3,43.5
2025-09-08 11:00:00,,,,,,,,,,,,,,,,,,,,23.8,21.6,8.0,5.1,19.9,19.9,23.8,26.7,27.7,40.7,41.2,43.5
2025-09-08 12:00:00,,,,,,,,,,,,,,,,,,,,23.6,21.4,8.0,5.1,19.9,19.9,23.8,26.6,27.7,40.7,41.2,43.5
2025-09-08 13:00:00,,,,,,,,,,,,,,,,,,,,23.3,21.4,8.0,5.1,19.9,19.9,23.8,26.6,27.7,40.6,41.2,43.4
2025-09-08 14:00:00,,,,,,,,,,,,,,,,,,,,23.1,21.2,8.0,5.2,19.9,19.9,23.7,26.5,27.6,40.6,41.2,43.4
2025-09-08 15:00:00,,,,,,,,,,,,,,,,,,,,22.9,21.2,8.0,5.2,19.9,19.9,23.7,26.5,27.6,40.6,41.1,43.4
2025-09-08 16:00:00,,,,,,,,,,,,,,,,,,,,22.8,21.2,8.0,5.1,19.9,19.9,23.8,26.5,27.6,40.6,41.1,43.4
2025-09-08 17:00:00,,,,,,,,,,,,,,,,,,,,22.8,21.2,8.0,5.2,19.9,19.9,23.8,26.5,27.6,40.6,41.1,43.4
2025-09-08 18:00:00,,,,,,,,,,,,,,,,,,,,22.8,21.2,8.0,5.1,19.9,19.9,23.8,26.5,27.6,40.6,41.2,43.4
2025-09-08 19:00:00,,,,,,,,,,,,,,,,,,,,22.7,21.1,8.0,5.1,19.9,19.9,23.8,26.5,27.6,40.6,41.2,43.4
2025-09-08 20:00:00,,,,,,,,,,,,,,,,,,,,22.7,21.1,8.0,5.2,19.9,19.9,23.8,26.5,27.6,40.6,41.2,43.4
2025-09-08 21:00:00,,,,,,,,,,,,,,,,,,,,22.6,21.1,8.0,5.1,19.9,19.9,23.8,26.5,27.6,40.6,41.2,43.4
2025-09-08 22:00:00,,,,,,,,,,,,,,,,,,,,22.6,21.1,8.0,5.2,19.9,19.9,23.8,26.5,27.6,40.6,41.2,43.4
2025-09-08 23:00:00,,,,,,,,,,,,,,,,,,,,22.5,21.1,8.0,5.1,19.9,19.9,23.9,26.5,27.6,40.6,41.2,43.4
2025-09-09 01:00:00,,,,,,,,,,,,,,,,,,,,22.5,21.1,8.0,5.2,19.9,20.0,23.9,26.5,27.6,40.6,41.2,43.4
2025-09-09 02:00:00,,,,,,,,,,,,,,,,,,,,22.4,21.1,8.0,5.2,19.9,20.0,23.9,26.6,27.6,40.6,41.2,43.3
2025-09-09 03:00:00,,,,,,,,,,,,,,,,,,,,22.4,21.1,8.0,5.1,19.9,20.0,23.9,26.6,27.6,40.6,41.2,43.3
2025-09-09 04:00:00,,,,,,,,,,,,,,,,,,,,22.3,21.1,8.0,5.2,19.9,20.0,23.9,26.6,27.6,40.6,41.2,43.3
2025-09-09 05:00:00,,,,,,,,,,,,,,,,,,,,22.3,21.1,8.0,5.2,19.9,20.0,23.9,26.5,27.7,40.7,41.2,43.4
2025-09-09 06:00:00,,,,,,,,,,,,,,,,,,,,22.2,21.1,8.0,5.2,19.9,20.0,23.9,26.5,27.7,40.7,41.2,43.3
2025-09-09 07:00:00,,,,,,,,,,,,,,,,,,,,22.3,21.1,8.0,5.1,19.9,20.0,23.9,26.6,27.7,40.7,41.2,43.3
2025-09-09 08:00:00,,,,,,,,,,,,,,,,,,,,22.1,21.0,8.0,5.1,19.9,20.0,23.9,26.6,27.7,40.7,41.2,43.3
2025-09-09 09:00:00,,,,,,,,,,,,,,,,,,,,21.9,20.8,8.0,5.0,19.9,20.0,23.8,26.5,27.6,40.6,41.2,43.3
2025-09-09 10:00:00,,,,,,,,,,,,,,,,,,,,21.6,20.6,8.0,5.1,19.9,19.9,23.8,26.5,27.6,40.5,41.1,43.2
2025-09-09 11:00:00,,,,,,,,,,,,,,,,,,,,21.3,20.4,7.9,5.0,19.8,19.9,23.7,26.3,27.5,40.5,41.0,43.2
2025-09-09 12:00:00,,,,,,,,,,,,,,,,,,,,20.9,20.2,7.9,5.2,19.7,19.8,23.6,26.2,27.4,40.3,40.9,43.1
2025-09-09 13:00:00,,,,,,,,,,,,,,,,,,,,20.6,20.0,7.9,5.2,19.7,19.7,23.5,26.2,27.3,40.2,40.8,43.1
2025-09-09 14:00:00,,,,,,,,,,,,,,,,,,,,20.4,19.9,7.8,5.2,19.7,19.7,23.4,26.0,27.2,40.1,40.7,43.1
2025-09-09 15:00:00,,,,,,,,,,,,,,,,,,,,20.2,19.8,7.8,5.2,19.7,19.7,23.3,25.9,27.1,39.9,40.6,43.0
2025-09-09 16:00:00,,,,,,,,,,,,,,,,,,,,20.1,19.7,7.8,5.2,19.7,19.7,23.3,25.9,27.0,39.8,40.5,42.9
2025-09-09 17:00:00,,,,,,,,,,,,,,,,,,,,20.0,19.7,7.8,5.2,19.7,19.7,23.3,25.9,27.0,39.7,40.4,42.9
2025-09-09 18:00:00,,,,,,,,,,,,,,,,,,,,20.0,19.7,7.8,5.1,19.7,19.7,23.3,25.9,26.9,39.7,40.4,42.9
2025-09-09 19:00:00,,,,,,,,,,,,,,,,,,,,20.0,19.7,7.9,5.1,19.7,19.7,23.3,25.9,26.9,39.7,40.4,42.9
2025-09-09 20:00:00,,,,,,,,,,,,,,,,,,,,19.9,19.7,7.9,5.1,19.7,19.7,23.3,25.9,26.9,39.7,40.4,42.9
2025-09-09 21:00:00,,,,,,,,,,,,,,,,,,,,19.9,19.7,7.8,5.1,19.7,19.7,23.3,25.9,26.9,39.7,40.4,42.8
2025-09-09 22:00:00,,,,,,,,,,,,,,,,,,,,19.9,19.7,7.8,5.1,19.7,19.7,23.3,25.9,26.9,39.7,40.5,42.9
2025-09-09 23:00:00,,,,,,,,,,,,,,,,,,,,19.9,19.7,7.8,5.1,19.7,19.7,23.4,25.9,26.9,39.7,40.5,42.8
2025-09-10 01:00:00,,,,,,,,,,,,,,,,,,,,19.9,19.7,7.8,5.2,19.7,19.8,23.4,25.9,26.9,39.7,40.5,42.8
2025-09-10 02:00:00,,,,,,,,,,,,,,,,,,,,19.8,19.8,7.8,5.1,19.7,19.7,23.4,25.9,26.9,39.7,40.5,42.8
2025-09-10 03:00:00,,,,,,,,,,,,,,,,,,,,19.8,19.7,7.9,5.1,19.7,19.7,23.4,25.9,26.9,39.7,40.5,42.8
2025-09-10 04:00:00,,,,,,,,,,,,,,,,,,,,19.8,19.7,7.9,5.1,19.7,19.8,23.4,25.9,26.9,39.7,40.5,42.8
2025-09-10 05:00:00,,,,,,,,,,,,,,,,,,,,19.8,19.7,7.9,5.1,19.7,19.8,23.4,25.9,26.9,39.7,40.5,42.8
2025-09-10 06:00:00,,,,,,,,,,,,,,,,,,,,19.8,19.7,7.8,5.2,19.7,19.8,23.4,25.9,26.9,39.8,40.5,42.8
2025-09-10 07:00:00,,,,,,,,,,,,,,,,,,,,19.7,19.7,7.8,5.1,19.7,19.8,23.5,25.9,26.9,39.8,40.5,42.8
2025-09-10 08:00:00,,,,,,,,,,,,,,,,,,,,19.7,19.7,7.9,5.2,19.7,19.8,23.4,25.9,26.9,39.7,40.5,42.8
2025-09-10 09:00:00,,,,,,,,,,,,,,,,,,,,19.7,19.6,7.8,5.1,19.7,19.7,23.3,25.9,26.9,39.7,40.3,42.8
2025-09-10 10:00:00,,,,,,,,,,,,,,,,,,,,19.5,19.5,7.8,5.0,19.7,19.7,23.3,25.7,26.8,39.5,40.3,42.7
2025-09-10 11:00:00,,,,,,,,,,,,,,,,,,,,19.3,19.3,7.8,5.1,19.6,19.6,23.1,25.6,26.7,39.4,40.2,42.7
2025-09-10 12:00:00,,,,,,,,,,,,,,,,,,,,19.1,19.2,7.8,5.1,19.6,19.6,23.0,25.5,26.5,39.2,40.0,42.6
2025-09-10 13:00:00,,,,,,,,,,,,,,,,,,,,19.1,19.1,7.7,5.0,19.6,19.5,22.9,25.3,26.4,39.0,39.8,42.5
2025-09-10 14:00:00,,,,,,,,,,,,,,,,,,,,19.0,19.1,7.7,5.0,19.6,19.5,22.9,25.3,26.3,38.8,39.7,42.5
2025-09-10 15:00:00,,,,,,,,,,,,,,,,,,,,19.0,19.0,7.7,5.0,19.6,19.5,22.8,25.2,26.2,38.7,39.6,42.4
2025-09-10 16:00:00,,,,,,,,,,,,,,,,,,,,19.0,19.0,7.7,5.0,19.6,19.5,22.8,25.2,26.1,38.6,39.6,42.4
2025-09-10 17:00:00,,,,,,,,,,,,,,,,,,,,19.0,19.0,7.7,5.1,19.6,19.5,22.8,25.1,26.1,38.5,39.6,42.4
2025-09-10 18:00:00,,,,,,,,,,,,,,,,,,,,19.0,19.0,7.7,5.1,19.6,19.5,22.8,25.1,26.0,38.5,39.6,42.3
2025-09-10 19:00:00,,,,,,,,,,,,,,,,,,,,19.0,19.0,7.8,5.0,19.6,19.5,22.9,25.1,26.0,38.5,39.6,42.3
2025-09-10 20:00:00,,,,,,,,,,,,,,,,,,,,18.9,19.1,7.8,5.1,19.6,19.5,22.9,25.1,26.0,38.5,39.6,42.3
2025-09-10 21:00:00,,,,,,,,,,,,,,,,,,,,18.9,19.1,7.8,5.1,19.6,19.5,22.9,25.2,26.0,38.5,39.6,42.3
2025-09-10 22:00:00,,,,,,,,,,,,,,,,,,,,18.9,19.0,7.7,5.1,19.6,19.5,22.9,25.1,26.0,38.5,39.6,42.3
2025-09-10 23:00:00,,,,,,,,,,,,,,,,,,,,18.9,19.1,7.8,5.1,19.6,19.6,22.9,25.1,26.0,38.6,39.6,42.3
2025-09-11 01:00:00,,,,,,,,,,,,,,,,,,,,18.9,19.1,7.8,5.1,19.6,19.6,22.9,25.2,26.0,38.6,39.6,42.3
2025-09-11 02:00:00,,,,,,,,,,,,,,,,,,,,18.9,19.1,7.7,5.1,19.6,19.6,22.9,25.2,26.0,38.6,39.6,42.3
2025-09-11 03:00:00,,,,,,,,,,,,,,,,,,,,18.9,19.1,7.7,5.1,19.6,19.6,23.0,25.2,26.0,38.6,39.7,42.3
2025-09-11 04:00:00,,,,,,,,,,,,,,,,,,,,18.8,19.1,7.7,5.1,19.6,19.6,23.0,25.2,26.0,38.6,39.7,42.3
2025-09-11 05:00:00,,,,,,,,,,,,,,,,,,,,18.9,19.1,7.8,5.1,19.6,19.6,23.0,25.2,26.0,38.6,39.7,42.3
2025-09-11 06:00:00,,,,,,,,,,,,,,,,,,,,18.9,19.0,7.8,5.1,19.6,19.6,23.0,25.2,26.0,38.6,39.7,42.3
2025-09-11 07:00:00,,,,,,,,,,,,,,,,,,,,18.8,19.1,7.7,5.0,19.6,19.6,23.0,25.2,26.1,38.6,39.7,42.3
2025-09-11 08:00:00,,,,,,,,,,,,,,,,,,,,18.9,19.1,7.7,5.1,19.6,19.6,23.0,25.2,26.0,38.6,39.6,42.3
2025-09-11 09:00:00,,,,,,,,,,,,,,,,,,,,18.9,19.0,7.7,5.1,19.6,19.6,22.9,25.1,25.9,38.5,39.5,42.3
2025-09-11 10:00:00,,,,,,,,,,,,,,,,,,,,18.8,18.9,7.7,5.1,19.5,19.5,22.8,25.0,25.9,38.3,39.4,42.3
2025-09-11 11:00:00,,,,,,,,,,,,,,,,,,,,18.7,18.8,7.7,5.1,19.5,19.4,22.6,24.8,25.7,38.2,39.2,42.1
2025-09-11 12:00:00,,,,,,,,,,,,,,,,,,,,18.6,18.7,7.6,5.1,19.4,19.3,22.5,24.7,25.6,37.9,39.1,42.1
2025-09-11 13:00:00,,,,,,,,,,,,,,,,,,,,18.5,18.6,7.6,5.1,19.4,19.3,22.4,24.6,25.4,37.7,38.9,41.9
2025-09-11 14:00:00,,,,,,,,,,,,,,,,,,,,18.5,18.6,7.6,5.1,19.3,19.2,22.3,24.4,25.3,37.4,38.6,41.9
2025-09-11 15:00:00,,,,,,,,,,,,,,,,,,,,18.4,18.5,7.6,5.1,19.3,19.2,22.2,24.4,25.1,37.2,38.4,41.8
2025-09-11 16:00:00,,,,,,,,,,,,,,,,,,,,18.4,18.5,7.6,5.1,19.3,19.2,22.2,24.2,25.0,37.0,38.3,41.7
2025-09-11 17:00:00,,,,,,,,,,,,,,,,,,,,18.4,18.5,7.6,5.1,19.3,19.2,22.2,24.2,24.8,36.8,38.2,41.6
2025-09-11 18:00:00,,,,,,,,,,,,,,,,,,,,18.4,18.5,7.6,5.1,19.3,19.2,22.2,24.2,24.8,36.7,38.2,41.6
2025-09-11 19:00:00,,,,,,,,,,,,,,,,,,,,18.4,18.5,7.6,5.1,19.3,19.2,22.2,24.2,24.7,36.7,38.2,41.6
2025-09-11 20:00:00,,,,,,,,,,,,,,,,,,,,18.4,18.5,7.6,5.0,19.3,19.2,22.2,24.2,24.7,36.7,38.2,41.6
2025-09-11 21:00:00,,,,,,,,,,,,,,,,,,,,18.4,18.5,7.6,5.0,19.3,19.2,22.2,24.2,24.7,36.7,38.2,41.6
2025-09-11 22:00:00,,,,,,,,,,,,,,,,,,,,18.4,18.5,7.6,5.0,19.3,19.2,22.2,24.2,24.7,36.7,38.2,41.6
2025-09-11 23:00:00,,,,,,,,,,,,,,,,,,,,18.4,18.5,7.6,5.0,19.3,19.2,22.2,24.2,24.7,36.8,38.2,41.6
2025-09-12 01:00:00,,,,,,,,,,,,,,,,,,,,18.4,18.5,7.6,5.1,19.3,19.2,22.2,24.2,24.7,36.8,38.3,41.6
2025-09-12 02:00:00,,,,,,,,,,,,,,,,,,,,18.3,18.6,7.6,5.1,19.3,19.2,22.2,24.2,24.7,36.8,38.3,41.6
2025-09-12 03:00:00,,,,,,,,,,,,,,,,,,,,18.4,18.5,7.6,5.1,19.3,19.2,22.2,24.2,24.7,36.8,38.3,41.6
2025-09-12 04:00:00,,,,,,,,,,,,,,,,,,,,18.3,18.6,7.6,5.1,19.3,19.2,22.3,24.2,24.7,36.8,38.3,41.6
2025-09-12 05:00:00,,,,,,,,,,,,,,,,,,,,18.4,18.6,7.6,5.1,19.3,19.2,22.3,24.2,24.7,36.9,38.3,41.6
2025-09-12 06:00:00,,,,,,,,,,,,,,,,,,,,18.3,18.5,7.6,5.0,19.3,19.2,22.3,24.2,24.7,36.9,38.3,41.6
2025-09-12 07:00:00,,,,,,,,,,,,,,,,,,,,18.3,18.5,7.6,5.0,19.3,19.2,22.3,24.2,24.7,36.9,38.3,41.6
2025-09-12 08:00:00,,,,,,,,,,,,,,,,,,,,18.4,18.5,7.6,5.0,19.3,19.2,22.3,24.2,24.7,36.8,38.3,41.6
2025-09-12 09:00:00,,,,,,,,,,,,,,,,,,,,18.3,18.5,7.6,5.0,19.3,19.2,22.2,24.1,24.6,36.7,38.1,41.6
2025-09-12 10:00:00,,,,,,,,,,,,,,,,,,,,18.3,18.4,7.6,5.1,19.3,19.1,22.1,24.0,24.5,36.5,38.0,41.5
2025-09-12 11:00:00,,,,,,,,,,,,,,,,,,,,18.3,18.3,7.6,5.1,19.2,19.0,21.9,23.9,24.3,36.3,37.8,41.4
2025-09-12 12:00:00,,,,,,,,,,,,,,,,,,,,18.2,18.3,7.6,5.1,19.2,19.0,21.8,23.7,24.2,36.0,37.5,41.3
2025-09-12 13:00:00,,,,,,,,,,,,,,,,,,,,18.1,18.3,7.5,5.1,19.1,18.9,21.7,23.6,24.0,35.8,37.2,41.1
2025-09-12 14:00:00,,,,,,,,,,,,,,,,,,,,18.1,18.2,7.5,5.1,19.1,18.9,21.6,23.5,23.8,35.5,37.0,41.0
2025-09-12 15:00:00,,,,,,,,,,,,,,,,,,,,18.1,18.2,7.5,5.1,19.1,18.9,21.5,23.4,23.7,35.2,36.8,40.9
2025-09-12 16:00:00,,,,,,,,,,,,,,,,,,,,18.1,18.1,7.5,5.1,19.0,18.8,21.5,23.3,23.5,35.0,36.7,40.8
2025-09-12 17:00:00,,,,,,,,,,,,,,,,,,,,18.1,18.1,7.5,5.1,19.0,18.8,21.5,23.2,23.4,34.8,36.6,40.7
2025-09-12 18:00:00,,,,,,,,,,,,,,,,,,,,18.1,18.1,7.5,5.1,19.0,18.8,21.5,23.2,23.3,34.7,36.5,40.7
2025-09-12 19:00:00,,,,,,,,,,,,,,,,,,,,18.0,18.1,7.5,5.1,19.0,18.8,21.5,23.2,23.3,34.7,36.5,40.6
2025-09-12 20:00:00,,,,,,,,,,,,,,,,,,,,18.0,18.1,7.5,5.0,19.0,18.8,21.5,23.2,23.3,34.7,36.5,40.6
2025-09-12 21:00:00,,,,,,,,,,,,,,,,,,,,18.0,18.1,7.6,5.0,19.0,18.8,21.5,23.2,23.3,34.7,36.6,40.6
2025-09-12 22:00:00,,,,,,,,,,,,,,,,,,,,18.0,18.2,7.5,5.0,19.0,18.8,21.5,23.2,23.3,34.7,36.6,40.6
2025-09-12 23:00:00,,,,,,,,,,,,,,,,,,,,18.1,18.2,7.5,5.0,19.0,18.8,21.6,23.2,23.3,34.8,36.7,40.7
2025-09-13 01:00:00,,,,,,,,,,,,,,,,,,,,18.0,18.2,7.5,5.1,19.0,18.8,21.6,23.3,23.3,34.8,36.7,40.7
2025-09-13 02:00:00,,,,,,,,,,,,,,,,,,,,18.0,18.2,7.5,5.0,19.0,18.9,21.6,23.2,23.3,34.8,36.7,40.7
2025-09-13 03:00:00,,,,,,,,,,,,,,,,,,,,18.1,18.2,7.6,5.0,19.0,18.9,21.6,23.2,23.3,34.8,36.7,40.7
2025-09-13 04:00:00,,,,,,,,,,,,,,,,,,,,18.0,18.2,7.6,5.1,19.0,18.9,21.6,23.2,23.3,34.9,36.7,40.7
2025-09-13 05:00:00,,,,,,,,,,,,,,,,,,,,18.0,18.2,7.5,5.1,19.0,18.9,21.6,23.2,23.3,34.9,36.7,40.7
2025-09-13 06:00:00,,,,,,,,,,,,,,,,,,,,18.0,18.3,7.5,5.0,19.0,18.9,21.6,23.3,23.3,34.9,36.8,40.7
2025-09-13 07:00:00,,,,,,,,,,,,,,,,,,,,18.0,18.2,7.5,5.1,19.1,18.9,21.7,23.3,23.3,34.9,36.8,40.7
2025-09-13 08:00:00,,,,,,,,,,,,,,,,,,,,18.0,18.2,7.5,5.1,19.1,18.9,21.6,23.2,23.3,34.9,36.7,40.7
2025-09-13 09:00:00,,,,,,,,,,,,,,,,,,,,18.1,18.2,7.5,5.0,19.0,18.9,21.6,23.2,23.2,34.7,36.6,40.6
2025-09-13 10:00:00,,,,,,,,,,,,,,,,,,,,18.0,18.2,7.5,4.9,19.0,18.8,21.5,23.1,23.1,34.6,36.4,40.5
2025-09-13 11:00:00,,,,,,,,,,,,,,,,,,,,18.0,18.1,7.5,5.0,19.0,18.7,21.4,23.0,23.0,34.3,36.2,40.4
2025-09-13 12:00:00,,,,,,,,,,,,,,,,,,,,18.0,18.1,7.5,5.1,18.9,18.7,21.3,22.9,22.9,34.1,36.0,40.3
2025-09-13 13:00:00,,,,,,,,,,,,,,,,,,,,17.9,18.1,7.5,5.0,18.9,18.6,21.2,22.8,22.7,33.8,35.8,40.1
2025-09-13 14:00:00,,,,,,,,,,,,,,,,,,,,17.9,18.0,7.5,4.9,18.9,18.6,21.1,22.7,22.5,33.5,35.5,39.9
2025-09-13 15:00:00,,,,,,,,,,,,,,,,,,,,17.9,18.0,7.5,4.9,18.8,18.5,21.0,22.6,22.4,33.2,35.3,39.8
2025-09-13 16:00:00,,,,,,,,,,,,,,,,,,,,17.9,18.0,7.5,4.9,18.8,18.5,21.0,22.5,22.3,33.0,35.1,39.7
2025-09-13 17:00:00,,,,,,,,,,,,,,,,,,,,17.9,17.9,7.5,5.0,18.8,18.5,21.0,22.4,22.2,32.8,35.0,39.6
2025-09-13 18:00:00,,,,,,,,,,,,,,,,,,,,17.8,18.0,7.5,4.9,18.8,18.5,21.0,22.4,22.1,32.7,35.0,39.5
2025-09-13 19:00:00,,,,,,,,,,,,,,,,,,,,17.9,18.0,7.5,4.9,18.8,18.5,21.0,22.4,22.1,32.7,35.0,39.4
2025-09-13 20:00:00,,,,,,,,,,,,,,,,,,,,17.9,18.0,7.4,5.0,18.8,18.5,21.0,22.4,22.0,32.7,35.0,39.4
2025-09-13 21:00:00,,,,,,,,,,,,,,,,,,,,17.9,18.0,7.5,5.0,18.8,18.5,21.0,22.4,22.0,32.7,35.0,39.5
2025-09-13 22:00:00,,,,,,,,,,,,,,,,,,,,17.9,18.0,7.5,5.0,18.8,18.5,21.1,22.4,22.0,32.8,35.1,39.5
2025-09-13 23:00:00,,,,,,,,,,,,,,,,,,,,17.9,18.0,7.5,5.0,18.8,18.5,21.1,22.4,22.0,32.8,35.1,39.5
2025-09-14 01:00:00,,,,,,,,,,,,,,,,,,,,17.9,18.0,7.4,4.9,18.8,18.5,21.1,22.4,22.1,32.9,35.2,39.5
2025-09-14 02:00:00,,,,,,,,,,,,,,,,,,,,17.9,18.1,7.4,4.9,18.8,18.6,21.1,22.4,22.1,32.9,35.2,39.5
2025-09-14 03:00:00,,,,,,,,,,,,,,,,,,,,17.9,18.0,7.5,5.0,18.8,18.5,21.1,22.4,22.1,32.9,35.2,39.5
2025-09-14 04:00:00,,,,,,,,,,,,,,,,,,,,17.8,18.1,7.5,5.0,18.8,18.6,21.1,22.4,22.1,32.9,35.3,39.5
2025-09-14 05:00:00,,,,,,,,,,,,,,,,,,,,17.9,18.1,7.5,5.0,18.8,18.6,21.1,22.4,22.1,32.9,35.3,39.5
2025-09-14 06:00:00,,,,,,,,,,,,,,,,,,,,17.8,18.1,7.5,5.0,18.8,18.6,21.1,22.4,22.1,33.0,35.3,39.5
2025-09-14 07:00:00,,,,,,,,,,,,,,,,,,,,17.9,18.1,7.5,5.0,18.8,18.6,21.1,22.4,22.1,33.0,35.3,39.5
2025-09-14 08:00:00,,,,,,,,,,,,,,,,,,,,17.9,18.1,7.5,5.0,18.8,18.6,21.1,22.4,22.1,32.9,35.3,39.5
2025-09-14 09:00:00,,,,,,,,,,,,,,,,,,,,17.9,18.0,7.5,5.0,18.8,18.5,21.0,22.3,22.0,32.8,35.1,39.4
2025-09-14 10:00:00,,,,,,,,,,,,,,,,,,,,17.8,18.0,7.5,5.0,18.8,18.5,21.0,22.2,21.9,32.6,34.9,39.3
2025-09-14 11:00:00,,,,,,,,,,,,,,,,,,,,17.9,18.0,7.5,5.0,18.7,18.4,20.9,22.2,21.8,32.4,34.7,39.1
2025-09-14 12:00:00,,,,,,,,,,,,,,,,,,,,17.8,18.0,7.4,4.9,18.7,18.4,20.8,22.0,21.7,32.1,34.5,39.0
2025-09-14 13:00:00,,,,,,,,,,,,,,,,,,,,17.8,18.0,7.4,4.9,18.6,18.4,20.8,22.0,21.5,31.9,34.3,38.8
2025-09-14 14:00:00,,,,,,,,,,,,,,,,,,,,17.8,17.9,7.4,4.9,18.6,18.3,20.7,21.9,21.4,31.7,34.1,38.6
2025-09-14 15:00:00,,,,,,,,,,,,,,,,,,,,17.8,18.0,7.5,5.0,18.6,18.4,20.7,21.8,21.3,31.5,34.0,38.5
2025-09-14 16:00:00,,,,,,,,,,,,,,,,,,,,17.8,17.9,7.4,5.0,18.6,18.3,20.7,21.8,21.2,31.4,33.8,38.4
2025-09-14 17:00:00,,,,,,,,,,,,,,,,,,,,17.7,17.9,7.4,5.0,18.6,18.3,20.7,21.8,21.2,31.3,33.8,38.3
2025-09-14 18:00:00,,,,,,,,,,,,,,,,,,,,17.8,17.9,7.4,4.9,18.6,18.3,20.7,21.7,21.2,31.3,33.8,38.2
2025-09-14 19:00:00,,,,,,,,,,,,,,,,,,,,17.8,17.9,7.5,4.9,18.6,18.3,20.8,21.7,21.2,31.3,33.8,38.2
2025-09-14 20:00:00,,,,,,,,,,,,,,,,,,,,17.8,17.9,7.5,5.0,18.6,18.4,20.8,21.7,21.2,31.3,33.9,38.2
2025-09-14 21:00:00,,,,,,,,,,,,,,,,,,,,17.8,17.9,7.5,5.0,18.6,18.3,20.8,21.7,21.2,31.4,33.9,38.3
2025-09-14 22:00:00,,,,,,,,,,,,,,,,,,,,17.8,17.9,7.5,5.0,18.6,18.4,20.8,21.8,21.2,31.4,34.0,38.3
2025-09-14 23:00:00,,,,,,,,,,,,,,,,,,,,17.8,18.0,7.5,5.0,18.6,18.4,20.8,21.8,21.2,31.4,34.0,38.3
2025-09-15 01:00:00,,,,,,,,,,,,,,,,,,,,17.7,18.0,7.5,5.0,18.6,18.3,20.8,21.8,21.2,31.5,34.1,38.3
2025-09-15 02:00:00,,,,,,,,,,,,,,,,,,,,17.7,18.0,7.5,5.0,18.6,18.4,20.8,21.8,21.2,31.5,34.1,38.3
2025-09-15 03:00:00,,,,,,,,,,,,,,,,,,,,17.7,18.0,7.4,5.0,18.6,18.4,20.8,21.8,21.2,31.5,34.1,38.3
2025-09-15 04:00:00,,,,,,,,,,,,,,,,,,,,17.7,18.0,7.4,5.0,18.6,18.4,20.8,21.8,21.3,31.5,34.1,38.3
2025-09-15 05:00:00,,,,,,,,,,,,,,,,,,,,17.7,18.0,7.5,5.0,18.6,18.4,20.8,21.8,21.3,31.5,34.1,38.4
2025-09-15 06:00:00,,,,,,,,,,,,,,,,,,,,17.8,18.0,7.5,5.0,18.6,18.4,20.8,21.8,21.3,31.6,34.1,38.4
2025-09-15 07:00:00,,,,,,,,,,,,,,,,,,,,17.7,18.0,7.5,4.9,18.6,18.4,20.8,21.8,21.3,31.5,34.1,38.4
2025-09-15 08:00:00,,,,,,,,,,,,,,,,,,,,17.8,18.0,7.4,4.8,18.6,18.4,20.8,21.8,21.2,31.5,34.1,38.3
2025-09-15 09:00:00,,,,,,,,,,,,,,,,,,,,17.7,18.0,7.4,4.9,18.6,18.3,20.8,21.7,21.1,31.3,33.9,38.2
2025-09-15 10:00:00,,,,,,,,,,,,,,,,,,,,17.7,17.9,7.4,4.9,18.6,18.3,20.7,21.6,21.1,31.1,33.7,38.0
2025-09-15 11:00:00,,,,,,,,,,,,,,,,,,,,17.8,17.9,7.4,4.9,18.5,18.2,20.6,21.6,21.0,30.9,33.5,37.9
2025-09-15 12:00:00,,,,,,,,,,,,,,,,,,,,17.7,17.9,7.4,5.0,18.5,18.2,20.5,21.5,20.8,30.7,33.3,37.6
2025-09-15 13:00:00,,,,,,,,,,,,,,,,,,,,17.6,17.8,7.4,5.0,18.5,18.2,20.5,21.4,20.7,30.4,33.0,37.4
2025-09-15 14:00:00,,,,,,,,,,,,,,,,,,,,17.6,17.8,7.4,5.0,18.4,18.2,20.4,21.3,20.6,30.2,32.8,37.1
2025-09-15 15:00:00,,,,,,,,,,,,,,,,,,,,17.6,17.8,7.4,5.0,18.4,18.1,20.4,21.2,20.5,29.9,32.6,36.9
2025-09-15 16:00:00,,,,,,,,,,,,,,,,,,,,17.6,17.8,7.4,5.0,18.4,18.1,20.4,21.1,20.4,29.8,32.4,36.8
2025-09-15 17:00:00,,,,,,,,,,,,,,,,,,,,17.6,17.7,7.4,5.0,18.4,18.1,20.4,21.1,20.3,29.6,32.4,36.7
2025-09-15 18:00:00,,,,,,,,,,,,,,,,,,,,17.6,17.7,7.4,4.9,18.4,18.1,20.4,21.1,20.3,29.6,32.4,36.6
2025-09-15 19:00:00,,,,,,,,,,,,,,,,,,,,17.6,17.7,7.4,4.9,18.4,18.1,20.4,21.1,20.3,29.6,32.4,36.6
2025-09-15 20:00:00,,,,,,,,,,,,,,,,,,,,17.6,17.7,7.4,4.9,18.4,18.1,20.4,21.1,20.3,29.7,32.4,36.6
2025-09-15 21:00:00,,,,,,,,,,,,,,,,,,,,17.6,17.8,7.4,5.0,18.4,18.1,20.4,21.1,20.3,29.7,32.5,36.6
2025-09-15 22:00:00,,,,,,,,,,,,,,,,,,,,17.6,17.7,7.4,5.0,18.4,18.1,20.4,21.1,20.3,29.8,32.5,36.6
2025-09-15 23:00:00,,,,,,,,,,,,,,,,,,,,17.6,17.7,7.4,5.0,18.4,18.1,20.4,21.1,20.3,29.8,32.5,36.7
2025-09-16 01:00:00,,,,,,,,,,,,,,,,,,,,17.6,17.8,7.4,4.9,18.4,18.1,20.4,21.1,20.4,29.9,32.6,36.7
2025-09-16 02:00:00,,,,,,,,,,,,,,,,,,,,17.6,17.8,7.4,4.9,18.4,18.1,20.4,21.1,20.4,29.9,32.6,36.7
2025-09-16 03:00:00,,,,,,,,,,,,,,,,,,,,17.6,17.8,7.4,4.9,18.4,18.1,20.4,21.1,20.4,29.9,32.6,36.7
2025-09-16 04:00:00,,,,,,,,,,,,,,,,,,,,17.6,17.8,7.4,4.9,18.4,18.1,20.4,21.1,20.4,29.9,32.7,36.8
2025-09-16 05:00:00,,,,,,,,,,,,,,,,,,,,17.6,17.8,7.4,4.9,18.4,18.1,20.4,21.1,20.4,30.0,32.7,36.8
2025-09-16 06:00:00,,,,,,,,,,,,,,,,,,,,17.6,17.8,7.4,4.9,18.4,18.2,20.4,21.2,20.4,30.0,32.7,36.8
2025-09-16 07:00:00,,,,,,,,,,,,,,,,,,,,17.6,17.9,7.4,4.9,18.4,18.2,20.5,21.2,20.4,30.0,32.7,36.8
2025-09-16 08:00:00,,,,,,,,,,,,,,,,,,,,17.5,17.8,7.4,5.0,18.4,18.2,20.5,21.2,20.4,30.0,32.7,36.8
2025-09-16 09:00:00,,,,,,,,,,,,,,,,,,,,17.6,17.8,7.4,5.0,18.4,18.2,20.4,21.1,20.4,29.9,32.6,36.7
2025-09-16 10:00:00,,,,,,,,,,,,,,,,,,,,17.6,17.8,7.4,5.0,18.4,18.1,20.4,21.1,20.3,29.8,32.5,36.6
2025-09-16 11:00:00,,,,,,,,,,,,,,,,,,,,17.6,17.8,7.4,5.0,18.4,18.1,20.4,21.1,20.3,29.7,32.3,36.5
2025-09-16 12:00:00,,,,,,,,,,,,,,,,,,,,17.6,17.8,7.4,4.9,18.3,18.1,20.3,20.9,20.2,29.5,32.1,36.3
2025-09-16 13:00:00,,,,,,,,,,,,,,,,,,,,17.6,17.8,7.4,4.9,18.3,18.0,20.3,20.9,20.1,29.3,31.9,36.1
2025-09-16 14:00:00,,,,,,,,,,,,,,,,,,,,17.5,17.8,7.4,4.9,18.3,18.0,20.2,20.8,20.0,29.1,31.7,35.9
2025-09-16 15:00:00,,,,,,,,,,,,,,,,,,,,17.5,17.8,7.4,4.9,18.3,18.0,20.2,20.8,19.9,28.9,31.6,35.8
2025-09-16 16:00:00,,,,,,,,,,,,,,,,,,,,17.5,17.8,7.4,4.9,18.3,18.0,20.2,20.8,19.9,28.9,31.5,35.7
2025-09-16 17:00:00,,,,,,,,,,,,,,,,,,,,17.5,17.7,7.4,4.9,18.3,18.0,20.2,20.8,19.8,28.8,31.5,35.6
2025-09-16 18:00:00,,,,,,,,,,,,,,,,,,,,17.5,17.8,7.3,4.9,18.3,18.0,20.2,20.7,19.8,28.9,31.5,35.6
2025-09-16 19:00:00,,,,,,,,,,,,,,,,,,,,17.5,17.8,7.4,4.9,18.3,18.0,20.2,20.8,19.8,28.9,31.5,35.6
2025-09-16 20:00:00,,,,,,,,,,,,,,,,,,,,17.5,17.8,7.4,4.9,18.3,18.0,20.2,20.8,19.8,28.9,31.6,35.6
2025-09-16 21:00:00,,,,,,,,,,,,,,,,,,,,17.5,17.8,7.4,5.0,18.3,18.0,20.3,20.8,19.8,29.0,31.6,35.7
2025-09-16 22:00:00,,,,,,,,,,,,,,,,,,,,17.5,17.8,7.4,4.9,18.3,18.0,20.3,20.8,19.8,29.0,31.7,35.7
2025-09-16 23:00:00,,,,,,,,,,,,,,,,,,,,17.5,17.8,7.4,5.0,18.3,18.0,20.3,20.8,19.9,29.0,31.7,35.7
2025-09-17 01:00:00,,,,,,,,,,,,,,,,,,,,17.5,17.8,7.4,5.0,18.3,18.0,20.3,20.8,19.9,29.0,31.7,35.7
2025-09-17 02:00:00,,,,,,,,,,,,,,,,,,,,17.5,17.8,7.4,5.0,18.3,18.0,20.3,20.8,19.9,29.1,31.7,35.7
2025-09-17 03:00:00,,,,,,,,,,,,,,,,,,,,17.5,17.8,7.4,5.0,18.3,18.0,20.3,20.8,19.9,29.1,31.7,35.7
2025-09-17 04:00:00,,,,,,,,,,,,,,,,,,,,17.5,17.8,7.4,5.0,18.3,18.0,20.3,20.8,19.9,29.1,31.8,35.7
2025-09-17 05:00:00,,,,,,,,,,,,,,,,,,,,17.5,17.8,7.4,5.0,18.3,18.0,20.3,20.8,19.9,29.1,31.8,35.7
2025-09-17 06:00:00,,,,,,,,,,,,,,,,,,,,17.5,17.8,7.4,5.0,18.3,18.0,20.3,20.8,19.9,29.2,31.8,35.7
2025-09-17 07:00:00,,,,,,,,,,,,,,,,,,,,17.5,17.8,7.3,4.9,18.3,18.0,20.3,20.8,19.9,29.2,31.8,35.8
2025-09-17 08:00:00,,,,,,,,,,,,,,,,,,,,17.5,17.9,7.4,5.0,18.3,18.0,20.3,20.8,19.9,29.2,31.8,35.7
2025-09-17 09:00:00,,,,,,,,,,,,,,,,,,,,17.5,17.8,7.4,5.0,18.3,18.0,20.3,20.8,19.9,29.2,31.8,35.7
2025-09-17 10:00:00,,,,,,,,,,,,,,,,,,,,17.5,17.8,7.4,4.9,18.3,18.0,20.3,20.8,19.9,29.1,31.7,35.7
2025-09-17 11:00:00,,,,,,,,,,,,,,,,,,,,17.5,17.8,7.4,4.9,18.3,18.0,20.3,20.7,19.8,29.0,31.5,35.6
2025-09-17 12:00:00,,,,,,,,,,,,,,,,,,,,17.5,17.8,7.4,4.9,18.3,18.0,20.2,20.7,19.8,28.8,31.4,35.4
2025-09-17 13:00:00,,,,,,,,,,,,,,,,,,,,17.5,17.8,7.4,4.9,18.2,18.0,20.1,20.6,19.7,28.6,31.2,35.3
2025-09-17 14:00:00,,,,,,,,,,,,,,,,,,,,17.5,17.8,7.3,4.9,18.2,17.9,20.1,20.5,19.6,28.5,31.0,35.0
2025-09-17 15:00:00,,,,,,,,,,,,,,,,,,,,17.5,17.7,7.3,4.9,18.2,17.9,20.1,20.5,19.5,28.3,30.8,34.8
2025-09-17 16:00:00,,,,,,,,,,,,,,,,,,,,17.5,17.7,7.3,4.9,18.2,17.9,20.0,20.5,19.5,28.2,30.7,34.7
2025-09-17 17:00:00,,,,,,,,,,,,,,,,,,,,17.5,17.7,7.3,4.9,18.2,17.9,20.0,20.4,19.4,28.1,30.6,34.6
2025-09-17 18:00:00,,,,,,,,,,,,,,,,,,,,17.4,17.7,7.3,4.9,18.2,17.9,20.1,20.4,19.4,28.1,30.6,34.5
2025-09-17 19:00:00,,,,,,,,,,,,,,,,,,,,18.5,18.2,7.3,4.8,18.2,17.9,20.1,20.4,19.4,28.1,30.6,34.5
2025-09-17 20:00:00,,,,,,,,,,,,,,,,,,,,21.1,19.2,7.4,4.9,18.2,17.9,20.1,20.4,19.4,28.2,30.7,34.6
2025-09-17 21:00:00,,,,,,,,,,,,,,,,,,,,21.2,19.0,7.4,4.9,18.1,17.9,20.1,20.4,19.4,28.2,30.8,34.6
2025-09-17 22:00:00,,,,,,,,,,,,,,,,,,,,21.2,18.8,7.4,5.0,18.1,17.9,20.1,20.4,19.4,28.3,30.8,34.7
2025-09-17 23:00:00,,,,,,,,,,,,,,,,,,,,22.4,18.8,7.4,5.0,18.1,17.9,20.1,20.4,19.4,28.3,30.8,34.7
2025-09-18 01:00:00,,,,,,,,,,,,,,,,,,,,29.3,23.9,7.4,4.9,18.1,17.9,20.1,20.4,19.4,28.4,30.9,34.7
2025-09-18 02:00:00,,,,,,,,,,,,,,,,,,,,29.2,23.2,7.5,5.0,18.1,17.9,20.1,20.4,19.5,28.4,30.9,34.7
2025-09-18 03:00:00,,,,,,,,,,,,,,,,,,,,29.0,22.6,7.4,5.0,18.1,17.9,20.1,20.4,19.5,28.4,31.0,34.8
2025-09-18 04:00:00,,,,,,,,,,,,,,,,,,,,29.2,22.2,7.4,5.0,18.1,17.9,20.2,20.4,19.5,28.5,31.0,34.8
2025-09-18 05:00:00,,,,,,,,,,,,,,,,,,,,29.1,21.9,7.5,5.0,18.2,17.9,20.1,20.4,19.5,28.5,31.0,34.8
2025-09-18 06:00:00,,,,,,,,,,,,,,,,,,,,29.0,21.6,7.5,4.9,18.1,17.9,20.2,20.4,19.5,28.5,31.1,34.8
2025-09-18 07:00:00,,,,,,,,,,,,,,,,,,,,28.8,21.4,7.5,4.9,18.2,17.9,20.2,20.4,19.5,28.5,31.1,34.8
2025-09-18 08:00:00,,,,,,,,,,,,,,,,,,,,28.6,21.2,7.5,4.8,18.2,17.9,20.2,20.4,19.5,28.6,31.1,34.8
2025-09-18 09:00:00,,,,,,,,,,,,,,,,,,,,28.4,21.1,7.5,4.9,18.2,17.9,20.2,20.4,19.5,28.6,31.1,34.8
2025-09-18 10:00:00,,,,,,,,,,,,,,,,,,,,28.1,20.9,7.5,4.8,18.1,17.9,20.2,20.5,19.5,28.6,31.1,34.8
2025-09-18 11:00:00,,,,,,,,,,,,,,,,,,,,27.8,20.8,7.5,4.9,18.2,17.9,20.2,20.5,19.6,28.6,31.1,34.8
2025-09-18 12:00:00,,,,,,,,,,,,,,,,,,,,27.7,20.7,7.5,5.0,18.1,17.9,20.2,20.5,19.6,28.6,31.1,34.9
2025-09-18 13:00:00,,,,,,,,,,,,,,,,,,,,28.1,20.6,7.5,5.0,18.1,17.9,20.2,20.4,19.6,28.6,31.1,34.9
2025-09-18 14:00:00,,,,,,,,,,,,,,,,,,,,34.5,28.2,9.0,5.1,18.2,17.9,20.2,20.5,19.6,28.6,31.1,34.9
2025-09-18 15:00:00,,,,,,,,,,,,,,,,,,,,37.5,33.0,9.8,5.5,18.2,18.0,20.2,20.5,19.6,28.6,31.1,34.9
2025-09-18 16:00:00,,,,,,,,,,,,,,,,,,,,38.1,35.3,10.8,5.3,18.2,18.0,20.2,20.5,19.6,28.7,31.1,34.9
2025-09-18 17:00:00,,,,,,,,,,,,,,,,,,,,39.8,37.5,12.3,6.7,22.1,18.0,20.2,20.4,19.6,28.7,31.2,34.9
2025-09-18 18:00:00,,,,,,,,,,,,,,,,,,,,39.5,37.3,11.9,6.8,25.1,18.0,20.2,20.4,19.6,28.7,31.2,34.9
2025-09-18 19:00:00,,,,,,,,,,,,,,,,,,,,37.5,36.0,11.6,6.8,29.1,18.1,20.3,20.4,19.6,28.7,31.2,34.9
2025-09-18 20:00:00,,,,,,,,,,,,,,,,,,,,35.9,34.7,11.3,6.7,29.9,18.2,20.3,20.4,19.6,28.7,31.2,35.0
2025-09-18 21:00:00,,,,,,,,,,,,,,,,,,,,35.1,34.0,11.1,6.7,30.0,18.3,20.3,20.4,19.7,28.7,31.3,35.0
2025-09-18 22:00:00,,,,,,,,,,,,,,,,,,,,34.6,33.5,11.0,6.6,30.0,18.4,20.3,20.4,19.7,28.8,31.2,35.0
2025-09-18 23:00:00,,,,,,,,,,,,,,,,,,,,34.1,33.0,10.9,6.6,29.8,18.5,20.3,20.4,19.7,28.8,31.3,35.0
2025-09-19 01:00:00,,,,,,,,,,,,,,,,,,,,33.4,32.3,10.7,6.5,29.6,18.6,20.3,20.4,19.7,28.8,31.3,35.0
2025-09-19 02:00:00,,,,,,,,,,,,,,,,,,,,33.1,32.1,10.6,6.5,29.5,18.7,20.3,20.4,19.7,28.9,31.3,35.0
2025-09-19 03:00:00,,,,,,,,,,,,,,,,,,,,32.9,31.8,10.6,6.5,29.4,18.7,20.3,20.4,19.7,28.9,31.3,35.0
2025-09-19 04:00:00,,,,,,,,,,,,,,,,,,,,32.7,31.6,10.5,6.5,29.3,18.8,20.4,20.5,19.7,28.9,31.4,35.0
2025-09-19 05:00:00,,,,,,,,,,,,,,,,,,,,32.5,31.4,10.5,6.4,29.1,18.8,20.4,20.5,19.7,28.9,31.4,35.1
2025-09-19 06:00:00,,,,,,,,,,,,,,,,,,,,32.3,31.3,10.5,6.4,29.0,18.8,20.4,20.5,19.7,28.9,31.4,35.1
2025-09-19 07:00:00,,,,,,,,,,,,,,,,,,,,32.1,31.1,10.4,6.4,28.9,18.9,20.4,20.5,19.7,28.9,31.4,35.1
2025-09-19 08:00:00,,,,,,,,,,,,,,,,,,,,32.0,30.9,10.4,6.4,28.8,18.9,20.4,20.5,19.7,28.9,31.4,35.1
2025-09-19 09:00:00,,,,,,,,,,,,,,,,,,,,31.7,30.6,10.3,6.3,28.6,18.9,20.5,20.5,19.7,28.9,31.4,35.0
2025-09-19 10:00:00,,,,,,,,,,,,,,,,,,,,31.4,30.3,10.3,6.2,28.3,18.9,20.5,20.5,19.7,28.9,31.3,35.0
2025-09-19 11:00:00,,,,,,,,,,,,,,,,,,,,30.9,29.9,10.2,6.1,28.0,18.9,20.5,20.5,19.7,28.9,31.3,35.0
2025-09-19 12:00:00,,,,,,,,,,,,,,,,,,,,30.3,29.3,10.1,6.1,27.7,18.9,20.5,20.5,19.7,28.8,31.2,34.9
2025-09-19 13:00:00,,,,,,,,,,,,,,,,,,,,30.0,29.1,10.0,6.0,27.5,18.9,20.5,20.5,19.7,28.8,31.2,34.9
2025-09-19 14:00:00,,,,,,,,,,,,,,,,,,,,33.7,29.2,10.0,6.0,27.5,19.0,20.5,20.6,19.7,28.8,31.2,35.0
2025-09-19 15:00:00,,,,,,,,,,,,,,,,,,,,37.8,36.1,11.1,6.3,27.5,19.0,20.5,20.6,19.7,28.8,31.3,35.0
2025-09-19 16:00:00,,,,,,,,,,,,,,,,,,,,36.1,35.0,11.3,6.4,28.0,19.0,20.6,20.6,19.7,28.9,31.3,35.0
2025-09-19 17:00:00,,,,,,,,,,,,,,,,,,,,35.4,34.3,11.1,6.5,28.4,19.1,20.6,20.6,19.7,28.9,31.3,35.0
2025-09-19 18:00:00,,,,,,,,,,,,,,,,,,,,35.1,34.0,11.1,6.5,28.8,19.1,20.6,20.6,19.7,28.9,31.3,35.0
2025-09-19 19:00:00,,,,,,,,,,,,,,,,,,,,34.7,33.6,11.0,6.5,29.0,19.2,20.6,20.6,19.7,28.9,31.3,35.0
2025-09-19 20:00:00,,,,,,,,,,,,,,,,,,,,34.3,33.2,10.9,6.5,29.1,19.3,20.6,20.6,19.7,28.9,31.3,35.0
2025-09-19 21:00:00,,,,,,,,,,,,,,,,,,,,33.9,32.9,10.9,6.5,29.2,19.4,20.6,20.6,19.7,28.9,31.4,35.0
2025-09-19 22:00:00,,,,,,,,,,,,,,,,,,,,33.6,32.7,10.8,6.5,29.2,19.5,20.6,20.6,19.8,28.9,31.4,35.1
2025-09-19 23:00:00,,,,,,,,,,,,,,,,,,,,33.3,32.4,10.8,6.5,29.2,19.7,20.7,20.6,19.8,29.0,31.4,35.1
2025-09-20 01:00:00,,,,,,,,,,,,,,,,,,,,32.9,32.0,10.7,6.5,29.2,19.9,20.7,20.6,19.8,29.0,31.4,35.1
2025-09-20 02:00:00,,,,,,,,,,,,,,,,,,,,32.7,31.8,10.7,6.5,29.2,20.0,20.8,20.6,19.8,29.0,31.4,35.1
2025-09-20 03:00:00,,,,,,,,,,,,,,,,,,,,32.5,31.7,10.6,6.5,29.2,20.1,20.8,20.6,19.8,29.0,31.4,35.1
2025-09-20 04:00:00,,,,,,,,,,,,,,,,,,,,32.3,31.5,10.6,6.4,29.1,20.3,20.8,20.7,19.8,29.0,31.4,35.1
2025-09-20 05:00:00,,,,,,,,,,,,,,,,,,,,32.2,31.4,10.6,6.4,29.1,20.3,20.8,20.6,19.8,29.1,31.4,35.1
2025-09-20 06:00:00,,,,,,,,,,,,,,,,,,,,32.0,31.3,10.5,6.4,29.1,20.4,20.9,20.7,19.8,29.1,31.4,35.1
2025-09-20 07:00:00,,,,,,,,,,,,,,,,,,,,31.9,31.2,10.5,6.4,29.0,20.5,20.9,20.7,19.8,29.1,31.4,35.2
2025-09-20 08:00:00,,,,,,,,,,,,,,,,,,,,31.7,31.0,10.5,6.4,29.0,20.6,20.9,20.7,19.8,29.1,31.4,35.1
2025-09-20 09:00:00,,,,,,,,,,,,,,,,,,,,31.4,30.6,10.5,6.4,28.7,20.6,20.9,20.7,19.8,29.1,31.4,35.1
2025-09-20 10:00:00,,,,,,,,,,,,,,,,,,,,30.9,30.2,10.4,6.3,28.5,20.5,20.9,20.6,19.8,29.0,31.4,35.1
2025-09-20 11:00:00,,,,,,,,,,,,,,,,,,,,30.3,29.7,10.3,6.2,28.2,20.5,20.9,20.6,19.7,29.0,31.3,35.0
2025-09-20 12:00:00,,,,,,,,,,,,,,,,,,,,29.7,29.2,10.2,6.2,27.9,20.5,20.9,20.6,19.7,28.9,31.3,35.0
2025-09-20 13:00:00,,,,,,,,,,,,,,,,,,,,29.2,28.8,10.1,6.2,27.7,20.4,20.9,20.6,19.7,28.9,31.2,35.0
2025-09-20 14:00:00,,,,,,,,,,,,,,,,,,,,28.6,28.4,10.0,6.1,27.5,20.4,20.9,20.6,19.7,28.8,31.2,34.9
2025-09-20 15:00:00,,,,,,,,,,,,,,,,,,,,28.2,28.0,9.9,6.1,27.2,20.4,20.9,20.6,19.7,28.8,31.1,34.9
2025-09-20 16:00:00,,,,,,,,,,,,,,,,,,,,28.0,27.9,9.9,6.1,27.1,20.4,20.9,20.6,19.7,28.8,31.1,34.9
2025-09-20 17:00:00,,,,,,,,,,,,,,,,,,,,27.8,27.8,9.9,6.1,27.1,20.4,20.9,20.6,19.7,28.8,31.2,34.9
2025-09-20 18:00:00,,,,,,,,,,,,,,,,,,,,27.8,27.8,9.9,6.0,27.0,20.4,20.9,20.6,19.7,28.8,31.2,34.9
2025-09-20 19:00:00,,,,,,,,,,,,,,,,,,,,27.7,27.8,9.9,6.1,27.0,20.5,20.9,20.6,19.7,28.8,31.2,34.9
2025-09-20 20:00:00,,,,,,,,,,,,,,,,,,,,27.6,27.8,9.9,6.0,26.9,20.5,21.0,20.6,19.8,28.8,31.2,34.9
2025-09-20 21:00:00,,,,,,,,,,,,,,,,,,,,27.5,27.8,9.9,6.0,26.9,20.5,21.0,20.6,19.7,28.9,31.3,35.0
2025-09-20 22:00:00,,,,,,,,,,,,,,,,,,,,27.5,27.7,10.0,6.0,26.9,20.6,21.0,20.6,19.7,28.9,31.3,35.0
2025-09-20 23:00:00,,,,,,,,,,,,,,,,,,,,27.5,27.7,9.9,6.0,26.9,20.6,21.1,20.6,19.7,28.9,31.3,35.0
2025-09-21 01:00:00,,,,,,,,,,,,,,,,,,,,27.4,27.7,9.9,6.1,26.8,20.6,21.1,20.7,19.8,29.0,31.3,35.0
2025-09-21 02:00:00,,,,,,,,,,,,,,,,,,,,27.3,27.7,9.9,6.1,26.8,20.6,21.1,20.7,19.8,29.0,31.3,35.0
2025-09-21 03:00:00,,,,,,,,,,,,,,,,,,,,27.3,27.6,9.9,6.1,26.7,20.6,21.1,20.7,19.8,29.0,31.3,35.0
2025-09-21 04:00:00,,,,,,,,,,,,,,,,,,,,27.2,27.6,9.9,6.1,26.7,20.7,21.1,20.7,19.8,29.0,31.3,35.0
2025-09-21 05:00:00,,,,,,,,,,,,,,,,,,,,27.2,27.6,9.9,6.1,26.6,20.7,21.1,20.7,19.8,29.1,31.3,35.0
2025-09-21 06:00:00,,,,,,,,,,,,,,,,,,,,27.1,27.6,9.9,6.0,26.6,20.7,21.1,20.7,19.8,29.1,31.3,35.0
2025-09-21 07:00:00,,,,,,,,,,,,,,,,,,,,27.1,27.6,9.9,6.1,26.5,20.7,21.2,20.7,19.8,29.1,31.3,35.0
2025-09-21 08:00:00,,,,,,,,,,,,,,,,,,,,26.9,27.4,9.8,6.0,26.4,20.7,21.2,20.7,19.8,29.1,31.3,35.0
2025-09-21 09:00:00,,,,,,,,,,,,,,,,,,,,26.5,27.0,9.8,6.0,26.2,20.7,21.1,20.7,19.8,29.0,31.3,35.0
2025-09-21 10:00:00,,,,,,,,,,,,,,,,,,,,26.1,26.6,9.7,6.0,26.0,20.6,21.1,20.7,19.8,29.0,31.3,35.0
2025-09-21 11:00:00,,,,,,,,,,,,,,,,,,,,25.6,26.1,9.6,5.9,25.8,20.5,21.1,20.7,19.8,29.0,31.2,34.9
2025-09-21 12:00:00,,,,,,,,,,,,,,,,,,,,25.2,25.6,9.6,5.9,25.5,20.4,21.0,20.7,19.7,28.9,31.1,34.9
2025-09-21 13:00:00,,,,,,,,,,,,,,,,,,,,24.7,25.1,9.5,5.8,25.4,20.4,21.0,20.7,19.7,28.9,31.1,34.8
2025-09-21 14:00:00,,,,,,,,,,,,,,,,,,,,24.3,24.9,9.4,5.8,25.2,20.3,21.0,20.6,19.7,28.9,31.0,34.8
2025-09-21 15:00:00,,,,,,,,,,,,,,,,,,,,24.0,24.7,9.4,5.8,25.1,20.3,21.0,20.6,19.7,28.9,31.0,34.8
2025-09-21 16:00:00,,,,,,,,,,,,,,,,,,,,23.9,24.5,9.4,5.8,25.0,20.3,21.0,20.7,19.7,28.8,31.0,34.8
2025-09-21 17:00:00,,,,,,,,,,,,,,,,,,,,23.8,24.5,9.4,5.8,24.9,20.3,21.0,20.7,19.7,28.9,31.0,34.8
2025-09-21 18:00:00,,,,,,,,,,,,,,,,,,,,23.7,24.5,9.3,5.8,24.9,20.3,21.0,20.7,19.7,28.9,31.1,34.8
2025-09-21 19:00:00,,,,,,,,,,,,,,,,,,,,23.6,24.5,9.3,5.8,24.8,20.3,21.1,20.7,19.7,28.9,31.1,34.8
2025-09-21 20:00:00,,,,,,,,,,,,,,,,,,,,23.5,24.5,9.3,5.9,24.8,20.3,21.1,20.7,19.7,28.9,31.1,34.8
2025-09-21 21:00:00,,,,,,,,,,,,,,,,,,,,23.5,24.5,9.3,5.8,24.7,20.3,21.1,20.7,19.7,28.9,31.1,34.8
2025-09-21 22:00:00,,,,,,,,,,,,,,,,,,,,23.4,24.5,9.3,5.9,24.7,20.3,21.1,20.7,19.7,28.9,31.1,34.8
2025-09-21 23:00:00,,,,,,,,,,,,,,,,,,,,23.3,24.4,9.3,5.9,24.6,20.3,21.1,20.7,19.7,28.9,31.1,34.9
2025-09-22 01:00:00,,,,,,,,,,,,,,,,,,,,23.2,24.5,9.3,5.8,24.6,20.4,21.1,20.7,19.7,29.0,31.2,34.9
2025-09-22 02:00:00,,,,,,,,,,,,,,,,,,,,23.2,24.4,9.3,5.8,24.5,20.4,21.1,20.7,19.7,29.0,31.2,34.9
2025-09-22 03:00:00,,,,,,,,,,,,,,,,,,,,23.2,24.4,9.3,5.8,24.5,20.4,21.1,20.7,19.7,29.0,31.2,34.9
2025-09-22 04:00:00,,,,,,,,,,,,,,,,,,,,23.1,24.4,9.2,5.8,24.5,20.4,21.1,20.7,19.7,29.0,31.2,34.9
2025-09-22 05:00:00,,,,,,,,,,,,,,,,,,,,23.0,24.3,9.2,5.8,24.4,20.3,21.1,20.7,19.8,29.0,31.2,34.9
2025-09-22 06:00:00,,,,,,,,,,,,,,,,,,,,23.0,24.3,9.3,5.8,24.3,20.4,21.1,20.7,19.8,29.0,31.2,34.9
2025-09-22 07:00:00,,,,,,,,,,,,,,,,,,,,22.9,24.2,9.3,5.8,24.3,20.4,21.1,20.8,19.8,29.0,31.2,34.9
2025-09-22 08:00:00,,,,,,,,,,,,,,,,,,,,22.8,24.2,9.3,5.8,24.2,20.3,21.1,20.8,19.8,29.0,31.2,34.9
2025-09-22 09:00:00,,,,,,,,,,,,,,,,,,,,22.7,24.0,9.2,5.8,24.1,20.3,21.1,20.8,19.8,29.0,31.2,34.9
2025-09-22 10:00:00,,,,,,,,,,,,,,,,,,,,22.6,23.8,9.2,5.8,24.0,20.3,21.1,20.8,19.8,29.0,31.2,34.9
2025-09-22 11:00:00,,,,,,,,,,,,,,,,,,,,22.5,23.8,9.2,5.8,24.0,20.3,21.1,20.8,19.8,29.0,31.2,34.9
2025-09-22 12:00:00,,,,,,,,,,,,,,,,,,,,22.3,23.6,9.1,5.8,23.9,20.3,21.1,20.7,19.8,29.0,31.2,34.9
2025-09-22 13:00:00,,,,,,,,,,,,,,,,,,,,22.2,23.3,9.1,5.7,23.7,20.2,21.1,20.8,19.8,29.0,31.1,34.9
2025-09-22 14:00:00,,,,,,,,,,,,,,,,,,,,22.0,23.1,9.1,5.7,23.6,20.2,21.1,20.7,19.8,28.9,31.1,34.9
2025-09-22 15:00:00,,,,,,,,,,,,,,,,,,,,21.9,23.1,9.1,5.6,23.6,20.2,21.1,20.7,19.8,29.0,31.1,34.9
2025-09-22 16:00:00,,,,,,,,,,,,,,,,,,,,26.3,23.3,9.1,5.6,23.6,20.2,21.1,20.8,19.8,29.0,31.2,34.9
2025-09-22 17:00:00,,,,,,,,,,,,,,,,,,,,43.2,40.5,13.7,7.6,27.7,21.2,21.1,20.8,19.8,29.0,31.2,34.9
2025-09-22 18:00:00,,,,,,,,,,,,,,,,,,,,37.9,36.8,12.1,7.5,38.4,40.0,44.6,42.1,41.8,51.6,48.1,49.3
2025-09-22 19:00:00,,,,,,,,,,,,,,,,,,,,36.3,35.3,11.7,7.2,36.9,38.6,42.9,40.8,40.1,50.0,47.3,48.8
2025-09-22 20:00:00,,,,,,,,,,,,,,,,,,,,36.3,35.1,11.6,7.1,36.2,37.8,42.0,40.1,39.3,49.5,47.1,47.4
2025-09-22 21:00:00,,,,,,,,,,,,,,,,,,,,41.2,39.0,12.7,7.6,37.2,37.8,41.7,39.8,38.8,49.1,46.7,47.1
2025-09-22 22:00:00,,,,,,,,,,,,,,,,,,,,40.2,38.0,12.5,7.6,38.3,39.4,43.3,41.4,40.6,50.9,47.8,47.6
2025-09-22 23:00:00,,,,,,,,,,,,,,,,,,,,39.7,37.6,12.3,7.5,38.8,40.2,44.7,42.7,42.9,52.3,52.5,48.9
2025-09-23 01:00:00,,,,,,,,,,,,,,,,,,,,45.3,42.3,13.5,8.4,43.4,44.7,49.2,47.7,48.4,56.2,55.2,50.4
2025-09-23 02:00:00,,,,,,,,,,,,,,,,,,,,40.3,38.3,12.4,7.7,39.9,41.1,45.1,42.9,43.0,52.6,52.7,49.8
2025-09-23 03:00:00,,,,,,,,,,,,,,,,,,,,49.1,45.9,15.6,9.0,41.0,39.5,43.4,41.4,40.9,51.3,49.3,49.5
2025-09-23 04:00:00,,,,,,,,,,,,,,,,,,,,41.0,38.9,12.6,7.8,40.6,41.7,45.6,43.7,44.3,53.4,53.4,50.0
2025-09-23 05:00:00,,,,,,,,,,,,,,,,,,,,43.8,41.1,13.2,8.1,40.5,40.4,43.8,41.6,41.4,51.6,49.6,49.6
2025-09-23 06:00:00,,,,,,,,,,,,,,,,,,,,41.8,39.0,12.5,7.8,40.4,41.3,45.1,43.2,43.5,53.3,52.5,49.9
2025-09-23 07:00:00,,,,,,,,,,,,,,,,,,,,38.7,37.1,12.1,7.5,38.9,40.1,43.8,41.8,41.6,51.8,49.9,49.7
2025-09-23 08:00:00,,,,,,,,,,,,,,,,,,,,40.5,38.6,12.5,7.8,40.5,41.4,45.0,42.9,43.0,52.7,50.9,49.7
2025-09-23 09:00:00,,,,,,,,,,,,,,,,,,,,38.8,36.9,11.9,7.4,38.5,39.7,43.6,41.5,41.3,51.6,49.6,49.7
2025-09-23 10:00:00,,,,,,,,,,,,,,,,,,,,40.5,38.0,12.2,7.4,37.9,39.1,42.8,40.9,40.2,50.9,48.8,49.5
2025-09-23 11:00:00,,,,,,,,,,,,,,,,,,,,44.3,41.1,13.1,8.0,38.7,39.4,42.8,40.8,40.0,50.3,48.4,49.3
2025-09-23 12:00:00,,,,,,,,,,,,,,,,,,,,47.6,44.4,14.4,8.9,45.7,46.0,51.0,49.1,49.6,56.7,54.9,50.6
2025-09-23 13:00:00,,,,,,,,,,,,,,,,,,,,40.6,38.5,12.4,7.7,40.4,41.4,45.3,43.4,43.9,53.2,53.1,50.1
2025-09-23 14:00:00,,,,,,,,,,,,,,,,,,,,42.7,40.0,13.0,8.0,42.0,42.8,46.9,45.2,46.1,55.0,53.4,50.4
2025-09-23 15:00:00,,,,,,,,,,,,,,,,,,,,41.4,38.7,12.5,7.6,39.9,40.8,44.4,42.3,42.5,52.2,51.2,49.9
2025-09-23 16:00:00,,,,,,,,,,,,,,,,,,,,43.3,40.0,12.9,7.9,40.8,41.6,45.0,42.8,42.6,52.3,50.0,49.8
2025-09-23 17:00:00,,,,,,,,,,,,,,,,,,,,40.3,38.2,12.4,7.6,40.4,41.3,45.2,43.3,43.7,53.2,52.7,50.2
2025-09-23 18:00:00,,,,,,,,,,,,,,,,,,,,45.9,42.8,13.9,8.5,44.0,44.3,46.8,43.6,42.9,52.1,49.7,49.9
2025-09-23 19:00:00,,,,,,,,,,,,,,,,,,,,46.2,42.5,13.7,8.4,43.0,43.0,46.1,43.7,43.9,53.4,54.1,50.2
2025-09-23 20:00:00,,,,,,,,,,,,,,,,,,,,39.3,37.5,12.2,7.5,39.7,40.9,44.6,42.6,42.9,52.6,53.3,50.2
2025-09-23 21:00:00,,,,,,,,,,,,,,,,,,,,39.7,37.5,12.1,7.4,38.8,39.9,43.5,41.6,41.4,51.5,49.5,50.0
2025-09-23 22:00:00,,,,,,,,,,,,,,,,,,,,40.5,37.3,11.9,7.3,38.3,39.6,43.2,41.3,40.7,50.9,49.1,49.9
2025-09-23 23:00:00,,,,,,,,,,,,,,,,,,,,46.6,39.4,11.9,7.3,38.1,39.4,42.9,41.0,40.4,50.7,48.8,49.7
2025-09-24 01:00:00,,,,,,,,,,,,,,,,,,,,47.7,43.6,14.0,8.7,44.7,45.0,49.3,48.3,48.7,56.7,55.5,51.1
2025-09-24 02:00:00,,,,,,,,,,,,,,,,,,,,47.4,43.5,14.0,8.7,45.4,45.7,50.6,49.7,53.5,57.2,55.9,51.2
2025-09-24 03:00:00,,,,,,,,,,,,,,,,,,,,40.4,38.4,12.4,7.7,40.7,41.4,45.1,43.4,43.8,53.1,53.6,50.5
2025-09-24 04:00:00,,,,,,,,,,,,,,,,,,,,48.5,45.0,14.6,9.0,46.0,45.0,45.5,42.2,41.9,51.9,49.7,50.2
2025-09-24 05:00:00,,,,,,,,,,,,,,,,,,,,50.2,46.6,15.4,9.4,47.0,46.3,50.4,49.0,51.7,58.8,54.1,51.3
2025-09-24 06:00:00,,,,,,,,,,,,,,,,,,,,44.9,41.4,13.3,8.2,43.3,43.8,47.5,46.2,46.9,55.8,54.5,51.1
2025-09-24 07:00:00,,,,,,,,,,,,,,,,,,,,44.2,41.1,13.3,8.2,43.2,43.5,46.6,44.5,44.7,53.4,51.3,50.6
2025-09-24 08:00:00,,,,,,,,,,,,,,,,,,,,51.7,47.5,16.1,9.6,47.5,46.6,48.8,44.4,43.2,52.6,50.5,50.6
2025-09-24 09:00:00,,,,,,,,,,,,,,,,,,,,43.3,40.3,12.9,8.0,42.0,42.6,46.1,44.2,44.8,53.8,53.1,50.8
2025-09-24 10:00:00,,,,,,,,,,,,,,,,,,,,44.2,39.8,12.7,7.8,41.5,42.2,45.9,44.2,44.8,54.0,53.2,50.9
2025-09-24 11:00:00,,,,,,,,,,,,,,,,,,,,40.8,38.4,12.4,7.6,40.8,41.6,45.1,43.2,43.5,53.1,51.7,50.7
2025-09-24 12:00:00,,,,,,,,,,,,,,,,,,,,51.3,47.3,16.1,9.6,47.2,45.7,47.0,43.2,42.3,52.2,49.8,50.5
2025-09-24 13:00:00,,,,,,,,,,,,,,,,,,,,43.5,40.4,12.9,8.0,42.4,42.8,46.5,44.7,45.8,54.8,53.6,51.0
2025-09-24 14:00:00,,,,,,,,,,,,,,,,,,,,41.0,38.3,12.2,7.5,40.1,41.0,44.5,42.5,42.6,52.7,50.6,50.6
2025-09-24 15:00:00,,,,,,,,,,,,,,,,,,,,42.0,39.4,12.6,7.9,41.8,42.3,46.0,44.2,45.0,54.4,53.6,51.0
2025-09-24 16:00:00,,,,,,,,,,,,,,,,,,,,39.4,37.3,12.1,7.5,39.8,40.8,44.3,42.3,42.3,52.7,50.3,50.6
2025-09-24 17:00:00,,,,,,,,,,,,,,,,,,,,44.6,41.4,13.4,8.3,43.0,42.3,44.4,41.9,41.4,52.0,49.6,50.4
2025-09-24 18:00:00,,,,,,,,,,,,,,,,,,,,40.5,38.3,12.3,7.7,40.8,41.7,45.1,43.1,42.9,53.2,51.1,50.7
2025-09-24 19:00:00,,,,,,,,,,,,,,,,,,,,49.2,45.3,14.5,9.1,47.0,46.8,52.1,51.3,54.9,58.9,55.9,51.0
2025-09-24 20:00:00,,,,,,,,,,,,,,,,,,,,40.3,38.1,12.3,7.7,40.8,41.6,45.1,43.2,43.4,53.5,52.8,51.0
2025-09-24 21:00:00,,,,,,,,,,,,,,,,,,,,41.1,37.1,11.9,7.4,39.4,40.5,44.0,42.1,41.9,52.4,50.2,50.7
2025-09-24 22:00:00,,,,,,,,,,,,,,,,,,,,41.6,39.1,12.6,7.9,41.8,42.5,45.8,44.1,44.5,54.0,52.4,50.8
2025-09-24 23:00:00,,,,,,,,,,,,,,,,,,,,39.6,37.3,12.0,7.5,39.8,40.8,44.2,42.4,42.3,52.7,50.6,50.8
2025-09-25 01:00:00,,,,,,,,,,,,,,,,,,,,37.3,35.8,11.7,7.3,38.4,39.8,43.2,41.5,41.0,51.8,49.6,50.4
2025-09-25 02:00:00,,,,,,,,,,,,,,,,,,,,36.6,35.3,11.6,7.2,38.0,39.4,42.9,41.3,40.7,51.4,49.4,50.2
2025-09-25 03:00:00,,,,,,,,,,,,,,,,,,,,36.1,34.9,11.6,7.2,37.7,39.1,42.6,41.0,40.4,51.2,49.3,49.7
2025-09-25 04:00:00,,,,,,,,,,,,,,,,,,,,35.7,34.6,11.5,7.1,37.4,38.8,42.3,40.9,40.2,51.1,49.2,49.5
2025-09-25 05:00:00,,,,,,,,,,,,,,,,,,,,35.4,34.3,11.4,7.1,37.2,38.6,42.1,40.7,40.0,50.9,49.0,49.2
2025-09-25 06:00:00,,,,,,,,,,,,,,,,,,,,35.2,34.1,11.4,7.0,37.0,38.3,41.9,40.6,39.9,50.7,48.8,49.0
2025-09-25 07:00:00,,,,,,,,,,,,,,,,,,,,34.9,33.8,11.3,7.0,36.8,38.2,41.7,40.4,39.7,50.6,48.7,48.8
2025-09-25 08:00:00,,,,,,,,,,,,,,,,,,,,34.6,33.6,11.3,6.9,36.6,38.0,41.6,40.3,39.6,50.4,48.7,48.7
2025-09-25 09:00:00,,,,,,,,,,,,,,,,,,,,34.2,33.2,11.2,6.9,36.3,37.7,41.4,40.2,39.4,50.3,48.6,48.6
2025-09-25 10:00:00,,,,,,,,,,,,,,,,,,,,33.7,32.8,11.0,6.8,36.1,37.5,41.3,40.0,39.3,50.2,48.5,48.5
2025-09-25 11:00:00,,,,,,,,,,,,,,,,,,,,33.2,32.4,10.9,6.8,35.9,37.4,41.1,40.0,39.2,50.1,48.5,48.4
2025-09-25 12:00:00,,,,,,,,,,,,,,,,,,,,32.8,32.0,10.8,6.8,35.7,37.1,40.9,39.9,39.0,50.0,48.4,48.3
2025-09-25 13:00:00,,,,,,,,,,,,,,,,,,,,32.1,31.5,10.7,6.7,35.5,36.9,40.8,39.8,39.0,49.9,48.2,48.3
2025-09-25 14:00:00,,,,,,,,,,,,,,,,,,,,31.6,31.2,10.6,6.7,35.3,36.8,40.6,39.6,38.8,49.8,48.1,48.2
2025-09-25 15:00:00,,,,,,,,,,,,,,,,,,,,31.1,30.9,10.5,6.6,35.1,36.6,40.5,39.6,38.7,49.7,48.0,48.3
2025-09-25 16:00:00,,,,,,,,,,,,,,,,,,,,30.9,30.7,10.4,6.6,35.0,36.5,40.4,39.5,38.7,49.7,48.0,48.3
2025-09-25 17:00:00,,,,,,,,,,,,,,,,,,,,30.8,30.7,10.4,6.6,34.9,36.4,40.3,39.4,38.6,49.6,47.9,48.3
2025-09-25 18:00:00,,,,,,,,,,,,,,,,,,,,30.7,30.6,10.4,6.6,34.9,36.3,40.2,39.4,38.5,49.5,47.9,48.3
2025-09-25 19:00:00,,,,,,,,,,,,,,,,,,,,30.6,30.6,10.4,6.6,34.8,36.2,40.1,39.3,38.5,49.5,47.9,48.3
2025-09-25 20:00:00,,,,,,,,,,,,,,,,,,,,30.5,30.6,10.5,6.6,34.8,36.1,40.1,39.3,38.4,49.5,47.8,48.3
2025-09-25 21:00:00,,,,,,,,,,,,,,,,,,,,30.4,30.5,10.4,6.6,34.7,36.1,40.0,39.3,38.4,49.4,47.8,48.3
2025-09-25 22:00:00,,,,,,,,,,,,,,,,,,,,30.5,30.5,10.5,6.6,34.6,35.9,39.9,39.2,38.3,49.4,47.7,48.2
2025-09-25 23:00:00,,,,,,,,,,,,,,,,,,,,30.4,30.4,10.5,6.6,34.5,35.9,39.9,39.2,38.3,49.3,47.6,48.2
2025-09-26 01:00:00,,,,,,,,,,,,,,,,,,,,30.3,30.4,10.5,6.5,34.3,35.7,39.7,39.1,38.2,49.3,47.6,48.2
2025-09-26 02:00:00,,,,,,,,,,,,,,,,,,,,30.2,30.4,10.5,6.5,34.3,35.7,39.7,39.0,38.2,49.2,47.5,48.2
2025-09-26 03:00:00,,,,,,,,,,,,,,,,,,,,30.2,30.3,10.5,6.5,34.2,35.6,39.6,38.9,38.1,49.2,47.5,48.2
2025-09-26 04:00:00,,,,,,,,,,,,,,,,,,,,30.1,30.3,10.5,6.5,34.2,35.5,39.5,38.9,38.1,49.2,47.4,48.1
2025-09-26 05:00:00,,,,,,,,,,,,,,,,,,,,30.1,30.2,10.4,6.5,34.1,35.5,39.5,38.9,38.1,49.1,47.4,48.1
2025-09-26 06:00:00,,,,,,,,,,,,,,,,,,,,30.0,30.2,10.4,6.5,34.1,35.5,39.5,38.9,38.0,49.1,47.4,48.1
2025-09-26 07:00:00,,,,,,,,,,,,,,,,,,,,32.9,30.2,10.4,6.5,34.1,35.4,39.4,38.8,38.0,49.1,47.3,48.1
2025-09-26 08:00:00,,,,,,,,,,,,,,,,,,,,35.6,30.7,10.4,6.5,34.0,35.4,39.4,38.8,38.0,49.0,47.3,48.1
2025-09-26 09:00:00,,,,,,,,,,,,,,,,,,,,35.9,32.0,10.4,6.5,33.9,35.3,39.3,38.8,37.9,49.0,47.3,48.1
2025-09-26 10:00:00,,,,,,,,,,,,,,,,,,,,35.4,32.5,10.4,6.5,33.8,35.3,39.3,38.8,37.9,48.9,47.3,48.0
2025-09-26 11:00:00,,,,,,,,,,,,,,,,,,,,34.9,32.6,10.4,6.5,33.7,35.2,39.1,38.7,37.8,48.9,47.2,48.0
2025-09-26 12:00:00,,,,,,,,,,,,,,,,,,,,34.1,32.3,10.3,6.4,33.6,35.0,39.1,38.6,37.7,48.8,47.1,48.0
2025-09-26 13:00:00,,,,,,,,,,,,,,,,,,,,33.5,32.0,10.3,6.4,33.4,34.9,39.0,38.6,37.7,48.7,47.1,47.9
2025-09-26 14:00:00,,,,,,,,,,,,,,,,,,,,32.9,31.7,10.2,6.4,33.4,34.8,38.9,38.5,37.7,48.7,47.1,47.9
2025-09-26 15:00:00,,,,,,,,,,,,,,,,,,,,32.4,31.4,10.2,6.4,33.3,34.7,38.8,38.5,37.6,48.7,47.0,47.9
2025-09-26 16:00:00,,,,,,,,,,,,,,,,,,,,32.1,31.2,10.2,6.4,33.2,34.7,38.8,38.5,37.6,48.6,47.0,47.9
2025-09-26 17:00:00,,,,,,,,,,,,,,,,,,,,31.9,31.1,10.2,6.4,33.3,34.7,38.8,38.4,37.5,48.6,47.0,47.9
2025-09-26 18:00:00,,,,,,,,,,,,,,,,,,,,31.7,31.1,10.2,6.4,33.3,34.7,38.8,38.4,37.5,48.6,47.0,47.9
2025-09-26 19:00:00,,,,,,,,,,,,,,,,,,,,31.7,31.1,10.2,6.4,33.3,34.7,38.8,38.4,37.4,48.6,47.0,47.9
2025-09-26 20:00:00,,,,,,,,,,,,,,,,,,,,31.6,31.0,10.2,6.5,33.3,34.7,38.8,38.4,37.4,48.5,46.9,47.9
2025-09-26 21:00:00,,,,,,,,,,,,,,,,,,,,31.4,31.0,10.2,6.5,33.4,34.7,38.8,38.4,37.4,48.5,46.9,47.9
2025-09-26 22:00:00,,,,,,,,,,,,,,,,,,,,31.4,30.9,10.2,6.4,33.3,34.7,38.8,38.4,37.4,48.5,46.9,47.9
2025-09-26 23:00:00,,,,,,,,,,,,,,,,,,,,31.3,30.9,10.3,6.4,33.3,34.7,38.7,38.4,37.4,48.5,46.9,47.9
2025-09-27 01:00:00,,,,,,,,,,,,,,,,,,,,31.2,30.8,10.3,6.4,33.3,34.7,38.7,38.4,37.4,48.5,46.9,47.8
2025-09-27 02:00:00,,,,,,,,,,,,,,,,,,,,31.1,30.7,10.3,6.4,33.3,34.7,38.7,38.4,37.3,48.5,46.9,47.8
2025-09-27 03:00:00,,,,,,,,,,,,,,,,,,,,31.0,30.7,10.3,6.4,33.3,34.7,38.6,38.4,37.3,48.5,46.9,47.8
2025-09-27 04:00:00,,,,,,,,,,,,,,,,,,,,31.0,30.7,10.3,6.4,33.3,34.6,38.6,38.4,37.3,48.5,46.9,47.8
2025-09-27 05:00:00,,,,,,,,,,,,,,,,,,,,30.9,30.7,10.3,6.4,33.3,34.6,38.6,38.4,37.3,48.5,46.9,47.8
2025-09-27 06:00:00,,,,,,,,,,,,,,,,,,,,30.9,30.6,10.2,6.4,33.3,34.6,38.6,38.3,37.2,48.5,46.9,47.8
2025-09-27 07:00:00,,,,,,,,,,,,,,,,,,,,30.8,30.6,10.2,6.4,33.3,34.6,38.6,38.4,37.2,48.5,46.9,47.8
2025-09-27 08:00:00,,,,,,,,,,,,,,,,,,,,30.7,30.4,10.2,6.4,33.2,34.6,38.6,38.3,37.2,48.5,46.9,47.8
2025-09-27 09:00:00,,,,,,,,,,,,,,,,,,,,30.3,30.2,10.1,6.4,33.1,34.5,38.6,38.3,37.2,48.4,46.8,47.7
2025-09-27 10:00:00,,,,,,,,,,,,,,,,,,,,29.9,29.9,10.1,6.4,33.0,34.4,38.5,38.3,37.1,48.4,46.8,47.7
2025-09-27 11:00:00,,,,,,,,,,,,,,,,,,,,29.4,29.5,9.9,6.4,32.8,34.3,38.4,38.3,37.1,48.4,46.7,47.7
2025-09-27 12:00:00,,,,,,,,,,,,,,,,,,,,28.9,29.2,9.9,6.3,32.7,34.3,38.4,38.2,37.0,48.3,46.7,47.7
2025-09-27 13:00:00,,,,,,,,,,,,,,,,,,,,28.4,28.8,9.8,6.3,32.5,34.2,38.3,38.2,37.0,48.3,46.7,47.6
2025-09-27 14:00:00,,,,,,,,,,,,,,,,,,,,28.2,28.7,9.7,6.3,32.4,34.1,38.3,38.2,37.0,48.3,46.7,47.6
2025-09-27 15:00:00,,,,,,,,,,,,,,,,,,,,27.8,28.4,9.7,6.3,32.3,34.0,38.2,38.1,36.9,48.2,46.7,47.6
2025-09-27 16:00:00,,,,,,,,,,,,,,,,,,,,27.6,28.4,9.8,6.2,32.3,34.0,38.2,38.1,36.9,48.2,46.7,47.6
2025-09-27 17:00:00,,,,,,,,,,,,,,,,,,,,27.5,28.4,9.8,6.2,32.3,33.9,38.2,38.0,36.9,48.2,46.7,47.6
2025-09-27 18:00:00,,,,,,,,,,,,,,,,,,,,27.5,28.4,9.7,6.2,32.3,33.9,38.2,38.0,36.9,48.2,46.7,47.6
2025-09-27 19:00:00,,,,,,,,,,,,,,,,,,,,27.5,28.4,9.8,6.2,32.3,33.9,38.2,38.0,36.9,48.3,46.7,47.5
2025-09-27 20:00:00,,,,,,,,,,,,,,,,,,,,27.4,28.4,9.8,6.2,32.3,33.9,38.2,38.0,36.9,48.2,46.7,47.5
2025-09-27 21:00:00,,,,,,,,,,,,,,,,,,,,27.4,28.4,9.8,6.2,32.3,33.9,38.2,38.0,36.8,48.2,46.7,47.5
2025-09-27 22:00:00,,,,,,,,,,,,,,,,,,,,27.3,28.4,9.8,6.3,32.3,33.9,38.2,38.0,36.8,48.2,46.7,47.5
2025-09-27 23:00:00,,,,,,,,,,,,,,,,,,,,27.3,28.4,9.8,6.3,32.3,33.9,38.1,37.9,36.8,48.2,46.7,47.5
2025-09-28 01:00:00,,,,,,,,,,,,,,,,,,,,27.2,28.3,9.9,6.3,32.3,33.8,38.1,37.9,36.8,48.2,46.7,47.5
2025-09-28 02:00:00,,,,,,,,,,,,,,,,,,,,27.2,28.3,9.8,6.2,32.3,33.8,38.1,37.9,36.8,48.2,46.7,47.5
2025-09-28 03:00:00,,,,,,,,,,,,,,,,,,,,27.1,28.3,9.8,6.2,32.2,33.8,38.1,37.9,36.8,48.2,46.7,47.5
2025-09-28 04:00:00,,,,,,,,,,,,,,,,,,,,27.0,28.3,9.8,6.2,32.2,33.7,38.1,37.9,36.8,48.2,46.7,47.5
2025-09-28 05:00:00,,,,,,,,,,,,,,,,,,,,27.1,28.3,9.8,6.2,32.2,33.7,38.1,37.9,36.8,48.2,46.7,47.5
2025-09-28 06:00:00,,,,,,,,,,,,,,,,,,,,27.0,28.3,9.9,6.2,32.2,33.7,38.1,37.9,36.8,48.2,46.7,47.5
2025-09-28 07:00:00,,,,,,,,,,,,,,,,,,,,26.9,28.3,9.9,6.2,32.2,33.7,38.1,37.9,36.7,48.2,46.7,47.5
2025-09-28 08:00:00,,,,,,,,,,,,,,,,,,,,26.9,28.2,9.8,6.2,32.2,33.7,38.0,37.8,36.7,48.2,46.7,47.5
2025-09-28 09:00:00,,,,,,,,,,,,,,,,,,,,26.6,28.0,9.7,6.2,32.0,33.6,37.9,37.8,36.7,48.2,46.6,47.4
2025-09-28 10:00:00,,,,,,,,,,,,,,,,,,,,26.2,27.6,9.6,6.2,31.8,33.5,37.8,37.8,36.6,48.1,46.6,47.4
2025-09-28 11:00:00,,,,,,,,,,,,,,,,,,,,25.7,27.3,9.6,6.1,31.6,33.3,37.7,37.7,36.6,48.1,46.5,47.3
2025-09-28 12:00:00,,,,,,,,,,,,,,,,,,,,25.2,26.8,9.5,6.1,31.4,33.2,37.6,37.7,36.6,48.0,46.5,47.3
2025-09-28 13:00:00,,,,,,,,,,,,,,,,,,,,24.9,26.5,9.4,6.1,31.3,33.1,37.6,37.6,36.5,48.0,46.5,47.3
2025-09-28 14:00:00,,,,,,,,,,,,,,,,,,,,24.6,26.4,9.4,6.1,31.2,33.1,37.5,37.6,36.5,48.0,46.4,47.3
2025-09-28 15:00:00,,,,,,,,,,,,,,,,,,,,24.5,26.4,9.4,6.1,31.2,33.0,37.5,37.5,36.5,48.0,46.4,47.3
2025-09-28 16:00:00,,,,,,,,,,,,,,,,,,,,24.5,26.4,9.4,6.1,31.2,33.0,37.5,37.5,36.5,47.9,46.5,47.3
2025-09-28 17:00:00,,,,,,,,,,,,,,,,,,,,24.5,26.4,9.5,6.1,31.2,33.0,37.5,37.5,36.4,47.9,46.4,47.3
2025-09-28 18:00:00,,,,,,,,,,,,,,,,,,,,24.4,26.5,9.5,6.1,31.2,33.0,37.5,37.5,36.4,47.9,46.4,47.3
2025-09-28 19:00:00,,,,,,,,,,,,,,,,,,,,24.4,26.5,9.5,6.1,31.2,32.9,37.4,37.5,36.4,47.9,46.4,47.3
2025-09-28 20:00:00,,,,,,,,,,,,,,,,,,,,24.3,26.5,9.6,6.1,31.2,32.9,37.4,37.5,36.4,47.9,46.4,47.3
2025-09-28 21:00:00,,,,,,,,,,,,,,,,,,,,24.3,26.5,9.6,6.1,31.2,32.9,37.4,37.5,36.4,47.9,46.4,47.3
2025-09-28 22:00:00,,,,,,,,,,,,,,,,,,,,24.3,26.5,9.5,6.1,31.2,32.9,37.4,37.5,36.4,47.8,46.4,47.3
2025-09-28 23:00:00,,,,,,,,,,,,,,,,,,,,24.2,26.5,9.5,6.1,31.2,32.8,37.4,37.5,36.3,47.8,46.4,47.3
2025-09-29 01:00:00,,,,,,,,,,,,,,,,,,,,24.2,26.4,9.6,6.1,31.2,32.8,37.4,37.4,36.3,47.8,46.4,47.3
2025-09-29 02:00:00,,,,,,,,,,,,,,,,,,,,24.2,26.4,9.6,6.1,31.2,32.8,37.4,37.4,36.3,47.8,46.4,47.3
2025-09-29 03:00:00,,,,,,,,,,,,,,,,,,,,24.1,26.4,9.5,6.1,31.2,32.8,37.4,37.4,36.2,47.8,46.4,47.3
2025-09-29 04:00:00,,,,,,,,,,,,,,,,,,,,24.1,26.4,9.6,6.1,31.1,32.8,37.4,37.4,36.2,47.7,46.4,47.3
2025-09-29 05:00:00,,,,,,,,,,,,,,,,,,,,24.1,26.4,9.5,6.1,31.2,32.8,37.4,37.4,36.2,47.7,46.4,47.3
2025-09-29 06:00:00,,,,,,,,,,,,,,,,,,,,24.0,26.4,9.6,6.1,31.1,32.8,37.4,37.4,36.1,47.7,46.4,47.3
2025-09-29 07:00:00,,,,,,,,,,,,,,,,,,,,24.0,26.3,9.6,6.1,31.2,32.7,37.4,37.4,36.1,47.7,46.4,47.3
2025-09-29 08:00:00,,,,,,,,,,,,,,,,,,,,24.0,26.3,9.6,6.1,31.1,32.7,37.3,37.3,36.1,47.7,46.4,47.3
2025-09-29 09:00:00,,,,,,,,,,,,,,,,,,,,23.8,26.0,9.5,6.1,30.9,32.6,37.2,37.3,36.1,47.7,46.3,47.3
2025-09-29 10:00:00,,,,,,,,,,,,,,,,,,,,23.6,25.8,9.5,6.1,30.8,32.5,37.1,37.3,36.1,47.6,46.3,47.3
2025-09-29 11:00:00,,,,,,,,,,,,,,,,,,,,23.2,25.4,9.4,6.1,30.6,32.4,37.1,37.2,36.0,47.5,46.3,47.2
2025-09-29 12:00:00,,,,,,,,,,,,,,,,,,,,23.0,25.1,9.3,6.0,30.5,32.3,37.0,37.2,36.0,47.5,46.2,47.2
2025-09-29 13:00:00,,,,,,,,,,,,,,,,,,,,22.9,25.0,9.3,6.0,30.4,32.2,36.9,37.2,35.9,47.5,46.2,47.2
2025-09-29 14:00:00,,,,,,,,,,,,,,,,,,,,22.8,24.9,9.3,6.0,30.3,32.2,36.9,37.2,35.9,47.5,46.2,47.2
2025-09-29 15:00:00,,,,,,,,,,,,,,,,,,,,22.7,24.9,9.3,6.0,30.3,32.2,36.8,37.2,35.9,47.5,46.2,47.2
2025-09-29 16:00:00,,,,,,,,,,,,,,,,,,,,22.6,24.9,9.3,6.0,30.3,32.2,36.8,37.1,35.8,47.4,46.2,47.2
2025-09-29 17:00:00,,,,,,,,,,,,,,,,,,,,22.6,24.9,9.3,6.0,30.3,32.1,36.8,37.1,35.8,47.4,46.2,47.2
2025-09-29 18:00:00,,,,,,,,,,,,,,,,,,,,22.6,24.9,9.3,6.0,30.3,32.1,36.8,37.1,35.8,47.4,46.2,47.2
2025-09-29 19:00:00,,,,,,,,,,,,,,,,,,,,22.5,24.9,9.3,6.1,30.3,32.1,36.8,37.1,35.8,47.4,46.2,47.3
2025-09-29 20:00:00,,,,,,,,,,,,,,,,,,,,22.5,24.9,9.3,6.1,30.3,32.0,36.8,37.1,35.8,47.4,46.2,47.3
2025-09-29 21:00:00,,,,,,,,,,,,,,,,,,,,22.4,24.9,9.3,6.1,30.3,32.0,36.8,37.1,35.8,47.4,46.2,47.3
2025-09-29 22:00:00,,,,,,,,,,,,,,,,,,,,22.4,24.9,9.3,6.1,30.3,32.0,36.8,37.1,35.8,47.4,46.2,47.2
2025-09-29 23:00:00,,,,,,,,,,,,,,,,,,,,22.4,24.9,9.4,6.1,30.3,32.0,36.8,37.0,35.8,47.4,46.2,47.2
2025-09-30 01:00:00,,,,,,,,,,,,,,,,,,,,22.3,24.9,9.4,6.1,30.3,32.0,36.8,37.0,35.7,47.2,46.2,47.2
2025-09-30 02:00:00,,,,,,,,,,,,,,,,,,,,22.4,24.9,9.4,6.0,30.3,32.0,36.8,37.0,35.7,47.2,46.2,47.2
2025-09-30 03:00:00,,,,,,,,,,,,,,,,,,,,22.3,24.9,9.4,6.1,30.3,32.0,36.8,37.0,35.7,47.2,46.2,47.2
2025-09-30 04:00:00,,,,,,,,,,,,,,,,,,,,22.3,24.9,9.4,6.1,30.3,32.0,36.7,37.0,35.7,47.2,46.2,47.2
2025-09-30 05:00:00,,,,,,,,,,,,,,,,,,,,22.3,24.9,9.4,6.1,30.3,32.0,36.7,37.0,35.6,47.2,46.2,47.2
2025-09-30 06:00:00,,,,,,,,,,,,,,,,,,,,22.2,24.8,9.4,6.1,30.3,32.0,36.7,37.0,35.6,47.2,46.2,47.2
2025-09-30 07:00:00,,,,,,,,,,,,,,,,,,,,22.2,24.9,9.4,6.1,30.3,32.0,36.7,37.0,35.6,47.2,46.1,47.1
2025-09-30 08:00:00,,,,,,,,,,,,,,,,,,,,22.2,24.8,9.3,6.1,30.3,31.9,36.7,36.9,35.6,47.2,46.1,47.1
2025-09-30 09:00:00,,,,,,,,,,,,,,,,,,,,22.1,24.6,9.3,6.0,30.1,31.9,36.6,36.9,35.6,47.1,46.1,47.1
2025-09-30 10:00:00,,,,,,,,,,,,,,,,,,,,21.9,24.2,9.2,6.0,29.9,31.7,36.5,36.8,35.5,47.1,46.1,47.1
2025-09-30 11:00:00,,,,,,,,,,,,,,,,,,,,21.7,23.9,9.1,6.0,29.7,31.6,36.4,36.8,35.5,47.0,46.0,47.1
2025-09-30 12:00:00,,,,,,,,,,,,,,,,,,,,21.4,23.5,9.1,6.0,29.5,31.4,36.3,36.7,35.4,47.0,45.9,47.0
2025-09-30 13:00:00,,,,,,,,,,,,,,,,,,,,21.3,23.2,9.0,6.0,29.3,31.3,36.2,36.6,35.4,46.9,45.9,47.0
2025-09-30 14:00:00,,,,,,,,,,,,,,,,,,,,21.0,22.8,8.9,5.9,29.2,31.1,36.1,36.6,35.3,46.9,45.8,46.9
2025-09-30 15:00:00,,,,,,,,,,,,,,,,,,,,20.9,22.6,8.9,5.9,29.0,31.0,36.0,36.5,35.3,46.8,45.8,46.9
2025-09-30 16:00:00,,,,,,,,,,,,,,,,,,,,20.8,22.6,8.9,5.9,29.0,31.0,35.9,36.5,35.2,46.8,45.8,46.9
2025-09-30 17:00:00,,,,,,,,,,,,,,,,,,,,20.8,22.6,8.9,5.9,29.0,31.0,35.9,36.5,35.2,46.8,45.8,46.9
2025-09-30 18:00:00,,,,,,,,,,,,,,,,,,,,20.8,22.6,8.9,5.9,29.0,31.0,35.9,36.5,35.2,46.8,45.8,46.9
2025-09-30 19:00:00,,,,,,,,,,,,,,,,,,,,20.7,22.6,8.9,5.9,29.0,30.9,35.9,36.5,35.2,46.8,45.9,47.0
2025-09-30 20:00:00,,,,,,,,,,,,,,,,,,,,20.7,22.6,8.9,5.9,29.0,30.9,35.9,36.5,35.2,46.8,45.9,47.0
2025-09-30 21:00:00,,,,,,,,,,,,,,,,,,,,20.6,22.6,8.9,5.9,29.1,30.9,35.9,36.4,35.2,46.8,45.9,47.0
2025-09-30 22:00:00,,,,,,,,,,,,,,,,,,,,20.6,22.6,8.9,5.9,29.1,30.9,35.9,36.4,35.1,46.8,45.9,47.0
2025-09-30 23:00:00,,,,,,,,,,,,,,,,,,,,20.6,22.6,9.0,5.9,29.1,30.9,35.9,36.4,35.1,46.8,45.9,47.0
2025-10-01 01:00:00,,,,,,,,,,,,,,,,,,,,20.5,22.6,9.0,5.9,29.1,30.9,35.9,36.4,35.1,46.8,45.9,47.0
2025-10-01 02:00:00,,,,,,,,,,,,,,,,,,,,20.5,22.6,9.0,5.9,29.1,30.8,35.9,36.4,35.1,46.8,45.9,47.0
2025-10-01 03:00:00,,,,,,,,,,,,,,,,,,,,20.5,22.6,9.0,5.9,29.1,30.8,35.9,36.4,35.1,46.8,45.9,47.0
2025-10-01 04:00:00,,,,,,,,,,,,,,,,,,,,20.5,22.6,9.0,5.9,29.1,30.8,35.9,36.4,35.1,46.8,45.9,47.0
2025-10-01 05:00:00,,,,,,,,,,,,,,,,,,,,20.5,22.6,9.0,5.9,29.1,30.8,35.9,36.4,35.1,46.8,45.9,47.0
2025-10-01 06:00:00,,,,,,,,,,,,,,,,,,,,20.5,22.6,9.0,5.9,29.1,30.8,35.9,36.4,35.1,46.7,45.9,47.0
2025-10-01 07:00:00,,,,,,,,,,,,,,,,,,,,20.4,22.6,9.0,5.9,29.1,30.8,35.9,36.4,35.0,46.7,45.9,46.9
2025-10-01 08:00:00,,,,,,,,,,,,,,,,,,,,20.5,22.5,8.9,5.9,29.1,30.7,35.9,36.4,35.0,46.7,45.9,46.9
2025-10-01 09:00:00,,,,,,,,,,,,,,,,,,,,20.4,22.4,8.9,5.9,29.0,30.7,35.8,36.3,35.0,46.7,45.9,46.9
2025-10-01 10:00:00,,,,,,,,,,,,,,,,,,,,20.3,22.2,8.9,5.9,28.8,30.6,35.7,36.2,35.0,46.6,45.8,46.9
2025-10-01 11:00:00,,,,,,,,,,,,,,,,,,,,20.2,21.9,8.8,5.9,28.6,30.4,35.6,36.2,34.9,46.5,45.8,46.9
2025-10-01 12:00:00,,,,,,,,,,,,,,,,,,,,20.1,21.6,8.7,5.9,28.4,30.3,35.5,36.1,34.8,46.5,45.7,46.8
2025-10-01 13:00:00,,,,,,,,,,,,,,,,,,,,20.0,21.4,8.7,5.8,28.2,30.1,35.3,36.0,34.8,46.4,45.6,46.8
2025-10-01 14:00:00,,,,,,,,,,,,,,,,,,,,19.9,21.1,8.6,5.8,28.0,30.0,35.2,35.9,34.7,46.3,45.6,46.7
2025-10-01 15:00:00,,,,,,,,,,,,,,,,,,,,19.8,21.0,8.6,5.8,27.9,29.9,35.2,35.9,34.7,46.3,45.6,46.7
2025-10-01 16:00:00,,,,,,,,,,,,,,,,,,,,19.8,21.0,8.6,5.8,27.9,29.8,35.1,35.9,34.6,46.3,45.6,46.7
2025-10-01 17:00:00,,,,,,,,,,,,,,,,,,,,19.8,21.1,8.6,5.8,27.9,29.8,35.1,35.8,34.6,46.3,45.6,46.7
2025-10-01 18:00:00,,,,,,,,,,,,,,,,,,,,19.7,21.1,8.6,5.8,27.9,29.8,35.1,35.8,34.6,46.3,45.6,46.7
2025-10-01 19:00:00,,,,,,,,,,,,,,,,,,,,19.7,21.1,8.6,5.8,27.9,29.8,35.1,35.8,34.6,46.3,45.6,46.7
2025-10-01 20:00:00,,,,,,,,,,,,,,,,,,,,19.7,21.1,8.6,5.8,27.9,29.8,35.1,35.7,34.6,46.3,45.6,46.7
2025-10-01 21:00:00,,,,,,,,,,,,,,,,,,,,19.7,21.1,8.7,5.8,27.9,29.8,35.1,35.7,34.6,46.3,45.6,46.7
2025-10-01 22:00:00,,,,,,,,,,,,,,,,,,,,19.7,21.2,8.7,5.8,27.9,29.8,35.1,35.7,34.6,46.3,45.6,46.7
2025-10-01 23:00:00,,,,,,,,,,,,,,,,,,,,19.7,21.1,8.7,5.8,27.9,29.7,35.1,35.7,34.6,46.3,45.6,46.7
2025-10-02 01:00:00,,,,,,,,,,,,,,,,,,,,19.6,21.2,8.7,5.8,27.9,29.7,35.1,35.7,34.5,46.3,45.6,46.7
2025-10-02 02:00:00,,,,,,,,,,,,,,,,,,,,19.6,21.1,8.7,5.8,27.9,29.7,35.1,35.6,34.5,46.3,45.6,46.7
2025-10-02 03:00:00,,,,,,,,,,,,,,,,,,,,19.6,21.1,8.7,5.8,27.9,29.7,35.0,35.6,34.5,46.3,45.6,46.7
2025-10-02 04:00:00,,,,,,,,,,,,,,,,,,,,19.6,21.1,8.7,5.8,28.0,29.7,35.0,35.6,34.5,46.3,45.6,46.7
2025-10-02 05:00:00,,,,,,,,,,,,,,,,,,,,19.5,21.1,8.7,5.8,28.0,29.7,35.0,35.6,34.5,46.3,45.6,46.7
2025-10-02 06:00:00,,,,,,,,,,,,,,,,,,,,19.5,21.1,8.7,5.8,27.9,29.7,35.0,35.6,34.5,46.2,45.6,46.7
2025-10-02 07:00:00,,,,,,,,,,,,,,,,,,,,19.6,21.1,8.7,5.8,28.0,29.7,35.1,35.6,34.5,46.2,45.7,46.7
2025-10-02 08:00:00,,,,,,,,,,,,,,,,,,,,19.5,21.1,8.7,5.8,27.9,29.7,35.0,35.6,34.5,46.2,45.6,46.7
2025-10-02 09:00:00,,,,,,,,,,,,,,,,,,,,19.5,21.0,8.6,5.8,27.7,29.6,34.9,35.5,34.4,46.1,45.6,46.7
2025-10-02 10:00:00,,,,,,,,,,,,,,,,,,,,19.5,20.7,8.5,5.7,27.6,29.5,34.8,35.4,34.4,46.1,45.6,46.6
2025-10-02 11:00:00,,,,,,,,,,,,,,,,,,,,19.4,20.6,8.5,5.7,27.4,29.3,34.7,35.4,34.3,46.0,45.5,46.6
2025-10-02 12:00:00,,,,,,,,,,,,,,,,,,,,19.4,20.4,8.5,5.7,27.2,29.2,34.6,35.2,34.2,45.9,45.4,46.6
2025-10-02 13:00:00,,,,,,,,,,,,,,,,,,,,19.3,20.2,8.4,5.7,27.0,29.0,34.4,35.1,34.1,45.8,45.4,46.5
2025-10-02 14:00:00,,,,,,,,,,,,,,,,,,,,19.3,20.1,8.3,5.7,26.8,28.8,34.3,35.1,34.1,45.8,45.3,46.5
2025-10-02 15:00:00,,,,,,,,,,,,,,,,,,,,19.2,20.0,8.3,5.6,26.7,28.7,34.2,35.0,34.0,45.7,45.3,46.4
2025-10-02 16:00:00,,,,,,,,,,,,,,,,,,,,19.2,20.0,8.3,5.6,26.6,28.6,34.1,34.9,34.0,45.7,45.2,46.4
2025-10-02 17:00:00,,,,,,,,,,,,,,,,,,,,19.1,20.1,8.3,5.6,26.6,28.6,34.1,34.9,33.9,45.7,45.3,46.4
2025-10-02 18:00:00,,,,,,,,,,,,,,,,,,,,19.2,20.1,8.4,5.6,26.6,28.5,34.1,34.9,33.9,45.7,45.3,46.4
2025-10-02 19:00:00,,,,,,,,,,,,,,,,,,,,19.1,20.1,8.4,5.6,26.6,28.5,34.1,34.8,33.9,45.7,45.3,46.4
2025-10-02 20:00:00,,,,,,,,,,,,,,,,,,,,19.1,20.1,8.4,5.6,26.6,28.5,34.1,34.8,33.9,45.7,45.3,46.5
2025-10-02 21:00:00,,,,,,,,,,,,,,,,,,,,19.0,20.1,8.4,5.6,26.6,28.5,34.1,34.8,33.9,45.7,45.3,46.5
2025-10-02 22:00:00,,,,,,,,,,,,,,,,,,,,19.0,20.1,8.4,5.7,26.6,28.5,34.1,34.8,33.9,45.7,45.3,46.5
2025-10-02 23:00:00,,,,,,,,,,,,,,,,,,,,19.0,20.1,8.4,5.7,26.6,28.5,34.1,34.8,33.8,45.7,45.3,46.5
2025-10-03 01:00:00,,,,,,,,,,,,,,,,,,,,19.0,20.1,8.4,5.7,26.6,28.5,34.0,34.8,33.8,45.7,45.3,46.5
2025-10-03 02:00:00,,,,,,,,,,,,,,,,,,,,19.0,20.1,8.4,5.7,26.6,28.5,34.0,34.8,33.8,45.7,45.3,46.5
2025-10-03 03:00:00,,,,,,,,,,,,,,,,,,,,19.0,20.1,8.4,5.7,26.6,28.5,34.0,34.8,33.8,45.7,45.3,46.5
2025-10-03 04:00:00,,,,,,,,,,,,,,,,,,,,19.0,20.1,8.4,5.7,26.6,28.4,33.9,34.7,33.8,45.7,45.3,46.5
2025-10-03 05:00:00,,,,,,,,,,,,,,,,,,,,19.0,20.1,8.4,5.7,26.6,28.5,33.9,34.7,33.8,45.6,45.3,46.5
2025-10-03 06:00:00,,,,,,,,,,,,,,,,,,,,18.9,20.1,8.4,5.7,26.6,28.4,34.0,34.7,33.8,45.6,45.3,46.5
2025-10-03 07:00:00,,,,,,,,,,,,,,,,,,,,19.0,20.1,8.4,5.7,26.6,28.4,33.9,34.7,33.7,45.6,45.3,46.5
2025-10-03 08:00:00,,,,,,,,,,,,,,,,,,,,19.0,20.1,8.4,5.6,26.5,28.4,33.9,34.6,33.7,45.6,45.2,46.5
2025-10-03 09:00:00,,,,,,,,,,,,,,,,,,,,19.0,20.0,8.4,5.6,26.4,28.3,33.8,34.6,33.7,45.6,45.2,46.4
2025-10-03 10:00:00,,,,,,,,,,,,,,,,,,,,18.9,19.9,8.3,5.6,26.3,28.2,33.8,34.5,33.6,45.5,45.2,46.4
2025-10-03 11:00:00,,,,,,,,,,,,,,,,,,,,19.0,19.8,8.3,5.6,26.1,28.1,33.6,34.4,33.6,45.5,45.1,46.4
2025-10-03 12:00:00,,,,,,,,,,,,,,,,,,,,18.9,19.7,8.2,5.6,26.0,27.9,33.5,34.3,33.5,45.4,45.0,46.4
2025-10-03 13:00:00,,,,,,,,,,,,,,,,,,,,18.9,19.6,8.2,5.6,25.8,27.8,33.4,34.2,33.4,45.3,44.9,46.3
2025-10-03 14:00:00,,,,,,,,,,,,,,,,,,,,18.9,19.6,8.2,5.5,25.7,27.6,33.3,34.1,33.4,45.2,44.9,46.3
2025-10-03 15:00:00,,,,,,,,,,,,,,,,,,,,18.9,19.6,8.2,5.5,25.6,27.5,33.2,34.0,33.3,45.1,44.9,46.2
2025-10-03 16:00:00,,,,,,,,,,,,,,,,,,,,18.9,19.5,8.2,5.5,25.5,27.4,33.1,34.0,33.3,45.1,44.9,46.2
2025-10-03 17:00:00,,,,,,,,,,,,,,,,,,,,18.9,19.6,8.2,5.5,25.5,27.4,33.1,33.9,33.2,45.1,44.9,46.2
2025-10-03 18:00:00,,,,,,,,,,,,,,,,,,,,18.9,19.6,8.2,5.5,25.5,27.3,33.1,33.9,33.2,45.1,44.9,46.2
2025-10-03 19:00:00,,,,,,,,,,,,,,,,,,,,18.9,19.6,8.2,5.5,25.5,27.3,33.1,33.9,33.2,45.1,44.9,46.3
2025-10-03 20:00:00,,,,,,,,,,,,,,,,,,,,18.8,19.6,8.2,5.5,25.4,27.3,33.1,33.9,33.2,45.1,44.9,46.3
2025-10-03 21:00:00,,,,,,,,,,,,,,,,,,,,18.8,19.7,8.2,5.5,25.5,27.3,33.1,33.9,33.2,45.1,44.9,46.3
2025-10-03 22:00:00,,,,,,,,,,,,,,,,,,,,18.8,19.7,8.2,5.5,25.4,27.3,33.1,33.9,33.2,45.1,44.9,46.3
2025-10-03 23:00:00,,,,,,,,,,,,,,,,,,,,18.8,19.7,8.2,5.5,25.4,27.3,33.1,33.8,33.2,45.1,44.9,46.3
2025-10-04 01:00:00,,,,,,,,,,,,,,,,,,,,18.8,19.7,8.2,5.5,25.4,27.3,33.1,33.8,33.2,45.1,44.9,46.3
2025-10-04 02:00:00,,,,,,,,,,,,,,,,,,,,18.8,19.7,8.2,5.5,25.4,27.3,33.1,33.8,33.2,45.1,44.9,46.3
2025-10-04 03:00:00,,,,,,,,,,,,,,,,,,,,18.8,19.7,8.2,5.5,25.4,27.3,33.1,33.8,33.2,45.1,44.9,46.3
2025-10-04 04:00:00,,,,,,,,,,,,,,,,,,,,18.8,19.7,8.2,5.5,25.4,27.3,33.1,33.8,33.2,45.1,44.9,46.3
2025-10-04 05:00:00,,,,,,,,,,,,,,,,,,,,18.7,19.7,8.2,5.5,25.4,27.3,33.1,33.8,33.1,45.1,44.9,46.3
2025-10-04 06:00:00,,,,,,,,,,,,,,,,,,,,18.7,19.7,8.2,5.5,25.4,27.3,33.1,33.8,33.1,45.1,44.9,46.3
2025-10-04 07:00:00,,,,,,,,,,,,,,,,,,,,18.7,19.7,8.2,5.5,25.4,27.3,33.1,33.8,33.1,45.1,44.9,46.3
2025-10-04 08:00:00,,,,,,,,,,,,,,,,,,,,18.8,19.7,8.2,5.5,25.3,27.2,33.0,33.7,33.1,45.0,44.9,46.3
2025-10-04 09:00:00,,,,,,,,,,,,,,,,,,,,18.8,19.6,8.2,5.5,25.2,27.1,32.9,33.6,33.1,45.0,44.8,46.2
2025-10-04 10:00:00,,,,,,,,,,,,,,,,,,,,18.8,19.5,8.2,5.5,25.1,27.0,32.8,33.5,33.0,44.9,44.8,46.2
2025-10-04 11:00:00,,,,,,,,,,,,,,,,,,,,18.8,19.4,8.1,5.5,24.9,26.8,32.6,33.4,32.9,44.8,44.7,46.1
2025-10-04 12:00:00,,,,,,,,,,,,,,,,,,,,18.7,19.4,8.1,5.4,24.8,26.6,32.4,33.2,32.8,44.7,44.6,46.1
2025-10-04 13:00:00,,,,,,,,,,,,,,,,,,,,18.8,19.3,8.1,5.4,24.6,26.4,32.3,33.1,32.7,44.6,44.5,46.0
2025-10-04 14:00:00,,,,,,,,,,,,,,,,,,,,18.7,19.3,8.1,5.4,24.4,26.2,32.1,33.0,32.7,44.6,44.5,45.9
2025-10-04 15:00:00,,,,,,,,,,,,,,,,,,,,18.7,19.3,8.1,5.4,24.4,26.2,32.1,33.0,32.6,44.6,44.5,46.0
2025-10-04 16:00:00,,,,,,,,,,,,,,,,,,,,18.7,19.3,8.1,5.4,24.3,26.1,32.1,33.0,32.6,44.5,44.5,45.9
2025-10-04 17:00:00,,,,,,,,,,,,,,,,,,,,18.7,19.3,8.1,5.4,24.3,26.0,32.0,32.9,32.6,44.5,44.5,45.9
2025-10-04 18:00:00,,,,,,,,,,,,,,,,,,,,18.7,19.3,8.1,5.4,24.3,26.0,32.0,32.9,32.6,44.5,44.5,46.0
2025-10-04 19:00:00,,,,,,,,,,,,,,,,,,,,18.7,19.3,8.1,5.4,24.3,26.0,32.0,32.9,32.6,44.5,44.5,46.0
2025-10-04 20:00:00,,,,,,,,,,,,,,,,,,,,18.6,19.3,8.1,5.4,24.3,26.0,32.0,32.9,32.5,44.5,44.5,46.0
2025-10-04 21:00:00,,,,,,,,,,,,,,,,,,,,18.7,19.3,8.1,5.4,24.3,26.0,32.0,32.9,32.5,44.5,44.5,46.0
2025-10-04 22:00:00,,,,,,,,,,,,,,,,,,,,18.6,19.3,8.1,5.4,24.3,26.0,32.1,32.9,32.5,44.6,44.5,46.0
2025-10-04 23:00:00,,,,,,,,,,,,,,,,,,,,18.6,19.4,8.1,5.4,24.3,26.0,32.1,32.9,32.5,44.6,44.5,46.0
2025-10-05 01:00:00,,,,,,,,,,,,,,,,,,,,18.6,19.4,8.1,5.4,24.3,25.9,32.1,32.9,32.5,44.5,44.6,46.0
2025-10-05 02:00:00,,,,,,,,,,,,,,,,,,,,18.5,19.3,8.1,5.4,24.3,25.9,32.1,32.9,32.5,44.6,44.6,46.0
2025-10-05 03:00:00,,,,,,,,,,,,,,,,,,,,18.6,19.3,8.2,5.4,24.3,25.9,32.1,32.9,32.5,44.5,44.6,46.0
2025-10-05 04:00:00,,,,,,,,,,,,,,,,,,,,18.5,19.3,8.2,5.4,24.3,25.9,32.1,32.9,32.5,44.5,44.6,46.0
2025-10-05 05:00:00,,,,,,,,,,,,,,,,,,,,18.5,19.3,8.1,5.4,24.3,25.9,32.1,32.9,32.5,44.5,44.6,46.0
2025-10-05 06:00:00,,,,,,,,,,,,,,,,,,,,18.5,19.3,8.1,5.4,24.3,25.9,32.1,32.9,32.5,44.5,44.6,46.0
2025-10-05 07:00:00,,,,,,,,,,,,,,,,,,,,18.5,19.3,8.1,5.4,24.3,25.9,32.1,32.9,32.5,44.5,44.6,46.0
2025-10-05 08:00:00,,,,,,,,,,,,,,,,,,,,18.6,19.3,8.1,5.4,24.2,25.9,32.1,32.9,32.5,44.5,44.6,46.0
2025-10-05 09:00:00,,,,,,,,,,,,,,,,,,,,18.6,19.3,8.1,5.4,24.1,25.7,32.0,32.8,32.4,44.4,44.5,46.0
2025-10-05 10:00:00,,,,,,,,,,,,,,,,,,,,18.6,19.2,8.0,5.3,23.9,25.6,31.8,32.7,32.3,44.3,44.5,45.9
2025-10-05 11:00:00,,,,,,,,,,,,,,,,,,,,18.5,19.1,8.0,5.3,23.8,25.3,31.6,32.5,32.2,44.2,44.3,45.8
2025-10-05 12:00:00,,,,,,,,,,,,,,,,,,,,18.6,19.0,8.0,5.3,23.6,25.1,31.4,32.4,32.1,44.2,44.3,45.8
2025-10-05 13:00:00,,,,,,,,,,,,,,,,,,,,18.5,19.0,8.0,5.3,23.5,25.0,31.3,32.3,32.1,44.0,44.2,45.7
2025-10-05 14:00:00,,,,,,,,,,,,,,,,,,,,18.6,19.0,7.9,5.3,23.4,24.8,31.1,32.2,32.0,44.0,44.1,45.6
2025-10-05 15:00:00,,,,,,,,,,,,,,,,,,,,18.5,19.0,7.9,5.3,23.2,24.6,30.9,32.0,31.9,43.9,44.0,45.6
2025-10-05 16:00:00,,,,,,,,,,,,,,,,,,,,18.5,19.0,7.9,5.3,23.1,24.4,30.8,31.9,31.8,43.8,44.0,45.5
2025-10-05 17:00:00,,,,,,,,,,,,,,,,,,,,18.5,19.0,8.0,5.3,23.1,24.4,30.8,31.9,31.8,43.8,44.0,45.5
2025-10-05 18:00:00,,,,,,,,,,,,,,,,,,,,18.5,19.0,8.0,5.3,23.1,24.3,30.8,31.9,31.8,43.8,44.0,45.6
2025-10-05 19:00:00,,,,,,,,,,,,,,,,,,,,18.5,19.0,8.0,5.3,23.0,24.3,30.8,31.9,31.8,43.8,44.0,45.6
2025-10-05 20:00:00,,,,,,,,,,,,,,,,,,,,18.5,19.0,8.0,5.3,23.0,24.3,30.8,31.9,31.8,43.9,44.0,45.6
2025-10-05 21:00:00,,,,,,,,,,,,,,,,,,,,18.5,19.0,8.0,5.3,23.0,24.3,30.8,31.9,31.7,43.9,44.0,45.6
2025-10-05 22:00:00,,,,,,,,,,,,,,,,,,,,18.5,19.0,8.0,5.3,23.0,24.3,30.8,31.9,31.8,43.9,44.1,45.6
2025-10-05 23:00:00,,,,,,,,,,,,,,,,,,,,18.4,19.0,8.0,5.3,23.0,24.3,30.8,31.9,31.7,43.9,44.1,45.6
2025-10-06 01:00:00,,,,,,,,,,,,,,,,,,,,18.4,19.0,8.0,5.3,23.0,24.3,30.8,31.9,31.7,43.9,44.1,45.6
2025-10-06 02:00:00,,,,,,,,,,,,,,,,,,,,18.4,19.1,8.0,5.3,23.0,24.3,30.9,31.9,31.6,43.9,44.1,45.6
2025-10-06 03:00:00,,,,,,,,,,,,,,,,,,,,18.4,19.1,8.0,5.3,22.9,24.3,30.9,31.9,31.6,43.9,44.1,45.6
2025-10-06 04:00:00,,,,,,,,,,,,,,,,,,,,18.4,19.1,8.0,5.3,22.9,24.3,30.9,31.9,31.6,43.9,44.1,45.6
2025-10-06 05:00:00,,,,,,,,,,,,,,,,,,,,18.4,19.1,8.0,5.3,22.9,24.3,30.9,31.9,31.6,43.9,44.1,45.6
2025-10-06 06:00:00,,,,,,,,,,,,,,,,,,,,18.4,19.0,8.0,5.3,22.9,24.3,30.9,31.9,31.6,43.9,44.1,45.6
2025-10-06 07:00:00,,,,,,,,,,,,,,,,,,,,18.4,19.0,8.0,5.3,22.9,24.3,30.9,31.9,31.6,43.9,44.1,45.6
2025-10-06 08:00:00,,,,,,,,,,,,,,,,,,,,18.4,19.0,8.0,5.3,22.9,24.3,30.8,31.8,31.6,43.9,44.1,45.6
2025-10-06 09:00:00,,,,,,,,,,,,,,,,,,,,18.4,19.0,8.0,5.2,22.8,24.1,30.7,31.7,31.5,43.8,44.0,45.5
2025-10-06 10:00:00,,,,,,,,,,,,,,,,,,,,18.4,18.9,7.9,5.2,22.6,23.9,30.5,31.6,31.4,43.7,43.9,45.5
2025-10-06 11:00:00,,,,,,,,,,,,,,,,,,,,18.4,18.8,7.9,5.3,22.5,23.7,30.3,31.4,31.3,43.6,43.8,45.4
2025-10-06 12:00:00,,,,,,,,,,,,,,,,,,,,18.5,18.8,7.9,5.2,22.4,23.5,30.0,31.2,31.2,43.5,43.7,45.3
2025-10-06 13:00:00,,,,,,,,,,,,,,,,,,,,18.4,18.8,7.9,5.2,22.3,23.4,29.9,31.1,31.1,43.4,43.7,45.2
2025-10-06 14:00:00,,,,,,,,,,,,,,,,,,,,18.4,18.9,7.9,5.2,22.2,23.3,29.8,31.1,31.0,43.4,43.6,45.2
2025-10-06 15:00:00,,,,,,,,,,,,,,,,,,,,18.4,18.8,7.9,5.2,22.1,23.1,29.7,31.0,31.0,43.3,43.6,45.2
2025-10-06 16:00:00,,,,,,,,,,,,,,,,,,,,18.4,18.8,7.9,5.2,22.1,23.0,29.5,30.9,30.9,43.3,43.6,45.1
2025-10-06 17:00:00,,,,,,,,,,,,,,,,,,,,18.4,18.8,7.9,5.2,22.0,23.0,29.5,30.9,30.9,43.3,43.6,45.1
2025-10-06 18:00:00,,,,,,,,,,,,,,,,,,,,18.4,18.8,7.9,5.2,22.0,23.0,29.5,30.9,30.9,43.3,43.6,45.2
2025-10-06 19:00:00,,,,,,,,,,,,,,,,,,,,18.4,18.9,7.9,5.2,22.0,23.0,29.5,30.8,30.9,43.3,43.6,45.1
2025-10-06 20:00:00,,,,,,,,,,,,,,,,,,,,18.4,18.9,7.9,5.2,22.0,22.9,29.5,30.8,30.9,43.3,43.6,45.1
2025-10-06 21:00:00,,,,,,,,,,,,,,,,,,,,18.4,18.9,7.9,5.2,22.0,22.9,29.5,30.8,30.9,43.3,43.6,45.1
2025-10-06 22:00:00,,,,,,,,,,,,,,,,,,,,18.3,18.8,7.9,5.2,21.9,22.9,29.5,30.9,30.9,43.3,43.6,45.1
2025-10-06 23:00:00,,,,,,,,,,,,,,,,,,,,18.3,18.8,7.9,5.2,21.8,22.9,29.5,30.8,30.9,43.3,43.6,45.1
2025-10-07 01:00:00,,,,,,,,,,,,,,,,,,,,18.3,18.8,7.9,5.2,21.8,22.9,29.5,30.8,30.9,43.4,43.7,45.1
2025-10-07 02:00:00,,,,,,,,,,,,,,,,,,,,18.3,18.9,7.9,5.2,21.8,22.9,29.5,30.9,30.9,43.4,43.6,45.1
2025-10-07 03:00:00,,,,,,,,,,,,,,,,,,,,18.3,18.9,7.9,5.2,21.8,22.9,29.5,30.9,30.9,43.4,43.7,45.1
2025-10-07 04:00:00,,,,,,,,,,,,,,,,,,,,18.3,18.9,7.9,5.2,21.8,22.9,29.6,30.9,30.9,43.4,43.7,45.1
2025-10-07 05:00:00,,,,,,,,,,,,,,,,,,,,18.3,18.9,7.9,5.2,21.8,22.9,29.6,30.9,30.9,43.4,43.7,45.1
2025-10-07 06:00:00,,,,,,,,,,,,,,,,,,,,18.2,18.9,7.9,5.2,21.8,22.9,29.6,30.9,30.9,43.4,43.7,45.1
2025-10-07 07:00:00,,,,,,,,,,,,,,,,,,,,18.2,18.9,7.9,5.2,21.8,22.9,29.6,30.9,30.9,43.4,43.7,45.1
2025-10-07 08:00:00,,,,,,,,,,,,,,,,,,,,18.2,18.9,7.9,5.2,21.8,22.9,29.5,30.8,30.9,43.3,43.6,45.1
2025-10-07 09:00:00,,,,,,,,,,,,,,,,,,,,18.3,18.8,7.9,5.2,21.7,22.7,29.4,30.7,30.8,43.2,43.6,45.0
2025-10-07 10:00:00,,,,,,,,,,,,,,,,,,,,18.3,18.7,7.9,5.2,21.5,22.5,29.1,30.5,30.6,43.1,43.5,44.9
2025-10-07 11:00:00,,,,,,,,,,,,,,,,,,,,18.3,18.7,7.8,5.2,21.4,22.2,28.8,30.3,30.5,43.0,43.3,44.8
2025-10-07 12:00:00,,,,,,,,,,,,,,,,,,,,18.3,18.6,7.8,5.2,21.2,22.0,28.5,30.1,30.3,42.9,43.2,44.8
2025-10-07 13:00:00,,,,,,,,,,,,,,,,,,,,18.3,18.6,7.8,5.1,21.1,21.8,28.2,29.9,30.2,42.7,43.0,44.6
2025-10-07 14:00:00,,,,,,,,,,,,,,,,,,,,18.2,18.6,7.8,5.1,21.0,21.6,27.9,29.8,30.0,42.6,42.9,44.6
2025-10-07 15:00:00,,,,,,,,,,,,,,,,,,,,18.2,18.5,7.8,5.1,20.9,21.4,27.7,29.6,29.9,42.4,42.8,44.4
2025-10-07 16:00:00,,,,,,,,,,,,,,,,,,,,18.2,18.5,7.8,5.1,20.9,21.3,27.5,29.5,29.8,42.3,42.7,44.4
2025-10-07 17:00:00,,,,,,,,,,,,,,,,,,,,18.2,18.6,7.8,5.1,20.8,21.2,27.5,29.4,29.7,42.3,42.7,44.4
2025-10-07 18:00:00,,,,,,,,,,,,,,,,,,,,18.2,18.6,7.8,5.1,20.8,21.2,27.4,29.4,29.7,42.3,42.7,44.4
2025-10-07 19:00:00,,,,,,,,,,,,,,,,,,,,18.2,18.6,7.8,5.1,20.8,21.2,27.4,29.4,29.7,42.3,42.7,44.4
2025-10-07 20:00:00,,,,,,,,,,,,,,,,,,,,18.2,18.6,7.8,5.1,20.7,21.2,27.5,29.4,29.7,42.3,42.7,44.4
2025-10-07 21:00:00,,,,,,,,,,,,,,,,,,,,18.2,18.6,7.8,5.1,20.7,21.1,27.5,29.4,29.7,42.3,42.7,44.4
2025-10-07 22:00:00,,,,,,,,,,,,,,,,,,,,18.2,18.6,7.8,5.1,20.7,21.1,27.4,29.4,29.7,42.3,42.7,44.4
2025-10-07 23:00:00,,,,,,,,,,,,,,,,,,,,18.2,18.6,7.8,5.1,20.7,21.1,27.4,29.3,29.7,42.3,42.7,44.4
2025-10-08 01:00:00,,,,,,,,,,,,,,,,,,,,18.1,18.5,7.8,5.1,20.7,21.1,27.5,29.3,29.7,42.3,42.7,44.4
2025-10-08 02:00:00,,,,,,,,,,,,,,,,,,,,18.1,18.6,7.8,5.1,20.7,21.1,27.5,29.3,29.7,42.3,42.8,44.4
2025-10-08 03:00:00,,,,,,,,,,,,,,,,,,,,18.1,18.7,7.8,5.1,20.7,21.1,27.5,29.3,29.7,42.3,42.8,44.4
2025-10-08 04:00:00,,,,,,,,,,,,,,,,,,,,18.1,18.6,7.8,5.1,20.6,21.1,27.5,29.3,29.7,42.4,42.8,44.5
2025-10-08 05:00:00,,,,,,,,,,,,,,,,,,,,18.1,18.6,7.8,5.1,20.7,21.1,27.5,29.3,29.7,42.4,42.8,44.5
2025-10-08 06:00:00,,,,,,,,,,,,,,,,,,,,18.1,18.6,7.8,5.1,20.6,21.2,27.5,29.3,29.7,42.4,42.8,44.4
2025-10-08 07:00:00,,,,,,,,,,,,,,,,,,,,18.1,18.6,7.8,5.1,20.6,21.1,27.5,29.3,29.7,42.4,42.8,44.4
2025-10-08 08:00:00,,,,,,,,,,,,,,,,,,,,18.1,18.5,7.8,5.1,20.6,21.1,27.4,29.2,29.7,42.3,42.7,44.4
2025-10-08 09:00:00,,,,,,,,,,,,,,,,,,,,18.1,18.5,7.8,5.1,20.6,21.0,27.3,29.1,29.6,42.3,42.7,44.4
2025-10-08 10:00:00,,,,,,,,,,,,,,,,,,,,18.1,18.5,7.8,5.1,20.5,20.8,27.0,29.0,29.5,42.1,42.5,44.2
2025-10-08 11:00:00,,,,,,,,,,,,,,,,,,,,18.2,18.4,7.8,5.1,20.3,20.6,26.7,28.8,29.3,42.0,42.4,44.1
2025-10-08 12:00:00,,,,,,,,,,,,,,,,,,,,18.2,18.4,7.7,5.1,20.2,20.4,26.3,28.5,29.2,41.8,42.2,44.0
2025-10-08 13:00:00,,,,,,,,,,,,,,,,,,,,18.1,18.4,7.7,5.1,20.1,20.2,26.0,28.3,28.9,41.5,41.9,43.9
2025-10-08 14:00:00,,,,,,,,,,,,,,,,,,,,18.1,18.4,7.7,5.0,20.0,20.0,25.7,28.1,28.8,41.3,41.7,43.7
2025-10-08 15:00:00,,,,,,,,,,,,,,,,,,,,18.1,18.2,7.7,5.0,19.9,19.9,25.4,27.9,28.6,41.1,41.5,43.6
2025-10-08 16:00:00,,,,,,,,,,,,,,,,,,,,18.0,18.3,7.6,5.0,19.9,19.8,25.3,27.8,28.5,41.0,41.4,43.5
2025-10-08 17:00:00,,,,,,,,,,,,,,,,,,,,18.1,18.3,7.7,5.0,19.8,19.7,25.2,27.7,28.4,40.9,41.3,43.5
2025-10-08 18:00:00,,,,,,,,,,,,,,,,,,,,18.1,18.3,7.7,5.0,19.8,19.8,25.2,27.7,28.4,40.9,41.3,43.5
2025-10-08 19:00:00,,,,,,,,,,,,,,,,,,,,18.0,18.3,7.7,5.0,19.8,19.7,25.2,27.6,28.3,40.9,41.3,43.5
2025-10-08 20:00:00,,,,,,,,,,,,,,,,,,,,18.0,18.3,7.7,5.0,19.8,19.7,25.2,27.6,28.3,40.9,41.3,43.5
2025-10-08 21:00:00,,,,,,,,,,,,,,,,,,,,18.0,18.3,7.7,5.0,19.8,19.8,25.2,27.6,28.3,40.9,41.3,43.5
2025-10-08 22:00:00,,,,,,,,,,,,,,,,,,,,18.0,18.3,7.7,5.0,19.7,19.7,25.2,27.6,28.3,40.9,41.3,43.5
2025-10-08 23:00:00,,,,,,,,,,,,,,,,,,,,18.1,18.3,7.7,5.1,19.7,19.7,25.2,27.5,28.3,40.9,41.3,43.5
2025-10-09 01:00:00,,,,,,,,,,,,,,,,,,,,18.0,18.4,7.7,5.1,19.7,19.7,25.2,27.5,28.3,40.9,41.3,43.5
2025-10-09 02:00:00,,,,,,,,,,,,,,,,,,,,18.0,18.4,7.7,5.1,19.7,19.7,25.2,27.5,28.3,40.9,41.3,43.5
2025-10-09 03:00:00,,,,,,,,,,,,,,,,,,,,18.0,18.3,7.7,5.1,19.7,19.7,25.2,27.5,28.3,40.9,41.3,43.5
2025-10-09 04:00:00,,,,,,,,,,,,,,,,,,,,17.9,18.3,7.7,5.1,19.7,19.7,25.2,27.5,28.3,40.9,41.3,43.5
2025-10-09 05:00:00,,,,,,,,,,,,,,,,,,,,17.9,18.3,7.7,5.1,19.7,19.8,25.2,27.5,28.3,40.9,41.4,43.5
2025-10-09 06:00:00,,,,,,,,,,,,,,,,,,,,17.9,18.4,7.7,5.1,19.7,19.8,25.2,27.5,28.3,41.0,41.4,43.5
2025-10-09 07:00:00,,,,,,,,,,,,,,,,,,,,17.9,18.4,7.7,5.1,19.7,19.8,25.3,27.5,28.3,41.0,41.4,43.5
2025-10-09 08:00:00,,,,,,,,,,,,,,,,,,,,18.0,18.4,7.7,5.1,19.7,19.7,25.1,27.4,28.2,40.9,41.3,43.4
2025-10-09 09:00:00,,,,,,,,,,,,,,,,,,,,18.0,18.3,7.7,5.0,19.6,19.6,24.9,27.2,28.1,40.7,41.1,43.4
2025-10-09 10:00:00,,,,,,,,,,,,,,,,,,,,18.0,18.3,7.7,5.0,19.5,19.4,24.6,27.0,27.9,40.5,40.9,43.2
2025-10-09 11:00:00,,,,,,,,,,,,,,,,,,,,18.0,18.2,7.6,5.0,19.4,19.3,24.3,26.8,27.8,40.3,40.7,43.1
2025-10-09 12:00:00,,,,,,,,,,,,,,,,,,,,18.0,18.2,7.6,5.0,19.4,19.2,24.0,26.6,27.5,40.0,40.4,42.9
2025-10-09 13:00:00,,,,,,,,,,,,,,,,,,,,17.9,18.1,7.6,5.0,19.3,19.0,23.7,26.3,27.3,39.7,40.1,42.8
2025-10-09 14:00:00,,,,,,,,,,,,,,,,,,,,17.9,18.1,7.6,5.0,19.2,18.9,23.5,26.1,27.1,39.4,39.8,42.6
2025-10-09 15:00:00,,,,,,,,,,,,,,,,,,,,17.9,18.1,7.6,5.0,19.1,18.8,23.2,25.9,26.9,39.2,39.6,42.5
2025-10-09 16:00:00,,,,,,,,,,,,,,,,,,,,17.9,18.1,7.6,5.0,19.1,18.8,23.1,25.8,26.8,38.9,39.4,42.4
2025-10-09 17:00:00,,,,,,,,,,,,,,,,,,,,17.9,18.1,7.6,5.0,19.1,18.8,23.1,25.7,26.7,38.8,39.3,42.4
2025-10-09 18:00:00,,,,,,,,,,,,,,,,,,,,17.9,18.1,7.6,5.0,19.1,18.8,23.1,25.7,26.6,38.8,39.3,42.4
2025-10-09 19:00:00,,,,,,,,,,,,,,,,,,,,17.9,18.1,7.6,5.0,19.1,18.8,23.1,25.6,26.6,38.8,39.3,42.3
2025-10-09 20:00:00,,,,,,,,,,,,,,,,,,,,17.9,18.1,7.6,5.0,19.1,18.8,23.1,25.6,26.5,38.7,39.3,42.3
2025-10-09 21:00:00,,,,,,,,,,,,,,,,,,,,17.9,18.1,7.6,5.0,19.1,18.8,23.1,25.6,26.5,38.7,39.3,42.3
2025-10-09 22:00:00,,,,,,,,,,,,,,,,,,,,17.9,18.1,7.6,5.0,19.0,18.8,23.1,25.5,26.5,38.7,39.3,42.3
2025-10-09 23:00:00,,,,,,,,,,,,,,,,,,,,17.9,18.1,7.6,5.0,19.0,18.8,23.1,25.5,26.4,38.7,39.3,42.3
2025-10-10 01:00:00,,,,,,,,,,,,,,,,,,,,17.9,18.1,7.6,5.0,19.0,18.8,23.2,25.5,26.4,38.7,39.3,42.3
2025-10-10 02:00:00,,,,,,,,,,,,,,,,,,,,17.9,18.1,7.6,5.0,19.0,18.8,23.2,25.5,26.4,38.7,39.4,42.3
2025-10-10 03:00:00,,,,,,,,,,,,,,,,,,,,17.8,18.1,7.6,5.0,19.0,18.8,23.2,25.5,26.3,38.8,39.4,42.3
2025-10-10 04:00:00,,,,,,,,,,,,,,,,,,,,17.9,18.1,7.6,5.0,19.0,18.8,23.2,25.5,26.4,38.8,39.4,42.4
2025-10-10 05:00:00,,,,,,,,,,,,,,,,,,,,17.8,18.1,7.6,5.0,19.0,18.9,23.2,25.5,26.4,38.8,39.5,42.4
2025-10-10 06:00:00,,,,,,,,,,,,,,,,,,,,17.7,18.1,7.6,5.0,19.0,18.9,23.2,25.5,26.4,38.8,39.5,42.4
2025-10-10 07:00:00,,,,,,,,,,,,,,,,,,,,17.8,18.1,7.7,5.0,19.0,18.9,23.2,25.4,26.4,38.8,39.5,42.4
2025-10-10 08:00:00,,,,,,,,,,,,,,,,,,,,17.8,18.1,7.7,5.0,19.0,18.8,23.1,25.4,26.3,38.7,39.4,42.3
2025-10-10 09:00:00,,,,,,,,,,,,,,,,,,,,17.8,18.1,7.6,5.0,19.0,18.7,22.9,25.2,26.2,38.5,39.2,42.2
2025-10-10 10:00:00,,,,,,,,,,,,,,,,,,,,17.8,18.0,7.6,5.0,18.9,18.6,22.7,25.0,26.0,38.2,39.0,42.1
2025-10-10 11:00:00,,,,,,,,,,,,,,,,,,,,17.9,18.0,7.6,5.0,18.9,18.5,22.5,24.8,25.7,37.9,38.7,41.9
2025-10-10 12:00:00,,,,,,,,,,,,,,,,,,,,17.8,18.0,7.6,5.0,18.8,18.4,22.3,24.5,25.5,37.5,38.4,41.7
2025-10-10 13:00:00,,,,,,,,,,,,,,,,,,,,17.7,17.9,7.6,5.0,18.8,18.4,22.1,24.3,25.3,37.1,38.1,41.5
2025-10-10 14:00:00,,,,,,,,,,,,,,,,,,,,17.7,17.9,7.5,5.0,18.7,18.2,21.9,24.1,25.0,36.8,37.8,41.3
2025-10-10 15:00:00,,,,,,,,,,,,,,,,,,,,17.7,17.9,7.6,5.0,18.6,18.2,21.8,23.9,24.8,36.5,37.5,41.1
2025-10-10 16:00:00,,,,,,,,,,,,,,,,,,,,17.7,17.9,7.6,5.0,18.6,18.2,21.7,23.8,24.6,36.3,37.3,41.0
2025-10-10 17:00:00,,,,,,,,,,,,,,,,,,,,17.7,17.9,7.5,5.0,18.6,18.2,21.7,23.8,24.5,36.1,37.3,41.0
2025-10-10 18:00:00,,,,,,,,,,,,,,,,,,,,17.7,17.9,7.6,5.0,18.6,18.2,21.8,23.7,24.5,36.1,37.3,41.0
2025-10-10 19:00:00,,,,,,,,,,,,,,,,,,,,17.7,17.9,7.6,5.0,18.6,18.2,21.8,23.7,24.4,36.1,37.3,41.0
2025-10-10 20:00:00,,,,,,,,,,,,,,,,,,,,17.7,17.9,7.6,5.0,18.6,18.2,21.9,23.7,24.4,36.1,37.4,41.0
2025-10-10 21:00:00,,,,,,,,,,,,,,,,,,,,17.7,17.9,7.6,4.9,18.6,18.2,21.9,23.7,24.4,36.1,37.4,41.0
2025-10-10 22:00:00,,,,,,,,,,,,,,,,,,,,17.7,17.9,7.6,5.0,18.6,18.2,21.9,23.7,24.4,36.2,37.5,41.0
2025-10-10 23:00:00,,,,,,,,,,,,,,,,,,,,17.7,17.9,7.6,5.0,18.6,18.3,21.9,23.7,24.4,36.2,37.5,41.0
2025-10-11 01:00:00,,,,,,,,,,,,,,,,,,,,17.7,17.9,7.6,5.0,18.6,18.3,22.0,23.7,24.4,36.3,37.6,41.1
2025-10-11 02:00:00,,,,,,,,,,,,,,,,,,,,17.7,17.9,7.6,5.0,18.6,18.3,22.0,23.7,24.4,36.3,37.6,41.1
2025-10-11 03:00:00,,,,,,,,,,,,,,,,,,,,17.7,17.9,7.6,5.0,18.6,18.3,22.0,23.7,24.4,36.3,37.7,41.1
2025-10-11 04:00:00,,,,,,,,,,,,,,,,,,,,17.7,17.9,7.6,5.0,18.6,18.3,22.0,23.7,24.4,36.3,37.7,41.1
2025-10-11 05:00:00,,,,,,,,,,,,,,,,,,,,17.6,17.9,7.6,5.0,18.6,18.3,22.0,23.7,24.4,36.4,37.7,41.1
2025-10-11 06:00:00,,,,,,,,,,,,,,,,,,,,17.6,18.0,7.6,5.0,18.6,18.3,22.0,23.7,24.4,36.4,37.8,41.1
2025-10-11 07:00:00,,,,,,,,,,,,,,,,,,,,17.6,17.9,7.6,5.0,18.6,18.3,22.1,23.7,24.5,36.4,37.8,41.1
2025-10-11 08:00:00,,,,,,,,,,,,,,,,,,,,17.6,17.9,7.6,5.0,18.6,18.3,22.0,23.6,24.4,36.4,37.6,41.0
2025-10-11 09:00:00,,,,,,,,,,,,,,,,,,,,17.7,17.9,7.6,5.0,18.6,18.2,21.8,23.5,24.3,36.2,37.4,40.9
2025-10-11 10:00:00,,,,,,,,,,,,,,,,,,,,17.7,17.8,7.6,5.0,18.6,18.2,21.6,23.3,24.0,35.9,37.1,40.8
2025-10-11 11:00:00,,,,,,,,,,,,,,,,,,,,17.7,17.8,7.6,5.0,18.5,18.1,21.4,23.2,23.8,35.6,36.8,40.6
2025-10-11 12:00:00,,,,,,,,,,,,,,,,,,,,17.7,17.8,7.5,4.9,18.5,18.0,21.2,22.9,23.5,35.2,36.6,40.4
2025-10-11 13:00:00,,,,,,,,,,,,,,,,,,,,17.7,17.8,7.5,4.9,18.4,17.9,21.1,22.8,23.3,34.8,36.3,40.1
2025-10-11 14:00:00,,,,,,,,,,,,,,,,,,,,17.6,17.8,7.5,4.9,18.4,17.9,21.0,22.6,23.1,34.5,36.0,40.0
2025-10-11 15:00:00,,,,,,,,,,,,,,,,,,,,17.6,17.8,7.5,4.9,18.3,17.9,21.0,22.5,22.9,34.3,35.9,39.8
2025-10-11 16:00:00,,,,,,,,,,,,,,,,,,,,17.6,17.8,7.5,4.9,18.3,17.9,21.0,22.4,22.8,34.1,35.8,39.7
2025-10-11 17:00:00,,,,,,,,,,,,,,,,,,,,17.6,17.8,7.5,4.9,18.3,17.9,21.0,22.4,22.7,34.1,35.8,39.7
2025-10-11 18:00:00,,,,,,,,,,,,,,,,,,,,17.6,17.8,7.5,4.9,18.3,17.9,21.1,22.4,22.7,34.1,35.9,39.7
2025-10-11 19:00:00,,,,,,,,,,,,,,,,,,,,17.6,17.8,7.6,4.9,18.3,17.9,21.1,22.4,22.7,34.1,35.9,39.7
2025-10-11 20:00:00,,,,,,,,,,,,,,,,,,,,17.6,17.8,7.5,4.9,18.3,17.9,21.1,22.4,22.7,34.1,35.9,39.7
2025-10-11 21:00:00,,,,,,,,,,,,,,,,,,,,17.6,17.8,7.5,4.9,18.3,17.9,21.2,22.4,22.7,34.1,35.9,39.8
2025-10-11 22:00:00,,,,,,,,,,,,,,,,,,,,17.6,17.8,7.5,5.0,18.3,17.9,21.2,22.4,22.7,34.1,36.0,39.8
2025-10-11 23:00:00,,,,,,,,,,,,,,,,,,,,17.6,17.8,7.5,5.0,18.3,17.9,21.2,22.4,22.7,34.1,36.0,39.8
2025-10-12 01:00:00,,,,,,,,,,,,,,,,,,,,17.6,17.8,7.5,5.0,18.3,18.0,21.2,22.4,22.7,34.2,36.1,39.9
2025-10-12 02:00:00,,,,,,,,,,,,,,,,,,,,17.6,17.8,7.6,5.0,18.3,18.0,21.3,22.4,22.8,34.2,36.1,39.9
2025-10-12 03:00:00,,,,,,,,,,,,,,,,,,,,17.5,17.8,7.5,5.0,18.3,18.0,21.3,22.4,22.8,34.3,36.2,39.9
2025-10-12 04:00:00,,,,,,,,,,,,,,,,,,,,17.5,17.8,7.6,5.0,18.3,18.0,21.3,22.5,22.8,34.3,36.2,39.9
2025-10-12 05:00:00,,,,,,,,,,,,,,,,,,,,17.5,17.8,7.6,5.0,18.4,18.0,21.3,22.5,22.8,34.3,36.2,39.9
2025-10-12 06:00:00,,,,,,,,,,,,,,,,,,,,17.5,17.8,7.6,5.0,18.4,18.0,21.3,22.5,22.8,34.3,36.2,40.0
2025-10-12 07:00:00,,,,,,,,,,,,,,,,,,,,17.5,17.8,7.5,5.0,18.4,18.0,21.3,22.5,22.8,34.3,36.2,40.0
2025-10-12 08:00:00,,,,,,,,,,,,,,,,,,,,17.5,17.9,7.6,4.9,18.4,18.1,21.3,22.5,22.8,34.3,36.2,40.0
2025-10-12 09:00:00,,,,,,,,,,,,,,,,,,,,17.5,17.8,7.5,4.9,18.4,18.0,21.2,22.4,22.7,34.2,36.0,39.8
2025-10-12 10:00:00,,,,,,,,,,,,,,,,,,,,17.6,17.8,7.5,4.9,18.3,17.9,21.0,22.2,22.5,33.9,35.8,39.7
2025-10-12 11:00:00,,,,,,,,,,,,,,,,,,,,17.6,17.8,7.5,4.9,18.3,17.9,20.9,22.1,22.3,33.5,35.5,39.5
2025-10-12 12:00:00,,,,,,,,,,,,,,,,,,,,17.6,17.7,7.5,4.9,18.2,17.8,20.8,21.9,22.1,33.2,35.3,39.3
2025-10-12 13:00:00,,,,,,,,,,,,,,,,,,,,17.6,17.7,7.5,4.9,18.2,17.8,20.7,21.8,22.0,32.9,35.0,39.1
2025-10-12 14:00:00,,,,,,,,,,,,,,,,,,,,17.6,17.7,7.5,4.9,18.2,17.8,20.6,21.6,21.8,32.6,34.8,38.9
2025-10-12 15:00:00,,,,,,,,,,,,,,,,,,,,17.6,17.7,7.5,4.9,18.2,17.7,20.6,21.5,21.6,32.3,34.6,38.7
2025-10-12 16:00:00,,,,,,,,,,,,,,,,,,,,17.6,17.8,7.5,4.9,18.2,17.8,20.6,21.5,21.5,32.2,34.5,38.6
2025-10-12 17:00:00,,,,,,,,,,,,,,,,,,,,17.6,17.7,7.5,4.9,18.2,17.8,20.6,21.5,21.5,32.2,34.5,38.6
2025-10-12 18:00:00,,,,,,,,,,,,,,,,,,,,17.5,17.7,7.5,4.9,18.2,17.8,20.7,21.5,21.5,32.2,34.5,38.6
2025-10-12 19:00:00,,,,,,,,,,,,,,,,,,,,17.5,17.7,7.5,4.9,18.2,17.8,20.7,21.5,21.5,32.2,34.6,38.6
2025-10-12 20:00:00,,,,,,,,,,,,,,,,,,,,17.6,17.7,7.5,4.9,18.2,17.8,20.8,21.5,21.5,32.2,34.6,38.7
2025-10-12 21:00:00,,,,,,,,,,,,,,,,,,,,17.6,17.7,7.5,4.9,18.2,17.8,20.8,21.5,21.5,32.3,34.7,38.7
2025-10-12 22:00:00,,,,,,,,,,,,,,,,,,,,17.6,17.7,7.5,4.9,18.2,17.8,20.8,21.5,21.5,32.3,34.7,38.7
2025-10-12 23:00:00,,,,,,,,,,,,,,,,,,,,17.5,17.7,7.5,4.9,18.2,17.8,20.8,21.5,21.5,32.3,34.7,38.8
2025-10-13 01:00:00,,,,,,,,,,,,,,,,,,,,17.5,17.8,7.5,4.9,18.2,17.8,20.8,21.5,21.5,32.4,34.8,38.8
2025-10-13 02:00:00,,,,,,,,,,,,,,,,,,,,17.5,17.8,7.5,4.9,18.2,17.8,20.9,21.6,21.6,32.4,34.8,38.8
2025-10-13 03:00:00,,,,,,,,,,,,,,,,,,,,17.5,17.8,7.5,4.9,18.2,17.8,20.9,21.6,21.6,32.4,34.8,38.9
2025-10-13 04:00:00,,,,,,,,,,,,,,,,,,,,17.4,17.7,7.5,4.9,18.2,17.8,20.9,21.6,21.5,32.4,34.8,38.9
2025-10-13 05:00:00,,,,,,,,,,,,,,,,,,,,17.5,17.7,7.5,4.9,18.2,17.8,20.9,21.6,21.6,32.5,34.9,38.9
2025-10-13 06:00:00,,,,,,,,,,,,,,,,,,,,17.5,17.7,7.5,4.9,18.2,17.8,20.9,21.6,21.6,32.5,34.9,38.9
2025-10-13 07:00:00,,,,,,,,,,,,,,,,,,,,17.5,17.7,7.5,4.9,18.2,17.9,20.9,21.6,21.6,32.5,34.9,38.9
2025-10-13 08:00:00,,,,,,,,,,,,,,,,,,,,17.5,17.8,7.5,4.9,18.2,17.9,20.9,21.6,21.6,32.5,34.9,38.9
2025-10-13 09:00:00,,,,,,,,,,,,,,,,,,,,17.5,17.8,7.5,4.9,18.2,17.8,20.7,21.4,21.5,32.2,34.6,38.7
2025-10-13 10:00:00,,,,,,,,,,,,,,,,,,,,17.5,17.8,7.5,4.9,18.1,17.8,20.6,21.3,21.3,32.0,34.4,38.5
2025-10-13 11:00:00,,,,,,,,,,,,,,,,,,,,17.5,17.7,7.5,4.9,18.1,17.7,20.5,21.1,21.1,31.6,34.1,38.3
2025-10-13 12:00:00,,,,,,,,,,,,,,,,,,,,17.5,17.6,7.5,4.9,18.1,17.7,20.4,21.0,20.9,31.3,33.8,38.0
2025-10-13 13:00:00,,,,,,,,,,,,,,,,,,,,17.5,17.7,7.5,4.9,18.0,17.6,20.3,20.9,20.8,31.0,33.5,37.8
2025-10-13 14:00:00,,,,,,,,,,,,,,,,,,,,17.5,17.7,7.5,4.9,18.0,17.6,20.3,20.8,20.7,30.8,33.4,37.7
2025-10-13 15:00:00,,,,,,,,,,,,,,,,,,,,17.5,17.7,7.5,4.9,18.0,17.6,20.3,20.8,20.6,30.6,33.2,37.5
2025-10-13 16:00:00,,,,,,,,,,,,,,,,,,,,17.5,17.7,7.5,4.9,18.0,17.6,20.3,20.7,20.5,30.5,33.1,37.4
2025-10-13 17:00:00,,,,,,,,,,,,,,,,,,,,17.5,17.7,7.5,4.9,18.0,17.6,20.3,20.7,20.5,30.5,33.1,37.4
2025-10-13 18:00:00,,,,,,,,,,,,,,,,,,,,17.5,17.7,7.5,4.9,18.0,17.6,20.3,20.7,20.5,30.5,33.2,37.4
2025-10-13 19:00:00,,,,,,,,,,,,,,,,,,,,17.5,17.7,7.5,4.9,18.0,17.6,20.4,20.7,20.5,30.6,33.2,37.4
2025-10-13 20:00:00,,,,,,,,,,,,,,,,,,,,17.5,17.7,7.5,4.9,18.0,17.6,20.4,20.8,20.5,30.6,33.2,37.5
2025-10-13 21:00:00,,,,,,,,,,,,,,,,,,,,17.5,17.7,7.5,4.9,18.0,17.6,20.4,20.8,20.5,30.6,33.3,37.5
2025-10-13 22:00:00,,,,,,,,,,,,,,,,,,,,17.5,17.7,7.5,4.9,18.0,17.7,20.4,20.8,20.5,30.7,33.3,37.5
2025-10-13 23:00:00,,,,,,,,,,,,,,,,,,,,17.5,17.7,7.5,4.9,18.0,17.7,20.5,20.8,20.6,30.7,33.4,37.6
2025-10-14 01:00:00,,,,,,,,,,,,,,,,,,,,17.5,17.7,7.5,4.9,18.0,17.7,20.5,20.8,20.6,30.8,33.4,37.7
2025-10-14 02:00:00,,,,,,,,,,,,,,,,,,,,17.5,17.7,7.5,4.9,18.0,17.7,20.5,20.8,20.6,30.8,33.5,37.7
2025-10-14 03:00:00,,,,,,,,,,,,,,,,,,,,17.4,17.7,7.5,4.9,18.0,17.7,20.5,20.8,20.6,30.8,33.5,37.7
2025-10-14 04:00:00,,,,,,,,,,,,,,,,,,,,17.4,17.7,7.5,4.9,18.0,17.7,20.5,20.9,20.6,30.9,33.5,37.7
2025-10-14 05:00:00,,,,,,,,,,,,,,,,,,,,17.4,17.7,7.5,4.9,18.0,17.7,20.5,20.9,20.6,30.9,33.5,37.8
2025-10-14 06:00:00,,,,,,,,,,,,,,,,,,,,17.4,17.6,7.5,4.9,18.0,17.7,20.5,20.9,20.7,30.9,33.5,37.8
2025-10-14 07:00:00,,,,,,,,,,,,,,,,,,,,17.4,17.7,7.5,4.9,18.0,17.7,20.6,20.9,20.7,30.9,33.6,37.8
2025-10-14 08:00:00,,,,,,,,,,,,,,,,,,,,17.4,17.7,7.5,4.9,18.0,17.7,20.5,20.9,20.7,30.9,33.5,37.7
2025-10-14 09:00:00,,,,,,,,,,,,,,,,,,,,17.4,17.7,7.5,4.9,18.0,17.7,20.4,20.7,20.5,30.6,33.2,37.5
2025-10-14 10:00:00,,,,,,,,,,,,,,,,,,,,17.5,17.7,7.5,4.9,18.0,17.6,20.3,20.6,20.4,30.4,32.9,37.3
2025-10-14 11:00:00,,,,,,,,,,,,,,,,,,,,17.5,17.6,7.5,4.9,17.9,17.6,20.2,20.5,20.3,30.1,32.7,37.1
2025-10-14 12:00:00,,,,,,,,,,,,,,,,,,,,17.5,17.6,7.5,4.9,17.9,17.6,20.1,20.4,20.1,29.8,32.4,36.8
2025-10-14 13:00:00,,,,,,,,,,,,,,,,,,,,17.5,17.6,7.5,4.9,17.9,17.5,20.0,20.3,20.0,29.5,32.2,36.6
2025-10-14 14:00:00,,,,,,,,,,,,,,,,,,,,17.4,17.6,7.5,4.9,17.9,17.5,20.0,20.2,19.8,29.3,31.9,36.4
2025-10-14 15:00:00,,,,,,,,,,,,,,,,,,,,17.4,17.6,7.5,4.9,17.9,17.5,20.0,20.2,19.8,29.2,31.9,36.3
2025-10-14 16:00:00,,,,,,,,,,,,,,,,,,,,17.4,17.6,7.5,4.9,17.9,17.5,20.0,20.2,19.7,29.2,31.8,36.2
2025-10-14 17:00:00,,,,,,,,,,,,,,,,,,,,17.5,17.6,7.5,4.9,17.9,17.5,20.1,20.2,19.8,29.3,31.9,36.3
2025-10-14 18:00:00,,,,,,,,,,,,,,,,,,,,17.4,17.6,7.5,4.9,17.9,17.5,20.1,20.2,19.8,29.3,32.0,36.3
2025-10-14 19:00:00,,,,,,,,,,,,,,,,,,,,17.4,17.6,7.5,4.9,17.9,17.5,20.1,20.2,19.8,29.4,32.0,36.4
2025-10-14 20:00:00,,,,,,,,,,,,,,,,,,,,17.4,17.6,7.5,4.9,17.9,17.6,20.2,20.2,19.8,29.4,32.1,36.4
2025-10-14 21:00:00,,,,,,,,,,,,,,,,,,,,17.4,17.6,7.5,4.9,17.9,17.6,20.2,20.2,19.9,29.5,32.2,36.5
2025-10-14 22:00:00,,,,,,,,,,,,,,,,,,,,17.4,17.6,7.5,4.9,17.9,17.6,20.2,20.3,19.9,29.5,32.2,36.5
2025-10-14 23:00:00,,,,,,,,,,,,,,,,,,,,17.4,17.6,7.5,4.9,17.9,17.6,20.2,20.3,19.9,29.5,32.2,36.6
2025-10-15 01:00:00,,,,,,,,,,,,,,,,,,,,17.4,17.6,7.5,4.9,17.9,17.6,20.2,20.3,19.9,29.6,32.3,36.6
2025-10-15 02:00:00,,,,,,,,,,,,,,,,,,,,17.4,17.6,7.5,4.9,17.9,17.6,20.2,20.4,20.0,29.6,32.3,36.6
2025-10-15 03:00:00,,,,,,,,,,,,,,,,,,,,17.4,17.6,7.5,4.9,17.9,17.6,20.2,20.4,20.0,29.6,32.3,36.6
2025-10-15 04:00:00,,,,,,,,,,,,,,,,,,,,17.4,17.6,7.5,4.9,17.9,17.6,20.3,20.4,20.0,29.7,32.3,36.6
2025-10-15 05:00:00,,,,,,,,,,,,,,,,,,,,17.4,17.6,7.5,4.9,17.9,17.6,20.3,20.4,20.0,29.7,32.3,36.6
2025-10-15 06:00:00,,,,,,,,,,,,,,,,,,,,17.4,17.6,7.5,4.9,17.9,17.6,20.3,20.4,20.0,29.7,32.4,36.7
2025-10-15 07:00:00,,,,,,,,,,,,,,,,,,,,17.4,17.7,7.5,4.9,17.9,17.6,20.3,20.4,20.0,29.7,32.4,36.7
2025-10-15 08:00:00,,,,,,,,,,,,,,,,,,,,17.4,17.7,7.5,4.9,17.9,17.6,20.3,20.4,20.0,29.7,32.4,36.7
2025-10-15 09:00:00,,,,,,,,,,,,,,,,,,,,17.4,17.6,7.5,4.9,17.9,17.6,20.3,20.4,20.0,29.7,32.3,36.7
2025-10-15 10:00:00,,,,,,,,,,,,,,,,,,,,17.5,17.6,7.5,4.9,17.9,17.6,20.3,20.4,20.0,29.7,32.3,36.6
2025-10-15 11:00:00,,,,,,,,,,,,,,,,,,,,17.4,17.7,7.5,4.9,17.9,17.6,20.3,20.4,20.0,29.6,32.2,36.6
2025-10-15 12:00:00,,,,,,,,,,,,,,,,,,,,17.5,17.6,7.5,4.9,17.9,17.6,20.3,20.4,19.9,29.5,32.2,36.5
2025-10-15 13:00:00,,,,,,,,,,,,,,,,,,,,17.5,17.6,7.5,4.9,17.9,17.6,20.2,20.3,19.9,29.4,32.1,36.4
2025-10-15 14:00:00,,,,,,,,,,,,,,,,,,,,17.4,17.7,7.5,4.9,17.9,17.6,20.2,20.3,19.9,29.4,32.0,36.4
2025-10-15 15:00:00,,,,,,,,,,,,,,,,,,,,17.5,17.6,7.5,4.9,17.9,17.6,20.2,20.3,19.9,29.4,32.0,36.3
2025-10-15 16:00:00,,,,,,,,,,,,,,,,,,,,17.4,17.7,7.5,4.9,17.9,17.6,20.2,20.3,19.9,29.4,32.0,36.3
2025-10-15 17:00:00,,,,,,,,,,,,,,,,,,,,17.4,17.6,7.5,4.9,17.9,17.6,20.2,20.3,19.9,29.4,32.0,36.4
2025-10-15 18:00:00,,,,,,,,,,,,,,,,,,,,17.5,17.7,7.5,4.9,17.9,17.6,20.3,20.3,19.9,29.5,32.1,36.4
2025-10-15 19:00:00,,,,,,,,,,,,,,,,,,,,17.4,17.7,7.5,4.9,17.9,17.6,20.3,20.3,19.9,29.5,32.2,36.4
2025-10-15 20:00:00,,,,,,,,,,,,,,,,,,,,17.4,17.7,7.5,5.0,17.9,17.6,20.3,20.3,19.9,29.5,32.2,36.5
2025-10-15 21:00:00,,,,,,,,,,,,,,,,,,,,17.4,17.7,7.5,4.9,17.9,17.6,20.3,20.3,19.9,29.5,32.2,36.5
2025-10-15 22:00:00,,,,,,,,,,,,,,,,,,,,17.4,17.6,7.5,4.9,17.8,17.6,20.3,20.4,20.0,29.6,32.2,36.5
2025-10-15 23:00:00,,,,,,,,,,,,,,,,,,,,17.4,17.7,7.5,4.9,17.8,17.6,20.3,20.3,20.0,29.6,32.3,36.5
2025-10-16 01:00:00,,,,,,,,,,,,,,,,,,,,17.4,17.7,7.5,4.8,17.9,17.7,20.3,20.4,20.0,29.6,32.3,36.6
2025-10-16 02:00:00,,,,,,,,,,,,,,,,,,,,17.5,17.7,7.5,4.8,17.9,17.7,20.3,20.4,20.0,29.7,32.3,36.6
2025-10-16 03:00:00,,,,,,,,,,,,,,,,,,,,17.4,17.7,7.5,4.8,17.9,17.7,20.3,20.3,20.0,29.7,32.3,36.6
2025-10-16 04:00:00,,,,,,,,,,,,,,,,,,,,17.4,17.7,7.5,4.8,17.9,17.7,20.3,20.4,20.0,29.7,32.3,36.6
2025-10-16 05:00:00,,,,,,,,,,,,,,,,,,,,17.3,17.6,7.5,4.8,17.9,17.7,20.3,20.3,20.0,29.7,32.3,36.6
2025-10-16 06:00:00,,,,,,,,,,,,,,,,,,,,17.3,17.6,7.5,4.8,17.9,17.7,20.3,20.4,20.0,29.7,32.3,36.6
2025-10-16 07:00:00,,,,,,,,,,,,,,,,,,,,17.3,17.6,7.5,4.8,17.9,17.7,20.3,20.4,20.0,29.7,32.4,36.6
2025-10-16 08:00:00,,,,,,,,,,,,,,,,,,,,17.4,17.7,7.5,4.8,17.9,17.7,20.3,20.4,20.0,29.7,32.3,36.6
2025-10-16 09:00:00,,,,,,,,,,,,,,,,,,,,17.4,17.7,7.5,4.9,17.9,17.7,20.3,20.4,20.0,29.7,32.3,36.5
2025-10-16 10:00:00,,,,,,,,,,,,,,,,,,,,17.4,17.7,7.5,4.9,17.9,17.7,20.3,20.3,20.0,29.6,32.2,36.4
2025-10-16 11:00:00,,,,,,,,,,,,,,,,,,,,17.4,17.6,7.5,4.9,17.9,17.7,20.3,20.3,20.0,29.5,32.1,36.4
2025-10-16 12:00:00,,,,,,,,,,,,,,,,,,,,17.5,17.6,7.5,4.9,17.9,17.7,20.2,20.3,19.9,29.4,32.0,36.3
2025-10-16 13:00:00,,,,,,,,,,,,,,,,,,,,17.4,17.7,7.5,5.0,17.9,17.7,20.2,20.2,19.8,29.3,31.9,36.2
2025-10-16 14:00:00,,,,,,,,,,,,,,,,,,,,17.5,17.7,7.5,5.0,17.9,17.7,20.2,20.2,19.8,29.2,31.9,36.1
2025-10-16 15:00:00,,,,,,,,,,,,,,,,,,,,17.4,17.7,7.5,5.0,17.9,17.7,20.2,20.2,19.8,29.2,31.9,36.1
2025-10-16 16:00:00,,,,,,,,,,,,,,,,,,,,17.4,17.7,7.5,5.0,17.9,17.7,20.2,20.2,19.8,29.3,31.9,36.1
2025-10-16 17:00:00,,,,,,,,,,,,,,,,,,,,17.4,17.7,7.5,4.9,17.9,17.7,20.2,20.2,19.8,29.3,31.9,36.1
2025-10-16 18:00:00,,,,,,,,,,,,,,,,,,,,17.4,17.6,7.5,4.9,17.9,17.7,20.2,20.2,19.8,29.3,31.9,36.1
2025-10-16 19:00:00,,,,,,,,,,,,,,,,,,,,17.4,17.7,7.5,4.8,17.9,17.7,20.2,20.3,19.8,29.4,32.0,36.1
2025-10-16 20:00:00,,,,,,,,,,,,,,,,,,,,17.4,17.6,7.5,4.8,17.9,17.7,20.2,20.3,19.8,29.4,32.0,36.2
2025-10-16 21:00:00,,,,,,,,,,,,,,,,,,,,17.4,17.7,7.5,4.9,17.9,17.7,20.2,20.3,19.8,29.4,32.0,36.2
2025-10-16 22:00:00,,,,,,,,,,,,,,,,,,,,17.4,17.7,7.5,4.9,17.9,17.7,20.2,20.3,19.8,29.4,32.0,36.2
2025-10-16 23:00:00,,,,,,,,,,,,,,,,,,,,17.4,17.6,7.5,4.9,17.9,17.7,20.2,20.3,19.8,29.5,32.0,36.2
2025-10-17 01:00:00,,,,,,,,,,,,,,,,,,,,17.3,17.7,7.5,4.9,17.9,17.7,20.3,20.3,19.9,29.5,32.1,36.2
2025-10-17 02:00:00,,,,,,,,,,,,,,,,,,,,17.4,17.6,7.5,4.9,17.9,17.7,20.3,20.3,19.9,29.5,32.1,36.2
2025-10-17 03:00:00,,,,,,,,,,,,,,,,,,,,17.4,17.7,7.5,4.9,17.9,17.7,20.3,20.3,19.9,29.5,32.1,36.2
2025-10-17 04:00:00,,,,,,,,,,,,,,,,,,,,17.4,17.7,7.5,4.9,17.9,17.7,20.3,20.3,19.9,29.5,32.1,36.2
2025-10-17 05:00:00,,,,,,,,,,,,,,,,,,,,17.4,17.7,7.5,4.9,17.9,17.7,20.3,20.3,19.9,29.6,32.1,36.3
2025-10-17 06:00:00,,,,,,,,,,,,,,,,,,,,17.4,17.7,7.5,4.9,17.9,17.7,20.3,20.3,19.9,29.6,32.1,36.3
2025-10-17 07:00:00,,,,,,,,,,,,,,,,,,,,17.3,17.7,7.5,4.9,17.9,17.7,20.3,20.3,20.0,29.6,32.1,36.3
2025-10-17 08:00:00,,,,,,,,,,,,,,,,,,,,17.4,17.7,7.5,4.9,17.9,17.7,20.3,20.4,20.0,29.6,32.1,36.2
2025-10-17 09:00:00,,,,,,,,,,,,,,,,,,,,17.4,17.7,7.5,4.9,17.9,17.7,20.3,20.4,19.9,29.5,32.0,36.2
2025-10-17 10:00:00,,,,,,,,,,,,,,,,,,,,17.4,17.7,7.5,4.9,17.9,17.7,20.3,20.3,19.9,29.4,32.0,36.1
2025-10-17 11:00:00,,,,,,,,,,,,,,,,,,,,17.4,17.7,7.5,4.9,17.9,17.7,20.2,20.3,19.8,29.3,31.9,36.0
2025-10-17 12:00:00,,,,,,,,,,,,,,,,,,,,17.4,17.7,7.5,4.9,17.9,17.7,20.2,20.3,19.8,29.3,31.8,35.9
2025-10-17 13:00:00,,,,,,,,,,,,,,,,,,,,17.4,17.7,7.5,4.9,17.9,17.7,20.2,20.2,19.8,29.2,31.7,35.8
2025-10-17 14:00:00,,,,,,,,,,,,,,,,,,,,17.4,17.7,7.5,4.9,17.9,17.7,20.2,20.2,19.7,29.1,31.7,35.7
2025-10-17 15:00:00,,,,,,,,,,,,,,,,,,,,17.3,17.7,7.5,4.9,17.9,17.7,20.2,20.2,19.7,29.1,31.6,35.7
2025-10-17 16:00:00,,,,,,,,,,,,,,,,,,,,17.3,17.7,7.5,4.9,17.9,17.7,20.2,20.2,19.7,29.1,31.7,35.7
2025-10-17 17:00:00,,,,,,,,,,,,,,,,,,,,17.4,17.7,7.5,4.9,17.9,17.7,20.2,20.2,19.7,29.2,31.7,35.7
2025-10-17 18:00:00,,,,,,,,,,,,,,,,,,,,17.4,17.7,7.5,4.9,17.9,17.7,20.2,20.2,19.8,29.2,31.7,35.7
2025-10-17 19:00:00,,,,,,,,,,,,,,,,,,,,17.4,17.7,7.5,4.9,17.9,17.7,20.2,20.2,19.8,29.2,31.8,35.8
2025-10-17 20:00:00,,,,,,,,,,,,,,,,,,,,17.3,17.7,7.5,4.9,17.9,17.7,20.2,20.2,19.8,29.3,31.8,35.8
2025-10-17 21:00:00,,,,,,,,,,,,,,,,,,,,17.3,17.7,7.5,4.9,17.9,17.7,20.2,20.2,19.8,29.3,31.8,35.8
2025-10-17 22:00:00,,,,,,,,,,,,,,,,,,,,17.4,17.7,7.5,4.9,17.9,17.7,20.2,20.2,19.8,29.3,31.8,35.8
2025-10-17 23:00:00,,,,,,,,,,,,,,,,,,,,17.3,17.7,7.5,4.9,17.9,17.7,20.2,20.3,19.8,29.3,31.8,35.8
2025-10-18 01:00:00,,,,,,,,,,,,,,,,,,,,17.3,17.7,7.5,4.9,17.9,17.7,20.2,20.3,19.8,29.4,31.9,35.9
2025-10-18 02:00:00,,,,,,,,,,,,,,,,,,,,17.3,17.7,7.5,4.9,17.9,17.7,20.2,20.3,19.8,29.4,31.9,35.9
2025-10-18 03:00:00,,,,,,,,,,,,,,,,,,,,17.3,17.7,7.5,4.9,17.9,17.7,20.3,20.3,19.8,29.4,31.9,35.9
2025-10-18 04:00:00,,,,,,,,,,,,,,,,,,,,17.3,17.6,7.5,4.9,17.9,17.7,20.3,20.3,19.9,29.4,31.9,35.9
2025-10-18 05:00:00,,,,,,,,,,,,,,,,,,,,17.3,17.7,7.5,4.9,17.9,17.7,20.3,20.3,19.9,29.4,32.0,35.9
2025-10-18 06:00:00,,,,,,,,,,,,,,,,,,,,17.3,17.7,7.5,4.9,17.9,17.7,20.3,20.3,19.9,29.4,32.0,35.9
2025-10-18 07:00:00,,,,,,,,,,,,,,,,,,,,17.3,17.7,7.5,4.9,17.9,17.7,20.3,20.3,19.9,29.4,32.0,35.9
2025-10-18 08:00:00,,,,,,,,,,,,,,,,,,,,17.4,17.7,7.5,4.9,18.0,17.7,20.3,20.3,19.9,29.4,32.0,35.9
2025-10-18 09:00:00,,,,,,,,,,,,,,,,,,,,17.3,17.7,7.5,4.9,18.0,17.7,20.3,20.3,19.8,29.3,31.9,35.8
2025-10-18 10:00:00,,,,,,,,,,,,,,,,,,,,17.3,17.7,7.5,4.8,18.0,17.7,20.2,20.2,19.8,29.2,31.8,35.8
2025-10-18 11:00:00,,,,,,,,,,,,,,,,,,,,17.4,17.7,7.5,4.9,18.0,17.7,20.2,20.2,19.8,29.1,31.7,35.6
2025-10-18 12:00:00,,,,,,,,,,,,,,,,,,,,17.4,17.7,7.5,4.8,17.9,17.7,20.2,20.2,19.7,29.1,31.6,35.5
2025-10-18 13:00:00,,,,,,,,,,,,,,,,,,,,17.3,17.7,7.5,4.9,17.9,17.7,20.1,20.1,19.7,29.0,31.5,35.4
2025-10-18 14:00:00,,,,,,,,,,,,,,,,,,,,17.3,17.7,7.5,4.9,17.9,17.7,20.1,20.1,19.6,28.9,31.4,35.3
2025-10-18 15:00:00,,,,,,,,,,,,,,,,,,,,17.3,17.7,7.5,4.8,17.9,17.6,20.1,20.1,19.6,28.9,31.4,35.3
2025-10-18 16:00:00,,,,,,,,,,,,,,,,,,,,17.3,17.7,7.5,4.9,17.9,17.7,20.2,20.1,19.6,28.9,31.4,35.3
2025-10-18 17:00:00,,,,,,,,,,,,,,,,,,,,17.3,17.7,7.5,4.9,17.9,17.6,20.2,20.2,19.6,29.0,31.5,35.3
2025-10-18 18:00:00,,,,,,,,,,,,,,,,,,,,17.3,17.7,7.5,4.9,17.9,17.7,20.2,20.2,19.7,29.0,31.5,35.4
2025-10-18 19:00:00,,,,,,,,,,,,,,,,,,,,17.3,17.7,7.5,4.9,17.9,17.7,20.2,20.2,19.7,29.0,31.5,35.4
2025-10-18 20:00:00,,,,,,,,,,,,,,,,,,,,17.3,17.7,7.5,4.9,17.9,17.7,20.2,20.2,19.7,29.1,31.5,35.4
2025-10-18 21:00:00,,,,,,,,,,,,,,,,,,,,17.3,17.8,7.5,4.9,17.9,17.7,20.2,20.2,19.7,29.1,31.5,35.4
2025-10-18 22:00:00,,,,,,,,,,,,,,,,,,,,17.3,17.7,7.5,4.9,17.9,17.7,20.2,20.2,19.7,29.1,31.6,35.4
2025-10-18 23:00:00,,,,,,,,,,,,,,,,,,,,17.3,17.7,7.5,4.9,17.9,17.6,20.2,20.2,19.7,29.1,31.6,35.4
2025-10-19 01:00:00,,,,,,,,,,,,,,,,,,,,17.3,17.7,7.5,4.9,17.9,17.7,20.3,20.2,19.8,29.2,31.6,35.5
2025-10-19 02:00:00,,,,,,,,,,,,,,,,,,,,17.3,17.7,7.5,4.9,18.0,17.7,20.3,20.2,19.8,29.2,31.7,35.5
2025-10-19 03:00:00,,,,,,,,,,,,,,,,,,,,17.3,17.7,7.5,4.9,18.0,17.7,20.2,20.2,19.8,29.2,31.7,35.5
2025-10-19 04:00:00,,,,,,,,,,,,,,,,,,,,17.3,17.7,7.5,4.9,18.0,17.7,20.2,20.3,19.8,29.2,31.7,35.5
2025-10-19 05:00:00,,,,,,,,,,,,,,,,,,,,17.3,17.6,7.5,4.9,17.9,17.7,20.2,20.2,19.8,29.2,31.7,35.5
2025-10-19 06:00:00,,,,,,,,,,,,,,,,,,,,17.3,17.7,7.5,4.9,17.9,17.7,20.2,20.2,19.8,29.2,31.7,35.5
2025-10-19 07:00:00,,,,,,,,,,,,,,,,,,,,17.3,17.7,7.5,4.9,17.9,17.7,20.2,20.2,19.8,29.3,31.7,35.5
2025-10-19 08:00:00,,,,,,,,,,,,,,,,,,,,17.7,17.7,7.5,4.9,17.9,17.7,20.2,20.2,19.8,29.3,31.7,35.5
2025-10-19 09:00:00,,,,,,,,,,,,,,,,,,,,26.8,18.0,7.5,4.9,17.9,17.6,20.2,20.2,19.8,29.3,31.7,35.5
2025-10-19 10:00:00,,,,,,,,,,,,,,,,,,,,33.5,22.8,7.5,4.9,17.9,17.6,20.2,20.2,19.8,29.3,31.7,35.6
2025-10-19 11:00:00,,,,,,,,,,,,,,,,,,,,33.0,24.2,7.5,4.9,17.9,17.7,20.2,20.2,19.8,29.3,31.8,35.6
2025-10-19 12:00:00,,,,,,,,,,,,,,,,,,,,32.3,24.5,7.5,4.9,17.9,17.7,20.2,20.2,19.8,29.3,31.8,35.6
2025-10-19 13:00:00,,,,,,,,,,,,,,,,,,,,31.8,24.6,7.5,4.9,17.9,17.7,20.2,20.2,19.8,29.3,31.8,35.6
2025-10-19 14:00:00,,,,,,,,,,,,,,,,,,,,31.3,24.6,7.5,4.9,17.9,17.7,20.2,20.2,19.8,29.3,31.8,35.6
2025-10-19 15:00:00,,,,,,,,,,,,,,,,,,,,30.9,24.6,7.5,4.9,17.9,17.7,20.3,20.3,19.8,29.3,31.8,35.6
2025-10-19 16:00:00,,,,,,,,,,,,,,,,,,,,31.1,24.6,7.5,4.9,17.9,17.7,20.3,20.2,19.8,29.3,31.8,35.6
2025-10-19 17:00:00,,,,,,,,,,,,,,,,,,,,30.9,24.6,7.5,4.8,17.9,17.7,20.3,20.2,19.9,29.4,31.8,35.6
2025-10-19 18:00:00,,,,,,,,,,,,,,,,,,,,30.7,24.6,7.6,4.8,17.9,17.7,20.3,20.2,19.9,29.4,31.8,35.6
2025-10-19 19:00:00,,,,,,,,,,,,,,,,,,,,30.4,24.6,7.6,4.8,17.9,17.7,20.3,20.2,19.9,29.4,31.9,35.7
2025-10-19 20:00:00,,,,,,,,,,,,,,,,,,,,30.2,24.6,7.6,4.8,17.9,17.7,20.3,20.2,19.9,29.4,31.9,35.7
2025-10-19 21:00:00,,,,,,,,,,,,,,,,,,,,30.0,24.6,7.6,4.9,17.9,17.7,20.3,20.2,19.9,29.4,31.9,35.7
2025-10-19 22:00:00,,,,,,,,,,,,,,,,,,,,29.9,24.6,7.6,4.9,17.9,17.7,20.3,20.2,19.9,29.4,31.9,35.7
2025-10-19 23:00:00,,,,,,,,,,,,,,,,,,,,29.7,24.5,7.6,4.9,17.9,17.7,20.3,20.2,19.9,29.4,31.9,35.7
2025-10-20 01:00:00,,,,,,,,,,,,,,,,,,,,29.4,24.5,7.6,4.9,17.9,17.7,20.3,20.2,19.9,29.4,31.9,35.7
2025-10-20 02:00:00,,,,,,,,,,,,,,,,,,,,29.2,24.5,7.6,4.9,17.9,17.7,20.3,20.3,19.9,29.4,31.9,35.7
2025-10-20 03:00:00,,,,,,,,,,,,,,,,,,,,29.1,24.4,7.6,4.9,17.9,17.7,20.3,20.3,19.9,29.4,31.9,35.7
2025-10-20 04:00:00,,,,,,,,,,,,,,,,,,,,29.0,24.4,7.6,4.9,17.9,17.7,20.3,20.3,19.9,29.4,31.9,35.7
2025-10-20 05:00:00,,,,,,,,,,,,,,,,,,,,28.8,24.3,7.6,4.9,17.9,17.7,20.3,20.3,19.9,29.5,31.9,35.7
2025-10-20 06:00:00,,,,,,,,,,,,,,,,,,,,28.7,24.3,7.6,4.9,17.9,17.7,20.3,20.3,19.9,29.5,31.9,35.8
2025-10-20 07:00:00,,,,,,,,,,,,,,,,,,,,28.6,24.3,7.6,4.9,17.9,17.7,20.3,20.3,19.9,29.5,32.0,35.8
2025-10-20 08:00:00,,,,,,,,,,,,,,,,,,,,28.5,24.2,7.6,4.9,17.9,17.7,20.3,20.3,19.9,29.5,32.0,35.8
2025-10-20 09:00:00,,,,,,,,,,,,,,,,,,,,28.5,24.2,7.6,4.9,17.9,17.7,20.3,20.3,19.9,29.5,32.0,35.8
2025-10-20 10:00:00,,,,,,,,,,,,,,,,,,,,28.5,24.2,7.6,4.9,17.9,17.7,20.3,20.3,19.9,29.5,32.0,35.8
2025-10-20 11:00:00,,,,,,,,,,,,,,,,,,,,28.4,24.2,7.6,4.8,17.9,17.7,20.4,20.3,19.9,29.5,32.0,35.8
2025-10-20 12:00:00,,,,,,,,,,,,,,,,,,,,28.3,24.1,7.6,4.9,17.9,17.7,20.4,20.3,19.9,29.5,32.0,35.8
2025-10-20 13:00:00,,,,,,,,,,,,,,,,,,,,28.3,24.1,7.6,4.9,17.9,17.7,20.4,20.3,19.9,29.5,31.9,35.8
2025-10-20 14:00:00,,,,,,,,,,,,,,,,,,,,28.2,24.1,7.6,4.9,17.9,17.7,20.4,20.3,19.9,29.5,31.9,35.8
2025-10-20 15:00:00,,,,,,,,,,,,,,,,,,,,28.0,24.1,7.6,5.0,17.9,17.7,20.4,20.3,19.9,29.5,31.9,35.8
2025-10-20 16:00:00,,,,,,,,,,,,,,,,,,,,28.0,24.0,7.6,5.0,17.9,17.7,20.4,20.3,19.9,29.5,32.0,35.8
2025-10-20 17:00:00,,,,,,,,,,,,,,,,,,,,27.9,24.0,7.6,5.0,17.9,17.7,20.4,20.4,19.9,29.5,32.0,35.8
2025-10-20 18:00:00,,,,,,,,,,,,,,,,,,,,27.9,24.0,7.7,5.0,17.9,17.7,20.4,20.4,20.0,29.5,32.0,35.8
2025-10-20 19:00:00,,,,,,,,,,,,,,,,,,,,27.7,23.9,7.7,4.9,17.9,17.7,20.4,20.3,20.0,29.5,32.0,35.8
2025-10-20 20:00:00,,,,,,,,,,,,,,,,,,,,27.6,23.9,7.7,4.9,17.9,17.7,20.4,20.4,20.0,29.5,32.0,35.8
2025-10-20 21:00:00,,,,,,,,,,,,,,,,,,,,27.6,23.9,7.7,4.9,17.9,17.7,20.4,20.3,20.0,29.5,32.0,35.8
2025-10-20 22:00:00,,,,,,,,,,,,,,,,,,,,27.5,23.9,7.7,4.9,17.9,17.7,20.4,20.4,20.0,29.5,32.0,35.8
2025-10-20 23:00:00,,,,,,,,,,,,,,,,,,,,27.5,23.8,7.7,4.9,17.9,17.7,20.4,20.4,20.0,29.5,32.0,35.8
2025-10-21 01:00:00,,,,,,,,,,,,,,,,,,,,27.4,23.8,7.7,4.9,17.9,17.7,20.4,20.4,20.0,29.6,32.0,35.8
2025-10-21 02:00:00,,,,,,,,,,,,,,,,,,,,27.3,23.8,7.7,4.9,17.9,17.8,20.4,20.4,20.0,29.6,32.0,35.8
2025-10-21 03:00:00,,,,,,,,,,,,,,,,,,,,27.3,23.8,7.7,4.9,18.0,17.8,20.4,20.4,20.0,29.6,32.1,35.9
2025-10-21 04:00:00,,,,,,,,,,,,,,,,,,,,27.2,23.7,7.7,4.9,18.0,17.8,20.4,20.4,20.0,29.6,32.1,35.8
2025-10-21 05:00:00,,,,,,,,,,,,,,,,,,,,27.2,23.7,7.7,4.9,17.9,17.8,20.4,20.4,20.0,29.6,32.1,35.9
2025-10-21 06:00:00,,,,,,,,,,,,,,,,,,,,27.1,23.7,7.7,4.9,18.0,17.8,20.4,20.4,20.1,29.6,32.1,35.9
2025-10-21 07:00:00,,,,,,,,,,,,,,,,,,,,27.0,23.7,7.7,4.9,18.0,17.8,20.4,20.4,20.0,29.6,32.1,35.9
2025-10-21 08:00:00,,,,,,,,,,,,,,,,,,,,27.0,23.7,7.7,4.9,18.0,17.8,20.4,20.4,20.0,29.6,32.1,35.9
2025-10-21 09:00:00,,,,,,,,,,,,,,,,,,,,26.9,23.6,7.7,4.9,18.0,17.8,20.4,20.4,20.0,29.6,32.1,35.8
2025-10-21 10:00:00,,,,,,,,,,,,,,,,,,,,26.9,23.6,7.7,4.9,18.0,17.8,20.4,20.4,20.0,29.6,32.0,35.8
2025-10-21 11:00:00,,,,,,,,,,,,,,,,,,,,26.7,23.5,7.7,4.9,18.0,17.8,20.4,20.4,20.0,29.5,32.0,35.8
2025-10-21 12:00:00,,,,,,,,,,,,,,,,,,,,26.5,23.4,7.7,5.0,18.0,17.8,20.4,20.4,20.0,29.5,32.0,35.8
2025-10-21 13:00:00,,,,,,,,,,,,,,,,,,,,26.4,23.3,7.7,5.0,18.0,17.8,20.4,20.4,20.0,29.5,31.9,35.8
2025-10-21 14:00:00,,,,,,,,,,,,,,,,,,,,26.2,23.3,7.8,5.0,18.0,17.8,20.4,20.4,20.0,29.5,31.9,35.8
2025-10-21 15:00:00,,,,,,,,,,,,,,,,,,,,26.2,23.3,7.7,5.0,18.0,17.8,20.4,20.4,20.0,29.5,32.0,35.7
2025-10-21 16:00:00,,,,,,,,,,,,,,,,,,,,26.1,23.3,7.7,5.0,18.0,17.8,20.4,20.4,20.0,29.5,32.0,35.8
2025-10-21 17:00:00,,,,,,,,,,,,,,,,,,,,26.0,23.2,7.7,4.9,18.0,17.8,20.4,20.4,20.0,29.5,32.0,35.8
2025-10-21 18:00:00,,,,,,,,,,,,,,,,,,,,26.0,23.2,7.8,4.9,18.0,17.8,20.4,20.4,20.0,29.5,32.0,35.8
2025-10-21 19:00:00,,,,,,,,,,,,,,,,,,,,25.9,23.2,7.8,4.9,18.0,17.8,20.4,20.4,20.0,29.5,32.0,35.8
2025-10-21 20:00:00,,,,,,,,,,,,,,,,,,,,25.8,23.1,7.7,4.9,18.0,17.8,20.4,20.4,20.0,29.5,32.0,35.8
2025-10-21 21:00:00,,,,,,,,,,,,,,,,,,,,25.8,23.1,7.7,4.9,18.0,17.8,20.4,20.4,20.1,29.5,32.0,35.8
2025-10-21 22:00:00,,,,,,,,,,,,,,,,,,,,25.8,23.1,7.7,4.9,18.0,17.8,20.4,20.4,20.1,29.5,32.0,35.8
2025-10-21 23:00:00,,,,,,,,,,,,,,,,,,,,25.7,23.1,7.7,4.9,18.0,17.8,20.4,20.4,20.1,29.6,32.0,35.8
2025-10-22 01:00:00,,,,,,,,,,,,,,,,,,,,25.7,23.1,7.7,4.9,18.0,17.8,20.4,20.4,20.1,29.6,32.1,35.8
2025-10-22 02:00:00,,,,,,,,,,,,,,,,,,,,25.6,23.0,7.8,4.9,18.0,17.8,20.4,20.4,20.1,29.6,32.1,35.8
2025-10-22 03:00:00,,,,,,,,,,,,,,,,,,,,25.6,23.0,7.7,4.9,18.0,17.8,20.4,20.4,20.1,29.6,32.1,35.8
2025-10-22 04:00:00,,,,,,,,,,,,,,,,,,,,25.6,23.0,7.7,4.9,18.0,17.8,20.4,20.4,20.1,29.6,32.1,35.9
2025-10-22 05:00:00,,,,,,,,,,,,,,,,,,,,25.5,22.9,7.7,4.9,18.0,17.8,20.4,20.4,20.1,29.6,32.1,35.9
2025-10-22 06:00:00,,,,,,,,,,,,,,,,,,,,25.4,22.9,7.8,4.9,18.0,17.8,20.4,20.4,20.1,29.6,32.1,35.9
2025-10-22 07:00:00,,,,,,,,,,,,,,,,,,,,25.4,22.9,7.8,4.9,18.0,17.9,20.4,20.4,20.1,29.6,32.1,35.8
2025-10-22 08:00:00,,,,,,,,,,,,,,,,,,,,25.3,22.9,7.8,4.9,18.0,17.8,20.4,20.4,20.1,29.6,32.1,35.9
2025-10-22 09:00:00,,,,,,,,,,,,,,,,,,,,25.3,22.8,7.8,4.9,18.0,17.8,20.4,20.4,20.1,29.6,32.1,35.8
2025-10-22 10:00:00,,,,,,,,,,,,,,,,,,,,25.2,22.8,7.8,4.9,18.0,17.8,20.4,20.5,20.1,29.6,32.0,35.8
2025-10-22 11:00:00,,,,,,,,,,,,,,,,,,,,25.0,22.7,7.8,4.9,18.0,17.8,20.4,20.4,20.1,29.5,32.0,35.8
2025-10-22 12:00:00,,,,,,,,,,,,,,,,,,,,24.8,22.7,7.8,4.9,18.0,17.8,20.4,20.4,20.1,29.5,32.0,35.8
2025-10-22 13:00:00,,,,,,,,,,,,,,,,,,,,24.6,22.6,7.8,4.9,18.1,17.9,20.4,20.4,20.0,29.5,31.9,35.7
2025-10-22 14:00:00,,,,,,,,,,,,,,,,,,,,24.5,22.5,7.8,4.9,18.1,17.8,20.4,20.4,20.0,29.5,31.9,35.7
2025-10-22 15:00:00,,,,,,,,,,,,,,,,,,,,24.4,22.5,7.8,4.9,18.1,17.9,20.4,20.4,20.0,29.5,31.9,35.7
2025-10-22 16:00:00,,,,,,,,,,,,,,,,,,,,24.4,22.4,7.8,4.9,18.1,17.8,20.4,20.4,20.0,29.5,32.0,35.7
2025-10-22 17:00:00,,,,,,,,,,,,,,,,,,,,24.4,22.4,7.8,4.9,18.1,17.8,20.4,20.4,20.1,29.5,32.0,35.7
2025-10-22 18:00:00,,,,,,,,,,,,,,,,,,,,24.3,22.4,7.8,4.9,18.1,17.9,20.4,20.4,20.1,29.5,32.0,35.8
2025-10-22 19:00:00,,,,,,,,,,,,,,,,,,,,24.3,22.4,7.8,4.9,18.1,17.8,20.4,20.4,20.1,29.5,32.0,35.8
2025-10-22 20:00:00,,,,,,,,,,,,,,,,,,,,24.2,22.4,7.8,4.9,18.1,17.8,20.4,20.5,20.1,29.5,32.0,35.8
2025-10-22 21:00:00,,,,,,,,,,,,,,,,,,,,24.1,22.4,7.8,4.9,18.1,17.8,20.4,20.4,20.1,29.5,32.0,35.8
2025-10-22 22:00:00,,,,,,,,,,,,,,,,,,,,24.1,22.3,7.8,4.9,18.1,17.8,20.4,20.4,20.1,29.5,32.0,35.8
2025-10-22 23:00:00,,,,,,,,,,,,,,,,,,,,24.1,22.3,7.8,4.9,18.1,17.9,20.4,20.5,20.1,29.5,32.0,35.8
2025-10-23 01:00:00,,,,,,,,,,,,,,,,,,,,23.9,22.3,7.8,4.9,18.1,17.8,20.5,20.5,20.1,29.6,32.0,35.8
2025-10-23 02:00:00,,,,,,,,,,,,,,,,,,,,23.9,22.2,7.8,4.9,18.1,17.8,20.4,20.5,20.1,29.6,32.0,35.8
2025-10-23 03:00:00,,,,,,,,,,,,,,,,,,,,23.9,22.2,7.8,4.9,18.1,17.8,20.4,20.5,20.1,29.6,32.0,35.8
2025-10-23 04:00:00,,,,,,,,,,,,,,,,,,,,23.8,22.2,7.8,4.9,18.1,17.8,20.4,20.5,20.1,29.6,32.0,35.8
2025-10-23 05:00:00,,,,,,,,,,,,,,,,,,,,23.8,22.2,7.8,4.9,18.1,17.8,20.5,20.5,20.1,29.6,32.1,35.8
2025-10-23 06:00:00,,,,,,,,,,,,,,,,,,,,23.7,22.2,7.8,4.9,18.1,17.8,20.5,20.5,20.1,29.6,32.1,35.8
2025-10-23 07:00:00,,,,,,,,,,,,,,,,,,,,23.7,22.2,7.8,4.9,18.1,17.8,20.5,20.5,20.1,29.6,32.1,35.8
2025-10-23 08:00:00,,,,,,,,,,,,,,,,,,,,23.7,22.2,7.8,5.0,18.1,17.8,20.5,20.5,20.1,29.6,32.1,35.8
2025-10-23 09:00:00,,,,,,,,,,,,,,,,,,,,23.6,22.1,7.8,5.0,18.0,17.8,20.5,20.5,20.1,29.6,32.1,35.8
2025-10-23 10:00:00,,,,,,,,,,,,,,,,,,,,23.6,22.1,7.8,5.0,18.0,17.8,20.5,20.5,20.1,29.6,32.1,35.8
2025-10-23 11:00:00,,,,,,,,,,,,,,,,,,,,23.4,22.0,7.8,5.0,18.1,17.8,20.5,20.5,20.1,29.6,32.0,35.8
2025-10-23 12:00:00,,,,,,,,,,,,,,,,,,,,23.3,22.0,7.8,5.0,18.1,17.8,20.4,20.5,20.1,29.5,32.0,35.7
2025-10-23 13:00:00,,,,,,,,,,,,,,,,,,,,23.3,21.9,7.8,5.0,18.1,17.9,20.4,20.5,20.1,29.5,32.0,35.7
2025-10-23 14:00:00,,,,,,,,,,,,,,,,,,,,23.2,21.9,7.8,5.0,18.1,17.8,20.4,20.5,20.0,29.5,32.0,35.7
2025-10-23 15:00:00,,,,,,,,,,,,,,,,,,,,23.1,21.9,7.8,4.9,18.1,17.8,20.4,20.4,20.1,29.5,32.0,35.7
2025-10-23 16:00:00,,,,,,,,,,,,,,,,,,,,23.0,21.9,7.8,4.9,18.1,17.8,20.5,20.4,20.1,29.5,32.0,35.7
2025-10-23 17:00:00,,,,,,,,,,,,,,,,,,,,22.9,21.9,7.8,4.9,18.0,17.8,20.4,20.4,20.1,29.5,32.0,35.8
2025-10-23 18:00:00,,,,,,,,,,,,,,,,,,,,22.9,21.9,7.8,4.9,18.0,17.8,20.4,20.4,20.1,29.5,32.0,35.8
2025-10-23 19:00:00,,,,,,,,,,,,,,,,,,,,22.8,21.8,7.8,4.9,18.0,17.8,20.4,20.4,20.1,29.5,32.0,35.8
2025-10-23 20:00:00,,,,,,,,,,,,,,,,,,,,22.9,21.8,7.8,4.9,18.0,17.8,20.5,20.4,20.1,29.5,32.0,35.8
2025-10-23 21:00:00,,,,,,,,,,,,,,,,,,,,22.9,21.8,7.8,4.9,18.0,17.9,20.4,20.4,20.1,29.5,32.0,35.8
2025-10-23 22:00:00,,,,,,,,,,,,,,,,,,,,23.0,21.7,7.8,4.9,18.1,17.9,20.5,20.4,20.1,29.5,32.0,35.8
2025-10-23 23:00:00,,,,,,,,,,,,,,,,,,,,23.0,21.7,7.8,4.9,18.1,17.9,20.4,20.4,20.1,29.6,32.0,35.8
2025-10-24 01:00:00,,,,,,,,,,,,,,,,,,,,22.9,21.7,7.8,5.0,18.1,17.9,20.5,20.4,20.1,29.6,32.0,35.8
2025-10-24 02:00:00,,,,,,,,,,,,,,,,,,,,22.9,21.7,7.8,5.0,18.1,17.9,20.5,20.4,20.1,29.6,32.0,35.8
2025-10-24 03:00:00,,,,,,,,,,,,,,,,,,,,23.0,21.6,7.8,5.0,18.1,17.9,20.5,20.4,20.1,29.6,32.0,35.8
2025-10-24 04:00:00,,,,,,,,,,,,,,,,,,,,23.0,21.7,7.8,4.9,18.1,17.9,20.5,20.4,20.1,29.6,32.0,35.8
2025-10-24 05:00:00,,,,,,,,,,,,,,,,,,,,23.0,21.6,7.8,4.9,18.1,17.9,20.5,20.4,20.1,29.6,32.0,35.8
2025-10-24 06:00:00,,,,,,,,,,,,,,,,,,,,23.0,21.6,7.8,5.0,18.1,17.9,20.5,20.4,20.1,29.6,32.1,35.8
2025-10-24 07:00:00,,,,,,,,,,,,,,,,,,,,23.0,21.6,7.8,5.0,18.1,17.9,20.5,20.4,20.1,29.6,32.1,35.9
2025-10-24 08:00:00,,,,,,,,,,,,,,,,,,,,23.0,21.6,7.8,4.9,18.1,17.9,20.5,20.4,20.1,29.6,32.1,35.8
2025-10-24 09:00:00,,,,,,,,,,,,,,,,,,,,22.9,21.6,7.8,4.9,18.1,17.9,20.5,20.5,20.1,29.6,32.0,35.8
2025-10-24 10:00:00,,,,,,,,,,,,,,,,,,,,22.9,21.6,7.8,4.9,18.1,17.9,20.5,20.5,20.1,29.6,32.0,35.8
2025-10-24 11:00:00,,,,,,,,,,,,,,,,,,,,22.9,21.6,7.8,4.9,18.1,17.9,20.5,20.5,20.1,29.6,32.0,35.8
2025-10-24 12:00:00,,,,,,,,,,,,,,,,,,,,22.9,21.6,7.8,4.9,18.1,17.9,20.5,20.4,20.1,29.6,32.0,35.8
2025-10-24 13:00:00,,,,,,,,,,,,,,,,,,,,22.9,21.6,7.8,4.9,18.1,17.9,20.5,20.5,20.1,29.6,32.1,35.8
2025-10-24 14:00:00,,,,,,,,,,,,,,,,,,,,22.8,21.6,7.8,4.9,18.0,17.9,20.5,20.5,20.1,29.6,32.0,35.8
2025-10-24 15:00:00,,,,,,,,,,,,,,,,,,,,22.8,21.6,7.8,4.9,18.0,17.9,20.5,20.5,20.1,29.6,32.0,35.8
2025-10-24 16:00:00,,,,,,,,,,,,,,,,,,,,22.8,21.6,7.8,4.9,18.1,17.9,20.5,20.5,20.1,29.6,32.0,35.9
2025-10-24 17:00:00,,,,,,,,,,,,,,,,,,,,22.8,21.6,7.8,4.9,18.1,17.8,20.5,20.5,20.1,29.6,32.1,35.9
2025-10-24 18:00:00,,,,,,,,,,,,,,,,,,,,22.7,21.6,7.8,4.9,18.1,17.8,20.5,20.5,20.1,29.6,32.1,35.9
2025-10-24 19:00:00,,,,,,,,,,,,,,,,,,,,22.8,21.6,7.8,4.9,18.1,17.8,20.5,20.5,20.1,29.6,32.1,35.9
2025-10-24 20:00:00,,,,,,,,,,,,,,,,,,,,22.7,21.5,7.8,4.9,18.1,17.8,20.5,20.5,20.1,29.6,32.1,35.9
2025-10-24 21:00:00,,,,,,,,,,,,,,,,,,,,22.7,21.5,7.8,5.0,18.0,17.8,20.5,20.5,20.1,29.7,32.1,35.9
2025-10-24 22:00:00,,,,,,,,,,,,,,,,,,,,22.7,21.5,7.8,4.9,18.0,17.9,20.5,20.5,20.1,29.6,32.1,35.9
2025-10-24 23:00:00,,,,,,,,,,,,,,,,,,,,22.6,21.5,7.8,4.9,18.0,17.9,20.5,20.5,20.1,29.7,32.1,35.9
2025-10-25 01:00:00,,,,,,,,,,,,,,,,,,,,22.7,21.5,7.8,4.9,18.0,17.8,20.5,20.5,20.1,29.7,32.1,35.9
2025-10-25 02:00:00,,,,,,,,,,,,,,,,,,,,22.7,21.5,7.8,4.9,18.1,17.8,20.5,20.5,20.1,29.7,32.1,35.9
2025-10-25 03:00:00,,,,,,,,,,,,,,,,,,,,22.7,21.5,7.8,4.9,18.1,17.8,20.5,20.5,20.1,29.7,32.1,35.9
2025-10-25 04:00:00,,,,,,,,,,,,,,,,,,,,22.6,21.5,7.8,4.9,18.1,17.8,20.5,20.5,20.1,29.7,32.1,35.9
2025-10-25 05:00:00,,,,,,,,,,,,,,,,,,,,22.6,21.5,7.8,4.9,18.0,17.8,20.5,20.5,20.1,29.7,32.1,35.9
2025-10-25 06:00:00,,,,,,,,,,,,,,,,,,,,22.6,21.5,7.8,4.9,18.0,17.8,20.5,20.5,20.1,29.7,32.1,35.9
2025-10-25 07:00:00,,,,,,,,,,,,,,,,,,,,22.6,21.5,7.8,4.9,18.0,17.8,20.5,20.5,20.1,29.7,32.1,35.9
2025-10-25 08:00:00,,,,,,,,,,,,,,,,,,,,22.6,21.5,7.8,4.9,18.0,17.8,20.5,20.5,20.1,29.7,32.1,35.9
2025-10-25 09:00:00,,,,,,,,,,,,,,,,,,,,22.5,21.4,7.8,5.0,18.0,17.9,20.5,20.5,20.1,29.7,32.1,35.9
2025-10-25 10:00:00,,,,,,,,,,,,,,,,,,,,22.4,21.4,7.8,5.0,18.0,17.9,20.5,20.5,20.1,29.6,32.0,35.9
2025-10-25 11:00:00,,,,,,,,,,,,,,,,,,,,22.3,21.4,7.8,4.9,18.0,17.9,20.5,20.5,20.0,29.6,32.0,35.8
2025-10-25 12:00:00,,,,,,,,,,,,,,,,,,,,22.3,21.3,7.8,5.0,18.0,17.9,20.5,20.5,20.0,29.5,32.0,35.8
2025-10-25 13:00:00,,,,,,,,,,,,,,,,,,,,22.1,21.2,7.8,4.9,18.0,17.9,20.4,20.4,20.0,29.5,31.9,35.7
2025-10-25 14:00:00,,,,,,,,,,,,,,,,,,,,22.0,21.2,7.8,4.9,18.0,17.8,20.4,20.4,20.0,29.5,31.9,35.7
2025-10-25 15:00:00,,,,,,,,,,,,,,,,,,,,22.0,21.2,7.8,4.9,18.0,17.8,20.4,20.4,20.0,29.5,31.9,35.7
2025-10-25 16:00:00,,,,,,,,,,,,,,,,,,,,21.9,21.2,7.8,4.9,18.1,17.8,20.4,20.4,20.0,29.4,31.9,35.7
2025-10-25 17:00:00,,,,,,,,,,,,,,,,,,,,21.9,21.1,7.8,5.0,18.2,17.8,20.4,20.4,20.0,29.5,31.9,35.7
2025-10-25 18:00:00,,,,,,,,,,,,,,,,,,,,21.8,21.2,7.8,5.0,18.1,17.8,20.4,20.4,20.0,29.5,31.9,35.7
2025-10-25 19:00:00,,,,,,,,,,,,,,,,,,,,21.8,21.1,7.8,5.0,18.2,17.8,20.4,20.4,20.0,29.5,31.9,35.8
2025-10-25 20:00:00,,,,,,,,,,,,,,,,,,,,21.7,21.1,7.8,4.9,18.2,17.8,20.4,20.4,20.0,29.5,31.9,35.8
2025-10-25 21:00:00,,,,,,,,,,,,,,,,,,,,21.7,21.1,7.8,5.0,18.1,17.8,20.4,20.4,20.0,29.5,31.9,35.8
2025-10-25 22:00:00,,,,,,,,,,,,,,,,,,,,21.7,21.1,7.8,4.9,18.1,17.8,20.4,20.4,20.0,29.5,31.9,35.8
2025-10-25 23:00:00,,,,,,,,,,,,,,,,,,,,21.7,21.1,7.8,4.9,18.0,17.8,20.4,20.4,20.0,29.5,31.9,35.8
2025-10-26 01:00:00,,,,,,,,,,,,,,,,,,,,21.6,21.1,7.8,5.0,18.1,17.8,20.4,20.4,20.0,29.6,32.0,35.8
2025-10-26 02:00:00,,,,,,,,,,,,,,,,,,,,21.6,21.1,7.8,5.0,18.0,17.8,20.5,20.4,20.0,29.6,32.0,35.8
2025-10-26 03:00:00,,,,,,,,,,,,,,,,,,,,21.5,21.1,7.8,4.9,18.0,17.8,20.5,20.4,20.0,29.6,32.0,35.8
2025-10-26 04:00:00,,,,,,,,,,,,,,,,,,,,21.6,21.1,7.8,5.0,18.0,17.8,20.4,20.4,20.0,29.6,32.0,35.8
2025-10-26 05:00:00,,,,,,,,,,,,,,,,,,,,21.6,21.1,7.8,5.0,18.0,17.8,20.5,20.4,20.0,29.6,32.0,35.8
2025-10-26 06:00:00,,,,,,,,,,,,,,,,,,,,21.5,21.1,7.8,5.0,18.0,17.9,20.5,20.4,20.0,29.6,32.0,35.8
2025-10-26 07:00:00,,,,,,,,,,,,,,,,,,,,21.5,21.1,7.8,5.0,18.1,17.9,20.5,20.5,20.0,29.6,32.0,35.8
2025-10-26 08:00:00,,,,,,,,,,,,,,,,,,,,21.5,21.1,7.8,5.0,18.1,17.9,20.5,20.5,20.0,29.6,32.0,35.8
2025-10-26 09:00:00,,,,,,,,,,,,,,,,,,,,21.5,21.0,7.8,5.0,18.1,17.9,20.5,20.5,20.0,29.6,32.0,35.8
2025-10-26 10:00:00,,,,,,,,,,,,,,,,,,,,21.4,21.0,7.8,4.9,18.1,17.9,20.5,20.4,20.0,29.5,32.0,35.7
2025-10-26 11:00:00,,,,,,,,,,,,,,,,,,,,21.4,21.0,7.8,4.9,18.1,17.9,20.5,20.4,20.0,29.5,31.9,35.7
2025-10-26 12:00:00,,,,,,,,,,,,,,,,,,,,21.3,20.9,7.8,4.9,18.1,17.8,20.4,20.4,20.0,29.5,31.9,35.7
2025-10-26 13:00:00,,,,,,,,,,,,,,,,,,,,21.2,20.9,7.8,5.0,18.1,17.8,20.4,20.4,20.0,29.4,31.9,35.6
2025-10-26 14:00:00,,,,,,,,,,,,,,,,,,,,21.1,20.8,7.8,4.9,18.1,17.8,20.4,20.4,19.9,29.4,31.8,35.6
2025-10-26 15:00:00,,,,,,,,,,,,,,,,,,,,21.1,20.8,7.8,5.0,18.1,17.8,20.4,20.4,19.9,29.4,31.8,35.6
2025-10-26 16:00:00,,,,,,,,,,,,,,,,,,,,21.0,20.8,7.8,4.9,18.1,17.8,20.4,20.4,19.9,29.4,31.8,35.6
2025-10-26 17:00:00,,,,,,,,,,,,,,,,,,,,21.0,20.8,7.8,4.9,18.0,17.8,20.4,20.4,19.9,29.4,31.8,35.6
2025-10-26 18:00:00,,,,,,,,,,,,,,,,,,,,20.9,20.8,7.8,4.9,18.0,17.8,20.4,20.4,19.9,29.4,31.9,35.6
2025-10-26 19:00:00,,,,,,,,,,,,,,,,,,,,20.9,20.8,7.8,5.0,18.0,17.8,20.4,20.4,20.0,29.4,31.9,35.6
2025-10-26 20:00:00,,,,,,,,,,,,,,,,,,,,20.9,20.8,7.8,5.0,18.1,17.8,20.4,20.4,20.0,29.4,31.9,35.6
2025-10-26 21:00:00,,,,,,,,,,,,,,,,,,,,20.9,20.7,7.8,5.0,18.1,17.8,20.4,20.5,20.0,29.4,31.9,35.6
2025-10-26 22:00:00,,,,,,,,,,,,,,,,,,,,20.8,20.7,7.8,5.0,18.1,17.8,20.4,20.5,20.0,29.4,31.9,35.6
2025-10-26 23:00:00,,,,,,,,,,,,,,,,,,,,20.8,20.7,7.8,5.0,18.1,17.8,20.4,20.5,20.0,29.5,31.9,35.7
2025-10-27 01:00:00,,,,,,,,,,,,,,,,,,,,20.7,20.7,7.8,5.0,18.1,17.9,20.4,20.5,20.0,29.5,31.9,35.7
2025-10-27 02:00:00,,,,,,,,,,,,,,,,,,,,20.7,20.7,7.8,5.0,18.1,17.8,20.4,20.5,20.0,29.5,31.9,35.7
2025-10-27 03:00:00,,,,,,,,,,,,,,,,,,,,20.7,20.7,7.8,5.0,18.1,17.8,20.4,20.5,20.0,29.5,31.9,35.7
2025-10-27 04:00:00,,,,,,,,,,,,,,,,,,,,20.8,20.7,7.8,5.0,18.1,17.9,20.4,20.5,20.0,29.5,31.9,35.7
2025-10-27 05:00:00,,,,,,,,,,,,,,,,,,,,20.7,20.7,7.8,5.0,18.1,17.8,20.4,20.5,20.0,29.5,31.9,35.7
2025-10-27 06:00:00,,,,,,,,,,,,,,,,,,,,20.7,20.6,7.8,5.0,18.1,17.9,20.4,20.5,20.0,29.5,31.9,35.7
2025-10-27 07:00:00,,,,,,,,,,,,,,,,,,,,20.6,20.6,7.8,5.0,18.1,17.9,20.4,20.5,20.0,29.5,31.9,35.7
2025-10-27 08:00:00,,,,,,,,,,,,,,,,,,,,20.6,20.6,7.8,5.0,18.1,17.9,20.4,20.5,20.0,29.5,31.9,35.7
2025-10-27 09:00:00,,,,,,,,,,,,,,,,,,,,20.6,20.6,7.8,5.0,18.1,17.9,20.4,20.5,20.0,29.5,31.9,35.7
2025-10-27 10:00:00,,,,,,,,,,,,,,,,,,,,20.6,20.6,7.8,5.0,18.1,17.9,20.4,20.5,20.0,29.5,31.9,35.7
2025-10-27 11:00:00,,,,,,,,,,,,,,,,,,,,20.5,20.6,7.8,4.9,18.1,17.8,20.4,20.5,20.0,29.4,31.9,35.6
2025-10-27 12:00:00,,,,,,,,,,,,,,,,,,,,20.5,20.5,7.8,4.9,18.1,17.8,20.4,20.5,19.9,29.4,31.8,35.6
2025-10-27 13:00:00,,,,,,,,,,,,,,,,,,,,20.4,20.5,7.8,4.9,18.1,17.9,20.4,20.5,19.9,29.4,31.8,35.6
2025-10-27 14:00:00,,,,,,,,,,,,,,,,,,,,20.4,20.5,7.8,4.9,18.1,17.8,20.4,20.5,19.9,29.4,31.8,35.6
2025-10-27 15:00:00,,,,,,,,,,,,,,,,,,,,20.4,20.5,7.8,5.0,18.1,17.8,20.4,20.5,19.9,29.4,31.8,35.6
2025-10-27 16:00:00,,,,,,,,,,,,,,,,,,,,20.3,20.5,7.8,5.0,18.2,17.8,20.4,20.5,19.9,29.4,31.8,35.6
2025-10-27 17:00:00,,,,,,,,,,,,,,,,,,,,20.3,20.5,7.8,5.0,18.2,17.8,20.4,20.4,19.9,29.4,31.8,35.6
2025-10-27 18:00:00,,,,,,,,,,,,,,,,,,,,20.3,20.5,7.8,5.0,18.2,17.8,20.4,20.4,19.9,29.4,31.8,35.6
2025-10-27 19:00:00,,,,,,,,,,,,,,,,,,,,20.3,20.5,7.8,5.0,18.2,17.9,20.4,20.4,19.9,29.4,31.8,35.6
2025-10-27 20:00:00,,,,,,,,,,,,,,,,,,,,20.3,20.4,7.8,5.0,18.2,17.9,20.4,20.5,19.9,29.4,31.8,35.6
2025-10-27 21:00:00,,,,,,,,,,,,,,,,,,,,20.2,20.5,7.8,5.0,18.2,17.9,20.4,20.5,19.9,29.4,31.9,35.6
2025-10-27 22:00:00,,,,,,,,,,,,,,,,,,,,20.2,20.4,7.8,5.0,18.2,17.9,20.4,20.5,20.0,29.4,31.9,35.6
2025-10-27 23:00:00,,,,,,,,,,,,,,,,,,,,20.2,20.4,7.8,5.0,18.2,17.9,20.4,20.5,20.0,29.4,31.9,35.6
2025-10-28 01:00:00,,,,,,,,,,,,,,,,,,,,20.2,20.4,7.8,5.0,18.2,17.9,20.4,20.5,20.0,29.5,31.9,35.6
2025-10-28 02:00:00,,,,,,,,,,,,,,,,,,,,20.2,20.4,7.8,5.0,18.2,17.9,20.4,20.5,20.0,29.5,31.9,35.6
2025-10-28 03:00:00,,,,,,,,,,,,,,,,,,,,20.2,20.4,7.8,4.9,18.2,17.9,20.4,20.5,20.0,29.5,31.9,35.7
2025-10-28 04:00:00,,,,,,,,,,,,,,,,,,,,20.2,20.4,7.8,5.0,18.2,17.9,20.4,20.5,20.0,29.5,31.9,35.7
2025-10-28 05:00:00,,,,,,,,,,,,,,,,,,,,20.2,20.4,7.8,4.9,18.2,17.9,20.4,20.5,20.0,29.5,31.9,35.7
2025-10-28 06:00:00,,,,,,,,,,,,,,,,,,,,20.2,20.4,7.8,4.9,18.2,17.9,20.4,20.5,20.0,29.5,31.9,35.7
2025-10-28 07:00:00,,,,,,,,,,,,,,,,,,,,20.2,20.4,7.8,5.0,18.2,17.9,20.4,20.5,20.0,29.5,31.9,35.7
2025-10-28 08:00:00,,,,,,,,,,,,,,,,,,,,20.1,20.4,7.8,5.0,18.2,17.9,20.4,20.5,20.0,29.5,31.9,35.7
2025-10-28 09:00:00,,,,,,,,,,,,,,,,,,,,20.1,20.3,7.8,5.0,18.2,17.9,20.4,20.5,20.0,29.5,31.9,35.6
2025-10-28 10:00:00,,,,,,,,,,,,,,,,,,,,20.1,20.3,7.9,5.0,18.2,17.9,20.4,20.5,20.0,29.5,31.9,35.6
2025-10-28 11:00:00,,,,,,,,,,,,,,,,,,,,20.0,20.3,7.8,5.0,18.2,17.9,20.4,20.5,20.0,29.4,31.8,35.6
2025-10-28 12:00:00,,,,,,,,,,,,,,,,,,,,20.0,20.3,7.8,5.0,18.2,17.8,20.4,20.4,20.0,29.4,31.8,35.5
2025-10-28 13:00:00,,,,,,,,,,,,,,,,,,,,20.0,20.2,7.8,5.0,18.2,17.8,20.4,20.4,19.9,29.3,31.8,35.5
2025-10-28 14:00:00,,,,,,,,,,,,,,,,,,,,19.9,20.2,7.8,4.9,18.2,17.8,20.4,20.4,19.9,29.3,31.7,35.5
2025-10-28 15:00:00,,,,,,,,,,,,,,,,,,,,19.9,20.2,7.8,5.0,18.2,17.8,20.4,20.4,19.9,29.3,31.7,35.4
2025-10-28 16:00:00,,,,,,,,,,,,,,,,,,,,19.9,20.2,7.8,4.9,18.2,17.8,20.4,20.4,19.9,29.3,31.7,35.4
2025-10-28 17:00:00,,,,,,,,,,,,,,,,,,,,19.8,20.2,7.8,4.9,18.1,17.8,20.4,20.4,19.9,29.3,31.7,35.5
2025-10-28 18:00:00,,,,,,,,,,,,,,,,,,,,19.8,20.2,7.8,4.9,18.1,17.8,20.4,20.4,19.9,29.3,31.8,35.5
2025-10-28 19:00:00,,,,,,,,,,,,,,,,,,,,19.8,20.2,7.8,5.0,18.1,17.8,20.4,20.4,19.9,29.4,31.8,35.5
2025-10-28 20:00:00,,,,,,,,,,,,,,,,,,,,19.8,20.2,7.8,4.9,18.1,17.9,20.4,20.4,19.9,29.4,31.8,35.5
2025-10-28 21:00:00,,,,,,,,,,,,,,,,,,,,19.7,20.1,7.8,5.0,18.1,17.9,20.4,20.4,19.9,29.4,31.8,35.5
2025-10-28 22:00:00,,,,,,,,,,,,,,,,,,,,19.8,20.1,7.8,5.0,18.1,17.9,20.4,20.4,19.9,29.4,31.8,35.5
2025-10-28 23:00:00,,,,,,,,,,,,,,,,,,,,19.8,20.1,7.8,5.0,18.1,17.9,20.4,20.4,19.9,29.4,31.8,35.5
2025-10-29 02:00:00,,,,,,,,,,,,,,,,,,,,19.8,20.1,7.8,5.0,18.2,17.9,20.4,20.4,19.9,29.4,31.8,35.5
2025-10-29 03:00:00,,,,,,,,,,,,,,,,,,,,19.7,20.1,7.8,4.9,18.1,17.9,20.5,20.4,19.9,29.4,31.8,35.5
2025-10-29 04:00:00,,,,,,,,,,,,,,,,,,,,19.8,20.1,7.9,4.9,18.2,17.9,20.4,20.4,20.0,29.4,31.8,35.5
2025-10-29 05:00:00,,,,,,,,,,,,,,,,,,,,19.8,20.1,7.8,4.9,18.2,17.8,20.5,20.4,20.0,29.4,31.8,35.5
2025-10-29 06:00:00,,,,,,,,,,,,,,,,,,,,19.7,20.1,7.8,4.9,18.1,17.9,20.5,20.4,20.0,29.4,31.8,35.5
2025-10-29 07:00:00,,,,,,,,,,,,,,,,,,,,19.7,20.1,7.8,4.9,18.1,17.9,20.5,20.4,20.0,29.4,31.8,35.6
2025-10-29 08:00:00,,,,,,,,,,,,,,,,,,,,19.7,20.1,7.8,4.9,18.1,17.9,20.5,20.4,20.0,29.4,31.8,35.5
2025-10-29 09:00:00,,,,,,,,,,,,,,,,,,,,19.7,20.1,7.8,4.9,18.1,17.9,20.5,20.4,20.0,29.4,31.8,35.6
2025-10-29 10:00:00,,,,,,,,,,,,,,,,,,,,19.7,20.1,7.8,5.0,18.1,17.9,20.5,20.4,20.0,29.4,31.8,35.5
2025-10-29 11:00:00,,,,,,,,,,,,,,,,,,,,19.8,20.0,7.8,5.0,18.1,17.8,20.5,20.4,19.9,29.4,31.8,35.5
2025-10-29 12:00:00,,,,,,,,,,,,,,,,,,,,19.7,20.0,7.8,5.0,18.1,17.8,20.4,20.4,19.9,29.4,31.8,35.5
2025-10-29 13:00:00,,,,,,,,,,,,,,,,,,,,19.7,20.0,7.8,5.0,18.1,17.8,20.4,20.4,19.9,29.3,31.7,35.5
2025-10-29 14:00:00,,,,,,,,,,,,,,,,,,,,19.7,20.0,7.8,4.9,18.1,17.8,20.4,20.4,19.9,29.3,31.7,35.5
2025-10-29 15:00:00,,,,,,,,,,,,,,,,,,,,19.6,20.0,7.8,4.9,18.1,17.8,20.4,20.4,19.9,29.3,31.7,35.5
2025-10-29 16:00:00,,,,,,,,,,,,,,,,,,,,19.6,20.0,7.8,5.0,18.1,17.8,20.4,20.4,19.9,29.3,31.7,35.4
2025-10-29 17:00:00,,,,,,,,,,,,,,,,,,,,19.6,20.0,7.8,4.9,18.1,17.8,20.4,20.4,19.9,29.3,31.7,35.5
2025-10-29 18:00:00,,,,,,,,,,,,,,,,,,,,19.6,20.0,7.8,5.0,18.1,17.8,20.4,20.4,19.9,29.3,31.7,35.5
2025-10-29 19:00:00,,,,,,,,,,,,,,,,,,,,19.6,20.0,7.8,4.9,18.1,17.8,20.4,20.4,19.9,29.3,31.7,35.5
2025-10-29 20:00:00,,,,,,,,,,,,,,,,,,,,19.5,20.0,7.8,4.9,18.1,17.8,20.4,20.4,19.9,29.3,31.7,35.5
2025-10-29 21:00:00,,,,,,,,,,,,,,,,,,,,19.5,20.0,7.8,4.9,18.1,17.8,20.4,20.4,19.9,29.3,31.8,35.5
2025-10-29 22:00:00,,,,,,,,,,,,,,,,,,,,19.6,20.0,7.8,4.9,18.1,17.8,20.4,20.4,19.9,29.4,31.8,35.5
2025-10-29 23:00:00,,,,,,,,,,,,,,,,,,,,19.6,20.0,7.8,4.9,18.1,17.8,20.4,20.4,19.9,29.4,31.8,35.5
2025-10-30 01:00:00,,,,,,,,,,,,,,,,,,,,19.6,19.9,7.8,4.9,18.1,17.8,20.4,20.4,19.9,29.4,31.8,35.5
2025-10-30 02:00:00,,,,,,,,,,,,,,,,,,,,19.6,19.9,7.8,4.9,18.1,17.8,20.4,20.4,19.9,29.4,31.8,35.5
2025-10-30 03:00:00,,,,,,,,,,,,,,,,,,,,19.6,19.9,7.8,4.9,18.1,17.9,20.4,20.4,19.9,29.4,31.8,35.5
2025-10-30 04:00:00,,,,,,,,,,,,,,,,,,,,19.5,19.9,7.8,4.9,18.1,17.9,20.4,20.4,19.9,29.4,31.8,35.5
2025-10-30 05:00:00,,,,,,,,,,,,,,,,,,,,19.5,19.9,7.8,4.9,18.1,17.9,20.4,20.4,19.9,29.4,31.8,35.5
2025-10-30 06:00:00,,,,,,,,,,,,,,,,,,,,19.6,20.0,7.8,4.9,18.1,17.9,20.4,20.4,20.0,29.4,31.8,35.5
2025-10-30 07:00:00,,,,,,,,,,,,,,,,,,,,19.5,20.0,7.8,4.9,18.1,17.9,20.4,20.4,20.0,29.4,31.8,35.5
2025-10-30 08:00:00,,,,,,,,,,,,,,,,,,,,19.5,19.9,7.8,4.9,18.1,17.9,20.4,20.4,19.9,29.4,31.8,35.5
2025-10-30 09:00:00,,,,,,,,,,,,,,,,,,,,19.6,19.9,7.8,4.9,18.1,17.9,20.4,20.4,19.9,29.4,31.8,35.5
2025-10-30 10:00:00,,,,,,,,,,,,,,,,,,,,19.5,19.9,7.8,4.9,18.1,17.9,20.4,20.4,19.9,29.3,31.7,35.4
2025-10-30 11:00:00,,,,,,,,,,,,,,,,,,,,19.5,19.9,7.8,4.9,18.1,17.8,20.4,20.4,19.9,29.3,31.7,35.4
2025-10-30 12:00:00,,,,,,,,,,,,,,,,,,,,19.5,19.8,7.8,4.9,18.1,17.8,20.4,20.3,19.9,29.2,31.6,35.3
2025-10-30 13:00:00,,,,,,,,,,,,,,,,,,,,19.4,19.7,7.8,4.9,18.1,17.8,20.3,20.3,19.8,29.1,31.5,35.3
2025-10-30 14:00:00,,,,,,,,,,,,,,,,,,,,19.4,19.8,7.8,4.9,18.1,17.8,20.3,20.3,19.8,29.1,31.5,35.2
2025-10-30 15:00:00,,,,,,,,,,,,,,,,,,,,19.4,19.7,7.8,4.9,18.1,17.8,20.3,20.3,19.8,29.1,31.6,35.2
2025-10-30 16:00:00,,,,,,,,,,,,,,,,,,,,19.3,19.7,7.8,4.9,18.1,17.8,20.3,20.3,19.8,29.1,31.6,35.2
2025-10-30 17:00:00,,,,,,,,,,,,,,,,,,,,19.4,19.7,7.8,4.9,18.1,17.8,20.4,20.3,19.8,29.2,31.6,35.2
2025-10-30 18:00:00,,,,,,,,,,,,,,,,,,,,19.3,19.7,7.8,4.9,18.1,17.8,20.4,20.3,19.8,29.2,31.6,35.3
2025-10-30 19:00:00,,,,,,,,,,,,,,,,,,,,19.3,19.7,7.8,4.9,18.1,17.8,20.4,20.3,19.8,29.2,31.6,35.3
2025-10-30 20:00:00,,,,,,,,,,,,,,,,,,,,19.3,19.7,7.8,4.9,18.1,17.8,20.4,20.3,19.8,29.2,31.6,35.3
2025-10-30 21:00:00,,,,,,,,,,,,,,,,,,,,19.3,19.7,7.8,4.9,18.1,17.8,20.4,20.3,19.8,29.2,31.6,35.3
2025-10-30 22:00:00,,,,,,,,,,,,,,,,,,,,19.3,19.7,7.8,4.9,18.1,17.8,20.4,20.3,19.8,29.2,31.7,35.3
2025-10-30 23:00:00,,,,,,,,,,,,,,,,,,,,19.3,19.7,7.8,4.9,18.1,17.8,20.4,20.3,19.9,29.3,31.7,35.3
2025-10-31 01:00:00,,,,,,,,,,,,,,,,,,,,19.3,19.7,7.8,5.0,18.1,17.8,20.4,20.3,19.9,29.3,31.7,35.3
2025-10-31 02:00:00,,,,,,,,,,,,,,,,,,,,19.3,19.7,7.8,5.0,18.1,17.8,20.4,20.3,19.9,29.3,31.7,35.3
2025-10-31 03:00:00,,,,,,,,,,,,,,,,,,,,19.2,19.7,7.8,5.0,18.1,17.8,20.4,20.3,19.9,29.3,31.7,35.3
2025-10-31 04:00:00,,,,,,,,,,,,,,,,,,,,19.2,19.7,7.8,5.0,18.1,17.8,20.4,20.3,19.9,29.3,31.7,35.3
2025-10-31 05:00:00,,,,,,,,,,,,,,,,,,,,19.2,19.7,7.8,4.9,18.1,17.8,20.4,20.3,19.9,29.3,31.7,35.3
2025-10-31 06:00:00,,,,,,,,,,,,,,,,,,,,19.2,19.7,7.8,4.9,18.1,17.8,20.4,20.4,19.9,29.3,31.7,35.3
2025-10-31 07:00:00,,,,,,,,,,,,,,,,,,,,19.2,19.7,7.8,5.0,18.1,17.8,20.4,20.4,19.9,29.3,31.7,35.3
2025-10-31 08:00:00,,,,,,,,,,,,,,,,,,,,19.2,19.7,7.8,5.0,18.1,17.8,20.4,20.4,19.9,29.3,31.7,35.3
2025-10-31 09:00:00,,,,,,,,,,,,,,,,,,,,19.2,19.6,7.8,5.0,18.1,17.8,20.4,20.3,19.9,29.2,31.6,35.3
2025-10-31 10:00:00,,,,,,,,,,,,,,,,,,,,19.2,19.6,7.8,5.0,18.1,17.8,20.3,20.3,19.8,29.1,31.5,35.2
2025-10-31 11:00:00,,,,,,,,,,,,,,,,,,,,19.2,19.5,7.8,5.0,18.1,17.8,20.3,20.3,19.8,29.0,31.5,35.1
2025-10-31 12:00:00,,,,,,,,,,,,,,,,,,,,19.1,19.6,7.8,5.0,18.1,17.8,20.3,20.3,19.8,29.0,31.4,35.0
2025-10-31 13:00:00,,,,,,,,,,,,,,,,,,,,19.1,19.5,7.8,5.0,18.1,17.8,20.3,20.3,19.7,29.0,31.4,35.0
2025-10-31 14:00:00,,,,,,,,,,,,,,,,,,,,19.1,19.5,7.8,5.0,18.1,17.8,20.3,20.3,19.7,29.0,31.4,35.0
2025-10-31 15:00:00,,,,,,,,,,,,,,,,,,,,19.1,19.5,7.8,5.0,18.1,17.8,20.3,20.3,19.7,29.0,31.4,35.0
2025-10-31 16:00:00,,,,,,,,,,,,,,,,,,,,19.1,19.5,7.8,4.9,18.1,17.8,20.3,20.3,19.8,29.0,31.4,35.0
2025-10-31 17:00:00,,,,,,,,,,,,,,,,,,,,19.1,19.5,7.7,5.0,18.1,17.8,20.3,20.3,19.8,29.0,31.5,35.1
2025-10-31 18:00:00,,,,,,,,,,,,,,,,,,,,19.1,19.5,7.8,5.0,18.1,17.8,20.3,20.3,19.8,29.0,31.5,35.1
2025-10-31 19:00:00,,,,,,,,,,,,,,,,,,,,19.1,19.5,7.8,5.0,18.1,17.8,20.3,20.3,19.8,29.1,31.5,35.1
2025-10-31 20:00:00,,,,,,,,,,,,,,,,,,,,19.0,19.5,7.8,5.0,18.1,17.8,20.3,20.3,19.8,29.1,31.5,35.1
2025-10-31 21:00:00,,,,,,,,,,,,,,,,,,,,19.0,19.5,7.8,5.0,18.1,17.8,20.3,20.3,19.8,29.2,31.5,35.1
2025-10-31 22:00:00,,,,,,,,,,,,,,,,,,,,19.0,19.5,7.8,5.0,18.1,17.8,20.3,20.3,19.8,29.2,31.5,35.2
2025-10-31 23:00:00,,,,,,,,,,,,,,,,,,,,19.0,19.5,7.8,5.0,18.1,17.8,20.3,20.3,19.8,29.2,31.5,35.2
2025-11-01 01:00:00,,,,,,,,,,,,,,,,,,,,19.0,19.4,7.8,5.0,18.1,17.8,20.4,20.3,19.8,29.2,31.5,35.2
2025-11-01 02:00:00,,,,,,,,,,,,,,,,,,,,19.0,19.4,7.8,5.0,18.1,17.8,20.4,20.3,19.8,29.2,31.5,35.2
2025-11-01 03:00:00,,,,,,,,,,,,,,,,,,,,19.0,19.4,7.8,5.0,18.1,17.8,20.4,20.3,19.8,29.2,31.5,35.2
2025-11-01 04:00:00,,,,,,,,,,,,,,,,,,,,19.0,19.5,7.8,5.0,18.1,17.8,20.4,20.3,19.8,29.2,31.6,35.2
2025-11-01 05:00:00,,,,,,,,,,,,,,,,,,,,19.0,19.5,7.8,5.0,18.1,17.8,20.4,20.3,19.8,29.2,31.6,35.2
2025-11-01 06:00:00,,,,,,,,,,,,,,,,,,,,19.0,19.5,7.8,5.0,18.1,17.8,20.4,20.3,19.9,29.2,31.6,35.2
2025-11-01 07:00:00,,,,,,,,,,,,,,,,,,,,19.0,19.5,7.7,5.0,18.1,17.8,20.4,20.3,19.9,29.2,31.6,35.2
2025-11-01 08:00:00,,,,,,,,,,,,,,,,,,,,19.0,19.4,7.8,5.0,18.1,17.8,20.4,20.3,19.9,29.2,31.6,35.2
2025-11-01 09:00:00,,,,,,,,,,,,,,,,,,,,19.0,19.4,7.8,5.0,18.1,17.8,20.4,20.3,19.9,29.2,31.6,35.2
2025-11-01 10:00:00,,,,,,,,,,,,,,,,,,,,19.0,19.4,7.8,5.0,18.1,17.8,20.4,20.3,19.9,29.2,31.6,35.2
2025-11-01 11:00:00,,,,,,,,,,,,,,,,,,,,19.0,19.5,7.8,5.0,18.1,17.8,20.4,20.3,19.9,29.2,31.6,35.1
2025-11-01 12:00:00,,,,,,,,,,,,,,,,,,,,19.0,19.5,7.8,5.0,18.1,17.8,20.4,20.3,19.8,29.2,31.6,35.1
2025-11-01 13:00:00,,,,,,,,,,,,,,,,,,,,19.0,19.5,7.8,5.0,18.1,17.8,20.4,20.3,19.8,29.2,31.6,35.1
2025-11-01 14:00:00,,,,,,,,,,,,,,,,,,,,19.0,19.5,7.8,5.0,18.1,17.8,20.4,20.3,19.8,29.2,31.6,35.1
2025-11-01 15:00:00,,,,,,,,,,,,,,,,,,,,19.0,19.5,7.8,5.0,18.1,17.8,20.4,20.3,19.8,29.2,31.6,35.1
2025-11-01 16:00:00,,,,,,,,,,,,,,,,,,,,19.0,19.5,7.8,5.0,18.1,17.8,20.4,20.3,19.8,29.2,31.6,35.1
2025-11-01 17:00:00,,,,,,,,,,,,,,,,,,,,19.0,19.5,7.8,5.0,18.1,17.8,20.4,20.3,19.8,29.2,31.6,35.1
2025-11-01 18:00:00,,,,,,,,,,,,,,,,,,,,19.0,19.4,7.8,4.9,18.1,17.8,20.4,20.3,19.8,29.2,31.6,35.2
2025-11-01 19:00:00,,,,,,,,,,,,,,,,,,,,19.1,19.4,7.8,5.0,18.1,17.8,20.4,20.3,19.9,29.2,31.6,35.2
2025-11-01 20:00:00,,,,,,,,,,,,,,,,,,,,19.1,19.4,7.8,4.9,18.1,17.8,20.4,20.3,19.9,29.2,31.6,35.2
2025-11-01 21:00:00,,,,,,,,,,,,,,,,,,,,19.0,19.4,7.7,4.9,18.1,17.8,20.4,20.3,19.9,29.2,31.6,35.2
2025-11-01 22:00:00,,,,,,,,,,,,,,,,,,,,19.1,19.4,7.7,4.9,18.1,17.8,20.4,20.4,19.9,29.2,31.6,35.2
2025-11-01 23:00:00,,,,,,,,,,,,,,,,,,,,19.1,19.4,7.8,4.9,18.1,17.8,20.4,20.4,19.9,29.2,31.6,35.2
2025-11-02 01:00:00,,,,,,,,,,,,,,,,,,,,19.0,19.4,7.7,4.9,18.1,17.8,20.4,20.4,19.9,29.2,31.7,35.2
2025-11-02 02:00:00,,,,,,,,,,,,,,,,,,,,19.0,19.4,7.7,4.9,18.1,17.8,20.4,20.4,19.9,29.2,31.7,35.2
2025-11-02 03:00:00,,,,,,,,,,,,,,,,,,,,19.0,19.4,7.7,4.9,18.1,17.8,20.4,20.4,19.9,29.2,31.7,35.3
2025-11-02 04:00:00,,,,,,,,,,,,,,,,,,,,19.0,19.4,7.8,4.9,18.1,17.8,20.4,20.4,19.9,29.2,31.7,35.3
2025-11-02 05:00:00,,,,,,,,,,,,,,,,,,,,19.0,19.4,7.7,4.9,18.1,17.8,20.4,20.4,19.9,29.2,31.7,35.3
2025-11-02 06:00:00,,,,,,,,,,,,,,,,,,,,19.0,19.4,7.7,4.9,18.1,17.8,20.4,20.4,19.9,29.2,31.7,35.3
2025-11-02 07:00:00,,,,,,,,,,,,,,,,,,,,19.0,19.4,7.7,4.9,18.1,17.8,20.4,20.4,19.9,29.2,31.7,35.3
2025-11-02 08:00:00,,,,,,,,,,,,,,,,,,,,19.0,19.4,7.7,4.9,18.1,17.8,20.4,20.4,19.9,29.2,31.7,35.3
2025-11-02 09:00:00,,,,,,,,,,,,,,,,,,,,19.0,19.4,7.7,4.9,18.1,17.8,20.4,20.4,19.9,29.2,31.7,35.3
2025-11-02 10:00:00,,,,,,,,,,,,,,,,,,,,19.0,19.4,7.7,4.9,18.1,17.8,20.4,20.4,19.9,29.2,31.6,35.2
2025-11-02 11:00:00,,,,,,,,,,,,,,,,,,,,19.0,19.4,7.8,4.9,18.1,17.8,20.4,20.4,19.9,29.2,31.6,35.2
2025-11-02 12:00:00,,,,,,,,,,,,,,,,,,,,19.0,19.4,7.8,4.9,18.1,17.8,20.4,20.3,19.8,29.1,31.6,35.2
2025-11-02 13:00:00,,,,,,,,,,,,,,,,,,,,19.1,19.4,7.8,4.9,18.1,17.8,20.3,20.3,19.8,29.0,31.5,35.1
2025-11-02 14:00:00,,,,,,,,,,,,,,,,,,,,19.0,19.4,7.8,4.9,18.1,17.8,20.3,20.3,19.8,29.0,31.5,35.1
2025-11-02 15:00:00,,,,,,,,,,,,,,,,,,,,19.0,19.3,7.8,4.9,18.1,17.8,20.3,20.3,19.8,29.0,31.5,35.1
2025-11-02 16:00:00,,,,,,,,,,,,,,,,,,,,19.0,19.4,7.8,4.9,18.1,17.8,20.3,20.3,19.8,29.0,31.5,35.0
2025-11-02 17:00:00,,,,,,,,,,,,,,,,,,,,19.0,19.4,7.8,4.9,18.1,17.8,20.3,20.3,19.8,29.0,31.5,35.1
2025-11-02 18:00:00,,,,,,,,,,,,,,,,,,,,19.0,19.4,7.8,4.9,18.1,17.8,20.3,20.3,19.8,29.0,31.5,35.1
2025-11-02 19:00:00,,,,,,,,,,,,,,,,,,,,19.0,19.3,7.8,4.9,18.1,17.8,20.3,20.3,19.8,29.0,31.5,35.1
2025-11-02 20:00:00,,,,,,,,,,,,,,,,,,,,18.9,19.3,7.8,4.9,18.1,17.8,20.3,20.3,19.8,29.0,31.5,35.1
2025-11-02 21:00:00,,,,,,,,,,,,,,,,,,,,18.9,19.4,7.8,4.9,18.1,17.8,20.3,20.3,19.8,29.1,31.6,35.1
2025-11-02 22:00:00,,,,,,,,,,,,,,,,,,,,18.9,19.3,7.8,4.9,18.1,17.8,20.4,20.3,19.8,29.1,31.6,35.1
2025-11-02 23:00:00,,,,,,,,,,,,,,,,,,,,18.9,19.4,7.8,4.9,18.1,17.8,20.4,20.3,19.9,29.1,31.6,35.1
2025-11-03 01:00:00,,,,,,,,,,,,,,,,,,,,18.9,19.3,7.7,4.9,18.1,17.8,20.3,20.3,19.9,29.1,31.6,35.1
2025-11-03 02:00:00,,,,,,,,,,,,,,,,,,,,18.9,19.3,7.7,4.9,18.1,17.8,20.3,20.3,19.9,29.1,31.6,35.2
2025-11-03 03:00:00,,,,,,,,,,,,,,,,,,,,18.9,19.4,7.7,4.9,18.1,17.7,20.3,20.3,19.9,29.1,31.6,35.2
2025-11-03 04:00:00,,,,,,,,,,,,,,,,,,,,18.9,19.4,7.7,4.9,18.0,17.7,20.4,20.3,19.9,29.1,31.6,35.2
2025-11-03 05:00:00,,,,,,,,,,,,,,,,,,,,19.0,19.4,7.7,4.9,18.1,17.7,20.3,20.3,19.9,29.2,31.6,35.2
2025-11-03 06:00:00,,,,,,,,,,,,,,,,,,,,18.9,19.4,7.7,4.9,18.1,17.7,20.3,20.3,19.9,29.2,31.6,35.2
2025-11-03 07:00:00,,,,,,,,,,,,,,,,,,,,18.9,19.4,7.7,4.9,18.1,17.8,20.4,20.3,19.9,29.2,31.6,35.2
2025-11-03 08:00:00,,,,,,,,,,,,,,,,,,,,18.9,19.3,7.7,4.9,18.1,17.8,20.3,20.3,19.9,29.1,31.6,35.2
2025-11-03 09:00:00,,,,,,,,,,,,,,,,,,,,18.9,19.3,7.7,4.9,18.1,17.8,20.3,20.3,19.9,29.1,31.5,35.1
2025-11-03 10:00:00,,,,,,,,,,,,,,,,,,,,18.9,19.3,7.7,4.9,18.1,17.7,20.3,20.3,19.8,29.0,31.4,35.1
2025-11-03 11:00:00,,,,,,,,,,,,,,,,,,,,18.9,19.3,7.7,5.0,18.1,17.7,20.2,20.2,19.7,28.9,31.4,35.0
2025-11-03 12:00:00,,,,,,,,,,,,,,,,,,,,18.8,19.3,7.7,4.9,18.1,17.7,20.2,20.2,19.7,28.8,31.3,34.9
2025-11-03 13:00:00,,,,,,,,,,,,,,,,,,,,18.8,19.2,7.7,4.9,18.0,17.7,20.2,20.2,19.7,28.8,31.2,34.8
2025-11-03 14:00:00,,,,,,,,,,,,,,,,,,,,18.8,19.2,7.7,4.9,18.0,17.7,20.2,20.2,19.6,28.7,31.2,34.7
2025-11-03 15:00:00,,,,,,,,,,,,,,,,,,,,18.8,19.1,7.7,4.9,18.0,17.7,20.2,20.2,19.6,28.7,31.1,34.6
2025-11-03 16:00:00,,,,,,,,,,,,,,,,,,,,18.7,19.1,7.7,4.9,18.0,17.7,20.2,20.2,19.6,28.7,31.2,34.6
2025-11-03 17:00:00,,,,,,,,,,,,,,,,,,,,18.7,19.1,7.7,4.9,18.0,17.7,20.2,20.2,19.6,28.7,31.2,34.6
2025-11-03 18:00:00,,,,,,,,,,,,,,,,,,,,18.7,19.1,7.7,4.9,18.0,17.7,20.2,20.2,19.6,28.7,31.2,34.6
2025-11-03 19:00:00,,,,,,,,,,,,,,,,,,,,18.7,19.1,7.7,4.9,18.0,17.7,20.3,20.2,19.6,28.8,31.2,34.6
2025-11-03 20:00:00,,,,,,,,,,,,,,,,,,,,18.7,19.1,7.7,4.9,18.0,17.7,20.3,20.2,19.6,28.8,31.2,34.6
2025-11-03 21:00:00,,,,,,,,,,,,,,,,,,,,18.7,19.1,7.7,4.9,18.0,17.7,20.2,20.2,19.7,28.8,31.2,34.6
2025-11-03 22:00:00,,,,,,,,,,,,,,,,,,,,18.7,19.1,7.7,4.9,18.0,17.7,20.2,20.2,19.7,28.8,31.2,34.7
2025-11-03 23:00:00,,,,,,,,,,,,,,,,,,,,18.7,19.1,7.7,4.9,18.0,17.7,20.3,20.2,19.7,28.8,31.3,34.7
2025-11-04 01:00:00,,,,,,,,,,,,,,,,,,,,18.7,19.1,7.7,4.9,18.0,17.7,20.3,20.2,19.8,28.8,31.3,34.7
2025-11-04 02:00:00,,,,,,,,,,,,,,,,,,,,18.7,19.2,7.7,4.9,18.0,17.7,20.3,20.2,19.8,28.8,31.3,34.7
2025-11-04 03:00:00,,,,,,,,,,,,,,,,,,,,18.7,19.2,7.7,4.9,18.0,17.7,20.3,20.2,19.8,28.8,31.3,34.7
2025-11-04 04:00:00,,,,,,,,,,,,,,,,,,,,18.6,19.2,7.7,4.9,18.0,17.7,20.3,20.2,19.8,28.8,31.3,34.7
2025-11-04 05:00:00,,,,,,,,,,,,,,,,,,,,18.7,19.1,7.7,4.9,18.0,17.7,20.3,20.2,19.8,28.9,31.3,34.7
2025-11-04 06:00:00,,,,,,,,,,,,,,,,,,,,18.7,19.1,7.7,4.9,18.0,17.7,20.3,20.3,19.8,28.9,31.3,34.7
2025-11-04 07:00:00,,,,,,,,,,,,,,,,,,,,18.6,19.1,7.7,4.9,18.0,17.7,20.3,20.3,19.8,28.9,31.3,34.7
2025-11-04 08:00:00,,,,,,,,,,,,,,,,,,,,18.6,19.1,7.7,4.9,18.0,17.7,20.3,20.3,19.8,28.8,31.3,34.7
2025-11-04 09:00:00,,,,,,,,,,,,,,,,,,,,18.6,19.1,7.7,4.9,18.0,17.7,20.2,20.3,19.8,28.8,31.3,34.6
2025-11-04 10:00:00,,,,,,,,,,,,,,,,,,,,18.6,19.1,7.7,4.9,18.0,17.7,20.2,20.2,19.7,28.7,31.2,34.6
2025-11-04 11:00:00,,,,,,,,,,,,,,,,,,,,18.6,19.1,7.7,4.9,18.0,17.7,20.2,20.2,19.7,28.7,31.1,34.5
2025-11-04 12:00:00,,,,,,,,,,,,,,,,,,,,18.6,19.0,7.7,4.9,18.0,17.7,20.2,20.2,19.6,28.5,31.1,34.4
2025-11-04 13:00:00,,,,,,,,,,,,,,,,,,,,18.6,19.0,7.7,4.9,18.0,17.7,20.1,20.2,19.6,28.5,31.0,34.3
2025-11-04 14:00:00,,,,,,,,,,,,,,,,,,,,18.5,18.9,7.7,4.9,18.0,17.6,20.1,20.1,19.5,28.4,30.9,34.1
2025-11-04 15:00:00,,,,,,,,,,,,,,,,,,,,18.5,18.9,7.7,4.9,18.0,17.6,20.1,20.1,19.5,28.4,30.8,34.1
2025-11-04 16:00:00,,,,,,,,,,,,,,,,,,,,18.5,18.9,7.7,4.9,18.0,17.6,20.1,20.1,19.5,28.4,30.9,34.1
2025-11-04 17:00:00,,,,,,,,,,,,,,,,,,,,18.5,18.9,7.7,4.9,18.0,17.6,20.1,20.1,19.5,28.4,30.9,34.1
2025-11-04 18:00:00,,,,,,,,,,,,,,,,,,,,18.5,18.9,7.7,4.9,18.0,17.6,20.1,20.1,19.5,28.4,30.9,34.1
2025-11-04 19:00:00,,,,,,,,,,,,,,,,,,,,18.5,18.9,7.7,4.9,18.0,17.6,20.2,20.2,19.6,28.5,30.9,34.1
2025-11-04 20:00:00,,,,,,,,,,,,,,,,,,,,18.5,18.9,7.6,4.9,18.0,17.6,20.2,20.1,19.6,28.5,30.9,34.1
2025-11-04 21:00:00,,,,,,,,,,,,,,,,,,,,18.5,18.9,7.6,4.9,18.0,17.6,20.2,20.2,19.6,28.5,31.0,34.1
2025-11-04 22:00:00,,,,,,,,,,,,,,,,,,,,18.5,18.9,7.7,4.9,18.0,17.6,20.2,20.2,19.6,28.5,31.0,34.2
2025-11-04 23:00:00,,,,,,,,,,,,,,,,,,,,18.5,18.9,7.7,4.9,18.0,17.6,20.2,20.2,19.6,28.5,31.0,34.2
2025-11-05 01:00:00,,,,,,,,,,,,,,,,,,,,18.5,18.9,7.7,5.0,18.0,17.6,20.2,20.2,19.6,28.5,31.0,34.2
2025-11-05 02:00:00,,,,,,,,,,,,,,,,,,,,18.5,18.9,7.7,5.0,18.0,17.6,20.2,20.2,19.6,28.5,31.0,34.2
2025-11-05 03:00:00,,,,,,,,,,,,,,,,,,,,18.4,18.9,7.7,5.0,18.0,17.6,20.2,20.2,19.6,28.6,31.0,34.2
2025-11-05 04:00:00,,,,,,,,,,,,,,,,,,,,18.5,18.9,7.7,5.0,18.0,17.7,20.2,20.2,19.6,28.6,31.1,34.2
2025-11-05 05:00:00,,,,,,,,,,,,,,,,,,,,18.4,18.9,7.7,5.0,18.0,17.7,20.2,20.2,19.6,28.6,31.0,34.2
2025-11-05 06:00:00,,,,,,,,,,,,,,,,,,,,18.5,18.9,7.6,5.0,18.0,17.7,20.2,20.2,19.6,28.6,31.1,34.2
2025-11-05 07:00:00,,,,,,,,,,,,,,,,,,,,18.4,18.9,7.6,4.9,18.0,17.7,20.2,20.2,19.7,28.6,31.1,34.3
2025-11-05 08:00:00,,,,,,,,,,,,,,,,,,,,18.4,18.9,7.6,5.0,18.0,17.7,20.2,20.2,19.6,28.6,31.0,34.2
2025-11-05 09:00:00,,,,,,,,,,,,,,,,,,,,18.5,18.8,7.7,4.9,18.0,17.7,20.2,20.2,19.6,28.5,30.9,34.1
2025-11-05 10:00:00,,,,,,,,,,,,,,,,,,,,18.4,18.8,7.7,4.9,18.0,17.6,20.1,20.2,19.5,28.4,30.8,34.0
2025-11-05 11:00:00,,,,,,,,,,,,,,,,,,,,18.4,18.8,7.7,4.9,18.0,17.6,20.1,20.1,19.5,28.3,30.7,33.9
2025-11-05 12:00:00,,,,,,,,,,,,,,,,,,,,18.3,18.7,7.7,4.9,18.0,17.6,20.1,20.1,19.4,28.2,30.7,33.8
2025-11-05 13:00:00,,,,,,,,,,,,,,,,,,,,18.4,18.7,7.7,4.9,18.0,17.6,20.1,20.1,19.4,28.1,30.6,33.7
2025-11-05 14:00:00,,,,,,,,,,,,,,,,,,,,18.3,18.7,7.6,4.9,18.0,17.6,20.0,20.1,19.4,28.0,30.4,33.6
2025-11-05 15:00:00,,,,,,,,,,,,,,,,,,,,18.3,18.7,7.6,4.9,18.0,17.6,20.0,20.1,19.3,27.9,30.4,33.5
2025-11-05 16:00:00,,,,,,,,,,,,,,,,,,,,18.3,18.6,7.6,4.9,18.0,17.6,20.0,20.1,19.3,27.9,30.3,33.4
2025-11-05 17:00:00,,,,,,,,,,,,,,,,,,,,18.2,18.6,7.6,4.9,18.0,17.6,20.1,20.1,19.3,27.9,30.4,33.5
2025-11-05 18:00:00,,,,,,,,,,,,,,,,,,,,18.2,18.6,7.6,4.9,17.9,17.6,20.1,20.1,19.3,27.9,30.4,33.5
2025-11-05 19:00:00,,,,,,,,,,,,,,,,,,,,18.2,18.7,7.7,5.0,18.0,17.6,20.1,20.1,19.4,28.0,30.4,33.5
2025-11-05 20:00:00,,,,,,,,,,,,,,,,,,,,18.3,18.7,7.6,4.9,18.0,17.6,20.1,20.1,19.4,28.0,30.4,33.5
2025-11-05 21:00:00,,,,,,,,,,,,,,,,,,,,18.2,18.7,7.6,4.9,18.0,17.6,20.1,20.1,19.4,28.1,30.4,33.5
2025-11-05 22:00:00,,,,,,,,,,,,,,,,,,,,18.2,18.7,7.6,4.9,17.9,17.6,20.1,20.1,19.4,28.1,30.5,33.6
2025-11-05 23:00:00,,,,,,,,,,,,,,,,,,,,18.2,18.6,7.6,4.9,17.9,17.6,20.1,20.1,19.4,28.1,30.5,33.6
2025-11-06 01:00:00,,,,,,,,,,,,,,,,,,,,18.2,18.6,7.6,4.9,17.9,17.6,20.1,20.1,19.4,28.1,30.5,33.6
2025-11-06 02:00:00,,,,,,,,,,,,,,,,,,,,18.2,18.6,7.6,4.9,17.9,17.6,20.1,20.1,19.4,28.2,30.5,33.6
2025-11-06 03:00:00,,,,,,,,,,,,,,,,,,,,18.2,18.6,7.6,4.9,17.9,17.6,20.1,20.2,19.4,28.2,30.5,33.6
2025-11-06 04:00:00,,,,,,,,,,,,,,,,,,,,18.2,18.6,7.6,4.9,18.0,17.6,20.1,20.2,19.4,28.2,30.6,33.6
2025-11-06 05:00:00,,,,,,,,,,,,,,,,,,,,18.3,18.6,7.6,4.9,18.0,17.6,20.1,20.2,19.4,28.2,30.6,33.7
2025-11-06 06:00:00,,,,,,,,,,,,,,,,,,,,18.2,18.6,7.6,4.9,18.0,17.6,20.1,20.2,19.4,28.2,30.6,33.7
2025-11-06 07:00:00,,,,,,,,,,,,,,,,,,,,18.2,18.6,7.6,4.9,18.0,17.6,20.1,20.2,19.5,28.2,30.6,33.7
2025-11-06 08:00:00,,,,,,,,,,,,,,,,,,,,18.2,18.6,7.6,4.9,18.0,17.6,20.1,20.2,19.5,28.2,30.5,33.6
2025-11-06 09:00:00,,,,,,,,,,,,,,,,,,,,18.2,18.6,7.6,4.9,18.0,17.6,20.1,20.2,19.4,28.0,30.4,33.5
2025-11-06 10:00:00,,,,,,,,,,,,,,,,,,,,18.2,18.6,7.6,4.9,18.0,17.6,20.1,20.1,19.4,27.9,30.3,33.4
2025-11-06 11:00:00,,,,,,,,,,,,,,,,,,,,18.2,18.6,7.6,4.9,17.9,17.6,20.0,20.1,19.3,27.8,30.2,33.2
2025-11-06 12:00:00,,,,,,,,,,,,,,,,,,,,18.2,18.5,7.6,4.9,17.9,17.6,20.0,20.1,19.2,27.7,30.1,33.1
2025-11-06 13:00:00,,,,,,,,,,,,,,,,,,,,18.2,18.5,7.6,4.9,17.9,17.6,20.0,20.1,19.2,27.7,30.0,33.1
2025-11-06 14:00:00,,,,,,,,,,,,,,,,,,,,18.2,18.5,7.6,4.9,17.9,17.6,20.0,20.1,19.2,27.7,30.0,33.1
2025-11-06 15:00:00,,,,,,,,,,,,,,,,,,,,18.2,18.5,7.6,4.9,17.9,17.6,20.0,20.1,19.2,27.8,30.1,33.1
2025-11-06 16:00:00,,,,,,,,,,,,,,,,,,,,18.1,18.5,7.6,4.9,17.9,17.6,20.0,20.1,19.2,27.8,30.1,33.1
2025-11-06 17:00:00,,,,,,,,,,,,,,,,,,,,18.1,18.5,7.6,4.9,17.9,17.6,20.1,20.1,19.2,27.8,30.1,33.1
2025-11-06 18:00:00,,,,,,,,,,,,,,,,,,,,18.1,18.5,7.6,4.9,17.9,17.6,20.1,20.1,19.2,27.8,30.1,33.1
2025-11-06 19:00:00,,,,,,,,,,,,,,,,,,,,18.1,18.5,7.6,4.9,17.9,17.6,20.1,20.1,19.3,27.8,30.2,33.2
2025-11-06 20:00:00,,,,,,,,,,,,,,,,,,,,18.1,18.5,7.7,4.9,17.9,17.6,20.1,20.2,19.3,27.9,30.2,33.2
2025-11-06 21:00:00,,,,,,,,,,,,,,,,,,,,18.1,18.5,7.6,4.9,17.9,17.6,20.1,20.2,19.3,27.9,30.2,33.2
2025-11-06 22:00:00,,,,,,,,,,,,,,,,,,,,18.1,18.5,7.6,4.9,17.9,17.6,20.1,20.2,19.3,27.9,30.2,33.2
2025-11-06 23:00:00,,,,,,,,,,,,,,,,,,,,18.1,18.5,7.6,4.9,18.0,17.6,20.1,20.2,19.3,27.9,30.2,33.2
2025-11-07 01:00:00,,,,,,,,,,,,,,,,,,,,18.1,18.5,7.6,4.9,18.0,17.6,20.1,20.2,19.4,27.9,30.2,33.2
2025-11-07 02:00:00,,,,,,,,,,,,,,,,,,,,18.1,18.5,7.6,4.9,18.0,17.6,20.1,20.2,19.4,27.9,30.2,33.2
2025-11-07 03:00:00,,,,,,,,,,,,,,,,,,,,18.0,18.5,7.6,4.9,18.0,17.6,20.1,20.2,19.4,28.0,30.2,33.3
2025-11-07 04:00:00,,,,,,,,,,,,,,,,,,,,18.0,18.5,7.6,4.9,17.9,17.6,20.1,20.2,19.4,28.0,30.2,33.3
2025-11-07 05:00:00,,,,,,,,,,,,,,,,,,,,18.1,18.5,7.6,4.9,17.9,17.6,20.1,20.2,19.4,28.0,30.3,33.4
2025-11-07 06:00:00,,,,,,,,,,,,,,,,,,,,18.1,18.5,7.6,4.9,18.0,17.6,20.1,20.2,19.4,28.0,30.3,33.3
2025-11-07 07:00:00,,,,,,,,,,,,,,,,,,,,18.1,18.5,7.7,4.9,18.0,17.6,20.1,20.2,19.4,28.0,30.3,33.3
2025-11-07 08:00:00,,,,,,,,,,,,,,,,,,,,18.1,18.5,7.7,4.9,18.0,17.6,20.1,20.2,19.4,28.0,30.2,33.3
2025-11-07 09:00:00,,,,,,,,,,,,,,,,,,,,18.1,18.5,7.6,4.9,18.0,17.6,20.1,20.2,19.3,27.9,30.1,33.2
2025-11-07 10:00:00,,,,,,,,,,,,,,,,,,,,18.0,18.5,7.6,4.9,18.0,17.6,20.1,20.2,19.3,27.8,30.0,33.1
2025-11-07 11:00:00,,,,,,,,,,,,,,,,,,,,18.1,18.4,7.6,4.9,17.9,17.6,20.0,20.1,19.2,27.7,29.9,33.0
2025-11-07 12:00:00,,,,,,,,,,,,,,,,,,,,18.0,18.4,7.6,4.9,18.0,17.6,20.0,20.1,19.2,27.7,29.9,33.0
2025-11-07 13:00:00,,,,,,,,,,,,,,,,,,,,18.0,18.4,7.6,4.9,17.9,17.6,20.0,20.1,19.2,27.6,29.9,32.9
2025-11-07 14:00:00,,,,,,,,,,,,,,,,,,,,18.1,18.4,7.6,4.9,17.9,17.6,20.0,20.1,19.2,27.6,29.8,32.8
2025-11-07 15:00:00,,,,,,,,,,,,,,,,,,,,18.0,18.4,7.6,4.9,17.9,17.6,20.0,20.1,19.2,27.6,29.8,32.8
2025-11-07 16:00:00,,,,,,,,,,,,,,,,,,,,18.0,18.4,7.6,4.9,17.9,17.6,20.0,20.1,19.2,27.6,29.8,32.8
2025-11-07 17:00:00,,,,,,,,,,,,,,,,,,,,18.0,18.4,7.6,4.9,17.9,17.6,20.0,20.1,19.2,27.6,29.8,32.8
2025-11-07 18:00:00,,,,,,,,,,,,,,,,,,,,18.0,18.4,7.6,4.9,17.9,17.6,20.0,20.1,19.2,27.6,29.9,32.8
2025-11-07 19:00:00,,,,,,,,,,,,,,,,,,,,18.0,18.4,7.6,4.9,17.9,17.6,20.0,20.1,19.2,27.7,29.9,32.8
2025-11-07 20:00:00,,,,,,,,,,,,,,,,,,,,18.0,18.4,7.6,4.9,17.9,17.6,20.1,20.1,19.2,27.7,29.9,32.8
2025-11-07 21:00:00,,,,,,,,,,,,,,,,,,,,18.0,18.4,7.6,4.9,17.9,17.6,20.1,20.1,19.2,27.7,29.9,32.9
2025-11-07 22:00:00,,,,,,,,,,,,,,,,,,,,18.0,18.4,7.6,4.9,17.9,17.6,20.1,20.1,19.2,27.7,29.9,32.9
2025-11-07 23:00:00,,,,,,,,,,,,,,,,,,,,18.0,18.4,7.6,4.9,17.9,17.6,20.1,20.1,19.2,27.7,29.9,32.9
2025-11-08 01:00:00,,,,,,,,,,,,,,,,,,,,18.0,18.4,7.6,4.9,17.9,17.6,20.1,20.2,19.2,27.8,29.9,32.9
2025-11-08 02:00:00,,,,,,,,,,,,,,,,,,,,18.0,18.4,7.6,4.9,17.9,17.6,20.1,20.2,19.2,27.8,29.9,32.9
2025-11-08 03:00:00,,,,,,,,,,,,,,,,,,,,18.0,18.4,7.6,4.9,18.0,17.6,20.1,20.2,19.2,27.8,30.0,32.9
2025-11-08 04:00:00,,,,,,,,,,,,,,,,,,,,17.9,18.4,7.6,4.9,18.0,17.6,20.1,20.2,19.2,27.8,30.0,32.9
2025-11-08 05:00:00,,,,,,,,,,,,,,,,,,,,18.0,18.4,7.6,4.9,17.9,17.6,20.1,20.2,19.2,27.8,30.0,33.0
2025-11-08 06:00:00,,,,,,,,,,,,,,,,,,,,18.0,18.4,7.6,4.9,17.9,17.6,20.1,20.2,19.3,27.8,30.0,33.0
2025-11-08 07:00:00,,,,,,,,,,,,,,,,,,,,18.0,18.4,7.6,4.9,17.9,17.6,20.1,20.2,19.3,27.8,30.0,33.0
2025-11-08 08:00:00,,,,,,,,,,,,,,,,,,,,18.0,18.4,7.6,4.9,17.9,17.6,20.1,20.2,19.3,27.8,30.0,32.9
2025-11-08 09:00:00,,,,,,,,,,,,,,,,,,,,17.9,18.4,7.6,4.9,17.9,17.6,20.1,20.1,19.2,27.6,29.9,32.8
2025-11-08 10:00:00,,,,,,,,,,,,,,,,,,,,18.0,18.3,7.6,4.9,17.9,17.6,20.0,20.1,19.2,27.6,29.7,32.7
2025-11-08 11:00:00,,,,,,,,,,,,,,,,,,,,18.0,18.3,7.6,4.9,17.9,17.6,20.0,20.1,19.1,27.5,29.6,32.5
2025-11-08 12:00:00,,,,,,,,,,,,,,,,,,,,18.0,18.3,7.6,4.9,17.9,17.6,20.0,20.1,19.1,27.4,29.6,32.5
2025-11-08 13:00:00,,,,,,,,,,,,,,,,,,,,18.0,18.3,7.6,4.9,17.9,17.6,20.0,20.0,19.1,27.4,29.6,32.5
2025-11-08 14:00:00,,,,,,,,,,,,,,,,,,,,18.0,18.3,7.6,4.9,17.9,17.6,20.0,20.0,19.1,27.4,29.6,32.5
2025-11-08 15:00:00,,,,,,,,,,,,,,,,,,,,18.0,18.3,7.6,4.9,17.9,17.6,20.0,20.0,19.1,27.4,29.5,32.4
2025-11-08 16:00:00,,,,,,,,,,,,,,,,,,,,18.0,18.3,7.6,4.9,17.9,17.6,20.0,20.0,19.1,27.4,29.6,32.5
2025-11-08 17:00:00,,,,,,,,,,,,,,,,,,,,18.0,18.3,7.6,4.9,17.9,17.6,20.0,20.0,19.1,27.4,29.6,32.5
2025-11-08 18:00:00,,,,,,,,,,,,,,,,,,,,17.9,18.3,7.6,4.9,17.9,17.6,20.0,20.0,19.1,27.5,29.6,32.5
2025-11-08 19:00:00,,,,,,,,,,,,,,,,,,,,17.9,18.3,7.6,4.9,17.9,17.6,20.0,20.0,19.1,27.4,29.6,32.5
2025-11-08 20:00:00,,,,,,,,,,,,,,,,,,,,17.9,18.3,7.6,4.9,17.9,17.6,20.0,20.0,19.1,27.5,29.6,32.5
2025-11-08 21:00:00,,,,,,,,,,,,,,,,,,,,17.9,18.3,7.6,4.9,17.9,17.6,20.1,20.0,19.1,27.5,29.7,32.5
2025-11-08 22:00:00,,,,,,,,,,,,,,,,,,,,17.9,18.3,7.6,4.9,17.9,17.6,20.1,20.1,19.2,27.5,29.7,32.6
2025-11-08 23:00:00,,,,,,,,,,,,,,,,,,,,17.9,18.3,7.6,4.9,17.9,17.6,20.1,20.1,19.2,27.5,29.7,32.6
2025-11-09 01:00:00,,,,,,,,,,,,,,,,,,,,17.9,18.3,7.6,4.9,17.9,17.6,20.1,20.1,19.2,27.6,29.7,32.6
2025-11-09 02:00:00,,,,,,,,,,,,,,,,,,,,17.9,18.3,7.6,4.9,17.9,17.6,20.1,20.1,19.2,27.6,29.7,32.6
2025-11-09 03:00:00,,,,,,,,,,,,,,,,,,,,17.9,18.3,7.6,4.9,17.9,17.6,20.1,20.1,19.2,27.6,29.8,32.7
2025-11-09 04:00:00,,,,,,,,,,,,,,,,,,,,17.9,18.3,7.6,4.9,17.9,17.6,20.1,20.1,19.2,27.6,29.8,32.7
2025-11-09 05:00:00,,,,,,,,,,,,,,,,,,,,17.9,18.3,7.6,4.9,17.9,17.6,20.1,20.1,19.2,27.6,29.8,32.7
2025-11-09 06:00:00,,,,,,,,,,,,,,,,,,,,17.9,18.3,7.6,4.9,17.9,17.5,20.1,20.1,19.2,27.6,29.8,32.7
2025-11-09 07:00:00,,,,,,,,,,,,,,,,,,,,18.0,18.3,7.6,4.9,17.9,17.6,20.1,20.1,19.2,27.6,29.8,32.7
2025-11-09 08:00:00,,,,,,,,,,,,,,,,,,,,17.9,18.3,7.6,4.9,18.0,17.5,20.1,20.1,19.2,27.6,29.7,32.6
2025-11-09 09:00:00,,,,,,,,,,,,,,,,,,,,17.9,18.3,7.6,4.9,17.9,17.5,20.1,20.0,19.1,27.4,29.6,32.5
2025-11-09 10:00:00,,,,,,,,,,,,,,,,,,,,17.9,18.2,7.6,4.9,17.9,17.5,20.0,20.0,19.1,27.3,29.5,32.4
2025-11-09 11:00:00,,,,,,,,,,,,,,,,,,,,17.9,18.2,7.6,4.9,17.9,17.5,20.0,20.0,19.1,27.3,29.4,32.3
2025-11-09 12:00:00,,,,,,,,,,,,,,,,,,,,17.9,18.2,7.6,4.9,17.9,17.5,19.9,19.9,19.0,27.2,29.3,32.2
2025-11-09 13:00:00,,,,,,,,,,,,,,,,,,,,17.9,18.2,7.6,4.9,17.9,17.5,19.9,19.9,18.9,27.1,29.2,32.0
2025-11-09 14:00:00,,,,,,,,,,,,,,,,,,,,17.9,18.1,7.6,4.9,17.9,17.5,19.9,19.9,18.9,27.0,29.0,31.9
2025-11-09 15:00:00,,,,,,,,,,,,,,,,,,,,17.9,18.1,7.5,4.9,17.9,17.5,19.8,19.8,18.8,26.9,28.9,31.8
2025-11-09 16:00:00,,,,,,,,,,,,,,,,,,,,17.9,18.1,7.6,4.9,17.9,17.5,19.8,19.8,18.8,26.9,28.9,31.7
2025-11-09 17:00:00,,,,,,,,,,,,,,,,,,,,17.8,18.1,7.6,4.9,17.9,17.5,19.9,19.8,18.8,26.9,28.9,31.8
2025-11-09 18:00:00,,,,,,,,,,,,,,,,,,,,17.8,18.2,7.6,4.9,17.9,17.5,19.9,19.8,18.8,26.9,29.0,31.8
2025-11-09 19:00:00,,,,,,,,,,,,,,,,,,,,17.8,18.1,7.6,4.9,17.9,17.5,19.9,19.8,18.9,26.9,29.0,31.8
2025-11-09 20:00:00,,,,,,,,,,,,,,,,,,,,17.8,18.2,7.6,4.9,17.9,17.5,19.9,19.8,18.9,26.9,29.0,31.9
2025-11-09 21:00:00,,,,,,,,,,,,,,,,,,,,17.8,18.2,7.6,4.9,17.9,17.5,19.9,19.9,18.9,27.0,29.0,31.9
2025-11-09 22:00:00,,,,,,,,,,,,,,,,,,,,17.8,18.1,7.6,4.9,17.9,17.5,19.9,19.9,18.9,27.0,29.0,31.9
2025-11-09 23:00:00,,,,,,,,,,,,,,,,,,,,17.8,18.1,7.6,4.9,17.9,17.5,19.9,19.9,18.9,27.0,29.1,31.9
2025-11-10 01:00:00,,,,,,,,,,,,,,,,,,,,17.7,18.2,7.6,4.9,17.9,17.5,19.9,19.9,18.9,27.0,29.1,32.0
2025-11-10 02:00:00,,,,,,,,,,,,,,,,,,,,17.7,18.1,7.6,4.9,17.9,17.5,19.9,19.9,18.9,27.0,29.1,32.0
2025-11-10 03:00:00,,,,,,,,,,,,,,,,,,,,17.8,18.1,7.6,4.9,17.9,17.5,19.9,19.9,18.9,27.0,29.1,32.0
2025-11-10 04:00:00,,,,,,,,,,,,,,,,,,,,17.8,18.1,7.6,4.9,17.9,17.6,20.0,19.9,18.9,27.0,29.1,32.0
2025-11-10 05:00:00,,,,,,,,,,,,,,,,,,,,17.7,18.1,7.6,4.9,17.9,17.6,20.0,19.9,18.9,27.0,29.1,32.0
2025-11-10 06:00:00,,,,,,,,,,,,,,,,,,,,17.7,18.2,7.6,4.9,17.9,17.6,20.0,19.9,18.9,27.0,29.1,32.0
2025-11-10 07:00:00,,,,,,,,,,,,,,,,,,,,17.7,18.2,7.6,4.9,17.9,17.6,20.0,19.9,18.9,27.1,29.1,32.0
2025-11-10 08:00:00,,,,,,,,,,,,,,,,,,,,17.7,18.2,7.6,4.9,17.9,17.6,20.0,19.9,18.9,27.0,29.1,32.0
2025-11-10 09:00:00,,,,,,,,,,,,,,,,,,,,17.7,18.1,7.6,4.9,17.9,17.6,20.0,19.9,18.9,27.0,29.1,31.9
2025-11-10 10:00:00,,,,,,,,,,,,,,,,,,,,17.7,18.1,7.6,4.9,17.9,17.6,20.0,19.9,18.9,27.0,29.1,32.0
2025-11-10 11:00:00,,,,,,,,,,,,,,,,,,,,17.7,18.1,7.5,4.9,17.9,17.6,20.0,19.9,18.9,27.0,29.1,32.0
2025-11-10 12:00:00,,,,,,,,,,,,,,,,,,,,17.7,18.1,7.5,4.9,17.9,17.6,20.0,19.9,18.9,27.0,29.1,32.0
2025-11-10 13:00:00,,,,,,,,,,,,,,,,,,,,17.7,18.1,7.5,4.9,17.9,17.6,20.0,19.9,18.9,27.0,29.1,31.9
2025-11-10 14:00:00,,,,,,,,,,,,,,,,,,,,17.7,18.1,7.6,4.9,17.9,17.6,20.0,19.9,18.9,27.0,29.1,32.0
2025-11-10 15:00:00,,,,,,,,,,,,,,,,,,,,17.7,18.1,7.6,4.9,17.9,17.6,20.0,19.9,18.9,27.0,29.1,32.0
2025-11-10 16:00:00,,,,,,,,,,,,,,,,,,,,20.2,18.6,7.6,4.9,17.9,17.6,20.0,19.9,18.9,27.0,29.1,32.0
2025-11-10 17:00:00,,,,,,,,,,,,,,,,,,,,24.2,21.0,7.6,4.9,17.9,17.5,20.0,19.8,18.9,27.1,29.1,32.0
2025-11-10 18:00:00,,,,,,,,,,,,,,,,,,,,28.1,21.1,7.5,4.9,17.9,17.5,20.0,19.8,18.9,27.1,29.1,32.1
2025-11-10 19:00:00,,,,,,,,,,,,,,,,,,,,39.1,37.2,11.9,5.5,35.4,19.6,20.0,19.7,18.9,27.1,29.1,32.1
2025-11-10 20:00:00,,,,,,,,,,,,,,,,,,,,40.3,38.8,12.5,7.3,40.9,40.4,22.9,19.7,18.9,27.1,29.1,32.1
2025-11-10 21:00:00,,,,,,,,,,,,,,,,,,,,41.4,39.9,13.2,7.6,42.4,42.4,37.7,19.9,19.0,27.1,29.2,32.1
2025-11-10 22:00:00,,,,,,,,,,,,,,,,,,,,41.8,40.3,13.2,7.7,42.5,43.2,46.1,42.1,34.0,27.2,29.2,32.2
2025-11-10 23:00:00,,,,,,,,,,,,,,,,,,,,42.6,40.7,13.4,8.0,44.0,44.7,47.8,44.1,43.3,49.3,32.6,32.2
2025-11-11 01:00:00,,,,,,,,,,,,,,,,,,,,43.5,41.4,13.7,8.2,44.5,45.1,47.7,44.1,43.9,51.1,48.6,48.8
2025-11-11 02:00:00,,,,,,,,,,,,,,,,,,,,41.5,39.4,12.8,7.8,41.0,41.5,44.5,42.4,42.5,50.4,48.3,49.4
2025-11-11 03:00:00,,,,,,,,,,,,,,,,,,,,38.2,36.8,12.1,7.4,39.5,40.4,43.5,41.5,41.5,49.6,47.5,49.0
2025-11-11 04:00:00,,,,,,,,,,,,,,,,,,,,39.8,38.3,12.5,7.7,41.3,42.1,45.5,43.5,44.2,51.9,52.2,50.7
2025-11-11 05:00:00,,,,,,,,,,,,,,,,,,,,40.6,38.9,12.6,7.8,41.7,42.6,45.9,43.9,44.6,52.2,53.8,50.8
2025-11-11 06:00:00,,,,,,,,,,,,,,,,,,,,38.9,37.2,12.1,7.4,39.5,40.4,43.3,41.6,41.7,49.8,47.6,49.6
2025-11-11 07:00:00,,,,,,,,,,,,,,,,,,,,43.4,40.9,13.3,8.1,43.1,42.0,43.2,41.0,40.8,49.1,47.1,49.0
2025-11-11 08:00:00,,,,,,,,,,,,,,,,,,,,40.5,38.7,12.6,7.7,41.1,41.7,44.9,43.0,43.4,51.3,50.7,50.5
2025-11-11 09:00:00,,,,,,,,,,,,,,,,,,,,41.2,38.2,12.3,7.4,39.4,40.2,43.2,41.5,41.6,49.8,47.6,49.6
2025-11-11 10:00:00,,,,,,,,,,,,,,,,,,,,41.0,39.1,12.8,7.8,40.9,41.0,43.3,41.2,40.9,49.2,47.3,49.1
2025-11-11 11:00:00,,,,,,,,,,,,,,,,,,,,40.1,38.2,12.5,7.6,39.8,40.4,43.3,41.4,41.3,49.5,47.5,49.0
2025-11-11 12:00:00,,,,,,,,,,,,,,,,,,,,37.4,36.3,12.0,7.3,39.1,39.8,42.8,41.1,40.9,49.3,47.5,49.0
2025-11-11 13:00:00,,,,,,,,,,,,,,,,,,,,36.1,35.2,11.7,7.2,38.2,39.1,42.1,40.6,40.5,49.1,47.3,48.9
2025-11-11 14:00:00,,,,,,,,,,,,,,,,,,,,35.3,34.5,11.5,7.1,37.7,38.5,41.6,40.2,40.0,48.8,47.4,48.5
2025-11-11 15:00:00,,,,,,,,,,,,,,,,,,,,34.7,33.8,11.4,7.0,37.2,38.0,41.2,39.9,39.6,48.6,47.3,48.3
2025-11-11 16:00:00,,,,,,,,,,,,,,,,,,,,34.2,33.5,11.2,7.0,36.8,37.6,40.8,39.6,39.3,48.4,47.2,48.2
2025-11-11 17:00:00,,,,,,,,,,,,,,,,,,,,38.4,33.7,11.2,7.0,36.5,37.3,40.5,39.4,39.0,48.3,47.2,48.0
2025-11-11 18:00:00,,,,,,,,,,,,,,,,,,,,39.2,37.4,12.4,7.4,36.9,37.2,40.3,39.3,38.9,48.2,47.1,48.0
2025-11-11 19:00:00,,,,,,,,,,,,,,,,,,,,42.3,40.1,13.1,8.1,42.9,43.5,47.1,45.2,46.3,53.9,56.3,51.4
2025-11-11 20:00:00,,,,,,,,,,,,,,,,,,,,39.5,37.7,12.4,7.7,40.6,41.0,44.2,42.4,42.6,50.6,50.1,50.9
2025-11-11 21:00:00,,,,,,,,,,,,,,,,,,,,37.1,36.0,11.9,7.4,39.0,39.7,42.9,41.3,41.2,49.7,48.9,50.5
2025-11-11 22:00:00,,,,,,,,,,,,,,,,,,,,36.0,35.1,11.7,7.2,38.2,38.9,42.1,40.7,40.4,49.1,48.4,50.1
2025-11-11 23:00:00,,,,,,,,,,,,,,,,,,,,40.2,38.3,12.6,7.8,41.6,42.1,45.6,43.5,43.5,50.4,48.3,49.7
2025-11-12 01:00:00,,,,,,,,,,,,,,,,,,,,42.1,39.6,13.0,7.9,40.1,40.2,43.1,41.5,41.2,49.7,48.7,50.1
2025-11-12 02:00:00,,,,,,,,,,,,,,,,,,,,42.2,39.8,13.0,8.1,42.9,43.2,46.7,45.0,46.2,54.0,54.9,51.7
2025-11-12 03:00:00,,,,,,,,,,,,,,,,,,,,46.2,41.7,13.2,8.1,43.2,43.5,46.7,44.3,44.1,51.2,50.6,50.9
2025-11-12 04:00:00,,,,,,,,,,,,,,,,,,,,42.9,40.4,13.2,8.2,43.5,43.7,47.5,45.6,46.9,54.3,55.1,51.6
2025-11-12 05:00:00,,,,,,,,,,,,,,,,,,,,44.8,41.2,12.9,7.8,40.3,40.6,43.6,42.1,42.4,50.7,50.5,51.0
2025-11-12 06:00:00,,,,,,,,,,,,,,,,,,,,44.7,42.1,13.7,8.5,45.2,45.1,48.9,45.9,45.9,52.8,53.4,51.5
2025-11-12 07:00:00,,,,,,,,,,,,,,,,,,,,44.6,41.6,13.4,8.3,43.3,43.1,46.4,44.6,45.3,52.9,52.9,51.3
2025-11-12 08:00:00,,,,,,,,,,,,,,,,,,,,42.8,40.5,13.3,8.2,43.6,43.5,47.1,45.4,46.3,54.4,55.5,52.1
2025-11-12 09:00:00,,,,,,,,,,,,,,,,,,,,46.4,43.8,14.4,8.5,43.0,40.8,43.8,42.2,42.2,51.6,51.1,51.1
2025-11-12 10:00:00,,,,,,,,,,,,,,,,,,,,43.9,39.8,13.0,8.0,42.0,41.9,45.0,43.4,43.7,52.1,53.1,51.5
2025-11-12 11:00:00,,,,,,,,,,,,,,,,,,,,42.3,38.1,12.5,7.8,41.1,41.3,44.4,42.8,43.1,51.9,52.0,51.3
2025-11-12 12:00:00,,,,,,,,,,,,,,,,,,,,40.0,38.1,12.5,7.7,41.0,41.2,44.2,42.5,42.3,51.6,50.4,51.1
2025-11-12 13:00:00,,,,,,,,,,,,,,,,,,,,40.3,36.7,12.0,7.4,39.6,40.2,43.2,41.7,41.5,51.2,49.7,51.0
2025-11-12 14:00:00,,,,,,,,,,,,,,,,,,,,42.9,39.7,13.0,8.0,42.4,42.1,44.2,41.7,41.1,50.7,48.9,50.7
2025-11-12 15:00:00,,,,,,,,,,,,,,,,,,,,40.5,38.6,12.7,7.9,41.8,41.9,45.3,43.7,44.3,52.8,54.2,51.7
2025-11-12 16:00:00,,,,,,,,,,,,,,,,,,,,38.5,36.5,12.1,7.5,39.8,40.3,43.4,41.9,41.8,51.3,50.1,51.2
2025-11-12 17:00:00,,,,,,,,,,,,,,,,,,,,40.8,38.1,12.3,7.4,39.0,39.6,42.6,41.3,41.0,50.7,49.2,50.8
2025-11-12 18:00:00,,,,,,,,,,,,,,,,,,,,45.1,42.0,13.7,8.5,44.7,44.4,47.7,43.3,41.0,50.4,48.9,50.6
2025-11-12 19:00:00,,,,,,,,,,,,,,,,,,,,40.3,38.1,12.5,7.8,41.3,41.6,44.6,43.1,43.4,52.1,52.8,51.6
2025-11-12 20:00:00,,,,,,,,,,,,,,,,,,,,42.4,39.5,12.9,8.0,41.5,41.4,44.0,42.2,42.0,51.3,50.1,51.2
2025-11-12 21:00:00,,,,,,,,,,,,,,,,,,,,42.5,39.6,13.0,8.0,41.3,41.1,43.9,42.2,42.0,51.4,50.2,51.2
2025-11-12 22:00:00,,,,,,,,,,,,,,,,,,,,43.9,40.5,13.3,8.1,41.6,41.2,44.0,42.2,42.0,51.4,50.1,51.2
2025-11-12 23:00:00,,,,,,,,,,,,,,,,,,,,40.4,37.9,12.4,7.7,40.6,40.9,43.9,42.2,42.1,51.4,50.2,51.3
2025-11-13 01:00:00,,,,,,,,,,,,,,,,,,,,37.7,36.0,11.9,7.4,39.0,39.6,42.6,41.2,41.0,50.6,49.2,50.9
2025-11-13 02:00:00,,,,,,,,,,,,,,,,,,,,36.7,35.4,11.8,7.3,38.5,39.2,42.2,40.9,40.5,50.4,48.9,50.7
2025-11-13 03:00:00,,,,,,,,,,,,,,,,,,,,36.0,34.9,11.6,7.2,38.1,38.8,41.9,40.7,40.2,50.2,48.7,50.5
2025-11-13 04:00:00,,,,,,,,,,,,,,,,,,,,35.6,34.5,11.5,7.1,37.8,38.5,41.6,40.5,40.1,50.1,48.5,50.3
2025-11-13 05:00:00,,,,,,,,,,,,,,,,,,,,35.2,34.1,11.5,7.1,37.5,38.2,41.3,40.3,39.9,49.9,48.4,50.2
2025-11-13 06:00:00,,,,,,,,,,,,,,,,,,,,34.9,33.8,11.4,7.1,37.2,37.9,41.1,40.2,39.7,49.7,48.3,50.1
2025-11-13 07:00:00,,,,,,,,,,,,,,,,,,,,34.6,33.5,11.4,7.0,37.1,37.7,41.0,40.1,39.6,49.7,48.1,49.9
2025-11-13 08:00:00,,,,,,,,,,,,,,,,,,,,34.4,33.3,11.3,7.0,36.8,37.5,40.8,39.9,39.4,49.6,48.0,49.7
2025-11-13 09:00:00,,,,,,,,,,,,,,,,,,,,34.2,33.1,11.2,7.0,36.6,37.3,40.6,39.8,39.2,49.4,47.9,49.6
2025-11-13 10:00:00,,,,,,,,,,,,,,,,,,,,33.9,32.8,11.1,7.0,36.4,37.2,40.5,39.7,39.1,49.3,47.8,49.4
2025-11-13 11:00:00,,,,,,,,,,,,,,,,,,,,33.5,32.5,11.0,6.9,36.2,36.9,40.3,39.6,38.9,49.2,47.6,49.1
2025-11-13 12:00:00,,,,,,,,,,,,,,,,,,,,33.3,32.3,11.0,6.9,36.1,36.8,40.2,39.5,38.9,49.2,47.5,49.0
2025-11-13 13:00:00,,,,,,,,,,,,,,,,,,,,33.2,32.2,11.0,6.9,35.9,36.7,40.1,39.4,38.8,49.1,47.5,49.0
2025-11-13 14:00:00,,,,,,,,,,,,,,,,,,,,33.1,32.1,11.0,6.9,35.8,36.6,40.0,39.4,38.7,49.1,47.4,49.0
2025-11-13 15:00:00,,,,,,,,,,,,,,,,,,,,33.1,32.0,11.0,6.8,35.7,36.5,39.9,39.3,38.6,49.1,47.5,48.8
2025-11-13 16:00:00,,,,,,,,,,,,,,,,,,,,33.0,31.9,11.0,6.8,35.6,36.4,39.8,39.3,38.6,49.0,47.6,48.7
2025-11-13 17:00:00,,,,,,,,,,,,,,,,,,,,32.9,31.9,10.9,6.8,35.6,36.3,39.7,39.2,38.5,49.0,47.6,48.7
2025-11-13 18:00:00,,,,,,,,,,,,,,,,,,,,32.9,31.8,10.9,6.8,35.4,36.2,39.7,39.1,38.4,49.0,47.6,48.7
2025-11-13 19:00:00,,,,,,,,,,,,,,,,,,,,33.1,31.8,10.9,6.8,35.3,36.0,39.6,39.1,38.4,48.9,47.5,48.7
2025-11-13 20:00:00,,,,,,,,,,,,,,,,,,,,33.3,31.8,10.9,6.8,35.3,36.0,39.5,39.0,38.3,48.9,47.5,48.7
2025-11-13 21:00:00,,,,,,,,,,,,,,,,,,,,33.3,31.8,10.9,6.8,35.2,35.9,39.5,39.0,38.3,48.8,47.5,48.7
2025-11-13 22:00:00,,,,,,,,,,,,,,,,,,,,33.3,31.8,10.9,6.7,35.1,35.8,39.4,39.0,38.2,48.7,47.5,48.7
2025-11-13 23:00:00,,,,,,,,,,,,,,,,,,,,33.3,31.8,10.8,6.7,35.0,35.8,39.3,38.9,38.1,48.7,47.5,48.7
2025-11-14 01:00:00,,,,,,,,,,,,,,,,,,,,33.1,31.7,10.8,6.7,34.9,35.6,39.3,38.8,38.1,48.4,47.4,48.7
2025-11-14 02:00:00,,,,,,,,,,,,,,,,,,,,33.1,31.6,10.8,6.7,34.9,35.6,39.2,38.8,38.0,48.4,47.4,48.7
2025-11-14 03:00:00,,,,,,,,,,,,,,,,,,,,33.0,31.6,10.8,6.7,34.8,35.5,39.2,38.8,38.0,48.3,47.4,48.7
2025-11-14 04:00:00,,,,,,,,,,,,,,,,,,,,32.8,31.5,10.8,6.7,34.8,35.5,39.1,38.7,37.9,48.3,47.3,48.7
2025-11-14 05:00:00,,,,,,,,,,,,,,,,,,,,32.8,31.5,10.8,6.7,34.7,35.4,39.0,38.7,37.9,48.3,47.3,48.7
2025-11-14 06:00:00,,,,,,,,,,,,,,,,,,,,32.6,31.5,10.7,6.7,34.7,35.4,39.0,38.6,37.9,48.3,47.3,48.7
2025-11-14 07:00:00,,,,,,,,,,,,,,,,,,,,32.5,31.4,10.7,6.7,34.6,35.4,39.0,38.6,37.8,48.3,47.3,48.6
2025-11-14 08:00:00,,,,,,,,,,,,,,,,,,,,32.4,31.3,10.8,6.7,34.6,35.3,38.9,38.6,37.8,48.3,47.3,48.6
2025-11-14 09:00:00,,,,,,,,,,,,,,,,,,,,32.3,31.3,10.8,6.7,34.5,35.2,38.9,38.5,37.7,48.3,47.3,48.6
2025-11-14 10:00:00,,,,,,,,,,,,,,,,,,,,32.1,31.1,10.7,6.6,34.4,35.1,38.8,38.4,37.7,48.2,47.3,48.6
2025-11-14 11:00:00,,,,,,,,,,,,,,,,,,,,31.9,31.0,10.7,6.6,34.4,35.1,38.7,38.4,37.6,48.1,47.3,48.5
2025-11-14 12:00:00,,,,,,,,,,,,,,,,,,,,31.7,30.9,10.7,6.6,34.3,35.0,38.7,38.3,37.5,48.1,47.2,48.5
2025-11-14 13:00:00,,,,,,,,,,,,,,,,,,,,31.5,30.7,10.6,6.6,34.2,34.9,38.6,38.3,37.5,48.0,47.2,48.4
2025-11-14 14:00:00,,,,,,,,,,,,,,,,,,,,31.2,30.6,10.6,6.6,34.2,34.8,38.6,38.2,37.4,48.0,47.2,48.4
2025-11-14 15:00:00,,,,,,,,,,,,,,,,,,,,31.1,30.5,10.6,6.6,34.1,34.8,38.6,38.2,37.4,48.0,47.2,48.4
2025-11-14 16:00:00,,,,,,,,,,,,,,,,,,,,31.0,30.4,10.6,6.6,34.1,34.8,38.5,38.2,37.4,48.0,47.2,48.4
2025-11-14 17:00:00,,,,,,,,,,,,,,,,,,,,30.9,30.3,10.6,6.6,34.0,34.7,38.5,38.2,37.4,48.0,47.2,48.4
2025-11-14 18:00:00,,,,,,,,,,,,,,,,,,,,30.8,30.3,10.6,6.6,34.0,34.6,38.5,38.2,37.4,48.0,47.1,48.4
2025-11-14 19:00:00,,,,,,,,,,,,,,,,,,,,30.8,30.2,10.6,6.6,34.0,34.6,38.4,38.2,37.3,48.0,47.1,48.4
2025-11-14 20:00:00,,,,,,,,,,,,,,,,,,,,30.7,30.2,10.5,6.5,33.9,34.6,38.4,38.1,37.3,47.9,47.1,48.4
2025-11-14 21:00:00,,,,,,,,,,,,,,,,,,,,30.7,30.2,10.5,6.6,33.9,34.6,38.3,38.1,37.3,47.9,47.1,48.4
2025-11-14 22:00:00,,,,,,,,,,,,,,,,,,,,30.7,30.1,10.5,6.5,33.8,34.5,38.3,38.1,37.3,47.9,47.1,48.4
2025-11-14 23:00:00,,,,,,,,,,,,,,,,,,,,30.6,30.1,10.5,6.5,33.8,34.5,38.2,38.1,37.2,47.9,47.1,48.4
2025-11-15 01:00:00,,,,,,,,,,,,,,,,,,,,30.5,30.0,10.5,6.5,33.7,34.5,38.2,38.0,37.2,47.8,47.1,48.4
2025-11-15 02:00:00,,,,,,,,,,,,,,,,,,,,30.4,29.9,10.5,6.5,33.6,34.4,38.2,38.0,37.2,47.8,47.1,48.4
2025-11-15 03:00:00,,,,,,,,,,,,,,,,,,,,30.4,29.9,10.5,6.5,33.6,34.3,38.1,38.0,37.1,47.8,47.1,48.4
2025-11-15 04:00:00,,,,,,,,,,,,,,,,,,,,30.3,29.9,10.5,6.5,33.5,34.3,38.1,38.0,37.1,47.8,47.1,48.4
2025-11-15 05:00:00,,,,,,,,,,,,,,,,,,,,30.3,29.8,10.5,6.5,33.5,34.3,38.1,38.0,37.1,47.8,47.1,48.3
2025-11-15 06:00:00,,,,,,,,,,,,,,,,,,,,30.2,29.8,10.5,6.5,33.5,34.3,38.0,38.0,37.1,47.8,47.0,48.3
2025-11-15 07:00:00,,,,,,,,,,,,,,,,,,,,30.2,29.9,10.5,6.5,33.4,34.3,38.0,38.0,37.1,47.8,47.0,48.3
2025-11-15 08:00:00,,,,,,,,,,,,,,,,,,,,30.1,29.8,10.5,6.5,33.4,34.1,38.0,37.9,37.0,47.7,47.0,48.3
2025-11-15 09:00:00,,,,,,,,,,,,,,,,,,,,30.0,29.7,10.4,6.5,33.4,34.1,37.9,37.9,36.9,47.7,47.0,48.2
2025-11-15 10:00:00,,,,,,,,,,,,,,,,,,,,29.8,29.6,10.4,6.5,33.3,34.0,37.9,37.8,36.9,47.6,46.9,48.2
2025-11-15 11:00:00,,,,,,,,,,,,,,,,,,,,29.6,29.5,10.4,6.5,33.3,34.0,37.8,37.8,36.8,47.5,46.8,48.2
2025-11-15 12:00:00,,,,,,,,,,,,,,,,,,,,29.3,29.4,10.4,6.5,33.2,33.8,37.7,37.7,36.7,47.4,46.7,48.2
2025-11-15 13:00:00,,,,,,,,,,,,,,,,,,,,29.1,29.1,10.4,6.5,33.1,33.7,37.6,37.6,36.7,47.4,46.7,48.1
2025-11-15 14:00:00,,,,,,,,,,,,,,,,,,,,28.9,29.1,10.3,6.5,33.0,33.7,37.6,37.6,36.7,47.4,46.7,48.1
2025-11-15 15:00:00,,,,,,,,,,,,,,,,,,,,28.8,29.1,10.3,6.5,33.0,33.6,37.6,37.6,36.7,47.4,46.7,48.1
2025-11-15 16:00:00,,,,,,,,,,,,,,,,,,,,28.8,29.0,10.3,6.5,32.9,33.6,37.5,37.6,36.6,47.4,46.7,48.2
2025-11-15 17:00:00,,,,,,,,,,,,,,,,,,,,28.8,29.0,10.3,6.5,32.9,33.6,37.5,37.5,36.6,47.4,46.7,48.2
2025-11-15 18:00:00,,,,,,,,,,,,,,,,,,,,28.7,28.9,10.3,6.5,32.8,33.6,37.5,37.5,36.6,47.4,46.7,48.2
2025-11-15 19:00:00,,,,,,,,,,,,,,,,,,,,28.7,28.9,10.3,6.5,32.8,33.5,37.5,37.5,36.6,47.4,46.7,48.1
2025-11-15 20:00:00,,,,,,,,,,,,,,,,,,,,28.6,28.8,10.3,6.5,32.8,33.5,37.4,37.5,36.6,47.4,46.7,48.2
2025-11-15 21:00:00,,,,,,,,,,,,,,,,,,,,28.6,28.8,10.3,6.5,32.8,33.5,37.4,37.5,36.6,47.4,46.7,48.1
2025-11-15 22:00:00,,,,,,,,,,,,,,,,,,,,28.6,28.8,10.3,6.4,32.7,33.4,37.4,37.5,36.5,47.4,46.7,48.1
2025-11-15 23:00:00,,,,,,,,,,,,,,,,,,,,28.5,28.8,10.3,6.4,32.7,33.4,37.4,37.5,36.5,47.4,46.7,48.1
2025-11-16 01:00:00,,,,,,,,,,,,,,,,,,,,28.5,28.8,10.3,6.4,32.7,33.4,37.4,37.5,36.5,47.3,46.7,48.1
2025-11-16 02:00:00,,,,,,,,,,,,,,,,,,,,28.4,28.7,10.3,6.4,32.7,33.4,37.4,37.5,36.5,47.3,46.7,48.1
2025-11-16 03:00:00,,,,,,,,,,,,,,,,,,,,28.3,28.7,10.3,6.4,32.6,33.4,37.3,37.4,36.5,47.3,46.7,48.2
2025-11-16 04:00:00,,,,,,,,,,,,,,,,,,,,28.3,28.7,10.2,6.4,32.6,33.3,37.3,37.4,36.4,47.3,46.7,48.2
2025-11-16 05:00:00,,,,,,,,,,,,,,,,,,,,28.4,28.6,10.2,6.4,32.6,33.3,37.3,37.4,36.4,47.3,46.6,48.2
2025-11-16 06:00:00,,,,,,,,,,,,,,,,,,,,28.3,28.7,10.2,6.4,32.6,33.3,37.3,37.4,36.4,47.3,46.6,48.2
2025-11-16 07:00:00,,,,,,,,,,,,,,,,,,,,28.3,28.6,10.2,6.4,32.6,33.3,37.3,37.4,36.4,47.3,46.6,48.2
2025-11-16 08:00:00,,,,,,,,,,,,,,,,,,,,28.3,28.6,10.2,6.4,32.5,33.3,37.3,37.4,36.3,47.3,46.6,48.1
2025-11-16 09:00:00,,,,,,,,,,,,,,,,,,,,28.1,28.5,10.2,6.4,32.5,33.2,37.2,37.3,36.3,47.2,46.6,48.1
2025-11-16 10:00:00,,,,,,,,,,,,,,,,,,,,27.9,28.5,10.2,6.4,32.4,33.1,37.1,37.2,36.2,47.1,46.5,48.1
2025-11-16 11:00:00,,,,,,,,,,,,,,,,,,,,27.7,28.3,10.2,6.4,32.3,33.0,37.0,37.2,36.1,47.1,46.4,48.1
2025-11-16 12:00:00,,,,,,,,,,,,,,,,,,,,27.5,28.2,10.1,6.4,32.2,32.9,36.9,37.1,36.0,47.0,46.3,48.1
2025-11-16 13:00:00,,,,,,,,,,,,,,,,,,,,27.2,28.1,10.1,6.3,32.1,32.8,36.8,37.0,35.9,47.0,46.3,48.0
2025-11-16 14:00:00,,,,,,,,,,,,,,,,,,,,26.9,27.8,10.1,6.3,32.1,32.7,36.8,37.0,35.9,46.9,46.2,48.0
2025-11-16 15:00:00,,,,,,,,,,,,,,,,,,,,26.8,27.8,10.1,6.3,32.0,32.6,36.7,37.0,35.8,46.9,46.2,48.0
2025-11-16 16:00:00,,,,,,,,,,,,,,,,,,,,26.7,27.7,10.0,6.3,31.9,32.6,36.7,37.0,35.8,46.9,46.2,48.1
2025-11-16 17:00:00,,,,,,,,,,,,,,,,,,,,26.7,27.7,10.0,6.3,31.9,32.6,36.7,37.0,35.8,46.9,46.2,48.1
2025-11-16 18:00:00,,,,,,,,,,,,,,,,,,,,26.6,27.6,10.0,6.3,31.9,32.6,36.7,36.9,35.8,47.0,46.3,48.1
2025-11-16 19:00:00,,,,,,,,,,,,,,,,,,,,26.6,27.6,10.0,6.3,31.8,32.6,36.7,36.9,35.8,47.0,46.3,48.1
2025-11-16 20:00:00,,,,,,,,,,,,,,,,,,,,26.5,27.6,10.0,6.3,31.8,32.5,36.7,36.9,35.8,47.0,46.3,48.1
2025-11-16 21:00:00,,,,,,,,,,,,,,,,,,,,26.5,27.5,10.0,6.3,31.8,32.5,36.7,36.9,35.8,47.0,46.3,48.1
2025-11-16 22:00:00,,,,,,,,,,,,,,,,,,,,26.5,27.6,10.0,6.3,31.8,32.5,36.7,36.9,35.8,47.0,46.3,48.2
2025-11-16 23:00:00,,,,,,,,,,,,,,,,,,,,26.5,27.6,10.0,6.3,31.7,32.5,36.6,36.9,35.8,47.0,46.3,48.1
2025-11-17 01:00:00,,,,,,,,,,,,,,,,,,,,26.4,27.5,10.0,6.3,31.7,32.5,36.6,36.9,35.8,47.0,46.3,48.1
2025-11-17 02:00:00,,,,,,,,,,,,,,,,,,,,26.4,27.5,10.0,6.3,31.7,32.4,36.6,36.9,35.8,47.0,46.2,48.1
2025-11-17 03:00:00,,,,,,,,,,,,,,,,,,,,26.3,27.5,10.0,6.3,31.7,32.4,36.5,36.9,35.8,46.9,46.2,48.1
2025-11-17 04:00:00,,,,,,,,,,,,,,,,,,,,26.3,27.4,10.0,6.3,31.6,32.4,36.5,36.8,35.8,47.0,46.3,48.1
2025-11-17 05:00:00,,,,,,,,,,,,,,,,,,,,26.3,27.4,10.0,6.3,31.6,32.4,36.5,36.8,35.7,46.9,46.2,48.1
2025-11-17 06:00:00,,,,,,,,,,,,,,,,,,,,26.2,27.5,10.0,6.3,31.6,32.3,36.5,36.8,35.7,46.9,46.2,48.1
2025-11-17 07:00:00,,,,,,,,,,,,,,,,,,,,26.2,27.4,10.0,6.3,31.6,32.3,36.5,36.8,35.7,46.9,46.3,48.1
2025-11-17 08:00:00,,,,,,,,,,,,,,,,,,,,26.2,27.4,10.0,6.3,31.6,32.3,36.5,36.8,35.7,46.9,46.2,48.1
2025-11-17 09:00:00,,,,,,,,,,,,,,,,,,,,26.1,27.4,10.0,6.3,31.6,32.3,36.4,36.8,35.6,46.9,46.2,48.1
2025-11-17 10:00:00,,,,,,,,,,,,,,,,,,,,25.9,27.3,10.0,6.3,31.5,32.2,36.4,36.7,35.6,46.8,46.1,48.1
2025-11-17 11:00:00,,,,,,,,,,,,,,,,,,,,25.8,27.2,9.9,6.3,31.4,32.1,36.3,36.6,35.5,46.7,46.0,48.1
2025-11-17 12:00:00,,,,,,,,,,,,,,,,,,,,25.5,27.0,9.9,6.3,31.3,32.0,36.2,36.5,35.4,46.6,46.0,48.0
2025-11-17 13:00:00,,,,,,,,,,,,,,,,,,,,25.2,26.9,9.9,6.2,31.2,31.9,36.1,36.5,35.3,46.5,45.9,48.0
2025-11-17 14:00:00,,,,,,,,,,,,,,,,,,,,25.1,26.8,9.9,6.2,31.2,31.9,36.1,36.5,35.3,46.5,45.9,48.0
2025-11-17 15:00:00,,,,,,,,,,,,,,,,,,,,25.0,26.7,9.9,6.2,31.1,31.8,36.0,36.4,35.2,46.5,45.9,48.0
2025-11-17 16:00:00,,,,,,,,,,,,,,,,,,,,24.9,26.7,9.8,6.2,31.1,31.8,36.0,36.4,35.2,46.5,45.9,48.0
2025-11-17 17:00:00,,,,,,,,,,,,,,,,,,,,24.8,26.7,9.8,6.2,31.0,31.8,36.0,36.4,35.3,46.5,45.9,48.0
2025-11-17 18:00:00,,,,,,,,,,,,,,,,,,,,24.8,26.6,9.8,6.2,31.0,31.7,36.0,36.4,35.2,46.5,45.9,48.0
2025-11-17 19:00:00,,,,,,,,,,,,,,,,,,,,24.8,26.6,9.8,6.2,31.0,31.7,36.0,36.4,35.2,46.5,45.9,48.0
2025-11-17 20:00:00,,,,,,,,,,,,,,,,,,,,24.8,26.6,9.8,6.2,31.0,31.7,36.0,36.4,35.2,46.5,45.9,48.0
2025-11-17 21:00:00,,,,,,,,,,,,,,,,,,,,24.7,26.6,9.8,6.3,31.0,31.7,36.0,36.4,35.2,46.5,45.9,48.0
2025-11-17 22:00:00,,,,,,,,,,,,,,,,,,,,24.7,26.5,9.8,6.3,31.0,31.7,36.0,36.4,35.2,46.5,45.9,48.0
2025-11-17 23:00:00,,,,,,,,,,,,,,,,,,,,24.7,26.5,9.8,6.3,31.0,31.7,36.0,36.4,35.2,46.5,46.0,48.0
2025-11-18 01:00:00,,,,,,,,,,,,,,,,,,,,24.6,26.5,9.8,6.2,30.9,31.7,36.0,36.4,35.2,46.5,46.0,48.1
2025-11-18 02:00:00,,,,,,,,,,,,,,,,,,,,24.6,26.4,9.8,6.2,30.9,31.7,35.9,36.4,35.2,46.5,46.0,48.0
2025-11-18 03:00:00,,,,,,,,,,,,,,,,,,,,24.6,26.4,9.8,6.2,30.9,31.6,36.0,36.4,35.2,46.5,45.9,48.1
2025-11-18 04:00:00,,,,,,,,,,,,,,,,,,,,24.6,26.5,9.8,6.2,30.9,31.6,35.9,36.4,35.2,46.5,45.9,48.0
2025-11-18 05:00:00,,,,,,,,,,,,,,,,,,,,24.5,26.5,9.8,6.2,30.9,31.6,35.9,36.4,35.2,46.5,45.9,48.0
2025-11-18 06:00:00,,,,,,,,,,,,,,,,,,,,24.5,26.4,9.8,6.2,30.9,31.6,35.9,36.4,35.1,46.5,45.9,48.0
2025-11-18 07:00:00,,,,,,,,,,,,,,,,,,,,24.5,26.4,9.8,6.2,30.9,31.6,35.9,36.3,35.1,46.5,46.0,48.1
2025-11-18 08:00:00,,,,,,,,,,,,,,,,,,,,24.5,26.4,9.8,6.2,30.9,31.6,35.9,36.3,35.1,46.4,45.9,48.1
2025-11-18 09:00:00,,,,,,,,,,,,,,,,,,,,24.3,26.3,9.8,6.2,30.9,31.5,35.9,36.2,35.1,46.4,45.9,48.0
2025-11-18 10:00:00,,,,,,,,,,,,,,,,,,,,24.2,26.3,9.7,6.2,30.8,31.4,35.8,36.2,35.0,46.4,45.8,48.0
2025-11-18 11:00:00,,,,,,,,,,,,,,,,,,,,24.0,26.1,9.7,6.2,30.8,31.4,35.7,36.2,34.9,46.2,45.8,47.9
2025-11-18 12:00:00,,,,,,,,,,,,,,,,,,,,23.8,26.0,9.7,6.2,30.7,31.3,35.7,36.1,34.8,46.2,45.7,47.9
2025-11-18 13:00:00,,,,,,,,,,,,,,,,,,,,23.6,25.8,9.6,6.2,30.6,31.2,35.6,36.0,34.7,46.1,45.6,47.9
2025-11-18 14:00:00,,,,,,,,,,,,,,,,,,,,23.4,25.8,9.6,6.2,30.5,31.1,35.5,36.0,34.6,46.1,45.6,47.9
2025-11-18 15:00:00,,,,,,,,,,,,,,,,,,,,23.3,25.6,9.6,6.2,30.5,31.0,35.5,36.0,34.6,46.0,45.6,47.9
2025-11-18 16:00:00,,,,,,,,,,,,,,,,,,,,23.2,25.6,9.6,6.2,30.5,31.0,35.4,36.0,34.6,46.1,45.6,47.9
2025-11-18 17:00:00,,,,,,,,,,,,,,,,,,,,23.2,25.6,9.6,6.2,30.4,31.0,35.5,35.9,34.6,46.1,45.6,47.9
2025-11-18 18:00:00,,,,,,,,,,,,,,,,,,,,23.1,25.5,9.6,6.2,30.4,31.0,35.4,35.9,34.6,46.1,45.6,47.9
2025-11-18 19:00:00,,,,,,,,,,,,,,,,,,,,23.1,25.5,9.6,6.2,30.4,31.0,35.4,35.9,34.6,46.1,45.6,47.9
2025-11-18 20:00:00,,,,,,,,,,,,,,,,,,,,23.1,25.5,9.6,6.2,30.4,31.0,35.4,35.9,34.6,46.1,45.6,47.9
2025-11-18 21:00:00,,,,,,,,,,,,,,,,,,,,23.1,25.5,9.6,6.2,30.4,31.0,35.4,35.9,34.6,46.1,45.6,47.9
2025-11-18 22:00:00,,,,,,,,,,,,,,,,,,,,23.1,25.4,9.6,6.2,30.3,30.9,35.4,35.9,34.6,46.1,45.6,47.9
2025-11-18 23:00:00,,,,,,,,,,,,,,,,,,,,23.0,25.5,9.6,6.2,30.3,30.9,35.4,35.9,34.6,46.1,45.6,47.9
2025-11-19 01:00:00,,,,,,,,,,,,,,,,,,,,23.0,25.4,9.6,6.2,30.3,30.9,35.4,35.8,34.6,46.1,45.7,47.9
2025-11-19 02:00:00,,,,,,,,,,,,,,,,,,,,23.0,25.4,9.6,6.2,30.2,30.9,35.4,35.8,34.6,46.1,45.7,47.9
2025-11-19 03:00:00,,,,,,,,,,,,,,,,,,,,23.0,25.4,9.6,6.2,30.2,30.9,35.4,35.8,34.5,46.1,45.7,47.9
2025-11-19 04:00:00,,,,,,,,,,,,,,,,,,,,22.9,25.4,9.6,6.1,30.2,30.9,35.4,35.8,34.5,46.1,45.7,47.9
2025-11-19 05:00:00,,,,,,,,,,,,,,,,,,,,22.9,25.4,9.6,6.1,30.2,30.9,35.4,35.8,34.5,46.1,45.7,47.9
2025-11-19 06:00:00,,,,,,,,,,,,,,,,,,,,22.9,25.3,9.6,6.1,30.2,30.9,35.3,35.8,34.5,46.1,45.7,47.9
2025-11-19 07:00:00,,,,,,,,,,,,,,,,,,,,22.8,25.3,9.6,6.1,30.2,30.9,35.3,35.8,34.5,46.1,45.7,47.9
2025-11-19 08:00:00,,,,,,,,,,,,,,,,,,,,22.8,25.3,9.6,6.1,30.1,30.8,35.3,35.8,34.5,46.1,45.7,47.9
2025-11-19 09:00:00,,,,,,,,,,,,,,,,,,,,22.7,25.2,9.6,6.2,30.1,30.8,35.3,35.8,34.5,46.0,45.7,47.9
2025-11-19 10:00:00,,,,,,,,,,,,,,,,,,,,22.7,25.2,9.6,6.1,30.1,30.7,35.3,35.7,34.4,46.0,45.6,47.8
2025-11-19 11:00:00,,,,,,,,,,,,,,,,,,,,22.6,25.2,9.6,6.1,30.1,30.7,35.3,35.7,34.4,46.0,45.6,47.8
2025-11-19 12:00:00,,,,,,,,,,,,,,,,,,,,22.5,25.1,9.6,6.1,30.0,30.6,35.2,35.7,34.3,46.0,45.6,47.8
2025-11-19 13:00:00,,,,,,,,,,,,,,,,,,,,22.4,25.0,9.6,6.1,29.9,30.6,35.1,35.6,34.3,45.9,45.6,47.8
2025-11-19 14:00:00,,,,,,,,,,,,,,,,,,,,22.4,24.9,9.5,6.1,29.9,30.5,35.1,35.6,34.2,45.9,45.5,47.8
2025-11-19 15:00:00,,,,,,,,,,,,,,,,,,,,22.3,24.9,9.5,6.1,29.8,30.5,35.1,35.5,34.2,45.9,45.5,47.8
2025-11-19 16:00:00,,,,,,,,,,,,,,,,,,,,22.2,24.8,9.5,6.1,29.8,30.5,35.1,35.5,34.2,45.9,45.5,47.8
2025-11-19 17:00:00,,,,,,,,,,,,,,,,,,,,22.2,24.8,9.5,6.1,29.8,30.5,35.1,35.5,34.2,45.9,45.5,47.8
2025-11-19 18:00:00,,,,,,,,,,,,,,,,,,,,22.2,24.8,9.5,6.1,29.8,30.5,35.0,35.5,34.2,45.9,45.5,47.8
2025-11-19 19:00:00,,,,,,,,,,,,,,,,,,,,22.2,24.8,9.6,6.1,29.8,30.5,35.0,35.5,34.2,45.9,45.5,47.8
2025-11-19 20:00:00,,,,,,,,,,,,,,,,,,,,22.1,24.7,9.5,6.1,29.8,30.4,35.0,35.5,34.2,46.0,45.5,47.8
2025-11-19 21:00:00,,,,,,,,,,,,,,,,,,,,22.1,24.7,9.5,6.1,29.7,30.4,35.0,35.5,34.2,46.0,45.5,47.8
2025-11-19 22:00:00,,,,,,,,,,,,,,,,,,,,22.1,24.8,9.5,6.1,29.7,30.4,35.0,35.5,34.1,45.9,45.5,47.8
2025-11-19 23:00:00,,,,,,,,,,,,,,,,,,,,22.0,24.7,9.5,6.1,29.7,30.4,35.0,35.5,34.1,46.0,45.5,47.8
2025-11-20 01:00:00,,,,,,,,,,,,,,,,,,,,22.0,24.7,9.5,6.1,29.7,30.4,34.9,35.5,34.1,46.0,45.5,47.8
2025-11-20 02:00:00,,,,,,,,,,,,,,,,,,,,22.0,24.6,9.5,6.1,29.7,30.4,34.9,35.5,34.1,46.0,45.5,47.8
2025-11-20 03:00:00,,,,,,,,,,,,,,,,,,,,22.0,24.7,9.5,6.1,29.7,30.4,34.9,35.5,34.1,46.0,45.5,47.8
2025-11-20 04:00:00,,,,,,,,,,,,,,,,,,,,22.0,24.6,9.5,6.1,29.7,30.4,34.9,35.5,34.1,46.0,45.5,47.8
2025-11-20 05:00:00,,,,,,,,,,,,,,,,,,,,21.9,24.6,9.5,6.1,29.6,30.3,34.9,35.5,34.1,46.0,45.5,47.8
2025-11-20 06:00:00,,,,,,,,,,,,,,,,,,,,21.9,24.6,9.5,6.1,29.6,30.3,34.9,35.5,34.1,46.0,45.5,47.8
2025-11-20 07:00:00,,,,,,,,,,,,,,,,,,,,21.9,24.6,9.5,6.1,29.6,30.3,34.8,35.5,34.1,46.0,45.5,47.8
2025-11-20 08:00:00,,,,,,,,,,,,,,,,,,,,21.9,24.6,9.5,6.1,29.6,30.3,34.8,35.5,34.1,46.0,45.5,47.8
2025-11-20 09:00:00,,,,,,,,,,,,,,,,,,,,21.9,24.5,9.5,6.1,29.6,30.3,34.8,35.5,34.0,46.0,45.5,47.8
2025-11-20 10:00:00,,,,,,,,,,,,,,,,,,,,21.9,24.5,9.5,6.1,29.6,30.2,34.8,35.4,34.0,45.9,45.5,47.8
2025-11-20 11:00:00,,,,,,,,,,,,,,,,,,,,21.8,24.5,9.5,6.1,29.5,30.2,34.8,35.4,34.0,45.9,45.5,47.7
2025-11-20 12:00:00,,,,,,,,,,,,,,,,,,,,21.7,24.4,9.4,6.1,29.5,30.1,34.7,35.3,33.8,45.8,45.4,47.7
2025-11-20 13:00:00,,,,,,,,,,,,,,,,,,,,21.6,24.3,9.4,6.1,29.4,30.3,34.6,35.2,33.8,45.8,45.4,47.6
2025-11-20 14:00:00,,,,,,,,,,,,,,,,,,,,21.5,24.2,9.4,6.1,29.4,30.1,34.7,35.1,33.7,45.8,45.4,47.6
2025-11-20 15:00:00,,,,,,,,,,,,,,,,,,,,21.5,24.2,9.4,6.1,29.3,30.0,34.6,35.1,33.7,45.8,45.4,47.6
2025-11-20 16:00:00,,,,,,,,,,,,,,,,,,,,21.5,24.2,9.4,6.1,29.3,30.0,34.5,35.1,33.8,45.8,45.4,47.6
2025-11-20 17:00:00,,,,,,,,,,,,,,,,,,,,21.4,24.1,9.4,6.1,29.3,30.0,34.5,35.1,33.8,45.8,45.4,47.6
2025-11-20 18:00:00,,,,,,,,,,,,,,,,,,,,21.4,24.1,9.4,6.1,29.3,29.9,34.5,35.1,33.8,45.8,45.4,47.6
2025-11-20 19:00:00,,,,,,,,,,,,,,,,,,,,21.4,24.1,9.4,6.1,29.2,29.9,34.5,35.1,33.8,45.8,45.4,47.6
2025-11-20 20:00:00,,,,,,,,,,,,,,,,,,,,21.4,24.1,9.4,6.1,29.2,29.9,34.5,35.1,33.8,45.8,45.4,47.6
2025-11-20 21:00:00,,,,,,,,,,,,,,,,,,,,21.3,24.0,9.4,6.1,29.2,29.9,34.6,35.1,33.8,45.8,45.4,47.6
2025-11-20 22:00:00,,,,,,,,,,,,,,,,,,,,21.3,24.0,9.4,6.1,29.2,29.9,34.6,35.0,33.8,45.8,45.4,47.6
2025-11-20 23:00:00,,,,,,,,,,,,,,,,,,,,21.3,24.0,9.4,6.0,29.2,29.9,34.5,35.0,33.8,45.8,45.4,47.6
2025-11-21 01:00:00,,,,,,,,,,,,,,,,,,,,21.3,24.0,9.4,6.0,29.2,29.9,34.5,35.1,33.8,45.8,45.4,47.6
2025-11-21 02:00:00,,,,,,,,,,,,,,,,,,,,21.3,24.0,9.4,6.0,29.2,29.9,34.5,35.0,33.7,45.8,45.4,47.6
2025-11-21 03:00:00,,,,,,,,,,,,,,,,,,,,21.3,24.0,9.4,6.0,29.2,29.9,34.5,35.0,33.7,45.8,45.4,47.6
2025-11-21 04:00:00,,,,,,,,,,,,,,,,,,,,21.3,23.9,9.4,6.0,29.1,29.8,34.5,35.0,33.8,45.8,45.4,47.6
2025-11-21 05:00:00,,,,,,,,,,,,,,,,,,,,21.3,23.9,9.4,6.0,29.1,29.8,34.5,35.0,33.8,45.8,45.4,47.6
2025-11-21 06:00:00,,,,,,,,,,,,,,,,,,,,21.3,24.0,9.4,6.0,29.1,29.8,34.5,35.0,33.8,45.8,45.4,47.6
2025-11-21 07:00:00,,,,,,,,,,,,,,,,,,,,21.3,24.0,9.4,6.0,29.1,29.8,34.5,35.0,33.7,45.7,45.4,47.6
2025-11-21 08:00:00,,,,,,,,,,,,,,,,,,,,21.2,23.9,9.4,6.0,29.1,29.8,34.4,35.0,33.7,45.7,45.4,47.6
2025-11-21 09:00:00,,,,,,,,,,,,,,,,,,,,21.2,23.9,9.4,6.0,29.1,29.7,34.4,34.9,33.7,45.7,45.3,47.6
2025-11-21 10:00:00,,,,,,,,,,,,,,,,,,,,21.2,23.8,9.3,6.0,29.0,29.7,34.4,34.8,33.6,45.7,45.3,47.5
2025-11-21 11:00:00,,,,,,,,,,,,,,,,,,,,21.1,23.7,9.3,6.0,29.0,29.6,34.2,34.7,33.5,45.6,45.2,47.5
2025-11-21 12:00:00,,,,,,,,,,,,,,,,,,,,21.0,23.6,9.3,6.0,28.9,29.4,34.1,34.6,33.4,45.5,45.1,47.4
2025-11-21 13:00:00,,,,,,,,,,,,,,,,,,,,20.9,23.5,9.3,6.0,28.9,29.4,34.1,34.5,33.3,45.4,45.1,47.4
2025-11-21 14:00:00,,,,,,,,,,,,,,,,,,,,20.8,23.4,9.2,6.0,28.8,29.3,34.1,34.5,33.3,45.4,45.1,47.3
2025-11-21 15:00:00,,,,,,,,,,,,,,,,,,,,20.8,23.3,9.2,6.0,28.8,29.3,34.0,34.5,33.3,45.4,45.0,47.3
2025-11-21 16:00:00,,,,,,,,,,,,,,,,,,,,20.8,23.3,9.2,6.0,28.8,29.3,34.0,34.4,33.3,45.4,45.1,47.3
2025-11-21 17:00:00,,,,,,,,,,,,,,,,,,,,20.7,23.3,9.2,6.0,28.7,29.3,34.0,34.4,33.3,45.4,45.1,47.3
2025-11-21 18:00:00,,,,,,,,,,,,,,,,,,,,20.7,23.3,9.2,6.0,28.7,29.3,34.0,34.4,33.3,45.5,45.1,47.3
2025-11-21 19:00:00,,,,,,,,,,,,,,,,,,,,20.7,23.2,9.2,6.0,28.7,29.3,34.0,34.4,33.3,45.4,45.1,47.3
2025-11-21 20:00:00,,,,,,,,,,,,,,,,,,,,20.7,23.2,9.2,6.0,28.7,29.3,34.0,34.4,33.3,45.5,45.1,47.3
2025-11-21 21:00:00,,,,,,,,,,,,,,,,,,,,20.7,23.2,9.2,6.0,28.7,29.3,34.0,34.4,33.3,45.5,45.1,47.3
2025-11-21 22:00:00,,,,,,,,,,,,,,,,,,,,20.7,23.2,9.2,6.0,28.7,29.3,34.0,34.4,33.3,45.5,45.1,47.3
2025-11-21 23:00:00,,,,,,,,,,,,,,,,,,,,20.7,23.2,9.2,6.0,28.6,29.3,34.0,34.4,33.3,45.4,45.1,47.3
2025-11-22 01:00:00,,,,,,,,,,,,,,,,,,,,20.7,23.2,9.2,6.0,28.6,29.2,34.0,34.4,33.3,45.4,45.1,47.3
2025-11-22 02:00:00,,,,,,,,,,,,,,,,,,,,20.7,23.2,9.2,6.0,28.6,29.2,34.0,34.4,33.3,45.5,45.1,47.3
2025-11-22 03:00:00,,,,,,,,,,,,,,,,,,,,20.6,23.1,9.2,6.0,28.6,29.2,34.0,34.4,33.3,45.4,45.1,47.3
2025-11-22 04:00:00,,,,,,,,,,,,,,,,,,,,20.6,23.1,9.2,6.0,28.6,29.2,34.0,34.4,33.3,45.4,45.1,47.3
2025-11-22 05:00:00,,,,,,,,,,,,,,,,,,,,20.6,23.1,9.2,6.0,28.6,29.2,34.0,34.3,33.3,45.4,45.1,47.3
2025-11-22 06:00:00,,,,,,,,,,,,,,,,,,,,20.6,23.1,9.2,6.0,28.6,29.2,34.0,34.3,33.3,45.4,45.1,47.3
2025-11-22 07:00:00,,,,,,,,,,,,,,,,,,,,20.6,23.1,9.2,6.0,28.6,29.2,33.9,34.3,33.3,45.4,45.1,47.3
2025-11-22 08:00:00,,,,,,,,,,,,,,,,,,,,20.6,23.1,9.2,6.0,28.6,29.2,33.9,34.3,33.2,45.4,45.1,47.3
2025-11-22 09:00:00,,,,,,,,,,,,,,,,,,,,20.6,23.0,9.2,6.0,28.5,29.2,33.9,34.3,33.2,45.4,45.1,47.3
2025-11-22 10:00:00,,,,,,,,,,,,,,,,,,,,20.6,23.0,9.2,6.0,28.5,29.1,33.8,34.2,33.2,45.3,45.0,47.3
2025-11-22 11:00:00,,,,,,,,,,,,,,,,,,,,20.5,22.9,9.2,6.0,28.4,29.1,33.8,34.2,33.1,45.3,45.0,47.2
2025-11-22 12:00:00,,,,,,,,,,,,,,,,,,,,20.5,22.8,9.1,6.0,28.3,29.0,33.7,34.0,33.0,45.2,45.0,47.2
2025-11-22 13:00:00,,,,,,,,,,,,,,,,,,,,20.4,22.7,9.1,6.0,28.3,28.8,33.6,33.9,32.8,45.1,44.9,47.1
2025-11-22 14:00:00,,,,,,,,,,,,,,,,,,,,20.3,22.6,9.1,5.9,28.2,28.7,33.5,33.8,32.7,45.0,44.7,47.0
2025-11-22 15:00:00,,,,,,,,,,,,,,,,,,,,20.2,22.5,9.1,5.9,28.1,28.7,33.5,33.7,32.7,44.9,44.7,47.0
2025-11-22 16:00:00,,,,,,,,,,,,,,,,,,,,20.2,22.5,9.0,5.9,28.1,28.6,33.5,33.7,32.6,44.9,44.7,47.0
2025-11-22 17:00:00,,,,,,,,,,,,,,,,,,,,20.2,22.5,9.0,5.9,28.0,28.6,33.4,33.7,32.6,45.0,44.8,47.0
2025-11-22 18:00:00,,,,,,,,,,,,,,,,,,,,20.2,22.4,9.0,5.9,28.0,28.6,33.4,33.7,32.7,45.0,44.8,47.0
2025-11-22 19:00:00,,,,,,,,,,,,,,,,,,,,20.2,22.4,9.0,5.9,28.0,28.6,33.4,33.7,32.7,45.0,44.8,47.0
2025-11-22 20:00:00,,,,,,,,,,,,,,,,,,,,20.1,22.4,9.0,5.9,28.0,28.6,33.4,33.7,32.7,45.0,44.8,47.1
2025-11-22 21:00:00,,,,,,,,,,,,,,,,,,,,20.1,22.4,9.1,5.9,28.0,28.6,33.4,33.7,32.8,45.0,44.8,47.0
2025-11-22 22:00:00,,,,,,,,,,,,,,,,,,,,20.2,22.4,9.1,5.9,28.0,28.6,33.4,33.7,32.7,45.0,44.9,47.0
2025-11-22 23:00:00,,,,,,,,,,,,,,,,,,,,20.1,22.4,9.1,5.9,28.0,28.6,33.4,33.7,32.7,45.0,44.9,47.0
2025-11-23 01:00:00,,,,,,,,,,,,,,,,,,,,20.1,22.4,9.1,5.9,28.0,28.6,33.4,33.7,32.7,45.0,44.9,47.1
2025-11-23 02:00:00,,,,,,,,,,,,,,,,,,,,20.1,22.4,9.1,5.9,28.0,28.6,33.4,33.7,32.7,45.0,44.9,47.1
2025-11-23 03:00:00,,,,,,,,,,,,,,,,,,,,20.1,22.3,9.1,5.9,28.0,28.6,33.4,33.7,32.8,45.0,44.9,47.1
2025-11-23 04:00:00,,,,,,,,,,,,,,,,,,,,20.1,22.3,9.1,5.9,28.0,28.6,33.4,33.7,32.7,45.0,44.9,47.1
2025-11-23 05:00:00,,,,,,,,,,,,,,,,,,,,20.1,22.3,9.1,5.9,27.9,28.6,33.4,33.7,32.7,45.0,44.9,47.1
2025-11-23 06:00:00,,,,,,,,,,,,,,,,,,,,20.0,22.3,9.0,5.9,27.9,28.6,33.4,33.7,32.7,45.0,44.9,47.1
2025-11-23 07:00:00,,,,,,,,,,,,,,,,,,,,20.1,22.3,9.1,5.9,27.9,28.6,33.4,33.7,32.7,45.0,44.9,47.1
2025-11-23 08:00:00,,,,,,,,,,,,,,,,,,,,20.0,22.3,9.0,5.9,27.9,28.6,33.4,33.7,32.7,45.0,44.9,47.1
2025-11-23 09:00:00,,,,,,,,,,,,,,,,,,,,20.1,22.2,9.0,5.9,27.9,28.5,33.4,33.6,32.6,44.9,44.8,47.0
2025-11-23 10:00:00,,,,,,,,,,,,,,,,,,,,20.0,22.1,9.0,5.9,27.8,28.4,33.3,33.5,32.5,44.9,44.7,47.0
2025-11-23 11:00:00,,,,,,,,,,,,,,,,,,,,20.0,22.0,9.0,5.9,27.7,28.3,33.1,33.3,32.4,44.7,44.6,46.9
2025-11-23 12:00:00,,,,,,,,,,,,,,,,,,,,19.9,21.9,8.9,5.9,27.6,28.1,33.0,33.2,32.2,44.6,44.5,46.9
2025-11-23 13:00:00,,,,,,,,,,,,,,,,,,,,19.8,21.8,8.9,5.9,27.5,28.0,32.9,33.0,32.1,44.4,44.3,46.8
2025-11-23 14:00:00,,,,,,,,,,,,,,,,,,,,19.8,21.6,8.9,5.8,27.4,27.9,32.8,32.9,32.0,44.4,44.3,46.7
2025-11-23 15:00:00,,,,,,,,,,,,,,,,,,,,19.7,21.6,8.9,5.9,27.4,27.8,32.9,32.9,32.0,44.4,44.3,46.7
2025-11-23 16:00:00,,,,,,,,,,,,,,,,,,,,19.7,21.6,8.9,5.9,27.4,27.8,32.8,32.9,32.0,44.4,44.3,46.8
2025-11-23 17:00:00,,,,,,,,,,,,,,,,,,,,19.7,21.6,8.9,5.8,27.3,27.8,32.8,32.9,32.0,44.4,44.3,46.8
2025-11-23 18:00:00,,,,,,,,,,,,,,,,,,,,19.7,21.6,8.9,5.9,27.3,27.8,32.9,32.9,32.0,44.4,44.3,46.8
2025-11-23 19:00:00,,,,,,,,,,,,,,,,,,,,19.7,21.6,8.8,5.8,27.3,27.8,32.8,32.9,32.0,44.5,44.4,46.8
2025-11-23 20:00:00,,,,,,,,,,,,,,,,,,,,19.7,21.6,8.9,5.8,27.3,27.8,32.8,32.9,32.0,44.5,44.4,46.8
2025-11-23 21:00:00,,,,,,,,,,,,,,,,,,,,19.7,21.6,8.9,5.8,27.3,27.8,32.8,32.9,32.0,44.5,44.4,46.8
2025-11-23 22:00:00,,,,,,,,,,,,,,,,,,,,19.7,21.6,8.9,5.8,27.3,27.8,32.8,32.9,32.1,44.5,44.4,46.8
2025-11-23 23:00:00,,,,,,,,,,,,,,,,,,,,19.7,21.6,8.9,5.8,27.3,27.8,32.8,32.9,32.1,44.5,44.4,46.8
2025-11-24 01:00:00,,,,,,,,,,,,,,,,,,,,19.7,21.6,8.9,5.9,27.2,27.8,32.8,32.9,32.1,44.5,44.4,46.8
2025-11-24 02:00:00,,,,,,,,,,,,,,,,,,,,19.7,21.6,8.9,5.9,27.2,27.8,32.8,32.9,32.1,44.5,44.4,46.8
2025-11-24 03:00:00,,,,,,,,,,,,,,,,,,,,19.7,21.6,8.9,5.8,27.2,27.8,32.8,32.9,32.1,44.5,44.4,46.8
2025-11-24 04:00:00,,,,,,,,,,,,,,,,,,,,19.7,21.6,8.9,5.8,27.2,27.8,32.8,32.9,32.0,44.5,44.4,46.8
2025-11-24 05:00:00,,,,,,,,,,,,,,,,,,,,19.6,21.5,8.9,5.8,27.2,27.8,32.8,32.9,32.0,44.5,44.4,46.8
2025-11-24 06:00:00,,,,,,,,,,,,,,,,,,,,19.6,21.5,8.9,5.8,27.2,27.8,32.8,32.9,32.0,44.5,44.4,46.8
2025-11-24 07:00:00,,,,,,,,,,,,,,,,,,,,19.6,21.5,8.9,5.8,27.1,27.8,32.8,32.9,32.0,44.6,44.4,46.8
2025-11-24 08:00:00,,,,,,,,,,,,,,,,,,,,19.6,21.5,8.9,5.8,27.1,27.8,32.8,32.9,32.0,44.5,44.4,46.8
2025-11-24 09:00:00,,,,,,,,,,,,,,,,,,,,19.7,21.5,8.9,5.8,27.1,27.7,32.7,32.8,32.0,44.4,44.3,46.8
2025-11-24 10:00:00,,,,,,,,,,,,,,,,,,,,19.6,21.4,8.8,5.8,27.0,27.6,32.7,32.7,31.8,44.3,44.2,46.7
2025-11-24 11:00:00,,,,,,,,,,,,,,,,,,,,19.5,21.3,8.8,5.8,26.9,27.5,32.5,32.5,31.7,44.2,44.1,46.6
2025-11-24 12:00:00,,,,,,,,,,,,,,,,,,,,19.5,21.2,8.8,5.8,26.8,27.3,32.4,32.4,31.5,44.0,44.0,46.5
2025-11-24 13:00:00,,,,,,,,,,,,,,,,,,,,19.5,21.1,8.7,5.8,26.7,27.2,32.3,32.3,31.4,43.9,43.9,46.4
2025-11-24 14:00:00,,,,,,,,,,,,,,,,,,,,19.5,21.1,8.7,5.7,26.6,27.1,32.2,32.2,31.3,43.9,43.8,46.4
2025-11-24 15:00:00,,,,,,,,,,,,,,,,,,,,19.4,21.0,8.7,5.7,26.6,27.1,32.2,32.2,31.3,43.9,43.8,46.4
2025-11-24 16:00:00,,,,,,,,,,,,,,,,,,,,19.4,21.0,8.7,5.7,26.6,27.1,32.2,32.2,31.3,43.9,43.8,46.4
2025-11-24 17:00:00,,,,,,,,,,,,,,,,,,,,19.4,21.0,8.7,5.7,26.5,27.1,32.2,32.2,31.3,43.9,43.9,46.4
2025-11-24 18:00:00,,,,,,,,,,,,,,,,,,,,19.4,21.0,8.7,5.7,26.5,27.1,32.2,32.2,31.3,44.0,43.9,46.4
2025-11-24 19:00:00,,,,,,,,,,,,,,,,,,,,19.5,21.0,8.7,5.8,26.5,27.1,32.2,32.2,31.3,44.0,43.9,46.5
2025-11-24 20:00:00,,,,,,,,,,,,,,,,,,,,19.4,21.0,8.7,5.8,26.5,27.1,32.2,32.2,31.4,44.1,44.0,46.5
2025-11-24 21:00:00,,,,,,,,,,,,,,,,,,,,19.4,21.0,8.7,5.8,26.5,27.1,32.2,32.2,31.4,44.1,44.0,46.5
2025-11-24 22:00:00,,,,,,,,,,,,,,,,,,,,19.4,21.0,8.7,5.8,26.5,27.1,32.2,32.2,31.4,44.1,44.0,46.5
2025-11-24 23:00:00,,,,,,,,,,,,,,,,,,,,19.4,21.0,8.7,5.7,26.5,27.1,32.2,32.2,31.4,44.1,44.0,46.5
2025-11-25 01:00:00,,,,,,,,,,,,,,,,,,,,19.4,21.0,8.7,5.7,26.5,27.1,32.2,32.2,31.4,44.1,44.1,46.5
2025-11-25 02:00:00,,,,,,,,,,,,,,,,,,,,19.4,21.0,8.7,5.7,26.5,27.1,32.2,32.2,31.4,44.1,44.1,46.5
2025-11-25 03:00:00,,,,,,,,,,,,,,,,,,,,19.4,20.9,8.7,5.7,26.5,27.1,32.2,32.2,31.4,44.1,44.1,46.5
2025-11-25 04:00:00,,,,,,,,,,,,,,,,,,,,19.4,21.0,8.7,5.7,26.4,27.1,32.2,32.2,31.4,44.1,44.1,46.5
2025-11-25 05:00:00,,,,,,,,,,,,,,,,,,,,19.4,21.0,8.7,5.7,26.4,27.1,32.2,32.2,31.4,44.1,44.1,46.5
2025-11-25 06:00:00,,,,,,,,,,,,,,,,,,,,19.3,21.0,8.7,5.7,26.4,27.1,32.2,32.2,31.4,44.1,44.1,46.5
2025-11-25 07:00:00,,,,,,,,,,,,,,,,,,,,19.4,20.9,8.7,5.7,26.4,27.1,32.2,32.2,31.4,44.1,44.1,46.5
2025-11-25 08:00:00,,,,,,,,,,,,,,,,,,,,19.4,20.9,8.7,5.7,26.4,27.1,32.2,32.2,31.4,44.1,44.1,46.5
2025-11-25 09:00:00,,,,,,,,,,,,,,,,,,,,19.3,20.9,8.7,5.7,26.3,27.0,32.1,32.1,31.4,44.1,44.1,46.4
2025-11-25 10:00:00,,,,,,,,,,,,,,,,,,,,19.4,20.9,8.7,5.7,26.3,26.9,32.1,32.1,31.3,44.0,44.0,46.4
2025-11-25 11:00:00,,,,,,,,,,,,,,,,,,,,19.3,20.8,8.7,5.7,26.2,26.9,32.0,31.9,31.2,43.9,43.9,46.3
2025-11-25 12:00:00,,,,,,,,,,,,,,,,,,,,19.3,20.8,8.7,5.7,26.2,26.8,32.0,31.9,31.1,43.9,43.9,46.3
2025-11-25 13:00:00,,,,,,,,,,,,,,,,,,,,19.3,20.8,8.7,5.7,26.1,26.7,31.9,31.8,31.1,43.8,43.9,46.3
2025-11-25 14:00:00,,,,,,,,,,,,,,,,,,,,19.3,20.7,8.6,5.7,26.1,26.7,31.9,31.8,31.1,43.8,43.9,46.3
2025-11-25 15:00:00,,,,,,,,,,,,,,,,,,,,19.3,20.7,8.6,5.7,26.0,26.7,31.8,31.8,31.1,43.8,43.9,46.3
2025-11-25 16:00:00,,,,,,,,,,,,,,,,,,,,19.3,20.7,8.6,5.7,26.0,26.6,31.8,31.8,31.1,43.9,43.9,46.3
2025-11-25 17:00:00,,,,,,,,,,,,,,,,,,,,19.3,20.7,8.6,5.7,25.9,26.6,31.8,31.8,31.1,43.9,43.9,46.3
2025-11-25 18:00:00,,,,,,,,,,,,,,,,,,,,19.3,20.7,8.6,5.7,25.9,26.6,31.8,31.8,31.1,43.9,43.9,46.3
2025-11-25 19:00:00,,,,,,,,,,,,,,,,,,,,19.2,20.7,8.6,5.7,25.9,26.6,31.8,31.8,31.1,43.9,43.9,46.3
2025-11-25 20:00:00,,,,,,,,,,,,,,,,,,,,19.3,20.7,8.6,5.7,25.9,26.6,31.8,31.8,31.1,43.9,43.9,46.3
2025-11-25 21:00:00,,,,,,,,,,,,,,,,,,,,19.2,20.7,8.6,5.7,25.8,26.6,31.8,31.8,31.1,43.9,44.0,46.3
2025-11-25 22:00:00,,,,,,,,,,,,,,,,,,,,19.2,20.7,8.6,5.7,25.8,26.6,31.8,31.8,31.1,43.9,44.0,46.3
2025-11-25 23:00:00,,,,,,,,,,,,,,,,,,,,19.2,20.7,8.6,5.7,25.8,26.6,31.8,31.8,31.1,43.9,44.0,46.3
2025-11-26 01:00:00,,,,,,,,,,,,,,,,,,,,19.2,20.7,8.6,5.7,25.8,26.6,31.8,31.8,31.1,44.0,44.0,46.3
2025-11-26 02:00:00,,,,,,,,,,,,,,,,,,,,19.2,20.7,8.6,5.6,25.8,26.6,31.8,31.8,31.1,44.0,44.0,46.3
2025-11-26 03:00:00,,,,,,,,,,,,,,,,,,,,19.2,20.6,8.6,5.7,25.8,26.6,31.8,31.8,31.1,44.0,44.0,46.3
2025-11-26 04:00:00,,,,,,,,,,,,,,,,,,,,19.2,20.7,8.6,5.7,25.8,26.6,31.8,31.8,31.1,44.0,44.0,46.3
2025-11-26 05:00:00,,,,,,,,,,,,,,,,,,,,19.2,20.7,8.6,5.7,25.8,26.6,31.8,31.8,31.1,44.0,44.0,46.3
2025-11-26 06:00:00,,,,,,,,,,,,,,,,,,,,19.2,20.7,8.6,5.7,25.7,26.6,31.8,31.8,31.1,44.0,44.0,46.3
2025-11-26 07:00:00,,,,,,,,,,,,,,,,,,,,19.2,20.7,8.6,5.7,25.7,26.6,31.8,31.8,31.1,44.0,44.0,46.3
2025-11-26 08:00:00,,,,,,,,,,,,,,,,,,,,19.2,20.7,8.6,5.7,25.7,26.5,31.8,31.7,31.1,43.9,44.0,46.3
2025-11-26 09:00:00,,,,,,,,,,,,,,,,,,,,19.2,20.6,8.6,5.7,25.6,26.5,31.7,31.7,31.0,43.9,44.0,46.2
2025-11-26 10:00:00,,,,,,,,,,,,,,,,,,,,19.2,20.6,8.6,5.7,25.6,26.4,31.6,31.6,30.9,43.8,43.9,46.2
2025-11-26 11:00:00,,,,,,,,,,,,,,,,,,,,19.2,20.5,8.5,5.7,25.5,26.2,31.5,31.5,30.8,43.7,43.8,46.1
2025-11-26 12:00:00,,,,,,,,,,,,,,,,,,,,19.2,20.4,8.5,5.6,25.4,26.1,31.4,31.3,30.7,43.6,43.7,46.0
2025-11-26 13:00:00,,,,,,,,,,,,,,,,,,,,19.2,20.5,8.5,5.6,25.3,26.0,31.3,31.3,30.7,43.6,43.7,46.0
2025-11-26 14:00:00,,,,,,,,,,,,,,,,,,,,19.1,20.4,8.5,5.6,25.2,25.9,31.3,31.2,30.5,43.5,43.6,46.0
2025-11-26 15:00:00,,,,,,,,,,,,,,,,,,,,19.1,20.4,8.5,5.6,25.2,25.9,31.2,31.1,30.5,43.5,43.6,45.9
2025-11-26 16:00:00,,,,,,,,,,,,,,,,,,,,19.1,20.4,8.5,5.6,25.1,25.8,31.2,31.1,30.5,43.5,43.6,45.9
2025-11-26 17:00:00,,,,,,,,,,,,,,,,,,,,19.1,20.4,8.5,5.6,25.1,25.8,31.2,31.1,30.5,43.5,43.6,46.0
2025-11-26 18:00:00,,,,,,,,,,,,,,,,,,,,19.1,20.4,8.5,5.6,25.1,25.8,31.3,31.1,30.5,43.6,43.6,46.0
2025-11-26 19:00:00,,,,,,,,,,,,,,,,,,,,19.1,20.4,8.5,5.6,25.1,25.8,31.3,31.1,30.5,43.6,43.6,46.0
2025-11-26 20:00:00,,,,,,,,,,,,,,,,,,,,19.1,20.4,8.5,5.6,25.0,25.8,31.3,31.1,30.5,43.6,43.7,46.0
2025-11-26 21:00:00,,,,,,,,,,,,,,,,,,,,19.1,20.4,8.5,5.6,25.0,25.8,31.3,31.1,30.6,43.6,43.7,46.0
2025-11-26 22:00:00,,,,,,,,,,,,,,,,,,,,19.1,20.4,8.5,5.6,25.0,25.8,31.3,31.1,30.6,43.6,43.7,46.0
2025-11-26 23:00:00,,,,,,,,,,,,,,,,,,,,19.1,20.4,8.5,5.6,25.0,25.8,31.3,31.1,30.6,43.6,43.7,46.0
2025-11-27 01:00:00,,,,,,,,,,,,,,,,,,,,19.1,20.4,8.5,5.6,25.0,25.8,31.2,31.1,30.6,43.6,43.7,46.0
2025-11-27 02:00:00,,,,,,,,,,,,,,,,,,,,19.1,20.4,8.5,5.6,25.0,25.8,31.2,31.1,30.6,43.6,43.7,46.0
2025-11-27 03:00:00,,,,,,,,,,,,,,,,,,,,19.1,20.4,8.5,5.6,24.9,25.8,31.2,31.1,30.6,43.6,43.7,46.0
2025-11-27 04:00:00,,,,,,,,,,,,,,,,,,,,19.1,20.4,8.5,5.6,24.9,25.8,31.2,31.1,30.6,43.6,43.7,46.0
2025-11-27 05:00:00,,,,,,,,,,,,,,,,,,,,19.1,20.4,8.5,5.6,24.9,25.8,31.2,31.1,30.6,43.6,43.7,46.0
2025-11-27 06:00:00,,,,,,,,,,,,,,,,,,,,19.1,20.4,8.5,5.6,24.9,25.8,31.2,31.1,30.6,43.6,43.7,46.0
2025-11-27 07:00:00,,,,,,,,,,,,,,,,,,,,19.1,20.4,8.5,5.6,24.9,25.8,31.2,31.1,30.6,43.6,43.7,46.0
2025-11-27 08:00:00,,,,,,,,,,,,,,,,,,,,19.1,20.4,8.5,5.6,24.9,25.9,31.2,31.1,30.6,43.6,43.7,46.0
2025-11-27 09:00:00,,,,,,,,,,,,,,,,,,,,19.1,20.4,8.5,5.6,24.9,25.9,31.2,31.1,30.6,43.6,43.7,46.0
2025-11-27 10:00:00,,,,,,,,,,,,,,,,,,,,19.1,20.4,8.4,5.6,24.9,25.9,31.2,31.1,30.6,43.6,43.7,46.0
2025-11-27 11:00:00,,,,,,,,,,,,,,,,,,,,19.1,20.4,8.5,5.6,24.8,25.8,31.2,31.1,30.6,43.6,43.7,46.0
2025-11-27 12:00:00,,,,,,,,,,,,,,,,,,,,19.1,20.4,8.5,5.7,24.8,25.8,31.2,31.1,30.5,43.6,43.7,46.0
2025-11-27 13:00:00,,,,,,,,,,,,,,,,,,,,19.1,20.4,8.5,5.7,24.8,25.8,31.1,31.1,30.5,43.6,43.7,46.0
2025-11-27 14:00:00,,,,,,,,,,,,,,,,,,,,19.1,20.4,8.5,5.6,24.8,25.8,31.1,31.1,30.5,43.6,43.7,46.0
2025-11-27 15:00:00,,,,,,,,,,,,,,,,,,,,19.2,20.4,8.5,5.6,24.8,25.8,31.1,31.1,30.6,43.6,43.7,46.0
2025-11-27 16:00:00,,,,,,,,,,,,,,,,,,,,19.2,20.4,8.5,5.6,24.8,25.8,31.1,31.1,30.6,43.6,43.7,46.0
2025-11-27 17:00:00,,,,,,,,,,,,,,,,,,,,19.5,20.4,8.5,5.6,24.8,25.8,31.2,31.1,30.6,43.6,43.7,46.0
2025-11-27 18:00:00,,,,,,,,,,,,,,,,,,,,20.0,20.4,8.5,5.6,24.8,25.8,31.1,31.1,30.6,43.6,43.7,46.0
2025-11-27 19:00:00,,,,,,,,,,,,,,,,,,,,20.4,20.4,8.5,5.6,24.8,25.8,31.2,31.1,30.6,43.6,43.7,46.0
2025-11-27 20:00:00,,,,,,,,,,,,,,,,,,,,20.8,20.4,8.5,5.6,24.8,25.8,31.2,31.1,30.6,43.6,43.7,46.0
2025-11-27 21:00:00,,,,,,,,,,,,,,,,,,,,21.1,20.4,8.5,5.6,24.7,25.8,31.2,31.1,30.6,43.6,43.7,46.0
2025-11-27 22:00:00,,,,,,,,,,,,,,,,,,,,21.1,20.4,8.5,5.7,24.7,25.8,31.2,31.1,30.6,43.6,43.8,46.0
2025-11-27 23:00:00,,,,,,,,,,,,,,,,,,,,21.2,20.5,8.5,5.7,24.7,25.8,31.2,31.1,30.6,43.6,43.8,46.0
2025-11-28 01:00:00,,,,,,,,,,,,,,,,,,,,21.4,20.4,8.5,5.7,24.8,25.8,31.2,31.1,30.6,43.6,43.8,46.0
2025-11-28 02:00:00,,,,,,,,,,,,,,,,,,,,21.3,20.4,8.5,5.7,24.7,25.8,31.2,31.1,30.6,43.6,43.8,46.0
2025-11-28 03:00:00,,,,,,,,,,,,,,,,,,,,21.3,20.4,8.5,5.7,24.7,25.8,31.2,31.1,30.6,43.6,43.8,46.0
2025-11-28 04:00:00,,,,,,,,,,,,,,,,,,,,21.3,20.4,8.5,5.7,24.7,25.8,31.2,31.1,30.6,43.6,43.7,46.0
2025-11-28 05:00:00,,,,,,,,,,,,,,,,,,,,21.3,20.4,8.5,5.6,24.7,25.8,31.2,31.1,30.6,43.6,43.7,46.0
2025-11-28 06:00:00,,,,,,,,,,,,,,,,,,,,21.3,20.4,8.5,5.6,24.7,25.8,31.2,31.1,30.6,43.6,43.8,46.0
2025-11-28 07:00:00,,,,,,,,,,,,,,,,,,,,21.3,20.4,8.5,5.6,24.7,25.8,31.2,31.1,30.6,43.6,43.7,46.0
2025-11-28 08:00:00,,,,,,,,,,,,,,,,,,,,21.4,20.4,8.5,5.6,24.7,25.8,31.2,31.1,30.6,43.6,43.7,46.0
2025-11-28 09:00:00,,,,,,,,,,,,,,,,,,,,21.4,20.5,8.5,5.6,24.7,25.7,31.1,31.1,30.5,43.6,43.7,46.0
2025-11-28 10:00:00,,,,,,,,,,,,,,,,,,,,21.4,20.5,8.5,5.6,24.7,25.8,31.1,31.1,30.5,43.6,43.7,46.0
2025-11-28 11:00:00,,,,,,,,,,,,,,,,,,,,21.4,20.5,8.5,5.6,24.6,25.7,31.1,31.1,30.5,43.5,43.7,46.0
2025-11-28 12:00:00,,,,,,,,,,,,,,,,,,,,21.3,20.5,8.5,5.6,24.6,25.7,31.1,31.1,30.5,43.5,43.7,46.0
2025-11-28 13:00:00,,,,,,,,,,,,,,,,,,,,21.3,20.5,8.4,5.6,24.6,25.7,31.1,31.0,30.5,43.5,43.7,46.0
2025-11-28 14:00:00,,,,,,,,,,,,,,,,,,,,21.3,20.5,8.4,5.6,24.6,25.7,31.0,31.0,30.5,43.6,43.7,46.0
2025-11-28 15:00:00,,,,,,,,,,,,,,,,,,,,21.3,20.5,8.4,5.6,24.5,25.6,31.0,31.0,30.5,43.6,43.7,46.0
2025-11-28 16:00:00,,,,,,,,,,,,,,,,,,,,21.3,20.5,8.5,5.6,24.5,25.6,31.0,31.0,30.5,43.6,43.7,46.0
2025-11-28 17:00:00,,,,,,,,,,,,,,,,,,,,21.3,20.6,8.5,5.6,24.5,25.6,31.0,31.0,30.5,43.6,43.7,46.0
2025-11-28 18:00:00,,,,,,,,,,,,,,,,,,,,21.3,20.6,8.5,5.6,24.5,25.6,31.0,31.0,30.6,43.6,43.7,46.0
2025-11-28 19:00:00,,,,,,,,,,,,,,,,,,,,21.3,20.6,8.5,5.6,24.5,25.6,31.0,31.0,30.6,43.6,43.7,46.0
2025-11-28 20:00:00,,,,,,,,,,,,,,,,,,,,21.3,20.5,8.5,5.6,24.5,25.6,31.0,31.0,30.6,43.6,43.7,46.0
2025-11-28 21:00:00,,,,,,,,,,,,,,,,,,,,21.3,20.5,8.5,5.6,24.5,25.6,31.0,31.0,30.6,43.6,43.7,46.0
2025-11-28 22:00:00,,,,,,,,,,,,,,,,,,,,21.3,20.6,8.5,5.6,24.5,25.6,31.0,31.0,30.6,43.7,43.7,46.0
2025-11-28 23:00:00,,,,,,,,,,,,,,,,,,,,21.3,20.6,8.5,5.6,24.5,25.6,31.0,31.0,30.6,43.6,43.7,46.0
2025-11-29 01:00:00,,,,,,,,,,,,,,,,,,,,21.3,20.5,8.5,5.6,24.4,25.6,31.0,31.0,30.6,43.6,43.7,46.0
2025-11-29 02:00:00,,,,,,,,,,,,,,,,,,,,21.3,20.6,8.5,5.6,24.4,25.6,31.0,31.0,30.6,43.7,43.8,46.0
2025-11-29 03:00:00,,,,,,,,,,,,,,,,,,,,21.3,20.6,8.5,5.6,24.4,25.6,31.0,31.0,30.6,43.6,43.8,46.0
2025-11-29 04:00:00,,,,,,,,,,,,,,,,,,,,21.3,20.6,8.5,5.6,24.4,25.6,31.0,31.0,30.6,43.6,43.8,46.0
2025-11-29 05:00:00,,,,,,,,,,,,,,,,,,,,21.3,20.6,8.5,5.6,24.5,25.6,31.0,31.0,30.6,43.6,43.8,46.0
2025-11-29 06:00:00,,,,,,,,,,,,,,,,,,,,21.3,20.6,8.5,5.6,24.4,25.6,31.0,31.0,30.6,43.6,43.8,46.0
2025-11-29 07:00:00,,,,,,,,,,,,,,,,,,,,21.3,20.6,8.5,5.6,24.4,25.6,31.0,31.0,30.6,43.6,43.8,46.0
2025-11-29 08:00:00,,,,,,,,,,,,,,,,,,,,21.3,20.6,8.5,5.6,24.4,25.6,31.0,31.0,30.6,43.6,43.8,46.0
2025-11-29 09:00:00,,,,,,,,,,,,,,,,,,,,21.3,20.6,8.5,5.6,24.4,25.6,31.0,31.0,30.6,43.6,43.8,46.0
2025-11-29 10:00:00,,,,,,,,,,,,,,,,,,,,21.2,20.6,8.5,5.6,24.4,25.5,30.9,31.0,30.6,43.5,43.7,46.0
2025-11-29 11:00:00,,,,,,,,,,,,,,,,,,,,21.2,20.6,8.5,5.6,24.3,25.5,30.9,30.9,30.5,43.5,43.7,46.0
2025-11-29 12:00:00,,,,,,,,,,,,,,,,,,,,21.1,20.6,8.5,5.6,24.3,25.4,30.8,30.9,30.5,43.4,43.6,45.9
2025-11-29 13:00:00,,,,,,,,,,,,,,,,,,,,21.1,20.6,8.5,5.6,24.2,25.4,30.8,30.9,30.4,43.4,43.6,45.9
2025-11-29 14:00:00,,,,,,,,,,,,,,,,,,,,21.0,20.6,8.5,5.6,24.2,25.3,30.7,30.8,30.4,43.4,43.5,45.9
2025-11-29 15:00:00,,,,,,,,,,,,,,,,,,,,21.0,20.6,8.5,5.6,24.2,25.3,30.7,30.8,30.5,43.3,43.5,45.8
2025-11-29 16:00:00,,,,,,,,,,,,,,,,,,,,21.0,20.6,8.5,5.6,24.2,25.2,30.7,30.8,30.5,43.3,43.5,45.8
2025-11-29 17:00:00,,,,,,,,,,,,,,,,,,,,21.0,20.5,8.5,5.6,24.2,25.2,30.7,30.8,30.5,43.4,43.5,45.8
2025-11-29 18:00:00,,,,,,,,,,,,,,,,,,,,21.0,20.5,8.5,5.6,24.2,25.2,30.7,30.8,30.5,43.4,43.6,45.8
2025-11-29 19:00:00,,,,,,,,,,,,,,,,,,,,21.0,20.5,8.5,5.6,24.1,25.3,30.7,30.8,30.5,43.4,43.6,45.9
2025-11-29 20:00:00,,,,,,,,,,,,,,,,,,,,21.0,20.5,8.5,5.6,24.2,25.3,30.7,30.8,30.6,43.4,43.6,45.9
2025-11-29 21:00:00,,,,,,,,,,,,,,,,,,,,21.0,20.6,8.5,5.6,24.1,25.3,30.7,30.8,30.6,43.4,43.6,45.9
2025-11-29 22:00:00,,,,,,,,,,,,,,,,,,,,21.0,20.6,8.5,5.6,24.1,25.3,30.7,30.8,30.6,43.4,43.6,45.9
2025-11-29 23:00:00,,,,,,,,,,,,,,,,,,,,21.0,20.6,8.5,5.6,24.1,25.3,30.7,30.8,30.6,43.4,43.6,45.9
2025-11-30 01:00:00,,,,,,,,,,,,,,,,,,,,20.9,20.6,8.5,5.6,24.1,25.3,30.7,30.8,30.6,43.4,43.6,45.9
2025-11-30 02:00:00,,,,,,,,,,,,,,,,,,,,21.0,20.6,8.5,5.6,24.1,25.3,30.7,30.8,30.6,43.4,43.6,45.9
2025-11-30 03:00:00,,,,,,,,,,,,,,,,,,,,21.0,20.6,8.5,5.6,24.1,25.3,30.7,30.8,30.6,43.4,43.6,45.9
2025-11-30 04:00:00,,,,,,,,,,,,,,,,,,,,20.9,20.6,8.5,5.6,24.1,25.3,30.7,30.7,30.6,43.4,43.6,45.8
2025-11-30 05:00:00,,,,,,,,,,,,,,,,,,,,20.9,20.6,8.5,5.6,24.1,25.3,30.7,30.7,30.6,43.4,43.6,45.8
2025-11-30 06:00:00,,,,,,,,,,,,,,,,,,,,20.9,20.6,8.5,5.6,24.1,25.3,30.7,30.7,30.6,43.4,43.6,45.8
2025-11-30 07:00:00,,,,,,,,,,,,,,,,,,,,20.9,20.6,8.5,5.6,24.1,25.3,30.7,30.7,30.6,43.4,43.6,45.8
2025-11-30 08:00:00,,,,,,,,,,,,,,,,,,,,20.9,20.6,8.5,5.6,24.1,25.3,30.7,30.7,30.6,43.4,43.6,45.8
2025-11-30 09:00:00,,,,,,,,,,,,,,,,,,,,21.0,20.6,8.5,5.6,24.1,25.2,30.7,30.7,30.6,43.4,43.6,45.8
2025-11-30 10:00:00,,,,,,,,,,,,,,,,,,,,20.9,20.6,8.5,5.6,24.1,25.2,30.6,30.7,30.5,43.4,43.6,45.8
2025-11-30 11:00:00,,,,,,,,,,,,,,,,,,,,20.9,20.6,8.5,5.6,24.0,25.1,30.6,30.7,30.5,43.4,43.6,45.8
2025-11-30 12:00:00,,,,,,,,,,,,,,,,,,,,20.8,20.6,8.5,5.6,24.0,25.1,30.5,30.6,30.4,43.3,43.5,45.8
2025-11-30 13:00:00,,,,,,,,,,,,,,,,,,,,20.7,20.6,8.5,5.6,23.9,25.0,30.5,30.5,30.3,43.3,43.4,45.7
2025-11-30 14:00:00,,,,,,,,,,,,,,,,,,,,20.6,20.5,8.5,5.6,23.8,24.9,30.3,30.4,30.2,43.2,43.3,45.7
2025-11-30 15:00:00,,,,,,,,,,,,,,,,,,,,20.5,20.5,8.5,5.6,23.8,24.8,30.3,30.3,30.2,43.1,43.3,45.7
2025-11-30 16:00:00,,,,,,,,,,,,,,,,,,,,20.5,20.6,8.5,5.6,23.8,24.8,30.3,30.3,30.2,43.1,43.3,45.7
2025-11-30 17:00:00,,,,,,,,,,,,,,,,,,,,20.5,20.5,8.4,5.6,23.7,24.8,30.3,30.3,30.2,43.1,43.4,45.7
2025-11-30 18:00:00,,,,,,,,,,,,,,,,,,,,20.5,20.5,8.5,5.5,23.7,24.8,30.3,30.3,30.2,43.1,43.4,45.7
2025-11-30 19:00:00,,,,,,,,,,,,,,,,,,,,20.5,20.5,8.5,5.5,23.7,24.8,30.3,30.3,30.2,43.2,43.4,45.7
2025-11-30 20:00:00,,,,,,,,,,,,,,,,,,,,20.5,20.5,8.5,5.5,23.7,24.8,30.3,30.3,30.2,43.2,43.4,45.7
2025-11-30 21:00:00,,,,,,,,,,,,,,,,,,,,20.5,20.5,8.5,5.5,23.7,24.8,30.3,30.3,30.2,43.2,43.4,45.7
2025-11-30 22:00:00,,,,,,,,,,,,,,,,,,,,20.5,20.5,8.5,5.5,23.7,24.8,30.3,30.4,30.2,43.2,43.5,45.7
2025-11-30 23:00:00,,,,,,,,,,,,,,,,,,,,20.5,20.5,8.5,5.5,23.7,24.8,30.3,30.4,30.3,43.2,43.5,45.7
2025-12-01 01:00:00,,,,,,,,,,,,,,,,,,,,20.4,20.5,8.5,5.5,23.7,24.8,30.3,30.4,30.3,43.2,43.5,45.7
2025-12-01 02:00:00,,,,,,,,,,,,,,,,,,,,20.4,20.6,8.5,5.5,23.7,24.8,30.3,30.4,30.3,43.2,43.5,45.7
2025-12-01 03:00:00,,,,,,,,,,,,,,,,,,,,20.4,20.5,8.5,5.6,23.7,24.8,30.3,30.4,30.3,43.2,43.5,45.7
2025-12-01 04:00:00,,,,,,,,,,,,,,,,,,,,20.4,20.5,8.5,5.6,23.7,24.8,30.3,30.4,30.3,43.2,43.5,45.7
2025-12-01 05:00:00,,,,,,,,,,,,,,,,,,,,20.4,20.5,8.5,5.6,23.7,24.8,30.3,30.4,30.3,43.2,43.5,45.7
2025-12-01 06:00:00,,,,,,,,,,,,,,,,,,,,20.4,20.5,8.5,5.6,23.7,24.8,30.3,30.4,30.3,43.2,43.5,45.7
2025-12-01 07:00:00,,,,,,,,,,,,,,,,,,,,20.4,20.5,8.5,5.6,23.7,24.8,30.3,30.4,30.3,43.2,43.5,45.7
2025-12-01 08:00:00,,,,,,,,,,,,,,,,,,,,20.4,20.6,8.5,5.6,23.7,24.8,30.3,30.4,30.3,43.2,43.5,45.7
2025-12-01 09:00:00,,,,,,,,,,,,,,,,,,,,20.4,20.6,8.5,5.6,23.7,24.8,30.2,30.3,30.3,43.1,43.5,45.6
2025-12-01 10:00:00,,,,,,,,,,,,,,,,,,,,20.3,20.5,8.5,5.5,23.6,24.6,30.1,30.2,30.1,43.0,43.4,45.5
2025-12-01 11:00:00,,,,,,,,,,,,,,,,,,,,20.2,20.4,8.4,5.5,23.5,24.5,30.0,30.1,30.0,42.9,43.3,45.5
2025-12-01 12:00:00,,,,,,,,,,,,,,,,,,,,20.2,20.4,8.4,5.5,23.4,24.5,29.9,30.0,29.9,42.8,43.2,45.4
2025-12-01 13:00:00,,,,,,,,,,,,,,,,,,,,20.1,20.4,8.4,5.5,23.4,24.3,29.8,29.9,29.8,42.8,43.1,45.4
2025-12-01 14:00:00,,,,,,,,,,,,,,,,,,,,20.1,20.3,8.4,5.5,23.3,24.3,29.7,29.9,29.8,42.7,43.1,45.4
2025-12-01 15:00:00,,,,,,,,,,,,,,,,,,,,20.1,20.4,8.4,5.5,23.3,24.2,29.7,29.9,29.8,42.6,43.0,45.4
2025-12-01 16:00:00,,,,,,,,,,,,,,,,,,,,20.0,20.4,8.4,5.5,23.3,24.2,29.7,29.8,29.7,42.6,43.0,45.4
2025-12-01 17:00:00,,,,,,,,,,,,,,,,,,,,20.0,20.4,8.5,5.5,23.3,24.2,29.7,29.8,29.8,42.7,43.1,45.4
2025-12-01 18:00:00,,,,,,,,,,,,,,,,,,,,20.0,20.4,8.4,5.5,23.3,24.2,29.7,29.8,29.8,42.7,43.1,45.4
2025-12-01 19:00:00,,,,,,,,,,,,,,,,,,,,20.0,20.4,8.4,5.5,23.3,24.2,29.7,29.9,29.8,42.8,43.1,45.4
2025-12-01 20:00:00,,,,,,,,,,,,,,,,,,,,20.1,20.4,8.5,5.5,23.3,24.2,29.7,29.9,29.8,42.8,43.1,45.4
2025-12-01 21:00:00,,,,,,,,,,,,,,,,,,,,20.1,20.4,8.4,5.5,23.3,24.2,29.7,29.9,29.8,42.8,43.2,45.4
2025-12-01 22:00:00,,,,,,,,,,,,,,,,,,,,20.0,20.4,8.4,5.5,23.3,24.2,29.7,29.9,29.8,42.8,43.1,45.4
2025-12-01 23:00:00,,,,,,,,,,,,,,,,,,,,20.0,20.4,8.4,5.6,23.2,24.3,29.7,29.9,29.8,42.8,43.2,45.4
2025-12-02 01:00:00,,,,,,,,,,,,,,,,,,,,20.0,20.4,8.4,5.5,23.2,24.3,29.7,29.9,29.8,42.8,43.2,45.4
2025-12-02 02:00:00,,,,,,,,,,,,,,,,,,,,20.0,20.4,8.4,5.5,23.2,24.2,29.7,29.9,29.8,42.8,43.2,45.4
2025-12-02 03:00:00,,,,,,,,,,,,,,,,,,,,20.0,20.4,8.4,5.5,23.2,24.2,29.7,29.9,29.8,42.8,43.2,45.4
2025-12-02 04:00:00,,,,,,,,,,,,,,,,,,,,19.9,20.4,8.4,5.5,23.2,24.2,29.7,29.9,29.8,42.8,43.2,45.4
2025-12-02 05:00:00,,,,,,,,,,,,,,,,,,,,20.0,20.4,8.4,5.5,23.2,24.2,29.7,29.9,29.9,42.8,43.2,45.4
2025-12-02 06:00:00,,,,,,,,,,,,,,,,,,,,20.0,20.4,8.4,5.6,23.2,24.2,29.7,29.9,29.8,42.8,43.2,45.4
2025-12-02 07:00:00,,,,,,,,,,,,,,,,,,,,20.0,20.4,8.4,5.5,23.2,24.2,29.7,29.9,29.9,42.8,43.2,45.4
2025-12-02 08:00:00,,,,,,,,,,,,,,,,,,,,20.0,20.4,8.4,5.6,23.2,24.2,29.7,29.9,29.9,42.8,43.2,45.4
2025-12-02 09:00:00,,,,,,,,,,,,,,,,,,,,20.0,20.4,8.4,5.5,23.2,24.2,29.6,29.9,29.8,42.8,43.2,45.4
2025-12-02 10:00:00,,,,,,,,,,,,,,,,,,,,19.9,20.3,8.4,5.5,23.1,24.0,29.5,29.7,29.6,42.6,43.0,45.3
2025-12-02 11:00:00,,,,,,,,,,,,,,,,,,,,19.8,20.3,8.4,5.5,23.0,23.9,29.4,29.5,29.5,42.5,42.8,45.1
2025-12-02 12:00:00,,,,,,,,,,,,,,,,,,,,19.7,20.2,8.4,5.5,22.9,23.7,29.2,29.4,29.3,42.3,42.7,45.0
2025-12-02 13:00:00,,,,,,,,,,,,,,,,,,,,19.7,20.2,8.4,5.5,22.8,23.6,29.1,29.2,29.2,42.2,42.5,44.9
2025-12-02 14:00:00,,,,,,,,,,,,,,,,,,,,19.7,20.2,8.4,5.5,22.8,23.5,29.0,29.2,29.1,42.1,42.5,44.9
2025-12-02 15:00:00,,,,,,,,,,,,,,,,,,,,19.7,20.1,8.3,5.5,22.8,23.5,29.0,29.1,29.1,42.1,42.5,44.9
2025-12-02 16:00:00,,,,,,,,,,,,,,,,,,,,19.7,20.2,8.4,5.5,22.7,23.5,29.0,29.1,29.1,42.1,42.5,44.9
2025-12-02 17:00:00,,,,,,,,,,,,,,,,,,,,19.6,20.2,8.4,5.5,22.7,23.5,29.0,29.1,29.1,42.1,42.5,44.9
2025-12-02 18:00:00,,,,,,,,,,,,,,,,,,,,19.7,20.2,8.4,5.5,22.7,23.5,29.0,29.1,29.2,42.2,42.6,44.9
2025-12-02 19:00:00,,,,,,,,,,,,,,,,,,,,19.7,20.2,8.4,5.5,22.7,23.5,29.0,29.2,29.2,42.2,42.6,44.9
2025-12-02 20:00:00,,,,,,,,,,,,,,,,,,,,19.6,20.2,8.4,5.5,22.7,23.5,29.0,29.2,29.2,42.2,42.6,44.9
2025-12-02 21:00:00,,,,,,,,,,,,,,,,,,,,19.6,20.2,8.4,5.5,22.7,23.5,29.0,29.2,29.2,42.2,42.7,44.9
2025-12-02 22:00:00,,,,,,,,,,,,,,,,,,,,19.7,20.2,8.4,5.5,22.7,23.5,29.0,29.2,29.2,42.2,42.7,44.9
2025-12-02 23:00:00,,,,,,,,,,,,,,,,,,,,19.7,20.2,8.4,5.5,22.7,23.5,29.0,29.2,29.2,42.2,42.7,44.9
2025-12-03 01:00:00,,,,,,,,,,,,,,,,,,,,19.6,20.2,8.4,5.5,22.7,23.5,29.0,29.2,29.2,42.2,42.7,45.0
2025-12-03 02:00:00,,,,,,,,,,,,,,,,,,,,19.6,20.2,8.4,5.6,22.7,23.6,29.0,29.2,29.3,42.3,42.7,45.0
2025-12-03 03:00:00,,,,,,,,,,,,,,,,,,,,19.6,20.1,8.4,5.6,22.7,23.5,29.0,29.2,29.3,42.3,42.7,45.0
2025-12-03 04:00:00,,,,,,,,,,,,,,,,,,,,19.6,20.2,8.4,5.5,22.7,23.5,29.0,29.2,29.3,42.3,42.7,45.0
2025-12-03 05:00:00,,,,,,,,,,,,,,,,,,,,19.6,20.2,8.4,5.6,22.7,23.5,29.0,29.2,29.3,42.3,42.7,44.9
2025-12-03 06:00:00,,,,,,,,,,,,,,,,,,,,19.6,20.2,8.4,5.6,22.7,23.5,29.0,29.2,29.3,42.3,42.7,44.9
2025-12-03 07:00:00,,,,,,,,,,,,,,,,,,,,19.6,20.2,8.4,5.6,22.7,23.5,29.0,29.2,29.3,42.3,42.7,44.9
2025-12-03 08:00:00,,,,,,,,,,,,,,,,,,,,19.6,20.2,8.4,5.6,22.7,23.5,29.0,29.2,29.3,42.3,42.7,44.9
2025-12-03 09:00:00,,,,,,,,,,,,,,,,,,,,19.6,20.2,8.4,5.5,22.7,23.5,29.0,29.2,29.3,42.3,42.7,44.9
2025-12-03 10:00:00,,,,,,,,,,,,,,,,,,,,19.6,20.1,8.4,5.5,22.7,23.5,29.0,29.2,29.3,42.3,42.7,44.9
2025-12-03 11:00:00,,,,,,,,,,,,,,,,,,,,19.6,20.1,8.4,5.5,22.7,23.5,29.0,29.2,29.3,42.3,42.7,44.9
2025-12-03 12:00:00,,,,,,,,,,,,,,,,,,,,19.6,20.2,8.4,5.5,22.7,23.5,29.0,29.2,29.3,42.3,42.7,45.0
2025-12-03 13:00:00,,,,,,,,,,,,,,,,,,,,19.5,20.2,8.4,5.5,22.6,23.5,29.0,29.2,29.3,42.3,42.7,44.9
2025-12-03 14:00:00,,,,,,,,,,,,,,,,,,,,19.6,20.2,8.4,5.5,22.6,23.5,28.9,29.2,29.3,42.3,42.7,44.9
2025-12-03 15:00:00,,,,,,,,,,,,,,,,,,,,19.6,20.2,8.4,5.5,22.6,23.5,28.9,29.2,29.3,42.3,42.7,44.9
2025-12-03 16:00:00,,,,,,,,,,,,,,,,,,,,19.6,20.2,8.4,5.5,22.6,23.5,28.9,29.2,29.3,42.3,42.7,44.9
2025-12-03 17:00:00,,,,,,,,,,,,,,,,,,,,19.6,20.2,8.4,5.5,22.6,23.5,28.9,29.2,29.3,42.3,42.7,44.9
2025-12-03 18:00:00,,,,,,,,,,,,,,,,,,,,19.5,20.2,8.4,5.5,22.6,23.5,28.9,29.2,29.3,42.3,42.7,45.0
2025-12-03 19:00:00,,,,,,,,,,,,,,,,,,,,19.6,20.1,8.3,5.5,22.6,23.5,28.9,29.2,29.3,42.4,42.7,45.0
2025-12-03 20:00:00,,,,,,,,,,,,,,,,,,,,19.6,20.2,8.4,5.5,22.6,23.5,28.9,29.2,29.3,42.4,42.7,44.9
2025-12-03 21:00:00,,,,,,,,,,,,,,,,,,,,19.6,20.2,8.4,5.5,22.6,23.5,28.9,29.2,29.3,42.4,42.7,45.0
2025-12-03 22:00:00,,,,,,,,,,,,,,,,,,,,19.6,20.2,8.3,5.5,22.6,23.5,28.9,29.2,29.3,42.4,42.7,45.0
2025-12-03 23:00:00,,,,,,,,,,,,,,,,,,,,19.6,20.1,8.3,5.5,22.6,23.5,28.9,29.2,29.3,42.4,42.8,45.0
2025-12-04 01:00:00,,,,,,,,,,,,,,,,,,,,19.5,20.2,8.4,5.5,22.6,23.5,28.9,29.2,29.4,42.4,42.7,45.0
2025-12-04 02:00:00,,,,,,,,,,,,,,,,,,,,19.5,20.2,8.4,5.5,22.6,23.5,28.9,29.2,29.4,42.4,42.7,45.0
2025-12-04 03:00:00,,,,,,,,,,,,,,,,,,,,19.6,20.2,8.3,5.5,22.6,23.5,28.9,29.2,29.4,42.4,42.7,45.0
2025-12-04 04:00:00,,,,,,,,,,,,,,,,,,,,19.6,20.1,8.4,5.5,22.6,23.5,28.9,29.2,29.4,42.4,42.7,45.0
2025-12-04 05:00:00,,,,,,,,,,,,,,,,,,,,19.6,20.2,8.3,5.5,22.6,23.5,28.9,29.2,29.4,42.4,42.7,45.0
2025-12-04 06:00:00,,,,,,,,,,,,,,,,,,,,19.5,20.1,8.3,5.5,22.6,23.5,28.9,29.2,29.4,42.4,42.7,45.0
2025-12-04 07:00:00,,,,,,,,,,,,,,,,,,,,19.5,20.1,8.4,5.5,22.6,23.5,28.9,29.2,29.4,42.4,42.7,45.0
2025-12-04 08:00:00,,,,,,,,,,,,,,,,,,,,19.5,20.2,8.4,5.5,22.6,23.5,28.9,29.2,29.4,42.5,42.7,45.0
2025-12-04 09:00:00,,,,,,,,,,,,,,,,,,,,19.5,20.2,8.3,5.5,22.6,23.5,28.9,29.2,29.4,42.4,42.7,45.0
2025-12-04 10:00:00,,,,,,,,,,,,,,,,,,,,19.5,20.2,8.3,5.5,22.5,23.4,28.9,29.1,29.3,42.4,42.7,45.0
2025-12-04 11:00:00,,,,,,,,,,,,,,,,,,,,19.5,20.2,8.4,5.5,22.5,23.4,28.8,29.1,29.3,42.4,42.7,45.0
2025-12-04 12:00:00,,,,,,,,,,,,,,,,,,,,19.5,20.2,8.4,5.5,22.5,23.4,28.8,29.1,29.3,42.4,42.6,44.9
2025-12-04 13:00:00,,,,,,,,,,,,,,,,,,,,19.5,20.2,8.4,5.5,22.5,23.3,28.8,29.0,29.2,42.3,42.6,44.9
2025-12-04 14:00:00,,,,,,,,,,,,,,,,,,,,19.5,20.1,8.3,5.5,22.5,23.2,28.7,28.9,29.2,42.2,42.5,44.8
2025-12-04 15:00:00,,,,,,,,,,,,,,,,,,,,19.5,20.2,8.3,5.5,22.4,23.2,28.6,28.9,29.1,42.2,42.5,44.8
2025-12-04 16:00:00,,,,,,,,,,,,,,,,,,,,19.5,20.2,8.3,5.4,22.4,23.2,28.6,28.8,29.1,42.2,42.5,44.8
2025-12-04 17:00:00,,,,,,,,,,,,,,,,,,,,19.5,20.2,8.3,5.4,22.4,23.2,28.6,28.8,29.1,42.2,42.5,44.8
2025-12-04 18:00:00,,,,,,,,,,,,,,,,,,,,19.5,20.1,8.3,5.4,22.4,23.2,28.6,28.8,29.1,42.2,42.5,44.8
2025-12-04 19:00:00,,,,,,,,,,,,,,,,,,,,19.5,20.1,8.3,5.4,22.4,23.2,28.6,28.9,29.1,42.2,42.5,44.8
2025-12-04 20:00:00,,,,,,,,,,,,,,,,,,,,19.5,20.2,8.3,5.5,22.4,23.2,28.6,28.9,29.1,42.2,42.5,44.8
2025-12-04 21:00:00,,,,,,,,,,,,,,,,,,,,19.5,20.2,8.3,5.5,22.3,23.2,28.6,28.9,29.2,42.2,42.5,44.8
2025-12-04 22:00:00,,,,,,,,,,,,,,,,,,,,19.4,20.1,8.3,5.5,22.3,23.2,28.6,28.9,29.2,42.3,42.5,44.8
2025-12-04 23:00:00,,,,,,,,,,,,,,,,,,,,19.4,20.2,8.4,5.5,22.3,23.2,28.6,28.9,29.2,42.3,42.5,44.8
2025-12-05 01:00:00,,,,,,,,,,,,,,,,,,,,19.5,20.2,8.4,5.5,22.3,23.2,28.5,28.9,29.2,42.3,42.5,44.8
2025-12-05 02:00:00,,,,,,,,,,,,,,,,,,,,19.4,20.2,8.4,5.5,22.3,23.2,28.5,28.9,29.2,42.3,42.6,44.8
2025-12-05 03:00:00,,,,,,,,,,,,,,,,,,,,19.4,20.2,8.4,5.5,22.3,23.2,28.5,28.9,29.2,42.3,42.6,44.8
2025-12-05 04:00:00,,,,,,,,,,,,,,,,,,,,19.4,20.1,8.4,5.4,22.3,23.2,28.5,28.9,29.2,42.3,42.6,44.8
2025-12-05 05:00:00,,,,,,,,,,,,,,,,,,,,19.4,20.1,8.3,5.4,22.3,23.2,28.5,28.9,29.2,42.3,42.6,44.8
2025-12-05 06:00:00,,,,,,,,,,,,,,,,,,,,19.4,20.2,8.3,5.4,22.3,23.2,28.6,28.9,29.2,42.3,42.6,44.8
2025-12-05 07:00:00,,,,,,,,,,,,,,,,,,,,19.4,20.2,8.4,5.4,22.3,23.2,28.6,28.9,29.2,42.3,42.6,44.8
2025-12-05 08:00:00,,,,,,,,,,,,,,,,,,,,19.4,20.2,8.4,5.4,22.3,23.2,28.6,28.9,29.2,42.4,42.6,44.8
2025-12-05 09:00:00,,,,,,,,,,,,,,,,,,,,19.4,20.1,8.3,5.4,22.2,23.1,28.5,28.8,29.2,42.2,42.5,44.8
2025-12-05 10:00:00,,,,,,,,,,,,,,,,,,,,19.4,20.1,8.4,5.4,22.2,23.0,28.4,28.7,29.1,42.1,42.4,44.7
2025-12-05 11:00:00,,,,,,,,,,,,,,,,,,,,19.3,20.1,8.4,5.4,22.1,22.8,28.2,28.5,28.9,41.9,42.1,44.5
2025-12-05 12:00:00,,,,,,,,,,,,,,,,,,,,19.3,20.0,8.3,5.4,22.0,22.7,28.0,28.3,28.7,41.7,41.9,44.4
2025-12-05 13:00:00,,,,,,,,,,,,,,,,,,,,19.3,20.0,8.3,5.4,21.9,22.5,27.8,28.1,28.5,41.5,41.7,44.3
2025-12-05 14:00:00,,,,,,,,,,,,,,,,,,,,19.3,19.9,8.3,5.4,21.9,22.3,27.7,27.9,28.3,41.3,41.4,44.1
2025-12-05 15:00:00,,,,,,,,,,,,,,,,,,,,19.3,19.9,8.3,5.4,21.9,22.3,27.6,27.9,28.2,41.2,41.4,44.1
2025-12-05 16:00:00,,,,,,,,,,,,,,,,,,,,19.3,19.9,8.3,5.4,21.8,22.3,27.6,27.9,28.2,41.2,41.4,44.1
2025-12-05 17:00:00,,,,,,,,,,,,,,,,,,,,19.3,19.9,8.3,5.4,21.8,22.3,27.6,27.9,28.2,41.3,41.4,44.1
2025-12-05 18:00:00,,,,,,,,,,,,,,,,,,,,20.0,19.9,8.3,5.4,21.8,22.3,27.6,27.9,28.3,41.3,41.4,44.1
2025-12-05 19:00:00,,,,,,,,,,,,,,,,,,,,20.0,19.9,8.3,5.4,21.8,22.3,27.6,27.9,28.3,41.4,41.5,44.1
2025-12-05 20:00:00,,,,,,,,,,,,,,,,,,,,20.0,19.9,8.3,5.4,21.8,22.3,27.6,27.9,28.3,41.4,41.5,44.1
2025-12-05 21:00:00,,,,,,,,,,,,,,,,,,,,19.9,19.9,8.3,5.4,21.8,22.3,27.6,27.9,28.3,41.4,41.5,44.1
2025-12-05 22:00:00,,,,,,,,,,,,,,,,,,,,20.0,19.9,8.3,5.4,21.8,22.3,27.6,27.9,28.3,41.4,41.6,44.2
2025-12-05 23:00:00,,,,,,,,,,,,,,,,,,,,20.0,19.9,8.3,5.4,21.8,22.3,27.6,27.9,28.3,41.5,41.6,44.1
2025-12-06 01:00:00,,,,,,,,,,,,,,,,,,,,20.0,19.9,8.3,5.4,21.8,22.3,27.6,27.9,28.3,41.5,41.6,44.2
2025-12-06 02:00:00,,,,,,,,,,,,,,,,,,,,19.9,19.9,8.3,5.4,21.8,22.3,27.6,27.9,28.4,41.5,41.6,44.2
2025-12-06 03:00:00,,,,,,,,,,,,,,,,,,,,19.9,19.9,8.3,5.4,21.8,22.3,27.6,27.9,28.4,41.5,41.6,44.2
2025-12-06 04:00:00,,,,,,,,,,,,,,,,,,,,20.0,19.9,8.3,5.4,21.7,22.3,27.6,27.9,28.4,41.5,41.6,44.2
2025-12-06 05:00:00,,,,,,,,,,,,,,,,,,,,19.9,19.9,8.3,5.4,21.7,22.3,27.6,27.9,28.4,41.5,41.6,44.2
2025-12-06 06:00:00,,,,,,,,,,,,,,,,,,,,19.9,19.9,8.3,5.4,21.7,22.3,27.6,27.9,28.4,41.5,41.6,44.2
2025-12-06 07:00:00,,,,,,,,,,,,,,,,,,,,19.9,19.9,8.3,5.4,21.7,22.3,27.6,27.9,28.4,41.5,41.6,44.2
2025-12-06 08:00:00,,,,,,,,,,,,,,,,,,,,19.9,20.0,8.3,5.4,21.7,22.3,27.6,28.0,28.4,41.5,41.6,44.2
2025-12-06 09:00:00,,,,,,,,,,,,,,,,,,,,19.9,20.0,8.3,5.4,21.7,22.3,27.6,28.0,28.4,41.5,41.6,44.2
2025-12-06 10:00:00,,,,,,,,,,,,,,,,,,,,19.9,19.9,8.3,5.4,21.7,22.3,27.5,27.9,28.3,41.4,41.5,44.2
2025-12-06 11:00:00,,,,,,,,,,,,,,,,,,,,19.8,19.9,8.3,5.4,21.6,22.2,27.4,27.7,28.2,41.3,41.4,44.1
2025-12-06 12:00:00,,,,,,,,,,,,,,,,,,,,19.8,19.9,8.3,5.4,21.6,22.1,27.3,27.7,28.1,41.2,41.3,44.0
2025-12-06 13:00:00,,,,,,,,,,,,,,,,,,,,19.8,19.9,8.3,5.4,21.5,22.1,27.2,27.6,28.0,41.1,41.2,44.0
2025-12-06 14:00:00,,,,,,,,,,,,,,,,,,,,19.8,19.9,8.3,5.4,21.5,22.0,27.2,27.5,28.1,41.1,41.2,44.0
2025-12-06 15:00:00,,,,,,,,,,,,,,,,,,,,19.8,19.9,8.3,5.4,21.5,22.0,27.2,27.5,28.0,41.1,41.2,44.0
2025-12-06 16:00:00,,,,,,,,,,,,,,,,,,,,21.0,19.9,8.3,5.4,21.5,22.0,27.2,27.5,28.1,41.1,41.2,44.0
2025-12-06 17:00:00,,,,,,,,,,,,,,,,,,,,20.9,19.9,8.3,5.4,21.5,22.0,27.2,27.5,28.1,41.1,41.3,44.0
2025-12-06 18:00:00,,,,,,,,,,,,,,,,,,,,24.4,20.8,8.3,5.4,21.4,22.0,27.2,27.5,28.1,41.2,41.3,44.0
2025-12-06 19:00:00,,,,,,,,,,,,,,,,,,,,24.4,20.8,8.3,5.4,21.4,22.0,27.2,27.5,28.1,41.2,41.4,44.0
2025-12-06 20:00:00,,,,,,,,,,,,,,,,,,,,24.4,20.7,8.3,5.4,21.4,22.0,27.2,27.5,28.1,41.2,41.4,44.0
2025-12-06 21:00:00,,,,,,,,,,,,,,,,,,,,24.3,20.7,8.3,5.4,21.4,22.0,27.2,27.5,28.1,41.2,41.4,43.9
2025-12-06 22:00:00,,,,,,,,,,,,,,,,,,,,24.3,20.7,8.3,5.4,21.4,22.0,27.2,27.5,28.1,41.2,41.4,43.9
2025-12-06 23:00:00,,,,,,,,,,,,,,,,,,,,24.2,20.7,8.3,5.4,21.4,22.0,27.2,27.5,28.1,41.2,41.4,44.0
2025-12-07 01:00:00,,,,,,,,,,,,,,,,,,,,24.0,20.7,8.3,5.4,21.4,22.0,27.2,27.5,28.2,41.2,41.5,44.0
2025-12-07 02:00:00,,,,,,,,,,,,,,,,,,,,24.0,20.6,8.3,5.4,21.4,22.0,27.2,27.5,28.2,41.3,41.5,44.0
2025-12-07 03:00:00,,,,,,,,,,,,,,,,,,,,24.0,20.7,8.3,5.4,21.4,22.0,27.2,27.5,28.2,41.3,41.5,44.0
2025-12-07 04:00:00,,,,,,,,,,,,,,,,,,,,23.9,20.7,8.3,5.4,21.4,22.0,27.2,27.6,28.2,41.3,41.5,44.0
2025-12-07 05:00:00,,,,,,,,,,,,,,,,,,,,23.9,20.7,8.3,5.4,21.4,22.0,27.2,27.6,28.2,41.3,41.5,43.9
2025-12-07 06:00:00,,,,,,,,,,,,,,,,,,,,23.8,20.7,8.3,5.4,21.4,22.0,27.2,27.6,28.2,41.4,41.5,44.0
2025-12-07 07:00:00,,,,,,,,,,,,,,,,,,,,23.8,20.7,8.3,5.3,21.4,22.1,27.2,27.6,28.2,41.4,41.5,44.0
2025-12-07 08:00:00,,,,,,,,,,,,,,,,,,,,23.8,20.7,8.3,5.4,21.4,22.1,27.2,27.6,28.2,41.4,41.5,43.9
2025-12-07 09:00:00,,,,,,,,,,,,,,,,,,,,23.7,20.7,8.3,5.3,21.4,22.0,27.2,27.5,28.2,41.3,41.4,43.9
2025-12-07 10:00:00,,,,,,,,,,,,,,,,,,,,23.7,20.7,8.3,5.4,21.4,22.0,27.1,27.4,28.1,41.3,41.3,43.9
2025-12-07 11:00:00,,,,,,,,,,,,,,,,,,,,23.5,20.6,8.3,5.4,21.4,21.9,27.0,27.4,28.0,41.1,41.3,43.9
2025-12-07 12:00:00,,,,,,,,,,,,,,,,,,,,23.4,20.6,8.3,5.4,21.4,21.9,26.9,27.2,27.9,41.0,41.1,43.8
2025-12-07 13:00:00,,,,,,,,,,,,,,,,,,,,23.2,20.6,8.3,5.4,21.3,21.8,26.8,27.1,27.7,40.8,41.0,43.7
2025-12-07 14:00:00,,,,,,,,,,,,,,,,,,,,23.1,20.5,8.3,5.4,21.3,21.7,26.7,27.1,27.6,40.7,40.9,43.7
2025-12-07 15:00:00,,,,,,,,,,,,,,,,,,,,23.0,20.6,8.3,5.4,21.3,21.7,26.7,27.1,27.6,40.8,40.9,43.7
2025-12-07 16:00:00,,,,,,,,,,,,,,,,,,,,23.0,20.6,8.2,5.4,21.3,21.7,26.7,27.1,27.7,40.8,40.9,43.7
2025-12-07 17:00:00,,,,,,,,,,,,,,,,,,,,22.9,20.5,8.2,5.4,21.3,21.7,26.7,27.1,27.7,40.8,41.0,43.7
2025-12-07 18:00:00,,,,,,,,,,,,,,,,,,,,22.9,20.6,8.3,5.4,21.3,21.7,26.7,27.1,27.8,40.8,41.0,43.7
2025-12-07 19:00:00,,,,,,,,,,,,,,,,,,,,22.9,20.6,8.3,5.4,21.3,21.7,26.8,27.1,27.8,40.9,41.0,43.7
2025-12-07 20:00:00,,,,,,,,,,,,,,,,,,,,22.8,20.6,8.3,5.4,21.3,21.7,26.8,27.1,27.8,40.9,41.0,43.7
2025-12-07 21:00:00,,,,,,,,,,,,,,,,,,,,22.8,20.6,8.3,5.3,21.3,21.7,26.8,27.1,27.8,40.9,41.0,43.7
2025-12-07 22:00:00,,,,,,,,,,,,,,,,,,,,22.8,20.6,8.3,5.3,21.3,21.8,26.8,27.1,27.8,40.9,41.0,43.8
2025-12-07 23:00:00,,,,,,,,,,,,,,,,,,,,22.7,20.6,8.3,5.3,21.3,21.8,26.8,27.1,27.8,40.9,41.1,43.8
2025-12-08 01:00:00,,,,,,,,,,,,,,,,,,,,22.7,20.6,8.3,5.4,21.3,21.8,26.8,27.1,27.8,40.9,41.1,43.8
2025-12-08 02:00:00,,,,,,,,,,,,,,,,,,,,22.6,20.6,8.3,5.4,21.3,21.8,26.8,27.1,27.9,40.9,41.1,43.8
2025-12-08 03:00:00,,,,,,,,,,,,,,,,,,,,22.6,20.6,8.3,5.4,21.3,21.8,26.8,27.1,27.9,40.9,41.1,43.8
2025-12-08 04:00:00,,,,,,,,,,,,,,,,,,,,22.6,20.6,8.3,5.4,21.3,21.8,26.8,27.1,27.9,40.9,41.1,43.8
2025-12-08 05:00:00,,,,,,,,,,,,,,,,,,,,22.6,20.6,8.3,5.3,21.3,21.8,26.8,27.1,27.9,40.9,41.1,43.8
2025-12-08 06:00:00,,,,,,,,,,,,,,,,,,,,22.5,20.6,8.3,5.3,21.3,21.8,26.8,27.1,27.9,41.0,41.1,43.8
2025-12-08 07:00:00,,,,,,,,,,,,,,,,,,,,22.5,20.6,8.3,5.3,21.3,21.8,26.8,27.1,27.9,41.0,41.1,43.8
2025-12-08 08:00:00,,,,,,,,,,,,,,,,,,,,22.5,20.6,8.3,5.3,21.3,21.8,26.8,27.1,27.9,41.0,41.1,43.8
2025-12-08 09:00:00,,,,,,,,,,,,,,,,,,,,22.4,20.6,8.3,5.3,21.3,21.8,26.8,27.1,27.9,40.9,41.1,43.7
2025-12-08 10:00:00,,,,,,,,,,,,,,,,,,,,22.4,20.5,8.3,5.3,21.2,21.7,26.7,27.0,27.8,40.8,41.0,43.7
2025-12-08 11:00:00,,,,,,,,,,,,,,,,,,,,22.2,20.5,8.3,5.4,21.2,21.7,26.6,26.9,27.7,40.6,40.9,43.6
2025-12-08 12:00:00,,,,,,,,,,,,,,,,,,,,22.0,20.4,8.3,5.4,21.1,21.6,26.5,26.7,27.5,40.5,40.7,43.4
2025-12-08 13:00:00,,,,,,,,,,,,,,,,,,,,21.9,20.4,8.3,5.3,21.1,21.5,26.3,26.6,27.4,40.3,40.5,43.3
2025-12-08 14:00:00,,,,,,,,,,,,,,,,,,,,21.7,20.4,8.2,5.3,21.0,21.4,26.2,26.4,27.2,40.0,40.4,43.2
2025-12-08 15:00:00,,,,,,,,,,,,,,,,,,,,21.6,20.3,8.2,5.3,21.0,21.3,26.1,26.3,27.1,39.9,40.3,43.1
2025-12-08 16:00:00,,,,,,,,,,,,,,,,,,,,21.6,20.3,8.3,5.3,21.0,21.3,26.1,26.3,27.1,39.9,40.3,43.1
2025-12-08 17:00:00,,,,,,,,,,,,,,,,,,,,21.5,20.3,8.3,5.3,21.0,21.3,26.1,26.3,27.1,39.9,40.3,43.1
2025-12-08 18:00:00,,,,,,,,,,,,,,,,,,,,21.5,20.3,8.2,5.3,20.9,21.3,26.1,26.3,27.1,39.9,40.3,43.1
2025-12-08 19:00:00,,,,,,,,,,,,,,,,,,,,21.5,20.3,8.2,5.3,20.9,21.3,26.1,26.4,27.1,39.9,40.4,43.1
2025-12-08 20:00:00,,,,,,,,,,,,,,,,,,,,21.4,20.3,8.2,5.3,20.9,21.3,26.1,26.4,27.1,39.9,40.4,43.1
2025-12-08 21:00:00,,,,,,,,,,,,,,,,,,,,21.4,20.3,8.2,5.3,20.9,21.3,26.1,26.4,27.1,40.0,40.5,43.1
2025-12-08 22:00:00,,,,,,,,,,,,,,,,,,,,21.4,20.3,8.2,5.3,20.9,21.3,26.1,26.4,27.1,40.0,40.5,43.2
2025-12-08 23:00:00,,,,,,,,,,,,,,,,,,,,21.4,20.3,8.2,5.3,20.9,21.3,26.1,26.4,27.1,40.0,40.5,43.2
2025-12-09 01:00:00,,,,,,,,,,,,,,,,,,,,21.4,20.3,8.2,5.3,20.9,21.3,26.1,26.4,27.1,40.1,40.5,43.2
2025-12-09 02:00:00,,,,,,,,,,,,,,,,,,,,21.4,20.3,8.2,5.3,20.9,21.3,26.1,26.4,27.1,40.1,40.6,43.2
2025-12-09 03:00:00,,,,,,,,,,,,,,,,,,,,21.4,20.3,8.2,5.3,20.9,21.3,26.1,26.4,27.2,40.1,40.6,43.2
2025-12-09 04:00:00,,,,,,,,,,,,,,,,,,,,21.3,20.3,8.2,5.3,20.9,21.3,26.1,26.4,27.2,40.1,40.6,43.2
2025-12-09 05:00:00,,,,,,,,,,,,,,,,,,,,21.3,20.3,8.2,5.3,20.9,21.3,26.1,26.4,27.2,40.1,40.6,43.2
2025-12-09 06:00:00,,,,,,,,,,,,,,,,,,,,21.2,20.3,8.2,5.3,20.9,21.3,26.1,26.4,27.2,40.1,40.6,43.2
2025-12-09 07:00:00,,,,,,,,,,,,,,,,,,,,21.2,20.3,8.3,5.3,20.9,21.3,26.1,26.4,27.2,40.1,40.6,43.2
2025-12-09 08:00:00,,,,,,,,,,,,,,,,,,,,21.2,20.3,8.2,5.3,20.9,21.3,26.1,26.4,27.2,40.1,40.6,43.2
2025-12-09 09:00:00,,,,,,,,,,,,,,,,,,,,21.1,20.3,8.2,5.3,20.9,21.3,26.1,26.4,27.1,40.1,40.6,43.1
2025-12-09 10:00:00,,,,,,,,,,,,,,,,,,,,21.1,20.3,8.2,5.3,20.9,21.3,26.0,26.3,27.1,40.0,40.5,43.1
2025-12-09 11:00:00,,,,,,,,,,,,,,,,,,,,21.1,20.3,8.2,5.3,20.9,21.3,25.9,26.2,27.0,39.9,40.5,43.1
2025-12-09 12:00:00,,,,,,,,,,,,,,,,,,,,20.9,20.2,8.2,5.3,20.8,21.2,25.9,26.1,26.9,39.8,40.3,42.9
2025-12-09 13:00:00,,,,,,,,,,,,,,,,,,,,20.8,20.2,8.2,5.3,20.8,21.2,25.8,26.1,26.8,39.7,40.3,42.9
2025-12-09 14:00:00,,,,,,,,,,,,,,,,,,,,20.8,20.2,8.2,5.3,20.8,21.2,25.8,26.0,26.8,39.6,40.2,42.9
2025-12-09 16:00:00,,,,,,,,,,,,,,,,,,,,20.7,20.2,8.2,5.3,20.8,21.1,25.7,26.0,26.8,39.6,40.3,42.9
2025-12-09 17:00:00,,,,,,,,,,,,,,,,,,,,20.7,20.2,8.2,5.3,20.8,21.2,25.7,26.0,26.8,39.7,40.3,42.9
2025-12-09 18:00:00,,,,,,,,,,,,,,,,,,,,20.7,20.2,8.2,5.3,20.8,21.1,25.7,26.0,26.8,39.7,40.4,42.9
2025-12-09 19:00:00,,,,,,,,,,,,,,,,,,,,20.6,20.2,8.2,5.3,20.8,21.2,25.7,26.0,26.8,39.7,40.4,42.9
2025-12-09 20:00:00,,,,,,,,,,,,,,,,,,,,20.7,20.2,8.2,5.3,20.8,21.2,25.7,26.0,26.8,39.7,40.5,42.9
2025-12-09 21:00:00,,,,,,,,,,,,,,,,,,,,20.7,20.2,8.2,5.3,20.8,21.2,25.7,26.0,26.8,39.8,40.5,42.9
2025-12-09 22:00:00,,,,,,,,,,,,,,,,,,,,20.6,20.2,8.2,5.3,20.8,21.2,25.8,26.0,26.8,39.8,40.5,42.9
2025-12-09 23:00:00,,,,,,,,,,,,,,,,,,,,20.6,20.2,8.2,5.3,20.8,21.2,25.7,26.0,26.9,39.8,40.5,42.9
2025-12-10 01:00:00,,,,,,,,,,,,,,,,,,,,20.6,20.2,8.2,5.3,20.8,21.2,25.7,26.1,26.9,39.8,40.5,42.9
2025-12-10 02:00:00,,,,,,,,,,,,,,,,,,,,20.6,20.2,8.2,5.3,20.8,21.2,25.8,26.1,26.9,39.8,40.5,42.9
2025-12-10 03:00:00,,,,,,,,,,,,,,,,,,,,20.6,20.2,8.2,5.3,20.8,21.2,25.7,26.1,26.9,39.8,40.6,42.9
2025-12-10 04:00:00,,,,,,,,,,,,,,,,,,,,20.5,20.2,8.2,5.3,20.8,21.2,25.8,26.1,26.9,39.9,40.6,42.9
2025-12-10 05:00:00,,,,,,,,,,,,,,,,,,,,20.6,20.2,8.2,5.3,20.8,21.2,25.7,26.1,26.9,39.9,40.6,42.9
2025-12-10 06:00:00,,,,,,,,,,,,,,,,,,,,20.5,20.2,8.2,5.3,20.8,21.2,25.8,26.1,27.0,39.9,40.6,42.9
2025-12-10 07:00:00,,,,,,,,,,,,,,,,,,,,20.5,20.2,8.2,5.3,20.8,21.2,25.8,26.1,27.0,39.9,40.6,42.9
2025-12-10 08:00:00,,,,,,,,,,,,,,,,,,,,20.5,20.2,8.3,5.3,20.8,21.2,25.8,26.1,27.0,39.9,40.6,42.9
2025-12-10 09:00:00,,,,,,,,,,,,,,,,,,,,20.5,20.2,8.2,5.3,20.8,21.2,25.7,26.0,26.9,39.9,40.5,42.9
2025-12-10 10:00:00,,,,,,,,,,,,,,,,,,,,20.5,20.1,8.2,5.3,20.7,21.1,25.6,25.9,26.8,39.7,40.4,42.8
2025-12-10 11:00:00,,,,,,,,,,,,,,,,,,,,20.4,20.1,8.2,5.3,20.7,21.0,25.5,25.7,26.6,39.5,40.2,42.6
2025-12-10 12:00:00,,,,,,,,,,,,,,,,,,,,20.2,20.1,8.2,5.3,20.6,20.9,25.3,25.5,26.3,39.2,39.9,42.5
2025-12-10 13:00:00,,,,,,,,,,,,,,,,,,,,20.2,20.0,8.2,5.3,20.6,20.8,25.2,25.5,26.2,39.0,39.8,42.4
2025-12-10 14:00:00,,,,,,,,,,,,,,,,,,,,20.1,20.0,8.2,5.3,20.6,20.8,25.2,25.5,26.2,39.0,39.8,42.4
2025-12-10 15:00:00,,,,,,,,,,,,,,,,,,,,20.1,20.0,8.2,5.3,20.6,20.8,25.2,25.5,26.2,39.0,39.8,42.4
2025-12-10 16:00:00,,,,,,,,,,,,,,,,,,,,20.1,20.0,8.2,5.3,20.6,20.8,25.2,25.5,26.2,39.0,39.8,42.5
2025-12-10 17:00:00,,,,,,,,,,,,,,,,,,,,20.1,20.0,8.2,5.3,20.6,20.8,25.2,25.5,26.3,39.1,39.9,42.5
2025-12-10 18:00:00,,,,,,,,,,,,,,,,,,,,20.1,20.0,8.2,5.3,20.6,20.8,25.2,25.5,26.3,39.1,39.9,42.5
2025-12-10 19:00:00,,,,,,,,,,,,,,,,,,,,20.1,20.0,8.2,5.3,20.6,20.8,25.2,25.5,26.3,39.1,39.9,42.5
2025-12-10 20:00:00,,,,,,,,,,,,,,,,,,,,20.1,20.0,8.2,5.3,20.6,20.8,25.2,25.5,26.3,39.1,40.0,42.5
2025-12-10 21:00:00,,,,,,,,,,,,,,,,,,,,20.1,20.0,8.2,5.3,20.6,20.9,25.2,25.5,26.3,39.2,40.0,42.5
2025-12-10 22:00:00,,,,,,,,,,,,,,,,,,,,20.1,20.0,8.2,5.3,20.6,20.9,25.2,25.5,26.3,39.2,40.0,42.5
2025-12-10 23:00:00,,,,,,,,,,,,,,,,,,,,20.1,20.0,8.2,5.3,20.6,20.9,25.2,25.5,26.3,39.2,40.0,42.6
2025-12-11 01:00:00,,,,,,,,,,,,,,,,,,,,20.1,20.0,8.2,5.3,20.6,20.9,25.2,25.5,26.4,39.2,40.0,42.6
2025-12-11 02:00:00,,,,,,,,,,,,,,,,,,,,20.0,20.0,8.2,5.3,20.6,20.9,25.2,25.5,26.4,39.2,40.1,42.6
2025-12-11 03:00:00,,,,,,,,,,,,,,,,,,,,20.0,20.0,8.2,5.3,20.6,20.9,25.2,25.5,26.4,39.2,40.1,42.6
2025-12-11 04:00:00,,,,,,,,,,,,,,,,,,,,20.0,20.0,8.2,5.3,20.6,20.9,25.2,25.5,26.4,39.2,40.1,42.5
2025-12-11 05:00:00,,,,,,,,,,,,,,,,,,,,19.9,20.0,8.2,5.3,20.6,20.9,25.3,25.5,26.4,39.3,40.1,42.6
2025-12-11 06:00:00,,,,,,,,,,,,,,,,,,,,20.0,20.0,8.2,5.3,20.6,20.9,25.3,25.6,26.4,39.3,40.1,42.6
2025-12-11 07:00:00,,,,,,,,,,,,,,,,,,,,19.9,20.0,8.2,5.3,20.6,20.9,25.2,25.6,26.4,39.3,40.1,42.6
2025-12-11 08:00:00,,,,,,,,,,,,,,,,,,,,19.9,20.0,8.2,5.3,20.6,20.9,25.3,25.6,26.4,39.3,40.1,42.6
2025-12-11 09:00:00,,,,,,,,,,,,,,,,,,,,20.0,20.0,8.2,5.3,20.6,20.9,25.3,25.5,26.4,39.3,40.1,42.5
2025-12-11 10:00:00,,,,,,,,,,,,,,,,,,,,20.0,20.0,8.2,5.3,20.5,20.8,25.1,25.4,26.3,39.1,39.9,42.4
2025-12-11 11:00:00,,,,,,,,,,,,,,,,,,,,19.9,19.9,8.2,5.3,20.5,20.7,25.0,25.2,26.0,38.8,39.7,42.3
2025-12-11 12:00:00,,,,,,,,,,,,,,,,,,,,19.8,19.9,8.2,5.3,20.4,20.6,24.8,25.1,25.8,38.5,39.4,42.1
2025-12-11 13:00:00,,,,,,,,,,,,,,,,,,,,19.8,19.9,8.2,5.3,20.4,20.5,24.7,24.9,25.6,38.2,39.2,41.9
2025-12-11 14:00:00,,,,,,,,,,,,,,,,,,,,19.8,19.8,8.2,5.3,20.4,20.5,24.7,24.9,25.6,38.1,39.2,41.9
2025-12-11 15:00:00,,,,,,,,,,,,,,,,,,,,19.7,19.8,8.2,5.3,20.4,20.5,24.7,24.8,25.5,38.1,39.2,41.9
2025-12-11 16:00:00,,,,,,,,,,,,,,,,,,,,19.7,19.9,8.2,5.3,20.4,20.5,24.7,24.9,25.6,38.1,39.2,41.9
2025-12-11 17:00:00,,,,,,,,,,,,,,,,,,,,19.7,19.8,8.2,5.3,20.4,20.5,24.7,24.9,25.6,38.2,39.3,42.0
2025-12-11 18:00:00,,,,,,,,,,,,,,,,,,,,19.7,19.8,8.2,5.3,20.4,20.5,24.7,24.9,25.6,38.2,39.3,42.0
2025-12-11 19:00:00,,,,,,,,,,,,,,,,,,,,19.7,19.8,8.2,5.3,20.3,20.6,24.7,24.9,25.6,38.3,39.3,42.0
2025-12-11 20:00:00,,,,,,,,,,,,,,,,,,,,19.7,19.8,8.2,5.3,20.3,20.6,24.7,24.9,25.6,38.3,39.3,42.0
2025-12-11 21:00:00,,,,,,,,,,,,,,,,,,,,19.7,19.8,8.2,5.3,20.3,20.6,24.7,24.9,25.6,38.3,39.4,42.0
2025-12-11 22:00:00,,,,,,,,,,,,,,,,,,,,19.7,19.8,8.2,5.3,20.3,20.6,24.7,24.9,25.7,38.3,39.4,42.1
2025-12-11 23:00:00,,,,,,,,,,,,,,,,,,,,19.7,19.8,8.2,5.3,20.4,20.6,24.7,24.9,25.7,38.4,39.4,42.1
2025-12-12 01:00:00,,,,,,,,,,,,,,,,,,,,19.7,19.8,8.2,5.3,20.4,20.6,24.7,25.0,25.7,38.4,39.4,42.1
2025-12-12 02:00:00,,,,,,,,,,,,,,,,,,,,19.7,19.8,8.2,5.3,20.4,20.6,24.7,25.0,25.7,38.4,39.4,42.1
2025-12-12 03:00:00,,,,,,,,,,,,,,,,,,,,19.8,19.8,8.2,5.3,20.4,20.6,24.7,25.0,25.7,38.4,39.5,42.1
2025-12-12 04:00:00,,,,,,,,,,,,,,,,,,,,19.7,19.8,8.2,5.3,20.4,20.6,24.7,25.0,25.7,38.4,39.5,42.1
2025-12-12 05:00:00,,,,,,,,,,,,,,,,,,,,19.7,19.8,8.2,5.3,20.4,20.6,24.7,25.0,25.7,38.4,39.5,42.1
2025-12-12 06:00:00,,,,,,,,,,,,,,,,,,,,19.7,19.8,8.2,5.3,20.4,20.6,24.7,25.0,25.8,38.4,39.5,42.1
2025-12-12 07:00:00,,,,,,,,,,,,,,,,,,,,19.7,19.8,8.2,5.3,20.4,20.6,24.7,25.0,25.8,38.4,39.5,42.1
2025-12-12 08:00:00,,,,,,,,,,,,,,,,,,,,19.6,19.8,8.2,5.3,20.4,20.6,24.7,25.0,25.8,38.4,39.5,42.1
2025-12-12 09:00:00,,,,,,,,,,,,,,,,,,,,19.6,19.8,8.2,5.3,20.3,20.6,24.7,24.9,25.7,38.3,39.4,42.0
2025-12-12 10:00:00,,,,,,,,,,,,,,,,,,,,19.6,19.8,8.2,5.3,20.3,20.5,24.5,24.8,25.5,38.1,39.2,41.9
2025-12-12 11:00:00,,,,,,,,,,,,,,,,,,,,19.7,19.7,8.2,5.3,20.2,20.4,24.4,24.7,25.3,37.9,39.0,41.7
2025-12-12 12:00:00,,,,,,,,,,,,,,,,,,,,19.6,19.7,8.1,5.3,20.2,20.3,24.3,24.5,25.1,37.6,38.8,41.6
2025-12-12 13:00:00,,,,,,,,,,,,,,,,,,,,19.5,19.7,8.1,5.3,20.1,20.2,24.2,24.3,24.9,37.2,38.6,41.4
2025-12-12 14:00:00,,,,,,,,,,,,,,,,,,,,19.5,19.6,8.1,5.3,20.1,20.2,24.0,24.1,24.6,36.9,38.3,41.2
2025-12-12 15:00:00,,,,,,,,,,,,,,,,,,,,19.5,19.6,8.1,5.3,20.1,20.1,23.9,24.0,24.5,36.7,38.2,41.2
2025-12-12 16:00:00,,,,,,,,,,,,,,,,,,,,19.5,19.6,8.1,5.3,20.1,20.1,23.9,24.0,24.5,36.7,38.2,41.1
2025-12-12 17:00:00,,,,,,,,,,,,,,,,,,,,19.5,19.5,8.1,5.3,20.1,20.1,23.9,24.0,24.5,36.7,38.2,41.2
2025-12-12 18:00:00,,,,,,,,,,,,,,,,,,,,19.4,19.6,8.1,5.3,20.0,20.1,23.9,24.0,24.5,36.7,38.2,41.2
2025-12-12 19:00:00,,,,,,,,,,,,,,,,,,,,19.4,19.5,8.1,5.3,20.0,20.1,23.9,24.0,24.5,36.7,38.2,41.3
2025-12-12 20:00:00,,,,,,,,,,,,,,,,,,,,19.4,19.5,8.1,5.3,20.0,20.1,23.9,24.1,24.6,36.8,38.3,41.3
2025-12-12 21:00:00,,,,,,,,,,,,,,,,,,,,19.5,19.5,8.1,5.3,20.0,20.1,23.9,24.1,24.6,36.8,38.3,41.3
2025-12-12 22:00:00,,,,,,,,,,,,,,,,,,,,19.4,19.5,8.1,5.3,20.0,20.1,23.9,24.1,24.6,36.8,38.3,41.3
2025-12-12 23:00:00,,,,,,,,,,,,,,,,,,,,19.4,19.5,8.1,5.3,20.0,20.1,23.9,24.1,24.6,36.8,38.4,41.3
2025-12-13 01:00:00,,,,,,,,,,,,,,,,,,,,19.4,19.5,8.1,5.3,20.1,20.1,23.9,24.1,24.7,36.9,38.4,41.4
2025-12-13 02:00:00,,,,,,,,,,,,,,,,,,,,19.4,19.5,8.1,5.3,20.0,20.1,23.9,24.1,24.7,36.9,38.4,41.4
2025-12-13 03:00:00,,,,,,,,,,,,,,,,,,,,19.4,19.5,8.1,5.3,20.0,20.2,23.9,24.1,24.7,36.9,38.4,41.4
2025-12-13 04:00:00,,,,,,,,,,,,,,,,,,,,19.4,19.5,8.1,5.3,20.1,20.2,23.9,24.1,24.7,36.9,38.4,41.4
2025-12-13 05:00:00,,,,,,,,,,,,,,,,,,,,19.4,19.5,8.1,5.3,20.1,20.2,23.9,24.1,24.7,37.0,38.5,41.4
2025-12-13 06:00:00,,,,,,,,,,,,,,,,,,,,19.4,19.5,8.1,5.3,20.1,20.2,23.9,24.1,24.7,37.0,38.5,41.4
2025-12-13 07:00:00,,,,,,,,,,,,,,,,,,,,19.4,19.6,8.1,5.3,20.1,20.2,24.0,24.2,24.7,37.0,38.5,41.5
2025-12-13 08:00:00,,,,,,,,,,,,,,,,,,,,19.3,19.5,8.1,5.3,20.1,20.2,24.0,24.2,24.8,37.0,38.5,41.5
2025-12-13 09:00:00,,,,,,,,,,,,,,,,,,,,19.4,19.6,8.1,5.3,20.0,20.2,23.9,24.1,24.7,36.9,38.4,41.3
2025-12-13 10:00:00,,,,,,,,,,,,,,,,,,,,19.4,19.5,8.1,5.3,20.0,20.1,23.8,24.0,24.5,36.7,38.2,41.2
2025-12-13 11:00:00,,,,,,,,,,,,,,,,,,,,19.3,19.5,8.1,5.3,19.9,20.0,23.7,23.8,24.3,36.4,38.0,41.0
2025-12-13 12:00:00,,,,,,,,,,,,,,,,,,,,19.3,19.4,8.1,5.3,19.9,19.9,23.5,23.6,24.1,36.1,37.7,40.8
2025-12-13 13:00:00,,,,,,,,,,,,,,,,,,,,19.3,19.4,8.0,5.3,19.8,19.8,23.4,23.4,23.8,35.7,37.4,40.6
2025-12-13 14:00:00,,,,,,,,,,,,,,,,,,,,19.2,19.4,8.0,5.3,19.8,19.8,23.3,23.3,23.7,35.5,37.3,40.5
2025-12-13 15:00:00,,,,,,,,,,,,,,,,,,,,19.2,19.3,8.0,5.2,19.8,19.8,23.3,23.3,23.6,35.4,37.2,40.4
2025-12-13 16:00:00,,,,,,,,,,,,,,,,,,,,19.3,19.3,8.1,5.2,19.8,19.8,23.3,23.3,23.6,35.4,37.2,40.4
2025-12-13 17:00:00,,,,,,,,,,,,,,,,,,,,19.2,19.4,8.1,5.2,19.8,19.8,23.3,23.3,23.6,35.4,37.2,40.5
2025-12-13 18:00:00,,,,,,,,,,,,,,,,,,,,19.2,19.3,8.1,5.2,19.8,19.8,23.3,23.3,23.7,35.5,37.3,40.5
2025-12-13 19:00:00,,,,,,,,,,,,,,,,,,,,19.2,19.3,8.1,5.3,19.8,19.8,23.3,23.3,23.7,35.5,37.3,40.5
2025-12-13 20:00:00,,,,,,,,,,,,,,,,,,,,19.3,19.3,8.0,5.3,19.8,19.8,23.3,23.3,23.7,35.5,37.4,40.6
2025-12-13 21:00:00,,,,,,,,,,,,,,,,,,,,19.2,19.4,8.0,5.2,19.8,19.8,23.3,23.4,23.7,35.6,37.4,40.6
2025-12-13 22:00:00,,,,,,,,,,,,,,,,,,,,19.2,19.3,8.1,5.3,19.8,19.8,23.3,23.4,23.8,35.6,37.4,40.6
2025-12-13 23:00:00,,,,,,,,,,,,,,,,,,,,19.2,19.3,8.0,5.3,19.8,19.8,23.3,23.4,23.8,35.6,37.4,40.6
2025-12-14 01:00:00,,,,,,,,,,,,,,,,,,,,19.2,19.3,8.1,5.3,19.8,19.8,23.3,23.4,23.8,35.7,37.5,40.6
2025-12-14 02:00:00,,,,,,,,,,,,,,,,,,,,19.2,19.3,8.1,5.2,19.8,19.8,23.3,23.4,23.8,35.7,37.5,40.6
2025-12-14 03:00:00,,,,,,,,,,,,,,,,,,,,19.2,19.3,8.1,5.2,19.8,19.8,23.3,23.4,23.8,35.7,37.5,40.6
2025-12-14 04:00:00,,,,,,,,,,,,,,,,,,,,19.2,19.3,8.1,5.2,19.8,19.8,23.3,23.4,23.9,35.8,37.5,40.6
2025-12-14 05:00:00,,,,,,,,,,,,,,,,,,,,19.2,19.3,8.1,5.2,19.7,19.8,23.3,23.4,23.9,35.7,37.6,40.6
2025-12-14 06:00:00,,,,,,,,,,,,,,,,,,,,19.2,19.3,8.1,5.2,19.7,19.8,23.3,23.4,23.9,35.8,37.5,40.6
2025-12-14 07:00:00,,,,,,,,,,,,,,,,,,,,19.2,19.3,8.0,5.2,19.7,19.8,23.3,23.4,23.9,35.8,37.5,40.7
2025-12-14 08:00:00,,,,,,,,,,,,,,,,,,,,19.2,19.3,8.1,5.2,19.7,19.8,23.3,23.4,23.9,35.8,37.5,40.7
2025-12-14 09:00:00,,,,,,,,,,,,,,,,,,,,19.2,19.3,8.0,5.2,19.7,19.8,23.3,23.5,23.9,35.8,37.6,40.7
2025-12-14 10:00:00,,,,,,,,,,,,,,,,,,,,19.2,19.3,8.0,5.2,19.7,19.9,23.3,23.5,23.9,35.8,37.6,40.7
2025-12-14 11:00:00,,,,,,,,,,,,,,,,,,,,19.2,19.3,8.0,5.2,19.7,19.8,23.3,23.4,23.9,35.8,37.5,40.6
2025-12-14 12:00:00,,,,,,,,,,,,,,,,,,,,19.2,19.3,8.1,5.2,19.7,19.8,23.3,23.4,23.8,35.7,37.5,40.6
2025-12-14 13:00:00,,,,,,,,,,,,,,,,,,,,19.2,19.3,8.1,5.3,19.7,19.8,23.3,23.4,23.8,35.7,37.4,40.6
2025-12-14 14:00:00,,,,,,,,,,,,,,,,,,,,19.2,19.3,8.1,5.3,19.7,19.8,23.3,23.4,23.8,35.7,37.4,40.6
2025-12-14 15:00:00,,,,,,,,,,,,,,,,,,,,19.2,19.3,8.1,5.3,19.7,19.8,23.3,23.4,23.8,35.6,37.4,40.6
2025-12-14 16:00:00,,,,,,,,,,,,,,,,,,,,19.1,19.3,8.1,5.2,19.7,19.8,23.3,23.4,23.8,35.7,37.4,40.5
2025-12-14 17:00:00,,,,,,,,,,,,,,,,,,,,19.1,19.3,8.1,5.2,19.7,19.8,23.3,23.4,23.8,35.6,37.4,40.6
2025-12-14 18:00:00,,,,,,,,,,,,,,,,,,,,19.1,19.3,8.1,5.2,19.7,19.8,23.3,23.4,23.8,35.7,37.4,40.6
2025-12-14 19:00:00,,,,,,,,,,,,,,,,,,,,19.1,19.3,8.1,5.2,19.8,19.8,23.3,23.4,23.8,35.7,37.4,40.6
2025-12-14 20:00:00,,,,,,,,,,,,,,,,,,,,19.1,19.3,8.1,5.2,19.8,19.8,23.3,23.4,23.8,35.7,37.4,40.6
2025-12-14 21:00:00,,,,,,,,,,,,,,,,,,,,19.1,19.3,8.1,5.2,19.7,19.8,23.3,23.4,23.8,35.7,37.4,40.6
2025-12-14 22:00:00,,,,,,,,,,,,,,,,,,,,19.1,19.3,8.1,5.2,19.7,19.8,23.3,23.4,23.9,35.7,37.5,40.6
2025-12-14 23:00:00,,,,,,,,,,,,,,,,,,,,19.1,19.3,8.1,5.2,19.7,19.8,23.3,23.4,23.9,35.7,37.5,40.6
2025-12-15 01:00:00,,,,,,,,,,,,,,,,,,,,19.1,19.3,8.1,5.2,19.7,19.8,23.3,23.4,23.9,35.8,37.5,40.6
2025-12-15 02:00:00,,,,,,,,,,,,,,,,,,,,19.0,19.2,8.1,5.3,19.7,19.8,23.3,23.4,23.9,35.8,37.5,40.6
2025-12-15 03:00:00,,,,,,,,,,,,,,,,,,,,19.0,19.3,8.1,5.2,19.7,19.8,23.3,23.4,23.9,35.8,37.5,40.6
2025-12-15 04:00:00,,,,,,,,,,,,,,,,,,,,19.1,19.3,8.1,5.2,19.7,19.8,23.3,23.4,23.9,35.8,37.5,40.6
2025-12-15 05:00:00,,,,,,,,,,,,,,,,,,,,19.1,19.3,8.1,5.2,19.7,19.8,23.3,23.4,23.9,35.8,37.5,40.6
2025-12-15 06:00:00,,,,,,,,,,,,,,,,,,,,19.1,19.3,8.1,5.2,19.7,19.8,23.3,23.4,23.9,35.8,37.5,40.6
2025-12-15 07:00:00,,,,,,,,,,,,,,,,,,,,19.0,19.3,8.1,5.2,19.7,19.8,23.3,23.4,23.9,35.8,37.5,40.6
2025-12-15 08:00:00,,,,,,,,,,,,,,,,,,,,19.0,19.2,8.1,5.2,19.7,19.8,23.3,23.4,23.9,35.7,37.4,40.6
2025-12-15 09:00:00,,,,,,,,,,,,,,,,,,,,19.0,19.3,8.1,5.2,19.7,19.8,23.3,23.4,23.8,35.7,37.4,40.6
2025-12-15 10:00:00,,,,,,,,,,,,,,,,,,,,19.1,19.3,8.1,5.2,19.7,19.8,23.2,23.3,23.8,35.6,37.4,40.5
2025-12-15 11:00:00,,,,,,,,,,,,,,,,,,,,19.1,19.3,8.1,5.3,19.7,19.8,23.2,23.3,23.7,35.5,37.3,40.4
2025-12-15 12:00:00,,,,,,,,,,,,,,,,,,,,19.0,19.3,8.1,5.3,19.7,19.8,23.1,23.2,23.7,35.4,37.2,40.4
2025-12-15 13:00:00,,,,,,,,,,,,,,,,,,,,19.0,19.2,8.1,5.2,19.7,19.7,23.1,23.1,23.4,35.2,37.0,40.2
2025-12-15 14:00:00,,,,,,,,,,,,,,,,,,,,19.0,19.2,8.0,5.2,19.6,19.7,22.9,23.0,23.3,34.8,36.7,40.0
2025-12-15 15:00:00,,,,,,,,,,,,,,,,,,,,19.0,19.2,8.0,5.2,19.6,19.6,22.9,22.9,23.1,34.6,36.6,39.8
2025-12-15 16:00:00,,,,,,,,,,,,,,,,,,,,19.0,19.2,8.0,5.2,19.6,19.6,22.8,22.8,23.0,34.5,36.5,39.8
2025-12-15 17:00:00,,,,,,,,,,,,,,,,,,,,19.0,19.2,8.0,5.2,19.6,19.6,22.8,22.8,23.1,34.5,36.5,39.8
2025-12-15 18:00:00,,,,,,,,,,,,,,,,,,,,19.0,19.2,8.0,5.2,19.5,19.6,22.8,22.9,23.1,34.5,36.5,39.8
2025-12-15 19:00:00,,,,,,,,,,,,,,,,,,,,19.0,19.2,8.0,5.2,19.5,19.6,22.8,22.9,23.1,34.6,36.6,39.9
2025-12-15 20:00:00,,,,,,,,,,,,,,,,,,,,19.0,19.2,8.0,5.2,19.6,19.6,22.8,22.9,23.1,34.6,36.6,39.9
2025-12-15 21:00:00,,,,,,,,,,,,,,,,,,,,18.9,19.2,8.0,5.2,19.6,19.6,22.8,22.9,23.1,34.6,36.6,39.9
2025-12-15 22:00:00,,,,,,,,,,,,,,,,,,,,18.9,19.2,8.0,5.2,19.6,19.6,22.8,22.9,23.2,34.6,36.6,39.9
2025-12-15 23:00:00,,,,,,,,,,,,,,,,,,,,19.0,19.2,8.0,5.2,19.6,19.6,22.8,22.9,23.2,34.7,36.7,39.9
2025-12-16 01:00:00,,,,,,,,,,,,,,,,,,,,18.9,19.2,8.0,5.2,19.6,19.6,22.8,23.0,23.2,34.7,36.7,40.0
2025-12-16 02:00:00,,,,,,,,,,,,,,,,,,,,19.0,19.1,8.0,5.2,19.6,19.6,22.8,23.0,23.3,34.7,36.7,40.0
2025-12-16 03:00:00,,,,,,,,,,,,,,,,,,,,18.9,19.1,8.0,5.2,19.6,19.6,22.8,23.0,23.3,34.8,36.7,40.0
2025-12-16 04:00:00,,,,,,,,,,,,,,,,,,,,18.9,19.1,8.0,5.2,19.6,19.6,22.9,23.0,23.3,34.8,36.7,40.0
2025-12-16 05:00:00,,,,,,,,,,,,,,,,,,,,18.9,19.2,8.0,5.2,19.6,19.6,22.9,23.0,23.3,34.8,36.8,40.0
2025-12-16 06:00:00,,,,,,,,,,,,,,,,,,,,18.9,19.2,8.0,5.2,19.6,19.6,22.9,23.0,23.3,34.8,36.8,40.1
2025-12-16 07:00:00,,,,,,,,,,,,,,,,,,,,18.9,19.1,8.0,5.2,19.6,19.6,22.9,23.0,23.3,34.8,36.8,40.1
2025-12-16 08:00:00,,,,,,,,,,,,,,,,,,,,18.9,19.2,8.0,5.2,19.6,19.6,22.9,23.0,23.3,34.8,36.8,40.1
2025-12-16 09:00:00,,,,,,,,,,,,,,,,,,,,18.9,19.1,8.0,5.2,19.6,19.6,22.9,23.0,23.2,34.7,36.7,39.9
2025-12-16 10:00:00,,,,,,,,,,,,,,,,,,,,18.9,19.1,8.0,5.2,19.6,19.6,22.8,22.9,23.1,34.5,36.5,39.8
2025-12-16 11:00:00,,,,,,,,,,,,,,,,,,,,18.9,19.1,8.0,5.2,19.5,19.5,22.7,22.7,22.9,34.2,36.3,39.6
2025-12-16 12:00:00,,,,,,,,,,,,,,,,,,,,18.9,19.1,8.0,5.2,19.5,19.5,22.5,22.5,22.6,33.9,36.0,39.4
2025-12-16 13:00:00,,,,,,,,,,,,,,,,,,,,18.9,19.0,8.0,5.2,19.4,19.4,22.4,22.4,22.4,33.5,35.7,39.1
2025-12-16 14:00:00,,,,,,,,,,,,,,,,,,,,18.9,19.0,8.0,5.2,19.4,19.4,22.3,22.3,22.3,33.3,35.6,39.0
2025-12-16 15:00:00,,,,,,,,,,,,,,,,,,,,18.9,19.1,8.0,5.2,19.4,19.4,22.3,22.3,22.3,33.2,35.5,39.0
2025-12-16 16:00:00,,,,,,,,,,,,,,,,,,,,18.9,19.0,8.0,5.2,19.4,19.4,22.3,22.3,22.3,33.2,35.5,39.0
2025-12-16 17:00:00,,,,,,,,,,,,,,,,,,,,18.9,19.1,8.0,5.2,19.4,19.4,22.3,22.3,22.3,33.2,35.5,39.0
2025-12-16 18:00:00,,,,,,,,,,,,,,,,,,,,18.9,19.1,8.0,5.2,19.3,19.4,22.3,22.3,22.3,33.3,35.6,39.0
2025-12-16 19:00:00,,,,,,,,,,,,,,,,,,,,18.9,19.1,8.0,5.2,19.4,19.4,22.3,22.3,22.3,33.3,35.6,39.1
2025-12-16 20:00:00,,,,,,,,,,,,,,,,,,,,18.8,19.0,8.0,5.2,19.4,19.4,22.3,22.3,22.4,33.4,35.6,39.1
2025-12-16 21:00:00,,,,,,,,,,,,,,,,,,,,18.9,19.0,8.0,5.2,19.4,19.4,22.3,22.3,22.4,33.4,35.7,39.1
2025-12-16 22:00:00,,,,,,,,,,,,,,,,,,,,18.8,19.0,8.0,5.2,19.4,19.4,22.3,22.3,22.4,33.5,35.7,39.2
2025-12-16 23:00:00,,,,,,,,,,,,,,,,,,,,18.8,19.0,8.0,5.2,19.4,19.4,22.3,22.3,22.5,33.5,35.8,39.2
2025-12-17 01:00:00,,,,,,,,,,,,,,,,,,,,18.8,19.1,8.0,5.2,19.3,19.3,22.3,22.3,22.5,33.6,35.8,39.3
2025-12-17 02:00:00,,,,,,,,,,,,,,,,,,,,18.8,19.0,8.0,5.2,19.3,19.4,22.3,22.4,22.5,33.6,35.8,39.3
2025-12-17 04:00:00,,,,,,,,,,,,,,,,,,,,18.8,19.0,8.0,5.2,19.3,19.4,22.3,22.4,22.5,33.6,35.8,39.3
2025-12-17 05:00:00,,,,,,,,,,,,,,,,,,,,18.8,19.0,8.0,5.2,19.3,19.4,22.3,22.4,22.6,33.6,35.8,39.4
2025-12-17 06:00:00,,,,,,,,,,,,,,,,,,,,18.8,19.0,8.0,5.2,19.3,19.4,22.3,22.4,22.6,33.6,35.9,39.4
2025-12-17 07:00:00,,,,,,,,,,,,,,,,,,,,18.8,19.0,8.0,5.2,19.3,19.4,22.3,22.4,22.6,33.7,35.9,39.4
2025-12-17 08:00:00,,,,,,,,,,,,,,,,,,,,18.8,19.0,8.0,5.2,19.4,19.4,22.4,22.4,22.6,33.7,35.9,39.4
2025-12-17 09:00:00,,,,,,,,,,,,,,,,,,,,18.8,19.0,8.0,5.2,19.3,19.4,22.3,22.4,22.5,33.6,35.8,39.3
2025-12-17 10:00:00,,,,,,,,,,,,,,,,,,,,18.8,19.0,8.0,5.2,19.3,19.3,22.3,22.3,22.4,33.4,35.6,39.1
2025-12-17 11:00:00,,,,,,,,,,,,,,,,,,,,18.8,19.0,8.0,5.2,19.3,19.2,22.2,22.1,22.2,33.1,35.3,38.9
2025-12-17 12:00:00,,,,,,,,,,,,,,,,,,,,18.7,19.0,8.0,5.2,19.2,19.2,22.1,22.0,22.0,32.8,35.1,38.6
2025-12-17 13:00:00,,,,,,,,,,,,,,,,,,,,18.8,18.9,7.9,5.2,19.2,19.1,22.0,21.9,21.8,32.5,34.9,38.4
2025-12-17 14:00:00,,,,,,,,,,,,,,,,,,,,18.8,18.9,7.9,5.2,19.2,19.1,21.9,21.9,21.7,32.3,34.7,38.2
2025-12-17 15:00:00,,,,,,,,,,,,,,,,,,,,18.8,18.9,7.9,5.2,19.2,19.1,21.9,21.8,21.7,32.1,34.6,38.2
2025-12-17 16:00:00,,,,,,,,,,,,,,,,,,,,18.8,19.0,8.0,5.2,19.2,19.1,21.9,21.8,21.7,32.1,34.6,38.1
2025-12-17 17:00:00,,,,,,,,,,,,,,,,,,,,18.9,18.9,8.0,5.2,19.2,19.1,21.9,21.8,21.7,32.1,34.6,38.1
2025-12-17 18:00:00,,,,,,,,,,,,,,,,,,,,18.8,18.9,7.9,5.2,19.2,19.1,21.9,21.8,21.8,32.2,34.7,38.2
2025-12-17 19:00:00,,,,,,,,,,,,,,,,,,,,18.8,18.9,7.9,5.2,19.2,19.1,21.9,21.8,21.8,32.2,34.7,38.2
2025-12-17 20:00:00,,,,,,,,,,,,,,,,,,,,18.8,18.9,8.0,5.2,19.2,19.1,21.9,21.8,21.8,32.3,34.7,38.2
2025-12-17 21:00:00,,,,,,,,,,,,,,,,,,,,18.8,18.9,8.0,5.2,19.2,19.1,21.9,21.9,21.8,32.3,34.8,38.2
2025-12-17 22:00:00,,,,,,,,,,,,,,,,,,,,18.8,18.9,7.9,5.2,19.2,19.1,21.9,21.9,21.8,32.3,34.8,38.3
2025-12-17 23:00:00,,,,,,,,,,,,,,,,,,,,18.8,18.9,8.0,5.2,19.2,19.1,21.9,21.9,21.8,32.3,34.8,38.3
2025-12-18 01:00:00,,,,,,,,,,,,,,,,,,,,18.8,18.9,8.0,5.2,19.2,19.1,21.9,21.9,21.9,32.4,34.8,38.3
2025-12-18 02:00:00,,,,,,,,,,,,,,,,,,,,18.7,18.9,8.0,5.2,19.2,19.1,21.9,21.9,21.9,32.4,34.8,38.3
2025-12-18 03:00:00,,,,,,,,,,,,,,,,,,,,18.7,18.9,8.0,5.2,19.1,19.1,21.9,21.9,21.9,32.4,34.8,38.3
2025-12-18 04:00:00,,,,,,,,,,,,,,,,,,,,18.7,18.9,8.0,5.2,19.1,19.1,21.9,21.9,21.9,32.4,34.9,38.4
2025-12-18 05:00:00,,,,,,,,,,,,,,,,,,,,18.7,18.9,8.0,5.2,19.1,19.1,21.9,21.9,21.9,32.4,34.9,38.4
2025-12-18 06:00:00,,,,,,,,,,,,,,,,,,,,18.7,18.9,8.0,5.2,19.1,19.1,21.9,21.9,21.9,32.5,34.9,38.4
2025-12-18 07:00:00,,,,,,,,,,,,,,,,,,,,18.7,18.9,8.0,5.2,19.1,19.1,21.9,21.9,21.9,32.5,34.9,38.4
2025-12-18 08:00:00,,,,,,,,,,,,,,,,,,,,18.7,18.9,8.0,5.2,19.2,19.1,21.9,21.9,21.9,32.5,34.9,38.4
2025-12-18 09:00:00,,,,,,,,,,,,,,,,,,,,18.7,18.9,8.0,5.2,19.1,19.1,21.9,21.9,21.8,32.4,34.8,38.3
2025-12-18 10:00:00,,,,,,,,,,,,,,,,,,,,18.7,18.8,8.0,5.2,19.1,19.1,21.8,21.8,21.7,32.1,34.5,38.0
2025-12-18 11:00:00,,,,,,,,,,,,,,,,,,,,18.7,18.8,8.0,5.2,19.1,19.0,21.7,21.7,21.5,31.9,34.3,37.8
2025-12-18 12:00:00,,,,,,,,,,,,,,,,,,,,18.8,18.8,8.0,5.2,19.1,19.0,21.7,21.6,21.4,31.6,34.1,37.6
2025-12-18 13:00:00,,,,,,,,,,,,,,,,,,,,18.7,18.8,7.9,5.2,19.0,18.9,21.6,21.5,21.2,31.4,33.8,37.3
2025-12-18 14:00:00,,,,,,,,,,,,,,,,,,,,18.7,18.8,7.9,5.1,19.0,18.9,21.5,21.4,21.1,31.1,33.6,37.1
2025-12-18 15:00:00,,,,,,,,,,,,,,,,,,,,18.7,18.8,8.0,5.2,19.0,18.9,21.5,21.4,21.1,31.1,33.6,37.1
2025-12-18 16:00:00,,,,,,,,,,,,,,,,,,,,18.7,18.8,7.9,5.2,19.0,18.9,21.5,21.4,21.1,31.1,33.6,37.1
2025-12-18 17:00:00,,,,,,,,,,,,,,,,,,,,18.7,18.8,8.0,5.2,19.0,18.9,21.5,21.4,21.1,31.2,33.6,37.1
2025-12-18 18:00:00,,,,,,,,,,,,,,,,,,,,18.7,18.8,8.0,5.2,19.0,18.9,21.5,21.4,21.2,31.2,33.7,37.1
2025-12-18 19:00:00,,,,,,,,,,,,,,,,,,,,18.7,18.8,8.0,5.2,19.0,18.9,21.5,21.4,21.2,31.2,33.7,37.2
2025-12-18 20:00:00,,,,,,,,,,,,,,,,,,,,18.7,18.8,8.0,5.2,19.0,18.9,21.5,21.4,21.2,31.3,33.8,37.2
2025-12-18 21:00:00,,,,,,,,,,,,,,,,,,,,18.7,18.8,8.0,5.2,19.0,18.9,21.5,21.4,21.2,31.3,33.8,37.3
2025-12-18 22:00:00,,,,,,,,,,,,,,,,,,,,18.7,18.8,7.9,5.2,19.0,18.9,21.5,21.4,21.3,31.3,33.8,37.3
2025-12-18 23:00:00,,,,,,,,,,,,,,,,,,,,18.7,18.8,7.9,5.2,19.0,18.9,21.6,21.4,21.3,31.4,33.9,37.4
2025-12-19 01:00:00,,,,,,,,,,,,,,,,,,,,18.7,18.8,8.0,5.2,18.9,18.9,21.6,21.4,21.3,31.5,33.9,37.4
2025-12-19 02:00:00,,,,,,,,,,,,,,,,,,,,18.7,18.8,8.0,5.2,19.0,18.9,21.6,21.5,21.4,31.5,34.0,37.5
2025-12-19 03:00:00,,,,,,,,,,,,,,,,,,,,18.7,18.8,8.0,5.1,19.0,18.9,21.6,21.5,21.4,31.5,34.0,37.5
2025-12-19 04:00:00,,,,,,,,,,,,,,,,,,,,18.7,18.8,8.0,5.2,19.0,18.9,21.6,21.5,21.4,31.5,34.0,37.5
2025-12-19 05:00:00,,,,,,,,,,,,,,,,,,,,18.7,18.8,8.0,5.2,19.0,18.9,21.6,21.5,21.4,31.6,34.1,37.5
2025-12-19 06:00:00,,,,,,,,,,,,,,,,,,,,18.7,18.8,8.0,5.2,19.0,18.9,21.6,21.5,21.4,31.6,34.1,37.5
2025-12-19 07:00:00,,,,,,,,,,,,,,,,,,,,18.6,18.8,8.0,5.2,19.0,18.9,21.6,21.5,21.4,31.6,34.1,37.5
2025-12-19 08:00:00,,,,,,,,,,,,,,,,,,,,18.6,18.8,8.0,5.2,19.0,19.0,21.6,21.5,21.5,31.6,34.1,37.6
2025-12-19 09:00:00,,,,,,,,,,,,,,,,,,,,18.6,18.8,8.0,5.2,19.0,19.0,21.6,21.5,21.5,31.6,34.1,37.6
2025-12-19 10:00:00,,,,,,,,,,,,,,,,,,,,18.7,18.8,8.0,5.2,19.0,19.0,21.6,21.5,21.5,31.7,34.1,37.6
2025-12-19 12:00:00,,,,,,,,,,,,,,,,,,,,18.7,18.8,8.0,5.2,18.9,19.0,21.6,21.5,21.5,31.7,34.1,37.6
2025-12-19 13:00:00,,,,,,,,,,,,,,,,,,,,18.7,18.8,8.0,5.2,18.9,19.0,21.6,21.6,21.5,31.7,34.1,37.6
2025-12-19 14:00:00,,,,,,,,,,,,,,,,,,,,18.8,18.8,8.0,5.2,18.9,19.0,21.6,21.5,21.5,31.7,34.2,37.6
2025-12-19 15:00:00,,,,,,,,,,,,,,,,,,,,19.2,18.8,8.0,5.2,18.9,19.0,21.6,21.5,21.5,31.7,34.2,37.6
2025-12-19 16:00:00,,,,,,,,,,,,,,,,,,,,19.3,18.8,8.0,5.2,18.9,19.0,21.6,21.6,21.5,31.8,34.2,37.7
2025-12-19 17:00:00,,,,,,,,,,,,,,,,,,,,19.4,18.8,8.0,5.2,18.9,19.0,21.6,21.5,21.5,31.8,34.2,37.7
2025-12-19 18:00:00,,,,,,,,,,,,,,,,,,,,19.5,18.9,8.0,5.2,18.9,19.0,21.6,21.6,21.5,31.8,34.2,37.7
2025-12-19 19:00:00,,,,,,,,,,,,,,,,,,,,19.5,18.9,8.0,5.2,18.9,19.0,21.6,21.6,21.5,31.8,34.2,37.7
2025-12-19 20:00:00,,,,,,,,,,,,,,,,,,,,19.5,18.9,8.0,5.2,18.9,19.0,21.6,21.6,21.5,31.9,34.2,37.7
2025-12-19 21:00:00,,,,,,,,,,,,,,,,,,,,19.6,18.9,8.0,5.2,18.9,19.0,21.6,21.6,21.6,31.9,34.2,37.7
2025-12-19 22:00:00,,,,,,,,,,,,,,,,,,,,19.6,18.9,8.0,5.2,18.9,19.0,21.6,21.6,21.6,31.9,34.3,37.7
2025-12-19 23:00:00,,,,,,,,,,,,,,,,,,,,19.7,18.9,8.0,5.2,18.9,19.0,21.6,21.6,21.6,31.9,34.3,37.7
2025-12-20 01:00:00,,,,,,,,,,,,,,,,,,,,19.7,18.9,8.0,5.2,18.9,19.0,21.7,21.6,21.6,31.9,34.3,37.7
2025-12-20 02:00:00,,,,,,,,,,,,,,,,,,,,19.8,19.0,8.0,5.2,18.9,19.0,21.7,21.6,21.6,31.9,34.3,37.7
2025-12-20 03:00:00,,,,,,,,,,,,,,,,,,,,24.8,20.2,8.0,5.2,18.9,18.9,21.7,21.6,21.6,31.9,34.3,37.8
2025-12-20 04:00:00,,,,,,,,,,,,,,,,,,,,25.7,23.1,8.0,5.2,18.9,18.9,21.7,21.6,21.6,31.9,34.3,37.8
2025-12-20 05:00:00,,,,,,,,,,,,,,,,,,,,26.8,24.5,8.0,5.2,18.9,19.0,21.7,21.6,21.6,31.9,34.3,37.8
2025-12-20 06:00:00,,,,,,,,,,,,,,,,,,,,28.1,26.1,8.0,5.2,18.9,19.0,21.7,21.6,21.6,32.0,34.3,37.8
2025-12-20 07:00:00,,,,,,,,,,,,,,,,,,,,29.9,27.7,8.1,5.2,18.9,19.0,21.7,21.6,21.6,32.0,34.3,37.8
2025-12-20 08:00:00,,,,,,,,,,,,,,,,,,,,30.9,29.2,8.5,5.2,18.9,19.0,21.7,21.6,21.6,32.0,34.4,37.8
2025-12-20 09:00:00,,,,,,,,,,,,,,,,,,,,31.7,29.9,8.8,5.2,18.9,19.0,21.7,21.6,21.7,32.0,34.4,37.8
2025-12-20 10:00:00,,,,,,,,,,,,,,,,,,,,32.3,30.4,9.0,5.2,18.9,19.0,21.7,21.6,21.7,32.0,34.4,37.8
2025-12-20 11:00:00,,,,,,,,,,,,,,,,,,,,33.5,31.9,9.4,5.5,19.0,19.0,21.7,21.6,21.7,32.0,34.4,37.8
2025-12-20 12:00:00,,,,,,,,,,,,,,,,,,,,33.5,32.5,9.6,5.6,19.4,19.0,21.7,21.6,21.7,32.0,34.4,37.8
2025-12-20 13:00:00,,,,,,,,,,,,,,,,,,,,33.2,32.5,9.7,5.6,19.4,19.0,21.7,21.7,21.7,32.0,34.4,37.8
2025-12-20 14:00:00,,,,,,,,,,,,,,,,,,,,32.9,32.2,9.7,5.6,19.4,19.0,21.7,21.7,21.7,32.0,34.4,37.8
2025-12-20 15:00:00,,,,,,,,,,,,,,,,,,,,32.6,32.0,9.7,5.6,19.4,19.0,21.7,21.7,21.7,32.0,34.4,37.8
2025-12-20 16:00:00,,,,,,,,,,,,,,,,,,,,32.4,31.7,9.7,5.6,19.4,19.0,21.7,21.7,21.7,32.1,34.4,37.8
2025-12-20 17:00:00,,,,,,,,,,,,,,,,,,,,32.1,31.4,9.7,5.5,19.4,19.0,21.7,21.7,21.7,32.1,34.4,37.8
2025-12-20 18:00:00,,,,,,,,,,,,,,,,,,,,31.9,31.2,9.6,5.5,19.4,19.0,21.7,21.7,21.7,32.1,34.4,37.8
2025-12-20 19:00:00,,,,,,,,,,,,,,,,,,,,31.7,31.0,9.6,5.5,19.4,19.0,21.7,21.7,21.7,32.1,34.4,37.9
2025-12-20 20:00:00,,,,,,,,,,,,,,,,,,,,31.6,30.9,9.6,5.5,19.4,19.0,21.7,21.7,21.7,32.1,34.4,37.9
2025-12-20 21:00:00,,,,,,,,,,,,,,,,,,,,31.5,30.7,9.6,5.5,19.4,19.0,21.7,21.7,21.7,32.1,34.4,37.9
2025-12-20 22:00:00,,,,,,,,,,,,,,,,,,,,31.5,30.6,9.6,5.5,19.4,19.0,21.7,21.7,21.7,32.1,34.4,37.9
2025-12-20 23:00:00,,,,,,,,,,,,,,,,,,,,31.3,30.4,9.6,5.5,19.3,19.0,21.7,21.7,21.7,32.1,34.5,37.9
2025-12-21 01:00:00,,,,,,,,,,,,,,,,,,,,31.1,30.2,9.6,5.4,19.3,19.1,21.8,21.7,21.8,32.2,34.5,37.9
2025-12-21 02:00:00,,,,,,,,,,,,,,,,,,,,30.9,30.0,9.6,5.4,19.3,19.1,21.8,21.7,21.8,32.2,34.5,37.9
2025-12-21 03:00:00,,,,,,,,,,,,,,,,,,,,30.8,29.9,9.6,5.4,19.3,19.0,21.8,21.7,21.8,32.2,34.5,37.9
2025-12-21 04:00:00,,,,,,,,,,,,,,,,,,,,30.7,29.8,9.5,5.4,19.3,19.1,21.8,21.7,21.8,32.2,34.5,37.9
2025-12-21 05:00:00,,,,,,,,,,,,,,,,,,,,30.7,29.7,9.5,5.4,19.3,19.1,21.8,21.7,21.8,32.2,34.5,37.9
2025-12-21 06:00:00,,,,,,,,,,,,,,,,,,,,30.5,29.5,9.5,5.4,19.3,19.1,21.8,21.7,21.8,32.2,34.5,37.9
2025-12-21 07:00:00,,,,,,,,,,,,,,,,,,,,30.5,29.4,9.5,5.4,19.3,19.1,21.8,21.7,21.8,32.2,34.5,37.9
2025-12-21 08:00:00,,,,,,,,,,,,,,,,,,,,30.4,29.3,9.5,5.4,19.3,19.1,21.8,21.7,21.8,32.2,34.5,37.9
2025-12-21 09:00:00,,,,,,,,,,,,,,,,,,,,30.4,29.3,9.5,5.4,19.3,19.1,21.8,21.7,21.8,32.2,34.5,37.9
2025-12-21 10:00:00,,,,,,,,,,,,,,,,,,,,30.2,29.2,9.4,5.4,19.3,19.1,21.8,21.7,21.7,32.1,34.4,37.8
2025-12-21 11:00:00,,,,,,,,,,,,,,,,,,,,30.0,29.0,9.4,5.4,19.3,19.1,21.8,21.7,21.7,32.0,34.3,37.7
2025-12-21 12:00:00,,,,,,,,,,,,,,,,,,,,29.7,28.6,9.3,5.3,19.3,19.1,21.7,21.6,21.6,31.9,34.2,37.6
2025-12-21 13:00:00,,,,,,,,,,,,,,,,,,,,29.4,28.3,9.3,5.3,19.3,19.1,21.7,21.6,21.5,31.7,34.1,37.5
2025-12-21 14:00:00,,,,,,,,,,,,,,,,,,,,29.0,28.1,9.2,5.3,19.3,19.1,21.7,21.6,21.4,31.6,34.0,37.4
2025-12-21 15:00:00,,,,,,,,,,,,,,,,,,,,28.9,27.9,9.2,5.3,19.3,19.1,21.7,21.6,21.4,31.6,34.0,37.4
2025-12-21 16:00:00,,,,,,,,,,,,,,,,,,,,28.8,27.8,9.2,5.3,19.3,19.1,21.7,21.6,21.5,31.6,34.0,37.4
2025-12-21 17:00:00,,,,,,,,,,,,,,,,,,,,28.7,27.7,9.2,5.3,19.3,19.1,21.7,21.6,21.5,31.7,34.0,37.5
2025-12-21 18:00:00,,,,,,,,,,,,,,,,,,,,28.6,27.6,9.2,5.3,19.2,19.1,21.7,21.6,21.5,31.7,34.1,37.5
2025-12-21 19:00:00,,,,,,,,,,,,,,,,,,,,28.5,27.5,9.2,5.3,19.2,19.1,21.7,21.6,21.5,31.7,34.1,37.5
2025-12-21 20:00:00,,,,,,,,,,,,,,,,,,,,28.5,27.4,9.2,5.3,19.2,19.1,21.7,21.6,21.5,31.7,34.1,37.5
2025-12-21 21:00:00,,,,,,,,,,,,,,,,,,,,28.4,27.4,9.1,5.3,19.2,19.1,21.7,21.6,21.5,31.8,34.1,37.6
2025-12-21 22:00:00,,,,,,,,,,,,,,,,,,,,28.3,27.3,9.1,5.3,19.2,19.1,21.7,21.6,21.5,31.8,34.1,37.5
2025-12-21 23:00:00,,,,,,,,,,,,,,,,,,,,28.3,27.2,9.1,5.3,19.2,19.1,21.7,21.6,21.5,31.8,34.1,37.6
2025-12-22 01:00:00,,,,,,,,,,,,,,,,,,,,28.1,27.1,9.1,5.3,19.2,19.1,21.7,21.6,21.6,31.8,34.2,37.6
2025-12-22 02:00:00,,,,,,,,,,,,,,,,,,,,28.1,27.0,9.1,5.3,19.2,19.1,21.7,21.6,21.6,31.8,34.2,37.6
2025-12-22 03:00:00,,,,,,,,,,,,,,,,,,,,28.0,26.9,9.1,5.3,19.2,19.1,21.7,21.6,21.6,31.9,34.2,37.6
2025-12-22 04:00:00,,,,,,,,,,,,,,,,,,,,28.0,26.9,9.1,5.3,19.2,19.1,21.7,21.6,21.6,31.9,34.2,37.6
2025-12-22 05:00:00,,,,,,,,,,,,,,,,,,,,27.9,26.8,9.1,5.3,19.2,19.1,21.8,21.6,21.6,31.9,34.2,37.6
2025-12-22 06:00:00,,,,,,,,,,,,,,,,,,,,27.9,26.7,9.1,5.3,19.2,19.1,21.8,21.6,21.6,31.9,34.2,37.7
2025-12-22 07:00:00,,,,,,,,,,,,,,,,,,,,27.9,26.7,9.0,5.3,19.2,19.1,21.8,21.6,21.6,31.9,34.2,37.7
2025-12-22 08:00:00,,,,,,,,,,,,,,,,,,,,27.8,26.6,9.1,5.3,19.2,19.1,21.8,21.7,21.6,31.9,34.2,37.7
2025-12-22 09:00:00,,,,,,,,,,,,,,,,,,,,27.7,26.5,9.0,5.3,19.2,19.1,21.8,21.7,21.6,31.9,34.2,37.6
2025-12-22 10:00:00,,,,,,,,,,,,,,,,,,,,27.5,26.5,9.0,5.3,19.2,19.1,21.8,21.7,21.6,31.9,34.2,37.6
2025-12-22 11:00:00,,,,,,,,,,,,,,,,,,,,27.4,26.4,9.0,5.3,19.2,19.1,21.8,21.6,21.6,31.8,34.1,37.6
2025-12-22 12:00:00,,,,,,,,,,,,,,,,,,,,27.1,26.2,8.9,5.3,19.2,19.1,21.7,21.6,21.5,31.7,34.0,37.5
2025-12-22 13:00:00,,,,,,,,,,,,,,,,,,,,26.8,26.0,8.9,5.3,19.1,19.1,21.7,21.6,21.5,31.6,33.9,37.4
2025-12-22 14:00:00,,,,,,,,,,,,,,,,,,,,26.6,25.8,8.9,5.3,19.2,19.1,21.7,21.6,21.5,31.6,33.9,37.4
2025-12-22 15:00:00,,,,,,,,,,,,,,,,,,,,26.5,25.8,8.9,5.3,19.1,19.1,21.7,21.6,21.5,31.6,33.9,37.4
2025-12-22 16:00:00,,,,,,,,,,,,,,,,,,,,26.5,25.7,8.9,5.2,19.1,19.1,21.8,21.6,21.5,31.6,34.0,37.4
2025-12-22 17:00:00,,,,,,,,,,,,,,,,,,,,26.4,25.7,8.9,5.2,19.1,19.1,21.7,21.6,21.5,31.7,34.0,37.5
2025-12-22 18:00:00,,,,,,,,,,,,,,,,,,,,26.4,25.6,8.9,5.2,19.1,19.1,21.8,21.6,21.6,31.7,34.0,37.5
2025-12-22 19:00:00,,,,,,,,,,,,,,,,,,,,26.3,25.5,8.9,5.2,19.1,19.1,21.8,21.6,21.6,31.8,34.1,37.5
2025-12-22 20:00:00,,,,,,,,,,,,,,,,,,,,26.3,25.5,8.8,5.2,19.1,19.1,21.8,21.6,21.6,31.8,34.1,37.5
2025-12-22 21:00:00,,,,,,,,,,,,,,,,,,,,26.3,25.4,8.8,5.2,19.1,19.1,21.8,21.6,21.6,31.8,34.1,37.5
2025-12-22 22:00:00,,,,,,,,,,,,,,,,,,,,26.2,25.4,8.8,5.2,19.1,19.1,21.8,21.6,21.6,31.8,34.1,37.5
2025-12-22 23:00:00,,,,,,,,,,,,,,,,,,,,26.1,25.4,8.8,5.2,19.1,19.1,21.8,21.6,21.6,31.8,34.1,37.6
2025-12-23 01:00:00,,,,,,,,,,,,,,,,,,,,26.0,25.3,8.8,5.2,19.1,19.1,21.8,21.6,21.7,31.8,34.1,37.6
2025-12-23 02:00:00,,,,,,,,,,,,,,,,,,,,26.1,25.2,8.8,5.2,19.1,19.1,21.8,21.6,21.7,31.8,34.1,37.6
2025-12-23 03:00:00,,,,,,,,,,,,,,,,,,,,26.0,25.2,8.8,5.2,19.1,19.1,21.9,21.6,21.7,31.9,34.1,37.6
2025-12-23 04:00:00,,,,,,,,,,,,,,,,,,,,26.0,25.1,8.8,5.2,19.1,19.1,21.9,21.6,21.7,31.9,34.1,37.6
2025-12-23 05:00:00,,,,,,,,,,,,,,,,,,,,25.9,25.1,8.8,5.2,19.1,19.1,21.9,21.6,21.8,31.9,34.2,37.6
2025-12-23 06:00:00,,,,,,,,,,,,,,,,,,,,25.9,25.0,8.8,5.2,19.1,19.1,21.9,21.6,21.8,31.9,34.2,37.6
2025-12-23 07:00:00,,,,,,,,,,,,,,,,,,,,25.8,25.0,8.8,5.2,19.1,19.1,21.9,21.6,21.8,31.9,34.2,37.6
2025-12-23 08:00:00,,,,,,,,,,,,,,,,,,,,25.8,24.9,8.8,5.2,19.1,19.1,21.9,21.7,21.8,31.9,34.2,37.6
2025-12-23 09:00:00,,,,,,,,,,,,,,,,,,,,25.6,24.8,8.8,5.2,19.1,19.1,21.9,21.7,21.8,31.8,34.1,37.5
2025-12-23 10:00:00,,,,,,,,,,,,,,,,,,,,25.4,24.7,8.8,5.2,19.1,19.1,21.9,21.7,21.7,31.8,34.1,37.5
2025-12-23 11:00:00,,,,,,,,,,,,,,,,,,,,25.2,24.5,8.7,5.2,19.1,19.1,21.8,21.6,21.7,31.7,34.0,37.4
2025-12-23 12:00:00,,,,,,,,,,,,,,,,,,,,24.8,24.3,8.7,5.2,19.1,19.0,21.8,21.6,21.6,31.5,33.9,37.2
2025-12-23 13:00:00,,,,,,,,,,,,,,,,,,,,24.4,24.2,8.6,5.2,19.1,19.0,21.7,21.5,21.5,31.4,33.7,37.1
2025-12-23 14:00:00,,,,,,,,,,,,,,,,,,,,24.2,24.0,8.6,5.2,19.1,19.0,21.8,21.5,21.5,31.3,33.7,37.0
2025-12-23 15:00:00,,,,,,,,,,,,,,,,,,,,24.0,23.8,8.6,5.2,19.0,19.0,21.8,21.5,21.5,31.3,33.7,37.0
2025-12-23 16:00:00,,,,,,,,,,,,,,,,,,,,23.9,23.8,8.6,5.2,19.0,19.1,21.8,21.5,21.5,31.3,33.7,37.0
2025-12-23 17:00:00,,,,,,,,,,,,,,,,,,,,23.8,23.7,8.6,5.2,19.0,19.1,21.8,21.5,21.5,31.4,33.7,37.1
2025-12-23 18:00:00,,,,,,,,,,,,,,,,,,,,23.8,23.6,8.6,5.2,19.0,19.1,21.8,21.5,21.6,31.4,33.8,37.1
2025-12-23 19:00:00,,,,,,,,,,,,,,,,,,,,23.8,23.6,8.6,5.2,19.0,19.0,21.8,21.5,21.6,31.5,33.8,37.1
2025-12-23 20:00:00,,,,,,,,,,,,,,,,,,,,23.7,23.5,8.6,5.2,19.0,19.1,21.8,21.5,21.6,31.5,33.8,37.2
2025-12-23 21:00:00,,,,,,,,,,,,,,,,,,,,23.7,23.5,8.7,5.2,19.0,19.1,21.8,21.5,21.6,31.5,33.8,37.2
2025-12-23 22:00:00,,,,,,,,,,,,,,,,,,,,23.7,23.4,8.6,5.2,19.0,19.0,21.8,21.5,21.6,31.5,33.9,37.2
2025-12-23 23:00:00,,,,,,,,,,,,,,,,,,,,23.6,23.4,8.6,5.2,19.0,19.1,21.8,21.5,21.6,31.5,33.9,37.2
2025-12-24 01:00:00,,,,,,,,,,,,,,,,,,,,23.6,23.3,8.6,5.2,19.1,19.0,21.8,21.6,21.7,31.6,33.9,37.3
2025-12-24 02:00:00,,,,,,,,,,,,,,,,,,,,23.5,23.3,8.6,5.2,19.1,19.0,21.8,21.6,21.7,31.6,33.9,37.3
2025-12-24 03:00:00,,,,,,,,,,,,,,,,,,,,23.5,23.3,8.6,5.2,19.0,19.0,21.8,21.6,21.7,31.6,33.9,37.3
2025-12-24 04:00:00,,,,,,,,,,,,,,,,,,,,23.5,23.2,8.6,5.2,19.0,19.0,21.9,21.6,21.7,31.6,34.0,37.3
2025-12-24 05:00:00,,,,,,,,,,,,,,,,,,,,23.5,23.2,8.6,5.2,19.0,19.0,21.9,21.6,21.7,31.7,34.0,37.3
2025-12-24 06:00:00,,,,,,,,,,,,,,,,,,,,23.4,23.1,8.6,5.2,19.0,19.0,21.9,21.6,21.7,31.7,34.0,37.3
2025-12-24 07:00:00,,,,,,,,,,,,,,,,,,,,23.4,23.1,8.6,5.2,19.0,19.0,21.9,21.6,21.7,31.7,34.0,37.3
2025-12-24 08:00:00,,,,,,,,,,,,,,,,,,,,23.4,23.1,8.6,5.2,19.0,19.1,21.9,21.6,21.7,31.7,34.0,37.3
2025-12-24 09:00:00,,,,,,,,,,,,,,,,,,,,23.2,23.0,8.6,5.2,19.0,19.1,21.9,21.6,21.7,31.6,33.9,37.3
2025-12-24 10:00:00,,,,,,,,,,,,,,,,,,,,23.0,22.9,8.6,5.2,19.0,19.1,21.8,21.6,21.6,31.5,33.8,37.1
2025-12-24 12:00:00,,,,,,,,,,,,,,,,,,,,22.5,22.5,8.5,5.2,19.0,19.0,21.7,21.5,21.4,31.2,33.5,36.8
2025-12-24 13:00:00,,,,,,,,,,,,,,,,,,,,22.2,22.4,8.5,5.2,19.0,19.0,21.7,21.4,21.4,31.1,33.4,36.7
2025-12-24 14:00:00,,,,,,,,,,,,,,,,,,,,22.2,22.3,8.5,5.2,19.0,19.0,21.8,21.4,21.4,31.1,33.4,36.7
2025-12-24 15:00:00,,,,,,,,,,,,,,,,,,,,22.2,22.2,8.5,5.2,19.0,19.0,21.8,21.4,21.4,31.2,33.5,36.8
2025-12-24 16:00:00,,,,,,,,,,,,,,,,,,,,22.1,22.2,8.5,5.2,19.0,19.0,21.8,21.5,21.4,31.2,33.6,36.8
2025-12-24 17:00:00,,,,,,,,,,,,,,,,,,,,22.0,22.2,8.5,5.2,19.0,19.0,21.8,21.5,21.5,31.2,33.6,36.9
2025-12-24 18:00:00,,,,,,,,,,,,,,,,,,,,22.0,22.1,8.5,5.2,19.0,19.0,21.8,21.5,21.5,31.3,33.7,37.0
2025-12-24 19:00:00,,,,,,,,,,,,,,,,,,,,22.0,22.1,8.5,5.2,19.0,19.0,21.8,21.5,21.5,31.3,33.7,37.0
2025-12-24 20:00:00,,,,,,,,,,,,,,,,,,,,22.0,22.1,8.5,5.2,19.0,19.0,21.8,21.5,21.5,31.4,33.7,37.0
2025-12-24 21:00:00,,,,,,,,,,,,,,,,,,,,22.0,22.0,8.5,5.2,19.0,19.0,21.8,21.5,21.5,31.4,33.7,37.0
2025-12-24 22:00:00,,,,,,,,,,,,,,,,,,,,21.9,22.0,8.5,5.2,19.0,19.0,21.8,21.5,21.6,31.4,33.7,37.0
2025-12-24 23:00:00,,,,,,,,,,,,,,,,,,,,21.9,22.0,8.5,5.2,19.0,19.0,21.8,21.5,21.6,31.4,33.8,37.0
2025-12-25 01:00:00,,,,,,,,,,,,,,,,,,,,21.9,22.0,8.5,5.2,19.0,19.0,21.8,21.5,21.6,31.5,33.8,37.1
2025-12-25 02:00:00,,,,,,,,,,,,,,,,,,,,21.8,21.9,8.5,5.2,19.0,19.0,21.8,21.5,21.6,31.5,33.8,37.1
2025-12-25 03:00:00,,,,,,,,,,,,,,,,,,,,21.8,21.9,8.5,5.2,19.0,19.0,21.8,21.5,21.6,31.5,33.8,37.1
2025-12-25 04:00:00,,,,,,,,,,,,,,,,,,,,21.8,21.9,8.5,5.2,19.0,19.0,21.8,21.5,21.6,31.5,33.8,37.1
2025-12-25 05:00:00,,,,,,,,,,,,,,,,,,,,21.8,21.8,8.5,5.2,19.0,19.0,21.8,21.5,21.6,31.5,33.8,37.1
2025-12-25 06:00:00,,,,,,,,,,,,,,,,,,,,21.7,21.8,8.5,5.2,19.0,19.0,21.8,21.5,21.7,31.5,33.8,37.1
2025-12-25 07:00:00,,,,,,,,,,,,,,,,,,,,21.7,21.8,8.5,5.2,19.0,19.0,21.8,21.5,21.7,31.5,33.8,37.1
2025-12-25 08:00:00,,,,,,,,,,,,,,,,,,,,21.7,21.8,8.5,5.2,19.0,19.0,21.8,21.6,21.7,31.5,33.8,37.1
2025-12-25 09:00:00,,,,,,,,,,,,,,,,,,,,21.7,21.8,8.5,5.2,19.0,19.0,21.8,21.6,21.7,31.6,33.8,37.1
2025-12-25 10:00:00,,,,,,,,,,,,,,,,,,,,21.6,21.7,8.5,5.2,19.0,19.1,21.8,21.6,21.7,31.5,33.8,37.1
2025-12-25 11:00:00,,,,,,,,,,,,,,,,,,,,21.6,21.7,8.5,5.2,18.9,19.0,21.8,21.5,21.6,31.4,33.7,37.0
2025-12-25 12:00:00,,,,,,,,,,,,,,,,,,,,21.4,21.6,8.5,5.2,18.9,19.0,21.8,21.5,21.5,31.3,33.6,36.8
2025-12-25 13:00:00,,,,,,,,,,,,,,,,,,,,21.3,21.5,8.5,5.2,18.9,19.0,21.8,21.5,21.5,31.3,33.6,36.8
2025-12-25 14:00:00,,,,,,,,,,,,,,,,,,,,21.3,21.4,8.5,5.2,18.9,19.0,21.8,21.5,21.5,31.3,33.7,36.9
2025-12-25 15:00:00,,,,,,,,,,,,,,,,,,,,21.3,21.4,8.5,5.2,19.0,19.0,21.8,21.5,21.6,31.4,33.7,36.9
2025-12-25 16:00:00,,,,,,,,,,,,,,,,,,,,21.2,21.4,8.5,5.2,18.9,19.0,21.8,21.5,21.6,31.4,33.7,36.9
2025-12-25 17:00:00,,,,,,,,,,,,,,,,,,,,21.2,21.4,8.5,5.2,19.0,19.0,21.8,21.5,21.6,31.4,33.7,36.9
2025-12-25 18:00:00,,,,,,,,,,,,,,,,,,,,21.2,21.3,8.5,5.2,19.0,19.0,21.8,21.5,21.6,31.4,33.7,36.9
2025-12-25 19:00:00,,,,,,,,,,,,,,,,,,,,21.2,21.3,8.5,5.2,19.0,19.0,21.8,21.5,21.6,31.4,33.7,36.9
2025-12-25 20:00:00,,,,,,,,,,,,,,,,,,,,21.2,21.3,8.5,5.2,19.0,19.0,21.8,21.5,21.6,31.4,33.7,36.9
2025-12-25 21:00:00,,,,,,,,,,,,,,,,,,,,21.1,21.3,8.5,5.2,19.0,19.0,21.8,21.5,21.6,31.4,33.7,36.9
2025-12-25 22:00:00,,,,,,,,,,,,,,,,,,,,21.1,21.3,8.5,5.2,19.0,19.1,21.8,21.5,21.6,31.4,33.7,37.0
2025-12-25 23:00:00,,,,,,,,,,,,,,,,,,,,21.1,21.2,8.5,5.2,19.0,19.1,21.8,21.5,21.6,31.5,33.7,37.0
2025-12-26 01:00:00,,,,,,,,,,,,,,,,,,,,21.0,21.2,8.5,5.2,19.0,19.1,21.8,21.5,21.6,31.5,33.7,37.0
2025-12-26 02:00:00,,,,,,,,,,,,,,,,,,,,21.0,21.2,8.5,5.2,19.0,19.1,21.8,21.6,21.6,31.5,33.7,37.0
2025-12-26 03:00:00,,,,,,,,,,,,,,,,,,,,21.0,21.1,8.5,5.2,19.0,19.1,21.8,21.5,21.6,31.5,33.7,37.0
2025-12-26 04:00:00,,,,,,,,,,,,,,,,,,,,21.0,21.1,8.5,5.2,19.0,19.1,21.8,21.6,21.7,31.5,33.8,37.0
2025-12-26 05:00:00,,,,,,,,,,,,,,,,,,,,20.9,21.1,8.5,5.2,19.0,19.1,21.8,21.6,21.7,31.5,33.8,37.0
2025-12-26 06:00:00,,,,,,,,,,,,,,,,,,,,20.9,21.2,8.5,5.2,19.0,19.1,21.8,21.6,21.7,31.5,33.8,37.0
2025-12-26 07:00:00,,,,,,,,,,,,,,,,,,,,20.9,21.1,8.5,5.2,19.0,19.1,21.8,21.6,21.7,31.5,33.8,37.0
2025-12-26 08:00:00,,,,,,,,,,,,,,,,,,,,20.9,21.1,8.5,5.2,19.0,19.1,21.8,21.6,21.7,31.5,33.8,37.0
2025-12-26 09:00:00,,,,,,,,,,,,,,,,,,,,21.0,21.1,8.5,5.2,19.0,19.1,21.8,21.6,21.7,31.6,33.8,37.0
2025-12-26 10:00:00,,,,,,,,,,,,,,,,,,,,20.9,21.1,8.5,5.2,19.0,19.1,21.8,21.6,21.7,31.6,33.8,37.0
2025-12-26 11:00:00,,,,,,,,,,,,,,,,,,,,20.9,21.1,8.5,5.2,19.0,19.1,21.8,21.6,21.7,31.6,33.8,37.0
2025-12-26 12:00:00,,,,,,,,,,,,,,,,,,,,20.9,21.0,8.5,5.2,19.0,19.1,21.8,21.6,21.7,31.6,33.8,37.0
2025-12-26 13:00:00,,,,,,,,,,,,,,,,,,,,20.9,21.0,8.5,5.2,19.0,19.1,21.9,21.6,21.7,31.6,33.8,37.0
2025-12-26 14:00:00,,,,,,,,,,,,,,,,,,,,20.9,21.0,8.5,5.2,19.0,19.1,21.8,21.6,21.7,31.6,33.8,37.0
2025-12-26 15:00:00,,,,,,,,,,,,,,,,,,,,21.0,21.0,8.5,5.2,19.0,19.0,21.8,21.6,21.7,31.6,33.8,37.0
2025-12-26 16:00:00,,,,,,,,,,,,,,,,,,,,21.0,21.0,8.5,5.2,19.0,19.1,21.9,21.6,21.7,31.6,33.8,37.0
2025-12-26 17:00:00,,,,,,,,,,,,,,,,,,,,20.9,21.0,8.5,5.2,19.0,19.0,21.9,21.6,21.7,31.6,33.8,37.0
2025-12-26 18:00:00,,,,,,,,,,,,,,,,,,,,20.9,21.0,8.5,5.2,19.0,19.1,21.9,21.6,21.7,31.6,33.8,37.0
2025-12-26 19:00:00,,,,,,,,,,,,,,,,,,,,20.9,20.9,8.5,5.2,19.0,19.1,21.9,21.6,21.7,31.6,33.8,37.0
2025-12-26 20:00:00,,,,,,,,,,,,,,,,,,,,20.9,20.9,8.5,5.2,19.0,19.1,21.9,21.6,21.7,31.6,33.8,37.1
2025-12-26 21:00:00,,,,,,,,,,,,,,,,,,,,20.9,20.9,8.4,5.2,19.0,19.1,21.9,21.6,21.7,31.6,33.8,37.1
2025-12-26 22:00:00,,,,,,,,,,,,,,,,,,,,20.9,20.9,8.4,5.2,19.0,19.1,21.9,21.6,21.7,31.6,33.8,37.1
2025-12-26 23:00:00,,,,,,,,,,,,,,,,,,,,20.9,20.9,8.4,5.2,19.0,19.1,21.9,21.6,21.7,31.6,33.8,37.1
2025-12-27 01:00:00,,,,,,,,,,,,,,,,,,,,20.9,20.9,8.5,5.3,19.0,19.1,21.9,21.6,21.7,31.7,33.8,37.1
2025-12-27 02:00:00,,,,,,,,,,,,,,,,,,,,20.9,20.9,8.5,5.3,19.0,19.1,21.9,21.6,21.7,31.7,33.8,37.1
2025-12-27 03:00:00,,,,,,,,,,,,,,,,,,,,21.0,20.9,8.5,5.3,19.0,19.0,21.9,21.6,21.7,31.7,33.8,37.1
2025-12-27 04:00:00,,,,,,,,,,,,,,,,,,,,20.9,20.8,8.4,5.3,19.0,19.0,21.8,21.6,21.7,31.7,33.8,37.1
2025-12-27 05:00:00,,,,,,,,,,,,,,,,,,,,20.9,20.8,8.4,5.2,19.0,19.0,21.8,21.6,21.7,31.7,33.8,37.1
2025-12-27 06:00:00,,,,,,,,,,,,,,,,,,,,20.9,20.8,8.4,5.2,19.0,19.0,21.8,21.6,21.7,31.7,33.8,37.1
2025-12-27 07:00:00,,,,,,,,,,,,,,,,,,,,20.9,20.9,8.4,5.2,19.0,19.0,21.8,21.6,21.7,31.7,33.9,37.1
2025-12-27 08:00:00,,,,,,,,,,,,,,,,,,,,20.9,20.9,8.4,5.2,19.0,19.0,21.9,21.6,21.7,31.8,33.9,37.1
2025-12-27 09:00:00,,,,,,,,,,,,,,,,,,,,20.9,20.9,8.4,5.2,19.0,19.0,21.8,21.6,21.7,31.7,33.8,37.1
2025-12-27 10:00:00,,,,,,,,,,,,,,,,,,,,20.9,20.8,8.4,5.2,19.0,19.0,21.8,21.6,21.7,31.7,33.8,37.1
2025-12-27 11:00:00,,,,,,,,,,,,,,,,,,,,20.8,20.8,8.5,5.2,19.0,19.0,21.8,21.6,21.6,31.6,33.7,37.0
2025-12-27 12:00:00,,,,,,,,,,,,,,,,,,,,20.8,20.8,8.4,5.2,19.0,19.0,21.8,21.6,21.6,31.6,33.7,36.9
2025-12-27 13:00:00,,,,,,,,,,,,,,,,,,,,20.8,20.7,8.5,5.2,19.0,19.0,21.8,21.6,21.6,31.5,33.7,36.9
2025-12-27 14:00:00,,,,,,,,,,,,,,,,,,,,20.8,20.7,8.4,5.2,19.0,19.0,21.8,21.5,21.6,31.6,33.7,36.9
2025-12-27 15:00:00,,,,,,,,,,,,,,,,,,,,20.8,20.7,8.4,5.2,19.0,19.0,21.8,21.5,21.6,31.5,33.7,36.9
2025-12-27 16:00:00,,,,,,,,,,,,,,,,,,,,20.7,20.7,8.4,5.2,19.0,19.0,21.8,21.5,21.6,31.5,33.7,36.9
2025-12-27 17:00:00,,,,,,,,,,,,,,,,,,,,20.7,20.6,8.4,5.2,19.0,19.0,21.8,21.5,21.6,31.5,33.7,36.9
2025-12-27 18:00:00,,,,,,,,,,,,,,,,,,,,20.8,20.6,8.4,5.2,19.0,19.0,21.8,21.5,21.6,31.5,33.7,36.9
2025-12-27 19:00:00,,,,,,,,,,,,,,,,,,,,20.8,20.6,8.4,5.2,19.0,19.0,21.9,21.5,21.6,31.6,33.7,36.9
2025-12-27 20:00:00,,,,,,,,,,,,,,,,,,,,20.8,20.6,8.4,5.2,19.0,19.0,21.9,21.5,21.6,31.6,33.7,36.9
2025-12-27 21:00:00,,,,,,,,,,,,,,,,,,,,20.7,20.6,8.4,5.2,19.0,19.0,21.9,21.5,21.6,31.6,33.7,36.9
2025-12-27 22:00:00,,,,,,,,,,,,,,,,,,,,20.7,20.6,8.4,5.2,19.0,19.0,21.9,21.5,21.6,31.6,33.7,36.9
2025-12-27 23:00:00,,,,,,,,,,,,,,,,,,,,20.8,20.6,8.4,5.2,19.0,19.0,21.9,21.5,21.6,31.6,33.7,37.0
2025-12-28 01:00:00,,,,,,,,,,,,,,,,,,,,20.8,20.6,8.4,5.2,19.0,19.0,21.9,21.5,21.7,31.6,33.7,37.0
2025-12-28 02:00:00,,,,,,,,,,,,,,,,,,,,20.8,20.6,8.4,5.2,19.0,19.0,21.9,21.5,21.7,31.6,33.7,37.0
2025-12-28 03:00:00,,,,,,,,,,,,,,,,,,,,20.7,20.6,8.4,5.2,19.0,19.0,21.9,21.5,21.7,31.7,33.7,37.0
2025-12-28 04:00:00,,,,,,,,,,,,,,,,,,,,20.7,20.6,8.4,5.2,19.0,18.9,21.9,21.5,21.7,31.7,33.7,37.0
2025-12-28 05:00:00,,,,,,,,,,,,,,,,,,,,20.8,20.6,8.4,5.2,19.0,19.0,21.9,21.5,21.7,31.7,33.8,37.0
2025-12-28 06:00:00,,,,,,,,,,,,,,,,,,,,20.8,20.5,8.4,5.2,19.0,19.0,21.9,21.5,21.7,31.7,33.8,37.0
2025-12-28 07:00:00,,,,,,,,,,,,,,,,,,,,20.8,20.5,8.4,5.2,19.0,19.0,21.9,21.6,21.7,31.7,33.8,37.0
2025-12-28 08:00:00,,,,,,,,,,,,,,,,,,,,20.7,20.5,8.4,5.3,19.0,19.0,21.9,21.6,21.7,31.7,33.8,37.0
2025-12-28 09:00:00,,,,,,,,,,,,,,,,,,,,20.7,20.5,8.4,5.3,19.0,19.0,21.9,21.6,21.7,31.6,33.8,36.9
2025-12-28 10:00:00,,,,,,,,,,,,,,,,,,,,20.6,20.4,8.4,5.2,19.0,18.9,21.9,21.5,21.6,31.5,33.6,36.8
2025-12-28 11:00:00,,,,,,,,,,,,,,,,,,,,20.5,20.4,8.4,5.2,19.0,19.0,21.8,21.5,21.5,31.4,33.5,36.6
2025-12-28 12:00:00,,,,,,,,,,,,,,,,,,,,20.4,20.3,8.4,5.2,19.0,18.9,21.8,21.4,21.4,31.2,33.3,36.5
2025-12-28 13:00:00,,,,,,,,,,,,,,,,,,,,20.3,20.2,8.4,5.2,19.0,18.9,21.7,21.3,21.3,31.0,33.2,36.3
2025-12-28 14:00:00,,,,,,,,,,,,,,,,,,,,20.3,20.2,8.4,5.2,19.0,18.9,21.7,21.3,21.3,31.0,33.1,36.3
2025-12-28 15:00:00,,,,,,,,,,,,,,,,,,,,20.2,20.2,8.4,5.2,19.0,18.9,21.7,21.3,21.3,31.1,33.2,36.3
2025-12-28 16:00:00,,,,,,,,,,,,,,,,,,,,20.2,20.2,8.3,5.2,19.0,18.9,21.7,21.3,21.3,31.1,33.2,36.3
2025-12-28 17:00:00,,,,,,,,,,,,,,,,,,,,20.2,20.1,8.4,5.2,19.0,18.9,21.8,21.3,21.4,31.2,33.2,36.4
2025-12-28 18:00:00,,,,,,,,,,,,,,,,,,,,20.2,20.1,8.4,5.2,18.9,19.0,21.8,21.4,21.4,31.2,33.2,36.4
2025-12-28 19:00:00,,,,,,,,,,,,,,,,,,,,20.2,20.2,8.4,5.2,18.9,19.0,21.8,21.4,21.4,31.2,33.3,36.4
2025-12-28 20:00:00,,,,,,,,,,,,,,,,,,,,20.2,20.2,8.4,5.2,18.9,19.0,21.8,21.4,21.4,31.2,33.3,36.5
2025-12-28 21:00:00,,,,,,,,,,,,,,,,,,,,20.2,20.2,8.4,5.2,19.0,19.0,21.8,21.4,21.4,31.3,33.3,36.5
2025-12-28 22:00:00,,,,,,,,,,,,,,,,,,,,20.2,20.2,8.4,5.2,19.0,19.0,21.8,21.4,21.4,31.3,33.3,36.5
2025-12-28 23:00:00,,,,,,,,,,,,,,,,,,,,20.2,20.2,8.4,5.2,19.0,19.0,21.8,21.4,21.4,31.3,33.4,36.5
2025-12-29 01:00:00,,,,,,,,,,,,,,,,,,,,20.2,20.2,8.3,5.2,19.0,19.0,21.8,21.4,21.4,31.3,33.4,36.5
2025-12-29 02:00:00,,,,,,,,,,,,,,,,,,,,20.2,20.2,8.3,5.2,18.9,19.0,21.8,21.4,21.5,31.4,33.4,36.5
2025-12-29 03:00:00,,,,,,,,,,,,,,,,,,,,20.2,20.1,8.3,5.2,18.9,19.0,21.8,21.4,21.5,31.4,33.4,36.5
2025-12-29 04:00:00,,,,,,,,,,,,,,,,,,,,20.1,20.1,8.3,5.2,18.9,19.0,21.8,21.4,21.5,31.4,33.4,36.5
2025-12-29 05:00:00,,,,,,,,,,,,,,,,,,,,20.2,20.1,8.3,5.2,19.0,19.0,21.8,21.4,21.5,31.4,33.4,36.5
2025-12-29 06:00:00,,,,,,,,,,,,,,,,,,,,20.2,20.1,8.3,5.2,19.0,19.0,21.8,21.4,21.5,31.4,33.4,36.5
2025-12-29 07:00:00,,,,,,,,,,,,,,,,,,,,20.1,20.1,8.3,5.2,19.0,19.0,21.8,21.4,21.5,31.4,33.4,36.5
2025-12-29 08:00:00,,,,,,,,,,,,,,,,,,,,20.1,20.1,8.3,5.2,19.0,19.0,21.8,21.4,21.5,31.4,33.4,36.5
2025-12-29 09:00:00,,,,,,,,,,,,,,,,,,,,20.1,20.0,8.3,5.2,19.0,19.0,21.8,21.4,21.4,31.3,33.3,36.4
2025-12-29 10:00:00,,,,,,,,,,,,,,,,,,,,20.1,20.0,8.3,5.2,19.0,19.0,21.8,21.3,21.3,31.2,33.2,36.3
2025-12-29 11:00:00,,,,,,,,,,,,,,,,,,,,19.9,19.9,8.3,5.2,19.0,18.9,21.7,21.3,21.2,31.0,33.0,36.1
2025-12-29 12:00:00,,,,,,,,,,,,,,,,,,,,19.9,19.9,8.3,5.2,18.9,18.9,21.7,21.2,21.1,30.9,32.9,35.9
2025-12-29 13:00:00,,,,,,,,,,,,,,,,,,,,19.8,19.8,8.3,5.2,18.9,18.8,21.6,21.2,21.0,30.7,32.6,35.7
2025-12-29 14:00:00,,,,,,,,,,,,,,,,,,,,19.8,19.7,8.2,5.2,18.9,18.8,21.6,21.1,21.0,30.6,32.5,35.6
2025-12-29 15:00:00,,,,,,,,,,,,,,,,,,,,19.8,19.7,8.2,5.2,18.9,18.8,21.6,21.1,21.0,30.5,32.5,35.5
2025-12-29 16:00:00,,,,,,,,,,,,,,,,,,,,19.8,19.8,8.3,5.2,18.9,18.8,21.6,21.1,21.0,30.5,32.4,35.5
2025-12-29 17:00:00,,,,,,,,,,,,,,,,,,,,19.8,19.6,8.3,5.2,18.9,18.8,21.6,21.1,21.0,30.6,32.5,35.5
2025-12-29 18:00:00,,,,,,,,,,,,,,,,,,,,19.8,19.6,8.3,5.2,18.9,18.8,21.6,21.1,21.0,30.6,32.5,35.5
2025-12-29 19:00:00,,,,,,,,,,,,,,,,,,,,19.7,19.6,8.3,5.2,18.9,18.8,21.6,21.1,21.0,30.7,32.5,35.5
2025-12-29 20:00:00,,,,,,,,,,,,,,,,,,,,19.7,19.6,8.3,5.2,18.9,18.8,21.6,21.2,21.0,30.7,32.6,35.6
2025-12-29 21:00:00,,,,,,,,,,,,,,,,,,,,19.7,19.6,8.3,5.2,18.9,18.8,21.6,21.2,21.1,30.7,32.6,35.6
2025-12-29 22:00:00,,,,,,,,,,,,,,,,,,,,19.7,19.6,8.3,5.2,18.9,18.8,21.6,21.2,21.1,30.8,32.6,35.6
2025-12-29 23:00:00,,,,,,,,,,,,,,,,,,,,19.7,19.6,8.3,5.2,18.9,18.8,21.6,21.2,21.1,30.8,32.6,35.6
2025-12-30 01:00:00,,,,,,,,,,,,,,,,,,,,19.7,19.6,8.3,5.3,18.9,18.8,21.6,21.2,21.1,30.8,32.7,35.7
2025-12-30 02:00:00,,,,,,,,,,,,,,,,,,,,19.7,19.6,8.3,5.3,18.9,18.8,21.6,21.2,21.2,30.9,32.7,35.7
2025-12-30 03:00:00,,,,,,,,,,,,,,,,,,,,19.7,19.7,8.3,5.3,18.9,18.8,21.6,21.2,21.2,30.9,32.7,35.7
2025-12-30 04:00:00,,,,,,,,,,,,,,,,,,,,19.6,19.6,8.3,5.3,18.9,18.8,21.6,21.2,21.2,30.9,32.7,35.7
2025-12-30 05:00:00,,,,,,,,,,,,,,,,,,,,19.6,19.6,8.3,5.3,18.9,18.9,21.6,21.2,21.2,30.9,32.7,35.7
2025-12-30 06:00:00,,,,,,,,,,,,,,,,,,,,19.6,19.6,8.3,5.3,18.9,18.8,21.7,21.2,21.2,31.0,32.7,35.7
2025-12-30 07:00:00,,,,,,,,,,,,,,,,,,,,19.7,19.6,8.3,5.3,18.9,18.8,21.7,21.2,21.2,31.0,32.7,35.7
2025-12-30 08:00:00,,,,,,,,,,,,,,,,,,,,19.7,19.6,8.3,5.3,18.9,18.8,21.7,21.2,21.2,31.0,32.7,35.8
2025-12-30 09:00:00,,,,,,,,,,,,,,,,,,,,19.7,19.6,8.3,5.3,18.9,18.8,21.7,21.2,21.2,31.0,32.7,35.7
2025-12-30 10:00:00,,,,,,,,,,,,,,,,,,,,19.6,19.5,8.3,5.2,18.9,18.8,21.6,21.2,21.1,30.7,32.5,35.5
2025-12-30 11:00:00,,,,,,,,,,,,,,,,,,,,19.5,19.4,8.2,5.2,18.9,18.8,21.6,21.1,20.9,30.5,32.3,35.3
2025-12-30 12:00:00,,,,,,,,,,,,,,,,,,,,19.5,19.4,8.2,5.2,18.9,18.7,21.5,21.0,20.8,30.3,32.1,35.1
2025-12-30 13:00:00,,,,,,,,,,,,,,,,,,,,19.4,19.3,8.2,5.2,18.8,18.7,21.4,21.0,20.7,30.1,31.8,34.8
2025-12-30 14:00:00,,,,,,,,,,,,,,,,,,,,19.4,19.3,8.2,5.2,18.8,18.7,21.3,20.9,20.6,29.9,31.6,34.6
2025-12-30 15:00:00,,,,,,,,,,,,,,,,,,,,19.3,19.3,8.2,5.2,18.8,18.6,21.3,20.8,20.5,29.8,31.5,34.4
2025-12-30 16:00:00,,,,,,,,,,,,,,,,,,,,19.4,19.2,8.2,5.2,18.8,18.6,21.3,20.8,20.5,29.8,31.5,34.4
2025-12-30 17:00:00,,,,,,,,,,,,,,,,,,,,19.3,19.2,8.2,5.2,18.8,18.7,21.3,20.8,20.5,29.8,31.5,34.4
2025-12-30 18:00:00,,,,,,,,,,,,,,,,,,,,19.3,19.2,8.2,5.2,18.8,18.6,21.3,20.8,20.6,29.8,31.5,34.5
2025-12-30 19:00:00,,,,,,,,,,,,,,,,,,,,19.3,19.2,8.2,5.2,18.8,18.6,21.3,20.8,20.6,29.9,31.6,34.5
2025-12-30 20:00:00,,,,,,,,,,,,,,,,,,,,19.3,19.2,8.2,5.2,18.8,18.6,21.3,20.8,20.6,29.9,31.6,34.5
2025-12-30 21:00:00,,,,,,,,,,,,,,,,,,,,19.3,19.2,8.2,5.2,18.8,18.6,21.3,20.9,20.6,30.0,31.6,34.6
2025-12-30 22:00:00,,,,,,,,,,,,,,,,,,,,19.3,19.2,8.2,5.2,18.8,18.7,21.3,20.9,20.6,30.0,31.6,34.6
2025-12-30 23:00:00,,,,,,,,,,,,,,,,,,,,19.3,19.2,8.2,5.2,18.8,18.7,21.3,20.9,20.6,30.0,31.7,34.6
2025-12-31 01:00:00,,,,,,,,,,,,,,,,,,,,19.3,19.2,8.2,5.2,18.8,18.7,21.3,20.9,20.7,30.1,31.7,34.6
2025-12-31 02:00:00,,,,,,,,,,,,,,,,,,,,19.3,19.2,8.2,5.2,18.8,18.6,21.4,20.9,20.7,30.1,31.7,34.7
2025-12-31 03:00:00,,,,,,,,,,,,,,,,,,,,19.3,19.2,8.2,5.2,18.8,18.7,21.4,20.9,20.7,30.1,31.7,34.7
2025-12-31 04:00:00,,,,,,,,,,,,,,,,,,,,19.3,19.2,8.2,5.2,18.8,18.7,21.4,20.9,20.7,30.1,31.7,34.7
2025-12-31 05:00:00,,,,,,,,,,,,,,,,,,,,19.3,19.2,8.2,5.2,18.8,18.7,21.4,20.9,20.7,30.2,31.7,34.7
2025-12-31 06:00:00,,,,,,,,,,,,,,,,,,,,19.3,19.2,8.2,5.2,18.7,18.6,21.4,20.9,20.7,30.2,31.8,34.7
2025-12-31 07:00:00,,,,,,,,,,,,,,,,,,,,19.2,19.2,8.2,5.2,18.7,18.7,21.4,20.9,20.7,30.2,31.8,34.7
2025-12-31 08:00:00,,,,,,,,,,,,,,,,,,,,19.3,19.2,8.2,5.2,18.7,18.7,21.4,21.0,20.8,30.2,31.8,34.7
2025-12-31 09:00:00,,,,,,,,,,,,,,,,,,,,19.2,19.1,8.2,5.2,18.7,18.7,21.4,20.9,20.7,30.1,31.7,34.6
2025-12-31 10:00:00,,,,,,,,,,,,,,,,,,,,19.2,19.1,8.2,5.2,18.7,18.7,21.3,20.8,20.6,30.0,31.5,34.4
2025-12-31 11:00:00,,,,,,,,,,,,,,,,,,,,19.2,19.1,8.2,5.2,18.7,18.6,21.3,20.8,20.5,29.8,31.3,34.2
2025-12-31 12:00:00,,,,,,,,,,,,,,,,,,,,19.2,19.0,8.2,5.2,18.7,18.6,21.2,20.7,20.3,29.6,31.1,34.0
2025-12-31 13:00:00,,,,,,,,,,,,,,,,,,,,19.1,19.0,8.1,5.2,18.7,18.5,21.1,20.6,20.2,29.4,30.9,33.8
2025-12-31 14:00:00,,,,,,,,,,,,,,,,,,,,19.1,18.9,8.1,5.2,18.6,18.5,21.1,20.6,20.1,29.2,30.7,33.6
2025-12-31 15:00:00,,,,,,,,,,,,,,,,,,,,19.0,18.9,8.1,5.2,18.6,18.4,21.0,20.5,20.1,29.2,30.6,33.5
2025-12-31 16:00:00,,,,,,,,,,,,,,,,,,,,19.1,18.9,8.1,5.2,18.6,18.5,21.0,20.5,20.1,29.2,30.6,33.5
2025-12-31 17:00:00,,,,,,,,,,,,,,,,,,,,19.0,18.9,8.1,5.2,18.6,18.5,21.0,20.5,20.1,29.2,30.6,33.5
2025-12-31 18:00:00,,,,,,,,,,,,,,,,,,,,19.0,18.9,8.1,5.2,18.6,18.5,21.1,20.5,20.1,29.2,30.7,33.5
2025-12-31 19:00:00,,,,,,,,,,,,,,,,,,,,19.0,18.9,8.1,5.2,18.6,18.5,21.1,20.5,20.2,29.3,30.7,33.6
2025-12-31 20:00:00,,,,,,,,,,,,,,,,,,,,19.0,18.9,8.1,5.2,18.6,18.5,21.1,20.6,20.2,29.3,30.7,33.6
2025-12-31 21:00:00,,,,,,,,,,,,,,,,,,,,19.0,18.9,8.1,5.2,18.6,18.5,21.1,20.6,20.2,29.4,30.8,33.6
2025-12-31 22:00:00,,,,,,,,,,,,,,,,,,,,19.0,18.9,8.1,5.1,18.6,18.5,21.1,20.6,20.2,29.4,30.8,33.7
2025-12-31 23:00:00,,,,,,,,,,,,,,,,,,,,19.0,18.9,8.1,5.1,18.6,18.5,21.1,20.6,20.2,29.4,30.8,33.7
2026-01-01 01:00:00,980.2,1013.8,17.7,15.8,88.0,1.3,40.0,4.8,40.0,0.0,0.0,0.0,,16.8,17.5,19.3,21.0,21.7,22.4,19.0,18.9,8.1,5.1,18.6,18.5,21.1,20.6,20.3,29.5,30.9,33.7
2026-01-01 02:00:00,,,,,,,,,,,,,,,,,,,,19.1,18.8,8.1,5.2,18.6,18.5,21.1,20.6,20.3,29.5,30.9,33.7
2026-01-01 03:00:00,,,,,,,,,,,,,,,,,,,,19.0,18.9,8.1,5.2,18.6,18.5,21.1,20.6,20.3,29.5,30.9,33.8
2025-01-01 00:00:00,,,,,,,,,,,,,,,,,,,,34.4,31.3,9.7,5.8,37.4,39.1,43.3,43.3,44.0,54.0,51.8,49.0
2025-01-02 00:00:00,,,,,,,,,,,,,,,,,,,,33.5,30.8,9.6,5.8,37.0,38.9,43.3,43.3,44.1,54.0,51.8,49.1
2025-01-03 00:00:00,,,,,,,,,,,,,,,,,,,,32.9,30.5,9.5,5.8,36.7,38.8,43.2,43.3,44.1,54.1,51.8,49.1
2025-01-04 00:00:00,,,,,,,,,,,,,,,,,,,,32.4,30.1,9.4,5.8,36.5,38.6,43.1,43.3,44.2,54.1,51.8,49.1
2025-01-05 00:00:00,,,,,,,,,,,,,,,,,,,,31.6,29.3,9.3,5.6,36.2,38.4,43.0,43.2,44.2,54.1,51.7,49.0
2025-01-06 00:00:00,,,,,,,,,,,,,,,,,,,,30.6,28.2,9.2,5.6,35.8,38.2,42.9,43.2,44.1,54.1,51.7,49.1
2025-01-07 00:00:00,,,,,,,,,,,,,,,,,,,,29.9,27.8,9.1,5.6,35.6,38.0,42.8,43.2,44.1,54.1,51.7,49.1
2025-01-08 00:00:00,,,,,,,,,,,,,,,,,,,,28.9,26.9,9.0,5.5,35.2,37.7,42.7,43.1,44.1,54.1,51.7,49.0
2025-01-09 00:00:00,,,,,,,,,,,,,,,,,,,,27.9,26.0,9.1,5.5,34.9,37.5,42.5,43.1,44.1,54.0,51.7,49.0
2025-01-10 00:00:00,,,,,,,,,,,,,,,,,,,,27.0,25.4,8.9,5.4,34.5,37.3,42.5,43.0,44.0,54.1,51.7,49.0
2025-01-11 00:00:00,,,,,,,,,,,,,,,,,,,,26.4,25.0,8.8,5.4,34.2,37.1,42.4,43.0,44.0,54.1,51.7,49.1
2025-01-12 00:00:00,,,,,,,,,,,,,,,,,,,,25.8,24.5,8.7,5.3,33.9,36.9,42.3,42.9,44.0,54.0,51.6,49.0
2025-01-13 00:00:00,,,,,,,,,,,,,,,,,,,,25.2,24.1,8.6,5.3,33.5,36.7,42.1,42.9,44.0,53.9,51.6,49.0
2025-01-14 00:00:00,,,,,,,,,,,,,,,,,,,,24.3,23.4,8.5,5.2,33.0,36.3,41.9,42.8,43.9,53.9,51.6,49.1
2025-01-15 00:00:00,,,,,,,,,,,,,,,,,,,,23.7,23.0,8.4,5.2,32.6,36.1,41.8,42.8,43.9,53.9,51.5,49.0
2025-01-16 00:00:00,,,,,,,,,,,,,,,,,,,,40.5,33.5,8.7,5.2,32.4,36.0,41.8,42.7,43.9,53.9,51.4,49.0
2025-01-17 00:00:00,,,,,,,,,,,,,,,,,,,,38.2,32.7,8.8,5.2,32.1,35.8,41.7,42.7,43.8,53.8,51.3,49.0
2025-01-18 00:00:00,,,,,,,,,,,,,,,,,,,,36.7,32.0,8.9,5.3,32.0,35.7,41.6,42.6,43.7,53.7,51.3,49.0
2025-01-19 00:00:00,,,,,,,,,,,,,,,,,,,,35.8,31.4,9.0,5.2,31.9,35.6,41.5,42.5,43.6,53.7,51.2,48.9
2025-01-20 00:00:00,,,,,,,,,,,,,,,,,,,,35.1,30.9,9.0,5.3,31.9,35.5,41.4,42.5,43.6,53.6,51.1,48.9
2025-01-21 00:00:00,,,,,,,,,,,,,,,,,,,,34.0,29.9,8.9,5.2,31.8,35.4,41.3,42.3,43.5,53.5,51.0,48.9
2025-01-22 00:00:00,,,,,,,,,,,,,,,,,,,,32.9,29.0,8.9,5.2,31.6,35.2,41.1,42.0,43.4,53.4,50.9,48.8
2025-01-23 00:00:00,,,,,,,,,,,,,,,,,,,,32.0,28.5,8.8,5.2,31.4,35.1,40.9,41.9,43.3,53.3,50.8,48.8
2025-01-24 00:00:00,,,,,,,,,,,,,,,,,,,,31.0,27.8,8.8,5.2,31.3,34.9,40.8,41.7,43.1,53.1,50.7,48.7
2025-01-25 00:00:00,,,,,,,,,,,,,,,,,,,,29.9,27.0,8.7,5.2,31.2,34.7,40.5,41.4,43.0,53.0,50.5,48.7
2025-01-26 00:00:00,,,,,,,,,,,,,,,,,,,,28.9,26.3,8.6,5.2,31.1,34.6,40.2,41.1,42.7,52.8,50.3,48.6
2025-01-27 00:00:00,,,,,,,,,,,,,,,,,,,,27.7,25.4,8.6,5.1,30.8,34.3,39.9,40.6,42.3,52.6,50.1,48.6
2025-01-28 00:00:00,,,,,,,,,,,,,,,,,,,,31.5,25.2,8.5,5.1,30.7,34.2,39.7,40.5,42.3,52.5,50.0,48.5
2025-01-29 00:00:00,,,,,,,,,,,,,,,,,,,,30.5,24.9,8.5,5.1,30.4,33.9,39.2,40.0,41.9,52.3,49.8,48.5
2025-01-30 00:00:00,,,,,,,,,,,,,,,,,,,,29.8,24.9,8.4,5.1,30.2,33.7,38.8,39.5,41.6,51.9,49.5,48.4
2025-01-31 00:00:00,,,,,,,,,,,,,,,,,,,,28.9,24.6,8.4,5.1,29.9,33.3,38.1,38.8,41.1,51.6,49.2,48.3
2025-02-01 00:00:00,,,,,,,,,,,,,,,,,,,,41.0,33.3,8.4,5.0,29.8,33.0,37.8,38.7,41.0,51.5,49.1,48.3
2025-02-02 00:00:00,,,,,,,,,,,,,,,,,,,,38.3,35.4,10.7,5.9,30.4,32.8,37.7,38.7,40.9,51.3,48.9,48.1
2025-02-03 00:00:00,,,,,,,,,,,,,,,,,,,,37.2,34.0,10.4,5.9,30.4,32.8,37.5,38.4,40.7,51.2,48.8,48.2
2025-02-04 00:00:00,,,,,,,,,,,,,,,,,,,,37.1,33.7,10.2,5.9,30.5,32.8,37.4,38.2,40.5,51.1,48.6,48.1
2025-02-05 00:00:00,,,,,,,,,,,,,,,,,,,,36.3,33.2,10.1,5.9,30.7,32.8,37.3,37.9,40.3,50.9,48.4,47.8
2025-02-06 00:00:00,,,,,,,,,,,,,,,,,,,,35.7,32.7,10.1,5.8,30.8,32.9,37.2,37.7,40.0,50.7,48.3,47.8
2025-02-07 00:00:00,,,,,,,,,,,,,,,,,,,,34.7,32.0,10.0,5.7,30.9,32.9,37.1,37.3,39.8,50.3,48.0,47.8
2025-02-08 00:00:00,,,,,,,,,,,,,,,,,,,,33.9,31.4,9.9,5.7,31.0,32.9,37.1,37.0,39.3,50.1,47.7,47.7
2025-02-09 00:00:00,,,,,,,,,,,,,,,,,,,,33.1,30.9,9.8,5.6,31.0,32.9,37.0,36.8,39.1,49.8,47.6,47.6
2025-02-10 00:00:00,,,,,,,,,,,,,,,,,,,,32.1,30.2,9.7,5.6,31.1,32.9,36.9,36.4,38.7,49.4,47.2,47.4
2025-02-11 00:00:00,,,,,,,,,,,,,,,,,,,,30.9,29.4,9.6,5.5,31.0,32.9,36.8,36.1,38.3,49.0,46.8,47.3
2025-02-12 00:00:00,,,,,,,,,,,,,,,,,,,,29.5,28.4,9.5,5.5,30.9,32.8,36.6,35.7,37.8,48.6,46.5,47.1
2025-02-13 00:00:00,,,,,,,,,,,,,,,,,,,,43.4,39.6,11.9,7.1,41.6,43.3,48.4,42.7,39.7,48.5,46.5,47.0
2025-02-14 00:00:00,,,,,,,,,,,,,,,,,,,,40.0,36.4,11.0,6.6,39.8,41.4,45.7,44.7,45.5,54.8,52.9,50.0
2025-02-15 00:00:00,,,,,,,,,,,,,,,,,,,,38.1,34.7,10.6,6.4,38.4,39.9,44.1,43.4,44.2,54.1,51.7,49.6
2025-02-16 00:00:00,,,,,,,,,,,,,,,,,,,,36.1,33.1,10.3,6.2,37.6,39.0,43.5,42.9,43.7,53.7,51.3,49.4
2025-02-17 00:00:00,,,,,,,,,,,,,,,,,,,,35.0,32.1,10.2,6.2,37.0,38.4,43.0,42.6,43.5,53.4,51.2,49.4
2025-02-18 00:00:00,,,,,,,,,,,,,,,,,,,,33.9,31.4,10.0,6.1,36.6,38.1,42.7,42.2,43.2,53.1,51.0,49.3
2025-02-19 00:00:00,,,,,,,,,,,,,,,,,,,,32.6,30.4,9.9,6.0,36.2,37.7,42.4,41.9,43.0,52.9,50.7,49.2
2025-02-20 00:00:00,,,,,,,,,,,,,,,,,,,,31.3,29.5,9.8,5.9,35.7,37.3,42.1,41.6,42.9,52.7,50.6,49.1
2025-02-21 00:00:00,,,,,,,,,,,,,,,,,,,,30.9,28.9,9.7,5.9,35.4,37.1,42.0,41.5,42.8,52.7,50.5,49.1
2025-02-22 00:00:00,,,,,,,,,,,,,,,,,,,,30.9,28.6,9.6,5.8,35.1,36.9,41.8,41.4,42.7,52.6,50.5,49.1
2025-02-23 00:00:00,,,,,,,,,,,,,,,,,,,,30.4,28.0,9.5,5.7,34.8,36.7,41.5,41.1,42.6,52.5,50.4,49.1
2025-02-24 00:00:00,,,,,,,,,,,,,,,,,,,,29.9,27.6,9.4,5.7,34.5,36.4,41.4,40.9,42.5,52.5,50.3,49.0
2025-02-25 00:00:00,,,,,,,,,,,,,,,,,,,,29.1,26.9,9.3,5.7,34.2,36.3,41.1,40.6,42.4,52.5,50.2,49.0
2025-02-26 00:00:00,,,,,,,,,,,,,,,,,,,,28.2,26.3,9.1,5.6,33.9,36.0,40.9,40.4,42.2,52.4,50.2,48.9
2025-02-27 00:00:00,,,,,,,,,,,,,,,,,,,,27.5,25.9,9.1,5.5,33.7,35.9,40.9,40.3,42.2,52.3,50.2,48.8
2025-02-28 00:00:00,,,,,,,,,,,,,,,,,,,,26.3,25.1,8.9,5.5,33.4,35.7,40.6,40.0,42.1,52.1,50.1,48.9
2025-03-01 00:00:00,,,,,,,,,,,,,,,,,,,,25.0,24.2,8.8,5.5,33.1,35.4,40.4,39.7,41.9,52.1,50.0,48.8
2025-03-02 00:00:00,,,,,,,,,,,,,,,,,,,,24.2,23.7,8.7,5.4,32.8,35.3,40.2,39.6,41.8,52.0,49.9,48.8
2025-03-03 00:00:00,,,,,,,,,,,,,,,,,,,,23.6,23.0,8.5,5.4,32.4,35.0,40.0,39.3,41.6,52.0,49.8,48.7
2025-03-04 00:00:00,,,,,,,,,,,,,,,,,,,,27.6,23.0,8.5,5.3,32.2,34.8,39.9,39.3,41.6,51.9,49.8,48.7
2025-03-05 00:00:00,,,,,,,,,,,,,,,,,,,,28.6,23.2,8.4,5.4,32.0,34.7,39.8,39.2,41.6,51.9,49.8,48.8
2025-03-06 00:00:00,,,,,,,,,,,,,,,,,,,,28.0,23.2,8.4,5.3,31.8,34.7,39.6,39.0,41.6,51.9,49.7,48.8
2025-03-07 00:00:00,,,,,,,,,,,,,,,,,,,,27.5,23.3,8.4,5.3,31.6,34.5,39.4,38.9,41.6,51.8,49.7,48.6
2025-03-08 00:00:00,,,,,,,,,,,,,,,,,,,,27.0,23.3,8.4,5.2,31.3,34.3,39.2,38.6,41.5,51.8,49.6,48.5
2025-03-09 00:00:00,,,,,,,,,,,,,,,,,,,,26.4,23.2,8.4,5.2,31.0,34.1,39.0,38.4,41.3,51.8,49.5,48.5
2025-03-10 00:00:00,,,,,,,,,,,,,,,,,,,,25.4,22.9,8.3,5.1,30.7,33.8,38.7,38.2,41.1,51.6,49.4,48.4
2025-03-11 00:00:00,,,,,,,,,,,,,,,,,,,,25.2,22.8,8.2,5.1,30.3,33.5,38.5,38.0,41.0,51.5,49.3,48.3
2025-03-12 00:00:00,,,,,,,,,,,,,,,,,,,,24.9,22.7,8.2,5.1,30.1,33.3,38.3,37.8,40.8,51.5,49.2,48.3
2025-03-13 00:00:00,,,,,,,,,,,,,,,,,,,,24.9,22.7,8.1,5.1,30.0,33.2,38.2,37.7,40.8,51.4,49.1,48.2
2025-03-14 00:00:00,,,,,,,,,,,,,,,,,,,,24.9,22.7,8.2,5.1,29.8,33.1,38.0,37.7,40.7,51.4,49.0,48.2
2025-03-15 00:00:00,,,,,,,,,,,,,,,,,,,,24.6,22.6,8.2,5.1,29.6,32.8,37.9,37.5,40.5,51.2,49.0,48.1
2025-03-16 00:00:00,,,,,,,,,,,,,,,,,,,,24.4,22.6,8.1,5.1,29.4,32.6,37.7,37.3,40.5,51.1,48.9,48.1
2025-03-17 00:00:00,,,,,,,,,,,,,,,,,,,,36.9,25.7,8.1,5.1,29.2,32.5,37.6,37.3,40.4,51.2,48.9,48.1
2025-03-18 00:00:00,,,,,,,,,,,,,,,,,,,,35.1,26.8,8.2,5.0,29.2,32.5,37.5,37.3,40.4,51.2,48.9,48.1
2025-03-19 00:00:00,,,,,,,,,,,,,,,,,,,,39.8,36.4,10.8,5.7,29.5,32.6,37.6,37.3,40.5,51.3,48.9,48.1
2025-03-20 00:00:00,,,,,,,,,,,,,,,,,,,,36.7,34.0,10.5,6.1,31.6,33.9,38.4,37.4,40.4,51.3,48.9,48.1
2025-03-21 00:00:00,,,,,,,,,,,,,,,,,,,,35.4,32.8,10.4,6.0,32.8,35.1,39.7,37.7,40.5,51.3,48.9,48.1
2025-03-22 00:00:00,,,,,,,,,,,,,,,,,,,,34.2,31.7,10.2,6.0,33.2,35.5,40.2,38.0,40.6,51.3,48.8,48.0
2025-03-23 00:00:00,,,,,,,,,,,,,,,,,,,,32.8,30.5,10.0,5.8,33.2,35.5,40.2,38.2,40.6,51.3,48.8,47.9
2025-03-24 00:00:00,,,,,,,,,,,,,,,,,,,,31.2,29.2,9.7,5.8,33.0,35.3,40.1,38.3,40.6,51.3,48.7,47.9
2025-03-25 00:00:00,,,,,,,,,,,,,,,,,,,,28.9,27.4,9.4,5.7,32.7,35.0,39.9,38.2,40.5,51.1,48.6,47.8
2025-03-26 00:00:00,,,,,,,,,,,,,,,,,,,,27.4,26.3,9.3,5.7,32.4,34.9,39.8,38.2,40.5,51.3,48.6,47.9
2025-03-27 00:00:00,,,,,,,,,,,,,,,,,,,,25.4,24.5,9.0,5.6,32.1,34.5,39.5,38.1,40.4,51.1,48.5,47.8
2025-03-28 00:00:00,,,,,,,,,,,,,,,,,,,,23.1,22.5,8.5,5.5,31.5,34.1,39.0,37.8,40.0,50.8,48.1,47.6
2025-03-29 00:00:00,,,,,,,,,,,,,,,,,,,,22.2,22.1,8.3,5.4,31.1,33.8,38.9,37.7,39.9,50.6,47.9,47.3
2025-03-30 00:00:00,,,,,,,,,,,,,,,,,,,,21.5,21.6,8.2,5.3,30.6,33.6,38.5,37.5,39.7,50.5,47.8,47.3
2025-03-31 00:00:00,,,,,,,,,,,,,,,,,,,,21.0,21.2,8.0,5.2,30.0,33.2,38.1,37.3,39.3,50.2,47.4,47.1
2025-04-01 00:00:00,,,,,,,,,,,,,,,,,,,,20.4,20.6,7.9,5.1,29.3,32.7,37.5,36.8,38.5,49.6,46.8,46.7
2025-04-02 00:00:00,,,,,,,,,,,,,,,,,,,,20.2,20.6,7.9,5.1,29.0,32.5,37.4,36.8,38.5,49.6,46.8,46.7
2025-04-03 00:00:00,,,,,,,,,,,,,,,,,,,,20.3,20.6,7.8,5.0,28.8,32.4,37.4,36.7,38.5,49.6,46.9,46.7
2025-04-04 00:00:00,,,,,,,,,,,,,,,,,,,,20.3,20.6,7.8,4.9,28.5,32.1,37.2,36.6,38.4,49.5,46.8,46.7
2025-04-05 00:00:00,,,,,,,,,,,,,,,,,,,,20.2,20.5,7.8,4.9,27.9,31.5,36.6,36.2,38.0,49.2,46.5,46.5
2025-04-06 00:00:00,,,,,,,,,,,,,,,,,,,,20.1,20.4,7.7,4.9,27.3,30.8,35.8,35.8,37.3,48.7,46.1,46.3
2025-04-07 00:00:00,,,,,,,,,,,,,,,,,,,,20.0,20.3,7.7,4.9,26.7,30.1,35.1,35.5,36.9,48.4,45.9,46.2
2025-04-08 00:00:00,,,,,,,,,,,,,,,,,,,,19.8,20.0,7.6,4.8,25.8,29.0,33.4,34.4,35.1,46.5,44.7,45.5
2025-04-09 00:00:00,,,,,,,,,,,,,,,,,,,,22.3,20.1,7.6,4.8,25.1,28.2,32.5,33.8,34.4,46.1,44.4,45.3
2025-04-10 00:00:00,,,,,,,,,,,,,,,,,,,,34.6,20.4,7.6,4.8,24.8,27.7,32.3,33.8,34.5,46.2,44.5,45.4
2025-04-11 00:00:00,,,,,,,,,,,,,,,,,,,,32.2,20.8,7.6,4.8,24.5,27.2,32.0,33.5,34.2,46.0,44.4,45.3
2025-04-12 00:00:00,,,,,,,,,,,,,,,,,,,,38.1,35.1,8.4,4.8,24.3,26.9,31.8,33.5,34.3,46.1,44.4,45.4
2025-04-13 00:00:00,,,,,,,,,,,,,,,,,,,,35.1,32.3,8.3,4.9,24.1,26.6,31.6,33.2,34.0,46.0,44.3,45.3
2025-04-14 00:00:00,,,,,,,,,,,,,,,,,,,,38.5,36.2,11.1,6.7,37.7,37.7,42.0,39.7,40.6,51.7,48.9,46.8
2025-04-15 00:00:00,,,,,,,,,,,,,,,,,,,,35.2,33.1,10.4,6.3,36.2,36.5,40.8,39.7,40.7,51.9,49.3,48.6
2025-04-16 00:00:00,,,,,,,,,,,,,,,,,,,,33.1,31.1,10.1,6.1,35.1,35.6,40.0,39.4,40.3,51.7,49.3,48.5
2025-04-17 00:00:00,,,,,,,,,,,,,,,,,,,,31.9,30.2,9.9,6.0,34.5,35.2,39.6,39.2,40.1,51.6,49.2,48.4
2025-04-18 00:00:00,,,,,,,,,,,,,,,,,,,,29.9,28.3,9.6,5.9,33.7,34.5,39.0,38.9,39.7,51.4,49.1,48.4
2025-04-19 00:00:00,,,,,,,,,,,,,,,,,,,,28.6,27.2,9.4,5.9,33.2,34.1,38.6,38.6,39.5,51.2,49.1,48.3
2025-04-20 00:00:00,,,,,,,,,,,,,,,,,,,,27.3,26.2,9.2,5.8,32.7,33.7,38.3,38.5,39.3,51.2,49.0,48.3
2025-04-21 00:00:00,,,,,,,,,,,,,,,,,,,,25.3,24.4,8.9,5.7,32.0,33.2,37.8,38.1,38.9,50.8,48.8,48.2
2025-04-22 00:00:00,,,,,,,,,,,,,,,,,,,,24.5,23.9,8.8,5.7,31.6,32.8,37.6,38.0,38.8,50.8,48.8,48.2
2025-04-23 00:00:00,,,,,,,,,,,,,,,,,,,,22.8,22.3,8.4,5.6,30.7,32.3,36.9,37.4,38.2,50.4,48.5,48.1
2025-04-24 00:00:00,,,,,,,,,,,,,,,,,,,,21.9,21.6,8.2,5.4,29.9,31.6,36.4,37.0,37.9,50.1,48.3,47.9
2025-04-25 00:00:00,,,,,,,,,,,,,,,,,,,,21.6,21.5,8.1,5.4,29.4,31.3,36.1,37.0,37.8,50.1,48.3,47.9
2025-04-26 00:00:00,,,,,,,,,,,,,,,,,,,,21.0,21.1,8.0,5.3,28.5,30.7,35.6,36.5,37.4,49.8,48.1,47.8
2025-04-27 00:00:00,,,,,,,,,,,,,,,,,,,,20.6,20.8,7.9,5.2,27.7,30.1,35.2,36.2,37.2,49.5,48.0,47.7
2025-04-28 00:00:00,,,,,,,,,,,,,,,,,,,,20.2,20.4,7.8,5.1,26.7,29.3,34.5,35.8,36.6,49.2,47.6,47.6
2025-04-29 00:00:00,,,,,,,,,,,,,,,,,,,,19.8,20.0,7.6,5.0,25.7,28.3,33.6,35.1,35.9,48.5,47.2,47.4
2025-04-30 00:00:00,,,,,,,,,,,,,,,,,,,,19.3,19.5,7.4,4.8,24.3,27.0,32.2,34.0,34.5,47.2,46.3,47.1
2025-05-01 00:00:00,,,,,,,,,,,,,,,,,,,,19.0,19.1,7.3,4.7,23.0,25.5,30.2,32.6,32.4,45.2,45.0,46.5
2025-05-02 00:00:00,,,,,,,,,,,,,,,,,,,,18.8,19.0,7.3,4.7,22.2,24.5,29.0,31.7,31.3,44.4,44.5,46.2
2025-05-03 00:00:00,,,,,,,,,,,,,,,,,,,,19.5,19.0,7.2,4.6,21.5,23.6,27.9,30.9,30.3,43.1,44.0,46.0
2025-05-04 00:00:00,,,,,,,,,,,,,,,,,,,,19.8,19.1,7.3,4.6,21.1,23.0,27.2,30.3,29.8,42.8,43.8,45.9
2025-05-05 00:00:00,,,,,,,,,,,,,,,,,,,,19.6,19.0,7.3,4.6,20.6,22.4,26.3,29.4,28.6,41.2,42.9,45.6
2025-05-06 00:00:00,,,,,,,,,,,,,,,,,,,,19.3,18.9,7.2,4.6,20.2,21.7,25.3,28.4,27.0,39.0,41.3,45.1
2025-05-07 00:00:00,,,,,,,,,,,,,,,,,,,,37.5,28.1,7.4,4.6,19.7,21.0,24.4,27.2,25.5,36.9,39.6,44.2
2025-05-08 00:00:00,,,,,,,,,,,,,,,,,,,,32.9,26.3,7.5,4.6,19.7,20.9,24.2,26.9,25.4,36.9,39.7,44.1
2025-05-09 00:00:00,,,,,,,,,,,,,,,,,,,,29.0,23.6,7.5,4.6,19.6,20.6,23.8,26.3,24.7,36.1,38.8,43.7
2025-05-10 00:00:00,,,,,,,,,,,,,,,,,,,,26.3,22.0,7.5,4.6,19.6,20.4,23.5,25.8,24.3,35.8,38.4,43.2
2025-05-11 00:00:00,,,,,,,,,,,,,,,,,,,,24.4,21.3,7.4,4.6,19.6,20.3,23.4,25.5,24.3,35.8,38.3,43.0
2025-05-12 00:00:00,,,,,,,,,,,,,,,,,,,,27.7,21.1,7.5,4.6,19.6,20.2,23.4,25.4,24.2,35.9,38.3,43.0
2025-05-13 00:00:00,,,,,,,,,,,,,,,,,,,,26.7,20.9,7.4,4.6,19.6,20.2,23.4,25.3,24.2,35.8,38.3,42.9
2025-05-14 00:00:00,,,,,,,,,,,,,,,,,,,,24.7,20.5,7.4,4.6,19.5,20.1,23.1,24.9,23.7,35.1,37.4,42.0
2025-05-15 00:00:00,,,,,,,,,,,,,,,,,,,,36.4,27.2,7.4,4.6,19.4,19.9,22.9,24.4,23.2,34.3,36.6,41.1
2025-05-16 00:00:00,,,,,,,,,,,,,,,,,,,,32.5,26.1,7.5,4.6,19.4,19.9,22.9,24.3,23.2,34.3,36.5,40.9
2025-05-17 00:00:00,,,,,,,,,,,,,,,,,,,,29.4,24.3,7.5,4.6,19.4,19.8,22.8,24.1,22.9,33.9,36.0,40.4
2025-05-18 00:00:00,,,,,,,,,,,,,,,,,,,,26.9,22.4,7.4,4.6,19.4,19.7,22.7,23.8,22.6,33.4,35.5,39.7
2025-05-19 00:00:00,,,,,,,,,,,,,,,,,,,,25.6,21.4,7.4,4.6,19.4,19.7,22.6,23.7,22.5,33.2,35.3,39.4
2025-05-20 00:00:00,,,,,,,,,,,,,,,,,,,,24.1,20.7,7.4,4.6,19.4,19.5,22.5,23.5,22.3,33.0,35.0,38.9
2025-05-21 00:00:00,,,,,,,,,,,,,,,,,,,,22.4,20.2,7.4,4.6,19.4,19.5,22.3,23.3,22.0,32.4,34.4,38.1
2025-05-22 00:00:00,,,,,,,,,,,,,,,,,,,,21.3,19.9,7.3,4.6,19.3,19.5,22.2,23.0,21.6,31.8,33.8,37.4
2025-05-23 00:00:00,,,,,,,,,,,,,,,,,,,,20.3,19.5,7.3,4.6,19.3,19.3,21.9,22.7,21.0,30.8,32.8,36.2
2025-05-24 00:00:00,,,,,,,,,,,,,,,,,,,,19.2,18.9,7.3,4.6,19.0,18.9,21.4,22.0,20.1,29.0,31.2,34.4
2025-05-25 00:00:00,,,,,,,,,,,,,,,,,,,,18.8,18.7,7.2,4.6,18.7,18.6,21.1,21.6,19.5,28.3,30.3,33.3
2025-05-26 00:00:00,,,,,,,,,,,,,,,,,,,,22.7,18.8,7.2,4.5,18.6,18.6,20.9,21.4,19.6,28.3,30.5,33.5
2025-05-27 00:00:00,,,,,,,,,,,,,,,,,,,,22.5,18.9,7.3,4.5,18.6,18.5,20.9,21.4,19.5,28.4,30.5,33.4
2025-05-28 00:00:00,,,,,,,,,,,,,,,,,,,,21.2,18.8,7.2,4.5,18.4,18.4,20.8,21.2,19.3,28.0,30.1,33.0
2025-05-29 00:00:00,,,,,,,,,,,,,,,,,,,,20.5,18.7,7.2,4.5,18.4,18.4,20.7,21.1,19.2,28.0,30.1,32.9
2025-05-30 00:00:00,,,,,,,,,,,,,,,,,,,,20.4,18.8,7.2,4.5,18.4,18.4,20.8,21.1,19.2,28.1,30.1,33.0
2025-05-31 00:00:00,,,,,,,,,,,,,,,,,,,,20.5,18.8,7.3,4.5,18.4,18.3,20.8,21.0,19.3,28.1,30.1,33.0
2025-06-01 00:00:00,,,,,,,,,,,,,,,,,,,,20.2,18.8,7.2,4.5,18.3,18.4,20.7,20.9,19.2,28.0,29.9,32.9
2025-06-02 00:00:00,,,,,,,,,,,,,,,,,,,,19.4,18.7,7.2,4.6,18.3,18.3,20.6,20.7,18.9,27.5,29.4,32.0
2025-06-03 00:00:00,,,,,,,,,,,,,,,,,,,,18.8,18.5,7.1,4.5,18.1,18.0,20.3,20.4,18.4,26.5,28.3,30.8
2025-06-04 00:00:00,,,,,,,,,,,,,,,,,,,,41.1,37.9,12.0,6.6,21.5,17.8,20.0,20.0,18.0,25.9,27.7,30.0
2025-06-05 00:00:00,,,,,,,,,,,,,,,,,,,,40.9,38.3,11.8,7.0,38.6,40.5,42.9,40.9,36.7,32.4,28.2,30.3
2025-06-06 00:00:00,,,,,,,,,,,,,,,,,,,,34.9,33.1,10.6,6.4,35.6,37.4,39.7,39.0,36.3,41.8,33.3,31.9
2025-06-07 00:00:00,,,,,,,,,,,,,,,,,,,,37.8,35.1,10.6,6.3,34.5,35.8,38.3,37.9,35.5,42.8,39.0,35.3
2025-06-08 00:00:00,,,,,,,,,,,,,,,,,,,,34.3,32.3,10.3,6.2,34.5,35.7,38.0,37.6,35.0,42.9,40.0,38.6
2025-06-09 00:00:00,,,,,,,,,,,,,,,,,,,,32.1,30.6,10.0,6.1,33.7,34.9,37.5,37.2,34.6,42.8,40.4,40.1
2025-06-10 00:00:00,,,,,,,,,,,,,,,,,,,,31.1,29.2,9.8,6.0,32.9,34.1,36.7,36.7,34.1,42.6,40.5,40.6
2025-06-11 00:00:00,,,,,,,,,,,,,,,,,,,,33.8,28.3,9.5,5.9,32.1,33.3,36.0,36.2,33.5,42.3,40.6,40.8
2025-06-12 00:00:00,,,,,,,,,,,,,,,,,,,,40.9,37.9,12.0,7.2,34.9,32.6,35.5,35.6,32.9,42.0,40.5,40.9
2025-06-13 00:00:00,,,,,,,,,,,,,,,,,,,,39.7,36.6,11.4,7.0,38.3,39.2,42.2,40.9,38.1,48.1,45.9,46.9
2025-06-14 00:00:00,,,,,,,,,,,,,,,,,,,,38.4,35.2,11.1,6.7,36.9,37.9,40.9,40.0,37.0,47.7,45.8,46.7
2025-06-15 00:00:00,,,,,,,,,,,,,,,,,,,,34.9,32.6,10.5,6.4,35.4,36.4,39.3,39.0,36.0,46.6,45.1,46.2
2025-06-16 00:00:00,,,,,,,,,,,,,,,,,,,,31.8,30.2,10.1,6.2,34.0,35.1,38.2,38.2,35.2,45.5,44.3,45.7
2025-06-17 00:00:00,,,,,,,,,,,,,,,,,,,,28.9,28.1,9.7,6.0,33.0,34.0,37.2,37.5,34.6,44.7,43.7,45.3
2025-06-18 00:00:00,,,,,,,,,,,,,,,,,,,,26.8,26.5,9.4,5.9,32.2,33.3,36.6,37.0,34.1,44.1,43.4,45.1
2025-06-19 00:00:00,,,,,,,,,,,,,,,,,,,,25.6,25.7,9.4,5.9,31.6,32.7,36.2,36.6,34.1,43.9,43.2,44.9
2025-06-20 00:00:00,,,,,,,,,,,,,,,,,,,,24.1,24.2,9.1,5.8,31.0,32.1,35.6,36.2,33.7,43.5,42.9,44.5
2025-06-21 00:00:00,,,,,,,,,,,,,,,,,,,,23.4,23.2,8.9,5.7,30.4,31.6,35.2,35.8,33.2,43.1,42.6,44.3
2025-06-22 00:00:00,,,,,,,,,,,,,,,,,,,,22.5,22.4,8.6,5.6,29.7,30.9,34.6,35.2,32.7,42.7,42.2,44.0
2025-06-23 00:00:00,,,,,,,,,,,,,,,,,,,,21.7,21.6,8.4,5.5,29.0,30.2,34.1,34.7,32.2,42.3,41.8,43.7
2025-06-24 00:00:00,,,,,,,,,,,,,,,,,,,,20.6,20.8,8.1,5.4,27.9,29.3,33.3,34.0,31.4,41.3,41.1,43.1
2025-06-25 00:00:00,,,,,,,,,,,,,,,,,,,,20.0,20.4,8.0,5.3,26.8,28.3,32.4,33.3,30.7,40.6,40.6,42.6
2025-06-26 00:00:00,,,,,,,,,,,,,,,,,,,,19.7,19.8,7.8,5.2,25.5,27.0,31.4,32.4,29.7,39.5,39.6,41.8
2025-06-27 00:00:00,,,,,,,,,,,,,,,,,,,,19.3,19.4,7.7,5.1,24.1,25.6,30.2,31.4,28.5,38.1,38.2,40.9
2025-06-28 00:00:00,,,,,,,,,,,,,,,,,,,,19.0,19.1,7.5,5.0,22.7,24.1,28.8,30.3,27.1,36.6,37.0,40.0
2025-06-29 00:00:00,,,,,,,,,,,,,,,,,,,,18.7,18.8,7.4,4.8,21.5,22.7,27.3,29.0,25.7,35.0,35.8,38.9
2025-06-30 00:00:00,,,,,,,,,,,,,,,,,,,,18.5,18.7,7.4,4.8,20.6,21.6,26.1,27.9,24.6,33.8,34.9,38.0
2025-07-01 00:00:00,,,,,,,,,,,,,,,,,,,,18.4,18.5,7.3,4.7,19.6,20.3,24.5,26.4,22.8,31.4,33.2,36.3
2025-07-02 00:00:00,,,,,,,,,,,,,,,,,,,,18.2,18.3,7.2,4.7,18.9,19.4,23.1,25.0,21.3,29.5,31.5,34.6
2025-07-03 00:00:00,,,,,,,,,,,,,,,,,,,,18.1,18.1,7.2,4.7,18.5,18.7,22.1,23.8,20.4,28.5,30.5,33.4
2025-07-04 00:00:00,,,,,,,,,,,,,,,,,,,,17.9,18.1,7.2,4.7,18.3,18.2,21.3,22.7,19.4,27.3,29.1,31.9
2025-07-05 00:00:00,,,,,,,,,,,,,,,,,,,,17.9,18.0,7.2,4.6,18.1,17.9,20.8,22.0,19.0,26.9,28.7,31.3
2025-07-06 00:00:00,,,,,,,,,,,,,,,,,,,,38.6,24.2,8.0,4.7,18.0,17.7,20.5,21.4,18.8,26.8,28.5,31.1
2025-07-07 00:00:00,,,,,,,,,,,,,,,,,,,,41.4,38.9,12.0,7.4,41.6,43.1,45.7,43.5,43.3,51.9,51.7,47.9
2025-07-08 00:00:00,,,,,,,,,,,,,,,,,,,,33.9,33.0,10.7,6.6,36.7,37.8,40.6,39.3,38.5,49.7,47.4,46.5
2025-07-09 00:00:00,,,,,,,,,,,,,,,,,,,,31.3,30.3,10.2,6.3,34.7,35.2,38.7,38.0,37.1,48.5,46.2,45.9
2025-07-10 00:00:00,,,,,,,,,,,,,,,,,,,,43.1,37.6,11.1,6.9,37.6,38.3,41.2,39.9,39.0,50.3,47.9,47.8
2025-07-11 00:00:00,,,,,,,,,,,,,,,,,,,,38.9,36.1,11.4,7.1,39.5,40.0,42.9,41.5,40.5,51.9,49.4,48.8
2025-07-12 00:00:00,,,,,,,,,,,,,,,,,,,,34.1,32.8,10.7,6.6,36.5,37.2,40.2,39.3,38.2,50.2,47.9,47.7
2025-07-13 00:00:00,,,,,,,,,,,,,,,,,,,,33.0,31.7,10.4,6.5,35.4,35.8,39.2,38.7,37.3,49.4,47.3,47.2
2025-07-14 00:00:00,,,,,,,,,,,,,,,,,,,,32.2,31.1,10.3,6.4,34.8,35.2,38.7,38.4,36.8,48.9,46.8,46.9
2025-07-15 00:00:00,,,,,,,,,,,,,,,,,,,,31.7,30.8,10.3,6.4,34.4,34.7,38.3,38.0,36.4,48.4,46.6,46.6
2025-07-16 00:00:00,,,,,,,,,,,,,,,,,,,,31.1,30.4,10.2,6.4,33.9,34.3,38.0,37.8,36.1,48.1,46.3,46.6
2025-07-17 00:00:00,,,,,,,,,,,,,,,,,,,,30.6,30.0,10.1,6.3,33.6,34.1,37.8,37.6,35.8,47.9,46.3,46.6
2025-07-18 00:00:00,,,,,,,,,,,,,,,,,,,,30.2,29.7,10.1,6.3,33.3,33.7,37.4,37.4,35.6,47.6,46.1,46.3
2025-07-19 00:00:00,,,,,,,,,,,,,,,,,,,,47.2,42.9,13.5,8.2,40.8,40.4,43.4,42.0,41.1,52.0,50.7,49.8
2025-07-20 00:00:00,,,,,,,,,,,,,,,,,,,,41.3,37.4,11.7,7.3,39.9,39.9,42.4,41.1,40.0,51.8,50.4,50.9
2025-07-21 00:00:00,,,,,,,,,,,,,,,,,,,,40.9,36.9,11.6,7.2,39.4,39.6,42.1,40.8,39.4,51.5,50.2,50.3
2025-07-22 00:00:00,,,,,,,,,,,,,,,,,,,,40.5,36.7,11.5,7.2,39.3,39.4,42.0,40.7,39.4,51.3,49.7,50.4
2025-07-23 00:00:00,,,,,,,,,,,,,,,,,,,,36.6,34.1,10.9,6.8,37.2,37.3,40.3,39.8,38.3,50.0,48.5,49.5
2025-07-24 00:00:00,,,,,,,,,,,,,,,,,,,,34.9,32.8,10.7,6.7,36.3,36.5,39.7,39.4,37.8,49.6,48.1,49.2
2025-07-25 00:00:00,,,,,,,,,,,,,,,,,,,,33.4,31.9,10.5,6.6,35.7,35.9,39.2,39.1,37.4,49.2,47.8,48.9
2025-07-26 00:00:00,,,,,,,,,,,,,,,,,,,,32.4,31.3,10.5,6.5,35.2,35.4,38.9,38.7,37.0,48.9,47.7,48.6
2025-07-27 00:00:00,,,,,,,,,,,,,,,,,,,,31.4,30.7,10.3,6.5,34.7,35.0,38.5,38.5,36.8,48.6,47.5,48.3
2025-07-28 00:00:00,,,,,,,,,,,,,,,,,,,,30.2,30.1,10.2,6.4,34.2,34.5,38.1,38.3,36.6,48.5,47.4,48.1
2025-07-29 00:00:00,,,,,,,,,,,,,,,,,,,,36.8,34.6,11.1,7.0,37.4,37.6,40.1,39.3,36.7,48.4,47.3,48.0
2025-07-30 00:00:00,,,,,,,,,,,,,,,,,,,,43.7,38.4,11.9,7.0,36.2,36.5,39.5,39.4,37.5,49.5,48.4,48.9
2025-07-31 00:00:00,,,,,,,,,,,,,,,,,,,,48.0,42.9,13.6,8.4,45.4,43.5,43.9,42.3,40.9,52.8,52.3,52.4
2025-08-01 00:00:00,,,,,,,,,,,,,,,,,,,,40.9,36.9,11.6,7.3,39.5,39.4,42.2,41.2,39.7,51.9,51.2,51.7
2025-08-02 00:00:00,,,,,,,,,,,,,,,,,,,,41.7,37.7,11.7,7.3,40.1,40.1,42.6,41.5,39.9,52.3,51.2,52.2
2025-08-03 00:00:00,,,,,,,,,,,,,,,,,,,,47.1,41.3,12.7,7.6,41.1,41.0,43.3,42.2,40.7,52.7,52.1,52.7
2025-08-04 00:00:00,,,,,,,,,,,,,,,,,,,,41.2,37.3,11.6,7.2,39.7,39.6,42.5,41.4,39.9,52.3,51.6,52.7
2025-08-05 00:00:00,,,,,,,,,,,,,,,,,,,,37.6,35.0,11.0,6.9,37.8,37.8,41.0,40.4,38.9,51.1,49.4,50.8
2025-08-06 00:00:00,,,,,,,,,,,,,,,,,,,,34.8,33.1,10.8,6.8,36.9,37.0,40.4,40.0,38.3,50.5,49.0,50.5
2025-08-07 00:00:00,,,,,,,,,,,,,,,,,,,,33.0,32.1,10.6,6.7,36.2,36.3,39.9,39.7,38.0,50.1,48.7,50.3
2025-08-08 00:00:00,,,,,,,,,,,,,,,,,,,,30.9,31.2,10.5,6.6,35.4,35.8,39.5,39.4,37.7,49.7,48.3,50.0
2025-08-09 00:00:00,,,,,,,,,,,,,,,,,,,,28.7,30.3,10.3,6.5,34.8,35.2,39.1,39.1,37.3,49.4,48.1,49.5
2025-08-10 00:00:00,,,,,,,,,,,,,,,,,,,,26.3,29.3,10.2,6.4,34.2,34.7,38.8,38.9,37.0,49.2,47.8,49.2
2025-08-11 00:00:00,,,,,,,,,,,,,,,,,,,,24.0,28.0,9.9,6.5,33.6,33.9,38.4,38.4,36.6,48.9,47.5,49.0
2025-08-12 00:00:00,,,,,,,,,,,,,,,,,,,,22.6,26.8,9.7,6.3,33.0,33.3,38.0,38.1,36.4,48.7,47.3,48.8
2025-08-13 00:00:00,,,,,,,,,,,,,,,,,,,,21.3,25.4,9.5,6.1,32.0,32.7,37.7,37.7,36.1,48.5,47.2,48.5
2025-08-16 00:00:00,,,,,,,,,,,,,,,,,,,,30.6,31.2,10.5,6.6,35.4,35.5,39.7,39.4,37.8,50.2,48.8,50.3
2025-08-17 00:00:00,,,,,,,,,,,,,,,,,,,,26.6,29.6,10.1,6.3,34.4,34.7,39.2,39.1,37.3,49.8,48.4,50.0
2025-08-20 00:00:00,,,,,,,,,,,,,,,,,,,,22.7,25.9,9.5,6.0,31.9,33.0,38.1,38.1,36.4,48.9,47.5,49.0
2025-08-21 00:00:00,,,,,,,,,,,,,,,,,,,,22.0,25.4,9.4,6.0,31.4,32.6,37.9,37.8,36.2,48.7,47.4,48.8
2025-08-22 00:00:00,,,,,,,,,,,,,,,,,,,,21.3,24.6,9.3,5.9,30.6,32.1,37.5,37.6,36.0,48.5,47.2,48.6
2025-08-23 00:00:00,,,,,,,,,,,,,,,,,,,,20.4,23.5,9.0,5.9,29.4,31.3,37.1,37.2,35.7,48.3,46.9,48.4
2025-08-24 00:00:00,,,,,,,,,,,,,,,,,,,,19.8,22.3,8.7,5.8,28.0,30.4,36.7,36.7,35.3,47.9,46.6,48.2
2025-08-25 00:00:00,,,,,,,,,,,,,,,,,,,,19.5,21.7,8.6,5.6,26.9,29.5,36.3,36.3,35.0,47.7,46.5,48.1
2025-08-26 00:00:00,,,,,,,,,,,,,,,,,,,,19.2,20.8,8.4,5.4,25.5,28.3,35.5,35.8,34.6,47.3,46.2,47.9
2025-08-27 00:00:00,,,,,,,,,,,,,,,,,,,,30.7,23.9,8.4,5.4,24.8,27.6,35.1,35.3,34.3,47.1,46.0,47.7
2025-08-28 00:00:00,,,,,,,,,,,,,,,,,,,,31.1,25.2,8.6,5.4,24.9,27.5,35.0,35.1,34.1,47.0,45.9,47.6
2025-08-29 00:00:00,,,,,,,,,,,,,,,,,,,,26.9,23.9,8.6,5.4,24.5,27.1,34.6,34.7,33.8,46.8,45.7,47.5
2025-08-30 00:00:00,,,,,,,,,,,,,,,,,,,,22.8,22.3,8.5,5.4,24.0,26.5,34.1,34.3,33.5,46.5,45.5,47.2
2025-08-31 00:00:00,,,,,,,,,,,,,,,,,,,,20.8,21.4,8.4,5.4,23.6,26.0,33.6,33.8,33.2,46.2,45.2,46.9
2025-09-01 00:00:00,,,,,,,,,,,,,,,,,,,,19.7,20.6,8.2,5.4,23.1,25.2,32.8,33.3,32.8,45.8,45.0,46.7
2025-09-02 00:00:00,,,,,,,,,,,,,,,,,,,,19.1,19.9,8.1,5.3,22.3,24.1,31.6,32.7,32.3,45.3,44.6,46.3
2025-09-03 00:00:00,,,,,,,,,,,,,,,,,,,,18.9,19.5,8.0,5.2,21.9,23.2,30.5,31.9,31.8,44.8,44.3,46.0
2025-09-04 00:00:00,,,,,,,,,,,,,,,,,,,,18.7,19.2,7.9,5.2,21.3,22.4,29.2,31.2,31.3,44.4,43.9,45.6
2025-09-05 00:00:00,,,,,,,,,,,,,,,,,,,,18.5,18.9,7.8,5.3,20.8,21.5,27.5,30.1,30.6,43.7,43.4,45.1
2025-09-06 00:00:00,,,,,,,,,,,,,,,,,,,,18.2,18.6,7.7,5.1,20.2,20.6,25.4,28.6,29.4,42.5,42.4,44.5
2025-09-07 00:00:00,,,,,,,,,,,,,,,,,,,,31.3,28.2,8.3,5.2,19.9,19.9,24.0,27.2,28.2,41.2,41.5,43.9
2025-09-08 00:00:00,,,,,,,,,,,,,,,,,,,,25.6,22.5,8.1,5.1,19.9,19.9,23.9,26.9,27.8,40.8,41.3,43.6
2025-09-09 00:00:00,,,,,,,,,,,,,,,,,,,,22.5,21.1,8.0,5.1,19.9,20.0,23.9,26.5,27.6,40.6,41.2,43.3
2025-09-10 00:00:00,,,,,,,,,,,,,,,,,,,,19.9,19.7,7.8,5.1,19.7,19.7,23.4,25.9,26.9,39.7,40.5,42.8
2025-09-11 00:00:00,,,,,,,,,,,,,,,,,,,,18.9,19.1,7.8,5.2,19.6,19.6,22.9,25.1,26.0,38.6,39.6,42.3
2025-09-12 00:00:00,,,,,,,,,,,,,,,,,,,,18.4,18.6,7.6,5.1,19.3,19.2,22.2,24.2,24.7,36.8,38.3,41.6
2025-09-13 00:00:00,,,,,,,,,,,,,,,,,,,,18.1,18.2,7.5,5.0,19.0,18.8,21.6,23.2,23.3,34.8,36.7,40.7
2025-09-14 00:00:00,,,,,,,,,,,,,,,,,,,,17.9,18.0,7.5,5.0,18.8,18.5,21.1,22.4,22.1,32.8,35.1,39.5
2025-09-15 00:00:00,,,,,,,,,,,,,,,,,,,,17.8,18.0,7.5,5.0,18.6,18.4,20.8,21.8,21.2,31.4,34.0,38.3
2025-09-16 00:00:00,,,,,,,,,,,,,,,,,,,,17.6,17.8,7.4,4.9,18.4,18.1,20.4,21.1,20.3,29.8,32.6,36.7
2025-09-17 00:00:00,,,,,,,,,,,,,,,,,,,,17.5,17.8,7.4,5.0,18.3,18.0,20.3,20.8,19.9,29.0,31.7,35.7
2025-09-18 00:00:00,,,,,,,,,,,,,,,,,,,,23.0,18.7,7.4,5.0,18.1,17.9,20.1,20.4,19.4,28.3,30.9,34.7
2025-09-19 00:00:00,,,,,,,,,,,,,,,,,,,,33.8,32.7,10.8,6.6,29.7,18.5,20.3,20.4,19.7,28.8,31.3,35.0
2025-09-20 00:00:00,,,,,,,,,,,,,,,,,,,,33.2,32.3,10.7,6.5,29.2,19.8,20.7,20.6,19.8,29.0,31.4,35.1
2025-09-21 00:00:00,,,,,,,,,,,,,,,,,,,,27.4,27.7,9.9,6.0,26.8,20.6,21.1,20.6,19.8,28.9,31.3,35.0
2025-09-22 00:00:00,,,,,,,,,,,,,,,,,,,,23.3,24.4,9.3,5.8,24.6,20.3,21.1,20.7,19.7,28.9,31.2,34.9
2025-09-23 00:00:00,,,,,,,,,,,,,,,,,,,,38.2,36.6,12.0,7.4,37.9,39.4,43.6,41.5,41.5,51.3,48.4,48.8
2025-09-24 00:00:00,,,,,,,,,,,,,,,,,,,,45.1,41.8,13.5,8.4,43.9,44.7,49.1,47.6,47.8,56.1,55.6,50.3
2025-09-25 00:00:00,,,,,,,,,,,,,,,,,,,,38.3,36.5,11.9,7.4,38.9,40.2,43.6,41.8,41.4,52.1,49.9,50.6
2025-09-26 00:00:00,,,,,,,,,,,,,,,,,,,,30.3,30.4,10.5,6.5,34.4,35.8,39.8,39.1,38.2,49.3,47.6,48.2
2025-09-27 00:00:00,,,,,,,,,,,,,,,,,,,,31.2,30.8,10.3,6.4,33.3,34.7,38.7,38.4,37.4,48.5,46.9,47.9
2025-09-28 00:00:00,,,,,,,,,,,,,,,,,,,,27.2,28.4,9.8,6.3,32.3,33.9,38.1,37.9,36.8,48.2,46.7,47.5
2025-09-29 00:00:00,,,,,,,,,,,,,,,,,,,,24.2,26.4,9.5,6.1,31.2,32.8,37.4,37.5,36.3,47.8,46.4,47.3
2025-09-30 00:00:00,,,,,,,,,,,,,,,,,,,,22.4,24.9,9.4,6.1,30.3,32.0,36.8,37.0,35.8,47.3,46.2,47.2
2025-10-01 00:00:00,,,,,,,,,,,,,,,,,,,,20.6,22.6,9.0,5.9,29.1,30.9,35.9,36.4,35.1,46.8,45.9,47.0
2025-10-02 00:00:00,,,,,,,,,,,,,,,,,,,,19.6,21.1,8.7,5.8,27.9,29.7,35.1,35.7,34.5,46.3,45.6,46.7
2025-10-03 00:00:00,,,,,,,,,,,,,,,,,,,,19.0,20.1,8.4,5.7,26.6,28.5,34.0,34.8,33.8,45.7,45.3,46.5
2025-10-04 00:00:00,,,,,,,,,,,,,,,,,,,,18.8,19.7,8.2,5.5,25.4,27.3,33.1,33.8,33.2,45.1,44.9,46.3
2025-10-05 00:00:00,,,,,,,,,,,,,,,,,,,,18.6,19.4,8.1,5.4,24.3,26.0,32.1,32.9,32.5,44.6,44.5,46.0
2025-10-06 00:00:00,,,,,,,,,,,,,,,,,,,,18.4,19.0,8.0,5.3,23.0,24.3,30.8,31.9,31.7,43.9,44.1,45.6
2025-10-07 00:00:00,,,,,,,,,,,,,,,,,,,,18.3,18.8,7.9,5.2,21.8,22.9,29.5,30.9,30.9,43.3,43.7,45.1
2025-10-08 00:00:00,,,,,,,,,,,,,,,,,,,,18.2,18.6,7.8,5.1,20.7,21.1,27.4,29.3,29.7,42.3,42.7,44.4
2025-10-09 00:00:00,,,,,,,,,,,,,,,,,,,,18.0,18.4,7.7,5.1,19.7,19.7,25.2,27.5,28.3,40.9,41.3,43.5
2025-10-10 00:00:00,,,,,,,,,,,,,,,,,,,,17.9,18.1,7.6,5.0,19.0,18.8,23.1,25.5,26.4,38.7,39.3,42.3
2025-10-11 00:00:00,,,,,,,,,,,,,,,,,,,,17.7,18.0,7.6,5.0,18.6,18.3,21.9,23.7,24.4,36.2,37.6,41.1
2025-10-12 00:00:00,,,,,,,,,,,,,,,,,,,,17.6,17.8,7.5,5.0,18.3,18.0,21.2,22.4,22.7,34.2,36.1,39.8
2025-10-13 00:00:00,,,,,,,,,,,,,,,,,,,,17.5,17.8,7.5,4.9,18.2,17.8,20.8,21.5,21.5,32.3,34.8,38.8
2025-10-14 00:00:00,,,,,,,,,,,,,,,,,,,,17.5,17.7,7.5,4.9,18.0,17.7,20.5,20.8,20.6,30.8,33.4,37.6
2025-10-15 00:00:00,,,,,,,,,,,,,,,,,,,,17.4,17.6,7.5,4.9,17.9,17.6,20.2,20.3,19.9,29.6,32.2,36.6
2025-10-16 00:00:00,,,,,,,,,,,,,,,,,,,,17.4,17.7,7.5,4.8,17.9,17.6,20.3,20.4,20.0,29.6,32.3,36.5
2025-10-17 00:00:00,,,,,,,,,,,,,,,,,,,,17.4,17.7,7.5,4.9,17.9,17.7,20.3,20.3,19.9,29.5,32.1,36.2
2025-10-18 00:00:00,,,,,,,,,,,,,,,,,,,,17.3,17.7,7.5,4.9,17.9,17.7,20.2,20.3,19.8,29.3,31.9,35.8
2025-10-19 00:00:00,,,,,,,,,,,,,,,,,,,,17.3,17.7,7.5,4.9,17.9,17.7,20.2,20.2,19.8,29.1,31.6,35.4
2025-10-20 00:00:00,,,,,,,,,,,,,,,,,,,,29.5,24.6,7.6,4.9,17.9,17.7,20.3,20.3,19.9,29.4,31.9,35.7
2025-10-21 00:00:00,,,,,,,,,,,,,,,,,,,,27.5,23.8,7.7,4.9,17.9,17.7,20.4,20.4,20.0,29.5,32.0,35.8
2025-10-22 00:00:00,,,,,,,,,,,,,,,,,,,,25.7,23.1,7.7,4.9,18.0,17.8,20.4,20.4,20.1,29.6,32.0,35.8
2025-10-23 00:00:00,,,,,,,,,,,,,,,,,,,,24.0,22.3,7.8,4.9,18.1,17.9,20.4,20.5,20.1,29.5,32.0,35.8
2025-10-24 00:00:00,,,,,,,,,,,,,,,,,,,,23.0,21.7,7.8,5.0,18.1,17.9,20.4,20.4,20.1,29.6,32.0,35.8
2025-10-25 00:00:00,,,,,,,,,,,,,,,,,,,,22.7,21.5,7.8,4.9,18.0,17.9,20.5,20.5,20.1,29.7,32.1,35.9
2025-10-26 00:00:00,,,,,,,,,,,,,,,,,,,,21.7,21.1,7.8,5.0,18.0,17.8,20.4,20.4,20.0,29.5,32.0,35.8
2025-10-27 00:00:00,,,,,,,,,,,,,,,,,,,,20.8,20.7,7.8,5.0,18.1,17.8,20.4,20.5,20.0,29.5,31.9,35.7
2025-10-28 00:00:00,,,,,,,,,,,,,,,,,,,,20.2,20.4,7.8,4.9,18.2,17.9,20.4,20.5,20.0,29.4,31.9,35.6
2025-10-29 00:00:00,,,,,,,,,,,,,,,,,,,,19.8,20.1,7.8,5.0,18.1,17.9,20.4,20.4,19.9,29.4,31.8,35.5
2025-10-30 00:00:00,,,,,,,,,,,,,,,,,,,,19.5,20.0,7.8,4.9,18.1,17.8,20.4,20.4,19.9,29.4,31.8,35.5
2025-10-31 00:00:00,,,,,,,,,,,,,,,,,,,,19.3,19.7,7.8,4.9,18.1,17.8,20.4,20.3,19.9,29.3,31.7,35.3
2025-11-01 00:00:00,,,,,,,,,,,,,,,,,,,,19.0,19.5,7.8,5.0,18.1,17.8,20.4,20.3,19.8,29.2,31.5,35.2
2025-11-02 00:00:00,,,,,,,,,,,,,,,,,,,,19.0,19.4,7.8,4.9,18.1,17.8,20.4,20.4,19.9,29.2,31.6,35.2
2025-11-03 00:00:00,,,,,,,,,,,,,,,,,,,,18.9,19.4,7.7,4.9,18.1,17.8,20.3,20.3,19.9,29.1,31.6,35.1
2025-11-04 00:00:00,,,,,,,,,,,,,,,,,,,,18.7,19.1,7.7,4.9,18.0,17.7,20.3,20.2,19.7,28.8,31.3,34.7
2025-11-05 00:00:00,,,,,,,,,,,,,,,,,,,,18.5,18.9,7.7,4.9,18.0,17.6,20.2,20.2,19.6,28.5,31.0,34.2
2025-11-06 00:00:00,,,,,,,,,,,,,,,,,,,,18.2,18.6,7.6,4.9,18.0,17.6,20.1,20.1,19.4,28.1,30.5,33.6
2025-11-07 00:00:00,,,,,,,,,,,,,,,,,,,,18.1,18.5,7.6,4.9,18.0,17.6,20.1,20.2,19.3,27.9,30.2,33.2
2025-11-08 00:00:00,,,,,,,,,,,,,,,,,,,,18.0,18.4,7.6,4.9,18.0,17.6,20.1,20.2,19.2,27.7,29.9,32.9
2025-11-09 00:00:00,,,,,,,,,,,,,,,,,,,,17.9,18.3,7.6,4.9,17.9,17.6,20.1,20.0,19.2,27.5,29.7,32.6
2025-11-10 00:00:00,,,,,,,,,,,,,,,,,,,,17.8,18.1,7.6,4.9,17.9,17.5,19.9,19.9,18.9,27.0,29.1,31.9
2025-11-11 00:00:00,,,,,,,,,,,,,,,,,,,,42.4,40.4,13.1,7.9,43.0,43.9,47.1,44.2,44.5,51.9,49.7,48.3
2025-11-12 00:00:00,,,,,,,,,,,,,,,,,,,,42.2,39.8,13.0,7.9,40.0,40.1,43.2,41.7,41.7,50.1,49.2,50.4
2025-11-13 00:00:00,,,,,,,,,,,,,,,,,,,,38.7,36.7,12.1,7.5,39.6,40.2,43.1,41.6,41.4,51.1,49.7,51.2
2025-11-14 00:00:00,,,,,,,,,,,,,,,,,,,,33.2,31.8,10.8,6.7,35.0,35.7,39.3,38.8,38.1,48.5,47.5,48.7
2025-11-15 00:00:00,,,,,,,,,,,,,,,,,,,,30.5,30.0,10.5,6.5,33.7,34.5,38.2,38.0,37.2,47.8,47.1,48.4
2025-11-16 00:00:00,,,,,,,,,,,,,,,,,,,,28.5,28.8,10.3,6.4,32.7,33.4,37.4,37.5,36.5,47.4,46.7,48.1
2025-11-17 00:00:00,,,,,,,,,,,,,,,,,,,,26.4,27.5,10.0,6.3,31.7,32.5,36.6,36.9,35.8,47.0,46.3,48.1
2025-11-18 00:00:00,,,,,,,,,,,,,,,,,,,,24.7,26.5,9.8,6.2,30.9,31.7,36.0,36.4,35.2,46.5,45.9,48.0
2025-11-19 00:00:00,,,,,,,,,,,,,,,,,,,,23.0,25.5,9.6,6.2,30.3,30.9,35.4,35.8,34.6,46.1,45.6,47.9
2025-11-20 00:00:00,,,,,,,,,,,,,,,,,,,,22.0,24.7,9.5,6.1,29.7,30.4,35.0,35.5,34.1,46.0,45.5,47.8
2025-11-21 00:00:00,,,,,,,,,,,,,,,,,,,,21.4,24.0,9.4,6.1,29.2,29.9,34.5,35.1,33.8,45.8,45.4,47.6
2025-11-22 00:00:00,,,,,,,,,,,,,,,,,,,,20.6,23.2,9.2,6.0,28.7,29.2,34.0,34.4,33.3,45.5,45.1,47.3
2025-11-23 00:00:00,,,,,,,,,,,,,,,,,,,,20.1,22.4,9.1,5.9,28.0,28.6,33.4,33.7,32.7,45.0,44.9,47.1
2025-11-24 00:00:00,,,,,,,,,,,,,,,,,,,,19.7,21.6,8.9,5.8,27.3,27.8,32.8,32.9,32.1,44.5,44.4,46.8
2025-11-25 00:00:00,,,,,,,,,,,,,,,,,,,,19.4,21.0,8.7,5.7,26.5,27.1,32.2,32.2,31.4,44.1,44.1,46.5
2025-11-26 00:00:00,,,,,,,,,,,,,,,,,,,,19.2,20.7,8.6,5.7,25.8,26.6,31.8,31.8,31.1,44.0,44.0,46.3
2025-11-27 00:00:00,,,,,,,,,,,,,,,,,,,,19.1,20.4,8.5,5.6,25.0,25.8,31.2,31.1,30.6,43.6,43.7,46.0
2025-11-28 00:00:00,,,,,,,,,,,,,,,,,,,,21.3,20.4,8.5,5.7,24.8,25.8,31.2,31.1,30.6,43.6,43.7,46.0
2025-11-29 00:00:00,,,,,,,,,,,,,,,,,,,,21.3,20.6,8.5,5.6,24.4,25.6,31.0,31.0,30.6,43.6,43.7,46.0
2025-11-30 00:00:00,,,,,,,,,,,,,,,,,,,,21.0,20.6,8.5,5.6,24.1,25.3,30.7,30.8,30.6,43.4,43.6,45.9
2025-12-01 00:00:00,,,,,,,,,,,,,,,,,,,,20.5,20.5,8.5,5.5,23.7,24.8,30.3,30.4,30.3,43.2,43.5,45.7
2025-12-02 00:00:00,,,,,,,,,,,,,,,,,,,,20.0,20.4,8.4,5.5,23.2,24.3,29.7,29.9,29.8,42.8,43.2,45.4
2025-12-03 00:00:00,,,,,,,,,,,,,,,,,,,,19.6,20.2,8.4,5.5,22.7,23.5,29.0,29.2,29.2,42.2,42.7,44.9
2025-12-04 00:00:00,,,,,,,,,,,,,,,,,,,,19.6,20.2,8.4,5.5,22.6,23.5,28.9,29.2,29.4,42.4,42.7,45.0
2025-12-05 00:00:00,,,,,,,,,,,,,,,,,,,,19.4,20.2,8.4,5.5,22.3,23.2,28.5,28.9,29.2,42.3,42.5,44.8
2025-12-06 00:00:00,,,,,,,,,,,,,,,,,,,,20.0,19.9,8.3,5.4,21.8,22.3,27.6,27.9,28.3,41.5,41.6,44.1
2025-12-07 00:00:00,,,,,,,,,,,,,,,,,,,,24.1,20.7,8.3,5.4,21.4,22.0,27.2,27.5,28.2,41.2,41.5,44.0
2025-12-08 00:00:00,,,,,,,,,,,,,,,,,,,,22.7,20.6,8.3,5.4,21.2,21.8,26.8,27.1,27.8,40.9,41.1,43.8
2025-12-09 00:00:00,,,,,,,,,,,,,,,,,,,,21.4,20.3,8.2,5.3,20.9,21.3,26.1,26.4,27.1,40.1,40.5,43.2
2025-12-10 00:00:00,,,,,,,,,,,,,,,,,,,,20.6,20.2,8.2,5.3,20.8,21.2,25.7,26.1,26.9,39.8,40.5,42.9
2025-12-11 00:00:00,,,,,,,,,,,,,,,,,,,,20.0,20.0,8.2,5.3,20.6,20.9,25.2,25.5,26.4,39.2,40.0,42.6
2025-12-12 00:00:00,,,,,,,,,,,,,,,,,,,,19.7,19.8,8.2,5.3,20.4,20.6,24.7,25.0,25.7,38.4,39.4,42.1
2025-12-13 00:00:00,,,,,,,,,,,,,,,,,,,,19.4,19.5,8.1,5.3,20.0,20.1,23.9,24.1,24.6,36.9,38.4,41.3
2025-12-14 00:00:00,,,,,,,,,,,,,,,,,,,,19.2,19.4,8.1,5.3,19.8,19.8,23.3,23.4,23.8,35.6,37.5,40.6
2025-12-15 00:00:00,,,,,,,,,,,,,,,,,,,,19.1,19.3,8.1,5.2,19.7,19.8,23.3,23.4,23.9,35.7,37.5,40.6
2025-12-16 00:00:00,,,,,,,,,,,,,,,,,,,,19.0,19.2,8.0,5.2,19.6,19.6,22.8,23.0,23.2,34.7,36.7,40.0
2025-12-17 00:00:00,,,,,,,,,,,,,,,,,,,,18.8,19.1,8.0,5.2,19.3,19.4,22.3,22.4,22.5,33.5,35.8,39.2
2025-12-18 00:00:00,,,,,,,,,,,,,,,,,,,,18.8,18.9,8.0,5.2,19.2,19.1,21.9,21.9,21.8,32.4,34.8,38.3
2025-12-19 00:00:00,,,,,,,,,,,,,,,,,,,,18.7,18.8,8.0,5.2,19.0,18.9,21.6,21.4,21.3,31.4,33.9,37.4
2025-12-20 00:00:00,,,,,,,,,,,,,,,,,,,,19.7,18.9,8.0,5.2,18.9,19.0,21.6,21.6,21.6,31.9,34.3,37.7
2025-12-21 00:00:00,,,,,,,,,,,,,,,,,,,,31.2,30.3,9.5,5.4,19.3,19.1,21.8,21.7,21.7,32.2,34.5,37.9
2025-12-22 00:00:00,,,,,,,,,,,,,,,,,,,,28.2,27.1,9.1,5.3,19.2,19.1,21.7,21.6,21.6,31.8,34.2,37.6
2025-12-23 00:00:00,,,,,,,,,,,,,,,,,,,,26.1,25.3,8.8,5.2,19.1,19.1,21.8,21.6,21.7,31.8,34.1,37.6
2025-12-24 00:00:00,,,,,,,,,,,,,,,,,,,,23.5,23.4,8.6,5.2,19.1,19.1,21.8,21.6,21.7,31.6,33.9,37.2
2025-12-25 00:00:00,,,,,,,,,,,,,,,,,,,,21.9,22.0,8.5,5.2,19.0,19.0,21.8,21.5,21.6,31.4,33.8,37.1
2025-12-26 00:00:00,,,,,,,,,,,,,,,,,,,,21.0,21.2,8.5,5.2,19.0,19.0,21.8,21.5,21.6,31.5,33.7,37.0
2025-12-27 00:00:00,,,,,,,,,,,,,,,,,,,,20.9,20.9,8.4,5.2,19.0,19.1,21.9,21.6,21.7,31.7,33.8,37.1
2025-12-28 00:00:00,,,,,,,,,,,,,,,,,,,,20.7,20.6,8.4,5.2,19.0,19.0,21.9,21.5,21.6,31.6,33.7,37.0
2025-12-29 00:00:00,,,,,,,,,,,,,,,,,,,,20.2,20.2,8.3,5.2,19.0,19.0,21.8,21.4,21.4,31.3,33.4,36.5
2025-12-30 00:00:00,,,,,,,,,,,,,,,,,,,,19.7,19.6,8.3,5.2,18.9,18.8,21.6,21.2,21.1,30.8,32.6,35.6
2025-12-31 00:00:00,,,,,,,,,,,,,,,,,,,,19.4,19.2,8.2,5.2,18.8,18.6,21.3,20.9,20.7,30.1,31.7,34.6
2026-01-01 00:00:00,,,,,,,,,,,,,,,,,,,,19.0,18.9,8.1,5.2,18.6,18.5,21.1,20.6,20.3,29.5,30.9,33.7
