,StnPres,StnPresMax,StnPresMaxTime,StnPresMin,StnPresMinTime,Tx,TxMaxAbs,TxMaxAbsTime,TxMinAbs,TxMinAbsTime,RH,RHMin,RHMinTime,WS,WD,WSGust,WDGust,WGustTime,Precp,AirTemperature.MaximumTimef,AirTemperature.Maximumf,AirTemperature.Meanf,AirTemperature.MinimumTimef,AirTemperature.Minimumf,GlobalSolarRadiation.Accumulationf,GlobalSolarRadiation.HourlyMaximumTimef,GlobalSolarRadiation.HourlyMaximumf,GloblRad,GloblRadMax,GloblRadMaxTime,PeakGust.Directionf,PeakGust.MaximumTimef,PeakGust.Maximumf,Precipitation.Accumulationf,Precipitation.HourlyMaximum,Precipitation.HourlyMaximumTime,Precipitation.HourlyMaximumTimef,Precipitation.HourlyMaximumf,Precipitation.MeltFlag,Precipitation.MeltFlagf,RelativeHumidity.Maximum,RelativeHumidity.MaximumTime,RelativeHumidity.MaximumTimef,RelativeHumidity.Maximumf,RelativeHumidity.Meanf,RelativeHumidity.MinimumTimef,RelativeHumidity.Minimumf,SoilTemperatureAt0cm.Maximum,SoilTemperatureAt0cm.MaximumTime,SoilTemperatureAt0cm.MaximumTimef,SoilTemperatureAt0cm.Maximumf,SoilTemperatureAt0cm.Meanf,SoilTemperatureAt0cm.Minimum,SoilTemperatureAt0cm.MinimumTime,SoilTemperatureAt0cm.MinimumTimef,SoilTemperatureAt0cm.Minimumf,SoilTemperatureAt100cm.Maximum,SoilTemperatureAt100cm.MaximumTime,SoilTemperatureAt100cm.MaximumTimef,SoilTemperatureAt100cm.Maximumf,SoilTemperatureAt100cm.Meanf,SoilTemperatureAt100cm.Minimum,SoilTemperatureAt100cm.MinimumTime,SoilTemperatureAt100cm.MinimumTimef,SoilTemperatureAt100cm.Minimumf,SoilTemperatureAt10cm.Maximum,SoilTemperatureAt10cm.MaximumTime,SoilTemperatureAt10cm.MaximumTimef,SoilTemperatureAt10cm.Maximumf,SoilTemperatureAt10cm.Meanf,SoilTemperatureAt10cm.Minimum,SoilTemperatureAt10cm.MinimumTime,SoilTemperatureAt10cm.MinimumTimef,SoilTemperatureAt10cm.Minimumf,SoilTemperatureAt20cm.Maximum,SoilTemperatureAt20cm.MaximumTime,SoilTemperatureAt20cm.MaximumTimef,SoilTemperatureAt20cm.Maximumf,SoilTemperatureAt20cm.Meanf,SoilTemperatureAt20cm.Minimum,SoilTemperatureAt20cm.MinimumTime,SoilTemperatureAt20cm.MinimumTimef,SoilTemperatureAt20cm.Minimumf,SoilTemperatureAt50cm.Maximum,SoilTemperatureAt50cm.MaximumTime,SoilTemperatureAt50cm.MaximumTimef,SoilTemperatureAt50cm.Maximumf,SoilTemperatureAt50cm.Meanf,SoilTemperatureAt50cm.Minimum,SoilTemperatureAt50cm.MinimumTime,SoilTemperatureAt50cm.MinimumTimef,SoilTemperatureAt50cm.Minimumf,SoilTemperatureAt5cm.Maximum,SoilTemperatureAt5cm.MaximumTime,SoilTemperatureAt5cm.MaximumTimef,SoilTemperatureAt5cm.Maximumf,SoilTemperatureAt5cm.Meanf,SoilTemperatureAt5cm.Minimum,SoilTemperatureAt5cm.MinimumTime,SoilTemperatureAt5cm.MinimumTimef,SoilTemperatureAt5cm.Minimumf,StationPressure.MaximumTimef,StationPressure.Maximumf,StationPressure.Meanf,StationPressure.MinimumTimef,StationPressure.Minimumf,SunShine,SunshineDuration.Totalf,TxSoil0cm,TxSoil100cm,TxSoil10cm,TxSoil20cm,TxSoil50cm,TxSoil5cm,WindDirection.Prevailingf,WindSpeed.Meanf
2017-01-04,-9999.7,985.9,2017-01-04T19:41:00,984.2,2017-01-04T15:26:00,-99.7,24.1,2017-01-04T16:01:00,20.0,2017-01-04T22:22:00,-9997,63,2017-01-04T15:34:00,-99.7,-999.7,8.8,101,2017-01-04T15:27:00,0.0,,,,,,,,,,,,,,,,,,,,,,80,2017-01-04T22:52:00,,,,,,,,,,,,,,,,,,,,,,,,,,,,,,,,,,,,,,,,,,,,,,,,,,,,,,,,,,,,,,,,,,,,,,,,,,
2017-01-05,984.9,986.9,2017-01-05T09:31:00,982.9,2017-01-05T14:43:00,20.4,25.9,2017-01-05T16:31:00,18.8,2017-01-05T19:26:00,83,68,2017-01-05T12:31:00,1.4,305.0,9.9,212,2017-01-05T01:23:00,0.0,,,,,,,,,,,,,,,,,,,,,,95,2017-01-05T19:12:00,,,,,,,,,,,,,,,,,,,,,,,,,,,,,,,,,,,,,,,,,,,,,,,,,,,,,,,,,,,,,,,,,,,,,,,,,,
2017-01-06,984.2,986.2,2017-01-06T08:44:00,982.4,2017-01-06T15:13:00,19.6,25.8,2017-01-06T20:31:00,17.1,2017-01-06T05:01:00,92,74,2017-01-06T11:21:00,1.4,9.0,7.1,96,2017-01-06T11:28:00,0.0,,,,,,,,,,,,,,,,,,,,,,100,2017-01-06T07:01:00,,,,,,,,,,,,,,,,,,,,,,,,,,,,,,,,,,,,,,,,,,,,,,,,,,,,,,,,,,,,,,,,,,,,,,,,,,
2017-01-07,982.0,983.7,2017-01-07T09:12:00,979.6,2017-01-07T14:12:00,20.2,24.7,2017-01-07T05:01:00,18.6,2017-01-07T19:01:00,91,72,2017-01-07T23:55:00,1.5,117.0,7.1,303,2017-01-07T15:23:00,0.0,,,,,,,,,,,,,,,,,,,,,,99,2017-01-07T07:57:00,,,,,,,,,,,,,,,,,,,,,,,,,,,,,,,,,,,,,,,,,,,,,,,,,,,,,,,,,,,,,,,,,,,,,,,,,,
2017-01-08,982.7,984.8,2017-01-08T22:35:00,980.6,2017-01-08T14:01:00,18.6,25.2,2017-01-08T06:41:00,16.2,2017-01-08T21:22:00,86,71,2017-01-08T01:57:00,2.1,18.0,7.7,111,2017-01-08T20:18:00,0.0,,,,,,,,,,,,,,,,,,,,,,98,2017-01-08T05:44:00,,,,,,,,,,,,,,,,,,,,,,,,,,,,,,,,,,,,,,,,,,,,,,,,,,,,,,,,,,,,,,,,,,,,,,,,,,
2017-01-09,986.6,988.7,2017-01-09T08:51:00,984.2,2017-01-09T00:41:00,15.5,21.3,2017-01-09T21:51:00,14.3,2017-01-09T18:42:00,78,73,2017-01-09T22:51:00,3.3,84.0,33.6,95,2017-01-09T12:06:00,0.0,,,,,,,,,,,,,,,,,,,,,,85,2017-01-09T01:11:00,,,,,,,,,,,,,,,,,,,,,,,,,,,,,,,,,,,,,,,,,,,,,,,,,,,,,,,,,,,,,,,,,,,,,,,,,,
2017-01-10,988.1,989.6,2017-01-10T21:44:00,985.7,2017-01-10T14:24:00,16.2,18.6,2017-01-10T14:11:00,16.0,2017-01-10T23:31:00,74,65,2017-01-10T14:21:00,4.6,89.0,12.6,80,2017-01-10T21:47:00,0.0,,,,,,,,,,,,,,,,,,,,,,83,2017-01-10T23:52:00,,,,,,,,,,,,,,,,,,,,,,,,,,,,,,,,,,,,,,,,,,,,,,,,,,,,,,,,,,,,,,,,,,,,,,,,,,
2017-01-11,987.3,990.0,2017-01-11T09:26:00,984.6,2017-01-11T14:07:00,17.5,22.9,2017-01-11T07:44:00,15.5,2017-01-11T01:11:00,82,74,2017-01-11T13:01:00,5.3,80.0,14.8,94,2017-01-11T10:58:00,0.0,,,,,,,,,,,,,,,,,,,,,,90,2017-01-11T23:42:00,,,,,,,,,,,,,,,,,,,,,,,,,,,,,,,,,,,,,,,,,,,,,,,,,,,,,,,,,,,,,,,,,,,,,,,,,,
2017-01-12,984.5,986.7,2017-01-12T00:01:00,982.1,2017-01-12T15:03:00,17.7,23.6,2017-01-12T04:51:00,16.5,2017-01-12T22:03:00,93,84,2017-01-12T12:24:00,1.7,77.0,7.7,71,2017-01-12T00:11:00,0.0,,,,,,,,,,,,,,,,,,,,,,98,2017-01-12T06:24:00,,,,,,,,,,,,,,,,,,,,,,,,,,,,,,,,,,,,,,,,,,,,,,,,,,,,,,,,,,,,,,,,,,,,,,,,,,
2017-01-13,985.5,987.4,2017-01-13T09:51:00,978.9,2017-01-13T16:01:00,13.3,18.5,2017-01-13T03:51:00,7.4,2017-01-13T10:59:00,98,91,2017-01-13T01:22:00,2.7,8.0,10.4,3,2017-01-13T07:44:00,18.5,,,,,,,,,,,,,,,,,,,,,,100,2017-01-13T11:53:00,,,,,,,,,,,,,,,,,,,,,,,,,,,,,,,,,,,,,,,,,,,,,,,,,,,,,,,,,,,,,,,,,,,,,,,,,,
2017-01-14,988.5,990.5,2017-01-14T21:02:00,981.3,2017-01-14T00:41:00,12.0,19.4,2017-01-14T14:52:00,7.2,2017-01-14T08:12:00,91,76,2017-01-14T18:16:00,3.2,29.0,11.0,94,2017-01-14T17:31:00,15.0,,,,,,,,,,,,,,,,,,,,,,100,2017-01-14T09:26:00,,,,,,,,,,,,,,,,,,,,,,,,,,,,,,,,,,,,,,,,,,,,,,,,,,,,,,,,,,,,,,,,,,,,,,,,,,
2017-01-15,989.9,991.8,2017-01-15T08:42:00,988.2,2017-01-15T13:42:00,12.2,13.4,2017-01-15T13:01:00,11.2,2017-01-15T19:02:00,90,81,2017-01-15T02:48:00,3.6,88.0,10.4,104,2017-01-15T00:09:00,0.0,,,,,,,,,,,,,,,,,,,,,,98,2017-01-15T17:01:00,,,,,,,,,,,,,,,,,,,,,,,,,,,,,,,,,,,,,,,,,,,,,,,,,,,,,,,,,,,,,,,,,,,,,,,,,,
2017-01-16,990.1,991.7,2017-01-16T09:01:00,988.2,2017-01-16T15:14:00,13.2,20.0,2017-01-16T16:22:00,10.3,2017-01-16T00:01:00,87,77,2017-01-16T19:45:00,4.1,87.0,13.2,125,2017-01-16T21:52:00,0.5,,,,,,,,,,,,,,,,,,,,,,99,2017-01-16T01:41:00,,,,,,,,,,,,,,,,,,,,,,,,,,,,,,,,,,,,,,,,,,,,,,,,,,,,,,,,,,,,,,,,,,,,,,,,,,
2017-01-17,989.6,992.4,2017-01-17T09:26:00,987.3,2017-01-17T14:43:00,17.1,22.0,2017-01-17T10:41:00,13.5,2017-01-17T00:05:00,79,67,2017-01-17T13:52:00,4.2,92.0,12.6,102,2017-01-17T02:09:00,0.0,,,,,,,,,,,,,,,,,,,,,,87,2017-01-17T00:54:00,,,,,,,,,,,,,,,,,,,,,,,,,,,,,,,,,,,,,,,,,,,,,,,,,,,,,,,,,,,,,,,,,,,,,,,,,,
2017-01-18,990.3,992.4,2017-01-18T08:56:00,986.5,2017-01-18T00:01:00,17.4,20.7,2017-01-18T12:22:00,14.8,2017-01-18T00:01:00,95,79,2017-01-18T00:01:00,1.6,341.0,7.1,340,2017-01-18T15:27:00,0.0,,,,,,,,,,,,,,,,,,,,,,100,2017-01-18T03:23:00,,,,,,,,,,,,,,,,,,,,,,,,,,,,,,,,,,,,,,,,,,,,,,,,,,,,,,,,,,,,,,,,,,,,,,,,,,
2017-01-19,989.6,992.6,2017-01-19T09:13:00,983.4,2017-01-19T22:52:00,16.0,22.8,2017-01-19T13:41:00,9.3,2017-01-19T22:52:00,99,92,2017-01-19T14:22:00,1.9,10.0,7.7,1,2017-01-19T23:26:00,2.5,,,,,,,,,,,,,,,,,,,,,,100,2017-01-19T00:11:00,,,,,,,,,,,,,,,,,,,,,,,,,,,,,,,,,,,,,,,,,,,,,,,,,,,,,,,,,,,,,,,,,,,,,,,,,,
2017-01-20,993.5,995.6,2017-01-20T20:41:00,983.9,2017-01-20T00:21:00,10.9,19.2,2017-01-20T02:11:00,3.8,2017-01-20T13:01:00,87,67,2017-01-20T20:32:00,4.0,16.0,14.8,229,2017-01-20T04:47:00,2.5,,,,,,,,,,,,,,,,,,,,,,100,2017-01-20T01:31:00,,,,,,,,,,,,,,,,,,,,,,,,,,,,,,,,,,,,,,,,,,,,,,,,,,,,,,,,,,,,,,,,,,,,,,,,,,
2017-01-21,994.4,996.1,2017-01-21T09:01:00,991.5,2017-01-21T00:02:00,11.7,14.6,2017-01-21T01:11:00,7.4,2017-01-21T00:02:00,79,68,2017-01-21T00:02:00,2.4,75.0,9.9,68,2017-01-21T02:24:00,0.0,,,,,,,,,,,,,,,,,,,,,,88,2017-01-21T16:31:00,,,,,,,,,,,,,,,,,,,,,,,,,,,,,,,,,,,,,,,,,,,,,,,,,,,,,,,,,,,,,,,,,,,,,,,,,,
2017-01-22,995.8,998.1,2017-01-22T09:21:00,990.6,2017-01-22T14:01:00,12.3,19.2,2017-01-22T00:33:00,8.3,2017-01-22T16:51:00,65,49,2017-01-22T12:11:00,4.3,26.0,13.2,59,2017-01-22T21:04:00,0.0,,,,,,,,,,,,,,,,,,,,,,83,2017-01-22T00:01:00,,,,,,,,,,,,,,,,,,,,,,,,,,,,,,,,,,,,,,,,,,,,,,,,,,,,,,,,,,,,,,,,,,,,,,,,,,
2017-01-23,995.6,997.1,2017-01-23T09:12:00,991.8,2017-01-23T00:01:00,12.3,19.2,2017-01-23T16:41:00,8.3,2017-01-23T00:11:00,69,63,2017-01-23T11:21:00,6.1,93.0,15.4,96,2017-01-23T09:29:00,0.0,,,,,,,,,,,,,,,,,,,,,,75,2017-01-23T02:02:00,,,,,,,,,,,,,,,,,,,,,,,,,,,,,,,,,,,,,,,,,,,,,,,,,,,,,,,,,,,,,,,,,,,,,,,,,,
2017-01-24,995.5,997.7,2017-01-24T22:11:00,989.5,2017-01-24T14:22:00,12.6,20.0,2017-01-24T10:35:00,8.3,2017-01-24T20:11:00,80,69,2017-01-24T00:21:00,5.2,87.0,13.7,86,2017-01-24T01:18:00,0.0,,,,,,,,,,,,,,,,,,,,,,89,2017-01-24T18:44:00,,,,,,,,,,,,,,,,,,,,,,,,,,,,,,,,,,,,,,,,,,,,,,,,,,,,,,,,,,,,,,,,,,,,,,,,,,
2017-01-25,995.0,997.1,2017-01-25T00:01:00,992.8,2017-01-25T00:01:00,13.2,19.8,2017-01-25T18:01:00,8.6,2017-01-25T00:01:00,86,78,2017-01-25T23:51:00,3.2,94.0,10.4,106,2017-01-25T04:18:00,0.0,,,,,,,,,,,,,,,,,,,,,,93,2017-01-25T10:40:00,,,,,,,,,,,,,,,,,,,,,,,,,,,,,,,,,,,,,,,,,,,,,,,,,,,,,,,,,,,,,,,,,,,,,,,,,,
2017-01-26,992.8,996.0,2017-01-26T08:21:00,985.0,2017-01-26T15:52:00,14.1,21.4,2017-01-26T17:01:00,8.3,2017-01-26T04:41:00,73,58,2017-01-26T13:21:00,4.1,40.0,14.8,96,2017-01-26T17:16:00,0.0,,,,,,,,,,,,,,,,,,,,,,90,2017-01-26T04:31:00,,,,,,,,,,,,,,,,,,,,,,,,,,,,,,,,,,,,,,,,,,,,,,,,,,,,,,,,,,,,,,,,,,,,,,,,,,
2017-01-27,991.3,993.0,2017-01-27T08:01:00,987.4,2017-01-27T00:01:00,16.2,20.3,2017-01-27T10:51:00,11.7,2017-01-27T00:01:00,80,59,2017-01-27T10:58:00,3.3,86.0,9.9,15,2017-01-27T15:14:00,0.0,,,,,,,,,,,,,,,,,,,,,,96,2017-01-27T23:51:00,,,,,,,,,,,,,,,,,,,,,,,,,,,,,,,,,,,,,,,,,,,,,,,,,,,,,,,,,,,,,,,,,,,,,,,,,,
2017-01-28,987.5,990.5,2017-01-28T00:01:00,985.2,2017-01-28T15:32:00,17.6,26.3,2017-01-28T19:33:00,12.2,2017-01-28T02:21:00,88,71,2017-01-28T18:21:00,2.3,3.0,7.7,332,2017-01-28T15:07:00,0.0,,,,,,,,,,,,,,,,,,,,,,100,2017-01-28T05:01:00,,,,,,,,,,,,,,,,,,,,,,,,,,,,,,,,,,,,,,,,,,,,,,,,,,,,,,,,,,,,,,,,,,,,,,,,,,
2017-01-29,986.3,988.2,2017-01-29T08:57:00,984.9,2017-01-29T15:21:00,19.7,23.7,2017-01-29T12:51:00,15.8,2017-01-29T04:01:00,79,56,2017-01-29T16:52:00,0.9,125.0,5.5,91,2017-01-29T00:31:00,0.0,,,,,,,,,,,,,,,,,,,,,,95,2017-01-29T04:14:00,,,,,,,,,,,,,,,,,,,,,,,,,,,,,,,,,,,,,,,,,,,,,,,,,,,,,,,,,,,,,,,,,,,,,,,,,,
2017-01-30,989.7,992.8,2017-01-30T19:31:00,986.1,2017-01-30T02:31:00,15.8,24.0,2017-01-30T08:51:00,11.6,2017-01-30T20:11:00,86,75,2017-01-30T00:03:00,2.9,15.0,12.1,80,2017-01-30T21:44:00,0.0,,,,,,,,,,,,,,,,,,,,,,96,2017-01-30T16:31:00,,,,,,,,,,,,,,,,,,,,,,,,,,,,,,,,,,,,,,,,,,,,,,,,,,,,,,,,,,,,,,,,,,,,,,,,,,
2017-01-31,989.5,991.8,2017-01-31T00:01:00,986.5,2017-01-31T13:31:00,14.4,21.0,2017-01-31T17:11:00,12.3,2017-01-31T02:53:00,86,76,2017-01-31T13:41:00,6.0,91.0,16.0,74,2017-01-31T10:56:00,0.0,,,,,,,,,,,,,,,,,,,,,,92,2017-01-31T21:21:00,,,,,,,,,,,,,,,,,,,,,,,,,,,,,,,,,,,,,,,,,,,,,,,,,,,,,,,,,,,,,,,,,,,,,,,,,,
2017-02-01,991.8,994.6,2017-02-01T21:31:00,988.7,2017-02-01T00:01:00,15.3,17.2,2017-02-01T10:33:00,12.2,2017-02-01T20:45:00,84,76,2017-02-01T12:14:00,3.4,56.0,11.0,97,2017-02-01T00:18:00,0.0,,,,,,,,,,,,,,,,,,,,,,93,2017-02-01T21:14:00,,,,,,,,,,,,,,,,,,,,,,,,,,,,,,,,,,,,,,,,,,,,,,,,,,,,,,,,,,,,,,,,,,,,,,,,,,
2017-02-02,992.7,995.1,2017-02-02T09:11:00,990.1,2017-02-02T22:50:00,13.7,19.2,2017-02-02T11:25:00,11.9,2017-02-02T04:56:00,79,74,2017-02-02T14:01:00,5.0,79.0,13.7,81,2017-02-02T20:33:00,0.0,,,,,,,,,,,,,,,,,,,,,,85,2017-02-02T08:11:00,,,,,,,,,,,,,,,,,,,,,,,,,,,,,,,,,,,,,,,,,,,,,,,,,,,,,,,,,,,,,,,,,,,,,,,,,,
2017-02-03,987.9,991.0,2017-02-03T08:55:00,984.9,2017-02-03T15:06:00,17.6,20.9,2017-02-03T15:11:00,13.5,2017-02-03T01:16:00,77,65,2017-02-03T15:22:00,4.1,91.0,11.5,90,2017-02-03T12:31:00,0.0,,,,,,,,,,,,,,,,,,,,,,87,2017-02-03T06:56:00,,,,,,,,,,,,,,,,,,,,,,,,,,,,,,,,,,,,,,,,,,,,,,,,,,,,,,,,,,,,,,,,,,,,,,,,,,
2017-02-04,984.3,987.2,2017-02-04T00:26:00,981.7,2017-02-04T14:52:00,17.4,21.3,2017-02-04T12:31:00,15.7,2017-02-04T18:43:00,90,70,2017-02-04T12:34:00,1.0,304.0,5.5,298,2017-02-04T14:47:00,0.0,,,,,,,,,,,,,,,,,,,,,,98,2017-02-04T19:41:00,,,,,,,,,,,,,,,,,,,,,,,,,,,,,,,,,,,,,,,,,,,,,,,,,,,,,,,,,,,,,,,,,,,,,,,,,,
2017-02-05,983.8,986.3,2017-02-05T23:31:00,981.7,2017-02-05T03:31:00,16.4,22.0,2017-02-05T06:01:00,13.6,2017-02-05T22:31:00,92,75,2017-02-05T11:27:00,2.8,298.0,11.5,56,2017-02-05T22:10:00,0.0,,,,,,,,,,,,,,,,,,,,,,100,2017-02-05T02:56:00,,,,,,,,,,,,,,,,,,,,,,,,,,,,,,,,,,,,,,,,,,,,,,,,,,,,,,,,,,,,,,,,,,,,,,,,,,
2017-02-06,986.3,988.7,2017-02-06T09:46:00,983.8,2017-02-06T03:43:00,15.6,21.1,2017-02-06T16:51:00,13.6,2017-02-06T15:21:00,70,59,2017-02-06T13:42:00,5.8,72.0,16.0,95,2017-02-06T21:13:00,0.0,,,,,,,,,,,,,,,,,,,,,,86,2017-02-06T02:17:00,,,,,,,,,,,,,,,,,,,,,,,,,,,,,,,,,,,,,,,,,,,,,,,,,,,,,,,,,,,,,,,,,,,,,,,,,,
2017-02-07,986.2,989.0,2017-02-07T09:41:00,984.1,2017-02-07T20:43:00,15.7,22.1,2017-02-07T19:22:00,14.1,2017-02-07T03:07:00,70,59,2017-02-07T11:24:00,6.0,88.0,14.8,81,2017-02-07T00:13:00,0.0,,,,,,,,,,,,,,,,,,,,,,84,2017-02-07T23:41:00,,,,,,,,,,,,,,,,,,,,,,,,,,,,,,,,,,,,,,,,,,,,,,,,,,,,,,,,,,,,,,,,,,,,,,,,,,
2017-02-08,984.7,987.4,2017-02-08T23:58:00,982.7,2017-02-08T02:02:00,15.1,18.3,2017-02-08T10:01:00,11.9,2017-02-08T23:58:00,89,74,2017-02-08T10:01:00,2.5,3.0,11.0,89,2017-02-08T00:59:00,2.0,,,,,,,,,,,,,,,,,,,,,,100,2017-02-08T17:22:00,,,,,,,,,,,,,,,,,,,,,,,,,,,,,,,,,,,,,,,,,,,,,,,,,,,,,,,,,,,,,,,,,,,,,,,,,,
2017-02-09,989.4,991.5,2017-02-09T23:13:00,987.2,2017-02-09T00:01:00,8.7,15.6,2017-02-09T07:25:00,5.5,2017-02-09T19:07:00,81,65,2017-02-09T23:44:00,3.6,14.0,12.1,4,2017-02-09T04:32:00,4.5,,,,,,,,,,,,,,,,,,,,,,100,2017-02-09T00:22:00,,,,,,,,,,,,,,,,,,,,,,,,,,,,,,,,,,,,,,,,,,,,,,,,,,,,,,,,,,,,,,,,,,,,,,,,,,
2017-02-10,992.0,994.3,2017-02-10T22:11:00,989.4,2017-02-10T03:55:00,8.8,10.5,2017-02-10T13:45:00,7.5,2017-02-10T06:21:00,64,58,2017-02-10T13:42:00,3.6,40.0,12.1,350,2017-02-10T11:36:00,0.0,,,,,,,,,,,,,,,,,,,,,,73,2017-02-10T06:53:00,,,,,,,,,,,,,,,,,,,,,,,,,,,,,,,,,,,,,,,,,,,,,,,,,,,,,,,,,,,,,,,,,,,,,,,,,,
2017-02-11,994.9,996.7,2017-02-11T09:21:00,993.5,2017-02-11T03:05:00,10.0,14.9,2017-02-11T19:51:00,8.8,2017-02-11T01:14:00,60,49,2017-02-11T12:12:00,3.4,48.0,9.9,47,2017-02-11T09:42:00,0.0,,,,,,,,,,,,,,,,,,,,,,70,2017-02-11T23:56:00,,,,,,,,,,,,,,,,,,,,,,,,,,,,,,,,,,,,,,,,,,,,,,,,,,,,,,,,,,,,,,,,,,,,,,,,,,
2017-02-12,994.7,996.1,2017-02-12T08:31:00,992.9,2017-02-12T14:41:00,12.2,18.7,2017-02-12T17:35:00,8.5,2017-02-12T07:02:00,67,58,2017-02-12T13:41:00,4.2,94.0,11.0,91,2017-02-12T11:18:00,0.0,,,,,,,,,,,,,,,,,,,,,,78,2017-02-12T06:22:00,,,,,,,,,,,,,,,,,,,,,,,,,,,,,,,,,,,,,,,,,,,,,,,,,,,,,,,,,,,,,,,,,,,,,,,,,,
2017-02-13,995.8,997.9,2017-02-13T22:41:00,993.9,2017-02-13T12:55:00,14.1,20.2,2017-02-13T21:05:00,8.9,2017-02-13T05:31:00,69,58,2017-02-13T11:21:00,5.5,95.0,14.3,81,2017-02-13T10:22:00,0.0,,,,,,,,,,,,,,,,,,,,,,79,2017-02-13T01:02:00,,,,,,,,,,,,,,,,,,,,,,,,,,,,,,,,,,,,,,,,,,,,,,,,,,,,,,,,,,,,,,,,,,,,,,,,,,
2017-02-14,997.1,999.2,2017-02-14T08:46:00,995.0,2017-02-14T15:22:00,14.7,23.7,2017-02-14T13:22:00,10.7,2017-02-14T19:52:00,60,49,2017-02-14T12:34:00,5.8,95.0,14.3,84,2017-02-14T15:10:00,0.0,,,,,,,,,,,,,,,,,,,,,,71,2017-02-14T00:51:00,,,,,,,,,,,,,,,,,,,,,,,,,,,,,,,,,,,,,,,,,,,,,,,,,,,,,,,,,,,,,,,,,,,,,,,,,,
2017-02-15,993.7,996.6,2017-02-15T09:01:00,991.1,2017-02-15T23:51:00,17.4,26.0,2017-02-15T14:01:00,11.0,2017-02-15T05:53:00,63,42,2017-02-15T12:07:00,3.3,95.0,12.6,116,2017-02-15T00:45:00,0.0,,,,,,,,,,,,,,,,,,,,,,78,2017-02-15T06:12:00,,,,,,,,,,,,,,,,,,,,,,,,,,,,,,,,,,,,,,,,,,,,,,,,,,,,,,,,,,,,,,,,,,,,,,,,,,
2017-02-16,989.8,991.7,2017-02-16T08:11:00,987.9,2017-02-16T15:21:00,17.9,22.6,2017-02-16T12:55:00,12.6,2017-02-16T05:11:00,61,35,2017-02-16T17:11:00,1.3,83.0,7.1,321,2017-02-16T15:00:00,0.0,,,,,,,,,,,,,,,,,,,,,,96,2017-02-16T06:01:00,,,,,,,,,,,,,,,,,,,,,,,,,,,,,,,,,,,,,,,,,,,,,,,,,,,,,,,,,,,,,,,,,,,,,,,,,,
2017-02-17,989.8,991.7,2017-02-17T09:33:00,988.2,2017-02-17T15:20:00,19.1,28.0,2017-02-17T14:34:00,15.1,2017-02-17T05:51:00,67,46,2017-02-17T10:51:00,1.0,1.0,7.7,300,2017-02-17T14:44:00,0.0,,,,,,,,,,,,,,,,,,,,,,83,2017-02-17T05:51:00,,,,,,,,,,,,,,,,,,,,,,,,,,,,,,,,,,,,,,,,,,,,,,,,,,,,,,,,,,,,,,,,,,,,,,,,,,
2017-02-18,991.4,992.9,2017-02-18T07:14:00,989.3,2017-02-18T14:42:00,17.4,20.0,2017-02-18T14:53:00,14.2,2017-02-18T08:05:00,85,71,2017-02-18T14:53:00,2.8,84.0,12.6,105,2017-02-18T21:10:00,0.0,,,,,,,,,,,,,,,,,,,,,,96,2017-02-18T04:14:00,,,,,,,,,,,,,,,,,,,,,,,,,,,,,,,,,,,,,,,,,,,,,,,,,,,,,,,,,,,,,,,,,,,,,,,,,,
2017-02-19,986.2,991.7,2017-02-19T00:01:00,983.0,2017-02-19T15:51:00,19.1,24.7,2017-02-19T12:31:00,15.3,2017-02-19T03:53:00,72,43,2017-02-19T12:41:00,3.3,93.0,14.3,92,2017-02-19T03:53:00,0.0,,,,,,,,,,,,,,,,,,,,,,86,2017-02-19T20:41:00,,,,,,,,,,,,,,,,,,,,,,,,,,,,,,,,,,,,,,,,,,,,,,,,,,,,,,,,,,,,,,,,,,,,,,,,,,
2017-02-20,984.7,988.8,2017-02-20T23:51:00,979.7,2017-02-20T05:41:00,18.0,23.5,2017-02-20T12:03:00,11.5,2017-02-20T05:41:00,84,60,2017-02-20T12:11:00,1.7,311.0,9.3,15,2017-02-20T20:48:00,8.5,,,,,,,,,,,,,,,,,,,,,,98,2017-02-20T14:52:00,,,,,,,,,,,,,,,,,,,,,,,,,,,,,,,,,,,,,,,,,,,,,,,,,,,,,,,,,,,,,,,,,,,,,,,,,,
2017-02-21,987.6,991.3,2017-02-21T07:31:00,984.6,2017-02-21T18:37:00,17.9,25.5,2017-02-21T16:06:00,14.6,2017-02-21T06:32:00,84,75,2017-02-21T23:51:00,5.8,86.0,17.6,89,2017-02-21T10:16:00,0.0,,,,,,,,,,,,,,,,,,,,,,93,2017-02-21T00:03:00,,,,,,,,,,,,,,,,,,,,,,,,,,,,,,,,,,,,,,,,,,,,,,,,,,,,,,,,,,,,,,,,,,,,,,,,,,
2017-02-22,984.5,987.1,2017-02-22T06:21:00,979.4,2017-02-22T15:41:00,17.2,26.8,2017-02-22T00:41:00,13.1,2017-02-22T06:14:00,96,74,2017-02-22T00:17:00,2.0,300.0,9.9,309,2017-02-22T12:08:00,15.5,,,,,,,,,,,,,,,,,,,,,,100,2017-02-22T04:08:00,,,,,,,,,,,,,,,,,,,,,,,,,,,,,,,,,,,,,,,,,,,,,,,,,,,,,,,,,,,,,,,,,,,,,,,,,,
2017-02-23,987.9,991.9,2017-02-23T20:33:00,983.9,2017-02-23T03:11:00,13.0,21.4,2017-02-23T05:20:00,9.0,2017-02-23T17:34:00,97,86,2017-02-23T10:49:00,2.9,22.0,12.1,331,2017-02-23T15:53:00,3.5,,,,,,,,,,,,,,,,,,,,,,100,2017-02-23T00:03:00,,,,,,,,,,,,,,,,,,,,,,,,,,,,,,,,,,,,,,,,,,,,,,,,,,,,,,,,,,,,,,,,,,,,,,,,,,
2017-02-24,990.8,992.8,2017-02-24T11:15:00,986.6,2017-02-24T13:26:00,10.5,16.6,2017-02-24T01:31:00,5.5,2017-02-24T16:31:00,99,94,2017-02-24T16:15:00,3.0,6.0,13.7,352,2017-02-24T11:18:00,36.0,,,,,,,,,,,,,,,,,,,,,,100,2017-02-24T02:22:00,,,,,,,,,,,,,,,,,,,,,,,,,,,,,,,,,,,,,,,,,,,,,,,,,,,,,,,,,,,,,,,,,,,,,,,,,,
2017-02-25,988.5,990.8,2017-02-25T00:01:00,982.3,2017-02-25T14:53:00,11.9,18.8,2017-02-25T12:11:00,7.8,2017-02-25T14:12:00,99,94,2017-02-25T04:45:00,2.2,25.0,9.9,22,2017-02-25T12:53:00,29.5,,,,,,,,,,,,,,,,,,,,,,100,2017-02-25T02:11:00,,,,,,,,,,,,,,,,,,,,,,,,,,,,,,,,,,,,,,,,,,,,,,,,,,,,,,,,,,,,,,,,,,,,,,,,,,
2017-02-26,990.4,992.7,2017-02-26T22:01:00,983.2,2017-02-26T02:25:00,10.9,17.4,2017-02-26T00:32:00,7.7,2017-02-26T04:36:00,94,78,2017-02-26T22:01:00,2.9,22.0,11.0,4,2017-02-26T06:07:00,15.0,,,,,,,,,,,,,,,,,,,,,,100,2017-02-26T00:13:00,,,,,,,,,,,,,,,,,,,,,,,,,,,,,,,,,,,,,,,,,,,,,,,,,,,,,,,,,,,,,,,,,,,,,,,,,,
2017-02-27,991.2,992.7,2017-02-27T08:51:00,987.8,2017-02-27T00:01:00,13.1,17.7,2017-02-27T21:41:00,8.2,2017-02-27T00:01:00,76,69,2017-02-27T12:28:00,3.5,85.0,11.0,81,2017-02-27T12:17:00,0.0,,,,,,,,,,,,,,,,,,,,,,84,2017-02-27T18:41:00,,,,,,,,,,,,,,,,,,,,,,,,,,,,,,,,,,,,,,,,,,,,,,,,,,,,,,,,,,,,,,,,,,,,,,,,,,
2017-02-28,988.7,991.5,2017-02-28T08:43:00,986.3,2017-02-28T16:11:00,12.7,18.1,2017-02-28T10:11:00,11.4,2017-02-28T03:32:00,91,73,2017-02-28T00:35:00,3.7,98.0,12.1,100,2017-02-28T01:01:00,0.0,,,,,,,,,,,,,,,,,,,,,,99,2017-02-28T09:31:00,,,,,,,,,,,,,,,,,,,,,,,,,,,,,,,,,,,,,,,,,,,,,,,,,,,,,,,,,,,,,,,,,,,,,,,,,,
2017-03-01,987.0,988.9,2017-03-01T09:01:00,983.0,2017-03-01T00:01:00,14.4,21.5,2017-03-01T17:11:00,9.0,2017-03-01T00:01:00,78,29,2017-03-01T16:31:00,1.2,337.0,7.1,344,2017-03-01T10:43:00,1.5,,,,,,,,,,,,,,,,,,,,,,100,2017-03-01T03:12:00,,,,,,,,,,,,,,,,,,,,,,,,,,,,,,,,,,,,,,,,,,,,,,,,,,,,,,,,,,,,,,,,,,,,,,,,,,
2017-03-02,988.7,990.2,2017-03-02T09:21:00,986.7,2017-03-02T03:01:00,12.6,21.1,2017-03-02T00:14:00,9.8,2017-03-02T20:12:00,68,54,2017-03-02T15:12:00,3.4,78.0,11.5,100,2017-03-02T20:57:00,0.0,,,,,,,,,,,,,,,,,,,,,,82,2017-03-02T02:03:00,,,,,,,,,,,,,,,,,,,,,,,,,,,,,,,,,,,,,,,,,,,,,,,,,,,,,,,,,,,,,,,,,,,,,,,,,,
2017-03-03,985.4,988.4,2017-03-03T00:03:00,979.5,2017-03-03T16:42:00,14.5,19.1,2017-03-03T06:31:00,6.9,2017-03-03T00:02:00,70,57,2017-03-03T11:12:00,4.0,92.0,13.2,80,2017-03-03T05:07:00,0.0,,,,,,,,,,,,,,,,,,,,,,78,2017-03-03T21:42:00,,,,,,,,,,,,,,,,,,,,,,,,,,,,,,,,,,,,,,,,,,,,,,,,,,,,,,,,,,,,,,,,,,,,,,,,,,
2017-03-04,983.4,985.1,2017-03-04T07:11:00,980.2,2017-03-04T00:02:00,16.8,24.2,2017-03-04T10:31:00,11.8,2017-03-04T00:02:00,80,62,2017-03-04T09:32:00,0.8,94.0,4.9,306,2017-03-04T11:59:00,0.5,,,,,,,,,,,,,,,,,,,,,,95,2017-03-04T23:52:00,,,,,,,,,,,,,,,,,,,,,,,,,,,,,,,,,,,,,,,,,,,,,,,,,,,,,,,,,,,,,,,,,,,,,,,,,,
2017-03-05,981.0,983.4,2017-03-05T09:31:00,975.3,2017-03-05T18:41:00,19.2,26.4,2017-03-05T10:32:00,11.9,2017-03-05T04:42:00,79,63,2017-03-05T09:12:00,1.1,69.0,7.1,255,2017-03-05T10:37:00,0.0,,,,,,,,,,,,,,,,,,,,,,98,2017-03-05T00:32:00,,,,,,,,,,,,,,,,,,,,,,,,,,,,,,,,,,,,,,,,,,,,,,,,,,,,,,,,,,,,,,,,,,,,,,,,,,
2017-03-06,984.1,986.7,2017-03-06T21:32:00,975.7,2017-03-06T00:02:00,13.1,20.2,2017-03-06T00:31:00,9.7,2017-03-06T06:27:00,93,79,2017-03-06T22:52:00,3.1,14.0,12.1,15,2017-03-06T04:10:00,19.5,,,,,,,,,,,,,,,,,,,,,,100,2017-03-06T03:03:00,,,,,,,,,,,,,,,,,,,,,,,,,,,,,,,,,,,,,,,,,,,,,,,,,,,,,,,,,,,,,,,,,,,,,,,,,,
2017-03-07,986.4,988.2,2017-03-07T09:31:00,981.2,2017-03-07T14:41:00,11.7,13.8,2017-03-07T11:34:00,6.6,2017-03-07T18:51:00,83,63,2017-03-07T10:41:00,1.9,79.0,8.2,74,2017-03-07T10:33:00,7.5,,,,,,,,,,,,,,,,,,,,,,100,2017-03-07T22:41:00,,,,,,,,,,,,,,,,,,,,,,,,,,,,,,,,,,,,,,,,,,,,,,,,,,,,,,,,,,,,,,,,,,,,,,,,,,
2017-03-08,986.9,988.4,2017-03-08T09:48:00,983.0,2017-03-08T00:02:00,12.0,19.1,2017-03-08T10:04:00,7.1,2017-03-08T00:02:00,89,77,2017-03-08T17:11:00,2.8,96.0,12.1,109,2017-03-08T19:56:00,1.5,,,,,,,,,,,,,,,,,,,,,,97,2017-03-08T21:32:00,,,,,,,,,,,,,,,,,,,,,,,,,,,,,,,,,,,,,,,,,,,,,,,,,,,,,,,,,,,,,,,,,,,,,,,,,,
2017-03-09,985.2,986.9,2017-03-09T00:01:00,979.7,2017-03-09T15:22:00,14.1,18.3,2017-03-09T01:31:00,8.9,2017-03-09T00:11:00,84,70,2017-03-09T09:11:00,5.4,93.0,13.2,91,2017-03-09T08:29:00,1.0,,,,,,,,,,,,,,,,,,,,,,97,2017-03-09T21:15:00,,,,,,,,,,,,,,,,,,,,,,,,,,,,,,,,,,,,,,,,,,,,,,,,,,,,,,,,,,,,,,,,,,,,,,,,,,
2017-03-10,982.4,985.0,2017-03-10T22:58:00,977.1,2017-03-10T18:47:00,15.7,22.7,2017-03-10T03:41:00,11.3,2017-03-10T23:06:00,98,86,2017-03-10T00:02:00,3.0,97.0,10.4,90,2017-03-10T00:03:00,31.5,,,,,,,,,,,,,,,,,,,,,,100,2017-03-10T05:12:00,,,,,,,,,,,,,,,,,,,,,,,,,,,,,,,,,,,,,,,,,,,,,,,,,,,,,,,,,,,,,,,,,,,,,,,,,,
2017-03-11,984.0,986.1,2017-03-11T21:04:00,980.6,2017-03-11T00:01:00,18.0,21.6,2017-03-11T14:12:00,11.4,2017-03-11T00:01:00,90,75,2017-03-11T14:14:00,3.6,86.0,13.2,134,2017-03-11T01:23:00,1.0,,,,,,,,,,,,,,,,,,,,,,100,2017-03-11T00:25:00,,,,,,,,,,,,,,,,,,,,,,,,,,,,,,,,,,,,,,,,,,,,,,,,,,,,,,,,,,,,,,,,,,,,,,,,,,
2017-03-12,982.5,984.6,2017-03-12T08:37:00,980.1,2017-03-12T14:42:00,19.1,28.9,2017-03-12T12:41:00,17.1,2017-03-12T06:24:00,92,65,2017-03-12T13:01:00,1.7,300.0,8.8,88,2017-03-12T00:50:00,0.0,,,,,,,,,,,,,,,,,,,,,,100,2017-03-12T07:01:00,,,,,,,,,,,,,,,,,,,,,,,,,,,,,,,,,,,,,,,,,,,,,,,,,,,,,,,,,,,,,,,,,,,,,,,,,,
2017-03-13,981.5,985.2,2017-03-13T23:34:00,977.4,2017-03-13T05:31:00,16.1,22.5,2017-03-13T05:18:00,9.8,2017-03-13T22:46:00,98,92,2017-03-13T03:04:00,2.4,349.0,11.5,11,2017-03-13T22:52:00,5.0,,,,,,,,,,,,,,,,,,,,,,100,2017-03-13T00:31:00,,,,,,,,,,,,,,,,,,,,,,,,,,,,,,,,,,,,,,,,,,,,,,,,,,,,,,,,,,,,,,,,,,,,,,,,,,
2017-03-14,988.3,990.7,2017-03-14T20:21:00,984.5,2017-03-14T00:02:00,11.4,18.2,2017-03-14T23:29:00,10.3,2017-03-14T09:41:00,87,74,2017-03-14T22:41:00,3.6,16.0,12.6,360,2017-03-14T00:02:00,5.0,,,,,,,,,,,,,,,,,,,,,,100,2017-03-14T00:02:00,,,,,,,,,,,,,,,,,,,,,,,,,,,,,,,,,,,,,,,,,,,,,,,,,,,,,,,,,,,,,,,,,,,,,,,,,,
2017-03-15,987.9,991.1,2017-03-15T08:35:00,984.5,2017-03-15T23:14:00,13.7,18.3,2017-03-15T06:41:00,11.7,2017-03-15T00:03:00,74,65,2017-03-15T12:11:00,4.5,94.0,13.2,87,2017-03-15T11:46:00,0.0,,,,,,,,,,,,,,,,,,,,,,86,2017-03-15T05:51:00,,,,,,,,,,,,,,,,,,,,,,,,,,,,,,,,,,,,,,,,,,,,,,,,,,,,,,,,,,,,,,,,,,,,,,,,,,
2017-03-16,986.0,988.4,2017-03-16T23:31:00,981.1,2017-03-16T16:17:00,14.1,20.4,2017-03-16T18:21:00,9.6,2017-03-16T16:07:00,96,77,2017-03-16T00:03:00,1.7,354.0,8.2,95,2017-03-16T00:48:00,21.0,,,,,,,,,,,,,,,,,,,,,,100,2017-03-16T05:17:00,,,,,,,,,,,,,,,,,,,,,,,,,,,,,,,,,,,,,,,,,,,,,,,,,,,,,,,,,,,,,,,,,,,,,,,,,,
2017-03-17,987.2,989.5,2017-03-17T21:23:00,985.1,2017-03-17T14:39:00,16.3,20.2,2017-03-17T11:16:00,11.2,2017-03-17T01:03:00,94,79,2017-03-17T12:11:00,2.6,85.0,9.3,75,2017-03-17T09:13:00,1.5,,,,,,,,,,,,,,,,,,,,,,100,2017-03-17T03:11:00,,,,,,,,,,,,,,,,,,,,,,,,,,,,,,,,,,,,,,,,,,,,,,,,,,,,,,,,,,,,,,,,,,,,,,,,,,
2017-03-18,987.8,989.9,2017-03-18T08:31:00,985.8,2017-03-18T14:51:00,16.6,22.9,2017-03-18T09:52:00,13.2,2017-03-18T01:22:00,98,80,2017-03-18T13:03:00,1.6,343.0,9.3,342,2017-03-18T15:35:00,2.0,,,,,,,,,,,,,,,,,,,,,,100,2017-03-18T04:37:00,,,,,,,,,,,,,,,,,,,,,,,,,,,,,,,,,,,,,,,,,,,,,,,,,,,,,,,,,,,,,,,,,,,,,,,,,,
2017-03-19,987.6,989.9,2017-03-19T07:01:00,985.7,2017-03-19T14:14:00,17.2,22.0,2017-03-19T12:31:00,14.4,2017-03-19T19:53:00,97,85,2017-03-19T11:01:00,2.0,360.0,9.9,352,2017-03-19T09:43:00,2.5,,,,,,,,,,,,,,,,,,,,,,100,2017-03-19T00:21:00,,,,,,,,,,,,,,,,,,,,,,,,,,,,,,,,,,,,,,,,,,,,,,,,,,,,,,,,,,,,,,,,,,,,,,,,,,
2017-03-20,984.1,986.3,2017-03-20T00:01:00,981.9,2017-03-20T03:51:00,19.8,24.1,2017-03-20T09:37:00,16.1,2017-03-20T05:34:00,93,77,2017-03-20T14:23:00,1.1,287.0,9.9,293,2017-03-20T04:22:00,0.0,,,,,,,,,,,,,,,,,,,,,,100,2017-03-20T00:32:00,,,,,,,,,,,,,,,,,,,,,,,,,,,,,,,,,,,,,,,,,,,,,,,,,,,,,,,,,,,,,,,,,,,,,,,,,,
2017-03-21,986.2,988.4,2017-03-21T09:26:00,984.0,2017-03-21T02:51:00,16.9,22.8,2017-03-21T09:33:00,14.6,2017-03-21T19:26:00,90,80,2017-03-21T13:52:00,3.8,90.0,14.3,90,2017-03-21T23:59:00,0.0,,,,,,,,,,,,,,,,,,,,,,100,2017-03-21T01:51:00,,,,,,,,,,,,,,,,,,,,,,,,,,,,,,,,,,,,,,,,,,,,,,,,,,,,,,,,,,,,,,,,,,,,,,,,,,
2017-03-22,983.3,986.3,2017-03-22T00:01:00,980.7,2017-03-22T15:03:00,18.6,24.1,2017-03-22T12:41:00,11.3,2017-03-22T00:00:00,86,63,2017-03-22T12:41:00,3.6,90.0,14.3,77,2017-03-22T01:36:00,5.5,,,,,,,,,,,,,,,,,,,,,,100,2017-03-22T19:51:00,,,,,,,,,,,,,,,,,,,,,,,,,,,,,,,,,,,,,,,,,,,,,,,,,,,,,,,,,,,,,,,,,,,,,,,,,,
2017-03-23,985.3,987.9,2017-03-23T21:13:00,981.3,2017-03-23T02:18:00,16.4,22.9,2017-03-23T11:42:00,12.2,2017-03-23T02:18:00,91,81,2017-03-23T06:07:00,2.5,349.0,11.0,88,2017-03-23T22:05:00,4.0,,,,,,,,,,,,,,,,,,,,,,100,2017-03-23T01:18:00,,,,,,,,,,,,,,,,,,,,,,,,,,,,,,,,,,,,,,,,,,,,,,,,,,,,,,,,,,,,,,,,,,,,,,,,,,
2017-03-24,985.0,987.8,2017-03-24T07:24:00,981.6,2017-03-24T14:09:00,18.8,25.7,2017-03-24T22:11:00,13.9,2017-03-24T04:36:00,77,59,2017-03-24T12:24:00,2.4,88.0,9.9,109,2017-03-24T08:32:00,0.0,,,,,,,,,,,,,,,,,,,,,,89,2017-03-24T05:58:00,,,,,,,,,,,,,,,,,,,,,,,,,,,,,,,,,,,,,,,,,,,,,,,,,,,,,,,,,,,,,,,,,,,,,,,,,,
2017-03-25,987.3,990.5,2017-03-25T21:21:00,983.8,2017-03-25T11:31:00,14.0,22.3,2017-03-25T04:01:00,8.4,2017-03-25T18:41:00,98,80,2017-03-25T00:31:00,3.0,8.0,9.9,7,2017-03-25T09:19:00,19.0,,,,,,,,,,,,,,,,,,,,,,100,2017-03-25T02:51:00,,,,,,,,,,,,,,,,,,,,,,,,,,,,,,,,,,,,,,,,,,,,,,,,,,,,,,,,,,,,,,,,,,,,,,,,,,
2017-03-26,991.3,993.4,2017-03-26T21:11:00,986.9,2017-03-26T13:35:00,12.4,16.8,2017-03-26T17:56:00,8.6,2017-03-26T13:35:00,89,74,2017-03-26T21:43:00,2.2,108.0,8.2,29,2017-03-26T01:13:00,10.0,,,,,,,,,,,,,,,,,,,,,,99,2017-03-26T05:11:00,,,,,,,,,,,,,,,,,,,,,,,,,,,,,,,,,,,,,,,,,,,,,,,,,,,,,,,,,,,,,,,,,,,,,,,,,,
2017-03-27,991.3,993.3,2017-03-27T00:01:00,989.1,2017-03-27T15:33:00,17.1,24.6,2017-03-27T17:28:00,11.4,2017-03-27T00:32:00,59,43,2017-03-27T12:25:00,5.1,90.0,12.6,83,2017-03-27T18:14:00,0.0,,,,,,,,,,,,,,,,,,,,,,83,2017-03-27T01:56:00,,,,,,,,,,,,,,,,,,,,,,,,,,,,,,,,,,,,,,,,,,,,,,,,,,,,,,,,,,,,,,,,,,,,,,,,,,
2017-03-28,988.4,990.7,2017-03-28T00:11:00,986.0,2017-03-28T14:36:00,19.5,29.9,2017-03-28T12:06:00,14.9,2017-03-28T07:04:00,64,41,2017-03-28T13:31:00,2.8,94.0,11.0,95,2017-03-28T00:25:00,0.0,,,,,,,,,,,,,,,,,,,,,,78,2017-03-28T23:43:00,,,,,,,,,,,,,,,,,,,,,,,,,,,,,,,,,,,,,,,,,,,,,,,,,,,,,,,,,,,,,,,,,,,,,,,,,,
2017-03-29,988.8,990.8,2017-03-29T10:31:00,987.2,2017-03-29T03:51:00,19.3,23.3,2017-03-29T13:51:00,16.2,2017-03-29T23:01:00,79,57,2017-03-29T09:44:00,1.5,108.0,8.2,331,2017-03-29T16:14:00,0.0,,,,,,,,,,,,,,,,,,,,,,97,2017-03-29T04:31:00,,,,,,,,,,,,,,,,,,,,,,,,,,,,,,,,,,,,,,,,,,,,,,,,,,,,,,,,,,,,,,,,,,,,,,,,,,
2017-03-30,986.5,989.0,2017-03-30T00:01:00,984.1,2017-03-30T23:32:00,20.7,25.0,2017-03-30T11:12:00,17.3,2017-03-30T06:01:00,79,57,2017-03-30T10:52:00,1.4,305.0,7.1,290,2017-03-30T12:45:00,0.0,,,,,,,,,,,,,,,,,,,,,,92,2017-03-30T18:21:00,,,,,,,,,,,,,,,,,,,,,,,,,,,,,,,,,,,,,,,,,,,,,,,,,,,,,,,,,,,,,,,,,,,,,,,,,,
2017-03-31,984.8,990.4,2017-03-31T22:51:00,981.1,2017-03-31T04:22:00,16.7,25.7,2017-03-31T00:45:00,7.8,2017-03-31T23:24:00,90,69,2017-03-31T10:41:00,3.3,12.0,14.3,353,2017-03-31T12:41:00,25.5,,,,,,,,,,,,,,,,,,,,,,100,2017-03-31T11:43:00,,,,,,,,,,,,,,,,,,,,,,,,,,,,,,,,,,,,,,,,,,,,,,,,,,,,,,,,,,,,,,,,,,,,,,,,,,
2017-04-01,989.5,990.7,2017-04-01T22:57:00,984.7,2017-04-01T03:55:00,13.2,20.9,2017-04-01T16:15:00,7.6,2017-04-01T03:55:00,75,50,2017-04-01T17:26:00,2.3,3.0,10.4,41,2017-04-01T00:52:00,12.5,,,,,,,,,,,,,,,,,,,,,,100,2017-04-01T05:32:00,,,,,,,,,,,,,,,,,,,,,,,,,,,,,,,,,,,,,,,,,,,,,,,,,,,,,,,,,,,,,,,,,,,,,,,,,,
2017-04-02,990.9,993.3,2017-04-02T09:11:00,989.3,2017-04-02T19:08:00,15.1,20.0,2017-04-02T14:51:00,10.4,2017-04-02T01:21:00,49,24,2017-04-02T14:46:00,3.0,88.0,10.4,96,2017-04-02T20:34:00,0.0,,,,,,,,,,,,,,,,,,,,,,75,2017-04-02T01:21:00,,,,,,,,,,,,,,,,,,,,,,,,,,,,,,,,,,,,,,,,,,,,,,,,,,,,,,,,,,,,,,,,,,,,,,,,,,
2017-04-03,989.7,992.1,2017-04-03T08:31:00,987.1,2017-04-03T15:32:00,17.5,24.3,2017-04-03T15:21:00,13.3,2017-04-03T05:01:00,52,31,2017-04-03T13:24:00,4.8,88.0,13.2,95,2017-04-03T09:48:00,0.0,,,,,,,,,,,,,,,,,,,,,,65,2017-04-03T23:51:00,,,,,,,,,,,,,,,,,,,,,,,,,,,,,,,,,,,,,,,,,,,,,,,,,,,,,,,,,,,,,,,,,,,,,,,,,,
2017-04-04,987.5,989.7,2017-04-04T06:14:00,985.2,2017-04-04T15:19:00,19.5,23.8,2017-04-04T12:01:00,16.0,2017-04-04T05:31:00,60,40,2017-04-04T11:23:00,2.1,86.0,7.7,74,2017-04-04T00:01:00,0.0,,,,,,,,,,,,,,,,,,,,,,74,2017-04-04T23:21:00,,,,,,,,,,,,,,,,,,,,,,,,,,,,,,,,,,,,,,,,,,,,,,,,,,,,,,,,,,,,,,,,,,,,,,,,,,
2017-04-05,984.9,987.6,2017-04-05T07:36:00,982.1,2017-04-05T15:22:00,21.3,28.9,2017-04-05T19:21:00,14.8,2017-04-05T00:02:00,63,42,2017-04-05T15:14:00,1.2,4.0,7.1,11,2017-04-05T12:25:00,0.0,,,,,,,,,,,,,,,,,,,,,,85,2017-04-05T06:21:00,,,,,,,,,,,,,,,,,,,,,,,,,,,,,,,,,,,,,,,,,,,,,,,,,,,,,,,,,,,,,,,,,,,,,,,,,,
2017-04-06,982.9,984.9,2017-04-06T08:41:00,981.3,2017-04-06T18:42:00,21.9,27.6,2017-04-06T07:05:00,18.2,2017-04-06T13:43:00,74,54,2017-04-06T10:32:00,1.1,114.0,6.0,309,2017-04-06T13:13:00,0.0,,,,,,,,,,,,,,,,,,,,,,88,2017-04-06T05:33:00,,,,,,,,,,,,,,,,,,,,,,,,,,,,,,,,,,,,,,,,,,,,,,,,,,,,,,,,,,,,,,,,,,,,,,,,,,
2017-04-07,982.3,984.5,2017-04-07T10:01:00,975.3,2017-04-07T03:11:00,22.3,25.1,2017-04-07T13:42:00,16.1,2017-04-07T03:21:00,87,68,2017-04-07T14:01:00,1.1,222.0,6.6,249,2017-04-07T13:25:00,0.0,,,,,,,,,,,,,,,,,,,,,,97,2017-04-07T23:51:00,,,,,,,,,,,,,,,,,,,,,,,,,,,,,,,,,,,,,,,,,,,,,,,,,,,,,,,,,,,,,,,,,,,,,,,,,,
2017-04-08,982.1,984.3,2017-04-08T08:13:00,978.6,2017-04-08T00:02:00,23.3,27.6,2017-04-08T13:41:00,17.9,2017-04-08T00:02:00,86,60,2017-04-08T10:46:00,1.4,248.0,7.7,287,2017-04-08T15:19:00,0.0,,,,,,,,,,,,,,,,,,,,,,100,2017-04-08T00:52:00,,,,,,,,,,,,,,,,,,,,,,,,,,,,,,,,,,,,,,,,,,,,,,,,,,,,,,,,,,,,,,,,,,,,,,,,,,
2017-04-09,978.1,981.6,2017-04-09T00:03:00,973.3,2017-04-09T16:32:00,25.1,33.7,2017-04-09T14:51:00,18.0,2017-04-09T04:51:00,82,54,2017-04-09T11:22:00,1.3,113.0,8.2,203,2017-04-09T16:20:00,0.0,,,,,,,,,,,,,,,,,,,,,,98,2017-04-09T01:53:00,,,,,,,,,,,,,,,,,,,,,,,,,,,,,,,,,,,,,,,,,,,,,,,,,,,,,,,,,,,,,,,,,,,,,,,,,,
2017-04-10,974.8,977.2,2017-04-10T00:01:00,972.3,2017-04-10T15:51:00,27.1,33.7,2017-04-10T15:53:00,21.5,2017-04-10T00:01:00,63,46,2017-04-10T12:32:00,3.5,242.0,16.5,225,2017-04-10T15:53:00,0.0,,,,,,,,,,,,,,,,,,,,,,78,2017-04-10T00:09:00,,,,,,,,,,,,,,,,,,,,,,,,,,,,,,,,,,,,,,,,,,,,,,,,,,,,,,,,,,,,,,,,,,,,,,,,,,
2017-04-11,978.4,982.3,2017-04-11T23:33:00,973.9,2017-04-11T02:41:00,19.2,26.2,2017-04-11T06:01:00,12.9,2017-04-11T22:08:00,89,64,2017-04-11T05:56:00,3.2,91.0,13.2,97,2017-04-11T21:26:00,23.5,,,,,,,,,,,,,,,,,,,,,,99,2017-04-11T08:24:00,,,,,,,,,,,,,,,,,,,,,,,,,,,,,,,,,,,,,,,,,,,,,,,,,,,,,,,,,,,,,,,,,,,,,,,,,,
2017-04-12,984.3,987.2,2017-04-12T21:24:00,979.4,2017-04-12T04:33:00,16.0,22.6,2017-04-12T00:47:00,12.3,2017-04-12T05:43:00,90,73,2017-04-12T23:51:00,3.3,79.0,10.4,72,2017-04-12T08:06:00,15.0,,,,,,,,,,,,,,,,,,,,,,100,2017-04-12T04:42:00,,,,,,,,,,,,,,,,,,,,,,,,,,,,,,,,,,,,,,,,,,,,,,,,,,,,,,,,,,,,,,,,,,,,,,,,,,
2017-04-13,985.7,987.3,2017-04-13T02:43:00,980.3,2017-04-13T15:22:00,17.3,22.2,2017-04-13T05:01:00,13.9,2017-04-13T15:22:00,80,63,2017-04-13T10:45:00,4.3,88.0,14.3,103,2017-04-13T09:24:00,1.0,,,,,,,,,,,,,,,,,,,,,,100,2017-04-13T23:41:00,,,,,,,,,,,,,,,,,,,,,,,,,,,,,,,,,,,,,,,,,,,,,,,,,,,,,,,,,,,,,,,,,,,,,,,,,,
2017-04-14,983.9,985.7,2017-04-14T00:17:00,982.3,2017-04-14T15:51:00,20.2,24.1,2017-04-14T01:41:00,16.6,2017-04-14T00:07:00,87,70,2017-04-14T13:51:00,0.9,115.0,3.8,209,2017-04-14T09:52:00,0.0,,,,,,,,,,,,,,,,,,,,,,99,2017-04-14T01:16:00,,,,,,,,,,,,,,,,,,,,,,,,,,,,,,,,,,,,,,,,,,,,,,,,,,,,,,,,,,,,,,,,,,,,,,,,,,
2017-04-15,983.2,985.5,2017-04-15T09:26:00,981.8,2017-04-15T03:06:00,23.1,29.5,2017-04-15T18:31:00,17.4,2017-04-15T00:09:00,85,70,2017-04-15T14:31:00,0.8,77.0,6.0,288,2017-04-15T15:14:00,0.0,,,,,,,,,,,,,,,,,,,,,,94,2017-04-15T04:21:00,,,,,,,,,,,,,,,,,,,,,,,,,,,,,,,,,,,,,,,,,,,,,,,,,,,,,,,,,,,,,,,,,,,,,,,,,,
2017-04-16,983.0,985.1,2017-04-16T09:11:00,981.7,2017-04-16T18:02:00,24.3,31.2,2017-04-16T09:32:00,19.1,2017-04-16T04:06:00,84,60,2017-04-16T12:31:00,0.9,115.0,7.7,297,2017-04-16T13:43:00,0.0,,,,,,,,,,,,,,,,,,,,,,94,2017-04-16T05:31:00,,,,,,,,,,,,,,,,,,,,,,,,,,,,,,,,,,,,,,,,,,,,,,,,,,,,,,,,,,,,,,,,,,,,,,,,,,
2017-04-17,978.8,981.8,2017-04-17T00:01:00,975.7,2017-04-17T15:44:00,25.4,32.0,2017-04-17T13:41:00,21.1,2017-04-17T04:12:00,81,56,2017-04-17T12:05:00,2.2,244.0,14.8,257,2017-04-17T12:41:00,0.0,,,,,,,,,,,,,,,,,,,,,,97,2017-04-17T23:41:00,,,,,,,,,,,,,,,,,,,,,,,,,,,,,,,,,,,,,,,,,,,,,,,,,,,,,,,,,,,,,,,,,,,,,,,,,,
2017-04-18,977.2,979.6,2017-04-18T22:01:00,975.2,2017-04-18T04:04:00,24.3,31.3,2017-04-18T01:12:00,23.1,2017-04-18T13:21:00,94,85,2017-04-18T11:21:00,2.1,241.0,12.6,238,2017-04-18T04:04:00,0.5,,,,,,,,,,,,,,,,,,,,,,99,2017-04-18T14:01:00,,,,,,,,,,,,,,,,,,,,,,,,,,,,,,,,,,,,,,,,,,,,,,,,,,,,,,,,,,,,,,,,,,,,,,,,,,
2017-04-19,979.8,982.7,2017-04-19T20:53:00,975.7,2017-04-19T06:58:00,23.9,29.1,2017-04-19T20:33:00,19.8,2017-04-19T17:12:00,93,81,2017-04-19T12:55:00,1.5,89.0,8.2,61,2017-04-19T14:19:00,1.5,,,,,,,,,,,,,,,,,,,,,,100,2017-04-19T21:12:00,,,,,,,,,,,,,,,,,,,,,,,,,,,,,,,,,,,,,,,,,,,,,,,,,,,,,,,,,,,,,,,,,,,,,,,,,,
2017-04-20,979.1,981.4,2017-04-20T00:01:00,976.8,2017-04-20T15:33:00,24.0,29.3,2017-04-20T02:01:00,19.9,2017-04-20T01:12:00,85,71,2017-04-20T16:42:00,1.9,252.0,9.9,222,2017-04-20T08:10:00,1.0,,,,,,,,,,,,,,,,,,,,,,95,2017-04-20T12:11:00,,,,,,,,,,,,,,,,,,,,,,,,,,,,,,,,,,,,,,,,,,,,,,,,,,,,,,,,,,,,,,,,,,,,,,,,,,
2017-04-21,978.5,982.3,2017-04-21T22:31:00,972.0,2017-04-21T16:52:00,22.8,32.2,2017-04-21T12:15:00,13.5,2017-04-21T22:44:00,86,65,2017-04-21T13:01:00,2.6,301.0,13.2,354,2017-04-21T19:34:00,19.5,,,,,,,,,,,,,,,,,,,,,,99,2017-04-21T17:53:00,,,,,,,,,,,,,,,,,,,,,,,,,,,,,,,,,,,,,,,,,,,,,,,,,,,,,,,,,,,,,,,,,,,,,,,,,,
2017-04-22,982.8,984.9,2017-04-22T20:53:00,979.7,2017-04-22T09:04:00,15.7,23.4,2017-04-22T00:43:00,12.3,2017-04-22T09:04:00,91,74,2017-04-22T05:34:00,2.5,53.0,8.8,5,2017-04-22T01:20:00,7.5,,,,,,,,,,,,,,,,,,,,,,99,2017-04-22T19:34:00,,,,,,,,,,,,,,,,,,,,,,,,,,,,,,,,,,,,,,,,,,,,,,,,,,,,,,,,,,,,,,,,,,,,,,,,,,
2017-04-23,983.7,985.1,2017-04-23T08:52:00,982.3,2017-04-23T04:42:00,17.8,20.1,2017-04-23T14:04:00,14.2,2017-04-23T00:01:00,65,43,2017-04-23T13:57:00,5.0,91.0,13.2,89,2017-04-23T11:14:00,0.0,,,,,,,,,,,,,,,,,,,,,,88,2017-04-23T00:01:00,,,,,,,,,,,,,,,,,,,,,,,,,,,,,,,,,,,,,,,,,,,,,,,,,,,,,,,,,,,,,,,,,,,,,,,,,,
2017-04-24,983.7,985.2,2017-04-24T10:21:00,982.1,2017-04-24T03:14:00,19.7,25.4,2017-04-24T11:32:00,15.9,2017-04-24T00:44:00,84,73,2017-04-24T00:01:00,2.3,87.0,9.3,110,2017-04-24T00:12:00,0.0,,,,,,,,,,,,,,,,,,,,,,98,2017-04-24T13:11:00,,,,,,,,,,,,,,,,,,,,,,,,,,,,,,,,,,,,,,,,,,,,,,,,,,,,,,,,,,,,,,,,,,,,,,,,,,
2017-04-25,982.3,984.1,2017-04-25T10:01:00,981.1,2017-04-25T16:21:00,22.3,28.3,2017-04-25T17:52:00,19.5,2017-04-25T05:50:00,83,64,2017-04-25T11:04:00,1.1,87.0,5.5,305,2017-04-25T16:35:00,0.0,,,,,,,,,,,,,,,,,,,,,,96,2017-04-25T18:32:00,,,,,,,,,,,,,,,,,,,,,,,,,,,,,,,,,,,,,,,,,,,,,,,,,,,,,,,,,,,,,,,,,,,,,,,,,,
2017-04-26,980.7,983.5,2017-04-26T23:01:00,978.3,2017-04-26T15:04:00,22.0,27.7,2017-04-26T12:21:00,17.9,2017-04-26T23:11:00,90,76,2017-04-26T09:12:00,1.9,252.0,13.2,349,2017-04-26T17:01:00,1.5,,,,,,,,,,,,,,,,,,,,,,100,2017-04-26T01:22:00,,,,,,,,,,,,,,,,,,,,,,,,,,,,,,,,,,,,,,,,,,,,,,,,,,,,,,,,,,,,,,,,,,,,,,,,,,
2017-04-27,983.6,986.1,2017-04-27T21:51:00,977.2,2017-04-27T02:23:00,15.7,24.9,2017-04-27T00:11:00,13.2,2017-04-27T21:34:00,94,78,2017-04-27T12:41:00,2.4,77.0,11.5,16,2017-04-27T09:13:00,20.0,,,,,,,,,,,,,,,,,,,,,,100,2017-04-27T01:14:00,,,,,,,,,,,,,,,,,,,,,,,,,,,,,,,,,,,,,,,,,,,,,,,,,,,,,,,,,,,,,,,,,,,,,,,,,,
2017-04-28,983.6,985.4,2017-04-28T07:04:00,981.1,2017-04-28T15:52:00,17.4,24.9,2017-04-28T17:32:00,14.0,2017-04-28T00:01:00,59,37,2017-04-28T09:11:00,2.9,87.0,9.9,72,2017-04-28T11:12:00,0.0,,,,,,,,,,,,,,,,,,,,,,87,2017-04-28T03:34:00,,,,,,,,,,,,,,,,,,,,,,,,,,,,,,,,,,,,,,,,,,,,,,,,,,,,,,,,,,,,,,,,,,,,,,,,,,
2017-04-29,982.7,984.4,2017-04-29T09:04:00,980.8,2017-04-29T16:12:00,19.5,25.2,2017-04-29T08:12:00,14.2,2017-04-29T05:21:00,54,27,2017-04-29T11:34:00,2.3,86.0,8.8,101,2017-04-29T09:42:00,0.0,,,,,,,,,,,,,,,,,,,,,,76,2017-04-29T05:24:00,,,,,,,,,,,,,,,,,,,,,,,,,,,,,,,,,,,,,,,,,,,,,,,,,,,,,,,,,,,,,,,,,,,,,,,,,,
2017-04-30,982.5,983.9,2017-04-30T08:33:00,981.1,2017-04-30T16:51:00,21.7,29.0,2017-04-30T09:21:00,17.8,2017-04-30T02:12:00,63,37,2017-04-30T15:52:00,1.4,101.0,7.1,316,2017-04-30T12:37:00,0.0,,,,,,,,,,,,,,,,,,,,,,79,2017-04-30T23:31:00,,,,,,,,,,,,,,,,,,,,,,,,,,,,,,,,,,,,,,,,,,,,,,,,,,,,,,,,,,,,,,,,,,,,,,,,,,
2017-05-01,982.7,984.5,2017-05-01T08:11:00,980.8,2017-05-01T16:02:00,23.3,27.6,2017-05-01T11:21:00,19.0,2017-05-01T04:31:00,66,37,2017-05-01T17:35:00,1.5,84.0,7.1,299,2017-05-01T13:25:00,0.0,,,,,,,,,,,,,,,,,,,,,,83,2017-05-01T05:21:00,,,,,,,,,,,,,,,,,,,,,,,,,,,,,,,,,,,,,,,,,,,,,,,,,,,,,,,,,,,,,,,,,,,,,,,,,,
2017-05-02,982.2,983.8,2017-05-02T08:41:00,978.0,2017-05-02T00:01:00,23.5,30.0,2017-05-02T22:12:00,19.2,2017-05-02T00:01:00,78,62,2017-05-02T11:51:00,0.9,127.0,5.5,291,2017-05-02T15:04:00,0.0,,,,,,,,,,,,,,,,,,,,,,93,2017-05-02T19:11:00,,,,,,,,,,,,,,,,,,,,,,,,,,,,,,,,,,,,,,,,,,,,,,,,,,,,,,,,,,,,,,,,,,,,,,,,,,
2017-05-03,982.2,984.1,2017-05-03T08:53:00,980.5,2017-05-03T15:21:00,24.0,30.1,2017-05-03T00:52:00,21.7,2017-05-03T22:55:00,84,70,2017-05-03T11:41:00,1.5,91.0,7.7,57,2017-05-03T16:54:00,0.0,,,,,,,,,,,,,,,,,,,,,,96,2017-05-03T23:53:00,,,,,,,,,,,,,,,,,,,,,,,,,,,,,,,,,,,,,,,,,,,,,,,,,,,,,,,,,,,,,,,,,,,,,,,,,,
2017-05-04,981.5,983.3,2017-05-04T22:02:00,980.2,2017-05-04T13:02:00,24.7,28.5,2017-05-04T04:32:00,21.6,2017-05-04T00:21:00,83,69,2017-05-04T17:31:00,1.6,115.0,8.2,343,2017-05-04T14:23:00,0.0,,,,,,,,,,,,,,,,,,,,,,96,2017-05-04T00:51:00,,,,,,,,,,,,,,,,,,,,,,,,,,,,,,,,,,,,,,,,,,,,,,,,,,,,,,,,,,,,,,,,,,,,,,,,,,
2017-05-05,983.4,986.0,2017-05-05T22:43:00,981.4,2017-05-05T02:22:00,25.4,28.0,2017-05-05T12:03:00,20.8,2017-05-05T03:12:00,83,70,2017-05-05T17:42:00,1.5,104.0,7.1,267,2017-05-05T15:03:00,0.0,,,,,,,,,,,,,,,,,,,,,,95,2017-05-05T20:51:00,,,,,,,,,,,,,,,,,,,,,,,,,,,,,,,,,,,,,,,,,,,,,,,,,,,,,,,,,,,,,,,,,,,,,,,,,,
2017-05-06,985.3,986.7,2017-05-06T09:42:00,979.0,2017-05-06T01:42:00,22.5,29.8,2017-05-06T08:22:00,15.6,2017-05-06T20:21:00,90,78,2017-05-06T11:21:00,2.1,91.0,8.2,142,2017-05-06T08:47:00,0.0,,,,,,,,,,,,,,,,,,,,,,97,2017-05-06T06:01:00,,,,,,,,,,,,,,,,,,,,,,,,,,,,,,,,,,,,,,,,,,,,,,,,,,,,,,,,,,,,,,,,,,,,,,,,,,
2017-05-07,984.5,986.1,2017-05-07T00:01:00,981.2,2017-05-07T00:02:00,22.1,24.7,2017-05-07T11:41:00,16.5,2017-05-07T00:02:00,83,73,2017-05-07T11:44:00,3.9,96.0,12.6,96,2017-05-07T18:14:00,0.0,,,,,,,,,,,,,,,,,,,,,,94,2017-05-07T04:31:00,,,,,,,,,,,,,,,,,,,,,,,,,,,,,,,,,,,,,,,,,,,,,,,,,,,,,,,,,,,,,,,,,,,,,,,,,,
2017-05-08,981.0,983.8,2017-05-08T00:01:00,973.6,2017-05-08T17:01:00,24.7,33.0,2017-05-08T10:53:00,16.2,2017-05-08T04:41:00,79,62,2017-05-08T11:22:00,1.6,293.0,7.7,207,2017-05-08T09:06:00,0.0,,,,,,,,,,,,,,,,,,,,,,90,2017-05-08T23:21:00,,,,,,,,,,,,,,,,,,,,,,,,,,,,,,,,,,,,,,,,,,,,,,,,,,,,,,,,,,,,,,,,,,,,,,,,,,
2017-05-09,981.3,983.9,2017-05-09T22:01:00,973.4,2017-05-09T05:12:00,23.9,25.6,2017-05-09T17:12:00,17.5,2017-05-09T06:22:00,87,71,2017-05-09T17:12:00,1.6,243.0,11.0,315,2017-05-09T06:09:00,2.5,,,,,,,,,,,,,,,,,,,,,,98,2017-05-09T07:16:00,,,,,,,,,,,,,,,,,,,,,,,,,,,,,,,,,,,,,,,,,,,,,,,,,,,,,,,,,,,,,,,,,,,,,,,,,,
2017-05-10,983.4,985.0,2017-05-10T21:11:00,978.4,2017-05-10T00:01:00,26.2,30.9,2017-05-10T14:01:00,18.1,2017-05-10T00:01:00,78,56,2017-05-10T13:43:00,2.5,89.0,8.2,88,2017-05-10T08:59:00,0.0,,,,,,,,,,,,,,,,,,,,,,94,2017-05-10T00:41:00,,,,,,,,,,,,,,,,,,,,,,,,,,,,,,,,,,,,,,,,,,,,,,,,,,,,,,,,,,,,,,,,,,,,,,,,,,
2017-05-11,983.4,985.0,2017-05-11T09:21:00,982.1,2017-05-11T16:12:00,26.7,32.2,2017-05-11T18:31:00,24.4,2017-05-11T05:41:00,76,53,2017-05-11T16:31:00,1.4,304.0,8.2,291,2017-05-11T12:31:00,0.0,,,,,,,,,,,,,,,,,,,,,,92,2017-05-11T06:34:00,,,,,,,,,,,,,,,,,,,,,,,,,,,,,,,,,,,,,,,,,,,,,,,,,,,,,,,,,,,,,,,,,,,,,,,,,,
2017-05-12,979.9,982.3,2017-05-12T00:01:00,977.8,2017-05-12T16:01:00,25.6,32.7,2017-05-12T16:13:00,23.0,2017-05-12T21:21:00,84,73,2017-05-12T01:21:00,1.3,115.0,7.7,251,2017-05-12T17:28:00,0.0,,,,,,,,,,,,,,,,,,,,,,97,2017-05-12T23:51:00,,,,,,,,,,,,,,,,,,,,,,,,,,,,,,,,,,,,,,,,,,,,,,,,,,,,,,,,,,,,,,,,,,,,,,,,,,
2017-05-13,979.0,981.4,2017-05-13T22:24:00,973.4,2017-05-13T07:11:00,23.7,26.5,2017-05-13T03:21:00,18.5,2017-05-13T07:11:00,94,83,2017-05-13T12:29:00,1.9,20.0,10.4,238,2017-05-13T04:08:00,6.0,,,,,,,,,,,,,,,,,,,,,,99,2017-05-13T08:01:00,,,,,,,,,,,,,,,,,,,,,,,,,,,,,,,,,,,,,,,,,,,,,,,,,,,,,,,,,,,,,,,,,,,,,,,,,,
2017-05-14,980.3,982.1,2017-05-14T09:02:00,978.5,2017-05-14T16:14:00,24.4,31.9,2017-05-14T11:32:00,21.9,2017-05-14T01:42:00,84,64,2017-05-14T16:23:00,1.7,98.0,7.1,288,2017-05-14T14:01:00,0.0,,,,,,,,,,,,,,,,,,,,,,97,2017-05-14T06:01:00,,,,,,,,,,,,,,,,,,,,,,,,,,,,,,,,,,,,,,,,,,,,,,,,,,,,,,,,,,,,,,,,,,,,,,,,,,
2017-05-15,979.5,981.0,2017-05-15T06:21:00,972.9,2017-05-15T15:42:00,24.0,30.2,2017-05-15T04:22:00,16.1,2017-05-15T23:31:00,85,64,2017-05-15T10:11:00,1.7,4.0,13.2,213,2017-05-15T15:43:00,30.5,,,,,,,,,,,,,,,,,,,,,,100,2017-05-15T16:15:00,,,,,,,,,,,,,,,,,,,,,,,,,,,,,,,,,,,,,,,,,,,,,,,,,,,,,,,,,,,,,,,,,,,,,,,,,,
2017-05-16,978.2,979.7,2017-05-16T00:09:00,972.7,2017-05-16T14:35:00,19.5,26.6,2017-05-16T08:50:00,14.6,2017-05-16T04:32:00,98,90,2017-05-16T15:56:00,1.4,113.0,6.6,49,2017-05-16T11:25:00,42.0,,,,,,,,,,,,,,,,,,,,,,100,2017-05-16T06:22:00,,,,,,,,,,,,,,,,,,,,,,,,,,,,,,,,,,,,,,,,,,,,,,,,,,,,,,,,,,,,,,,,,,,,,,,,,,
2017-05-17,979.4,981.7,2017-05-17T21:24:00,972.2,2017-05-17T02:14:00,21.2,24.8,2017-05-17T12:41:00,14.7,2017-05-17T02:14:00,85,64,2017-05-17T11:31:00,3.3,94.0,11.0,88,2017-05-17T21:17:00,2.0,,,,,,,,,,,,,,,,,,,,,,100,2017-05-17T00:42:00,,,,,,,,,,,,,,,,,,,,,,,,,,,,,,,,,,,,,,,,,,,,,,,,,,,,,,,,,,,,,,,,,,,,,,,,,,
2017-05-18,981.6,983.0,2017-05-18T21:31:00,979.9,2017-05-18T01:22:00,23.5,29.7,2017-05-18T08:25:00,21.0,2017-05-18T00:08:00,77,65,2017-05-18T12:26:00,5.4,86.0,13.2,84,2017-05-18T10:31:00,0.0,,,,,,,,,,,,,,,,,,,,,,93,2017-05-18T01:43:00,,,,,,,,,,,,,,,,,,,,,,,,,,,,,,,,,,,,,,,,,,,,,,,,,,,,,,,,,,,,,,,,,,,,,,,,,,
2017-05-19,981.2,982.8,2017-05-19T08:23:00,974.9,2017-05-19T17:36:00,22.6,28.4,2017-05-19T03:31:00,16.3,2017-05-19T17:36:00,84,73,2017-05-19T11:43:00,3.9,92.0,11.0,88,2017-05-19T00:30:00,2.0,,,,,,,,,,,,,,,,,,,,,,97,2017-05-19T19:21:00,,,,,,,,,,,,,,,,,,,,,,,,,,,,,,,,,,,,,,,,,,,,,,,,,,,,,,,,,,,,,,,,,,,,,,,,,,
2017-05-20,978.2,980.3,2017-05-20T00:01:00,976.8,2017-05-20T16:01:00,23.1,27.3,2017-05-20T13:05:00,20.2,2017-05-20T05:13:00,81,65,2017-05-20T13:13:00,3.5,97.0,10.4,99,2017-05-20T22:22:00,1.0,,,,,,,,,,,,,,,,,,,,,,95,2017-05-20T04:37:00,,,,,,,,,,,,,,,,,,,,,,,,,,,,,,,,,,,,,,,,,,,,,,,,,,,,,,,,,,,,,,,,,,,,,,,,,,
2017-05-21,977.4,978.6,2017-05-21T21:21:00,976.1,2017-05-21T01:21:00,23.7,28.1,2017-05-21T21:25:00,21.6,2017-05-21T04:02:00,86,76,2017-05-21T12:51:00,4.2,94.0,11.5,109,2017-05-21T23:02:00,0.0,,,,,,,,,,,,,,,,,,,,,,97,2017-05-21T21:25:00,,,,,,,,,,,,,,,,,,,,,,,,,,,,,,,,,,,,,,,,,,,,,,,,,,,,,,,,,,,,,,,,,,,,,,,,,,
2017-05-22,978.0,979.2,2017-05-22T09:43:00,976.4,2017-05-22T01:57:00,24.7,33.4,2017-05-22T12:21:00,20.9,2017-05-22T18:13:00,82,72,2017-05-22T12:44:00,3.0,94.0,9.9,94,2017-05-22T01:40:00,0.0,,,,,,,,,,,,,,,,,,,,,,90,2017-05-22T00:09:00,,,,,,,,,,,,,,,,,,,,,,,,,,,,,,,,,,,,,,,,,,,,,,,,,,,,,,,,,,,,,,,,,,,,,,,,,,
2017-05-23,977.6,979.2,2017-05-23T09:21:00,975.8,2017-05-23T17:05:00,25.6,31.0,2017-05-23T05:21:00,21.6,2017-05-23T23:43:00,85,74,2017-05-23T16:16:00,1.4,242.0,7.1,236,2017-05-23T11:20:00,0.0,,,,,,,,,,,,,,,,,,,,,,94,2017-05-23T05:42:00,,,,,,,,,,,,,,,,,,,,,,,,,,,,,,,,,,,,,,,,,,,,,,,,,,,,,,,,,,,,,,,,,,,,,,,,,,
2017-05-24,976.2,979.2,2017-05-24T22:12:00,970.0,2017-05-24T16:27:00,24.8,33.2,2017-05-24T13:31:00,16.1,2017-05-24T19:31:00,88,70,2017-05-24T13:22:00,2.2,251.0,12.6,241,2017-05-24T11:37:00,26.5,,,,,,,,,,,,,,,,,,,,,,100,2017-05-24T19:44:00,,,,,,,,,,,,,,,,,,,,,,,,,,,,,,,,,,,,,,,,,,,,,,,,,,,,,,,,,,,,,,,,,,,,,,,,,,
2017-05-25,978.8,981.0,2017-05-25T21:32:00,976.9,2017-05-25T02:53:00,20.9,27.0,2017-05-25T09:41:00,18.9,2017-05-25T22:51:00,94,84,2017-05-25T15:01:00,1.5,19.0,6.0,43,2017-05-25T11:05:00,4.0,,,,,,,,,,,,,,,,,,,,,,99,2017-05-25T01:21:00,,,,,,,,,,,,,,,,,,,,,,,,,,,,,,,,,,,,,,,,,,,,,,,,,,,,,,,,,,,,,,,,,,,,,,,,,,
2017-05-26,979.9,981.7,2017-05-26T21:11:00,978.6,2017-05-26T04:24:00,21.6,28.3,2017-05-26T20:01:00,20.0,2017-05-26T01:31:00,80,66,2017-05-26T11:13:00,3.2,83.0,11.0,82,2017-05-26T17:49:00,0.0,,,,,,,,,,,,,,,,,,,,,,95,2017-05-26T01:21:00,,,,,,,,,,,,,,,,,,,,,,,,,,,,,,,,,,,,,,,,,,,,,,,,,,,,,,,,,,,,,,,,,,,,,,,,,,
2017-05-27,979.5,981.2,2017-05-27T12:55:00,977.8,2017-05-27T04:22:00,20.9,23.6,2017-05-27T13:47:00,18.0,2017-05-27T19:51:00,83,66,2017-05-27T09:28:00,5.9,92.0,13.7,93,2017-05-27T01:29:00,1.5,,,,,,,,,,,,,,,,,,,,,,98,2017-05-27T15:11:00,,,,,,,,,,,,,,,,,,,,,,,,,,,,,,,,,,,,,,,,,,,,,,,,,,,,,,,,,,,,,,,,,,,,,,,,,,
2017-05-28,978.8,980.0,2017-05-28T10:41:00,977.5,2017-05-28T16:11:00,22.0,29.0,2017-05-28T16:21:00,20.1,2017-05-28T00:02:00,87,80,2017-05-28T11:32:00,5.8,90.0,14.8,86,2017-05-28T13:50:00,0.0,,,,,,,,,,,,,,,,,,,,,,95,2017-05-28T22:51:00,,,,,,,,,,,,,,,,,,,,,,,,,,,,,,,,,,,,,,,,,,,,,,,,,,,,,,,,,,,,,,,,,,,,,,,,,,
2017-05-29,979.2,981.0,2017-05-29T08:01:00,977.2,2017-05-29T16:44:00,24.3,31.0,2017-05-29T10:33:00,21.0,2017-05-29T00:11:00,85,72,2017-05-29T14:02:00,5.5,88.0,14.3,70,2017-05-29T17:51:00,0.0,,,,,,,,,,,,,,,,,,,,,,98,2017-05-29T05:22:00,,,,,,,,,,,,,,,,,,,,,,,,,,,,,,,,,,,,,,,,,,,,,,,,,,,,,,,,,,,,,,,,,,,,,,,,,,
2017-05-30,978.7,980.2,2017-05-30T06:32:00,976.9,2017-05-30T23:52:00,25.1,33.2,2017-05-30T12:23:00,23.3,2017-05-30T21:01:00,86,71,2017-05-30T10:04:00,1.4,126.0,8.2,91,2017-05-30T02:04:00,0.0,,,,,,,,,,,,,,,,,,,,,,98,2017-05-30T20:51:00,,,,,,,,,,,,,,,,,,,,,,,,,,,,,,,,,,,,,,,,,,,,,,,,,,,,,,,,,,,,,,,,,,,,,,,,,,
2017-05-31,974.9,977.1,2017-05-31T00:03:00,972.5,2017-05-31T15:52:00,26.3,30.3,2017-05-31T13:44:00,23.3,2017-05-31T07:24:00,85,63,2017-05-31T14:41:00,2.2,245.0,10.4,221,2017-05-31T12:20:00,0.0,,,,,,,,,,,,,,,,,,,,,,100,2017-05-31T03:43:00,,,,,,,,,,,,,,,,,,,,,,,,,,,,,,,,,,,,,,,,,,,,,,,,,,,,,,,,,,,,,,,,,,,,,,,,,,
2017-06-01,971.8,973.9,2017-06-01T06:47:00,969.2,2017-06-01T15:51:00,27.8,31.8,2017-06-01T05:21:00,24.0,2017-06-01T01:21:00,75,58,2017-06-01T13:42:00,4.0,244.0,16.5,256,2017-06-01T14:24:00,0.0,,,,,,,,,,,,,,,,,,,,,,86,2017-06-01T05:33:00,,,,,,,,,,,,,,,,,,,,,,,,,,,,,,,,,,,,,,,,,,,,,,,,,,,,,,,,,,,,,,,,,,,,,,,,,,
2017-06-02,971.9,975.3,2017-06-02T22:38:00,964.5,2017-06-02T04:02:00,24.3,27.8,2017-06-02T09:11:00,18.0,2017-06-02T22:49:00,95,78,2017-06-02T00:09:00,2.6,3.0,17.1,255,2017-06-02T02:36:00,161.5,,,,,,,,,,,,,,,,,,,,,,100,2017-06-02T12:00:00,,,,,,,,,,,,,,,,,,,,,,,,,,,,,,,,,,,,,,,,,,,,,,,,,,,,,,,,,,,,,,,,,,,,,,,,,,
2017-06-03,974.2,975.6,2017-06-03T09:21:00,967.9,2017-06-03T16:09:00,23.1,29.0,2017-06-03T18:51:00,17.8,2017-06-03T19:37:00,99,91,2017-06-03T23:56:00,1.8,92.0,9.3,132,2017-06-03T20:00:00,122.5,,,,,,,,,,,,,,,,,,,,,,100,2017-06-03T02:18:00,,,,,,,,,,,,,,,,,,,,,,,,,,,,,,,,,,,,,,,,,,,,,,,,,,,,,,,,,,,,,,,,,,,,,,,,,,
2017-06-04,975.7,978.8,2017-06-04T22:17:00,967.5,2017-06-04T01:51:00,24.0,30.3,2017-06-04T23:41:00,18.1,2017-06-04T01:41:00,98,83,2017-06-04T00:12:00,1.4,303.0,7.7,242,2017-06-04T08:21:00,35.0,,,,,,,,,,,,,,,,,,,,,,100,2017-06-04T05:07:00,,,,,,,,,,,,,,,,,,,,,,,,,,,,,,,,,,,,,,,,,,,,,,,,,,,,,,,,,,,,,,,,,,,,,,,,,,
2017-06-05,978.6,980.7,2017-06-05T22:51:00,972.8,2017-06-05T00:01:00,25.2,31.9,2017-06-05T14:32:00,18.4,2017-06-05T00:01:00,95,86,2017-06-05T13:41:00,0.9,299.0,6.6,296,2017-06-05T13:56:00,0.0,,,,,,,,,,,,,,,,,,,,,,100,2017-06-05T01:51:00,,,,,,,,,,,,,,,,,,,,,,,,,,,,,,,,,,,,,,,,,,,,,,,,,,,,,,,,,,,,,,,,,,,,,,,,,,
2017-06-06,980.1,981.4,2017-06-06T21:11:00,972.5,2017-06-06T15:02:00,27.2,35.1,2017-06-06T08:52:00,19.6,2017-06-06T04:12:00,87,71,2017-06-06T13:01:00,1.3,118.0,8.8,315,2017-06-06T14:14:00,0.0,,,,,,,,,,,,,,,,,,,,,,96,2017-06-06T22:01:00,,,,,,,,,,,,,,,,,,,,,,,,,,,,,,,,,,,,,,,,,,,,,,,,,,,,,,,,,,,,,,,,,,,,,,,,,,
2017-06-07,980.4,982.2,2017-06-07T21:52:00,974.9,2017-06-07T00:02:00,28.1,31.8,2017-06-07T15:22:00,21.8,2017-06-07T00:02:00,82,59,2017-06-07T15:53:00,1.7,244.0,11.0,313,2017-06-07T14:17:00,0.0,,,,,,,,,,,,,,,,,,,,,,95,2017-06-07T05:02:00,,,,,,,,,,,,,,,,,,,,,,,,,,,,,,,,,,,,,,,,,,,,,,,,,,,,,,,,,,,,,,,,,,,,,,,,,,
2017-06-08,980.8,981.9,2017-06-08T06:51:00,979.2,2017-06-08T15:51:00,27.5,30.5,2017-06-08T16:24:00,24.8,2017-06-08T04:03:00,85,67,2017-06-08T13:31:00,1.4,8.0,8.8,295,2017-06-08T14:23:00,0.0,,,,,,,,,,,,,,,,,,,,,,96,2017-06-08T03:11:00,,,,,,,,,,,,,,,,,,,,,,,,,,,,,,,,,,,,,,,,,,,,,,,,,,,,,,,,,,,,,,,,,,,,,,,,,,
2017-06-09,980.0,981.3,2017-06-09T22:02:00,978.5,2017-06-09T17:01:00,27.5,35.0,2017-06-09T14:51:00,25.1,2017-06-09T02:34:00,84,69,2017-06-09T17:11:00,1.6,294.0,8.8,301,2017-06-09T12:36:00,0.0,,,,,,,,,,,,,,,,,,,,,,97,2017-06-09T01:01:00,,,,,,,,,,,,,,,,,,,,,,,,,,,,,,,,,,,,,,,,,,,,,,,,,,,,,,,,,,,,,,,,,,,,,,,,,,
2017-06-10,978.8,980.2,2017-06-10T00:21:00,977.4,2017-06-10T15:22:00,28.2,30.9,2017-06-10T13:02:00,26.2,2017-06-10T04:21:00,81,68,2017-06-10T11:01:00,1.5,110.0,9.9,311,2017-06-10T14:19:00,0.0,,,,,,,,,,,,,,,,,,,,,,91,2017-06-10T21:56:00,,,,,,,,,,,,,,,,,,,,,,,,,,,,,,,,,,,,,,,,,,,,,,,,,,,,,,,,,,,,,,,,,,,,,,,,,,
2017-06-11,978.0,979.6,2017-06-11T22:06:00,976.7,2017-06-11T02:51:00,27.5,31.8,2017-06-11T11:32:00,22.8,2017-06-11T19:15:00,86,69,2017-06-11T11:42:00,1.6,141.0,9.9,249,2017-06-11T09:22:00,2.0,,,,,,,,,,,,,,,,,,,,,,100,2017-06-11T04:48:00,,,,,,,,,,,,,,,,,,,,,,,,,,,,,,,,,,,,,,,,,,,,,,,,,,,,,,,,,,,,,,,,,,,,,,,,,,
2017-06-12,978.8,980.7,2017-06-12T23:12:00,973.5,2017-06-12T18:16:00,26.5,31.3,2017-06-12T17:34:00,18.7,2017-06-12T18:16:00,89,76,2017-06-12T09:24:00,1.6,118.0,8.2,300,2017-06-12T13:46:00,20.0,,,,,,,,,,,,,,,,,,,,,,98,2017-06-12T03:43:00,,,,,,,,,,,,,,,,,,,,,,,,,,,,,,,,,,,,,,,,,,,,,,,,,,,,,,,,,,,,,,,,,,,,,,,,,,
2017-06-13,978.7,980.5,2017-06-13T00:03:00,975.3,2017-06-13T15:52:00,26.7,30.7,2017-06-13T10:51:00,23.3,2017-06-13T15:52:00,86,67,2017-06-13T10:12:00,1.3,158.0,8.2,8,2017-06-13T15:14:00,3.5,,,,,,,,,,,,,,,,,,,,,,100,2017-06-13T00:51:00,,,,,,,,,,,,,,,,,,,,,,,,,,,,,,,,,,,,,,,,,,,,,,,,,,,,,,,,,,,,,,,,,,,,,,,,,,
2017-06-14,977.6,979.9,2017-06-14T21:51:00,970.0,2017-06-14T12:24:00,23.7,26.9,2017-06-14T06:09:00,17.1,2017-06-14T19:35:00,95,77,2017-06-14T06:09:00,2.4,9.0,16.5,252,2017-06-14T09:38:00,100.0,,,,,,,,,,,,,,,,,,,,,,100,2017-06-14T20:28:00,,,,,,,,,,,,,,,,,,,,,,,,,,,,,,,,,,,,,,,,,,,,,,,,,,,,,,,,,,,,,,,,,,,,,,,,,,
2017-06-15,978.4,979.7,2017-06-15T09:21:00,972.4,2017-06-15T17:47:00,21.1,28.3,2017-06-15T01:31:00,14.7,2017-06-15T09:21:00,99,93,2017-06-15T09:21:00,2.5,107.0,7.7,107,2017-06-15T15:36:00,38.5,,,,,,,,,,,,,,,,,,,,,,100,2017-06-15T00:01:00,,,,,,,,,,,,,,,,,,,,,,,,,,,,,,,,,,,,,,,,,,,,,,,,,,,,,,,,,,,,,,,,,,,,,,,,,,
2017-06-16,975.7,977.7,2017-06-16T00:01:00,969.0,2017-06-16T16:31:00,23.3,28.7,2017-06-16T13:01:00,16.3,2017-06-16T00:57:00,96,83,2017-06-16T20:41:00,2.0,306.0,12.1,241,2017-06-16T19:01:00,50.0,,,,,,,,,,,,,,,,,,,,,,100,2017-06-16T01:11:00,,,,,,,,,,,,,,,,,,,,,,,,,,,,,,,,,,,,,,,,,,,,,,,,,,,,,,,,,,,,,,,,,,,,,,,,,,
2017-06-17,974.9,978.1,2017-06-17T21:54:00,968.3,2017-06-17T03:12:00,22.4,24.4,2017-06-17T10:32:00,15.4,2017-06-17T19:24:00,99,94,2017-06-17T16:51:00,2.0,113.0,9.9,316,2017-06-17T07:53:00,62.5,,,,,,,,,,,,,,,,,,,,,,100,2017-06-17T00:26:00,,,,,,,,,,,,,,,,,,,,,,,,,,,,,,,,,,,,,,,,,,,,,,,,,,,,,,,,,,,,,,,,,,,,,,,,,,
2017-06-18,976.2,977.7,2017-06-18T22:07:00,970.0,2017-06-18T15:37:00,22.9,28.1,2017-06-18T16:56:00,16.3,2017-06-18T07:21:00,96,87,2017-06-18T20:11:00,2.1,97.0,11.5,251,2017-06-18T17:59:00,29.0,,,,,,,,,,,,,,,,,,,,,,100,2017-06-18T00:11:00,,,,,,,,,,,,,,,,,,,,,,,,,,,,,,,,,,,,,,,,,,,,,,,,,,,,,,,,,,,,,,,,,,,,,,,,,,
2017-06-19,975.9,977.2,2017-06-19T10:44:00,974.1,2017-06-19T15:03:00,25.3,32.6,2017-06-19T16:41:00,22.6,2017-06-19T00:52:00,88,71,2017-06-19T13:13:00,1.4,81.0,12.6,248,2017-06-19T11:24:00,3.0,,,,,,,,,,,,,,,,,,,,,,100,2017-06-19T07:32:00,,,,,,,,,,,,,,,,,,,,,,,,,,,,,,,,,,,,,,,,,,,,,,,,,,,,,,,,,,,,,,,,,,,,,,,,,,
2017-06-20,974.3,976.2,2017-06-20T22:15:00,972.9,2017-06-20T16:02:00,27.5,30.9,2017-06-20T12:41:00,22.2,2017-06-20T01:22:00,72,52,2017-06-20T12:41:00,2.7,241.0,14.3,253,2017-06-20T10:42:00,0.0,,,,,,,,,,,,,,,,,,,,,,98,2017-06-20T03:22:00,,,,,,,,,,,,,,,,,,,,,,,,,,,,,,,,,,,,,,,,,,,,,,,,,,,,,,,,,,,,,,,,,,,,,,,,,,
2017-06-21,976.3,979.4,2017-06-21T22:39:00,974.6,2017-06-21T02:12:00,27.6,33.9,2017-06-21T20:51:00,21.5,2017-06-21T03:17:00,77,58,2017-06-21T12:14:00,1.8,244.0,10.4,216,2017-06-21T14:31:00,0.0,,,,,,,,,,,,,,,,,,,,,,88,2017-06-21T06:23:00,,,,,,,,,,,,,,,,,,,,,,,,,,,,,,,,,,,,,,,,,,,,,,,,,,,,,,,,,,,,,,,,,,,,,,,,,,
2017-06-22,978.3,979.9,2017-06-22T22:01:00,977.1,2017-06-22T03:22:00,28.2,34.1,2017-06-22T20:55:00,24.3,2017-06-22T03:42:00,79,61,2017-06-22T10:32:00,1.4,244.0,11.0,244,2017-06-22T14:51:00,0.0,,,,,,,,,,,,,,,,,,,,,,94,2017-06-22T03:51:00,,,,,,,,,,,,,,,,,,,,,,,,,,,,,,,,,,,,,,,,,,,,,,,,,,,,,,,,,,,,,,,,,,,,,,,,,,
2017-06-23,977.6,979.6,2017-06-23T00:01:00,975.8,2017-06-23T15:51:00,28.2,32.0,2017-06-23T02:52:00,25.8,2017-06-23T03:02:00,79,66,2017-06-23T09:33:00,1.8,304.0,9.3,254,2017-06-23T18:22:00,0.0,,,,,,,,,,,,,,,,,,,,,,89,2017-06-23T05:12:00,,,,,,,,,,,,,,,,,,,,,,,,,,,,,,,,,,,,,,,,,,,,,,,,,,,,,,,,,,,,,,,,,,,,,,,,,,
2017-06-24,975.5,977.2,2017-06-24T00:03:00,973.8,2017-06-24T16:00:00,28.5,35.4,2017-06-24T21:02:00,25.9,2017-06-24T03:03:00,74,64,2017-06-24T18:52:00,2.7,247.0,12.1,224,2017-06-24T12:45:00,0.0,,,,,,,,,,,,,,,,,,,,,,88,2017-06-24T03:03:00,,,,,,,,,,,,,,,,,,,,,,,,,,,,,,,,,,,,,,,,,,,,,,,,,,,,,,,,,,,,,,,,,,,,,,,,,,
2017-06-25,975.3,977.2,2017-06-25T22:01:00,974.1,2017-06-25T03:31:00,28.5,34.3,2017-06-25T19:14:00,26.4,2017-06-25T02:15:00,73,63,2017-06-25T14:21:00,3.1,247.0,15.4,252,2017-06-25T14:28:00,0.0,,,,,,,,,,,,,,,,,,,,,,80,2017-06-25T18:57:00,,,,,,,,,,,,,,,,,,,,,,,,,,,,,,,,,,,,,,,,,,,,,,,,,,,,,,,,,,,,,,,,,,,,,,,,,,
2017-06-26,977.2,980.0,2017-06-26T22:51:00,975.5,2017-06-26T14:42:00,28.7,32.1,2017-06-26T11:51:00,25.4,2017-06-26T23:12:00,74,59,2017-06-26T11:24:00,2.8,240.0,12.6,250,2017-06-26T13:41:00,0.0,,,,,,,,,,,,,,,,,,,,,,94,2017-06-26T22:31:00,,,,,,,,,,,,,,,,,,,,,,,,,,,,,,,,,,,,,,,,,,,,,,,,,,,,,,,,,,,,,,,,,,,,,,,,,,
2017-06-27,979.5,981.7,2017-06-27T21:54:00,978.1,2017-06-27T01:31:00,27.8,35.4,2017-06-27T12:31:00,25.4,2017-06-27T22:33:00,82,66,2017-06-27T12:51:00,1.9,240.0,10.4,226,2017-06-27T13:51:00,0.0,,,,,,,,,,,,,,,,,,,,,,97,2017-06-27T19:01:00,,,,,,,,,,,,,,,,,,,,,,,,,,,,,,,,,,,,,,,,,,,,,,,,,,,,,,,,,,,,,,,,,,,,,,,,,,
2017-06-28,980.3,982.1,2017-06-28T22:01:00,978.8,2017-06-28T15:51:00,28.0,31.0,2017-06-28T16:01:00,23.1,2017-06-28T02:31:00,81,68,2017-06-28T16:51:00,1.3,308.0,7.1,299,2017-06-28T12:56:00,0.0,,,,,,,,,,,,,,,,,,,,,,93,2017-06-28T04:54:00,,,,,,,,,,,,,,,,,,,,,,,,,,,,,,,,,,,,,,,,,,,,,,,,,,,,,,,,,,,,,,,,,,,,,,,,,,
2017-06-29,979.8,981.4,2017-06-29T00:03:00,977.9,2017-06-29T15:21:00,27.7,31.1,2017-06-29T13:22:00,24.4,2017-06-29T12:01:00,81,68,2017-06-29T14:43:00,1.5,298.0,8.8,289,2017-06-29T14:28:00,0.0,,,,,,,,,,,,,,,,,,,,,,90,2017-06-29T04:01:00,,,,,,,,,,,,,,,,,,,,,,,,,,,,,,,,,,,,,,,,,,,,,,,,,,,,,,,,,,,,,,,,,,,,,,,,,,
2017-06-30,979.1,980.2,2017-06-30T07:21:00,977.4,2017-06-30T15:31:00,27.5,32.7,2017-06-30T01:21:00,24.6,2017-06-30T23:11:00,80,56,2017-06-30T09:41:00,1.1,119.0,7.1,295,2017-06-30T12:52:00,1.5,,,,,,,,,,,,,,,,,,,,,,95,2017-06-30T18:51:00,,,,,,,,,,,,,,,,,,,,,,,,,,,,,,,,,,,,,,,,,,,,,,,,,,,,,,,,,,,,,,,,,,,,,,,,,,
2017-07-01,978.5,980.8,2017-07-01T19:34:00,972.8,2017-07-01T16:21:00,26.9,34.6,2017-07-01T13:11:00,19.7,2017-07-01T19:31:00,86,62,2017-07-01T10:33:00,1.5,119.0,8.8,286,2017-07-01T12:29:00,21.5,,,,,,,,,,,,,,,,,,,,,,100,2017-07-01T21:31:00,,,,,,,,,,,,,,,,,,,,,,,,,,,,,,,,,,,,,,,,,,,,,,,,,,,,,,,,,,,,,,,,,,,,,,,,,,
2017-07-02,978.3,979.9,2017-07-02T21:32:00,973.4,2017-07-02T00:02:00,27.7,32.8,2017-07-02T23:31:00,20.5,2017-07-02T00:02:00,80,63,2017-07-02T12:58:00,1.5,17.0,9.3,291,2017-07-02T15:01:00,0.0,,,,,,,,,,,,,,,,,,,,,,99,2017-07-02T05:23:00,,,,,,,,,,,,,,,,,,,,,,,,,,,,,,,,,,,,,,,,,,,,,,,,,,,,,,,,,,,,,,,,,,,,,,,,,,
2017-07-03,978.0,980.2,2017-07-03T21:43:00,976.3,2017-07-03T04:42:00,28.0,33.3,2017-07-03T08:49:00,24.9,2017-07-03T15:21:00,76,63,2017-07-03T11:33:00,1.5,118.0,10.4,134,2017-07-03T14:39:00,0.0,,,,,,,,,,,,,,,,,,,,,,85,2017-07-03T20:51:00,,,,,,,,,,,,,,,,,,,,,,,,,,,,,,,,,,,,,,,,,,,,,,,,,,,,,,,,,,,,,,,,,,,,,,,,,,
2017-07-04,979.9,981.3,2017-07-04T21:41:00,972.7,2017-07-04T03:12:00,27.3,31.5,2017-07-04T10:51:00,20.5,2017-07-04T21:02:00,83,57,2017-07-04T11:02:00,1.2,27.0,8.8,294,2017-07-04T13:48:00,4.0,,,,,,,,,,,,,,,,,,,,,,98,2017-07-04T19:22:00,,,,,,,,,,,,,,,,,,,,,,,,,,,,,,,,,,,,,,,,,,,,,,,,,,,,,,,,,,,,,,,,,,,,,,,,,,
2017-07-05,981.3,982.5,2017-07-05T22:06:00,978.1,2017-07-05T00:01:00,28.2,32.0,2017-07-05T14:41:00,23.5,2017-07-05T00:01:00,76,55,2017-07-05T11:31:00,1.5,4.0,9.9,281,2017-07-05T13:34:00,0.0,,,,,,,,,,,,,,,,,,,,,,89,2017-07-05T23:14:00,,,,,,,,,,,,,,,,,,,,,,,,,,,,,,,,,,,,,,,,,,,,,,,,,,,,,,,,,,,,,,,,,,,,,,,,,,
2017-07-06,980.4,982.2,2017-07-06T00:31:00,972.4,2017-07-06T14:22:00,28.2,32.3,2017-07-06T15:23:00,21.1,2017-07-06T04:52:00,82,60,2017-07-06T16:02:00,1.8,16.0,8.8,344,2017-07-06T10:40:00,0.0,,,,,,,,,,,,,,,,,,,,,,91,2017-07-06T02:42:00,,,,,,,,,,,,,,,,,,,,,,,,,,,,,,,,,,,,,,,,,,,,,,,,,,,,,,,,,,,,,,,,,,,,,,,,,,
2017-07-07,981.3,983.6,2017-07-07T22:21:00,977.4,2017-07-07T19:31:00,26.2,30.6,2017-07-07T11:15:00,18.4,2017-07-07T19:31:00,86,66,2017-07-07T11:16:00,1.6,100.0,13.7,193,2017-07-07T16:49:00,44.5,,,,,,,,,,,,,,,,,,,,,,100,2017-07-07T20:43:00,,,,,,,,,,,,,,,,,,,,,,,,,,,,,,,,,,,,,,,,,,,,,,,,,,,,,,,,,,,,,,,,,,,,,,,,,,
2017-07-08,981.4,983.3,2017-07-08T00:03:00,975.3,2017-07-08T05:21:00,26.5,35.1,2017-07-08T12:15:00,19.2,2017-07-08T05:21:00,85,59,2017-07-08T11:41:00,1.2,107.0,6.6,305,2017-07-08T13:42:00,2.0,,,,,,,,,,,,,,,,,,,,,,98,2017-07-08T21:51:00,,,,,,,,,,,,,,,,,,,,,,,,,,,,,,,,,,,,,,,,,,,,,,,,,,,,,,,,,,,,,,,,,,,,,,,,,,
2017-07-09,980.4,982.5,2017-07-09T00:01:00,978.3,2017-07-09T00:02:00,27.9,32.8,2017-07-09T13:45:00,21.1,2017-07-09T00:02:00,81,61,2017-07-09T11:21:00,1.0,95.0,9.3,311,2017-07-09T14:56:00,0.0,,,,,,,,,,,,,,,,,,,,,,97,2017-07-09T04:41:00,,,,,,,,,,,,,,,,,,,,,,,,,,,,,,,,,,,,,,,,,,,,,,,,,,,,,,,,,,,,,,,,,,,,,,,,,,
2017-07-10,979.0,980.7,2017-07-10T22:01:00,977.8,2017-07-10T15:11:00,28.4,35.0,2017-07-10T18:25:00,25.3,2017-07-10T05:55:00,81,63,2017-07-10T11:11:00,1.1,114.0,9.3,318,2017-07-10T13:12:00,0.0,,,,,,,,,,,,,,,,,,,,,,96,2017-07-10T04:34:00,,,,,,,,,,,,,,,,,,,,,,,,,,,,,,,,,,,,,,,,,,,,,,,,,,,,,,,,,,,,,,,,,,,,,,,,,,
2017-07-11,980.8,983.2,2017-07-11T22:22:00,978.6,2017-07-11T13:52:00,27.8,37.6,2017-07-11T11:01:00,25.1,2017-07-11T16:51:00,85,64,2017-07-11T11:31:00,0.6,190.0,6.0,299,2017-07-11T12:18:00,14.0,,,,,,,,,,,,,,,,,,,,,,96,2017-07-11T14:48:00,,,,,,,,,,,,,,,,,,,,,,,,,,,,,,,,,,,,,,,,,,,,,,,,,,,,,,,,,,,,,,,,,,,,,,,,,,
2017-07-12,981.7,982.7,2017-07-12T00:03:00,980.2,2017-07-12T16:31:00,28.3,36.1,2017-07-12T15:38:00,24.0,2017-07-12T20:51:00,83,65,2017-07-12T10:01:00,1.3,302.0,8.2,299,2017-07-12T13:13:00,8.5,,,,,,,,,,,,,,,,,,,,,,94,2017-07-12T03:24:00,,,,,,,,,,,,,,,,,,,,,,,,,,,,,,,,,,,,,,,,,,,,,,,,,,,,,,,,,,,,,,,,,,,,,,,,,,
2017-07-13,979.5,981.1,2017-07-13T00:01:00,977.7,2017-07-13T16:13:00,28.7,37.1,2017-07-13T13:11:00,25.3,2017-07-13T17:21:00,76,59,2017-07-13T10:43:00,1.5,301.0,7.7,293,2017-07-13T14:04:00,0.0,,,,,,,,,,,,,,,,,,,,,,90,2017-07-13T00:22:00,,,,,,,,,,,,,,,,,,,,,,,,,,,,,,,,,,,,,,,,,,,,,,,,,,,,,,,,,,,,,,,,,,,,,,,,,,
2017-07-14,979.1,980.5,2017-07-14T22:23:00,977.7,2017-07-14T15:51:00,28.5,34.8,2017-07-14T09:12:00,25.1,2017-07-14T08:44:00,76,58,2017-07-14T10:51:00,1.7,304.0,8.2,272,2017-07-14T13:11:00,0.0,,,,,,,,,,,,,,,,,,,,,,89,2017-07-14T19:54:00,,,,,,,,,,,,,,,,,,,,,,,,,,,,,,,,,,,,,,,,,,,,,,,,,,,,,,,,,,,,,,,,,,,,,,,,,,
2017-07-15,979.5,980.8,2017-07-15T08:11:00,977.5,2017-07-15T16:23:00,28.8,35.4,2017-07-15T11:31:00,25.0,2017-07-15T18:53:00,72,59,2017-07-15T16:51:00,1.8,105.0,7.7,300,2017-07-15T13:42:00,0.0,,,,,,,,,,,,,,,,,,,,,,86,2017-07-15T03:21:00,,,,,,,,,,,,,,,,,,,,,,,,,,,,,,,,,,,,,,,,,,,,,,,,,,,,,,,,,,,,,,,,,,,,,,,,,,
2017-07-16,979.8,981.4,2017-07-16T23:15:00,977.5,2017-07-16T17:51:00,28.8,33.2,2017-07-16T09:11:00,25.3,2017-07-16T02:21:00,76,58,2017-07-16T14:26:00,2.0,106.0,11.5,57,2017-07-16T16:49:00,0.0,,,,,,,,,,,,,,,,,,,,,,91,2017-07-16T04:42:00,,,,,,,,,,,,,,,,,,,,,,,,,,,,,,,,,,,,,,,,,,,,,,,,,,,,,,,,,,,,,,,,,,,,,,,,,,
2017-07-17,981.8,983.8,2017-07-17T22:13:00,980.2,2017-07-17T00:53:00,28.4,36.2,2017-07-17T10:21:00,25.9,2017-07-17T05:02:00,77,51,2017-07-17T12:04:00,1.4,356.0,6.6,291,2017-07-17T14:21:00,0.0,,,,,,,,,,,,,,,,,,,,,,91,2017-07-17T03:02:00,,,,,,,,,,,,,,,,,,,,,,,,,,,,,,,,,,,,,,,,,,,,,,,,,,,,,,,,,,,,,,,,,,,,,,,,,,
2017-07-18,982.3,983.9,2017-07-18T08:25:00,980.2,2017-07-18T16:41:00,28.6,36.6,2017-07-18T14:41:00,26.6,2017-07-18T04:52:00,83,66,2017-07-18T12:21:00,1.8,299.0,8.8,354,2017-07-18T14:22:00,0.0,,,,,,,,,,,,,,,,,,,,,,93,2017-07-18T04:21:00,,,,,,,,,,,,,,,,,,,,,,,,,,,,,,,,,,,,,,,,,,,,,,,,,,,,,,,,,,,,,,,,,,,,,,,,,,
2017-07-19,979.9,982.7,2017-07-19T00:09:00,977.7,2017-07-19T18:07:00,28.9,32.3,2017-07-19T10:21:00,26.0,2017-07-19T04:41:00,75,56,2017-07-19T09:31:00,1.9,302.0,9.9,18,2017-07-19T13:29:00,0.0,,,,,,,,,,,,,,,,,,,,,,93,2017-07-19T04:41:00,,,,,,,,,,,,,,,,,,,,,,,,,,,,,,,,,,,,,,,,,,,,,,,,,,,,,,,,,,,,,,,,,,,,,,,,,,
2017-07-20,979.4,980.7,2017-07-20T08:41:00,977.7,2017-07-20T16:51:00,29.1,34.7,2017-07-20T11:04:00,25.4,2017-07-20T05:31:00,72,41,2017-07-20T10:28:00,1.8,119.0,8.8,304,2017-07-20T14:08:00,0.0,,,,,,,,,,,,,,,,,,,,,,90,2017-07-20T01:55:00,,,,,,,,,,,,,,,,,,,,,,,,,,,,,,,,,,,,,,,,,,,,,,,,,,,,,,,,,,,,,,,,,,,,,,,,,,
2017-07-21,979.8,981.4,2017-07-21T08:51:00,978.3,2017-07-21T16:01:00,29.1,33.7,2017-07-21T03:47:00,25.7,2017-07-21T15:21:00,70,53,2017-07-21T13:31:00,1.9,108.0,9.9,92,2017-07-21T20:24:00,0.0,,,,,,,,,,,,,,,,,,,,,,80,2017-07-21T03:21:00,,,,,,,,,,,,,,,,,,,,,,,,,,,,,,,,,,,,,,,,,,,,,,,,,,,,,,,,,,,,,,,,,,,,,,,,,,
2017-07-22,978.7,980.6,2017-07-22T06:01:00,976.4,2017-07-22T15:31:00,29.5,32.9,2017-07-22T12:31:00,25.9,2017-07-22T22:41:00,67,54,2017-07-22T11:54:00,2.8,88.0,13.7,66,2017-07-22T12:06:00,0.0,,,,,,,,,,,,,,,,,,,,,,86,2017-07-22T03:36:00,,,,,,,,,,,,,,,,,,,,,,,,,,,,,,,,,,,,,,,,,,,,,,,,,,,,,,,,,,,,,,,,,,,,,,,,,,
2017-07-23,977.4,978.9,2017-07-23T00:03:00,976.4,2017-07-23T15:52:00,29.1,33.2,2017-07-23T10:14:00,24.5,2017-07-23T05:21:00,76,54,2017-07-23T10:14:00,1.7,112.0,9.3,186,2017-07-23T09:22:00,0.0,,,,,,,,,,,,,,,,,,,,,,88,2017-07-23T18:44:00,,,,,,,,,,,,,,,,,,,,,,,,,,,,,,,,,,,,,,,,,,,,,,,,,,,,,,,,,,,,,,,,,,,,,,,,,,
2017-07-24,975.9,977.4,2017-07-24T07:01:00,974.1,2017-07-24T16:25:00,28.8,35.6,2017-07-24T15:52:00,27.0,2017-07-24T04:27:00,84,67,2017-07-24T15:52:00,2.1,305.0,7.7,293,2017-07-24T12:29:00,0.0,,,,,,,,,,,,,,,,,,,,,,92,2017-07-24T05:56:00,,,,,,,,,,,,,,,,,,,,,,,,,,,,,,,,,,,,,,,,,,,,,,,,,,,,,,,,,,,,,,,,,,,,,,,,,,
2017-07-25,975.2,976.4,2017-07-25T21:55:00,973.8,2017-07-25T16:11:00,29.0,33.0,2017-07-25T13:32:00,26.7,2017-07-25T05:11:00,76,56,2017-07-25T12:24:00,1.6,242.0,8.8,297,2017-07-25T15:19:00,0.0,,,,,,,,,,,,,,,,,,,,,,93,2017-07-25T03:01:00,,,,,,,,,,,,,,,,,,,,,,,,,,,,,,,,,,,,,,,,,,,,,,,,,,,,,,,,,,,,,,,,,,,,,,,,,,
2017-07-26,974.9,976.0,2017-07-26T00:42:00,969.4,2017-07-26T16:31:00,28.2,33.8,2017-07-26T03:32:00,22.3,2017-07-26T16:31:00,83,67,2017-07-26T11:01:00,1.2,111.0,9.3,286,2017-07-26T12:58:00,12.0,,,,,,,,,,,,,,,,,,,,,,97,2017-07-26T20:21:00,,,,,,,,,,,,,,,,,,,,,,,,,,,,,,,,,,,,,,,,,,,,,,,,,,,,,,,,,,,,,,,,,,,,,,,,,,
2017-07-27,974.8,976.7,2017-07-27T08:13:00,973.1,2017-07-27T16:51:00,28.2,36.9,2017-07-27T16:45:00,25.5,2017-07-27T05:11:00,79,58,2017-07-27T17:12:00,2.1,107.0,9.9,85,2017-07-27T23:05:00,0.0,,,,,,,,,,,,,,,,,,,,,,93,2017-07-27T05:11:00,,,,,,,,,,,,,,,,,,,,,,,,,,,,,,,,,,,,,,,,,,,,,,,,,,,,,,,,,,,,,,,,,,,,,,,,,,
2017-07-28,973.6,975.1,2017-07-28T00:03:00,972.5,2017-07-28T16:41:00,28.5,35.5,2017-07-28T15:53:00,25.9,2017-07-28T22:33:00,81,56,2017-07-28T10:54:00,4.8,83.0,13.2,72,2017-07-28T10:12:00,2.5,,,,,,,,,,,,,,,,,,,,,,97,2017-07-28T23:11:00,,,,,,,,,,,,,,,,,,,,,,,,,,,,,,,,,,,,,,,,,,,,,,,,,,,,,,,,,,,,,,,,,,,,,,,,,,
2017-07-29,965.2,973.0,2017-07-29T00:01:00,946.6,2017-07-29T21:28:00,27.0,33.6,2017-07-29T03:13:00,21.8,2017-07-29T14:59:00,87,71,2017-07-29T12:11:00,6.2,82.0,30.9,89,2017-07-29T21:23:00,15.0,,,,,,,,,,,,,,,,,,,,,,98,2017-07-29T15:25:00,,,,,,,,,,,,,,,,,,,,,,,,,,,,,,,,,,,,,,,,,,,,,,,,,,,,,,,,,,,,,,,,,,,,,,,,,,
2017-07-30,962.8,966.5,2017-07-30T08:51:00,953.6,2017-07-30T00:03:00,28.9,32.9,2017-07-30T11:34:00,24.8,2017-07-30T02:31:00,74,56,2017-07-30T11:23:00,4.6,89.0,20.4,121,2017-07-30T22:39:00,0.5,,,,,,,,,,,,,,,,,,,,,,86,2017-07-30T01:51:00,,,,,,,,,,,,,,,,,,,,,,,,,,,,,,,,,,,,,,,,,,,,,,,,,,,,,,,,,,,,,,,,,,,,,,,,,,
2017-07-31,968.5,972.9,2017-07-31T22:08:00,960.6,2017-07-31T00:12:00,26.9,31.8,2017-07-31T22:22:00,18.9,2017-07-31T07:33:00,83,65,2017-07-31T19:01:00,1.6,21.0,13.7,109,2017-07-31T00:06:00,5.5,,,,,,,,,,,,,,,,,,,,,,98,2017-07-31T10:13:00,,,,,,,,,,,,,,,,,,,,,,,,,,,,,,,,,,,,,,,,,,,,,,,,,,,,,,,,,,,,,,,,,,,,,,,,,,
2017-08-01,973.7,975.8,2017-08-01T22:57:00,971.4,2017-08-01T02:12:00,28.1,35.2,2017-08-01T18:13:00,22.8,2017-08-01T02:12:00,76,66,2017-08-01T10:41:00,1.0,5.0,5.5,105,2017-08-01T18:54:00,0.0,,,,,,,,,,,,,,,,,,,,,,91,2017-08-01T00:21:00,,,,,,,,,,,,,,,,,,,,,,,,,,,,,,,,,,,,,,,,,,,,,,,,,,,,,,,,,,,,,,,,,,,,,,,,,,
2017-08-02,973.9,975.6,2017-08-02T00:01:00,966.9,2017-08-02T14:28:00,27.2,31.9,2017-08-02T19:21:00,19.6,2017-08-02T15:28:00,87,70,2017-08-02T09:31:00,0.9,95.0,6.6,289,2017-08-02T12:22:00,38.0,,,,,,,,,,,,,,,,,,,,,,99,2017-08-02T16:31:00,,,,,,,,,,,,,,,,,,,,,,,,,,,,,,,,,,,,,,,,,,,,,,,,,,,,,,,,,,,,,,,,,,,,,,,,,,
2017-08-03,972.8,974.2,2017-08-03T23:02:00,970.2,2017-08-03T16:21:00,27.9,31.4,2017-08-03T12:11:00,23.6,2017-08-03T05:02:00,84,64,2017-08-03T11:23:00,1.1,108.0,7.1,237,2017-08-03T10:39:00,0.0,,,,,,,,,,,,,,,,,,,,,,97,2017-08-03T01:21:00,,,,,,,,,,,,,,,,,,,,,,,,,,,,,,,,,,,,,,,,,,,,,,,,,,,,,,,,,,,,,,,,,,,,,,,,,,
2017-08-04,973.6,975.0,2017-08-04T22:42:00,972.3,2017-08-04T15:43:00,29.0,32.6,2017-08-04T13:11:00,26.2,2017-08-04T04:11:00,78,63,2017-08-04T13:22:00,1.5,244.0,8.2,302,2017-08-04T15:43:00,0.0,,,,,,,,,,,,,,,,,,,,,,91,2017-08-04T04:01:00,,,,,,,,,,,,,,,,,,,,,,,,,,,,,,,,,,,,,,,,,,,,,,,,,,,,,,,,,,,,,,,,,,,,,,,,,,
2017-08-05,974.5,975.8,2017-08-05T08:01:00,972.8,2017-08-05T17:01:00,29.4,33.1,2017-08-05T14:02:00,26.6,2017-08-05T04:21:00,75,60,2017-08-05T14:11:00,3.1,244.0,13.2,227,2017-08-05T16:23:00,0.0,,,,,,,,,,,,,,,,,,,,,,90,2017-08-05T05:40:00,,,,,,,,,,,,,,,,,,,,,,,,,,,,,,,,,,,,,,,,,,,,,,,,,,,,,,,,,,,,,,,,,,,,,,,,,,
2017-08-06,974.5,975.8,2017-08-06T07:54:00,972.7,2017-08-06T16:21:00,29.9,33.8,2017-08-06T12:14:00,26.1,2017-08-06T18:41:00,72,56,2017-08-06T11:41:00,3.4,246.0,13.7,239,2017-08-06T09:10:00,0.0,,,,,,,,,,,,,,,,,,,,,,86,2017-08-06T23:56:00,,,,,,,,,,,,,,,,,,,,,,,,,,,,,,,,,,,,,,,,,,,,,,,,,,,,,,,,,,,,,,,,,,,,,,,,,,
2017-08-07,975.3,976.6,2017-08-07T22:12:00,973.3,2017-08-07T00:16:00,30.0,38.5,2017-08-07T11:31:00,26.3,2017-08-07T23:01:00,74,55,2017-08-07T10:26:00,3.2,244.0,12.6,256,2017-08-07T02:53:00,0.0,,,,,,,,,,,,,,,,,,,,,,91,2017-08-07T00:17:00,,,,,,,,,,,,,,,,,,,,,,,,,,,,,,,,,,,,,,,,,,,,,,,,,,,,,,,,,,,,,,,,,,,,,,,,,,
2017-08-08,975.4,976.8,2017-08-08T09:41:00,974.0,2017-08-08T17:41:00,30.0,36.0,2017-08-08T16:51:00,27.3,2017-08-08T06:41:00,69,56,2017-08-08T11:41:00,2.9,243.0,13.2,230,2017-08-08T15:50:00,0.0,,,,,,,,,,,,,,,,,,,,,,84,2017-08-08T00:19:00,,,,,,,,,,,,,,,,,,,,,,,,,,,,,,,,,,,,,,,,,,,,,,,,,,,,,,,,,,,,,,,,,,,,,,,,,,
2017-08-09,974.3,975.5,2017-08-09T09:14:00,972.7,2017-08-09T16:22:00,29.9,35.4,2017-08-09T07:23:00,27.6,2017-08-09T05:31:00,67,57,2017-08-09T10:12:00,4.3,244.0,17.6,252,2017-08-09T09:43:00,0.0,,,,,,,,,,,,,,,,,,,,,,78,2017-08-09T05:14:00,,,,,,,,,,,,,,,,,,,,,,,,,,,,,,,,,,,,,,,,,,,,,,,,,,,,,,,,,,,,,,,,,,,,,,,,,,
2017-08-10,974.9,976.6,2017-08-10T21:55:00,972.9,2017-08-10T15:12:00,29.8,32.8,2017-08-10T13:54:00,27.5,2017-08-10T03:21:00,68,53,2017-08-10T12:26:00,4.0,240.0,18.7,243,2017-08-10T10:55:00,0.0,,,,,,,,,,,,,,,,,,,,,,79,2017-08-10T05:12:00,,,,,,,,,,,,,,,,,,,,,,,,,,,,,,,,,,,,,,,,,,,,,,,,,,,,,,,,,,,,,,,,,,,,,,,,,,
2017-08-11,977.2,979.0,2017-08-11T21:56:00,975.6,2017-08-11T01:58:00,29.8,36.3,2017-08-11T12:44:00,26.8,2017-08-11T05:51:00,72,60,2017-08-11T11:01:00,2.4,240.0,12.6,242,2017-08-11T14:30:00,0.0,,,,,,,,,,,,,,,,,,,,,,89,2017-08-11T23:56:00,,,,,,,,,,,,,,,,,,,,,,,,,,,,,,,,,,,,,,,,,,,,,,,,,,,,,,,,,,,,,,,,,,,,,,,,,,
2017-08-12,978.6,979.9,2017-08-12T07:33:00,977.2,2017-08-12T16:02:00,29.6,33.2,2017-08-12T12:46:00,27.4,2017-08-12T05:11:00,76,60,2017-08-12T12:01:00,2.1,240.0,9.9,242,2017-08-12T15:27:00,0.0,,,,,,,,,,,,,,,,,,,,,,93,2017-08-12T01:51:00,,,,,,,,,,,,,,,,,,,,,,,,,,,,,,,,,,,,,,,,,,,,,,,,,,,,,,,,,,,,,,,,,,,,,,,,,,
2017-08-13,978.5,979.6,2017-08-13T07:51:00,973.9,2017-08-13T00:01:00,29.1,34.0,2017-08-13T15:21:00,24.1,2017-08-13T00:01:00,80,61,2017-08-13T11:11:00,2.2,247.0,8.8,232,2017-08-13T13:26:00,0.0,,,,,,,,,,,,,,,,,,,,,,91,2017-08-13T05:01:00,,,,,,,,,,,,,,,,,,,,,,,,,,,,,,,,,,,,,,,,,,,,,,,,,,,,,,,,,,,,,,,,,,,,,,,,,,
2017-08-14,978.1,979.4,2017-08-14T09:01:00,976.2,2017-08-14T16:41:00,29.3,32.9,2017-08-14T11:42:00,26.8,2017-08-14T03:22:00,72,57,2017-08-14T11:42:00,2.6,243.0,12.1,249,2017-08-14T14:32:00,0.0,,,,,,,,,,,,,,,,,,,,,,89,2017-08-14T03:21:00,,,,,,,,,,,,,,,,,,,,,,,,,,,,,,,,,,,,,,,,,,,,,,,,,,,,,,,,,,,,,,,,,,,,,,,,,,
2017-08-15,977.7,979.1,2017-08-15T08:38:00,972.9,2017-08-15T00:01:00,29.4,32.4,2017-08-15T13:11:00,23.4,2017-08-15T00:01:00,71,62,2017-08-15T09:44:00,2.3,231.0,9.9,228,2017-08-15T15:46:00,0.0,,,,,,,,,,,,,,,,,,,,,,88,2017-08-15T04:52:00,,,,,,,,,,,,,,,,,,,,,,,,,,,,,,,,,,,,,,,,,,,,,,,,,,,,,,,,,,,,,,,,,,,,,,,,,,
2017-08-16,978.0,980.0,2017-08-16T22:01:00,971.1,2017-08-16T14:52:00,29.1,36.9,2017-08-16T14:01:00,22.0,2017-08-16T05:01:00,74,54,2017-08-16T09:22:00,1.8,2.0,9.3,296,2017-08-16T12:31:00,0.0,,,,,,,,,,,,,,,,,,,,,,88,2017-08-16T21:53:00,,,,,,,,,,,,,,,,,,,,,,,,,,,,,,,,,,,,,,,,,,,,,,,,,,,,,,,,,,,,,,,,,,,,,,,,,,
2017-08-17,979.5,981.2,2017-08-17T23:31:00,977.3,2017-08-17T00:02:00,28.4,31.0,2017-08-17T12:01:00,25.8,2017-08-17T00:02:00,81,71,2017-08-17T14:42:00,1.6,301.0,8.2,279,2017-08-17T13:16:00,0.0,,,,,,,,,,,,,,,,,,,,,,89,2017-08-17T05:01:00,,,,,,,,,,,,,,,,,,,,,,,,,,,,,,,,,,,,,,,,,,,,,,,,,,,,,,,,,,,,,,,,,,,,,,,,,,
2017-08-18,980.6,981.7,2017-08-18T07:51:00,974.2,2017-08-18T14:02:00,28.5,32.0,2017-08-18T12:13:00,21.5,2017-08-18T06:02:00,78,55,2017-08-18T14:02:00,1.4,120.0,8.2,299,2017-08-18T12:54:00,0.0,,,,,,,,,,,,,,,,,,,,,,93,2017-08-18T06:04:00,,,,,,,,,,,,,,,,,,,,,,,,,,,,,,,,,,,,,,,,,,,,,,,,,,,,,,,,,,,,,,,,,,,,,,,,,,
2017-08-19,979.9,981.6,2017-08-19T08:06:00,976.2,2017-08-19T00:01:00,28.5,31.8,2017-08-19T11:41:00,23.6,2017-08-19T00:01:00,81,68,2017-08-19T09:11:00,1.3,308.0,8.2,294,2017-08-19T14:45:00,0.0,,,,,,,,,,,,,,,,,,,,,,93,2017-08-19T05:31:00,,,,,,,,,,,,,,,,,,,,,,,,,,,,,,,,,,,,,,,,,,,,,,,,,,,,,,,,,,,,,,,,,,,,,,,,,,
2017-08-20,976.8,979.1,2017-08-20T06:51:00,969.8,2017-08-20T20:21:00,28.9,32.9,2017-08-20T10:51:00,22.6,2017-08-20T23:51:00,74,49,2017-08-20T10:51:00,1.9,5.0,7.7,296,2017-08-20T13:37:00,0.0,,,,,,,,,,,,,,,,,,,,,,88,2017-08-20T05:01:00,,,,,,,,,,,,,,,,,,,,,,,,,,,,,,,,,,,,,,,,,,,,,,,,,,,,,,,,,,,,,,,,,,,,,,,,,,
2017-08-21,973.0,975.8,2017-08-21T00:01:00,968.3,2017-08-21T20:40:00,28.1,33.5,2017-08-21T12:53:00,22.6,2017-08-21T00:02:00,81,64,2017-08-21T11:34:00,4.5,86.0,16.5,88,2017-08-21T16:23:00,1.5,,,,,,,,,,,,,,,,,,,,,,97,2017-08-21T23:22:00,,,,,,,,,,,,,,,,,,,,,,,,,,,,,,,,,,,,,,,,,,,,,,,,,,,,,,,,,,,,,,,,,,,,,,,,,,
2017-08-22,970.9,974.9,2017-08-22T23:53:00,963.0,2017-08-22T03:21:00,28.4,32.7,2017-08-22T15:22:00,21.2,2017-08-22T06:31:00,74,58,2017-08-22T15:42:00,6.5,98.0,19.3,84,2017-08-22T08:29:00,0.5,,,,,,,,,,,,,,,,,,,,,,93,2017-08-22T01:41:00,,,,,,,,,,,,,,,,,,,,,,,,,,,,,,,,,,,,,,,,,,,,,,,,,,,,,,,,,,,,,,,,,,,,,,,,,,
2017-08-23,977.5,981.2,2017-08-23T22:11:00,970.9,2017-08-23T00:01:00,28.1,32.8,2017-08-23T05:51:00,24.6,2017-08-23T00:01:00,78,65,2017-08-23T14:41:00,1.7,109.0,12.6,100,2017-08-23T00:15:00,0.0,,,,,,,,,,,,,,,,,,,,,,89,2017-08-23T22:12:00,,,,,,,,,,,,,,,,,,,,,,,,,,,,,,,,,,,,,,,,,,,,,,,,,,,,,,,,,,,,,,,,,,,,,,,,,,
2017-08-24,980.0,981.2,2017-08-24T07:31:00,978.6,2017-08-24T14:41:00,28.3,32.1,2017-08-24T10:14:00,25.8,2017-08-24T06:11:00,81,60,2017-08-24T10:14:00,1.3,298.0,7.1,288,2017-08-24T15:13:00,0.0,,,,,,,,,,,,,,,,,,,,,,92,2017-08-24T06:14:00,,,,,,,,,,,,,,,,,,,,,,,,,,,,,,,,,,,,,,,,,,,,,,,,,,,,,,,,,,,,,,,,,,,,,,,,,,
2017-08-25,978.3,980.3,2017-08-25T00:01:00,976.7,2017-08-25T15:31:00,28.7,33.9,2017-08-25T20:11:00,24.9,2017-08-25T05:44:00,76,52,2017-08-25T11:42:00,2.5,38.0,14.3,90,2017-08-25T20:13:00,0.0,,,,,,,,,,,,,,,,,,,,,,96,2017-08-25T05:11:00,,,,,,,,,,,,,,,,,,,,,,,,,,,,,,,,,,,,,,,,,,,,,,,,,,,,,,,,,,,,,,,,,,,,,,,,,,
2017-08-26,977.8,979.7,2017-08-26T23:11:00,976.1,2017-08-26T14:11:00,29.2,33.0,2017-08-26T13:22:00,26.5,2017-08-26T04:43:00,68,55,2017-08-26T13:22:00,4.4,99.0,14.8,109,2017-08-26T11:41:00,0.0,,,,,,,,,,,,,,,,,,,,,,81,2017-08-26T00:22:00,,,,,,,,,,,,,,,,,,,,,,,,,,,,,,,,,,,,,,,,,,,,,,,,,,,,,,,,,,,,,,,,,,,,,,,,,,
2017-08-27,981.1,983.6,2017-08-27T21:41:00,976.8,2017-08-27T18:21:00,28.0,36.6,2017-08-27T14:14:00,20.9,2017-08-27T18:21:00,79,57,2017-08-27T10:21:00,1.8,78.0,10.4,146,2017-08-27T00:04:00,9.5,,,,,,,,,,,,,,,,,,,,,,97,2017-08-27T18:54:00,,,,,,,,,,,,,,,,,,,,,,,,,,,,,,,,,,,,,,,,,,,,,,,,,,,,,,,,,,,,,,,,,,,,,,,,,,
2017-08-28,980.8,983.5,2017-08-28T00:01:00,978.1,2017-08-28T15:46:00,28.2,35.8,2017-08-28T09:24:00,24.7,2017-08-28T03:12:00,75,55,2017-08-28T15:13:00,3.0,85.0,10.4,96,2017-08-28T16:21:00,0.0,,,,,,,,,,,,,,,,,,,,,,94,2017-08-28T05:53:00,,,,,,,,,,,,,,,,,,,,,,,,,,,,,,,,,,,,,,,,,,,,,,,,,,,,,,,,,,,,,,,,,,,,,,,,,,
2017-08-29,979.2,980.5,2017-08-29T07:11:00,976.9,2017-08-29T15:03:00,28.7,38.1,2017-08-29T12:51:00,23.2,2017-08-29T03:21:00,76,59,2017-08-29T12:51:00,4.8,89.0,12.6,63,2017-08-29T12:25:00,0.0,,,,,,,,,,,,,,,,,,,,,,87,2017-08-29T04:11:00,,,,,,,,,,,,,,,,,,,,,,,,,,,,,,,,,,,,,,,,,,,,,,,,,,,,,,,,,,,,,,,,,,,,,,,,,,
2017-08-30,977.8,979.4,2017-08-30T00:01:00,976.0,2017-08-30T14:42:00,28.2,36.8,2017-08-30T10:02:00,23.4,2017-08-30T21:22:00,77,64,2017-08-30T10:14:00,4.5,87.0,11.5,101,2017-08-30T14:10:00,0.0,,,,,,,,,,,,,,,,,,,,,,85,2017-08-30T00:12:00,,,,,,,,,,,,,,,,,,,,,,,,,,,,,,,,,,,,,,,,,,,,,,,,,,,,,,,,,,,,,,,,,,,,,,,,,,
2017-08-31,976.7,978.0,2017-08-31T09:15:00,975.0,2017-08-31T16:19:00,27.6,30.8,2017-08-31T12:31:00,25.1,2017-08-31T23:21:00,80,64,2017-08-31T12:04:00,5.1,89.0,13.7,82,2017-08-31T11:05:00,1.5,,,,,,,,,,,,,,,,,,,,,,93,2017-08-31T23:33:00,,,,,,,,,,,,,,,,,,,,,,,,,,,,,,,,,,,,,,,,,,,,,,,,,,,,,,,,,,,,,,,,,,,,,,,,,,
2017-09-01,975.4,976.8,2017-09-01T09:31:00,970.8,2017-09-01T22:13:00,25.8,29.9,2017-09-01T22:13:00,19.5,2017-09-01T22:13:00,90,80,2017-09-01T09:21:00,4.8,87.0,14.3,90,2017-09-01T17:21:00,2.0,,,,,,,,,,,,,,,,,,,,,,98,2017-09-01T23:41:00,,,,,,,,,,,,,,,,,,,,,,,,,,,,,,,,,,,,,,,,,,,,,,,,,,,,,,,,,,,,,,,,,,,,,,,,,,
2017-09-02,975.7,978.3,2017-09-02T21:05:00,973.5,2017-09-02T05:29:00,24.7,26.8,2017-09-02T14:51:00,22.4,2017-09-02T22:33:00,92,77,2017-09-02T14:04:00,4.1,92.0,12.6,91,2017-09-02T01:52:00,4.0,,,,,,,,,,,,,,,,,,,,,,100,2017-09-02T06:17:00,,,,,,,,,,,,,,,,,,,,,,,,,,,,,,,,,,,,,,,,,,,,,,,,,,,,,,,,,,,,,,,,,,,,,,,,,,
2017-09-03,978.7,981.6,2017-09-03T20:58:00,972.7,2017-09-03T07:01:00,24.4,31.0,2017-09-03T12:31:00,18.3,2017-09-03T07:01:00,97,89,2017-09-03T00:21:00,2.1,125.0,8.2,75,2017-09-03T08:39:00,16.5,,,,,,,,,,,,,,,,,,,,,,100,2017-09-03T19:38:00,,,,,,,,,,,,,,,,,,,,,,,,,,,,,,,,,,,,,,,,,,,,,,,,,,,,,,,,,,,,,,,,,,,,,,,,,,
2017-09-04,979.8,981.3,2017-09-04T22:51:00,978.1,2017-09-04T17:11:00,26.8,30.7,2017-09-04T14:23:00,22.8,2017-09-04T04:11:00,85,65,2017-09-04T16:23:00,0.8,324.0,6.0,286,2017-09-04T13:46:00,0.0,,,,,,,,,,,,,,,,,,,,,,100,2017-09-04T00:21:00,,,,,,,,,,,,,,,,,,,,,,,,,,,,,,,,,,,,,,,,,,,,,,,,,,,,,,,,,,,,,,,,,,,,,,,,,,
2017-09-05,978.7,980.7,2017-09-05T00:01:00,976.6,2017-09-05T16:13:00,28.4,33.1,2017-09-05T14:31:00,23.0,2017-09-05T04:02:00,79,59,2017-09-05T14:30:00,2.4,85.0,9.3,88,2017-09-05T18:14:00,0.0,,,,,,,,,,,,,,,,,,,,,,93,2017-09-05T00:43:00,,,,,,,,,,,,,,,,,,,,,,,,,,,,,,,,,,,,,,,,,,,,,,,,,,,,,,,,,,,,,,,,,,,,,,,,,,
2017-09-06,976.2,978.3,2017-09-06T21:12:00,974.1,2017-09-06T13:33:00,29.1,34.5,2017-09-06T12:01:00,26.5,2017-09-06T04:34:00,77,57,2017-09-06T12:02:00,2.4,108.0,10.4,216,2017-09-06T03:44:00,0.0,,,,,,,,,,,,,,,,,,,,,,84,2017-09-06T23:24:00,,,,,,,,,,,,,,,,,,,,,,,,,,,,,,,,,,,,,,,,,,,,,,,,,,,,,,,,,,,,,,,,,,,,,,,,,,
2017-09-07,978.5,980.8,2017-09-07T22:53:00,976.6,2017-09-07T01:42:00,28.6,33.9,2017-09-07T20:31:00,22.9,2017-09-07T07:21:00,82,65,2017-09-07T13:27:00,1.8,246.0,8.2,313,2017-09-07T12:01:00,0.0,,,,,,,,,,,,,,,,,,,,,,93,2017-09-07T22:53:00,,,,,,,,,,,,,,,,,,,,,,,,,,,,,,,,,,,,,,,,,,,,,,,,,,,,,,,,,,,,,,,,,,,,,,,,,,
2017-09-08,980.1,981.8,2017-09-08T08:51:00,978.6,2017-09-08T14:51:00,27.9,34.5,2017-09-08T07:42:00,25.9,2017-09-08T16:51:00,85,66,2017-09-08T11:23:00,1.4,113.0,7.7,241,2017-09-08T01:22:00,2.0,,,,,,,,,,,,,,,,,,,,,,100,2017-09-08T17:11:00,,,,,,,,,,,,,,,,,,,,,,,,,,,,,,,,,,,,,,,,,,,,,,,,,,,,,,,,,,,,,,,,,,,,,,,,,,
2017-09-09,980.1,981.4,2017-09-09T09:17:00,978.9,2017-09-09T15:43:00,27.5,30.2,2017-09-09T13:11:00,24.0,2017-09-09T09:36:00,84,61,2017-09-09T16:42:00,1.4,300.0,7.1,290,2017-09-09T10:42:00,0.0,,,,,,,,,,,,,,,,,,,,,,96,2017-09-09T03:02:00,,,,,,,,,,,,,,,,,,,,,,,,,,,,,,,,,,,,,,,,,,,,,,,,,,,,,,,,,,,,,,,,,,,,,,,,,,
2017-09-10,980.7,981.9,2017-09-10T08:22:00,979.9,2017-09-10T14:31:00,27.7,30.1,2017-09-10T10:32:00,26.0,2017-09-10T05:02:00,83,71,2017-09-10T13:42:00,1.3,298.0,8.2,297,2017-09-10T12:44:00,0.0,,,,,,,,,,,,,,,,,,,,,,92,2017-09-10T06:51:00,,,,,,,,,,,,,,,,,,,,,,,,,,,,,,,,,,,,,,,,,,,,,,,,,,,,,,,,,,,,,,,,,,,,,,,,,,
2017-09-11,979.5,980.8,2017-09-11T20:51:00,977.9,2017-09-11T15:31:00,28.3,36.1,2017-09-11T15:04:00,25.7,2017-09-11T05:41:00,76,58,2017-09-11T14:13:00,1.4,113.0,7.1,348,2017-09-11T13:14:00,0.0,,,,,,,,,,,,,,,,,,,,,,92,2017-09-11T05:41:00,,,,,,,,,,,,,,,,,,,,,,,,,,,,,,,,,,,,,,,,,,,,,,,,,,,,,,,,,,,,,,,,,,,,,,,,,,
2017-09-12,979.7,981.1,2017-09-12T21:53:00,978.0,2017-09-12T14:55:00,28.2,35.2,2017-09-12T16:51:00,22.3,2017-09-12T23:51:00,74,61,2017-09-12T09:21:00,3.8,77.0,13.2,66,2017-09-12T12:23:00,0.0,,,,,,,,,,,,,,,,,,,,,,87,2017-09-12T20:46:00,,,,,,,,,,,,,,,,,,,,,,,,,,,,,,,,,,,,,,,,,,,,,,,,,,,,,,,,,,,,,,,,,,,,,,,,,,
2017-09-13,980.1,981.8,2017-09-13T08:52:00,975.6,2017-09-13T01:56:00,25.3,31.8,2017-09-13T17:02:00,20.8,2017-09-13T20:01:00,89,81,2017-09-13T16:34:00,2.8,336.0,11.0,342,2017-09-13T15:01:00,14.0,,,,,,,,,,,,,,,,,,,,,,98,2017-09-13T04:02:00,,,,,,,,,,,,,,,,,,,,,,,,,,,,,,,,,,,,,,,,,,,,,,,,,,,,,,,,,,,,,,,,,,,,,,,,,,
2017-09-14,977.9,979.1,2017-09-14T00:01:00,976.2,2017-09-14T14:44:00,25.4,32.9,2017-09-14T18:51:00,23.4,2017-09-14T03:41:00,78,63,2017-09-14T20:24:00,2.6,294.0,9.3,311,2017-09-14T13:33:00,2.5,,,,,,,,,,,,,,,,,,,,,,92,2017-09-14T03:12:00,,,,,,,,,,,,,,,,,,,,,,,,,,,,,,,,,,,,,,,,,,,,,,,,,,,,,,,,,,,,,,,,,,,,,,,,,,
2017-09-15,977.7,979.2,2017-09-15T23:05:00,976.2,2017-09-15T14:41:00,28.1,34.3,2017-09-15T10:02:00,26.0,2017-09-15T04:12:00,66,53,2017-09-15T15:24:00,2.1,244.0,11.0,242,2017-09-15T10:46:00,0.0,,,,,,,,,,,,,,,,,,,,,,91,2017-09-15T23:52:00,,,,,,,,,,,,,,,,,,,,,,,,,,,,,,,,,,,,,,,,,,,,,,,,,,,,,,,,,,,,,,,,,,,,,,,,,,
2017-09-16,978.2,979.7,2017-09-16T09:42:00,976.1,2017-09-16T15:22:00,27.1,30.4,2017-09-16T10:53:00,24.2,2017-09-16T23:51:00,70,49,2017-09-16T14:41:00,2.0,243.0,7.7,18,2017-09-16T14:45:00,0.0,,,,,,,,,,,,,,,,,,,,,,91,2017-09-16T00:01:00,,,,,,,,,,,,,,,,,,,,,,,,,,,,,,,,,,,,,,,,,,,,,,,,,,,,,,,,,,,,,,,,,,,,,,,,,,
2017-09-17,979.4,981.3,2017-09-17T21:31:00,977.5,2017-09-17T14:02:00,25.4,32.6,2017-09-17T13:11:00,19.8,2017-09-17T04:21:00,73,55,2017-09-17T13:21:00,1.8,89.0,7.1,20,2017-09-17T16:11:00,0.0,,,,,,,,,,,,,,,,,,,,,,89,2017-09-17T05:42:00,,,,,,,,,,,,,,,,,,,,,,,,,,,,,,,,,,,,,,,,,,,,,,,,,,,,,,,,,,,,,,,,,,,,,,,,,,
2017-09-18,980.2,982.2,2017-09-18T08:44:00,978.3,2017-09-18T14:22:00,24.8,33.8,2017-09-18T13:51:00,21.7,2017-09-18T02:33:00,71,50,2017-09-18T11:04:00,3.9,89.0,12.1,176,2017-09-18T07:21:00,0.0,,,,,,,,,,,,,,,,,,,,,,83,2017-09-18T01:41:00,,,,,,,,,,,,,,,,,,,,,,,,,,,,,,,,,,,,,,,,,,,,,,,,,,,,,,,,,,,,,,,,,,,,,,,,,,
2017-09-19,980.1,981.8,2017-09-19T09:05:00,978.0,2017-09-19T14:51:00,27.2,33.2,2017-09-19T20:21:00,23.3,2017-09-19T00:21:00,73,54,2017-09-19T12:03:00,1.3,86.0,7.1,294,2017-09-19T13:12:00,0.0,,,,,,,,,,,,,,,,,,,,,,84,2017-09-19T23:11:00,,,,,,,,,,,,,,,,,,,,,,,,,,,,,,,,,,,,,,,,,,,,,,,,,,,,,,,,,,,,,,,,,,,,,,,,,,
2017-09-20,979.2,980.7,2017-09-20T08:41:00,975.5,2017-09-20T00:01:00,28.1,32.6,2017-09-20T11:21:00,22.4,2017-09-20T00:01:00,76,35,2017-09-20T11:12:00,1.4,116.0,8.8,293,2017-09-20T12:53:00,0.0,,,,,,,,,,,,,,,,,,,,,,91,2017-09-20T03:28:00,,,,,,,,,,,,,,,,,,,,,,,,,,,,,,,,,,,,,,,,,,,,,,,,,,,,,,,,,,,,,,,,,,,,,,,,,,
2017-09-21,978.6,980.5,2017-09-21T21:51:00,976.9,2017-09-21T15:02:00,28.2,35.9,2017-09-21T14:13:00,26.1,2017-09-21T05:51:00,82,49,2017-09-21T13:41:00,1.5,306.0,6.6,309,2017-09-21T10:45:00,0.0,,,,,,,,,,,,,,,,,,,,,,95,2017-09-21T02:17:00,,,,,,,,,,,,,,,,,,,,,,,,,,,,,,,,,,,,,,,,,,,,,,,,,,,,,,,,,,,,,,,,,,,,,,,,,,
2017-09-22,980.4,981.9,2017-09-22T21:11:00,973.3,2017-09-22T16:41:00,28.1,30.7,2017-09-22T15:11:00,20.8,2017-09-22T03:32:00,83,68,2017-09-22T10:02:00,1.9,98.0,8.2,77,2017-09-22T23:41:00,0.0,,,,,,,,,,,,,,,,,,,,,,96,2017-09-22T00:56:00,,,,,,,,,,,,,,,,,,,,,,,,,,,,,,,,,,,,,,,,,,,,,,,,,,,,,,,,,,,,,,,,,,,,,,,,,,
2017-09-23,981.1,982.9,2017-09-23T08:31:00,978.1,2017-09-23T00:02:00,29.5,33.2,2017-09-23T11:42:00,24.9,2017-09-23T00:02:00,73,55,2017-09-23T11:42:00,2.0,116.0,8.8,101,2017-09-23T01:27:00,0.0,,,,,,,,,,,,,,,,,,,,,,84,2017-09-23T03:46:00,,,,,,,,,,,,,,,,,,,,,,,,,,,,,,,,,,,,,,,,,,,,,,,,,,,,,,,,,,,,,,,,,,,,,,,,,,
2017-09-24,981.0,982.5,2017-09-24T23:03:00,973.1,2017-09-24T14:42:00,28.7,32.6,2017-09-24T13:51:00,22.2,2017-09-24T18:41:00,81,64,2017-09-24T12:21:00,1.4,302.0,7.1,240,2017-09-24T10:36:00,0.0,,,,,,,,,,,,,,,,,,,,,,91,2017-09-24T18:41:00,,,,,,,,,,,,,,,,,,,,,,,,,,,,,,,,,,,,,,,,,,,,,,,,,,,,,,,,,,,,,,,,,,,,,,,,,,
2017-09-25,981.2,982.8,2017-09-25T08:41:00,977.1,2017-09-25T00:02:00,28.5,31.3,2017-09-25T11:01:00,23.7,2017-09-25T00:02:00,78,66,2017-09-25T03:21:00,2.1,154.0,7.7,290,2017-09-25T11:36:00,0.0,,,,,,,,,,,,,,,,,,,,,,91,2017-09-25T23:01:00,,,,,,,,,,,,,,,,,,,,,,,,,,,,,,,,,,,,,,,,,,,,,,,,,,,,,,,,,,,,,,,,,,,,,,,,,,
2017-09-26,980.2,982.2,2017-09-26T09:02:00,972.5,2017-09-26T17:22:00,29.5,33.9,2017-09-26T12:51:00,21.4,2017-09-26T03:02:00,73,46,2017-09-26T15:22:00,1.8,305.0,8.8,324,2017-09-26T14:16:00,0.0,,,,,,,,,,,,,,,,,,,,,,99,2017-09-26T05:02:00,,,,,,,,,,,,,,,,,,,,,,,,,,,,,,,,,,,,,,,,,,,,,,,,,,,,,,,,,,,,,,,,,,,,,,,,,,
2017-09-27,978.9,980.7,2017-09-27T08:22:00,974.0,2017-09-27T00:02:00,29.9,38.2,2017-09-27T12:03:00,23.1,2017-09-27T00:02:00,68,43,2017-09-27T12:32:00,1.8,246.0,8.8,240,2017-09-27T10:53:00,0.0,,,,,,,,,,,,,,,,,,,,,,84,2017-09-27T02:57:00,,,,,,,,,,,,,,,,,,,,,,,,,,,,,,,,,,,,,,,,,,,,,,,,,,,,,,,,,,,,,,,,,,,,,,,,,,
2017-09-28,980.2,983.2,2017-09-28T23:11:00,972.8,2017-09-28T11:31:00,28.2,35.9,2017-09-28T12:25:00,20.8,2017-09-28T18:52:00,81,64,2017-09-28T16:32:00,1.5,303.0,7.7,290,2017-09-28T12:03:00,0.0,,,,,,,,,,,,,,,,,,,,,,95,2017-09-28T23:21:00,,,,,,,,,,,,,,,,,,,,,,,,,,,,,,,,,,,,,,,,,,,,,,,,,,,,,,,,,,,,,,,,,,,,,,,,,,
2017-09-29,983.1,985.7,2017-09-29T21:51:00,978.9,2017-09-29T00:01:00,26.9,32.3,2017-09-29T10:31:00,22.9,2017-09-29T00:01:00,84,72,2017-09-29T15:21:00,4.1,91.0,11.0,71,2017-09-29T12:20:00,0.0,,,,,,,,,,,,,,,,,,,,,,94,2017-09-29T02:41:00,,,,,,,,,,,,,,,,,,,,,,,,,,,,,,,,,,,,,,,,,,,,,,,,,,,,,,,,,,,,,,,,,,,,,,,,,,
2017-09-30,983.4,984.9,2017-09-30T00:01:00,976.7,2017-09-30T17:52:00,27.8,37.3,2017-09-30T14:01:00,19.2,2017-09-30T02:02:00,72,56,2017-09-30T13:42:00,5.3,88.0,14.8,104,2017-09-30T09:55:00,0.0,,,,,,,,,,,,,,,,,,,,,,84,2017-09-30T00:01:00,,,,,,,,,,,,,,,,,,,,,,,,,,,,,,,,,,,,,,,,,,,,,,,,,,,,,,,,,,,,,,,,,,,,,,,,,,
2017-10-01,981.9,984.0,2017-10-01T08:28:00,979.9,2017-10-01T15:01:00,28.4,36.3,2017-10-01T12:33:00,22.5,2017-10-01T06:11:00,74,55,2017-10-01T10:05:00,1.8,100.0,7.7,107,2017-10-01T00:21:00,0.0,,,,,,,,,,,,,,,,,,,,,,84,2017-10-01T06:47:00,,,,,,,,,,,,,,,,,,,,,,,,,,,,,,,,,,,,,,,,,,,,,,,,,,,,,,,,,,,,,,,,,,,,,,,,,,
2017-10-02,981.2,982.9,2017-10-02T08:02:00,979.2,2017-10-02T14:51:00,28.5,33.2,2017-10-02T21:02:00,22.7,2017-10-02T06:42:00,79,59,2017-10-02T15:55:00,1.3,245.0,6.6,294,2017-10-02T14:58:00,0.0,,,,,,,,,,,,,,,,,,,,,,94,2017-10-02T06:42:00,,,,,,,,,,,,,,,,,,,,,,,,,,,,,,,,,,,,,,,,,,,,,,,,,,,,,,,,,,,,,,,,,,,,,,,,,,
2017-10-03,983.1,985.8,2017-10-03T22:21:00,981.2,2017-10-03T14:27:00,27.9,33.2,2017-10-03T13:11:00,24.0,2017-10-03T07:21:00,81,56,2017-10-03T13:22:00,2.5,79.0,10.4,77,2017-10-03T22:20:00,0.0,,,,,,,,,,,,,,,,,,,,,,94,2017-10-03T03:32:00,,,,,,,,,,,,,,,,,,,,,,,,,,,,,,,,,,,,,,,,,,,,,,,,,,,,,,,,,,,,,,,,,,,,,,,,,,
2017-10-04,985.4,987.1,2017-10-04T10:16:00,982.4,2017-10-04T06:17:00,25.0,28.6,2017-10-04T22:52:00,20.1,2017-10-04T07:38:00,86,75,2017-10-04T13:31:00,2.7,75.0,9.3,47,2017-10-04T15:32:00,10.0,,,,,,,,,,,,,,,,,,,,,,97,2017-10-04T11:31:00,,,,,,,,,,,,,,,,,,,,,,,,,,,,,,,,,,,,,,,,,,,,,,,,,,,,,,,,,,,,,,,,,,,,,,,,,,
2017-10-05,983.5,985.6,2017-10-05T00:02:00,981.1,2017-10-05T14:35:00,26.0,31.6,2017-10-05T23:51:00,23.7,2017-10-05T04:51:00,81,67,2017-10-05T13:01:00,4.8,86.0,13.2,105,2017-10-05T10:24:00,0.0,,,,,,,,,,,,,,,,,,,,,,92,2017-10-05T00:12:00,,,,,,,,,,,,,,,,,,,,,,,,,,,,,,,,,,,,,,,,,,,,,,,,,,,,,,,,,,,,,,,,,,,,,,,,,,
2017-10-06,983.3,984.6,2017-10-06T08:21:00,981.1,2017-10-06T14:54:00,26.6,32.1,2017-10-06T02:51:00,21.5,2017-10-06T07:41:00,87,73,2017-10-06T14:24:00,4.4,85.0,13.2,86,2017-10-06T13:23:00,0.0,,,,,,,,,,,,,,,,,,,,,,94,2017-10-06T20:31:00,,,,,,,,,,,,,,,,,,,,,,,,,,,,,,,,,,,,,,,,,,,,,,,,,,,,,,,,,,,,,,,,,,,,,,,,,,
2017-10-07,984.2,985.6,2017-10-07T09:15:00,982.2,2017-10-07T14:39:00,25.5,27.6,2017-10-07T15:12:00,24.0,2017-10-07T21:21:00,86,72,2017-10-07T14:31:00,4.7,68.0,14.3,82,2017-10-07T14:39:00,0.0,,,,,,,,,,,,,,,,,,,,,,100,2017-10-07T04:41:00,,,,,,,,,,,,,,,,,,,,,,,,,,,,,,,,,,,,,,,,,,,,,,,,,,,,,,,,,,,,,,,,,,,,,,,,,,
2017-10-08,983.3,985.0,2017-10-08T08:41:00,978.4,2017-10-08T15:55:00,26.2,33.6,2017-10-08T15:22:00,22.1,2017-10-08T15:55:00,87,76,2017-10-08T12:54:00,5.5,80.0,16.0,85,2017-10-08T12:22:00,1.5,,,,,,,,,,,,,,,,,,,,,,96,2017-10-08T16:01:00,,,,,,,,,,,,,,,,,,,,,,,,,,,,,,,,,,,,,,,,,,,,,,,,,,,,,,,,,,,,,,,,,,,,,,,,,,
2017-10-09,981.9,983.8,2017-10-09T00:01:00,979.9,2017-10-09T14:36:00,28.0,31.3,2017-10-09T12:00:00,26.0,2017-10-09T03:12:00,78,63,2017-10-09T11:21:00,5.7,90.0,17.1,81,2017-10-09T09:25:00,0.0,,,,,,,,,,,,,,,,,,,,,,93,2017-10-09T06:24:00,,,,,,,,,,,,,,,,,,,,,,,,,,,,,,,,,,,,,,,,,,,,,,,,,,,,,,,,,,,,,,,,,,,,,,,,,,
2017-10-10,981.7,983.4,2017-10-10T08:51:00,979.9,2017-10-10T15:02:00,27.6,32.9,2017-10-10T17:31:00,23.8,2017-10-10T22:04:00,81,64,2017-10-10T14:23:00,6.1,89.0,15.4,96,2017-10-10T16:25:00,0.0,,,,,,,,,,,,,,,,,,,,,,95,2017-10-10T07:01:00,,,,,,,,,,,,,,,,,,,,,,,,,,,,,,,,,,,,,,,,,,,,,,,,,,,,,,,,,,,,,,,,,,,,,,,,,,
2017-10-11,981.9,983.5,2017-10-11T09:22:00,978.3,2017-10-11T18:40:00,26.6,34.5,2017-10-11T12:52:00,20.8,2017-10-11T23:50:00,84,67,2017-10-11T12:21:00,4.9,82.0,13.7,107,2017-10-11T13:20:00,3.5,,,,,,,,,,,,,,,,,,,,,,95,2017-10-11T19:01:00,,,,,,,,,,,,,,,,,,,,,,,,,,,,,,,,,,,,,,,,,,,,,,,,,,,,,,,,,,,,,,,,,,,,,,,,,,
2017-10-12,981.1,983.2,2017-10-12T00:21:00,976.3,2017-10-12T11:43:00,24.0,30.5,2017-10-12T05:44:00,19.8,2017-10-12T01:33:00,94,85,2017-10-12T22:35:00,3.0,87.0,12.6,77,2017-10-12T22:19:00,43.0,,,,,,,,,,,,,,,,,,,,,,99,2017-10-12T12:22:00,,,,,,,,,,,,,,,,,,,,,,,,,,,,,,,,,,,,,,,,,,,,,,,,,,,,,,,,,,,,,,,,,,,,,,,,,,
2017-10-13,978.0,980.7,2017-10-13T00:01:00,972.5,2017-10-13T14:22:00,23.8,29.9,2017-10-13T06:25:00,20.3,2017-10-13T21:43:00,90,81,2017-10-13T04:11:00,4.3,30.0,15.4,82,2017-10-13T16:30:00,26.5,,,,,,,,,,,,,,,,,,,,,,97,2017-10-13T23:58:00,,,,,,,,,,,,,,,,,,,,,,,,,,,,,,,,,,,,,,,,,,,,,,,,,,,,,,,,,,,,,,,,,,,,,,,,,,
2017-10-14,974.5,976.3,2017-10-14T09:02:00,970.0,2017-10-14T15:07:00,24.9,30.6,2017-10-14T16:01:00,20.6,2017-10-14T00:14:00,95,88,2017-10-14T22:22:00,5.2,69.0,15.4,98,2017-10-14T20:25:00,63.0,,,,,,,,,,,,,,,,,,,,,,98,2017-10-14T00:52:00,,,,,,,,,,,,,,,,,,,,,,,,,,,,,,,,,,,,,,,,,,,,,,,,,,,,,,,,,,,,,,,,,,,,,,,,,,
2017-10-15,977.2,980.5,2017-10-15T22:01:00,972.5,2017-10-15T06:14:00,24.9,31.5,2017-10-15T17:42:00,21.7,2017-10-15T06:14:00,97,89,2017-10-15T02:22:00,2.6,91.0,13.7,90,2017-10-15T00:56:00,19.5,,,,,,,,,,,,,,,,,,,,,,100,2017-10-15T07:37:00,,,,,,,,,,,,,,,,,,,,,,,,,,,,,,,,,,,,,,,,,,,,,,,,,,,,,,,,,,,,,,,,,,,,,,,,,,
2017-10-16,980.6,983.0,2017-10-16T23:42:00,978.9,2017-10-16T13:52:00,26.4,30.6,2017-10-16T21:22:00,22.4,2017-10-16T01:34:00,88,70,2017-10-16T11:23:00,1.8,8.0,9.3,95,2017-10-16T16:38:00,0.0,,,,,,,,,,,,,,,,,,,,,,99,2017-10-16T23:21:00,,,,,,,,,,,,,,,,,,,,,,,,,,,,,,,,,,,,,,,,,,,,,,,,,,,,,,,,,,,,,,,,,,,,,,,,,,
2017-10-17,983.3,984.9,2017-10-17T08:52:00,981.8,2017-10-17T13:52:00,23.8,25.0,2017-10-17T16:01:00,19.6,2017-10-17T03:12:00,95,89,2017-10-17T16:01:00,3.0,25.0,11.5,355,2017-10-17T12:57:00,1.0,,,,,,,,,,,,,,,,,,,,,,100,2017-10-17T07:12:00,,,,,,,,,,,,,,,,,,,,,,,,,,,,,,,,,,,,,,,,,,,,,,,,,,,,,,,,,,,,,,,,,,,,,,,,,,
2017-10-18,982.7,983.9,2017-10-18T08:31:00,980.7,2017-10-18T20:13:00,22.8,28.9,2017-10-18T05:41:00,19.2,2017-10-18T00:51:00,95,92,2017-10-18T00:02:00,3.6,13.0,11.0,9,2017-10-18T13:22:00,3.5,,,,,,,,,,,,,,,,,,,,,,100,2017-10-18T19:42:00,,,,,,,,,,,,,,,,,,,,,,,,,,,,,,,,,,,,,,,,,,,,,,,,,,,,,,,,,,,,,,,,,,,,,,,,,,
2017-10-19,981.1,982.8,2017-10-19T09:02:00,978.6,2017-10-19T20:01:00,22.1,23.1,2017-10-19T21:23:00,20.0,2017-10-19T09:49:00,95,87,2017-10-19T01:52:00,3.7,14.0,13.7,32,2017-10-19T16:05:00,13.5,,,,,,,,,,,,,,,,,,,,,,98,2017-10-19T14:31:00,,,,,,,,,,,,,,,,,,,,,,,,,,,,,,,,,,,,,,,,,,,,,,,,,,,,,,,,,,,,,,,,,,,,,,,,,,
2017-10-20,980.8,982.2,2017-10-20T08:23:00,979.4,2017-10-20T03:51:00,20.9,28.3,2017-10-20T00:47:00,16.9,2017-10-20T22:11:00,93,82,2017-10-20T22:19:00,3.6,24.0,10.4,19,2017-10-20T11:03:00,1.5,,,,,,,,,,,,,,,,,,,,,,100,2017-10-20T08:45:00,,,,,,,,,,,,,,,,,,,,,,,,,,,,,,,,,,,,,,,,,,,,,,,,,,,,,,,,,,,,,,,,,,,,,,,,,,
2017-10-21,980.6,982.1,2017-10-21T09:03:00,979.2,2017-10-21T04:01:00,20.0,25.2,2017-10-21T21:03:00,15.8,2017-10-21T00:42:00,77,53,2017-10-21T22:06:00,3.5,358.0,12.6,8,2017-10-21T05:51:00,2.5,,,,,,,,,,,,,,,,,,,,,,96,2017-10-21T03:23:00,,,,,,,,,,,,,,,,,,,,,,,,,,,,,,,,,,,,,,,,,,,,,,,,,,,,,,,,,,,,,,,,,,,,,,,,,,
2017-10-22,981.3,983.5,2017-10-22T23:02:00,979.4,2017-10-22T03:11:00,19.5,24.8,2017-10-22T10:12:00,17.7,2017-10-22T20:21:00,63,53,2017-10-22T14:42:00,2.1,15.0,9.9,16,2017-10-22T13:22:00,0.0,,,,,,,,,,,,,,,,,,,,,,69,2017-10-22T10:36:00,,,,,,,,,,,,,,,,,,,,,,,,,,,,,,,,,,,,,,,,,,,,,,,,,,,,,,,,,,,,,,,,,,,,,,,,,,
2017-10-23,985.5,988.0,2017-10-23T20:31:00,982.5,2017-10-23T01:21:00,20.1,26.1,2017-10-23T09:32:00,17.2,2017-10-23T01:21:00,71,62,2017-10-23T12:53:00,1.9,46.0,9.9,360,2017-10-23T15:32:00,0.0,,,,,,,,,,,,,,,,,,,,,,81,2017-10-23T10:11:00,,,,,,,,,,,,,,,,,,,,,,,,,,,,,,,,,,,,,,,,,,,,,,,,,,,,,,,,,,,,,,,,,,,,,,,,,,
2017-10-24,988.9,990.6,2017-10-24T08:35:00,987.2,2017-10-24T01:42:00,19.9,24.6,2017-10-24T17:32:00,16.3,2017-10-24T06:01:00,81,75,2017-10-24T14:31:00,2.1,81.0,7.7,32,2017-10-24T13:32:00,0.5,,,,,,,,,,,,,,,,,,,,,,89,2017-10-24T10:01:00,,,,,,,,,,,,,,,,,,,,,,,,,,,,,,,,,,,,,,,,,,,,,,,,,,,,,,,,,,,,,,,,,,,,,,,,,,
2017-10-25,988.2,990.2,2017-10-25T08:05:00,986.5,2017-10-25T14:31:00,20.9,28.5,2017-10-25T16:41:00,17.6,2017-10-25T00:02:00,72,54,2017-10-25T13:34:00,3.2,92.0,11.5,91,2017-10-25T11:22:00,0.0,,,,,,,,,,,,,,,,,,,,,,83,2017-10-25T21:41:00,,,,,,,,,,,,,,,,,,,,,,,,,,,,,,,,,,,,,,,,,,,,,,,,,,,,,,,,,,,,,,,,,,,,,,,,,,
2017-10-26,985.1,987.3,2017-10-26T08:51:00,983.3,2017-10-26T15:05:00,21.0,29.1,2017-10-26T10:31:00,18.2,2017-10-26T05:31:00,70,56,2017-10-26T11:52:00,2.8,32.0,9.9,102,2017-10-26T10:21:00,0.0,,,,,,,,,,,,,,,,,,,,,,82,2017-10-26T00:01:00,,,,,,,,,,,,,,,,,,,,,,,,,,,,,,,,,,,,,,,,,,,,,,,,,,,,,,,,,,,,,,,,,,,,,,,,,,
2017-10-27,982.4,984.1,2017-10-27T08:19:00,978.8,2017-10-27T14:51:00,20.9,23.1,2017-10-27T14:11:00,17.6,2017-10-27T00:52:00,77,65,2017-10-27T14:21:00,3.2,11.0,11.0,6,2017-10-27T13:44:00,1.0,,,,,,,,,,,,,,,,,,,,,,92,2017-10-27T23:03:00,,,,,,,,,,,,,,,,,,,,,,,,,,,,,,,,,,,,,,,,,,,,,,,,,,,,,,,,,,,,,,,,,,,,,,,,,,
2017-10-28,983.2,985.8,2017-10-28T21:11:00,979.4,2017-10-28T00:01:00,19.7,26.2,2017-10-28T04:14:00,18.0,2017-10-28T00:01:00,83,70,2017-10-28T15:09:00,2.1,3.0,9.9,5,2017-10-28T00:46:00,1.0,,,,,,,,,,,,,,,,,,,,,,94,2017-10-28T22:11:00,,,,,,,,,,,,,,,,,,,,,,,,,,,,,,,,,,,,,,,,,,,,,,,,,,,,,,,,,,,,,,,,,,,,,,,,,,
2017-10-29,989.1,992.2,2017-10-29T21:34:00,983.0,2017-10-29T02:41:00,19.8,25.5,2017-10-29T21:12:00,16.0,2017-10-29T05:21:00,74,59,2017-10-29T15:11:00,3.1,34.0,11.5,32,2017-10-29T16:50:00,0.5,,,,,,,,,,,,,,,,,,,,,,93,2017-10-29T04:51:00,,,,,,,,,,,,,,,,,,,,,,,,,,,,,,,,,,,,,,,,,,,,,,,,,,,,,,,,,,,,,,,,,,,,,,,,,,
2017-10-30,992.1,994.4,2017-10-30T08:01:00,989.4,2017-10-30T00:01:00,17.8,21.2,2017-10-30T19:01:00,15.5,2017-10-30T01:27:00,74,58,2017-10-30T08:11:00,3.2,33.0,9.9,25,2017-10-30T13:56:00,0.0,,,,,,,,,,,,,,,,,,,,,,88,2017-10-30T23:32:00,,,,,,,,,,,,,,,,,,,,,,,,,,,,,,,,,,,,,,,,,,,,,,,,,,,,,,,,,,,,,,,,,,,,,,,,,,
2017-10-31,988.9,991.0,2017-10-31T00:12:00,985.0,2017-10-31T14:51:00,19.1,21.9,2017-10-31T11:24:00,14.9,2017-10-31T01:42:00,78,62,2017-10-31T11:29:00,3.6,71.0,12.6,76,2017-10-31T09:40:00,0.0,,,,,,,,,,,,,,,,,,,,,,94,2017-10-31T23:54:00,,,,,,,,,,,,,,,,,,,,,,,,,,,,,,,,,,,,,,,,,,,,,,,,,,,,,,,,,,,,,,,,,,,,,,,,,,
2017-11-01,985.3,987.8,2017-11-01T00:01:00,982.9,2017-11-01T14:45:00,21.7,25.7,2017-11-01T13:05:00,17.0,2017-11-01T00:01:00,87,67,2017-11-01T13:43:00,2.9,77.0,11.0,75,2017-11-01T12:21:00,0.0,,,,,,,,,,,,,,,,,,,,,,100,2017-11-01T00:32:00,,,,,,,,,,,,,,,,,,,,,,,,,,,,,,,,,,,,,,,,,,,,,,,,,,,,,,,,,,,,,,,,,,,,,,,,,,
2017-11-02,983.4,984.6,2017-11-02T08:22:00,981.8,2017-11-02T13:31:00,22.6,28.0,2017-11-02T22:21:00,19.4,2017-11-02T23:11:00,95,83,2017-11-02T09:33:00,1.4,342.0,6.6,360,2017-11-02T19:19:00,0.0,,,,,,,,,,,,,,,,,,,,,,100,2017-11-02T17:32:00,,,,,,,,,,,,,,,,,,,,,,,,,,,,,,,,,,,,,,,,,,,,,,,,,,,,,,,,,,,,,,,,,,,,,,,,,,
2017-11-03,986.5,990.0,2017-11-03T22:33:00,983.2,2017-11-03T03:32:00,20.5,27.3,2017-11-03T00:11:00,18.3,2017-11-03T20:41:00,92,76,2017-11-03T23:57:00,3.7,26.0,13.2,51,2017-11-03T23:00:00,4.5,,,,,,,,,,,,,,,,,,,,,,100,2017-11-03T00:31:00,,,,,,,,,,,,,,,,,,,,,,,,,,,,,,,,,,,,,,,,,,,,,,,,,,,,,,,,,,,,,,,,,,,,,,,,,,
2017-11-04,991.7,993.5,2017-11-04T09:42:00,989.0,2017-11-04T02:22:00,18.0,21.3,2017-11-04T01:32:00,16.1,2017-11-04T23:23:00,83,66,2017-11-04T03:41:00,4.0,32.0,13.2,22,2017-11-04T02:15:00,0.0,,,,,,,,,,,,,,,,,,,,,,95,2017-11-04T23:23:00,,,,,,,,,,,,,,,,,,,,,,,,,,,,,,,,,,,,,,,,,,,,,,,,,,,,,,,,,,,,,,,,,,,,,,,,,,
2017-11-05,988.5,991.9,2017-11-05T00:03:00,986.0,2017-11-05T23:54:00,18.7,25.1,2017-11-05T13:46:00,16.2,2017-11-05T00:11:00,87,78,2017-11-05T01:01:00,6.4,88.0,16.0,89,2017-11-05T15:03:00,0.0,,,,,,,,,,,,,,,,,,,,,,93,2017-11-05T20:28:00,,,,,,,,,,,,,,,,,,,,,,,,,,,,,,,,,,,,,,,,,,,,,,,,,,,,,,,,,,,,,,,,,,,,,,,,,,
2017-11-06,984.7,986.6,2017-11-06T00:01:00,983.2,2017-11-06T23:15:00,23.7,27.3,2017-11-06T12:01:00,20.3,2017-11-06T00:03:00,80,66,2017-11-06T13:01:00,5.1,87.0,14.8,99,2017-11-06T00:45:00,0.0,,,,,,,,,,,,,,,,,,,,,,92,2017-11-06T22:01:00,,,,,,,,,,,,,,,,,,,,,,,,,,,,,,,,,,,,,,,,,,,,,,,,,,,,,,,,,,,,,,,,,,,,,,,,,,
2017-11-07,984.6,986.9,2017-11-07T21:52:00,982.9,2017-11-07T13:13:00,24.3,32.3,2017-11-07T14:51:00,21.1,2017-11-07T20:11:00,87,67,2017-11-07T10:15:00,2.7,93.0,10.4,127,2017-11-07T00:54:00,0.0,,,,,,,,,,,,,,,,,,,,,,98,2017-11-07T23:42:00,,,,,,,,,,,,,,,,,,,,,,,,,,,,,,,,,,,,,,,,,,,,,,,,,,,,,,,,,,,,,,,,,,,,,,,,,,
2017-11-08,986.3,987.6,2017-11-08T09:11:00,985.0,2017-11-08T13:35:00,21.0,26.2,2017-11-08T21:35:00,19.7,2017-11-08T04:11:00,94,83,2017-11-08T22:05:00,3.2,14.0,11.0,19,2017-11-08T16:49:00,0.0,,,,,,,,,,,,,,,,,,,,,,100,2017-11-08T02:43:00,,,,,,,,,,,,,,,,,,,,,,,,,,,,,,,,,,,,,,,,,,,,,,,,,,,,,,,,,,,,,,,,,,,,,,,,,,
2017-11-09,985.1,987.1,2017-11-09T07:51:00,983.0,2017-11-09T23:54:00,21.7,27.4,2017-11-09T07:31:00,19.0,2017-11-09T21:51:00,90,83,2017-11-09T10:32:00,5.4,89.0,14.3,81,2017-11-09T12:22:00,0.0,,,,,,,,,,,,,,,,,,,,,,96,2017-11-09T04:21:00,,,,,,,,,,,,,,,,,,,,,,,,,,,,,,,,,,,,,,,,,,,,,,,,,,,,,,,,,,,,,,,,,,,,,,,,,,
2017-11-10,983.6,985.1,2017-11-10T22:41:00,982.1,2017-11-10T14:01:00,24.5,33.0,2017-11-10T14:51:00,22.1,2017-11-10T00:43:00,82,61,2017-11-10T12:35:00,3.0,95.0,11.5,83,2017-11-10T00:11:00,0.0,,,,,,,,,,,,,,,,,,,,,,100,2017-11-10T22:22:00,,,,,,,,,,,,,,,,,,,,,,,,,,,,,,,,,,,,,,,,,,,,,,,,,,,,,,,,,,,,,,,,,,,,,,,,,,
2017-11-11,985.6,987.3,2017-11-11T09:43:00,983.9,2017-11-11T01:55:00,19.9,24.6,2017-11-11T10:11:00,18.6,2017-11-11T19:43:00,93,85,2017-11-11T13:32:00,3.4,6.0,10.4,8,2017-11-11T02:54:00,0.0,,,,,,,,,,,,,,,,,,,,,,100,2017-11-11T21:33:00,,,,,,,,,,,,,,,,,,,,,,,,,,,,,,,,,,,,,,,,,,,,,,,,,,,,,,,,,,,,,,,,,,,,,,,,,,
2017-11-12,984.1,985.8,2017-11-12T08:51:00,982.7,2017-11-12T15:51:00,20.0,25.0,2017-11-12T17:54:00,18.5,2017-11-12T08:29:00,92,78,2017-11-12T12:12:00,4.2,93.0,12.6,93,2017-11-12T18:57:00,0.5,,,,,,,,,,,,,,,,,,,,,,99,2017-11-12T23:53:00,,,,,,,,,,,,,,,,,,,,,,,,,,,,,,,,,,,,,,,,,,,,,,,,,,,,,,,,,,,,,,,,,,,,,,,,,,
2017-11-13,982.7,984.5,2017-11-13T09:38:00,978.5,2017-11-13T14:47:00,20.9,27.4,2017-11-13T22:21:00,17.8,2017-11-13T03:47:00,98,85,2017-11-13T23:42:00,2.2,16.0,9.3,110,2017-11-13T00:38:00,22.5,,,,,,,,,,,,,,,,,,,,,,100,2017-11-13T02:31:00,,,,,,,,,,,,,,,,,,,,,,,,,,,,,,,,,,,,,,,,,,,,,,,,,,,,,,,,,,,,,,,,,,,,,,,,,,
2017-11-14,984.0,985.8,2017-11-14T09:22:00,981.7,2017-11-14T01:15:00,21.0,26.6,2017-11-14T03:32:00,19.6,2017-11-14T21:43:00,95,85,2017-11-14T00:03:00,1.9,11.0,9.3,101,2017-11-14T22:19:00,3.0,,,,,,,,,,,,,,,,,,,,,,100,2017-11-14T07:17:00,,,,,,,,,,,,,,,,,,,,,,,,,,,,,,,,,,,,,,,,,,,,,,,,,,,,,,,,,,,,,,,,,,,,,,,,,,
2017-11-15,985.3,987.1,2017-11-15T07:11:00,983.8,2017-11-15T15:00:00,21.4,27.5,2017-11-15T21:01:00,19.8,2017-11-15T03:42:00,87,72,2017-11-15T12:33:00,4.0,96.0,12.1,78,2017-11-15T19:57:00,0.0,,,,,,,,,,,,,,,,,,,,,,98,2017-11-15T04:53:00,,,,,,,,,,,,,,,,,,,,,,,,,,,,,,,,,,,,,,,,,,,,,,,,,,,,,,,,,,,,,,,,,,,,,,,,,,
2017-11-16,983.5,986.5,2017-11-16T08:53:00,981.0,2017-11-16T15:11:00,23.4,26.3,2017-11-16T12:41:00,20.7,2017-11-16T04:31:00,86,73,2017-11-16T12:46:00,3.2,86.0,9.9,114,2017-11-16T00:50:00,0.0,,,,,,,,,,,,,,,,,,,,,,99,2017-11-16T06:06:00,,,,,,,,,,,,,,,,,,,,,,,,,,,,,,,,,,,,,,,,,,,,,,,,,,,,,,,,,,,,,,,,,,,,,,,,,,
2017-11-17,980.4,982.7,2017-11-17T00:02:00,977.9,2017-11-17T15:31:00,23.7,27.6,2017-11-17T12:03:00,19.8,2017-11-17T07:04:00,87,69,2017-11-17T12:03:00,1.4,302.0,6.0,207,2017-11-17T01:55:00,0.0,,,,,,,,,,,,,,,,,,,,,,100,2017-11-17T04:21:00,,,,,,,,,,,,,,,,,,,,,,,,,,,,,,,,,,,,,,,,,,,,,,,,,,,,,,,,,,,,,,,,,,,,,,,,,,
2017-11-18,984.2,990.5,2017-11-18T22:22:00,978.3,2017-11-18T03:32:00,18.7,27.6,2017-11-18T04:43:00,12.7,2017-11-18T18:42:00,93,74,2017-11-18T00:31:00,3.6,28.0,14.3,15,2017-11-18T09:11:00,6.0,,,,,,,,,,,,,,,,,,,,,,100,2017-11-18T08:21:00,,,,,,,,,,,,,,,,,,,,,,,,,,,,,,,,,,,,,,,,,,,,,,,,,,,,,,,,,,,,,,,,,,,,,,,,,,
2017-11-19,988.3,991.0,2017-11-19T07:11:00,983.0,2017-11-19T17:37:00,15.5,17.0,2017-11-19T22:56:00,11.3,2017-11-19T05:46:00,95,84,2017-11-19T00:03:00,5.2,85.0,17.6,88,2017-11-19T16:38:00,15.5,,,,,,,,,,,,,,,,,,,,,,100,2017-11-19T20:35:00,,,,,,,,,,,,,,,,,,,,,,,,,,,,,,,,,,,,,,,,,,,,,,,,,,,,,,,,,,,,,,,,,,,,,,,,,,
2017-11-20,988.0,990.2,2017-11-20T21:02:00,985.5,2017-11-20T00:32:00,16.9,23.1,2017-11-20T01:41:00,13.6,2017-11-20T18:51:00,98,94,2017-11-20T15:41:00,2.8,81.0,9.3,113,2017-11-20T02:06:00,12.0,,,,,,,,,,,,,,,,,,,,,,100,2017-11-20T02:06:00,,,,,,,,,,,,,,,,,,,,,,,,,,,,,,,,,,,,,,,,,,,,,,,,,,,,,,,,,,,,,,,,,,,,,,,,,,
2017-11-21,985.5,989.3,2017-11-21T00:03:00,982.5,2017-11-21T15:11:00,19.4,23.4,2017-11-21T08:03:00,14.6,2017-11-21T02:48:00,95,86,2017-11-21T15:43:00,4.0,97.0,12.1,90,2017-11-21T07:08:00,5.5,,,,,,,,,,,,,,,,,,,,,,100,2017-11-21T00:23:00,,,,,,,,,,,,,,,,,,,,,,,,,,,,,,,,,,,,,,,,,,,,,,,,,,,,,,,,,,,,,,,,,,,,,,,,,,
2017-11-22,985.3,988.3,2017-11-22T21:01:00,981.2,2017-11-22T13:55:00,17.2,20.5,2017-11-22T00:01:00,14.6,2017-11-22T23:51:00,99,97,2017-11-22T06:27:00,3.1,11.0,11.0,25,2017-11-22T13:56:00,5.5,,,,,,,,,,,,,,,,,,,,,,100,2017-11-22T00:21:00,,,,,,,,,,,,,,,,,,,,,,,,,,,,,,,,,,,,,,,,,,,,,,,,,,,,,,,,,,,,,,,,,,,,,,,,,,
2017-11-23,989.8,991.9,2017-11-23T08:22:00,985.5,2017-11-23T01:41:00,14.6,16.1,2017-11-23T22:15:00,10.9,2017-11-23T02:36:00,86,71,2017-11-23T22:02:00,3.6,17.0,12.6,35,2017-11-23T04:29:00,1.0,,,,,,,,,,,,,,,,,,,,,,100,2017-11-23T00:32:00,,,,,,,,,,,,,,,,,,,,,,,,,,,,,,,,,,,,,,,,,,,,,,,,,,,,,,,,,,,,,,,,,,,,,,,,,,
2017-11-24,991.6,994.5,2017-11-24T08:51:00,987.9,2017-11-24T00:02:00,16.0,22.4,2017-11-24T03:15:00,12.2,2017-11-24T02:21:00,80,74,2017-11-24T08:27:00,3.8,80.0,14.3,90,2017-11-24T20:56:00,0.0,,,,,,,,,,,,,,,,,,,,,,95,2017-11-24T23:01:00,,,,,,,,,,,,,,,,,,,,,,,,,,,,,,,,,,,,,,,,,,,,,,,,,,,,,,,,,,,,,,,,,,,,,,,,,,
2017-11-25,990.2,992.1,2017-11-25T09:41:00,985.7,2017-11-25T14:52:00,16.6,23.1,2017-11-25T19:12:00,13.5,2017-11-25T06:51:00,99,91,2017-11-25T00:12:00,2.8,93.0,11.0,95,2017-11-25T00:04:00,20.5,,,,,,,,,,,,,,,,,,,,,,100,2017-11-25T02:21:00,,,,,,,,,,,,,,,,,,,,,,,,,,,,,,,,,,,,,,,,,,,,,,,,,,,,,,,,,,,,,,,,,,,,,,,,,,
2017-11-26,989.6,991.5,2017-11-26T09:17:00,987.4,2017-11-26T00:02:00,18.2,23.8,2017-11-26T17:48:00,15.1,2017-11-26T11:18:00,98,93,2017-11-26T20:02:00,2.1,3.0,8.2,6,2017-11-26T14:09:00,2.5,,,,,,,,,,,,,,,,,,,,,,100,2017-11-26T01:21:00,,,,,,,,,,,,,,,,,,,,,,,,,,,,,,,,,,,,,,,,,,,,,,,,,,,,,,,,,,,,,,,,,,,,,,,,,,
2017-11-27,987.3,990.0,2017-11-27T09:01:00,982.5,2017-11-27T23:52:00,19.7,24.4,2017-11-27T09:11:00,15.5,2017-11-27T00:11:00,91,80,2017-11-27T13:01:00,5.0,89.0,14.3,80,2017-11-27T17:19:00,0.5,,,,,,,,,,,,,,,,,,,,,,100,2017-11-27T07:01:00,,,,,,,,,,,,,,,,,,,,,,,,,,,,,,,,,,,,,,,,,,,,,,,,,,,,,,,,,,,,,,,,,,,,,,,,,,
2017-11-28,985.7,987.8,2017-11-28T09:11:00,982.8,2017-11-28T00:02:00,23.8,27.6,2017-11-28T13:31:00,19.7,2017-11-28T00:02:00,78,63,2017-11-28T13:41:00,4.4,88.0,14.3,72,2017-11-28T00:03:00,0.0,,,,,,,,,,,,,,,,,,,,,,88,2017-11-28T23:13:00,,,,,,,,,,,,,,,,,,,,,,,,,,,,,,,,,,,,,,,,,,,,,,,,,,,,,,,,,,,,,,,,,,,,,,,,,,
2017-11-29,985.6,987.1,2017-11-29T21:12:00,983.5,2017-11-29T14:17:00,22.8,26.8,2017-11-29T12:52:00,18.5,2017-11-29T23:02:00,91,73,2017-11-29T09:22:00,2.4,296.0,10.4,110,2017-11-29T00:04:00,0.0,,,,,,,,,,,,,,,,,,,,,,100,2017-11-29T18:11:00,,,,,,,,,,,,,,,,,,,,,,,,,,,,,,,,,,,,,,,,,,,,,,,,,,,,,,,,,,,,,,,,,,,,,,,,,,
2017-11-30,987.1,989.5,2017-11-30T21:51:00,985.2,2017-11-30T13:55:00,19.5,23.6,2017-11-30T20:11:00,17.2,2017-11-30T23:57:00,95,90,2017-11-30T10:04:00,3.3,11.0,11.0,2,2017-11-30T13:35:00,0.0,,,,,,,,,,,,,,,,,,,,,,100,2017-11-30T01:21:00,,,,,,,,,,,,,,,,,,,,,,,,,,,,,,,,,,,,,,,,,,,,,,,,,,,,,,,,,,,,,,,,,,,,,,,,,,
2017-12-01,989.4,991.3,2017-12-01T09:02:00,987.6,2017-12-01T15:16:00,17.5,20.6,2017-12-01T11:54:00,16.5,2017-12-01T03:31:00,91,80,2017-12-01T09:43:00,3.4,85.0,10.4,88,2017-12-01T22:17:00,0.5,,,,,,,,,,,,,,,,,,,,,,97,2017-12-01T20:21:00,,,,,,,,,,,,,,,,,,,,,,,,,,,,,,,,,,,,,,,,,,,,,,,,,,,,,,,,,,,,,,,,,,,,,,,,,,
2017-12-02,988.1,990.7,2017-12-02T09:02:00,985.8,2017-12-02T16:21:00,17.8,20.8,2017-12-02T20:04:00,16.4,2017-12-02T06:49:00,95,87,2017-12-02T13:03:00,4.0,91.0,11.0,90,2017-12-02T04:03:00,0.5,,,,,,,,,,,,,,,,,,,,,,100,2017-12-02T18:43:00,,,,,,,,,,,,,,,,,,,,,,,,,,,,,,,,,,,,,,,,,,,,,,,,,,,,,,,,,,,,,,,,,,,,,,,,,,
2017-12-03,986.7,988.7,2017-12-03T09:01:00,984.3,2017-12-03T15:54:00,18.2,19.2,2017-12-03T15:41:00,14.7,2017-12-03T13:12:00,94,82,2017-12-03T23:55:00,2.7,9.0,9.3,12,2017-12-03T21:50:00,0.5,,,,,,,,,,,,,,,,,,,,,,99,2017-12-03T09:20:00,,,,,,,,,,,,,,,,,,,,,,,,,,,,,,,,,,,,,,,,,,,,,,,,,,,,,,,,,,,,,,,,,,,,,,,,,,
2017-12-04,988.1,990.0,2017-12-04T23:12:00,986.7,2017-12-04T14:52:00,17.2,18.8,2017-12-04T11:41:00,14.6,2017-12-04T20:03:00,78,64,2017-12-04T23:22:00,3.9,30.0,13.7,19,2017-12-04T20:38:00,0.0,,,,,,,,,,,,,,,,,,,,,,91,2017-12-04T07:02:00,,,,,,,,,,,,,,,,,,,,,,,,,,,,,,,,,,,,,,,,,,,,,,,,,,,,,,,,,,,,,,,,,,,,,,,,,,
2017-12-05,990.1,993.2,2017-12-05T08:34:00,987.6,2017-12-05T23:48:00,14.5,20.8,2017-12-05T11:22:00,13.4,2017-12-05T11:02:00,71,61,2017-12-05T03:41:00,3.6,37.0,12.1,20,2017-12-05T01:43:00,0.0,,,,,,,,,,,,,,,,,,,,,,82,2017-12-05T07:12:00,,,,,,,,,,,,,,,,,,,,,,,,,,,,,,,,,,,,,,,,,,,,,,,,,,,,,,,,,,,,,,,,,,,,,,,,,,
2017-12-06,987.8,988.9,2017-12-06T05:54:00,986.5,2017-12-06T15:31:00,14.1,21.4,2017-12-06T23:07:00,12.5,2017-12-06T05:41:00,84,66,2017-12-06T01:43:00,3.9,85.0,13.2,118,2017-12-06T10:42:00,1.0,,,,,,,,,,,,,,,,,,,,,,99,2017-12-06T23:12:00,,,,,,,,,,,,,,,,,,,,,,,,,,,,,,,,,,,,,,,,,,,,,,,,,,,,,,,,,,,,,,,,,,,,,,,,,,
2017-12-07,986.6,988.0,2017-12-07T23:52:00,982.9,2017-12-07T15:24:00,15.0,16.4,2017-12-07T10:51:00,12.7,2017-12-07T06:06:00,98,92,2017-12-07T21:51:00,2.6,18.0,9.3,305,2017-12-07T14:18:00,17.0,,,,,,,,,,,,,,,,,,,,,,100,2017-12-07T01:21:00,,,,,,,,,,,,,,,,,,,,,,,,,,,,,,,,,,,,,,,,,,,,,,,,,,,,,,,,,,,,,,,,,,,,,,,,,,
2017-12-08,990.7,993.0,2017-12-08T08:41:00,987.2,2017-12-08T01:53:00,12.8,14.2,2017-12-08T00:03:00,9.1,2017-12-08T23:56:00,75,60,2017-12-08T14:33:00,3.6,47.0,13.7,6,2017-12-08T02:05:00,6.0,,,,,,,,,,,,,,,,,,,,,,98,2017-12-08T02:21:00,,,,,,,,,,,,,,,,,,,,,,,,,,,,,,,,,,,,,,,,,,,,,,,,,,,,,,,,,,,,,,,,,,,,,,,,,,
2017-12-09,986.9,990.2,2017-12-09T00:01:00,984.7,2017-12-09T19:33:00,13.2,19.3,2017-12-09T03:15:00,9.3,2017-12-09T05:27:00,91,74,2017-12-09T04:23:00,2.7,78.0,9.3,97,2017-12-09T08:36:00,2.5,,,,,,,,,,,,,,,,,,,,,,100,2017-12-09T10:21:00,,,,,,,,,,,,,,,,,,,,,,,,,,,,,,,,,,,,,,,,,,,,,,,,,,,,,,,,,,,,,,,,,,,,,,,,,,
2017-12-10,986.1,988.3,2017-12-10T22:27:00,984.6,2017-12-10T03:11:00,16.1,18.5,2017-12-10T14:51:00,13.3,2017-12-10T06:12:00,86,71,2017-12-10T07:41:00,1.6,35.0,7.7,13,2017-12-10T22:48:00,0.0,,,,,,,,,,,,,,,,,,,,,,100,2017-12-10T18:34:00,,,,,,,,,,,,,,,,,,,,,,,,,,,,,,,,,,,,,,,,,,,,,,,,,,,,,,,,,,,,,,,,,,,,,,,,,,
2017-12-11,988.2,989.7,2017-12-11T09:41:00,986.6,2017-12-11T14:32:00,15.7,22.3,2017-12-11T19:51:00,13.0,2017-12-11T17:51:00,70,65,2017-12-11T22:45:00,4.0,85.0,13.2,88,2017-12-12T00:00:00,0.0,,,,,,,,,,,,,,,,,,,,,,78,2017-12-11T00:53:00,,,,,,,,,,,,,,,,,,,,,,,,,,,,,,,,,,,,,,,,,,,,,,,,,,,,,,,,,,,,,,,,,,,,,,,,,,
2017-12-12,988.3,990.5,2017-12-12T09:25:00,986.2,2017-12-12T12:16:00,15.0,22.5,2017-12-12T00:43:00,12.7,2017-12-12T12:02:00,94,67,2017-12-12T01:23:00,4.7,91.0,13.7,88,2017-12-12T01:35:00,5.5,,,,,,,,,,,,,,,,,,,,,,100,2017-12-12T14:05:00,,,,,,,,,,,,,,,,,,,,,,,,,,,,,,,,,,,,,,,,,,,,,,,,,,,,,,,,,,,,,,,,,,,,,,,,,,
2017-12-13,988.0,990.0,2017-12-13T22:11:00,985.5,2017-12-13T04:41:00,15.8,21.1,2017-12-13T20:46:00,12.8,2017-12-13T06:35:00,92,84,2017-12-13T11:25:00,5.8,92.0,17.1,99,2017-12-13T12:18:00,0.0,,,,,,,,,,,,,,,,,,,,,,98,2017-12-13T02:51:00,,,,,,,,,,,,,,,,,,,,,,,,,,,,,,,,,,,,,,,,,,,,,,,,,,,,,,,,,,,,,,,,,,,,,,,,,,
2017-12-14,987.3,989.0,2017-12-14T08:03:00,985.6,2017-12-14T14:32:00,16.9,20.6,2017-12-14T18:51:00,13.7,2017-12-14T00:05:00,87,78,2017-12-14T16:02:00,6.4,94.0,16.0,89,2017-12-14T11:02:00,0.0,,,,,,,,,,,,,,,,,,,,,,96,2017-12-14T00:16:00,,,,,,,,,,,,,,,,,,,,,,,,,,,,,,,,,,,,,,,,,,,,,,,,,,,,,,,,,,,,,,,,,,,,,,,,,,
2017-12-15,986.5,987.7,2017-12-15T00:01:00,983.8,2017-12-15T13:36:00,19.0,22.1,2017-12-15T14:01:00,16.7,2017-12-15T06:48:00,80,67,2017-12-15T14:01:00,4.4,92.0,14.3,108,2017-12-15T10:54:00,0.0,,,,,,,,,,,,,,,,,,,,,,95,2017-12-15T06:04:00,,,,,,,,,,,,,,,,,,,,,,,,,,,,,,,,,,,,,,,,,,,,,,,,,,,,,,,,,,,,,,,,,,,,,,,,,,
2017-12-16,991.4,995.9,2017-12-16T21:31:00,987.2,2017-12-16T00:01:00,14.3,23.7,2017-12-16T04:51:00,10.4,2017-12-16T23:33:00,94,74,2017-12-16T00:41:00,4.4,32.0,16.0,4,2017-12-16T13:41:00,4.0,,,,,,,,,,,,,,,,,,,,,,99,2017-12-16T06:51:00,,,,,,,,,,,,,,,,,,,,,,,,,,,,,,,,,,,,,,,,,,,,,,,,,,,,,,,,,,,,,,,,,,,,,,,,,,
2017-12-17,994.6,996.5,2017-12-17T08:52:00,992.6,2017-12-17T14:52:00,11.1,13.5,2017-12-17T20:21:00,10.0,2017-12-17T07:13:00,89,77,2017-12-17T08:21:00,3.5,29.0,14.3,39,2017-12-17T00:36:00,1.5,,,,,,,,,,,,,,,,,,,,,,98,2017-12-17T17:54:00,,,,,,,,,,,,,,,,,,,,,,,,,,,,,,,,,,,,,,,,,,,,,,,,,,,,,,,,,,,,,,,,,,,,,,,,,,
2017-12-18,992.9,994.6,2017-12-18T08:47:00,990.8,2017-12-18T14:25:00,12.7,19.8,2017-12-18T12:02:00,11.1,2017-12-18T15:25:00,94,88,2017-12-18T01:41:00,2.2,26.0,8.8,79,2017-12-18T13:22:00,0.5,,,,,,,,,,,,,,,,,,,,,,100,2017-12-18T09:05:00,,,,,,,,,,,,,,,,,,,,,,,,,,,,,,,,,,,,,,,,,,,,,,,,,,,,,,,,,,,,,,,,,,,,,,,,,,
2017-12-19,994.9,996.6,2017-12-19T09:21:00,991.0,2017-12-19T03:51:00,12.2,19.7,2017-12-19T00:03:00,8.9,2017-12-19T07:01:00,95,84,2017-12-19T23:46:00,3.0,53.0,12.1,12,2017-12-19T07:04:00,10.5,,,,,,,,,,,,,,,,,,,,,,98,2017-12-19T16:51:00,,,,,,,,,,,,,,,,,,,,,,,,,,,,,,,,,,,,,,,,,,,,,,,,,,,,,,,,,,,,,,,,,,,,,,,,,,
2017-12-20,996.8,998.4,2017-12-20T08:51:00,994.6,2017-12-20T14:03:00,13.8,19.7,2017-12-20T03:11:00,9.8,2017-12-20T17:14:00,71,53,2017-12-20T11:51:00,3.7,40.0,13.7,61,2017-12-20T11:08:00,0.0,,,,,,,,,,,,,,,,,,,,,,93,2017-12-20T01:22:00,,,,,,,,,,,,,,,,,,,,,,,,,,,,,,,,,,,,,,,,,,,,,,,,,,,,,,,,,,,,,,,,,,,,,,,,,,
2017-12-21,994.2,997.4,2017-12-21T00:01:00,990.5,2017-12-21T15:29:00,14.1,20.8,2017-12-21T21:52:00,11.2,2017-12-21T20:23:00,62,51,2017-12-21T13:05:00,5.7,73.0,18.7,92,2017-12-21T15:29:00,0.0,,,,,,,,,,,,,,,,,,,,,,71,2017-12-21T21:52:00,,,,,,,,,,,,,,,,,,,,,,,,,,,,,,,,,,,,,,,,,,,,,,,,,,,,,,,,,,,,,,,,,,,,,,,,,,
2017-12-22,988.4,991.8,2017-12-22T00:01:00,985.4,2017-12-22T17:13:00,17.6,20.9,2017-12-22T13:04:00,11.6,2017-12-22T05:53:00,68,53,2017-12-22T12:31:00,5.6,90.0,15.4,98,2017-12-22T17:13:00,0.0,,,,,,,,,,,,,,,,,,,,,,76,2017-12-22T06:46:00,,,,,,,,,,,,,,,,,,,,,,,,,,,,,,,,,,,,,,,,,,,,,,,,,,,,,,,,,,,,,,,,,,,,,,,,,,
2017-12-23,984.9,986.8,2017-12-23T06:41:00,982.5,2017-12-23T13:51:00,19.3,24.1,2017-12-23T12:11:00,16.7,2017-12-23T06:51:00,72,49,2017-12-23T12:06:00,2.1,90.0,10.4,117,2017-12-23T02:02:00,0.0,,,,,,,,,,,,,,,,,,,,,,81,2017-12-23T23:22:00,,,,,,,,,,,,,,,,,,,,,,,,,,,,,,,,,,,,,,,,,,,,,,,,,,,,,,,,,,,,,,,,,,,,,,,,,,
2017-12-24,986.8,990.2,2017-12-24T22:51:00,984.1,2017-12-24T03:59:00,17.1,24.0,2017-12-24T18:41:00,14.4,2017-12-24T22:13:00,82,65,2017-12-24T18:49:00,2.5,16.0,8.8,234,2017-12-24T05:59:00,0.0,,,,,,,,,,,,,,,,,,,,,,98,2017-12-24T05:45:00,,,,,,,,,,,,,,,,,,,,,,,,,,,,,,,,,,,,,,,,,,,,,,,,,,,,,,,,,,,,,,,,,,,,,,,,,,
2017-12-25,989.9,992.6,2017-12-25T08:53:00,987.4,2017-12-25T15:28:00,14.5,21.8,2017-12-25T00:41:00,12.2,2017-12-25T07:51:00,65,56,2017-12-25T05:11:00,5.2,56.0,14.8,95,2017-12-25T21:25:00,0.0,,,,,,,,,,,,,,,,,,,,,,74,2017-12-25T20:31:00,,,,,,,,,,,,,,,,,,,,,,,,,,,,,,,,,,,,,,,,,,,,,,,,,,,,,,,,,,,,,,,,,,,,,,,,,,
2017-12-26,989.6,991.7,2017-12-26T09:31:00,987.3,2017-12-26T13:55:00,16.1,22.7,2017-12-26T22:01:00,14.3,2017-12-26T22:11:00,74,68,2017-12-26T13:50:00,6.2,89.0,14.8,112,2017-12-26T12:34:00,0.0,,,,,,,,,,,,,,,,,,,,,,82,2017-12-26T10:34:00,,,,,,,,,,,,,,,,,,,,,,,,,,,,,,,,,,,,,,,,,,,,,,,,,,,,,,,,,,,,,,,,,,,,,,,,,,
2017-12-27,989.8,992.2,2017-12-27T08:31:00,986.9,2017-12-27T14:13:00,16.4,23.1,2017-12-27T17:54:00,14.8,2017-12-27T07:01:00,73,67,2017-12-27T15:03:00,6.5,94.0,16.0,94,2017-12-27T11:06:00,0.0,,,,,,,,,,,,,,,,,,,,,,83,2017-12-27T23:34:00,,,,,,,,,,,,,,,,,,,,,,,,,,,,,,,,,,,,,,,,,,,,,,,,,,,,,,,,,,,,,,,,,,,,,,,,,,
2017-12-28,988.4,990.2,2017-12-28T00:46:00,985.8,2017-12-28T14:32:00,18.4,26.0,2017-12-28T17:32:00,16.3,2017-12-28T00:12:00,76,65,2017-12-28T13:11:00,4.0,96.0,12.6,91,2017-12-28T10:22:00,0.0,,,,,,,,,,,,,,,,,,,,,,94,2017-12-28T23:56:00,,,,,,,,,,,,,,,,,,,,,,,,,,,,,,,,,,,,,,,,,,,,,,,,,,,,,,,,,,,,,,,,,,,,,,,,,,
2017-12-29,990.1,993.0,2017-12-29T09:09:00,988.3,2017-12-29T02:22:00,17.0,22.9,2017-12-29T06:24:00,14.5,2017-12-29T08:22:00,96,82,2017-12-29T13:53:00,3.0,78.0,10.4,83,2017-12-29T15:41:00,0.5,,,,,,,,,,,,,,,,,,,,,,100,2017-12-29T05:13:00,,,,,,,,,,,,,,,,,,,,,,,,,,,,,,,,,,,,,,,,,,,,,,,,,,,,,,,,,,,,,,,,,,,,,,,,,,
2017-12-30,990.2,992.1,2017-12-30T08:51:00,986.8,2017-12-30T13:43:00,16.3,22.7,2017-12-30T17:37:00,12.4,2017-12-30T09:51:00,92,81,2017-12-30T14:22:00,2.6,89.0,13.7,88,2017-12-30T12:48:00,2.0,,,,,,,,,,,,,,,,,,,,,,100,2017-12-30T08:13:00,,,,,,,,,,,,,,,,,,,,,,,,,,,,,,,,,,,,,,,,,,,,,,,,,,,,,,,,,,,,,,,,,,,,,,,,,,
2017-12-31,991.2,993.2,2017-12-31T09:53:00,989.6,2017-12-31T04:56:00,13.4,21.0,2017-12-31T02:52:00,9.8,2017-12-31T10:53:00,89,72,2017-12-31T21:31:00,3.7,19.0,13.7,354,2017-12-31T09:53:00,1.5,,,,,,,,,,,,,,,,,,,,,,99,2017-12-31T06:34:00,,,,,,,,,,,,,,,,,,,,,,,,,,,,,,,,,,,,,,,,,,,,,,,,,,,,,,,,,,,,,,,,,,,,,,,,,,
