,StnPres,SeaPres,StnPresMax,StnPresMaxTime,StnPresMin,StnPresMinTime,Tx,TxMaxAbs,TxMaxAbsTime,TxMinAbs,TxMinAbsTime,Td,RH,RHMin,RHMinTime,WS,WD,WSGust,WDGust,WGustTime,Precp,PrecpHour,PrecpMax10,PrecpMax10Time,PrecpMax60,PrecpMax60Time,SunShine,SunShineRate,GloblRad,EvapA,TxSoil0cm,TxSoil5cm,TxSoil10cm,TxSoil20cm,TxSoil50cm,TxSoil100cm,AirTemperature.DailyRangef,AirTemperature.MaximumTimef,AirTemperature.Maximumf,AirTemperature.Meanf,AirTemperature.MinimumTimef,AirTemperature.Minimumf,CloudAmount,CloudAmountSat,DewPointTemperature.Maximum,DewPointTemperature.MaximumTime,DewPointTemperature.MaximumTimef,DewPointTemperature.Maximumf,DewPointTemperature.Meanf,DewPointTemperature.Minimum,DewPointTemperature.MinimumTime,DewPointTemperature.MinimumTimef,DewPointTemperature.Minimumf,EvaporationClassAPan.Accumulationf,GlobalSolarRadiation.Accumulationf,GlobalSolarRadiation.HourlyMaximumTimef,GlobalSolarRadiation.HourlyMaximumf,GloblRadMax,GloblRadMaxTime,PeakGust.Directionf,PeakGust.MaximumTimef,PeakGust.Maximumf,Precipitation.Accumulationf,Precipitation.HourlyMaximum,Precipitation.HourlyMaximumTime,Precipitation.HourlyMaximumTimef,Precipitation.HourlyMaximumf,Precipitation.SixtyMinutelyMaximumTimef,Precipitation.SixtyMinutelyMaximumf,Precipitation.TenMinutelyMaximumTimef,Precipitation.TenMinutelyMaximumf,PrecipitationDuration.Totalf,RelativeHumidity.Maximum,RelativeHumidity.MaximumTime,RelativeHumidity.MaximumTimef,RelativeHumidity.Maximumf,RelativeHumidity.Meanf,RelativeHumidity.MinimumTimef,RelativeHumidity.Minimumf,SeaLevelPressure.Maximum,SeaLevelPressure.MaximumTime,SeaLevelPressure.MaximumTimef,SeaLevelPressure.Maximumf,SeaLevelPressure.Meanf,SeaLevelPressure.Minimum,SeaLevelPressure.MinimumTime,SeaLevelPressure.MinimumTimef,SeaLevelPressure.Minimumf,SoilTemperatureAt0cm.Meanf,SoilTemperatureAt100cm.Meanf,SoilTemperatureAt10cm.Meanf,SoilTemperatureAt20cm.Meanf,SoilTemperatureAt30cm.Meanf,SoilTemperatureAt50cm.Meanf,SoilTemperatureAt5cm.Meanf,StationPressure.MaximumTimef,StationPressure.Maximumf,StationPressure.Meanf,StationPressure.MinimumTimef,StationPressure.Minimumf,SunshineDuration.Ratef,SunshineDuration.Totalf,TotalCloudAmount.Meanf,TotalCloudAmount.SatRetrievedMeanf,TxRange,TxSoil30cm,UVIMax,UVIMaxTime,UVIndex.MaximumTimef,UVIndex.Maximumf,VisbAutoMean,VisbMean,Visibility.AutoMeanf,Visibility.Meanf,WindDirection.CountForCode00,WindDirection.CountForCode00f,WindDirection.CountForCode01,WindDirection.CountForCode01f,WindDirection.CountForCode02,WindDirection.CountForCode02f,WindDirection.CountForCode03,WindDirection.CountForCode03f,WindDirection.CountForCode04,WindDirection.CountForCode04f,WindDirection.CountForCode05,WindDirection.CountForCode05f,WindDirection.CountForCode06,WindDirection.CountForCode06f,WindDirection.CountForCode07,WindDirection.CountForCode07f,WindDirection.CountForCode08,WindDirection.CountForCode08f,WindDirection.CountForCode09,WindDirection.CountForCode09f,WindDirection.CountForCode10,WindDirection.CountForCode10f,WindDirection.CountForCode11,WindDirection.CountForCode11f,WindDirection.CountForCode12,WindDirection.CountForCode12f,WindDirection.CountForCode13,WindDirection.CountForCode13f,WindDirection.CountForCode14,WindDirection.CountForCode14f,WindDirection.CountForCode15,WindDirection.CountForCode15f,WindDirection.CountForCode16,WindDirection.CountForCode16f,WindDirection.CountForCode17,WindDirection.CountForCode17f,WindDirection.CountForCode18,WindDirection.CountForCode18f,WindDirection.CountForCode19,WindDirection.CountForCode19f,WindDirection.CountForCode20,WindDirection.CountForCode20f,WindDirection.CountForCode21,WindDirection.CountForCode21f,WindDirection.CountForCode22,WindDirection.CountForCode22f,WindDirection.CountForCode23,WindDirection.CountForCode23f,WindDirection.CountForCode24,WindDirection.CountForCode24f,WindDirection.CountForCode25,WindDirection.CountForCode25f,WindDirection.CountForCode26,WindDirection.CountForCode26f,WindDirection.CountForCode27,WindDirection.CountForCode27f,WindDirection.CountForCode28,WindDirection.CountForCode28f,WindDirection.CountForCode29,WindDirection.CountForCode29f,WindDirection.CountForCode30,WindDirection.CountForCode30f,WindDirection.CountForCode31,WindDirection.CountForCode31f,WindDirection.CountForCode32,WindDirection.CountForCode32f,WindDirection.CountForCode33,WindDirection.CountForCode33f,WindDirection.CountForCode34,WindDirection.CountForCode34f,WindDirection.CountForCode35,WindDirection.CountForCode35f,WindDirection.CountForCode36,WindDirection.CountForCode36f,WindDirection.CountForCode99,WindDirection.CountForCode99f,WindDirection.Prevailingf,WindDirection.TenMinutelyMaximum,WindDirection.TenMinutelyMaximumf,WindSpeed.Meanf,WindSpeed.TenMinutelyMaximum,WindSpeed.TenMinutelyMaximumTime,WindSpeed.TenMinutelyMaximumTimef,WindSpeed.TenMinutelyMaximumf,WindSpeed.TotalForCode00,WindSpeed.TotalForCode00f,WindSpeed.TotalForCode01,WindSpeed.TotalForCode01f,WindSpeed.TotalForCode02,WindSpeed.TotalForCode02f,WindSpeed.TotalForCode03,WindSpeed.TotalForCode03f,WindSpeed.TotalForCode04,WindSpeed.TotalForCode04f,WindSpeed.TotalForCode05,WindSpeed.TotalForCode05f,WindSpeed.TotalForCode06,WindSpeed.TotalForCode06f,WindSpeed.TotalForCode07,WindSpeed.TotalForCode07f,WindSpeed.TotalForCode08,WindSpeed.TotalForCode08f,WindSpeed.TotalForCode09,WindSpeed.TotalForCode09f,WindSpeed.TotalForCode10,WindSpeed.TotalForCode10f,WindSpeed.TotalForCode11,WindSpeed.TotalForCode11f,WindSpeed.TotalForCode12,WindSpeed.TotalForCode12f,WindSpeed.TotalForCode13,WindSpeed.TotalForCode13f,WindSpeed.TotalForCode14,WindSpeed.TotalForCode14f,WindSpeed.TotalForCode15,WindSpeed.TotalForCode15f,WindSpeed.TotalForCode16,WindSpeed.TotalForCode16f,WindSpeed.TotalForCode17,WindSpeed.TotalForCode17f,WindSpeed.TotalForCode18,WindSpeed.TotalForCode18f,WindSpeed.TotalForCode19,WindSpeed.TotalForCode19f,WindSpeed.TotalForCode20,WindSpeed.TotalForCode20f,WindSpeed.TotalForCode21,WindSpeed.TotalForCode21f,WindSpeed.TotalForCode22,WindSpeed.TotalForCode22f,WindSpeed.TotalForCode23,WindSpeed.TotalForCode23f,WindSpeed.TotalForCode24,WindSpeed.TotalForCode24f,WindSpeed.TotalForCode25,WindSpeed.TotalForCode25f,WindSpeed.TotalForCode26,WindSpeed.TotalForCode26f,WindSpeed.TotalForCode27,WindSpeed.TotalForCode27f,WindSpeed.TotalForCode28,WindSpeed.TotalForCode28f,WindSpeed.TotalForCode29,WindSpeed.TotalForCode29f,WindSpeed.TotalForCode30,WindSpeed.TotalForCode30f,WindSpeed.TotalForCode31,WindSpeed.TotalForCode31f,WindSpeed.TotalForCode32,WindSpeed.TotalForCode32f,WindSpeed.TotalForCode33,WindSpeed.TotalForCode33f,WindSpeed.TotalForCode34,WindSpeed.TotalForCode34f,WindSpeed.TotalForCode35,WindSpeed.TotalForCode35f,WindSpeed.TotalForCode36,WindSpeed.TotalForCode36f,WindSpeed.TotalForCode99,WindSpeed.TotalForCode99f
2009-01-01,929.6,1553.9,931.1,2009-01-01T22:40:00,928.2,2009-01-01T14:13:00,3.6,4.8,2009-01-01T00:01:00,2.3,2009-01-01T07:22:00,0.9,82,77,2009-01-01T20:05:00,5.9,340,19.9,330,2009-01-01T07:12:00,0.5,0.5,0.5,2009-01-01T03:10:00,0.5,2009-01-01T03:10:00,0.8,7.6,3.96,0.5,,,,,,,,,,,,,8.3,,2.6,2009-01-01T00:48:00,,,,-0.8,2009-01-01T06:11:00,,,,,,,0.82,2009-01-01T11:00:00,,,,,,,,,,,,,,90,2009-01-01T11:39:00,,,,,,1566.6,2009-01-01T22:40:00,,,,1540.3,2009-01-01T14:43:00,,,,,,,,,,,,,,,,,,,2.5,,,,,,,14.5,,,0,,0,,0,,0,,0,,0,,0,,0,,0,,0,,0,,0,,0,,0,,0,,0,,0,,0,,0,,1,,0,,0,,0,,0,,0,,0,,0,,0,,0,,0,,1,,1,,7,,7,,7,,0,,0,,0,,,340,,,9.9,2009-01-01T08:41:00,,,0.0,,0.0,,0.0,,0.0,,0.0,,0.0,,0.0,,0.0,,0.0,,0.0,,0.0,,0.0,,0.0,,0.0,,0.0,,0.0,,0.0,,0.0,,0.0,,1.9,,0.0,,0.0,,0.0,,0.0,,0.0,,0.0,,0.0,,0.0,,0.0,,0.0,,3.4,,4.5,,33.1,,47.8,,50.7,,0.0,,0.0,,0.0,
2009-01-02,929.9,1559.0,931.5,2009-01-02T09:03:00,928.3,2009-01-02T14:56:00,5.9,7.4,2009-01-02T23:00:00,4.0,2009-01-02T00:05:00,3.7,86,80,2009-01-02T03:00:00,3.7,330,15.7,360,2009-01-02T03:53:00,0.5,3.1,0.2,2009-01-02T20:30:00,0.5,2009-01-02T20:01:00,0.0,0.0,3.22,-0.7,,,,,,,,,,,,,9.5,,5.7,2009-01-02T19:54:00,,,,1.1,2009-01-02T03:06:00,,,,,,,0.68,2009-01-02T13:00:00,,,,,,,,,,,,,,91,2009-01-02T19:54:00,,,,,,1573.0,2009-01-02T09:40:00,,,,1546.4,2009-01-02T14:57:00,,,,,,,,,,,,,,,,,,,3.4,,,,,,,11.2,,,0,,0,,0,,0,,0,,0,,0,,0,,0,,0,,0,,0,,0,,0,,0,,0,,0,,0,,1,,0,,0,,1,,0,,1,,1,,2,,0,,0,,2,,1,,0,,1,,4,,9,,1,,0,,0,,0,,,320,,,7.0,2009-01-02T00:11:00,,,0.0,,0.0,,0.0,,0.0,,0.0,,0.0,,0.0,,0.0,,0.0,,0.0,,0.0,,0.0,,0.0,,0.0,,0.0,,0.0,,0.0,,0.0,,3.0,,0.0,,0.0,,2.0,,0.0,,2.8,,1.8,,3.5,,0.0,,0.0,,2.8,,1.9,,0.0,,3.3,,13.2,,48.3,,5.0,,0.0,,0.0,,0.0,
2009-01-03,927.7,1548.7,930.0,2009-01-03T08:48:00,925.7,2009-01-03T14:43:00,9.1,12.1,2009-01-03T12:45:00,6.6,2009-01-03T02:04:00,6.6,85,72,2009-01-03T10:59:00,3.8,140,15.9,150,2009-01-03T17:20:00,0.5,1.2,0.5,2009-01-03T23:44:00,0.5,2009-01-03T22:54:00,5.2,49.2,12.34,-0.2,,,,,,,,,,,,,6.5,,10.0,2009-01-03T23:59:59,,,,3.8,2009-01-03T02:02:00,,,,,,,2.67,2009-01-03T13:00:00,,,,,,,,,,,,,,97,2009-01-03T23:59:59,,,,,,1568.6,2009-01-03T09:26:00,,,,1530.3,2009-01-03T15:12:00,,,,,,,,,,,,,,,,,,,5.5,,,,,,,14.5,,,0,,0,,0,,0,,0,,0,,0,,0,,0,,0,,0,,0,,0,,0,,6,,2,,5,,0,,4,,1,,1,,0,,0,,0,,0,,0,,0,,0,,1,,0,,0,,0,,1,,0,,0,,0,,0,,3,,,160,,,7.2,2009-01-03T13:42:00,,,0.0,,0.0,,0.0,,0.0,,0.0,,0.0,,0.0,,0.0,,0.0,,0.0,,0.0,,0.0,,0.0,,0.0,,35.8,,7.6,,21.5,,0.0,,11.3,,3.5,,2.0,,0.0,,0.0,,0.0,,0.0,,0.0,,0.0,,0.0,,1.7,,0.0,,0.0,,0.0,,1.9,,0.0,,0.0,,0.0,,0.0,,5.4,
2009-01-04,925.8,1538.3,927.3,2009-01-04T09:07:00,924.3,2009-01-04T15:17:00,11.7,13.5,2009-01-04T12:14:00,10.5,2009-01-04T00:01:00,11.4,98,92,2009-01-04T14:14:00,2.5,140,13.8,140,2009-01-04T01:14:00,20.5,21.7,1.5,2009-01-04T15:15:00,6.0,2009-01-04T14:54:00,0.0,0.0,2.79,-0.6,,,,,,,,,,,,,10.0,,13.4,2009-01-04T12:16:00,,,,9.9,2009-01-04T17:17:00,,,,,,,0.73,2009-01-04T13:00:00,,,,,,,,,,,,,,100,2009-01-04T00:48:00,,,,,,1551.5,2009-01-04T10:04:00,,,,1525.5,2009-01-04T15:17:00,,,,,,,,,,,,,,,,,,,3.0,,,,,,,4.4,,,0,,0,,2,,0,,0,,1,,1,,1,,0,,0,,0,,0,,0,,2,,4,,0,,0,,1,,3,,3,,0,,0,,0,,0,,0,,0,,0,,0,,0,,0,,0,,0,,0,,0,,3,,0,,0,,3,,,150,,,6.8,2009-01-04T01:14:00,,,0.0,,0.0,,3.2,,0.0,,0.0,,1.7,,1.2,,2.2,,0.0,,0.0,,0.0,,0.0,,0.0,,2.3,,15.5,,0.0,,0.0,,2.5,,6.6,,6.0,,0.0,,0.0,,0.0,,0.0,,0.0,,0.0,,0.0,,0.0,,0.0,,0.0,,0.0,,0.0,,0.0,,0.0,,15.3,,0.0,,0.0,,3.5,
2009-01-05,926.1,1542.4,928.2,2009-01-05T09:11:00,924.4,2009-01-05T15:36:00,11.6,12.4,2009-01-05T00:01:00,10.8,2009-01-05T05:06:00,11.2,97,94,2009-01-05T15:05:00,2.8,340,18.1,110,2009-01-05T23:24:00,46.0,24.0,1.5,2009-01-05T19:05:00,5.5,2009-01-05T19:04:00,0.0,0.0,3.07,-0.1,,,,,,,,,,,,,10.0,,12.3,2009-01-05T11:31:00,,,,10.4,2009-01-05T05:13:00,,,,,,,0.87,2009-01-05T12:00:00,,,,,,,,,,,,,,100,2009-01-05T08:50:00,,,,,,1561.1,2009-01-05T09:11:00,,,,1526.9,2009-01-05T15:36:00,,,,,,,,,,,,,,,,,,,1.6,,,,,,,2.3,,,0,,3,,1,,0,,0,,0,,0,,0,,0,,0,,0,,0,,0,,0,,1,,0,,1,,1,,1,,0,,1,,0,,1,,0,,1,,0,,1,,1,,0,,0,,0,,1,,2,,1,,3,,1,,0,,3,,,340,,,7.1,2009-01-05T05:03:00,,,0.0,,8.4,,2.3,,0.0,,0.0,,0.0,,0.0,,0.0,,0.0,,0.0,,0.0,,0.0,,0.0,,0.0,,3.4,,0.0,,2.3,,3.8,,2.2,,0.0,,2.4,,0.0,,1.7,,0.0,,1.9,,0.0,,2.2,,1.9,,0.0,,0.0,,0.0,,3.6,,6.0,,3.1,,12.5,,2.4,,0.0,,6.5,
2009-01-06,925.6,1539.4,927.1,2009-01-06T09:13:00,924.1,2009-01-06T15:01:00,12.5,15.0,2009-01-06T12:59:00,10.8,2009-01-06T04:25:00,11.8,96,88,2009-01-06T13:15:00,3.3,330,17.5,330,2009-01-06T09:22:00,49.0,21.7,1.5,2009-01-06T00:20:00,7.5,2009-01-06T00:10:00,0.3,2.8,5.36,-0.2,,,,,,,,,,,,,10.0,,14.0,2009-01-06T13:00:00,,,,9.9,2009-01-06T04:28:00,,,,,,,1.34,2009-01-06T14:00:00,,,,,,,,,,,,,,100,2009-01-06T10:03:00,,,,,,1551.5,2009-01-06T09:15:00,,,,1526.1,2009-01-06T15:21:00,,,,,,,,,,,,,,,,,,,4.2,,,,,,,4.9,,,0,,1,,1,,1,,0,,0,,0,,0,,0,,0,,0,,0,,0,,0,,0,,0,,0,,0,,2,,2,,0,,0,,0,,0,,0,,0,,0,,0,,0,,0,,1,,1,,2,,6,,4,,1,,1,,1,,,330,,,7.1,2009-01-06T08:50:00,,,0.0,,2.0,,2.7,,2.8,,0.0,,0.0,,0.0,,0.0,,0.0,,0.0,,0.0,,0.0,,0.0,,0.0,,0.0,,0.0,,0.0,,0.0,,5.1,,3.7,,0.0,,0.0,,0.0,,0.0,,0.0,,0.0,,0.0,,0.0,,0.0,,0.0,,2.3,,3.5,,7.3,,23.9,,17.9,,4.5,,2.7,,1.8,
2009-01-07,926.4,1546.4,927.9,2009-01-07T22:58:00,925.2,2009-01-07T01:26:00,11.6,12.8,2009-01-07T00:01:00,11.0,2009-01-07T14:06:00,11.3,98,95,2009-01-07T00:19:00,5.0,350,15.1,340,2009-01-07T22:38:00,54.0,24.0,1.5,2009-01-07T00:04:00,5.5,2009-01-07T06:56:00,0.0,0.0,0.71,-0.2,,,,,,,,,,,,,10.0,,12.3,2009-01-07T09:50:00,,,,10.6,2009-01-07T22:47:00,,,,,,,0.28,2009-01-07T15:00:00,,,,,,,,,,,,,,100,2009-01-07T08:42:00,,,,,,1558.8,2009-01-07T09:46:00,,,,1534.1,2009-01-07T14:50:00,,,,,,,,,,,,,,,,,,,1.8,,,,,,,5.3,,,0,,0,,0,,0,,0,,0,,0,,0,,0,,1,,0,,0,,0,,0,,0,,0,,0,,0,,0,,0,,0,,0,,0,,0,,0,,0,,0,,0,,1,,0,,0,,0,,5,,1,,3,,13,,0,,0,,,350,,,8.4,2009-01-07T01:30:00,,,0.0,,0.0,,0.0,,0.0,,0.0,,0.0,,0.0,,0.0,,0.0,,2.3,,0.0,,0.0,,0.0,,0.0,,0.0,,0.0,,0.0,,0.0,,0.0,,0.0,,0.0,,0.0,,0.0,,0.0,,0.0,,0.0,,0.0,,0.0,,2.7,,0.0,,0.0,,0.0,,20.4,,4.8,,18.0,,72.6,,0.0,,0.0,
2009-01-08,927.7,1554.5,929.1,2009-01-08T09:14:00,926.2,2009-01-08T14:04:00,10.1,11.5,2009-01-08T01:22:00,7.5,2009-01-08T23:38:00,9.9,99,95,2009-01-08T00:05:00,4.0,350,16.1,350,2009-01-08T22:08:00,36.0,24.0,1.5,2009-01-08T08:23:00,4.5,2009-01-08T08:10:00,0.0,0.0,0.39,-0.1,,,,,,,,,,,,,10.0,,11.2,2009-01-08T04:14:00,,,,7.2,2009-01-08T23:59:00,,,,,,,0.18,2009-01-08T13:00:00,,,,,,,,,,,,,,100,2009-01-08T04:14:00,,,,,,1568.4,2009-01-08T09:25:00,,,,1540.9,2009-01-08T14:04:00,,,,,,,,,,,,,,,,,,,4.0,,,,,,,5.3,,,0,,0,,0,,0,,0,,0,,0,,0,,0,,0,,0,,0,,0,,0,,0,,0,,0,,0,,0,,0,,0,,0,,0,,0,,1,,0,,0,,0,,0,,0,,1,,0,,0,,6,,6,,6,,0,,4,,,340,,,7.8,2009-01-08T23:40:00,,,0.0,,0.0,,0.0,,0.0,,0.0,,0.0,,0.0,,0.0,,0.0,,0.0,,0.0,,0.0,,0.0,,0.0,,0.0,,0.0,,0.0,,0.0,,0.0,,0.0,,0.0,,0.0,,0.0,,0.0,,0.9,,0.0,,0.0,,0.0,,0.0,,0.0,,2.5,,0.0,,0.0,,24.4,,31.3,,33.0,,0.0,,4.3,
2009-01-09,928.8,1552.1,930.2,2009-01-09T21:00:00,927.1,2009-01-09T14:25:00,4.7,7.5,2009-01-09T00:01:00,3.2,2009-01-09T23:35:00,3.3,91,69,2009-01-09T22:42:00,6.5,350,14.4,330,2009-01-09T17:18:00,9.5,12.5,0.5,2009-01-09T03:45:00,2.0,2009-01-09T03:01:00,0.0,0.0,0.45,-0.5,,,,,,,,,,,,,8.7,,7.3,2009-01-09T00:01:00,,,,-1.3,2009-01-09T22:37:00,,,,,,,0.27,2009-01-09T15:00:00,,,,,,,,,,,,,,100,2009-01-09T00:25:00,,,,,,1564.0,2009-01-09T09:23:00,,,,1535.9,2009-01-09T14:30:00,,,,,,,,,,,,,,,,,,,4.3,,,,,,,3.3,,,0,,0,,0,,0,,0,,0,,0,,0,,0,,0,,0,,0,,0,,0,,0,,0,,0,,0,,0,,0,,0,,0,,0,,0,,0,,0,,0,,0,,0,,0,,0,,0,,0,,0,,6,,18,,0,,0,,,350,,,9.2,2009-01-09T05:13:00,,,0.0,,0.0,,0.0,,0.0,,0.0,,0.0,,0.0,,0.0,,0.0,,0.0,,0.0,,0.0,,0.0,,0.0,,0.0,,0.0,,0.0,,0.0,,0.0,,0.0,,0.0,,0.0,,0.0,,0.0,,0.0,,0.0,,0.0,,0.0,,0.0,,0.0,,0.0,,0.0,,0.0,,0.0,,35.7,,121.3,,0.0,,0.0,
2009-01-10,928.8,1543.3,930.9,2009-01-10T08:58:00,927.1,2009-01-10T16:20:00,2.4,4.0,2009-01-10T01:02:00,1.1,2009-01-10T11:02:00,-1.2,78,72,2009-01-10T00:01:00,5.1,350,14.6,340,2009-01-10T04:38:00,0.0,0.0,0.0,,0.0,,0.5,4.7,5.01,0.7,,,,,,,,,,,,,9.3,,0.8,2009-01-10T04:37:00,,,,-2.4,2009-01-10T16:57:00,,,,,,,0.91,2009-01-10T12:00:00,,,,,,,,,,,,,,85,2009-01-10T04:37:00,,,,,,1562.1,2009-01-10T08:58:00,,,,1528.1,2009-01-10T16:20:00,,,,,,,,,,,,,,,,,,,2.9,,,,,,,8.8,,,0,,0,,0,,0,,0,,0,,0,,0,,0,,0,,0,,0,,0,,0,,0,,0,,0,,0,,0,,0,,0,,0,,0,,0,,1,,0,,1,,1,,0,,0,,1,,1,,1,,5,,3,,10,,0,,0,,,350,,,9.0,2009-01-10T04:47:00,,,0.0,,0.0,,0.0,,0.0,,0.0,,0.0,,0.0,,0.0,,0.0,,0.0,,0.0,,0.0,,0.0,,0.0,,0.0,,0.0,,0.0,,0.0,,0.0,,0.0,,0.0,,0.0,,0.0,,0.0,,1.6,,0.0,,1.4,,0.7,,0.0,,0.0,,0.8,,2.0,,4.1,,23.7,,18.7,,69.4,,0.0,,0.0,
2009-01-11,927.4,1537.9,929.6,2009-01-11T23:34:00,925.3,2009-01-11T14:55:00,6.8,11.1,2009-01-11T13:37:00,3.1,2009-01-11T00:01:00,3.4,80,64,2009-01-11T12:13:00,2.5,180,10.8,130,2009-01-11T18:33:00,0.0,0.0,0.0,,0.0,,6.9,64.9,12.57,0.7,,,,,,,,,,,,,2.7,,5.4,2009-01-11T14:58:00,,,,-0.7,2009-01-11T00:16:00,,,,,,,2.51,2009-01-11T13:00:00,,,,,,,,,,,,,,87,2009-01-11T04:50:00,,,,,,1566.5,2009-01-11T23:34:00,,,,1522.2,2009-01-11T14:55:00,,,,,,,,,,,,,,,,,,,8.0,,,,,,,14.5,,,0,,0,,1,,0,,0,,0,,0,,0,,0,,0,,0,,0,,2,,0,,3,,3,,1,,3,,4,,2,,2,,1,,0,,0,,1,,0,,0,,0,,0,,0,,0,,0,,0,,0,,0,,0,,0,,1,,,150,,,4.6,2009-01-11T12:29:00,,,0.0,,0.0,,1.6,,0.0,,0.0,,0.0,,0.0,,0.0,,0.0,,0.0,,0.0,,0.0,,5.4,,0.0,,9.2,,10.7,,3.6,,8.5,,10.3,,3.3,,3.7,,1.3,,0.0,,0.0,,1.5,,0.0,,0.0,,0.0,,0.0,,0.0,,0.0,,0.0,,0.0,,0.0,,0.0,,0.0,,0.0,,1.0,
2009-01-12,932.1,1581.5,934.3,2009-01-12T22:52:00,929.5,2009-01-12T00:05:00,5.5,7.7,2009-01-12T00:04:00,3.2,2009-01-12T23:02:00,2.6,81,74,2009-01-12T07:09:00,2.5,310,14.4,340,2009-01-12T20:18:00,0.0,0.0,0.0,,0.0,,0.0,0.0,1.37,0.2,,,,,,,,,,,,,8.3,,5.7,2009-01-12T00:58:00,,,,-0.2,2009-01-12T23:39:00,,,,,,,0.43,2009-01-12T10:00:00,,,,,,,,,,,,,,88,2009-01-12T00:58:00,,,,,,1597.2,2009-01-12T21:33:00,,,,1564.4,2009-01-12T04:46:00,,,,,,,,,,,,,,,,,,,4.5,,,,,,,10.3,,,0,,1,,0,,1,,0,,1,,0,,0,,1,,0,,0,,0,,1,,0,,0,,0,,0,,0,,1,,0,,0,,0,,0,,0,,0,,0,,0,,0,,0,,1,,2,,3,,2,,1,,1,,2,,2,,4,,,330,,,7.6,2009-01-12T20:20:00,,,0.0,,3.9,,0.0,,2.4,,0.0,,2.1,,0.0,,0.0,,2.2,,0.0,,0.0,,0.0,,1.6,,0.0,,0.0,,0.0,,0.0,,0.0,,1.2,,0.0,,0.0,,0.0,,0.0,,0.0,,0.0,,0.0,,0.0,,0.0,,0.0,,1.1,,4.8,,8.6,,7.2,,5.4,,2.5,,3.5,,5.2,,7.3,
2009-01-13,933.2,1582.8,934.6,2009-01-13T09:28:00,931.4,2009-01-13T14:46:00,2.5,3.7,2009-01-13T00:05:00,1.2,2009-01-13T19:34:00,-0.6,80,69,2009-01-13T23:03:00,4.9,340,15.7,350,2009-01-13T19:30:00,0.0,0.0,0.0,,0.0,,0.0,0.0,3.38,0.9,,,,,,,,,,,,,8.7,,0.8,2009-01-13T01:07:00,,,,-2.9,2009-01-13T23:04:00,,,,,,,0.63,2009-01-13T15:00:00,,,,,,,,,,,,,,86,2009-01-13T06:05:00,,,,,,1595.8,2009-01-13T00:04:00,,,,1566.3,2009-01-13T15:05:00,,,,,,,,,,,,,,,,,,,2.5,,,,,,,15.0,,,0,,0,,0,,0,,0,,0,,0,,0,,0,,0,,0,,0,,0,,0,,0,,0,,0,,0,,0,,0,,0,,0,,0,,0,,0,,0,,0,,0,,0,,0,,0,,0,,3,,2,,10,,9,,0,,0,,,330,,,8.2,2009-01-13T19:35:00,,,0.0,,0.0,,0.0,,0.0,,0.0,,0.0,,0.0,,0.0,,0.0,,0.0,,0.0,,0.0,,0.0,,0.0,,0.0,,0.0,,0.0,,0.0,,0.0,,0.0,,0.0,,0.0,,0.0,,0.0,,0.0,,0.0,,0.0,,0.0,,0.0,,0.0,,0.0,,0.0,,13.2,,8.5,,51.1,,45.7,,0.0,,0.0,
2009-01-14,932.6,1578.8,933.5,2009-01-14T09:59:00,931.4,2009-01-14T14:29:00,4.2,7.9,2009-01-14T10:59:00,1.5,2009-01-14T02:26:00,0.6,78,63,2009-01-14T12:04:00,2.6,340,14.4,330,2009-01-14T01:03:00,0.0,0.0,0.0,,0.0,,4.6,43.1,10.9,0.9,,,,,,,,,,,,,5.8,,3.3,2009-01-14T11:00:00,,,,-2.2,2009-01-14T02:03:00,,,,,,,2.81,2009-01-14T12:00:00,,,,,,,,,,,,,,84,2009-01-14T07:33:00,,,,,,1592.7,2009-01-14T22:45:00,,,,1567.7,2009-01-14T14:29:00,,,,,,,,,,,,,,,,,,,6.4,,,,,,,13.2,,,0,,1,,0,,3,,0,,0,,0,,1,,0,,0,,1,,0,,0,,0,,0,,0,,0,,0,,0,,0,,0,,0,,1,,1,,0,,1,,0,,1,,3,,3,,0,,1,,0,,2,,3,,0,,0,,2,,,330,,,6.6,2009-01-14T01:06:00,,,0.0,,4.0,,0.0,,7.9,,0.0,,0.0,,0.0,,2.8,,0.0,,0.0,,2.0,,0.0,,0.0,,0.0,,0.0,,0.0,,0.0,,0.0,,0.0,,0.0,,0.0,,0.0,,1.6,,1.1,,0.0,,2.8,,0.0,,1.7,,4.4,,6.3,,0.0,,2.9,,0.0,,8.4,,11.7,,0.0,,0.0,,4.1,
2009-01-15,931.9,1578.2,933.8,2009-01-15T08:33:00,929.8,2009-01-15T15:04:00,6.3,9.6,2009-01-15T11:26:00,4.7,2009-01-15T00:01:00,3.8,84,69,2009-01-15T10:59:00,2.5,160,18.8,130,2009-01-15T21:02:00,0.0,0.0,0.0,,0.0,,2.1,19.7,8.51,0.8,,,,,,,,,,,,,9.2,,6.5,2009-01-15T23:39:00,,,,1.0,2009-01-15T00:01:00,,,,,,,1.98,2009-01-15T12:00:00,,,,,,,,,,,,,,93,2009-01-15T21:12:00,,,,,,1595.5,2009-01-15T09:42:00,,,,1560.3,2009-01-15T15:04:00,,,,,,,,,,,,,,,,,,,4.9,,,,,,,11.8,,,0,,0,,0,,0,,0,,0,,1,,1,,0,,1,,0,,0,,0,,0,,2,,2,,6,,1,,1,,0,,0,,2,,1,,2,,1,,0,,0,,1,,0,,0,,1,,0,,0,,0,,0,,0,,0,,1,,,140,,,8.3,2009-01-15T20:06:00,,,0.0,,0.0,,0.0,,0.0,,0.0,,0.0,,2.2,,1.6,,0.0,,2.1,,0.0,,0.0,,0.0,,0.0,,5.4,,13.9,,16.8,,3.2,,3.5,,0.0,,0.0,,2.9,,0.9,,2.2,,1.2,,0.0,,0.0,,1.5,,0.0,,0.0,,0.9,,0.0,,0.0,,0.0,,0.0,,0.0,,0.0,,1.2,
2009-01-16,929.5,1566.7,931.8,2009-01-16T09:07:00,927.4,2009-01-16T16:01:00,10.4,14.1,2009-01-16T12:44:00,7.5,2009-01-16T00:01:00,8.1,86,74,2009-01-16T12:44:00,3.1,160,12.6,110,2009-01-16T02:39:00,0.0,0.0,0.0,,0.0,,3.7,34.6,8.57,0.4,,,,,,,,,,,,,5.5,,10.5,2009-01-16T14:28:00,,,,6.0,2009-01-16T02:26:00,,,,,,,1.82,2009-01-16T14:00:00,,,,,,,,,,,,,,93,2009-01-16T00:01:00,,,,,,1588.0,2009-01-16T09:25:00,,,,1548.8,2009-01-16T16:01:00,,,,,,,,,,,,,,,,,,,6.6,,,,,,,15.0,,,0,,0,,0,,0,,0,,0,,0,,0,,1,,2,,0,,2,,2,,0,,5,,2,,7,,3,,0,,0,,0,,0,,0,,0,,0,,0,,0,,0,,0,,0,,0,,0,,0,,0,,0,,0,,0,,0,,,150,,,5.7,2009-01-16T01:39:00,,,0.0,,0.0,,0.0,,0.0,,0.0,,0.0,,0.0,,0.0,,3.0,,7.2,,0.0,,6.1,,4.9,,0.0,,17.8,,5.8,,21.4,,9.0,,0.0,,0.0,,0.0,,0.0,,0.0,,0.0,,0.0,,0.0,,0.0,,0.0,,0.0,,0.0,,0.0,,0.0,,0.0,,0.0,,0.0,,0.0,,0.0,,0.0,
2009-01-17,927.0,1552.9,929.7,2009-01-17T09:09:00,923.8,2009-01-17T16:42:00,13.0,18.8,2009-01-17T13:19:00,10.7,2009-01-17T05:44:00,9.8,81,61,2009-01-17T12:05:00,3.1,180,12.4,140,2009-01-17T01:31:00,0.0,0.0,0.0,,0.0,,6.3,58.8,12.88,0.8,,,,,,,,,,,,,3.2,,12.6,2009-01-17T13:20:00,,,,8.2,2009-01-17T23:51:00,,,,,,,2.55,2009-01-17T12:00:00,,,,,,,,,,,,,,94,2009-01-17T07:42:00,,,,,,1576.7,2009-01-17T09:30:00,,,,1523.2,2009-01-17T16:42:00,,,,,,,,,,,,,,,,,,,8.1,,,,,,,15.0,,,0,,0,,0,,0,,0,,0,,0,,0,,0,,0,,0,,0,,0,,0,,0,,0,,0,,3,,11,,10,,0,,0,,0,,0,,0,,0,,0,,0,,0,,0,,0,,0,,0,,0,,0,,0,,0,,0,,,180,,,6.1,2009-01-17T02:21:00,,,0.0,,0.0,,0.0,,0.0,,0.0,,0.0,,0.0,,0.0,,0.0,,0.0,,0.0,,0.0,,0.0,,0.0,,0.0,,0.0,,0.0,,9.3,,33.8,,31.5,,0.0,,0.0,,0.0,,0.0,,0.0,,0.0,,0.0,,0.0,,0.0,,0.0,,0.0,,0.0,,0.0,,0.0,,0.0,,0.0,,0.0,,0.0,
2009-01-18,925.6,1541.5,927.3,2009-01-18T09:31:00,924.0,2009-01-18T15:03:00,13.3,19.1,2009-01-18T14:01:00,9.6,2009-01-18T06:50:00,5.6,61,38,2009-01-18T19:13:00,1.8,360,8.2,70,2009-01-18T23:51:00,0.0,0.0,0.0,,0.0,,7.9,73.7,13.31,-2.0,,,,,,,,,,,,,0.3,,12.1,2009-01-18T11:21:00,,,,-0.4,2009-01-18T19:16:00,,,,,,,2.4,2009-01-18T13:00:00,,,,,,,,,,,,,,90,2009-01-18T08:03:00,,,,,,1558.0,2009-01-18T09:36:00,,,,1528.3,2009-01-18T17:46:00,,,,,,,,,,,,,,,,,,,9.5,,,,,,,11.8,,,3,,0,,1,,0,,0,,0,,2,,3,,1,,0,,0,,0,,0,,0,,0,,1,,1,,1,,0,,0,,1,,0,,0,,0,,0,,0,,0,,0,,0,,0,,0,,0,,1,,1,,2,,1,,5,,0,,,70,,,4.8,2009-01-18T23:57:00,,,0.4,,0.0,,2.3,,0.0,,0.0,,0.0,,5.8,,11.1,,2.5,,0.0,,0.0,,0.0,,0.0,,0.0,,0.0,,0.3,,1.4,,0.5,,0.0,,0.0,,0.9,,0.0,,0.0,,0.0,,0.0,,0.0,,0.0,,0.0,,0.0,,0.0,,0.0,,0.0,,1.2,,0.7,,4.3,,3.4,,8.9,,0.0,
2009-01-19,924.4,1528.9,926.2,2009-01-19T08:16:00,922.6,2009-01-19T14:14:00,12.0,13.1,2009-01-19T13:26:00,11.1,2009-01-19T07:50:00,10.7,92,83,2009-01-19T00:42:00,3.3,170,13.0,200,2009-01-19T03:04:00,1.0,2.4,0.5,2009-01-19T05:20:00,0.5,2009-01-19T05:20:00,0.2,1.9,4.87,-0.2,,,,,,,,,,,,,8.7,,12.3,2009-01-19T23:53:00,,,,9.6,2009-01-19T00:33:00,,,,,,,1.62,2009-01-19T13:00:00,,,,,,,,,,,,,,100,2009-01-19T11:08:00,,,,,,1546.9,2009-01-19T01:54:00,,,,1512.1,2009-01-19T14:43:00,,,,,,,,,,,,,,,,,,,2.0,,,,,,,3.2,,,0,,0,,0,,0,,0,,0,,0,,0,,3,,3,,1,,0,,1,,2,,2,,3,,2,,5,,1,,0,,0,,0,,0,,0,,0,,0,,0,,0,,0,,0,,0,,0,,0,,0,,0,,0,,0,,1,,,160,,,6.0,2009-01-19T08:08:00,,,0.0,,0.0,,0.0,,0.0,,0.0,,0.0,,0.0,,0.0,,7.6,,9.3,,2.4,,0.0,,3.0,,6.0,,6.2,,10.7,,9.3,,17.7,,3.5,,0.0,,0.0,,0.0,,0.0,,0.0,,0.0,,0.0,,0.0,,0.0,,0.0,,0.0,,0.0,,0.0,,0.0,,0.0,,0.0,,0.0,,0.0,,2.4,
2009-01-20,923.7,1524.7,925.3,2009-01-20T09:08:00,921.7,2009-01-20T14:25:00,13.9,15.9,2009-01-20T14:12:00,13.0,2009-01-20T00:01:00,13.1,95,85,2009-01-20T16:26:00,2.2,140,11.4,60,2009-01-20T02:46:00,6.9,7.3,1.0,2009-01-20T10:21:00,4.0,2009-01-20T10:20:00,0.3,2.8,4.31,-0.5,,,,,,,,,,,,,9.0,,15.7,2009-01-20T13:31:00,,,,11.4,2009-01-20T23:37:00,,,,,,,1.29,2009-01-20T15:00:00,,,,,,,,,,,,,,100,2009-01-20T00:25:00,,,,,,1539.0,2009-01-20T09:11:00,,,,1508.8,2009-01-20T14:25:00,,,,,,,,,,,,,,,,,,,2.9,,,,,,,3.5,,,0,,0,,0,,0,,0,,0,,0,,1,,3,,3,,0,,0,,2,,1,,3,,1,,2,,2,,2,,2,,2,,0,,0,,0,,0,,0,,0,,0,,0,,0,,0,,0,,0,,0,,0,,0,,0,,0,,,150,,,5.1,2009-01-20T01:08:00,,,0.0,,0.0,,0.0,,0.0,,0.0,,0.0,,0.0,,2.9,,7.8,,7.9,,0.0,,0.0,,5.6,,2.5,,8.5,,4.3,,3.1,,2.2,,2.6,,3.1,,1.1,,0.0,,0.0,,0.0,,0.0,,0.0,,0.0,,0.0,,0.0,,0.0,,0.0,,0.0,,0.0,,0.0,,0.0,,0.0,,0.0,,0.0,
2009-01-21,922.7,1517.3,924.3,2009-01-21T09:03:00,921.1,2009-01-21T14:33:00,14.0,18.2,2009-01-21T11:58:00,11.4,2009-01-21T18:30:00,12.2,89,61,2009-01-21T09:33:00,1.5,340,10.3,120,2009-01-21T23:31:00,0.0,0.0,0.0,,0.0,,2.5,23.2,8.69,0.5,,,,,,,,,,,,,6.8,,14.9,2009-01-21T14:55:00,,,,9.9,2009-01-21T08:50:00,,,,,,,1.56,2009-01-21T10:00:00,,,,,,,,,,,,,,100,2009-01-21T07:43:00,,,,,,1536.1,2009-01-21T09:40:00,,,,1502.9,2009-01-21T14:33:00,,,,,,,,,,,,,,,,,,,6.8,,,,,,,4.6,,,4,,1,,1,,1,,1,,0,,1,,0,,0,,0,,1,,0,,2,,0,,0,,0,,0,,1,,0,,2,,0,,0,,0,,0,,0,,0,,0,,0,,0,,0,,0,,0,,1,,2,,3,,2,,1,,0,,,130,,,4.6,2009-01-21T23:37:00,,,0.4,,1.0,,1.1,,2.1,,0.7,,0.0,,1.4,,0.0,,0.0,,0.0,,1.5,,0.0,,5.9,,0.0,,0.0,,0.0,,0.0,,0.8,,0.0,,2.1,,0.0,,0.0,,0.0,,0.0,,0.0,,0.0,,0.0,,0.0,,0.0,,0.0,,0.0,,0.0,,1.4,,2.4,,7.4,,6.8,,0.5,,0.0,
2009-01-22,919.9,1489.0,922.0,2009-01-22T23:16:00,917.9,2009-01-22T13:26:00,12.2,15.6,2009-01-22T10:43:00,10.4,2009-01-22T19:07:00,11.8,97,85,2009-01-22T11:37:00,3.0,350,10.5,340,2009-01-22T15:28:00,-9.8,2.5,-9.8,2009-01-22T13:06:00,-9.8,2009-01-22T13:06:00,0.7,6.5,3.88,-0.2,,,,,,,,,,,,,10.0,,15.2,2009-01-22T09:38:00,,,,9.5,2009-01-22T19:11:00,,,,,,,1.49,2009-01-22T10:00:00,,,,,,,,,,,,,,100,2009-01-22T00:22:00,,,,,,1510.5,2009-01-22T00:01:00,,,,1469.8,2009-01-22T13:26:00,,,,,,,,,,,,,,,,,,,5.2,,,,,,,0.9,,,0,,0,,0,,1,,0,,0,,0,,0,,0,,0,,1,,1,,1,,1,,0,,0,,0,,1,,4,,1,,0,,0,,0,,0,,0,,0,,0,,0,,0,,0,,0,,0,,0,,0,,2,,8,,3,,0,,,350,,,5.6,2009-01-22T21:17:00,,,0.0,,0.0,,0.0,,2.9,,0.0,,0.0,,0.0,,0.0,,0.0,,0.0,,2.8,,3.0,,3.2,,3.5,,0.0,,0.0,,0.0,,1.2,,8.7,,2.1,,0.0,,0.0,,0.0,,0.0,,0.0,,0.0,,0.0,,0.0,,0.0,,0.0,,0.0,,0.0,,0.0,,0.0,,5.0,,32.0,,6.8,,0.0,
2009-01-23,925.8,1532.2,929.9,2009-01-23T20:01:00,921.8,2009-01-23T00:01:00,6.9,11.1,2009-01-23T02:08:00,3.0,2009-01-23T22:29:00,6.7,99,96,2009-01-23T00:41:00,5.8,350,20.3,330,2009-01-23T14:12:00,24.0,22.2,1.5,2009-01-23T13:02:00,6.0,2009-01-23T12:29:00,0.0,0.0,0.0,-0.3,,,,,,,,,,,,,10.0,,10.8,2009-01-23T02:03:00,,,,2.7,2009-01-23T22:23:00,,,,,,,0.0,2009-01-23T23:59:00,,,,,,,,,,,,,,100,2009-01-23T03:05:00,,,,,,1562.3,2009-01-23T20:01:00,,,,1502.7,2009-01-23T01:34:00,,,,,,,,,,,,,,,,,,,8.1,,,,,,,3.3,,,0,,0,,0,,0,,0,,0,,0,,0,,0,,0,,0,,0,,0,,0,,0,,0,,0,,0,,0,,0,,0,,0,,0,,0,,0,,0,,0,,0,,0,,0,,0,,1,,7,,3,,6,,7,,0,,0,,,340,,,10.6,2009-01-23T13:24:00,,,0.0,,0.0,,0.0,,0.0,,0.0,,0.0,,0.0,,0.0,,0.0,,0.0,,0.0,,0.0,,0.0,,0.0,,0.0,,0.0,,0.0,,0.0,,0.0,,0.0,,0.0,,0.0,,0.0,,0.0,,0.0,,0.0,,0.0,,0.0,,0.0,,0.0,,0.0,,3.9,,35.2,,16.1,,39.4,,43.7,,0.0,,0.0,
2009-01-24,928.3,1538.5,930.1,2009-01-24T09:04:00,926.3,2009-01-24T14:22:00,1.8,3.1,2009-01-24T04:28:00,0.5,2009-01-24T16:28:00,0.9,94,81,2009-01-24T19:27:00,3.2,330,17.8,330,2009-01-24T01:03:00,1.5,11.5,0.3,2009-01-24T00:01:00,0.5,2009-01-24T00:01:00,0.0,0.0,0.44,-0.1,,,,,,,,,,,,,9.7,,2.8,2009-01-24T04:03:00,,,,-1.5,2009-01-24T19:27:00,,,,,,,0.21,2009-01-24T12:00:00,,,,,,,,,,,,,,100,2009-01-24T04:59:00,,,,,,1560.4,2009-01-24T00:04:00,,,,1519.6,2009-01-24T14:22:00,,,,,,,,,,,,,,,,,,,2.6,,,,,,,9.8,,,0,,0,,1,,1,,0,,3,,1,,1,,0,,0,,2,,0,,1,,0,,0,,0,,0,,0,,0,,0,,0,,0,,0,,0,,0,,0,,0,,0,,0,,0,,1,,0,,1,,5,,1,,2,,3,,1,,,340,,,7.8,2009-01-24T15:28:00,,,0.0,,0.0,,2.5,,3.3,,0.0,,8.9,,2.3,,3.7,,0.0,,0.0,,5.4,,0.0,,1.8,,0.0,,0.0,,0.0,,0.0,,0.0,,0.0,,0.0,,0.0,,0.0,,0.0,,0.0,,0.0,,0.0,,0.0,,0.0,,0.0,,0.0,,1.9,,0.0,,4.0,,22.5,,2.6,,8.1,,7.6,,2.2,
2009-01-25,926.2,1524.4,928.4,2009-01-25T00:20:00,924.0,2009-01-25T14:12:00,5.6,8.5,2009-01-25T23:48:00,2.7,2009-01-25T00:01:00,4.6,94,81,2009-01-25T02:34:00,3.8,160,15.7,130,2009-01-25T21:58:00,2.0,10.0,0.2,2009-01-25T10:17:00,0.5,2009-01-25T10:01:00,0.0,0.0,1.22,-0.1,,,,,,,,,,,,,10.0,,8.5,2009-01-25T23:51:00,,,,0.0,2009-01-25T00:27:00,,,,,,,0.52,2009-01-25T13:00:00,,,,,,,,,,,,,,100,2009-01-25T16:07:00,,,,,,1538.5,2009-01-25T00:24:00,,,,1506.6,2009-01-25T14:12:00,,,,,,,,,,,,,,,,,,,5.8,,,,,,,4.3,,,0,,0,,0,,0,,0,,0,,0,,1,,1,,2,,0,,2,,0,,2,,5,,4,,5,,1,,0,,0,,0,,0,,0,,0,,0,,0,,0,,0,,0,,0,,0,,0,,0,,0,,0,,0,,0,,1,,,150,,,7.6,2009-01-25T23:59:00,,,0.0,,0.0,,0.0,,0.0,,0.0,,0.0,,0.0,,2.5,,2.1,,8.3,,0.0,,4.0,,0.0,,4.2,,17.3,,24.9,,20.4,,4.7,,0.0,,0.0,,0.0,,0.0,,0.0,,0.0,,0.0,,0.0,,0.0,,0.0,,0.0,,0.0,,0.0,,0.0,,0.0,,0.0,,0.0,,0.0,,0.0,,1.6,
2009-01-26,925.5,1528.0,926.8,2009-01-26T09:13:00,923.9,2009-01-26T15:11:00,8.3,9.4,2009-01-26T09:27:00,7.1,2009-01-26T15:03:00,8.2,99,98,2009-01-26T00:31:00,3.5,160,17.4,120,2009-01-26T01:54:00,18.5,24.0,1.0,2009-01-26T07:04:00,2.5,2009-01-26T06:14:00,0.0,0.0,0.5,-0.3,,,,,,,,,,,,,10.0,,9.4,2009-01-26T09:27:00,,,,7.0,2009-01-26T15:07:00,,,,,,,0.28,2009-01-26T12:00:00,,,,,,,,,,,,,,100,2009-01-26T00:01:00,,,,,,1540.8,2009-01-26T09:14:00,,,,1513.6,2009-01-26T15:11:00,,,,,,,,,,,,,,,,,,,2.3,,,,,,,0.3,,,0,,1,,0,,0,,0,,1,,1,,3,,1,,1,,0,,0,,1,,0,,2,,0,,3,,3,,0,,1,,1,,1,,0,,0,,0,,0,,0,,0,,0,,0,,0,,0,,1,,0,,0,,0,,0,,3,,,150,,,7.9,2009-01-26T02:27:00,,,0.0,,5.5,,0.0,,0.0,,0.0,,2.9,,2.9,,7.4,,3.5,,2.6,,0.0,,0.0,,3.0,,0.0,,13.2,,0.0,,16.7,,12.7,,0.0,,1.5,,2.1,,2.0,,0.0,,0.0,,0.0,,0.0,,0.0,,0.0,,0.0,,0.0,,0.0,,0.0,,1.9,,0.0,,0.0,,0.0,,0.0,,5.8,
2009-01-27,924.2,1518.1,926.1,2009-01-27T09:31:00,922.5,2009-01-27T14:21:00,9.3,11.0,2009-01-27T23:25:00,7.9,2009-01-27T00:01:00,9.1,99,96,2009-01-27T16:27:00,2.3,90,12.6,180,2009-01-27T05:02:00,18.5,24.0,0.5,2009-01-27T14:21:00,1.5,2009-01-27T14:18:00,0.0,0.0,3.54,-0.2,,,,,,,,,,,,,,,10.8,2009-01-27T23:35:00,,,,7.7,2009-01-27T00:01:00,,,,,,,0.77,2009-01-27T14:00:00,,,,,,,,,,,,,,100,2009-01-27T01:12:00,,,,,,1534.6,2009-01-27T09:41:00,,,,1503.2,2009-01-27T14:21:00,,,,,,,,,,,,,,,,,,,3.1,,,,,,,0.6,,,0,,0,,0,,2,,0,,0,,2,,0,,0,,4,,1,,0,,1,,1,,0,,1,,0,,0,,2,,1,,1,,1,,0,,1,,0,,0,,0,,0,,0,,0,,0,,0,,0,,0,,0,,0,,0,,6,,,160,,,4.4,2009-01-27T06:17:00,,,0.0,,0.0,,0.0,,4.2,,0.0,,0.0,,6.1,,0.0,,0.0,,11.3,,2.9,,0.0,,2.1,,3.2,,0.0,,2.5,,0.0,,0.0,,4.4,,2.1,,2.2,,2.3,,0.0,,1.5,,0.0,,0.0,,0.0,,0.0,,0.0,,0.0,,0.0,,0.0,,0.0,,0.0,,0.0,,0.0,,0.0,,10.2,
2009-01-28,923.1,1517.5,924.6,2009-01-28T08:58:00,921.6,2009-01-28T14:15:00,13.6,16.2,2009-01-28T12:24:00,10.8,2009-01-28T00:01:00,12.9,95,86,2009-01-28T14:42:00,2.2,160,10.5,150,2009-01-28T00:18:00,8.5,14.0,1.0,2009-01-28T20:28:00,1.5,2009-01-28T00:54:00,1.9,17.5,10.29,-0.4,,,,,,,,,,,,,9.8,,15.6,2009-01-28T12:26:00,,,,10.6,2009-01-28T00:01:00,,,,,,,2.57,2009-01-28T13:00:00,,,,,,,,,,,,,,100,2009-01-28T07:33:00,,,,,,1529.8,2009-01-28T09:23:00,,,,1506.1,2009-01-28T14:46:00,,,,,,,,,,,,,,,,,,,5.4,,,,,,,4.2,,,0,,0,,0,,0,,0,,1,,0,,2,,3,,1,,1,,2,,2,,2,,2,,1,,3,,0,,0,,0,,1,,0,,0,,0,,0,,0,,0,,0,,0,,0,,0,,0,,0,,0,,0,,0,,1,,2,,,150,,,4.2,2009-01-28T11:13:00,,,0.0,,0.0,,0.0,,0.0,,0.0,,1.8,,0.0,,5.3,,6.8,,2.0,,2.5,,2.9,,4.3,,3.1,,7.2,,3.9,,7.4,,0.0,,0.0,,0.0,,1.4,,0.0,,0.0,,0.0,,0.0,,0.0,,0.0,,0.0,,0.0,,0.0,,0.0,,0.0,,0.0,,0.0,,0.0,,0.0,,2.0,,2.3,
2009-01-29,921.0,1503.0,922.7,2009-01-29T00:01:00,919.4,2009-01-29T14:57:00,14.7,20.2,2009-01-29T13:00:00,10.9,2009-01-29T23:19:00,13.6,93,75,2009-01-29T14:10:00,1.8,180,9.0,150,2009-01-29T02:18:00,0.5,7.3,0.5,2009-01-29T00:23:00,0.5,2009-01-29T00:01:00,5.8,53.2,14.18,-0.7,,,,,,,,,,,,,4.0,,16.6,2009-01-29T13:35:00,,,,10.4,2009-01-29T23:22:00,,,,,,,2.97,2009-01-29T13:00:00,,,,,,,,,,,,,,100,2009-01-29T07:24:00,,,,,,1519.4,2009-01-29T00:09:00,,,,1490.7,2009-01-29T14:25:00,,,,,,,,,,,,,,,,,,,9.3,,,,,,,12.2,,,2,,1,,0,,0,,0,,0,,0,,0,,0,,0,,0,,0,,1,,0,,0,,3,,1,,0,,5,,3,,2,,0,,0,,0,,1,,0,,0,,0,,0,,0,,0,,0,,0,,0,,2,,1,,2,,0,,,150,,,4.6,2009-01-29T02:19:00,,,0.3,,0.3,,0.0,,0.0,,0.0,,0.0,,0.0,,0.0,,0.0,,0.0,,0.0,,0.0,,2.7,,0.0,,0.0,,6.4,,1.5,,0.0,,10.0,,6.0,,4.2,,0.0,,0.0,,0.0,,0.6,,0.0,,0.0,,0.0,,0.0,,0.0,,0.0,,0.0,,0.0,,0.0,,5.4,,3.0,,2.8,,0.0,
2009-01-30,920.6,1492.3,923.2,2009-01-30T23:58:00,918.6,2009-01-30T02:36:00,10.1,13.0,2009-01-30T08:54:00,7.7,2009-01-30T20:14:00,9.7,97,91,2009-01-30T00:37:00,4.7,350,15.5,320,2009-01-30T21:37:00,15.0,9.6,2.0,2009-01-30T10:03:00,5.5,2009-01-30T09:45:00,0.0,0.0,0.3,-1.1,,,,,,,,,,,,,6.0,,12.9,2009-01-30T07:40:00,,,,6.4,2009-01-30T19:52:00,,,,,,,0.15,2009-01-30T08:00:00,,,,,,,,,,,,,,100,2009-01-30T06:31:00,,,,,,1511.1,2009-01-30T23:58:00,,,,1479.3,2009-01-30T02:30:00,,,,,,,,,,,,,,,,,,,5.3,,,,,,,2.8,,,1,,2,,0,,0,,0,,0,,0,,0,,0,,0,,0,,0,,0,,0,,0,,0,,0,,0,,0,,0,,0,,0,,0,,0,,0,,0,,0,,0,,0,,0,,0,,0,,1,,1,,2,,15,,1,,1,,,350,,,9.9,2009-01-30T10:48:00,,,0.0,,2.4,,0.0,,0.0,,0.0,,0.0,,0.0,,0.0,,0.0,,0.0,,0.0,,0.0,,0.0,,0.0,,0.0,,0.0,,0.0,,0.0,,0.0,,0.0,,0.0,,0.0,,0.0,,0.0,,0.0,,0.0,,0.0,,0.0,,0.0,,0.0,,0.0,,0.0,,4.5,,2.9,,8.0,,93.7,,0.5,,1.5,
2009-01-31,924.3,1519.8,926.0,2009-01-31T20:08:00,922.7,2009-01-31T14:08:00,9.2,11.5,2009-01-31T11:00:00,8.1,2009-01-31T06:13:00,7.7,90,80,2009-01-31T22:18:00,2.9,170,21.1,120,2009-01-31T21:29:00,0.5,1.0,0.2,2009-01-31T01:30:00,0.5,2009-01-31T01:01:00,0.9,8.2,7.13,0.6,,,,,,,,,,,,,7.4,,9.8,2009-01-31T10:07:00,,,,5.6,2009-01-31T22:17:00,,,,,,,1.94,2009-01-31T11:00:00,,,,,,,,,,,,,,100,2009-01-31T08:14:00,,,,,,1534.3,2009-01-31T20:08:00,,,,1506.5,2009-01-31T14:10:00,,,,,,,,,,,,,,,,,,,3.4,,,,,,,8.7,,,0,,0,,0,,0,,0,,0,,1,,0,,1,,0,,0,,0,,0,,0,,0,,1,,1,,4,,2,,0,,0,,1,,1,,2,,0,,0,,1,,0,,0,,0,,0,,1,,1,,1,,1,,0,,0,,5,,,160,,,8.4,2009-01-31T21:31:00,,,0.0,,0.0,,0.0,,0.0,,0.0,,0.0,,2.1,,0.0,,3.3,,0.0,,0.0,,0.0,,0.0,,0.0,,0.0,,4.0,,5.3,,15.4,,12.3,,0.0,,0.0,,1.4,,1.9,,3.4,,0.0,,0.0,,1.3,,0.0,,0.0,,0.0,,0.0,,2.6,,2.0,,1.2,,5.2,,0.0,,0.0,,9.1,
2009-02-01,925.9,1540.3,928.0,2009-02-01T09:08:00,924.6,2009-02-01T01:52:00,12.6,18.8,2009-02-01T14:17:00,9.2,2009-02-01T00:01:00,7.8,73,56,2009-02-01T13:33:00,3.8,190,16.3,170,2009-02-01T00:21:00,0.0,0.0,0.0,,0.0,,6.3,57.5,15.99,2.3,,,,,,,,,,,,,3.2,,10.5,2009-02-01T14:18:00,,,,6.2,2009-02-01T02:15:00,,,,,,,2.97,2009-02-01T13:00:00,,,,,,,,,,,,,,84,2009-02-01T00:01:00,,,,,,1558.2,2009-02-01T09:57:00,,,,1524.1,2009-02-01T01:56:00,,,,,,,,,,,,,,,,,,,9.6,,,,,,,14.5,,,0,,0,,0,,0,,0,,0,,0,,0,,0,,0,,0,,0,,0,,0,,0,,0,,1,,3,,8,,10,,2,,0,,0,,0,,0,,0,,0,,0,,0,,0,,0,,0,,0,,0,,0,,0,,0,,0,,,180,,,8.0,2009-02-01T02:47:00,,,0.0,,0.0,,0.0,,0.0,,0.0,,0.0,,0.0,,0.0,,0.0,,0.0,,0.0,,0.0,,0.0,,0.0,,0.0,,0.0,,3.3,,12.5,,34.8,,38.1,,2.9,,0.0,,0.0,,0.0,,0.0,,0.0,,0.0,,0.0,,0.0,,0.0,,0.0,,0.0,,0.0,,0.0,,0.0,,0.0,,0.0,,0.0,
2009-02-02,924.6,1534.0,926.5,2009-02-02T09:02:00,923.0,2009-02-02T14:27:00,14.0,20.3,2009-02-02T14:02:00,10.1,2009-02-02T04:59:00,9.9,77,58,2009-02-02T13:29:00,1.6,190,6.8,190,2009-02-02T12:24:00,0.0,0.0,0.0,,0.0,,8.6,78.4,16.3,6.3,,,,,,,,,,,,,2.0,,13.5,2009-02-02T12:44:00,,,,6.7,2009-02-02T03:16:00,,,,,,,3.0,2009-02-02T12:00:00,,,,,,,,,,,,,,89,2009-02-02T07:22:00,,,,,,1551.0,2009-02-02T09:44:00,,,,1516.1,2009-02-02T17:02:00,,,,,,,,,,,,,,,,,,,10.2,,,,,,,13.7,,,2,,1,,1,,0,,0,,0,,0,,0,,0,,0,,0,,0,,0,,0,,0,,0,,0,,3,,6,,8,,1,,0,,0,,0,,0,,0,,0,,0,,0,,0,,0,,0,,0,,0,,0,,0,,2,,0,,,180,,,3.5,2009-02-02T09:22:00,,,0.2,,0.4,,0.8,,0.0,,0.0,,0.0,,0.0,,0.0,,0.0,,0.0,,0.0,,0.0,,0.0,,0.0,,0.0,,0.0,,0.0,,4.9,,12.0,,14.4,,2.4,,0.0,,0.0,,0.0,,0.0,,0.0,,0.0,,0.0,,0.0,,0.0,,0.0,,0.0,,0.0,,0.0,,0.0,,0.0,,4.4,,0.0,
2009-02-03,923.9,1529.2,925.2,2009-02-03T09:52:00,922.4,2009-02-03T14:11:00,14.5,19.5,2009-02-03T12:26:00,10.8,2009-02-03T01:09:00,9.8,74,51,2009-02-03T10:00:00,1.5,360,11.4,140,2009-02-03T23:34:00,6.0,3.8,4.0,2009-02-03T22:41:00,4.5,2009-02-03T21:54:00,8.3,75.5,17.15,-1.9,,,,,,,,,,,,,3.3,,14.0,2009-02-03T11:08:00,,,,4.5,2009-02-03T05:24:00,,,,,,,3.0,2009-02-03T12:00:00,,,,,,,,,,,,,,96,2009-02-03T23:34:00,,,,,,1542.7,2009-02-03T09:55:00,,,,1513.2,2009-02-03T15:31:00,,,,,,,,,,,,,,,,,,,8.7,,,,,,,13.2,,,5,,0,,1,,1,,0,,1,,0,,1,,1,,1,,0,,1,,1,,1,,0,,1,,0,,0,,0,,0,,1,,0,,1,,0,,0,,1,,2,,0,,0,,0,,0,,0,,0,,0,,1,,1,,2,,0,,,150,,,5.0,2009-02-03T23:56:00,,,0.2,,0.0,,3.5,,0.5,,0.0,,1.6,,0.0,,2.3,,1.3,,0.7,,0.0,,1.1,,1.2,,1.5,,0.0,,5.0,,0.0,,0.0,,0.0,,0.0,,1.5,,0.0,,1.5,,0.0,,0.0,,0.9,,1.9,,0.0,,0.0,,0.0,,0.0,,0.0,,0.0,,0.0,,3.4,,3.1,,4.3,,0.0,
2009-02-04,923.5,1525.7,924.9,2009-02-04T09:26:00,921.9,2009-02-04T13:59:00,14.1,15.4,2009-02-04T15:50:00,13.0,2009-02-04T00:19:00,13.5,96,89,2009-02-04T01:12:00,2.3,180,11.7,110,2009-02-04T06:32:00,25.5,22.5,4.0,2009-02-04T05:32:00,9.0,2009-02-04T05:09:00,0.0,0.0,2.32,-0.7,,,,,,,,,,,,,10.0,,15.2,2009-02-04T13:12:00,,,,11.5,2009-02-04T01:04:00,,,,,,,0.66,2009-02-04T16:00:00,,,,,,,,,,,,,,100,2009-02-04T07:08:00,,,,,,1538.5,2009-02-04T00:34:00,,,,1510.2,2009-02-04T13:59:00,,,,,,,,,,,,,,,,,,,2.4,,,,,,,0.3,,,0,,0,,0,,0,,1,,0,,0,,0,,1,,4,,1,,1,,1,,0,,1,,2,,1,,1,,4,,3,,0,,1,,0,,0,,1,,0,,0,,0,,0,,0,,0,,0,,0,,0,,0,,0,,0,,1,,,160,,,5.1,2009-02-04T06:39:00,,,0.0,,0.0,,0.0,,0.0,,2.0,,0.0,,0.0,,0.0,,2.1,,9.8,,1.9,,1.4,,1.4,,0.0,,2.0,,5.5,,2.3,,2.4,,11.3,,7.8,,0.0,,1.0,,0.0,,0.0,,2.5,,0.0,,0.0,,0.0,,0.0,,0.0,,0.0,,0.0,,0.0,,0.0,,0.0,,0.0,,0.0,,1.1,
2009-02-05,924.3,1531.5,926.0,2009-02-05T22:13:00,922.6,2009-02-05T03:52:00,13.6,14.5,2009-02-05T10:49:00,12.1,2009-02-05T23:58:00,12.8,95,92,2009-02-05T11:47:00,1.9,360,13.8,360,2009-02-05T21:08:00,54.0,20.2,3.5,2009-02-05T07:04:00,10.0,2009-02-05T06:48:00,0.0,0.0,3.37,-0.3,,,,,,,,,,,,,10.0,,14.2,2009-02-05T10:50:00,,,,11.6,2009-02-05T23:38:00,,,,,,,0.67,2009-02-05T14:00:00,,,,,,,,,,,,,,100,2009-02-05T10:10:00,,,,,,1546.1,2009-02-05T22:13:00,,,,1516.9,2009-02-05T03:58:00,,,,,,,,,,,,,,,,,,,2.4,,,,,,,3.8,,,0,,0,,0,,0,,0,,0,,1,,0,,0,,0,,1,,0,,0,,0,,0,,0,,0,,2,,1,,2,,1,,1,,0,,1,,1,,0,,0,,1,,0,,1,,1,,1,,1,,0,,0,,2,,2,,4,,,350,,,4.5,2009-02-05T11:44:00,,,0.0,,0.0,,0.0,,0.0,,0.0,,0.0,,1.8,,0.0,,0.0,,0.0,,2.0,,0.0,,0.0,,0.0,,0.0,,0.0,,0.0,,4.6,,1.5,,3.0,,2.0,,1.0,,0.0,,1.6,,0.9,,0.0,,0.0,,1.9,,0.0,,1.8,,2.0,,2.8,,2.5,,0.0,,0.0,,4.7,,5.8,,6.4,
2009-02-06,925.3,1536.1,926.9,2009-02-06T09:18:00,924.2,2009-02-06T15:42:00,11.8,12.9,2009-02-06T10:50:00,11.3,2009-02-06T15:25:00,11.4,98,94,2009-02-06T13:30:00,2.0,160,11.8,100,2009-02-06T16:59:00,14.0,24.0,0.5,2009-02-06T00:01:00,2.5,2009-02-06T00:04:00,0.0,0.0,3.39,-0.1,,,,,,,,,,,,,10.0,,12.9,2009-02-06T10:50:00,,,,10.8,2009-02-06T16:10:00,,,,,,,0.79,2009-02-06T11:00:00,,,,,,,,,,,,,,100,2009-02-06T08:49:00,,,,,,1551.5,2009-02-06T09:29:00,,,,1524.8,2009-02-06T15:53:00,,,,,,,,,,,,,,,,,,,1.6,,,,,,,2.0,,,0,,0,,0,,2,,0,,2,,2,,1,,1,,1,,0,,1,,1,,1,,0,,0,,2,,1,,2,,1,,0,,0,,0,,0,,0,,0,,0,,0,,0,,0,,0,,0,,0,,0,,0,,1,,0,,5,,,360,,,4.2,2009-02-06T12:29:00,,,0.0,,0.0,,0.0,,4.9,,0.0,,3.6,,4.4,,2.2,,2.0,,1.8,,0.0,,1.5,,2.0,,2.0,,0.0,,0.0,,5.1,,1.8,,4.5,,1.9,,0.0,,0.0,,0.0,,0.0,,0.0,,0.0,,0.0,,0.0,,0.0,,0.0,,0.0,,0.0,,0.0,,0.0,,0.0,,2.4,,0.0,,7.6,
2009-02-07,924.7,1531.9,926.1,2009-02-07T09:47:00,923.1,2009-02-07T14:47:00,12.9,14.0,2009-02-07T13:10:00,11.6,2009-02-07T01:35:00,12.6,98,93,2009-02-07T15:02:00,2.1,60,12.1,130,2009-02-07T12:23:00,11.0,23.7,0.5,2009-02-07T08:40:00,1.5,2009-02-07T08:01:00,0.0,0.0,3.41,-0.2,,,,,,,,,,,,,,,14.0,2009-02-07T13:10:00,,,,11.3,2009-02-07T01:42:00,,,,,,,0.68,2009-02-07T14:00:00,,,,,,,,,,,,,,100,2009-02-07T07:53:00,,,,,,1544.5,2009-02-07T09:47:00,,,,1517.7,2009-02-07T15:22:00,,,,,,,,,,,,,,,,,,,2.4,,,,,,,0.2,,,0,,0,,0,,1,,0,,2,,2,,0,,1,,1,,1,,0,,0,,0,,1,,0,,1,,2,,2,,1,,0,,0,,1,,2,,0,,0,,2,,0,,0,,0,,0,,0,,0,,0,,0,,0,,0,,4,,,160,,,5.5,2009-02-07T11:59:00,,,0.0,,0.0,,0.0,,3.0,,0.0,,5.2,,5.4,,0.0,,2.0,,2.0,,2.4,,0.0,,0.0,,0.0,,2.0,,0.0,,5.5,,2.9,,2.4,,1.4,,0.0,,0.0,,2.2,,2.5,,0.0,,0.0,,3.4,,0.0,,0.0,,0.0,,0.0,,0.0,,0.0,,0.0,,0.0,,0.0,,0.0,,7.1,
2009-02-08,925.4,1539.5,927.2,2009-02-08T08:22:00,923.9,2009-02-08T15:18:00,12.9,13.6,2009-02-08T04:04:00,11.8,2009-02-08T10:23:00,12.6,98,94,2009-02-08T09:03:00,3.3,160,15.2,140,2009-02-08T13:54:00,8.0,20.7,0.5,2009-02-08T04:20:00,1.5,2009-02-08T03:50:00,0.0,0.0,4.47,-0.3,,,,,,,,,,,,,,,13.3,2009-02-08T04:06:00,,,,11.5,2009-02-08T04:52:00,,,,,,,0.98,2009-02-08T12:00:00,,,,,,,,,,,,,,100,2009-02-08T04:32:00,,,,,,1556.4,2009-02-08T08:47:00,,,,1526.3,2009-02-08T15:18:00,,,,,,,,,,,,,,,,,,,1.8,,,,,,,0.1,,,0,,0,,0,,1,,0,,0,,0,,1,,0,,2,,0,,4,,0,,1,,2,,3,,4,,0,,0,,1,,0,,2,,0,,0,,0,,0,,0,,0,,0,,0,,0,,0,,0,,0,,0,,0,,0,,3,,,150,,,7.1,2009-02-08T13:20:00,,,0.0,,0.0,,0.0,,1.4,,0.0,,0.0,,0.0,,5.0,,0.0,,6.5,,0.0,,13.3,,0.0,,3.1,,6.8,,15.7,,16.1,,0.0,,0.0,,1.9,,0.0,,4.3,,0.0,,0.0,,0.0,,0.0,,0.0,,0.0,,0.0,,0.0,,0.0,,0.0,,0.0,,0.0,,0.0,,0.0,,0.0,,5.5,
2009-02-09,924.2,1531.7,925.5,2009-02-09T00:29:00,922.5,2009-02-09T14:34:00,15.0,20.1,2009-02-09T11:32:00,11.7,2009-02-09T06:59:00,10.8,79,32,2009-02-09T16:04:00,2.3,340,10.3,120,2009-02-09T23:23:00,0.5,2.5,0.5,2009-02-09T01:23:00,0.5,2009-02-09T00:33:00,9.3,83.7,18.56,-6.8,,,,,,,,,,,,,2.2,,15.6,2009-02-09T08:46:00,,,,1.7,2009-02-09T16:04:00,,,,,,,3.0,2009-02-09T13:00:00,,,,,,,,,,,,,,100,2009-02-09T07:05:00,,,,,,1544.2,2009-02-09T09:26:00,,,,1514.9,2009-02-09T18:30:00,,,,,,,,,,,,,,,,,,,8.4,,,,,,,12.2,,,2,,0,,2,,0,,0,,0,,1,,2,,1,,0,,1,,2,,0,,1,,0,,1,,1,,0,,2,,0,,2,,0,,0,,0,,0,,0,,0,,0,,0,,0,,0,,0,,0,,1,,4,,1,,0,,0,,,60,,,5.7,2009-02-09T20:24:00,,,0.1,,0.0,,3.6,,0.0,,0.0,,0.0,,2.8,,9.7,,3.7,,0.0,,1.9,,6.0,,0.0,,2.3,,0.0,,0.6,,1.4,,0.0,,1.7,,0.0,,2.6,,0.0,,0.0,,0.0,,0.0,,0.0,,0.0,,0.0,,0.0,,0.0,,0.0,,0.0,,0.0,,2.4,,12.7,,3.2,,0.0,,0.0,
2009-02-10,922.8,1515.9,924.7,2009-02-10T08:56:00,921.0,2009-02-10T15:13:00,12.6,17.3,2009-02-10T13:29:00,8.8,2009-02-10T08:02:00,9.6,83,57,2009-02-10T22:24:00,2.3,130,13.6,120,2009-02-10T05:15:00,0.5,0.8,0.5,2009-02-10T05:40:00,0.5,2009-02-10T05:30:00,7.4,66.5,16.6,2.1,,,,,,,,,,,,,3.7,,12.6,2009-02-10T13:21:00,,,,7.2,2009-02-10T22:25:00,,,,,,,2.98,2009-02-10T12:00:00,,,,,,,,,,,,,,100,2009-02-10T01:02:00,,,,,,1539.7,2009-02-10T00:48:00,,,,1497.4,2009-02-10T17:19:00,,,,,,,,,,,,,,,,,,,8.5,,,,,,,5.1,,,1,,3,,0,,0,,0,,0,,0,,0,,2,,1,,1,,1,,1,,3,,1,,0,,0,,0,,1,,0,,1,,1,,2,,2,,0,,0,,0,,0,,0,,0,,0,,0,,0,,0,,0,,1,,2,,0,,,90,,,6.2,2009-02-10T05:57:00,,,0.0,,3.3,,0.0,,0.0,,0.0,,0.0,,0.0,,0.0,,10.1,,3.9,,5.8,,3.5,,3.3,,10.3,,1.8,,0.0,,0.0,,0.0,,1.3,,0.0,,1.0,,0.9,,2.1,,2.3,,0.0,,0.0,,0.0,,0.0,,0.0,,0.0,,0.0,,0.0,,0.0,,0.0,,0.0,,1.8,,2.8,,0.0,
2009-02-11,920.6,1501.0,923.0,2009-02-11T08:40:00,918.6,2009-02-11T23:10:00,15.5,20.9,2009-02-11T14:20:00,10.7,2009-02-11T04:47:00,10.0,70,56,2009-02-11T09:47:00,1.1,360,5.1,340,2009-02-11T08:06:00,0.0,0.0,0.0,,0.0,,8.5,76.2,15.1,1.7,,,,,,,,,,,,,0.2,,14.8,2009-02-11T12:36:00,,,,6.5,2009-02-11T22:35:00,,,,,,,2.64,2009-02-11T12:00:00,,,,,,,,,,,,,,82,2009-02-11T04:47:00,,,,,,1523.8,2009-02-11T09:51:00,,,,1484.9,2009-02-11T18:28:00,,,,,,,,,,,,,,,,,,,10.2,,,,,,,7.2,,,4,,0,,0,,0,,0,,0,,0,,0,,0,,0,,0,,0,,0,,0,,1,,1,,0,,2,,2,,1,,2,,0,,0,,0,,0,,0,,0,,0,,0,,1,,0,,0,,0,,0,,1,,3,,6,,0,,,360,,,3.3,2009-02-11T02:33:00,,,0.1,,0.0,,0.0,,0.0,,0.0,,0.0,,0.0,,0.0,,0.0,,0.0,,0.0,,0.0,,0.0,,0.0,,0.5,,0.8,,0.0,,2.4,,1.2,,1.5,,2.4,,0.0,,0.0,,0.0,,0.0,,0.0,,0.0,,0.0,,0.0,,0.7,,0.0,,0.0,,0.0,,0.0,,2.4,,4.3,,10.9,,0.0,
2009-02-12,917.4,1473.9,919.6,2009-02-12T07:42:00,915.3,2009-02-12T18:33:00,16.7,22.9,2009-02-12T12:39:00,12.3,2009-02-12T00:01:00,12.5,77,56,2009-02-12T13:22:00,2.4,180,10.6,180,2009-02-12T18:45:00,0.0,0.0,0.0,,0.0,,6.9,61.8,16.35,2.3,,,,,,,,,,,,,3.7,,15.6,2009-02-12T12:39:00,,,,7.7,2009-02-12T01:41:00,,,,,,,2.82,2009-02-12T13:00:00,,,,,,,,,,,,,,88,2009-02-12T20:04:00,,,,,,1492.3,2009-02-12T08:27:00,,,,1450.4,2009-02-12T18:33:00,,,,,,,,,,,,,,,,,,,10.6,,,,,,,7.5,,,1,,0,,0,,0,,0,,0,,0,,1,,0,,0,,0,,0,,0,,0,,0,,0,,2,,2,,10,,4,,1,,0,,2,,0,,1,,0,,0,,0,,0,,0,,0,,0,,0,,0,,0,,0,,0,,0,,,180,,,5.2,2009-02-12T18:30:00,,,0.1,,0.0,,0.0,,0.0,,0.0,,0.0,,0.0,,0.9,,0.0,,0.0,,0.0,,0.0,,0.0,,0.0,,0.0,,0.0,,1.9,,2.0,,33.4,,9.6,,2.4,,0.0,,3.5,,0.0,,2.8,,0.0,,0.0,,0.0,,0.0,,0.0,,0.0,,0.0,,0.0,,0.0,,0.0,,0.0,,0.0,,0.0,
2009-02-13,915.7,1463.6,917.5,2009-02-13T22:37:00,913.9,2009-02-13T14:34:00,18.9,24.6,2009-02-13T12:41:00,14.8,2009-02-13T00:04:00,13.7,73,56,2009-02-13T11:56:00,2.7,150,14.8,170,2009-02-13T19:00:00,0.0,0.0,0.0,,0.0,,8.8,78.6,18.31,1.5,,,,,,,,,,,,,2.3,,17.4,2009-02-13T14:14:00,,,,10.2,2009-02-13T05:47:00,,,,,,,3.0,2009-02-13T13:00:00,,,,,,,,,,,,,,89,2009-02-13T18:36:00,,,,,,1482.7,2009-02-13T23:52:00,,,,1446.9,2009-02-13T15:20:00,,,,,,,,,,,,,,,,,,,9.8,,,,,,,10.0,,,0,,3,,1,,1,,1,,0,,0,,1,,0,,0,,1,,0,,0,,0,,2,,5,,2,,3,,2,,0,,0,,0,,0,,0,,0,,0,,0,,0,,0,,0,,0,,0,,0,,0,,0,,0,,1,,1,,,350,,,5.9,2009-02-13T15:35:00,,,0.0,,10.1,,2.8,,1.8,,1.4,,0.0,,0.0,,1.4,,0.0,,0.0,,1.8,,0.0,,0.0,,0.0,,5.7,,16.1,,8.0,,6.0,,5.1,,0.0,,0.0,,0.0,,0.0,,0.0,,0.0,,0.0,,0.0,,0.0,,0.0,,0.0,,0.0,,0.0,,0.0,,0.0,,0.0,,0.0,,3.8,,1.3,
2009-02-14,918.8,1490.1,920.5,2009-02-14T21:34:00,917.1,2009-02-14T00:41:00,17.4,18.0,2009-02-14T01:06:00,16.0,2009-02-14T23:41:00,15.8,91,74,2009-02-14T01:06:00,2.4,10,14.1,330,2009-02-14T04:45:00,0.0,0.0,0.0,,0.0,,0.0,0.0,0.73,0.2,,,,,,,,,,,,,8.0,,17.5,2009-02-14T11:25:00,,,,13.2,2009-02-14T01:02:00,,,,,,,0.21,2009-02-14T14:00:00,,,,,,,,,,,,,,100,2009-02-14T13:08:00,,,,,,1505.4,2009-02-14T21:43:00,,,,1476.6,2009-02-14T04:05:00,,,,,,,,,,,,,,,,,,,2.0,,,,,,,5.3,,,3,,4,,2,,0,,0,,0,,2,,0,,2,,0,,0,,0,,0,,0,,1,,1,,0,,0,,0,,0,,0,,0,,0,,0,,0,,0,,0,,0,,0,,0,,0,,0,,0,,1,,3,,2,,2,,1,,,20,,,5.3,2009-02-14T08:11:00,,,0.3,,14.1,,8.2,,0.0,,0.0,,0.0,,1.9,,0.0,,3.0,,0.0,,0.0,,0.0,,0.0,,0.0,,2.4,,1.5,,0.0,,0.0,,0.0,,0.0,,0.0,,0.0,,0.0,,0.0,,0.0,,0.0,,0.0,,0.0,,0.0,,0.0,,0.0,,0.0,,0.0,,0.3,,9.4,,7.5,,8.2,,1.5,
2009-02-15,921.3,1512.0,922.9,2009-02-15T09:11:00,919.7,2009-02-15T03:20:00,17.3,21.8,2009-02-15T12:44:00,13.9,2009-02-15T23:57:00,15.6,90,79,2009-02-15T11:34:00,1.8,180,13.1,50,2009-02-15T23:39:00,0.0,0.0,0.0,,0.0,,1.0,8.9,9.0,-0.2,,,,,,,,,,,,,9.8,,18.2,2009-02-15T12:45:00,,,,12.7,2009-02-15T23:57:00,,,,,,,2.14,2009-02-15T12:00:00,,,,,,,,,,,,,,100,2009-02-15T08:19:00,,,,,,1527.9,2009-02-15T10:09:00,,,,1495.7,2009-02-15T03:20:00,,,,,,,,,,,,,,,,,,,7.9,,,,,,,6.7,,,3,,0,,0,,0,,0,,0,,0,,3,,1,,0,,0,,1,,0,,0,,1,,0,,2,,2,,4,,3,,1,,1,,1,,0,,0,,0,,0,,0,,0,,0,,0,,0,,0,,0,,0,,0,,1,,0,,,70,,,7.7,2009-02-15T23:57:00,,,0.1,,0.0,,0.0,,0.0,,0.0,,0.0,,0.0,,16.2,,2.5,,0.0,,0.0,,1.3,,0.0,,0.0,,0.9,,0.0,,2.7,,2.6,,7.0,,6.2,,1.5,,0.7,,0.4,,0.0,,0.0,,0.0,,0.0,,0.0,,0.0,,0.0,,0.0,,0.0,,0.0,,0.0,,0.0,,0.0,,0.7,,0.0,
2009-02-16,924.3,1530.5,926.4,2009-02-16T23:52:00,922.0,2009-02-16T03:01:00,11.9,13.9,2009-02-16T00:01:00,10.5,2009-02-16T22:53:00,11.3,96,86,2009-02-16T09:01:00,3.0,170,14.5,140,2009-02-16T17:18:00,9.5,18.5,0.3,2009-02-16T09:32:00,1.5,2009-02-16T20:43:00,0.0,0.0,4.23,-0.7,,,,,,,,,,,,,10.0,,12.7,2009-02-16T00:01:00,,,,10.1,2009-02-16T22:42:00,,,,,,,0.67,2009-02-16T15:00:00,,,,,,,,,,,,,,100,2009-02-16T05:03:00,,,,,,1547.1,2009-02-16T09:06:00,,,,1514.8,2009-02-16T03:16:00,,,,,,,,,,,,,,,,,,,3.4,,,,,,,1.9,,,0,,0,,1,,2,,0,,1,,1,,2,,1,,0,,1,,0,,0,,1,,2,,0,,1,,3,,0,,0,,1,,1,,0,,0,,0,,0,,0,,1,,0,,0,,0,,0,,0,,0,,1,,0,,0,,4,,,70,,,7.6,2009-02-16T01:49:00,,,0.0,,0.0,,1.8,,5.7,,0.0,,2.1,,1.5,,7.4,,6.3,,0.0,,3.8,,0.0,,0.0,,2.7,,7.5,,0.0,,3.3,,10.2,,0.0,,0.0,,2.5,,2.1,,0.0,,0.0,,0.0,,0.0,,0.0,,1.9,,0.0,,0.0,,0.0,,0.0,,0.0,,0.0,,4.7,,0.0,,0.0,,7.9,
2009-02-17,925.6,1537.3,927.5,2009-02-17T08:59:00,923.8,2009-02-17T15:13:00,11.5,12.9,2009-02-17T23:59:59,10.5,2009-02-17T03:31:00,11.0,97,94,2009-02-17T16:26:00,5.1,160,21.0,130,2009-02-17T11:42:00,28.5,24.0,0.5,2009-02-17T00:10:00,2.5,2009-02-17T06:37:00,0.0,0.0,8.11,-0.2,,,,,,,,,,,,,,,12.1,2009-02-17T23:44:00,,,,10.2,2009-02-17T00:34:00,,,,,,,1.49,2009-02-17T13:00:00,,,,,,,,,,,,,,100,2009-02-17T04:09:00,,,,,,1553.6,2009-02-17T08:59:00,,,,1520.5,2009-02-17T15:13:00,,,,,,,,,,,,,,,,,,,2.4,,,,,,,0.1,,,0,,0,,0,,0,,0,,0,,0,,0,,0,,0,,1,,1,,0,,0,,3,,3,,5,,2,,2,,3,,3,,1,,0,,0,,0,,0,,0,,0,,0,,0,,0,,0,,0,,0,,0,,0,,0,,0,,,150,,,9.8,2009-02-17T21:15:00,,,0.0,,0.0,,0.0,,0.0,,0.0,,0.0,,0.0,,0.0,,0.0,,0.0,,2.2,,2.4,,0.0,,0.0,,15.8,,23.6,,33.3,,12.7,,9.4,,12.0,,8.9,,2.4,,0.0,,0.0,,0.0,,0.0,,0.0,,0.0,,0.0,,0.0,,0.0,,0.0,,0.0,,0.0,,0.0,,0.0,,0.0,,0.0,
2009-02-18,923.6,1524.9,926.0,2009-02-18T08:03:00,921.6,2009-02-18T15:03:00,14.9,17.0,2009-02-18T11:41:00,12.9,2009-02-18T00:01:00,13.9,94,87,2009-02-18T13:11:00,3.7,180,13.4,150,2009-02-18T00:55:00,4.0,11.8,0.5,2009-02-18T01:12:00,1.0,2009-02-18T02:17:00,1.1,9.7,11.27,-1.0,,,,,,,,,,,,,10.0,,16.9,2009-02-18T11:41:00,,,,12.1,2009-02-18T00:01:00,,,,,,,2.3,2009-02-18T12:00:00,,,,,,,,,,,,,,100,2009-02-18T09:10:00,,,,,,1543.4,2009-02-18T08:03:00,,,,1507.9,2009-02-18T15:16:00,,,,,,,,,,,,,,,,,,,4.1,,,,,,,3.2,,,0,,0,,0,,0,,1,,0,,0,,1,,1,,4,,0,,0,,0,,5,,1,,2,,0,,3,,5,,0,,0,,0,,0,,0,,0,,0,,0,,0,,0,,0,,0,,0,,0,,0,,0,,0,,0,,1,,,140,,,6.3,2009-02-18T03:09:00,,,0.0,,0.0,,0.0,,0.0,,1.9,,0.0,,0.0,,4.7,,3.5,,14.9,,0.0,,0.0,,0.0,,16.0,,4.4,,7.3,,0.0,,15.3,,19.7,,0.0,,0.0,,0.0,,0.0,,0.0,,0.0,,0.0,,0.0,,0.0,,0.0,,0.0,,0.0,,0.0,,0.0,,0.0,,0.0,,0.0,,0.0,,1.6,
2009-02-19,921.0,1507.9,922.6,2009-02-19T08:39:00,919.2,2009-02-19T15:02:00,17.2,20.1,2009-02-19T10:05:00,15.4,2009-02-19T03:50:00,15.6,91,75,2009-02-19T18:31:00,2.1,190,11.1,180,2009-02-19T00:29:00,1.0,1.8,0.5,2009-02-19T22:35:00,1.0,2009-02-19T22:15:00,3.4,30.0,10.51,-1.4,,,,,,,,,,,,,7.3,,18.0,2009-02-19T09:49:00,,,,12.7,2009-02-19T18:20:00,,,,,,,2.06,2009-02-19T10:00:00,,,,,,,,,,,,,,100,2009-02-19T06:10:00,,,,,,1523.8,2009-02-19T08:48:00,,,,1492.1,2009-02-19T16:06:00,,,,,,,,,,,,,,,,,,,4.7,,,,,,,6.0,,,0,,0,,0,,0,,0,,1,,0,,0,,1,,1,,0,,0,,0,,0,,1,,2,,3,,4,,5,,6,,0,,0,,0,,0,,0,,0,,0,,0,,0,,0,,0,,0,,0,,0,,0,,0,,0,,0,,,180,,,5.4,2009-02-19T00:30:00,,,0.0,,0.0,,0.0,,0.0,,0.0,,0.9,,0.0,,0.0,,0.4,,0.9,,0.0,,0.0,,0.0,,0.0,,2.4,,4.0,,6.6,,11.3,,12.9,,11.5,,0.0,,0.0,,0.0,,0.0,,0.0,,0.0,,0.0,,0.0,,0.0,,0.0,,0.0,,0.0,,0.0,,0.0,,0.0,,0.0,,0.0,,0.0,
2009-02-20,923.9,1525.0,926.2,2009-02-20T20:23:00,920.2,2009-02-20T01:15:00,10.2,18.4,2009-02-20T01:41:00,6.5,2009-02-20T20:17:00,9.5,95,86,2009-02-20T23:44:00,3.9,360,17.3,340,2009-02-20T11:44:00,20.0,14.2,2.5,2009-02-20T01:37:00,8.0,2009-02-20T03:31:00,0.0,0.0,3.22,-0.7,,,,,,,,,,,,,10.0,,17.0,2009-02-20T01:42:00,,,,5.3,2009-02-20T23:44:00,,,,,,,0.67,2009-02-20T13:00:00,,,,,,,,,,,,,,100,2009-02-20T08:23:00,,,,,,1541.1,2009-02-20T10:22:00,,,,1504.9,2009-02-20T01:15:00,,,,,,,,,,,,,,,,,,,11.9,,,,,,,3.0,,,0,,0,,3,,0,,0,,2,,1,,3,,0,,0,,0,,0,,1,,0,,1,,0,,0,,1,,1,,2,,1,,0,,1,,0,,0,,0,,0,,0,,0,,0,,0,,0,,0,,0,,2,,1,,3,,1,,,340,,,8.8,2009-02-20T11:49:00,,,0.0,,0.0,,10.9,,0.0,,0.0,,8.4,,6.0,,13.3,,0.0,,0.0,,0.0,,0.0,,2.4,,0.0,,1.7,,0.0,,0.0,,6.3,,2.9,,5.9,,2.1,,0.0,,2.7,,0.0,,0.0,,0.0,,0.0,,0.0,,0.0,,0.0,,0.0,,0.0,,0.0,,0.0,,8.4,,4.2,,15.4,,3.3,
2009-02-21,922.3,1504.5,925.8,2009-02-21T00:02:00,919.5,2009-02-21T16:03:00,12.0,17.0,2009-02-21T14:44:00,7.4,2009-02-21T02:31:00,9.2,83,76,2009-02-21T14:43:00,2.8,190,16.1,150,2009-02-21T03:06:00,0.0,0.0,0.0,,0.0,,4.1,36.1,11.42,0.9,,,,,,,,,,,,,6.8,,13.2,2009-02-21T13:59:00,,,,4.9,2009-02-21T03:13:00,,,,,,,1.98,2009-02-21T15:00:00,,,,,,,,,,,,,,88,2009-02-21T02:43:00,,,,,,1530.5,2009-02-21T00:02:00,,,,1482.8,2009-02-21T16:03:00,,,,,,,,,,,,,,,,,,,9.6,,,,,,,13.7,,,0,,0,,0,,0,,0,,0,,0,,1,,0,,1,,0,,0,,2,,0,,0,,0,,4,,1,,2,,5,,3,,4,,0,,0,,0,,0,,0,,0,,0,,0,,0,,0,,0,,0,,0,,1,,0,,0,,,70,,,8.1,2009-02-21T07:57:00,,,0.0,,0.0,,0.0,,0.0,,0.0,,0.0,,0.0,,7.6,,0.0,,5.2,,0.0,,0.0,,6.9,,0.0,,0.0,,0.0,,17.2,,4.9,,3.4,,9.9,,5.1,,4.5,,0.0,,0.0,,0.0,,0.0,,0.0,,0.0,,0.0,,0.0,,0.0,,0.0,,0.0,,0.0,,0.0,,2.1,,0.0,,0.0,
2009-02-22,919.1,1489.4,921.4,2009-02-22T09:24:00,916.7,2009-02-22T15:16:00,17.7,23.6,2009-02-22T14:00:00,13.3,2009-02-22T02:59:00,14.2,80,66,2009-02-22T12:31:00,2.0,140,13.4,110,2009-02-22T21:40:00,0.0,0.0,0.0,,0.0,,5.9,51.8,15.39,-0.8,,,,,,,,,,,,,5.7,,17.4,2009-02-22T13:35:00,,,,10.1,2009-02-22T03:26:00,,,,,,,2.99,2009-02-22T13:00:00,,,,,,,,,,,,,,90,2009-02-22T23:46:00,,,,,,1508.0,2009-02-22T09:52:00,,,,1469.0,2009-02-22T17:56:00,,,,,,,,,,,,,,,,,,,10.3,,,,,,,8.5,,,4,,0,,0,,0,,0,,0,,0,,0,,1,,0,,1,,0,,0,,1,,5,,3,,2,,0,,2,,1,,0,,0,,0,,0,,0,,0,,0,,0,,0,,0,,0,,0,,1,,1,,1,,0,,0,,1,,,150,,,5.0,2009-02-22T23:48:00,,,0.3,,0.0,,0.0,,0.0,,0.0,,0.0,,0.0,,0.0,,1.9,,0.0,,1.3,,0.0,,0.0,,4.3,,12.5,,7.5,,9.3,,0.0,,3.4,,1.0,,0.0,,0.0,,0.0,,0.0,,0.0,,0.0,,0.0,,0.0,,0.0,,0.0,,0.0,,0.0,,0.8,,1.4,,2.8,,0.0,,0.0,,1.3,
2009-02-23,920.2,1506.2,922.1,2009-02-23T09:13:00,918.6,2009-02-23T14:52:00,19.0,24.1,2009-02-23T12:23:00,17.5,2009-02-23T02:49:00,17.9,94,77,2009-02-23T12:17:00,2.3,160,10.6,320,2009-02-23T05:51:00,1.0,6.0,0.2,2009-02-23T03:01:00,0.5,2009-02-23T03:01:00,3.2,28.0,11.46,2.8,,,,,,,,,,,,,7.5,,20.5,2009-02-23T10:28:00,,,,16.1,2009-02-23T00:01:00,,,,,,,2.96,2009-02-23T12:00:00,,,,,,,,,,,,,,100,2009-02-23T04:12:00,,,,,,1522.1,2009-02-23T09:13:00,,,,1491.0,2009-02-23T14:52:00,,,,,,,,,,,,,,,,,,,6.6,,,,,,,1.7,,,0,,1,,1,,1,,0,,0,,0,,1,,0,,0,,0,,0,,1,,0,,0,,1,,5,,3,,4,,2,,0,,0,,0,,0,,0,,0,,0,,0,,0,,0,,0,,0,,1,,0,,2,,0,,1,,0,,,360,,,4.8,2009-02-23T06:07:00,,,0.0,,1.4,,0.7,,1.2,,0.0,,0.0,,0.0,,1.6,,0.0,,0.0,,0.0,,0.0,,3.5,,0.0,,0.0,,1.9,,10.5,,7.3,,12.4,,5.2,,0.0,,0.0,,0.0,,0.0,,0.0,,0.0,,0.0,,0.0,,0.0,,0.0,,0.0,,0.0,,2.2,,0.0,,6.5,,0.0,,1.3,,0.0,
2009-02-24,921.0,1513.5,922.9,2009-02-24T10:07:00,919.7,2009-02-24T14:50:00,19.2,24.4,2009-02-24T14:06:00,16.3,2009-02-24T06:18:00,17.0,88,73,2009-02-24T19:09:00,2.2,180,14.2,170,2009-02-24T22:27:00,0.0,0.0,0.0,,0.0,,7.5,65.6,18.62,2.7,,,,,,,,,,,,,3.5,,19.8,2009-02-24T14:29:00,,,,14.9,2009-02-24T19:19:00,,,,,,,3.02,2009-02-24T13:00:00,,,,,,,,,,,,,,100,2009-02-24T07:04:00,,,,,,1531.8,2009-02-24T10:21:00,,,,1499.2,2009-02-24T17:43:00,,,,,,,,,,,,,,,,,,,8.1,,,,,,,9.2,,,0,,0,,0,,0,,0,,1,,0,,0,,0,,0,,0,,1,,2,,0,,1,,3,,2,,3,,8,,1,,1,,0,,0,,0,,0,,0,,0,,0,,0,,0,,0,,0,,0,,0,,0,,0,,0,,1,,,200,,,4.6,2009-02-24T23:58:00,,,0.0,,0.0,,0.0,,0.0,,0.0,,2.5,,0.0,,0.0,,0.0,,0.0,,0.0,,3.1,,2.5,,0.0,,2.1,,7.5,,6.5,,6.5,,15.0,,2.2,,4.2,,0.0,,0.0,,0.0,,0.0,,0.0,,0.0,,0.0,,0.0,,0.0,,0.0,,0.0,,0.0,,0.0,,0.0,,0.0,,0.0,,1.1,
2009-02-25,922.0,1524.2,923.2,2009-02-25T10:16:00,920.0,2009-02-25T03:27:00,19.0,24.5,2009-02-25T12:28:00,14.7,2009-02-25T20:44:00,16.2,84,55,2009-02-25T04:18:00,2.6,150,12.9,130,2009-02-25T23:16:00,0.0,0.0,0.0,,0.0,,6.5,56.7,16.73,-2.5,,,,,,,,,,,,,4.5,,19.7,2009-02-25T12:07:00,,,,12.1,2009-02-25T04:19:00,,,,,,,2.99,2009-02-25T12:00:00,,,,,,,,,,,,,,98,2009-02-25T21:58:00,,,,,,1539.9,2009-02-25T10:27:00,,,,1508.5,2009-02-25T04:30:00,,,,,,,,,,,,,,,,,,,9.8,,,,,,,7.5,,,1,,0,,0,,1,,1,,0,,0,,3,,1,,0,,0,,2,,1,,1,,0,,4,,0,,1,,0,,2,,0,,0,,1,,0,,0,,0,,0,,0,,0,,0,,0,,0,,0,,0,,2,,1,,2,,0,,,60,,,6.2,2009-02-25T20:43:00,,,0.1,,0.0,,0.0,,2.1,,3.0,,0.0,,0.0,,9.1,,1.9,,0.0,,0.0,,2.9,,2.9,,5.2,,0.0,,12.0,,0.0,,1.8,,0.0,,2.6,,0.0,,0.0,,3.0,,0.0,,0.0,,0.0,,0.0,,0.0,,0.0,,0.0,,0.0,,0.0,,0.0,,0.0,,7.0,,3.3,,5.7,,0.0,
2009-02-26,923.0,1524.7,925.0,2009-02-26T09:19:00,921.7,2009-02-26T01:57:00,15.4,20.3,2009-02-26T13:41:00,13.1,2009-02-26T21:24:00,13.6,89,63,2009-02-26T16:51:00,1.8,200,12.8,140,2009-02-26T00:23:00,-9.8,2.0,-9.8,2009-02-26T04:30:00,-9.8,2009-02-26T04:30:00,2.8,24.4,12.55,1.5,,,,,,,,,,,,,6.2,,17.2,2009-02-26T13:41:00,,,,11.5,2009-02-26T21:26:00,,,,,,,2.66,2009-02-26T14:00:00,,,,,,,,,,,,,,98,2009-02-26T10:39:00,,,,,,1542.5,2009-02-26T10:21:00,,,,1513.9,2009-02-26T18:22:00,,,,,,,,,,,,,,,,,,,7.2,,,,,,,3.2,,,1,,0,,2,,0,,0,,1,,0,,1,,0,,1,,0,,0,,1,,1,,0,,0,,0,,1,,4,,3,,5,,1,,0,,0,,0,,0,,0,,0,,0,,1,,0,,0,,0,,0,,0,,1,,0,,0,,,140,,,6.2,2009-02-26T00:11:00,,,0.1,,0.0,,5.2,,0.0,,0.0,,4.2,,0.0,,0.8,,0.0,,2.7,,0.0,,0.0,,3.3,,4.0,,0.0,,0.0,,0.0,,1.1,,5.8,,4.1,,8.5,,2.1,,0.0,,0.0,,0.0,,0.0,,0.0,,0.0,,0.0,,0.3,,0.0,,0.0,,0.0,,0.0,,0.0,,1.4,,0.0,,0.0,
2009-02-27,923.1,1523.3,924.4,2009-02-27T09:37:00,921.7,2009-02-27T04:19:00,14.3,20.3,2009-02-27T13:52:00,11.3,2009-02-27T20:12:00,13.2,93,81,2009-02-27T13:26:00,2.5,190,12.0,40,2009-02-27T20:33:00,0.0,0.0,0.0,,0.0,,0.9,7.8,11.02,-1.0,,,,,,,,,,,,,10.0,,17.3,2009-02-27T13:53:00,,,,9.9,2009-02-27T19:46:00,,,,,,,2.65,2009-02-27T14:00:00,,,,,,,,,,,,,,100,2009-02-27T01:10:00,,,,,,1535.8,2009-02-27T10:36:00,,,,1512.2,2009-02-27T05:05:00,,,,,,,,,,,,,,,,,,,9.0,,,,,,,0.5,,,0,,0,,0,,0,,0,,0,,1,,0,,3,,3,,0,,0,,0,,0,,0,,0,,0,,1,,2,,6,,5,,2,,0,,1,,0,,0,,0,,0,,0,,0,,0,,0,,0,,0,,0,,0,,0,,0,,,80,,,5.8,2009-02-27T20:36:00,,,0.0,,0.0,,0.0,,0.0,,0.0,,0.0,,4.5,,0.0,,14.9,,11.1,,0.0,,0.0,,0.0,,0.0,,0.0,,0.0,,0.0,,2.2,,3.0,,11.0,,9.5,,2.6,,0.0,,1.6,,0.0,,0.0,,0.0,,0.0,,0.0,,0.0,,0.0,,0.0,,0.0,,0.0,,0.0,,0.0,,0.0,,0.0,
2009-02-28,924.4,1529.5,926.5,2009-02-28T23:52:00,923.1,2009-02-28T14:00:00,12.1,17.3,2009-02-28T11:35:00,10.3,2009-02-28T23:26:00,11.3,95,81,2009-02-28T11:34:00,5.1,80,15.9,80,2009-02-28T18:31:00,5.5,9.3,1.0,2009-02-28T19:54:00,2.0,2009-02-28T20:34:00,2.6,22.5,16.0,-1.1,,,,,,,,,,,,,8.8,,14.6,2009-02-28T11:37:00,,,,9.8,2009-02-28T22:57:00,,,,,,,3.34,2009-02-28T12:00:00,,,,,,,,,,,,,,100,2009-02-28T06:16:00,,,,,,1549.8,2009-02-28T23:59:59,,,,1517.2,2009-02-28T14:39:00,,,,,,,,,,,,,,,,,,,7.0,,,,,,,1.5,,,0,,0,,0,,0,,0,,0,,0,,6,,10,,2,,4,,1,,0,,0,,0,,0,,0,,0,,0,,0,,0,,0,,0,,0,,0,,0,,0,,0,,0,,0,,0,,0,,0,,0,,0,,0,,0,,1,,,70,,,8.6,2009-02-28T18:28:00,,,0.0,,0.0,,0.0,,0.0,,0.0,,0.0,,0.0,,38.9,,52.3,,8.4,,16.1,,4.0,,0.0,,0.0,,0.0,,0.0,,0.0,,0.0,,0.0,,0.0,,0.0,,0.0,,0.0,,0.0,,0.0,,0.0,,0.0,,0.0,,0.0,,0.0,,0.0,,0.0,,0.0,,0.0,,0.0,,0.0,,0.0,,1.6,
2009-03-01,926.4,1541.8,928.0,2009-03-01T22:32:00,925.4,2009-03-01T12:47:00,9.6,11.0,2009-03-01T11:21:00,8.5,2009-03-01T19:05:00,9.5,99,95,2009-03-01T15:11:00,2.9,80,14.8,50,2009-03-01T09:12:00,5.5,17.3,0.5,2009-03-01T00:30:00,1.5,2009-03-01T01:54:00,0.0,0.0,5.27,-0.2,,,,,,,,,,,,,10.0,,11.0,2009-03-01T11:21:00,,,,8.2,2009-03-01T18:10:00,,,,,,,1.2,2009-03-01T11:00:00,,,,,,,,,,,,,,100,2009-03-01T04:03:00,,,,,,1554.1,2009-03-01T22:32:00,,,,1532.6,2009-03-01T14:39:00,,,,,,,,,,,,,,,,,,,2.5,,,,,,,0.3,,,0,,0,,0,,0,,0,,0,,2,,1,,6,,3,,1,,3,,3,,0,,0,,0,,0,,0,,1,,1,,0,,1,,1,,0,,0,,0,,1,,0,,0,,0,,0,,0,,0,,0,,0,,0,,0,,0,,,80,,,7.4,2009-03-01T01:40:00,,,0.0,,0.0,,0.0,,0.0,,0.0,,0.0,,4.6,,4.1,,19.3,,8.9,,4.1,,9.5,,8.9,,0.0,,0.0,,0.0,,0.0,,0.0,,1.9,,1.9,,0.0,,1.8,,2.1,,0.0,,0.0,,0.0,,1.7,,0.0,,0.0,,0.0,,0.0,,0.0,,0.0,,0.0,,0.0,,0.0,,0.0,,0.0,
2009-03-02,924.3,1524.6,926.7,2009-03-02T00:01:00,921.4,2009-03-02T14:54:00,11.7,15.7,2009-03-02T14:48:00,8.7,2009-03-02T00:05:00,11.1,96,87,2009-03-02T15:23:00,3.6,160,17.1,330,2009-03-02T18:08:00,8.5,13.0,1.0,2009-03-02T17:11:00,5.0,2009-03-02T16:59:00,0.0,0.0,5.84,-0.3,,,,,,,,,,,,,10.0,,14.8,2009-03-02T13:54:00,,,,8.5,2009-03-02T00:14:00,,,,,,,1.29,2009-03-02T14:00:00,,,,,,,,,,,,,,100,2009-03-02T08:21:00,,,,,,1543.0,2009-03-02T00:09:00,,,,1501.7,2009-03-02T14:56:00,,,,,,,,,,,,,,,,,,,7.0,,,,,,,0.3,,,0,,0,,0,,0,,0,,0,,0,,0,,0,,0,,0,,0,,1,,4,,1,,5,,6,,2,,0,,0,,0,,0,,0,,0,,0,,0,,0,,0,,0,,0,,0,,0,,0,,0,,1,,3,,0,,1,,,350,,,10.8,2009-03-02T17:54:00,,,0.0,,0.0,,0.0,,0.0,,0.0,,0.0,,0.0,,0.0,,0.0,,0.0,,0.0,,0.0,,2.5,,8.0,,4.5,,14.2,,20.0,,6.0,,0.0,,0.0,,0.0,,0.0,,0.0,,0.0,,0.0,,0.0,,0.0,,0.0,,0.0,,0.0,,0.0,,0.0,,0.0,,0.0,,4.6,,25.2,,0.0,,1.6,
2009-03-03,923.2,1514.7,925.2,2009-03-03T00:29:00,920.4,2009-03-03T15:36:00,10.4,11.4,2009-03-03T10:36:00,9.1,2009-03-03T22:15:00,10.2,98,93,2009-03-03T16:37:00,3.6,80,15.3,70,2009-03-03T15:36:00,4.0,6.0,0.5,2009-03-03T07:27:00,1.5,2009-03-03T20:02:00,0.0,0.0,7.46,-0.1,,,,,,,,,,,,,10.0,,11.4,2009-03-03T10:36:00,,,,8.5,2009-03-03T22:37:00,,,,,,,1.23,2009-03-03T11:00:00,,,,,,,,,,,,,,100,2009-03-03T00:26:00,,,,,,1536.0,2009-03-03T00:29:00,,,,1487.6,2009-03-03T16:19:00,,,,,,,,,,,,,,,,,,,2.3,,,,,,,0.3,,,0,,2,,0,,1,,0,,1,,1,,2,,4,,1,,1,,0,,3,,1,,0,,1,,0,,1,,0,,0,,0,,0,,0,,1,,0,,0,,0,,0,,0,,0,,0,,0,,0,,0,,0,,3,,0,,1,,,70,,,8.4,2009-03-03T15:37:00,,,0.0,,5.3,,0.0,,4.2,,0.0,,2.8,,3.4,,8.6,,19.0,,3.4,,4.5,,0.0,,11.3,,3.5,,0.0,,0.9,,0.0,,2.3,,0.0,,0.0,,0.0,,0.0,,0.0,,1.3,,0.0,,0.0,,0.0,,0.0,,0.0,,0.0,,0.0,,0.0,,0.0,,0.0,,0.0,,14.6,,0.0,,1.7,
2009-03-04,921.2,1500.1,923.0,2009-03-04T00:25:00,918.4,2009-03-04T15:23:00,14.0,19.4,2009-03-04T15:06:00,9.7,2009-03-04T00:01:00,12.7,92,75,2009-03-04T16:35:00,2.4,170,11.2,130,2009-03-04T08:59:00,0.0,0.0,0.0,,0.0,,3.2,27.5,14.05,0.4,,,,,,,,,,,,,6.3,,16.1,2009-03-04T14:15:00,,,,9.5,2009-03-04T00:01:00,,,,,,,2.62,2009-03-04T11:00:00,,,,,,,,,,,,,,100,2009-03-04T00:48:00,,,,,,1512.1,2009-03-04T09:28:00,,,,1478.5,2009-03-04T15:32:00,,,,,,,,,,,,,,,,,,,9.7,,,,,,,8.6,,,3,,0,,0,,0,,0,,0,,0,,2,,1,,0,,1,,1,,0,,0,,1,,2,,0,,4,,2,,1,,1,,0,,0,,0,,0,,0,,0,,0,,0,,0,,0,,0,,0,,1,,1,,1,,2,,0,,,350,,,7.4,2009-03-04T20:43:00,,,0.1,,0.0,,0.0,,0.0,,0.0,,0.0,,0.0,,7.7,,3.7,,0.0,,2.5,,1.8,,0.0,,0.0,,2.6,,3.1,,0.0,,12.1,,5.3,,1.6,,1.1,,0.0,,0.0,,0.0,,0.0,,0.0,,0.0,,0.0,,0.0,,0.0,,0.0,,0.0,,0.0,,2.5,,6.2,,3.2,,4.3,,0.0,
2009-03-05,919.0,1488.7,922.0,2009-03-05T21:02:00,916.5,2009-03-05T14:17:00,16.2,21.5,2009-03-05T13:20:00,11.2,2009-03-05T19:54:00,14.3,89,75,2009-03-05T13:16:00,2.3,150,17.8,350,2009-03-05T20:14:00,19.0,3.9,4.5,2009-03-05T19:56:00,12.5,2009-03-05T19:27:00,1.5,12.9,9.84,-0.5,,,,,,,,,,,,,8.0,,17.8,2009-03-05T08:47:00,,,,10.0,2009-03-05T19:56:00,,,,,,,2.12,2009-03-05T12:00:00,,,,,,,,,,,,,,100,2009-03-05T00:04:00,,,,,,1514.2,2009-03-05T21:02:00,,,,1466.4,2009-03-05T14:53:00,,,,,,,,,,,,,,,,,,,10.3,,,,,,,11.7,,,2,,0,,0,,1,,1,,1,,0,,0,,0,,0,,0,,0,,0,,0,,1,,5,,4,,1,,1,,2,,1,,0,,0,,0,,0,,0,,0,,0,,0,,0,,0,,0,,0,,0,,0,,3,,1,,0,,,350,,,12.7,2009-03-05T20:16:00,,,0.3,,0.0,,0.0,,1.9,,0.6,,0.9,,0.0,,0.0,,0.0,,0.0,,0.0,,0.0,,0.0,,0.0,,2.4,,6.1,,9.2,,0.7,,1.8,,1.9,,1.6,,0.0,,0.0,,0.0,,0.0,,0.0,,0.0,,0.0,,0.0,,0.0,,0.0,,0.0,,0.0,,0.0,,0.0,,24.1,,3.4,,0.0,
2009-03-06,923.4,1516.1,926.8,2009-03-06T21:09:00,920.1,2009-03-06T03:42:00,8.6,13.6,2009-03-06T01:13:00,6.4,2009-03-06T20:08:00,8.4,98,91,2009-03-06T00:41:00,4.1,80,18.3,70,2009-03-06T09:55:00,34.0,23.2,1.5,2009-03-06T07:34:00,7.5,2009-03-06T07:34:00,0.0,0.0,2.64,-0.1,,,,,,,,,,,,,10.0,,12.5,2009-03-06T01:10:00,,,,6.2,2009-03-06T20:01:00,,,,,,,0.76,2009-03-06T12:00:00,,,,,,,,,,,,,,100,2009-03-06T06:57:00,,,,,,1539.1,2009-03-06T21:09:00,,,,1495.7,2009-03-06T03:43:00,,,,,,,,,,,,,,,,,,,7.2,,,,,,,0.5,,,0,,1,,0,,0,,1,,3,,1,,2,,3,,2,,1,,0,,0,,0,,0,,0,,0,,0,,1,,0,,0,,0,,0,,0,,0,,0,,0,,0,,1,,0,,0,,0,,0,,0,,0,,1,,2,,5,,,60,,,8.6,2009-03-06T11:31:00,,,0.0,,4.3,,0.0,,0.0,,4.3,,13.9,,5.6,,9.1,,21.2,,8.4,,3.1,,0.0,,0.0,,0.0,,0.0,,0.0,,0.0,,0.0,,2.6,,0.0,,0.0,,0.0,,0.0,,0.0,,0.0,,0.0,,0.0,,0.0,,2.2,,0.0,,0.0,,0.0,,0.0,,0.0,,0.0,,4.8,,8.2,,11.5,
2009-03-07,922.3,1500.3,925.2,2009-03-07T00:20:00,919.2,2009-03-07T16:31:00,9.0,11.4,2009-03-07T15:28:00,5.8,2009-03-07T02:48:00,8.8,98,95,2009-03-07T03:48:00,4.1,150,19.4,160,2009-03-07T08:49:00,47.0,23.5,4.5,2009-03-07T17:25:00,9.5,2009-03-07T16:59:00,0.0,0.0,0.91,-0.1,,,,,,,,,,,,,10.0,,11.3,2009-03-07T15:30:00,,,,5.3,2009-03-07T03:46:00,,,,,,,0.55,2009-03-07T14:00:00,,,,,,,,,,,,,,100,2009-03-07T10:48:00,,,,,,1523.8,2009-03-07T00:20:00,,,,1472.8,2009-03-07T16:31:00,,,,,,,,,,,,,,,,,,,5.6,,,,,,,1.2,,,0,,0,,2,,0,,0,,0,,1,,0,,0,,2,,0,,1,,2,,2,,2,,4,,0,,1,,0,,0,,0,,0,,0,,0,,2,,0,,0,,0,,0,,0,,0,,0,,0,,1,,0,,2,,0,,2,,,150,,,9.9,2009-03-07T08:52:00,,,0.0,,0.0,,5.8,,0.0,,0.0,,0.0,,2.8,,0.0,,0.0,,10.7,,0.0,,4.8,,6.7,,10.5,,10.7,,21.7,,0.0,,4.3,,0.0,,0.0,,0.0,,0.0,,0.0,,0.0,,3.3,,0.0,,0.0,,0.0,,0.0,,0.0,,0.0,,0.0,,0.0,,4.7,,0.0,,9.5,,0.0,,3.5,
2009-03-08,921.1,1495.3,922.8,2009-03-08T00:17:00,919.1,2009-03-08T15:06:00,11.4,14.3,2009-03-08T10:23:00,8.9,2009-03-08T03:08:00,10.7,95,88,2009-03-08T12:26:00,3.2,80,12.9,60,2009-03-08T20:31:00,7.5,6.9,1.5,2009-03-08T18:49:00,4.0,2009-03-08T18:21:00,0.5,4.3,10.21,-0.4,,,,,,,,,,,,,10.0,,14.3,2009-03-08T10:23:00,,,,8.5,2009-03-08T03:12:00,,,,,,,2.25,2009-03-08T11:00:00,,,,,,,,,,,,,,100,2009-03-08T00:11:00,,,,,,1508.5,2009-03-08T00:17:00,,,,1476.6,2009-03-08T15:13:00,,,,,,,,,,,,,,,,,,,5.4,,,,,,,1.2,,,0,,0,,0,,0,,3,,0,,0,,4,,6,,2,,2,,3,,0,,0,,1,,0,,0,,1,,0,,0,,0,,1,,0,,0,,0,,0,,0,,0,,0,,0,,0,,0,,0,,0,,0,,0,,0,,1,,,70,,,7.6,2009-03-08T21:49:00,,,0.0,,0.0,,0.0,,0.0,,9.0,,0.0,,0.0,,17.7,,21.9,,7.5,,4.6,,7.1,,0.0,,0.0,,2.6,,0.0,,0.0,,2.6,,0.0,,0.0,,0.0,,2.5,,0.0,,0.0,,0.0,,0.0,,0.0,,0.0,,0.0,,0.0,,0.0,,0.0,,0.0,,0.0,,0.0,,0.0,,0.0,,1.4,
2009-03-09,922.4,1505.5,924.8,2009-03-09T21:31:00,919.5,2009-03-09T05:02:00,9.3,13.4,2009-03-09T00:06:00,6.6,2009-03-09T18:16:00,8.3,94,69,2009-03-09T19:00:00,5.3,350,14.6,350,2009-03-09T14:45:00,37.0,15.5,4.5,2009-03-09T00:15:00,8.0,2009-03-09T04:42:00,0.0,0.0,0.59,-0.4,,,,,,,,,,,,,10.0,,12.7,2009-03-09T00:11:00,,,,3.3,2009-03-09T18:41:00,,,,,,,0.38,2009-03-09T16:00:00,,,,,,,,,,,,,,100,2009-03-09T10:11:00,,,,,,1523.7,2009-03-09T21:31:00,,,,1482.4,2009-03-09T05:02:00,,,,,,,,,,,,,,,,,,,6.8,,,,,,,3.5,,,0,,0,,0,,2,,1,,1,,0,,0,,1,,0,,1,,0,,1,,0,,0,,0,,0,,0,,0,,0,,0,,0,,0,,1,,0,,0,,0,,0,,0,,0,,0,,0,,0,,0,,2,,12,,2,,0,,,350,,,10.6,2009-03-09T14:11:00,,,0.0,,0.0,,0.0,,4.5,,3.5,,0.9,,0.0,,0.0,,1.2,,0.0,,3.4,,0.0,,2.8,,0.0,,0.0,,0.0,,0.0,,0.0,,0.0,,0.0,,0.0,,0.0,,0.0,,1.7,,0.0,,0.0,,0.0,,0.0,,0.0,,0.0,,0.0,,0.0,,0.0,,0.0,,9.9,,88.6,,11.5,,0.0,
2009-03-10,923.1,1512.4,924.9,2009-03-10T09:18:00,921.3,2009-03-10T14:51:00,11.8,14.2,2009-03-10T14:31:00,8.3,2009-03-10T00:02:00,8.5,80,74,2009-03-10T10:30:00,3.4,70,16.8,140,2009-03-10T06:21:00,0.0,0.0,0.0,,0.0,,2.3,19.5,8.75,-0.2,,,,,,,,,,,,,6.8,,10.3,2009-03-10T11:00:00,,,,5.5,2009-03-10T03:17:00,,,,,,,1.73,2009-03-10T10:00:00,,,,,,,,,,,,,,87,2009-03-10T07:17:00,,,,,,1528.7,2009-03-10T09:18:00,,,,1497.8,2009-03-10T14:51:00,,,,,,,,,,,,,,,,,,,5.9,,,,,,,15.0,,,0,,0,,0,,0,,0,,0,,0,,4,,2,,0,,1,,3,,2,,2,,1,,3,,1,,0,,1,,1,,2,,0,,0,,0,,0,,0,,0,,0,,0,,0,,0,,0,,0,,0,,0,,0,,0,,1,,,170,,,6.7,2009-03-10T06:25:00,,,0.0,,0.0,,0.0,,0.0,,0.0,,0.0,,0.0,,14.4,,11.1,,0.0,,2.5,,8.9,,5.6,,4.6,,4.5,,8.1,,2.9,,0.0,,5.2,,4.8,,6.3,,0.0,,0.0,,0.0,,0.0,,0.0,,0.0,,0.0,,0.0,,0.0,,0.0,,0.0,,0.0,,0.0,,0.0,,0.0,,0.0,,2.3,
2009-03-11,922.6,1514.5,923.8,2009-03-11T09:37:00,921.2,2009-03-11T03:18:00,13.4,14.4,2009-03-11T10:17:00,12.0,2009-03-11T05:17:00,11.9,91,76,2009-03-11T03:13:00,2.2,180,8.3,170,2009-03-11T23:48:00,2.5,16.2,0.5,2009-03-11T11:40:00,1.0,2009-03-11T11:20:00,0.0,0.0,0.57,-0.2,,,,,,,,,,,,,10.0,,14.3,2009-03-11T23:59:00,,,,9.4,2009-03-11T03:48:00,,,,,,,0.16,2009-03-11T12:00:00,,,,,,,,,,,,,,100,2009-03-11T15:31:00,,,,,,1525.8,2009-03-11T09:37:00,,,,1500.2,2009-03-11T05:14:00,,,,,,,,,,,,,,,,,,,2.4,,,,,,,6.3,,,1,,2,,1,,0,,0,,0,,0,,0,,1,,0,,0,,0,,0,,0,,0,,2,,2,,1,,7,,1,,1,,0,,0,,0,,0,,0,,0,,0,,0,,0,,0,,0,,0,,0,,1,,2,,2,,0,,,350,,,5.7,2009-03-11T16:20:00,,,0.0,,5.5,,0.6,,0.0,,0.0,,0.0,,0.0,,0.0,,0.6,,0.0,,0.0,,0.0,,0.0,,0.0,,0.0,,2.2,,1.0,,1.5,,17.0,,3.5,,1.5,,0.0,,0.0,,0.0,,0.0,,0.0,,0.0,,0.0,,0.0,,0.0,,0.0,,0.0,,0.0,,0.0,,4.2,,8.5,,7.2,,0.0,
2009-03-12,922.6,1521.0,924.1,2009-03-12T09:00:00,920.9,2009-03-12T15:35:00,17.4,22.5,2009-03-12T13:44:00,14.3,2009-03-12T00:01:00,15.2,88,66,2009-03-12T12:52:00,2.7,180,11.7,180,2009-03-12T01:24:00,0.0,0.0,0.0,,0.0,,6.9,58.3,18.77,2.0,,,,,,,,,,,,,4.3,,17.2,2009-03-12T11:28:00,,,,13.9,2009-03-12T23:59:00,,,,,,,3.08,2009-03-12T12:00:00,,,,,,,,,,,,,,100,2009-03-12T00:01:00,,,,,,1538.2,2009-03-12T12:03:00,,,,1510.8,2009-03-12T15:35:00,,,,,,,,,,,,,,,,,,,8.2,,,,,,,6.0,,,2,,0,,0,,0,,0,,0,,0,,0,,0,,0,,0,,0,,0,,0,,0,,1,,0,,1,,14,,5,,1,,0,,0,,0,,0,,0,,0,,0,,0,,0,,0,,0,,0,,0,,0,,0,,0,,0,,,180,,,6.0,2009-03-12T03:03:00,,,0.2,,0.0,,0.0,,0.0,,0.0,,0.0,,0.0,,0.0,,0.0,,0.0,,0.0,,0.0,,0.0,,0.0,,0.0,,1.0,,0.0,,1.4,,52.4,,9.0,,1.1,,0.0,,0.0,,0.0,,0.0,,0.0,,0.0,,0.0,,0.0,,0.0,,0.0,,0.0,,0.0,,0.0,,0.0,,0.0,,0.0,,0.0,
2009-03-13,923.3,1529.4,928.9,2009-03-13T23:35:00,921.4,2009-03-13T13:42:00,15.4,23.5,2009-03-13T10:51:00,5.4,2009-03-13T23:57:00,12.0,81,60,2009-03-13T12:12:00,3.9,350,20.4,340,2009-03-13T22:32:00,11.5,4.8,1.0,2009-03-13T21:10:00,4.0,2009-03-13T21:51:00,7.9,66.6,17.6,-2.4,,,,,,,,,,,,,2.0,,16.8,2009-03-13T15:16:00,,,,5.2,2009-03-13T22:39:00,,,,,,,2.9,2009-03-13T13:00:00,,,,,,,,,,,,,,100,2009-03-13T16:29:00,,,,,,1574.8,2009-03-13T23:36:00,,,,1514.6,2009-03-13T17:20:00,,,,,,,,,,,,,,,,,,,18.1,,,,,,,5.1,,,0,,0,,1,,0,,1,,0,,2,,1,,0,,1,,0,,0,,1,,1,,1,,1,,1,,2,,1,,0,,0,,0,,0,,0,,0,,0,,0,,0,,0,,0,,0,,0,,0,,2,,1,,6,,1,,0,,,350,,,11.5,2009-03-13T22:50:00,,,0.0,,0.0,,3.5,,0.0,,5.3,,0.0,,7.6,,1.3,,0.0,,1.2,,0.0,,0.0,,0.8,,2.1,,1.2,,1.0,,0.8,,5.4,,1.6,,0.0,,0.0,,0.0,,0.0,,0.0,,0.0,,0.0,,0.0,,0.0,,0.0,,0.0,,0.0,,0.0,,0.0,,8.5,,3.1,,46.5,,4.2,,0.0,
2009-03-14,927.3,1539.8,929.1,2009-03-14T07:55:00,926.2,2009-03-14T15:58:00,4.5,7.4,2009-03-14T14:04:00,2.9,2009-03-14T08:39:00,2.6,88,73,2009-03-14T14:04:00,5.7,350,20.1,340,2009-03-14T03:05:00,11.0,8.2,1.0,2009-03-14T02:32:00,3.5,2009-03-14T04:38:00,0.5,4.2,6.9,0.8,,,,,,,,,,,,,7.8,,5.5,2009-03-14T00:43:00,,,,0.3,2009-03-14T18:00:00,,,,,,,1.74,2009-03-14T14:00:00,,,,,,,,,,,,,,100,2009-03-14T00:01:00,,,,,,1568.8,2009-03-14T00:15:00,,,,1523.8,2009-03-14T17:51:00,,,,,,,,,,,,,,,,,,,4.5,,,,,,,12.0,,,0,,0,,0,,0,,0,,0,,0,,0,,0,,0,,0,,0,,0,,0,,0,,1,,0,,1,,0,,0,,0,,2,,0,,0,,0,,1,,1,,0,,0,,0,,0,,0,,1,,3,,2,,8,,1,,3,,,350,,,13.3,2009-03-14T03:00:00,,,0.0,,0.0,,0.0,,0.0,,0.0,,0.0,,0.0,,0.0,,0.0,,0.0,,0.0,,0.0,,0.0,,0.0,,0.0,,2.7,,0.0,,2.7,,0.0,,0.0,,0.0,,4.2,,0.0,,0.0,,0.0,,1.5,,1.5,,0.0,,0.0,,0.0,,0.0,,0.0,,5.3,,15.7,,14.9,,77.0,,3.8,,8.3,
2009-03-15,924.4,1519.9,926.5,2009-03-15T00:05:00,922.5,2009-03-15T18:28:00,10.3,16.2,2009-03-15T12:25:00,5.0,2009-03-15T00:01:00,7.0,80,70,2009-03-15T11:32:00,2.7,70,14.9,140,2009-03-15T01:31:00,0.0,0.0,0.0,,0.0,,2.5,21.0,14.14,1.3,,,,,,,,,,,,,5.7,,11.5,2009-03-15T14:40:00,,,,1.8,2009-03-15T00:36:00,,,,,,,2.69,2009-03-15T12:00:00,,,,,,,,,,,,,,87,2009-03-15T19:43:00,,,,,,1537.3,2009-03-15T12:03:00,,,,1504.4,2009-03-15T18:28:00,,,,,,,,,,,,,,,,,,,11.2,,,,,,,16.7,,,3,,0,,0,,0,,0,,0,,0,,5,,3,,2,,0,,0,,0,,1,,1,,0,,0,,2,,1,,0,,1,,3,,2,,0,,0,,0,,0,,0,,0,,0,,0,,0,,0,,0,,0,,0,,0,,0,,,70,,,7.7,2009-03-15T05:10:00,,,0.3,,0.0,,0.0,,0.0,,0.0,,0.0,,0.0,,27.9,,15.4,,4.5,,0.0,,0.0,,0.0,,1.1,,1.6,,0.0,,0.0,,5.8,,0.9,,0.0,,0.4,,2.8,,3.4,,0.0,,0.0,,0.0,,0.0,,0.0,,0.0,,0.0,,0.0,,0.0,,0.0,,0.0,,0.0,,0.0,,0.0,,0.0,
2009-03-16,922.9,1516.8,925.0,2009-03-16T09:56:00,921.2,2009-03-16T17:30:00,13.5,19.6,2009-03-16T11:57:00,9.3,2009-03-16T01:06:00,9.8,79,61,2009-03-16T06:59:00,1.6,350,7.2,170,2009-03-16T21:59:00,0.0,0.0,0.0,,0.0,,6.7,56.2,21.38,1.8,,,,,,,,,,,,,3.2,,14.4,2009-03-16T13:30:00,,,,4.7,2009-03-16T06:49:00,,,,,,,3.58,2009-03-16T12:00:00,,,,,,,,,,,,,,89,2009-03-16T12:53:00,,,,,,1537.0,2009-03-16T09:56:00,,,,1498.6,2009-03-16T17:32:00,,,,,,,,,,,,,,,,,,,10.3,,,,,,,12.3,,,5,,0,,0,,0,,0,,0,,0,,0,,0,,0,,0,,0,,0,,0,,0,,0,,0,,4,,4,,2,,1,,0,,0,,0,,0,,0,,0,,0,,0,,0,,0,,0,,0,,1,,1,,5,,1,,0,,,350,,,3.8,2009-03-16T12:43:00,,,0.1,,0.0,,0.0,,0.0,,0.0,,0.0,,0.0,,0.0,,0.0,,0.0,,0.0,,0.0,,0.0,,0.0,,0.0,,0.0,,0.0,,7.4,,9.2,,3.6,,0.9,,0.0,,0.0,,0.0,,0.0,,0.0,,0.0,,0.0,,0.0,,0.0,,0.0,,0.0,,0.0,,2.1,,1.6,,10.8,,2.4,,0.0,
2009-03-17,920.9,1502.0,922.9,2009-03-17T08:39:00,919.4,2009-03-17T15:36:00,14.8,20.7,2009-03-17T11:38:00,10.9,2009-03-17T02:59:00,11.9,83,64,2009-03-17T11:40:00,1.5,190,6.2,170,2009-03-17T21:32:00,0.0,0.0,0.0,,0.0,,5.6,46.8,17.16,1.2,,,,,,,,,,,,,3.7,,16.0,2009-03-17T12:06:00,,,,8.9,2009-03-17T02:58:00,,,,,,,3.55,2009-03-17T12:00:00,,,,,,,,,,,,,,100,2009-03-17T07:02:00,,,,,,1520.5,2009-03-17T08:41:00,,,,1487.6,2009-03-17T15:36:00,,,,,,,,,,,,,,,,,,,9.8,,,,,,,14.3,,,4,,0,,0,,0,,0,,0,,0,,0,,0,,0,,0,,0,,0,,0,,1,,0,,0,,2,,5,,6,,1,,0,,0,,0,,0,,0,,0,,1,,0,,0,,0,,0,,0,,0,,2,,2,,0,,0,,,350,,,4.0,2009-03-17T12:30:00,,,0.2,,0.0,,0.0,,0.0,,0.0,,0.0,,0.0,,0.0,,0.0,,0.0,,0.0,,0.0,,0.0,,0.0,,1.0,,0.0,,0.0,,3.9,,7.4,,10.1,,0.6,,0.0,,0.0,,0.0,,0.0,,0.0,,0.0,,0.9,,0.0,,0.0,,0.0,,0.0,,0.0,,0.0,,5.3,,5.5,,0.0,,0.0,
2009-03-18,920.2,1500.0,922.0,2009-03-18T09:01:00,918.8,2009-03-18T15:46:00,17.2,21.7,2009-03-18T11:23:00,13.1,2009-03-18T03:46:00,12.1,72,59,2009-03-18T10:47:00,1.1,350,7.0,180,2009-03-18T05:28:00,0.0,0.0,0.0,,0.0,,3.3,27.5,14.85,2.0,,,,,,,,,,,,,4.8,,15.3,2009-03-18T14:40:00,,,,7.8,2009-03-18T04:18:00,,,,,,,3.29,2009-03-18T12:00:00,,,,,,,,,,,,,,86,2009-03-18T00:10:00,,,,,,1521.8,2009-03-18T12:03:00,,,,1485.9,2009-03-18T16:09:00,,,,,,,,,,,,,,,,,,,8.6,,,,,,,11.2,,,5,,2,,1,,0,,0,,0,,0,,0,,0,,0,,0,,1,,0,,2,,0,,0,,2,,2,,1,,1,,0,,1,,0,,1,,0,,0,,0,,0,,0,,0,,0,,0,,0,,1,,0,,3,,0,,1,,,360,,,3.3,2009-03-18T10:28:00,,,0.6,,1.3,,1.7,,0.0,,0.0,,0.0,,0.0,,0.0,,0.0,,0.0,,0.0,,1.3,,0.0,,3.2,,0.0,,0.0,,4.4,,2.5,,2.9,,0.4,,0.0,,1.3,,0.0,,1.7,,0.0,,0.0,,0.0,,0.0,,0.0,,0.0,,0.0,,0.0,,0.0,,2.3,,0.0,,3.0,,0.0,,0.7,
2009-03-19,919.5,1497.8,921.3,2009-03-19T21:44:00,918.1,2009-03-19T02:52:00,18.5,22.5,2009-03-19T13:13:00,17.2,2009-03-19T01:01:00,16.6,89,75,2009-03-19T00:02:00,1.7,160,10.7,120,2009-03-19T20:48:00,0.0,0.0,0.0,,0.0,,1.4,11.7,8.32,1.0,,,,,,,,,,,,,9.5,,18.4,2009-03-19T10:32:00,,,,13.8,2009-03-19T00:01:00,,,,,,,2.33,2009-03-19T11:00:00,,,,,,,,,,,,,,99,2009-03-19T15:53:00,,,,,,1518.3,2009-03-19T22:51:00,,,,1484.8,2009-03-19T04:29:00,,,,,,,,,,,,,,,,,,,5.3,,,,,,,3.8,,,0,,1,,1,,0,,2,,2,,0,,1,,1,,1,,1,,1,,0,,2,,0,,1,,4,,0,,1,,2,,1,,0,,0,,0,,0,,0,,0,,0,,0,,0,,0,,0,,0,,1,,0,,0,,0,,1,,,150,,,4.5,2009-03-19T20:58:00,,,0.0,,2.4,,1.8,,0.0,,3.9,,2.8,,0.0,,0.8,,1.0,,2.1,,0.7,,1.5,,0.0,,1.6,,0.0,,4.2,,9.5,,0.0,,1.4,,1.5,,0.9,,0.0,,0.0,,0.0,,0.0,,0.0,,0.0,,0.0,,0.0,,0.0,,0.0,,0.0,,0.0,,2.7,,0.0,,0.0,,0.0,,0.8,
2009-03-20,920.7,1507.7,922.0,2009-03-20T10:11:00,919.0,2009-03-20T14:51:00,17.4,21.4,2009-03-20T11:54:00,15.6,2009-03-20T17:55:00,15.0,87,60,2009-03-20T11:19:00,3.5,60,13.4,60,2009-03-20T15:31:00,0.0,0.0,0.0,,0.0,,7.5,62.3,19.79,2.9,,,,,,,,,,,,,6.5,,18.2,2009-03-20T07:45:00,,,,12.3,2009-03-20T11:23:00,,,,,,,3.0,2009-03-20T13:00:00,,,,,,,,,,,,,,100,2009-03-20T07:45:00,,,,,,1521.9,2009-03-20T10:11:00,,,,1490.5,2009-03-20T15:15:00,,,,,,,,,,,,,,,,,,,5.8,,,,,,,7.6,,,0,,0,,0,,0,,0,,1,,4,,1,,1,,0,,0,,3,,0,,0,,2,,0,,1,,0,,4,,1,,0,,0,,0,,0,,0,,0,,0,,0,,0,,0,,0,,0,,0,,0,,0,,4,,2,,0,,,70,,,8.0,2009-03-20T15:15:00,,,0.0,,0.0,,0.0,,0.0,,0.0,,4.8,,22.2,,6.7,,4.3,,0.0,,0.0,,8.0,,0.0,,0.0,,4.4,,0.0,,4.3,,0.0,,12.7,,1.7,,0.0,,0.0,,0.0,,0.0,,0.0,,0.0,,0.0,,0.0,,0.0,,0.0,,0.0,,0.0,,0.0,,0.0,,0.0,,10.4,,4.0,,0.0,
2009-03-21,918.8,1491.0,920.8,2009-03-21T09:08:00,916.9,2009-03-21T16:00:00,18.5,22.2,2009-03-21T11:56:00,16.1,2009-03-21T03:20:00,16.4,88,76,2009-03-21T10:30:00,1.5,190,11.9,130,2009-03-21T23:30:00,0.0,0.0,0.0,,0.0,,0.5,4.1,8.93,-1.4,,,,,,,,,,,,,8.3,,18.6,2009-03-21T08:14:00,,,,15.0,2009-03-21T03:22:00,,,,,,,1.58,2009-03-21T10:00:00,,,,,,,,,,,,,,100,2009-03-21T07:03:00,,,,,,1509.5,2009-03-21T09:22:00,,,,1472.7,2009-03-21T16:00:00,,,,,,,,,,,,,,,,,,,6.1,,,,,,,6.6,,,1,,0,,0,,0,,0,,0,,0,,0,,0,,0,,0,,1,,0,,0,,2,,1,,4,,2,,3,,5,,0,,0,,0,,2,,0,,1,,0,,0,,0,,0,,0,,0,,0,,0,,0,,0,,0,,2,,,190,,,4.6,2009-03-21T00:24:00,,,0.1,,0.0,,0.0,,0.0,,0.0,,0.0,,0.0,,0.0,,0.0,,0.0,,0.0,,0.7,,0.0,,0.0,,2.2,,1.3,,6.8,,3.7,,5.5,,11.0,,0.0,,0.0,,0.0,,2.7,,0.0,,1.2,,0.0,,0.0,,0.0,,0.0,,0.0,,0.0,,0.0,,0.0,,0.0,,0.0,,0.0,,1.8,
2009-03-22,918.3,1487.2,921.1,2009-03-22T23:58:00,915.9,2009-03-22T03:25:00,18.3,22.4,2009-03-22T15:15:00,12.0,2009-03-22T23:56:00,16.2,88,73,2009-03-22T11:18:00,3.2,10,15.7,160,2009-03-22T05:34:00,0.5,2.0,0.4,2009-03-22T05:20:00,0.5,2009-03-22T05:10:00,1.5,12.4,7.69,-0.2,,,,,,,,,,,,,9.2,,18.0,2009-03-22T10:05:00,,,,11.5,2009-03-22T23:37:00,,,,,,,1.57,2009-03-22T10:00:00,,,,,,,,,,,,,,99,2009-03-22T20:11:00,,,,,,1509.6,2009-03-22T21:51:00,,,,1465.5,2009-03-22T03:30:00,,,,,,,,,,,,,,,,,,,10.4,,,,,,,7.0,,,0,,4,,0,,0,,1,,1,,1,,3,,1,,1,,0,,0,,0,,1,,0,,3,,2,,1,,1,,0,,0,,0,,0,,0,,0,,0,,0,,0,,0,,0,,0,,0,,0,,2,,0,,1,,0,,1,,,70,,,8.6,2009-03-22T22:53:00,,,0.0,,12.7,,0.0,,0.0,,2.8,,1.7,,5.1,,14.8,,5.8,,1.5,,0.0,,0.0,,0.0,,1.8,,0.0,,9.1,,5.9,,2.1,,1.5,,0.0,,0.0,,0.0,,0.0,,0.0,,0.0,,0.0,,0.0,,0.0,,0.0,,0.0,,0.0,,0.0,,0.0,,4.9,,0.0,,5.2,,0.0,,1.2,
2009-03-23,920.3,1494.5,921.9,2009-03-23T10:05:00,918.2,2009-03-23T16:01:00,12.1,14.7,2009-03-23T12:18:00,10.0,2009-03-23T23:52:00,11.4,96,86,2009-03-23T12:42:00,3.5,70,13.8,60,2009-03-23T22:35:00,7.0,5.1,1.0,2009-03-23T20:33:00,3.5,2009-03-23T23:00:00,0.0,0.0,6.33,-0.2,,,,,,,,,,,,,,,13.3,2009-03-23T08:24:00,,,,9.6,2009-03-23T23:45:00,,,,,,,1.38,2009-03-23T13:00:00,,,,,,,,,,,,,,100,2009-03-23T01:24:00,,,,,,1512.4,2009-03-23T07:45:00,,,,1472.2,2009-03-23T16:02:00,,,,,,,,,,,,,,,,,,,4.7,,,,,,,0.1,,,0,,0,,0,,0,,0,,0,,1,,7,,2,,1,,1,,0,,2,,1,,1,,0,,0,,0,,1,,2,,1,,3,,1,,0,,0,,0,,0,,0,,0,,0,,0,,0,,0,,0,,0,,0,,0,,0,,,70,,,7.6,2009-03-23T05:13:00,,,0.0,,0.0,,0.0,,0.0,,0.0,,0.0,,2.8,,40.3,,11.9,,3.8,,2.9,,0.0,,4.7,,1.6,,2.3,,0.0,,0.0,,0.0,,1.1,,2.8,,0.6,,6.8,,2.7,,0.0,,0.0,,0.0,,0.0,,0.0,,0.0,,0.0,,0.0,,0.0,,0.0,,0.0,,0.0,,0.0,,0.0,,0.0,
2009-03-24,920.6,1489.3,922.6,2009-03-24T22:26:00,919.0,2009-03-24T03:33:00,9.6,10.5,2009-03-24T11:48:00,8.2,2009-03-24T03:32:00,9.4,99,97,2009-03-24T00:06:00,2.1,340,12.2,350,2009-03-24T01:19:00,27.0,15.4,4.0,2009-03-24T04:13:00,13.5,2009-03-24T03:37:00,0.0,0.0,1.3,-0.2,,,,,,,,,,,,,10.0,,10.5,2009-03-24T11:48:00,,,,7.9,2009-03-24T03:37:00,,,,,,,0.35,2009-03-24T15:00:00,,,,,,,,,,,,,,100,2009-03-24T01:40:00,,,,,,1507.2,2009-03-24T22:29:00,,,,1474.0,2009-03-24T15:19:00,,,,,,,,,,,,,,,,,,,2.3,,,,,,,1.9,,,0,,1,,0,,1,,2,,0,,2,,0,,2,,0,,1,,2,,0,,0,,1,,0,,0,,0,,0,,0,,0,,0,,0,,1,,0,,0,,0,,0,,0,,2,,2,,0,,0,,0,,3,,2,,1,,1,,,340,,,6.6,2009-03-24T01:21:00,,,0.0,,0.9,,0.0,,1.9,,4.9,,0.0,,4.5,,0.0,,4.6,,0.0,,2.2,,4.5,,0.0,,0.0,,1.1,,0.0,,0.0,,0.0,,0.0,,0.0,,0.0,,0.0,,0.0,,1.1,,0.0,,0.0,,0.0,,0.0,,0.0,,1.8,,1.7,,0.0,,0.0,,0.0,,10.0,,6.9,,1.6,,1.5,
2009-03-25,923.7,1514.3,925.7,2009-03-25T08:47:00,922.0,2009-03-25T02:16:00,9.1,12.7,2009-03-25T12:03:00,6.8,2009-03-25T05:37:00,6.7,86,53,2009-03-25T16:45:00,5.4,70,16.8,330,2009-03-25T07:16:00,0.0,0.0,0.0,,0.0,,3.8,31.3,14.34,1.8,,,,,,,,,,,,,6.7,,9.5,2009-03-25T00:01:00,,,,2.7,2009-03-25T16:46:00,,,,,,,2.43,2009-03-25T15:00:00,,,,,,,,,,,,,,100,2009-03-25T01:00:00,,,,,,1534.4,2009-03-25T10:30:00,,,,1499.1,2009-03-25T03:06:00,,,,,,,,,,,,,,,,,,,5.9,,,,,,,8.0,,,0,,0,,0,,0,,0,,1,,3,,5,,1,,1,,0,,0,,0,,0,,0,,0,,0,,0,,0,,0,,0,,0,,0,,0,,1,,0,,0,,0,,0,,0,,1,,1,,2,,3,,1,,4,,0,,0,,,330,,,8.9,2009-03-25T06:05:00,,,0.0,,0.0,,0.0,,0.0,,0.0,,4.8,,17.2,,28.7,,5.3,,4.1,,0.0,,0.0,,0.0,,0.0,,0.0,,0.0,,0.0,,0.0,,0.0,,0.0,,0.0,,0.0,,0.0,,0.0,,1.1,,0.0,,0.0,,0.0,,0.0,,0.0,,1.6,,2.9,,8.9,,20.7,,7.1,,27.1,,0.0,,0.0,
2009-03-26,923.5,1519.3,925.1,2009-03-26T09:53:00,922.3,2009-03-26T15:00:00,13.2,18.0,2009-03-26T14:15:00,8.8,2009-03-26T00:01:00,9.4,78,70,2009-03-26T06:46:00,3.7,80,14.5,70,2009-03-26T03:20:00,0.0,0.0,0.0,,0.0,,7.6,62.4,21.94,2.0,,,,,,,,,,,,,5.8,,12.9,2009-03-26T15:06:00,,,,5.1,2009-03-26T01:43:00,,,,,,,3.1,2009-03-26T11:00:00,,,,,,,,,,,,,,84,2009-03-26T22:48:00,,,,,,1534.0,2009-03-26T12:03:00,,,,1508.3,2009-03-26T03:55:00,,,,,,,,,,,,,,,,,,,9.2,,,,,,,13.5,,,1,,0,,0,,0,,0,,0,,0,,4,,5,,2,,1,,0,,2,,0,,1,,0,,0,,1,,1,,4,,1,,1,,0,,0,,0,,0,,0,,0,,0,,0,,0,,0,,0,,0,,0,,0,,0,,0,,,70,,,8.6,2009-03-26T04:08:00,,,0.2,,0.0,,0.0,,0.0,,0.0,,0.0,,0.0,,26.3,,32.2,,7.2,,3.2,,0.0,,7.0,,0.0,,2.1,,0.0,,0.0,,1.8,,2.2,,3.7,,0.7,,1.8,,0.0,,0.0,,0.0,,0.0,,0.0,,0.0,,0.0,,0.0,,0.0,,0.0,,0.0,,0.0,,0.0,,0.0,,0.0,,0.0,
2009-03-27,922.3,1517.5,923.7,2009-03-27T10:06:00,921.4,2009-03-27T15:52:00,15.7,19.2,2009-03-27T11:16:00,13.0,2009-03-27T00:26:00,12.7,82,71,2009-03-27T09:56:00,1.1,200,6.7,340,2009-03-27T11:52:00,4.5,2.8,1.0,2009-03-27T21:12:00,2.5,2009-03-27T20:38:00,0.0,0.0,7.27,-0.6,,,,,,,,,,,,,9.2,,15.6,2009-03-27T11:17:00,,,,10.2,2009-03-27T03:48:00,,,,,,,1.38,2009-03-27T12:00:00,,,,,,,,,,,,,,90,2009-03-27T21:24:00,,,,,,1530.1,2009-03-27T11:17:00,,,,1507.8,2009-03-27T15:52:00,,,,,,,,,,,,,,,,,,,6.2,,,,,,,8.8,,,5,,0,,0,,0,,0,,0,,1,,0,,0,,0,,0,,0,,1,,0,,0,,0,,3,,3,,3,,0,,5,,0,,0,,0,,0,,0,,0,,0,,0,,0,,0,,0,,0,,0,,0,,2,,1,,0,,,350,,,3.7,2009-03-27T11:58:00,,,0.6,,0.0,,0.0,,0.0,,0.0,,0.0,,0.4,,0.0,,0.0,,0.0,,0.0,,0.0,,1.0,,0.0,,0.0,,0.0,,3.9,,3.0,,4.8,,0.0,,3.9,,0.0,,0.0,,0.0,,0.0,,0.0,,0.0,,0.0,,0.0,,0.0,,0.0,,0.0,,0.0,,0.0,,0.0,,6.0,,2.8,,0.0,
2009-03-28,920.4,1497.1,922.0,2009-03-28T00:02:00,919.4,2009-03-28T15:50:00,13.1,16.4,2009-03-28T00:21:00,10.9,2009-03-28T20:04:00,12.6,97,87,2009-03-28T00:21:00,2.3,350,11.1,360,2009-03-28T11:52:00,5.0,4.0,2.0,2009-03-28T22:14:00,4.0,2009-03-28T22:10:00,0.0,0.0,3.56,-0.2,,,,,,,,,,,,,,,15.5,2009-03-28T07:02:00,,,,9.9,2009-03-28T21:10:00,,,,,,,0.73,2009-03-28T13:00:00,,,,,,,,,,,,,,100,2009-03-28T05:40:00,,,,,,1517.3,2009-03-28T00:10:00,,,,1486.4,2009-03-28T15:51:00,,,,,,,,,,,,,,,,,,,5.5,,,,,,,0.1,,,4,,0,,0,,1,,0,,0,,2,,1,,0,,0,,0,,0,,0,,0,,0,,0,,1,,0,,0,,0,,1,,0,,0,,0,,0,,0,,0,,0,,0,,0,,0,,0,,1,,0,,3,,8,,1,,1,,,350,,,7.6,2009-03-28T11:59:00,,,0.5,,0.0,,0.0,,1.5,,0.0,,0.0,,2.9,,2.5,,0.0,,0.0,,0.0,,0.0,,0.0,,0.0,,0.0,,0.0,,1.1,,0.0,,0.0,,0.0,,1.7,,0.0,,0.0,,0.0,,0.0,,0.0,,0.0,,0.0,,0.0,,0.0,,0.0,,0.0,,0.7,,0.0,,11.4,,30.3,,2.2,,0.4,
2009-03-29,922.0,1503.0,924.7,2009-03-29T21:34:00,919.0,2009-03-29T02:36:00,10.3,13.1,2009-03-29T08:08:00,8.7,2009-03-29T22:47:00,9.9,97,94,2009-03-29T00:21:00,4.3,350,18.4,340,2009-03-29T21:43:00,21.5,24.0,1.0,2009-03-29T00:10:00,3.5,2009-03-29T03:48:00,0.2,1.6,3.7,-0.2,,,,,,,,,,,,,10.0,,13.1,2009-03-29T08:08:00,,,,8.3,2009-03-29T23:00:00,,,,,,,0.65,2009-03-29T09:00:00,,,,,,,,,,,,,,100,2009-03-29T01:00:00,,,,,,1526.3,2009-03-29T22:14:00,,,,1477.7,2009-03-29T03:01:00,,,,,,,,,,,,,,,,,,,4.4,,,,,,,0.4,,,0,,0,,0,,0,,1,,0,,2,,2,,0,,0,,0,,0,,0,,0,,0,,0,,1,,0,,1,,0,,0,,0,,1,,0,,0,,0,,0,,0,,0,,0,,1,,0,,1,,2,,4,,7,,1,,0,,,350,,,8.3,2009-03-29T16:42:00,,,0.0,,0.0,,0.0,,0.0,,3.7,,0.0,,6.6,,4.4,,0.0,,0.0,,0.0,,0.0,,0.0,,0.0,,0.0,,0.0,,1.7,,0.0,,1.0,,0.0,,0.0,,0.0,,0.9,,0.0,,0.0,,0.0,,0.0,,0.0,,0.0,,0.0,,1.4,,0.0,,3.8,,8.3,,22.0,,42.6,,6.7,,0.0,
2009-03-30,924.4,1520.2,925.6,2009-03-30T21:42:00,923.1,2009-03-30T15:51:00,9.0,9.5,2009-03-30T13:28:00,8.1,2009-03-30T06:39:00,8.4,97,93,2009-03-30T12:58:00,2.1,60,11.1,20,2009-03-30T06:30:00,4.0,23.5,0.3,2009-03-30T03:33:00,1.0,2009-03-30T03:33:00,0.0,0.0,1.16,-0.3,,,,,,,,,,,,,10.0,,8.9,2009-03-30T03:48:00,,,,7.6,2009-03-30T06:09:00,,,,,,,0.5,2009-03-30T13:00:00,,,,,,,,,,,,,,100,2009-03-30T09:00:00,,,,,,1531.1,2009-03-30T21:44:00,,,,1509.4,2009-03-30T15:59:00,,,,,,,,,,,,,,,,,,,1.4,,,,,,,3.0,,,0,,3,,2,,0,,2,,1,,4,,0,,1,,0,,0,,0,,0,,1,,0,,1,,0,,0,,0,,0,,0,,1,,0,,0,,0,,0,,0,,0,,3,,0,,0,,1,,1,,0,,0,,2,,0,,1,,,330,,,5.3,2009-03-30T17:32:00,,,0.0,,4.9,,3.9,,0.0,,3.5,,2.0,,11.9,,0.0,,2.0,,0.0,,0.0,,0.0,,0.0,,1.6,,0.0,,1.7,,0.0,,0.0,,0.0,,0.0,,0.0,,0.9,,0.0,,0.0,,0.0,,0.0,,0.0,,0.0,,5.3,,0.0,,0.0,,0.7,,3.3,,0.0,,0.0,,7.6,,0.0,,1.5,
2009-03-31,925.3,1528.5,926.7,2009-03-31T22:29:00,923.9,2009-03-31T15:33:00,9.0,10.2,2009-03-31T12:09:00,8.2,2009-03-31T19:12:00,8.2,95,84,2009-03-31T19:38:00,3.6,350,14.6,330,2009-03-31T14:17:00,0.0,0.0,0.0,,0.0,,0.0,0.0,1.5,0.4,,,,,,,,,,,,,9.3,,10.2,2009-03-31T12:09:00,,,,5.9,2009-03-31T19:38:00,,,,,,,0.45,2009-03-31T13:00:00,,,,,,,,,,,,,,100,2009-03-31T05:26:00,,,,,,1541.2,2009-03-31T22:29:00,,,,1516.1,2009-03-31T15:33:00,,,,,,,,,,,,,,,,,,,2.0,,,,,,,3.9,,,0,,1,,0,,0,,0,,0,,1,,0,,0,,0,,0,,0,,0,,0,,2,,0,,0,,0,,0,,0,,0,,0,,0,,0,,0,,0,,0,,0,,0,,1,,0,,0,,0,,4,,4,,7,,0,,4,,,330,,,7.6,2009-03-31T14:14:00,,,0.0,,2.3,,0.0,,0.0,,0.0,,0.0,,3.1,,0.0,,0.0,,0.0,,0.0,,0.0,,0.0,,0.0,,3.5,,0.0,,0.0,,0.0,,0.0,,0.0,,0.0,,0.0,,0.0,,0.0,,0.0,,0.0,,0.0,,0.0,,0.0,,2.2,,0.0,,0.0,,0.0,,14.2,,16.0,,35.7,,0.0,,8.9,
2009-04-01,927.5,1547.8,930.2,2009-04-01T21:52:00,925.2,2009-04-01T03:14:00,8.5,9.4,2009-04-01T06:31:00,6.5,2009-04-01T22:35:00,6.3,86,81,2009-04-01T06:32:00,2.2,80,13.0,10,2009-04-01T20:27:00,4.5,5.6,0.5,2009-04-01T16:32:00,1.5,2009-04-01T16:20:00,0.0,0.0,0.53,-0.2,,,,,,,,,,,,,10.0,,7.3,2009-04-01T10:37:00,,,,4.1,2009-04-01T23:10:00,,,,,,,0.28,2009-04-01T11:00:00,,,,,,,,,,,,,,90,2009-04-01T17:09:00,,,,,,1569.6,2009-04-01T21:52:00,,,,1527.9,2009-04-01T03:14:00,,,,,,,,,,,,,,,,,,,2.9,,,,,,,4.1,,,0,,0,,0,,0,,1,,0,,0,,0,,3,,2,,0,,1,,1,,1,,2,,0,,0,,0,,1,,1,,0,,0,,0,,0,,0,,1,,0,,0,,0,,0,,0,,0,,0,,2,,0,,0,,2,,6,,,50,,,4.6,2009-04-01T18:20:00,,,0.0,,0.0,,0.0,,0.0,,2.9,,0.0,,0.0,,0.0,,5.8,,5.4,,0.0,,2.0,,2.8,,2.3,,4.0,,0.0,,0.0,,0.0,,2.1,,1.8,,0.0,,0.0,,0.0,,0.0,,0.0,,1.4,,0.0,,0.0,,0.0,,0.0,,0.0,,0.0,,0.0,,4.2,,0.0,,0.0,,6.5,,12.5,
2009-04-02,927.2,1541.8,929.0,2009-04-02T00:08:00,925.7,2009-04-02T15:08:00,8.0,10.8,2009-04-02T23:57:00,6.2,2009-04-02T04:25:00,6.1,88,81,2009-04-02T01:45:00,3.0,130,18.2,140,2009-04-02T09:10:00,0.5,3.1,0.5,2009-04-02T06:17:00,0.5,2009-04-02T06:17:00,0.0,0.0,4.66,-0.4,,,,,,,,,,,,,10.0,,9.0,2009-04-02T23:34:00,,,,3.7,2009-04-02T01:39:00,,,,,,,0.95,2009-04-02T12:00:00,,,,,,,,,,,,,,92,2009-04-02T17:05:00,,,,,,1558.4,2009-04-02T00:08:00,,,,1527.5,2009-04-02T15:40:00,,,,,,,,,,,,,,,,,,,4.6,,,,,,,9.4,,,0,,0,,1,,0,,0,,0,,0,,1,,0,,1,,0,,0,,3,,4,,4,,1,,3,,0,,2,,2,,0,,0,,1,,0,,0,,0,,0,,0,,0,,0,,0,,0,,0,,0,,0,,0,,0,,1,,,170,,,5.9,2009-04-02T09:12:00,,,0.0,,0.0,,2.6,,0.0,,0.0,,0.0,,0.0,,2.9,,0.0,,3.1,,0.0,,0.0,,11.2,,13.6,,11.7,,3.3,,7.6,,0.0,,6.7,,4.1,,0.0,,0.0,,2.6,,0.0,,0.0,,0.0,,0.0,,0.0,,0.0,,0.0,,0.0,,0.0,,0.0,,0.0,,0.0,,0.0,,0.0,,2.7,
2009-04-03,925.0,1536.3,926.3,2009-04-03T08:32:00,923.8,2009-04-03T04:08:00,14.8,19.8,2009-04-03T12:59:00,10.7,2009-04-03T00:04:00,12.0,83,72,2009-04-03T14:07:00,1.7,180,6.6,160,2009-04-03T05:29:00,0.5,0.7,0.2,2009-04-03T08:10:00,0.5,2009-04-03T08:10:00,1.7,13.7,14.55,1.3,,,,,,,,,,,,,7.5,,15.3,2009-04-03T12:19:00,,,,8.9,2009-04-03T00:09:00,,,,,,,2.39,2009-04-03T12:00:00,,,,,,,,,,,,,,90,2009-04-03T18:47:00,,,,,,1551.5,2009-04-03T12:03:00,,,,1517.7,2009-04-03T04:08:00,,,,,,,,,,,,,,,,,,,9.1,,,,,,,12.0,,,4,,0,,0,,0,,0,,0,,0,,0,,0,,0,,0,,0,,0,,0,,0,,0,,0,,4,,6,,4,,4,,0,,0,,0,,0,,0,,0,,0,,0,,0,,0,,0,,0,,1,,0,,0,,1,,0,,,350,,,4.1,2009-04-03T14:47:00,,,0.2,,0.0,,0.0,,0.0,,0.0,,0.0,,0.0,,0.0,,0.0,,0.0,,0.0,,0.0,,0.0,,0.0,,0.0,,0.0,,0.0,,7.0,,10.3,,10.5,,7.9,,0.0,,0.0,,0.0,,0.0,,0.0,,0.0,,0.0,,0.0,,0.0,,0.0,,0.0,,0.0,,0.8,,0.0,,0.0,,3.0,,0.0,
2009-04-04,923.5,1531.9,925.6,2009-04-04T07:48:00,921.2,2009-04-04T17:56:00,17.8,23.2,2009-04-04T12:43:00,13.7,2009-04-04T00:59:00,14.6,82,63,2009-04-04T13:47:00,1.2,190,7.0,190,2009-04-04T12:35:00,0.0,0.0,0.0,,0.0,,6.9,55.6,21.27,2.3,,,,,,,,,,,,,5.3,,18.7,2009-04-04T12:44:00,,,,10.8,2009-04-04T00:02:00,,,,,,,3.57,2009-04-04T12:00:00,,,,,,,,,,,,,,90,2009-04-04T21:35:00,,,,,,1550.6,2009-04-04T09:43:00,,,,1508.3,2009-04-04T18:00:00,,,,,,,,,,,,,,,,,,,9.5,,,,,,,10.0,,,5,,0,,0,,0,,0,,0,,0,,0,,0,,0,,0,,0,,0,,0,,0,,0,,2,,2,,3,,5,,2,,0,,0,,0,,0,,0,,0,,0,,0,,0,,0,,0,,0,,1,,1,,2,,0,,1,,,350,,,4.7,2009-04-04T13:21:00,,,0.3,,0.0,,0.0,,0.0,,0.0,,0.0,,0.0,,0.0,,0.0,,0.0,,0.0,,0.0,,0.0,,0.0,,0.0,,0.0,,2.6,,3.0,,2.3,,9.4,,3.2,,0.0,,0.0,,0.0,,0.0,,0.0,,0.0,,0.0,,0.0,,0.0,,0.0,,0.0,,0.0,,1.3,,0.8,,5.2,,0.0,,0.6,
2009-04-05,922.4,1516.2,924.1,2009-04-05T21:06:00,920.7,2009-04-05T03:21:00,12.9,16.7,2009-04-05T10:36:00,9.6,2009-04-05T22:59:00,11.7,93,67,2009-04-05T03:14:00,2.2,350,14.5,340,2009-04-05T18:22:00,5.5,8.5,2.0,2009-04-05T18:28:00,4.0,2009-04-05T18:23:00,0.0,0.0,3.37,-0.8,,,,,,,,,,,,,7.5,,16.7,2009-04-05T10:36:00,,,,9.3,2009-04-05T23:05:00,,,,,,,0.71,2009-04-05T09:00:00,,,,,,,,,,,,,,100,2009-04-05T09:49:00,,,,,,1528.6,2009-04-05T10:19:00,,,,1502.5,2009-04-05T15:29:00,,,,,,,,,,,,,,,,,,,7.1,,,,,,,2.4,,,0,,1,,1,,1,,1,,1,,0,,0,,0,,0,,0,,0,,0,,0,,0,,0,,0,,0,,0,,0,,0,,0,,0,,0,,0,,0,,0,,1,,0,,0,,0,,1,,1,,1,,4,,5,,5,,1,,,330,,,7.6,2009-04-05T18:29:00,,,0.0,,1.6,,3.3,,3.7,,2.9,,2.1,,0.0,,0.0,,0.0,,0.0,,0.0,,0.0,,0.0,,0.0,,0.0,,0.0,,0.0,,0.0,,0.0,,0.0,,0.0,,0.0,,0.0,,0.0,,0.0,,0.0,,0.0,,1.6,,0.0,,0.0,,0.0,,2.0,,1.4,,1.8,,9.8,,10.6,,10.5,,2.1,
2009-04-06,922.2,1502.2,923.3,2009-04-06T09:53:00,920.7,2009-04-06T05:38:00,9.1,10.0,2009-04-06T00:35:00,7.2,2009-04-06T18:38:00,7.0,88,68,2009-04-06T21:00:00,2.3,70,13.1,90,2009-04-06T05:48:00,0.5,0.5,0.5,2009-04-06T00:07:00,0.5,2009-04-06T00:01:00,0.0,0.0,1.81,0.3,,,,,,,,,,,,,9.0,,9.8,2009-04-06T00:38:00,,,,2.3,2009-04-06T18:41:00,,,,,,,0.42,2009-04-06T09:00:00,,,,,,,,,,,,,,100,2009-04-06T00:42:00,,,,,,1515.4,2009-04-06T00:10:00,,,,1489.1,2009-04-06T05:38:00,,,,,,,,,,,,,,,,,,,2.8,,,,,,,8.0,,,0,,0,,1,,1,,1,,1,,0,,3,,2,,2,,1,,0,,0,,0,,0,,1,,1,,1,,0,,0,,0,,0,,0,,0,,1,,0,,0,,0,,0,,1,,0,,1,,2,,0,,0,,0,,1,,3,,,330,,,4.8,2009-04-06T03:42:00,,,0.0,,0.0,,2.7,,2.7,,2.7,,2.4,,0.0,,10.6,,5.0,,5.7,,2.8,,0.0,,0.0,,0.0,,0.0,,2.1,,2.0,,1.7,,0.0,,0.0,,0.0,,0.0,,0.0,,0.0,,1.3,,0.0,,0.0,,0.0,,0.0,,1.3,,0.0,,2.0,,2.7,,0.0,,0.0,,0.0,,2.5,,4.0,
2009-04-07,922.1,1504.5,923.8,2009-04-07T09:02:00,920.6,2009-04-07T14:34:00,12.1,14.3,2009-04-07T10:31:00,9.9,2009-04-07T00:01:00,10.0,87,72,2009-04-07T00:08:00,2.8,70,14.5,170,2009-04-07T10:06:00,15.0,6.0,5.0,2009-04-07T15:28:00,8.5,2009-04-07T15:24:00,0.2,1.6,3.44,-0.3,,,,,,,,,,,,,8.8,,13.6,2009-04-07T23:06:00,,,,5.2,2009-04-07T00:09:00,,,,,,,1.71,2009-04-07T11:00:00,,,,,,,,,,,,,,100,2009-04-07T22:18:00,,,,,,1518.8,2009-04-07T09:33:00,,,,1491.4,2009-04-07T03:40:00,,,,,,,,,,,,,,,,,,,4.4,,,,,,,11.0,,,0,,0,,0,,0,,0,,0,,2,,4,,1,,1,,1,,1,,3,,1,,0,,1,,4,,1,,2,,1,,0,,0,,0,,0,,0,,0,,0,,0,,0,,0,,0,,0,,0,,0,,0,,0,,0,,1,,,160,,,7.1,2009-04-07T07:34:00,,,0.0,,0.0,,0.0,,0.0,,0.0,,0.0,,8.0,,16.1,,0.8,,3.4,,3.1,,3.1,,7.9,,2.6,,0.0,,1.6,,8.1,,4.3,,4.3,,2.6,,0.0,,0.0,,0.0,,0.0,,0.0,,0.0,,0.0,,0.0,,0.0,,0.0,,0.0,,0.0,,0.0,,0.0,,0.0,,0.0,,0.0,,0.3,
2009-04-08,923.3,1518.0,925.0,2009-04-08T21:30:00,921.4,2009-04-08T02:52:00,11.9,13.9,2009-04-08T14:47:00,8.8,2009-04-08T20:04:00,9.0,85,45,2009-04-08T21:56:00,5.0,350,16.7,350,2009-04-08T21:54:00,0.5,3.2,0.5,2009-04-08T06:21:00,0.5,2009-04-08T05:31:00,2.2,17.6,11.17,2.0,,,,,,,,,,,,,4.7,,13.5,2009-04-08T00:01:00,,,,0.9,2009-04-08T21:58:00,,,,,,,1.9,2009-04-08T14:00:00,,,,,,,,,,,,,,100,2009-04-08T00:01:00,,,,,,1533.2,2009-04-08T22:22:00,,,,1502.1,2009-04-08T03:41:00,,,,,,,,,,,,,,,,,,,5.1,,,,,,,5.4,,,0,,0,,1,,0,,0,,0,,0,,0,,0,,0,,0,,0,,0,,0,,0,,0,,0,,0,,0,,0,,0,,0,,0,,1,,0,,0,,0,,0,,0,,1,,0,,2,,1,,1,,8,,8,,1,,0,,,340,,,8.4,2009-04-08T21:50:00,,,0.0,,0.0,,1.7,,0.0,,0.0,,0.0,,0.0,,0.0,,0.0,,0.0,,0.0,,0.0,,0.0,,0.0,,0.0,,0.0,,0.0,,0.0,,0.0,,0.0,,0.0,,0.0,,0.0,,0.7,,0.0,,0.0,,0.0,,0.0,,0.0,,2.1,,0.0,,6.9,,4.0,,3.9,,46.9,,47.1,,7.7,,0.0,
2009-04-09,923.8,1521.4,925.7,2009-04-09T09:52:00,922.3,2009-04-09T17:02:00,11.4,14.6,2009-04-09T12:23:00,10.1,2009-04-09T04:17:00,8.5,82,49,2009-04-09T00:02:00,3.4,330,16.0,340,2009-04-09T00:16:00,0.0,0.0,0.0,,0.0,,0.1,0.8,8.62,-0.5,,,,,,,,,,,,,9.3,,11.2,2009-04-09T12:24:00,,,,2.2,2009-04-09T00:01:00,,,,,,,1.66,2009-04-09T14:00:00,,,,,,,,,,,,,,90,2009-04-09T21:02:00,,,,,,1539.8,2009-04-09T09:52:00,,,,1505.7,2009-04-09T17:02:00,,,,,,,,,,,,,,,,,,,4.5,,,,,,,8.7,,,0,,1,,0,,0,,1,,0,,3,,5,,1,,0,,0,,0,,0,,0,,0,,0,,0,,0,,0,,0,,0,,0,,0,,1,,0,,0,,0,,1,,0,,2,,1,,0,,1,,6,,0,,0,,1,,0,,,340,,,7.9,2009-04-09T00:23:00,,,0.0,,1.8,,0.0,,0.0,,2.8,,0.0,,15.5,,22.7,,4.8,,0.0,,0.0,,0.0,,0.0,,0.0,,0.0,,0.0,,0.0,,0.0,,0.0,,0.0,,0.0,,0.0,,0.0,,1.2,,0.0,,0.0,,0.0,,1.0,,0.0,,2.8,,1.7,,0.0,,1.1,,24.2,,0.0,,0.0,,1.6,,0.0,
2009-04-10,922.7,1516.3,924.2,2009-04-10T08:45:00,921.6,2009-04-10T02:50:00,14.6,18.8,2009-04-10T14:34:00,12.1,2009-04-10T00:01:00,12.1,85,74,2009-04-10T14:22:00,2.3,80,13.3,60,2009-04-10T00:50:00,1.0,1.2,0.5,2009-04-10T06:13:00,0.5,2009-04-10T06:10:00,1.6,12.7,13.01,-2.1,,,,,,,,,,,,,7.8,,14.6,2009-04-10T10:54:00,,,,9.8,2009-04-10T00:38:00,,,,,,,2.11,2009-04-10T12:00:00,,,,,,,,,,,,,,93,2009-04-10T03:50:00,,,,,,1531.1,2009-04-10T10:53:00,,,,1503.0,2009-04-10T04:28:00,,,,,,,,,,,,,,,,,,,6.7,,,,,,,6.6,,,0,,0,,0,,1,,1,,0,,1,,2,,3,,3,,3,,2,,2,,0,,0,,0,,0,,0,,0,,0,,0,,0,,0,,1,,0,,0,,0,,0,,0,,0,,0,,0,,0,,1,,1,,2,,1,,0,,,70,,,6.9,2009-04-10T00:14:00,,,0.0,,0.0,,0.0,,0.9,,1.1,,0.0,,1.6,,4.0,,8.8,,8.8,,8.4,,5.1,,5.5,,0.0,,0.0,,0.0,,0.0,,0.0,,0.0,,0.0,,0.0,,0.0,,0.0,,1.1,,0.0,,0.0,,0.0,,0.0,,0.0,,0.0,,0.0,,0.0,,0.0,,1.4,,0.9,,4.9,,1.5,,0.0,
2009-04-11,921.5,1511.3,923.2,2009-04-11T08:23:00,919.5,2009-04-11T16:47:00,16.8,21.6,2009-04-11T13:50:00,14.7,2009-04-11T00:01:00,14.6,87,75,2009-04-11T12:27:00,2.9,110,10.9,140,2009-04-11T11:31:00,0.0,0.0,0.0,,0.0,,6.4,50.9,22.19,2.4,,,,,,,,,,,,,7.2,,17.7,2009-04-11T13:50:00,,,,12.5,2009-04-11T00:04:00,,,,,,,3.81,2009-04-11T13:00:00,,,,,,,,,,,,,,91,2009-04-11T01:51:00,,,,,,1526.1,2009-04-11T09:08:00,,,,1492.4,2009-04-11T16:50:00,,,,,,,,,,,,,,,,,,,6.9,,,,,,,11.4,,,0,,0,,0,,0,,0,,0,,0,,3,,1,,3,,1,,6,,1,,2,,1,,1,,1,,0,,3,,1,,0,,0,,0,,0,,0,,0,,0,,0,,0,,0,,0,,0,,0,,0,,0,,0,,0,,0,,,70,,,4.9,2009-04-11T16:52:00,,,0.0,,0.0,,0.0,,0.0,,0.0,,0.0,,0.0,,10.5,,3.6,,8.2,,2.9,,17.0,,2.8,,6.1,,3.7,,2.7,,2.4,,0.0,,6.2,,2.4,,0.0,,0.0,,0.0,,0.0,,0.0,,0.0,,0.0,,0.0,,0.0,,0.0,,0.0,,0.0,,0.0,,0.0,,0.0,,0.0,,0.0,,0.0,
2009-04-12,919.7,1500.5,921.4,2009-04-12T09:05:00,918.0,2009-04-12T23:57:00,19.3,23.8,2009-04-12T12:59:00,15.2,2009-04-12T02:23:00,15.3,78,60,2009-04-12T12:14:00,1.1,150,8.6,350,2009-04-12T12:51:00,0.0,0.0,0.0,,0.0,,8.5,67.4,20.97,-2.7,,,,,,,,,,,,,4.8,,18.2,2009-04-12T10:25:00,,,,11.1,2009-04-12T02:41:00,,,,,,,3.43,2009-04-12T13:00:00,,,,,,,,,,,,,,89,2009-04-12T00:11:00,,,,,,1518.1,2009-04-12T10:17:00,,,,1484.9,2009-04-12T18:36:00,,,,,,,,,,,,,,,,,,,8.6,,,,,,,10.3,,,2,,0,,0,,1,,1,,0,,0,,0,,0,,0,,0,,0,,0,,0,,1,,4,,2,,1,,3,,1,,3,,0,,0,,1,,0,,0,,0,,1,,0,,0,,0,,0,,0,,1,,1,,0,,1,,0,,,360,,,5.0,2009-04-12T12:52:00,,,0.0,,0.0,,0.0,,2.5,,0.3,,0.0,,0.0,,0.0,,0.0,,0.0,,0.0,,0.0,,0.0,,0.0,,0.3,,4.9,,2.9,,1.6,,3.2,,1.4,,2.1,,0.0,,0.0,,0.6,,0.0,,0.0,,0.0,,2.5,,0.0,,0.0,,0.0,,0.0,,0.0,,0.9,,2.5,,0.0,,0.3,,0.0,
2009-04-13,915.1,1457.1,918.1,2009-04-13T00:01:00,912.2,2009-04-13T16:47:00,17.7,19.8,2009-04-13T21:57:00,15.1,2009-04-13T14:01:00,15.5,87,74,2009-04-13T02:19:00,2.2,360,16.5,320,2009-04-13T17:06:00,7.1,3.8,3.5,2009-04-13T12:16:00,4.5,2009-04-13T11:37:00,0.9,7.1,3.16,-0.4,,,,,,,,,,,,,8.4,,17.3,2009-04-13T09:05:00,,,,13.6,2009-04-13T16:19:00,,,,,,,0.91,2009-04-13T17:00:00,,,,,,,,,,,,,,100,2009-04-13T15:59:00,,,,,,1489.9,2009-04-13T00:01:00,,,,1427.8,2009-04-13T16:47:00,,,,,,,,,,,,,,,,,,,4.7,,,,,,,7.6,,,0,,0,,3,,0,,0,,1,,3,,2,,0,,0,,0,,0,,0,,1,,1,,2,,0,,0,,1,,3,,0,,0,,0,,0,,0,,0,,0,,0,,0,,0,,0,,1,,0,,1,,0,,0,,4,,1,,,350,,,9.9,2009-04-13T12:44:00,,,0.0,,0.0,,8.2,,0.0,,0.0,,1.5,,4.4,,5.0,,0.0,,0.0,,0.0,,0.0,,0.0,,0.7,,1.5,,2.6,,0.0,,0.0,,1.6,,3.2,,0.0,,0.0,,0.0,,0.0,,0.0,,0.0,,0.0,,0.0,,0.0,,0.0,,0.0,,1.9,,0.0,,3.4,,0.0,,0.0,,17.4,,1.4,
2009-04-14,916.3,1463.6,918.6,2009-04-14T22:43:00,913.6,2009-04-14T02:16:00,15.4,18.7,2009-04-14T00:01:00,11.8,2009-04-14T22:14:00,12.8,85,57,2009-04-14T22:34:00,3.7,350,15.7,340,2009-04-14T02:54:00,13.5,7.6,3.0,2009-04-14T05:23:00,8.0,2009-04-14T04:36:00,1.4,11.1,7.93,-1.2,,,,,,,,,,,,,7.2,,17.4,2009-04-14T01:27:00,,,,6.2,2009-04-14T22:34:00,,,,,,,1.2,2009-04-14T16:00:00,,,,,,,,,,,,,,100,2009-04-14T08:32:00,,,,,,1481.3,2009-04-14T22:43:00,,,,1439.8,2009-04-14T02:16:00,,,,,,,,,,,,,,,,,,,6.9,,,,,,,5.6,,,1,,1,,0,,0,,0,,0,,1,,1,,0,,0,,0,,0,,0,,0,,0,,0,,0,,0,,0,,1,,0,,1,,0,,0,,0,,0,,0,,0,,0,,0,,0,,1,,0,,4,,4,,8,,1,,0,,,60,,,7.8,2009-04-14T23:31:00,,,0.2,,3.5,,0.0,,0.0,,0.0,,0.0,,7.3,,5.6,,0.0,,0.0,,0.0,,0.0,,0.0,,0.0,,0.0,,0.0,,0.0,,0.0,,0.0,,1.1,,0.0,,0.3,,0.0,,0.0,,0.0,,0.0,,0.0,,0.0,,0.0,,0.0,,0.0,,3.3,,0.0,,13.7,,13.6,,37.8,,1.2,,0.0,
2009-04-15,918.1,1482.6,919.9,2009-04-15T08:25:00,916.6,2009-04-15T15:29:00,18.6,23.2,2009-04-15T11:46:00,13.8,2009-04-15T00:01:00,12.2,68,37,2009-04-15T05:54:00,2.7,60,11.3,70,2009-04-15T00:11:00,0.0,0.0,0.0,,0.0,,5.8,45.7,17.35,2.1,,,,,,,,,,,,,2.5,,17.4,2009-04-15T11:44:00,,,,2.1,2009-04-15T05:54:00,,,,,,,3.09,2009-04-15T11:00:00,,,,,,,,,,,,,,86,2009-04-15T23:24:00,,,,,,1500.2,2009-04-15T08:48:00,,,,1470.3,2009-04-15T02:17:00,,,,,,,,,,,,,,,,,,,9.4,,,,,,,13.7,,,1,,0,,1,,1,,0,,0,,3,,2,,2,,1,,1,,0,,0,,1,,1,,0,,3,,1,,1,,0,,0,,0,,1,,0,,0,,0,,0,,0,,0,,0,,0,,0,,0,,1,,0,,2,,1,,0,,,70,,,7.7,2009-04-15T00:28:00,,,0.2,,0.0,,1.3,,1.0,,0.0,,0.0,,17.8,,11.3,,5.3,,2.9,,0.9,,0.0,,0.0,,1.2,,0.6,,0.0,,6.3,,2.0,,3.0,,0.0,,0.0,,0.0,,0.7,,0.0,,0.0,,0.0,,0.0,,0.0,,0.0,,0.0,,0.0,,0.0,,0.0,,1.9,,0.0,,6.9,,2.5,,0.0,
2009-04-16,915.1,1457.9,918.2,2009-04-16T00:01:00,912.7,2009-04-16T17:49:00,18.0,21.4,2009-04-16T09:57:00,16.0,2009-04-16T23:52:00,15.3,84,76,2009-04-16T03:20:00,1.9,180,8.1,160,2009-04-16T11:29:00,3.0,5.8,0.5,2009-04-16T20:01:00,1.0,2009-04-16T19:30:00,0.1,0.8,6.97,-0.5,,,,,,,,,,,,,10.0,,18.4,2009-04-16T09:57:00,,,,14.1,2009-04-16T06:41:00,,,,,,,1.58,2009-04-16T10:00:00,,,,,,,,,,,,,,91,2009-04-16T22:22:00,,,,,,1490.9,2009-04-16T00:04:00,,,,1431.8,2009-04-16T18:12:00,,,,,,,,,,,,,,,,,,,5.4,,,,,,,12.3,,,0,,0,,0,,0,,0,,0,,0,,0,,0,,0,,0,,0,,0,,1,,1,,0,,0,,4,,7,,4,,0,,0,,0,,2,,0,,0,,0,,0,,0,,0,,0,,0,,0,,2,,1,,2,,0,,0,,,170,,,3.8,2009-04-16T18:17:00,,,0.0,,0.0,,0.0,,0.0,,0.0,,0.0,,0.0,,0.0,,0.0,,0.0,,0.0,,0.0,,0.0,,0.4,,2.4,,0.0,,0.0,,7.8,,14.6,,8.4,,0.0,,0.0,,0.0,,3.6,,0.0,,0.0,,0.0,,0.0,,0.0,,0.0,,0.0,,0.0,,0.0,,2.0,,2.4,,3.8,,0.0,,0.0,
2009-04-17,915.8,1459.3,919.0,2009-04-17T22:31:00,912.7,2009-04-17T02:00:00,15.8,16.8,2009-04-17T11:00:00,14.3,2009-04-17T19:25:00,14.6,93,86,2009-04-17T01:13:00,3.3,180,20.1,170,2009-04-17T19:41:00,16.0,24.0,2.0,2009-04-17T13:57:00,3.5,2009-04-17T13:07:00,0.0,0.0,2.15,-0.4,,,,,,,,,,,,,10.0,,15.4,2009-04-17T23:07:00,,,,13.7,2009-04-17T05:22:00,,,,,,,0.65,2009-04-17T11:00:00,,,,,,,,,,,,,,100,2009-04-17T19:04:00,,,,,,1488.8,2009-04-17T23:01:00,,,,1432.8,2009-04-17T02:23:00,,,,,,,,,,,,,,,,,,,2.5,,,,,,,1.9,,,0,,0,,0,,0,,0,,1,,0,,1,,0,,0,,0,,0,,1,,1,,0,,2,,2,,2,,5,,1,,0,,1,,1,,1,,2,,0,,0,,0,,0,,0,,0,,0,,0,,0,,1,,1,,0,,1,,,160,,,8.4,2009-04-17T19:38:00,,,0.0,,0.0,,0.0,,0.0,,0.0,,1.1,,0.0,,1.6,,0.0,,0.0,,0.0,,0.0,,0.9,,6.0,,0.0,,8.5,,13.4,,6.6,,21.9,,4.2,,0.0,,1.5,,2.2,,2.6,,2.5,,0.0,,0.0,,0.0,,0.0,,0.0,,0.0,,0.0,,0.0,,0.0,,3.1,,1.7,,0.0,,1.9,
2009-04-18,919.6,1495.2,921.2,2009-04-18T10:38:00,917.7,2009-04-18T01:34:00,17.2,21.7,2009-04-18T12:08:00,14.2,2009-04-18T05:31:00,15.0,88,75,2009-04-18T11:11:00,4.1,170,16.1,140,2009-04-18T00:16:00,0.5,2.5,0.3,2009-04-18T02:01:00,0.5,2009-04-18T02:01:00,4.7,36.9,17.77,2.1,,,,,,,,,,,,,6.5,,18.0,2009-04-18T12:08:00,,,,13.5,2009-04-18T18:31:00,,,,,,,3.02,2009-04-18T12:00:00,,,,,,,,,,,,,,100,2009-04-18T02:11:00,,,,,,1513.6,2009-04-18T10:55:00,,,,1475.1,2009-04-18T01:38:00,,,,,,,,,,,,,,,,,,,7.5,,,,,,,19.2,,,0,,0,,0,,0,,0,,0,,0,,0,,0,,0,,0,,0,,0,,1,,0,,2,,4,,7,,6,,4,,0,,0,,0,,0,,0,,0,,0,,0,,0,,0,,0,,0,,0,,0,,0,,0,,0,,0,,,140,,,5.8,2009-04-18T00:02:00,,,0.0,,0.0,,0.0,,0.0,,0.0,,0.0,,0.0,,0.0,,0.0,,0.0,,0.0,,0.0,,0.0,,2.6,,0.0,,8.2,,16.9,,27.4,,25.7,,18.2,,0.0,,0.0,,0.0,,0.0,,0.0,,0.0,,0.0,,0.0,,0.0,,0.0,,0.0,,0.0,,0.0,,0.0,,0.0,,0.0,,0.0,,0.0,
2009-04-19,916.1,1464.9,919.9,2009-04-19T00:01:00,912.3,2009-04-19T23:47:00,17.7,19.0,2009-04-19T16:47:00,16.3,2009-04-19T00:04:00,15.4,86,80,2009-04-19T19:35:00,3.8,180,13.5,170,2009-04-19T07:59:00,0.5,2.3,0.3,2009-04-19T13:20:00,0.4,2009-04-19T13:01:00,0.2,1.6,5.34,-0.9,,,,,,,,,,,,,8.5,,17.1,2009-04-19T16:47:00,,,,14.0,2009-04-19T00:10:00,,,,,,,0.8,2009-04-19T15:00:00,,,,,,,,,,,,,,90,2009-04-19T13:16:00,,,,,,1502.9,2009-04-19T00:07:00,,,,1430.6,2009-04-19T23:47:00,,,,,,,,,,,,,,,,,,,2.7,,,,,,,15.3,,,0,,0,,0,,0,,0,,0,,0,,0,,0,,0,,0,,0,,0,,0,,0,,0,,1,,1,,15,,4,,3,,0,,0,,0,,0,,0,,0,,0,,0,,0,,0,,0,,0,,0,,0,,0,,0,,0,,,180,,,6.8,2009-04-19T03:21:00,,,0.0,,0.0,,0.0,,0.0,,0.0,,0.0,,0.0,,0.0,,0.0,,0.0,,0.0,,0.0,,0.0,,0.0,,0.0,,0.0,,2.5,,2.9,,63.5,,17.2,,5.3,,0.0,,0.0,,0.0,,0.0,,0.0,,0.0,,0.0,,0.0,,0.0,,0.0,,0.0,,0.0,,0.0,,0.0,,0.0,,0.0,,0.0,
2009-04-20,912.3,1433.0,915.2,2009-04-20T23:47:00,910.3,2009-04-20T03:22:00,20.2,22.6,2009-04-20T02:31:00,17.5,2009-04-20T11:13:00,18.6,91,62,2009-04-20T02:31:00,3.7,350,17.8,340,2009-04-20T07:52:00,30.0,15.5,2.0,2009-04-20T07:57:00,9.5,2009-04-20T07:57:00,0.0,0.0,0.52,-0.9,,,,,,,,,,,,,9.5,,21.5,2009-04-20T18:05:00,,,,14.9,2009-04-20T02:10:00,,,,,,,0.39,2009-04-20T13:00:00,,,,,,,,,,,,,,100,2009-04-20T09:36:00,,,,,,1459.0,2009-04-20T22:01:00,,,,1415.5,2009-04-20T03:39:00,,,,,,,,,,,,,,,,,,,5.1,,,,,,,5.6,,,0,,1,,1,,0,,0,,1,,2,,4,,0,,0,,0,,0,,0,,0,,0,,0,,0,,3,,1,,0,,0,,0,,0,,0,,0,,0,,0,,0,,0,,0,,0,,2,,0,,0,,2,,4,,2,,1,,,350,,,8.8,2009-04-20T22:13:00,,,0.0,,2.0,,4.9,,0.0,,0.0,,1.2,,5.8,,9.0,,0.0,,0.0,,0.0,,0.0,,0.0,,0.0,,0.0,,0.0,,0.0,,13.1,,1.5,,0.0,,0.0,,0.0,,0.0,,0.0,,0.0,,0.0,,0.0,,0.0,,0.0,,0.0,,0.0,,5.0,,0.0,,0.0,,12.1,,25.0,,7.6,,2.0,
2009-04-21,917.2,1473.5,919.1,2009-04-21T21:32:00,914.8,2009-04-21T00:01:00,15.5,18.5,2009-04-21T00:01:00,13.7,2009-04-21T23:57:00,12.7,84,67,2009-04-21T04:13:00,3.4,160,16.5,140,2009-04-21T20:30:00,-9.8,0.5,-9.8,2009-04-21T00:05:00,-9.8,2009-04-21T00:01:00,0.1,0.8,6.83,-1.1,,,,,,,,,,,,,10.0,,18.1,2009-04-21T00:01:00,,,,9.0,2009-04-21T21:55:00,,,,,,,1.64,2009-04-21T14:00:00,,,,,,,,,,,,,,100,2009-04-21T00:10:00,,,,,,1487.0,2009-04-21T21:32:00,,,,1454.4,2009-04-21T02:14:00,,,,,,,,,,,,,,,,,,,4.8,,,,,,,5.1,,,0,,2,,1,,0,,1,,1,,0,,1,,1,,2,,1,,0,,1,,0,,2,,1,,4,,3,,1,,0,,0,,0,,0,,0,,0,,0,,0,,0,,0,,0,,0,,0,,0,,0,,0,,0,,0,,2,,,170,,,6.8,2009-04-21T20:30:00,,,0.0,,6.5,,0.9,,0.0,,2.4,,2.7,,0.0,,2.8,,2.8,,4.1,,2.8,,0.0,,3.0,,0.0,,4.3,,4.6,,22.2,,13.7,,4.5,,0.0,,0.0,,0.0,,0.0,,0.0,,0.0,,0.0,,0.0,,0.0,,0.0,,0.0,,0.0,,0.0,,0.0,,0.0,,0.0,,0.0,,0.0,,4.3,
2009-04-22,919.1,1485.6,920.8,2009-04-22T22:53:00,917.0,2009-04-22T03:07:00,14.6,15.9,2009-04-22T22:24:00,13.0,2009-04-22T03:53:00,14.1,96,83,2009-04-22T00:12:00,4.1,170,15.3,70,2009-04-22T05:06:00,29.0,11.5,2.5,2009-04-22T15:23:00,9.5,2009-04-22T15:08:00,0.0,0.0,0.27,-0.3,,,,,,,,,,,,,10.0,,15.7,2009-04-22T22:27:00,,,,10.9,2009-04-22T00:12:00,,,,,,,0.1,2009-04-22T13:00:00,,,,,,,,,,,,,,100,2009-04-22T07:32:00,,,,,,1502.6,2009-04-22T22:53:00,,,,1467.0,2009-04-22T03:07:00,,,,,,,,,,,,,,,,,,,2.9,,,,,,,1.9,,,0,,0,,0,,0,,0,,0,,0,,0,,1,,2,,3,,0,,3,,0,,1,,5,,3,,5,,0,,1,,0,,0,,0,,0,,0,,0,,0,,0,,0,,0,,0,,0,,0,,0,,0,,0,,0,,0,,,70,,,8.2,2009-04-22T05:21:00,,,0.0,,0.0,,0.0,,0.0,,0.0,,0.0,,0.0,,0.0,,5.2,,9.8,,12.9,,0.0,,10.0,,0.0,,5.8,,19.6,,11.3,,21.3,,0.0,,3.2,,0.0,,0.0,,0.0,,0.0,,0.0,,0.0,,0.0,,0.0,,0.0,,0.0,,0.0,,0.0,,0.0,,0.0,,0.0,,0.0,,0.0,,0.0,
2009-04-23,919.2,1491.1,920.5,2009-04-23T00:01:00,917.6,2009-04-23T16:00:00,17.3,22.2,2009-04-23T14:34:00,12.9,2009-04-23T05:29:00,14.6,85,58,2009-04-23T07:33:00,3.6,190,16.0,150,2009-04-23T01:37:00,0.0,0.0,0.0,,0.0,,4.2,32.6,19.97,2.1,,,,,,,,,,,,,7.7,,18.4,2009-04-23T14:33:00,,,,7.0,2009-04-23T07:33:00,,,,,,,3.69,2009-04-23T14:00:00,,,,,,,,,,,,,,100,2009-04-23T02:05:00,,,,,,1502.0,2009-04-23T10:11:00,,,,1475.5,2009-04-23T16:12:00,,,,,,,,,,,,,,,,,,,9.3,,,,,,,15.2,,,0,,0,,0,,0,,0,,0,,1,,2,,0,,0,,2,,2,,1,,1,,3,,4,,0,,1,,0,,6,,0,,0,,0,,0,,1,,0,,0,,0,,0,,0,,0,,0,,0,,0,,0,,0,,0,,0,,,70,,,7.2,2009-04-23T07:46:00,,,0.0,,0.0,,0.0,,0.0,,0.0,,0.0,,6.6,,6.7,,0.0,,0.0,,4.6,,7.9,,4.5,,2.2,,12.4,,13.5,,0.0,,3.0,,0.0,,25.3,,0.0,,0.0,,0.0,,0.0,,0.7,,0.0,,0.0,,0.0,,0.0,,0.0,,0.0,,0.0,,0.0,,0.0,,0.0,,0.0,,0.0,,0.0,
2009-04-24,917.7,1485.3,919.4,2009-04-24T00:04:00,916.3,2009-04-24T14:26:00,20.8,27.1,2009-04-24T12:25:00,17.1,2009-04-24T03:45:00,16.5,77,58,2009-04-24T12:22:00,1.6,180,8.2,180,2009-04-24T00:06:00,0.0,0.0,0.0,,0.0,,10.1,78.3,26.24,-4.1,,,,,,,,,,,,,1.0,,21.2,2009-04-24T12:42:00,,,,14.1,2009-04-24T18:32:00,,,,,,,3.6,2009-04-24T11:00:00,,,,,,,,,,,,,,100,2009-04-24T06:19:00,,,,,,1499.8,2009-04-24T00:08:00,,,,1472.1,2009-04-24T17:15:00,,,,,,,,,,,,,,,,,,,10.0,,,,,,,14.7,,,1,,1,,1,,0,,2,,1,,0,,0,,0,,2,,0,,0,,0,,0,,0,,0,,4,,3,,5,,1,,0,,0,,0,,0,,0,,0,,0,,0,,0,,0,,0,,0,,0,,1,,0,,0,,2,,0,,,360,,,4.3,2009-04-24T12:48:00,,,0.0,,0.8,,1.6,,0.0,,3.0,,1.3,,0.0,,0.0,,0.0,,2.9,,0.0,,0.0,,0.0,,0.0,,0.0,,0.0,,4.1,,6.0,,8.1,,1.8,,0.0,,0.0,,0.0,,0.0,,0.0,,0.0,,0.0,,0.0,,0.0,,0.0,,0.0,,0.0,,0.0,,2.1,,0.0,,0.0,,5.8,,0.0,
2009-04-25,921.0,1507.1,924.1,2009-04-25T23:07:00,917.4,2009-04-25T02:02:00,13.6,20.1,2009-04-25T00:17:00,10.0,2009-04-25T13:00:00,11.6,88,70,2009-04-25T00:17:00,3.3,360,17.3,350,2009-04-25T13:12:00,12.5,11.4,2.0,2009-04-25T04:47:00,6.0,2009-04-25T04:36:00,0.0,0.0,1.33,-0.2,,,,,,,,,,,,,10.0,,17.0,2009-04-25T05:31:00,,,,6.7,2009-04-25T18:23:00,,,,,,,0.45,2009-04-25T13:00:00,,,,,,,,,,,,,,100,2009-04-25T08:25:00,,,,,,1525.0,2009-04-25T23:07:00,,,,1488.1,2009-04-25T02:14:00,,,,,,,,,,,,,,,,,,,10.1,,,,,,,3.2,,,0,,4,,1,,1,,0,,2,,0,,0,,1,,0,,0,,0,,0,,0,,0,,0,,1,,0,,0,,0,,0,,1,,0,,0,,0,,0,,0,,0,,0,,0,,0,,0,,0,,0,,1,,3,,5,,4,,,10,,,6.5,2009-04-25T12:46:00,,,0.0,,18.3,,3.4,,4.5,,0.0,,5.9,,0.0,,0.0,,2.0,,0.0,,0.0,,0.0,,0.0,,0.0,,0.0,,0.0,,2.5,,0.0,,0.0,,0.0,,0.0,,1.8,,0.0,,0.0,,0.0,,0.0,,0.0,,0.0,,0.0,,0.0,,0.0,,0.0,,0.0,,0.0,,4.8,,10.1,,16.0,,9.6,
2009-04-26,922.9,1509.5,924.5,2009-04-26T08:30:00,921.4,2009-04-26T16:04:00,10.0,12.4,2009-04-26T13:13:00,7.6,2009-04-26T07:53:00,6.8,81,71,2009-04-26T23:10:00,3.0,170,16.1,150,2009-04-26T23:21:00,7.0,9.4,1.0,2009-04-26T06:40:00,2.5,2009-04-26T06:14:00,0.0,0.0,7.95,-1.9,,,,,,,,,,,,,8.8,,8.9,2009-04-26T13:14:00,,,,4.6,2009-04-26T09:01:00,,,,,,,1.16,2009-04-26T14:00:00,,,,,,,,,,,,,,90,2009-04-26T07:30:00,,,,,,1522.4,2009-04-26T08:30:00,,,,1496.0,2009-04-26T16:21:00,,,,,,,,,,,,,,,,,,,4.8,,,,,,,13.0,,,0,,0,,0,,0,,0,,0,,0,,0,,0,,0,,0,,0,,0,,1,,1,,1,,2,,4,,3,,2,,1,,2,,1,,2,,1,,0,,2,,0,,0,,0,,0,,0,,0,,0,,0,,0,,0,,1,,,160,,,8.0,2009-04-26T23:21:00,,,0.0,,0.0,,0.0,,0.0,,0.0,,0.0,,0.0,,0.0,,0.0,,0.0,,0.0,,0.0,,0.0,,2.1,,2.5,,3.6,,10.6,,15.3,,7.9,,4.9,,2.8,,4.9,,2.5,,4.4,,2.4,,0.0,,4.7,,0.0,,0.0,,0.0,,0.0,,0.0,,0.0,,0.0,,0.0,,0.0,,0.0,,2.5,
2009-04-27,923.2,1515.8,925.4,2009-04-27T21:03:00,921.1,2009-04-27T02:22:00,11.8,16.2,2009-04-27T14:00:00,10.0,2009-04-27T02:21:00,6.8,72,57,2009-04-27T13:00:00,3.9,160,16.0,200,2009-04-27T05:00:00,0.0,0.0,0.0,,0.0,,4.2,32.4,21.07,3.3,,,,,,,,,,,,,7.7,,8.7,2009-04-27T14:00:00,,,,5.6,2009-04-27T16:06:00,,,,,,,3.52,2009-04-27T13:00:00,,,,,,,,,,,,,,81,2009-04-27T01:28:00,,,,,,1537.4,2009-04-27T21:51:00,,,,1495.5,2009-04-27T02:22:00,,,,,,,,,,,,,,,,,,,6.2,,,,,,,14.5,,,0,,0,,0,,0,,0,,0,,0,,0,,0,,0,,0,,0,,0,,0,,1,,1,,7,,2,,7,,2,,2,,0,,0,,0,,0,,0,,0,,0,,0,,0,,0,,0,,0,,0,,0,,0,,0,,2,,,150,,,7.2,2009-04-27T04:41:00,,,0.0,,0.0,,0.0,,0.0,,0.0,,0.0,,0.0,,0.0,,0.0,,0.0,,0.0,,0.0,,0.0,,0.0,,2.0,,5.8,,31.5,,11.9,,28.3,,5.4,,4.0,,0.0,,0.0,,0.0,,0.0,,0.0,,0.0,,0.0,,0.0,,0.0,,0.0,,0.0,,0.0,,0.0,,0.0,,0.0,,0.0,,4.6,
2009-04-28,924.5,1529.7,925.7,2009-04-28T09:47:00,923.4,2009-04-28T03:10:00,12.8,16.0,2009-04-28T14:48:00,10.5,2009-04-28T02:47:00,8.4,75,63,2009-04-28T12:56:00,5.8,150,18.5,170,2009-04-28T12:48:00,0.0,0.0,0.0,,0.0,,10.3,79.3,28.21,3.5,,,,,,,,,,,,,4.2,,10.4,2009-04-28T14:58:00,,,,6.2,2009-04-28T04:44:00,,,,,,,3.94,2009-04-28T13:00:00,,,,,,,,,,,,,,82,2009-04-28T23:01:00,,,,,,1540.6,2009-04-28T09:47:00,,,,1518.1,2009-04-28T03:51:00,,,,,,,,,,,,,,,,,,,5.5,,,,,,,15.3,,,0,,0,,0,,0,,0,,0,,0,,0,,0,,0,,0,,0,,0,,0,,2,,10,,4,,5,,3,,0,,0,,0,,0,,0,,0,,0,,0,,0,,0,,0,,0,,0,,0,,0,,0,,0,,0,,0,,,140,,,9.1,2009-04-28T12:22:00,,,0.0,,0.0,,0.0,,0.0,,0.0,,0.0,,0.0,,0.0,,0.0,,0.0,,0.0,,0.0,,0.0,,0.0,,15.2,,61.2,,17.8,,27.1,,17.8,,0.0,,0.0,,0.0,,0.0,,0.0,,0.0,,0.0,,0.0,,0.0,,0.0,,0.0,,0.0,,0.0,,0.0,,0.0,,0.0,,0.0,,0.0,,0.0,
2009-04-29,924.2,1531.9,925.3,2009-04-29T09:04:00,923.0,2009-04-29T15:49:00,14.6,18.8,2009-04-29T12:48:00,11.9,2009-04-29T02:26:00,10.6,77,63,2009-04-29T12:57:00,5.5,180,21.0,180,2009-04-29T22:42:00,0.0,0.0,0.0,,0.0,,9.3,71.5,25.83,2.2,,,,,,,,,,,,,3.0,,12.5,2009-04-29T15:28:00,,,,8.9,2009-04-29T00:23:00,,,,,,,4.03,2009-04-29T13:00:00,,,,,,,,,,,,,,84,2009-04-29T02:10:00,,,,,,1544.6,2009-04-29T12:03:00,,,,1520.8,2009-04-29T15:49:00,,,,,,,,,,,,,,,,,,,6.9,,,,,,,15.8,,,0,,0,,0,,0,,0,,0,,0,,0,,0,,0,,0,,0,,0,,0,,0,,0,,1,,5,,18,,0,,0,,0,,0,,0,,0,,0,,0,,0,,0,,0,,0,,0,,0,,0,,0,,0,,0,,0,,,180,,,7.8,2009-04-29T10:14:00,,,0.0,,0.0,,0.0,,0.0,,0.0,,0.0,,0.0,,0.0,,0.0,,0.0,,0.0,,0.0,,0.0,,0.0,,0.0,,0.0,,6.2,,27.8,,97.6,,0.0,,0.0,,0.0,,0.0,,0.0,,0.0,,0.0,,0.0,,0.0,,0.0,,0.0,,0.0,,0.0,,0.0,,0.0,,0.0,,0.0,,0.0,,0.0,
2009-04-30,923.5,1527.8,924.5,2009-04-30T10:21:00,922.5,2009-04-30T16:04:00,15.5,19.5,2009-04-30T11:45:00,12.7,2009-04-30T04:34:00,11.6,78,64,2009-04-30T12:13:00,5.5,180,18.4,150,2009-04-30T12:48:00,0.0,0.0,0.0,,0.0,,9.2,70.6,27.05,4.6,,,,,,,,,,,,,5.0,,13.5,2009-04-30T09:42:00,,,,9.8,2009-04-30T02:29:00,,,,,,,3.97,2009-04-30T12:00:00,,,,,,,,,,,,,,88,2009-04-30T22:57:00,,,,,,1541.8,2009-04-30T12:03:00,,,,1515.9,2009-04-30T18:16:00,,,,,,,,,,,,,,,,,,,6.8,,,,,,,13.7,,,0,,0,,0,,0,,0,,0,,0,,0,,0,,0,,0,,0,,0,,0,,0,,0,,1,,7,,14,,2,,0,,0,,0,,0,,0,,0,,0,,0,,0,,0,,0,,0,,0,,0,,0,,0,,0,,0,,,180,,,7.9,2009-04-30T18:47:00,,,0.0,,0.0,,0.0,,0.0,,0.0,,0.0,,0.0,,0.0,,0.0,,0.0,,0.0,,0.0,,0.0,,0.0,,0.0,,0.0,,3.8,,41.7,,74.0,,11.9,,0.0,,0.0,,0.0,,0.0,,0.0,,0.0,,0.0,,0.0,,0.0,,0.0,,0.0,,0.0,,0.0,,0.0,,0.0,,0.0,,0.0,,0.0,
2009-05-01,923.5,1528.3,924.6,2009-05-01T07:25:00,922.1,2009-05-01T15:05:00,15.7,20.0,2009-05-01T13:25:00,13.4,2009-05-01T02:28:00,12.5,81,68,2009-05-01T12:07:00,4.6,170,14.5,170,2009-05-01T09:21:00,0.0,0.0,0.0,,0.0,,6.4,49.1,20.47,2.8,,,,,,,,,,,,,6.2,,14.7,2009-05-01T13:59:00,,,,10.7,2009-05-01T05:49:00,,,,,,,3.42,2009-05-01T14:00:00,,,,,,,,,,,,,,89,2009-05-01T00:39:00,,,,,,1538.5,2009-05-01T09:42:00,,,,1515.8,2009-05-01T15:32:00,,,,,,,,,,,,,,,,,,,6.6,,,,,,,15.0,,,0,,0,,0,,0,,0,,0,,0,,0,,0,,0,,0,,0,,0,,0,,0,,2,,3,,10,,8,,1,,0,,0,,0,,0,,0,,0,,0,,0,,0,,0,,0,,0,,0,,0,,0,,0,,0,,0,,,170,,,6.7,2009-05-01T11:51:00,,,0.0,,0.0,,0.0,,0.0,,0.0,,0.0,,0.0,,0.0,,0.0,,0.0,,0.0,,0.0,,0.0,,0.0,,0.0,,10.1,,11.6,,46.9,,36.5,,4.8,,0.0,,0.0,,0.0,,0.0,,0.0,,0.0,,0.0,,0.0,,0.0,,0.0,,0.0,,0.0,,0.0,,0.0,,0.0,,0.0,,0.0,,0.0,
2009-05-02,922.0,1517.4,923.8,2009-05-02T00:02:00,920.2,2009-05-02T15:45:00,17.0,21.3,2009-05-02T11:07:00,14.5,2009-05-02T02:55:00,14.0,83,75,2009-05-02T10:39:00,3.0,160,13.1,150,2009-05-02T10:01:00,0.0,0.0,0.0,,0.0,,8.4,64.3,22.56,2.8,,,,,,,,,,,,,3.8,,16.8,2009-05-02T10:26:00,,,,11.7,2009-05-02T22:59:00,,,,,,,3.71,2009-05-02T11:00:00,,,,,,,,,,,,,,89,2009-05-02T00:01:00,,,,,,1535.2,2009-05-02T00:08:00,,,,1500.6,2009-05-02T16:08:00,,,,,,,,,,,,,,,,,,,6.8,,,,,,,15.0,,,0,,0,,0,,0,,0,,0,,0,,0,,0,,0,,0,,0,,2,,2,,3,,2,,6,,4,,5,,0,,0,,0,,0,,0,,0,,0,,0,,0,,0,,0,,0,,0,,0,,0,,0,,0,,0,,0,,,150,,,5.2,2009-05-02T01:26:00,,,0.0,,0.0,,0.0,,0.0,,0.0,,0.0,,0.0,,0.0,,0.0,,0.0,,0.0,,0.0,,4.6,,5.3,,9.1,,7.3,,20.5,,9.4,,16.1,,0.0,,0.0,,0.0,,0.0,,0.0,,0.0,,0.0,,0.0,,0.0,,0.0,,0.0,,0.0,,0.0,,0.0,,0.0,,0.0,,0.0,,0.0,,0.0,
2009-05-03,921.3,1512.0,922.5,2009-05-03T21:37:00,920.0,2009-05-03T15:48:00,17.0,21.8,2009-05-03T12:39:00,14.4,2009-05-03T04:11:00,13.9,82,70,2009-05-03T16:08:00,2.1,180,11.3,150,2009-05-03T18:42:00,3.5,2.8,1.0,2009-05-03T22:48:00,3.0,2009-05-03T22:36:00,7.8,59.6,24.83,-2.3,,,,,,,,,,,,,5.3,,17.4,2009-05-03T09:54:00,,,,11.6,2009-05-03T16:08:00,,,,,,,3.69,2009-05-03T13:00:00,,,,,,,,,,,,,,94,2009-05-03T23:30:00,,,,,,1525.9,2009-05-03T21:54:00,,,,1497.8,2009-05-03T16:11:00,,,,,,,,,,,,,,,,,,,7.4,,,,,,,14.2,,,0,,0,,0,,0,,0,,0,,0,,1,,0,,0,,2,,0,,3,,1,,0,,3,,2,,3,,5,,2,,1,,0,,0,,0,,0,,0,,0,,0,,0,,0,,0,,0,,0,,0,,0,,0,,0,,1,,,70,,,4.8,2009-05-03T06:43:00,,,0.0,,0.0,,0.0,,0.0,,0.0,,0.0,,0.0,,3.8,,0.0,,0.0,,3.6,,0.0,,6.6,,2.5,,0.0,,5.7,,2.5,,7.6,,9.6,,4.0,,1.9,,0.0,,0.0,,0.0,,0.0,,0.0,,0.0,,0.0,,0.0,,0.0,,0.0,,0.0,,0.0,,0.0,,0.0,,0.0,,0.0,,1.9,
2009-05-04,921.5,1508.2,922.7,2009-05-04T10:12:00,920.3,2009-05-04T16:14:00,14.3,15.6,2009-05-04T14:01:00,13.3,2009-05-04T03:11:00,13.1,93,84,2009-05-04T17:43:00,2.3,70,11.3,100,2009-05-04T23:26:00,4.5,9.3,1.0,2009-05-04T01:14:00,2.0,2009-05-04T00:53:00,0.2,1.5,6.87,-0.6,,,,,,,,,,,,,9.0,,15.2,2009-05-04T08:56:00,,,,11.5,2009-05-04T19:17:00,,,,,,,1.21,2009-05-04T14:00:00,,,,,,,,,,,,,,100,2009-05-04T02:09:00,,,,,,1519.2,2009-05-04T09:32:00,,,,1495.4,2009-05-04T16:15:00,,,,,,,,,,,,,,,,,,,2.3,,,,,,,5.5,,,0,,0,,1,,1,,1,,1,,3,,6,,1,,1,,1,,1,,1,,0,,0,,1,,0,,0,,1,,0,,0,,0,,0,,0,,0,,0,,0,,0,,0,,0,,0,,0,,0,,0,,1,,0,,1,,2,,,50,,,5.0,2009-05-04T19:29:00,,,0.0,,0.0,,2.6,,2.8,,2.4,,3.3,,8.0,,16.8,,3.3,,1.9,,2.0,,1.2,,1.5,,0.0,,0.0,,1.9,,0.0,,0.0,,0.7,,0.0,,0.0,,0.0,,0.0,,0.0,,0.0,,0.0,,0.0,,0.0,,0.0,,0.0,,0.0,,0.0,,0.0,,0.0,,2.6,,0.0,,1.8,,2.7,
2009-05-05,921.6,1508.8,923.2,2009-05-05T08:52:00,920.2,2009-05-05T02:56:00,14.8,18.9,2009-05-05T13:22:00,12.1,2009-05-05T23:19:00,11.7,82,68,2009-05-05T15:48:00,2.1,60,10.1,70,2009-05-05T05:02:00,0.0,0.0,0.0,,0.0,,10.0,76.2,28.75,3.3,,,,,,,,,,,,,3.2,,15.4,2009-05-05T14:47:00,,,,8.3,2009-05-05T21:13:00,,,,,,,4.14,2009-05-05T13:00:00,,,,,,,,,,,,,,90,2009-05-05T14:40:00,,,,,,1525.5,2009-05-05T09:12:00,,,,1494.8,2009-05-05T03:03:00,,,,,,,,,,,,,,,,,,,6.8,,,,,,,13.5,,,0,,0,,1,,2,,2,,1,,3,,2,,0,,1,,1,,0,,0,,0,,2,,0,,0,,1,,1,,0,,0,,1,,1,,0,,0,,1,,1,,1,,0,,0,,0,,0,,0,,0,,0,,1,,0,,1,,,70,,,3.8,2009-05-05T00:04:00,,,0.0,,0.0,,1.4,,5.8,,4.0,,2.2,,8.4,,6.9,,0.0,,1.4,,2.3,,0.0,,0.0,,0.0,,4.6,,0.0,,0.0,,1.5,,1.6,,0.0,,0.0,,1.4,,0.9,,0.0,,0.0,,0.8,,1.4,,1.8,,0.0,,0.0,,0.0,,0.0,,0.0,,0.0,,0.0,,1.2,,0.0,,1.6,
2009-05-06,920.6,1499.9,922.2,2009-05-06T09:02:00,919.3,2009-05-06T17:36:00,14.9,19.2,2009-05-06T11:28:00,12.6,2009-05-06T01:37:00,11.0,78,55,2009-05-06T18:32:00,2.4,170,13.1,140,2009-05-06T21:41:00,0.0,0.0,0.0,,0.0,,8.9,67.7,25.74,3.9,,,,,,,,,,,,,6.8,,13.4,2009-05-06T15:44:00,,,,5.7,2009-05-06T18:36:00,,,,,,,3.64,2009-05-06T11:00:00,,,,,,,,,,,,,,89,2009-05-06T03:32:00,,,,,,1514.9,2009-05-06T09:52:00,,,,1485.4,2009-05-06T17:41:00,,,,,,,,,,,,,,,,,,,6.6,,,,,,,15.8,,,0,,0,,0,,0,,1,,1,,2,,1,,2,,1,,1,,0,,1,,0,,0,,0,,2,,3,,1,,0,,1,,0,,0,,0,,1,,0,,1,,0,,0,,0,,1,,0,,0,,0,,0,,0,,0,,4,,,150,,,6.3,2009-05-06T22:30:00,,,0.0,,0.0,,0.0,,0.0,,1.6,,3.3,,7.6,,1.7,,4.4,,1.9,,1.2,,0.0,,2.4,,0.0,,0.0,,0.0,,8.4,,10.8,,1.4,,0.0,,2.8,,0.0,,0.0,,0.0,,1.6,,0.0,,1.3,,0.0,,0.0,,0.0,,1.1,,0.0,,0.0,,0.0,,0.0,,0.0,,0.0,,5.1,
2009-05-07,919.1,1489.0,920.5,2009-05-07T09:29:00,917.8,2009-05-07T15:50:00,16.3,21.2,2009-05-07T12:57:00,13.2,2009-05-07T00:33:00,9.4,65,41,2009-05-07T01:51:00,4.2,180,14.6,140,2009-05-07T18:52:00,0.0,0.0,0.0,,0.0,,10.9,82.8,30.59,2.8,,,,,,,,,,,,,3.7,,12.6,2009-05-07T11:30:00,,,,2.0,2009-05-07T01:52:00,,,,,,,4.2,2009-05-07T13:00:00,,,,,,,,,,,,,,86,2009-05-07T06:07:00,,,,,,1508.2,2009-05-07T12:03:00,,,,1475.4,2009-05-07T16:50:00,,,,,,,,,,,,,,,,,,,8.0,,,,,,,17.2,,,0,,0,,0,,0,,0,,0,,0,,0,,0,,0,,1,,0,,1,,0,,1,,5,,5,,4,,6,,0,,1,,0,,0,,0,,0,,0,,0,,0,,0,,0,,0,,0,,0,,0,,0,,0,,0,,0,,,190,,,7.3,2009-05-07T22:18:00,,,0.0,,0.0,,0.0,,0.0,,0.0,,0.0,,0.0,,0.0,,0.0,,0.0,,2.7,,0.0,,2.2,,0.0,,5.2,,21.1,,21.2,,15.6,,30.9,,0.0,,1.8,,0.0,,0.0,,0.0,,0.0,,0.0,,0.0,,0.0,,0.0,,0.0,,0.0,,0.0,,0.0,,0.0,,0.0,,0.0,,0.0,,0.0,
2009-05-08,918.8,1488.7,920.3,2009-05-08T08:56:00,917.2,2009-05-08T03:14:00,17.3,22.2,2009-05-08T13:48:00,13.6,2009-05-08T02:50:00,5.3,46,36,2009-05-08T05:45:00,3.8,180,14.0,130,2009-05-08T00:26:00,0.0,0.0,0.0,,0.0,,11.1,84.2,31.49,6.7,,,,,,,,,,,,,0.0,,10.8,2009-05-08T13:29:00,,,,0.0,2009-05-08T05:39:00,,,,,,,4.2,2009-05-08T13:00:00,,,,,,,,,,,,,,67,2009-05-08T02:10:00,,,,,,1504.2,2009-05-08T12:03:00,,,,1472.9,2009-05-08T03:22:00,,,,,,,,,,,,,,,,,,,8.6,,,,,,,20.0,,,0,,0,,0,,0,,0,,0,,0,,0,,0,,0,,0,,0,,0,,1,,3,,2,,3,,4,,6,,4,,1,,0,,0,,0,,0,,0,,0,,0,,0,,0,,0,,0,,0,,0,,0,,0,,0,,0,,,190,,,5.6,2009-05-08T02:05:00,,,0.0,,0.0,,0.0,,0.0,,0.0,,0.0,,0.0,,0.0,,0.0,,0.0,,0.0,,0.0,,0.0,,2.2,,11.0,,6.5,,11.6,,16.1,,23.5,,15.9,,4.3,,0.0,,0.0,,0.0,,0.0,,0.0,,0.0,,0.0,,0.0,,0.0,,0.0,,0.0,,0.0,,0.0,,0.0,,0.0,,0.0,,0.0,
2009-05-09,919.2,1495.4,920.6,2009-05-09T08:54:00,917.7,2009-05-09T15:42:00,18.5,25.0,2009-05-09T13:23:00,12.3,2009-05-09T02:27:00,11.5,65,45,2009-05-09T00:01:00,1.3,210,7.6,190,2009-05-09T01:01:00,0.0,0.0,0.0,,0.0,,11.3,85.6,29.59,4.0,,,,,,,,,,,,,1.0,,15.8,2009-05-09T10:49:00,,,,3.1,2009-05-09T00:01:00,,,,,,,4.02,2009-05-09T13:00:00,,,,,,,,,,,,,,83,2009-05-09T05:30:00,,,,,,1509.1,2009-05-09T09:55:00,,,,1482.1,2009-05-09T16:05:00,,,,,,,,,,,,,,,,,,,12.7,,,,,,,13.5,,,3,,0,,0,,0,,0,,0,,0,,0,,0,,0,,0,,0,,0,,2,,1,,1,,0,,1,,2,,4,,2,,5,,0,,0,,0,,0,,0,,0,,0,,0,,0,,0,,0,,0,,0,,3,,0,,0,,,190,,,4.1,2009-05-09T00:57:00,,,0.1,,0.0,,0.0,,0.0,,0.0,,0.0,,0.0,,0.0,,0.0,,0.0,,0.0,,0.0,,0.0,,4.6,,1.8,,1.5,,0.0,,1.6,,2.8,,7.9,,2.9,,4.2,,0.0,,0.0,,0.0,,0.0,,0.0,,0.0,,0.0,,0.0,,0.0,,0.0,,0.0,,0.0,,0.0,,4.3,,0.0,,0.0,
2009-05-10,919.6,1500.1,921.0,2009-05-10T09:53:00,918.6,2009-05-10T03:09:00,18.7,24.0,2009-05-10T10:33:00,13.9,2009-05-10T01:09:00,14.4,76,61,2009-05-10T23:58:00,1.6,340,6.3,340,2009-05-10T13:26:00,0.0,0.0,0.0,,0.0,,6.8,51.4,22.46,3.1,,,,,,,,,,,,,2.0,,18.8,2009-05-10T11:22:00,,,,9.3,2009-05-10T23:57:00,,,,,,,3.49,2009-05-10T13:00:00,,,,,,,,,,,,,,87,2009-05-10T04:08:00,,,,,,1514.6,2009-05-10T10:15:00,,,,1489.2,2009-05-10T18:13:00,,,,,,,,,,,,,,,,,,,10.1,,,,,,,11.0,,,4,,0,,0,,0,,0,,0,,0,,0,,0,,0,,0,,0,,0,,0,,0,,1,,0,,2,,4,,0,,2,,0,,0,,1,,0,,0,,0,,0,,1,,0,,0,,1,,1,,0,,4,,3,,0,,0,,,350,,,4.7,2009-05-10T12:40:00,,,0.2,,0.0,,0.0,,0.0,,0.0,,0.0,,0.0,,0.0,,0.0,,0.0,,0.0,,0.0,,0.0,,0.0,,0.0,,1.5,,0.0,,4.2,,6.5,,0.0,,1.1,,0.0,,0.0,,0.7,,0.0,,0.0,,0.0,,0.0,,2.1,,0.0,,0.0,,1.5,,1.2,,0.0,,15.0,,5.0,,0.0,,0.0,
2009-05-11,920.0,1503.7,921.3,2009-05-11T09:30:00,918.3,2009-05-11T03:04:00,19.2,23.4,2009-05-11T09:51:00,15.5,2009-05-11T00:34:00,13.7,71,40,2009-05-11T23:20:00,1.0,350,7.6,340,2009-05-11T12:18:00,0.0,0.0,0.0,,0.0,,9.4,71.0,25.45,2.7,,,,,,,,,,,,,1.7,,19.0,2009-05-11T09:52:00,,,,4.5,2009-05-11T23:20:00,,,,,,,3.73,2009-05-11T13:00:00,,,,,,,,,,,,,,87,2009-05-11T06:23:00,,,,,,1518.4,2009-05-11T09:51:00,,,,1486.9,2009-05-11T03:04:00,,,,,,,,,,,,,,,,,,,7.9,,,,,,,10.8,,,10,,1,,0,,0,,0,,0,,0,,0,,0,,0,,0,,0,,0,,1,,0,,0,,0,,0,,2,,0,,1,,0,,0,,0,,0,,0,,0,,1,,0,,1,,0,,0,,1,,2,,0,,4,,0,,0,,,340,,,4.1,2009-05-11T11:43:00,,,0.4,,1.5,,0.0,,0.0,,0.0,,0.0,,0.0,,0.0,,0.0,,0.0,,0.0,,0.0,,0.0,,0.9,,0.0,,0.0,,0.0,,0.0,,1.9,,0.0,,0.3,,0.0,,0.0,,0.0,,0.0,,0.0,,0.0,,0.4,,0.0,,1.1,,0.0,,0.0,,2.4,,2.7,,0.0,,12.2,,0.0,,0.0,
2009-05-12,919.2,1500.3,920.8,2009-05-12T08:22:00,917.4,2009-05-12T16:04:00,20.7,25.4,2009-05-12T12:15:00,15.7,2009-05-12T04:52:00,14.5,68,34,2009-05-12T01:42:00,1.7,340,8.2,360,2009-05-12T12:47:00,0.0,0.0,0.0,,0.0,,11.3,85.2,29.24,6.5,,,,,,,,,,,,,0.2,,18.9,2009-05-12T10:48:00,,,,2.0,2009-05-12T01:28:00,,,,,,,4.02,2009-05-12T12:00:00,,,,,,,,,,,,,,84,2009-05-12T19:44:00,,,,,,1517.3,2009-05-12T09:46:00,,,,1481.1,2009-05-12T17:11:00,,,,,,,,,,,,,,,,,,,9.7,,,,,,,14.7,,,3,,1,,0,,0,,1,,0,,0,,0,,0,,0,,0,,0,,0,,0,,0,,1,,0,,0,,0,,2,,1,,0,,0,,0,,1,,0,,0,,1,,0,,0,,0,,0,,3,,0,,5,,4,,1,,0,,,350,,,4.9,2009-05-12T12:49:00,,,0.4,,2.8,,0.0,,0.0,,0.5,,0.0,,0.0,,0.0,,0.0,,0.0,,0.0,,0.0,,0.0,,0.0,,0.0,,1.2,,0.0,,0.0,,0.0,,1.6,,0.3,,0.0,,0.0,,0.0,,1.0,,0.0,,0.0,,2.5,,0.0,,0.0,,0.0,,0.0,,4.7,,0.0,,13.2,,9.6,,2.3,,0.0,
2009-05-13,919.9,1504.1,921.1,2009-05-13T10:27:00,918.6,2009-05-13T00:56:00,18.8,23.4,2009-05-13T11:08:00,15.8,2009-05-13T03:38:00,16.5,87,67,2009-05-13T00:05:00,2.0,350,8.1,80,2009-05-13T21:43:00,0.0,0.0,0.0,,0.0,,4.2,31.6,16.5,2.1,,,,,,,,,,,,,7.0,,19.6,2009-05-13T11:09:00,,,,12.5,2009-05-13T04:51:00,,,,,,,2.54,2009-05-13T14:00:00,,,,,,,,,,,,,,100,2009-05-13T19:06:00,,,,,,1518.8,2009-05-13T09:14:00,,,,1489.4,2009-05-13T16:05:00,,,,,,,,,,,,,,,,,,,7.6,,,,,,,8.1,,,3,,0,,1,,0,,0,,2,,2,,3,,1,,0,,0,,1,,0,,0,,0,,0,,0,,0,,0,,1,,0,,0,,0,,0,,0,,0,,0,,0,,0,,0,,0,,0,,1,,0,,2,,4,,1,,2,,,70,,,4.6,2009-05-13T22:02:00,,,0.1,,0.0,,1.3,,0.0,,0.0,,5.2,,4.8,,11.4,,3.2,,0.0,,0.0,,0.8,,0.0,,0.0,,0.0,,0.0,,0.0,,0.0,,0.0,,0.3,,0.0,,0.0,,0.0,,0.0,,0.0,,0.0,,0.0,,0.0,,0.0,,0.0,,0.0,,0.0,,0.9,,0.0,,7.1,,10.2,,0.5,,1.6,
2009-05-14,920.3,1505.6,921.8,2009-05-14T22:06:00,919.0,2009-05-14T02:54:00,18.4,23.3,2009-05-14T13:30:00,15.5,2009-05-14T02:51:00,14.2,79,27,2009-05-14T22:36:00,1.3,190,8.9,90,2009-05-14T01:40:00,0.0,0.0,0.0,,0.0,,8.0,60.2,22.11,3.0,,,,,,,,,,,,,3.2,,19.0,2009-05-14T07:10:00,,,,0.2,2009-05-14T22:36:00,,,,,,,3.73,2009-05-14T11:00:00,,,,,,,,,,,,,,100,2009-05-14T01:12:00,,,,,,1525.4,2009-05-14T22:45:00,,,,1492.0,2009-05-14T02:54:00,,,,,,,,,,,,,,,,,,,7.8,,,,,,,11.2,,,1,,1,,0,,0,,0,,0,,0,,1,,0,,0,,1,,0,,1,,0,,2,,1,,0,,3,,1,,5,,3,,0,,2,,1,,0,,0,,0,,0,,0,,0,,0,,0,,0,,0,,0,,0,,0,,1,,,70,,,4.5,2009-05-14T00:33:00,,,0.2,,0.5,,0.0,,0.0,,0.0,,0.0,,0.0,,4.1,,0.0,,0.0,,2.0,,0.0,,0.7,,0.0,,2.5,,1.1,,0.0,,3.2,,0.6,,5.5,,4.7,,0.0,,4.2,,1.9,,0.0,,0.0,,0.0,,0.0,,0.0,,0.0,,0.0,,0.0,,0.0,,0.0,,0.0,,0.0,,0.0,,0.9,
2009-05-15,920.9,1517.1,922.0,2009-05-15T22:20:00,919.8,2009-05-15T15:12:00,21.4,26.8,2009-05-15T12:01:00,17.2,2009-05-15T05:18:00,16.1,72,48,2009-05-15T00:08:00,1.3,180,7.6,340,2009-05-15T13:06:00,0.0,0.0,0.0,,0.0,,9.2,69.1,26.11,3.5,,,,,,,,,,,,,4.3,,19.9,2009-05-15T12:02:00,,,,7.0,2009-05-15T00:08:00,,,,,,,3.6,2009-05-15T12:00:00,,,,,,,,,,,,,,87,2009-05-15T21:51:00,,,,,,1530.7,2009-05-15T12:03:00,,,,1505.6,2009-05-15T17:15:00,,,,,,,,,,,,,,,,,,,9.6,,,,,,,12.8,,,11,,0,,0,,0,,0,,0,,0,,0,,0,,0,,0,,0,,0,,0,,0,,0,,1,,0,,5,,0,,1,,0,,0,,0,,0,,0,,0,,0,,0,,0,,0,,0,,0,,0,,1,,4,,1,,0,,,340,,,5.5,2009-05-15T13:08:00,,,0.3,,0.0,,0.0,,0.0,,0.0,,0.0,,0.0,,0.0,,0.0,,0.0,,0.0,,0.0,,0.0,,0.0,,0.0,,0.0,,2.1,,0.0,,8.3,,0.0,,0.5,,0.0,,0.0,,0.0,,0.0,,0.0,,0.0,,0.0,,0.0,,0.0,,0.0,,0.0,,0.0,,0.0,,3.7,,15.4,,1.2,,0.0,
2009-05-16,920.4,1514.4,921.8,2009-05-16T09:24:00,919.0,2009-05-16T17:03:00,22.1,26.7,2009-05-16T12:19:00,17.3,2009-05-16T03:07:00,18.1,79,53,2009-05-16T21:55:00,1.7,170,7.3,150,2009-05-16T23:55:00,0.0,0.0,0.0,,0.0,,10.3,77.2,26.58,3.3,,,,,,,,,,,,,1.5,,21.5,2009-05-16T10:06:00,,,,13.6,2009-05-16T21:56:00,,,,,,,3.63,2009-05-16T12:00:00,,,,,,,,,,,,,,92,2009-05-16T06:28:00,,,,,,1529.6,2009-05-16T12:03:00,,,,1497.3,2009-05-16T18:04:00,,,,,,,,,,,,,,,,,,,9.4,,,,,,,6.7,,,0,,0,,0,,0,,0,,0,,0,,0,,0,,0,,1,,0,,2,,0,,2,,2,,4,,4,,4,,2,,0,,0,,0,,0,,0,,0,,0,,0,,0,,1,,0,,0,,0,,0,,0,,1,,1,,0,,,150,,,3.5,2009-05-16T22:52:00,,,0.0,,0.0,,0.0,,0.0,,0.0,,0.0,,0.0,,0.0,,0.0,,0.0,,0.6,,0.0,,4.0,,0.0,,4.7,,4.6,,7.2,,7.5,,6.7,,3.4,,0.0,,0.0,,0.0,,0.0,,0.0,,0.0,,0.0,,0.0,,0.0,,1.2,,0.0,,0.0,,0.0,,0.0,,0.0,,1.6,,0.3,,0.0,
2009-05-17,920.0,1511.5,921.2,2009-05-17T09:13:00,918.8,2009-05-17T02:13:00,21.6,25.3,2009-05-17T14:23:00,19.0,2009-05-17T21:24:00,17.7,79,48,2009-05-17T03:26:00,1.8,340,11.9,10,2009-05-17T07:08:00,0.0,0.0,0.0,,0.0,,0.1,0.7,9.0,1.8,,,,,,,,,,,,,9.3,,21.2,2009-05-17T14:24:00,,,,13.3,2009-05-17T03:26:00,,,,,,,1.41,2009-05-17T11:00:00,,,,,,,,,,,,,,89,2009-05-17T23:03:00,,,,,,1523.8,2009-05-17T09:55:00,,,,1502.2,2009-05-17T16:52:00,,,,,,,,,,,,,,,,,,,6.3,,,,,,,8.3,,,2,,1,,0,,1,,2,,1,,1,,0,,0,,0,,1,,1,,2,,1,,0,,2,,1,,0,,1,,1,,0,,0,,0,,0,,0,,0,,0,,0,,0,,0,,0,,0,,1,,0,,2,,1,,1,,1,,,10,,,4.3,2009-05-17T10:12:00,,,0.1,,1.6,,0.0,,1.3,,4.8,,1.1,,1.1,,0.0,,0.0,,0.0,,1.2,,1.9,,4.2,,3.0,,0.0,,4.0,,2.3,,0.0,,1.8,,0.8,,0.0,,0.0,,0.0,,0.0,,0.0,,0.0,,0.0,,0.0,,0.0,,0.0,,0.0,,0.0,,0.9,,0.0,,5.6,,2.0,,3.4,,2.5,
2009-05-18,919.2,1498.8,920.4,2009-05-18T09:37:00,917.9,2009-05-18T15:21:00,19.3,21.1,2009-05-18T13:17:00,18.2,2009-05-18T18:15:00,18.4,94,83,2009-05-18T13:16:00,2.0,190,8.9,60,2009-05-18T11:35:00,4.5,1.5,1.5,2009-05-18T21:07:00,4.5,2009-05-18T20:50:00,0.0,0.0,9.03,-1.1,,,,,,,,,,,,,10.0,,20.2,2009-05-18T08:14:00,,,,16.7,2009-05-18T16:09:00,,,,,,,1.52,2009-05-18T12:00:00,,,,,,,,,,,,,,100,2009-05-18T03:16:00,,,,,,1510.3,2009-05-18T00:09:00,,,,1484.4,2009-05-18T16:19:00,,,,,,,,,,,,,,,,,,,2.9,,,,,,,0.3,,,1,,0,,0,,0,,0,,0,,2,,3,,2,,1,,0,,0,,2,,1,,0,,0,,1,,2,,1,,5,,1,,1,,1,,0,,0,,0,,0,,0,,0,,0,,0,,0,,0,,0,,0,,0,,0,,0,,,70,,,4.9,2009-05-18T12:04:00,,,0.0,,0.0,,0.0,,0.0,,0.0,,0.0,,6.1,,11.4,,6.1,,2.8,,0.0,,0.0,,5.1,,3.0,,0.0,,0.0,,0.9,,2.4,,1.3,,5.5,,0.3,,1.4,,1.1,,0.0,,0.0,,0.0,,0.0,,0.0,,0.0,,0.0,,0.0,,0.0,,0.0,,0.0,,0.0,,0.0,,0.0,,0.0,
2009-05-19,918.8,1494.2,920.0,2009-05-19T21:46:00,917.8,2009-05-19T04:11:00,19.7,21.3,2009-05-19T14:50:00,18.8,2009-05-19T06:26:00,18.3,92,83,2009-05-19T17:46:00,0.9,180,6.5,360,2009-05-19T13:19:00,0.5,0.7,0.2,2009-05-19T02:10:00,0.5,2009-05-19T02:10:00,0.0,0.0,4.18,0.5,,,,,,,,,,,,,10.0,,19.5,2009-05-19T05:23:00,,,,17.0,2009-05-19T20:31:00,,,,,,,0.57,2009-05-19T17:00:00,,,,,,,,,,,,,,100,2009-05-19T03:54:00,,,,,,1505.9,2009-05-19T21:47:00,,,,1483.5,2009-05-19T04:11:00,,,,,,,,,,,,,,,,,,,2.5,,,,,,,3.8,,,9,,0,,1,,0,,0,,0,,0,,0,,0,,0,,0,,0,,0,,0,,1,,0,,0,,2,,4,,2,,0,,0,,0,,0,,1,,0,,0,,0,,1,,0,,1,,0,,0,,0,,1,,1,,0,,0,,,360,,,4.1,2009-05-19T13:28:00,,,1.0,,0.0,,1.6,,0.0,,0.0,,0.0,,0.0,,0.0,,0.0,,0.0,,0.0,,0.0,,0.0,,0.0,,0.7,,0.0,,0.0,,2.8,,9.2,,2.2,,0.0,,0.0,,0.0,,0.0,,0.8,,0.0,,0.0,,0.0,,0.8,,0.0,,0.3,,0.0,,0.0,,0.0,,1.3,,0.7,,0.0,,0.0,
2009-05-20,918.3,1492.1,919.9,2009-05-20T22:10:00,917.3,2009-05-20T03:40:00,20.8,25.4,2009-05-20T09:59:00,18.7,2009-05-20T02:09:00,19.4,92,78,2009-05-20T10:55:00,1.7,180,7.0,190,2009-05-20T07:37:00,0.0,0.0,0.0,,0.0,,2.3,17.2,14.77,1.8,,,,,,,,,,,,,9.5,,22.3,2009-05-20T10:00:00,,,,17.5,2009-05-20T00:01:00,,,,,,,2.59,2009-05-20T12:00:00,,,,,,,,,,,,,,100,2009-05-20T03:10:00,,,,,,1511.9,2009-05-20T22:10:00,,,,1481.1,2009-05-20T03:50:00,,,,,,,,,,,,,,,,,,,6.7,,,,,,,6.6,,,2,,0,,0,,0,,0,,0,,0,,0,,0,,0,,0,,0,,0,,2,,0,,1,,1,,1,,8,,1,,0,,1,,0,,0,,0,,0,,0,,0,,0,,0,,1,,0,,1,,0,,3,,1,,0,,1,,,180,,,4.2,2009-05-20T07:27:00,,,0.2,,0.0,,0.0,,0.0,,0.0,,0.0,,0.0,,0.0,,0.0,,0.0,,0.0,,0.0,,0.0,,1.6,,0.0,,1.0,,2.8,,1.6,,15.6,,0.7,,0.0,,1.4,,0.0,,0.0,,0.0,,0.0,,0.0,,0.0,,0.0,,0.0,,1.6,,0.0,,1.6,,0.0,,9.3,,2.0,,0.0,,0.6,
2009-05-21,920.4,1514.2,921.7,2009-05-21T22:11:00,918.1,2009-05-21T02:18:00,22.2,27.3,2009-05-21T12:44:00,20.1,2009-05-21T23:16:00,18.7,81,62,2009-05-21T23:52:00,1.6,170,9.2,110,2009-05-21T09:59:00,0.0,0.0,0.0,,0.0,,2.0,14.9,13.19,1.6,,,,,,,,,,,,,7.7,,22.7,2009-05-21T12:38:00,,,,14.6,2009-05-21T23:53:00,,,,,,,2.44,2009-05-21T13:00:00,,,,,,,,,,,,,,90,2009-05-21T14:33:00,,,,,,1531.9,2009-05-21T12:03:00,,,,1491.1,2009-05-21T02:18:00,,,,,,,,,,,,,,,,,,,7.2,,,,,,,9.2,,,2,,0,,1,,1,,0,,0,,2,,0,,1,,1,,0,,0,,2,,2,,0,,1,,1,,3,,0,,2,,0,,0,,1,,0,,0,,0,,0,,0,,0,,0,,0,,0,,0,,1,,2,,1,,0,,0,,,350,,,5.1,2009-05-21T14:40:00,,,0.2,,0.0,,2.9,,1.8,,0.0,,0.0,,1.9,,0.0,,1.8,,1.4,,0.0,,0.0,,3.6,,2.4,,0.0,,1.9,,2.1,,2.7,,0.0,,4.0,,0.0,,0.0,,1.4,,0.0,,0.0,,0.0,,0.0,,0.0,,0.0,,0.0,,0.0,,0.0,,0.0,,2.0,,4.7,,4.0,,0.0,,0.0,
2009-05-22,921.3,1522.9,922.9,2009-05-22T09:51:00,920.0,2009-05-22T15:51:00,21.9,25.8,2009-05-22T13:11:00,19.5,2009-05-22T01:55:00,19.4,86,61,2009-05-22T00:11:00,1.5,340,5.9,350,2009-05-22T06:43:00,0.0,0.0,0.0,,0.0,,2.6,19.4,10.29,1.2,,,,,,,,,,,,,7.0,,22.9,2009-05-22T13:01:00,,,,14.7,2009-05-22T00:01:00,,,,,,,1.56,2009-05-22T08:00:00,,,,,,,,,,,,,,92,2009-05-22T11:57:00,,,,,,1539.5,2009-05-22T09:06:00,,,,1510.3,2009-05-22T17:26:00,,,,,,,,,,,,,,,,,,,6.3,,,,,,,10.9,,,8,,0,,0,,0,,0,,0,,0,,0,,0,,0,,0,,0,,0,,0,,0,,0,,0,,0,,3,,0,,1,,0,,0,,0,,1,,0,,0,,0,,0,,0,,0,,0,,0,,0,,6,,5,,0,,0,,,350,,,4.8,2009-05-22T06:48:00,,,0.7,,0.0,,0.0,,0.0,,0.0,,0.0,,0.0,,0.0,,0.0,,0.0,,0.0,,0.0,,0.0,,0.0,,0.0,,0.0,,0.0,,0.0,,2.5,,0.0,,0.3,,0.0,,0.0,,0.0,,0.4,,0.0,,0.0,,0.0,,0.0,,0.0,,0.0,,0.0,,0.0,,0.0,,19.2,,13.1,,0.0,,0.0,
2009-05-23,920.0,1510.9,921.1,2009-05-23T00:01:00,918.5,2009-05-23T16:57:00,21.6,26.7,2009-05-23T11:15:00,19.0,2009-05-23T21:21:00,19.5,88,80,2009-05-23T11:14:00,1.5,350,7.7,350,2009-05-23T14:09:00,0.0,0.0,0.0,,0.0,,2.7,20.1,13.26,-0.7,,,,,,,,,,,,,9.7,,23.2,2009-05-23T11:16:00,,,,16.7,2009-05-23T21:22:00,,,,,,,2.84,2009-05-23T13:00:00,,,,,,,,,,,,,,98,2009-05-23T23:40:00,,,,,,1522.5,2009-05-23T22:31:00,,,,1495.4,2009-05-23T16:57:00,,,,,,,,,,,,,,,,,,,7.7,,,,,,,2.6,,,6,,1,,0,,0,,0,,0,,0,,1,,0,,0,,0,,0,,0,,0,,0,,2,,0,,2,,1,,0,,0,,0,,0,,0,,0,,0,,0,,0,,1,,0,,1,,0,,0,,0,,3,,4,,1,,1,,,340,,,5.4,2009-05-23T14:00:00,,,0.2,,0.3,,0.0,,0.0,,0.0,,0.0,,0.0,,2.5,,0.0,,0.0,,0.0,,0.0,,0.0,,0.0,,0.0,,1.4,,0.0,,2.5,,1.2,,0.0,,0.0,,0.0,,0.0,,0.0,,0.0,,0.0,,0.0,,0.0,,0.7,,0.0,,1.6,,0.0,,0.0,,0.0,,13.3,,10.8,,0.3,,1.0,
2009-05-24,920.4,1509.7,921.7,2009-05-24T21:12:00,919.1,2009-05-24T03:18:00,18.8,20.3,2009-05-24T06:42:00,17.3,2009-05-24T17:32:00,18.3,97,87,2009-05-24T04:57:00,2.3,80,12.4,70,2009-05-24T17:25:00,0.5,3.8,0.5,2009-05-24T09:29:00,0.5,2009-05-24T08:39:00,0.0,0.0,5.12,-0.5,,,,,,,,,,,,,7.0,,19.8,2009-05-24T07:52:00,,,,17.1,2009-05-24T21:02:00,,,,,,,0.89,2009-05-24T12:00:00,,,,,,,,,,,,,,100,2009-05-24T08:05:00,,,,,,1520.3,2009-05-24T09:36:00,,,,1498.5,2009-05-24T15:55:00,,,,,,,,,,,,,,,,,,,3.0,,,,,,,1.3,,,2,,0,,0,,0,,0,,0,,1,,4,,5,,3,,0,,0,,3,,0,,1,,0,,1,,0,,2,,0,,0,,1,,0,,1,,0,,0,,0,,0,,0,,0,,0,,0,,0,,0,,0,,0,,0,,0,,,80,,,6.2,2009-05-24T19:45:00,,,0.4,,0.0,,0.0,,0.0,,0.0,,0.0,,1.0,,16.5,,18.2,,6.8,,0.0,,0.0,,5.8,,0.0,,1.6,,0.0,,0.7,,0.0,,1.6,,0.0,,0.0,,1.1,,0.0,,1.1,,0.0,,0.0,,0.0,,0.0,,0.0,,0.0,,0.0,,0.0,,0.0,,0.0,,0.0,,0.0,,0.0,,0.0,
2009-05-25,919.8,1501.1,921.1,2009-05-25T08:18:00,918.4,2009-05-25T17:07:00,18.5,19.6,2009-05-25T13:11:00,17.3,2009-05-25T04:57:00,17.5,94,89,2009-05-25T09:59:00,3.4,70,12.6,60,2009-05-25T09:58:00,0.0,0.0,0.0,,0.0,,0.1,0.7,13.4,1.7,,,,,,,,,,,,,10.0,,18.8,2009-05-25T06:57:00,,,,16.6,2009-05-25T09:38:00,,,,,,,2.21,2009-05-25T11:00:00,,,,,,,,,,,,,,100,2009-05-25T00:35:00,,,,,,1513.3,2009-05-25T00:07:00,,,,1487.2,2009-05-25T17:07:00,,,,,,,,,,,,,,,,,,,2.3,,,,,,,2.9,,,0,,0,,0,,0,,0,,0,,1,,5,,1,,2,,2,,1,,2,,0,,3,,1,,0,,3,,0,,3,,0,,0,,0,,0,,0,,0,,0,,0,,0,,0,,0,,0,,0,,0,,0,,0,,0,,0,,,70,,,6.9,2009-05-25T08:53:00,,,0.0,,0.0,,0.0,,0.0,,0.0,,0.0,,5.2,,26.3,,3.8,,7.3,,6.6,,2.1,,5.4,,0.0,,6.7,,2.7,,0.0,,8.2,,0.0,,7.2,,0.0,,0.0,,0.0,,0.0,,0.0,,0.0,,0.0,,0.0,,0.0,,0.0,,0.0,,0.0,,0.0,,0.0,,0.0,,0.0,,0.0,,0.0,
2009-05-26,918.2,1489.6,919.6,2009-05-26T08:45:00,916.6,2009-05-26T16:11:00,19.7,22.8,2009-05-26T11:42:00,16.2,2009-05-26T23:47:00,17.9,90,78,2009-05-26T10:45:00,3.4,350,14.8,350,2009-05-26T23:25:00,9.0,9.6,1.0,2009-05-26T16:51:00,2.5,2009-05-26T18:10:00,0.0,0.0,4.4,-0.7,,,,,,,,,,,,,10.0,,19.8,2009-05-26T15:46:00,,,,16.2,2009-05-26T23:47:00,,,,,,,1.14,2009-05-26T12:00:00,,,,,,,,,,,,,,100,2009-05-26T15:51:00,,,,,,1502.1,2009-05-26T08:47:00,,,,1473.8,2009-05-26T16:54:00,,,,,,,,,,,,,,,,,,,6.6,,,,,,,6.6,,,0,,2,,0,,0,,2,,0,,0,,0,,1,,1,,0,,0,,2,,0,,1,,0,,0,,0,,0,,0,,0,,0,,0,,0,,0,,0,,0,,0,,0,,0,,0,,0,,0,,1,,4,,6,,3,,1,,,350,,,8.9,2009-05-26T23:42:00,,,0.0,,8.9,,0.0,,0.0,,2.6,,0.0,,0.0,,0.0,,0.5,,1.1,,0.0,,0.0,,1.8,,0.0,,1.8,,0.0,,0.0,,0.0,,0.0,,0.0,,0.0,,0.0,,0.0,,0.0,,0.0,,0.0,,0.0,,0.0,,0.0,,0.0,,0.0,,0.0,,0.0,,1.5,,19.6,,27.7,,16.0,,0.6,
2009-05-27,918.4,1483.0,919.6,2009-05-27T21:47:00,916.9,2009-05-27T03:34:00,15.6,17.1,2009-05-27T12:18:00,14.5,2009-05-27T07:54:00,13.8,90,58,2009-05-27T19:50:00,2.6,70,14.7,330,2009-05-27T05:18:00,4.5,8.5,0.5,2009-05-27T00:55:00,1.5,2009-05-27T00:55:00,0.0,0.0,7.29,0.7,,,,,,,,,,,,,9.7,,16.5,2009-05-27T01:23:00,,,,7.8,2009-05-27T19:50:00,,,,,,,1.2,2009-05-27T15:00:00,,,,,,,,,,,,,,100,2009-05-27T00:01:00,,,,,,1493.5,2009-05-27T09:30:00,,,,1470.9,2009-05-27T18:02:00,,,,,,,,,,,,,,,,,,,2.6,,,,,,,8.0,,,1,,3,,0,,0,,0,,0,,0,,3,,0,,0,,0,,0,,0,,0,,1,,1,,1,,1,,0,,0,,1,,0,,1,,0,,1,,2,,0,,0,,0,,0,,2,,0,,0,,3,,1,,1,,0,,1,,,350,,,7.7,2009-05-27T05:20:00,,,0.0,,5.8,,0.0,,0.0,,0.0,,0.0,,0.0,,15.0,,0.0,,0.0,,0.0,,0.0,,0.0,,0.0,,2.7,,2.6,,2.0,,2.4,,0.0,,0.0,,1.6,,0.0,,1.1,,0.0,,0.5,,2.7,,0.0,,0.0,,0.0,,0.0,,3.0,,0.0,,0.0,,13.2,,6.0,,3.0,,0.0,,1.3,
2009-05-28,919.0,1488.5,920.2,2009-05-28T22:23:00,918.0,2009-05-28T04:08:00,16.4,20.4,2009-05-28T15:29:00,14.7,2009-05-28T23:14:00,12.4,78,36,2009-05-28T16:02:00,3.1,70,12.3,40,2009-05-28T02:51:00,0.0,0.0,0.0,,0.0,,0.0,0.0,10.16,1.9,,,,,,,,,,,,,9.3,,14.5,2009-05-28T10:36:00,,,,3.3,2009-05-28T16:03:00,,,,,,,1.35,2009-05-28T11:00:00,,,,,,,,,,,,,,88,2009-05-28T02:27:00,,,,,,1499.4,2009-05-28T22:23:00,,,,1478.8,2009-05-28T04:08:00,,,,,,,,,,,,,,,,,,,5.7,,,,,,,9.7,,,0,,0,,3,,2,,0,,2,,6,,7,,0,,0,,0,,0,,0,,0,,0,,0,,0,,0,,1,,0,,0,,0,,0,,0,,0,,0,,0,,0,,0,,0,,0,,0,,0,,0,,0,,0,,2,,1,,,70,,,6.1,2009-05-28T14:22:00,,,0.0,,0.0,,6.3,,4.8,,0.0,,8.7,,21.9,,26.6,,0.0,,0.0,,0.0,,0.0,,0.0,,0.0,,0.0,,0.0,,0.0,,0.0,,1.9,,0.0,,0.0,,0.0,,0.0,,0.0,,0.0,,0.0,,0.0,,0.0,,0.0,,0.0,,0.0,,0.0,,0.0,,0.0,,0.0,,0.0,,3.4,,1.3,
2009-05-29,918.8,1488.0,919.8,2009-05-29T08:40:00,917.6,2009-05-29T14:13:00,17.1,21.3,2009-05-29T12:32:00,13.9,2009-05-29T03:56:00,10.4,67,34,2009-05-29T21:19:00,1.9,180,12.9,130,2009-05-29T11:58:00,0.0,0.0,0.0,,0.0,,8.9,65.8,26.24,4.4,,,,,,,,,,,,,3.3,,15.4,2009-05-29T09:34:00,,,,1.6,2009-05-29T23:56:00,,,,,,,3.6,2009-05-29T14:00:00,,,,,,,,,,,,,,86,2009-05-29T03:17:00,,,,,,1500.9,2009-05-29T21:32:00,,,,1477.5,2009-05-29T15:57:00,,,,,,,,,,,,,,,,,,,7.4,,,,,,,15.7,,,0,,0,,0,,1,,0,,1,,0,,0,,0,,0,,0,,0,,1,,0,,1,,0,,0,,3,,4,,2,,0,,3,,0,,1,,0,,1,,1,,0,,0,,0,,0,,0,,0,,0,,0,,0,,1,,4,,,170,,,4.6,2009-05-29T11:00:00,,,0.0,,0.0,,0.0,,3.0,,0.0,,1.2,,0.0,,0.0,,0.0,,0.0,,0.0,,0.0,,2.6,,0.0,,2.4,,0.0,,0.0,,9.8,,7.5,,2.8,,0.0,,4.9,,0.0,,0.9,,0.0,,0.9,,1.0,,0.0,,0.0,,0.0,,0.0,,0.0,,0.0,,0.0,,0.0,,0.0,,2.6,,4.9,
2009-05-30,917.9,1484.3,918.9,2009-05-30T00:06:00,916.9,2009-05-30T15:33:00,18.9,23.3,2009-05-30T11:12:00,14.5,2009-05-30T22:12:00,7.3,48,31,2009-05-30T02:35:00,3.1,340,14.4,340,2009-05-30T06:49:00,0.0,0.0,0.0,,0.0,,11.4,84.2,27.74,4.7,,,,,,,,,,,,,0.7,,12.1,2009-05-30T09:36:00,,,,0.3,2009-05-30T03:11:00,,,,,,,3.6,2009-05-30T13:00:00,,,,,,,,,,,,,,67,2009-05-30T21:21:00,,,,,,1494.4,2009-05-30T22:18:00,,,,1474.0,2009-05-30T16:59:00,,,,,,,,,,,,,,,,,,,8.8,,,,,,,12.3,,,1,,1,,0,,2,,0,,0,,0,,0,,0,,0,,0,,0,,0,,0,,0,,0,,0,,0,,0,,0,,0,,1,,0,,2,,0,,0,,0,,0,,0,,0,,1,,0,,0,,6,,8,,1,,1,,0,,,330,,,6.8,2009-05-30T05:57:00,,,0.0,,2.1,,0.0,,6.0,,0.0,,0.0,,0.0,,0.0,,0.0,,0.0,,0.0,,0.0,,0.0,,0.0,,0.0,,0.0,,0.0,,0.0,,0.0,,0.0,,0.0,,1.2,,0.0,,2.2,,0.0,,0.0,,0.0,,0.0,,0.0,,0.0,,2.0,,0.0,,0.0,,26.0,,31.4,,1.7,,2.2,,0.0,
2009-05-31,917.0,1477.9,918.4,2009-05-31T07:00:00,915.7,2009-05-31T15:59:00,20.0,24.5,2009-05-31T11:27:00,14.4,2009-05-31T02:31:00,5.7,39,29,2009-05-31T19:37:00,1.5,70,9.1,360,2009-05-31T12:28:00,0.0,0.0,0.0,,0.0,,9.3,68.7,27.2,5.5,,,,,,,,,,,,,2.8,,12.6,2009-05-31T10:38:00,,,,0.5,2009-05-31T00:34:00,,,,,,,3.6,2009-05-31T13:00:00,,,,,,,,,,,,,,51,2009-05-31T10:38:00,,,,,,1489.3,2009-05-31T12:03:00,,,,1462.5,2009-05-31T17:19:00,,,,,,,,,,,,,,,,,,,10.1,,,,,,,14.0,,,2,,1,,3,,2,,1,,0,,1,,3,,1,,0,,1,,1,,0,,0,,0,,0,,0,,0,,2,,3,,1,,0,,0,,0,,0,,0,,0,,0,,0,,1,,0,,0,,0,,0,,0,,0,,0,,1,,,70,,,4.0,2009-05-31T18:50:00,,,0.0,,1.2,,4.7,,2.8,,2.6,,0.0,,1.5,,8.9,,2.2,,0.0,,1.3,,1.1,,0.0,,0.0,,0.0,,0.0,,0.0,,0.0,,2.1,,4.6,,1.5,,0.0,,0.0,,0.0,,0.0,,0.0,,0.0,,0.0,,0.0,,0.5,,0.0,,0.0,,0.0,,0.0,,0.0,,0.0,,0.0,,1.5,
2009-06-01,916.0,1469.4,917.1,2009-06-01T08:32:00,915.1,2009-06-01T16:55:00,19.9,23.9,2009-06-01T10:18:00,17.2,2009-06-01T23:55:00,14.4,71,34,2009-06-01T00:17:00,1.7,170,6.9,240,2009-06-01T03:11:00,0.0,0.0,0.0,,0.0,,1.6,11.8,14.49,1.8,,,,,,,,,,,,,8.2,,18.6,2009-06-01T12:22:00,,,,4.7,2009-06-01T00:17:00,,,,,,,2.53,2009-06-01T11:00:00,,,,,,,,,,,,,,84,2009-06-01T12:35:00,,,,,,1480.8,2009-06-01T10:40:00,,,,1458.4,2009-06-01T17:14:00,,,,,,,,,,,,,,,,,,,6.7,,,,,,,8.3,,,3,,0,,0,,0,,0,,0,,0,,0,,0,,0,,0,,0,,0,,0,,0,,2,,0,,5,,5,,2,,0,,0,,1,,0,,0,,1,,0,,0,,0,,0,,0,,0,,1,,0,,1,,3,,0,,0,,,350,,,4.7,2009-06-01T14:19:00,,,0.3,,0.0,,0.0,,0.0,,0.0,,0.0,,0.0,,0.0,,0.0,,0.0,,0.0,,0.0,,0.0,,0.0,,0.0,,2.9,,0.0,,10.4,,7.1,,2.5,,0.0,,0.0,,0.9,,0.0,,0.0,,2.7,,0.0,,0.0,,0.0,,0.0,,0.0,,0.0,,0.4,,0.0,,3.9,,10.5,,0.0,,0.0,
2009-06-02,913.9,1449.4,915.5,2009-06-02T00:01:00,912.4,2009-06-02T16:28:00,20.0,25.4,2009-06-02T11:28:00,17.2,2009-06-02T00:07:00,17.6,86,67,2009-06-02T11:27:00,1.8,170,7.5,170,2009-06-02T21:20:00,3.5,5.4,1.0,2009-06-02T16:15:00,2.0,2009-06-02T16:18:00,2.5,18.4,12.79,-0.2,,,,,,,,,,,,,9.0,,19.9,2009-06-02T16:56:00,,,,13.8,2009-06-02T00:01:00,,,,,,,2.85,2009-06-02T11:00:00,,,,,,,,,,,,,,100,2009-06-02T15:26:00,,,,,,1463.3,2009-06-02T00:17:00,,,,1433.6,2009-06-02T16:28:00,,,,,,,,,,,,,,,,,,,8.2,,,,,,,4.2,,,0,,1,,2,,0,,0,,0,,1,,0,,1,,0,,0,,0,,1,,0,,0,,1,,1,,5,,1,,1,,1,,0,,0,,0,,0,,1,,0,,0,,0,,0,,0,,0,,0,,2,,2,,2,,0,,1,,,350,,,5.4,2009-06-02T13:10:00,,,0.0,,3.0,,2.5,,0.0,,0.0,,0.0,,0.3,,0.0,,1.1,,0.0,,0.0,,0.0,,0.7,,0.0,,0.0,,1.5,,1.3,,8.7,,0.9,,1.6,,1.8,,0.0,,0.0,,0.0,,0.0,,2.4,,0.0,,0.0,,0.0,,0.0,,0.0,,0.0,,0.0,,3.7,,4.6,,8.3,,0.0,,1.0,
2009-06-03,911.3,1426.7,912.9,2009-06-03T00:01:00,910.3,2009-06-03T16:15:00,21.1,24.6,2009-06-03T14:55:00,19.6,2009-06-03T00:02:00,18.9,87,73,2009-06-03T14:14:00,2.5,20,13.3,10,2009-06-03T08:58:00,0.0,0.0,0.0,,0.0,,1.4,10.3,7.23,-0.4,,,,,,,,,,,,,7.6,,20.5,2009-06-03T13:40:00,,,,17.8,2009-06-03T20:15:00,,,,,,,2.26,2009-06-03T14:00:00,,,,,,,,,,,,,,95,2009-06-03T11:50:00,,,,,,1443.5,2009-06-03T00:01:00,,,,1416.5,2009-06-03T04:16:00,,,,,,,,,,,,,,,,,,,5.0,,,,,,,8.2,,,0,,2,,4,,1,,1,,0,,1,,1,,0,,1,,0,,1,,1,,0,,0,,0,,1,,0,,0,,0,,1,,0,,0,,0,,0,,0,,0,,0,,0,,0,,0,,0,,0,,1,,2,,3,,2,,1,,,360,,,4.9,2009-06-03T15:31:00,,,0.0,,6.3,,11.4,,2.9,,1.2,,0.0,,1.6,,1.3,,0.0,,1.7,,0.0,,1.5,,1.1,,0.0,,0.0,,0.0,,1.1,,0.0,,0.0,,0.0,,1.4,,0.0,,0.0,,0.0,,0.0,,0.0,,0.0,,0.0,,0.0,,0.0,,0.0,,0.0,,0.0,,3.2,,7.7,,8.9,,6.2,,1.7,
2009-06-04,909.4,1407.7,910.9,2009-06-04T00:03:00,907.8,2009-06-04T15:55:00,19.4,21.1,2009-06-04T00:38:00,17.7,2009-06-04T20:09:00,19.1,98,85,2009-06-04T00:38:00,2.2,360,11.9,340,2009-06-04T12:18:00,121.0,20.4,6.0,2009-06-04T03:54:00,19.5,2009-06-04T07:28:00,0.0,0.0,0.42,-0.2,,,,,,,,,,,,,10.0,,20.4,2009-06-04T10:00:00,,,,17.4,2009-06-04T20:13:00,,,,,,,0.25,2009-06-04T15:00:00,,,,,,,,,,,,,,100,2009-06-04T03:58:00,,,,,,1422.7,2009-06-04T00:05:00,,,,1392.0,2009-06-04T15:55:00,,,,,,,,,,,,,,,,,,,3.4,,,,,,,7.8,,,5,,2,,0,,1,,0,,0,,0,,1,,0,,0,,0,,1,,0,,0,,0,,1,,1,,0,,3,,0,,0,,0,,0,,0,,0,,0,,0,,0,,0,,0,,0,,0,,1,,0,,2,,2,,3,,1,,,360,,,7.3,2009-06-04T12:01:00,,,0.3,,4.8,,0.0,,3.7,,0.0,,0.0,,0.0,,2.4,,0.0,,0.0,,0.0,,1.0,,0.0,,0.0,,0.0,,0.5,,1.3,,0.0,,7.4,,0.0,,0.0,,0.0,,0.0,,0.0,,0.0,,0.0,,0.0,,0.0,,0.0,,0.0,,0.0,,0.0,,3.0,,0.0,,6.5,,9.5,,12.6,,0.3,
2009-06-05,910.9,1420.3,912.6,2009-06-05T23:22:00,909.0,2009-06-05T01:45:00,20.1,24.2,2009-06-05T13:31:00,17.0,2009-06-05T00:17:00,12.8,69,23,2009-06-05T16:49:00,2.6,350,12.4,340,2009-06-05T03:12:00,4.0,6.5,1.0,2009-06-05T02:25:00,2.5,2009-06-05T01:50:00,8.2,60.3,26.01,4.2,,,,,,,,,,,,,4.8,,20.0,2009-06-05T14:01:00,,,,-0.1,2009-06-05T17:37:00,,,,,,,4.04,2009-06-05T12:00:00,,,,,,,,,,,,,,100,2009-06-05T05:47:00,,,,,,1441.5,2009-06-05T23:52:00,,,,1400.6,2009-06-05T01:45:00,,,,,,,,,,,,,,,,,,,7.2,,,,,,,7.3,,,0,,2,,0,,0,,0,,0,,0,,0,,0,,0,,0,,0,,1,,1,,0,,2,,3,,2,,0,,0,,0,,0,,0,,0,,1,,0,,0,,0,,0,,0,,0,,0,,0,,0,,2,,10,,0,,0,,,350,,,6.5,2009-06-05T02:58:00,,,0.0,,1.5,,0.0,,0.0,,0.0,,0.0,,0.0,,0.0,,0.0,,0.0,,0.0,,0.0,,1.4,,1.1,,0.0,,2.0,,3.4,,1.9,,0.0,,0.0,,0.0,,0.0,,0.0,,0.0,,0.7,,0.0,,0.0,,0.0,,0.0,,0.0,,0.0,,0.0,,0.0,,0.0,,8.8,,42.1,,0.0,,0.0,
2009-06-06,913.7,1450.2,916.1,2009-06-06T22:21:00,912.2,2009-06-06T04:30:00,21.1,26.5,2009-06-06T12:39:00,16.5,2009-06-06T02:32:00,15.0,70,38,2009-06-06T00:01:00,1.5,360,9.4,240,2009-06-06T03:48:00,0.0,0.0,0.0,,0.0,,9.6,70.6,26.4,3.7,,,,,,,,,,,,,2.5,,20.0,2009-06-06T10:56:00,,,,5.7,2009-06-06T00:01:00,,,,,,,3.6,2009-06-06T13:00:00,,,,,,,,,,,,,,89,2009-06-06T05:20:00,,,,,,1474.5,2009-06-06T22:30:00,,,,1434.0,2009-06-06T01:01:00,,,,,,,,,,,,,,,,,,,10.0,,,,,,,7.2,,,8,,0,,0,,0,,1,,0,,0,,0,,0,,0,,0,,0,,0,,0,,0,,0,,1,,1,,0,,0,,0,,1,,1,,1,,0,,0,,0,,1,,0,,0,,0,,0,,0,,1,,2,,3,,3,,0,,,350,,,5.2,2009-06-06T13:51:00,,,0.1,,0.0,,0.0,,0.0,,1.6,,0.0,,0.0,,0.0,,0.0,,0.0,,0.0,,0.0,,0.0,,0.0,,0.0,,0.0,,0.4,,3.2,,0.0,,0.0,,0.0,,2.7,,1.6,,4.2,,0.0,,0.0,,0.0,,1.5,,0.0,,0.0,,0.0,,0.0,,0.0,,1.3,,4.0,,6.6,,8.5,,0.0,
2009-06-07,916.3,1473.6,918.1,2009-06-07T22:31:00,915.1,2009-06-07T01:43:00,20.9,25.3,2009-06-07T13:13:00,16.4,2009-06-07T05:27:00,15.8,73,45,2009-06-07T03:28:00,1.6,350,6.9,50,2009-06-07T19:29:00,0.0,0.0,0.0,,0.0,,6.9,50.7,18.77,2.6,,,,,,,,,,,,,3.7,,21.1,2009-06-07T12:26:00,,,,6.8,2009-06-07T04:04:00,,,,,,,3.39,2009-06-07T14:00:00,,,,,,,,,,,,,,89,2009-06-07T07:27:00,,,,,,1491.3,2009-06-07T22:31:00,,,,1461.7,2009-06-07T02:39:00,,,,,,,,,,,,,,,,,,,8.9,,,,,,,7.7,,,3,,0,,0,,0,,0,,0,,2,,0,,0,,0,,0,,0,,0,,0,,1,,2,,2,,1,,3,,0,,0,,0,,0,,0,,0,,0,,1,,0,,0,,0,,0,,0,,1,,1,,1,,5,,1,,0,,,350,,,4.6,2009-06-07T13:38:00,,,0.4,,0.0,,0.0,,0.0,,0.0,,0.0,,8.0,,0.0,,0.0,,0.0,,0.0,,0.0,,0.0,,0.0,,1.5,,2.1,,3.1,,2.4,,2.4,,0.0,,0.0,,0.0,,0.0,,0.0,,0.0,,0.0,,1.1,,0.0,,0.0,,0.0,,0.0,,0.0,,0.9,,0.9,,0.8,,12.3,,2.4,,0.0,
2009-06-08,918.2,1491.1,919.2,2009-06-08T09:53:00,917.2,2009-06-08T02:29:00,20.5,25.6,2009-06-08T11:32:00,16.6,2009-06-08T01:54:00,16.5,78,62,2009-06-08T11:35:00,1.4,180,7.8,340,2009-06-08T13:22:00,0.0,0.0,0.0,,0.0,,6.7,49.2,21.38,2.5,,,,,,,,,,,,,5.2,,20.7,2009-06-08T12:40:00,,,,11.3,2009-06-08T04:47:00,,,,,,,2.91,2009-06-08T12:00:00,,,,,,,,,,,,,,85,2009-06-08T12:03:00,,,,,,1501.5,2009-06-08T11:07:00,,,,1481.3,2009-06-08T02:32:00,,,,,,,,,,,,,,,,,,,9.0,,,,,,,7.7,,,6,,0,,0,,0,,0,,0,,0,,0,,0,,0,,0,,0,,0,,0,,0,,0,,2,,2,,5,,1,,1,,2,,0,,0,,0,,0,,0,,0,,0,,0,,0,,1,,0,,0,,2,,2,,0,,0,,,350,,,5.7,2009-06-08T13:38:00,,,0.7,,0.0,,0.0,,0.0,,0.0,,0.0,,0.0,,0.0,,0.0,,0.0,,0.0,,0.0,,0.0,,0.0,,0.0,,0.0,,1.9,,2.9,,5.8,,2.1,,1.4,,1.2,,0.0,,0.0,,0.0,,0.0,,0.0,,0.0,,0.0,,0.0,,0.0,,1.7,,0.0,,0.0,,7.0,,8.0,,0.0,,0.0,
2009-06-09,918.1,1492.0,919.1,2009-06-09T09:13:00,917.1,2009-06-09T15:51:00,22.1,28.2,2009-06-09T12:36:00,16.7,2009-06-09T04:44:00,16.1,70,48,2009-06-09T12:41:00,1.4,340,8.4,350,2009-06-09T14:24:00,0.0,0.0,0.0,,0.0,,11.1,81.5,28.01,5.1,,,,,,,,,,,,,2.3,,20.4,2009-06-09T13:05:00,,,,11.9,2009-06-09T03:35:00,,,,,,,3.74,2009-06-09T12:00:00,,,,,,,,,,,,,,89,2009-06-09T05:14:00,,,,,,1507.3,2009-06-09T12:03:00,,,,1480.9,2009-06-09T16:44:00,,,,,,,,,,,,,,,,,,,11.5,,,,,,,8.0,,,4,,0,,1,,0,,0,,0,,0,,0,,0,,0,,0,,0,,0,,0,,1,,1,,3,,2,,2,,2,,0,,1,,0,,0,,0,,0,,0,,0,,0,,0,,0,,0,,0,,1,,3,,3,,0,,0,,,350,,,5.2,2009-06-09T14:26:00,,,0.4,,0.0,,0.7,,0.0,,0.0,,0.0,,0.0,,0.0,,0.0,,0.0,,0.0,,0.0,,0.0,,0.0,,0.5,,1.4,,5.0,,2.1,,1.6,,2.8,,0.0,,1.9,,0.0,,0.0,,0.0,,0.0,,0.0,,0.0,,0.0,,0.0,,0.0,,0.0,,0.0,,2.3,,9.1,,5.7,,0.0,,0.0,
2009-06-10,916.4,1479.6,918.0,2009-06-10T00:01:00,915.2,2009-06-10T16:05:00,23.1,28.4,2009-06-10T11:12:00,20.4,2009-06-10T00:04:00,19.4,80,61,2009-06-10T11:04:00,2.6,360,12.6,120,2009-06-10T07:28:00,0.0,0.0,0.0,,0.0,,6.7,49.2,22.27,-4.1,,,,,,,,,,,,,5.3,,21.4,2009-06-10T13:40:00,,,,17.1,2009-06-10T00:01:00,,,,,,,3.45,2009-06-10T11:00:00,,,,,,,,,,,,,,89,2009-06-10T03:55:00,,,,,,1496.5,2009-06-10T00:08:00,,,,1465.2,2009-06-10T18:19:00,,,,,,,,,,,,,,,,,,,8.0,,,,,,,9.9,,,0,,1,,0,,0,,0,,2,,1,,0,,0,,1,,0,,0,,0,,1,,0,,3,,1,,2,,0,,0,,0,,1,,2,,2,,0,,1,,0,,0,,0,,0,,0,,0,,0,,0,,0,,2,,4,,0,,,350,,,5.6,2009-06-10T12:03:00,,,0.0,,4.6,,0.0,,0.0,,0.0,,1.4,,1.1,,0.0,,0.0,,1.6,,0.0,,0.0,,0.0,,2.4,,0.0,,10.0,,2.3,,3.7,,0.0,,0.0,,0.0,,2.3,,3.3,,4.6,,0.0,,0.7,,0.0,,0.0,,0.0,,0.0,,0.0,,0.0,,0.0,,0.0,,0.0,,7.7,,16.0,,0.0,
2009-06-11,915.2,1465.3,916.1,2009-06-11T09:54:00,914.4,2009-06-11T14:51:00,21.3,22.7,2009-06-11T00:36:00,20.5,2009-06-11T08:11:00,19.6,90,81,2009-06-11T00:36:00,2.8,360,15.1,360,2009-06-11T08:20:00,32.0,5.9,7.0,2009-06-11T05:45:00,13.0,2009-06-11T07:20:00,0.0,0.0,2.73,-0.6,,,,,,,,,,,,,10.0,,21.5,2009-06-11T11:31:00,,,,18.5,2009-06-11T18:55:00,,,,,,,0.92,2009-06-11T12:00:00,,,,,,,,,,,,,,100,2009-06-11T10:45:00,,,,,,1478.9,2009-06-11T00:03:00,,,,1457.0,2009-06-11T17:01:00,,,,,,,,,,,,,,,,,,,2.2,,,,,,,4.4,,,0,,6,,3,,1,,1,,0,,0,,1,,0,,0,,0,,0,,0,,1,,1,,0,,0,,0,,0,,0,,0,,0,,0,,0,,0,,0,,0,,0,,0,,0,,0,,0,,1,,0,,0,,0,,7,,2,,,350,,,7.1,2009-06-11T07:58:00,,,0.0,,18.7,,10.2,,1.8,,2.1,,0.0,,0.0,,0.6,,0.0,,0.0,,0.0,,0.0,,0.0,,1.6,,0.9,,0.0,,0.0,,0.0,,0.0,,0.0,,0.0,,0.0,,0.0,,0.0,,0.0,,0.0,,0.0,,0.0,,0.0,,0.0,,0.0,,0.0,,1.2,,0.0,,0.0,,0.0,,28.5,,2.2,
2009-06-12,914.3,1456.8,915.5,2009-06-12T22:28:00,913.5,2009-06-12T03:10:00,21.9,23.8,2009-06-12T15:38:00,20.8,2009-06-12T01:35:00,19.7,88,69,2009-06-12T21:51:00,1.9,20,14.0,300,2009-06-12T05:47:00,0.0,0.0,0.0,,0.0,,0.2,1.5,3.06,1.2,,,,,,,,,,,,,9.0,,21.4,2009-06-12T10:44:00,,,,17.3,2009-06-12T21:51:00,,,,,,,0.56,2009-06-12T14:00:00,,,,,,,,,,,,,,99,2009-06-12T09:06:00,,,,,,1468.3,2009-06-12T22:42:00,,,,1448.1,2009-06-12T03:25:00,,,,,,,,,,,,,,,,,,,3.0,,,,,,,7.6,,,0,,1,,4,,1,,0,,2,,1,,1,,3,,0,,1,,0,,2,,1,,1,,1,,0,,0,,0,,0,,0,,0,,0,,0,,0,,0,,0,,0,,0,,0,,0,,1,,0,,1,,0,,1,,1,,1,,,360,,,5.1,2009-06-12T19:44:00,,,0.0,,0.9,,9.7,,1.1,,0.0,,2.7,,0.9,,1.5,,4.8,,0.0,,1.3,,0.0,,2.1,,1.7,,2.5,,3.2,,0.0,,0.0,,0.0,,0.0,,0.0,,0.0,,0.0,,0.0,,0.0,,0.0,,0.0,,0.0,,0.0,,0.0,,0.0,,1.7,,0.0,,2.2,,0.0,,3.3,,2.9,,2.2,
2009-06-13,915.3,1466.6,917.0,2009-06-13T23:34:00,914.0,2009-06-13T05:24:00,21.6,24.0,2009-06-13T07:41:00,19.4,2009-06-13T22:38:00,19.6,89,73,2009-06-13T05:23:00,2.7,60,12.2,340,2009-06-13T10:11:00,28.0,10.7,4.5,2009-06-13T15:49:00,10.0,2009-06-13T15:18:00,1.4,10.3,3.42,-0.2,,,,,,,,,,,,,8.8,,22.5,2009-06-13T14:19:00,,,,17.0,2009-06-13T04:55:00,,,,,,,1.4,2009-06-13T08:00:00,,,,,,,,,,,,,,100,2009-06-13T14:20:00,,,,,,1481.9,2009-06-13T23:34:00,,,,1455.0,2009-06-13T05:42:00,,,,,,,,,,,,,,,,,,,4.6,,,,,,,13.0,,,0,,2,,1,,1,,1,,1,,4,,1,,0,,1,,0,,0,,0,,1,,1,,1,,0,,0,,0,,0,,1,,0,,0,,0,,0,,0,,0,,0,,0,,0,,0,,0,,0,,0,,1,,2,,3,,2,,,360,,,6.8,2009-06-13T14:09:00,,,0.0,,7.4,,2.2,,1.4,,1.9,,2.1,,7.6,,1.2,,0.0,,1.1,,0.0,,0.0,,0.0,,3.4,,2.0,,4.0,,0.0,,0.0,,0.0,,0.0,,4.2,,0.0,,0.0,,0.0,,0.0,,0.0,,0.0,,0.0,,0.0,,0.0,,0.0,,0.0,,0.0,,0.0,,4.3,,7.4,,11.9,,3.0,
2009-06-14,916.7,1476.9,917.8,2009-06-14T09:56:00,915.7,2009-06-14T15:54:00,20.1,22.0,2009-06-14T08:54:00,18.8,2009-06-14T23:51:00,18.6,91,82,2009-06-14T18:23:00,1.9,360,9.7,130,2009-06-14T03:18:00,2.5,6.5,0.5,2009-06-14T13:30:00,1.5,2009-06-14T12:40:00,0.0,0.0,5.7,-0.2,,,,,,,,,,,,,9.7,,21.0,2009-06-14T08:55:00,,,,16.7,2009-06-14T23:36:00,,,,,,,0.95,2009-06-14T12:00:00,,,,,,,,,,,,,,100,2009-06-14T07:43:00,,,,,,1486.9,2009-06-14T09:56:00,,,,1466.0,2009-06-14T15:54:00,,,,,,,,,,,,,,,,,,,3.2,,,,,,,10.2,,,2,,0,,0,,1,,0,,0,,1,,1,,0,,1,,0,,0,,0,,0,,0,,0,,0,,0,,2,,2,,0,,0,,0,,0,,0,,1,,0,,0,,0,,0,,0,,0,,0,,0,,4,,3,,5,,1,,,350,,,4.6,2009-06-14T15:49:00,,,0.1,,0.0,,0.0,,2.0,,0.0,,0.0,,0.7,,1.5,,0.0,,1.6,,0.0,,0.0,,0.0,,0.0,,0.0,,0.0,,0.0,,0.0,,3.3,,0.6,,0.0,,0.0,,0.0,,0.0,,0.0,,0.9,,0.0,,0.0,,0.0,,0.0,,0.0,,0.0,,0.0,,0.0,,12.0,,9.2,,12.8,,0.7,
2009-06-15,917.2,1482.6,919.0,2009-06-15T21:54:00,915.9,2009-06-15T03:06:00,21.2,23.5,2009-06-15T11:56:00,18.7,2009-06-15T00:06:00,18.8,86,77,2009-06-15T02:49:00,1.5,360,7.6,360,2009-06-15T14:07:00,2.5,1.2,1.5,2009-06-15T16:01:00,2.5,2009-06-15T15:16:00,0.0,0.0,8.69,-0.3,,,,,,,,,,,,,9.5,,21.1,2009-06-15T16:39:00,,,,16.6,2009-06-15T00:22:00,,,,,,,1.42,2009-06-15T13:00:00,,,,,,,,,,,,,,100,2009-06-15T16:17:00,,,,,,1499.9,2009-06-15T21:54:00,,,,1467.9,2009-06-15T03:06:00,,,,,,,,,,,,,,,,,,,4.8,,,,,,,11.2,,,3,,1,,2,,0,,0,,0,,0,,0,,0,,0,,0,,0,,1,,1,,2,,1,,0,,1,,2,,1,,1,,0,,0,,0,,0,,0,,0,,1,,0,,0,,0,,0,,2,,0,,0,,2,,3,,0,,,350,,,5.3,2009-06-15T15:10:00,,,0.3,,2.1,,3.1,,0.0,,0.0,,0.0,,0.0,,0.0,,0.0,,0.0,,0.0,,0.0,,1.6,,2.2,,2.5,,0.3,,0.0,,0.9,,2.8,,0.8,,0.3,,0.0,,0.0,,0.0,,0.0,,0.0,,0.0,,1.0,,0.0,,0.0,,0.0,,0.0,,3.2,,0.0,,0.0,,9.2,,6.7,,0.0,
2009-06-16,917.5,1487.6,918.7,2009-06-16T08:53:00,916.4,2009-06-16T17:56:00,22.1,28.4,2009-06-16T12:54:00,18.6,2009-06-16T16:12:00,19.8,87,75,2009-06-16T07:34:00,2.1,190,14.7,190,2009-06-16T16:06:00,24.5,1.7,11.5,2009-06-16T15:47:00,24.5,2009-06-16T15:29:00,4.7,34.4,19.69,-2.6,,,,,,,,,,,,,7.8,,23.9,2009-06-16T12:36:00,,,,16.9,2009-06-16T03:41:00,,,,,,,3.69,2009-06-16T13:00:00,,,,,,,,,,,,,,100,2009-06-16T15:59:00,,,,,,1502.5,2009-06-16T12:03:00,,,,1473.8,2009-06-16T18:02:00,,,,,,,,,,,,,,,,,,,9.8,,,,,,,16.3,,,2,,0,,0,,0,,0,,0,,0,,1,,0,,0,,1,,0,,1,,0,,0,,0,,0,,2,,2,,6,,0,,0,,0,,0,,1,,0,,0,,0,,0,,0,,0,,0,,0,,0,,2,,4,,2,,0,,,190,,,7.3,2009-06-16T22:17:00,,,0.1,,0.0,,0.0,,0.0,,0.0,,0.0,,0.0,,1.3,,0.0,,0.0,,2.4,,0.0,,2.2,,0.0,,0.0,,0.0,,0.0,,4.6,,4.0,,21.3,,0.0,,0.0,,0.0,,0.0,,0.6,,0.0,,0.0,,0.0,,0.0,,0.0,,0.0,,0.0,,0.0,,0.0,,3.1,,8.5,,2.4,,0.0,
2009-06-17,915.9,1473.9,917.5,2009-06-17T08:42:00,914.1,2009-06-17T16:38:00,23.1,26.7,2009-06-17T10:58:00,20.7,2009-06-17T03:50:00,20.2,84,78,2009-06-17T09:20:00,3.7,180,15.9,140,2009-06-17T01:42:00,0.0,0.0,0.0,,0.0,,6.1,44.7,24.04,2.8,,,,,,,,,,,,,7.5,,22.8,2009-06-17T12:26:00,,,,18.0,2009-06-17T03:59:00,,,,,,,3.68,2009-06-17T12:00:00,,,,,,,,,,,,,,90,2009-06-17T00:09:00,,,,,,1488.8,2009-06-17T10:12:00,,,,1456.0,2009-06-17T16:38:00,,,,,,,,,,,,,,,,,,,6.0,,,,,,,16.5,,,0,,0,,0,,0,,0,,0,,0,,0,,0,,0,,0,,0,,0,,0,,2,,1,,8,,5,,8,,0,,0,,0,,0,,0,,0,,0,,0,,0,,0,,0,,0,,0,,0,,0,,0,,0,,0,,0,,,180,,,6.2,2009-06-17T06:52:00,,,0.0,,0.0,,0.0,,0.0,,0.0,,0.0,,0.0,,0.0,,0.0,,0.0,,0.0,,0.0,,0.0,,0.0,,6.7,,3.8,,26.6,,16.2,,34.5,,0.0,,0.0,,0.0,,0.0,,0.0,,0.0,,0.0,,0.0,,0.0,,0.0,,0.0,,0.0,,0.0,,0.0,,0.0,,0.0,,0.0,,0.0,,0.0,
2009-06-18,914.0,1457.0,915.1,2009-06-18T21:44:00,912.6,2009-06-18T17:02:00,23.0,26.9,2009-06-18T10:37:00,20.6,2009-06-18T02:49:00,20.3,85,76,2009-06-18T20:41:00,1.1,170,7.2,340,2009-06-18T12:51:00,0.0,0.0,0.0,,0.0,,2.1,15.4,12.78,2.6,,,,,,,,,,,,,9.0,,23.0,2009-06-18T10:38:00,,,,18.4,2009-06-18T01:18:00,,,,,,,2.14,2009-06-18T11:00:00,,,,,,,,,,,,,,92,2009-06-18T06:35:00,,,,,,1470.7,2009-06-18T22:14:00,,,,1442.5,2009-06-18T17:44:00,,,,,,,,,,,,,,,,,,,6.3,,,,,,,10.2,,,5,,0,,0,,0,,0,,0,,0,,3,,1,,0,,1,,0,,0,,0,,2,,1,,2,,4,,1,,0,,0,,1,,0,,0,,0,,0,,0,,0,,0,,0,,0,,0,,0,,0,,1,,2,,0,,0,,,340,,,4.2,2009-06-18T13:03:00,,,0.4,,0.0,,0.0,,0.0,,0.0,,0.0,,0.0,,5.8,,0.5,,0.0,,0.9,,0.0,,0.0,,0.0,,1.6,,0.9,,1.7,,3.9,,1.5,,0.0,,0.0,,0.6,,0.0,,0.0,,0.0,,0.0,,0.0,,0.0,,0.0,,0.0,,0.0,,0.0,,0.0,,0.0,,4.1,,4.1,,0.0,,0.0,
2009-06-19,914.2,1457.9,915.5,2009-06-19T21:09:00,912.9,2009-06-19T02:37:00,22.4,25.7,2009-06-19T11:44:00,20.6,2009-06-19T05:00:00,20.1,87,82,2009-06-19T00:06:00,1.4,350,6.3,340,2009-06-19T13:27:00,2.0,2.5,1.5,2009-06-19T09:16:00,2.0,2009-06-19T09:04:00,0.6,4.4,8.04,-1.0,,,,,,,,,,,,,8.3,,22.9,2009-06-19T11:45:00,,,,18.4,2009-06-19T04:54:00,,,,,,,2.02,2009-06-19T12:00:00,,,,,,,,,,,,,,91,2009-06-19T09:30:00,,,,,,1469.4,2009-06-19T21:09:00,,,,1445.2,2009-06-19T02:49:00,,,,,,,,,,,,,,,,,,,5.1,,,,,,,9.0,,,6,,1,,1,,0,,0,,0,,0,,0,,1,,0,,0,,0,,0,,0,,0,,0,,1,,3,,0,,2,,1,,0,,0,,0,,0,,0,,0,,0,,0,,0,,0,,0,,0,,0,,2,,5,,1,,0,,,350,,,4.4,2009-06-19T13:33:00,,,0.0,,2.1,,1.1,,0.0,,0.0,,0.0,,0.0,,0.0,,1.1,,0.0,,0.0,,0.0,,0.0,,0.0,,0.0,,0.0,,1.8,,6.5,,0.0,,0.9,,0.3,,0.0,,0.0,,0.0,,0.0,,0.0,,0.0,,0.0,,0.0,,0.0,,0.0,,0.0,,0.0,,0.0,,4.2,,14.9,,0.5,,0.0,
2009-06-20,915.0,1465.1,915.7,2009-06-20T08:00:00,913.9,2009-06-20T17:01:00,22.4,25.7,2009-06-20T08:45:00,20.2,2009-06-20T23:50:00,19.6,84,77,2009-06-20T16:36:00,1.4,340,7.8,200,2009-06-20T07:27:00,0.5,0.8,0.5,2009-06-20T11:41:00,0.5,2009-06-20T11:40:00,2.3,16.8,10.82,-1.3,,,,,,,,,,,,,8.2,,23.0,2009-06-20T08:45:00,,,,17.8,2009-06-20T23:53:00,,,,,,,2.14,2009-06-20T09:00:00,,,,,,,,,,,,,,90,2009-06-20T10:32:00,,,,,,1473.5,2009-06-20T08:45:00,,,,1455.2,2009-06-20T17:27:00,,,,,,,,,,,,,,,,,,,5.5,,,,,,,10.5,,,2,,0,,0,,0,,0,,2,,2,,0,,0,,0,,0,,0,,0,,0,,0,,2,,0,,0,,0,,1,,0,,0,,1,,1,,1,,0,,0,,0,,0,,0,,1,,0,,0,,1,,4,,3,,2,,1,,,350,,,4.3,2009-06-20T19:47:00,,,0.2,,0.0,,0.0,,0.0,,0.0,,3.1,,2.5,,0.0,,0.0,,0.0,,0.0,,0.0,,0.0,,0.0,,0.0,,1.8,,0.0,,0.0,,0.0,,1.3,,0.0,,0.0,,0.4,,1.6,,1.1,,0.0,,0.0,,0.0,,0.0,,0.0,,1.5,,0.0,,0.0,,2.2,,11.1,,5.3,,1.8,,0.8,
2009-06-21,913.0,1446.8,914.8,2009-06-21T00:01:00,911.6,2009-06-21T16:57:00,22.7,25.2,2009-06-21T23:27:00,20.4,2009-06-21T00:20:00,19.6,83,59,2009-06-21T23:27:00,1.7,340,8.6,60,2009-06-21T22:58:00,0.5,3.0,0.3,2009-06-21T11:20:00,0.5,2009-06-21T11:01:00,0.4,2.9,10.3,-1.0,,,,,,,,,,,,,9.2,,22.1,2009-06-21T12:03:00,,,,16.4,2009-06-21T22:31:00,,,,,,,1.44,2009-06-21T11:00:00,,,,,,,,,,,,,,94,2009-06-21T14:21:00,,,,,,1463.2,2009-06-21T00:01:00,,,,1431.7,2009-06-21T17:20:00,,,,,,,,,,,,,,,,,,,4.8,,,,,,,7.3,,,4,,0,,0,,1,,1,,0,,1,,1,,0,,0,,1,,0,,0,,0,,0,,1,,0,,2,,1,,1,,2,,1,,0,,0,,1,,0,,0,,0,,0,,0,,0,,0,,1,,1,,2,,1,,1,,0,,,60,,,4.8,2009-06-21T22:59:00,,,0.4,,0.0,,0.0,,0.8,,1.1,,0.0,,4.5,,3.7,,0.0,,0.0,,0.6,,0.0,,0.0,,0.0,,0.0,,0.3,,0.0,,2.7,,2.4,,1.3,,2.8,,1.0,,0.0,,0.0,,0.5,,0.0,,0.0,,0.0,,0.0,,0.0,,0.0,,0.0,,3.5,,3.2,,7.6,,1.8,,3.1,,0.0,
2009-06-22,913.0,1447.3,914.9,2009-06-22T22:20:00,911.6,2009-06-22T04:04:00,23.2,26.5,2009-06-22T12:06:00,20.8,2009-06-22T02:36:00,18.7,76,57,2009-06-22T00:51:00,2.8,150,16.4,110,2009-06-22T14:19:00,0.5,1.7,0.2,2009-06-22T18:43:00,0.5,2009-06-22T18:01:00,1.3,9.5,13.23,-2.5,,,,,,,,,,,,,8.0,,21.2,2009-06-22T12:56:00,,,,16.3,2009-06-22T00:52:00,,,,,,,2.46,2009-06-22T13:00:00,,,,,,,,,,,,,,87,2009-06-22T02:56:00,,,,,,1466.4,2009-06-22T23:59:59,,,,1432.9,2009-06-22T05:05:00,,,,,,,,,,,,,,,,,,,5.7,,,,,,,18.5,,,0,,0,,0,,0,,0,,0,,1,,1,,2,,0,,2,,1,,0,,1,,2,,3,,2,,0,,1,,0,,0,,0,,0,,0,,0,,0,,0,,0,,0,,0,,0,,0,,0,,1,,2,,2,,1,,2,,,160,,,6.0,2009-06-22T11:23:00,,,0.0,,0.0,,0.0,,0.0,,0.0,,0.0,,1.8,,2.5,,3.7,,0.0,,2.4,,2.8,,0.0,,3.4,,7.2,,11.5,,8.1,,0.0,,0.8,,0.0,,0.0,,0.0,,0.0,,0.0,,0.0,,0.0,,0.0,,0.0,,0.0,,0.0,,0.0,,0.0,,0.0,,2.6,,5.7,,7.1,,3.8,,2.9,
2009-06-23,915.4,1470.1,917.9,2009-06-23T22:17:00,912.9,2009-06-23T03:09:00,22.9,24.8,2009-06-23T12:07:00,21.7,2009-06-23T05:21:00,19.1,80,67,2009-06-23T01:58:00,2.1,140,14.2,330,2009-06-23T14:05:00,0.0,0.0,0.0,,0.0,,0.0,0.0,6.93,0.9,,,,,,,,,,,,,9.5,,20.8,2009-06-23T12:06:00,,,,17.2,2009-06-23T02:13:00,,,,,,,0.99,2009-06-23T09:00:00,,,,,,,,,,,,,,85,2009-06-23T22:36:00,,,,,,1492.7,2009-06-23T21:49:00,,,,1446.8,2009-06-23T03:09:00,,,,,,,,,,,,,,,,,,,3.1,,,,,,,16.7,,,0,,0,,0,,1,,1,,2,,0,,3,,0,,3,,0,,1,,2,,1,,3,,0,,1,,0,,2,,0,,0,,0,,0,,0,,0,,0,,0,,0,,0,,0,,0,,0,,0,,0,,2,,1,,0,,1,,,340,,,5.8,2009-06-23T14:07:00,,,0.0,,0.0,,0.0,,0.9,,3.3,,5.2,,0.0,,6.7,,0.0,,5.1,,0.0,,1.4,,2.6,,1.2,,6.9,,0.0,,0.9,,0.0,,3.0,,0.0,,0.0,,0.0,,0.0,,0.0,,0.0,,0.0,,0.0,,0.0,,0.0,,0.0,,0.0,,0.0,,0.0,,0.0,,8.0,,3.5,,0.0,,0.6,
2009-06-24,916.5,1479.7,917.9,2009-06-24T22:12:00,915.2,2009-06-24T04:19:00,22.7,25.4,2009-06-24T14:25:00,21.4,2009-06-24T00:22:00,19.6,83,70,2009-06-24T01:32:00,1.1,150,13.1,140,2009-06-24T08:08:00,0.5,1.2,0.3,2009-06-24T18:12:00,0.5,2009-06-24T18:12:00,0.0,0.0,7.45,-0.8,,,,,,,,,,,,,10.0,,22.1,2009-06-24T14:28:00,,,,17.1,2009-06-24T02:22:00,,,,,,,1.22,2009-06-24T15:00:00,,,,,,,,,,,,,,88,2009-06-24T16:29:00,,,,,,1493.3,2009-06-24T22:19:00,,,,1466.8,2009-06-24T04:35:00,,,,,,,,,,,,,,,,,,,4.0,,,,,,,9.4,,,7,,0,,1,,0,,1,,0,,0,,0,,1,,0,,0,,0,,1,,1,,2,,3,,0,,2,,0,,1,,0,,0,,0,,0,,0,,0,,0,,0,,0,,0,,0,,0,,0,,0,,1,,2,,1,,0,,,20,,,3.7,2009-06-24T04:37:00,,,0.5,,0.0,,1.7,,0.0,,1.3,,0.0,,0.0,,0.0,,1.9,,0.0,,0.0,,0.0,,1.1,,2.4,,3.9,,4.8,,0.0,,2.2,,0.0,,0.8,,0.0,,0.0,,0.0,,0.0,,0.0,,0.0,,0.0,,0.0,,0.0,,0.0,,0.0,,0.0,,0.0,,0.0,,2.1,,3.1,,0.5,,0.0,
2009-06-25,916.8,1482.5,918.3,2009-06-25T22:22:00,915.7,2009-06-25T04:28:00,22.5,26.3,2009-06-25T12:04:00,20.5,2009-06-25T20:35:00,19.3,82,71,2009-06-25T21:34:00,1.9,350,7.2,340,2009-06-25T15:05:00,0.5,1.8,0.5,2009-06-25T17:02:00,0.5,2009-06-25T17:02:00,0.7,5.1,10.73,-1.3,,,,,,,,,,,,,10.0,,22.6,2009-06-25T12:04:00,,,,16.9,2009-06-25T21:35:00,,,,,,,2.19,2009-06-25T12:00:00,,,,,,,,,,,,,,87,2009-06-25T00:35:00,,,,,,1497.6,2009-06-25T22:22:00,,,,1471.0,2009-06-25T04:29:00,,,,,,,,,,,,,,,,,,,5.8,,,,,,,8.5,,,4,,0,,0,,0,,0,,0,,0,,0,,0,,0,,0,,0,,0,,0,,0,,0,,0,,1,,1,,0,,1,,1,,0,,0,,0,,0,,1,,0,,0,,0,,1,,0,,2,,1,,4,,5,,1,,1,,,340,,,5.7,2009-06-25T15:07:00,,,0.3,,0.0,,0.0,,0.0,,0.0,,0.0,,0.0,,0.0,,0.0,,0.0,,0.0,,0.0,,0.0,,0.0,,0.0,,0.0,,0.0,,0.4,,1.6,,0.0,,0.6,,1.6,,0.0,,0.0,,0.0,,0.0,,2.6,,0.0,,0.0,,0.0,,0.9,,0.0,,1.4,,1.3,,13.7,,17.7,,3.5,,1.1,
2009-06-26,918.0,1494.9,919.7,2009-06-26T21:58:00,916.5,2009-06-26T02:54:00,23.2,28.0,2009-06-26T10:40:00,19.9,2009-06-26T19:41:00,19.2,79,68,2009-06-26T20:11:00,1.8,350,8.4,190,2009-06-26T18:22:00,0.5,1.3,0.5,2009-06-26T19:35:00,0.5,2009-06-26T18:45:00,3.9,28.6,16.77,-1.7,,,,,,,,,,,,,8.5,,24.1,2009-06-26T10:41:00,,,,15.7,2009-06-26T20:10:00,,,,,,,3.01,2009-06-26T11:00:00,,,,,,,,,,,,,,86,2009-06-26T18:18:00,,,,,,1511.9,2009-06-26T22:41:00,,,,1479.3,2009-06-26T02:54:00,,,,,,,,,,,,,,,,,,,8.1,,,,,,,13.5,,,3,,0,,0,,0,,0,,0,,0,,0,,0,,0,,0,,0,,0,,0,,1,,0,,0,,1,,1,,1,,0,,0,,0,,0,,1,,0,,0,,0,,1,,0,,0,,0,,0,,0,,6,,8,,1,,0,,,350,,,5.2,2009-06-26T00:54:00,,,0.2,,0.0,,0.0,,0.0,,0.0,,0.0,,0.0,,0.0,,0.0,,0.0,,0.0,,0.0,,0.0,,0.0,,0.8,,0.0,,0.0,,0.5,,0.5,,0.6,,0.0,,0.0,,0.0,,0.0,,0.3,,0.0,,0.0,,0.0,,1.4,,0.0,,0.0,,0.0,,0.0,,0.0,,12.1,,25.1,,0.8,,0.0,
2009-06-27,918.4,1497.7,919.4,2009-06-27T07:42:00,917.6,2009-06-27T17:33:00,22.5,28.0,2009-06-27T11:38:00,20.2,2009-06-27T03:15:00,19.9,85,75,2009-06-27T00:01:00,1.6,360,9.3,350,2009-06-27T14:35:00,3.0,1.1,2.5,2009-06-27T16:24:00,3.0,2009-06-27T16:12:00,1.7,12.5,12.5,-2.0,,,,,,,,,,,,,8.5,,23.7,2009-06-27T11:43:00,,,,17.6,2009-06-27T00:01:00,,,,,,,3.3,2009-06-27T12:00:00,,,,,,,,,,,,,,92,2009-06-27T17:18:00,,,,,,1506.3,2009-06-27T10:26:00,,,,1488.0,2009-06-27T17:33:00,,,,,,,,,,,,,,,,,,,7.8,,,,,,,14.2,,,5,,0,,1,,1,,0,,0,,1,,1,,0,,0,,0,,0,,0,,0,,0,,0,,0,,0,,0,,2,,0,,0,,0,,0,,0,,0,,0,,0,,1,,0,,1,,0,,1,,0,,2,,3,,5,,0,,,350,,,5.9,2009-06-27T15:02:00,,,0.3,,0.0,,0.8,,0.9,,0.0,,0.0,,1.4,,0.3,,0.0,,0.0,,0.0,,0.0,,0.0,,0.0,,0.0,,0.0,,0.0,,0.0,,0.0,,1.7,,0.0,,0.0,,0.0,,0.0,,0.0,,0.0,,0.0,,0.0,,2.5,,0.0,,1.7,,0.0,,1.8,,0.0,,6.1,,12.3,,8.7,,0.0,
2009-06-28,918.6,1499.1,919.6,2009-06-28T21:43:00,917.6,2009-06-28T17:04:00,22.8,26.7,2009-06-28T12:23:00,20.1,2009-06-28T04:31:00,19.5,82,71,2009-06-28T10:54:00,1.5,160,13.4,160,2009-06-28T08:25:00,0.0,0.0,0.0,,0.0,,4.9,35.9,16.67,2.7,,,,,,,,,,,,,5.0,,22.4,2009-06-28T12:24:00,,,,17.5,2009-06-28T03:50:00,,,,,,,2.89,2009-06-28T10:00:00,,,,,,,,,,,,,,91,2009-06-28T00:42:00,,,,,,1511.9,2009-06-28T21:58:00,,,,1489.4,2009-06-28T03:34:00,,,,,,,,,,,,,,,,,,,6.6,,,,,,,11.8,,,4,,2,,2,,0,,0,,0,,0,,0,,0,,0,,1,,0,,0,,0,,2,,1,,3,,0,,1,,0,,1,,0,,0,,0,,0,,0,,0,,0,,0,,0,,1,,1,,2,,1,,1,,1,,0,,0,,,10,,,4.8,2009-06-28T15:05:00,,,0.3,,5.0,,2.2,,0.0,,0.0,,0.0,,0.0,,0.0,,0.0,,0.0,,0.5,,0.0,,0.0,,0.0,,3.2,,2.3,,7.3,,0.0,,0.7,,0.0,,1.9,,0.0,,0.0,,0.0,,0.0,,0.0,,0.0,,0.0,,0.0,,0.0,,1.7,,1.4,,1.8,,1.9,,2.3,,3.1,,0.0,,0.0,
2009-06-29,918.6,1500.9,919.8,2009-06-29T21:27:00,917.5,2009-06-29T03:43:00,23.1,27.3,2009-06-29T10:14:00,20.5,2009-06-29T04:09:00,19.5,81,67,2009-06-29T08:13:00,2.1,160,11.2,200,2009-06-29T06:25:00,0.0,0.0,0.0,,0.0,,6.1,44.7,19.61,2.8,,,,,,,,,,,,,5.0,,22.7,2009-06-29T12:52:00,,,,17.0,2009-06-29T05:45:00,,,,,,,3.06,2009-06-29T10:00:00,,,,,,,,,,,,,,86,2009-06-29T00:05:00,,,,,,1515.4,2009-06-29T21:50:00,,,,1487.8,2009-06-29T04:09:00,,,,,,,,,,,,,,,,,,,6.8,,,,,,,13.2,,,2,,3,,0,,0,,0,,0,,0,,0,,0,,0,,1,,1,,1,,2,,1,,1,,4,,2,,1,,0,,0,,0,,0,,0,,0,,1,,0,,0,,0,,0,,1,,0,,0,,0,,0,,1,,2,,0,,,10,,,4.7,2009-06-29T15:48:00,,,0.2,,7.2,,0.0,,0.0,,0.0,,0.0,,0.0,,0.0,,0.0,,0.0,,2.4,,2.0,,2.3,,2.9,,2.1,,2.0,,9.2,,5.2,,1.1,,0.0,,0.0,,0.0,,0.0,,0.0,,0.0,,1.8,,0.0,,0.0,,0.0,,0.0,,0.5,,0.0,,0.0,,0.0,,0.0,,3.9,,6.4,,0.0,
2009-06-30,918.6,1500.9,919.8,2009-06-30T08:01:00,917.7,2009-06-30T17:20:00,23.5,27.4,2009-06-30T12:02:00,20.6,2009-06-30T20:34:00,18.5,74,59,2009-06-30T23:14:00,2.3,170,10.8,120,2009-06-30T10:07:00,0.0,0.0,0.0,,0.0,,5.8,42.5,18.31,2.4,,,,,,,,,,,,,5.0,,22.4,2009-06-30T12:06:00,,,,15.9,2009-06-30T23:14:00,,,,,,,2.9,2009-06-30T11:00:00,,,,,,,,,,,,,,86,2009-06-30T00:18:00,,,,,,1513.2,2009-06-30T08:31:00,,,,1491.4,2009-06-30T18:16:00,,,,,,,,,,,,,,,,,,,6.8,,,,,,,14.0,,,0,,2,,2,,0,,1,,1,,0,,0,,0,,1,,0,,1,,0,,3,,1,,0,,3,,3,,0,,1,,0,,0,,0,,1,,0,,0,,0,,0,,0,,0,,0,,1,,0,,0,,1,,2,,0,,0,,,360,,,4.9,2009-06-30T13:16:00,,,0.0,,6.7,,5.5,,0.0,,2.0,,2.1,,0.0,,0.0,,0.0,,2.2,,0.0,,3.0,,0.0,,6.5,,2.6,,0.0,,5.2,,7.1,,0.0,,2.8,,0.0,,0.0,,0.0,,0.8,,0.0,,0.0,,0.0,,0.0,,0.0,,0.0,,0.0,,2.0,,0.0,,0.0,,2.1,,4.0,,0.0,,0.0,
2009-07-01,917.4,1491.3,918.4,2009-07-01T00:01:00,916.0,2009-07-01T16:44:00,24.1,27.7,2009-07-01T13:23:00,20.7,2009-07-01T04:50:00,18.6,72,52,2009-07-01T00:51:00,2.1,70,14.6,140,2009-07-01T04:52:00,0.0,0.0,0.0,,0.0,,8.3,60.9,24.31,4.7,,,,,,,,,,,,,5.0,,22.0,2009-07-01T11:29:00,,,,14.5,2009-07-01T00:52:00,,,,,,,3.03,2009-07-01T14:00:00,,,,,,,,,,,,,,84,2009-07-01T23:59:00,,,,,,1503.9,2009-07-01T00:02:00,,,,1475.2,2009-07-01T16:44:00,,,,,,,,,,,,,,,,,,,7.0,,,,,,,16.7,,,0,,0,,0,,0,,0,,1,,0,,5,,0,,0,,0,,4,,1,,3,,3,,0,,0,,0,,1,,1,,0,,0,,0,,0,,0,,0,,0,,1,,0,,0,,1,,0,,0,,0,,0,,1,,1,,1,,,140,,,5.6,2009-07-01T05:31:00,,,0.0,,0.0,,0.0,,0.0,,0.0,,1.5,,0.0,,8.4,,0.0,,0.0,,0.0,,8.8,,2.0,,10.8,,5.8,,0.0,,0.0,,0.0,,0.9,,1.4,,0.0,,0.0,,0.0,,0.0,,0.0,,0.0,,0.0,,1.5,,0.0,,0.0,,1.9,,0.0,,0.0,,0.0,,0.0,,2.0,,3.7,,1.4,
2009-07-02,916.6,1479.7,917.8,2009-07-02T21:23:00,914.9,2009-07-02T13:34:00,21.0,23.3,2009-07-02T08:58:00,18.8,2009-07-02T22:07:00,18.8,88,73,2009-07-02T09:48:00,2.8,340,13.6,140,2009-07-02T15:04:00,11.0,5.3,4.0,2009-07-02T17:56:00,9.0,2009-07-02T17:15:00,0.2,1.5,4.31,-0.2,,,,,,,,,,,,,9.6,,20.4,2009-07-02T17:31:00,,,,16.9,2009-07-02T13:12:00,,,,,,,1.09,2009-07-02T10:00:00,,,,,,,,,,,,,,100,2009-07-02T17:31:00,,,,,,1494.8,2009-07-02T00:34:00,,,,1460.1,2009-07-02T13:36:00,,,,,,,,,,,,,,,,,,,4.5,,,,,,,7.7,,,0,,2,,2,,2,,1,,1,,0,,0,,0,,0,,0,,0,,2,,0,,2,,0,,1,,0,,1,,0,,0,,0,,0,,0,,0,,0,,0,,0,,0,,0,,0,,0,,1,,2,,3,,1,,2,,1,,,10,,,6.8,2009-07-02T01:52:00,,,0.0,,7.9,,2.8,,4.8,,2.4,,1.8,,0.0,,0.0,,0.0,,0.0,,0.0,,0.0,,6.5,,0.0,,2.7,,0.0,,3.1,,0.0,,3.2,,0.0,,0.0,,0.0,,0.0,,0.0,,0.0,,0.0,,0.0,,0.0,,0.0,,0.0,,0.0,,0.0,,4.2,,6.7,,10.5,,3.1,,5.5,,1.8,
2009-07-03,915.4,1464.5,917.3,2009-07-03T21:36:00,914.0,2009-07-03T08:05:00,20.6,22.9,2009-07-03T09:48:00,19.1,2009-07-03T18:51:00,17.9,85,63,2009-07-03T23:41:00,2.4,150,13.3,180,2009-07-03T14:11:00,4.0,8.0,1.5,2009-07-03T18:20:00,1.5,2009-07-03T18:01:00,0.0,0.0,2.93,-1.9,,,,,,,,,,,,,9.5,,20.3,2009-07-03T07:35:00,,,,15.0,2009-07-03T23:50:00,,,,,,,0.76,2009-07-03T10:00:00,,,,,,,,,,,,,,100,2009-07-03T07:18:00,,,,,,1485.4,2009-07-03T21:36:00,,,,1449.9,2009-07-03T08:11:00,,,,,,,,,,,,,,,,,,,3.8,,,,,,,17.0,,,0,,2,,1,,1,,2,,0,,1,,1,,1,,1,,0,,0,,1,,1,,0,,3,,1,,2,,1,,0,,0,,0,,0,,0,,0,,0,,0,,0,,0,,0,,0,,0,,0,,1,,0,,2,,1,,1,,,160,,,4.9,2009-07-03T13:50:00,,,0.0,,5.5,,2.9,,1.7,,2.9,,0.0,,2.8,,1.1,,2.6,,1.4,,0.0,,0.0,,2.6,,1.1,,0.0,,6.9,,3.7,,5.9,,0.6,,0.0,,0.0,,0.0,,0.0,,0.0,,0.0,,0.0,,0.0,,0.0,,0.0,,0.0,,0.0,,0.0,,0.0,,1.6,,0.0,,6.9,,4.5,,1.8,
2009-07-04,917.7,1489.4,919.7,2009-07-04T21:30:00,915.8,2009-07-04T00:07:00,22.5,26.4,2009-07-04T12:38:00,20.5,2009-07-04T03:37:00,18.9,80,63,2009-07-04T00:06:00,2.5,70,12.8,350,2009-07-04T02:56:00,0.0,0.0,0.0,,0.0,,4.3,31.6,18.01,1.6,,,,,,,,,,,,,6.5,,21.5,2009-07-04T11:27:00,,,,15.2,2009-07-04T00:06:00,,,,,,,2.94,2009-07-04T12:00:00,,,,,,,,,,,,,,85,2009-07-04T03:34:00,,,,,,1511.1,2009-07-04T22:09:00,,,,1469.8,2009-07-04T03:00:00,,,,,,,,,,,,,,,,,,,5.9,,,,,,,21.7,,,0,,3,,3,,1,,1,,0,,1,,4,,1,,0,,0,,0,,0,,0,,0,,1,,1,,0,,0,,0,,0,,0,,0,,0,,0,,0,,0,,0,,0,,0,,0,,0,,0,,0,,2,,3,,2,,1,,,360,,,6.2,2009-07-04T15:06:00,,,0.0,,6.5,,6.8,,3.7,,1.9,,0.0,,0.7,,6.6,,1.5,,0.0,,0.0,,0.0,,0.0,,0.0,,0.0,,0.9,,2.5,,0.0,,0.0,,0.0,,0.0,,0.0,,0.0,,0.0,,0.0,,0.0,,0.0,,0.0,,0.0,,0.0,,0.0,,0.0,,0.0,,0.0,,4.8,,13.7,,10.1,,0.5,
2009-07-05,919.7,1510.4,921.7,2009-07-05T22:36:00,917.7,2009-07-05T01:39:00,22.9,27.0,2009-07-05T12:18:00,20.3,2009-07-05T20:56:00,18.9,79,68,2009-07-05T02:56:00,1.9,160,10.5,160,2009-07-05T06:58:00,0.0,0.0,0.0,,0.0,,5.9,43.3,18.98,3.1,,,,,,,,,,,,,6.5,,22.3,2009-07-05T12:33:00,,,,16.0,2009-07-05T01:13:00,,,,,,,2.76,2009-07-05T10:00:00,,,,,,,,,,,,,,86,2009-07-05T05:50:00,,,,,,1532.4,2009-07-05T23:00:00,,,,1491.2,2009-07-05T01:59:00,,,,,,,,,,,,,,,,,,,6.7,,,,,,,17.5,,,1,,0,,0,,0,,1,,0,,0,,0,,0,,1,,1,,0,,0,,0,,1,,2,,4,,0,,3,,3,,0,,0,,0,,0,,0,,0,,0,,0,,0,,0,,0,,0,,0,,1,,1,,2,,0,,3,,,150,,,4.7,2009-07-05T07:03:00,,,0.2,,0.0,,0.0,,0.0,,1.1,,0.0,,0.0,,0.0,,0.0,,1.3,,0.7,,0.0,,0.0,,0.0,,3.1,,6.7,,4.0,,0.0,,7.7,,9.7,,0.0,,0.0,,0.0,,0.0,,0.0,,0.0,,0.0,,0.0,,0.0,,0.0,,0.0,,0.0,,0.0,,3.2,,0.7,,4.4,,0.0,,2.3,
2009-07-06,920.7,1520.1,921.9,2009-07-06T09:45:00,919.2,2009-07-06T15:41:00,23.1,28.0,2009-07-06T11:15:00,20.7,2009-07-06T21:00:00,19.6,81,67,2009-07-06T11:18:00,1.4,160,7.4,90,2009-07-06T00:18:00,0.0,0.0,0.0,,0.0,,5.9,43.4,19.68,3.0,,,,,,,,,,,,,4.8,,23.0,2009-07-06T11:25:00,,,,17.3,2009-07-06T02:33:00,,,,,,,3.82,2009-07-06T11:00:00,,,,,,,,,,,,,,88,2009-07-06T22:56:00,,,,,,1535.6,2009-07-06T10:26:00,,,,1504.6,2009-07-06T15:50:00,,,,,,,,,,,,,,,,,,,7.3,,,,,,,15.2,,,2,,0,,0,,2,,1,,0,,0,,1,,1,,0,,1,,1,,0,,1,,0,,2,,3,,0,,2,,0,,0,,0,,0,,0,,0,,0,,0,,0,,0,,0,,0,,0,,0,,1,,2,,2,,2,,0,,,350,,,4.2,2009-07-06T12:35:00,,,0.1,,0.0,,0.0,,4.5,,2.0,,0.0,,0.0,,2.1,,0.6,,0.0,,1.3,,1.1,,0.0,,0.4,,0.0,,2.0,,3.3,,0.0,,1.1,,0.0,,0.0,,0.0,,0.0,,0.0,,0.0,,0.0,,0.0,,0.0,,0.0,,0.0,,0.0,,0.0,,0.0,,1.6,,5.7,,4.0,,4.2,,0.0,
2009-07-07,919.4,1507.7,920.8,2009-07-07T09:20:00,918.2,2009-07-07T15:33:00,22.9,27.2,2009-07-07T10:22:00,20.1,2009-07-07T04:49:00,20.0,84,73,2009-07-07T12:03:00,1.7,180,6.8,340,2009-07-07T14:28:00,0.0,0.0,0.0,,0.0,,4.2,30.9,18.97,3.1,,,,,,,,,,,,,3.7,,22.9,2009-07-07T10:25:00,,,,17.4,2009-07-07T23:54:00,,,,,,,2.59,2009-07-07T14:00:00,,,,,,,,,,,,,,90,2009-07-07T06:03:00,,,,,,1521.5,2009-07-07T09:43:00,,,,1495.2,2009-07-07T15:59:00,,,,,,,,,,,,,,,,,,,7.1,,,,,,,10.2,,,7,,0,,1,,0,,0,,0,,0,,0,,0,,0,,0,,0,,0,,0,,1,,0,,1,,2,,6,,0,,0,,0,,0,,0,,0,,0,,0,,0,,0,,0,,0,,0,,0,,0,,1,,5,,0,,0,,,350,,,5.0,2009-07-07T14:03:00,,,0.8,,0.0,,0.9,,0.0,,0.0,,0.0,,0.0,,0.0,,0.0,,0.0,,0.0,,0.0,,0.0,,0.0,,1.5,,0.0,,1.2,,3.4,,10.6,,0.0,,0.0,,0.0,,0.0,,0.0,,0.0,,0.0,,0.0,,0.0,,0.0,,0.0,,0.0,,0.0,,0.0,,0.0,,3.8,,18.8,,0.0,,0.0,
2009-07-08,918.1,1494.9,919.5,2009-07-08T08:34:00,916.8,2009-07-08T16:45:00,22.6,27.4,2009-07-08T10:33:00,19.9,2009-07-08T01:19:00,19.3,82,71,2009-07-08T22:32:00,1.8,350,10.4,170,2009-07-08T23:29:00,0.0,0.0,0.0,,0.0,,4.0,29.4,16.76,2.5,,,,,,,,,,,,,6.8,,23.1,2009-07-08T12:12:00,,,,16.0,2009-07-08T22:32:00,,,,,,,2.9,2009-07-08T10:00:00,,,,,,,,,,,,,,89,2009-07-08T08:01:00,,,,,,1510.7,2009-07-08T10:33:00,,,,1481.8,2009-07-08T16:06:00,,,,,,,,,,,,,,,,,,,7.5,,,,,,,12.7,,,2,,1,,0,,0,,0,,0,,0,,0,,0,,0,,0,,1,,0,,2,,0,,0,,1,,3,,4,,0,,0,,0,,1,,0,,0,,0,,0,,0,,1,,0,,0,,0,,0,,2,,1,,5,,0,,0,,,350,,,4.9,2009-07-08T14:52:00,,,0.2,,2.5,,0.0,,0.0,,0.0,,0.0,,0.0,,0.0,,0.0,,0.0,,0.0,,1.2,,0.0,,1.2,,0.0,,0.0,,1.3,,5.1,,11.2,,0.0,,0.0,,0.0,,0.6,,0.0,,0.0,,0.0,,0.0,,0.0,,1.6,,0.0,,0.0,,0.0,,0.0,,1.3,,4.1,,12.5,,0.0,,0.0,
2009-07-09,916.5,1480.4,917.7,2009-07-09T08:25:00,914.8,2009-07-09T23:59:59,23.4,27.5,2009-07-09T14:28:00,20.0,2009-07-09T02:41:00,19.3,78,62,2009-07-09T20:32:00,1.9,340,11.4,170,2009-07-09T23:51:00,0.0,0.0,0.0,,0.0,,4.7,34.6,16.9,2.8,,,,,,,,,,,,,6.8,,23.3,2009-07-09T14:29:00,,,,15.7,2009-07-09T20:30:00,,,,,,,2.62,2009-07-09T10:00:00,,,,,,,,,,,,,,86,2009-07-09T04:00:00,,,,,,1492.9,2009-07-09T09:53:00,,,,1467.8,2009-07-09T23:59:59,,,,,,,,,,,,,,,,,,,7.5,,,,,,,13.5,,,1,,0,,0,,1,,0,,0,,1,,2,,0,,2,,0,,0,,1,,0,,0,,1,,3,,2,,1,,0,,0,,0,,1,,1,,1,,0,,0,,0,,0,,0,,0,,0,,0,,0,,3,,2,,0,,1,,,170,,,5.8,2009-07-09T23:59:59,,,0.1,,0.0,,0.0,,1.1,,0.0,,0.0,,4.2,,4.7,,0.0,,3.0,,0.0,,0.0,,2.5,,0.0,,0.0,,0.8,,2.8,,7.8,,3.1,,0.0,,0.0,,0.0,,1.4,,0.7,,0.4,,0.0,,0.0,,0.0,,0.0,,0.0,,0.0,,0.0,,0.0,,0.0,,7.9,,4.9,,0.0,,0.3,
2009-07-10,912.9,1448.6,914.9,2009-07-10T00:01:00,911.1,2009-07-10T17:14:00,24.3,27.8,2009-07-10T12:03:00,22.0,2009-07-10T03:59:00,19.9,77,68,2009-07-10T12:21:00,7.1,180,21.6,180,2009-07-10T20:50:00,0.0,0.0,0.0,,0.0,,10.6,78.1,28.72,3.3,,,,,,,,,,,,,3.2,,22.0,2009-07-10T11:01:00,,,,18.2,2009-07-10T00:01:00,,,,,,,3.75,2009-07-10T13:00:00,,,,,,,,,,,,,,85,2009-07-10T03:41:00,,,,,,1468.6,2009-07-10T00:01:00,,,,1429.5,2009-07-10T17:14:00,,,,,,,,,,,,,,,,,,,5.8,,,,,,,25.0,,,0,,0,,0,,0,,0,,0,,0,,0,,0,,0,,0,,0,,0,,0,,0,,0,,0,,3,,17,,4,,0,,0,,0,,0,,0,,0,,0,,0,,0,,0,,0,,0,,0,,0,,0,,0,,0,,0,,,180,,,10.0,2009-07-10T20:15:00,,,0.0,,0.0,,0.0,,0.0,,0.0,,0.0,,0.0,,0.0,,0.0,,0.0,,0.0,,0.0,,0.0,,0.0,,0.0,,0.0,,0.0,,21.0,,124.5,,24.9,,0.0,,0.0,,0.0,,0.0,,0.0,,0.0,,0.0,,0.0,,0.0,,0.0,,0.0,,0.0,,0.0,,0.0,,0.0,,0.0,,0.0,,0.0,
2009-07-11,914.8,1466.6,916.9,2009-07-11T23:00:00,912.9,2009-07-11T01:25:00,23.9,28.0,2009-07-11T12:12:00,21.3,2009-07-11T05:34:00,20.0,79,69,2009-07-11T14:34:00,4.9,180,17.3,190,2009-07-11T00:37:00,0.0,0.0,0.0,,0.0,,8.7,64.2,26.14,3.7,,,,,,,,,,,,,4.8,,22.5,2009-07-11T11:46:00,,,,18.6,2009-07-11T05:01:00,,,,,,,3.7,2009-07-11T12:00:00,,,,,,,,,,,,,,86,2009-07-11T06:39:00,,,,,,1487.9,2009-07-11T23:16:00,,,,1449.3,2009-07-11T01:32:00,,,,,,,,,,,,,,,,,,,6.7,,,,,,,21.0,,,0,,0,,0,,0,,0,,0,,0,,0,,0,,0,,0,,0,,0,,0,,0,,0,,0,,3,,19,,1,,1,,0,,0,,0,,0,,0,,0,,0,,0,,0,,0,,0,,0,,0,,0,,0,,0,,0,,,180,,,8.8,2009-07-11T00:51:00,,,0.0,,0.0,,0.0,,0.0,,0.0,,0.0,,0.0,,0.0,,0.0,,0.0,,0.0,,0.0,,0.0,,0.0,,0.0,,0.0,,0.0,,14.8,,96.0,,3.8,,3.0,,0.0,,0.0,,0.0,,0.0,,0.0,,0.0,,0.0,,0.0,,0.0,,0.0,,0.0,,0.0,,0.0,,0.0,,0.0,,0.0,,0.0,
2009-07-12,915.6,1474.4,916.8,2009-07-12T00:01:00,913.9,2009-07-12T16:29:00,23.9,28.0,2009-07-12T12:18:00,21.3,2009-07-12T01:08:00,20.2,80,66,2009-07-12T13:03:00,3.9,170,16.1,140,2009-07-12T20:21:00,0.0,0.0,0.0,,0.0,,10.7,79.0,28.55,-4.3,,,,,,,,,,,,,3.2,,21.7,2009-07-12T09:11:00,,,,18.9,2009-07-12T18:39:00,,,,,,,3.82,2009-07-12T12:00:00,,,,,,,,,,,,,,89,2009-07-12T04:22:00,,,,,,1487.3,2009-07-12T00:20:00,,,,1457.1,2009-07-12T16:40:00,,,,,,,,,,,,,,,,,,,6.7,,,,,,,21.5,,,2,,0,,0,,0,,0,,0,,0,,0,,0,,0,,0,,0,,0,,0,,1,,3,,1,,9,,7,,1,,0,,0,,0,,0,,0,,0,,0,,0,,0,,0,,0,,0,,0,,0,,0,,0,,0,,0,,,180,,,6.3,2009-07-12T18:24:00,,,0.3,,0.0,,0.0,,0.0,,0.0,,0.0,,0.0,,0.0,,0.0,,0.0,,0.0,,0.0,,0.0,,0.0,,1.0,,7.6,,4.2,,43.8,,35.8,,1.7,,0.0,,0.0,,0.0,,0.0,,0.0,,0.0,,0.0,,0.0,,0.0,,0.0,,0.0,,0.0,,0.0,,0.0,,0.0,,0.0,,0.0,,0.0,
2009-07-13,912.3,1439.1,915.4,2009-07-13T00:04:00,909.3,2009-07-13T18:33:00,22.0,23.3,2009-07-13T13:31:00,21.3,2009-07-13T01:04:00,20.5,91,84,2009-07-13T18:14:00,7.6,180,25.0,170,2009-07-13T13:31:00,2.0,10.2,0.5,2009-07-13T09:30:00,1.0,2009-07-13T11:41:00,0.2,1.5,6.3,-0.9,,,,,,,,,,,,,10.0,,23.0,2009-07-13T13:03:00,,,,19.1,2009-07-13T22:26:00,,,,,,,1.56,2009-07-13T13:00:00,,,,,,,,,,,,,,100,2009-07-13T02:43:00,,,,,,1473.7,2009-07-13T00:04:00,,,,1410.0,2009-07-13T18:33:00,,,,,,,,,,,,,,,,,,,2.0,,,,,,,10.5,,,0,,0,,0,,0,,0,,0,,0,,0,,0,,0,,0,,0,,0,,0,,0,,0,,0,,2,,20,,2,,0,,0,,0,,0,,0,,0,,0,,0,,0,,0,,0,,0,,0,,0,,0,,0,,0,,0,,,180,,,11.5,2009-07-13T19:37:00,,,0.0,,0.0,,0.0,,0.0,,0.0,,0.0,,0.0,,0.0,,0.0,,0.0,,0.0,,0.0,,0.0,,0.0,,0.0,,0.0,,0.0,,14.1,,157.9,,11.2,,0.0,,0.0,,0.0,,0.0,,0.0,,0.0,,0.0,,0.0,,0.0,,0.0,,0.0,,0.0,,0.0,,0.0,,0.0,,0.0,,0.0,,0.0,
2009-07-14,915.9,1474.5,918.1,2009-07-14T22:12:00,912.8,2009-07-14T02:48:00,22.6,26.8,2009-07-14T10:32:00,20.5,2009-07-14T05:31:00,19.8,84,74,2009-07-14T10:04:00,2.9,340,10.8,180,2009-07-14T03:10:00,-9.8,1.4,-9.8,2009-07-14T16:25:00,-9.8,2009-07-14T16:25:00,3.5,25.9,11.73,-1.0,,,,,,,,,,,,,8.5,,22.0,2009-07-14T10:13:00,,,,18.2,2009-07-14T05:30:00,,,,,,,2.97,2009-07-14T11:00:00,,,,,,,,,,,,,,89,2009-07-14T23:43:00,,,,,,1498.4,2009-07-14T22:13:00,,,,1442.8,2009-07-14T03:05:00,,,,,,,,,,,,,,,,,,,6.3,,,,,,,12.0,,,4,,0,,0,,0,,0,,0,,0,,0,,0,,0,,0,,0,,0,,0,,1,,0,,1,,1,,5,,0,,0,,0,,0,,0,,0,,0,,0,,0,,0,,0,,0,,0,,1,,0,,6,,5,,0,,0,,,350,,,6.4,2009-07-14T14:23:00,,,0.2,,0.0,,0.0,,0.0,,0.0,,0.0,,0.0,,0.0,,0.0,,0.0,,0.0,,0.0,,0.0,,0.0,,0.7,,0.0,,1.0,,4.6,,14.0,,0.0,,0.0,,0.0,,0.0,,0.0,,0.0,,0.0,,0.0,,0.0,,0.0,,0.0,,0.0,,0.0,,1.7,,0.0,,28.3,,18.7,,0.0,,0.0,
2009-07-15,917.6,1490.2,918.9,2009-07-15T10:51:00,916.5,2009-07-15T04:13:00,23.0,26.1,2009-07-15T12:04:00,20.4,2009-07-15T02:22:00,19.9,83,75,2009-07-15T16:43:00,2.6,350,14.5,170,2009-07-15T22:33:00,0.0,0.0,0.0,,0.0,,2.9,21.5,12.0,2.3,,,,,,,,,,,,,5.0,,22.4,2009-07-15T12:05:00,,,,18.3,2009-07-15T02:24:00,,,,,,,1.77,2009-07-15T12:00:00,,,,,,,,,,,,,,91,2009-07-15T06:32:00,,,,,,1503.1,2009-07-15T12:03:00,,,,1477.1,2009-07-15T04:14:00,,,,,,,,,,,,,,,,,,,5.7,,,,,,,13.5,,,3,,0,,1,,0,,0,,0,,0,,2,,1,,0,,0,,1,,0,,0,,0,,0,,0,,0,,3,,1,,0,,0,,0,,0,,0,,0,,0,,0,,0,,0,,0,,0,,0,,1,,3,,5,,1,,2,,,190,,,6.5,2009-07-15T22:28:00,,,0.1,,0.0,,2.0,,0.0,,0.0,,0.0,,0.0,,7.5,,3.0,,0.0,,0.0,,0.6,,0.0,,0.0,,0.0,,0.0,,0.0,,0.0,,13.3,,4.2,,0.0,,0.0,,0.0,,0.0,,0.0,,0.0,,0.0,,0.0,,0.0,,0.0,,0.0,,0.0,,0.0,,0.7,,12.2,,15.7,,2.7,,1.0,
2009-07-16,916.5,1482.2,918.4,2009-07-16T08:36:00,914.9,2009-07-16T16:17:00,23.7,28.2,2009-07-16T12:50:00,21.3,2009-07-16T05:35:00,19.9,79,67,2009-07-16T14:40:00,4.1,180,19.6,130,2009-07-16T20:46:00,0.0,0.0,0.0,,0.0,,8.5,62.9,25.45,5.5,,,,,,,,,,,,,3.5,,23.1,2009-07-16T11:32:00,,,,17.4,2009-07-16T22:50:00,,,,,,,3.49,2009-07-16T14:00:00,,,,,,,,,,,,,,90,2009-07-16T04:37:00,,,,,,1501.6,2009-07-16T09:34:00,,,,1464.5,2009-07-16T17:42:00,,,,,,,,,,,,,,,,,,,6.9,,,,,,,14.6,,,0,,0,,0,,0,,0,,0,,0,,0,,0,,0,,0,,0,,0,,0,,1,,3,,3,,1,,11,,2,,0,,0,,0,,0,,0,,0,,0,,0,,0,,0,,0,,0,,0,,0,,2,,0,,1,,0,,,180,,,8.9,2009-07-16T22:11:00,,,0.0,,0.0,,0.0,,0.0,,0.0,,0.0,,0.0,,0.0,,0.0,,0.0,,0.0,,0.0,,0.0,,0.0,,1.4,,5.7,,5.1,,2.9,,68.2,,10.2,,0.0,,0.0,,0.0,,0.0,,0.0,,0.0,,0.0,,0.0,,0.0,,0.0,,0.0,,0.0,,0.0,,0.0,,4.2,,0.0,,0.9,,0.0,
2009-07-17,912.5,1443.2,915.0,2009-07-17T00:01:00,910.4,2009-07-17T18:10:00,23.0,26.4,2009-07-17T12:18:00,21.6,2009-07-17T18:00:00,19.6,82,74,2009-07-17T11:31:00,8.6,180,28.9,180,2009-07-17T20:21:00,0.5,1.8,0.3,2009-07-17T20:21:00,0.5,2009-07-17T20:21:00,3.5,25.9,17.7,-2.0,,,,,,,,,,,,,6.0,,21.5,2009-07-17T10:10:00,,,,18.2,2009-07-17T04:14:00,,,,,,,3.17,2009-07-17T12:00:00,,,,,,,,,,,,,,88,2009-07-17T17:57:00,,,,,,1469.3,2009-07-17T00:07:00,,,,1420.4,2009-07-17T18:10:00,,,,,,,,,,,,,,,,,,,4.8,,,,,,,20.0,,,0,,0,,0,,0,,0,,0,,0,,0,,0,,0,,0,,0,,0,,0,,0,,0,,0,,3,,21,,0,,0,,0,,0,,0,,0,,0,,0,,0,,0,,0,,0,,0,,0,,0,,0,,0,,0,,0,,,180,,,11.9,2009-07-17T18:13:00,,,0.0,,0.0,,0.0,,0.0,,0.0,,0.0,,0.0,,0.0,,0.0,,0.0,,0.0,,0.0,,0.0,,0.0,,0.0,,0.0,,0.0,,22.1,,183.8,,0.0,,0.0,,0.0,,0.0,,0.0,,0.0,,0.0,,0.0,,0.0,,0.0,,0.0,,0.0,,0.0,,0.0,,0.0,,0.0,,0.0,,0.0,,0.0,
2009-07-18,911.6,1434.0,916.0,2009-07-18T22:06:00,908.0,2009-07-18T04:58:00,23.3,26.7,2009-07-18T12:12:00,21.5,2009-07-18T01:25:00,20.1,83,74,2009-07-18T10:42:00,6.2,180,28.5,180,2009-07-18T08:17:00,0.5,1.5,0.2,2009-07-18T17:01:00,0.5,2009-07-18T17:01:00,2.8,20.8,15.26,-2.2,,,,,,,,,,,,,7.7,,22.0,2009-07-18T13:26:00,,,,19.0,2009-07-18T00:01:00,,,,,,,3.03,2009-07-18T11:00:00,,,,,,,,,,,,,,88,2009-07-18T03:29:00,,,,,,1477.8,2009-07-18T22:24:00,,,,1397.7,2009-07-18T04:58:00,,,,,,,,,,,,,,,,,,,5.2,,,,,,,16.3,,,6,,0,,0,,0,,0,,0,,0,,0,,0,,0,,0,,0,,0,,0,,0,,0,,0,,0,,15,,1,,0,,1,,0,,0,,0,,1,,0,,0,,0,,0,,0,,0,,0,,0,,0,,0,,0,,0,,,180,,,13.2,2009-07-18T07:08:00,,,0.2,,0.0,,0.0,,0.0,,0.0,,0.0,,0.0,,0.0,,0.0,,0.0,,0.0,,0.0,,0.0,,0.0,,0.0,,0.0,,0.0,,0.0,,145.1,,1.2,,0.0,,0.3,,0.0,,0.0,,0.0,,1.6,,0.0,,0.0,,0.0,,0.0,,0.0,,0.0,,0.0,,0.0,,0.0,,0.0,,0.0,,0.0,
2009-07-19,917.4,1489.3,920.3,2009-07-19T22:25:00,915.0,2009-07-19T03:00:00,23.0,27.3,2009-07-19T12:53:00,20.6,2009-07-19T02:47:00,20.8,88,79,2009-07-19T12:41:00,1.7,350,7.3,330,2009-07-19T15:16:00,-9.8,1.0,-9.8,2009-07-19T08:49:00,-9.8,2009-07-19T08:49:00,1.5,11.1,9.9,-0.8,,,,,,,,,,,,,8.8,,24.1,2009-07-19T11:08:00,,,,18.3,2009-07-19T02:07:00,,,,,,,2.32,2009-07-19T13:00:00,,,,,,,,,,,,,,99,2009-07-19T06:54:00,,,,,,1518.1,2009-07-19T23:22:00,,,,1466.3,2009-07-19T03:14:00,,,,,,,,,,,,,,,,,,,6.7,,,,,,,7.7,,,8,,0,,0,,0,,0,,1,,0,,0,,0,,0,,1,,0,,0,,0,,0,,0,,0,,0,,0,,0,,1,,0,,0,,0,,0,,0,,0,,0,,0,,0,,0,,0,,0,,0,,4,,9,,0,,0,,,340,,,5.1,2009-07-19T15:07:00,,,0.3,,0.0,,0.0,,0.0,,0.0,,0.5,,0.0,,0.0,,0.0,,0.0,,0.5,,0.0,,0.0,,0.0,,0.0,,0.0,,0.0,,0.0,,0.0,,0.0,,0.3,,0.0,,0.0,,0.0,,0.0,,0.0,,0.0,,0.0,,0.0,,0.0,,0.0,,0.0,,0.0,,0.0,,13.6,,26.0,,0.0,,0.0,
2009-07-20,920.6,1519.3,921.7,2009-07-20T21:37:00,918.9,2009-07-20T03:07:00,22.8,25.8,2009-07-20T14:30:00,21.4,2009-07-20T03:54:00,20.9,89,78,2009-07-20T14:29:00,1.4,360,7.1,360,2009-07-20T11:46:00,-9.8,1.0,-9.8,2009-07-20T10:26:00,-9.8,2009-07-20T10:26:00,0.3,2.2,7.51,-0.6,,,,,,,,,,,,,10.0,,22.3,2009-07-20T01:54:00,,,,19.2,2009-07-20T19:24:00,,,,,,,1.57,2009-07-20T12:00:00,,,,,,,,,,,,,,100,2009-07-20T06:15:00,,,,,,1529.3,2009-07-20T12:03:00,,,,1501.9,2009-07-20T03:35:00,,,,,,,,,,,,,,,,,,,4.4,,,,,,,12.7,,,5,,1,,1,,0,,1,,0,,0,,0,,0,,0,,0,,0,,0,,0,,0,,0,,2,,0,,1,,0,,0,,0,,0,,0,,0,,0,,0,,0,,0,,0,,0,,0,,0,,2,,2,,3,,6,,0,,,350,,,4.3,2009-07-20T00:02:00,,,0.3,,0.4,,1.7,,0.0,,0.7,,0.0,,0.0,,0.0,,0.0,,0.0,,0.0,,0.0,,0.0,,0.0,,0.0,,0.0,,1.3,,0.0,,1.1,,0.0,,0.0,,0.0,,0.0,,0.0,,0.0,,0.0,,0.0,,0.0,,0.0,,0.0,,0.0,,0.0,,0.0,,4.4,,3.1,,8.7,,12.9,,0.0,
2009-07-21,918.9,1504.9,921.1,2009-07-21T00:01:00,916.8,2009-07-21T17:02:00,24.3,27.8,2009-07-21T14:48:00,21.9,2009-07-21T00:28:00,21.2,83,74,2009-07-21T12:50:00,1.6,160,10.8,10,2009-07-21T07:18:00,0.0,0.0,0.0,,0.0,,3.4,25.3,13.37,2.3,,,,,,,,,,,,,7.7,,23.7,2009-07-21T14:49:00,,,,19.7,2009-07-21T00:19:00,,,,,,,2.41,2009-07-21T13:00:00,,,,,,,,,,,,,,89,2009-07-21T02:27:00,,,,,,1525.3,2009-07-21T00:26:00,,,,1485.7,2009-07-21T17:13:00,,,,,,,,,,,,,,,,,,,5.9,,,,,,,9.7,,,0,,0,,0,,0,,1,,2,,0,,2,,0,,2,,2,,0,,1,,1,,2,,3,,4,,0,,1,,0,,0,,0,,0,,0,,0,,0,,0,,0,,0,,0,,0,,0,,0,,0,,1,,0,,2,,0,,,350,,,4.3,2009-07-21T07:27:00,,,0.0,,0.0,,0.0,,0.0,,1.6,,0.8,,0.0,,2.3,,0.0,,2.0,,2.7,,0.0,,1.5,,1.1,,4.7,,7.5,,8.7,,0.0,,0.8,,0.0,,0.0,,0.0,,0.0,,0.0,,0.0,,0.0,,0.0,,0.0,,0.0,,0.0,,0.0,,0.0,,0.0,,0.0,,1.3,,0.0,,2.9,,0.0,
2009-07-22,916.4,1482.4,917.6,2009-07-22T06:24:00,914.8,2009-07-22T15:51:00,23.9,28.5,2009-07-22T13:17:00,22.1,2009-07-22T03:41:00,20.5,81,72,2009-07-22T13:17:00,2.0,350,9.9,360,2009-07-22T05:17:00,0.0,0.0,0.0,,0.0,,5.0,37.3,18.02,3.5,,,,,,,,,,,,,6.3,,23.6,2009-07-22T11:54:00,,,,18.9,2009-07-22T23:05:00,,,,,,,3.53,2009-07-22T13:00:00,,,,,,,,,,,,,,89,2009-07-22T03:01:00,,,,,,1492.5,2009-07-22T06:24:00,,,,1466.0,2009-07-22T16:30:00,,,,,,,,,,,,,,,,,,,6.4,,,,,,,10.3,,,0,,2,,0,,0,,0,,1,,0,,1,,0,,0,,2,,1,,1,,1,,0,,1,,2,,1,,0,,0,,1,,0,,0,,0,,0,,0,,0,,0,,1,,0,,0,,0,,0,,0,,0,,2,,2,,5,,,350,,,5.2,2009-07-22T14:29:00,,,0.0,,6.4,,0.0,,0.0,,0.0,,0.9,,0.0,,1.3,,0.0,,0.0,,3.1,,1.5,,2.3,,1.5,,0.0,,2.8,,5.0,,1.4,,0.0,,0.0,,0.7,,0.0,,0.0,,0.0,,0.0,,0.0,,0.0,,0.0,,1.1,,0.0,,0.0,,0.0,,0.0,,0.0,,0.0,,7.4,,6.2,,7.1,
2009-07-23,915.2,1470.1,916.3,2009-07-23T00:03:00,914.2,2009-07-23T16:31:00,23.5,27.1,2009-07-23T10:04:00,21.7,2009-07-23T05:23:00,19.5,79,72,2009-07-23T02:50:00,2.7,140,11.2,150,2009-07-23T23:54:00,0.0,0.0,0.0,,0.0,,2.3,17.2,11.71,2.1,,,,,,,,,,,,,7.0,,22.0,2009-07-23T09:25:00,,,,17.2,2009-07-23T05:40:00,,,,,,,2.64,2009-07-23T10:00:00,,,,,,,,,,,,,,84,2009-07-23T11:05:00,,,,,,1483.8,2009-07-23T00:03:00,,,,1458.3,2009-07-23T16:51:00,,,,,,,,,,,,,,,,,,,5.4,,,,,,,13.8,,,0,,1,,2,,1,,1,,2,,2,,0,,0,,2,,1,,0,,0,,1,,3,,2,,1,,0,,0,,0,,0,,0,,0,,0,,0,,0,,0,,0,,0,,0,,0,,0,,0,,0,,0,,2,,2,,1,,,150,,,4.9,2009-07-23T23:55:00,,,0.0,,3.3,,5.0,,2.0,,3.9,,4.4,,4.1,,0.0,,0.0,,4.9,,1.6,,0.0,,0.0,,3.6,,8.2,,4.7,,4.6,,0.0,,0.0,,0.0,,0.0,,0.0,,0.0,,0.0,,0.0,,0.0,,0.0,,0.0,,0.0,,0.0,,0.0,,0.0,,0.0,,0.0,,0.0,,7.2,,6.2,,1.3,
2009-07-24,914.4,1461.4,915.3,2009-07-24T10:56:00,913.2,2009-07-24T05:03:00,23.5,26.7,2009-07-24T10:15:00,21.6,2009-07-24T04:47:00,19.5,78,73,2009-07-24T00:13:00,1.8,30,14.1,180,2009-07-24T06:02:00,0.0,0.0,0.0,,0.0,,3.0,22.4,11.71,1.4,,,,,,,,,,,,,6.7,,22.1,2009-07-24T10:17:00,,,,17.9,2009-07-24T05:33:00,,,,,,,2.37,2009-07-24T10:00:00,,,,,,,,,,,,,,83,2009-07-24T11:09:00,,,,,,1472.8,2009-07-24T22:46:00,,,,1448.4,2009-07-24T05:03:00,,,,,,,,,,,,,,,,,,,5.1,,,,,,,11.8,,,0,,2,,2,,4,,0,,0,,0,,0,,0,,0,,0,,3,,1,,2,,2,,2,,0,,0,,0,,0,,0,,0,,0,,0,,0,,0,,0,,0,,0,,0,,0,,0,,0,,1,,0,,0,,3,,2,,,140,,,5.2,2009-07-24T06:11:00,,,0.0,,4.0,,2.4,,5.7,,0.0,,0.0,,0.0,,0.0,,0.0,,0.0,,0.0,,5.8,,1.6,,4.8,,4.5,,4.7,,0.0,,0.0,,0.0,,0.0,,0.0,,0.0,,0.0,,0.0,,0.0,,0.0,,0.0,,0.0,,0.0,,0.0,,0.0,,0.0,,0.0,,2.2,,0.0,,0.0,,6.7,,1.5,
2009-07-25,915.3,1469.9,917.0,2009-07-25T22:28:00,913.9,2009-07-25T03:59:00,23.3,28.4,2009-07-25T11:50:00,20.8,2009-07-25T05:19:00,20.1,82,71,2009-07-25T10:21:00,1.7,360,14.3,150,2009-07-25T03:27:00,2.5,0.8,2.0,2009-07-25T17:36:00,2.5,2009-07-25T17:25:00,3.9,29.2,13.42,-2.5,,,,,,,,,,,,,7.5,,23.3,2009-07-25T10:41:00,,,,17.8,2009-07-25T03:24:00,,,,,,,3.23,2009-07-25T12:00:00,,,,,,,,,,,,,,88,2009-07-25T17:58:00,,,,,,1489.4,2009-07-25T23:11:00,,,,1454.9,2009-07-25T14:53:00,,,,,,,,,,,,,,,,,,,7.6,,,,,,,13.7,,,2,,1,,0,,0,,1,,0,,0,,0,,0,,0,,0,,0,,0,,1,,1,,1,,1,,3,,2,,3,,1,,0,,0,,0,,0,,0,,0,,0,,0,,0,,0,,0,,0,,1,,2,,0,,4,,0,,,360,,,5.8,2009-07-25T14:59:00,,,0.1,,1.6,,0.0,,0.0,,0.8,,0.0,,0.0,,0.0,,0.0,,0.0,,0.0,,0.0,,0.0,,3.0,,2.0,,1.6,,2.1,,3.0,,6.2,,2.5,,0.6,,0.0,,0.0,,0.0,,0.0,,0.0,,0.0,,0.0,,0.0,,0.0,,0.0,,0.0,,0.0,,0.9,,3.7,,0.0,,13.8,,0.0,
2009-07-26,915.5,1470.6,916.4,2009-07-26T21:47:00,914.2,2009-07-26T15:58:00,23.0,27.5,2009-07-26T13:29:00,20.2,2009-07-26T02:28:00,20.4,86,70,2009-07-26T01:31:00,1.2,350,8.7,110,2009-07-26T23:36:00,14.0,1.2,8.5,2009-07-26T16:26:00,14.0,2009-07-26T16:05:00,2.8,21.0,12.69,-1.4,,,,,,,,,,,,,9.2,,23.4,2009-07-26T14:11:00,,,,17.7,2009-07-26T02:26:00,,,,,,,2.49,2009-07-26T14:00:00,,,,,,,,,,,,,,100,2009-07-26T16:27:00,,,,,,1482.1,2009-07-26T22:06:00,,,,1456.0,2009-07-26T16:34:00,,,,,,,,,,,,,,,,,,,7.3,,,,,,,11.0,,,6,,0,,1,,0,,2,,0,,0,,1,,1,,0,,0,,0,,0,,0,,0,,0,,0,,1,,1,,1,,1,,0,,0,,0,,0,,0,,2,,0,,1,,0,,0,,0,,1,,0,,2,,3,,0,,0,,,360,,,5.0,2009-07-26T16:36:00,,,0.1,,0.0,,0.6,,0.0,,3.6,,0.0,,0.0,,1.5,,0.5,,0.0,,0.0,,0.0,,0.0,,0.0,,0.0,,0.0,,0.0,,1.3,,1.2,,0.3,,1.6,,0.0,,0.0,,0.0,,0.0,,0.0,,1.7,,0.0,,1.9,,0.0,,0.0,,0.0,,0.4,,0.0,,5.9,,9.2,,0.0,,0.0,
2009-07-27,914.7,1463.4,915.9,2009-07-27T07:56:00,913.3,2009-07-27T16:07:00,23.0,26.0,2009-07-27T12:20:00,21.0,2009-07-27T04:26:00,20.2,84,78,2009-07-27T08:29:00,1.6,350,8.4,220,2009-07-27T03:10:00,0.0,0.0,0.0,,0.0,,1.5,11.2,11.66,1.5,,,,,,,,,,,,,8.3,,22.3,2009-07-27T10:11:00,,,,18.5,2009-07-27T23:31:00,,,,,,,2.13,2009-07-27T10:00:00,,,,,,,,,,,,,,87,2009-07-27T00:38:00,,,,,,1475.5,2009-07-27T08:50:00,,,,1449.1,2009-07-27T16:18:00,,,,,,,,,,,,,,,,,,,5.0,,,,,,,9.3,,,4,,0,,0,,0,,0,,0,,0,,0,,0,,0,,1,,0,,0,,0,,0,,0,,3,,1,,3,,0,,0,,1,,0,,0,,0,,0,,0,,1,,0,,1,,0,,0,,0,,1,,4,,4,,0,,0,,,340,,,4.7,2009-07-27T15:42:00,,,0.0,,0.0,,0.0,,0.0,,0.0,,0.0,,0.0,,0.0,,0.0,,0.0,,2.1,,0.0,,0.0,,0.0,,0.0,,0.0,,3.3,,2.4,,2.7,,0.0,,0.0,,3.7,,0.0,,0.0,,0.0,,0.0,,0.0,,1.2,,0.0,,1.2,,0.0,,0.0,,0.0,,2.0,,8.2,,11.3,,0.0,,0.0,
2009-07-28,914.5,1461.7,915.8,2009-07-28T21:30:00,913.7,2009-07-28T03:05:00,23.0,26.9,2009-07-28T11:00:00,20.9,2009-07-28T00:29:00,20.3,84,77,2009-07-28T11:00:00,1.4,350,7.2,20,2009-07-28T04:42:00,-9.8,0.3,-9.8,2009-07-28T16:22:00,-9.8,2009-07-28T16:22:00,0.8,6.0,9.38,-1.7,,,,,,,,,,,,,7.8,,22.6,2009-07-28T11:00:00,,,,18.3,2009-07-28T01:05:00,,,,,,,1.93,2009-07-28T11:00:00,,,,,,,,,,,,,,90,2009-07-28T06:31:00,,,,,,1475.2,2009-07-28T21:30:00,,,,1453.5,2009-07-28T01:50:00,,,,,,,,,,,,,,,,,,,6.0,,,,,,,10.3,,,4,,1,,3,,1,,1,,0,,0,,0,,0,,0,,0,,0,,1,,1,,0,,1,,0,,1,,1,,0,,1,,0,,0,,0,,0,,0,,1,,0,,0,,0,,0,,0,,1,,1,,2,,3,,0,,0,,,360,,,4.2,2009-07-28T16:19:00,,,0.5,,1.3,,6.1,,1.2,,1.5,,0.0,,0.0,,0.0,,0.0,,0.0,,0.0,,0.0,,0.3,,1.6,,0.0,,1.1,,0.0,,1.2,,0.4,,0.0,,0.5,,0.0,,0.0,,0.0,,0.0,,0.0,,1.5,,0.0,,0.0,,0.0,,0.0,,0.0,,1.7,,0.9,,4.5,,9.2,,0.0,,0.0,
2009-07-29,916.2,1477.7,917.8,2009-07-29T21:49:00,914.8,2009-07-29T00:37:00,23.1,25.2,2009-07-29T12:09:00,21.3,2009-07-29T04:23:00,20.8,87,80,2009-07-29T21:13:00,1.1,350,5.0,340,2009-07-29T10:31:00,0.0,0.0,0.0,,0.0,,1.8,13.5,7.91,0.6,,,,,,,,,,,,,6.7,,24.2,2009-07-29T14:53:00,,,,18.9,2009-07-29T04:24:00,,,,,,,1.29,2009-07-29T08:00:00,,,,,,,,,,,,,,100,2009-07-29T13:32:00,,,,,,1494.1,2009-07-29T21:49:00,,,,1463.3,2009-07-29T03:55:00,,,,,,,,,,,,,,,,,,,3.9,,,,,,,9.3,,,6,,0,,0,,0,,0,,0,,0,,0,,0,,0,,0,,1,,0,,1,,0,,0,,0,,1,,3,,0,,0,,2,,0,,0,,0,,0,,0,,0,,0,,0,,0,,0,,0,,0,,4,,6,,0,,0,,,340,,,3.5,2009-07-29T10:31:00,,,0.7,,0.0,,0.0,,0.0,,0.0,,0.0,,0.0,,0.0,,0.0,,0.0,,0.0,,0.9,,0.0,,1.3,,0.0,,0.0,,0.0,,0.3,,2.4,,0.0,,0.0,,0.9,,0.0,,0.0,,0.0,,0.0,,0.0,,0.0,,0.0,,0.0,,0.0,,0.0,,0.0,,0.0,,6.3,,12.4,,0.0,,0.0,
2009-07-30,916.1,1478.0,917.4,2009-07-30T22:08:00,915.1,2009-07-30T14:16:00,23.8,29.1,2009-07-30T12:31:00,21.1,2009-07-30T03:47:00,21.1,85,72,2009-07-30T14:19:00,0.9,340,6.9,180,2009-07-30T13:24:00,0.0,0.0,0.0,,0.0,,3.8,28.6,15.76,2.1,,,,,,,,,,,,,5.8,,24.5,2009-07-30T13:38:00,,,,19.0,2009-07-30T03:00:00,,,,,,,2.62,2009-07-30T14:00:00,,,,,,,,,,,,,,95,2009-07-30T06:41:00,,,,,,1491.0,2009-07-30T22:21:00,,,,1467.9,2009-07-30T17:40:00,,,,,,,,,,,,,,,,,,,8.0,,,,,,,14.5,,,9,,2,,0,,0,,0,,0,,0,,0,,0,,0,,0,,0,,0,,0,,0,,0,,0,,2,,2,,3,,0,,1,,0,,0,,0,,0,,0,,0,,0,,0,,0,,0,,0,,0,,4,,1,,0,,0,,,340,,,3.1,2009-07-30T15:36:00,,,0.4,,2.2,,0.0,,0.0,,0.0,,0.0,,0.0,,0.0,,0.0,,0.0,,0.0,,0.0,,0.0,,0.0,,0.0,,0.0,,0.0,,1.8,,2.8,,2.6,,0.0,,0.3,,0.0,,0.0,,0.0,,0.0,,0.0,,0.0,,0.0,,0.0,,0.0,,0.0,,0.0,,0.0,,7.6,,2.8,,0.0,,0.0,
2009-07-31,915.4,1471.2,916.7,2009-07-31T09:16:00,914.0,2009-07-31T16:31:00,23.7,27.8,2009-07-31T13:34:00,20.1,2009-07-31T04:45:00,20.3,82,72,2009-07-31T09:02:00,3.0,170,12.6,140,2009-07-31T23:36:00,0.0,0.0,0.0,,0.0,,10.8,81.4,28.2,3.6,,,,,,,,,,,,,3.0,,23.4,2009-07-31T13:34:00,,,,17.5,2009-07-31T03:46:00,,,,,,,3.71,2009-07-31T11:00:00,,,,,,,,,,,,,,91,2009-07-31T06:38:00,,,,,,1485.6,2009-07-31T00:24:00,,,,1456.5,2009-07-31T16:45:00,,,,,,,,,,,,,,,,,,,7.7,,,,,,,18.7,,,1,,0,,0,,0,,0,,0,,0,,0,,0,,0,,0,,1,,0,,0,,1,,3,,3,,9,,4,,0,,2,,0,,0,,0,,0,,0,,0,,0,,0,,0,,0,,0,,0,,0,,0,,0,,0,,0,,,140,,,5.3,2009-07-31T19:06:00,,,0.0,,0.0,,0.0,,0.0,,0.0,,0.0,,0.0,,0.0,,0.0,,0.0,,0.0,,3.2,,0.0,,0.0,,1.9,,10.8,,8.3,,32.4,,14.9,,0.0,,1.2,,0.0,,0.0,,0.0,,0.0,,0.0,,0.0,,0.0,,0.0,,0.0,,0.0,,0.0,,0.0,,0.0,,0.0,,0.0,,0.0,,0.0,
2009-08-01,912.8,1446.5,914.7,2009-08-01T00:02:00,911.3,2009-08-01T16:38:00,23.2,27.2,2009-08-01T11:44:00,21.8,2009-08-01T05:22:00,20.4,84,77,2009-08-01T11:44:00,4.3,170,14.5,140,2009-08-01T18:50:00,0.0,0.0,0.0,,0.0,,3.2,24.1,15.95,2.7,,,,,,,,,,,,,8.2,,23.1,2009-08-01T12:26:00,,,,19.2,2009-08-01T01:50:00,,,,,,,3.3,2009-08-01T13:00:00,,,,,,,,,,,,,,87,2009-08-01T00:01:00,,,,,,1466.6,2009-08-01T00:02:00,,,,1430.1,2009-08-01T16:46:00,,,,,,,,,,,,,,,,,,,5.4,,,,,,,15.0,,,0,,0,,0,,0,,0,,0,,0,,0,,0,,0,,0,,0,,0,,0,,0,,0,,2,,11,,8,,3,,0,,0,,0,,0,,0,,0,,0,,0,,0,,0,,0,,0,,0,,0,,0,,0,,0,,0,,,160,,,5.9,2009-08-01T13:46:00,,,0.0,,0.0,,0.0,,0.0,,0.0,,0.0,,0.0,,0.0,,0.0,,0.0,,0.0,,0.0,,0.0,,0.0,,0.0,,0.0,,8.9,,46.7,,33.9,,12.5,,0.0,,0.0,,0.0,,0.0,,0.0,,0.0,,0.0,,0.0,,0.0,,0.0,,0.0,,0.0,,0.0,,0.0,,0.0,,0.0,,0.0,,0.0,
2009-08-02,909.6,1416.4,912.4,2009-08-02T00:02:00,907.6,2009-08-02T16:24:00,24.1,27.1,2009-08-02T13:43:00,22.4,2009-08-02T05:34:00,21.3,84,77,2009-08-02T13:38:00,5.6,180,19.6,190,2009-08-02T18:06:00,0.0,0.0,0.0,,0.0,,3.4,25.7,15.06,3.2,,,,,,,,,,,,,7.0,,23.3,2009-08-02T13:04:00,,,,20.3,2009-08-02T00:01:00,,,,,,,2.66,2009-08-02T14:00:00,,,,,,,,,,,,,,90,2009-08-02T02:29:00,,,,,,1445.3,2009-08-02T00:21:00,,,,1397.5,2009-08-02T16:25:00,,,,,,,,,,,,,,,,,,,4.7,,,,,,,16.8,,,0,,0,,0,,0,,0,,0,,0,,0,,0,,0,,0,,0,,0,,0,,0,,0,,1,,6,,16,,1,,0,,0,,0,,0,,0,,0,,0,,0,,0,,0,,0,,0,,0,,0,,0,,0,,0,,0,,,180,,,7.2,2009-08-02T18:38:00,,,0.0,,0.0,,0.0,,0.0,,0.0,,0.0,,0.0,,0.0,,0.0,,0.0,,0.0,,0.0,,0.0,,0.0,,0.0,,0.0,,4.3,,34.2,,91.1,,5.5,,0.0,,0.0,,0.0,,0.0,,0.0,,0.0,,0.0,,0.0,,0.0,,0.0,,0.0,,0.0,,0.0,,0.0,,0.0,,0.0,,0.0,,0.0,
2009-08-03,910.8,1429.2,913.3,2009-08-03T21:58:00,908.8,2009-08-03T02:20:00,24.0,28.9,2009-08-03T12:29:00,22.4,2009-08-03T22:25:00,21.3,85,74,2009-08-03T12:28:00,3.7,180,16.9,170,2009-08-03T00:42:00,6.0,2.7,3.0,2009-08-03T14:42:00,3.5,2009-08-03T14:40:00,3.2,24.2,15.01,-1.2,,,,,,,,,,,,,8.0,,24.0,2009-08-03T12:30:00,,,,20.0,2009-08-03T02:40:00,,,,,,,2.86,2009-08-03T12:00:00,,,,,,,,,,,,,,92,2009-08-03T17:11:00,,,,,,1454.3,2009-08-03T22:33:00,,,,1410.1,2009-08-03T03:25:00,,,,,,,,,,,,,,,,,,,6.5,,,,,,,13.7,,,0,,0,,0,,0,,0,,2,,0,,0,,0,,0,,0,,0,,0,,0,,0,,0,,0,,3,,6,,3,,0,,0,,0,,0,,0,,0,,0,,0,,0,,0,,0,,0,,1,,1,,4,,2,,2,,0,,,180,,,7.7,2009-08-03T03:53:00,,,0.0,,0.0,,0.0,,0.0,,0.0,,1.7,,0.0,,0.0,,0.0,,0.0,,0.0,,0.0,,0.0,,0.0,,0.0,,0.0,,0.0,,15.9,,34.3,,12.8,,0.0,,0.0,,0.0,,0.0,,0.0,,0.0,,0.0,,0.0,,0.0,,0.0,,0.0,,0.0,,3.5,,0.9,,9.3,,6.0,,4.1,,0.0,
2009-08-04,912.8,1445.3,914.0,2009-08-04T21:04:00,911.7,2009-08-04T02:41:00,22.7,25.0,2009-08-04T08:24:00,21.7,2009-08-04T20:46:00,20.4,87,80,2009-08-04T19:27:00,1.6,350,7.2,340,2009-08-04T12:32:00,0.0,0.0,0.0,,0.0,,0.6,4.5,4.93,1.2,,,,,,,,,,,,,9.6,,23.8,2009-08-04T08:25:00,,,,19.0,2009-08-04T19:19:00,,,,,,,1.02,2009-08-04T09:00:00,,,,,,,,,,,,,,98,2009-08-04T07:21:00,,,,,,1456.1,2009-08-04T21:04:00,,,,1434.9,2009-08-04T03:40:00,,,,,,,,,,,,,,,,,,,3.3,,,,,,,6.4,,,8,,0,,0,,0,,0,,1,,0,,0,,0,,0,,0,,0,,0,,0,,0,,0,,0,,0,,0,,1,,0,,0,,0,,0,,0,,0,,0,,0,,0,,0,,0,,0,,0,,2,,5,,6,,1,,0,,,350,,,5.6,2009-08-04T12:37:00,,,0.4,,0.0,,0.0,,0.0,,0.0,,0.5,,0.0,,0.0,,0.0,,0.0,,0.0,,0.0,,0.0,,0.0,,0.0,,0.0,,0.0,,0.0,,0.0,,0.7,,0.0,,0.0,,0.0,,0.0,,0.0,,0.0,,0.0,,0.0,,0.0,,0.0,,0.0,,0.0,,0.0,,2.7,,15.1,,16.2,,1.9,,0.0,
2009-08-05,912.2,1438.3,913.3,2009-08-05T09:01:00,911.1,2009-08-05T17:04:00,22.6,25.1,2009-08-05T14:03:00,21.1,2009-08-05T01:50:00,20.4,87,77,2009-08-05T19:49:00,2.3,340,7.9,350,2009-08-05T23:16:00,6.5,4.1,2.5,2009-08-05T11:53:00,5.0,2009-08-05T11:27:00,0.4,3.0,6.83,-2.0,,,,,,,,,,,,,9.0,,23.9,2009-08-05T13:32:00,,,,18.4,2009-08-05T19:51:00,,,,,,,1.8,2009-08-05T14:00:00,,,,,,,,,,,,,,100,2009-08-05T12:15:00,,,,,,1450.5,2009-08-05T09:25:00,,,,1428.5,2009-08-05T17:04:00,,,,,,,,,,,,,,,,,,,4.0,,,,,,,4.6,,,4,,1,,0,,0,,0,,0,,0,,0,,0,,0,,0,,0,,0,,0,,0,,0,,0,,0,,0,,0,,0,,0,,0,,0,,0,,0,,0,,0,,0,,0,,0,,0,,0,,1,,9,,8,,1,,0,,,340,,,5.2,2009-08-05T23:25:00,,,0.1,,3.7,,0.0,,0.0,,0.0,,0.0,,0.0,,0.0,,0.0,,0.0,,0.0,,0.0,,0.0,,0.0,,0.0,,0.0,,0.0,,0.0,,0.0,,0.0,,0.0,,0.0,,0.0,,0.0,,0.0,,0.0,,0.0,,0.0,,0.0,,0.0,,0.0,,0.0,,0.0,,1.3,,21.9,,26.5,,2.4,,0.0,
2009-08-06,906.6,1385.4,911.6,2009-08-06T00:01:00,901.1,2009-08-06T23:59:00,22.9,24.1,2009-08-06T19:51:00,21.5,2009-08-06T08:24:00,22.5,97,87,2009-08-06T00:01:00,10.3,350,29.6,360,2009-08-06T23:43:00,144.0,17.6,16.0,2009-08-06T15:51:00,66.0,2009-08-06T15:27:00,0.0,0.0,0.39,-0.2,,,,,,,,,,,,,,,23.8,2009-08-06T19:11:00,,,,20.0,2009-08-06T00:11:00,,,,,,,0.22,2009-08-06T10:00:00,,,,,,,,,,,,,,100,2009-08-06T01:13:00,,,,,,1433.3,2009-08-06T00:01:00,,,,1334.1,2009-08-06T23:59:00,,,,,,,,,,,,,,,,,,,2.6,,,,,,,0.1,,,0,,0,,0,,0,,0,,0,,0,,0,,0,,0,,0,,0,,0,,0,,0,,0,,0,,0,,0,,0,,0,,0,,0,,0,,0,,0,,0,,0,,0,,0,,0,,0,,0,,0,,3,,21,,0,,0,,,350,,,15.6,2009-08-06T23:47:00,,,0.0,,0.0,,0.0,,0.0,,0.0,,0.0,,0.0,,0.0,,0.0,,0.0,,0.0,,0.0,,0.0,,0.0,,0.0,,0.0,,0.0,,0.0,,0.0,,0.0,,0.0,,0.0,,0.0,,0.0,,0.0,,0.0,,0.0,,0.0,,0.0,,0.0,,0.0,,0.0,,0.0,,0.0,,26.5,,221.7,,0.0,,0.0,
2009-08-07,893.5,1260.0,901.2,2009-08-07T00:01:00,887.3,2009-08-07T23:39:00,22.8,23.7,2009-08-07T00:02:00,21.8,2009-08-07T18:26:00,22.2,97,92,2009-08-07T08:51:00,9.3,350,39.1,350,2009-08-07T10:54:00,216.5,24.0,5.5,2009-08-07T01:21:00,20.5,2009-08-07T20:39:00,0.0,0.0,0.12,-0.2,,,,,,,,,,,,,,,23.2,2009-08-07T11:33:00,,,,21.1,2009-08-07T18:31:00,,,,,,,0.11,2009-08-07T10:00:00,,,,,,,,,,,,,,100,2009-08-07T11:29:00,,,,,,1335.1,2009-08-07T00:04:00,,,,1199.3,2009-08-07T23:39:00,,,,,,,,,,,,,,,,,,,1.9,,,,,,,0.2,,,0,,0,,1,,0,,0,,0,,0,,0,,0,,0,,0,,0,,0,,0,,0,,0,,0,,1,,1,,5,,1,,0,,0,,0,,0,,0,,0,,2,,0,,0,,1,,1,,4,,1,,0,,6,,0,,0,,,350,,,16.8,2009-08-07T01:53:00,,,0.0,,0.0,,3.1,,0.0,,0.0,,0.0,,0.0,,0.0,,0.0,,0.0,,0.0,,0.0,,0.0,,0.0,,0.0,,0.0,,0.0,,7.0,,8.9,,40.0,,7.6,,0.0,,0.0,,0.0,,0.0,,0.0,,0.0,,7.9,,0.0,,0.0,,5.6,,12.8,,38.1,,8.4,,0.0,,84.9,,0.0,,0.0,
2009-08-08,885.5,1181.7,888.9,2009-08-08T00:04:00,883.0,2009-08-08T03:48:00,22.8,24.1,2009-08-08T10:49:00,21.5,2009-08-08T04:21:00,21.8,94,85,2009-08-08T14:59:00,4.9,180,30.1,200,2009-08-08T03:44:00,29.5,19.9,2.5,2009-08-08T00:06:00,7.0,2009-08-08T00:06:00,0.0,0.0,5.63,-0.1,,,,,,,,,,,,,10.0,,23.9,2009-08-08T10:50:00,,,,19.8,2009-08-08T18:40:00,,,,,,,1.13,2009-08-08T12:00:00,,,,,,,,,,,,,,100,2009-08-08T01:34:00,,,,,,1215.1,2009-08-08T00:04:00,,,,1156.7,2009-08-08T03:52:00,,,,,,,,,,,,,,,,,,,2.6,,,,,,,7.6,,,1,,0,,0,,0,,0,,0,,0,,0,,0,,0,,0,,0,,0,,0,,0,,1,,1,,4,,14,,2,,0,,0,,0,,0,,0,,0,,0,,0,,0,,0,,0,,0,,0,,0,,0,,0,,0,,1,,,180,,,11.3,2009-08-08T04:05:00,,,0.0,,0.0,,0.0,,0.0,,0.0,,0.0,,0.0,,0.0,,0.0,,0.0,,0.0,,0.0,,0.0,,0.0,,0.0,,2.4,,6.4,,24.3,,67.8,,16.1,,0.0,,0.0,,0.0,,0.0,,0.0,,0.0,,0.0,,0.0,,0.0,,0.0,,0.0,,0.0,,0.0,,0.0,,0.0,,0.0,,0.0,,1.6,
2009-08-09,896.4,1286.1,903.8,2009-08-09T23:40:00,887.7,2009-08-09T00:44:00,21.8,22.5,2009-08-09T00:04:00,21.3,2009-08-09T09:06:00,21.4,98,95,2009-08-09T23:03:00,4.1,150,20.7,150,2009-08-09T06:40:00,61.5,23.2,6.0,2009-08-09T15:54:00,17.5,2009-08-09T15:16:00,0.0,0.0,0.01,-0.3,,,,,,,,,,,,,10.0,,22.1,2009-08-09T00:07:00,,,,20.9,2009-08-09T07:22:00,,,,,,,0.01,2009-08-09T15:00:00,,,,,,,,,,,,,,100,2009-08-09T13:26:00,,,,,,1357.2,2009-08-09T23:40:00,,,,1203.2,2009-08-09T01:06:00,,,,,,,,,,,,,,,,,,,1.2,,,,,,,5.1,,,0,,0,,0,,0,,0,,0,,0,,0,,0,,0,,0,,0,,0,,0,,2,,7,,6,,4,,5,,0,,0,,0,,0,,0,,0,,0,,0,,0,,0,,0,,0,,0,,0,,0,,0,,0,,0,,0,,,170,,,8.5,2009-08-09T06:51:00,,,0.0,,0.0,,0.0,,0.0,,0.0,,0.0,,0.0,,0.0,,0.0,,0.0,,0.0,,0.0,,0.0,,0.0,,8.4,,34.6,,23.9,,16.7,,13.6,,0.0,,0.0,,0.0,,0.0,,0.0,,0.0,,0.0,,0.0,,0.0,,0.0,,0.0,,0.0,,0.0,,0.0,,0.0,,0.0,,0.0,,0.0,,0.0,
2009-08-10,908.7,1405.4,913.0,2009-08-10T22:23:00,903.3,2009-08-10T00:04:00,23.0,27.4,2009-08-10T11:50:00,21.5,2009-08-10T04:23:00,21.2,90,77,2009-08-10T11:31:00,2.1,180,17.2,110,2009-08-10T16:01:00,7.0,7.1,2.0,2009-08-10T16:03:00,3.5,2009-08-10T15:13:00,2.0,15.3,11.69,-1.0,,,,,,,,,,,,,9.7,,24.2,2009-08-10T11:49:00,,,,18.9,2009-08-10T05:25:00,,,,,,,2.84,2009-08-10T12:00:00,,,,,,,,,,,,,,98,2009-08-10T01:45:00,,,,,,1450.2,2009-08-10T23:09:00,,,,1352.3,2009-08-10T00:04:00,,,,,,,,,,,,,,,,,,,5.9,,,,,,,9.5,,,1,,0,,0,,0,,0,,0,,0,,0,,0,,0,,0,,2,,0,,0,,1,,3,,3,,3,,4,,0,,1,,1,,0,,0,,0,,0,,1,,0,,0,,0,,0,,0,,1,,1,,0,,2,,0,,0,,,150,,,6.0,2009-08-10T19:15:00,,,0.0,,0.0,,0.0,,0.0,,0.0,,0.0,,0.0,,0.0,,0.0,,0.0,,0.0,,2.8,,0.0,,0.0,,3.3,,9.1,,3.5,,6.4,,7.8,,0.0,,3.0,,3.9,,0.0,,0.0,,0.0,,0.0,,0.5,,0.0,,0.0,,0.0,,0.0,,0.0,,1.8,,1.9,,0.0,,5.5,,0.0,,0.0,
2009-08-11,914.9,1465.7,917.1,2009-08-11T22:00:00,912.4,2009-08-11T00:18:00,23.3,27.2,2009-08-11T12:40:00,21.7,2009-08-11T23:08:00,20.2,83,73,2009-08-11T12:39:00,2.1,350,15.4,130,2009-08-11T04:28:00,0.0,0.0,0.0,,0.0,,1.5,11.5,10.26,1.8,,,,,,,,,,,,,9.8,,23.0,2009-08-11T10:28:00,,,,18.7,2009-08-11T02:42:00,,,,,,,2.46,2009-08-11T10:00:00,,,,,,,,,,,,,,92,2009-08-11T00:04:00,,,,,,1488.2,2009-08-11T22:00:00,,,,1442.2,2009-08-11T01:31:00,,,,,,,,,,,,,,,,,,,5.5,,,,,,,14.5,,,3,,2,,0,,0,,0,,0,,1,,0,,0,,0,,1,,0,,2,,0,,2,,2,,2,,1,,1,,1,,0,,0,,0,,0,,0,,0,,0,,0,,0,,0,,0,,0,,0,,1,,1,,3,,1,,0,,,160,,,5.5,2009-08-11T04:19:00,,,0.5,,5.5,,0.0,,0.0,,0.0,,0.0,,1.5,,0.0,,0.0,,0.0,,1.0,,0.0,,3.3,,0.0,,4.4,,9.4,,3.5,,0.4,,3.6,,3.1,,0.0,,0.0,,0.0,,0.0,,0.0,,0.0,,0.0,,0.0,,0.0,,0.0,,0.0,,0.0,,0.0,,0.9,,3.1,,8.3,,2.7,,0.0,
2009-08-12,917.4,1488.9,919.1,2009-08-12T21:24:00,915.9,2009-08-12T03:53:00,22.4,27.5,2009-08-12T09:42:00,20.9,2009-08-12T04:15:00,20.2,88,76,2009-08-12T04:36:00,2.0,10,12.4,360,2009-08-12T15:49:00,89.5,5.0,20.5,2009-08-12T14:42:00,62.0,2009-08-12T14:27:00,2.7,20.7,9.02,-0.5,,,,,,,,,,,,,7.0,,23.5,2009-08-12T09:41:00,,,,18.1,2009-08-12T04:19:00,,,,,,,2.77,2009-08-12T10:00:00,,,,,,,,,,,,,,98,2009-08-12T16:33:00,,,,,,1506.9,2009-08-12T21:24:00,,,,1473.9,2009-08-12T04:01:00,,,,,,,,,,,,,,,,,,,6.6,,,,,,,9.2,,,2,,3,,0,,1,,0,,1,,1,,0,,1,,0,,0,,0,,1,,0,,2,,2,,2,,1,,1,,0,,0,,0,,0,,0,,0,,1,,0,,0,,0,,1,,0,,0,,0,,0,,1,,2,,1,,0,,,360,,,6.5,2009-08-12T15:55:00,,,0.1,,6.7,,0.0,,3.8,,0.0,,1.4,,1.7,,0.0,,1.6,,0.0,,0.0,,0.0,,2.2,,0.0,,5.4,,1.9,,2.7,,3.0,,1.6,,0.0,,0.0,,0.0,,0.0,,0.0,,0.0,,0.4,,0.0,,0.0,,0.0,,0.6,,0.0,,0.0,,0.0,,0.0,,2.4,,5.3,,6.0,,0.0,
2009-08-13,918.5,1498.2,920.1,2009-08-13T21:33:00,917.3,2009-08-13T02:56:00,22.7,28.0,2009-08-13T12:27:00,20.2,2009-08-13T04:45:00,19.9,84,73,2009-08-13T13:09:00,1.5,180,6.2,350,2009-08-13T05:35:00,8.0,2.1,2.5,2009-08-13T16:24:00,4.0,2009-08-13T16:10:00,2.1,16.1,13.4,-0.6,,,,,,,,,,,,,8.0,,24.2,2009-08-13T12:29:00,,,,17.4,2009-08-13T05:17:00,,,,,,,2.55,2009-08-13T13:00:00,,,,,,,,,,,,,,93,2009-08-13T04:20:00,,,,,,1516.7,2009-08-13T22:17:00,,,,1484.4,2009-08-13T03:22:00,,,,,,,,,,,,,,,,,,,7.8,,,,,,,9.8,,,3,,3,,2,,0,,1,,0,,0,,0,,0,,0,,0,,0,,0,,1,,1,,0,,0,,3,,5,,1,,0,,0,,0,,0,,0,,0,,0,,0,,0,,0,,0,,0,,0,,0,,0,,3,,1,,0,,,350,,,4.4,2009-08-13T05:35:00,,,0.2,,4.9,,3.4,,0.0,,2.0,,0.0,,0.0,,0.0,,0.0,,0.0,,0.0,,0.0,,0.0,,1.6,,1.1,,0.0,,0.0,,4.0,,8.8,,1.1,,0.0,,0.0,,0.0,,0.0,,0.0,,0.0,,0.0,,0.0,,0.0,,0.0,,0.0,,0.0,,0.0,,0.0,,0.0,,6.9,,2.9,,0.0,
2009-08-14,919.9,1512.9,921.1,2009-08-14T21:58:00,918.5,2009-08-14T02:10:00,23.2,26.0,2009-08-14T14:46:00,20.7,2009-08-14T04:55:00,19.8,82,73,2009-08-14T15:08:00,1.1,180,8.9,160,2009-08-14T00:28:00,0.0,0.0,0.0,,0.0,,2.9,22.3,13.98,1.2,,,,,,,,,,,,,6.5,,22.1,2009-08-14T12:00:00,,,,17.6,2009-08-14T01:21:00,,,,,,,2.46,2009-08-14T15:00:00,,,,,,,,,,,,,,88,2009-08-14T06:39:00,,,,,,1525.6,2009-08-14T22:44:00,,,,1498.9,2009-08-14T02:23:00,,,,,,,,,,,,,,,,,,,5.3,,,,,,,11.0,,,3,,0,,0,,1,,1,,0,,0,,0,,0,,0,,0,,0,,0,,0,,1,,1,,0,,4,,4,,1,,0,,0,,1,,0,,0,,0,,0,,0,,0,,0,,0,,0,,0,,1,,2,,2,,2,,0,,,350,,,3.7,2009-08-14T14:06:00,,,0.4,,0.0,,0.0,,1.1,,1.4,,0.0,,0.0,,0.0,,0.0,,0.0,,0.0,,0.0,,0.0,,0.0,,0.3,,0.7,,0.0,,4.5,,4.6,,0.5,,0.0,,0.0,,0.3,,0.0,,0.0,,0.0,,0.0,,0.0,,0.0,,0.0,,0.0,,0.0,,0.0,,1.6,,3.1,,5.8,,3.2,,0.0,
2009-08-15,920.5,1519.6,921.7,2009-08-15T21:00:00,918.7,2009-08-15T15:51:00,23.6,28.3,2009-08-15T10:46:00,21.5,2009-08-15T02:49:00,20.6,83,74,2009-08-15T09:46:00,1.3,340,6.6,350,2009-08-15T09:50:00,-9.8,0.8,-9.8,2009-08-15T14:05:00,-9.8,2009-08-15T14:05:00,3.5,27.0,14.14,-2.0,,,,,,,,,,,,,7.3,,24.5,2009-08-15T10:47:00,,,,18.4,2009-08-15T02:17:00,,,,,,,2.57,2009-08-15T11:00:00,,,,,,,,,,,,,,90,2009-08-15T22:20:00,,,,,,1533.2,2009-08-15T21:00:00,,,,1502.8,2009-08-15T15:55:00,,,,,,,,,,,,,,,,,,,6.8,,,,,,,4.8,,,9,,0,,0,,0,,0,,0,,0,,0,,0,,0,,0,,0,,1,,0,,0,,0,,1,,0,,0,,1,,1,,0,,0,,0,,0,,0,,0,,0,,0,,0,,0,,0,,0,,1,,4,,2,,4,,0,,,350,,,4.3,2009-08-15T22:21:00,,,0.8,,0.0,,0.0,,0.0,,0.0,,0.0,,0.0,,0.0,,0.0,,0.0,,0.0,,0.0,,0.3,,0.0,,0.0,,0.0,,0.3,,0.0,,0.0,,0.9,,1.4,,0.0,,0.0,,0.0,,0.0,,0.0,,0.0,,0.0,,0.0,,0.0,,0.0,,0.0,,0.0,,2.4,,9.9,,5.5,,9.1,,0.0,
2009-08-16,920.8,1521.5,922.1,2009-08-16T10:15:00,919.2,2009-08-16T16:42:00,23.1,27.8,2009-08-16T14:21:00,20.7,2009-08-16T05:22:00,19.8,82,72,2009-08-16T18:56:00,0.9,170,5.3,350,2009-08-16T05:53:00,0.5,1.3,0.5,2009-08-16T01:04:00,0.5,2009-08-16T00:30:00,2.7,20.9,12.72,2.5,,,,,,,,,,,,,7.2,,24.0,2009-08-16T13:58:00,,,,16.7,2009-08-16T23:59:59,,,,,,,2.76,2009-08-16T14:00:00,,,,,,,,,,,,,,92,2009-08-16T06:46:00,,,,,,1534.1,2009-08-16T10:15:00,,,,1505.4,2009-08-16T17:17:00,,,,,,,,,,,,,,,,,,,7.1,,,,,,,6.3,,,5,,0,,1,,0,,0,,0,,0,,0,,0,,0,,0,,0,,0,,1,,0,,1,,0,,4,,3,,3,,0,,0,,0,,0,,0,,0,,0,,1,,0,,0,,0,,0,,0,,1,,2,,1,,0,,1,,,340,,,3.7,2009-08-16T06:00:00,,,0.3,,0.0,,1.2,,0.0,,0.0,,0.0,,0.0,,0.0,,0.0,,0.0,,0.0,,0.0,,0.0,,0.4,,0.0,,1.1,,0.0,,3.9,,1.9,,2.2,,0.0,,0.0,,0.0,,0.0,,0.0,,0.0,,0.0,,1.1,,0.0,,0.0,,0.0,,0.0,,0.0,,1.4,,5.9,,1.3,,0.0,,0.6,
2009-08-17,921.3,1525.4,922.4,2009-08-17T09:16:00,919.9,2009-08-17T16:58:00,22.6,26.4,2009-08-17T09:55:00,19.7,2009-08-17T05:04:00,18.7,79,65,2009-08-17T00:26:00,1.2,350,5.0,340,2009-08-17T11:47:00,0.0,0.0,0.0,,0.0,,3.6,27.9,12.81,1.1,,,,,,,,,,,,,6.2,,22.5,2009-08-17T09:46:00,,,,15.4,2009-08-17T00:49:00,,,,,,,2.41,2009-08-17T10:00:00,,,,,,,,,,,,,,85,2009-08-17T12:20:00,,,,,,1539.0,2009-08-17T09:41:00,,,,1509.0,2009-08-17T17:45:00,,,,,,,,,,,,,,,,,,,6.7,,,,,,,15.5,,,6,,0,,0,,2,,0,,0,,0,,0,,0,,1,,1,,0,,0,,1,,0,,0,,1,,0,,0,,1,,0,,0,,0,,0,,0,,0,,0,,0,,1,,0,,0,,3,,0,,1,,3,,3,,0,,0,,,350,,,3.7,2009-08-17T13:14:00,,,0.5,,0.0,,0.0,,1.9,,0.0,,0.0,,0.0,,0.0,,0.0,,1.0,,0.7,,0.0,,0.0,,1.2,,0.0,,0.0,,0.8,,0.0,,0.0,,0.4,,0.0,,0.0,,0.0,,0.0,,0.0,,0.0,,0.0,,0.0,,2.6,,0.0,,0.0,,4.4,,0.0,,1.1,,5.4,,8.0,,0.0,,0.0,
2009-08-18,920.9,1521.5,922.2,2009-08-18T11:51:00,919.9,2009-08-18T03:42:00,22.8,26.1,2009-08-18T14:02:00,20.4,2009-08-18T22:39:00,20.5,87,79,2009-08-18T09:21:00,0.8,180,6.4,80,2009-08-18T14:11:00,0.0,0.0,0.0,,0.0,,2.4,18.6,11.72,1.7,,,,,,,,,,,,,7.0,,23.6,2009-08-18T13:04:00,,,,18.1,2009-08-18T02:32:00,,,,,,,1.9,2009-08-18T14:00:00,,,,,,,,,,,,,,94,2009-08-18T11:20:00,,,,,,1532.6,2009-08-18T12:03:00,,,,1511.5,2009-08-18T04:30:00,,,,,,,,,,,,,,,,,,,5.7,,,,,,,8.3,,,9,,0,,0,,0,,0,,0,,0,,0,,2,,0,,0,,0,,0,,0,,1,,0,,1,,1,,4,,2,,0,,0,,0,,0,,0,,0,,0,,0,,0,,0,,0,,0,,0,,1,,2,,1,,0,,0,,,340,,,3.9,2009-08-18T11:27:00,,,0.7,,0.0,,0.0,,0.0,,0.0,,0.0,,0.0,,0.0,,2.9,,0.0,,0.0,,0.0,,0.0,,0.0,,0.6,,0.0,,1.4,,1.4,,2.7,,1.3,,0.0,,0.0,,0.0,,0.0,,0.0,,0.0,,0.0,,0.0,,0.0,,0.0,,0.0,,0.0,,0.0,,0.8,,5.6,,1.1,,0.0,,0.0,
2009-08-19,920.5,1518.0,922.3,2009-08-19T10:08:00,919.3,2009-08-19T16:18:00,22.9,26.4,2009-08-19T14:04:00,19.4,2009-08-19T04:39:00,21.4,91,84,2009-08-19T14:03:00,1.1,340,5.2,330,2009-08-19T14:18:00,0.0,0.0,0.0,,0.0,,2.9,22.5,12.35,1.5,,,,,,,,,,,,,7.5,,24.0,2009-08-19T14:12:00,,,,18.4,2009-08-19T00:01:00,,,,,,,1.79,2009-08-19T14:00:00,,,,,,,,,,,,,,100,2009-08-19T06:42:00,,,,,,1535.5,2009-08-19T10:26:00,,,,1504.9,2009-08-19T16:38:00,,,,,,,,,,,,,,,,,,,7.0,,,,,,,9.2,,,10,,0,,0,,0,,0,,0,,0,,0,,0,,0,,0,,0,,0,,0,,0,,1,,0,,0,,1,,0,,0,,0,,0,,0,,0,,0,,0,,0,,0,,0,,0,,0,,0,,0,,5,,4,,3,,0,,,350,,,3.8,2009-08-19T13:39:00,,,0.3,,0.0,,0.0,,0.0,,0.0,,0.0,,0.0,,0.0,,0.0,,0.0,,0.0,,0.0,,0.0,,0.0,,0.0,,0.3,,0.0,,0.0,,0.4,,0.0,,0.0,,0.0,,0.0,,0.0,,0.0,,0.0,,0.0,,0.0,,0.0,,0.0,,0.0,,0.0,,0.0,,0.0,,12.9,,7.8,,5.0,,0.0,
2009-08-20,918.3,1498.3,919.7,2009-08-20T09:10:00,916.3,2009-08-20T16:38:00,23.3,27.4,2009-08-20T11:31:00,20.4,2009-08-20T23:09:00,21.0,87,74,2009-08-20T09:59:00,1.5,350,7.3,340,2009-08-20T13:16:00,0.0,0.0,0.0,,0.0,,8.3,64.6,24.86,4.1,,,,,,,,,,,,,5.2,,24.2,2009-08-20T14:08:00,,,,17.4,2009-08-20T23:17:00,,,,,,,4.15,2009-08-20T13:00:00,,,,,,,,,,,,,,96,2009-08-20T07:04:00,,,,,,1513.0,2009-08-20T09:27:00,,,,1480.4,2009-08-20T16:40:00,,,,,,,,,,,,,,,,,,,7.0,,,,,,,7.8,,,7,,1,,1,,0,,0,,0,,0,,0,,0,,0,,0,,0,,0,,0,,0,,0,,0,,0,,1,,1,,0,,0,,0,,0,,0,,0,,0,,0,,1,,1,,1,,0,,0,,0,,2,,7,,1,,0,,,350,,,5.3,2009-08-20T13:11:00,,,0.2,,0.6,,0.3,,0.0,,0.0,,0.0,,0.0,,0.0,,0.0,,0.0,,0.0,,0.0,,0.0,,0.0,,0.0,,0.0,,0.0,,0.0,,0.4,,1.3,,0.0,,0.0,,0.0,,0.0,,0.0,,0.0,,0.0,,0.0,,0.3,,0.3,,0.7,,0.0,,0.0,,0.0,,7.0,,21.7,,3.2,,0.0,
2009-08-21,916.9,1484.0,918.2,2009-08-21T09:39:00,915.7,2009-08-21T16:58:00,22.8,27.3,2009-08-21T13:03:00,18.8,2009-08-21T04:20:00,19.7,83,69,2009-08-21T20:50:00,1.8,340,7.2,340,2009-08-21T12:04:00,0.0,0.0,0.0,,0.0,,8.8,68.6,25.21,4.0,,,,,,,,,,,,,5.5,,24.2,2009-08-21T13:07:00,,,,16.0,2009-08-21T05:48:00,,,,,,,3.69,2009-08-21T13:00:00,,,,,,,,,,,,,,92,2009-08-21T00:42:00,,,,,,1497.5,2009-08-21T09:51:00,,,,1470.7,2009-08-21T17:42:00,,,,,,,,,,,,,,,,,,,8.5,,,,,,,15.8,,,4,,0,,0,,0,,0,,0,,0,,0,,0,,0,,0,,0,,0,,0,,0,,0,,0,,0,,0,,0,,0,,0,,0,,0,,0,,0,,0,,0,,1,,0,,0,,0,,0,,1,,8,,4,,6,,0,,,350,,,4.6,2009-08-21T12:12:00,,,0.3,,0.0,,0.0,,0.0,,0.0,,0.0,,0.0,,0.0,,0.0,,0.0,,0.0,,0.0,,0.0,,0.0,,0.0,,0.0,,0.0,,0.0,,0.0,,0.0,,0.0,,0.0,,0.0,,0.0,,0.0,,0.0,,0.0,,0.0,,0.6,,0.0,,0.0,,0.0,,0.0,,0.7,,18.6,,12.9,,9.1,,0.0,
2009-08-22,916.9,1484.8,918.0,2009-08-22T22:28:00,915.9,2009-08-22T02:34:00,23.1,26.2,2009-08-22T08:24:00,19.3,2009-08-22T01:00:00,20.1,83,67,2009-08-22T02:06:00,1.2,350,6.7,340,2009-08-22T15:09:00,0.0,0.0,0.0,,0.0,,3.6,28.1,14.79,-1.9,,,,,,,,,,,,,7.3,,24.2,2009-08-22T14:01:00,,,,15.9,2009-08-22T01:19:00,,,,,,,2.39,2009-08-22T14:00:00,,,,,,,,,,,,,,95,2009-08-22T14:09:00,,,,,,1496.3,2009-08-22T22:52:00,,,,1474.0,2009-08-22T16:21:00,,,,,,,,,,,,,,,,,,,6.9,,,,,,,10.5,,,5,,1,,0,,0,,0,,0,,0,,0,,0,,0,,0,,0,,1,,0,,0,,0,,0,,1,,2,,0,,0,,0,,0,,0,,0,,0,,0,,0,,1,,1,,0,,0,,1,,1,,4,,5,,1,,0,,,350,,,4.6,2009-08-22T15:12:00,,,0.4,,1.5,,0.0,,0.0,,0.0,,0.0,,0.0,,0.0,,0.0,,0.0,,0.0,,0.0,,0.4,,0.0,,0.0,,0.0,,0.0,,0.3,,1.4,,0.0,,0.0,,0.0,,0.0,,0.0,,0.0,,0.0,,0.0,,0.0,,0.4,,0.9,,0.0,,0.0,,2.3,,1.1,,11.4,,8.2,,1.0,,0.0,
2009-08-23,917.5,1491.0,918.8,2009-08-23T22:43:00,916.3,2009-08-23T03:51:00,23.3,27.6,2009-08-23T12:16:00,21.8,2009-08-23T01:44:00,21.8,91,74,2009-08-23T01:08:00,1.9,180,11.6,150,2009-08-23T19:55:00,2.0,1.5,0.5,2009-08-23T03:25:00,2.0,2009-08-23T03:25:00,4.4,34.4,19.77,-2.7,,,,,,,,,,,,,8.3,,25.4,2009-08-23T11:51:00,,,,17.9,2009-08-23T01:10:00,,,,,,,3.82,2009-08-23T13:00:00,,,,,,,,,,,,,,98,2009-08-23T21:56:00,,,,,,1504.2,2009-08-23T23:13:00,,,,1480.0,2009-08-23T03:51:00,,,,,,,,,,,,,,,,,,,5.8,,,,,,,9.9,,,0,,0,,0,,0,,0,,2,,0,,1,,0,,0,,0,,0,,0,,0,,0,,0,,3,,3,,4,,0,,1,,1,,0,,0,,1,,1,,0,,0,,1,,0,,0,,0,,1,,0,,0,,0,,1,,4,,,170,,,5.0,2009-08-23T20:20:00,,,0.0,,0.0,,0.0,,0.0,,0.0,,3.1,,0.0,,1.7,,0.0,,0.0,,0.0,,0.0,,0.0,,0.0,,0.0,,0.0,,10.1,,9.8,,8.4,,0.0,,1.4,,0.6,,0.0,,0.0,,0.3,,0.8,,0.0,,0.0,,0.7,,0.0,,0.0,,0.0,,2.0,,0.0,,0.0,,0.0,,1.6,,4.5,
2009-08-24,918.5,1499.8,919.8,2009-08-24T22:02:00,917.2,2009-08-24T04:06:00,23.3,27.1,2009-08-24T13:09:00,21.6,2009-08-24T23:39:00,21.6,90,83,2009-08-24T14:00:00,3.8,170,13.2,150,2009-08-24T10:04:00,0.0,0.0,0.0,,0.0,,6.0,47.0,20.37,3.5,,,,,,,,,,,,,3.7,,24.4,2009-08-24T13:09:00,,,,20.0,2009-08-24T22:59:00,,,,,,,2.98,2009-08-24T13:00:00,,,,,,,,,,,,,,97,2009-08-24T01:30:00,,,,,,1513.5,2009-08-24T22:02:00,,,,1486.8,2009-08-24T04:07:00,,,,,,,,,,,,,,,,,,,5.5,,,,,,,15.8,,,0,,0,,0,,0,,0,,0,,0,,0,,0,,0,,0,,0,,0,,0,,1,,5,,6,,10,,2,,0,,0,,0,,0,,0,,0,,0,,0,,0,,0,,0,,0,,0,,0,,0,,0,,0,,0,,0,,,140,,,5.4,2009-08-24T10:12:00,,,0.0,,0.0,,0.0,,0.0,,0.0,,0.0,,0.0,,0.0,,0.0,,0.0,,0.0,,0.0,,0.0,,0.0,,3.2,,21.4,,22.6,,36.8,,6.0,,0.0,,0.0,,0.0,,0.0,,0.0,,0.0,,0.0,,0.0,,0.0,,0.0,,0.0,,0.0,,0.0,,0.0,,0.0,,0.0,,0.0,,0.0,,0.0,
2009-08-25,919.0,1505.9,920.2,2009-08-25T09:08:00,918.2,2009-08-25T15:02:00,23.7,28.1,2009-08-25T11:58:00,21.0,2009-08-25T05:36:00,20.7,84,74,2009-08-25T20:54:00,2.8,180,10.5,100,2009-08-25T14:45:00,0.0,0.0,0.0,,0.0,,9.0,70.6,24.62,4.2,,,,,,,,,,,,,2.2,,24.7,2009-08-25T12:32:00,,,,17.7,2009-08-25T21:17:00,,,,,,,3.79,2009-08-25T13:00:00,,,,,,,,,,,,,,91,2009-08-25T00:01:00,,,,,,1519.7,2009-08-25T12:03:00,,,,1495.7,2009-08-25T17:24:00,,,,,,,,,,,,,,,,,,,7.1,,,,,,,20.2,,,0,,0,,0,,0,,0,,1,,1,,2,,0,,0,,0,,1,,1,,1,,2,,3,,1,,3,,8,,0,,0,,0,,0,,0,,0,,0,,0,,0,,0,,0,,0,,0,,0,,0,,0,,0,,0,,0,,,170,,,5.3,2009-08-25T03:27:00,,,0.0,,0.0,,0.0,,0.0,,0.0,,4.5,,3.5,,6.3,,0.0,,0.0,,0.0,,2.0,,2.5,,3.0,,3.7,,7.9,,2.5,,5.8,,25.6,,0.0,,0.0,,0.0,,0.0,,0.0,,0.0,,0.0,,0.0,,0.0,,0.0,,0.0,,0.0,,0.0,,0.0,,0.0,,0.0,,0.0,,0.0,,0.0,
2009-08-26,918.5,1501.0,919.8,2009-08-26T09:49:00,917.8,2009-08-26T16:12:00,23.7,27.8,2009-08-26T11:16:00,21.3,2009-08-26T02:08:00,21.6,88,76,2009-08-26T00:01:00,1.2,350,8.7,150,2009-08-26T00:38:00,0.0,0.0,0.0,,0.0,,2.9,22.8,15.28,3.3,,,,,,,,,,,,,7.0,,25.0,2009-08-26T11:28:00,,,,18.1,2009-08-26T00:01:00,,,,,,,2.4,2009-08-26T10:00:00,,,,,,,,,,,,,,93,2009-08-26T11:30:00,,,,,,1515.1,2009-08-26T09:49:00,,,,1491.9,2009-08-26T18:42:00,,,,,,,,,,,,,,,,,,,6.5,,,,,,,12.3,,,7,,1,,0,,0,,0,,0,,0,,0,,0,,1,,0,,0,,0,,1,,0,,1,,1,,2,,3,,0,,0,,0,,0,,0,,0,,0,,0,,0,,0,,1,,0,,0,,0,,0,,0,,4,,2,,0,,,180,,,4.8,2009-08-26T00:02:00,,,0.6,,1.3,,0.0,,0.0,,0.0,,0.0,,0.0,,0.0,,0.0,,0.6,,0.0,,0.0,,0.0,,0.4,,0.0,,2.3,,2.5,,1.4,,6.6,,0.0,,0.0,,0.0,,0.0,,0.0,,0.0,,0.0,,0.0,,0.0,,0.0,,0.5,,0.0,,0.0,,0.0,,0.0,,0.0,,8.5,,4.2,,0.0,
2009-08-27,918.2,1498.4,919.1,2009-08-27T22:38:00,917.1,2009-08-27T16:09:00,23.8,28.1,2009-08-27T10:50:00,20.5,2009-08-27T23:40:00,21.0,84,68,2009-08-27T23:23:00,1.1,350,7.2,340,2009-08-27T03:30:00,0.0,0.0,0.0,,0.0,,6.7,52.8,19.61,3.1,,,,,,,,,,,,,5.5,,24.9,2009-08-27T10:52:00,,,,17.3,2009-08-27T23:23:00,,,,,,,3.41,2009-08-27T11:00:00,,,,,,,,,,,,,,93,2009-08-27T04:58:00,,,,,,1510.2,2009-08-27T22:46:00,,,,1488.2,2009-08-27T16:43:00,,,,,,,,,,,,,,,,,,,7.6,,,,,,,7.3,,,5,,0,,1,,0,,1,,0,,0,,0,,0,,0,,0,,0,,0,,0,,0,,1,,1,,2,,0,,0,,0,,0,,0,,3,,0,,0,,0,,0,,1,,0,,1,,1,,0,,1,,1,,4,,1,,0,,,340,,,4.1,2009-08-27T12:15:00,,,0.2,,0.0,,1.9,,0.0,,0.9,,0.0,,0.0,,0.0,,0.0,,0.0,,0.0,,0.0,,0.0,,0.0,,0.0,,1.5,,0.9,,2.8,,0.0,,0.0,,0.0,,0.0,,0.0,,3.4,,0.0,,0.0,,0.0,,0.0,,0.7,,0.0,,1.2,,1.8,,0.0,,2.5,,1.8,,7.3,,0.6,,0.0,
2009-08-28,917.9,1496.3,919.1,2009-08-28T22:56:00,916.4,2009-08-28T15:42:00,24.1,28.5,2009-08-28T14:27:00,19.2,2009-08-28T04:19:00,20.4,80,61,2009-08-28T18:33:00,1.9,350,7.7,350,2009-08-28T12:46:00,0.0,0.0,0.0,,0.0,,9.6,75.8,23.76,4.5,,,,,,,,,,,,,2.0,,24.9,2009-08-28T14:47:00,,,,16.3,2009-08-28T18:27:00,,,,,,,3.69,2009-08-28T13:00:00,,,,,,,,,,,,,,95,2009-08-28T04:05:00,,,,,,1511.7,2009-08-28T23:08:00,,,,1479.0,2009-08-28T16:39:00,,,,,,,,,,,,,,,,,,,9.3,,,,,,,7.8,,,3,,0,,0,,0,,0,,0,,0,,2,,1,,1,,0,,0,,0,,1,,0,,2,,1,,1,,0,,1,,1,,0,,0,,0,,0,,0,,0,,0,,0,,0,,0,,0,,0,,0,,4,,4,,1,,1,,,350,,,6.0,2009-08-28T12:49:00,,,0.3,,0.0,,0.0,,0.0,,0.0,,0.0,,0.0,,5.8,,2.0,,2.4,,0.0,,0.0,,0.0,,1.4,,0.0,,2.9,,0.9,,1.2,,0.0,,0.8,,1.2,,0.0,,0.0,,0.0,,0.0,,0.0,,0.0,,0.0,,0.0,,0.0,,0.0,,0.0,,0.0,,0.0,,9.2,,15.1,,1.0,,0.3,
2009-08-29,918.1,1499.0,919.1,2009-08-29T22:47:00,916.9,2009-08-29T14:18:00,24.4,29.0,2009-08-29T12:15:00,21.6,2009-08-29T04:52:00,20.5,79,70,2009-08-29T00:14:00,1.8,190,7.7,90,2009-08-29T18:49:00,0.0,0.0,0.0,,0.0,,7.4,58.5,20.83,-3.3,,,,,,,,,,,,,4.3,,24.6,2009-08-29T12:43:00,,,,18.1,2009-08-29T02:30:00,,,,,,,3.6,2009-08-29T13:00:00,,,,,,,,,,,,,,85,2009-08-29T06:42:00,,,,,,1511.2,2009-08-29T23:56:00,,,,1486.2,2009-08-29T17:44:00,,,,,,,,,,,,,,,,,,,7.4,,,,,,,8.8,,,0,,0,,0,,0,,1,,0,,2,,2,,1,,3,,2,,1,,0,,2,,1,,1,,1,,0,,2,,3,,2,,0,,0,,0,,0,,0,,0,,0,,0,,0,,0,,0,,0,,0,,0,,0,,0,,0,,,70,,,3.6,2009-08-29T23:50:00,,,0.0,,0.0,,0.0,,0.0,,2.0,,0.0,,3.3,,7.0,,2.5,,3.8,,1.7,,1.7,,0.0,,2.4,,0.9,,1.3,,2.7,,0.0,,3.9,,5.8,,3.5,,0.0,,0.0,,0.0,,0.0,,0.0,,0.0,,0.0,,0.0,,0.0,,0.0,,0.0,,0.0,,0.0,,0.0,,0.0,,0.0,,0.0,
2009-08-30,918.4,1499.7,919.9,2009-08-30T21:52:00,917.1,2009-08-30T15:50:00,23.4,27.9,2009-08-30T13:13:00,20.9,2009-08-30T06:09:00,21.3,88,74,2009-08-30T00:37:00,2.0,150,12.6,60,2009-08-30T17:51:00,29.5,2.3,7.5,2009-08-30T05:38:00,22.5,2009-08-30T05:16:00,1.4,11.1,20.85,2.5,,,,,,,,,,,,,7.3,,25.4,2009-08-30T12:21:00,,,,17.4,2009-08-30T06:14:00,,,,,,,3.63,2009-08-30T13:00:00,,,,,,,,,,,,,,99,2009-08-30T09:45:00,,,,,,1513.0,2009-08-30T21:52:00,,,,1485.4,2009-08-30T17:45:00,,,,,,,,,,,,,,,,,,,7.0,,,,,,,10.0,,,2,,0,,0,,1,,0,,2,,3,,0,,0,,0,,0,,0,,0,,0,,0,,4,,2,,1,,2,,3,,0,,1,,0,,0,,0,,1,,0,,0,,0,,0,,0,,1,,1,,0,,0,,0,,0,,0,,,350,,,5.4,2009-08-30T05:32:00,,,0.2,,0.0,,0.0,,2.0,,0.0,,3.5,,8.6,,0.0,,0.0,,0.0,,0.0,,0.0,,0.0,,0.0,,0.0,,5.9,,3.7,,3.4,,5.3,,9.6,,0.0,,0.5,,0.0,,0.0,,0.0,,1.8,,0.0,,0.0,,0.0,,0.0,,0.0,,2.6,,2.0,,0.0,,0.0,,0.0,,0.0,,0.0,
2009-08-31,919.1,1505.0,921.1,2009-08-31T21:51:00,917.7,2009-08-31T04:29:00,22.8,25.8,2009-08-31T11:51:00,21.0,2009-08-31T04:57:00,21.2,91,79,2009-08-31T11:46:00,3.2,170,14.4,150,2009-08-31T21:56:00,1.0,0.5,1.0,2009-08-31T18:11:00,1.0,2009-08-31T18:11:00,1.9,15.1,24.15,-4.1,,,,,,,,,,,,,6.3,,22.8,2009-08-31T08:55:00,,,,19.2,2009-08-31T22:50:00,,,,,,,3.61,2009-08-31T12:00:00,,,,,,,,,,,,,,100,2009-08-31T01:36:00,,,,,,1524.3,2009-08-31T21:51:00,,,,1489.5,2009-08-31T04:48:00,,,,,,,,,,,,,,,,,,,4.8,,,,,,,14.2,,,0,,0,,0,,0,,0,,0,,0,,0,,0,,0,,0,,1,,0,,0,,0,,4,,5,,8,,3,,2,,1,,0,,0,,0,,0,,0,,0,,0,,0,,0,,0,,0,,0,,0,,0,,0,,0,,0,,,150,,,6.4,2009-08-31T22:21:00,,,0.0,,0.0,,0.0,,0.0,,0.0,,0.0,,0.0,,0.0,,0.0,,0.0,,0.0,,1.6,,0.0,,0.0,,0.0,,16.9,,18.3,,26.0,,8.9,,3.5,,2.3,,0.0,,0.0,,0.0,,0.0,,0.0,,0.0,,0.0,,0.0,,0.0,,0.0,,0.0,,0.0,,0.0,,0.0,,0.0,,0.0,,0.0,
2009-09-01,919.3,1504.6,920.4,2009-09-01T10:10:00,918.0,2009-09-01T15:27:00,22.1,24.5,2009-09-01T13:21:00,20.9,2009-09-01T04:03:00,21.0,94,85,2009-09-01T14:30:00,3.7,160,14.6,150,2009-09-01T15:13:00,2.0,2.8,0.5,2009-09-01T02:36:00,1.0,2009-09-01T07:18:00,0.9,7.2,14.66,-2.0,,,,,,,,,,,,,7.8,,24.4,2009-09-01T12:24:00,,,,19.8,2009-09-01T19:33:00,,,,,,,3.1,2009-09-01T14:00:00,,,,,,,,,,,,,,100,2009-09-01T02:57:00,,,,,,1515.9,2009-09-01T00:01:00,,,,1492.5,2009-09-01T17:23:00,,,,,,,,,,,,,,,,,,,3.6,,,,,,,13.0,,,0,,0,,0,,0,,0,,0,,0,,0,,0,,0,,0,,0,,0,,0,,0,,1,,6,,5,,6,,5,,1,,0,,0,,0,,0,,0,,0,,0,,0,,0,,0,,0,,0,,0,,0,,0,,0,,0,,,160,,,5.8,2009-09-01T10:21:00,,,0.0,,0.0,,0.0,,0.0,,0.0,,0.0,,0.0,,0.0,,0.0,,0.0,,0.0,,0.0,,0.0,,0.0,,0.0,,3.6,,25.5,,19.0,,20.8,,17.4,,3.0,,0.0,,0.0,,0.0,,0.0,,0.0,,0.0,,0.0,,0.0,,0.0,,0.0,,0.0,,0.0,,0.0,,0.0,,0.0,,0.0,,0.0,
2009-09-02,918.0,1492.3,919.5,2009-09-02T00:01:00,916.7,2009-09-02T17:20:00,22.1,22.8,2009-09-02T15:48:00,21.2,2009-09-02T05:01:00,21.3,95,89,2009-09-02T16:58:00,2.9,190,14.9,160,2009-09-02T22:27:00,16.0,7.9,6.5,2009-09-02T21:27:00,10.5,2009-09-02T21:13:00,0.0,0.0,3.78,-0.3,,,,,,,,,,,,,10.0,,22.2,2009-09-02T22:42:00,,,,20.5,2009-09-02T05:03:00,,,,,,,0.58,2009-09-02T11:00:00,,,,,,,,,,,,,,100,2009-09-02T23:37:00,,,,,,1507.6,2009-09-02T00:01:00,,,,1479.8,2009-09-02T17:20:00,,,,,,,,,,,,,,,,,,,1.6,,,,,,,10.2,,,0,,0,,0,,0,,0,,0,,0,,0,,0,,0,,0,,0,,0,,1,,0,,0,,2,,3,,3,,9,,2,,1,,1,,0,,1,,0,,0,,0,,0,,0,,0,,0,,0,,0,,0,,0,,0,,1,,,170,,,5.6,2009-09-02T22:28:00,,,0.0,,0.0,,0.0,,0.0,,0.0,,0.0,,0.0,,0.0,,0.0,,0.0,,0.0,,0.0,,0.0,,2.4,,0.0,,0.0,,5.3,,9.1,,9.3,,30.1,,4.9,,2.2,,1.9,,0.0,,2.0,,0.0,,0.0,,0.0,,0.0,,0.0,,0.0,,0.0,,0.0,,0.0,,0.0,,0.0,,0.0,,2.5,
2009-09-03,916.5,1478.1,917.9,2009-09-03T09:25:00,915.1,2009-09-03T16:25:00,21.8,23.3,2009-09-03T10:57:00,21.0,2009-09-03T21:14:00,21.1,95,88,2009-09-03T19:13:00,2.8,190,14.1,160,2009-09-03T12:01:00,34.0,11.3,10.0,2009-09-03T01:33:00,17.5,2009-09-03T01:06:00,0.0,0.0,5.93,-0.6,,,,,,,,,,,,,9.7,,22.2,2009-09-03T11:54:00,,,,19.6,2009-09-03T19:13:00,,,,,,,1.36,2009-09-03T12:00:00,,,,,,,,,,,,,,100,2009-09-03T00:06:00,,,,,,1491.8,2009-09-03T09:25:00,,,,1464.9,2009-09-03T16:25:00,,,,,,,,,,,,,,,,,,,2.3,,,,,,,11.3,,,0,,0,,0,,0,,0,,0,,0,,0,,0,,0,,0,,0,,0,,0,,0,,1,,2,,7,,5,,7,,0,,0,,0,,1,,0,,0,,0,,0,,0,,0,,0,,0,,0,,0,,0,,0,,0,,1,,,190,,,5.6,2009-09-03T00:01:00,,,0.0,,0.0,,0.0,,0.0,,0.0,,0.0,,0.0,,0.0,,0.0,,0.0,,0.0,,0.0,,0.0,,0.0,,0.0,,2.9,,4.4,,19.7,,14.6,,21.9,,0.0,,0.0,,0.0,,1.1,,0.0,,0.0,,0.0,,0.0,,0.0,,0.0,,0.0,,0.0,,0.0,,0.0,,0.0,,0.0,,0.0,,3.0,
2009-09-04,915.1,1465.2,916.5,2009-09-04T10:01:00,913.9,2009-09-04T15:18:00,21.9,24.3,2009-09-04T14:06:00,20.8,2009-09-04T04:14:00,20.5,91,83,2009-09-04T14:47:00,1.8,250,14.3,140,2009-09-04T20:50:00,5.0,5.3,1.5,2009-09-04T02:12:00,2.0,2009-09-04T00:01:00,-99.5,-999.5,10.1,1.1,,,,,,,,,,,,,9.0,,22.2,2009-09-04T13:24:00,,,,19.4,2009-09-04T04:30:00,,,,,,,1.64,2009-09-04T15:00:00,,,,,,,,,,,,,,96,2009-09-04T09:49:00,,,,,,1478.2,2009-09-04T10:22:00,,,,1453.7,2009-09-04T15:18:00,,,,,,,,,,,,,,,,,,,3.5,,,,,,,14.0,,,0,,0,,0,,0,,0,,0,,0,,0,,0,,0,,0,,0,,0,,0,,0,,0,,0,,0,,2,,1,,2,,2,,1,,1,,0,,6,,0,,1,,0,,0,,1,,1,,1,,0,,1,,0,,0,,4,,,350,,,4.8,2009-09-04T14:28:00,,,0.0,,0.0,,0.0,,0.0,,0.0,,0.0,,0.0,,0.0,,0.0,,0.0,,0.0,,0.0,,0.0,,0.0,,0.0,,0.0,,0.0,,0.0,,6.2,,1.6,,2.7,,4.0,,1.7,,1.1,,0.0,,9.5,,0.0,,1.8,,0.0,,0.0,,3.2,,1.4,,1.2,,0.0,,2.8,,0.0,,0.0,,6.3,
2009-09-05,914.9,1463.6,916.0,2009-09-05T08:21:00,913.6,2009-09-05T15:21:00,22.4,25.8,2009-09-05T13:54:00,20.1,2009-09-05T05:30:00,20.2,87,78,2009-09-05T11:26:00,1.6,200,11.6,350,2009-09-05T15:49:00,0.0,0.0,0.0,,0.0,,-99.5,-999.5,12.18,1.4,,,,,,,,,,,,,7.0,,22.2,2009-09-05T11:51:00,,,,18.3,2009-09-05T05:28:00,,,,,,,1.78,2009-09-05T12:00:00,,,,,,,,,,,,,,95,2009-09-05T04:33:00,,,,,,1475.8,2009-09-05T09:16:00,,,,1452.1,2009-09-05T15:22:00,,,,,,,,,,,,,,,,,,,5.7,,,,,,,13.5,,,0,,0,,1,,2,,0,,0,,0,,0,,0,,0,,0,,0,,0,,0,,0,,0,,0,,1,,1,,1,,3,,1,,1,,1,,1,,0,,1,,0,,0,,2,,1,,1,,1,,2,,0,,0,,1,,2,,,330,,,4.3,2009-09-05T13:59:00,,,0.0,,0.0,,0.7,,3.4,,0.0,,0.0,,0.0,,0.0,,0.0,,0.0,,0.0,,0.0,,0.0,,0.0,,0.0,,0.0,,0.0,,2.7,,3.2,,3.4,,3.7,,1.0,,1.1,,0.7,,0.3,,0.0,,1.4,,0.0,,0.0,,1.6,,1.9,,1.5,,1.3,,6.5,,0.0,,0.0,,2.2,,2.9,
2009-09-06,915.6,1472.1,916.8,2009-09-06T21:14:00,914.6,2009-09-06T01:15:00,22.8,26.0,2009-09-06T13:27:00,20.8,2009-09-06T23:07:00,19.7,83,75,2009-09-06T12:09:00,1.7,70,8.8,330,2009-09-06T12:28:00,0.0,0.0,0.0,,0.0,,-99.5,-999.5,15.15,2.3,,,,,,,,,,,,,4.8,,22.3,2009-09-06T10:11:00,,,,17.0,2009-09-06T22:55:00,,,,,,,1.98,2009-09-06T12:00:00,,,,,,,,,,,,,,91,2009-09-06T01:53:00,,,,,,1484.7,2009-09-06T23:52:00,,,,1462.3,2009-09-06T16:12:00,,,,,,,,,,,,,,,,,,,5.2,,,,,,,14.2,,,0,,2,,2,,1,,1,,1,,0,,2,,1,,2,,0,,0,,0,,1,,0,,0,,1,,0,,0,,1,,1,,0,,1,,1,,0,,0,,0,,0,,0,,0,,0,,0,,2,,1,,1,,0,,1,,1,,,70,,,4.7,2009-09-06T18:18:00,,,0.0,,2.5,,2.3,,1.8,,1.1,,4.2,,0.0,,5.5,,1.6,,4.7,,0.0,,0.0,,0.0,,1.3,,0.0,,0.0,,1.8,,0.0,,0.0,,1.8,,1.9,,0.0,,0.6,,0.9,,0.0,,0.0,,0.0,,0.0,,0.0,,0.0,,0.0,,0.0,,3.2,,1.1,,3.7,,0.0,,1.0,,0.8,
2009-09-07,916.8,1483.0,918.0,2009-09-07T09:41:00,915.7,2009-09-07T02:58:00,22.6,26.3,2009-09-07T10:41:00,19.3,2009-09-07T05:59:00,18.7,79,67,2009-09-07T05:24:00,3.2,340,11.4,330,2009-09-07T15:00:00,0.0,0.0,0.0,,0.0,,-99.5,-999.5,25.26,3.8,,,,,,,,,,,,,2.2,,22.0,2009-09-07T13:20:00,,,,14.8,2009-09-07T18:21:00,,,,,,,3.52,2009-09-07T12:00:00,,,,,,,,,,,,,,88,2009-09-07T21:55:00,,,,,,1495.9,2009-09-07T10:00:00,,,,1472.4,2009-09-07T04:23:00,,,,,,,,,,,,,,,,,,,7.0,,,,,,,15.0,,,0,,0,,0,,1,,0,,2,,0,,4,,0,,0,,0,,0,,0,,0,,0,,0,,0,,1,,0,,1,,0,,0,,0,,0,,1,,0,,2,,0,,0,,0,,0,,0,,0,,2,,5,,5,,0,,0,,,340,,,6.5,2009-09-07T15:20:00,,,0.0,,0.0,,0.0,,1.6,,0.0,,4.0,,0.0,,13.1,,0.0,,0.0,,0.0,,0.0,,0.0,,0.0,,0.0,,0.0,,0.0,,1.3,,0.0,,1.8,,0.0,,0.0,,0.0,,0.0,,0.7,,0.0,,1.4,,0.0,,0.0,,0.0,,0.0,,0.0,,0.0,,11.9,,23.9,,16.6,,0.0,,0.0,
2009-09-08,917.6,1488.4,918.9,2009-09-08T21:24:00,916.3,2009-09-08T03:08:00,21.8,24.7,2009-09-08T11:22:00,20.4,2009-09-08T05:43:00,19.2,85,60,2009-09-08T01:39:00,1.6,160,12.2,150,2009-09-08T20:05:00,2.0,2.5,1.0,2009-09-08T17:50:00,1.5,2009-09-08T17:50:00,-99.5,-999.5,10.01,-1.0,,,,,,,,,,,,,6.7,,21.9,2009-09-08T12:56:00,,,,14.4,2009-09-08T01:40:00,,,,,,,1.8,2009-09-08T12:00:00,,,,,,,,,,,,,,92,2009-09-08T19:52:00,,,,,,1501.7,2009-09-08T23:22:00,,,,1478.7,2009-09-08T03:08:00,,,,,,,,,,,,,,,,,,,4.3,,,,,,,9.7,,,2,,0,,0,,1,,0,,1,,2,,0,,0,,0,,0,,0,,0,,1,,1,,0,,3,,0,,2,,1,,0,,2,,1,,1,,0,,0,,0,,0,,0,,0,,1,,1,,0,,0,,1,,0,,0,,3,,,340,,,4.5,2009-09-08T11:29:00,,,0.4,,0.0,,0.0,,2.4,,0.0,,2.0,,4.2,,0.0,,0.0,,0.0,,0.0,,0.0,,0.0,,2.2,,0.7,,0.0,,10.8,,0.0,,2.4,,1.3,,0.0,,1.0,,0.6,,1.3,,0.0,,0.0,,0.0,,0.0,,0.0,,0.0,,1.1,,2.2,,0.0,,0.0,,0.4,,0.0,,0.0,,5.0,
2009-09-09,918.2,1492.9,919.7,2009-09-09T09:30:00,916.9,2009-09-09T03:34:00,21.2,24.2,2009-09-09T10:13:00,20.2,2009-09-09T23:43:00,19.6,90,80,2009-09-09T10:13:00,2.9,160,15.4,170,2009-09-09T22:01:00,13.0,5.4,2.0,2009-09-09T11:31:00,7.5,2009-09-09T11:15:00,-99.5,-999.5,6.86,-0.4,,,,,,,,,,,,,9.3,,20.9,2009-09-09T10:34:00,,,,18.4,2009-09-09T01:30:00,,,,,,,2.19,2009-09-09T10:00:00,,,,,,,,,,,,,,96,2009-09-09T18:38:00,,,,,,1508.6,2009-09-09T10:14:00,,,,1481.0,2009-09-09T03:34:00,,,,,,,,,,,,,,,,,,,4.0,,,,,,,4.6,,,0,,0,,0,,0,,0,,0,,2,,0,,0,,0,,1,,0,,2,,0,,0,,1,,5,,4,,5,,1,,0,,1,,0,,0,,0,,0,,0,,0,,0,,0,,0,,0,,0,,0,,0,,0,,1,,1,,,160,,,7.7,2009-09-09T23:26:00,,,0.0,,0.0,,0.0,,0.0,,0.0,,0.0,,4.5,,0.0,,0.0,,0.0,,2.3,,0.0,,3.4,,0.0,,0.0,,1.8,,20.3,,13.7,,15.5,,1.9,,0.0,,2.1,,0.0,,0.0,,0.0,,0.0,,0.0,,0.0,,0.0,,0.0,,0.0,,0.0,,0.0,,0.0,,0.0,,0.0,,1.9,,2.4,
2009-09-10,918.5,1494.5,919.6,2009-09-10T20:25:00,917.3,2009-09-10T02:18:00,21.0,22.1,2009-09-10T22:18:00,20.4,2009-09-10T00:21:00,20.8,99,95,2009-09-10T00:01:00,4.9,140,16.4,170,2009-09-10T10:11:00,6.0,16.5,0.5,2009-09-10T07:01:00,1.5,2009-09-10T09:30:00,-99.5,-999.5,3.96,-2.8,,,,,,,,,,,,,,,22.1,2009-09-10T22:18:00,,,,19.7,2009-09-10T00:01:00,,,,,,,0.85,2009-09-10T14:00:00,,,,,,,,,,,,,,100,2009-09-10T07:38:00,,,,,,1506.2,2009-09-10T21:24:00,,,,1483.8,2009-09-10T03:53:00,,,,,,,,,,,,,,,,,,,1.7,,,,,,,0.2,,,0,,0,,0,,0,,0,,0,,0,,0,,0,,0,,0,,0,,0,,1,,10,,4,,5,,3,,1,,0,,0,,0,,0,,0,,0,,0,,0,,0,,0,,0,,0,,0,,0,,0,,0,,0,,0,,0,,,150,,,7.4,2009-09-10T10:10:00,,,0.0,,0.0,,0.0,,0.0,,0.0,,0.0,,0.0,,0.0,,0.0,,0.0,,0.0,,0.0,,0.0,,4.7,,52.9,,20.7,,23.2,,12.4,,4.4,,0.0,,0.0,,0.0,,0.0,,0.0,,0.0,,0.0,,0.0,,0.0,,0.0,,0.0,,0.0,,0.0,,0.0,,0.0,,0.0,,0.0,,0.0,,0.0,
2009-09-11,918.6,1498.8,919.7,2009-09-11T21:04:00,917.2,2009-09-11T02:48:00,23.1,27.6,2009-09-11T12:42:00,19.8,2009-09-11T04:13:00,20.2,84,73,2009-09-11T11:58:00,3.0,180,14.1,180,2009-09-11T03:18:00,0.0,0.0,0.0,,0.0,,-99.5,-999.5,19.57,2.4,,,,,,,,,,,,,3.0,,23.3,2009-09-11T14:08:00,,,,18.0,2009-09-11T06:58:00,,,,,,,3.03,2009-09-11T11:00:00,,,,,,,,,,,,,,100,2009-09-11T00:01:00,,,,,,1512.1,2009-09-11T21:43:00,,,,1481.5,2009-09-11T03:53:00,,,,,,,,,,,,,,,,,,,7.8,,,,,,,14.5,,,1,,0,,0,,0,,0,,0,,0,,0,,0,,0,,0,,0,,0,,2,,2,,0,,0,,3,,8,,7,,0,,0,,0,,0,,0,,0,,0,,0,,0,,0,,0,,0,,0,,0,,0,,1,,0,,0,,,180,,,7.0,2009-09-11T05:24:00,,,0.0,,0.0,,0.0,,0.0,,0.0,,0.0,,0.0,,0.0,,0.0,,0.0,,0.0,,0.0,,0.0,,3.5,,3.8,,0.0,,0.0,,5.0,,29.8,,27.1,,0.0,,0.0,,0.0,,0.0,,0.0,,0.0,,0.0,,0.0,,0.0,,0.0,,0.0,,0.0,,0.0,,0.0,,0.0,,2.3,,0.0,,0.0,
2009-09-12,918.9,1504.9,919.9,2009-09-12T08:36:00,917.7,2009-09-12T14:56:00,24.0,28.3,2009-09-12T10:45:00,20.8,2009-09-12T04:00:00,21.6,86,76,2009-09-12T14:44:00,2.9,180,17.9,180,2009-09-12T22:20:00,0.0,0.0,0.0,,0.0,,7.0,56.9,19.73,-1.5,,,,,,,,,,,,,3.5,,24.7,2009-09-12T14:16:00,,,,18.7,2009-09-12T00:08:00,,,,,,,3.61,2009-09-12T11:00:00,,,,,,,,,,,,,,93,2009-09-12T23:18:00,,,,,,1516.1,2009-09-12T10:07:00,,,,1493.2,2009-09-12T16:00:00,,,,,,,,,,,,,,,,,,,7.5,,,,,,,14.8,,,3,,0,,0,,0,,0,,0,,0,,0,,0,,1,,0,,0,,0,,0,,0,,1,,1,,2,,7,,1,,1,,0,,0,,0,,0,,0,,0,,1,,0,,0,,0,,0,,0,,1,,2,,3,,0,,0,,,190,,,7.3,2009-09-12T22:41:00,,,0.2,,0.0,,0.0,,0.0,,0.0,,0.0,,0.0,,0.0,,0.0,,3.7,,0.0,,0.0,,0.0,,0.0,,0.0,,3.1,,3.4,,10.9,,28.3,,0.8,,1.6,,0.0,,0.0,,0.0,,0.0,,0.0,,0.0,,0.7,,0.0,,0.0,,0.0,,0.0,,0.0,,1.1,,6.5,,9.1,,0.0,,0.0,
2009-09-13,917.9,1495.0,919.6,2009-09-13T09:17:00,916.5,2009-09-13T23:51:00,23.1,24.3,2009-09-13T12:45:00,22.0,2009-09-13T21:19:00,22.4,96,81,2009-09-13T23:34:00,5.7,180,20.7,180,2009-09-13T22:03:00,90.0,14.3,9.5,2009-09-13T12:07:00,22.5,2009-09-13T11:25:00,0.0,0.0,2.83,-0.2,,,,,,,,,,,,,10.0,,24.3,2009-09-13T12:45:00,,,,19.6,2009-09-13T23:34:00,,,,,,,0.59,2009-09-13T15:00:00,,,,,,,,,,,,,,100,2009-09-13T09:12:00,,,,,,1510.4,2009-09-13T09:17:00,,,,1481.6,2009-09-13T23:51:00,,,,,,,,,,,,,,,,,,,2.3,,,,,,,3.8,,,0,,0,,0,,0,,0,,0,,0,,0,,0,,0,,0,,0,,0,,0,,1,,0,,1,,8,,11,,3,,0,,0,,0,,0,,0,,0,,0,,0,,0,,0,,0,,0,,0,,0,,0,,0,,0,,0,,,190,,,10.0,2009-09-13T22:18:00,,,0.0,,0.0,,0.0,,0.0,,0.0,,0.0,,0.0,,0.0,,0.0,,0.0,,0.0,,0.0,,0.0,,0.0,,3.8,,0.0,,7.1,,43.9,,65.0,,17.2,,0.0,,0.0,,0.0,,0.0,,0.0,,0.0,,0.0,,0.0,,0.0,,0.0,,0.0,,0.0,,0.0,,0.0,,0.0,,0.0,,0.0,,0.0,
2009-09-14,918.2,1498.7,920.2,2009-09-14T22:28:00,916.3,2009-09-14T00:31:00,24.6,27.9,2009-09-14T14:42:00,21.9,2009-09-14T05:39:00,22.4,87,80,2009-09-14T00:46:00,2.3,180,20.5,180,2009-09-14T00:30:00,0.0,0.0,0.0,,0.0,,3.9,31.8,12.29,1.4,,,,,,,,,,,,,7.5,,24.8,2009-09-14T14:45:00,,,,19.8,2009-09-14T00:15:00,,,,,,,1.79,2009-09-14T15:00:00,,,,,,,,,,,,,,92,2009-09-14T12:34:00,,,,,,1519.9,2009-09-14T22:28:00,,,,1477.9,2009-09-14T04:27:00,,,,,,,,,,,,,,,,,,,6.0,,,,,,,12.5,,,1,,0,,0,,0,,0,,0,,0,,0,,0,,1,,0,,0,,0,,0,,1,,0,,4,,4,,5,,3,,1,,1,,0,,0,,0,,0,,0,,0,,0,,0,,0,,0,,0,,1,,1,,1,,0,,0,,,180,,,9.9,2009-09-14T00:37:00,,,0.1,,0.0,,0.0,,0.0,,0.0,,0.0,,0.0,,0.0,,0.0,,0.9,,0.0,,0.0,,0.0,,0.0,,0.3,,0.0,,7.3,,11.2,,19.3,,7.4,,2.3,,2.2,,0.0,,0.0,,0.0,,0.0,,0.0,,0.0,,0.0,,0.0,,0.0,,0.0,,0.0,,0.6,,1.0,,2.7,,0.0,,0.0,
2009-09-15,919.8,1513.8,921.8,2009-09-15T23:01:00,918.0,2009-09-15T03:26:00,23.6,26.1,2009-09-15T10:08:00,21.6,2009-09-15T23:19:00,21.6,89,84,2009-09-15T13:13:00,2.0,350,7.8,340,2009-09-15T12:00:00,1.0,0.5,0.5,2009-09-15T11:54:00,1.0,2009-09-15T11:54:00,1.3,10.6,10.71,-0.8,,,,,,,,,,,,,8.5,,23.8,2009-09-15T11:46:00,,,,19.9,2009-09-15T22:27:00,,,,,,,2.21,2009-09-15T11:00:00,,,,,,,,,,,,,,93,2009-09-15T11:54:00,,,,,,1532.3,2009-09-15T22:58:00,,,,1499.7,2009-09-15T04:08:00,,,,,,,,,,,,,,,,,,,4.5,,,,,,,12.2,,,5,,1,,0,,0,,1,,0,,0,,0,,0,,0,,0,,0,,0,,0,,0,,0,,0,,1,,0,,0,,0,,0,,0,,0,,0,,0,,1,,0,,0,,0,,0,,0,,0,,1,,4,,6,,4,,0,,,350,,,5.2,2009-09-15T12:02:00,,,0.1,,1.7,,0.0,,0.0,,0.4,,0.0,,0.0,,0.0,,0.0,,0.0,,0.0,,0.0,,0.0,,0.0,,0.0,,0.0,,0.0,,0.6,,0.0,,0.0,,0.0,,0.0,,0.0,,0.0,,0.0,,0.0,,1.3,,0.0,,0.0,,0.0,,0.0,,0.0,,0.0,,1.4,,12.1,,20.2,,11.2,,0.0,
2009-09-16,921.1,1525.8,922.4,2009-09-16T21:34:00,919.8,2009-09-16T14:54:00,23.9,28.2,2009-09-16T12:40:00,21.2,2009-09-16T01:40:00,21.3,86,76,2009-09-16T22:14:00,1.0,70,6.7,80,2009-09-16T19:22:00,0.0,0.0,0.0,,0.0,,5.1,41.8,14.83,2.5,,,,,,,,,,,,,5.3,,24.7,2009-09-16T12:41:00,,,,19.1,2009-09-16T23:56:00,,,,,,,2.73,2009-09-16T10:00:00,,,,,,,,,,,,,,91,2009-09-16T03:24:00,,,,,,1543.0,2009-09-16T22:13:00,,,,1513.2,2009-09-16T15:06:00,,,,,,,,,,,,,,,,,,,7.0,,,,,,,14.0,,,8,,0,,0,,0,,1,,1,,0,,3,,2,,2,,0,,1,,0,,0,,0,,0,,0,,0,,0,,0,,0,,0,,1,,0,,0,,0,,0,,0,,0,,0,,0,,0,,0,,0,,2,,1,,1,,1,,,70,,,4.3,2009-09-16T20:10:00,,,0.6,,0.0,,0.0,,0.0,,0.9,,2.0,,0.0,,4.3,,3.4,,2.9,,0.0,,1.5,,0.0,,0.0,,0.0,,0.0,,0.0,,0.0,,0.0,,0.0,,0.0,,0.0,,1.3,,0.0,,0.0,,0.0,,0.0,,0.0,,0.0,,0.0,,0.0,,0.0,,0.0,,0.0,,2.3,,1.5,,0.9,,1.5,
2009-09-17,920.8,1522.9,922.1,2009-09-17T09:28:00,919.6,2009-09-17T16:31:00,23.8,28.0,2009-09-17T13:20:00,21.2,2009-09-17T05:02:00,20.4,82,69,2009-09-17T13:05:00,2.3,350,7.3,340,2009-09-17T14:38:00,0.0,0.0,0.0,,0.0,,9.0,73.9,21.58,3.1,,,,,,,,,,,,,2.7,,23.1,2009-09-17T11:00:00,,,,19.0,2009-09-17T00:25:00,,,,,,,3.43,2009-09-17T11:00:00,,,,,,,,,,,,,,87,2009-09-17T02:52:00,,,,,,1537.5,2009-09-17T09:28:00,,,,1509.4,2009-09-17T17:03:00,,,,,,,,,,,,,,,,,,,6.8,,,,,,,14.5,,,4,,1,,1,,0,,0,,0,,0,,0,,0,,0,,0,,0,,0,,0,,0,,0,,0,,0,,0,,1,,0,,0,,0,,0,,0,,0,,0,,0,,0,,0,,0,,0,,1,,1,,1,,14,,0,,0,,,340,,,5.0,2009-09-17T14:41:00,,,0.2,,0.6,,1.6,,0.0,,0.0,,0.0,,0.0,,0.0,,0.0,,0.0,,0.0,,0.0,,0.0,,0.0,,0.0,,0.0,,0.0,,0.0,,0.0,,0.6,,0.0,,0.0,,0.0,,0.0,,0.0,,0.0,,0.0,,0.0,,0.0,,0.0,,0.0,,0.0,,0.8,,2.7,,3.5,,44.1,,0.0,,0.0,
2009-09-18,918.9,1504.6,920.5,2009-09-18T00:01:00,917.4,2009-09-18T15:15:00,23.9,28.3,2009-09-18T13:52:00,20.9,2009-09-18T04:26:00,20.5,82,72,2009-09-18T14:53:00,1.4,350,6.3,340,2009-09-18T06:53:00,0.0,0.0,0.0,,0.0,,5.2,42.8,15.02,-1.5,,,,,,,,,,,,,4.3,,24.7,2009-09-18T13:25:00,,,,18.8,2009-09-18T21:38:00,,,,,,,2.73,2009-09-18T14:00:00,,,,,,,,,,,,,,89,2009-09-18T01:37:00,,,,,,1521.8,2009-09-18T00:01:00,,,,1489.5,2009-09-18T17:07:00,,,,,,,,,,,,,,,,,,,7.4,,,,,,,13.5,,,8,,1,,0,,0,,0,,0,,0,,0,,0,,0,,0,,0,,0,,0,,0,,1,,0,,0,,1,,0,,0,,0,,0,,0,,0,,0,,0,,0,,0,,0,,0,,0,,0,,0,,3,,7,,3,,0,,,350,,,5.2,2009-09-18T06:56:00,,,0.5,,3.1,,0.0,,0.0,,0.0,,0.0,,0.0,,0.0,,0.0,,0.0,,0.0,,0.0,,0.0,,0.0,,0.0,,0.3,,0.0,,0.0,,0.5,,0.0,,0.0,,0.0,,0.0,,0.0,,0.0,,0.0,,0.0,,0.0,,0.0,,0.0,,0.0,,0.0,,0.0,,0.0,,3.4,,20.1,,6.2,,0.0,
2009-09-19,918.2,1495.0,919.3,2009-09-19T09:35:00,917.0,2009-09-19T15:06:00,21.6,24.4,2009-09-19T13:23:00,19.4,2009-09-19T21:43:00,19.1,86,76,2009-09-19T14:22:00,1.5,350,9.9,50,2009-09-19T20:07:00,1.5,3.4,0.5,2009-09-19T01:07:00,1.0,2009-09-19T05:01:00,2.8,23.1,12.83,2.2,,,,,,,,,,,,,7.7,,20.9,2009-09-19T11:36:00,,,,16.6,2009-09-19T23:44:00,,,,,,,2.38,2009-09-19T14:00:00,,,,,,,,,,,,,,93,2009-09-19T07:24:00,,,,,,1507.8,2009-09-19T00:01:00,,,,1482.6,2009-09-19T15:49:00,,,,,,,,,,,,,,,,,,,5.0,,,,,,,12.5,,,1,,0,,1,,0,,1,,2,,0,,1,,1,,1,,0,,1,,0,,1,,0,,0,,0,,0,,1,,0,,0,,0,,0,,1,,1,,1,,0,,2,,1,,0,,0,,0,,0,,0,,0,,3,,1,,3,,,360,,,4.3,2009-09-19T04:01:00,,,0.1,,0.0,,1.1,,0.0,,1.5,,3.4,,0.0,,1.2,,2.0,,2.0,,0.0,,2.6,,0.0,,1.0,,0.0,,0.0,,0.0,,0.0,,0.9,,0.0,,0.0,,0.0,,0.0,,1.1,,0.8,,0.9,,0.0,,1.5,,1.1,,0.0,,0.0,,0.0,,0.0,,0.0,,0.0,,8.4,,4.2,,2.6,
2009-09-20,918.6,1496.2,920.0,2009-09-20T09:12:00,917.4,2009-09-20T03:09:00,21.0,24.5,2009-09-20T12:53:00,18.7,2009-09-20T03:59:00,18.4,85,77,2009-09-20T10:09:00,2.5,120,10.9,140,2009-09-20T21:07:00,0.0,0.0,0.0,,0.0,,7.3,60.3,22.26,3.3,,,,,,,,,,,,,6.3,,20.8,2009-09-20T13:05:00,,,,16.3,2009-09-20T03:16:00,,,,,,,3.6,2009-09-20T12:00:00,,,,,,,,,,,,,,89,2009-09-20T04:24:00,,,,,,1509.0,2009-09-20T09:12:00,,,,1483.2,2009-09-20T03:20:00,,,,,,,,,,,,,,,,,,,5.8,,,,,,,11.8,,,0,,0,,0,,0,,0,,0,,1,,0,,0,,2,,2,,2,,3,,1,,2,,2,,1,,1,,2,,2,,1,,0,,2,,0,,0,,0,,0,,0,,0,,0,,0,,0,,0,,0,,0,,0,,0,,0,,,170,,,4.4,2009-09-20T05:17:00,,,0.0,,0.0,,0.0,,0.0,,0.0,,0.0,,3.0,,0.0,,0.0,,4.7,,4.6,,5.7,,5.4,,3.0,,5.9,,7.1,,2.8,,1.8,,5.5,,5.9,,1.6,,0.0,,2.4,,0.0,,0.0,,0.0,,0.0,,0.0,,0.0,,0.0,,0.0,,0.0,,0.0,,0.0,,0.0,,0.0,,0.0,,0.0,
2009-09-21,918.6,1498.5,919.4,2009-09-21T19:56:00,917.9,2009-09-21T04:02:00,22.3,26.2,2009-09-21T11:40:00,20.5,2009-09-21T00:01:00,19.6,85,75,2009-09-21T11:39:00,2.6,100,11.2,140,2009-09-21T23:57:00,0.0,0.0,0.0,,0.0,,8.3,68.8,22.74,3.6,,,,,,,,,,,,,4.5,,22.2,2009-09-21T10:33:00,,,,18.1,2009-09-21T00:35:00,,,,,,,3.6,2009-09-21T13:00:00,,,,,,,,,,,,,,89,2009-09-21T03:46:00,,,,,,1508.0,2009-09-21T21:09:00,,,,1488.9,2009-09-21T04:32:00,,,,,,,,,,,,,,,,,,,5.7,,,,,,,10.0,,,0,,0,,0,,0,,0,,1,,1,,2,,3,,2,,4,,2,,0,,2,,0,,2,,1,,3,,1,,0,,0,,0,,0,,0,,0,,0,,0,,0,,0,,0,,0,,0,,0,,0,,0,,0,,0,,0,,,150,,,5.5,2009-09-21T23:17:00,,,0.0,,0.0,,0.0,,0.0,,0.0,,2.5,,3.0,,6.9,,7.9,,5.6,,8.1,,4.5,,0.0,,4.8,,0.0,,3.3,,1.7,,11.5,,1.9,,0.0,,0.0,,0.0,,0.0,,0.0,,0.0,,0.0,,0.0,,0.0,,0.0,,0.0,,0.0,,0.0,,0.0,,0.0,,0.0,,0.0,,0.0,,0.0,
2009-09-22,918.8,1501.1,919.9,2009-09-22T20:31:00,917.5,2009-09-22T13:53:00,22.8,26.5,2009-09-22T11:31:00,21.0,2009-09-22T05:27:00,19.5,82,71,2009-09-22T15:14:00,4.2,160,14.2,140,2009-09-22T11:25:00,0.0,0.0,0.0,,0.0,,9.4,78.0,23.39,-3.7,,,,,,,,,,,,,2.7,,21.6,2009-09-22T12:44:00,,,,17.9,2009-09-22T06:17:00,,,,,,,3.59,2009-09-22T12:00:00,,,,,,,,,,,,,,89,2009-09-22T00:17:00,,,,,,1512.4,2009-09-22T20:49:00,,,,1490.7,2009-09-22T13:53:00,,,,,,,,,,,,,,,,,,,5.5,,,,,,,16.0,,,0,,0,,0,,0,,0,,0,,0,,0,,0,,0,,0,,0,,0,,0,,3,,4,,6,,6,,5,,0,,0,,0,,0,,0,,0,,0,,0,,0,,0,,0,,0,,0,,0,,0,,0,,0,,0,,0,,,140,,,6.1,2009-09-22T12:07:00,,,0.0,,0.0,,0.0,,0.0,,0.0,,0.0,,0.0,,0.0,,0.0,,0.0,,0.0,,0.0,,0.0,,0.0,,13.6,,19.0,,26.0,,21.9,,20.3,,0.0,,0.0,,0.0,,0.0,,0.0,,0.0,,0.0,,0.0,,0.0,,0.0,,0.0,,0.0,,0.0,,0.0,,0.0,,0.0,,0.0,,0.0,,0.0,
2009-09-23,919.6,1508.5,921.1,2009-09-23T21:54:00,918.4,2009-09-23T02:45:00,22.3,25.6,2009-09-23T13:23:00,20.6,2009-09-23T01:51:00,20.1,88,79,2009-09-23T12:55:00,4.8,150,18.1,140,2009-09-23T20:51:00,3.5,4.1,1.0,2009-09-23T06:22:00,2.0,2009-09-23T06:18:00,4.1,34.1,16.28,-2.8,,,,,,,,,,,,,8.8,,22.3,2009-09-23T13:26:00,,,,18.1,2009-09-23T01:54:00,,,,,,,3.06,2009-09-23T12:00:00,,,,,,,,,,,,,,94,2009-09-23T08:54:00,,,,,,1522.4,2009-09-23T21:54:00,,,,1498.6,2009-09-23T03:17:00,,,,,,,,,,,,,,,,,,,5.0,,,,,,,7.9,,,0,,0,,0,,0,,0,,0,,0,,0,,0,,0,,0,,0,,0,,0,,5,,8,,4,,3,,0,,4,,0,,0,,0,,0,,0,,0,,0,,0,,0,,0,,0,,0,,0,,0,,0,,0,,0,,0,,,160,,,7.2,2009-09-23T20:17:00,,,0.0,,0.0,,0.0,,0.0,,0.0,,0.0,,0.0,,0.0,,0.0,,0.0,,0.0,,0.0,,0.0,,0.0,,26.1,,40.3,,20.7,,13.8,,0.0,,14.3,,0.0,,0.0,,0.0,,0.0,,0.0,,0.0,,0.0,,0.0,,0.0,,0.0,,0.0,,0.0,,0.0,,0.0,,0.0,,0.0,,0.0,,0.0,
2009-09-24,920.1,1512.7,921.4,2009-09-24T09:02:00,918.9,2009-09-24T16:12:00,22.1,25.4,2009-09-24T13:09:00,20.8,2009-09-24T23:59:00,19.6,86,75,2009-09-24T12:55:00,4.1,170,17.1,140,2009-09-24T03:06:00,1.5,3.3,1.0,2009-09-24T20:11:00,1.0,2009-09-24T19:21:00,7.1,59.2,21.62,-3.0,,,,,,,,,,,,,7.8,,21.0,2009-09-24T12:30:00,,,,18.5,2009-09-24T16:21:00,,,,,,,3.52,2009-09-24T13:00:00,,,,,,,,,,,,,,92,2009-09-24T23:47:00,,,,,,1525.2,2009-09-24T09:15:00,,,,1499.6,2009-09-24T16:20:00,,,,,,,,,,,,,,,,,,,4.6,,,,,,,11.2,,,0,,0,,0,,0,,0,,0,,0,,0,,0,,0,,0,,0,,0,,0,,0,,2,,2,,8,,7,,1,,1,,2,,0,,0,,0,,0,,0,,0,,0,,0,,0,,0,,0,,0,,0,,0,,0,,1,,,150,,,7.0,2009-09-24T03:03:00,,,0.0,,0.0,,0.0,,0.0,,0.0,,0.0,,0.0,,0.0,,0.0,,0.0,,0.0,,0.0,,0.0,,0.0,,0.0,,7.7,,11.6,,31.8,,32.2,,5.2,,2.1,,5.2,,0.0,,0.0,,0.0,,0.0,,0.0,,0.0,,0.0,,0.0,,0.0,,0.0,,0.0,,0.0,,0.0,,0.0,,0.0,,1.7,
2009-09-25,919.5,1506.0,920.8,2009-09-25T09:36:00,918.4,2009-09-25T03:33:00,21.7,25.3,2009-09-25T10:15:00,20.1,2009-09-25T22:15:00,19.3,86,76,2009-09-25T13:08:00,3.7,180,15.5,190,2009-09-25T01:07:00,1.5,2.3,1.0,2009-09-25T07:03:00,1.0,2009-09-25T07:01:00,6.8,56.8,19.75,-3.2,,,,,,,,,,,,,7.3,,21.6,2009-09-25T10:16:00,,,,18.0,2009-09-25T22:44:00,,,,,,,3.35,2009-09-25T13:00:00,,,,,,,,,,,,,,93,2009-09-25T08:14:00,,,,,,1520.2,2009-09-25T09:55:00,,,,1495.1,2009-09-25T03:55:00,,,,,,,,,,,,,,,,,,,5.2,,,,,,,17.8,,,0,,0,,0,,0,,0,,0,,0,,0,,0,,0,,0,,0,,0,,0,,0,,2,,1,,7,,9,,5,,0,,0,,0,,0,,0,,0,,0,,0,,0,,0,,0,,0,,0,,0,,0,,0,,0,,0,,,180,,,6.8,2009-09-25T01:49:00,,,0.0,,0.0,,0.0,,0.0,,0.0,,0.0,,0.0,,0.0,,0.0,,0.0,,0.0,,0.0,,0.0,,0.0,,0.0,,5.9,,3.4,,23.8,,34.4,,21.9,,0.0,,0.0,,0.0,,0.0,,0.0,,0.0,,0.0,,0.0,,0.0,,0.0,,0.0,,0.0,,0.0,,0.0,,0.0,,0.0,,0.0,,0.0,
2009-09-26,918.3,1494.8,919.5,2009-09-26T00:40:00,916.8,2009-09-26T14:05:00,21.9,23.9,2009-09-26T13:42:00,20.6,2009-09-26T01:08:00,19.8,88,82,2009-09-26T13:41:00,5.1,180,19.2,160,2009-09-26T21:57:00,5.5,4.7,2.0,2009-09-26T07:19:00,3.0,2009-09-26T07:01:00,0.3,2.5,10.28,-0.4,,,,,,,,,,,,,9.3,,21.0,2009-09-26T12:54:00,,,,18.4,2009-09-26T18:59:00,,,,,,,1.7,2009-09-26T11:00:00,,,,,,,,,,,,,,96,2009-09-26T08:39:00,,,,,,1508.2,2009-09-26T00:40:00,,,,1481.1,2009-09-26T14:11:00,,,,,,,,,,,,,,,,,,,3.3,,,,,,,9.7,,,0,,0,,0,,0,,0,,0,,0,,0,,0,,0,,0,,0,,0,,0,,0,,1,,5,,5,,11,,2,,0,,0,,0,,0,,0,,0,,0,,0,,0,,0,,0,,0,,0,,0,,0,,0,,0,,0,,,160,,,7.2,2009-09-26T22:58:00,,,0.0,,0.0,,0.0,,0.0,,0.0,,0.0,,0.0,,0.0,,0.0,,0.0,,0.0,,0.0,,0.0,,0.0,,0.0,,5.0,,27.5,,24.1,,55.7,,9.2,,0.0,,0.0,,0.0,,0.0,,0.0,,0.0,,0.0,,0.0,,0.0,,0.0,,0.0,,0.0,,0.0,,0.0,,0.0,,0.0,,0.0,,0.0,
2009-09-27,917.3,1486.1,919.3,2009-09-27T09:35:00,915.7,2009-09-27T15:56:00,22.1,23.5,2009-09-27T13:22:00,20.4,2009-09-27T17:58:00,20.0,88,82,2009-09-27T18:23:00,5.4,180,20.0,140,2009-09-27T19:17:00,10.5,9.8,3.0,2009-09-27T09:36:00,4.0,2009-09-27T08:44:00,0.0,0.0,5.37,-1.7,,,,,,,,,,,,,10.0,,21.3,2009-09-27T13:24:00,,,,17.8,2009-09-27T18:02:00,,,,,,,1.57,2009-09-27T13:00:00,,,,,,,,,,,,,,95,2009-09-27T10:13:00,,,,,,1504.1,2009-09-27T09:35:00,,,,1471.6,2009-09-27T15:56:00,,,,,,,,,,,,,,,,,,,3.1,,,,,,,10.4,,,0,,0,,0,,0,,0,,0,,0,,0,,0,,0,,0,,0,,0,,0,,0,,0,,1,,6,,16,,1,,0,,0,,0,,0,,0,,0,,0,,0,,0,,0,,0,,0,,0,,0,,0,,0,,0,,0,,,190,,,8.4,2009-09-27T21:49:00,,,0.0,,0.0,,0.0,,0.0,,0.0,,0.0,,0.0,,0.0,,0.0,,0.0,,0.0,,0.0,,0.0,,0.0,,0.0,,0.0,,4.8,,31.9,,87.2,,5.4,,0.0,,0.0,,0.0,,0.0,,0.0,,0.0,,0.0,,0.0,,0.0,,0.0,,0.0,,0.0,,0.0,,0.0,,0.0,,0.0,,0.0,,0.0,
2009-09-28,917.3,1486.0,919.3,2009-09-28T22:05:00,915.0,2009-09-28T04:14:00,22.0,23.5,2009-09-28T12:34:00,20.6,2009-09-28T03:57:00,19.8,88,71,2009-09-28T06:14:00,5.3,180,20.0,160,2009-09-28T04:25:00,226.5,7.2,27.5,2009-09-28T22:03:00,83.5,2009-09-28T21:31:00,0.0,0.0,6.69,-0.4,,,,,,,,,,,,,9.5,,21.3,2009-09-28T12:07:00,,,,17.4,2009-09-28T05:50:00,,,,,,,2.27,2009-09-28T13:00:00,,,,,,,,,,,,,,94,2009-09-28T18:45:00,,,,,,1504.8,2009-09-28T22:05:00,,,,1463.7,2009-09-28T04:14:00,,,,,,,,,,,,,,,,,,,2.9,,,,,,,12.0,,,0,,0,,0,,0,,0,,0,,0,,0,,0,,0,,0,,0,,0,,0,,0,,0,,0,,4,,13,,4,,1,,0,,1,,0,,1,,0,,0,,0,,0,,0,,0,,0,,0,,0,,0,,0,,0,,0,,,180,,,9.8,2009-09-28T04:02:00,,,0.0,,0.0,,0.0,,0.0,,0.0,,0.0,,0.0,,0.0,,0.0,,0.0,,0.0,,0.0,,0.0,,0.0,,0.0,,0.0,,0.0,,21.6,,73.8,,23.3,,3.0,,0.0,,3.7,,0.0,,2.7,,0.0,,0.0,,0.0,,0.0,,0.0,,0.0,,0.0,,0.0,,0.0,,0.0,,0.0,,0.0,,0.0,
2009-09-29,916.5,1478.7,918.1,2009-09-29T00:11:00,914.5,2009-09-29T13:49:00,22.0,24.1,2009-09-29T14:59:00,20.5,2009-09-29T00:51:00,20.4,90,82,2009-09-29T15:51:00,5.9,180,22.6,170,2009-09-29T13:03:00,95.0,11.3,8.0,2009-09-29T03:06:00,28.5,2009-09-29T01:14:00,0.0,0.0,9.15,-1.7,,,,,,,,,,,,,9.0,,22.5,2009-09-29T13:36:00,,,,18.9,2009-09-29T01:10:00,,,,,,,2.21,2009-09-29T14:00:00,,,,,,,,,,,,,,95,2009-09-29T11:08:00,,,,,,1493.8,2009-09-29T00:24:00,,,,1459.8,2009-09-29T13:52:00,,,,,,,,,,,,,,,,,,,3.6,,,,,,,10.1,,,0,,0,,0,,0,,0,,0,,0,,0,,0,,0,,0,,0,,0,,0,,1,,1,,1,,7,,11,,0,,0,,0,,1,,1,,0,,0,,0,,0,,0,,0,,0,,0,,1,,0,,0,,0,,0,,0,,,180,,,8.9,2009-09-29T19:48:00,,,0.0,,0.0,,0.0,,0.0,,0.0,,0.0,,0.0,,0.0,,0.0,,0.0,,0.0,,0.0,,0.0,,0.0,,6.0,,6.0,,5.7,,39.6,,78.2,,0.0,,0.0,,0.0,,1.9,,2.6,,0.0,,0.0,,0.0,,0.0,,0.0,,0.0,,0.0,,0.0,,2.3,,0.0,,0.0,,0.0,,0.0,,0.0,
2009-09-30,919.0,1503.5,920.5,2009-09-30T20:56:00,917.2,2009-09-30T01:35:00,22.9,26.4,2009-09-30T12:22:00,21.3,2009-09-30T00:01:00,21.3,91,83,2009-09-30T12:15:00,2.9,180,13.9,190,2009-09-30T08:09:00,6.5,1.6,4.0,2009-09-30T21:34:00,6.5,2009-09-30T20:46:00,0.0,0.0,8.68,-1.9,,,,,,,,,,,,,9.0,,23.6,2009-09-30T12:23:00,,,,19.7,2009-09-30T00:01:00,,,,,,,1.84,2009-09-30T13:00:00,,,,,,,,,,,,,,95,2009-09-30T08:07:00,,,,,,1518.6,2009-09-30T22:35:00,,,,1485.6,2009-09-30T01:47:00,,,,,,,,,,,,,,,,,,,5.1,,,,,,,15.2,,,5,,0,,0,,0,,0,,0,,0,,0,,0,,0,,0,,0,,0,,0,,0,,0,,0,,2,,12,,4,,0,,0,,0,,0,,0,,0,,0,,0,,0,,0,,0,,0,,0,,0,,0,,1,,0,,0,,,180,,,6.9,2009-09-30T01:55:00,,,0.3,,0.0,,0.0,,0.0,,0.0,,0.0,,0.0,,0.0,,0.0,,0.0,,0.0,,0.0,,0.0,,0.0,,0.0,,0.0,,0.0,,2.7,,57.7,,8.8,,0.0,,0.0,,0.0,,0.0,,0.0,,0.0,,0.0,,0.0,,0.0,,0.0,,0.0,,0.0,,0.0,,0.0,,0.0,,0.5,,0.0,,0.0,
2009-10-01,920.1,1513.7,921.2,2009-10-01T09:01:00,919.0,2009-10-01T15:25:00,22.4,24.3,2009-10-01T11:07:00,21.1,2009-10-01T19:07:00,21.4,94,89,2009-10-01T11:21:00,0.8,350,4.0,310,2009-10-01T04:37:00,2.5,9.2,0.5,2009-10-01T04:01:00,1.5,2009-10-01T03:30:00,0.0,0.0,4.72,-0.4,,,,,,,,,,,,,10.0,,23.8,2009-10-01T09:55:00,,,,19.8,2009-10-01T19:08:00,,,,,,,1.09,2009-10-01T12:00:00,,,,,,,,,,,,,,100,2009-10-01T06:53:00,,,,,,1526.0,2009-10-01T09:53:00,,,,1502.8,2009-10-01T15:39:00,,,,,,,,,,,,,,,,,,,3.2,,,,,,,1.9,,,13,,0,,0,,0,,0,,0,,0,,0,,0,,0,,0,,0,,0,,0,,0,,0,,0,,0,,0,,0,,0,,0,,0,,0,,0,,0,,0,,0,,0,,0,,0,,0,,1,,0,,2,,5,,3,,0,,,350,,,3.4,2009-10-01T14:04:00,,,1.0,,0.0,,0.0,,0.0,,0.0,,0.0,,0.0,,0.0,,0.0,,0.0,,0.0,,0.0,,0.0,,0.0,,0.0,,0.0,,0.0,,0.0,,0.0,,0.0,,0.0,,0.0,,0.0,,0.0,,0.0,,0.0,,0.0,,0.0,,0.0,,0.0,,0.0,,0.0,,0.6,,0.0,,3.6,,10.5,,3.2,,0.0,
2009-10-02,919.9,1507.9,921.1,2009-10-02T08:47:00,918.9,2009-10-02T03:29:00,20.3,21.8,2009-10-02T02:06:00,18.9,2009-10-02T21:19:00,18.8,91,85,2009-10-02T10:02:00,2.2,360,12.3,360,2009-10-02T20:49:00,9.0,19.7,1.0,2009-10-02T15:46:00,2.5,2009-10-02T15:40:00,0.0,0.0,2.13,-0.4,,,,,,,,,,,,,10.0,,20.7,2009-10-02T02:08:00,,,,17.2,2009-10-02T21:19:00,,,,,,,0.59,2009-10-02T12:00:00,,,,,,,,,,,,,,96,2009-10-02T14:06:00,,,,,,1520.2,2009-10-02T09:58:00,,,,1499.1,2009-10-02T16:34:00,,,,,,,,,,,,,,,,,,,2.9,,,,,,,7.5,,,2,,0,,2,,1,,1,,0,,0,,0,,1,,0,,0,,0,,0,,0,,0,,0,,0,,0,,0,,0,,0,,0,,1,,0,,0,,0,,0,,0,,0,,2,,1,,0,,1,,3,,3,,2,,4,,0,,,340,,,5.8,2009-10-02T04:40:00,,,0.1,,0.0,,6.3,,2.2,,1.6,,0.0,,0.0,,0.0,,0.3,,0.0,,0.0,,0.0,,0.0,,0.0,,0.0,,0.0,,0.0,,0.0,,0.0,,0.0,,0.0,,0.0,,2.0,,0.0,,0.0,,0.0,,0.0,,0.0,,0.0,,3.8,,1.7,,0.0,,2.2,,7.1,,12.4,,3.7,,9.1,,0.0,
2009-10-03,919.1,1496.7,920.7,2009-10-03T09:42:00,918.1,2009-10-03T03:09:00,19.0,19.7,2009-10-03T00:34:00,18.5,2009-10-03T19:46:00,17.4,91,84,2009-10-03T16:13:00,2.9,200,17.1,190,2009-10-03T22:45:00,19.5,14.5,1.5,2009-10-03T09:50:00,4.0,2009-10-03T08:02:00,0.0,0.0,1.71,-1.3,,,,,,,,,,,,,10.0,,18.4,2009-10-03T11:20:00,,,,16.4,2009-10-03T15:52:00,,,,,,,0.67,2009-10-03T12:00:00,,,,,,,,,,,,,,95,2009-10-03T10:08:00,,,,,,1510.9,2009-10-03T09:42:00,,,,1486.9,2009-10-03T04:45:00,,,,,,,,,,,,,,,,,,,1.2,,,,,,,5.8,,,0,,0,,0,,1,,0,,0,,0,,0,,0,,0,,0,,0,,0,,1,,0,,0,,1,,2,,1,,0,,4,,1,,0,,2,,1,,1,,0,,2,,1,,0,,0,,0,,0,,0,,1,,2,,1,,2,,,170,,,5.2,2009-10-03T22:54:00,,,0.0,,0.0,,0.0,,3.7,,0.0,,0.0,,0.0,,0.0,,0.0,,0.0,,0.0,,0.0,,0.0,,2.5,,0.0,,0.0,,4.6,,7.1,,3.4,,0.0,,10.0,,2.3,,0.0,,4.5,,1.3,,2.6,,0.0,,5.2,,2.5,,0.0,,0.0,,0.0,,0.0,,0.0,,3.4,,6.2,,3.5,,6.0,
2009-10-04,917.4,1480.1,919.4,2009-10-04T00:13:00,915.6,2009-10-04T14:34:00,19.2,20.6,2009-10-04T14:56:00,18.2,2009-10-04T01:21:00,19.0,98,91,2009-10-04T00:04:00,3.9,170,19.3,120,2009-10-04T09:25:00,143.0,22.8,3.0,2009-10-04T16:32:00,12.0,2009-10-04T14:51:00,0.0,0.0,0.71,-0.1,,,,,,,,,,,,,,,20.6,2009-10-04T14:56:00,,,,16.9,2009-10-04T01:25:00,,,,,,,0.41,2009-10-04T14:00:00,,,,,,,,,,,,,,100,2009-10-04T08:33:00,,,,,,1498.4,2009-10-04T00:13:00,,,,1464.4,2009-10-04T14:34:00,,,,,,,,,,,,,,,,,,,2.4,,,,,,,0.2,,,0,,0,,0,,0,,0,,0,,0,,0,,0,,0,,0,,0,,0,,0,,0,,2,,2,,6,,4,,4,,1,,1,,1,,0,,0,,0,,0,,1,,1,,0,,0,,0,,0,,0,,1,,0,,0,,0,,,180,,,7.7,2009-10-04T09:34:00,,,0.0,,0.0,,0.0,,0.0,,0.0,,0.0,,0.0,,0.0,,0.0,,0.0,,0.0,,0.0,,0.0,,0.0,,0.0,,6.0,,6.4,,29.5,,14.0,,18.6,,3.8,,3.3,,2.9,,0.0,,0.0,,0.0,,0.0,,2.8,,3.1,,0.0,,0.0,,0.0,,0.0,,0.0,,3.6,,0.0,,0.0,,0.0,
2009-10-05,916.7,1474.1,918.6,2009-10-05T20:52:00,915.0,2009-10-05T04:10:00,19.0,19.6,2009-10-05T07:24:00,18.1,2009-10-05T02:34:00,19.0,100,98,2009-10-05T00:15:00,4.4,200,24.3,140,2009-10-05T03:07:00,194.0,24.0,4.5,2009-10-05T12:43:00,20.0,2009-10-05T12:41:00,0.0,0.0,0.0,-0.1,,,,,,,,,,,,,10.0,,19.6,2009-10-05T07:24:00,,,,18.1,2009-10-05T02:34:00,,,,,,,0.0,2009-10-05T23:59:00,,,,,,,,,,,,,,100,2009-10-05T00:01:00,,,,,,1492.0,2009-10-05T20:52:00,,,,1458.6,2009-10-05T04:10:00,,,,,,,,,,,,,,,,,,,1.5,,,,,,,1.0,,,0,,0,,0,,0,,0,,0,,0,,0,,0,,0,,0,,0,,0,,1,,1,,0,,1,,4,,3,,3,,5,,0,,0,,2,,0,,0,,0,,0,,0,,0,,0,,0,,0,,0,,1,,1,,0,,2,,,160,,,9.5,2009-10-05T02:15:00,,,0.0,,0.0,,0.0,,0.0,,0.0,,0.0,,0.0,,0.0,,0.0,,0.0,,0.0,,0.0,,0.0,,4.1,,3.1,,0.0,,8.3,,18.0,,16.4,,13.9,,21.8,,0.0,,0.0,,5.6,,0.0,,0.0,,0.0,,0.0,,0.0,,0.0,,0.0,,0.0,,0.0,,0.0,,4.8,,3.2,,0.0,,7.2,
2009-10-06,917.0,1475.5,918.3,2009-10-06T09:56:00,915.5,2009-10-06T14:15:00,18.5,19.4,2009-10-06T06:51:00,16.7,2009-10-06T15:58:00,18.2,98,88,2009-10-06T16:56:00,6.0,330,26.4,340,2009-10-06T11:21:00,83.0,19.0,3.0,2009-10-06T10:21:00,12.0,2009-10-06T10:19:00,0.0,0.0,0.0,-0.2,,,,,,,,,,,,,10.0,,19.4,2009-10-06T06:51:00,,,,15.2,2009-10-06T16:00:00,,,,,,,0.0,2009-10-06T23:59:00,,,,,,,,,,,,,,100,2009-10-06T00:01:00,,,,,,1489.0,2009-10-06T09:56:00,,,,1461.2,2009-10-06T14:15:00,,,,,,,,,,,,,,,,,,,2.7,,,,,,,3.0,,,0,,0,,0,,0,,0,,0,,0,,0,,0,,0,,0,,0,,0,,0,,0,,0,,0,,2,,1,,0,,0,,1,,0,,0,,0,,0,,1,,0,,0,,0,,2,,5,,1,,7,,3,,1,,0,,0,,,330,,,10.9,2009-10-06T13:24:00,,,0.0,,0.0,,0.0,,0.0,,0.0,,0.0,,0.0,,0.0,,0.0,,0.0,,0.0,,0.0,,0.0,,0.0,,0.0,,0.0,,0.0,,8.0,,3.7,,0.0,,0.0,,2.1,,0.0,,0.0,,0.0,,0.0,,3.0,,0.0,,0.0,,0.0,,7.9,,31.1,,8.4,,52.7,,22.5,,3.4,,0.0,,0.0,
2009-10-07,917.1,1473.1,918.6,2009-10-07T08:47:00,915.6,2009-10-07T14:09:00,16.8,18.8,2009-10-07T12:21:00,15.6,2009-10-07T08:22:00,15.3,91,80,2009-10-07T23:55:00,5.6,340,18.8,350,2009-10-07T01:16:00,7.5,8.5,1.5,2009-10-07T04:35:00,2.5,2009-10-07T00:17:00,0.5,4.3,4.51,1.3,,,,,,,,,,,,,10.0,,18.1,2009-10-07T00:57:00,,,,13.2,2009-10-07T23:51:00,,,,,,,1.47,2009-10-07T13:00:00,,,,,,,,,,,,,,100,2009-10-07T00:01:00,,,,,,1487.4,2009-10-07T09:42:00,,,,1459.5,2009-10-07T14:09:00,,,,,,,,,,,,,,,,,,,3.2,,,,,,,8.2,,,0,,0,,0,,0,,0,,0,,0,,0,,0,,0,,0,,0,,0,,0,,0,,0,,0,,0,,0,,0,,0,,0,,0,,0,,0,,0,,1,,1,,0,,0,,2,,0,,3,,3,,11,,3,,0,,0,,,340,,,8.8,2009-10-07T05:29:00,,,0.0,,0.0,,0.0,,0.0,,0.0,,0.0,,0.0,,0.0,,0.0,,0.0,,0.0,,0.0,,0.0,,0.0,,0.0,,0.0,,0.0,,0.0,,0.0,,0.0,,0.0,,0.0,,0.0,,0.0,,0.0,,0.0,,1.8,,2.7,,0.0,,0.0,,7.5,,0.0,,11.7,,17.6,,72.5,,19.7,,0.0,,0.0,
2009-10-08,917.5,1476.1,919.0,2009-10-08T10:46:00,916.3,2009-10-08T03:56:00,17.1,20.2,2009-10-08T11:51:00,16.0,2009-10-08T03:20:00,15.0,88,81,2009-10-08T10:22:00,2.5,280,13.8,110,2009-10-08T23:21:00,1.0,2.7,0.5,2009-10-08T14:54:00,0.5,2009-10-08T14:04:00,0.0,0.0,6.99,-0.9,,,,,,,,,,,,,10.0,,17.4,2009-10-08T11:53:00,,,,13.1,2009-10-08T03:28:00,,,,,,,1.68,2009-10-08T12:00:00,,,,,,,,,,,,,,94,2009-10-08T21:21:00,,,,,,1490.6,2009-10-08T10:46:00,,,,1464.5,2009-10-08T03:56:00,,,,,,,,,,,,,,,,,,,4.2,,,,,,,12.2,,,0,,0,,0,,0,,0,,0,,0,,0,,0,,0,,0,,0,,0,,0,,0,,2,,2,,1,,2,,1,,1,,0,,0,,2,,0,,0,,2,,0,,3,,1,,1,,0,,2,,0,,1,,2,,0,,1,,,320,,,5.7,2009-10-08T02:54:00,,,0.0,,0.0,,0.0,,0.0,,0.0,,0.0,,0.0,,0.0,,0.0,,0.0,,0.0,,0.0,,0.0,,0.0,,0.0,,4.6,,4.6,,4.3,,5.0,,2.3,,2.8,,0.0,,0.0,,3.0,,0.0,,0.0,,3.6,,0.0,,6.1,,3.4,,1.7,,0.0,,10.1,,0.0,,0.8,,4.7,,0.0,,2.6,
2009-10-09,918.1,1481.8,920.0,2009-10-09T20:49:00,916.3,2009-10-09T03:18:00,16.9,19.9,2009-10-09T12:46:00,15.8,2009-10-09T20:30:00,15.8,93,83,2009-10-09T23:59:00,4.3,180,17.6,150,2009-10-09T07:10:00,10.5,13.8,0.5,2009-10-09T05:23:00,2.0,2009-10-09T05:23:00,0.0,0.0,7.94,-0.6,,,,,,,,,,,,,9.7,,17.9,2009-10-09T12:44:00,,,,13.2,2009-10-09T23:59:59,,,,,,,2.1,2009-10-09T13:00:00,,,,,,,,,,,,,,100,2009-10-09T10:24:00,,,,,,1498.8,2009-10-09T21:27:00,,,,1465.3,2009-10-09T03:18:00,,,,,,,,,,,,,,,,,,,4.1,,,,,,,9.7,,,0,,0,,0,,0,,0,,0,,0,,0,,0,,0,,0,,0,,0,,0,,1,,0,,3,,4,,7,,2,,3,,0,,1,,3,,0,,0,,0,,0,,0,,0,,0,,0,,0,,0,,0,,0,,0,,0,,,160,,,7.7,2009-10-09T08:13:00,,,0.0,,0.0,,0.0,,0.0,,0.0,,0.0,,0.0,,0.0,,0.0,,0.0,,0.0,,0.0,,0.0,,0.0,,2.4,,0.0,,21.3,,23.7,,34.0,,5.1,,7.5,,0.0,,2.2,,6.7,,0.0,,0.0,,0.0,,0.0,,0.0,,0.0,,0.0,,0.0,,0.0,,0.0,,0.0,,0.0,,0.0,,0.0,
2009-10-10,920.6,1506.1,922.7,2009-10-10T22:35:00,918.3,2009-10-10T03:40:00,17.7,18.7,2009-10-10T08:06:00,15.9,2009-10-10T00:02:00,17.4,98,82,2009-10-10T00:04:00,6.9,170,21.3,150,2009-10-10T09:40:00,38.5,19.2,1.5,2009-10-10T08:30:00,5.0,2009-10-10T07:43:00,0.0,0.0,3.42,-0.3,,,,,,,,,,,,,10.0,,18.7,2009-10-10T21:40:00,,,,13.1,2009-10-10T00:02:00,,,,,,,0.75,2009-10-10T12:00:00,,,,,,,,,,,,,,100,2009-10-10T08:10:00,,,,,,1527.0,2009-10-10T22:35:00,,,,1483.7,2009-10-10T03:40:00,,,,,,,,,,,,,,,,,,,2.8,,,,,,,3.4,,,0,,0,,0,,0,,0,,0,,0,,0,,0,,0,,0,,0,,0,,0,,0,,2,,5,,11,,4,,1,,1,,0,,0,,0,,0,,0,,0,,0,,0,,0,,0,,0,,0,,0,,0,,0,,0,,0,,,150,,,10.2,2009-10-10T10:13:00,,,0.0,,0.0,,0.0,,0.0,,0.0,,0.0,,0.0,,0.0,,0.0,,0.0,,0.0,,0.0,,0.0,,0.0,,0.0,,15.9,,36.9,,82.3,,21.6,,6.6,,3.1,,0.0,,0.0,,0.0,,0.0,,0.0,,0.0,,0.0,,0.0,,0.0,,0.0,,0.0,,0.0,,0.0,,0.0,,0.0,,0.0,,0.0,
2009-10-11,922.9,1530.0,924.5,2009-10-11T20:59:00,921.2,2009-10-11T03:15:00,18.5,18.8,2009-10-11T03:00:00,17.9,2009-10-11T00:01:00,18.5,100,100,2009-10-11T00:01:00,3.6,180,18.6,150,2009-10-11T00:34:00,56.0,24.0,1.0,2009-10-11T02:39:00,4.5,2009-10-11T05:44:00,0.0,0.0,3.16,-0.3,,,,,,,,,,,,,10.0,,18.8,2009-10-11T03:00:00,,,,17.9,2009-10-11T00:01:00,,,,,,,1.15,2009-10-11T12:00:00,,,,,,,,,,,,,,100,2009-10-11T00:01:00,,,,,,1544.4,2009-10-11T20:59:00,,,,1513.2,2009-10-11T03:15:00,,,,,,,,,,,,,,,,,,,0.9,,,,,,,0.6,,,0,,0,,0,,0,,0,,0,,0,,0,,0,,0,,1,,0,,0,,0,,0,,0,,1,,6,,7,,5,,3,,1,,0,,0,,0,,0,,0,,0,,0,,0,,0,,0,,0,,0,,0,,0,,0,,0,,,160,,,8.6,2009-10-11T00:41:00,,,0.0,,0.0,,0.0,,0.0,,0.0,,0.0,,0.0,,0.0,,0.0,,0.0,,2.4,,0.0,,0.0,,0.0,,0.0,,0.0,,2.3,,28.7,,22.7,,16.2,,11.4,,3.8,,0.0,,0.0,,0.0,,0.0,,0.0,,0.0,,0.0,,0.0,,0.0,,0.0,,0.0,,0.0,,0.0,,0.0,,0.0,,0.0,
2009-10-12,923.1,1532.4,924.8,2009-10-12T08:53:00,921.3,2009-10-12T14:21:00,18.9,20.0,2009-10-12T12:58:00,17.8,2009-10-12T02:47:00,18.9,100,98,2009-10-12T13:05:00,2.3,180,12.4,140,2009-10-12T16:59:00,15.0,24.0,0.5,2009-10-12T00:12:00,2.0,2009-10-12T00:05:00,0.0,0.0,4.75,-0.1,,,,,,,,,,,,,,,20.0,2009-10-12T12:58:00,,,,17.8,2009-10-12T02:47:00,,,,,,,0.79,2009-10-12T13:00:00,,,,,,,,,,,,,,100,2009-10-12T00:01:00,,,,,,1548.7,2009-10-12T08:59:00,,,,1515.3,2009-10-12T14:53:00,,,,,,,,,,,,,,,,,,,2.2,,,,,,,0.1,,,0,,0,,0,,0,,0,,0,,1,,0,,2,,2,,1,,0,,1,,0,,1,,0,,1,,1,,4,,2,,1,,3,,1,,1,,0,,0,,0,,0,,0,,0,,0,,0,,0,,0,,0,,0,,0,,2,,,170,,,4.7,2009-10-12T06:27:00,,,0.0,,0.0,,0.0,,0.0,,0.0,,0.0,,3.0,,0.0,,6.3,,4.5,,1.8,,0.0,,2.5,,0.0,,2.2,,0.0,,2.1,,3.1,,9.6,,3.2,,2.1,,6.2,,1.9,,2.0,,0.0,,0.0,,0.0,,0.0,,0.0,,0.0,,0.0,,0.0,,0.0,,0.0,,0.0,,0.0,,0.0,,3.8,
2009-10-13,923.2,1534.2,924.8,2009-10-13T22:51:00,921.7,2009-10-13T15:17:00,19.0,19.7,2009-10-13T12:33:00,18.1,2009-10-13T02:59:00,18.9,100,92,2009-10-13T14:01:00,1.9,60,12.0,90,2009-10-13T08:37:00,14.5,24.0,0.5,2009-10-13T00:01:00,2.5,2009-10-13T22:51:00,0.0,0.0,5.8,-0.2,,,,,,,,,,,,,10.0,,19.7,2009-10-13T12:33:00,,,,17.8,2009-10-13T13:59:00,,,,,,,1.17,2009-10-13T11:00:00,,,,,,,,,,,,,,100,2009-10-13T00:01:00,,,,,,1549.6,2009-10-13T23:18:00,,,,1519.4,2009-10-13T15:17:00,,,,,,,,,,,,,,,,,,,1.6,,,,,,,0.7,,,0,,0,,0,,1,,0,,1,,3,,3,,0,,1,,1,,0,,3,,1,,0,,2,,2,,0,,0,,0,,1,,1,,1,,0,,0,,0,,0,,0,,1,,0,,0,,0,,0,,0,,0,,0,,0,,2,,,90,,,4.3,2009-10-13T03:20:00,,,0.0,,0.0,,0.0,,1.6,,0.0,,2.0,,8.8,,6.5,,0.0,,1.8,,1.6,,0.0,,7.5,,1.5,,0.0,,3.8,,2.8,,0.0,,0.0,,0.0,,1.1,,0.9,,1.5,,0.0,,0.0,,0.0,,0.0,,0.0,,1.0,,0.0,,0.0,,0.0,,0.0,,0.0,,0.0,,0.0,,0.0,,3.6,
2009-10-14,924.5,1543.8,925.8,2009-10-14T20:38:00,923.0,2009-10-14T14:33:00,17.8,19.2,2009-10-14T00:01:00,17.0,2009-10-14T19:02:00,17.8,100,100,2009-10-14T00:01:00,2.5,10,14.1,360,2009-10-14T09:16:00,36.0,24.0,1.0,2009-10-14T00:16:00,3.0,2009-10-14T06:42:00,0.0,0.0,0.54,-0.2,,,,,,,,,,,,,10.0,,19.2,2009-10-14T00:01:00,,,,17.0,2009-10-14T19:02:00,,,,,,,0.25,2009-10-14T12:00:00,,,,,,,,,,,,,,100,2009-10-14T00:01:00,,,,,,1556.1,2009-10-14T07:49:00,,,,1529.9,2009-10-14T14:33:00,,,,,,,,,,,,,,,,,,,2.2,,,,,,,0.8,,,0,,2,,1,,1,,0,,1,,0,,2,,1,,2,,0,,0,,0,,1,,1,,1,,1,,2,,0,,0,,1,,1,,0,,0,,0,,0,,0,,0,,0,,0,,0,,0,,1,,0,,0,,1,,1,,3,,,360,,,5.2,2009-10-14T09:21:00,,,0.0,,6.7,,1.5,,2.9,,0.0,,1.8,,0.0,,5.2,,2.4,,4.4,,0.0,,0.0,,0.0,,2.6,,2.8,,2.2,,1.8,,5.0,,0.0,,0.0,,2.5,,1.7,,0.0,,0.0,,0.0,,0.0,,0.0,,0.0,,0.0,,0.0,,0.0,,0.0,,3.5,,0.0,,0.0,,3.2,,3.8,,6.3,
2009-10-15,924.0,1535.9,925.4,2009-10-15T08:26:00,922.0,2009-10-15T14:41:00,16.6,17.7,2009-10-15T00:01:00,15.6,2009-10-15T19:32:00,16.6,100,100,2009-10-15T00:01:00,4.3,170,16.6,160,2009-10-15T16:26:00,10.0,20.5,0.5,2009-10-15T00:01:00,2.0,2009-10-15T00:22:00,0.0,0.0,3.2,-1.1,,,,,,,,,,,,,10.0,,17.7,2009-10-15T00:01:00,,,,15.6,2009-10-15T19:32:00,,,,,,,0.58,2009-10-15T12:00:00,,,,,,,,,,,,,,100,2009-10-15T00:01:00,,,,,,1549.9,2009-10-15T08:26:00,,,,1517.2,2009-10-15T14:41:00,,,,,,,,,,,,,,,,,,,2.1,,,,,,,2.6,,,0,,0,,0,,0,,0,,0,,0,,0,,0,,0,,0,,1,,0,,2,,2,,3,,3,,7,,3,,1,,1,,0,,1,,0,,0,,0,,0,,0,,0,,0,,0,,0,,0,,0,,0,,0,,0,,0,,,140,,,7.8,2009-10-15T17:23:00,,,0.0,,0.0,,0.0,,0.0,,0.0,,0.0,,0.0,,0.0,,0.0,,0.0,,0.0,,4.3,,0.0,,8.7,,5.8,,15.4,,18.2,,32.4,,10.6,,2.3,,3.1,,0.0,,2.8,,0.0,,0.0,,0.0,,0.0,,0.0,,0.0,,0.0,,0.0,,0.0,,0.0,,0.0,,0.0,,0.0,,0.0,,0.0,
2009-10-16,920.6,1507.1,923.1,2009-10-16T00:18:00,918.6,2009-10-16T14:38:00,18.7,20.8,2009-10-16T12:51:00,16.9,2009-10-16T00:01:00,18.5,99,93,2009-10-16T15:49:00,2.7,90,14.1,140,2009-10-16T00:35:00,0.5,3.5,0.2,2009-10-16T06:35:00,0.5,2009-10-16T06:01:00,0.0,0.0,11.81,0.8,,,,,,,,,,,,,10.0,,20.3,2009-10-16T12:53:00,,,,16.9,2009-10-16T00:01:00,,,,,,,2.44,2009-10-16T13:00:00,,,,,,,,,,,,,,100,2009-10-16T00:01:00,,,,,,1527.3,2009-10-16T00:18:00,,,,1490.2,2009-10-16T15:04:00,,,,,,,,,,,,,,,,,,,3.9,,,,,,,0.7,,,4,,0,,0,,0,,0,,0,,0,,1,,2,,5,,3,,0,,3,,1,,1,,0,,0,,0,,2,,0,,0,,0,,0,,0,,0,,0,,0,,0,,0,,0,,0,,0,,0,,0,,0,,1,,1,,0,,,150,,,6.6,2009-10-16T00:19:00,,,0.0,,0.0,,0.0,,0.0,,0.0,,0.0,,0.0,,3.7,,8.3,,17.7,,13.2,,0.0,,9.6,,2.2,,1.3,,0.0,,0.0,,0.0,,1.8,,0.0,,0.0,,0.0,,0.0,,0.0,,0.0,,0.0,,0.0,,0.0,,0.0,,0.0,,0.0,,0.0,,0.0,,0.0,,0.0,,4.5,,2.7,,0.0,
2009-10-17,919.3,1496.0,920.6,2009-10-17T08:55:00,918.2,2009-10-17T14:27:00,17.7,21.0,2009-10-17T11:52:00,15.3,2009-10-17T22:52:00,15.3,86,70,2009-10-17T10:43:00,3.1,350,12.1,350,2009-10-17T09:03:00,0.0,0.0,0.0,,0.0,,-99.5,-999.5,17.16,2.8,,,,,,,,,,,,,3.8,,18.6,2009-10-17T02:06:00,,,,11.7,2009-10-17T22:24:00,,,,,,,2.95,2009-10-17T12:00:00,,,,,,,,,,,,,,100,2009-10-17T00:01:00,,,,,,1510.3,2009-10-17T09:45:00,,,,1483.6,2009-10-17T17:26:00,,,,,,,,,,,,,,,,,,,5.7,,,,,,,11.3,,,0,,0,,0,,1,,1,,0,,0,,0,,0,,1,,0,,1,,0,,0,,1,,0,,1,,2,,1,,2,,1,,0,,0,,0,,1,,0,,0,,0,,0,,0,,0,,0,,0,,0,,4,,6,,1,,0,,,350,,,6.1,2009-10-17T07:44:00,,,0.0,,0.0,,0.0,,1.6,,1.4,,0.0,,0.0,,0.0,,0.0,,2.1,,0.0,,2.3,,0.0,,0.0,,2.5,,0.0,,2.3,,3.6,,1.8,,4.1,,2.3,,0.0,,0.0,,0.0,,2.3,,0.0,,0.0,,0.0,,0.0,,0.0,,0.0,,0.0,,0.0,,0.0,,15.8,,27.3,,5.0,,0.0,
2009-10-18,919.5,1495.9,921.2,2009-10-18T09:04:00,918.0,2009-10-18T14:43:00,17.6,20.3,2009-10-18T12:04:00,15.4,2009-10-18T00:16:00,14.2,81,63,2009-10-18T03:32:00,2.4,80,11.0,130,2009-10-18T13:14:00,0.0,0.0,0.0,,0.0,,-99.5,-999.5,20.01,3.2,,,,,,,,,,,,,2.3,,16.3,2009-10-18T20:32:00,,,,8.9,2009-10-18T03:44:00,,,,,,,3.0,2009-10-18T13:00:00,,,,,,,,,,,,,,90,2009-10-18T17:46:00,,,,,,1511.4,2009-10-18T09:27:00,,,,1481.4,2009-10-18T17:20:00,,,,,,,,,,,,,,,,,,,4.9,,,,,,,10.0,,,2,,1,,0,,0,,0,,0,,1,,2,,8,,2,,1,,0,,0,,0,,0,,0,,0,,0,,2,,0,,0,,0,,1,,0,,0,,0,,0,,0,,0,,0,,0,,0,,0,,0,,0,,0,,3,,1,,,80,,,5.1,2009-10-18T02:45:00,,,0.4,,1.1,,0.0,,0.0,,0.0,,0.0,,3.0,,6.6,,23.7,,6.5,,3.6,,0.0,,0.0,,0.0,,0.0,,0.0,,0.0,,0.0,,1.8,,0.0,,0.0,,0.0,,2.5,,0.0,,0.0,,0.0,,0.0,,0.0,,0.0,,0.0,,0.0,,0.0,,0.0,,0.0,,0.0,,0.0,,5.6,,2.9,
2009-10-19,920.9,1512.2,923.3,2009-10-19T21:08:00,919.3,2009-10-19T02:23:00,18.6,23.8,2009-10-19T11:25:00,16.2,2009-10-19T20:17:00,16.6,88,79,2009-10-19T01:02:00,3.0,80,12.2,80,2009-10-19T22:34:00,0.0,0.0,0.0,,0.0,,-99.5,-999.5,13.49,2.3,,,,,,,,,,,,,4.2,,20.9,2009-10-19T11:26:00,,,,13.9,2009-10-19T21:29:00,,,,,,,2.04,2009-10-19T13:00:00,,,,,,,,,,,,,,96,2009-10-19T06:54:00,,,,,,1534.4,2009-10-19T21:08:00,,,,1496.5,2009-10-19T04:23:00,,,,,,,,,,,,,,,,,,,7.6,,,,,,,12.8,,,0,,2,,1,,0,,0,,0,,0,,3,,7,,0,,0,,0,,0,,0,,0,,0,,0,,1,,0,,0,,0,,0,,0,,0,,0,,0,,0,,0,,0,,0,,0,,0,,0,,1,,1,,4,,4,,0,,,70,,,7.1,2009-10-19T23:39:00,,,0.0,,4.8,,0.9,,0.0,,0.0,,0.0,,0.0,,15.5,,29.1,,0.0,,0.0,,0.0,,0.0,,0.0,,0.0,,0.0,,0.0,,1.2,,0.0,,0.0,,0.0,,0.0,,0.0,,0.0,,0.0,,0.0,,0.0,,0.0,,0.0,,0.0,,0.0,,0.0,,0.0,,0.3,,1.4,,9.4,,9.5,,0.0,
2009-10-20,923.2,1528.8,924.8,2009-10-20T20:39:00,921.6,2009-10-20T14:50:00,16.3,19.0,2009-10-20T11:06:00,14.8,2009-10-20T19:25:00,14.9,91,86,2009-10-20T11:05:00,2.2,70,15.4,40,2009-10-20T08:50:00,0.5,3.3,0.5,2009-10-20T13:13:00,0.5,2009-10-20T12:23:00,-99.5,-999.5,7.64,-0.3,,,,,,,,,,,,,9.2,,17.1,2009-10-20T11:27:00,,,,12.9,2009-10-20T19:21:00,,,,,,,1.6,2009-10-20T11:00:00,,,,,,,,,,,,,,96,2009-10-20T12:41:00,,,,,,1542.0,2009-10-20T21:53:00,,,,1512.6,2009-10-20T14:50:00,,,,,,,,,,,,,,,,,,,4.2,,,,,,,9.7,,,0,,0,,0,,0,,1,,0,,1,,2,,1,,1,,0,,0,,0,,0,,2,,1,,1,,1,,1,,2,,2,,0,,0,,0,,0,,0,,1,,0,,0,,0,,0,,0,,1,,0,,0,,0,,0,,6,,,70,,,6.6,2009-10-20T00:22:00,,,0.0,,0.0,,0.0,,0.0,,1.0,,0.0,,3.9,,9.1,,3.1,,3.0,,0.0,,0.0,,0.0,,0.0,,5.4,,1.5,,1.4,,2.2,,2.8,,3.2,,4.2,,0.0,,0.0,,0.0,,0.0,,0.0,,1.2,,0.0,,0.0,,0.0,,0.0,,0.0,,0.6,,0.0,,0.0,,0.0,,0.0,,11.2,
2009-10-21,923.0,1525.2,924.8,2009-10-21T08:33:00,921.4,2009-10-21T15:26:00,16.4,18.2,2009-10-21T10:21:00,15.2,2009-10-21T00:03:00,14.6,90,84,2009-10-21T11:18:00,2.1,250,15.8,320,2009-10-21T05:02:00,0.0,0.0,0.0,,0.0,,0.0,0.0,6.35,-0.7,,,,,,,,,,,,,9.0,,16.3,2009-10-21T11:41:00,,,,13.2,2009-10-21T02:04:00,,,,,,,1.36,2009-10-21T11:00:00,,,,,,,,,,,,,,93,2009-10-21T01:26:00,,,,,,1542.1,2009-10-21T10:07:00,,,,1510.3,2009-10-21T15:26:00,,,,,,,,,,,,,,,,,,,3.0,,,,,,,15.0,,,0,,0,,0,,0,,0,,0,,0,,0,,0,,0,,0,,0,,0,,0,,0,,0,,0,,3,,1,,0,,0,,0,,2,,1,,0,,4,,2,,2,,1,,1,,0,,0,,0,,1,,0,,0,,2,,4,,,350,,,4.2,2009-10-21T03:46:00,,,0.0,,0.0,,0.0,,0.0,,0.0,,0.0,,0.0,,0.0,,0.0,,0.0,,0.0,,0.0,,0.0,,0.0,,0.0,,0.0,,0.0,,8.8,,2.2,,0.0,,0.0,,0.0,,4.0,,0.9,,0.0,,8.2,,3.4,,2.4,,2.6,,2.3,,0.0,,0.0,,0.0,,2.9,,0.0,,0.0,,5.5,,8.1,
2009-10-22,920.9,1508.8,922.9,2009-10-22T08:56:00,919.3,2009-10-22T15:23:00,17.6,18.8,2009-10-22T19:09:00,16.3,2009-10-22T02:35:00,17.3,98,89,2009-10-22T01:11:00,3.1,320,19.7,360,2009-10-22T22:12:00,57.0,16.8,2.0,2009-10-22T18:34:00,9.0,2009-10-22T18:34:00,0.0,0.0,0.15,-0.2,,,,,,,,,,,,,10.0,,18.8,2009-10-22T19:09:00,,,,14.6,2009-10-22T01:20:00,,,,,,,0.11,2009-10-22T15:00:00,,,,,,,,,,,,,,100,2009-10-22T08:43:00,,,,,,1526.0,2009-10-22T08:56:00,,,,1493.6,2009-10-22T15:23:00,,,,,,,,,,,,,,,,,,,2.5,,,,,,,2.6,,,0,,0,,0,,0,,0,,0,,0,,0,,0,,0,,0,,0,,0,,0,,0,,0,,0,,0,,0,,0,,0,,1,,1,,0,,0,,0,,1,,1,,0,,1,,3,,2,,5,,3,,3,,0,,0,,3,,,330,,,8.5,2009-10-22T23:58:00,,,0.0,,0.0,,0.0,,0.0,,0.0,,0.0,,0.0,,0.0,,0.0,,0.0,,0.0,,0.0,,0.0,,0.0,,0.0,,0.0,,0.0,,0.0,,0.0,,0.0,,0.0,,2.4,,2.3,,0.0,,0.0,,0.0,,1.1,,2.7,,0.0,,3.8,,6.9,,5.5,,17.1,,10.0,,17.3,,0.0,,0.0,,5.8,
2009-10-23,918.3,1486.0,920.0,2009-10-23T00:07:00,916.9,2009-10-23T14:27:00,17.9,18.5,2009-10-23T12:49:00,16.8,2009-10-23T21:49:00,17.9,100,100,2009-10-23T00:01:00,4.4,330,18.0,330,2009-10-23T03:24:00,80.0,24.0,2.0,2009-10-23T04:37:00,8.5,2009-10-23T07:42:00,0.0,0.0,0.57,-0.2,,,,,,,,,,,,,10.0,,18.5,2009-10-23T12:49:00,,,,16.8,2009-10-23T21:49:00,,,,,,,0.44,2009-10-23T12:00:00,,,,,,,,,,,,,,100,2009-10-23T00:01:00,,,,,,1501.4,2009-10-23T00:07:00,,,,1473.6,2009-10-23T14:27:00,,,,,,,,,,,,,,,,,,,1.7,,,,,,,1.6,,,0,,0,,0,,0,,0,,0,,0,,0,,0,,0,,0,,0,,0,,0,,0,,1,,0,,0,,0,,1,,0,,0,,1,,0,,2,,0,,0,,0,,1,,0,,0,,2,,2,,5,,4,,3,,0,,2,,,340,,,8.5,2009-10-23T06:41:00,,,0.0,,0.0,,0.0,,0.0,,0.0,,0.0,,0.0,,0.0,,0.0,,0.0,,0.0,,0.0,,0.0,,0.0,,0.0,,2.2,,0.0,,0.0,,0.0,,2.5,,0.0,,0.0,,1.0,,0.0,,3.7,,0.0,,0.0,,0.0,,1.7,,0.0,,0.0,,5.4,,9.3,,29.5,,22.6,,21.1,,0.0,,5.4,
2009-10-24,916.7,1470.5,918.1,2009-10-24T20:05:00,915.0,2009-10-24T13:45:00,17.6,18.4,2009-10-24T09:15:00,16.9,2009-10-24T19:07:00,17.6,100,100,2009-10-24T00:01:00,6.3,350,21.7,350,2009-10-24T12:19:00,46.5,24.0,3.0,2009-10-24T20:10:00,7.0,2009-10-24T04:52:00,0.0,0.0,1.29,-0.2,,,,,,,,,,,,,10.0,,18.4,2009-10-24T09:15:00,,,,16.9,2009-10-24T19:07:00,,,,,,,0.36,2009-10-24T12:00:00,,,,,,,,,,,,,,100,2009-10-24T00:01:00,,,,,,1483.5,2009-10-24T20:05:00,,,,1454.2,2009-10-24T13:45:00,,,,,,,,,,,,,,,,,,,1.5,,,,,,,2.6,,,0,,0,,0,,0,,0,,0,,0,,0,,0,,0,,0,,0,,0,,0,,0,,0,,0,,0,,0,,0,,0,,0,,0,,0,,0,,0,,0,,1,,0,,1,,0,,0,,3,,6,,5,,7,,0,,1,,,350,,,11.1,2009-10-24T17:52:00,,,0.0,,0.0,,0.0,,0.0,,0.0,,0.0,,0.0,,0.0,,0.0,,0.0,,0.0,,0.0,,0.0,,0.0,,0.0,,0.0,,0.0,,0.0,,0.0,,0.0,,0.0,,0.0,,0.0,,0.0,,0.0,,0.0,,0.0,,1.8,,0.0,,3.2,,0.0,,0.0,,11.5,,31.8,,41.1,,58.0,,0.0,,2.6,
2009-10-25,919.7,1495.7,922.3,2009-10-25T21:37:00,917.2,2009-10-25T00:54:00,16.0,17.4,2009-10-25T00:02:00,14.5,2009-10-25T23:44:00,15.8,99,86,2009-10-25T23:59:59,7.5,350,18.9,340,2009-10-25T13:36:00,2.0,14.3,1.0,2009-10-25T00:22:00,1.0,2009-10-25T00:01:00,0.0,0.0,0.56,-0.9,,,,,,,,,,,,,10.0,,17.4,2009-10-25T00:02:00,,,,12.3,2009-10-25T23:55:00,,,,,,,0.23,2009-10-25T15:00:00,,,,,,,,,,,,,,100,2009-10-25T00:01:00,,,,,,1518.0,2009-10-25T21:37:00,,,,1474.6,2009-10-25T01:01:00,,,,,,,,,,,,,,,,,,,2.9,,,,,,,4.7,,,0,,0,,0,,0,,0,,0,,0,,0,,0,,0,,0,,0,,0,,0,,0,,0,,0,,0,,0,,0,,0,,0,,0,,0,,0,,0,,0,,0,,0,,0,,0,,0,,0,,0,,4,,19,,1,,0,,,350,,,10.4,2009-10-25T11:18:00,,,0.0,,0.0,,0.0,,0.0,,0.0,,0.0,,0.0,,0.0,,0.0,,0.0,,0.0,,0.0,,0.0,,0.0,,0.0,,0.0,,0.0,,0.0,,0.0,,0.0,,0.0,,0.0,,0.0,,0.0,,0.0,,0.0,,0.0,,0.0,,0.0,,0.0,,0.0,,0.0,,0.0,,0.0,,27.1,,143.6,,9.9,,0.0,
2009-10-26,922.7,1520.6,924.2,2009-10-26T21:34:00,921.1,2009-10-26T01:48:00,15.2,17.7,2009-10-26T12:16:00,13.5,2009-10-26T22:38:00,13.1,87,79,2009-10-26T08:49:00,4.8,340,14.4,340,2009-10-26T07:39:00,0.0,0.0,0.0,,0.0,,-99.5,-999.5,8.45,1.4,,,,,,,,,,,,,6.7,,15.1,2009-10-26T12:17:00,,,,11.2,2009-10-26T22:57:00,,,,,,,1.73,2009-10-26T13:00:00,,,,,,,,,,,,,,93,2009-10-26T09:58:00,,,,,,1534.9,2009-10-26T21:44:00,,,,1506.0,2009-10-26T01:48:00,,,,,,,,,,,,,,,,,,,4.2,,,,,,,12.0,,,0,,0,,0,,0,,0,,0,,0,,0,,0,,0,,0,,0,,0,,0,,0,,0,,0,,0,,0,,0,,0,,0,,0,,0,,0,,0,,0,,1,,0,,0,,0,,1,,2,,1,,12,,6,,0,,1,,,350,,,7.2,2009-10-26T00:05:00,,,0.0,,0.0,,0.0,,0.0,,0.0,,0.0,,0.0,,0.0,,0.0,,0.0,,0.0,,0.0,,0.0,,0.0,,0.0,,0.0,,0.0,,0.0,,0.0,,0.0,,0.0,,0.0,,0.0,,0.0,,0.0,,0.0,,0.0,,1.6,,0.0,,0.0,,0.0,,2.8,,4.2,,4.9,,66.9,,32.4,,0.0,,2.7,
2009-10-27,924.3,1536.3,926.1,2009-10-27T22:12:00,922.6,2009-10-27T03:47:00,16.4,19.1,2009-10-27T11:27:00,13.6,2009-10-27T01:58:00,13.9,85,79,2009-10-27T09:52:00,3.6,180,13.2,180,2009-10-27T20:43:00,0.0,0.0,0.0,,0.0,,-99.5,-999.5,10.99,1.7,,,,,,,,,,,,,7.3,,15.9,2009-10-27T11:26:00,,,,11.0,2009-10-27T02:03:00,,,,,,,1.7,2009-10-27T10:00:00,,,,,,,,,,,,,,91,2009-10-27T05:19:00,,,,,,1556.1,2009-10-27T22:24:00,,,,1518.6,2009-10-27T03:53:00,,,,,,,,,,,,,,,,,,,5.5,,,,,,,14.5,,,0,,0,,0,,0,,0,,0,,0,,0,,0,,0,,0,,0,,0,,0,,0,,1,,2,,2,,11,,6,,1,,0,,0,,0,,0,,0,,0,,0,,1,,0,,0,,0,,0,,0,,0,,0,,0,,0,,,170,,,5.7,2009-10-27T22:29:00,,,0.0,,0.0,,0.0,,0.0,,0.0,,0.0,,0.0,,0.0,,0.0,,0.0,,0.0,,0.0,,0.0,,0.0,,0.0,,5.5,,8.6,,8.6,,38.1,,22.2,,1.6,,0.0,,0.0,,0.0,,0.0,,0.0,,0.0,,0.0,,1.8,,0.0,,0.0,,0.0,,0.0,,0.0,,0.0,,0.0,,0.0,,0.0,
2009-10-28,925.4,1551.4,926.6,2009-10-28T20:26:00,924.3,2009-10-28T03:31:00,18.0,22.3,2009-10-28T11:48:00,16.0,2009-10-28T01:43:00,15.1,83,75,2009-10-28T11:46:00,4.0,180,14.4,150,2009-10-28T09:13:00,0.0,0.0,0.0,,0.0,,-99.5,-999.5,12.81,1.7,,,,,,,,,,,,,4.3,,18.2,2009-10-28T11:54:00,,,,13.2,2009-10-28T01:15:00,,,,,,,2.91,2009-10-28T12:00:00,,,,,,,,,,,,,,89,2009-10-28T07:42:00,,,,,,1564.3,2009-10-28T21:16:00,,,,1538.7,2009-10-28T04:33:00,,,,,,,,,,,,,,,,,,,6.3,,,,,,,12.8,,,0,,0,,0,,0,,0,,0,,0,,0,,0,,0,,0,,0,,0,,2,,0,,3,,3,,4,,10,,2,,0,,0,,0,,0,,0,,0,,0,,0,,0,,0,,0,,0,,0,,0,,0,,0,,0,,0,,,170,,,6.2,2009-10-28T08:58:00,,,0.0,,0.0,,0.0,,0.0,,0.0,,0.0,,0.0,,0.0,,0.0,,0.0,,0.0,,0.0,,0.0,,8.4,,0.0,,10.3,,9.4,,18.7,,40.7,,9.0,,0.0,,0.0,,0.0,,0.0,,0.0,,0.0,,0.0,,0.0,,0.0,,0.0,,0.0,,0.0,,0.0,,0.0,,0.0,,0.0,,0.0,,0.0,
2009-10-29,924.5,1544.0,926.2,2009-10-29T08:35:00,922.7,2009-10-29T14:58:00,18.0,20.2,2009-10-29T12:28:00,16.8,2009-10-29T02:52:00,16.3,90,83,2009-10-29T02:27:00,3.9,180,13.6,150,2009-10-29T21:40:00,0.5,2.5,0.5,2009-10-29T23:01:00,0.5,2009-10-29T23:01:00,0.7,6.3,6.88,-0.7,,,,,,,,,,,,,7.8,,18.0,2009-10-29T12:50:00,,,,14.1,2009-10-29T02:40:00,,,,,,,1.25,2009-10-29T13:00:00,,,,,,,,,,,,,,96,2009-10-29T23:05:00,,,,,,1560.2,2009-10-29T00:01:00,,,,1526.5,2009-10-29T14:58:00,,,,,,,,,,,,,,,,,,,3.4,,,,,,,11.8,,,0,,0,,0,,0,,0,,0,,0,,0,,0,,0,,0,,0,,0,,0,,0,,3,,3,,3,,10,,5,,0,,0,,0,,0,,0,,0,,0,,0,,0,,0,,0,,0,,0,,0,,0,,0,,0,,0,,,140,,,6.1,2009-10-29T14:25:00,,,0.0,,0.0,,0.0,,0.0,,0.0,,0.0,,0.0,,0.0,,0.0,,0.0,,0.0,,0.0,,0.0,,0.0,,0.0,,10.9,,11.3,,11.3,,39.7,,19.9,,0.0,,0.0,,0.0,,0.0,,0.0,,0.0,,0.0,,0.0,,0.0,,0.0,,0.0,,0.0,,0.0,,0.0,,0.0,,0.0,,0.0,,0.0,
2009-10-30,923.6,1535.3,925.1,2009-10-30T09:04:00,922.5,2009-10-30T14:28:00,17.8,19.2,2009-10-30T12:41:00,16.9,2009-10-30T23:32:00,17.0,95,91,2009-10-30T23:41:00,3.8,150,15.1,140,2009-10-30T19:37:00,9.0,15.8,2.0,2009-10-30T04:19:00,3.0,2009-10-30T04:01:00,0.3,2.7,4.0,-2.0,,,,,,,,,,,,,10.0,,18.9,2009-10-30T12:44:00,,,,15.7,2009-10-30T23:38:00,,,,,,,0.79,2009-10-30T14:00:00,,,,,,,,,,,,,,99,2009-10-30T10:04:00,,,,,,1548.5,2009-10-30T09:04:00,,,,1524.6,2009-10-30T14:35:00,,,,,,,,,,,,,,,,,,,2.3,,,,,,,4.1,,,0,,0,,0,,0,,0,,0,,0,,0,,0,,0,,0,,0,,0,,1,,2,,7,,3,,6,,1,,1,,0,,1,,0,,0,,0,,0,,0,,0,,0,,0,,0,,0,,0,,0,,0,,0,,0,,2,,,150,,,7.2,2009-10-30T22:08:00,,,0.0,,0.0,,0.0,,0.0,,0.0,,0.0,,0.0,,0.0,,0.0,,0.0,,0.0,,0.0,,0.0,,5.8,,8.9,,28.4,,12.3,,21.3,,3.2,,3.6,,0.0,,2.9,,0.0,,0.0,,0.0,,0.0,,0.0,,0.0,,0.0,,0.0,,0.0,,0.0,,0.0,,0.0,,0.0,,0.0,,0.0,,5.5,
2009-10-31,921.3,1516.0,923.1,2009-10-31T00:01:00,919.4,2009-10-31T14:25:00,19.7,22.5,2009-10-31T12:17:00,17.0,2009-10-31T02:04:00,19.0,96,87,2009-10-31T13:39:00,4.1,170,15.1,160,2009-10-31T09:57:00,-9.8,2.0,-9.8,2009-10-31T07:33:00,-9.8,2009-10-31T07:33:00,2.0,18.0,8.07,-0.3,,,,,,,,,,,,,8.0,,21.6,2009-10-31T11:23:00,,,,15.8,2009-10-31T02:07:00,,,,,,,2.09,2009-10-31T12:00:00,,,,,,,,,,,,,,100,2009-10-31T05:33:00,,,,,,1530.9,2009-10-31T00:01:00,,,,1499.0,2009-10-31T15:44:00,,,,,,,,,,,,,,,,,,,5.5,,,,,,,8.2,,,0,,0,,0,,0,,0,,0,,0,,0,,0,,0,,0,,0,,0,,1,,0,,3,,3,,10,,7,,0,,0,,0,,0,,0,,0,,0,,0,,0,,0,,0,,0,,0,,0,,0,,0,,0,,0,,0,,,140,,,6.0,2009-10-31T00:09:00,,,0.0,,0.0,,0.0,,0.0,,0.0,,0.0,,0.0,,0.0,,0.0,,0.0,,0.0,,0.0,,0.0,,2.7,,0.0,,12.0,,8.9,,41.9,,31.7,,0.0,,0.0,,0.0,,0.0,,0.0,,0.0,,0.0,,0.0,,0.0,,0.0,,0.0,,0.0,,0.0,,0.0,,0.0,,0.0,,0.0,,0.0,,0.0,
2009-11-01,924.8,1547.2,928.7,2009-11-01T23:29:00,921.8,2009-11-01T02:56:00,17.2,20.3,2009-11-01T06:02:00,14.2,2009-11-01T23:26:00,17.2,100,95,2009-11-01T02:28:00,5.0,340,19.6,320,2009-11-01T11:17:00,22.0,18.8,1.5,2009-11-01T10:50:00,5.0,2009-11-01T10:13:00,0.0,0.0,0.58,-1.5,,,,,,,,,,,,,10.0,,20.3,2009-11-01T06:02:00,,,,14.2,2009-11-01T23:26:00,,,,,,,0.22,2009-11-01T10:00:00,,,,,,,,,,,,,,100,2009-11-01T00:18:00,,,,,,1577.4,2009-11-01T21:25:00,,,,1522.6,2009-11-01T02:56:00,,,,,,,,,,,,,,,,,,,6.1,,,,,,,3.5,,,2,,0,,0,,0,,0,,0,,0,,0,,0,,0,,0,,0,,0,,0,,0,,0,,0,,0,,0,,0,,0,,0,,0,,0,,0,,0,,0,,0,,0,,0,,0,,0,,4,,5,,7,,6,,0,,0,,,340,,,8.9,2009-11-01T11:18:00,,,0.0,,0.0,,0.0,,0.0,,0.0,,0.0,,0.0,,0.0,,0.0,,0.0,,0.0,,0.0,,0.0,,0.0,,0.0,,0.0,,0.0,,0.0,,0.0,,0.0,,0.0,,0.0,,0.0,,0.0,,0.0,,0.0,,0.0,,0.0,,0.0,,0.0,,0.0,,0.0,,24.7,,30.4,,36.3,,29.4,,0.0,,0.0,
2009-11-02,931.9,1597.9,934.3,2009-11-02T21:19:00,928.2,2009-11-02T01:59:00,11.8,14.2,2009-11-02T00:01:00,8.8,2009-11-02T21:11:00,9.1,84,73,2009-11-02T12:17:00,7.7,340,24.6,350,2009-11-02T20:33:00,0.5,2.5,0.5,2009-11-02T00:47:00,0.5,2009-11-02T00:01:00,2.1,19.0,7.47,-0.5,,,,,,,,,,,,,9.2,,14.2,2009-11-02T00:01:00,,,,4.4,2009-11-02T21:04:00,,,,,,,1.94,2009-11-02T14:00:00,,,,,,,,,,,,,,100,2009-11-02T00:01:00,,,,,,1615.8,2009-11-02T09:38:00,,,,1568.6,2009-11-02T02:00:00,,,,,,,,,,,,,,,,,,,5.4,,,,,,,11.8,,,0,,0,,0,,0,,0,,0,,0,,0,,0,,0,,0,,0,,0,,0,,0,,0,,0,,0,,0,,0,,0,,0,,0,,0,,0,,0,,0,,0,,0,,0,,0,,0,,1,,7,,13,,3,,0,,0,,,330,,,10.0,2009-11-02T02:02:00,,,0.0,,0.0,,0.0,,0.0,,0.0,,0.0,,0.0,,0.0,,0.0,,0.0,,0.0,,0.0,,0.0,,0.0,,0.0,,0.0,,0.0,,0.0,,0.0,,0.0,,0.0,,0.0,,0.0,,0.0,,0.0,,0.0,,0.0,,0.0,,0.0,,0.0,,0.0,,0.0,,5.9,,54.7,,100.5,,23.8,,0.0,,0.0,
2009-11-03,931.8,1591.2,933.6,2009-11-03T09:03:00,930.0,2009-11-03T15:06:00,11.0,13.0,2009-11-03T22:40:00,9.4,2009-11-03T00:16:00,9.6,91,73,2009-11-03T03:25:00,4.5,180,21.7,190,2009-11-03T10:39:00,9.0,10.1,1.0,2009-11-03T08:49:00,3.0,2009-11-03T22:26:00,0.3,2.7,3.38,-0.3,,,,,,,,,,,,,9.2,,12.3,2009-11-03T22:45:00,,,,5.4,2009-11-03T03:25:00,,,,,,,1.12,2009-11-03T11:00:00,,,,,,,,,,,,,,100,2009-11-03T10:37:00,,,,,,1607.3,2009-11-03T00:23:00,,,,1574.3,2009-11-03T15:06:00,,,,,,,,,,,,,,,,,,,3.6,,,,,,,13.5,,,0,,0,,0,,0,,0,,0,,0,,0,,0,,0,,0,,0,,0,,0,,0,,0,,1,,2,,6,,6,,0,,0,,0,,2,,0,,2,,1,,0,,0,,1,,0,,1,,1,,1,,0,,0,,0,,0,,,330,,,8.6,2009-11-03T00:10:00,,,0.0,,0.0,,0.0,,0.0,,0.0,,0.0,,0.0,,0.0,,0.0,,0.0,,0.0,,0.0,,0.0,,0.0,,0.0,,0.0,,2.7,,8.8,,36.0,,30.7,,0.0,,0.0,,0.0,,4.5,,0.0,,5.2,,2.3,,0.0,,0.0,,3.4,,0.0,,6.2,,2.6,,5.9,,0.0,,0.0,,0.0,,0.0,
2009-11-04,928.9,1574.2,930.4,2009-11-04T00:04:00,927.7,2009-11-04T14:34:00,15.4,19.3,2009-11-04T12:53:00,12.1,2009-11-04T00:01:00,14.2,92,83,2009-11-04T12:33:00,4.8,180,17.4,130,2009-11-04T00:16:00,3.0,4.7,0.5,2009-11-04T04:13:00,1.0,2009-11-04T02:01:00,2.8,25.4,10.1,0.7,,,,,,,,,,,,,7.8,,16.7,2009-11-04T12:23:00,,,,11.3,2009-11-04T00:06:00,,,,,,,2.19,2009-11-04T13:00:00,,,,,,,,,,,,,,100,2009-11-04T04:41:00,,,,,,1587.3,2009-11-04T09:10:00,,,,1566.4,2009-11-04T14:34:00,,,,,,,,,,,,,,,,,,,7.2,,,,,,,13.0,,,0,,0,,0,,0,,0,,0,,0,,0,,0,,0,,0,,0,,0,,0,,0,,1,,6,,4,,8,,5,,0,,0,,0,,0,,0,,0,,0,,0,,0,,0,,0,,0,,0,,0,,0,,0,,0,,0,,,200,,,7.2,2009-11-04T00:56:00,,,0.0,,0.0,,0.0,,0.0,,0.0,,0.0,,0.0,,0.0,,0.0,,0.0,,0.0,,0.0,,0.0,,0.0,,0.0,,5.0,,27.0,,15.0,,39.7,,28.8,,0.0,,0.0,,0.0,,0.0,,0.0,,0.0,,0.0,,0.0,,0.0,,0.0,,0.0,,0.0,,0.0,,0.0,,0.0,,0.0,,0.0,,0.0,
2009-11-05,926.1,1558.5,927.9,2009-11-05T00:01:00,924.8,2009-11-05T14:44:00,18.4,22.3,2009-11-05T11:28:00,16.2,2009-11-05T00:11:00,16.6,89,80,2009-11-05T02:31:00,3.3,170,11.1,180,2009-11-05T01:09:00,0.0,0.0,0.0,,0.0,,5.2,47.2,13.14,2.1,,,,,,,,,,,,,5.7,,19.3,2009-11-05T11:46:00,,,,14.0,2009-11-05T02:31:00,,,,,,,2.84,2009-11-05T11:00:00,,,,,,,,,,,,,,96,2009-11-05T20:41:00,,,,,,1574.1,2009-11-05T00:22:00,,,,1546.7,2009-11-05T14:44:00,,,,,,,,,,,,,,,,,,,6.1,,,,,,,18.7,,,0,,0,,0,,0,,0,,0,,0,,0,,0,,0,,1,,0,,0,,0,,0,,3,,4,,7,,6,,1,,0,,0,,2,,0,,0,,0,,0,,0,,0,,0,,0,,0,,0,,0,,0,,0,,0,,0,,,150,,,4.5,2009-11-05T00:56:00,,,0.0,,0.0,,0.0,,0.0,,0.0,,0.0,,0.0,,0.0,,0.0,,0.0,,2.7,,0.0,,0.0,,0.0,,0.0,,12.0,,12.2,,20.7,,21.9,,3.7,,0.0,,0.0,,5.8,,0.0,,0.0,,0.0,,0.0,,0.0,,0.0,,0.0,,0.0,,0.0,,0.0,,0.0,,0.0,,0.0,,0.0,,0.0,
2009-11-06,923.1,1535.0,924.9,2009-11-06T00:01:00,921.8,2009-11-06T15:30:00,20.3,24.9,2009-11-06T13:55:00,17.4,2009-11-06T05:44:00,18.9,92,85,2009-11-06T10:57:00,1.9,180,7.7,150,2009-11-06T00:14:00,0.0,0.0,0.0,,0.0,,5.1,46.4,11.85,1.8,,,,,,,,,,,,,3.0,,22.7,2009-11-06T13:10:00,,,,16.2,2009-11-06T03:40:00,,,,,,,2.34,2009-11-06T12:00:00,,,,,,,,,,,,,,100,2009-11-06T06:44:00,,,,,,1551.0,2009-11-06T09:22:00,,,,1522.8,2009-11-06T15:43:00,,,,,,,,,,,,,,,,,,,7.5,,,,,,,19.2,,,0,,0,,0,,0,,0,,0,,0,,0,,0,,0,,0,,0,,0,,0,,0,,1,,4,,5,,7,,6,,0,,1,,0,,0,,0,,0,,0,,0,,0,,0,,0,,0,,0,,0,,0,,0,,0,,0,,,180,,,4.2,2009-11-06T00:45:00,,,0.0,,0.0,,0.0,,0.0,,0.0,,0.0,,0.0,,0.0,,0.0,,0.0,,0.0,,0.0,,0.0,,0.0,,0.0,,0.5,,6.6,,7.2,,14.6,,15.0,,0.0,,1.2,,0.0,,0.0,,0.0,,0.0,,0.0,,0.0,,0.0,,0.0,,0.0,,0.0,,0.0,,0.0,,0.0,,0.0,,0.0,,0.0,
2009-11-07,922.4,1529.7,923.7,2009-11-07T08:40:00,921.3,2009-11-07T03:49:00,20.3,24.5,2009-11-07T12:15:00,17.3,2009-11-07T04:59:00,18.7,91,73,2009-11-07T22:52:00,1.2,180,5.7,190,2009-11-07T13:58:00,0.0,0.0,0.0,,0.0,,4.1,37.3,11.64,1.6,,,,,,,,,,,,,6.0,,22.0,2009-11-07T12:19:00,,,,15.3,2009-11-07T20:08:00,,,,,,,2.06,2009-11-07T11:00:00,,,,,,,,,,,,,,100,2009-11-07T01:17:00,,,,,,1542.0,2009-11-07T08:40:00,,,,1517.9,2009-11-07T04:38:00,,,,,,,,,,,,,,,,,,,7.2,,,,,,,6.9,,,2,,0,,0,,0,,0,,0,,0,,0,,0,,0,,0,,0,,1,,1,,1,,1,,3,,5,,5,,2,,1,,0,,0,,0,,0,,0,,0,,0,,0,,0,,0,,0,,0,,0,,0,,1,,1,,0,,,180,,,2.7,2009-11-07T13:59:00,,,0.0,,0.0,,0.0,,0.0,,0.0,,0.0,,0.0,,0.0,,0.0,,0.0,,0.0,,0.0,,1.4,,0.8,,0.3,,0.7,,2.2,,5.3,,9.6,,3.7,,0.5,,0.0,,0.0,,0.0,,0.0,,0.0,,0.0,,0.0,,0.0,,0.0,,0.0,,0.0,,0.0,,0.0,,0.0,,2.4,,0.8,,0.0,
2009-11-08,921.7,1523.7,923.1,2009-11-08T08:18:00,920.5,2009-11-08T23:54:00,20.6,24.5,2009-11-08T10:37:00,17.9,2009-11-08T06:16:00,17.1,81,60,2009-11-08T09:56:00,0.6,350,5.7,340,2009-11-08T11:37:00,0.0,0.0,0.0,,0.0,,7.5,68.4,13.78,2.1,,,,,,,,,,,,,3.5,,19.7,2009-11-08T08:50:00,,,,15.1,2009-11-08T06:59:00,,,,,,,2.55,2009-11-08T12:00:00,,,,,,,,,,,,,,91,2009-11-08T03:07:00,,,,,,1540.1,2009-11-08T09:04:00,,,,1513.1,2009-11-08T23:59:00,,,,,,,,,,,,,,,,,,,6.6,,,,,,,12.0,,,15,,0,,0,,0,,0,,0,,0,,0,,0,,0,,0,,0,,0,,0,,0,,0,,0,,1,,1,,1,,0,,0,,0,,0,,0,,0,,0,,0,,0,,1,,0,,0,,0,,0,,1,,4,,0,,0,,,360,,,3.7,2009-11-08T09:39:00,,,0.4,,0.0,,0.0,,0.0,,0.0,,0.0,,0.0,,0.0,,0.0,,0.0,,0.0,,0.0,,0.0,,0.0,,0.0,,0.0,,0.0,,0.3,,0.9,,1.1,,0.0,,0.0,,0.0,,0.0,,0.0,,0.0,,0.0,,0.0,,0.0,,0.6,,0.0,,0.0,,0.0,,0.0,,0.8,,11.0,,0.0,,0.0,
2009-11-09,918.3,1491.5,920.7,2009-11-09T07:55:00,915.8,2009-11-09T23:56:00,20.4,25.6,2009-11-09T12:00:00,17.9,2009-11-09T01:38:00,17.4,83,72,2009-11-09T11:38:00,1.2,350,5.9,350,2009-11-09T15:05:00,0.0,0.0,0.0,,0.0,,3.7,33.8,10.91,-1.5,,,,,,,,,,,,,7.2,,21.7,2009-11-09T11:59:00,,,,15.2,2009-11-09T04:24:00,,,,,,,2.6,2009-11-09T12:00:00,,,,,,,,,,,,,,91,2009-11-09T09:15:00,,,,,,1514.7,2009-11-09T09:25:00,,,,1472.7,2009-11-09T22:33:00,,,,,,,,,,,,,,,,,,,7.7,,,,,,,12.5,,,6,,0,,0,,0,,0,,0,,0,,0,,0,,0,,0,,0,,0,,0,,0,,0,,0,,4,,1,,3,,0,,0,,0,,0,,0,,0,,0,,0,,0,,0,,0,,0,,0,,0,,0,,5,,4,,1,,,350,,,4.2,2009-11-09T14:51:00,,,0.5,,0.0,,0.0,,0.0,,0.0,,0.0,,0.0,,0.0,,0.0,,0.0,,0.0,,0.0,,0.0,,0.0,,0.0,,0.0,,0.0,,4.5,,0.9,,2.7,,0.0,,0.0,,0.0,,0.0,,0.0,,0.0,,0.0,,0.0,,0.0,,0.0,,0.0,,0.0,,0.0,,0.0,,0.0,,14.0,,6.7,,0.5,
2009-11-10,915.9,1466.9,917.9,2009-11-10T22:52:00,914.4,2009-11-10T14:10:00,18.7,21.0,2009-11-10T12:07:00,16.6,2009-11-10T23:55:00,16.4,86,74,2009-11-10T22:06:00,3.0,10,16.2,350,2009-11-10T10:16:00,4.5,1.6,1.5,2009-11-10T08:29:00,4.0,2009-11-10T08:10:00,0.3,2.7,3.44,-0.7,,,,,,,,,,,,,10.0,,18.7,2009-11-10T05:22:00,,,,13.3,2009-11-10T22:14:00,,,,,,,1.22,2009-11-10T12:00:00,,,,,,,,,,,,,,98,2009-11-10T05:40:00,,,,,,1482.7,2009-11-10T23:44:00,,,,1451.7,2009-11-10T14:25:00,,,,,,,,,,,,,,,,,,,4.4,,,,,,,9.2,,,0,,5,,2,,0,,2,,0,,0,,0,,0,,0,,0,,0,,0,,0,,0,,2,,2,,0,,0,,0,,0,,0,,0,,0,,0,,0,,0,,0,,0,,0,,0,,0,,0,,0,,0,,5,,5,,1,,,350,,,10.0,2009-11-10T10:24:00,,,0.0,,21.1,,5.9,,0.0,,2.4,,0.0,,0.0,,0.0,,0.0,,0.0,,0.0,,0.0,,0.0,,0.0,,0.0,,3.4,,3.1,,0.0,,0.0,,0.0,,0.0,,0.0,,0.0,,0.0,,0.0,,0.0,,0.0,,0.0,,0.0,,0.0,,0.0,,0.0,,0.0,,0.0,,0.0,,18.6,,16.7,,0.9,
2009-11-11,920.5,1502.3,923.1,2009-11-11T22:28:00,917.7,2009-11-11T00:01:00,15.6,16.8,2009-11-11T22:56:00,14.5,2009-11-11T08:16:00,15.1,97,86,2009-11-11T00:06:00,2.3,50,14.1,150,2009-11-11T22:19:00,8.5,17.8,1.0,2009-11-11T20:18:00,2.0,2009-11-11T19:28:00,0.0,0.0,1.61,-0.6,,,,,,,,,,,,,10.0,,16.8,2009-11-11T22:56:00,,,,13.5,2009-11-11T08:56:00,,,,,,,0.42,2009-11-11T13:00:00,,,,,,,,,,,,,,100,2009-11-11T09:35:00,,,,,,1525.3,2009-11-11T22:28:00,,,,1480.7,2009-11-11T00:01:00,,,,,,,,,,,,,,,,,,,2.3,,,,,,,3.2,,,0,,0,,2,,1,,1,,3,,1,,1,,2,,2,,0,,0,,0,,0,,0,,2,,2,,1,,0,,2,,0,,1,,0,,0,,0,,0,,0,,0,,0,,0,,2,,0,,0,,0,,0,,0,,0,,1,,,160,,,5.7,2009-11-11T22:35:00,,,0.0,,0.0,,6.0,,2.0,,2.3,,6.0,,2.1,,2.7,,4.2,,3.1,,0.0,,0.0,,0.0,,0.0,,0.0,,3.1,,6.6,,4.3,,0.0,,6.1,,0.0,,1.6,,0.0,,0.0,,0.0,,0.0,,0.0,,0.0,,0.0,,0.0,,3.0,,0.0,,0.0,,0.0,,0.0,,0.0,,0.0,,1.8,
2009-11-12,922.4,1521.9,924.2,2009-11-12T09:30:00,921.4,2009-11-12T14:13:00,17.4,18.2,2009-11-12T23:31:00,16.4,2009-11-12T00:27:00,17.4,100,100,2009-11-12T00:01:00,3.2,160,17.1,140,2009-11-12T06:51:00,14.5,24.0,1.0,2009-11-12T17:50:00,3.0,2009-11-12T22:59:00,0.0,0.0,2.89,-0.2,,,,,,,,,,,,,10.0,,18.2,2009-11-12T23:31:00,,,,16.4,2009-11-12T00:27:00,,,,,,,0.54,2009-11-12T13:00:00,,,,,,,,,,,,,,100,2009-11-12T00:01:00,,,,,,1537.9,2009-11-12T09:38:00,,,,1512.8,2009-11-12T14:13:00,,,,,,,,,,,,,,,,,,,1.8,,,,,,,1.1,,,0,,0,,0,,0,,0,,0,,1,,0,,0,,0,,2,,3,,1,,0,,4,,4,,4,,2,,3,,0,,0,,0,,0,,0,,0,,0,,0,,0,,0,,0,,0,,0,,0,,0,,0,,0,,0,,0,,,150,,,7.7,2009-11-12T05:11:00,,,0.0,,0.0,,0.0,,0.0,,0.0,,0.0,,2.3,,0.0,,0.0,,0.0,,5.0,,8.3,,1.7,,0.0,,12.8,,16.7,,19.0,,5.4,,6.4,,0.0,,0.0,,0.0,,0.0,,0.0,,0.0,,0.0,,0.0,,0.0,,0.0,,0.0,,0.0,,0.0,,0.0,,0.0,,0.0,,0.0,,0.0,,0.0,
2009-11-13,920.5,1501.8,922.0,2009-11-13T00:06:00,918.9,2009-11-13T14:02:00,14.9,18.2,2009-11-13T00:01:00,11.8,2009-11-13T23:57:00,14.8,100,93,2009-11-13T04:23:00,4.4,340,15.4,350,2009-11-13T10:18:00,71.0,23.2,5.5,2009-11-13T09:43:00,25.5,2009-11-13T09:19:00,0.0,0.0,0.81,-0.2,,,,,,,,,,,,,9.5,,18.2,2009-11-13T00:01:00,,,,11.8,2009-11-13T23:57:00,,,,,,,0.44,2009-11-13T13:00:00,,,,,,,,,,,,,,100,2009-11-13T00:01:00,,,,,,1520.2,2009-11-13T00:08:00,,,,1485.0,2009-11-13T14:02:00,,,,,,,,,,,,,,,,,,,6.4,,,,,,,4.8,,,3,,1,,0,,0,,0,,0,,0,,0,,0,,0,,0,,0,,0,,0,,0,,1,,0,,0,,0,,0,,0,,0,,0,,0,,0,,0,,0,,0,,0,,0,,0,,1,,1,,1,,9,,6,,0,,1,,,350,,,9.6,2009-11-13T10:21:00,,,0.2,,3.7,,0.0,,0.0,,0.0,,0.0,,0.0,,0.0,,0.0,,0.0,,0.0,,0.0,,0.0,,0.0,,0.0,,0.7,,0.0,,0.0,,0.0,,0.0,,0.0,,0.0,,0.0,,0.0,,0.0,,0.0,,0.0,,0.0,,0.0,,0.0,,0.0,,1.7,,5.5,,4.8,,41.8,,44.4,,0.0,,1.7,
2009-11-14,922.0,1505.8,923.2,2009-11-14T08:42:00,920.3,2009-11-14T14:42:00,11.9,13.4,2009-11-14T20:39:00,10.0,2009-11-14T09:14:00,11.2,96,84,2009-11-14T16:56:00,3.2,340,18.2,180,2009-11-14T22:40:00,7.0,12.7,0.5,2009-11-14T00:27:00,1.5,2009-11-14T21:08:00,0.0,0.0,2.79,-0.2,,,,,,,,,,,,,9.7,,13.4,2009-11-14T21:40:00,,,,10.0,2009-11-14T09:14:00,,,,,,,0.7,2009-11-14T13:00:00,,,,,,,,,,,,,,100,2009-11-14T00:01:00,,,,,,1515.9,2009-11-14T08:42:00,,,,1490.6,2009-11-14T14:42:00,,,,,,,,,,,,,,,,,,,3.4,,,,,,,7.4,,,0,,0,,0,,0,,0,,0,,0,,0,,0,,0,,0,,0,,0,,0,,0,,0,,1,,0,,4,,2,,0,,2,,1,,0,,0,,0,,0,,0,,1,,1,,0,,0,,3,,2,,5,,2,,0,,0,,,350,,,6.6,2009-11-14T02:46:00,,,0.0,,0.0,,0.0,,0.0,,0.0,,0.0,,0.0,,0.0,,0.0,,0.0,,0.0,,0.0,,0.0,,0.0,,0.0,,0.0,,4.3,,0.0,,13.2,,7.9,,0.0,,4.8,,1.7,,0.0,,0.0,,0.0,,0.0,,0.0,,1.1,,1.8,,0.0,,0.0,,8.5,,7.0,,20.6,,6.8,,0.0,,0.0,
2009-11-15,922.1,1513.0,923.3,2009-11-15T06:28:00,921.0,2009-11-15T13:17:00,15.2,16.9,2009-11-15T10:33:00,12.7,2009-11-15T01:18:00,14.2,94,83,2009-11-15T11:39:00,4.3,140,21.5,150,2009-11-15T01:31:00,10.5,10.8,1.5,2009-11-15T04:06:00,4.5,2009-11-15T03:49:00,0.6,5.5,4.58,-0.4,,,,,,,,,,,,,9.3,,16.3,2009-11-15T21:25:00,,,,12.7,2009-11-15T01:18:00,,,,,,,1.14,2009-11-15T11:00:00,,,,,,,,,,,,,,100,2009-11-15T00:01:00,,,,,,1521.7,2009-11-15T06:28:00,,,,1502.9,2009-11-15T13:29:00,,,,,,,,,,,,,,,,,,,4.2,,,,,,,7.8,,,0,,0,,0,,0,,0,,0,,0,,0,,0,,0,,0,,0,,0,,2,,6,,4,,4,,4,,3,,1,,0,,0,,0,,0,,0,,0,,0,,0,,0,,0,,0,,0,,0,,0,,0,,0,,0,,0,,,150,,,7.9,2009-11-15T08:19:00,,,0.0,,0.0,,0.0,,0.0,,0.0,,0.0,,0.0,,0.0,,0.0,,0.0,,0.0,,0.0,,0.0,,7.5,,25.9,,15.6,,19.2,,18.2,,12.2,,4.2,,0.0,,0.0,,0.0,,0.0,,0.0,,0.0,,0.0,,0.0,,0.0,,0.0,,0.0,,0.0,,0.0,,0.0,,0.0,,0.0,,0.0,,0.0,
2009-11-16,921.1,1509.8,922.6,2009-11-16T09:09:00,919.9,2009-11-16T15:06:00,17.1,24.6,2009-11-16T09:02:00,15.5,2009-11-16T04:45:00,14.9,87,62,2009-11-16T09:02:00,3.7,350,12.6,340,2009-11-16T23:20:00,14.5,11.8,1.5,2009-11-16T13:01:00,4.0,2009-11-16T12:46:00,2.2,20.3,7.69,-0.6,,,,,,,,,,,,,7.5,,18.1,2009-11-16T13:11:00,,,,12.3,2009-11-16T05:42:00,,,,,,,1.68,2009-11-16T12:00:00,,,,,,,,,,,,,,100,2009-11-16T13:11:00,,,,,,1529.9,2009-11-16T09:02:00,,,,1497.7,2009-11-16T15:06:00,,,,,,,,,,,,,,,,,,,9.1,,,,,,,7.8,,,1,,0,,0,,0,,0,,0,,0,,0,,0,,0,,0,,0,,0,,0,,0,,0,,0,,0,,1,,4,,0,,0,,0,,0,,0,,0,,0,,0,,1,,0,,0,,0,,0,,0,,3,,13,,1,,0,,,350,,,7.8,2009-11-16T23:59:00,,,0.0,,0.0,,0.0,,0.0,,0.0,,0.0,,0.0,,0.0,,0.0,,0.0,,0.0,,0.0,,0.0,,0.0,,0.0,,0.0,,0.0,,0.0,,2.5,,7.3,,0.0,,0.0,,0.0,,0.0,,0.0,,0.0,,0.0,,0.0,,1.4,,0.0,,0.0,,0.0,,0.0,,0.0,,14.9,,60.0,,2.0,,0.0,
2009-11-17,925.3,1539.4,927.6,2009-11-17T20:36:00,921.8,2009-11-17T00:09:00,11.8,15.8,2009-11-17T00:01:00,9.5,2009-11-17T22:46:00,10.4,91,87,2009-11-17T14:40:00,5.3,340,21.7,350,2009-11-17T15:36:00,73.0,24.0,1.5,2009-11-17T05:33:00,6.5,2009-11-17T14:02:00,0.0,0.0,3.12,-0.2,,,,,,,,,,,,,10.0,,14.1,2009-11-17T00:01:00,,,,7.9,2009-11-17T17:49:00,,,,,,,0.84,2009-11-17T12:00:00,,,,,,,,,,,,,,100,2009-11-17T11:38:00,,,,,,1556.0,2009-11-17T09:53:00,,,,1515.0,2009-11-17T01:59:00,,,,,,,,,,,,,,,,,,,6.3,,,,,,,1.2,,,0,,0,,0,,0,,0,,0,,0,,0,,0,,0,,0,,0,,0,,0,,1,,0,,0,,0,,0,,0,,0,,0,,0,,0,,0,,0,,0,,0,,0,,0,,1,,4,,5,,4,,7,,2,,0,,0,,,340,,,9.1,2009-11-17T15:26:00,,,0.0,,0.0,,0.0,,0.0,,0.0,,0.0,,0.0,,0.0,,0.0,,0.0,,0.0,,0.0,,0.0,,0.0,,2.7,,0.0,,0.0,,0.0,,0.0,,0.0,,0.0,,0.0,,0.0,,0.0,,0.0,,0.0,,0.0,,0.0,,0.0,,0.0,,2.8,,10.2,,22.9,,24.1,,49.5,,15.2,,0.0,,0.0,
2009-11-18,926.9,1548.5,928.3,2009-11-18T09:40:00,925.5,2009-11-18T14:26:00,12.0,14.0,2009-11-18T22:47:00,9.7,2009-11-18T00:01:00,10.5,90,87,2009-11-18T07:43:00,2.9,190,16.0,330,2009-11-18T02:56:00,55.0,24.0,1.0,2009-11-18T02:39:00,4.0,2009-11-18T22:39:00,0.0,0.0,0.69,-0.2,,,,,,,,,,,,,10.0,,12.8,2009-11-18T23:03:00,,,,7.9,2009-11-18T00:27:00,,,,,,,0.42,2009-11-18T12:00:00,,,,,,,,,,,,,,98,2009-11-18T05:28:00,,,,,,1560.6,2009-11-18T23:29:00,,,,1536.1,2009-11-18T14:50:00,,,,,,,,,,,,,,,,,,,4.3,,,,,,,1.6,,,0,,0,,1,,0,,0,,0,,0,,0,,0,,0,,0,,0,,0,,1,,2,,2,,0,,2,,2,,3,,2,,1,,1,,0,,0,,0,,0,,0,,0,,0,,1,,1,,1,,2,,1,,0,,0,,1,,,320,,,5.8,2009-11-18T00:40:00,,,0.0,,0.0,,2.7,,0.0,,0.0,,0.0,,0.0,,0.0,,0.0,,0.0,,0.0,,0.0,,0.0,,3.5,,4.4,,6.2,,0.0,,5.5,,5.6,,7.1,,6.0,,2.2,,2.4,,0.0,,0.0,,0.0,,0.0,,0.0,,0.0,,0.0,,2.4,,5.1,,4.2,,7.4,,2.9,,0.0,,0.0,,2.5,
2009-11-19,928.3,1568.3,929.6,2009-11-19T08:40:00,926.9,2009-11-19T01:30:00,14.4,15.6,2009-11-19T12:39:00,14.0,2009-11-19T00:27:00,13.2,92,89,2009-11-19T00:39:00,2.1,90,13.6,120,2009-11-19T21:28:00,34.0,24.0,1.0,2009-11-19T00:07:00,3.0,2009-11-19T00:01:00,0.0,0.0,7.23,-0.5,,,,,,,,,,,,,10.0,,14.9,2009-11-19T12:40:00,,,,12.4,2009-11-19T00:39:00,,,,,,,1.43,2009-11-19T13:00:00,,,,,,,,,,,,,,100,2009-11-19T12:02:00,,,,,,1580.1,2009-11-19T09:25:00,,,,1553.9,2009-11-19T02:47:00,,,,,,,,,,,,,,,,,,,1.6,,,,,,,3.7,,,0,,2,,2,,0,,1,,0,,0,,2,,0,,3,,0,,0,,0,,0,,0,,0,,0,,1,,1,,1,,2,,0,,1,,0,,1,,0,,0,,0,,0,,0,,0,,0,,0,,1,,0,,0,,1,,5,,,10,,,4.5,2009-11-19T16:57:00,,,0.0,,6.6,,4.0,,0.0,,1.8,,0.0,,0.0,,4.4,,0.0,,7.6,,0.0,,0.0,,0.0,,0.0,,0.0,,0.0,,0.0,,1.9,,1.7,,1.5,,3.7,,0.0,,1.7,,0.0,,1.5,,0.0,,0.0,,0.0,,0.0,,0.0,,0.0,,0.0,,0.0,,2.7,,0.0,,0.0,,1.8,,10.5,
2009-11-20,928.8,1573.6,930.5,2009-11-20T21:41:00,927.5,2009-11-20T13:37:00,13.8,16.4,2009-11-20T08:58:00,11.5,2009-11-20T21:54:00,12.6,92,90,2009-11-20T04:38:00,5.1,340,16.5,350,2009-11-20T20:30:00,22.5,24.0,0.5,2009-11-20T00:01:00,2.5,2009-11-20T11:36:00,0.0,0.0,4.96,-0.2,,,,,,,,,,,,,10.0,,15.4,2009-11-20T09:08:00,,,,10.1,2009-11-20T22:04:00,,,,,,,0.86,2009-11-20T09:00:00,,,,,,,,,,,,,,98,2009-11-20T08:44:00,,,,,,1587.8,2009-11-20T20:40:00,,,,1561.4,2009-11-20T15:12:00,,,,,,,,,,,,,,,,,,,4.9,,,,,,,2.4,,,0,,0,,1,,0,,0,,0,,0,,0,,0,,0,,0,,0,,0,,0,,0,,0,,0,,0,,0,,0,,0,,0,,0,,0,,0,,0,,0,,0,,0,,0,,0,,0,,2,,7,,8,,5,,1,,0,,,350,,,8.4,2009-11-20T20:30:00,,,0.0,,0.0,,2.2,,0.0,,0.0,,0.0,,0.0,,0.0,,0.0,,0.0,,0.0,,0.0,,0.0,,0.0,,0.0,,0.0,,0.0,,0.0,,0.0,,0.0,,0.0,,0.0,,0.0,,0.0,,0.0,,0.0,,0.0,,0.0,,0.0,,0.0,,0.0,,0.0,,4.6,,33.7,,45.2,,35.2,,1.9,,0.0,
2009-11-21,928.2,1562.0,930.4,2009-11-21T09:11:00,926.1,2009-11-21T23:18:00,11.9,13.6,2009-11-21T23:24:00,10.5,2009-11-21T09:11:00,11.0,94,90,2009-11-21T01:06:00,2.7,310,17.4,320,2009-11-21T01:53:00,30.0,24.0,0.5,2009-11-21T00:01:00,2.0,2009-11-21T00:01:00,0.0,0.0,1.49,-0.2,,,,,,,,,,,,,10.0,,12.9,2009-11-21T23:27:00,,,,9.7,2009-11-21T07:31:00,,,,,,,0.53,2009-11-21T12:00:00,,,,,,,,,,,,,,99,2009-11-21T10:04:00,,,,,,1580.1,2009-11-21T00:08:00,,,,1544.3,2009-11-21T23:18:00,,,,,,,,,,,,,,,,,,,3.1,,,,,,,3.7,,,0,,2,,1,,1,,0,,0,,0,,0,,0,,0,,1,,0,,0,,0,,1,,0,,0,,1,,1,,1,,0,,1,,0,,0,,0,,0,,0,,2,,1,,0,,1,,4,,3,,0,,1,,0,,0,,2,,,330,,,8.1,2009-11-21T01:50:00,,,0.0,,4.9,,2.2,,2.7,,0.0,,0.0,,0.0,,0.0,,0.0,,0.0,,2.3,,0.0,,0.0,,0.0,,3.4,,0.0,,0.0,,4.5,,2.0,,3.0,,0.0,,1.8,,0.0,,0.0,,0.0,,0.0,,0.0,,3.2,,1.1,,0.0,,3.2,,9.0,,12.3,,0.0,,5.7,,0.0,,0.0,,4.4,
2009-11-22,925.9,1545.8,927.1,2009-11-22T21:19:00,924.9,2009-11-22T13:51:00,14.0,15.5,2009-11-22T09:00:00,13.0,2009-11-22T16:33:00,13.4,96,94,2009-11-22T00:18:00,2.8,340,15.3,340,2009-11-22T15:44:00,19.5,24.0,1.0,2009-11-22T22:15:00,2.5,2009-11-22T20:18:00,0.0,0.0,4.03,-0.5,,,,,,,,,,,,,10.0,,15.0,2009-11-22T08:27:00,,,,12.2,2009-11-22T21:39:00,,,,,,,0.78,2009-11-22T12:00:00,,,,,,,,,,,,,,100,2009-11-22T08:16:00,,,,,,1557.6,2009-11-22T21:19:00,,,,1535.9,2009-11-22T03:45:00,,,,,,,,,,,,,,,,,,,2.5,,,,,,,4.9,,,0,,0,,0,,1,,1,,0,,0,,0,,0,,1,,0,,0,,0,,1,,0,,1,,0,,0,,0,,0,,1,,0,,0,,0,,0,,0,,0,,0,,1,,0,,0,,2,,0,,1,,6,,4,,0,,4,,,350,,,6.7,2009-11-22T14:54:00,,,0.0,,0.0,,0.0,,3.6,,1.8,,0.0,,0.0,,0.0,,0.0,,2.6,,0.0,,0.0,,0.0,,1.5,,0.0,,4.8,,0.0,,0.0,,0.0,,0.0,,2.1,,0.0,,0.0,,0.0,,0.0,,0.0,,0.0,,0.0,,1.4,,0.0,,0.0,,5.7,,0.0,,0.5,,18.7,,16.7,,0.0,,8.2,
2009-11-23,924.4,1535.0,926.3,2009-11-23T07:35:00,922.9,2009-11-23T22:54:00,15.4,17.3,2009-11-23T22:41:00,13.7,2009-11-23T00:02:00,14.8,96,93,2009-11-23T00:52:00,4.4,180,19.6,190,2009-11-23T09:24:00,44.0,24.0,1.0,2009-11-23T01:02:00,3.0,2009-11-23T06:11:00,0.0,0.0,4.6,-0.2,,,,,,,,,,,,,10.0,,16.7,2009-11-23T22:37:00,,,,12.7,2009-11-23T00:14:00,,,,,,,0.81,2009-11-23T13:00:00,,,,,,,,,,,,,,100,2009-11-23T10:47:00,,,,,,1550.2,2009-11-23T07:35:00,,,,1523.2,2009-11-23T14:23:00,,,,,,,,,,,,,,,,,,,3.6,,,,,,,1.0,,,0,,0,,0,,0,,0,,0,,0,,0,,0,,0,,0,,0,,0,,0,,0,,2,,5,,4,,7,,5,,0,,0,,0,,0,,0,,0,,0,,0,,0,,0,,0,,0,,0,,0,,0,,0,,0,,1,,,150,,,8.4,2009-11-23T14:36:00,,,0.0,,0.0,,0.0,,0.0,,0.0,,0.0,,0.0,,0.0,,0.0,,0.0,,0.0,,0.0,,0.0,,0.0,,0.0,,11.2,,24.6,,19.6,,29.8,,18.2,,0.0,,0.0,,0.0,,0.0,,0.0,,0.0,,0.0,,0.0,,0.0,,0.0,,0.0,,0.0,,0.0,,0.0,,0.0,,0.0,,0.0,,2.8,
2009-11-24,922.8,1523.3,924.0,2009-11-24T21:36:00,921.3,2009-11-24T13:56:00,15.8,17.3,2009-11-24T00:07:00,14.6,2009-11-24T19:21:00,15.1,96,93,2009-11-24T19:25:00,2.9,350,9.7,360,2009-11-24T06:21:00,6.5,17.6,0.5,2009-11-24T05:05:00,1.5,2009-11-24T05:01:00,0.1,0.9,4.27,-0.5,,,,,,,,,,,,,10.0,,17.1,2009-11-24T12:26:00,,,,13.6,2009-11-24T19:25:00,,,,,,,1.09,2009-11-24T13:00:00,,,,,,,,,,,,,,100,2009-11-24T11:40:00,,,,,,1533.1,2009-11-24T09:25:00,,,,1508.8,2009-11-24T15:46:00,,,,,,,,,,,,,,,,,,,2.7,,,,,,,3.1,,,1,,0,,0,,0,,0,,0,,0,,0,,0,,0,,0,,1,,2,,0,,0,,0,,1,,0,,0,,0,,0,,0,,0,,0,,0,,0,,0,,0,,0,,0,,0,,1,,0,,1,,3,,9,,1,,4,,,350,,,6.7,2009-11-24T06:06:00,,,0.1,,0.0,,0.0,,0.0,,0.0,,0.0,,0.0,,0.0,,0.0,,0.0,,0.0,,1.8,,4.3,,0.0,,0.0,,0.0,,0.7,,0.0,,0.0,,0.0,,0.0,,0.0,,0.0,,0.0,,0.0,,0.0,,0.0,,0.0,,0.0,,0.0,,0.0,,2.1,,0.0,,3.1,,10.5,,39.3,,4.2,,4.4,
2009-11-25,923.3,1527.2,925.1,2009-11-25T08:58:00,921.8,2009-11-25T13:14:00,16.1,17.0,2009-11-25T12:47:00,15.1,2009-11-25T00:05:00,15.4,96,92,2009-11-25T00:12:00,3.4,160,14.3,150,2009-11-25T19:18:00,14.0,23.9,3.5,2009-11-25T07:34:00,7.5,2009-11-25T06:58:00,0.0,0.0,3.61,-0.2,,,,,,,,,,,,,10.0,,16.8,2009-11-25T11:55:00,,,,14.1,2009-11-25T00:07:00,,,,,,,0.87,2009-11-25T12:00:00,,,,,,,,,,,,,,100,2009-11-25T11:56:00,,,,,,1543.5,2009-11-25T08:58:00,,,,1514.4,2009-11-25T13:14:00,,,,,,,,,,,,,,,,,,,1.9,,,,,,,1.9,,,0,,0,,0,,0,,0,,0,,0,,0,,0,,0,,0,,1,,0,,2,,5,,6,,6,,1,,1,,0,,1,,0,,0,,0,,0,,0,,0,,0,,0,,0,,0,,0,,0,,0,,0,,0,,0,,1,,,140,,,6.5,2009-11-25T13:37:00,,,0.0,,0.0,,0.0,,0.0,,0.0,,0.0,,0.0,,0.0,,0.0,,0.0,,0.0,,2.7,,0.0,,5.9,,17.7,,21.9,,24.0,,2.4,,3.9,,0.0,,2.1,,0.0,,0.0,,0.0,,0.0,,0.0,,0.0,,0.0,,0.0,,0.0,,0.0,,0.0,,0.0,,0.0,,0.0,,0.0,,0.0,,1.7,
2009-11-26,923.5,1528.7,925.3,2009-11-26T09:06:00,922.0,2009-11-26T14:17:00,15.6,16.9,2009-11-26T13:52:00,14.7,2009-11-26T04:45:00,14.8,95,91,2009-11-26T14:56:00,3.1,130,13.5,170,2009-11-26T03:54:00,3.0,11.5,0.2,2009-11-26T00:10:00,0.5,2009-11-26T00:01:00,0.2,1.9,4.69,-0.4,,,,,,,,,,,,,9.8,,16.1,2009-11-26T11:53:00,,,,14.0,2009-11-26T04:55:00,,,,,,,1.18,2009-11-26T13:00:00,,,,,,,,,,,,,,100,2009-11-26T11:51:00,,,,,,1544.9,2009-11-26T09:06:00,,,,1514.7,2009-11-26T15:00:00,,,,,,,,,,,,,,,,,,,2.2,,,,,,,3.7,,,0,,0,,0,,0,,0,,0,,0,,0,,0,,1,,0,,3,,1,,8,,2,,1,,4,,2,,1,,1,,0,,0,,0,,0,,0,,0,,0,,0,,0,,0,,0,,0,,0,,0,,0,,0,,0,,0,,,150,,,5.3,2009-11-26T03:41:00,,,0.0,,0.0,,0.0,,0.0,,0.0,,0.0,,0.0,,0.0,,0.0,,3.8,,0.0,,10.1,,1.9,,20.8,,8.0,,3.8,,12.1,,7.9,,2.7,,2.8,,0.0,,0.0,,0.0,,0.0,,0.0,,0.0,,0.0,,0.0,,0.0,,0.0,,0.0,,0.0,,0.0,,0.0,,0.0,,0.0,,0.0,,0.0,
2009-11-27,924.3,1537.0,925.5,2009-11-27T20:14:00,922.8,2009-11-27T14:22:00,15.7,20.4,2009-11-27T10:58:00,12.6,2009-11-27T22:03:00,14.6,93,84,2009-11-27T10:56:00,3.6,350,13.4,350,2009-11-27T20:49:00,2.0,6.5,0.2,2009-11-27T18:11:00,0.5,2009-11-27T18:01:00,4.5,42.2,11.25,-1.7,,,,,,,,,,,,,8.7,,18.3,2009-11-27T10:58:00,,,,11.7,2009-11-27T23:54:00,,,,,,,2.36,2009-11-27T11:00:00,,,,,,,,,,,,,,98,2009-11-27T07:36:00,,,,,,1549.3,2009-11-27T10:11:00,,,,1523.9,2009-11-27T14:30:00,,,,,,,,,,,,,,,,,,,7.8,,,,,,,6.1,,,2,,0,,0,,1,,1,,0,,0,,0,,0,,2,,0,,1,,0,,1,,0,,0,,0,,0,,0,,0,,1,,0,,0,,0,,0,,0,,0,,0,,0,,0,,0,,0,,0,,0,,3,,11,,1,,0,,,350,,,8.1,2009-11-27T20:54:00,,,0.2,,0.0,,0.0,,0.9,,0.8,,0.0,,0.0,,0.0,,0.0,,6.2,,0.0,,1.9,,0.0,,2.2,,0.0,,0.0,,0.0,,0.0,,0.0,,0.0,,0.7,,0.0,,0.0,,0.0,,0.0,,0.0,,0.0,,0.0,,0.0,,0.0,,0.0,,0.0,,0.0,,0.0,,9.9,,57.2,,5.8,,0.0,
2009-11-28,925.1,1538.8,926.7,2009-11-28T21:21:00,923.6,2009-11-28T15:07:00,13.5,14.4,2009-11-28T04:52:00,12.5,2009-11-28T00:22:00,12.4,93,89,2009-11-28T03:14:00,2.4,320,14.1,340,2009-11-28T09:14:00,22.5,24.0,4.0,2009-11-28T04:38:00,5.5,2009-11-28T04:04:00,0.0,0.0,1.72,-0.2,,,,,,,,,,,,,10.0,,13.0,2009-11-28T01:32:00,,,,11.3,2009-11-28T23:47:00,,,,,,,0.41,2009-11-28T13:00:00,,,,,,,,,,,,,,97,2009-11-28T00:22:00,,,,,,1552.0,2009-11-28T21:21:00,,,,1525.4,2009-11-28T15:07:00,,,,,,,,,,,,,,,,,,,1.9,,,,,,,7.7,,,0,,0,,0,,0,,0,,0,,0,,0,,0,,0,,1,,1,,0,,1,,0,,0,,0,,0,,0,,0,,0,,0,,1,,0,,0,,0,,0,,0,,0,,1,,2,,2,,4,,2,,0,,3,,2,,4,,,330,,,6.3,2009-11-28T21:55:00,,,0.0,,0.0,,0.0,,0.0,,0.0,,0.0,,0.0,,0.0,,0.0,,0.0,,1.3,,1.6,,0.0,,2.3,,0.0,,0.0,,0.0,,0.0,,0.0,,0.0,,0.0,,0.0,,0.9,,0.0,,0.0,,0.0,,0.0,,0.0,,0.0,,1.6,,4.3,,5.0,,12.8,,7.9,,0.0,,11.3,,3.3,,6.2,
2009-11-29,926.5,1548.3,927.8,2009-11-29T09:15:00,924.8,2009-11-29T14:33:00,12.4,13.6,2009-11-29T10:34:00,11.7,2009-11-29T22:57:00,10.9,90,85,2009-11-29T10:33:00,2.0,320,12.3,340,2009-11-29T08:42:00,2.5,10.3,0.5,2009-11-29T23:40:00,1.0,2009-11-29T23:01:00,0.1,0.9,3.59,-0.5,,,,,,,,,,,,,10.0,,11.7,2009-11-29T00:18:00,,,,9.8,2009-11-29T17:03:00,,,,,,,0.72,2009-11-29T11:00:00,,,,,,,,,,,,,,96,2009-11-29T23:10:00,,,,,,1561.0,2009-11-29T09:20:00,,,,1532.6,2009-11-29T14:33:00,,,,,,,,,,,,,,,,,,,1.9,,,,,,,11.7,,,0,,1,,0,,0,,2,,0,,0,,0,,0,,0,,0,,0,,0,,0,,0,,1,,0,,0,,1,,1,,1,,1,,0,,0,,0,,0,,1,,0,,2,,1,,3,,1,,4,,1,,2,,0,,0,,1,,,330,,,6.9,2009-11-29T08:45:00,,,0.0,,1.8,,0.0,,0.0,,3.6,,0.0,,0.0,,0.0,,0.0,,0.0,,0.0,,0.0,,0.0,,0.0,,0.0,,1.6,,0.0,,0.0,,1.0,,2.2,,1.2,,0.9,,0.0,,0.0,,0.0,,0.0,,1.2,,0.0,,4.4,,1.8,,4.0,,1.7,,13.9,,3.7,,4.0,,0.0,,0.0,,2.1,
2009-11-30,927.3,1552.8,929.0,2009-11-30T09:30:00,926.2,2009-11-30T14:15:00,11.1,13.5,2009-11-30T13:44:00,10.0,2009-11-30T22:51:00,10.2,94,86,2009-11-30T14:41:00,1.4,10,12.8,170,2009-11-30T21:38:00,4.0,9.5,1.0,2009-11-30T01:21:00,1.5,2009-11-30T01:01:00,0.3,2.8,3.23,-0.9,,,,,,,,,,,,,10.0,,12.4,2009-11-30T13:45:00,,,,8.3,2009-11-30T23:42:00,,,,,,,0.76,2009-11-30T13:00:00,,,,,,,,,,,,,,100,2009-11-30T10:59:00,,,,,,1568.2,2009-11-30T09:30:00,,,,1543.9,2009-11-30T14:04:00,,,,,,,,,,,,,,,,,,,3.5,,,,,,,5.0,,,0,,4,,1,,1,,0,,0,,1,,0,,1,,0,,2,,0,,0,,0,,0,,0,,1,,0,,0,,0,,1,,0,,0,,0,,2,,1,,0,,0,,0,,1,,2,,0,,0,,1,,0,,0,,2,,3,,,40,,,3.5,2009-11-30T22:18:00,,,0.0,,5.5,,1.0,,1.5,,0.0,,0.0,,1.3,,0.0,,2.2,,0.0,,3.5,,0.0,,0.0,,0.0,,0.0,,0.0,,1.2,,0.0,,0.0,,0.0,,0.3,,0.0,,0.0,,0.0,,2.2,,1.4,,0.0,,0.0,,0.0,,1.9,,3.4,,0.0,,0.0,,1.1,,0.0,,0.0,,4.2,,3.9,
2009-12-01,927.2,1548.3,929.3,2009-12-01T08:48:00,926.0,2009-12-01T14:55:00,9.9,11.1,2009-12-01T23:19:00,8.7,2009-12-01T06:49:00,8.3,90,85,2009-12-01T14:50:00,2.7,330,11.9,350,2009-12-01T07:05:00,0.0,0.0,0.0,,0.0,,0.1,0.9,2.77,0.5,,,,,,,,,,,,,10.0,,9.5,2009-12-01T21:39:00,,,,7.4,2009-12-01T03:42:00,,,,,,,0.81,2009-12-01T13:00:00,,,,,,,,,,,,,,94,2009-12-01T05:52:00,,,,,,1566.2,2009-12-01T09:03:00,,,,1536.1,2009-12-01T16:19:00,,,,,,,,,,,,,,,,,,,2.4,,,,,,,7.3,,,0,,1,,0,,0,,0,,0,,1,,0,,0,,0,,0,,0,,0,,0,,0,,0,,0,,0,,1,,0,,0,,0,,1,,1,,0,,0,,0,,0,,3,,0,,1,,2,,1,,11,,0,,0,,0,,1,,,320,,,6.3,2009-12-01T03:20:00,,,0.0,,1.9,,0.0,,0.0,,0.0,,0.0,,1.7,,0.0,,0.0,,0.0,,0.0,,0.0,,0.0,,0.0,,0.0,,0.0,,0.0,,0.0,,2.3,,0.0,,0.0,,0.0,,1.0,,1.4,,0.0,,0.0,,0.0,,0.0,,3.5,,0.0,,1.0,,5.0,,1.1,,43.8,,0.0,,0.0,,0.0,,1.6,
2009-12-02,925.8,1538.9,927.2,2009-12-02T08:26:00,923.4,2009-12-02T14:26:00,11.9,16.0,2009-12-02T14:28:00,9.8,2009-12-02T06:21:00,9.9,88,73,2009-12-02T07:21:00,2.1,340,10.6,340,2009-12-02T23:55:00,0.0,0.0,0.0,,0.0,,3.6,33.9,9.72,-1.2,,,,,,,,,,,,,7.5,,13.3,2009-12-02T12:11:00,,,,6.6,2009-12-02T07:23:00,,,,,,,2.11,2009-12-02T11:00:00,,,,,,,,,,,,,,95,2009-12-02T13:47:00,,,,,,1553.7,2009-12-02T09:45:00,,,,1508.2,2009-12-02T14:08:00,,,,,,,,,,,,,,,,,,,6.2,,,,,,,12.5,,,0,,0,,0,,1,,1,,0,,0,,1,,0,,0,,0,,0,,0,,0,,1,,0,,0,,1,,0,,0,,0,,2,,0,,2,,0,,1,,0,,0,,0,,0,,0,,2,,0,,2,,6,,1,,0,,3,,,340,,,5.3,2009-12-02T20:33:00,,,0.0,,0.0,,0.0,,2.1,,1.1,,0.0,,0.0,,1.7,,0.0,,0.0,,0.0,,0.0,,0.0,,0.0,,2.0,,0.0,,0.0,,0.9,,0.0,,0.0,,0.0,,2.8,,0.0,,2.3,,0.0,,1.8,,0.0,,0.0,,0.0,,0.0,,0.0,,3.4,,0.0,,4.9,,21.9,,1.9,,0.0,,4.1,
2009-12-03,926.3,1537.9,927.9,2009-12-03T08:55:00,925.2,2009-12-03T03:23:00,7.8,10.9,2009-12-03T00:20:00,6.1,2009-12-03T19:06:00,6.4,91,82,2009-12-03T23:29:00,5.3,350,17.8,330,2009-12-03T18:35:00,5.0,3.9,1.0,2009-12-03T05:27:00,3.5,2009-12-03T05:27:00,0.0,0.0,0.36,-0.8,,,,,,,,,,,,,9.7,,9.4,2009-12-03T05:43:00,,,,4.0,2009-12-03T19:29:00,,,,,,,0.17,2009-12-03T12:00:00,,,,,,,,,,,,,,97,2009-12-03T05:48:00,,,,,,1552.2,2009-12-03T08:55:00,,,,1524.5,2009-12-03T23:55:00,,,,,,,,,,,,,,,,,,,4.8,,,,,,,9.8,,,0,,0,,0,,0,,0,,0,,0,,0,,0,,0,,0,,0,,0,,0,,0,,0,,0,,0,,0,,0,,0,,0,,0,,0,,0,,1,,0,,2,,1,,0,,0,,1,,1,,0,,4,,11,,3,,0,,,340,,,8.9,2009-12-03T17:46:00,,,0.0,,0.0,,0.0,,0.0,,0.0,,0.0,,0.0,,0.0,,0.0,,0.0,,0.0,,0.0,,0.0,,0.0,,0.0,,0.0,,0.0,,0.0,,0.0,,0.0,,0.0,,0.0,,0.0,,0.0,,0.0,,1.6,,0.0,,3.2,,1.8,,0.0,,0.0,,4.5,,3.3,,0.0,,24.8,,71.2,,16.6,,0.0,
2009-12-04,924.6,1522.4,926.0,2009-12-04T08:40:00,922.5,2009-12-04T14:33:00,10.0,13.5,2009-12-04T12:14:00,6.9,2009-12-04T00:13:00,7.8,87,75,2009-12-04T15:46:00,1.8,60,11.6,140,2009-12-04T10:40:00,0.0,0.0,0.0,,0.0,,5.2,49.1,10.46,0.8,,,,,,,,,,,,,8.2,,10.6,2009-12-04T12:21:00,,,,5.0,2009-12-04T02:35:00,,,,,,,2.27,2009-12-04T13:00:00,,,,,,,,,,,,,,95,2009-12-04T22:56:00,,,,,,1534.4,2009-12-04T20:54:00,,,,1505.0,2009-12-04T14:44:00,,,,,,,,,,,,,,,,,,,6.6,,,,,,,9.5,,,1,,0,,0,,0,,1,,1,,2,,1,,2,,0,,2,,1,,0,,0,,1,,1,,0,,1,,0,,2,,0,,2,,0,,1,,0,,0,,1,,0,,0,,0,,0,,0,,0,,0,,0,,1,,1,,2,,,160,,,5.3,2009-12-04T10:38:00,,,0.1,,0.0,,0.0,,0.0,,1.5,,1.4,,4.9,,1.8,,2.7,,0.0,,4.3,,1.7,,0.0,,0.0,,2.4,,3.5,,0.0,,2.3,,0.0,,4.0,,0.0,,3.6,,0.0,,2.4,,0.0,,0.0,,2.2,,0.0,,0.0,,0.0,,0.0,,0.0,,0.0,,0.0,,0.0,,1.9,,1.1,,2.5,
2009-12-05,925.7,1534.5,926.8,2009-12-05T08:28:00,924.3,2009-12-05T12:56:00,9.3,12.3,2009-12-05T11:22:00,8.0,2009-12-05T23:31:00,7.6,89,79,2009-12-05T08:45:00,3.2,350,14.3,160,2009-12-05T20:38:00,0.0,0.0,0.0,,0.0,,1.2,11.3,4.72,1.3,,,,,,,,,,,,,7.3,,10.0,2009-12-05T11:24:00,,,,6.2,2009-12-05T23:55:00,,,,,,,1.13,2009-12-05T12:00:00,,,,,,,,,,,,,,96,2009-12-05T01:50:00,,,,,,1545.9,2009-12-05T08:56:00,,,,1521.5,2009-12-05T13:55:00,,,,,,,,,,,,,,,,,,,4.3,,,,,,,8.3,,,0,,1,,1,,0,,0,,1,,0,,0,,0,,0,,0,,0,,0,,0,,1,,1,,1,,1,,2,,0,,1,,0,,0,,0,,0,,0,,1,,0,,1,,0,,0,,2,,1,,1,,1,,5,,0,,2,,,150,,,6.9,2009-12-05T21:56:00,,,0.0,,1.8,,2.4,,0.0,,0.0,,2.2,,0.0,,0.0,,0.0,,0.0,,0.0,,0.0,,0.0,,0.0,,3.2,,6.3,,5.7,,3.8,,9.6,,0.0,,1.6,,0.0,,0.0,,0.0,,0.0,,0.0,,1.5,,0.0,,1.5,,0.0,,0.0,,3.2,,3.0,,4.1,,4.6,,19.9,,0.0,,3.5,
2009-12-06,925.9,1535.3,927.4,2009-12-06T08:36:00,924.0,2009-12-06T13:54:00,10.4,13.7,2009-12-06T12:51:00,7.7,2009-12-06T02:59:00,8.7,89,79,2009-12-06T12:23:00,3.8,160,14.5,140,2009-12-06T06:49:00,0.0,0.0,0.0,,0.0,,6.1,57.7,12.62,0.9,,,,,,,,,,,,,5.2,,10.6,2009-12-06T12:52:00,,,,5.8,2009-12-06T03:55:00,,,,,,,2.4,2009-12-06T13:00:00,,,,,,,,,,,,,,95,2009-12-06T21:42:00,,,,,,1548.6,2009-12-06T09:21:00,,,,1520.2,2009-12-06T14:48:00,,,,,,,,,,,,,,,,,,,6.0,,,,,,,12.8,,,0,,0,,0,,0,,0,,0,,0,,0,,1,,1,,2,,1,,4,,3,,2,,3,,5,,1,,0,,0,,0,,0,,0,,0,,0,,0,,0,,0,,0,,0,,0,,0,,0,,0,,0,,0,,0,,1,,,160,,,6.2,2009-12-06T23:45:00,,,0.0,,0.0,,0.0,,0.0,,0.0,,0.0,,0.0,,0.0,,5.1,,3.5,,6.6,,4.3,,15.1,,10.3,,5.7,,12.4,,21.3,,4.5,,0.0,,0.0,,0.0,,0.0,,0.0,,0.0,,0.0,,0.0,,0.0,,0.0,,0.0,,0.0,,0.0,,0.0,,0.0,,0.0,,0.0,,0.0,,0.0,,2.5,
2009-12-07,926.5,1546.8,927.9,2009-12-07T09:01:00,925.0,2009-12-07T14:03:00,12.3,14.8,2009-12-07T11:48:00,11.0,2009-12-07T02:49:00,11.2,93,89,2009-12-07T11:48:00,4.9,150,15.2,140,2009-12-07T07:01:00,0.0,0.0,0.0,,0.0,,1.2,11.4,6.49,0.8,,,,,,,,,,,,,10.0,,13.1,2009-12-07T11:50:00,,,,10.1,2009-12-07T06:49:00,,,,,,,1.44,2009-12-07T12:00:00,,,,,,,,,,,,,,97,2009-12-07T11:29:00,,,,,,1560.1,2009-12-07T09:46:00,,,,1533.7,2009-12-07T14:03:00,,,,,,,,,,,,,,,,,,,3.8,,,,,,,9.3,,,0,,0,,0,,0,,0,,0,,0,,0,,0,,0,,0,,0,,0,,0,,1,,10,,7,,4,,1,,0,,0,,0,,0,,1,,0,,0,,0,,0,,0,,0,,0,,0,,0,,0,,0,,0,,0,,0,,,150,,,7.5,2009-12-07T02:23:00,,,0.0,,0.0,,0.0,,0.0,,0.0,,0.0,,0.0,,0.0,,0.0,,0.0,,0.0,,0.0,,0.0,,0.0,,6.6,,50.8,,35.5,,18.3,,3.6,,0.0,,0.0,,0.0,,0.0,,1.9,,0.0,,0.0,,0.0,,0.0,,0.0,,0.0,,0.0,,0.0,,0.0,,0.0,,0.0,,0.0,,0.0,,0.0,
2009-12-08,924.7,1536.4,926.5,2009-12-08T00:04:00,922.9,2009-12-08T14:26:00,15.0,19.5,2009-12-08T12:07:00,12.3,2009-12-08T05:05:00,12.9,87,77,2009-12-08T11:46:00,3.4,180,15.0,150,2009-12-08T02:14:00,0.0,0.0,0.0,,0.0,,5.1,48.3,11.29,1.5,,,,,,,,,,,,,4.5,,16.0,2009-12-08T14:45:00,,,,10.3,2009-12-08T05:10:00,,,,,,,2.35,2009-12-08T11:00:00,,,,,,,,,,,,,,92,2009-12-08T01:18:00,,,,,,1550.8,2009-12-08T00:16:00,,,,1521.7,2009-12-08T14:26:00,,,,,,,,,,,,,,,,,,,7.2,,,,,,,19.5,,,0,,0,,0,,0,,0,,0,,0,,0,,0,,0,,0,,0,,0,,0,,0,,2,,3,,2,,11,,3,,3,,0,,0,,0,,0,,0,,0,,0,,0,,0,,0,,0,,0,,0,,0,,0,,0,,0,,,150,,,5.3,2009-12-08T02:07:00,,,0.0,,0.0,,0.0,,0.0,,0.0,,0.0,,0.0,,0.0,,0.0,,0.0,,0.0,,0.0,,0.0,,0.0,,0.0,,4.9,,11.2,,7.6,,38.1,,9.3,,11.5,,0.0,,0.0,,0.0,,0.0,,0.0,,0.0,,0.0,,0.0,,0.0,,0.0,,0.0,,0.0,,0.0,,0.0,,0.0,,0.0,,0.0,
2009-12-09,923.6,1530.6,925.5,2009-12-09T08:58:00,921.8,2009-12-09T14:20:00,16.1,20.9,2009-12-09T13:14:00,13.3,2009-12-09T21:20:00,13.9,87,69,2009-12-09T09:38:00,1.1,360,7.3,190,2009-12-09T00:02:00,0.0,0.0,0.0,,0.0,,6.1,57.8,11.33,1.2,,,,,,,,,,,,,7.7,,17.6,2009-12-09T14:57:00,,,,10.6,2009-12-09T06:35:00,,,,,,,2.25,2009-12-09T11:00:00,,,,,,,,,,,,,,100,2009-12-09T15:03:00,,,,,,1548.2,2009-12-09T08:58:00,,,,1515.1,2009-12-09T15:08:00,,,,,,,,,,,,,,,,,,,7.6,,,,,,,9.5,,,3,,0,,0,,0,,0,,0,,1,,0,,0,,0,,0,,0,,0,,0,,0,,0,,1,,2,,1,,2,,2,,2,,0,,1,,0,,0,,1,,0,,1,,0,,0,,1,,0,,0,,1,,1,,2,,2,,,180,,,4.0,2009-12-09T00:06:00,,,0.3,,0.0,,0.0,,0.0,,0.0,,0.0,,0.5,,0.0,,0.0,,0.0,,0.0,,0.0,,0.0,,0.0,,0.0,,0.0,,1.9,,1.8,,2.0,,2.8,,2.0,,2.5,,0.0,,2.2,,0.0,,0.0,,1.3,,0.0,,1.3,,0.0,,0.0,,0.8,,0.0,,0.0,,0.3,,2.0,,2.9,,1.2,
2009-12-10,922.3,1517.9,923.8,2009-12-10T20:40:00,920.8,2009-12-10T13:54:00,15.5,20.4,2009-12-10T14:10:00,12.8,2009-12-10T20:24:00,13.6,89,73,2009-12-10T18:15:00,1.3,170,5.1,180,2009-12-10T05:14:00,0.0,0.0,0.0,,0.0,,3.9,37.0,9.38,0.9,,,,,,,,,,,,,4.8,,17.8,2009-12-10T10:56:00,,,,11.0,2009-12-10T23:35:00,,,,,,,2.29,2009-12-10T11:00:00,,,,,,,,,,,,,,100,2009-12-10T07:57:00,,,,,,1534.8,2009-12-10T22:05:00,,,,1506.2,2009-12-10T13:28:00,,,,,,,,,,,,,,,,,,,7.6,,,,,,,10.2,,,1,,2,,1,,0,,0,,0,,0,,0,,0,,0,,0,,0,,0,,0,,1,,0,,3,,4,,0,,3,,1,,0,,0,,0,,0,,0,,0,,0,,1,,0,,1,,0,,1,,0,,0,,2,,3,,0,,,360,,,3.9,2009-12-10T20:33:00,,,0.0,,1.6,,2.0,,0.0,,0.0,,0.0,,0.0,,0.0,,0.0,,0.0,,0.0,,0.0,,0.0,,0.0,,1.6,,0.0,,4.8,,6.1,,0.0,,4.6,,1.2,,0.0,,0.0,,0.0,,0.0,,0.0,,0.0,,0.0,,0.5,,0.0,,1.5,,0.0,,0.3,,0.0,,0.0,,2.1,,4.4,,0.0,
2009-12-11,924.2,1533.8,926.1,2009-12-11T21:07:00,922.6,2009-12-11T02:37:00,15.1,17.5,2009-12-11T11:06:00,12.3,2009-12-11T03:48:00,14.1,94,78,2009-12-11T00:01:00,2.7,150,11.3,140,2009-12-11T13:09:00,1.5,2.5,0.5,2009-12-11T22:22:00,1.0,2009-12-11T23:01:00,0.3,2.8,5.17,-0.5,,,,,,,,,,,,,8.3,,16.0,2009-12-11T11:07:00,,,,11.0,2009-12-11T01:29:00,,,,,,,0.87,2009-12-11T13:00:00,,,,,,,,,,,,,,99,2009-12-11T07:49:00,,,,,,1552.7,2009-12-11T22:16:00,,,,1519.0,2009-12-11T13:33:00,,,,,,,,,,,,,,,,,,,5.2,,,,,,,4.1,,,0,,0,,0,,0,,0,,0,,0,,0,,0,,1,,1,,1,,2,,2,,3,,4,,4,,2,,0,,2,,0,,0,,1,,0,,0,,0,,0,,0,,0,,0,,0,,0,,0,,0,,0,,0,,1,,0,,,150,,,4.9,2009-12-11T13:30:00,,,0.0,,0.0,,0.0,,0.0,,0.0,,0.0,,0.0,,0.0,,0.0,,2.3,,0.4,,3.1,,4.3,,6.3,,7.6,,14.6,,14.4,,4.4,,0.0,,3.5,,0.0,,0.0,,0.8,,0.0,,0.0,,0.0,,0.0,,0.0,,0.0,,0.0,,0.0,,0.0,,0.0,,0.0,,0.0,,0.0,,2.5,,0.0,
2009-12-12,924.7,1537.7,926.8,2009-12-12T08:49:00,922.9,2009-12-12T15:09:00,14.3,15.0,2009-12-12T08:56:00,13.5,2009-12-12T20:07:00,13.6,96,89,2009-12-12T23:57:00,2.6,80,11.4,80,2009-12-12T19:29:00,10.5,14.1,0.5,2009-12-12T07:40:00,2.5,2009-12-12T07:25:00,0.0,0.0,4.17,-0.2,,,,,,,,,,,,,9.7,,14.4,2009-12-12T02:55:00,,,,12.6,2009-12-12T20:59:00,,,,,,,0.6,2009-12-12T15:00:00,,,,,,,,,,,,,,99,2009-12-12T08:28:00,,,,,,1557.5,2009-12-12T08:55:00,,,,1520.1,2009-12-12T15:24:00,,,,,,,,,,,,,,,,,,,1.5,,,,,,,4.9,,,0,,1,,0,,0,,0,,2,,0,,2,,5,,3,,0,,1,,1,,1,,0,,2,,1,,0,,0,,1,,0,,0,,0,,0,,0,,0,,0,,0,,1,,0,,0,,0,,0,,0,,0,,0,,0,,3,,,70,,,6.6,2009-12-12T21:05:00,,,0.0,,1.8,,0.0,,0.0,,0.0,,3.8,,0.0,,9.3,,18.5,,10.1,,0.0,,2.3,,3.1,,2.8,,0.0,,5.0,,0.9,,0.0,,0.0,,0.4,,0.0,,0.0,,0.0,,0.0,,0.0,,0.0,,0.0,,0.0,,0.7,,0.0,,0.0,,0.0,,0.0,,0.0,,0.0,,0.0,,0.0,,4.3,
2009-12-13,924.5,1536.3,926.1,2009-12-13T22:52:00,923.0,2009-12-13T13:52:00,15.3,19.9,2009-12-13T11:58:00,12.5,2009-12-13T06:14:00,14.3,94,79,2009-12-13T11:46:00,2.2,350,10.0,340,2009-12-13T19:20:00,0.0,0.0,0.0,,0.0,,3.9,37.0,9.24,-0.6,,,,,,,,,,,,,6.5,,18.6,2009-12-13T10:55:00,,,,11.8,2009-12-13T06:15:00,,,,,,,2.52,2009-12-13T12:00:00,,,,,,,,,,,,,,100,2009-12-13T07:45:00,,,,,,1555.4,2009-12-13T22:52:00,,,,1523.1,2009-12-13T14:03:00,,,,,,,,,,,,,,,,,,,7.4,,,,,,,15.3,,,0,,4,,0,,1,,0,,0,,1,,0,,1,,0,,1,,0,,1,,1,,0,,0,,0,,0,,1,,0,,0,,0,,0,,0,,0,,0,,0,,0,,1,,0,,0,,0,,0,,2,,2,,6,,2,,0,,,360,,,5.9,2009-12-13T18:12:00,,,0.0,,9.7,,0.0,,2.0,,0.0,,0.0,,3.0,,0.0,,0.3,,0.0,,1.1,,0.0,,1.8,,2.1,,0.0,,0.0,,0.0,,0.0,,0.8,,0.0,,0.0,,0.0,,0.0,,0.0,,0.0,,0.0,,0.0,,0.0,,0.5,,0.0,,0.0,,0.0,,0.0,,6.3,,4.4,,16.0,,5.9,,0.0,
2009-12-14,926.0,1546.7,928.2,2009-12-14T09:27:00,924.8,2009-12-14T23:35:00,13.4,14.2,2009-12-14T00:07:00,12.8,2009-12-14T19:15:00,13.0,97,94,2009-12-14T05:38:00,2.8,150,14.6,140,2009-12-14T19:58:00,20.0,23.0,1.0,2009-12-14T07:40:00,3.0,2009-12-14T07:39:00,0.0,0.0,0.47,-0.6,,,,,,,,,,,,,10.0,,13.6,2009-12-14T00:01:00,,,,12.3,2009-12-14T19:17:00,,,,,,,0.22,2009-12-14T14:00:00,,,,,,,,,,,,,,100,2009-12-14T23:39:00,,,,,,1568.5,2009-12-14T09:28:00,,,,1535.0,2009-12-14T23:40:00,,,,,,,,,,,,,,,,,,,1.4,,,,,,,3.2,,,0,,0,,1,,0,,2,,0,,0,,0,,0,,1,,0,,1,,1,,0,,2,,4,,1,,4,,1,,1,,0,,0,,0,,0,,1,,0,,0,,0,,0,,0,,0,,0,,0,,0,,0,,1,,0,,3,,,160,,,7.0,2009-12-14T19:51:00,,,0.0,,0.0,,3.1,,0.0,,5.2,,0.0,,0.0,,0.0,,0.0,,2.5,,0.0,,4.2,,1.6,,0.0,,4.8,,18.1,,6.4,,10.6,,2.5,,1.4,,0.0,,0.0,,0.0,,0.0,,1.6,,0.0,,0.0,,0.0,,0.0,,0.0,,0.0,,0.0,,0.0,,0.0,,0.0,,2.4,,0.0,,3.8,
2009-12-15,924.1,1530.0,925.8,2009-12-15T23:40:00,921.5,2009-12-15T13:53:00,14.2,20.0,2009-12-15T12:13:00,10.2,2009-12-15T22:42:00,13.0,93,60,2009-12-15T10:55:00,3.7,350,14.7,360,2009-12-15T21:59:00,10.0,5.2,2.0,2009-12-15T23:27:00,6.5,2009-12-15T22:53:00,4.3,40.8,10.73,-0.4,,,,,,,,,,,,,7.6,,17.7,2009-12-15T12:14:00,,,,9.8,2009-12-15T22:44:00,,,,,,,2.09,2009-12-15T14:00:00,,,,,,,,,,,,,,100,2009-12-15T06:44:00,,,,,,1546.3,2009-12-15T23:52:00,,,,1510.7,2009-12-15T14:39:00,,,,,,,,,,,,,,,,,,,9.8,,,,,,,7.1,,,1,,2,,0,,0,,0,,0,,0,,1,,0,,1,,0,,0,,0,,0,,0,,0,,1,,1,,2,,0,,0,,1,,0,,0,,0,,0,,0,,0,,0,,0,,0,,0,,0,,0,,0,,8,,5,,1,,,350,,,9.3,2009-12-15T23:33:00,,,0.1,,7.5,,0.0,,0.0,,0.0,,0.0,,0.0,,7.0,,0.0,,3.5,,0.0,,0.0,,0.0,,0.0,,0.0,,0.0,,1.5,,1.4,,1.2,,0.0,,0.0,,1.0,,0.0,,0.0,,0.0,,0.0,,0.0,,0.0,,0.0,,0.0,,0.0,,0.0,,0.0,,0.0,,0.0,,35.7,,29.3,,1.4,
2009-12-16,926.5,1542.7,928.4,2009-12-16T09:05:00,925.1,2009-12-16T14:19:00,9.2,10.4,2009-12-16T00:04:00,8.3,2009-12-16T05:31:00,8.7,97,94,2009-12-16T11:27:00,4.1,350,18.5,330,2009-12-16T00:50:00,55.5,24.0,2.5,2009-12-16T22:09:00,6.5,2009-12-16T00:20:00,0.0,0.0,1.08,-0.2,,,,,,,,,,,,,10.0,,10.1,2009-12-16T00:15:00,,,,8.0,2009-12-16T05:31:00,,,,,,,0.6,2009-12-16T11:00:00,,,,,,,,,,,,,,100,2009-12-16T08:24:00,,,,,,1558.8,2009-12-16T09:05:00,,,,1527.9,2009-12-16T14:19:00,,,,,,,,,,,,,,,,,,,2.1,,,,,,,3.1,,,0,,0,,0,,0,,0,,0,,0,,0,,0,,1,,0,,0,,0,,2,,0,,0,,0,,1,,0,,2,,1,,1,,0,,0,,0,,1,,0,,0,,2,,0,,0,,0,,1,,2,,1,,7,,0,,2,,,350,,,10.9,2009-12-16T03:02:00,,,0.0,,0.0,,0.0,,0.0,,0.0,,0.0,,0.0,,0.0,,0.0,,1.7,,0.0,,0.0,,0.0,,5.3,,0.0,,0.0,,0.0,,1.1,,0.0,,4.1,,1.8,,1.6,,0.0,,0.0,,0.0,,1.1,,0.0,,0.0,,3.2,,0.0,,0.0,,0.0,,5.1,,6.2,,5.4,,57.0,,0.0,,4.0,
2009-12-17,927.0,1542.9,928.3,2009-12-17T09:33:00,925.3,2009-12-17T03:57:00,7.9,10.0,2009-12-17T06:04:00,6.1,2009-12-17T19:31:00,7.6,98,96,2009-12-17T03:04:00,4.3,350,14.9,340,2009-12-17T11:20:00,27.0,24.0,1.0,2009-12-17T00:11:00,2.5,2009-12-17T00:02:00,0.0,0.0,0.13,-0.2,,,,,,,,,,,,,10.0,,9.5,2009-12-17T06:02:00,,,,5.8,2009-12-17T19:33:00,,,,,,,0.12,2009-12-17T12:00:00,,,,,,,,,,,,,,99,2009-12-17T00:07:00,,,,,,1555.5,2009-12-17T09:33:00,,,,1530.1,2009-12-17T03:57:00,,,,,,,,,,,,,,,,,,,3.9,,,,,,,1.2,,,0,,1,,1,,1,,0,,0,,0,,0,,0,,0,,0,,0,,0,,0,,1,,0,,0,,0,,0,,1,,0,,0,,0,,0,,0,,1,,0,,0,,0,,0,,0,,1,,0,,0,,5,,9,,3,,0,,,350,,,8.0,2009-12-17T06:54:00,,,0.0,,2.9,,3.5,,0.6,,0.0,,0.0,,0.0,,0.0,,0.0,,0.0,,0.0,,0.0,,0.0,,0.0,,1.8,,0.0,,0.0,,0.0,,0.0,,1.9,,0.0,,0.0,,0.0,,0.0,,0.0,,2.1,,0.0,,0.0,,0.0,,0.0,,0.0,,0.9,,0.0,,0.0,,26.3,,48.0,,14.9,,0.0,
2009-12-18,929.5,1558.0,931.3,2009-12-18T22:55:00,927.7,2009-12-18T02:19:00,5.7,6.6,2009-12-18T00:02:00,4.3,2009-12-18T23:22:00,5.2,96,93,2009-12-18T18:14:00,3.1,330,17.7,340,2009-12-18T22:36:00,13.5,24.0,1.0,2009-12-18T00:07:00,1.5,2009-12-18T00:01:00,0.0,0.0,0.0,-0.1,,,,,,,,,,,,,10.0,,6.4,2009-12-18T00:14:00,,,,3.4,2009-12-18T22:46:00,,,,,,,0.0,2009-12-18T23:59:00,,,,,,,,,,,,,,99,2009-12-18T00:14:00,,,,,,1571.8,2009-12-18T23:41:00,,,,1543.8,2009-12-18T02:19:00,,,,,,,,,,,,,,,,,,,2.3,,,,,,,1.5,,,0,,0,,0,,0,,0,,0,,0,,0,,0,,0,,0,,0,,0,,0,,0,,0,,0,,0,,1,,0,,0,,0,,0,,0,,0,,0,,0,,0,,0,,2,,1,,1,,4,,8,,4,,0,,0,,3,,,330,,,8.3,2009-12-18T22:42:00,,,0.0,,0.0,,0.0,,0.0,,0.0,,0.0,,0.0,,0.0,,0.0,,0.0,,0.0,,0.0,,0.0,,0.0,,0.0,,0.0,,0.0,,0.0,,1.4,,0.0,,0.0,,0.0,,0.0,,0.0,,0.0,,0.0,,0.0,,0.0,,0.0,,3.9,,1.8,,2.2,,12.7,,33.5,,14.6,,0.0,,0.0,,5.1,
2009-12-19,931.3,1569.8,932.8,2009-12-19T09:11:00,929.8,2009-12-19T13:41:00,4.0,4.9,2009-12-19T23:59:00,3.3,2009-12-19T05:05:00,3.2,94,90,2009-12-19T22:47:00,3.3,330,15.6,350,2009-12-19T02:48:00,7.5,24.0,0.5,2009-12-19T18:02:00,1.0,2009-12-19T02:01:00,0.0,0.0,0.15,-0.2,,,,,,,,,,,,,10.0,,3.8,2009-12-19T00:27:00,,,,2.3,2009-12-19T06:59:00,,,,,,,0.11,2009-12-19T13:00:00,,,,,,,,,,,,,,97,2009-12-19T02:11:00,,,,,,1582.6,2009-12-19T09:11:00,,,,1556.3,2009-12-19T13:50:00,,,,,,,,,,,,,,,,,,,1.6,,,,,,,3.3,,,0,,1,,3,,0,,0,,1,,0,,0,,0,,0,,0,,0,,0,,0,,0,,0,,0,,0,,0,,0,,0,,0,,0,,0,,0,,0,,0,,0,,0,,0,,1,,0,,0,,5,,3,,2,,3,,5,,,340,,,7.5,2009-12-19T05:29:00,,,0.0,,2.9,,7.3,,0.0,,0.0,,1.6,,0.0,,0.0,,0.0,,0.0,,0.0,,0.0,,0.0,,0.0,,0.0,,0.0,,0.0,,0.0,,0.0,,0.0,,0.0,,0.0,,0.0,,0.0,,0.0,,0.0,,0.0,,0.0,,0.0,,0.0,,2.4,,0.0,,0.0,,24.1,,16.3,,8.5,,7.9,,7.9,
2009-12-20,930.3,1561.1,931.8,2009-12-20T22:04:00,928.6,2009-12-20T14:26:00,4.3,5.1,2009-12-20T04:17:00,3.1,2009-12-20T19:50:00,2.7,90,80,2009-12-20T23:37:00,2.6,330,12.0,320,2009-12-20T14:58:00,1.5,5.1,0.2,2009-12-20T00:10:00,0.5,2009-12-20T00:01:00,0.0,0.0,1.07,0.5,,,,,,,,,,,,,9.2,,4.4,2009-12-20T03:46:00,,,,0.9,2009-12-20T23:40:00,,,,,,,0.6,2009-12-20T16:00:00,,,,,,,,,,,,,,97,2009-12-20T03:15:00,,,,,,1573.2,2009-12-20T22:10:00,,,,1546.6,2009-12-20T14:26:00,,,,,,,,,,,,,,,,,,,2.0,,,,,,,9.7,,,0,,0,,0,,0,,0,,0,,1,,0,,0,,0,,0,,0,,0,,0,,0,,0,,0,,0,,0,,0,,0,,0,,1,,0,,0,,0,,0,,0,,1,,1,,0,,3,,1,,6,,2,,3,,2,,3,,,340,,,6.2,2009-12-20T14:30:00,,,0.0,,0.0,,0.0,,0.0,,0.0,,0.0,,1.7,,0.0,,0.0,,0.0,,0.0,,0.0,,0.0,,0.0,,0.0,,0.0,,0.0,,0.0,,0.0,,0.0,,0.0,,0.0,,1.5,,0.0,,0.0,,0.0,,0.0,,0.0,,1.3,,1.3,,0.0,,5.7,,3.9,,21.2,,5.7,,8.1,,5.0,,6.5,
2009-12-21,929.9,1558.0,932.0,2009-12-21T09:04:00,928.3,2009-12-21T15:36:00,4.7,6.0,2009-12-21T23:55:00,3.3,2009-12-21T00:23:00,2.6,86,80,2009-12-21T00:02:00,2.4,70,15.5,140,2009-12-21T22:02:00,0.0,0.0,0.0,,0.0,,0.3,2.9,5.49,0.6,,,,,,,,,,,,,9.2,,4.3,2009-12-21T23:57:00,,,,0.8,2009-12-21T00:22:00,,,,,,,1.15,2009-12-21T13:00:00,,,,,,,,,,,,,,91,2009-12-21T17:49:00,,,,,,1575.1,2009-12-21T09:04:00,,,,1543.3,2009-12-21T15:37:00,,,,,,,,,,,,,,,,,,,2.7,,,,,,,10.0,,,0,,0,,0,,0,,1,,2,,0,,2,,2,,1,,1,,1,,0,,1,,1,,2,,0,,0,,0,,0,,0,,1,,0,,0,,1,,0,,0,,2,,0,,1,,1,,0,,2,,0,,0,,0,,0,,2,,,70,,,5.8,2009-12-21T23:59:59,,,0.0,,0.0,,0.0,,0.0,,2.3,,3.5,,0.0,,8.0,,4.1,,5.1,,2.4,,2.9,,0.0,,2.5,,3.1,,5.5,,0.0,,0.0,,0.0,,0.0,,0.0,,1.4,,0.0,,0.0,,1.1,,0.0,,0.0,,2.7,,0.0,,1.7,,1.5,,0.0,,4.8,,0.0,,0.0,,0.0,,0.0,,3.8,
2009-12-22,927.0,1542.8,928.5,2009-12-22T08:57:00,925.5,2009-12-22T14:48:00,10.1,15.9,2009-12-22T14:32:00,5.9,2009-12-22T00:01:00,7.9,87,74,2009-12-22T13:58:00,2.0,200,11.4,50,2009-12-22T00:02:00,0.0,0.0,0.0,,0.0,,5.4,51.3,11.06,0.6,,,,,,,,,,,,,3.7,,11.8,2009-12-22T13:52:00,,,,4.1,2009-12-22T00:02:00,,,,,,,2.08,2009-12-22T11:00:00,,,,,,,,,,,,,,92,2009-12-22T17:30:00,,,,,,1557.5,2009-12-22T12:03:00,,,,1533.3,2009-12-22T16:18:00,,,,,,,,,,,,,,,,,,,10.0,,,,,,,11.2,,,0,,1,,0,,0,,0,,0,,0,,0,,0,,0,,1,,0,,0,,0,,0,,0,,2,,1,,4,,6,,8,,1,,0,,0,,0,,0,,0,,0,,0,,0,,0,,0,,0,,0,,0,,0,,0,,0,,,80,,,6.4,2009-12-22T00:22:00,,,0.0,,0.4,,0.0,,0.0,,0.0,,0.0,,0.0,,0.0,,0.0,,0.0,,3.5,,0.0,,0.0,,0.0,,0.0,,0.0,,4.4,,2.5,,7.3,,11.5,,15.8,,2.0,,0.0,,0.0,,0.0,,0.0,,0.0,,0.0,,0.0,,0.0,,0.0,,0.0,,0.0,,0.0,,0.0,,0.0,,0.0,,0.0,
2009-12-23,925.7,1539.8,928.0,2009-12-23T08:58:00,923.9,2009-12-23T15:20:00,12.6,18.5,2009-12-23T13:45:00,8.7,2009-12-23T01:54:00,9.4,82,66,2009-12-23T23:09:00,1.0,200,5.8,190,2009-12-23T10:34:00,0.0,0.0,0.0,,0.0,,3.4,32.3,10.24,1.2,,,,,,,,,,,,,5.3,,13.9,2009-12-23T13:43:00,,,,6.7,2009-12-23T04:50:00,,,,,,,1.78,2009-12-23T14:00:00,,,,,,,,,,,,,,92,2009-12-23T01:12:00,,,,,,1560.0,2009-12-23T09:25:00,,,,1522.9,2009-12-23T15:49:00,,,,,,,,,,,,,,,,,,,9.8,,,,,,,13.0,,,2,,0,,1,,0,,0,,0,,0,,0,,0,,0,,0,,0,,0,,0,,0,,0,,1,,4,,6,,2,,7,,1,,0,,0,,0,,0,,0,,0,,0,,0,,0,,0,,0,,0,,0,,0,,0,,0,,,180,,,2.8,2009-12-23T10:34:00,,,0.1,,0.0,,0.3,,0.0,,0.0,,0.0,,0.0,,0.0,,0.0,,0.0,,0.0,,0.0,,0.0,,0.0,,0.0,,0.0,,1.8,,3.2,,5.4,,2.7,,9.0,,1.8,,0.0,,0.0,,0.0,,0.0,,0.0,,0.0,,0.0,,0.0,,0.0,,0.0,,0.0,,0.0,,0.0,,0.0,,0.0,,0.0,
2009-12-24,923.1,1522.6,925.3,2009-12-24T07:58:00,921.2,2009-12-24T14:29:00,15.2,19.2,2009-12-24T11:47:00,11.3,2009-12-24T02:47:00,8.9,67,51,2009-12-24T06:58:00,0.9,360,4.8,350,2009-12-24T23:53:00,0.0,0.0,0.0,,0.0,,4.4,41.8,10.54,-1.1,,,,,,,,,,,,,4.3,,16.6,2009-12-24T14:43:00,,,,4.3,2009-12-24T03:30:00,,,,,,,2.3,2009-12-24T11:00:00,,,,,,,,,,,,,,93,2009-12-24T14:36:00,,,,,,1543.9,2009-12-24T08:58:00,,,,1505.4,2009-12-24T14:59:00,,,,,,,,,,,,,,,,,,,7.9,,,,,,,22.2,,,8,,1,,0,,0,,0,,1,,0,,0,,0,,0,,0,,0,,1,,0,,0,,3,,0,,0,,2,,3,,0,,0,,0,,0,,0,,0,,0,,0,,0,,0,,0,,0,,0,,0,,0,,2,,3,,0,,,350,,,4.0,2009-12-24T23:59:59,,,0.3,,1.5,,0.0,,0.0,,0.0,,0.8,,0.0,,0.0,,0.0,,0.0,,0.0,,0.0,,0.7,,0.0,,0.0,,1.7,,0.0,,0.0,,3.0,,3.0,,0.0,,0.0,,0.0,,0.0,,0.0,,0.0,,0.0,,0.0,,0.0,,0.0,,0.0,,0.0,,0.0,,0.0,,0.0,,6.1,,3.8,,0.0,
2009-12-25,921.6,1505.1,923.7,2009-12-25T23:28:00,920.1,2009-12-25T13:45:00,11.7,14.4,2009-12-25T10:08:00,9.1,2009-12-25T23:54:00,10.5,93,66,2009-12-25T03:41:00,3.3,350,19.0,340,2009-12-25T18:41:00,6.0,9.4,1.0,2009-12-25T13:02:00,1.5,2009-12-25T12:30:00,0.0,0.0,2.25,-0.3,,,,,,,,,,,,,8.5,,13.6,2009-12-25T10:34:00,,,,7.3,2009-12-25T03:42:00,,,,,,,0.58,2009-12-25T10:00:00,,,,,,,,,,,,,,100,2009-12-25T10:46:00,,,,,,1520.1,2009-12-25T22:08:00,,,,1490.6,2009-12-25T14:33:00,,,,,,,,,,,,,,,,,,,5.3,,,,,,,4.6,,,1,,0,,0,,0,,0,,0,,1,,0,,0,,0,,0,,0,,0,,0,,0,,0,,0,,0,,0,,0,,0,,0,,0,,0,,0,,0,,0,,0,,1,,0,,0,,1,,1,,3,,3,,6,,6,,1,,,340,,,8.8,2009-12-25T17:13:00,,,0.0,,0.0,,0.0,,0.0,,0.0,,0.0,,0.3,,0.0,,0.0,,0.0,,0.0,,0.0,,0.0,,0.0,,0.0,,0.0,,0.0,,0.0,,0.0,,0.0,,0.0,,0.0,,0.0,,0.0,,0.0,,0.0,,0.0,,0.0,,0.8,,0.0,,0.0,,2.3,,5.3,,13.4,,14.0,,23.8,,17.3,,2.0,
2009-12-26,923.1,1507.3,924.8,2009-12-26T09:39:00,921.4,2009-12-26T14:59:00,7.4,9.2,2009-12-26T00:04:00,6.4,2009-12-26T12:46:00,7.3,100,98,2009-12-26T00:04:00,2.4,160,13.4,340,2009-12-26T01:41:00,4.5,24.0,0.5,2009-12-26T00:10:00,1.0,2009-12-26T00:06:00,0.0,0.0,0.11,-0.2,,,,,,,,,,,,,10.0,,9.1,2009-12-26T00:11:00,,,,6.4,2009-12-26T12:46:00,,,,,,,0.07,2009-12-26T15:00:00,,,,,,,,,,,,,,100,2009-12-26T00:11:00,,,,,,1523.4,2009-12-26T09:55:00,,,,1489.4,2009-12-26T14:59:00,,,,,,,,,,,,,,,,,,,2.8,,,,,,,0.9,,,0,,1,,1,,0,,1,,0,,0,,0,,0,,0,,1,,0,,3,,1,,1,,0,,3,,1,,0,,1,,0,,0,,0,,0,,1,,0,,0,,0,,0,,1,,0,,0,,1,,1,,1,,0,,0,,5,,,150,,,5.8,2009-12-26T15:14:00,,,0.0,,1.5,,2.6,,0.0,,2.2,,0.0,,0.0,,0.0,,0.0,,0.0,,2.0,,0.0,,6.3,,3.1,,2.2,,0.0,,11.7,,3.0,,0.0,,1.4,,0.0,,0.0,,0.0,,0.0,,1.4,,0.0,,0.0,,0.0,,0.0,,2.5,,0.0,,0.0,,2.3,,3.5,,2.3,,0.0,,0.0,,9.4,
2009-12-27,921.6,1495.7,924.1,2009-12-27T21:47:00,919.2,2009-12-27T14:10:00,9.3,12.0,2009-12-27T14:22:00,6.3,2009-12-27T22:04:00,9.2,99,96,2009-12-27T13:56:00,4.1,350,17.8,350,2009-12-27T16:48:00,22.0,17.6,2.0,2009-12-27T17:57:00,5.0,2009-12-27T17:54:00,0.0,0.0,1.07,-0.3,,,,,,,,,,,,,10.0,,11.8,2009-12-27T15:08:00,,,,6.3,2009-12-27T22:04:00,,,,,,,0.48,2009-12-27T11:00:00,,,,,,,,,,,,,,100,2009-12-27T00:13:00,,,,,,1516.4,2009-12-27T21:47:00,,,,1476.8,2009-12-27T14:10:00,,,,,,,,,,,,,,,,,,,5.7,,,,,,,3.6,,,1,,0,,0,,0,,0,,0,,0,,0,,0,,1,,2,,0,,0,,0,,2,,2,,2,,1,,1,,2,,0,,1,,0,,0,,0,,0,,0,,0,,0,,0,,0,,0,,0,,1,,1,,6,,1,,0,,,350,,,11.8,2009-12-27T18:09:00,,,0.0,,0.0,,0.0,,0.0,,0.0,,0.0,,0.0,,0.0,,0.0,,2.4,,6.7,,0.0,,0.0,,0.0,,5.9,,6.9,,2.2,,2.5,,3.5,,4.6,,0.0,,0.6,,0.0,,0.0,,0.0,,0.0,,0.0,,0.0,,0.0,,0.0,,0.0,,0.0,,0.0,,4.9,,5.7,,43.7,,8.2,,0.0,
2009-12-28,922.8,1500.3,924.6,2009-12-28T09:34:00,921.5,2009-12-28T14:25:00,5.8,7.3,2009-12-28T23:42:00,4.5,2009-12-28T06:10:00,5.8,100,98,2009-12-28T01:27:00,3.2,60,15.1,330,2009-12-28T06:33:00,12.5,21.5,1.5,2009-12-28T03:35:00,3.5,2009-12-28T00:20:00,0.0,0.0,0.16,-0.2,,,,,,,,,,,,,10.0,,7.3,2009-12-28T23:42:00,,,,4.5,2009-12-28T06:10:00,,,,,,,0.11,2009-12-28T12:00:00,,,,,,,,,,,,,,100,2009-12-28T00:01:00,,,,,,1514.8,2009-12-28T09:34:00,,,,1487.1,2009-12-28T14:26:00,,,,,,,,,,,,,,,,,,,2.8,,,,,,,0.3,,,0,,0,,0,,0,,0,,2,,4,,1,,2,,3,,1,,1,,1,,0,,0,,0,,0,,0,,0,,0,,0,,0,,0,,0,,0,,0,,0,,0,,0,,1,,0,,0,,1,,1,,2,,3,,0,,1,,,340,,,7.2,2009-12-28T04:54:00,,,0.0,,0.0,,0.0,,0.0,,0.0,,4.5,,9.0,,2.7,,7.2,,8.6,,2.4,,2.8,,1.6,,0.0,,0.0,,0.0,,0.0,,0.0,,0.0,,0.0,,0.0,,0.0,,0.0,,0.0,,0.0,,0.0,,0.0,,0.0,,0.0,,1.6,,0.0,,0.0,,4.8,,3.5,,10.1,,16.7,,0.0,,0.3,
2009-12-29,921.4,1493.8,923.5,2009-12-29T09:16:00,919.3,2009-12-29T13:15:00,10.5,16.9,2009-12-29T13:24:00,7.3,2009-12-29T00:01:00,9.8,95,77,2009-12-29T20:46:00,2.3,190,13.0,350,2009-12-29T13:26:00,2.0,4.6,0.5,2009-12-29T14:53:00,1.0,2009-12-29T14:08:00,2.7,25.6,8.58,-0.1,,,,,,,,,,,,,7.5,,13.9,2009-12-29T13:20:00,,,,7.3,2009-12-29T00:01:00,,,,,,,2.34,2009-12-29T12:00:00,,,,,,,,,,,,,,100,2009-12-29T00:01:00,,,,,,1511.8,2009-12-29T09:20:00,,,,1480.7,2009-12-29T15:56:00,,,,,,,,,,,,,,,,,,,9.6,,,,,,,8.7,,,0,,2,,0,,0,,0,,0,,0,,0,,0,,1,,0,,0,,0,,0,,0,,0,,2,,4,,3,,5,,2,,1,,0,,0,,0,,0,,0,,0,,0,,0,,0,,0,,0,,0,,3,,0,,1,,0,,,360,,,6.2,2009-12-29T13:34:00,,,0.0,,5.0,,0.0,,0.0,,0.0,,0.0,,0.0,,0.0,,0.0,,3.2,,0.0,,0.0,,0.0,,0.0,,0.0,,0.0,,5.3,,10.2,,5.7,,11.8,,3.1,,1.1,,0.0,,0.0,,0.0,,0.0,,0.0,,0.0,,0.0,,0.0,,0.0,,0.0,,0.0,,0.0,,6.9,,0.0,,4.0,,0.0,
2009-12-30,922.2,1504.3,924.5,2009-12-30T23:03:00,920.6,2009-12-30T02:48:00,9.7,12.2,2009-12-30T00:41:00,7.1,2009-12-30T23:57:00,9.3,97,88,2009-12-30T00:41:00,2.9,350,10.8,340,2009-12-30T10:09:00,11.0,15.5,0.5,2009-12-30T06:02:00,2.0,2009-12-30T08:14:00,0.0,0.0,2.04,-0.2,,,,,,,,,,,,,,,11.1,2009-12-30T06:31:00,,,,6.7,2009-12-30T23:59:00,,,,,,,0.88,2009-12-30T13:00:00,,,,,,,,,,,,,,100,2009-12-30T07:52:00,,,,,,1520.3,2009-12-30T23:03:00,,,,1490.0,2009-12-30T14:26:00,,,,,,,,,,,,,,,,,,,5.1,,,,,,,0.1,,,0,,2,,2,,3,,2,,1,,0,,0,,0,,0,,0,,0,,0,,0,,0,,0,,0,,0,,0,,1,,0,,0,,1,,0,,0,,0,,0,,0,,0,,0,,0,,0,,0,,0,,1,,7,,3,,1,,,350,,,6.9,2009-12-30T10:13:00,,,0.0,,3.7,,5.3,,7.0,,4.2,,2.2,,0.0,,0.0,,0.0,,0.0,,0.0,,0.0,,0.0,,0.0,,0.0,,0.0,,0.0,,0.0,,0.0,,1.8,,0.0,,0.0,,2.5,,0.0,,0.0,,0.0,,0.0,,0.0,,0.0,,0.0,,0.0,,0.0,,0.0,,0.0,,4.7,,24.9,,11.5,,2.4,
2009-12-31,925.2,1522.5,926.9,2009-12-31T10:00:00,923.8,2009-12-31T02:21:00,6.2,7.3,2009-12-31T08:58:00,5.1,2009-12-31T20:59:00,5.2,93,82,2009-12-31T08:48:00,2.3,180,16.5,350,2009-12-31T04:58:00,0.5,3.5,0.2,2009-12-31T04:02:00,0.5,2009-12-31T04:01:00,0.0,0.0,2.8,-0.2,,,,,,,,,,,,,10.0,,6.8,2009-12-31T00:02:00,,,,3.7,2009-12-31T07:19:00,,,,,,,0.66,2009-12-31T13:00:00,,,,,,,,,,,,,,99,2009-12-31T00:09:00,,,,,,1537.9,2009-12-31T10:00:00,,,,1509.8,2009-12-31T13:25:00,,,,,,,,,,,,,,,,,,,2.2,,,,,,,4.5,,,0,,0,,0,,0,,0,,1,,0,,0,,0,,0,,0,,0,,0,,0,,1,,0,,2,,0,,3,,0,,2,,0,,0,,1,,1,,1,,0,,0,,0,,0,,0,,0,,1,,1,,0,,0,,2,,8,,,340,,,6.8,2009-12-31T04:54:00,,,0.0,,0.0,,0.0,,0.0,,0.0,,2.3,,0.0,,0.0,,0.0,,0.0,,0.0,,0.0,,0.0,,0.0,,1.6,,0.0,,4.7,,0.0,,5.9,,0.0,,3.2,,0.0,,0.0,,1.9,,2.3,,1.5,,0.0,,0.0,,0.0,,0.0,,0.0,,0.0,,3.0,,5.9,,0.0,,0.0,,6.0,,15.7,
