,StnPres,SeaPres,StnPresMax,StnPresMaxTime,StnPresMin,StnPresMinTime,Tx,TxMaxAbs,TxMaxAbsTime,TxMinAbs,TxMinAbsTime,Td,RH,RHMin,RHMinTime,WS,WD,WSGust,WDGust,WGustTime,Precp,PrecpHour,PrecpMax10,PrecpMax10Time,PrecpMax60,PrecpMax60Time,SunShine,SunShineRate,GloblRad,EvapA,TxSoil0cm,TxSoil5cm,TxSoil10cm,TxSoil20cm,TxSoil50cm,TxSoil100cm,AirTemperature.DailyRangef,AirTemperature.MaximumTimef,AirTemperature.Maximumf,AirTemperature.Meanf,AirTemperature.MinimumTimef,AirTemperature.Minimumf,CloudAmount,CloudAmountSat,DewPointTemperature.Maximum,DewPointTemperature.MaximumTime,DewPointTemperature.MaximumTimef,DewPointTemperature.Maximumf,DewPointTemperature.Meanf,DewPointTemperature.Minimum,DewPointTemperature.MinimumTime,DewPointTemperature.MinimumTimef,DewPointTemperature.Minimumf,EvaporationClassAPan.Accumulationf,GlobalSolarRadiation.Accumulationf,GlobalSolarRadiation.HourlyMaximumTimef,GlobalSolarRadiation.HourlyMaximumf,GloblRadMax,GloblRadMaxTime,PeakGust.Directionf,PeakGust.MaximumTimef,PeakGust.Maximumf,Precipitation.Accumulationf,Precipitation.HourlyMaximum,Precipitation.HourlyMaximumTime,Precipitation.HourlyMaximumTimef,Precipitation.HourlyMaximumf,Precipitation.SixtyMinutelyMaximumTimef,Precipitation.SixtyMinutelyMaximumf,Precipitation.TenMinutelyMaximumTimef,Precipitation.TenMinutelyMaximumf,PrecipitationDuration.Totalf,RelativeHumidity.Maximum,RelativeHumidity.MaximumTime,RelativeHumidity.MaximumTimef,RelativeHumidity.Maximumf,RelativeHumidity.Meanf,RelativeHumidity.MinimumTimef,RelativeHumidity.Minimumf,SeaLevelPressure.Maximum,SeaLevelPressure.MaximumTime,SeaLevelPressure.MaximumTimef,SeaLevelPressure.Maximumf,SeaLevelPressure.Meanf,SeaLevelPressure.Minimum,SeaLevelPressure.MinimumTime,SeaLevelPressure.MinimumTimef,SeaLevelPressure.Minimumf,SoilTemperatureAt0cm.Meanf,SoilTemperatureAt100cm.Meanf,SoilTemperatureAt10cm.Meanf,SoilTemperatureAt20cm.Meanf,SoilTemperatureAt30cm.Meanf,SoilTemperatureAt50cm.Meanf,SoilTemperatureAt5cm.Meanf,StationPressure.MaximumTimef,StationPressure.Maximumf,StationPressure.Meanf,StationPressure.MinimumTimef,StationPressure.Minimumf,SunshineDuration.Ratef,SunshineDuration.Totalf,TotalCloudAmount.Meanf,TotalCloudAmount.SatRetrievedMeanf,TxRange,TxSoil30cm,UVIMax,UVIMaxTime,UVIndex.MaximumTimef,UVIndex.Maximumf,VisbAutoMean,VisbMean,Visibility.AutoMeanf,Visibility.Meanf,WindDirection.CountForCode00,WindDirection.CountForCode00f,WindDirection.CountForCode01,WindDirection.CountForCode01f,WindDirection.CountForCode02,WindDirection.CountForCode02f,WindDirection.CountForCode03,WindDirection.CountForCode03f,WindDirection.CountForCode04,WindDirection.CountForCode04f,WindDirection.CountForCode05,WindDirection.CountForCode05f,WindDirection.CountForCode06,WindDirection.CountForCode06f,WindDirection.CountForCode07,WindDirection.CountForCode07f,WindDirection.CountForCode08,WindDirection.CountForCode08f,WindDirection.CountForCode09,WindDirection.CountForCode09f,WindDirection.CountForCode10,WindDirection.CountForCode10f,WindDirection.CountForCode11,WindDirection.CountForCode11f,WindDirection.CountForCode12,WindDirection.CountForCode12f,WindDirection.CountForCode13,WindDirection.CountForCode13f,WindDirection.CountForCode14,WindDirection.CountForCode14f,WindDirection.CountForCode15,WindDirection.CountForCode15f,WindDirection.CountForCode16,WindDirection.CountForCode16f,WindDirection.CountForCode17,WindDirection.CountForCode17f,WindDirection.CountForCode18,WindDirection.CountForCode18f,WindDirection.CountForCode19,WindDirection.CountForCode19f,WindDirection.CountForCode20,WindDirection.CountForCode20f,WindDirection.CountForCode21,WindDirection.CountForCode21f,WindDirection.CountForCode22,WindDirection.CountForCode22f,WindDirection.CountForCode23,WindDirection.CountForCode23f,WindDirection.CountForCode24,WindDirection.CountForCode24f,WindDirection.CountForCode25,WindDirection.CountForCode25f,WindDirection.CountForCode26,WindDirection.CountForCode26f,WindDirection.CountForCode27,WindDirection.CountForCode27f,WindDirection.CountForCode28,WindDirection.CountForCode28f,WindDirection.CountForCode29,WindDirection.CountForCode29f,WindDirection.CountForCode30,WindDirection.CountForCode30f,WindDirection.CountForCode31,WindDirection.CountForCode31f,WindDirection.CountForCode32,WindDirection.CountForCode32f,WindDirection.CountForCode33,WindDirection.CountForCode33f,WindDirection.CountForCode34,WindDirection.CountForCode34f,WindDirection.CountForCode35,WindDirection.CountForCode35f,WindDirection.CountForCode36,WindDirection.CountForCode36f,WindDirection.CountForCode99,WindDirection.CountForCode99f,WindDirection.Prevailingf,WindDirection.TenMinutelyMaximum,WindDirection.TenMinutelyMaximumf,WindSpeed.Meanf,WindSpeed.TenMinutelyMaximum,WindSpeed.TenMinutelyMaximumTime,WindSpeed.TenMinutelyMaximumTimef,WindSpeed.TenMinutelyMaximumf,WindSpeed.TotalForCode00,WindSpeed.TotalForCode00f,WindSpeed.TotalForCode01,WindSpeed.TotalForCode01f,WindSpeed.TotalForCode02,WindSpeed.TotalForCode02f,WindSpeed.TotalForCode03,WindSpeed.TotalForCode03f,WindSpeed.TotalForCode04,WindSpeed.TotalForCode04f,WindSpeed.TotalForCode05,WindSpeed.TotalForCode05f,WindSpeed.TotalForCode06,WindSpeed.TotalForCode06f,WindSpeed.TotalForCode07,WindSpeed.TotalForCode07f,WindSpeed.TotalForCode08,WindSpeed.TotalForCode08f,WindSpeed.TotalForCode09,WindSpeed.TotalForCode09f,WindSpeed.TotalForCode10,WindSpeed.TotalForCode10f,WindSpeed.TotalForCode11,WindSpeed.TotalForCode11f,WindSpeed.TotalForCode12,WindSpeed.TotalForCode12f,WindSpeed.TotalForCode13,WindSpeed.TotalForCode13f,WindSpeed.TotalForCode14,WindSpeed.TotalForCode14f,WindSpeed.TotalForCode15,WindSpeed.TotalForCode15f,WindSpeed.TotalForCode16,WindSpeed.TotalForCode16f,WindSpeed.TotalForCode17,WindSpeed.TotalForCode17f,WindSpeed.TotalForCode18,WindSpeed.TotalForCode18f,WindSpeed.TotalForCode19,WindSpeed.TotalForCode19f,WindSpeed.TotalForCode20,WindSpeed.TotalForCode20f,WindSpeed.TotalForCode21,WindSpeed.TotalForCode21f,WindSpeed.TotalForCode22,WindSpeed.TotalForCode22f,WindSpeed.TotalForCode23,WindSpeed.TotalForCode23f,WindSpeed.TotalForCode24,WindSpeed.TotalForCode24f,WindSpeed.TotalForCode25,WindSpeed.TotalForCode25f,WindSpeed.TotalForCode26,WindSpeed.TotalForCode26f,WindSpeed.TotalForCode27,WindSpeed.TotalForCode27f,WindSpeed.TotalForCode28,WindSpeed.TotalForCode28f,WindSpeed.TotalForCode29,WindSpeed.TotalForCode29f,WindSpeed.TotalForCode30,WindSpeed.TotalForCode30f,WindSpeed.TotalForCode31,WindSpeed.TotalForCode31f,WindSpeed.TotalForCode32,WindSpeed.TotalForCode32f,WindSpeed.TotalForCode33,WindSpeed.TotalForCode33f,WindSpeed.TotalForCode34,WindSpeed.TotalForCode34f,WindSpeed.TotalForCode35,WindSpeed.TotalForCode35f,WindSpeed.TotalForCode36,WindSpeed.TotalForCode36f,WindSpeed.TotalForCode99,WindSpeed.TotalForCode99f
1992-01-01,1016.9,1020.3,1018.6,,1015.1,,17.6,19.7,,16.6,,15.7,88,83,,5.2,45.0,13.8,45.0,,2.5,2.3,2.0,,2.0,,0.0,0.0,4.78,-1.7,,,,,,,,,,,,,9.1,,,,,,,,,,,,,,,0.98,1992-01-01T13:00:00,,,,,,,,,,,,,,,,,,,,,,,,,,,,,,,,,,,,,,,,,,,,,,3.1,,,,,,,9.9,,,,,,,1.0,,,,8.0,,,,,,1.0,,,,,,,,,,,,,,,,,,,,,,,,,,,,,,,,,,,,,,,,,,,,,,,,,,,,,,,,,,,,,,,22.5,,,9.3,,,,,,,,7.5,,,,39.1,,,,,,4.7,,,,,,,,,,,,,,,,,,,,,,,,,,,,,,,,,,,,,,,,,,,,,,,,,,,,,,,,,,,,,
1992-01-02,1018.6,1022.0,1020.7,,1017.1,,17.6,20.5,,16.1,,15.3,86,77,,6.8,45.0,15.8,45.0,,0.5,0.8,0.3,,0.5,,3.4,32.0,9.67,2.1,,,,,,,,,,,,,8.5,,,,,,,,,,,,,,,1.88,1992-01-02T13:00:00,,,,,,,,,,,,,,,,,,,,,,,,,,,,,,,,,,,,,,,,,,,,,,4.4,,,,,,,11.4,,,,,,,5.0,,,,5.0,,,,,,,,,,,,,,,,,,,,,,,,,,,,,,,,,,,,,,,,,,,,,,,,,,,,,,,,,,,,,,,,,,,,,22.5,,,11.2,,,,,,,,41.2,,,,27.9,,,,,,,,,,,,,,,,,,,,,,,,,,,,,,,,,,,,,,,,,,,,,,,,,,,,,,,,,,,,,,,,,,,
1992-01-03,1019.9,1023.3,1022.2,,1018.5,,18.5,22.4,,17.0,,16.4,87,78,,6.3,22.5,15.2,45.0,,0.0,0.0,0.0,,0.0,,0.6,5.6,6.12,1.5,,,,,,,,,,,,,9.8,,,,,,,,,,,,,,,1.24,1992-01-03T14:00:00,,,,,,,,,,,,,,,,,,,,,,,,,,,,,,,,,,,,,,,,,,,,,,5.4,,,,,,,8.4,,,,,,,6.0,,,,3.0,,,,,,,,,,,,,,,,,,,,,,,,,,,,,,,,,,,,,,,,,,,,,,,,,,,,,,,,,,,,,,,,1.0,,,,,360.0,,,10.4,,,,,,,,40.2,,,,17.0,,,,,,,,,,,,,,,,,,,,,,,,,,,,,,,,,,,,,,,,,,,,,,,,,,,,,,,,,,,,,,,,6.2,,,
1992-01-04,1016.6,1019.9,1019.9,,1013.3,,18.5,21.1,,16.4,,15.9,85,78,,8.1,22.5,21.7,22.5,,0.0,0.0,0.0,,0.0,,2.7,25.4,9.68,2.6,,,,,,,,,,,,,7.0,,,,,,,,,,,,,,,1.71,1992-01-04T13:00:00,,,,,,,,,,,,,,,,,,,,,,,,,,,,,,,,,,,,,,,,,,,,,,4.7,,,,,,,14.0,,,,,,,7.0,,,,2.0,,,,,,,,,,,,,,,,,,,,,,,,,,,,,,,,,,,,1.0,,,,,,,,,,,,,,,,,,,,,,,,,,,,,,,,,22.5,,,14.5,,,,,,,,54.1,,,,19.9,,,,,,,,,,,,,,,,,,,,,,,,,,,,,,,,,,,,1.5,,,,,,,,,,,,,,,,,,,,,,,,,,,,,,,
1992-01-05,1012.7,1016.2,1014.4,,1010.8,,17.7,19.9,,15.3,,15.5,87,77,,4.2,22.5,14.3,22.5,,2.5,4.6,0.6,,1.2,,0.0,0.0,2.15,-1.0,,,,,,,,,,,,,8.4,,,,,,,,,,,,,,,0.51,1992-01-05T11:00:00,,,,,,,,,,,,,,,,,,,,,,,,,,,,,,,,,,,,,,,,,,,,,,4.6,,,,,,,7.1,,,,,,,2.0,,,,1.0,,,,,,,,,,1.0,,,,2.0,,,,,,,,,,2.0,,,,,,,,,,,,,,,,,,,,,,1.0,,,,1.0,,,,,,,,,,,,,,,,,,,22.5,,,9.6,,,,,,,,15.3,,,,5.6,,,,,,,,,,3.7,,,,5.4,,,,,,,,,,4.8,,,,,,,,,,,,,,,,,,,,,,1.8,,,,1.4,,,,,,,,,,,,,,,,,
1992-01-06,1016.0,1019.5,1018.7,,1013.0,,17.5,20.6,,15.7,,15.0,86,68,,6.8,45.0,17.1,45.0,,1.0,1.8,0.5,,0.7,,0.0,0.0,4.65,2.3,,,,,,,,,,,,,8.8,,,,,,,,,,,,,,,0.81,1992-01-06T14:00:00,,,,,,,,,,,,,,,,,,,,,,,,,,,,,,,,,,,,,,,,,,,,,,4.9,,,,,,,14.3,,,,,,,3.0,,,,4.0,,,,,,1.0,,,,,,,,,,,,1.0,,,,,,,,,,,,,,,,,,,,,,,,,,,,,,,,,,,,,,,,,,,,,,1.0,,,,,22.5,,,11.6,,,,,,,,26.4,,,,30.2,,,,,,4.6,,,,,,,,,,,,1.7,,,,,,,,,,,,,,,,,,,,,,,,,,,,,,,,,,,,,,,,,,,,,,7.2,,,
1992-01-07,1016.7,1020.0,1019.3,,1014.0,,16.9,19.4,,15.5,,13.9,83,74,,9.0,22.5,22.9,45.0,,-9.8,0.5,-9.8,,-9.8,,5.3,49.7,10.92,-2.0,,,,,,,,,,,,,5.8,,,,,,,,,,,,,,,1.93,1992-01-07T13:00:00,,,,,,,,,,,,,,,,,,,,,,,,,,,,,,,,,,,,,,,,,,,,,,3.9,,,,,,,12.4,,,,,,,5.0,,,,5.0,,,,,,,,,,,,,,,,,,,,,,,,,,,,,,,,,,,,,,,,,,,,,,,,,,,,,,,,,,,,,,,,,,,,,22.5,,,16.6,,,,,,,,51.6,,,,36.5,,,,,,,,,,,,,,,,,,,,,,,,,,,,,,,,,,,,,,,,,,,,,,,,,,,,,,,,,,,,,,,,,,,
1992-01-08,1016.7,1020.1,1019.3,,1014.3,,15.3,17.7,,13.7,,13.4,88,82,,8.1,45.0,20.7,22.5,,6.0,6.3,1.5,,3.0,,0.0,0.0,3.82,-1.9,,,,,,,,,,,,,8.6,,,,,,,,,,,,,,,0.73,1992-01-08T15:00:00,,,,,,,,,,,,,,,,,,,,,,,,,,,,,,,,,,,,,,,,,,,,,,4.0,,,,,,,12.0,,,,,,,1.0,,,,8.0,,,,,,1.0,,,,,,,,,,,,,,,,,,,,,,,,,,,,,,,,,,,,,,,,,,,,,,,,,,,,,,,,,,,,,,,22.5,,,14.0,,,,,,,,9.2,,,,67.6,,,,,,7.2,,,,,,,,,,,,,,,,,,,,,,,,,,,,,,,,,,,,,,,,,,,,,,,,,,,,,,,,,,,,,
1992-01-09,1020.1,1023.6,1022.1,,1017.5,,13.9,15.6,,12.3,,9.9,77,73,,9.8,45.0,20.0,45.0,,0.0,0.0,0.0,,0.0,,3.0,28.1,9.24,3.1,,,,,,,,,,,,,5.0,,,,,,,,,,,,,,,1.5,1992-01-09T11:00:00,,,,,,,,,,,,,,,,,,,,,,,,,,,,,,,,,,,,,,,,,,,,,,3.3,,,,,,,13.3,,,,,,,,,,,10.0,,,,,,,,,,,,,,,,,,,,,,,,,,,,,,,,,,,,,,,,,,,,,,,,,,,,,,,,,,,,,,,,,,,,,45.0,,,12.1,,,,,,,,,,,,99.3,,,,,,,,,,,,,,,,,,,,,,,,,,,,,,,,,,,,,,,,,,,,,,,,,,,,,,,,,,,,,,,,,,,
1992-01-10,1021.9,1025.3,1023.7,,1020.3,,14.7,17.8,,12.3,,9.5,72,63,,7.9,45.0,22.9,67.5,,0.0,0.0,0.0,,0.0,,0.5,4.7,6.98,2.9,,,,,,,,,,,,,7.4,,,,,,,,,,,,,,,1.37,1992-01-10T12:00:00,,,,,,,,,,,,,,,,,,,,,,,,,,,,,,,,,,,,,,,,,,,,,,5.5,,,,,,,11.8,,,,,,,,,,,10.0,,,,,,,,,,,,,,,,,,,,,,,,,,,,,,,,,,,,,,,,,,,,,,,,,,,,,,,,,,,,,,,,,,,,,45.0,,,11.7,,,,,,,,,,,,79.4,,,,,,,,,,,,,,,,,,,,,,,,,,,,,,,,,,,,,,,,,,,,,,,,,,,,,,,,,,,,,,,,,,,
1992-01-11,1020.9,1024.3,1023.5,,1018.8,,15.8,19.9,,12.8,,12.4,81,69,,3.7,67.5,16.0,360.0,,0.0,0.0,0.0,,0.0,,5.5,51.4,11.33,1.4,,,,,,,,,,,,,3.9,,,,,,,,,,,,,,,2.01,1992-01-11T13:00:00,,,,,,,,,,,,,,,,,,,,,,,,,,,,,,,,,,,,,,,,,,,,,,7.1,,,,,,,12.3,,,,,,,,,,,4.0,,,,,,3.0,,,,,,,,,,,,1.0,,,,,,,,,,,,,,,,,,,,,,,,,,,,,,,,,,,,,,,,,,,,,,2.0,,,,,360.0,,,6.2,,,,,,,,,,,,14.3,,,,,,10.5,,,,,,,,,,,,1.8,,,,,,,,,,,,,,,,,,,,,,,,,,,,,,,,,,,,,,,,,,,,,,9.9,,,
1992-01-12,1018.9,1022.3,1022.0,,1016.3,,17.1,23.0,,13.0,,14.4,84,66,,2.3,22.5,9.7,22.5,,0.0,0.0,0.0,,0.0,,5.3,49.5,10.15,1.8,,,,,,,,,,,,,4.4,,,,,,,,,,,,,,,1.8,1992-01-12T12:00:00,,,,,,,,,,,,,,,,,,,,,,,,,,,,,,,,,,,,,,,,,,,,,,10.0,,,,,,,11.6,,,,,,,5.0,,,,2.0,,,,,,1.0,,,,,,,,,,,,,,,,,,,,,,,,,,,,,,,,,,,,,,,,,,,,,,,,,,,,,,,,,,2.0,,,,,360.0,,,5.2,,,,,,,,13.8,,,,4.6,,,,,,1.9,,,,,,,,,,,,,,,,,,,,,,,,,,,,,,,,,,,,,,,,,,,,,,,,,,,,,,,,,,4.0,,,
1992-01-13,1018.4,1021.9,1021.0,,1015.9,,16.1,20.5,,12.4,,13.3,84,74,,6.5,22.5,19.4,45.0,,0.0,0.0,0.0,,0.0,,6.6,61.5,11.12,3.5,,,,,,,,,,,,,3.4,,,,,,,,,,,,,,,1.88,1992-01-13T12:00:00,,,,,,,,,,,,,,,,,,,,,,,,,,,,,,,,,,,,,,,,,,,,,,8.1,,,,,,,9.7,,,,,,,5.0,,,,3.0,,,,,,1.0,,,,,,,,,,,,,,,,,,,,,,,,,,,,,,,,,,,,,,,,,,,,,,,,,,,,,,,,,,1.0,,,,,360.0,,,11.4,,,,,,,,39.5,,,,17.1,,,,,,1.8,,,,,,,,,,,,,,,,,,,,,,,,,,,,,,,,,,,,,,,,,,,,,,,,,,,,,,,,,,9.2,,,
1992-01-14,1021.1,1024.7,1023.5,,1018.4,,10.6,12.4,,9.4,,5.9,73,64,,9.8,22.5,22.0,67.5,,-9.8,1.2,-9.8,,-9.8,,0.0,0.0,4.25,2.7,,,,,,,,,,,,,8.0,,,,,,,,,,,,,,,0.98,1992-01-14T12:00:00,,,,,,,,,,,,,,,,,,,,,,,,,,,,,,,,,,,,,,,,,,,,,,3.0,,,,,,,11.5,,,,,,,8.0,,,,2.0,,,,,,,,,,,,,,,,,,,,,,,,,,,,,,,,,,,,,,,,,,,,,,,,,,,,,,,,,,,,,,,,,,,,,22.5,,,12.9,,,,,,,,76.3,,,,21.4,,,,,,,,,,,,,,,,,,,,,,,,,,,,,,,,,,,,,,,,,,,,,,,,,,,,,,,,,,,,,,,,,,,
1992-01-15,1020.7,1024.2,1022.6,,1018.4,,11.3,14.1,,9.4,,7.3,76,68,,8.1,22.5,17.1,45.0,,0.0,0.0,0.0,,0.0,,5.7,53.0,11.64,2.4,,,,,,,,,,,,,4.4,,,,,,,,,,,,,,,1.93,1992-01-15T13:00:00,,,,,,,,,,,,,,,,,,,,,,,,,,,,,,,,,,,,,,,,,,,,,,4.7,,,,,,,14.0,,,,,,,5.0,,,,4.0,,,,,,1.0,,,,,,,,,,,,,,,,,,,,,,,,,,,,,,,,,,,,,,,,,,,,,,,,,,,,,,,,,,,,,,,45.0,,,11.6,,,,,,,,41.5,,,,31.5,,,,,,6.0,,,,,,,,,,,,,,,,,,,,,,,,,,,,,,,,,,,,,,,,,,,,,,,,,,,,,,,,,,,,,
1992-01-16,1019.4,1022.9,1021.5,,1017.6,,13.5,17.2,,11.2,,8.4,71,63,,7.7,45.0,18.2,67.5,,0.0,0.0,0.0,,0.0,,1.9,17.6,9.46,4.0,,,,,,,,,,,,,4.8,,,,,,,,,,,,,,,1.84,1992-01-16T13:00:00,,,,,,,,,,,,,,,,,,,,,,,,,,,,,,,,,,,,,,,,,,,,,,6.0,,,,,,,13.9,,,,,,,,,,,8.0,,,,,,2.0,,,,,,,,,,,,,,,,,,,,,,,,,,,,,,,,,,,,,,,,,,,,,,,,,,,,,,,,,,,,,,,45.0,,,12.1,,,,,,,,,,,,62.3,,,,,,14.6,,,,,,,,,,,,,,,,,,,,,,,,,,,,,,,,,,,,,,,,,,,,,,,,,,,,,,,,,,,,,
1992-01-17,1019.7,1023.3,1022.1,,1017.8,,13.4,18.4,,9.8,,8.3,72,61,,8.5,45.0,20.2,45.0,,0.0,0.0,0.0,,0.0,,5.4,50.1,10.19,3.3,,,,,,,,,,,,,6.6,,,,,,,,,,,,,,,1.88,1992-01-17T13:00:00,,,,,,,,,,,,,,,,,,,,,,,,,,,,,,,,,,,,,,,,,,,,,,8.6,,,,,,,12.8,,,,,,,,,,,9.0,,,,,,1.0,,,,,,,,,,,,,,,,,,,,,,,,,,,,,,,,,,,,,,,,,,,,,,,,,,,,,,,,,,,,,,,45.0,,,14.3,,,,,,,,,,,,81.9,,,,,,4.3,,,,,,,,,,,,,,,,,,,,,,,,,,,,,,,,,,,,,,,,,,,,,,,,,,,,,,,,,,,,,
1992-01-18,1021.8,1025.4,1025.0,,1020.0,,13.2,15.6,,11.5,,7.3,67,62,,9.4,45.0,21.9,67.5,,0.0,0.0,0.0,,0.0,,0.0,0.0,4.68,-3.2,,,,,,,,,,,,,9.9,,,,,,,,,,,,,,,0.86,1992-01-18T12:00:00,,,,,,,,,,,,,,,,,,,,,,,,,,,,,,,,,,,,,,,,,,,,,,4.1,,,,,,,17.8,,,,,,,,,,,9.0,,,,,,1.0,,,,,,,,,,,,,,,,,,,,,,,,,,,,,,,,,,,,,,,,,,,,,,,,,,,,,,,,,,,,,,,45.0,,,12.2,,,,,,,,,,,,85.1,,,,,,8.1,,,,,,,,,,,,,,,,,,,,,,,,,,,,,,,,,,,,,,,,,,,,,,,,,,,,,,,,,,,,,
1992-01-19,1021.7,1025.1,1023.2,,1018.9,,14.2,16.9,,11.8,,11.6,85,74,,4.3,67.5,12.8,45.0,,7.0,12.1,1.5,,3.5,,0.0,0.0,4.87,-1.0,,,,,,,,,,,,,10.0,,,,,,,,,,,,,,,0.98,1992-01-19T14:00:00,,,,,,,,,,,,,,,,,,,,,,,,,,,,,,,,,,,,,,,,,,,,,,5.1,,,,,,,11.5,,,,,,,,,,,4.0,,,,,,5.0,,,,1.0,,,,,,,,,,,,,,,,,,,,,,,,,,,,,,,,,,,,,,,,,,,,,,,,,,,,,,,,,,,22.5,,,7.7,,,,,,,,,,,,17.6,,,,,,21.0,,,,2.8,,,,,,,,,,,,,,,,,,,,,,,,,,,,,,,,,,,,,,,,,,,,,,,,,,,,,,,,,
1992-01-20,1021.3,1024.7,1023.2,,1020.0,,14.7,16.2,,13.5,,12.7,88,81,,7.6,45.0,18.4,67.5,,0.0,0.0,0.0,,0.0,,1.4,12.9,5.22,2.0,,,,,,,,,,,,,7.3,,,,,,,,,,,,,,,0.9,1992-01-20T16:00:00,,,,,,,,,,,,,,,,,,,,,,,,,,,,,,,,,,,,,,,,,,,,,,2.7,,,,,,,10.1,,,,,,,,,,,9.0,,,,,,1.0,,,,,,,,,,,,,,,,,,,,,,,,,,,,,,,,,,,,,,,,,,,,,,,,,,,,,,,,,,,,,,,45.0,,,11.4,,,,,,,,,,,,67.7,,,,,,7.5,,,,,,,,,,,,,,,,,,,,,,,,,,,,,,,,,,,,,,,,,,,,,,,,,,,,,,,,,,,,,
1992-01-21,1020.5,1023.8,1021.7,,1019.2,,15.0,17.5,,13.5,,11.6,80,75,,9.9,45.0,18.9,22.5,,0.0,0.0,0.0,,0.0,,6.9,63.7,12.8,2.4,,,,,,,,,,,,,5.6,,,,,,,,,,,,,,,2.05,1992-01-21T13:00:00,,,,,,,,,,,,,,,,,,,,,,,,,,,,,,,,,,,,,,,,,,,,,,4.0,,,,,,,16.6,,,,,,,,,,,9.0,,,,,,1.0,,,,,,,,,,,,,,,,,,,,,,,,,,,,,,,,,,,,,,,,,,,,,,,,,,,,,,,,,,,,,,,45.0,,,13.1,,,,,,,,,,,,89.3,,,,,,7.3,,,,,,,,,,,,,,,,,,,,,,,,,,,,,,,,,,,,,,,,,,,,,,,,,,,,,,,,,,,,,
1992-01-22,1020.1,1023.4,1021.8,,1017.8,,15.2,18.5,,12.6,,10.4,73,64,,8.0,45.0,18.3,45.0,,0.0,0.0,0.0,,0.0,,7.5,69.1,12.79,3.8,,,,,,,,,,,,,2.5,,,,,,,,,,,,,,,2.01,1992-01-22T13:00:00,,,,,,,,,,,,,,,,,,,,,,,,,,,,,,,,,,,,,,,,,,,,,,5.9,,,,,,,13.4,,,,,,,,,,,10.0,,,,,,,,,,,,,,,,,,,,,,,,,,,,,,,,,,,,,,,,,,,,,,,,,,,,,,,,,,,,,,,,,,,,,45.0,,,12.2,,,,,,,,,,,,77.7,,,,,,,,,,,,,,,,,,,,,,,,,,,,,,,,,,,,,,,,,,,,,,,,,,,,,,,,,,,,,,,,,,,
1992-01-23,1018.2,1021.6,1020.1,,1016.7,,15.4,19.8,,11.3,,12.0,80,70,,4.7,45.0,12.7,67.5,,0.0,0.0,0.0,,0.0,,1.5,13.8,8.52,0.7,,,,,,,,,,,,,5.8,,,,,,,,,,,,,,,1.67,1992-01-23T14:00:00,,,,,,,,,,,,,,,,,,,,,,,,,,,,,,,,,,,,,,,,,,,,,,8.5,,,,,,,7.1,,,,,,,,,,,5.0,,,,,,4.0,,,,,,,,,,,,,,,,,,,,,,,,,,,,,,,,,,,,,,,,,,,,,,,,,,,,,,,,,,1.0,,,,,45.0,,,9.3,,,,,,,,,,,,29.6,,,,,,12.6,,,,,,,,,,,,,,,,,,,,,,,,,,,,,,,,,,,,,,,,,,,,,,,,,,,,,,,,,,3.3,,,
1992-01-24,1014.6,1017.9,1017.2,,1011.4,,16.7,20.1,,15.2,,14.5,87,73,,6.0,45.0,16.7,22.5,,2.0,2.8,1.0,,1.0,,3.8,34.9,9.04,-1.4,,,,,,,,,,,,,8.3,,,,,,,,,,,,,,,1.67,1992-01-24T12:00:00,,,,,,,,,,,,,,,,,,,,,,,,,,,,,,,,,,,,,,,,,,,,,,4.9,,,,,,,6.4,,,,,,,3.0,,,,6.0,,,,,,1.0,,,,,,,,,,,,,,,,,,,,,,,,,,,,,,,,,,,,,,,,,,,,,,,,,,,,,,,,,,,,,,,45.0,,,11.7,,,,,,,,15.7,,,,35.8,,,,,,3.7,,,,,,,,,,,,,,,,,,,,,,,,,,,,,,,,,,,,,,,,,,,,,,,,,,,,,,,,,,,,,
1992-01-25,1014.5,1017.9,1016.9,,1012.7,,15.2,16.5,,14.5,,13.2,87,81,,8.4,45.0,17.4,22.5,,-9.8,1.5,-9.8,,-9.8,,0.0,0.0,2.64,1.2,,,,,,,,,,,,,9.3,,,,,,,,,,,,,,,0.39,1992-01-25T13:00:00,,,,,,,,,,,,,,,,,,,,,,,,,,,,,,,,,,,,,,,,,,,,,,2.0,,,,,,,9.8,,,,,,,2.0,,,,7.0,,,,,,1.0,,,,,,,,,,,,,,,,,,,,,,,,,,,,,,,,,,,,,,,,,,,,,,,,,,,,,,,,,,,,,,,22.5,,,12.6,,,,,,,,20.9,,,,54.4,,,,,,7.6,,,,,,,,,,,,,,,,,,,,,,,,,,,,,,,,,,,,,,,,,,,,,,,,,,,,,,,,,,,,,
1992-01-26,1017.4,1020.8,1019.6,,1015.4,,15.6,19.0,,11.9,,12.1,80,66,,6.6,45.0,16.9,22.5,,0.0,0.0,0.0,,0.0,,9.4,86.1,12.42,2.0,,,,,,,,,,,,,0.0,,,,,,,,,,,,,,,1.97,1992-01-26T13:00:00,,,,,,,,,,,,,,,,,,,,,,,,,,,,,,,,,,,,,,,,,,,,,,7.1,,,,,,,11.4,,,,,,,1.0,,,,7.0,,,,,,2.0,,,,,,,,,,,,,,,,,,,,,,,,,,,,,,,,,,,,,,,,,,,,,,,,,,,,,,,,,,,,,,,22.5,,,12.0,,,,,,,,3.4,,,,45.9,,,,,,12.8,,,,,,,,,,,,,,,,,,,,,,,,,,,,,,,,,,,,,,,,,,,,,,,,,,,,,,,,,,,,,
1992-01-27,1019.3,1022.7,1021.5,,1018.0,,15.1,20.3,,9.1,,11.8,81,62,,4.0,22.5,10.4,22.5,,0.0,0.0,0.0,,0.0,,6.9,63.1,12.07,1.4,,,,,,,,,,,,,0.9,,,,,,,,,,,,,,,1.93,1992-01-27T13:00:00,,,,,,,,,,,,,,,,,,,,,,,,,,,,,,,,,,,,,,,,,,,,,,11.2,,,,,,,12.9,,,,,,,2.0,,,,3.0,,,,,,3.0,,,,2.0,,,,,,,,,,,,,,,,,,,,,,,,,,,,,,,,,,,,,,,,,,,,,,,,,,,,,,,,,,,22.5,,,8.1,,,,,,,,12.1,,,,10.4,,,,,,10.9,,,,5.4,,,,,,,,,,,,,,,,,,,,,,,,,,,,,,,,,,,,,,,,,,,,,,,,,,,,,,,,,
1992-01-28,1018.8,1022.2,1021.5,,1016.1,,17.0,21.4,,12.5,,14.2,84,68,,3.1,22.5,8.5,22.5,,0.0,0.0,0.0,,0.0,,4.2,38.3,10.87,1.8,,,,,,,,,,,,,4.5,,,,,,,,,,,,,,,1.88,1992-01-28T14:00:00,,,,,,,,,,,,,,,,,,,,,,,,,,,,,,,,,,,,,,,,,,,,,,8.9,,,,,,,8.4,,,,,,,2.0,,,,3.0,,,,,,1.0,,,,1.0,,,,,,,,,,,,,,1.0,,,,,,,,,,,,1.0,,,,,,,,,,,,,,,,,,,,,,,,,,,,1.0,,,,,360.0,,,6.5,,,,,,,,10.4,,,,10.5,,,,,,2.5,,,,0.9,,,,,,,,,,,,,,1.1,,,,,,,,,,,,1.4,,,,,,,,,,,,,,,,,,,,,,,,,,,,4.3,,,
1992-01-29,1017.5,1020.9,1020.2,,1015.4,,17.5,22.4,,12.9,,14.7,85,65,,2.4,45.0,6.9,360.0,,0.0,0.0,0.0,,0.0,,8.1,73.8,12.42,1.4,,,,,,,,,,,,,2.5,,,,,,,,,,,,,,,2.01,1992-01-29T13:00:00,,,,,,,,,,,,,,,,,,,,,,,,,,,,,,,,,,,,,,,,,,,,,,9.5,,,,,,,6.3,,,,,,,,,,,4.0,,,,,,1.0,,,,2.0,,,,1.0,,,,,,,,,,,,,,,,,,,,,,,,,,,,,,,,,,,,,,,,,,,,,,,,,,2.0,,,,,360.0,,,4.9,,,,,,,,,,,,9.8,,,,,,1.8,,,,2.3,,,,1.1,,,,,,,,,,,,,,,,,,,,,,,,,,,,,,,,,,,,,,,,,,,,,,,,,,7.2,,,
1992-01-30,1012.8,1016.0,1016.4,,1009.9,,19.9,25.1,,13.4,,15.7,78,62,,2.0,270.0,7.0,292.5,,0.0,0.0,0.0,,0.0,,8.8,80.1,13.0,-1.7,,,,,,,,,,,,,1.5,,,,,,,,,,,,,,,2.05,1992-01-30T13:00:00,,,,,,,,,,,,,,,,,,,,,,,,,,,,,,,,,,,,,,,,,,,,,,11.7,,,,,,,9.6,,,1.0,,,,,,,,,,,,,,,,,,,,,,,,,,3.0,,,,,,1.0,,,,2.0,,,,,,,,,,,,,,,,,,2.0,,,,1.0,,,,,,,,,,,,,,,,,,,292.5,,,4.8,,,,0.0,,,,,,,,,,,,,,,,,,,,,,,,,,3.3,,,,,,3.3,,,,2.9,,,,,,,,,,,,,,,,,,6.1,,,,4.0,,,,,,,,,,,,,,,,,
1992-01-31,1014.0,1017.7,1019.3,,1009.2,,14.4,19.9,,10.7,,11.5,83,67,,9.1,45.0,22.3,67.5,,6.5,4.6,4.0,,5.5,,5.3,48.1,10.71,3.5,,,,,,,,,,,,,5.0,,,,,,,,,,,,,,,2.14,1992-01-31T13:00:00,,,,,,,,,,,,,,,,,,,,,,,,,,,,,,,,,,,,,,,,,,,,,,9.2,,,,,,,15.0,,,,,,,1.0,,,,8.0,,,,,,1.0,,,,,,,,,,,,,,,,,,,,,,,,,,,,,,,,,,,,,,,,,,,,,,,,,,,,,,,,,,,,,,,45.0,,,14.4,,,,,,,,3.7,,,,77.0,,,,,,11.4,,,,,,,,,,,,,,,,,,,,,,,,,,,,,,,,,,,,,,,,,,,,,,,,,,,,,,,,,,,,,
1992-02-01,1019.0,1022.6,1020.9,,1017.2,,12.6,17.0,,10.0,,7.3,70,60,,7.8,45.0,21.5,67.5,,0.0,0.0,0.0,,0.0,,2.6,23.6,9.33,2.7,,,,,,,,,,,,,7.0,,,,,,,,,,,,,,,1.8,1992-02-01T14:00:00,,,,,,,,,,,,,,,,,,,,,,,,,,,,,,,,,,,,,,,,,,,,,,7.0,,,,,,,16.3,,,,,,,1.0,,,,7.0,,,,,,2.0,,,,,,,,,,,,,,,,,,,,,,,,,,,,,,,,,,,,,,,,,,,,,,,,,,,,,,,,,,,,,,,45.0,,,12.2,,,,,,,,10.3,,,,54.1,,,,,,12.4,,,,,,,,,,,,,,,,,,,,,,,,,,,,,,,,,,,,,,,,,,,,,,,,,,,,,,,,,,,,,
1992-02-02,1018.5,1021.8,1021.4,,1016.4,,15.1,19.0,,12.7,,12.1,83,75,,3.9,22.5,10.6,22.5,,0.0,0.0,0.0,,0.0,,0.2,1.8,6.38,1.3,,,,,,,,,,,,,8.9,,,,,,,,,,,,,,,1.63,1992-02-02T14:00:00,,,,,,,,,,,,,,,,,,,,,,,,,,,,,,,,,,,,,,,,,,,,,,6.3,,,,,,,10.3,,,,,,,3.0,,,,3.0,,,,,,4.0,,,,,,,,,,,,,,,,,,,,,,,,,,,,,,,,,,,,,,,,,,,,,,,,,,,,,,,,,,,,,,,22.5,,,7.5,,,,,,,,17.7,,,,6.9,,,,,,13.7,,,,,,,,,,,,,,,,,,,,,,,,,,,,,,,,,,,,,,,,,,,,,,,,,,,,,,,,,,,,,
1992-02-03,1014.0,1017.3,1017.2,,1011.4,,19.2,24.0,,12.5,,16.2,83,64,,2.5,270.0,8.3,292.5,,0.0,0.0,0.0,,0.0,,8.3,75.0,12.62,-1.9,,,,,,,,,,,,,4.8,,,,,,,,,,,,,,,1.97,1992-02-03T13:00:00,,,,,,,,,,,,,,,,,,,,,,,,,,,,,,,,,,,,,,,,,,,,,,11.5,,,,,,,5.7,,,,,,,,,,,,,,,,,,,,,,,,,,,,,1.0,,,,,,,,,,1.0,,,,1.0,,,,1.0,,,,,,2.0,,,,2.0,,,,1.0,,,,,,,,,,,,,,1.0,,,,,292.5,,,6.0,,,,,,,,,,,,,,,,,,,,,,,,,,,,,,1.9,,,,,,,,,,1.7,,,,2.2,,,,1.9,,,,,,4.4,,,,4.8,,,,5.1,,,,,,,,,,,,,,0.7,,,
1992-02-04,1014.0,1017.4,1015.4,,1012.3,,16.8,20.5,,13.4,,15.4,92,84,,5.2,45.0,15.6,67.5,,2.0,1.6,1.3,,1.9,,0.4,3.6,7.37,1.4,,,,,,,,,,,,,8.6,,,,,,,,,,,,,,,1.54,1992-02-04T13:00:00,,,,,,,,,,,,,,,,,,,,,,,,,,,,,,,,,,,,,,,,,,,,,,7.1,,,,,,,6.4,,,,,,,1.0,,,,6.0,,,,,,1.0,,,,,,,,,,,,,,,,,,1.0,,,,,,,,,,,,,,,,,,,,,,,,,,,,,,,,,,,,1.0,,,,,,,,,45.0,,,9.9,,,,,,,,4.9,,,,41.3,,,,,,3.8,,,,,,,,,,,,,,,,,,1.9,,,,,,,,,,,,,,,,,,,,,,,,,,,,,,,,,,,,1.0,,,,,,,
1992-02-05,1016.0,1019.4,1017.8,,1013.9,,14.0,17.1,,13.0,,12.0,87,79,,7.0,45.0,16.3,67.5,,0.0,0.0,0.0,,0.0,,1.2,10.8,6.51,-1.5,,,,,,,,,,,,,9.5,,,,,,,,,,,,,,,1.67,1992-02-05T14:00:00,,,,,,,,,,,,,,,,,,,,,,,,,,,,,,,,,,,,,,,,,,,,,,4.1,,,,,,,7.9,,,,,,,,,,,6.0,,,,,,4.0,,,,,,,,,,,,,,,,,,,,,,,,,,,,,,,,,,,,,,,,,,,,,,,,,,,,,,,,,,,,,,,45.0,,,9.8,,,,,,,,,,,,44.0,,,,,,23.6,,,,,,,,,,,,,,,,,,,,,,,,,,,,,,,,,,,,,,,,,,,,,,,,,,,,,,,,,,,,,
1992-02-06,1017.2,1020.6,1020.0,,1015.6,,14.2,16.9,,12.8,,12.4,89,79,,7.6,45.0,16.8,90.0,,3.5,3.2,1.0,,2.0,,1.4,12.6,7.2,-1.6,,,,,,,,,,,,,9.8,,,,,,,,,,,,,,,1.67,1992-02-06T14:00:00,,,,,,,,,,,,,,,,,,,,,,,,,,,,,,,,,,,,,,,,,,,,,,4.1,,,,,,,8.4,,,,,,,,,,,7.0,,,,,,3.0,,,,,,,,,,,,,,,,,,,,,,,,,,,,,,,,,,,,,,,,,,,,,,,,,,,,,,,,,,,,,,,45.0,,,10.4,,,,,,,,,,,,54.1,,,,,,20.6,,,,,,,,,,,,,,,,,,,,,,,,,,,,,,,,,,,,,,,,,,,,,,,,,,,,,,,,,,,,,
1992-02-07,1014.7,1018.1,1018.0,,1010.8,,14.4,17.9,,9.9,,12.8,91,79,,6.7,45.0,24.1,360.0,,7.5,5.8,2.5,,4.0,,0.0,0.0,6.37,-2.0,,,,,,,,,,,,,10.0,,,,,,,,,,,,,,,1.28,1992-02-07T10:00:00,,,,,,,,,,,,,,,,,,,,,,,,,,,,,,,,,,,,,,,,,,,,,,8.0,,,,,,,11.1,,,,,,,2.0,,,,4.0,,,,,,2.0,,,,1.0,,,,,,,,1.0,,,,,,,,,,,,,,,,,,,,,,,,,,,,,,,,,,,,,,,,,,,,,,,,,,,360.0,,,17.8,,,,,,,,22.1,,,,26.0,,,,,,7.5,,,,4.4,,,,,,,,0.9,,,,,,,,,,,,,,,,,,,,,,,,,,,,,,,,,,,,,,,,,,,,,,,,,
1992-02-08,1016.5,1019.8,1018.3,,1015.2,,13.9,17.4,,11.6,,10.9,83,72,,8.1,45.0,19.8,45.0,,0.0,0.0,0.0,,0.0,,7.0,62.7,13.22,1.9,,,,,,,,,,,,,5.9,,,,,,,,,,,,,,,1.88,1992-02-08T11:00:00,,,,,,,,,,,,,,,,,,,,,,,,,,,,,,,,,,,,,,,,,,,,,,5.8,,,,,,,18.1,,,,,,,,,,,7.0,,,,,,2.0,,,,1.0,,,,,,,,,,,,,,,,,,,,,,,,,,,,,,,,,,,,,,,,,,,,,,,,,,,,,,,,,,,45.0,,,13.1,,,,,,,,,,,,66.9,,,,,,10.2,,,,3.1,,,,,,,,,,,,,,,,,,,,,,,,,,,,,,,,,,,,,,,,,,,,,,,,,,,,,,,,,
1992-02-09,1015.2,1018.5,1017.0,,1013.1,,14.8,17.4,,13.8,,12.9,88,81,,4.8,45.0,14.4,45.0,,5.0,8.0,1.5,,2.5,,0.5,4.5,3.48,-1.3,,,,,,,,,,,,,8.9,,,,,,,,,,,,,,,0.73,1992-02-09T11:00:00,,,,,,,,,,,,,,,,,,,,,,,,,,,,,,,,,,,,,,,,,,,,,,3.6,,,,,,,10.0,,,,,,,,,,,5.0,,,,,,5.0,,,,,,,,,,,,,,,,,,,,,,,,,,,,,,,,,,,,,,,,,,,,,,,,,,,,,,,,,,,,,,,22.5,,,10.1,,,,,,,,,,,,29.1,,,,,,21.1,,,,,,,,,,,,,,,,,,,,,,,,,,,,,,,,,,,,,,,,,,,,,,,,,,,,,,,,,,,,,
1992-02-10,1014.1,1017.3,1015.6,,1011.9,,14.6,16.1,,13.4,,12.8,89,84,,7.5,45.0,16.7,67.5,,1.0,3.7,0.4,,0.5,,0.0,0.0,3.59,-1.0,,,,,,,,,,,,,9.1,,,,,,,,,,,,,,,0.51,1992-02-10T13:00:00,,,,,,,,,,,,,,,,,,,,,,,,,,,,,,,,,,,,,,,,,,,,,,2.7,,,,,,,8.9,,,,,,,,,,,8.0,,,,,,2.0,,,,,,,,,,,,,,,,,,,,,,,,,,,,,,,,,,,,,,,,,,,,,,,,,,,,,,,,,,,,,,,45.0,,,10.0,,,,,,,,,,,,59.5,,,,,,15.5,,,,,,,,,,,,,,,,,,,,,,,,,,,,,,,,,,,,,,,,,,,,,,,,,,,,,,,,,,,,,
1992-02-11,1012.5,1015.8,1014.6,,1010.0,,14.3,16.0,,13.2,,13.0,92,88,,6.1,67.5,15.5,67.5,,37.0,19.1,2.0,,5.5,,0.0,0.0,1.79,-99.5,,,,,,,,,,,,,10.0,,,,,,,,,,,,,,,0.43,1992-02-11T11:00:00,,,,,,,,,,,,,,,,,,,,,,,,,,,,,,,,,,,,,,,,,,,,,,2.8,,,,,,,7.6,,,,,,,1.0,,,,4.0,,,,,,5.0,,,,,,,,,,,,,,,,,,,,,,,,,,,,,,,,,,,,,,,,,,,,,,,,,,,,,,,,,,,,,,,22.5,,,11.4,,,,,,,,5.1,,,,24.2,,,,,,28.6,,,,,,,,,,,,,,,,,,,,,,,,,,,,,,,,,,,,,,,,,,,,,,,,,,,,,,,,,,,,,
1992-02-12,1013.2,1016.4,1015.1,,1010.0,,14.4,15.4,,12.9,,12.9,91,87,,6.4,45.0,17.4,45.0,,9.4,18.0,1.0,,2.0,,0.0,0.0,2.75,-1.2,,,,,,,,,,,,,10.0,,,,,,,,,,,,,,,0.56,1992-02-12T13:00:00,,,,,,,,,,,,,,,,,,,,,,,,,,,,,,,,,,,,,,,,,,,,,,2.5,,,,,,,7.8,,,,,,,2.0,,,,4.0,,,,,,3.0,,,,1.0,,,,,,,,,,,,,,,,,,,,,,,,,,,,,,,,,,,,,,,,,,,,,,,,,,,,,,,,,,,45.0,,,10.2,,,,,,,,16.7,,,,24.5,,,,,,14.9,,,,1.5,,,,,,,,,,,,,,,,,,,,,,,,,,,,,,,,,,,,,,,,,,,,,,,,,,,,,,,,,
1992-02-13,1014.6,1018.1,1016.6,,1012.3,,13.0,14.5,,11.9,,11.1,88,83,,7.3,67.5,18.9,67.5,,4.5,11.7,0.5,,2.0,,0.0,0.0,2.53,-0.8,,,,,,,,,,,,,8.8,,,,,,,,,,,,,,,0.77,1992-02-13T14:00:00,,,,,,,,,,,,,,,,,,,,,,,,,,,,,,,,,,,,,,,,,,,,,,2.6,,,,,,,9.8,,,,,,,,,,,5.0,,,,,,5.0,,,,,,,,,,,,,,,,,,,,,,,,,,,,,,,,,,,,,,,,,,,,,,,,,,,,,,,,,,,,,,,45.0,,,10.5,,,,,,,,,,,,36.7,,,,,,34.0,,,,,,,,,,,,,,,,,,,,,,,,,,,,,,,,,,,,,,,,,,,,,,,,,,,,,,,,,,,,,
1992-02-14,1012.6,1015.7,1015.9,,1008.2,,15.8,19.0,,11.0,,13.9,89,79,,3.5,45.0,12.0,45.0,,2.5,2.2,0.6,,2.0,,5.2,46.1,9.93,-1.0,,,,,,,,,,,,,8.1,,,,,,,,,,,,,,,1.75,1992-02-14T14:00:00,,,,,,,,,,,,,,,,,,,,,,,,,,,,,,,,,,,,,,,,,,,,,,8.0,,,,,,,9.0,,,,,,,1.0,,,,2.0,,,,,,3.0,,,,1.0,,,,1.0,,,,,,,,,,1.0,,,,,,,,,,,,,,,,,,,,,,,,,,,,,,,,,,,,,,,,1.0,,,,,45.0,,,8.4,,,,,,,,6.8,,,,10.3,,,,,,8.1,,,,1.8,,,,0.3,,,,,,,,,,0.9,,,,,,,,,,,,,,,,,,,,,,,,,,,,,,,,,,,,,,,,2.4,,,
1992-02-15,1008.8,1012.4,1012.6,,1005.1,,14.9,16.7,,13.0,,13.1,89,79,,6.2,45.0,18.2,67.5,,29.5,12.9,4.5,,10.5,,0.0,0.0,2.28,-1.8,,,,,,,,,,,,,10.0,,,,,,,,,,,,,,,0.43,1992-02-15T16:00:00,,,,,,,,,,,,,,,,,,,,,,,,,,,,,,,,,,,,,,,,,,,,,,3.7,,,,,,,11.0,,,,,,,1.0,,,,7.0,,,,,,1.0,,,,,,,,,,,,,,,,,,,,,,,,,,,,,,,,,,,,,,,,,,,,,,,,,,,,,,,,,,1.0,,,,,67.5,,,10.7,,,,,,,,8.8,,,,45.5,,,,,,6.2,,,,,,,,,,,,,,,,,,,,,,,,,,,,,,,,,,,,,,,,,,,,,,,,,,,,,,,,,,2.0,,,
1992-02-16,1013.1,1016.5,1014.9,,1011.0,,14.4,18.0,,12.5,,10.2,77,64,,6.6,67.5,15.9,45.0,,0.6,1.9,0.5,,0.6,,0.7,6.2,6.21,-2.1,,,,,,,,,,,,,10.0,,,,,,,,,,,,,,,1.54,1992-02-16T14:00:00,,,,,,,,,,,,,,,,,,,,,,,,,,,,,,,,,,,,,,,,,,,,,,5.5,,,,,,,12.6,,,,,,,,,,,5.0,,,,,,5.0,,,,,,,,,,,,,,,,,,,,,,,,,,,,,,,,,,,,,,,,,,,,,,,,,,,,,,,,,,,,,,,67.5,,,9.4,,,,,,,,,,,,29.5,,,,,,36.6,,,,,,,,,,,,,,,,,,,,,,,,,,,,,,,,,,,,,,,,,,,,,,,,,,,,,,,,,,,,,
1992-02-17,1012.2,1015.4,1014.2,,1010.2,,15.8,18.3,,12.6,,14.0,89,81,,5.4,45.0,13.1,45.0,,4.0,2.9,1.0,,2.0,,0.3,2.6,6.11,-1.8,,,,,,,,,,,,,9.8,,,,,,,,,,,,,,,1.2,1992-02-17T12:00:00,,,,,,,,,,,,,,,,,,,,,,,,,,,,,,,,,,,,,,,,,,,,,,5.7,,,,,,,8.1,,,,,,,3.0,,,,6.0,,,,,,1.0,,,,,,,,,,,,,,,,,,,,,,,,,,,,,,,,,,,,,,,,,,,,,,,,,,,,,,,,,,,,,,,45.0,,,9.2,,,,,,,,19.9,,,,29.4,,,,,,3.8,,,,,,,,,,,,,,,,,,,,,,,,,,,,,,,,,,,,,,,,,,,,,,,,,,,,,,,,,,,,,
1992-02-18,1012.4,1015.7,1014.5,,1010.8,,16.7,19.6,,14.1,,15.0,90,81,,6.5,45.0,13.8,45.0,,3.5,3.2,2.0,,2.0,,1.5,13.2,7.3,-1.4,,,,,,,,,,,,,9.4,,,,,,,,,,,,,,,1.46,1992-02-18T12:00:00,,,,,,,,,,,,,,,,,,,,,,,,,,,,,,,,,,,,,,,,,,,,,,5.5,,,,,,,7.6,,,,,,,4.0,,,,5.0,,,,,,1.0,,,,,,,,,,,,,,,,,,,,,,,,,,,,,,,,,,,,,,,,,,,,,,,,,,,,,,,,,,,,,,,22.5,,,10.5,,,,,,,,29.9,,,,26.5,,,,,,6.9,,,,,,,,,,,,,,,,,,,,,,,,,,,,,,,,,,,,,,,,,,,,,,,,,,,,,,,,,,,,,
1992-02-19,1010.7,1014.0,1012.7,,1007.5,,15.2,17.0,,12.1,,13.7,91,82,,8.4,45.0,24.3,67.5,,21.5,6.2,3.5,,10.5,,0.0,0.0,3.07,-1.5,,,,,,,,,,,,,10.0,,,,,,,,,,,,,,,0.68,1992-02-19T14:00:00,,,,,,,,,,,,,,,,,,,,,,,,,,,,,,,,,,,,,,,,,,,,,,4.9,,,,,,,9.1,,,,,,,,,,,7.0,,,,,,3.0,,,,,,,,,,,,,,,,,,,,,,,,,,,,,,,,,,,,,,,,,,,,,,,,,,,,,,,,,,,,,,,45.0,,,13.9,,,,,,,,,,,,60.4,,,,,,25.9,,,,,,,,,,,,,,,,,,,,,,,,,,,,,,,,,,,,,,,,,,,,,,,,,,,,,,,,,,,,,
1992-02-20,1015.0,1018.7,1018.3,,1009.9,,13.0,15.3,,11.1,,10.3,84,73,,10.2,45.0,23.6,67.5,,7.0,5.8,1.2,,3.5,,3.2,28.0,8.55,-2.0,,,,,,,,,,,,,7.5,,,,,,,,,,,,,,,1.54,1992-02-20T12:00:00,,,,,,,,,,,,,,,,,,,,,,,,,,,,,,,,,,,,,,,,,,,,,,4.2,,,,,,,17.0,,,,,,,1.0,,,,7.0,,,,,,2.0,,,,,,,,,,,,,,,,,,,,,,,,,,,,,,,,,,,,,,,,,,,,,,,,,,,,,,,,,,,,,,,45.0,,,15.6,,,,,,,,15.1,,,,73.6,,,,,,15.6,,,,,,,,,,,,,,,,,,,,,,,,,,,,,,,,,,,,,,,,,,,,,,,,,,,,,,,,,,,,,
1992-02-21,1019.5,1023.0,1021.8,,1017.2,,14.8,18.5,,12.4,,10.3,75,66,,5.9,45.0,16.7,45.0,,0.0,0.0,0.0,,0.0,,3.6,31.5,10.74,-2.6,,,,,,,,,,,,,8.5,,,,,,,,,,,,,,,2.05,1992-02-21T12:00:00,,,,,,,,,,,,,,,,,,,,,,,,,,,,,,,,,,,,,,,,,,,,,,6.1,,,,,,,15.6,,,,,,,1.0,,,,6.0,,,,,,3.0,,,,,,,,,,,,,,,,,,,,,,,,,,,,,,,,,,,,,,,,,,,,,,,,,,,,,,,,,,,,,,,22.5,,,11.7,,,,,,,,9.5,,,,33.0,,,,,,14.9,,,,,,,,,,,,,,,,,,,,,,,,,,,,,,,,,,,,,,,,,,,,,,,,,,,,,,,,,,,,,
1992-02-22,1020.2,1023.6,1022.4,,1018.1,,13.9,15.0,,12.5,,12.1,89,81,,3.2,45.0,9.2,90.0,,5.5,10.3,1.0,,3.0,,0.0,0.0,1.28,-0.5,,,,,,,,,,,,,10.0,,,,,,,,,,,,,,,0.34,1992-02-22T14:00:00,,,,,,,,,,,,,,,,,,,,,,,,,,,,,,,,,,,,,,,,,,,,,,2.5,,,,,,,7.1,,,,,,,,,,,5.0,,,,,,3.0,,,,1.0,,,,,,,,,,,,,,,,,,,,,,,,,,,,,,,,,,,,,,,,,,,,,,,,,,,,,,1.0,,,,,45.0,,,5.7,,,,,,,,,,,,19.4,,,,,,10.1,,,,2.2,,,,,,,,,,,,,,,,,,,,,,,,,,,,,,,,,,,,,,,,,,,,,,,,,,,,,,0.9,,,
1992-02-23,1019.8,1023.2,1021.0,,1017.9,,14.3,16.2,,12.3,,12.1,87,73,,5.0,45.0,14.0,67.5,,3.0,8.0,0.3,,0.7,,1.2,10.5,5.56,1.3,,,,,,,,,,,,,7.5,,,,,,,,,,,,,,,0.94,1992-02-23T16:00:00,,,,,,,,,,,,,,,,,,,,,,,,,,,,,,,,,,,,,,,,,,,,,,3.9,,,,,,,9.9,,,,,,,2.0,,,,5.0,,,,,,2.0,,,,1.0,,,,,,,,,,,,,,,,,,,,,,,,,,,,,,,,,,,,,,,,,,,,,,,,,,,,,,,,,,,45.0,,,9.1,,,,,,,,12.7,,,,24.9,,,,,,6.9,,,,3.2,,,,,,,,,,,,,,,,,,,,,,,,,,,,,,,,,,,,,,,,,,,,,,,,,,,,,,,,,
1992-02-24,1021.3,1024.8,1023.0,,1019.7,,14.4,18.3,,9.9,,8.9,70,54,,8.6,45.0,22.6,67.5,,0.0,0.0,0.0,,0.0,,9.3,80.8,16.19,3.8,,,,,,,,,,,,,0.3,,,,,,,,,,,,,,,2.35,1992-02-24T13:00:00,,,,,,,,,,,,,,,,,,,,,,,,,,,,,,,,,,,,,,,,,,,,,,8.4,,,,,,,14.4,,,,,,,,,,,7.0,,,,,,3.0,,,,,,,,,,,,,,,,,,,,,,,,,,,,,,,,,,,,,,,,,,,,,,,,,,,,,,,,,,,,,,,45.0,,,14.2,,,,,,,,,,,,61.9,,,,,,19.3,,,,,,,,,,,,,,,,,,,,,,,,,,,,,,,,,,,,,,,,,,,,,,,,,,,,,,,,,,,,,
1992-02-25,1021.1,1024.4,1022.3,,1020.0,,14.5,19.9,,9.2,,10.1,75,57,,3.8,22.5,10.8,22.5,,0.0,0.0,0.0,,0.0,,9.8,85.0,16.64,2.4,,,,,,,,,,,,,0.0,,,,,,,,,,,,,,,2.44,1992-02-25T13:00:00,,,,,,,,,,,,,,,,,,,,,,,,,,,,,,,,,,,,,,,,,,,,,,10.7,,,,,,,18.1,,,,,,,2.0,,,,3.0,,,,,,2.0,,,,,,,,1.0,,,,,,,,,,1.0,,,,,,,,,,,,,,,,,,,,,,,,,,,,,,,,,,,,,,,,1.0,,,,,22.5,,,8.6,,,,,,,,12.4,,,,9.2,,,,,,7.7,,,,,,,,1.1,,,,,,,,,,1.4,,,,,,,,,,,,,,,,,,,,,,,,,,,,,,,,,,,,,,,,3.1,,,
1992-02-26,1019.4,1022.8,1021.1,,1016.9,,15.3,19.6,,10.6,,12.1,81,60,,1.5,360.0,5.6,22.5,,0.0,0.0,0.0,,0.0,,9.1,78.8,15.28,2.2,,,,,,,,,,,,,0.0,,,,,,,,,,,,,,,2.31,1992-02-26T13:00:00,,,,,,,,,,,,,,,,,,,,,,,,,,,,,,,,,,,,,,,,,,,,,,9.0,,,,,,,13.3,,,,,,,,,,,,,,,,,,,,,,,,,,,,,,,,,,,4.0,,,,1.0,,,,,,,,1.0,,,,,,,,,,,,,,1.0,,,,,,,,,,,,,,3.0,,,,,360.0,,,4.0,,,,,,,,,,,,,,,,,,,,,,,,,,,,,,,,,,,,4.5,,,,0.7,,,,,,,,0.9,,,,,,,,,,,,,,1.7,,,,,,,,,,,,,,7.7,,,
1992-02-27,1016.4,1019.7,1018.6,,1014.5,,17.5,23.2,,10.7,,12.7,74,58,,1.6,292.5,5.5,315.0,,0.0,0.0,0.0,,0.0,,9.1,78.7,15.71,2.6,,,,,,,,,,,,,0.3,,,,,,,,,,,,,,,2.35,1992-02-27T13:00:00,,,,,,,,,,,,,,,,,,,,,,,,,,,,,,,,,,,,,,,,,,,,,,12.5,,,,,,,15.0,,,,,,,,,,,,,,,,,,,,,2.0,,,,2.0,,,,3.0,,,,,,,,,,,,,,,,,,,,,,,,,,,,,,,,2.0,,,,,,,,,,1.0,,,,,,,,,292.5,,,3.9,,,,,,,,,,,,,,,,,,,,,,4.0,,,,1.9,,,,3.2,,,,,,,,,,,,,,,,,,,,,,,,,,,,,,,,4.3,,,,,,,,,,1.7,,,,,,,
1992-02-28,1014.1,1017.4,1015.8,,1012.0,,20.1,26.2,,13.6,,14.1,70,53,,2.0,22.5,6.1,67.5,,0.0,0.0,0.0,,0.0,,8.6,74.2,15.32,2.7,,,,,,,,,,,,,1.5,,,,,,,,,,,,,,,2.27,1992-02-28T13:00:00,,,,,,,,,,,,,,,,,,,,,,,,,,,,,,,,,,,,,,,,,,,,,,12.6,,,,,,,16.0,,,,,,,3.0,,,,1.0,,,,,,2.0,,,,,,,,1.0,,,,,,,,,,,,,,,,,,,,,,,,,,,,,,,,,,,,,,,,,,,,,,1.0,,,,2.0,,,,,67.5,,,4.0,,,,,,,,8.5,,,,0.6,,,,,,4.9,,,,,,,,1.4,,,,,,,,,,,,,,,,,,,,,,,,,,,,,,,,,,,,,,,,,,,,,,1.8,,,,3.6,,,
1992-02-29,1013.8,1017.2,1015.2,,1012.0,,22.0,26.6,,16.1,,17.7,77,61,,1.9,135.0,6.4,360.0,,0.0,0.0,0.0,,0.0,,7.6,65.5,14.25,2.0,,,,,,,,,,,,,3.1,,,,,,,,,,,,,,,2.27,1992-02-29T13:00:00,,,,,,,,,,,,,,,,,,,,,,,,,,,,,,,,,,,,,,,,,,,,,,10.5,,,,,,,10.3,,,,,,,1.0,,,,,,,,,,1.0,,,,,,,,1.0,,,,2.0,,,,,,1.0,,,,,,,,,,,,,,,,,,,,,,,,,,,,,,1.0,,,,,,1.0,,,,2.0,,,,,337.5,,,3.5,,,,,,,,1.7,,,,,,,,,,1.1,,,,,,,,1.1,,,,2.6,,,,,,1.4,,,,,,,,,,,,,,,,,,,,,,,,,,,,,,2.5,,,,,,3.2,,,,3.8,,,
1992-03-01,1012.4,1015.6,1015.1,,1009.1,,20.5,22.5,,18.4,,17.6,83,77,,3.7,45.0,13.0,22.5,,0.5,1.0,0.5,,0.5,,0.6,5.2,4.42,-0.7,,,,,,,,,,,,,9.3,,,,,,,,,,,,,,,0.86,1992-03-01T16:00:00,,,,,,,,,,,,,,,,,,,,,,,,,,,,,,,,,,,,,,,,,,,,,,4.1,,,,,,,11.3,,,,,,,2.0,,,,5.0,,,,,,,,,,1.0,,,,,,,,1.0,,,,,,,,,,,,,,,,,,,,,,,,,,,,,,,,,,,,,,,,,,,,,,1.0,,,,,22.5,,,9.7,,,,,,,,11.7,,,,15.7,,,,,,,,,,2.4,,,,,,,,1.4,,,,,,,,,,,,,,,,,,,,,,,,,,,,,,,,,,,,,,,,,,,,,,4.2,,,
1992-03-02,1010.5,1013.8,1012.3,,1008.7,,22.7,27.2,,20.1,,19.6,83,72,,2.3,67.5,9.0,337.5,,0.5,1.1,0.5,,0.5,,6.9,59.2,13.76,2.7,,,,,,,,,,,,,6.4,,,,,,,,,,,,,,,2.27,1992-03-02T14:00:00,,,,,,,,,,,,,,,,,,,,,,,,,,,,,,,,,,,,,,,,,,,,,,7.1,,,,,,,9.6,,,,,,,1.0,,,,1.0,,,,,,2.0,,,,,,,,,,,,,,,,,,2.0,,,,,,,,1.0,,,,,,,,,,,,,,1.0,,,,1.0,,,,,,,,,,1.0,,,,,,,,,337.5,,,5.9,,,,,,,,3.4,,,,2.3,,,,,,4.5,,,,,,,,,,,,,,,,,,2.9,,,,,,,,1.7,,,,,,,,,,,,,,1.0,,,,1.5,,,,,,,,,,5.2,,,,,,,
1992-03-03,1010.9,1014.3,1012.4,,1009.1,,19.3,23.3,,17.3,,17.0,87,77,,4.6,45.0,15.6,67.5,,1.5,10.3,0.5,,0.5,,0.0,0.0,3.58,-1.0,,,,,,,,,,,,,8.8,,,,,,,,,,,,,,,0.81,1992-03-03T10:00:00,,,,,,,,,,,,,,,,,,,,,,,,,,,,,,,,,,,,,,,,,,,,,,6.0,,,,,,,6.9,,,,,,,,,,,5.0,,,,,,2.0,,,,,,,,,,,,,,,,,,,,,,1.0,,,,,,,,1.0,,,,,,,,,,,,,,,,,,,,,,,,,,,,1.0,,,,,22.5,,,10.9,,,,,,,,,,,,25.2,,,,,,7.3,,,,,,,,,,,,,,,,,,,,,,2.1,,,,,,,,1.7,,,,,,,,,,,,,,,,,,,,,,,,,,,,6.7,,,
1992-03-04,1010.3,1013.7,1013.0,,1008.4,,19.4,22.0,,17.8,,17.1,87,81,,3.9,67.5,11.7,337.5,,5.5,6.0,1.0,,2.5,,0.3,2.6,7.76,-1.2,,,,,,,,,,,,,9.6,,,,,,,,,,,,,,,1.5,1992-03-04T12:00:00,,,,,,,,,,,,,,,,,,,,,,,,,,,,,,,,,,,,,,,,,,,,,,4.2,,,,,,,8.5,,,,,,,1.0,,,,3.0,,,,,,3.0,,,,,,,,,,,,,,,,,,1.0,,,,1.0,,,,,,,,,,,,,,,,,,,,,,,,,,,,,,,,,,,,1.0,,,,,45.0,,,7.6,,,,,,,,5.9,,,,15.7,,,,,,12.0,,,,,,,,,,,,,,,,,,1.1,,,,1.1,,,,,,,,,,,,,,,,,,,,,,,,,,,,,,,,,,,,2.0,,,
1992-03-05,1012.0,1015.5,1015.4,,1009.2,,15.8,19.8,,11.8,,13.2,85,77,,7.3,67.5,18.2,45.0,,20.5,15.0,2.5,,6.0,,0.2,1.7,3.65,-1.5,,,,,,,,,,,,,10.0,,,,,,,,,,,,,,,0.9,1992-03-05T13:00:00,,,,,,,,,,,,,,,,,,,,,,,,,,,,,,,,,,,,,,,,,,,,,,8.0,,,,,,,13.1,,,,,,,,,,,4.0,,,,,,5.0,,,,,,,,,,,,,,,,,,1.0,,,,,,,,,,,,,,,,,,,,,,,,,,,,,,,,,,,,,,,,,,,,,67.5,,,11.2,,,,,,,,,,,,33.7,,,,,,36.9,,,,,,,,,,,,,,,,,,3.8,,,,,,,,,,,,,,,,,,,,,,,,,,,,,,,,,,,,,,,,,,,
1992-03-06,1017.2,1020.6,1018.8,,1014.3,,11.8,14.4,,9.4,,9.0,83,76,,8.9,45.0,19.7,45.0,,10.0,7.4,1.0,,3.0,,0.0,0.0,3.04,-1.2,,,,,,,,,,,,,10.0,,,,,,,,,,,,,,,1.2,1992-03-06T12:00:00,,,,,,,,,,,,,,,,,,,,,,,,,,,,,,,,,,,,,,,,,,,,,,5.0,,,,,,,11.0,,,,,,,,,,,7.0,,,,,,3.0,,,,,,,,,,,,,,,,,,,,,,,,,,,,,,,,,,,,,,,,,,,,,,,,,,,,,,,,,,,,,,,45.0,,,12.2,,,,,,,,,,,,62.6,,,,,,26.0,,,,,,,,,,,,,,,,,,,,,,,,,,,,,,,,,,,,,,,,,,,,,,,,,,,,,,,,,,,,,
1992-03-07,1018.0,1021.4,1019.9,,1016.4,,12.2,13.8,,10.4,,10.6,90,85,,4.9,67.5,16.0,90.0,,14.0,16.4,1.5,,4.5,,0.0,0.0,1.46,-0.3,,,,,,,,,,,,,10.0,,,,,,,,,,,,,,,0.34,1992-03-07T11:00:00,,,,,,,,,,,,,,,,,,,,,,,,,,,,,,,,,,,,,,,,,,,,,,3.4,,,,,,,8.0,,,,,,,,,,,3.0,,,,,,7.0,,,,,,,,,,,,,,,,,,,,,,,,,,,,,,,,,,,,,,,,,,,,,,,,,,,,,,,,,,,,,,,67.5,,,9.2,,,,,,,,,,,,15.3,,,,,,33.4,,,,,,,,,,,,,,,,,,,,,,,,,,,,,,,,,,,,,,,,,,,,,,,,,,,,,,,,,,,,,
1992-03-08,1015.5,1018.7,1018.1,,1013.2,,15.5,17.6,,13.3,,13.5,88,83,,4.2,45.0,11.7,67.5,,2.0,5.8,0.5,,1.0,,0.0,0.0,3.06,-0.8,,,,,,,,,,,,,10.0,,,,,,,,,,,,,,,0.73,1992-03-08T12:00:00,,,,,,,,,,,,,,,,,,,,,,,,,,,,,,,,,,,,,,,,,,,,,,4.3,,,,,,,9.8,,,,,,,,,,,7.0,,,,,,2.0,,,,,,,,1.0,,,,,,,,,,,,,,,,,,,,,,,,,,,,,,,,,,,,,,,,,,,,,,,,,,,,,,,45.0,,,7.0,,,,,,,,,,,,33.0,,,,,,8.8,,,,,,,,2.0,,,,,,,,,,,,,,,,,,,,,,,,,,,,,,,,,,,,,,,,,,,,,,,,,,,,,
1992-03-09,1013.9,1017.4,1015.4,,1012.5,,16.7,20.3,,15.0,,14.3,86,79,,4.2,45.0,10.7,45.0,,6.0,2.3,2.5,,6.0,,0.4,3.4,5.27,-0.9,,,,,,,,,,,,,10.0,,,,,,,,,,,,,,,1.11,1992-03-09T13:00:00,,,,,,,,,,,,,,,,,,,,,,,,,,,,,,,,,,,,,,,,,,,,,,5.3,,,,,,,8.1,,,,,,,1.0,,,,5.0,,,,,,2.0,,,,1.0,,,,,,,,,,,,,,,,,,1.0,,,,,,,,,,,,,,,,,,,,,,,,,,,,,,,,,,,,,,,,,45.0,,,6.8,,,,,,,,3.9,,,,23.9,,,,,,9.0,,,,3.4,,,,,,,,,,,,,,,,,,1.4,,,,,,,,,,,,,,,,,,,,,,,,,,,,,,,,,,,,,,,
1992-03-10,1014.5,1017.8,1016.1,,1013.1,,16.3,18.4,,14.6,,14.2,87,84,,5.1,45.0,14.0,67.5,,29.0,10.0,3.7,,15.1,,0.0,0.0,3.55,-1.0,,,,,,,,,,,,,10.0,,,,,,,,,,,,,,,0.77,1992-03-10T12:00:00,,,,,,,,,,,,,,,,,,,,,,,,,,,,,,,,,,,,,,,,,,,,,,3.8,,,,,,,7.1,,,,,,,,,,,7.0,,,,,,3.0,,,,,,,,,,,,,,,,,,,,,,,,,,,,,,,,,,,,,,,,,,,,,,,,,,,,,,,,,,,,,,,45.0,,,8.3,,,,,,,,,,,,35.8,,,,,,16.8,,,,,,,,,,,,,,,,,,,,,,,,,,,,,,,,,,,,,,,,,,,,,,,,,,,,,,,,,,,,,
1992-03-11,1016.2,1019.5,1018.1,,1014.1,,17.9,21.6,,14.8,,15.6,87,78,,4.4,45.0,10.7,360.0,,5.0,4.7,1.5,,3.5,,3.7,31.2,10.0,1.2,,,,,,,,,,,,,7.6,,,,,,,,,,,,,,,1.84,1992-03-11T15:00:00,,,,,,,,,,,,,,,,,,,,,,,,,,,,,,,,,,,,,,,,,,,,,,6.8,,,,,,,9.5,,,,,,,1.0,,,,5.0,,,,,,2.0,,,,1.0,,,,,,,,,,,,,,,,,,,,,,,,,,,,,,,,,,,,,,,,,,,,,,,,,,,,,,1.0,,,,,360.0,,,7.7,,,,,,,,6.8,,,,23.9,,,,,,6.9,,,,1.3,,,,,,,,,,,,,,,,,,,,,,,,,,,,,,,,,,,,,,,,,,,,,,,,,,,,,,3.8,,,
1992-03-12,1016.9,1020.2,1018.1,,1015.3,,19.3,23.2,,16.5,,16.7,85,76,,3.7,22.5,9.1,45.0,,0.0,0.0,0.0,,0.0,,7.2,60.6,14.15,3.7,,,,,,,,,,,,,7.5,,,,,,,,,,,,,,,2.31,1992-03-12T13:00:00,,,,,,,,,,,,,,,,,,,,,,,,,,,,,,,,,,,,,,,,,,,,,,6.7,,,,,,,7.1,,,,,,,2.0,,,,2.0,,,,,,2.0,,,,,,,,,,,,,,,,,,,,,,,,,,,,,,,,,,,,,,,,,,,,,,,,1.0,,,,,,,,,,2.0,,1.0,,,22.5,,,6.1,,,,,,,,10.4,,,,7.3,,,,,,6.6,,,,,,,,,,,,,,,,,,,,,,,,,,,,,,,,,,,,,,,,,,,,,,,,2.6,,,,,,,,,,9.4,,0.4,
1992-03-13,1015.9,1019.3,1018.7,,1013.3,,21.9,27.8,,17.2,,17.7,78,58,,2.8,22.5,10.7,45.0,,0.0,0.0,0.0,,0.0,,6.6,55.4,13.69,1.9,,,,,,,,,,,,,3.8,,,,,,,,,,,,,,,2.31,1992-03-13T13:00:00,,,,,,,,,,,,,,,,,,,,,,,,,,,,,,,,,,,,,,,,,,,,,,10.6,,,,,,,11.8,,,,,,,4.0,,,,3.0,,,,,,1.0,,,,,,,,,,,,,,,,,,,,,,,,,,,,,,,,,,,,,,,,,,,,,,,,1.0,,,,,,,,,,1.0,,,,,22.5,,,7.0,,,,,,,,11.7,,,,13.2,,,,,,2.7,,,,,,,,,,,,,,,,,,,,,,,,,,,,,,,,,,,,,,,,,,,,,,,,2.3,,,,,,,,,,1.5,,,
1992-03-14,1013.4,1016.7,1015.9,,1010.7,,23.5,27.5,,18.2,,19.2,78,65,,2.3,202.5,6.3,180.0,,0.0,0.0,0.0,,0.0,,8.4,70.4,15.72,4.2,,,,,,,,,,,,,2.0,,,,,,,,,,,,,,,2.31,1992-03-14T13:00:00,,,,,,,,,,,,,,,,,,,,,,,,,,,,,,,,,,,,,,,,,,,,,,9.3,,,,,,,10.8,,,,,,,,,,,1.0,,,,,,1.0,,,,,,,,,,,,,,,,,,1.0,,,,,,,,3.0,,,,,,,,,,1.0,,,,,,,,1.0,,,,,,,,,,1.0,,,,1.0,,,,,22.5,,,4.2,,,,,,,,,,,,0.3,,,,,,3.3,,,,,,,,,,,,,,,,,,1.1,,,,,,,,8.3,,,,,,,,,,3.0,,,,,,,,2.8,,,,,,,,,,1.0,,,,1.9,,,
1992-03-15,1011.2,1014.4,1013.5,,1008.5,,24.9,29.8,,20.5,,20.1,75,53,,3.3,157.5,13.2,270.0,,0.0,0.0,0.0,,0.0,,8.7,72.7,17.39,3.8,,,,,,,,,,,,,2.5,,,,,,,,,,,,,,,2.57,1992-03-15T13:00:00,,,,,,,,,,,,,,,,,,,,,,,,,,,,,,,,,,,,,,,,,,,,,,9.3,,,,,,,13.9,,,,,,,,,,,,,,,,,,,,,,,,,,,,,,,,,,,4.0,,,,1.0,,,,1.0,,,,1.0,,,,,,1.0,,,,2.0,,,,,,,,,,,,,,,,,,,,,,,270.0,,,7.5,,,,,,,,,,,,,,,,,,,,,,,,,,,,,,,,,,,,10.4,,,,3.8,,,,3.1,,,,3.7,,,,,,4.4,,,,8.4,,,,,,,,,,,,,,,,,,,,,
1992-03-16,1011.9,1015.3,1014.2,,1009.7,,24.6,28.3,,20.3,,20.5,78,65,,3.6,180.0,10.3,67.5,,0.0,0.0,0.0,,0.0,,9.8,81.8,16.53,4.4,,,,,,,,,,,,,4.0,,,,,,,,,,,,,,,2.44,1992-03-16T13:00:00,,,,,,,,,,,,,,,,,,,,,,,,,,,,,,,,,,,,,,,,,,,,,,8.0,,,,,,,18.8,,,,,,,,,,,3.0,,,,,,,,,,,,,,,,,,,,,,,,,,,,3.0,,,,,,,,,,,,,,2.0,,,,1.0,,,,1.0,,,,,,,,,,,,,,,,,,,45.0,,,6.9,,,,,,,,,,,,14.1,,,,,,,,,,,,,,,,,,,,,,,,,,,,10.1,,,,,,,,,,,,,,6.2,,,,4.7,,,,2.0,,,,,,,,,,,,,,,,,
1992-03-17,1013.6,1017.2,1016.9,,1011.5,,18.9,22.9,,16.0,,15.8,82,72,,6.6,45.0,16.5,22.5,,-9.8,1.3,-9.8,,-9.8,,2.8,23.4,14.17,3.6,,,,,,,,,,,,,6.0,,,,,,,,,,,,,,,2.27,1992-03-17T12:00:00,,,,,,,,,,,,,,,,,,,,,,,,,,,,,,,,,,,,,,,,,,,,,,6.9,,,,,,,12.6,,,,,,,,,,,7.0,,,,,,2.0,,,,,,,,1.0,,,,,,,,,,,,,,,,,,,,,,,,,,,,,,,,,,,,,,,,,,,,,,,,,,,,,,,22.5,,,11.8,,,,,,,,,,,,50.2,,,,,,14.1,,,,,,,,2.1,,,,,,,,,,,,,,,,,,,,,,,,,,,,,,,,,,,,,,,,,,,,,,,,,,,,,
1992-03-18,1014.7,1018.1,1016.9,,1012.6,,18.5,22.1,,16.3,,15.8,84,76,,7.2,45.0,16.4,22.5,,0.0,0.0,0.0,,0.0,,3.4,28.3,15.15,3.1,,,,,,,,,,,,,6.8,,,,,,,,,,,,,,,2.27,1992-03-18T14:00:00,,,,,,,,,,,,,,,,,,,,,,,,,,,,,,,,,,,,,,,,,,,,,,5.8,,,,,,,9.8,,,,,,,2.0,,,,5.0,,,,,,3.0,,,,,,,,,,,,,,,,,,,,,,,,,,,,,,,,,,,,,,,,,,,,,,,,,,,,,,,,,,,,,,,22.5,,,11.8,,,,,,,,17.9,,,,34.4,,,,,,17.1,,,,,,,,,,,,,,,,,,,,,,,,,,,,,,,,,,,,,,,,,,,,,,,,,,,,,,,,,,,,,
1992-03-19,1016.1,1019.6,1018.4,,1014.2,,18.6,22.3,,16.5,,16.2,86,76,,5.5,67.5,15.3,45.0,,0.0,0.0,0.0,,0.0,,3.6,29.9,8.86,1.8,,,,,,,,,,,,,7.8,,,,,,,,,,,,,,,2.31,1992-03-19T14:00:00,,,,,,,,,,,,,,,,,,,,,,,,,,,,,,,,,,,,,,,,,,,,,,5.8,,,,,,,8.9,,,,,,,1.0,,,,3.0,,,,,,5.0,,,,1.0,,,,,,,,,,,,,,,,,,,,,,,,,,,,,,,,,,,,,,,,,,,,,,,,,,,,,,,,,,,22.5,,,10.7,,,,,,,,10.1,,,,19.0,,,,,,22.7,,,,2.7,,,,,,,,,,,,,,,,,,,,,,,,,,,,,,,,,,,,,,,,,,,,,,,,,,,,,,,,,
1992-03-20,1014.3,1017.6,1016.5,,1011.9,,20.7,24.6,,17.9,,18.2,86,78,,3.8,360.0,10.2,67.5,,0.0,0.0,0.0,,0.0,,4.7,38.9,14.31,3.1,,,,,,,,,,,,,7.4,,,,,,,,,,,,,,,2.53,1992-03-20T13:00:00,,,,,,,,,,,,,,,,,,,,,,,,,,,,,,,,,,,,,,,,,,,,,,6.7,,,,,,,8.8,,,,,,,,,,,1.0,,,,,,3.0,,,,,,,,,,,,1.0,,,,,,2.0,,,,,,,,,,,,,,,,,,,,,,,,,,,,,,,,,,,,,,,,3.0,,,,,45.0,,,6.6,,,,,,,,,,,,5.6,,,,,,12.8,,,,,,,,,,,,1.4,,,,,,3.7,,,,,,,,,,,,,,,,,,,,,,,,,,,,,,,,,,,,,,,,13.4,,,
1992-03-21,1015.5,1018.9,1019.1,,1013.5,,19.4,22.9,,16.2,,15.7,80,68,,8.0,45.0,19.8,45.0,,0.0,0.0,0.0,,0.0,,6.3,52.1,15.67,4.9,,,,,,,,,,,,,3.1,,,,,,,,,,,,,,,2.31,1992-03-21T13:00:00,,,,,,,,,,,,,,,,,,,,,,,,,,,,,,,,,,,,,,,,,,,,,,6.7,,,,,,,14.1,,,,,,,1.0,,,,8.0,,,,,,1.0,,,,,,,,,,,,,,,,,,,,,,,,,,,,,,,,,,,,,,,,,,,,,,,,,,,,,,,,,,,,,,,45.0,,,14.1,,,,,,,,2.3,,,,74.4,,,,,,5.8,,,,,,,,,,,,,,,,,,,,,,,,,,,,,,,,,,,,,,,,,,,,,,,,,,,,,,,,,,,,,
1992-03-22,1016.4,1019.7,1019.3,,1013.2,,19.1,23.6,,16.4,,16.3,84,74,,7.1,45.0,15.7,45.0,,0.0,0.0,0.0,,0.0,,2.7,22.3,13.97,4.1,,,,,,,,,,,,,7.1,,,,,,,,,,,,,,,2.31,1992-03-22T13:00:00,,,,,,,,,,,,,,,,,,,,,,,,,,,,,,,,,,,,,,,,,,,,,,7.2,,,,,,,9.4,,,,,,,1.0,,,,9.0,,,,,,,,,,,,,,,,,,,,,,,,,,,,,,,,,,,,,,,,,,,,,,,,,,,,,,,,,,,,,,,,,,,,,45.0,,,11.4,,,,,,,,7.6,,,,62.1,,,,,,,,,,,,,,,,,,,,,,,,,,,,,,,,,,,,,,,,,,,,,,,,,,,,,,,,,,,,,,,,,,,
1992-03-23,1013.5,1016.8,1016.0,,1011.7,,20.4,23.7,,17.8,,18.0,86,78,,5.0,45.0,15.1,67.5,,0.0,0.0,0.0,,0.0,,4.2,34.6,13.74,2.4,,,,,,,,,,,,,7.6,,,,,,,,,,,,,,,2.23,1992-03-23T12:00:00,,,,,,,,,,,,,,,,,,,,,,,,,,,,,,,,,,,,,,,,,,,,,,5.9,,,,,,,4.5,,,,,,,1.0,,,,5.0,,,,,,2.0,,,,,,,,,,,,,,,,,,,,,,,,,,,,,,,,,,,,,,,,,,,,,,,,,,,,,,,,,,2.0,,,,,45.0,,,10.0,,,,,,,,6.5,,,,31.4,,,,,,5.9,,,,,,,,,,,,,,,,,,,,,,,,,,,,,,,,,,,,,,,,,,,,,,,,,,,,,,,,,,5.5,,,
1992-03-24,1011.3,1014.6,1012.5,,1009.6,,20.3,23.7,,17.8,,17.8,86,81,,4.2,67.5,15.9,45.0,,0.0,0.0,0.0,,0.0,,2.3,18.9,11.11,2.7,,,,,,,,,,,,,9.6,,,,,,,,,,,,,,,1.88,1992-03-24T14:00:00,,,,,,,,,,,,,,,,,,,,,,,,,,,,,,,,,,,,,,,,,,,,,,5.9,,,,,,,7.5,,,,,,,2.0,,,,2.0,,,,,,3.0,,,,1.0,,,,,,,,,,,,,,1.0,,,,,,,,,,,,,,,,,,,,,,,,,,,,,,,,,,,,,,,,1.0,,,,,45.0,,,10.2,,,,,,,,9.7,,,,8.2,,,,,,14.5,,,,2.7,,,,,,,,,,,,,,1.6,,,,,,,,,,,,,,,,,,,,,,,,,,,,,,,,,,,,,,,,4.7,,,
1992-03-25,1011.0,1014.2,1012.9,,1009.0,,20.3,24.5,,17.7,,18.1,87,79,,4.6,45.0,13.9,90.0,,0.0,0.0,0.0,,0.0,,3.0,24.6,13.52,2.6,,,,,,,,,,,,,7.1,,,,,,,,,,,,,,,2.27,1992-03-25T12:00:00,,,,,,,,,,,,,,,,,,,,,,,,,,,,,,,,,,,,,,,,,,,,,,6.8,,,,,,,7.4,,,,,,,1.0,,,,5.0,,,,,,3.0,,,,,,,,,,,,,,,,,,,,,,,,,,,,,,,,,,,,,,,,,,,,,,,,,,,,,,,,,,1.0,,,,,22.5,,,9.5,,,,,,,,8.4,,,,19.8,,,,,,8.7,,,,,,,,,,,,,,,,,,,,,,,,,,,,,,,,,,,,,,,,,,,,,,,,,,,,,,,,,,6.2,,,
1992-03-26,1010.9,1014.4,1014.1,,1007.6,,21.5,26.6,,18.9,,18.5,83,68,,4.1,22.5,14.9,22.5,,0.0,0.0,0.0,,0.0,,2.8,22.9,11.28,3.2,,,,,,,,,,,,,8.4,,,,,,,,,,,,,,,2.35,1992-03-26T13:00:00,,,,,,,,,,,,,,,,,,,,,,,,,,,,,,,,,,,,,,,,,,,,,,7.7,,,,,,,9.8,,,,,,,4.0,,,,1.0,,,,,,1.0,,,,,,,,,,,,,,,,,,,,,,,,,,1.0,,,,,,,,,,,,,,,,,,,,,,1.0,,,,,,,,,,2.0,,,,,22.5,,,11.1,,,,,,,,24.0,,,,5.1,,,,,,6.4,,,,,,,,,,,,,,,,,,,,,,,,,,2.3,,,,,,,,,,,,,,,,,,,,,,0.7,,,,,,,,,,10.9,,,
1992-03-27,1011.8,1015.1,1015.8,,1009.0,,18.5,22.3,,16.4,,16.0,86,77,,5.8,22.5,15.2,67.5,,0.0,0.0,0.0,,0.0,,0.0,0.0,6.37,1.2,,,,,,,,,,,,,9.6,,,,,,,,,,,,,,,1.07,1992-03-27T10:00:00,,,,,,,,,,,,,,,,,,,,,,,,,,,,,,,,,,,,,,,,,,,,,,5.9,,,,,,,8.8,,,,,,,3.0,,,,5.0,,,,,,2.0,,,,,,,,,,,,,,,,,,,,,,,,,,,,,,,,,,,,,,,,,,,,,,,,,,,,,,,,,,,,,,,45.0,,,10.4,,,,,,,,17.0,,,,25.8,,,,,,13.2,,,,,,,,,,,,,,,,,,,,,,,,,,,,,,,,,,,,,,,,,,,,,,,,,,,,,,,,,,,,,
1992-03-28,1011.0,1014.2,1013.9,,1009.3,,20.1,23.1,,18.0,,17.8,87,78,,4.4,22.5,13.4,315.0,,17.5,5.8,3.5,,5.0,,0.0,0.0,6.16,-2.5,,,,,,,,,,,,,10.0,,,,,,,,,,,,,,,1.2,1992-03-28T13:00:00,,,,,,,,,,,,,,,,,,,,,,,,,,,,,,,,,,,,,,,,,,,,,,5.1,,,,,,,9.8,,,,,,,2.0,,,,3.0,,,,,,1.0,,,,1.0,,,,1.0,,,,,,,,,,,,,,,,,,,,,,,,,,,,,,,,,,,,,,,,,,,,,,,,,,2.0,,,,,22.5,,,8.2,,,,,,,,11.3,,,,14.1,,,,,,5.2,,,,3.4,,,,1.8,,,,,,,,,,,,,,,,,,,,,,,,,,,,,,,,,,,,,,,,,,,,,,,,,,7.3,,,
1992-03-29,1011.1,1014.6,1014.3,,1008.1,,16.5,20.5,,15.2,,14.5,88,77,,7.6,45.0,16.4,67.5,,13.5,9.1,3.0,,5.0,,0.7,5.7,5.13,-1.4,,,,,,,,,,,,,10.0,,,,,,,,,,,,,,,2.1,1992-03-29T13:00:00,,,,,,,,,,,,,,,,,,,,,,,,,,,,,,,,,,,,,,,,,,,,,,5.3,,,,,,,10.1,,,,,,,,,,,7.0,,,,,,3.0,,,,,,,,,,,,,,,,,,,,,,,,,,,,,,,,,,,,,,,,,,,,,,,,,,,,,,,,,,,,,,,22.5,,,10.3,,,,,,,,,,,,55.8,,,,,,21.9,,,,,,,,,,,,,,,,,,,,,,,,,,,,,,,,,,,,,,,,,,,,,,,,,,,,,,,,,,,,,
1992-03-30,1011.6,1015.1,1014.5,,1009.1,,17.8,21.8,,15.5,,15.2,85,78,,5.1,45.0,14.9,22.5,,0.0,0.0,0.0,,0.0,,0.3,2.4,5.15,1.1,,,,,,,,,,,,,9.8,,,,,,,,,,,,,,,1.03,1992-03-30T14:00:00,,,,,,,,,,,,,,,,,,,,,,,,,,,,,,,,,,,,,,,,,,,,,,6.3,,,,,,,7.9,,,,,,,,,,,5.0,,,,,,3.0,,,,,,,,1.0,,,,,,,,,,,,,,,,,,,,,,,,,,,,,,,,,,,,,,,,,,,,,,,,,,1.0,,,,,22.5,,,10.6,,,,,,,,,,,,35.3,,,,,,15.6,,,,,,,,1.5,,,,,,,,,,,,,,,,,,,,,,,,,,,,,,,,,,,,,,,,,,,,,,,,,,2.4,,,
1992-03-31,1009.4,1012.7,1012.4,,1006.1,,20.2,24.2,,17.6,,18.0,88,80,,3.1,337.5,16.0,337.5,,-9.8,0.4,-9.8,,-9.8,,1.3,10.6,7.41,-1.1,,,,,,,,,,,,,8.4,,,,,,,,,,,,,,,1.71,1992-03-31T15:00:00,,,,,,,,,,,,,,,,,,,,,,,,,,,,,,,,,,,,,,,,,,,,,,6.6,,,,,,,6.6,,,,,,,1.0,,,,1.0,,,,,,2.0,,,,,,,,,,,,,,,,,,1.0,,,,1.0,,,,,,,,,,,,,,1.0,,,,,,,,,,,,,,,,,,1.0,,,,,,2.0,,,337.5,,,8.9,,,,,,,,4.7,,,,3.3,,,,,,9.2,,,,,,,,,,,,,,,,,,1.4,,,,1.0,,,,,,,,,,,,,,1.1,,,,,,,,,,,,,,,,,,7.8,,,,,,1.8,
1992-04-01,1008.6,1011.9,1010.3,,1006.8,,20.5,25.5,,18.9,,19.0,91,72,,4.1,45.0,11.9,67.5,,14.5,10.7,2.5,,4.0,,0.2,1.6,4.35,-0.8,,,,,,,,,,,,,9.9,,,,,,,,,,,,,,,1.07,1992-04-01T12:00:00,,,,,,,,,,,,,,,,,,,,,,,,,,,,,,,,,,,,,,,,,,,,,,6.6,,,,,,,9.0,,,,,,,,,,,5.0,,,,,,1.0,,,,,,,,,,,,,,,,,,3.0,,,,,,,,1.0,,,,,,,,,,,,,,,,,,,,,,,,,,,,,,,,,,,,,22.5,,,8.3,,,,,,,,,,,,25.4,,,,,,3.3,,,,,,,,,,,,,,,,,,10.1,,,,,,,,0.9,,,,,,,,,,,,,,,,,,,,,,,,,,,,,,,,,,,
1992-04-02,1010.5,1013.9,1012.2,,1008.6,,17.5,18.9,,16.3,,15.5,88,85,,5.9,67.5,12.9,67.5,,3.6,4.1,1.4,,2.4,,0.0,0.0,1.85,-1.5,,,,,,,,,,,,,10.0,,,,,,,,,,,,,,,0.34,1992-04-02T11:00:00,,,,,,,,,,,,,,,,,,,,,,,,,,,,,,,,,,,,,,,,,,,,,,2.6,,,,,,,10.1,,,,,,,,,,,3.0,,,,,,7.0,,,,,,,,,,,,,,,,,,,,,,,,,,,,,,,,,,,,,,,,,,,,,,,,,,,,,,,,,,,,,,,45.0,,,8.0,,,,,,,,,,,,15.7,,,,,,42.7,,,,,,,,,,,,,,,,,,,,,,,,,,,,,,,,,,,,,,,,,,,,,,,,,,,,,,,,,,,,,
1992-04-03,1009.0,1012.4,1011.2,,1006.5,,19.2,23.4,,16.4,,17.2,89,79,,4.0,45.0,11.1,360.0,,7.0,6.0,0.8,,2.0,,1.9,15.3,8.93,-1.1,,,,,,,,,,,,,9.4,,,,,,,,,,,,,,,2.18,1992-04-03T12:00:00,,,,,,,,,,,,,,,,,,,,,,,,,,,,,,,,,,,,,,,,,,,,,,7.0,,,,,,,6.5,,,,,,,,,,,5.0,,,,,,2.0,,,,2.0,,,,,,,,,,,,,,,,,,,,,,,,,,,,,,,,,,,,,,,,,,,,,,,,,,,,,,1.0,,,,,360.0,,,7.9,,,,,,,,,,,,22.1,,,,,,9.6,,,,4.6,,,,,,,,,,,,,,,,,,,,,,,,,,,,,,,,,,,,,,,,,,,,,,,,,,,,,,3.7,,,
1992-04-04,1008.9,1012.2,1010.8,,1007.7,,20.3,22.6,,18.2,,18.7,91,85,,2.5,22.5,6.9,22.5,,4.5,2.8,1.0,,3.0,,0.3,2.4,5.66,0.5,,,,,,,,,,,,,9.0,,,,,,,,,,,,,,,1.11,1992-04-04T13:00:00,,,,,,,,,,,,,,,,,,,,,,,,,,,,,,,,,,,,,,,,,,,,,,4.4,,,,,,,5.8,,,,,,,2.0,,,,2.0,,,,,,2.0,,,,1.0,,,,1.0,,,,,,,,,,,,,,,,,,,,,,,,,,,,,,,,,,,,,,,,,,,,,,,,,,2.0,,,,,45.0,,,5.2,,,,,,,,7.3,,,,5.9,,,,,,5.6,,,,2.3,,,,1.1,,,,,,,,,,,,,,,,,,,,,,,,,,,,,,,,,,,,,,,,,,,,,,,,,,3.9,,,
1992-04-05,1008.4,1011.7,1010.0,,1006.4,,21.8,26.5,,19.3,,19.1,85,73,,1.7,67.5,9.3,360.0,,0.0,0.0,0.0,,0.0,,1.4,11.2,7.88,-1.6,,,,,,,,,,,,,9.8,,,,,,,,,,,,,,,1.84,1992-04-05T15:00:00,,,,,,,,,,,,,,,,,,,,,,,,,,,,,,,,,,,,,,,,,,,,,,7.2,,,,,,,6.8,,,,,,,,,,,1.0,,,,,,4.0,,,,,,,,,,,,,,,,,,2.0,,,,1.0,,,,,,,,,,,,,,,,,,,,,,,,,,,,,,,,,,,,2.0,,,,,45.0,,,5.3,,,,,,,,,,,,2.6,,,,,,8.5,,,,,,,,,,,,,,,,,,1.7,,,,0.4,,,,,,,,,,,,,,,,,,,,,,,,,,,,,,,,,,,,6.9,,,
1992-04-06,1007.8,1011.1,1010.1,,1005.4,,21.7,24.5,,20.2,,18.9,84,63,,2.5,157.5,12.0,180.0,,4.0,6.3,0.5,,2.0,,0.0,0.0,2.44,-1.1,,,,,,,,,,,,,9.8,,,,,,,,,,,,,,,0.3,1992-04-06T15:00:00,,,,,,,,,,,,,,,,,,,,,,,,,,,,,,,,,,,,,,,,,,,,,,4.3,,,,,,,12.2,,,,,,,,,,,1.0,,,,,,,,,,1.0,,,,,,,,,,,,,,5.0,,,,1.0,,,,1.0,,,,,,,,,,,,,,,,,,,,,,,,,,,,1.0,,,,,,,,,157.5,,,6.7,,,,,,,,,,,,3.1,,,,,,,,,,0.7,,,,,,,,,,,,,,14.0,,,,1.2,,,,2.1,,,,,,,,,,,,,,,,,,,,,,,,,,,,0.5,,,,,,,
1992-04-07,1009.1,1012.6,1012.1,,1007.4,,20.5,24.0,,18.5,,17.8,85,77,,5.6,45.0,15.2,45.0,,0.0,0.0,0.0,,0.0,,3.7,32.2,14.68,2.8,,,,,,,,,,,,,8.3,,,,,,,,,,,,,,,2.44,1992-04-07T12:00:00,,,,,,,,,,,,,,,,,,,,,,,,,,,,,,,,,,,,,,,,,,,,,,5.5,,,,,,,9.9,,,,,,,,,,,7.0,,,,,,3.0,,,,,,,,,,,,,,,,,,,,,,,,,,,,,,,,,,,,,,,,,,,,,,,,,,,,,,,,,,,,,,,22.5,,,11.1,,,,,,,,,,,,45.8,,,,,,9.7,,,,,,,,,,,,,,,,,,,,,,,,,,,,,,,,,,,,,,,,,,,,,,,,,,,,,,,,,,,,,
1992-04-08,1010.8,1014.0,1012.6,,1009.0,,21.0,24.4,,18.2,,18.4,85,78,,3.9,45.0,8.2,22.5,,0.0,0.0,0.0,,0.0,,1.7,13.6,11.91,-1.5,,,,,,,,,,,,,9.4,,,,,,,,,,,,,,,1.8,1992-04-08T13:00:00,,,,,,,,,,,,,,,,,,,,,,,,,,,,,,,,,,,,,,,,,,,,,,6.2,,,,,,,7.5,,,,,,,1.0,,,,5.0,,,,,,4.0,,,,,,,,,,,,,,,,,,,,,,,,,,,,,,,,,,,,,,,,,,,,,,,,,,,,,,,,,,,,,,,22.5,,,6.5,,,,,,,,5.2,,,,19.5,,,,,,11.1,,,,,,,,,,,,,,,,,,,,,,,,,,,,,,,,,,,,,,,,,,,,,,,,,,,,,,,,,,,,,
1992-04-09,1007.6,1010.9,1010.9,,1005.1,,22.9,28.9,,19.2,,19.3,82,56,,2.4,180.0,16.7,360.0,,10.0,1.8,4.5,,9.5,,1.2,9.6,8.31,-5.1,,,,,,,,,,,,,8.1,,,,,,,,,,,,,,,2.1,1992-04-09T14:00:00,,,,,,,,,,,,,,,,,,,,,,,,,,,,,,,,,,,,,,,,,,,,,,9.7,,,,,,,11.4,,,1.0,,,,2.0,,,,,,,,,,1.0,,,,,,,,1.0,,,,,,,,,,,,,,4.0,,,,,,,,,,,,,,1.0,,,,,,,,,,,,,,,,,,,,,,,,,,,337.5,,,11.8,,,,0.2,,,,4.5,,,,,,,,,,2.3,,,,,,,,1.5,,,,,,,,,,,,,,11.5,,,,,,,,,,,,,,4.1,,,,,,,,,,,,,,,,,,,,,,,,,
1992-04-10,1006.6,1009.9,1008.5,,1004.7,,24.1,27.8,,21.5,,20.1,79,66,,3.1,157.5,15.6,270.0,,14.5,5.0,4.5,,6.0,,0.5,4.0,6.58,-1.2,,,,,,,,,,,,,9.0,,,,,,,,,,,,,,,1.28,1992-04-10T14:00:00,,,,,,,,,,,,,,,,,,,,,,,,,,,,,,,,,,,,,,,,,,,,,,6.3,,,,,,,13.4,,,,,,,1.0,,,,2.0,,,,,,,,,,,,,,,,,,,,,,,,2.0,,,,2.0,,,,,,,,,,,,,,1.0,,,,1.0,,,,1.0,,,,,,,,,,,,,,,,,,,270.0,,,9.8,,,,,,,,1.5,,,,4.1,,,,,,,,,,,,,,,,,,,,,,,,7.1,,,,6.2,,,,,,,,,,,,,,2.6,,,,1.6,,,,5.1,,,,,,,,,,,,,,,,,
1992-04-11,1007.2,1010.5,1009.9,,1005.3,,19.5,22.7,,16.1,,17.2,87,79,,4.3,45.0,15.4,67.5,,52.5,19.4,6.0,,15.0,,0.0,0.0,1.12,-1.5,,,,,,,,,,,,,10.0,,,,,,,,,,,,,,,0.21,1992-04-11T13:00:00,,,,,,,,,,,,,,,,,,,,,,,,,,,,,,,,,,,,,,,,,,,,,,6.6,,,,,,,9.9,,,,,,,,,,,4.0,,,,,,2.0,,,,,,,,,,,,,,,,,,3.0,,,,,,,,,,,,,,,,,,,,,,,,,,,,,,,,,,,,,,,,1.0,,,,,45.0,,,10.0,,,,,,,,,,,,28.0,,,,,,6.7,,,,,,,,,,,,,,,,,,8.6,,,,,,,,,,,,,,,,,,,,,,,,,,,,,,,,,,,,,,,,0.7,,,
1992-04-12,1008.3,1011.9,1011.8,,1006.5,,17.2,18.4,,15.1,,13.7,80,71,,5.7,45.0,12.7,67.5,,6.5,4.8,1.5,,2.5,,0.0,0.0,1.94,-1.9,,,,,,,,,,,,,10.0,,,,,,,,,,,,,,,0.47,1992-04-12T13:00:00,,,,,,,,,,,,,,,,,,,,,,,,,,,,,,,,,,,,,,,,,,,,,,3.3,,,,,,,12.4,,,,,,,,,,,5.0,,,,,,5.0,,,,,,,,,,,,,,,,,,,,,,,,,,,,,,,,,,,,,,,,,,,,,,,,,,,,,,,,,,,,,,,67.5,,,8.2,,,,,,,,,,,,29.4,,,,,,26.3,,,,,,,,,,,,,,,,,,,,,,,,,,,,,,,,,,,,,,,,,,,,,,,,,,,,,,,,,,,,,
1992-04-13,1010.2,1013.5,1013.1,,1008.0,,20.1,24.9,,15.1,,14.3,70,52,,6.4,67.5,17.9,22.5,,0.0,0.0,0.0,,0.0,,8.7,68.9,19.91,5.0,,,,,,,,,,,,,6.0,,,,,,,,,,,,,,,2.74,1992-04-13T13:00:00,,,,,,,,,,,,,,,,,,,,,,,,,,,,,,,,,,,,,,,,,,,,,,9.8,,,,,,,15.9,,,,,,,2.0,,,,2.0,,,,,,6.0,,,,,,,,,,,,,,,,,,,,,,,,,,,,,,,,,,,,,,,,,,,,,,,,,,,,,,,,,,,,,,,22.5,,,12.4,,,,,,,,17.6,,,,12.9,,,,,,32.3,,,,,,,,,,,,,,,,,,,,,,,,,,,,,,,,,,,,,,,,,,,,,,,,,,,,,,,,,,,,,
1992-04-14,1011.4,1014.8,1013.4,,1009.5,,19.9,24.2,,16.8,,14.5,72,57,,5.1,45.0,16.6,67.5,,0.0,0.0,0.0,,0.0,,7.7,60.8,18.13,4.9,,,,,,,,,,,,,6.6,,,,,,,,,,,,,,,2.65,1992-04-14T13:00:00,,,,,,,,,,,,,,,,,,,,,,,,,,,,,,,,,,,,,,,,,,,,,,7.4,,,,,,,14.0,,,,,,,,,,,5.0,,,,,,3.0,,,,1.0,,,,,,,,,,,,,,,,,,,,,,,,,,,,,,,,,,,,,,,,,,,,,,,,,,,,,,1.0,,,,,45.0,,,11.1,,,,,,,,,,,,35.5,,,,,,10.1,,,,1.3,,,,,,,,,,,,,,,,,,,,,,,,,,,,,,,,,,,,,,,,,,,,,,,,,,,,,,1.0,,,
1992-04-15,1011.6,1015.0,1013.4,,1010.1,,20.7,25.2,,17.4,,16.4,77,64,,4.3,67.5,11.6,22.5,,0.0,0.0,0.0,,0.0,,1.9,15.0,11.16,3.0,,,,,,,,,,,,,7.6,,,,,,,,,,,,,,,2.18,1992-04-15T14:00:00,,,,,,,,,,,,,,,,,,,,,,,,,,,,,,,,,,,,,,,,,,,,,,7.8,,,,,,,12.6,,,,,,,1.0,,,,3.0,,,,,,5.0,,,,,,,,,,,,,,,,,,,,,,,,,,,,,,,,,,,,,,,,,,,,,,,,,,,,,,,,,,1.0,,,,,45.0,,,8.5,,,,,,,,8.2,,,,11.8,,,,,,18.3,,,,,,,,,,,,,,,,,,,,,,,,,,,,,,,,,,,,,,,,,,,,,,,,,,,,,,,,,,2.9,,,
1992-04-16,1012.7,1016.1,1014.9,,1010.9,,19.5,23.5,,16.1,,15.8,80,69,,5.6,45.0,15.7,45.0,,0.0,0.0,0.0,,0.0,,9.8,77.2,19.86,2.7,,,,,,,,,,,,,1.1,,,,,,,,,,,,,,,2.7,1992-04-16T13:00:00,,,,,,,,,,,,,,,,,,,,,,,,,,,,,,,,,,,,,,,,,,,,,,7.4,,,,,,,10.1,,,,,,,,,,,5.0,,,,,,4.0,,,,,,,,,,,,,,,,,,,,,,,,,,,,,,1.0,,,,,,,,,,,,,,,,,,,,,,,,,,,,,,,,,45.0,,,11.7,,,,,,,,,,,,34.3,,,,,,17.2,,,,,,,,,,,,,,,,,,,,,,,,,,,,,,1.0,,,,,,,,,,,,,,,,,,,,,,,,,,,,,,,
1992-04-17,1010.7,1013.9,1013.2,,1008.2,,20.7,25.5,,14.4,,16.9,79,63,,1.3,315.0,5.8,292.5,,0.0,0.0,0.0,,0.0,,10.5,82.5,19.57,4.1,,,,,,,,,,,,,1.8,,,,,,,,,,,,,,,2.65,1992-04-17T13:00:00,,,,,,,,,,,,,,,,,,,,,,,,,,,,,,,,,,,,,,,,,,,,,,11.1,,,,,,,9.3,,,1.0,,,,,,,,,,,,,,,,,,,,,,1.0,,,,1.0,,,,,,,,,,1.0,,,,,,,,,,,,,,2.0,,,,,,,,,,,,3.0,,,,,,,,,,1.0,,,,,315.0,,,3.7,,,,0.0,,,,,,,,,,,,,,,,,,,,,,1.1,,,,1.1,,,,,,,,,,1.5,,,,,,,,,,,,,,2.0,,,,,,,,,,,,4.8,,,,,,,,,,1.7,,,
1992-04-18,1006.9,1010.1,1008.6,,1005.0,,25.0,29.8,,20.6,,20.3,76,61,,4.2,157.5,13.5,270.0,,0.0,0.0,0.0,,0.0,,2.6,20.4,11.49,-3.3,,,,,,,,,,,,,7.9,,,,,,,,,,,,,,,2.1,1992-04-18T12:00:00,,,,,,,,,,,,,,,,,,,,,,,,,,,,,,,,,,,,,,,,,,,,,,9.2,,,,,,,11.0,,,,,,,,,,,,,,,,,,,,,,,,,,,,,,,,,,,4.0,,,,2.0,,,,,,,,1.0,,,,,,2.0,,,,1.0,,,,,,,,,,,,,,,,,,,,,,,270.0,,,9.3,,,,,,,,,,,,,,,,,,,,,,,,,,,,,,,,,,,,14.2,,,,6.7,,,,,,,,2.2,,,,,,8.6,,,,8.7,,,,,,,,,,,,,,,,,,,,,
1992-04-19,1007.9,1011.2,1010.4,,1005.8,,23.1,26.3,,20.9,,21.0,88,74,,3.5,157.5,9.9,180.0,,71.5,6.8,7.5,,28.5,,0.9,7.0,3.86,-99.5,,,,,,,,,,,,,9.6,,,,,,,,,,,,,,,1.8,1992-04-19T14:00:00,,,,,,,,,,,,,,,,,,,,,,,,,,,,,,,,,,,,,,,,,,,,,,5.4,,,,,,,12.3,,,,,,,1.0,,,,1.0,,,,,,,,,,1.0,,,,2.0,,,,,,,,,,3.0,,,,1.0,,,,,,,,,,,,,,,,,,,,,,,,,,,,,,,,,,,,1.0,,,,,22.5,,,5.7,,,,,,,,1.1,,,,4.4,,,,,,,,,,2.9,,,,3.7,,,,,,,,,,10.6,,,,4.1,,,,,,,,,,,,,,,,,,,,,,,,,,,,,,,,,,,,4.7,,,
1992-04-20,1009.5,1012.7,1011.9,,1007.7,,23.6,26.7,,20.5,,21.0,86,78,,2.3,67.5,7.3,67.5,,1.0,0.6,0.5,,0.5,,2.7,21.1,11.4,-2.5,,,,,,,,,,,,,8.6,,,,,,,,,,,,,,,2.27,1992-04-20T14:00:00,,,,,,,,,,,,,,,,,,,,,,,,,,,,,,,,,,,,,,,,,,,,,,6.2,,,,,,,10.4,,,,,,,1.0,,,,,,,,,,4.0,,,,1.0,,,,,,,,,,,,,,,,,,,,,,,,,,,,,,,,1.0,,,,,,,,1.0,,,,1.0,,,,,,,,,,1.0,,,,,22.5,,,5.2,,,,,,,,1.9,,,,,,,,,,10.9,,,,2.8,,,,,,,,,,,,,,,,,,,,,,,,,,,,,,,,1.6,,,,,,,,2.0,,,,0.6,,,,,,,,,,3.4,,,
1992-04-21,1005.6,1008.7,1008.9,,1002.3,,27.5,30.3,,23.8,,23.3,78,70,,5.7,247.5,15.7,247.5,,1.0,0.4,1.0,,1.0,,7.8,60.9,17.07,-6.1,,,,,,,,,,,,,7.5,,,,,,,,,,,,,,,2.4,1992-04-21T12:00:00,,,,,,,,,,,,,,,,,,,,,,,,,,,,,,,,,,,,,,,,,,,,,,6.5,,,,,,,10.6,,,,,,,,,,,,,,,,,,,,,,,,,,,,,,,,,,,3.0,,,,2.0,,,,2.0,,,,,,,,,,3.0,,,,,,,,,,,,,,,,,,,,,,,,,,,270.0,,,11.1,,,,,,,,,,,,,,,,,,,,,,,,,,,,,,,,,,,,10.6,,,,8.3,,,,11.9,,,,,,,,,,24.3,,,,,,,,,,,,,,,,,,,,,,,,,
1992-04-22,1006.9,1010.2,1010.1,,1003.6,,23.1,27.4,,19.9,,20.5,86,70,,3.5,67.5,18.5,337.5,,43.0,3.2,12.5,,36.0,,0.2,1.6,5.86,-1.0,,,,,,,,,,,,,8.9,,,,,,,,,,,,,,,0.94,1992-04-22T15:00:00,,,,,,,,,,,,,,,,,,,,,,,,,,,,,,,,,,,,,,,,,,,,,,7.5,,,,,,,13.9,,,,,,,1.0,,,,2.0,,,,,,2.0,,,,,,,,1.0,,,,,,,,,,2.0,,,,1.0,,,,,,,,,,,,,,,,,,,,,,,,,,,,,,,,,,,,,,1.0,,,337.5,,,11.9,,,,,,,,3.6,,,,9.0,,,,,,8.0,,,,,,,,2.1,,,,,,,,,,3.7,,,,5.2,,,,,,,,,,,,,,,,,,,,,,,,,,,,,,,,,,,,,,0.9,
1992-04-23,1009.7,1013.0,1011.6,,1008.0,,24.0,27.3,,20.0,,21.4,85,76,,3.1,67.5,8.2,22.5,,0.0,0.0,0.0,,0.0,,9.2,71.6,19.17,-2.5,,,,,,,,,,,,,5.5,,,,,,,,,,,,,,,2.7,1992-04-23T13:00:00,,,,,,,,,,,,,,,,,,,,,,,,,,,,,,,,,,,,,,,,,,,,,,7.3,,,,,,,10.8,,,1.0,,,,2.0,,,,2.0,,,,,,3.0,,,,,,,,,,,,,,,,,,1.0,,,,,,,,,,,,,,,,,,,,,,,,,,,,,,,,,,,,,,,,1.0,,,,,22.5,,,6.3,,,,0.2,,,,9.7,,,,6.0,,,,,,8.6,,,,,,,,,,,,,,,,,,1.2,,,,,,,,,,,,,,,,,,,,,,,,,,,,,,,,,,,,,,,,4.4,,,
1992-04-24,1011.8,1015.3,1014.6,,1008.5,,24.9,27.9,,21.4,,21.7,83,70,,1.9,157.5,15.3,315.0,,26.5,4.6,8.5,,16.5,,0.3,2.3,4.73,-3.1,,,,,,,,,,,,,8.1,,,,,,,,,,,,,,,1.54,1992-04-24T14:00:00,,,,,,,,,,,,,,,,,,,,,,,,,,,,,,,,,,,,,,,,,,,,,,6.5,,,,,,,15.0,,,,,,,2.0,,,,,,,,,,,,,,,,,,,,,,1.0,,,,,,5.0,,,,1.0,,,,,,,,,,,,,,1.0,,,,,,,,,,,,,,,,,,,,,,,,,,,292.5,,,8.3,,,,,,,,2.5,,,,,,,,,,,,,,,,,,,,,,3.5,,,,,,9.8,,,,1.5,,,,,,,,,,,,,,1.5,,,,,,,,,,,,,,,,,,,,,,,,,
1992-04-25,1013.5,1016.7,1015.3,,1012.0,,24.1,27.5,,21.8,,21.9,88,81,,4.8,45.0,11.1,22.5,,0.0,0.0,0.0,,0.0,,1.3,10.1,10.67,2.6,,,,,,,,,,,,,9.5,,,,,,,,,,,,,,,2.18,1992-04-25T12:00:00,,,,,,,,,,,,,,,,,,,,,,,,,,,,,,,,,,,,,,,,,,,,,,5.7,,,,,,,7.3,,,,,,,2.0,,,,4.0,,,,,,3.0,,,,,,,,1.0,,,,,,,,,,,,,,,,,,,,,,,,,,,,,,,,,,,,,,,,,,,,,,,,,,,,,,,22.5,,,8.5,,,,,,,,14.2,,,,21.7,,,,,,9.4,,,,,,,,0.6,,,,,,,,,,,,,,,,,,,,,,,,,,,,,,,,,,,,,,,,,,,,,,,,,,,,,
1992-04-26,1010.0,1013.1,1013.0,,1007.3,,23.0,26.6,,20.7,,21.3,90,83,,2.5,90.0,9.1,45.0,,-9.8,1.8,-9.8,,-9.8,,1.2,9.3,8.99,-3.0,,,,,,,,,,,,,10.0,,,,,,,,,,,,,,,2.01,1992-04-26T11:00:00,,,,,,,,,,,,,,,,,,,,,,,,,,,,,,,,,,,,,,,,,,,,,,5.9,,,,,,,6.1,,,,,,,,,,,1.0,,,,,,1.0,,,,3.0,,,,,,,,1.0,,,,,,,,,,1.0,,,,,,,,,,,,,,,,,,,,,,1.0,,,,1.0,,,,,,,,,,1.0,,,,,45.0,,,6.0,,,,,,,,,,,,3.9,,,,,,2.0,,,,6.3,,,,,,,,1.6,,,,,,,,,,0.3,,,,,,,,,,,,,,,,,,,,,,2.7,,,,2.5,,,,,,,,,,2.6,,,
1992-04-27,1007.0,1010.2,1008.0,,1005.2,,25.0,27.8,,22.9,,22.3,85,77,,3.4,270.0,8.9,270.0,,0.0,0.0,0.0,,0.0,,1.0,7.7,12.46,4.0,,,,,,,,,,,,,9.1,,,,,,,,,,,,,,,2.14,1992-04-27T12:00:00,,,,,,,,,,,,,,,,,,,,,,,,,,,,,,,,,,,,,,,,,,,,,,4.9,,,,,,,8.5,,,,,,,,,,,,,,,,,,,,,,,,,,,,,,,,,,,3.0,,,,1.0,,,,2.0,,,,1.0,,,,,,,,,,3.0,,,,,,,,,,,,,,,,,,,,,,,270.0,,,6.9,,,,,,,,,,,,,,,,,,,,,,,,,,,,,,,,,,,,4.9,,,,3.9,,,,7.2,,,,1.3,,,,,,,,,,16.4,,,,,,,,,,,,,,,,,,,,,
1992-04-28,1006.4,1009.7,1008.2,,1005.0,,25.9,28.8,,23.4,,22.5,82,74,,4.3,180.0,11.1,270.0,,0.0,0.0,0.0,,0.0,,5.9,45.6,17.93,3.3,,,,,,,,,,,,,6.3,,,,,,,,,,,,,,,2.74,1992-04-28T13:00:00,,,,,,,,,,,,,,,,,,,,,,,,,,,,,,,,,,,,,,,,,,,,,,5.4,,,,,,,10.5,,,,,,,,,,,,,,,,,,,,,,,,,,,,,,,,,,,1.0,,,,5.0,,,,1.0,,,,,,,,,,2.0,,,,1.0,,,,,,,,,,,,,,,,,,,,,,,270.0,,,8.1,,,,,,,,,,,,,,,,,,,,,,,,,,,,,,,,,,,,3.4,,,,17.7,,,,5.1,,,,,,,,,,11.0,,,,7.1,,,,,,,,,,,,,,,,,,,,,
1992-04-29,1006.7,1010.0,1009.4,,1003.8,,26.9,30.2,,24.0,,22.6,78,67,,5.4,180.0,14.4,270.0,,0.0,0.0,0.0,,0.0,,8.9,68.6,18.9,5.8,,,,,,,,,,,,,4.6,,,,,,,,,,,,,,,2.74,1992-04-29T13:00:00,,,,,,,,,,,,,,,,,,,,,,,,,,,,,,,,,,,,,,,,,,,,,,6.2,,,,,,,14.6,,,,,,,,,,,,,,,,,,,,,,,,,,,,,,,,,,,3.0,,,,3.0,,,,1.0,,,,1.0,,,,,,1.0,,,,1.0,,,,,,,,,,,,,,,,,,,,,,,270.0,,,10.3,,,,,,,,,,,,,,,,,,,,,,,,,,,,,,,,,,,,13.7,,,,12.4,,,,5.8,,,,6.3,,,,,,5.5,,,,9.4,,,,,,,,,,,,,,,,,,,,,
1992-04-30,1007.6,1011.0,1010.1,,1006.1,,26.8,29.3,,25.4,,22.6,78,67,,3.8,157.5,10.0,247.5,,0.0,0.0,0.0,,0.0,,0.0,0.0,9.04,-2.3,,,,,,,,,,,,,9.5,,,,,,,,,,,,,,,1.93,1992-04-30T13:00:00,,,,,,,,,,,,,,,,,,,,,,,,,,,,,,,,,,,,,,,,,,,,,,3.9,,,,,,,14.9,,,,,,,,,,,,,,,,,,,,,,,,,,,,,,,,,,,5.0,,,,,,,,,,,,,,,,,,2.0,,,,1.0,,,,,,,,2.0,,,,,,,,,,,,,,,270.0,,,6.6,,,,,,,,,,,,,,,,,,,,,,,,,,,,,,,,,,,,16.8,,,,,,,,,,,,,,,,,,9.8,,,,4.3,,,,,,,,5.3,,,,,,,,,,,,,
1992-05-01,1007.6,1010.9,1009.8,,1005.3,,26.6,29.6,,24.6,,23.2,81,72,,2.5,112.5,6.5,270.0,,4.5,0.9,4.0,,4.0,,5.5,42.3,16.23,-3.0,,,,,,,,,,,,,6.8,,,,,,,,,,,,,,,2.44,1992-05-01T13:00:00,,,,,,,,,,,,,,,,,,,,,,,,,,,,,,,,,,,,,,,,,,,,,,5.0,,,,,,,13.9,,,,,,,,,,,,,,,,,,,,,,,,,2.0,,,,,,,,,,2.0,,,,1.0,,,,1.0,,,,1.0,,,,,,,,,,1.0,,,,1.0,,,,,,,,,,1.0,,,,,,,,,292.5,,,4.7,,,,,,,,,,,,,,,,,,,,,,,,,,4.2,,,,,,,,,,4.0,,,,1.9,,,,2.0,,,,1.6,,,,,,,,,,3.5,,,,3.2,,,,,,,,,,3.3,,,,,,,
1992-05-02,1007.6,1010.8,1008.9,,1006.2,,25.3,28.6,,23.8,,22.3,83,72,,3.1,45.0,9.5,45.0,,1.0,1.0,0.8,,1.0,,2.0,15.3,11.83,2.5,,,,,,,,,,,,,8.0,,,,,,,,,,,,,,,2.44,1992-05-02T13:00:00,,,,,,,,,,,,,,,,,,,,,,,,,,,,,,,,,,,,,,,,,,,,,,4.8,,,,,,,14.0,,,,,,,,,,,4.0,,,,,,1.0,,,,,,,,,,,,,,,,,,,,,,2.0,,,,,,,,,,,,,,,,,,,,,,,,,,1.0,,,,,,1.0,,,,1.0,,,,,22.5,,,6.9,,,,,,,,,,,,18.8,,,,,,0.4,,,,,,,,,,,,,,,,,,,,,,2.4,,,,,,,,,,,,,,,,,,,,,,,,,,1.7,,,,,,5.0,,,,1.8,,,
1992-05-03,1009.0,1012.4,1011.2,,1006.5,,25.1,28.3,,23.6,,21.9,83,76,,2.5,360.0,8.1,22.5,,0.0,0.0,0.0,,0.0,,2.1,16.1,13.69,3.2,,,,,,,,,,,,,8.1,,,,,,,,,,,,,,,2.27,1992-05-03T14:00:00,,,,,,,,,,,,,,,,,,,,,,,,,,,,,,,,,,,,,,,,,,,,,,4.7,,,,,,,10.9,,,,,,,,,,,1.0,,,,,,,,,,1.0,,,,,,,,,,,,,,,,,,1.0,,,,,,,,,,,,,,1.0,,,,1.0,,,,1.0,,,,,,,,,,2.0,,,,2.0,,,,,22.5,,,6.4,,,,,,,,,,,,3.2,,,,,,,,,,2.1,,,,,,,,,,,,,,,,,,2.3,,,,,,,,,,,,,,1.6,,,,1.9,,,,0.4,,,,,,,,,,3.9,,,,7.4,,,
1992-05-04,1011.2,1014.5,1012.6,,1009.5,,25.2,28.0,,23.6,,22.1,83,76,,1.9,67.5,6.8,360.0,,0.0,0.0,0.0,,0.0,,7.4,56.7,19.44,3.8,,,,,,,,,,,,,6.6,,,,,,,,,,,,,,,2.78,1992-05-04T12:00:00,,,,,,,,,,,,,,,,,,,,,,,,,,,,,,,,,,,,,,,,,,,,,,4.4,,,,,,,10.1,,,1.0,,,,,,,,1.0,,,,,,3.0,,,,,,,,,,,,1.0,,,,,,1.0,,,,,,,,,,,,,,,,,,1.0,,,,,,,,,,,,1.0,,,,,,,,,,1.0,,,,,360.0,,,5.0,,,,0.1,,,,,,,,3.5,,,,,,6.3,,,,,,,,,,,,0.3,,,,,,0.4,,,,,,,,,,,,,,,,,,1.9,,,,,,,,,,,,3.0,,,,,,,,,,3.8,,,
1992-05-05,1010.1,1013.4,1011.7,,1008.5,,26.9,30.0,,23.1,,22.0,75,63,,1.3,360.0,6.4,360.0,,0.0,0.0,0.0,,0.0,,8.5,65.0,18.83,2.8,,,,,,,,,,,,,5.8,,,,,,,,,,,,,,,2.57,1992-05-05T14:00:00,,,,,,,,,,,,,,,,,,,,,,,,,,,,,,,,,,,,,,,,,,,,,,6.9,,,,,,,12.1,,,,,,,,,,,,,,,,,,,,,,,,,,,,,,,,,,,2.0,,,,1.0,,,,,,,,1.0,,,,,,1.0,,,,,,,,1.0,,,,,,,,,,1.0,,,,3.0,,,,,360.0,,,4.5,,,,,,,,,,,,,,,,,,,,,,,,,,,,,,,,,,,,1.3,,,,1.1,,,,,,,,0.3,,,,,,0.9,,,,,,,,0.5,,,,,,,,,,2.1,,,,7.4,,,
1992-05-06,1007.3,1010.4,1009.2,,1005.1,,27.8,30.9,,24.7,,23.1,76,65,,3.1,270.0,12.7,270.0,,0.0,0.0,0.0,,0.0,,1.2,9.2,14.84,4.0,,,,,,,,,,,,,7.6,,,,,,,,,,,,,,,2.35,1992-05-06T12:00:00,,,,,,,,,,,,,,,,,,,,,,,,,,,,,,,,,,,,,,,,,,,,,,6.2,,,,,,,13.8,,,1.0,,,,,,,,,,,,,,,,,,,,,,,,,,,,,,,,1.0,,,,1.0,,,,,,,,3.0,,,,,,2.0,,,,2.0,,,,,,,,,,,,,,,,,,,,,,,247.5,,,8.7,,,,0.1,,,,,,,,,,,,,,,,,,,,,,,,,,,,,,,,0.3,,,,3.3,,,,,,,,7.0,,,,,,7.6,,,,11.5,,,,,,,,,,,,,,,,,,,,,
1992-05-07,1004.4,1007.5,1006.3,,1002.5,,27.9,31.4,,25.6,,23.1,75,65,,5.1,180.0,13.8,270.0,,0.0,0.0,0.0,,0.0,,6.1,46.5,17.59,-5.1,,,,,,,,,,,,,7.1,,,,,,,,,,,,,,,2.57,1992-05-07T12:00:00,,,,,,,,,,,,,,,,,,,,,,,,,,,,,,,,,,,,,,,,,,,,,,5.8,,,,,,,21.0,,,,,,,,,,,,,,,,,,,,,,,,,,,,,,,,,,,3.0,,,,4.0,,,,,,,,,,,,,,1.0,,,,2.0,,,,,,,,,,,,,,,,,,,,,,,247.5,,,9.4,,,,,,,,,,,,,,,,,,,,,,,,,,,,,,,,,,,,10.6,,,,16.7,,,,,,,,,,,,,,6.2,,,,15.3,,,,,,,,,,,,,,,,,,,,,
1992-05-08,1004.4,1007.7,1006.1,,1002.6,,24.6,27.4,,22.5,,20.6,79,61,,2.3,157.5,9.7,180.0,,21.5,11.3,1.5,,4.0,,0.0,0.0,2.49,-1.2,,,,,,,,,,,,,10.0,,,,,,,,,,,,,,,0.56,1992-05-08T11:00:00,,,,,,,,,,,,,,,,,,,,,,,,,,,,,,,,,,,,,,,,,,,,,,4.9,,,,,,,17.3,,,,,,,,,,,,,,,,,,,,,,,,,,,,,,,,,,,8.0,,,,1.0,,,,1.0,,,,,,,,,,,,,,,,,,,,,,,,,,,,,,,,,,,,,157.5,,,5.1,,,,,,,,,,,,,,,,,,,,,,,,,,,,,,,,,,,,21.2,,,,3.4,,,,1.4,,,,,,,,,,,,,,,,,,,,,,,,,,,,,,,,,,,
1992-05-09,1006.9,1010.2,1010.0,,1003.2,,22.9,25.8,,20.2,,19.7,82,74,,5.3,67.5,19.1,22.5,,15.5,6.2,2.5,,7.5,,0.0,0.0,4.62,-3.9,,,,,,,,,,,,,9.5,,,,,,,,,,,,,,,0.94,1992-05-09T10:00:00,,,,,,,,,,,,,,,,,,,,,,,,,,,,,,,,,,,,,,,,,,,,,,5.6,,,,,,,16.5,,,,,,,,,,,2.0,,,,,,3.0,,,,,,,,,,,,1.0,,,,,,3.0,,,,1.0,,,,,,,,,,,,,,,,,,,,,,,,,,,,,,,,,,,,,,,,,67.5,,,11.1,,,,,,,,,,,,14.7,,,,,,26.7,,,,,,,,,,,,1.5,,,,,,9.1,,,,2.6,,,,,,,,,,,,,,,,,,,,,,,,,,,,,,,,,,,,,,,
1992-05-10,1010.1,1013.5,1012.2,,1008.5,,20.4,21.9,,19.2,,15.6,74,70,,8.1,67.5,18.5,67.5,,0.0,0.0,0.0,,0.0,,0.1,0.8,8.21,4.1,,,,,,,,,,,,,9.9,,,,,,,,,,,,,,,1.37,1992-05-10T11:00:00,,,,,,,,,,,,,,,,,,,,,,,,,,,,,,,,,,,,,,,,,,,,,,2.7,,,,,,,18.4,,,,,,,,,,,4.0,,,,,,6.0,,,,,,,,,,,,,,,,,,,,,,,,,,,,,,,,,,,,,,,,,,,,,,,,,,,,,,,,,,,,,,,67.5,,,11.7,,,,,,,,,,,,33.9,,,,,,46.0,,,,,,,,,,,,,,,,,,,,,,,,,,,,,,,,,,,,,,,,,,,,,,,,,,,,,,,,,,,,,
1992-05-11,1011.2,1014.6,1012.8,,1009.6,,21.5,24.9,,19.3,,17.2,77,72,,7.4,45.0,16.3,45.0,,0.0,0.0,0.0,,0.0,,0.1,0.8,9.5,3.8,,,,,,,,,,,,,8.3,,,,,,,,,,,,,,,1.67,1992-05-11T13:00:00,,,,,,,,,,,,,,,,,,,,,,,,,,,,,,,,,,,,,,,,,,,,,,5.6,,,,,,,13.4,,,,,,,,,,,6.0,,,,,,4.0,,,,,,,,,,,,,,,,,,,,,,,,,,,,,,,,,,,,,,,,,,,,,,,,,,,,,,,,,,,,,,,45.0,,,11.5,,,,,,,,,,,,48.1,,,,,,24.6,,,,,,,,,,,,,,,,,,,,,,,,,,,,,,,,,,,,,,,,,,,,,,,,,,,,,,,,,,,,,
1992-05-12,1010.4,1013.8,1012.1,,1009.1,,23.4,26.8,,19.1,,20.4,83,75,,4.4,67.5,11.2,22.5,,0.0,0.0,0.0,,0.0,,9.1,68.8,18.62,1.8,,,,,,,,,,,,,2.5,,,,,,,,,,,,,,,2.57,1992-05-12T11:00:00,,,,,,,,,,,,,,,,,,,,,,,,,,,,,,,,,,,,,,,,,,,,,,7.7,,,,,,,10.5,,,,,,,3.0,,,,2.0,,,,,,4.0,,,,,,,,,,,,,,,,,,,,,,1.0,,,,,,,,,,,,,,,,,,,,,,,,,,,,,,,,,,,,,,,,,22.5,,,8.5,,,,,,,,19.1,,,,10.3,,,,,,12.0,,,,,,,,,,,,,,,,,,,,,,0.7,,,,,,,,,,,,,,,,,,,,,,,,,,,,,,,,,,,,,,,
1992-05-13,1010.5,1013.8,1011.9,,1009.2,,25.7,29.0,,21.9,,22.5,83,74,,3.0,360.0,8.8,67.5,,0.0,0.0,0.0,,0.0,,10.2,77.1,19.13,3.6,,,,,,,,,,,,,0.9,,,,,,,,,,,,,,,2.61,1992-05-13T13:00:00,,,,,,,,,,,,,,,,,,,,,,,,,,,,,,,,,,,,,,,,,,,,,,7.1,,,,,,,9.0,,,,,,,1.0,,,,2.0,,,,,,2.0,,,,2.0,,,,,,,,,,,,,,1.0,,,,,,,,,,,,,,,,,,,,,,,,,,,,,,,,,,,,,,,,2.0,,,,,360.0,,,6.0,,,,,,,,5.2,,,,7.2,,,,,,2.8,,,,4.2,,,,,,,,,,,,,,0.8,,,,,,,,,,,,,,,,,,,,,,,,,,,,,,,,,,,,,,,,8.0,,,
1992-05-14,1009.9,1013.1,1011.7,,1007.7,,25.8,28.8,,23.4,,22.5,82,74,,4.1,67.5,12.2,45.0,,0.0,0.0,0.0,,0.0,,5.1,38.5,17.22,2.3,,,,,,,,,,,,,5.6,,,,,,,,,,,,,,,2.4,1992-05-14T13:00:00,,,,,,,,,,,,,,,,,,,,,,,,,,,,,,,,,,,,,,,,,,,,,,5.4,,,,,,,9.3,,,,,,,3.0,,,,2.0,,,,,,5.0,,,,,,,,,,,,,,,,,,,,,,,,,,,,,,,,,,,,,,,,,,,,,,,,,,,,,,,,,,,,,,,45.0,,,9.4,,,,,,,,15.4,,,,9.3,,,,,,16.5,,,,,,,,,,,,,,,,,,,,,,,,,,,,,,,,,,,,,,,,,,,,,,,,,,,,,,,,,,,,,
1992-05-15,1007.9,1011.1,1010.4,,1006.1,,25.4,29.7,,23.3,,22.3,83,66,,2.0,67.5,12.7,360.0,,1.5,1.1,0.5,,1.5,,0.2,1.5,7.66,-1.1,,,,,,,,,,,,,8.9,,,,,,,,,,,,,,,1.88,1992-05-15T13:00:00,,,,,,,,,,,,,,,,,,,,,,,,,,,,,,,,,,,,,,,,,,,,,,6.4,,,,,,,10.6,,,,,,,3.0,,,,1.0,,,,,,4.0,,,,1.0,,,,,,,,,,,,,,,,,,,,,,,,,,,,,,,,,,,,,,,,,,,,,,,,,,,,,,1.0,,,,,360.0,,,8.5,,,,,,,,9.7,,,,2.2,,,,,,5.1,,,,1.2,,,,,,,,,,,,,,,,,,,,,,,,,,,,,,,,,,,,,,,,,,,,,,,,,,,,,,5.9,,,
1992-05-16,1006.5,1009.7,1008.3,,1004.8,,26.5,29.6,,23.7,,23.0,81,72,,1.9,360.0,6.6,360.0,,0.0,0.0,0.0,,0.0,,7.9,59.5,18.04,3.2,,,,,,,,,,,,,6.8,,,,,,,,,,,,,,,2.65,1992-05-16T13:00:00,,,,,,,,,,,,,,,,,,,,,,,,,,,,,,,,,,,,,,,,,,,,,,5.9,,,,,,,9.9,,,1.0,,,,,,,,2.0,,,,,,,,,,,,,,,,,,,,,,,,,,,,,,,,,,,,,,,,,,1.0,,,,,,,,1.0,,,,,,,,,,1.0,,,,4.0,,,,,360.0,,,4.5,,,,0.0,,,,,,,,3.4,,,,,,,,,,,,,,,,,,,,,,,,,,,,,,,,,,,,,,,,,,1.8,,,,,,,,0.7,,,,,,,,,,0.9,,,,11.4,,,
1992-05-17,1003.7,1006.8,1005.3,,1002.1,,25.5,28.6,,22.9,,22.1,82,71,,3.2,180.0,14.3,180.0,,80.5,12.4,12.5,,23.0,,0.3,2.3,3.63,-99.5,,,,,,,,,,,,,9.5,,,,,,,,,,,,,,,1.07,1992-05-17T09:00:00,,,,,,,,,,,,,,,,,,,,,,,,,,,,,,,,,,,,,,,,,,,,,,5.7,,,,,,,8.1,,,,,,,,,,,,,,,,,,,,,,,,,,,,,1.0,,,,,,4.0,,,,4.0,,,,1.0,,,,,,,,,,,,,,,,,,,,,,,,,,,,,,,,,,,,,180.0,,,7.9,,,,,,,,,,,,,,,,,,,,,,,,,,,,,,0.8,,,,,,10.5,,,,18.2,,,,3.3,,,,,,,,,,,,,,,,,,,,,,,,,,,,,,,,,,,
1992-05-18,1004.9,1008.2,1006.8,,1003.2,,22.4,24.1,,19.8,,19.9,85,81,,3.9,67.5,11.1,90.0,,31.0,7.9,4.5,,10.0,,0.0,0.0,4.65,-1.0,,,,,,,,,,,,,9.9,,,,,,,,,,,,,,,1.28,1992-05-18T14:00:00,,,,,,,,,,,,,,,,,,,,,,,,,,,,,,,,,,,,,,,,,,,,,,4.3,,,,,,,9.3,,,1.0,,,,,,,,2.0,,,,,,3.0,,,,,,,,,,,,,,,,,,3.0,,,,,,,,,,,,,,,,,,,,,,,,,,,,,,1.0,,,,,,,,,,,,,,,67.5,,,7.1,,,,0.0,,,,,,,,12.3,,,,,,18.3,,,,,,,,,,,,,,,,,,5.6,,,,,,,,,,,,,,,,,,,,,,,,,,,,,,0.6,,,,,,,,,,,,,
1992-05-19,1006.0,1009.3,1007.8,,1004.4,,21.5,24.4,,19.6,,17.7,80,69,,5.0,67.5,11.0,67.5,,0.5,2.9,0.5,,0.5,,0.3,2.3,8.56,2.6,,,,,,,,,,,,,8.8,,,,,,,,,,,,,,,1.24,1992-05-19T12:00:00,,,,,,,,,,,,,,,,,,,,,,,,,,,,,,,,,,,,,,,,,,,,,,4.8,,,,,,,12.6,,,,,,,,,,,4.0,,,,,,6.0,,,,,,,,,,,,,,,,,,,,,,,,,,,,,,,,,,,,,,,,,,,,,,,,,,,,,,,,,,,,,,,45.0,,,7.0,,,,,,,,,,,,21.6,,,,,,28.8,,,,,,,,,,,,,,,,,,,,,,,,,,,,,,,,,,,,,,,,,,,,,,,,,,,,,,,,,,,,,
1992-05-20,1007.1,1010.3,1008.8,,1005.8,,22.4,25.2,,20.3,,17.4,74,65,,3.8,45.0,10.1,67.5,,0.0,0.0,0.0,,0.0,,0.1,0.8,6.68,1.9,,,,,,,,,,,,,9.8,,,,,,,,,,,,,,,1.03,1992-05-20T13:00:00,,,,,,,,,,,,,,,,,,,,,,,,,,,,,,,,,,,,,,,,,,,,,,4.9,,,,,,,16.0,,,,,,,1.0,,,,3.0,,,,,,5.0,,,,1.0,,,,,,,,,,,,,,,,,,,,,,,,,,,,,,,,,,,,,,,,,,,,,,,,,,,,,,,,,,,67.5,,,7.0,,,,,,,,4.6,,,,14.2,,,,,,14.6,,,,2.2,,,,,,,,,,,,,,,,,,,,,,,,,,,,,,,,,,,,,,,,,,,,,,,,,,,,,,,,,
1992-05-21,1007.1,1010.4,1008.8,,1005.6,,21.9,24.6,,19.5,,17.1,74,65,,4.6,45.0,12.9,67.5,,-9.8,0.5,-9.8,,-9.8,,0.0,0.0,4.68,-2.0,,,,,,,,,,,,,9.9,,,,,,,,,,,,,,,0.94,1992-05-21T12:00:00,,,,,,,,,,,,,,,,,,,,,,,,,,,,,,,,,,,,,,,,,,,,,,5.1,,,,,,,14.8,,,,,,,,,,,5.0,,,,,,4.0,,,,1.0,,,,,,,,,,,,,,,,,,,,,,,,,,,,,,,,,,,,,,,,,,,,,,,,,,,,,,,,,,,67.5,,,7.4,,,,,,,,,,,,22.2,,,,,,19.7,,,,2.6,,,,,,,,,,,,,,,,,,,,,,,,,,,,,,,,,,,,,,,,,,,,,,,,,,,,,,,,,
1992-05-22,1005.3,1008.5,1007.0,,1004.1,,20.9,23.0,,19.2,,18.6,87,81,,3.4,45.0,8.8,67.5,,25.0,7.3,3.5,,8.0,,0.0,0.0,4.06,-1.0,,,,,,,,,,,,,9.9,,,,,,,,,,,,,,,0.94,1992-05-22T12:00:00,,,,,,,,,,,,,,,,,,,,,,,,,,,,,,,,,,,,,,,,,,,,,,3.8,,,,,,,9.6,,,,,,,3.0,,,,4.0,,,,,,3.0,,,,,,,,,,,,,,,,,,,,,,,,,,,,,,,,,,,,,,,,,,,,,,,,,,,,,,,,,,,,,,,45.0,,,5.7,,,,,,,,10.0,,,,14.3,,,,,,6.8,,,,,,,,,,,,,,,,,,,,,,,,,,,,,,,,,,,,,,,,,,,,,,,,,,,,,,,,,,,,,
1992-05-23,1004.0,1007.3,1005.6,,1002.6,,23.8,27.6,,21.5,,20.2,81,71,,3.6,22.5,11.3,22.5,,-9.8,1.1,-9.8,,-9.8,,6.0,44.8,15.36,3.9,,,,,,,,,,,,,5.3,,,,,,,,,,,,,,,2.82,1992-05-23T13:00:00,,,,,,,,,,,,,,,,,,,,,,,,,,,,,,,,,,,,,,,,,,,,,,6.1,,,,,,,14.8,,,,,,,3.0,,,,2.0,,,,,,3.0,,,,2.0,,,,,,,,,,,,,,,,,,,,,,,,,,,,,,,,,,,,,,,,,,,,,,,,,,,,,,,,,,,22.5,,,8.6,,,,,,,,17.2,,,,6.9,,,,,,6.9,,,,2.9,,,,,,,,,,,,,,,,,,,,,,,,,,,,,,,,,,,,,,,,,,,,,,,,,,,,,,,,,
1992-05-24,1005.4,1008.7,1007.3,,1003.1,,25.2,29.1,,20.7,,21.2,79,69,,2.1,360.0,7.2,22.5,,0.0,0.0,0.0,,0.0,,10.7,79.8,19.44,4.0,,,,,,,,,,,,,3.4,,,,,,,,,,,,,,,2.57,1992-05-24T12:00:00,,,,,,,,,,,,,,,,,,,,,,,,,,,,,,,,,,,,,,,,,,,,,,8.4,,,,,,,7.1,,,,,,,,,,,1.0,,,,,,,,,,,,,,,,,,1.0,,,,,,3.0,,,,,,,,,,,,,,,,,,,,,,,,,,,,,,,,,,,,,,,,5.0,,,,,22.5,,,5.0,,,,,,,,,,,,3.3,,,,,,,,,,,,,,,,,,0.4,,,,,,6.0,,,,,,,,,,,,,,,,,,,,,,,,,,,,,,,,,,,,,,,,11.9,,,
1992-05-25,1006.3,1009.5,1007.6,,1005.0,,25.5,28.9,,23.0,,20.1,73,53,,2.2,157.5,6.3,247.5,,-9.8,0.2,-9.8,,-9.8,,1.0,7.4,9.94,3.1,,,,,,,,,,,,,7.4,,,,,,,,,,,,,,,1.46,1992-05-25T13:00:00,,,,,,,,,,,,,,,,,,,,,,,,,,,,,,,,,,,,,,,,,,,,,,5.9,,,,,,,13.3,,,,,,,,,,,,,,,,,,,,,3.0,,,,,,,,,,,,,,3.0,,,,1.0,,,,,,,,1.0,,,,,,,,,,1.0,,,,1.0,,,,,,,,,,,,,,,,,,,270.0,,,4.5,,,,,,,,,,,,,,,,,,,,,,4.5,,,,,,,,,,,,,,8.0,,,,2.6,,,,,,,,1.7,,,,,,,,,,3.2,,,,1.6,,,,,,,,,,,,,,,,,
1992-05-26,1006.0,1009.2,1007.2,,1004.8,,23.4,25.4,,21.9,,18.9,76,65,,2.1,67.5,6.1,157.5,,0.5,7.2,0.5,,0.5,,0.0,0.0,4.33,-1.9,,,,,,,,,,,,,10.0,,,,,,,,,,,,,,,0.68,1992-05-26T13:00:00,,,,,,,,,,,,,,,,,,,,,,,,,,,,,,,,,,,,,,,,,,,,,,3.5,,,,,,,12.3,,,,,,,,,,,1.0,,,,,,5.0,,,,3.0,,,,,,,,,,,,,,1.0,,,,,,,,,,,,,,,,,,,,,,,,,,,,,,,,,,,,,,,,,,,,,45.0,,,3.9,,,,,,,,,,,,2.1,,,,,,8.1,,,,6.7,,,,,,,,,,,,,,3.4,,,,,,,,,,,,,,,,,,,,,,,,,,,,,,,,,,,,,,,,,,,
1992-05-27,1006.1,1009.4,1008.8,,1004.5,,24.5,28.2,,21.1,,20.0,77,67,,6.6,45.0,21.5,45.0,,0.0,0.0,0.0,,0.0,,7.4,55.0,16.36,6.1,,,,,,,,,,,,,4.3,,,,,,,,,,,,,,,2.74,1992-05-27T12:00:00,,,,,,,,,,,,,,,,,,,,,,,,,,,,,,,,,,,,,,,,,,,,,,7.1,,,,,,,14.8,,,,,,,2.0,,,,4.0,,,,,,2.0,,,,,,,,,,,,,,,,,,,,,,,,,,,,,,,,,,,,,,,,,,,,,,,,,,,,,,,,,,2.0,,,,,45.0,,,15.4,,,,,,,,16.6,,,,19.8,,,,,,7.6,,,,,,,,,,,,,,,,,,,,,,,,,,,,,,,,,,,,,,,,,,,,,,,,,,,,,,,,,,21.4,,,
1992-05-28,1008.3,1011.5,1009.6,,1006.8,,24.6,29.3,,19.4,,17.1,64,45,,5.3,22.5,14.9,22.5,,0.0,0.0,0.0,,0.0,,10.8,80.2,20.81,4.0,,,,,,,,,,,,,3.5,,,,,,,,,,,,,,,2.78,1992-05-28T12:00:00,,,,,,,,,,,,,,,,,,,,,,,,,,,,,,,,,,,,,,,,,,,,,,9.9,,,,,,,17.4,,,,,,,3.0,,,,3.0,,,,,,,,,,,,,,,,,,1.0,,,,,,1.0,,,,,,,,,,,,,,,,,,,,,,,,,,,,,,,,,,,,,,,,2.0,,,,,360.0,,,10.3,,,,,,,,15.7,,,,11.5,,,,,,,,,,,,,,,,,,0.7,,,,,,3.5,,,,,,,,,,,,,,,,,,,,,,,,,,,,,,,,,,,,,,,,17.0,,,
1992-05-29,1006.7,1009.9,1008.9,,1004.6,,24.6,28.3,,21.6,,18.3,69,54,,2.4,157.5,7.0,157.5,,0.0,0.0,0.0,,0.0,,7.9,58.6,17.43,5.9,,,,,,,,,,,,,5.3,,,,,,,,,,,,,,,2.7,1992-05-29T13:00:00,,,,,,,,,,,,,,,,,,,,,,,,,,,,,,,,,,,,,,,,,,,,,,6.7,,,,,,,15.3,,,,,,,,,,,1.0,,,,,,,,,,1.0,,,,1.0,,,,,,,,,,2.0,,,,,,,,2.0,,,,,,,,,,,,,,2.0,,,,1.0,,,,,,,,,,,,,,,,,,,270.0,,,4.3,,,,,,,,,,,,1.9,,,,,,,,,,0.7,,,,0.7,,,,,,,,,,6.6,,,,,,,,4.1,,,,,,,,,,,,,,6.0,,,,1.7,,,,,,,,,,,,,,,,,
1992-05-30,1001.7,1004.8,1005.0,,998.4,,23.1,24.8,,21.0,,18.8,77,58,,2.1,22.5,8.4,45.0,,0.5,3.0,0.5,,0.5,,0.0,0.0,5.52,-1.2,,,,,,,,,,,,,9.3,,,,,,,,,,,,,,,0.9,1992-05-30T13:00:00,,,,,,,,,,,,,,,,,,,,,,,,,,,,,,,,,,,,,,,,,,,,,,3.8,,,,,,,10.3,,,,,,,3.0,,,,3.0,,,,,,,,,,,,,,,,,,1.0,,,,,,1.0,,,,,,,,,,,,,,,,,,,,,,,,,,,,,,,,,,,,,,,,2.0,,,,,45.0,,,5.5,,,,,,,,8.0,,,,6.0,,,,,,,,,,,,,,,,,,0.8,,,,,,0.6,,,,,,,,,,,,,,,,,,,,,,,,,,,,,,,,,,,,,,,,5.3,,,
1992-05-31,998.9,1002.1,1000.8,,997.6,,25.5,27.9,,23.3,,22.5,84,76,,1.7,22.5,6.4,360.0,,1.0,1.5,0.5,,1.0,,0.1,0.7,7.79,-1.6,,,,,,,,,,,,,9.6,,,,,,,,,,,,,,,1.46,1992-05-31T13:00:00,,,,,,,,,,,,,,,,,,,,,,,,,,,,,,,,,,,,,,,,,,,,,,4.6,,,,,,,7.3,,,,,,,3.0,,,,,,,,,,,,,,,,,,,,,,1.0,,,,,,1.0,,,,,,,,,,,,,,,,,,,,,,,,,,1.0,,,,1.0,,,,,,1.0,,,,1.0,,1.0,,,360.0,,,4.8,,,,,,,,6.1,,,,,,,,,,,,,,,,,,,,,,1.5,,,,,,0.6,,,,,,,,,,,,,,,,,,,,,,,,,,1.7,,,,1.4,,,,,,1.4,,,,2.3,,0.3,
1992-06-01,1002.2,1005.5,1005.0,,999.6,,25.6,29.3,,22.7,,22.2,82,69,,4.4,22.5,14.7,22.5,,9.0,4.1,2.5,,7.5,,8.3,61.5,18.13,4.4,,,,,,,,,,,,,4.9,,,,,,,,,,,,,,,2.7,1992-06-01T13:00:00,,,,,,,,,,,,,,,,,,,,,,,,,,,,,,,,,,,,,,,,,,,,,,6.6,,,,,,,13.0,,,,,,,4.0,,,,2.0,,,,,,1.0,,,,,,,,,,,,1.0,,,,,,,,,,1.0,,,,,,,,,,,,,,,,,,,,,,,,,,,,,,,,1.0,,,,,,,,,360.0,,,11.1,,,,,,,,26.9,,,,4.2,,,,,,1.5,,,,,,,,,,,,0.7,,,,,,,,,,0.8,,,,,,,,,,,,,,,,,,,,,,,,,,,,,,,,4.2,,,,,,,
1992-06-02,1005.9,1009.2,1007.4,,1004.2,,26.8,30.1,,23.0,,23.0,80,70,,2.1,337.5,6.3,315.0,,0.0,0.0,0.0,,0.0,,6.4,47.4,16.9,4.7,,,,,,,,,,,,,5.0,,,,,,,,,,,,,,,2.48,1992-06-02T13:00:00,,,,,,,,,,,,,,,,,,,,,,,,,,,,,,,,,,,,,,,,,,,,,,7.1,,,,,,,11.6,,,1.0,,,,1.0,,,,1.0,,,,,,,,,,,,,,,,,,1.0,,,,,,1.0,,,,1.0,,,,,,,,,,,,,,,,,,,,,,,,,,1.0,,,,,,2.0,,,,1.0,,,,,360.0,,,4.1,,,,0.0,,,,1.4,,,,1.3,,,,,,,,,,,,,,,,,,2.0,,,,,,1.4,,,,1.2,,,,,,,,,,,,,,,,,,,,,,,,,,1.3,,,,,,5.9,,,,3.2,,,
1992-06-03,1006.2,1009.3,1007.9,,1004.7,,26.7,29.1,,24.7,,23.0,80,68,,1.9,135.0,5.8,157.5,,0.0,0.0,0.0,,0.0,,6.5,48.1,17.38,3.8,,,,,,,,,,,,,4.6,,,,,,,,,,,,,,,2.65,1992-06-03T13:00:00,,,,,,,,,,,,,,,,,,,,,,,,,,,,,,,,,,,,,,,,,,,,,,4.4,,,,,,,9.3,,,,,,,,,,,,,,,,,,,,,,,,,,,,,3.0,,,,,,,,,,,,,,1.0,,,,1.0,,,,,,1.0,,,,,,,,1.0,,,,3.0,,,,,,,,,,,,,,,315.0,,,3.7,,,,,,,,,,,,,,,,,,,,,,,,,,,,,,5.7,,,,,,,,,,,,,,1.0,,,,0.9,,,,,,1.7,,,,,,,,1.9,,,,8.1,,,,,,,,,,,,,
1992-06-04,1004.7,1007.9,1006.3,,1002.8,,27.6,31.5,,24.7,,23.3,78,65,,3.3,157.5,10.6,247.5,,-9.8,0.9,-9.8,,-9.8,,5.7,42.1,15.94,4.6,,,,,,,,,,,,,4.3,,,,,,,,,,,,,,,2.65,1992-06-04T12:00:00,,,,,,,,,,,,,,,,,,,,,,,,,,,,,,,,,,,,,,,,,,,,,,6.8,,,,,,,13.9,,,,,,,,,,,,,,,,,,,,,,,,,,,,,1.0,,,,,,3.0,,,,2.0,,,,,,,,2.0,,,,,,1.0,,,,1.0,,,,,,,,,,,,,,,,,,,,,,,247.5,,,8.0,,,,,,,,,,,,,,,,,,,,,,,,,,,,,,1.9,,,,,,6.3,,,,5.6,,,,,,,,9.9,,,,,,5.9,,,,3.1,,,,,,,,,,,,,,,,,,,,,
1992-06-05,1005.0,1008.1,1005.9,,1003.8,,28.1,30.3,,26.5,,24.9,83,76,,2.4,270.0,8.1,270.0,,0.0,0.0,0.0,,0.0,,3.1,22.9,15.06,4.4,,,,,,,,,,,,,5.4,,,,,,,,,,,,,,,2.18,1992-06-05T14:00:00,,,,,,,,,,,,,,,,,,,,,,,,,,,,,,,,,,,,,,,,,,,,,,3.8,,,,,,,15.1,,,,,,,,,,,,,,,,,,,,,,,,,,,,,1.0,,,,,,3.0,,,,,,,,,,,,2.0,,,,,,,,,,4.0,,,,,,,,,,,,,,,,,,,,,,,270.0,,,5.7,,,,,,,,,,,,,,,,,,,,,,,,,,,,,,1.7,,,,,,7.2,,,,,,,,,,,,4.3,,,,,,,,,,10.7,,,,,,,,,,,,,,,,,,,,,
1992-06-06,1003.7,1006.9,1005.7,,1001.3,,28.7,31.8,,25.9,,24.6,79,70,,4.2,247.5,11.9,225.0,,0.0,0.0,0.0,,0.0,,10.0,73.9,17.8,-6.1,,,,,,,,,,,,,4.0,,,,,,,,,,,,,,,2.65,1992-06-06T13:00:00,,,,,,,,,,,,,,,,,,,,,,,,,,,,,,,,,,,,,,,,,,,,,,5.9,,,,,,,15.6,,,,,,,,,,,,,,,,,,,,,,,,,,,,,1.0,,,,,,3.0,,,,3.0,,,,1.0,,,,,,,,,,2.0,,,,,,,,,,,,,,,,,,,,,,,,,,,225.0,,,8.4,,,,,,,,,,,,,,,,,,,,,,,,,,,,,,3.1,,,,,,6.7,,,,10.3,,,,6.3,,,,,,,,,,13.7,,,,,,,,,,,,,,,,,,,,,,,,,
1992-06-07,1003.6,1006.8,1005.6,,1002.5,,26.7,29.8,,20.7,,23.7,84,75,,4.1,157.5,16.8,225.0,,41.0,3.7,15.5,,33.0,,0.0,0.0,7.74,-99.5,,,,,,,,,,,,,9.3,,,,,,,,,,,,,,,1.67,1992-06-07T11:00:00,,,,,,,,,,,,,,,,,,,,,,,,,,,,,,,,,,,,,,,,,,,,,,9.1,,,,,,,15.1,,,,,,,1.0,,,,,,,,,,,,,,,,,,,,,,3.0,,,,,,3.0,,,,1.0,,,,1.0,,,,1.0,,,,,,,,,,,,,,,,,,,,,,,,,,,,,,,,,270.0,,,10.3,,,,,,,,5.7,,,,,,,,,,,,,,,,,,,,,,6.5,,,,,,11.7,,,,3.1,,,,4.5,,,,7.3,,,,,,,,,,,,,,,,,,,,,,,,,,,,,,,
1992-06-08,1004.8,1008.0,1007.5,,1003.3,,20.8,23.1,,18.6,,19.3,91,83,,4.6,22.5,12.6,22.5,,70.5,12.3,6.5,,15.0,,0.0,0.0,4.72,-1.4,,,,,,,,,,,,,10.0,,,,,,,,,,,,,,,1.03,1992-06-08T15:00:00,,,,,,,,,,,,,,,,,,,,,,,,,,,,,,,,,,,,,,,,,,,,,,4.5,,,,,,,10.1,,,,,,,6.0,,,,2.0,,,,,,,,,,1.0,,,,,,,,,,,,,,,,,,,,,,,,,,,,,,,,,,,,,,,,,,,,,,,,,,,,,,1.0,,,,,22.5,,,7.1,,,,,,,,27.2,,,,8.2,,,,,,,,,,1.4,,,,,,,,,,,,,,,,,,,,,,,,,,,,,,,,,,,,,,,,,,,,,,,,,,,,,,5.8,,,
1992-06-09,1005.8,1009.0,1007.7,,1004.0,,24.7,28.3,,21.6,,22.5,88,75,,1.8,135.0,8.3,157.5,,10.5,12.5,3.0,,4.0,,0.2,1.5,5.04,-1.0,,,,,,,,,,,,,9.6,,,,,,,,,,,,,,,0.94,1992-06-09T12:00:00,,,,,,,,,,,,,,,,,,,,,,,,,,,,,,,,,,,,,,,,,,,,,,6.7,,,,,,,13.3,,,1.0,,,,1.0,,,,1.0,,,,,,,,,,,,,,,,,,3.0,,,,,,1.0,,,,2.0,,,,,,,,,,,,,,,,,,,,,,,,,,,,,,,,,,,,1.0,,,,,135.0,,,4.4,,,,0.2,,,,2.5,,,,2.1,,,,,,,,,,,,,,,,,,5.6,,,,,,3.0,,,,3.8,,,,,,,,,,,,,,,,,,,,,,,,,,,,,,,,,,,,2.4,,,
1992-06-10,1008.1,1011.3,1010.1,,1006.1,,26.0,29.0,,23.9,,22.6,82,72,,2.2,135.0,11.7,180.0,,3.5,7.3,0.6,,1.8,,0.0,0.0,-99.95,-1.7,,,,,,,,,,,,,9.9,,,,,,,,,,,,,,,-9.95,,,,,,,,,,,,,,,,,,,,,,,,,,,,,,,,,,,,,,,,,,,,,,,5.1,,,,,,,16.6,,,,,,,,,,,,,,,,,,,,,,,,,,,,,4.0,,,,,,3.0,,,,2.0,,,,1.0,,,,,,,,,,,,,,,,,,,,,,,,,,,,,,,,,,,,,157.5,,,6.0,,,,,,,,,,,,,,,,,,,,,,,,,,,,,,11.7,,,,,,9.7,,,,2.7,,,,1.4,,,,,,,,,,,,,,,,,,,,,,,,,,,,,,,,,,,
1992-06-11,1007.1,1010.4,1009.5,,1005.6,,26.4,30.3,,22.9,,22.9,82,72,,1.8,292.5,7.8,135.0,,0.0,0.0,0.0,,0.0,,1.7,12.5,13.74,1.7,,,,,,,,,,,,,8.4,,,,,,,,,,,,,,,2.53,1992-06-11T13:00:00,,,,,,,,,,,,,,,,,,,,,,,,,,,,,,,,,,,,,,,,,,,,,,7.4,,,,,,,18.9,,,,,,,2.0,,,,,,,,,,1.0,,,,,,,,1.0,,,,,,,,,,2.0,,,,1.0,,,,,,,,1.0,,,,,,,,,,,,,,2.0,,,,,,,,,,,,,,,,,,,270.0,,,4.7,,,,,,,,3.0,,,,,,,,,,1.6,,,,,,,,0.7,,,,,,,,,,3.9,,,,0.6,,,,,,,,2.1,,,,,,,,,,,,,,5.3,,,,,,,,,,,,,,,,,
1992-06-12,1006.0,1009.2,1007.4,,1004.2,,27.3,29.9,,24.6,,23.8,81,72,,1.9,360.0,5.8,360.0,,0.0,0.0,0.0,,0.0,,0.0,0.0,10.99,2.4,,,,,,,,,,,,,9.6,,,,,,,,,,,,,,,1.63,1992-06-12T12:00:00,,,,,,,,,,,,,,,,,,,,,,,,,,,,,,,,,,,,,,,,,,,,,,5.3,,,,,,,16.6,,,1.0,,,,1.0,,,,,,,,,,2.0,,,,1.0,,,,,,,,1.0,,,,,,,,,,,,,,1.0,,,,,,,,,,,,,,,,,,,,,,,,,,,,1.0,,,,2.0,,,,,360.0,,,4.1,,,,0.0,,,,2.1,,,,,,,,,,2.5,,,,1.4,,,,,,,,1.0,,,,,,,,,,,,,,1.9,,,,,,,,,,,,,,,,,,,,,,,,,,,,1.9,,,,6.9,,,
1992-06-13,1006.3,1009.5,1007.9,,1005.0,,27.4,29.9,,24.3,,24.1,83,75,,2.4,135.0,9.6,202.5,,23.5,4.0,7.5,,18.0,,0.4,2.9,6.12,-1.4,,,,,,,,,,,,,9.9,,,,,,,,,,,,,,,1.16,1992-06-13T10:00:00,,,,,,,,,,,,,,,,,,,,,,,,,,,,,,,,,,,,,,,,,,,,,,5.6,,,,,,,12.3,,,,,,,,,,,,,,,,,,,,,,,,,,,,,5.0,,,,,,,,,,1.0,,,,1.0,,,,1.0,,,,,,,,,,2.0,,,,,,,,,,,,,,,,,,,,,,,202.5,,,6.2,,,,,,,,,,,,,,,,,,,,,,,,,,,,,,9.5,,,,,,,,,,2.6,,,,3.5,,,,4.2,,,,,,,,,,3.4,,,,,,,,,,,,,,,,,,,,,
1992-06-14,1006.2,1009.5,1008.3,,1004.6,,28.8,31.7,,25.6,,25.0,80,63,,4.3,157.5,13.2,225.0,,1.5,0.3,1.5,,1.5,,3.3,24.3,13.6,-3.9,,,,,,,,,,,,,8.1,,,,,,,,,,,,,,,2.57,1992-06-14T14:00:00,,,,,,,,,,,,,,,,,,,,,,,,,,,,,,,,,,,,,,,,,,,,,,6.1,,,,,,,19.5,,,,,,,,,,,,,,,,,,,,,,,,,,,,,,,,,,,4.0,,,,2.0,,,,1.0,,,,1.0,,,,,,2.0,,,,,,,,,,,,,,,,,,,,,,,,,,,225.0,,,9.1,,,,,,,,,,,,,,,,,,,,,,,,,,,,,,,,,,,,10.4,,,,8.7,,,,6.2,,,,6.5,,,,,,11.0,,,,,,,,,,,,,,,,,,,,,,,,,
1992-06-15,1005.6,1008.9,1007.1,,1004.1,,28.8,31.6,,26.3,,24.5,78,70,,4.2,157.5,9.0,225.0,,0.0,0.0,0.0,,0.0,,3.6,26.5,15.81,3.1,,,,,,,,,,,,,8.8,,,,,,,,,,,,,,,2.05,1992-06-15T12:00:00,,,,,,,,,,,,,,,,,,,,,,,,,,,,,,,,,,,,,,,,,,,,,,5.3,,,,,,,17.5,,,,,,,,,,,,,,,,,,,,,,,,,,,,,2.0,,,,,,3.0,,,,2.0,,,,,,,,2.0,,,,,,1.0,,,,,,,,,,,,,,,,,,,,,,,,,,,247.5,,,6.3,,,,,,,,,,,,,,,,,,,,,,,,,,,,,,7.0,,,,,,11.3,,,,7.4,,,,,,,,9.0,,,,,,6.0,,,,,,,,,,,,,,,,,,,,,,,,,
1992-06-16,1004.2,1007.3,1005.7,,1002.8,,28.9,31.8,,26.1,,24.4,77,70,,4.2,135.0,10.8,247.5,,0.0,0.0,0.0,,0.0,,3.6,26.5,17.23,6.1,,,,,,,,,,,,,9.0,,,,,,,,,,,,,,,2.82,1992-06-16T13:00:00,,,,,,,,,,,,,,,,,,,,,,,,,,,,,,,,,,,,,,,,,,,,,,5.7,,,,,,,16.0,,,,,,,,,,,,,,,,,,,,,,,,,,,,,4.0,,,,,,1.0,,,,2.0,,,,,,,,2.0,,,,,,1.0,,,,,,,,,,,,,,,,,,,,,,,,,,,225.0,,,7.2,,,,,,,,,,,,,,,,,,,,,,,,,,,,,,12.3,,,,,,2.5,,,,6.3,,,,,,,,12.0,,,,,,6.6,,,,,,,,,,,,,,,,,,,,,,,,,
1992-06-17,1003.4,1006.5,1005.9,,1001.8,,29.4,32.7,,25.9,,24.6,75,66,,4.6,157.5,13.8,225.0,,-9.8,0.6,-9.8,,-9.8,,6.2,45.6,19.34,5.3,,,,,,,,,,,,,8.1,,,,,,,,,,,,,,,2.74,1992-06-17T12:00:00,,,,,,,,,,,,,,,,,,,,,,,,,,,,,,,,,,,,,,,,,,,,,,6.8,,,,,,,17.4,,,,,,,,,,,,,,,,,,,,,,,,,,,,,1.0,,,,,,4.0,,,,3.0,,,,,,,,2.0,,,,,,,,,,,,,,,,,,,,,,,,,,,,,,,,,225.0,,,9.9,,,,,,,,,,,,,,,,,,,,,,,,,,,,,,3.4,,,,,,14.8,,,,12.9,,,,,,,,13.6,,,,,,,,,,,,,,,,,,,,,,,,,,,,,,,
1992-06-18,1006.9,1010.2,1008.7,,1004.4,,26.5,29.3,,25.0,,22.9,81,76,,3.0,22.5,9.3,360.0,,0.5,2.5,0.5,,0.5,,1.1,8.1,11.42,-3.7,,,,,,,,,,,,,7.8,,,,,,,,,,,,,,,1.97,1992-06-18T12:00:00,,,,,,,,,,,,,,,,,,,,,,,,,,,,,,,,,,,,,,,,,,,,,,4.3,,,,,,,19.4,,,,,,,4.0,,,,,,,,,,,,,,,,,,,,,,2.0,,,,,,,,,,1.0,,,,,,,,1.0,,,,,,,,,,1.0,,,,,,,,,,,,,,1.0,,,,,,,,,22.5,,,7.1,,,,,,,,15.2,,,,,,,,,,,,,,,,,,,,,,5.4,,,,,,,,,,1.7,,,,,,,,2.2,,,,,,,,,,1.5,,,,,,,,,,,,,,3.8,,,,,,,
1992-06-19,1008.2,1011.4,1009.1,,1007.0,,26.6,30.8,,24.5,,22.8,80,72,,4.7,22.5,15.4,360.0,,-9.8,1.9,-9.8,,-9.8,,2.4,17.6,14.03,4.0,,,,,,,,,,,,,9.1,,,,,,,,,,,,,,,2.44,1992-06-19T12:00:00,,,,,,,,,,,,,,,,,,,,,,,,,,,,,,,,,,,,,,,,,,,,,,6.3,,,,,,,12.4,,,,,,,5.0,,,,2.0,,,,,,,,,,,,,,,,,,,,,,,,,,,,,,,,,,,,,,,,,,,,,,,,,,,,,,,,,,,,,,,,3.0,,,,,360.0,,,10.2,,,,,,,,23.5,,,,4.8,,,,,,,,,,,,,,,,,,,,,,,,,,,,,,,,,,,,,,,,,,,,,,,,,,,,,,,,,,,,,,,,17.0,,,
1992-06-20,1007.6,1010.8,1008.8,,1006.4,,26.5,30.5,,24.3,,22.6,80,73,,5.0,22.5,14.1,22.5,,0.0,0.0,0.0,,0.0,,0.0,0.0,8.44,3.7,,,,,,,,,,,,,9.3,,,,,,,,,,,,,,,2.4,1992-06-20T13:00:00,,,,,,,,,,,,,,,,,,,,,,,,,,,,,,,,,,,,,,,,,,,,,,6.2,,,,,,,7.8,,,,,,,7.0,,,,3.0,,,,,,,,,,,,,,,,,,,,,,,,,,,,,,,,,,,,,,,,,,,,,,,,,,,,,,,,,,,,,,,,,,,,,360.0,,,9.0,,,,,,,,37.6,,,,9.1,,,,,,,,,,,,,,,,,,,,,,,,,,,,,,,,,,,,,,,,,,,,,,,,,,,,,,,,,,,,,,,,,,,
1992-06-21,1005.0,1008.2,1006.9,,1002.9,,27.1,30.1,,24.5,,23.5,81,76,,2.2,337.5,8.0,337.5,,0.0,0.0,0.0,,0.0,,6.0,44.1,15.78,2.0,,,,,,,,,,,,,8.4,,,,,,,,,,,,,,,2.57,1992-06-21T13:00:00,,,,,,,,,,,,,,,,,,,,,,,,,,,,,,,,,,,,,,,,,,,,,,5.6,,,,,,,6.1,,,,,,,1.0,,,,2.0,,,,,,1.0,,,,,,,,,,,,1.0,,,,,,1.0,,,,1.0,,,,,,,,,,,,,,,,,,,,,,,,,,1.0,,,,,,2.0,,,,,,,,,337.5,,,5.4,,,,,,,,1.7,,,,4.4,,,,,,2.0,,,,,,,,,,,,2.0,,,,,,1.7,,,,0.7,,,,,,,,,,,,,,,,,,,,,,,,,,2.6,,,,,,6.3,,,,,,,
1992-06-22,1000.9,1004.0,1002.9,,999.2,,28.6,31.8,,25.6,,23.7,75,63,,4.6,157.5,12.0,225.0,,0.0,0.0,0.0,,0.0,,5.2,38.3,19.05,5.8,,,,,,,,,,,,,5.0,,,,,,,,,,,,,,,2.7,1992-06-22T14:00:00,,,,,,,,,,,,,,,,,,,,,,,,,,,,,,,,,,,,,,,,,,,,,,6.2,,,,,,,12.4,,,,,,,,,,,,,,,,,,,,,,,,,,,,,2.0,,,,,,3.0,,,,1.0,,,,3.0,,,,1.0,,,,,,,,,,,,,,,,,,,,,,,,,,,,,,,,,225.0,,,8.1,,,,,,,,,,,,,,,,,,,,,,,,,,,,,,8.2,,,,,,11.0,,,,5.4,,,,12.2,,,,7.6,,,,,,,,,,,,,,,,,,,,,,,,,,,,,,,
1992-06-23,999.6,1002.7,1001.3,,998.2,,29.2,32.9,,26.7,,23.7,72,61,,4.4,157.5,10.3,225.0,,0.0,0.0,0.0,,0.0,,4.8,35.3,18.09,4.9,,,,,,,,,,,,,5.4,,,,,,,,,,,,,,,2.82,1992-06-23T12:00:00,,,,,,,,,,,,,,,,,,,,,,,,,,,,,,,,,,,,,,,,,,,,,,6.2,,,,,,,15.8,,,,,,,,,,,,,,,,,,,,,,,,,,,,,1.0,,,,,,3.0,,,,3.0,,,,1.0,,,,1.0,,,,,,1.0,,,,,,,,,,,,,,,,,,,,,,,,,,,225.0,,,7.6,,,,,,,,,,,,,,,,,,,,,,,,,,,,,,5.1,,,,,,14.7,,,,7.1,,,,4.0,,,,7.4,,,,,,6.1,,,,,,,,,,,,,,,,,,,,,,,,,
1992-06-24,1001.1,1004.3,1002.3,,999.8,,28.4,32.0,,26.0,,24.6,80,73,,2.9,360.0,9.3,22.5,,0.0,0.0,0.0,,0.0,,2.9,21.3,17.04,3.3,,,,,,,,,,,,,6.4,,,,,,,,,,,,,,,2.74,1992-06-24T12:00:00,,,,,,,,,,,,,,,,,,,,,,,,,,,,,,,,,,,,,,,,,,,,,,6.0,,,,,,,15.1,,,,,,,3.0,,,,1.0,,,,,,,,,,,,,,,,,,1.0,,,,,,1.0,,,,,,,,,,,,,,,,,,,,,,,,,,,,,,,,,,,,1.0,,,,2.0,,1.0,,,360.0,,,6.2,,,,,,,,8.9,,,,1.0,,,,,,,,,,,,,,,,,,1.3,,,,,,1.4,,,,,,,,,,,,,,,,,,,,,,,,,,,,,,,,,,,,3.5,,,,10.0,,0.3,
1992-06-25,1000.9,1004.0,1001.7,,999.6,,28.2,31.0,,25.4,,24.8,82,76,,4.1,45.0,10.3,337.5,,0.0,0.0,0.0,,0.0,,6.3,46.4,17.54,2.4,,,,,,,,,,,,,7.0,,,,,,,,,,,,,,,2.7,1992-06-25T13:00:00,,,,,,,,,,,,,,,,,,,,,,,,,,,,,,,,,,,,,,,,,,,,,,5.6,,,,,,,9.5,,,,,,,2.0,,,,4.0,,,,,,,,,,,,,,,,,,,,,,,,,,,,,,,,,,,,,,,,,,,,,,,,,,,,,,,,,,,,2.0,,,,2.0,,,,,360.0,,,7.5,,,,,,,,8.7,,,,10.0,,,,,,,,,,,,,,,,,,,,,,,,,,,,,,,,,,,,,,,,,,,,,,,,,,,,,,,,,,,,9.4,,,,12.0,,,
1992-06-26,999.0,1002.0,1001.0,,997.0,,28.2,30.7,,26.5,,24.7,81,75,,6.3,360.0,13.9,45.0,,0.0,0.0,0.0,,0.0,,3.1,22.8,13.61,5.3,,,,,,,,,,,,,6.9,,,,,,,,,,,,,,,2.23,1992-06-26T13:00:00,,,,,,,,,,,,,,,,,,,,,,,,,,,,,,,,,,,,,,,,,,,,,,4.2,,,,,,,7.0,,,,,,,5.0,,,,,,,,,,,,,,,,,,,,,,,,,,,,,,,,,,,,,,,,,,,,,,,,,,,,,,,,,,,,,,,,,,,,5.0,,,,,22.5,,,9.7,,,,,,,,31.0,,,,,,,,,,,,,,,,,,,,,,,,,,,,,,,,,,,,,,,,,,,,,,,,,,,,,,,,,,,,,,,,,,,,33.1,,,
1992-06-27,997.5,1000.5,999.3,,995.4,,28.3,30.7,,26.7,,24.3,79,74,,8.1,22.5,20.1,22.5,,-9.8,2.1,-9.8,,-9.8,,0.0,0.0,15.16,-4.7,,,,,,,,,,,,,8.5,,,,,,,,,,,,,,,2.4,1992-06-27T12:00:00,,,,,,,,,,,,,,,,,,,,,,,,,,,,,,,,,,,,,,,,,,,,,,4.0,,,,,,,11.4,,,,,,,7.0,,,,1.0,,,,,,,,,,,,,,,,,,,,,,,,,,,,,,,,,,,,,,,,,,,,,,,,,,,,,,,,,,,,,,,,2.0,,,,,360.0,,,12.8,,,,,,,,59.6,,,,3.2,,,,,,,,,,,,,,,,,,,,,,,,,,,,,,,,,,,,,,,,,,,,,,,,,,,,,,,,,,,,,,,,19.2,,,
1992-06-28,1000.7,1003.5,1003.3,,998.1,,26.2,28.7,,24.7,,22.5,80,73,,6.0,22.5,15.9,22.5,,1.0,3.5,0.5,,0.5,,1.0,7.4,9.8,-3.8,,,,,,,,,,,,,8.5,,,,,,,,,,,,,,,1.84,1992-06-28T15:00:00,,,,,,,,,,,,,,,,,,,,,,,,,,,,,,,,,,,,,,,,,,,,,,4.0,,,,,,,12.0,,,,,,,8.0,,,,2.0,,,,,,,,,,,,,,,,,,,,,,,,,,,,,,,,,,,,,,,,,,,,,,,,,,,,,,,,,,,,,,,,,,,,,22.5,,,11.0,,,,,,,,51.5,,,,8.6,,,,,,,,,,,,,,,,,,,,,,,,,,,,,,,,,,,,,,,,,,,,,,,,,,,,,,,,,,,,,,,,,,,
1992-06-29,1003.1,1006.3,1004.8,,1001.6,,28.1,31.8,,24.4,,23.1,75,67,,2.3,22.5,6.9,45.0,,0.0,0.0,0.0,,0.0,,6.1,44.9,16.57,4.0,,,,,,,,,,,,,7.1,,,,,,,,,,,,,,,2.53,1992-06-29T12:00:00,,,,,,,,,,,,,,,,,,,,,,,,,,,,,,,,,,,,,,,,,,,,,,7.4,,,,,,,11.1,,,,,,,2.0,,,,1.0,,,,,,,,,,,,,,,,,,,,,,,,1.0,,,,,,,,3.0,,,,,,,,,,1.0,,,,,,,,,,,,1.0,,,,,,1.0,,,,,,,,,337.5,,,4.4,,,,,,,,3.7,,,,2.9,,,,,,,,,,,,,,,,,,,,,,,,1.3,,,,,,,,6.8,,,,,,,,,,2.9,,,,,,,,,,,,1.5,,,,,,3.5,,,,,,,
1992-06-30,1002.5,1005.6,1003.7,,1000.8,,29.5,33.1,,27.0,,23.7,71,60,,4.3,247.5,12.9,225.0,,0.0,0.0,0.0,,0.0,,6.3,46.4,18.11,5.5,,,,,,,,,,,,,4.8,,,,,,,,,,,,,,,2.61,1992-06-30T12:00:00,,,,,,,,,,,,,,,,,,,,,,,,,,,,,,,,,,,,,,,,,,,,,,6.1,,,,,,,17.9,,,,,,,,,,,,,,,,,,,,,,,,,,,,,3.0,,,,,,4.0,,,,,,,,,,,,,,,,,,3.0,,,,,,,,,,,,,,,,,,,,,,,,,,,247.5,,,9.1,,,,,,,,,,,,,,,,,,,,,,,,,,,,,,8.4,,,,,,15.3,,,,,,,,,,,,,,,,,,19.2,,,,,,,,,,,,,,,,,,,,,,,,,
1992-07-01,1002.6,1005.7,1003.9,,1001.1,,30.1,33.3,,27.5,,23.8,69,59,,5.5,225.0,12.9,247.5,,0.0,0.0,0.0,,0.0,,11.2,82.5,21.85,6.3,,,,,,,,,,,,,2.6,,,,,,,,,,,,,,,2.78,1992-07-01T13:00:00,,,,,,,,,,,,,,,,,,,,,,,,,,,,,,,,,,,,,,,,,,,,,,5.8,,,,,,,19.1,,,,,,,,,,,,,,,,,,,,,,,,,,,,,1.0,,,,,,2.0,,,,3.0,,,,,,,,3.0,,,,,,1.0,,,,,,,,,,,,,,,,,,,,,,,,,,,247.5,,,9.1,,,,,,,,,,,,,,,,,,,,,,,,,,,,,,3.4,,,,,,6.3,,,,12.3,,,,,,,,21.1,,,,,,8.7,,,,,,,,,,,,,,,,,,,,,,,,,
1992-07-02,1001.9,1005.0,1003.2,,1000.4,,29.8,32.6,,27.5,,24.3,73,65,,4.0,225.0,11.4,247.5,,0.0,0.0,0.0,,0.0,,8.7,64.2,19.59,6.7,,,,,,,,,,,,,5.3,,,,,,,,,,,,,,,2.7,1992-07-02T13:00:00,,,,,,,,,,,,,,,,,,,,,,,,,,,,,,,,,,,,,,,,,,,,,,5.1,,,,,,,18.4,,,,,,,,,,,,,,,,,,,,,,,,,,,,,3.0,,,,,,2.0,,,,1.0,,,,1.0,,,,2.0,,,,,,1.0,,,,,,,,,,,,,,,,,,,,,,,,,,,247.5,,,7.6,,,,,,,,,,,,,,,,,,,,,,,,,,,,,,7.9,,,,,,5.3,,,,3.7,,,,4.1,,,,10.6,,,,,,6.6,,,,,,,,,,,,,,,,,,,,,,,,,
1992-07-03,1001.4,1004.4,1002.4,,1000.3,,30.1,32.9,,27.6,,24.4,72,60,,5.2,157.5,12.8,202.5,,0.0,0.0,0.0,,0.0,,9.6,70.8,19.67,-4.5,,,,,,,,,,,,,6.4,,,,,,,,,,,,,,,2.82,1992-07-03T12:00:00,,,,,,,,,,,,,,,,,,,,,,,,,,,,,,,,,,,,,,,,,,,,,,5.3,,,,,,,17.3,,,,,,,,,,,,,,,,,,,,,,,,,,,,,1.0,,,,,,4.0,,,,2.0,,,,1.0,,,,1.0,,,,,,1.0,,,,,,,,,,,,,,,,,,,,,,,,,,,225.0,,,9.0,,,,,,,,,,,,,,,,,,,,,,,,,,,,,,3.9,,,,,,17.2,,,,9.7,,,,6.4,,,,6.0,,,,,,7.9,,,,,,,,,,,,,,,,,,,,,,,,,
1992-07-04,1002.1,1005.2,1003.9,,1000.5,,27.4,30.3,,25.7,,22.9,77,69,,4.9,157.5,12.7,157.5,,9.5,8.2,2.5,,2.5,,0.1,0.7,7.53,-3.0,,,,,,,,,,,,,7.8,,,,,,,,,,,,,,,1.46,1992-07-04T15:00:00,,,,,,,,,,,,,,,,,,,,,,,,,,,,,,,,,,,,,,,,,,,,,,4.6,,,,,,,14.6,,,,,,,,,,,,,,,,,,,,,,,,,,,,,3.0,,,,,,5.0,,,,2.0,,,,,,,,,,,,,,,,,,,,,,,,,,,,,,,,,,,,,,,,,157.5,,,8.2,,,,,,,,,,,,,,,,,,,,,,,,,,,,,,14.8,,,,,,25.2,,,,9.5,,,,,,,,,,,,,,,,,,,,,,,,,,,,,,,,,,,,,,,
1992-07-05,1003.6,1006.7,1004.7,,1002.3,,27.4,30.0,,24.3,,24.3,84,78,,4.6,135.0,13.1,180.0,,7.0,3.9,4.5,,5.0,,0.0,0.0,8.18,2.4,,,,,,,,,,,,,8.8,,,,,,,,,,,,,,,1.28,1992-07-05T12:00:00,,,,,,,,,,,,,,,,,,,,,,,,,,,,,,,,,,,,,,,,,,,,,,5.7,,,,,,,17.1,,,,,,,,,,,,,,,,,,,,,,,,,,,,,7.0,,,,,,3.0,,,,,,,,,,,,,,,,,,,,,,,,,,,,,,,,,,,,,,,,,,,,,157.5,,,8.5,,,,,,,,,,,,,,,,,,,,,,,,,,,,,,31.4,,,,,,14.5,,,,,,,,,,,,,,,,,,,,,,,,,,,,,,,,,,,,,,,,,,,
1992-07-06,1001.8,1004.9,1003.2,,1000.3,,28.3,30.6,,26.6,,25.4,84,77,,6.5,157.5,18.6,202.5,,0.5,1.3,0.5,,0.5,,0.2,1.5,7.42,-3.5,,,,,,,,,,,,,9.6,,,,,,,,,,,,,,,1.2,1992-07-06T09:00:00,,,,,,,,,,,,,,,,,,,,,,,,,,,,,,,,,,,,,,,,,,,,,,4.0,,,,,,,16.6,,,,,,,,,,,,,,,,,,,,,,,,,,,,,3.0,,,,,,5.0,,,,1.0,,,,1.0,,,,,,,,,,,,,,,,,,,,,,,,,,,,,,,,,,,,,202.5,,,12.8,,,,,,,,,,,,,,,,,,,,,,,,,,,,,,13.3,,,,,,29.9,,,,7.4,,,,11.2,,,,,,,,,,,,,,,,,,,,,,,,,,,,,,,,,,,
1992-07-07,1001.0,1004.3,1003.9,,999.4,,25.1,27.8,,23.2,,23.9,93,84,,5.1,157.5,17.2,270.0,,52.0,12.4,6.5,,20.0,,0.0,0.0,4.81,-99.5,,,,,,,,,,,,,10.0,,,,,,,,,,,,,,,0.94,1992-07-07T11:00:00,,,,,,,,,,,,,,,,,,,,,,,,,,,,,,,,,,,,,,,,,,,,,,4.6,,,,,,,13.9,,,,,,,,,,,,,,,,,,,,,,,,,,,,,3.0,,,,,,5.0,,,,2.0,,,,,,,,,,,,,,,,,,,,,,,,,,,,,,,,,,,,,,,,,270.0,,,11.9,,,,,,,,,,,,,,,,,,,,,,,,,,,,,,15.6,,,,,,24.5,,,,11.2,,,,,,,,,,,,,,,,,,,,,,,,,,,,,,,,,,,,,,,
1992-07-08,1004.3,1007.6,1008.3,,1001.1,,26.6,33.0,,23.1,,23.7,85,67,,5.4,180.0,18.1,202.5,,8.0,4.5,2.2,,5.5,,1.6,11.8,11.95,-99.5,,,,,,,,,,,,,9.5,,,,,,,,,,,,,,,2.23,1992-07-08T11:00:00,,,,,,,,,,,,,,,,,,,,,,,,,,,,,,,,,,,,,,,,,,,,,,9.9,,,,,,,17.1,,,,,,,,,,,,,,,,,,,,,,,,,,,,,5.0,,,,,,1.0,,,,4.0,,,,,,,,,,,,,,,,,,,,,,,,,,,,,,,,,,,,,,,,,180.0,,,10.4,,,,,,,,,,,,,,,,,,,,,,,,,,,,,,19.4,,,,,,5.5,,,,24.9,,,,,,,,,,,,,,,,,,,,,,,,,,,,,,,,,,,,,,,
1992-07-09,1008.4,1011.7,1010.3,,1006.5,,28.2,32.6,,24.3,,24.4,80,66,,3.3,270.0,10.3,135.0,,7.5,2.6,1.0,,4.5,,5.5,40.7,17.29,-99.5,,,,,,,,,,,,,8.4,,,,,,,,,,,,,,,2.4,1992-07-09T14:00:00,,,,,,,,,,,,,,,,,,,,,,,,,,,,,,,,,,,,,,,,,,,,,,8.3,,,,,,,18.3,,,,,,,,,,,1.0,,,,,,,,,,,,,,,,,,1.0,,,,,,3.0,,,,1.0,,,,,,,,,,,,,,,,,,2.0,,,,1.0,,,,1.0,,,,,,,,,,,,,,,135.0,,,6.8,,,,,,,,,,,,1.1,,,,,,,,,,,,,,,,,,5.6,,,,,,11.3,,,,3.3,,,,,,,,,,,,,,,,,,7.4,,,,1.3,,,,1.6,,,,,,,,,,,,,
1992-07-10,1009.9,1013.1,1011.1,,1008.3,,28.6,31.7,,25.9,,25.0,81,70,,1.9,292.5,7.8,292.5,,0.0,0.0,0.0,,0.0,,10.3,76.2,20.24,-99.5,,,,,,,,,,,,,4.6,,,,,,,,,,,,,,,2.7,1992-07-10T13:00:00,,,,,,,,,,,,,,,,,,,,,,,,,,,,,,,,,,,,,,,,,,,,,,5.8,,,,,,,17.3,,,,,,,,,,,2.0,,,,,,1.0,,,,,,,,,,,,1.0,,,,,,1.0,,,,2.0,,,,,,,,,,,,,,1.0,,,,,,,,1.0,,,,1.0,,,,,,,,,,,,,,,292.5,,,4.8,,,,,,,,,,,,3.5,,,,,,0.6,,,,,,,,,,,,1.6,,,,,,1.0,,,,2.6,,,,,,,,,,,,,,2.8,,,,,,,,3.2,,,,2.9,,,,,,,,,,,,,
1992-07-11,1009.5,1012.7,1010.8,,1008.0,,27.7,31.5,,23.8,,24.5,83,72,,2.9,360.0,8.1,315.0,,0.0,0.0,0.0,,0.0,,10.8,80.0,21.44,4.3,,,,,,,,,,,,,3.4,,,,,,,,,,,,,,,2.78,1992-07-11T12:00:00,,,,,,,,,,,,,,,,,,,,,,,,,,,,,,,,,,,,,,,,,,,,,,7.7,,,,,,,16.4,,,1.0,,,,3.0,,,,1.0,,,,,,,,,,,,,,1.0,,,,,,,,,,,,,,,,,,,,,,,,,,,,,,,,,,,,,,,,,,,,,,1.0,,,,3.0,,,,,360.0,,,6.0,,,,0.2,,,,12.1,,,,1.9,,,,,,,,,,,,,,0.5,,,,,,,,,,,,,,,,,,,,,,,,,,,,,,,,,,,,,,,,,,,,,,3.3,,,,13.1,,,
1992-07-12,1009.5,1012.8,1011.3,,1007.3,,27.8,31.3,,25.1,,25.2,86,73,,1.7,315.0,6.4,360.0,,0.0,0.0,0.0,,0.0,,0.6,4.4,13.81,3.6,,,,,,,,,,,,,6.6,,,,,,,,,,,,,,,1.84,1992-07-12T13:00:00,,,,,,,,,,,,,,,,,,,,,,,,,,,,,,,,,,,,,,,,,,,,,,6.2,,,,,,,10.5,,,1.0,,,,3.0,,,,,,,,,,,,,,1.0,,,,,,,,,,,,,,,,,,,,,,,,,,,,,,,,1.0,,,,1.0,,,,,,,,3.0,,,,,,,,,,,,,,,22.5,,,4.4,,,,0.2,,,,6.5,,,,,,,,,,,,,,0.7,,,,,,,,,,,,,,,,,,,,,,,,,,,,,,,,1.2,,,,2.8,,,,,,,,5.0,,,,,,,,,,,,,
1992-07-13,1010.1,1013.3,1011.9,,1008.4,,28.7,31.7,,24.8,,24.7,79,69,,2.7,45.0,8.6,337.5,,0.0,0.0,0.0,,0.0,,7.3,54.2,18.95,3.2,,,,,,,,,,,,,6.1,,,,,,,,,,,,,,,2.65,1992-07-13T12:00:00,,,,,,,,,,,,,,,,,,,,,,,,,,,,,,,,,,,,,,,,,,,,,,6.9,,,,,,,12.5,,,,,,,,,,,4.0,,,,,,,,,,1.0,,,,,,,,1.0,,,,,,,,,,,,,,,,,,,,,,,,,,,,,,,,,,,,,,,,,,2.0,,,,2.0,,,,,337.5,,,5.9,,,,,,,,,,,,8.2,,,,,,,,,,0.8,,,,,,,,1.0,,,,,,,,,,,,,,,,,,,,,,,,,,,,,,,,,,,,,,,,,,8.6,,,,8.5,,,
1992-07-14,1009.1,1012.3,1011.1,,1006.9,,28.8,32.1,,26.1,,25.2,81,74,,2.3,337.5,7.8,337.5,,0.0,0.0,0.0,,0.0,,8.2,60.9,19.74,5.2,,,,,,,,,,,,,2.5,,,,,,,,,,,,,,,2.7,1992-07-14T13:00:00,,,,,,,,,,,,,,,,,,,,,,,,,,,,,,,,,,,,,,,,,,,,,,6.0,,,,,,,14.4,,,,,,,,,,,2.0,,,,,,,,,,,,,,1.0,,,,1.0,,,,,,,,,,,,,,,,,,,,,,,,,,,,,,,,,,,,1.0,,,,,,4.0,,,,1.0,,,,,337.5,,,5.0,,,,,,,,,,,,3.9,,,,,,,,,,,,,,0.3,,,,0.9,,,,,,,,,,,,,,,,,,,,,,,,,,,,,,,,,,,,3.1,,,,,,10.9,,,,3.5,,,
1992-07-15,1007.6,1010.7,1009.3,,1005.9,,28.6,31.2,,26.4,,25.1,82,75,,2.3,180.0,6.2,292.5,,0.0,0.0,0.0,,0.0,,7.5,55.7,17.22,3.1,,,,,,,,,,,,,5.0,,,,,,,,,,,,,,,2.44,1992-07-15T12:00:00,,,,,,,,,,,,,,,,,,,,,,,,,,,,,,,,,,,,,,,,,,,,,,4.8,,,,,,,7.8,,,,,,,1.0,,,,,,,,,,,,,,,,,,,,,,,,,,,,2.0,,,,2.0,,,,,,,,1.0,,,,,,,,,,1.0,,,,,,,,1.0,,,,,,1.0,,,,1.0,,,,,315.0,,,4.3,,,,,,,,1.6,,,,,,,,,,,,,,,,,,,,,,,,,,,,2.8,,,,3.8,,,,,,,,1.3,,,,,,,,,,3.8,,,,,,,,3.7,,,,,,3.4,,,,1.1,,,
1992-07-16,1006.3,1009.5,1007.4,,1004.9,,28.8,31.5,,26.6,,24.7,79,68,,2.5,270.0,6.7,247.5,,0.0,0.0,0.0,,0.0,,8.9,66.2,19.06,5.7,,,,,,,,,,,,,3.8,,,,,,,,,,,,,,,2.53,1992-07-16T13:00:00,,,,,,,,,,,,,,,,,,,,,,,,,,,,,,,,,,,,,,,,,,,,,,4.9,,,,,,,9.6,,,,,,,,,,,,,,,,,,,,,,,,,,,,,1.0,,,,,,4.0,,,,1.0,,,,1.0,,,,,,,,,,,,,,3.0,,,,,,,,,,,,,,,,,,,,,,,270.0,,,4.8,,,,,,,,,,,,,,,,,,,,,,,,,,,,,,1.2,,,,,,6.7,,,,2.6,,,,1.7,,,,,,,,,,,,,,10.3,,,,,,,,,,,,,,,,,,,,,
1992-07-17,1005.7,1008.8,1006.6,,1004.9,,28.8,32.3,,26.5,,24.8,79,72,,2.7,270.0,10.0,247.5,,0.0,0.0,0.0,,0.0,,5.8,43.2,14.94,4.5,,,,,,,,,,,,,5.1,,,,,,,,,,,,,,,2.53,1992-07-17T12:00:00,,,,,,,,,,,,,,,,,,,,,,,,,,,,,,,,,,,,,,,,,,,,,,5.8,,,,,,,12.5,,,,,,,,,,,,,,,,,,,,,,,,,,,,,2.0,,,,,,3.0,,,,1.0,,,,2.0,,,,,,,,,,,,,,2.0,,,,,,,,,,,,,,,,,,,,,,,247.5,,,7.1,,,,,,,,,,,,,,,,,,,,,,,,,,,,,,3.4,,,,,,8.1,,,,2.0,,,,4.4,,,,,,,,,,,,,,10.5,,,,,,,,,,,,,,,,,,,,,
1992-07-18,1005.4,1008.6,1006.9,,1003.8,,29.1,32.6,,25.9,,24.8,78,69,,3.6,135.0,11.5,225.0,,0.0,0.0,0.0,,0.0,,9.3,69.2,17.97,6.3,,,,,,,,,,,,,3.9,,,,,,,,,,,,,,,2.31,1992-07-18T13:00:00,,,,,,,,,,,,,,,,,,,,,,,,,,,,,,,,,,,,,,,,,,,,,,6.7,,,,,,,20.1,,,,,,,,,,,,,,,,,,,,,,,,,,,,,3.0,,,,,,2.0,,,,2.0,,,,,,,,1.0,,,,,,2.0,,,,,,,,,,,,,,,,,,,,,,,,,,,247.5,,,8.5,,,,,,,,,,,,,,,,,,,,,,,,,,,,,,4.4,,,,,,6.5,,,,5.7,,,,,,,,4.9,,,,,,12.8,,,,,,,,,,,,,,,,,,,,,,,,,
1992-07-19,1005.7,1008.9,1007.1,,1004.6,,29.3,32.1,,26.5,,25.4,79,72,,3.1,270.0,9.1,270.0,,0.0,0.0,0.0,,0.0,,6.0,44.7,18.11,5.6,,,,,,,,,,,,,4.3,,,,,,,,,,,,,,,2.57,1992-07-19T12:00:00,,,,,,,,,,,,,,,,,,,,,,,,,,,,,,,,,,,,,,,,,,,,,,5.6,,,,,,,15.8,,,,,,,,,,,,,,,,,,,,,,,,,,,,,2.0,,,,,,,,,,2.0,,,,1.0,,,,,,,,,,,,,,5.0,,,,,,,,,,,,,,,,,,,,,,,270.0,,,6.6,,,,,,,,,,,,,,,,,,,,,,,,,,,,,,5.7,,,,,,,,,,3.8,,,,2.8,,,,,,,,,,,,,,16.8,,,,,,,,,,,,,,,,,,,,,
1992-07-20,1005.4,1008.6,1007.4,,1003.6,,29.2,32.3,,26.8,,25.4,80,72,,2.6,337.5,8.8,337.5,,0.0,0.0,0.0,,0.0,,4.0,29.9,17.84,5.5,,,,,,,,,,,,,5.6,,,,,,,,,,,,,,,2.65,1992-07-20T12:00:00,,,,,,,,,,,,,,,,,,,,,,,,,,,,,,,,,,,,,,,,,,,,,,5.5,,,,,,,12.3,,,,,,,2.0,,,,1.0,,,,,,1.0,,,,,,,,,,,,1.0,,,,,,,,,,,,,,,,,,,,,,,,,,,,,,,,,,,,,,,,,,3.0,,,,2.0,,,,,337.5,,,6.6,,,,,,,,4.4,,,,0.3,,,,,,0.5,,,,,,,,,,,,0.5,,,,,,,,,,,,,,,,,,,,,,,,,,,,,,,,,,,,,,,,,,14.3,,,,6.4,,,
1992-07-21,1004.9,1008.0,1006.9,,1003.5,,29.5,33.0,,26.6,,25.6,80,70,,2.1,360.0,7.3,337.5,,0.0,0.0,0.0,,0.0,,6.4,47.8,18.99,4.1,,,,,,,,,,,,,2.0,,,,,,,,,,,,,,,2.61,1992-07-21T12:00:00,,,,,,,,,,,,,,,,,,,,,,,,,,,,,,,,,,,,,,,,,,,,,,6.4,,,,,,,13.3,,,,,,,1.0,,,,1.0,,,,,,,,,,,,,,1.0,,,,1.0,,,,,,,,,,,,,,,,,,1.0,,,,,,,,,,,,,,1.0,,,,1.0,,,,,,1.0,,,,2.0,,,,,337.5,,,5.0,,,,,,,,1.7,,,,1.3,,,,,,,,,,,,,,1.2,,,,0.6,,,,,,,,,,,,,,,,,,0.7,,,,,,,,,,,,,,3.0,,,,2.1,,,,,,4.5,,,,4.8,,,
1992-07-22,1007.4,1010.7,1009.7,,1006.1,,29.9,33.1,,27.1,,25.8,79,70,,2.9,360.0,9.1,360.0,,0.0,0.0,0.0,,0.0,,5.5,41.1,18.92,6.2,,,,,,,,,,,,,4.8,,,,,,,,,,,,,,,2.53,1992-07-22T12:00:00,,,,,,,,,,,,,,,,,,,,,,,,,,,,,,,,,,,,,,,,,,,,,,6.0,,,,,,,13.1,,,,,,,1.0,,,,1.0,,,,,,,,,,1.0,,,,1.0,,,,,,,,,,,,,,,,,,,,,,,,,,,,,,,,,,,,,,,,2.0,,,,,,2.0,,,,2.0,,,,,360.0,,,6.9,,,,,,,,4.5,,,,2.2,,,,,,,,,,1.4,,,,0.9,,,,,,,,,,,,,,,,,,,,,,,,,,,,,,,,,,,,,,,,4.6,,,,,,6.3,,,,9.6,,,
1992-07-23,1008.4,1011.5,1009.4,,1007.3,,29.2,32.2,,27.0,,25.2,71,75,,3.5,337.5,10.8,360.0,,0.0,0.0,0.0,,0.0,,0.5,3.7,14.12,4.0,,,,,,,,,,,,,6.4,,,,,,,,,,,,,,,2.18,1992-07-23T13:00:00,,,,,,,,,,,,,,,,,,,,,,,,,,,,,,,,,,,,,,,,,,,,,,5.2,,,,,,,16.0,,,,,,,,,,,2.0,,,,,,,,,,,,,,,,,,1.0,,,,,,1.0,,,,,,,,,,,,,,,,,,,,,,,,,,,,,,,,,,,,3.0,,,,3.0,,,,,360.0,,,7.9,,,,,,,,,,,,4.8,,,,,,,,,,,,,,,,,,0.7,,,,,,0.7,,,,,,,,,,,,,,,,,,,,,,,,,,,,,,,,,,,,15.4,,,,14.9,,,
1992-07-24,1007.4,1010.6,1008.8,,1005.1,,29.5,32.7,,26.6,,24.5,75,62,,3.3,360.0,8.2,337.5,,0.0,0.0,0.0,,0.0,,7.0,52.4,18.21,5.0,,,,,,,,,,,,,3.5,,,,,,,,,,,,,,,2.53,1992-07-24T12:00:00,,,,,,,,,,,,,,,,,,,,,,,,,,,,,,,,,,,,,,,,,,,,,,6.1,,,,,,,18.9,,,,,,,,,,,,,,,,,,,,,,,,,,,,,1.0,,,,,,,,,,2.0,,,,,,,,,,,,,,,,,,1.0,,,,,,,,1.0,,,,,,2.0,,,,3.0,,,,,360.0,,,6.2,,,,,,,,,,,,,,,,,,,,,,,,,,,,,,2.8,,,,,,,,,,4.8,,,,,,,,,,,,,,,,,,2.0,,,,,,,,4.3,,,,,,6.2,,,,13.9,,,
1992-07-25,1007.4,1010.6,1009.1,,1006.1,,29.0,33.3,,25.8,,23.5,73,59,,2.6,135.0,7.5,315.0,,0.0,0.0,0.0,,0.0,,8.8,66.0,17.62,6.3,,,,,,,,,,,,,2.0,,,,,,,,,,,,,,,2.48,1992-07-25T12:00:00,,,,,,,,,,,,,,,,,,,,,,,,,,,,,,,,,,,,,,,,,,,,,,7.5,,,,,,,17.1,,,,,,,,,,,,,,,,,,,,,,,,,,,,,6.0,,,,,,,,,,,,,,,,,,1.0,,,,,,,,,,1.0,,,,1.0,,,,,,,,,,,,,,1.0,,,,,337.5,,,5.1,,,,,,,,,,,,,,,,,,,,,,,,,,,,,,11.8,,,,,,,,,,,,,,,,,,1.7,,,,,,,,,,3.5,,,,4.3,,,,,,,,,,,,,,4.0,,,
1992-07-26,1008.2,1011.3,1009.4,,1006.9,,29.2,32.5,,26.1,,24.4,75,67,,2.5,135.0,7.6,270.0,,0.0,0.0,0.0,,0.0,,9.7,72.8,19.25,5.7,,,,,,,,,,,,,2.3,,,,,,,,,,,,,,,2.65,1992-07-26T12:00:00,,,,,,,,,,,,,,,,,,,,,,,,,,,,,,,,,,,,,,,,,,,,,,6.4,,,,,,,14.1,,,,,,,,,,,,,,,,,,,,,,,,,,,,,3.0,,,,,,1.0,,,,1.0,,,,,,,,,,,,,,,,,,1.0,,,,1.0,,,,1.0,,,,,,1.0,,,,1.0,,,,,292.5,,,4.6,,,,,,,,,,,,,,,,,,,,,,,,,,,,,,7.0,,,,,,1.7,,,,1.2,,,,,,,,,,,,,,,,,,3.3,,,,3.7,,,,0.5,,,,,,3.4,,,,0.4,,,
1992-07-27,1008.5,1011.6,1009.9,,1007.0,,29.6,33.2,,26.6,,24.6,75,61,,2.3,337.5,7.6,315.0,,0.0,0.0,0.0,,0.0,,8.8,66.2,18.6,5.0,,,,,,,,,,,,,2.3,,,,,,,,,,,,,,,2.65,1992-07-27T12:00:00,,,,,,,,,,,,,,,,,,,,,,,,,,,,,,,,,,,,,,,,,,,,,,6.6,,,,,,,12.4,,,,,,,,,,,,,,,,,,,,,,,,,1.0,,,,1.0,,,,,,2.0,,,,,,,,,,,,,,,,,,,,,,1.0,,,,1.0,,,,1.0,,,,,,3.0,,,,,,,,,315.0,,,5.4,,,,,,,,,,,,,,,,,,,,,,,,,,0.9,,,,0.9,,,,,,2.6,,,,,,,,,,,,,,,,,,,,,,1.7,,,,1.6,,,,3.5,,,,,,10.2,,,,,,,
1992-07-28,1008.2,1011.4,1009.7,,1006.4,,29.5,32.7,,26.8,,25.2,78,68,,2.3,135.0,6.7,315.0,,0.0,0.0,0.0,,0.0,,8.0,60.2,19.44,5.4,,,,,,,,,,,,,2.4,,,,,,,,,,,,,,,2.74,1992-07-28T12:00:00,,,,,,,,,,,,,,,,,,,,,,,,,,,,,,,,,,,,,,,,,,,,,,5.9,,,,,,,13.4,,,,,,,,,,,,,,,,,,,,,,,,,,,,,2.0,,,,,,,,,,1.0,,,,2.0,,,,1.0,,,,,,,,,,1.0,,,,1.0,,,,1.0,,,,,,1.0,,,,,,,,,315.0,,,4.5,,,,,,,,,,,,,,,,,,,,,,,,,,,,,,3.4,,,,,,,,,,2.2,,,,3.7,,,,0.8,,,,,,,,,,3.5,,,,3.4,,,,2.5,,,,,,3.0,,,,,,,
1992-07-29,1006.5,1009.7,1008.2,,1004.1,,30.0,33.5,,27.4,,25.4,77,61,,3.1,135.0,8.3,270.0,,0.0,0.0,0.0,,0.0,,9.7,73.2,19.4,5.0,,,,,,,,,,,,,3.1,,,,,,,,,,,,,,,2.7,1992-07-29T13:00:00,,,,,,,,,,,,,,,,,,,,,,,,,,,,,,,,,,,,,,,,,,,,,,6.1,,,,,,,13.0,,,,,,,,,,,,,,,,,,,,,,,,,,,,,3.0,,,,,,,,,,4.0,,,,,,,,,,,,,,1.0,,,,2.0,,,,,,,,,,,,,,,,,,,,,,,270.0,,,6.0,,,,,,,,,,,,,,,,,,,,,,,,,,,,,,6.0,,,,,,,,,,10.3,,,,,,,,,,,,,,3.6,,,,9.5,,,,,,,,,,,,,,,,,,,,,
1992-07-30,1004.6,1007.8,1006.7,,1002.3,,29.9,32.8,,27.5,,25.3,77,66,,3.7,135.0,8.7,270.0,,0.0,0.0,0.0,,0.0,,7.8,58.9,18.62,5.3,,,,,,,,,,,,,4.6,,,,,,,,,,,,,,,2.7,1992-07-30T13:00:00,,,,,,,,,,,,,,,,,,,,,,,,,,,,,,,,,,,,,,,,,,,,,,5.3,,,,,,,18.0,,,,,,,,,,,,,,,,,,,,,,,,,,,,,3.0,,,,,,,,,,1.0,,,,1.0,,,,2.0,,,,,,2.0,,,,1.0,,,,,,,,,,,,,,,,,,,,,,,247.5,,,6.6,,,,,,,,,,,,,,,,,,,,,,,,,,,,,,7.0,,,,,,,,,,2.9,,,,3.3,,,,7.8,,,,,,10.0,,,,5.1,,,,,,,,,,,,,,,,,,,,,
1992-07-31,1004.4,1007.6,1005.9,,1002.2,,29.8,32.5,,27.3,,24.9,76,67,,2.8,135.0,9.1,270.0,,0.0,0.0,0.0,,0.0,,6.1,46.1,17.07,4.9,,,,,,,,,,,,,2.6,,,,,,,,,,,,,,,2.57,1992-07-31T13:00:00,,,,,,,,,,,,,,,,,,,,,,,,,,,,,,,,,,,,,,,,,,,,,,5.2,,,,,,,19.3,,,,,,,,,,,,,,,,,,,,,,,,,,,,,3.0,,,,,,1.0,,,,2.0,,,,1.0,,,,,,,,,,1.0,,,,2.0,,,,,,,,,,,,,,,,,,,,,,,270.0,,,7.1,,,,,,,,,,,,,,,,,,,,,,,,,,,,,,5.4,,,,,,2.1,,,,3.3,,,,2.0,,,,,,,,,,2.7,,,,10.5,,,,,,,,,,,,,,,,,,,,,
1992-08-01,1004.9,1007.9,1006.1,,1003.4,,29.6,33.2,,27.0,,24.8,76,62,,1.6,135.0,6.3,270.0,,0.0,0.0,0.0,,0.0,,2.3,17.4,14.72,4.8,,,,,,,,,,,,,5.8,,,,,,,,,,,,,,,2.27,1992-08-01T14:00:00,,,,,,,,,,,,,,,,,,,,,,,,,,,,,,,,,,,,,,,,,,,,,,6.2,,,,,,,15.5,,,2.0,,,,,,,,,,,,,,,,,,,,,,,,,,2.0,,,,,,,,,,,,,,1.0,,,,,,,,,,,,,,2.0,,,,1.0,,,,1.0,,,,,,1.0,,,,,,,,,270.0,,,4.2,,,,0.2,,,,,,,,,,,,,,,,,,,,,,,,,,2.6,,,,,,,,,,,,,,0.9,,,,,,,,,,,,,,5.8,,,,3.7,,,,0.3,,,,,,1.9,,,,,,,
1992-08-02,1005.4,1008.6,1006.9,,1003.7,,29.7,33.1,,26.8,,24.6,74,63,,1.6,315.0,6.2,337.5,,0.0,0.0,0.0,,0.0,,6.0,45.5,17.86,5.1,,,,,,,,,,,,,3.4,,,,,,,,,,,,,,,2.53,1992-08-02T13:00:00,,,,,,,,,,,,,,,,,,,,,,,,,,,,,,,,,,,,,,,,,,,,,,6.3,,,,,,,13.1,,,2.0,,,,,,,,1.0,,,,,,,,,,,,,,,,,,1.0,,,,,,1.0,,,,,,,,,,,,,,,,,,1.0,,,,,,,,2.0,,,,2.0,,,,,,,,,,,,,,,315.0,,,4.2,,,,0.4,,,,,,,,1.6,,,,,,,,,,,,,,,,,,0.8,,,,,,1.1,,,,,,,,,,,,,,,,,,0.6,,,,,,,,3.3,,,,5.9,,,,,,,,,,,,,
1992-08-03,1006.2,1009.4,1008.0,,1004.6,,30.1,33.7,,27.5,,24.6,73,60,,2.0,270.0,6.5,292.5,,0.0,0.0,0.0,,0.0,,9.2,69.9,18.48,4.9,,,,,,,,,,,,,3.6,,,,,,,,,,,,,,,2.7,1992-08-03T12:00:00,,,,,,,,,,,,,,,,,,,,,,,,,,,,,,,,,,,,,,,,,,,,,,6.2,,,,,,,12.6,,,,,,,,,,,,,,,,,,,,,1.0,,,,,,,,2.0,,,,,,,,,,1.0,,,,,,,,1.0,,,,,,,,,,2.0,,,,2.0,,,,1.0,,,,,,,,,,,,,,,270.0,,,4.6,,,,,,,,,,,,,,,,,,,,,,0.8,,,,,,,,2.7,,,,,,,,,,1.4,,,,,,,,2.2,,,,,,,,,,7.0,,,,2.7,,,,2.8,,,,,,,,,,,,,
1992-08-04,1006.4,1009.7,1008.3,,1004.2,,30.1,33.7,,27.0,,25.2,75,63,,2.0,315.0,6.7,337.5,,0.0,0.0,0.0,,0.0,,8.1,61.6,18.06,6.0,,,,,,,,,,,,,2.6,,,,,,,,,,,,,,,2.53,1992-08-04T12:00:00,,,,,,,,,,,,,,,,,,,,,,,,,,,,,,,,,,,,,,,,,,,,,,6.7,,,,,,,13.3,,,,,,,,,,,,,,,,,,,,,,,,,,,,,2.0,,,,,,,,,,1.0,,,,1.0,,,,,,,,,,,,,,2.0,,,,1.0,,,,2.0,,,,,,,,,,,,1.0,,,315.0,,,3.7,,,,,,,,,,,,,,,,,,,,,,,,,,,,,,2.1,,,,,,,,,,1.0,,,,2.0,,,,,,,,,,,,,,4.1,,,,2.9,,,,6.2,,,,,,,,,,,,0.6,
1992-08-05,1005.5,1008.7,1007.0,,1003.9,,29.8,33.1,,27.5,,24.7,74,62,,3.1,270.0,9.1,247.5,,0.0,0.0,0.0,,0.0,,9.6,73.1,19.43,5.4,,,,,,,,,,,,,4.3,,,,,,,,,,,,,,,2.61,1992-08-05T13:00:00,,,,,,,,,,,,,,,,,,,,,,,,,,,,,,,,,,,,,,,,,,,,,,5.6,,,,,,,19.8,,,,,,,,,,,,,,,,,,,,,,,,,,,,,,,,,,,2.0,,,,3.0,,,,1.0,,,,,,,,,,,,,,4.0,,,,,,,,,,,,,,,,,,,,,,,270.0,,,6.6,,,,,,,,,,,,,,,,,,,,,,,,,,,,,,,,,,,,5.3,,,,6.2,,,,2.2,,,,,,,,,,,,,,16.1,,,,,,,,,,,,,,,,,,,,,
1992-08-06,1004.6,1007.8,1007.0,,1002.1,,29.7,32.8,,27.2,,24.6,74,64,,3.1,247.5,8.7,247.5,,0.0,0.0,0.0,,0.0,,7.1,54.1,16.35,4.2,,,,,,,,,,,,,3.3,,,,,,,,,,,,,,,2.4,1992-08-06T14:00:00,,,,,,,,,,,,,,,,,,,,,,,,,,,,,,,,,,,,,,,,,,,,,,5.6,,,,,,,18.3,,,,,,,,,,,,,,,,,,,,,,,,,,,,,1.0,,,,,,2.0,,,,3.0,,,,1.0,,,,,,,,,,2.0,,,,1.0,,,,,,,,,,,,,,,,,,,,,,,270.0,,,6.3,,,,,,,,,,,,,,,,,,,,,,,,,,,,,,2.5,,,,,,4.9,,,,7.9,,,,1.9,,,,,,,,,,5.8,,,,6.2,,,,,,,,,,,,,,,,,,,,,
1992-08-07,1002.5,1005.7,1004.3,,1000.4,,30.2,33.7,,27.2,,24.8,74,57,,3.6,225.0,10.6,270.0,,0.0,0.0,0.0,,0.0,,9.1,69.5,19.0,7.3,,,,,,,,,,,,,3.0,,,,,,,,,,,,,,,2.65,1992-08-07T12:00:00,,,,,,,,,,,,,,,,,,,,,,,,,,,,,,,,,,,,,,,,,,,,,,6.5,,,,,,,16.4,,,,,,,,,,,,,,,,,,,,,,,,,,,,,1.0,,,,,,3.0,,,,3.0,,,,,,,,2.0,,,,,,1.0,,,,,,,,,,,,,,,,,,,,,,,,,,,247.5,,,8.1,,,,,,,,,,,,,,,,,,,,,,,,,,,,,,2.8,,,,,,8.0,,,,8.3,,,,,,,,10.0,,,,,,5.5,,,,,,,,,,,,,,,,,,,,,,,,,
1992-08-08,1004.0,1007.3,1007.2,,1001.8,,29.8,33.5,,25.5,,24.7,74,65,,3.6,270.0,8.5,270.0,,18.5,2.4,11.5,,18.5,,6.0,45.9,17.21,-6.1,,,,,,,,,,,,,6.3,,,,,,,,,,,,,,,2.53,1992-08-08T12:00:00,,,,,,,,,,,,,,,,,,,,,,,,,,,,,,,,,,,,,,,,,,,,,,8.0,,,,,,,15.0,,,,,,,,,,,,,,,,,,,,,,,,,1.0,,,,2.0,,,,,,3.0,,,,1.0,,,,,,,,,,,,,,,,,,3.0,,,,,,,,,,,,,,,,,,,,,,,270.0,,,6.5,,,,,,,,,,,,,,,,,,,,,,,,,,1.5,,,,6.0,,,,,,8.3,,,,2.7,,,,,,,,,,,,,,,,,,15.0,,,,,,,,,,,,,,,,,,,,,
1992-08-09,1006.6,1009.8,1008.8,,1004.8,,29.6,33.2,,26.0,,24.1,72,63,,2.4,270.0,7.2,270.0,,0.0,0.0,0.0,,0.0,,7.8,59.7,19.78,5.0,,,,,,,,,,,,,5.9,,,,,,,,,,,,,,,2.61,1992-08-09T12:00:00,,,,,,,,,,,,,,,,,,,,,,,,,,,,,,,,,,,,,,,,,,,,,,7.2,,,,,,,16.5,,,,,,,1.0,,,,1.0,,,,,,,,,,,,,,,,,,2.0,,,,,,1.0,,,,1.0,,,,,,,,,,,,,,1.0,,,,2.0,,,,1.0,,,,,,,,,,,,,,,,,,,270.0,,,4.5,,,,,,,,1.6,,,,1.3,,,,,,,,,,,,,,,,,,4.2,,,,,,1.1,,,,1.6,,,,,,,,,,,,,,2.0,,,,7.6,,,,2.7,,,,,,,,,,,,,,,,,
1992-08-10,1007.6,1010.8,1009.0,,1006.0,,29.9,33.0,,26.5,,24.0,71,58,,2.5,337.5,7.6,360.0,,0.0,0.0,0.0,,0.0,,7.3,55.9,19.66,4.6,,,,,,,,,,,,,4.1,,,,,,,,,,,,,,,2.65,1992-08-10T12:00:00,,,,,,,,,,,,,,,,,,,,,,,,,,,,,,,,,,,,,,,,,,,,,,6.5,,,,,,,13.3,,,,,,,1.0,,,,,,,,,,1.0,,,,1.0,,,,1.0,,,,2.0,,,,,,,,,,,,,,,,,,,,,,,,,,,,,,,,,,,,,,,,,,3.0,,,,1.0,,,,,337.5,,,5.8,,,,,,,,1.4,,,,,,,,,,2.5,,,,0.4,,,,1.2,,,,3.3,,,,,,,,,,,,,,,,,,,,,,,,,,,,,,,,,,,,,,,,,,11.5,,,,3.8,,,
1992-08-11,1008.0,1011.1,1009.4,,1006.6,,29.3,32.9,,26.5,,23.5,71,66,,2.9,135.0,11.8,157.5,,0.0,0.0,0.0,,0.0,,5.1,39.1,15.45,6.1,,,,,,,,,,,,,2.1,,,,,,,,,,,,,,,2.48,1992-08-11T12:00:00,,,,,,,,,,,,,,,,,,,,,,,,,,,,,,,,,,,,,,,,,,,,,,6.4,,,,,,,16.1,,,,,,,,,,,,,,,,,,,,,,,,,1.0,,,,4.0,,,,,,,,,,1.0,,,,,,,,1.0,,,,,,1.0,,,,1.0,,,,1.0,,,,,,,,,,,,,,,,,,,157.5,,,6.1,,,,,,,,,,,,,,,,,,,,,,,,,,1.6,,,,8.3,,,,,,,,,,1.0,,,,,,,,1.2,,,,,,4.9,,,,3.4,,,,4.9,,,,,,,,,,,,,,,,,
1992-08-12,1006.0,1009.1,1007.9,,1004.3,,29.4,33.3,,25.9,,23.4,70,59,,3.6,270.0,9.1,270.0,,0.0,0.0,0.0,,0.0,,5.1,39.2,19.04,6.2,,,,,,,,,,,,,3.3,,,,,,,,,,,,,,,2.61,1992-08-12T12:00:00,,,,,,,,,,,,,,,,,,,,,,,,,,,,,,,,,,,,,,,,,,,,,,7.4,,,,,,,19.0,,,,,,,,,,,,,,,,,,,,,,,,,,,,,3.0,,,,,,3.0,,,,1.0,,,,,,,,,,,,,,1.0,,,,2.0,,,,,,,,,,,,,,,,,,,,,,,270.0,,,6.6,,,,,,,,,,,,,,,,,,,,,,,,,,,,,,7.7,,,,,,8.3,,,,2.2,,,,,,,,,,,,,,3.3,,,,10.4,,,,,,,,,,,,,,,,,,,,,
1992-08-13,1003.0,1006.1,1005.3,,1000.9,,29.6,32.6,,26.6,,23.8,72,61,,3.8,270.0,9.0,247.5,,0.0,0.0,0.0,,0.0,,9.1,70.1,17.63,5.9,,,,,,,,,,,,,4.1,,,,,,,,,,,,,,,2.53,1992-08-13T13:00:00,,,,,,,,,,,,,,,,,,,,,,,,,,,,,,,,,,,,,,,,,,,,,,6.0,,,,,,,17.0,,,,,,,,,,,,,,,,,,,,,,,,,,,,,2.0,,,,,,2.0,,,,2.0,,,,1.0,,,,1.0,,,,,,,,,,2.0,,,,,,,,,,,,,,,,,,,,,,,270.0,,,6.3,,,,,,,,,,,,,,,,,,,,,,,,,,,,,,6.3,,,,,,6.5,,,,6.8,,,,2.7,,,,4.6,,,,,,,,,,9.7,,,,,,,,,,,,,,,,,,,,,
1992-08-14,1001.6,1004.8,1003.1,,1000.0,,29.8,33.2,,27.5,,24.0,72,62,,4.5,247.5,12.4,247.5,,0.0,0.0,0.0,,0.0,,9.8,75.6,20.04,6.8,,,,,,,,,,,,,4.6,,,,,,,,,,,,,,,2.65,1992-08-14T13:00:00,,,,,,,,,,,,,,,,,,,,,,,,,,,,,,,,,,,,,,,,,,,,,,5.7,,,,,,,17.3,,,,,,,,,,,,,,,,,,,,,,,,,,,,,4.0,,,,,,2.0,,,,1.0,,,,,,,,,,,,,,3.0,,,,,,,,,,,,,,,,,,,,,,,,,,,247.5,,,7.9,,,,,,,,,,,,,,,,,,,,,,,,,,,,,,12.3,,,,,,6.5,,,,4.7,,,,,,,,,,,,,,20.1,,,,,,,,,,,,,,,,,,,,,,,,,
1992-08-15,1001.2,1004.4,1002.6,,999.4,,30.0,33.5,,27.2,,24.0,70,59,,2.8,135.0,8.0,270.0,,0.0,0.0,0.0,,0.0,,8.8,68.0,19.86,6.4,,,,,,,,,,,,,5.0,,,,,,,,,,,,,,,2.7,1992-08-15T12:00:00,,,,,,,,,,,,,,,,,,,,,,,,,,,,,,,,,,,,,,,,,,,,,,6.3,,,,,,,17.4,,,,,,,1.0,,,,,,,,,,,,,,,,,,,,,,3.0,,,,,,1.0,,,,,,,,2.0,,,,,,,,,,,,,,1.0,,,,1.0,,,,1.0,,,,,,,,,,,,,,,270.0,,,5.2,,,,,,,,1.3,,,,,,,,,,,,,,,,,,,,,,6.9,,,,,,2.2,,,,,,,,4.1,,,,,,,,,,,,,,4.6,,,,4.0,,,,3.0,,,,,,,,,,,,,
1992-08-16,998.4,1001.5,1001.3,,996.3,,29.2,32.4,,26.9,,24.1,74,67,,2.5,135.0,8.3,360.0,,0.0,0.0,0.0,,0.0,,3.4,26.3,12.11,3.9,,,,,,,,,,,,,7.4,,,,,,,,,,,,,,,1.97,1992-08-16T11:00:00,,,,,,,,,,,,,,,,,,,,,,,,,,,,,,,,,,,,,,,,,,,,,,5.5,,,,,,,12.3,,,,,,,,,,,1.0,,,,,,2.0,,,,,,,,,,,,3.0,,,,,,,,,,1.0,,,,,,,,,,,,,,,,,,,,,,1.0,,,,1.0,,,,,,,,,,1.0,,,,,360.0,,,5.2,,,,,,,,,,,,3.1,,,,,,4.6,,,,,,,,,,,,6.2,,,,,,,,,,2.7,,,,,,,,,,,,,,,,,,,,,,1.9,,,,3.3,,,,,,,,,,4.3,,,
1992-08-17,995.6,998.6,997.9,,992.8,,29.8,34.3,,27.1,,23.7,70,57,,2.4,135.0,7.1,337.5,,0.0,0.0,0.0,,0.0,,0.5,3.9,12.37,4.6,,,,,,,,,,,,,9.0,,,,,,,,,,,,,,,2.01,1992-08-17T11:00:00,,,,,,,,,,,,,,,,,,,,,,,,,,,,,,,,,,,,,,,,,,,,,,7.2,,,,,,,13.4,,,,,,,,,,,,,,,,,,,,,,,,,,,,,3.0,,,,,,1.0,,,,,,,,,,,,1.0,,,,,,,,,,,,,,,,,,1.0,,,,,,3.0,,,,1.0,,,,,337.5,,,4.6,,,,,,,,,,,,,,,,,,,,,,,,,,,,,,5.9,,,,,,1.4,,,,,,,,,,,,1.0,,,,,,,,,,,,,,,,,,3.2,,,,,,7.0,,,,4.2,,,
1992-08-18,996.3,999.5,998.7,,994.6,,29.0,32.2,,25.8,,24.0,75,62,,2.2,270.0,7.1,270.0,,3.0,2.7,1.5,,2.5,,0.6,4.7,8.04,-1.2,,,,,,,,,,,,,9.9,,,,,,,,,,,,,,,1.5,1992-08-18T09:00:00,,,,,,,,,,,,,,,,,,,,,,,,,,,,,,,,,,,,,,,,,,,,,,6.4,,,,,,,11.1,,,,,,,,,,,1.0,,,,,,,,,,,,,,,,,,3.0,,,,,,,,,,,,,,2.0,,,,,,,,,,,,,,2.0,,,,,,,,1.0,,,,,,1.0,,,,,,,,,270.0,,,4.7,,,,,,,,,,,,1.9,,,,,,,,,,,,,,,,,,3.9,,,,,,,,,,,,,,4.3,,,,,,,,,,,,,,5.0,,,,,,,,0.4,,,,,,3.6,,,,,,,
1992-08-19,997.7,1000.8,998.8,,996.5,,28.5,32.5,,26.0,,23.8,76,63,,3.3,22.5,10.2,22.5,,1.0,2.2,0.5,,1.0,,1.0,7.8,10.96,4.1,,,,,,,,,,,,,8.5,,,,,,,,,,,,,,,1.67,1992-08-19T15:00:00,,,,,,,,,,,,,,,,,,,,,,,,,,,,,,,,,,,,,,,,,,,,,,6.5,,,,,,,10.6,,,,,,,4.0,,,,2.0,,,,,,2.0,,,,,,,,,,,,,,,,,,,,,,,,,,,,,,,,,,,,,,,,,,,,,,,,,,,,,,,,,,2.0,,,,,360.0,,,7.4,,,,,,,,15.0,,,,5.3,,,,,,2.7,,,,,,,,,,,,,,,,,,,,,,,,,,,,,,,,,,,,,,,,,,,,,,,,,,,,,,,,,,7.9,,,
1992-08-20,998.6,1001.8,1000.6,,997.1,,29.0,32.6,,26.8,,23.8,74,64,,2.1,135.0,8.0,360.0,,0.0,0.0,0.0,,0.0,,1.7,13.2,13.13,4.5,,,,,,,,,,,,,8.8,,,,,,,,,,,,,,,2.31,1992-08-20T12:00:00,,,,,,,,,,,,,,,,,,,,,,,,,,,,,,,,,,,,,,,,,,,,,,5.8,,,,,,,9.4,,,1.0,,,,1.0,,,,,,,,,,,,,,,,,,,,,,4.0,,,,,,2.0,,,,,,,,,,,,,,,,,,,,,,1.0,,,,,,,,,,,,,,,,,,1.0,,,,,360.0,,,5.3,,,,0.2,,,,2.6,,,,,,,,,,,,,,,,,,,,,,5.0,,,,,,4.0,,,,,,,,,,,,,,,,,,,,,,2.8,,,,,,,,,,,,,,,,,,5.3,,,
1992-08-21,1000.7,1003.9,1003.0,,999.3,,28.4,31.8,,26.7,,23.7,76,67,,2.3,135.0,7.0,45.0,,0.0,0.0,0.0,,0.0,,0.6,4.7,8.82,4.9,,,,,,,,,,,,,8.6,,,,,,,,,,,,,,,1.24,1992-08-21T15:00:00,,,,,,,,,,,,,,,,,,,,,,,,,,,,,,,,,,,,,,,,,,,,,,5.1,,,,,,,9.1,,,,,,,,,,,1.0,,,,,,,,,,,,,,,,,,3.0,,,,,,2.0,,,,2.0,,,,,,,,,,,,,,1.0,,,,,,,,,,,,1.0,,,,,,,,,,,,,,,45.0,,,4.7,,,,,,,,,,,,3.7,,,,,,,,,,,,,,,,,,5.3,,,,,,3.1,,,,4.1,,,,,,,,,,,,,,3.1,,,,,,,,,,,,3.0,,,,,,,,,,,,,
1992-08-22,1002.9,1006.2,1005.1,,1001.4,,28.6,33.0,,26.2,,23.2,73,59,,2.5,135.0,8.0,247.5,,2.5,3.9,1.0,,2.0,,5.7,44.5,15.45,-4.4,,,,,,,,,,,,,7.3,,,,,,,,,,,,,,,2.61,1992-08-22T12:00:00,,,,,,,,,,,,,,,,,,,,,,,,,,,,,,,,,,,,,,,,,,,,,,6.8,,,,,,,15.0,,,,,,,,,,,,,,,,,,,,,,,,,,,,,5.0,,,,,,1.0,,,,1.0,,,,,,,,,,,,,,,,,,2.0,,,,,,,,,,,,,,,,,,1.0,,,,,270.0,,,5.5,,,,,,,,,,,,,,,,,,,,,,,,,,,,,,11.7,,,,,,1.1,,,,2.4,,,,,,,,,,,,,,,,,,8.4,,,,,,,,,,,,,,,,,,1.4,,,
1992-08-23,1003.9,1007.2,1005.7,,1002.4,,29.4,32.8,,25.7,,23.8,72,64,,2.0,270.0,7.8,270.0,,0.0,0.0,0.0,,0.0,,8.9,69.6,16.86,4.8,,,,,,,,,,,,,5.6,,,,,,,,,,,,,,,2.44,1992-08-23T13:00:00,,,,,,,,,,,,,,,,,,,,,,,,,,,,,,,,,,,,,,,,,,,,,,7.1,,,,,,,17.3,,,,,,,,,,,,,,,,,,,,,,,,,,,,,3.0,,,,,,1.0,,,,1.0,,,,2.0,,,,,,,,,,,,,,3.0,,,,,,,,,,,,,,,,,,,,,,,270.0,,,4.9,,,,,,,,,,,,,,,,,,,,,,,,,,,,,,3.7,,,,,,2.0,,,,0.8,,,,3.0,,,,,,,,,,,,,,9.5,,,,,,,,,,,,,,,,,,,,,
1992-08-24,1003.8,1006.9,1005.2,,1002.0,,29.6,32.9,,26.7,,24.3,74,61,,2.7,337.5,8.6,337.5,,-9.8,0.3,-9.8,,-9.8,,4.9,38.4,17.32,-5.8,,,,,,,,,,,,,6.4,,,,,,,,,,,,,,,2.48,1992-08-24T12:00:00,,,,,,,,,,,,,,,,,,,,,,,,,,,,,,,,,,,,,,,,,,,,,,6.2,,,,,,,12.3,,,,,,,,,,,2.0,,,,,,,,,,,,,,,,,,1.0,,,,,,2.0,,,,1.0,,,,,,,,,,,,,,,,,,,,,,,,,,,,,,,,3.0,,,,1.0,,,,,360.0,,,6.1,,,,,,,,,,,,3.6,,,,,,,,,,,,,,,,,,0.3,,,,,,3.2,,,,0.6,,,,,,,,,,,,,,,,,,,,,,,,,,,,,,,,9.9,,,,5.5,,,
1992-08-25,1002.5,1005.6,1004.3,,1000.3,,29.3,32.6,,26.1,,25.4,80,70,,2.9,157.5,12.3,22.5,,4.0,1.8,3.5,,3.5,,1.1,8.6,12.76,3.2,,,,,,,,,,,,,8.0,,,,,,,,,,,,,,,2.14,1992-08-25T13:00:00,,,,,,,,,,,,,,,,,,,,,,,,,,,,,,,,,,,,,,,,,,,,,,6.5,,,,,,,10.3,,,,,,,,,,,2.0,,,,,,,,,,,,,,,,,,3.0,,,,,,2.0,,,,,,,,,,,,,,,,,,,,,,,,,,,,,,1.0,,,,,,1.0,,,,1.0,,,,,22.5,,,8.5,,,,,,,,,,,,4.9,,,,,,,,,,,,,,,,,,4.2,,,,,,4.7,,,,,,,,,,,,,,,,,,,,,,,,,,,,,,2.7,,,,,,4.8,,,,5.8,,,
1992-08-26,999.6,1002.7,1001.8,,997.0,,29.4,32.6,,26.8,,25.6,80,70,,2.4,112.5,11.4,360.0,,-9.8,1.7,-9.8,,-9.8,,3.6,28.3,13.96,3.9,,,,,,,,,,,,,8.0,,,,,,,,,,,,,,,2.27,1992-08-26T13:00:00,,,,,,,,,,,,,,,,,,,,,,,,,,,,,,,,,,,,,,,,,,,,,,5.8,,,,,,,12.0,,,,,,,,,,,,,,,,,1.0,,,,1.0,,,,2.0,,,,1.0,,,,,,1.0,,,,,,,,,,,,,,,,,,,,,,,,,,,,,,1.0,,,,,,2.0,,,,1.0,,,,,360.0,,,8.3,,,,,,,,,,,,,,,,,,1.0,,,,0.3,,,,1.2,,,,2.1,,,,,,3.8,,,,,,,,,,,,,,,,,,,,,,,,,,,,,,3.4,,,,,,4.8,,,,7.4,,,
1992-08-27,996.7,999.6,999.2,,993.9,,29.9,34.8,,27.5,,24.8,74,63,,5.3,22.5,16.1,22.5,,0.0,0.0,0.0,,0.0,,3.4,26.8,13.39,4.0,,,,,,,,,,,,,7.4,,,,,,,,,,,,,,,2.35,1992-08-27T12:00:00,,,,,,,,,,,,,,,,,,,,,,,,,,,,,,,,,,,,,,,,,,,,,,7.3,,,,,,,13.9,,,,,,,3.0,,,,2.0,,,,,,,,,,,,,,,,,,2.0,,,,,,,,,,,,,,,,,,,,,,,,,,,,,,,,,,,,,,,,,,1.0,,,,2.0,,,,,360.0,,,10.6,,,,,,,,18.1,,,,12.2,,,,,,,,,,,,,,,,,,3.1,,,,,,,,,,,,,,,,,,,,,,,,,,,,,,,,,,,,,,,,,,3.9,,,,12.6,,,
1992-08-28,990.9,993.9,995.2,,988.5,,28.1,29.7,,26.3,,24.3,80,75,,6.3,45.0,19.1,45.0,,0.5,0.6,0.5,,0.5,,0.0,0.0,2.78,-3.4,,,,,,,,,,,,,9.9,,,,,,,,,,,,,,,0.51,1992-08-28T16:00:00,,,,,,,,,,,,,,,,,,,,,,,,,,,,,,,,,,,,,,,,,,,,,,3.4,,,,,,,18.4,,,,,,,3.0,,,,7.0,,,,,,,,,,,,,,,,,,,,,,,,,,,,,,,,,,,,,,,,,,,,,,,,,,,,,,,,,,,,,,,,,,,,,22.5,,,11.4,,,,,,,,20.6,,,,41.7,,,,,,,,,,,,,,,,,,,,,,,,,,,,,,,,,,,,,,,,,,,,,,,,,,,,,,,,,,,,,,,,,,,
1992-08-29,983.3,985.9,988.9,,979.2,,28.5,31.0,,27.0,,24.3,78,73,,12.4,22.5,31.6,22.5,,-9.8,0.7,-9.8,,-9.8,,0.4,3.2,9.98,-3.5,,,,,,,,,,,,,9.6,,,,,,,,,,,,,,,1.67,1992-08-29T12:00:00,,,,,,,,,,,,,,,,,,,,,,,,,,,,,,,,,,,,,,,,,,,,,,4.0,,,,,,,15.5,,,,,,,7.0,,,,2.0,,,,,,,,,,,,,,,,,,,,,,,,,,,,,,,,,,,,,,,,,,,,,,,,,,,,,,,,,,,,,,,,1.0,,,,,22.5,,,20.2,,,,,,,,96.9,,,,18.0,,,,,,,,,,,,,,,,,,,,,,,,,,,,,,,,,,,,,,,,,,,,,,,,,,,,,,,,,,,,,,,,15.1,,,
1992-08-30,976.6,979.4,979.6,,972.5,,26.7,27.5,,25.8,,24.2,87,81,,9.9,22.5,26.1,360.0,,89.5,19.6,11.0,,34.0,,0.0,0.0,2.05,-99.5,,,,,,,,,,,,,10.0,,,,,,,,,,,,,,,0.47,1992-08-30T13:00:00,,,,,,,,,,,,,,,,,,,,,,,,,,,,,,,,,,,,,,,,,,,,,,1.7,,,,,,,9.9,,,,,,,3.0,,,,,,,,,,,,,,,,,,,,,,,,,,,,,,,,,,,,,,,,,,,,,,,,,,3.0,,,,,,,,,,,,,,,,,,4.0,,,,,360.0,,,17.3,,,,,,,,34.7,,,,,,,,,,,,,,,,,,,,,,,,,,,,,,,,,,,,,,,,,,,,,,,,,,16.4,,,,,,,,,,,,,,,,,,47.8,,,
1992-08-31,985.3,986.9,991.9,,978.5,,26.8,29.4,,25.0,,23.4,83,67,,8.0,157.5,18.8,225.0,,30.5,10.4,6.0,,13.5,,0.0,0.0,5.78,-4.0,,,,,,,,,,,,,10.0,,,,,,,,,,,,,,,1.11,1992-08-31T11:00:00,,,,,,,,,,,,,,,,,,,,,,,,,,,,,,,,,,,,,,,,,,,,,,4.4,,,,,,,10.9,,,,,,,,,,,,,,,,,,,,,,,,,,,,,1.0,,,,,,6.0,,,,1.0,,,,1.0,,,,1.0,,,,,,,,,,,,,,,,,,,,,,,,,,,,,,,,,225.0,,,13.4,,,,,,,,,,,,,,,,,,,,,,,,,,,,,,6.1,,,,,,41.2,,,,8.6,,,,9.7,,,,11.1,,,,,,,,,,,,,,,,,,,,,,,,,,,,,,,
1992-09-01,997.9,1001.2,1002.0,,991.7,,27.4,30.6,,26.0,,23.6,80,70,,4.9,135.0,13.8,135.0,,19.0,6.1,6.5,,10.5,,0.7,6.0,5.53,-1.9,,,,,,,,,,,,,9.1,,,,,,,,,,,,,,,1.16,1992-09-01T09:00:00,,,,,,,,,,,,,,,,,,,,,,,,,,,,,,,,,,,,,,,,,,,,,,4.6,,,,,,,9.5,,,,,,,,,,,,,,,,,,,,,,,,,,,,,6.0,,,,,,4.0,,,,,,,,,,,,,,,,,,,,,,,,,,,,,,,,,,,,,,,,,,,,,157.5,,,7.3,,,,,,,,,,,,,,,,,,,,,,,,,,,,,,25.9,,,,,,21.4,,,,,,,,,,,,,,,,,,,,,,,,,,,,,,,,,,,,,,,,,,,
1992-09-02,1001.9,1005.1,1003.9,,1000.7,,28.5,31.3,,26.1,,24.2,78,67,,2.0,270.0,6.6,247.5,,0.0,0.0,0.0,,0.0,,0.8,6.4,10.5,1.9,,,,,,,,,,,,,7.9,,,,,,,,,,,,,,,1.93,1992-09-02T12:00:00,,,,,,,,,,,,,,,,,,,,,,,,,,,,,,,,,,,,,,,,,,,,,,5.2,,,,,,,10.4,,,,,,,,,,,,,,,,,,,,,1.0,,,,,,,,1.0,,,,,,3.0,,,,,,,,,,,,,,,,,,,,,,4.0,,,,,,,,,,,,,,,,,,1.0,,,,,247.5,,,4.7,,,,,,,,,,,,,,,,,,,,,,0.8,,,,,,,,1.4,,,,,,7.7,,,,,,,,,,,,,,,,,,,,,,8.5,,,,,,,,,,,,,,,,,,0.4,,,
1992-09-03,997.4,1000.3,1001.2,,992.8,,28.1,29.8,,26.5,,23.9,78,68,,6.1,360.0,18.9,22.5,,0.0,0.0,0.0,,0.0,,0.0,0.0,9.46,-1.9,,,,,,,,,,,,,8.6,,,,,,,,,,,,,,,1.24,1992-09-03T13:00:00,,,,,,,,,,,,,,,,,,,,,,,,,,,,,,,,,,,,,,,,,,,,,,3.3,,,,,,,11.4,,,,,,,2.0,,,,1.0,,,,,,1.0,,,,,,,,,,,,,,,,,,,,,,,,,,,,,,,,,,,,,,,,,,,,,,,,,,,,,,1.0,,,,5.0,,,,,360.0,,,12.7,,,,,,,,10.3,,,,1.9,,,,,,1.3,,,,,,,,,,,,,,,,,,,,,,,,,,,,,,,,,,,,,,,,,,,,,,,,,,,,,,5.7,,,,44.8,,,
1992-09-04,985.9,988.1,992.8,,979.1,,28.1,29.8,,26.4,,24.5,81,76,,15.9,360.0,31.2,360.0,,2.5,3.6,1.5,,2.0,,0.0,0.0,8.36,-4.9,,,,,,,,,,,,,10.0,,,,,,,,,,,,,,,1.67,1992-09-04T12:00:00,,,,,,,,,,,,,,,,,,,,,,,,,,,,,,,,,,,,,,,,,,,,,,3.4,,,,,,,12.5,,,,,,,3.0,,,,,,,,,,,,,,,,,,,,,,,,,,,,,,,,,,,,,,,,,,,,,,,,,,,,,,,,,,,,,,,,,,,,7.0,,,,,360.0,,,22.3,,,,,,,,33.6,,,,,,,,,,,,,,,,,,,,,,,,,,,,,,,,,,,,,,,,,,,,,,,,,,,,,,,,,,,,,,,,,,,,118.1,,,
1992-09-05,991.2,992.1,998.9,,979.4,,27.4,30.8,,24.1,,22.7,77,60,,6.0,135.0,26.8,180.0,,15.0,4.8,2.0,,8.0,,0.0,0.0,8.74,-5.1,,,,,,,,,,,,,7.8,,,,,,,,,,,,,,,1.84,1992-09-05T13:00:00,,,,,,,,,,,,,,,,,,,,,,,,,,,,,,,,,,,,,,,,,,,,,,6.7,,,,,,,18.8,,,,,,,,,,,,,,,,,,,,,,,,,,,,,7.0,,,,,,3.0,,,,,,,,,,,,,,,,,,,,,,,,,,,,,,,,,,,,,,,,,,,,,135.0,,,13.1,,,,,,,,,,,,,,,,,,,,,,,,,,,,,,44.1,,,,,,15.0,,,,,,,,,,,,,,,,,,,,,,,,,,,,,,,,,,,,,,,,,,,
1992-09-06,1001.5,1005.0,1004.9,,998.7,,28.7,33.8,,24.0,,23.4,74,58,,2.4,112.5,10.8,157.5,,23.5,1.4,10.5,,23.5,,8.2,65.8,16.87,-5.2,,,,,,,,,,,,,4.9,,,,,,,,,,,,,,,2.44,1992-09-06T11:00:00,,,,,,,,,,,,,,,,,,,,,,,,,,,,,,,,,,,,,,,,,,,,,,9.8,,,,,,,16.1,,,,,,,,,,,1.0,,,,,,1.0,,,,1.0,,,,2.0,,,,1.0,,,,,,,,,,,,,,1.0,,,,,,,,,,,,,,2.0,,,,,,,,,,,,,,1.0,,,,,,,,,180.0,,,5.7,,,,,,,,,,,,3.1,,,,,,3.3,,,,2.1,,,,5.2,,,,1.7,,,,,,,,,,,,,,1.6,,,,,,,,,,,,,,4.1,,,,,,,,,,,,,,1.8,,,,,,,
1992-09-07,1004.0,1007.3,1006.1,,1002.1,,28.1,32.5,,24.6,,24.0,79,68,,1.8,135.0,9.1,135.0,,0.5,1.9,0.5,,0.5,,6.7,53.8,15.63,-4.9,,,,,,,,,,,,,5.0,,,,,,,,,,,,,,,2.53,1992-09-07T12:00:00,,,,,,,,,,,,,,,,,,,,,,,,,,,,,,,,,,,,,,,,,,,,,,7.9,,,,,,,15.5,,,1.0,,,,,,,,,,,,,,,,,,1.0,,,,3.0,,,,2.0,,,,,,,,,,,,,,,,,,1.0,,,,,,,,,,1.0,,,,,,,,1.0,,,,,,,,,,,,,,,135.0,,,4.8,,,,0.1,,,,,,,,,,,,,,,,,,0.8,,,,3.3,,,,2.3,,,,,,,,,,,,,,,,,,3.4,,,,,,,,,,3.9,,,,,,,,2.4,,,,,,,,,,,,,
1992-09-08,1004.9,1008.2,1006.4,,1003.2,,28.3,31.7,,25.7,,24.4,79,71,,1.8,292.5,6.3,270.0,,0.0,0.0,0.0,,0.0,,9.7,78.1,17.59,4.3,,,,,,,,,,,,,4.5,,,,,,,,,,,,,,,2.4,1992-09-08T12:00:00,,,,,,,,,,,,,,,,,,,,,,,,,,,,,,,,,,,,,,,,,,,,,,6.0,,,,,,,12.3,,,1.0,,,,,,,,,,,,,,1.0,,,,,,,,,,,,1.0,,,,,,1.0,,,,,,,,,,,,,,,,,,,,,,1.0,,,,3.0,,,,,,,,,,2.0,,,,,,,,,270.0,,,4.5,,,,0.2,,,,,,,,,,,,,,0.9,,,,,,,,,,,,1.9,,,,,,0.5,,,,,,,,,,,,,,,,,,,,,,2.7,,,,8.5,,,,,,,,,,1.8,,,,,,,
1992-09-09,1005.0,1008.2,1006.4,,1003.1,,28.6,31.3,,26.3,,24.8,80,70,,2.5,315.0,7.0,315.0,,0.0,0.0,0.0,,0.0,,9.0,79.8,17.43,5.0,,,,,,,,,,,,,4.1,,,,,,,,,,,,,,,2.57,1992-09-09T12:00:00,,,,,,,,,,,,,,,,,,,,,,,,,,,,,,,,,,,,,,,,,,,,,,5.0,,,,,,,12.1,,,,,,,,,,,,,,,,,,,,,1.0,,,,,,,,1.0,,,,,,,,,,1.0,,,,,,,,,,,,,,,,,,1.0,,,,,,,,2.0,,,,,,2.0,,,,2.0,,,,,315.0,,,4.4,,,,,,,,,,,,,,,,,,,,,,1.0,,,,,,,,0.9,,,,,,,,,,1.3,,,,,,,,,,,,,,,,,,3.9,,,,,,,,6.3,,,,,,4.3,,,,7.1,,,
1992-09-10,1004.8,1008.0,1006.4,,1003.1,,27.6,30.5,,25.1,,23.4,78,72,,4.5,22.5,15.2,45.0,,-9.8,0.9,-9.8,,-9.8,,1.1,8.9,9.6,3.5,,,,,,,,,,,,,7.3,,,,,,,,,,,,,,,1.5,1992-09-10T15:00:00,,,,,,,,,,,,,,,,,,,,,,,,,,,,,,,,,,,,,,,,,,,,,,5.4,,,,,,,11.9,,,,,,,5.0,,,,,,,,,,,,,,1.0,,,,,,,,1.0,,,,,,,,,,,,,,,,,,,,,,,,,,,,,,,,,,,,,,,,,,1.0,,,,2.0,,,,,22.5,,,10.7,,,,,,,,26.9,,,,,,,,,,,,,,1.8,,,,,,,,2.0,,,,,,,,,,,,,,,,,,,,,,,,,,,,,,,,,,,,,,,,,,3.1,,,,9.8,,,
1992-09-11,1004.0,1007.2,1005.9,,1002.2,,26.7,30.4,,24.0,,21.9,75,66,,4.4,22.5,12.8,22.5,,0.0,0.0,0.0,,0.0,,4.1,33.2,12.73,2.0,,,,,,,,,,,,,4.8,,,,,,,,,,,,,,,2.27,1992-09-11T13:00:00,,,,,,,,,,,,,,,,,,,,,,,,,,,,,,,,,,,,,,,,,,,,,,6.4,,,,,,,17.5,,,,,,,5.0,,,,4.0,,,,,,,,,,,,,,,,,,,,,,,,,,,,,,,,,,,,,,,,,,,,,,,,,,,,,,,,,,,,,,,,1.0,,,,,22.5,,,8.5,,,,,,,,21.7,,,,14.2,,,,,,,,,,,,,,,,,,,,,,,,,,,,,,,,,,,,,,,,,,,,,,,,,,,,,,,,,,,,,,,,6.3,,,
1992-09-12,1004.3,1007.6,1005.8,,1002.9,,27.9,30.6,,25.0,,23.2,76,69,,2.1,157.5,5.9,22.5,,0.0,0.0,0.0,,0.0,,5.2,42.2,14.76,4.7,,,,,,,,,,,,,5.1,,,,,,,,,,,,,,,2.23,1992-09-12T12:00:00,,,,,,,,,,,,,,,,,,,,,,,,,,,,,,,,,,,,,,,,,,,,,,5.6,,,,,,,7.3,,,,,,,,,,,2.0,,,,,,,,,,,,,,,,,,1.0,,,,,,4.0,,,,,,,,,,,,,,,,,,,,,,,,,,,,,,2.0,,,,,,,,,,1.0,,,,,22.5,,,3.9,,,,,,,,,,,,6.2,,,,,,,,,,,,,,,,,,1.2,,,,,,7.0,,,,,,,,,,,,,,,,,,,,,,,,,,,,,,5.7,,,,,,,,,,1.5,,,
1992-09-13,1005.5,1008.7,1006.8,,1004.2,,28.2,31.0,,25.7,,24.0,78,70,,2.9,247.5,8.3,247.5,,0.0,0.0,0.0,,0.0,,8.6,69.9,16.05,4.7,,,,,,,,,,,,,2.0,,,,,,,,,,,,,,,2.44,1992-09-13T12:00:00,,,,,,,,,,,,,,,,,,,,,,,,,,,,,,,,,,,,,,,,,,,,,,5.3,,,,,,,14.3,,,,,,,,,,,,,,,,,,,,,,,,,,,,,2.0,,,,,,2.0,,,,2.0,,,,1.0,,,,,,,,,,2.0,,,,1.0,,,,,,,,,,,,,,,,,,,,,,,247.5,,,5.7,,,,,,,,,,,,,,,,,,,,,,,,,,,,,,4.7,,,,,,3.7,,,,5.4,,,,2.5,,,,,,,,,,8.1,,,,4.0,,,,,,,,,,,,,,,,,,,,,
1992-09-14,1007.1,1010.4,1008.6,,1005.3,,28.6,31.1,,26.3,,24.2,77,70,,2.7,157.5,6.5,270.0,,0.0,0.0,0.0,,0.0,,9.9,80.6,16.89,4.7,,,,,,,,,,,,,1.9,,,,,,,,,,,,,,,2.48,1992-09-14T12:00:00,,,,,,,,,,,,,,,,,,,,,,,,,,,,,,,,,,,,,,,,,,,,,,4.8,,,,,,,16.5,,,,,,,1.0,,,,,,,,,,,,,,,,,,,,,,,,,,,,3.0,,,,1.0,,,,,,,,,,,,,,1.0,,,,3.0,,,,,,,,1.0,,,,,,,,,,,,,,,270.0,,,4.7,,,,,,,,1.5,,,,,,,,,,,,,,,,,,,,,,,,,,,,8.5,,,,2.2,,,,,,,,,,,,,,3.7,,,,8.0,,,,,,,,0.3,,,,,,,,,,,,,
1992-09-15,1007.5,1010.7,1009.0,,1005.7,,28.2,30.9,,26.3,,23.9,78,69,,1.9,292.5,6.4,270.0,,0.0,0.0,0.0,,0.0,,5.2,42.4,14.18,2.7,,,,,,,,,,,,,3.8,,,,,,,,,,,,,,,2.44,1992-09-15T12:00:00,,,,,,,,,,,,,,,,,,,,,,,,,,,,,,,,,,,,,,,,,,,,,,4.6,,,,,,,15.6,,,,,,,1.0,,,,3.0,,,,,,,,,,,,,,,,,,1.0,,,,,,,,,,,,,,,,,,1.0,,,,,,,,,,,,,,2.0,,,,1.0,,,,,,,,,,1.0,,,,,270.0,,,4.3,,,,,,,,2.8,,,,4.7,,,,,,,,,,,,,,,,,,0.4,,,,,,,,,,,,,,,,,,0.9,,,,,,,,,,,,,,4.5,,,,2.6,,,,,,,,,,2.2,,,
1992-09-16,1005.2,1008.4,1007.3,,1003.1,,27.9,31.4,,25.4,,23.2,76,65,,3.1,22.5,11.8,22.5,,0.0,0.0,0.0,,0.0,,0.0,0.0,10.45,4.0,,,,,,,,,,,,,5.8,,,,,,,,,,,,,,,1.97,1992-09-16T13:00:00,,,,,,,,,,,,,,,,,,,,,,,,,,,,,,,,,,,,,,,,,,,,,,6.0,,,,,,,10.8,,,,,,,3.0,,,,2.0,,,,,,,,,,1.0,,,,,,,,1.0,,,,,,1.0,,,,1.0,,,,,,,,,,,,,,,,,,,,,,,,,,,,,,,,,,,,1.0,,,,,22.5,,,8.3,,,,,,,,10.9,,,,4.8,,,,,,,,,,0.8,,,,,,,,1.4,,,,,,2.1,,,,1.4,,,,,,,,,,,,,,,,,,,,,,,,,,,,,,,,,,,,6.6,,,
1992-09-17,1005.7,1008.9,1007.7,,1003.9,,28.1,31.9,,25.3,,23.2,75,65,,3.5,360.0,11.2,22.5,,0.0,0.0,0.0,,0.0,,5.1,41.7,14.38,3.7,,,,,,,,,,,,,4.5,,,,,,,,,,,,,,,2.27,1992-09-17T12:00:00,,,,,,,,,,,,,,,,,,,,,,,,,,,,,,,,,,,,,,,,,,,,,,6.6,,,,,,,11.0,,,,,,,3.0,,,,1.0,,,,,,1.0,,,,1.0,,,,,,,,,,,,,,,,,,,,,,,,,,,,,,,,,,,,,,,,,,,,,,,,,,,,,,4.0,,,,,22.5,,,7.7,,,,,,,,14.4,,,,1.3,,,,,,2.8,,,,1.0,,,,,,,,,,,,,,,,,,,,,,,,,,,,,,,,,,,,,,,,,,,,,,,,,,,,,,13.6,,,
1992-09-18,1006.5,1009.7,1008.0,,1004.5,,28.4,31.9,,25.4,,24.0,77,65,,3.0,360.0,10.8,22.5,,0.0,0.0,0.0,,0.0,,8.0,65.6,14.91,4.7,,,,,,,,,,,,,2.1,,,,,,,,,,,,,,,2.23,1992-09-18T12:00:00,,,,,,,,,,,,,,,,,,,,,,,,,,,,,,,,,,,,,,,,,,,,,,6.5,,,,,,,10.0,,,,,,,1.0,,,,3.0,,,,,,,,,,,,,,,,,,1.0,,,,,,,,,,1.0,,,,,,,,,,,,,,,,,,,,,,,,,,,,,,,,1.0,,,,3.0,,,,,22.5,,,7.6,,,,,,,,1.4,,,,8.6,,,,,,,,,,,,,,,,,,2.0,,,,,,,,,,1.5,,,,,,,,,,,,,,,,,,,,,,,,,,,,,,,,3.2,,,,12.9,,,
1992-09-19,1007.1,1010.4,1008.5,,1005.3,,28.2,32.6,,24.9,,23.5,76,66,,3.8,22.5,14.1,22.5,,0.0,0.0,0.0,,0.0,,6.6,54.2,13.78,4.6,,,,,,,,,,,,,4.1,,,,,,,,,,,,,,,2.14,1992-09-19T13:00:00,,,,,,,,,,,,,,,,,,,,,,,,,,,,,,,,,,,,,,,,,,,,,,7.7,,,,,,,8.3,,,,,,,4.0,,,,2.0,,,,,,1.0,,,,,,,,,,,,,,,,,,1.0,,,,,,,,,,,,,,,,,,,,,,,,,,,,,,,,,,,,,,,,2.0,,,,,22.5,,,8.1,,,,,,,,19.9,,,,4.0,,,,,,2.0,,,,,,,,,,,,,,,,,,2.1,,,,,,,,,,,,,,,,,,,,,,,,,,,,,,,,,,,,,,,,10.6,,,
1992-09-20,1003.4,1006.0,1007.6,,1000.0,,28.4,33.1,,24.9,,21.4,67,52,,5.7,22.5,18.2,22.5,,0.0,0.0,0.0,,0.0,,8.9,73.3,15.74,5.9,,,,,,,,,,,,,3.4,,,,,,,,,,,,,,,2.31,1992-09-20T12:00:00,,,,,,,,,,,,,,,,,,,,,,,,,,,,,,,,,,,,,,,,,,,,,,8.2,,,,,,,11.0,,,,,,,8.0,,,,2.0,,,,,,,,,,,,,,,,,,,,,,,,,,,,,,,,,,,,,,,,,,,,,,,,,,,,,,,,,,,,,,,,,,,,,360.0,,,12.4,,,,,,,,50.0,,,,5.8,,,,,,,,,,,,,,,,,,,,,,,,,,,,,,,,,,,,,,,,,,,,,,,,,,,,,,,,,,,,,,,,,,,
1992-09-21,994.5,997.4,1000.0,,990.1,,28.0,31.6,,26.1,,22.0,70,60,,8.7,22.5,25.6,45.0,,-9.8,2.3,-9.8,,-9.8,,1.0,8.3,9.76,-3.9,,,,,,,,,,,,,8.3,,,,,,,,,,,,,,,2.35,1992-09-21T11:00:00,,,,,,,,,,,,,,,,,,,,,,,,,,,,,,,,,,,,,,,,,,,,,,5.5,,,,,,,18.0,,,,,,,7.0,,,,3.0,,,,,,,,,,,,,,,,,,,,,,,,,,,,,,,,,,,,,,,,,,,,,,,,,,,,,,,,,,,,,,,,,,,,,22.5,,,14.0,,,,,,,,61.4,,,,27.4,,,,,,,,,,,,,,,,,,,,,,,,,,,,,,,,,,,,,,,,,,,,,,,,,,,,,,,,,,,,,,,,,,,
1992-09-22,987.7,990.8,990.4,,986.5,,25.8,27.3,,24.6,,22.8,84,75,,4.0,22.5,18.5,270.0,,33.5,19.3,4.0,,10.0,,0.0,0.0,1.81,-3.0,,,,,,,,,,,,,9.9,,,,,,,,,,,,,,,0.64,1992-09-22T12:00:00,,,,,,,,,,,,,,,,,,,,,,,,,,,,,,,,,,,,,,,,,,,,,,2.7,,,,,,,12.6,,,,,,,3.0,,,,1.0,,,,,,1.0,,,,,,,,,,,,2.0,,,,,,1.0,,,,,,,,1.0,,,,,,,,,,,,,,,,,,1.0,,,,,,,,,,,,,,,,,,,270.0,,,12.8,,,,,,,,14.7,,,,5.6,,,,,,2.8,,,,,,,,,,,,2.7,,,,,,3.4,,,,,,,,4.8,,,,,,,,,,,,,,,,,,8.4,,,,,,,,,,,,,,,,,
1992-09-23,999.1,1001.1,1004.1,,990.5,,27.1,30.1,,23.5,,23.4,81,67,,6.4,157.5,18.2,270.0,,13.5,6.8,1.0,,4.0,,0.0,0.0,9.69,-2.9,,,,,,,,,,,,,9.5,,,,,,,,,,,,,,,1.71,1992-09-23T11:00:00,,,,,,,,,,,,,,,,,,,,,,,,,,,,,,,,,,,,,,,,,,,,,,6.6,,,,,,,13.4,,,,,,,,,,,,,,,,,,,,,,,,,,,,,2.0,,,,,,6.0,,,,1.0,,,,,,,,1.0,,,,,,,,,,,,,,,,,,,,,,,,,,,,,,,,,247.5,,,13.0,,,,,,,,,,,,,,,,,,,,,,,,,,,,,,10.4,,,,,,34.3,,,,4.5,,,,,,,,11.2,,,,,,,,,,,,,,,,,,,,,,,,,,,,,,,
1992-09-24,1005.8,1009.2,1007.5,,1003.4,,27.7,30.8,,24.9,,23.8,80,69,,3.7,157.5,12.2,157.5,,0.0,0.0,0.0,,0.0,,6.3,52.3,15.54,4.9,,,,,,,,,,,,,4.3,,,,,,,,,,,,,,,2.35,1992-09-24T12:00:00,,,,,,,,,,,,,,,,,,,,,,,,,,,,,,,,,,,,,,,,,,,,,,5.9,,,,,,,13.8,,,,,,,1.0,,,,,,,,,,1.0,,,,,,,,,,,,1.0,,,,,,2.0,,,,1.0,,,,,,,,,,,,,,1.0,,,,1.0,,,,1.0,,,,,,,,,,,,,,1.0,,,,,180.0,,,6.6,,,,,,,,2.4,,,,,,,,,,1.8,,,,,,,,,,,,2.8,,,,,,9.6,,,,3.1,,,,,,,,,,,,,,5.2,,,,5.6,,,,2.2,,,,,,,,,,,,,,3.0,,,
1992-09-25,1006.5,1009.9,1009.2,,1004.6,,27.5,31.6,,24.0,,21.6,70,62,,6.7,22.5,18.9,22.5,,0.0,0.0,0.0,,0.0,,7.3,60.7,17.08,6.5,,,,,,,,,,,,,2.1,,,,,,,,,,,,,,,2.4,1992-09-25T12:00:00,,,,,,,,,,,,,,,,,,,,,,,,,,,,,,,,,,,,,,,,,,,,,,7.6,,,,,,,14.8,,,,,,,7.0,,,,2.0,,,,,,,,,,,,,,,,,,,,,,,,,,,,,,,,,,,,,,,,,,,,,,,,,,,,,,,,,,,,,,,,1.0,,,,,360.0,,,12.6,,,,,,,,45.3,,,,7.3,,,,,,,,,,,,,,,,,,,,,,,,,,,,,,,,,,,,,,,,,,,,,,,,,,,,,,,,,,,,,,,,12.0,,,
1992-09-26,1009.2,1012.6,1011.2,,1007.4,,25.1,28.2,,23.2,,18.8,68,61,,10.0,22.5,22.7,22.5,,0.0,0.0,0.0,,0.0,,6.0,50.0,17.89,8.3,,,,,,,,,,,,,2.8,,,,,,,,,,,,,,,2.48,1992-09-26T12:00:00,,,,,,,,,,,,,,,,,,,,,,,,,,,,,,,,,,,,,,,,,,,,,,5.0,,,,,,,17.1,,,,,,,10.0,,,,,,,,,,,,,,,,,,,,,,,,,,,,,,,,,,,,,,,,,,,,,,,,,,,,,,,,,,,,,,,,,,,,,,,,,22.5,,,14.6,,,,,,,,98.8,,,,,,,,,,,,,,,,,,,,,,,,,,,,,,,,,,,,,,,,,,,,,,,,,,,,,,,,,,,,,,,,,,,,,,,
1992-09-27,1010.3,1013.7,1012.6,,1008.6,,24.5,28.1,,21.8,,19.0,72,59,,7.4,22.5,19.6,45.0,,0.0,0.0,0.0,,0.0,,3.7,30.9,14.55,4.5,,,,,,,,,,,,,4.9,,,,,,,,,,,,,,,2.4,1992-09-27T12:00:00,,,,,,,,,,,,,,,,,,,,,,,,,,,,,,,,,,,,,,,,,,,,,,6.3,,,,,,,17.0,,,,,,,8.0,,,,2.0,,,,,,,,,,,,,,,,,,,,,,,,,,,,,,,,,,,,,,,,,,,,,,,,,,,,,,,,,,,,,,,,,,,,,22.5,,,11.7,,,,,,,,63.6,,,,6.3,,,,,,,,,,,,,,,,,,,,,,,,,,,,,,,,,,,,,,,,,,,,,,,,,,,,,,,,,,,,,,,,,,,
1992-09-28,1009.2,1012.4,1011.1,,1007.2,,25.3,29.3,,21.4,,21.8,81,69,,2.9,22.5,10.4,22.5,,0.0,0.0,0.0,,0.0,,6.2,51.8,14.55,3.2,,,,,,,,,,,,,3.8,,,,,,,,,,,,,,,2.14,1992-09-28T13:00:00,,,,,,,,,,,,,,,,,,,,,,,,,,,,,,,,,,,,,,,,,,,,,,7.9,,,,,,,11.0,,,,,,,3.0,,,,1.0,,,,,,2.0,,,,,,,,,,,,,,,,,,1.0,,,,,,,,,,,,,,,,,,,,,,1.0,,,,,,,,,,,,,,2.0,,,,,,,,,22.5,,,7.4,,,,,,,,11.7,,,,3.9,,,,,,2.6,,,,,,,,,,,,,,,,,,1.7,,,,,,,,,,,,,,,,,,,,,,3.0,,,,,,,,,,,,,,6.2,,,,,,,
1992-09-29,1008.8,1012.1,1010.1,,1007.6,,25.5,29.2,,21.8,,21.9,81,71,,4.7,22.5,13.8,22.5,,0.0,0.0,0.0,,0.0,,9.0,75.4,16.78,3.0,,,,,,,,,,,,,0.3,,,,,,,,,,,,,,,2.35,1992-09-29T12:00:00,,,,,,,,,,,,,,,,,,,,,,,,,,,,,,,,,,,,,,,,,,,,,,7.4,,,,,,,15.5,,,,,,,4.0,,,,2.0,,,,,,1.0,,,,,,,,,,,,1.0,,,,,,,,,,,,,,,,,,,,,,,,,,,,,,,,,,,,,,,,,,,,,,2.0,,,,,360.0,,,9.6,,,,,,,,26.1,,,,7.3,,,,,,2.3,,,,,,,,,,,,0.9,,,,,,,,,,,,,,,,,,,,,,,,,,,,,,,,,,,,,,,,,,,,,,10.2,,,
1992-09-30,1010.1,1013.4,1011.8,,1008.5,,26.0,29.8,,22.1,,22.6,82,73,,3.2,22.5,11.6,45.0,,0.0,0.0,0.0,,0.0,,9.3,78.1,14.89,3.5,,,,,,,,,,,,,0.0,,,,,,,,,,,,,,,2.18,1992-09-30T12:00:00,,,,,,,,,,,,,,,,,,,,,,,,,,,,,,,,,,,,,,,,,,,,,,7.7,,,,,,,9.1,,,,,,,4.0,,,,3.0,,,,,,,,,,1.0,,,,1.0,,,,,,,,,,,,,,,,,,,,,,,,,,,,,,,,,,,,,,,,,,,,,,1.0,,,,,,,,,360.0,,,8.4,,,,,,,,17.0,,,,7.6,,,,,,,,,,0.7,,,,1.0,,,,,,,,,,,,,,,,,,,,,,,,,,,,,,,,,,,,,,,,,,,,,,3.8,,,,,,,
1992-10-01,1010.9,1014.1,1012.6,,1009.8,,26.4,29.9,,22.6,,23.6,85,73,,3.1,22.5,9.0,360.0,,0.0,0.0,0.0,,0.0,,8.9,74.9,15.84,3.2,,,,,,,,,,,,,3.3,,,,,,,,,,,,,,,2.31,1992-10-01T12:00:00,,,,,,,,,,,,,,,,,,,,,,,,,,,,,,,,,,,,,,,,,,,,,,7.3,,,,,,,6.9,,,,,,,5.0,,,,2.0,,,,,,1.0,,,,,,,,,,,,,,,,,,,,,,,,,,,,,,,,,,,,,,,,,,,,,,,,,,,,,,1.0,,,,1.0,,,,,360.0,,,6.5,,,,,,,,17.2,,,,4.5,,,,,,0.4,,,,,,,,,,,,,,,,,,,,,,,,,,,,,,,,,,,,,,,,,,,,,,,,,,,,,,4.6,,,,5.4,,,
1992-10-02,1010.3,1013.6,1012.4,,1008.9,,27.3,30.4,,25.3,,24.8,86,71,,2.3,22.5,9.1,22.5,,0.0,0.0,0.0,,0.0,,2.6,21.9,10.61,2.8,,,,,,,,,,,,,7.3,,,,,,,,,,,,,,,1.97,1992-10-02T13:00:00,,,,,,,,,,,,,,,,,,,,,,,,,,,,,,,,,,,,,,,,,,,,,,5.1,,,,,,,5.6,,,,,,,3.0,,,,,,,,,,,,,,,,,,,,,,1.0,,,,,,1.0,,,,2.0,,,,,,,,,,,,,,,,,,1.0,,,,,,,,,,,,,,2.0,,,,,,,,,360.0,,,6.5,,,,,,,,10.5,,,,,,,,,,,,,,,,,,,,,,1.0,,,,,,1.6,,,,2.2,,,,,,,,,,,,,,,,,,3.1,,,,,,,,,,,,,,3.5,,,,,,,
1992-10-03,1009.0,1012.3,1010.9,,1007.2,,27.8,30.2,,25.9,,24.9,85,74,,1.8,157.5,5.8,315.0,,0.0,0.0,0.0,,0.0,,2.0,16.9,11.66,2.9,,,,,,,,,,,,,8.3,,,,,,,,,,,,,,,2.05,1992-10-03T13:00:00,,,,,,,,,,,,,,,,,,,,,,,,,,,,,,,,,,,,,,,,,,,,,,4.3,,,,,,,4.5,,,,,,,1.0,,,,,,,,,,1.0,,,,,,,,,,,,,,,,,,3.0,,,,1.0,,,,,,,,,,,,,,1.0,,,,1.0,,,,,,,,,,,,,,1.0,,,,1.0,,,,,22.5,,,4.3,,,,,,,,2.2,,,,,,,,,,1.3,,,,,,,,,,,,,,,,,,1.5,,,,1.3,,,,,,,,,,,,,,1.6,,,,2.5,,,,,,,,,,,,,,3.5,,,,3.4,,,
1992-10-04,1008.7,1012.1,1010.3,,1006.9,,27.1,30.6,,24.8,,22.7,78,63,,4.5,22.5,15.1,22.5,,0.0,0.0,0.0,,0.0,,5.8,49.1,14.16,4.1,,,,,,,,,,,,,3.0,,,,,,,,,,,,,,,2.14,1992-10-04T13:00:00,,,,,,,,,,,,,,,,,,,,,,,,,,,,,,,,,,,,,,,,,,,,,,5.8,,,,,,,11.3,,,1.0,,,,4.0,,,,,,,,,,,,,,2.0,,,,,,,,,,,,,,,,,,,,,,,,,,,,,,,,,,,,,,,,,,,,,,,,,,,,,,3.0,,,,,360.0,,,10.2,,,,0.0,,,,23.4,,,,,,,,,,,,,,2.9,,,,,,,,,,,,,,,,,,,,,,,,,,,,,,,,,,,,,,,,,,,,,,,,,,,,,,18.0,,,
1992-10-05,1010.3,1013.6,1012.0,,1008.8,,24.7,28.6,,22.0,,18.9,70,58,,9.2,22.5,20.1,45.0,,0.0,0.0,0.0,,0.0,,7.7,65.3,15.57,7.1,,,,,,,,,,,,,2.9,,,,,,,,,,,,,,,2.31,1992-10-05T12:00:00,,,,,,,,,,,,,,,,,,,,,,,,,,,,,,,,,,,,,,,,,,,,,,6.6,,,,,,,18.4,,,,,,,10.0,,,,,,,,,,,,,,,,,,,,,,,,,,,,,,,,,,,,,,,,,,,,,,,,,,,,,,,,,,,,,,,,,,,,,,,,,22.5,,,11.6,,,,,,,,93.4,,,,,,,,,,,,,,,,,,,,,,,,,,,,,,,,,,,,,,,,,,,,,,,,,,,,,,,,,,,,,,,,,,,,,,,
1992-10-06,1011.8,1015.1,1013.3,,1010.2,,22.9,26.3,,21.1,,16.5,67,57,,9.5,22.5,22.1,45.0,,0.0,0.0,0.0,,0.0,,6.4,54.3,14.9,6.8,,,,,,,,,,,,,3.4,,,,,,,,,,,,,,,2.23,1992-10-06T13:00:00,,,,,,,,,,,,,,,,,,,,,,,,,,,,,,,,,,,,,,,,,,,,,,5.2,,,,,,,18.6,,,,,,,10.0,,,,,,,,,,,,,,,,,,,,,,,,,,,,,,,,,,,,,,,,,,,,,,,,,,,,,,,,,,,,,,,,,,,,,,,,,360.0,,,14.0,,,,,,,,92.9,,,,,,,,,,,,,,,,,,,,,,,,,,,,,,,,,,,,,,,,,,,,,,,,,,,,,,,,,,,,,,,,,,,,,,,
1992-10-07,1011.6,1014.9,1013.3,,1009.9,,23.9,27.8,,20.4,,19.1,75,59,,7.5,22.5,18.0,22.5,,0.0,0.0,0.0,,0.0,,8.1,68.9,15.83,3.4,,,,,,,,,,,,,1.1,,,,,,,,,,,,,,,2.35,1992-10-07T12:00:00,,,,,,,,,,,,,,,,,,,,,,,,,,,,,,,,,,,,,,,,,,,,,,7.4,,,,,,,14.0,,,,,,,8.0,,,,1.0,,,,,,,,,,,,,,,,,,,,,,,,,,,,,,,,,,,,,,,,,,,,,,,,,,,,,,,,,,,,,,,,1.0,,,,,360.0,,,12.8,,,,,,,,58.2,,,,5.6,,,,,,,,,,,,,,,,,,,,,,,,,,,,,,,,,,,,,,,,,,,,,,,,,,,,,,,,,,,,,,,,9.2,,,
1992-10-08,1012.0,1015.3,1013.7,,1010.0,,24.0,27.2,,22.1,,19.7,77,68,,8.5,22.5,21.6,22.5,,0.0,0.0,0.0,,0.0,,7.8,66.4,13.86,5.4,,,,,,,,,,,,,4.6,,,,,,,,,,,,,,,2.18,1992-10-08T13:00:00,,,,,,,,,,,,,,,,,,,,,,,,,,,,,,,,,,,,,,,,,,,,,,5.1,,,,,,,11.0,,,,,,,7.0,,,,3.0,,,,,,,,,,,,,,,,,,,,,,,,,,,,,,,,,,,,,,,,,,,,,,,,,,,,,,,,,,,,,,,,,,,,,22.5,,,14.0,,,,,,,,66.6,,,,16.6,,,,,,,,,,,,,,,,,,,,,,,,,,,,,,,,,,,,,,,,,,,,,,,,,,,,,,,,,,,,,,,,,,,
1992-10-09,1011.2,1014.5,1013.0,,1009.1,,24.0,27.6,,21.6,,18.5,72,64,,8.2,22.5,20.5,45.0,,0.0,0.0,0.0,,0.0,,8.2,70.0,15.64,5.6,,,,,,,,,,,,,1.4,,,,,,,,,,,,,,,2.31,1992-10-09T12:00:00,,,,,,,,,,,,,,,,,,,,,,,,,,,,,,,,,,,,,,,,,,,,,,6.0,,,,,,,14.5,,,,,,,10.0,,,,,,,,,,,,,,,,,,,,,,,,,,,,,,,,,,,,,,,,,,,,,,,,,,,,,,,,,,,,,,,,,,,,,,,,,22.5,,,14.1,,,,,,,,77.6,,,,,,,,,,,,,,,,,,,,,,,,,,,,,,,,,,,,,,,,,,,,,,,,,,,,,,,,,,,,,,,,,,,,,,,
1992-10-10,1009.6,1012.9,1011.6,,1007.6,,23.9,28.2,,20.7,,19.0,74,63,,6.8,22.5,18.3,22.5,,0.0,0.0,0.0,,0.0,,7.5,64.2,14.85,5.0,,,,,,,,,,,,,1.4,,,,,,,,,,,,,,,2.18,1992-10-10T13:00:00,,,,,,,,,,,,,,,,,,,,,,,,,,,,,,,,,,,,,,,,,,,,,,7.5,,,,,,,15.6,,,,,,,6.0,,,,3.0,,,,,,,,,,,,,,,,,,,,,,,,,,,,,,,,,,,,,,,,,,,,,,,,,,,,,,,,,,,,,,,,1.0,,,,,360.0,,,12.9,,,,,,,,45.3,,,,11.2,,,,,,,,,,,,,,,,,,,,,,,,,,,,,,,,,,,,,,,,,,,,,,,,,,,,,,,,,,,,,,,,11.7,,,
1992-10-11,1008.3,1011.6,1009.8,,1006.0,,24.5,28.1,,21.6,,18.6,70,57,,8.5,22.5,19.6,22.5,,0.0,0.0,0.0,,0.0,,8.7,74.6,16.1,5.5,,,,,,,,,,,,,0.3,,,,,,,,,,,,,,,2.31,1992-10-11T12:00:00,,,,,,,,,,,,,,,,,,,,,,,,,,,,,,,,,,,,,,,,,,,,,,6.5,,,,,,,17.5,,,,,,,8.0,,,,2.0,,,,,,,,,,,,,,,,,,,,,,,,,,,,,,,,,,,,,,,,,,,,,,,,,,,,,,,,,,,,,,,,,,,,,22.5,,,13.5,,,,,,,,73.3,,,,10.2,,,,,,,,,,,,,,,,,,,,,,,,,,,,,,,,,,,,,,,,,,,,,,,,,,,,,,,,,,,,,,,,,,,
1992-10-12,1007.8,1011.1,1009.4,,1004.8,,24.4,27.9,,22.2,,19.3,74,65,,10.1,22.5,24.8,22.5,,0.0,0.0,0.0,,0.0,,8.9,76.5,15.19,5.3,,,,,,,,,,,,,2.3,,,,,,,,,,,,,,,2.23,1992-10-12T13:00:00,,,,,,,,,,,,,,,,,,,,,,,,,,,,,,,,,,,,,,,,,,,,,,5.7,,,,,,,15.6,,,,,,,10.0,,,,,,,,,,,,,,,,,,,,,,,,,,,,,,,,,,,,,,,,,,,,,,,,,,,,,,,,,,,,,,,,,,,,,,,,,22.5,,,15.3,,,,,,,,98.9,,,,,,,,,,,,,,,,,,,,,,,,,,,,,,,,,,,,,,,,,,,,,,,,,,,,,,,,,,,,,,,,,,,,,,,
1992-10-13,1007.5,1010.7,1009.1,,1005.9,,23.8,26.9,,22.2,,18.9,74,62,,10.0,22.5,22.2,22.5,,0.0,0.0,0.0,,0.0,,7.4,63.7,15.19,4.7,,,,,,,,,,,,,3.4,,,,,,,,,,,,,,,2.23,1992-10-13T12:00:00,,,,,,,,,,,,,,,,,,,,,,,,,,,,,,,,,,,,,,,,,,,,,,4.7,,,,,,,11.9,,,,,,,10.0,,,,,,,,,,,,,,,,,,,,,,,,,,,,,,,,,,,,,,,,,,,,,,,,,,,,,,,,,,,,,,,,,,,,,,,,,22.5,,,15.3,,,,,,,,100.2,,,,,,,,,,,,,,,,,,,,,,,,,,,,,,,,,,,,,,,,,,,,,,,,,,,,,,,,,,,,,,,,,,,,,,,
1992-10-14,1006.9,1010.2,1008.7,,1004.8,,22.6,25.8,,21.5,,18.9,80,71,,9.9,22.5,21.4,22.5,,0.0,0.0,0.0,,0.0,,1.9,16.4,9.78,4.8,,,,,,,,,,,,,7.3,,,,,,,,,,,,,,,1.97,1992-10-14T12:00:00,,,,,,,,,,,,,,,,,,,,,,,,,,,,,,,,,,,,,,,,,,,,,,4.3,,,,,,,12.3,,,,,,,10.0,,,,,,,,,,,,,,,,,,,,,,,,,,,,,,,,,,,,,,,,,,,,,,,,,,,,,,,,,,,,,,,,,,,,,,,,,22.5,,,14.0,,,,,,,,97.1,,,,,,,,,,,,,,,,,,,,,,,,,,,,,,,,,,,,,,,,,,,,,,,,,,,,,,,,,,,,,,,,,,,,,,,
1992-10-15,1006.4,1009.7,1008.0,,1004.3,,22.4,25.4,,21.2,,17.2,73,61,,8.2,22.5,19.5,22.5,,0.0,0.0,0.0,,0.0,,0.7,6.1,6.66,3.3,,,,,,,,,,,,,9.6,,,,,,,,,,,,,,,1.37,1992-10-15T14:00:00,,,,,,,,,,,,,,,,,,,,,,,,,,,,,,,,,,,,,,,,,,,,,,4.2,,,,,,,13.5,,,,,,,10.0,,,,,,,,,,,,,,,,,,,,,,,,,,,,,,,,,,,,,,,,,,,,,,,,,,,,,,,,,,,,,,,,,,,,,,,,,22.5,,,11.3,,,,,,,,81.2,,,,,,,,,,,,,,,,,,,,,,,,,,,,,,,,,,,,,,,,,,,,,,,,,,,,,,,,,,,,,,,,,,,,,,,
1992-10-16,1007.4,1010.7,1008.9,,1005.4,,22.0,24.5,,21.1,,17.2,74,69,,8.5,22.5,20.1,45.0,,0.0,0.0,0.0,,0.0,,1.0,8.7,9.8,4.2,,,,,,,,,,,,,9.0,,,,,,,,,,,,,,,1.63,1992-10-16T13:00:00,,,,,,,,,,,,,,,,,,,,,,,,,,,,,,,,,,,,,,,,,,,,,,3.4,,,,,,,16.6,,,,,,,10.0,,,,,,,,,,,,,,,,,,,,,,,,,,,,,,,,,,,,,,,,,,,,,,,,,,,,,,,,,,,,,,,,,,,,,,,,,22.5,,,12.0,,,,,,,,82.8,,,,,,,,,,,,,,,,,,,,,,,,,,,,,,,,,,,,,,,,,,,,,,,,,,,,,,,,,,,,,,,,,,,,,,,
1992-10-17,1009.7,1013.1,1012.2,,1007.6,,22.4,25.6,,20.4,,15.3,65,54,,10.3,22.5,21.2,22.5,,0.0,0.0,0.0,,0.0,,8.5,73.8,15.08,5.8,,,,,,,,,,,,,4.0,,,,,,,,,,,,,,,2.23,1992-10-17T12:00:00,,,,,,,,,,,,,,,,,,,,,,,,,,,,,,,,,,,,,,,,,,,,,,5.2,,,,,,,14.4,,,,,,,10.0,,,,,,,,,,,,,,,,,,,,,,,,,,,,,,,,,,,,,,,,,,,,,,,,,,,,,,,,,,,,,,,,,,,,,,,,,22.5,,,14.4,,,,,,,,102.3,,,,,,,,,,,,,,,,,,,,,,,,,,,,,,,,,,,,,,,,,,,,,,,,,,,,,,,,,,,,,,,,,,,,,,,
1992-10-18,1012.2,1015.6,1013.9,,1010.2,,21.5,25.2,,19.1,,12.9,58,45,,8.9,22.5,22.9,22.5,,0.0,0.0,0.0,,0.0,,8.1,70.4,14.13,6.3,,,,,,,,,,,,,4.3,,,,,,,,,,,,,,,2.23,1992-10-18T12:00:00,,,,,,,,,,,,,,,,,,,,,,,,,,,,,,,,,,,,,,,,,,,,,,6.1,,,,,,,14.8,,,,,,,10.0,,,,,,,,,,,,,,,,,,,,,,,,,,,,,,,,,,,,,,,,,,,,,,,,,,,,,,,,,,,,,,,,,,,,,,,,,22.5,,,15.0,,,,,,,,87.9,,,,,,,,,,,,,,,,,,,,,,,,,,,,,,,,,,,,,,,,,,,,,,,,,,,,,,,,,,,,,,,,,,,,,,,
1992-10-19,1012.6,1015.9,1014.5,,1010.7,,22.0,26.3,,20.1,,15.0,65,54,,8.6,22.5,20.6,22.5,,0.0,0.0,0.0,,0.0,,4.2,36.6,12.08,3.0,,,,,,,,,,,,,6.8,,,,,,,,,,,,,,,1.97,1992-10-19T13:00:00,,,,,,,,,,,,,,,,,,,,,,,,,,,,,,,,,,,,,,,,,,,,,,6.2,,,,,,,12.5,,,,,,,10.0,,,,,,,,,,,,,,,,,,,,,,,,,,,,,,,,,,,,,,,,,,,,,,,,,,,,,,,,,,,,,,,,,,,,,,,,,22.5,,,13.2,,,,,,,,83.6,,,,,,,,,,,,,,,,,,,,,,,,,,,,,,,,,,,,,,,,,,,,,,,,,,,,,,,,,,,,,,,,,,,,,,,
1992-10-20,1011.8,1015.1,1013.7,,1009.7,,21.7,25.9,,19.3,,14.7,64,55,,8.7,22.5,23.1,22.5,,0.0,0.0,0.0,,0.0,,6.2,54.1,13.1,6.9,,,,,,,,,,,,,3.3,,,,,,,,,,,,,,,2.05,1992-10-20T12:00:00,,,,,,,,,,,,,,,,,,,,,,,,,,,,,,,,,,,,,,,,,,,,,,6.6,,,,,,,14.4,,,,,,,10.0,,,,,,,,,,,,,,,,,,,,,,,,,,,,,,,,,,,,,,,,,,,,,,,,,,,,,,,,,,,,,,,,,,,,,,,,,22.5,,,14.6,,,,,,,,84.0,,,,,,,,,,,,,,,,,,,,,,,,,,,,,,,,,,,,,,,,,,,,,,,,,,,,,,,,,,,,,,,,,,,,,,,
1992-10-21,1011.1,1014.5,1013.1,,1009.1,,22.0,26.8,,18.8,,14.8,64,52,,7.5,22.5,20.8,45.0,,0.0,0.0,0.0,,0.0,,5.5,48.1,12.38,2.9,,,,,,,,,,,,,3.0,,,,,,,,,,,,,,,1.97,1992-10-21T13:00:00,,,,,,,,,,,,,,,,,,,,,,,,,,,,,,,,,,,,,,,,,,,,,,8.0,,,,,,,17.9,,,,,,,8.0,,,,1.0,,,,,,,,,,,,,,,,,,,,,,,,,,,,,,,,,,,,,,,,,,,,,,,,,,,,,,,,,,,,,,,,1.0,,,,,22.5,,,13.1,,,,,,,,56.8,,,,6.2,,,,,,,,,,,,,,,,,,,,,,,,,,,,,,,,,,,,,,,,,,,,,,,,,,,,,,,,,,,,,,,,11.9,,,
1992-10-22,1010.6,1013.9,1012.6,,1008.0,,21.8,26.5,,17.2,,16.1,70,59,,6.3,45.0,17.2,22.5,,0.0,0.0,0.0,,0.0,,8.9,78.0,14.06,2.7,,,,,,,,,,,,,0.3,,,,,,,,,,,,,,,2.1,1992-10-22T13:00:00,,,,,,,,,,,,,,,,,,,,,,,,,,,,,,,,,,,,,,,,,,,,,,9.3,,,,,,,18.5,,,,,,,4.0,,,,4.0,,,,,,,,,,,,,,,,,,,,,,,,,,,,,,,,,,,,,,,,,,,,,,,,,,,,,,,,,,,,,,,,2.0,,,,,22.5,,,11.4,,,,,,,,25.8,,,,17.0,,,,,,,,,,,,,,,,,,,,,,,,,,,,,,,,,,,,,,,,,,,,,,,,,,,,,,,,,,,,,,,,18.8,,,
1992-10-23,1011.4,1014.8,1013.1,,1009.9,,22.1,25.9,,18.8,,16.3,70,53,,7.5,22.5,18.1,360.0,,0.0,0.0,0.0,,0.0,,7.1,62.3,12.71,2.9,,,,,,,,,,,,,2.1,,,,,,,,,,,,,,,1.97,1992-10-23T13:00:00,,,,,,,,,,,,,,,,,,,,,,,,,,,,,,,,,,,,,,,,,,,,,,7.1,,,,,,,16.3,,,,,,,8.0,,,,2.0,,,,,,,,,,,,,,,,,,,,,,,,,,,,,,,,,,,,,,,,,,,,,,,,,,,,,,,,,,,,,,,,,,,,,360.0,,,12.8,,,,,,,,67.3,,,,5.4,,,,,,,,,,,,,,,,,,,,,,,,,,,,,,,,,,,,,,,,,,,,,,,,,,,,,,,,,,,,,,,,,,,
1992-10-24,1011.6,1015.0,1013.3,,1009.7,,21.1,24.6,,18.1,,13.8,64,55,,10.4,22.5,22.3,360.0,,0.0,0.0,0.0,,0.0,,6.9,60.7,13.06,4.3,,,,,,,,,,,,,1.0,,,,,,,,,,,,,,,1.97,1992-10-24T13:00:00,,,,,,,,,,,,,,,,,,,,,,,,,,,,,,,,,,,,,,,,,,,,,,6.5,,,,,,,12.6,,,,,,,10.0,,,,,,,,,,,,,,,,,,,,,,,,,,,,,,,,,,,,,,,,,,,,,,,,,,,,,,,,,,,,,,,,,,,,,,,,,22.5,,,14.7,,,,,,,,102.1,,,,,,,,,,,,,,,,,,,,,,,,,,,,,,,,,,,,,,,,,,,,,,,,,,,,,,,,,,,,,,,,,,,,,,,
1992-10-25,1013.3,1016.8,1015.4,,1011.5,,19.9,23.0,,17.6,,11.3,58,50,,9.9,22.5,22.9,360.0,,0.0,0.0,0.0,,0.0,,6.0,52.9,12.17,5.0,,,,,,,,,,,,,2.6,,,,,,,,,,,,,,,1.97,1992-10-25T13:00:00,,,,,,,,,,,,,,,,,,,,,,,,,,,,,,,,,,,,,,,,,,,,,,5.4,,,,,,,14.4,,,,,,,10.0,,,,,,,,,,,,,,,,,,,,,,,,,,,,,,,,,,,,,,,,,,,,,,,,,,,,,,,,,,,,,,,,,,,,,,,,,22.5,,,15.5,,,,,,,,98.9,,,,,,,,,,,,,,,,,,,,,,,,,,,,,,,,,,,,,,,,,,,,,,,,,,,,,,,,,,,,,,,,,,,,,,,
1992-10-26,1012.9,1016.3,1014.0,,1011.0,,21.5,25.9,,18.7,,14.7,65,52,,8.1,22.5,20.2,360.0,,0.0,0.0,0.0,,0.0,,8.1,71.6,13.78,4.8,,,,,,,,,,,,,0.6,,,,,,,,,,,,,,,2.05,1992-10-26T12:00:00,,,,,,,,,,,,,,,,,,,,,,,,,,,,,,,,,,,,,,,,,,,,,,7.2,,,,,,,16.3,,,,,,,9.0,,,,1.0,,,,,,,,,,,,,,,,,,,,,,,,,,,,,,,,,,,,,,,,,,,,,,,,,,,,,,,,,,,,,,,,,,,,,22.5,,,14.0,,,,,,,,75.1,,,,5.2,,,,,,,,,,,,,,,,,,,,,,,,,,,,,,,,,,,,,,,,,,,,,,,,,,,,,,,,,,,,,,,,,,,
1992-10-27,1013.4,1016.8,1015.3,,1011.7,,22.4,26.5,,19.8,,17.1,72,63,,8.3,22.5,22.8,22.5,,0.0,0.0,0.0,,0.0,,8.2,72.6,13.79,3.8,,,,,,,,,,,,,1.1,,,,,,,,,,,,,,,2.01,1992-10-27T13:00:00,,,,,,,,,,,,,,,,,,,,,,,,,,,,,,,,,,,,,,,,,,,,,,6.7,,,,,,,15.5,,,,,,,9.0,,,,1.0,,,,,,,,,,,,,,,,,,,,,,,,,,,,,,,,,,,,,,,,,,,,,,,,,,,,,,,,,,,,,,,,,,,,,22.5,,,14.9,,,,,,,,76.0,,,,4.8,,,,,,,,,,,,,,,,,,,,,,,,,,,,,,,,,,,,,,,,,,,,,,,,,,,,,,,,,,,,,,,,,,,
1992-10-28,1013.3,1016.6,1014.8,,1012.1,,22.6,24.5,,20.3,,19.1,81,76,,7.8,22.5,17.2,22.5,,0.0,0.0,0.0,,0.0,,0.0,0.0,7.01,2.8,,,,,,,,,,,,,7.5,,,,,,,,,,,,,,,1.37,1992-10-28T12:00:00,,,,,,,,,,,,,,,,,,,,,,,,,,,,,,,,,,,,,,,,,,,,,,4.2,,,,,,,13.1,,,,,,,10.0,,,,,,,,,,,,,,,,,,,,,,,,,,,,,,,,,,,,,,,,,,,,,,,,,,,,,,,,,,,,,,,,,,,,,,,,,22.5,,,11.5,,,,,,,,79.8,,,,,,,,,,,,,,,,,,,,,,,,,,,,,,,,,,,,,,,,,,,,,,,,,,,,,,,,,,,,,,,,,,,,,,,
1992-10-29,1012.1,1015.4,1013.6,,1010.5,,22.8,24.5,,21.5,,18.8,78,65,,7.7,22.5,16.9,22.5,,0.0,0.0,0.0,,0.0,,0.0,0.0,6.45,3.2,,,,,,,,,,,,,7.9,,,,,,,,,,,,,,,0.98,1992-10-29T12:00:00,,,,,,,,,,,,,,,,,,,,,,,,,,,,,,,,,,,,,,,,,,,,,,3.0,,,,,,,14.6,,,,,,,10.0,,,,,,,,,,,,,,,,,,,,,,,,,,,,,,,,,,,,,,,,,,,,,,,,,,,,,,,,,,,,,,,,,,,,,,,,,22.5,,,11.6,,,,,,,,77.6,,,,,,,,,,,,,,,,,,,,,,,,,,,,,,,,,,,,,,,,,,,,,,,,,,,,,,,,,,,,,,,,,,,,,,,
1992-10-30,1012.5,1015.9,1014.6,,1010.9,,22.8,28.4,,18.5,,12.0,52,30,,8.5,22.5,19.3,360.0,,0.0,0.0,0.0,,0.0,,8.2,73.0,13.49,5.9,,,,,,,,,,,,,0.0,,,,,,,,,,,,,,,2.01,1992-10-30T12:00:00,,,,,,,,,,,,,,,,,,,,,,,,,,,,,,,,,,,,,,,,,,,,,,9.9,,,,,,,14.6,,,,,,,9.0,,,,1.0,,,,,,,,,,,,,,,,,,,,,,,,,,,,,,,,,,,,,,,,,,,,,,,,,,,,,,,,,,,,,,,,,,,,,22.5,,,13.2,,,,,,,,75.5,,,,8.6,,,,,,,,,,,,,,,,,,,,,,,,,,,,,,,,,,,,,,,,,,,,,,,,,,,,,,,,,,,,,,,,,,,
1992-10-31,1013.8,1017.2,1015.4,,1012.3,,21.3,27.0,,17.8,,14.5,65,50,,5.7,22.5,14.0,360.0,,0.0,0.0,0.0,,0.0,,8.5,75.8,13.05,3.6,,,,,,,,,,,,,0.1,,,,,,,,,,,,,,,1.97,1992-10-31T12:00:00,,,,,,,,,,,,,,,,,,,,,,,,,,,,,,,,,,,,,,,,,,,,,,9.2,,,,,,,14.1,,,,,,,6.0,,,,2.0,,,,,,,,,,,,,,,,,,,,,,,,,,,,,,,,,,,,,,,,,,,,,,,,,,,,,,,,,,,,,,,,2.0,,,,,22.5,,,9.7,,,,,,,,32.7,,,,9.2,,,,,,,,,,,,,,,,,,,,,,,,,,,,,,,,,,,,,,,,,,,,,,,,,,,,,,,,,,,,,,,,12.7,,,
1992-11-01,1014.9,1018.3,1016.6,,1013.1,,21.7,28.4,,16.7,,13.3,60,40,,5.1,45.0,17.4,22.5,,0.0,0.0,0.0,,0.0,,7.0,62.5,12.11,5.4,,,,,,,,,,,,,2.0,,,,,,,,,,,,,,,1.88,1992-11-01T12:00:00,,,,,,,,,,,,,,,,,,,,,,,,,,,,,,,,,,,,,,,,,,,,,,11.7,,,,,,,12.1,,,,,,,4.0,,,,5.0,,,,,,1.0,,,,,,,,,,,,,,,,,,,,,,,,,,,,,,,,,,,,,,,,,,,,,,,,,,,,,,,,,,,,,,,22.5,,,12.7,,,,,,,,28.2,,,,17.9,,,,,,1.6,,,,,,,,,,,,,,,,,,,,,,,,,,,,,,,,,,,,,,,,,,,,,,,,,,,,,,,,,,,,,
1992-11-02,1015.7,1019.1,1018.3,,1013.9,,21.2,26.3,,17.8,,14.6,66,51,,5.6,22.5,17.2,360.0,,0.0,0.0,0.0,,0.0,,0.0,0.0,10.91,2.5,,,,,,,,,,,,,4.9,,,,,,,,,,,,,,,1.8,1992-11-02T12:00:00,,,,,,,,,,,,,,,,,,,,,,,,,,,,,,,,,,,,,,,,,,,,,,8.5,,,,,,,15.3,,,,,,,8.0,,,,1.0,,,,,,,,,,,,,,,,,,,,,,,,,,,,,,,,,,,,,,,,,,,,,,,,,,,,,,,,,,,,,,,,1.0,,,,,22.5,,,12.2,,,,,,,,38.9,,,,4.8,,,,,,,,,,,,,,,,,,,,,,,,,,,,,,,,,,,,,,,,,,,,,,,,,,,,,,,,,,,,,,,,10.4,,,
1992-11-03,1014.4,1017.8,1017.2,,1011.7,,21.5,25.8,,16.6,,16.9,75,55,,3.6,360.0,12.4,360.0,,0.0,0.0,0.0,,0.0,,0.0,0.0,10.29,2.2,,,,,,,,,,,,,1.8,,,,,,,,,,,,,,,1.75,1992-11-03T12:00:00,,,,,,,,,,,,,,,,,,,,,,,,,,,,,,,,,,,,,,,,,,,,,,9.2,,,,,,,11.8,,,,,,,1.0,,,,3.0,,,,,,,,,,1.0,,,,,,,,1.0,,,,,,1.0,,,,,,,,,,,,,,,,,,,,,,,,,,,,,,,,,,,,1.0,,,,2.0,,,,,22.5,,,8.6,,,,,,,,6.5,,,,7.8,,,,,,,,,,0.4,,,,,,,,0.9,,,,,,1.0,,,,,,,,,,,,,,,,,,,,,,,,,,,,,,,,,,,,3.2,,,,15.4,,,
1992-11-04,1013.2,1016.6,1015.2,,1011.4,,22.2,26.5,,17.4,,18.3,80,55,,3.3,360.0,11.0,360.0,,0.0,0.0,0.0,,0.0,,4.6,41.6,11.68,2.1,,,,,,,,,,,,,3.1,,,,,,,,,,,,,,,1.88,1992-11-04T12:00:00,,,,,,,,,,,,,,,,,,,,,,,,,,,,,,,,,,,,,,,,,,,,,,9.1,,,,,,,9.3,,,1.0,,,,,,,,1.0,,,,,,,,,,1.0,,,,,,,,1.0,,,,,,,,,,1.0,,,,,,,,,,,,,,,,,,,,,,,,,,,,,,,,1.0,,,,4.0,,,,,360.0,,,8.3,,,,0.2,,,,,,,,1.8,,,,,,,,,,0.7,,,,,,,,0.6,,,,,,,,,,2.0,,,,,,,,,,,,,,,,,,,,,,,,,,,,,,,,3.4,,,,21.8,,,
1992-11-05,1013.1,1016.4,1015.5,,1010.9,,22.4,25.4,,19.8,,19.0,82,70,,3.6,22.5,11.5,360.0,,0.0,0.0,0.0,,0.0,,6.5,58.5,11.73,2.4,,,,,,,,,,,,,4.1,,,,,,,,,,,,,,,1.97,1992-11-05T12:00:00,,,,,,,,,,,,,,,,,,,,,,,,,,,,,,,,,,,,,,,,,,,,,,5.6,,,,,,,5.3,,,,,,,3.0,,,,1.0,,,,,,,,,,,,,,,,,,2.0,,,,,,2.0,,,,,,,,,,,,,,,,,,,,,,,,,,,,,,,,,,,,1.0,,,,1.0,,,,,360.0,,,7.7,,,,,,,,16.0,,,,3.3,,,,,,,,,,,,,,,,,,1.7,,,,,,2.0,,,,,,,,,,,,,,,,,,,,,,,,,,,,,,,,,,,,5.0,,,,4.8,,,
1992-11-06,1011.8,1015.2,1014.3,,1009.3,,22.0,26.0,,19.1,,18.5,81,70,,6.9,22.5,18.6,22.5,,0.0,0.0,0.0,,0.0,,8.6,77.5,12.76,3.5,,,,,,,,,,,,,1.5,,,,,,,,,,,,,,,2.05,1992-11-06T13:00:00,,,,,,,,,,,,,,,,,,,,,,,,,,,,,,,,,,,,,,,,,,,,,,6.9,,,,,,,14.4,,,,,,,4.0,,,,5.0,,,,,,,,,,,,,,,,,,,,,,,,,,,,,,,,,,,,,,,,,,,,,,,,,,,,,,,,,,,,,,,,1.0,,,,,22.5,,,12.6,,,,,,,,32.3,,,,22.2,,,,,,,,,,,,,,,,,,,,,,,,,,,,,,,,,,,,,,,,,,,,,,,,,,,,,,,,,,,,,,,,10.0,,,
1992-11-07,1012.1,1015.5,1014.4,,1009.7,,21.0,25.5,,17.7,,16.1,74,60,,6.5,22.5,16.8,45.0,,0.0,0.0,0.0,,0.0,,5.9,53.2,11.96,4.0,,,,,,,,,,,,,0.0,,,,,,,,,,,,,,,1.88,1992-11-07T12:00:00,,,,,,,,,,,,,,,,,,,,,,,,,,,,,,,,,,,,,,,,,,,,,,7.8,,,,,,,11.4,,,,,,,6.0,,,,3.0,,,,,,,,,,,,,,,,,,,,,,,,,,,,,,,,,,,,,,,,,,,,,,,,,,,,,,,,,,,,,,,,1.0,,,,,22.5,,,10.7,,,,,,,,39.9,,,,17.2,,,,,,,,,,,,,,,,,,,,,,,,,,,,,,,,,,,,,,,,,,,,,,,,,,,,,,,,,,,,,,,,7.4,,,
1992-11-08,1014.3,1017.8,1018.0,,1012.0,,20.8,25.6,,16.4,,15.6,73,55,,7.2,22.5,17.8,22.5,,0.0,0.0,0.0,,0.0,,6.6,59.7,11.71,3.4,,,,,,,,,,,,,0.5,,,,,,,,,,,,,,,1.84,1992-11-08T13:00:00,,,,,,,,,,,,,,,,,,,,,,,,,,,,,,,,,,,,,,,,,,,,,,9.2,,,,,,,14.1,,,,,,,7.0,,,,2.0,,,,,,,,,,,,,,,,,,,,,,,,,,,,,,,,,,,,,,,,,,,,,,,,,,,,,,,,,,,,,,,,1.0,,,,,360.0,,,11.0,,,,,,,,52.9,,,,9.1,,,,,,,,,,,,,,,,,,,,,,,,,,,,,,,,,,,,,,,,,,,,,,,,,,,,,,,,,,,,,,,,8.5,,,
1992-11-09,1020.4,1024.0,1024.0,,1017.4,,17.8,21.8,,15.1,,12.8,73,58,,11.4,22.5,23.9,22.5,,0.0,0.0,0.0,,0.0,,2.4,21.7,11.16,6.0,,,,,,,,,,,,,4.6,,,,,,,,,,,,,,,2.14,1992-11-09T12:00:00,,,,,,,,,,,,,,,,,,,,,,,,,,,,,,,,,,,,,,,,,,,,,,6.7,,,,,,,13.8,,,,,,,10.0,,,,,,,,,,,,,,,,,,,,,,,,,,,,,,,,,,,,,,,,,,,,,,,,,,,,,,,,,,,,,,,,,,,,,,,,,22.5,,,15.9,,,,,,,,113.8,,,,,,,,,,,,,,,,,,,,,,,,,,,,,,,,,,,,,,,,,,,,,,,,,,,,,,,,,,,,,,,,,,,,,,,
1992-11-10,1022.2,1025.6,1024.0,,1020.0,,15.5,19.0,,12.2,,8.0,61,49,,10.3,22.5,23.1,45.0,,0.0,0.0,0.0,,0.0,,7.9,71.7,13.04,5.1,,,,,,,,,,,,,0.0,,,,,,,,,,,,,,,2.01,1992-11-10T12:00:00,,,,,,,,,,,,,,,,,,,,,,,,,,,,,,,,,,,,,,,,,,,,,,6.8,,,,,,,17.1,,,,,,,8.0,,,,2.0,,,,,,,,,,,,,,,,,,,,,,,,,,,,,,,,,,,,,,,,,,,,,,,,,,,,,,,,,,,,,,,,,,,,,22.5,,,15.3,,,,,,,,86.3,,,,15.9,,,,,,,,,,,,,,,,,,,,,,,,,,,,,,,,,,,,,,,,,,,,,,,,,,,,,,,,,,,,,,,,,,,
1992-11-11,1020.0,1023.4,1022.3,,1018.3,,17.1,23.8,,11.3,,10.7,67,51,,4.6,22.5,14.1,22.5,,0.0,0.0,0.0,,0.0,,7.6,69.1,12.18,2.9,,,,,,,,,,,,,0.3,,,,,,,,,,,,,,,1.93,1992-11-11T12:00:00,,,,,,,,,,,,,,,,,,,,,,,,,,,,,,,,,,,,,,,,,,,,,,12.5,,,,,,,15.4,,,,,,,6.0,,,,3.0,,,,,,,,,,,,,,,,,,,,,,,,,,,,,,,,,,,,,,,,,,,,,,,,,,,,,,,,,,,,,,,,1.0,,,,,22.5,,,9.4,,,,,,,,26.7,,,,12.7,,,,,,,,,,,,,,,,,,,,,,,,,,,,,,,,,,,,,,,,,,,,,,,,,,,,,,,,,,,,,,,,5.1,,,
1992-11-12,1018.2,1021.6,1020.2,,1016.4,,19.8,24.3,,14.0,,15.5,77,56,,3.0,360.0,11.0,360.0,,0.0,0.0,0.0,,0.0,,7.9,71.9,11.62,2.0,,,,,,,,,,,,,3.1,,,,,,,,,,,,,,,1.8,1992-11-12T12:00:00,,,,,,,,,,,,,,,,,,,,,,,,,,,,,,,,,,,,,,,,,,,,,,10.3,,,,,,,9.9,,,,,,,3.0,,,,1.0,,,,,,,,,,,,,,,,,,,,,,,,1.0,,,,,,,,,,,,,,,,,,,,,,,,,,,,,,,,,,,,2.0,,,,3.0,,,,,360.0,,,7.7,,,,,,,,6.8,,,,2.3,,,,,,,,,,,,,,,,,,,,,,,,1.7,,,,,,,,,,,,,,,,,,,,,,,,,,,,,,,,,,,,5.1,,,,12.1,,,
1992-11-13,1015.7,1019.0,1017.7,,1013.2,,21.3,24.8,,18.5,,18.0,82,68,,7.2,22.5,19.5,22.5,,0.0,0.0,0.0,,0.0,,1.3,11.9,8.73,3.2,,,,,,,,,,,,,9.0,,,,,,,,,,,,,,,1.58,1992-11-13T13:00:00,,,,,,,,,,,,,,,,,,,,,,,,,,,,,,,,,,,,,,,,,,,,,,6.3,,,,,,,9.9,,,,,,,9.0,,,,1.0,,,,,,,,,,,,,,,,,,,,,,,,,,,,,,,,,,,,,,,,,,,,,,,,,,,,,,,,,,,,,,,,,,,,,22.5,,,12.4,,,,,,,,70.1,,,,3.9,,,,,,,,,,,,,,,,,,,,,,,,,,,,,,,,,,,,,,,,,,,,,,,,,,,,,,,,,,,,,,,,,,,
1992-11-14,1015.2,1018.5,1016.8,,1013.8,,22.1,24.7,,20.2,,20.0,88,79,,6.3,360.0,15.0,360.0,,-9.8,1.6,-9.8,,-9.8,,0.0,0.0,5.38,1.5,,,,,,,,,,,,,10.0,,,,,,,,,,,,,,,1.11,1992-11-14T12:00:00,,,,,,,,,,,,,,,,,,,,,,,,,,,,,,,,,,,,,,,,,,,,,,4.5,,,,,,,8.0,,,,,,,4.0,,,,1.0,,,,,,,,,,,,,,,,,,,,,,,,,,,,,,,,,,,,,,,,,,,,,,,,,,,,,,,,,,,,,,,,5.0,,,,,360.0,,,11.2,,,,,,,,25.4,,,,5.3,,,,,,,,,,,,,,,,,,,,,,,,,,,,,,,,,,,,,,,,,,,,,,,,,,,,,,,,,,,,,,,,31.3,,,
1992-11-15,1015.3,1018.6,1016.7,,1013.2,,22.2,25.0,,20.6,,20.1,88,74,,7.2,22.5,21.3,22.5,,0.0,0.0,0.0,,0.0,,0.2,1.8,4.32,1.5,,,,,,,,,,,,,10.0,,,,,,,,,,,,,,,0.94,1992-11-15T10:00:00,,,,,,,,,,,,,,,,,,,,,,,,,,,,,,,,,,,,,,,,,,,,,,4.4,,,,,,,10.5,,,,,,,8.0,,,,,,,,,,,,,,,,,,,,,,,,,,,,,,,,,,,,,,,,,,,,,,,,,,,,,,,,,,,,,,,,,,,,2.0,,,,,22.5,,,11.3,,,,,,,,55.1,,,,,,,,,,,,,,,,,,,,,,,,,,,,,,,,,,,,,,,,,,,,,,,,,,,,,,,,,,,,,,,,,,,,15.8,,,
1992-11-16,1014.6,1018.0,1016.5,,1012.7,,21.7,24.8,,20.2,,18.7,83,73,,8.7,22.5,19.6,360.0,,0.0,0.0,0.0,,0.0,,0.0,0.0,9.76,2.5,,,,,,,,,,,,,2.9,,,,,,,,,,,,,,,1.8,1992-11-16T12:00:00,,,,,,,,,,,,,,,,,,,,,,,,,,,,,,,,,,,,,,,,,,,,,,4.6,,,,,,,9.5,,,,,,,10.0,,,,,,,,,,,,,,,,,,,,,,,,,,,,,,,,,,,,,,,,,,,,,,,,,,,,,,,,,,,,,,,,,,,,,,,,,22.5,,,13.4,,,,,,,,86.7,,,,,,,,,,,,,,,,,,,,,,,,,,,,,,,,,,,,,,,,,,,,,,,,,,,,,,,,,,,,,,,,,,,,,,,
1992-11-17,1013.2,1016.5,1014.9,,1011.3,,21.5,23.8,,19.6,,19.7,90,83,,4.7,22.5,13.7,22.5,,0.0,0.0,0.0,,0.0,,0.0,0.0,4.89,1.8,,,,,,,,,,,,,8.6,,,,,,,,,,,,,,,0.86,1992-11-17T13:00:00,,,,,,,,,,,,,,,,,,,,,,,,,,,,,,,,,,,,,,,,,,,,,,4.2,,,,,,,7.4,,,,,,,5.0,,,,2.0,,,,,,,,,,,,,,,,,,,,,,,,,,,,,,,,,,,,,,,,,,1.0,,,,,,,,,,,,,,,,,,,,,,2.0,,,,,360.0,,,9.3,,,,,,,,29.8,,,,5.2,,,,,,,,,,,,,,,,,,,,,,,,,,,,,,,,,,,,,,,,,,0.8,,,,,,,,,,,,,,,,,,,,,,10.4,,,
1992-11-18,1012.5,1015.7,1015.0,,1011.0,,22.3,25.2,,21.0,,20.3,89,78,,2.9,360.0,8.0,360.0,,0.0,0.0,0.0,,0.0,,1.7,15.6,8.29,1.3,,,,,,,,,,,,,7.6,,,,,,,,,,,,,,,1.88,1992-11-18T12:00:00,,,,,,,,,,,,,,,,,,,,,,,,,,,,,,,,,,,,,,,,,,,,,,4.2,,,,,,,6.9,,,,,,,1.0,,,,,,,,,,,,,,,,,,,,,,1.0,,,,,,,,,,1.0,,,,,,,,1.0,,,,,,,,,,,,,,,,,,1.0,,,,,,1.0,,,,4.0,,,,,360.0,,,6.3,,,,,,,,2.6,,,,,,,,,,,,,,,,,,,,,,0.4,,,,,,,,,,1.5,,,,,,,,1.2,,,,,,,,,,,,,,,,,,3.2,,,,,,2.9,,,,19.0,,,
1992-11-19,1010.5,1013.7,1012.9,,1008.6,,22.6,25.6,,20.1,,20.3,87,76,,2.6,270.0,8.1,270.0,,0.0,0.0,0.0,,0.0,,8.0,73.7,11.46,3.6,,,,,,,,,,,,,7.1,,,,,,,,,,,,,,,1.84,1992-11-19T13:00:00,,,,,,,,,,,,,,,,,,,,,,,,,,,,,,,,,,,,,,,,,,,,,,5.5,,,,,,,5.1,,,,,,,3.0,,,,1.0,,,,,,,,,,,,,,,,,,2.0,,,,,,1.0,,,,1.0,,,,,,,,,,,,,,,,,,2.0,,,,,,,,,,,,,,,,,,,,,,,270.0,,,5.7,,,,,,,,9.3,,,,2.6,,,,,,,,,,,,,,,,,,3.4,,,,,,2.0,,,,1.6,,,,,,,,,,,,,,,,,,6.6,,,,,,,,,,,,,,,,,,,,,
1992-11-20,1012.3,1015.8,1015.1,,1008.7,,17.4,22.2,,13.7,,11.7,70,56,,11.0,22.5,28.5,45.0,,0.0,0.0,0.0,,0.0,,4.2,38.7,9.2,6.1,,,,,,,,,,,,,7.9,,,,,,,,,,,,,,,1.46,1992-11-20T11:00:00,,,,,,,,,,,,,,,,,,,,,,,,,,,,,,,,,,,,,,,,,,,,,,8.5,,,,,,,10.9,,,,,,,10.0,,,,,,,,,,,,,,,,,,,,,,,,,,,,,,,,,,,,,,,,,,,,,,,,,,,,,,,,,,,,,,,,,,,,,,,,,22.5,,,16.7,,,,,,,,113.5,,,,,,,,,,,,,,,,,,,,,,,,,,,,,,,,,,,,,,,,,,,,,,,,,,,,,,,,,,,,,,,,,,,,,,,
1992-11-21,1014.6,1018.0,1016.6,,1012.3,,14.6,19.0,,12.4,,7.0,60,48,,6.9,22.5,17.8,22.5,,0.0,0.0,0.0,,0.0,,4.9,45.2,10.12,3.1,,,,,,,,,,,,,3.5,,,,,,,,,,,,,,,1.88,1992-11-21T13:00:00,,,,,,,,,,,,,,,,,,,,,,,,,,,,,,,,,,,,,,,,,,,,,,6.6,,,,,,,15.5,,,,,,,5.0,,,,4.0,,,,,,,,,,,,,,,,,,,,,,,,,,,,,,,,,,,,,,,,,,,,,,,,,,,,,,,,,,,,,,,,1.0,,,,,22.5,,,10.7,,,,,,,,36.6,,,,20.9,,,,,,,,,,,,,,,,,,,,,,,,,,,,,,,,,,,,,,,,,,,,,,,,,,,,,,,,,,,,,,,,9.0,,,
1992-11-22,1017.2,1020.7,1019.2,,1015.7,,17.9,21.6,,12.9,,12.8,72,58,,2.6,45.0,6.7,360.0,,-9.8,0.1,-9.8,,-9.8,,1.1,10.2,8.26,1.8,,,,,,,,,,,,,7.6,,,,,,,,,,,,,,,1.28,1992-11-22T13:00:00,,,,,,,,,,,,,,,,,,,,,,,,,,,,,,,,,,,,,,,,,,,,,,8.7,,,,,,,10.4,,,,,,,1.0,,,,4.0,,,,,,,,,,,,,,,,,,2.0,,,,,,,,,,,,,,,,,,1.0,,,,,,,,,,,,,,,,,,1.0,,,,,,,,,,1.0,,,,,360.0,,,4.9,,,,,,,,3.4,,,,12.4,,,,,,,,,,,,,,,,,,2.8,,,,,,,,,,,,,,,,,,1.1,,,,,,,,,,,,,,,,,,2.5,,,,,,,,,,2.6,,,
1992-11-23,1017.6,1021.0,1019.2,,1016.2,,19.9,22.9,,18.0,,15.7,77,68,,5.1,22.5,12.6,22.5,,0.0,0.0,0.0,,0.0,,0.3,2.8,6.64,2.1,,,,,,,,,,,,,9.1,,,,,,,,,,,,,,,1.28,1992-11-23T12:00:00,,,,,,,,,,,,,,,,,,,,,,,,,,,,,,,,,,,,,,,,,,,,,,4.9,,,,,,,10.9,,,,,,,6.0,,,,3.0,,,,,,,,,,,,,,,,,,,,,,,,,,,,,,,,,,,,,,,,,,,,,,,,,,,,,,,,,,,,,,,,1.0,,,,,360.0,,,8.7,,,,,,,,29.8,,,,10.3,,,,,,,,,,,,,,,,,,,,,,,,,,,,,,,,,,,,,,,,,,,,,,,,,,,,,,,,,,,,,,,,8.3,,,
1992-11-24,1016.7,1020.0,1018.9,,1014.5,,20.2,24.1,,16.7,,17.3,84,69,,4.7,22.5,12.4,45.0,,0.0,0.0,0.0,,0.0,,3.3,30.6,8.51,2.1,,,,,,,,,,,,,5.8,,,,,,,,,,,,,,,1.5,1992-11-24T13:00:00,,,,,,,,,,,,,,,,,,,,,,,,,,,,,,,,,,,,,,,,,,,,,,7.4,,,,,,,11.9,,,,,,,7.0,,,,1.0,,,,,,,,,,,,,,,,,,,,,,,,,,,,,,,,,,,,,,,,,,,,,,,,,,,,,,,,,,,,,,,,2.0,,,,,360.0,,,8.7,,,,,,,,30.6,,,,3.0,,,,,,,,,,,,,,,,,,,,,,,,,,,,,,,,,,,,,,,,,,,,,,,,,,,,,,,,,,,,,,,,12.2,,,
1992-11-25,1014.0,1017.4,1016.0,,1011.6,,20.2,23.4,,17.9,,15.0,73,43,,8.0,22.5,19.6,22.5,,0.0,0.0,0.0,,0.0,,7.4,68.7,10.35,6.2,,,,,,,,,,,,,1.4,,,,,,,,,,,,,,,1.71,1992-11-25T11:00:00,,,,,,,,,,,,,,,,,,,,,,,,,,,,,,,,,,,,,,,,,,,,,,5.5,,,,,,,9.0,,,,,,,8.0,,,,1.0,,,,,,,,,,,,,,,,,,,,,,,,,,,,,,,,,,,,,,,,,,,,,,,,,,,,,,,,,,,,,,,,1.0,,,,,22.5,,,13.0,,,,,,,,66.1,,,,3.4,,,,,,,,,,,,,,,,,,,,,,,,,,,,,,,,,,,,,,,,,,,,,,,,,,,,,,,,,,,,,,,,11.9,,,
1992-11-26,1015.2,1018.7,1017.5,,1013.1,,18.2,21.2,,16.3,,9.5,57,45,,12.9,22.5,27.2,45.0,,0.0,0.0,0.0,,0.0,,6.9,64.1,11.3,4.8,,,,,,,,,,,,,3.3,,,,,,,,,,,,,,,1.8,1992-11-26T12:00:00,,,,,,,,,,,,,,,,,,,,,,,,,,,,,,,,,,,,,,,,,,,,,,4.9,,,,,,,12.0,,,,,,,10.0,,,,,,,,,,,,,,,,,,,,,,,,,,,,,,,,,,,,,,,,,,,,,,,,,,,,,,,,,,,,,,,,,,,,,,,,,22.5,,,17.4,,,,,,,,126.4,,,,,,,,,,,,,,,,,,,,,,,,,,,,,,,,,,,,,,,,,,,,,,,,,,,,,,,,,,,,,,,,,,,,,,,
1992-11-27,1017.2,1020.7,1018.6,,1015.6,,17.7,21.6,,15.5,,11.0,65,50,,9.5,22.5,20.8,45.0,,0.0,0.0,0.0,,0.0,,8.1,75.3,11.38,4.2,,,,,,,,,,,,,3.8,,,,,,,,,,,,,,,1.84,1992-11-27T12:00:00,,,,,,,,,,,,,,,,,,,,,,,,,,,,,,,,,,,,,,,,,,,,,,6.1,,,,,,,19.1,,,,,,,10.0,,,,,,,,,,,,,,,,,,,,,,,,,,,,,,,,,,,,,,,,,,,,,,,,,,,,,,,,,,,,,,,,,,,,,,,,,22.5,,,14.1,,,,,,,,93.0,,,,,,,,,,,,,,,,,,,,,,,,,,,,,,,,,,,,,,,,,,,,,,,,,,,,,,,,,,,,,,,,,,,,,,,
1992-11-28,1017.1,1020.4,1018.4,,1015.2,,19.2,22.9,,16.1,,15.2,78,68,,7.5,22.5,19.5,22.5,,0.0,0.0,0.0,,0.0,,6.5,60.5,11.39,3.8,,,,,,,,,,,,,2.9,,,,,,,,,,,,,,,1.8,1992-11-28T13:00:00,,,,,,,,,,,,,,,,,,,,,,,,,,,,,,,,,,,,,,,,,,,,,,6.8,,,,,,,13.6,,,,,,,9.0,,,,1.0,,,,,,,,,,,,,,,,,,,,,,,,,,,,,,,,,,,,,,,,,,,,,,,,,,,,,,,,,,,,,,,,,,,,,22.5,,,12.5,,,,,,,,70.5,,,,4.5,,,,,,,,,,,,,,,,,,,,,,,,,,,,,,,,,,,,,,,,,,,,,,,,,,,,,,,,,,,,,,,,,,,
1992-11-29,1014.8,1018.1,1016.4,,1012.9,,20.3,23.1,,18.8,,17.5,84,76,,9.7,22.5,20.4,45.0,,0.0,0.0,0.0,,0.0,,4.6,42.9,9.67,2.1,,,,,,,,,,,,,9.1,,,,,,,,,,,,,,,1.84,1992-11-29T13:00:00,,,,,,,,,,,,,,,,,,,,,,,,,,,,,,,,,,,,,,,,,,,,,,4.3,,,,,,,13.0,,,,,,,9.0,,,,,,,,,,,,,,,,,,,,,,,,,,,,,,,,,,,,,,,,,,,,,,,,,,,,,,,,,,,,,,,,,,,,1.0,,,,,360.0,,,14.0,,,,,,,,82.1,,,,,,,,,,,,,,,,,,,,,,,,,,,,,,,,,,,,,,,,,,,,,,,,,,,,,,,,,,,,,,,,,,,,13.6,,,
1992-11-30,1015.0,1018.5,1017.3,,1013.3,,21.1,24.8,,18.9,,16.9,78,67,,6.7,22.5,18.1,22.5,,0.0,0.0,0.0,,0.0,,6.2,57.9,10.56,3.5,,,,,,,,,,,,,6.0,,,,,,,,,,,,,,,1.84,1992-11-30T12:00:00,,,,,,,,,,,,,,,,,,,,,,,,,,,,,,,,,,,,,,,,,,,,,,5.9,,,,,,,13.8,,,,,,,8.0,,,,1.0,,,,,,,,,,,,,,,,,,,,,,,,,,,,,,,,,,,,,,,,,,,,,,,,,,,,,,,,,,,,,,,,1.0,,,,,360.0,,,11.8,,,,,,,,55.1,,,,3.4,,,,,,,,,,,,,,,,,,,,,,,,,,,,,,,,,,,,,,,,,,,,,,,,,,,,,,,,,,,,,,,,7.2,,,
1992-12-01,1016.7,1020.1,1018.3,,1015.2,,20.2,23.2,,18.7,,15.3,74,63,,8.3,22.5,18.4,22.5,,0.0,0.0,0.0,,0.0,,2.3,21.5,8.14,3.5,,,,,,,,,,,,,6.6,,,,,,,,,,,,,,,1.71,1992-12-01T12:00:00,,,,,,,,,,,,,,,,,,,,,,,,,,,,,,,,,,,,,,,,,,,,,,4.5,,,,,,,10.0,,,,,,,10.0,,,,,,,,,,,,,,,,,,,,,,,,,,,,,,,,,,,,,,,,,,,,,,,,,,,,,,,,,,,,,,,,,,,,,,,,,360.0,,,13.2,,,,,,,,81.5,,,,,,,,,,,,,,,,,,,,,,,,,,,,,,,,,,,,,,,,,,,,,,,,,,,,,,,,,,,,,,,,,,,,,,,
1992-12-02,1018.5,1021.9,1020.2,,1016.6,,19.4,22.3,,17.9,,13.8,70,64,,9.7,22.5,24.1,22.5,,0.0,0.0,0.0,,0.0,,6.1,57.1,10.16,4.7,,,,,,,,,,,,,6.6,,,,,,,,,,,,,,,1.8,1992-12-02T12:00:00,,,,,,,,,,,,,,,,,,,,,,,,,,,,,,,,,,,,,,,,,,,,,,4.4,,,,,,,9.5,,,,,,,10.0,,,,,,,,,,,,,,,,,,,,,,,,,,,,,,,,,,,,,,,,,,,,,,,,,,,,,,,,,,,,,,,,,,,,,,,,,360.0,,,16.1,,,,,,,,94.7,,,,,,,,,,,,,,,,,,,,,,,,,,,,,,,,,,,,,,,,,,,,,,,,,,,,,,,,,,,,,,,,,,,,,,,
1992-12-03,1020.1,1023.6,1021.8,,1018.4,,19.2,23.1,,16.7,,12.9,67,57,,8.0,22.5,18.8,45.0,,0.0,0.0,0.0,,0.0,,5.2,48.7,9.89,3.5,,,,,,,,,,,,,5.3,,,,,,,,,,,,,,,1.71,1992-12-03T13:00:00,,,,,,,,,,,,,,,,,,,,,,,,,,,,,,,,,,,,,,,,,,,,,,6.4,,,,,,,14.1,,,,,,,9.0,,,,,,,,,,,,,,,,,,,,,,,,,,,,,,,,,,,,,,,,,,,,,,,,,,,,,,,,,,,,,,,,,,,,1.0,,,,,22.5,,,12.9,,,,,,,,67.2,,,,,,,,,,,,,,,,,,,,,,,,,,,,,,,,,,,,,,,,,,,,,,,,,,,,,,,,,,,,,,,,,,,,10.1,,,
1992-12-04,1019.1,1022.4,1020.7,,1016.9,,19.7,24.8,,15.0,,15.9,79,56,,5.0,22.5,14.6,360.0,,0.0,0.0,0.0,,0.0,,6.5,60.9,10.67,1.8,,,,,,,,,,,,,2.6,,,,,,,,,,,,,,,1.63,1992-12-04T13:00:00,,,,,,,,,,,,,,,,,,,,,,,,,,,,,,,,,,,,,,,,,,,,,,9.8,,,,,,,9.5,,,,,,,4.0,,,,2.0,,,,,,1.0,,,,,,,,,,,,,,,,,,,,,,,,,,,,,,,,,,,,,,,,,,,,,,,,,,,,,,1.0,,,,2.0,,,,,360.0,,,10.2,,,,,,,,24.1,,,,5.6,,,,,,3.1,,,,,,,,,,,,,,,,,,,,,,,,,,,,,,,,,,,,,,,,,,,,,,,,,,,,,,3.2,,,,10.4,,,
1992-12-05,1017.8,1021.1,1019.8,,1015.9,,20.3,24.3,,16.6,,18.2,88,72,,2.1,360.0,7.4,22.5,,0.0,0.0,0.0,,0.0,,3.7,34.7,8.57,1.4,,,,,,,,,,,,,3.1,,,,,,,,,,,,,,,1.5,1992-12-05T12:00:00,,,,,,,,,,,,,,,,,,,,,,,,,,,,,,,,,,,,,,,,,,,,,,7.7,,,,,,,4.9,,,,,,,1.0,,,,,,,,,,,,,,,,,,1.0,,,,1.0,,,,,,1.0,,,,1.0,,,,,,,,,,,,,,,,,,1.0,,,,,,,,,,,,,,,,,,4.0,,,,,22.5,,,5.2,,,,,,,,3.9,,,,,,,,,,,,,,,,,,0.9,,,,1.4,,,,,,1.1,,,,1.0,,,,,,,,,,,,,,,,,,1.8,,,,,,,,,,,,,,,,,,10.4,,,
1992-12-06,1015.1,1018.5,1017.1,,1013.0,,20.7,23.6,,18.9,,18.4,87,74,,2.0,360.0,5.5,360.0,,0.0,0.0,0.0,,0.0,,4.1,38.5,8.4,1.6,,,,,,,,,,,,,5.8,,,,,,,,,,,,,,,1.67,1992-12-06T13:00:00,,,,,,,,,,,,,,,,,,,,,,,,,,,,,,,,,,,,,,,,,,,,,,4.7,,,,,,,3.4,,,,,,,1.0,,,,1.0,,,,,,,,,,1.0,,,,,,,,1.0,,,,,,,,,,1.0,,,,1.0,,,,,,,,,,,,,,,,,,1.0,,,,,,,,,,,,,,3.0,,,,,360.0,,,4.2,,,,,,,,2.1,,,,1.5,,,,,,,,,,0.4,,,,,,,,0.8,,,,,,,,,,0.9,,,,2.6,,,,,,,,,,,,,,,,,,2.2,,,,,,,,,,,,,,8.0,,,
1992-12-07,1013.2,1016.5,1014.6,,1011.7,,21.2,23.6,,20.3,,18.8,86,76,,3.4,360.0,10.3,360.0,,0.0,0.0,0.0,,0.0,,2.6,24.4,3.84,1.8,,,,,,,,,,,,,7.8,,,,,,,,,,,,,,,1.58,1992-12-07T12:00:00,,,,,,,,,,,,,,,,,,,,,,,,,,,,,,,,,,,,,,,,,,,,,,3.3,,,,,,,5.2,,,,,,,3.0,,,,1.0,,,,,,1.0,,,,,,,,1.0,,,,,,,,,,,,,,,,,,,,,,,,,,,,,,,,,,,,1.0,,,,,,,,,,1.0,,,,2.0,,,,,360.0,,,7.6,,,,,,,,13.5,,,,3.2,,,,,,1.5,,,,,,,,0.4,,,,,,,,,,,,,,,,,,,,,,,,,,,,,,,,,,,,0.4,,,,,,,,,,1.7,,,,10.0,,,
1992-12-08,1013.1,1016.5,1014.7,,1011.4,,21.1,24.8,,19.6,,16.9,77,65,,6.0,22.5,14.9,22.5,,0.0,0.0,0.0,,0.0,,3.4,32.0,7.84,-2.9,,,,,,,,,,,,,8.4,,,,,,,,,,,,,,,1.67,1992-12-08T12:00:00,,,,,,,,,,,,,,,,,,,,,,,,,,,,,,,,,,,,,,,,,,,,,,5.2,,,,,,,8.5,,,,,,,10.0,,,,,,,,,,,,,,,,,,,,,,,,,,,,,,,,,,,,,,,,,,,,,,,,,,,,,,,,,,,,,,,,,,,,,,,,,22.5,,,10.8,,,,,,,,59.0,,,,,,,,,,,,,,,,,,,,,,,,,,,,,,,,,,,,,,,,,,,,,,,,,,,,,,,,,,,,,,,,,,,,,,,
1992-12-09,1013.8,1017.2,1016.0,,1011.3,,20.4,23.2,,18.5,,17.9,86,76,,5.4,22.5,12.3,22.5,,0.5,1.7,0.5,,0.5,,6.6,62.1,10.37,2.4,,,,,,,,,,,,,5.8,,,,,,,,,,,,,,,1.8,1992-12-09T12:00:00,,,,,,,,,,,,,,,,,,,,,,,,,,,,,,,,,,,,,,,,,,,,,,4.7,,,,,,,8.3,,,,,,,7.0,,,,,,,,,,,,,,,,,,,,,,,,,,,,,,,,,,,,,,,,,,,,,,,,,,,,,,,,,,,,,,,,,,,,3.0,,,,,360.0,,,8.8,,,,,,,,34.9,,,,,,,,,,,,,,,,,,,,,,,,,,,,,,,,,,,,,,,,,,,,,,,,,,,,,,,,,,,,,,,,,,,,16.9,,,
1992-12-10,1014.3,1017.7,1015.9,,1012.5,,20.3,23.2,,17.9,,16.6,80,72,,7.2,22.5,16.2,360.0,,0.0,0.0,0.0,,0.0,,8.4,79.0,10.62,4.0,,,,,,,,,,,,,3.3,,,,,,,,,,,,,,,1.8,1992-12-10T12:00:00,,,,,,,,,,,,,,,,,,,,,,,,,,,,,,,,,,,,,,,,,,,,,,5.3,,,,,,,8.4,,,,,,,10.0,,,,,,,,,,,,,,,,,,,,,,,,,,,,,,,,,,,,,,,,,,,,,,,,,,,,,,,,,,,,,,,,,,,,,,,,,22.5,,,11.1,,,,,,,,71.6,,,,,,,,,,,,,,,,,,,,,,,,,,,,,,,,,,,,,,,,,,,,,,,,,,,,,,,,,,,,,,,,,,,,,,,
1992-12-11,1016.1,1019.5,1018.0,,1014.8,,17.3,20.8,,14.2,,11.3,68,58,,7.8,22.5,20.0,22.5,,0.0,0.0,0.0,,0.0,,6.3,59.3,9.94,3.4,,,,,,,,,,,,,1.8,,,,,,,,,,,,,,,1.71,1992-12-11T12:00:00,,,,,,,,,,,,,,,,,,,,,,,,,,,,,,,,,,,,,,,,,,,,,,6.6,,,,,,,8.9,,,,,,,7.0,,,,1.0,,,,,,,,,,,,,,,,,,,,,,,,,,,,,,,,,,,,,,,,,,,,,,,,,,,,,,,,,,,,,,,,2.0,,,,,360.0,,,14.0,,,,,,,,48.1,,,,3.8,,,,,,,,,,,,,,,,,,,,,,,,,,,,,,,,,,,,,,,,,,,,,,,,,,,,,,,,,,,,,,,,22.8,,,
1992-12-12,1015.5,1018.9,1018.2,,1014.2,,16.9,20.0,,13.4,,13.9,83,76,,3.0,360.0,8.4,337.5,,0.0,0.0,0.0,,0.0,,0.0,0.0,3.54,0.3,,,,,,,,,,,,,5.1,,,,,,,,,,,,,,,0.6,1992-12-12T11:00:00,,,,,,,,,,,,,,,,,,,,,,,,,,,,,,,,,,,,,,,,,,,,,,6.6,,,,,,,8.6,,,1.0,,,,1.0,,,,2.0,,,,,,,,,,1.0,,,,1.0,,,,,,,,,,,,,,,,,,,,,,,,,,,,,,,,1.0,,,,,,,,,,,,,,,,,,3.0,,,,,360.0,,,6.1,,,,0.1,,,,2.8,,,,6.8,,,,,,,,,,1.6,,,,1.2,,,,,,,,,,,,,,,,,,,,,,,,,,,,,,,,2.8,,,,,,,,,,,,,,,,,,12.4,,,
1992-12-13,1014.4,1017.8,1017.0,,1012.2,,18.2,23.1,,12.6,,14.6,80,61,,4.4,22.5,12.0,360.0,,0.0,0.0,0.0,,0.0,,4.8,45.2,8.77,1.6,,,,,,,,,,,,,1.3,,,,,,,,,,,,,,,1.63,1992-12-13T11:00:00,,,,,,,,,,,,,,,,,,,,,,,,,,,,,,,,,,,,,,,,,,,,,,10.5,,,,,,,11.0,,,,,,,5.0,,,,2.0,,,,,,1.0,,,,,,,,,,,,,,,,,,,,,,,,,,,,,,,,,,,,,,,,,,,,,,,,,,,,,,,,,,2.0,,,,,22.5,,,8.6,,,,,,,,17.6,,,,8.1,,,,,,2.9,,,,,,,,,,,,,,,,,,,,,,,,,,,,,,,,,,,,,,,,,,,,,,,,,,,,,,,,,,13.5,,,
1992-12-14,1014.6,1018.0,1016.8,,1012.5,,18.4,22.4,,16.0,,14.6,78,61,,9.8,22.5,24.2,45.0,,0.0,0.0,0.0,,0.0,,6.3,59.4,10.81,3.9,,,,,,,,,,,,,5.0,,,,,,,,,,,,,,,1.84,1992-12-14T11:00:00,,,,,,,,,,,,,,,,,,,,,,,,,,,,,,,,,,,,,,,,,,,,,,6.4,,,,,,,13.0,,,,,,,9.0,,,,1.0,,,,,,,,,,,,,,,,,,,,,,,,,,,,,,,,,,,,,,,,,,,,,,,,,,,,,,,,,,,,,,,,,,,,,360.0,,,16.0,,,,,,,,86.7,,,,6.6,,,,,,,,,,,,,,,,,,,,,,,,,,,,,,,,,,,,,,,,,,,,,,,,,,,,,,,,,,,,,,,,,,,
1992-12-15,1017.8,1021.2,1019.8,,1016.1,,15.9,16.9,,14.5,,12.2,79,74,,8.3,22.5,20.7,22.5,,0.0,0.0,0.0,,0.0,,0.0,0.0,2.76,1.9,,,,,,,,,,,,,8.0,,,,,,,,,,,,,,,0.39,1992-12-15T16:00:00,,,,,,,,,,,,,,,,,,,,,,,,,,,,,,,,,,,,,,,,,,,,,,2.4,,,,,,,16.8,,,,,,,10.0,,,,,,,,,,,,,,,,,,,,,,,,,,,,,,,,,,,,,,,,,,,,,,,,,,,,,,,,,,,,,,,,,,,,,,,,,22.5,,,12.6,,,,,,,,82.6,,,,,,,,,,,,,,,,,,,,,,,,,,,,,,,,,,,,,,,,,,,,,,,,,,,,,,,,,,,,,,,,,,,,,,,
1992-12-16,1018.4,1021.8,1020.3,,1016.9,,16.0,19.6,,14.2,,11.3,74,61,,7.2,22.5,17.8,22.5,,0.0,0.0,0.0,,0.0,,1.4,13.2,7.09,1.9,,,,,,,,,,,,,6.4,,,,,,,,,,,,,,,1.75,1992-12-16T13:00:00,,,,,,,,,,,,,,,,,,,,,,,,,,,,,,,,,,,,,,,,,,,,,,5.4,,,,,,,15.8,,,,,,,8.0,,,,2.0,,,,,,,,,,,,,,,,,,,,,,,,,,,,,,,,,,,,,,,,,,,,,,,,,,,,,,,,,,,,,,,,,,,,,360.0,,,10.5,,,,,,,,62.1,,,,8.6,,,,,,,,,,,,,,,,,,,,,,,,,,,,,,,,,,,,,,,,,,,,,,,,,,,,,,,,,,,,,,,,,,,
1992-12-17,1018.3,1021.8,1019.8,,1016.4,,17.7,22.9,,12.7,,13.5,77,58,,3.7,45.0,7.5,360.0,,0.0,0.0,0.0,,0.0,,6.9,65.1,11.64,2.7,,,,,,,,,,,,,0.9,,,,,,,,,,,,,,,1.84,1992-12-17T13:00:00,,,,,,,,,,,,,,,,,,,,,,,,,,,,,,,,,,,,,,,,,,,,,,10.2,,,,,,,13.1,,,,,,,1.0,,,,4.0,,,,,,1.0,,,,,,,,,,,,,,,,,,,,,,,,,,,,,,,,,,,,,,,,,,,,,,,,,,,,,,1.0,,,,3.0,,,,,360.0,,,5.8,,,,,,,,3.3,,,,13.1,,,,,,1.8,,,,,,,,,,,,,,,,,,,,,,,,,,,,,,,,,,,,,,,,,,,,,,,,,,,,,,4.5,,,,10.7,,,
1992-12-18,1018.2,1021.6,1020.4,,1016.2,,19.9,24.0,,15.6,,15.7,77,60,,4.2,360.0,11.8,360.0,,0.0,0.0,0.0,,0.0,,7.4,69.8,11.85,1.8,,,,,,,,,,,,,4.8,,,,,,,,,,,,,,,1.88,1992-12-18T14:00:00,,,,,,,,,,,,,,,,,,,,,,,,,,,,,,,,,,,,,,,,,,,,,,8.4,,,,,,,14.3,,,,,,,3.0,,,,2.0,,,,,,1.0,,,,,,,,,,,,,,,,,,,,,,,,,,,,,,,,,,,,,,,,,,,,,,,,,,,,,,1.0,,,,3.0,,,,,360.0,,,8.9,,,,,,,,9.4,,,,5.0,,,,,,2.9,,,,,,,,,,,,,,,,,,,,,,,,,,,,,,,,,,,,,,,,,,,,,,,,,,,,,,2.6,,,,19.3,,,
1992-12-19,1017.0,1020.4,1019.6,,1014.5,,20.2,24.1,,16.1,,17.0,82,68,,3.5,360.0,8.9,360.0,,0.0,0.0,0.0,,0.0,,7.5,70.8,11.24,2.6,,,,,,,,,,,,,2.4,,,,,,,,,,,,,,,1.88,1992-12-19T13:00:00,,,,,,,,,,,,,,,,,,,,,,,,,,,,,,,,,,,,,,,,,,,,,,8.0,,,,,,,9.6,,,,,,,2.0,,,,2.0,,,,,,1.0,,,,,,,,,,,,1.0,,,,,,,,,,,,,,,,,,,,,,,,,,,,,,,,,,,,,,,,,,,,,,4.0,,,,,360.0,,,6.0,,,,,,,,6.7,,,,5.0,,,,,,2.8,,,,,,,,,,,,1.8,,,,,,,,,,,,,,,,,,,,,,,,,,,,,,,,,,,,,,,,,,,,,,17.6,,,
1992-12-20,1016.0,1019.4,1018.1,,1013.8,,20.1,25.7,,14.5,,15.2,74,51,,2.0,22.5,6.3,360.0,,0.0,0.0,0.0,,0.0,,8.3,78.4,11.47,1.9,,,,,,,,,,,,,3.4,,,,,,,,,,,,,,,1.8,1992-12-20T13:00:00,,,,,,,,,,,,,,,,,,,,,,,,,,,,,,,,,,,,,,,,,,,,,,11.2,,,,,,,11.9,,,1.0,,,,2.0,,,,,,,,,,1.0,,,,,,,,1.0,,,,,,,,,,,,,,2.0,,,,,,,,,,,,,,,,,,,,,,1.0,,,,1.0,,,,,,1.0,,,,,,,,,360.0,,,4.9,,,,0.1,,,,3.9,,,,,,,,,,2.6,,,,,,,,2.1,,,,,,,,,,,,,,1.7,,,,,,,,,,,,,,,,,,,,,,2.5,,,,4.0,,,,,,1.6,,,,,,,
1992-12-21,1016.8,1020.3,1018.6,,1014.7,,20.1,24.1,,15.8,,16.2,79,57,,4.5,45.0,16.2,22.5,,0.0,0.0,0.0,,0.0,,7.7,72.7,11.35,2.5,,,,,,,,,,,,,1.3,,,,,,,,,,,,,,,1.84,1992-12-21T12:00:00,,,,,,,,,,,,,,,,,,,,,,,,,,,,,,,,,,,,,,,,,,,,,,8.3,,,,,,,10.8,,,1.0,,,,3.0,,,,3.0,,,,,,,,,,,,,,,,,,,,,,,,,,,,,,,,,,,,,,,,,,,,,,,,,,,,,,,,,,,,1.0,,,,2.0,,,,,360.0,,,11.4,,,,0.1,,,,16.4,,,,7.3,,,,,,,,,,,,,,,,,,,,,,,,,,,,,,,,,,,,,,,,,,,,,,,,,,,,,,,,,,,,3.8,,,,17.0,,,
1992-12-22,1016.6,1020.0,1018.7,,1014.4,,19.9,23.8,,16.9,,16.9,83,70,,5.5,360.0,12.3,360.0,,0.0,0.0,0.0,,0.0,,5.8,54.8,10.74,2.2,,,,,,,,,,,,,3.8,,,,,,,,,,,,,,,1.84,1992-12-22T12:00:00,,,,,,,,,,,,,,,,,,,,,,,,,,,,,,,,,,,,,,,,,,,,,,6.9,,,,,,,9.5,,,,,,,5.0,,,,2.0,,,,,,,,,,,,,,,,,,,,,,,,,,,,,,,,,,,,,,,,,,,,,,,,,,,,,,,,,,,,,,,,3.0,,,,,360.0,,,9.0,,,,,,,,26.7,,,,7.6,,,,,,,,,,,,,,,,,,,,,,,,,,,,,,,,,,,,,,,,,,,,,,,,,,,,,,,,,,,,,,,,18.5,,,
1992-12-23,1019.0,1022.6,1021.4,,1016.1,,15.7,19.1,,12.6,,11.7,78,68,,10.3,22.5,27.5,45.0,,0.0,0.0,0.0,,0.0,,0.0,0.0,4.15,4.2,,,,,,,,,,,,,9.4,,,,,,,,,,,,,,,0.81,1992-12-23T13:00:00,,,,,,,,,,,,,,,,,,,,,,,,,,,,,,,,,,,,,,,,,,,,,,6.5,,,,,,,12.8,,,,,,,9.0,,,,1.0,,,,,,,,,,,,,,,,,,,,,,,,,,,,,,,,,,,,,,,,,,,,,,,,,,,,,,,,,,,,,,,,,,,,,22.5,,,15.1,,,,,,,,99.9,,,,4.1,,,,,,,,,,,,,,,,,,,,,,,,,,,,,,,,,,,,,,,,,,,,,,,,,,,,,,,,,,,,,,,,,,,
1992-12-24,1019.9,1023.3,1021.8,,1018.0,,15.0,19.8,,11.7,,7.6,62,50,,6.9,22.5,20.0,45.0,,0.0,0.0,0.0,,0.0,,0.7,6.6,9.28,2.0,,,,,,,,,,,,,9.1,,,,,,,,,,,,,,,1.67,1992-12-24T12:00:00,,,,,,,,,,,,,,,,,,,,,,,,,,,,,,,,,,,,,,,,,,,,,,8.1,,,,,,,12.1,,,,,,,9.0,,,,1.0,,,,,,,,,,,,,,,,,,,,,,,,,,,,,,,,,,,,,,,,,,,,,,,,,,,,,,,,,,,,,,,,,,,,,22.5,,,11.8,,,,,,,,65.2,,,,3.3,,,,,,,,,,,,,,,,,,,,,,,,,,,,,,,,,,,,,,,,,,,,,,,,,,,,,,,,,,,,,,,,,,,
1992-12-25,1019.6,1023.0,1022.6,,1017.7,,17.8,21.9,,13.6,,12.6,72,60,,2.8,360.0,8.2,360.0,,0.0,0.0,0.0,,0.0,,0.9,8.5,6.33,1.8,,,,,,,,,,,,,9.1,,,,,,,,,,,,,,,1.33,1992-12-25T11:00:00,,,,,,,,,,,,,,,,,,,,,,,,,,,,,,,,,,,,,,,,,,,,,,8.3,,,,,,,7.1,,,,,,,2.0,,,,2.0,,,,,,1.0,,,,1.0,,,,,,,,1.0,,,,,,,,,,,,,,,,,,,,,,,,,,,,,,,,,,,,,,,,,,1.0,,,,2.0,,,,,360.0,,,6.1,,,,,,,,5.9,,,,5.0,,,,,,1.9,,,,1.6,,,,,,,,1.2,,,,,,,,,,,,,,,,,,,,,,,,,,,,,,,,,,,,,,,,,,3.1,,,,7.9,,,
1992-12-26,1017.6,1020.9,1019.8,,1015.8,,19.2,24.4,,15.4,,15.7,81,59,,1.9,135.0,6.4,270.0,,0.0,0.0,0.0,,0.0,,4.2,39.6,8.55,1.8,,,,,,,,,,,,,7.5,,,,,,,,,,,,,,,1.71,1992-12-26T12:00:00,,,,,,,,,,,,,,,,,,,,,,,,,,,,,,,,,,,,,,,,,,,,,,9.0,,,,,,,5.9,,,,,,,1.0,,,,1.0,,,,,,,,,,,,,,,,,,2.0,,,,,,2.0,,,,1.0,,,,,,,,,,,,,,,,,,1.0,,,,,,,,1.0,,,,,,,,,,,,1.0,,,270.0,,,4.8,,,,,,,,2.0,,,,1.8,,,,,,,,,,,,,,,,,,3.4,,,,,,3.1,,,,1.8,,,,,,,,,,,,,,,,,,3.5,,,,,,,,2.0,,,,,,,,,,,,0.5,
1992-12-27,1013.5,1016.8,1016.0,,1010.9,,20.8,23.6,,17.6,,17.4,81,71,,1.9,45.0,5.3,157.5,,0.0,0.0,0.0,,0.0,,0.7,6.6,5.14,-1.3,,,,,,,,,,,,,8.6,,,,,,,,,,,,,,,0.94,1992-12-27T12:00:00,,,,,,,,,,,,,,,,,,,,,,,,,,,,,,,,,,,,,,,,,,,,,,6.0,,,,,,,6.8,,,,,,,1.0,,,,3.0,,,,,,,,,,,,,,1.0,,,,1.0,,,,,,,,,,,,,,,,,,,,,,,,,,,,,,,,,,,,1.0,,,,,,,,,,1.0,,2.0,,,337.5,,,3.4,,,,,,,,2.1,,,,6.3,,,,,,,,,,,,,,1.8,,,,3.2,,,,,,,,,,,,,,,,,,,,,,,,,,,,,,,,,,,,2.0,,,,,,,,,,1.9,,0.7,
1992-12-28,1013.0,1016.5,1015.3,,1010.8,,20.3,23.0,,18.2,,17.9,87,71,,3.3,22.5,10.8,22.5,,25.5,5.0,9.0,,20.5,,0.8,7.5,3.68,-1.1,,,,,,,,,,,,,6.9,,,,,,,,,,,,,,,0.98,1992-12-28T15:00:00,,,,,,,,,,,,,,,,,,,,,,,,,,,,,,,,,,,,,,,,,,,,,,4.8,,,,,,,10.1,,,,,,,5.0,,,,1.0,,,,,,,,,,,,,,,,,,2.0,,,,,,1.0,,,,,,,,,,,,,,,,,,,,,,,,,,1.0,,,,,,,,,,,,,,,,,,,22.5,,,7.1,,,,,,,,24.5,,,,2.4,,,,,,,,,,,,,,,,,,3.3,,,,,,1.5,,,,,,,,,,,,,,,,,,,,,,,,,,3.1,,,,,,,,,,,,,,,,,
1992-12-29,1016.7,1020.2,1018.7,,1014.2,,19.1,21.2,,17.2,,15.6,81,74,,5.7,22.5,13.1,22.5,,-9.8,0.5,-9.8,,-9.8,,0.4,3.8,4.74,-2.6,,,,,,,,,,,,,8.5,,,,,,,,,,,,,,,1.03,1992-12-29T11:00:00,,,,,,,,,,,,,,,,,,,,,,,,,,,,,,,,,,,,,,,,,,,,,,4.0,,,,,,,9.5,,,,,,,8.0,,,,1.0,,,,,,,,,,,,,,,,,,,,,,,,,,,,,,,,,,,,,,,,,,,,,,,,,,,,,,,,,,,,,,,,1.0,,,,,360.0,,,9.3,,,,,,,,44.5,,,,4.3,,,,,,,,,,,,,,,,,,,,,,,,,,,,,,,,,,,,,,,,,,,,,,,,,,,,,,,,,,,,,,,,7.5,,,
1992-12-30,1017.1,1020.4,1019.8,,1014.9,,18.7,22.2,,16.9,,16.6,88,73,,5.1,22.5,13.4,22.5,,4.0,5.1,2.5,,3.0,,0.3,2.8,3.68,-1.1,,,,,,,,,,,,,9.6,,,,,,,,,,,,,,,1.11,1992-12-30T14:00:00,,,,,,,,,,,,,,,,,,,,,,,,,,,,,,,,,,,,,,,,,,,,,,5.3,,,,,,,11.5,,,,,,,9.0,,,,1.0,,,,,,,,,,,,,,,,,,,,,,,,,,,,,,,,,,,,,,,,,,,,,,,,,,,,,,,,,,,,,,,,,,,,,22.5,,,8.4,,,,,,,,44.6,,,,4.7,,,,,,,,,,,,,,,,,,,,,,,,,,,,,,,,,,,,,,,,,,,,,,,,,,,,,,,,,,,,,,,,,,,
1992-12-31,1019.4,1022.8,1021.4,,1017.6,,18.1,20.3,,16.4,,14.3,79,67,,8.7,22.5,21.0,45.0,,0.5,0.9,0.5,,0.5,,7.1,66.9,10.73,3.7,,,,,,,,,,,,,6.3,,,,,,,,,,,,,,,1.75,1992-12-31T11:00:00,,,,,,,,,,,,,,,,,,,,,,,,,,,,,,,,,,,,,,,,,,,,,,3.9,,,,,,,13.6,,,,,,,7.0,,,,2.0,,,,,,,,,,,,,,,,,,,,,,,,,,,,,,,,,,,,,,,,,,,,,,,,,,,,,,,,,,,,,,,,1.0,,,,,22.5,,,12.0,,,,,,,,65.6,,,,13.2,,,,,,,,,,,,,,,,,,,,,,,,,,,,,,,,,,,,,,,,,,,,,,,,,,,,,,,,,,,,,,,,8.2,,,
