,StnPres,StnPresMax,StnPresMaxTime,StnPresMin,StnPresMinTime,Tx,TxMaxAbs,TxMaxAbsTime,TxMinAbs,TxMinAbsTime,RH,RHMin,RHMinTime,WS,WD,WSGust,WDGust,WGustTime,Precp,AirTemperature.MaximumTimef,AirTemperature.Maximumf,AirTemperature.Meanf,AirTemperature.MinimumTimef,AirTemperature.Minimumf,GlobalSolarRadiation.Accumulationf,GlobalSolarRadiation.HourlyMaximumTimef,GlobalSolarRadiation.HourlyMaximumf,GloblRad,GloblRadMax,GloblRadMaxTime,PeakGust.Directionf,PeakGust.MaximumTimef,PeakGust.Maximumf,Precipitation.Accumulationf,Precipitation.HourlyMaximum,Precipitation.HourlyMaximumTime,Precipitation.HourlyMaximumTimef,Precipitation.HourlyMaximumf,Precipitation.MeltFlag,Precipitation.MeltFlagf,RelativeHumidity.Maximum,RelativeHumidity.MaximumTime,RelativeHumidity.MaximumTimef,RelativeHumidity.Maximumf,RelativeHumidity.Meanf,RelativeHumidity.MinimumTimef,RelativeHumidity.Minimumf,SoilTemperatureAt0cm.Maximum,SoilTemperatureAt0cm.MaximumTime,SoilTemperatureAt0cm.MaximumTimef,SoilTemperatureAt0cm.Maximumf,SoilTemperatureAt0cm.Meanf,SoilTemperatureAt0cm.Minimum,SoilTemperatureAt0cm.MinimumTime,SoilTemperatureAt0cm.MinimumTimef,SoilTemperatureAt0cm.Minimumf,SoilTemperatureAt100cm.Maximum,SoilTemperatureAt100cm.MaximumTime,SoilTemperatureAt100cm.MaximumTimef,SoilTemperatureAt100cm.Maximumf,SoilTemperatureAt100cm.Meanf,SoilTemperatureAt100cm.Minimum,SoilTemperatureAt100cm.MinimumTime,SoilTemperatureAt100cm.MinimumTimef,SoilTemperatureAt100cm.Minimumf,SoilTemperatureAt10cm.Maximum,SoilTemperatureAt10cm.MaximumTime,SoilTemperatureAt10cm.MaximumTimef,SoilTemperatureAt10cm.Maximumf,SoilTemperatureAt10cm.Meanf,SoilTemperatureAt10cm.Minimum,SoilTemperatureAt10cm.MinimumTime,SoilTemperatureAt10cm.MinimumTimef,SoilTemperatureAt10cm.Minimumf,SoilTemperatureAt20cm.Maximum,SoilTemperatureAt20cm.MaximumTime,SoilTemperatureAt20cm.MaximumTimef,SoilTemperatureAt20cm.Maximumf,SoilTemperatureAt20cm.Meanf,SoilTemperatureAt20cm.Minimum,SoilTemperatureAt20cm.MinimumTime,SoilTemperatureAt20cm.MinimumTimef,SoilTemperatureAt20cm.Minimumf,SoilTemperatureAt50cm.Maximum,SoilTemperatureAt50cm.MaximumTime,SoilTemperatureAt50cm.MaximumTimef,SoilTemperatureAt50cm.Maximumf,SoilTemperatureAt50cm.Meanf,SoilTemperatureAt50cm.Minimum,SoilTemperatureAt50cm.MinimumTime,SoilTemperatureAt50cm.MinimumTimef,SoilTemperatureAt50cm.Minimumf,SoilTemperatureAt5cm.Maximum,SoilTemperatureAt5cm.MaximumTime,SoilTemperatureAt5cm.MaximumTimef,SoilTemperatureAt5cm.Maximumf,SoilTemperatureAt5cm.Meanf,SoilTemperatureAt5cm.Minimum,SoilTemperatureAt5cm.MinimumTime,SoilTemperatureAt5cm.MinimumTimef,SoilTemperatureAt5cm.Minimumf,StationPressure.MaximumTimef,StationPressure.Maximumf,StationPressure.Meanf,StationPressure.MinimumTimef,StationPressure.Minimumf,SunShine,SunshineDuration.Totalf,TxSoil0cm,TxSoil100cm,TxSoil10cm,TxSoil20cm,TxSoil50cm,TxSoil5cm,WindDirection.Prevailingf,WindSpeed.Meanf
2021-01-01,1014.2,1016.5,2021-01-01T07:41:00,1011.3,2021-01-01T15:24:00,15.2,20.8,2021-01-01T13:53:00,11.6,2021-01-01T00:31:00,70.0,41.0,2021-01-01T13:53:00,1.9,258.0,7.1,284.0,2021-01-01T16:13:00,0.0,,,,,,,,,,,,,,,,0.0,,,,0,,99.0,2021-01-01T23:47:00,,,,,,,,,,,,,,,,,,,,,,,,,,,,,,,,,,,,,,,,,,,,,,,,,,,,,,,,,,,,,,,,,,,,,,,,,,
2021-01-02,1012.4,1014.1,2021-01-02T00:12:00,1009.6,2021-01-02T14:32:00,16.2,22.7,2021-01-02T14:38:00,11.1,2021-01-02T06:34:00,75.0,40.0,2021-01-02T14:25:00,2.2,6.0,7.0,309.0,2021-01-02T16:43:00,0.0,,,,,,,,,,,,,,,,0.0,,,,0,,99.0,2021-01-02T04:22:00,,,,,,,,,,,,,,,,,,,,,,,,,,,,,,,,,,,,,,,,,,,,,,,,,,,,,,,,,,,,,,,,,,,,,,,,,,
2021-01-03,1012.2,1014.5,2021-01-03T07:51:00,1009.3,2021-01-03T15:06:00,17.6,24.7,2021-01-03T14:11:00,12.1,2021-01-03T04:21:00,77.0,36.0,2021-01-03T14:11:00,2.9,6.0,8.8,330.0,2021-01-03T16:18:00,0.0,,,,,,,,,,,,,,,,0.0,,,,0,,99.0,2021-01-03T02:42:00,,,,,,,,,,,,,,,,,,,,,,,,,,,,,,,,,,,,,,,,,,,,,,,,,,,,,,,,,,,,,,,,,,,,,,,,,,
2021-01-04,1010.6,1012.7,2021-01-04T00:01:00,1008.0,2021-01-04T14:28:00,19.2,26.7,2021-01-04T14:27:00,14.3,2021-01-04T06:19:00,80.0,39.0,2021-01-04T13:24:00,2.8,352.0,7.8,1.0,2021-01-04T01:19:00,0.0,,,,,,,,,,,,,,,,0.0,,,,0,,99.0,2021-01-04T00:01:00,,,,,,,,,,,,,,,,,,,,,,,,,,,,,,,,,,,,,,,,,,,,,,,,,,,,,,,,,,,,,,,,,,,,,,,,,,
2021-01-05,1009.0,1011.3,2021-01-05T08:41:00,1006.5,2021-01-05T14:12:00,19.7,26.0,2021-01-05T13:11:00,15.8,2021-01-05T06:01:00,80.0,37.0,2021-01-05T11:15:00,2.7,2.0,8.6,353.0,2021-01-05T00:46:00,0.0,,,,,,,,,,,,,,,,0.0,,,,0,,99.0,2021-01-05T00:01:00,,,,,,,,,,,,,,,,,,,,,,,,,,,,,,,,,,,,,,,,,,,,,,,,,,,,,,,,,,,,,,,,,,,,,,,,,,
2021-01-06,1008.9,1011.2,2021-01-06T08:52:00,1006.1,2021-01-06T15:15:00,18.7,21.2,2021-01-06T12:43:00,16.5,2021-01-06T02:22:00,90.0,73.0,2021-01-06T15:00:00,1.5,259.0,5.6,228.0,2021-01-06T11:58:00,0.0,,,,,,,,,,,,,,,,0.0,,,,0,,99.0,2021-01-06T01:41:00,,,,,,,,,,,,,,,,,,,,,,,,,,,,,,,,,,,,,,,,,,,,,,,,,,,,,,,,,,,,,,,,,,,,,,,,,,
2021-01-07,1009.5,1011.5,2021-01-07T23:54:00,1007.8,2021-01-07T15:24:00,15.8,18.3,2021-01-07T00:01:00,12.8,2021-01-07T23:54:00,99.0,98.0,2021-01-07T20:01:00,2.5,354.0,8.1,360.0,2021-01-07T19:18:00,0.0,,,,,,,,,,,,,,,,0.0,,,,0,,99.0,2021-01-07T13:01:00,,,,,,,,,,,,,,,,,,,,,,,,,,,,,,,,,,,,,,,,,,,,,,,,,,,,,,,,,,,,,,,,,,,,,,,,,,
2021-01-08,1012.6,1014.1,2021-01-08T21:53:00,1011.0,2021-01-08T03:01:00,11.3,14.0,2021-01-08T11:21:00,9.2,2021-01-08T23:14:00,94.0,85.0,2021-01-08T11:29:00,3.2,358.0,8.4,346.0,2021-01-08T18:41:00,0.0,,,,,,,,,,,,,,,,0.0,,,,0,,99.0,2021-01-08T00:11:00,,,,,,,,,,,,,,,,,,,,,,,,,,,,,,,,,,,,,,,,,,,,,,,,,,,,,,,,,,,,,,,,,,,,,,,,,,
2021-01-09,1013.2,1015.2,2021-01-09T08:54:00,1011.0,2021-01-09T15:07:00,12.3,16.1,2021-01-09T11:53:00,9.0,2021-01-09T05:16:00,72.0,53.0,2021-01-09T14:15:00,1.7,355.0,5.6,353.0,2021-01-09T00:12:00,0.0,,,,,,,,,,,,,,,,0.0,,,,0,,93.0,2021-01-09T02:52:00,,,,,,,,,,,,,,,,,,,,,,,,,,,,,,,,,,,,,,,,,,,,,,,,,,,,,,,,,,,,,,,,,,,,,,,,,,
2021-01-10,1012.8,1014.7,2021-01-10T08:41:00,1010.0,2021-01-10T14:51:00,14.7,21.5,2021-01-10T15:53:00,8.8,2021-01-10T06:21:00,70.0,39.0,2021-01-10T14:51:00,1.5,4.0,6.8,266.0,2021-01-10T11:00:00,0.0,,,,,,,,,,,,,,,,0.0,,,,0,,99.0,2021-01-10T05:43:00,,,,,,,,,,,,,,,,,,,,,,,,,,,,,,,,,,,,,,,,,,,,,,,,,,,,,,,,,,,,,,,,,,,,,,,,,,
2021-01-11,1012.4,1015.1,2021-01-11T09:12:00,1010.2,2021-01-11T14:22:00,15.1,20.5,2021-01-11T13:53:00,11.7,2021-01-11T22:56:00,76.0,47.0,2021-01-11T12:51:00,2.9,328.0,8.6,325.0,2021-01-11T16:10:00,0.0,,,,,,,,,,,,,,,,0.0,,,,0,,99.0,2021-01-11T06:21:00,,,,,,,,,,,,,,,,,,,,,,,,,,,,,,,,,,,,,,,,,,,,,,,,,,,,,,,,,,,,,,,,,,,,,,,,,,
2021-01-12,1011.6,1013.7,2021-01-12T00:01:00,1009.5,2021-01-12T15:11:00,13.1,19.0,2021-01-12T15:41:00,10.3,2021-01-12T03:40:00,78.0,49.0,2021-01-12T15:42:00,3.0,1.0,9.6,353.0,2021-01-12T01:17:00,0.0,,,,,,,,,,,,,,,,0.0,,,,0,,99.0,2021-01-12T01:51:00,,,,,,,,,,,,,,,,,,,,,,,,,,,,,,,,,,,,,,,,,,,,,,,,,,,,,,,,,,,,,,,,,,,,,,,,,,
2021-01-13,1009.7,1011.7,2021-01-13T08:32:00,1007.0,2021-01-13T15:13:00,16.0,23.5,2021-01-13T13:51:00,10.0,2021-01-13T05:17:00,63.0,28.0,2021-01-13T16:03:00,2.4,360.0,7.6,354.0,2021-01-13T16:45:00,0.0,,,,,,,,,,,,,,,,0.0,,,,0,,99.0,2021-01-13T02:27:00,,,,,,,,,,,,,,,,,,,,,,,,,,,,,,,,,,,,,,,,,,,,,,,,,,,,,,,,,,,,,,,,,,,,,,,,,,
2021-01-14,1008.9,1010.8,2021-01-14T00:35:00,1006.2,2021-01-14T15:21:00,16.2,24.3,2021-01-14T14:31:00,9.8,2021-01-14T06:41:00,67.0,23.0,2021-01-14T12:11:00,1.8,236.0,6.4,244.0,2021-01-14T15:29:00,0.0,,,,,,,,,,,,,,,,0.0,,,,0,,99.0,2021-01-14T02:41:00,,,,,,,,,,,,,,,,,,,,,,,,,,,,,,,,,,,,,,,,,,,,,,,,,,,,,,,,,,,,,,,,,,,,,,,,,,
2021-01-15,1007.2,1009.5,2021-01-15T00:01:00,1003.6,2021-01-15T15:14:00,17.5,25.5,2021-01-15T15:01:00,11.2,2021-01-15T06:47:00,70.0,30.0,2021-01-15T15:01:00,1.9,2.0,7.0,263.0,2021-01-15T15:39:00,0.0,,,,,,,,,,,,,,,,0.0,,,,0,,99.0,2021-01-15T06:51:00,,,,,,,,,,,,,,,,,,,,,,,,,,,,,,,,,,,,,,,,,,,,,,,,,,,,,,,,,,,,,,,,,,,,,,,,,,
2021-01-16,1007.7,1009.7,2021-01-16T23:11:00,1005.3,2021-01-16T14:14:00,18.1,25.5,2021-01-16T14:02:00,12.0,2021-01-16T06:02:00,73.0,35.0,2021-01-16T13:02:00,1.8,358.0,6.7,272.0,2021-01-16T15:11:00,0.0,,,,,,,,,,,,,,,,0.0,,,,0,,99.0,2021-01-16T01:13:00,,,,,,,,,,,,,,,,,,,,,,,,,,,,,,,,,,,,,,,,,,,,,,,,,,,,,,,,,,,,,,,,,,,,,,,,,,
2021-01-17,1011.4,1014.1,2021-01-17T23:42:00,1009.2,2021-01-17T15:11:00,17.0,23.0,2021-01-17T14:52:00,13.1,2021-01-17T23:24:00,78.0,46.0,2021-01-17T15:11:00,1.9,10.0,6.9,316.0,2021-01-17T16:43:00,0.0,,,,,,,,,,,,,,,,0.0,,,,0,,99.0,2021-01-17T00:01:00,,,,,,,,,,,,,,,,,,,,,,,,,,,,,,,,,,,,,,,,,,,,,,,,,,,,,,,,,,,,,,,,,,,,,,,,,,
2021-01-18,1012.2,1014.1,2021-01-18T08:51:00,1009.5,2021-01-18T14:42:00,15.9,22.1,2021-01-18T14:23:00,10.6,2021-01-18T07:05:00,76.0,46.0,2021-01-18T14:02:00,2.2,2.0,7.1,257.0,2021-01-18T15:53:00,0.0,,,,,,,,,,,,,,,,0.0,,,,0,,99.0,2021-01-18T06:51:00,,,,,,,,,,,,,,,,,,,,,,,,,,,,,,,,,,,,,,,,,,,,,,,,,,,,,,,,,,,,,,,,,,,,,,,,,,
2021-01-19,1010.7,1012.1,2021-01-19T09:11:00,1008.7,2021-01-19T14:51:00,17.8,23.5,2021-01-19T14:42:00,13.1,2021-01-19T07:11:00,75.0,43.0,2021-01-19T14:47:00,1.9,14.0,7.8,266.0,2021-01-19T15:31:00,0.0,,,,,,,,,,,,,,,,0.0,,,,0,,99.0,2021-01-19T05:54:00,,,,,,,,,,,,,,,,,,,,,,,,,,,,,,,,,,,,,,,,,,,,,,,,,,,,,,,,,,,,,,,,,,,,,,,,,,
2021-01-20,1009.1,1011.0,2021-01-20T08:51:00,1006.7,2021-01-20T15:40:00,19.6,26.7,2021-01-20T14:32:00,13.5,2021-01-20T06:56:00,76.0,37.0,2021-01-20T14:32:00,1.9,17.0,6.4,320.0,2021-01-20T15:55:00,0.0,,,,,,,,,,,,,,,,0.0,,,,0,,99.0,2021-01-20T06:11:00,,,,,,,,,,,,,,,,,,,,,,,,,,,,,,,,,,,,,,,,,,,,,,,,,,,,,,,,,,,,,,,,,,,,,,,,,,
2021-01-21,1006.4,1008.7,2021-01-21T00:01:00,1003.7,2021-01-21T15:04:00,21.8,27.5,2021-01-21T13:44:00,17.2,2021-01-21T02:02:00,80.0,44.0,2021-01-21T13:11:00,1.9,17.0,5.3,200.0,2021-01-21T14:29:00,0.0,,,,,,,,,,,,,,,,0.0,,,,0,,99.0,2021-01-21T22:52:00,,,,,,,,,,,,,,,,,,,,,,,,,,,,,,,,,,,,,,,,,,,,,,,,,,,,,,,,,,,,,,,,,,,,,,,,,,
2021-01-22,1002.8,1005.0,2021-01-22T00:08:00,1000.8,2021-01-22T17:22:00,21.3,24.0,2021-01-22T11:01:00,19.5,2021-01-22T23:25:00,98.0,83.0,2021-01-22T11:04:00,1.8,353.0,8.1,99.0,2021-01-22T17:31:00,1.0,,,,,,,,,,,,,,,,1.0,2021-01-22T15:00:00,,,0,,99.0,2021-01-22T16:21:00,,,,,,,,,,,,,,,,,,,,,,,,,,,,,,,,,,,,,,,,,,,,,,,,,,,,,,,,,,,,,,,,,,,,,,,,,,
2021-01-23,1004.3,1007.3,2021-01-23T22:41:00,1001.7,2021-01-23T15:21:00,21.2,26.2,2021-01-23T14:51:00,18.7,2021-01-23T03:03:00,96.0,72.0,2021-01-23T14:57:00,1.8,5.0,6.0,266.0,2021-01-23T15:55:00,0.0,,,,,,,,,,,,,,,,0.0,,,,0,,99.0,2021-01-23T02:01:00,,,,,,,,,,,,,,,,,,,,,,,,,,,,,,,,,,,,,,,,,,,,,,,,,,,,,,,,,,,,,,,,,,,,,,,,,,
2021-01-24,1007.9,1009.5,2021-01-24T09:38:00,1006.1,2021-01-24T14:32:00,20.8,25.2,2021-01-24T11:12:00,17.0,2021-01-24T05:02:00,90.0,71.0,2021-01-24T10:12:00,1.8,1.0,8.8,264.0,2021-01-24T13:18:00,0.0,,,,,,,,,,,,,,,,0.0,,,,0,,99.0,2021-01-24T01:51:00,,,,,,,,,,,,,,,,,,,,,,,,,,,,,,,,,,,,,,,,,,,,,,,,,,,,,,,,,,,,,,,,,,,,,,,,,,
2021-01-25,1008.5,1010.6,2021-01-25T08:13:00,1005.6,2021-01-25T14:58:00,20.7,28.0,2021-01-25T13:21:00,15.8,2021-01-25T06:45:00,83.0,38.0,2021-01-25T13:11:00,2.5,213.0,8.5,175.0,2021-01-25T13:44:00,0.0,,,,,,,,,,,,,,,,0.0,,,,0,,99.0,2021-01-25T01:21:00,,,,,,,,,,,,,,,,,,,,,,,,,,,,,,,,,,,,,,,,,,,,,,,,,,,,,,,,,,,,,,,,,,,,,,,,,,
2021-01-26,1007.9,1010.0,2021-01-26T08:45:00,1005.5,2021-01-26T14:45:00,20.5,26.1,2021-01-26T12:36:00,16.5,2021-01-26T06:43:00,81.0,44.0,2021-01-26T12:25:00,1.8,4.0,8.3,307.0,2021-01-26T14:59:00,0.0,,,,,,,,,,,,,,,,0.0,,,,0,,99.0,2021-01-26T00:01:00,,,,,,,,,,,,,,,,,,,,,,,,,,,,,,,,,,,,,,,,,,,,,,,,,,,,,,,,,,,,,,,,,,,,,,,,,,
2021-01-27,1008.1,1010.1,2021-01-27T09:21:00,1005.5,2021-01-27T15:21:00,19.6,25.5,2021-01-27T14:17:00,15.0,2021-01-27T05:54:00,84.0,49.0,2021-01-27T11:51:00,2.0,12.0,6.4,260.0,2021-01-27T16:05:00,0.0,,,,,,,,,,,,,,,,0.0,,,,0,,99.0,2021-01-27T00:38:00,,,,,,,,,,,,,,,,,,,,,,,,,,,,,,,,,,,,,,,,,,,,,,,,,,,,,,,,,,,,,,,,,,,,,,,,,,
2021-01-28,1010.0,1012.0,2021-01-28T22:41:00,1007.5,2021-01-28T15:16:00,18.7,25.7,2021-01-28T12:34:00,15.0,2021-01-28T03:21:00,78.0,40.0,2021-01-28T12:34:00,3.1,330.0,10.8,331.0,2021-01-28T14:34:00,0.0,,,,,,,,,,,,,,,,0.0,,,,0,,99.0,2021-01-28T02:38:00,,,,,,,,,,,,,,,,,,,,,,,,,,,,,,,,,,,,,,,,,,,,,,,,,,,,,,,,,,,,,,,,,,,,,,,,,,
2021-01-29,1012.2,1014.0,2021-01-29T21:43:00,1010.5,2021-01-29T14:12:00,17.8,22.5,2021-01-29T14:01:00,14.1,2021-01-29T02:11:00,74.0,50.0,2021-01-29T12:02:00,1.4,6.0,7.3,270.0,2021-01-29T14:52:00,0.0,,,,,,,,,,,,,,,,0.0,,,,0,,99.0,2021-01-29T04:40:00,,,,,,,,,,,,,,,,,,,,,,,,,,,,,,,,,,,,,,,,,,,,,,,,,,,,,,,,,,,,,,,,,,,,,,,,,,
2021-01-30,1013.8,1015.5,2021-01-30T08:11:00,1011.7,2021-01-30T14:33:00,17.9,23.5,2021-01-30T13:11:00,12.8,2021-01-30T07:21:00,77.0,42.0,2021-01-30T13:15:00,1.8,14.0,7.7,266.0,2021-01-30T15:39:00,0.0,,,,,,,,,,,,,,,,0.0,,,,0,,99.0,2021-01-30T06:25:00,,,,,,,,,,,,,,,,,,,,,,,,,,,,,,,,,,,,,,,,,,,,,,,,,,,,,,,,,,,,,,,,,,,,,,,,,,
2021-01-31,1013.4,1015.7,2021-01-31T08:41:00,1010.7,2021-01-31T14:47:00,18.6,25.0,2021-01-31T14:31:00,13.6,2021-01-31T06:06:00,71.0,33.0,2021-01-31T17:25:00,1.9,6.0,8.5,333.0,2021-01-31T15:52:00,0.0,,,,,,,,,,,,,,,,0.0,,,,0,,99.0,2021-01-31T03:28:00,,,,,,,,,,,,,,,,,,,,,,,,,,,,,,,,,,,,,,,,,,,,,,,,,,,,,,,,,,,,,,,,,,,,,,,,,,
2021-02-01,1011.0,1013.5,2021-02-01T08:27:00,1008.1,2021-02-01T14:47:00,19.5,26.8,2021-02-01T14:01:00,13.5,2021-02-01T05:11:00,58.0,15.0,2021-02-01T11:52:00,2.1,357.0,7.6,342.0,2021-02-01T16:06:00,0.0,,,,,,,,,,,,,,,,0.0,,,,0,,99.0,2021-02-01T03:15:00,,,,,,,,,,,,,,,,,,,,,,,,,,,,,,,,,,,,,,,,,,,,,,,,,,,,,,,,,,,,,,,,,,,,,,,,,,
2021-02-02,1010.7,1012.5,2021-02-02T08:14:00,1008.2,2021-02-02T14:59:00,20.1,27.7,2021-02-02T14:31:00,14.0,2021-02-02T06:11:00,60.0,24.0,2021-02-02T13:31:00,2.0,5.0,7.0,270.0,2021-02-02T15:43:00,0.0,,,,,,,,,,,,,,,,0.0,,,,0,,99.0,2021-02-02T23:11:00,,,,,,,,,,,,,,,,,,,,,,,,,,,,,,,,,,,,,,,,,,,,,,,,,,,,,,,,,,,,,,,,,,,,,,,,,,
2021-02-03,1012.5,1014.7,2021-02-03T09:13:00,1010.0,2021-02-03T14:20:00,19.7,26.3,2021-02-03T13:22:00,14.5,2021-02-03T06:31:00,78.0,43.0,2021-02-03T13:23:00,1.9,4.0,9.2,258.0,2021-02-03T14:20:00,0.0,,,,,,,,,,,,,,,,0.0,,,,0,,99.0,2021-02-03T02:46:00,,,,,,,,,,,,,,,,,,,,,,,,,,,,,,,,,,,,,,,,,,,,,,,,,,,,,,,,,,,,,,,,,,,,,,,,,,
2021-02-04,1012.5,1015.1,2021-02-04T09:11:00,1010.1,2021-02-04T15:20:00,20.3,26.0,2021-02-04T13:32:00,15.6,2021-02-04T06:04:00,75.0,38.0,2021-02-04T14:47:00,1.8,1.0,7.4,268.0,2021-02-04T15:20:00,0.0,,,,,,,,,,,,,,,,0.0,,,,0,,99.0,2021-02-04T01:12:00,,,,,,,,,,,,,,,,,,,,,,,,,,,,,,,,,,,,,,,,,,,,,,,,,,,,,,,,,,,,,,,,,,,,,,,,,,
2021-02-05,1010.9,1013.2,2021-02-05T08:51:00,1008.6,2021-02-05T15:10:00,19.9,26.2,2021-02-05T14:03:00,15.2,2021-02-05T06:54:00,82.0,44.0,2021-02-05T13:44:00,1.8,325.0,7.1,268.0,2021-02-05T16:04:00,0.0,,,,,,,,,,,,,,,,0.0,,,,0,,99.0,2021-02-05T01:05:00,,,,,,,,,,,,,,,,,,,,,,,,,,,,,,,,,,,,,,,,,,,,,,,,,,,,,,,,,,,,,,,,,,,,,,,,,,
2021-02-06,1009.2,1011.8,2021-02-06T09:01:00,1006.8,2021-02-06T14:55:00,20.6,27.1,2021-02-06T14:20:00,15.3,2021-02-06T05:14:00,73.0,37.0,2021-02-06T16:21:00,1.8,11.0,8.2,243.0,2021-02-06T13:56:00,0.0,,,,,,,,,,,,,,,,0.0,,,,0,,99.0,2021-02-06T02:51:00,,,,,,,,,,,,,,,,,,,,,,,,,,,,,,,,,,,,,,,,,,,,,,,,,,,,,,,,,,,,,,,,,,,,,,,,,,
2021-02-07,1009.1,1011.0,2021-02-07T09:01:00,1006.1,2021-02-07T15:02:00,21.0,28.5,2021-02-07T13:43:00,15.0,2021-02-07T06:51:00,74.0,24.0,2021-02-07T13:42:00,2.2,1.0,9.0,315.0,2021-02-07T15:20:00,0.0,,,,,,,,,,,,,,,,0.0,,,,0,,99.0,2021-02-07T01:44:00,,,,,,,,,,,,,,,,,,,,,,,,,,,,,,,,,,,,,,,,,,,,,,,,,,,,,,,,,,,,,,,,,,,,,,,,,,
2021-02-08,1009.8,1011.5,2021-02-08T22:21:00,1008.0,2021-02-08T14:31:00,20.5,26.1,2021-02-08T14:01:00,15.7,2021-02-08T06:52:00,79.0,46.0,2021-02-08T11:11:00,1.9,1.0,8.5,260.0,2021-02-08T14:51:00,0.0,,,,,,,,,,,,,,,,0.0,,,,0,,99.0,2021-02-08T00:01:00,,,,,,,,,,,,,,,,,,,,,,,,,,,,,,,,,,,,,,,,,,,,,,,,,,,,,,,,,,,,,,,,,,,,,,,,,,
2021-02-09,1009.5,1011.6,2021-02-09T09:04:00,1007.1,2021-02-09T15:33:00,20.3,25.0,2021-02-09T15:04:00,16.3,2021-02-09T06:44:00,81.0,52.0,2021-02-09T12:53:00,1.7,3.0,7.6,268.0,2021-02-09T16:30:00,0.0,,,,,,,,,,,,,,,,0.0,,,,0,,99.0,2021-02-09T06:41:00,,,,,,,,,,,,,,,,,,,,,,,,,,,,,,,,,,,,,,,,,,,,,,,,,,,,,,,,,,,,,,,,,,,,,,,,,,
2021-02-10,1005.2,1009.0,2021-02-10T00:01:00,1002.5,2021-02-10T15:01:00,19.8,24.0,2021-02-10T15:35:00,17.0,2021-02-10T06:23:00,88.0,61.0,2021-02-10T15:41:00,1.8,9.0,5.9,5.0,2021-02-10T04:18:00,0.0,,,,,,,,,,,,,,,,0.0,,,,0,,99.0,2021-02-10T01:31:00,,,,,,,,,,,,,,,,,,,,,,,,,,,,,,,,,,,,,,,,,,,,,,,,,,,,,,,,,,,,,,,,,,,,,,,,,,
2021-02-11,1001.4,,,,,20.3,,,,,91.0,,,4.0,3.0,,,,8.0,,,,,,,,,,,,,,,,3.0,2021-02-11T05:00:00,,,0,,,,,,,,,,,,,,,,,,,,,,,,,,,,,,,,,,,,,,,,,,,,,,,,,,,,,,,,,,,,,,,,,,,,,,,,,,,,,
2021-02-12,,,,,,,,,,,,,,,,,,,0.0,,,,,,,,,,,,,,,,-9999.6,,,,0,,,,,,,,,,,,,,,,,,,,,,,,,,,,,,,,,,,,,,,,,,,,,,,,,,,,,,,,,,,,,,,,,,,,,,,,,,,,,
2021-02-13,,,,,,,,,,,,,,,,,,,-9999.6,,,,,,,,,,,,,,,,-9999.6,,,,0,,,,,,,,,,,,,,,,,,,,,,,,,,,,,,,,,,,,,,,,,,,,,,,,,,,,,,,,,,,,,,,,,,,,,,,,,,,,,
2021-02-14,,,,,,,,,,,,,,,,,,,-9999.6,,,,,,,,,,,,,,,,-9999.6,,,,0,,,,,,,,,,,,,,,,,,,,,,,,,,,,,,,,,,,,,,,,,,,,,,,,,,,,,,,,,,,,,,,,,,,,,,,,,,,,,
2021-02-15,,,,,,,,,,,,,,,,,,,-9999.6,,,,,,,,,,,,,,,,-9999.6,,,,0,,,,,,,,,,,,,,,,,,,,,,,,,,,,,,,,,,,,,,,,,,,,,,,,,,,,,,,,,,,,,,,,,,,,,,,,,,,,,
2021-02-16,,,,,,,,,,,,,,,,,,,-9999.6,,,,,,,,,,,,,,,,-9999.6,,,,0,,,,,,,,,,,,,,,,,,,,,,,,,,,,,,,,,,,,,,,,,,,,,,,,,,,,,,,,,,,,,,,,,,,,,,,,,,,,,
2021-02-17,,,,,,,,,,,,,,,,,,,-9999.6,,,,,,,,,,,,,,,,-9999.6,,,,0,,,,,,,,,,,,,,,,,,,,,,,,,,,,,,,,,,,,,,,,,,,,,,,,,,,,,,,,,,,,,,,,,,,,,,,,,,,,,
2021-02-18,1013.4,,,,,21.4,,,,,54.0,,,3.8,226.0,,,,0.0,,,,,,,,,,,,,,,,0.0,,,,0,,,,,,,,,,,,,,,,,,,,,,,,,,,,,,,,,,,,,,,,,,,,,,,,,,,,,,,,,,,,,,,,,,,,,,,,,,,,,
2021-02-19,,,,,,,,,,,,,,,,,,,-9999.6,,,,,,,,,,,,,,,,-9999.6,,,,0,,,,,,,,,,,,,,,,,,,,,,,,,,,,,,,,,,,,,,,,,,,,,,,,,,,,,,,,,,,,,,,,,,,,,,,,,,,,,
2021-02-20,,,,,,,,,,,,,,,,,,,-9999.6,,,,,,,,,,,,,,,,-9999.6,,,,0,,,,,,,,,,,,,,,,,,,,,,,,,,,,,,,,,,,,,,,,,,,,,,,,,,,,,,,,,,,,,,,,,,,,,,,,,,,,,
2021-02-21,,,,,,,,,,,,,,,,,,,-9999.6,,,,,,,,,,,,,,,,-9999.6,,,,0,,,,,,,,,,,,,,,,,,,,,,,,,,,,,,,,,,,,,,,,,,,,,,,,,,,,,,,,,,,,,,,,,,,,,,,,,,,,,
2021-02-22,,,,,,,,,,,,,,,,,,,-9999.6,,,,,,,,,,,,,,,,-9999.6,,,,0,,,,,,,,,,,,,,,,,,,,,,,,,,,,,,,,,,,,,,,,,,,,,,,,,,,,,,,,,,,,,,,,,,,,,,,,,,,,,
2021-02-23,,,,,,,,,,,,,,,,,,,-9999.6,,,,,,,,,,,,,,,,-9999.6,,,,0,,,,,,,,,,,,,,,,,,,,,,,,,,,,,,,,,,,,,,,,,,,,,,,,,,,,,,,,,,,,,,,,,,,,,,,,,,,,,
2021-02-24,,,,,,,,,,,,,,,,,,,-9999.6,,,,,,,,,,,,,,,,-9999.6,,,,0,,,,,,,,,,,,,,,,,,,,,,,,,,,,,,,,,,,,,,,,,,,,,,,,,,,,,,,,,,,,,,,,,,,,,,,,,,,,,
2021-02-25,1000.7,1004.7,2021-02-25T00:16:00,999.7,2021-02-25T16:39:00,23.4,28.5,2021-02-25T14:41:00,18.2,2021-02-25T05:04:00,76.0,51.0,2021-02-25T14:32:00,2.8,4.0,9.5,1.0,2021-02-25T18:36:00,0.0,,,,,,,,,,,,,,,,0.0,,,,0,,99.0,2021-02-25T06:42:00,,,,,,,,,,,,,,,,,,,,,,,,,,,,,,,,,,,,,,,,,,,,,,,,,,,,,,,,,,,,,,,,,,,,,,,,,,
2021-02-26,1001.2,1003.3,2021-02-26T23:41:00,998.8,2021-02-26T15:21:00,23.7,29.8,2021-02-26T12:51:00,19.0,2021-02-26T04:48:00,79.0,47.0,2021-02-26T12:51:00,2.2,1.0,11.1,309.0,2021-02-26T13:40:00,0.0,,,,,,,,,,,,,,,,0.0,,,,0,,99.0,2021-02-26T05:14:00,,,,,,,,,,,,,,,,,,,,,,,,,,,,,,,,,,,,,,,,,,,,,,,,,,,,,,,,,,,,,,,,,,,,,,,,,,
2021-02-27,1004.6,1007.3,2021-02-27T23:41:00,1002.5,2021-02-27T14:33:00,23.0,29.0,2021-02-27T14:51:00,10.0,2021-02-27T03:13:00,81.0,49.0,2021-02-27T15:11:00,1.8,25.0,7.9,317.0,2021-02-27T16:15:00,0.0,,,,,,,,,,,,,,,,0.0,,,,0,,99.0,2021-02-27T06:27:00,,,,,,,,,,,,,,,,,,,,,,,,,,,,,,,,,,,,,,,,,,,,,,,,,,,,,,,,,,,,,,,,,,,,,,,,,,
2021-02-28,1006.9,1008.8,2021-02-28T09:05:00,1004.8,2021-02-28T14:46:00,23.1,29.3,2021-02-28T12:52:00,18.3,2021-02-28T04:43:00,79.0,49.0,2021-02-28T12:52:00,1.9,12.0,8.3,268.0,2021-02-28T14:15:00,0.0,,,,,,,,,,,,,,,,0.0,,,,0,,99.0,2021-02-28T04:44:00,,,,,,,,,,,,,,,,,,,,,,,,,,,,,,,,,,,,,,,,,,,,,,,,,,,,,,,,,,,,,,,,,,,,,,,,,,
2021-03-01,1007.7,1010.0,2021-03-01T09:11:00,1005.5,2021-03-01T14:35:00,24.2,31.0,2021-03-01T14:21:00,19.0,2021-03-01T06:22:00,77.0,43.0,2021-03-01T14:21:00,1.7,6.0,10.2,271.0,2021-03-01T15:00:00,0.0,,,,,,,,,,,,,,,,0.0,,,,0,,99.0,2021-03-01T05:21:00,,,,,,,,,,,,,,,,,,,,,,,,,,,,,,,,,,,,,,,,,,,,,,,,,,,,,,,,,,,,,,,,,,,,,,,,,,
2021-03-02,1008.3,1011.5,2021-03-02T23:31:00,1006.6,2021-03-02T04:05:00,23.3,28.3,2021-03-02T11:51:00,18.6,2021-03-02T23:53:00,77.0,53.0,2021-03-02T13:24:00,3.0,357.0,9.5,352.0,2021-03-02T08:55:00,0.0,,,,,,,,,,,,,,,,0.0,,,,0,,99.0,2021-03-02T01:09:00,,,,,,,,,,,,,,,,,,,,,,,,,,,,,,,,,,,,,,,,,,,,,,,,,,,,,,,,,,,,,,,,,,,,,,,,,,
2021-03-03,1011.0,1012.6,2021-03-03T08:41:00,1009.1,2021-03-03T15:04:00,20.7,25.0,2021-03-03T12:41:00,17.5,2021-03-03T04:32:00,77.0,57.0,2021-03-03T12:43:00,1.8,12.0,8.1,278.0,2021-03-03T13:50:00,0.0,,,,,,,,,,,,,,,,0.0,,,,0,,99.0,2021-03-03T23:11:00,,,,,,,,,,,,,,,,,,,,,,,,,,,,,,,,,,,,,,,,,,,,,,,,,,,,,,,,,,,,,,,,,,,,,,,,,,
2021-03-04,1009.9,1011.8,2021-03-04T00:25:00,1008.0,2021-03-04T14:08:00,22.3,28.7,2021-03-04T13:01:00,17.5,2021-03-04T06:11:00,77.0,47.0,2021-03-04T13:07:00,2.3,1.0,9.7,309.0,2021-03-04T14:59:00,0.0,,,,,,,,,,,,,,,,0.0,,,,0,,99.0,2021-03-04T06:04:00,,,,,,,,,,,,,,,,,,,,,,,,,,,,,,,,,,,,,,,,,,,,,,,,,,,,,,,,,,,,,,,,,,,,,,,,,,
2021-03-05,1008.2,1010.1,2021-03-05T00:01:00,1006.0,2021-03-05T14:41:00,23.7,29.2,2021-03-05T14:51:00,19.1,2021-03-05T06:14:00,85.0,54.0,2021-03-05T14:51:00,1.8,16.0,8.1,275.0,2021-03-05T16:12:00,0.0,,,,,,,,,,,,,,,,0.0,,,,0,,99.0,2021-03-05T06:01:00,,,,,,,,,,,,,,,,,,,,,,,,,,,,,,,,,,,,,,,,,,,,,,,,,,,,,,,,,,,,,,,,,,,,,,,,,,
2021-03-06,1008.1,1009.7,2021-03-06T07:24:00,1005.7,2021-03-06T15:05:00,24.8,30.0,2021-03-06T13:14:00,21.0,2021-03-06T07:01:00,83.0,54.0,2021-03-06T13:51:00,2.3,355.0,8.0,265.0,2021-03-06T14:43:00,0.0,,,,,,,,,,,,,,,,0.0,,,,0,,99.0,2021-03-06T05:31:00,,,,,,,,,,,,,,,,,,,,,,,,,,,,,,,,,,,,,,,,,,,,,,,,,,,,,,,,,,,,,,,,,,,,,,,,,,
2021-03-07,1008.9,1011.0,2021-03-07T22:55:00,1007.0,2021-03-07T14:25:00,23.1,28.3,2021-03-07T12:47:00,19.6,2021-03-07T23:56:00,84.0,57.0,2021-03-07T14:11:00,2.2,5.0,8.1,315.0,2021-03-07T13:49:00,0.0,,,,,,,,,,,,,,,,0.0,,,,0,,99.0,2021-03-07T04:11:00,,,,,,,,,,,,,,,,,,,,,,,,,,,,,,,,,,,,,,,,,,,,,,,,,,,,,,,,,,,,,,,,,,,,,,,,,,
2021-03-08,1010.2,1012.1,2021-03-08T09:31:00,1007.0,2021-03-08T14:39:00,22.2,28.7,2021-03-08T14:01:00,17.8,2021-03-08T05:22:00,83.0,51.0,2021-03-08T14:01:00,2.1,14.0,9.4,262.0,2021-03-08T14:58:00,0.0,,,,,,,,,,,,,,,,0.0,,,,0,,99.0,2021-03-08T01:01:00,,,,,,,,,,,,,,,,,,,,,,,,,,,,,,,,,,,,,,,,,,,,,,,,,,,,,,,,,,,,,,,,,,,,,,,,,,
2021-03-09,1010.4,1012.3,2021-03-09T08:02:00,1007.6,2021-03-09T15:11:00,22.9,29.5,2021-03-09T14:12:00,18.5,2021-03-09T05:43:00,80.0,44.0,2021-03-09T14:33:00,1.7,5.0,7.9,261.0,2021-03-09T15:11:00,0.0,,,,,,,,,,,,,,,,0.0,,,,0,,99.0,2021-03-09T02:36:00,,,,,,,,,,,,,,,,,,,,,,,,,,,,,,,,,,,,,,,,,,,,,,,,,,,,,,,,,,,,,,,,,,,,,,,,,,
2021-03-10,1011.1,1012.8,2021-03-10T23:12:00,1008.7,2021-03-10T15:21:00,22.4,27.5,2021-03-10T12:41:00,18.2,2021-03-10T06:47:00,84.0,55.0,2021-03-10T12:01:00,1.7,5.0,8.5,284.0,2021-03-10T12:37:00,0.0,,,,,,,,,,,,,,,,0.0,,,,0,,99.0,2021-03-10T03:11:00,,,,,,,,,,,,,,,,,,,,,,,,,,,,,,,,,,,,,,,,,,,,,,,,,,,,,,,,,,,,,,,,,,,,,,,,,,
2021-03-11,1011.0,1013.2,2021-03-11T08:41:00,1008.1,2021-03-11T15:33:00,23.1,28.6,2021-03-11T14:31:00,18.5,2021-03-11T04:43:00,78.0,49.0,2021-03-11T13:22:00,1.7,275.0,8.8,261.0,2021-03-11T15:56:00,0.0,,,,,,,,,,,,,,,,0.0,,,,0,,99.0,2021-03-11T04:31:00,,,,,,,,,,,,,,,,,,,,,,,,,,,,,,,,,,,,,,,,,,,,,,,,,,,,,,,,,,,,,,,,,,,,,,,,,,
2021-03-12,1009.8,1012.0,2021-03-12T08:11:00,1007.0,2021-03-12T15:22:00,23.8,30.6,2021-03-12T13:32:00,19.7,2021-03-12T02:01:00,75.0,39.0,2021-03-12T13:32:00,1.8,2.0,10.1,315.0,2021-03-12T14:32:00,0.0,,,,,,,,,,,,,,,,0.0,,,,0,,99.0,2021-03-12T01:03:00,,,,,,,,,,,,,,,,,,,,,,,,,,,,,,,,,,,,,,,,,,,,,,,,,,,,,,,,,,,,,,,,,,,,,,,,,,
2021-03-13,1009.1,1011.0,2021-03-13T07:51:00,1006.6,2021-03-13T15:42:00,23.3,28.1,2021-03-13T12:12:00,19.5,2021-03-13T06:00:00,78.0,51.0,2021-03-13T14:44:00,2.0,243.0,8.7,256.0,2021-03-13T13:43:00,0.0,,,,,,,,,,,,,,,,0.0,,,,0,,99.0,2021-03-13T05:44:00,,,,,,,,,,,,,,,,,,,,,,,,,,,,,,,,,,,,,,,,,,,,,,,,,,,,,,,,,,,,,,,,,,,,,,,,,,
2021-03-14,1007.6,1009.5,2021-03-14T00:01:00,1005.3,2021-03-14T14:51:00,22.7,28.0,2021-03-14T11:51:00,18.6,2021-03-14T04:34:00,79.0,50.0,2021-03-14T11:51:00,2.1,13.0,9.1,268.0,2021-03-14T14:03:00,0.0,,,,,,,,,,,,,,,,0.0,,,,0,,99.0,2021-03-14T03:01:00,,,,,,,,,,,,,,,,,,,,,,,,,,,,,,,,,,,,,,,,,,,,,,,,,,,,,,,,,,,,,,,,,,,,,,,,,,
2021-03-15,1006.3,1008.3,2021-03-15T08:36:00,1003.5,2021-03-15T15:43:00,23.3,29.5,2021-03-15T13:51:00,18.3,2021-03-15T06:15:00,72.0,41.0,2021-03-15T13:51:00,1.8,8.0,8.8,327.0,2021-03-15T16:37:00,0.0,,,,,,,,,,,,,,,,0.0,,,,0,,99.0,2021-03-15T04:34:00,,,,,,,,,,,,,,,,,,,,,,,,,,,,,,,,,,,,,,,,,,,,,,,,,,,,,,,,,,,,,,,,,,,,,,,,,,
2021-03-16,1005.1,1006.6,2021-03-16T00:01:00,1002.8,2021-03-16T14:44:00,24.7,31.3,2021-03-16T13:18:00,19.2,2021-03-16T05:56:00,69.0,40.0,2021-03-16T13:02:00,1.8,272.0,9.2,264.0,2021-03-16T13:59:00,0.0,,,,,,,,,,,,,,,,0.0,,,,0,,99.0,2021-03-16T06:01:00,,,,,,,,,,,,,,,,,,,,,,,,,,,,,,,,,,,,,,,,,,,,,,,,,,,,,,,,,,,,,,,,,,,,,,,,,,
2021-03-17,1004.6,1006.0,2021-03-17T08:33:00,1002.0,2021-03-17T15:19:00,26.0,32.6,2021-03-17T13:42:00,20.0,2021-03-17T06:41:00,67.0,39.0,2021-03-17T13:42:00,2.0,1.0,8.5,337.0,2021-03-17T15:19:00,0.0,,,,,,,,,,,,,,,,0.0,,,,0,,99.0,2021-03-17T06:41:00,,,,,,,,,,,,,,,,,,,,,,,,,,,,,,,,,,,,,,,,,,,,,,,,,,,,,,,,,,,,,,,,,,,,,,,,,,
2021-03-18,1004.6,1006.5,2021-03-18T07:53:00,1002.5,2021-03-18T15:34:00,25.5,31.3,2021-03-18T12:36:00,21.1,2021-03-18T06:44:00,78.0,44.0,2021-03-18T12:37:00,2.3,9.0,9.5,258.0,2021-03-18T13:50:00,0.0,,,,,,,,,,,,,,,,0.0,,,,0,,99.0,2021-03-18T03:54:00,,,,,,,,,,,,,,,,,,,,,,,,,,,,,,,,,,,,,,,,,,,,,,,,,,,,,,,,,,,,,,,,,,,,,,,,,,
2021-03-19,1004.0,1006.5,2021-03-19T08:08:00,1001.3,2021-03-19T15:05:00,25.6,31.2,2021-03-19T14:01:00,21.5,2021-03-19T05:51:00,77.0,45.0,2021-03-19T13:31:00,1.9,259.0,8.6,252.0,2021-03-19T15:05:00,0.0,,,,,,,,,,,,,,,,0.0,,,,0,,99.0,2021-03-19T04:51:00,,,,,,,,,,,,,,,,,,,,,,,,,,,,,,,,,,,,,,,,,,,,,,,,,,,,,,,,,,,,,,,,,,,,,,,,,,
2021-03-20,1002.8,1004.5,2021-03-20T08:03:00,1000.3,2021-03-20T15:35:00,25.3,30.8,2021-03-20T13:33:00,21.3,2021-03-20T05:46:00,78.0,47.0,2021-03-20T13:33:00,1.7,9.0,7.9,265.0,2021-03-20T15:53:00,0.0,,,,,,,,,,,,,,,,0.0,,,,0,,99.0,2021-03-20T04:32:00,,,,,,,,,,,,,,,,,,,,,,,,,,,,,,,,,,,,,,,,,,,,,,,,,,,,,,,,,,,,,,,,,,,,,,,,,,
2021-03-21,1005.6,1010.0,2021-03-21T23:33:00,1002.8,2021-03-21T01:38:00,23.3,30.1,2021-03-21T13:13:00,16.7,2021-03-21T23:59:00,77.0,50.0,2021-03-21T13:13:00,2.9,357.0,10.4,311.0,2021-03-21T14:44:00,0.0,,,,,,,,,,,,,,,,0.0,,,,0,,99.0,2021-03-21T06:01:00,,,,,,,,,,,,,,,,,,,,,,,,,,,,,,,,,,,,,,,,,,,,,,,,,,,,,,,,,,,,,,,,,,,,,,,,,,
2021-03-22,1011.8,1013.8,2021-03-22T22:22:00,1009.2,2021-03-22T02:54:00,18.0,20.7,2021-03-22T12:34:00,16.1,2021-03-22T04:19:00,73.0,61.0,2021-03-22T12:34:00,1.7,21.0,6.0,6.0,2021-03-22T00:09:00,0.0,,,,,,,,,,,,,,,,0.0,,,,0,,85.0,2021-03-22T23:22:00,,,,,,,,,,,,,,,,,,,,,,,,,,,,,,,,,,,,,,,,,,,,,,,,,,,,,,,,,,,,,,,,,,,,,,,,,,
2021-03-23,1010.8,1013.3,2021-03-23T00:01:00,1008.0,2021-03-23T15:01:00,20.4,25.5,2021-03-23T14:01:00,16.8,2021-03-23T00:38:00,75.0,49.0,2021-03-23T14:01:00,1.4,6.0,8.3,254.0,2021-03-23T15:04:00,0.0,,,,,,,,,,,,,,,,0.0,,,,0,,94.0,2021-03-23T07:11:00,,,,,,,,,,,,,,,,,,,,,,,,,,,,,,,,,,,,,,,,,,,,,,,,,,,,,,,,,,,,,,,,,,,,,,,,,,
2021-03-24,1007.5,1010.3,2021-03-24T09:43:00,1005.0,2021-03-24T16:54:00,20.0,23.6,2021-03-24T16:33:00,17.6,2021-03-24T07:05:00,95.0,78.0,2021-03-24T00:11:00,2.7,1.0,9.5,355.0,2021-03-24T14:44:00,3.5,,,,,,,,,,,,,,,,1.5,2021-03-24T07:00:00,,,0,,99.0,2021-03-24T07:35:00,,,,,,,,,,,,,,,,,,,,,,,,,,,,,,,,,,,,,,,,,,,,,,,,,,,,,,,,,,,,,,,,,,,,,,,,,,
2021-03-25,1007.5,1009.7,2021-03-25T10:06:00,1005.5,2021-03-25T15:32:00,22.0,28.5,2021-03-25T13:41:00,16.7,2021-03-25T05:36:00,75.0,42.0,2021-03-25T14:12:00,2.0,9.0,8.3,316.0,2021-03-25T16:10:00,0.0,,,,,,,,,,,,,,,,0.0,,,,0,,99.0,2021-03-25T02:15:00,,,,,,,,,,,,,,,,,,,,,,,,,,,,,,,,,,,,,,,,,,,,,,,,,,,,,,,,,,,,,,,,,,,,,,,,,,
2021-03-26,1006.5,1009.2,2021-03-26T08:11:00,1003.6,2021-03-26T16:30:00,23.7,30.1,2021-03-26T14:21:00,18.5,2021-03-26T05:33:00,77.0,40.0,2021-03-26T14:21:00,2.0,3.0,8.7,175.0,2021-03-26T16:31:00,0.0,,,,,,,,,,,,,,,,0.0,,,,0,,99.0,2021-03-26T05:12:00,,,,,,,,,,,,,,,,,,,,,,,,,,,,,,,,,,,,,,,,,,,,,,,,,,,,,,,,,,,,,,,,,,,,,,,,,,
2021-03-27,1003.8,1006.5,2021-03-27T08:25:00,1000.5,2021-03-27T16:55:00,25.5,30.8,2021-03-27T15:11:00,21.5,2021-03-27T04:41:00,82.0,49.0,2021-03-27T15:11:00,1.9,9.0,8.5,271.0,2021-03-27T13:44:00,0.0,,,,,,,,,,,,,,,,0.0,,,,0,,99.0,2021-03-27T04:02:00,,,,,,,,,,,,,,,,,,,,,,,,,,,,,,,,,,,,,,,,,,,,,,,,,,,,,,,,,,,,,,,,,,,,,,,,,,
2021-03-28,1001.0,1003.3,2021-03-28T00:01:00,998.3,2021-03-28T15:19:00,26.5,31.5,2021-03-28T13:03:00,22.5,2021-03-28T06:11:00,75.0,53.0,2021-03-28T13:03:00,2.3,20.0,9.7,298.0,2021-03-28T15:59:00,0.0,,,,,,,,,,,,,,,,0.0,,,,0,,99.0,2021-03-28T04:21:00,,,,,,,,,,,,,,,,,,,,,,,,,,,,,,,,,,,,,,,,,,,,,,,,,,,,,,,,,,,,,,,,,,,,,,,,,,
2021-03-29,1000.3,1002.2,2021-03-29T08:01:00,997.6,2021-03-29T15:33:00,25.8,30.8,2021-03-29T12:41:00,21.8,2021-03-29T06:05:00,84.0,49.0,2021-03-29T11:26:00,2.2,19.0,7.9,256.0,2021-03-29T14:51:00,0.0,,,,,,,,,,,,,,,,0.0,,,,0,,99.0,2021-03-29T05:55:00,,,,,,,,,,,,,,,,,,,,,,,,,,,,,,,,,,,,,,,,,,,,,,,,,,,,,,,,,,,,,,,,,,,,,,,,,,
2021-03-30,999.4,1001.0,2021-03-30T08:12:00,997.3,2021-03-30T14:31:00,26.6,32.5,2021-03-30T12:23:00,23.5,2021-03-30T05:43:00,86.0,51.0,2021-03-30T12:11:00,1.8,20.0,9.0,310.0,2021-03-30T15:09:00,0.0,,,,,,,,,,,,,,,,0.0,,,,0,,99.0,2021-03-30T00:11:00,,,,,,,,,,,,,,,,,,,,,,,,,,,,,,,,,,,,,,,,,,,,,,,,,,,,,,,,,,,,,,,,,,,,,,,,,,
2021-03-31,999.7,1001.5,2021-03-31T08:33:00,997.8,2021-03-31T14:42:00,26.8,32.2,2021-03-31T14:02:00,23.5,2021-03-31T06:15:00,84.0,48.0,2021-03-31T11:56:00,1.7,265.0,8.3,271.0,2021-03-31T15:35:00,0.0,,,,,,,,,,,,,,,,0.0,,,,0,,99.0,2021-03-31T06:15:00,,,,,,,,,,,,,,,,,,,,,,,,,,,,,,,,,,,,,,,,,,,,,,,,,,,,,,,,,,,,,,,,,,,,,,,,,,
2021-04-01,1000.5,1002.7,2021-04-01T08:11:00,998.5,2021-04-01T15:18:00,26.9,33.0,2021-04-01T13:12:00,23.5,2021-04-01T03:44:00,84.0,47.0,2021-04-01T13:13:00,1.8,274.0,8.1,260.0,2021-04-01T15:18:00,0.0,,,,,,,,,,,,,,,,0.0,,,,0,,99.0,2021-04-01T03:34:00,,,,,,,,,,,,,,,,,,,,,,,,,,,,,,,,,,,,,,,,,,,,,,,,,,,,,,,,,,,,,,,,,,,,,,,,,,
2021-04-02,1002.0,1004.0,2021-04-02T08:24:00,1000.0,2021-04-02T14:27:00,27.4,34.0,2021-04-02T12:42:00,22.7,2021-04-02T06:11:00,78.0,41.0,2021-04-02T13:21:00,2.2,4.0,10.5,272.0,2021-04-02T14:38:00,0.0,,,,,,,,,,,,,,,,0.0,,,,0,,99.0,2021-04-02T03:11:00,,,,,,,,,,,,,,,,,,,,,,,,,,,,,,,,,,,,,,,,,,,,,,,,,,,,,,,,,,,,,,,,,,,,,,,,,,
2021-04-03,1003.1,1004.5,2021-04-03T08:03:00,1001.0,2021-04-03T15:21:00,26.9,32.5,2021-04-03T12:05:00,22.7,2021-04-03T06:11:00,79.0,47.0,2021-04-03T12:08:00,2.2,359.0,8.8,268.0,2021-04-03T14:51:00,0.0,,,,,,,,,,,,,,,,0.0,,,,0,,99.0,2021-04-03T03:27:00,,,,,,,,,,,,,,,,,,,,,,,,,,,,,,,,,,,,,,,,,,,,,,,,,,,,,,,,,,,,,,,,,,,,,,,,,,
2021-04-04,1004.5,1006.3,2021-04-04T22:41:00,1002.5,2021-04-04T14:55:00,26.6,31.8,2021-04-04T12:27:00,23.0,2021-04-04T04:33:00,77.0,45.0,2021-04-04T12:51:00,2.0,6.0,7.5,269.0,2021-04-04T14:23:00,0.0,,,,,,,,,,,,,,,,0.0,,,,0,,99.0,2021-04-04T03:41:00,,,,,,,,,,,,,,,,,,,,,,,,,,,,,,,,,,,,,,,,,,,,,,,,,,,,,,,,,,,,,,,,,,,,,,,,,,
2021-04-05,1007.6,1009.2,2021-04-05T09:01:00,1006.0,2021-04-05T00:52:00,24.6,28.0,2021-04-05T14:32:00,22.5,2021-04-05T04:44:00,83.0,58.0,2021-04-05T14:35:00,2.0,244.0,6.9,267.0,2021-04-05T15:30:00,0.0,,,,,,,,,,,,,,,,0.0,,,,0,,99.0,2021-04-05T20:11:00,,,,,,,,,,,,,,,,,,,,,,,,,,,,,,,,,,,,,,,,,,,,,,,,,,,,,,,,,,,,,,,,,,,,,,,,,,
2021-04-06,1008.5,1010.5,2021-04-06T21:55:00,1006.8,2021-04-06T15:21:00,23.0,26.0,2021-04-06T10:21:00,21.6,2021-04-06T06:17:00,95.0,74.0,2021-04-06T10:21:00,1.7,127.0,5.8,145.0,2021-04-06T14:33:00,0.0,,,,,,,,,,,,,,,,0.0,,,,0,,99.0,2021-04-06T18:31:00,,,,,,,,,,,,,,,,,,,,,,,,,,,,,,,,,,,,,,,,,,,,,,,,,,,,,,,,,,,,,,,,,,,,,,,,,,
2021-04-07,1007.2,1009.6,2021-04-07T00:01:00,1005.3,2021-04-07T16:11:00,23.3,25.5,2021-04-07T11:54:00,22.0,2021-04-07T06:08:00,94.0,79.0,2021-04-07T11:54:00,1.3,1.0,5.6,261.0,2021-04-07T14:34:00,0.0,,,,,,,,,,,,,,,,0.0,,,,0,,99.0,2021-04-07T01:41:00,,,,,,,,,,,,,,,,,,,,,,,,,,,,,,,,,,,,,,,,,,,,,,,,,,,,,,,,,,,,,,,,,,,,,,,,,,
2021-04-08,1005.4,1007.2,2021-04-08T08:14:00,1002.8,2021-04-08T15:55:00,23.0,28.2,2021-04-08T11:32:00,20.1,2021-04-08T23:32:00,89.0,50.0,2021-04-08T11:52:00,1.7,1.0,9.3,162.0,2021-04-08T15:55:00,0.0,,,,,,,,,,,,,,,,0.0,,,,0,,99.0,2021-04-08T04:31:00,,,,,,,,,,,,,,,,,,,,,,,,,,,,,,,,,,,,,,,,,,,,,,,,,,,,,,,,,,,,,,,,,,,,,,,,,,
2021-04-09,1007.2,1009.0,2021-04-09T22:56:00,1005.1,2021-04-09T03:05:00,22.2,26.2,2021-04-09T12:32:00,19.0,2021-04-09T05:07:00,82.0,58.0,2021-04-09T12:32:00,1.8,5.0,5.9,338.0,2021-04-09T13:05:00,0.0,,,,,,,,,,,,,,,,0.0,,,,0,,99.0,2021-04-09T03:42:00,,,,,,,,,,,,,,,,,,,,,,,,,,,,,,,,,,,,,,,,,,,,,,,,,,,,,,,,,,,,,,,,,,,,,,,,,,
2021-04-10,1009.3,1011.0,2021-04-10T07:51:00,1007.2,2021-04-10T15:54:00,23.3,28.8,2021-04-10T12:07:00,18.5,2021-04-10T05:14:00,78.0,47.0,2021-04-10T15:11:00,1.8,347.0,9.1,258.0,2021-04-10T12:25:00,0.0,,,,,,,,,,,,,,,,0.0,,,,0,,99.0,2021-04-10T04:31:00,,,,,,,,,,,,,,,,,,,,,,,,,,,,,,,,,,,,,,,,,,,,,,,,,,,,,,,,,,,,,,,,,,,,,,,,,,
2021-04-11,1009.8,1011.5,2021-04-11T07:12:00,1008.0,2021-04-11T14:09:00,24.3,30.0,2021-04-11T12:21:00,19.1,2021-04-11T05:37:00,75.0,44.0,2021-04-11T12:31:00,1.7,4.0,8.5,247.0,2021-04-11T14:09:00,0.0,,,,,,,,,,,,,,,,0.0,,,,0,,99.0,2021-04-11T03:31:00,,,,,,,,,,,,,,,,,,,,,,,,,,,,,,,,,,,,,,,,,,,,,,,,,,,,,,,,,,,,,,,,,,,,,,,,,,
2021-04-12,1007.8,1010.5,2021-04-12T08:02:00,1005.0,2021-04-12T15:33:00,25.4,31.0,2021-04-12T13:51:00,20.5,2021-04-12T06:22:00,73.0,45.0,2021-04-12T15:36:00,1.7,4.0,9.0,265.0,2021-04-12T14:22:00,0.0,,,,,,,,,,,,,,,,0.0,,,,0,,99.0,2021-04-12T03:34:00,,,,,,,,,,,,,,,,,,,,,,,,,,,,,,,,,,,,,,,,,,,,,,,,,,,,,,,,,,,,,,,,,,,,,,,,,,
2021-04-13,1005.7,1007.5,2021-04-13T07:28:00,1003.5,2021-04-13T15:11:00,26.0,31.5,2021-04-13T12:01:00,21.2,2021-04-13T04:52:00,78.0,46.0,2021-04-13T12:01:00,2.1,1.0,9.3,264.0,2021-04-13T14:16:00,0.0,,,,,,,,,,,,,,,,0.0,,,,0,,99.0,2021-04-13T05:01:00,,,,,,,,,,,,,,,,,,,,,,,,,,,,,,,,,,,,,,,,,,,,,,,,,,,,,,,,,,,,,,,,,,,,,,,,,,
2021-04-14,1004.8,1006.5,2021-04-14T09:31:00,1002.7,2021-04-14T15:42:00,26.0,30.1,2021-04-14T11:31:00,22.6,2021-04-14T23:22:00,79.0,54.0,2021-04-14T13:14:00,2.4,265.0,8.9,252.0,2021-04-14T14:45:00,0.0,,,,,,,,,,,,,,,,0.0,,,,0,,99.0,2021-04-14T03:17:00,,,,,,,,,,,,,,,,,,,,,,,,,,,,,,,,,,,,,,,,,,,,,,,,,,,,,,,,,,,,,,,,,,,,,,,,,,
2021-04-15,1004.1,1005.7,2021-04-15T09:14:00,1001.1,2021-04-15T15:23:00,25.7,31.1,2021-04-15T14:42:00,21.0,2021-04-15T05:31:00,76.0,46.0,2021-04-15T15:42:00,1.9,322.0,9.6,340.0,2021-04-15T13:43:00,0.0,,,,,,,,,,,,,,,,0.0,,,,0,,99.0,2021-04-15T05:31:00,,,,,,,,,,,,,,,,,,,,,,,,,,,,,,,,,,,,,,,,,,,,,,,,,,,,,,,,,,,,,,,,,,,,,,,,,,
2021-04-16,1004.8,1006.2,2021-04-16T22:21:00,1003.1,2021-04-16T13:55:00,25.9,31.2,2021-04-16T12:01:00,21.1,2021-04-16T04:52:00,75.0,48.0,2021-04-16T12:06:00,2.0,4.0,8.0,250.0,2021-04-16T13:41:00,0.0,,,,,,,,,,,,,,,,0.0,,,,0,,99.0,2021-04-16T04:31:00,,,,,,,,,,,,,,,,,,,,,,,,,,,,,,,,,,,,,,,,,,,,,,,,,,,,,,,,,,,,,,,,,,,,,,,,,,
2021-04-17,1005.5,1006.8,2021-04-17T21:38:00,1003.0,2021-04-17T14:42:00,26.6,32.7,2021-04-17T13:24:00,22.3,2021-04-17T04:45:00,74.0,41.0,2021-04-17T13:32:00,2.8,7.0,10.1,177.0,2021-04-17T15:11:00,0.0,,,,,,,,,,,,,,,,0.0,,,,0,,99.0,2021-04-17T03:55:00,,,,,,,,,,,,,,,,,,,,,,,,,,,,,,,,,,,,,,,,,,,,,,,,,,,,,,,,,,,,,,,,,,,,,,,,,,
2021-04-18,1005.2,1006.5,2021-04-18T06:32:00,1002.2,2021-04-18T14:55:00,25.4,29.8,2021-04-18T14:12:00,21.7,2021-04-18T22:33:00,75.0,49.0,2021-04-18T13:42:00,2.5,266.0,10.4,273.0,2021-04-18T15:18:00,0.0,,,,,,,,,,,,,,,,0.0,,,,0,,99.0,2021-04-18T19:39:00,,,,,,,,,,,,,,,,,,,,,,,,,,,,,,,,,,,,,,,,,,,,,,,,,,,,,,,,,,,,,,,,,,,,,,,,,,
2021-04-19,1004.3,1005.7,2021-04-19T00:01:00,1002.6,2021-04-19T14:32:00,23.6,27.8,2021-04-19T12:03:00,21.6,2021-04-19T22:41:00,87.0,56.0,2021-04-19T12:03:00,1.9,135.0,6.8,156.0,2021-04-19T15:07:00,0.0,,,,,,,,,,,,,,,,0.0,,,,0,,99.0,2021-04-19T21:01:00,,,,,,,,,,,,,,,,,,,,,,,,,,,,,,,,,,,,,,,,,,,,,,,,,,,,,,,,,,,,,,,,,,,,,,,,,,
2021-04-20,1003.6,1005.1,2021-04-20T08:36:00,1001.5,2021-04-20T15:12:00,25.5,30.2,2021-04-20T15:02:00,21.8,2021-04-20T00:21:00,76.0,48.0,2021-04-20T12:43:00,1.8,11.0,8.5,311.0,2021-04-20T14:09:00,0.0,,,,,,,,,,,,,,,,0.0,,,,0,,99.0,2021-04-20T00:01:00,,,,,,,,,,,,,,,,,,,,,,,,,,,,,,,,,,,,,,,,,,,,,,,,,,,,,,,,,,,,,,,,,,,,,,,,,,
2021-04-21,1001.6,1002.5,2021-04-21T21:53:00,1000.0,2021-04-21T00:01:00,27.0,30.1,2021-04-21T00:01:00,24.7,2021-04-21T23:51:00,64.0,55.0,2021-04-21T00:06:00,1.6,287.0,7.1,269.0,2021-04-21T00:06:00,0.0,,,,,,,,,,,,,,,,0.0,,,,0,,76.0,2021-04-21T23:51:00,,,,,,,,,,,,,,,,,,,,,,,,,,,,,,,,,,,,,,,,,,,,,,,,,,,,,,,,,,,,,,,,,,,,,,,,,,
2021-04-22,999.3,1001.5,2021-04-22T08:08:00,996.7,2021-04-22T15:02:00,26.6,32.0,2021-04-22T12:03:00,22.5,2021-04-22T05:15:00,80.0,47.0,2021-04-22T12:03:00,2.0,4.0,9.9,260.0,2021-04-22T12:44:00,0.0,,,,,,,,,,,,,,,,0.0,,,,0,,99.0,2021-04-22T03:18:00,,,,,,,,,,,,,,,,,,,,,,,,,,,,,,,,,,,,,,,,,,,,,,,,,,,,,,,,,,,,,,,,,,,,,,,,,,
2021-04-23,998.6,1000.7,2021-04-23T22:21:00,995.7,2021-04-23T15:31:00,26.6,32.5,2021-04-23T15:21:00,22.5,2021-04-23T04:55:00,80.0,45.0,2021-04-23T15:01:00,2.9,7.0,11.1,335.0,2021-04-23T16:15:00,0.0,,,,,,,,,,,,,,,,0.0,,,,0,,99.0,2021-04-23T02:11:00,,,,,,,,,,,,,,,,,,,,,,,,,,,,,,,,,,,,,,,,,,,,,,,,,,,,,,,,,,,,,,,,,,,,,,,,,,
2021-04-24,1001.7,1003.3,2021-04-24T09:32:00,999.7,2021-04-24T15:59:00,26.6,30.5,2021-04-24T12:17:00,24.3,2021-04-24T06:32:00,80.0,50.0,2021-04-24T13:44:00,3.3,214.0,11.7,233.0,2021-04-24T14:12:00,0.0,,,,,,,,,,,,,,,,0.0,,,,0,,99.0,2021-04-24T00:32:00,,,,,,,,,,,,,,,,,,,,,,,,,,,,,,,,,,,,,,,,,,,,,,,,,,,,,,,,,,,,,,,,,,,,,,,,,,
2021-04-25,1004.0,1006.0,2021-04-25T22:05:00,1001.5,2021-04-25T02:11:00,23.5,27.6,2021-04-25T10:51:00,20.5,2021-04-25T14:42:00,95.0,69.0,2021-04-25T11:03:00,1.7,4.0,8.5,265.0,2021-04-25T12:03:00,1.0,,,,,,,,,,,,,,,,0.0,,,,0,,99.0,2021-04-25T14:39:00,,,,,,,,,,,,,,,,,,,,,,,,,,,,,,,,,,,,,,,,,,,,,,,,,,,,,,,,,,,,,,,,,,,,,,,,,,
2021-04-26,1005.9,1008.2,2021-04-26T22:08:00,1004.2,2021-04-26T02:12:00,22.8,25.2,2021-04-26T13:43:00,21.5,2021-04-26T19:41:00,99.0,92.0,2021-04-26T13:24:00,1.6,12.0,8.8,268.0,2021-04-26T14:29:00,0.5,,,,,,,,,,,,,,,,0.5,2021-04-26T17:00:00,,,0,,99.0,2021-04-26T00:01:00,,,,,,,,,,,,,,,,,,,,,,,,,,,,,,,,,,,,,,,,,,,,,,,,,,,,,,,,,,,,,,,,,,,,,,,,,,
2021-04-27,1007.5,1009.0,2021-04-27T22:42:00,1006.0,2021-04-27T14:34:00,23.7,27.7,2021-04-27T13:51:00,21.3,2021-04-27T02:51:00,96.0,77.0,2021-04-27T13:51:00,1.6,276.0,9.3,343.0,2021-04-27T15:09:00,1.0,,,,,,,,,,,,,,,,0.5,2021-04-27T02:00:00,,,0,,99.0,2021-04-27T02:51:00,,,,,,,,,,,,,,,,,,,,,,,,,,,,,,,,,,,,,,,,,,,,,,,,,,,,,,,,,,,,,,,,,,,,,,,,,,
2021-04-28,1006.9,1008.6,2021-04-28T08:23:00,1004.7,2021-04-28T15:12:00,24.8,29.1,2021-04-28T13:01:00,21.7,2021-04-28T06:32:00,85.0,53.0,2021-04-28T13:01:00,1.5,260.0,6.8,276.0,2021-04-28T16:10:00,0.0,,,,,,,,,,,,,,,,0.0,,,,0,,99.0,2021-04-28T06:32:00,,,,,,,,,,,,,,,,,,,,,,,,,,,,,,,,,,,,,,,,,,,,,,,,,,,,,,,,,,,,,,,,,,,,,,,,,,
2021-04-29,1004.5,1006.0,2021-04-29T00:01:00,1002.8,2021-04-29T17:06:00,23.4,25.3,2021-04-29T15:54:00,21.5,2021-04-29T08:31:00,99.0,99.0,2021-04-29T16:05:00,1.6,2.0,5.3,354.0,2021-04-29T12:33:00,5.0,,,,,,,,,,,,,,,,1.5,2021-04-29T09:00:00,,,0,,99.0,2021-04-29T06:21:00,,,,,,,,,,,,,,,,,,,,,,,,,,,,,,,,,,,,,,,,,,,,,,,,,,,,,,,,,,,,,,,,,,,,,,,,,,
2021-04-30,1004.2,1005.6,2021-04-30T09:02:00,1002.5,2021-04-30T14:59:00,25.1,30.2,2021-04-30T12:11:00,21.5,2021-04-30T05:50:00,84.0,52.0,2021-04-30T14:31:00,2.3,2.0,8.0,238.0,2021-04-30T14:59:00,0.0,,,,,,,,,,,,,,,,0.0,,,,0,,99.0,2021-04-30T03:01:00,,,,,,,,,,,,,,,,,,,,,,,,,,,,,,,,,,,,,,,,,,,,,,,,,,,,,,,,,,,,,,,,,,,,,,,,,,
2021-05-01,1004.7,1006.3,2021-05-01T08:06:00,1003.3,2021-05-01T03:31:00,25.6,31.0,2021-05-01T13:53:00,21.6,2021-05-01T05:32:00,74.0,43.0,2021-05-01T10:01:00,1.3,56.0,7.5,266.0,2021-05-01T14:53:00,0.0,,,,,,,,,,,,,,,,0.0,,,,0,,99.0,2021-05-01T03:43:00,,,,,,,,,,,,,,,,,,,,,,,,,,,,,,,,,,,,,,,,,,,,,,,,,,,,,,,,,,,,,,,,,,,,,,,,,,
2021-05-02,1006.1,1007.5,2021-05-02T08:54:00,1004.2,2021-05-02T15:52:00,26.5,31.6,2021-05-02T15:52:00,21.2,2021-05-02T04:22:00,72.0,45.0,2021-05-02T12:01:00,2.1,246.0,8.5,256.0,2021-05-02T12:52:00,0.0,,,,,,,,,,,,,,,,0.0,,,,0,,99.0,2021-05-02T04:22:00,,,,,,,,,,,,,,,,,,,,,,,,,,,,,,,,,,,,,,,,,,,,,,,,,,,,,,,,,,,,,,,,,,,,,,,,,,
2021-05-03,1005.7,1007.5,2021-05-03T08:41:00,1003.6,2021-05-03T15:31:00,25.6,29.5,2021-05-03T14:11:00,23.3,2021-05-03T06:02:00,92.0,55.0,2021-05-03T14:11:00,1.4,14.0,5.2,263.0,2021-05-03T16:47:00,0.0,,,,,,,,,,,,,,,,0.0,,,,0,,99.0,2021-05-03T03:43:00,,,,,,,,,,,,,,,,,,,,,,,,,,,,,,,,,,,,,,,,,,,,,,,,,,,,,,,,,,,,,,,,,,,,,,,,,,
2021-05-04,1004.0,1005.6,2021-05-04T07:57:00,1001.5,2021-05-04T16:26:00,27.5,32.3,2021-05-04T13:43:00,23.5,2021-05-04T01:36:00,80.0,52.0,2021-05-04T13:42:00,3.1,221.0,12.4,219.0,2021-05-04T14:31:00,0.0,,,,,,,,,,,,,,,,0.0,,,,0,,99.0,2021-05-04T01:33:00,,,,,,,,,,,,,,,,,,,,,,,,,,,,,,,,,,,,,,,,,,,,,,,,,,,,,,,,,,,,,,,,,,,,,,,,,,
2021-05-05,1004.9,1007.0,2021-05-05T22:21:00,1003.0,2021-05-05T16:25:00,28.4,34.0,2021-05-05T11:42:00,24.1,2021-05-05T04:22:00,78.0,46.0,2021-05-05T11:42:00,1.8,268.0,10.9,256.0,2021-05-05T13:35:00,0.0,,,,,,,,,,,,,,,,0.0,,,,0,,99.0,2021-05-05T03:23:00,,,,,,,,,,,,,,,,,,,,,,,,,,,,,,,,,,,,,,,,,,,,,,,,,,,,,,,,,,,,,,,,,,,,,,,,,,
2021-05-06,1006.4,1008.0,2021-05-06T07:11:00,1004.6,2021-05-06T15:24:00,28.1,32.8,2021-05-06T12:51:00,23.3,2021-05-06T05:54:00,76.0,50.0,2021-05-06T11:36:00,2.1,256.0,8.9,246.0,2021-05-06T11:40:00,0.0,,,,,,,,,,,,,,,,0.0,,,,0,,99.0,2021-05-06T04:41:00,,,,,,,,,,,,,,,,,,,,,,,,,,,,,,,,,,,,,,,,,,,,,,,,,,,,,,,,,,,,,,,,,,,,,,,,,,
2021-05-07,1004.8,1007.2,2021-05-07T07:26:00,1002.0,2021-05-07T16:41:00,28.7,33.5,2021-05-07T12:14:00,24.6,2021-05-07T03:43:00,76.0,47.0,2021-05-07T11:35:00,2.2,264.0,9.9,265.0,2021-05-07T13:56:00,0.0,,,,,,,,,,,,,,,,0.0,,,,0,,99.0,2021-05-07T05:03:00,,,,,,,,,,,,,,,,,,,,,,,,,,,,,,,,,,,,,,,,,,,,,,,,,,,,,,,,,,,,,,,,,,,,,,,,,,
2021-05-08,1002.2,1003.8,2021-05-08T00:01:00,999.6,2021-05-08T15:39:00,28.8,33.7,2021-05-08T13:33:00,25.0,2021-05-08T05:36:00,80.0,41.0,2021-05-08T13:15:00,2.5,210.0,9.2,217.0,2021-05-08T13:27:00,0.0,,,,,,,,,,,,,,,,0.0,,,,0,,99.0,2021-05-08T02:23:00,,,,,,,,,,,,,,,,,,,,,,,,,,,,,,,,,,,,,,,,,,,,,,,,,,,,,,,,,,,,,,,,,,,,,,,,,,
2021-05-09,1001.6,1003.8,2021-05-09T21:44:00,998.6,2021-05-09T16:11:00,28.8,34.3,2021-05-09T13:42:00,24.6,2021-05-09T04:11:00,72.0,46.0,2021-05-09T12:41:00,2.2,46.0,9.6,266.0,2021-05-09T14:47:00,0.0,,,,,,,,,,,,,,,,0.0,,,,0,,99.0,2021-05-09T00:47:00,,,,,,,,,,,,,,,,,,,,,,,,,,,,,,,,,,,,,,,,,,,,,,,,,,,,,,,,,,,,,,,,,,,,,,,,,,
2021-05-10,1001.6,1003.8,2021-05-10T09:01:00,999.6,2021-05-10T02:21:00,28.6,34.2,2021-05-10T14:13:00,25.2,2021-05-10T04:13:00,81.0,49.0,2021-05-10T12:25:00,2.3,11.0,8.5,268.0,2021-05-10T15:59:00,0.0,,,,,,,,,,,,,,,,0.0,,,,0,,99.0,2021-05-10T04:25:00,,,,,,,,,,,,,,,,,,,,,,,,,,,,,,,,,,,,,,,,,,,,,,,,,,,,,,,,,,,,,,,,,,,,,,,,,,
2021-05-11,1001.7,1003.6,2021-05-11T08:22:00,999.5,2021-05-11T15:31:00,29.0,35.2,2021-05-11T13:31:00,24.7,2021-05-11T05:36:00,74.0,38.0,2021-05-11T11:41:00,2.1,267.0,9.4,276.0,2021-05-11T13:46:00,0.0,,,,,,,,,,,,,,,,0.0,,,,0,,99.0,2021-05-11T00:01:00,,,,,,,,,,,,,,,,,,,,,,,,,,,,,,,,,,,,,,,,,,,,,,,,,,,,,,,,,,,,,,,,,,,,,,,,,,
2021-05-12,1001.4,1003.0,2021-05-12T22:44:00,998.7,2021-05-12T15:13:00,29.8,35.5,2021-05-12T12:22:00,24.8,2021-05-12T05:12:00,71.0,40.0,2021-05-12T12:22:00,1.9,274.0,9.4,301.0,2021-05-12T13:52:00,0.0,,,,,,,,,,,,,,,,0.0,,,,0,,99.0,2021-05-12T00:37:00,,,,,,,,,,,,,,,,,,,,,,,,,,,,,,,,,,,,,,,,,,,,,,,,,,,,,,,,,,,,,,,,,,,,,,,,,,
2021-05-13,1001.8,1003.3,2021-05-13T07:52:00,999.8,2021-05-13T14:29:00,29.8,35.0,2021-05-13T12:03:00,25.6,2021-05-13T05:20:00,81.0,44.0,2021-05-13T11:31:00,2.5,181.0,9.0,247.0,2021-05-13T12:07:00,0.0,,,,,,,,,,,,,,,,0.0,,,,0,,99.0,2021-05-13T04:11:00,,,,,,,,,,,,,,,,,,,,,,,,,,,,,,,,,,,,,,,,,,,,,,,,,,,,,,,,,,,,,,,,,,,,,,,,,,
2021-05-14,1002.0,1003.2,2021-05-14T07:34:00,999.7,2021-05-14T14:11:00,29.8,36.3,2021-05-14T13:01:00,25.2,2021-05-14T05:05:00,71.0,36.0,2021-05-14T15:19:00,2.3,5.0,11.5,238.0,2021-05-14T15:19:00,0.0,,,,,,,,,,,,,,,,0.0,,,,0,,99.0,2021-05-14T03:02:00,,,,,,,,,,,,,,,,,,,,,,,,,,,,,,,,,,,,,,,,,,,,,,,,,,,,,,,,,,,,,,,,,,,,,,,,,,
2021-05-15,1001.8,1003.5,2021-05-15T08:11:00,1000.0,2021-05-15T15:42:00,29.7,34.8,2021-05-15T13:12:00,24.6,2021-05-15T04:57:00,70.0,43.0,2021-05-15T13:12:00,3.5,215.0,12.5,243.0,2021-05-15T13:34:00,0.0,,,,,,,,,,,,,,,,0.0,,,,0,,99.0,2021-05-15T02:44:00,,,,,,,,,,,,,,,,,,,,,,,,,,,,,,,,,,,,,,,,,,,,,,,,,,,,,,,,,,,,,,,,,,,,,,,,,,
2021-05-16,1002.2,1004.0,2021-05-16T08:02:00,999.7,2021-05-16T14:35:00,29.8,34.6,2021-05-16T13:24:00,25.3,2021-05-16T04:52:00,79.0,44.0,2021-05-16T12:13:00,2.4,203.0,9.4,249.0,2021-05-16T14:35:00,0.0,,,,,,,,,,,,,,,,0.0,,,,0,,99.0,2021-05-16T04:12:00,,,,,,,,,,,,,,,,,,,,,,,,,,,,,,,,,,,,,,,,,,,,,,,,,,,,,,,,,,,,,,,,,,,,,,,,,,
2021-05-17,1002.7,1004.5,2021-05-17T07:22:00,1000.7,2021-05-17T15:35:00,29.8,34.3,2021-05-17T12:12:00,26.3,2021-05-17T04:02:00,80.0,50.0,2021-05-17T13:36:00,2.4,268.0,8.6,255.0,2021-05-17T14:10:00,0.0,,,,,,,,,,,,,,,,0.0,,,,0,,99.0,2021-05-17T00:32:00,,,,,,,,,,,,,,,,,,,,,,,,,,,,,,,,,,,,,,,,,,,,,,,,,,,,,,,,,,,,,,,,,,,,,,,,,,
2021-05-18,1002.5,1004.5,2021-05-18T07:34:00,1000.0,2021-05-18T16:20:00,29.7,33.8,2021-05-18T12:43:00,27.2,2021-05-18T05:51:00,80.0,49.0,2021-05-18T12:43:00,3.3,188.0,10.9,178.0,2021-05-18T14:08:00,0.0,,,,,,,,,,,,,,,,0.0,,,,0,,99.0,2021-05-18T01:05:00,,,,,,,,,,,,,,,,,,,,,,,,,,,,,,,,,,,,,,,,,,,,,,,,,,,,,,,,,,,,,,,,,,,,,,,,,,
2021-05-19,1001.4,1003.0,2021-05-19T22:31:00,999.0,2021-05-19T15:01:00,29.8,34.2,2021-05-19T11:51:00,26.6,2021-05-19T05:37:00,83.0,44.0,2021-05-19T14:51:00,3.2,109.0,11.9,202.0,2021-05-19T14:14:00,0.0,,,,,,,,,,,,,,,,0.0,,,,0,,99.0,2021-05-19T01:01:00,,,,,,,,,,,,,,,,,,,,,,,,,,,,,,,,,,,,,,,,,,,,,,,,,,,,,,,,,,,,,,,,,,,,,,,,,,
2021-05-20,1001.9,1003.0,2021-05-20T06:51:00,999.7,2021-05-20T14:36:00,30.4,34.8,2021-05-20T12:51:00,26.5,2021-05-20T05:15:00,70.0,37.0,2021-05-20T16:31:00,2.3,176.0,8.0,259.0,2021-05-20T12:23:00,0.0,,,,,,,,,,,,,,,,0.0,,,,0,,99.0,2021-05-20T00:01:00,,,,,,,,,,,,,,,,,,,,,,,,,,,,,,,,,,,,,,,,,,,,,,,,,,,,,,,,,,,,,,,,,,,,,,,,,,
2021-05-21,1001.3,1003.0,2021-05-21T07:52:00,999.0,2021-05-21T16:02:00,30.3,34.7,2021-05-21T12:25:00,26.2,2021-05-21T05:42:00,77.0,47.0,2021-05-21T14:21:00,1.8,266.0,10.1,271.0,2021-05-21T14:05:00,0.0,,,,,,,,,,,,,,,,0.0,,,,0,,99.0,2021-05-21T04:42:00,,,,,,,,,,,,,,,,,,,,,,,,,,,,,,,,,,,,,,,,,,,,,,,,,,,,,,,,,,,,,,,,,,,,,,,,,,
2021-05-22,1000.3,1002.0,2021-05-22T08:32:00,998.0,2021-05-22T14:25:00,30.4,34.8,2021-05-22T12:06:00,26.0,2021-05-22T05:11:00,77.0,47.0,2021-05-22T13:42:00,2.1,275.0,11.0,259.0,2021-05-22T13:42:00,0.0,,,,,,,,,,,,,,,,0.0,,,,0,,99.0,2021-05-22T01:02:00,,,,,,,,,,,,,,,,,,,,,,,,,,,,,,,,,,,,,,,,,,,,,,,,,,,,,,,,,,,,,,,,,,,,,,,,,,
2021-05-23,1001.0,1002.8,2021-05-23T22:13:00,999.2,2021-05-23T13:44:00,30.1,35.1,2021-05-23T11:01:00,27.0,2021-05-23T05:11:00,83.0,47.0,2021-05-23T11:01:00,1.9,62.0,10.1,268.0,2021-05-23T13:50:00,0.0,,,,,,,,,,,,,,,,0.0,,,,0,,99.0,2021-05-23T02:53:00,,,,,,,,,,,,,,,,,,,,,,,,,,,,,,,,,,,,,,,,,,,,,,,,,,,,,,,,,,,,,,,,,,,,,,,,,,
2021-05-24,1002.4,1004.0,2021-05-24T09:01:00,999.8,2021-05-24T15:33:00,29.7,34.7,2021-05-24T14:33:00,26.2,2021-05-24T06:22:00,79.0,46.0,2021-05-24T14:33:00,2.4,78.0,10.2,268.0,2021-05-24T15:35:00,0.0,,,,,,,,,,,,,,,,0.0,,,,0,,99.0,2021-05-24T05:31:00,,,,,,,,,,,,,,,,,,,,,,,,,,,,,,,,,,,,,,,,,,,,,,,,,,,,,,,,,,,,,,,,,,,,,,,,,,
2021-05-25,1002.6,1004.0,2021-05-25T08:51:00,1000.2,2021-05-25T14:11:00,28.6,35.3,2021-05-25T11:53:00,23.1,2021-05-25T16:02:00,87.0,45.0,2021-05-25T11:53:00,1.9,17.0,16.6,105.0,2021-05-25T15:38:00,16.5,,,,,,,,,,,,,,,,16.0,2021-05-25T16:00:00,,,0,,99.0,2021-05-25T16:21:00,,,,,,,,,,,,,,,,,,,,,,,,,,,,,,,,,,,,,,,,,,,,,,,,,,,,,,,,,,,,,,,,,,,,,,,,,,
2021-05-26,1002.3,1003.8,2021-05-26T07:33:00,1000.1,2021-05-26T16:48:00,29.1,33.2,2021-05-26T11:48:00,25.5,2021-05-26T04:56:00,87.0,57.0,2021-05-26T11:48:00,1.7,29.0,7.9,336.0,2021-05-26T14:02:00,0.0,,,,,,,,,,,,,,,,0.0,,,,0,,99.0,2021-05-26T00:32:00,,,,,,,,,,,,,,,,,,,,,,,,,,,,,,,,,,,,,,,,,,,,,,,,,,,,,,,,,,,,,,,,,,,,,,,,,,
2021-05-27,1002.0,1003.5,2021-05-27T08:42:00,1000.0,2021-05-27T15:21:00,29.9,34.5,2021-05-27T12:23:00,25.8,2021-05-27T05:13:00,76.0,45.0,2021-05-27T14:51:00,2.2,4.0,11.1,265.0,2021-05-27T13:58:00,0.0,,,,,,,,,,,,,,,,0.0,,,,0,,99.0,2021-05-27T02:22:00,,,,,,,,,,,,,,,,,,,,,,,,,,,,,,,,,,,,,,,,,,,,,,,,,,,,,,,,,,,,,,,,,,,,,,,,,,
2021-05-28,1001.9,1004.0,2021-05-28T08:43:00,1000.0,2021-05-28T15:31:00,29.9,34.5,2021-05-28T12:23:00,26.0,2021-05-28T04:01:00,83.0,49.0,2021-05-28T12:12:00,2.0,271.0,12.2,271.0,2021-05-28T13:18:00,0.0,,,,,,,,,,,,,,,,0.0,,,,0,,99.0,2021-05-28T04:01:00,,,,,,,,,,,,,,,,,,,,,,,,,,,,,,,,,,,,,,,,,,,,,,,,,,,,,,,,,,,,,,,,,,,,,,,,,,
2021-05-29,1000.3,1001.3,2021-05-29T00:03:00,998.8,2021-05-29T17:15:00,29.0,34.5,2021-05-29T11:55:00,25.7,2021-05-29T14:15:00,90.0,49.0,2021-05-29T09:17:00,1.6,1.0,12.0,269.0,2021-05-29T12:46:00,0.5,,,,,,,,,,,,,,,,0.5,2021-05-29T15:00:00,,,0,,99.0,2021-05-29T01:41:00,,,,,,,,,,,,,,,,,,,,,,,,,,,,,,,,,,,,,,,,,,,,,,,,,,,,,,,,,,,,,,,,,,,,,,,,,,
2021-05-30,998.6,1000.5,2021-05-30T08:37:00,997.1,2021-05-30T16:01:00,25.7,27.2,2021-05-30T00:08:00,24.5,2021-05-30T08:48:00,99.0,99.0,2021-05-30T01:56:00,1.7,31.0,7.0,3.0,2021-05-30T21:03:00,44.0,,,,,,,,,,,,,,,,12.0,2021-05-30T09:00:00,,,0,,99.0,2021-05-30T08:06:00,,,,,,,,,,,,,,,,,,,,,,,,,,,,,,,,,,,,,,,,,,,,,,,,,,,,,,,,,,,,,,,,,,,,,,,,,,
2021-05-31,998.2,1000.5,2021-05-31T22:31:00,996.7,2021-05-31T03:05:00,27.6,31.3,2021-05-31T16:51:00,24.8,2021-05-31T04:07:00,98.0,87.0,2021-05-31T17:11:00,1.3,9.0,7.0,267.0,2021-05-31T16:21:00,3.0,,,,,,,,,,,,,,,,2.0,2021-05-31T14:00:00,,,0,,99.0,2021-05-31T01:13:00,,,,,,,,,,,,,,,,,,,,,,,,,,,,,,,,,,,,,,,,,,,,,,,,,,,,,,,,,,,,,,,,,,,,,,,,,,
2021-06-01,1000.1,1001.5,2021-06-01T22:01:00,998.6,2021-06-01T02:31:00,26.8,32.0,2021-06-01T10:44:00,24.5,2021-06-01T05:21:00,98.0,80.0,2021-06-01T11:02:00,2.1,211.0,10.5,211.0,2021-06-01T11:24:00,26.0,,,,,,,,,,,,,,,,9.0,2021-06-01T15:00:00,,,0,,99.0,2021-06-01T03:56:00,,,,,,,,,,,,,,,,,,,,,,,,,,,,,,,,,,,,,,,,,,,,,,,,,,,,,,,,,,,,,,,,,,,,,,,,,,
2021-06-02,1000.7,1002.2,2021-06-02T21:46:00,998.5,2021-06-02T16:01:00,29.5,34.0,2021-06-02T11:43:00,25.0,2021-06-02T05:31:00,83.0,52.0,2021-06-02T14:11:00,2.4,208.0,10.5,232.0,2021-06-02T12:10:00,0.0,,,,,,,,,,,,,,,,0.0,,,,0,,99.0,2021-06-02T00:01:00,,,,,,,,,,,,,,,,,,,,,,,,,,,,,,,,,,,,,,,,,,,,,,,,,,,,,,,,,,,,,,,,,,,,,,,,,,
2021-06-03,999.1,1001.5,2021-06-03T00:01:00,996.3,2021-06-03T16:12:00,30.1,34.7,2021-06-03T13:31:00,25.0,2021-06-03T05:10:00,76.0,45.0,2021-06-03T16:32:00,2.8,227.0,9.7,224.0,2021-06-03T15:49:00,0.0,,,,,,,,,,,,,,,,0.0,,,,0,,99.0,2021-06-03T01:44:00,,,,,,,,,,,,,,,,,,,,,,,,,,,,,,,,,,,,,,,,,,,,,,,,,,,,,,,,,,,,,,,,,,,,,,,,,,
2021-06-04,996.7,999.0,2021-06-04T06:41:00,993.3,2021-06-04T15:50:00,29.5,33.3,2021-06-04T13:03:00,26.2,2021-06-04T22:27:00,86.0,54.0,2021-06-04T13:13:00,3.5,180.0,11.2,227.0,2021-06-04T13:18:00,12.0,,,,,,,,,,,,,,,,5.0,2021-06-04T23:00:00,,,0,,99.0,2021-06-04T20:11:00,,,,,,,,,,,,,,,,,,,,,,,,,,,,,,,,,,,,,,,,,,,,,,,,,,,,,,,,,,,,,,,,,,,,,,,,,,
2021-06-05,997.5,1000.0,2021-06-05T08:54:00,995.8,2021-06-05T04:08:00,25.3,28.7,2021-06-05T16:01:00,23.5,2021-06-05T08:01:00,99.0,99.0,2021-06-05T15:53:00,2.1,209.0,12.8,271.0,2021-06-05T16:12:00,94.0,,,,,,,,,,,,,,,,19.0,2021-06-05T20:00:00,,,0,,99.0,2021-06-05T12:28:00,,,,,,,,,,,,,,,,,,,,,,,,,,,,,,,,,,,,,,,,,,,,,,,,,,,,,,,,,,,,,,,,,,,,,,,,,,
2021-06-06,999.2,1001.7,2021-06-06T19:11:00,996.1,2021-06-06T02:46:00,23.8,25.4,2021-06-06T22:43:00,22.5,2021-06-06T15:23:00,99.0,99.0,2021-06-06T22:35:00,3.3,25.0,15.6,190.0,2021-06-06T13:37:00,268.5,,,,,,,,,,,,,,,,47.5,2021-06-06T03:00:00,,,0,,99.0,2021-06-06T16:03:00,,,,,,,,,,,,,,,,,,,,,,,,,,,,,,,,,,,,,,,,,,,,,,,,,,,,,,,,,,,,,,,,,,,,,,,,,,
2021-06-07,1002.0,1004.2,2021-06-07T09:51:00,1000.2,2021-06-07T01:51:00,26.0,30.3,2021-06-07T16:01:00,22.4,2021-06-07T10:53:00,96.0,77.0,2021-06-07T15:01:00,1.5,27.0,13.3,266.0,2021-06-07T09:30:00,12.5,,,,,,,,,,,,,,,,12.0,2021-06-07T10:00:00,,,0,,99.0,2021-06-07T10:53:00,,,,,,,,,,,,,,,,,,,,,,,,,,,,,,,,,,,,,,,,,,,,,,,,,,,,,,,,,,,,,,,,,,,,,,,,,,
2021-06-08,1002.0,1003.3,2021-06-08T09:31:00,998.9,2021-06-08T15:58:00,27.7,34.0,2021-06-08T14:11:00,24.4,2021-06-08T05:49:00,88.0,48.0,2021-06-08T14:25:00,2.3,9.0,10.1,7.0,2021-06-08T16:47:00,0.0,,,,,,,,,,,,,,,,0.0,,,,0,,99.0,2021-06-08T00:31:00,,,,,,,,,,,,,,,,,,,,,,,,,,,,,,,,,,,,,,,,,,,,,,,,,,,,,,,,,,,,,,,,,,,,,,,,,,
2021-06-09,1000.8,1002.3,2021-06-09T00:01:00,998.6,2021-06-09T15:03:00,27.7,34.1,2021-06-09T13:24:00,24.4,2021-06-09T05:09:00,87.0,49.0,2021-06-09T12:25:00,2.1,8.0,11.0,118.0,2021-06-09T16:17:00,0.5,,,,,,,,,,,,,,,,0.5,2021-06-09T18:00:00,,,0,,99.0,2021-06-09T06:14:00,,,,,,,,,,,,,,,,,,,,,,,,,,,,,,,,,,,,,,,,,,,,,,,,,,,,,,,,,,,,,,,,,,,,,,,,,,
2021-06-10,999.3,1001.5,2021-06-10T00:02:00,996.9,2021-06-10T15:23:00,28.2,33.8,2021-06-10T12:42:00,24.7,2021-06-10T05:01:00,87.0,51.0,2021-06-10T12:42:00,1.7,17.0,8.6,268.0,2021-06-10T14:09:00,7.0,,,,,,,,,,,,,,,,7.0,2021-06-10T17:00:00,,,0,,99.0,2021-06-10T00:01:00,,,,,,,,,,,,,,,,,,,,,,,,,,,,,,,,,,,,,,,,,,,,,,,,,,,,,,,,,,,,,,,,,,,,,,,,,,
2021-06-11,1000.2,1003.4,2021-06-11T22:23:00,998.6,2021-06-11T04:31:00,28.3,33.9,2021-06-11T12:22:00,25.2,2021-06-11T04:32:00,89.0,51.0,2021-06-11T11:52:00,1.8,342.0,8.8,25.0,2021-06-11T16:43:00,1.0,,,,,,,,,,,,,,,,1.0,2021-06-11T16:00:00,,,0,,99.0,2021-06-11T00:41:00,,,,,,,,,,,,,,,,,,,,,,,,,,,,,,,,,,,,,,,,,,,,,,,,,,,,,,,,,,,,,,,,,,,,,,,,,,
2021-06-12,1002.7,1004.6,2021-06-12T23:22:00,1000.8,2021-06-12T14:18:00,28.3,34.3,2021-06-12T12:21:00,25.6,2021-06-12T03:06:00,89.0,50.0,2021-06-12T12:21:00,1.9,4.0,10.8,236.0,2021-06-12T14:18:00,0.0,,,,,,,,,,,,,,,,0.0,,,,0,,99.0,2021-06-12T00:01:00,,,,,,,,,,,,,,,,,,,,,,,,,,,,,,,,,,,,,,,,,,,,,,,,,,,,,,,,,,,,,,,,,,,,,,,,,,
2021-06-13,1002.3,1004.4,2021-06-13T00:01:00,999.3,2021-06-13T15:31:00,29.0,35.3,2021-06-13T14:01:00,25.4,2021-06-13T04:48:00,85.0,46.0,2021-06-13T11:32:00,2.0,273.0,9.6,52.0,2021-06-13T19:39:00,0.0,,,,,,,,,,,,,,,,0.0,,,,0,,99.0,2021-06-13T00:13:00,,,,,,,,,,,,,,,,,,,,,,,,,,,,,,,,,,,,,,,,,,,,,,,,,,,,,,,,,,,,,,,,,,,,,,,,,,
2021-06-14,999.6,1002.0,2021-06-14T00:01:00,997.5,2021-06-14T16:16:00,29.4,33.8,2021-06-14T13:31:00,24.7,2021-06-14T05:12:00,80.0,49.0,2021-06-14T11:22:00,2.0,274.0,9.1,270.0,2021-06-14T15:00:00,0.0,,,,,,,,,,,,,,,,0.0,,,,0,,99.0,2021-06-14T04:37:00,,,,,,,,,,,,,,,,,,,,,,,,,,,,,,,,,,,,,,,,,,,,,,,,,,,,,,,,,,,,,,,,,,,,,,,,,,
2021-06-15,998.1,999.3,2021-06-15T07:37:00,996.7,2021-06-15T16:13:00,28.8,32.3,2021-06-15T14:31:00,26.0,2021-06-15T05:13:00,95.0,72.0,2021-06-15T14:31:00,1.6,80.0,7.3,213.0,2021-06-15T12:50:00,3.5,,,,,,,,,,,,,,,,1.5,2021-06-15T09:00:00,,,0,,99.0,2021-06-15T03:31:00,,,,,,,,,,,,,,,,,,,,,,,,,,,,,,,,,,,,,,,,,,,,,,,,,,,,,,,,,,,,,,,,,,,,,,,,,,
2021-06-16,1000.6,1002.2,2021-06-16T21:38:00,997.6,2021-06-16T02:03:00,26.0,27.7,2021-06-16T00:11:00,24.9,2021-06-16T06:29:00,99.0,99.0,2021-06-16T20:14:00,2.1,29.0,7.4,227.0,2021-06-16T15:32:00,107.0,,,,,,,,,,,,,,,,37.0,2021-06-16T09:00:00,,,0,,99.0,2021-06-16T08:53:00,,,,,,,,,,,,,,,,,,,,,,,,,,,,,,,,,,,,,,,,,,,,,,,,,,,,,,,,,,,,,,,,,,,,,,,,,,
2021-06-17,1001.6,1002.6,2021-06-17T09:41:00,1000.8,2021-06-17T16:11:00,27.0,31.9,2021-06-17T11:31:00,24.3,2021-06-17T02:32:00,98.0,64.0,2021-06-17T11:35:00,1.7,38.0,8.1,167.0,2021-06-17T11:50:00,9.0,,,,,,,,,,,,,,,,8.5,2021-06-17T13:00:00,,,0,,99.0,2021-06-17T00:01:00,,,,,,,,,,,,,,,,,,,,,,,,,,,,,,,,,,,,,,,,,,,,,,,,,,,,,,,,,,,,,,,,,,,,,,,,,,
2021-06-18,1000.2,1001.7,2021-06-18T09:03:00,998.2,2021-06-18T16:15:00,28.3,32.1,2021-06-18T16:31:00,24.9,2021-06-18T05:19:00,95.0,70.0,2021-06-18T17:02:00,1.8,3.0,11.7,48.0,2021-06-18T13:12:00,10.5,,,,,,,,,,,,,,,,9.0,2021-06-18T14:00:00,,,0,,99.0,2021-06-18T00:01:00,,,,,,,,,,,,,,,,,,,,,,,,,,,,,,,,,,,,,,,,,,,,,,,,,,,,,,,,,,,,,,,,,,,,,,,,,,
2021-06-19,998.5,1000.2,2021-06-19T09:51:00,997.0,2021-06-19T17:11:00,26.4,28.2,2021-06-19T16:11:00,24.7,2021-06-19T10:13:00,99.0,99.0,2021-06-19T04:01:00,2.0,18.0,7.2,266.0,2021-06-19T03:56:00,62.0,,,,,,,,,,,,,,,,15.0,2021-06-19T10:00:00,,,0,,99.0,2021-06-19T23:55:00,,,,,,,,,,,,,,,,,,,,,,,,,,,,,,,,,,,,,,,,,,,,,,,,,,,,,,,,,,,,,,,,,,,,,,,,,,
2021-06-20,996.9,998.9,2021-06-20T10:26:00,995.6,2021-06-20T17:01:00,25.6,28.2,2021-06-20T16:34:00,23.1,2021-06-20T11:11:00,99.0,99.0,2021-06-20T16:01:00,1.9,33.0,9.7,254.0,2021-06-20T08:39:00,182.0,,,,,,,,,,,,,,,,52.0,2021-06-20T09:00:00,,,0,,99.0,2021-06-20T14:01:00,,,,,,,,,,,,,,,,,,,,,,,,,,,,,,,,,,,,,,,,,,,,,,,,,,,,,,,,,,,,,,,,,,,,,,,,,,
2021-06-21,997.4,998.7,2021-06-21T10:56:00,995.3,2021-06-21T03:05:00,25.5,30.2,2021-06-21T14:01:00,23.9,2021-06-21T09:53:00,99.0,90.0,2021-06-21T14:10:00,2.3,50.0,8.5,43.0,2021-06-21T03:05:00,69.0,,,,,,,,,,,,,,,,17.5,2021-06-21T04:00:00,,,0,,99.0,2021-06-21T00:41:00,,,,,,,,,,,,,,,,,,,,,,,,,,,,,,,,,,,,,,,,,,,,,,,,,,,,,,,,,,,,,,,,,,,,,,,,,,
2021-06-22,999.1,1000.2,2021-06-22T21:51:00,996.3,2021-06-22T02:42:00,25.3,28.6,2021-06-22T12:01:00,23.8,2021-06-22T04:11:00,99.0,99.0,2021-06-22T11:13:00,1.5,9.0,9.6,313.0,2021-06-22T03:10:00,45.0,,,,,,,,,,,,,,,,18.0,2021-06-22T04:00:00,,,0,,99.0,2021-06-22T00:01:00,,,,,,,,,,,,,,,,,,,,,,,,,,,,,,,,,,,,,,,,,,,,,,,,,,,,,,,,,,,,,,,,,,,,,,,,,,
2021-06-23,1000.4,1002.5,2021-06-23T11:11:00,998.2,2021-06-23T04:19:00,25.5,29.8,2021-06-23T16:31:00,23.2,2021-06-23T08:42:00,98.0,78.0,2021-06-23T16:24:00,1.7,27.0,9.8,230.0,2021-06-23T23:47:00,18.5,,,,,,,,,,,,,,,,7.5,2021-06-23T12:00:00,,,0,,99.0,2021-06-23T00:09:00,,,,,,,,,,,,,,,,,,,,,,,,,,,,,,,,,,,,,,,,,,,,,,,,,,,,,,,,,,,,,,,,,,,,,,,,,,
2021-06-24,1001.0,1002.7,2021-06-24T22:03:00,998.7,2021-06-24T15:25:00,24.9,29.1,2021-06-24T10:35:00,23.2,2021-06-24T04:05:00,98.0,86.0,2021-06-24T10:41:00,2.5,8.0,9.1,235.0,2021-06-24T11:14:00,19.0,,,,,,,,,,,,,,,,4.0,2021-06-24T03:00:00,,,0,,99.0,2021-06-24T00:22:00,,,,,,,,,,,,,,,,,,,,,,,,,,,,,,,,,,,,,,,,,,,,,,,,,,,,,,,,,,,,,,,,,,,,,,,,,,
2021-06-25,1000.7,1002.6,2021-06-25T22:05:00,998.8,2021-06-25T16:28:00,25.3,30.1,2021-06-25T09:21:00,23.0,2021-06-25T18:34:00,97.0,75.0,2021-06-25T10:12:00,2.3,5.0,9.4,254.0,2021-06-25T17:59:00,100.5,,,,,,,,,,,,,,,,27.5,2021-06-25T19:00:00,,,0,,99.0,2021-06-25T01:21:00,,,,,,,,,,,,,,,,,,,,,,,,,,,,,,,,,,,,,,,,,,,,,,,,,,,,,,,,,,,,,,,,,,,,,,,,,,
2021-06-26,1002.0,1003.7,2021-06-26T21:38:00,1000.2,2021-06-26T15:52:00,26.3,31.6,2021-06-26T13:57:00,23.5,2021-06-26T00:01:00,95.0,70.0,2021-06-26T12:41:00,1.8,40.0,12.0,231.0,2021-06-26T15:52:00,16.0,,,,,,,,,,,,,,,,6.0,2021-06-26T22:00:00,,,0,,99.0,2021-06-26T00:21:00,,,,,,,,,,,,,,,,,,,,,,,,,,,,,,,,,,,,,,,,,,,,,,,,,,,,,,,,,,,,,,,,,,,,,,,,,,
2021-06-27,1001.4,1003.5,2021-06-27T00:01:00,999.6,2021-06-27T15:28:00,25.3,29.8,2021-06-27T13:01:00,23.9,2021-06-27T02:24:00,99.0,88.0,2021-06-27T13:21:00,1.5,5.0,6.9,266.0,2021-06-27T14:04:00,53.0,,,,,,,,,,,,,,,,13.5,2021-06-27T15:00:00,,,0,,99.0,2021-06-27T00:01:00,,,,,,,,,,,,,,,,,,,,,,,,,,,,,,,,,,,,,,,,,,,,,,,,,,,,,,,,,,,,,,,,,,,,,,,,,,
2021-06-28,1000.7,1002.0,2021-06-28T12:28:00,999.2,2021-06-28T15:45:00,25.1,27.4,2021-06-28T15:41:00,23.9,2021-06-28T12:41:00,99.0,99.0,2021-06-28T08:13:00,2.0,30.0,6.8,311.0,2021-06-28T16:11:00,57.5,,,,,,,,,,,,,,,,12.5,2021-06-28T13:00:00,,,0,,99.0,2021-06-28T00:01:00,,,,,,,,,,,,,,,,,,,,,,,,,,,,,,,,,,,,,,,,,,,,,,,,,,,,,,,,,,,,,,,,,,,,,,,,,,
2021-06-29,1001.3,1002.2,2021-06-29T10:13:00,1000.4,2021-06-29T04:56:00,25.3,29.9,2021-06-29T13:02:00,24.2,2021-06-29T16:44:00,99.0,88.0,2021-06-29T12:51:00,2.2,5.0,9.7,4.0,2021-06-29T15:57:00,21.0,,,,,,,,,,,,,,,,5.5,2021-06-29T16:00:00,,,0,,99.0,2021-06-29T00:01:00,,,,,,,,,,,,,,,,,,,,,,,,,,,,,,,,,,,,,,,,,,,,,,,,,,,,,,,,,,,,,,,,,,,,,,,,,,
2021-06-30,1001.8,1003.3,2021-06-30T09:58:00,1000.5,2021-06-30T03:31:00,28.1,32.7,2021-06-30T14:41:00,23.9,2021-06-30T03:51:00,89.0,55.0,2021-06-30T15:32:00,1.8,272.0,9.6,238.0,2021-06-30T09:56:00,6.0,,,,,,,,,,,,,,,,5.5,2021-06-30T10:00:00,,,0,,99.0,2021-06-30T00:01:00,,,,,,,,,,,,,,,,,,,,,,,,,,,,,,,,,,,,,,,,,,,,,,,,,,,,,,,,,,,,,,,,,,,,,,,,,,
2021-07-01,1001.4,1002.8,2021-07-01T22:11:00,999.3,2021-07-01T16:01:00,28.9,34.0,2021-07-01T12:47:00,24.0,2021-07-01T05:24:00,80.0,52.0,2021-07-01T11:44:00,1.8,267.0,8.6,268.0,2021-07-01T16:04:00,0.0,,,,,,,,,,,,,,,,0.0,,,,0,,99.0,2021-07-01T00:01:00,,,,,,,,,,,,,,,,,,,,,,,,,,,,,,,,,,,,,,,,,,,,,,,,,,,,,,,,,,,,,,,,,,,,,,,,,,
2021-07-02,1001.2,1002.5,2021-07-02T00:01:00,999.4,2021-07-02T15:42:00,29.1,33.1,2021-07-02T13:03:00,25.2,2021-07-02T04:31:00,90.0,69.0,2021-07-02T14:52:00,1.9,7.0,8.4,281.0,2021-07-02T16:27:00,0.0,,,,,,,,,,,,,,,,0.0,,,,0,,99.0,2021-07-02T02:38:00,,,,,,,,,,,,,,,,,,,,,,,,,,,,,,,,,,,,,,,,,,,,,,,,,,,,,,,,,,,,,,,,,,,,,,,,,,
2021-07-03,1000.5,1002.3,2021-07-03T22:11:00,998.9,2021-07-03T14:53:00,29.2,34.4,2021-07-03T12:23:00,26.0,2021-07-03T04:49:00,85.0,48.0,2021-07-03T12:12:00,2.0,155.0,8.8,227.0,2021-07-03T15:27:00,0.0,,,,,,,,,,,,,,,,0.0,,,,0,,99.0,2021-07-03T03:41:00,,,,,,,,,,,,,,,,,,,,,,,,,,,,,,,,,,,,,,,,,,,,,,,,,,,,,,,,,,,,,,,,,,,,,,,,,,
2021-07-04,1000.4,1001.9,2021-07-04T21:38:00,998.8,2021-07-04T16:34:00,29.3,34.0,2021-07-04T12:33:00,25.7,2021-07-04T05:11:00,90.0,58.0,2021-07-04T12:33:00,2.5,2.0,9.1,350.0,2021-07-04T18:38:00,0.0,,,,,,,,,,,,,,,,0.0,,,,0,,99.0,2021-07-04T02:15:00,,,,,,,,,,,,,,,,,,,,,,,,,,,,,,,,,,,,,,,,,,,,,,,,,,,,,,,,,,,,,,,,,,,,,,,,,,
2021-07-05,999.5,1001.2,2021-07-05T00:01:00,997.6,2021-07-05T19:17:00,28.6,33.6,2021-07-05T12:02:00,25.8,2021-07-05T04:31:00,92.0,57.0,2021-07-05T13:25:00,1.6,353.0,9.9,343.0,2021-07-05T16:17:00,0.0,,,,,,,,,,,,,,,,0.0,,,,0,,99.0,2021-07-05T03:34:00,,,,,,,,,,,,,,,,,,,,,,,,,,,,,,,,,,,,,,,,,,,,,,,,,,,,,,,,,,,,,,,,,,,,,,,,,,
2021-07-06,999.6,1003.7,2021-07-06T22:32:00,995.1,2021-07-06T04:37:00,28.3,32.0,2021-07-06T13:01:00,25.2,2021-07-06T04:41:00,93.0,68.0,2021-07-06T16:44:00,2.9,94.0,9.9,196.0,2021-07-06T13:56:00,1.5,,,,,,,,,,,,,,,,1.0,2021-07-06T08:00:00,,,0,,99.0,2021-07-06T02:02:00,,,,,,,,,,,,,,,,,,,,,,,,,,,,,,,,,,,,,,,,,,,,,,,,,,,,,,,,,,,,,,,,,,,,,,,,,,
2021-07-07,1003.8,1005.8,2021-07-07T23:11:00,1002.5,2021-07-07T15:46:00,29.5,34.1,2021-07-07T11:23:00,25.2,2021-07-07T05:06:00,84.0,53.0,2021-07-07T14:05:00,2.8,208.0,11.1,227.0,2021-07-07T11:49:00,0.0,,,,,,,,,,,,,,,,0.0,,,,0,,99.0,2021-07-07T05:31:00,,,,,,,,,,,,,,,,,,,,,,,,,,,,,,,,,,,,,,,,,,,,,,,,,,,,,,,,,,,,,,,,,,,,,,,,,,
2021-07-08,1004.2,1005.4,2021-07-08T08:01:00,1002.6,2021-07-08T14:43:00,28.9,34.1,2021-07-08T11:52:00,26.4,2021-07-08T05:04:00,91.0,50.0,2021-07-08T11:52:00,2.0,352.0,9.7,313.0,2021-07-08T12:49:00,0.5,,,,,,,,,,,,,,,,0.5,2021-07-08T18:00:00,,,0,,99.0,2021-07-08T03:01:00,,,,,,,,,,,,,,,,,,,,,,,,,,,,,,,,,,,,,,,,,,,,,,,,,,,,,,,,,,,,,,,,,,,,,,,,,,
2021-07-09,1003.0,1004.6,2021-07-09T00:01:00,1001.2,2021-07-09T16:06:00,29.3,33.9,2021-07-09T13:01:00,25.1,2021-07-09T05:23:00,84.0,53.0,2021-07-09T10:39:00,2.4,360.0,8.1,213.0,2021-07-09T16:00:00,0.0,,,,,,,,,,,,,,,,0.0,,,,0,,99.0,2021-07-09T00:31:00,,,,,,,,,,,,,,,,,,,,,,,,,,,,,,,,,,,,,,,,,,,,,,,,,,,,,,,,,,,,,,,,,,,,,,,,,,
2021-07-10,1003.1,1005.0,2021-07-10T22:46:00,1001.5,2021-07-10T16:19:00,29.5,34.9,2021-07-10T12:42:00,25.5,2021-07-10T04:57:00,86.0,49.0,2021-07-10T12:42:00,2.0,37.0,7.4,265.0,2021-07-10T14:46:00,0.0,,,,,,,,,,,,,,,,0.0,,,,0,,99.0,2021-07-10T03:54:00,,,,,,,,,,,,,,,,,,,,,,,,,,,,,,,,,,,,,,,,,,,,,,,,,,,,,,,,,,,,,,,,,,,,,,,,,,
2021-07-11,1004.1,1005.4,2021-07-11T09:01:00,1002.5,2021-07-11T14:56:00,29.3,35.0,2021-07-11T13:11:00,25.9,2021-07-11T04:11:00,88.0,49.0,2021-07-11T13:13:00,1.7,259.0,9.6,271.0,2021-07-11T15:10:00,0.0,,,,,,,,,,,,,,,,0.0,,,,0,,99.0,2021-07-11T04:11:00,,,,,,,,,,,,,,,,,,,,,,,,,,,,,,,,,,,,,,,,,,,,,,,,,,,,,,,,,,,,,,,,,,,,,,,,,,
2021-07-12,1003.2,1004.9,2021-07-12T07:44:00,1000.9,2021-07-12T16:11:00,29.1,34.9,2021-07-12T13:12:00,25.6,2021-07-12T04:02:00,88.0,45.0,2021-07-12T12:56:00,1.8,6.0,8.1,260.0,2021-07-12T13:40:00,0.0,,,,,,,,,,,,,,,,0.0,,,,0,,99.0,2021-07-12T01:31:00,,,,,,,,,,,,,,,,,,,,,,,,,,,,,,,,,,,,,,,,,,,,,,,,,,,,,,,,,,,,,,,,,,,,,,,,,,
2021-07-13,1001.7,1003.0,2021-07-13T22:01:00,1000.0,2021-07-13T14:35:00,27.8,34.1,2021-07-13T12:31:00,24.5,2021-07-13T22:01:00,92.0,54.0,2021-07-13T12:31:00,2.1,55.0,8.8,250.0,2021-07-13T13:15:00,12.0,,,,,,,,,,,,,,,,12.0,2021-07-13T15:00:00,,,0,,99.0,2021-07-13T05:51:00,,,,,,,,,,,,,,,,,,,,,,,,,,,,,,,,,,,,,,,,,,,,,,,,,,,,,,,,,,,,,,,,,,,,,,,,,,
2021-07-14,1001.1,1002.5,2021-07-14T22:01:00,998.3,2021-07-14T14:56:00,26.9,34.2,2021-07-14T13:02:00,23.2,2021-07-14T04:50:00,90.0,51.0,2021-07-14T13:11:00,2.8,18.0,18.0,159.0,2021-07-14T15:51:00,21.0,,,,,,,,,,,,,,,,18.0,2021-07-14T17:00:00,,,0,,99.0,2021-07-14T04:51:00,,,,,,,,,,,,,,,,,,,,,,,,,,,,,,,,,,,,,,,,,,,,,,,,,,,,,,,,,,,,,,,,,,,,,,,,,,
2021-07-15,1001.6,1002.8,2021-07-15T07:48:00,1000.0,2021-07-15T14:42:00,26.6,32.1,2021-07-15T12:54:00,24.2,2021-07-15T03:54:00,96.0,75.0,2021-07-15T12:14:00,1.7,6.0,8.5,233.0,2021-07-15T13:25:00,12.0,,,,,,,,,,,,,,,,5.5,2021-07-15T15:00:00,,,0,,99.0,2021-07-15T00:01:00,,,,,,,,,,,,,,,,,,,,,,,,,,,,,,,,,,,,,,,,,,,,,,,,,,,,,,,,,,,,,,,,,,,,,,,,,,
2021-07-16,1001.1,1002.4,2021-07-16T00:21:00,999.2,2021-07-16T15:11:00,26.8,32.9,2021-07-16T13:31:00,23.6,2021-07-16T15:52:00,90.0,54.0,2021-07-16T13:08:00,1.8,2.0,13.8,106.0,2021-07-16T15:33:00,55.0,,,,,,,,,,,,,,,,48.0,2021-07-16T16:00:00,,,0,,99.0,2021-07-16T00:01:00,,,,,,,,,,,,,,,,,,,,,,,,,,,,,,,,,,,,,,,,,,,,,,,,,,,,,,,,,,,,,,,,,,,,,,,,,,
2021-07-17,998.2,1000.4,2021-07-17T00:01:00,996.0,2021-07-17T14:41:00,27.4,33.5,2021-07-17T14:23:00,23.6,2021-07-17T04:51:00,91.0,59.0,2021-07-17T12:31:00,1.8,12.0,10.0,204.0,2021-07-17T15:23:00,0.0,,,,,,,,,,,,,,,,0.0,,,,0,,99.0,2021-07-17T00:01:00,,,,,,,,,,,,,,,,,,,,,,,,,,,,,,,,,,,,,,,,,,,,,,,,,,,,,,,,,,,,,,,,,,,,,,,,,,
2021-07-18,996.7,998.0,2021-07-18T00:01:00,994.4,2021-07-18T16:06:00,27.8,33.7,2021-07-18T12:55:00,24.5,2021-07-18T17:42:00,88.0,51.0,2021-07-18T13:04:00,1.5,8.0,8.9,168.0,2021-07-18T16:48:00,25.5,,,,,,,,,,,,,,,,19.0,2021-07-18T17:00:00,,,0,,99.0,2021-07-18T00:01:00,,,,,,,,,,,,,,,,,,,,,,,,,,,,,,,,,,,,,,,,,,,,,,,,,,,,,,,,,,,,,,,,,,,,,,,,,,
2021-07-19,996.9,998.5,2021-07-19T22:05:00,994.7,2021-07-19T15:41:00,27.5,33.0,2021-07-19T11:31:00,23.7,2021-07-19T17:15:00,93.0,63.0,2021-07-19T12:02:00,1.8,270.0,10.3,4.0,2021-07-19T16:57:00,69.5,,,,,,,,,,,,,,,,49.5,2021-07-19T18:00:00,,,0,,99.0,2021-07-19T00:01:00,,,,,,,,,,,,,,,,,,,,,,,,,,,,,,,,,,,,,,,,,,,,,,,,,,,,,,,,,,,,,,,,,,,,,,,,,,
2021-07-20,997.0,998.2,2021-07-20T21:31:00,995.7,2021-07-20T13:34:00,26.5,31.8,2021-07-20T11:52:00,24.2,2021-07-20T18:43:00,97.0,75.0,2021-07-20T11:52:00,2.0,4.0,10.8,271.0,2021-07-20T13:47:00,80.0,,,,,,,,,,,,,,,,31.0,2021-07-20T18:00:00,,,0,,99.0,2021-07-20T00:01:00,,,,,,,,,,,,,,,,,,,,,,,,,,,,,,,,,,,,,,,,,,,,,,,,,,,,,,,,,,,,,,,,,,,,,,,,,,
2021-07-21,993.5,996.9,2021-07-21T00:01:00,991.1,2021-07-21T17:21:00,28.5,32.9,2021-07-21T14:51:00,24.2,2021-07-21T05:24:00,93.0,70.0,2021-07-21T12:21:00,2.0,1.0,8.4,225.0,2021-07-21T12:47:00,0.0,,,,,,,,,,,,,,,,0.0,,,,0,,99.0,2021-07-21T00:01:00,,,,,,,,,,,,,,,,,,,,,,,,,,,,,,,,,,,,,,,,,,,,,,,,,,,,,,,,,,,,,,,,,,,,,,,,,,
2021-07-22,987.6,991.1,2021-07-22T00:01:00,985.3,2021-07-22T16:28:00,28.3,31.4,2021-07-22T11:36:00,25.7,2021-07-22T04:01:00,98.0,88.0,2021-07-22T12:26:00,5.2,354.0,12.9,352.0,2021-07-22T15:24:00,0.0,,,,,,,,,,,,,,,,0.0,,,,0,,99.0,2021-07-22T01:36:00,,,,,,,,,,,,,,,,,,,,,,,,,,,,,,,,,,,,,,,,,,,,,,,,,,,,,,,,,,,,,,,,,,,,,,,,,,
2021-07-23,986.0,987.5,2021-07-23T23:52:00,983.8,2021-07-23T15:52:00,27.8,30.0,2021-07-23T15:52:00,26.1,2021-07-23T12:41:00,99.0,91.0,2021-07-23T16:42:00,5.3,352.0,13.5,355.0,2021-07-23T16:55:00,10.5,,,,,,,,,,,,,,,,6.0,2021-07-23T13:00:00,,,0,,99.0,2021-07-23T01:31:00,,,,,,,,,,,,,,,,,,,,,,,,,,,,,,,,,,,,,,,,,,,,,,,,,,,,,,,,,,,,,,,,,,,,,,,,,,
2021-07-24,989.0,991.8,2021-07-24T22:51:00,986.5,2021-07-24T01:29:00,27.6,31.0,2021-07-24T17:32:00,25.6,2021-07-24T01:41:00,98.0,79.0,2021-07-24T17:35:00,3.5,358.0,13.9,309.0,2021-07-24T13:13:00,2.5,,,,,,,,,,,,,,,,1.5,2021-07-24T10:00:00,,,0,,99.0,2021-07-24T00:15:00,,,,,,,,,,,,,,,,,,,,,,,,,,,,,,,,,,,,,,,,,,,,,,,,,,,,,,,,,,,,,,,,,,,,,,,,,,
2021-07-25,991.9,993.8,2021-07-25T22:51:00,990.5,2021-07-25T01:55:00,26.5,29.6,2021-07-25T10:31:00,23.9,2021-07-25T06:16:00,99.0,98.0,2021-07-25T10:55:00,2.0,20.0,6.7,42.0,2021-07-25T14:13:00,45.5,,,,,,,,,,,,,,,,11.5,2021-07-25T06:00:00,,,0,,99.0,2021-07-25T00:01:00,,,,,,,,,,,,,,,,,,,,,,,,,,,,,,,,,,,,,,,,,,,,,,,,,,,,,,,,,,,,,,,,,,,,,,,,,,
2021-07-26,991.7,993.6,2021-07-26T00:01:00,989.9,2021-07-26T15:44:00,28.4,32.3,2021-07-26T15:32:00,25.4,2021-07-26T08:43:00,96.0,76.0,2021-07-26T14:47:00,1.8,62.0,9.2,266.0,2021-07-26T15:44:00,23.0,,,,,,,,,,,,,,,,7.5,2021-07-26T03:00:00,,,0,,99.0,2021-07-26T00:01:00,,,,,,,,,,,,,,,,,,,,,,,,,,,,,,,,,,,,,,,,,,,,,,,,,,,,,,,,,,,,,,,,,,,,,,,,,,
2021-07-27,989.9,991.6,2021-07-27T07:03:00,987.6,2021-07-27T14:43:00,28.9,34.4,2021-07-27T14:11:00,24.9,2021-07-27T05:55:00,92.0,63.0,2021-07-27T15:06:00,2.4,17.0,7.2,273.0,2021-07-27T15:52:00,28.5,,,,,,,,,,,,,,,,16.0,2021-07-27T05:00:00,,,0,,99.0,2021-07-27T00:01:00,,,,,,,,,,,,,,,,,,,,,,,,,,,,,,,,,,,,,,,,,,,,,,,,,,,,,,,,,,,,,,,,,,,,,,,,,,
2021-07-28,991.7,993.7,2021-07-28T22:41:00,989.6,2021-07-28T04:25:00,27.8,33.2,2021-07-28T10:13:00,24.7,2021-07-28T03:54:00,98.0,69.0,2021-07-28T10:13:00,2.1,7.0,8.2,226.0,2021-07-28T11:10:00,7.0,,,,,,,,,,,,,,,,5.5,2021-07-28T02:00:00,,,0,,99.0,2021-07-28T00:01:00,,,,,,,,,,,,,,,,,,,,,,,,,,,,,,,,,,,,,,,,,,,,,,,,,,,,,,,,,,,,,,,,,,,,,,,,,,
2021-07-29,994.9,996.9,2021-07-29T22:52:00,992.9,2021-07-29T02:57:00,27.6,31.5,2021-07-29T15:41:00,24.8,2021-07-29T05:56:00,96.0,72.0,2021-07-29T17:04:00,2.0,18.0,6.5,233.0,2021-07-29T04:52:00,23.5,,,,,,,,,,,,,,,,8.0,2021-07-29T06:00:00,,,0,,99.0,2021-07-29T00:01:00,,,,,,,,,,,,,,,,,,,,,,,,,,,,,,,,,,,,,,,,,,,,,,,,,,,,,,,,,,,,,,,,,,,,,,,,,,
2021-07-30,996.4,997.9,2021-07-30T09:58:00,994.8,2021-07-30T02:21:00,25.9,27.7,2021-07-30T00:01:00,24.5,2021-07-30T14:23:00,99.0,99.0,2021-07-30T00:01:00,1.7,14.0,6.2,90.0,2021-07-30T10:31:00,63.5,,,,,,,,,,,,,,,,25.0,2021-07-30T10:00:00,,,0,,99.0,2021-07-30T00:08:00,,,,,,,,,,,,,,,,,,,,,,,,,,,,,,,,,,,,,,,,,,,,,,,,,,,,,,,,,,,,,,,,,,,,,,,,,,
2021-07-31,995.8,997.9,2021-07-31T10:03:00,994.1,2021-07-31T16:15:00,24.6,25.8,2021-07-31T03:41:00,23.6,2021-07-31T16:17:00,99.0,99.0,2021-07-31T00:01:00,1.9,8.0,7.9,320.0,2021-07-31T10:07:00,187.5,,,,,,,,,,,,,,,,55.0,2021-07-31T11:00:00,,,0,,99.0,2021-07-31T00:01:00,,,,,,,,,,,,,,,,,,,,,,,,,,,,,,,,,,,,,,,,,,,,,,,,,,,,,,,,,,,,,,,,,,,,,,,,,,
2021-08-01,993.0,994.5,2021-08-01T00:01:00,990.9,2021-08-01T16:27:00,25.4,28.7,2021-08-01T15:23:00,23.5,2021-08-01T04:02:00,99.0,99.0,2021-08-01T16:49:00,2.5,102.0,11.1,249.0,2021-08-01T03:52:00,196.5,,,,,,,,,,,,,,,,34.5,2021-08-01T03:00:00,,,0,,99.0,2021-08-01T00:01:00,,,,,,,,,,,,,,,,,,,,,,,,,,,,,,,,,,,,,,,,,,,,,,,,,,,,,,,,,,,,,,,,,,,,,,,,,,
2021-08-02,992.7,993.9,2021-08-02T21:21:00,991.6,2021-08-02T16:15:00,24.8,26.0,2021-08-02T09:11:00,24.0,2021-08-02T04:29:00,99.0,99.0,2021-08-02T00:01:00,1.8,6.0,6.5,54.0,2021-08-02T15:15:00,92.0,,,,,,,,,,,,,,,,22.5,2021-08-02T15:00:00,,,0,,99.0,2021-08-02T00:01:00,,,,,,,,,,,,,,,,,,,,,,,,,,,,,,,,,,,,,,,,,,,,,,,,,,,,,,,,,,,,,,,,,,,,,,,,,,
2021-08-03,993.6,995.7,2021-08-03T23:51:00,991.7,2021-08-03T02:42:00,26.1,30.3,2021-08-03T13:16:00,23.8,2021-08-03T02:53:00,99.0,99.0,2021-08-03T12:55:00,1.6,33.0,9.9,216.0,2021-08-03T17:32:00,42.0,,,,,,,,,,,,,,,,18.5,2021-08-03T03:00:00,,,0,,99.0,2021-08-03T00:01:00,,,,,,,,,,,,,,,,,,,,,,,,,,,,,,,,,,,,,,,,,,,,,,,,,,,,,,,,,,,,,,,,,,,,,,,,,,
2021-08-04,994.1,995.7,2021-08-04T00:01:00,992.5,2021-08-04T18:03:00,25.9,28.8,2021-08-04T12:47:00,24.2,2021-08-04T02:52:00,98.0,87.0,2021-08-04T23:32:00,3.5,177.0,15.8,168.0,2021-08-04T12:57:00,85.5,,,,,,,,,,,,,,,,17.5,2021-08-04T10:00:00,,,0,,99.0,2021-08-04T00:01:00,,,,,,,,,,,,,,,,,,,,,,,,,,,,,,,,,,,,,,,,,,,,,,,,,,,,,,,,,,,,,,,,,,,,,,,,,,
2021-08-05,993.8,995.8,2021-08-05T22:27:00,991.7,2021-08-05T04:07:00,25.4,28.4,2021-08-05T01:30:00,23.8,2021-08-05T22:55:00,99.0,91.0,2021-08-05T00:04:00,4.2,146.0,14.6,254.0,2021-08-05T09:12:00,172.5,,,,,,,,,,,,,,,,45.0,2021-08-05T10:00:00,,,0,,99.0,2021-08-05T02:47:00,,,,,,,,,,,,,,,,,,,,,,,,,,,,,,,,,,,,,,,,,,,,,,,,,,,,,,,,,,,,,,,,,,,,,,,,,,
2021-08-06,993.3,994.8,2021-08-06T00:01:00,992.0,2021-08-06T03:56:00,26.7,28.7,2021-08-06T10:32:00,24.9,2021-08-06T00:16:00,99.0,99.0,2021-08-06T09:54:00,4.8,176.0,15.4,246.0,2021-08-06T22:37:00,67.0,,,,,,,,,,,,,,,,21.0,2021-08-06T13:00:00,,,0,,99.0,2021-08-06T00:01:00,,,,,,,,,,,,,,,,,,,,,,,,,,,,,,,,,,,,,,,,,,,,,,,,,,,,,,,,,,,,,,,,,,,,,,,,,,
2021-08-07,995.9,999.2,2021-08-07T22:32:00,991.4,2021-08-07T02:41:00,26.0,28.0,2021-08-07T01:03:00,24.7,2021-08-07T15:36:00,99.0,99.0,2021-08-07T00:01:00,4.9,254.0,19.0,254.0,2021-08-07T03:25:00,289.0,,,,,,,,,,,,,,,,46.0,2021-08-07T06:00:00,,,0,,99.0,2021-08-07T00:01:00,,,,,,,,,,,,,,,,,,,,,,,,,,,,,,,,,,,,,,,,,,,,,,,,,,,,,,,,,,,,,,,,,,,,,,,,,,
2021-08-08,1001.0,1003.2,2021-08-08T23:46:00,998.3,2021-08-08T01:22:00,25.7,27.2,2021-08-08T00:03:00,24.5,2021-08-08T19:51:00,99.0,99.0,2021-08-08T00:01:00,1.6,21.0,10.4,239.0,2021-08-08T02:23:00,81.0,,,,,,,,,,,,,,,,24.5,2021-08-08T08:00:00,,,0,,99.0,2021-08-08T00:01:00,,,,,,,,,,,,,,,,,,,,,,,,,,,,,,,,,,,,,,,,,,,,,,,,,,,,,,,,,,,,,,,,,,,,,,,,,,
2021-08-09,1002.9,1004.2,2021-08-09T12:23:00,1001.2,2021-08-09T17:04:00,26.5,30.4,2021-08-09T17:11:00,24.5,2021-08-09T01:42:00,97.0,78.0,2021-08-09T18:01:00,1.7,15.0,8.7,348.0,2021-08-09T12:15:00,35.0,,,,,,,,,,,,,,,,10.0,2021-08-09T07:00:00,,,0,,99.0,2021-08-09T00:01:00,,,,,,,,,,,,,,,,,,,,,,,,,,,,,,,,,,,,,,,,,,,,,,,,,,,,,,,,,,,,,,,,,,,,,,,,,,
2021-08-10,1003.3,1005.0,2021-08-10T22:31:00,1001.7,2021-08-10T16:54:00,26.7,31.3,2021-08-10T10:42:00,24.3,2021-08-10T04:51:00,98.0,82.0,2021-08-10T11:32:00,1.8,9.0,12.8,210.0,2021-08-10T12:07:00,0.5,,,,,,,,,,,,,,,,0.5,2021-08-10T15:00:00,,,0,,99.0,2021-08-10T00:01:00,,,,,,,,,,,,,,,,,,,,,,,,,,,,,,,,,,,,,,,,,,,,,,,,,,,,,,,,,,,,,,,,,,,,,,,,,,
2021-08-11,1004.9,1006.1,2021-08-11T20:22:00,1003.3,2021-08-11T15:32:00,27.6,32.6,2021-08-11T13:11:00,24.0,2021-08-11T05:34:00,91.0,66.0,2021-08-11T11:53:00,1.9,18.0,8.1,256.0,2021-08-11T15:32:00,0.0,,,,,,,,,,,,,,,,0.0,,,,0,,99.0,2021-08-11T00:01:00,,,,,,,,,,,,,,,,,,,,,,,,,,,,,,,,,,,,,,,,,,,,,,,,,,,,,,,,,,,,,,,,,,,,,,,,,,
2021-08-12,1005.4,1007.2,2021-08-12T08:41:00,1003.2,2021-08-12T14:51:00,27.5,32.7,2021-08-12T12:53:00,24.6,2021-08-12T02:14:00,93.0,65.0,2021-08-12T12:23:00,1.8,5.0,8.1,315.0,2021-08-12T13:47:00,5.5,,,,,,,,,,,,,,,,3.5,2021-08-12T21:00:00,,,0,,99.0,2021-08-12T00:01:00,,,,,,,,,,,,,,,,,,,,,,,,,,,,,,,,,,,,,,,,,,,,,,,,,,,,,,,,,,,,,,,,,,,,,,,,,,
2021-08-13,1003.3,1004.7,2021-08-13T00:01:00,1002.2,2021-08-13T16:52:00,26.4,30.1,2021-08-13T09:13:00,24.4,2021-08-13T05:31:00,98.0,81.0,2021-08-13T09:15:00,2.1,17.0,10.6,233.0,2021-08-13T13:33:00,2.5,,,,,,,,,,,,,,,,1.5,2021-08-13T15:00:00,,,0,,99.0,2021-08-13T00:01:00,,,,,,,,,,,,,,,,,,,,,,,,,,,,,,,,,,,,,,,,,,,,,,,,,,,,,,,,,,,,,,,,,,,,,,,,,,
2021-08-14,1004.1,1007.1,2021-08-14T22:11:00,1002.0,2021-08-14T03:42:00,25.6,28.7,2021-08-14T14:21:00,24.0,2021-08-14T04:51:00,99.0,99.0,2021-08-14T11:02:00,1.8,15.0,6.9,260.0,2021-08-14T15:14:00,25.5,,,,,,,,,,,,,,,,10.0,2021-08-14T22:00:00,,,0,,99.0,2021-08-14T01:32:00,,,,,,,,,,,,,,,,,,,,,,,,,,,,,,,,,,,,,,,,,,,,,,,,,,,,,,,,,,,,,,,,,,,,,,,,,,
2021-08-15,1006.8,1009.1,2021-08-15T22:43:00,1004.8,2021-08-15T03:03:00,27.8,32.9,2021-08-15T12:51:00,23.6,2021-08-15T05:28:00,90.0,54.0,2021-08-15T13:01:00,1.6,69.0,6.7,170.0,2021-08-15T13:34:00,0.0,,,,,,,,,,,,,,,,0.0,,,,0,,99.0,2021-08-15T00:01:00,,,,,,,,,,,,,,,,,,,,,,,,,,,,,,,,,,,,,,,,,,,,,,,,,,,,,,,,,,,,,,,,,,,,,,,,,,
2021-08-16,1008.5,1009.7,2021-08-16T08:32:00,1007.1,2021-08-16T14:42:00,28.3,33.3,2021-08-16T11:31:00,25.9,2021-08-16T05:36:00,92.0,58.0,2021-08-16T11:31:00,1.6,11.0,7.6,157.0,2021-08-16T14:01:00,2.5,,,,,,,,,,,,,,,,2.5,2021-08-16T15:00:00,,,0,,99.0,2021-08-16T00:01:00,,,,,,,,,,,,,,,,,,,,,,,,,,,,,,,,,,,,,,,,,,,,,,,,,,,,,,,,,,,,,,,,,,,,,,,,,,
2021-08-17,1006.4,1008.5,2021-08-17T00:01:00,1004.2,2021-08-17T16:17:00,28.8,33.5,2021-08-17T12:32:00,24.8,2021-08-17T04:51:00,83.0,47.0,2021-08-17T11:33:00,2.2,43.0,7.5,197.0,2021-08-17T15:42:00,0.0,,,,,,,,,,,,,,,,0.0,,,,0,,99.0,2021-08-17T00:01:00,,,,,,,,,,,,,,,,,,,,,,,,,,,,,,,,,,,,,,,,,,,,,,,,,,,,,,,,,,,,,,,,,,,,,,,,,,
2021-08-18,1004.0,1005.6,2021-08-18T00:01:00,1002.0,2021-08-18T14:57:00,28.4,32.3,2021-08-18T12:12:00,25.2,2021-08-18T05:31:00,88.0,59.0,2021-08-18T09:02:00,1.4,15.0,5.4,313.0,2021-08-18T16:19:00,0.0,,,,,,,,,,,,,,,,0.0,,,,0,,99.0,2021-08-18T00:01:00,,,,,,,,,,,,,,,,,,,,,,,,,,,,,,,,,,,,,,,,,,,,,,,,,,,,,,,,,,,,,,,,,,,,,,,,,,
2021-08-19,1004.2,1005.8,2021-08-19T09:54:00,1002.5,2021-08-19T03:11:00,28.0,34.1,2021-08-19T12:14:00,24.7,2021-08-19T00:42:00,87.0,50.0,2021-08-19T12:41:00,1.9,40.0,9.5,66.0,2021-08-19T16:43:00,2.0,,,,,,,,,,,,,,,,2.0,2021-08-19T01:00:00,,,0,,99.0,2021-08-19T00:11:00,,,,,,,,,,,,,,,,,,,,,,,,,,,,,,,,,,,,,,,,,,,,,,,,,,,,,,,,,,,,,,,,,,,,,,,,,,
2021-08-20,1004.9,1006.2,2021-08-20T09:41:00,1003.4,2021-08-20T14:52:00,28.4,33.5,2021-08-20T14:31:00,24.4,2021-08-20T05:11:00,87.0,56.0,2021-08-20T12:05:00,1.7,31.0,7.5,334.0,2021-08-20T12:31:00,0.0,,,,,,,,,,,,,,,,0.0,,,,0,,99.0,2021-08-20T05:02:00,,,,,,,,,,,,,,,,,,,,,,,,,,,,,,,,,,,,,,,,,,,,,,,,,,,,,,,,,,,,,,,,,,,,,,,,,,
2021-08-21,1004.2,1005.3,2021-08-21T00:01:00,1002.9,2021-08-21T15:23:00,27.2,33.2,2021-08-21T13:12:00,24.2,2021-08-21T23:51:00,92.0,57.0,2021-08-21T12:02:00,2.0,48.0,10.6,145.0,2021-08-21T14:31:00,1.0,,,,,,,,,,,,,,,,0.5,2021-08-21T15:00:00,,,0,,99.0,2021-08-21T00:21:00,,,,,,,,,,,,,,,,,,,,,,,,,,,,,,,,,,,,,,,,,,,,,,,,,,,,,,,,,,,,,,,,,,,,,,,,,,
2021-08-22,1003.0,1004.1,2021-08-22T22:11:00,1001.4,2021-08-22T16:08:00,28.3,33.5,2021-08-22T11:53:00,23.2,2021-08-22T05:04:00,82.0,53.0,2021-08-22T11:53:00,1.7,33.0,8.6,273.0,2021-08-22T15:01:00,0.0,,,,,,,,,,,,,,,,0.0,,,,0,,99.0,2021-08-22T01:31:00,,,,,,,,,,,,,,,,,,,,,,,,,,,,,,,,,,,,,,,,,,,,,,,,,,,,,,,,,,,,,,,,,,,,,,,,,,
2021-08-23,1003.1,1004.2,2021-08-23T10:11:00,1001.6,2021-08-23T15:31:00,28.7,33.9,2021-08-23T13:25:00,25.1,2021-08-23T05:51:00,85.0,50.0,2021-08-23T11:42:00,1.8,48.0,7.5,255.0,2021-08-23T13:25:00,0.0,,,,,,,,,,,,,,,,0.0,,,,0,,99.0,2021-08-23T01:33:00,,,,,,,,,,,,,,,,,,,,,,,,,,,,,,,,,,,,,,,,,,,,,,,,,,,,,,,,,,,,,,,,,,,,,,,,,,
2021-08-24,1002.6,1004.3,2021-08-24T22:56:00,1001.2,2021-08-24T16:11:00,27.5,33.1,2021-08-24T12:04:00,25.1,2021-08-24T05:25:00,91.0,60.0,2021-08-24T11:57:00,2.2,32.0,9.8,213.0,2021-08-24T13:32:00,0.0,,,,,,,,,,,,,,,,0.0,,,,0,,99.0,2021-08-24T01:11:00,,,,,,,,,,,,,,,,,,,,,,,,,,,,,,,,,,,,,,,,,,,,,,,,,,,,,,,,,,,,,,,,,,,,,,,,,,
2021-08-25,1003.5,1005.8,2021-08-25T22:51:00,1001.9,2021-08-25T15:32:00,27.7,33.9,2021-08-25T11:32:00,24.2,2021-08-25T05:41:00,89.0,53.0,2021-08-25T11:03:00,1.9,40.0,10.2,192.0,2021-08-25T14:34:00,3.0,,,,,,,,,,,,,,,,2.5,2021-08-25T15:00:00,,,0,,99.0,2021-08-25T00:01:00,,,,,,,,,,,,,,,,,,,,,,,,,,,,,,,,,,,,,,,,,,,,,,,,,,,,,,,,,,,,,,,,,,,,,,,,,,
2021-08-26,1004.7,1006.2,2021-08-26T21:01:00,1002.2,2021-08-26T14:58:00,26.6,34.1,2021-08-26T12:51:00,22.0,2021-08-26T15:44:00,90.0,50.0,2021-08-26T12:51:00,2.0,8.0,16.3,214.0,2021-08-26T15:38:00,22.0,,,,,,,,,,,,,,,,21.5,2021-08-26T16:00:00,,,0,,99.0,2021-08-26T00:48:00,,,,,,,,,,,,,,,,,,,,,,,,,,,,,,,,,,,,,,,,,,,,,,,,,,,,,,,,,,,,,,,,,,,,,,,,,,
2021-08-27,1004.8,1005.6,2021-08-27T07:37:00,1003.1,2021-08-27T15:42:00,28.0,34.3,2021-08-27T15:42:00,23.1,2021-08-27T05:11:00,84.0,46.0,2021-08-27T15:42:00,1.5,7.0,7.8,191.0,2021-08-27T17:03:00,0.0,,,,,,,,,,,,,,,,0.0,,,,0,,99.0,2021-08-27T00:12:00,,,,,,,,,,,,,,,,,,,,,,,,,,,,,,,,,,,,,,,,,,,,,,,,,,,,,,,,,,,,,,,,,,,,,,,,,,
2021-08-28,1004.2,1005.7,2021-08-28T08:01:00,1002.6,2021-08-28T14:31:00,28.9,34.0,2021-08-28T12:31:00,25.0,2021-08-28T06:01:00,84.0,55.0,2021-08-28T12:31:00,2.0,14.0,9.4,276.0,2021-08-28T14:08:00,0.0,,,,,,,,,,,,,,,,0.0,,,,0,,99.0,2021-08-28T00:09:00,,,,,,,,,,,,,,,,,,,,,,,,,,,,,,,,,,,,,,,,,,,,,,,,,,,,,,,,,,,,,,,,,,,,,,,,,,
2021-08-29,1003.8,1005.1,2021-08-29T21:32:00,1001.8,2021-08-29T14:41:00,29.0,34.2,2021-08-29T13:32:00,24.9,2021-08-29T05:37:00,82.0,48.0,2021-08-29T12:31:00,1.8,8.0,7.6,309.0,2021-08-29T14:57:00,0.0,,,,,,,,,,,,,,,,0.0,,,,0,,99.0,2021-08-29T00:45:00,,,,,,,,,,,,,,,,,,,,,,,,,,,,,,,,,,,,,,,,,,,,,,,,,,,,,,,,,,,,,,,,,,,,,,,,,,
2021-08-30,1003.8,1006.5,2021-08-30T11:02:00,1002.1,2021-08-30T15:49:00,26.2,28.3,2021-08-30T16:38:00,24.5,2021-08-30T23:56:00,99.0,91.0,2021-08-30T17:16:00,1.7,20.0,7.8,9.0,2021-08-30T13:44:00,2.5,,,,,,,,,,,,,,,,1.0,2021-08-30T12:00:00,,,0,,99.0,2021-08-30T00:01:00,,,,,,,,,,,,,,,,,,,,,,,,,,,,,,,,,,,,,,,,,,,,,,,,,,,,,,,,,,,,,,,,,,,,,,,,,,
2021-08-31,1003.8,1005.3,2021-08-31T07:51:00,1002.1,2021-08-31T16:11:00,27.5,31.9,2021-08-31T14:35:00,24.0,2021-08-31T02:52:00,95.0,70.0,2021-08-31T14:41:00,1.9,13.0,8.7,352.0,2021-08-31T16:49:00,0.0,,,,,,,,,,,,,,,,0.0,,,,0,,99.0,2021-08-31T00:01:00,,,,,,,,,,,,,,,,,,,,,,,,,,,,,,,,,,,,,,,,,,,,,,,,,,,,,,,,,,,,,,,,,,,,,,,,,,
2021-09-01,1003.1,1004.6,2021-09-01T21:54:00,1000.6,2021-09-01T14:26:00,27.7,33.1,2021-09-01T11:45:00,25.2,2021-09-01T16:12:00,92.0,61.0,2021-09-01T11:45:00,1.7,7.0,12.8,280.0,2021-09-01T14:26:00,16.5,,,,,,,,,,,,,,,,9.0,2021-09-01T15:00:00,,,0,,99.0,2021-09-01T00:01:00,,,,,,,,,,,,,,,,,,,,,,,,,,,,,,,,,,,,,,,,,,,,,,,,,,,,,,,,,,,,,,,,,,,,,,,,,,
2021-09-02,1002.1,1004.1,2021-09-02T00:01:00,999.7,2021-09-02T14:24:00,27.0,33.0,2021-09-02T11:54:00,23.8,2021-09-02T23:51:00,92.0,59.0,2021-09-02T11:42:00,1.9,360.0,9.4,317.0,2021-09-02T14:03:00,4.0,,,,,,,,,,,,,,,,3.5,2021-09-02T16:00:00,,,0,,99.0,2021-09-02T00:01:00,,,,,,,,,,,,,,,,,,,,,,,,,,,,,,,,,,,,,,,,,,,,,,,,,,,,,,,,,,,,,,,,,,,,,,,,,,
2021-09-03,1000.8,1002.6,2021-09-03T00:01:00,998.7,2021-09-03T14:01:00,26.1,33.8,2021-09-03T12:51:00,23.3,2021-09-03T03:00:00,92.0,54.0,2021-09-03T13:16:00,1.9,1.0,12.2,123.0,2021-09-03T15:13:00,13.5,,,,,,,,,,,,,,,,13.0,2021-09-03T16:00:00,,,0,,99.0,2021-09-03T00:01:00,,,,,,,,,,,,,,,,,,,,,,,,,,,,,,,,,,,,,,,,,,,,,,,,,,,,,,,,,,,,,,,,,,,,,,,,,,
2021-09-04,1001.7,1003.4,2021-09-04T22:32:00,999.4,2021-09-04T14:41:00,26.4,32.7,2021-09-04T12:21:00,23.3,2021-09-04T02:52:00,91.0,58.0,2021-09-04T12:21:00,1.9,2.0,9.7,135.0,2021-09-04T15:39:00,7.5,,,,,,,,,,,,,,,,3.5,2021-09-04T17:00:00,,,0,,99.0,2021-09-04T00:01:00,,,,,,,,,,,,,,,,,,,,,,,,,,,,,,,,,,,,,,,,,,,,,,,,,,,,,,,,,,,,,,,,,,,,,,,,,,
2021-09-05,1002.6,1005.9,2021-09-05T21:35:00,1000.3,2021-09-05T15:58:00,27.1,33.5,2021-09-05T14:03:00,23.7,2021-09-05T06:34:00,90.0,53.0,2021-09-05T14:05:00,2.1,1.0,6.4,148.0,2021-09-05T14:23:00,16.5,,,,,,,,,,,,,,,,13.5,2021-09-05T19:00:00,,,0,,99.0,2021-09-05T00:01:00,,,,,,,,,,,,,,,,,,,,,,,,,,,,,,,,,,,,,,,,,,,,,,,,,,,,,,,,,,,,,,,,,,,,,,,,,,
2021-09-06,1003.3,1005.2,2021-09-06T21:33:00,1001.5,2021-09-06T15:29:00,28.2,33.6,2021-09-06T13:33:00,24.3,2021-09-06T04:51:00,88.0,51.0,2021-09-06T13:41:00,2.3,354.0,7.9,267.0,2021-09-06T17:38:00,3.0,,,,,,,,,,,,,,,,3.0,2021-09-06T18:00:00,,,0,,99.0,2021-09-06T00:01:00,,,,,,,,,,,,,,,,,,,,,,,,,,,,,,,,,,,,,,,,,,,,,,,,,,,,,,,,,,,,,,,,,,,,,,,,,,
2021-09-07,1003.0,1004.5,2021-09-07T00:01:00,1000.8,2021-09-07T15:21:00,28.4,34.5,2021-09-07T13:12:00,25.4,2021-09-07T16:25:00,90.0,50.0,2021-09-07T13:21:00,1.2,330.0,7.9,18.0,2021-09-07T15:47:00,9.0,,,,,,,,,,,,,,,,9.0,2021-09-07T17:00:00,,,0,,99.0,2021-09-07T00:01:00,,,,,,,,,,,,,,,,,,,,,,,,,,,,,,,,,,,,,,,,,,,,,,,,,,,,,,,,,,,,,,,,,,,,,,,,,,
2021-09-08,1001.7,1003.5,2021-09-08T00:01:00,999.1,2021-09-08T15:18:00,28.5,33.5,2021-09-08T13:01:00,25.6,2021-09-08T15:17:00,91.0,59.0,2021-09-08T13:07:00,1.3,12.0,13.2,1.0,2021-09-08T15:18:00,22.5,,,,,,,,,,,,,,,,18.5,2021-09-08T16:00:00,,,0,,99.0,2021-09-08T00:01:00,,,,,,,,,,,,,,,,,,,,,,,,,,,,,,,,,,,,,,,,,,,,,,,,,,,,,,,,,,,,,,,,,,,,,,,,,,
2021-09-09,1001.8,1002.9,2021-09-09T08:52:00,1000.2,2021-09-09T15:01:00,29.0,33.7,2021-09-09T12:54:00,25.4,2021-09-09T04:53:00,87.0,56.0,2021-09-09T13:05:00,1.5,1.0,6.7,314.0,2021-09-09T15:40:00,2.0,,,,,,,,,,,,,,,,0.0,,,,0,,99.0,2021-09-09T00:01:00,,,,,,,,,,,,,,,,,,,,,,,,,,,,,,,,,,,,,,,,,,,,,,,,,,,,,,,,,,,,,,,,,,,,,,,,,,
2021-09-10,1000.0,1002.3,2021-09-10T00:01:00,997.6,2021-09-10T16:51:00,29.7,33.7,2021-09-10T14:15:00,26.4,2021-09-10T05:00:00,87.0,62.0,2021-09-10T12:43:00,1.4,355.0,7.0,316.0,2021-09-10T16:16:00,0.0,,,,,,,,,,,,,,,,0.0,,,,0,,99.0,2021-09-10T00:01:00,,,,,,,,,,,,,,,,,,,,,,,,,,,,,,,,,,,,,,,,,,,,,,,,,,,,,,,,,,,,,,,,,,,,,,,,,,
2021-09-11,992.7,997.6,2021-09-11T00:01:00,988.8,2021-09-11T23:43:00,28.2,30.9,2021-09-11T12:42:00,26.3,2021-09-11T23:04:00,98.0,82.0,2021-09-11T13:21:00,1.4,357.0,6.4,344.0,2021-09-11T13:37:00,1.0,,,,,,,,,,,,,,,,0.5,2021-09-11T15:00:00,,,0,,99.0,2021-09-11T01:35:00,,,,,,,,,,,,,,,,,,,,,,,,,,,,,,,,,,,,,,,,,,,,,,,,,,,,,,,,,,,,,,,,,,,,,,,,,,
2021-09-12,992.0,998.7,2021-09-12T22:58:00,987.3,2021-09-12T04:01:00,26.8,29.0,2021-09-12T14:12:00,24.7,2021-09-12T02:57:00,99.0,99.0,2021-09-12T17:12:00,2.6,16.0,11.3,334.0,2021-09-12T13:05:00,14.5,,,,,,,,,,,,,,,,10.0,2021-09-12T01:00:00,,,0,,99.0,2021-09-12T00:49:00,,,,,,,,,,,,,,,,,,,,,,,,,,,,,,,,,,,,,,,,,,,,,,,,,,,,,,,,,,,,,,,,,,,,,,,,,,
2021-09-13,1001.1,1004.5,2021-09-13T23:03:00,997.5,2021-09-13T02:53:00,26.0,30.0,2021-09-13T09:31:00,22.9,2021-09-13T11:02:00,98.0,76.0,2021-09-13T09:48:00,1.7,31.0,14.8,244.0,2021-09-13T09:54:00,52.5,,,,,,,,,,,,,,,,38.0,2021-09-13T11:00:00,,,0,,99.0,2021-09-13T00:01:00,,,,,,,,,,,,,,,,,,,,,,,,,,,,,,,,,,,,,,,,,,,,,,,,,,,,,,,,,,,,,,,,,,,,,,,,,,
2021-09-14,1004.8,1006.3,2021-09-14T22:29:00,1002.9,2021-09-14T14:18:00,27.5,33.1,2021-09-14T11:32:00,24.5,2021-09-14T05:02:00,93.0,68.0,2021-09-14T11:41:00,1.7,4.0,9.9,274.0,2021-09-14T14:38:00,1.0,,,,,,,,,,,,,,,,1.0,2021-09-14T04:00:00,,,0,,99.0,2021-09-14T00:01:00,,,,,,,,,,,,,,,,,,,,,,,,,,,,,,,,,,,,,,,,,,,,,,,,,,,,,,,,,,,,,,,,,,,,,,,,,,
2021-09-15,1003.9,1005.9,2021-09-15T00:01:00,1001.2,2021-09-15T15:11:00,27.8,34.4,2021-09-15T12:32:00,24.9,2021-09-15T06:05:00,90.0,56.0,2021-09-15T12:12:00,1.9,37.0,8.2,264.0,2021-09-15T15:23:00,12.0,,,,,,,,,,,,,,,,11.5,2021-09-15T18:00:00,,,0,,99.0,2021-09-15T00:23:00,,,,,,,,,,,,,,,,,,,,,,,,,,,,,,,,,,,,,,,,,,,,,,,,,,,,,,,,,,,,,,,,,,,,,,,,,,
2021-09-16,1002.1,1004.1,2021-09-16T00:01:00,999.5,2021-09-16T15:42:00,28.0,33.6,2021-09-16T12:31:00,24.4,2021-09-16T05:12:00,89.0,57.0,2021-09-16T12:41:00,1.9,4.0,9.9,124.0,2021-09-16T14:58:00,2.0,,,,,,,,,,,,,,,,2.0,2021-09-16T16:00:00,,,0,,99.0,2021-09-16T00:01:00,,,,,,,,,,,,,,,,,,,,,,,,,,,,,,,,,,,,,,,,,,,,,,,,,,,,,,,,,,,,,,,,,,,,,,,,,,
2021-09-17,1002.6,1004.3,2021-09-17T21:31:00,1000.8,2021-09-17T15:21:00,28.2,33.6,2021-09-17T12:42:00,25.1,2021-09-17T05:21:00,87.0,53.0,2021-09-17T11:56:00,2.0,7.0,9.3,108.0,2021-09-17T16:58:00,17.5,,,,,,,,,,,,,,,,14.5,2021-09-17T18:00:00,,,0,,99.0,2021-09-17T00:01:00,,,,,,,,,,,,,,,,,,,,,,,,,,,,,,,,,,,,,,,,,,,,,,,,,,,,,,,,,,,,,,,,,,,,,,,,,,
2021-09-18,1004.1,1005.6,2021-09-18T22:01:00,1002.5,2021-09-18T14:34:00,28.4,33.7,2021-09-18T12:43:00,25.6,2021-09-18T04:26:00,90.0,55.0,2021-09-18T13:21:00,1.3,83.0,6.8,175.0,2021-09-18T15:31:00,0.0,,,,,,,,,,,,,,,,0.0,,,,0,,99.0,2021-09-18T00:01:00,,,,,,,,,,,,,,,,,,,,,,,,,,,,,,,,,,,,,,,,,,,,,,,,,,,,,,,,,,,,,,,,,,,,,,,,,,
2021-09-19,1004.3,1005.4,2021-09-19T00:01:00,1002.5,2021-09-19T15:12:00,28.9,33.8,2021-09-19T13:06:00,26.2,2021-09-19T03:01:00,87.0,58.0,2021-09-19T13:06:00,1.6,20.0,8.6,260.0,2021-09-19T15:13:00,0.0,,,,,,,,,,,,,,,,0.0,,,,0,,99.0,2021-09-19T00:01:00,,,,,,,,,,,,,,,,,,,,,,,,,,,,,,,,,,,,,,,,,,,,,,,,,,,,,,,,,,,,,,,,,,,,,,,,,,
2021-09-20,1003.2,1005.0,2021-09-20T00:01:00,1000.3,2021-09-20T15:41:00,29.3,34.7,2021-09-20T14:32:00,25.5,2021-09-20T06:16:00,83.0,47.0,2021-09-20T13:42:00,1.6,13.0,7.3,306.0,2021-09-20T16:04:00,1.5,,,,,,,,,,,,,,,,1.0,2021-09-20T19:00:00,,,0,,99.0,2021-09-20T00:01:00,,,,,,,,,,,,,,,,,,,,,,,,,,,,,,,,,,,,,,,,,,,,,,,,,,,,,,,,,,,,,,,,,,,,,,,,,,
2021-09-21,1002.3,1004.0,2021-09-21T00:01:00,999.4,2021-09-21T14:33:00,27.7,33.5,2021-09-21T12:51:00,24.9,2021-09-21T19:07:00,90.0,60.0,2021-09-21T11:42:00,2.2,3.0,10.6,156.0,2021-09-21T15:31:00,0.0,,,,,,,,,,,,,,,,0.0,,,,0,,99.0,2021-09-21T01:35:00,,,,,,,,,,,,,,,,,,,,,,,,,,,,,,,,,,,,,,,,,,,,,,,,,,,,,,,,,,,,,,,,,,,,,,,,,,
2021-09-22,1003.7,1006.6,2021-09-22T23:14:00,1001.6,2021-09-22T14:39:00,28.1,34.7,2021-09-22T13:38:00,23.8,2021-09-22T02:26:00,87.0,50.0,2021-09-22T13:41:00,2.0,8.0,8.5,255.0,2021-09-22T16:03:00,0.0,,,,,,,,,,,,,,,,0.0,,,,0,,99.0,2021-09-22T23:01:00,,,,,,,,,,,,,,,,,,,,,,,,,,,,,,,,,,,,,,,,,,,,,,,,,,,,,,,,,,,,,,,,,,,,,,,,,,
2021-09-23,1006.3,1008.0,2021-09-23T21:02:00,1004.4,2021-09-23T15:17:00,27.5,33.7,2021-09-23T12:58:00,24.4,2021-09-23T05:24:00,87.0,53.0,2021-09-23T12:58:00,1.9,2.0,8.2,10.0,2021-09-23T17:24:00,2.0,,,,,,,,,,,,,,,,2.0,2021-09-23T17:00:00,,,0,,99.0,2021-09-23T01:01:00,,,,,,,,,,,,,,,,,,,,,,,,,,,,,,,,,,,,,,,,,,,,,,,,,,,,,,,,,,,,,,,,,,,,,,,,,,
2021-09-24,1006.1,1007.7,2021-09-24T00:01:00,1003.3,2021-09-24T15:13:00,26.8,33.9,2021-09-24T13:24:00,23.0,2021-09-24T16:31:00,89.0,52.0,2021-09-24T13:24:00,1.8,35.0,8.8,203.0,2021-09-24T15:52:00,14.0,,,,,,,,,,,,,,,,5.5,2021-09-24T16:00:00,,,0,,99.0,2021-09-24T00:01:00,,,,,,,,,,,,,,,,,,,,,,,,,,,,,,,,,,,,,,,,,,,,,,,,,,,,,,,,,,,,,,,,,,,,,,,,,,
2021-09-25,1004.4,1006.0,2021-09-25T00:01:00,1002.5,2021-09-25T14:51:00,27.6,34.3,2021-09-25T15:12:00,24.1,2021-09-25T04:39:00,87.0,49.0,2021-09-25T13:34:00,1.6,2.0,10.9,333.0,2021-09-25T19:04:00,8.5,,,,,,,,,,,,,,,,5.0,2021-09-25T19:00:00,,,0,,99.0,2021-09-25T00:01:00,,,,,,,,,,,,,,,,,,,,,,,,,,,,,,,,,,,,,,,,,,,,,,,,,,,,,,,,,,,,,,,,,,,,,,,,,,
2021-09-26,1003.3,1004.8,2021-09-26T00:01:00,1001.1,2021-09-26T15:08:00,28.5,34.1,2021-09-26T13:51:00,24.5,2021-09-26T06:19:00,85.0,50.0,2021-09-26T12:25:00,1.8,5.0,6.4,268.0,2021-09-26T15:37:00,0.0,,,,,,,,,,,,,,,,0.0,,,,0,,99.0,2021-09-26T00:01:00,,,,,,,,,,,,,,,,,,,,,,,,,,,,,,,,,,,,,,,,,,,,,,,,,,,,,,,,,,,,,,,,,,,,,,,,,,
2021-09-27,1001.8,1003.3,2021-09-27T00:01:00,999.8,2021-09-27T15:17:00,28.6,33.9,2021-09-27T13:11:00,25.7,2021-09-27T07:02:00,87.0,54.0,2021-09-27T12:34:00,1.3,11.0,7.1,273.0,2021-09-27T13:31:00,0.0,,,,,,,,,,,,,,,,0.0,,,,0,,99.0,2021-09-27T00:01:00,,,,,,,,,,,,,,,,,,,,,,,,,,,,,,,,,,,,,,,,,,,,,,,,,,,,,,,,,,,,,,,,,,,,,,,,,,
2021-09-28,1000.5,1001.9,2021-09-28T00:01:00,998.4,2021-09-28T14:41:00,29.2,33.4,2021-09-28T13:02:00,26.0,2021-09-28T05:29:00,84.0,51.0,2021-09-28T11:34:00,1.4,4.0,6.7,264.0,2021-09-28T12:04:00,1.0,,,,,,,,,,,,,,,,0.5,2021-09-28T17:00:00,,,0,,99.0,2021-09-28T01:14:00,,,,,,,,,,,,,,,,,,,,,,,,,,,,,,,,,,,,,,,,,,,,,,,,,,,,,,,,,,,,,,,,,,,,,,,,,,
2021-09-29,999.5,1001.0,2021-09-29T00:01:00,997.1,2021-09-29T15:05:00,29.1,33.3,2021-09-29T13:47:00,25.8,2021-09-29T05:53:00,83.0,58.0,2021-09-29T13:03:00,1.6,286.0,7.4,319.0,2021-09-29T14:09:00,0.0,,,,,,,,,,,,,,,,0.0,,,,0,,99.0,2021-09-29T03:43:00,,,,,,,,,,,,,,,,,,,,,,,,,,,,,,,,,,,,,,,,,,,,,,,,,,,,,,,,,,,,,,,,,,,,,,,,,,
2021-09-30,1000.2,1002.6,2021-09-30T22:01:00,998.1,2021-09-30T15:14:00,29.2,34.4,2021-09-30T13:21:00,25.9,2021-09-30T04:04:00,85.0,49.0,2021-09-30T13:11:00,1.8,18.0,6.5,316.0,2021-09-30T15:34:00,0.0,,,,,,,,,,,,,,,,0.0,,,,0,,99.0,2021-09-30T02:39:00,,,,,,,,,,,,,,,,,,,,,,,,,,,,,,,,,,,,,,,,,,,,,,,,,,,,,,,,,,,,,,,,,,,,,,,,,,
2021-10-01,1001.8,1003.8,2021-10-01T22:11:00,999.7,2021-10-01T14:41:00,28.6,33.7,2021-10-01T12:44:00,25.5,2021-10-01T05:03:00,84.0,52.0,2021-10-01T12:44:00,1.7,1.0,9.6,274.0,2021-10-01T13:42:00,0.0,,,,,,,,,,,,,,,,0.0,,,,0,,99.0,2021-10-01T02:11:00,,,,,,,,,,,,,,,,,,,,,,,,,,,,,,,,,,,,,,,,,,,,,,,,,,,,,,,,,,,,,,,,,,,,,,,,,,
2021-10-02,1003.7,1005.0,2021-10-02T08:02:00,1001.3,2021-10-02T14:29:00,27.9,34.3,2021-10-02T13:33:00,25.6,2021-10-02T16:04:00,90.0,48.0,2021-10-02T12:54:00,1.7,42.0,13.6,162.0,2021-10-02T15:15:00,0.0,,,,,,,,,,,,,,,,0.0,,,,0,,99.0,2021-10-02T04:21:00,,,,,,,,,,,,,,,,,,,,,,,,,,,,,,,,,,,,,,,,,,,,,,,,,,,,,,,,,,,,,,,,,,,,,,,,,,
2021-10-03,1004.6,1005.9,2021-10-03T08:33:00,1002.8,2021-10-03T15:00:00,28.5,34.1,2021-10-03T13:21:00,24.6,2021-10-03T05:12:00,85.0,49.0,2021-10-03T13:21:00,1.8,269.0,8.2,266.0,2021-10-03T15:00:00,0.0,,,,,,,,,,,,,,,,0.0,,,,0,,99.0,2021-10-03T00:01:00,,,,,,,,,,,,,,,,,,,,,,,,,,,,,,,,,,,,,,,,,,,,,,,,,,,,,,,,,,,,,,,,,,,,,,,,,,
2021-10-04,1004.4,1006.3,2021-10-04T09:44:00,1002.6,2021-10-04T15:01:00,28.8,33.7,2021-10-04T13:25:00,24.9,2021-10-04T05:54:00,82.0,57.0,2021-10-04T13:23:00,1.7,269.0,8.1,315.0,2021-10-04T15:08:00,0.0,,,,,,,,,,,,,,,,0.0,,,,0,,99.0,2021-10-04T00:54:00,,,,,,,,,,,,,,,,,,,,,,,,,,,,,,,,,,,,,,,,,,,,,,,,,,,,,,,,,,,,,,,,,,,,,,,,,,
2021-10-05,1002.6,1004.6,2021-10-05T00:01:00,1000.6,2021-10-05T14:36:00,28.3,33.5,2021-10-05T13:12:00,24.6,2021-10-05T04:21:00,79.0,53.0,2021-10-05T11:56:00,1.6,3.0,6.8,267.0,2021-10-05T13:43:00,0.0,,,,,,,,,,,,,,,,0.0,,,,0,,99.0,2021-10-05T01:24:00,,,,,,,,,,,,,,,,,,,,,,,,,,,,,,,,,,,,,,,,,,,,,,,,,,,,,,,,,,,,,,,,,,,,,,,,,,
2021-10-06,1000.4,1003.1,2021-10-06T00:01:00,998.0,2021-10-06T16:22:00,28.2,33.3,2021-10-06T12:21:00,24.6,2021-10-06T04:13:00,87.0,50.0,2021-10-06T12:13:00,2.0,357.0,7.4,257.0,2021-10-06T14:34:00,0.0,,,,,,,,,,,,,,,,0.0,,,,0,,99.0,2021-10-06T03:56:00,,,,,,,,,,,,,,,,,,,,,,,,,,,,,,,,,,,,,,,,,,,,,,,,,,,,,,,,,,,,,,,,,,,,,,,,,,
2021-10-07,1000.0,1001.5,2021-10-07T22:11:00,998.3,2021-10-07T14:36:00,27.7,31.3,2021-10-07T14:27:00,24.8,2021-10-07T06:12:00,93.0,68.0,2021-10-07T12:03:00,1.9,5.0,7.2,337.0,2021-10-07T13:07:00,0.0,,,,,,,,,,,,,,,,0.0,,,,0,,99.0,2021-10-07T01:21:00,,,,,,,,,,,,,,,,,,,,,,,,,,,,,,,,,,,,,,,,,,,,,,,,,,,,,,,,,,,,,,,,,,,,,,,,,,
2021-10-08,1000.6,1002.4,2021-10-08T21:51:00,998.9,2021-10-08T14:24:00,28.3,33.1,2021-10-08T13:24:00,25.6,2021-10-08T04:51:00,91.0,61.0,2021-10-08T13:24:00,1.5,329.0,6.1,271.0,2021-10-08T14:17:00,0.0,,,,,,,,,,,,,,,,0.0,,,,0,,99.0,2021-10-08T00:01:00,,,,,,,,,,,,,,,,,,,,,,,,,,,,,,,,,,,,,,,,,,,,,,,,,,,,,,,,,,,,,,,,,,,,,,,,,,
2021-10-09,1000.9,1002.8,2021-10-09T09:43:00,998.9,2021-10-09T15:28:00,28.4,33.3,2021-10-09T12:48:00,24.9,2021-10-09T06:09:00,90.0,57.0,2021-10-09T13:03:00,1.2,133.0,7.9,265.0,2021-10-09T14:59:00,3.5,,,,,,,,,,,,,,,,2.0,2021-10-09T16:00:00,,,0,,99.0,2021-10-09T00:01:00,,,,,,,,,,,,,,,,,,,,,,,,,,,,,,,,,,,,,,,,,,,,,,,,,,,,,,,,,,,,,,,,,,,,,,,,,,
2021-10-10,998.9,1001.2,2021-10-10T00:01:00,996.8,2021-10-10T23:32:00,28.4,33.6,2021-10-10T12:12:00,24.8,2021-10-10T06:09:00,86.0,54.0,2021-10-10T12:12:00,1.5,275.0,7.3,313.0,2021-10-10T13:36:00,0.0,,,,,,,,,,,,,,,,0.0,,,,0,,99.0,2021-10-10T00:01:00,,,,,,,,,,,,,,,,,,,,,,,,,,,,,,,,,,,,,,,,,,,,,,,,,,,,,,,,,,,,,,,,,,,,,,,,,,
2021-10-11,990.6,997.0,2021-10-11T00:02:00,986.8,2021-10-11T21:41:00,26.4,29.1,2021-10-11T11:11:00,23.9,2021-10-11T19:21:00,99.0,90.0,2021-10-11T16:11:00,1.2,34.0,6.8,44.0,2021-10-11T18:03:00,4.5,,,,,,,,,,,,,,,,3.0,2021-10-11T19:00:00,,,0,,99.0,2021-10-11T00:21:00,,,,,,,,,,,,,,,,,,,,,,,,,,,,,,,,,,,,,,,,,,,,,,,,,,,,,,,,,,,,,,,,,,,,,,,,,,
2021-10-12,991.5,997.4,2021-10-12T23:15:00,986.9,2021-10-12T01:49:00,25.5,30.2,2021-10-12T16:19:00,23.8,2021-10-12T03:12:00,98.0,56.0,2021-10-12T16:19:00,2.4,3.0,10.8,50.0,2021-10-12T14:53:00,13.5,,,,,,,,,,,,,,,,6.5,2021-10-12T12:00:00,,,0,,99.0,2021-10-12T00:01:00,,,,,,,,,,,,,,,,,,,,,,,,,,,,,,,,,,,,,,,,,,,,,,,,,,,,,,,,,,,,,,,,,,,,,,,,,,
2021-10-13,1000.4,1002.8,2021-10-13T21:15:00,997.0,2021-10-13T00:11:00,24.9,26.6,2021-10-13T10:21:00,23.6,2021-10-13T05:01:00,99.0,99.0,2021-10-13T10:22:00,1.6,11.0,5.8,20.0,2021-10-13T04:57:00,19.5,,,,,,,,,,,,,,,,4.0,2021-10-13T06:00:00,,,0,,99.0,2021-10-13T00:01:00,,,,,,,,,,,,,,,,,,,,,,,,,,,,,,,,,,,,,,,,,,,,,,,,,,,,,,,,,,,,,,,,,,,,,,,,,,
2021-10-14,1002.5,1004.6,2021-10-14T09:31:00,1000.7,2021-10-14T02:41:00,25.1,27.5,2021-10-14T15:51:00,23.6,2021-10-14T01:46:00,99.0,99.0,2021-10-14T15:01:00,0.9,39.0,3.2,38.0,2021-10-14T10:05:00,4.5,,,,,,,,,,,,,,,,0.5,2021-10-14T01:00:00,,,0,,99.0,2021-10-14T00:01:00,,,,,,,,,,,,,,,,,,,,,,,,,,,,,,,,,,,,,,,,,,,,,,,,,,,,,,,,,,,,,,,,,,,,,,,,,,
2021-10-15,1002.1,1003.7,2021-10-15T21:34:00,1000.2,2021-10-15T15:11:00,27.5,32.0,2021-10-15T13:01:00,24.3,2021-10-15T04:54:00,94.0,68.0,2021-10-15T12:29:00,1.4,9.0,8.6,270.0,2021-10-15T15:36:00,1.0,,,,,,,,,,,,,,,,0.5,2021-10-15T06:00:00,,,0,,99.0,2021-10-15T00:01:00,,,,,,,,,,,,,,,,,,,,,,,,,,,,,,,,,,,,,,,,,,,,,,,,,,,,,,,,,,,,,,,,,,,,,,,,,,
2021-10-16,1004.8,1007.4,2021-10-16T21:51:00,1002.6,2021-10-16T02:31:00,26.7,32.7,2021-10-16T13:02:00,23.7,2021-10-16T18:22:00,88.0,56.0,2021-10-16T14:59:00,1.8,45.0,7.3,64.0,2021-10-16T17:54:00,0.5,,,,,,,,,,,,,,,,0.5,2021-10-16T11:00:00,,,0,,99.0,2021-10-16T00:01:00,,,,,,,,,,,,,,,,,,,,,,,,,,,,,,,,,,,,,,,,,,,,,,,,,,,,,,,,,,,,,,,,,,,,,,,,,,
2021-10-17,1007.4,1008.6,2021-10-17T22:18:00,1005.5,2021-10-17T14:40:00,25.8,31.0,2021-10-17T11:36:00,23.2,2021-10-17T23:46:00,94.0,62.0,2021-10-17T11:22:00,1.6,30.0,6.7,193.0,2021-10-17T14:40:00,1.0,,,,,,,,,,,,,,,,0.5,2021-10-17T05:00:00,,,0,,99.0,2021-10-17T00:01:00,,,,,,,,,,,,,,,,,,,,,,,,,,,,,,,,,,,,,,,,,,,,,,,,,,,,,,,,,,,,,,,,,,,,,,,,,,
2021-10-18,1008.5,1010.3,2021-10-18T22:26:00,1006.5,2021-10-18T14:25:00,25.7,30.7,2021-10-18T13:14:00,22.4,2021-10-18T02:22:00,89.0,58.0,2021-10-18T12:43:00,1.2,282.0,6.9,265.0,2021-10-18T17:03:00,0.5,,,,,,,,,,,,,,,,0.5,2021-10-18T11:00:00,,,0,,99.0,2021-10-18T04:07:00,,,,,,,,,,,,,,,,,,,,,,,,,,,,,,,,,,,,,,,,,,,,,,,,,,,,,,,,,,,,,,,,,,,,,,,,,,
2021-10-19,1009.1,1010.9,2021-10-19T08:31:00,1007.1,2021-10-19T14:23:00,26.1,30.7,2021-10-19T13:13:00,22.8,2021-10-19T05:29:00,86.0,52.0,2021-10-19T13:12:00,1.8,9.0,8.9,278.0,2021-10-19T14:17:00,0.5,,,,,,,,,,,,,,,,0.5,2021-10-19T06:00:00,,,0,,99.0,2021-10-19T03:52:00,,,,,,,,,,,,,,,,,,,,,,,,,,,,,,,,,,,,,,,,,,,,,,,,,,,,,,,,,,,,,,,,,,,,,,,,,,
2021-10-20,1007.8,1009.5,2021-10-20T00:01:00,1006.0,2021-10-20T15:50:00,26.8,30.9,2021-10-20T12:31:00,24.0,2021-10-20T05:15:00,82.0,55.0,2021-10-20T12:31:00,1.7,338.0,7.8,271.0,2021-10-20T13:52:00,0.5,,,,,,,,,,,,,,,,0.5,2021-10-20T23:00:00,,,0,,99.0,2021-10-20T03:31:00,,,,,,,,,,,,,,,,,,,,,,,,,,,,,,,,,,,,,,,,,,,,,,,,,,,,,,,,,,,,,,,,,,,,,,,,,,
2021-10-21,1005.4,1006.9,2021-10-21T23:53:00,1003.4,2021-10-21T14:55:00,26.5,31.5,2021-10-21T12:11:00,22.4,2021-10-21T23:21:00,83.0,47.0,2021-10-21T12:11:00,2.6,8.0,10.2,315.0,2021-10-21T13:35:00,0.0,,,,,,,,,,,,,,,,0.0,,,,0,,99.0,2021-10-21T06:31:00,,,,,,,,,,,,,,,,,,,,,,,,,,,,,,,,,,,,,,,,,,,,,,,,,,,,,,,,,,,,,,,,,,,,,,,,,,
2021-10-22,1007.7,1009.6,2021-10-22T22:37:00,1006.1,2021-10-22T02:23:00,24.7,30.2,2021-10-22T13:51:00,21.0,2021-10-22T05:05:00,90.0,60.0,2021-10-22T13:55:00,1.7,2.0,8.1,204.0,2021-10-22T16:07:00,0.0,,,,,,,,,,,,,,,,0.0,,,,0,,99.0,2021-10-22T04:55:00,,,,,,,,,,,,,,,,,,,,,,,,,,,,,,,,,,,,,,,,,,,,,,,,,,,,,,,,,,,,,,,,,,,,,,,,,,
2021-10-23,1009.0,1010.3,2021-10-23T21:11:00,1007.7,2021-10-23T14:43:00,25.5,29.0,2021-10-23T12:53:00,22.6,2021-10-23T02:49:00,85.0,59.0,2021-10-23T12:53:00,1.1,275.0,5.2,327.0,2021-10-23T11:04:00,0.0,,,,,,,,,,,,,,,,0.0,,,,0,,99.0,2021-10-23T06:32:00,,,,,,,,,,,,,,,,,,,,,,,,,,,,,,,,,,,,,,,,,,,,,,,,,,,,,,,,,,,,,,,,,,,,,,,,,,
2021-10-24,1007.9,1009.5,2021-10-24T00:01:00,1005.4,2021-10-24T14:31:00,25.8,30.9,2021-10-24T14:51:00,22.7,2021-10-24T23:52:00,86.0,55.0,2021-10-24T12:54:00,1.6,5.0,7.0,313.0,2021-10-24T16:50:00,0.0,,,,,,,,,,,,,,,,0.0,,,,0,,99.0,2021-10-24T00:41:00,,,,,,,,,,,,,,,,,,,,,,,,,,,,,,,,,,,,,,,,,,,,,,,,,,,,,,,,,,,,,,,,,,,,,,,,,,
2021-10-25,1006.2,1007.8,2021-10-25T08:54:00,1004.2,2021-10-25T13:43:00,25.3,31.0,2021-10-25T13:52:00,20.9,2021-10-25T06:01:00,89.0,53.0,2021-10-25T12:31:00,1.8,11.0,7.1,182.0,2021-10-25T15:18:00,0.5,,,,,,,,,,,,,,,,0.5,2021-10-25T06:00:00,,,0,,99.0,2021-10-25T05:04:00,,,,,,,,,,,,,,,,,,,,,,,,,,,,,,,,,,,,,,,,,,,,,,,,,,,,,,,,,,,,,,,,,,,,,,,,,,
2021-10-26,1006.6,1008.3,2021-10-26T21:11:00,1004.6,2021-10-26T13:54:00,26.3,31.8,2021-10-26T11:32:00,22.5,2021-10-26T06:11:00,87.0,52.0,2021-10-26T11:30:00,1.8,3.0,7.3,265.0,2021-10-26T15:24:00,0.0,,,,,,,,,,,,,,,,0.0,,,,0,,99.0,2021-10-26T01:12:00,,,,,,,,,,,,,,,,,,,,,,,,,,,,,,,,,,,,,,,,,,,,,,,,,,,,,,,,,,,,,,,,,,,,,,,,,,
2021-10-27,1007.9,1009.4,2021-10-27T09:01:00,1006.1,2021-10-27T14:41:00,26.2,31.0,2021-10-27T13:15:00,22.7,2021-10-27T05:53:00,83.0,50.0,2021-10-27T12:02:00,1.8,12.0,6.9,262.0,2021-10-27T13:56:00,0.0,,,,,,,,,,,,,,,,0.0,,,,0,,99.0,2021-10-27T02:31:00,,,,,,,,,,,,,,,,,,,,,,,,,,,,,,,,,,,,,,,,,,,,,,,,,,,,,,,,,,,,,,,,,,,,,,,,,,
2021-10-28,1008.8,1010.2,2021-10-28T21:11:00,1007.0,2021-10-28T13:55:00,25.9,30.5,2021-10-28T12:22:00,23.3,2021-10-28T02:21:00,85.0,57.0,2021-10-28T11:42:00,2.0,263.0,8.5,270.0,2021-10-28T14:09:00,0.0,,,,,,,,,,,,,,,,0.0,,,,0,,99.0,2021-10-28T04:31:00,,,,,,,,,,,,,,,,,,,,,,,,,,,,,,,,,,,,,,,,,,,,,,,,,,,,,,,,,,,,,,,,,,,,,,,,,,
2021-10-29,1009.2,1011.3,2021-10-29T09:29:00,1007.1,2021-10-29T14:37:00,24.9,29.7,2021-10-29T13:01:00,21.6,2021-10-29T06:03:00,85.0,54.0,2021-10-29T13:52:00,1.7,4.0,7.5,266.0,2021-10-29T15:34:00,0.0,,,,,,,,,,,,,,,,0.0,,,,0,,99.0,2021-10-29T04:56:00,,,,,,,,,,,,,,,,,,,,,,,,,,,,,,,,,,,,,,,,,,,,,,,,,,,,,,,,,,,,,,,,,,,,,,,,,,
2021-10-30,1009.9,1011.2,2021-10-30T08:01:00,1008.5,2021-10-30T14:32:00,25.4,30.7,2021-10-30T12:02:00,21.7,2021-10-30T05:28:00,81.0,49.0,2021-10-30T12:23:00,1.6,5.0,8.5,271.0,2021-10-30T13:23:00,0.0,,,,,,,,,,,,,,,,0.0,,,,0,,99.0,2021-10-30T05:41:00,,,,,,,,,,,,,,,,,,,,,,,,,,,,,,,,,,,,,,,,,,,,,,,,,,,,,,,,,,,,,,,,,,,,,,,,,,
2021-10-31,1009.6,1010.9,2021-10-31T21:52:00,1007.5,2021-10-31T14:32:00,25.2,29.7,2021-10-31T14:22:00,21.8,2021-10-31T05:20:00,85.0,54.0,2021-10-31T14:36:00,1.5,5.0,6.3,313.0,2021-10-31T15:00:00,0.0,,,,,,,,,,,,,,,,0.0,,,,0,,99.0,2021-10-31T01:23:00,,,,,,,,,,,,,,,,,,,,,,,,,,,,,,,,,,,,,,,,,,,,,,,,,,,,,,,,,,,,,,,,,,,,,,,,,,
2021-11-01,1009.6,1011.3,2021-11-01T08:21:00,1007.3,2021-11-01T15:10:00,25.9,31.1,2021-11-01T12:56:00,21.6,2021-11-01T05:31:00,83.0,47.0,2021-11-01T12:58:00,1.6,1.0,7.5,209.0,2021-11-01T16:48:00,0.0,,,,,,,,,,,,,,,,0.0,,,,0,,99.0,2021-11-01T01:55:00,,,,,,,,,,,,,,,,,,,,,,,,,,,,,,,,,,,,,,,,,,,,,,,,,,,,,,,,,,,,,,,,,,,,,,,,,,
2021-11-02,1008.9,1010.8,2021-11-02T08:25:00,1006.5,2021-11-02T15:31:00,26.1,31.2,2021-11-02T13:11:00,22.6,2021-11-02T05:02:00,86.0,51.0,2021-11-02T13:21:00,1.5,173.0,7.0,165.0,2021-11-02T16:38:00,0.0,,,,,,,,,,,,,,,,0.0,,,,0,,99.0,2021-11-02T02:31:00,,,,,,,,,,,,,,,,,,,,,,,,,,,,,,,,,,,,,,,,,,,,,,,,,,,,,,,,,,,,,,,,,,,,,,,,,,
2021-11-03,1007.8,1009.3,2021-11-03T08:22:00,1005.5,2021-11-03T14:49:00,26.1,30.5,2021-11-03T11:53:00,23.2,2021-11-03T04:44:00,83.0,55.0,2021-11-03T11:27:00,1.5,32.0,7.4,263.0,2021-11-03T12:59:00,0.0,,,,,,,,,,,,,,,,0.0,,,,0,,99.0,2021-11-03T01:58:00,,,,,,,,,,,,,,,,,,,,,,,,,,,,,,,,,,,,,,,,,,,,,,,,,,,,,,,,,,,,,,,,,,,,,,,,,,
2021-11-04,1006.8,1008.3,2021-11-04T09:04:00,1004.7,2021-11-04T15:05:00,26.2,30.6,2021-11-04T13:44:00,23.1,2021-11-04T06:26:00,83.0,55.0,2021-11-04T13:11:00,1.6,338.0,8.3,307.0,2021-11-04T15:17:00,0.0,,,,,,,,,,,,,,,,0.0,,,,0,,99.0,2021-11-04T03:21:00,,,,,,,,,,,,,,,,,,,,,,,,,,,,,,,,,,,,,,,,,,,,,,,,,,,,,,,,,,,,,,,,,,,,,,,,,,
2021-11-05,1004.6,1007.3,2021-11-05T08:32:00,1002.1,2021-11-05T15:43:00,26.2,30.2,2021-11-05T12:01:00,23.2,2021-11-05T06:53:00,88.0,57.0,2021-11-05T12:03:00,1.5,360.0,6.8,223.0,2021-11-05T12:32:00,0.0,,,,,,,,,,,,,,,,0.0,,,,0,,99.0,2021-11-05T01:32:00,,,,,,,,,,,,,,,,,,,,,,,,,,,,,,,,,,,,,,,,,,,,,,,,,,,,,,,,,,,,,,,,,,,,,,,,,,
2021-11-06,1002.0,1003.4,2021-11-06T00:01:00,999.5,2021-11-06T14:22:00,26.8,33.6,2021-11-06T12:01:00,22.8,2021-11-06T05:41:00,83.0,43.0,2021-11-06T12:31:00,2.0,4.0,9.5,310.0,2021-11-06T15:27:00,0.0,,,,,,,,,,,,,,,,0.0,,,,0,,99.0,2021-11-06T00:55:00,,,,,,,,,,,,,,,,,,,,,,,,,,,,,,,,,,,,,,,,,,,,,,,,,,,,,,,,,,,,,,,,,,,,,,,,,,
2021-11-07,1003.7,1005.4,2021-11-07T22:04:00,1002.0,2021-11-07T13:38:00,26.5,32.1,2021-11-07T12:41:00,22.6,2021-11-07T06:21:00,84.0,45.0,2021-11-07T12:41:00,1.6,2.0,7.2,253.0,2021-11-07T14:08:00,0.0,,,,,,,,,,,,,,,,0.0,,,,0,,99.0,2021-11-07T01:32:00,,,,,,,,,,,,,,,,,,,,,,,,,,,,,,,,,,,,,,,,,,,,,,,,,,,,,,,,,,,,,,,,,,,,,,,,,,
2021-11-08,1005.6,1007.6,2021-11-08T22:22:00,1003.5,2021-11-08T14:01:00,24.7,30.0,2021-11-08T13:11:00,19.3,2021-11-08T23:57:00,84.0,57.0,2021-11-08T08:31:00,2.1,328.0,8.4,312.0,2021-11-08T14:08:00,0.0,,,,,,,,,,,,,,,,0.0,,,,0,,99.0,2021-11-08T00:01:00,,,,,,,,,,,,,,,,,,,,,,,,,,,,,,,,,,,,,,,,,,,,,,,,,,,,,,,,,,,,,,,,,,,,,,,,,,
2021-11-09,1008.5,1010.8,2021-11-09T09:02:00,1006.7,2021-11-09T15:23:00,21.6,27.6,2021-11-09T14:52:00,18.5,2021-11-09T04:11:00,85.0,56.0,2021-11-09T15:15:00,1.4,2.0,6.2,3.0,2021-11-09T19:14:00,0.0,,,,,,,,,,,,,,,,0.0,,,,0,,99.0,2021-11-09T09:48:00,,,,,,,,,,,,,,,,,,,,,,,,,,,,,,,,,,,,,,,,,,,,,,,,,,,,,,,,,,,,,,,,,,,,,,,,,,
2021-11-10,1008.4,1009.8,2021-11-10T08:41:00,1006.2,2021-11-10T14:22:00,21.4,26.6,2021-11-10T13:22:00,18.7,2021-11-10T03:50:00,71.0,44.0,2021-11-10T16:51:00,1.9,6.0,8.2,338.0,2021-11-10T14:22:00,0.0,,,,,,,,,,,,,,,,0.0,,,,0,,99.0,2021-11-10T03:04:00,,,,,,,,,,,,,,,,,,,,,,,,,,,,,,,,,,,,,,,,,,,,,,,,,,,,,,,,,,,,,,,,,,,,,,,,,,
2021-11-11,1008.4,1010.4,2021-11-11T08:56:00,1005.6,2021-11-11T14:33:00,21.7,28.2,2021-11-11T13:41:00,16.8,2021-11-11T03:31:00,71.0,44.0,2021-11-11T15:22:00,1.5,1.0,6.6,269.0,2021-11-11T15:40:00,0.0,,,,,,,,,,,,,,,,0.0,,,,0,,99.0,2021-11-11T06:51:00,,,,,,,,,,,,,,,,,,,,,,,,,,,,,,,,,,,,,,,,,,,,,,,,,,,,,,,,,,,,,,,,,,,,,,,,,,
2021-11-12,1009.2,1011.3,2021-11-12T08:26:00,1007.5,2021-11-12T14:34:00,22.7,27.6,2021-11-12T13:06:00,19.1,2021-11-12T00:05:00,73.0,47.0,2021-11-12T12:54:00,1.9,5.0,8.4,349.0,2021-11-12T05:05:00,0.0,,,,,,,,,,,,,,,,0.0,,,,0,,99.0,2021-11-12T01:41:00,,,,,,,,,,,,,,,,,,,,,,,,,,,,,,,,,,,,,,,,,,,,,,,,,,,,,,,,,,,,,,,,,,,,,,,,,,
2021-11-13,1008.4,1010.4,2021-11-13T07:28:00,1005.6,2021-11-13T14:16:00,21.9,28.2,2021-11-13T13:51:00,19.0,2021-11-13T23:44:00,87.0,52.0,2021-11-13T13:51:00,3.2,356.0,8.3,351.0,2021-11-13T09:40:00,0.0,,,,,,,,,,,,,,,,0.0,,,,0,,99.0,2021-11-13T06:11:00,,,,,,,,,,,,,,,,,,,,,,,,,,,,,,,,,,,,,,,,,,,,,,,,,,,,,,,,,,,,,,,,,,,,,,,,,,
2021-11-14,1008.1,1010.3,2021-11-14T09:02:00,1005.4,2021-11-14T15:40:00,21.7,27.2,2021-11-14T12:36:00,17.4,2021-11-14T05:01:00,85.0,58.0,2021-11-14T14:25:00,1.8,8.0,6.3,360.0,2021-11-14T00:56:00,0.0,,,,,,,,,,,,,,,,0.0,,,,0,,99.0,2021-11-14T03:01:00,,,,,,,,,,,,,,,,,,,,,,,,,,,,,,,,,,,,,,,,,,,,,,,,,,,,,,,,,,,,,,,,,,,,,,,,,,
2021-11-15,1007.8,1009.6,2021-11-15T08:28:00,1005.5,2021-11-15T15:49:00,23.3,28.8,2021-11-15T14:01:00,19.0,2021-11-15T06:37:00,80.0,50.0,2021-11-15T14:07:00,1.6,1.0,6.1,275.0,2021-11-15T16:18:00,0.0,,,,,,,,,,,,,,,,0.0,,,,0,,99.0,2021-11-15T04:55:00,,,,,,,,,,,,,,,,,,,,,,,,,,,,,,,,,,,,,,,,,,,,,,,,,,,,,,,,,,,,,,,,,,,,,,,,,,
2021-11-16,1008.1,1009.6,2021-11-16T08:41:00,1005.6,2021-11-16T14:57:00,23.9,30.0,2021-11-16T13:51:00,19.9,2021-11-16T06:31:00,82.0,45.0,2021-11-16T13:51:00,1.7,3.0,9.2,313.0,2021-11-16T16:56:00,0.0,,,,,,,,,,,,,,,,0.0,,,,0,,99.0,2021-11-16T04:51:00,,,,,,,,,,,,,,,,,,,,,,,,,,,,,,,,,,,,,,,,,,,,,,,,,,,,,,,,,,,,,,,,,,,,,,,,,,
2021-11-17,1007.7,1009.5,2021-11-17T08:35:00,1006.1,2021-11-17T13:48:00,23.9,29.1,2021-11-17T12:41:00,19.7,2021-11-17T06:17:00,85.0,53.0,2021-11-17T13:01:00,1.9,359.0,7.8,355.0,2021-11-17T18:02:00,0.0,,,,,,,,,,,,,,,,0.0,,,,0,,99.0,2021-11-17T00:29:00,,,,,,,,,,,,,,,,,,,,,,,,,,,,,,,,,,,,,,,,,,,,,,,,,,,,,,,,,,,,,,,,,,,,,,,,,,
2021-11-18,1004.2,1007.0,2021-11-18T00:02:00,1000.8,2021-11-18T15:31:00,23.8,30.0,2021-11-18T14:14:00,20.6,2021-11-18T02:51:00,87.0,46.0,2021-11-18T14:14:00,2.8,3.0,10.1,7.0,2021-11-18T12:11:00,0.0,,,,,,,,,,,,,,,,0.0,,,,0,,99.0,2021-11-18T01:43:00,,,,,,,,,,,,,,,,,,,,,,,,,,,,,,,,,,,,,,,,,,,,,,,,,,,,,,,,,,,,,,,,,,,,,,,,,,
2021-11-19,1002.5,1004.0,2021-11-19T08:34:00,1000.4,2021-11-19T14:52:00,24.0,29.8,2021-11-19T14:33:00,20.3,2021-11-19T06:27:00,89.0,55.0,2021-11-19T14:33:00,2.0,11.0,6.7,293.0,2021-11-19T15:19:00,0.0,,,,,,,,,,,,,,,,0.0,,,,0,,99.0,2021-11-19T06:08:00,,,,,,,,,,,,,,,,,,,,,,,,,,,,,,,,,,,,,,,,,,,,,,,,,,,,,,,,,,,,,,,,,,,,,,,,,,
2021-11-20,1004.3,1006.2,2021-11-20T21:51:00,1002.7,2021-11-20T14:38:00,24.6,29.5,2021-11-20T11:21:00,21.6,2021-11-20T02:22:00,86.0,54.0,2021-11-20T11:22:00,1.4,357.0,5.5,308.0,2021-11-20T16:00:00,0.0,,,,,,,,,,,,,,,,0.0,,,,0,,99.0,2021-11-20T00:01:00,,,,,,,,,,,,,,,,,,,,,,,,,,,,,,,,,,,,,,,,,,,,,,,,,,,,,,,,,,,,,,,,,,,,,,,,,,
2021-11-21,1005.1,1006.6,2021-11-21T09:01:00,1003.1,2021-11-21T15:21:00,25.5,30.2,2021-11-21T11:21:00,22.4,2021-11-21T06:21:00,81.0,46.0,2021-11-21T12:05:00,2.0,7.0,8.1,336.0,2021-11-21T15:04:00,0.0,,,,,,,,,,,,,,,,0.0,,,,0,,99.0,2021-11-21T05:43:00,,,,,,,,,,,,,,,,,,,,,,,,,,,,,,,,,,,,,,,,,,,,,,,,,,,,,,,,,,,,,,,,,,,,,,,,,,
2021-11-22,1005.9,1008.8,2021-11-22T22:16:00,1003.8,2021-11-22T14:34:00,23.2,29.0,2021-11-22T13:23:00,18.7,2021-11-22T22:29:00,86.0,55.0,2021-11-22T13:23:00,2.7,9.0,8.8,351.0,2021-11-22T16:49:00,0.0,,,,,,,,,,,,,,,,0.0,,,,0,,99.0,2021-11-22T03:31:00,,,,,,,,,,,,,,,,,,,,,,,,,,,,,,,,,,,,,,,,,,,,,,,,,,,,,,,,,,,,,,,,,,,,,,,,,,
2021-11-23,1009.9,1011.8,2021-11-23T23:31:00,1007.9,2021-11-23T00:59:00,19.7,23.5,2021-11-23T13:51:00,17.3,2021-11-23T06:11:00,89.0,70.0,2021-11-23T13:56:00,1.5,1.0,4.8,345.0,2021-11-23T16:51:00,0.0,,,,,,,,,,,,,,,,0.0,,,,0,,99.0,2021-11-23T00:57:00,,,,,,,,,,,,,,,,,,,,,,,,,,,,,,,,,,,,,,,,,,,,,,,,,,,,,,,,,,,,,,,,,,,,,,,,,,
2021-11-24,1010.2,1011.8,2021-11-24T00:01:00,1008.2,2021-11-24T14:41:00,21.0,26.5,2021-11-24T14:21:00,16.8,2021-11-24T01:35:00,81.0,51.0,2021-11-24T14:21:00,1.3,1.0,5.5,315.0,2021-11-24T12:41:00,0.0,,,,,,,,,,,,,,,,0.0,,,,0,,99.0,2021-11-24T04:12:00,,,,,,,,,,,,,,,,,,,,,,,,,,,,,,,,,,,,,,,,,,,,,,,,,,,,,,,,,,,,,,,,,,,,,,,,,,
2021-11-25,1008.6,1010.4,2021-11-25T08:24:00,1006.9,2021-11-25T13:43:00,20.9,24.6,2021-11-25T14:41:00,18.1,2021-11-25T01:53:00,91.0,65.0,2021-11-25T14:05:00,1.9,1.0,5.9,10.0,2021-11-25T12:34:00,0.5,,,,,,,,,,,,,,,,0.5,2021-11-25T23:59:00,,,0,,99.0,2021-11-25T23:57:00,,,,,,,,,,,,,,,,,,,,,,,,,,,,,,,,,,,,,,,,,,,,,,,,,,,,,,,,,,,,,,,,,,,,,,,,,,
2021-11-26,1008.3,1009.9,2021-11-26T08:11:00,1006.0,2021-11-26T14:31:00,22.7,28.8,2021-11-26T13:37:00,19.5,2021-11-26T05:57:00,90.0,49.0,2021-11-26T14:04:00,1.6,339.0,7.0,353.0,2021-11-26T14:12:00,0.0,,,,,,,,,,,,,,,,0.0,,,,0,,99.0,2021-11-26T00:01:00,,,,,,,,,,,,,,,,,,,,,,,,,,,,,,,,,,,,,,,,,,,,,,,,,,,,,,,,,,,,,,,,,,,,,,,,,,
2021-11-27,1009.3,1010.6,2021-11-27T21:01:00,1008.0,2021-11-27T04:08:00,22.8,27.4,2021-11-27T13:32:00,18.4,2021-11-27T04:47:00,91.0,62.0,2021-11-27T13:43:00,1.3,4.0,5.5,2.0,2021-11-27T06:36:00,0.0,,,,,,,,,,,,,,,,0.0,,,,0,,99.0,2021-11-27T04:28:00,,,,,,,,,,,,,,,,,,,,,,,,,,,,,,,,,,,,,,,,,,,,,,,,,,,,,,,,,,,,,,,,,,,,,,,,,,
2021-11-28,1009.8,1011.8,2021-11-28T09:13:00,1007.9,2021-11-28T15:21:00,22.4,24.9,2021-11-28T13:51:00,21.0,2021-11-28T04:53:00,99.0,95.0,2021-11-28T13:43:00,1.4,1.0,5.8,2.0,2021-11-28T14:42:00,3.0,,,,,,,,,,,,,,,,1.5,2021-11-28T08:00:00,,,0,,99.0,2021-11-28T00:44:00,,,,,,,,,,,,,,,,,,,,,,,,,,,,,,,,,,,,,,,,,,,,,,,,,,,,,,,,,,,,,,,,,,,,,,,,,,
2021-11-29,1007.2,1009.0,2021-11-29T09:23:00,1005.3,2021-11-29T14:31:00,23.0,27.0,2021-11-29T11:34:00,20.1,2021-11-29T06:11:00,92.0,65.0,2021-11-29T12:02:00,1.4,6.0,5.3,180.0,2021-11-29T17:13:00,0.5,,,,,,,,,,,,,,,,0.5,2021-11-29T01:00:00,,,0,,99.0,2021-11-29T00:01:00,,,,,,,,,,,,,,,,,,,,,,,,,,,,,,,,,,,,,,,,,,,,,,,,,,,,,,,,,,,,,,,,,,,,,,,,,,
2021-11-30,1006.4,1008.3,2021-11-30T08:52:00,1003.6,2021-11-30T15:11:00,22.9,27.0,2021-11-30T13:21:00,9.8,2021-11-30T22:41:00,88.0,66.0,2021-11-30T14:31:00,3.7,338.0,10.2,340.0,2021-11-30T16:08:00,0.0,,,,,,,,,,,,,,,,0.0,,,,0,,99.0,2021-11-30T00:01:00,,,,,,,,,,,,,,,,,,,,,,,,,,,,,,,,,,,,,,,,,,,,,,,,,,,,,,,,,,,,,,,,,,,,,,,,,,
2021-12-01,1009.5,1011.2,2021-12-01T22:16:00,1007.3,2021-12-01T00:02:00,18.9,23.5,2021-12-01T14:02:00,16.4,2021-12-01T23:54:00,82.0,59.0,2021-12-01T14:06:00,1.5,347.0,7.8,1.0,2021-12-01T00:43:00,0.0,,,,,,,,,,,,,,,,0.0,,,,0,,99.0,2021-12-01T05:43:00,,,,,,,,,,,,,,,,,,,,,,,,,,,,,,,,,,,,,,,,,,,,,,,,,,,,,,,,,,,,,,,,,,,,,,,,,,
2021-12-02,1010.5,1012.0,2021-12-02T09:15:00,1007.5,2021-12-02T14:43:00,18.7,24.9,2021-12-02T13:31:00,14.0,2021-12-02T06:01:00,77.0,39.0,2021-12-02T14:32:00,1.8,10.0,8.3,336.0,2021-12-02T17:23:00,0.0,,,,,,,,,,,,,,,,0.0,,,,0,,99.0,2021-12-02T06:11:00,,,,,,,,,,,,,,,,,,,,,,,,,,,,,,,,,,,,,,,,,,,,,,,,,,,,,,,,,,,,,,,,,,,,,,,,,,
2021-12-03,1010.9,1013.0,2021-12-03T23:41:00,1008.2,2021-12-03T14:57:00,18.7,25.1,2021-12-03T13:41:00,14.3,2021-12-03T05:41:00,72.0,39.0,2021-12-03T15:51:00,1.8,10.0,6.3,195.0,2021-12-03T14:57:00,0.0,,,,,,,,,,,,,,,,0.0,,,,0,,99.0,2021-12-03T04:34:00,,,,,,,,,,,,,,,,,,,,,,,,,,,,,,,,,,,,,,,,,,,,,,,,,,,,,,,,,,,,,,,,,,,,,,,,,,
2021-12-04,1012.0,1013.5,2021-12-04T08:21:00,1009.8,2021-12-04T14:17:00,18.7,25.5,2021-12-04T12:44:00,13.7,2021-12-04T05:53:00,72.0,34.0,2021-12-04T12:45:00,1.9,246.0,7.4,261.0,2021-12-04T15:09:00,0.0,,,,,,,,,,,,,,,,0.0,,,,0,,99.0,2021-12-04T05:53:00,,,,,,,,,,,,,,,,,,,,,,,,,,,,,,,,,,,,,,,,,,,,,,,,,,,,,,,,,,,,,,,,,,,,,,,,,,
2021-12-05,1011.1,1013.3,2021-12-05T08:12:00,1008.7,2021-12-05T15:04:00,19.4,25.6,2021-12-05T14:11:00,14.1,2021-12-05T04:47:00,73.0,35.0,2021-12-05T14:28:00,2.3,4.0,8.5,315.0,2021-12-05T16:43:00,0.0,,,,,,,,,,,,,,,,0.0,,,,0,,99.0,2021-12-05T23:41:00,,,,,,,,,,,,,,,,,,,,,,,,,,,,,,,,,,,,,,,,,,,,,,,,,,,,,,,,,,,,,,,,,,,,,,,,,,
2021-12-06,1009.2,1010.5,2021-12-06T08:52:00,1007.4,2021-12-06T14:31:00,19.9,26.6,2021-12-06T14:43:00,14.8,2021-12-06T06:01:00,81.0,42.0,2021-12-06T14:21:00,2.1,5.0,5.9,4.0,2021-12-06T09:32:00,0.0,,,,,,,,,,,,,,,,0.0,,,,0,,99.0,2021-12-06T00:32:00,,,,,,,,,,,,,,,,,,,,,,,,,,,,,,,,,,,,,,,,,,,,,,,,,,,,,,,,,,,,,,,,,,,,,,,,,,
2021-12-07,1010.8,1012.6,2021-12-07T23:41:00,1009.3,2021-12-07T03:41:00,20.8,26.8,2021-12-07T12:23:00,15.9,2021-12-07T05:45:00,81.0,48.0,2021-12-07T13:22:00,1.8,4.0,6.7,246.0,2021-12-07T15:02:00,0.0,,,,,,,,,,,,,,,,0.0,,,,0,,99.0,2021-12-07T00:12:00,,,,,,,,,,,,,,,,,,,,,,,,,,,,,,,,,,,,,,,,,,,,,,,,,,,,,,,,,,,,,,,,,,,,,,,,,,
2021-12-08,1012.7,1014.5,2021-12-08T08:42:00,1010.7,2021-12-08T15:01:00,20.9,27.1,2021-12-08T14:22:00,16.0,2021-12-08T06:24:00,80.0,48.0,2021-12-08T14:22:00,1.6,7.0,6.0,313.0,2021-12-08T16:14:00,0.0,,,,,,,,,,,,,,,,0.0,,,,0,,99.0,2021-12-08T01:41:00,,,,,,,,,,,,,,,,,,,,,,,,,,,,,,,,,,,,,,,,,,,,,,,,,,,,,,,,,,,,,,,,,,,,,,,,,,
2021-12-09,1012.5,1014.3,2021-12-09T08:43:00,1010.3,2021-12-09T15:42:00,21.0,27.0,2021-12-09T13:22:00,16.7,2021-12-09T07:02:00,82.0,42.0,2021-12-09T13:45:00,1.5,8.0,7.1,340.0,2021-12-09T16:18:00,0.0,,,,,,,,,,,,,,,,0.0,,,,0,,99.0,2021-12-09T06:42:00,,,,,,,,,,,,,,,,,,,,,,,,,,,,,,,,,,,,,,,,,,,,,,,,,,,,,,,,,,,,,,,,,,,,,,,,,,
2021-12-10,1011.3,1012.9,2021-12-10T09:21:00,1009.5,2021-12-10T14:52:00,20.9,26.6,2021-12-10T12:02:00,16.6,2021-12-10T06:29:00,83.0,46.0,2021-12-10T14:45:00,1.7,6.0,5.8,252.0,2021-12-10T13:13:00,0.0,,,,,,,,,,,,,,,,0.0,,,,0,,99.0,2021-12-10T00:41:00,,,,,,,,,,,,,,,,,,,,,,,,,,,,,,,,,,,,,,,,,,,,,,,,,,,,,,,,,,,,,,,,,,,,,,,,,,
2021-12-11,1011.7,1014.2,2021-12-11T08:41:00,1009.1,2021-12-11T15:23:00,21.3,27.6,2021-12-11T13:31:00,16.3,2021-12-11T06:41:00,81.0,42.0,2021-12-11T13:21:00,2.1,360.0,7.1,331.0,2021-12-11T16:08:00,0.0,,,,,,,,,,,,,,,,0.0,,,,0,,99.0,2021-12-11T00:01:00,,,,,,,,,,,,,,,,,,,,,,,,,,,,,,,,,,,,,,,,,,,,,,,,,,,,,,,,,,,,,,,,,,,,,,,,,,
2021-12-12,1011.1,1013.0,2021-12-12T09:02:00,1008.5,2021-12-12T14:53:00,21.4,28.2,2021-12-12T14:54:00,16.7,2021-12-12T06:34:00,83.0,43.0,2021-12-12T14:54:00,1.6,4.0,5.6,319.0,2021-12-12T17:10:00,0.0,,,,,,,,,,,,,,,,0.0,,,,0,,99.0,2021-12-12T00:11:00,,,,,,,,,,,,,,,,,,,,,,,,,,,,,,,,,,,,,,,,,,,,,,,,,,,,,,,,,,,,,,,,,,,,,,,,,,
2021-12-13,1010.5,1012.3,2021-12-13T09:25:00,1008.3,2021-12-13T14:52:00,21.1,26.3,2021-12-13T12:21:00,17.3,2021-12-13T06:41:00,86.0,56.0,2021-12-13T15:31:00,1.4,10.0,6.0,336.0,2021-12-13T13:04:00,0.0,,,,,,,,,,,,,,,,0.0,,,,0,,99.0,2021-12-13T00:12:00,,,,,,,,,,,,,,,,,,,,,,,,,,,,,,,,,,,,,,,,,,,,,,,,,,,,,,,,,,,,,,,,,,,,,,,,,,
2021-12-14,1009.5,1011.7,2021-12-14T09:01:00,1006.9,2021-12-14T15:23:00,21.4,28.0,2021-12-14T14:23:00,16.7,2021-12-14T06:56:00,86.0,49.0,2021-12-14T14:23:00,1.5,15.0,6.6,208.0,2021-12-14T15:27:00,0.0,,,,,,,,,,,,,,,,0.0,,,,0,,99.0,2021-12-14T00:51:00,,,,,,,,,,,,,,,,,,,,,,,,,,,,,,,,,,,,,,,,,,,,,,,,,,,,,,,,,,,,,,,,,,,,,,,,,,
2021-12-15,1008.5,1010.7,2021-12-15T08:51:00,1005.3,2021-12-15T15:03:00,22.5,28.2,2021-12-15T13:21:00,18.5,2021-12-15T06:22:00,83.0,50.0,2021-12-15T13:21:00,1.5,17.0,6.0,312.0,2021-12-15T14:23:00,0.0,,,,,,,,,,,,,,,,0.0,,,,0,,99.0,2021-12-15T00:41:00,,,,,,,,,,,,,,,,,,,,,,,,,,,,,,,,,,,,,,,,,,,,,,,,,,,,,,,,,,,,,,,,,,,,,,,,,,
2021-12-16,1008.0,1009.6,2021-12-16T08:43:00,1005.2,2021-12-16T15:23:00,22.2,28.8,2021-12-16T13:01:00,17.4,2021-12-16T06:34:00,84.0,39.0,2021-12-16T11:53:00,1.8,15.0,8.4,269.0,2021-12-16T14:01:00,0.0,,,,,,,,,,,,,,,,0.0,,,,0,,99.0,2021-12-16T00:31:00,,,,,,,,,,,,,,,,,,,,,,,,,,,,,,,,,,,,,,,,,,,,,,,,,,,,,,,,,,,,,,,,,,,,,,,,,,
2021-12-17,1008.5,1010.9,2021-12-17T21:31:00,1005.9,2021-12-17T14:19:00,20.7,27.9,2021-12-17T14:13:00,16.4,2021-12-17T23:55:00,87.0,52.0,2021-12-17T14:18:00,1.9,39.0,6.4,328.0,2021-12-17T16:16:00,0.0,,,,,,,,,,,,,,,,0.0,,,,0,,99.0,2021-12-17T00:51:00,,,,,,,,,,,,,,,,,,,,,,,,,,,,,,,,,,,,,,,,,,,,,,,,,,,,,,,,,,,,,,,,,,,,,,,,,,
2021-12-18,1012.3,1013.8,2021-12-18T09:41:00,1010.3,2021-12-18T02:21:00,17.7,21.0,2021-12-18T11:51:00,14.6,2021-12-18T04:23:00,84.0,63.0,2021-12-18T16:41:00,1.5,343.0,4.9,333.0,2021-12-18T15:22:00,0.0,,,,,,,,,,,,,,,,0.0,,,,0,,99.0,2021-12-18T04:14:00,,,,,,,,,,,,,,,,,,,,,,,,,,,,,,,,,,,,,,,,,,,,,,,,,,,,,,,,,,,,,,,,,,,,,,,,,,
2021-12-19,1012.3,1014.1,2021-12-19T07:43:00,1010.3,2021-12-19T15:25:00,20.3,24.7,2021-12-19T14:51:00,16.4,2021-12-19T04:01:00,73.0,50.0,2021-12-19T14:53:00,1.7,14.0,6.1,211.0,2021-12-19T16:28:00,0.0,,,,,,,,,,,,,,,,0.0,,,,0,,99.0,2021-12-19T07:21:00,,,,,,,,,,,,,,,,,,,,,,,,,,,,,,,,,,,,,,,,,,,,,,,,,,,,,,,,,,,,,,,,,,,,,,,,,,
2021-12-20,1010.7,1012.4,2021-12-20T00:44:00,1008.5,2021-12-20T23:38:00,19.4,23.1,2021-12-20T13:01:00,17.6,2021-12-20T23:41:00,94.0,71.0,2021-12-20T11:33:00,1.4,14.0,4.6,5.0,2021-12-20T23:43:00,2.0,,,,,,,,,,,,,,,,1.0,2021-12-20T18:00:00,,,0,,99.0,2021-12-20T16:11:00,,,,,,,,,,,,,,,,,,,,,,,,,,,,,,,,,,,,,,,,,,,,,,,,,,,,,,,,,,,,,,,,,,,,,,,,,,
2021-12-21,1006.1,1008.7,2021-12-21T02:21:00,1003.7,2021-12-21T14:51:00,20.5,24.2,2021-12-21T22:12:00,17.3,2021-12-21T03:32:00,99.0,99.0,2021-12-21T14:54:00,1.2,48.0,5.3,242.0,2021-12-21T22:12:00,2.0,,,,,,,,,,,,,,,,1.0,2021-12-21T23:00:00,,,0,,99.0,2021-12-21T00:01:00,,,,,,,,,,,,,,,,,,,,,,,,,,,,,,,,,,,,,,,,,,,,,,,,,,,,,,,,,,,,,,,,,,,,,,,,,,
2021-12-22,1005.5,1007.2,2021-12-22T23:31:00,1004.0,2021-12-22T14:32:00,22.0,25.9,2021-12-22T10:41:00,19.5,2021-12-22T07:35:00,99.0,92.0,2021-12-22T12:14:00,1.5,17.0,5.5,269.0,2021-12-22T11:37:00,0.0,,,,,,,,,,,,,,,,0.0,,,,0,,99.0,2021-12-22T00:01:00,,,,,,,,,,,,,,,,,,,,,,,,,,,,,,,,,,,,,,,,,,,,,,,,,,,,,,,,,,,,,,,,,,,,,,,,,,
2021-12-23,1007.0,1008.6,2021-12-23T09:14:00,1005.1,2021-12-23T14:31:00,22.1,26.9,2021-12-23T14:41:00,19.3,2021-12-23T01:41:00,96.0,75.0,2021-12-23T14:41:00,1.2,18.0,5.2,343.0,2021-12-23T16:49:00,0.0,,,,,,,,,,,,,,,,0.0,,,,0,,99.0,2021-12-23T00:01:00,,,,,,,,,,,,,,,,,,,,,,,,,,,,,,,,,,,,,,,,,,,,,,,,,,,,,,,,,,,,,,,,,,,,,,,,,,
2021-12-24,1007.3,1009.5,2021-12-24T22:51:00,1005.5,2021-12-24T13:45:00,22.2,28.1,2021-12-24T13:51:00,19.1,2021-12-24T03:45:00,92.0,60.0,2021-12-24T13:51:00,2.7,2.0,8.6,337.0,2021-12-24T15:46:00,0.0,,,,,,,,,,,,,,,,0.0,,,,0,,99.0,2021-12-24T00:01:00,,,,,,,,,,,,,,,,,,,,,,,,,,,,,,,,,,,,,,,,,,,,,,,,,,,,,,,,,,,,,,,,,,,,,,,,,,
2021-12-25,1010.9,1013.8,2021-12-25T23:17:00,1008.7,2021-12-25T02:43:00,19.7,22.8,2021-12-25T14:42:00,16.0,2021-12-25T23:59:00,99.0,99.0,2021-12-25T15:00:00,1.3,3.0,3.9,7.0,2021-12-25T15:51:00,0.0,,,,,,,,,,,,,,,,0.0,,,,0,,99.0,2021-12-25T00:01:00,,,,,,,,,,,,,,,,,,,,,,,,,,,,,,,,,,,,,,,,,,,,,,,,,,,,,,,,,,,,,,,,,,,,,,,,,,
2021-12-26,1014.9,1016.8,2021-12-26T22:51:00,1012.9,2021-12-26T02:29:00,16.9,19.3,2021-12-26T12:21:00,15.0,2021-12-26T05:52:00,99.0,99.0,2021-12-26T19:42:00,1.3,350.0,5.2,351.0,2021-12-26T00:29:00,0.0,,,,,,,,,,,,,,,,0.0,,,,0,,99.0,2021-12-26T00:01:00,,,,,,,,,,,,,,,,,,,,,,,,,,,,,,,,,,,,,,,,,,,,,,,,,,,,,,,,,,,,,,,,,,,,,,,,,,
2021-12-27,1016.4,1018.3,2021-12-27T09:12:00,1014.3,2021-12-27T15:15:00,16.3,19.8,2021-12-27T15:17:00,13.7,2021-12-27T07:02:00,99.0,85.0,2021-12-27T15:17:00,1.5,6.0,6.4,360.0,2021-12-27T17:17:00,0.0,,,,,,,,,,,,,,,,0.0,,,,0,,99.0,2021-12-27T04:05:00,,,,,,,,,,,,,,,,,,,,,,,,,,,,,,,,,,,,,,,,,,,,,,,,,,,,,,,,,,,,,,,,,,,,,,,,,,
2021-12-28,1014.8,1016.9,2021-12-28T00:32:00,1012.1,2021-12-28T15:14:00,18.2,24.7,2021-12-28T14:31:00,13.6,2021-12-28T01:02:00,87.0,54.0,2021-12-28T13:22:00,1.5,4.0,5.5,309.0,2021-12-28T16:26:00,0.0,,,,,,,,,,,,,,,,0.0,,,,0,,99.0,2021-12-28T00:01:00,,,,,,,,,,,,,,,,,,,,,,,,,,,,,,,,,,,,,,,,,,,,,,,,,,,,,,,,,,,,,,,,,,,,,,,,,,
2021-12-29,1014.0,,,,,15.9,,,,,99.0,,,2.4,9.0,,,,0.0,,,,,,,,,,,,,,,,0.0,,,,0,,,,,,,,,,,,,,,,,,,,,,,,,,,,,,,,,,,,,,,,,,,,,,,,,,,,,,,,,,,,,,,,,,,,,,,,,,,,,
2021-12-30,,,,,,,,,,,,,,,,,,,0.0,,,,,,,,,,,,,,,,0.0,,,,0,,,,,,,,,,,,,,,,,,,,,,,,,,,,,,,,,,,,,,,,,,,,,,,,,,,,,,,,,,,,,,,,,,,,,,,,,,,,,
2021-12-31,,,,,,,,,,,,,,,,,,,0.0,,,,,,,,,,,,,,,,-9999.6,,,,0,,,,,,,,,,,,,,,,,,,,,,,,,,,,,,,,,,,,,,,,,,,,,,,,,,,,,,,,,,,,,,,,,,,,,,,,,,,,,
