,StnPres,StnPresMax,StnPresMaxTime,StnPresMin,StnPresMinTime,Tx,TxMaxAbs,TxMaxAbsTime,TxMinAbs,TxMinAbsTime,RH,RHMin,RHMinTime,WS,WD,WSGust,WDGust,WGustTime,Precp,AirTemperature.MaximumTimef,AirTemperature.Maximumf,AirTemperature.Meanf,AirTemperature.MinimumTimef,AirTemperature.Minimumf,GlobalSolarRadiation.Accumulationf,GlobalSolarRadiation.HourlyMaximumTimef,GlobalSolarRadiation.HourlyMaximumf,GloblRad,GloblRadMax,GloblRadMaxTime,PeakGust.Directionf,PeakGust.MaximumTimef,PeakGust.Maximumf,Precipitation.Accumulationf,Precipitation.HourlyMaximum,Precipitation.HourlyMaximumTime,Precipitation.HourlyMaximumTimef,Precipitation.HourlyMaximumf,Precipitation.MeltFlag,Precipitation.MeltFlagf,RelativeHumidity.Maximum,RelativeHumidity.MaximumTime,RelativeHumidity.MaximumTimef,RelativeHumidity.Maximumf,RelativeHumidity.Meanf,RelativeHumidity.MinimumTimef,RelativeHumidity.Minimumf,SoilTemperatureAt0cm.Maximum,SoilTemperatureAt0cm.MaximumTime,SoilTemperatureAt0cm.MaximumTimef,SoilTemperatureAt0cm.Maximumf,SoilTemperatureAt0cm.Meanf,SoilTemperatureAt0cm.Minimum,SoilTemperatureAt0cm.MinimumTime,SoilTemperatureAt0cm.MinimumTimef,SoilTemperatureAt0cm.Minimumf,SoilTemperatureAt100cm.Maximum,SoilTemperatureAt100cm.MaximumTime,SoilTemperatureAt100cm.MaximumTimef,SoilTemperatureAt100cm.Maximumf,SoilTemperatureAt100cm.Meanf,SoilTemperatureAt100cm.Minimum,SoilTemperatureAt100cm.MinimumTime,SoilTemperatureAt100cm.MinimumTimef,SoilTemperatureAt100cm.Minimumf,SoilTemperatureAt10cm.Maximum,SoilTemperatureAt10cm.MaximumTime,SoilTemperatureAt10cm.MaximumTimef,SoilTemperatureAt10cm.Maximumf,SoilTemperatureAt10cm.Meanf,SoilTemperatureAt10cm.Minimum,SoilTemperatureAt10cm.MinimumTime,SoilTemperatureAt10cm.MinimumTimef,SoilTemperatureAt10cm.Minimumf,SoilTemperatureAt20cm.Maximum,SoilTemperatureAt20cm.MaximumTime,SoilTemperatureAt20cm.MaximumTimef,SoilTemperatureAt20cm.Maximumf,SoilTemperatureAt20cm.Meanf,SoilTemperatureAt20cm.Minimum,SoilTemperatureAt20cm.MinimumTime,SoilTemperatureAt20cm.MinimumTimef,SoilTemperatureAt20cm.Minimumf,SoilTemperatureAt50cm.Maximum,SoilTemperatureAt50cm.MaximumTime,SoilTemperatureAt50cm.MaximumTimef,SoilTemperatureAt50cm.Maximumf,SoilTemperatureAt50cm.Meanf,SoilTemperatureAt50cm.Minimum,SoilTemperatureAt50cm.MinimumTime,SoilTemperatureAt50cm.MinimumTimef,SoilTemperatureAt50cm.Minimumf,SoilTemperatureAt5cm.Maximum,SoilTemperatureAt5cm.MaximumTime,SoilTemperatureAt5cm.MaximumTimef,SoilTemperatureAt5cm.Maximumf,SoilTemperatureAt5cm.Meanf,SoilTemperatureAt5cm.Minimum,SoilTemperatureAt5cm.MinimumTime,SoilTemperatureAt5cm.MinimumTimef,SoilTemperatureAt5cm.Minimumf,StationPressure.MaximumTimef,StationPressure.Maximumf,StationPressure.Meanf,StationPressure.MinimumTimef,StationPressure.Minimumf,SunShine,SunshineDuration.Totalf,TxSoil0cm,TxSoil100cm,TxSoil10cm,TxSoil20cm,TxSoil50cm,TxSoil5cm,WindDirection.Prevailingf,WindSpeed.Meanf
2002-01-01,842.3,-9999.7,,-9999.7,,8.8,-99.7,,-99.7,,-9997,,,0.8,171,-99.7,-999.7,,0.0,,,,,,,,,,,,,,,,,,,,,,,,,,,,,,,,,,,,,,,,,,,,,,,,,,,,,,,,,,,,,,,,,,,,,,,,,,,,,,,,,,,,,,,,-99.7,,,,,,,,,
2002-01-02,844.3,845.7,2002-01-02T20:41:00,842.7,2002-01-02T04:30:00,5.2,7.2,2002-01-02T00:11:00,3.1,2002-01-02T22:35:00,-9997,,,0.4,170,3.5,187.0,2002-01-02T07:37:00,0.0,,,,,,,,,,,,,,,,,,,,,,,,,,,,,,,,,,,,,,,,,,,,,,,,,,,,,,,,,,,,,,,,,,,,,,,,,,,,,,,,,,,,,,,,-99.7,,,,,,,,,
2002-01-03,844.2,845.4,2002-01-03T09:41:00,842.7,2002-01-03T14:39:00,3.3,4.7,2002-01-03T14:34:00,1.6,2002-01-03T07:17:00,-9997,,,0.5,189,3.9,194.0,2002-01-03T23:28:00,0.0,,,,,,,,,,,,,,,,,,,,,,,,,,,,,,,,,,,,,,,,,,,,,,,,,,,,,,,,,,,,,,,,,,,,,,,,,,,,,,,,,,,,,,,,-99.7,,,,,,,,,
2002-01-04,843.8,845.4,2002-01-04T09:45:00,842.6,2002-01-04T15:34:00,5.8,12.9,2002-01-04T11:27:00,3.1,2002-01-04T23:14:00,-9997,,,0.6,189,4.8,183.0,2002-01-04T06:18:00,0.0,,,,,,,,,,,,,,,,,,,,,,,,,,,,,,,,,,,,,,,,,,,,,,,,,,,,,,,,,,,,,,,,,,,,,,,,,,,,,,,,,,,,,,,,-99.7,,,,,,,,,
2002-01-05,843.1,844.7,2002-01-05T09:26:00,841.4,2002-01-05T14:37:00,7.6,15.7,2002-01-05T12:27:00,2.9,2002-01-05T02:39:00,-9997,,,0.3,190,3.4,168.0,2002-01-05T11:29:00,0.0,,,,,,,,,,,,,,,,,,,,,,,,,,,,,,,,,,,,,,,,,,,,,,,,,,,,,,,,,,,,,,,,,,,,,,,,,,,,,,,,,,,,,,,,-99.7,,,,,,,,,
2002-01-06,843.3,845.1,2002-01-06T09:10:00,841.8,2002-01-06T15:41:00,8.1,15.5,2002-01-06T11:44:00,4.6,2002-01-06T05:06:00,-9997,,,0.7,194,3.3,188.0,2002-01-06T11:51:00,0.0,,,,,,,,,,,,,,,,,,,,,,,,,,,,,,,,,,,,,,,,,,,,,,,,,,,,,,,,,,,,,,,,,,,,,,,,,,,,,,,,,,,,,,,,-99.7,,,,,,,,,
2002-01-07,844.4,846.1,2002-01-07T22:55:00,843.0,2002-01-07T14:13:00,8.1,16.4,2002-01-07T10:46:00,5.4,2002-01-07T03:28:00,-9997,,,0.7,360,4.1,30.0,2002-01-07T21:09:00,0.0,,,,,,,,,,,,,,,,,,,,,,,,,,,,,,,,,,,,,,,,,,,,,,,,,,,,,,,,,,,,,,,,,,,,,,,,,,,,,,,,,,,,,,,,-99.7,,,,,,,,,
2002-01-08,845.6,847.0,2002-01-08T21:27:00,844.2,2002-01-08T14:39:00,6.1,7.2,2002-01-08T08:43:00,5.1,2002-01-08T04:08:00,-9997,,,0.7,356,4.2,81.0,2002-01-08T18:06:00,0.0,,,,,,,,,,,,,,,,,,,,,,,,,,,,,,,,,,,,,,,,,,,,,,,,,,,,,,,,,,,,,,,,,,,,,,,,,,,,,,,,,,,,,,,,-99.7,,,,,,,,,
2002-01-09,845.0,846.9,2002-01-09T09:25:00,843.4,2002-01-09T16:07:00,5.9,10.4,2002-01-09T09:07:00,3.0,2002-01-09T06:27:00,-9997,,,0.6,1,3.2,198.0,2002-01-09T23:47:00,0.0,,,,,,,,,,,,,,,,,,,,,,,,,,,,,,,,,,,,,,,,,,,,,,,,,,,,,,,,,,,,,,,,,,,,,,,,,,,,,,,,,,,,,,,,-99.7,,,,,,,,,
2002-01-10,841.9,843.8,2002-01-10T00:04:00,840.3,2002-01-10T15:17:00,7.2,12.7,2002-01-10T12:59:00,4.2,2002-01-10T05:22:00,-9997,,,0.7,187,4.9,178.0,2002-01-10T06:34:00,0.0,,,,,,,,,,,,,,,,,,,,,,,,,,,,,,,,,,,,,,,,,,,,,,,,,,,,,,,,,,,,,,,,,,,,,,,,,,,,,,,,,,,,,,,,-99.7,,,,,,,,,
2002-01-11,841.7,843.7,2002-01-11T23:41:00,840.4,2002-01-11T14:32:00,10.1,16.6,2002-01-11T10:42:00,6.7,2002-01-11T02:33:00,-9997,,,0.8,176,3.7,171.0,2002-01-11T01:34:00,0.0,,,,,,,,,,,,,,,,,,,,,,,,,,,,,,,,,,,,,,,,,,,,,,,,,,,,,,,,,,,,,,,,,,,,,,,,,,,,,,,,,,,,,,,,-99.7,,,,,,,,,
2002-01-12,842.5,843.7,2002-01-12T09:42:00,840.9,2002-01-12T14:49:00,11.8,18.6,2002-01-12T11:42:00,7.0,2002-01-12T06:54:00,-9997,,,0.7,5,3.3,334.0,2002-01-12T19:38:00,0.0,,,,,,,,,,,,,,,,,,,,,,,,,,,,,,,,,,,,,,,,,,,,,,,,,,,,,,,,,,,,,,,,,,,,,,,,,,,,,,,,,,,,,,,,-99.7,,,,,,,,,
2002-01-13,842.9,844.1,2002-01-13T10:13:00,841.3,2002-01-13T04:29:00,14.8,22.5,2002-01-13T12:38:00,9.0,2002-01-13T03:21:00,-9997,,,1.2,187,3.8,343.0,2002-01-13T03:17:00,0.0,,,,,,,,,,,,,,,,,,,,,,,,,,,,,,,,,,,,,,,,,,,,,,,,,,,,,,,,,,,,,,,,,,,,,,,,,,,,,,,,,,,,,,,,-99.7,,,,,,,,,
2002-01-14,842.5,843.9,2002-01-14T09:43:00,841.1,2002-01-14T13:43:00,13.8,16.4,2002-01-14T03:11:00,12.1,2002-01-14T09:52:00,-9997,,,1.1,195,8.1,196.0,2002-01-14T22:58:00,39.0,,,,,,,,,,,,,,,,,,,,,,,,,,,,,,,,,,,,,,,,,,,,,,,,,,,,,,,,,,,,,,,,,,,,,,,,,,,,,,,,,,,,,,,,-99.7,,,,,,,,,
2002-01-15,841.6,843.0,2002-01-15T10:03:00,840.1,2002-01-15T15:33:00,15.4,17.5,2002-01-15T09:44:00,13.3,2002-01-15T23:30:00,-9997,,,1.2,192,7.3,198.0,2002-01-15T02:52:00,5.0,,,,,,,,,,,,,,,,,,,,,,,,,,,,,,,,,,,,,,,,,,,,,,,,,,,,,,,,,,,,,,,,,,,,,,,,,,,,,,,,,,,,,,,,-99.7,,,,,,,,,
2002-01-16,839.8,841.5,2002-01-16T09:43:00,838.0,2002-01-16T15:16:00,16.6,23.2,2002-01-16T11:31:00,11.4,2002-01-16T04:41:00,-9997,,,0.8,357,5.3,308.0,2002-01-16T05:29:00,0.0,,,,,,,,,,,,,,,,,,,,,,,,,,,,,,,,,,,,,,,,,,,,,,,,,,,,,,,,,,,,,,,,,,,,,,,,,,,,,,,,,,,,,,,,-99.7,,,,,,,,,
2002-01-17,839.3,841.3,2002-01-17T09:33:00,837.9,2002-01-17T15:50:00,13.4,18.1,2002-01-17T09:48:00,10.9,2002-01-17T23:08:00,-9997,,,0.6,360,4.0,18.0,2002-01-17T02:44:00,1.0,,,,,,,,,,,,,,,,,,,,,,,,,,,,,,,,,,,,,,,,,,,,,,,,,,,,,,,,,,,,,,,,,,,,,,,,,,,,,,,,,,,,,,,,-99.7,,,,,,,,,
2002-01-18,838.4,839.5,2002-01-18T22:16:00,836.8,2002-01-18T14:42:00,13.2,20.4,2002-01-18T12:52:00,9.9,2002-01-18T05:50:00,-9997,,,0.8,202,4.3,305.0,2002-01-18T15:32:00,0.0,,,,,,,,,,,,,,,,,,,,,,,,,,,,,,,,,,,,,,,,,,,,,,,,,,,,,,,,,,,,,,,,,,,,,,,,,,,,,,,,,,,,,,,,-99.7,,,,,,,,,
2002-01-19,840.2,841.4,2002-01-19T09:56:00,839.0,2002-01-19T14:51:00,10.8,11.6,2002-01-19T00:34:00,10.0,2002-01-19T23:00:00,-9997,,,0.6,180,3.1,176.0,2002-01-19T07:17:00,9.5,,,,,,,,,,,,,,,,,,,,,,,,,,,,,,,,,,,,,,,,,,,,,,,,,,,,,,,,,,,,,,,,,,,,,,,,,,,,,,,,,,,,,,,,-99.7,,,,,,,,,
2002-01-20,840.4,841.8,2002-01-20T10:13:00,838.8,2002-01-20T15:21:00,10.2,13.2,2002-01-20T10:48:00,8.6,2002-01-20T22:50:00,-9997,,,0.9,191,5.7,194.0,2002-01-20T04:04:00,0.0,,,,,,,,,,,,,,,,,,,,,,,,,,,,,,,,,,,,,,,,,,,,,,,,,,,,,,,,,,,,,,,,,,,,,,,,,,,,,,,,,,,,,,,,-99.7,,,,,,,,,
2002-01-21,839.7,-9999.7,,-9999.7,,7.3,-99.7,,-99.7,,-9997,,,0.8,175,-99.7,-999.7,,2.0,,,,,,,,,,,,,,,,,,,,,,,,,,,,,,,,,,,,,,,,,,,,,,,,,,,,,,,,,,,,,,,,,,,,,,,,,,,,,,,,,,,,,,,,-99.7,,,,,,,,,
2002-01-22,840.7,842.5,2002-01-22T23:10:00,839.1,2002-01-22T15:18:00,4.5,5.8,2002-01-22T14:14:00,3.4,2002-01-22T03:32:00,-9997,,,0.7,191,4.1,203.0,2002-01-22T12:26:00,0.0,,,,,,,,,,,,,,,,,,,,,,,,,,,,,,,,,,,,,,,,,,,,,,,,,,,,,,,,,,,,,,,,,,,,,,,,,,,,,,,,,,,,,,,,-99.7,,,,,,,,,
2002-01-23,842.9,844.2,2002-01-23T09:38:00,841.5,2002-01-23T14:49:00,5.5,12.1,2002-01-23T10:18:00,2.9,2002-01-23T02:42:00,-9997,,,0.8,2,2.9,185.0,2002-01-23T12:01:00,0.5,,,,,,,,,,,,,,,,,,,,,,,,,,,,,,,,,,,,,,,,,,,,,,,,,,,,,,,,,,,,,,,,,,,,,,,,,,,,,,,,,,,,,,,,-99.7,,,,,,,,,
2002-01-24,842.8,844.8,2002-01-24T09:44:00,841.3,2002-01-24T14:57:00,9.3,16.5,2002-01-24T12:39:00,4.1,2002-01-24T02:10:00,-9997,,,0.9,193,3.9,173.0,2002-01-24T13:48:00,0.0,,,,,,,,,,,,,,,,,,,,,,,,,,,,,,,,,,,,,,,,,,,,,,,,,,,,,,,,,,,,,,,,,,,,,,,,,,,,,,,,,,,,,,,,-99.7,,,,,,,,,
2002-01-25,839.2,842.0,2002-01-25T00:11:00,836.2,2002-01-25T14:48:00,13.2,20.4,2002-01-25T11:42:00,9.1,2002-01-25T02:24:00,-9997,,,0.9,192,9.7,291.0,2002-01-25T18:16:00,0.5,,,,,,,,,,,,,,,,,,,,,,,,,,,,,,,,,,,,,,,,,,,,,,,,,,,,,,,,,,,,,,,,,,,,,,,,,,,,,,,,,,,,,,,,-99.7,,,,,,,,,
2002-01-26,838.9,840.5,2002-01-26T23:58:00,837.1,2002-01-26T04:21:00,12.5,15.7,2002-01-26T01:03:00,8.8,2002-01-26T23:58:00,-9997,,,1.3,170,7.2,319.0,2002-01-26T06:10:00,4.0,,,,,,,,,,,,,,,,,,,,,,,,,,,,,,,,,,,,,,,,,,,,,,,,,,,,,,,,,,,,,,,,,,,,,,,,,,,,,,,,,,,,,,,,-99.7,,,,,,,,,
2002-01-27,841.1,842.6,2002-01-27T20:29:00,839.5,2002-01-27T04:10:00,7.6,9.1,2002-01-27T00:06:00,6.8,2002-01-27T08:05:00,-9997,,,0.4,186,3.0,186.0,2002-01-27T07:59:00,23.0,,,,,,,,,,,,,,,,,,,,,,,,,,,,,,,,,,,,,,,,,,,,,,,,,,,,,,,,,,,,,,,,,,,,,,,,,,,,,,,,,,,,,,,,-99.7,,,,,,,,,
2002-01-28,842.2,843.8,2002-01-28T22:07:00,840.4,2002-01-28T03:52:00,8.3,10.1,2002-01-28T14:04:00,7.2,2002-01-28T23:50:00,-9997,,,0.4,171,2.5,0.0,2002-01-28T17:57:00,10.5,,,,,,,,,,,,,,,,,,,,,,,,,,,,,,,,,,,,,,,,,,,,,,,,,,,,,,,,,,,,,,,,,,,,,,,,,,,,,,,,,,,,,,,,-99.7,,,,,,,,,
2002-01-29,843.5,844.6,2002-01-29T09:35:00,842.4,2002-01-29T15:08:00,6.9,8.1,2002-01-29T09:58:00,6.1,2002-01-29T18:51:00,-9997,,,0.5,167,3.1,30.0,2002-01-29T05:14:00,2.5,,,,,,,,,,,,,,,,,,,,,,,,,,,,,,,,,,,,,,,,,,,,,,,,,,,,,,,,,,,,,,,,,,,,,,,,,,,,,,,,,,,,,,,,-99.7,,,,,,,,,
2002-01-30,844.0,845.4,2002-01-30T10:01:00,842.6,2002-01-30T15:37:00,7.0,12.7,2002-01-30T10:55:00,4.7,2002-01-30T05:27:00,-9997,,,0.6,359,3.5,192.0,2002-01-30T13:26:00,0.5,,,,,,,,,,,,,,,,,,,,,,,,,,,,,,,,,,,,,,,,,,,,,,,,,,,,,,,,,,,,,,,,,,,,,,,,,,,,,,,,,,,,,,,,-99.7,,,,,,,,,
2002-01-31,844.4,846.0,2002-01-31T09:51:00,843.4,2002-01-31T15:53:00,7.3,10.5,2002-01-31T11:13:00,5.3,2002-01-31T06:43:00,-9997,,,1.0,190,4.7,25.0,2002-01-31T05:21:00,0.5,,,,,,,,,,,,,,,,,,,,,,,,,,,,,,,,,,,,,,,,,,,,,,,,,,,,,,,,,,,,,,,,,,,,,,,,,,,,,,,,,,,,,,,,-99.7,,,,,,,,,
2002-02-01,842.5,844.0,2002-02-01T09:48:00,840.8,2002-02-01T15:24:00,9.6,13.4,2002-02-01T09:55:00,8.0,2002-02-01T02:21:00,-9997,,,0.9,194,4.0,239.0,2002-02-01T15:22:00,0.0,,,,,,,,,,,,,,,,,,,,,,,,,,,,,,,,,,,,,,,,,,,,,,,,,,,,,,,,,,,,,,,,,,,,,,,,,,,,,,,,,,,,,,,,-99.7,,,,,,,,,
2002-02-02,841.7,843.0,2002-02-02T10:03:00,840.6,2002-02-02T04:53:00,7.7,9.1,2002-02-02T00:00:00,5.9,2002-02-02T22:18:00,-9997,,,0.4,142,2.9,82.0,2002-02-02T21:44:00,2.5,,,,,,,,,,,,,,,,,,,,,,,,,,,,,,,,,,,,,,,,,,,,,,,,,,,,,,,,,,,,,,,,,,,,,,,,,,,,,,,,,,,,,,,,-99.7,,,,,,,,,
2002-02-03,842.2,843.8,2002-02-03T09:11:00,840.8,2002-02-03T15:07:00,6.2,7.5,2002-02-03T11:33:00,5.1,2002-02-03T01:59:00,-9997,,,0.5,1,3.2,22.0,2002-02-03T05:30:00,1.0,,,,,,,,,,,,,,,,,,,,,,,,,,,,,,,,,,,,,,,,,,,,,,,,,,,,,,,,,,,,,,,,,,,,,,,,,,,,,,,,,,,,,,,,-99.7,,,,,,,,,
2002-02-04,841.5,843.3,2002-02-04T09:57:00,839.7,2002-02-04T16:00:00,7.8,10.3,2002-02-04T09:40:00,5.1,2002-02-04T05:58:00,-9997,,,0.4,360,2.5,359.0,2002-02-04T06:26:00,0.5,,,,,,,,,,,,,,,,,,,,,,,,,,,,,,,,,,,,,,,,,,,,,,,,,,,,,,,,,,,,,,,,,,,,,,,,,,,,,,,,,,,,,,,,-99.7,,,,,,,,,
2002-02-05,839.8,840.9,2002-02-05T21:17:00,838.6,2002-02-05T15:00:00,9.6,13.1,2002-02-05T10:38:00,7.2,2002-02-05T02:16:00,-9997,,,0.5,189,3.4,197.0,2002-02-05T23:07:00,0.5,,,,,,,,,,,,,,,,,,,,,,,,,,,,,,,,,,,,,,,,,,,,,,,,,,,,,,,,,,,,,,,,,,,,,,,,,,,,,,,,,,,,,,,,-99.7,,,,,,,,,
2002-02-06,839.9,841.4,2002-02-06T09:55:00,838.5,2002-02-06T15:49:00,9.1,10.3,2002-02-06T11:03:00,7.2,2002-02-06T23:25:00,-9997,,,0.6,188,3.6,210.0,2002-02-06T03:49:00,1.0,,,,,,,,,,,,,,,,,,,,,,,,,,,,,,,,,,,,,,,,,,,,,,,,,,,,,,,,,,,,,,,,,,,,,,,,,,,,,,,,,,,,,,,,-99.7,,,,,,,,,
2002-02-07,841.2,842.7,2002-02-07T09:59:00,839.8,2002-02-07T15:43:00,10.2,16.7,2002-02-07T11:08:00,7.0,2002-02-07T01:28:00,-9997,,,0.5,173,3.1,119.0,2002-02-07T15:43:00,0.0,,,,,,,,,,,,,,,,,,,,,,,,,,,,,,,,,,,,,,,,,,,,,,,,,,,,,,,,,,,,,,,,,,,,,,,,,,,,,,,,,,,,,,,,-99.7,,,,,,,,,
2002-02-08,840.4,841.9,2002-02-08T09:56:00,838.4,2002-02-08T15:22:00,11.5,15.8,2002-02-08T10:56:00,8.5,2002-02-08T05:05:00,-9997,,,0.6,184,3.0,208.0,2002-02-08T10:05:00,0.5,,,,,,,,,,,,,,,,,,,,,,,,,,,,,,,,,,,,,,,,,,,,,,,,,,,,,,,,,,,,,,,,,,,,,,,,,,,,,,,,,,,,,,,,-99.7,,,,,,,,,
2002-02-09,839.5,841.4,2002-02-09T08:57:00,837.5,2002-02-09T16:06:00,9.9,11.8,2002-02-09T09:03:00,8.2,2002-02-09T22:05:00,-9997,,,0.6,189,3.2,185.0,2002-02-09T15:07:00,0.0,,,,,,,,,,,,,,,,,,,,,,,,,,,,,,,,,,,,,,,,,,,,,,,,,,,,,,,,,,,,,,,,,,,,,,,,,,,,,,,,,,,,,,,,-99.7,,,,,,,,,
2002-02-10,840.1,842.3,2002-02-10T23:49:00,837.9,2002-02-10T04:10:00,8.6,11.0,2002-02-10T10:21:00,6.2,2002-02-10T23:47:00,-9997,,,0.9,170,4.2,174.0,2002-02-10T22:56:00,1.5,,,,,,,,,,,,,,,,,,,,,,,,,,,,,,,,,,,,,,,,,,,,,,,,,,,,,,,,,,,,,,,,,,,,,,,,,,,,,,,,,,,,,,,,-99.7,,,,,,,,,
2002-02-11,842.7,844.2,2002-02-11T10:13:00,841.4,2002-02-11T04:16:00,5.1,6.5,2002-02-11T00:16:00,3.9,2002-02-11T07:12:00,-9997,,,0.5,172,5.3,147.0,2002-02-11T04:09:00,0.5,,,,,,,,,,,,,,,,,,,,,,,,,,,,,,,,,,,,,,,,,,,,,,,,,,,,,,,,,,,,,,,,,,,,,,,,,,,,,,,,,,,,,,,,-99.7,,,,,,,,,
2002-02-12,842.6,843.8,2002-02-12T00:13:00,840.9,2002-02-12T15:46:00,6.5,7.9,2002-02-12T13:49:00,5.0,2002-02-12T02:57:00,-9997,,,0.5,190,3.0,191.0,2002-02-12T09:03:00,0.0,,,,,,,,,,,,,,,,,,,,,,,,,,,,,,,,,,,,,,,,,,,,,,,,,,,,,,,,,,,,,,,,,,,,,,,,,,,,,,,,,,,,,,,,-99.7,,,,,,,,,
2002-02-13,842.8,844.2,2002-02-13T10:03:00,841.4,2002-02-13T15:19:00,8.4,13.5,2002-02-13T10:25:00,5.8,2002-02-13T06:35:00,-9997,,,0.8,356,3.4,183.0,2002-02-13T11:40:00,8.0,,,,,,,,,,,,,,,,,,,,,,,,,,,,,,,,,,,,,,,,,,,,,,,,,,,,,,,,,,,,,,,,,,,,,,,,,,,,,,,,,,,,,,,,-99.7,,,,,,,,,
2002-02-14,844.6,845.7,2002-02-14T22:35:00,843.1,2002-02-14T04:09:00,9.3,12.6,2002-02-14T10:08:00,6.6,2002-02-14T04:01:00,-9997,,,0.9,360,2.7,184.0,2002-02-14T10:19:00,4.0,,,,,,,,,,,,,,,,,,,,,,,,,,,,,,,,,,,,,,,,,,,,,,,,,,,,,,,,,,,,,,,,,,,,,,,,,,,,,,,,,,,,,,,,-99.7,,,,,,,,,
2002-02-15,844.8,845.8,2002-02-15T10:22:00,843.7,2002-02-15T16:07:00,9.8,13.8,2002-02-15T11:21:00,7.1,2002-02-15T07:23:00,-9997,,,0.4,360,2.9,23.0,2002-02-15T20:49:00,6.5,,,,,,,,,,,,,,,,,,,,,,,,,,,,,,,,,,,,,,,,,,,,,,,,,,,,,,,,,,,,,,,,,,,,,,,,,,,,,,,,,,,,,,,,-99.7,,,,,,,,,
2002-02-16,843.7,845.1,2002-02-16T09:41:00,842.2,2002-02-16T15:32:00,9.7,13.1,2002-02-16T11:36:00,7.8,2002-02-16T06:29:00,-9997,,,0.9,185,4.5,181.0,2002-02-16T19:19:00,1.0,,,,,,,,,,,,,,,,,,,,,,,,,,,,,,,,,,,,,,,,,,,,,,,,,,,,,,,,,,,,,,,,,,,,,,,,,,,,,,,,,,,,,,,,-99.7,,,,,,,,,
2002-02-17,843.9,845.7,2002-02-17T23:01:00,842.3,2002-02-17T04:40:00,10.7,16.2,2002-02-17T11:12:00,7.5,2002-02-17T06:05:00,-9997,,,0.7,358,3.3,358.0,2002-02-17T23:43:00,0.5,,,,,,,,,,,,,,,,,,,,,,,,,,,,,,,,,,,,,,,,,,,,,,,,,,,,,,,,,,,,,,,,,,,,,,,,,,,,,,,,,,,,,,,,-99.7,,,,,,,,,
2002-02-18,845.8,847.5,2002-02-18T22:18:00,843.9,2002-02-18T04:12:00,9.1,10.7,2002-02-18T11:09:00,8.2,2002-02-18T19:41:00,-9997,,,0.8,357,3.7,197.0,2002-02-18T10:20:00,0.0,,,,,,,,,,,,,,,,,,,,,,,,,,,,,,,,,,,,,,,,,,,,,,,,,,,,,,,,,,,,,,,,,,,,,,,,,,,,,,,,,,,,,,,,-99.7,,,,,,,,,
2002-02-19,847.1,848.7,2002-02-19T22:40:00,845.8,2002-02-19T04:38:00,7.7,9.9,2002-02-19T12:40:00,5.8,2002-02-19T22:26:00,-9997,,,0.7,170,7.2,109.0,2002-02-19T17:49:00,0.5,,,,,,,,,,,,,,,,,,,,,,,,,,,,,,,,,,,,,,,,,,,,,,,,,,,,,,,,,,,,,,,,,,,,,,,,,,,,,,,,,,,,,,,,-99.7,,,,,,,,,
2002-02-20,846.8,848.8,2002-02-20T10:05:00,845.2,2002-02-20T15:50:00,6.6,9.2,2002-02-20T11:22:00,5.4,2002-02-20T23:12:00,-9997,,,0.4,162,4.1,170.0,2002-02-20T12:28:00,1.0,,,,,,,,,,,,,,,,,,,,,,,,,,,,,,,,,,,,,,,,,,,,,,,,,,,,,,,,,,,,,,,,,,,,,,,,,,,,,,,,,,,,,,,,-99.7,,,,,,,,,
2002-02-21,844.9,846.7,2002-02-21T09:19:00,843.4,2002-02-21T15:44:00,7.2,10.0,2002-02-21T12:28:00,5.1,2002-02-21T04:59:00,-9997,,,0.4,197,3.3,287.0,2002-02-21T19:06:00,0.0,,,,,,,,,,,,,,,,,,,,,,,,,,,,,,,,,,,,,,,,,,,,,,,,,,,,,,,,,,,,,,,,,,,,,,,,,,,,,,,,,,,,,,,,-99.7,,,,,,,,,
2002-02-22,844.8,846.8,2002-02-22T10:16:00,843.7,2002-02-22T16:04:00,10.2,17.3,2002-02-22T12:28:00,6.0,2002-02-22T05:05:00,-9997,,,0.7,199,6.2,189.0,2002-02-22T01:30:00,0.0,,,,,,,,,,,,,,,,,,,,,,,,,,,,,,,,,,,,,,,,,,,,,,,,,,,,,,,,,,,,,,,,,,,,,,,,,,,,,,,,,,,,,,,,-99.7,,,,,,,,,
2002-02-23,842.1,844.2,2002-02-23T00:05:00,840.1,2002-02-23T15:30:00,10.3,14.5,2002-02-23T12:04:00,7.9,2002-02-23T04:33:00,-9997,,,0.9,197,3.4,175.0,2002-02-23T05:14:00,0.0,,,,,,,,,,,,,,,,,,,,,,,,,,,,,,,,,,,,,,,,,,,,,,,,,,,,,,,,,,,,,,,,,,,,,,,,,,,,,,,,,,,,,,,,-99.7,,,,,,,,,
2002-02-24,842.6,844.0,2002-02-24T10:01:00,841.4,2002-02-24T15:22:00,10.0,13.3,2002-02-24T08:42:00,8.6,2002-02-24T06:01:00,-9997,,,0.6,196,4.0,355.0,2002-02-24T18:02:00,2.0,,,,,,,,,,,,,,,,,,,,,,,,,,,,,,,,,,,,,,,,,,,,,,,,,,,,,,,,,,,,,,,,,,,,,,,,,,,,,,,,,,,,,,,,-99.7,,,,,,,,,
2002-02-25,842.9,844.8,2002-02-25T09:28:00,841.4,2002-02-25T15:44:00,9.6,14.4,2002-02-25T10:17:00,6.3,2002-02-25T06:30:00,-9997,,,0.5,360,3.0,169.0,2002-02-25T12:06:00,1.5,,,,,,,,,,,,,,,,,,,,,,,,,,,,,,,,,,,,,,,,,,,,,,,,,,,,,,,,,,,,,,,,,,,,,,,,,,,,,,,,,,,,,,,,-99.7,,,,,,,,,
2002-02-26,842.2,844.0,2002-02-26T10:14:00,840.9,2002-02-26T16:16:00,10.5,17.7,2002-02-26T13:15:00,6.4,2002-02-26T05:12:00,-9997,,,0.5,177,3.6,223.0,2002-02-26T13:00:00,0.0,,,,,,,,,,,,,,,,,,,,,,,,,,,,,,,,,,,,,,,,,,,,,,,,,,,,,,,,,,,,,,,,,,,,,,,,,,,,,,,,,,,,,,,,-99.7,,,,,,,,,
2002-02-27,840.7,842.2,2002-02-27T10:03:00,839.1,2002-02-27T15:19:00,10.9,15.2,2002-02-27T10:36:00,7.8,2002-02-27T02:54:00,-9997,,,0.8,193,3.2,182.0,2002-02-27T10:44:00,2.0,,,,,,,,,,,,,,,,,,,,,,,,,,,,,,,,,,,,,,,,,,,,,,,,,,,,,,,,,,,,,,,,,,,,,,,,,,,,,,,,,,,,,,,,-99.7,,,,,,,,,
2002-02-28,841.3,842.7,2002-02-28T10:12:00,839.8,2002-02-28T03:36:00,11.3,15.8,2002-02-28T10:31:00,8.7,2002-02-28T03:49:00,-9997,,,0.8,360,3.5,186.0,2002-02-28T11:10:00,0.0,,,,,,,,,,,,,,,,,,,,,,,,,,,,,,,,,,,,,,,,,,,,,,,,,,,,,,,,,,,,,,,,,,,,,,,,,,,,,,,,,,,,,,,,-99.7,,,,,,,,,
2002-03-01,841.7,843.3,2002-03-01T09:17:00,840.6,2002-03-01T15:00:00,11.7,17.7,2002-03-01T12:22:00,8.3,2002-03-01T06:58:00,-9997,,,0.9,2,3.4,196.0,2002-03-01T12:10:00,0.0,,,,,,,,,,,,,,,,,,,,,,,,,,,,,,,,,,,,,,,,,,,,,,,,,,,,,,,,,,,,,,,,,,,,,,,,,,,,,,,,,,,,,,,,-99.7,,,,,,,,,
2002-03-02,841.1,842.1,2002-03-02T09:07:00,840.0,2002-03-02T15:21:00,13.1,19.4,2002-03-02T11:46:00,9.5,2002-03-02T03:55:00,-9997,,,0.7,188,4.2,200.0,2002-03-02T10:44:00,2.0,,,,,,,,,,,,,,,,,,,,,,,,,,,,,,,,,,,,,,,,,,,,,,,,,,,,,,,,,,,,,,,,,,,,,,,,,,,,,,,,,,,,,,,,-99.7,,,,,,,,,
2002-03-03,841.8,843.2,2002-03-03T09:38:00,840.6,2002-03-03T04:07:00,12.3,15.1,2002-03-03T12:10:00,10.1,2002-03-03T06:10:00,-9997,,,0.6,166,4.3,39.0,2002-03-03T04:25:00,1.0,,,,,,,,,,,,,,,,,,,,,,,,,,,,,,,,,,,,,,,,,,,,,,,,,,,,,,,,,,,,,,,,,,,,,,,,,,,,,,,,,,,,,,,,-99.7,,,,,,,,,
2002-03-04,841.4,843.1,2002-03-04T10:11:00,839.9,2002-03-04T17:28:00,11.9,17.3,2002-03-04T10:27:00,9.0,2002-03-04T21:37:00,-9997,,,0.8,360,4.8,359.0,2002-03-04T03:56:00,9.0,,,,,,,,,,,,,,,,,,,,,,,,,,,,,,,,,,,,,,,,,,,,,,,,,,,,,,,,,,,,,,,,,,,,,,,,,,,,,,,,,,,,,,,,-99.7,,,,,,,,,
2002-03-05,839.6,840.7,2002-03-05T09:28:00,838.1,2002-03-05T15:56:00,12.0,17.5,2002-03-05T10:44:00,8.8,2002-03-05T05:54:00,-9997,,,0.7,360,3.4,193.0,2002-03-05T01:36:00,0.0,,,,,,,,,,,,,,,,,,,,,,,,,,,,,,,,,,,,,,,,,,,,,,,,,,,,,,,,,,,,,,,,,,,,,,,,,,,,,,,,,,,,,,,,-99.7,,,,,,,,,
2002-03-06,839.6,840.9,2002-03-06T22:20:00,838.2,2002-03-06T15:20:00,8.6,11.7,2002-03-06T02:49:00,5.3,2002-03-06T23:30:00,-9997,,,0.7,165,3.2,91.0,2002-03-06T20:02:00,1.0,,,,,,,,,,,,,,,,,,,,,,,,,,,,,,,,,,,,,,,,,,,,,,,,,,,,,,,,,,,,,,,,,,,,,,,,,,,,,,,,,,,,,,,,-99.7,,,,,,,,,
2002-03-07,841.9,844.7,2002-03-07T22:49:00,839.3,2002-03-07T03:49:00,5.2,7.2,2002-03-07T13:24:00,3.9,2002-03-07T09:21:00,-9997,,,0.5,188,3.7,11.0,2002-03-07T22:16:00,0.5,,,,,,,,,,,,,,,,,,,,,,,,,,,,,,,,,,,,,,,,,,,,,,,,,,,,,,,,,,,,,,,,,,,,,,,,,,,,,,,,,,,,,,,,-99.7,,,,,,,,,
2002-03-08,845.5,847.1,2002-03-08T22:12:00,843.5,2002-03-08T04:25:00,6.9,14.2,2002-03-08T13:22:00,2.8,2002-03-08T05:18:00,-9997,,,0.8,1,3.9,180.0,2002-03-08T19:20:00,0.0,,,,,,,,,,,,,,,,,,,,,,,,,,,,,,,,,,,,,,,,,,,,,,,,,,,,,,,,,,,,,,,,,,,,,,,,,,,,,,,,,,,,,,,,-99.7,,,,,,,,,
2002-03-09,844.9,846.7,2002-03-09T09:09:00,843.3,2002-03-09T16:03:00,6.8,9.2,2002-03-09T09:27:00,4.2,2002-03-09T03:51:00,-9997,,,0.7,1,3.6,359.0,2002-03-09T00:42:00,1.0,,,,,,,,,,,,,,,,,,,,,,,,,,,,,,,,,,,,,,,,,,,,,,,,,,,,,,,,,,,,,,,,,,,,,,,,,,,,,,,,,,,,,,,,-99.7,,,,,,,,,
2002-03-10,843.2,844.7,2002-03-10T09:51:00,841.8,2002-03-10T15:36:00,9.3,15.2,2002-03-10T12:39:00,6.5,2002-03-10T04:19:00,-9997,,,0.7,354,3.0,162.0,2002-03-10T12:14:00,13.0,,,,,,,,,,,,,,,,,,,,,,,,,,,,,,,,,,,,,,,,,,,,,,,,,,,,,,,,,,,,,,,,,,,,,,,,,,,,,,,,,,,,,,,,-99.7,,,,,,,,,
2002-03-11,842.5,843.7,2002-03-11T10:33:00,841.0,2002-03-11T16:07:00,9.5,11.7,2002-03-11T09:53:00,7.8,2002-03-11T05:03:00,-9997,,,0.4,181,3.0,52.0,2002-03-11T00:53:00,1.0,,,,,,,,,,,,,,,,,,,,,,,,,,,,,,,,,,,,,,,,,,,,,,,,,,,,,,,,,,,,,,,,,,,,,,,,,,,,,,,,,,,,,,,,-99.7,,,,,,,,,
2002-03-12,842.5,844.1,2002-03-12T23:17:00,841.0,2002-03-12T04:12:00,11.1,17.1,2002-03-12T12:12:00,7.0,2002-03-12T06:07:00,-9997,,,0.4,19,4.0,220.0,2002-03-12T14:19:00,0.5,,,,,,,,,,,,,,,,,,,,,,,,,,,,,,,,,,,,,,,,,,,,,,,,,,,,,,,,,,,,,,,,,,,,,,,,,,,,,,,,,,,,,,,,-99.7,,,,,,,,,
2002-03-13,841.8,843.9,2002-03-13T00:16:00,839.8,2002-03-13T15:41:00,12.3,18.0,2002-03-13T12:33:00,8.2,2002-03-13T00:27:00,-9997,,,1.2,187,9.1,182.0,2002-03-13T21:44:00,0.0,,,,,,,,,,,,,,,,,,,,,,,,,,,,,,,,,,,,,,,,,,,,,,,,,,,,,,,,,,,,,,,,,,,,,,,,,,,,,,,,,,,,,,,,-99.7,,,,,,,,,
2002-03-14,838.7,840.4,2002-03-14T00:35:00,836.8,2002-03-14T15:10:00,17.0,23.2,2002-03-14T11:48:00,13.3,2002-03-14T01:52:00,-9997,,,1.2,194,7.5,177.0,2002-03-14T00:07:00,0.0,,,,,,,,,,,,,,,,,,,,,,,,,,,,,,,,,,,,,,,,,,,,,,,,,,,,,,,,,,,,,,,,,,,,,,,,,,,,,,,,,,,,,,,,-99.7,,,,,,,,,
2002-03-15,837.9,839.7,2002-03-15T09:32:00,836.3,2002-03-15T17:47:00,14.4,16.5,2002-03-15T00:27:00,12.1,2002-03-15T06:01:00,-9997,,,0.8,180,4.9,204.0,2002-03-15T23:23:00,0.0,,,,,,,,,,,,,,,,,,,,,,,,,,,,,,,,,,,,,,,,,,,,,,,,,,,,,,,,,,,,,,,,,,,,,,,,,,,,,,,,,,,,,,,,-99.7,,,,,,,,,
2002-03-16,838.6,841.1,2002-03-16T22:46:00,836.1,2002-03-16T03:05:00,14.2,17.0,2002-03-16T08:12:00,11.9,2002-03-16T22:53:00,-9997,,,1.0,186,6.8,196.0,2002-03-16T02:40:00,0.0,,,,,,,,,,,,,,,,,,,,,,,,,,,,,,,,,,,,,,,,,,,,,,,,,,,,,,,,,,,,,,,,,,,,,,,,,,,,,,,,,,,,,,,,-99.7,,,,,,,,,
2002-03-17,841.9,843.7,2002-03-17T23:55:00,840.1,2002-03-17T04:10:00,13.8,15.7,2002-03-17T16:14:00,12.0,2002-03-17T05:52:00,-9997,,,0.4,194,3.8,350.0,2002-03-17T00:41:00,0.5,,,,,,,,,,,,,,,,,,,,,,,,,,,,,,,,,,,,,,,,,,,,,,,,,,,,,,,,,,,,,,,,,,,,,,,,,,,,,,,,,,,,,,,,-99.7,,,,,,,,,
2002-03-18,844.8,846.3,2002-03-18T21:03:00,842.9,2002-03-18T03:55:00,11.1,13.7,2002-03-18T00:08:00,9.3,2002-03-18T17:15:00,-9997,,,0.6,186,3.5,317.0,2002-03-18T20:03:00,1.5,,,,,,,,,,,,,,,,,,,,,,,,,,,,,,,,,,,,,,,,,,,,,,,,,,,,,,,,,,,,,,,,,,,,,,,,,,,,,,,,,,,,,,,,-99.7,,,,,,,,,
2002-03-19,843.7,845.6,2002-03-19T00:02:00,842.0,2002-03-19T15:51:00,11.0,13.2,2002-03-19T16:13:00,9.0,2002-03-19T04:24:00,-9997,,,0.7,189,3.7,197.0,2002-03-19T08:33:00,0.0,,,,,,,,,,,,,,,,,,,,,,,,,,,,,,,,,,,,,,,,,,,,,,,,,,,,,,,,,,,,,,,,,,,,,,,,,,,,,,,,,,,,,,,,-99.7,,,,,,,,,
2002-03-20,842.3,844.0,2002-03-20T00:09:00,840.7,2002-03-20T16:10:00,13.9,19.4,2002-03-20T10:41:00,10.4,2002-03-20T04:22:00,-9997,,,0.9,182,4.2,180.0,2002-03-20T18:07:00,0.0,,,,,,,,,,,,,,,,,,,,,,,,,,,,,,,,,,,,,,,,,,,,,,,,,,,,,,,,,,,,,,,,,,,,,,,,,,,,,,,,,,,,,,,,-99.7,,,,,,,,,
2002-03-21,839.2,841.7,2002-03-21T00:05:00,837.3,2002-03-21T16:05:00,13.8,17.1,2002-03-21T09:50:00,10.9,2002-03-21T23:20:00,-9997,,,0.9,194,5.5,203.0,2002-03-21T04:57:00,0.5,,,,,,,,,,,,,,,,,,,,,,,,,,,,,,,,,,,,,,,,,,,,,,,,,,,,,,,,,,,,,,,,,,,,,,,,,,,,,,,,,,,,,,,,-99.7,,,,,,,,,
2002-03-22,836.7,838.4,2002-03-22T23:44:00,834.8,2002-03-22T15:33:00,18.9,26.7,2002-03-22T12:22:00,11.8,2002-03-22T00:04:00,-9997,,,0.8,176,7.8,264.0,2002-03-22T05:14:00,0.0,,,,,,,,,,,,,,,,,,,,,,,,,,,,,,,,,,,,,,,,,,,,,,,,,,,,,,,,,,,,,,,,,,,,,,,,,,,,,,,,,,,,,,,,-99.7,,,,,,,,,
2002-03-23,838.7,840.0,2002-03-23T10:21:00,837.5,2002-03-23T04:30:00,12.0,13.8,2002-03-23T00:09:00,10.8,2002-03-23T21:59:00,-9997,,,0.4,358,3.2,185.0,2002-03-23T00:12:00,0.0,,,,,,,,,,,,,,,,,,,,,,,,,,,,,,,,,,,,,,,,,,,,,,,,,,,,,,,,,,,,,,,,,,,,,,,,,,,,,,,,,,,,,,,,-99.7,,,,,,,,,
2002-03-24,837.4,839.5,2002-03-24T00:05:00,835.7,2002-03-24T16:46:00,13.6,19.0,2002-03-24T11:51:00,10.9,2002-03-24T00:45:00,-9997,,,0.8,186,5.4,178.0,2002-03-24T22:49:00,0.5,,,,,,,,,,,,,,,,,,,,,,,,,,,,,,,,,,,,,,,,,,,,,,,,,,,,,,,,,,,,,,,,,,,,,,,,,,,,,,,,,,,,,,,,-99.7,,,,,,,,,
2002-03-25,838.1,839.8,2002-03-25T22:42:00,836.2,2002-03-25T04:04:00,13.7,15.3,2002-03-25T08:01:00,11.9,2002-03-25T04:28:00,-9997,,,0.5,177,6.2,286.0,2002-03-25T00:05:00,3.0,,,,,,,,,,,,,,,,,,,,,,,,,,,,,,,,,,,,,,,,,,,,,,,,,,,,,,,,,,,,,,,,,,,,,,,,,,,,,,,,,,,,,,,,-99.7,,,,,,,,,
2002-03-26,838.6,840.4,2002-03-26T09:26:00,837.1,2002-03-26T16:06:00,14.8,16.7,2002-03-26T11:15:00,13.3,2002-03-26T03:31:00,-9997,,,0.7,187,4.3,201.0,2002-03-26T08:50:00,1.5,,,,,,,,,,,,,,,,,,,,,,,,,,,,,,,,,,,,,,,,,,,,,,,,,,,,,,,,,,,,,,,,,,,,,,,,,,,,,,,,,,,,,,,,-99.7,,,,,,,,,
2002-03-27,839.1,841.0,2002-03-27T22:56:00,836.9,2002-03-27T04:14:00,15.4,21.1,2002-03-27T10:55:00,13.2,2002-03-27T05:56:00,-9997,,,0.8,354,4.1,334.0,2002-03-27T04:04:00,0.5,,,,,,,,,,,,,,,,,,,,,,,,,,,,,,,,,,,,,,,,,,,,,,,,,,,,,,,,,,,,,,,,,,,,,,,,,,,,,,,,,,,,,,,,-99.7,,,,,,,,,
2002-03-28,839.0,840.8,2002-03-28T10:18:00,837.2,2002-03-28T16:31:00,14.1,15.8,2002-03-28T16:45:00,12.1,2002-03-28T05:24:00,-9997,,,0.4,183,3.1,270.0,2002-03-28T23:26:00,0.5,,,,,,,,,,,,,,,,,,,,,,,,,,,,,,,,,,,,,,,,,,,,,,,,,,,,,,,,,,,,,,,,,,,,,,,,,,,,,,,,,,,,,,,,-99.7,,,,,,,,,
2002-03-29,838.1,839.4,2002-03-29T21:50:00,836.6,2002-03-29T03:17:00,17.9,24.2,2002-03-29T11:35:00,12.8,2002-03-29T00:17:00,-9997,,,0.6,202,5.0,205.0,2002-03-29T10:34:00,0.0,,,,,,,,,,,,,,,,,,,,,,,,,,,,,,,,,,,,,,,,,,,,,,,,,,,,,,,,,,,,,,,,,,,,,,,,,,,,,,,,,,,,,,,,-99.7,,,,,,,,,
2002-03-30,839.0,840.7,2002-03-30T23:45:00,837.7,2002-03-30T04:20:00,14.7,16.1,2002-03-30T14:10:00,13.9,2002-03-30T23:59:00,-9997,,,0.8,183,3.2,179.0,2002-03-30T14:34:00,1.0,,,,,,,,,,,,,,,,,,,,,,,,,,,,,,,,,,,,,,,,,,,,,,,,,,,,,,,,,,,,,,,,,,,,,,,,,,,,,,,,,,,,,,,,-99.7,,,,,,,,,
2002-03-31,841.1,-9999.7,,-9999.7,,14.0,-99.7,,-99.7,,-9997,,,0.7,189,-99.7,-999.7,,6.5,,,,,,,,,,,,,,,,,,,,,,,,,,,,,,,,,,,,,,,,,,,,,,,,,,,,,,,,,,,,,,,,,,,,,,,,,,,,,,,,,,,,,,,,-99.7,,,,,,,,,
2002-04-01,842.2,843.6,2002-04-01T10:05:00,840.8,2002-04-01T04:04:00,14.6,16.7,2002-04-01T14:04:00,11.9,2002-04-01T01:18:00,-9997,,,0.5,184,4.9,170.0,2002-04-01T09:29:00,0.0,,,,,,,,,,,,,,,,,,,,,,,,,,,,,,,,,,,,,,,,,,,,,,,,,,,,,,,,,,,,,,,,,,,,,,,,,,,,,,,,,,,,,,,,-99.7,,,,,,,,,
2002-04-02,839.9,842.3,2002-04-02T00:04:00,837.9,2002-04-02T17:23:00,16.0,19.1,2002-04-02T22:15:00,13.4,2002-04-02T05:59:00,-9997,,,0.6,191,4.6,333.0,2002-04-02T23:47:00,0.0,,,,,,,,,,,,,,,,,,,,,,,,,,,,,,,,,,,,,,,,,,,,,,,,,,,,,,,,,,,,,,,,,,,,,,,,,,,,,,,,,,,,,,,,-99.7,,,,,,,,,
2002-04-03,837.8,838.8,2002-04-03T21:35:00,836.7,2002-04-03T15:20:00,17.6,22.5,2002-04-03T10:49:00,14.0,2002-04-03T22:49:00,-9997,,,0.6,160,5.9,269.0,2002-04-03T01:24:00,0.0,,,,,,,,,,,,,,,,,,,,,,,,,,,,,,,,,,,,,,,,,,,,,,,,,,,,,,,,,,,,,,,,,,,,,,,,,,,,,,,,,,,,,,,,-99.7,,,,,,,,,
2002-04-04,838.5,840.1,2002-04-04T22:33:00,837.1,2002-04-04T03:43:00,14.4,15.5,2002-04-04T10:03:00,13.5,2002-04-04T23:57:00,-9997,,,0.6,187,3.0,180.0,2002-04-04T13:48:00,0.5,,,,,,,,,,,,,,,,,,,,,,,,,,,,,,,,,,,,,,,,,,,,,,,,,,,,,,,,,,,,,,,,,,,,,,,,,,,,,,,,,,,,,,,,-99.7,,,,,,,,,
2002-04-05,839.1,840.3,2002-04-05T09:38:00,837.9,2002-04-05T15:35:00,14.0,15.4,2002-04-05T11:09:00,12.5,2002-04-05T03:04:00,-9997,,,0.6,182,3.9,193.0,2002-04-05T22:45:00,0.0,,,,,,,,,,,,,,,,,,,,,,,,,,,,,,,,,,,,,,,,,,,,,,,,,,,,,,,,,,,,,,,,,,,,,,,,,,,,,,,,,,,,,,,,-99.7,,,,,,,,,
2002-04-06,839.3,840.8,2002-04-06T21:48:00,838.0,2002-04-06T03:16:00,17.3,21.8,2002-04-06T14:25:00,12.4,2002-04-06T04:14:00,-9997,,,1.4,191,6.7,25.0,2002-04-06T17:16:00,0.0,,,,,,,,,,,,,,,,,,,,,,,,,,,,,,,,,,,,,,,,,,,,,,,,,,,,,,,,,,,,,,,,,,,,,,,,,,,,,,,,,,,,,,,,-99.7,,,,,,,,,
2002-04-07,839.6,841.0,2002-04-07T10:00:00,838.2,2002-04-07T16:10:00,19.7,25.1,2002-04-07T11:57:00,15.8,2002-04-07T20:02:00,-9997,,,0.7,256,6.0,248.0,2002-04-07T10:42:00,0.0,,,,,,,,,,,,,,,,,,,,,,,,,,,,,,,,,,,,,,,,,,,,,,,,,,,,,,,,,,,,,,,,,,,,,,,,,,,,,,,,,,,,,,,,-99.7,,,,,,,,,
2002-04-08,839.2,840.6,2002-04-08T09:31:00,837.6,2002-04-08T15:45:00,18.3,23.0,2002-04-08T14:32:00,14.6,2002-04-08T23:54:00,-9997,,,0.6,188,3.3,353.0,2002-04-08T16:37:00,0.0,,,,,,,,,,,,,,,,,,,,,,,,,,,,,,,,,,,,,,,,,,,,,,,,,,,,,,,,,,,,,,,,,,,,,,,,,,,,,,,,,,,,,,,,-99.7,,,,,,,,,
2002-04-09,840.0,841.4,2002-04-09T09:07:00,838.5,2002-04-09T04:33:00,14.4,18.9,2002-04-09T09:48:00,11.9,2002-04-09T23:25:00,-9997,,,0.5,168,3.2,192.0,2002-04-09T14:46:00,0.0,,,,,,,,,,,,,,,,,,,,,,,,,,,,,,,,,,,,,,,,,,,,,,,,,,,,,,,,,,,,,,,,,,,,,,,,,,,,,,,,,,,,,,,,-99.7,,,,,,,,,
2002-04-10,840.1,841.4,2002-04-10T09:51:00,838.6,2002-04-10T16:29:00,13.9,17.9,2002-04-10T11:55:00,11.3,2002-04-10T04:17:00,-9997,,,0.3,168,3.2,339.0,2002-04-10T21:27:00,0.5,,,,,,,,,,,,,,,,,,,,,,,,,,,,,,,,,,,,,,,,,,,,,,,,,,,,,,,,,,,,,,,,,,,,,,,,,,,,,,,,,,,,,,,,-99.7,,,,,,,,,
2002-04-11,840.4,841.9,2002-04-11T22:28:00,839.1,2002-04-11T15:28:00,13.9,15.2,2002-04-11T11:53:00,11.9,2002-04-11T05:11:00,-9997,,,0.8,182,3.4,182.0,2002-04-11T07:44:00,5.0,,,,,,,,,,,,,,,,,,,,,,,,,,,,,,,,,,,,,,,,,,,,,,,,,,,,,,,,,,,,,,,,,,,,,,,,,,,,,,,,,,,,,,,,-99.7,,,,,,,,,
2002-04-12,841.6,843.1,2002-04-12T22:05:00,840.0,2002-04-12T03:27:00,12.6,14.4,2002-04-12T11:52:00,11.3,2002-04-12T21:24:00,-9997,,,0.8,185,3.3,171.0,2002-04-12T01:22:00,1.0,,,,,,,,,,,,,,,,,,,,,,,,,,,,,,,,,,,,,,,,,,,,,,,,,,,,,,,,,,,,,,,,,,,,,,,,,,,,,,,,,,,,,,,,-99.7,,,,,,,,,
2002-04-13,841.8,842.9,2002-04-13T10:49:00,840.6,2002-04-13T15:53:00,13.3,15.7,2002-04-13T13:24:00,11.1,2002-04-13T05:42:00,-9997,,,0.4,287,2.5,274.0,2002-04-13T21:35:00,1.0,,,,,,,,,,,,,,,,,,,,,,,,,,,,,,,,,,,,,,,,,,,,,,,,,,,,,,,,,,,,,,,,,,,,,,,,,,,,,,,,,,,,,,,,-99.7,,,,,,,,,
2002-04-14,841.0,842.4,2002-04-14T23:04:00,839.9,2002-04-14T15:55:00,14.4,16.0,2002-04-14T10:16:00,13.2,2002-04-14T01:32:00,-9997,,,0.7,185,4.6,187.0,2002-04-14T23:28:00,2.0,,,,,,,,,,,,,,,,,,,,,,,,,,,,,,,,,,,,,,,,,,,,,,,,,,,,,,,,,,,,,,,,,,,,,,,,,,,,,,,,,,,,,,,,-99.7,,,,,,,,,
2002-04-15,841.7,843.0,2002-04-15T21:53:00,840.6,2002-04-15T16:43:00,15.5,17.5,2002-04-15T09:53:00,13.2,2002-04-15T02:26:00,-9997,,,1.0,194,5.7,204.0,2002-04-15T05:04:00,2.5,,,,,,,,,,,,,,,,,,,,,,,,,,,,,,,,,,,,,,,,,,,,,,,,,,,,,,,,,,,,,,,,,,,,,,,,,,,,,,,,,,,,,,,,-99.7,,,,,,,,,
2002-04-16,841.7,843.1,2002-04-16T22:09:00,840.2,2002-04-16T03:55:00,16.3,17.9,2002-04-16T15:02:00,12.6,2002-04-16T03:19:00,-9997,,,0.8,186,5.0,181.0,2002-04-16T02:12:00,15.0,,,,,,,,,,,,,,,,,,,,,,,,,,,,,,,,,,,,,,,,,,,,,,,,,,,,,,,,,,,,,,,,,,,,,,,,,,,,,,,,,,,,,,,,-99.7,,,,,,,,,
2002-04-17,841.5,842.6,2002-04-17T10:39:00,840.3,2002-04-17T16:18:00,16.1,19.8,2002-04-17T11:30:00,13.5,2002-04-17T05:50:00,-9997,,,0.6,169,3.3,196.0,2002-04-17T02:26:00,2.5,,,,,,,,,,,,,,,,,,,,,,,,,,,,,,,,,,,,,,,,,,,,,,,,,,,,,,,,,,,,,,,,,,,,,,,,,,,,,,,,,,,,,,,,-99.7,,,,,,,,,
2002-04-18,841.6,843.2,2002-04-18T22:57:00,840.4,2002-04-18T03:26:00,15.4,17.3,2002-04-18T09:58:00,13.1,2002-04-18T01:51:00,-9997,,,0.7,179,3.1,167.0,2002-04-18T16:28:00,1.0,,,,,,,,,,,,,,,,,,,,,,,,,,,,,,,,,,,,,,,,,,,,,,,,,,,,,,,,,,,,,,,,,,,,,,,,,,,,,,,,,,,,,,,,-99.7,,,,,,,,,
2002-04-19,842.6,844.0,2002-04-19T09:25:00,841.2,2002-04-19T16:08:00,15.8,19.2,2002-04-19T11:30:00,13.0,2002-04-19T05:38:00,-9997,,,0.7,179,4.0,195.0,2002-04-19T12:48:00,1.0,,,,,,,,,,,,,,,,,,,,,,,,,,,,,,,,,,,,,,,,,,,,,,,,,,,,,,,,,,,,,,,,,,,,,,,,,,,,,,,,,,,,,,,,-99.7,,,,,,,,,
2002-04-20,840.5,842.5,2002-04-20T00:10:00,838.2,2002-04-20T16:02:00,16.3,19.0,2002-04-20T12:04:00,13.4,2002-04-20T04:45:00,-9997,,,0.7,185,7.8,175.0,2002-04-20T08:59:00,0.5,,,,,,,,,,,,,,,,,,,,,,,,,,,,,,,,,,,,,,,,,,,,,,,,,,,,,,,,,,,,,,,,,,,,,,,,,,,,,,,,,,,,,,,,-99.7,,,,,,,,,
2002-04-21,839.8,841.1,2002-04-21T22:41:00,838.7,2002-04-21T15:54:00,16.7,19.7,2002-04-21T10:05:00,12.4,2002-04-21T05:07:00,-9997,,,0.6,179,3.2,149.0,2002-04-21T14:28:00,9.5,,,,,,,,,,,,,,,,,,,,,,,,,,,,,,,,,,,,,,,,,,,,,,,,,,,,,,,,,,,,,,,,,,,,,,,,,,,,,,,,,,,,,,,,-99.7,,,,,,,,,
2002-04-22,840.5,842.1,2002-04-22T22:57:00,839.2,2002-04-22T15:08:00,16.3,18.4,2002-04-22T10:02:00,13.9,2002-04-22T06:00:00,-9997,,,0.5,181,3.0,194.0,2002-04-22T10:25:00,0.5,,,,,,,,,,,,,,,,,,,,,,,,,,,,,,,,,,,,,,,,,,,,,,,,,,,,,,,,,,,,,,,,,,,,,,,,,,,,,,,,,,,,,,,,-99.7,,,,,,,,,
2002-04-23,841.4,842.4,2002-04-23T21:53:00,840.5,2002-04-23T16:11:00,16.2,18.8,2002-04-23T13:56:00,14.1,2002-04-23T05:37:00,-9997,,,0.5,177,2.7,266.0,2002-04-23T05:06:00,0.0,,,,,,,,,,,,,,,,,,,,,,,,,,,,,,,,,,,,,,,,,,,,,,,,,,,,,,,,,,,,,,,,,,,,,,,,,,,,,,,,,,,,,,,,-99.7,,,,,,,,,
2002-04-24,840.9,842.8,2002-04-24T22:46:00,839.6,2002-04-24T04:56:00,15.8,19.4,2002-04-24T12:49:00,14.4,2002-04-24T04:00:00,-9997,,,0.4,191,3.1,177.0,2002-04-24T05:56:00,0.5,,,,,,,,,,,,,,,,,,,,,,,,,,,,,,,,,,,,,,,,,,,,,,,,,,,,,,,,,,,,,,,,,,,,,,,,,,,,,,,,,,,,,,,,-99.7,,,,,,,,,
2002-04-25,841.2,842.7,2002-04-25T10:12:00,839.8,2002-04-25T16:29:00,15.2,20.7,2002-04-25T10:26:00,12.8,2002-04-25T04:13:00,-9997,,,0.6,360,3.2,0.0,2002-04-25T03:48:00,4.0,,,,,,,,,,,,,,,,,,,,,,,,,,,,,,,,,,,,,,,,,,,,,,,,,,,,,,,,,,,,,,,,,,,,,,,,,,,,,,,,,,,,,,,,-99.7,,,,,,,,,
2002-04-26,841.2,842.4,2002-04-26T10:40:00,839.9,2002-04-26T03:49:00,14.5,16.3,2002-04-26T13:27:00,13.6,2002-04-26T04:55:00,-9997,,,0.4,181,3.5,196.0,2002-04-26T14:26:00,5.0,,,,,,,,,,,,,,,,,,,,,,,,,,,,,,,,,,,,,,,,,,,,,,,,,,,,,,,,,,,,,,,,,,,,,,,,,,,,,,,,,,,,,,,,-99.7,,,,,,,,,
2002-04-27,841.3,842.4,2002-04-27T22:12:00,840.0,2002-04-27T02:31:00,15.2,18.6,2002-04-27T11:16:00,13.4,2002-04-27T05:36:00,-9997,,,0.5,176,2.4,180.0,2002-04-27T00:17:00,0.5,,,,,,,,,,,,,,,,,,,,,,,,,,,,,,,,,,,,,,,,,,,,,,,,,,,,,,,,,,,,,,,,,,,,,,,,,,,,,,,,,,,,,,,,-99.7,,,,,,,,,
2002-04-28,841.2,842.4,2002-04-28T10:20:00,840.2,2002-04-28T03:50:00,15.8,18.3,2002-04-28T14:30:00,13.9,2002-04-28T03:06:00,-9997,,,0.3,340,2.4,327.0,2002-04-28T05:51:00,0.0,,,,,,,,,,,,,,,,,,,,,,,,,,,,,,,,,,,,,,,,,,,,,,,,,,,,,,,,,,,,,,,,,,,,,,,,,,,,,,,,,,,,,,,,-99.7,,,,,,,,,
2002-04-29,840.3,841.6,2002-04-29T10:10:00,839.1,2002-04-29T16:18:00,15.9,18.1,2002-04-29T10:22:00,14.2,2002-04-29T02:38:00,-9997,,,0.6,181,2.8,163.0,2002-04-29T12:03:00,0.0,,,,,,,,,,,,,,,,,,,,,,,,,,,,,,,,,,,,,,,,,,,,,,,,,,,,,,,,,,,,,,,,,,,,,,,,,,,,,,,,,,,,,,,,-99.7,,,,,,,,,
2002-04-30,839.4,840.6,2002-04-30T10:12:00,838.1,2002-04-30T16:44:00,15.8,18.2,2002-04-30T09:16:00,14.1,2002-04-30T05:09:00,-9997,,,0.6,196,2.5,185.0,2002-04-30T11:41:00,0.0,,,,,,,,,,,,,,,,,,,,,,,,,,,,,,,,,,,,,,,,,,,,,,,,,,,,,,,,,,,,,,,,,,,,,,,,,,,,,,,,,,,,,,,,-99.7,,,,,,,,,
2002-05-01,839.5,841.2,2002-05-01T22:20:00,837.9,2002-05-01T04:04:00,16.1,19.2,2002-05-01T10:11:00,14.1,2002-05-01T01:56:00,-9997,,,0.4,170,2.8,192.0,2002-05-01T10:43:00,0.0,,,,,,,,,,,,,,,,,,,,,,,,,,,,,,,,,,,,,,,,,,,,,,,,,,,,,,,,,,,,,,,,,,,,,,,,,,,,,,,,,,,,,,,,-99.7,,,,,,,,,
2002-05-02,841.2,842.5,2002-05-02T22:40:00,839.6,2002-05-02T03:53:00,16.2,19.8,2002-05-02T10:56:00,12.9,2002-05-02T05:38:00,-9997,,,0.5,164,3.0,3.0,2002-05-02T19:06:00,0.5,,,,,,,,,,,,,,,,,,,,,,,,,,,,,,,,,,,,,,,,,,,,,,,,,,,,,,,,,,,,,,,,,,,,,,,,,,,,,,,,,,,,,,,,-99.7,,,,,,,,,
2002-05-03,841.5,842.6,2002-05-03T10:14:00,840.4,2002-05-03T16:33:00,16.2,18.8,2002-05-03T11:15:00,15.2,2002-05-03T21:46:00,-9997,,,0.3,178,2.2,175.0,2002-05-03T13:18:00,0.0,,,,,,,,,,,,,,,,,,,,,,,,,,,,,,,,,,,,,,,,,,,,,,,,,,,,,,,,,,,,,,,,,,,,,,,,,,,,,,,,,,,,,,,,-99.7,,,,,,,,,
2002-05-04,841.3,842.6,2002-05-04T09:10:00,839.6,2002-05-04T16:55:00,15.5,20.2,2002-05-04T10:54:00,13.2,2002-05-04T04:28:00,-9997,,,0.3,353,2.8,172.0,2002-05-04T13:54:00,0.0,,,,,,,,,,,,,,,,,,,,,,,,,,,,,,,,,,,,,,,,,,,,,,,,,,,,,,,,,,,,,,,,,,,,,,,,,,,,,,,,,,,,,,,,-99.7,,,,,,,,,
2002-05-05,840.0,841.4,2002-05-05T09:13:00,838.5,2002-05-05T17:00:00,15.5,18.2,2002-05-05T12:12:00,13.0,2002-05-05T02:31:00,-9997,,,0.6,4,2.8,0.0,2002-05-05T01:39:00,0.0,,,,,,,,,,,,,,,,,,,,,,,,,,,,,,,,,,,,,,,,,,,,,,,,,,,,,,,,,,,,,,,,,,,,,,,,,,,,,,,,,,,,,,,,-99.7,,,,,,,,,
2002-05-06,838.7,840.2,2002-05-06T10:21:00,837.4,2002-05-06T15:52:00,15.6,17.9,2002-05-06T11:34:00,12.2,2002-05-06T06:20:00,-9997,,,0.5,1,2.7,179.0,2002-05-06T10:08:00,0.0,,,,,,,,,,,,,,,,,,,,,,,,,,,,,,,,,,,,,,,,,,,,,,,,,,,,,,,,,,,,,,,,,,,,,,,,,,,,,,,,,,,,,,,,-99.7,,,,,,,,,
2002-05-07,838.7,840.2,2002-05-07T22:38:00,837.4,2002-05-07T03:12:00,16.3,20.8,2002-05-07T12:53:00,12.2,2002-05-07T23:24:00,-9997,,,0.4,160,3.2,178.0,2002-05-07T13:57:00,0.0,,,,,,,,,,,,,,,,,,,,,,,,,,,,,,,,,,,,,,,,,,,,,,,,,,,,,,,,,,,,,,,,,,,,,,,,,,,,,,,,,,,,,,,,-99.7,,,,,,,,,
2002-05-08,840.5,841.9,2002-05-08T22:52:00,839.0,2002-05-08T02:30:00,15.2,20.9,2002-05-08T11:37:00,12.6,2002-05-08T00:01:00,-9997,,,0.7,179,2.9,162.0,2002-05-08T12:25:00,0.0,,,,,,,,,,,,,,,,,,,,,,,,,,,,,,,,,,,,,,,,,,,,,,,,,,,,,,,,,,,,,,,,,,,,,,,,,,,,,,,,,,,,,,,,-99.7,,,,,,,,,
2002-05-09,840.1,841.5,2002-05-09T10:14:00,838.5,2002-05-09T16:36:00,16.1,20.3,2002-05-09T10:26:00,13.1,2002-05-09T03:46:00,-9997,,,0.8,162,2.8,195.0,2002-05-09T00:25:00,0.0,,,,,,,,,,,,,,,,,,,,,,,,,,,,,,,,,,,,,,,,,,,,,,,,,,,,,,,,,,,,,,,,,,,,,,,,,,,,,,,,,,,,,,,,-99.7,,,,,,,,,
2002-05-10,839.0,840.2,2002-05-10T10:08:00,837.9,2002-05-10T15:42:00,16.4,19.6,2002-05-10T13:04:00,14.3,2002-05-10T00:05:00,-9997,,,0.5,185,3.1,191.0,2002-05-10T04:54:00,0.0,,,,,,,,,,,,,,,,,,,,,,,,,,,,,,,,,,,,,,,,,,,,,,,,,,,,,,,,,,,,,,,,,,,,,,,,,,,,,,,,,,,,,,,,-99.7,,,,,,,,,
2002-05-11,838.9,840.3,2002-05-11T23:59:00,837.8,2002-05-11T15:38:00,16.9,18.7,2002-05-11T10:13:00,14.2,2002-05-11T01:53:00,-9997,,,0.4,183,4.3,200.0,2002-05-11T09:42:00,0.0,,,,,,,,,,,,,,,,,,,,,,,,,,,,,,,,,,,,,,,,,,,,,,,,,,,,,,,,,,,,,,,,,,,,,,,,,,,,,,,,,,,,,,,,-99.7,,,,,,,,,
2002-05-12,840.5,841.5,2002-05-12T09:07:00,839.2,2002-05-12T03:19:00,16.6,18.7,2002-05-12T09:41:00,15.2,2002-05-12T03:35:00,-9997,,,0.6,360,2.5,212.0,2002-05-12T10:03:00,9.5,,,,,,,,,,,,,,,,,,,,,,,,,,,,,,,,,,,,,,,,,,,,,,,,,,,,,,,,,,,,,,,,,,,,,,,,,,,,,,,,,,,,,,,,-99.7,,,,,,,,,
2002-05-13,840.5,841.4,2002-05-13T23:09:00,839.4,2002-05-13T16:44:00,16.7,18.4,2002-05-13T13:27:00,15.0,2002-05-13T06:02:00,-9997,,,0.6,179,3.2,184.0,2002-05-13T10:43:00,0.5,,,,,,,,,,,,,,,,,,,,,,,,,,,,,,,,,,,,,,,,,,,,,,,,,,,,,,,,,,,,,,,,,,,,,,,,,,,,,,,,,,,,,,,,-99.7,,,,,,,,,
2002-05-14,838.5,-9999.7,,-9999.7,,17.5,-99.7,,-99.7,,-9997,,,0.7,193,-99.7,-999.7,,0.0,,,,,,,,,,,,,,,,,,,,,,,,,,,,,,,,,,,,,,,,,,,,,,,,,,,,,,,,,,,,,,,,,,,,,,,,,,,,,,,,,,,,,,,,-99.7,,,,,,,,,
2002-05-15,836.9,838.1,2002-05-15T01:05:00,835.6,2002-05-15T16:45:00,20.7,26.3,2002-05-15T13:19:00,16.9,2002-05-15T22:11:00,-9997,,,0.7,209,8.5,167.0,2002-05-15T13:06:00,0.0,,,,,,,,,,,,,,,,,,,,,,,,,,,,,,,,,,,,,,,,,,,,,,,,,,,,,,,,,,,,,,,,,,,,,,,,,,,,,,,,,,,,,,,,-99.7,,,,,,,,,
2002-05-16,837.6,839.1,2002-05-16T09:28:00,836.0,2002-05-16T02:47:00,17.2,19.5,2002-05-16T11:06:00,16.0,2002-05-16T23:59:00,-9997,,,0.7,181,3.6,186.0,2002-05-16T23:46:00,1.0,,,,,,,,,,,,,,,,,,,,,,,,,,,,,,,,,,,,,,,,,,,,,,,,,,,,,,,,,,,,,,,,,,,,,,,,,,,,,,,,,,,,,,,,-99.7,,,,,,,,,
2002-05-17,836.1,838.1,2002-05-17T00:05:00,834.6,2002-05-17T17:58:00,15.4,17.0,2002-05-17T10:47:00,12.9,2002-05-17T20:21:00,-9997,,,0.6,177,6.7,310.0,2002-05-17T18:02:00,50.0,,,,,,,,,,,,,,,,,,,,,,,,,,,,,,,,,,,,,,,,,,,,,,,,,,,,,,,,,,,,,,,,,,,,,,,,,,,,,,,,,,,,,,,,-99.7,,,,,,,,,
2002-05-18,836.3,837.6,2002-05-18T22:38:00,835.0,2002-05-18T02:01:00,14.9,17.5,2002-05-18T11:15:00,13.3,2002-05-18T05:37:00,-9997,,,0.7,172,3.5,204.0,2002-05-18T03:19:00,0.5,,,,,,,,,,,,,,,,,,,,,,,,,,,,,,,,,,,,,,,,,,,,,,,,,,,,,,,,,,,,,,,,,,,,,,,,,,,,,,,,,,,,,,,,-99.7,,,,,,,,,
2002-05-19,836.2,837.2,2002-05-19T09:01:00,835.0,2002-05-19T16:40:00,15.1,16.0,2002-05-19T20:04:00,13.6,2002-05-19T05:27:00,-9997,,,0.6,176,3.0,201.0,2002-05-19T11:08:00,0.5,,,,,,,,,,,,,,,,,,,,,,,,,,,,,,,,,,,,,,,,,,,,,,,,,,,,,,,,,,,,,,,,,,,,,,,,,,,,,,,,,,,,,,,,-99.7,,,,,,,,,
2002-05-20,834.9,836.0,2002-05-20T09:47:00,833.4,2002-05-20T15:54:00,16.7,18.7,2002-05-20T10:38:00,14.8,2002-05-20T05:09:00,-9997,,,0.3,360,2.2,174.0,2002-05-20T10:02:00,5.0,,,,,,,,,,,,,,,,,,,,,,,,,,,,,,,,,,,,,,,,,,,,,,,,,,,,,,,,,,,,,,,,,,,,,,,,,,,,,,,,,,,,,,,,-99.7,,,,,,,,,
2002-05-21,835.2,837.1,2002-05-21T21:38:00,833.2,2002-05-21T04:51:00,17.9,20.4,2002-05-21T11:07:00,16.1,2002-05-21T05:09:00,-9997,,,0.8,183,3.8,276.0,2002-05-21T11:02:00,0.5,,,,,,,,,,,,,,,,,,,,,,,,,,,,,,,,,,,,,,,,,,,,,,,,,,,,,,,,,,,,,,,,,,,,,,,,,,,,,,,,,,,,,,,,-99.7,,,,,,,,,
2002-05-22,835.9,837.7,2002-05-22T23:19:00,834.6,2002-05-22T16:46:00,18.0,20.3,2002-05-22T02:40:00,16.5,2002-05-22T08:52:00,-9997,,,0.9,3,5.3,211.0,2002-05-22T14:45:00,3.5,,,,,,,,,,,,,,,,,,,,,,,,,,,,,,,,,,,,,,,,,,,,,,,,,,,,,,,,,,,,,,,,,,,,,,,,,,,,,,,,,,,,,,,,-99.7,,,,,,,,,
2002-05-23,836.9,839.0,2002-05-23T22:20:00,835.6,2002-05-23T05:40:00,18.2,20.8,2002-05-23T10:03:00,16.3,2002-05-23T23:44:00,-9997,,,0.7,181,3.1,342.0,2002-05-23T03:26:00,0.5,,,,,,,,,,,,,,,,,,,,,,,,,,,,,,,,,,,,,,,,,,,,,,,,,,,,,,,,,,,,,,,,,,,,,,,,,,,,,,,,,,,,,,,,-99.7,,,,,,,,,
2002-05-24,838.1,839.7,2002-05-24T22:36:00,836.8,2002-05-24T16:06:00,14.6,17.4,2002-05-24T10:38:00,11.3,2002-05-24T18:57:00,-9997,,,0.8,182,4.4,0.0,2002-05-24T18:43:00,0.0,,,,,,,,,,,,,,,,,,,,,,,,,,,,,,,,,,,,,,,,,,,,,,,,,,,,,,,,,,,,,,,,,,,,,,,,,,,,,,,,,,,,,,,,-99.7,,,,,,,,,
2002-05-25,838.3,839.2,2002-05-25T22:13:00,837.2,2002-05-25T17:22:00,13.2,16.4,2002-05-25T10:12:00,9.4,2002-05-25T23:55:00,-9997,,,0.3,359,3.1,50.0,2002-05-25T20:40:00,0.5,,,,,,,,,,,,,,,,,,,,,,,,,,,,,,,,,,,,,,,,,,,,,,,,,,,,,,,,,,,,,,,,,,,,,,,,,,,,,,,,,,,,,,,,-99.7,,,,,,,,,
2002-05-26,837.9,839.6,2002-05-26T22:31:00,836.6,2002-05-26T04:41:00,13.8,18.8,2002-05-26T10:15:00,9.7,2002-05-26T00:00:00,-9997,,,0.4,1,2.2,354.0,2002-05-26T20:37:00,0.0,,,,,,,,,,,,,,,,,,,,,,,,,,,,,,,,,,,,,,,,,,,,,,,,,,,,,,,,,,,,,,,,,,,,,,,,,,,,,,,,,,,,,,,,-99.7,,,,,,,,,
2002-05-27,838.8,840.2,2002-05-27T22:42:00,837.3,2002-05-27T02:43:00,14.2,18.0,2002-05-27T11:11:00,12.2,2002-05-27T00:28:00,-9997,,,0.5,2,3.0,200.0,2002-05-27T15:02:00,0.5,,,,,,,,,,,,,,,,,,,,,,,,,,,,,,,,,,,,,,,,,,,,,,,,,,,,,,,,,,,,,,,,,,,,,,,,,,,,,,,,,,,,,,,,-99.7,,,,,,,,,
2002-05-28,839.0,839.9,2002-05-28T21:46:00,838.2,2002-05-28T17:11:00,14.7,17.0,2002-05-28T09:49:00,13.0,2002-05-28T01:09:00,-9997,,,0.6,181,3.0,183.0,2002-05-28T18:17:00,4.0,,,,,,,,,,,,,,,,,,,,,,,,,,,,,,,,,,,,,,,,,,,,,,,,,,,,,,,,,,,,,,,,,,,,,,,,,,,,,,,,,,,,,,,,-99.7,,,,,,,,,
2002-05-29,838.0,839.4,2002-05-29T00:04:00,836.9,2002-05-29T23:59:00,16.3,18.4,2002-05-29T09:39:00,14.4,2002-05-29T02:52:00,-9997,,,0.8,359,3.1,176.0,2002-05-29T12:42:00,33.0,,,,,,,,,,,,,,,,,,,,,,,,,,,,,,,,,,,,,,,,,,,,,,,,,,,,,,,,,,,,,,,,,,,,,,,,,,,,,,,,,,,,,,,,-99.7,,,,,,,,,
2002-05-30,834.7,836.9,2002-05-30T00:05:00,833.0,2002-05-30T15:54:00,17.5,20.4,2002-05-30T17:03:00,16.2,2002-05-30T05:41:00,-9997,,,1.0,184,7.8,293.0,2002-05-30T13:34:00,3.5,,,,,,,,,,,,,,,,,,,,,,,,,,,,,,,,,,,,,,,,,,,,,,,,,,,,,,,,,,,,,,,,,,,,,,,,,,,,,,,,,,,,,,,,-99.7,,,,,,,,,
2002-05-31,834.5,835.8,2002-05-31T00:14:00,833.4,2002-05-31T15:56:00,17.8,24.1,2002-05-31T10:50:00,15.1,2002-05-31T05:24:00,-9997,,,0.6,189,3.5,203.0,2002-05-31T01:55:00,7.5,,,,,,,,,,,,,,,,,,,,,,,,,,,,,,,,,,,,,,,,,,,,,,,,,,,,,,,,,,,,,,,,,,,,,,,,,,,,,,,,,,,,,,,,-99.7,,,,,,,,,
2002-06-01,834.5,835.7,2002-06-01T21:53:00,833.5,2002-06-01T16:19:00,16.8,18.7,2002-06-01T12:08:00,15.5,2002-06-01T04:12:00,-9997,,,0.4,169,2.0,167.0,2002-06-01T15:11:00,19.5,,,,,,,,,,,,,,,,,,,,,,,,,,,,,,,,,,,,,,,,,,,,,,,,,,,,,,,,,,,,,,,,,,,,,,,,,,,,,,,,,,,,,,,,-99.7,,,,,,,,,
2002-06-02,834.5,835.4,2002-06-02T22:06:00,833.8,2002-06-02T05:10:00,16.3,18.3,2002-06-02T10:24:00,14.8,2002-06-02T23:54:00,-9997,,,0.6,359,3.9,2.0,2002-06-02T19:17:00,5.0,,,,,,,,,,,,,,,,,,,,,,,,,,,,,,,,,,,,,,,,,,,,,,,,,,,,,,,,,,,,,,,,,,,,,,,,,,,,,,,,,,,,,,,,-99.7,,,,,,,,,
2002-06-03,835.2,836.5,2002-06-03T22:28:00,834.2,2002-06-03T04:02:00,16.4,18.8,2002-06-03T10:39:00,14.7,2002-06-03T00:11:00,-9997,,,0.6,1,3.0,209.0,2002-06-03T18:13:00,5.5,,,,,,,,,,,,,,,,,,,,,,,,,,,,,,,,,,,,,,,,,,,,,,,,,,,,,,,,,,,,,,,,,,,,,,,,,,,,,,,,,,,,,,,,-99.7,,,,,,,,,
2002-06-04,835.4,836.6,2002-06-04T22:43:00,834.4,2002-06-04T04:38:00,16.5,18.6,2002-06-04T09:34:00,15.3,2002-06-04T03:27:00,-9997,,,0.5,180,2.0,187.0,2002-06-04T04:33:00,2.0,,,,,,,,,,,,,,,,,,,,,,,,,,,,,,,,,,,,,,,,,,,,,,,,,,,,,,,,,,,,,,,,,,,,,,,,,,,,,,,,,,,,,,,,-99.7,,,,,,,,,
2002-06-05,836.0,837.1,2002-06-05T21:45:00,835.0,2002-06-05T16:22:00,16.7,17.9,2002-06-05T10:32:00,15.6,2002-06-05T02:09:00,-9997,,,0.3,183,2.0,178.0,2002-06-05T15:28:00,24.0,,,,,,,,,,,,,,,,,,,,,,,,,,,,,,,,,,,,,,,,,,,,,,,,,,,,,,,,,,,,,,,,,,,,,,,,,,,,,,,,,,,,,,,,-99.7,,,,,,,,,
2002-06-06,835.9,836.9,2002-06-06T09:40:00,834.9,2002-06-06T17:06:00,16.9,18.1,2002-06-06T10:49:00,16.1,2002-06-06T05:41:00,-9997,,,0.4,358,2.8,176.0,2002-06-06T11:46:00,33.5,,,,,,,,,,,,,,,,,,,,,,,,,,,,,,,,,,,,,,,,,,,,,,,,,,,,,,,,,,,,,,,,,,,,,,,,,,,,,,,,,,,,,,,,-99.7,,,,,,,,,
2002-06-07,834.8,835.9,2002-06-07T22:33:00,833.6,2002-06-07T16:33:00,16.7,18.9,2002-06-07T11:41:00,15.8,2002-06-07T03:12:00,-9997,,,0.6,1,3.4,178.0,2002-06-07T16:14:00,53.0,,,,,,,,,,,,,,,,,,,,,,,,,,,,,,,,,,,,,,,,,,,,,,,,,,,,,,,,,,,,,,,,,,,,,,,,,,,,,,,,,,,,,,,,-99.7,,,,,,,,,
2002-06-08,834.6,-9999.7,,-9999.7,,17.1,-99.7,,-99.7,,-9997,,,0.7,1,-99.7,-999.7,,6.5,,,,,,,,,,,,,,,,,,,,,,,,,,,,,,,,,,,,,,,,,,,,,,,,,,,,,,,,,,,,,,,,,,,,,,,,,,,,,,,,,,,,,,,,-99.7,,,,,,,,,
2002-06-09,835.5,836.7,2002-06-09T09:55:00,834.4,2002-06-09T15:36:00,17.4,20.2,2002-06-09T10:56:00,15.7,2002-06-09T00:09:00,-9997,,,0.3,172,2.2,180.0,2002-06-09T17:17:00,38.0,,,,,,,,,,,,,,,,,,,,,,,,,,,,,,,,,,,,,,,,,,,,,,,,,,,,,,,,,,,,,,,,,,,,,,,,,,,,,,,,,,,,,,,,-99.7,,,,,,,,,
2002-06-10,835.4,837.1,2002-06-10T22:01:00,834.0,2002-06-10T04:21:00,18.3,22.5,2002-06-10T10:25:00,14.3,2002-06-10T05:23:00,-9997,,,0.7,360,3.5,1.0,2002-06-10T03:24:00,0.5,,,,,,,,,,,,,,,,,,,,,,,,,,,,,,,,,,,,,,,,,,,,,,,,,,,,,,,,,,,,,,,,,,,,,,,,,,,,,,,,,,,,,,,,-99.7,,,,,,,,,
2002-06-11,837.1,838.9,2002-06-11T22:21:00,835.8,2002-06-11T02:19:00,19.8,25.3,2002-06-11T13:34:00,17.1,2002-06-11T04:03:00,-9997,,,0.5,186,3.7,3.0,2002-06-11T01:26:00,0.0,,,,,,,,,,,,,,,,,,,,,,,,,,,,,,,,,,,,,,,,,,,,,,,,,,,,,,,,,,,,,,,,,,,,,,,,,,,,,,,,,,,,,,,,-99.7,,,,,,,,,
2002-06-12,837.9,839.3,2002-06-12T22:28:00,837.0,2002-06-12T17:07:00,19.9,27.0,2002-06-12T10:46:00,16.5,2002-06-12T03:20:00,-9997,,,0.4,211,4.0,180.0,2002-06-12T13:08:00,0.0,,,,,,,,,,,,,,,,,,,,,,,,,,,,,,,,,,,,,,,,,,,,,,,,,,,,,,,,,,,,,,,,,,,,,,,,,,,,,,,,,,,,,,,,-99.7,,,,,,,,,
2002-06-13,837.4,838.9,2002-06-13T22:20:00,836.3,2002-06-13T16:31:00,19.1,21.6,2002-06-13T15:52:00,16.2,2002-06-13T01:02:00,-9997,,,0.7,346,5.7,359.0,2002-06-13T05:07:00,0.0,,,,,,,,,,,,,,,,,,,,,,,,,,,,,,,,,,,,,,,,,,,,,,,,,,,,,,,,,,,,,,,,,,,,,,,,,,,,,,,,,,,,,,,,-99.7,,,,,,,,,
2002-06-14,837.6,838.4,2002-06-14T09:59:00,836.6,2002-06-14T16:19:00,18.0,21.0,2002-06-14T12:14:00,15.2,2002-06-14T04:10:00,-9997,,,0.3,182,2.2,176.0,2002-06-14T23:51:00,0.0,,,,,,,,,,,,,,,,,,,,,,,,,,,,,,,,,,,,,,,,,,,,,,,,,,,,,,,,,,,,,,,,,,,,,,,,,,,,,,,,,,,,,,,,-99.7,,,,,,,,,
2002-06-15,836.9,838.5,2002-06-15T22:12:00,835.6,2002-06-15T03:53:00,20.0,24.4,2002-06-15T11:49:00,15.8,2002-06-15T02:30:00,-9997,,,0.4,360,2.5,2.0,2002-06-15T19:41:00,0.0,,,,,,,,,,,,,,,,,,,,,,,,,,,,,,,,,,,,,,,,,,,,,,,,,,,,,,,,,,,,,,,,,,,,,,,,,,,,,,,,,,,,,,,,-99.7,,,,,,,,,
2002-06-16,837.8,838.5,2002-06-16T22:46:00,837.1,2002-06-16T04:25:00,18.6,21.5,2002-06-16T10:41:00,16.3,2002-06-16T05:05:00,-9997,,,0.4,359,3.1,196.0,2002-06-16T13:13:00,0.5,,,,,,,,,,,,,,,,,,,,,,,,,,,,,,,,,,,,,,,,,,,,,,,,,,,,,,,,,,,,,,,,,,,,,,,,,,,,,,,,,,,,,,,,-99.7,,,,,,,,,
2002-06-17,837.1,838.9,2002-06-17T22:49:00,836.1,2002-06-17T12:25:00,19.8,25.4,2002-06-17T12:44:00,15.9,2002-06-17T05:19:00,-9997,,,0.4,169,4.2,176.0,2002-06-17T13:33:00,0.0,,,,,,,,,,,,,,,,,,,,,,,,,,,,,,,,,,,,,,,,,,,,,,,,,,,,,,,,,,,,,,,,,,,,,,,,,,,,,,,,,,,,,,,,-99.7,,,,,,,,,
2002-06-18,838.5,839.7,2002-06-18T22:15:00,837.5,2002-06-18T16:43:00,18.1,21.3,2002-06-18T12:05:00,16.0,2002-06-18T05:27:00,-9997,,,0.3,358,2.5,195.0,2002-06-18T10:41:00,0.0,,,,,,,,,,,,,,,,,,,,,,,,,,,,,,,,,,,,,,,,,,,,,,,,,,,,,,,,,,,,,,,,,,,,,,,,,,,,,,,,,,,,,,,,-99.7,,,,,,,,,
2002-06-19,837.9,839.1,2002-06-19T22:24:00,836.5,2002-06-19T16:13:00,18.4,21.3,2002-06-19T10:01:00,15.8,2002-06-19T04:13:00,-9997,,,0.6,182,4.4,186.0,2002-06-19T10:23:00,0.5,,,,,,,,,,,,,,,,,,,,,,,,,,,,,,,,,,,,,,,,,,,,,,,,,,,,,,,,,,,,,,,,,,,,,,,,,,,,,,,,,,,,,,,,-99.7,,,,,,,,,
2002-06-20,837.1,838.4,2002-06-20T22:43:00,835.9,2002-06-20T15:57:00,19.3,21.2,2002-06-20T06:11:00,16.5,2002-06-20T00:07:00,-9997,,,0.8,1,4.8,187.0,2002-06-20T04:12:00,0.5,,,,,,,,,,,,,,,,,,,,,,,,,,,,,,,,,,,,,,,,,,,,,,,,,,,,,,,,,,,,,,,,,,,,,,,,,,,,,,,,,,,,,,,,-99.7,,,,,,,,,
2002-06-21,837.7,839.4,2002-06-21T22:06:00,836.5,2002-06-21T03:38:00,19.2,21.6,2002-06-21T09:47:00,17.7,2002-06-21T23:49:00,-9997,,,0.8,185,5.7,220.0,2002-06-21T10:53:00,0.5,,,,,,,,,,,,,,,,,,,,,,,,,,,,,,,,,,,,,,,,,,,,,,,,,,,,,,,,,,,,,,,,,,,,,,,,,,,,,,,,,,,,,,,,-99.7,,,,,,,,,
2002-06-22,839.5,841.4,2002-06-22T21:47:00,838.4,2002-06-22T04:37:00,19.7,21.2,2002-06-22T10:28:00,17.8,2002-06-22T01:16:00,-9997,,,0.8,179,5.0,167.0,2002-06-22T08:47:00,0.0,,,,,,,,,,,,,,,,,,,,,,,,,,,,,,,,,,,,,,,,,,,,,,,,,,,,,,,,,,,,,,,,,,,,,,,,,,,,,,,,,,,,,,,,-99.7,,,,,,,,,
2002-06-23,840.1,840.8,2002-06-23T22:40:00,839.2,2002-06-23T16:16:00,20.6,23.8,2002-06-23T14:39:00,17.7,2002-06-23T05:47:00,-9997,,,0.3,359,2.0,3.0,2002-06-23T21:30:00,0.0,,,,,,,,,,,,,,,,,,,,,,,,,,,,,,,,,,,,,,,,,,,,,,,,,,,,,,,,,,,,,,,,,,,,,,,,,,,,,,,,,,,,,,,,-99.7,,,,,,,,,
2002-06-24,838.6,840.3,2002-06-24T00:01:00,837.7,2002-06-24T17:08:00,21.6,27.4,2002-06-24T10:53:00,17.3,2002-06-24T05:51:00,-9997,,,0.5,360,2.4,332.0,2002-06-24T06:08:00,0.0,,,,,,,,,,,,,,,,,,,,,,,,,,,,,,,,,,,,,,,,,,,,,,,,,,,,,,,,,,,,,,,,,,,,,,,,,,,,,,,,,,,,,,,,-99.7,,,,,,,,,
2002-06-25,838.7,841.2,2002-06-25T23:03:00,837.4,2002-06-25T16:11:00,21.7,25.5,2002-06-25T10:30:00,17.6,2002-06-25T23:05:00,-9997,,,0.6,156,4.6,355.0,2002-06-25T21:28:00,0.0,,,,,,,,,,,,,,,,,,,,,,,,,,,,,,,,,,,,,,,,,,,,,,,,,,,,,,,,,,,,,,,,,,,,,,,,,,,,,,,,,,,,,,,,-99.7,,,,,,,,,
2002-06-26,840.2,841.8,2002-06-26T22:12:00,839.1,2002-06-26T16:07:00,19.1,21.8,2002-06-26T13:38:00,17.4,2002-06-26T02:41:00,-9997,,,0.5,164,2.5,174.0,2002-06-26T10:53:00,0.0,,,,,,,,,,,,,,,,,,,,,,,,,,,,,,,,,,,,,,,,,,,,,,,,,,,,,,,,,,,,,,,,,,,,,,,,,,,,,,,,,,,,,,,,-99.7,,,,,,,,,
2002-06-27,840.2,841.1,2002-06-27T11:02:00,839.3,2002-06-27T15:34:00,18.2,20.8,2002-06-27T13:04:00,15.8,2002-06-27T05:14:00,-9997,,,0.6,164,3.7,196.0,2002-06-27T20:27:00,2.5,,,,,,,,,,,,,,,,,,,,,,,,,,,,,,,,,,,,,,,,,,,,,,,,,,,,,,,,,,,,,,,,,,,,,,,,,,,,,,,,,,,,,,,,-99.7,,,,,,,,,
2002-06-28,839.0,-9999.7,,-9999.7,,19.0,-99.7,,-99.7,,-9997,,,0.4,180,-99.7,-999.7,,0.0,,,,,,,,,,,,,,,,,,,,,,,,,,,,,,,,,,,,,,,,,,,,,,,,,,,,,,,,,,,,,,,,,,,,,,,,,,,,,,,,,,,,,,,,-99.7,,,,,,,,,
2002-06-29,837.9,839.4,2002-06-29T00:10:00,836.7,2002-06-29T17:23:00,19.7,22.3,2002-06-29T13:16:00,18.1,2002-06-29T00:28:00,-9997,,,0.5,353,2.7,198.0,2002-06-29T03:05:00,0.5,,,,,,,,,,,,,,,,,,,,,,,,,,,,,,,,,,,,,,,,,,,,,,,,,,,,,,,,,,,,,,,,,,,,,,,,,,,,,,,,,,,,,,,,-99.7,,,,,,,,,
2002-06-30,837.2,838.3,2002-06-30T00:02:00,836.1,2002-06-30T15:56:00,18.8,21.3,2002-06-30T10:39:00,16.9,2002-06-30T04:58:00,-9997,,,0.5,181,3.5,193.0,2002-06-30T10:44:00,0.0,,,,,,,,,,,,,,,,,,,,,,,,,,,,,,,,,,,,,,,,,,,,,,,,,,,,,,,,,,,,,,,,,,,,,,,,,,,,,,,,,,,,,,,,-99.7,,,,,,,,,
2002-07-01,837.4,839.3,2002-07-01T22:11:00,836.5,2002-07-01T04:47:00,18.4,21.7,2002-07-01T09:41:00,15.4,2002-07-01T05:05:00,-9997,,,0.5,166,2.9,185.0,2002-07-01T11:48:00,0.0,,,,,,,,,,,,,,,,,,,,,,,,,,,,,,,,,,,,,,,,,,,,,,,,,,,,,,,,,,,,,,,,,,,,,,,,,,,,,,,,,,,,,,,,-99.7,,,,,,,,,
2002-07-02,836.4,838.1,2002-07-02T00:03:00,834.5,2002-07-02T23:59:00,19.1,23.7,2002-07-02T10:47:00,16.2,2002-07-02T01:05:00,-9997,,,1.1,360,4.9,191.0,2002-07-02T16:50:00,0.0,,,,,,,,,,,,,,,,,,,,,,,,,,,,,,,,,,,,,,,,,,,,,,,,,,,,,,,,,,,,,,,,,,,,,,,,,,,,,,,,,,,,,,,,-99.7,,,,,,,,,
2002-07-03,829.4,834.5,2002-07-03T00:02:00,824.7,2002-07-03T23:59:00,19.5,23.7,2002-07-03T09:53:00,16.3,2002-07-03T19:53:00,-9997,,,0.6,360,3.4,0.0,2002-07-03T03:10:00,0.5,,,,,,,,,,,,,,,,,,,,,,,,,,,,,,,,,,,,,,,,,,,,,,,,,,,,,,,,,,,,,,,,,,,,,,,,,,,,,,,,,,,,,,,,-99.7,,,,,,,,,
2002-07-04,827.6,831.9,2002-07-04T23:04:00,822.9,2002-07-04T03:48:00,21.8,28.2,2002-07-04T12:34:00,18.6,2002-07-04T22:59:00,-9997,,,0.4,223,8.1,337.0,2002-07-04T06:16:00,0.0,,,,,,,,,,,,,,,,,,,,,,,,,,,,,,,,,,,,,,,,,,,,,,,,,,,,,,,,,,,,,,,,,,,,,,,,,,,,,,,,,,,,,,,,-99.7,,,,,,,,,
2002-07-05,833.0,835.1,2002-07-05T22:19:00,830.8,2002-07-05T02:22:00,20.8,25.8,2002-07-05T12:19:00,17.5,2002-07-05T23:37:00,-9997,,,0.6,158,3.7,180.0,2002-07-05T18:21:00,1.0,,,,,,,,,,,,,,,,,,,,,,,,,,,,,,,,,,,,,,,,,,,,,,,,,,,,,,,,,,,,,,,,,,,,,,,,,,,,,,,,,,,,,,,,-99.7,,,,,,,,,
2002-07-06,833.9,835.0,2002-07-06T22:16:00,832.8,2002-07-06T15:53:00,18.4,21.5,2002-07-06T09:44:00,16.9,2002-07-06T04:52:00,-9997,,,0.9,180,5.2,194.0,2002-07-06T20:11:00,1.0,,,,,,,,,,,,,,,,,,,,,,,,,,,,,,,,,,,,,,,,,,,,,,,,,,,,,,,,,,,,,,,,,,,,,,,,,,,,,,,,,,,,,,,,-99.7,,,,,,,,,
2002-07-07,832.6,834.3,2002-07-07T00:08:00,830.8,2002-07-07T17:37:00,18.0,20.1,2002-07-07T11:40:00,16.2,2002-07-07T02:36:00,-9997,,,0.6,171,3.5,256.0,2002-07-07T04:53:00,22.5,,,,,,,,,,,,,,,,,,,,,,,,,,,,,,,,,,,,,,,,,,,,,,,,,,,,,,,,,,,,,,,,,,,,,,,,,,,,,,,,,,,,,,,,-99.7,,,,,,,,,
2002-07-08,829.1,831.4,2002-07-08T00:03:00,827.5,2002-07-08T16:55:00,17.9,19.4,2002-07-08T08:25:00,16.9,2002-07-08T02:50:00,-9997,,,0.4,4,2.3,188.0,2002-07-08T12:06:00,88.0,,,,,,,,,,,,,,,,,,,,,,,,,,,,,,,,,,,,,,,,,,,,,,,,,,,,,,,,,,,,,,,,,,,,,,,,,,,,,,,,,,,,,,,,-99.7,,,,,,,,,
2002-07-09,825.2,828.0,2002-07-09T00:00:00,823.6,2002-07-09T15:35:00,19.4,21.6,2002-07-09T14:52:00,17.8,2002-07-09T00:02:00,-9997,,,0.4,6,4.1,267.0,2002-07-09T17:41:00,39.5,,,,,,,,,,,,,,,,,,,,,,,,,,,,,,,,,,,,,,,,,,,,,,,,,,,,,,,,,,,,,,,,,,,,,,,,,,,,,,,,,,,,,,,,-99.7,,,,,,,,,
2002-07-10,825.7,829.5,2002-07-10T22:53:00,823.4,2002-07-10T04:26:00,21.3,25.9,2002-07-10T14:46:00,19.1,2002-07-10T05:31:00,-9997,,,0.7,196,8.1,281.0,2002-07-10T08:08:00,-9999.5,,,,,,,,,,,,,,,,,,,,,,,,,,,,,,,,,,,,,,,,,,,,,,,,,,,,,,,,,,,,,,,,,,,,,,,,,,,,,,,,,,,,,,,,-99.7,,,,,,,,,
2002-07-11,830.5,832.9,2002-07-11T22:16:00,828.0,2002-07-11T04:29:00,19.4,20.6,2002-07-11T10:59:00,18.3,2002-07-11T05:01:00,-9997,,,0.4,182,3.5,202.0,2002-07-11T19:31:00,-9999.5,,,,,,,,,,,,,,,,,,,,,,,,,,,,,,,,,,,,,,,,,,,,,,,,,,,,,,,,,,,,,,,,,,,,,,,,,,,,,,,,,,,,,,,,-99.7,,,,,,,,,
2002-07-12,832.7,834.6,2002-07-12T22:18:00,830.8,2002-07-12T04:02:00,18.4,20.5,2002-07-12T08:34:00,13.2,2002-07-12T22:27:00,-9997,,,0.7,176,4.1,157.0,2002-07-12T14:18:00,-9999.5,,,,,,,,,,,,,,,,,,,,,,,,,,,,,,,,,,,,,,,,,,,,,,,,,,,,,,,,,,,,,,,,,,,,,,,,,,,,,,,,,,,,,,,,-99.7,,,,,,,,,
2002-07-13,833.2,834.3,2002-07-13T09:18:00,832.4,2002-07-13T17:57:00,18.8,21.7,2002-07-13T09:53:00,16.7,2002-07-13T00:00:00,-9997,,,0.6,3,2.7,0.0,2002-07-13T18:21:00,-9999.5,,,,,,,,,,,,,,,,,,,,,,,,,,,,,,,,,,,,,,,,,,,,,,,,,,,,,,,,,,,,,,,,,,,,,,,,,,,,,,,,,,,,,,,,-99.7,,,,,,,,,
2002-07-14,832.3,833.9,2002-07-14T22:28:00,831.3,2002-07-14T02:40:00,19.1,23.4,2002-07-14T10:22:00,16.0,2002-07-14T05:59:00,-9997,,,0.5,168,3.0,289.0,2002-07-14T19:13:00,-9999.5,,,,,,,,,,,,,,,,,,,,,,,,,,,,,,,,,,,,,,,,,,,,,,,,,,,,,,,,,,,,,,,,,,,,,,,,,,,,,,,,,,,,,,,,-99.7,,,,,,,,,
2002-07-15,834.4,836.7,2002-07-15T22:25:00,832.2,2002-07-15T03:35:00,21.2,27.1,2002-07-15T11:47:00,18.6,2002-07-15T05:02:00,-9997,,,0.4,190,2.7,148.0,2002-07-15T12:36:00,-9999.5,,,,,,,,,,,,,,,,,,,,,,,,,,,,,,,,,,,,,,,,,,,,,,,,,,,,,,,,,,,,,,,,,,,,,,,,,,,,,,,,,,,,,,,,-99.7,,,,,,,,,
2002-07-16,836.2,838.2,2002-07-16T22:33:00,834.9,2002-07-16T04:15:00,21.2,23.6,2002-07-16T10:43:00,18.7,2002-07-16T23:59:00,-9997,,,0.4,180,3.2,280.0,2002-07-16T00:41:00,-9999.5,,,,,,,,,,,,,,,,,,,,,,,,,,,,,,,,,,,,,,,,,,,,,,,,,,,,,,,,,,,,,,,,,,,,,,,,,,,,,,,,,,,,,,,,-99.7,,,,,,,,,
2002-07-17,836.0,837.3,2002-07-17T07:28:00,834.1,2002-07-17T14:26:00,18.8,21.0,2002-07-17T23:52:00,16.9,2002-07-17T14:25:00,-9997,,,0.6,215,6.0,359.0,2002-07-17T13:11:00,-9999.5,,,,,,,,,,,,,,,,,,,,,,,,,,,,,,,,,,,,,,,,,,,,,,,,,,,,,,,,,,,,,,,,,,,,,,,,,,,,,,,,,,,,,,,,-99.7,,,,,,,,,
2002-07-18,835.7,837.5,2002-07-18T22:16:00,834.7,2002-07-18T03:12:00,19.4,23.2,2002-07-18T08:47:00,17.1,2002-07-18T14:08:00,-9997,,,0.7,217,5.2,307.0,2002-07-18T11:52:00,-9999.5,,,,,,,,,,,,,,,,,,,,,,,,,,,,,,,,,,,,,,,,,,,,,,,,,,,,,,,,,,,,,,,,,,,,,,,,,,,,,,,,,,,,,,,,-99.7,,,,,,,,,
2002-07-19,838.3,840.5,2002-07-19T22:31:00,836.2,2002-07-19T03:30:00,21.2,24.8,2002-07-19T09:41:00,19.1,2002-07-19T00:00:00,-9997,,,0.7,181,4.0,202.0,2002-07-19T21:16:00,-9999.5,,,,,,,,,,,,,,,,,,,,,,,,,,,,,,,,,,,,,,,,,,,,,,,,,,,,,,,,,,,,,,,,,,,,,,,,,,,,,,,,,,,,,,,,-99.7,,,,,,,,,
2002-07-20,840.2,841.3,2002-07-20T22:47:00,839.2,2002-07-20T16:47:00,19.6,22.0,2002-07-20T10:52:00,16.6,2002-07-20T20:28:00,-9997,,,0.9,10,3.8,203.0,2002-07-20T15:37:00,-9999.5,,,,,,,,,,,,,,,,,,,,,,,,,,,,,,,,,,,,,,,,,,,,,,,,,,,,,,,,,,,,,,,,,,,,,,,,,,,,,,,,,,,,,,,,-99.7,,,,,,,,,
2002-07-21,839.3,840.9,2002-07-21T00:20:00,837.9,2002-07-21T16:43:00,19.8,26.1,2002-07-21T11:56:00,16.3,2002-07-21T21:49:00,-9997,,,0.8,4,3.2,341.0,2002-07-21T20:30:00,-9999.5,,,,,,,,,,,,,,,,,,,,,,,,,,,,,,,,,,,,,,,,,,,,,,,,,,,,,,,,,,,,,,,,,,,,,,,,,,,,,,,,,,,,,,,,-99.7,,,,,,,,,
2002-07-22,837.5,839.0,2002-07-22T00:09:00,836.3,2002-07-22T15:49:00,19.2,23.8,2002-07-22T12:00:00,16.5,2002-07-22T23:56:00,-9997,,,0.7,5,3.0,184.0,2002-07-22T13:55:00,-9999.5,,,,,,,,,,,,,,,,,,,,,,,,,,,,,,,,,,,,,,,,,,,,,,,,,,,,,,,,,,,,,,,,,,,,,,,,,,,,,,,,,,,,,,,,-99.7,,,,,,,,,
2002-07-23,836.6,837.7,2002-07-23T00:09:00,835.6,2002-07-23T16:08:00,18.4,22.5,2002-07-23T12:07:00,15.2,2002-07-23T00:32:00,-9997,,,0.7,6,2.7,142.0,2002-07-23T12:12:00,-9999.5,,,,,,,,,,,,,,,,,,,,,,,,,,,,,,,,,,,,,,,,,,,,,,,,,,,,,,,,,,,,,,,,,,,,,,,,,,,,,,,,,,,,,,,,-99.7,,,,,,,,,
2002-07-24,836.1,836.8,2002-07-24T21:55:00,835.3,2002-07-24T15:53:00,18.0,21.2,2002-07-24T11:03:00,16.2,2002-07-24T05:27:00,-9997,,,0.4,160,2.7,176.0,2002-07-24T14:24:00,-9999.5,,,,,,,,,,,,,,,,,,,,,,,,,,,,,,,,,,,,,,,,,,,,,,,,,,,,,,,,,,,,,,,,,,,,,,,,,,,,,,,,,,,,,,,,-99.7,,,,,,,,,
2002-07-25,833.6,835.5,2002-07-25T00:02:00,831.9,2002-07-25T16:56:00,18.0,20.5,2002-07-25T11:15:00,15.9,2002-07-25T05:41:00,-9997,,,0.5,159,2.7,316.0,2002-07-25T21:31:00,-9999.5,,,,,,,,,,,,,,,,,,,,,,,,,,,,,,,,,,,,,,,,,,,,,,,,,,,,,,,,,,,,,,,,,,,,,,,,,,,,,,,,,,,,,,,,-99.7,,,,,,,,,
2002-07-26,833.6,835.9,2002-07-26T22:44:00,831.9,2002-07-26T02:24:00,19.2,23.4,2002-07-26T12:40:00,15.9,2002-07-26T02:01:00,-9997,,,0.9,359,3.2,6.0,2002-07-26T03:15:00,-9999.5,,,,,,,,,,,,,,,,,,,,,,,,,,,,,,,,,,,,,,,,,,,,,,,,,,,,,,,,,,,,,,,,,,,,,,,,,,,,,,,,,,,,,,,,-99.7,,,,,,,,,
2002-07-27,836.9,839.1,2002-07-27T23:09:00,834.8,2002-07-27T04:14:00,18.8,22.8,2002-07-27T12:23:00,16.8,2002-07-27T06:27:00,-9997,,,0.6,2,2.7,174.0,2002-07-27T13:04:00,-9999.5,,,,,,,,,,,,,,,,,,,,,,,,,,,,,,,,,,,,,,,,,,,,,,,,,,,,,,,,,,,,,,,,,,,,,,,,,,,,,,,,,,,,,,,,-99.7,,,,,,,,,
2002-07-28,838.8,839.8,2002-07-28T22:25:00,837.7,2002-07-28T03:04:00,17.6,19.9,2002-07-28T11:19:00,15.6,2002-07-28T03:02:00,-9997,,,0.4,1,1.9,19.0,2002-07-28T18:19:00,-9999.5,,,,,,,,,,,,,,,,,,,,,,,,,,,,,,,,,,,,,,,,,,,,,,,,,,,,,,,,,,,,,,,,,,,,,,,,,,,,,,,,,,,,,,,,-99.7,,,,,,,,,
2002-07-29,838.5,839.3,2002-07-29T11:13:00,837.7,2002-07-29T17:48:00,18.1,21.0,2002-07-29T10:36:00,16.6,2002-07-29T02:12:00,-9997,,,0.6,171,2.8,195.0,2002-07-29T16:04:00,-9999.5,,,,,,,,,,,,,,,,,,,,,,,,,,,,,,,,,,,,,,,,,,,,,,,,,,,,,,,,,,,,,,,,,,,,,,,,,,,,,,,,,,,,,,,,-99.7,,,,,,,,,
2002-07-30,837.5,838.5,2002-07-30T11:03:00,836.4,2002-07-30T15:53:00,17.7,21.9,2002-07-30T11:35:00,15.1,2002-07-30T19:55:00,-9997,,,0.6,4,3.8,195.0,2002-07-30T17:52:00,-9999.5,,,,,,,,,,,,,,,,,,,,,,,,,,,,,,,,,,,,,,,,,,,,,,,,,,,,,,,,,,,,,,,,,,,,,,,,,,,,,,,,,,,,,,,,-99.7,,,,,,,,,
2002-07-31,835.6,837.1,2002-07-31T00:05:00,834.3,2002-07-31T16:37:00,17.5,22.3,2002-07-31T12:01:00,15.5,2002-07-31T00:07:00,-9997,,,0.7,4,5.0,49.0,2002-07-31T06:46:00,-9999.5,,,,,,,,,,,,,,,,,,,,,,,,,,,,,,,,,,,,,,,,,,,,,,,,,,,,,,,,,,,,,,,,,,,,,,,,,,,,,,,,,,,,,,,,-99.7,,,,,,,,,
2002-08-01,835.2,836.5,2002-08-01T10:39:00,833.8,2002-08-01T03:30:00,17.7,22.0,2002-08-01T12:20:00,15.6,2002-08-01T07:26:00,-9997,,,0.8,4,4.4,187.0,2002-08-01T16:38:00,-9999.5,,,,,,,,,,,,,,,,,,,,,,,,,,,,,,,,,,,,,,,,,,,,,,,,,,,,,,,,,,,,,,,,,,,,,,,,,,,,,,,,,,,,,,,,-99.7,,,,,,,,,
2002-08-02,834.0,835.3,2002-08-02T00:19:00,832.4,2002-08-02T16:18:00,17.5,19.5,2002-08-02T09:50:00,16.4,2002-08-02T03:09:00,-9997,,,0.8,2,4.9,337.0,2002-08-02T12:31:00,-9999.5,,,,,,,,,,,,,,,,,,,,,,,,,,,,,,,,,,,,,,,,,,,,,,,,,,,,,,,,,,,,,,,,,,,,,,,,,,,,,,,,,,,,,,,,-99.7,,,,,,,,,
2002-08-03,833.9,835.2,2002-08-03T10:41:00,832.8,2002-08-03T17:40:00,17.9,20.0,2002-08-03T10:18:00,16.8,2002-08-03T04:09:00,-9997,,,0.7,360,4.7,182.0,2002-08-03T18:19:00,-9999.5,,,,,,,,,,,,,,,,,,,,,,,,,,,,,,,,,,,,,,,,,,,,,,,,,,,,,,,,,,,,,,,,,,,,,,,,,,,,,,,,,,,,,,,,-99.7,,,,,,,,,
2002-08-04,832.7,835.0,2002-08-04T22:18:00,831.5,2002-08-04T05:30:00,16.9,18.6,2002-08-04T11:24:00,16.1,2002-08-04T21:28:00,-9997,,,0.7,187,4.3,192.0,2002-08-04T01:10:00,-9999.5,,,,,,,,,,,,,,,,,,,,,,,,,,,,,,,,,,,,,,,,,,,,,,,,,,,,,,,,,,,,,,,,,,,,,,,,,,,,,,,,,,,,,,,,-99.7,,,,,,,,,
2002-08-05,834.7,836.9,2002-08-05T22:39:00,832.9,2002-08-05T01:48:00,17.3,19.1,2002-08-05T13:12:00,15.9,2002-08-05T01:59:00,-9997,,,0.8,189,9.4,170.0,2002-08-05T03:37:00,-9999.5,,,,,,,,,,,,,,,,,,,,,,,,,,,,,,,,,,,,,,,,,,,,,,,,,,,,,,,,,,,,,,,,,,,,,,,,,,,,,,,,,,,,,,,,-99.7,,,,,,,,,
2002-08-06,837.1,839.3,2002-08-06T21:54:00,835.6,2002-08-06T01:42:00,17.4,18.9,2002-08-06T10:39:00,16.3,2002-08-06T23:03:00,-9997,,,0.6,183,9.0,169.0,2002-08-06T10:09:00,-9999.5,,,,,,,,,,,,,,,,,,,,,,,,,,,,,,,,,,,,,,,,,,,,,,,,,,,,,,,,,,,,,,,,,,,,,,,,,,,,,,,,,,,,,,,,-99.7,,,,,,,,,
2002-08-07,837.2,838.6,2002-08-07T00:02:00,836.1,2002-08-07T17:14:00,18.1,20.3,2002-08-07T23:21:00,16.1,2002-08-07T13:07:00,-9997,,,1.2,178,8.7,216.0,2002-08-07T13:05:00,-9999.5,,,,,,,,,,,,,,,,,,,,,,,,,,,,,,,,,,,,,,,,,,,,,,,,,,,,,,,,,,,,,,,,,,,,,,,,,,,,,,,,,,,,,,,,-99.7,,,,,,,,,
2002-08-08,836.3,837.5,2002-08-08T22:14:00,835.4,2002-08-08T16:04:00,20.5,25.0,2002-08-08T12:47:00,17.3,2002-08-08T23:20:00,-9997,,,1.0,190,5.3,259.0,2002-08-08T03:40:00,-9999.5,,,,,,,,,,,,,,,,,,,,,,,,,,,,,,,,,,,,,,,,,,,,,,,,,,,,,,,,,,,,,,,,,,,,,,,,,,,,,,,,,,,,,,,,-99.7,,,,,,,,,
2002-08-09,836.6,837.9,2002-08-09T23:49:00,835.7,2002-08-09T16:09:00,19.5,23.1,2002-08-09T10:45:00,17.7,2002-08-09T06:09:00,-9997,,,0.7,174,3.7,166.0,2002-08-09T18:31:00,-9999.5,,,,,,,,,,,,,,,,,,,,,,,,,,,,,,,,,,,,,,,,,,,,,,,,,,,,,,,,,,,,,,,,,,,,,,,,,,,,,,,,,,,,,,,,-99.7,,,,,,,,,
2002-08-10,838.2,840.2,2002-08-10T23:33:00,836.7,2002-08-10T04:03:00,18.1,22.7,2002-08-10T10:04:00,15.6,2002-08-10T17:36:00,-9997,,,0.8,360,3.9,184.0,2002-08-10T14:26:00,-9999.5,,,,,,,,,,,,,,,,,,,,,,,,,,,,,,,,,,,,,,,,,,,,,,,,,,,,,,,,,,,,,,,,,,,,,,,,,,,,,,,,,,,,,,,,-99.7,,,,,,,,,
2002-08-11,840.2,841.3,2002-08-11T23:13:00,839.3,2002-08-11T03:09:00,17.6,20.8,2002-08-11T10:24:00,15.9,2002-08-11T19:39:00,-9997,,,0.5,5,2.3,0.0,2002-08-11T18:31:00,-9999.5,,,,,,,,,,,,,,,,,,,,,,,,,,,,,,,,,,,,,,,,,,,,,,,,,,,,,,,,,,,,,,,,,,,,,,,,,,,,,,,,,,,,,,,,-99.7,,,,,,,,,
2002-08-12,840.0,840.9,2002-08-12T00:06:00,838.9,2002-08-12T16:26:00,17.6,22.0,2002-08-12T10:41:00,15.3,2002-08-12T04:36:00,-9997,,,0.6,360,2.5,2.0,2002-08-12T22:20:00,-9999.5,,,,,,,,,,,,,,,,,,,,,,,,,,,,,,,,,,,,,,,,,,,,,,,,,,,,,,,,,,,,,,,,,,,,,,,,,,,,,,,,,,,,,,,,-99.7,,,,,,,,,
2002-08-13,838.7,839.9,2002-08-13T00:16:00,837.5,2002-08-13T16:47:00,17.5,22.6,2002-08-13T11:16:00,14.8,2002-08-13T05:23:00,-9997,,,0.9,360,3.0,359.0,2002-08-13T20:58:00,-9999.5,,,,,,,,,,,,,,,,,,,,,,,,,,,,,,,,,,,,,,,,,,,,,,,,,,,,,,,,,,,,,,,,,,,,,,,,,,,,,,,,,,,,,,,,-99.7,,,,,,,,,
2002-08-14,837.3,838.5,2002-08-14T00:23:00,835.9,2002-08-14T16:22:00,18.3,22.4,2002-08-14T10:37:00,15.3,2002-08-14T04:23:00,-9997,,,0.5,1,2.8,194.0,2002-08-14T14:57:00,-9999.5,,,,,,,,,,,,,,,,,,,,,,,,,,,,,,,,,,,,,,,,,,,,,,,,,,,,,,,,,,,,,,,,,,,,,,,,,,,,,,,,,,,,,,,,-99.7,,,,,,,,,
2002-08-15,835.9,837.2,2002-08-15T00:03:00,834.7,2002-08-15T16:29:00,18.1,21.5,2002-08-15T09:47:00,16.0,2002-08-15T00:50:00,-9997,,,0.7,2,3.0,0.0,2002-08-15T01:40:00,-9999.5,,,,,,,,,,,,,,,,,,,,,,,,,,,,,,,,,,,,,,,,,,,,,,,,,,,,,,,,,,,,,,,,,,,,,,,,,,,,,,,,,,,,,,,,-99.7,,,,,,,,,
2002-08-16,835.1,836.2,2002-08-16T22:10:00,833.9,2002-08-16T16:22:00,18.1,21.6,2002-08-16T12:55:00,15.4,2002-08-16T02:28:00,-9997,,,0.5,4,2.4,182.0,2002-08-16T15:00:00,-9999.5,,,,,,,,,,,,,,,,,,,,,,,,,,,,,,,,,,,,,,,,,,,,,,,,,,,,,,,,,,,,,,,,,,,,,,,,,,,,,,,,,,,,,,,,-99.7,,,,,,,,,
2002-08-17,835.5,837.1,2002-08-17T22:20:00,834.5,2002-08-17T16:04:00,17.8,21.3,2002-08-17T09:37:00,15.8,2002-08-17T06:12:00,-9997,,,0.6,1,2.7,175.0,2002-08-17T13:12:00,-9999.5,,,,,,,,,,,,,,,,,,,,,,,,,,,,,,,,,,,,,,,,,,,,,,,,,,,,,,,,,,,,,,,,,,,,,,,,,,,,,,,,,,,,,,,,-99.7,,,,,,,,,
2002-08-18,837.0,838.8,2002-08-18T22:12:00,835.7,2002-08-18T02:31:00,17.4,22.2,2002-08-18T12:16:00,14.8,2002-08-18T03:25:00,-9997,,,0.7,1,3.5,239.0,2002-08-18T15:31:00,-9999.5,,,,,,,,,,,,,,,,,,,,,,,,,,,,,,,,,,,,,,,,,,,,,,,,,,,,,,,,,,,,,,,,,,,,,,,,,,,,,,,,,,,,,,,,-99.7,,,,,,,,,
2002-08-19,838.9,840.8,2002-08-19T22:21:00,837.5,2002-08-19T02:23:00,17.5,21.5,2002-08-19T13:02:00,15.0,2002-08-19T04:22:00,-9997,,,0.5,3,2.3,168.0,2002-08-19T12:30:00,-9999.5,,,,,,,,,,,,,,,,,,,,,,,,,,,,,,,,,,,,,,,,,,,,,,,,,,,,,,,,,,,,,,,,,,,,,,,,,,,,,,,,,,,,,,,,-99.7,,,,,,,,,
2002-08-20,840.2,841.4,2002-08-20T21:54:00,839.1,2002-08-20T04:40:00,18.1,22.5,2002-08-20T12:36:00,15.6,2002-08-20T06:16:00,-9997,,,0.4,1,2.5,197.0,2002-08-20T12:03:00,-9999.5,,,,,,,,,,,,,,,,,,,,,,,,,,,,,,,,,,,,,,,,,,,,,,,,,,,,,,,,,,,,,,,,,,,,,,,,,,,,,,,,,,,,,,,,-99.7,,,,,,,,,
2002-08-21,840.4,841.4,2002-08-21T10:19:00,839.5,2002-08-21T15:19:00,18.0,22.3,2002-08-21T12:28:00,13.7,2002-08-21T04:55:00,-9997,,,0.5,1,3.1,176.0,2002-08-21T16:46:00,-9999.5,,,,,,,,,,,,,,,,,,,,,,,,,,,,,,,,,,,,,,,,,,,,,,,,,,,,,,,,,,,,,,,,,,,,,,,,,,,,,,,,,,,,,,,,-99.7,,,,,,,,,
2002-08-22,840.2,841.1,2002-08-22T22:43:00,839.3,2002-08-22T16:16:00,18.4,22.2,2002-08-22T11:30:00,16.0,2002-08-22T03:19:00,-9997,,,0.6,179,2.7,168.0,2002-08-22T12:53:00,-9999.5,,,,,,,,,,,,,,,,,,,,,,,,,,,,,,,,,,,,,,,,,,,,,,,,,,,,,,,,,,,,,,,,,,,,,,,,,,,,,,,,,,,,,,,,-99.7,,,,,,,,,
2002-08-23,840.3,841.3,2002-08-23T22:02:00,839.1,2002-08-23T03:11:00,18.4,21.4,2002-08-23T12:36:00,16.0,2002-08-23T04:34:00,-9997,,,0.4,179,2.3,194.0,2002-08-23T03:03:00,-9999.5,,,,,,,,,,,,,,,,,,,,,,,,,,,,,,,,,,,,,,,,,,,,,,,,,,,,,,,,,,,,,,,,,,,,,,,,,,,,,,,,,,,,,,,,-99.7,,,,,,,,,
2002-08-24,839.8,840.8,2002-08-24T09:55:00,838.9,2002-08-24T03:40:00,19.5,23.5,2002-08-24T12:55:00,16.8,2002-08-24T06:36:00,-9997,,,0.5,280,2.5,163.0,2002-08-24T13:15:00,-9999.5,,,,,,,,,,,,,,,,,,,,,,,,,,,,,,,,,,,,,,,,,,,,,,,,,,,,,,,,,,,,,,,,,,,,,,,,,,,,,,,,,,,,,,,,-99.7,,,,,,,,,
2002-08-25,838.7,839.6,2002-08-25T22:12:00,837.4,2002-08-25T17:25:00,19.2,22.7,2002-08-25T10:30:00,16.9,2002-08-25T05:57:00,-9997,,,0.5,182,2.9,172.0,2002-08-25T10:43:00,-9999.5,,,,,,,,,,,,,,,,,,,,,,,,,,,,,,,,,,,,,,,,,,,,,,,,,,,,,,,,,,,,,,,,,,,,,,,,,,,,,,,,,,,,,,,,-99.7,,,,,,,,,
2002-08-26,837.7,839.2,2002-08-26T00:08:00,836.7,2002-08-26T16:26:00,18.6,21.7,2002-08-26T11:51:00,16.6,2002-08-26T02:21:00,-9997,,,0.5,179,2.8,182.0,2002-08-26T05:49:00,-9999.5,,,,,,,,,,,,,,,,,,,,,,,,,,,,,,,,,,,,,,,,,,,,,,,,,,,,,,,,,,,,,,,,,,,,,,,,,,,,,,,,,,,,,,,,-99.7,,,,,,,,,
2002-08-27,837.6,839.2,2002-08-27T22:04:00,836.5,2002-08-27T16:12:00,18.5,22.2,2002-08-27T11:10:00,15.3,2002-08-27T04:14:00,-9997,,,0.5,6,3.1,18.0,2002-08-27T23:08:00,-9999.5,,,,,,,,,,,,,,,,,,,,,,,,,,,,,,,,,,,,,,,,,,,,,,,,,,,,,,,,,,,,,,,,,,,,,,,,,,,,,,,,,,,,,,,,-99.7,,,,,,,,,
2002-08-28,838.0,838.7,2002-08-28T22:25:00,836.9,2002-08-28T16:21:00,18.9,23.4,2002-08-28T11:59:00,15.1,2002-08-28T05:34:00,-9997,,,0.4,356,2.9,191.0,2002-08-28T14:35:00,-9999.5,,,,,,,,,,,,,,,,,,,,,,,,,,,,,,,,,,,,,,,,,,,,,,,,,,,,,,,,,,,,,,,,,,,,,,,,,,,,,,,,,,,,,,,,-99.7,,,,,,,,,
2002-08-29,836.2,837.9,2002-08-29T00:33:00,834.5,2002-08-29T17:26:00,19.4,23.2,2002-08-29T11:53:00,15.5,2002-08-29T02:33:00,-9997,,,1.0,180,4.1,202.0,2002-08-29T16:16:00,-9999.5,,,,,,,,,,,,,,,,,,,,,,,,,,,,,,,,,,,,,,,,,,,,,,,,,,,,,,,,,,,,,,,,,,,,,,,,,,,,,,,,,,,,,,,,-99.7,,,,,,,,,
2002-08-30,834.6,836.0,2002-08-30T21:56:00,833.5,2002-08-30T04:02:00,19.6,24.5,2002-08-30T11:54:00,16.9,2002-08-30T23:05:00,-9997,,,0.6,180,3.8,183.0,2002-08-30T02:47:00,-9999.5,,,,,,,,,,,,,,,,,,,,,,,,,,,,,,,,,,,,,,,,,,,,,,,,,,,,,,,,,,,,,,,,,,,,,,,,,,,,,,,,,,,,,,,,-99.7,,,,,,,,,
2002-08-31,836.0,838.4,2002-08-31T22:15:00,834.1,2002-08-31T03:45:00,18.7,24.0,2002-08-31T12:38:00,15.9,2002-08-31T04:25:00,-9997,,,0.4,168,3.8,230.0,2002-08-31T06:06:00,-9999.5,,,,,,,,,,,,,,,,,,,,,,,,,,,,,,,,,,,,,,,,,,,,,,,,,,,,,,,,,,,,,,,,,,,,,,,,,,,,,,,,,,,,,,,,-99.7,,,,,,,,,
2002-09-01,839.1,841.0,2002-09-01T22:39:00,837.3,2002-09-01T03:25:00,17.5,21.5,2002-09-01T11:29:00,16.0,2002-09-01T04:29:00,-9997,,,0.4,173,4.7,231.0,2002-09-01T13:17:00,-9999.5,,,,,,,,,,,,,,,,,,,,,,,,,,,,,,,,,,,,,,,,,,,,,,,,,,,,,,,,,,,,,,,,,,,,,,,,,,,,,,,,,,,,,,,,-99.7,,,,,,,,,
2002-09-02,840.0,841.2,2002-09-02T10:12:00,839.0,2002-09-02T14:54:00,16.5,19.8,2002-09-02T09:16:00,14.6,2002-09-02T05:19:00,-9997,,,0.6,162,3.0,299.0,2002-09-02T20:20:00,-9999.5,,,,,,,,,,,,,,,,,,,,,,,,,,,,,,,,,,,,,,,,,,,,,,,,,,,,,,,,,,,,,,,,,,,,,,,,,,,,,,,,,,,,,,,,-99.7,,,,,,,,,
2002-09-03,838.7,840.0,2002-09-03T08:32:00,837.3,2002-09-03T18:52:00,16.3,20.4,2002-09-03T12:13:00,12.6,2002-09-03T22:05:00,-9997,,,0.5,359,4.0,194.0,2002-09-03T18:04:00,-9999.5,,,,,,,,,,,,,,,,,,,,,,,,,,,,,,,,,,,,,,,,,,,,,,,,,,,,,,,,,,,,,,,,,,,,,,,,,,,,,,,,,,,,,,,,-99.7,,,,,,,,,
2002-09-04,836.9,838.0,2002-09-04T08:42:00,835.9,2002-09-04T18:02:00,17.6,21.2,2002-09-04T12:07:00,14.2,2002-09-04T06:00:00,-9997,,,0.5,179,2.5,173.0,2002-09-04T12:28:00,-9999.5,,,,,,,,,,,,,,,,,,,,,,,,,,,,,,,,,,,,,,,,,,,,,,,,,,,,,,,,,,,,,,,,,,,,,,,,,,,,,,,,,,,,,,,,-99.7,,,,,,,,,
2002-09-05,834.4,836.5,2002-09-05T00:12:00,833.0,2002-09-05T16:51:00,18.5,23.2,2002-09-05T12:01:00,15.2,2002-09-05T03:50:00,-9997,,,0.7,176,3.2,183.0,2002-09-05T20:50:00,-9999.5,,,,,,,,,,,,,,,,,,,,,,,,,,,,,,,,,,,,,,,,,,,,,,,,,,,,,,,,,,,,,,,,,,,,,,,,,,,,,,,,,,,,,,,,-99.7,,,,,,,,,
2002-09-06,831.5,833.7,2002-09-06T00:13:00,829.9,2002-09-06T17:52:00,19.2,24.3,2002-09-06T11:21:00,15.9,2002-09-06T05:40:00,-9997,,,0.6,177,3.6,50.0,2002-09-06T07:18:00,-9999.5,,,,,,,,,,,,,,,,,,,,,,,,,,,,,,,,,,,,,,,,,,,,,,,,,,,,,,,,,,,,,,,,,,,,,,,,,,,,,,,,,,,,,,,,-99.7,,,,,,,,,
2002-09-07,830.0,833.0,2002-09-07T23:59:00,828.6,2002-09-07T06:14:00,20.2,26.3,2002-09-07T13:48:00,16.5,2002-09-07T03:52:00,-9997,,,0.5,6,4.8,27.0,2002-09-07T09:19:00,-9999.5,,,,,,,,,,,,,,,,,,,,,,,,,,,,,,,,,,,,,,,,,,,,,,,,,,,,,,,,,,,,,,,,,,,,,,,,,,,,,,,,,,,,,,,,-99.7,,,,,,,,,
2002-09-08,836.6,838.9,2002-09-08T20:28:00,833.0,2002-09-08T00:22:00,17.9,21.0,2002-09-08T13:38:00,15.7,2002-09-08T06:41:00,-9997,,,0.5,175,3.3,322.0,2002-09-08T22:13:00,-9999.5,,,,,,,,,,,,,,,,,,,,,,,,,,,,,,,,,,,,,,,,,,,,,,,,,,,,,,,,,,,,,,,,,,,,,,,,,,,,,,,,,,,,,,,,-99.7,,,,,,,,,
2002-09-09,837.1,838.2,2002-09-09T00:06:00,835.8,2002-09-09T15:04:00,17.4,21.1,2002-09-09T12:24:00,16.1,2002-09-09T05:44:00,-9997,,,0.7,170,5.1,212.0,2002-09-09T18:27:00,-9999.5,,,,,,,,,,,,,,,,,,,,,,,,,,,,,,,,,,,,,,,,,,,,,,,,,,,,,,,,,,,,,,,,,,,,,,,,,,,,,,,,,,,,,,,,-99.7,,,,,,,,,
2002-09-10,837.6,839.7,2002-09-10T22:58:00,835.7,2002-09-10T03:24:00,17.0,19.1,2002-09-10T11:19:00,15.7,2002-09-10T23:45:00,-9997,,,0.5,171,4.4,179.0,2002-09-10T16:16:00,-9999.5,,,,,,,,,,,,,,,,,,,,,,,,,,,,,,,,,,,,,,,,,,,,,,,,,,,,,,,,,,,,,,,,,,,,,,,,,,,,,,,,,,,,,,,,-99.7,,,,,,,,,
2002-09-11,840.0,841.3,2002-09-11T21:03:00,838.4,2002-09-11T03:15:00,16.7,19.2,2002-09-11T09:32:00,14.7,2002-09-11T03:02:00,-9997,,,0.5,353,4.2,176.0,2002-09-11T00:20:00,-9999.5,,,,,,,,,,,,,,,,,,,,,,,,,,,,,,,,,,,,,,,,,,,,,,,,,,,,,,,,,,,,,,,,,,,,,,,,,,,,,,,,,,,,,,,,-99.7,,,,,,,,,
2002-09-12,841.1,842.5,2002-09-12T21:33:00,839.9,2002-09-12T03:39:00,16.9,20.4,2002-09-12T11:40:00,15.3,2002-09-12T06:08:00,-9997,,,0.4,282,3.0,185.0,2002-09-12T13:20:00,-9999.5,,,,,,,,,,,,,,,,,,,,,,,,,,,,,,,,,,,,,,,,,,,,,,,,,,,,,,,,,,,,,,,,,,,,,,,,,,,,,,,,,,,,,,,,-99.7,,,,,,,,,
2002-09-13,840.9,842.3,2002-09-13T10:28:00,839.9,2002-09-13T15:20:00,16.8,19.1,2002-09-13T14:01:00,15.4,2002-09-13T04:47:00,-9997,,,0.5,179,2.3,278.0,2002-09-13T23:48:00,-9999.5,,,,,,,,,,,,,,,,,,,,,,,,,,,,,,,,,,,,,,,,,,,,,,,,,,,,,,,,,,,,,,,,,,,,,,,,,,,,,,,,,,,,,,,,-99.7,,,,,,,,,
2002-09-14,840.2,841.3,2002-09-14T10:30:00,839.2,2002-09-14T17:19:00,16.4,20.1,2002-09-14T09:14:00,15.4,2002-09-14T18:50:00,-9997,,,0.8,187,5.3,189.0,2002-09-14T19:51:00,-9999.5,,,,,,,,,,,,,,,,,,,,,,,,,,,,,,,,,,,,,,,,,,,,,,,,,,,,,,,,,,,,,,,,,,,,,,,,,,,,,,,,,,,,,,,,-99.7,,,,,,,,,
2002-09-15,839.3,840.6,2002-09-15T09:36:00,838.0,2002-09-15T15:41:00,16.9,20.3,2002-09-15T11:03:00,15.1,2002-09-15T03:01:00,-9997,,,0.8,180,5.3,191.0,2002-09-15T23:33:00,-9999.5,,,,,,,,,,,,,,,,,,,,,,,,,,,,,,,,,,,,,,,,,,,,,,,,,,,,,,,,,,,,,,,,,,,,,,,,,,,,,,,,,,,,,,,,-99.7,,,,,,,,,
2002-09-16,839.0,840.5,2002-09-16T21:55:00,837.8,2002-09-16T15:38:00,17.3,21.4,2002-09-16T10:43:00,15.0,2002-09-16T18:05:00,-9997,,,0.9,173,4.1,191.0,2002-09-16T03:21:00,-9999.5,,,,,,,,,,,,,,,,,,,,,,,,,,,,,,,,,,,,,,,,,,,,,,,,,,,,,,,,,,,,,,,,,,,,,,,,,,,,,,,,,,,,,,,,-99.7,,,,,,,,,
2002-09-17,840.1,841.5,2002-09-17T23:43:00,838.4,2002-09-17T04:40:00,17.2,21.9,2002-09-17T11:44:00,15.2,2002-09-17T04:58:00,-9997,,,0.9,3,4.0,328.0,2002-09-17T18:02:00,-9999.5,,,,,,,,,,,,,,,,,,,,,,,,,,,,,,,,,,,,,,,,,,,,,,,,,,,,,,,,,,,,,,,,,,,,,,,,,,,,,,,,,,,,,,,,-99.7,,,,,,,,,
2002-09-18,841.7,843.5,2002-09-18T23:40:00,840.2,2002-09-18T06:10:00,16.5,21.2,2002-09-18T11:45:00,13.9,2002-09-18T06:30:00,-9997,,,0.7,169,5.5,0.0,2002-09-18T06:16:00,-9999.5,,,,,,,,,,,,,,,,,,,,,,,,,,,,,,,,,,,,,,,,,,,,,,,,,,,,,,,,,,,,,,,,,,,,,,,,,,,,,,,,,,,,,,,,-99.7,,,,,,,,,
2002-09-19,842.2,843.9,2002-09-19T09:38:00,841.2,2002-09-19T18:11:00,17.5,21.1,2002-09-19T11:59:00,15.2,2002-09-19T04:41:00,-9997,,,0.7,3,3.8,191.0,2002-09-19T08:30:00,-9999.5,,,,,,,,,,,,,,,,,,,,,,,,,,,,,,,,,,,,,,,,,,,,,,,,,,,,,,,,,,,,,,,,,,,,,,,,,,,,,,,,,,,,,,,,-99.7,,,,,,,,,
2002-09-20,840.8,842.2,2002-09-20T00:00:00,839.2,2002-09-20T16:05:00,16.7,18.3,2002-09-20T14:45:00,15.1,2002-09-20T05:26:00,-9997,,,0.5,164,2.8,21.0,2002-09-20T20:32:00,-9999.5,,,,,,,,,,,,,,,,,,,,,,,,,,,,,,,,,,,,,,,,,,,,,,,,,,,,,,,,,,,,,,,,,,,,,,,,,,,,,,,,,,,,,,,,-99.7,,,,,,,,,
2002-09-21,839.5,840.7,2002-09-21T22:26:00,838.2,2002-09-21T15:42:00,16.8,21.9,2002-09-21T10:20:00,14.6,2002-09-21T05:03:00,-9997,,,0.6,1,4.5,31.0,2002-09-21T19:53:00,-9999.5,,,,,,,,,,,,,,,,,,,,,,,,,,,,,,,,,,,,,,,,,,,,,,,,,,,,,,,,,,,,,,,,,,,,,,,,,,,,,,,,,,,,,,,,-99.7,,,,,,,,,
2002-09-22,839.8,841.2,2002-09-22T21:54:00,838.8,2002-09-22T14:50:00,15.5,16.6,2002-09-22T09:52:00,14.0,2002-09-22T19:13:00,-9997,,,0.4,161,3.5,9.0,2002-09-22T21:16:00,-9999.5,,,,,,,,,,,,,,,,,,,,,,,,,,,,,,,,,,,,,,,,,,,,,,,,,,,,,,,,,,,,,,,,,,,,,,,,,,,,,,,,,,,,,,,,-99.7,,,,,,,,,
2002-09-23,840.9,842.1,2002-09-23T22:12:00,839.8,2002-09-23T03:17:00,14.5,16.3,2002-09-23T09:02:00,13.5,2002-09-23T23:11:00,-9997,,,0.4,164,3.2,353.0,2002-09-23T07:19:00,-9999.5,,,,,,,,,,,,,,,,,,,,,,,,,,,,,,,,,,,,,,,,,,,,,,,,,,,,,,,,,,,,,,,,,,,,,,,,,,,,,,,,,,,,,,,,-99.7,,,,,,,,,
2002-09-24,841.9,843.3,2002-09-24T21:57:00,840.8,2002-09-24T14:29:00,14.2,14.9,2002-09-24T13:56:00,13.5,2002-09-24T00:40:00,-9997,,,0.2,178,2.5,195.0,2002-09-24T01:11:00,-9999.5,,,,,,,,,,,,,,,,,,,,,,,,,,,,,,,,,,,,,,,,,,,,,,,,,,,,,,,,,,,,,,,,,,,,,,,,,,,,,,,,,,,,,,,,-99.7,,,,,,,,,
2002-09-25,841.4,842.9,2002-09-25T09:26:00,839.6,2002-09-25T16:17:00,15.1,16.5,2002-09-25T11:16:00,13.8,2002-09-25T04:32:00,-9997,,,0.3,182,2.8,177.0,2002-09-25T13:48:00,-9999.5,,,,,,,,,,,,,,,,,,,,,,,,,,,,,,,,,,,,,,,,,,,,,,,,,,,,,,,,,,,,,,,,,,,,,,,,,,,,,,,,,,,,,,,,-99.7,,,,,,,,,
2002-09-26,841.0,841.9,2002-09-26T09:35:00,840.0,2002-09-26T14:46:00,16.3,17.6,2002-09-26T09:19:00,15.5,2002-09-26T03:22:00,-9997,,,0.3,1,2.2,163.0,2002-09-26T14:59:00,-9999.5,,,,,,,,,,,,,,,,,,,,,,,,,,,,,,,,,,,,,,,,,,,,,,,,,,,,,,,,,,,,,,,,,,,,,,,,,,,,,,,,,,,,,,,,-99.7,,,,,,,,,
2002-09-27,840.7,841.7,2002-09-27T21:41:00,839.3,2002-09-27T14:23:00,16.3,17.5,2002-09-27T08:21:00,15.3,2002-09-27T23:59:00,-9997,,,0.3,182,2.8,197.0,2002-09-27T12:55:00,-9999.5,,,,,,,,,,,,,,,,,,,,,,,,,,,,,,,,,,,,,,,,,,,,,,,,,,,,,,,,,,,,,,,,,,,,,,,,,,,,,,,,,,,,,,,,-99.7,,,,,,,,,
2002-09-28,841.0,842.1,2002-09-28T22:47:00,840.0,2002-09-28T03:10:00,16.1,18.5,2002-09-28T09:21:00,14.2,2002-09-28T01:51:00,-9997,,,0.6,180,3.4,165.0,2002-09-28T08:44:00,-9999.5,,,,,,,,,,,,,,,,,,,,,,,,,,,,,,,,,,,,,,,,,,,,,,,,,,,,,,,,,,,,,,,,,,,,,,,,,,,,,,,,,,,,,,,,-99.7,,,,,,,,,
2002-09-29,840.9,841.8,2002-09-29T20:57:00,839.9,2002-09-29T14:45:00,16.0,18.5,2002-09-29T09:24:00,14.6,2002-09-29T05:03:00,-9997,,,0.4,183,2.8,169.0,2002-09-29T13:03:00,-9999.5,,,,,,,,,,,,,,,,,,,,,,,,,,,,,,,,,,,,,,,,,,,,,,,,,,,,,,,,,,,,,,,,,,,,,,,,,,,,,,,,,,,,,,,,-99.7,,,,,,,,,
2002-09-30,840.0,841.3,2002-09-30T08:53:00,838.8,2002-09-30T16:36:00,15.2,17.0,2002-09-30T08:58:00,13.6,2002-09-30T23:49:00,-9997,,,0.3,157,2.8,5.0,2002-09-30T20:09:00,-9999.5,,,,,,,,,,,,,,,,,,,,,,,,,,,,,,,,,,,,,,,,,,,,,,,,,,,,,,,,,,,,,,,,,,,,,,,,,,,,,,,,,,,,,,,,-99.7,,,,,,,,,
2002-10-01,839.7,841.0,2002-10-01T21:57:00,838.5,2002-10-01T15:09:00,14.9,16.5,2002-10-01T13:01:00,13.2,2002-10-01T02:37:00,-9997,,,0.3,174,2.5,23.0,2002-10-01T00:08:00,-9999.5,,,,,,,,,,,,,,,,,,,,,,,,,,,,,,,,,,,,,,,,,,,,,,,,,,,,,,,,,,,,,,,,,,,,,,,,,,,,,,,,,,,,,,,,-99.7,,,,,,,,,
2002-10-02,841.0,842.2,2002-10-02T21:00:00,839.4,2002-10-02T03:33:00,14.4,15.4,2002-10-02T08:06:00,13.2,2002-10-02T15:33:00,-9997,,,0.5,169,2.2,5.0,2002-10-02T17:30:00,-9999.5,,,,,,,,,,,,,,,,,,,,,,,,,,,,,,,,,,,,,,,,,,,,,,,,,,,,,,,,,,,,,,,,,,,,,,,,,,,,,,,,,,,,,,,,-99.7,,,,,,,,,
2002-10-03,842.4,843.9,2002-10-03T23:15:00,840.9,2002-10-03T03:52:00,15.4,18.6,2002-10-03T09:58:00,14.0,2002-10-03T06:48:00,-9997,,,0.3,1,2.0,176.0,2002-10-03T11:32:00,-9999.5,,,,,,,,,,,,,,,,,,,,,,,,,,,,,,,,,,,,,,,,,,,,,,,,,,,,,,,,,,,,,,,,,,,,,,,,,,,,,,,,,,,,,,,,-99.7,,,,,,,,,
2002-10-04,842.7,844.3,2002-10-04T09:55:00,841.4,2002-10-04T14:41:00,16.0,19.3,2002-10-04T11:39:00,14.1,2002-10-04T06:22:00,-9997,,,0.5,1,2.4,181.0,2002-10-04T16:28:00,-9999.5,,,,,,,,,,,,,,,,,,,,,,,,,,,,,,,,,,,,,,,,,,,,,,,,,,,,,,,,,,,,,,,,,,,,,,,,,,,,,,,,,,,,,,,,-99.7,,,,,,,,,
2002-10-05,841.6,843.0,2002-10-05T10:25:00,840.3,2002-10-05T15:35:00,16.5,20.4,2002-10-05T11:39:00,14.7,2002-10-05T00:37:00,-9997,,,0.5,178,3.0,280.0,2002-10-05T23:59:00,-9999.5,,,,,,,,,,,,,,,,,,,,,,,,,,,,,,,,,,,,,,,,,,,,,,,,,,,,,,,,,,,,,,,,,,,,,,,,,,,,,,,,,,,,,,,,-99.7,,,,,,,,,
2002-10-06,839.9,841.3,2002-10-06T09:29:00,838.5,2002-10-06T15:26:00,17.1,22.5,2002-10-06T12:02:00,14.3,2002-10-06T06:22:00,-9997,,,0.6,173,2.9,139.0,2002-10-06T17:47:00,-9999.5,,,,,,,,,,,,,,,,,,,,,,,,,,,,,,,,,,,,,,,,,,,,,,,,,,,,,,,,,,,,,,,,,,,,,,,,,,,,,,,,,,,,,,,,-99.7,,,,,,,,,
2002-10-07,840.2,841.6,2002-10-07T22:32:00,838.9,2002-10-07T14:39:00,14.4,16.1,2002-10-07T12:15:00,13.1,2002-10-07T18:15:00,-9997,,,0.4,360,3.9,57.0,2002-10-07T17:49:00,-9999.5,,,,,,,,,,,,,,,,,,,,,,,,,,,,,,,,,,,,,,,,,,,,,,,,,,,,,,,,,,,,,,,,,,,,,,,,,,,,,,,,,,,,,,,,-99.7,,,,,,,,,
2002-10-08,840.9,842.2,2002-10-08T23:15:00,839.6,2002-10-08T03:38:00,13.9,16.3,2002-10-08T10:43:00,12.9,2002-10-08T19:22:00,-9997,,,0.6,360,4.1,167.0,2002-10-08T06:11:00,-9999.5,,,,,,,,,,,,,,,,,,,,,,,,,,,,,,,,,,,,,,,,,,,,,,,,,,,,,,,,,,,,,,,,,,,,,,,,,,,,,,,,,,,,,,,,-99.7,,,,,,,,,
2002-10-09,842.1,843.3,2002-10-09T21:46:00,840.7,2002-10-09T02:52:00,14.5,16.7,2002-10-09T09:55:00,13.1,2002-10-09T06:01:00,-9997,,,0.3,4,5.8,332.0,2002-10-09T23:50:00,-9999.5,,,,,,,,,,,,,,,,,,,,,,,,,,,,,,,,,,,,,,,,,,,,,,,,,,,,,,,,,,,,,,,,,,,,,,,,,,,,,,,,,,,,,,,,-99.7,,,,,,,,,
2002-10-10,841.9,843.3,2002-10-10T09:29:00,840.6,2002-10-10T15:46:00,15.6,19.0,2002-10-10T10:11:00,14.3,2002-10-10T00:04:00,-9997,,,0.3,165,5.7,301.0,2002-10-10T01:32:00,-9999.5,,,,,,,,,,,,,,,,,,,,,,,,,,,,,,,,,,,,,,,,,,,,,,,,,,,,,,,,,,,,,,,,,,,,,,,,,,,,,,,,,,,,,,,,-99.7,,,,,,,,,
2002-10-11,840.2,841.7,2002-10-11T09:11:00,838.8,2002-10-11T16:20:00,16.3,21.4,2002-10-11T11:43:00,14.2,2002-10-11T04:43:00,-9997,,,0.4,158,3.0,55.0,2002-10-11T22:50:00,-9999.5,,,,,,,,,,,,,,,,,,,,,,,,,,,,,,,,,,,,,,,,,,,,,,,,,,,,,,,,,,,,,,,,,,,,,,,,,,,,,,,,,,,,,,,,-99.7,,,,,,,,,
2002-10-12,839.9,840.9,2002-10-12T09:28:00,838.7,2002-10-12T03:51:00,16.1,18.6,2002-10-12T10:57:00,14.6,2002-10-12T21:21:00,-9997,,,0.5,151,3.1,350.0,2002-10-12T07:09:00,-9999.5,,,,,,,,,,,,,,,,,,,,,,,,,,,,,,,,,,,,,,,,,,,,,,,,,,,,,,,,,,,,,,,,,,,,,,,,,,,,,,,,,,,,,,,,-99.7,,,,,,,,,
2002-10-13,840.7,842.3,2002-10-13T22:15:00,839.4,2002-10-13T03:10:00,16.1,18.2,2002-10-13T12:48:00,14.7,2002-10-13T02:33:00,-9997,,,0.2,169,3.6,199.0,2002-10-13T21:00:00,-9999.5,,,,,,,,,,,,,,,,,,,,,,,,,,,,,,,,,,,,,,,,,,,,,,,,,,,,,,,,,,,,,,,,,,,,,,,,,,,,,,,,,,,,,,,,-99.7,,,,,,,,,
2002-10-14,842.0,843.1,2002-10-14T22:12:00,840.9,2002-10-14T14:58:00,15.2,19.1,2002-10-14T11:21:00,12.1,2002-10-14T04:02:00,-9997,,,0.4,357,2.5,342.0,2002-10-14T05:25:00,-9999.5,,,,,,,,,,,,,,,,,,,,,,,,,,,,,,,,,,,,,,,,,,,,,,,,,,,,,,,,,,,,,,,,,,,,,,,,,,,,,,,,,,,,,,,,-99.7,,,,,,,,,
2002-10-15,843.0,844.3,2002-10-15T09:01:00,841.7,2002-10-15T03:06:00,15.6,20.2,2002-10-15T11:53:00,12.5,2002-10-15T02:32:00,-9997,,,0.3,179,3.0,181.0,2002-10-15T10:47:00,-9999.5,,,,,,,,,,,,,,,,,,,,,,,,,,,,,,,,,,,,,,,,,,,,,,,,,,,,,,,,,,,,,,,,,,,,,,,,,,,,,,,,,,,,,,,,-99.7,,,,,,,,,
2002-10-16,842.7,844.4,2002-10-16T09:25:00,841.1,2002-10-16T15:31:00,14.8,18.5,2002-10-16T12:03:00,12.8,2002-10-16T22:15:00,-9997,,,0.4,358,2.9,187.0,2002-10-16T16:24:00,-9999.5,,,,,,,,,,,,,,,,,,,,,,,,,,,,,,,,,,,,,,,,,,,,,,,,,,,,,,,,,,,,,,,,,,,,,,,,,,,,,,,,,,,,,,,,-99.7,,,,,,,,,
2002-10-17,841.1,842.7,2002-10-17T09:33:00,839.8,2002-10-17T15:30:00,14.9,19.6,2002-10-17T10:41:00,12.5,2002-10-17T02:33:00,-9997,,,0.5,175,2.5,197.0,2002-10-17T15:23:00,-9999.5,,,,,,,,,,,,,,,,,,,,,,,,,,,,,,,,,,,,,,,,,,,,,,,,,,,,,,,,,,,,,,,,,,,,,,,,,,,,,,,,,,,,,,,,-99.7,,,,,,,,,
2002-10-18,839.0,840.2,2002-10-18T09:41:00,837.6,2002-10-18T14:52:00,16.7,21.0,2002-10-18T10:23:00,14.2,2002-10-18T04:32:00,-9997,,,0.7,197,5.2,188.0,2002-10-18T08:35:00,-9999.5,,,,,,,,,,,,,,,,,,,,,,,,,,,,,,,,,,,,,,,,,,,,,,,,,,,,,,,,,,,,,,,,,,,,,,,,,,,,,,,,,,,,,,,,-99.7,,,,,,,,,
2002-10-19,838.6,840.0,2002-10-19T20:47:00,836.9,2002-10-19T04:57:00,17.2,21.1,2002-10-19T10:15:00,15.3,2002-10-19T04:49:00,-9997,,,0.7,171,3.1,178.0,2002-10-19T13:12:00,-9999.5,,,,,,,,,,,,,,,,,,,,,,,,,,,,,,,,,,,,,,,,,,,,,,,,,,,,,,,,,,,,,,,,,,,,,,,,,,,,,,,,,,,,,,,,-99.7,,,,,,,,,
2002-10-20,839.3,840.7,2002-10-20T09:27:00,838.1,2002-10-20T14:55:00,15.8,17.0,2002-10-20T11:50:00,15.1,2002-10-20T04:14:00,-9997,,,0.3,187,2.2,181.0,2002-10-20T11:24:00,-9999.5,,,,,,,,,,,,,,,,,,,,,,,,,,,,,,,,,,,,,,,,,,,,,,,,,,,,,,,,,,,,,,,,,,,,,,,,,,,,,,,,,,,,,,,,-99.7,,,,,,,,,
2002-10-21,839.8,841.3,2002-10-21T21:22:00,838.5,2002-10-21T04:01:00,15.4,17.9,2002-10-21T11:28:00,14.2,2002-10-21T04:52:00,-9997,,,0.3,173,2.7,344.0,2002-10-21T20:51:00,-9999.5,,,,,,,,,,,,,,,,,,,,,,,,,,,,,,,,,,,,,,,,,,,,,,,,,,,,,,,,,,,,,,,,,,,,,,,,,,,,,,,,,,,,,,,,-99.7,,,,,,,,,
2002-10-22,840.5,841.8,2002-10-22T09:10:00,839.5,2002-10-22T15:03:00,15.2,18.1,2002-10-22T10:51:00,13.8,2002-10-22T03:56:00,-9997,,,0.5,2,3.4,20.0,2002-10-22T01:26:00,-9999.5,,,,,,,,,,,,,,,,,,,,,,,,,,,,,,,,,,,,,,,,,,,,,,,,,,,,,,,,,,,,,,,,,,,,,,,,,,,,,,,,,,,,,,,,-99.7,,,,,,,,,
2002-10-23,840.0,841.0,2002-10-23T08:15:00,838.9,2002-10-23T15:43:00,16.3,20.3,2002-10-23T11:14:00,14.0,2002-10-23T04:08:00,-9997,,,0.6,1,2.8,185.0,2002-10-23T11:26:00,-9999.5,,,,,,,,,,,,,,,,,,,,,,,,,,,,,,,,,,,,,,,,,,,,,,,,,,,,,,,,,,,,,,,,,,,,,,,,,,,,,,,,,,,,,,,,-99.7,,,,,,,,,
2002-10-24,841.4,842.9,2002-10-24T21:55:00,839.4,2002-10-24T02:55:00,14.8,18.6,2002-10-24T09:16:00,13.4,2002-10-24T02:12:00,-9997,,,0.5,8,2.4,329.0,2002-10-24T19:33:00,-9999.5,,,,,,,,,,,,,,,,,,,,,,,,,,,,,,,,,,,,,,,,,,,,,,,,,,,,,,,,,,,,,,,,,,,,,,,,,,,,,,,,,,,,,,,,-99.7,,,,,,,,,
2002-10-25,843.4,844.5,2002-10-25T21:16:00,842.1,2002-10-25T03:28:00,15.1,19.2,2002-10-25T11:09:00,12.6,2002-10-25T04:30:00,-9997,,,0.5,355,2.7,193.0,2002-10-25T13:15:00,-9999.5,,,,,,,,,,,,,,,,,,,,,,,,,,,,,,,,,,,,,,,,,,,,,,,,,,,,,,,,,,,,,,,,,,,,,,,,,,,,,,,,,,,,,,,,-99.7,,,,,,,,,
2002-10-26,842.9,844.1,2002-10-26T09:32:00,841.7,2002-10-26T15:47:00,14.0,16.7,2002-10-26T08:41:00,12.6,2002-10-26T22:53:00,-9997,,,0.6,171,3.9,192.0,2002-10-26T12:58:00,-9999.5,,,,,,,,,,,,,,,,,,,,,,,,,,,,,,,,,,,,,,,,,,,,,,,,,,,,,,,,,,,,,,,,,,,,,,,,,,,,,,,,,,,,,,,,-99.7,,,,,,,,,
2002-10-27,841.7,843.0,2002-10-27T09:01:00,840.1,2002-10-27T15:18:00,11.9,13.0,2002-10-27T10:24:00,10.8,2002-10-27T19:55:00,-9997,,,0.4,167,4.1,356.0,2002-10-27T04:52:00,-9999.5,,,,,,,,,,,,,,,,,,,,,,,,,,,,,,,,,,,,,,,,,,,,,,,,,,,,,,,,,,,,,,,,,,,,,,,,,,,,,,,,,,,,,,,,-99.7,,,,,,,,,
2002-10-28,841.5,842.8,2002-10-28T21:31:00,840.3,2002-10-28T14:57:00,12.9,14.7,2002-10-28T12:14:00,11.3,2002-10-28T00:24:00,-9997,,,0.4,183,3.0,179.0,2002-10-28T02:56:00,-9999.5,,,,,,,,,,,,,,,,,,,,,,,,,,,,,,,,,,,,,,,,,,,,,,,,,,,,,,,,,,,,,,,,,,,,,,,,,,,,,,,,,,,,,,,,-99.7,,,,,,,,,
2002-10-29,841.8,843.2,2002-10-29T22:22:00,840.6,2002-10-29T15:46:00,14.6,19.0,2002-10-29T10:06:00,12.8,2002-10-29T17:21:00,-9997,,,0.6,187,3.1,192.0,2002-10-29T16:25:00,-9999.5,,,,,,,,,,,,,,,,,,,,,,,,,,,,,,,,,,,,,,,,,,,,,,,,,,,,,,,,,,,,,,,,,,,,,,,,,,,,,,,,,,,,,,,,-99.7,,,,,,,,,
2002-10-30,841.9,843.4,2002-10-30T09:33:00,840.8,2002-10-30T14:38:00,16.6,21.0,2002-10-30T10:36:00,14.1,2002-10-30T06:19:00,-9997,,,0.8,181,2.8,163.0,2002-10-30T10:59:00,-9999.5,,,,,,,,,,,,,,,,,,,,,,,,,,,,,,,,,,,,,,,,,,,,,,,,,,,,,,,,,,,,,,,,,,,,,,,,,,,,,,,,,,,,,,,,-99.7,,,,,,,,,
2002-10-31,841.1,842.3,2002-10-31T08:06:00,839.7,2002-10-31T14:33:00,16.4,21.8,2002-10-31T10:09:00,14.0,2002-10-31T06:10:00,-9997,,,0.4,175,2.9,174.0,2002-10-31T11:19:00,-9999.5,,,,,,,,,,,,,,,,,,,,,,,,,,,,,,,,,,,,,,,,,,,,,,,,,,,,,,,,,,,,,,,,,,,,,,,,,,,,,,,,,,,,,,,,-99.7,,,,,,,,,
2002-11-01,841.7,843.4,2002-11-01T22:12:00,840.3,2002-11-01T03:40:00,14.5,17.2,2002-11-01T08:44:00,12.4,2002-11-01T23:56:00,-9997,,,0.6,162,3.7,347.0,2002-11-01T18:53:00,-9999.5,,,,,,,,,,,,,,,,,,,,,,,,,,,,,,,,,,,,,,,,,,,,,,,,,,,,,,,,,,,,,,,,,,,,,,,,,,,,,,,,,,,,,,,,-99.7,,,,,,,,,
2002-11-02,843.1,844.5,2002-11-02T22:24:00,841.7,2002-11-02T04:09:00,11.9,13.9,2002-11-02T09:37:00,10.8,2002-11-02T23:07:00,-9997,,,0.5,168,3.6,319.0,2002-11-02T04:55:00,-9999.5,,,,,,,,,,,,,,,,,,,,,,,,,,,,,,,,,,,,,,,,,,,,,,,,,,,,,,,,,,,,,,,,,,,,,,,,,,,,,,,,,,,,,,,,-99.7,,,,,,,,,
2002-11-03,843.8,845.2,2002-11-03T21:40:00,842.1,2002-11-03T14:32:00,10.1,12.1,2002-11-03T08:31:00,8.3,2002-11-03T23:52:00,-9997,,,0.5,158,3.0,167.0,2002-11-03T23:38:00,-9999.5,,,,,,,,,,,,,,,,,,,,,,,,,,,,,,,,,,,,,,,,,,,,,,,,,,,,,,,,,,,,,,,,,,,,,,,,,,,,,,,,,,,,,,,,-99.7,,,,,,,,,
2002-11-04,844.4,845.8,2002-11-04T22:45:00,842.9,2002-11-04T04:14:00,7.4,8.6,2002-11-04T13:48:00,6.3,2002-11-04T06:24:00,-9997,,,0.4,5,4.2,344.0,2002-11-04T05:32:00,-9999.5,,,,,,,,,,,,,,,,,,,,,,,,,,,,,,,,,,,,,,,,,,,,,,,,,,,,,,,,,,,,,,,,,,,,,,,,,,,,,,,,,,,,,,,,-99.7,,,,,,,,,
2002-11-05,844.6,845.9,2002-11-05T09:42:00,843.6,2002-11-05T15:54:00,8.4,12.6,2002-11-05T12:22:00,5.6,2002-11-05T05:37:00,-9997,,,1.1,164,4.9,320.0,2002-11-05T05:53:00,-9999.5,,,,,,,,,,,,,,,,,,,,,,,,,,,,,,,,,,,,,,,,,,,,,,,,,,,,,,,,,,,,,,,,,,,,,,,,,,,,,,,,,,,,,,,,-99.7,,,,,,,,,
2002-11-06,844.2,845.5,2002-11-06T09:51:00,843.1,2002-11-06T04:32:00,12.5,19.2,2002-11-06T12:26:00,8.8,2002-11-06T00:06:00,-9997,,,0.9,360,3.5,2.0,2002-11-06T02:34:00,-9999.5,,,,,,,,,,,,,,,,,,,,,,,,,,,,,,,,,,,,,,,,,,,,,,,,,,,,,,,,,,,,,,,,,,,,,,,,,,,,,,,,,,,,,,,,-99.7,,,,,,,,,
2002-11-07,843.2,844.5,2002-11-07T09:23:00,841.9,2002-11-07T14:10:00,14.1,18.9,2002-11-07T09:40:00,11.4,2002-11-07T00:02:00,-9997,,,0.5,1,2.4,0.0,2002-11-07T03:16:00,-9999.5,,,,,,,,,,,,,,,,,,,,,,,,,,,,,,,,,,,,,,,,,,,,,,,,,,,,,,,,,,,,,,,,,,,,,,,,,,,,,,,,,,,,,,,,-99.7,,,,,,,,,
2002-11-08,843.1,844.9,2002-11-08T22:30:00,841.4,2002-11-08T04:13:00,13.2,15.7,2002-11-08T09:12:00,10.0,2002-11-08T23:54:00,-9997,,,0.7,165,4.4,199.0,2002-11-08T16:02:00,-9999.5,,,,,,,,,,,,,,,,,,,,,,,,,,,,,,,,,,,,,,,,,,,,,,,,,,,,,,,,,,,,,,,,,,,,,,,,,,,,,,,,,,,,,,,,-99.7,,,,,,,,,
2002-11-09,844.1,845.9,2002-11-09T09:23:00,843.2,2002-11-09T23:59:00,8.6,10.3,2002-11-09T10:49:00,5.6,2002-11-09T23:47:00,-9997,,,0.3,165,3.3,331.0,2002-11-09T00:22:00,-9999.5,,,,,,,,,,,,,,,,,,,,,,,,,,,,,,,,,,,,,,,,,,,,,,,,,,,,,,,,,,,,,,,,,,,,,,,,,,,,,,,,,,,,,,,,-99.7,,,,,,,,,
2002-11-10,843.2,844.7,2002-11-10T10:10:00,842.2,2002-11-10T15:30:00,9.1,10.9,2002-11-10T11:55:00,5.4,2002-11-10T02:12:00,-9997,,,0.6,181,3.0,179.0,2002-11-10T04:48:00,-9999.5,,,,,,,,,,,,,,,,,,,,,,,,,,,,,,,,,,,,,,,,,,,,,,,,,,,,,,,,,,,,,,,,,,,,,,,,,,,,,,,,,,,,,,,,-99.7,,,,,,,,,
2002-11-11,842.7,844.5,2002-11-11T09:35:00,841.6,2002-11-11T15:41:00,13.0,16.2,2002-11-11T12:52:00,9.5,2002-11-11T00:00:00,-9997,,,0.6,184,5.2,187.0,2002-11-11T02:16:00,-9999.5,,,,,,,,,,,,,,,,,,,,,,,,,,,,,,,,,,,,,,,,,,,,,,,,,,,,,,,,,,,,,,,,,,,,,,,,,,,,,,,,,,,,,,,,-99.7,,,,,,,,,
2002-11-12,841.7,-9999.7,,-9999.7,,14.0,-99.7,,-99.7,,-9997,,,0.4,184,-99.7,-999.7,,-9999.5,,,,,,,,,,,,,,,,,,,,,,,,,,,,,,,,,,,,,,,,,,,,,,,,,,,,,,,,,,,,,,,,,,,,,,,,,,,,,,,,,,,,,,,,-99.7,,,,,,,,,
2002-11-13,839.7,-9999.7,,-9999.7,,13.5,-99.7,,-99.7,,-9997,,,0.4,179,-99.7,-999.7,,-9999.5,,,,,,,,,,,,,,,,,,,,,,,,,,,,,,,,,,,,,,,,,,,,,,,,,,,,,,,,,,,,,,,,,,,,,,,,,,,,,,,,,,,,,,,,-99.7,,,,,,,,,
2002-11-14,837.2,838.7,2002-11-14T09:47:00,835.4,2002-11-14T14:43:00,14.9,20.8,2002-11-14T10:49:00,12.0,2002-11-14T05:34:00,-9997,,,0.7,185,4.3,176.0,2002-11-14T08:10:00,-9999.5,,,,,,,,,,,,,,,,,,,,,,,,,,,,,,,,,,,,,,,,,,,,,,,,,,,,,,,,,,,,,,,,,,,,,,,,,,,,,,,,,,,,,,,,-99.7,,,,,,,,,
2002-11-15,838.4,839.8,2002-11-15T09:13:00,836.7,2002-11-15T03:08:00,16.3,19.2,2002-11-15T09:06:00,13.9,2002-11-15T23:42:00,-9997,,,0.3,180,3.7,268.0,2002-11-15T05:14:00,-9999.5,,,,,,,,,,,,,,,,,,,,,,,,,,,,,,,,,,,,,,,,,,,,,,,,,,,,,,,,,,,,,,,,,,,,,,,,,,,,,,,,,,,,,,,,-99.7,,,,,,,,,
2002-11-16,840.6,842.6,2002-11-16T23:59:00,838.7,2002-11-16T03:34:00,14.5,16.4,2002-11-16T09:08:00,13.5,2002-11-16T00:57:00,-9997,,,0.5,183,3.9,200.0,2002-11-16T10:54:00,-9999.5,,,,,,,,,,,,,,,,,,,,,,,,,,,,,,,,,,,,,,,,,,,,,,,,,,,,,,,,,,,,,,,,,,,,,,,,,,,,,,,,,,,,,,,,-99.7,,,,,,,,,
2002-11-17,843.4,844.7,2002-11-17T22:51:00,841.8,2002-11-17T03:27:00,13.1,15.1,2002-11-17T09:46:00,11.0,2002-11-17T23:55:00,-9997,,,0.4,360,4.1,169.0,2002-11-17T12:32:00,-9999.5,,,,,,,,,,,,,,,,,,,,,,,,,,,,,,,,,,,,,,,,,,,,,,,,,,,,,,,,,,,,,,,,,,,,,,,,,,,,,,,,,,,,,,,,-99.7,,,,,,,,,
2002-11-18,844.7,846.1,2002-11-18T21:14:00,843.3,2002-11-18T16:04:00,10.7,14.3,2002-11-18T10:18:00,9.5,2002-11-18T16:15:00,-9997,,,0.8,2,4.1,189.0,2002-11-18T16:39:00,-9999.5,,,,,,,,,,,,,,,,,,,,,,,,,,,,,,,,,,,,,,,,,,,,,,,,,,,,,,,,,,,,,,,,,,,,,,,,,,,,,,,,,,,,,,,,-99.7,,,,,,,,,
2002-11-19,844.7,846.2,2002-11-19T08:48:00,843.3,2002-11-19T14:07:00,12.2,14.9,2002-11-19T11:41:00,10.0,2002-11-19T00:28:00,-9997,,,0.8,359,3.6,196.0,2002-11-19T13:34:00,-9999.5,,,,,,,,,,,,,,,,,,,,,,,,,,,,,,,,,,,,,,,,,,,,,,,,,,,,,,,,,,,,,,,,,,,,,,,,,,,,,,,,,,,,,,,,-99.7,,,,,,,,,
2002-11-20,843.7,845.2,2002-11-20T09:43:00,842.4,2002-11-20T16:00:00,14.5,17.2,2002-11-20T12:23:00,12.4,2002-11-20T00:00:00,-9997,,,0.7,360,3.1,0.0,2002-11-20T06:56:00,-9999.5,,,,,,,,,,,,,,,,,,,,,,,,,,,,,,,,,,,,,,,,,,,,,,,,,,,,,,,,,,,,,,,,,,,,,,,,,,,,,,,,,,,,,,,,-99.7,,,,,,,,,
2002-11-21,842.1,843.8,2002-11-21T10:01:00,840.6,2002-11-21T15:48:00,14.6,16.8,2002-11-21T12:16:00,12.6,2002-11-21T06:46:00,-9997,,,0.6,353,3.0,1.0,2002-11-21T20:31:00,-9999.5,,,,,,,,,,,,,,,,,,,,,,,,,,,,,,,,,,,,,,,,,,,,,,,,,,,,,,,,,,,,,,,,,,,,,,,,,,,,,,,,,,,,,,,,-99.7,,,,,,,,,
2002-11-22,840.7,841.8,2002-11-22T09:25:00,839.4,2002-11-22T13:58:00,13.0,14.8,2002-11-22T09:04:00,11.1,2002-11-22T05:56:00,-9997,,,0.9,2,3.6,26.0,2002-11-22T19:35:00,-9999.5,,,,,,,,,,,,,,,,,,,,,,,,,,,,,,,,,,,,,,,,,,,,,,,,,,,,,,,,,,,,,,,,,,,,,,,,,,,,,,,,,,,,,,,,-99.7,,,,,,,,,
2002-11-23,839.4,841.0,2002-11-23T09:38:00,837.9,2002-11-23T15:21:00,12.8,16.5,2002-11-23T11:29:00,10.7,2002-11-23T23:18:00,-9997,,,1.0,360,5.0,15.0,2002-11-23T18:10:00,-9999.5,,,,,,,,,,,,,,,,,,,,,,,,,,,,,,,,,,,,,,,,,,,,,,,,,,,,,,,,,,,,,,,,,,,,,,,,,,,,,,,,,,,,,,,,-99.7,,,,,,,,,
2002-11-24,838.9,840.0,2002-11-24T22:14:00,837.7,2002-11-24T15:23:00,9.8,11.2,2002-11-24T00:44:00,8.1,2002-11-24T22:57:00,-9997,,,0.6,178,2.8,208.0,2002-11-24T23:21:00,-9999.5,,,,,,,,,,,,,,,,,,,,,,,,,,,,,,,,,,,,,,,,,,,,,,,,,,,,,,,,,,,,,,,,,,,,,,,,,,,,,,,,,,,,,,,,-99.7,,,,,,,,,
2002-11-25,840.9,842.9,2002-11-25T22:12:00,839.0,2002-11-25T04:25:00,8.1,9.1,2002-11-25T08:35:00,7.0,2002-11-25T23:59:00,-9997,,,0.5,359,3.9,185.0,2002-11-25T00:19:00,-9999.5,,,,,,,,,,,,,,,,,,,,,,,,,,,,,,,,,,,,,,,,,,,,,,,,,,,,,,,,,,,,,,,,,,,,,,,,,,,,,,,,,,,,,,,,-99.7,,,,,,,,,
2002-11-26,843.7,844.9,2002-11-26T22:11:00,842.4,2002-11-26T00:13:00,6.9,7.9,2002-11-26T06:35:00,5.4,2002-11-26T22:43:00,-9997,,,0.5,171,2.9,10.0,2002-11-26T22:29:00,-9999.5,,,,,,,,,,,,,,,,,,,,,,,,,,,,,,,,,,,,,,,,,,,,,,,,,,,,,,,,,,,,,,,,,,,,,,,,,,,,,,,,,,,,,,,,-99.7,,,,,,,,,
2002-11-27,844.5,846.1,2002-11-27T09:01:00,843.0,2002-11-27T15:19:00,7.3,10.5,2002-11-27T09:14:00,4.4,2002-11-27T04:57:00,-9997,,,0.5,359,3.3,27.0,2002-11-27T00:30:00,-9999.5,,,,,,,,,,,,,,,,,,,,,,,,,,,,,,,,,,,,,,,,,,,,,,,,,,,,,,,,,,,,,,,,,,,,,,,,,,,,,,,,,,,,,,,,-99.7,,,,,,,,,
2002-11-28,844.2,-9999.7,,-9999.7,,9.9,-99.7,,-99.7,,-9997,,,0.4,182,-99.7,-999.7,,-9999.5,,,,,,,,,,,,,,,,,,,,,,,,,,,,,,,,,,,,,,,,,,,,,,,,,,,,,,,,,,,,,,,,,,,,,,,,,,,,,,,,,,,,,,,,-99.7,,,,,,,,,
2002-11-29,844.1,845.8,2002-11-29T09:29:00,842.9,2002-11-29T14:51:00,11.5,14.5,2002-11-29T10:56:00,9.9,2002-11-29T19:27:00,-9997,,,0.3,193,2.3,328.0,2002-11-29T16:34:00,-9999.5,,,,,,,,,,,,,,,,,,,,,,,,,,,,,,,,,,,,,,,,,,,,,,,,,,,,,,,,,,,,,,,,,,,,,,,,,,,,,,,,,,,,,,,,-99.7,,,,,,,,,
2002-11-30,842.4,-9999.7,,-9999.7,,13.1,-99.7,,-99.7,,-9997,,,0.6,167,-99.7,-999.7,,-9999.5,,,,,,,,,,,,,,,,,,,,,,,,,,,,,,,,,,,,,,,,,,,,,,,,,,,,,,,,,,,,,,,,,,,,,,,,,,,,,,,,,,,,,,,,-99.7,,,,,,,,,
2002-12-01,842.3,844.0,2002-12-01T22:41:00,840.8,2002-12-01T14:13:00,11.7,12.5,2002-12-01T10:29:00,11.2,2002-12-01T05:11:00,-9997,-9997,,0.4,360,2.2,353.0,2002-12-01T23:21:00,-9999.5,,,,,,,,,,,,,,,,,,,,,,-9997,,,,,,,,,,,,,,,,,,,,,,,,,,,,,,,,,,,,,,,,,,,,,,,,,,,,,,,,,,,,,,,,,,-99.7,,,,,,,,,
2002-12-02,843.3,844.6,2002-12-02T09:47:00,842.1,2002-12-02T15:05:00,13.1,18.4,2002-12-02T11:14:00,9.9,2002-12-02T04:26:00,-9997,-9997,,0.4,3,2.5,255.0,2002-12-02T21:55:00,-9999.5,,,,,,,,,,,,,,,,,,,,,,-9997,,,,,,,,,,,,,,,,,,,,,,,,,,,,,,,,,,,,,,,,,,,,,,,,,,,,,,,,,,,,,,,,,,-99.7,,,,,,,,,
2002-12-03,843.0,844.3,2002-12-03T09:22:00,841.6,2002-12-03T15:41:00,13.9,15.8,2002-12-03T08:38:00,12.4,2002-12-03T00:03:00,-9997,-9997,,0.5,5,3.0,149.0,2002-12-03T09:39:00,-9999.5,,,,,,,,,,,,,,,,,,,,,,-9997,,,,,,,,,,,,,,,,,,,,,,,,,,,,,,,,,,,,,,,,,,,,,,,,,,,,,,,,,,,,,,,,,,-99.7,,,,,,,,,
2002-12-04,843.2,844.7,2002-12-04T09:21:00,842.0,2002-12-04T15:07:00,14.8,18.9,2002-12-04T10:47:00,12.8,2002-12-04T00:11:00,-9997,-9997,,0.8,184,5.1,181.0,2002-12-04T02:56:00,-9999.5,,,,,,,,,,,,,,,,,,,,,,-9997,,,,,,,,,,,,,,,,,,,,,,,,,,,,,,,,,,,,,,,,,,,,,,,,,,,,,,,,,,,,,,,,,,-99.7,,,,,,,,,
2002-12-05,843.3,844.6,2002-12-05T09:48:00,842.2,2002-12-05T15:31:00,14.2,19.4,2002-12-05T11:42:00,11.4,2002-12-05T06:51:00,-9997,-9997,,0.5,191,2.9,187.0,2002-12-05T16:26:00,-9999.5,,,,,,,,,,,,,,,,,,,,,,-9997,,,,,,,,,,,,,,,,,,,,,,,,,,,,,,,,,,,,,,,,,,,,,,,,,,,,,,,,,,,,,,,,,,-99.7,,,,,,,,,
2002-12-06,843.0,844.7,2002-12-06T09:18:00,841.5,2002-12-06T15:43:00,14.9,21.4,2002-12-06T11:38:00,12.4,2002-12-06T06:39:00,-9997,-9997,,0.7,173,3.6,170.0,2002-12-06T23:38:00,-9999.5,,,,,,,,,,,,,,,,,,,,,,-9997,,,,,,,,,,,,,,,,,,,,,,,,,,,,,,,,,,,,,,,,,,,,,,,,,,,,,,,,,,,,,,,,,,-99.7,,,,,,,,,
2002-12-07,842.0,843.2,2002-12-07T09:58:00,840.7,2002-12-07T14:39:00,14.9,17.9,2002-12-07T11:08:00,12.6,2002-12-07T00:29:00,-9997,-9997,,0.5,183,2.9,89.0,2002-12-07T17:53:00,-9999.5,,,,,,,,,,,,,,,,,,,,,,-9997,,,,,,,,,,,,,,,,,,,,,,,,,,,,,,,,,,,,,,,,,,,,,,,,,,,,,,,,,,,,,,,,,,-99.7,,,,,,,,,
2002-12-08,842.6,843.9,2002-12-08T08:49:00,841.1,2002-12-08T14:40:00,11.9,17.0,2002-12-08T08:49:00,7.8,2002-12-08T23:40:00,-9997,-9997,,0.6,172,3.4,169.0,2002-12-08T10:47:00,-9999.5,,,,,,,,,,,,,,,,,,,,,,-9997,,,,,,,,,,,,,,,,,,,,,,,,,,,,,,,,,,,,,,,,,,,,,,,,,,,,,,,,,,,,,,,,,,-99.7,,,,,,,,,
2002-12-09,843.5,845.2,2002-12-09T08:56:00,842.1,2002-12-09T15:10:00,6.4,8.3,2002-12-09T00:04:00,4.8,2002-12-09T23:55:00,-9997,-9997,,0.4,161,2.5,170.0,2002-12-09T08:23:00,-9999.5,,,,,,,,,,,,,,,,,,,,,,-9997,,,,,,,,,,,,,,,,,,,,,,,,,,,,,,,,,,,,,,,,,,,,,,,,,,,,,,,,,,,,,,,,,,-99.7,,,,,,,,,
2002-12-10,843.8,845.4,2002-12-10T22:16:00,842.4,2002-12-10T03:53:00,4.8,6.6,2002-12-10T10:36:00,3.7,2002-12-10T22:21:00,-9997,-9997,,0.6,16,3.3,335.0,2002-12-10T19:31:00,-9999.5,,,,,,,,,,,,,,,,,,,,,,-9997,,,,,,,,,,,,,,,,,,,,,,,,,,,,,,,,,,,,,,,,,,,,,,,,,,,,,,,,,,,,,,,,,,-99.7,,,,,,,,,
2002-12-11,844.3,845.7,2002-12-11T08:49:00,842.9,2002-12-11T15:19:00,6.3,8.5,2002-12-11T23:10:00,3.9,2002-12-11T00:17:00,-9997,-9997,,0.6,359,4.4,188.0,2002-12-11T23:50:00,-9999.5,,,,,,,,,,,,,,,,,,,,,,-9997,,,,,,,,,,,,,,,,,,,,,,,,,,,,,,,,,,,,,,,,,,,,,,,,,,,,,,,,,,,,,,,,,,-99.7,,,,,,,,,
2002-12-12,845.8,848.4,2002-12-12T23:20:00,842.8,2002-12-12T03:02:00,9.4,15.6,2002-12-12T10:42:00,7.1,2002-12-12T23:59:00,-9997,-9997,,0.7,188,6.5,206.0,2002-12-12T00:02:00,-9999.5,,,,,,,,,,,,,,,,,,,,,,-9997,,,,,,,,,,,,,,,,,,,,,,,,,,,,,,,,,,,,,,,,,,,,,,,,,,,,,,,,,,,,,,,,,,-99.7,,,,,,,,,
2002-12-13,848.3,850.1,2002-12-13T20:54:00,846.8,2002-12-13T04:13:00,5.8,7.2,2002-12-13T13:22:00,4.4,2002-12-13T23:59:00,-9997,-9997,,0.8,356,5.7,359.0,2002-12-13T23:50:00,-9999.5,,,,,,,,,,,,,,,,,,,,,,-9997,,,,,,,,,,,,,,,,,,,,,,,,,,,,,,,,,,,,,,,,,,,,,,,,,,,,,,,,,,,,,,,,,,-99.7,,,,,,,,,
2002-12-14,847.7,849.4,2002-12-14T00:04:00,846.0,2002-12-14T15:55:00,8.7,13.2,2002-12-14T09:30:00,4.3,2002-12-14T00:08:00,-9997,-9997,,1.3,2,6.0,356.0,2002-12-14T00:33:00,-9999.5,,,,,,,,,,,,,,,,,,,,,,-9997,,,,,,,,,,,,,,,,,,,,,,,,,,,,,,,,,,,,,,,,,,,,,,,,,,,,,,,,,,,,,,,,,,-99.7,,,,,,,,,
2002-12-15,846.1,847.7,2002-12-15T09:37:00,844.5,2002-12-15T14:41:00,9.6,14.1,2002-12-15T11:34:00,7.1,2002-12-15T06:55:00,-9997,-9997,,0.6,360,3.7,31.0,2002-12-15T04:18:00,-9999.5,,,,,,,,,,,,,,,,,,,,,,-9997,,,,,,,,,,,,,,,,,,,,,,,,,,,,,,,,,,,,,,,,,,,,,,,,,,,,,,,,,,,,,,,,,,-99.7,,,,,,,,,
2002-12-16,845.5,846.8,2002-12-16T09:54:00,844.3,2002-12-16T03:55:00,12.6,19.3,2002-12-16T11:46:00,8.7,2002-12-16T00:58:00,-9997,-9997,,0.8,360,4.2,359.0,2002-12-16T06:54:00,-9999.5,,,,,,,,,,,,,,,,,,,,,,-9997,,,,,,,,,,,,,,,,,,,,,,,,,,,,,,,,,,,,,,,,,,,,,,,,,,,,,,,,,,,,,,,,,,-99.7,,,,,,,,,
2002-12-17,845.2,847.0,2002-12-17T09:22:00,843.6,2002-12-17T15:27:00,13.2,20.1,2002-12-17T11:44:00,9.9,2002-12-17T05:56:00,-9997,-9997,,0.9,174,3.5,166.0,2002-12-17T13:12:00,-9999.5,,,,,,,,,,,,,,,,,,,,,,-9997,,,,,,,,,,,,,,,,,,,,,,,,,,,,,,,,,,,,,,,,,,,,,,,,,,,,,,,,,,,,,,,,,,-99.7,,,,,,,,,
2002-12-18,842.7,845.0,2002-12-18T00:00:00,840.6,2002-12-18T14:41:00,14.2,19.6,2002-12-18T11:29:00,11.5,2002-12-18T04:55:00,-9997,-9997,,0.9,186,5.6,178.0,2002-12-18T09:49:00,-9999.5,,,,,,,,,,,,,,,,,,,,,,-9997,,,,,,,,,,,,,,,,,,,,,,,,,,,,,,,,,,,,,,,,,,,,,,,,,,,,,,,,,,,,,,,,,,-99.7,,,,,,,,,
2002-12-19,840.3,842.1,2002-12-19T09:36:00,839.2,2002-12-19T15:26:00,13.9,20.5,2002-12-19T12:19:00,10.3,2002-12-19T09:54:00,-9997,-9997,,0.5,157,9.9,23.0,2002-12-19T09:13:00,-9999.5,,,,,,,,,,,,,,,,,,,,,,-9997,,,,,,,,,,,,,,,,,,,,,,,,,,,,,,,,,,,,,,,,,,,,,,,,,,,,,,,,,,,,,,,,,,-99.7,,,,,,,,,
2002-12-20,838.7,840.4,2002-12-20T00:33:00,836.7,2002-12-20T16:07:00,12.0,13.0,2002-12-20T09:45:00,11.1,2002-12-20T22:27:00,-9997,-9997,,0.9,2,5.7,188.0,2002-12-20T10:58:00,-9999.5,,,,,,,,,,,,,,,,,,,,,,-9997,,,,,,,,,,,,,,,,,,,,,,,,,,,,,,,,,,,,,,,,,,,,,,,,,,,,,,,,,,,,,,,,,,-99.7,,,,,,,,,
2002-12-21,838.5,840.5,2002-12-21T23:22:00,837.0,2002-12-21T15:40:00,11.4,13.5,2002-12-21T15:08:00,10.8,2002-12-21T17:18:00,-9997,-9997,,0.9,1,3.7,358.0,2002-12-21T09:17:00,-9999.5,,,,,,,,,,,,,,,,,,,,,,-9997,,,,,,,,,,,,,,,,,,,,,,,,,,,,,,,,,,,,,,,,,,,,,,,,,,,,,,,,,,,,,,,,,,-99.7,,,,,,,,,
2002-12-22,840.6,842.0,2002-12-22T22:09:00,839.0,2002-12-22T04:28:00,11.2,13.2,2002-12-22T09:08:00,9.5,2002-12-22T07:35:00,-9997,-9997,,0.6,167,3.0,144.0,2002-12-22T13:53:00,-9999.5,,,,,,,,,,,,,,,,,,,,,,-9997,,,,,,,,,,,,,,,,,,,,,,,,,,,,,,,,,,,,,,,,,,,,,,,,,,,,,,,,,,,,,,,,,,-99.7,,,,,,,,,
2002-12-23,841.5,842.9,2002-12-23T10:03:00,840.2,2002-12-23T14:09:00,11.1,12.5,2002-12-23T12:39:00,10.3,2002-12-23T22:31:00,-9997,-9997,,0.3,185,2.3,187.0,2002-12-23T06:31:00,-9999.5,,,,,,,,,,,,,,,,,,,,,,-9997,,,,,,,,,,,,,,,,,,,,,,,,,,,,,,,,,,,,,,,,,,,,,,,,,,,,,,,,,,,,,,,,,,-99.7,,,,,,,,,
2002-12-24,841.9,843.3,2002-12-24T09:32:00,840.7,2002-12-24T15:05:00,10.9,12.2,2002-12-24T10:19:00,10.1,2002-12-24T02:49:00,-9997,-9997,,0.4,183,3.8,184.0,2002-12-24T04:11:00,-9999.5,,,,,,,,,,,,,,,,,,,,,,-9997,,,,,,,,,,,,,,,,,,,,,,,,,,,,,,,,,,,,,,,,,,,,,,,,,,,,,,,,,,,,,,,,,,-99.7,,,,,,,,,
2002-12-25,842.4,843.9,2002-12-25T21:49:00,841.1,2002-12-25T03:53:00,9.8,13.3,2002-12-25T12:31:00,6.7,2002-12-25T23:57:00,-9997,-9997,,0.6,1,4.5,202.0,2002-12-25T16:18:00,-9999.5,,,,,,,,,,,,,,,,,,,,,,-9997,,,,,,,,,,,,,,,,,,,,,,,,,,,,,,,,,,,,,,,,,,,,,,,,,,,,,,,,,,,,,,,,,,-99.7,,,,,,,,,
2002-12-26,842.3,844.3,2002-12-26T09:53:00,840.9,2002-12-26T15:49:00,6.7,7.7,2002-12-26T08:02:00,5.6,2002-12-26T02:49:00,-9997,-9997,,0.3,360,5.5,345.0,2002-12-26T22:31:00,-9999.5,,,,,,,,,,,,,,,,,,,,,,-9997,,,,,,,,,,,,,,,,,,,,,,,,,,,,,,,,,,,,,,,,,,,,,,,,,,,,,,,,,,,,,,,,,,-99.7,,,,,,,,,
2002-12-27,841.4,843.2,2002-12-27T08:57:00,839.6,2002-12-27T14:01:00,6.4,7.4,2002-12-27T14:01:00,5.2,2002-12-27T18:01:00,-9997,-9997,,0.8,1,4.2,344.0,2002-12-27T23:48:00,-9999.5,,,,,,,,,,,,,,,,,,,,,,-9997,,,,,,,,,,,,,,,,,,,,,,,,,,,,,,,,,,,,,,,,,,,,,,,,,,,,,,,,,,,,,,,,,,-99.7,,,,,,,,,
2002-12-28,841.7,843.2,2002-12-28T21:39:00,840.3,2002-12-28T14:24:00,8.5,11.0,2002-12-28T12:56:00,6.7,2002-12-28T00:01:00,-9997,-9997,,0.9,1,4.1,308.0,2002-12-28T00:29:00,-9999.5,,,,,,,,,,,,,,,,,,,,,,-9997,,,,,,,,,,,,,,,,,,,,,,,,,,,,,,,,,,,,,,,,,,,,,,,,,,,,,,,,,,,,,,,,,,-99.7,,,,,,,,,
2002-12-29,843.1,845.1,2002-12-29T09:26:00,841.7,2002-12-29T03:49:00,10.3,14.7,2002-12-29T12:18:00,8.6,2002-12-29T04:58:00,-9997,-9997,,0.7,1,3.1,179.0,2002-12-29T12:10:00,-9999.5,,,,,,,,,,,,,,,,,,,,,,-9997,,,,,,,,,,,,,,,,,,,,,,,,,,,,,,,,,,,,,,,,,,,,,,,,,,,,,,,,,,,,,,,,,,-99.7,,,,,,,,,
2002-12-30,841.0,843.2,2002-12-30T00:05:00,838.9,2002-12-30T15:36:00,12.0,17.1,2002-12-30T10:33:00,10.3,2002-12-30T00:27:00,-9997,-9997,,0.6,1,2.7,346.0,2002-12-30T17:59:00,-9999.5,,,,,,,,,,,,,,,,,,,,,,-9997,,,,,,,,,,,,,,,,,,,,,,,,,,,,,,,,,,,,,,,,,,,,,,,,,,,,,,,,,,,,,,,,,,-99.7,,,,,,,,,
2002-12-31,840.9,842.6,2002-12-31T22:16:00,839.4,2002-12-31T14:49:00,9.3,11.3,2002-12-31T08:58:00,7.3,2002-12-31T23:56:00,-9997,-9997,,0.5,172,3.8,160.0,2002-12-31T13:24:00,-9999.5,,,,,,,,,,,,,,,,,,,,,,-9997,,,,,,,,,,,,,,,,,,,,,,,,,,,,,,,,,,,,,,,,,,,,,,,,,,,,,,,,,,,,,,,,,,-99.7,,,,,,,,,
