,StnPres,SeaPres,StnPresMax,StnPresMaxTime,StnPresMin,StnPresMinTime,Tx,TxMaxAbs,TxMaxAbsTime,TxMinAbs,TxMinAbsTime,Td,RH,RHMin,RHMinTime,WS,WD,WSGust,WDGust,WGustTime,Precp,PrecpMax10,PrecpMax10Time,PrecpHrMax,PrecpHrMaxTime,SunShine,GloblRad,EvapA,TxSoil0cm,TxSoil5cm,TxSoil10cm,TxSoil20cm,TxSoil50cm,TxSoil100cm,AirTemperature.DailyRangef,AirTemperature.MaximumTimef,AirTemperature.Maximumf,AirTemperature.Meanf,AirTemperature.MinimumTimef,AirTemperature.Minimumf,CloudAmount,CloudAmountSat,DewPointTemperature.Maximum,DewPointTemperature.MaximumTime,DewPointTemperature.MaximumTimef,DewPointTemperature.Maximumf,DewPointTemperature.Meanf,DewPointTemperature.Minimum,DewPointTemperature.MinimumTime,DewPointTemperature.MinimumTimef,DewPointTemperature.Minimumf,EvaporationClassAPan.Accumulationf,GlobalSolarRadiation.Accumulationf,GlobalSolarRadiation.HourlyMaximumTimef,GlobalSolarRadiation.HourlyMaximumf,GloblRadMax,GloblRadMaxTime,PeakGust.Directionf,PeakGust.MaximumTimef,PeakGust.Maximumf,Precipitation.Accumulationf,Precipitation.HourlyMaximum,Precipitation.HourlyMaximumTime,Precipitation.HourlyMaximumTimef,Precipitation.HourlyMaximumf,Precipitation.SixtyMinutelyMaximumTimef,Precipitation.SixtyMinutelyMaximumf,Precipitation.TenMinutelyMaximumTimef,Precipitation.TenMinutelyMaximumf,PrecipitationDuration.Totalf,PrecpHour,PrecpMax60,PrecpMax60Time,RelativeHumidity.Maximum,RelativeHumidity.MaximumTime,RelativeHumidity.MaximumTimef,RelativeHumidity.Maximumf,RelativeHumidity.Meanf,RelativeHumidity.MinimumTimef,RelativeHumidity.Minimumf,SeaLevelPressure.Maximum,SeaLevelPressure.MaximumTime,SeaLevelPressure.MaximumTimef,SeaLevelPressure.Maximumf,SeaLevelPressure.Meanf,SeaLevelPressure.Minimum,SeaLevelPressure.MinimumTime,SeaLevelPressure.MinimumTimef,SeaLevelPressure.Minimumf,SoilTemperatureAt0cm.Meanf,SoilTemperatureAt100cm.Meanf,SoilTemperatureAt10cm.Meanf,SoilTemperatureAt20cm.Meanf,SoilTemperatureAt30cm.Meanf,SoilTemperatureAt50cm.Meanf,SoilTemperatureAt5cm.Meanf,StationPressure.MaximumTimef,StationPressure.Maximumf,StationPressure.Meanf,StationPressure.MinimumTimef,StationPressure.Minimumf,SunShineRate,SunshineDuration.Ratef,SunshineDuration.Totalf,TotalCloudAmount.Meanf,TotalCloudAmount.SatRetrievedMeanf,TxRange,TxSoil30cm,UVIMax,UVIMaxTime,UVIndex.MaximumTimef,UVIndex.Maximumf,VisbMean,Visibility.Meanf,WindDirection.CountForCode00,WindDirection.CountForCode00f,WindDirection.CountForCode01,WindDirection.CountForCode01f,WindDirection.CountForCode02,WindDirection.CountForCode02f,WindDirection.CountForCode03,WindDirection.CountForCode03f,WindDirection.CountForCode04,WindDirection.CountForCode04f,WindDirection.CountForCode05,WindDirection.CountForCode05f,WindDirection.CountForCode06,WindDirection.CountForCode06f,WindDirection.CountForCode07,WindDirection.CountForCode07f,WindDirection.CountForCode08,WindDirection.CountForCode08f,WindDirection.CountForCode09,WindDirection.CountForCode09f,WindDirection.CountForCode10,WindDirection.CountForCode10f,WindDirection.CountForCode11,WindDirection.CountForCode11f,WindDirection.CountForCode12,WindDirection.CountForCode12f,WindDirection.CountForCode13,WindDirection.CountForCode13f,WindDirection.CountForCode14,WindDirection.CountForCode14f,WindDirection.CountForCode15,WindDirection.CountForCode15f,WindDirection.CountForCode16,WindDirection.CountForCode16f,WindDirection.CountForCode17,WindDirection.CountForCode17f,WindDirection.CountForCode18,WindDirection.CountForCode18f,WindDirection.CountForCode19,WindDirection.CountForCode19f,WindDirection.CountForCode20,WindDirection.CountForCode20f,WindDirection.CountForCode21,WindDirection.CountForCode21f,WindDirection.CountForCode22,WindDirection.CountForCode22f,WindDirection.CountForCode23,WindDirection.CountForCode23f,WindDirection.CountForCode24,WindDirection.CountForCode24f,WindDirection.CountForCode25,WindDirection.CountForCode25f,WindDirection.CountForCode26,WindDirection.CountForCode26f,WindDirection.CountForCode27,WindDirection.CountForCode27f,WindDirection.CountForCode28,WindDirection.CountForCode28f,WindDirection.CountForCode29,WindDirection.CountForCode29f,WindDirection.CountForCode30,WindDirection.CountForCode30f,WindDirection.CountForCode31,WindDirection.CountForCode31f,WindDirection.CountForCode32,WindDirection.CountForCode32f,WindDirection.CountForCode33,WindDirection.CountForCode33f,WindDirection.CountForCode34,WindDirection.CountForCode34f,WindDirection.CountForCode35,WindDirection.CountForCode35f,WindDirection.CountForCode36,WindDirection.CountForCode36f,WindDirection.CountForCode99,WindDirection.CountForCode99f,WindDirection.Prevailingf,WindDirection.TenMinutelyMaximum,WindDirection.TenMinutelyMaximumf,WindSpeed.Meanf,WindSpeed.TenMinutelyMaximum,WindSpeed.TenMinutelyMaximumTime,WindSpeed.TenMinutelyMaximumTimef,WindSpeed.TenMinutelyMaximumf,WindSpeed.TotalForCode00,WindSpeed.TotalForCode00f,WindSpeed.TotalForCode01,WindSpeed.TotalForCode01f,WindSpeed.TotalForCode02,WindSpeed.TotalForCode02f,WindSpeed.TotalForCode03,WindSpeed.TotalForCode03f,WindSpeed.TotalForCode04,WindSpeed.TotalForCode04f,WindSpeed.TotalForCode05,WindSpeed.TotalForCode05f,WindSpeed.TotalForCode06,WindSpeed.TotalForCode06f,WindSpeed.TotalForCode07,WindSpeed.TotalForCode07f,WindSpeed.TotalForCode08,WindSpeed.TotalForCode08f,WindSpeed.TotalForCode09,WindSpeed.TotalForCode09f,WindSpeed.TotalForCode10,WindSpeed.TotalForCode10f,WindSpeed.TotalForCode11,WindSpeed.TotalForCode11f,WindSpeed.TotalForCode12,WindSpeed.TotalForCode12f,WindSpeed.TotalForCode13,WindSpeed.TotalForCode13f,WindSpeed.TotalForCode14,WindSpeed.TotalForCode14f,WindSpeed.TotalForCode15,WindSpeed.TotalForCode15f,WindSpeed.TotalForCode16,WindSpeed.TotalForCode16f,WindSpeed.TotalForCode17,WindSpeed.TotalForCode17f,WindSpeed.TotalForCode18,WindSpeed.TotalForCode18f,WindSpeed.TotalForCode19,WindSpeed.TotalForCode19f,WindSpeed.TotalForCode20,WindSpeed.TotalForCode20f,WindSpeed.TotalForCode21,WindSpeed.TotalForCode21f,WindSpeed.TotalForCode22,WindSpeed.TotalForCode22f,WindSpeed.TotalForCode23,WindSpeed.TotalForCode23f,WindSpeed.TotalForCode24,WindSpeed.TotalForCode24f,WindSpeed.TotalForCode25,WindSpeed.TotalForCode25f,WindSpeed.TotalForCode26,WindSpeed.TotalForCode26f,WindSpeed.TotalForCode27,WindSpeed.TotalForCode27f,WindSpeed.TotalForCode28,WindSpeed.TotalForCode28f,WindSpeed.TotalForCode29,WindSpeed.TotalForCode29f,WindSpeed.TotalForCode30,WindSpeed.TotalForCode30f,WindSpeed.TotalForCode31,WindSpeed.TotalForCode31f,WindSpeed.TotalForCode32,WindSpeed.TotalForCode32f,WindSpeed.TotalForCode33,WindSpeed.TotalForCode33f,WindSpeed.TotalForCode34,WindSpeed.TotalForCode34f,WindSpeed.TotalForCode35,WindSpeed.TotalForCode35f,WindSpeed.TotalForCode36,WindSpeed.TotalForCode36f,WindSpeed.TotalForCode99,WindSpeed.TotalForCode99f
2005-01-01,,,,,,,6.0,8.0,2005-01-01T12:00:00,3.1,2005-01-01T05:00:00,-0.1,65,55,2005-01-01T11:00:00,4.5,67.5,12.4,67.5,2005-01-01T22:00:00,0.0,,,,,5.0,5.18,1.4,,15.0,15.2,16.3,18.6,20.5,,,,,,,,,2.0,2005-01-01T23:59:59,,,,-1.6,2005-01-01T03:00:00,,,,,,,,,,,,,,,,,,,,,,,,,75,2005-01-01T05:00:00,,,,,,,,,,,,,,,,,,,,,,,,,,,,,,,,,17.3,,,,,,,,,,,,,,,,,,,,,,,,,,,,,,,,,,,,,,,,,,,,,,,,,,,,,,,,,,,,,,,,,,,,,,,,,,,,,,,,,,,,,,,6.0,2005-01-01T22:00:00,,,,,,,,,,,,,,,,,,,,,,,,,,,,,,,,,,,,,,,,,,,,,,,,,,,,,,,,,,,,,,,,,,,,,,,,,,,,,,
2005-01-02,,,,,,,10.5,14.5,2005-01-02T15:00:00,7.4,2005-01-02T01:00:00,5.1,70,60,2005-01-02T15:00:00,2.8,67.5,10.2,67.5,2005-01-02T02:00:00,0.0,,,,,0.0,4.02,0.2,,14.4,14.6,15.6,18.0,20.4,,,,,,,,,7.0,2005-01-02T21:00:00,,,,1.8,2005-01-02T02:00:00,,,,,,,,,,,,,,,,,,,,,,,,,87,2005-01-02T20:00:00,,,,,,,,,,,,,,,,,,,,,,,,,,,,,,,,,16.6,,,,,,,,,,,,,,,,,,,,,,,,,,,,,,,,,,,,,,,,,,,,,,,,,,,,,,,,,,,,,,,,,,,,,,,,,,,,,,,,,,,,,,,4.4,2005-01-02T02:00:00,,,,,,,,,,,,,,,,,,,,,,,,,,,,,,,,,,,,,,,,,,,,,,,,,,,,,,,,,,,,,,,,,,,,,,,,,,,,,,
2005-01-03,,,,,,,13.5,19.5,2005-01-03T12:00:00,7.0,2005-01-03T03:00:00,9.7,80,44,2005-01-03T11:00:00,1.5,157.5,6.7,157.5,2005-01-03T06:00:00,0.0,,,,,4.0,5.89,1.5,,14.3,14.5,15.3,17.6,20.2,,,,,,,,,13.6,2005-01-03T23:59:59,,,,5.7,2005-01-03T02:00:00,,,,,,,,,,,,,,,,,,,,,,,,,96,2005-01-03T23:00:00,,,,,,,,,,,,,,,,,,,,,,,,,,,,,,,,,16.2,,,,,,,,,,,,,,,,,,,,,,,,,,,,,,,,,,,,,,,,,,,,,,,,,,,,,,,,,,,,,,,,,,,,,,,,,,,,,,,,,,,,,,,3.8,2005-01-03T06:00:00,,,,,,,,,,,,,,,,,,,,,,,,,,,,,,,,,,,,,,,,,,,,,,,,,,,,,,,,,,,,,,,,,,,,,,,,,,,,,,
2005-01-04,,,,,,,13.8,15.1,2005-01-04T10:00:00,13.1,2005-01-04T17:00:00,11.7,88,80,2005-01-04T14:00:00,3.8,67.5,13.1,67.5,2005-01-04T12:00:00,0.0,,,,,0.0,6.34,0.2,,15.2,15.2,15.6,17.3,20.0,,,,,,,,,13.5,2005-01-04T01:00:00,,,,10.1,2005-01-04T16:00:00,,,,,,,,,,,,,,,,,,,,,,,,,97,2005-01-04T03:00:00,,,,,,,,,,,,,,,,,,,,,,,,,,,,,,,,,16.2,,,,,,,,,,,,,,,,,,,,,,,,,,,,,,,,,,,,,,,,,,,,,,,,,,,,,,,,,,,,,,,,,,,,,,,,,,,,,,,,,,,,,,,6.4,2005-01-04T14:00:00,,,,,,,,,,,,,,,,,,,,,,,,,,,,,,,,,,,,,,,,,,,,,,,,,,,,,,,,,,,,,,,,,,,,,,,,,,,,,,
2005-01-05,,,,,,,14.7,17.7,2005-01-05T16:00:00,13.0,2005-01-05T03:00:00,12.0,84,74,2005-01-05T10:00:00,4.0,67.5,14.9,67.5,2005-01-05T06:00:00,0.0,,,,,0.0,5.52,0.6,,15.5,15.5,15.9,17.3,19.8,,,,,,,,,13.1,2005-01-05T22:00:00,,,,10.8,2005-01-05T06:00:00,,,,,,,,,,,,,,,,,,,,,,,,,93,2005-01-05T22:00:00,,,,,,,,,,,,,,,,,,,,,,,,,,,,,,,,,16.4,,,,,,,,,,,,,,,,,,,,,,,,,,,,,,,,,,,,,,,,,,,,,,,,,,,,,,,,,,,,,,,,,,,,,,,,,,,,,,,,,,,,,,,7.0,2005-01-05T07:00:00,,,,,,,,,,,,,,,,,,,,,,,,,,,,,,,,,,,,,,,,,,,,,,,,,,,,,,,,,,,,,,,,,,,,,,,,,,,,,,
2005-01-06,,,,,,,15.0,16.8,2005-01-06T15:00:00,13.4,2005-01-06T05:00:00,13.0,89,77,2005-01-06T15:00:00,3.5,67.5,14.5,67.5,2005-01-06T23:59:59,0.0,,,,,0.0,6.63,0.3,,16.0,16.0,16.2,17.4,19.6,,,,,,,,,13.7,2005-01-06T22:00:00,,,,12.5,2005-01-06T16:00:00,,,,,,,,,,,,,,,,,,,,,,,,,97,2005-01-06T04:00:00,,,,,,,,,,,,,,,,,,,,,,,,,,,,,,,,,16.6,,,,,,,,,,,,,,,,,,,,,,,,,,,,,,,,,,,,,,,,,,,,,,,,,,,,,,,,,,,,,,,,,,,,,,,,,,,,,,,,,,,,,,,6.5,2005-01-06T23:59:59,,,,,,,,,,,,,,,,,,,,,,,,,,,,,,,,,,,,,,,,,,,,,,,,,,,,,,,,,,,,,,,,,,,,,,,,,,,,,,
2005-01-07,,,,,,,15.5,17.9,2005-01-07T13:00:00,14.3,2005-01-07T04:00:00,12.8,85,76,2005-01-07T13:00:00,4.8,67.5,13.6,67.5,2005-01-07T04:00:00,0.0,,,,,0.0,4.39,1.3,,16.2,16.2,16.5,17.5,19.5,,,,,,,,,13.7,2005-01-07T11:00:00,,,,12.2,2005-01-07T04:00:00,,,,,,,,,,,,,,,,,,,,,,,,,88,2005-01-07T16:00:00,,,,,,,,,,,,,,,,,,,,,,,,,,,,,,,,,16.8,,,,,,,,,,,,,,,,,,,,,,,,,,,,,,,,,,,,,,,,,,,,,,,,,,,,,,,,,,,,,,,,,,,,,,,,,,,,,,,,,,,,,,,6.6,2005-01-07T01:00:00,,,,,,,,,,,,,,,,,,,,,,,,,,,,,,,,,,,,,,,,,,,,,,,,,,,,,,,,,,,,,,,,,,,,,,,,,,,,,,
2005-01-08,,,,,,,13.4,14.9,2005-01-08T12:00:00,12.3,2005-01-08T07:00:00,11.6,89,83,2005-01-08T16:00:00,5.1,67.5,13.2,67.5,2005-01-08T23:00:00,0.5,,,,,0.0,7.01,0.2,,16.3,16.3,16.6,17.6,19.5,,,,,,,,,12.7,2005-01-08T01:00:00,,,,10.3,2005-01-08T23:00:00,,,,,,,,,,,,,,,,,,,,,,,,,96,2005-01-08T03:00:00,,,,,,,,,,,,,,,,,,,,,,,,,,,,,,,,,17.0,,,,,,,,,,,,,,,,,,,,,,,,,,,,,,,,,,,,,,,,,,,,,,,,,,,,,,,,,,,,,,,,,,,,,,,,,,,,,,,,,,,,,,,6.7,2005-01-08T16:00:00,,,,,,,,,,,,,,,,,,,,,,,,,,,,,,,,,,,,,,,,,,,,,,,,,,,,,,,,,,,,,,,,,,,,,,,,,,,,,,
2005-01-09,,,,,,,12.7,14.9,2005-01-09T13:00:00,11.4,2005-01-09T23:59:59,10.6,88,77,2005-01-09T14:00:00,5.4,67.5,14.5,67.5,2005-01-09T02:00:00,0.5,,,,,0.0,7.5,0.4,,16.0,16.1,16.5,17.6,19.4,,,,,,,,,11.3,2005-01-09T10:00:00,,,,10.1,2005-01-09T03:00:00,,,,,,,,,,,,,,,,,,,,,,,,,96,2005-01-09T20:00:00,,,,,,,,,,,,,,,,,,,,,,,,,,,,,,,,,16.9,,,,,,,,,,,,,,,,,,,,,,,,,,,,,,,,,,,,,,,,,,,,,,,,,,,,,,,,,,,,,,,,,,,,,,,,,,,,,,,,,,,,,,,6.7,2005-01-09T02:00:00,,,,,,,,,,,,,,,,,,,,,,,,,,,,,,,,,,,,,,,,,,,,,,,,,,,,,,,,,,,,,,,,,,,,,,,,,,,,,,
2005-01-10,,,,,,,13.3,15.4,2005-01-10T13:00:00,11.3,2005-01-10T03:00:00,11.4,88,82,2005-01-10T13:00:00,4.7,67.5,13.2,67.5,2005-01-10T20:00:00,0.0,,,,,0.0,4.18,1.0,,15.9,16.0,16.4,17.5,19.4,,,,,,,,,12.1,2005-01-10T13:00:00,,,,10.5,2005-01-10T01:00:00,,,,,,,,,,,,,,,,,,,,,,,,,95,2005-01-10T03:00:00,,,,,,,,,,,,,,,,,,,,,,,,,,,,,,,,,16.8,,,,,,,,,,,,,,,,,,,,,,,,,,,,,,,,,,,,,,,,,,,,,,,,,,,,,,,,,,,,,,,,,,,,,,,,,,,,,,,,,,,,,,,6.3,2005-01-10T17:00:00,,,,,,,,,,,,,,,,,,,,,,,,,,,,,,,,,,,,,,,,,,,,,,,,,,,,,,,,,,,,,,,,,,,,,,,,,,,,,,
2005-01-11,,,,,,,14.9,16.9,2005-01-11T11:00:00,13.9,2005-01-11T01:00:00,13.3,90,84,2005-01-11T11:00:00,3.2,45.0,12.4,67.5,2005-01-11T01:00:00,0.0,,,,,6.5,3.24,0.0,,16.0,16.1,16.4,17.5,19.3,,,,,,,,,14.3,2005-01-11T12:00:00,,,,12.2,2005-01-11T02:00:00,,,,,,,,,,,,,,,,,,,,,,,,,95,2005-01-11T14:00:00,,,,,,,,,,,,,,,,,,,,,,,,,,,,,,,,,16.8,,,,,,,,,,,,,,,,,,,,,,,,,,,,,,,,,,,,,,,,,,,,,,,,,,,,,,,,,,,,,,,,,,,,,,,,,,,,,,,,,,,,,,,5.2,2005-01-11T01:00:00,,,,,,,,,,,,,,,,,,,,,,,,,,,,,,,,,,,,,,,,,,,,,,,,,,,,,,,,,,,,,,,,,,,,,,,,,,,,,,
2005-01-12,,,,,,,14.1,15.4,2005-01-12T13:00:00,13.5,2005-01-12T15:00:00,12.2,89,84,2005-01-12T19:00:00,4.9,67.5,15.1,67.5,2005-01-12T22:00:00,0.5,,,,,0.0,3.77,0.2,,16.2,16.2,16.5,17.5,19.3,,,,,,,,,13.1,2005-01-12T02:00:00,,,,11.2,2005-01-12T19:00:00,,,,,,,,,,,,,,,,,,,,,,,,,93,2005-01-12T02:00:00,,,,,,,,,,,,,,,,,,,,,,,,,,,,,,,,,16.9,,,,,,,,,,,,,,,,,,,,,,,,,,,,,,,,,,,,,,,,,,,,,,,,,,,,,,,,,,,,,,,,,,,,,,,,,,,,,,,,,,,,,,,7.0,2005-01-12T22:00:00,,,,,,,,,,,,,,,,,,,,,,,,,,,,,,,,,,,,,,,,,,,,,,,,,,,,,,,,,,,,,,,,,,,,,,,,,,,,,,
2005-01-13,,,,,,,13.0,13.7,2005-01-13T03:00:00,12.4,2005-01-13T16:00:00,12.3,96,88,2005-01-13T01:00:00,3.7,45.0,12.9,67.5,2005-01-13T01:00:00,27.5,,,,,0.0,11.79,0.2,,16.0,16.0,16.4,17.5,19.2,,,,,,,,,12.7,2005-01-13T18:00:00,,,,11.6,2005-01-13T01:00:00,,,,,,,,,,,,,,,,,,,,,,,,,98,2005-01-13T16:00:00,,,,,,,,,,,,,,,,,,,,,,,,,,,,,,,,,16.9,,,,,,,,,,,,,,,,,,,,,,,,,,,,,,,,,,,,,,,,,,,,,,,,,,,,,,,,,,,,,,,,,,,,,,,,,,,,,,,,,,,,,,,6.7,2005-01-13T01:00:00,,,,,,,,,,,,,,,,,,,,,,,,,,,,,,,,,,,,,,,,,,,,,,,,,,,,,,,,,,,,,,,,,,,,,,,,,,,,,,
2005-01-14,,,,,,,10.6,12.9,2005-01-14T01:00:00,9.4,2005-01-14T14:00:00,9.8,95,88,2005-01-14T23:59:59,3.0,22.5,11.2,337.5,2005-01-14T06:00:00,16.5,,,,,0.0,8.12,0.0,,15.5,15.6,16.1,17.3,19.2,,,,,,,,,12.4,2005-01-14T01:00:00,,,,7.7,2005-01-14T23:59:59,,,,,,,,,,,,,,,,,,,,,,,,,97,2005-01-14T02:00:00,,,,,,,,,,,,,,,,,,,,,,,,,,,,,,,,,16.6,,,,,,,,,,,,,,,,,,,,,,,,,,,,,,,,,,,,,,,,,,,,,,,,,,,,,,,,,,,,,,,,,,,,,,,,,,,,,,,,,,,,,,,4.2,2005-01-14T23:59:59,,,,,,,,,,,,,,,,,,,,,,,,,,,,,,,,,,,,,,,,,,,,,,,,,,,,,,,,,,,,,,,,,,,,,,,,,,,,,,
2005-01-15,,,,,,,8.3,9.9,2005-01-15T16:00:00,4.5,2005-01-15T23:00:00,3.6,73,59,2005-01-15T17:00:00,3.2,45.0,9.5,45.0,2005-01-15T08:00:00,0.0,,,,,0.0,1.73,1.6,,14.8,14.9,15.5,17.1,19.0,,,,,,,,,7.1,2005-01-15T01:00:00,,,,1.0,2005-01-15T18:00:00,,,,,,,,,,,,,,,,,,,,,,,,,87,2005-01-15T01:00:00,,,,,,,,,,,,,,,,,,,,,,,,,,,,,,,,,16.2,,,,,,,,,,,,,,,,,,,,,,,,,,,,,,,,,,,,,,,,,,,,,,,,,,,,,,,,,,,,,,,,,,,,,,,,,,,,,,,,,,,,,,,4.5,2005-01-15T17:00:00,,,,,,,,,,,,,,,,,,,,,,,,,,,,,,,,,,,,,,,,,,,,,,,,,,,,,,,,,,,,,,,,,,,,,,,,,,,,,,
2005-01-16,,,,,,,7.5,11.8,2005-01-16T12:00:00,4.2,2005-01-16T01:00:00,1.7,68,50,2005-01-16T14:00:00,3.6,90.0,12.1,67.5,2005-01-16T12:00:00,0.0,,,,,0.0,7.58,1.7,,13.5,13.7,14.7,16.8,18.9,,,,,,,,,2.8,2005-01-16T09:00:00,,,,-0.2,2005-01-16T16:00:00,,,,,,,,,,,,,,,,,,,,,,,,,85,2005-01-16T01:00:00,,,,,,,,,,,,,,,,,,,,,,,,,,,,,,,,,15.6,,,,,,,,,,,,,,,,,,,,,,,,,,,,,,,,,,,,,,,,,,,,,,,,,,,,,,,,,,,,,,,,,,,,,,,,,,,,,,,,,,,,,,,5.2,2005-01-16T12:00:00,,,,,,,,,,,,,,,,,,,,,,,,,,,,,,,,,,,,,,,,,,,,,,,,,,,,,,,,,,,,,,,,,,,,,,,,,,,,,,
2005-01-17,,,,,,,10.6,17.1,2005-01-17T14:00:00,5.3,2005-01-17T01:00:00,4.2,66,45,2005-01-17T14:00:00,3.5,67.5,11.5,90.0,2005-01-17T11:00:00,0.0,,,,,6.7,8.01,1.8,,13.2,13.3,14.2,16.4,18.8,,,,,,,,,6.2,2005-01-17T23:00:00,,,,1.8,2005-01-17T01:00:00,,,,,,,,,,,,,,,,,,,,,,,,,84,2005-01-17T23:59:59,,,,,,,,,,,,,,,,,,,,,,,,,,,,,,,,,15.1,,,,,,,,,,,,,,,,,,,,,,,,,,,,,,,,,,,,,,,,,,,,,,,,,,,,,,,,,,,,,,,,,,,,,,,,,,,,,,,,,,,,,,,5.1,2005-01-17T11:00:00,,,,,,,,,,,,,,,,,,,,,,,,,,,,,,,,,,,,,,,,,,,,,,,,,,,,,,,,,,,,,,,,,,,,,,,,,,,,,,
2005-01-18,,,,,,,12.4,18.4,2005-01-18T13:00:00,7.3,2005-01-18T03:00:00,7.9,75,53,2005-01-18T13:00:00,1.2,157.5,4.6,157.5,2005-01-18T08:00:00,0.0,,,,,1.5,5.63,0.8,,13.4,13.5,14.1,16.1,18.6,,,,,,,,,10.6,2005-01-18T19:00:00,,,,5.1,2005-01-18T03:00:00,,,,,,,,,,,,,,,,,,,,,,,,,96,2005-01-18T22:00:00,,,,,,,,,,,,,,,,,,,,,,,,,,,,,,,,,14.8,,,,,,,,,,,,,,,,,,,,,,,,,,,,,,,,,,,,,,,,,,,,,,,,,,,,,,,,,,,,,,,,,,,,,,,,,,,,,,,,,,,,,,,2.2,2005-01-18T11:00:00,,,,,,,,,,,,,,,,,,,,,,,,,,,,,,,,,,,,,,,,,,,,,,,,,,,,,,,,,,,,,,,,,,,,,,,,,,,,,,
2005-01-19,,,,,,,13.8,17.9,2005-01-19T12:00:00,11.1,2005-01-19T05:00:00,11.4,86,74,2005-01-19T11:00:00,2.2,67.5,6.6,67.5,2005-01-19T12:00:00,0.5,,,,,0.7,6.95,1.3,,14.1,14.1,14.4,15.9,18.5,,,,,,,,,13.1,2005-01-19T14:00:00,,,,9.2,2005-01-19T06:00:00,,,,,,,,,,,,,,,,,,,,,,,,,97,2005-01-19T23:59:59,,,,,,,,,,,,,,,,,,,,,,,,,,,,,,,,,14.9,,,,,,,,,,,,,,,,,,,,,,,,,,,,,,,,,,,,,,,,,,,,,,,,,,,,,,,,,,,,,,,,,,,,,,,,,,,,,,,,,,,,,,,3.5,2005-01-19T15:00:00,,,,,,,,,,,,,,,,,,,,,,,,,,,,,,,,,,,,,,,,,,,,,,,,,,,,,,,,,,,,,,,,,,,,,,,,,,,,,,
2005-01-20,,,,,,,13.1,14.6,2005-01-20T15:00:00,11.9,2005-01-20T02:00:00,11.3,89,82,2005-01-20T14:00:00,4.2,67.5,13.5,67.5,2005-01-20T22:00:00,0.0,,,,,0.0,3.98,0.3,,14.6,14.6,14.9,16.0,18.4,,,,,,,,,12.1,2005-01-20T12:00:00,,,,10.1,2005-01-20T23:59:59,,,,,,,,,,,,,,,,,,,,,,,,,96,2005-01-20T01:00:00,,,,,,,,,,,,,,,,,,,,,,,,,,,,,,,,,15.3,,,,,,,,,,,,,,,,,,,,,,,,,,,,,,,,,,,,,,,,,,,,,,,,,,,,,,,,,,,,,,,,,,,,,,,,,,,,,,,,,,,,,,,6.6,2005-01-20T22:00:00,,,,,,,,,,,,,,,,,,,,,,,,,,,,,,,,,,,,,,,,,,,,,,,,,,,,,,,,,,,,,,,,,,,,,,,,,,,,,,
2005-01-21,,,,,,,15.0,19.2,2005-01-21T13:00:00,12.2,2005-01-21T05:00:00,11.9,82,67,2005-01-21T14:00:00,4.8,67.5,15.6,67.5,2005-01-21T10:00:00,0.0,,,,,6.0,8.6,1.8,,14.9,14.8,15.1,16.1,18.3,,,,,,,,,13.5,2005-01-21T22:00:00,,,,10.3,2005-01-21T05:00:00,,,,,,,,,,,,,,,,,,,,,,,,,95,2005-01-21T23:59:59,,,,,,,,,,,,,,,,,,,,,,,,,,,,,,,,,15.4,,,,,,,,,,,,,,,,,,,,,,,,,,,,,,,,,,,,,,,,,,,,,,,,,,,,,,,,,,,,,,,,,,,,,,,,,,,,,,,,,,,,,,,6.5,2005-01-21T14:00:00,,,,,,,,,,,,,,,,,,,,,,,,,,,,,,,,,,,,,,,,,,,,,,,,,,,,,,,,,,,,,,,,,,,,,,,,,,,,,,
2005-01-22,,,,,,,14.9,19.7,2005-01-22T11:00:00,12.0,2005-01-22T04:00:00,13.5,91,77,2005-01-22T11:00:00,2.7,270.0,9.5,225.0,2005-01-22T21:00:00,5.0,,,,,4.0,5.47,0.9,,15.3,15.3,15.4,16.3,18.2,,,,,,,,,14.8,2005-01-22T22:00:00,,,,11.8,2005-01-22T04:00:00,,,,,,,,,,,,,,,,,,,,,,,,,97,2005-01-22T04:00:00,,,,,,,,,,,,,,,,,,,,,,,,,,,,,,,,,15.7,,,,,,,,,,,,,,,,,,,,,,,,,,,,,,,,,,,,,,,,,,,,,,,,,,,,,,,,,,,,,,,,,,,,,,,,,,,,,,,,,,,,,,,4.3,2005-01-22T20:00:00,,,,,,,,,,,,,,,,,,,,,,,,,,,,,,,,,,,,,,,,,,,,,,,,,,,,,,,,,,,,,,,,,,,,,,,,,,,,,,
2005-01-23,,,,,,,14.2,18.1,2005-01-23T13:00:00,10.8,2005-01-23T23:59:59,11.0,82,63,2005-01-23T14:00:00,3.3,67.5,14.4,67.5,2005-01-23T13:00:00,0.0,,,,,9.0,9.47,2.3,,15.6,15.6,15.7,16.4,18.2,,,,,,,,,13.5,2005-01-23T02:00:00,,,,9.6,2005-01-23T17:00:00,,,,,,,,,,,,,,,,,,,,,,,,,98,2005-01-23T04:00:00,,,,,,,,,,,,,,,,,,,,,,,,,,,,,,,,,15.9,,,,,,,,,,,,,,,,,,,,,,,,,,,,,,,,,,,,,,,,,,,,,,,,,,,,,,,,,,,,,,,,,,,,,,,,,,,,,,,,,,,,,,,6.1,2005-01-23T13:00:00,,,,,,,,,,,,,,,,,,,,,,,,,,,,,,,,,,,,,,,,,,,,,,,,,,,,,,,,,,,,,,,,,,,,,,,,,,,,,,
2005-01-24,,,,,,,17.6,24.0,2005-01-24T14:00:00,10.7,2005-01-24T01:00:00,13.0,76,55,2005-01-24T11:00:00,2.1,270.0,8.5,247.5,2005-01-24T15:00:00,0.0,,,,,5.0,7.73,1.3,,15.8,15.8,15.9,16.6,18.1,,,,,,,,,14.5,2005-01-24T17:00:00,,,,10.7,2005-01-24T01:00:00,,,,,,,,,,,,,,,,,,,,,,,,,92,2005-01-24T23:59:59,,,,,,,,,,,,,,,,,,,,,,,,,,,,,,,,,16.1,,,,,,,,,,,,,,,,,,,,,,,,,,,,,,,,,,,,,,,,,,,,,,,,,,,,,,,,,,,,,,,,,,,,,,,,,,,,,,,,,,,,,,,4.5,2005-01-24T14:00:00,,,,,,,,,,,,,,,,,,,,,,,,,,,,,,,,,,,,,,,,,,,,,,,,,,,,,,,,,,,,,,,,,,,,,,,,,,,,,,
2005-01-25,,,,,,,18.9,24.8,2005-01-25T14:00:00,13.8,2005-01-25T03:00:00,14.9,79,55,2005-01-25T14:00:00,2.9,270.0,11.9,270.0,2005-01-25T13:00:00,0.0,,,,,6.8,8.69,1.7,,16.5,16.4,16.3,16.7,18.2,,,,,,,,,16.5,2005-01-25T23:59:59,,,,13.1,2005-01-25T02:00:00,,,,,,,,,,,,,,,,,,,,,,,,,94,2005-01-25T03:00:00,,,,,,,,,,,,,,,,,,,,,,,,,,,,,,,,,16.4,,,,,,,,,,,,,,,,,,,,,,,,,,,,,,,,,,,,,,,,,,,,,,,,,,,,,,,,,,,,,,,,,,,,,,,,,,,,,,,,,,,,,,,6.2,2005-01-25T14:00:00,,,,,,,,,,,,,,,,,,,,,,,,,,,,,,,,,,,,,,,,,,,,,,,,,,,,,,,,,,,,,,,,,,,,,,,,,,,,,,
2005-01-26,,,,,,,16.1,18.7,2005-01-26T15:00:00,14.9,2005-01-26T05:00:00,13.5,84,74,2005-01-26T15:00:00,4.1,67.5,13.5,67.5,2005-01-26T11:00:00,0.0,,,,,0.5,4.12,1.7,,17.0,16.9,16.8,16.9,18.2,,,,,,,,,14.8,2005-01-26T01:00:00,,,,12.7,2005-01-26T05:00:00,,,,,,,,,,,,,,,,,,,,,,,,,92,2005-01-26T23:59:59,,,,,,,,,,,,,,,,,,,,,,,,,,,,,,,,,16.8,,,,,,,,,,,,,,,,,,,,,,,,,,,,,,,,,,,,,,,,,,,,,,,,,,,,,,,,,,,,,,,,,,,,,,,,,,,,,,,,,,,,,,,5.9,2005-01-26T08:00:00,,,,,,,,,,,,,,,,,,,,,,,,,,,,,,,,,,,,,,,,,,,,,,,,,,,,,,,,,,,,,,,,,,,,,,,,,,,,,,
2005-01-27,,,,,,,14.6,20.0,2005-01-27T13:00:00,13.5,2005-01-27T16:00:00,14.0,96,87,2005-01-27T13:00:00,1.5,45.0,5.6,270.0,2005-01-27T13:00:00,0.0,,,,,0.0,-99.95,0.0,,16.9,16.9,16.9,17.2,18.2,,,,,,,,,14.9,2005-01-27T12:00:00,,,,13.2,2005-01-27T16:00:00,,,,,,,,,,,,,,,,,,,,,,,,,98,2005-01-27T08:00:00,,,,,,,,,,,,,,,,,,,,,,,,,,,,,,,,,17.0,,,,,,,,,,,,,,,,,,,,,,,,,,,,,,,,,,,,,,,,,,,,,,,,,,,,,,,,,,,,,,,,,,,,,,,,,,,,,,,,,,,,,,,2.5,2005-01-27T03:00:00,,,,,,,,,,,,,,,,,,,,,,,,,,,,,,,,,,,,,,,,,,,,,,,,,,,,,,,,,,,,,,,,,,,,,,,,,,,,,,
2005-01-28,,,,,,,13.8,14.5,2005-01-28T14:00:00,13.0,2005-01-28T09:00:00,13.6,99,97,2005-01-28T02:00:00,1.1,292.5,5.1,22.5,2005-01-28T06:00:00,1.0,,,,,0.0,-99.95,0.0,,16.8,16.7,16.9,17.3,18.2,,,,,,,,,14.3,2005-01-28T15:00:00,,,,12.8,2005-01-28T08:00:00,,,,,,,,,,,,,,,,,,,,,,,,,100,2005-01-28T10:00:00,,,,,,,,,,,,,,,,,,,,,,,,,,,,,,,,,17.0,,,,,,,,,,,,,,,,,,,,,,,,,,,,,,,,,,,,,,,,,,,,,,,,,,,,,,,,,,,,,,,,,,,,,,,,,,,,,,,,,,,,,,,2.0,2005-01-28T01:00:00,,,,,,,,,,,,,,,,,,,,,,,,,,,,,,,,,,,,,,,,,,,,,,,,,,,,,,,,,,,,,,,,,,,,,,,,,,,,,,
2005-01-29,,,,,,,14.1,16.5,2005-01-29T13:00:00,13.2,2005-01-29T02:00:00,13.9,98,92,2005-01-29T13:00:00,1.5,22.5,5.4,22.5,2005-01-29T18:00:00,0.5,,,,,0.0,-99.95,0.1,,16.6,16.6,16.7,17.3,18.3,,,,,,,,,15.0,2005-01-29T13:00:00,,,,13.3,2005-01-29T18:00:00,,,,,,,,,,,,,,,,,,,,,,,,,100,2005-01-29T01:00:00,,,,,,,,,,,,,,,,,,,,,,,,,,,,,,,,,17.0,,,,,,,,,,,,,,,,,,,,,,,,,,,,,,,,,,,,,,,,,,,,,,,,,,,,,,,,,,,,,,,,,,,,,,,,,,,,,,,,,,,,,,,2.6,2005-01-29T14:00:00,,,,,,,,,,,,,,,,,,,,,,,,,,,,,,,,,,,,,,,,,,,,,,,,,,,,,,,,,,,,,,,,,,,,,,,,,,,,,,
2005-01-30,,,,,,,12.2,15.5,2005-01-30T03:00:00,9.5,2005-01-30T23:00:00,11.8,98,95,2005-01-30T23:59:59,4.0,45.0,11.0,67.5,2005-01-30T23:59:59,2.5,,,,,0.0,-99.95,0.0,,16.4,16.4,16.7,17.3,18.3,,,,,,,,,14.5,2005-01-30T02:00:00,,,,8.9,2005-01-30T23:59:59,,,,,,,,,,,,,,,,,,,,,,,,,99,2005-01-30T14:00:00,,,,,,,,,,,,,,,,,,,,,,,,,,,,,,,,,16.9,,,,,,,,,,,,,,,,,,,,,,,,,,,,,,,,,,,,,,,,,,,,,,,,,,,,,,,,,,,,,,,,,,,,,,,,,,,,,,,,,,,,,,,5.3,2005-01-30T23:00:00,,,,,,,,,,,,,,,,,,,,,,,,,,,,,,,,,,,,,,,,,,,,,,,,,,,,,,,,,,,,,,,,,,,,,,,,,,,,,,
2005-01-31,,,,,,,9.5,10.7,2005-01-31T10:00:00,8.6,2005-01-31T18:00:00,8.8,96,87,2005-01-31T23:59:59,3.5,45.0,10.5,67.5,2005-01-31T01:00:00,3.0,,,,,0.0,-99.95,0.0,,15.6,15.7,16.2,17.2,18.3,,,,,,,,,10.0,2005-01-31T11:00:00,,,,7.2,2005-01-31T23:59:59,,,,,,,,,,,,,,,,,,,,,,,,,100,2005-01-31T12:00:00,,,,,,,,,,,,,,,,,,,,,,,,,,,,,,,,,16.7,,,,,,,,,,,,,,,,,,,,,,,,,,,,,,,,,,,,,,,,,,,,,,,,,,,,,,,,,,,,,,,,,,,,,,,,,,,,,,,,,,,,,,,4.7,2005-01-31T04:00:00,,,,,,,,,,,,,,,,,,,,,,,,,,,,,,,,,,,,,,,,,,,,,,,,,,,,,,,,,,,,,,,,,,,,,,,,,,,,,,
2005-02-01,,,,,,,9.2,11.5,2005-02-01T13:00:00,8.0,2005-02-01T23:59:59,5.1,76,65,2005-02-01T15:00:00,5.3,67.5,17.7,67.5,2005-02-01T23:00:00,0.0,,,,,0.0,2.99,0.6,,14.8,14.9,15.6,17.0,18.3,,,,,,,,,6.9,2005-02-01T19:00:00,,,,3.1,2005-02-01T07:00:00,,,,,,,,,,,,,,,,,,,,,,,,,89,2005-02-01T19:00:00,,,,,,,,,,,,,,,,,,,,,,,,,,,,,,,,,16.2,,,,,,,,,,,,,,,,,,,,,,,,,,,,,,,,,,,,,,,,,,,,,,,,,,,,,,,,,,,,,,,,,,,,,,,,,,,,,,,,,,,,,,,7.8,2005-02-01T23:00:00,,,,,,,,,,,,,,,,,,,,,,,,,,,,,,,,,,,,,,,,,,,,,,,,,,,,,,,,,,,,,,,,,,,,,,,,,,,,,,
2005-02-02,,,,,,,8.6,9.7,2005-02-02T23:59:59,7.5,2005-02-02T09:00:00,6.7,88,75,2005-02-02T08:00:00,5.4,67.5,18.7,67.5,2005-02-02T06:00:00,7.0,,,,,0.0,3.25,0.1,,14.0,14.2,15.0,16.7,18.3,,,,,,,,,8.7,2005-02-02T23:59:59,,,,4.3,2005-02-02T04:00:00,,,,,,,,,,,,,,,,,,,,,,,,,97,2005-02-02T16:00:00,,,,,,,,,,,,,,,,,,,,,,,,,,,,,,,,,15.7,,,,,,,,,,,,,,,,,,,,,,,,,,,,,,,,,,,,,,,,,,,,,,,,,,,,,,,,,,,,,,,,,,,,,,,,,,,,,,,,,,,,,,,8.0,2005-02-02T01:00:00,,,,,,,,,,,,,,,,,,,,,,,,,,,,,,,,,,,,,,,,,,,,,,,,,,,,,,,,,,,,,,,,,,,,,,,,,,,,,,
2005-02-03,,,,,,,11.9,14.2,2005-02-03T17:00:00,9.7,2005-02-03T01:00:00,10.8,93,90,2005-02-03T17:00:00,2.8,67.5,11.4,67.5,2005-02-03T02:00:00,3.5,,,,,0.0,1.54,0.2,,13.7,13.8,14.5,16.3,18.2,,,,,,,,,12.4,2005-02-03T17:00:00,,,,8.5,2005-02-03T01:00:00,,,,,,,,,,,,,,,,,,,,,,,,,99,2005-02-03T23:59:59,,,,,,,,,,,,,,,,,,,,,,,,,,,,,,,,,15.2,,,,,,,,,,,,,,,,,,,,,,,,,,,,,,,,,,,,,,,,,,,,,,,,,,,,,,,,,,,,,,,,,,,,,,,,,,,,,,,,,,,,,,,5.2,2005-02-03T02:00:00,,,,,,,,,,,,,,,,,,,,,,,,,,,,,,,,,,,,,,,,,,,,,,,,,,,,,,,,,,,,,,,,,,,,,,,,,,,,,,
2005-02-04,,,,,,,13.1,16.0,2005-02-04T16:00:00,11.1,2005-02-04T06:00:00,12.4,96,87,2005-02-04T15:00:00,1.4,292.5,5.9,135.0,2005-02-04T09:00:00,1.5,,,,,0.0,4.33,0.2,,14.3,14.3,14.6,16.0,18.1,,,,,,,,,13.7,2005-02-04T11:00:00,,,,11.0,2005-02-04T07:00:00,,,,,,,,,,,,,,,,,,,,,,,,,100,2005-02-04T03:00:00,,,,,,,,,,,,,,,,,,,,,,,,,,,,,,,,,15.1,,,,,,,,,,,,,,,,,,,,,,,,,,,,,,,,,,,,,,,,,,,,,,,,,,,,,,,,,,,,,,,,,,,,,,,,,,,,,,,,,,,,,,,3.3,2005-02-04T09:00:00,,,,,,,,,,,,,,,,,,,,,,,,,,,,,,,,,,,,,,,,,,,,,,,,,,,,,,,,,,,,,,,,,,,,,,,,,,,,,,
2005-02-05,,,,,,,15.7,21.1,2005-02-05T15:00:00,13.7,2005-02-05T01:00:00,14.4,93,76,2005-02-05T14:00:00,1.3,45.0,4.3,135.0,2005-02-05T01:00:00,0.0,,,,,0.0,4.82,0.4,,15.1,15.0,15.1,16.1,18.0,,,,,,,,,16.3,2005-02-05T15:00:00,,,,13.5,2005-02-05T18:00:00,,,,,,,,,,,,,,,,,,,,,,,,,99,2005-02-05T08:00:00,,,,,,,,,,,,,,,,,,,,,,,,,,,,,,,,,15.4,,,,,,,,,,,,,,,,,,,,,,,,,,,,,,,,,,,,,,,,,,,,,,,,,,,,,,,,,,,,,,,,,,,,,,,,,,,,,,,,,,,,,,,2.2,2005-02-05T16:00:00,,,,,,,,,,,,,,,,,,,,,,,,,,,,,,,,,,,,,,,,,,,,,,,,,,,,,,,,,,,,,,,,,,,,,,,,,,,,,,
2005-02-06,,,,,,,15.9,20.2,2005-02-06T14:00:00,14.1,2005-02-06T05:00:00,15.0,94,79,2005-02-06T13:00:00,1.3,112.5,4.1,360.0,2005-02-06T14:00:00,0.0,,,,,0.0,5.76,0.8,,15.9,15.9,15.8,16.2,17.9,,,,,,,,,16.3,2005-02-06T13:00:00,,,,13.9,2005-02-06T08:00:00,,,,,,,,,,,,,,,,,,,,,,,,,100,2005-02-06T09:00:00,,,,,,,,,,,,,,,,,,,,,,,,,,,,,,,,,15.9,,,,,,,,,,,,,,,,,,,,,,,,,,,,,,,,,,,,,,,,,,,,,,,,,,,,,,,,,,,,,,,,,,,,,,,,,,,,,,,,,,,,,,,2.7,2005-02-06T15:00:00,,,,,,,,,,,,,,,,,,,,,,,,,,,,,,,,,,,,,,,,,,,,,,,,,,,,,,,,,,,,,,,,,,,,,,,,,,,,,,
2005-02-07,,,,,,,17.2,22.0,2005-02-07T16:00:00,13.7,2005-02-07T04:00:00,15.9,93,79,2005-02-07T16:00:00,1.5,112.5,5.2,270.0,2005-02-07T12:00:00,0.5,,,,,0.0,3.6,0.6,,16.5,16.4,16.3,16.5,17.9,,,,,,,,,17.8,2005-02-07T15:00:00,,,,13.6,2005-02-07T04:00:00,,,,,,,,,,,,,,,,,,,,,,,,,99,2005-02-07T07:00:00,,,,,,,,,,,,,,,,,,,,,,,,,,,,,,,,,16.3,,,,,,,,,,,,,,,,,,,,,,,,,,,,,,,,,,,,,,,,,,,,,,,,,,,,,,,,,,,,,,,,,,,,,,,,,,,,,,,,,,,,,,,2.9,2005-02-07T10:00:00,,,,,,,,,,,,,,,,,,,,,,,,,,,,,,,,,,,,,,,,,,,,,,,,,,,,,,,,,,,,,,,,,,,,,,,,,,,,,,
2005-02-08,,,,,,,15.6,17.5,2005-02-08T03:00:00,14.1,2005-02-08T23:59:59,15.2,98,96,2005-02-08T03:00:00,2.0,22.5,6.9,45.0,2005-02-08T16:00:00,0.0,,,,,0.0,3.04,0.1,,16.8,16.7,16.7,16.8,17.9,,,,,,,,,16.7,2005-02-08T03:00:00,,,,14.1,2005-02-08T17:00:00,,,,,,,,,,,,,,,,,,,,,,,,,99,2005-02-08T06:00:00,,,,,,,,,,,,,,,,,,,,,,,,,,,,,,,,,16.6,,,,,,,,,,,,,,,,,,,,,,,,,,,,,,,,,,,,,,,,,,,,,,,,,,,,,,,,,,,,,,,,,,,,,,,,,,,,,,,,,,,,,,,2.7,2005-02-08T15:00:00,,,,,,,,,,,,,,,,,,,,,,,,,,,,,,,,,,,,,,,,,,,,,,,,,,,,,,,,,,,,,,,,,,,,,,,,,,,,,,
2005-02-09,,,,,,,14.6,16.1,2005-02-09T12:00:00,13.4,2005-02-09T23:59:59,14.4,99,97,2005-02-09T01:00:00,2.0,292.5,6.1,135.0,2005-02-09T21:00:00,0.0,,,,,3.0,5.41,1.0,,16.6,16.6,16.7,17.0,17.9,,,,,,,,,15.8,2005-02-09T11:00:00,,,,13.4,2005-02-09T18:00:00,,,,,,,,,,,,,,,,,,,,,,,,,100,2005-02-09T10:00:00,,,,,,,,,,,,,,,,,,,,,,,,,,,,,,,,,16.8,,,,,,,,,,,,,,,,,,,,,,,,,,,,,,,,,,,,,,,,,,,,,,,,,,,,,,,,,,,,,,,,,,,,,,,,,,,,,,,,,,,,,,,3.6,2005-02-09T14:00:00,,,,,,,,,,,,,,,,,,,,,,,,,,,,,,,,,,,,,,,,,,,,,,,,,,,,,,,,,,,,,,,,,,,,,,,,,,,,,,
2005-02-10,,,,,,,13.1,14.6,2005-02-10T05:00:00,11.1,2005-02-10T19:00:00,12.2,95,89,2005-02-10T15:00:00,4.0,45.0,12.3,45.0,2005-02-10T17:00:00,0.0,,,,,0.0,3.73,1.2,,16.4,16.4,16.6,17.0,17.9,,,,,,,,,14.4,2005-02-10T05:00:00,,,,10.3,2005-02-10T19:00:00,,,,,,,,,,,,,,,,,,,,,,,,,99,2005-02-10T02:00:00,,,,,,,,,,,,,,,,,,,,,,,,,,,,,,,,,16.8,,,,,,,,,,,,,,,,,,,,,,,,,,,,,,,,,,,,,,,,,,,,,,,,,,,,,,,,,,,,,,,,,,,,,,,,,,,,,,,,,,,,,,,5.6,2005-02-10T16:00:00,,,,,,,,,,,,,,,,,,,,,,,,,,,,,,,,,,,,,,,,,,,,,,,,,,,,,,,,,,,,,,,,,,,,,,,,,,,,,,
2005-02-11,,,,,,,13.8,16.2,2005-02-11T15:00:00,11.9,2005-02-11T01:00:00,10.8,83,72,2005-02-11T14:00:00,6.1,67.5,16.8,67.5,2005-02-11T13:00:00,0.0,,,,,0.0,7.3,2.8,,16.1,16.1,16.4,17.0,18.0,,,,,,,,,12.4,2005-02-11T23:59:59,,,,10.0,2005-02-11T03:00:00,,,,,,,,,,,,,,,,,,,,,,,,,88,2005-02-11T05:00:00,,,,,,,,,,,,,,,,,,,,,,,,,,,,,,,,,16.6,,,,,,,,,,,,,,,,,,,,,,,,,,,,,,,,,,,,,,,,,,,,,,,,,,,,,,,,,,,,,,,,,,,,,,,,,,,,,,,,,,,,,,,8.0,2005-02-11T12:00:00,,,,,,,,,,,,,,,,,,,,,,,,,,,,,,,,,,,,,,,,,,,,,,,,,,,,,,,,,,,,,,,,,,,,,,,,,,,,,,
2005-02-12,,,,,,,13.3,14.7,2005-02-12T01:00:00,11.8,2005-02-12T08:00:00,12.5,95,88,2005-02-12T23:00:00,3.4,45.0,13.0,67.5,2005-02-12T22:00:00,1.0,,,,,0.0,6.12,0.1,,16.1,16.1,16.3,17.0,18.0,,,,,,,,,13.6,2005-02-12T04:00:00,,,,11.6,2005-02-12T07:00:00,,,,,,,,,,,,,,,,,,,,,,,,,99,2005-02-12T08:00:00,,,,,,,,,,,,,,,,,,,,,,,,,,,,,,,,,16.6,,,,,,,,,,,,,,,,,,,,,,,,,,,,,,,,,,,,,,,,,,,,,,,,,,,,,,,,,,,,,,,,,,,,,,,,,,,,,,,,,,,,,,,5.0,2005-02-12T16:00:00,,,,,,,,,,,,,,,,,,,,,,,,,,,,,,,,,,,,,,,,,,,,,,,,,,,,,,,,,,,,,,,,,,,,,,,,,,,,,,
2005-02-13,,,,,,,15.3,18.5,2005-02-13T13:00:00,13.7,2005-02-13T01:00:00,12.9,86,76,2005-02-13T13:00:00,5.4,67.5,14.3,67.5,2005-02-13T10:00:00,0.5,,,,,0.0,5.07,1.1,,15.9,15.9,16.2,16.9,18.0,,,,,,,,,14.1,2005-02-13T13:00:00,,,,11.9,2005-02-13T01:00:00,,,,,,,,,,,,,,,,,,,,,,,,,91,2005-02-13T23:00:00,,,,,,,,,,,,,,,,,,,,,,,,,,,,,,,,,16.5,,,,,,,,,,,,,,,,,,,,,,,,,,,,,,,,,,,,,,,,,,,,,,,,,,,,,,,,,,,,,,,,,,,,,,,,,,,,,,,,,,,,,,,6.5,2005-02-13T13:00:00,,,,,,,,,,,,,,,,,,,,,,,,,,,,,,,,,,,,,,,,,,,,,,,,,,,,,,,,,,,,,,,,,,,,,,,,,,,,,,
2005-02-14,,,,,,,16.2,23.9,2005-02-14T15:00:00,13.8,2005-02-14T23:59:59,14.4,90,61,2005-02-14T15:00:00,2.4,292.5,11.1,90.0,2005-02-14T01:00:00,0.0,,,,,3.8,10.57,1.9,,16.3,16.3,16.3,16.9,18.0,,,,,,,,,15.9,2005-02-14T15:00:00,,,,13.7,2005-02-14T23:00:00,,,,,,,,,,,,,,,,,,,,,,,,,99,2005-02-14T19:00:00,,,,,,,,,,,,,,,,,,,,,,,,,,,,,,,,,16.5,,,,,,,,,,,,,,,,,,,,,,,,,,,,,,,,,,,,,,,,,,,,,,,,,,,,,,,,,,,,,,,,,,,,,,,,,,,,,,,,,,,,,,,5.1,2005-02-14T01:00:00,,,,,,,,,,,,,,,,,,,,,,,,,,,,,,,,,,,,,,,,,,,,,,,,,,,,,,,,,,,,,,,,,,,,,,,,,,,,,,
2005-02-15,,,,,,,19.3,27.4,2005-02-15T12:00:00,11.8,2005-02-15T07:00:00,15.4,81,51,2005-02-15T14:00:00,1.9,270.0,8.6,270.0,2005-02-15T19:00:00,0.0,,,,,,14.28,3.3,,17.1,16.9,16.8,17.0,18.0,,,,,,,,,17.2,2005-02-15T19:00:00,,,,12.5,2005-02-15T06:00:00,,,,,,,,,,,,,,,,,,,,,,,,,99,2005-02-15T03:00:00,,,,,,,,,,,,,,,,,,,,,,,,,,,,,,,,,16.8,,,,,,,,,,,,,,,,,,,,,,,,,,,,,,,,,,,,,,,,,,,,,,,,,,,,,,,,,,,,,,,,,,,,,,,,,,,,,,,,,,,,,,,4.1,2005-02-15T14:00:00,,,,,,,,,,,,,,,,,,,,,,,,,,,,,,,,,,,,,,,,,,,,,,,,,,,,,,,,,,,,,,,,,,,,,,,,,,,,,,
2005-02-16,,,,,,,19.7,28.8,2005-02-16T12:00:00,15.6,2005-02-16T23:59:59,16.9,86,53,2005-02-16T11:00:00,2.4,292.5,9.4,225.0,2005-02-16T10:00:00,0.0,,,,,5.0,11.73,2.4,,17.9,17.8,17.5,17.2,18.0,,,,,,,,,18.2,2005-02-16T12:00:00,,,,15.5,2005-02-16T23:00:00,,,,,,,,,,,,,,,,,,,,,,,,,98,2005-02-16T05:00:00,,,,,,,,,,,,,,,,,,,,,,,,,,,,,,,,,17.3,,,,,,,,,,,,,,,,,,,,,,,,,,,,,,,,,,,,,,,,,,,,,,,,,,,,,,,,,,,,,,,,,,,,,,,,,,,,,,,,,,,,,,,4.5,2005-02-16T10:00:00,,,,,,,,,,,,,,,,,,,,,,,,,,,,,,,,,,,,,,,,,,,,,,,,,,,,,,,,,,,,,,,,,,,,,,,,,,,,,,
2005-02-17,,,,,,,14.7,17.9,2005-02-17T13:00:00,12.3,2005-02-17T20:00:00,14.1,96,90,2005-02-17T13:00:00,2.5,22.5,10.2,22.5,2005-02-17T20:00:00,24.0,,,,,0.2,7.79,0.4,,18.3,18.1,18.0,17.6,18.1,,,,,,,,,15.5,2005-02-17T05:00:00,,,,12.3,2005-02-17T19:00:00,,,,,,,,,,,,,,,,,,,,,,,,,99,2005-02-17T18:00:00,,,,,,,,,,,,,,,,,,,,,,,,,,,,,,,,,17.8,,,,,,,,,,,,,,,,,,,,,,,,,,,,,,,,,,,,,,,,,,,,,,,,,,,,,,,,,,,,,,,,,,,,,,,,,,,,,,,,,,,,,,,4.5,2005-02-17T23:00:00,,,,,,,,,,,,,,,,,,,,,,,,,,,,,,,,,,,,,,,,,,,,,,,,,,,,,,,,,,,,,,,,,,,,,,,,,,,,,,
2005-02-18,,,,,,,11.9,15.0,2005-02-18T01:00:00,9.0,2005-02-18T23:59:59,11.5,97,94,2005-02-18T23:59:59,3.6,45.0,12.7,45.0,2005-02-18T23:59:59,17.5,,,,,0.0,6.53,0.0,,17.2,17.2,17.5,17.7,18.1,,,,,,,,,14.3,2005-02-18T02:00:00,,,,8.2,2005-02-18T23:59:59,,,,,,,,,,,,,,,,,,,,,,,,,99,2005-02-18T06:00:00,,,,,,,,,,,,,,,,,,,,,,,,,,,,,,,,,17.7,,,,,,,,,,,,,,,,,,,,,,,,,,,,,,,,,,,,,,,,,,,,,,,,,,,,,,,,,,,,,,,,,,,,,,,,,,,,,,,,,,,,,,,5.4,2005-02-18T23:00:00,,,,,,,,,,,,,,,,,,,,,,,,,,,,,,,,,,,,,,,,,,,,,,,,,,,,,,,,,,,,,,,,,,,,,,,,,,,,,,
2005-02-19,,,,,,,7.7,9.2,2005-02-19T01:00:00,5.8,2005-02-19T23:59:59,6.7,94,87,2005-02-19T06:00:00,5.1,67.5,15.2,45.0,2005-02-19T17:00:00,35.5,,,,,0.0,4.23,0.0,,15.4,15.6,16.3,17.5,18.2,,,,,,,,,8.4,2005-02-19T01:00:00,,,,5.0,2005-02-19T23:59:59,,,,,,,,,,,,,,,,,,,,,,,,,97,2005-02-19T01:00:00,,,,,,,,,,,,,,,,,,,,,,,,,,,,,,,,,16.9,,,,,,,,,,,,,,,,,,,,,,,,,,,,,,,,,,,,,,,,,,,,,,,,,,,,,,,,,,,,,,,,,,,,,,,,,,,,,,,,,,,,,,,7.0,2005-02-19T22:00:00,,,,,,,,,,,,,,,,,,,,,,,,,,,,,,,,,,,,,,,,,,,,,,,,,,,,,,,,,,,,,,,,,,,,,,,,,,,,,,
2005-02-20,,,,,,,5.8,6.8,2005-02-20T23:00:00,4.1,2005-02-20T06:00:00,4.9,94,92,2005-02-20T13:00:00,5.2,67.5,14.0,67.5,2005-02-20T02:00:00,28.5,,,,,0.0,4.27,0.1,,13.4,13.6,14.7,16.8,18.1,,,,,,,,,6.0,2005-02-20T23:59:59,,,,3.4,2005-02-20T06:00:00,,,,,,,,,,,,,,,,,,,,,,,,,95,2005-02-20T01:00:00,,,,,,,,,,,,,,,,,,,,,,,,,,,,,,,,,15.7,,,,,,,,,,,,,,,,,,,,,,,,,,,,,,,,,,,,,,,,,,,,,,,,,,,,,,,,,,,,,,,,,,,,,,,,,,,,,,,,,,,,,,,6.3,2005-02-20T02:00:00,,,,,,,,,,,,,,,,,,,,,,,,,,,,,,,,,,,,,,,,,,,,,,,,,,,,,,,,,,,,,,,,,,,,,,,,,,,,,,
2005-02-21,,,,,,,9.1,10.9,2005-02-21T23:59:59,6.8,2005-02-21T01:00:00,8.5,96,93,2005-02-21T04:00:00,4.3,67.5,11.8,67.5,2005-02-21T04:00:00,21.0,,,,,0.0,-99.95,0.4,,12.5,12.7,13.7,16.0,18.0,,,,,,,,,10.7,2005-02-21T23:59:59,,,,6.2,2005-02-21T01:00:00,,,,,,,,,,,,,,,,,,,,,,,,,99,2005-02-21T23:59:59,,,,,,,,,,,,,,,,,,,,,,,,,,,,,,,,,14.6,,,,,,,,,,,,,,,,,,,,,,,,,,,,,,,,,,,,,,,,,,,,,,,,,,,,,,,,,,,,,,,,,,,,,,,,,,,,,,,,,,,,,,,6.0,2005-02-21T02:00:00,,,,,,,,,,,,,,,,,,,,,,,,,,,,,,,,,,,,,,,,,,,,,,,,,,,,,,,,,,,,,,,,,,,,,,,,,,,,,,
2005-02-22,,,,,,,11.7,13.6,2005-02-22T14:00:00,10.9,2005-02-22T01:00:00,11.6,99,95,2005-02-22T13:00:00,1.2,90.0,4.2,112.5,2005-02-22T02:00:00,6.0,,,,,0.0,-99.95,0.4,,12.8,12.9,13.4,15.4,17.8,,,,,,,,,12.9,2005-02-22T12:00:00,,,,10.8,2005-02-22T01:00:00,,,,,,,,,,,,,,,,,,,,,,,,,100,2005-02-22T19:00:00,,,,,,,,,,,,,,,,,,,,,,,,,,,,,,,,,14.2,,,,,,,,,,,,,,,,,,,,,,,,,,,,,,,,,,,,,,,,,,,,,,,,,,,,,,,,,,,,,,,,,,,,,,,,,,,,,,,,,,,,,,,2.3,2005-02-22T01:00:00,,,,,,,,,,,,,,,,,,,,,,,,,,,,,,,,,,,,,,,,,,,,,,,,,,,,,,,,,,,,,,,,,,,,,,,,,,,,,,
2005-02-23,,,,,,,15.6,21.6,2005-02-23T15:00:00,11.8,2005-02-23T01:00:00,14.0,91,73,2005-02-23T13:00:00,1.3,135.0,6.3,225.0,2005-02-23T22:00:00,3.0,,,,,1.7,-99.95,0.2,,13.7,13.6,13.8,15.2,17.5,,,,,,,,,16.5,2005-02-23T15:00:00,,,,11.7,2005-02-23T01:00:00,,,,,,,,,,,,,,,,,,,,,,,,,99,2005-02-23T01:00:00,,,,,,,,,,,,,,,,,,,,,,,,,,,,,,,,,14.3,,,,,,,,,,,,,,,,,,,,,,,,,,,,,,,,,,,,,,,,,,,,,,,,,,,,,,,,,,,,,,,,,,,,,,,,,,,,,,,,,,,,,,,3.1,2005-02-23T22:00:00,,,,,,,,,,,,,,,,,,,,,,,,,,,,,,,,,,,,,,,,,,,,,,,,,,,,,,,,,,,,,,,,,,,,,,,,,,,,,,
2005-02-24,,,,,,,17.9,25.6,2005-02-24T13:00:00,14.3,2005-02-24T21:00:00,15.5,87,65,2005-02-24T12:00:00,4.6,270.0,16.0,247.5,2005-02-24T12:00:00,8.0,,,,,0.0,-99.95,0.0,,15.1,15.0,14.8,15.3,17.3,,,,,,,,,18.0,2005-02-24T15:00:00,,,,13.0,2005-02-24T23:00:00,,,,,,,,,,,,,,,,,,,,,,,,,96,2005-02-24T17:00:00,,,,,,,,,,,,,,,,,,,,,,,,,,,,,,,,,14.9,,,,,,,,,,,,,,,,,,,,,,,,,,,,,,,,,,,,,,,,,,,,,,,,,,,,,,,,,,,,,,,,,,,,,,,,,,,,,,,,,,,,,,,7.6,2005-02-24T12:00:00,,,,,,,,,,,,,,,,,,,,,,,,,,,,,,,,,,,,,,,,,,,,,,,,,,,,,,,,,,,,,,,,,,,,,,,,,,,,,,
2005-02-25,,,,,,,15.0,16.9,2005-02-25T14:00:00,14.0,2005-02-25T22:00:00,14.2,95,89,2005-02-25T13:00:00,3.2,45.0,9.9,45.0,2005-02-25T21:00:00,24.5,,,,,0.0,-99.95,0.0,,15.7,15.7,15.6,15.7,17.2,,,,,,,,,15.1,2005-02-25T14:00:00,,,,13.3,2005-02-25T01:00:00,,,,,,,,,,,,,,,,,,,,,,,,,98,2005-02-25T21:00:00,,,,,,,,,,,,,,,,,,,,,,,,,,,,,,,,,15.5,,,,,,,,,,,,,,,,,,,,,,,,,,,,,,,,,,,,,,,,,,,,,,,,,,,,,,,,,,,,,,,,,,,,,,,,,,,,,,,,,,,,,,,4.5,2005-02-25T22:00:00,,,,,,,,,,,,,,,,,,,,,,,,,,,,,,,,,,,,,,,,,,,,,,,,,,,,,,,,,,,,,,,,,,,,,,,,,,,,,,
2005-02-26,,,,,,,12.1,14.3,2005-02-26T01:00:00,10.6,2005-02-26T21:00:00,11.1,94,88,2005-02-26T14:00:00,6.8,67.5,18.6,67.5,2005-02-26T20:00:00,50.5,,,,,0.0,-99.95,0.2,,15.3,15.3,15.5,15.9,17.1,,,,,,,,,13.3,2005-02-26T01:00:00,,,,10.0,2005-02-26T19:00:00,,,,,,,,,,,,,,,,,,,,,,,,,97,2005-02-26T07:00:00,,,,,,,,,,,,,,,,,,,,,,,,,,,,,,,,,15.7,,,,,,,,,,,,,,,,,,,,,,,,,,,,,,,,,,,,,,,,,,,,,,,,,,,,,,,,,,,,,,,,,,,,,,,,,,,,,,,,,,,,,,,8.9,2005-02-26T17:00:00,,,,,,,,,,,,,,,,,,,,,,,,,,,,,,,,,,,,,,,,,,,,,,,,,,,,,,,,,,,,,,,,,,,,,,,,,,,,,,
2005-02-27,,,,,,,13.3,16.2,2005-02-27T14:00:00,11.0,2005-02-27T01:00:00,12.5,95,86,2005-02-27T13:00:00,3.9,67.5,11.9,67.5,2005-02-27T01:00:00,58.5,,,,,0.0,-99.95,0.0,,14.2,14.2,14.7,15.7,16.9,,,,,,,,,14.2,2005-02-27T17:00:00,,,,10.5,2005-02-27T01:00:00,,,,,,,,,,,,,,,,,,,,,,,,,99,2005-02-27T19:00:00,,,,,,,,,,,,,,,,,,,,,,,,,,,,,,,,,15.1,,,,,,,,,,,,,,,,,,,,,,,,,,,,,,,,,,,,,,,,,,,,,,,,,,,,,,,,,,,,,,,,,,,,,,,,,,,,,,,,,,,,,,,6.1,2005-02-27T07:00:00,,,,,,,,,,,,,,,,,,,,,,,,,,,,,,,,,,,,,,,,,,,,,,,,,,,,,,,,,,,,,,,,,,,,,,,,,,,,,,
2005-02-28,,,,,,,11.0,12.3,2005-02-28T03:00:00,10.3,2005-02-28T13:00:00,10.7,98,96,2005-02-28T22:00:00,4.3,45.0,12.7,22.5,2005-02-28T11:00:00,26.5,,,,,0.0,-99.95,0.1,,14.1,14.1,14.4,15.3,16.8,,,,,,,,,11.8,2005-02-28T03:00:00,,,,10.0,2005-02-28T19:00:00,,,,,,,,,,,,,,,,,,,,,,,,,99,2005-02-28T12:00:00,,,,,,,,,,,,,,,,,,,,,,,,,,,,,,,,,14.8,,,,,,,,,,,,,,,,,,,,,,,,,,,,,,,,,,,,,,,,,,,,,,,,,,,,,,,,,,,,,,,,,,,,,,,,,,,,,,,,,,,,,,,5.4,2005-02-28T18:00:00,,,,,,,,,,,,,,,,,,,,,,,,,,,,,,,,,,,,,,,,,,,,,,,,,,,,,,,,,,,,,,,,,,,,,,,,,,,,,,
2005-03-01,,,,,,,12.1,13.4,2005-03-01T19:00:00,10.5,2005-03-01T04:00:00,10.7,92,80,2005-03-01T11:00:00,5.0,67.5,14.5,67.5,2005-03-01T12:00:00,26.5,,,,,0.0,2.35,0.2,,13.7,13.7,14.1,15.2,16.7,,,,,,,,,12.7,2005-03-01T22:00:00,,,,9.5,2005-03-01T10:00:00,,,,,,,,,,,,,,,,,,,,,,,,,97,2005-03-01T21:00:00,,,,,,,,,,,,,,,,,,,,,,,,,,,,,,,,,14.5,,,,,,,,,,,,,,,,,,,,,,,,,,,,,,,,,,,,,,,,,,,,,,,,,,,,,,,,,,,,,,,,,,,,,,,,,,,,,,,,,,,,,,,6.9,2005-03-01T10:00:00,,,,,,,,,,,,,,,,,,,,,,,,,,,,,,,,,,,,,,,,,,,,,,,,,,,,,,,,,,,,,,,,,,,,,,,,,,,,,,
2005-03-02,,,,,,,13.6,16.1,2005-03-02T13:00:00,12.2,2005-03-02T20:00:00,13.1,97,94,2005-03-02T13:00:00,2.1,112.5,7.3,90.0,2005-03-02T01:00:00,50.0,,,,,0.0,4.03,0.0,,13.7,13.7,13.9,14.9,16.5,,,,,,,,,14.6,2005-03-02T12:00:00,,,,11.8,2005-03-02T20:00:00,,,,,,,,,,,,,,,,,,,,,,,,,99,2005-03-02T17:00:00,,,,,,,,,,,,,,,,,,,,,,,,,,,,,,,,,14.2,,,,,,,,,,,,,,,,,,,,,,,,,,,,,,,,,,,,,,,,,,,,,,,,,,,,,,,,,,,,,,,,,,,,,,,,,,,,,,,,,,,,,,,3.3,2005-03-02T15:00:00,,,,,,,,,,,,,,,,,,,,,,,,,,,,,,,,,,,,,,,,,,,,,,,,,,,,,,,,,,,,,,,,,,,,,,,,,,,,,,
2005-03-03,,,,,,,10.2,13.7,2005-03-03T01:00:00,9.0,2005-03-03T12:00:00,9.2,94,73,2005-03-03T23:59:59,4.4,22.5,13.6,22.5,2005-03-03T08:00:00,51.0,,,,,0.0,2.66,0.2,,13.6,13.6,13.9,14.6,16.2,,,,,,,,,13.0,2005-03-03T01:00:00,,,,5.1,2005-03-03T23:59:59,,,,,,,,,,,,,,,,,,,,,,,,,98,2005-03-03T06:00:00,,,,,,,,,,,,,,,,,,,,,,,,,,,,,,,,,14.2,,,,,,,,,,,,,,,,,,,,,,,,,,,,,,,,,,,,,,,,,,,,,,,,,,,,,,,,,,,,,,,,,,,,,,,,,,,,,,,,,,,,,,,5.4,2005-03-03T09:00:00,,,,,,,,,,,,,,,,,,,,,,,,,,,,,,,,,,,,,,,,,,,,,,,,,,,,,,,,,,,,,,,,,,,,,,,,,,,,,,
2005-03-04,,,,,,,10.5,13.9,2005-03-04T12:00:00,7.7,2005-03-04T23:59:59,2.5,59,41,2005-03-04T15:00:00,4.4,67.5,13.1,67.5,2005-03-04T10:00:00,1.0,,,,,0.0,7.08,0.0,,12.9,12.9,13.3,14.4,16.0,,,,,,,,,5.4,2005-03-04T22:00:00,,,,-0.3,2005-03-04T16:00:00,,,,,,,,,,,,,,,,,,,,,,,,,85,2005-03-04T23:00:00,,,,,,,,,,,,,,,,,,,,,,,,,,,,,,,,,13.8,,,,,,,,,,,,,,,,,,,,,,,,,,,,,,,,,,,,,,,,,,,,,,,,,,,,,,,,,,,,,,,,,,,,,,,,,,,,,,,,,,,,,,,6.2,2005-03-04T12:00:00,,,,,,,,,,,,,,,,,,,,,,,,,,,,,,,,,,,,,,,,,,,,,,,,,,,,,,,,,,,,,,,,,,,,,,,,,,,,,,
2005-03-05,,,,,,,8.2,12.5,2005-03-05T10:00:00,3.2,2005-03-05T23:59:59,0.7,62,34,2005-03-05T10:00:00,3.1,270.0,10.6,292.5,2005-03-05T11:00:00,2.0,,,,,5.6,10.13,0.0,,12.9,12.9,13.2,14.3,16.0,,,,,,,,,5.9,2005-03-05T04:00:00,,,,-3.3,2005-03-05T10:00:00,,,,,,,,,,,,,,,,,,,,,,,,,91,2005-03-05T04:00:00,,,,,,,,,,,,,,,,,,,,,,,,,,,,,,,,,13.6,,,,,,,,,,,,,,,,,,,,,,,,,,,,,,,,,,,,,,,,,,,,,,,,,,,,,,,,,,,,,,,,,,,,,,,,,,,,,,,,,,,,,,,5.4,2005-03-05T10:00:00,,,,,,,,,,,,,,,,,,,,,,,,,,,,,,,,,,,,,,,,,,,,,,,,,,,,,,,,,,,,,,,,,,,,,,,,,,,,,,
2005-03-06,,,,,,,9.4,16.5,2005-03-06T13:00:00,0.8,2005-03-06T07:00:00,1.6,61,39,2005-03-06T11:00:00,3.2,67.5,12.9,67.5,2005-03-06T10:00:00,0.0,,,,,9.5,13.68,0.0,,12.3,12.4,12.9,14.2,15.9,,,,,,,,,4.5,2005-03-06T16:00:00,,,,-2.0,2005-03-06T06:00:00,,,,,,,,,,,,,,,,,,,,,,,,,79,2005-03-06T07:00:00,,,,,,,,,,,,,,,,,,,,,,,,,,,,,,,,,13.5,,,,,,,,,,,,,,,,,,,,,,,,,,,,,,,,,,,,,,,,,,,,,,,,,,,,,,,,,,,,,,,,,,,,,,,,,,,,,,,,,,,,,,,6.0,2005-03-06T09:00:00,,,,,,,,,,,,,,,,,,,,,,,,,,,,,,,,,,,,,,,,,,,,,,,,,,,,,,,,,,,,,,,,,,,,,,,,,,,,,,
2005-03-07,,,,,,,12.5,19.9,2005-03-07T14:00:00,4.7,2005-03-07T05:00:00,4.4,61,35,2005-03-07T11:00:00,2.0,135.0,7.3,292.5,2005-03-07T12:00:00,0.0,,,,,6.0,11.9,0.1,,12.7,12.7,13.0,14.1,15.9,,,,,,,,,6.9,2005-03-07T15:00:00,,,,1.2,2005-03-07T06:00:00,,,,,,,,,,,,,,,,,,,,,,,,,86,2005-03-07T05:00:00,,,,,,,,,,,,,,,,,,,,,,,,,,,,,,,,,13.4,,,,,,,,,,,,,,,,,,,,,,,,,,,,,,,,,,,,,,,,,,,,,,,,,,,,,,,,,,,,,,,,,,,,,,,,,,,,,,,,,,,,,,,3.5,2005-03-07T15:00:00,,,,,,,,,,,,,,,,,,,,,,,,,,,,,,,,,,,,,,,,,,,,,,,,,,,,,,,,,,,,,,,,,,,,,,,,,,,,,,
2005-03-08,,,,,,,15.2,22.3,2005-03-08T13:00:00,8.8,2005-03-08T07:00:00,8.5,67,40,2005-03-08T13:00:00,1.3,157.5,6.4,292.5,2005-03-08T16:00:00,0.0,,,,,5.5,10.88,1.0,,13.5,13.4,13.4,14.1,15.8,,,,,,,,,12.0,2005-03-08T19:00:00,,,,5.9,2005-03-08T04:00:00,,,,,,,,,,,,,,,,,,,,,,,,,88,2005-03-08T21:00:00,,,,,,,,,,,,,,,,,,,,,,,,,,,,,,,,,13.6,,,,,,,,,,,,,,,,,,,,,,,,,,,,,,,,,,,,,,,,,,,,,,,,,,,,,,,,,,,,,,,,,,,,,,,,,,,,,,,,,,,,,,,2.6,2005-03-08T15:00:00,,,,,,,,,,,,,,,,,,,,,,,,,,,,,,,,,,,,,,,,,,,,,,,,,,,,,,,,,,,,,,,,,,,,,,,,,,,,,,
2005-03-09,,,,,,,18.0,24.4,2005-03-09T13:00:00,13.2,2005-03-09T05:00:00,12.6,73,46,2005-03-09T12:00:00,1.7,292.5,6.7,292.5,2005-03-09T13:00:00,0.0,,,,,3.8,9.08,1.6,,14.7,14.5,14.2,14.3,15.8,,,,,,,,,14.2,2005-03-09T21:00:00,,,,11.0,2005-03-09T13:00:00,,,,,,,,,,,,,,,,,,,,,,,,,93,2005-03-09T04:00:00,,,,,,,,,,,,,,,,,,,,,,,,,,,,,,,,,14.2,,,,,,,,,,,,,,,,,,,,,,,,,,,,,,,,,,,,,,,,,,,,,,,,,,,,,,,,,,,,,,,,,,,,,,,,,,,,,,,,,,,,,,,3.7,2005-03-09T13:00:00,,,,,,,,,,,,,,,,,,,,,,,,,,,,,,,,,,,,,,,,,,,,,,,,,,,,,,,,,,,,,,,,,,,,,,,,,,,,,,
2005-03-10,,,,,,,19.6,25.5,2005-03-10T13:00:00,14.5,2005-03-10T05:00:00,15.1,77,56,2005-03-10T13:00:00,1.9,157.5,10.3,270.0,2005-03-10T14:00:00,2.0,,,,,5.8,8.92,1.8,,15.7,15.5,15.1,14.7,15.8,,,,,,,,,16.9,2005-03-10T22:00:00,,,,13.0,2005-03-10T01:00:00,,,,,,,,,,,,,,,,,,,,,,,,,89,2005-03-10T22:00:00,,,,,,,,,,,,,,,,,,,,,,,,,,,,,,,,,14.8,,,,,,,,,,,,,,,,,,,,,,,,,,,,,,,,,,,,,,,,,,,,,,,,,,,,,,,,,,,,,,,,,,,,,,,,,,,,,,,,,,,,,,,5.1,2005-03-10T13:00:00,,,,,,,,,,,,,,,,,,,,,,,,,,,,,,,,,,,,,,,,,,,,,,,,,,,,,,,,,,,,,,,,,,,,,,,,,,,,,,
2005-03-11,,,,,,,18.0,24.7,2005-03-11T12:00:00,13.2,2005-03-11T23:59:59,15.4,86,69,2005-03-11T11:00:00,5.1,270.0,16.3,90.0,2005-03-11T21:00:00,3.0,,,,,1.5,8.24,0.5,,16.6,16.4,15.9,15.2,15.8,,,,,,,,,18.5,2005-03-11T12:00:00,,,,11.9,2005-03-11T23:59:59,,,,,,,,,,,,,,,,,,,,,,,,,98,2005-03-11T14:00:00,,,,,,,,,,,,,,,,,,,,,,,,,,,,,,,,,15.5,,,,,,,,,,,,,,,,,,,,,,,,,,,,,,,,,,,,,,,,,,,,,,,,,,,,,,,,,,,,,,,,,,,,,,,,,,,,,,,,,,,,,,,8.1,2005-03-11T22:00:00,,,,,,,,,,,,,,,,,,,,,,,,,,,,,,,,,,,,,,,,,,,,,,,,,,,,,,,,,,,,,,,,,,,,,,,,,,,,,,
2005-03-12,,,,,,,9.2,13.2,2005-03-12T01:00:00,5.9,2005-03-12T20:00:00,8.2,94,88,2005-03-12T03:00:00,6.3,67.5,16.5,67.5,2005-03-12T02:00:00,45.0,,,,,0.0,4.77,0.0,,15.7,15.7,15.8,15.6,15.9,,,,,,,,,11.3,2005-03-12T01:00:00,,,,5.1,2005-03-12T19:00:00,,,,,,,,,,,,,,,,,,,,,,,,,97,2005-03-12T12:00:00,,,,,,,,,,,,,,,,,,,,,,,,,,,,,,,,,15.8,,,,,,,,,,,,,,,,,,,,,,,,,,,,,,,,,,,,,,,,,,,,,,,,,,,,,,,,,,,,,,,,,,,,,,,,,,,,,,,,,,,,,,,7.9,2005-03-12T04:00:00,,,,,,,,,,,,,,,,,,,,,,,,,,,,,,,,,,,,,,,,,,,,,,,,,,,,,,,,,,,,,,,,,,,,,,,,,,,,,,
2005-03-13,,,,,,,6.9,8.0,2005-03-13T17:00:00,6.1,2005-03-13T11:00:00,3.3,79,63,2005-03-13T23:59:59,4.9,67.5,17.1,67.5,2005-03-13T23:59:59,19.5,,,,,0.0,3.51,0.0,,13.1,13.2,14.1,15.4,16.0,,,,,,,,,6.5,2005-03-13T04:00:00,,,,0.6,2005-03-13T23:00:00,,,,,,,,,,,,,,,,,,,,,,,,,97,2005-03-13T04:00:00,,,,,,,,,,,,,,,,,,,,,,,,,,,,,,,,,14.8,,,,,,,,,,,,,,,,,,,,,,,,,,,,,,,,,,,,,,,,,,,,,,,,,,,,,,,,,,,,,,,,,,,,,,,,,,,,,,,,,,,,,,,6.8,2005-03-13T23:59:59,,,,,,,,,,,,,,,,,,,,,,,,,,,,,,,,,,,,,,,,,,,,,,,,,,,,,,,,,,,,,,,,,,,,,,,,,,,,,,
2005-03-14,,,,,,,12.9,18.3,2005-03-14T14:00:00,7.8,2005-03-14T01:00:00,6.0,64,48,2005-03-14T14:00:00,3.8,67.5,13.4,67.5,2005-03-14T01:00:00,0.0,,,,,4.0,8.98,0.0,,12.6,12.6,13.2,14.8,16.0,,,,,,,,,11.2,2005-03-14T23:00:00,,,,1.0,2005-03-14T01:00:00,,,,,,,,,,,,,,,,,,,,,,,,,92,2005-03-14T23:00:00,,,,,,,,,,,,,,,,,,,,,,,,,,,,,,,,,13.9,,,,,,,,,,,,,,,,,,,,,,,,,,,,,,,,,,,,,,,,,,,,,,,,,,,,,,,,,,,,,,,,,,,,,,,,,,,,,,,,,,,,,,,6.5,2005-03-14T01:00:00,,,,,,,,,,,,,,,,,,,,,,,,,,,,,,,,,,,,,,,,,,,,,,,,,,,,,,,,,,,,,,,,,,,,,,,,,,,,,,
2005-03-15,,,,,,,15.8,21.8,2005-03-15T14:00:00,11.9,2005-03-15T02:00:00,12.1,80,58,2005-03-15T11:00:00,1.8,22.5,5.1,360.0,2005-03-15T13:00:00,0.0,,,,,5.5,12.7,0.0,,14.1,14.0,13.9,14.6,16.0,,,,,,,,,14.0,2005-03-15T19:00:00,,,,10.2,2005-03-15T04:00:00,,,,,,,,,,,,,,,,,,,,,,,,,92,2005-03-15T01:00:00,,,,,,,,,,,,,,,,,,,,,,,,,,,,,,,,,14.0,,,,,,,,,,,,,,,,,,,,,,,,,,,,,,,,,,,,,,,,,,,,,,,,,,,,,,,,,,,,,,,,,,,,,,,,,,,,,,,,,,,,,,,3.1,2005-03-15T14:00:00,,,,,,,,,,,,,,,,,,,,,,,,,,,,,,,,,,,,,,,,,,,,,,,,,,,,,,,,,,,,,,,,,,,,,,,,,,,,,,
2005-03-16,,,,,,,19.1,25.1,2005-03-16T14:00:00,13.0,2005-03-16T05:00:00,14.1,75,53,2005-03-16T14:00:00,2.0,270.0,6.3,292.5,2005-03-16T16:00:00,0.0,,,,,9.5,13.82,1.1,,15.4,15.2,14.9,14.8,15.9,,,,,,,,,15.0,2005-03-16T09:00:00,,,,12.6,2005-03-16T03:00:00,,,,,,,,,,,,,,,,,,,,,,,,,96,2005-03-16T04:00:00,,,,,,,,,,,,,,,,,,,,,,,,,,,,,,,,,14.7,,,,,,,,,,,,,,,,,,,,,,,,,,,,,,,,,,,,,,,,,,,,,,,,,,,,,,,,,,,,,,,,,,,,,,,,,,,,,,,,,,,,,,,4.2,2005-03-16T15:00:00,,,,,,,,,,,,,,,,,,,,,,,,,,,,,,,,,,,,,,,,,,,,,,,,,,,,,,,,,,,,,,,,,,,,,,,,,,,,,,
2005-03-17,,,,,,,20.2,27.6,2005-03-17T13:00:00,15.9,2005-03-17T06:00:00,15.3,75,51,2005-03-17T12:00:00,3.6,247.5,14.7,67.5,2005-03-17T23:00:00,0.0,,,,,5.5,12.61,1.1,,16.6,16.4,15.8,15.2,15.9,,,,,,,,,17.3,2005-03-17T16:00:00,,,,12.4,2005-03-17T23:59:59,,,,,,,,,,,,,,,,,,,,,,,,,89,2005-03-17T02:00:00,,,,,,,,,,,,,,,,,,,,,,,,,,,,,,,,,15.5,,,,,,,,,,,,,,,,,,,,,,,,,,,,,,,,,,,,,,,,,,,,,,,,,,,,,,,,,,,,,,,,,,,,,,,,,,,,,,,,,,,,,,,6.8,2005-03-17T23:00:00,,,,,,,,,,,,,,,,,,,,,,,,,,,,,,,,,,,,,,,,,,,,,,,,,,,,,,,,,,,,,,,,,,,,,,,,,,,,,,
2005-03-18,,,,,,,14.1,16.6,2005-03-18T13:00:00,11.8,2005-03-18T23:59:59,7.4,64,53,2005-03-18T13:00:00,7.7,67.5,19.9,67.5,2005-03-18T15:00:00,0.0,,,,,0.0,7.48,0.2,,16.9,16.7,16.5,15.7,16.0,,,,,,,,,11.9,2005-03-18T01:00:00,,,,4.3,2005-03-18T18:00:00,,,,,,,,,,,,,,,,,,,,,,,,,78,2005-03-18T01:00:00,,,,,,,,,,,,,,,,,,,,,,,,,,,,,,,,,16.1,,,,,,,,,,,,,,,,,,,,,,,,,,,,,,,,,,,,,,,,,,,,,,,,,,,,,,,,,,,,,,,,,,,,,,,,,,,,,,,,,,,,,,,9.7,2005-03-18T15:00:00,,,,,,,,,,,,,,,,,,,,,,,,,,,,,,,,,,,,,,,,,,,,,,,,,,,,,,,,,,,,,,,,,,,,,,,,,,,,,,
2005-03-19,,,,,,,15.1,20.2,2005-03-19T14:00:00,11.8,2005-03-19T02:00:00,8.4,65,54,2005-03-19T14:00:00,4.8,67.5,15.9,67.5,2005-03-19T10:00:00,0.0,,,,,9.8,15.58,0.4,,15.9,15.9,15.9,15.9,16.1,,,,,,,,,10.4,2005-03-19T14:00:00,,,,5.2,2005-03-19T01:00:00,,,,,,,,,,,,,,,,,,,,,,,,,86,2005-03-19T23:59:59,,,,,,,,,,,,,,,,,,,,,,,,,,,,,,,,,16.0,,,,,,,,,,,,,,,,,,,,,,,,,,,,,,,,,,,,,,,,,,,,,,,,,,,,,,,,,,,,,,,,,,,,,,,,,,,,,,,,,,,,,,,7.3,2005-03-19T10:00:00,,,,,,,,,,,,,,,,,,,,,,,,,,,,,,,,,,,,,,,,,,,,,,,,,,,,,,,,,,,,,,,,,,,,,,,,,,,,,,
2005-03-20,,,,,,,16.2,21.7,2005-03-20T16:00:00,11.9,2005-03-20T07:00:00,13.2,83,67,2005-03-20T15:00:00,1.6,22.5,5.7,22.5,2005-03-20T13:00:00,0.0,,,,,9.5,14.75,0.9,,16.3,16.2,16.1,16.0,16.2,,,,,,,,,14.9,2005-03-20T20:00:00,,,,10.4,2005-03-20T01:00:00,,,,,,,,,,,,,,,,,,,,,,,,,95,2005-03-20T22:00:00,,,,,,,,,,,,,,,,,,,,,,,,,,,,,,,,,16.0,,,,,,,,,,,,,,,,,,,,,,,,,,,,,,,,,,,,,,,,,,,,,,,,,,,,,,,,,,,,,,,,,,,,,,,,,,,,,,,,,,,,,,,2.6,2005-03-20T01:00:00,,,,,,,,,,,,,,,,,,,,,,,,,,,,,,,,,,,,,,,,,,,,,,,,,,,,,,,,,,,,,,,,,,,,,,,,,,,,,,
2005-03-21,,,,,,,18.2,23.9,2005-03-21T12:00:00,13.8,2005-03-21T06:00:00,14.9,82,62,2005-03-21T11:00:00,1.9,270.0,12.0,270.0,2005-03-21T14:00:00,0.0,,,,,6.5,-99.95,-99.5,,17.0,16.8,16.5,16.1,16.3,,,,,,,,,16.7,2005-03-21T12:00:00,,,,13.1,2005-03-21T06:00:00,,,,,,,,,,,,,,,,,,,,,,,,,96,2005-03-21T03:00:00,,,,,,,,,,,,,,,,,,,,,,,,,,,,,,,,,16.3,,,,,,,,,,,,,,,,,,,,,,,,,,,,,,,,,,,,,,,,,,,,,,,,,,,,,,,,,,,,,,,,,,,,,,,,,,,,,,,,,,,,,,,5.4,2005-03-21T14:00:00,,,,,,,,,,,,,,,,,,,,,,,,,,,,,,,,,,,,,,,,,,,,,,,,,,,,,,,,,,,,,,,,,,,,,,,,,,,,,,
2005-03-22,,,,,,,21.7,27.5,2005-03-22T14:00:00,17.6,2005-03-22T05:00:00,17.3,77,63,2005-03-22T13:00:00,2.3,270.0,11.4,247.5,2005-03-22T20:00:00,28.0,,,,,6.0,-99.95,-99.5,,18.0,17.7,17.2,16.4,16.4,,,,,,,,,20.0,2005-03-22T23:00:00,,,,14.2,2005-03-22T01:00:00,,,,,,,,,,,,,,,,,,,,,,,,,97,2005-03-22T23:59:59,,,,,,,,,,,,,,,,,,,,,,,,,,,,,,,,,16.8,,,,,,,,,,,,,,,,,,,,,,,,,,,,,,,,,,,,,,,,,,,,,,,,,,,,,,,,,,,,,,,,,,,,,,,,,,,,,,,,,,,,,,,4.2,2005-03-22T06:00:00,,,,,,,,,,,,,,,,,,,,,,,,,,,,,,,,,,,,,,,,,,,,,,,,,,,,,,,,,,,,,,,,,,,,,,,,,,,,,,
2005-03-23,,,,,,,13.3,18.5,2005-03-23T01:00:00,11.3,2005-03-23T08:00:00,10.9,86,71,2005-03-23T14:00:00,3.9,67.5,11.7,45.0,2005-03-23T11:00:00,16.5,,,,,0.0,-99.95,-99.5,,18.3,18.2,17.9,16.9,16.5,,,,,,,,,17.5,2005-03-23T01:00:00,,,,8.1,2005-03-23T14:00:00,,,,,,,,,,,,,,,,,,,,,,,,,98,2005-03-23T02:00:00,,,,,,,,,,,,,,,,,,,,,,,,,,,,,,,,,17.5,,,,,,,,,,,,,,,,,,,,,,,,,,,,,,,,,,,,,,,,,,,,,,,,,,,,,,,,,,,,,,,,,,,,,,,,,,,,,,,,,,,,,,,5.4,2005-03-23T10:00:00,,,,,,,,,,,,,,,,,,,,,,,,,,,,,,,,,,,,,,,,,,,,,,,,,,,,,,,,,,,,,,,,,,,,,,,,,,,,,,
2005-03-24,,,,,,,14.3,18.9,2005-03-24T14:00:00,11.8,2005-03-24T23:59:59,8.4,69,47,2005-03-24T13:00:00,5.9,67.5,16.6,90.0,2005-03-24T21:00:00,1.0,,,,,2.0,-99.95,-99.5,,17.1,17.1,17.2,17.1,16.6,,,,,,,,,10.5,2005-03-24T10:00:00,,,,6.1,2005-03-24T23:59:59,,,,,,,,,,,,,,,,,,,,,,,,,85,2005-03-24T04:00:00,,,,,,,,,,,,,,,,,,,,,,,,,,,,,,,,,17.2,,,,,,,,,,,,,,,,,,,,,,,,,,,,,,,,,,,,,,,,,,,,,,,,,,,,,,,,,,,,,,,,,,,,,,,,,,,,,,,,,,,,,,,8.3,2005-03-24T20:00:00,,,,,,,,,,,,,,,,,,,,,,,,,,,,,,,,,,,,,,,,,,,,,,,,,,,,,,,,,,,,,,,,,,,,,,,,,,,,,,
2005-03-25,,,,,,,14.1,18.5,2005-03-25T15:00:00,11.5,2005-03-25T02:00:00,6.7,62,50,2005-03-25T12:00:00,5.3,67.5,17.0,67.5,2005-03-25T04:00:00,0.0,,,,,9.0,-99.95,-99.5,,16.5,16.5,16.7,16.9,16.8,,,,,,,,,8.4,2005-03-25T21:00:00,,,,4.7,2005-03-25T04:00:00,,,,,,,,,,,,,,,,,,,,,,,,,79,2005-03-25T23:59:59,,,,,,,,,,,,,,,,,,,,,,,,,,,,,,,,,16.9,,,,,,,,,,,,,,,,,,,,,,,,,,,,,,,,,,,,,,,,,,,,,,,,,,,,,,,,,,,,,,,,,,,,,,,,,,,,,,,,,,,,,,,8.1,2005-03-25T04:00:00,,,,,,,,,,,,,,,,,,,,,,,,,,,,,,,,,,,,,,,,,,,,,,,,,,,,,,,,,,,,,,,,,,,,,,,,,,,,,,
2005-03-26,,,,,,,16.1,21.6,2005-03-26T12:00:00,11.3,2005-03-26T01:00:00,12.3,79,66,2005-03-26T15:00:00,1.8,292.5,6.6,202.5,2005-03-26T04:00:00,0.0,,,,,8.0,-99.95,-99.5,,16.6,16.5,16.6,16.8,16.8,,,,,,,,,14.3,2005-03-26T12:00:00,,,,9.1,2005-03-26T01:00:00,,,,,,,,,,,,,,,,,,,,,,,,,91,2005-03-26T20:00:00,,,,,,,,,,,,,,,,,,,,,,,,,,,,,,,,,16.7,,,,,,,,,,,,,,,,,,,,,,,,,,,,,,,,,,,,,,,,,,,,,,,,,,,,,,,,,,,,,,,,,,,,,,,,,,,,,,,,,,,,,,,3.6,2005-03-26T12:00:00,,,,,,,,,,,,,,,,,,,,,,,,,,,,,,,,,,,,,,,,,,,,,,,,,,,,,,,,,,,,,,,,,,,,,,,,,,,,,,
2005-03-27,,,,,,,19.5,26.3,2005-03-27T13:00:00,14.6,2005-03-27T04:00:00,15.4,79,55,2005-03-27T11:00:00,2.1,292.5,10.1,270.0,2005-03-27T13:00:00,0.0,,,,,9.3,-99.95,-99.5,,17.4,17.2,17.0,16.8,16.9,,,,,,,,,18.3,2005-03-27T23:59:59,,,,13.7,2005-03-27T04:00:00,,,,,,,,,,,,,,,,,,,,,,,,,93,2005-03-27T02:00:00,,,,,,,,,,,,,,,,,,,,,,,,,,,,,,,,,16.8,,,,,,,,,,,,,,,,,,,,,,,,,,,,,,,,,,,,,,,,,,,,,,,,,,,,,,,,,,,,,,,,,,,,,,,,,,,,,,,,,,,,,,,4.2,2005-03-27T13:00:00,,,,,,,,,,,,,,,,,,,,,,,,,,,,,,,,,,,,,,,,,,,,,,,,,,,,,,,,,,,,,,,,,,,,,,,,,,,,,,
2005-03-28,,,,,,,22.0,29.3,2005-03-28T14:00:00,18.6,2005-03-28T22:00:00,18.7,83,53,2005-03-28T14:00:00,3.3,270.0,12.7,270.0,2005-03-28T14:00:00,1.0,,,,,7.5,-99.95,-99.5,,18.7,18.5,17.9,17.0,16.9,,,,,,,,,20.5,2005-03-28T11:00:00,,,,17.3,2005-03-28T22:00:00,,,,,,,,,,,,,,,,,,,,,,,,,96,2005-03-28T03:00:00,,,,,,,,,,,,,,,,,,,,,,,,,,,,,,,,,17.4,,,,,,,,,,,,,,,,,,,,,,,,,,,,,,,,,,,,,,,,,,,,,,,,,,,,,,,,,,,,,,,,,,,,,,,,,,,,,,,,,,,,,,,6.1,2005-03-28T13:00:00,,,,,,,,,,,,,,,,,,,,,,,,,,,,,,,,,,,,,,,,,,,,,,,,,,,,,,,,,,,,,,,,,,,,,,,,,,,,,,
2005-03-29,,,,,,,16.0,19.5,2005-03-29T01:00:00,13.2,2005-03-29T22:00:00,14.9,93,87,2005-03-29T05:00:00,4.1,67.5,11.5,45.0,2005-03-29T15:00:00,60.0,,,,,0.0,-99.95,-99.5,,19.1,18.9,18.6,17.5,17.0,,,,,,,,,17.4,2005-03-29T01:00:00,,,,11.9,2005-03-29T23:59:59,,,,,,,,,,,,,,,,,,,,,,,,,98,2005-03-29T18:00:00,,,,,,,,,,,,,,,,,,,,,,,,,,,,,,,,,18.2,,,,,,,,,,,,,,,,,,,,,,,,,,,,,,,,,,,,,,,,,,,,,,,,,,,,,,,,,,,,,,,,,,,,,,,,,,,,,,,,,,,,,,,5.7,2005-03-29T21:00:00,,,,,,,,,,,,,,,,,,,,,,,,,,,,,,,,,,,,,,,,,,,,,,,,,,,,,,,,,,,,,,,,,,,,,,,,,,,,,,
2005-03-30,,,,,,,13.9,17.3,2005-03-30T12:00:00,12.8,2005-03-30T19:00:00,11.4,86,68,2005-03-30T12:00:00,4.8,67.5,14.0,67.5,2005-03-30T13:00:00,26.0,,,,,0.0,-99.95,-99.5,,17.6,17.6,17.8,17.8,17.1,,,,,,,,,13.1,2005-03-30T23:59:59,,,,10.2,2005-03-30T10:00:00,,,,,,,,,,,,,,,,,,,,,,,,,97,2005-03-30T21:00:00,,,,,,,,,,,,,,,,,,,,,,,,,,,,,,,,,18.0,,,,,,,,,,,,,,,,,,,,,,,,,,,,,,,,,,,,,,,,,,,,,,,,,,,,,,,,,,,,,,,,,,,,,,,,,,,,,,,,,,,,,,,6.6,2005-03-30T09:00:00,,,,,,,,,,,,,,,,,,,,,,,,,,,,,,,,,,,,,,,,,,,,,,,,,,,,,,,,,,,,,,,,,,,,,,,,,,,,,,
2005-03-31,,,,,,,15.9,19.1,2005-03-31T15:00:00,13.6,2005-03-31T01:00:00,15.2,96,84,2005-03-31T14:00:00,1.3,22.5,6.5,90.0,2005-03-31T01:00:00,6.5,,,,,0.0,-99.95,-99.5,,17.0,16.9,17.2,17.5,17.3,,,,,,,,,16.9,2005-03-31T23:59:59,,,,13.3,2005-03-31T01:00:00,,,,,,,,,,,,,,,,,,,,,,,,,98,2005-03-31T11:00:00,,,,,,,,,,,,,,,,,,,,,,,,,,,,,,,,,17.4,,,,,,,,,,,,,,,,,,,,,,,,,,,,,,,,,,,,,,,,,,,,,,,,,,,,,,,,,,,,,,,,,,,,,,,,,,,,,,,,,,,,,,,3.0,2005-03-31T01:00:00,,,,,,,,,,,,,,,,,,,,,,,,,,,,,,,,,,,,,,,,,,,,,,,,,,,,,,,,,,,,,,,,,,,,,,,,,,,,,,
2005-04-01,,,,,,,16.5,17.3,2005-04-01T01:00:00,15.8,2005-04-01T19:00:00,16.3,98,97,2005-04-01T14:00:00,1.6,292.5,5.9,292.5,2005-04-01T22:00:00,3.0,,,,,0.0,3.76,-99.5,,17.3,17.2,17.2,17.3,17.4,,,,,,,,,16.9,2005-04-01T01:00:00,,,,15.6,2005-04-01T19:00:00,,,,,,,,,,,,,,,,,,,,,,,,,99,2005-04-01T07:00:00,,,,,,,,,,,,,,,,,,,,,,,,,,,,,,,,,17.3,,,,,,,,,,,,,,,,,,,,,,,,,,,,,,,,,,,,,,,,,,,,,,,,,,,,,,,,,,,,,,,,,,,,,,,,,,,,,,,,,,,,,,,2.8,2005-04-01T23:00:00,,,,,,,,,,,,,,,,,,,,,,,,,,,,,,,,,,,,,,,,,,,,,,,,,,,,,,,,,,,,,,,,,,,,,,,,,,,,,,
2005-04-02,,,,,,,15.8,16.6,2005-04-02T12:00:00,14.5,2005-04-02T23:59:59,15.3,97,93,2005-04-02T23:59:59,2.2,292.5,6.6,90.0,2005-04-02T23:59:59,11.0,,,,,0.0,4.12,-99.5,,17.3,17.2,17.3,17.3,17.4,,,,,,,,,16.0,2005-04-02T12:00:00,,,,13.4,2005-04-02T23:59:59,,,,,,,,,,,,,,,,,,,,,,,,,99,2005-04-02T04:00:00,,,,,,,,,,,,,,,,,,,,,,,,,,,,,,,,,17.3,,,,,,,,,,,,,,,,,,,,,,,,,,,,,,,,,,,,,,,,,,,,,,,,,,,,,,,,,,,,,,,,,,,,,,,,,,,,,,,,,,,,,,,3.4,2005-04-02T03:00:00,,,,,,,,,,,,,,,,,,,,,,,,,,,,,,,,,,,,,,,,,,,,,,,,,,,,,,,,,,,,,,,,,,,,,,,,,,,,,,
2005-04-03,,,,,,,17.4,23.4,2005-04-03T14:00:00,12.7,2005-04-03T05:00:00,11.7,71,48,2005-04-03T13:00:00,4.7,90.0,13.7,90.0,2005-04-03T19:00:00,0.0,,,,,10.5,12.54,-99.5,,17.3,17.2,17.2,17.3,17.4,,,,,,,,,13.1,2005-04-03T08:00:00,,,,9.9,2005-04-03T23:59:59,,,,,,,,,,,,,,,,,,,,,,,,,93,2005-04-03T04:00:00,,,,,,,,,,,,,,,,,,,,,,,,,,,,,,,,,17.2,,,,,,,,,,,,,,,,,,,,,,,,,,,,,,,,,,,,,,,,,,,,,,,,,,,,,,,,,,,,,,,,,,,,,,,,,,,,,,,,,,,,,,,6.5,2005-04-03T11:00:00,,,,,,,,,,,,,,,,,,,,,,,,,,,,,,,,,,,,,,,,,,,,,,,,,,,,,,,,,,,,,,,,,,,,,,,,,,,,,,
2005-04-04,,,,,,,17.2,22.7,2005-04-04T13:00:00,13.5,2005-04-04T05:00:00,8.9,60,46,2005-04-04T10:00:00,4.8,67.5,13.1,67.5,2005-04-04T02:00:00,0.0,,,,,11.7,15.36,-99.5,,17.8,17.6,17.5,17.3,17.4,,,,,,,,,10.4,2005-04-04T14:00:00,,,,7.1,2005-04-04T08:00:00,,,,,,,,,,,,,,,,,,,,,,,,,74,2005-04-04T23:59:59,,,,,,,,,,,,,,,,,,,,,,,,,,,,,,,,,17.4,,,,,,,,,,,,,,,,,,,,,,,,,,,,,,,,,,,,,,,,,,,,,,,,,,,,,,,,,,,,,,,,,,,,,,,,,,,,,,,,,,,,,,,6.5,2005-04-04T01:00:00,,,,,,,,,,,,,,,,,,,,,,,,,,,,,,,,,,,,,,,,,,,,,,,,,,,,,,,,,,,,,,,,,,,,,,,,,,,,,,
2005-04-05,,,,,,,19.3,25.2,2005-04-05T12:00:00,14.0,2005-04-05T02:00:00,12.0,64,48,2005-04-05T15:00:00,2.6,135.0,7.5,292.5,2005-04-05T14:00:00,0.0,,,,,10.3,11.62,-99.5,,18.1,18.0,17.8,17.4,17.4,,,,,,,,,15.5,2005-04-05T14:00:00,,,,9.6,2005-04-05T06:00:00,,,,,,,,,,,,,,,,,,,,,,,,,86,2005-04-05T23:59:59,,,,,,,,,,,,,,,,,,,,,,,,,,,,,,,,,17.6,,,,,,,,,,,,,,,,,,,,,,,,,,,,,,,,,,,,,,,,,,,,,,,,,,,,,,,,,,,,,,,,,,,,,,,,,,,,,,,,,,,,,,,4.2,2005-04-05T15:00:00,,,,,,,,,,,,,,,,,,,,,,,,,,,,,,,,,,,,,,,,,,,,,,,,,,,,,,,,,,,,,,,,,,,,,,,,,,,,,,
2005-04-06,,,,,,,20.5,25.4,2005-04-06T12:00:00,15.2,2005-04-06T06:00:00,14.8,71,51,2005-04-06T10:00:00,1.9,247.5,7.1,292.5,2005-04-06T12:00:00,0.0,,,,,5.5,10.22,-99.5,,18.8,18.7,18.3,17.6,17.4,,,,,,,,,16.5,2005-04-06T15:00:00,,,,12.0,2005-04-06T08:00:00,,,,,,,,,,,,,,,,,,,,,,,,,90,2005-04-06T06:00:00,,,,,,,,,,,,,,,,,,,,,,,,,,,,,,,,,17.9,,,,,,,,,,,,,,,,,,,,,,,,,,,,,,,,,,,,,,,,,,,,,,,,,,,,,,,,,,,,,,,,,,,,,,,,,,,,,,,,,,,,,,,3.9,2005-04-06T12:00:00,,,,,,,,,,,,,,,,,,,,,,,,,,,,,,,,,,,,,,,,,,,,,,,,,,,,,,,,,,,,,,,,,,,,,,,,,,,,,,
2005-04-07,,,,,,,22.7,27.7,2005-04-07T12:00:00,18.8,2005-04-07T02:00:00,18.0,76,59,2005-04-07T10:00:00,1.6,292.5,7.0,292.5,2005-04-07T13:00:00,0.0,,,,,4.0,9.47,-99.5,,19.6,19.4,18.8,17.9,17.5,,,,,,,,,19.4,2005-04-07T19:00:00,,,,15.7,2005-04-07T01:00:00,,,,,,,,,,,,,,,,,,,,,,,,,90,2005-04-07T23:59:59,,,,,,,,,,,,,,,,,,,,,,,,,,,,,,,,,18.4,,,,,,,,,,,,,,,,,,,,,,,,,,,,,,,,,,,,,,,,,,,,,,,,,,,,,,,,,,,,,,,,,,,,,,,,,,,,,,,,,,,,,,,3.4,2005-04-07T13:00:00,,,,,,,,,,,,,,,,,,,,,,,,,,,,,,,,,,,,,,,,,,,,,,,,,,,,,,,,,,,,,,,,,,,,,,,,,,,,,,
2005-04-08,,,,,,,23.1,28.5,2005-04-08T13:00:00,18.3,2005-04-08T07:00:00,19.7,82,63,2005-04-08T11:00:00,1.8,292.5,8.3,292.5,2005-04-08T14:00:00,0.0,,,,,7.0,12.33,-99.5,,20.3,20.1,19.4,18.2,17.6,,,,,,,,,21.7,2005-04-08T13:00:00,,,,17.2,2005-04-08T06:00:00,,,,,,,,,,,,,,,,,,,,,,,,,94,2005-04-08T23:59:59,,,,,,,,,,,,,,,,,,,,,,,,,,,,,,,,,18.9,,,,,,,,,,,,,,,,,,,,,,,,,,,,,,,,,,,,,,,,,,,,,,,,,,,,,,,,,,,,,,,,,,,,,,,,,,,,,,,,,,,,,,,4.9,2005-04-08T14:00:00,,,,,,,,,,,,,,,,,,,,,,,,,,,,,,,,,,,,,,,,,,,,,,,,,,,,,,,,,,,,,,,,,,,,,,,,,,,,,,
2005-04-09,,,,,,,24.6,30.8,2005-04-09T14:00:00,19.3,2005-04-09T06:00:00,20.7,80,63,2005-04-09T13:00:00,2.8,270.0,10.5,270.0,2005-04-09T16:00:00,0.0,,,,,6.0,9.51,-99.5,,21.1,20.8,20.1,18.6,17.7,,,,,,,,,22.8,2005-04-09T15:00:00,,,,17.1,2005-04-09T06:00:00,,,,,,,,,,,,,,,,,,,,,,,,,93,2005-04-09T05:00:00,,,,,,,,,,,,,,,,,,,,,,,,,,,,,,,,,19.5,,,,,,,,,,,,,,,,,,,,,,,,,,,,,,,,,,,,,,,,,,,,,,,,,,,,,,,,,,,,,,,,,,,,,,,,,,,,,,,,,,,,,,,6.2,2005-04-09T16:00:00,,,,,,,,,,,,,,,,,,,,,,,,,,,,,,,,,,,,,,,,,,,,,,,,,,,,,,,,,,,,,,,,,,,,,,,,,,,,,,
2005-04-10,,,,,,,22.1,30.2,2005-04-10T12:00:00,16.4,2005-04-10T22:00:00,18.6,81,59,2005-04-10T11:00:00,3.2,90.0,11.4,270.0,2005-04-10T12:00:00,0.0,,,,,3.0,7.42,-99.5,,21.6,21.4,20.7,19.0,17.8,,,,,,,,,22.1,2005-04-10T13:00:00,,,,14.1,2005-04-10T23:00:00,,,,,,,,,,,,,,,,,,,,,,,,,90,2005-04-10T14:00:00,,,,,,,,,,,,,,,,,,,,,,,,,,,,,,,,,20.0,,,,,,,,,,,,,,,,,,,,,,,,,,,,,,,,,,,,,,,,,,,,,,,,,,,,,,,,,,,,,,,,,,,,,,,,,,,,,,,,,,,,,,,5.4,2005-04-10T23:00:00,,,,,,,,,,,,,,,,,,,,,,,,,,,,,,,,,,,,,,,,,,,,,,,,,,,,,,,,,,,,,,,,,,,,,,,,,,,,,,
2005-04-11,,,,,,,18.7,21.8,2005-04-11T17:00:00,16.8,2005-04-11T01:00:00,16.4,87,80,2005-04-11T17:00:00,1.9,90.0,9.8,112.5,2005-04-11T04:00:00,0.0,,,,,0.0,3.51,-99.5,,20.8,20.7,20.5,19.4,18.0,,,,,,,,,17.6,2005-04-11T23:59:59,,,,14.8,2005-04-11T01:00:00,,,,,,,,,,,,,,,,,,,,,,,,,91,2005-04-11T20:00:00,,,,,,,,,,,,,,,,,,,,,,,,,,,,,,,,,20.1,,,,,,,,,,,,,,,,,,,,,,,,,,,,,,,,,,,,,,,,,,,,,,,,,,,,,,,,,,,,,,,,,,,,,,,,,,,,,,,,,,,,,,,4.1,2005-04-11T01:00:00,,,,,,,,,,,,,,,,,,,,,,,,,,,,,,,,,,,,,,,,,,,,,,,,,,,,,,,,,,,,,,,,,,,,,,,,,,,,,,
2005-04-12,,,,,,,16.6,20.0,2005-04-12T05:00:00,13.2,2005-04-12T23:59:59,15.7,95,89,2005-04-12T04:00:00,2.6,45.0,8.9,67.5,2005-04-12T23:59:59,3.0,,,,,0.0,6.09,-99.5,,20.1,20.1,20.0,19.4,18.2,,,,,,,,,18.1,2005-04-12T03:00:00,,,,12.0,2005-04-12T23:59:59,,,,,,,,,,,,,,,,,,,,,,,,,98,2005-04-12T09:00:00,,,,,,,,,,,,,,,,,,,,,,,,,,,,,,,,,19.8,,,,,,,,,,,,,,,,,,,,,,,,,,,,,,,,,,,,,,,,,,,,,,,,,,,,,,,,,,,,,,,,,,,,,,,,,,,,,,,,,,,,,,,4.4,2005-04-12T23:59:59,,,,,,,,,,,,,,,,,,,,,,,,,,,,,,,,,,,,,,,,,,,,,,,,,,,,,,,,,,,,,,,,,,,,,,,,,,,,,,
2005-04-13,,,,,,,14.4,16.1,2005-04-13T23:00:00,12.5,2005-04-13T05:00:00,11.4,83,71,2005-04-13T23:00:00,3.6,90.0,9.0,90.0,2005-04-13T16:00:00,2.0,,,,,0.0,2.74,-99.5,,18.8,18.9,19.2,19.2,18.3,,,,,,,,,12.2,2005-04-13T08:00:00,,,,10.7,2005-04-13T19:00:00,,,,,,,,,,,,,,,,,,,,,,,,,96,2005-04-13T04:00:00,,,,,,,,,,,,,,,,,,,,,,,,,,,,,,,,,19.4,,,,,,,,,,,,,,,,,,,,,,,,,,,,,,,,,,,,,,,,,,,,,,,,,,,,,,,,,,,,,,,,,,,,,,,,,,,,,,,,,,,,,,,4.7,2005-04-13T15:00:00,,,,,,,,,,,,,,,,,,,,,,,,,,,,,,,,,,,,,,,,,,,,,,,,,,,,,,,,,,,,,,,,,,,,,,,,,,,,,,
2005-04-14,,,,,,,18.7,23.0,2005-04-14T15:00:00,15.7,2005-04-14T02:00:00,13.2,71,62,2005-04-14T14:00:00,3.1,90.0,9.3,90.0,2005-04-14T10:00:00,0.0,,,,,0.0,6.24,-99.5,,18.3,18.3,18.5,18.9,18.4,,,,,,,,,14.7,2005-04-14T13:00:00,,,,11.3,2005-04-14T01:00:00,,,,,,,,,,,,,,,,,,,,,,,,,76,2005-04-14T02:00:00,,,,,,,,,,,,,,,,,,,,,,,,,,,,,,,,,18.7,,,,,,,,,,,,,,,,,,,,,,,,,,,,,,,,,,,,,,,,,,,,,,,,,,,,,,,,,,,,,,,,,,,,,,,,,,,,,,,,,,,,,,,4.5,2005-04-14T14:00:00,,,,,,,,,,,,,,,,,,,,,,,,,,,,,,,,,,,,,,,,,,,,,,,,,,,,,,,,,,,,,,,,,,,,,,,,,,,,,,
2005-04-15,,,,,,,20.7,26.2,2005-04-15T14:00:00,17.4,2005-04-15T06:00:00,14.5,68,55,2005-04-15T13:00:00,3.0,90.0,13.1,90.0,2005-04-15T17:00:00,0.0,,,,,9.8,11.46,-99.5,,19.2,19.0,18.8,18.7,18.4,,,,,,,,,16.0,2005-04-15T12:00:00,,,,13.2,2005-04-15T23:59:59,,,,,,,,,,,,,,,,,,,,,,,,,84,2005-04-15T06:00:00,,,,,,,,,,,,,,,,,,,,,,,,,,,,,,,,,18.7,,,,,,,,,,,,,,,,,,,,,,,,,,,,,,,,,,,,,,,,,,,,,,,,,,,,,,,,,,,,,,,,,,,,,,,,,,,,,,,,,,,,,,,5.9,2005-04-15T16:00:00,,,,,,,,,,,,,,,,,,,,,,,,,,,,,,,,,,,,,,,,,,,,,,,,,,,,,,,,,,,,,,,,,,,,,,,,,,,,,,
2005-04-16,,,,,,,21.1,27.8,2005-04-16T14:00:00,15.0,2005-04-16T05:00:00,14.1,66,49,2005-04-16T13:00:00,3.2,90.0,11.9,90.0,2005-04-16T17:00:00,0.0,,,,,10.5,14.38,-99.5,,19.7,19.6,19.3,18.8,18.4,,,,,,,,,15.6,2005-04-16T13:00:00,,,,12.3,2005-04-16T05:00:00,,,,,,,,,,,,,,,,,,,,,,,,,80,2005-04-16T04:00:00,,,,,,,,,,,,,,,,,,,,,,,,,,,,,,,,,19.0,,,,,,,,,,,,,,,,,,,,,,,,,,,,,,,,,,,,,,,,,,,,,,,,,,,,,,,,,,,,,,,,,,,,,,,,,,,,,,,,,,,,,,,5.1,2005-04-16T16:00:00,,,,,,,,,,,,,,,,,,,,,,,,,,,,,,,,,,,,,,,,,,,,,,,,,,,,,,,,,,,,,,,,,,,,,,,,,,,,,,
2005-04-17,,,,,,,20.0,20.5,2005-04-17T03:00:00,19.8,2005-04-17T04:00:00,15.5,75,71,2005-04-17T02:00:00,1.5,112.5,4.9,112.5,2005-04-17T01:00:00,1.0,,,,,0.0,6.04,-99.5,,20.3,20.2,19.8,18.9,18.5,,,,,,,,,15.6,2005-04-17T05:00:00,,,,14.8,2005-04-17T02:00:00,,,,,,,,,,,,,,,,,,,,,,,,,76,2005-04-17T05:00:00,,,,,,,,,,,,,,,,,,,,,,,,,,,,,,,,,19.4,,,,,,,,,,,,,,,,,,,,,,,,,,,,,,,,,,,,,,,,,,,,,,,,,,,,,,,,,,,,,,,,,,,,,,,,,,,,,,,,,,,,,,,2.8,2005-04-17T01:00:00,,,,,,,,,,,,,,,,,,,,,,,,,,,,,,,,,,,,,,,,,,,,,,,,,,,,,,,,,,,,,,,,,,,,,,,,,,,,,,
2005-04-18,,,,,,,23.8,28.3,2005-04-18T12:00:00,21.0,2005-04-18T01:00:00,19.5,78,58,2005-04-18T11:00:00,1.9,22.5,7.8,360.0,2005-04-18T14:00:00,0.0,,,,,8.5,13.51,-99.5,,20.8,20.6,20.1,19.2,18.5,,,,,,,,,21.0,2005-04-18T12:00:00,,,,18.7,2005-04-18T10:00:00,,,,,,,,,,,,,,,,,,,,,,,,,92,2005-04-18T21:00:00,,,,,,,,,,,,,,,,,,,,,,,,,,,,,,,,,19.7,,,,,,,,,,,,,,,,,,,,,,,,,,,,,,,,,,,,,,,,,,,,,,,,,,,,,,,,,,,,,,,,,,,,,,,,,,,,,,,,,,,,,,,3.9,2005-04-18T12:00:00,,,,,,,,,,,,,,,,,,,,,,,,,,,,,,,,,,,,,,,,,,,,,,,,,,,,,,,,,,,,,,,,,,,,,,,,,,,,,,
2005-04-19,,,,,,,23.2,27.8,2005-04-19T13:00:00,19.3,2005-04-19T06:00:00,19.6,81,66,2005-04-19T11:00:00,1.9,292.5,7.5,292.5,2005-04-19T15:00:00,0.0,,,,,6.0,9.61,-99.5,,21.7,21.5,20.8,19.5,18.6,,,,,,,,,21.0,2005-04-19T13:00:00,,,,18.3,2005-04-19T06:00:00,,,,,,,,,,,,,,,,,,,,,,,,,94,2005-04-19T03:00:00,,,,,,,,,,,,,,,,,,,,,,,,,,,,,,,,,20.2,,,,,,,,,,,,,,,,,,,,,,,,,,,,,,,,,,,,,,,,,,,,,,,,,,,,,,,,,,,,,,,,,,,,,,,,,,,,,,,,,,,,,,,4.0,2005-04-19T15:00:00,,,,,,,,,,,,,,,,,,,,,,,,,,,,,,,,,,,,,,,,,,,,,,,,,,,,,,,,,,,,,,,,,,,,,,,,,,,,,,
2005-04-20,,,,,,,20.6,23.3,2005-04-20T15:00:00,18.2,2005-04-20T23:00:00,17.1,81,65,2005-04-20T13:00:00,2.7,90.0,12.2,90.0,2005-04-20T13:00:00,0.0,,,,,0.0,5.33,-99.5,,21.5,21.3,21.0,19.8,18.7,,,,,,,,,20.6,2005-04-20T08:00:00,,,,15.1,2005-04-20T12:00:00,,,,,,,,,,,,,,,,,,,,,,,,,92,2005-04-20T02:00:00,,,,,,,,,,,,,,,,,,,,,,,,,,,,,,,,,20.6,,,,,,,,,,,,,,,,,,,,,,,,,,,,,,,,,,,,,,,,,,,,,,,,,,,,,,,,,,,,,,,,,,,,,,,,,,,,,,,,,,,,,,,5.9,2005-04-20T14:00:00,,,,,,,,,,,,,,,,,,,,,,,,,,,,,,,,,,,,,,,,,,,,,,,,,,,,,,,,,,,,,,,,,,,,,,,,,,,,,,
2005-04-21,,,,,,,23.5,28.5,2005-04-21T15:00:00,19.0,2005-04-21T06:00:00,19.4,79,62,2005-04-21T16:00:00,1.7,270.0,6.4,292.5,2005-04-21T15:00:00,0.0,,,,,9.0,10.28,-99.5,,21.3,21.1,20.7,19.9,18.8,,,,,,,,,21.8,2005-04-21T13:00:00,,,,16.7,2005-04-21T01:00:00,,,,,,,,,,,,,,,,,,,,,,,,,92,2005-04-21T06:00:00,,,,,,,,,,,,,,,,,,,,,,,,,,,,,,,,,20.4,,,,,,,,,,,,,,,,,,,,,,,,,,,,,,,,,,,,,,,,,,,,,,,,,,,,,,,,,,,,,,,,,,,,,,,,,,,,,,,,,,,,,,,3.7,2005-04-21T02:00:00,,,,,,,,,,,,,,,,,,,,,,,,,,,,,,,,,,,,,,,,,,,,,,,,,,,,,,,,,,,,,,,,,,,,,,,,,,,,,,
2005-04-22,,,,,,,23.3,27.2,2005-04-22T12:00:00,19.8,2005-04-22T06:00:00,20.3,84,71,2005-04-22T11:00:00,1.4,157.5,4.8,337.5,2005-04-22T14:00:00,0.0,,,,,1.3,7.35,-99.5,,21.9,21.7,21.2,20.0,18.9,,,,,,,,,21.3,2005-04-22T20:00:00,,,,18.2,2005-04-22T06:00:00,,,,,,,,,,,,,,,,,,,,,,,,,94,2005-04-22T23:59:59,,,,,,,,,,,,,,,,,,,,,,,,,,,,,,,,,20.7,,,,,,,,,,,,,,,,,,,,,,,,,,,,,,,,,,,,,,,,,,,,,,,,,,,,,,,,,,,,,,,,,,,,,,,,,,,,,,,,,,,,,,,2.8,2005-04-22T16:00:00,,,,,,,,,,,,,,,,,,,,,,,,,,,,,,,,,,,,,,,,,,,,,,,,,,,,,,,,,,,,,,,,,,,,,,,,,,,,,,
2005-04-23,,,,,,,21.2,23.9,2005-04-23T03:00:00,19.6,2005-04-23T17:00:00,19.6,91,77,2005-04-23T03:00:00,2.4,270.0,7.5,22.5,2005-04-23T15:00:00,12.0,,,,,0.0,4.9,-99.5,,21.8,21.7,21.3,20.2,19.0,,,,,,,,,21.4,2005-04-23T05:00:00,,,,18.1,2005-04-23T23:59:59,,,,,,,,,,,,,,,,,,,,,,,,,98,2005-04-23T07:00:00,,,,,,,,,,,,,,,,,,,,,,,,,,,,,,,,,20.9,,,,,,,,,,,,,,,,,,,,,,,,,,,,,,,,,,,,,,,,,,,,,,,,,,,,,,,,,,,,,,,,,,,,,,,,,,,,,,,,,,,,,,,3.4,2005-04-23T07:00:00,,,,,,,,,,,,,,,,,,,,,,,,,,,,,,,,,,,,,,,,,,,,,,,,,,,,,,,,,,,,,,,,,,,,,,,,,,,,,,
2005-04-24,,,,,,,21.8,27.0,2005-04-24T14:00:00,19.7,2005-04-24T03:00:00,20.0,90,73,2005-04-24T13:00:00,1.9,22.5,5.9,112.5,2005-04-24T08:00:00,15.0,,,,,0.0,8.54,-99.5,,21.5,21.3,21.1,20.3,19.1,,,,,,,,,21.0,2005-04-24T12:00:00,,,,18.1,2005-04-24T01:00:00,,,,,,,,,,,,,,,,,,,,,,,,,96,2005-04-24T10:00:00,,,,,,,,,,,,,,,,,,,,,,,,,,,,,,,,,20.8,,,,,,,,,,,,,,,,,,,,,,,,,,,,,,,,,,,,,,,,,,,,,,,,,,,,,,,,,,,,,,,,,,,,,,,,,,,,,,,,,,,,,,,3.0,2005-04-24T07:00:00,,,,,,,,,,,,,,,,,,,,,,,,,,,,,,,,,,,,,,,,,,,,,,,,,,,,,,,,,,,,,,,,,,,,,,,,,,,,,,
2005-04-25,,,,,,,22.1,25.5,2005-04-25T12:00:00,20.5,2005-04-25T02:00:00,20.0,88,79,2005-04-25T15:00:00,2.5,67.5,7.9,22.5,2005-04-25T13:00:00,0.0,,,,,0.0,6.15,-99.5,,21.8,21.7,21.3,20.4,19.2,,,,,,,,,21.0,2005-04-25T09:00:00,,,,18.7,2005-04-25T20:00:00,,,,,,,,,,,,,,,,,,,,,,,,,96,2005-04-25T02:00:00,,,,,,,,,,,,,,,,,,,,,,,,,,,,,,,,,20.9,,,,,,,,,,,,,,,,,,,,,,,,,,,,,,,,,,,,,,,,,,,,,,,,,,,,,,,,,,,,,,,,,,,,,,,,,,,,,,,,,,,,,,,3.9,2005-04-25T19:00:00,,,,,,,,,,,,,,,,,,,,,,,,,,,,,,,,,,,,,,,,,,,,,,,,,,,,,,,,,,,,,,,,,,,,,,,,,,,,,,
2005-04-26,988.6,,989.5,2005-04-26T22:00:00,987.8,2005-04-26T16:00:00,20.0,22.7,2005-04-26T16:00:00,18.0,2005-04-26T09:00:00,16.7,83,58,2005-04-26T16:00:00,3.5,90.0,12.0,90.0,2005-04-26T12:00:00,12.0,,,,,0.0,6.31,-99.5,,21.5,21.5,21.3,20.5,19.3,,,,,,,,,19.3,2005-04-26T05:00:00,,,,14.0,2005-04-26T16:00:00,,,,,,,,,,,,,,,,,,,,,,,,,96,2005-04-26T05:00:00,,,,,,,,,,,,,,,,,,,,,,,,,,,,,,,,,21.0,,,,,,,,,,,,,,,,,,,,,,,,,,,,,,,,,,,,,,,,,,,,,,,,,,,,,,,,,,,,,,,,,,,,,,,,,,,,,,,,,,,,,,,5.8,2005-04-26T12:00:00,,,,,,,,,,,,,,,,,,,,,,,,,,,,,,,,,,,,,,,,,,,,,,,,,,,,,,,,,,,,,,,,,,,,,,,,,,,,,,
2005-04-27,988.9,,990.1,2005-04-27T10:00:00,988.0,2005-04-27T02:00:00,21.6,25.4,2005-04-27T15:00:00,18.6,2005-04-27T01:00:00,18.7,83,75,2005-04-27T15:00:00,1.8,135.0,5.1,135.0,2005-04-27T01:00:00,0.0,,,,,0.0,4.99,-99.5,,21.0,20.9,20.9,20.5,19.4,,,,,,,,,20.1,2005-04-27T23:00:00,,,,15.7,2005-04-27T01:00:00,,,,,,,,,,,,,,,,,,,,,,,,,94,2005-04-27T23:59:59,,,,,,,,,,,,,,,,,,,,,,,,,,,,,,,,,20.8,,,,,,,,,,,,,,,,,,,,,,,,,,,,,,,,,,,,,,,,,,,,,,,,,,,,,,,,,,,,,,,,,,,,,,,,,,,,,,,,,,,,,,,2.8,2005-04-27T01:00:00,,,,,,,,,,,,,,,,,,,,,,,,,,,,,,,,,,,,,,,,,,,,,,,,,,,,,,,,,,,,,,,,,,,,,,,,,,,,,,
2005-04-28,988.3,,989.7,2005-04-28T09:00:00,987.2,2005-04-28T17:00:00,22.7,25.2,2005-04-28T10:00:00,20.6,2005-04-28T01:00:00,20.7,89,79,2005-04-28T09:00:00,1.7,157.5,7.5,270.0,2005-04-28T13:00:00,4.0,,,,,0.0,5.33,-99.5,,21.4,21.3,21.0,20.4,19.5,,,,,,,,,22.4,2005-04-28T12:00:00,,,,19.2,2005-04-28T05:00:00,,,,,,,,,,,,,,,,,,,,,,,,,96,2005-04-28T23:00:00,,,,,,,,,,,,,,,,,,,,,,,,,,,,,,,,,20.8,,,,,,,,,,,,,,,,,,,,,,,,,,,,,,,,,,,,,,,,,,,,,,,,,,,,,,,,,,,,,,,,,,,,,,,,,,,,,,,,,,,,,,,3.8,2005-04-28T13:00:00,,,,,,,,,,,,,,,,,,,,,,,,,,,,,,,,,,,,,,,,,,,,,,,,,,,,,,,,,,,,,,,,,,,,,,,,,,,,,,
2005-04-29,987.0,,988.4,2005-04-29T09:00:00,985.9,2005-04-29T17:00:00,25.0,29.0,2005-04-29T12:00:00,20.4,2005-04-29T05:00:00,21.5,81,67,2005-04-29T11:00:00,3.4,247.5,13.0,270.0,2005-04-29T12:00:00,0.0,,,,,9.0,10.14,-99.5,,21.8,21.7,21.3,20.5,19.6,,,,,,,,,23.0,2005-04-29T17:00:00,,,,19.2,2005-04-29T03:00:00,,,,,,,,,,,,,,,,,,,,,,,,,94,2005-04-29T01:00:00,,,,,,,,,,,,,,,,,,,,,,,,,,,,,,,,,20.9,,,,,,,,,,,,,,,,,,,,,,,,,,,,,,,,,,,,,,,,,,,,,,,,,,,,,,,,,,,,,,,,,,,,,,,,,,,,,,,,,,,,,,,6.1,2005-04-29T12:00:00,,,,,,,,,,,,,,,,,,,,,,,,,,,,,,,,,,,,,,,,,,,,,,,,,,,,,,,,,,,,,,,,,,,,,,,,,,,,,,
2005-04-30,985.3,,986.9,2005-04-30T08:00:00,983.6,2005-04-30T16:00:00,26.6,31.7,2005-04-30T14:00:00,22.3,2005-04-30T04:00:00,20.8,72,57,2005-04-30T23:00:00,5.2,247.5,17.2,247.5,2005-04-30T18:00:00,0.0,,,,,11.5,16.31,-99.5,,22.8,22.5,21.9,20.7,19.6,,,,,,,,,22.6,2005-04-30T14:00:00,,,,17.6,2005-04-30T23:00:00,,,,,,,,,,,,,,,,,,,,,,,,,92,2005-04-30T02:00:00,,,,,,,,,,,,,,,,,,,,,,,,,,,,,,,,,21.3,,,,,,,,,,,,,,,,,,,,,,,,,,,,,,,,,,,,,,,,,,,,,,,,,,,,,,,,,,,,,,,,,,,,,,,,,,,,,,,,,,,,,,,8.8,2005-04-30T14:00:00,,,,,,,,,,,,,,,,,,,,,,,,,,,,,,,,,,,,,,,,,,,,,,,,,,,,,,,,,,,,,,,,,,,,,,,,,,,,,,
2005-05-01,984.5,,988.2,2005-05-01T22:00:00,982.5,2005-05-01T15:00:00,27.7,33.9,2005-05-01T15:00:00,21.4,2005-05-01T22:00:00,18.7,61,35,2005-05-01T16:00:00,6.6,247.5,20.3,247.5,2005-05-01T13:00:00,4.5,,,,,8.0,17.21,0.6,,23.4,23.1,22.5,21.0,19.7,,,,,,,,,21.8,2005-05-01T20:00:00,,,,15.7,2005-05-01T16:00:00,,,,,,,,,,,,,,,,,,,,,,,,,90,2005-05-01T23:00:00,,,,,,,,,,,,,,,,,,,,,,,,,,,,,,,,,21.9,,,,,,,,,,,,,,,,,,,,,,,,,,,,,,,,,,,,,,,,,,,,,,,,,,,,,,,,,,,,,,,,,,,,,,,,,,,,,,,,,,,,,,,9.0,2005-05-01T13:00:00,,,,,,,,,,,,,,,,,,,,,,,,,,,,,,,,,,,,,,,,,,,,,,,,,,,,,,,,,,,,,,,,,,,,,,,,,,,,,,
2005-05-02,986.5,,988.1,2005-05-02T23:00:00,984.1,2005-05-02T03:00:00,25.5,30.9,2005-05-02T13:00:00,22.4,2005-05-02T23:59:59,22.2,83,67,2005-05-02T10:00:00,4.9,270.0,17.2,270.0,2005-05-02T08:00:00,47.5,,,,,5.5,12.78,0.5,,23.8,23.6,22.9,21.3,19.8,,,,,,,,,24.3,2005-05-02T13:00:00,,,,20.8,2005-05-02T02:00:00,,,,,,,,,,,,,,,,,,,,,,,,,98,2005-05-02T23:59:59,,,,,,,,,,,,,,,,,,,,,,,,,,,,,,,,,22.3,,,,,,,,,,,,,,,,,,,,,,,,,,,,,,,,,,,,,,,,,,,,,,,,,,,,,,,,,,,,,,,,,,,,,,,,,,,,,,,,,,,,,,,7.2,2005-05-02T07:00:00,,,,,,,,,,,,,,,,,,,,,,,,,,,,,,,,,,,,,,,,,,,,,,,,,,,,,,,,,,,,,,,,,,,,,,,,,,,,,,
2005-05-03,988.2,,989.4,2005-05-03T09:00:00,987.1,2005-05-03T16:00:00,23.1,26.1,2005-05-03T11:00:00,21.5,2005-05-03T22:00:00,21.5,91,80,2005-05-03T16:00:00,1.5,112.5,5.6,337.5,2005-05-03T13:00:00,43.5,,,,,0.3,5.96,0.2,,23.8,23.7,23.5,22.2,20.2,,,,,,,,,23.5,2005-05-03T09:00:00,,,,20.0,2005-05-03T18:00:00,,,,,,,,,,,,,,,,,,,,,,,,,98,2005-05-03T04:00:00,,,,,,,,,,,,,,,,,,,,,,,,,,,,,,,,,23.1,,,,,,,,,,,,,,,,,,,,,,,,,,,,,,,,,,,,,,,,,,,,,,,,,,,,,,,,,,,,,,,,,,,,,,,,,,,,,,,,,,,,,,,2.9,2005-05-03T13:00:00,,,,,,,,,,,,,,,,,,,,,,,,,,,,,,,,,,,,,,,,,,,,,,,,,,,,,,,,,,,,,,,,,,,,,,,,,,,,,,
2005-05-04,986.7,,988.3,2005-05-04T08:00:00,984.8,2005-05-04T17:00:00,24.4,28.0,2005-05-04T10:00:00,21.6,2005-05-04T01:00:00,22.3,89,74,2005-05-04T10:00:00,1.7,270.0,7.3,270.0,2005-05-04T12:00:00,0.0,,,,,0.0,4.76,0.3,,23.7,23.6,23.3,22.2,20.4,,,,,,,,,22.9,2005-05-04T21:00:00,,,,21.1,2005-05-04T01:00:00,,,,,,,,,,,,,,,,,,,,,,,,,95,2005-05-04T23:59:59,,,,,,,,,,,,,,,,,,,,,,,,,,,,,,,,,22.9,,,,,,,,,,,,,,,,,,,,,,,,,,,,,,,,,,,,,,,,,,,,,,,,,,,,,,,,,,,,,,,,,,,,,,,,,,,,,,,,,,,,,,,3.4,2005-05-04T10:00:00,,,,,,,,,,,,,,,,,,,,,,,,,,,,,,,,,,,,,,,,,,,,,,,,,,,,,,,,,,,,,,,,,,,,,,,,,,,,,,
2005-05-05,983.3,,984.9,2005-05-05T01:00:00,981.5,2005-05-05T15:00:00,26.7,31.6,2005-05-05T13:00:00,22.1,2005-05-05T05:00:00,20.9,72,56,2005-05-05T10:00:00,4.3,247.5,20.8,270.0,2005-05-05T21:00:00,0.0,,,,,7.0,15.36,0.8,,24.1,23.9,23.4,22.2,20.5,,,,,,,,,22.6,2005-05-05T01:00:00,,,,16.9,2005-05-05T23:59:59,,,,,,,,,,,,,,,,,,,,,,,,,96,2005-05-05T01:00:00,,,,,,,,,,,,,,,,,,,,,,,,,,,,,,,,,22.9,,,,,,,,,,,,,,,,,,,,,,,,,,,,,,,,,,,,,,,,,,,,,,,,,,,,,,,,,,,,,,,,,,,,,,,,,,,,,,,,,,,,,,,9.1,2005-05-05T21:00:00,,,,,,,,,,,,,,,,,,,,,,,,,,,,,,,,,,,,,,,,,,,,,,,,,,,,,,,,,,,,,,,,,,,,,,,,,,,,,,
2005-05-06,983.5,,987.4,2005-05-06T22:00:00,980.6,2005-05-06T04:00:00,22.8,26.4,2005-05-06T01:00:00,18.6,2005-05-06T23:59:59,19.3,82,56,2005-05-06T01:00:00,3.4,247.5,16.5,247.5,2005-05-06T18:00:00,46.5,,,,,0.0,5.97,0.8,,24.0,23.8,23.6,22.4,20.7,,,,,,,,,21.5,2005-05-06T16:00:00,,,,16.7,2005-05-06T01:00:00,,,,,,,,,,,,,,,,,,,,,,,,,97,2005-05-06T23:00:00,,,,,,,,,,,,,,,,,,,,,,,,,,,,,,,,,23.2,,,,,,,,,,,,,,,,,,,,,,,,,,,,,,,,,,,,,,,,,,,,,,,,,,,,,,,,,,,,,,,,,,,,,,,,,,,,,,,,,,,,,,,6.3,2005-05-06T17:00:00,,,,,,,,,,,,,,,,,,,,,,,,,,,,,,,,,,,,,,,,,,,,,,,,,,,,,,,,,,,,,,,,,,,,,,,,,,,,,,
2005-05-07,987.3,,988.7,2005-05-07T09:00:00,986.3,2005-05-07T03:00:00,20.8,23.5,2005-05-07T11:00:00,17.3,2005-05-07T03:00:00,17.7,83,70,2005-05-07T11:00:00,2.5,90.0,8.6,90.0,2005-05-07T08:00:00,4.0,,,,,2.0,8.64,2.2,,23.0,23.0,23.0,22.5,20.9,,,,,,,,,19.4,2005-05-07T22:00:00,,,,16.0,2005-05-07T09:00:00,,,,,,,,,,,,,,,,,,,,,,,,,97,2005-05-07T01:00:00,,,,,,,,,,,,,,,,,,,,,,,,,,,,,,,,,22.9,,,,,,,,,,,,,,,,,,,,,,,,,,,,,,,,,,,,,,,,,,,,,,,,,,,,,,,,,,,,,,,,,,,,,,,,,,,,,,,,,,,,,,,4.5,2005-05-07T09:00:00,,,,,,,,,,,,,,,,,,,,,,,,,,,,,,,,,,,,,,,,,,,,,,,,,,,,,,,,,,,,,,,,,,,,,,,,,,,,,,
2005-05-08,985.8,,987.3,2005-05-08T06:00:00,984.4,2005-05-08T16:00:00,24.9,29.3,2005-05-08T13:00:00,21.4,2005-05-08T02:00:00,20.3,77,59,2005-05-08T13:00:00,4.0,247.5,17.8,247.5,2005-05-08T23:00:00,1.0,,,,,2.5,9.5,3.0,,23.3,23.1,22.9,22.3,21.0,,,,,,,,,23.4,2005-05-08T14:00:00,,,,17.4,2005-05-08T22:00:00,,,,,,,,,,,,,,,,,,,,,,,,,95,2005-05-08T07:00:00,,,,,,,,,,,,,,,,,,,,,,,,,,,,,,,,,22.7,,,,,,,,,,,,,,,,,,,,,,,,,,,,,,,,,,,,,,,,,,,,,,,,,,,,,,,,,,,,,,,,,,,,,,,,,,,,,,,,,,,,,,,6.7,2005-05-08T13:00:00,,,,,,,,,,,,,,,,,,,,,,,,,,,,,,,,,,,,,,,,,,,,,,,,,,,,,,,,,,,,,,,,,,,,,,,,,,,,,,
2005-05-09,984.2,,985.2,2005-05-09T20:00:00,982.9,2005-05-09T17:00:00,23.5,26.8,2005-05-09T12:00:00,20.0,2005-05-09T21:00:00,20.6,85,66,2005-05-09T01:00:00,3.4,270.0,13.9,270.0,2005-05-09T16:00:00,42.0,,,,,0.0,5.54,0.0,,23.4,23.3,23.0,22.3,21.0,,,,,,,,,23.2,2005-05-09T17:00:00,,,,18.0,2005-05-09T01:00:00,,,,,,,,,,,,,,,,,,,,,,,,,98,2005-05-09T23:59:59,,,,,,,,,,,,,,,,,,,,,,,,,,,,,,,,,22.8,,,,,,,,,,,,,,,,,,,,,,,,,,,,,,,,,,,,,,,,,,,,,,,,,,,,,,,,,,,,,,,,,,,,,,,,,,,,,,,,,,,,,,,7.1,2005-05-09T16:00:00,,,,,,,,,,,,,,,,,,,,,,,,,,,,,,,,,,,,,,,,,,,,,,,,,,,,,,,,,,,,,,,,,,,,,,,,,,,,,,
2005-05-10,985.7,,986.9,2005-05-10T11:00:00,984.0,2005-05-10T03:00:00,20.9,22.2,2005-05-10T04:00:00,19.7,2005-05-10T08:00:00,20.3,97,94,2005-05-10T03:00:00,1.9,45.0,11.7,247.5,2005-05-10T03:00:00,52.5,,,,,0.0,4.29,0.2,,22.7,22.6,22.7,22.5,21.3,,,,,,,,,21.0,2005-05-10T04:00:00,,,,19.2,2005-05-10T08:00:00,,,,,,,,,,,,,,,,,,,,,,,,,98,2005-05-10T09:00:00,,,,,,,,,,,,,,,,,,,,,,,,,,,,,,,,,22.8,,,,,,,,,,,,,,,,,,,,,,,,,,,,,,,,,,,,,,,,,,,,,,,,,,,,,,,,,,,,,,,,,,,,,,,,,,,,,,,,,,,,,,,5.3,2005-05-10T03:00:00,,,,,,,,,,,,,,,,,,,,,,,,,,,,,,,,,,,,,,,,,,,,,,,,,,,,,,,,,,,,,,,,,,,,,,,,,,,,,,
2005-05-11,986.8,,987.7,2005-05-11T10:00:00,985.7,2005-05-11T03:00:00,23.1,26.9,2005-05-11T14:00:00,19.8,2005-05-11T01:00:00,21.2,89,76,2005-05-11T14:00:00,1.7,270.0,6.4,270.0,2005-05-11T14:00:00,0.0,,,,,0.0,5.05,1.2,,22.6,22.5,22.4,22.3,21.4,,,,,,,,,22.1,2005-05-11T12:00:00,,,,19.6,2005-05-11T01:00:00,,,,,,,,,,,,,,,,,,,,,,,,,97,2005-05-11T01:00:00,,,,,,,,,,,,,,,,,,,,,,,,,,,,,,,,,22.4,,,,,,,,,,,,,,,,,,,,,,,,,,,,,,,,,,,,,,,,,,,,,,,,,,,,,,,,,,,,,,,,,,,,,,,,,,,,,,,,,,,,,,,3.5,2005-05-11T13:00:00,,,,,,,,,,,,,,,,,,,,,,,,,,,,,,,,,,,,,,,,,,,,,,,,,,,,,,,,,,,,,,,,,,,,,,,,,,,,,,
2005-05-12,986.7,,987.4,2005-05-12T10:00:00,985.5,2005-05-12T16:00:00,22.7,23.8,2005-05-12T17:00:00,22.0,2005-05-12T10:00:00,21.9,95,89,2005-05-12T05:00:00,1.9,157.5,6.7,135.0,2005-05-12T12:00:00,85.0,,,,,0.0,5.86,0.8,,23.0,22.9,22.7,22.3,21.5,,,,,,,,,22.9,2005-05-12T17:00:00,,,,21.0,2005-05-12T06:00:00,,,,,,,,,,,,,,,,,,,,,,,,,98,2005-05-12T11:00:00,,,,,,,,,,,,,,,,,,,,,,,,,,,,,,,,,22.6,,,,,,,,,,,,,,,,,,,,,,,,,,,,,,,,,,,,,,,,,,,,,,,,,,,,,,,,,,,,,,,,,,,,,,,,,,,,,,,,,,,,,,,3.1,2005-05-12T10:00:00,,,,,,,,,,,,,,,,,,,,,,,,,,,,,,,,,,,,,,,,,,,,,,,,,,,,,,,,,,,,,,,,,,,,,,,,,,,,,,
2005-05-13,985.4,,986.2,2005-05-13T10:00:00,984.4,2005-05-13T14:00:00,22.8,27.2,2005-05-13T10:00:00,21.1,2005-05-13T16:00:00,21.8,94,84,2005-05-13T10:00:00,2.1,247.5,12.0,225.0,2005-05-13T13:00:00,43.5,,,,,0.0,7.83,1.8,,23.3,23.1,22.9,22.4,21.6,,,,,,,,,23.6,2005-05-13T14:00:00,,,,20.6,2005-05-13T16:00:00,,,,,,,,,,,,,,,,,,,,,,,,,98,2005-05-13T06:00:00,,,,,,,,,,,,,,,,,,,,,,,,,,,,,,,,,22.7,,,,,,,,,,,,,,,,,,,,,,,,,,,,,,,,,,,,,,,,,,,,,,,,,,,,,,,,,,,,,,,,,,,,,,,,,,,,,,,,,,,,,,,6.1,2005-05-13T13:00:00,,,,,,,,,,,,,,,,,,,,,,,,,,,,,,,,,,,,,,,,,,,,,,,,,,,,,,,,,,,,,,,,,,,,,,,,,,,,,,
2005-05-14,985.0,,986.2,2005-05-14T10:00:00,983.6,2005-05-14T16:00:00,24.5,28.3,2005-05-14T17:00:00,22.0,2005-05-14T01:00:00,23.0,92,81,2005-05-14T16:00:00,3.9,247.5,17.5,247.5,2005-05-14T15:00:00,52.0,,,,,0.0,7.19,4.2,,23.4,23.3,23.1,22.6,21.8,,,,,,,,,24.2,2005-05-14T16:00:00,,,,22.0,2005-05-14T05:00:00,,,,,,,,,,,,,,,,,,,,,,,,,98,2005-05-14T01:00:00,,,,,,,,,,,,,,,,,,,,,,,,,,,,,,,,,23.0,,,,,,,,,,,,,,,,,,,,,,,,,,,,,,,,,,,,,,,,,,,,,,,,,,,,,,,,,,,,,,,,,,,,,,,,,,,,,,,,,,,,,,,7.7,2005-05-14T23:59:59,,,,,,,,,,,,,,,,,,,,,,,,,,,,,,,,,,,,,,,,,,,,,,,,,,,,,,,,,,,,,,,,,,,,,,,,,,,,,,
2005-05-15,988.2,,989.7,2005-05-15T20:00:00,984.9,2005-05-15T03:00:00,23.8,27.5,2005-05-15T13:00:00,22.5,2005-05-15T08:00:00,22.8,95,82,2005-05-15T12:00:00,2.3,292.5,14.9,270.0,2005-05-15T01:00:00,81.0,,,,,0.0,7.67,1.7,,23.9,23.8,23.5,22.9,21.9,,,,,,,,,23.7,2005-05-15T12:00:00,,,,22.3,2005-05-15T06:00:00,,,,,,,,,,,,,,,,,,,,,,,,,99,2005-05-15T07:00:00,,,,,,,,,,,,,,,,,,,,,,,,,,,,,,,,,23.2,,,,,,,,,,,,,,,,,,,,,,,,,,,,,,,,,,,,,,,,,,,,,,,,,,,,,,,,,,,,,,,,,,,,,,,,,,,,,,,,,,,,,,,4.9,2005-05-15T01:00:00,,,,,,,,,,,,,,,,,,,,,,,,,,,,,,,,,,,,,,,,,,,,,,,,,,,,,,,,,,,,,,,,,,,,,,,,,,,,,,
2005-05-16,988.8,,989.9,2005-05-16T09:00:00,987.7,2005-05-16T16:00:00,25.8,30.0,2005-05-16T12:00:00,22.6,2005-05-16T06:00:00,23.3,87,70,2005-05-16T17:00:00,1.7,270.0,9.3,292.5,2005-05-16T14:00:00,0.0,,,,,9.5,13.52,3.9,,24.6,24.3,23.8,23.0,22.0,,,,,,,,,24.5,2005-05-16T12:00:00,,,,22.3,2005-05-16T06:00:00,,,,,,,,,,,,,,,,,,,,,,,,,98,2005-05-16T01:00:00,,,,,,,,,,,,,,,,,,,,,,,,,,,,,,,,,23.5,,,,,,,,,,,,,,,,,,,,,,,,,,,,,,,,,,,,,,,,,,,,,,,,,,,,,,,,,,,,,,,,,,,,,,,,,,,,,,,,,,,,,,,5.0,2005-05-16T14:00:00,,,,,,,,,,,,,,,,,,,,,,,,,,,,,,,,,,,,,,,,,,,,,,,,,,,,,,,,,,,,,,,,,,,,,,,,,,,,,,
2005-05-17,987.6,,989.2,2005-05-17T08:00:00,986.2,2005-05-17T15:00:00,27.5,32.2,2005-05-17T12:00:00,23.9,2005-05-17T02:00:00,23.1,77,65,2005-05-17T11:00:00,3.2,247.5,12.4,247.5,2005-05-17T16:00:00,0.0,,,,,11.4,17.24,6.7,,25.6,25.3,24.6,23.2,22.1,,,,,,,,,25.1,2005-05-17T13:00:00,,,,21.5,2005-05-17T21:00:00,,,,,,,,,,,,,,,,,,,,,,,,,90,2005-05-17T02:00:00,,,,,,,,,,,,,,,,,,,,,,,,,,,,,,,,,24.0,,,,,,,,,,,,,,,,,,,,,,,,,,,,,,,,,,,,,,,,,,,,,,,,,,,,,,,,,,,,,,,,,,,,,,,,,,,,,,,,,,,,,,,6.2,2005-05-17T17:00:00,,,,,,,,,,,,,,,,,,,,,,,,,,,,,,,,,,,,,,,,,,,,,,,,,,,,,,,,,,,,,,,,,,,,,,,,,,,,,,
2005-05-18,987.8,,989.6,2005-05-18T22:00:00,986.6,2005-05-18T04:00:00,27.2,32.0,2005-05-18T13:00:00,24.1,2005-05-18T23:59:59,23.3,80,67,2005-05-18T12:00:00,3.7,247.5,13.4,247.5,2005-05-18T11:00:00,0.0,,,,,8.7,17.91,5.4,,26.2,25.9,25.2,23.6,22.1,,,,,,,,,24.9,2005-05-18T13:00:00,,,,21.9,2005-05-18T05:00:00,,,,,,,,,,,,,,,,,,,,,,,,,94,2005-05-18T18:00:00,,,,,,,,,,,,,,,,,,,,,,,,,,,,,,,,,24.5,,,,,,,,,,,,,,,,,,,,,,,,,,,,,,,,,,,,,,,,,,,,,,,,,,,,,,,,,,,,,,,,,,,,,,,,,,,,,,,,,,,,,,,6.4,2005-05-18T12:00:00,,,,,,,,,,,,,,,,,,,,,,,,,,,,,,,,,,,,,,,,,,,,,,,,,,,,,,,,,,,,,,,,,,,,,,,,,,,,,,
2005-05-19,989.2,,990.1,2005-05-19T21:00:00,987.9,2005-05-19T02:00:00,23.5,27.4,2005-05-19T11:00:00,21.0,2005-05-19T22:00:00,21.0,86,78,2005-05-19T11:00:00,3.5,90.0,10.1,90.0,2005-05-19T17:00:00,0.0,,,,,0.0,8.24,2.8,,26.1,25.9,25.4,23.9,22.2,,,,,,,,,22.8,2005-05-19T10:00:00,,,,19.1,2005-05-19T21:00:00,,,,,,,,,,,,,,,,,,,,,,,,,92,2005-05-19T03:00:00,,,,,,,,,,,,,,,,,,,,,,,,,,,,,,,,,24.9,,,,,,,,,,,,,,,,,,,,,,,,,,,,,,,,,,,,,,,,,,,,,,,,,,,,,,,,,,,,,,,,,,,,,,,,,,,,,,,,,,,,,,,4.4,2005-05-19T14:00:00,,,,,,,,,,,,,,,,,,,,,,,,,,,,,,,,,,,,,,,,,,,,,,,,,,,,,,,,,,,,,,,,,,,,,,,,,,,,,,
2005-05-20,989.2,,990.1,2005-05-20T22:00:00,988.1,2005-05-20T16:00:00,22.8,25.9,2005-05-20T13:00:00,21.0,2005-05-20T02:00:00,20.9,89,83,2005-05-20T10:00:00,2.5,22.5,7.1,22.5,2005-05-20T15:00:00,0.0,,,,,0.0,8.04,1.9,,25.2,25.1,24.9,24.0,22.3,,,,,,,,,22.2,2005-05-20T13:00:00,,,,19.3,2005-05-20T01:00:00,,,,,,,,,,,,,,,,,,,,,,,,,94,2005-05-20T20:00:00,,,,,,,,,,,,,,,,,,,,,,,,,,,,,,,,,24.7,,,,,,,,,,,,,,,,,,,,,,,,,,,,,,,,,,,,,,,,,,,,,,,,,,,,,,,,,,,,,,,,,,,,,,,,,,,,,,,,,,,,,,,3.5,2005-05-20T09:00:00,,,,,,,,,,,,,,,,,,,,,,,,,,,,,,,,,,,,,,,,,,,,,,,,,,,,,,,,,,,,,,,,,,,,,,,,,,,,,,
2005-05-21,987.5,,988.9,2005-05-21T01:00:00,985.6,2005-05-21T16:00:00,24.9,29.5,2005-05-21T13:00:00,21.8,2005-05-21T01:00:00,22.3,86,74,2005-05-21T12:00:00,1.5,292.5,7.5,292.5,2005-05-21T15:00:00,0.0,,,,,3.5,13.32,4.2,,25.4,25.2,24.8,23.9,22.4,,,,,,,,,24.2,2005-05-21T14:00:00,,,,20.9,2005-05-21T01:00:00,,,,,,,,,,,,,,,,,,,,,,,,,96,2005-05-21T23:59:59,,,,,,,,,,,,,,,,,,,,,,,,,,,,,,,,,24.5,,,,,,,,,,,,,,,,,,,,,,,,,,,,,,,,,,,,,,,,,,,,,,,,,,,,,,,,,,,,,,,,,,,,,,,,,,,,,,,,,,,,,,,3.8,2005-05-21T15:00:00,,,,,,,,,,,,,,,,,,,,,,,,,,,,,,,,,,,,,,,,,,,,,,,,,,,,,,,,,,,,,,,,,,,,,,,,,,,,,,
2005-05-22,986.8,,988.6,2005-05-22T22:00:00,985.6,2005-05-22T17:00:00,27.0,32.4,2005-05-22T14:00:00,22.2,2005-05-22T04:00:00,22.4,78,54,2005-05-22T14:00:00,2.9,270.0,40.9,270.0,2005-05-22T16:00:00,0.0,,,,,11.4,18.96,6.7,,25.9,25.7,25.1,24.0,22.5,,,,,,,,,24.3,2005-05-22T11:00:00,,,,21.1,2005-05-22T18:00:00,,,,,,,,,,,,,,,,,,,,,,,,,95,2005-05-22T02:00:00,,,,,,,,,,,,,,,,,,,,,,,,,,,,,,,,,24.7,,,,,,,,,,,,,,,,,,,,,,,,,,,,,,,,,,,,,,,,,,,,,,,,,,,,,,,,,,,,,,,,,,,,,,,,,,,,,,,,,,,,,,,5.7,2005-05-22T14:00:00,,,,,,,,,,,,,,,,,,,,,,,,,,,,,,,,,,,,,,,,,,,,,,,,,,,,,,,,,,,,,,,,,,,,,,,,,,,,,,
2005-05-23,987.7,,988.7,2005-05-23T21:00:00,986.4,2005-05-23T16:00:00,26.7,30.9,2005-05-23T15:00:00,24.4,2005-05-23T06:00:00,23.1,81,63,2005-05-23T10:00:00,2.4,292.5,8.7,292.5,2005-05-23T13:00:00,0.0,,,,,6.5,14.45,5.3,,26.5,26.2,25.6,24.1,22.5,,,,,,,,,23.8,2005-05-23T14:00:00,,,,22.2,2005-05-23T19:00:00,,,,,,,,,,,,,,,,,,,,,,,,,91,2005-05-23T06:00:00,,,,,,,,,,,,,,,,,,,,,,,,,,,,,,,,,25.0,,,,,,,,,,,,,,,,,,,,,,,,,,,,,,,,,,,,,,,,,,,,,,,,,,,,,,,,,,,,,,,,,,,,,,,,,,,,,,,,,,,,,,,5.0,2005-05-23T16:00:00,,,,,,,,,,,,,,,,,,,,,,,,,,,,,,,,,,,,,,,,,,,,,,,,,,,,,,,,,,,,,,,,,,,,,,,,,,,,,,
2005-05-24,987.0,,988.0,2005-05-24T22:00:00,985.9,2005-05-24T14:00:00,23.3,25.3,2005-05-24T10:00:00,21.5,2005-05-24T05:00:00,22.3,94,88,2005-05-24T02:00:00,2.0,292.5,10.7,292.5,2005-05-24T15:00:00,37.5,,,,,1.5,6.75,0.2,,25.9,25.8,25.6,24.4,22.6,,,,,,,,,23.6,2005-05-24T10:00:00,,,,21.5,2005-05-24T05:00:00,,,,,,,,,,,,,,,,,,,,,,,,,98,2005-05-24T12:00:00,,,,,,,,,,,,,,,,,,,,,,,,,,,,,,,,,25.2,,,,,,,,,,,,,,,,,,,,,,,,,,,,,,,,,,,,,,,,,,,,,,,,,,,,,,,,,,,,,,,,,,,,,,,,,,,,,,,,,,,,,,,6.0,2005-05-24T15:00:00,,,,,,,,,,,,,,,,,,,,,,,,,,,,,,,,,,,,,,,,,,,,,,,,,,,,,,,,,,,,,,,,,,,,,,,,,,,,,,
2005-05-25,987.6,,988.6,2005-05-25T22:00:00,986.8,2005-05-25T02:00:00,23.4,27.0,2005-05-25T13:00:00,21.9,2005-05-25T22:00:00,21.2,88,77,2005-05-25T13:00:00,3.9,90.0,13.5,67.5,2005-05-25T20:00:00,0.0,,,,,0.0,8.65,0.8,,25.2,25.1,25.0,24.3,22.7,,,,,,,,,22.5,2005-05-25T11:00:00,,,,19.8,2005-05-25T21:00:00,,,,,,,,,,,,,,,,,,,,,,,,,96,2005-05-25T01:00:00,,,,,,,,,,,,,,,,,,,,,,,,,,,,,,,,,24.8,,,,,,,,,,,,,,,,,,,,,,,,,,,,,,,,,,,,,,,,,,,,,,,,,,,,,,,,,,,,,,,,,,,,,,,,,,,,,,,,,,,,,,,6.2,2005-05-25T18:00:00,,,,,,,,,,,,,,,,,,,,,,,,,,,,,,,,,,,,,,,,,,,,,,,,,,,,,,,,,,,,,,,,,,,,,,,,,,,,,,
2005-05-26,987.6,,988.6,2005-05-26T09:00:00,986.7,2005-05-26T17:00:00,23.8,27.3,2005-05-26T13:00:00,21.9,2005-05-26T03:00:00,20.6,83,74,2005-05-26T11:00:00,2.9,67.5,8.9,67.5,2005-05-26T08:00:00,0.0,,,,,0.7,8.49,2.5,,25.0,24.9,24.8,24.2,22.8,,,,,,,,,21.9,2005-05-26T14:00:00,,,,19.9,2005-05-26T02:00:00,,,,,,,,,,,,,,,,,,,,,,,,,90,2005-05-26T23:59:59,,,,,,,,,,,,,,,,,,,,,,,,,,,,,,,,,24.6,,,,,,,,,,,,,,,,,,,,,,,,,,,,,,,,,,,,,,,,,,,,,,,,,,,,,,,,,,,,,,,,,,,,,,,,,,,,,,,,,,,,,,,4.0,2005-05-26T17:00:00,,,,,,,,,,,,,,,,,,,,,,,,,,,,,,,,,,,,,,,,,,,,,,,,,,,,,,,,,,,,,,,,,,,,,,,,,,,,,,
2005-05-27,986.0,,986.6,2005-05-27T01:00:00,985.2,2005-05-27T15:00:00,24.6,29.5,2005-05-27T13:00:00,22.3,2005-05-27T01:00:00,22.0,86,70,2005-05-27T10:00:00,2.2,292.5,8.3,292.5,2005-05-27T14:00:00,0.0,,,,,1.0,8.87,2.7,,25.1,24.9,24.7,24.1,22.8,,,,,,,,,24.0,2005-05-27T11:00:00,,,,20.3,2005-05-27T02:00:00,,,,,,,,,,,,,,,,,,,,,,,,,94,2005-05-27T23:59:59,,,,,,,,,,,,,,,,,,,,,,,,,,,,,,,,,24.5,,,,,,,,,,,,,,,,,,,,,,,,,,,,,,,,,,,,,,,,,,,,,,,,,,,,,,,,,,,,,,,,,,,,,,,,,,,,,,,,,,,,,,,4.5,2005-05-27T13:00:00,,,,,,,,,,,,,,,,,,,,,,,,,,,,,,,,,,,,,,,,,,,,,,,,,,,,,,,,,,,,,,,,,,,,,,,,,,,,,,
2005-05-28,986.4,,988.3,2005-05-28T22:00:00,985.1,2005-05-28T04:00:00,23.2,25.4,2005-05-28T10:00:00,21.9,2005-05-28T04:00:00,22.0,93,87,2005-05-28T10:00:00,2.6,67.5,8.6,45.0,2005-05-28T12:00:00,1.0,,,,,0.0,5.48,0.4,,24.9,24.8,24.7,24.1,22.8,,,,,,,,,22.9,2005-05-28T11:00:00,,,,21.2,2005-05-28T04:00:00,,,,,,,,,,,,,,,,,,,,,,,,,97,2005-05-28T19:00:00,,,,,,,,,,,,,,,,,,,,,,,,,,,,,,,,,24.5,,,,,,,,,,,,,,,,,,,,,,,,,,,,,,,,,,,,,,,,,,,,,,,,,,,,,,,,,,,,,,,,,,,,,,,,,,,,,,,,,,,,,,,4.1,2005-05-28T12:00:00,,,,,,,,,,,,,,,,,,,,,,,,,,,,,,,,,,,,,,,,,,,,,,,,,,,,,,,,,,,,,,,,,,,,,,,,,,,,,,
2005-05-29,988.2,,988.9,2005-05-29T08:00:00,987.6,2005-05-29T03:00:00,22.8,24.8,2005-05-29T16:00:00,21.9,2005-05-29T22:00:00,21.5,93,86,2005-05-29T17:00:00,3.9,67.5,11.4,67.5,2005-05-29T22:00:00,4.0,,,,,0.0,6.46,0.0,,24.5,24.4,24.4,24.0,22.9,,,,,,,,,22.2,2005-05-29T11:00:00,,,,21.0,2005-05-29T18:00:00,,,,,,,,,,,,,,,,,,,,,,,,,97,2005-05-29T10:00:00,,,,,,,,,,,,,,,,,,,,,,,,,,,,,,,,,24.3,,,,,,,,,,,,,,,,,,,,,,,,,,,,,,,,,,,,,,,,,,,,,,,,,,,,,,,,,,,,,,,,,,,,,,,,,,,,,,,,,,,,,,,5.6,2005-05-29T23:59:59,,,,,,,,,,,,,,,,,,,,,,,,,,,,,,,,,,,,,,,,,,,,,,,,,,,,,,,,,,,,,,,,,,,,,,,,,,,,,,
2005-05-30,986.2,,987.8,2005-05-30T01:00:00,984.8,2005-05-30T16:00:00,25.5,30.0,2005-05-30T15:00:00,22.1,2005-05-30T01:00:00,20.2,74,59,2005-05-30T15:00:00,4.7,90.0,14.0,67.5,2005-05-30T09:00:00,0.0,,,,,10.0,19.39,5.6,,24.7,24.6,24.3,23.9,22.9,,,,,,,,,21.2,2005-05-30T13:00:00,,,,19.1,2005-05-30T19:00:00,,,,,,,,,,,,,,,,,,,,,,,,,92,2005-05-30T01:00:00,,,,,,,,,,,,,,,,,,,,,,,,,,,,,,,,,24.1,,,,,,,,,,,,,,,,,,,,,,,,,,,,,,,,,,,,,,,,,,,,,,,,,,,,,,,,,,,,,,,,,,,,,,,,,,,,,,,,,,,,,,,6.8,2005-05-30T06:00:00,,,,,,,,,,,,,,,,,,,,,,,,,,,,,,,,,,,,,,,,,,,,,,,,,,,,,,,,,,,,,,,,,,,,,,,,,,,,,,
2005-05-31,985.0,,986.2,2005-05-31T09:00:00,984.1,2005-05-31T23:59:59,26.0,30.6,2005-05-31T12:00:00,22.7,2005-05-31T01:00:00,21.8,78,69,2005-05-31T16:00:00,2.2,157.5,8.3,292.5,2005-05-31T14:00:00,0.0,,,,,3.0,11.72,3.1,,25.5,25.3,24.8,23.9,22.9,,,,,,,,,24.1,2005-05-31T12:00:00,,,,19.5,2005-05-31T01:00:00,,,,,,,,,,,,,,,,,,,,,,,,,89,2005-05-31T22:00:00,,,,,,,,,,,,,,,,,,,,,,,,,,,,,,,,,24.4,,,,,,,,,,,,,,,,,,,,,,,,,,,,,,,,,,,,,,,,,,,,,,,,,,,,,,,,,,,,,,,,,,,,,,,,,,,,,,,,,,,,,,,4.0,2005-05-31T11:00:00,,,,,,,,,,,,,,,,,,,,,,,,,,,,,,,,,,,,,,,,,,,,,,,,,,,,,,,,,,,,,,,,,,,,,,,,,,,,,,
2005-06-01,982.6,,983.6,2005-06-01T01:00:00,981.2,2005-06-01T16:00:00,26.4,30.0,2005-06-01T10:00:00,22.5,2005-06-01T05:00:00,23.1,83,62,2005-06-01T09:00:00,1.8,270.0,7.0,270.0,2005-06-01T18:00:00,0.0,,,,,3.5,9.41,2.8,,25.6,25.5,25.0,24.1,22.9,,,,,,,,,24.7,2005-06-01T14:00:00,,,,20.7,2005-06-01T03:00:00,,,,,,,,,,,,,,,,,,,,,,,,,92,2005-06-01T21:00:00,,,,,,,,,,,,,,,,,,,,,,,,,,,,,,,,,24.7,,,,,,,,,,,,,,,,,,,,,,,,,,,,,,,,,,,,,,,,,,,,,,,,,,,,,,,,,,,,,,,,,,,,,,,,,,,,,,,,,,,,,,,3.9,2005-06-01T13:00:00,,,,,,,,,,,,,,,,,,,,,,,,,,,,,,,,,,,,,,,,,,,,,,,,,,,,,,,,,,,,,,,,,,,,,,,,,,,,,,
2005-06-02,982.3,,983.0,2005-06-02T23:00:00,981.5,2005-06-02T03:00:00,26.5,30.0,2005-06-02T10:00:00,24.6,2005-06-02T04:00:00,22.5,79,64,2005-06-02T10:00:00,4.5,247.5,15.5,247.5,2005-06-02T15:00:00,3.0,,,,,3.0,8.59,1.4,,25.6,25.5,25.1,24.2,22.9,,,,,,,,,23.9,2005-06-02T13:00:00,,,,20.7,2005-06-02T22:00:00,,,,,,,,,,,,,,,,,,,,,,,,,92,2005-06-02T15:00:00,,,,,,,,,,,,,,,,,,,,,,,,,,,,,,,,,24.8,,,,,,,,,,,,,,,,,,,,,,,,,,,,,,,,,,,,,,,,,,,,,,,,,,,,,,,,,,,,,,,,,,,,,,,,,,,,,,,,,,,,,,,6.9,2005-06-02T11:00:00,,,,,,,,,,,,,,,,,,,,,,,,,,,,,,,,,,,,,,,,,,,,,,,,,,,,,,,,,,,,,,,,,,,,,,,,,,,,,,
2005-06-03,983.1,,984.8,2005-06-03T23:00:00,981.4,2005-06-03T04:00:00,24.8,28.9,2005-06-03T08:00:00,22.4,2005-06-03T23:59:59,22.9,90,76,2005-06-03T01:00:00,2.6,247.5,15.3,247.5,2005-06-03T13:00:00,37.0,,,,,0.0,7.22,1.0,,25.2,25.1,25.0,24.2,23.0,,,,,,,,,24.2,2005-06-03T11:00:00,,,,21.5,2005-06-03T01:00:00,,,,,,,,,,,,,,,,,,,,,,,,,97,2005-06-03T23:59:59,,,,,,,,,,,,,,,,,,,,,,,,,,,,,,,,,24.7,,,,,,,,,,,,,,,,,,,,,,,,,,,,,,,,,,,,,,,,,,,,,,,,,,,,,,,,,,,,,,,,,,,,,,,,,,,,,,,,,,,,,,,6.0,2005-06-03T13:00:00,,,,,,,,,,,,,,,,,,,,,,,,,,,,,,,,,,,,,,,,,,,,,,,,,,,,,,,,,,,,,,,,,,,,,,,,,,,,,,
2005-06-04,985.1,,986.0,2005-06-04T09:00:00,984.3,2005-06-04T17:00:00,25.0,30.2,2005-06-04T12:00:00,21.1,2005-06-04T03:00:00,20.4,76,64,2005-06-04T18:00:00,3.4,90.0,10.4,67.5,2005-06-04T19:00:00,0.0,,,,,11.7,18.14,6.0,,25.3,25.1,24.8,24.2,23.0,,,,,,,,,22.9,2005-06-04T10:00:00,,,,17.1,2005-06-04T21:00:00,,,,,,,,,,,,,,,,,,,,,,,,,96,2005-06-04T02:00:00,,,,,,,,,,,,,,,,,,,,,,,,,,,,,,,,,24.6,,,,,,,,,,,,,,,,,,,,,,,,,,,,,,,,,,,,,,,,,,,,,,,,,,,,,,,,,,,,,,,,,,,,,,,,,,,,,,,,,,,,,,,4.7,2005-06-04T13:00:00,,,,,,,,,,,,,,,,,,,,,,,,,,,,,,,,,,,,,,,,,,,,,,,,,,,,,,,,,,,,,,,,,,,,,,,,,,,,,,
2005-06-05,985.3,,986.2,2005-06-05T08:00:00,984.2,2005-06-05T16:00:00,25.0,30.3,2005-06-05T14:00:00,21.3,2005-06-05T06:00:00,16.5,62,34,2005-06-05T13:00:00,4.9,67.5,13.7,90.0,2005-06-05T16:00:00,0.0,,,,,10.5,20.33,7.6,,25.7,25.5,25.1,24.3,23.1,,,,,,,,,19.9,2005-06-05T09:00:00,,,,12.2,2005-06-05T13:00:00,,,,,,,,,,,,,,,,,,,,,,,,,84,2005-06-05T01:00:00,,,,,,,,,,,,,,,,,,,,,,,,,,,,,,,,,24.8,,,,,,,,,,,,,,,,,,,,,,,,,,,,,,,,,,,,,,,,,,,,,,,,,,,,,,,,,,,,,,,,,,,,,,,,,,,,,,,,,,,,,,,7.2,2005-06-05T16:00:00,,,,,,,,,,,,,,,,,,,,,,,,,,,,,,,,,,,,,,,,,,,,,,,,,,,,,,,,,,,,,,,,,,,,,,,,,,,,,,
2005-06-06,985.6,,986.3,2005-06-06T07:00:00,984.6,2005-06-06T17:00:00,24.0,29.4,2005-06-06T14:00:00,19.4,2005-06-06T05:00:00,18.1,71,55,2005-06-06T11:00:00,4.0,67.5,11.2,67.5,2005-06-06T09:00:00,0.0,,,,,10.0,20.96,6.1,,25.6,25.5,25.1,24.3,23.1,,,,,,,,,20.4,2005-06-06T14:00:00,,,,16.3,2005-06-06T01:00:00,,,,,,,,,,,,,,,,,,,,,,,,,84,2005-06-06T05:00:00,,,,,,,,,,,,,,,,,,,,,,,,,,,,,,,,,24.8,,,,,,,,,,,,,,,,,,,,,,,,,,,,,,,,,,,,,,,,,,,,,,,,,,,,,,,,,,,,,,,,,,,,,,,,,,,,,,,,,,,,,,,5.6,2005-06-06T09:00:00,,,,,,,,,,,,,,,,,,,,,,,,,,,,,,,,,,,,,,,,,,,,,,,,,,,,,,,,,,,,,,,,,,,,,,,,,,,,,,
2005-06-07,984.9,,985.9,2005-06-07T08:00:00,983.8,2005-06-07T16:00:00,25.4,31.4,2005-06-07T14:00:00,21.3,2005-06-07T05:00:00,19.0,69,52,2005-06-07T14:00:00,3.1,90.0,9.4,90.0,2005-06-07T02:00:00,0.0,,,,,8.8,19.06,6.3,,25.8,25.7,25.3,24.4,23.2,,,,,,,,,20.6,2005-06-07T10:00:00,,,,17.3,2005-06-07T20:00:00,,,,,,,,,,,,,,,,,,,,,,,,,89,2005-06-07T06:00:00,,,,,,,,,,,,,,,,,,,,,,,,,,,,,,,,,24.9,,,,,,,,,,,,,,,,,,,,,,,,,,,,,,,,,,,,,,,,,,,,,,,,,,,,,,,,,,,,,,,,,,,,,,,,,,,,,,,,,,,,,,,4.6,2005-06-07T17:00:00,,,,,,,,,,,,,,,,,,,,,,,,,,,,,,,,,,,,,,,,,,,,,,,,,,,,,,,,,,,,,,,,,,,,,,,,,,,,,,
2005-06-08,985.0,,985.8,2005-06-08T10:00:00,984.3,2005-06-08T16:00:00,25.2,30.9,2005-06-08T13:00:00,20.4,2005-06-08T02:00:00,20.1,74,58,2005-06-08T13:00:00,2.2,112.5,8.3,67.5,2005-06-08T17:00:00,0.0,,,,,4.5,13.81,4.0,,25.8,25.7,25.4,24.5,23.2,,,,,,,,,21.9,2005-06-08T14:00:00,,,,18.1,2005-06-08T05:00:00,,,,,,,,,,,,,,,,,,,,,,,,,88,2005-06-08T02:00:00,,,,,,,,,,,,,,,,,,,,,,,,,,,,,,,,,25.0,,,,,,,,,,,,,,,,,,,,,,,,,,,,,,,,,,,,,,,,,,,,,,,,,,,,,,,,,,,,,,,,,,,,,,,,,,,,,,,,,,,,,,,4.1,2005-06-08T16:00:00,,,,,,,,,,,,,,,,,,,,,,,,,,,,,,,,,,,,,,,,,,,,,,,,,,,,,,,,,,,,,,,,,,,,,,,,,,,,,,
2005-06-09,984.3,,985.4,2005-06-09T09:00:00,983.3,2005-06-09T16:00:00,26.5,31.3,2005-06-09T14:00:00,22.7,2005-06-09T04:00:00,21.7,76,63,2005-06-09T16:00:00,1.8,135.0,7.2,292.5,2005-06-09T15:00:00,0.0,,,,,5.0,14.11,4.1,,25.9,25.8,25.4,24.5,23.2,,,,,,,,,24.1,2005-06-09T13:00:00,,,,20.6,2005-06-09T02:00:00,,,,,,,,,,,,,,,,,,,,,,,,,88,2005-06-09T05:00:00,,,,,,,,,,,,,,,,,,,,,,,,,,,,,,,,,25.1,,,,,,,,,,,,,,,,,,,,,,,,,,,,,,,,,,,,,,,,,,,,,,,,,,,,,,,,,,,,,,,,,,,,,,,,,,,,,,,,,,,,,,,3.7,2005-06-09T16:00:00,,,,,,,,,,,,,,,,,,,,,,,,,,,,,,,,,,,,,,,,,,,,,,,,,,,,,,,,,,,,,,,,,,,,,,,,,,,,,,
2005-06-10,982.0,,983.2,2005-06-10T01:00:00,980.9,2005-06-10T16:00:00,26.7,30.0,2005-06-10T11:00:00,23.2,2005-06-10T03:00:00,22.8,80,68,2005-06-10T05:00:00,2.1,247.5,7.9,270.0,2005-06-10T14:00:00,0.0,,,,,1.0,7.85,1.9,,26.0,25.8,25.5,24.6,23.3,,,,,,,,,24.8,2005-06-10T11:00:00,,,,19.0,2005-06-10T03:00:00,,,,,,,,,,,,,,,,,,,,,,,,,95,2005-06-10T23:59:59,,,,,,,,,,,,,,,,,,,,,,,,,,,,,,,,,25.2,,,,,,,,,,,,,,,,,,,,,,,,,,,,,,,,,,,,,,,,,,,,,,,,,,,,,,,,,,,,,,,,,,,,,,,,,,,,,,,,,,,,,,,4.1,2005-06-10T14:00:00,,,,,,,,,,,,,,,,,,,,,,,,,,,,,,,,,,,,,,,,,,,,,,,,,,,,,,,,,,,,,,,,,,,,,,,,,,,,,,
2005-06-11,980.9,,982.1,2005-06-11T22:00:00,979.5,2005-06-11T16:00:00,27.5,33.1,2005-06-11T15:00:00,24.7,2005-06-11T06:00:00,24.3,84,67,2005-06-11T15:00:00,2.3,247.5,10.9,247.5,2005-06-11T11:00:00,0.0,,,,,7.5,14.47,3.5,,26.1,25.9,25.5,24.6,23.3,,,,,,,,,25.3,2005-06-11T16:00:00,,,,23.2,2005-06-11T05:00:00,,,,,,,,,,,,,,,,,,,,,,,,,98,2005-06-11T23:59:59,,,,,,,,,,,,,,,,,,,,,,,,,,,,,,,,,25.2,,,,,,,,,,,,,,,,,,,,,,,,,,,,,,,,,,,,,,,,,,,,,,,,,,,,,,,,,,,,,,,,,,,,,,,,,,,,,,,,,,,,,,,4.8,2005-06-11T10:00:00,,,,,,,,,,,,,,,,,,,,,,,,,,,,,,,,,,,,,,,,,,,,,,,,,,,,,,,,,,,,,,,,,,,,,,,,,,,,,,
2005-06-12,981.1,,982.6,2005-06-12T23:00:00,980.3,2005-06-12T04:00:00,25.8,28.6,2005-06-12T13:00:00,24.6,2005-06-12T22:00:00,24.7,94,83,2005-06-12T10:00:00,2.3,292.5,8.0,270.0,2005-06-12T09:00:00,4.0,,,,,0.0,10.38,1.3,,26.5,26.3,25.9,24.7,23.3,,,,,,,,,25.5,2005-06-12T14:00:00,,,,24.1,2005-06-12T03:00:00,,,,,,,,,,,,,,,,,,,,,,,,,99,2005-06-12T23:59:59,,,,,,,,,,,,,,,,,,,,,,,,,,,,,,,,,25.4,,,,,,,,,,,,,,,,,,,,,,,,,,,,,,,,,,,,,,,,,,,,,,,,,,,,,,,,,,,,,,,,,,,,,,,,,,,,,,,,,,,,,,,4.2,2005-06-12T10:00:00,,,,,,,,,,,,,,,,,,,,,,,,,,,,,,,,,,,,,,,,,,,,,,,,,,,,,,,,,,,,,,,,,,,,,,,,,,,,,,
2005-06-13,982.3,,983.6,2005-06-13T22:00:00,981.2,2005-06-13T16:00:00,25.9,31.3,2005-06-13T13:00:00,24.2,2005-06-13T05:00:00,24.8,94,73,2005-06-13T12:00:00,1.3,112.5,7.1,270.0,2005-06-13T16:00:00,22.0,,,,,0.0,10.88,0.1,,26.4,26.2,25.9,24.8,23.4,,,,,,,,,26.1,2005-06-13T16:00:00,,,,24.0,2005-06-13T23:59:59,,,,,,,,,,,,,,,,,,,,,,,,,99,2005-06-13T21:00:00,,,,,,,,,,,,,,,,,,,,,,,,,,,,,,,,,25.5,,,,,,,,,,,,,,,,,,,,,,,,,,,,,,,,,,,,,,,,,,,,,,,,,,,,,,,,,,,,,,,,,,,,,,,,,,,,,,,,,,,,,,,2.6,2005-06-13T13:00:00,,,,,,,,,,,,,,,,,,,,,,,,,,,,,,,,,,,,,,,,,,,,,,,,,,,,,,,,,,,,,,,,,,,,,,,,,,,,,,
2005-06-14,981.5,,982.3,2005-06-14T01:00:00,980.1,2005-06-14T17:00:00,25.7,28.0,2005-06-14T10:00:00,24.0,2005-06-14T06:00:00,24.5,94,85,2005-06-14T11:00:00,1.6,247.5,8.2,270.0,2005-06-14T12:00:00,8.5,,,,,0.0,8.57,0.1,,26.3,26.2,25.9,24.9,23.5,,,,,,,,,25.4,2005-06-14T10:00:00,,,,23.7,2005-06-14T02:00:00,,,,,,,,,,,,,,,,,,,,,,,,,98,2005-06-14T23:59:59,,,,,,,,,,,,,,,,,,,,,,,,,,,,,,,,,25.5,,,,,,,,,,,,,,,,,,,,,,,,,,,,,,,,,,,,,,,,,,,,,,,,,,,,,,,,,,,,,,,,,,,,,,,,,,,,,,,,,,,,,,,4.9,2005-06-14T12:00:00,,,,,,,,,,,,,,,,,,,,,,,,,,,,,,,,,,,,,,,,,,,,,,,,,,,,,,,,,,,,,,,,,,,,,,,,,,,,,,
2005-06-15,981.8,,983.7,2005-06-15T22:00:00,980.0,2005-06-15T04:00:00,25.2,27.5,2005-06-15T12:00:00,23.7,2005-06-15T04:00:00,24.5,96,84,2005-06-15T12:00:00,1.7,90.0,7.1,90.0,2005-06-15T21:00:00,11.0,,,,,0.0,8.6,0.1,,26.3,26.2,25.9,24.9,23.5,,,,,,,,,25.5,2005-06-15T11:00:00,,,,23.4,2005-06-15T03:00:00,,,,,,,,,,,,,,,,,,,,,,,,,99,2005-06-15T05:00:00,,,,,,,,,,,,,,,,,,,,,,,,,,,,,,,,,25.6,,,,,,,,,,,,,,,,,,,,,,,,,,,,,,,,,,,,,,,,,,,,,,,,,,,,,,,,,,,,,,,,,,,,,,,,,,,,,,,,,,,,,,,3.2,2005-06-15T20:00:00,,,,,,,,,,,,,,,,,,,,,,,,,,,,,,,,,,,,,,,,,,,,,,,,,,,,,,,,,,,,,,,,,,,,,,,,,,,,,,
2005-06-16,985.2,,986.6,2005-06-16T23:00:00,983.3,2005-06-16T01:00:00,23.4,25.1,2005-06-16T11:00:00,21.9,2005-06-16T19:00:00,22.9,97,91,2005-06-16T10:00:00,2.1,90.0,9.3,90.0,2005-06-16T15:00:00,36.5,,,,,0.0,6.21,1.9,,25.9,25.8,25.8,25.1,23.7,,,,,,,,,24.0,2005-06-16T01:00:00,,,,21.8,2005-06-16T19:00:00,,,,,,,,,,,,,,,,,,,,,,,,,99,2005-06-16T07:00:00,,,,,,,,,,,,,,,,,,,,,,,,,,,,,,,,,25.6,,,,,,,,,,,,,,,,,,,,,,,,,,,,,,,,,,,,,,,,,,,,,,,,,,,,,,,,,,,,,,,,,,,,,,,,,,,,,,,,,,,,,,,4.0,2005-06-16T23:59:59,,,,,,,,,,,,,,,,,,,,,,,,,,,,,,,,,,,,,,,,,,,,,,,,,,,,,,,,,,,,,,,,,,,,,,,,,,,,,,
2005-06-17,986.1,,986.8,2005-06-17T09:00:00,985.5,2005-06-17T16:00:00,25.8,30.3,2005-06-17T12:00:00,23.4,2005-06-17T06:00:00,23.7,89,73,2005-06-17T13:00:00,3.2,270.0,17.4,270.0,2005-06-17T14:00:00,3.5,,,,,0.0,10.76,2.0,,25.6,25.5,25.4,25.1,23.8,,,,,,,,,24.9,2005-06-17T11:00:00,,,,22.5,2005-06-17T05:00:00,,,,,,,,,,,,,,,,,,,,,,,,,97,2005-06-17T03:00:00,,,,,,,,,,,,,,,,,,,,,,,,,,,,,,,,,25.4,,,,,,,,,,,,,,,,,,,,,,,,,,,,,,,,,,,,,,,,,,,,,,,,,,,,,,,,,,,,,,,,,,,,,,,,,,,,,,,,,,,,,,,6.9,2005-06-17T14:00:00,,,,,,,,,,,,,,,,,,,,,,,,,,,,,,,,,,,,,,,,,,,,,,,,,,,,,,,,,,,,,,,,,,,,,,,,,,,,,,
2005-06-18,984.0,,985.3,2005-06-18T01:00:00,982.9,2005-06-18T16:00:00,27.8,31.2,2005-06-18T13:00:00,25.0,2005-06-18T01:00:00,22.5,74,59,2005-06-18T13:00:00,5.6,247.5,17.9,247.5,2005-06-18T13:00:00,0.0,,,,,2.0,9.55,4.1,,25.9,25.7,25.5,25.0,23.8,,,,,,,,,23.3,2005-06-18T01:00:00,,,,21.4,2005-06-18T13:00:00,,,,,,,,,,,,,,,,,,,,,,,,,89,2005-06-18T01:00:00,,,,,,,,,,,,,,,,,,,,,,,,,,,,,,,,,25.3,,,,,,,,,,,,,,,,,,,,,,,,,,,,,,,,,,,,,,,,,,,,,,,,,,,,,,,,,,,,,,,,,,,,,,,,,,,,,,,,,,,,,,,7.9,2005-06-18T17:00:00,,,,,,,,,,,,,,,,,,,,,,,,,,,,,,,,,,,,,,,,,,,,,,,,,,,,,,,,,,,,,,,,,,,,,,,,,,,,,,
2005-06-19,982.7,,983.5,2005-06-19T21:00:00,981.9,2005-06-19T16:00:00,28.2,31.3,2005-06-19T12:00:00,26.8,2005-06-19T01:00:00,21.8,68,64,2005-06-19T18:00:00,6.4,247.5,24.0,247.5,2005-06-19T11:00:00,0.0,,,,,2.0,9.76,4.5,,25.7,25.6,25.5,24.9,23.9,,,,,,,,,23.3,2005-06-19T14:00:00,,,,20.6,2005-06-19T03:00:00,,,,,,,,,,,,,,,,,,,,,,,,,73,2005-06-19T20:00:00,,,,,,,,,,,,,,,,,,,,,,,,,,,,,,,,,25.3,,,,,,,,,,,,,,,,,,,,,,,,,,,,,,,,,,,,,,,,,,,,,,,,,,,,,,,,,,,,,,,,,,,,,,,,,,,,,,,,,,,,,,,8.6,2005-06-19T12:00:00,,,,,,,,,,,,,,,,,,,,,,,,,,,,,,,,,,,,,,,,,,,,,,,,,,,,,,,,,,,,,,,,,,,,,,,,,,,,,,
2005-06-20,983.1,,983.9,2005-06-20T23:00:00,982.0,2005-06-20T16:00:00,29.1,33.0,2005-06-20T13:00:00,27.1,2005-06-20T05:00:00,22.1,66,57,2005-06-20T11:00:00,6.4,247.5,18.3,270.0,2005-06-20T14:00:00,0.0,,,,,7.2,17.18,6.8,,26.0,25.8,25.5,24.9,23.9,,,,,,,,,23.7,2005-06-20T18:00:00,,,,20.7,2005-06-20T01:00:00,,,,,,,,,,,,,,,,,,,,,,,,,74,2005-06-20T18:00:00,,,,,,,,,,,,,,,,,,,,,,,,,,,,,,,,,25.3,,,,,,,,,,,,,,,,,,,,,,,,,,,,,,,,,,,,,,,,,,,,,,,,,,,,,,,,,,,,,,,,,,,,,,,,,,,,,,,,,,,,,,,8.8,2005-06-20T14:00:00,,,,,,,,,,,,,,,,,,,,,,,,,,,,,,,,,,,,,,,,,,,,,,,,,,,,,,,,,,,,,,,,,,,,,,,,,,,,,,
2005-06-21,983.7,,984.9,2005-06-21T22:00:00,982.8,2005-06-21T04:00:00,28.8,32.3,2005-06-21T11:00:00,26.0,2005-06-21T23:59:59,22.3,69,57,2005-06-21T09:00:00,6.2,247.5,18.5,247.5,2005-06-21T01:00:00,0.0,,,,,4.0,13.55,5.9,,26.3,26.1,25.8,25.0,23.9,,,,,,,,,24.7,2005-06-21T14:00:00,,,,20.3,2005-06-21T05:00:00,,,,,,,,,,,,,,,,,,,,,,,,,77,2005-06-21T22:00:00,,,,,,,,,,,,,,,,,,,,,,,,,,,,,,,,,25.5,,,,,,,,,,,,,,,,,,,,,,,,,,,,,,,,,,,,,,,,,,,,,,,,,,,,,,,,,,,,,,,,,,,,,,,,,,,,,,,,,,,,,,,7.9,2005-06-21T13:00:00,,,,,,,,,,,,,,,,,,,,,,,,,,,,,,,,,,,,,,,,,,,,,,,,,,,,,,,,,,,,,,,,,,,,,,,,,,,,,,
2005-06-22,984.5,,985.7,2005-06-22T23:00:00,983.7,2005-06-22T16:00:00,28.4,32.0,2005-06-22T10:00:00,24.9,2005-06-22T04:00:00,22.3,70,61,2005-06-22T11:00:00,3.8,247.5,17.8,247.5,2005-06-22T17:00:00,0.0,,,,,3.0,12.38,4.8,,26.3,26.1,25.8,25.0,23.9,,,,,,,,,23.5,2005-06-22T12:00:00,,,,21.0,2005-06-22T02:00:00,,,,,,,,,,,,,,,,,,,,,,,,,81,2005-06-22T04:00:00,,,,,,,,,,,,,,,,,,,,,,,,,,,,,,,,,25.5,,,,,,,,,,,,,,,,,,,,,,,,,,,,,,,,,,,,,,,,,,,,,,,,,,,,,,,,,,,,,,,,,,,,,,,,,,,,,,,,,,,,,,,7.4,2005-06-22T15:00:00,,,,,,,,,,,,,,,,,,,,,,,,,,,,,,,,,,,,,,,,,,,,,,,,,,,,,,,,,,,,,,,,,,,,,,,,,,,,,,
2005-06-23,985.8,,987.2,2005-06-23T23:00:00,985.0,2005-06-23T04:00:00,27.3,29.8,2005-06-23T13:00:00,25.0,2005-06-23T02:00:00,22.8,77,68,2005-06-23T08:00:00,3.7,247.5,14.4,270.0,2005-06-23T15:00:00,0.0,,,,,0.0,8.14,2.2,,26.2,26.1,25.9,25.1,23.9,,,,,,,,,24.3,2005-06-23T12:00:00,,,,20.8,2005-06-23T04:00:00,,,,,,,,,,,,,,,,,,,,,,,,,88,2005-06-23T23:59:59,,,,,,,,,,,,,,,,,,,,,,,,,,,,,,,,,25.6,,,,,,,,,,,,,,,,,,,,,,,,,,,,,,,,,,,,,,,,,,,,,,,,,,,,,,,,,,,,,,,,,,,,,,,,,,,,,,,,,,,,,,,6.4,2005-06-23T15:00:00,,,,,,,,,,,,,,,,,,,,,,,,,,,,,,,,,,,,,,,,,,,,,,,,,,,,,,,,,,,,,,,,,,,,,,,,,,,,,,
2005-06-24,986.6,,987.6,2005-06-24T08:00:00,985.8,2005-06-24T18:00:00,26.3,28.8,2005-06-24T09:00:00,24.3,2005-06-24T05:00:00,22.7,81,71,2005-06-24T09:00:00,2.5,247.5,12.9,247.5,2005-06-24T14:00:00,0.0,,,,,0.0,7.11,1.1,,26.0,25.9,25.7,25.1,23.9,,,,,,,,,23.9,2005-06-24T22:00:00,,,,21.5,2005-06-24T03:00:00,,,,,,,,,,,,,,,,,,,,,,,,,92,2005-06-24T23:00:00,,,,,,,,,,,,,,,,,,,,,,,,,,,,,,,,,25.5,,,,,,,,,,,,,,,,,,,,,,,,,,,,,,,,,,,,,,,,,,,,,,,,,,,,,,,,,,,,,,,,,,,,,,,,,,,,,,,,,,,,,,,4.9,2005-06-24T13:00:00,,,,,,,,,,,,,,,,,,,,,,,,,,,,,,,,,,,,,,,,,,,,,,,,,,,,,,,,,,,,,,,,,,,,,,,,,,,,,,
2005-06-25,986.4,,987.1,2005-06-25T21:00:00,985.4,2005-06-25T16:00:00,27.1,29.7,2005-06-25T12:00:00,23.9,2005-06-25T06:00:00,23.1,79,69,2005-06-25T12:00:00,3.1,247.5,12.6,247.5,2005-06-25T05:00:00,0.0,,,,,2.0,8.23,1.9,,25.9,25.8,25.6,25.1,24.0,,,,,,,,,24.5,2005-06-25T20:00:00,,,,21.1,2005-06-25T03:00:00,,,,,,,,,,,,,,,,,,,,,,,,,93,2005-06-25T05:00:00,,,,,,,,,,,,,,,,,,,,,,,,,,,,,,,,,25.4,,,,,,,,,,,,,,,,,,,,,,,,,,,,,,,,,,,,,,,,,,,,,,,,,,,,,,,,,,,,,,,,,,,,,,,,,,,,,,,,,,,,,,,5.5,2005-06-25T14:00:00,,,,,,,,,,,,,,,,,,,,,,,,,,,,,,,,,,,,,,,,,,,,,,,,,,,,,,,,,,,,,,,,,,,,,,,,,,,,,,
2005-06-26,986.0,,987.0,2005-06-26T07:00:00,984.5,2005-06-26T15:00:00,27.6,33.0,2005-06-26T12:00:00,23.6,2005-06-26T05:00:00,24.0,82,62,2005-06-26T10:00:00,2.4,270.0,10.6,270.0,2005-06-26T16:00:00,1.0,,,,,9.4,17.01,4.0,,26.4,26.1,25.7,25.0,24.0,,,,,,,,,25.3,2005-06-26T13:00:00,,,,22.8,2005-06-26T05:00:00,,,,,,,,,,,,,,,,,,,,,,,,,95,2005-06-26T20:00:00,,,,,,,,,,,,,,,,,,,,,,,,,,,,,,,,,25.5,,,,,,,,,,,,,,,,,,,,,,,,,,,,,,,,,,,,,,,,,,,,,,,,,,,,,,,,,,,,,,,,,,,,,,,,,,,,,,,,,,,,,,,6.0,2005-06-26T15:00:00,,,,,,,,,,,,,,,,,,,,,,,,,,,,,,,,,,,,,,,,,,,,,,,,,,,,,,,,,,,,,,,,,,,,,,,,,,,,,,
2005-06-27,986.0,,986.7,2005-06-27T01:00:00,985.1,2005-06-27T19:00:00,26.2,31.9,2005-06-27T11:00:00,24.0,2005-06-27T22:00:00,24.2,89,69,2005-06-27T10:00:00,1.7,157.5,7.9,270.0,2005-06-27T13:00:00,1.5,,,,,0.0,6.92,0.4,,26.7,26.6,26.2,25.2,24.0,,,,,,,,,25.2,2005-06-27T14:00:00,,,,23.5,2005-06-27T23:59:59,,,,,,,,,,,,,,,,,,,,,,,,,98,2005-06-27T21:00:00,,,,,,,,,,,,,,,,,,,,,,,,,,,,,,,,,25.8,,,,,,,,,,,,,,,,,,,,,,,,,,,,,,,,,,,,,,,,,,,,,,,,,,,,,,,,,,,,,,,,,,,,,,,,,,,,,,,,,,,,,,,3.3,2005-06-27T14:00:00,,,,,,,,,,,,,,,,,,,,,,,,,,,,,,,,,,,,,,,,,,,,,,,,,,,,,,,,,,,,,,,,,,,,,,,,,,,,,,
2005-06-28,986.1,,987.7,2005-06-28T22:00:00,984.7,2005-06-28T02:00:00,25.4,27.4,2005-06-28T12:00:00,23.4,2005-06-28T04:00:00,24.1,93,86,2005-06-28T08:00:00,1.6,247.5,6.7,292.5,2005-06-28T13:00:00,2.0,,,,,0.0,5.0,0.2,,26.2,26.1,26.0,25.3,24.0,,,,,,,,,25.1,2005-06-28T14:00:00,,,,23.0,2005-06-28T04:00:00,,,,,,,,,,,,,,,,,,,,,,,,,99,2005-06-28T23:00:00,,,,,,,,,,,,,,,,,,,,,,,,,,,,,,,,,25.8,,,,,,,,,,,,,,,,,,,,,,,,,,,,,,,,,,,,,,,,,,,,,,,,,,,,,,,,,,,,,,,,,,,,,,,,,,,,,,,,,,,,,,,3.4,2005-06-28T14:00:00,,,,,,,,,,,,,,,,,,,,,,,,,,,,,,,,,,,,,,,,,,,,,,,,,,,,,,,,,,,,,,,,,,,,,,,,,,,,,,
2005-06-29,988.3,,990.1,2005-06-29T23:59:59,986.7,2005-06-29T01:00:00,25.9,30.2,2005-06-29T14:00:00,23.4,2005-06-29T03:00:00,24.0,90,74,2005-06-29T17:00:00,1.6,157.5,7.2,292.5,2005-06-29T18:00:00,0.5,,,,,2.0,9.5,0.4,,26.2,26.0,25.8,25.2,24.1,,,,,,,,,25.0,2005-06-29T15:00:00,,,,23.1,2005-06-29T05:00:00,,,,,,,,,,,,,,,,,,,,,,,,,99,2005-06-29T02:00:00,,,,,,,,,,,,,,,,,,,,,,,,,,,,,,,,,25.6,,,,,,,,,,,,,,,,,,,,,,,,,,,,,,,,,,,,,,,,,,,,,,,,,,,,,,,,,,,,,,,,,,,,,,,,,,,,,,,,,,,,,,,4.2,2005-06-29T18:00:00,,,,,,,,,,,,,,,,,,,,,,,,,,,,,,,,,,,,,,,,,,,,,,,,,,,,,,,,,,,,,,,,,,,,,,,,,,,,,,
2005-06-30,989.8,,991.2,2005-06-30T22:00:00,989.1,2005-06-30T04:00:00,27.1,32.5,2005-06-30T12:00:00,23.0,2005-06-30T04:00:00,23.6,82,64,2005-06-30T11:00:00,1.9,157.5,7.0,360.0,2005-06-30T14:00:00,1.0,,,,,9.2,15.56,5.4,,26.7,26.5,26.0,25.2,24.1,,,,,,,,,25.9,2005-06-30T12:00:00,,,,22.6,2005-06-30T05:00:00,,,,,,,,,,,,,,,,,,,,,,,,,99,2005-06-30T02:00:00,,,,,,,,,,,,,,,,,,,,,,,,,,,,,,,,,25.7,,,,,,,,,,,,,,,,,,,,,,,,,,,,,,,,,,,,,,,,,,,,,,,,,,,,,,,,,,,,,,,,,,,,,,,,,,,,,,,,,,,,,,,2.9,2005-06-30T08:00:00,,,,,,,,,,,,,,,,,,,,,,,,,,,,,,,,,,,,,,,,,,,,,,,,,,,,,,,,,,,,,,,,,,,,,,,,,,,,,,
2005-07-01,990.1,,991.1,2005-07-01T22:00:00,989.0,2005-07-01T14:00:00,27.2,32.2,2005-07-01T13:00:00,22.9,2005-07-01T06:00:00,23.6,81,63,2005-07-01T11:00:00,2.0,157.5,7.4,360.0,2005-07-01T16:00:00,0.0,,,,,10.2,14.86,4.7,,27.4,27.1,26.5,25.4,24.1,,,,,,,,,25.7,2005-07-01T15:00:00,,,,21.6,2005-07-01T06:00:00,,,,,,,,,,,,,,,,,,,,,,,,,93,2005-07-01T04:00:00,,,,,,,,,,,,,,,,,,,,,,,,,,,,,,,,,26.1,,,,,,,,,,,,,,,,,,,,,,,,,,,,,,,,,,,,,,,,,,,,,,,,,,,,,,,,,,,,,,,,,,,,,,,,,,,,,,,,,,,,,,,3.2,2005-07-01T15:00:00,,,,,,,,,,,,,,,,,,,,,,,,,,,,,,,,,,,,,,,,,,,,,,,,,,,,,,,,,,,,,,,,,,,,,,,,,,,,,,
2005-07-02,989.3,,989.9,2005-07-02T20:00:00,988.8,2005-07-02T17:00:00,28.0,32.7,2005-07-02T12:00:00,23.0,2005-07-02T06:00:00,23.8,79,61,2005-07-02T11:00:00,2.7,270.0,9.8,270.0,2005-07-02T15:00:00,0.0,,,,,10.5,15.6,5.7,,27.9,27.6,27.0,25.6,24.2,,,,,,,,,24.9,2005-07-02T16:00:00,,,,21.7,2005-07-02T06:00:00,,,,,,,,,,,,,,,,,,,,,,,,,94,2005-07-02T23:59:59,,,,,,,,,,,,,,,,,,,,,,,,,,,,,,,,,26.4,,,,,,,,,,,,,,,,,,,,,,,,,,,,,,,,,,,,,,,,,,,,,,,,,,,,,,,,,,,,,,,,,,,,,,,,,,,,,,,,,,,,,,,5.2,2005-07-02T14:00:00,,,,,,,,,,,,,,,,,,,,,,,,,,,,,,,,,,,,,,,,,,,,,,,,,,,,,,,,,,,,,,,,,,,,,,,,,,,,,,
2005-07-03,988.0,,989.4,2005-07-03T09:00:00,987.0,2005-07-03T17:00:00,28.1,31.7,2005-07-03T15:00:00,24.5,2005-07-03T03:00:00,24.7,82,72,2005-07-03T15:00:00,3.2,247.5,10.3,247.5,2005-07-03T10:00:00,0.0,,,,,8.5,12.67,4.9,,28.1,27.9,27.4,25.9,24.2,,,,,,,,,26.7,2005-07-03T12:00:00,,,,22.6,2005-07-03T05:00:00,,,,,,,,,,,,,,,,,,,,,,,,,94,2005-07-03T02:00:00,,,,,,,,,,,,,,,,,,,,,,,,,,,,,,,,,26.8,,,,,,,,,,,,,,,,,,,,,,,,,,,,,,,,,,,,,,,,,,,,,,,,,,,,,,,,,,,,,,,,,,,,,,,,,,,,,,,,,,,,,,,5.2,2005-07-03T09:00:00,,,,,,,,,,,,,,,,,,,,,,,,,,,,,,,,,,,,,,,,,,,,,,,,,,,,,,,,,,,,,,,,,,,,,,,,,,,,,,
2005-07-04,986.7,,987.6,2005-07-04T09:00:00,985.8,2005-07-04T17:00:00,28.9,33.7,2005-07-04T15:00:00,25.5,2005-07-04T06:00:00,24.9,80,63,2005-07-04T10:00:00,3.4,247.5,10.2,270.0,2005-07-04T14:00:00,0.0,,,,,11.2,16.39,4.6,,28.4,28.2,27.5,26.1,24.3,,,,,,,,,26.6,2005-07-04T14:00:00,,,,23.8,2005-07-04T07:00:00,,,,,,,,,,,,,,,,,,,,,,,,,95,2005-07-04T03:00:00,,,,,,,,,,,,,,,,,,,,,,,,,,,,,,,,,27.0,,,,,,,,,,,,,,,,,,,,,,,,,,,,,,,,,,,,,,,,,,,,,,,,,,,,,,,,,,,,,,,,,,,,,,,,,,,,,,,,,,,,,,,5.6,2005-07-04T16:00:00,,,,,,,,,,,,,,,,,,,,,,,,,,,,,,,,,,,,,,,,,,,,,,,,,,,,,,,,,,,,,,,,,,,,,,,,,,,,,,
2005-07-05,986.1,,987.0,2005-07-05T10:00:00,985.5,2005-07-05T03:00:00,28.4,32.8,2005-07-05T12:00:00,25.1,2005-07-05T03:00:00,23.9,77,65,2005-07-05T14:00:00,3.6,247.5,11.5,270.0,2005-07-05T15:00:00,0.0,,,,,11.0,15.91,6.4,,28.7,28.5,27.9,26.3,24.4,,,,,,,,,25.3,2005-07-05T12:00:00,,,,23.0,2005-07-05T19:00:00,,,,,,,,,,,,,,,,,,,,,,,,,91,2005-07-05T03:00:00,,,,,,,,,,,,,,,,,,,,,,,,,,,,,,,,,27.3,,,,,,,,,,,,,,,,,,,,,,,,,,,,,,,,,,,,,,,,,,,,,,,,,,,,,,,,,,,,,,,,,,,,,,,,,,,,,,,,,,,,,,,5.8,2005-07-05T15:00:00,,,,,,,,,,,,,,,,,,,,,,,,,,,,,,,,,,,,,,,,,,,,,,,,,,,,,,,,,,,,,,,,,,,,,,,,,,,,,,
2005-07-06,985.6,,986.7,2005-07-06T22:00:00,984.7,2005-07-06T03:00:00,28.1,32.8,2005-07-06T14:00:00,24.6,2005-07-06T06:00:00,23.6,77,55,2005-07-06T12:00:00,2.9,270.0,9.0,270.0,2005-07-06T15:00:00,0.0,,,,,8.0,11.27,3.1,,28.8,28.6,28.0,26.5,24.5,,,,,,,,,24.4,2005-07-06T23:00:00,,,,22.1,2005-07-06T12:00:00,,,,,,,,,,,,,,,,,,,,,,,,,90,2005-07-06T05:00:00,,,,,,,,,,,,,,,,,,,,,,,,,,,,,,,,,27.4,,,,,,,,,,,,,,,,,,,,,,,,,,,,,,,,,,,,,,,,,,,,,,,,,,,,,,,,,,,,,,,,,,,,,,,,,,,,,,,,,,,,,,,5.0,2005-07-06T13:00:00,,,,,,,,,,,,,,,,,,,,,,,,,,,,,,,,,,,,,,,,,,,,,,,,,,,,,,,,,,,,,,,,,,,,,,,,,,,,,,
2005-07-07,986.5,,988.0,2005-07-07T22:00:00,985.0,2005-07-07T04:00:00,27.3,32.0,2005-07-07T12:00:00,25.1,2005-07-07T05:00:00,23.8,82,59,2005-07-07T10:00:00,2.3,247.5,8.6,292.5,2005-07-07T13:00:00,0.5,,,,,5.2,9.77,2.5,,29.1,28.9,28.3,26.7,24.6,,,,,,,,,24.7,2005-07-07T15:00:00,,,,21.9,2005-07-07T10:00:00,,,,,,,,,,,,,,,,,,,,,,,,,94,2005-07-07T21:00:00,,,,,,,,,,,,,,,,,,,,,,,,,,,,,,,,,27.7,,,,,,,,,,,,,,,,,,,,,,,,,,,,,,,,,,,,,,,,,,,,,,,,,,,,,,,,,,,,,,,,,,,,,,,,,,,,,,,,,,,,,,,5.2,2005-07-07T13:00:00,,,,,,,,,,,,,,,,,,,,,,,,,,,,,,,,,,,,,,,,,,,,,,,,,,,,,,,,,,,,,,,,,,,,,,,,,,,,,,
2005-07-08,987.6,,989.0,2005-07-08T21:00:00,986.2,2005-07-08T15:00:00,27.3,32.5,2005-07-08T14:00:00,23.7,2005-07-08T21:00:00,23.3,80,62,2005-07-08T14:00:00,2.4,157.5,11.2,270.0,2005-07-08T16:00:00,3.0,,,,,10.0,14.06,4.7,,28.8,28.6,28.1,26.8,24.8,,,,,,,,,24.2,2005-07-08T13:00:00,,,,21.5,2005-07-08T18:00:00,,,,,,,,,,,,,,,,,,,,,,,,,94,2005-07-08T03:00:00,,,,,,,,,,,,,,,,,,,,,,,,,,,,,,,,,27.7,,,,,,,,,,,,,,,,,,,,,,,,,,,,,,,,,,,,,,,,,,,,,,,,,,,,,,,,,,,,,,,,,,,,,,,,,,,,,,,,,,,,,,,5.7,2005-07-08T16:00:00,,,,,,,,,,,,,,,,,,,,,,,,,,,,,,,,,,,,,,,,,,,,,,,,,,,,,,,,,,,,,,,,,,,,,,,,,,,,,,
2005-07-09,988.0,,989.4,2005-07-09T22:00:00,986.6,2005-07-09T03:00:00,28.0,33.0,2005-07-09T13:00:00,22.8,2005-07-09T06:00:00,22.0,71,51,2005-07-09T11:00:00,2.8,225.0,13.5,270.0,2005-07-09T15:00:00,0.0,,,,,11.5,17.62,5.7,,28.8,28.7,28.2,26.8,24.9,,,,,,,,,23.8,2005-07-09T14:00:00,,,,21.2,2005-07-09T11:00:00,,,,,,,,,,,,,,,,,,,,,,,,,94,2005-07-09T05:00:00,,,,,,,,,,,,,,,,,,,,,,,,,,,,,,,,,27.7,,,,,,,,,,,,,,,,,,,,,,,,,,,,,,,,,,,,,,,,,,,,,,,,,,,,,,,,,,,,,,,,,,,,,,,,,,,,,,,,,,,,,,,5.9,2005-07-09T15:00:00,,,,,,,,,,,,,,,,,,,,,,,,,,,,,,,,,,,,,,,,,,,,,,,,,,,,,,,,,,,,,,,,,,,,,,,,,,,,,,
2005-07-10,989.2,,989.8,2005-07-10T07:00:00,988.4,2005-07-10T02:00:00,28.1,32.2,2005-07-10T13:00:00,24.4,2005-07-10T04:00:00,22.7,73,56,2005-07-10T15:00:00,3.0,247.5,11.2,270.0,2005-07-10T12:00:00,0.0,,,,,10.7,16.67,6.5,,29.0,28.8,28.3,26.9,25.0,,,,,,,,,23.6,2005-07-10T11:00:00,,,,21.8,2005-07-10T05:00:00,,,,,,,,,,,,,,,,,,,,,,,,,86,2005-07-10T03:00:00,,,,,,,,,,,,,,,,,,,,,,,,,,,,,,,,,27.8,,,,,,,,,,,,,,,,,,,,,,,,,,,,,,,,,,,,,,,,,,,,,,,,,,,,,,,,,,,,,,,,,,,,,,,,,,,,,,,,,,,,,,,6.5,2005-07-10T14:00:00,,,,,,,,,,,,,,,,,,,,,,,,,,,,,,,,,,,,,,,,,,,,,,,,,,,,,,,,,,,,,,,,,,,,,,,,,,,,,,
2005-07-11,989.0,,989.8,2005-07-11T07:00:00,988.1,2005-07-11T16:00:00,28.2,33.3,2005-07-11T12:00:00,24.1,2005-07-11T05:00:00,23.9,78,56,2005-07-11T11:00:00,3.5,247.5,12.9,247.5,2005-07-11T10:00:00,0.0,,,,,10.5,15.3,6.1,,29.2,29.0,28.4,27.0,25.0,,,,,,,,,25.3,2005-07-11T12:00:00,,,,22.7,2005-07-11T10:00:00,,,,,,,,,,,,,,,,,,,,,,,,,94,2005-07-11T05:00:00,,,,,,,,,,,,,,,,,,,,,,,,,,,,,,,,,27.9,,,,,,,,,,,,,,,,,,,,,,,,,,,,,,,,,,,,,,,,,,,,,,,,,,,,,,,,,,,,,,,,,,,,,,,,,,,,,,,,,,,,,,,6.7,2005-07-11T13:00:00,,,,,,,,,,,,,,,,,,,,,,,,,,,,,,,,,,,,,,,,,,,,,,,,,,,,,,,,,,,,,,,,,,,,,,,,,,,,,,
2005-07-12,988.5,,989.4,2005-07-12T22:00:00,987.4,2005-07-12T18:00:00,28.4,32.7,2005-07-12T13:00:00,25.4,2005-07-12T03:00:00,24.2,78,64,2005-07-12T11:00:00,3.1,247.5,13.4,247.5,2005-07-12T15:00:00,0.0,,,,,9.8,14.14,5.1,,29.3,29.1,28.6,27.1,25.1,,,,,,,,,25.4,2005-07-12T12:00:00,,,,23.3,2005-07-12T19:00:00,,,,,,,,,,,,,,,,,,,,,,,,,91,2005-07-12T23:59:59,,,,,,,,,,,,,,,,,,,,,,,,,,,,,,,,,28.0,,,,,,,,,,,,,,,,,,,,,,,,,,,,,,,,,,,,,,,,,,,,,,,,,,,,,,,,,,,,,,,,,,,,,,,,,,,,,,,,,,,,,,,6.8,2005-07-12T14:00:00,,,,,,,,,,,,,,,,,,,,,,,,,,,,,,,,,,,,,,,,,,,,,,,,,,,,,,,,,,,,,,,,,,,,,,,,,,,,,,
2005-07-13,989.3,,991.1,2005-07-13T23:00:00,988.4,2005-07-13T02:00:00,28.9,33.7,2005-07-13T14:00:00,25.2,2005-07-13T06:00:00,23.4,73,56,2005-07-13T14:00:00,2.6,247.5,9.5,247.5,2005-07-13T15:00:00,0.0,,,,,10.7,15.46,5.1,,29.5,29.3,28.7,27.2,25.2,,,,,,,,,24.0,2005-07-13T08:00:00,,,,22.6,2005-07-13T11:00:00,,,,,,,,,,,,,,,,,,,,,,,,,89,2005-07-13T03:00:00,,,,,,,,,,,,,,,,,,,,,,,,,,,,,,,,,28.1,,,,,,,,,,,,,,,,,,,,,,,,,,,,,,,,,,,,,,,,,,,,,,,,,,,,,,,,,,,,,,,,,,,,,,,,,,,,,,,,,,,,,,,5.4,2005-07-13T15:00:00,,,,,,,,,,,,,,,,,,,,,,,,,,,,,,,,,,,,,,,,,,,,,,,,,,,,,,,,,,,,,,,,,,,,,,,,,,,,,,
2005-07-14,990.6,,991.6,2005-07-14T22:00:00,989.8,2005-07-14T02:00:00,27.9,32.6,2005-07-14T13:00:00,23.9,2005-07-14T05:00:00,23.0,76,63,2005-07-14T11:00:00,1.8,292.5,9.1,292.5,2005-07-14T15:00:00,0.0,,,,,4.0,11.02,4.1,,29.7,29.5,28.9,27.4,25.3,,,,,,,,,24.9,2005-07-14T13:00:00,,,,21.3,2005-07-14T06:00:00,,,,,,,,,,,,,,,,,,,,,,,,,89,2005-07-14T05:00:00,,,,,,,,,,,,,,,,,,,,,,,,,,,,,,,,,28.3,,,,,,,,,,,,,,,,,,,,,,,,,,,,,,,,,,,,,,,,,,,,,,,,,,,,,,,,,,,,,,,,,,,,,,,,,,,,,,,,,,,,,,,5.1,2005-07-14T14:00:00,,,,,,,,,,,,,,,,,,,,,,,,,,,,,,,,,,,,,,,,,,,,,,,,,,,,,,,,,,,,,,,,,,,,,,,,,,,,,,
2005-07-15,989.6,,990.9,2005-07-15T09:00:00,988.3,2005-07-15T17:00:00,27.6,32.1,2005-07-15T14:00:00,23.6,2005-07-15T05:00:00,23.4,78,65,2005-07-15T17:00:00,1.8,112.5,7.1,292.5,2005-07-15T13:00:00,0.0,,,,,1.0,9.04,2.7,,29.2,29.1,28.7,27.4,25.4,,,,,,,,,25.1,2005-07-15T12:00:00,,,,21.7,2005-07-15T21:00:00,,,,,,,,,,,,,,,,,,,,,,,,,91,2005-07-15T06:00:00,,,,,,,,,,,,,,,,,,,,,,,,,,,,,,,,,28.3,,,,,,,,,,,,,,,,,,,,,,,,,,,,,,,,,,,,,,,,,,,,,,,,,,,,,,,,,,,,,,,,,,,,,,,,,,,,,,,,,,,,,,,3.2,2005-07-15T14:00:00,,,,,,,,,,,,,,,,,,,,,,,,,,,,,,,,,,,,,,,,,,,,,,,,,,,,,,,,,,,,,,,,,,,,,,,,,,,,,,
2005-07-16,986.9,,988.7,2005-07-16T08:00:00,984.6,2005-07-16T17:00:00,28.5,34.1,2005-07-16T14:00:00,24.1,2005-07-16T02:00:00,22.8,73,51,2005-07-16T11:00:00,4.1,67.5,15.6,67.5,2005-07-16T18:00:00,0.0,,,,,11.7,19.21,7.9,,29.3,29.1,28.6,27.4,25.5,,,,,,,,,24.0,2005-07-16T04:00:00,,,,21.5,2005-07-16T11:00:00,,,,,,,,,,,,,,,,,,,,,,,,,94,2005-07-16T04:00:00,,,,,,,,,,,,,,,,,,,,,,,,,,,,,,,,,28.1,,,,,,,,,,,,,,,,,,,,,,,,,,,,,,,,,,,,,,,,,,,,,,,,,,,,,,,,,,,,,,,,,,,,,,,,,,,,,,,,,,,,,,,7.5,2005-07-16T16:00:00,,,,,,,,,,,,,,,,,,,,,,,,,,,,,,,,,,,,,,,,,,,,,,,,,,,,,,,,,,,,,,,,,,,,,,,,,,,,,,
2005-07-17,980.7,,985.0,2005-07-17T01:00:00,974.7,2005-07-17T23:59:59,25.5,29.4,2005-07-17T11:00:00,22.8,2005-07-17T19:00:00,24.0,92,78,2005-07-17T11:00:00,4.9,90.0,17.9,45.0,2005-07-17T23:00:00,60.5,,,,,0.0,6.47,1.0,,28.9,28.8,28.7,27.5,25.5,,,,,,,,,25.1,2005-07-17T08:00:00,,,,22.9,2005-07-17T18:00:00,,,,,,,,,,,,,,,,,,,,,,,,,98,2005-07-17T14:00:00,,,,,,,,,,,,,,,,,,,,,,,,,,,,,,,,,28.3,,,,,,,,,,,,,,,,,,,,,,,,,,,,,,,,,,,,,,,,,,,,,,,,,,,,,,,,,,,,,,,,,,,,,,,,,,,,,,,,,,,,,,,7.7,2005-07-17T21:00:00,,,,,,,,,,,,,,,,,,,,,,,,,,,,,,,,,,,,,,,,,,,,,,,,,,,,,,,,,,,,,,,,,,,,,,,,,,,,,,
2005-07-18,963.6,,973.0,2005-07-18T01:00:00,958.7,2005-07-18T17:00:00,25.3,27.7,2005-07-18T15:00:00,23.7,2005-07-18T06:00:00,24.0,93,84,2005-07-18T20:00:00,7.8,67.5,26.7,67.5,2005-07-18T07:00:00,52.0,,,,,0.0,9.74,9.9,,26.9,26.9,27.2,27.4,25.8,,,,,,,,,25.1,2005-07-18T13:00:00,,,,23.2,2005-07-18T05:00:00,,,,,,,,,,,,,,,,,,,,,,,,,98,2005-07-18T10:00:00,,,,,,,,,,,,,,,,,,,,,,,,,,,,,,,,,27.5,,,,,,,,,,,,,,,,,,,,,,,,,,,,,,,,,,,,,,,,,,,,,,,,,,,,,,,,,,,,,,,,,,,,,,,,,,,,,,,,,,,,,,,12.0,2005-07-18T08:00:00,,,,,,,,,,,,,,,,,,,,,,,,,,,,,,,,,,,,,,,,,,,,,,,,,,,,,,,,,,,,,,,,,,,,,,,,,,,,,,
2005-07-19,970.8,,976.5,2005-07-19T23:00:00,963.6,2005-07-19T01:00:00,23.9,25.2,2005-07-19T01:00:00,23.2,2005-07-19T18:00:00,23.6,98,93,2005-07-19T12:00:00,1.8,135.0,9.5,225.0,2005-07-19T12:00:00,58.5,,,,,0.0,5.24,0.9,,26.6,26.6,26.8,26.9,25.9,,,,,,,,,24.4,2005-07-19T01:00:00,,,,22.4,2005-07-19T12:00:00,,,,,,,,,,,,,,,,,,,,,,,,,100,2005-07-19T01:00:00,,,,,,,,,,,,,,,,,,,,,,,,,,,,,,,,,26.9,,,,,,,,,,,,,,,,,,,,,,,,,,,,,,,,,,,,,,,,,,,,,,,,,,,,,,,,,,,,,,,,,,,,,,,,,,,,,,,,,,,,,,,5.1,2005-07-19T12:00:00,,,,,,,,,,,,,,,,,,,,,,,,,,,,,,,,,,,,,,,,,,,,,,,,,,,,,,,,,,,,,,,,,,,,,,,,,,,,,,
2005-07-20,979.3,,982.1,2005-07-20T23:00:00,976.4,2005-07-20T02:00:00,26.2,31.0,2005-07-20T15:00:00,23.4,2005-07-20T04:00:00,23.5,86,67,2005-07-20T12:00:00,1.7,22.5,6.5,157.5,2005-07-20T08:00:00,6.0,,,,,5.0,12.5,3.2,,26.7,26.6,26.5,26.6,26.0,,,,,,,,,24.7,2005-07-20T10:00:00,,,,22.6,2005-07-20T20:00:00,,,,,,,,,,,,,,,,,,,,,,,,,100,2005-07-20T02:00:00,,,,,,,,,,,,,,,,,,,,,,,,,,,,,,,,,26.6,,,,,,,,,,,,,,,,,,,,,,,,,,,,,,,,,,,,,,,,,,,,,,,,,,,,,,,,,,,,,,,,,,,,,,,,,,,,,,,,,,,,,,,2.7,2005-07-20T01:00:00,,,,,,,,,,,,,,,,,,,,,,,,,,,,,,,,,,,,,,,,,,,,,,,,,,,,,,,,,,,,,,,,,,,,,,,,,,,,,,
2005-07-21,983.2,,985.2,2005-07-21T23:59:59,981.1,2005-07-21T02:00:00,25.5,29.7,2005-07-21T11:00:00,23.4,2005-07-21T06:00:00,23.5,89,71,2005-07-21T12:00:00,1.9,112.5,9.1,112.5,2005-07-21T16:00:00,9.0,,,,,0.5,8.66,0.9,,27.6,27.5,27.2,26.6,25.9,,,,,,,,,24.6,2005-07-21T10:00:00,,,,22.1,2005-07-21T04:00:00,,,,,,,,,,,,,,,,,,,,,,,,,100,2005-07-21T23:00:00,,,,,,,,,,,,,,,,,,,,,,,,,,,,,,,,,26.9,,,,,,,,,,,,,,,,,,,,,,,,,,,,,,,,,,,,,,,,,,,,,,,,,,,,,,,,,,,,,,,,,,,,,,,,,,,,,,,,,,,,,,,3.8,2005-07-21T15:00:00,,,,,,,,,,,,,,,,,,,,,,,,,,,,,,,,,,,,,,,,,,,,,,,,,,,,,,,,,,,,,,,,,,,,,,,,,,,,,,
2005-07-22,985.5,,986.5,2005-07-22T23:00:00,984.4,2005-07-22T03:00:00,26.1,31.2,2005-07-22T12:00:00,22.3,2005-07-22T07:00:00,23.0,84,59,2005-07-22T12:00:00,1.6,157.5,5.7,90.0,2005-07-22T10:00:00,0.0,,,,,4.0,11.79,2.9,,27.8,27.6,27.3,26.7,25.8,,,,,,,,,24.5,2005-07-22T17:00:00,,,,21.8,2005-07-22T05:00:00,,,,,,,,,,,,,,,,,,,,,,,,,100,2005-07-22T01:00:00,,,,,,,,,,,,,,,,,,,,,,,,,,,,,,,,,27.1,,,,,,,,,,,,,,,,,,,,,,,,,,,,,,,,,,,,,,,,,,,,,,,,,,,,,,,,,,,,,,,,,,,,,,,,,,,,,,,,,,,,,,,3.2,2005-07-22T14:00:00,,,,,,,,,,,,,,,,,,,,,,,,,,,,,,,,,,,,,,,,,,,,,,,,,,,,,,,,,,,,,,,,,,,,,,,,,,,,,,
2005-07-23,985.1,,986.4,2005-07-23T01:00:00,983.6,2005-07-23T18:00:00,26.5,30.6,2005-07-23T16:00:00,22.5,2005-07-23T04:00:00,23.4,84,70,2005-07-23T16:00:00,2.0,292.5,7.9,292.5,2005-07-23T16:00:00,0.0,,,,,5.2,12.49,3.8,,28.1,27.9,27.6,26.8,25.8,,,,,,,,,25.4,2005-07-23T13:00:00,,,,21.4,2005-07-23T06:00:00,,,,,,,,,,,,,,,,,,,,,,,,,100,2005-07-23T02:00:00,,,,,,,,,,,,,,,,,,,,,,,,,,,,,,,,,27.3,,,,,,,,,,,,,,,,,,,,,,,,,,,,,,,,,,,,,,,,,,,,,,,,,,,,,,,,,,,,,,,,,,,,,,,,,,,,,,,,,,,,,,,3.9,2005-07-23T15:00:00,,,,,,,,,,,,,,,,,,,,,,,,,,,,,,,,,,,,,,,,,,,,,,,,,,,,,,,,,,,,,,,,,,,,,,,,,,,,,,
2005-07-24,983.8,,984.6,2005-07-24T01:00:00,982.9,2005-07-24T18:00:00,25.8,30.2,2005-07-24T12:00:00,21.3,2005-07-24T05:00:00,21.6,79,63,2005-07-24T14:00:00,2.4,22.5,8.5,360.0,2005-07-24T14:00:00,0.0,,,,,11.3,17.99,5.1,,28.3,28.2,27.8,26.9,25.8,,,,,,,,,23.7,2005-07-24T12:00:00,,,,19.2,2005-07-24T08:00:00,,,,,,,,,,,,,,,,,,,,,,,,,98,2005-07-24T04:00:00,,,,,,,,,,,,,,,,,,,,,,,,,,,,,,,,,27.5,,,,,,,,,,,,,,,,,,,,,,,,,,,,,,,,,,,,,,,,,,,,,,,,,,,,,,,,,,,,,,,,,,,,,,,,,,,,,,,,,,,,,,,4.4,2005-07-24T12:00:00,,,,,,,,,,,,,,,,,,,,,,,,,,,,,,,,,,,,,,,,,,,,,,,,,,,,,,,,,,,,,,,,,,,,,,,,,,,,,,
2005-07-25,983.1,,984.1,2005-07-25T07:00:00,981.5,2005-07-25T17:00:00,26.1,31.4,2005-07-25T13:00:00,20.4,2005-07-25T05:00:00,22.1,80,55,2005-07-25T12:00:00,1.9,22.5,7.4,360.0,2005-07-25T14:00:00,0.0,,,,,10.7,18.29,5.1,,28.4,28.3,27.9,27.0,25.8,,,,,,,,,24.6,2005-07-25T22:00:00,,,,19.5,2005-07-25T07:00:00,,,,,,,,,,,,,,,,,,,,,,,,,96,2005-07-25T02:00:00,,,,,,,,,,,,,,,,,,,,,,,,,,,,,,,,,27.6,,,,,,,,,,,,,,,,,,,,,,,,,,,,,,,,,,,,,,,,,,,,,,,,,,,,,,,,,,,,,,,,,,,,,,,,,,,,,,,,,,,,,,,3.6,2005-07-25T14:00:00,,,,,,,,,,,,,,,,,,,,,,,,,,,,,,,,,,,,,,,,,,,,,,,,,,,,,,,,,,,,,,,,,,,,,,,,,,,,,,
2005-07-26,983.6,,984.6,2005-07-26T22:00:00,982.3,2005-07-26T16:00:00,27.1,32.3,2005-07-26T14:00:00,23.8,2005-07-26T06:00:00,22.8,78,59,2005-07-26T13:00:00,2.3,247.5,7.9,292.5,2005-07-26T16:00:00,0.0,,,,,9.8,16.53,5.5,,29.0,28.8,28.2,27.1,25.8,,,,,,,,,23.3,2005-07-26T05:00:00,,,,21.8,2005-07-26T18:00:00,,,,,,,,,,,,,,,,,,,,,,,,,95,2005-07-26T05:00:00,,,,,,,,,,,,,,,,,,,,,,,,,,,,,,,,,27.8,,,,,,,,,,,,,,,,,,,,,,,,,,,,,,,,,,,,,,,,,,,,,,,,,,,,,,,,,,,,,,,,,,,,,,,,,,,,,,,,,,,,,,,4.1,2005-07-26T16:00:00,,,,,,,,,,,,,,,,,,,,,,,,,,,,,,,,,,,,,,,,,,,,,,,,,,,,,,,,,,,,,,,,,,,,,,,,,,,,,,
2005-07-27,984.8,,985.8,2005-07-27T09:00:00,983.9,2005-07-27T16:00:00,26.7,31.2,2005-07-27T13:00:00,23.2,2005-07-27T04:00:00,23.1,81,66,2005-07-27T12:00:00,1.7,292.5,8.1,292.5,2005-07-27T15:00:00,0.0,,,,,5.0,12.05,3.6,,29.0,28.8,28.4,27.3,25.9,,,,,,,,,24.4,2005-07-27T13:00:00,,,,22.0,2005-07-27T03:00:00,,,,,,,,,,,,,,,,,,,,,,,,,93,2005-07-27T05:00:00,,,,,,,,,,,,,,,,,,,,,,,,,,,,,,,,,28.0,,,,,,,,,,,,,,,,,,,,,,,,,,,,,,,,,,,,,,,,,,,,,,,,,,,,,,,,,,,,,,,,,,,,,,,,,,,,,,,,,,,,,,,5.2,2005-07-27T14:00:00,,,,,,,,,,,,,,,,,,,,,,,,,,,,,,,,,,,,,,,,,,,,,,,,,,,,,,,,,,,,,,,,,,,,,,,,,,,,,,
2005-07-28,984.6,,985.3,2005-07-28T08:00:00,983.8,2005-07-28T16:00:00,27.4,31.6,2005-07-28T14:00:00,23.2,2005-07-28T06:00:00,22.5,76,58,2005-07-28T14:00:00,1.6,360.0,6.7,337.5,2005-07-28T14:00:00,0.0,,,,,9.5,16.47,5.9,,29.1,28.9,28.5,27.4,25.9,,,,,,,,,23.2,2005-07-28T02:00:00,,,,21.3,2005-07-28T20:00:00,,,,,,,,,,,,,,,,,,,,,,,,,96,2005-07-28T02:00:00,,,,,,,,,,,,,,,,,,,,,,,,,,,,,,,,,28.1,,,,,,,,,,,,,,,,,,,,,,,,,,,,,,,,,,,,,,,,,,,,,,,,,,,,,,,,,,,,,,,,,,,,,,,,,,,,,,,,,,,,,,,2.9,2005-07-28T12:00:00,,,,,,,,,,,,,,,,,,,,,,,,,,,,,,,,,,,,,,,,,,,,,,,,,,,,,,,,,,,,,,,,,,,,,,,,,,,,,,
2005-07-29,985.0,,986.2,2005-07-29T23:00:00,983.8,2005-07-29T02:00:00,27.5,31.7,2005-07-29T13:00:00,23.6,2005-07-29T04:00:00,23.3,79,61,2005-07-29T13:00:00,1.7,135.0,6.4,360.0,2005-07-29T14:00:00,0.0,,,,,3.0,10.38,3.9,,29.1,29.0,28.6,27.5,25.9,,,,,,,,,25.0,2005-07-29T11:00:00,,,,22.4,2005-07-29T13:00:00,,,,,,,,,,,,,,,,,,,,,,,,,92,2005-07-29T23:59:59,,,,,,,,,,,,,,,,,,,,,,,,,,,,,,,,,28.2,,,,,,,,,,,,,,,,,,,,,,,,,,,,,,,,,,,,,,,,,,,,,,,,,,,,,,,,,,,,,,,,,,,,,,,,,,,,,,,,,,,,,,,2.8,2005-07-29T11:00:00,,,,,,,,,,,,,,,,,,,,,,,,,,,,,,,,,,,,,,,,,,,,,,,,,,,,,,,,,,,,,,,,,,,,,,,,,,,,,,
2005-07-30,987.0,,988.5,2005-07-30T21:00:00,986.0,2005-07-30T02:00:00,28.2,32.3,2005-07-30T12:00:00,25.1,2005-07-30T06:00:00,23.9,78,61,2005-07-30T11:00:00,1.9,292.5,6.4,292.5,2005-07-30T13:00:00,0.0,,,,,2.5,10.08,4.1,,29.1,29.0,28.6,27.5,26.0,,,,,,,,,24.8,2005-07-30T01:00:00,,,,22.9,2005-07-30T11:00:00,,,,,,,,,,,,,,,,,,,,,,,,,93,2005-07-30T01:00:00,,,,,,,,,,,,,,,,,,,,,,,,,,,,,,,,,28.2,,,,,,,,,,,,,,,,,,,,,,,,,,,,,,,,,,,,,,,,,,,,,,,,,,,,,,,,,,,,,,,,,,,,,,,,,,,,,,,,,,,,,,,2.9,2005-07-30T14:00:00,,,,,,,,,,,,,,,,,,,,,,,,,,,,,,,,,,,,,,,,,,,,,,,,,,,,,,,,,,,,,,,,,,,,,,,,,,,,,,
2005-07-31,988.1,,988.9,2005-07-31T11:00:00,987.0,2005-07-31T17:00:00,28.2,31.5,2005-07-31T12:00:00,25.6,2005-07-31T05:00:00,24.5,81,69,2005-07-31T12:00:00,2.3,292.5,7.7,292.5,2005-07-31T14:00:00,0.0,,,,,10.0,13.16,4.9,,29.3,29.1,28.7,27.6,26.0,,,,,,,,,25.5,2005-07-31T16:00:00,,,,23.1,2005-07-31T03:00:00,,,,,,,,,,,,,,,,,,,,,,,,,94,2005-07-31T21:00:00,,,,,,,,,,,,,,,,,,,,,,,,,,,,,,,,,28.3,,,,,,,,,,,,,,,,,,,,,,,,,,,,,,,,,,,,,,,,,,,,,,,,,,,,,,,,,,,,,,,,,,,,,,,,,,,,,,,,,,,,,,,4.3,2005-07-31T11:00:00,,,,,,,,,,,,,,,,,,,,,,,,,,,,,,,,,,,,,,,,,,,,,,,,,,,,,,,,,,,,,,,,,,,,,,,,,,,,,,
2005-08-01,987.0,,988.3,2005-08-01T01:00:00,985.8,2005-08-01T17:00:00,28.4,32.6,2005-08-01T12:00:00,23.8,2005-08-01T06:00:00,23.7,76,61,2005-08-01T11:00:00,2.7,247.5,8.8,270.0,2005-08-01T13:00:00,0.0,,,,,7.0,14.7,5.3,,29.5,29.4,28.9,27.7,26.1,,,,,,,,,24.8,2005-08-01T13:00:00,,,,22.5,2005-08-01T08:00:00,,,,,,,,,,,,,,,,,,,,,,,,,93,2005-08-01T05:00:00,,,,,,,,,,,,,,,,,,,,,,,,,,,,,,,,,28.4,,,,,,,,,,,,,,,,,,,,,,,,,,,,,,,,,,,,,,,,,,,,,,,,,,,,,,,,,,,,,,,,,,,,,,,,,,,,,,,,,,,,,,,4.6,2005-08-01T09:00:00,,,,,,,,,,,,,,,,,,,,,,,,,,,,,,,,,,,,,,,,,,,,,,,,,,,,,,,,,,,,,,,,,,,,,,,,,,,,,,
2005-08-02,984.4,,985.5,2005-08-02T01:00:00,982.9,2005-08-02T17:00:00,28.3,33.0,2005-08-02T15:00:00,24.4,2005-08-02T04:00:00,23.6,76,58,2005-08-02T14:00:00,1.9,247.5,8.5,292.5,2005-08-02T15:00:00,0.0,,,,,6.2,13.7,4.6,,29.7,29.5,29.0,27.8,26.1,,,,,,,,,24.8,2005-08-02T21:00:00,,,,22.2,2005-08-02T08:00:00,,,,,,,,,,,,,,,,,,,,,,,,,93,2005-08-02T23:59:59,,,,,,,,,,,,,,,,,,,,,,,,,,,,,,,,,28.6,,,,,,,,,,,,,,,,,,,,,,,,,,,,,,,,,,,,,,,,,,,,,,,,,,,,,,,,,,,,,,,,,,,,,,,,,,,,,,,,,,,,,,,4.8,2005-08-02T14:00:00,,,,,,,,,,,,,,,,,,,,,,,,,,,,,,,,,,,,,,,,,,,,,,,,,,,,,,,,,,,,,,,,,,,,,,,,,,,,,,
2005-08-03,981.0,,983.0,2005-08-03T01:00:00,979.4,2005-08-03T14:00:00,28.2,33.3,2005-08-03T12:00:00,24.8,2005-08-03T02:00:00,24.5,81,58,2005-08-03T11:00:00,2.9,90.0,9.5,90.0,2005-08-03T23:00:00,0.0,,,,,6.8,14.53,5.5,,29.9,29.7,29.1,27.9,26.2,,,,,,,,,26.5,2005-08-03T16:00:00,,,,22.5,2005-08-03T11:00:00,,,,,,,,,,,,,,,,,,,,,,,,,98,2005-08-03T02:00:00,,,,,,,,,,,,,,,,,,,,,,,,,,,,,,,,,28.7,,,,,,,,,,,,,,,,,,,,,,,,,,,,,,,,,,,,,,,,,,,,,,,,,,,,,,,,,,,,,,,,,,,,,,,,,,,,,,,,,,,,,,,4.5,2005-08-03T17:00:00,,,,,,,,,,,,,,,,,,,,,,,,,,,,,,,,,,,,,,,,,,,,,,,,,,,,,,,,,,,,,,,,,,,,,,,,,,,,,,
2005-08-04,977.4,,979.4,2005-08-04T01:00:00,975.0,2005-08-04T23:59:59,25.9,27.3,2005-08-04T11:00:00,23.8,2005-08-04T23:59:59,25.6,98,88,2005-08-04T01:00:00,3.7,337.5,13.7,360.0,2005-08-04T15:00:00,78.5,,,,,0.0,2.66,0.1,,29.3,29.2,29.1,28.0,26.2,,,,,,,,,26.7,2005-08-04T12:00:00,,,,24.5,2005-08-04T23:00:00,,,,,,,,,,,,,,,,,,,,,,,,,100,2005-08-04T12:00:00,,,,,,,,,,,,,,,,,,,,,,,,,,,,,,,,,28.7,,,,,,,,,,,,,,,,,,,,,,,,,,,,,,,,,,,,,,,,,,,,,,,,,,,,,,,,,,,,,,,,,,,,,,,,,,,,,,,,,,,,,,,6.5,2005-08-04T23:00:00,,,,,,,,,,,,,,,,,,,,,,,,,,,,,,,,,,,,,,,,,,,,,,,,,,,,,,,,,,,,,,,,,,,,,,,,,,,,,,
2005-08-05,973.1,,973.9,2005-08-05T10:00:00,972.1,2005-08-05T16:00:00,24.6,26.3,2005-08-05T23:59:59,23.4,2005-08-05T11:00:00,24.7,99,94,2005-08-05T23:59:59,8.0,247.5,23.4,247.5,2005-08-05T18:00:00,229.5,,,,,0.0,2.17,0.0,,26.1,26.2,26.8,27.8,27.1,,,,,,,,,25.7,2005-08-05T04:00:00,,,,23.5,2005-08-05T11:00:00,,,,,,,,,,,,,,,,,,,,,,,,,100,2005-08-05T01:00:00,,,,,,,,,,,,,,,,,,,,,,,,,,,,,,,,,27.4,,,,,,,,,,,,,,,,,,,,,,,,,,,,,,,,,,,,,,,,,,,,,,,,,,,,,,,,,,,,,,,,,,,,,,,,,,,,,,,,,,,,,,,11.1,2005-08-05T11:00:00,,,,,,,,,,,,,,,,,,,,,,,,,,,,,,,,,,,,,,,,,,,,,,,,,,,,,,,,,,,,,,,,,,,,,,,,,,,,,,
2005-08-06,974.6,,978.3,2005-08-06T23:59:59,971.9,2005-08-06T02:00:00,28.7,32.5,2005-08-06T14:00:00,25.7,2005-08-06T02:00:00,24.2,78,61,2005-08-06T16:00:00,6.6,247.5,19.9,247.5,2005-08-06T05:00:00,0.5,,,,,6.5,13.81,7.0,,26.1,26.0,26.0,26.9,27.2,,,,,,,,,25.1,2005-08-06T09:00:00,,,,22.9,2005-08-06T19:00:00,,,,,,,,,,,,,,,,,,,,,,,,,94,2005-08-06T02:00:00,,,,,,,,,,,,,,,,,,,,,,,,,,,,,,,,,26.3,,,,,,,,,,,,,,,,,,,,,,,,,,,,,,,,,,,,,,,,,,,,,,,,,,,,,,,,,,,,,,,,,,,,,,,,,,,,,,,,,,,,,,,9.1,2005-08-06T05:00:00,,,,,,,,,,,,,,,,,,,,,,,,,,,,,,,,,,,,,,,,,,,,,,,,,,,,,,,,,,,,,,,,,,,,,,,,,,,,,,
2005-08-07,981.0,,984.0,2005-08-07T23:59:59,978.3,2005-08-07T01:00:00,27.6,33.4,2005-08-07T13:00:00,23.7,2005-08-07T21:00:00,23.8,81,60,2005-08-07T12:00:00,3.2,225.0,12.0,225.0,2005-08-07T05:00:00,12.0,,,,,8.2,14.89,3.6,,27.4,27.2,26.9,26.8,26.9,,,,,,,,,26.6,2005-08-07T14:00:00,,,,22.2,2005-08-07T03:00:00,,,,,,,,,,,,,,,,,,,,,,,,,100,2005-08-07T18:00:00,,,,,,,,,,,,,,,,,,,,,,,,,,,,,,,,,26.8,,,,,,,,,,,,,,,,,,,,,,,,,,,,,,,,,,,,,,,,,,,,,,,,,,,,,,,,,,,,,,,,,,,,,,,,,,,,,,,,,,,,,,,6.3,2005-08-07T15:00:00,,,,,,,,,,,,,,,,,,,,,,,,,,,,,,,,,,,,,,,,,,,,,,,,,,,,,,,,,,,,,,,,,,,,,,,,,,,,,,
2005-08-08,984.9,,985.8,2005-08-08T08:00:00,984.0,2005-08-08T02:00:00,26.3,30.4,2005-08-08T13:00:00,24.1,2005-08-08T03:00:00,25.2,93,78,2005-08-08T11:00:00,1.4,157.5,6.2,315.0,2005-08-08T15:00:00,12.5,,,,,1.5,7.22,1.0,,28.0,27.9,27.6,27.0,26.7,,,,,,,,,26.8,2005-08-08T16:00:00,,,,23.3,2005-08-08T03:00:00,,,,,,,,,,,,,,,,,,,,,,,,,100,2005-08-08T16:00:00,,,,,,,,,,,,,,,,,,,,,,,,,,,,,,,,,27.3,,,,,,,,,,,,,,,,,,,,,,,,,,,,,,,,,,,,,,,,,,,,,,,,,,,,,,,,,,,,,,,,,,,,,,,,,,,,,,,,,,,,,,,2.5,2005-08-08T12:00:00,,,,,,,,,,,,,,,,,,,,,,,,,,,,,,,,,,,,,,,,,,,,,,,,,,,,,,,,,,,,,,,,,,,,,,,,,,,,,,
2005-08-09,985.5,,986.4,2005-08-09T08:00:00,984.4,2005-08-09T17:00:00,27.2,31.3,2005-08-09T15:00:00,23.9,2005-08-09T06:00:00,25.7,91,76,2005-08-09T14:00:00,1.4,157.5,4.8,360.0,2005-08-09T13:00:00,0.0,,,,,4.5,10.27,2.3,,28.2,28.0,27.7,27.2,26.7,,,,,,,,,26.8,2005-08-09T11:00:00,,,,23.9,2005-08-09T07:00:00,,,,,,,,,,,,,,,,,,,,,,,,,100,2005-08-09T01:00:00,,,,,,,,,,,,,,,,,,,,,,,,,,,,,,,,,27.5,,,,,,,,,,,,,,,,,,,,,,,,,,,,,,,,,,,,,,,,,,,,,,,,,,,,,,,,,,,,,,,,,,,,,,,,,,,,,,,,,,,,,,,2.7,2005-08-09T12:00:00,,,,,,,,,,,,,,,,,,,,,,,,,,,,,,,,,,,,,,,,,,,,,,,,,,,,,,,,,,,,,,,,,,,,,,,,,,,,,,
2005-08-10,985.3,,986.1,2005-08-10T01:00:00,984.2,2005-08-10T16:00:00,27.8,31.4,2005-08-10T13:00:00,25.1,2005-08-10T07:00:00,26.2,92,80,2005-08-10T12:00:00,2.0,292.5,7.2,292.5,2005-08-10T11:00:00,0.0,,,,,4.0,10.42,3.4,,28.8,28.6,28.2,27.4,26.7,,,,,,,,,27.0,2005-08-10T13:00:00,,,,25.5,2005-08-10T04:00:00,,,,,,,,,,,,,,,,,,,,,,,,,100,2005-08-10T01:00:00,,,,,,,,,,,,,,,,,,,,,,,,,,,,,,,,,27.8,,,,,,,,,,,,,,,,,,,,,,,,,,,,,,,,,,,,,,,,,,,,,,,,,,,,,,,,,,,,,,,,,,,,,,,,,,,,,,,,,,,,,,,3.2,2005-08-10T15:00:00,,,,,,,,,,,,,,,,,,,,,,,,,,,,,,,,,,,,,,,,,,,,,,,,,,,,,,,,,,,,,,,,,,,,,,,,,,,,,,
2005-08-11,983.4,,985.1,2005-08-11T01:00:00,981.4,2005-08-11T23:59:59,28.6,33.0,2005-08-11T15:00:00,24.0,2005-08-11T06:00:00,24.3,79,58,2005-08-11T15:00:00,3.6,90.0,16.3,90.0,2005-08-11T23:59:59,0.0,,,,,11.3,16.05,6.8,,29.2,29.0,28.6,27.6,26.7,,,,,,,,,26.6,2005-08-11T13:00:00,,,,22.7,2005-08-11T17:00:00,,,,,,,,,,,,,,,,,,,,,,,,,100,2005-08-11T06:00:00,,,,,,,,,,,,,,,,,,,,,,,,,,,,,,,,,28.1,,,,,,,,,,,,,,,,,,,,,,,,,,,,,,,,,,,,,,,,,,,,,,,,,,,,,,,,,,,,,,,,,,,,,,,,,,,,,,,,,,,,,,,7.5,2005-08-11T23:00:00,,,,,,,,,,,,,,,,,,,,,,,,,,,,,,,,,,,,,,,,,,,,,,,,,,,,,,,,,,,,,,,,,,,,,,,,,,,,,,
2005-08-12,979.8,,981.4,2005-08-12T21:00:00,977.8,2005-08-12T15:00:00,26.5,29.8,2005-08-12T10:00:00,23.9,2005-08-12T23:00:00,23.8,86,70,2005-08-12T09:00:00,6.1,90.0,20.3,90.0,2005-08-12T11:00:00,4.0,,,,,3.3,7.06,2.4,,28.7,28.6,28.5,27.8,26.7,,,,,,,,,25.0,2005-08-12T18:00:00,,,,22.5,2005-08-12T01:00:00,,,,,,,,,,,,,,,,,,,,,,,,,100,2005-08-12T18:00:00,,,,,,,,,,,,,,,,,,,,,,,,,,,,,,,,,28.3,,,,,,,,,,,,,,,,,,,,,,,,,,,,,,,,,,,,,,,,,,,,,,,,,,,,,,,,,,,,,,,,,,,,,,,,,,,,,,,,,,,,,,,9.0,2005-08-12T10:00:00,,,,,,,,,,,,,,,,,,,,,,,,,,,,,,,,,,,,,,,,,,,,,,,,,,,,,,,,,,,,,,,,,,,,,,,,,,,,,,
2005-08-13,983.1,,986.5,2005-08-13T23:00:00,978.7,2005-08-13T01:00:00,25.9,28.5,2005-08-13T15:00:00,24.0,2005-08-13T06:00:00,25.4,97,90,2005-08-13T14:00:00,2.0,270.0,8.2,247.5,2005-08-13T04:00:00,1.0,,,,,0.0,5.04,0.4,,27.9,27.9,27.9,27.7,26.7,,,,,,,,,26.5,2005-08-13T14:00:00,,,,23.9,2005-08-13T01:00:00,,,,,,,,,,,,,,,,,,,,,,,,,100,2005-08-13T05:00:00,,,,,,,,,,,,,,,,,,,,,,,,,,,,,,,,,27.9,,,,,,,,,,,,,,,,,,,,,,,,,,,,,,,,,,,,,,,,,,,,,,,,,,,,,,,,,,,,,,,,,,,,,,,,,,,,,,,,,,,,,,,4.0,2005-08-13T04:00:00,,,,,,,,,,,,,,,,,,,,,,,,,,,,,,,,,,,,,,,,,,,,,,,,,,,,,,,,,,,,,,,,,,,,,,,,,,,,,,
2005-08-14,987.1,,988.0,2005-08-14T20:00:00,985.7,2005-08-14T03:00:00,25.8,31.3,2005-08-14T12:00:00,22.7,2005-08-14T17:00:00,24.8,94,73,2005-08-14T12:00:00,1.9,270.0,8.3,292.5,2005-08-14T16:00:00,9.5,,,,,3.5,8.72,1.8,,28.1,28.0,27.8,27.5,26.7,,,,,,,,,26.5,2005-08-14T16:00:00,,,,22.9,2005-08-14T17:00:00,,,,,,,,,,,,,,,,,,,,,,,,,100,2005-08-14T01:00:00,,,,,,,,,,,,,,,,,,,,,,,,,,,,,,,,,27.7,,,,,,,,,,,,,,,,,,,,,,,,,,,,,,,,,,,,,,,,,,,,,,,,,,,,,,,,,,,,,,,,,,,,,,,,,,,,,,,,,,,,,,,3.7,2005-08-14T17:00:00,,,,,,,,,,,,,,,,,,,,,,,,,,,,,,,,,,,,,,,,,,,,,,,,,,,,,,,,,,,,,,,,,,,,,,,,,,,,,,
2005-08-15,987.5,,988.6,2005-08-15T22:00:00,986.4,2005-08-15T15:00:00,26.3,30.4,2005-08-15T13:00:00,23.1,2005-08-15T03:00:00,24.5,90,75,2005-08-15T14:00:00,1.4,360.0,9.1,270.0,2005-08-15T23:00:00,0.0,,,,,9.5,10.16,2.2,,28.1,28.0,27.9,27.5,26.7,,,,,,,,,25.7,2005-08-15T12:00:00,,,,22.6,2005-08-15T23:59:59,,,,,,,,,,,,,,,,,,,,,,,,,100,2005-08-15T01:00:00,,,,,,,,,,,,,,,,,,,,,,,,,,,,,,,,,27.7,,,,,,,,,,,,,,,,,,,,,,,,,,,,,,,,,,,,,,,,,,,,,,,,,,,,,,,,,,,,,,,,,,,,,,,,,,,,,,,,,,,,,,,3.0,2005-08-15T15:00:00,,,,,,,,,,,,,,,,,,,,,,,,,,,,,,,,,,,,,,,,,,,,,,,,,,,,,,,,,,,,,,,,,,,,,,,,,,,,,,
2005-08-16,987.2,,987.9,2005-08-16T10:00:00,986.2,2005-08-16T17:00:00,26.2,30.7,2005-08-16T12:00:00,22.0,2005-08-16T05:00:00,23.1,84,65,2005-08-16T15:00:00,1.7,247.5,6.3,22.5,2005-08-16T14:00:00,0.0,,,,,8.0,13.87,4.0,,28.4,28.3,28.0,27.5,26.7,,,,,,,,,24.1,2005-08-16T08:00:00,,,,21.9,2005-08-16T16:00:00,,,,,,,,,,,,,,,,,,,,,,,,,100,2005-08-16T01:00:00,,,,,,,,,,,,,,,,,,,,,,,,,,,,,,,,,27.8,,,,,,,,,,,,,,,,,,,,,,,,,,,,,,,,,,,,,,,,,,,,,,,,,,,,,,,,,,,,,,,,,,,,,,,,,,,,,,,,,,,,,,,2.8,2005-08-16T13:00:00,,,,,,,,,,,,,,,,,,,,,,,,,,,,,,,,,,,,,,,,,,,,,,,,,,,,,,,,,,,,,,,,,,,,,,,,,,,,,,
2005-08-17,987.2,,988.5,2005-08-17T22:00:00,986.0,2005-08-17T16:00:00,26.7,30.5,2005-08-17T12:00:00,23.9,2005-08-17T23:59:59,23.6,84,73,2005-08-17T10:00:00,2.6,247.5,7.9,270.0,2005-08-17T14:00:00,0.0,,,,,6.5,11.83,3.7,,28.6,28.5,28.2,27.5,26.6,,,,,,,,,25.1,2005-08-17T12:00:00,,,,22.1,2005-08-17T04:00:00,,,,,,,,,,,,,,,,,,,,,,,,,92,2005-08-17T20:00:00,,,,,,,,,,,,,,,,,,,,,,,,,,,,,,,,,28.0,,,,,,,,,,,,,,,,,,,,,,,,,,,,,,,,,,,,,,,,,,,,,,,,,,,,,,,,,,,,,,,,,,,,,,,,,,,,,,,,,,,,,,,4.4,2005-08-17T14:00:00,,,,,,,,,,,,,,,,,,,,,,,,,,,,,,,,,,,,,,,,,,,,,,,,,,,,,,,,,,,,,,,,,,,,,,,,,,,,,,
2005-08-18,988.4,,989.7,2005-08-18T22:00:00,987.1,2005-08-18T15:00:00,25.9,31.2,2005-08-18T12:00:00,23.1,2005-08-18T19:00:00,23.0,85,65,2005-08-18T11:00:00,2.9,270.0,12.1,270.0,2005-08-18T13:00:00,6.0,,,,,8.5,13.79,3.7,,28.6,28.5,28.2,27.6,26.6,,,,,,,,,25.0,2005-08-18T16:00:00,,,,22.0,2005-08-18T05:00:00,,,,,,,,,,,,,,,,,,,,,,,,,100,2005-08-18T17:00:00,,,,,,,,,,,,,,,,,,,,,,,,,,,,,,,,,28.0,,,,,,,,,,,,,,,,,,,,,,,,,,,,,,,,,,,,,,,,,,,,,,,,,,,,,,,,,,,,,,,,,,,,,,,,,,,,,,,,,,,,,,,6.3,2005-08-18T13:00:00,,,,,,,,,,,,,,,,,,,,,,,,,,,,,,,,,,,,,,,,,,,,,,,,,,,,,,,,,,,,,,,,,,,,,,,,,,,,,,
2005-08-19,987.3,,988.5,2005-08-19T01:00:00,986.0,2005-08-19T16:00:00,26.5,31.2,2005-08-19T14:00:00,23.1,2005-08-19T04:00:00,22.8,81,65,2005-08-19T15:00:00,2.6,247.5,14.8,247.5,2005-08-19T17:00:00,0.0,,,,,6.0,12.51,4.3,,28.6,28.4,28.2,27.6,26.6,,,,,,,,,24.4,2005-08-19T14:00:00,,,,21.7,2005-08-19T17:00:00,,,,,,,,,,,,,,,,,,,,,,,,,99,2005-08-19T23:59:59,,,,,,,,,,,,,,,,,,,,,,,,,,,,,,,,,28.0,,,,,,,,,,,,,,,,,,,,,,,,,,,,,,,,,,,,,,,,,,,,,,,,,,,,,,,,,,,,,,,,,,,,,,,,,,,,,,,,,,,,,,,6.2,2005-08-19T17:00:00,,,,,,,,,,,,,,,,,,,,,,,,,,,,,,,,,,,,,,,,,,,,,,,,,,,,,,,,,,,,,,,,,,,,,,,,,,,,,,
2005-08-20,985.5,,986.7,2005-08-20T01:00:00,984.2,2005-08-20T15:00:00,26.1,31.0,2005-08-20T14:00:00,23.7,2005-08-20T01:00:00,23.2,85,65,2005-08-20T14:00:00,2.2,270.0,13.0,270.0,2005-08-20T18:00:00,1.5,,,,,3.8,9.21,3.0,,28.4,28.3,28.2,27.6,26.7,,,,,,,,,24.8,2005-08-20T15:00:00,,,,21.3,2005-08-20T05:00:00,,,,,,,,,,,,,,,,,,,,,,,,,100,2005-08-20T19:00:00,,,,,,,,,,,,,,,,,,,,,,,,,,,,,,,,,28.0,,,,,,,,,,,,,,,,,,,,,,,,,,,,,,,,,,,,,,,,,,,,,,,,,,,,,,,,,,,,,,,,,,,,,,,,,,,,,,,,,,,,,,,4.9,2005-08-20T16:00:00,,,,,,,,,,,,,,,,,,,,,,,,,,,,,,,,,,,,,,,,,,,,,,,,,,,,,,,,,,,,,,,,,,,,,,,,,,,,,,
2005-08-21,986.0,,987.1,2005-08-21T20:00:00,984.9,2005-08-21T02:00:00,25.2,29.2,2005-08-21T15:00:00,22.9,2005-08-21T18:00:00,23.5,91,75,2005-08-21T08:00:00,2.7,157.5,16.6,247.5,2005-08-21T21:00:00,0.5,,,,,0.0,6.16,1.6,,28.1,28.1,28.0,27.6,26.7,,,,,,,,,25.5,2005-08-21T13:00:00,,,,22.1,2005-08-21T08:00:00,,,,,,,,,,,,,,,,,,,,,,,,,100,2005-08-21T03:00:00,,,,,,,,,,,,,,,,,,,,,,,,,,,,,,,,,27.9,,,,,,,,,,,,,,,,,,,,,,,,,,,,,,,,,,,,,,,,,,,,,,,,,,,,,,,,,,,,,,,,,,,,,,,,,,,,,,,,,,,,,,,6.4,2005-08-21T21:00:00,,,,,,,,,,,,,,,,,,,,,,,,,,,,,,,,,,,,,,,,,,,,,,,,,,,,,,,,,,,,,,,,,,,,,,,,,,,,,,
2005-08-22,986.8,,987.8,2005-08-22T23:00:00,986.4,2005-08-22T16:00:00,26.0,29.6,2005-08-22T11:00:00,22.6,2005-08-22T02:00:00,24.2,90,71,2005-08-22T10:00:00,3.6,270.0,15.6,270.0,2005-08-22T13:00:00,5.0,,,,,0.0,4.99,1.0,,27.6,27.6,27.6,27.5,26.7,,,,,,,,,26.0,2005-08-22T18:00:00,,,,21.8,2005-08-22T06:00:00,,,,,,,,,,,,,,,,,,,,,,,,,100,2005-08-22T01:00:00,,,,,,,,,,,,,,,,,,,,,,,,,,,,,,,,,27.6,,,,,,,,,,,,,,,,,,,,,,,,,,,,,,,,,,,,,,,,,,,,,,,,,,,,,,,,,,,,,,,,,,,,,,,,,,,,,,,,,,,,,,,6.6,2005-08-22T13:00:00,,,,,,,,,,,,,,,,,,,,,,,,,,,,,,,,,,,,,,,,,,,,,,,,,,,,,,,,,,,,,,,,,,,,,,,,,,,,,,
2005-08-23,986.3,,987.5,2005-08-23T09:00:00,985.0,2005-08-23T17:00:00,26.7,30.3,2005-08-23T11:00:00,24.6,2005-08-23T06:00:00,25.2,91,77,2005-08-23T11:00:00,3.5,270.0,12.2,270.0,2005-08-23T13:00:00,0.0,,,,,7.0,11.65,3.6,,27.6,27.5,27.4,27.3,26.6,,,,,,,,,26.5,2005-08-23T17:00:00,,,,23.9,2005-08-23T06:00:00,,,,,,,,,,,,,,,,,,,,,,,,,100,2005-08-23T22:00:00,,,,,,,,,,,,,,,,,,,,,,,,,,,,,,,,,27.4,,,,,,,,,,,,,,,,,,,,,,,,,,,,,,,,,,,,,,,,,,,,,,,,,,,,,,,,,,,,,,,,,,,,,,,,,,,,,,,,,,,,,,,6.5,2005-08-23T14:00:00,,,,,,,,,,,,,,,,,,,,,,,,,,,,,,,,,,,,,,,,,,,,,,,,,,,,,,,,,,,,,,,,,,,,,,,,,,,,,,
2005-08-24,984.6,,985.4,2005-08-24T01:00:00,983.0,2005-08-24T15:00:00,27.0,32.4,2005-08-24T13:00:00,23.7,2005-08-24T05:00:00,24.8,88,65,2005-08-24T14:00:00,2.4,270.0,9.5,270.0,2005-08-24T14:00:00,3.5,,,,,8.2,14.37,4.4,,28.3,28.1,27.8,27.3,26.6,,,,,,,,,25.8,2005-08-24T16:00:00,,,,23.9,2005-08-24T05:00:00,,,,,,,,,,,,,,,,,,,,,,,,,100,2005-08-24T01:00:00,,,,,,,,,,,,,,,,,,,,,,,,,,,,,,,,,27.6,,,,,,,,,,,,,,,,,,,,,,,,,,,,,,,,,,,,,,,,,,,,,,,,,,,,,,,,,,,,,,,,,,,,,,,,,,,,,,,,,,,,,,,4.9,2005-08-24T14:00:00,,,,,,,,,,,,,,,,,,,,,,,,,,,,,,,,,,,,,,,,,,,,,,,,,,,,,,,,,,,,,,,,,,,,,,,,,,,,,,
2005-08-25,986.1,,987.4,2005-08-25T22:00:00,984.3,2005-08-25T03:00:00,24.7,29.4,2005-08-25T12:00:00,23.3,2005-08-25T23:59:59,25.1,99,86,2005-08-25T11:00:00,1.6,112.5,7.0,22.5,2005-08-25T13:00:00,20.5,,,,,0.0,4.23,0.0,,28.3,28.3,28.0,27.4,26.6,,,,,,,,,26.7,2005-08-25T12:00:00,,,,24.2,2005-08-25T23:59:59,,,,,,,,,,,,,,,,,,,,,,,,,100,2005-08-25T01:00:00,,,,,,,,,,,,,,,,,,,,,,,,,,,,,,,,,27.8,,,,,,,,,,,,,,,,,,,,,,,,,,,,,,,,,,,,,,,,,,,,,,,,,,,,,,,,,,,,,,,,,,,,,,,,,,,,,,,,,,,,,,,3.5,2005-08-25T13:00:00,,,,,,,,,,,,,,,,,,,,,,,,,,,,,,,,,,,,,,,,,,,,,,,,,,,,,,,,,,,,,,,,,,,,,,,,,,,,,,
2005-08-26,988.0,,989.0,2005-08-26T08:00:00,987.0,2005-08-26T02:00:00,26.5,31.7,2005-08-26T12:00:00,22.5,2005-08-26T06:00:00,24.8,91,73,2005-08-26T12:00:00,2.0,225.0,7.2,225.0,2005-08-26T03:00:00,0.0,,,,,8.0,13.27,2.3,,27.9,27.8,27.7,27.4,26.5,,,,,,,,,27.3,2005-08-26T13:00:00,,,,22.4,2005-08-26T04:00:00,,,,,,,,,,,,,,,,,,,,,,,,,100,2005-08-26T01:00:00,,,,,,,,,,,,,,,,,,,,,,,,,,,,,,,,,27.6,,,,,,,,,,,,,,,,,,,,,,,,,,,,,,,,,,,,,,,,,,,,,,,,,,,,,,,,,,,,,,,,,,,,,,,,,,,,,,,,,,,,,,,4.1,2005-08-26T04:00:00,,,,,,,,,,,,,,,,,,,,,,,,,,,,,,,,,,,,,,,,,,,,,,,,,,,,,,,,,,,,,,,,,,,,,,,,,,,,,,
2005-08-27,988.3,,989.7,2005-08-27T10:00:00,987.1,2005-08-27T17:00:00,27.3,31.4,2005-08-27T14:00:00,23.5,2005-08-27T02:00:00,26.0,92,78,2005-08-27T13:00:00,1.7,292.5,6.3,292.5,2005-08-27T15:00:00,0.0,,,,,9.0,14.46,4.3,,28.6,28.4,28.1,27.4,26.6,,,,,,,,,27.6,2005-08-27T14:00:00,,,,23.8,2005-08-27T04:00:00,,,,,,,,,,,,,,,,,,,,,,,,,100,2005-08-27T02:00:00,,,,,,,,,,,,,,,,,,,,,,,,,,,,,,,,,27.8,,,,,,,,,,,,,,,,,,,,,,,,,,,,,,,,,,,,,,,,,,,,,,,,,,,,,,,,,,,,,,,,,,,,,,,,,,,,,,,,,,,,,,,3.2,2005-08-27T14:00:00,,,,,,,,,,,,,,,,,,,,,,,,,,,,,,,,,,,,,,,,,,,,,,,,,,,,,,,,,,,,,,,,,,,,,,,,,,,,,,
2005-08-28,987.7,,988.5,2005-08-28T09:00:00,986.1,2005-08-28T16:00:00,27.3,31.2,2005-08-28T14:00:00,23.9,2005-08-28T06:00:00,25.9,92,76,2005-08-28T12:00:00,2.0,292.5,7.4,270.0,2005-08-28T13:00:00,0.0,,,,,6.0,12.97,4.6,,29.0,28.9,28.4,27.5,26.5,,,,,,,,,26.5,2005-08-28T18:00:00,,,,24.8,2005-08-28T05:00:00,,,,,,,,,,,,,,,,,,,,,,,,,100,2005-08-28T01:00:00,,,,,,,,,,,,,,,,,,,,,,,,,,,,,,,,,28.1,,,,,,,,,,,,,,,,,,,,,,,,,,,,,,,,,,,,,,,,,,,,,,,,,,,,,,,,,,,,,,,,,,,,,,,,,,,,,,,,,,,,,,,3.8,2005-08-28T13:00:00,,,,,,,,,,,,,,,,,,,,,,,,,,,,,,,,,,,,,,,,,,,,,,,,,,,,,,,,,,,,,,,,,,,,,,,,,,,,,,
2005-08-29,987.0,,987.8,2005-08-29T08:00:00,986.0,2005-08-29T17:00:00,27.3,30.5,2005-08-29T13:00:00,25.4,2005-08-29T01:00:00,25.9,92,79,2005-08-29T16:00:00,1.9,247.5,7.2,292.5,2005-08-29T14:00:00,0.0,,,,,2.5,9.91,3.4,,29.1,29.0,28.6,27.7,26.6,,,,,,,,,26.7,2005-08-29T12:00:00,,,,25.4,2005-08-29T17:00:00,,,,,,,,,,,,,,,,,,,,,,,,,100,2005-08-29T01:00:00,,,,,,,,,,,,,,,,,,,,,,,,,,,,,,,,,28.3,,,,,,,,,,,,,,,,,,,,,,,,,,,,,,,,,,,,,,,,,,,,,,,,,,,,,,,,,,,,,,,,,,,,,,,,,,,,,,,,,,,,,,,3.4,2005-08-29T13:00:00,,,,,,,,,,,,,,,,,,,,,,,,,,,,,,,,,,,,,,,,,,,,,,,,,,,,,,,,,,,,,,,,,,,,,,,,,,,,,,
2005-08-30,983.8,,985.5,2005-08-30T01:00:00,981.9,2005-08-30T17:00:00,26.7,30.1,2005-08-30T12:00:00,24.1,2005-08-30T23:00:00,25.3,92,80,2005-08-30T11:00:00,1.8,247.5,5.9,292.5,2005-08-30T14:00:00,0.0,,,,,3.0,9.43,3.4,,29.0,28.9,28.6,27.8,26.6,,,,,,,,,26.3,2005-08-30T16:00:00,,,,24.3,2005-08-30T22:00:00,,,,,,,,,,,,,,,,,,,,,,,,,100,2005-08-30T01:00:00,,,,,,,,,,,,,,,,,,,,,,,,,,,,,,,,,28.3,,,,,,,,,,,,,,,,,,,,,,,,,,,,,,,,,,,,,,,,,,,,,,,,,,,,,,,,,,,,,,,,,,,,,,,,,,,,,,,,,,,,,,,2.6,2005-08-30T16:00:00,,,,,,,,,,,,,,,,,,,,,,,,,,,,,,,,,,,,,,,,,,,,,,,,,,,,,,,,,,,,,,,,,,,,,,,,,,,,,,
2005-08-31,976.5,,982.0,2005-08-31T01:00:00,963.5,2005-08-31T23:59:59,25.0,26.1,2005-08-31T13:00:00,23.3,2005-08-31T04:00:00,25.7,99,94,2005-08-31T03:00:00,5.6,45.0,35.2,45.0,2005-08-31T23:59:59,193.0,,,,,0.0,1.64,3.2,,27.6,27.7,27.9,27.9,26.8,,,,,,,,,27.2,2005-08-31T13:00:00,,,,23.5,2005-08-31T04:00:00,,,,,,,,,,,,,,,,,,,,,,,,,100,2005-08-31T04:00:00,,,,,,,,,,,,,,,,,,,,,,,,,,,,,,,,,28.0,,,,,,,,,,,,,,,,,,,,,,,,,,,,,,,,,,,,,,,,,,,,,,,,,,,,,,,,,,,,,,,,,,,,,,,,,,,,,,,,,,,,,,,14.6,2005-08-31T23:00:00,,,,,,,,,,,,,,,,,,,,,,,,,,,,,,,,,,,,,,,,,,,,,,,,,,,,,,,,,,,,,,,,,,,,,,,,,,,,,,
2005-09-01,970.1,,982.7,2005-09-01T23:00:00,959.4,2005-09-01T05:00:00,25.4,28.0,2005-09-01T09:00:00,23.8,2005-09-01T23:59:59,26.0,100,98,2005-09-01T09:00:00,3.7,67.5,21.7,67.5,2005-09-01T01:00:00,12.0,,,,,0.0,3.05,1.2,,26.3,26.3,26.6,27.4,27.2,,,,,,,,,27.4,2005-09-01T08:00:00,,,,25.1,2005-09-01T18:00:00,,,,,,,,,,,,,,,,,,,,,,,,,100,2005-09-01T01:00:00,,,,,,,,,,,,,,,,,,,,,,,,,,,,,,,,,27.0,,,,,,,,,,,,,,,,,,,,,,,,,,,,,,,,,,,,,,,,,,,,,,,,,,,,,,,,,,,,,,,,,,,,,,,,,,,,,,,,,,,,,,,11.2,2005-09-01T01:00:00,,,,,,,,,,,,,,,,,,,,,,,,,,,,,,,,,,,,,,,,,,,,,,,,,,,,,,,,,,,,,,,,,,,,,,,,,,,,,,
2005-09-02,985.0,,986.7,2005-09-02T21:00:00,982.6,2005-09-02T01:00:00,26.7,31.0,2005-09-02T14:00:00,22.6,2005-09-02T05:00:00,24.8,89,73,2005-09-02T10:00:00,1.8,292.5,6.1,292.5,2005-09-02T11:00:00,0.0,,,,,6.8,11.22,2.4,,27.0,26.9,26.8,27.1,27.1,,,,,,,,,26.6,2005-09-02T11:00:00,,,,22.8,2005-09-02T23:59:59,,,,,,,,,,,,,,,,,,,,,,,,,100,2005-09-02T01:00:00,,,,,,,,,,,,,,,,,,,,,,,,,,,,,,,,,26.9,,,,,,,,,,,,,,,,,,,,,,,,,,,,,,,,,,,,,,,,,,,,,,,,,,,,,,,,,,,,,,,,,,,,,,,,,,,,,,,,,,,,,,,2.8,2005-09-02T11:00:00,,,,,,,,,,,,,,,,,,,,,,,,,,,,,,,,,,,,,,,,,,,,,,,,,,,,,,,,,,,,,,,,,,,,,,,,,,,,,,
2005-09-03,984.3,,985.3,2005-09-03T08:00:00,982.9,2005-09-03T15:00:00,27.0,32.4,2005-09-03T13:00:00,22.1,2005-09-03T05:00:00,23.5,82,60,2005-09-03T13:00:00,3.3,67.5,11.0,67.5,2005-09-03T13:00:00,0.0,,,,,11.0,16.36,5.9,,27.8,27.7,27.4,27.1,26.9,,,,,,,,,25.5,2005-09-03T16:00:00,,,,22.3,2005-09-03T05:00:00,,,,,,,,,,,,,,,,,,,,,,,,,100,2005-09-03T06:00:00,,,,,,,,,,,,,,,,,,,,,,,,,,,,,,,,,27.2,,,,,,,,,,,,,,,,,,,,,,,,,,,,,,,,,,,,,,,,,,,,,,,,,,,,,,,,,,,,,,,,,,,,,,,,,,,,,,,,,,,,,,,5.4,2005-09-03T13:00:00,,,,,,,,,,,,,,,,,,,,,,,,,,,,,,,,,,,,,,,,,,,,,,,,,,,,,,,,,,,,,,,,,,,,,,,,,,,,,,
2005-09-04,984.6,,985.9,2005-09-04T22:00:00,983.7,2005-09-04T04:00:00,25.9,29.1,2005-09-04T13:00:00,23.3,2005-09-04T06:00:00,24.4,92,75,2005-09-04T11:00:00,3.3,67.5,10.6,22.5,2005-09-04T14:00:00,0.0,,,,,7.5,12.46,4.1,,28.2,28.1,27.8,27.2,26.8,,,,,,,,,25.8,2005-09-04T14:00:00,,,,22.5,2005-09-04T01:00:00,,,,,,,,,,,,,,,,,,,,,,,,,100,2005-09-04T05:00:00,,,,,,,,,,,,,,,,,,,,,,,,,,,,,,,,,27.6,,,,,,,,,,,,,,,,,,,,,,,,,,,,,,,,,,,,,,,,,,,,,,,,,,,,,,,,,,,,,,,,,,,,,,,,,,,,,,,,,,,,,,,5.5,2005-09-04T15:00:00,,,,,,,,,,,,,,,,,,,,,,,,,,,,,,,,,,,,,,,,,,,,,,,,,,,,,,,,,,,,,,,,,,,,,,,,,,,,,,
2005-09-05,985.4,,986.2,2005-09-05T10:00:00,984.9,2005-09-05T04:00:00,25.4,28.4,2005-09-05T13:00:00,21.8,2005-09-05T23:59:59,22.8,85,70,2005-09-05T16:00:00,2.9,45.0,9.8,45.0,2005-09-05T15:00:00,6.0,,,,,7.0,11.4,3.3,,28.2,28.1,27.9,27.4,26.8,,,,,,,,,25.3,2005-09-05T04:00:00,,,,19.0,2005-09-05T23:00:00,,,,,,,,,,,,,,,,,,,,,,,,,100,2005-09-05T02:00:00,,,,,,,,,,,,,,,,,,,,,,,,,,,,,,,,,27.7,,,,,,,,,,,,,,,,,,,,,,,,,,,,,,,,,,,,,,,,,,,,,,,,,,,,,,,,,,,,,,,,,,,,,,,,,,,,,,,,,,,,,,,4.9,2005-09-05T16:00:00,,,,,,,,,,,,,,,,,,,,,,,,,,,,,,,,,,,,,,,,,,,,,,,,,,,,,,,,,,,,,,,,,,,,,,,,,,,,,,
2005-09-06,986.0,,987.4,2005-09-06T22:00:00,985.0,2005-09-06T03:00:00,24.8,29.7,2005-09-06T14:00:00,20.7,2005-09-06T05:00:00,21.0,80,63,2005-09-06T16:00:00,1.8,157.5,5.2,180.0,2005-09-06T06:00:00,0.0,,,,,9.0,14.38,4.4,,27.9,27.8,27.8,27.4,26.8,,,,,,,,,23.8,2005-09-06T10:00:00,,,,19.2,2005-09-06T05:00:00,,,,,,,,,,,,,,,,,,,,,,,,,95,2005-09-06T23:59:59,,,,,,,,,,,,,,,,,,,,,,,,,,,,,,,,,27.7,,,,,,,,,,,,,,,,,,,,,,,,,,,,,,,,,,,,,,,,,,,,,,,,,,,,,,,,,,,,,,,,,,,,,,,,,,,,,,,,,,,,,,,3.1,2005-09-06T06:00:00,,,,,,,,,,,,,,,,,,,,,,,,,,,,,,,,,,,,,,,,,,,,,,,,,,,,,,,,,,,,,,,,,,,,,,,,,,,,,,
2005-09-07,987.5,,988.4,2005-09-07T21:00:00,986.5,2005-09-07T15:00:00,24.8,30.4,2005-09-07T14:00:00,19.6,2005-09-07T03:00:00,19.3,73,52,2005-09-07T11:00:00,2.8,90.0,9.6,90.0,2005-09-07T10:00:00,0.0,,,,,10.2,15.79,5.5,,27.6,27.5,27.5,27.4,26.8,,,,,,,,,21.6,2005-09-07T15:00:00,,,,17.8,2005-09-07T23:00:00,,,,,,,,,,,,,,,,,,,,,,,,,95,2005-09-07T06:00:00,,,,,,,,,,,,,,,,,,,,,,,,,,,,,,,,,27.5,,,,,,,,,,,,,,,,,,,,,,,,,,,,,,,,,,,,,,,,,,,,,,,,,,,,,,,,,,,,,,,,,,,,,,,,,,,,,,,,,,,,,,,3.7,2005-09-07T09:00:00,,,,,,,,,,,,,,,,,,,,,,,,,,,,,,,,,,,,,,,,,,,,,,,,,,,,,,,,,,,,,,,,,,,,,,,,,,,,,,
2005-09-08,987.8,,988.7,2005-09-08T09:00:00,987.0,2005-09-08T15:00:00,24.9,29.8,2005-09-08T13:00:00,20.5,2005-09-08T05:00:00,20.5,78,59,2005-09-08T11:00:00,3.5,90.0,11.5,67.5,2005-09-08T10:00:00,0.0,,,,,9.0,15.57,5.6,,27.5,27.5,27.4,27.3,26.8,,,,,,,,,22.2,2005-09-08T16:00:00,,,,18.0,2005-09-08T01:00:00,,,,,,,,,,,,,,,,,,,,,,,,,92,2005-09-08T05:00:00,,,,,,,,,,,,,,,,,,,,,,,,,,,,,,,,,27.4,,,,,,,,,,,,,,,,,,,,,,,,,,,,,,,,,,,,,,,,,,,,,,,,,,,,,,,,,,,,,,,,,,,,,,,,,,,,,,,,,,,,,,,5.5,2005-09-08T10:00:00,,,,,,,,,,,,,,,,,,,,,,,,,,,,,,,,,,,,,,,,,,,,,,,,,,,,,,,,,,,,,,,,,,,,,,,,,,,,,,
2005-09-09,987.7,,988.7,2005-09-09T07:00:00,986.9,2005-09-09T15:00:00,25.3,30.7,2005-09-09T13:00:00,21.6,2005-09-09T06:00:00,21.9,82,68,2005-09-09T12:00:00,3.6,67.5,10.7,67.5,2005-09-09T18:00:00,0.0,,,,,8.0,14.39,4.5,,27.6,27.6,27.4,27.2,26.7,,,,,,,,,24.0,2005-09-09T14:00:00,,,,19.1,2005-09-09T06:00:00,,,,,,,,,,,,,,,,,,,,,,,,,92,2005-09-09T02:00:00,,,,,,,,,,,,,,,,,,,,,,,,,,,,,,,,,27.4,,,,,,,,,,,,,,,,,,,,,,,,,,,,,,,,,,,,,,,,,,,,,,,,,,,,,,,,,,,,,,,,,,,,,,,,,,,,,,,,,,,,,,,5.4,2005-09-09T10:00:00,,,,,,,,,,,,,,,,,,,,,,,,,,,,,,,,,,,,,,,,,,,,,,,,,,,,,,,,,,,,,,,,,,,,,,,,,,,,,,
2005-09-10,985.4,,987.5,2005-09-10T01:00:00,983.3,2005-09-10T23:59:59,24.1,26.9,2005-09-10T11:00:00,22.1,2005-09-10T06:00:00,24.3,98,88,2005-09-10T11:00:00,3.3,67.5,11.0,45.0,2005-09-10T12:00:00,11.5,,,,,0.0,4.43,0.5,,27.3,27.3,27.4,27.2,26.7,,,,,,,,,26.0,2005-09-10T20:00:00,,,,22.2,2005-09-10T01:00:00,,,,,,,,,,,,,,,,,,,,,,,,,100,2005-09-10T03:00:00,,,,,,,,,,,,,,,,,,,,,,,,,,,,,,,,,27.3,,,,,,,,,,,,,,,,,,,,,,,,,,,,,,,,,,,,,,,,,,,,,,,,,,,,,,,,,,,,,,,,,,,,,,,,,,,,,,,,,,,,,,,4.4,2005-09-10T11:00:00,,,,,,,,,,,,,,,,,,,,,,,,,,,,,,,,,,,,,,,,,,,,,,,,,,,,,,,,,,,,,,,,,,,,,,,,,,,,,,
2005-09-11,983.6,,986.5,2005-09-11T23:59:59,981.9,2005-09-11T15:00:00,25.8,30.5,2005-09-11T13:00:00,22.9,2005-09-11T07:00:00,24.9,92,76,2005-09-11T12:00:00,2.8,247.5,10.4,292.5,2005-09-11T03:00:00,11.0,,,,,2.0,10.93,2.2,,27.2,27.1,27.1,27.1,26.7,,,,,,,,,25.4,2005-09-11T11:00:00,,,,24.2,2005-09-11T05:00:00,,,,,,,,,,,,,,,,,,,,,,,,,100,2005-09-11T01:00:00,,,,,,,,,,,,,,,,,,,,,,,,,,,,,,,,,27.1,,,,,,,,,,,,,,,,,,,,,,,,,,,,,,,,,,,,,,,,,,,,,,,,,,,,,,,,,,,,,,,,,,,,,,,,,,,,,,,,,,,,,,,5.2,2005-09-11T02:00:00,,,,,,,,,,,,,,,,,,,,,,,,,,,,,,,,,,,,,,,,,,,,,,,,,,,,,,,,,,,,,,,,,,,,,,,,,,,,,,
2005-09-12,989.2,,990.6,2005-09-12T21:00:00,986.6,2005-09-12T02:00:00,27.0,31.6,2005-09-12T14:00:00,23.5,2005-09-12T06:00:00,25.1,89,68,2005-09-12T14:00:00,1.7,292.5,6.3,292.5,2005-09-12T13:00:00,0.0,,,,,5.0,11.53,3.7,,27.7,27.6,27.4,27.0,26.6,,,,,,,,,26.2,2005-09-12T09:00:00,,,,24.1,2005-09-12T15:00:00,,,,,,,,,,,,,,,,,,,,,,,,,100,2005-09-12T01:00:00,,,,,,,,,,,,,,,,,,,,,,,,,,,,,,,,,27.2,,,,,,,,,,,,,,,,,,,,,,,,,,,,,,,,,,,,,,,,,,,,,,,,,,,,,,,,,,,,,,,,,,,,,,,,,,,,,,,,,,,,,,,3.4,2005-09-12T14:00:00,,,,,,,,,,,,,,,,,,,,,,,,,,,,,,,,,,,,,,,,,,,,,,,,,,,,,,,,,,,,,,,,,,,,,,,,,,,,,,
2005-09-13,990.6,,991.9,2005-09-13T09:00:00,989.6,2005-09-13T16:00:00,27.5,31.7,2005-09-13T11:00:00,23.7,2005-09-13T05:00:00,25.2,87,73,2005-09-13T11:00:00,2.1,90.0,8.5,90.0,2005-09-13T19:00:00,0.0,,,,,8.0,11.58,4.2,,28.0,27.9,27.6,27.1,26.6,,,,,,,,,27.2,2005-09-13T13:00:00,,,,24.0,2005-09-13T06:00:00,,,,,,,,,,,,,,,,,,,,,,,,,100,2005-09-13T01:00:00,,,,,,,,,,,,,,,,,,,,,,,,,,,,,,,,,27.4,,,,,,,,,,,,,,,,,,,,,,,,,,,,,,,,,,,,,,,,,,,,,,,,,,,,,,,,,,,,,,,,,,,,,,,,,,,,,,,,,,,,,,,4.1,2005-09-13T18:00:00,,,,,,,,,,,,,,,,,,,,,,,,,,,,,,,,,,,,,,,,,,,,,,,,,,,,,,,,,,,,,,,,,,,,,,,,,,,,,,
2005-09-14,990.8,,992.4,2005-09-14T08:00:00,989.3,2005-09-14T17:00:00,27.8,33.1,2005-09-14T15:00:00,24.6,2005-09-14T05:00:00,24.2,82,65,2005-09-14T14:00:00,3.0,90.0,12.8,90.0,2005-09-14T18:00:00,0.0,,,,,8.2,12.69,5.6,,28.4,28.2,27.9,27.2,26.6,,,,,,,,,25.3,2005-09-14T04:00:00,,,,22.3,2005-09-14T19:00:00,,,,,,,,,,,,,,,,,,,,,,,,,100,2005-09-14T04:00:00,,,,,,,,,,,,,,,,,,,,,,,,,,,,,,,,,27.6,,,,,,,,,,,,,,,,,,,,,,,,,,,,,,,,,,,,,,,,,,,,,,,,,,,,,,,,,,,,,,,,,,,,,,,,,,,,,,,,,,,,,,,5.7,2005-09-14T19:00:00,,,,,,,,,,,,,,,,,,,,,,,,,,,,,,,,,,,,,,,,,,,,,,,,,,,,,,,,,,,,,,,,,,,,,,,,,,,,,,
2005-09-15,989.6,,991.3,2005-09-15T09:00:00,987.9,2005-09-15T16:00:00,27.4,31.5,2005-09-15T14:00:00,23.9,2005-09-15T05:00:00,23.7,81,70,2005-09-15T15:00:00,2.5,112.5,8.2,112.5,2005-09-15T01:00:00,0.0,,,,,6.0,11.39,4.2,,28.4,28.3,28.0,27.4,26.6,,,,,,,,,25.6,2005-09-15T12:00:00,,,,21.5,2005-09-15T07:00:00,,,,,,,,,,,,,,,,,,,,,,,,,95,2005-09-15T03:00:00,,,,,,,,,,,,,,,,,,,,,,,,,,,,,,,,,27.8,,,,,,,,,,,,,,,,,,,,,,,,,,,,,,,,,,,,,,,,,,,,,,,,,,,,,,,,,,,,,,,,,,,,,,,,,,,,,,,,,,,,,,,3.5,2005-09-15T19:00:00,,,,,,,,,,,,,,,,,,,,,,,,,,,,,,,,,,,,,,,,,,,,,,,,,,,,,,,,,,,,,,,,,,,,,,,,,,,,,,
2005-09-16,988.4,,989.6,2005-09-16T09:00:00,986.8,2005-09-16T16:00:00,27.4,32.9,2005-09-16T14:00:00,23.1,2005-09-16T05:00:00,23.4,79,67,2005-09-16T13:00:00,2.0,157.5,6.9,90.0,2005-09-16T16:00:00,0.0,,,,,8.5,12.16,4.0,,28.4,28.2,28.0,27.4,26.6,,,,,,,,,25.3,2005-09-16T15:00:00,,,,19.5,2005-09-16T06:00:00,,,,,,,,,,,,,,,,,,,,,,,,,100,2005-09-16T22:00:00,,,,,,,,,,,,,,,,,,,,,,,,,,,,,,,,,27.8,,,,,,,,,,,,,,,,,,,,,,,,,,,,,,,,,,,,,,,,,,,,,,,,,,,,,,,,,,,,,,,,,,,,,,,,,,,,,,,,,,,,,,,3.4,2005-09-16T15:00:00,,,,,,,,,,,,,,,,,,,,,,,,,,,,,,,,,,,,,,,,,,,,,,,,,,,,,,,,,,,,,,,,,,,,,,,,,,,,,,
2005-09-17,990.2,,992.5,2005-09-17T22:00:00,988.4,2005-09-17T03:00:00,27.2,33.0,2005-09-17T13:00:00,22.9,2005-09-17T05:00:00,23.7,82,67,2005-09-17T14:00:00,2.0,157.5,6.3,270.0,2005-09-17T13:00:00,0.0,,,,,8.0,12.09,3.8,,28.4,28.3,28.1,27.5,26.6,,,,,,,,,25.4,2005-09-17T13:00:00,,,,20.7,2005-09-17T08:00:00,,,,,,,,,,,,,,,,,,,,,,,,,100,2005-09-17T23:00:00,,,,,,,,,,,,,,,,,,,,,,,,,,,,,,,,,27.9,,,,,,,,,,,,,,,,,,,,,,,,,,,,,,,,,,,,,,,,,,,,,,,,,,,,,,,,,,,,,,,,,,,,,,,,,,,,,,,,,,,,,,,3.2,2005-09-17T16:00:00,,,,,,,,,,,,,,,,,,,,,,,,,,,,,,,,,,,,,,,,,,,,,,,,,,,,,,,,,,,,,,,,,,,,,,,,,,,,,,
2005-09-18,992.9,,994.0,2005-09-18T09:00:00,991.8,2005-09-18T03:00:00,27.2,31.4,2005-09-18T12:00:00,23.2,2005-09-18T05:00:00,24.9,88,73,2005-09-18T10:00:00,1.9,157.5,6.6,315.0,2005-09-18T13:00:00,0.0,,,,,7.5,11.8,3.8,,28.5,28.4,28.1,27.5,26.6,,,,,,,,,27.0,2005-09-18T13:00:00,,,,22.8,2005-09-18T07:00:00,,,,,,,,,,,,,,,,,,,,,,,,,100,2005-09-18T01:00:00,,,,,,,,,,,,,,,,,,,,,,,,,,,,,,,,,27.9,,,,,,,,,,,,,,,,,,,,,,,,,,,,,,,,,,,,,,,,,,,,,,,,,,,,,,,,,,,,,,,,,,,,,,,,,,,,,,,,,,,,,,,3.4,2005-09-18T15:00:00,,,,,,,,,,,,,,,,,,,,,,,,,,,,,,,,,,,,,,,,,,,,,,,,,,,,,,,,,,,,,,,,,,,,,,,,,,,,,,
2005-09-19,991.8,,993.5,2005-09-19T01:00:00,990.2,2005-09-19T15:00:00,27.5,33.2,2005-09-19T14:00:00,22.9,2005-09-19T06:00:00,23.5,80,60,2005-09-19T12:00:00,2.3,90.0,8.3,90.0,2005-09-19T16:00:00,0.0,,,,,9.3,15.58,5.8,,28.8,28.6,28.3,27.5,26.7,,,,,,,,,24.9,2005-09-19T01:00:00,,,,21.8,2005-09-19T22:00:00,,,,,,,,,,,,,,,,,,,,,,,,,99,2005-09-19T04:00:00,,,,,,,,,,,,,,,,,,,,,,,,,,,,,,,,,28.0,,,,,,,,,,,,,,,,,,,,,,,,,,,,,,,,,,,,,,,,,,,,,,,,,,,,,,,,,,,,,,,,,,,,,,,,,,,,,,,,,,,,,,,3.7,2005-09-19T14:00:00,,,,,,,,,,,,,,,,,,,,,,,,,,,,,,,,,,,,,,,,,,,,,,,,,,,,,,,,,,,,,,,,,,,,,,,,,,,,,,
2005-09-20,988.5,,990.3,2005-09-20T01:00:00,986.5,2005-09-20T15:00:00,26.8,33.3,2005-09-20T14:00:00,22.2,2005-09-20T06:00:00,21.8,76,49,2005-09-20T13:00:00,2.9,90.0,11.9,90.0,2005-09-20T18:00:00,0.0,,,,,7.0,7.21,4.7,,29.0,28.8,28.5,27.6,26.7,,,,,,,,,23.3,2005-09-20T03:00:00,,,,20.8,2005-09-20T18:00:00,,,,,,,,,,,,,,,,,,,,,,,,,99,2005-09-20T04:00:00,,,,,,,,,,,,,,,,,,,,,,,,,,,,,,,,,28.1,,,,,,,,,,,,,,,,,,,,,,,,,,,,,,,,,,,,,,,,,,,,,,,,,,,,,,,,,,,,,,,,,,,,,,,,,,,,,,,,,,,,,,,5.7,2005-09-20T16:00:00,,,,,,,,,,,,,,,,,,,,,,,,,,,,,,,,,,,,,,,,,,,,,,,,,,,,,,,,,,,,,,,,,,,,,,,,,,,,,,
2005-09-21,985.5,,987.4,2005-09-21T09:00:00,983.4,2005-09-21T15:00:00,26.9,32.1,2005-09-21T13:00:00,22.3,2005-09-21T06:00:00,20.4,68,52,2005-09-21T14:00:00,4.7,90.0,18.5,90.0,2005-09-21T14:00:00,0.0,,,,,10.2,15.39,6.5,,28.8,28.7,28.5,27.7,26.7,,,,,,,,,21.9,2005-09-21T23:59:59,,,,18.2,2005-09-21T06:00:00,,,,,,,,,,,,,,,,,,,,,,,,,84,2005-09-21T02:00:00,,,,,,,,,,,,,,,,,,,,,,,,,,,,,,,,,28.2,,,,,,,,,,,,,,,,,,,,,,,,,,,,,,,,,,,,,,,,,,,,,,,,,,,,,,,,,,,,,,,,,,,,,,,,,,,,,,,,,,,,,,,7.7,2005-09-21T15:00:00,,,,,,,,,,,,,,,,,,,,,,,,,,,,,,,,,,,,,,,,,,,,,,,,,,,,,,,,,,,,,,,,,,,,,,,,,,,,,,
2005-09-22,983.9,,985.2,2005-09-22T08:00:00,982.4,2005-09-22T15:00:00,24.9,26.7,2005-09-22T16:00:00,23.6,2005-09-22T08:00:00,23.9,94,76,2005-09-22T01:00:00,6.8,67.5,17.0,67.5,2005-09-22T17:00:00,23.0,,,,,0.0,2.72,0.7,,28.1,28.1,28.2,27.7,26.7,,,,,,,,,24.5,2005-09-22T11:00:00,,,,21.8,2005-09-22T01:00:00,,,,,,,,,,,,,,,,,,,,,,,,,100,2005-09-22T08:00:00,,,,,,,,,,,,,,,,,,,,,,,,,,,,,,,,,28.1,,,,,,,,,,,,,,,,,,,,,,,,,,,,,,,,,,,,,,,,,,,,,,,,,,,,,,,,,,,,,,,,,,,,,,,,,,,,,,,,,,,,,,,8.1,2005-09-22T15:00:00,,,,,,,,,,,,,,,,,,,,,,,,,,,,,,,,,,,,,,,,,,,,,,,,,,,,,,,,,,,,,,,,,,,,,,,,,,,,,,
2005-09-23,984.8,,987.2,2005-09-23T23:00:00,982.8,2005-09-23T14:00:00,25.8,30.9,2005-09-23T14:00:00,22.5,2005-09-23T07:00:00,23.1,86,64,2005-09-23T14:00:00,5.2,90.0,16.6,90.0,2005-09-23T12:00:00,34.5,,,,,2.0,11.05,6.0,,27.3,27.3,27.4,27.5,26.8,,,,,,,,,24.1,2005-09-23T01:00:00,,,,22.2,2005-09-23T07:00:00,,,,,,,,,,,,,,,,,,,,,,,,,100,2005-09-23T01:00:00,,,,,,,,,,,,,,,,,,,,,,,,,,,,,,,,,27.5,,,,,,,,,,,,,,,,,,,,,,,,,,,,,,,,,,,,,,,,,,,,,,,,,,,,,,,,,,,,,,,,,,,,,,,,,,,,,,,,,,,,,,,7.5,2005-09-23T01:00:00,,,,,,,,,,,,,,,,,,,,,,,,,,,,,,,,,,,,,,,,,,,,,,,,,,,,,,,,,,,,,,,,,,,,,,,,,,,,,,
2005-09-24,986.4,,988.2,2005-09-24T22:00:00,985.2,2005-09-24T15:00:00,25.5,29.5,2005-09-24T14:00:00,22.6,2005-09-24T03:00:00,22.1,82,69,2005-09-24T14:00:00,4.6,90.0,14.9,90.0,2005-09-24T09:00:00,2.0,,,,,3.0,11.8,3.7,,27.6,27.6,27.4,27.3,26.7,,,,,,,,,23.2,2005-09-24T01:00:00,,,,20.2,2005-09-24T18:00:00,,,,,,,,,,,,,,,,,,,,,,,,,99,2005-09-24T04:00:00,,,,,,,,,,,,,,,,,,,,,,,,,,,,,,,,,27.4,,,,,,,,,,,,,,,,,,,,,,,,,,,,,,,,,,,,,,,,,,,,,,,,,,,,,,,,,,,,,,,,,,,,,,,,,,,,,,,,,,,,,,,6.8,2005-09-24T07:00:00,,,,,,,,,,,,,,,,,,,,,,,,,,,,,,,,,,,,,,,,,,,,,,,,,,,,,,,,,,,,,,,,,,,,,,,,,,,,,,
2005-09-25,988.0,,989.0,2005-09-25T20:00:00,986.9,2005-09-25T14:00:00,25.8,30.8,2005-09-25T13:00:00,22.3,2005-09-25T06:00:00,22.7,84,67,2005-09-25T12:00:00,3.1,90.0,9.8,90.0,2005-09-25T15:00:00,1.0,,,,,5.0,10.07,3.2,,27.9,27.8,27.6,27.2,26.7,,,,,,,,,23.8,2005-09-25T12:00:00,,,,21.5,2005-09-25T23:00:00,,,,,,,,,,,,,,,,,,,,,,,,,99,2005-09-25T06:00:00,,,,,,,,,,,,,,,,,,,,,,,,,,,,,,,,,27.4,,,,,,,,,,,,,,,,,,,,,,,,,,,,,,,,,,,,,,,,,,,,,,,,,,,,,,,,,,,,,,,,,,,,,,,,,,,,,,,,,,,,,,,4.5,2005-09-25T15:00:00,,,,,,,,,,,,,,,,,,,,,,,,,,,,,,,,,,,,,,,,,,,,,,,,,,,,,,,,,,,,,,,,,,,,,,,,,,,,,,
2005-09-26,990.1,,992.8,2005-09-26T22:00:00,988.3,2005-09-26T02:00:00,25.2,30.7,2005-09-26T12:00:00,21.6,2005-09-26T05:00:00,22.0,83,67,2005-09-26T12:00:00,3.5,90.0,13.2,67.5,2005-09-26T16:00:00,0.5,,,,,6.5,12.42,4.5,,28.0,27.9,27.7,27.2,26.7,,,,,,,,,23.9,2005-09-26T10:00:00,,,,19.8,2005-09-26T18:00:00,,,,,,,,,,,,,,,,,,,,,,,,,98,2005-09-26T21:00:00,,,,,,,,,,,,,,,,,,,,,,,,,,,,,,,,,27.5,,,,,,,,,,,,,,,,,,,,,,,,,,,,,,,,,,,,,,,,,,,,,,,,,,,,,,,,,,,,,,,,,,,,,,,,,,,,,,,,,,,,,,,5.8,2005-09-26T16:00:00,,,,,,,,,,,,,,,,,,,,,,,,,,,,,,,,,,,,,,,,,,,,,,,,,,,,,,,,,,,,,,,,,,,,,,,,,,,,,,
2005-09-27,991.7,,992.6,2005-09-27T10:00:00,990.4,2005-09-27T03:00:00,25.0,29.2,2005-09-27T13:00:00,23.0,2005-09-27T03:00:00,21.2,80,66,2005-09-27T13:00:00,4.3,67.5,12.9,90.0,2005-09-27T09:00:00,0.0,,,,,6.7,12.21,4.3,,27.9,27.8,27.6,27.2,26.6,,,,,,,,,21.9,2005-09-27T16:00:00,,,,20.0,2005-09-27T19:00:00,,,,,,,,,,,,,,,,,,,,,,,,,89,2005-09-27T03:00:00,,,,,,,,,,,,,,,,,,,,,,,,,,,,,,,,,27.5,,,,,,,,,,,,,,,,,,,,,,,,,,,,,,,,,,,,,,,,,,,,,,,,,,,,,,,,,,,,,,,,,,,,,,,,,,,,,,,,,,,,,,,6.0,2005-09-27T09:00:00,,,,,,,,,,,,,,,,,,,,,,,,,,,,,,,,,,,,,,,,,,,,,,,,,,,,,,,,,,,,,,,,,,,,,,,,,,,,,,
2005-09-28,990.5,,991.8,2005-09-28T08:00:00,989.1,2005-09-28T16:00:00,25.7,29.8,2005-09-28T14:00:00,22.4,2005-09-28T05:00:00,22.3,82,66,2005-09-28T14:00:00,4.4,67.5,13.9,67.5,2005-09-28T13:00:00,0.0,,,,,9.5,14.7,4.5,,27.8,27.7,27.6,27.2,26.6,,,,,,,,,23.1,2005-09-28T09:00:00,,,,21.0,2005-09-28T23:59:59,,,,,,,,,,,,,,,,,,,,,,,,,97,2005-09-28T06:00:00,,,,,,,,,,,,,,,,,,,,,,,,,,,,,,,,,27.4,,,,,,,,,,,,,,,,,,,,,,,,,,,,,,,,,,,,,,,,,,,,,,,,,,,,,,,,,,,,,,,,,,,,,,,,,,,,,,,,,,,,,,,6.8,2005-09-28T12:00:00,,,,,,,,,,,,,,,,,,,,,,,,,,,,,,,,,,,,,,,,,,,,,,,,,,,,,,,,,,,,,,,,,,,,,,,,,,,,,,
2005-09-29,989.8,,991.2,2005-09-29T08:00:00,988.5,2005-09-29T15:00:00,25.6,30.4,2005-09-29T13:00:00,23.0,2005-09-29T03:00:00,20.8,76,57,2005-09-29T16:00:00,3.6,90.0,9.8,67.5,2005-09-29T13:00:00,0.0,,,,,10.0,15.08,5.2,,27.9,27.8,27.6,27.2,26.6,,,,,,,,,21.7,2005-09-29T07:00:00,,,,19.0,2005-09-29T17:00:00,,,,,,,,,,,,,,,,,,,,,,,,,90,2005-09-29T05:00:00,,,,,,,,,,,,,,,,,,,,,,,,,,,,,,,,,27.5,,,,,,,,,,,,,,,,,,,,,,,,,,,,,,,,,,,,,,,,,,,,,,,,,,,,,,,,,,,,,,,,,,,,,,,,,,,,,,,,,,,,,,,4.8,2005-09-29T09:00:00,,,,,,,,,,,,,,,,,,,,,,,,,,,,,,,,,,,,,,,,,,,,,,,,,,,,,,,,,,,,,,,,,,,,,,,,,,,,,,
2005-09-30,989.5,,990.5,2005-09-30T09:00:00,988.7,2005-09-30T14:00:00,25.0,30.3,2005-09-30T12:00:00,21.4,2005-09-30T06:00:00,22.3,85,71,2005-09-30T10:00:00,3.2,67.5,10.9,67.5,2005-09-30T19:00:00,0.0,,,,,4.0,9.98,3.2,,27.7,27.6,27.6,27.2,26.6,,,,,,,,,24.9,2005-09-30T16:00:00,,,,20.7,2005-09-30T06:00:00,,,,,,,,,,,,,,,,,,,,,,,,,96,2005-09-30T05:00:00,,,,,,,,,,,,,,,,,,,,,,,,,,,,,,,,,27.5,,,,,,,,,,,,,,,,,,,,,,,,,,,,,,,,,,,,,,,,,,,,,,,,,,,,,,,,,,,,,,,,,,,,,,,,,,,,,,,,,,,,,,,4.5,2005-09-30T20:00:00,,,,,,,,,,,,,,,,,,,,,,,,,,,,,,,,,,,,,,,,,,,,,,,,,,,,,,,,,,,,,,,,,,,,,,,,,,,,,,
2005-10-01,987.8,,990.0,2005-10-01T08:00:00,984.5,2005-10-01T23:59:59,25.2,28.5,2005-10-01T16:00:00,22.9,2005-10-01T04:00:00,23.7,92,79,2005-10-01T15:00:00,3.7,67.5,11.1,45.0,2005-10-01T23:00:00,0.0,,,,,1.0,5.99,0.6,,27.3,27.3,27.3,27.1,26.6,,,,,,,,,25.6,2005-10-01T12:00:00,,,,21.2,2005-10-01T02:00:00,,,,,,,,,,,,,,,,,,,,,,,,,97,2005-10-01T23:00:00,,,,,,,,,,,,,,,,,,,,,,,,,,,,,,,,,27.3,,,,,,,,,,,,,,,,,,,,,,,,,,,,,,,,,,,,,,,,,,,,,,,,,,,,,,,,,,,,,,,,,,,,,,,,,,,,,,,,,,,,,,,5.4,2005-10-01T22:00:00,,,,,,,,,,,,,,,,,,,,,,,,,,,,,,,,,,,,,,,,,,,,,,,,,,,,,,,,,,,,,,,,,,,,,,,,,,,,,,
2005-10-02,979.5,,985.2,2005-10-02T23:00:00,974.4,2005-10-02T08:00:00,24.5,27.9,2005-10-02T11:00:00,22.7,2005-10-02T07:00:00,23.1,92,66,2005-10-02T09:00:00,6.1,90.0,30.2,90.0,2005-10-02T08:00:00,48.5,,,,,0.0,1.74,2.6,,26.6,26.6,26.9,27.0,26.5,,,,,,,,,25.1,2005-10-02T16:00:00,,,,19.4,2005-10-02T09:00:00,,,,,,,,,,,,,,,,,,,,,,,,,100,2005-10-02T01:00:00,,,,,,,,,,,,,,,,,,,,,,,,,,,,,,,,,27.0,,,,,,,,,,,,,,,,,,,,,,,,,,,,,,,,,,,,,,,,,,,,,,,,,,,,,,,,,,,,,,,,,,,,,,,,,,,,,,,,,,,,,,,12.0,2005-10-02T06:00:00,,,,,,,,,,,,,,,,,,,,,,,,,,,,,,,,,,,,,,,,,,,,,,,,,,,,,,,,,,,,,,,,,,,,,,,,,,,,,,
2005-10-03,987.4,,989.2,2005-10-03T22:00:00,985.2,2005-10-03T01:00:00,25.6,29.8,2005-10-03T13:00:00,22.4,2005-10-03T05:00:00,23.9,91,72,2005-10-03T15:00:00,1.5,135.0,5.0,360.0,2005-10-03T10:00:00,0.0,,,,,3.5,7.15,1.0,,26.3,26.2,26.3,26.7,26.5,,,,,,,,,24.9,2005-10-03T10:00:00,,,,22.6,2005-10-03T05:00:00,,,,,,,,,,,,,,,,,,,,,,,,,100,2005-10-03T01:00:00,,,,,,,,,,,,,,,,,,,,,,,,,,,,,,,,,26.5,,,,,,,,,,,,,,,,,,,,,,,,,,,,,,,,,,,,,,,,,,,,,,,,,,,,,,,,,,,,,,,,,,,,,,,,,,,,,,,,,,,,,,,2.4,2005-10-03T11:00:00,,,,,,,,,,,,,,,,,,,,,,,,,,,,,,,,,,,,,,,,,,,,,,,,,,,,,,,,,,,,,,,,,,,,,,,,,,,,,,
2005-10-04,989.3,,990.3,2005-10-04T11:00:00,987.9,2005-10-04T04:00:00,26.4,30.7,2005-10-04T11:00:00,23.2,2005-10-04T04:00:00,23.3,84,69,2005-10-04T10:00:00,1.7,112.5,6.4,202.5,2005-10-04T03:00:00,0.0,,,,,5.0,8.88,1.6,,26.8,26.7,26.6,26.6,26.5,,,,,,,,,25.7,2005-10-04T15:00:00,,,,21.5,2005-10-04T07:00:00,,,,,,,,,,,,,,,,,,,,,,,,,95,2005-10-04T04:00:00,,,,,,,,,,,,,,,,,,,,,,,,,,,,,,,,,26.6,,,,,,,,,,,,,,,,,,,,,,,,,,,,,,,,,,,,,,,,,,,,,,,,,,,,,,,,,,,,,,,,,,,,,,,,,,,,,,,,,,,,,,,3.5,2005-10-04T02:00:00,,,,,,,,,,,,,,,,,,,,,,,,,,,,,,,,,,,,,,,,,,,,,,,,,,,,,,,,,,,,,,,,,,,,,,,,,,,,,,
2005-10-05,988.9,,990.3,2005-10-05T09:00:00,987.8,2005-10-05T15:00:00,26.6,31.4,2005-10-05T14:00:00,22.3,2005-10-05T07:00:00,22.8,80,67,2005-10-05T16:00:00,2.8,90.0,11.4,90.0,2005-10-05T23:59:59,0.0,,,,,7.0,10.63,4.3,,27.2,27.1,26.9,26.6,26.4,,,,,,,,,24.6,2005-10-05T13:00:00,,,,21.6,2005-10-05T03:00:00,,,,,,,,,,,,,,,,,,,,,,,,,100,2005-10-05T06:00:00,,,,,,,,,,,,,,,,,,,,,,,,,,,,,,,,,26.7,,,,,,,,,,,,,,,,,,,,,,,,,,,,,,,,,,,,,,,,,,,,,,,,,,,,,,,,,,,,,,,,,,,,,,,,,,,,,,,,,,,,,,,5.3,2005-10-05T22:00:00,,,,,,,,,,,,,,,,,,,,,,,,,,,,,,,,,,,,,,,,,,,,,,,,,,,,,,,,,,,,,,,,,,,,,,,,,,,,,,
2005-10-06,989.2,,991.0,2005-10-06T09:00:00,987.6,2005-10-06T15:00:00,27.1,32.3,2005-10-06T13:00:00,24.1,2005-10-06T07:00:00,22.0,74,60,2005-10-06T12:00:00,3.4,90.0,13.6,90.0,2005-10-06T19:00:00,0.0,,,,,9.2,12.67,5.0,,27.5,27.4,27.1,26.7,26.3,,,,,,,,,23.4,2005-10-06T11:00:00,,,,20.5,2005-10-06T17:00:00,,,,,,,,,,,,,,,,,,,,,,,,,85,2005-10-06T06:00:00,,,,,,,,,,,,,,,,,,,,,,,,,,,,,,,,,26.9,,,,,,,,,,,,,,,,,,,,,,,,,,,,,,,,,,,,,,,,,,,,,,,,,,,,,,,,,,,,,,,,,,,,,,,,,,,,,,,,,,,,,,,6.4,2005-10-06T17:00:00,,,,,,,,,,,,,,,,,,,,,,,,,,,,,,,,,,,,,,,,,,,,,,,,,,,,,,,,,,,,,,,,,,,,,,,,,,,,,,
2005-10-07,988.5,,989.5,2005-10-07T21:00:00,987.1,2005-10-07T15:00:00,26.5,30.7,2005-10-07T14:00:00,23.5,2005-10-07T07:00:00,22.8,81,65,2005-10-07T14:00:00,3.4,90.0,11.8,90.0,2005-10-07T11:00:00,0.0,,,,,9.5,12.77,4.1,,27.6,27.5,27.3,26.8,26.3,,,,,,,,,23.7,2005-10-07T12:00:00,,,,21.8,2005-10-07T06:00:00,,,,,,,,,,,,,,,,,,,,,,,,,90,2005-10-07T23:00:00,,,,,,,,,,,,,,,,,,,,,,,,,,,,,,,,,27.1,,,,,,,,,,,,,,,,,,,,,,,,,,,,,,,,,,,,,,,,,,,,,,,,,,,,,,,,,,,,,,,,,,,,,,,,,,,,,,,,,,,,,,,6.0,2005-10-07T12:00:00,,,,,,,,,,,,,,,,,,,,,,,,,,,,,,,,,,,,,,,,,,,,,,,,,,,,,,,,,,,,,,,,,,,,,,,,,,,,,,
2005-10-08,991.2,,992.6,2005-10-08T21:00:00,988.8,2005-10-08T02:00:00,22.2,24.8,2005-10-08T01:00:00,20.9,2005-10-08T23:00:00,22.1,99,89,2005-10-08T01:00:00,4.5,67.5,11.2,90.0,2005-10-08T21:00:00,45.0,,,,,0.0,1.3,3.1,,26.9,26.9,27.1,26.8,26.3,,,,,,,,,23.9,2005-10-08T04:00:00,,,,20.5,2005-10-08T23:59:59,,,,,,,,,,,,,,,,,,,,,,,,,100,2005-10-08T04:00:00,,,,,,,,,,,,,,,,,,,,,,,,,,,,,,,,,27.1,,,,,,,,,,,,,,,,,,,,,,,,,,,,,,,,,,,,,,,,,,,,,,,,,,,,,,,,,,,,,,,,,,,,,,,,,,,,,,,,,,,,,,,5.8,2005-10-08T15:00:00,,,,,,,,,,,,,,,,,,,,,,,,,,,,,,,,,,,,,,,,,,,,,,,,,,,,,,,,,,,,,,,,,,,,,,,,,,,,,,
2005-10-09,992.5,,993.6,2005-10-09T09:00:00,991.5,2005-10-09T15:00:00,21.7,23.6,2005-10-09T14:00:00,20.9,2005-10-09T07:00:00,20.3,92,87,2005-10-09T14:00:00,5.5,90.0,13.6,90.0,2005-10-09T15:00:00,0.0,,,,,0.0,5.2,1.9,,25.8,25.8,26.2,26.6,26.3,,,,,,,,,21.3,2005-10-09T12:00:00,,,,19.4,2005-10-09T04:00:00,,,,,,,,,,,,,,,,,,,,,,,,,98,2005-10-09T07:00:00,,,,,,,,,,,,,,,,,,,,,,,,,,,,,,,,,26.5,,,,,,,,,,,,,,,,,,,,,,,,,,,,,,,,,,,,,,,,,,,,,,,,,,,,,,,,,,,,,,,,,,,,,,,,,,,,,,,,,,,,,,,6.2,2005-10-09T04:00:00,,,,,,,,,,,,,,,,,,,,,,,,,,,,,,,,,,,,,,,,,,,,,,,,,,,,,,,,,,,,,,,,,,,,,,,,,,,,,,
2005-10-10,991.2,,992.4,2005-10-10T08:00:00,989.5,2005-10-10T15:00:00,23.5,28.9,2005-10-10T14:00:00,20.9,2005-10-10T01:00:00,21.3,88,58,2005-10-10T13:00:00,5.7,67.5,17.4,67.5,2005-10-10T16:00:00,1.5,,,,,8.5,11.24,4.3,,25.7,25.7,25.8,26.3,26.3,,,,,,,,,23.3,2005-10-10T11:00:00,,,,19.4,2005-10-10T13:00:00,,,,,,,,,,,,,,,,,,,,,,,,,100,2005-10-10T03:00:00,,,,,,,,,,,,,,,,,,,,,,,,,,,,,,,,,26.1,,,,,,,,,,,,,,,,,,,,,,,,,,,,,,,,,,,,,,,,,,,,,,,,,,,,,,,,,,,,,,,,,,,,,,,,,,,,,,,,,,,,,,,7.9,2005-10-10T18:00:00,,,,,,,,,,,,,,,,,,,,,,,,,,,,,,,,,,,,,,,,,,,,,,,,,,,,,,,,,,,,,,,,,,,,,,,,,,,,,,
2005-10-11,991.7,,992.7,2005-10-11T09:00:00,990.7,2005-10-11T15:00:00,23.7,27.2,2005-10-11T13:00:00,21.2,2005-10-11T23:00:00,18.8,75,59,2005-10-11T15:00:00,5.5,90.0,15.1,67.5,2005-10-11T18:00:00,0.0,,,,,9.5,12.64,4.8,,25.9,25.9,25.9,26.1,26.2,,,,,,,,,20.4,2005-10-11T12:00:00,,,,17.1,2005-10-11T21:00:00,,,,,,,,,,,,,,,,,,,,,,,,,84,2005-10-11T18:00:00,,,,,,,,,,,,,,,,,,,,,,,,,,,,,,,,,26.0,,,,,,,,,,,,,,,,,,,,,,,,,,,,,,,,,,,,,,,,,,,,,,,,,,,,,,,,,,,,,,,,,,,,,,,,,,,,,,,,,,,,,,,6.6,2005-10-11T04:00:00,,,,,,,,,,,,,,,,,,,,,,,,,,,,,,,,,,,,,,,,,,,,,,,,,,,,,,,,,,,,,,,,,,,,,,,,,,,,,,
2005-10-12,990.4,,991.6,2005-10-12T09:00:00,988.7,2005-10-12T14:00:00,23.7,27.9,2005-10-12T13:00:00,21.0,2005-10-12T06:00:00,21.2,86,75,2005-10-12T13:00:00,4.4,67.5,14.4,67.5,2005-10-12T15:00:00,0.0,,,,,7.0,10.4,2.9,,25.9,25.8,25.9,26.0,26.1,,,,,,,,,22.9,2005-10-12T13:00:00,,,,18.4,2005-10-12T01:00:00,,,,,,,,,,,,,,,,,,,,,,,,,98,2005-10-12T23:59:59,,,,,,,,,,,,,,,,,,,,,,,,,,,,,,,,,26.0,,,,,,,,,,,,,,,,,,,,,,,,,,,,,,,,,,,,,,,,,,,,,,,,,,,,,,,,,,,,,,,,,,,,,,,,,,,,,,,,,,,,,,,7.3,2005-10-12T15:00:00,,,,,,,,,,,,,,,,,,,,,,,,,,,,,,,,,,,,,,,,,,,,,,,,,,,,,,,,,,,,,,,,,,,,,,,,,,,,,,
2005-10-13,989.8,,990.9,2005-10-13T09:00:00,988.3,2005-10-13T15:00:00,23.9,27.4,2005-10-13T12:00:00,22.2,2005-10-13T05:00:00,22.6,93,80,2005-10-13T10:00:00,3.4,67.5,10.1,22.5,2005-10-13T14:00:00,0.0,,,,,5.5,8.03,2.3,,26.1,26.0,26.0,26.0,26.1,,,,,,,,,23.6,2005-10-13T12:00:00,,,,21.9,2005-10-13T21:00:00,,,,,,,,,,,,,,,,,,,,,,,,,100,2005-10-13T05:00:00,,,,,,,,,,,,,,,,,,,,,,,,,,,,,,,,,26.0,,,,,,,,,,,,,,,,,,,,,,,,,,,,,,,,,,,,,,,,,,,,,,,,,,,,,,,,,,,,,,,,,,,,,,,,,,,,,,,,,,,,,,,4.7,2005-10-13T14:00:00,,,,,,,,,,,,,,,,,,,,,,,,,,,,,,,,,,,,,,,,,,,,,,,,,,,,,,,,,,,,,,,,,,,,,,,,,,,,,,
2005-10-14,990.8,,992.0,2005-10-14T09:00:00,989.3,2005-10-14T14:00:00,22.8,26.3,2005-10-14T11:00:00,20.5,2005-10-14T07:00:00,20.4,87,74,2005-10-14T10:00:00,3.7,67.5,11.0,45.0,2005-10-14T14:00:00,0.0,,,,,5.0,9.47,3.3,,26.0,25.9,25.9,26.0,26.0,,,,,,,,,22.1,2005-10-14T01:00:00,,,,19.3,2005-10-14T18:00:00,,,,,,,,,,,,,,,,,,,,,,,,,99,2005-10-14T01:00:00,,,,,,,,,,,,,,,,,,,,,,,,,,,,,,,,,26.0,,,,,,,,,,,,,,,,,,,,,,,,,,,,,,,,,,,,,,,,,,,,,,,,,,,,,,,,,,,,,,,,,,,,,,,,,,,,,,,,,,,,,,,5.4,2005-10-14T14:00:00,,,,,,,,,,,,,,,,,,,,,,,,,,,,,,,,,,,,,,,,,,,,,,,,,,,,,,,,,,,,,,,,,,,,,,,,,,,,,,
2005-10-15,991.6,,992.8,2005-10-15T21:00:00,990.2,2005-10-15T14:00:00,21.6,25.3,2005-10-15T13:00:00,19.4,2005-10-15T23:59:59,18.1,81,74,2005-10-15T12:00:00,3.8,67.5,10.9,67.5,2005-10-15T16:00:00,0.0,,,,,2.0,5.17,2.3,,25.7,25.7,25.8,25.9,26.0,,,,,,,,,19.8,2005-10-15T10:00:00,,,,15.5,2005-10-15T23:59:59,,,,,,,,,,,,,,,,,,,,,,,,,90,2005-10-15T01:00:00,,,,,,,,,,,,,,,,,,,,,,,,,,,,,,,,,25.9,,,,,,,,,,,,,,,,,,,,,,,,,,,,,,,,,,,,,,,,,,,,,,,,,,,,,,,,,,,,,,,,,,,,,,,,,,,,,,,,,,,,,,,5.2,2005-10-15T13:00:00,,,,,,,,,,,,,,,,,,,,,,,,,,,,,,,,,,,,,,,,,,,,,,,,,,,,,,,,,,,,,,,,,,,,,,,,,,,,,,
2005-10-16,992.2,,993.4,2005-10-16T09:00:00,990.5,2005-10-16T15:00:00,21.1,25.1,2005-10-16T14:00:00,18.7,2005-10-16T04:00:00,15.8,73,59,2005-10-16T13:00:00,3.9,90.0,10.6,67.5,2005-10-16T16:00:00,0.0,,,,,9.0,11.07,3.7,,25.0,25.0,25.3,25.8,25.9,,,,,,,,,16.3,2005-10-16T19:00:00,,,,15.2,2005-10-16T06:00:00,,,,,,,,,,,,,,,,,,,,,,,,,83,2005-10-16T04:00:00,,,,,,,,,,,,,,,,,,,,,,,,,,,,,,,,,25.6,,,,,,,,,,,,,,,,,,,,,,,,,,,,,,,,,,,,,,,,,,,,,,,,,,,,,,,,,,,,,,,,,,,,,,,,,,,,,,,,,,,,,,,5.3,2005-10-16T10:00:00,,,,,,,,,,,,,,,,,,,,,,,,,,,,,,,,,,,,,,,,,,,,,,,,,,,,,,,,,,,,,,,,,,,,,,,,,,,,,,
2005-10-17,993.5,,994.9,2005-10-17T23:00:00,992.3,2005-10-17T01:00:00,21.6,26.1,2005-10-17T13:00:00,18.3,2005-10-17T06:00:00,15.9,71,55,2005-10-17T12:00:00,4.8,90.0,12.9,67.5,2005-10-17T23:00:00,0.0,,,,,9.5,12.61,4.4,,24.8,24.8,25.0,25.5,25.8,,,,,,,,,17.3,2005-10-17T14:00:00,,,,14.8,2005-10-17T18:00:00,,,,,,,,,,,,,,,,,,,,,,,,,87,2005-10-17T05:00:00,,,,,,,,,,,,,,,,,,,,,,,,,,,,,,,,,25.3,,,,,,,,,,,,,,,,,,,,,,,,,,,,,,,,,,,,,,,,,,,,,,,,,,,,,,,,,,,,,,,,,,,,,,,,,,,,,,,,,,,,,,,6.6,2005-10-17T23:00:00,,,,,,,,,,,,,,,,,,,,,,,,,,,,,,,,,,,,,,,,,,,,,,,,,,,,,,,,,,,,,,,,,,,,,,,,,,,,,,
2005-10-18,994.6,,996.1,2005-10-18T10:00:00,993.6,2005-10-18T15:00:00,21.6,25.4,2005-10-18T12:00:00,19.0,2005-10-18T05:00:00,16.0,71,55,2005-10-18T13:00:00,6.1,90.0,17.4,67.5,2005-10-18T15:00:00,0.0,,,,,9.8,11.88,4.5,,24.6,24.6,24.8,25.4,25.8,,,,,,,,,16.7,2005-10-18T23:00:00,,,,15.2,2005-10-18T13:00:00,,,,,,,,,,,,,,,,,,,,,,,,,82,2005-10-18T06:00:00,,,,,,,,,,,,,,,,,,,,,,,,,,,,,,,,,25.1,,,,,,,,,,,,,,,,,,,,,,,,,,,,,,,,,,,,,,,,,,,,,,,,,,,,,,,,,,,,,,,,,,,,,,,,,,,,,,,,,,,,,,,8.0,2005-10-18T16:00:00,,,,,,,,,,,,,,,,,,,,,,,,,,,,,,,,,,,,,,,,,,,,,,,,,,,,,,,,,,,,,,,,,,,,,,,,,,,,,,
2005-10-19,994.5,,995.7,2005-10-19T09:00:00,993.6,2005-10-19T15:00:00,21.9,25.4,2005-10-19T13:00:00,20.3,2005-10-19T01:00:00,17.3,76,63,2005-10-19T11:00:00,5.8,90.0,15.3,67.5,2005-10-19T14:00:00,0.0,,,,,5.5,9.26,3.3,,24.3,24.3,24.6,25.2,25.7,,,,,,,,,18.3,2005-10-19T23:00:00,,,,16.6,2005-10-19T06:00:00,,,,,,,,,,,,,,,,,,,,,,,,,85,2005-10-19T23:00:00,,,,,,,,,,,,,,,,,,,,,,,,,,,,,,,,,24.9,,,,,,,,,,,,,,,,,,,,,,,,,,,,,,,,,,,,,,,,,,,,,,,,,,,,,,,,,,,,,,,,,,,,,,,,,,,,,,,,,,,,,,,6.7,2005-10-19T12:00:00,,,,,,,,,,,,,,,,,,,,,,,,,,,,,,,,,,,,,,,,,,,,,,,,,,,,,,,,,,,,,,,,,,,,,,,,,,,,,,
2005-10-20,993.5,,994.8,2005-10-20T09:00:00,992.6,2005-10-20T14:00:00,22.0,25.8,2005-10-20T13:00:00,19.7,2005-10-20T02:00:00,19.7,87,68,2005-10-20T12:00:00,4.8,90.0,13.6,90.0,2005-10-20T12:00:00,0.0,,,,,7.5,11.0,2.4,,24.4,24.4,24.5,25.0,25.6,,,,,,,,,20.8,2005-10-20T18:00:00,,,,18.5,2005-10-20T01:00:00,,,,,,,,,,,,,,,,,,,,,,,,,100,2005-10-20T19:00:00,,,,,,,,,,,,,,,,,,,,,,,,,,,,,,,,,24.7,,,,,,,,,,,,,,,,,,,,,,,,,,,,,,,,,,,,,,,,,,,,,,,,,,,,,,,,,,,,,,,,,,,,,,,,,,,,,,,,,,,,,,,6.6,2005-10-20T13:00:00,,,,,,,,,,,,,,,,,,,,,,,,,,,,,,,,,,,,,,,,,,,,,,,,,,,,,,,,,,,,,,,,,,,,,,,,,,,,,,
2005-10-21,993.2,,994.4,2005-10-21T21:00:00,991.7,2005-10-21T02:00:00,21.2,22.1,2005-10-21T08:00:00,19.4,2005-10-21T23:59:59,19.8,92,86,2005-10-21T20:00:00,3.8,67.5,12.7,67.5,2005-10-21T02:00:00,2.0,,,,,0.0,1.11,0.1,,24.4,24.4,24.6,25.0,25.5,,,,,,,,,21.3,2005-10-21T08:00:00,,,,17.2,2005-10-21T23:59:59,,,,,,,,,,,,,,,,,,,,,,,,,100,2005-10-21T09:00:00,,,,,,,,,,,,,,,,,,,,,,,,,,,,,,,,,24.7,,,,,,,,,,,,,,,,,,,,,,,,,,,,,,,,,,,,,,,,,,,,,,,,,,,,,,,,,,,,,,,,,,,,,,,,,,,,,,,,,,,,,,,6.5,2005-10-21T01:00:00,,,,,,,,,,,,,,,,,,,,,,,,,,,,,,,,,,,,,,,,,,,,,,,,,,,,,,,,,,,,,,,,,,,,,,,,,,,,,,
2005-10-22,995.3,,996.4,2005-10-22T20:00:00,993.8,2005-10-22T01:00:00,18.7,21.0,2005-10-22T10:00:00,17.1,2005-10-22T18:00:00,17.2,91,82,2005-10-22T04:00:00,4.3,90.0,11.2,90.0,2005-10-22T10:00:00,3.5,,,,,0.0,2.28,0.0,,23.6,23.6,24.1,24.8,25.4,,,,,,,,,19.0,2005-10-22T07:00:00,,,,14.9,2005-10-22T23:59:59,,,,,,,,,,,,,,,,,,,,,,,,,100,2005-10-22T13:00:00,,,,,,,,,,,,,,,,,,,,,,,,,,,,,,,,,24.4,,,,,,,,,,,,,,,,,,,,,,,,,,,,,,,,,,,,,,,,,,,,,,,,,,,,,,,,,,,,,,,,,,,,,,,,,,,,,,,,,,,,,,,6.4,2005-10-22T10:00:00,,,,,,,,,,,,,,,,,,,,,,,,,,,,,,,,,,,,,,,,,,,,,,,,,,,,,,,,,,,,,,,,,,,,,,,,,,,,,,
2005-10-23,994.9,,996.1,2005-10-23T09:00:00,994.1,2005-10-23T14:00:00,18.5,21.1,2005-10-23T13:00:00,17.5,2005-10-23T07:00:00,15.4,82,72,2005-10-23T13:00:00,4.6,67.5,11.0,90.0,2005-10-23T08:00:00,0.0,,,,,0.0,4.08,0.3,,22.9,23.0,23.5,24.5,25.3,,,,,,,,,15.8,2005-10-23T19:00:00,,,,14.7,2005-10-23T01:00:00,,,,,,,,,,,,,,,,,,,,,,,,,89,2005-10-23T21:00:00,,,,,,,,,,,,,,,,,,,,,,,,,,,,,,,,,24.0,,,,,,,,,,,,,,,,,,,,,,,,,,,,,,,,,,,,,,,,,,,,,,,,,,,,,,,,,,,,,,,,,,,,,,,,,,,,,,,,,,,,,,,5.2,2005-10-23T08:00:00,,,,,,,,,,,,,,,,,,,,,,,,,,,,,,,,,,,,,,,,,,,,,,,,,,,,,,,,,,,,,,,,,,,,,,,,,,,,,,
2005-10-24,994.8,,996.1,2005-10-24T09:00:00,993.8,2005-10-24T15:00:00,18.6,20.5,2005-10-24T13:00:00,16.9,2005-10-24T05:00:00,17.2,91,85,2005-10-24T14:00:00,4.0,67.5,13.0,67.5,2005-10-24T13:00:00,1.5,,,,,0.0,4.14,0.1,,22.7,22.7,23.2,24.2,25.2,,,,,,,,,18.3,2005-10-24T12:00:00,,,,16.2,2005-10-24T01:00:00,,,,,,,,,,,,,,,,,,,,,,,,,100,2005-10-24T04:00:00,,,,,,,,,,,,,,,,,,,,,,,,,,,,,,,,,23.6,,,,,,,,,,,,,,,,,,,,,,,,,,,,,,,,,,,,,,,,,,,,,,,,,,,,,,,,,,,,,,,,,,,,,,,,,,,,,,,,,,,,,,,5.9,2005-10-24T17:00:00,,,,,,,,,,,,,,,,,,,,,,,,,,,,,,,,,,,,,,,,,,,,,,,,,,,,,,,,,,,,,,,,,,,,,,,,,,,,,,
2005-10-25,994.0,,995.0,2005-10-25T09:00:00,993.0,2005-10-25T14:00:00,21.1,25.8,2005-10-25T12:00:00,18.3,2005-10-25T05:00:00,20.1,94,79,2005-10-25T11:00:00,2.9,112.5,9.3,112.5,2005-10-25T11:00:00,0.0,,,,,6.0,9.16,0.1,,22.8,22.8,23.1,24.0,25.1,,,,,,,,,21.2,2005-10-25T11:00:00,,,,17.7,2005-10-25T01:00:00,,,,,,,,,,,,,,,,,,,,,,,,,100,2005-10-25T18:00:00,,,,,,,,,,,,,,,,,,,,,,,,,,,,,,,,,23.4,,,,,,,,,,,,,,,,,,,,,,,,,,,,,,,,,,,,,,,,,,,,,,,,,,,,,,,,,,,,,,,,,,,,,,,,,,,,,,,,,,,,,,,4.6,2005-10-25T10:00:00,,,,,,,,,,,,,,,,,,,,,,,,,,,,,,,,,,,,,,,,,,,,,,,,,,,,,,,,,,,,,,,,,,,,,,,,,,,,,,
2005-10-26,994.3,,995.6,2005-10-26T09:00:00,993.3,2005-10-26T15:00:00,21.3,23.0,2005-10-26T13:00:00,20.3,2005-10-26T05:00:00,20.7,96,88,2005-10-26T19:00:00,3.3,67.5,10.1,90.0,2005-10-26T23:59:59,0.0,,,,,0.0,2.19,0.0,,23.4,23.4,23.5,23.9,24.9,,,,,,,,,21.7,2005-10-26T12:00:00,,,,19.7,2005-10-26T19:00:00,,,,,,,,,,,,,,,,,,,,,,,,,100,2005-10-26T01:00:00,,,,,,,,,,,,,,,,,,,,,,,,,,,,,,,,,23.6,,,,,,,,,,,,,,,,,,,,,,,,,,,,,,,,,,,,,,,,,,,,,,,,,,,,,,,,,,,,,,,,,,,,,,,,,,,,,,,,,,,,,,,5.1,2005-10-26T23:59:59,,,,,,,,,,,,,,,,,,,,,,,,,,,,,,,,,,,,,,,,,,,,,,,,,,,,,,,,,,,,,,,,,,,,,,,,,,,,,,
2005-10-27,993.4,,995.0,2005-10-27T08:00:00,991.5,2005-10-27T15:00:00,23.7,28.3,2005-10-27T15:00:00,21.0,2005-10-27T02:00:00,21.8,90,69,2005-10-27T15:00:00,3.4,67.5,12.8,67.5,2005-10-27T11:00:00,0.0,,,,,6.7,9.96,0.1,,23.7,23.6,23.6,24.0,24.8,,,,,,,,,23.2,2005-10-27T13:00:00,,,,20.6,2005-10-27T02:00:00,,,,,,,,,,,,,,,,,,,,,,,,,100,2005-10-27T04:00:00,,,,,,,,,,,,,,,,,,,,,,,,,,,,,,,,,23.7,,,,,,,,,,,,,,,,,,,,,,,,,,,,,,,,,,,,,,,,,,,,,,,,,,,,,,,,,,,,,,,,,,,,,,,,,,,,,,,,,,,,,,,5.6,2005-10-27T01:00:00,,,,,,,,,,,,,,,,,,,,,,,,,,,,,,,,,,,,,,,,,,,,,,,,,,,,,,,,,,,,,,,,,,,,,,,,,,,,,,
2005-10-28,991.9,,993.8,2005-10-28T08:00:00,989.6,2005-10-28T14:00:00,24.7,30.4,2005-10-28T12:00:00,19.8,2005-10-28T06:00:00,21.8,85,63,2005-10-28T13:00:00,2.4,67.5,10.4,67.5,2005-10-28T13:00:00,0.0,,,,,8.5,11.07,0.4,,24.4,24.2,24.1,24.1,24.7,,,,,,,,,22.9,2005-10-28T09:00:00,,,,19.8,2005-10-28T06:00:00,,,,,,,,,,,,,,,,,,,,,,,,,100,2005-10-28T01:00:00,,,,,,,,,,,,,,,,,,,,,,,,,,,,,,,,,24.0,,,,,,,,,,,,,,,,,,,,,,,,,,,,,,,,,,,,,,,,,,,,,,,,,,,,,,,,,,,,,,,,,,,,,,,,,,,,,,,,,,,,,,,4.9,2005-10-28T13:00:00,,,,,,,,,,,,,,,,,,,,,,,,,,,,,,,,,,,,,,,,,,,,,,,,,,,,,,,,,,,,,,,,,,,,,,,,,,,,,,
2005-10-29,992.6,,994.3,2005-10-29T20:00:00,991.2,2005-10-29T02:00:00,20.5,23.6,2005-10-29T01:00:00,18.5,2005-10-29T20:00:00,20.1,97,91,2005-10-29T23:00:00,4.1,45.0,11.3,45.0,2005-10-29T16:00:00,0.5,,,,,0.0,1.4,0.0,,24.4,24.4,24.4,24.3,24.7,,,,,,,,,22.9,2005-10-29T02:00:00,,,,17.6,2005-10-29T23:00:00,,,,,,,,,,,,,,,,,,,,,,,,,100,2005-10-29T02:00:00,,,,,,,,,,,,,,,,,,,,,,,,,,,,,,,,,24.3,,,,,,,,,,,,,,,,,,,,,,,,,,,,,,,,,,,,,,,,,,,,,,,,,,,,,,,,,,,,,,,,,,,,,,,,,,,,,,,,,,,,,,,5.5,2005-10-29T11:00:00,,,,,,,,,,,,,,,,,,,,,,,,,,,,,,,,,,,,,,,,,,,,,,,,,,,,,,,,,,,,,,,,,,,,,,,,,,,,,,
2005-10-30,994.9,,996.2,2005-10-30T22:00:00,992.7,2005-10-30T03:00:00,17.9,19.2,2005-10-30T01:00:00,17.1,2005-10-30T10:00:00,16.6,93,79,2005-10-30T20:00:00,5.5,67.5,14.3,90.0,2005-10-30T20:00:00,2.5,,,,,0.0,1.37,0.0,,23.3,23.4,23.8,24.3,24.7,,,,,,,,,18.3,2005-10-30T01:00:00,,,,14.1,2005-10-30T20:00:00,,,,,,,,,,,,,,,,,,,,,,,,,100,2005-10-30T06:00:00,,,,,,,,,,,,,,,,,,,,,,,,,,,,,,,,,24.0,,,,,,,,,,,,,,,,,,,,,,,,,,,,,,,,,,,,,,,,,,,,,,,,,,,,,,,,,,,,,,,,,,,,,,,,,,,,,,,,,,,,,,,7.3,2005-10-30T20:00:00,,,,,,,,,,,,,,,,,,,,,,,,,,,,,,,,,,,,,,,,,,,,,,,,,,,,,,,,,,,,,,,,,,,,,,,,,,,,,,
2005-10-31,995.4,,997.2,2005-10-31T10:00:00,994.3,2005-10-31T23:59:59,18.9,21.3,2005-10-31T13:00:00,17.4,2005-10-31T07:00:00,13.9,73,64,2005-10-31T13:00:00,7.3,90.0,19.1,90.0,2005-10-31T14:00:00,0.0,,,,,4.0,8.48,0.1,,22.5,22.6,23.0,24.0,24.6,,,,,,,,,15.1,2005-10-31T09:00:00,,,,12.5,2005-10-31T17:00:00,,,,,,,,,,,,,,,,,,,,,,,,,84,2005-10-31T06:00:00,,,,,,,,,,,,,,,,,,,,,,,,,,,,,,,,,23.5,,,,,,,,,,,,,,,,,,,,,,,,,,,,,,,,,,,,,,,,,,,,,,,,,,,,,,,,,,,,,,,,,,,,,,,,,,,,,,,,,,,,,,,9.4,2005-10-31T13:00:00,,,,,,,,,,,,,,,,,,,,,,,,,,,,,,,,,,,,,,,,,,,,,,,,,,,,,,,,,,,,,,,,,,,,,,,,,,,,,,
2005-11-01,993.4,,994.8,2005-11-01T08:00:00,992.0,2005-11-01T15:00:00,21.8,26.0,2005-11-01T13:00:00,18.7,2005-11-01T01:00:00,17.5,77,65,2005-11-01T13:00:00,4.4,90.0,13.2,67.5,2005-11-01T17:00:00,0.0,,,,,8.5,10.84,1.0,,22.5,22.5,22.8,23.7,24.6,,,,,,,,,18.8,2005-11-01T13:00:00,,,,14.9,2005-11-01T01:00:00,,,,,,,,,,,,,,,,,,,,,,,,,88,2005-11-01T23:59:59,,,,,,,,,,,,,,,,,,,,,,,,,,,,,,,,,23.1,,,,,,,,,,,,,,,,,,,,,,,,,,,,,,,,,,,,,,,,,,,,,,,,,,,,,,,,,,,,,,,,,,,,,,,,,,,,,,,,,,,,,,,6.7,2005-11-01T11:00:00,,,,,,,,,,,,,,,,,,,,,,,,,,,,,,,,,,,,,,,,,,,,,,,,,,,,,,,,,,,,,,,,,,,,,,,,,,,,,,
2005-11-02,992.9,,994.4,2005-11-02T09:00:00,991.3,2005-11-02T16:00:00,23.1,28.9,2005-11-02T13:00:00,18.9,2005-11-02T03:00:00,19.1,79,63,2005-11-02T13:00:00,2.2,135.0,7.9,90.0,2005-11-02T17:00:00,0.0,,,,,6.0,8.8,0.2,,23.0,22.9,23.0,23.5,24.5,,,,,,,,,21.4,2005-11-02T14:00:00,,,,18.2,2005-11-02T01:00:00,,,,,,,,,,,,,,,,,,,,,,,,,96,2005-11-02T03:00:00,,,,,,,,,,,,,,,,,,,,,,,,,,,,,,,,,23.2,,,,,,,,,,,,,,,,,,,,,,,,,,,,,,,,,,,,,,,,,,,,,,,,,,,,,,,,,,,,,,,,,,,,,,,,,,,,,,,,,,,,,,,3.8,2005-11-02T17:00:00,,,,,,,,,,,,,,,,,,,,,,,,,,,,,,,,,,,,,,,,,,,,,,,,,,,,,,,,,,,,,,,,,,,,,,,,,,,,,,
2005-11-03,992.3,,993.8,2005-11-03T08:00:00,990.9,2005-11-03T13:00:00,23.7,29.9,2005-11-03T14:00:00,18.8,2005-11-03T05:00:00,19.4,78,55,2005-11-03T13:00:00,1.9,157.5,7.2,90.0,2005-11-03T12:00:00,0.0,,,,,8.5,10.47,0.2,,23.5,23.4,23.3,23.6,24.4,,,,,,,,,21.8,2005-11-03T18:00:00,,,,17.1,2005-11-03T05:00:00,,,,,,,,,,,,,,,,,,,,,,,,,95,2005-11-03T20:00:00,,,,,,,,,,,,,,,,,,,,,,,,,,,,,,,,,23.4,,,,,,,,,,,,,,,,,,,,,,,,,,,,,,,,,,,,,,,,,,,,,,,,,,,,,,,,,,,,,,,,,,,,,,,,,,,,,,,,,,,,,,,3.1,2005-11-03T17:00:00,,,,,,,,,,,,,,,,,,,,,,,,,,,,,,,,,,,,,,,,,,,,,,,,,,,,,,,,,,,,,,,,,,,,,,,,,,,,,,
2005-11-04,991.6,,993.1,2005-11-04T09:00:00,990.5,2005-11-04T15:00:00,23.7,28.9,2005-11-04T13:00:00,19.5,2005-11-04T06:00:00,20.6,83,66,2005-11-04T11:00:00,1.8,292.5,7.1,292.5,2005-11-04T13:00:00,0.0,,,,,8.0,8.21,0.0,,23.8,23.7,23.6,23.7,24.3,,,,,,,,,23.0,2005-11-04T13:00:00,,,,18.7,2005-11-04T06:00:00,,,,,,,,,,,,,,,,,,,,,,,,,95,2005-11-04T03:00:00,,,,,,,,,,,,,,,,,,,,,,,,,,,,,,,,,23.6,,,,,,,,,,,,,,,,,,,,,,,,,,,,,,,,,,,,,,,,,,,,,,,,,,,,,,,,,,,,,,,,,,,,,,,,,,,,,,,,,,,,,,,3.7,2005-11-04T13:00:00,,,,,,,,,,,,,,,,,,,,,,,,,,,,,,,,,,,,,,,,,,,,,,,,,,,,,,,,,,,,,,,,,,,,,,,,,,,,,,
2005-11-05,990.4,,992.4,2005-11-05T09:00:00,989.1,2005-11-05T15:00:00,23.6,28.2,2005-11-05T12:00:00,19.5,2005-11-05T06:00:00,20.9,85,70,2005-11-05T12:00:00,2.7,247.5,8.6,247.5,2005-11-05T14:00:00,0.0,,,,,6.5,8.57,0.8,,24.1,24.0,23.9,23.8,24.3,,,,,,,,,22.7,2005-11-05T13:00:00,,,,19.0,2005-11-05T05:00:00,,,,,,,,,,,,,,,,,,,,,,,,,99,2005-11-05T06:00:00,,,,,,,,,,,,,,,,,,,,,,,,,,,,,,,,,23.8,,,,,,,,,,,,,,,,,,,,,,,,,,,,,,,,,,,,,,,,,,,,,,,,,,,,,,,,,,,,,,,,,,,,,,,,,,,,,,,,,,,,,,,4.1,2005-11-05T14:00:00,,,,,,,,,,,,,,,,,,,,,,,,,,,,,,,,,,,,,,,,,,,,,,,,,,,,,,,,,,,,,,,,,,,,,,,,,,,,,,
2005-11-06,989.9,,991.1,2005-11-06T09:00:00,988.6,2005-11-06T15:00:00,24.5,29.0,2005-11-06T13:00:00,21.6,2005-11-06T03:00:00,21.1,82,67,2005-11-06T13:00:00,2.8,247.5,10.2,247.5,2005-11-06T11:00:00,0.0,,,,,7.0,9.46,0.7,,24.2,24.1,24.0,23.9,24.2,,,,,,,,,22.5,2005-11-06T16:00:00,,,,19.5,2005-11-06T06:00:00,,,,,,,,,,,,,,,,,,,,,,,,,95,2005-11-06T23:00:00,,,,,,,,,,,,,,,,,,,,,,,,,,,,,,,,,24.0,,,,,,,,,,,,,,,,,,,,,,,,,,,,,,,,,,,,,,,,,,,,,,,,,,,,,,,,,,,,,,,,,,,,,,,,,,,,,,,,,,,,,,,4.7,2005-11-06T11:00:00,,,,,,,,,,,,,,,,,,,,,,,,,,,,,,,,,,,,,,,,,,,,,,,,,,,,,,,,,,,,,,,,,,,,,,,,,,,,,,
2005-11-07,991.5,,992.3,2005-11-07T09:00:00,990.7,2005-11-07T01:00:00,23.7,27.8,2005-11-07T14:00:00,20.9,2005-11-07T06:00:00,22.0,90,75,2005-11-07T11:00:00,1.5,292.5,5.6,315.0,2005-11-07T14:00:00,0.0,,,,,3.2,6.71,0.0,,24.5,24.4,24.2,24.0,24.2,,,,,,,,,22.9,2005-11-07T14:00:00,,,,19.4,2005-11-07T07:00:00,,,,,,,,,,,,,,,,,,,,,,,,,99,2005-11-07T03:00:00,,,,,,,,,,,,,,,,,,,,,,,,,,,,,,,,,24.1,,,,,,,,,,,,,,,,,,,,,,,,,,,,,,,,,,,,,,,,,,,,,,,,,,,,,,,,,,,,,,,,,,,,,,,,,,,,,,,,,,,,,,,2.7,2005-11-07T15:00:00,,,,,,,,,,,,,,,,,,,,,,,,,,,,,,,,,,,,,,,,,,,,,,,,,,,,,,,,,,,,,,,,,,,,,,,,,,,,,,
2005-11-08,992.5,,994.1,2005-11-08T09:00:00,991.6,2005-11-08T02:00:00,23.0,26.8,2005-11-08T13:00:00,21.0,2005-11-08T23:59:59,22.2,95,83,2005-11-08T15:00:00,2.0,247.5,7.1,360.0,2005-11-08T14:00:00,0.0,,,,,0.8,5.89,0.1,,24.5,24.4,24.3,24.1,24.2,,,,,,,,,23.1,2005-11-08T11:00:00,,,,21.4,2005-11-08T21:00:00,,,,,,,,,,,,,,,,,,,,,,,,,100,2005-11-08T01:00:00,,,,,,,,,,,,,,,,,,,,,,,,,,,,,,,,,24.2,,,,,,,,,,,,,,,,,,,,,,,,,,,,,,,,,,,,,,,,,,,,,,,,,,,,,,,,,,,,,,,,,,,,,,,,,,,,,,,,,,,,,,,3.7,2005-11-08T14:00:00,,,,,,,,,,,,,,,,,,,,,,,,,,,,,,,,,,,,,,,,,,,,,,,,,,,,,,,,,,,,,,,,,,,,,,,,,,,,,,
2005-11-09,991.6,,993.2,2005-11-09T09:00:00,990.4,2005-11-09T15:00:00,23.0,26.5,2005-11-09T13:00:00,20.2,2005-11-09T03:00:00,21.9,94,83,2005-11-09T12:00:00,1.9,225.0,5.6,247.5,2005-11-09T12:00:00,0.0,,,,,0.0,4.23,0.2,,24.2,24.2,24.2,24.2,24.3,,,,,,,,,23.0,2005-11-09T15:00:00,,,,20.2,2005-11-09T23:59:59,,,,,,,,,,,,,,,,,,,,,,,,,100,2005-11-09T01:00:00,,,,,,,,,,,,,,,,,,,,,,,,,,,,,,,,,24.2,,,,,,,,,,,,,,,,,,,,,,,,,,,,,,,,,,,,,,,,,,,,,,,,,,,,,,,,,,,,,,,,,,,,,,,,,,,,,,,,,,,,,,,3.2,2005-11-09T12:00:00,,,,,,,,,,,,,,,,,,,,,,,,,,,,,,,,,,,,,,,,,,,,,,,,,,,,,,,,,,,,,,,,,,,,,,,,,,,,,,
2005-11-10,990.2,,991.2,2005-11-10T01:00:00,989.0,2005-11-10T14:00:00,23.6,28.6,2005-11-10T12:00:00,20.1,2005-11-10T06:00:00,21.7,89,72,2005-11-10T11:00:00,1.7,292.5,6.3,292.5,2005-11-10T13:00:00,0.0,,,,,4.2,7.21,1.2,,24.2,24.1,24.1,24.2,24.3,,,,,,,,,22.9,2005-11-10T01:00:00,,,,19.7,2005-11-10T07:00:00,,,,,,,,,,,,,,,,,,,,,,,,,100,2005-11-10T01:00:00,,,,,,,,,,,,,,,,,,,,,,,,,,,,,,,,,24.2,,,,,,,,,,,,,,,,,,,,,,,,,,,,,,,,,,,,,,,,,,,,,,,,,,,,,,,,,,,,,,,,,,,,,,,,,,,,,,,,,,,,,,,3.3,2005-11-10T14:00:00,,,,,,,,,,,,,,,,,,,,,,,,,,,,,,,,,,,,,,,,,,,,,,,,,,,,,,,,,,,,,,,,,,,,,,,,,,,,,,
2005-11-11,989.9,,991.3,2005-11-11T23:00:00,988.3,2005-11-11T15:00:00,24.1,29.3,2005-11-11T14:00:00,21.2,2005-11-11T06:00:00,21.0,84,63,2005-11-11T13:00:00,2.0,157.5,7.1,90.0,2005-11-11T23:59:59,0.0,,,,,6.5,8.18,0.0,,24.5,24.4,24.3,24.2,24.3,,,,,,,,,22.5,2005-11-11T15:00:00,,,,18.3,2005-11-11T08:00:00,,,,,,,,,,,,,,,,,,,,,,,,,98,2005-11-11T20:00:00,,,,,,,,,,,,,,,,,,,,,,,,,,,,,,,,,24.2,,,,,,,,,,,,,,,,,,,,,,,,,,,,,,,,,,,,,,,,,,,,,,,,,,,,,,,,,,,,,,,,,,,,,,,,,,,,,,,,,,,,,,,3.6,2005-11-11T23:59:59,,,,,,,,,,,,,,,,,,,,,,,,,,,,,,,,,,,,,,,,,,,,,,,,,,,,,,,,,,,,,,,,,,,,,,,,,,,,,,
2005-11-12,989.8,,990.8,2005-11-12T09:00:00,988.4,2005-11-12T15:00:00,23.9,27.8,2005-11-12T11:00:00,21.5,2005-11-12T05:00:00,20.6,83,64,2005-11-12T13:00:00,3.6,90.0,15.2,67.5,2005-11-12T12:00:00,0.0,,,,,2.2,6.46,0.4,,24.5,24.4,24.3,24.2,24.3,,,,,,,,,21.9,2005-11-12T01:00:00,,,,19.3,2005-11-12T13:00:00,,,,,,,,,,,,,,,,,,,,,,,,,98,2005-11-12T03:00:00,,,,,,,,,,,,,,,,,,,,,,,,,,,,,,,,,24.3,,,,,,,,,,,,,,,,,,,,,,,,,,,,,,,,,,,,,,,,,,,,,,,,,,,,,,,,,,,,,,,,,,,,,,,,,,,,,,,,,,,,,,,7.1,2005-11-12T11:00:00,,,,,,,,,,,,,,,,,,,,,,,,,,,,,,,,,,,,,,,,,,,,,,,,,,,,,,,,,,,,,,,,,,,,,,,,,,,,,,
2005-11-13,990.6,,992.3,2005-11-13T08:00:00,989.3,2005-11-13T15:00:00,23.1,26.4,2005-11-13T14:00:00,20.1,2005-11-13T03:00:00,22.2,94,83,2005-11-13T10:00:00,1.9,22.5,5.5,247.5,2005-11-13T07:00:00,0.0,,,,,0.0,4.31,0.5,,24.2,24.2,24.2,24.2,24.3,,,,,,,,,23.2,2005-11-13T13:00:00,,,,19.7,2005-11-13T03:00:00,,,,,,,,,,,,,,,,,,,,,,,,,100,2005-11-13T07:00:00,,,,,,,,,,,,,,,,,,,,,,,,,,,,,,,,,24.3,,,,,,,,,,,,,,,,,,,,,,,,,,,,,,,,,,,,,,,,,,,,,,,,,,,,,,,,,,,,,,,,,,,,,,,,,,,,,,,,,,,,,,,3.4,2005-11-13T10:00:00,,,,,,,,,,,,,,,,,,,,,,,,,,,,,,,,,,,,,,,,,,,,,,,,,,,,,,,,,,,,,,,,,,,,,,,,,,,,,,
2005-11-14,990.9,,992.2,2005-11-14T09:00:00,989.4,2005-11-14T13:00:00,22.2,26.6,2005-11-14T13:00:00,20.0,2005-11-14T23:59:59,20.3,90,63,2005-11-14T13:00:00,4.0,67.5,12.2,67.5,2005-11-14T18:00:00,0.0,,,,,2.0,5.93,0.4,,24.4,24.3,24.2,24.2,24.3,,,,,,,,,22.6,2005-11-14T01:00:00,,,,18.3,2005-11-14T13:00:00,,,,,,,,,,,,,,,,,,,,,,,,,100,2005-11-14T01:00:00,,,,,,,,,,,,,,,,,,,,,,,,,,,,,,,,,24.2,,,,,,,,,,,,,,,,,,,,,,,,,,,,,,,,,,,,,,,,,,,,,,,,,,,,,,,,,,,,,,,,,,,,,,,,,,,,,,,,,,,,,,,5.4,2005-11-14T14:00:00,,,,,,,,,,,,,,,,,,,,,,,,,,,,,,,,,,,,,,,,,,,,,,,,,,,,,,,,,,,,,,,,,,,,,,,,,,,,,,
2005-11-15,992.0,,993.6,2005-11-15T22:00:00,990.2,2005-11-15T14:00:00,17.9,20.1,2005-11-15T12:00:00,16.1,2005-11-15T23:59:59,17.6,97,90,2005-11-15T12:00:00,5.1,90.0,16.1,67.5,2005-11-15T12:00:00,12.5,,,,,0.0,3.27,0.0,,23.8,23.8,24.0,24.2,24.3,,,,,,,,,19.5,2005-11-15T01:00:00,,,,16.0,2005-11-15T18:00:00,,,,,,,,,,,,,,,,,,,,,,,,,100,2005-11-15T01:00:00,,,,,,,,,,,,,,,,,,,,,,,,,,,,,,,,,24.2,,,,,,,,,,,,,,,,,,,,,,,,,,,,,,,,,,,,,,,,,,,,,,,,,,,,,,,,,,,,,,,,,,,,,,,,,,,,,,,,,,,,,,,6.6,2005-11-15T14:00:00,,,,,,,,,,,,,,,,,,,,,,,,,,,,,,,,,,,,,,,,,,,,,,,,,,,,,,,,,,,,,,,,,,,,,,,,,,,,,,
2005-11-16,993.9,,995.1,2005-11-16T22:00:00,992.9,2005-11-16T04:00:00,17.3,19.6,2005-11-16T10:00:00,16.0,2005-11-16T02:00:00,14.9,86,76,2005-11-16T10:00:00,5.9,90.0,15.5,90.0,2005-11-16T20:00:00,0.0,,,,,1.5,5.5,0.8,,22.8,22.8,23.3,24.0,24.3,,,,,,,,,16.1,2005-11-16T01:00:00,,,,13.7,2005-11-16T18:00:00,,,,,,,,,,,,,,,,,,,,,,,,,100,2005-11-16T01:00:00,,,,,,,,,,,,,,,,,,,,,,,,,,,,,,,,,23.7,,,,,,,,,,,,,,,,,,,,,,,,,,,,,,,,,,,,,,,,,,,,,,,,,,,,,,,,,,,,,,,,,,,,,,,,,,,,,,,,,,,,,,,7.6,2005-11-16T10:00:00,,,,,,,,,,,,,,,,,,,,,,,,,,,,,,,,,,,,,,,,,,,,,,,,,,,,,,,,,,,,,,,,,,,,,,,,,,,,,,
2005-11-17,995.3,,997.2,2005-11-17T22:00:00,993.9,2005-11-17T14:00:00,17.2,19.4,2005-11-17T10:00:00,15.8,2005-11-17T23:59:59,14.1,82,75,2005-11-17T14:00:00,6.1,90.0,15.6,90.0,2005-11-17T14:00:00,0.0,,,,,0.0,4.54,0.4,,22.0,22.1,22.7,23.7,24.2,,,,,,,,,15.1,2005-11-17T10:00:00,,,,13.1,2005-11-17T07:00:00,,,,,,,,,,,,,,,,,,,,,,,,,91,2005-11-17T22:00:00,,,,,,,,,,,,,,,,,,,,,,,,,,,,,,,,,23.1,,,,,,,,,,,,,,,,,,,,,,,,,,,,,,,,,,,,,,,,,,,,,,,,,,,,,,,,,,,,,,,,,,,,,,,,,,,,,,,,,,,,,,,7.5,2005-11-17T16:00:00,,,,,,,,,,,,,,,,,,,,,,,,,,,,,,,,,,,,,,,,,,,,,,,,,,,,,,,,,,,,,,,,,,,,,,,,,,,,,,
2005-11-18,997.3,,998.4,2005-11-18T21:00:00,996.3,2005-11-18T14:00:00,17.3,19.8,2005-11-18T10:00:00,15.7,2005-11-18T06:00:00,13.2,77,67,2005-11-18T09:00:00,6.2,90.0,17.7,90.0,2005-11-18T11:00:00,0.0,,,,,0.0,5.85,0.0,,21.4,21.5,22.1,23.3,24.2,,,,,,,,,14.0,2005-11-18T16:00:00,,,,12.3,2005-11-18T23:59:59,,,,,,,,,,,,,,,,,,,,,,,,,84,2005-11-18T04:00:00,,,,,,,,,,,,,,,,,,,,,,,,,,,,,,,,,22.6,,,,,,,,,,,,,,,,,,,,,,,,,,,,,,,,,,,,,,,,,,,,,,,,,,,,,,,,,,,,,,,,,,,,,,,,,,,,,,,,,,,,,,,7.7,2005-11-18T13:00:00,,,,,,,,,,,,,,,,,,,,,,,,,,,,,,,,,,,,,,,,,,,,,,,,,,,,,,,,,,,,,,,,,,,,,,,,,,,,,,
2005-11-19,996.3,,997.6,2005-11-19T01:00:00,994.8,2005-11-19T14:00:00,18.0,20.0,2005-11-19T15:00:00,16.2,2005-11-19T07:00:00,12.6,71,65,2005-11-19T10:00:00,5.8,90.0,16.9,90.0,2005-11-19T11:00:00,0.0,,,,,2.0,7.09,0.0,,21.0,21.1,21.7,23.0,24.1,,,,,,,,,14.1,2005-11-19T23:59:59,,,,10.9,2005-11-19T04:00:00,,,,,,,,,,,,,,,,,,,,,,,,,80,2005-11-19T23:59:59,,,,,,,,,,,,,,,,,,,,,,,,,,,,,,,,,22.2,,,,,,,,,,,,,,,,,,,,,,,,,,,,,,,,,,,,,,,,,,,,,,,,,,,,,,,,,,,,,,,,,,,,,,,,,,,,,,,,,,,,,,,8.1,2005-11-19T12:00:00,,,,,,,,,,,,,,,,,,,,,,,,,,,,,,,,,,,,,,,,,,,,,,,,,,,,,,,,,,,,,,,,,,,,,,,,,,,,,,
2005-11-20,996.6,,998.4,2005-11-20T22:00:00,995.3,2005-11-20T04:00:00,16.5,19.1,2005-11-20T09:00:00,15.2,2005-11-20T17:00:00,14.6,89,80,2005-11-20T09:00:00,4.8,90.0,13.1,90.0,2005-11-20T23:00:00,1.0,,,,,0.0,2.54,0.0,,20.7,20.8,21.3,22.7,23.9,,,,,,,,,16.5,2005-11-20T11:00:00,,,,12.6,2005-11-20T23:59:59,,,,,,,,,,,,,,,,,,,,,,,,,100,2005-11-20T17:00:00,,,,,,,,,,,,,,,,,,,,,,,,,,,,,,,,,21.9,,,,,,,,,,,,,,,,,,,,,,,,,,,,,,,,,,,,,,,,,,,,,,,,,,,,,,,,,,,,,,,,,,,,,,,,,,,,,,,,,,,,,,,6.1,2005-11-20T14:00:00,,,,,,,,,,,,,,,,,,,,,,,,,,,,,,,,,,,,,,,,,,,,,,,,,,,,,,,,,,,,,,,,,,,,,,,,,,,,,,
2005-11-21,997.0,,998.4,2005-11-21T23:00:00,995.7,2005-11-21T15:00:00,16.0,18.5,2005-11-21T12:00:00,14.1,2005-11-21T23:00:00,12.2,79,59,2005-11-21T12:00:00,6.5,90.0,19.0,90.0,2005-11-21T13:00:00,2.0,,,,,1.0,5.25,0.0,,20.2,20.3,20.9,22.4,23.8,,,,,,,,,14.3,2005-11-21T23:00:00,,,,10.3,2005-11-21T13:00:00,,,,,,,,,,,,,,,,,,,,,,,,,100,2005-11-21T23:00:00,,,,,,,,,,,,,,,,,,,,,,,,,,,,,,,,,21.5,,,,,,,,,,,,,,,,,,,,,,,,,,,,,,,,,,,,,,,,,,,,,,,,,,,,,,,,,,,,,,,,,,,,,,,,,,,,,,,,,,,,,,,8.9,2005-11-21T12:00:00,,,,,,,,,,,,,,,,,,,,,,,,,,,,,,,,,,,,,,,,,,,,,,,,,,,,,,,,,,,,,,,,,,,,,,,,,,,,,,
2005-11-22,996.5,,998.7,2005-11-22T09:00:00,995.4,2005-11-22T18:00:00,16.1,17.9,2005-11-22T22:00:00,14.1,2005-11-22T01:00:00,15.8,98,90,2005-11-22T13:00:00,5.8,90.0,16.4,67.5,2005-11-22T04:00:00,7.5,,,,,0.0,2.97,0.4,,19.9,19.9,20.6,22.1,23.6,,,,,,,,,17.6,2005-11-22T23:00:00,,,,13.4,2005-11-22T03:00:00,,,,,,,,,,,,,,,,,,,,,,,,,100,2005-11-22T06:00:00,,,,,,,,,,,,,,,,,,,,,,,,,,,,,,,,,21.2,,,,,,,,,,,,,,,,,,,,,,,,,,,,,,,,,,,,,,,,,,,,,,,,,,,,,,,,,,,,,,,,,,,,,,,,,,,,,,,,,,,,,,,7.5,2005-11-22T03:00:00,,,,,,,,,,,,,,,,,,,,,,,,,,,,,,,,,,,,,,,,,,,,,,,,,,,,,,,,,,,,,,,,,,,,,,,,,,,,,,
2005-11-23,995.8,,997.1,2005-11-23T09:00:00,994.7,2005-11-23T15:00:00,17.7,19.3,2005-11-23T13:00:00,17.1,2005-11-23T18:00:00,17.9,100,98,2005-11-23T18:00:00,3.5,67.5,10.4,67.5,2005-11-23T06:00:00,4.5,,,,,0.0,1.98,0.0,,20.0,20.0,20.4,21.8,23.5,,,,,,,,,19.1,2005-11-23T11:00:00,,,,16.8,2005-11-23T19:00:00,,,,,,,,,,,,,,,,,,,,,,,,,100,2005-11-23T01:00:00,,,,,,,,,,,,,,,,,,,,,,,,,,,,,,,,,21.0,,,,,,,,,,,,,,,,,,,,,,,,,,,,,,,,,,,,,,,,,,,,,,,,,,,,,,,,,,,,,,,,,,,,,,,,,,,,,,,,,,,,,,,5.4,2005-11-23T05:00:00,,,,,,,,,,,,,,,,,,,,,,,,,,,,,,,,,,,,,,,,,,,,,,,,,,,,,,,,,,,,,,,,,,,,,,,,,,,,,,
2005-11-24,994.9,,996.3,2005-11-24T09:00:00,993.4,2005-11-24T15:00:00,18.2,21.5,2005-11-24T12:00:00,16.3,2005-11-24T06:00:00,15.1,83,71,2005-11-24T11:00:00,4.8,67.5,13.0,67.5,2005-11-24T11:00:00,0.0,,,,,6.0,6.96,0.0,,20.2,20.2,20.6,21.7,23.3,,,,,,,,,16.6,2005-11-24T01:00:00,,,,14.5,2005-11-24T06:00:00,,,,,,,,,,,,,,,,,,,,,,,,,97,2005-11-24T01:00:00,,,,,,,,,,,,,,,,,,,,,,,,,,,,,,,,,21.0,,,,,,,,,,,,,,,,,,,,,,,,,,,,,,,,,,,,,,,,,,,,,,,,,,,,,,,,,,,,,,,,,,,,,,,,,,,,,,,,,,,,,,,6.4,2005-11-24T11:00:00,,,,,,,,,,,,,,,,,,,,,,,,,,,,,,,,,,,,,,,,,,,,,,,,,,,,,,,,,,,,,,,,,,,,,,,,,,,,,,
2005-11-25,994.1,,995.5,2005-11-25T09:00:00,992.7,2005-11-25T14:00:00,18.7,22.6,2005-11-25T13:00:00,16.1,2005-11-25T06:00:00,15.4,82,69,2005-11-25T11:00:00,3.3,67.5,9.6,67.5,2005-11-25T01:00:00,0.0,,,,,5.0,6.91,0.5,,20.3,20.3,20.6,21.6,23.2,,,,,,,,,16.5,2005-11-25T12:00:00,,,,14.4,2005-11-25T06:00:00,,,,,,,,,,,,,,,,,,,,,,,,,92,2005-11-25T23:59:59,,,,,,,,,,,,,,,,,,,,,,,,,,,,,,,,,21.0,,,,,,,,,,,,,,,,,,,,,,,,,,,,,,,,,,,,,,,,,,,,,,,,,,,,,,,,,,,,,,,,,,,,,,,,,,,,,,,,,,,,,,,4.9,2005-11-25T11:00:00,,,,,,,,,,,,,,,,,,,,,,,,,,,,,,,,,,,,,,,,,,,,,,,,,,,,,,,,,,,,,,,,,,,,,,,,,,,,,,
2005-11-26,993.6,,994.9,2005-11-26T09:00:00,992.5,2005-11-26T15:00:00,18.1,23.1,2005-11-26T13:00:00,13.9,2005-11-26T07:00:00,16.4,90,74,2005-11-26T13:00:00,2.0,112.5,6.5,22.5,2005-11-26T14:00:00,0.0,,,,,7.0,7.63,0.4,,20.2,20.2,20.6,21.6,23.1,,,,,,,,,18.4,2005-11-26T12:00:00,,,,14.5,2005-11-26T05:00:00,,,,,,,,,,,,,,,,,,,,,,,,,100,2005-11-26T03:00:00,,,,,,,,,,,,,,,,,,,,,,,,,,,,,,,,,20.9,,,,,,,,,,,,,,,,,,,,,,,,,,,,,,,,,,,,,,,,,,,,,,,,,,,,,,,,,,,,,,,,,,,,,,,,,,,,,,,,,,,,,,,3.5,2005-11-26T10:00:00,,,,,,,,,,,,,,,,,,,,,,,,,,,,,,,,,,,,,,,,,,,,,,,,,,,,,,,,,,,,,,,,,,,,,,,,,,,,,,
2005-11-27,993.2,,995.0,2005-11-27T09:00:00,991.5,2005-11-27T15:00:00,19.7,24.4,2005-11-27T12:00:00,15.5,2005-11-27T05:00:00,17.8,89,71,2005-11-27T12:00:00,3.5,90.0,14.8,90.0,2005-11-27T13:00:00,0.0,,,,,8.2,8.97,0.7,,20.2,20.2,20.5,21.5,23.0,,,,,,,,,18.8,2005-11-27T18:00:00,,,,16.2,2005-11-27T01:00:00,,,,,,,,,,,,,,,,,,,,,,,,,100,2005-11-27T01:00:00,,,,,,,,,,,,,,,,,,,,,,,,,,,,,,,,,20.9,,,,,,,,,,,,,,,,,,,,,,,,,,,,,,,,,,,,,,,,,,,,,,,,,,,,,,,,,,,,,,,,,,,,,,,,,,,,,,,,,,,,,,,6.4,2005-11-27T12:00:00,,,,,,,,,,,,,,,,,,,,,,,,,,,,,,,,,,,,,,,,,,,,,,,,,,,,,,,,,,,,,,,,,,,,,,,,,,,,,,
2005-11-28,993.9,,996.4,2005-11-28T08:00:00,991.8,2005-11-28T15:00:00,20.7,27.8,2005-11-28T13:00:00,15.6,2005-11-28T03:00:00,15.6,77,36,2005-11-28T15:00:00,2.2,112.5,11.9,225.0,2005-11-28T05:00:00,0.0,,,,,8.6,8.56,0.8,,20.5,20.5,20.7,21.5,22.9,,,,,,,,,19.4,2005-11-28T09:00:00,,,,10.2,2005-11-28T15:00:00,,,,,,,,,,,,,,,,,,,,,,,,,100,2005-11-28T05:00:00,,,,,,,,,,,,,,,,,,,,,,,,,,,,,,,,,20.9,,,,,,,,,,,,,,,,,,,,,,,,,,,,,,,,,,,,,,,,,,,,,,,,,,,,,,,,,,,,,,,,,,,,,,,,,,,,,,,,,,,,,,,6.6,2005-11-28T04:00:00,,,,,,,,,,,,,,,,,,,,,,,,,,,,,,,,,,,,,,,,,,,,,,,,,,,,,,,,,,,,,,,,,,,,,,,,,,,,,,
2005-11-29,993.1,,994.6,2005-11-29T08:00:00,991.6,2005-11-29T16:00:00,17.6,19.7,2005-11-29T13:00:00,15.7,2005-11-29T23:00:00,13.6,78,68,2005-11-29T13:00:00,5.7,67.5,14.7,67.5,2005-11-29T18:00:00,0.0,,,,,4.0,6.74,0.0,,20.5,20.5,20.7,21.5,22.8,,,,,,,,,16.5,2005-11-29T02:00:00,,,,11.6,2005-11-29T20:00:00,,,,,,,,,,,,,,,,,,,,,,,,,89,2005-11-29T02:00:00,,,,,,,,,,,,,,,,,,,,,,,,,,,,,,,,,21.0,,,,,,,,,,,,,,,,,,,,,,,,,,,,,,,,,,,,,,,,,,,,,,,,,,,,,,,,,,,,,,,,,,,,,,,,,,,,,,,,,,,,,,,7.2,2005-11-29T20:00:00,,,,,,,,,,,,,,,,,,,,,,,,,,,,,,,,,,,,,,,,,,,,,,,,,,,,,,,,,,,,,,,,,,,,,,,,,,,,,,
2005-11-30,991.6,,992.6,2005-11-30T08:00:00,990.2,2005-11-30T16:00:00,18.1,21.9,2005-11-30T13:00:00,15.8,2005-11-30T01:00:00,14.5,80,68,2005-11-30T13:00:00,3.6,67.5,10.7,67.5,2005-11-30T01:00:00,0.0,,,,,7.0,7.3,0.0,,20.1,20.2,20.5,21.4,22.7,,,,,,,,,16.2,2005-11-30T23:59:59,,,,11.9,2005-11-30T06:00:00,,,,,,,,,,,,,,,,,,,,,,,,,96,2005-11-30T23:59:59,,,,,,,,,,,,,,,,,,,,,,,,,,,,,,,,,20.9,,,,,,,,,,,,,,,,,,,,,,,,,,,,,,,,,,,,,,,,,,,,,,,,,,,,,,,,,,,,,,,,,,,,,,,,,,,,,,,,,,,,,,,4.8,2005-11-30T09:00:00,,,,,,,,,,,,,,,,,,,,,,,,,,,,,,,,,,,,,,,,,,,,,,,,,,,,,,,,,,,,,,,,,,,,,,,,,,,,,,
2005-12-01,992.5,,993.5,2005-12-01T09:00:00,991.6,2005-12-01T14:00:00,18.3,23.3,2005-12-01T12:00:00,14.2,2005-12-01T06:00:00,16.7,91,68,2005-12-01T11:00:00,1.8,135.0,7.0,360.0,2005-12-01T13:00:00,0.0,,,,,3.0,7.08,0.4,,20.1,20.1,20.4,21.3,22.6,,,,,,,,,19.2,2005-12-01T17:00:00,,,,12.9,2005-12-01T07:00:00,,,,,,,,,,,,,,,,,,,,,,,,,100,2005-12-01T02:00:00,,,,,,,,,,,,,,,,,,,,,,,,,,,,,,,,,20.8,,,,,,,,,,,,,,,,,,,,,,,,,,,,,,,,,,,,,,,,,,,,,,,,,,,,,,,,,,,,,,,,,,,,,,,,,,,,,,,,,,,,,,,3.2,2005-12-01T12:00:00,,,,,,,,,,,,,,,,,,,,,,,,,,,,,,,,,,,,,,,,,,,,,,,,,,,,,,,,,,,,,,,,,,,,,,,,,,,,,,
2005-12-02,993.9,,995.5,2005-12-02T09:00:00,992.8,2005-12-02T15:00:00,18.5,23.1,2005-12-02T11:00:00,14.3,2005-12-02T06:00:00,16.9,91,81,2005-12-02T11:00:00,3.4,67.5,12.0,67.5,2005-12-02T20:00:00,0.0,,,,,1.0,5.92,0.5,,20.1,20.1,20.4,21.3,22.6,,,,,,,,,19.3,2005-12-02T13:00:00,,,,13.6,2005-12-02T05:00:00,,,,,,,,,,,,,,,,,,,,,,,,,100,2005-12-02T01:00:00,,,,,,,,,,,,,,,,,,,,,,,,,,,,,,,,,20.7,,,,,,,,,,,,,,,,,,,,,,,,,,,,,,,,,,,,,,,,,,,,,,,,,,,,,,,,,,,,,,,,,,,,,,,,,,,,,,,,,,,,,,,5.4,2005-12-02T16:00:00,,,,,,,,,,,,,,,,,,,,,,,,,,,,,,,,,,,,,,,,,,,,,,,,,,,,,,,,,,,,,,,,,,,,,,,,,,,,,,
2005-12-03,992.8,,994.7,2005-12-03T09:00:00,990.7,2005-12-03T14:00:00,18.8,22.7,2005-12-03T14:00:00,17.8,2005-12-03T07:00:00,17.5,92,80,2005-12-03T14:00:00,2.6,22.5,9.8,67.5,2005-12-03T01:00:00,0.0,,,,,0.0,3.68,0.0,,20.4,20.3,20.5,21.2,22.5,,,,,,,,,18.5,2005-12-03T12:00:00,,,,16.9,2005-12-03T01:00:00,,,,,,,,,,,,,,,,,,,,,,,,,100,2005-12-03T23:00:00,,,,,,,,,,,,,,,,,,,,,,,,,,,,,,,,,20.7,,,,,,,,,,,,,,,,,,,,,,,,,,,,,,,,,,,,,,,,,,,,,,,,,,,,,,,,,,,,,,,,,,,,,,,,,,,,,,,,,,,,,,,4.3,2005-12-03T01:00:00,,,,,,,,,,,,,,,,,,,,,,,,,,,,,,,,,,,,,,,,,,,,,,,,,,,,,,,,,,,,,,,,,,,,,,,,,,,,,,
2005-12-04,995.4,,997.2,2005-12-04T09:00:00,993.4,2005-12-04T15:00:00,13.3,17.7,2005-12-04T01:00:00,11.8,2005-12-04T20:00:00,10.1,81,66,2005-12-04T16:00:00,5.7,67.5,18.5,90.0,2005-12-04T21:00:00,12.0,,,,,0.0,3.5,0.0,,20.1,20.1,20.5,21.2,22.4,,,,,,,,,16.7,2005-12-04T01:00:00,,,,6.1,2005-12-04T23:59:59,,,,,,,,,,,,,,,,,,,,,,,,,100,2005-12-04T01:00:00,,,,,,,,,,,,,,,,,,,,,,,,,,,,,,,,,20.8,,,,,,,,,,,,,,,,,,,,,,,,,,,,,,,,,,,,,,,,,,,,,,,,,,,,,,,,,,,,,,,,,,,,,,,,,,,,,,,,,,,,,,,8.6,2005-12-04T20:00:00,,,,,,,,,,,,,,,,,,,,,,,,,,,,,,,,,,,,,,,,,,,,,,,,,,,,,,,,,,,,,,,,,,,,,,,,,,,,,,
2005-12-05,998.6,,1000.4,2005-12-05T21:00:00,996.3,2005-12-05T01:00:00,10.2,12.2,2005-12-05T01:00:00,8.4,2005-12-05T18:00:00,3.7,64,58,2005-12-05T05:00:00,6.4,67.5,16.4,67.5,2005-12-05T03:00:00,0.0,,,,,0.0,1.48,0.1,,18.5,18.7,19.5,21.1,22.4,,,,,,,,,5.4,2005-12-05T01:00:00,,,,1.1,2005-12-05T18:00:00,,,,,,,,,,,,,,,,,,,,,,,,,70,2005-12-05T07:00:00,,,,,,,,,,,,,,,,,,,,,,,,,,,,,,,,,20.3,,,,,,,,,,,,,,,,,,,,,,,,,,,,,,,,,,,,,,,,,,,,,,,,,,,,,,,,,,,,,,,,,,,,,,,,,,,,,,,,,,,,,,,8.1,2005-12-05T02:00:00,,,,,,,,,,,,,,,,,,,,,,,,,,,,,,,,,,,,,,,,,,,,,,,,,,,,,,,,,,,,,,,,,,,,,,,,,,,,,,
2005-12-06,999.1,,1000.7,2005-12-06T09:00:00,997.6,2005-12-06T14:00:00,9.9,11.0,2005-12-06T23:00:00,8.9,2005-12-06T01:00:00,8.2,89,67,2005-12-06T01:00:00,4.5,67.5,11.7,90.0,2005-12-06T04:00:00,1.0,,,,,0.0,0.65,0.0,,17.1,17.3,18.4,20.6,22.3,,,,,,,,,11.2,2005-12-06T23:59:59,,,,3.3,2005-12-06T01:00:00,,,,,,,,,,,,,,,,,,,,,,,,,100,2005-12-06T13:00:00,,,,,,,,,,,,,,,,,,,,,,,,,,,,,,,,,19.4,,,,,,,,,,,,,,,,,,,,,,,,,,,,,,,,,,,,,,,,,,,,,,,,,,,,,,,,,,,,,,,,,,,,,,,,,,,,,,,,,,,,,,,5.5,2005-12-06T02:00:00,,,,,,,,,,,,,,,,,,,,,,,,,,,,,,,,,,,,,,,,,,,,,,,,,,,,,,,,,,,,,,,,,,,,,,,,,,,,,,
2005-12-07,998.4,,999.7,2005-12-07T09:00:00,997.4,2005-12-07T15:00:00,12.4,13.6,2005-12-07T13:00:00,11.0,2005-12-07T01:00:00,12.4,99,97,2005-12-07T13:00:00,4.9,67.5,13.8,90.0,2005-12-07T22:00:00,2.0,,,,,0.0,1.6,0.1,,16.8,16.9,17.8,20.0,22.2,,,,,,,,,13.1,2005-12-07T12:00:00,,,,11.5,2005-12-07T01:00:00,,,,,,,,,,,,,,,,,,,,,,,,,100,2005-12-07T01:00:00,,,,,,,,,,,,,,,,,,,,,,,,,,,,,,,,,18.7,,,,,,,,,,,,,,,,,,,,,,,,,,,,,,,,,,,,,,,,,,,,,,,,,,,,,,,,,,,,,,,,,,,,,,,,,,,,,,,,,,,,,,,6.9,2005-12-07T20:00:00,,,,,,,,,,,,,,,,,,,,,,,,,,,,,,,,,,,,,,,,,,,,,,,,,,,,,,,,,,,,,,,,,,,,,,,,,,,,,,
2005-12-08,997.6,,999.4,2005-12-08T09:00:00,996.0,2005-12-08T23:59:59,14.2,15.9,2005-12-08T23:59:59,12.6,2005-12-08T04:00:00,13.1,93,85,2005-12-08T19:00:00,5.5,67.5,14.5,67.5,2005-12-08T22:00:00,0.5,,,,,0.0,2.69,0.1,,17.0,17.1,17.7,19.6,22.0,,,,,,,,,13.8,2005-12-08T09:00:00,,,,12.6,2005-12-08T03:00:00,,,,,,,,,,,,,,,,,,,,,,,,,100,2005-12-08T04:00:00,,,,,,,,,,,,,,,,,,,,,,,,,,,,,,,,,18.4,,,,,,,,,,,,,,,,,,,,,,,,,,,,,,,,,,,,,,,,,,,,,,,,,,,,,,,,,,,,,,,,,,,,,,,,,,,,,,,,,,,,,,,7.2,2005-12-08T18:00:00,,,,,,,,,,,,,,,,,,,,,,,,,,,,,,,,,,,,,,,,,,,,,,,,,,,,,,,,,,,,,,,,,,,,,,,,,,,,,,
2005-12-09,995.3,,997.0,2005-12-09T09:00:00,993.9,2005-12-09T14:00:00,17.2,20.2,2005-12-09T14:00:00,15.3,2005-12-09T05:00:00,15.3,89,79,2005-12-09T14:00:00,3.0,67.5,12.9,67.5,2005-12-09T03:00:00,0.0,,,,,0.0,4.04,0.7,,17.5,17.5,17.9,19.4,21.8,,,,,,,,,16.7,2005-12-09T11:00:00,,,,13.4,2005-12-09T01:00:00,,,,,,,,,,,,,,,,,,,,,,,,,94,2005-12-09T05:00:00,,,,,,,,,,,,,,,,,,,,,,,,,,,,,,,,,18.4,,,,,,,,,,,,,,,,,,,,,,,,,,,,,,,,,,,,,,,,,,,,,,,,,,,,,,,,,,,,,,,,,,,,,,,,,,,,,,,,,,,,,,,6.4,2005-12-09T01:00:00,,,,,,,,,,,,,,,,,,,,,,,,,,,,,,,,,,,,,,,,,,,,,,,,,,,,,,,,,,,,,,,,,,,,,,,,,,,,,,
2005-12-10,994.0,,994.8,2005-12-10T10:00:00,993.1,2005-12-10T15:00:00,17.3,18.9,2005-12-10T10:00:00,16.4,2005-12-10T01:00:00,16.1,93,84,2005-12-10T09:00:00,2.3,67.5,7.0,45.0,2005-12-10T16:00:00,0.0,,,,,0.0,1.48,0.0,,18.2,18.2,18.4,19.5,21.6,,,,,,,,,17.5,2005-12-10T11:00:00,,,,15.3,2005-12-10T01:00:00,,,,,,,,,,,,,,,,,,,,,,,,,96,2005-12-10T23:59:59,,,,,,,,,,,,,,,,,,,,,,,,,,,,,,,,,18.7,,,,,,,,,,,,,,,,,,,,,,,,,,,,,,,,,,,,,,,,,,,,,,,,,,,,,,,,,,,,,,,,,,,,,,,,,,,,,,,,,,,,,,,3.6,2005-12-10T01:00:00,,,,,,,,,,,,,,,,,,,,,,,,,,,,,,,,,,,,,,,,,,,,,,,,,,,,,,,,,,,,,,,,,,,,,,,,,,,,,,
2005-12-11,996.5,,999.1,2005-12-11T21:00:00,993.7,2005-12-11T04:00:00,14.6,16.5,2005-12-11T04:00:00,12.3,2005-12-11T22:00:00,14.0,96,92,2005-12-11T23:59:59,3.9,67.5,13.7,67.5,2005-12-11T21:00:00,13.5,,,,,0.0,1.03,0.1,,18.3,18.3,18.6,19.6,21.5,,,,,,,,,15.9,2005-12-11T04:00:00,,,,11.0,2005-12-11T23:59:59,,,,,,,,,,,,,,,,,,,,,,,,,99,2005-12-11T16:00:00,,,,,,,,,,,,,,,,,,,,,,,,,,,,,,,,,19.0,,,,,,,,,,,,,,,,,,,,,,,,,,,,,,,,,,,,,,,,,,,,,,,,,,,,,,,,,,,,,,,,,,,,,,,,,,,,,,,,,,,,,,,5.7,2005-12-11T20:00:00,,,,,,,,,,,,,,,,,,,,,,,,,,,,,,,,,,,,,,,,,,,,,,,,,,,,,,,,,,,,,,,,,,,,,,,,,,,,,,
2005-12-12,998.9,,1000.8,2005-12-12T09:00:00,997.2,2005-12-12T15:00:00,11.6,12.3,2005-12-12T01:00:00,11.0,2005-12-12T23:59:59,8.5,82,70,2005-12-12T22:00:00,6.1,67.5,16.3,67.5,2005-12-12T21:00:00,0.5,,,,,0.0,0.99,0.2,,17.6,17.7,18.3,19.6,21.4,,,,,,,,,11.2,2005-12-12T01:00:00,,,,6.0,2005-12-12T22:00:00,,,,,,,,,,,,,,,,,,,,,,,,,94,2005-12-12T01:00:00,,,,,,,,,,,,,,,,,,,,,,,,,,,,,,,,,18.8,,,,,,,,,,,,,,,,,,,,,,,,,,,,,,,,,,,,,,,,,,,,,,,,,,,,,,,,,,,,,,,,,,,,,,,,,,,,,,,,,,,,,,,8.3,2005-12-12T21:00:00,,,,,,,,,,,,,,,,,,,,,,,,,,,,,,,,,,,,,,,,,,,,,,,,,,,,,,,,,,,,,,,,,,,,,,,,,,,,,,
2005-12-13,998.6,,1000.2,2005-12-13T09:00:00,996.4,2005-12-13T16:00:00,11.5,13.6,2005-12-13T13:00:00,10.3,2005-12-13T23:59:59,7.5,77,68,2005-12-13T03:00:00,6.6,67.5,17.7,67.5,2005-12-13T14:00:00,0.0,,,,,0.0,3.0,2.3,,16.7,16.9,17.6,19.4,21.3,,,,,,,,,9.6,2005-12-13T23:00:00,,,,5.7,2005-12-13T03:00:00,,,,,,,,,,,,,,,,,,,,,,,,,96,2005-12-13T23:59:59,,,,,,,,,,,,,,,,,,,,,,,,,,,,,,,,,18.3,,,,,,,,,,,,,,,,,,,,,,,,,,,,,,,,,,,,,,,,,,,,,,,,,,,,,,,,,,,,,,,,,,,,,,,,,,,,,,,,,,,,,,,8.4,2005-12-13T14:00:00,,,,,,,,,,,,,,,,,,,,,,,,,,,,,,,,,,,,,,,,,,,,,,,,,,,,,,,,,,,,,,,,,,,,,,,,,,,,,,
2005-12-14,1000.4,,1001.8,2005-12-14T21:00:00,998.8,2005-12-14T14:00:00,10.0,13.3,2005-12-14T12:00:00,8.7,2005-12-14T19:00:00,8.3,90,74,2005-12-14T12:00:00,4.9,67.5,14.2,67.5,2005-12-14T11:00:00,5.5,,,,,0.0,2.48,0.2,,16.3,16.4,17.1,19.0,21.2,,,,,,,,,9.8,2005-12-14T01:00:00,,,,6.8,2005-12-14T20:00:00,,,,,,,,,,,,,,,,,,,,,,,,,99,2005-12-14T03:00:00,,,,,,,,,,,,,,,,,,,,,,,,,,,,,,,,,17.9,,,,,,,,,,,,,,,,,,,,,,,,,,,,,,,,,,,,,,,,,,,,,,,,,,,,,,,,,,,,,,,,,,,,,,,,,,,,,,,,,,,,,,,7.0,2005-12-14T11:00:00,,,,,,,,,,,,,,,,,,,,,,,,,,,,,,,,,,,,,,,,,,,,,,,,,,,,,,,,,,,,,,,,,,,,,,,,,,,,,,
2005-12-15,1001.4,,1002.7,2005-12-15T09:00:00,999.8,2005-12-15T15:00:00,10.4,13.7,2005-12-15T13:00:00,8.8,2005-12-15T21:00:00,3.7,64,53,2005-12-15T11:00:00,5.5,67.5,14.9,67.5,2005-12-15T18:00:00,0.0,,,,,7.5,6.19,1.6,,15.9,16.0,16.7,18.7,21.1,,,,,,,,,7.6,2005-12-15T01:00:00,,,,1.3,2005-12-15T23:00:00,,,,,,,,,,,,,,,,,,,,,,,,,89,2005-12-15T01:00:00,,,,,,,,,,,,,,,,,,,,,,,,,,,,,,,,,17.5,,,,,,,,,,,,,,,,,,,,,,,,,,,,,,,,,,,,,,,,,,,,,,,,,,,,,,,,,,,,,,,,,,,,,,,,,,,,,,,,,,,,,,,7.3,2005-12-15T22:00:00,,,,,,,,,,,,,,,,,,,,,,,,,,,,,,,,,,,,,,,,,,,,,,,,,,,,,,,,,,,,,,,,,,,,,,,,,,,,,,
2005-12-16,999.3,,1000.7,2005-12-16T06:00:00,997.2,2005-12-16T15:00:00,12.0,15.8,2005-12-16T13:00:00,9.2,2005-12-16T01:00:00,4.7,62,51,2005-12-16T12:00:00,6.3,67.5,16.5,67.5,2005-12-16T11:00:00,0.0,,,,,8.7,8.05,2.4,,15.4,15.6,16.3,18.4,20.9,,,,,,,,,6.2,2005-12-16T23:59:59,,,,2.4,2005-12-16T03:00:00,,,,,,,,,,,,,,,,,,,,,,,,,71,2005-12-16T07:00:00,,,,,,,,,,,,,,,,,,,,,,,,,,,,,,,,,17.1,,,,,,,,,,,,,,,,,,,,,,,,,,,,,,,,,,,,,,,,,,,,,,,,,,,,,,,,,,,,,,,,,,,,,,,,,,,,,,,,,,,,,,,7.9,2005-12-16T12:00:00,,,,,,,,,,,,,,,,,,,,,,,,,,,,,,,,,,,,,,,,,,,,,,,,,,,,,,,,,,,,,,,,,,,,,,,,,,,,,,
2005-12-17,1001.3,,1003.1,2005-12-17T19:00:00,999.4,2005-12-17T01:00:00,11.4,15.8,2005-12-17T11:00:00,8.9,2005-12-17T23:59:59,4.3,63,51,2005-12-17T13:00:00,5.4,67.5,17.1,90.0,2005-12-17T23:00:00,0.0,,,,,6.8,6.45,2.2,,15.3,15.4,16.1,18.1,20.8,,,,,,,,,6.9,2005-12-17T05:00:00,,,,-0.5,2005-12-17T23:59:59,,,,,,,,,,,,,,,,,,,,,,,,,81,2005-12-17T05:00:00,,,,,,,,,,,,,,,,,,,,,,,,,,,,,,,,,16.9,,,,,,,,,,,,,,,,,,,,,,,,,,,,,,,,,,,,,,,,,,,,,,,,,,,,,,,,,,,,,,,,,,,,,,,,,,,,,,,,,,,,,,,7.6,2005-12-17T23:59:59,,,,,,,,,,,,,,,,,,,,,,,,,,,,,,,,,,,,,,,,,,,,,,,,,,,,,,,,,,,,,,,,,,,,,,,,,,,,,,
2005-12-18,999.3,,1002.8,2005-12-18T01:00:00,996.7,2005-12-18T23:59:59,11.1,14.4,2005-12-18T12:00:00,8.0,2005-12-18T04:00:00,4.3,63,53,2005-12-18T11:00:00,6.6,90.0,18.9,90.0,2005-12-18T16:00:00,0.0,,,,,8.5,7.79,2.7,,15.1,15.2,15.9,17.9,20.6,,,,,,,,,7.3,2005-12-18T23:59:59,,,,0.3,2005-12-18T01:00:00,,,,,,,,,,,,,,,,,,,,,,,,,74,2005-12-18T23:59:59,,,,,,,,,,,,,,,,,,,,,,,,,,,,,,,,,16.7,,,,,,,,,,,,,,,,,,,,,,,,,,,,,,,,,,,,,,,,,,,,,,,,,,,,,,,,,,,,,,,,,,,,,,,,,,,,,,,,,,,,,,,9.5,2005-12-18T13:00:00,,,,,,,,,,,,,,,,,,,,,,,,,,,,,,,,,,,,,,,,,,,,,,,,,,,,,,,,,,,,,,,,,,,,,,,,,,,,,,
2005-12-19,996.1,,997.7,2005-12-19T09:00:00,994.4,2005-12-19T15:00:00,14.3,18.9,2005-12-19T14:00:00,10.6,2005-12-19T03:00:00,10.8,80,67,2005-12-19T14:00:00,4.4,67.5,14.2,67.5,2005-12-19T09:00:00,0.0,,,,,7.0,6.54,1.2,,15.1,15.2,15.8,17.7,20.4,,,,,,,,,12.4,2005-12-19T14:00:00,,,,7.5,2005-12-19T01:00:00,,,,,,,,,,,,,,,,,,,,,,,,,91,2005-12-19T06:00:00,,,,,,,,,,,,,,,,,,,,,,,,,,,,,,,,,16.5,,,,,,,,,,,,,,,,,,,,,,,,,,,,,,,,,,,,,,,,,,,,,,,,,,,,,,,,,,,,,,,,,,,,,,,,,,,,,,,,,,,,,,,7.3,2005-12-19T09:00:00,,,,,,,,,,,,,,,,,,,,,,,,,,,,,,,,,,,,,,,,,,,,,,,,,,,,,,,,,,,,,,,,,,,,,,,,,,,,,,
2005-12-20,995.9,,998.0,2005-12-20T23:59:59,993.6,2005-12-20T15:00:00,16.6,21.2,2005-12-20T14:00:00,13.4,2005-12-20T02:00:00,13.4,83,63,2005-12-20T12:00:00,3.3,67.5,12.4,22.5,2005-12-20T22:00:00,0.5,,,,,8.6,7.76,1.8,,15.9,15.9,16.1,17.6,20.3,,,,,,,,,15.6,2005-12-20T19:00:00,,,,12.0,2005-12-20T07:00:00,,,,,,,,,,,,,,,,,,,,,,,,,98,2005-12-20T23:59:59,,,,,,,,,,,,,,,,,,,,,,,,,,,,,,,,,16.6,,,,,,,,,,,,,,,,,,,,,,,,,,,,,,,,,,,,,,,,,,,,,,,,,,,,,,,,,,,,,,,,,,,,,,,,,,,,,,,,,,,,,,,5.9,2005-12-20T22:00:00,,,,,,,,,,,,,,,,,,,,,,,,,,,,,,,,,,,,,,,,,,,,,,,,,,,,,,,,,,,,,,,,,,,,,,,,,,,,,,
2005-12-21,1000.1,,1001.7,2005-12-21T10:00:00,998.0,2005-12-21T01:00:00,10.9,13.5,2005-12-21T01:00:00,7.3,2005-12-21T23:00:00,7.0,78,59,2005-12-21T15:00:00,3.5,45.0,11.3,45.0,2005-12-21T12:00:00,4.5,,,,,0.0,2.34,0.6,,16.4,16.4,16.7,17.7,20.1,,,,,,,,,12.8,2005-12-21T01:00:00,,,,3.5,2005-12-21T17:00:00,,,,,,,,,,,,,,,,,,,,,,,,,99,2005-12-21T02:00:00,,,,,,,,,,,,,,,,,,,,,,,,,,,,,,,,,17.0,,,,,,,,,,,,,,,,,,,,,,,,,,,,,,,,,,,,,,,,,,,,,,,,,,,,,,,,,,,,,,,,,,,,,,,,,,,,,,,,,,,,,,,5.3,2005-12-21T12:00:00,,,,,,,,,,,,,,,,,,,,,,,,,,,,,,,,,,,,,,,,,,,,,,,,,,,,,,,,,,,,,,,,,,,,,,,,,,,,,,
2005-12-22,1000.1,,1002.4,2005-12-22T09:00:00,998.2,2005-12-22T23:59:59,8.1,11.0,2005-12-22T12:00:00,5.3,2005-12-22T23:59:59,0.2,59,45,2005-12-22T12:00:00,3.5,45.0,9.8,45.0,2005-12-22T11:00:00,0.0,,,,,8.7,7.72,2.5,,15.2,15.4,16.1,17.7,20.0,,,,,,,,,4.3,2005-12-22T02:00:00,,,,-1.4,2005-12-22T17:00:00,,,,,,,,,,,,,,,,,,,,,,,,,79,2005-12-22T02:00:00,,,,,,,,,,,,,,,,,,,,,,,,,,,,,,,,,16.8,,,,,,,,,,,,,,,,,,,,,,,,,,,,,,,,,,,,,,,,,,,,,,,,,,,,,,,,,,,,,,,,,,,,,,,,,,,,,,,,,,,,,,,5.1,2005-12-22T11:00:00,,,,,,,,,,,,,,,,,,,,,,,,,,,,,,,,,,,,,,,,,,,,,,,,,,,,,,,,,,,,,,,,,,,,,,,,,,,,,,
2005-12-23,996.5,,998.2,2005-12-23T09:00:00,994.5,2005-12-23T14:00:00,10.6,18.6,2005-12-23T14:00:00,5.0,2005-12-23T06:00:00,4.0,66,42,2005-12-23T13:00:00,2.0,112.5,6.1,112.5,2005-12-23T09:00:00,0.0,,,,,8.0,7.52,1.5,,14.4,14.5,15.4,17.5,19.9,,,,,,,,,6.2,2005-12-23T14:00:00,,,,1.3,2005-12-23T07:00:00,,,,,,,,,,,,,,,,,,,,,,,,,83,2005-12-23T22:00:00,,,,,,,,,,,,,,,,,,,,,,,,,,,,,,,,,16.2,,,,,,,,,,,,,,,,,,,,,,,,,,,,,,,,,,,,,,,,,,,,,,,,,,,,,,,,,,,,,,,,,,,,,,,,,,,,,,,,,,,,,,,3.6,2005-12-23T09:00:00,,,,,,,,,,,,,,,,,,,,,,,,,,,,,,,,,,,,,,,,,,,,,,,,,,,,,,,,,,,,,,,,,,,,,,,,,,,,,,
2005-12-24,995.6,,997.8,2005-12-24T09:00:00,993.5,2005-12-24T15:00:00,14.9,20.5,2005-12-24T14:00:00,8.4,2005-12-24T04:00:00,7.9,64,52,2005-12-24T08:00:00,1.6,157.5,5.6,157.5,2005-12-24T04:00:00,0.0,,,,,7.5,7.01,1.0,,14.4,14.5,15.1,17.1,19.8,,,,,,,,,11.3,2005-12-24T23:59:59,,,,2.6,2005-12-24T06:00:00,,,,,,,,,,,,,,,,,,,,,,,,,86,2005-12-24T23:59:59,,,,,,,,,,,,,,,,,,,,,,,,,,,,,,,,,15.9,,,,,,,,,,,,,,,,,,,,,,,,,,,,,,,,,,,,,,,,,,,,,,,,,,,,,,,,,,,,,,,,,,,,,,,,,,,,,,,,,,,,,,,3.0,2005-12-24T06:00:00,,,,,,,,,,,,,,,,,,,,,,,,,,,,,,,,,,,,,,,,,,,,,,,,,,,,,,,,,,,,,,,,,,,,,,,,,,,,,,
2005-12-25,995.1,,996.6,2005-12-25T10:00:00,993.5,2005-12-25T14:00:00,15.5,19.7,2005-12-25T15:00:00,12.6,2005-12-25T23:59:59,12.4,82,70,2005-12-25T14:00:00,1.5,270.0,6.3,270.0,2005-12-25T09:00:00,0.0,,,,,2.0,4.02,0.4,,15.5,15.4,15.6,17.0,19.7,,,,,,,,,14.8,2005-12-25T11:00:00,,,,9.3,2005-12-25T07:00:00,,,,,,,,,,,,,,,,,,,,,,,,,99,2005-12-25T23:00:00,,,,,,,,,,,,,,,,,,,,,,,,,,,,,,,,,16.1,,,,,,,,,,,,,,,,,,,,,,,,,,,,,,,,,,,,,,,,,,,,,,,,,,,,,,,,,,,,,,,,,,,,,,,,,,,,,,,,,,,,,,,2.7,2005-12-25T10:00:00,,,,,,,,,,,,,,,,,,,,,,,,,,,,,,,,,,,,,,,,,,,,,,,,,,,,,,,,,,,,,,,,,,,,,,,,,,,,,,
2005-12-26,996.2,,998.1,2005-12-26T22:00:00,994.2,2005-12-26T02:00:00,14.7,17.1,2005-12-26T12:00:00,12.1,2005-12-26T06:00:00,12.4,86,76,2005-12-26T21:00:00,4.6,67.5,15.5,67.5,2005-12-26T21:00:00,0.0,,,,,0.0,2.79,2.0,,15.7,15.7,16.0,17.2,19.5,,,,,,,,,14.9,2005-12-26T10:00:00,,,,10.5,2005-12-26T21:00:00,,,,,,,,,,,,,,,,,,,,,,,,,100,2005-12-26T01:00:00,,,,,,,,,,,,,,,,,,,,,,,,,,,,,,,,,16.4,,,,,,,,,,,,,,,,,,,,,,,,,,,,,,,,,,,,,,,,,,,,,,,,,,,,,,,,,,,,,,,,,,,,,,,,,,,,,,,,,,,,,,,7.8,2005-12-26T20:00:00,,,,,,,,,,,,,,,,,,,,,,,,,,,,,,,,,,,,,,,,,,,,,,,,,,,,,,,,,,,,,,,,,,,,,,,,,,,,,,
2005-12-27,996.8,,997.8,2005-12-27T09:00:00,995.5,2005-12-27T15:00:00,15.3,18.0,2005-12-27T11:00:00,14.2,2005-12-27T06:00:00,12.4,83,76,2005-12-27T10:00:00,7.4,67.5,20.5,67.5,2005-12-27T18:00:00,0.0,,,,,5.4,6.1,2.3,,15.9,15.9,16.1,17.2,19.4,,,,,,,,,13.4,2005-12-27T11:00:00,,,,11.0,2005-12-27T02:00:00,,,,,,,,,,,,,,,,,,,,,,,,,90,2005-12-27T06:00:00,,,,,,,,,,,,,,,,,,,,,,,,,,,,,,,,,16.5,,,,,,,,,,,,,,,,,,,,,,,,,,,,,,,,,,,,,,,,,,,,,,,,,,,,,,,,,,,,,,,,,,,,,,,,,,,,,,,,,,,,,,,9.3,2005-12-27T12:00:00,,,,,,,,,,,,,,,,,,,,,,,,,,,,,,,,,,,,,,,,,,,,,,,,,,,,,,,,,,,,,,,,,,,,,,,,,,,,,,
2005-12-28,995.2,,996.2,2005-12-28T21:00:00,994.0,2005-12-28T05:00:00,17.4,20.7,2005-12-28T13:00:00,15.1,2005-12-28T01:00:00,15.9,91,76,2005-12-28T12:00:00,2.7,67.5,13.2,67.5,2005-12-28T01:00:00,7.5,,,,,0.0,2.56,0.0,,16.4,16.3,16.5,17.3,19.4,,,,,,,,,17.2,2005-12-28T17:00:00,,,,13.4,2005-12-28T01:00:00,,,,,,,,,,,,,,,,,,,,,,,,,100,2005-12-28T17:00:00,,,,,,,,,,,,,,,,,,,,,,,,,,,,,,,,,16.7,,,,,,,,,,,,,,,,,,,,,,,,,,,,,,,,,,,,,,,,,,,,,,,,,,,,,,,,,,,,,,,,,,,,,,,,,,,,,,,,,,,,,,,6.1,2005-12-28T01:00:00,,,,,,,,,,,,,,,,,,,,,,,,,,,,,,,,,,,,,,,,,,,,,,,,,,,,,,,,,,,,,,,,,,,,,,,,,,,,,,
2005-12-29,995.6,,996.8,2005-12-29T10:00:00,994.4,2005-12-29T15:00:00,17.0,18.1,2005-12-29T22:00:00,15.3,2005-12-29T08:00:00,17.5,100,100,2005-12-29T01:00:00,1.9,270.0,6.7,292.5,2005-12-29T08:00:00,4.5,,,,,0.0,1.18,0.0,,17.0,16.9,16.9,17.5,19.3,,,,,,,,,18.7,2005-12-29T22:00:00,,,,16.0,2005-12-29T07:00:00,,,,,,,,,,,,,,,,,,,,,,,,,100,2005-12-29T01:00:00,,,,,,,,,,,,,,,,,,,,,,,,,,,,,,,,,17.1,,,,,,,,,,,,,,,,,,,,,,,,,,,,,,,,,,,,,,,,,,,,,,,,,,,,,,,,,,,,,,,,,,,,,,,,,,,,,,,,,,,,,,,3.3,2005-12-29T07:00:00,,,,,,,,,,,,,,,,,,,,,,,,,,,,,,,,,,,,,,,,,,,,,,,,,,,,,,,,,,,,,,,,,,,,,,,,,,,,,,
2005-12-30,994.1,,995.4,2005-12-30T02:00:00,992.7,2005-12-30T14:00:00,18.5,19.8,2005-12-30T12:00:00,17.8,2005-12-30T06:00:00,18.9,100,100,2005-12-30T01:00:00,1.9,22.5,7.2,22.5,2005-12-30T11:00:00,8.5,,,,,0.0,1.42,0.0,,17.5,17.4,17.3,17.7,19.3,,,,,,,,,20.0,2005-12-30T12:00:00,,,,17.9,2005-12-30T23:59:59,,,,,,,,,,,,,,,,,,,,,,,,,100,2005-12-30T01:00:00,,,,,,,,,,,,,,,,,,,,,,,,,,,,,,,,,17.4,,,,,,,,,,,,,,,,,,,,,,,,,,,,,,,,,,,,,,,,,,,,,,,,,,,,,,,,,,,,,,,,,,,,,,,,,,,,,,,,,,,,,,,3.2,2005-12-30T11:00:00,,,,,,,,,,,,,,,,,,,,,,,,,,,,,,,,,,,,,,,,,,,,,,,,,,,,,,,,,,,,,,,,,,,,,,,,,,,,,,
2005-12-31,995.5,,997.1,2005-12-31T10:00:00,993.8,2005-12-31T03:00:00,16.5,17.8,2005-12-31T01:00:00,15.2,2005-12-31T08:00:00,16.4,98,90,2005-12-31T20:00:00,2.9,67.5,9.5,67.5,2005-12-31T22:00:00,7.5,,,,,0.0,1.61,0.0,,17.8,17.7,17.7,18.0,19.3,,,,,,,,,17.8,2005-12-31T01:00:00,,,,15.0,2005-12-31T22:00:00,,,,,,,,,,,,,,,,,,,,,,,,,100,2005-12-31T01:00:00,,,,,,,,,,,,,,,,,,,,,,,,,,,,,,,,,17.8,,,,,,,,,,,,,,,,,,,,,,,,,,,,,,,,,,,,,,,,,,,,,,,,,,,,,,,,,,,,,,,,,,,,,,,,,,,,,,,,,,,,,,,4.9,2005-12-31T20:00:00,,,,,,,,,,,,,,,,,,,,,,,,,,,,,,,,,,,,,,,,,,,,,,,,,,,,,,,,,,,,,,,,,,,,,,,,,,,,,,
