,StnPres,StnPresMax,StnPresMaxTime,StnPresMin,StnPresMinTime,Tx,TxMaxAbs,TxMaxAbsTime,TxMinAbs,TxMinAbsTime,RH,RHMin,RHMinTime,WS,WD,WSGust,WDGust,WGustTime,Precp,AirTemperature.MaximumTimef,AirTemperature.Maximumf,AirTemperature.Meanf,AirTemperature.MinimumTimef,AirTemperature.Minimumf,GlobalSolarRadiation.Accumulationf,GlobalSolarRadiation.HourlyMaximumTimef,GlobalSolarRadiation.HourlyMaximumf,GloblRad,GloblRadMax,GloblRadMaxTime,PeakGust.Directionf,PeakGust.MaximumTimef,PeakGust.Maximumf,Precipitation.Accumulationf,Precipitation.HourlyMaximum,Precipitation.HourlyMaximumTime,Precipitation.HourlyMaximumTimef,Precipitation.HourlyMaximumf,Precipitation.MeltFlag,Precipitation.MeltFlagf,RelativeHumidity.Maximum,RelativeHumidity.MaximumTime,RelativeHumidity.MaximumTimef,RelativeHumidity.Maximumf,RelativeHumidity.Meanf,RelativeHumidity.MinimumTimef,RelativeHumidity.Minimumf,SoilTemperatureAt0cm.Maximum,SoilTemperatureAt0cm.MaximumTime,SoilTemperatureAt0cm.MaximumTimef,SoilTemperatureAt0cm.Maximumf,SoilTemperatureAt0cm.Meanf,SoilTemperatureAt0cm.Minimum,SoilTemperatureAt0cm.MinimumTime,SoilTemperatureAt0cm.MinimumTimef,SoilTemperatureAt0cm.Minimumf,SoilTemperatureAt100cm.Maximum,SoilTemperatureAt100cm.MaximumTime,SoilTemperatureAt100cm.MaximumTimef,SoilTemperatureAt100cm.Maximumf,SoilTemperatureAt100cm.Meanf,SoilTemperatureAt100cm.Minimum,SoilTemperatureAt100cm.MinimumTime,SoilTemperatureAt100cm.MinimumTimef,SoilTemperatureAt100cm.Minimumf,SoilTemperatureAt10cm.Maximum,SoilTemperatureAt10cm.MaximumTime,SoilTemperatureAt10cm.MaximumTimef,SoilTemperatureAt10cm.Maximumf,SoilTemperatureAt10cm.Meanf,SoilTemperatureAt10cm.Minimum,SoilTemperatureAt10cm.MinimumTime,SoilTemperatureAt10cm.MinimumTimef,SoilTemperatureAt10cm.Minimumf,SoilTemperatureAt20cm.Maximum,SoilTemperatureAt20cm.MaximumTime,SoilTemperatureAt20cm.MaximumTimef,SoilTemperatureAt20cm.Maximumf,SoilTemperatureAt20cm.Meanf,SoilTemperatureAt20cm.Minimum,SoilTemperatureAt20cm.MinimumTime,SoilTemperatureAt20cm.MinimumTimef,SoilTemperatureAt20cm.Minimumf,SoilTemperatureAt50cm.Maximum,SoilTemperatureAt50cm.MaximumTime,SoilTemperatureAt50cm.MaximumTimef,SoilTemperatureAt50cm.Maximumf,SoilTemperatureAt50cm.Meanf,SoilTemperatureAt50cm.Minimum,SoilTemperatureAt50cm.MinimumTime,SoilTemperatureAt50cm.MinimumTimef,SoilTemperatureAt50cm.Minimumf,SoilTemperatureAt5cm.Maximum,SoilTemperatureAt5cm.MaximumTime,SoilTemperatureAt5cm.MaximumTimef,SoilTemperatureAt5cm.Maximumf,SoilTemperatureAt5cm.Meanf,SoilTemperatureAt5cm.Minimum,SoilTemperatureAt5cm.MinimumTime,SoilTemperatureAt5cm.MinimumTimef,SoilTemperatureAt5cm.Minimumf,StationPressure.MaximumTimef,StationPressure.Maximumf,StationPressure.Meanf,StationPressure.MinimumTimef,StationPressure.Minimumf,SunShine,SunshineDuration.Totalf,TxSoil0cm,TxSoil100cm,TxSoil10cm,TxSoil20cm,TxSoil50cm,TxSoil5cm,WindDirection.Prevailingf,WindSpeed.Meanf
2019-01-01,1017.7,1020.0,2019-01-01T09:00:00,1015.0,2019-01-01T14:32:00,17.7,22.8,2019-01-01T14:04:00,14.3,2019-01-01T04:03:00,80,60,2019-01-01T14:05:00,1.9,1,7.4,5,2019-01-01T16:11:00,0.0,,,,,,,,,,,,,,,,,,,,,,92,2019-01-01T04:09:00,,,,,,,,,,,,,,,,,,,,,,,,,,,,,,,,,,,,,,,,,,,,,,,,,,,,,,,,,,,,,,,,,,,,,,,,,,
2019-01-02,1017.5,1019.3,2019-01-02T09:13:00,1015.2,2019-01-02T14:36:00,18.3,21.1,2019-01-02T16:12:00,16.2,2019-01-02T06:06:00,81,71,2019-01-02T14:20:00,1.7,350,4.7,358,2019-01-02T19:03:00,0.0,,,,,,,,,,,,,,,,,,,,,,89,2019-01-02T06:42:00,,,,,,,,,,,,,,,,,,,,,,,,,,,,,,,,,,,,,,,,,,,,,,,,,,,,,,,,,,,,,,,,,,,,,,,,,,
2019-01-03,1017.6,1020.1,2019-01-03T09:27:00,1015.6,2019-01-03T15:37:00,19.2,23.5,2019-01-03T14:35:00,17.3,2019-01-03T07:01:00,87,71,2019-01-03T14:36:00,1.9,7,7.4,38,2019-01-03T13:56:00,0.0,,,,,,,,,,,,,,,,,,,,,,94,2019-01-03T07:00:00,,,,,,,,,,,,,,,,,,,,,,,,,,,,,,,,,,,,,,,,,,,,,,,,,,,,,,,,,,,,,,,,,,,,,,,,,,
2019-01-04,1016.8,1018.9,2019-01-04T09:14:00,1014.7,2019-01-04T14:31:00,20.3,26.8,2019-01-04T13:16:00,17.1,2019-01-04T05:41:00,85,60,2019-01-04T13:16:00,1.2,211,6.4,288,2019-01-04T15:12:00,0.0,,,,,,,,,,,,,,,,,,,,,,97,2019-01-04T07:10:00,,,,,,,,,,,,,,,,,,,,,,,,,,,,,,,,,,,,,,,,,,,,,,,,,,,,,,,,,,,,,,,,,,,,,,,,,,
2019-01-05,1014.7,1016.4,2019-01-05T00:50:00,1012.7,2019-01-05T14:59:00,21.5,27.4,2019-01-05T13:25:00,17.9,2019-01-05T06:18:00,82,51,2019-01-05T12:32:00,1.7,349,5.8,311,2019-01-05T16:50:00,0.0,,,,,,,,,,,,,,,,,,,,,,95,2019-01-05T08:42:00,,,,,,,,,,,,,,,,,,,,,,,,,,,,,,,,,,,,,,,,,,,,,,,,,,,,,,,,,,,,,,,,,,,,,,,,,,
2019-01-06,1014.7,1016.7,2019-01-06T09:47:00,1012.7,2019-01-06T15:15:00,19.9,23.8,2019-01-06T15:22:00,17.7,2019-01-06T07:42:00,82,66,2019-01-06T15:23:00,2.5,3,7.7,7,2019-01-06T04:30:00,0.0,,,,,,,,,,,,,,,,,,,,,,93,2019-01-06T02:30:00,,,,,,,,,,,,,,,,,,,,,,,,,,,,,,,,,,,,,,,,,,,,,,,,,,,,,,,,,,,,,,,,,,,,,,,,,,
2019-01-07,1014.6,1016.3,2019-01-07T09:17:00,1012.8,2019-01-07T14:25:00,20.3,26.0,2019-01-07T13:21:00,16.6,2019-01-07T05:51:00,82,60,2019-01-07T13:21:00,1.7,25,7.6,309,2019-01-07T14:24:00,0.0,,,,,,,,,,,,,,,,,,,,,,92,2019-01-07T06:32:00,,,,,,,,,,,,,,,,,,,,,,,,,,,,,,,,,,,,,,,,,,,,,,,,,,,,,,,,,,,,,,,,,,,,,,,,,,
2019-01-08,1014.5,1016.4,2019-01-08T09:26:00,1011.2,2019-01-08T15:05:00,20.8,25.0,2019-01-08T14:23:00,18.9,2019-01-08T23:54:00,82,65,2019-01-08T15:16:00,2.5,349,7.3,356,2019-01-08T16:54:00,0.0,,,,,,,,,,,,,,,,,,,,,,93,2019-01-08T05:19:00,,,,,,,,,,,,,,,,,,,,,,,,,,,,,,,,,,,,,,,,,,,,,,,,,,,,,,,,,,,,,,,,,,,,,,,,,,
2019-01-09,1015.4,1017.6,2019-01-09T09:24:00,1013.2,2019-01-09T15:51:00,20.1,25.2,2019-01-09T14:57:00,17.7,2019-01-09T07:18:00,81,62,2019-01-09T14:57:00,2.0,5,6.5,356,2019-01-09T16:24:00,0.0,,,,,,,,,,,,,,,,,,,,,,91,2019-01-09T04:25:00,,,,,,,,,,,,,,,,,,,,,,,,,,,,,,,,,,,,,,,,,,,,,,,,,,,,,,,,,,,,,,,,,,,,,,,,,,
2019-01-10,1014.3,1016.1,2019-01-10T09:23:00,1012.3,2019-01-10T14:26:00,20.4,25.2,2019-01-10T14:21:00,18.4,2019-01-10T01:43:00,84,66,2019-01-10T14:18:00,1.6,356,5.7,304,2019-01-10T12:43:00,0.0,,,,,,,,,,,,,,,,,,,,,,93,2019-01-10T21:36:00,,,,,,,,,,,,,,,,,,,,,,,,,,,,,,,,,,,,,,,,,,,,,,,,,,,,,,,,,,,,,,,,,,,,,,,,,,
2019-01-11,1013.0,1014.8,2019-01-11T09:02:00,1010.6,2019-01-11T14:16:00,21.1,27.0,2019-01-11T12:56:00,19.0,2019-01-11T01:17:00,85,63,2019-01-11T13:08:00,1.4,321,6.1,295,2019-01-11T15:12:00,0.0,,,,,,,,,,,,,,,,,,,,,,94,2019-01-11T01:20:00,,,,,,,,,,,,,,,,,,,,,,,,,,,,,,,,,,,,,,,,,,,,,,,,,,,,,,,,,,,,,,,,,,,,,,,,,,
2019-01-12,1012.4,1013.7,2019-01-12T08:37:00,1010.9,2019-01-12T14:50:00,20.9,26.4,2019-01-12T13:40:00,17.6,2019-01-12T07:09:00,83,60,2019-01-12T14:18:00,1.6,21,6.8,330,2019-01-12T13:26:00,0.0,,,,,,,,,,,,,,,,,,,,,,98,2019-01-12T08:16:00,,,,,,,,,,,,,,,,,,,,,,,,,,,,,,,,,,,,,,,,,,,,,,,,,,,,,,,,,,,,,,,,,,,,,,,,,,
2019-01-13,1012.5,1014.4,2019-01-13T08:50:00,1010.4,2019-01-13T14:58:00,19.7,24.4,2019-01-13T12:27:00,17.4,2019-01-13T06:54:00,79,62,2019-01-13T13:59:00,2.6,1,7.4,353,2019-01-13T16:56:00,0.0,,,,,,,,,,,,,,,,,,,,,,89,2019-01-13T00:45:00,,,,,,,,,,,,,,,,,,,,,,,,,,,,,,,,,,,,,,,,,,,,,,,,,,,,,,,,,,,,,,,,,,,,,,,,,,
2019-01-14,1011.9,1013.8,2019-01-14T09:20:00,1009.5,2019-01-14T14:51:00,19.6,25.2,2019-01-14T13:09:00,16.9,2019-01-14T07:01:00,77,56,2019-01-14T13:10:00,2.1,341,7.2,338,2019-01-14T15:18:00,0.0,,,,,,,,,,,,,,,,,,,,,,88,2019-01-14T05:28:00,,,,,,,,,,,,,,,,,,,,,,,,,,,,,,,,,,,,,,,,,,,,,,,,,,,,,,,,,,,,,,,,,,,,,,,,,,
2019-01-15,1012.4,1013.9,2019-01-15T09:11:00,1010.5,2019-01-15T15:07:00,19.5,24.6,2019-01-15T12:20:00,17.5,2019-01-15T06:11:00,84,62,2019-01-15T12:20:00,2.3,351,8.4,4,2019-01-15T16:35:00,0.0,,,,,,,,,,,,,,,,,,,,,,92,2019-01-15T02:42:00,,,,,,,,,,,,,,,,,,,,,,,,,,,,,,,,,,,,,,,,,,,,,,,,,,,,,,,,,,,,,,,,,,,,,,,,,,
2019-01-16,1013.0,1014.7,2019-01-16T23:54:00,1011.2,2019-01-16T14:43:00,16.9,18.6,2019-01-16T00:02:00,15.9,2019-01-16T21:43:00,91,83,2019-01-16T14:42:00,2.7,1,7.6,11,2019-01-16T22:55:00,3.0,,,,,,,,,,,,,,,,,,,,,,96,2019-01-16T18:49:00,,,,,,,,,,,,,,,,,,,,,,,,,,,,,,,,,,,,,,,,,,,,,,,,,,,,,,,,,,,,,,,,,,,,,,,,,,
2019-01-17,1014.7,1016.2,2019-01-17T21:41:00,1012.2,2019-01-17T04:20:00,15.8,19.2,2019-01-17T15:35:00,14.2,2019-01-17T07:22:00,84,70,2019-01-17T15:35:00,3.2,357,9.4,350,2019-01-17T17:27:00,1.5,,,,,,,,,,,,,,,,,,,,,,96,2019-01-17T03:53:00,,,,,,,,,,,,,,,,,,,,,,,,,,,,,,,,,,,,,,,,,,,,,,,,,,,,,,,,,,,,,,,,,,,,,,,,,,
2019-01-18,1015.3,1017.5,2019-01-18T09:03:00,1013.0,2019-01-18T15:19:00,17.3,24.0,2019-01-18T15:13:00,14.1,2019-01-18T06:11:00,78,57,2019-01-18T15:13:00,1.3,1,6.2,312,2019-01-18T16:28:00,0.0,,,,,,,,,,,,,,,,,,,,,,91,2019-01-18T22:58:00,,,,,,,,,,,,,,,,,,,,,,,,,,,,,,,,,,,,,,,,,,,,,,,,,,,,,,,,,,,,,,,,,,,,,,,,,,
2019-01-19,1014.3,1016.0,2019-01-19T01:12:00,1012.5,2019-01-19T15:59:00,18.4,22.1,2019-01-19T16:04:00,15.0,2019-01-19T03:13:00,79,58,2019-01-19T13:55:00,1.6,333,5.9,4,2019-01-19T12:10:00,0.0,,,,,,,,,,,,,,,,,,,,,,94,2019-01-19T06:47:00,,,,,,,,,,,,,,,,,,,,,,,,,,,,,,,,,,,,,,,,,,,,,,,,,,,,,,,,,,,,,,,,,,,,,,,,,,
2019-01-20,1013.1,1014.8,2019-01-20T09:04:00,1011.4,2019-01-20T15:30:00,19.1,23.2,2019-01-20T14:12:00,17.0,2019-01-20T23:21:00,82,64,2019-01-20T12:44:00,2.0,2,7.1,4,2019-01-20T19:35:00,0.0,,,,,,,,,,,,,,,,,,,,,,92,2019-01-20T05:34:00,,,,,,,,,,,,,,,,,,,,,,,,,,,,,,,,,,,,,,,,,,,,,,,,,,,,,,,,,,,,,,,,,,,,,,,,,,
2019-01-21,1014.2,1016.0,2019-01-21T09:20:00,1012.4,2019-01-21T03:46:00,15.7,19.4,2019-01-21T14:51:00,13.9,2019-01-21T07:34:00,82,68,2019-01-21T14:57:00,3.1,1,8.6,340,2019-01-21T16:40:00,1.5,,,,,,,,,,,,,,,,,,,,,,89,2019-01-21T05:36:00,,,,,,,,,,,,,,,,,,,,,,,,,,,,,,,,,,,,,,,,,,,,,,,,,,,,,,,,,,,,,,,,,,,,,,,,,,
2019-01-22,1014.6,1016.2,2019-01-22T10:08:00,1013.2,2019-01-22T16:04:00,14.8,17.4,2019-01-22T15:51:00,11.9,2019-01-23T00:00:00,74,60,2019-01-22T16:30:00,3.0,2,9.6,334,2019-01-22T14:46:00,0.0,,,,,,,,,,,,,,,,,,,,,,87,2019-01-22T01:24:00,,,,,,,,,,,,,,,,,,,,,,,,,,,,,,,,,,,,,,,,,,,,,,,,,,,,,,,,,,,,,,,,,,,,,,,,,,
2019-01-23,1013.8,1015.7,2019-01-23T09:14:00,1012.1,2019-01-23T15:35:00,15.3,21.5,2019-01-23T13:33:00,10.7,2019-01-23T03:41:00,73,48,2019-01-23T13:33:00,1.4,11,6.4,317,2019-01-23T14:31:00,0.0,,,,,,,,,,,,,,,,,,,,,,87,2019-01-23T02:55:00,,,,,,,,,,,,,,,,,,,,,,,,,,,,,,,,,,,,,,,,,,,,,,,,,,,,,,,,,,,,,,,,,,,,,,,,,,
2019-01-24,1013.9,1015.6,2019-01-24T09:04:00,1012.0,2019-01-24T15:08:00,16.6,23.1,2019-01-24T14:14:00,11.7,2019-01-24T06:54:00,76,48,2019-01-24T13:01:00,1.4,346,6.8,310,2019-01-24T13:53:00,0.0,,,,,,,,,,,,,,,,,,,,,,91,2019-01-24T07:05:00,,,,,,,,,,,,,,,,,,,,,,,,,,,,,,,,,,,,,,,,,,,,,,,,,,,,,,,,,,,,,,,,,,,,,,,,,,
2019-01-25,1014.9,1016.3,2019-01-25T09:17:00,1012.9,2019-01-25T14:58:00,16.8,23.3,2019-01-25T14:52:00,12.5,2019-01-25T06:58:00,79,46,2019-01-25T13:09:00,1.7,8,7.2,316,2019-01-25T15:17:00,0.0,,,,,,,,,,,,,,,,,,,,,,93,2019-01-25T05:45:00,,,,,,,,,,,,,,,,,,,,,,,,,,,,,,,,,,,,,,,,,,,,,,,,,,,,,,,,,,,,,,,,,,,,,,,,,,
2019-01-26,1016.2,1017.7,2019-01-26T23:32:00,1014.4,2019-01-26T14:37:00,15.5,20.4,2019-01-26T12:42:00,12.3,2019-01-26T06:01:00,70,49,2019-01-26T12:36:00,2.8,5,9.6,349,2019-01-26T15:17:00,0.0,,,,,,,,,,,,,,,,,,,,,,93,2019-01-26T03:09:00,,,,,,,,,,,,,,,,,,,,,,,,,,,,,,,,,,,,,,,,,,,,,,,,,,,,,,,,,,,,,,,,,,,,,,,,,,
2019-01-27,1017.2,1019.8,2019-01-27T09:28:00,1015.4,2019-01-27T16:02:00,16.0,20.5,2019-01-27T14:11:00,13.7,2019-01-27T05:25:00,65,51,2019-01-27T13:04:00,2.1,2,6.1,309,2019-01-27T14:48:00,0.0,,,,,,,,,,,,,,,,,,,,,,81,2019-01-27T23:49:00,,,,,,,,,,,,,,,,,,,,,,,,,,,,,,,,,,,,,,,,,,,,,,,,,,,,,,,,,,,,,,,,,,,,,,,,,,
2019-01-28,1015.6,1017.8,2019-01-28T09:28:00,1013.8,2019-01-28T15:39:00,16.8,23.6,2019-01-28T13:32:00,11.8,2019-01-28T06:53:00,75,44,2019-01-28T13:49:00,1.3,21,6.1,304,2019-01-28T14:15:00,0.0,,,,,,,,,,,,,,,,,,,,,,90,2019-01-28T06:58:00,,,,,,,,,,,,,,,,,,,,,,,,,,,,,,,,,,,,,,,,,,,,,,,,,,,,,,,,,,,,,,,,,,,,,,,,,,
2019-01-29,1015.7,1017.3,2019-01-29T09:00:00,1013.6,2019-01-29T14:28:00,17.3,24.2,2019-01-29T12:52:00,12.9,2019-01-29T06:21:00,78,45,2019-01-29T12:58:00,1.5,353,6.8,319,2019-01-29T13:31:00,0.0,,,,,,,,,,,,,,,,,,,,,,93,2019-01-29T06:05:00,,,,,,,,,,,,,,,,,,,,,,,,,,,,,,,,,,,,,,,,,,,,,,,,,,,,,,,,,,,,,,,,,,,,,,,,,,
2019-01-30,1015.2,1018.2,2019-01-30T10:02:00,1012.8,2019-01-30T15:30:00,19.0,26.0,2019-01-30T15:04:00,13.8,2019-01-30T03:55:00,74,39,2019-01-30T15:55:00,1.5,347,7.6,338,2019-01-30T14:26:00,0.0,,,,,,,,,,,,,,,,,,,,,,98,2019-01-30T07:46:00,,,,,,,,,,,,,,,,,,,,,,,,,,,,,,,,,,,,,,,,,,,,,,,,,,,,,,,,,,,,,,,,,,,,,,,,,,
2019-01-31,1013.2,1015.7,2019-01-31T10:19:00,1011.4,2019-01-31T14:57:00,21.7,28.8,2019-01-31T14:03:00,16.3,2019-01-31T04:25:00,62,38,2019-01-31T14:04:00,2.0,352,8.2,334,2019-01-31T15:29:00,0.0,,,,,,,,,,,,,,,,,,,,,,82,2019-01-31T23:35:00,,,,,,,,,,,,,,,,,,,,,,,,,,,,,,,,,,,,,,,,,,,,,,,,,,,,,,,,,,,,,,,,,,,,,,,,,,
2019-02-01,1015.6,1018.1,2019-02-01T10:04:00,1013.9,2019-02-01T16:00:00,16.7,19.3,2019-02-01T16:10:00,14.5,2019-02-01T06:18:00,71,60,2019-02-01T13:02:00,2.6,354,8.3,357,2019-02-01T12:52:00,0.0,,,,,,,,,,,,,,,,,,,,,,82,2019-02-01T00:19:00,,,,,,,,,,,,,,,,,,,,,,,,,,,,,,,,,,,,,,,,,,,,,,,,,,,,,,,,,,,,,,,,,,,,,,,,,,
2019-02-02,1013.4,1015.6,2019-02-02T00:02:00,1010.7,2019-02-02T16:08:00,18.3,25.1,2019-02-02T14:23:00,14.1,2019-02-02T07:13:00,77,57,2019-02-02T12:42:00,1.3,2,5.3,321,2019-02-02T15:47:00,0.0,,,,,,,,,,,,,,,,,,,,,,90,2019-02-02T23:45:00,,,,,,,,,,,,,,,,,,,,,,,,,,,,,,,,,,,,,,,,,,,,,,,,,,,,,,,,,,,,,,,,,,,,,,,,,,
2019-02-03,1012.0,1013.3,2019-02-03T09:46:00,1010.2,2019-02-03T13:42:00,22.2,31.3,2019-02-03T13:30:00,16.0,2019-02-03T04:03:00,78,40,2019-02-03T12:58:00,1.4,297,9.7,287,2019-02-03T14:23:00,0.0,,,,,,,,,,,,,,,,,,,,,,92,2019-02-03T23:32:00,,,,,,,,,,,,,,,,,,,,,,,,,,,,,,,,,,,,,,,,,,,,,,,,,,,,,,,,,,,,,,,,,,,,,,,,,,
2019-02-04,1012.6,1014.8,2019-02-04T09:50:00,1010.8,2019-02-04T15:05:00,21.0,24.9,2019-02-04T13:26:00,18.0,2019-02-04T20:55:00,82,65,2019-02-04T14:36:00,1.7,334,7.3,319,2019-02-04T16:31:00,0.0,,,,,,,,,,,,,,,,,,,,,,94,2019-02-04T05:12:00,,,,,,,,,,,,,,,,,,,,,,,,,,,,,,,,,,,,,,,,,,,,,,,,,,,,,,,,,,,,,,,,,,,,,,,,,,
2019-02-05,1011.4,1013.5,2019-02-05T09:25:00,1008.6,2019-02-05T15:31:00,19.8,25.4,2019-02-05T15:11:00,17.2,2019-02-05T05:41:00,80,59,2019-02-05T14:31:00,1.4,320,6.0,328,2019-02-05T16:40:00,0.0,,,,,,,,,,,,,,,,,,,,,,88,2019-02-05T23:53:00,,,,,,,,,,,,,,,,,,,,,,,,,,,,,,,,,,,,,,,,,,,,,,,,,,,,,,,,,,,,,,,,,,,,,,,,,,
2019-02-06,1009.3,1012.0,2019-02-06T00:08:00,1007.3,2019-02-06T14:59:00,21.2,27.4,2019-02-06T13:53:00,16.4,2019-02-06T06:56:00,79,55,2019-02-06T13:53:00,1.2,42,6.0,303,2019-02-06T15:14:00,0.0,,,,,,,,,,,,,,,,,,,,,,93,2019-02-06T06:00:00,,,,,,,,,,,,,,,,,,,,,,,,,,,,,,,,,,,,,,,,,,,,,,,,,,,,,,,,,,,,,,,,,,,,,,,,,,
2019-02-07,1010.0,1012.6,2019-02-07T08:55:00,1007.0,2019-02-07T15:14:00,23.0,30.4,2019-02-07T12:48:00,17.2,2019-02-07T06:23:00,70,26,2019-02-07T12:49:00,1.2,1,7.1,296,2019-02-07T16:14:00,0.0,,,,,,,,,,,,,,,,,,,,,,91,2019-02-07T06:26:00,,,,,,,,,,,,,,,,,,,,,,,,,,,,,,,,,,,,,,,,,,,,,,,,,,,,,,,,,,,,,,,,,,,,,,,,,,
2019-02-08,1011.1,1012.8,2019-02-08T20:58:00,1008.6,2019-02-08T15:13:00,19.8,24.2,2019-02-08T13:07:00,17.7,2019-02-08T05:25:00,75,55,2019-02-08T12:26:00,2.7,9,7.9,309,2019-02-08T13:42:00,0.0,,,,,,,,,,,,,,,,,,,,,,91,2019-02-08T00:18:00,,,,,,,,,,,,,,,,,,,,,,,,,,,,,,,,,,,,,,,,,,,,,,,,,,,,,,,,,,,,,,,,,,,,,,,,,,
2019-02-09,1013.2,1015.6,2019-02-09T22:38:00,1011.1,2019-02-09T04:07:00,19.4,24.3,2019-02-09T13:05:00,16.4,2019-02-09T06:52:00,75,59,2019-02-09T13:10:00,2.1,1,7.6,7,2019-02-09T17:16:00,0.0,,,,,,,,,,,,,,,,,,,,,,87,2019-02-09T06:52:00,,,,,,,,,,,,,,,,,,,,,,,,,,,,,,,,,,,,,,,,,,,,,,,,,,,,,,,,,,,,,,,,,,,,,,,,,,
2019-02-10,1016.1,1018.1,2019-02-10T22:23:00,1014.2,2019-02-10T03:10:00,19.2,25.1,2019-02-10T15:19:00,15.7,2019-02-10T05:43:00,76,56,2019-02-10T14:35:00,2.3,3,6.5,19,2019-02-10T16:08:00,0.0,,,,,,,,,,,,,,,,,,,,,,85,2019-02-10T05:42:00,,,,,,,,,,,,,,,,,,,,,,,,,,,,,,,,,,,,,,,,,,,,,,,,,,,,,,,,,,,,,,,,,,,,,,,,,,
2019-02-11,1017.9,1019.1,2019-02-11T09:51:00,1016.4,2019-02-11T15:39:00,18.7,23.6,2019-02-11T13:30:00,16.4,2019-02-11T23:51:00,76,57,2019-02-11T13:30:00,2.4,355,8.4,349,2019-02-11T14:02:00,0.0,,,,,,,,,,,,,,,,,,,,0.0,,89,2019-02-11T06:36:00,,,,,,,,,,,,,,,,,,,,,,,,,,,,,,,,,,,,,,,,,,,,,,,,,,,,,,,,,,,,,,,,,,,,,,,,,,
2019-02-12,1017.6,1019.2,2019-02-12T09:34:00,1015.5,2019-02-12T15:37:00,20.1,25.6,2019-02-12T13:48:00,15.4,2019-02-12T03:20:00,77,58,2019-02-12T12:08:00,2.0,1,7.1,22,2019-02-12T11:41:00,0.0,,,,,,,,,,,,,,,,,,,,0.0,,89,2019-02-12T05:29:00,,,,,,,,,,,,,,,,,,,,,,,,,,,,,,,,,,,,,,,,,,,,,,,,,,,,,,,,,,,,,,,,,,,,,,,,,,
2019-02-13,1015.8,1017.9,2019-02-13T09:18:00,1013.3,2019-02-13T16:01:00,21.5,26.6,2019-02-13T13:18:00,18.5,2019-02-13T04:07:00,78,56,2019-02-13T11:34:00,2.3,352,8.0,15,2019-02-13T14:00:00,0.0,,,,,,,,,,,,,,,,,,,,0.0,,93,2019-02-13T05:16:00,,,,,,,,,,,,,,,,,,,,,,,,,,,,,,,,,,,,,,,,,,,,,,,,,,,,,,,,,,,,,,,,,,,,,,,,,,
2019-02-14,1015.2,1017.1,2019-02-14T09:12:00,1013.2,2019-02-14T14:05:00,21.4,27.2,2019-02-14T13:00:00,18.5,2019-02-14T23:51:00,76,56,2019-02-14T12:50:00,2.3,358,8.2,352,2019-02-14T15:23:00,0.0,,,,,,,,,,,,,,,,,,,,0.0,,89,2019-02-14T23:38:00,,,,,,,,,,,,,,,,,,,,,,,,,,,,,,,,,,,,,,,,,,,,,,,,,,,,,,,,,,,,,,,,,,,,,,,,,,
2019-02-15,1014.4,1016.4,2019-02-15T09:07:00,1012.0,2019-02-15T15:36:00,21.7,27.7,2019-02-15T13:31:00,17.6,2019-02-15T06:31:00,78,53,2019-02-15T13:02:00,1.5,3,7.1,317,2019-02-15T15:35:00,0.0,,,,,,,,,,,,,,,,,,,,0.0,,92,2019-02-15T05:30:00,,,,,,,,,,,,,,,,,,,,,,,,,,,,,,,,,,,,,,,,,,,,,,,,,,,,,,,,,,,,,,,,,,,,,,,,,,
2019-02-16,1013.1,1015.2,2019-02-16T08:43:00,1011.2,2019-02-16T14:34:00,21.1,27.0,2019-02-16T11:29:00,17.6,2019-02-17T00:00:00,80,57,2019-02-16T12:15:00,1.9,356,8.1,328,2019-02-16T13:19:00,0.0,,,,,,,,,,,,,,,,,,,,0.0,,93,2019-02-16T04:57:00,,,,,,,,,,,,,,,,,,,,,,,,,,,,,,,,,,,,,,,,,,,,,,,,,,,,,,,,,,,,,,,,,,,,,,,,,,
2019-02-17,1012.8,1014.6,2019-02-17T08:30:00,1010.4,2019-02-17T15:18:00,19.1,24.0,2019-02-17T14:32:00,16.3,2019-02-17T07:29:00,77,59,2019-02-17T13:06:00,2.3,2,7.1,14,2019-02-17T18:52:00,0.0,,,,,,,,,,,,,,,,,,,,0.0,,86,2019-02-17T07:02:00,,,,,,,,,,,,,,,,,,,,,,,,,,,,,,,,,,,,,,,,,,,,,,,,,,,,,,,,,,,,,,,,,,,,,,,,,,
2019-02-18,1010.7,1013.1,2019-02-18T00:52:00,1007.5,2019-02-18T15:19:00,20.4,25.7,2019-02-18T14:08:00,17.3,2019-02-18T05:33:00,81,61,2019-02-18T13:32:00,1.2,348,5.9,291,2019-02-18T15:00:00,0.0,,,,,,,,,,,,,,,,,,,,0.0,,91,2019-02-18T23:59:00,,,,,,,,,,,,,,,,,,,,,,,,,,,,,,,,,,,,,,,,,,,,,,,,,,,,,,,,,,,,,,,,,,,,,,,,,,
2019-02-19,1012.7,1015.0,2019-02-19T21:33:00,1010.8,2019-02-19T05:14:00,22.7,26.8,2019-02-19T14:22:00,17.5,2019-02-19T02:29:00,85,69,2019-02-19T14:08:00,1.1,12,9.4,334,2019-02-19T01:42:00,4.5,,,,,,,,,,,,,,,,,,,,0.0,,97,2019-02-19T02:33:00,,,,,,,,,,,,,,,,,,,,,,,,,,,,,,,,,,,,,,,,,,,,,,,,,,,,,,,,,,,,,,,,,,,,,,,,,,
2019-02-20,1014.4,1016.4,2019-02-20T09:27:00,1012.7,2019-02-20T14:20:00,23.1,29.1,2019-02-20T13:00:00,20.3,2019-02-20T06:39:00,86,61,2019-02-20T13:00:00,1.3,349,8.2,298,2019-02-20T13:37:00,0.0,,,,,,,,,,,,,,,,,,,,0.0,,97,2019-02-20T07:49:00,,,,,,,,,,,,,,,,,,,,,,,,,,,,,,,,,,,,,,,,,,,,,,,,,,,,,,,,,,,,,,,,,,,,,,,,,,
2019-02-21,1012.8,1015.2,2019-02-21T00:01:00,1010.6,2019-02-21T16:48:00,21.3,25.9,2019-02-21T15:13:00,18.5,2019-02-21T21:23:00,88,69,2019-02-21T15:14:00,1.5,356,8.3,20,2019-02-21T19:50:00,0.0,,,,,,,,,,,,,,,,,,,,0.0,,98,2019-02-21T06:25:00,,,,,,,,,,,,,,,,,,,,,,,,,,,,,,,,,,,,,,,,,,,,,,,,,,,,,,,,,,,,,,,,,,,,,,,,,,
2019-02-22,1011.5,1013.2,2019-02-22T09:18:00,1009.6,2019-02-22T14:31:00,19.7,24.4,2019-02-22T11:38:00,16.9,2019-02-22T23:54:00,84,70,2019-02-22T11:38:00,2.6,350,9.1,346,2019-02-22T17:06:00,0.0,,,,,,,,,,,,,,,,,,,,0.0,,94,2019-02-22T03:25:00,,,,,,,,,,,,,,,,,,,,,,,,,,,,,,,,,,,,,,,,,,,,,,,,,,,,,,,,,,,,,,,,,,,,,,,,,,
2019-02-23,1011.0,1012.7,2019-02-23T00:28:00,1008.3,2019-02-23T14:42:00,17.6,20.8,2019-02-23T15:00:00,15.9,2019-02-23T06:36:00,74,62,2019-02-23T15:33:00,2.3,356,6.5,355,2019-02-23T19:30:00,0.0,,,,,,,,,,,,,,,,,,,,0.0,,87,2019-02-23T00:08:00,,,,,,,,,,,,,,,,,,,,,,,,,,,,,,,,,,,,,,,,,,,,,,,,,,,,,,,,,,,,,,,,,,,,,,,,,,
2019-02-24,1010.3,1012.0,2019-02-24T10:04:00,1009.0,2019-02-24T13:43:00,16.7,18.3,2019-02-24T13:59:00,15.5,2019-02-24T03:21:00,89,77,2019-02-24T00:16:00,2.0,6,8.2,336,2019-02-24T14:27:00,5.0,,,,,,,,,,,,,,,,,,,,0.0,,97,2019-02-24T19:35:00,,,,,,,,,,,,,,,,,,,,,,,,,,,,,,,,,,,,,,,,,,,,,,,,,,,,,,,,,,,,,,,,,,,,,,,,,,
2019-02-25,1011.0,1013.3,2019-02-25T23:37:00,1008.7,2019-02-25T15:08:00,19.1,24.8,2019-02-25T14:54:00,16.0,2019-02-25T06:53:00,81,59,2019-02-25T14:17:00,2.3,355,7.6,343,2019-02-25T17:57:00,0.0,,,,,,,,,,,,,,,,,,,,0.0,,94,2019-02-25T01:00:00,,,,,,,,,,,,,,,,,,,,,,,,,,,,,,,,,,,,,,,,,,,,,,,,,,,,,,,,,,,,,,,,,,,,,,,,,,
2019-02-26,1011.8,1013.8,2019-02-26T09:54:00,1009.7,2019-02-26T15:25:00,20.1,26.0,2019-02-26T15:50:00,16.4,2019-02-26T06:47:00,79,60,2019-02-26T15:51:00,1.7,309,6.4,304,2019-02-26T17:51:00,0.0,,,,,,,,,,,,,,,,,,,,0.0,,91,2019-02-26T06:29:00,,,,,,,,,,,,,,,,,,,,,,,,,,,,,,,,,,,,,,,,,,,,,,,,,,,,,,,,,,,,,,,,,,,,,,,,,,
2019-02-27,1010.4,1012.8,2019-02-27T08:03:00,1007.3,2019-02-27T16:18:00,21.2,25.6,2019-02-27T14:44:00,17.4,2019-02-27T04:51:00,78,61,2019-02-27T14:44:00,1.8,14,6.2,318,2019-02-27T12:13:00,0.0,,,,,,,,,,,,,,,,,,,,0.0,,94,2019-02-27T04:29:00,,,,,,,,,,,,,,,,,,,,,,,,,,,,,,,,,,,,,,,,,,,,,,,,,,,,,,,,,,,,,,,,,,,,,,,,,,
2019-02-28,1009.8,1011.5,2019-02-28T22:05:00,1007.7,2019-02-28T14:59:00,21.6,25.5,2019-02-28T11:29:00,19.0,2019-02-28T23:55:00,80,65,2019-02-28T11:17:00,1.9,4,7.8,301,2019-02-28T11:31:00,0.0,,,,,,,,,,,,,,,,,,,,0.0,,93,2019-02-28T06:47:00,,,,,,,,,,,,,,,,,,,,,,,,,,,,,,,,,,,,,,,,,,,,,,,,,,,,,,,,,,,,,,,,,,,,,,,,,,
2019-03-01,1011.0,1012.5,2019-03-01T09:18:00,1009.7,2019-03-01T14:50:00,20.4,26.2,2019-03-01T13:06:00,17.8,2019-03-01T04:51:00,81,61,2019-03-01T13:05:00,1.9,351,7.7,276,2019-03-01T14:49:00,0.0,,,,,,,,,,,,,,,,,,,,0,,92,2019-03-01T22:46:00,,,,,,,,,,,,,,,,,,,,,,,,,,,,,,,,,,,,,,,,,,,,,,,,,,,,,,,,,,,,,,,,,,,,,,,,,,
2019-03-02,1007.9,1010.8,2019-03-02T00:02:00,1005.9,2019-03-02T15:56:00,22.1,26.4,2019-03-02T14:13:00,19.2,2019-03-02T05:25:00,81,65,2019-03-02T16:16:00,1.3,340,5.9,301,2019-03-02T13:27:00,0.0,,,,,,,,,,,,,,,,,,,,0,,92,2019-03-02T05:17:00,,,,,,,,,,,,,,,,,,,,,,,,,,,,,,,,,,,,,,,,,,,,,,,,,,,,,,,,,,,,,,,,,,,,,,,,,,
2019-03-03,1005.8,1008.3,2019-03-03T23:55:00,1003.3,2019-03-03T04:27:00,21.1,28.0,2019-03-03T11:11:00,18.4,2019-03-03T12:28:00,81,52,2019-03-03T10:35:00,1.9,4,10.9,359,2019-03-03T12:26:00,1.0,,,,,,,,,,,,,,,,,,,,0,,95,2019-03-03T12:09:00,,,,,,,,,,,,,,,,,,,,,,,,,,,,,,,,,,,,,,,,,,,,,,,,,,,,,,,,,,,,,,,,,,,,,,,,,,
2019-03-04,1009.1,1010.8,2019-03-04T10:29:00,1007.0,2019-03-04T03:01:00,20.2,25.0,2019-03-04T14:27:00,16.2,2019-03-04T05:03:00,78,57,2019-03-04T11:49:00,1.8,340,6.8,303,2019-03-04T15:32:00,0.0,,,,,,,,,,,,,,,,,,,,0,,94,2019-03-04T07:43:00,,,,,,,,,,,,,,,,,,,,,,,,,,,,,,,,,,,,,,,,,,,,,,,,,,,,,,,,,,,,,,,,,,,,,,,,,,
2019-03-05,1008.1,1010.2,2019-03-05T00:01:00,1005.4,2019-03-05T14:31:00,20.9,27.1,2019-03-05T13:22:00,16.8,2019-03-05T22:25:00,80,55,2019-03-05T12:54:00,1.7,25,9.9,2,2019-03-05T19:29:00,3.0,,,,,,,,,,,,,,,,,,,,0,,95,2019-03-05T22:55:00,,,,,,,,,,,,,,,,,,,,,,,,,,,,,,,,,,,,,,,,,,,,,,,,,,,,,,,,,,,,,,,,,,,,,,,,,,
2019-03-06,1008.6,1010.8,2019-03-06T20:43:00,1006.3,2019-03-06T15:13:00,21.0,28.4,2019-03-06T12:34:00,17.3,2019-03-06T02:29:00,81,49,2019-03-06T12:48:00,2.7,15,10.0,330,2019-03-06T12:57:00,7.0,,,,,,,,,,,,,,,,,,,,0,,96,2019-03-06T02:39:00,,,,,,,,,,,,,,,,,,,,,,,,,,,,,,,,,,,,,,,,,,,,,,,,,,,,,,,,,,,,,,,,,,,,,,,,,,
2019-03-07,1010.9,1013.0,2019-03-07T23:42:00,1009.2,2019-03-07T02:55:00,14.7,18.6,2019-03-07T00:16:00,12.5,2019-03-07T23:59:00,96,90,2019-03-07T02:32:00,2.3,9,7.1,334,2019-03-07T17:30:00,52.5,,,,,,,,,,,,,,,,,,,,0,,98,2019-03-07T20:47:00,,,,,,,,,,,,,,,,,,,,,,,,,,,,,,,,,,,,,,,,,,,,,,,,,,,,,,,,,,,,,,,,,,,,,,,,,,
2019-03-08,1011.1,1014.2,2019-03-08T09:09:00,1009.0,2019-03-08T17:24:00,15.4,20.2,2019-03-08T15:35:00,12.0,2019-03-08T04:31:00,93,81,2019-03-08T15:36:00,1.8,348,5.6,330,2019-03-08T15:37:00,13.5,,,,,,,,,,,,,,,,,,,,0,,98,2019-03-08T00:44:00,,,,,,,,,,,,,,,,,,,,,,,,,,,,,,,,,,,,,,,,,,,,,,,,,,,,,,,,,,,,,,,,,,,,,,,,,,
2019-03-09,1006.7,1010.0,2019-03-09T01:05:00,1003.6,2019-03-09T16:42:00,18.8,21.3,2019-03-09T15:07:00,16.4,2019-03-09T00:04:00,94,82,2019-03-09T14:18:00,1.2,13,9.3,297,2019-03-09T17:05:00,8.5,,,,,,,,,,,,,,,,,,,,0,,97,2019-03-09T18:00:00,,,,,,,,,,,,,,,,,,,,,,,,,,,,,,,,,,,,,,,,,,,,,,,,,,,,,,,,,,,,,,,,,,,,,,,,,,
2019-03-10,1007.3,1009.2,2019-03-10T21:39:00,1005.4,2019-03-10T01:38:00,19.5,23.9,2019-03-10T11:08:00,17.4,2019-03-10T03:39:00,88,62,2019-03-10T11:04:00,1.9,64,9.3,348,2019-03-10T02:10:00,17.0,,,,,,,,,,,,,,,,,,,,0,,97,2019-03-10T02:27:00,,,,,,,,,,,,,,,,,,,,,,,,,,,,,,,,,,,,,,,,,,,,,,,,,,,,,,,,,,,,,,,,,,,,,,,,,,
2019-03-11,1008.3,1010.1,2019-03-11T09:26:00,1006.4,2019-03-11T02:58:00,18.0,20.0,2019-03-11T12:42:00,16.9,2019-03-11T06:51:00,86,78,2019-03-11T16:21:00,1.2,8,4.5,305,2019-03-11T09:24:00,0.5,,,,,,,,,,,,,,,,,,,,0,,96,2019-03-11T05:04:00,,,,,,,,,,,,,,,,,,,,,,,,,,,,,,,,,,,,,,,,,,,,,,,,,,,,,,,,,,,,,,,,,,,,,,,,,,
2019-03-12,1010.2,1012.4,2019-03-12T23:45:00,1008.4,2019-03-12T15:16:00,20.5,26.3,2019-03-12T13:45:00,14.9,2019-03-12T05:53:00,74,54,2019-03-12T13:09:00,1.1,325,7.7,319,2019-03-12T15:04:00,0.0,,,,,,,,,,,,,,,,,,,,0,,95,2019-03-12T06:01:00,,,,,,,,,,,,,,,,,,,,,,,,,,,,,,,,,,,,,,,,,,,,,,,,,,,,,,,,,,,,,,,,,,,,,,,,,,
2019-03-13,1012.7,1014.4,2019-03-13T22:52:00,1011.3,2019-03-13T04:07:00,22.1,26.6,2019-03-13T11:54:00,19.1,2019-03-13T06:51:00,73,51,2019-03-13T13:43:00,1.1,357,6.3,318,2019-03-13T15:10:00,0.0,,,,,,,,,,,,,,,,,,,,0,,89,2019-03-13T07:18:00,,,,,,,,,,,,,,,,,,,,,,,,,,,,,,,,,,,,,,,,,,,,,,,,,,,,,,,,,,,,,,,,,,,,,,,,,,
2019-03-14,1013.3,1015.8,2019-03-14T09:28:00,1010.9,2019-03-14T16:04:00,21.3,26.4,2019-03-14T14:51:00,18.7,2019-03-14T04:13:00,78,58,2019-03-14T14:44:00,2.1,3,8.4,328,2019-03-14T15:34:00,0.0,,,,,,,,,,,,,,,,,,,,0,,91,2019-03-14T06:54:00,,,,,,,,,,,,,,,,,,,,,,,,,,,,,,,,,,,,,,,,,,,,,,,,,,,,,,,,,,,,,,,,,,,,,,,,,,
2019-03-15,1014.0,1016.1,2019-03-15T09:15:00,1012.0,2019-03-15T16:06:00,18.5,20.8,2019-03-15T12:42:00,16.5,2019-03-15T07:26:00,70,48,2019-03-15T23:55:00,2.6,19,9.3,345,2019-03-15T12:24:00,0.0,,,,,,,,,,,,,,,,,,,,0,,91,2019-03-15T07:17:00,,,,,,,,,,,,,,,,,,,,,,,,,,,,,,,,,,,,,,,,,,,,,,,,,,,,,,,,,,,,,,,,,,,,,,,,,,
2019-03-16,1013.1,1014.7,2019-03-16T23:20:00,1011.4,2019-03-16T14:12:00,20.5,24.9,2019-03-16T13:20:00,17.0,2019-03-16T04:01:00,69,46,2019-03-16T00:51:00,0.9,101,7.2,198,2019-03-16T10:15:00,0.0,,,,,,,,,,,,,,,,,,,,0,,84,2019-03-16T22:55:00,,,,,,,,,,,,,,,,,,,,,,,,,,,,,,,,,,,,,,,,,,,,,,,,,,,,,,,,,,,,,,,,,,,,,,,,,,
2019-03-17,1013.3,1015.2,2019-03-17T09:42:00,1011.1,2019-03-17T15:31:00,21.4,25.7,2019-03-17T13:42:00,19.1,2019-03-17T04:18:00,77,51,2019-03-17T13:48:00,1.6,9,6.8,333,2019-03-17T14:50:00,0.0,,,,,,,,,,,,,,,,,,,,0,,90,2019-03-17T06:54:00,,,,,,,,,,,,,,,,,,,,,,,,,,,,,,,,,,,,,,,,,,,,,,,,,,,,,,,,,,,,,,,,,,,,,,,,,,
2019-03-18,1011.2,1013.2,2019-03-18T00:03:00,1008.9,2019-03-18T15:42:00,21.4,26.3,2019-03-18T15:22:00,18.5,2019-03-18T06:31:00,84,61,2019-03-18T15:23:00,1.3,8,5.8,338,2019-03-18T16:29:00,0.0,,,,,,,,,,,,,,,,,,,,0,,95,2019-03-18T06:12:00,,,,,,,,,,,,,,,,,,,,,,,,,,,,,,,,,,,,,,,,,,,,,,,,,,,,,,,,,,,,,,,,,,,,,,,,,,
2019-03-19,1009.5,1011.8,2019-03-19T09:33:00,1007.3,2019-03-19T15:04:00,23.1,29.1,2019-03-19T13:49:00,18.8,2019-03-19T06:13:00,78,53,2019-03-19T13:23:00,1.5,4,6.4,317,2019-03-19T15:22:00,0.0,,,,,,,,,,,,,,,,,,,,0,,94,2019-03-19T06:04:00,,,,,,,,,,,,,,,,,,,,,,,,,,,,,,,,,,,,,,,,,,,,,,,,,,,,,,,,,,,,,,,,,,,,,,,,,,
2019-03-20,1008.2,1008.6,2019-03-20T21:18:00,1005.3,2019-03-20T15:35:00,24.1,29.5,2019-03-20T15:33:00,22.8,2019-03-20T23:52:00,81,62,2019-03-20T15:51:00,0.9,212,5.9,221,2019-03-20T16:01:00,0.0,,,,,,,,,,,,,,,,,,,,0,,89,2019-03-20T23:52:00,,,,,,,,,,,,,,,,,,,,,,,,,,,,,,,,,,,,,,,,,,,,,,,,,,,,,,,,,,,,,,,,,,,,,,,,,,
2019-03-21,1006.7,1008.3,2019-03-21T22:09:00,1004.2,2019-03-21T15:29:00,25.4,31.6,2019-03-21T14:57:00,20.9,2019-03-21T05:54:00,79,47,2019-03-21T14:31:00,1.4,114,7.3,232,2019-03-21T13:55:00,0.0,,,,,,,,,,,,,,,,,,,,0,,94,2019-03-21T23:22:00,,,,,,,,,,,,,,,,,,,,,,,,,,,,,,,,,,,,,,,,,,,,,,,,,,,,,,,,,,,,,,,,,,,,,,,,,,
2019-03-22,1008.2,1010.6,2019-03-22T23:54:00,1006.3,2019-03-22T15:37:00,23.2,28.6,2019-03-22T11:30:00,19.1,2019-03-22T23:50:00,80,62,2019-03-22T11:30:00,1.9,34,8.2,319,2019-03-22T16:20:00,0.0,,,,,,,,,,,,,,,,,,,,0,,94,2019-03-22T01:16:00,,,,,,,,,,,,,,,,,,,,,,,,,,,,,,,,,,,,,,,,,,,,,,,,,,,,,,,,,,,,,,,,,,,,,,,,,,
2019-03-23,1011.8,1013.7,2019-03-23T20:57:00,1009.7,2019-03-23T03:00:00,17.7,19.4,2019-03-23T01:14:00,16.3,2019-03-23T22:02:00,83,74,2019-03-23T21:27:00,2.4,356,6.9,358,2019-03-23T14:49:00,3.0,,,,,,,,,,,,,,,,,,,,0,,93,2019-03-23T08:03:00,,,,,,,,,,,,,,,,,,,,,,,,,,,,,,,,,,,,,,,,,,,,,,,,,,,,,,,,,,,,,,,,,,,,,,,,,,
2019-03-24,1012.2,1014.3,2019-03-24T10:46:00,1010.9,2019-03-24T16:02:00,16.9,18.6,2019-03-24T17:37:00,14.8,2019-03-24T09:52:00,91,77,2019-03-24T01:59:00,0.7,2,5.2,291,2019-03-24T14:21:00,15.0,,,,,,,,,,,,,,,,,,,,0,,98,2019-03-24T23:58:00,,,,,,,,,,,,,,,,,,,,,,,,,,,,,,,,,,,,,,,,,,,,,,,,,,,,,,,,,,,,,,,,,,,,,,,,,,
2019-03-25,1011.2,1012.9,2019-03-25T09:35:00,1009.3,2019-03-25T02:37:00,19.3,21.9,2019-03-25T16:42:00,16.3,2019-03-25T02:45:00,94,78,2019-03-25T10:20:00,1.0,16,5.4,330,2019-03-25T15:20:00,0.0,,,,,,,,,,,,,,,,,,,,0,,99,2019-03-25T06:18:00,,,,,,,,,,,,,,,,,,,,,,,,,,,,,,,,,,,,,,,,,,,,,,,,,,,,,,,,,,,,,,,,,,,,,,,,,,
2019-03-26,1013.1,1015.0,2019-03-26T10:02:00,1011.3,2019-03-26T03:02:00,20.9,27.0,2019-03-26T14:59:00,16.7,2019-03-26T06:12:00,83,58,2019-03-26T14:59:00,1.2,312,5.4,319,2019-03-26T16:51:00,0.5,,,,,,,,,,,,,,,,,,,,0,,98,2019-03-26T05:53:00,,,,,,,,,,,,,,,,,,,,,,,,,,,,,,,,,,,,,,,,,,,,,,,,,,,,,,,,,,,,,,,,,,,,,,,,,,
2019-03-27,1011.8,1014.6,2019-03-27T07:52:00,1008.9,2019-03-27T15:49:00,23.6,29.5,2019-03-27T13:47:00,20.2,2019-03-27T05:50:00,78,51,2019-03-27T13:47:00,1.1,223,5.9,320,2019-03-27T16:51:00,0.0,,,,,,,,,,,,,,,,0.0,,,,0,,93,2019-03-27T05:36:00,,,,,,,,,,,,,,,,,,,,,,,,,,,,,,,,,,,,,,,,,,,,,,,,,,,,,,,,,,,,,,,,,,,,,,,,,,
2019-03-28,1007.0,1009.8,2019-03-28T00:04:00,1003.8,2019-03-28T15:48:00,25.1,30.2,2019-03-28T13:41:00,20.2,2019-03-28T03:30:00,80,59,2019-03-28T11:47:00,1.0,233,8.0,252,2019-03-28T14:00:00,0.0,,,,,,,,,,,,,,,,0.0,,,,0,,94,2019-03-28T23:31:00,,,,,,,,,,,,,,,,,,,,,,,,,,,,,,,,,,,,,,,,,,,,,,,,,,,,,,,,,,,,,,,,,,,,,,,,,,
2019-03-29,1005.5,1009.8,2019-03-29T23:49:00,1003.6,2019-03-29T15:27:00,25.1,28.8,2019-03-29T13:01:00,18.2,2019-03-29T22:50:00,80,60,2019-03-29T10:32:00,1.2,223,11.3,302,2019-03-29T22:26:00,4.5,,,,,,,,,,,,,,,,3.5,2019-03-29T23:00:00,,,0,,97,2019-03-29T23:10:00,,,,,,,,,,,,,,,,,,,,,,,,,,,,,,,,,,,,,,,,,,,,,,,,,,,,,,,,,,,,,,,,,,,,,,,,,,
2019-03-30,1008.1,1010.1,2019-03-30T23:02:00,1005.9,2019-03-30T14:50:00,22.9,28.3,2019-03-30T14:47:00,19.1,2019-03-30T00:32:00,82,58,2019-03-30T14:48:00,1.6,320,7.6,303,2019-03-30T15:21:00,2.0,,,,,,,,,,,,,,,,1.0,2019-03-30T01:00:00,,,0,,95,2019-03-30T05:10:00,,,,,,,,,,,,,,,,,,,,,,,,,,,,,,,,,,,,,,,,,,,,,,,,,,,,,,,,,,,,,,,,,,,,,,,,,,
2019-03-31,1011.3,1014.2,2019-03-31T23:05:00,1009.3,2019-03-31T14:51:00,22.7,29.9,2019-03-31T12:42:00,18.6,2019-03-31T23:22:00,77,54,2019-03-31T12:39:00,1.7,349,9.1,287,2019-03-31T12:50:00,0.0,,,,,,,,,,,,,,,,0.0,,,,0,,90,2019-03-31T01:57:00,,,,,,,,,,,,,,,,,,,,,,,,,,,,,,,,,,,,,,,,,,,,,,,,,,,,,,,,,,,,,,,,,,,,,,,,,,
2019-04-01,1013.7,1015.4,2019-04-01T10:32:00,1012.6,2019-04-01T15:25:00,18.1,19.2,2019-04-01T00:11:00,17.1,2019-04-01T10:32:00,84,75,2019-04-01T00:42:00,1.9,5,5.7,357,2019-04-01T06:14:00,0.0,,,,,,,,,,,,,,,,0.0,,,,0,,94,2019-04-01T11:34:00,,,,,,,,,,,,,,,,,,,,,,,,,,,,,,,,,,,,,,,,,,,,,,,,,,,,,,,,,,,,,,,,,,,,,,,,,,
2019-04-02,1012.4,1014.7,2019-04-02T09:36:00,1009.9,2019-04-02T15:21:00,21.0,27.1,2019-04-02T13:56:00,17.1,2019-04-02T02:50:00,82,59,2019-04-02T12:25:00,1.3,142,6.4,311,2019-04-02T16:34:00,0.0,,,,,,,,,,,,,,,,0.0,,,,0,,94,2019-04-02T02:30:00,,,,,,,,,,,,,,,,,,,,,,,,,,,,,,,,,,,,,,,,,,,,,,,,,,,,,,,,,,,,,,,,,,,,,,,,,,
2019-04-03,1011.7,1014.1,2019-04-03T08:45:00,1009.2,2019-04-03T15:30:00,21.6,26.3,2019-04-03T15:34:00,19.3,2019-04-03T06:22:00,83,63,2019-04-03T15:03:00,2.9,358,9.9,16,2019-04-03T17:31:00,0.0,,,,,,,,,,,,,,,,0.0,,,,0,,94,2019-04-03T06:21:00,,,,,,,,,,,,,,,,,,,,,,,,,,,,,,,,,,,,,,,,,,,,,,,,,,,,,,,,,,,,,,,,,,,,,,,,,,
2019-04-04,1010.4,1012.0,2019-04-04T09:07:00,1007.9,2019-04-04T15:43:00,21.6,26.2,2019-04-04T15:12:00,18.8,2019-04-04T06:40:00,86,71,2019-04-04T14:03:00,1.5,324,6.6,351,2019-04-04T18:11:00,0.0,,,,,,,,,,,,,,,,0.0,,,,0,,94,2019-04-04T05:47:00,,,,,,,,,,,,,,,,,,,,,,,,,,,,,,,,,,,,,,,,,,,,,,,,,,,,,,,,,,,,,,,,,,,,,,,,,,
2019-04-05,1007.9,1010.2,2019-04-05T00:06:00,1005.6,2019-04-05T15:57:00,22.1,26.6,2019-04-05T15:56:00,19.7,2019-04-05T02:20:00,86,62,2019-04-05T16:01:00,1.6,329,5.7,326,2019-04-05T06:56:00,0.0,,,,,,,,,,,,,,,,0.0,,,,0,,95,2019-04-05T06:33:00,,,,,,,,,,,,,,,,,,,,,,,,,,,,,,,,,,,,,,,,,,,,,,,,,,,,,,,,,,,,,,,,,,,,,,,,,,
2019-04-06,1007.8,1009.4,2019-04-06T10:09:00,1005.8,2019-04-06T16:34:00,23.6,28.7,2019-04-06T12:25:00,18.8,2019-04-06T05:30:00,80,59,2019-04-06T12:26:00,0.9,119,6.8,282,2019-04-06T13:27:00,0.0,,,,,,,,,,,,,,,,0.0,,,,0,,96,2019-04-06T05:46:00,,,,,,,,,,,,,,,,,,,,,,,,,,,,,,,,,,,,,,,,,,,,,,,,,,,,,,,,,,,,,,,,,,,,,,,,,,
2019-04-07,1007.4,1008.8,2019-04-07T09:53:00,1005.9,2019-04-07T15:30:00,25.0,29.8,2019-04-07T12:58:00,20.4,2019-04-07T04:00:00,76,54,2019-04-07T12:27:00,1.2,109,6.9,315,2019-04-07T14:12:00,0.0,,,,,,,,,,,,,,,,0.0,,,,0,,92,2019-04-07T03:22:00,,,,,,,,,,,,,,,,,,,,,,,,,,,,,,,,,,,,,,,,,,,,,,,,,,,,,,,,,,,,,,,,,,,,,,,,,,
2019-04-08,1007.3,1008.8,2019-04-08T10:08:00,1005.8,2019-04-08T16:24:00,25.8,30.5,2019-04-08T14:33:00,22.0,2019-04-08T06:10:00,75,51,2019-04-08T15:06:00,0.8,217,5.3,290,2019-04-08T13:53:00,0.0,,,,,,,,,,,,,,,,0.0,,,,0,,90,2019-04-08T02:01:00,,,,,,,,,,,,,,,,,,,,,,,,,,,,,,,,,,,,,,,,,,,,,,,,,,,,,,,,,,,,,,,,,,,,,,,,,,
2019-04-09,1006.1,1008.2,2019-04-10T00:00:00,1003.8,2019-04-09T14:27:00,26.9,32.9,2019-04-09T12:34:00,21.9,2019-04-09T04:54:00,76,47,2019-04-09T12:43:00,1.2,178,9.2,222,2019-04-09T15:46:00,0.0,,,,,,,,,,,,,,,,0.0,,,,0,,92,2019-04-09T23:48:00,,,,,,,,,,,,,,,,,,,,,,,,,,,,,,,,,,,,,,,,,,,,,,,,,,,,,,,,,,,,,,,,,,,,,,,,,,
2019-04-10,1006.1,1007.5,2019-04-10T10:17:00,1003.7,2019-04-10T16:01:00,26.7,30.7,2019-04-10T14:45:00,23.3,2019-04-10T06:42:00,78,57,2019-04-10T15:37:00,1.3,21,6.4,285,2019-04-10T14:57:00,0.0,,,,,,,,,,,,,,,,0.0,,,,0,,92,2019-04-10T00:55:00,,,,,,,,,,,,,,,,,,,,,,,,,,,,,,,,,,,,,,,,,,,,,,,,,,,,,,,,,,,,,,,,,,,,,,,,,,
2019-04-11,1005.8,1008.8,2019-04-11T21:05:00,1003.7,2019-04-11T13:51:00,25.0,32.1,2019-04-11T13:04:00,20.6,2019-04-11T21:53:00,78,51,2019-04-11T12:54:00,1.7,217,8.7,247,2019-04-11T14:03:00,0.0,,,,,,,,,,,,,,,,0.0,,,,0,,93,2019-04-11T05:26:00,,,,,,,,,,,,,,,,,,,,,,,,,,,,,,,,,,,,,,,,,,,,,,,,,,,,,,,,,,,,,,,,,,,,,,,,,,
2019-04-12,1008.7,1012.0,2019-04-12T22:50:00,1006.8,2019-04-12T02:24:00,22.1,27.4,2019-04-12T13:40:00,19.0,2019-04-12T05:54:00,77,60,2019-04-12T13:41:00,2.1,328,7.2,309,2019-04-12T15:28:00,0.0,,,,,,,,,,,,,,,,0.0,,,,0,,90,2019-04-12T04:20:00,,,,,,,,,,,,,,,,,,,,,,,,,,,,,,,,,,,,,,,,,,,,,,,,,,,,,,,,,,,,,,,,,,,,,,,,,,
2019-04-13,1009.3,1011.2,2019-04-13T10:22:00,1007.2,2019-04-13T01:57:00,23.1,28.8,2019-04-13T13:19:00,19.9,2019-04-13T05:50:00,82,59,2019-04-13T13:17:00,1.9,338,9.4,9,2019-04-13T15:30:00,0.0,,,,,,,,,,,,,,,,0.0,,,,0,,92,2019-04-13T06:42:00,,,,,,,,,,,,,,,,,,,,,,,,,,,,,,,,,,,,,,,,,,,,,,,,,,,,,,,,,,,,,,,,,,,,,,,,,,
2019-04-14,1008.3,1009.8,2019-04-14T01:35:00,1006.6,2019-04-14T15:47:00,24.6,29.6,2019-04-14T14:30:00,21.4,2019-04-14T05:50:00,79,56,2019-04-14T14:12:00,2.2,20,7.5,317,2019-04-14T13:11:00,0.0,,,,,,,,,,,,,,,,0.0,,,,0,,94,2019-04-14T05:46:00,,,,,,,,,,,,,,,,,,,,,,,,,,,,,,,,,,,,,,,,,,,,,,,,,,,,,,,,,,,,,,,,,,,,,,,,,,
2019-04-15,1008.3,1009.9,2019-04-15T22:08:00,1006.5,2019-04-15T16:27:00,22.1,25.3,2019-04-15T14:42:00,19.4,2019-04-15T20:54:00,78,63,2019-04-15T13:30:00,1.7,4,5.0,331,2019-04-15T11:54:00,5.0,,,,,,,,,,,,,,,,4.5,2019-04-15T21:00:00,,,0,,95,2019-04-15T23:59:00,,,,,,,,,,,,,,,,,,,,,,,,,,,,,,,,,,,,,,,,,,,,,,,,,,,,,,,,,,,,,,,,,,,,,,,,,,
2019-04-16,1007.3,1009.3,2019-04-16T10:39:00,1005.5,2019-04-16T19:23:00,20.7,22.2,2019-04-16T17:49:00,19.3,2019-04-16T08:50:00,94,90,2019-04-16T12:56:00,1.3,1,5.6,4,2019-04-16T04:19:00,7.5,,,,,,,,,,,,,,,,2.0,2019-04-16T08:00:00,,,0,,97,2019-04-16T20:44:00,,,,,,,,,,,,,,,,,,,,,,,,,,,,,,,,,,,,,,,,,,,,,,,,,,,,,,,,,,,,,,,,,,,,,,,,,,
2019-04-17,1006.2,1008.0,2019-04-17T09:33:00,1004.2,2019-04-17T15:47:00,23.5,28.4,2019-04-17T14:09:00,19.9,2019-04-17T01:20:00,80,60,2019-04-17T15:21:00,1.9,324,6.3,297,2019-04-17T14:30:00,0.0,,,,,,,,,,,,,,,,0.0,,,,0,,98,2019-04-17T01:01:00,,,,,,,,,,,,,,,,,,,,,,,,,,,,,,,,,,,,,,,,,,,,,,,,,,,,,,,,,,,,,,,,,,,,,,,,,,
2019-04-18,1006.1,1008.0,2019-04-18T10:14:00,1004.5,2019-04-18T15:13:00,25.2,30.5,2019-04-18T13:17:00,21.3,2019-04-18T01:20:00,76,55,2019-04-18T13:15:00,1.0,2,5.4,323,2019-04-18T14:11:00,0.0,,,,,,,,,,,,,,,,0.0,,,,0,,89,2019-04-18T01:56:00,,,,,,,,,,,,,,,,,,,,,,,,,,,,,,,,,,,,,,,,,,,,,,,,,,,,,,,,,,,,,,,,,,,,,,,,,,
2019-04-19,1004.5,1006.7,2019-04-19T22:04:00,1002.5,2019-04-19T04:21:00,23.6,30.6,2019-04-19T11:47:00,20.7,2019-04-19T15:14:00,87,62,2019-04-19T11:54:00,1.4,6,16.1,283,2019-04-19T14:40:00,41.5,,,,,,,,,,,,,,,,16.0,2019-04-19T05:00:00,,,0,,98,2019-04-19T05:35:00,,,,,,,,,,,,,,,,,,,,,,,,,,,,,,,,,,,,,,,,,,,,,,,,,,,,,,,,,,,,,,,,,,,,,,,,,,
2019-04-20,1003.7,1005.3,2019-04-20T08:54:00,1001.5,2019-04-20T16:15:00,25.5,29.6,2019-04-20T16:13:00,21.6,2019-04-20T02:32:00,81,58,2019-04-20T10:19:00,0.5,14,3.6,108,2019-04-20T00:51:00,0.0,,,,,,,,,,,,,,,,0.0,,,,0,,96,2019-04-20T02:27:00,,,,,,,,,,,,,,,,,,,,,,,,,,,,,,,,,,,,,,,,,,,,,,,,,,,,,,,,,,,,,,,,,,,,,,,,,,
2019-04-21,1004.3,1006.1,2019-04-21T08:53:00,1002.8,2019-04-21T03:16:00,25.8,30.3,2019-04-21T12:19:00,22.9,2019-04-21T05:24:00,86,59,2019-04-21T12:03:00,1.0,185,5.7,212,2019-04-21T13:06:00,2.0,,,,,,,,,,,,,,,,0.5,2019-04-21T08:00:00,,,0,,96,2019-04-21T08:27:00,,,,,,,,,,,,,,,,,,,,,,,,,,,,,,,,,,,,,,,,,,,,,,,,,,,,,,,,,,,,,,,,,,,,,,,,,,
2019-04-22,1004.7,1007.7,2019-04-22T22:01:00,1002.5,2019-04-22T15:33:00,27.4,31.8,2019-04-22T13:34:00,23.5,2019-04-22T05:00:00,80,59,2019-04-22T15:44:00,0.9,131,6.0,273,2019-04-22T15:20:00,0.0,,,,,,,,,,,,,,,,0.0,,,,0,,95,2019-04-23T00:00:00,,,,,,,,,,,,,,,,,,,,,,,,,,,,,,,,,,,,,,,,,,,,,,,,,,,,,,,,,,,,,,,,,,,,,,,,,,
2019-04-23,1005.2,1007.1,2019-04-23T21:57:00,1001.8,2019-04-23T01:27:00,27.8,31.7,2019-04-23T14:56:00,24.2,2019-04-23T04:26:00,76,55,2019-04-23T14:57:00,1.3,136,7.0,305,2019-04-23T14:20:00,0.0,,,,,,,,,,,,,,,,0.0,,,,0,,93,2019-04-23T03:00:00,,,,,,,,,,,,,,,,,,,,,,,,,,,,,,,,,,,,,,,,,,,,,,,,,,,,,,,,,,,,,,,,,,,,,,,,,,
2019-04-24,1004.9,1007.2,2019-04-24T10:09:00,1003.3,2019-04-24T16:07:00,27.4,31.5,2019-04-24T12:53:00,23.5,2019-04-24T05:25:00,77,63,2019-04-24T13:15:00,1.1,222,7.3,222,2019-04-24T13:58:00,0.0,,,,,,,,,,,,,,,,0.0,,,,0,,89,2019-04-24T21:18:00,,,,,,,,,,,,,,,,,,,,,,,,,,,,,,,,,,,,,,,,,,,,,,,,,,,,,,,,,,,,,,,,,,,,,,,,,,
2019-04-25,1004.5,1005.8,2019-04-25T09:17:00,1002.9,2019-04-25T03:21:00,27.5,32.1,2019-04-25T12:48:00,23.3,2019-04-25T05:42:00,73,53,2019-04-25T14:11:00,1.6,113,8.9,235,2019-04-25T13:24:00,0.0,,,,,,,,,,,,,,,,0.0,,,,0,,94,2019-04-25T04:27:00,,,,,,,,,,,,,,,,,,,,,,,,,,,,,,,,,,,,,,,,,,,,,,,,,,,,,,,,,,,,,,,,,,,,,,,,,,
2019-04-26,1006.0,1009.3,2019-04-26T21:15:00,1003.6,2019-04-26T03:09:00,27.2,32.1,2019-04-26T12:57:00,23.2,2019-04-26T05:30:00,73,56,2019-04-26T12:20:00,1.2,2,6.6,274,2019-04-26T13:16:00,0.5,,,,,,,,,,,,,,,,0.5,2019-04-26T23:00:00,,,0,,88,2019-04-26T22:23:00,,,,,,,,,,,,,,,,,,,,,,,,,,,,,,,,,,,,,,,,,,,,,,,,,,,,,,,,,,,,,,,,,,,,,,,,,,
2019-04-27,1007.5,1009.2,2019-04-27T22:34:00,1004.9,2019-04-27T14:39:00,26.0,30.0,2019-04-27T13:46:00,23.7,2019-04-27T03:50:00,82,67,2019-04-27T13:28:00,1.6,2,7.0,280,2019-04-27T15:03:00,0.0,,,,,,,,,,,,,,,,0.0,,,,0,,91,2019-04-27T23:57:00,,,,,,,,,,,,,,,,,,,,,,,,,,,,,,,,,,,,,,,,,,,,,,,,,,,,,,,,,,,,,,,,,,,,,,,,,,
2019-04-28,1007.8,1009.8,2019-04-28T08:46:00,1006.1,2019-04-28T16:00:00,25.8,30.3,2019-04-28T14:20:00,22.7,2019-04-28T05:42:00,84,64,2019-04-28T14:15:00,1.3,124,6.2,341,2019-04-28T14:35:00,0.0,,,,,,,,,,,,,,,,0.0,,,,0,,94,2019-04-28T04:10:00,,,,,,,,,,,,,,,,,,,,,,,,,,,,,,,,,,,,,,,,,,,,,,,,,,,,,,,,,,,,,,,,,,,,,,,,,,
2019-04-29,1005.9,1008.1,2019-04-29T09:19:00,1003.2,2019-04-29T16:24:00,27.5,32.7,2019-04-29T12:55:00,23.7,2019-04-29T02:30:00,76,53,2019-04-29T12:50:00,0.9,122,5.9,303,2019-04-29T16:00:00,0.0,,,,,,,,,,,,,,,,0.0,,,,0,,92,2019-04-29T02:11:00,,,,,,,,,,,,,,,,,,,,,,,,,,,,,,,,,,,,,,,,,,,,,,,,,,,,,,,,,,,,,,,,,,,,,,,,,,
2019-04-30,1003.0,1005.0,2019-05-01T00:00:00,1000.4,2019-04-30T15:42:00,28.0,32.5,2019-04-30T12:20:00,24.4,2019-04-30T05:50:00,74,57,2019-04-30T11:40:00,1.7,142,9.5,262,2019-04-30T12:20:00,0.0,,,,,,,,,,,,,,,,0.0,,,,0,,90,2019-04-30T05:18:00,,,,,,,,,,,,,,,,,,,,,,,,,,,,,,,,,,,,,,,,,,,,,,,,,,,,,,,,,,,,,,,,,,,,,,,,,,
2019-05-01,1003.4,1005.2,2019-05-01T22:29:00,1001.5,2019-05-01T03:50:00,23.5,27.1,2019-05-01T00:01:00,20.7,2019-05-01T23:50:00,86,67,2019-05-01T00:01:00,1.7,354,6.7,3,2019-05-01T12:33:00,40.5,,,,,,,,,,,,,,,,34.0,2019-05-01T09:00:00,,,0,,98,2019-05-01T09:04:00,,,,,,,,,,,,,,,,,,,,,,,,,,,,,,,,,,,,,,,,,,,,,,,,,,,,,,,,,,,,,,,,,,,,,,,,,,
2019-05-02,1006.2,1008.2,2019-05-02T21:32:00,1003.4,2019-05-02T02:43:00,21.1,24.5,2019-05-02T10:44:00,19.6,2019-05-02T18:56:00,91,77,2019-05-02T13:17:00,1.2,16,5.8,5,2019-05-02T14:45:00,6.0,,,,,,,,,,,,,,,,2.5,2019-05-02T19:00:00,,,0,,97,2019-05-02T20:16:00,,,,,,,,,,,,,,,,,,,,,,,,,,,,,,,,,,,,,,,,,,,,,,,,,,,,,,,,,,,,,,,,,,,,,,,,,,
2019-05-03,1007.8,1009.4,2019-05-03T10:36:00,1006.0,2019-05-03T05:32:00,21.9,25.6,2019-05-03T15:31:00,19.2,2019-05-03T06:54:00,86,67,2019-05-03T17:25:00,1.0,358,4.8,319,2019-05-03T06:41:00,2.5,,,,,,,,,,,,,,,,1.5,2019-05-03T04:00:00,,,0,,97,2019-05-03T03:29:00,,,,,,,,,,,,,,,,,,,,,,,,,,,,,,,,,,,,,,,,,,,,,,,,,,,,,,,,,,,,,,,,,,,,,,,,,,
2019-05-04,1007.5,1008.7,2019-05-04T08:57:00,1006.0,2019-05-04T16:12:00,24.6,28.6,2019-05-04T12:01:00,21.7,2019-05-04T00:03:00,79,61,2019-05-04T15:02:00,1.4,221,8.0,298,2019-05-04T14:12:00,0.0,,,,,,,,,,,,,,,,0.0,,,,0,,93,2019-05-04T03:21:00,,,,,,,,,,,,,,,,,,,,,,,,,,,,,,,,,,,,,,,,,,,,,,,,,,,,,,,,,,,,,,,,,,,,,,,,,,
2019-05-05,1005.3,1007.9,2019-05-05T00:04:00,1002.5,2019-05-05T15:03:00,24.0,27.0,2019-05-05T15:25:00,21.8,2019-05-05T22:40:00,81,58,2019-05-05T14:05:00,0.9,2,4.0,310,2019-05-05T13:33:00,2.0,,,,,,,,,,,,,,,,0.5,2019-05-05T19:00:00,,,0,,92,2019-05-05T02:10:00,,,,,,,,,,,,,,,,,,,,,,,,,,,,,,,,,,,,,,,,,,,,,,,,,,,,,,,,,,,,,,,,,,,,,,,,,,
2019-05-06,1003.6,1005.2,2019-05-06T00:03:00,1002.0,2019-05-06T16:57:00,21.5,23.4,2019-05-06T14:14:00,19.0,2019-05-06T23:54:00,95,90,2019-05-06T00:12:00,1.8,16,6.2,342,2019-05-06T19:39:00,15.5,,,,,,,,,,,,,,,,4.5,2019-05-06T23:00:00,,,0,,98,2019-05-06T22:45:00,,,,,,,,,,,,,,,,,,,,,,,,,,,,,,,,,,,,,,,,,,,,,,,,,,,,,,,,,,,,,,,,,,,,,,,,,,
2019-05-07,1004.1,1005.7,2019-05-07T21:39:00,1002.3,2019-05-07T02:50:00,20.0,22.1,2019-05-07T15:17:00,18.8,2019-05-07T00:12:00,92,81,2019-05-07T17:31:00,1.6,358,5.3,17,2019-05-07T08:17:00,5.0,,,,,,,,,,,,,,,,1.0,2019-05-07T02:00:00,,,0,,98,2019-05-07T04:54:00,,,,,,,,,,,,,,,,,,,,,,,,,,,,,,,,,,,,,,,,,,,,,,,,,,,,,,,,,,,,,,,,,,,,,,,,,,
2019-05-08,1004.0,1005.6,2019-05-08T09:28:00,1002.0,2019-05-08T16:54:00,21.9,25.7,2019-05-08T14:35:00,19.0,2019-05-08T01:10:00,90,76,2019-05-08T15:02:00,1.3,3,5.5,294,2019-05-08T12:26:00,2.0,,,,,,,,,,,,,,,,1.0,2019-05-08T09:00:00,,,0,,98,2019-05-08T07:11:00,,,,,,,,,,,,,,,,,,,,,,,,,,,,,,,,,,,,,,,,,,,,,,,,,,,,,,,,,,,,,,,,,,,,,,,,,,
2019-05-09,1002.8,1004.1,2019-05-09T00:29:00,1000.8,2019-05-09T15:45:00,23.4,27.3,2019-05-09T14:43:00,21.0,2019-05-09T06:22:00,90,73,2019-05-09T14:43:00,1.4,358,4.8,8,2019-05-09T16:31:00,3.0,,,,,,,,,,,,,,,,1.0,2019-05-09T06:00:00,,,0,,98,2019-05-09T23:59:00,,,,,,,,,,,,,,,,,,,,,,,,,,,,,,,,,,,,,,,,,,,,,,,,,,,,,,,,,,,,,,,,,,,,,,,,,,
2019-05-10,1003.8,1005.4,2019-05-10T22:50:00,1002.4,2019-05-10T17:07:00,24.6,28.3,2019-05-10T17:23:00,22.1,2019-05-10T06:50:00,88,71,2019-05-10T17:46:00,1.6,5,6.4,323,2019-05-10T11:49:00,5.5,,,,,,,,,,,,,,,,2.0,2019-05-10T03:00:00,,,0,,98,2019-05-10T04:37:00,,,,,,,,,,,,,,,,,,,,,,,,,,,,,,,,,,,,,,,,,,,,,,,,,,,,,,,,,,,,,,,,,,,,,,,,,,
2019-05-11,1005.4,1007.4,2019-05-11T09:24:00,1003.0,2019-05-11T15:31:00,25.5,30.5,2019-05-11T12:39:00,21.6,2019-05-11T03:52:00,84,67,2019-05-11T12:39:00,1.4,322,8.0,327,2019-05-11T16:29:00,0.0,,,,,,,,,,,,,,,,0.0,,,,0,,97,2019-05-11T06:18:00,,,,,,,,,,,,,,,,,,,,,,,,,,,,,,,,,,,,,,,,,,,,,,,,,,,,,,,,,,,,,,,,,,,,,,,,,,
2019-05-12,1005.5,1006.7,2019-05-12T21:06:00,1003.8,2019-05-12T16:24:00,26.7,33.1,2019-05-12T12:47:00,23.1,2019-05-12T05:00:00,83,55,2019-05-12T11:29:00,1.1,3,6.7,290,2019-05-12T13:32:00,0.0,,,,,,,,,,,,,,,,0.0,,,,0,,96,2019-05-12T04:49:00,,,,,,,,,,,,,,,,,,,,,,,,,,,,,,,,,,,,,,,,,,,,,,,,,,,,,,,,,,,,,,,,,,,,,,,,,,
2019-05-13,1005.0,1006.9,2019-05-13T09:37:00,1003.3,2019-05-13T16:21:00,28.0,31.9,2019-05-13T13:06:00,23.8,2019-05-13T02:42:00,75,54,2019-05-13T17:33:00,0.9,112,5.8,315,2019-05-13T14:37:00,0.0,,,,,,,,,,,,,,,,0.0,,,,0,,96,2019-05-13T02:49:00,,,,,,,,,,,,,,,,,,,,,,,,,,,,,,,,,,,,,,,,,,,,,,,,,,,,,,,,,,,,,,,,,,,,,,,,,,
2019-05-14,1004.5,1005.9,2019-05-14T08:55:00,1002.6,2019-05-14T15:35:00,28.5,33.5,2019-05-14T14:45:00,24.4,2019-05-14T04:02:00,75,59,2019-05-14T15:51:00,0.8,255,6.1,297,2019-05-14T15:22:00,0.0,,,,,,,,,,,,,,,,0.0,,,,0,,88,2019-05-14T04:00:00,,,,,,,,,,,,,,,,,,,,,,,,,,,,,,,,,,,,,,,,,,,,,,,,,,,,,,,,,,,,,,,,,,,,,,,,,,
2019-05-15,1004.5,1006.1,2019-05-15T09:14:00,1002.9,2019-05-15T17:12:00,28.3,33.2,2019-05-15T11:12:00,25.3,2019-05-15T05:12:00,80,54,2019-05-15T11:02:00,0.9,24,7.1,243,2019-05-15T12:11:00,0.5,,,,,,,,,,,,,,,,0.5,2019-05-15T17:00:00,,,0,,94,2019-05-15T13:05:00,,,,,,,,,,,,,,,,,,,,,,,,,,,,,,,,,,,,,,,,,,,,,,,,,,,,,,,,,,,,,,,,,,,,,,,,,,
2019-05-16,1003.0,1004.9,2019-05-16T08:54:00,1000.8,2019-05-16T16:40:00,28.4,32.6,2019-05-16T14:51:00,25.4,2019-05-16T04:22:00,81,62,2019-05-16T15:30:00,1.4,179,6.1,273,2019-05-16T16:00:00,0.0,,,,,,,,,,,,,,,,0.0,,,,0,,92,2019-05-16T01:47:00,,,,,,,,,,,,,,,,,,,,,,,,,,,,,,,,,,,,,,,,,,,,,,,,,,,,,,,,,,,,,,,,,,,,,,,,,,
2019-05-17,1001.5,1002.9,2019-05-17T08:51:00,1000.0,2019-05-17T16:09:00,28.4,30.8,2019-05-17T13:03:00,26.3,2019-05-17T09:34:00,79,66,2019-05-17T15:36:00,1.9,221,7.9,211,2019-05-17T09:30:00,2.5,,,,,,,,,,,,,,,,2.0,2019-05-17T10:00:00,,,0,,93,2019-05-17T09:37:00,,,,,,,,,,,,,,,,,,,,,,,,,,,,,,,,,,,,,,,,,,,,,,,,,,,,,,,,,,,,,,,,,,,,,,,,,,
2019-05-18,1001.3,1003.6,2019-05-18T23:06:00,999.6,2019-05-18T15:56:00,27.3,30.3,2019-05-18T15:44:00,24.4,2019-05-18T05:42:00,91,79,2019-05-18T01:06:00,1.7,226,8.6,226,2019-05-18T11:41:00,43.5,,,,,,,,,,,,,,,,15.5,2019-05-18T09:00:00,,,0,,98,2019-05-18T09:07:00,,,,,,,,,,,,,,,,,,,,,,,,,,,,,,,,,,,,,,,,,,,,,,,,,,,,,,,,,,,,,,,,,,,,,,,,,,
2019-05-19,1003.1,1004.7,2019-05-19T22:35:00,1001.8,2019-05-19T02:23:00,28.5,32.4,2019-05-19T14:36:00,25.4,2019-05-19T06:15:00,84,67,2019-05-19T14:38:00,1.7,217,8.3,187,2019-05-19T11:04:00,3.0,,,,,,,,,,,,,,,,1.0,2019-05-19T06:00:00,,,0,,97,2019-05-19T06:14:00,,,,,,,,,,,,,,,,,,,,,,,,,,,,,,,,,,,,,,,,,,,,,,,,,,,,,,,,,,,,,,,,,,,,,,,,,,
2019-05-20,1002.8,1004.7,2019-05-20T21:49:00,1001.2,2019-05-20T14:56:00,25.9,31.1,2019-05-20T09:43:00,22.5,2019-05-20T23:42:00,90,74,2019-05-20T09:31:00,1.6,141,10.3,115,2019-05-20T14:32:00,57.0,,,,,,,,,,,,,,,,26.0,2019-05-20T15:00:00,,,0,,99,2019-05-20T14:35:00,,,,,,,,,,,,,,,,,,,,,,,,,,,,,,,,,,,,,,,,,,,,,,,,,,,,,,,,,,,,,,,,,,,,,,,,,,
2019-05-21,1004.1,1005.9,2019-05-21T22:40:00,1003.0,2019-05-21T16:10:00,24.1,27.2,2019-05-21T15:44:00,22.1,2019-05-21T05:00:00,86,75,2019-05-21T15:52:00,1.1,27,4.3,291,2019-05-21T11:27:00,0.0,,,,,,,,,,,,,,,,0.0,,,,0,,96,2019-05-21T04:47:00,,,,,,,,,,,,,,,,,,,,,,,,,,,,,,,,,,,,,,,,,,,,,,,,,,,,,,,,,,,,,,,,,,,,,,,,,,
2019-05-22,1004.6,1006.0,2019-05-22T22:16:00,1003.2,2019-05-22T15:30:00,25.1,29.3,2019-05-22T12:58:00,22.0,2019-05-22T20:32:00,78,63,2019-05-22T12:59:00,1.1,8,6.0,348,2019-05-22T20:03:00,0.0,,,,,,,,,,,,,,,,0.0,,,,0,,93,2019-05-22T04:19:00,,,,,,,,,,,,,,,,,,,,,,,,,,,,,,,,,,,,,,,,,,,,,,,,,,,,,,,,,,,,,,,,,,,,,,,,,,
2019-05-23,1006.0,1007.4,2019-05-23T09:57:00,1004.6,2019-05-23T16:45:00,23.8,27.1,2019-05-23T15:21:00,21.5,2019-05-23T05:00:00,87,74,2019-05-23T15:21:00,1.4,3,5.9,30,2019-05-23T12:09:00,3.5,,,,,,,,,,,,,,,,2.5,2019-05-23T05:00:00,,,0,,96,2019-05-23T04:51:00,,,,,,,,,,,,,,,,,,,,,,,,,,,,,,,,,,,,,,,,,,,,,,,,,,,,,,,,,,,,,,,,,,,,,,,,,,
2019-05-24,1006.5,1007.8,2019-05-24T08:50:00,1004.8,2019-05-24T16:05:00,26.5,30.4,2019-05-24T13:19:00,23.4,2019-05-24T01:53:00,81,64,2019-05-24T13:22:00,1.0,331,6.7,328,2019-05-24T14:36:00,0.0,,,,,,,,,,,,,,,,0.0,,,,0,,92,2019-05-24T05:38:00,,,,,,,,,,,,,,,,,,,,,,,,,,,,,,,,,,,,,,,,,,,,,,,,,,,,,,,,,,,,,,,,,,,,,,,,,,
2019-05-25,1005.5,1006.7,2019-05-25T09:15:00,1003.8,2019-05-25T16:29:00,27.2,30.8,2019-05-25T13:17:00,24.5,2019-05-25T04:43:00,79,63,2019-05-25T13:17:00,1.3,350,6.9,306,2019-05-25T13:33:00,0.0,,,,,,,,,,,,,,,,0.0,,,,0,,93,2019-05-25T05:45:00,,,,,,,,,,,,,,,,,,,,,,,,,,,,,,,,,,,,,,,,,,,,,,,,,,,,,,,,,,,,,,,,,,,,,,,,,,
2019-05-26,1004.4,1005.9,2019-05-26T10:01:00,1002.3,2019-05-26T16:15:00,28.1,33.7,2019-05-26T15:26:00,24.3,2019-05-26T03:54:00,76,52,2019-05-26T15:40:00,0.6,12,4.8,301,2019-05-26T13:11:00,0.0,,,,,,,,,,,,,,,,0.0,,,,0,,91,2019-05-26T03:52:00,,,,,,,,,,,,,,,,,,,,,,,,,,,,,,,,,,,,,,,,,,,,,,,,,,,,,,,,,,,,,,,,,,,,,,,,,,
2019-05-27,1004.1,1005.4,2019-05-27T10:35:00,1002.6,2019-05-27T15:15:00,27.5,29.5,2019-05-27T15:57:00,25.3,2019-05-27T13:10:00,83,71,2019-05-27T15:58:00,1.0,170,8.0,270,2019-05-27T12:09:00,1.0,,,,,,,,,,,,,,,,0.5,2019-05-27T14:00:00,,,0,,94,2019-05-27T13:16:00,,,,,,,,,,,,,,,,,,,,,,,,,,,,,,,,,,,,,,,,,,,,,,,,,,,,,,,,,,,,,,,,,,,,,,,,,,
2019-05-28,1004.4,1005.9,2019-05-28T22:48:00,1002.7,2019-05-28T16:51:00,26.3,31.4,2019-05-28T10:01:00,23.2,2019-05-28T23:53:00,88,61,2019-05-28T10:02:00,1.3,140,6.7,258,2019-05-28T10:44:00,4.5,,,,,,,,,,,,,,,,2.0,2019-05-28T15:00:00,,,0,,97,2019-05-28T14:19:00,,,,,,,,,,,,,,,,,,,,,,,,,,,,,,,,,,,,,,,,,,,,,,,,,,,,,,,,,,,,,,,,,,,,,,,,,,
2019-05-29,1004.7,1006.3,2019-05-29T22:11:00,1003.1,2019-05-29T15:03:00,24.2,29.2,2019-05-29T14:55:00,22.0,2019-05-29T23:53:00,83,67,2019-05-29T14:55:00,1.7,336,7.0,316,2019-05-29T15:06:00,0.0,,,,,,,,,,,,,,,,0.0,,,,0,,94,2019-05-29T01:27:00,,,,,,,,,,,,,,,,,,,,,,,,,,,,,,,,,,,,,,,,,,,,,,,,,,,,,,,,,,,,,,,,,,,,,,,,,,
2019-05-30,1004.8,1006.0,2019-05-30T08:33:00,1002.9,2019-05-30T16:37:00,25.9,30.6,2019-05-30T12:17:00,21.5,2019-05-30T01:12:00,79,63,2019-05-30T15:43:00,1.2,313,7.0,316,2019-05-30T13:11:00,0.0,,,,,,,,,,,,,,,,0.0,,,,0,,92,2019-05-30T23:58:00,,,,,,,,,,,,,,,,,,,,,,,,,,,,,,,,,,,,,,,,,,,,,,,,,,,,,,,,,,,,,,,,,,,,,,,,,,
2019-05-31,1003.8,1005.1,2019-05-31T00:01:00,1001.9,2019-05-31T15:09:00,27.9,32.4,2019-05-31T13:30:00,24.1,2019-05-31T05:22:00,78,58,2019-05-31T15:37:00,1.1,19,6.7,301,2019-05-31T15:10:00,0.0,,,,,,,,,,,,,,,,0.0,,,,0,,93,2019-05-31T04:17:00,,,,,,,,,,,,,,,,,,,,,,,,,,,,,,,,,,,,,,,,,,,,,,,,,,,,,,,,,,,,,,,,,,,,,,,,,,
2019-06-01,1003.0,1004.9,2019-06-01T22:40:00,1000.7,2019-06-01T15:21:00,27.6,32.2,2019-06-01T15:02:00,24.4,2019-06-01T06:02:00,84,64,2019-06-01T15:02:00,1.3,119,7.9,263,2019-06-01T16:21:00,9.0,,,,,,,,,,,,,,,,4.0,2019-06-01T23:00:00,,,0,,97,2019-06-01T06:08:00,,,,,,,,,,,,,,,,,,,,,,,,,,,,,,,,,,,,,,,,,,,,,,,,,,,,,,,,,,,,,,,,,,,,,,,,,,
2019-06-02,1002.9,1004.6,2019-06-02T22:32:00,1000.9,2019-06-02T16:23:00,28.6,33.5,2019-06-02T13:01:00,24.2,2019-06-02T03:58:00,79,55,2019-06-02T14:02:00,1.7,184,8.2,187,2019-06-02T03:47:00,6.0,,,,,,,,,,,,,,,,2.0,2019-06-02T04:00:00,,,0,,96,2019-06-02T03:57:00,,,,,,,,,,,,,,,,,,,,,,,,,,,,,,,,,,,,,,,,,,,,,,,,,,,,,,,,,,,,,,,,,,,,,,,,,,
2019-06-03,1003.3,1004.6,2019-06-03T22:33:00,1002.4,2019-06-03T16:13:00,29.0,33.0,2019-06-03T16:13:00,25.4,2019-06-03T05:25:00,71,47,2019-06-03T16:14:00,1.3,173,6.6,256,2019-06-03T12:36:00,0.0,,,,,,,,,,,,,,,,0.0,,,,0,,85,2019-06-03T02:30:00,,,,,,,,,,,,,,,,,,,,,,,,,,,,,,,,,,,,,,,,,,,,,,,,,,,,,,,,,,,,,,,,,,,,,,,,,,
2019-06-04,1004.5,1006.3,2019-06-04T11:37:00,1002.7,2019-06-04T02:47:00,26.8,31.4,2019-06-04T10:36:00,22.9,2019-06-04T12:02:00,84,68,2019-06-04T10:56:00,1.1,172,15.4,224,2019-06-04T11:25:00,32.0,,,,,,,,,,,,,,,,19.5,2019-06-04T12:00:00,,,0,,98,2019-06-04T13:43:00,,,,,,,,,,,,,,,,,,,,,,,,,,,,,,,,,,,,,,,,,,,,,,,,,,,,,,,,,,,,,,,,,,,,,,,,,,
2019-06-05,1005.5,1007.5,2019-06-05T22:08:00,1004.1,2019-06-05T03:52:00,29.1,33.9,2019-06-05T12:10:00,23.7,2019-06-05T05:12:00,74,51,2019-06-05T11:01:00,1.0,216,7.2,305,2019-06-05T13:55:00,0.0,,,,,,,,,,,,,,,,0.0,,,,0,,92,2019-06-05T05:13:00,,,,,,,,,,,,,,,,,,,,,,,,,,,,,,,,,,,,,,,,,,,,,,,,,,,,,,,,,,,,,,,,,,,,,,,,,,
2019-06-06,1006.0,1007.2,2019-06-06T09:52:00,1004.4,2019-06-06T03:05:00,29.1,34.9,2019-06-06T11:59:00,22.8,2019-06-06T18:02:00,78,54,2019-06-06T17:02:00,1.3,262,8.3,256,2019-06-06T15:46:00,11.5,,,,,,,,,,,,,,,,10.0,2019-06-06T18:00:00,,,0,,95,2019-06-06T18:04:00,,,,,,,,,,,,,,,,,,,,,,,,,,,,,,,,,,,,,,,,,,,,,,,,,,,,,,,,,,,,,,,,,,,,,,,,,,
2019-06-07,1005.6,1007.0,2019-06-07T07:30:00,1004.0,2019-06-07T15:37:00,30.0,35.0,2019-06-07T12:02:00,26.5,2019-06-07T02:52:00,75,51,2019-06-07T12:13:00,1.1,268,8.4,290,2019-06-07T13:02:00,0.0,,,,,,,,,,,,,,,,0.0,,,,0,,91,2019-06-07T02:32:00,,,,,,,,,,,,,,,,,,,,,,,,,,,,,,,,,,,,,,,,,,,,,,,,,,,,,,,,,,,,,,,,,,,,,,,,,,
2019-06-08,1003.8,1005.5,2019-06-08T07:51:00,1002.0,2019-06-08T23:59:00,29.4,32.7,2019-06-08T10:28:00,26.1,2019-06-08T05:22:00,76,56,2019-06-08T17:18:00,1.1,225,6.8,241,2019-06-08T13:27:00,0.0,,,,,,,,,,,,,,,,0.0,,,,0,,90,2019-06-08T03:35:00,,,,,,,,,,,,,,,,,,,,,,,,,,,,,,,,,,,,,,,,,,,,,,,,,,,,,,,,,,,,,,,,,,,,,,,,,,
2019-06-09,1001.8,1003.7,2019-06-09T07:23:00,1000.2,2019-06-09T17:33:00,29.6,34.2,2019-06-09T12:12:00,26.2,2019-06-09T01:48:00,71,51,2019-06-09T13:01:00,1.7,178,6.7,241,2019-06-09T14:39:00,0.0,,,,,,,,,,,,,,,,0.0,,,,0,,91,2019-06-09T01:58:00,,,,,,,,,,,,,,,,,,,,,,,,,,,,,,,,,,,,,,,,,,,,,,,,,,,,,,,,,,,,,,,,,,,,,,,,,,
2019-06-10,1000.0,1000.8,2019-06-10T00:01:00,999.0,2019-06-10T03:57:00,27.9,33.1,2019-06-10T09:50:00,24.5,2019-06-10T15:41:00,78,51,2019-06-10T10:47:00,1.6,187,8.3,166,2019-06-10T09:26:00,24.0,,,,,,,,,,,,,,,,11.0,2019-06-10T16:00:00,,,0,,98,2019-06-10T15:58:00,,,,,,,,,,,,,,,,,,,,,,,,,,,,,,,,,,,,,,,,,,,,,,,,,,,,,,,,,,,,,,,,,,,,,,,,,,
2019-06-11,1000.2,1002.5,2019-06-11T23:09:00,998.2,2019-06-11T02:45:00,26.5,28.4,2019-06-11T06:35:00,24.6,2019-06-11T23:40:00,90,75,2019-06-11T06:34:00,1.6,182,9.1,191,2019-06-11T12:24:00,80.5,,,,,,,,,,,,,,,,53.0,2019-06-11T13:00:00,,,0,,99,2019-06-11T14:03:00,,,,,,,,,,,,,,,,,,,,,,,,,,,,,,,,,,,,,,,,,,,,,,,,,,,,,,,,,,,,,,,,,,,,,,,,,,
2019-06-12,1001.2,1002.4,2019-06-12T08:51:00,999.8,2019-06-12T01:42:00,24.8,26.6,2019-06-12T15:47:00,23.3,2019-06-12T05:10:00,97,85,2019-06-12T00:41:00,1.1,138,6.2,154,2019-06-12T10:16:00,104.0,,,,,,,,,,,,,,,,15.0,2019-06-12T17:00:00,,,0,,99,2019-06-12T05:43:00,,,,,,,,,,,,,,,,,,,,,,,,,,,,,,,,,,,,,,,,,,,,,,,,,,,,,,,,,,,,,,,,,,,,,,,,,,
2019-06-13,998.8,1001.0,2019-06-13T08:07:00,996.7,2019-06-13T17:29:00,27.7,33.2,2019-06-13T13:22:00,24.6,2019-06-13T23:40:00,87,61,2019-06-13T13:30:00,1.3,185,9.3,146,2019-06-13T13:41:00,5.5,,,,,,,,,,,,,,,,4.5,2019-06-13T23:59:00,,,0,,99,2019-06-13T04:31:00,,,,,,,,,,,,,,,,,,,,,,,,,,,,,,,,,,,,,,,,,,,,,,,,,,,,,,,,,,,,,,,,,,,,,,,,,,
2019-06-14,996.8,998.8,2019-06-14T22:17:00,995.1,2019-06-14T15:34:00,26.2,28.6,2019-06-14T16:46:00,23.2,2019-06-14T11:28:00,90,79,2019-06-14T16:39:00,1.5,22,8.0,360,2019-06-14T11:18:00,32.5,,,,,,,,,,,,,,,,10.5,2019-06-14T12:00:00,,,0,,99,2019-06-14T11:34:00,,,,,,,,,,,,,,,,,,,,,,,,,,,,,,,,,,,,,,,,,,,,,,,,,,,,,,,,,,,,,,,,,,,,,,,,,,
2019-06-15,999.7,1001.9,2019-06-15T22:32:00,997.9,2019-06-15T03:02:00,27.4,32.2,2019-06-15T14:48:00,23.0,2019-06-15T05:50:00,74,51,2019-06-15T15:51:00,1.6,331,6.2,331,2019-06-15T16:14:00,0.0,,,,,,,,,,,,,,,,0.0,,,,0,,95,2019-06-15T02:26:00,,,,,,,,,,,,,,,,,,,,,,,,,,,,,,,,,,,,,,,,,,,,,,,,,,,,,,,,,,,,,,,,,,,,,,,,,,
2019-06-16,1002.2,1004.9,2019-06-16T22:38:00,1000.2,2019-06-16T02:54:00,27.4,33.6,2019-06-16T12:47:00,24.4,2019-06-16T05:54:00,81,55,2019-06-16T12:48:00,1.1,21,7.3,289,2019-06-16T13:28:00,2.0,,,,,,,,,,,,,,,,1.5,2019-06-16T18:00:00,,,0,,95,2019-06-16T18:58:00,,,,,,,,,,,,,,,,,,,,,,,,,,,,,,,,,,,,,,,,,,,,,,,,,,,,,,,,,,,,,,,,,,,,,,,,,,
2019-06-17,1004.6,1006.8,2019-06-17T22:31:00,1003.4,2019-06-17T14:03:00,28.1,34.3,2019-06-17T12:08:00,24.9,2019-06-17T01:48:00,84,56,2019-06-17T12:10:00,1.3,5,8.3,184,2019-06-17T15:04:00,4.0,,,,,,,,,,,,,,,,2.5,2019-06-17T18:00:00,,,0,,98,2019-06-17T18:18:00,,,,,,,,,,,,,,,,,,,,,,,,,,,,,,,,,,,,,,,,,,,,,,,,,,,,,,,,,,,,,,,,,,,,,,,,,,
2019-06-18,1004.7,1005.7,2019-06-19T00:00:00,1003.7,2019-06-18T16:01:00,29.8,35.5,2019-06-18T13:00:00,25.8,2019-06-18T04:09:00,77,52,2019-06-18T13:06:00,1.0,216,7.0,235,2019-06-18T12:19:00,1.5,,,,,,,,,,,,,,,,1.0,2019-06-18T15:00:00,,,0,,96,2019-06-18T00:11:00,,,,,,,,,,,,,,,,,,,,,,,,,,,,,,,,,,,,,,,,,,,,,,,,,,,,,,,,,,,,,,,,,,,,,,,,,,
2019-06-19,1003.6,1005.0,2019-06-19T07:40:00,1001.5,2019-06-19T16:55:00,30.5,34.8,2019-06-19T13:14:00,26.7,2019-06-19T05:30:00,72,53,2019-06-19T13:36:00,1.2,99,7.4,294,2019-06-19T12:51:00,0.0,,,,,,,,,,,,,,,,0.0,,,,0,,90,2019-06-19T23:57:00,,,,,,,,,,,,,,,,,,,,,,,,,,,,,,,,,,,,,,,,,,,,,,,,,,,,,,,,,,,,,,,,,,,,,,,,,,
2019-06-20,1002.4,1003.6,2019-06-20T09:37:00,1001.0,2019-06-20T15:39:00,29.9,34.1,2019-06-20T13:13:00,26.4,2019-06-20T05:17:00,77,58,2019-06-20T13:36:00,1.2,224,7.1,248,2019-06-20T15:29:00,0.0,,,,,,,,,,,,,,,,0.0,,,,0,,92,2019-06-20T00:29:00,,,,,,,,,,,,,,,,,,,,,,,,,,,,,,,,,,,,,,,,,,,,,,,,,,,,,,,,,,,,,,,,,,,,,,,,,,
2019-06-21,1001.6,1002.9,2019-06-21T06:53:00,1000.3,2019-06-21T15:51:00,30.0,34.4,2019-06-21T13:27:00,26.4,2019-06-21T04:40:00,73,49,2019-06-21T13:32:00,1.7,181,7.4,219,2019-06-21T10:21:00,0.0,,,,,,,,,,,,,,,,0.0,,,,0,,91,2019-06-21T03:17:00,,,,,,,,,,,,,,,,,,,,,,,,,,,,,,,,,,,,,,,,,,,,,,,,,,,,,,,,,,,,,,,,,,,,,,,,,,
2019-06-22,1000.3,1001.7,2019-06-22T10:06:00,998.5,2019-06-22T16:17:00,30.4,34.3,2019-06-22T14:01:00,27.5,2019-06-22T05:30:00,69,49,2019-06-22T14:59:00,1.7,182,7.2,169,2019-06-22T09:41:00,0.0,,,,,,,,,,,,,,,,0.0,,,,0,,81,2019-06-23T00:00:00,,,,,,,,,,,,,,,,,,,,,,,,,,,,,,,,,,,,,,,,,,,,,,,,,,,,,,,,,,,,,,,,,,,,,,,,,,
2019-06-23,1000.9,1002.9,2019-06-23T21:21:00,998.7,2019-06-23T03:48:00,28.3,33.1,2019-06-23T12:06:00,24.4,2019-06-23T13:00:00,79,55,2019-06-23T12:08:00,1.9,10,9.7,287,2019-06-23T12:46:00,17.0,,,,,,,,,,,,,,,,15.0,2019-06-23T13:00:00,,,0,,98,2019-06-23T13:14:00,,,,,,,,,,,,,,,,,,,,,,,,,,,,,,,,,,,,,,,,,,,,,,,,,,,,,,,,,,,,,,,,,,,,,,,,,,
2019-06-24,1002.9,1004.6,2019-06-24T22:50:00,1000.8,2019-06-24T03:35:00,26.9,28.9,2019-06-24T16:07:00,24.0,2019-06-24T07:43:00,88,77,2019-06-24T16:09:00,1.1,17,5.2,140,2019-06-24T08:04:00,11.5,,,,,,,,,,,,,,,,7.0,2019-06-24T08:00:00,,,0,,98,2019-06-24T08:15:00,,,,,,,,,,,,,,,,,,,,,,,,,,,,,,,,,,,,,,,,,,,,,,,,,,,,,,,,,,,,,,,,,,,,,,,,,,
2019-06-25,1002.8,1004.1,2019-06-25T07:47:00,1001.3,2019-06-25T13:16:00,27.5,31.2,2019-06-25T15:51:00,24.9,2019-06-25T21:57:00,80,52,2019-06-25T16:13:00,1.1,209,9.7,221,2019-06-25T11:24:00,4.0,,,,,,,,,,,,,,,,1.5,2019-06-25T19:00:00,,,0,,95,2019-06-25T21:47:00,,,,,,,,,,,,,,,,,,,,,,,,,,,,,,,,,,,,,,,,,,,,,,,,,,,,,,,,,,,,,,,,,,,,,,,,,,
2019-06-26,999.8,1002.5,2019-06-26T00:02:00,997.5,2019-06-26T17:59:00,26.0,29.2,2019-06-26T13:27:00,24.3,2019-06-26T04:42:00,89,74,2019-06-26T08:02:00,1.5,179,7.3,203,2019-06-26T13:40:00,11.0,,,,,,,,,,,,,,,,4.0,2019-06-26T16:00:00,,,0,,98,2019-06-26T16:48:00,,,,,,,,,,,,,,,,,,,,,,,,,,,,,,,,,,,,,,,,,,,,,,,,,,,,,,,,,,,,,,,,,,,,,,,,,,
2019-06-27,998.0,999.2,2019-06-27T10:13:00,996.3,2019-06-27T16:40:00,28.0,31.8,2019-06-27T16:39:00,25.3,2019-06-27T03:00:00,84,67,2019-06-27T16:40:00,1.3,149,7.2,220,2019-06-27T13:27:00,0.0,,,,,,,,,,,,,,,,0.0,,,,0,,94,2019-06-27T03:49:00,,,,,,,,,,,,,,,,,,,,,,,,,,,,,,,,,,,,,,,,,,,,,,,,,,,,,,,,,,,,,,,,,,,,,,,,,,
2019-06-28,998.2,999.4,2019-06-28T21:54:00,996.3,2019-06-28T16:30:00,30.3,34.9,2019-06-28T11:59:00,25.6,2019-06-28T04:22:00,76,55,2019-06-28T11:06:00,1.4,211,8.0,236,2019-06-28T16:35:00,0.0,,,,,,,,,,,,,,,,0.0,,,,0,,95,2019-06-28T01:06:00,,,,,,,,,,,,,,,,,,,,,,,,,,,,,,,,,,,,,,,,,,,,,,,,,,,,,,,,,,,,,,,,,,,,,,,,,,
2019-06-29,997.9,999.1,2019-06-29T21:58:00,996.6,2019-06-29T02:35:00,30.0,33.7,2019-06-29T10:49:00,26.9,2019-06-29T05:42:00,77,62,2019-06-29T10:51:00,1.5,208,6.9,288,2019-06-29T11:53:00,0.0,,,,,,,,,,,,,,,,0.0,,,,0,,88,2019-06-29T04:30:00,,,,,,,,,,,,,,,,,,,,,,,,,,,,,,,,,,,,,,,,,,,,,,,,,,,,,,,,,,,,,,,,,,,,,,,,,,
2019-06-30,998.2,1000.0,2019-06-30T22:17:00,996.6,2019-06-30T15:23:00,29.4,35.8,2019-06-30T12:26:00,26.5,2019-06-30T05:32:00,82,52,2019-06-30T12:22:00,1.3,11,8.1,225,2019-06-30T12:55:00,2.5,,,,,,,,,,,,,,,,2.5,2019-06-30T16:00:00,,,0,,96,2019-06-30T19:15:00,,,,,,,,,,,,,,,,,,,,,,,,,,,,,,,,,,,,,,,,,,,,,,,,,,,,,,,,,,,,,,,,,,,,,,,,,,
2019-07-01,997.4,999.6,2019-07-01T00:36:00,995.2,2019-07-01T16:45:00,30.2,33.8,2019-07-01T12:37:00,26.7,2019-07-01T04:47:00,74,58,2019-07-01T16:00:00,2.3,354,9.0,7,2019-07-01T12:45:00,0.0,,,,,,,,,,,,,,,,0.0,,,,0,,94,2019-07-01T03:02:00,,,,,,,,,,,,,,,,,,,,,,,,,,,,,,,,,,,,,,,,,,,,,,,,,,,,,,,,,,,,,,,,,,,,,,,,,,
2019-07-02,998.4,1003.1,2019-07-02T23:46:00,995.4,2019-07-02T02:34:00,28.8,33.0,2019-07-02T13:16:00,25.1,2019-07-02T23:54:00,79,60,2019-07-02T13:19:00,3.0,192,14.0,184,2019-07-02T11:49:00,3.0,,,,,,,,,,,,,,,,3.0,2019-07-02T23:59:00,,,0,,96,2019-07-02T23:54:00,,,,,,,,,,,,,,,,,,,,,,,,,,,,,,,,,,,,,,,,,,,,,,,,,,,,,,,,,,,,,,,,,,,,,,,,,,
2019-07-03,1003.8,1006.2,2019-07-03T20:37:00,1001.2,2019-07-03T01:53:00,26.0,29.5,2019-07-03T13:28:00,23.9,2019-07-03T04:52:00,90,75,2019-07-03T13:28:00,1.8,181,11.4,244,2019-07-03T10:40:00,31.0,,,,,,,,,,,,,,,,4.0,2019-07-03T05:00:00,,,0,,97,2019-07-03T08:36:00,,,,,,,,,,,,,,,,,,,,,,,,,,,,,,,,,,,,,,,,,,,,,,,,,,,,,,,,,,,,,,,,,,,,,,,,,,
2019-07-04,1003.9,1005.5,2019-07-04T12:25:00,1002.1,2019-07-04T17:28:00,29.1,34.1,2019-07-04T10:50:00,25.0,2019-07-04T12:28:00,74,48,2019-07-04T10:07:00,1.8,168,11.7,226,2019-07-04T12:18:00,4.5,,,,,,,,,,,,,,,,4.5,2019-07-04T13:00:00,,,0,,95,2019-07-04T12:34:00,,,,,,,,,,,,,,,,,,,,,,,,,,,,,,,,,,,,,,,,,,,,,,,,,,,,,,,,,,,,,,,,,,,,,,,,,,
2019-07-05,1001.4,1003.6,2019-07-05T11:28:00,999.1,2019-07-05T18:14:00,28.5,32.1,2019-07-05T09:53:00,25.1,2019-07-05T11:40:00,75,59,2019-07-05T09:24:00,1.7,201,9.6,223,2019-07-05T10:14:00,2.0,,,,,,,,,,,,,,,,1.0,2019-07-05T11:00:00,,,0,,95,2019-07-05T11:28:00,,,,,,,,,,,,,,,,,,,,,,,,,,,,,,,,,,,,,,,,,,,,,,,,,,,,,,,,,,,,,,,,,,,,,,,,,,
2019-07-06,999.6,1001.1,2019-07-06T23:38:00,998.0,2019-07-06T16:00:00,28.6,32.1,2019-07-06T12:33:00,25.6,2019-07-06T20:00:00,77,59,2019-07-06T08:59:00,2.2,186,10.7,225,2019-07-06T13:05:00,8.0,,,,,,,,,,,,,,,,5.5,2019-07-06T14:00:00,,,0,,97,2019-07-06T13:18:00,,,,,,,,,,,,,,,,,,,,,,,,,,,,,,,,,,,,,,,,,,,,,,,,,,,,,,,,,,,,,,,,,,,,,,,,,,
2019-07-07,1001.2,1003.3,2019-07-07T22:51:00,999.5,2019-07-07T04:07:00,29.6,34.0,2019-07-07T13:01:00,26.3,2019-07-07T05:50:00,74,53,2019-07-07T12:04:00,2.1,188,9.9,224,2019-07-07T13:23:00,0.5,,,,,,,,,,,,,,,,0.5,2019-07-07T10:00:00,,,0,,90,2019-07-07T04:34:00,,,,,,,,,,,,,,,,,,,,,,,,,,,,,,,,,,,,,,,,,,,,,,,,,,,,,,,,,,,,,,,,,,,,,,,,,,
2019-07-08,1002.4,1003.5,2019-07-08T09:58:00,1001.1,2019-07-08T17:51:00,29.6,33.5,2019-07-08T13:21:00,26.7,2019-07-08T05:10:00,73,57,2019-07-08T11:41:00,2.1,188,8.9,192,2019-07-08T15:26:00,0.0,,,,,,,,,,,,,,,,0.0,,,,0,,85,2019-07-08T23:23:00,,,,,,,,,,,,,,,,,,,,,,,,,,,,,,,,,,,,,,,,,,,,,,,,,,,,,,,,,,,,,,,,,,,,,,,,,,
2019-07-09,1000.5,1002.3,2019-07-09T08:32:00,998.4,2019-07-09T17:20:00,28.8,31.7,2019-07-09T15:44:00,25.4,2019-07-09T08:44:00,78,66,2019-07-09T17:51:00,2.1,184,8.5,212,2019-07-09T14:00:00,10.0,,,,,,,,,,,,,,,,8.5,2019-07-09T09:00:00,,,0,,97,2019-07-09T08:42:00,,,,,,,,,,,,,,,,,,,,,,,,,,,,,,,,,,,,,,,,,,,,,,,,,,,,,,,,,,,,,,,,,,,,,,,,,,
2019-07-10,1000.9,1004.1,2019-07-10T21:31:00,998.9,2019-07-10T04:23:00,27.8,32.6,2019-07-10T11:27:00,24.9,2019-07-10T12:18:00,86,65,2019-07-10T11:27:00,2.0,176,12.6,215,2019-07-10T12:10:00,41.0,,,,,,,,,,,,,,,,20.0,2019-07-10T13:00:00,,,0,,98,2019-07-10T19:20:00,,,,,,,,,,,,,,,,,,,,,,,,,,,,,,,,,,,,,,,,,,,,,,,,,,,,,,,,,,,,,,,,,,,,,,,,,,
2019-07-11,1004.4,1006.5,2019-07-11T22:50:00,1003.6,2019-07-11T16:42:00,28.3,31.4,2019-07-11T15:53:00,26.8,2019-07-11T23:32:00,82,68,2019-07-11T15:56:00,1.7,198,8.4,180,2019-07-11T12:35:00,5.5,,,,,,,,,,,,,,,,3.5,2019-07-11T12:00:00,,,0,,93,2019-07-11T23:21:00,,,,,,,,,,,,,,,,,,,,,,,,,,,,,,,,,,,,,,,,,,,,,,,,,,,,,,,,,,,,,,,,,,,,,,,,,,
2019-07-12,1004.1,1006.2,2019-07-12T00:15:00,1001.5,2019-07-12T16:01:00,29.5,34.1,2019-07-12T13:21:00,25.2,2019-07-12T04:24:00,79,61,2019-07-12T11:48:00,1.8,170,10.5,250,2019-07-12T14:51:00,4.5,,,,,,,,,,,,,,,,4.5,2019-07-12T03:00:00,,,0,,98,2019-07-12T03:08:00,,,,,,,,,,,,,,,,,,,,,,,,,,,,,,,,,,,,,,,,,,,,,,,,,,,,,,,,,,,,,,,,,,,,,,,,,,
2019-07-13,1001.8,1004.0,2019-07-14T00:00:00,999.6,2019-07-13T15:34:00,30.3,33.8,2019-07-13T13:56:00,27.3,2019-07-13T06:10:00,71,56,2019-07-13T11:12:00,2.0,179,9.3,221,2019-07-13T14:20:00,0.0,,,,,,,,,,,,,,,,0.0,,,,0,,85,2019-07-13T06:09:00,,,,,,,,,,,,,,,,,,,,,,,,,,,,,,,,,,,,,,,,,,,,,,,,,,,,,,,,,,,,,,,,,,,,,,,,,,
2019-07-14,1000.4,1001.6,2019-07-14T21:31:00,999.0,2019-07-14T16:35:00,30.1,33.6,2019-07-14T14:38:00,26.4,2019-07-14T05:10:00,74,58,2019-07-14T14:38:00,1.5,134,7.4,304,2019-07-14T13:50:00,0.0,,,,,,,,,,,,,,,,0.0,,,,0,,88,2019-07-14T23:59:00,,,,,,,,,,,,,,,,,,,,,,,,,,,,,,,,,,,,,,,,,,,,,,,,,,,,,,,,,,,,,,,,,,,,,,,,,,
2019-07-15,1000.2,1001.6,2019-07-15T22:35:00,998.6,2019-07-15T16:22:00,30.6,34.6,2019-07-15T13:01:00,27.1,2019-07-15T05:39:00,74,57,2019-07-15T13:01:00,0.8,137,6.9,277,2019-07-15T14:08:00,0.0,,,,,,,,,,,,,,,,0.0,,,,0,,92,2019-07-15T02:22:00,,,,,,,,,,,,,,,,,,,,,,,,,,,,,,,,,,,,,,,,,,,,,,,,,,,,,,,,,,,,,,,,,,,,,,,,,,
2019-07-16,999.1,1001.3,2019-07-16T00:09:00,997.1,2019-07-16T16:54:00,30.1,33.5,2019-07-16T14:17:00,28.0,2019-07-16T06:22:00,79,57,2019-07-16T14:17:00,1.8,329,9.3,354,2019-07-16T14:00:00,0.0,,,,,,,,,,,,,,,,0.0,,,,0,,93,2019-07-16T06:37:00,,,,,,,,,,,,,,,,,,,,,,,,,,,,,,,,,,,,,,,,,,,,,,,,,,,,,,,,,,,,,,,,,,,,,,,,,,
2019-07-17,992.5,997.4,2019-07-18T00:00:00,988.6,2019-07-17T17:04:00,31.2,36.3,2019-07-17T13:12:00,27.2,2019-07-17T04:32:00,75,53,2019-07-17T14:12:00,0.9,20,4.8,310,2019-07-17T14:25:00,0.0,,,,,,,,,,,,,,,,0.0,,,,0,,93,2019-07-17T01:35:00,,,,,,,,,,,,,,,,,,,,,,,,,,,,,,,,,,,,,,,,,,,,,,,,,,,,,,,,,,,,,,,,,,,,,,,,,,
2019-07-18,991.3,993.3,2019-07-18T20:58:00,990.0,2019-07-18T04:55:00,28.5,32.5,2019-07-18T12:02:00,25.6,2019-07-18T15:55:00,88,66,2019-07-18T11:50:00,1.1,205,9.3,211,2019-07-18T14:01:00,18.5,,,,,,,,,,,,,,,,10.5,2019-07-18T15:00:00,,,0,,98,2019-07-18T15:03:00,,,,,,,,,,,,,,,,,,,,,,,,,,,,,,,,,,,,,,,,,,,,,,,,,,,,,,,,,,,,,,,,,,,,,,,,,,
2019-07-19,995.3,1000.4,2019-07-19T21:33:00,990.5,2019-07-19T04:27:00,28.2,32.2,2019-07-19T16:26:00,25.3,2019-07-19T21:20:00,87,64,2019-07-19T16:39:00,1.4,170,8.3,219,2019-07-19T18:30:00,48.0,,,,,,,,,,,,,,,,37.0,2019-07-19T21:00:00,,,0,,99,2019-07-19T21:29:00,,,,,,,,,,,,,,,,,,,,,,,,,,,,,,,,,,,,,,,,,,,,,,,,,,,,,,,,,,,,,,,,,,,,,,,,,,
2019-07-20,1001.3,1004.0,2019-07-20T22:40:00,999.3,2019-07-20T01:27:00,27.4,30.2,2019-07-20T10:52:00,25.0,2019-07-20T04:00:00,83,69,2019-07-20T10:49:00,2.0,177,8.9,223,2019-07-20T14:44:00,32.5,,,,,,,,,,,,,,,,15.0,2019-07-20T23:00:00,,,0,,98,2019-07-20T23:50:00,,,,,,,,,,,,,,,,,,,,,,,,,,,,,,,,,,,,,,,,,,,,,,,,,,,,,,,,,,,,,,,,,,,,,,,,,,
2019-07-21,1002.5,1004.6,2019-07-21T10:53:00,1001.1,2019-07-21T16:13:00,28.2,32.5,2019-07-21T14:09:00,25.5,2019-07-22T00:00:00,80,57,2019-07-21T15:16:00,1.7,174,8.6,223,2019-07-21T10:14:00,0.5,,,,,,,,,,,,,,,,0.5,2019-07-21T01:00:00,,,0,,97,2019-07-22T00:00:00,,,,,,,,,,,,,,,,,,,,,,,,,,,,,,,,,,,,,,,,,,,,,,,,,,,,,,,,,,,,,,,,,,,,,,,,,,
2019-07-22,1002.0,1003.4,2019-07-22T23:13:00,1000.6,2019-07-22T15:50:00,27.8,32.0,2019-07-22T11:09:00,24.5,2019-07-22T18:52:00,81,60,2019-07-22T12:47:00,1.2,69,9.0,228,2019-07-22T11:25:00,13.0,,,,,,,,,,,,,,,,11.5,2019-07-22T19:00:00,,,0,,98,2019-07-22T18:56:00,,,,,,,,,,,,,,,,,,,,,,,,,,,,,,,,,,,,,,,,,,,,,,,,,,,,,,,,,,,,,,,,,,,,,,,,,,
2019-07-23,1001.9,1003.2,2019-07-23T00:01:00,1000.4,2019-07-23T15:33:00,27.6,34.3,2019-07-23T12:03:00,24.1,2019-07-23T13:45:00,84,56,2019-07-23T12:04:00,0.9,232,9.8,212,2019-07-23T13:33:00,34.0,,,,,,,,,,,,,,,,33.0,2019-07-23T14:00:00,,,0,,99,2019-07-23T14:07:00,,,,,,,,,,,,,,,,,,,,,,,,,,,,,,,,,,,,,,,,,,,,,,,,,,,,,,,,,,,,,,,,,,,,,,,,,,
2019-07-24,1002.7,1004.2,2019-07-24T22:21:00,1001.3,2019-07-24T04:14:00,28.9,34.1,2019-07-24T11:37:00,25.1,2019-07-24T05:40:00,80,55,2019-07-24T11:47:00,1.0,142,7.2,297,2019-07-24T13:05:00,0.0,,,,,,,,,,,,,,,,0.0,,,,0,,95,2019-07-24T03:58:00,,,,,,,,,,,,,,,,,,,,,,,,,,,,,,,,,,,,,,,,,,,,,,,,,,,,,,,,,,,,,,,,,,,,,,,,,,
2019-07-25,1003.5,1004.8,2019-07-25T09:19:00,1001.8,2019-07-25T16:17:00,29.6,34.0,2019-07-25T12:42:00,26.1,2019-07-25T05:00:00,77,56,2019-07-25T14:11:00,1.1,120,6.9,286,2019-07-25T15:22:00,0.0,,,,,,,,,,,,,,,,0.0,,,,0,,92,2019-07-25T04:58:00,,,,,,,,,,,,,,,,,,,,,,,,,,,,,,,,,,,,,,,,,,,,,,,,,,,,,,,,,,,,,,,,,,,,,,,,,,
2019-07-26,1001.8,1003.3,2019-07-26T07:35:00,999.5,2019-07-26T15:04:00,29.9,34.6,2019-07-26T13:01:00,26.8,2019-07-26T05:30:00,75,54,2019-07-26T10:12:00,1.2,127,7.9,158,2019-07-26T16:21:00,0.0,,,,,,,,,,,,,,,,0.0,,,,0,,88,2019-07-26T00:42:00,,,,,,,,,,,,,,,,,,,,,,,,,,,,,,,,,,,,,,,,,,,,,,,,,,,,,,,,,,,,,,,,,,,,,,,,,,
2019-07-27,1001.6,1003.3,2019-07-27T21:40:00,999.9,2019-07-27T15:24:00,28.4,33.8,2019-07-27T11:34:00,25.4,2019-07-27T23:52:00,81,60,2019-07-27T10:59:00,1.1,4,8.5,139,2019-07-27T15:22:00,2.0,,,,,,,,,,,,,,,,1.5,2019-07-27T19:00:00,,,0,,95,2019-07-27T21:37:00,,,,,,,,,,,,,,,,,,,,,,,,,,,,,,,,,,,,,,,,,,,,,,,,,,,,,,,,,,,,,,,,,,,,,,,,,,
2019-07-28,1002.9,1004.4,2019-07-28T20:59:00,1000.8,2019-07-28T03:20:00,28.0,32.6,2019-07-28T10:20:00,24.8,2019-07-28T01:13:00,81,60,2019-07-28T13:28:00,1.1,148,6.4,307,2019-07-28T12:33:00,2.0,,,,,,,,,,,,,,,,1.0,2019-07-28T18:00:00,,,0,,97,2019-07-28T18:02:00,,,,,,,,,,,,,,,,,,,,,,,,,,,,,,,,,,,,,,,,,,,,,,,,,,,,,,,,,,,,,,,,,,,,,,,,,,
2019-07-29,1002.8,1003.9,2019-07-29T21:44:00,1000.6,2019-07-29T16:23:00,29.2,34.2,2019-07-29T14:17:00,25.0,2019-07-29T04:50:00,79,52,2019-07-29T12:39:00,1.4,332,7.0,336,2019-07-29T15:23:00,2.5,,,,,,,,,,,,,,,,2.5,2019-07-29T18:00:00,,,0,,96,2019-07-29T03:53:00,,,,,,,,,,,,,,,,,,,,,,,,,,,,,,,,,,,,,,,,,,,,,,,,,,,,,,,,,,,,,,,,,,,,,,,,,,
2019-07-30,1001.8,1003.7,2019-07-30T00:03:00,999.2,2019-07-30T16:34:00,29.2,34.7,2019-07-30T12:52:00,25.8,2019-07-30T05:00:00,80,56,2019-07-30T12:19:00,1.4,330,6.5,319,2019-07-30T15:09:00,0.0,,,,,,,,,,,,,,,,0.0,,,,0,,95,2019-07-30T01:55:00,,,,,,,,,,,,,,,,,,,,,,,,,,,,,,,,,,,,,,,,,,,,,,,,,,,,,,,,,,,,,,,,,,,,,,,,,,
2019-07-31,1001.1,1003.1,2019-07-31T22:22:00,999.3,2019-07-31T14:48:00,28.6,35.6,2019-07-31T12:53:00,23.7,2019-07-31T16:35:00,83,53,2019-07-31T12:55:00,1.0,4,10.3,168,2019-07-31T15:50:00,37.0,,,,,,,,,,,,,,,,18.0,2019-07-31T15:00:00,,,0,,98,2019-07-31T16:24:00,,,,,,,,,,,,,,,,,,,,,,,,,,,,,,,,,,,,,,,,,,,,,,,,,,,,,,,,,,,,,,,,,,,,,,,,,,
2019-08-01,1001.6,1002.7,2019-08-01T22:57:00,1000.4,2019-08-01T14:55:00,27.6,32.6,2019-08-01T12:21:00,24.6,2019-08-01T17:10:00,88,61,2019-08-01T12:38:00,1.3,30,9.6,118,2019-08-01T15:33:00,30.5,,,,,,,,,,,,,,,,24.5,2019-08-01T17:00:00,,,0,,99,2019-08-01T16:57:00,,,,,,,,,,,,,,,,,,,,,,,,,,,,,,,,,,,,,,,,,,,,,,,,,,,,,,,,,,,,,,,,,,,,,,,,,,
2019-08-02,1000.1,1002.0,2019-08-03T00:00:00,998.3,2019-08-02T14:57:00,27.2,32.1,2019-08-02T14:25:00,25.1,2019-08-02T01:22:00,86,64,2019-08-02T14:59:00,1.2,5,7.9,334,2019-08-02T14:45:00,1.0,,,,,,,,,,,,,,,,0.5,2019-08-02T17:00:00,,,0,,98,2019-08-02T00:09:00,,,,,,,,,,,,,,,,,,,,,,,,,,,,,,,,,,,,,,,,,,,,,,,,,,,,,,,,,,,,,,,,,,,,,,,,,,
2019-08-03,997.7,999.5,2019-08-04T00:00:00,995.9,2019-08-03T17:25:00,28.3,32.7,2019-08-03T12:19:00,24.6,2019-08-03T04:07:00,81,57,2019-08-03T11:55:00,1.2,26,7.7,323,2019-08-03T12:58:00,0.0,,,,,,,,,,,,,,,,0.0,,,,0,,96,2019-08-03T00:24:00,,,,,,,,,,,,,,,,,,,,,,,,,,,,,,,,,,,,,,,,,,,,,,,,,,,,,,,,,,,,,,,,,,,,,,,,,,
2019-08-04,996.6,997.5,2019-08-05T00:00:00,995.2,2019-08-04T15:09:00,29.2,33.9,2019-08-04T13:35:00,26.1,2019-08-04T05:25:00,82,59,2019-08-04T10:57:00,1.1,158,7.5,325,2019-08-04T14:40:00,2.0,,,,,,,,,,,,,,,,1.0,2019-08-04T17:00:00,,,0,,96,2019-08-04T17:03:00,,,,,,,,,,,,,,,,,,,,,,,,,,,,,,,,,,,,,,,,,,,,,,,,,,,,,,,,,,,,,,,,,,,,,,,,,,
2019-08-05,996.6,998.0,2019-08-05T09:05:00,994.7,2019-08-05T15:37:00,29.2,33.7,2019-08-05T11:58:00,26.3,2019-08-05T03:07:00,81,59,2019-08-05T11:52:00,1.3,13,7.2,334,2019-08-05T14:41:00,0.0,,,,,,,,,,,,,,,,0.0,,,,0,,95,2019-08-05T06:04:00,,,,,,,,,,,,,,,,,,,,,,,,,,,,,,,,,,,,,,,,,,,,,,,,,,,,,,,,,,,,,,,,,,,,,,,,,,
2019-08-06,996.0,997.8,2019-08-06T06:12:00,994.2,2019-08-06T14:56:00,29.1,34.1,2019-08-06T11:47:00,27.0,2019-08-06T04:10:00,82,57,2019-08-06T11:50:00,1.4,170,8.3,310,2019-08-06T14:07:00,0.0,,,,,,,,,,,,,,,,0.0,,,,0,,95,2019-08-06T20:55:00,,,,,,,,,,,,,,,,,,,,,,,,,,,,,,,,,,,,,,,,,,,,,,,,,,,,,,,,,,,,,,,,,,,,,,,,,,
2019-08-07,992.8,995.3,2019-08-07T00:02:00,990.0,2019-08-07T16:32:00,29.1,33.4,2019-08-07T13:23:00,26.3,2019-08-07T05:40:00,83,61,2019-08-07T13:55:00,1.4,3,7.2,119,2019-08-07T17:20:00,6.0,,,,,,,,,,,,,,,,6.0,2019-08-07T18:00:00,,,0,,99,2019-08-07T17:56:00,,,,,,,,,,,,,,,,,,,,,,,,,,,,,,,,,,,,,,,,,,,,,,,,,,,,,,,,,,,,,,,,,,,,,,,,,,
2019-08-08,988.2,991.3,2019-08-09T00:00:00,985.7,2019-08-08T14:38:00,29.3,34.3,2019-08-08T12:34:00,26.9,2019-08-08T05:25:00,83,59,2019-08-08T11:07:00,1.7,19,12.0,332,2019-08-08T16:14:00,0.5,,,,,,,,,,,,,,,,0.5,2019-08-08T14:00:00,,,0,,97,2019-08-08T01:56:00,,,,,,,,,,,,,,,,,,,,,,,,,,,,,,,,,,,,,,,,,,,,,,,,,,,,,,,,,,,,,,,,,,,,,,,,,,
2019-08-09,987.1,989.8,2019-08-09T21:07:00,984.4,2019-08-09T04:00:00,28.5,31.3,2019-08-09T14:59:00,26.0,2019-08-09T05:02:00,85,70,2019-08-09T15:32:00,3.0,1,11.0,3,2019-08-09T08:36:00,10.5,,,,,,,,,,,,,,,,3.5,2019-08-09T07:00:00,,,0,,98,2019-08-09T06:39:00,,,,,,,,,,,,,,,,,,,,,,,,,,,,,,,,,,,,,,,,,,,,,,,,,,,,,,,,,,,,,,,,,,,,,,,,,,
2019-08-10,992.9,996.4,2019-08-10T23:15:00,989.0,2019-08-10T02:01:00,29.9,31.5,2019-08-10T13:26:00,29.1,2019-08-10T21:53:00,86,78,2019-08-10T13:28:00,3.2,206,11.7,218,2019-08-10T00:44:00,0.0,,,,,,,,,,,,,,,,0.0,,,,0,,90,2019-08-10T02:12:00,,,,,,,,,,,,,,,,,,,,,,,,,,,,,,,,,,,,,,,,,,,,,,,,,,,,,,,,,,,,,,,,,,,,,,,,,,
2019-08-11,996.3,997.4,2019-08-11T20:50:00,995.3,2019-08-11T05:13:00,29.1,31.5,2019-08-11T13:48:00,27.1,2019-08-11T05:20:00,88,75,2019-08-11T13:54:00,2.2,196,9.5,223,2019-08-11T13:41:00,9.5,,,,,,,,,,,,,,,,4.5,2019-08-11T06:00:00,,,0,,98,2019-08-11T05:19:00,,,,,,,,,,,,,,,,,,,,,,,,,,,,,,,,,,,,,,,,,,,,,,,,,,,,,,,,,,,,,,,,,,,,,,,,,,
2019-08-12,997.3,998.6,2019-08-12T22:14:00,996.0,2019-08-12T17:50:00,28.0,30.4,2019-08-12T09:12:00,25.9,2019-08-12T13:42:00,91,79,2019-08-12T09:10:00,1.6,160,7.2,197,2019-08-12T11:35:00,14.5,,,,,,,,,,,,,,,,6.0,2019-08-12T13:00:00,,,0,,98,2019-08-12T13:13:00,,,,,,,,,,,,,,,,,,,,,,,,,,,,,,,,,,,,,,,,,,,,,,,,,,,,,,,,,,,,,,,,,,,,,,,,,,
2019-08-13,997.6,1000.3,2019-08-13T09:41:00,995.2,2019-08-13T15:33:00,26.4,29.9,2019-08-13T16:11:00,23.7,2019-08-13T08:19:00,91,72,2019-08-13T16:11:00,1.4,163,8.0,132,2019-08-13T06:33:00,153.0,,,,,,,,,,,,,,,,53.5,2019-08-13T05:00:00,,,0,,100,2019-08-13T06:17:00,,,,,,,,,,,,,,,,,,,,,,,,,,,,,,,,,,,,,,,,,,,,,,,,,,,,,,,,,,,,,,,,,,,,,,,,,,
2019-08-14,997.5,998.9,2019-08-14T09:04:00,994.9,2019-08-14T16:10:00,29.8,34.5,2019-08-14T14:06:00,25.4,2019-08-14T23:57:00,78,57,2019-08-14T14:00:00,1.8,210,10.3,213,2019-08-14T23:51:00,2.0,,,,,,,,,,,,,,,,2.0,2019-08-14T23:59:00,,,0,,98,2019-08-14T23:59:00,,,,,,,,,,,,,,,,,,,,,,,,,,,,,,,,,,,,,,,,,,,,,,,,,,,,,,,,,,,,,,,,,,,,,,,,,,
2019-08-15,997.3,998.9,2019-08-15T10:55:00,994.9,2019-08-15T16:12:00,26.4,31.4,2019-08-15T14:40:00,24.2,2019-08-15T10:20:00,94,73,2019-08-15T14:40:00,1.9,140,10.7,243,2019-08-15T09:12:00,170.0,,,,,,,,,,,,,,,,30.5,2019-08-15T21:00:00,,,0,,99,2019-08-15T09:57:00,,,,,,,,,,,,,,,,,,,,,,,,,,,,,,,,,,,,,,,,,,,,,,,,,,,,,,,,,,,,,,,,,,,,,,,,,,
2019-08-16,999.0,1001.4,2019-08-16T23:48:00,997.0,2019-08-16T05:03:00,26.7,30.0,2019-08-16T16:14:00,24.8,2019-08-16T05:22:00,92,73,2019-08-16T16:15:00,1.8,149,7.2,144,2019-08-16T00:13:00,44.0,,,,,,,,,,,,,,,,11.5,2019-08-16T11:00:00,,,0,,99,2019-08-16T11:10:00,,,,,,,,,,,,,,,,,,,,,,,,,,,,,,,,,,,,,,,,,,,,,,,,,,,,,,,,,,,,,,,,,,,,,,,,,,
2019-08-17,1001.2,1002.8,2019-08-17T21:37:00,999.3,2019-08-17T14:51:00,27.2,31.5,2019-08-17T11:01:00,23.6,2019-08-17T04:56:00,89,73,2019-08-17T11:01:00,1.9,146,9.6,224,2019-08-17T15:28:00,88.5,,,,,,,,,,,,,,,,37.5,2019-08-17T05:00:00,,,0,,100,2019-08-17T05:02:00,,,,,,,,,,,,,,,,,,,,,,,,,,,,,,,,,,,,,,,,,,,,,,,,,,,,,,,,,,,,,,,,,,,,,,,,,,
2019-08-18,1001.2,1002.9,2019-08-18T10:17:00,999.1,2019-08-18T16:19:00,27.1,31.6,2019-08-18T15:07:00,24.2,2019-08-18T09:45:00,88,67,2019-08-18T15:23:00,1.6,198,9.5,228,2019-08-18T17:14:00,19.5,,,,,,,,,,,,,,,,9.0,2019-08-18T10:00:00,,,0,,99,2019-08-18T22:30:00,,,,,,,,,,,,,,,,,,,,,,,,,,,,,,,,,,,,,,,,,,,,,,,,,,,,,,,,,,,,,,,,,,,,,,,,,,
2019-08-19,1000.1,1001.3,2019-08-19T08:30:00,998.8,2019-08-19T16:21:00,26.7,29.7,2019-08-19T12:33:00,24.8,2019-08-20T00:00:00,88,69,2019-08-19T12:55:00,1.2,192,7.5,184,2019-08-19T09:22:00,1.5,,,,,,,,,,,,,,,,1.5,2019-08-19T15:00:00,,,0,,97,2019-08-19T00:03:00,,,,,,,,,,,,,,,,,,,,,,,,,,,,,,,,,,,,,,,,,,,,,,,,,,,,,,,,,,,,,,,,,,,,,,,,,,
2019-08-20,999.8,1000.9,2019-08-21T00:00:00,998.5,2019-08-20T14:47:00,26.9,32.0,2019-08-20T13:14:00,24.9,2019-08-20T05:30:00,87,64,2019-08-20T13:12:00,1.1,60,5.5,320,2019-08-20T14:13:00,0.5,,,,,,,,,,,,,,,,0.5,2019-08-20T19:00:00,,,0,,98,2019-08-20T01:12:00,,,,,,,,,,,,,,,,,,,,,,,,,,,,,,,,,,,,,,,,,,,,,,,,,,,,,,,,,,,,,,,,,,,,,,,,,,
2019-08-21,1000.0,1001.9,2019-08-21T22:38:00,998.5,2019-08-21T15:01:00,26.9,30.7,2019-08-21T14:09:00,23.9,2019-08-21T05:42:00,90,72,2019-08-21T13:37:00,0.9,116,5.3,16,2019-08-21T16:34:00,3.5,,,,,,,,,,,,,,,,1.5,2019-08-21T05:00:00,,,0,,99,2019-08-21T05:22:00,,,,,,,,,,,,,,,,,,,,,,,,,,,,,,,,,,,,,,,,,,,,,,,,,,,,,,,,,,,,,,,,,,,,,,,,,,
2019-08-22,1000.9,1002.5,2019-08-22T22:08:00,999.4,2019-08-22T14:35:00,29.1,33.7,2019-08-22T13:59:00,25.6,2019-08-22T05:54:00,83,57,2019-08-22T12:26:00,0.9,27,5.8,300,2019-08-22T14:14:00,5.0,,,,,,,,,,,,,,,,3.5,2019-08-22T16:00:00,,,0,,97,2019-08-22T02:03:00,,,,,,,,,,,,,,,,,,,,,,,,,,,,,,,,,,,,,,,,,,,,,,,,,,,,,,,,,,,,,,,,,,,,,,,,,,
2019-08-23,999.2,1002.2,2019-08-23T00:01:00,996.7,2019-08-23T16:36:00,29.4,33.3,2019-08-23T13:33:00,26.0,2019-08-23T05:50:00,82,60,2019-08-23T11:18:00,1.0,11,6.0,355,2019-08-23T13:52:00,0.0,,,,,,,,,,,,,,,,0.0,,,,0,,98,2019-08-23T04:43:00,,,,,,,,,,,,,,,,,,,,,,,,,,,,,,,,,,,,,,,,,,,,,,,,,,,,,,,,,,,,,,,,,,,,,,,,,,
2019-08-24,989.8,996.8,2019-08-25T00:00:00,980.6,2019-08-24T15:29:00,28.0,31.3,2019-08-24T15:23:00,25.9,2019-08-24T23:20:00,88,57,2019-08-24T16:21:00,1.3,12,8.2,226,2019-08-24T18:00:00,1.5,,,,,,,,,,,,,,,,0.5,2019-08-24T17:00:00,,,0,,97,2019-08-24T23:24:00,,,,,,,,,,,,,,,,,,,,,,,,,,,,,,,,,,,,,,,,,,,,,,,,,,,,,,,,,,,,,,,,,,,,,,,,,,
2019-08-25,1000.4,1004.2,2019-08-25T21:58:00,994.6,2019-08-25T00:02:00,27.6,32.3,2019-08-25T13:21:00,25.1,2019-08-25T05:30:00,85,60,2019-08-25T13:23:00,1.5,133,11.4,193,2019-08-25T15:08:00,10.0,,,,,,,,,,,,,,,,4.0,2019-08-25T05:00:00,,,0,,98,2019-08-25T04:15:00,,,,,,,,,,,,,,,,,,,,,,,,,,,,,,,,,,,,,,,,,,,,,,,,,,,,,,,,,,,,,,,,,,,,,,,,,,
2019-08-26,1004.3,1006.6,2019-08-26T21:56:00,1002.5,2019-08-26T03:23:00,28.2,34.0,2019-08-26T12:15:00,25.1,2019-08-26T04:17:00,85,61,2019-08-26T12:09:00,1.0,120,7.7,211,2019-08-26T12:17:00,31.5,,,,,,,,,,,,,,,,27.0,2019-08-26T16:00:00,,,0,,99,2019-08-26T16:14:00,,,,,,,,,,,,,,,,,,,,,,,,,,,,,,,,,,,,,,,,,,,,,,,,,,,,,,,,,,,,,,,,,,,,,,,,,,
2019-08-27,1003.3,1005.2,2019-08-28T00:00:00,1001.8,2019-08-27T14:22:00,28.6,32.3,2019-08-27T13:57:00,25.4,2019-08-27T05:52:00,83,67,2019-08-27T12:05:00,1.6,346,8.3,333,2019-08-27T13:59:00,0.0,,,,,,,,,,,,,,,,0.0,,,,0,,97,2019-08-27T02:08:00,,,,,,,,,,,,,,,,,,,,,,,,,,,,,,,,,,,,,,,,,,,,,,,,,,,,,,,,,,,,,,,,,,,,,,,,,,
2019-08-28,1000.8,1002.6,2019-08-29T00:00:00,998.5,2019-08-28T13:59:00,29.6,35.3,2019-08-28T15:43:00,26.4,2019-08-28T03:20:00,81,54,2019-08-28T14:32:00,0.8,9,5.9,283,2019-08-28T17:48:00,0.0,,,,,,,,,,,,,,,,0.0,,,,0,,97,2019-08-28T03:21:00,,,,,,,,,,,,,,,,,,,,,,,,,,,,,,,,,,,,,,,,,,,,,,,,,,,,,,,,,,,,,,,,,,,,,,,,,,
2019-08-29,1002.0,1003.8,2019-08-29T22:10:00,1000.3,2019-08-29T15:56:00,28.8,33.1,2019-08-29T13:16:00,24.7,2019-08-29T18:57:00,86,65,2019-08-29T12:31:00,1.1,122,6.8,307,2019-08-29T15:15:00,5.0,,,,,,,,,,,,,,,,5.0,2019-08-29T19:00:00,,,0,,99,2019-08-29T18:52:00,,,,,,,,,,,,,,,,,,,,,,,,,,,,,,,,,,,,,,,,,,,,,,,,,,,,,,,,,,,,,,,,,,,,,,,,,,
2019-08-30,1003.4,1004.8,2019-08-30T22:16:00,1001.6,2019-08-30T14:13:00,26.6,31.9,2019-08-30T13:09:00,22.4,2019-08-30T17:03:00,90,64,2019-08-30T12:58:00,1.0,122,14.3,125,2019-08-30T16:38:00,58.5,,,,,,,,,,,,,,,,36.0,2019-08-30T17:00:00,,,0,,100,2019-08-30T17:32:00,,,,,,,,,,,,,,,,,,,,,,,,,,,,,,,,,,,,,,,,,,,,,,,,,,,,,,,,,,,,,,,,,,,,,,,,,,
2019-08-31,1002.1,1004.4,2019-09-01T00:00:00,1000.2,2019-08-31T16:54:00,27.9,33.8,2019-08-31T14:28:00,23.7,2019-08-31T05:42:00,84,56,2019-08-31T13:58:00,0.9,151,5.6,287,2019-08-31T15:44:00,5.5,,,,,,,,,,,,,,,,4.5,2019-08-31T18:00:00,,,0,,99,2019-08-31T02:28:00,,,,,,,,,,,,,,,,,,,,,,,,,,,,,,,,,,,,,,,,,,,,,,,,,,,,,,,,,,,,,,,,,,,,,,,,,,
2019-09-01,1002.7,1004.3,2019-09-01T23:07:00,1001.4,2019-09-01T14:39:00,28.3,34.8,2019-09-01T13:32:00,25.5,2019-09-01T16:02:00,83,53,2019-09-01T13:33:00,0.9,36,6.7,144,2019-09-01T15:23:00,3.5,,,,,,,,,,,,,,,,3.0,2019-09-01T16:00:00,,,0,,97,2019-09-01T15:52:00,,,,,,,,,,,,,,,,,,,,,,,,,,,,,,,,,,,,,,,,,,,,,,,,,,,,,,,,,,,,,,,,,,,,,,,,,,
2019-09-02,1003.2,1004.7,2019-09-02T09:45:00,1001.0,2019-09-02T15:49:00,28.7,34.3,2019-09-02T14:26:00,24.9,2019-09-02T05:45:00,80,53,2019-09-02T12:10:00,1.0,61,7.8,113,2019-09-02T16:16:00,2.5,,,,,,,,,,,,,,,,2.5,2019-09-02T17:00:00,,,0,,94,2019-09-02T01:49:00,,,,,,,,,,,,,,,,,,,,,,,,,,,,,,,,,,,,,,,,,,,,,,,,,,,,,,,,,,,,,,,,,,,,,,,,,,
2019-09-03,1000.7,1003.1,2019-09-04T00:00:00,998.4,2019-09-03T14:13:00,28.0,33.8,2019-09-03T12:44:00,25.0,2019-09-03T16:05:00,84,57,2019-09-03T11:53:00,1.0,24,7.5,148,2019-09-03T15:33:00,4.0,,,,,,,,,,,,,,,,2.0,2019-09-03T16:00:00,,,0,,98,2019-09-03T16:07:00,,,,,,,,,,,,,,,,,,,,,,,,,,,,,,,,,,,,,,,,,,,,,,,,,,,,,,,,,,,,,,,,,,,,,,,,,,
2019-09-04,1000.0,1001.9,2019-09-04T09:53:00,998.9,2019-09-04T14:37:00,26.6,30.4,2019-09-04T12:33:00,24.4,2019-09-04T17:52:00,90,73,2019-09-04T12:34:00,1.4,13,7.4,349,2019-09-04T13:53:00,12.0,,,,,,,,,,,,,,,,7.0,2019-09-04T18:00:00,,,0,,99,2019-09-04T18:08:00,,,,,,,,,,,,,,,,,,,,,,,,,,,,,,,,,,,,,,,,,,,,,,,,,,,,,,,,,,,,,,,,,,,,,,,,,,
2019-09-05,997.6,999.3,2019-09-05T08:37:00,995.9,2019-09-05T14:10:00,26.8,32.7,2019-09-05T13:12:00,25.0,2019-09-05T04:13:00,88,61,2019-09-05T13:13:00,1.1,5,6.7,318,2019-09-05T13:42:00,3.0,,,,,,,,,,,,,,,,2.0,2019-09-05T14:00:00,,,0,,97,2019-09-05T02:48:00,,,,,,,,,,,,,,,,,,,,,,,,,,,,,,,,,,,,,,,,,,,,,,,,,,,,,,,,,,,,,,,,,,,,,,,,,,
2019-09-06,996.6,998.6,2019-09-06T22:20:00,994.5,2019-09-06T14:49:00,27.8,33.2,2019-09-06T12:05:00,25.1,2019-09-06T05:42:00,84,58,2019-09-06T13:04:00,1.0,222,7.3,177,2019-09-06T17:02:00,0.5,,,,,,,,,,,,,,,,0.5,2019-09-06T19:00:00,,,0,,98,2019-09-06T23:44:00,,,,,,,,,,,,,,,,,,,,,,,,,,,,,,,,,,,,,,,,,,,,,,,,,,,,,,,,,,,,,,,,,,,,,,,,,,
2019-09-07,998.8,1000.9,2019-09-07T22:58:00,996.8,2019-09-07T03:29:00,28.7,33.3,2019-09-07T12:56:00,25.1,2019-09-07T05:57:00,81,59,2019-09-07T12:02:00,0.8,167,5.6,282,2019-09-07T13:24:00,2.0,,,,,,,,,,,,,,,,2.0,2019-09-07T06:00:00,,,0,,98,2019-09-07T06:16:00,,,,,,,,,,,,,,,,,,,,,,,,,,,,,,,,,,,,,,,,,,,,,,,,,,,,,,,,,,,,,,,,,,,,,,,,,,
2019-09-08,1000.1,1001.6,2019-09-08T21:32:00,997.8,2019-09-08T15:36:00,28.7,34.2,2019-09-08T14:14:00,23.0,2019-09-08T04:20:00,80,54,2019-09-08T13:44:00,1.1,329,6.1,16,2019-09-08T03:15:00,8.0,,,,,,,,,,,,,,,,3.5,2019-09-08T04:00:00,,,0,,98,2019-09-08T02:53:00,,,,,,,,,,,,,,,,,,,,,,,,,,,,,,,,,,,,,,,,,,,,,,,,,,,,,,,,,,,,,,,,,,,,,,,,,,
2019-09-09,1001.1,1003.1,2019-09-09T23:10:00,999.2,2019-09-09T15:23:00,29.3,33.8,2019-09-09T14:15:00,25.9,2019-09-09T05:54:00,77,50,2019-09-09T13:21:00,1.1,9,6.4,335,2019-09-09T15:18:00,0.0,,,,,,,,,,,,,,,,0.0,,,,0,,94,2019-09-09T04:26:00,,,,,,,,,,,,,,,,,,,,,,,,,,,,,,,,,,,,,,,,,,,,,,,,,,,,,,,,,,,,,,,,,,,,,,,,,,
2019-09-10,1004.1,1006.6,2019-09-10T23:59:00,1002.3,2019-09-10T02:25:00,27.5,31.9,2019-09-10T11:24:00,24.6,2019-09-10T23:42:00,86,64,2019-09-10T13:48:00,1.3,341,5.5,138,2019-09-10T15:58:00,4.5,,,,,,,,,,,,,,,,2.5,2019-09-10T15:00:00,,,0,,96,2019-09-10T19:32:00,,,,,,,,,,,,,,,,,,,,,,,,,,,,,,,,,,,,,,,,,,,,,,,,,,,,,,,,,,,,,,,,,,,,,,,,,,
2019-09-11,1005.4,1007.1,2019-09-11T09:14:00,1003.5,2019-09-11T15:25:00,28.9,34.6,2019-09-11T14:27:00,24.4,2019-09-11T00:22:00,78,45,2019-09-11T14:05:00,1.1,341,6.4,315,2019-09-11T16:14:00,0.0,,,,,,,,,,,,,,,,0.0,,,,0,,95,2019-09-11T00:44:00,,,,,,,,,,,,,,,,,,,,,,,,,,,,,,,,,,,,,,,,,,,,,,,,,,,,,,,,,,,,,,,,,,,,,,,,,,
2019-09-12,1003.1,1005.1,2019-09-12T00:09:00,1001.0,2019-09-12T15:09:00,29.5,33.5,2019-09-12T12:43:00,26.3,2019-09-12T06:12:00,80,60,2019-09-12T12:44:00,1.1,20,6.2,283,2019-09-12T13:58:00,0.0,,,,,,,,,,,,,,,,0.0,,,,0,,95,2019-09-12T05:49:00,,,,,,,,,,,,,,,,,,,,,,,,,,,,,,,,,,,,,,,,,,,,,,,,,,,,,,,,,,,,,,,,,,,,,,,,,,
2019-09-13,1001.8,1003.3,2019-09-13T09:01:00,1000.1,2019-09-13T15:05:00,29.2,33.2,2019-09-13T12:55:00,26.6,2019-09-13T05:53:00,80,59,2019-09-13T12:13:00,1.0,322,5.6,327,2019-09-13T15:40:00,0.0,,,,,,,,,,,,,,,,0.0,,,,0,,92,2019-09-13T06:06:00,,,,,,,,,,,,,,,,,,,,,,,,,,,,,,,,,,,,,,,,,,,,,,,,,,,,,,,,,,,,,,,,,,,,,,,,,,
2019-09-14,1001.6,1003.3,2019-09-14T22:37:00,999.8,2019-09-14T15:12:00,28.8,32.7,2019-09-14T14:39:00,26.2,2019-09-14T02:02:00,82,56,2019-09-14T12:43:00,1.6,170,7.6,326,2019-09-14T15:48:00,0.0,,,,,,,,,,,,,,,,0.0,,,,0,,97,2019-09-14T06:39:00,,,,,,,,,,,,,,,,,,,,,,,,,,,,,,,,,,,,,,,,,,,,,,,,,,,,,,,,,,,,,,,,,,,,,,,,,,
2019-09-15,1001.5,1003.2,2019-09-15T08:35:00,999.4,2019-09-15T14:47:00,28.2,32.7,2019-09-15T11:54:00,25.5,2019-09-15T22:54:00,79,61,2019-09-15T11:54:00,1.6,7,8.9,3,2019-09-15T15:36:00,0.0,,,,,,,,,,,,,,,,0.0,,,,0,,95,2019-09-15T23:15:00,,,,,,,,,,,,,,,,,,,,,,,,,,,,,,,,,,,,,,,,,,,,,,,,,,,,,,,,,,,,,,,,,,,,,,,,,,
2019-09-16,1000.8,1002.0,2019-09-16T10:11:00,999.4,2019-09-16T14:34:00,27.9,32.8,2019-09-16T13:49:00,24.7,2019-09-16T04:42:00,80,54,2019-09-16T13:44:00,1.7,350,8.4,337,2019-09-16T13:50:00,0.0,,,,,,,,,,,,,,,,0.0,,,,0,,96,2019-09-16T02:19:00,,,,,,,,,,,,,,,,,,,,,,,,,,,,,,,,,,,,,,,,,,,,,,,,,,,,,,,,,,,,,,,,,,,,,,,,,,
2019-09-17,1001.8,1003.4,2019-09-17T21:00:00,1000.4,2019-09-17T02:54:00,27.7,32.7,2019-09-17T13:52:00,24.7,2019-09-17T05:54:00,75,59,2019-09-17T13:52:00,1.6,3,6.9,334,2019-09-17T17:10:00,0.0,,,,,,,,,,,,,,,,0.0,,,,0,,90,2019-09-17T04:08:00,,,,,,,,,,,,,,,,,,,,,,,,,,,,,,,,,,,,,,,,,,,,,,,,,,,,,,,,,,,,,,,,,,,,,,,,,,
2019-09-18,1002.5,1004.0,2019-09-18T21:09:00,1000.5,2019-09-18T15:06:00,27.4,32.6,2019-09-18T13:03:00,24.1,2019-09-18T05:50:00,69,48,2019-09-18T13:20:00,2.2,32,9.9,340,2019-09-18T15:13:00,0.0,,,,,,,,,,,,,,,,0.0,,,,0,,87,2019-09-18T06:00:00,,,,,,,,,,,,,,,,,,,,,,,,,,,,,,,,,,,,,,,,,,,,,,,,,,,,,,,,,,,,,,,,,,,,,,,,,,
2019-09-19,1002.3,1004.1,2019-09-19T08:21:00,1000.0,2019-09-19T15:21:00,26.4,31.9,2019-09-19T13:47:00,23.5,2019-09-19T05:32:00,65,48,2019-09-19T13:48:00,2.6,5,9.4,335,2019-09-19T15:56:00,0.0,,,,,,,,,,,,,,,,0.0,,,,0,,74,2019-09-19T05:27:00,,,,,,,,,,,,,,,,,,,,,,,,,,,,,,,,,,,,,,,,,,,,,,,,,,,,,,,,,,,,,,,,,,,,,,,,,,
2019-09-20,999.3,1001.7,2019-09-20T00:01:00,996.9,2019-09-20T15:36:00,25.1,27.8,2019-09-20T13:42:00,22.9,2019-09-20T21:12:00,72,55,2019-09-20T23:41:00,4.1,358,12.9,18,2019-09-20T18:54:00,0.0,,,,,,,,,,,,,,,,0.0,,,,0,,83,2019-09-20T04:03:00,,,,,,,,,,,,,,,,,,,,,,,,,,,,,,,,,,,,,,,,,,,,,,,,,,,,,,,,,,,,,,,,,,,,,,,,,,
2019-09-21,999.2,1003.3,2019-09-21T22:14:00,996.4,2019-09-21T03:32:00,24.8,28.0,2019-09-21T12:59:00,22.6,2019-09-21T05:54:00,67,55,2019-09-21T12:13:00,4.1,2,10.6,5,2019-09-21T08:16:00,0.0,,,,,,,,,,,,,,,,0.0,,,,0,,84,2019-09-21T22:57:00,,,,,,,,,,,,,,,,,,,,,,,,,,,,,,,,,,,,,,,,,,,,,,,,,,,,,,,,,,,,,,,,,,,,,,,,,,
2019-09-22,1005.5,1009.1,2019-09-22T21:22:00,1001.8,2019-09-22T01:42:00,26.0,30.3,2019-09-22T14:19:00,23.3,2019-09-22T23:54:00,70,52,2019-09-22T10:16:00,2.3,10,7.7,340,2019-09-22T15:18:00,0.0,,,,,,,,,,,,,,,,0.0,,,,0,,84,2019-09-22T07:00:00,,,,,,,,,,,,,,,,,,,,,,,,,,,,,,,,,,,,,,,,,,,,,,,,,,,,,,,,,,,,,,,,,,,,,,,,,,
2019-09-23,1009.8,1011.6,2019-09-23T21:23:00,1007.8,2019-09-23T03:11:00,25.6,31.0,2019-09-23T13:53:00,22.7,2019-09-23T01:44:00,69,42,2019-09-23T14:02:00,1.6,356,7.8,335,2019-09-23T15:56:00,0.0,,,,,,,,,,,,,,,,0.0,,,,0,,83,2019-09-23T23:58:00,,,,,,,,,,,,,,,,,,,,,,,,,,,,,,,,,,,,,,,,,,,,,,,,,,,,,,,,,,,,,,,,,,,,,,,,,,
2019-09-24,1010.7,1012.3,2019-09-24T08:48:00,1008.7,2019-09-24T15:05:00,25.7,30.9,2019-09-24T13:34:00,21.7,2019-09-24T04:52:00,73,49,2019-09-24T13:35:00,1.2,345,6.5,321,2019-09-24T16:15:00,0.0,,,,,,,,,,,,,,,,0.0,,,,0,,92,2019-09-24T04:52:00,,,,,,,,,,,,,,,,,,,,,,,,,,,,,,,,,,,,,,,,,,,,,,,,,,,,,,,,,,,,,,,,,,,,,,,,,,
2019-09-25,1010.5,1011.7,2019-09-25T21:58:00,1008.8,2019-09-25T14:33:00,25.7,31.0,2019-09-25T13:42:00,22.3,2019-09-25T06:00:00,72,52,2019-09-25T13:27:00,1.5,340,7.3,313,2019-09-25T14:50:00,0.0,,,,,,,,,,,,,,,,0.0,,,,0,,87,2019-09-25T06:19:00,,,,,,,,,,,,,,,,,,,,,,,,,,,,,,,,,,,,,,,,,,,,,,,,,,,,,,,,,,,,,,,,,,,,,,,,,,
2019-09-26,1010.3,1011.7,2019-09-26T08:54:00,1008.6,2019-09-26T15:36:00,26.3,32.7,2019-09-26T14:17:00,22.3,2019-09-26T05:42:00,76,49,2019-09-26T14:18:00,1.0,342,6.1,319,2019-09-26T16:08:00,0.0,,,,,,,,,,,,,,,,0.0,,,,0,,91,2019-09-26T23:17:00,,,,,,,,,,,,,,,,,,,,,,,,,,,,,,,,,,,,,,,,,,,,,,,,,,,,,,,,,,,,,,,,,,,,,,,,,,
2019-09-27,1009.1,1010.7,2019-09-27T00:13:00,1007.6,2019-09-27T15:16:00,27.1,32.1,2019-09-27T13:06:00,23.4,2019-09-27T06:22:00,83,57,2019-09-27T13:06:00,1.1,3,6.0,300,2019-09-27T14:19:00,0.0,,,,,,,,,,,,,,,,0.0,,,,0,,96,2019-09-27T06:26:00,,,,,,,,,,,,,,,,,,,,,,,,,,,,,,,,,,,,,,,,,,,,,,,,,,,,,,,,,,,,,,,,,,,,,,,,,,
2019-09-28,1007.5,1009.1,2019-09-28T09:26:00,1005.4,2019-09-28T15:07:00,27.6,31.8,2019-09-28T14:22:00,24.7,2019-09-28T06:02:00,83,59,2019-09-28T12:26:00,1.3,352,6.9,353,2019-09-28T15:39:00,0.0,,,,,,,,,,,,,,,,0.0,,,,0,,96,2019-09-28T06:11:00,,,,,,,,,,,,,,,,,,,,,,,,,,,,,,,,,,,,,,,,,,,,,,,,,,,,,,,,,,,,,,,,,,,,,,,,,,
2019-09-29,1004.4,1007.4,2019-09-29T00:02:00,1001.8,2019-09-29T23:58:00,27.9,32.5,2019-09-29T13:29:00,24.2,2019-09-29T05:54:00,82,59,2019-09-29T13:08:00,1.3,11,6.3,329,2019-09-29T15:20:00,0.0,,,,,,,,,,,,,,,,0.0,,,,0,,96,2019-09-29T04:09:00,,,,,,,,,,,,,,,,,,,,,,,,,,,,,,,,,,,,,,,,,,,,,,,,,,,,,,,,,,,,,,,,,,,,,,,,,,
2019-09-30,996.1,1001.9,2019-09-30T00:06:00,992.7,2019-09-30T14:28:00,27.0,30.9,2019-09-30T14:23:00,24.9,2019-09-30T23:20:00,85,70,2019-09-30T14:23:00,1.9,351,13.1,4,2019-09-30T23:35:00,0.0,,,,,,,,,,,,,,,,0.0,,,,0,,97,2019-09-30T04:33:00,,,,,,,,,,,,,,,,,,,,,,,,,,,,,,,,,,,,,,,,,,,,,,,,,,,,,,,,,,,,,,,,,,,,,,,,,,
2019-10-01,1003.4,1005.6,2019-10-01T23:41:00,997.4,2019-10-01T00:25:00,27.4,32.5,2019-10-01T14:15:00,23.6,2019-10-01T05:22:00,75,51,2019-10-01T11:55:00,1.4,4,9.1,4,2019-10-01T00:49:00,2.5,,,,,,,,,,,,,,,,1.5,2019-10-01T03:00:00,,,0,,98,2019-10-01T03:06:00,,,,,,,,,,,,,,,,,,,,,,,,,,,,,,,,,,,,,,,,,,,,,,,,,,,,,,,,,,,,,,,,,,,,,,,,,,
2019-10-02,1006.2,1007.6,2019-10-02T08:43:00,1004.7,2019-10-02T15:22:00,28.4,34.5,2019-10-02T13:06:00,24.2,2019-10-02T05:25:00,73,46,2019-10-02T13:17:00,1.2,137,6.1,266,2019-10-02T15:22:00,0.0,,,,,,,,,,,,,,,,0.0,,,,0,,92,2019-10-03T00:00:00,,,,,,,,,,,,,,,,,,,,,,,,,,,,,,,,,,,,,,,,,,,,,,,,,,,,,,,,,,,,,,,,,,,,,,,,,,
2019-10-03,1007.1,1009.0,2019-10-03T08:04:00,1005.1,2019-10-03T15:45:00,28.3,33.3,2019-10-03T13:43:00,25.3,2019-10-03T03:22:00,79,52,2019-10-03T13:46:00,1.1,4,7.6,324,2019-10-03T14:01:00,0.0,,,,,,,,,,,,,,,,0.0,,,,0,,93,2019-10-03T05:57:00,,,,,,,,,,,,,,,,,,,,,,,,,,,,,,,,,,,,,,,,,,,,,,,,,,,,,,,,,,,,,,,,,,,,,,,,,,
2019-10-04,1006.9,1008.6,2019-10-04T09:33:00,1004.6,2019-10-04T14:56:00,27.7,31.8,2019-10-04T12:29:00,24.7,2019-10-04T07:04:00,80,59,2019-10-04T12:29:00,1.2,143,7.0,289,2019-10-04T14:44:00,0.0,,,,,,,,,,,,,,,,0.0,,,,0,,93,2019-10-04T04:56:00,,,,,,,,,,,,,,,,,,,,,,,,,,,,,,,,,,,,,,,,,,,,,,,,,,,,,,,,,,,,,,,,,,,,,,,,,,
2019-10-05,1007.7,1009.4,2019-10-05T23:36:00,1005.9,2019-10-05T14:38:00,27.3,31.8,2019-10-05T14:16:00,25.7,2019-10-05T05:25:00,84,59,2019-10-05T13:50:00,1.0,302,6.2,262,2019-10-05T14:37:00,0.5,,,,,,,,,,,,,,,,0.5,2019-10-05T17:00:00,,,0,,94,2019-10-05T06:30:00,,,,,,,,,,,,,,,,,,,,,,,,,,,,,,,,,,,,,,,,,,,,,,,,,,,,,,,,,,,,,,,,,,,,,,,,,,
2019-10-06,1008.9,1010.3,2019-10-06T09:02:00,1007.7,2019-10-06T14:22:00,27.1,30.6,2019-10-06T10:51:00,24.5,2019-10-06T05:22:00,83,65,2019-10-06T10:52:00,0.9,224,4.5,272,2019-10-06T15:22:00,0.0,,,,,,,,,,,,,,,,0.0,,,,0,,94,2019-10-06T04:16:00,,,,,,,,,,,,,,,,,,,,,,,,,,,,,,,,,,,,,,,,,,,,,,,,,,,,,,,,,,,,,,,,,,,,,,,,,,
2019-10-07,1009.7,1011.3,2019-10-07T09:43:00,1008.1,2019-10-07T15:04:00,27.8,33.1,2019-10-07T13:09:00,24.1,2019-10-07T06:20:00,78,48,2019-10-07T12:51:00,1.1,111,6.8,301,2019-10-07T14:05:00,0.0,,,,,,,,,,,,,,,,0.0,,,,0,,95,2019-10-07T03:43:00,,,,,,,,,,,,,,,,,,,,,,,,,,,,,,,,,,,,,,,,,,,,,,,,,,,,,,,,,,,,,,,,,,,,,,,,,,
2019-10-08,1009.1,1010.8,2019-10-08T09:06:00,1007.3,2019-10-08T14:32:00,27.8,32.8,2019-10-08T13:57:00,24.6,2019-10-08T06:10:00,80,56,2019-10-08T14:46:00,0.9,138,5.8,330,2019-10-08T16:13:00,0.0,,,,,,,,,,,,,,,,0.0,,,,0,,96,2019-10-08T04:00:00,,,,,,,,,,,,,,,,,,,,,,,,,,,,,,,,,,,,,,,,,,,,,,,,,,,,,,,,,,,,,,,,,,,,,,,,,,
2019-10-09,1008.1,1009.8,2019-10-09T09:00:00,1005.9,2019-10-09T15:19:00,27.7,31.4,2019-10-09T12:58:00,25.6,2019-10-09T06:50:00,79,58,2019-10-09T12:09:00,1.0,182,6.0,321,2019-10-09T15:57:00,0.0,,,,,,,,,,,,,,,,0.0,,,,0,,92,2019-10-09T06:21:00,,,,,,,,,,,,,,,,,,,,,,,,,,,,,,,,,,,,,,,,,,,,,,,,,,,,,,,,,,,,,,,,,,,,,,,,,,
2019-10-10,1006.9,1009.0,2019-10-10T08:30:00,1004.7,2019-10-10T15:16:00,26.6,31.5,2019-10-10T14:08:00,23.9,2019-10-10T06:30:00,79,57,2019-10-10T14:26:00,1.2,11,7.0,326,2019-10-10T14:59:00,0.0,,,,,,,,,,,,,,,,0.0,,,,0,,94,2019-10-10T03:03:00,,,,,,,,,,,,,,,,,,,,,,,,,,,,,,,,,,,,,,,,,,,,,,,,,,,,,,,,,,,,,,,,,,,,,,,,,,
2019-10-11,1005.5,1007.4,2019-10-11T08:52:00,1003.3,2019-10-11T15:36:00,26.3,30.9,2019-10-11T12:38:00,23.4,2019-10-11T03:02:00,81,57,2019-10-11T13:21:00,1.3,182,5.5,302,2019-10-11T14:44:00,0.0,,,,,,,,,,,,,,,,0.0,,,,0,,93,2019-10-11T05:52:00,,,,,,,,,,,,,,,,,,,,,,,,,,,,,,,,,,,,,,,,,,,,,,,,,,,,,,,,,,,,,,,,,,,,,,,,,,
2019-10-12,1006.2,1008.0,2019-10-12T23:55:00,1004.5,2019-10-12T14:38:00,27.0,31.3,2019-10-12T13:09:00,24.0,2019-10-12T05:46:00,80,58,2019-10-12T12:17:00,1.2,135,7.1,340,2019-10-12T14:43:00,0.0,,,,,,,,,,,,,,,,0.0,,,,0,,93,2019-10-12T05:47:00,,,,,,,,,,,,,,,,,,,,,,,,,,,,,,,,,,,,,,,,,,,,,,,,,,,,,,,,,,,,,,,,,,,,,,,,,,
2019-10-13,1008.1,1009.5,2019-10-13T09:36:00,1006.8,2019-10-13T03:26:00,26.6,31.1,2019-10-13T13:09:00,24.1,2019-10-13T06:30:00,78,58,2019-10-13T13:21:00,1.5,2,7.1,1,2019-10-13T16:55:00,0.0,,,,,,,,,,,,,,,,0.0,,,,0,,94,2019-10-13T01:04:00,,,,,,,,,,,,,,,,,,,,,,,,,,,,,,,,,,,,,,,,,,,,,,,,,,,,,,,,,,,,,,,,,,,,,,,,,,
2019-10-14,1010.3,1012.1,2019-10-14T23:45:00,1008.8,2019-10-14T03:05:00,25.7,30.9,2019-10-14T13:01:00,23.2,2019-10-14T23:50:00,70,57,2019-10-14T13:42:00,1.8,350,8.2,347,2019-10-14T15:57:00,0.0,,,,,,,,,,,,,,,,0.0,,,,0,,91,2019-10-14T03:10:00,,,,,,,,,,,,,,,,,,,,,,,,,,,,,,,,,,,,,,,,,,,,,,,,,,,,,,,,,,,,,,,,,,,,,,,,,,
2019-10-15,1011.4,1013.2,2019-10-15T09:25:00,1009.3,2019-10-15T15:45:00,25.0,30.1,2019-10-15T12:55:00,21.8,2019-10-16T00:00:00,65,49,2019-10-15T14:41:00,1.8,26,7.2,346,2019-10-15T16:35:00,0.0,,,,,,,,,,,,,,,,0.0,,,,0,,77,2019-10-15T07:43:00,,,,,,,,,,,,,,,,,,,,,,,,,,,,,,,,,,,,,,,,,,,,,,,,,,,,,,,,,,,,,,,,,,,,,,,,,,
2019-10-16,1010.9,1012.5,2019-10-16T09:10:00,1008.7,2019-10-16T15:53:00,24.2,29.4,2019-10-16T13:03:00,20.4,2019-10-16T05:32:00,73,56,2019-10-16T13:28:00,1.8,352,7.0,339,2019-10-16T14:54:00,0.0,,,,,,,,,,,,,,,,0.0,,,,0,,85,2019-10-16T23:59:00,,,,,,,,,,,,,,,,,,,,,,,,,,,,,,,,,,,,,,,,,,,,,,,,,,,,,,,,,,,,,,,,,,,,,,,,,,
2019-10-17,1009.8,1011.5,2019-10-18T00:00:00,1007.5,2019-10-17T14:47:00,24.8,30.0,2019-10-17T13:30:00,22.2,2019-10-17T05:20:00,71,50,2019-10-17T16:55:00,1.8,1,7.5,314,2019-10-17T13:21:00,0.0,,,,,,,,,,,,,,,,0.0,,,,0,,91,2019-10-17T06:33:00,,,,,,,,,,,,,,,,,,,,,,,,,,,,,,,,,,,,,,,,,,,,,,,,,,,,,,,,,,,,,,,,,,,,,,,,,,
2019-10-18,1009.7,1011.3,2019-10-18T09:32:00,1007.7,2019-10-18T14:59:00,24.1,30.3,2019-10-18T13:50:00,20.4,2019-10-18T05:12:00,68,47,2019-10-18T13:35:00,1.8,1,9.0,9,2019-10-18T16:30:00,0.0,,,,,,,,,,,,,,,,0.0,,,,0,,78,2019-10-18T04:51:00,,,,,,,,,,,,,,,,,,,,,,,,,,,,,,,,,,,,,,,,,,,,,,,,,,,,,,,,,,,,,,,,,,,,,,,,,,
2019-10-19,1010.2,1012.0,2019-10-19T09:09:00,1008.4,2019-10-19T14:24:00,23.6,28.4,2019-10-19T13:34:00,20.1,2019-10-19T03:42:00,74,58,2019-10-19T13:10:00,2.3,5,8.5,4,2019-10-19T15:41:00,0.0,,,,,,,,,,,,,,,,0.0,,,,0,,86,2019-10-19T23:49:00,,,,,,,,,,,,,,,,,,,,,,,,,,,,,,,,,,,,,,,,,,,,,,,,,,,,,,,,,,,,,,,,,,,,,,,,,,
2019-10-20,1009.2,1011.2,2019-10-20T09:12:00,1007.1,2019-10-20T14:28:00,23.6,28.6,2019-10-20T13:27:00,20.3,2019-10-20T06:12:00,73,52,2019-10-20T13:33:00,2.2,360,7.8,347,2019-10-20T14:28:00,0.0,,,,,,,,,,,,,,,,0.0,,,,0,,89,2019-10-20T02:20:00,,,,,,,,,,,,,,,,,,,,,,,,,,,,,,,,,,,,,,,,,,,,,,,,,,,,,,,,,,,,,,,,,,,,,,,,,,
2019-10-21,1007.4,1009.2,2019-10-21T08:26:00,1005.2,2019-10-21T14:10:00,23.6,29.2,2019-10-21T13:14:00,20.6,2019-10-21T05:32:00,75,56,2019-10-21T13:25:00,1.5,349,6.7,327,2019-10-21T15:01:00,0.0,,,,,,,,,,,,,,,,0.0,,,,0,,90,2019-10-21T05:32:00,,,,,,,,,,,,,,,,,,,,,,,,,,,,,,,,,,,,,,,,,,,,,,,,,,,,,,,,,,,,,,,,,,,,,,,,,,
2019-10-22,1006.0,1007.7,2019-10-22T08:51:00,1004.0,2019-10-22T14:51:00,24.1,30.6,2019-10-22T13:21:00,19.7,2019-10-22T05:20:00,73,49,2019-10-22T13:25:00,1.0,2,6.4,317,2019-10-22T15:13:00,0.0,,,,,,,,,,,,,,,,0.0,,,,0,,91,2019-10-22T04:12:00,,,,,,,,,,,,,,,,,,,,,,,,,,,,,,,,,,,,,,,,,,,,,,,,,,,,,,,,,,,,,,,,,,,,,,,,,,
2019-10-23,1006.6,1008.6,2019-10-23T21:55:00,1004.9,2019-10-23T14:36:00,24.4,29.7,2019-10-23T13:52:00,20.9,2019-10-23T03:02:00,75,52,2019-10-23T12:43:00,1.4,2,8.0,325,2019-10-23T15:58:00,0.0,,,,,,,,,,,,,,,,0.0,,,,0,,88,2019-10-23T07:34:00,,,,,,,,,,,,,,,,,,,,,,,,,,,,,,,,,,,,,,,,,,,,,,,,,,,,,,,,,,,,,,,,,,,,,,,,,,
2019-10-24,1008.8,1010.8,2019-10-24T23:11:00,1007.3,2019-10-24T03:47:00,24.4,30.2,2019-10-24T13:35:00,21.2,2019-10-24T04:12:00,77,51,2019-10-24T13:50:00,1.5,352,6.8,320,2019-10-24T14:56:00,0.0,,,,,,,,,,,,,,,,0.0,,,,0,,90,2019-10-24T01:58:00,,,,,,,,,,,,,,,,,,,,,,,,,,,,,,,,,,,,,,,,,,,,,,,,,,,,,,,,,,,,,,,,,,,,,,,,,,
2019-10-25,1010.5,1012.1,2019-10-25T22:58:00,1008.4,2019-10-25T15:03:00,24.7,30.2,2019-10-25T13:13:00,20.8,2019-10-25T05:42:00,76,57,2019-10-25T13:15:00,1.2,328,5.7,314,2019-10-25T16:19:00,0.0,,,,,,,,,,,,,,,,0.0,,,,0,,92,2019-10-25T02:50:00,,,,,,,,,,,,,,,,,,,,,,,,,,,,,,,,,,,,,,,,,,,,,,,,,,,,,,,,,,,,,,,,,,,,,,,,,,
2019-10-26,1010.7,1012.4,2019-10-26T08:28:00,1008.5,2019-10-26T15:03:00,24.6,30.1,2019-10-26T13:41:00,20.5,2019-10-26T05:33:00,75,56,2019-10-26T13:42:00,1.2,349,7.9,316,2019-10-26T15:36:00,0.0,,,,,,,,,,,,,,,,0.0,,,,0,,92,2019-10-26T04:13:00,,,,,,,,,,,,,,,,,,,,,,,,,,,,,,,,,,,,,,,,,,,,,,,,,,,,,,,,,,,,,,,,,,,,,,,,,,
2019-10-27,1009.0,1011.1,2019-10-27T09:07:00,1006.3,2019-10-27T15:00:00,24.0,30.1,2019-10-27T14:11:00,20.6,2019-10-27T04:32:00,81,51,2019-10-27T14:01:00,1.2,348,8.5,334,2019-10-27T15:00:00,0.0,,,,,,,,,,,,,,,,0.0,,,,0,,93,2019-10-27T04:34:00,,,,,,,,,,,,,,,,,,,,,,,,,,,,,,,,,,,,,,,,,,,,,,,,,,,,,,,,,,,,,,,,,,,,,,,,,,
2019-10-28,1008.4,1009.7,2019-10-28T06:32:00,1006.0,2019-10-28T13:37:00,24.1,29.5,2019-10-28T12:39:00,21.0,2019-10-28T04:32:00,83,57,2019-10-28T12:32:00,1.9,3,8.2,331,2019-10-28T14:12:00,0.0,,,,,,,,,,,,,,,,0.0,,,,0,,96,2019-10-28T04:32:00,,,,,,,,,,,,,,,,,,,,,,,,,,,,,,,,,,,,,,,,,,,,,,,,,,,,,,,,,,,,,,,,,,,,,,,,,,
2019-10-29,1008.9,1010.6,2019-10-29T22:06:00,1007.7,2019-10-29T13:57:00,22.8,26.3,2019-10-29T13:09:00,20.7,2019-10-29T06:30:00,82,66,2019-10-29T13:10:00,2.3,346,7.1,4,2019-10-29T16:15:00,0.0,,,,,,,,,,,,,,,,0.0,,,,0,,94,2019-10-29T02:20:00,,,,,,,,,,,,,,,,,,,,,,,,,,,,,,,,,,,,,,,,,,,,,,,,,,,,,,,,,,,,,,,,,,,,,,,,,,
2019-10-30,1009.5,1010.8,2019-10-30T21:25:00,1007.9,2019-10-30T14:31:00,24.1,28.9,2019-10-30T13:16:00,21.5,2019-10-30T05:30:00,79,58,2019-10-30T13:03:00,1.6,2,6.5,331,2019-10-30T14:26:00,0.0,,,,,,,,,,,,,,,,0.0,,,,0,,90,2019-10-30T05:35:00,,,,,,,,,,,,,,,,,,,,,,,,,,,,,,,,,,,,,,,,,,,,,,,,,,,,,,,,,,,,,,,,,,,,,,,,,,
2019-10-31,1009.3,1010.6,2019-10-31T09:20:00,1007.6,2019-10-31T14:09:00,24.6,30.1,2019-10-31T13:17:00,21.3,2019-10-31T05:54:00,84,62,2019-10-31T13:17:00,1.3,14,8.3,324,2019-10-31T15:13:00,0.0,,,,,,,,,,,,,,,,0.0,,,,0,,95,2019-10-31T06:14:00,,,,,,,,,,,,,,,,,,,,,,,,,,,,,,,,,,,,,,,,,,,,,,,,,,,,,,,,,,,,,,,,,,,,,,,,,,
2019-11-01,1008.5,1010.6,2019-11-01T09:23:00,1006.3,2019-11-01T15:10:00,25.2,30.2,2019-11-01T13:47:00,22.6,2019-11-01T05:30:00,82,60,2019-11-01T13:47:00,1.2,339,6.0,318,2019-11-01T15:40:00,0.0,,,,,,,,,,,,,,,,0,,,,0,,96,2019-11-01T05:36:00,,,,,,,,,,,,,,,,,,,,,,,,,,,,,,,,,,,,,,,,,,,,,,,,,,,,,,,,,,,,,,,,,,,,,,,,,,
2019-11-02,1007.4,1009.0,2019-11-02T08:29:00,1005.5,2019-11-02T15:10:00,24.8,30.5,2019-11-02T14:48:00,22.1,2019-11-02T03:20:00,79,58,2019-11-02T14:56:00,1.0,325,6.1,316,2019-11-02T16:13:00,0.0,,,,,,,,,,,,,,,,0,,,,0,,92,2019-11-02T23:49:00,,,,,,,,,,,,,,,,,,,,,,,,,,,,,,,,,,,,,,,,,,,,,,,,,,,,,,,,,,,,,,,,,,,,,,,,,,
2019-11-03,1007.1,1009.3,2019-11-03T08:30:00,1005.4,2019-11-03T14:58:00,24.2,29.8,2019-11-03T13:48:00,21.4,2019-11-03T06:32:00,82,60,2019-11-03T13:48:00,1.8,1,8.2,20,2019-11-03T19:05:00,0.0,,,,,,,,,,,,,,,,0,,,,0,,94,2019-11-03T06:08:00,,,,,,,,,,,,,,,,,,,,,,,,,,,,,,,,,,,,,,,,,,,,,,,,,,,,,,,,,,,,,,,,,,,,,,,,,,
2019-11-04,1006.5,1008.4,2019-11-04T09:05:00,1004.9,2019-11-04T14:19:00,23.4,27.7,2019-11-04T12:32:00,21.4,2019-11-04T23:22:00,72,57,2019-11-04T12:35:00,2.7,2,7.4,342,2019-11-04T14:04:00,0.0,,,,,,,,,,,,,,,,0,,,,0,,84,2019-11-05T00:00:00,,,,,,,,,,,,,,,,,,,,,,,,,,,,,,,,,,,,,,,,,,,,,,,,,,,,,,,,,,,,,,,,,,,,,,,,,,
2019-11-05,1004.9,1006.5,2019-11-05T00:01:00,1003.0,2019-11-05T14:42:00,23.4,28.1,2019-11-05T12:58:00,20.6,2019-11-05T06:30:00,71,56,2019-11-05T14:36:00,1.9,2,6.5,312,2019-11-05T14:52:00,0.0,,,,,,,,,,,,,,,,0,,,,0,,85,2019-11-05T06:58:00,,,,,,,,,,,,,,,,,,,,,,,,,,,,,,,,,,,,,,,,,,,,,,,,,,,,,,,,,,,,,,,,,,,,,,,,,,
2019-11-06,1004.5,1006.0,2019-11-06T08:32:00,1002.5,2019-11-06T14:34:00,23.2,29.3,2019-11-06T13:25:00,19.4,2019-11-06T05:20:00,74,54,2019-11-06T13:28:00,1.4,1,7.6,325,2019-11-06T15:05:00,0.0,,,,,,,,,,,,,,,,0,,,,0,,87,2019-11-06T23:34:00,,,,,,,,,,,,,,,,,,,,,,,,,,,,,,,,,,,,,,,,,,,,,,,,,,,,,,,,,,,,,,,,,,,,,,,,,,
2019-11-07,1005.6,1007.6,2019-11-07T21:35:00,1003.5,2019-11-07T14:30:00,23.0,28.6,2019-11-07T14:26:00,19.1,2019-11-07T06:47:00,75,51,2019-11-07T13:10:00,1.7,23,6.8,341,2019-11-07T16:49:00,0.0,,,,,,,,,,,,,,,,0,,,,0,,90,2019-11-07T07:07:00,,,,,,,,,,,,,,,,,,,,,,,,,,,,,,,,,,,,,,,,,,,,,,,,,,,,,,,,,,,,,,,,,,,,,,,,,,
2019-11-08,1008.7,1010.6,2019-11-08T22:31:00,1006.6,2019-11-08T14:54:00,22.3,27.8,2019-11-08T12:54:00,19.1,2019-11-09T00:00:00,70,47,2019-11-08T13:09:00,2.2,2,10.5,15,2019-11-08T16:50:00,0.0,,,,,,,,,,,,,,,,0,,,,0,,83,2019-11-08T05:56:00,,,,,,,,,,,,,,,,,,,,,,,,,,,,,,,,,,,,,,,,,,,,,,,,,,,,,,,,,,,,,,,,,,,,,,,,,,
2019-11-09,1010.2,1012.4,2019-11-09T08:37:00,1007.7,2019-11-09T15:34:00,21.4,27.5,2019-11-09T13:52:00,17.8,2019-11-09T03:20:00,69,47,2019-11-09T13:59:00,2.1,25,7.3,335,2019-11-09T14:50:00,0.0,,,,,,,,,,,,,,,,0,,,,0,,89,2019-11-09T03:17:00,,,,,,,,,,,,,,,,,,,,,,,,,,,,,,,,,,,,,,,,,,,,,,,,,,,,,,,,,,,,,,,,,,,,,,,,,,
2019-11-10,1008.9,1010.9,2019-11-10T09:05:00,1006.0,2019-11-10T15:45:00,21.5,28.0,2019-11-10T14:15:00,16.8,2019-11-10T05:20:00,73,50,2019-11-10T14:15:00,1.2,4,6.4,324,2019-11-10T16:35:00,0.0,,,,,,,,,,,,,,,,0,,,,0,,90,2019-11-10T05:22:00,,,,,,,,,,,,,,,,,,,,,,,,,,,,,,,,,,,,,,,,,,,,,,,,,,,,,,,,,,,,,,,,,,,,,,,,,,
2019-11-11,1009.2,1011.1,2019-11-11T22:26:00,1007.6,2019-11-11T14:20:00,22.0,27.5,2019-11-11T12:44:00,18.7,2019-11-11T06:30:00,72,47,2019-11-11T11:56:00,0.9,352,6.1,311,2019-11-11T15:19:00,0.0,,,,,,,,,,,,,,,,0,,,,0,,88,2019-11-11T02:56:00,,,,,,,,,,,,,,,,,,,,,,,,,,,,,,,,,,,,,,,,,,,,,,,,,,,,,,,,,,,,,,,,,,,,,,,,,,
2019-11-12,1010.7,1012.4,2019-11-12T09:23:00,1009.0,2019-11-12T15:42:00,22.6,28.6,2019-11-12T12:48:00,17.7,2019-11-12T05:52:00,69,39,2019-11-12T12:49:00,0.7,110,4.9,297,2019-11-12T15:23:00,0.0,,,,,,,,,,,,,,,,0,,,,0,,88,2019-11-12T06:16:00,,,,,,,,,,,,,,,,,,,,,,,,,,,,,,,,,,,,,,,,,,,,,,,,,,,,,,,,,,,,,,,,,,,,,,,,,,
2019-11-13,1011.8,1014.2,2019-11-13T09:05:00,1009.8,2019-11-13T14:48:00,22.4,27.3,2019-11-13T11:44:00,18.4,2019-11-13T06:00:00,73,47,2019-11-13T12:04:00,1.0,349,7.5,313,2019-11-13T15:07:00,0.0,,,,,,,,,,,,,,,,0,,,,0,,88,2019-11-13T23:55:00,,,,,,,,,,,,,,,,,,,,,,,,,,,,,,,,,,,,,,,,,,,,,,,,,,,,,,,,,,,,,,,,,,,,,,,,,,
2019-11-14,1010.7,1012.5,2019-11-14T09:43:00,1008.6,2019-11-14T15:24:00,21.5,26.8,2019-11-14T12:42:00,18.5,2019-11-14T06:32:00,72,53,2019-11-14T13:37:00,1.6,25,7.5,325,2019-11-14T13:59:00,0.0,,,,,,,,,,,,,,,,0,,,,0,,92,2019-11-14T06:53:00,,,,,,,,,,,,,,,,,,,,,,,,,,,,,,,,,,,,,,,,,,,,,,,,,,,,,,,,,,,,,,,,,,,,,,,,,,
2019-11-15,1009.8,1011.4,2019-11-15T09:30:00,1007.9,2019-11-15T14:43:00,21.8,28.1,2019-11-15T13:37:00,17.4,2019-11-15T06:32:00,73,52,2019-11-15T13:04:00,1.0,14,6.0,250,2019-11-15T13:58:00,0.0,,,,,,,,,,,,,,,,0,,,,0,,87,2019-11-15T23:59:00,,,,,,,,,,,,,,,,,,,,,,,,,,,,,,,,,,,,,,,,,,,,,,,,,,,,,,,,,,,,,,,,,,,,,,,,,,
2019-11-16,1009.6,1011.4,2019-11-16T09:10:00,1007.9,2019-11-16T15:08:00,22.5,27.7,2019-11-16T14:10:00,18.5,2019-11-16T05:10:00,76,53,2019-11-16T12:28:00,0.6,109,5.5,324,2019-11-16T15:19:00,0.0,,,,,,,,,,,,,,,,0,,,,0,,92,2019-11-16T05:11:00,,,,,,,,,,,,,,,,,,,,,,,,,,,,,,,,,,,,,,,,,,,,,,,,,,,,,,,,,,,,,,,,,,,,,,,,,,
2019-11-17,1009.1,1010.5,2019-11-17T08:26:00,1006.4,2019-11-17T15:19:00,23.3,29.4,2019-11-17T13:50:00,17.9,2019-11-17T06:02:00,75,46,2019-11-17T10:51:00,1.4,346,7.4,346,2019-11-17T14:08:00,0.0,,,,,,,,,,,,,,,,0,,,,0,,94,2019-11-17T05:38:00,,,,,,,,,,,,,,,,,,,,,,,,,,,,,,,,,,,,,,,,,,,,,,,,,,,,,,,,,,,,,,,,,,,,,,,,,,
2019-11-18,1008.1,1009.8,2019-11-18T09:00:00,1006.2,2019-11-18T14:30:00,22.6,28.4,2019-11-18T13:54:00,19.5,2019-11-18T03:02:00,79,61,2019-11-18T13:54:00,2.5,2,8.7,9,2019-11-18T10:24:00,0.0,,,,,,,,,,,,,,,,0,,,,0,,95,2019-11-18T06:54:00,,,,,,,,,,,,,,,,,,,,,,,,,,,,,,,,,,,,,,,,,,,,,,,,,,,,,,,,,,,,,,,,,,,,,,,,,,
2019-11-19,1009.0,1010.9,2019-11-19T21:57:00,1007.5,2019-11-19T02:19:00,20.1,22.3,2019-11-19T13:33:00,18.8,2019-11-19T03:53:00,70,59,2019-11-19T13:49:00,2.7,360,7.4,356,2019-11-19T08:41:00,0.0,,,,,,,,,,,,,,,,0,,,,0,,81,2019-11-19T03:52:00,,,,,,,,,,,,,,,,,,,,,,,,,,,,,,,,,,,,,,,,,,,,,,,,,,,,,,,,,,,,,,,,,,,,,,,,,,
2019-11-20,1010.3,1012.4,2019-11-20T08:47:00,1008.7,2019-11-20T15:57:00,20.9,25.2,2019-11-20T15:09:00,18.7,2019-11-20T05:02:00,70,59,2019-11-20T15:43:00,1.8,359,5.8,345,2019-11-20T16:35:00,0.0,,,,,,,,,,,,,,,,0,,,,0,,81,2019-11-20T23:59:00,,,,,,,,,,,,,,,,,,,,,,,,,,,,,,,,,,,,,,,,,,,,,,,,,,,,,,,,,,,,,,,,,,,,,,,,,,
2019-11-21,1009.5,1011.4,2019-11-21T08:52:00,1007.1,2019-11-21T15:29:00,21.5,27.9,2019-11-21T12:54:00,17.6,2019-11-21T07:05:00,78,52,2019-11-21T12:55:00,2.0,7,9.0,339,2019-11-21T15:40:00,0.0,,,,,,,,,,,,,,,,0,,,,0,,90,2019-11-21T07:09:00,,,,,,,,,,,,,,,,,,,,,,,,,,,,,,,,,,,,,,,,,,,,,,,,,,,,,,,,,,,,,,,,,,,,,,,,,,
2019-11-22,1008.7,1010.0,2019-11-22T09:17:00,1006.9,2019-11-22T15:32:00,23.2,28.3,2019-11-22T13:05:00,20.6,2019-11-22T04:22:00,83,62,2019-11-22T13:15:00,1.8,3,6.9,23,2019-11-22T03:51:00,0.0,,,,,,,,,,,,,,,,0,,,,0,,94,2019-11-22T23:59:00,,,,,,,,,,,,,,,,,,,,,,,,,,,,,,,,,,,,,,,,,,,,,,,,,,,,,,,,,,,,,,,,,,,,,,,,,,
2019-11-23,1010.3,1012.7,2019-11-23T09:19:00,1008.6,2019-11-23T03:51:00,22.7,27.7,2019-11-23T13:26:00,19.4,2019-11-23T06:12:00,88,62,2019-11-23T13:08:00,1.0,21,6.8,308,2019-11-23T14:47:00,0.0,,,,,,,,,,,,,,,,0,,,,0,,97,2019-11-23T23:57:00,,,,,,,,,,,,,,,,,,,,,,,,,,,,,,,,,,,,,,,,,,,,,,,,,,,,,,,,,,,,,,,,,,,,,,,,,,
2019-11-24,1011.2,1012.9,2019-11-24T21:51:00,1009.3,2019-11-24T14:17:00,23.3,29.2,2019-11-24T13:03:00,20.0,2019-11-24T05:22:00,84,55,2019-11-24T13:33:00,1.4,9,6.6,326,2019-11-24T15:10:00,0.0,,,,,,,,,,,,,,,,0,,,,0,,98,2019-11-24T05:13:00,,,,,,,,,,,,,,,,,,,,,,,,,,,,,,,,,,,,,,,,,,,,,,,,,,,,,,,,,,,,,,,,,,,,,,,,,,
2019-11-25,1012.9,1014.6,2019-11-25T08:27:00,1010.6,2019-11-25T14:49:00,22.6,28.6,2019-11-25T13:38:00,19.9,2019-11-25T05:40:00,82,60,2019-11-25T14:20:00,1.8,350,8.9,356,2019-11-25T16:49:00,0.0,,,,,,,,,,,,,,,,0,,,,0,,96,2019-11-25T05:17:00,,,,,,,,,,,,,,,,,,,,,,,,,,,,,,,,,,,,,,,,,,,,,,,,,,,,,,,,,,,,,,,,,,,,,,,,,,
2019-11-26,1013.4,1015.0,2019-11-26T09:32:00,1011.3,2019-11-26T15:42:00,22.7,28.8,2019-11-26T14:16:00,19.4,2019-11-26T06:50:00,73,55,2019-11-26T13:32:00,1.3,2,5.1,328,2019-11-26T16:25:00,0.0,,,,,,,,,,,,,,,,0,,,,0,,85,2019-11-26T23:58:00,,,,,,,,,,,,,,,,,,,,,,,,,,,,,,,,,,,,,,,,,,,,,,,,,,,,,,,,,,,,,,,,,,,,,,,,,,
2019-11-27,1012.9,1015.0,2019-11-27T09:03:00,1009.8,2019-11-27T14:30:00,21.8,29.2,2019-11-27T13:08:00,18.5,2019-11-27T04:50:00,81,53,2019-11-27T13:08:00,1.6,348,7.1,316,2019-11-27T15:49:00,0.0,,,,,,,,,,,,,,,,0,,,,0,,92,2019-11-27T07:01:00,,,,,,,,,,,,,,,,,,,,,,,,,,,,,,,,,,,,,,,,,,,,,,,,,,,,,,,,,,,,,,,,,,,,,,,,,,
2019-11-28,1013.9,1015.4,2019-11-28T09:36:00,1011.6,2019-11-28T14:27:00,20.1,24.3,2019-11-28T12:18:00,16.8,2019-11-28T23:53:00,73,57,2019-11-28T13:34:00,3.0,360,9.4,345,2019-11-28T14:27:00,0.0,,,,,,,,,,,,,,,,0,,,,0,,88,2019-11-28T00:01:00,,,,,,,,,,,,,,,,,,,,,,,,,,,,,,,,,,,,,,,,,,,,,,,,,,,,,,,,,,,,,,,,,,,,,,,,,,
2019-11-29,1014.6,1016.2,2019-11-29T09:11:00,1012.9,2019-11-29T15:12:00,20.3,25.9,2019-11-29T12:57:00,16.6,2019-11-29T00:32:00,66,49,2019-11-29T12:56:00,1.5,2,6.1,329,2019-11-29T14:16:00,0.0,,,,,,,,,,,,,,,,0,,,,0,,79,2019-11-29T02:14:00,,,,,,,,,,,,,,,,,,,,,,,,,,,,,,,,,,,,,,,,,,,,,,,,,,,,,,,,,,,,,,,,,,,,,,,,,,
2019-11-30,1013.5,1015.2,2019-11-30T09:22:00,1011.1,2019-11-30T14:31:00,20.7,25.7,2019-11-30T12:59:00,16.8,2019-11-30T06:52:00,77,51,2019-11-30T11:49:00,1.5,12,7.1,299,2019-11-30T15:14:00,0.0,,,,,,,,,,,,,,,,0,,,,0,,91,2019-11-30T20:59:00,,,,,,,,,,,,,,,,,,,,,,,,,,,,,,,,,,,,,,,,,,,,,,,,,,,,,,,,,,,,,,,,,,,,,,,,,,
2019-12-01,1011.7,1013.6,2019-12-02T00:00:00,1009.1,2019-12-01T13:52:00,21.8,28.2,2019-12-01T14:07:00,18.7,2019-12-01T04:50:00,78,38,2019-12-01T13:04:00,2.1,2,7.8,338,2019-12-01T14:28:00,0.0,,,,,,,,,,,,,,,,0.0,,,,0,,95,2019-12-01T05:18:00,,,,,,,,,,,,,,,,,,,,,,,,,,,,,,,,,,,,,,,,,,,,,,,,,,,,,,,,,,,,,,,,,,,,,,,,,,
2019-12-02,1012.8,1014.5,2019-12-02T20:51:00,1011.1,2019-12-02T14:39:00,18.0,21.5,2019-12-02T10:45:00,13.6,2019-12-02T23:42:00,71,54,2019-12-02T13:33:00,3.9,1,12.4,6,2019-12-02T14:57:00,0.0,,,,,,,,,,,,,,,,0.0,,,,0,,89,2019-12-02T02:54:00,,,,,,,,,,,,,,,,,,,,,,,,,,,,,,,,,,,,,,,,,,,,,,,,,,,,,,,,,,,,,,,,,,,,,,,,,,
2019-12-03,1013.9,1015.5,2019-12-03T08:55:00,1011.7,2019-12-03T14:57:00,16.9,22.5,2019-12-03T13:50:00,12.2,2019-12-03T03:30:00,63,46,2019-12-03T13:50:00,2.0,6,6.2,360,2019-12-03T16:30:00,0.0,,,,,,,,,,,,,,,,0.0,,,,0,,83,2019-12-03T03:27:00,,,,,,,,,,,,,,,,,,,,,,,,,,,,,,,,,,,,,,,,,,,,,,,,,,,,,,,,,,,,,,,,,,,,,,,,,,
2019-12-04,1014.6,1015.9,2019-12-04T09:30:00,1012.8,2019-12-04T14:18:00,17.1,22.1,2019-12-04T13:29:00,14.2,2019-12-04T01:02:00,72,49,2019-12-04T13:30:00,1.4,355,5.7,1,2019-12-04T05:35:00,3.0,,,,,,,,,,,,,,,,1.0,2019-12-04T17:00:00,,,0,,94,2019-12-04T19:05:00,,,,,,,,,,,,,,,,,,,,,,,,,,,,,,,,,,,,,,,,,,,,,,,,,,,,,,,,,,,,,,,,,,,,,,,,,,
2019-12-05,1015.0,1016.7,2019-12-05T10:24:00,1013.2,2019-12-05T14:36:00,15.1,16.4,2019-12-05T00:14:00,14.1,2019-12-05T19:22:00,90,77,2019-12-05T00:19:00,3.3,3,9.8,339,2019-12-05T14:36:00,14.0,,,,,,,,,,,,,,,,3.0,2019-12-05T19:00:00,,,0,,98,2019-12-05T18:48:00,,,,,,,,,,,,,,,,,,,,,,,,,,,,,,,,,,,,,,,,,,,,,,,,,,,,,,,,,,,,,,,,,,,,,,,,,,
2019-12-06,1013.8,1015.3,2019-12-06T00:09:00,1012.5,2019-12-06T03:41:00,15.0,15.9,2019-12-06T09:49:00,14.2,2019-12-06T22:54:00,95,89,2019-12-06T23:50:00,3.0,2,7.5,4,2019-12-06T15:47:00,23.5,,,,,,,,,,,,,,,,3.0,2019-12-06T14:00:00,,,0,,98,2019-12-06T15:24:00,,,,,,,,,,,,,,,,,,,,,,,,,,,,,,,,,,,,,,,,,,,,,,,,,,,,,,,,,,,,,,,,,,,,,,,,,,
2019-12-07,1015.2,1017.3,2019-12-07T22:34:00,1013.2,2019-12-07T13:56:00,15.3,18.6,2019-12-07T13:10:00,12.7,2019-12-07T04:40:00,75,61,2019-12-07T12:01:00,3.6,6,10.3,340,2019-12-07T14:28:00,0.5,,,,,,,,,,,,,,,,0.5,2019-12-07T05:00:00,,,0,,92,2019-12-07T04:25:00,,,,,,,,,,,,,,,,,,,,,,,,,,,,,,,,,,,,,,,,,,,,,,,,,,,,,,,,,,,,,,,,,,,,,,,,,,
2019-12-08,1016.1,1017.8,2019-12-08T08:51:00,1013.9,2019-12-08T15:25:00,16.3,22.8,2019-12-08T13:31:00,11.8,2019-12-08T06:50:00,64,43,2019-12-08T14:51:00,1.5,3,7.0,335,2019-12-08T15:31:00,0.0,,,,,,,,,,,,,,,,0.0,,,,0,,84,2019-12-08T06:48:00,,,,,,,,,,,,,,,,,,,,,,,,,,,,,,,,,,,,,,,,,,,,,,,,,,,,,,,,,,,,,,,,,,,,,,,,,,
2019-12-09,1014.5,1016.6,2019-12-09T00:06:00,1012.5,2019-12-09T17:10:00,17.0,22.6,2019-12-09T13:52:00,11.8,2019-12-09T06:20:00,72,48,2019-12-09T14:32:00,1.0,313,5.5,332,2019-12-09T12:25:00,0.0,,,,,,,,,,,,,,,,0.0,,,,0,,91,2019-12-09T04:30:00,,,,,,,,,,,,,,,,,,,,,,,,,,,,,,,,,,,,,,,,,,,,,,,,,,,,,,,,,,,,,,,,,,,,,,,,,,
2019-12-10,1011.9,1013.9,2019-12-10T00:02:00,1009.4,2019-12-10T15:07:00,19.0,25.1,2019-12-10T12:41:00,15.0,2019-12-10T07:00:00,70,39,2019-12-10T12:42:00,1.1,7,7.4,336,2019-12-10T16:24:00,0.0,,,,,,,,,,,,,,,,0.0,,,,0,,94,2019-12-10T22:52:00,,,,,,,,,,,,,,,,,,,,,,,,,,,,,,,,,,,,,,,,,,,,,,,,,,,,,,,,,,,,,,,,,,,,,,,,,,
2019-12-11,1011.1,1013.3,2019-12-11T22:57:00,1009.3,2019-12-11T14:22:00,18.2,23.4,2019-12-11T14:19:00,13.2,2019-12-11T05:00:00,77,56,2019-12-11T10:38:00,1.8,8,7.5,290,2019-12-11T13:59:00,0.0,,,,,,,,,,,,,,,,0.0,,,,0,,91,2019-12-11T02:55:00,,,,,,,,,,,,,,,,,,,,,,,,,,,,,,,,,,,,,,,,,,,,,,,,,,,,,,,,,,,,,,,,,,,,,,,,,,
2019-12-12,1014.1,1016.7,2019-12-12T21:45:00,1012.1,2019-12-12T02:23:00,18.8,25.3,2019-12-12T13:39:00,14.0,2019-12-12T06:53:00,76,50,2019-12-12T13:01:00,1.0,331,5.7,286,2019-12-12T14:33:00,0.0,,,,,,,,,,,,,,,,0.0,,,,0,,96,2019-12-12T01:36:00,,,,,,,,,,,,,,,,,,,,,,,,,,,,,,,,,,,,,,,,,,,,,,,,,,,,,,,,,,,,,,,,,,,,,,,,,,
2019-12-13,1016.4,1018.5,2019-12-13T08:49:00,1014.9,2019-12-13T15:47:00,18.5,24.1,2019-12-13T12:38:00,13.7,2019-12-13T06:53:00,79,47,2019-12-13T11:52:00,1.6,3,6.8,314,2019-12-13T13:11:00,0.0,,,,,,,,,,,,,,,,0.0,,,,0,,95,2019-12-13T23:43:00,,,,,,,,,,,,,,,,,,,,,,,,,,,,,,,,,,,,,,,,,,,,,,,,,,,,,,,,,,,,,,,,,,,,,,,,,,
2019-12-14,1015.3,1018.1,2019-12-14T08:53:00,1013.0,2019-12-14T14:51:00,19.4,26.8,2019-12-14T14:04:00,13.3,2019-12-14T05:40:00,79,42,2019-12-14T13:48:00,1.3,336,6.4,331,2019-12-14T15:45:00,0.0,,,,,,,,,,,,,,,,0.0,,,,0,,99,2019-12-14T06:31:00,,,,,,,,,,,,,,,,,,,,,,,,,,,,,,,,,,,,,,,,,,,,,,,,,,,,,,,,,,,,,,,,,,,,,,,,,,
2019-12-15,1014.2,1016.3,2019-12-15T09:14:00,1012.2,2019-12-15T14:46:00,20.5,27.0,2019-12-15T12:59:00,17.0,2019-12-15T02:10:00,81,47,2019-12-15T12:59:00,1.4,344,7.0,340,2019-12-15T14:44:00,0.0,,,,,,,,,,,,,,,,0.0,,,,0,,97,2019-12-15T01:52:00,,,,,,,,,,,,,,,,,,,,,,,,,,,,,,,,,,,,,,,,,,,,,,,,,,,,,,,,,,,,,,,,,,,,,,,,,,
2019-12-16,1012.7,1015.2,2019-12-16T09:03:00,1009.3,2019-12-16T15:21:00,20.6,27.3,2019-12-16T14:34:00,16.2,2019-12-16T07:02:00,83,48,2019-12-16T14:58:00,1.0,11,5.9,13,2019-12-16T13:36:00,0.0,,,,,,,,,,,,,,,,0.0,,,,0,,100,2019-12-16T05:18:00,,,,,,,,,,,,,,,,,,,,,,,,,,,,,,,,,,,,,,,,,,,,,,,,,,,,,,,,,,,,,,,,,,,,,,,,,,
2019-12-17,1012.4,1014.9,2019-12-17T09:50:00,1010.2,2019-12-17T15:19:00,22.4,28.2,2019-12-17T14:56:00,16.8,2019-12-17T05:54:00,74,49,2019-12-17T10:46:00,1.4,21,7.2,357,2019-12-17T12:07:00,0.0,,,,,,,,,,,,,,,,0.0,,,,0,,96,2019-12-17T01:04:00,,,,,,,,,,,,,,,,,,,,,,,,,,,,,,,,,,,,,,,,,,,,,,,,,,,,,,,,,,,,,,,,,,,,,,,,,,
2019-12-18,1012.8,1014.5,2019-12-18T08:58:00,1010.2,2019-12-18T14:39:00,21.5,27.2,2019-12-18T14:25:00,18.0,2019-12-18T06:32:00,80,55,2019-12-18T14:26:00,1.7,345,7.4,314,2019-12-18T14:59:00,0.0,,,,,,,,,,,,,,,,0.0,,,,0,,93,2019-12-18T23:58:00,,,,,,,,,,,,,,,,,,,,,,,,,,,,,,,,,,,,,,,,,,,,,,,,,,,,,,,,,,,,,,,,,,,,,,,,,,
2019-12-19,1013.5,1014.9,2019-12-19T09:32:00,1012.3,2019-12-19T14:44:00,19.6,24.1,2019-12-19T12:06:00,17.4,2019-12-19T23:58:00,88,67,2019-12-19T12:07:00,1.8,2,6.7,345,2019-12-19T14:26:00,0.0,,,,,,,,,,,,,,,,0.0,,,,0,,97,2019-12-19T06:39:00,,,,,,,,,,,,,,,,,,,,,,,,,,,,,,,,,,,,,,,,,,,,,,,,,,,,,,,,,,,,,,,,,,,,,,,,,,
2019-12-20,1012.8,1014.3,2019-12-20T08:19:00,1010.2,2019-12-20T16:28:00,18.8,22.2,2019-12-20T11:46:00,16.5,2019-12-20T06:40:00,87,66,2019-12-20T11:48:00,2.0,360,6.1,359,2019-12-20T10:14:00,3.0,,,,,,,,,,,,,,,,2.5,2019-12-20T14:00:00,,,0,,95,2019-12-20T22:52:00,,,,,,,,,,,,,,,,,,,,,,,,,,,,,,,,,,,,,,,,,,,,,,,,,,,,,,,,,,,,,,,,,,,,,,,,,,
2019-12-21,1011.3,1013.6,2019-12-21T09:30:00,1009.3,2019-12-21T15:16:00,19.4,23.4,2019-12-21T13:36:00,17.4,2019-12-21T03:20:00,91,69,2019-12-21T13:11:00,1.3,5,6.6,342,2019-12-21T15:33:00,0.5,,,,,,,,,,,,,,,,0.5,2019-12-21T16:00:00,,,0,,98,2019-12-21T03:34:00,,,,,,,,,,,,,,,,,,,,,,,,,,,,,,,,,,,,,,,,,,,,,,,,,,,,,,,,,,,,,,,,,,,,,,,,,,
2019-12-22,1009.6,1011.3,2019-12-22T08:37:00,1007.2,2019-12-22T14:59:00,20.1,26.9,2019-12-22T12:01:00,17.2,2019-12-22T05:42:00,87,54,2019-12-22T12:01:00,1.6,26,7.1,327,2019-12-22T15:31:00,0.0,,,,,,,,,,,,,,,,0.0,,,,0,,100,2019-12-22T06:55:00,,,,,,,,,,,,,,,,,,,,,,,,,,,,,,,,,,,,,,,,,,,,,,,,,,,,,,,,,,,,,,,,,,,,,,,,,,
2019-12-23,1010.8,1012.7,2019-12-23T23:30:00,1008.9,2019-12-23T14:44:00,19.7,24.8,2019-12-23T13:02:00,16.9,2019-12-23T04:52:00,85,60,2019-12-23T13:31:00,1.6,2,6.8,330,2019-12-23T14:36:00,0.0,,,,,,,,,,,,,,,,0.0,,,,0,,98,2019-12-23T07:52:00,,,,,,,,,,,,,,,,,,,,,,,,,,,,,,,,,,,,,,,,,,,,,,,,,,,,,,,,,,,,,,,,,,,,,,,,,,
2019-12-24,1012.2,1014.2,2019-12-24T09:31:00,1010.4,2019-12-24T16:01:00,19.6,24.9,2019-12-24T12:49:00,16.6,2019-12-24T06:32:00,87,63,2019-12-24T12:37:00,1.7,1,7.3,338,2019-12-24T14:06:00,0.0,,,,,,,,,,,,,,,,0.0,,,,0,,98,2019-12-24T06:28:00,,,,,,,,,,,,,,,,,,,,,,,,,,,,,,,,,,,,,,,,,,,,,,,,,,,,,,,,,,,,,,,,,,,,,,,,,,
2019-12-25,1010.0,1012.4,2019-12-25T08:34:00,1007.1,2019-12-25T15:43:00,20.8,27.7,2019-12-25T14:31:00,16.4,2019-12-25T02:52:00,81,47,2019-12-25T13:42:00,1.2,331,5.7,340,2019-12-25T16:47:00,0.0,,,,,,,,,,,,,,,,0.0,,,,0,,97,2019-12-25T02:55:00,,,,,,,,,,,,,,,,,,,,,,,,,,,,,,,,,,,,,,,,,,,,,,,,,,,,,,,,,,,,,,,,,,,,,,,,,,
2019-12-26,1009.5,1011.1,2019-12-26T09:14:00,1006.7,2019-12-26T14:45:00,21.3,27.4,2019-12-26T13:51:00,16.1,2019-12-26T06:32:00,78,51,2019-12-26T14:20:00,2.6,355,9.9,14,2019-12-26T09:52:00,0.0,,,,,,,,,,,,,,,,0.0,,,,0,,99,2019-12-26T06:16:00,,,,,,,,,,,,,,,,,,,,,,,,,,,,,,,,,,,,,,,,,,,,,,,,,,,,,,,,,,,,,,,,,,,,,,,,,,
2019-12-27,1012.8,1015.0,2019-12-27T19:51:00,1010.5,2019-12-27T02:07:00,17.4,20.8,2019-12-27T13:02:00,15.5,2019-12-27T22:23:00,67,53,2019-12-27T13:02:00,2.8,358,8.7,12,2019-12-27T04:58:00,0.0,,,,,,,,,,,,,,,,0.0,,,,0,,79,2019-12-28T00:00:00,,,,,,,,,,,,,,,,,,,,,,,,,,,,,,,,,,,,,,,,,,,,,,,,,,,,,,,,,,,,,,,,,,,,,,,,,,
2019-12-28,1013.4,1015.5,2019-12-28T09:02:00,1011.2,2019-12-28T15:27:00,18.6,22.4,2019-12-28T13:42:00,15.6,2019-12-28T00:03:00,75,62,2019-12-28T13:39:00,1.2,3,5.0,337,2019-12-28T14:25:00,0.0,,,,,,,,,,,,,,,,0.0,,,,0,,96,2019-12-28T23:54:00,,,,,,,,,,,,,,,,,,,,,,,,,,,,,,,,,,,,,,,,,,,,,,,,,,,,,,,,,,,,,,,,,,,,,,,,,,
2019-12-29,1012.8,1014.8,2019-12-29T09:27:00,1010.9,2019-12-29T15:20:00,18.1,18.6,2019-12-29T17:34:00,17.6,2019-12-29T05:02:00,99,96,2019-12-29T00:03:00,1.9,1,7.4,16,2019-12-29T10:17:00,90.5,,,,,,,,,,,,,,,,15.0,2019-12-29T12:00:00,,,0,,100,2019-12-29T05:50:00,,,,,,,,,,,,,,,,,,,,,,,,,,,,,,,,,,,,,,,,,,,,,,,,,,,,,,,,,,,,,,,,,,,,,,,,,,
2019-12-30,1014.5,1016.6,2019-12-30T21:37:00,1011.8,2019-12-30T14:17:00,20.0,23.1,2019-12-30T10:23:00,18.0,2019-12-30T00:03:00,92,72,2019-12-30T10:13:00,2.8,20,10.0,1,2019-12-30T15:51:00,10.5,,,,,,,,,,,,,,,,5.0,2019-12-30T20:00:00,,,0,,100,2019-12-30T00:02:00,,,,,,,,,,,,,,,,,,,,,,,,,,,,,,,,,,,,,,,,,,,,,,,,,,,,,,,,,,,,,,,,,,,,,,,,,,
2019-12-31,1017.9,1020.0,2019-12-31T09:40:00,1015.6,2019-12-31T00:06:00,17.8,21.4,2019-12-31T13:36:00,15.3,2019-12-31T23:30:00,85,72,2019-12-31T16:57:00,2.4,357,7.1,356,2019-12-31T16:59:00,19.0,,,,,,,,,,,,,,,,14.5,2019-12-31T04:00:00,,,0,,100,2019-12-31T03:42:00,,,,,,,,,,,,,,,,,,,,,,,,,,,,,,,,,,,,,,,,,,,,,,,,,,,,,,,,,,,,,,,,,,,,,,,,,,
