,StnPres,StnPresMax,StnPresMaxTime,StnPresMin,StnPresMinTime,Tx,TxMaxAbs,TxMaxAbsTime,TxMinAbs,TxMinAbsTime,RH,RHMin,RHMinTime,WS,WD,WSGust,WDGust,WGustTime,Precp,GloblRad,TxSoil0cm,TxSoil5cm,TxSoil20cm,TxSoil50cm,TxSoil100cm,AirTemperature.MaximumTimef,AirTemperature.Maximumf,AirTemperature.Meanf,AirTemperature.MinimumTimef,AirTemperature.Minimumf,GlobalSolarRadiation.Accumulationf,GlobalSolarRadiation.HourlyMaximumTimef,GlobalSolarRadiation.HourlyMaximumf,GloblRadMax,GloblRadMaxTime,PeakGust.Directionf,PeakGust.MaximumTimef,PeakGust.Maximumf,Precipitation.Accumulationf,Precipitation.HourlyMaximum,Precipitation.HourlyMaximumTime,Precipitation.HourlyMaximumTimef,Precipitation.HourlyMaximumf,Precipitation.MeltFlag,Precipitation.MeltFlagf,RelativeHumidity.Maximum,RelativeHumidity.MaximumTime,RelativeHumidity.MaximumTimef,RelativeHumidity.Maximumf,RelativeHumidity.Meanf,RelativeHumidity.MinimumTimef,RelativeHumidity.Minimumf,SoilTemperatureAt0cm.Maximum,SoilTemperatureAt0cm.MaximumTime,SoilTemperatureAt0cm.MaximumTimef,SoilTemperatureAt0cm.Maximumf,SoilTemperatureAt0cm.Meanf,SoilTemperatureAt0cm.Minimum,SoilTemperatureAt0cm.MinimumTime,SoilTemperatureAt0cm.MinimumTimef,SoilTemperatureAt0cm.Minimumf,SoilTemperatureAt100cm.Maximum,SoilTemperatureAt100cm.MaximumTime,SoilTemperatureAt100cm.MaximumTimef,SoilTemperatureAt100cm.Maximumf,SoilTemperatureAt100cm.Meanf,SoilTemperatureAt100cm.Minimum,SoilTemperatureAt100cm.MinimumTime,SoilTemperatureAt100cm.MinimumTimef,SoilTemperatureAt100cm.Minimumf,SoilTemperatureAt10cm.Maximum,SoilTemperatureAt10cm.MaximumTime,SoilTemperatureAt10cm.MaximumTimef,SoilTemperatureAt10cm.Maximumf,SoilTemperatureAt10cm.Meanf,SoilTemperatureAt10cm.Minimum,SoilTemperatureAt10cm.MinimumTime,SoilTemperatureAt10cm.MinimumTimef,SoilTemperatureAt10cm.Minimumf,SoilTemperatureAt20cm.Maximum,SoilTemperatureAt20cm.MaximumTime,SoilTemperatureAt20cm.MaximumTimef,SoilTemperatureAt20cm.Maximumf,SoilTemperatureAt20cm.Meanf,SoilTemperatureAt20cm.Minimum,SoilTemperatureAt20cm.MinimumTime,SoilTemperatureAt20cm.MinimumTimef,SoilTemperatureAt20cm.Minimumf,SoilTemperatureAt50cm.Maximum,SoilTemperatureAt50cm.MaximumTime,SoilTemperatureAt50cm.MaximumTimef,SoilTemperatureAt50cm.Maximumf,SoilTemperatureAt50cm.Meanf,SoilTemperatureAt50cm.Minimum,SoilTemperatureAt50cm.MinimumTime,SoilTemperatureAt50cm.MinimumTimef,SoilTemperatureAt50cm.Minimumf,SoilTemperatureAt5cm.Maximum,SoilTemperatureAt5cm.MaximumTime,SoilTemperatureAt5cm.MaximumTimef,SoilTemperatureAt5cm.Maximumf,SoilTemperatureAt5cm.Meanf,SoilTemperatureAt5cm.Minimum,SoilTemperatureAt5cm.MinimumTime,SoilTemperatureAt5cm.MinimumTimef,SoilTemperatureAt5cm.Minimumf,StationPressure.MaximumTimef,StationPressure.Maximumf,StationPressure.Meanf,StationPressure.MinimumTimef,StationPressure.Minimumf,SunShine,SunshineDuration.Totalf,TxSoil10cm,WindDirection.Prevailingf,WindSpeed.Meanf
2013-01-01,1011.4,-9999.7,,-9999.7,,15.2,-99.7,,-99.7,,,-9997.0,,0.2,320,-99.7,-999.7,,0.0,,,,,,,,,,,,,,,,,,,,,,,,,,,-9997.0,,,,,,,,,,,,,,,,,,,,,,,,,,,,,,,,,,,,,,,,,,,,,,,,,,,,,,,,,,,,,,,,,,1.4,,,,
2013-01-02,1011.1,-9999.7,,-9999.7,,18.2,-99.7,,-99.7,,,-9997.0,,0.6,330,-99.7,-999.7,,0.0,,,,,,,,,,,,,,,,,,,,,,,,,,,-9997.0,,,,,,,,,,,,,,,,,,,,,,,,,,,,,,,,,,,,,,,,,,,,,,,,,,,,,,,,,,,,,,,,,,4.4,,,,
2013-01-03,1012.7,-9999.7,,-9999.7,,16.9,-99.7,,-99.7,,,-9997.0,,0.2,320,-99.7,-999.7,,1.0,,,,,,,,,,,,,,,,,,,,,,,,,,,-9997.0,,,,,,,,,,,,,,,,,,,,,,,,,,,,,,,,,,,,,,,,,,,,,,,,,,,,,,,,,,,,,,,,,,0.0,,,,
2013-01-04,1010.2,-9999.7,,-9999.7,,16.2,-99.7,,-99.7,,,-9997.0,,0.2,20,-99.7,-999.7,,0.0,,,,,,,,,,,,,,,,,,,,,,,,,,,-9997.0,,,,,,,,,,,,,,,,,,,,,,,,,,,,,,,,,,,,,,,,,,,,,,,,,,,,,,,,,,,,,,,,,,2.3,,,,
2013-01-05,1008.1,-9999.7,,-9999.7,,17.6,-99.7,,-99.7,,,-9997.0,,0.5,320,-99.7,-999.7,,0.0,,,,,,,,,,,,,,,,,,,,,,,,,,,-9997.0,,,,,,,,,,,,,,,,,,,,,,,,,,,,,,,,,,,,,,,,,,,,,,,,,,,,,,,,,,,,,,,,,,8.4,,,,
2013-01-06,1008.4,-9999.7,,-9999.7,,18.3,-99.7,,-99.7,,,-9997.0,,0.3,310,-99.7,-999.7,,0.0,,,,,,,,,,,,,,,,,,,,,,,,,,,-9997.0,,,,,,,,,,,,,,,,,,,,,,,,,,,,,,,,,,,,,,,,,,,,,,,,,,,,,,,,,,,,,,,,,,7.7,,,,
2013-01-07,1007.9,-9999.7,,-9999.7,,19.9,-99.7,,-99.7,,,-9997.0,,0.4,300,-99.7,-999.7,,0.0,,,,,,,,,,,,,,,,,,,,,,,,,,,-9997.0,,,,,,,,,,,,,,,,,,,,,,,,,,,,,,,,,,,,,,,,,,,,,,,,,,,,,,,,,,,,,,,,,,6.5,,,,
2013-01-08,1007.7,-9999.7,,-9999.7,,18.5,-99.7,,-99.7,,,-9997.0,,0.3,260,-99.7,-999.7,,0.0,,,,,,,,,,,,,,,,,,,,,,,,,,,-9997.0,,,,,,,,,,,,,,,,,,,,,,,,,,,,,,,,,,,,,,,,,,,,,,,,,,,,,,,,,,,,,,,,,,0.0,,,,
2013-01-09,1009.0,-9999.7,,-9999.7,,15.8,-99.7,,-99.7,,,-9997.0,,0.3,290,-99.7,-999.7,,1.5,,,,,,,,,,,,,,,,,,,,,,,,,,,-9997.0,,,,,,,,,,,,,,,,,,,,,,,,,,,,,,,,,,,,,,,,,,,,,,,,,,,,,,,,,,,,,,,,,,0.0,,,,
2013-01-10,1010.2,-9999.7,,-9999.7,,15.7,-99.7,,-99.7,,,-9997.0,,0.3,310,-99.7,-999.7,,0.5,,,,,,,,,,,,,,,,,,,,,,,,,,,-9997.0,,,,,,,,,,,,,,,,,,,,,,,,,,,,,,,,,,,,,,,,,,,,,,,,,,,,,,,,,,,,,,,,,,0.4,,,,
2013-01-11,1010.8,-9999.7,,-9999.7,,16.3,-99.7,,-99.7,,,-9997.0,,0.2,200,-99.7,-999.7,,0.0,,,,,,,,,,,,,,,,,,,,,,,,,,,-9997.0,,,,,,,,,,,,,,,,,,,,,,,,,,,,,,,,,,,,,,,,,,,,,,,,,,,,,,,,,,,,,,,,,,0.5,,,,
2013-01-12,1007.7,-9999.7,,-9999.7,,19.1,-99.7,,-99.7,,,-9997.0,,0.4,270,-99.7,-999.7,,0.0,,,,,,,,,,,,,,,,,,,,,,,,,,,-9997.0,,,,,,,,,,,,,,,,,,,,,,,,,,,,,,,,,,,,,,,,,,,,,,,,,,,,,,,,,,,,,,,,,,4.9,,,,
2013-01-13,1003.7,-9999.7,,-9999.7,,17.7,-99.7,,-99.7,,,-9997.0,,1.4,340,-99.7,-999.7,,4.0,,,,,,,,,,,,,,,,,,,,,,,,,,,-9997.0,,,,,,,,,,,,,,,,,,,,,,,,,,,,,,,,,,,,,,,,,,,,,,,,,,,,,,,,,,,,,,,,,,2.4,,,,
2013-01-14,1009.2,-9999.7,,-9999.7,,15.5,-99.7,,-99.7,,,-9997.0,,0.4,20,-99.7,-999.7,,0.0,,,,,,,,,,,,,,,,,,,,,,,,,,,-9997.0,,,,,,,,,,,,,,,,,,,,,,,,,,,,,,,,,,,,,,,,,,,,,,,,,,,,,,,,,,,,,,,,,,8.5,,,,
2013-01-15,1012.5,-9999.7,,-9999.7,,15.7,-99.7,,-99.7,,,-9997.0,,0.3,270,-99.7,-999.7,,0.0,,,,,,,,,,,,,,,,,,,,,,,,,,,-9997.0,,,,,,,,,,,,,,,,,,,,,,,,,,,,,,,,,,,,,,,,,,,,,,,,,,,,,,,,,,,,,,,,,,6.8,,,,
2013-01-16,1013.3,-9999.7,,-9999.7,,15.6,-99.7,,-99.7,,,-9997.0,,0.4,30,-99.7,-999.7,,0.0,,,,,,,,,,,,,,,,,,,,,,,,,,,-9997.0,,,,,,,,,,,,,,,,,,,,,,,,,,,,,,,,,,,,,,,,,,,,,,,,,,,,,,,,,,,,,,,,,,7.5,,,,
2013-01-17,1014.8,-9999.7,,-9999.7,,14.5,-99.7,,-99.7,,,-9997.0,,0.7,330,-99.7,-999.7,,0.0,,,,,,,,,,,,,,,,,,,,,,,,,,,-9997.0,,,,,,,,,,,,,,,,,,,,,,,,,,,,,,,,,,,,,,,,,,,,,,,,,,,,,,,,,,,,,,,,,,8.4,,,,
2013-01-18,1016.6,-9999.7,,-9999.7,,13.7,-99.7,,-99.7,,,-9997.0,,0.2,250,-99.7,-999.7,,0.0,,,,,,,,,,,,,,,,,,,,,,,,,,,-9997.0,,,,,,,,,,,,,,,,,,,,,,,,,,,,,,,,,,,,,,,,,,,,,,,,,,,,,,,,,,,,,,,,,,7.1,,,,
2013-01-19,1014.8,-9999.7,,-9999.7,,14.6,-99.7,,-99.7,,,-9997.0,,0.2,290,-99.7,-999.7,,0.0,,,,,,,,,,,,,,,,,,,,,,,,,,,-9997.0,,,,,,,,,,,,,,,,,,,,,,,,,,,,,,,,,,,,,,,,,,,,,,,,,,,,,,,,,,,,,,,,,,7.8,,,,
2013-01-20,1014.0,-9999.7,,-9999.7,,16.2,-99.7,,-99.7,,,-9997.0,,0.3,10,-99.7,-999.7,,0.0,,,,,,,,,,,,,,,,,,,,,,,,,,,-9997.0,,,,,,,,,,,,,,,,,,,,,,,,,,,,,,,,,,,,,,,,,,,,,,,,,,,,,,,,,,,,,,,,,,7.2,,,,
2013-01-21,1012.4,-9999.7,,-9999.7,,19.0,-99.7,,-99.7,,,-9997.0,,0.6,40,-99.7,-999.7,,0.0,,,,,,,,,,,,,,,,,,,,,,,,,,,-9997.0,,,,,,,,,,,,,,,,,,,,,,,,,,,,,,,,,,,,,,,,,,,,,,,,,,,,,,,,,,,,,,,,,,4.9,,,,
2013-01-22,1011.1,-9999.7,,-9999.7,,19.6,-99.7,,-99.7,,,-9997.0,,0.4,40,-99.7,-999.7,,0.0,,,,,,,,,,,,,,,,,,,,,,,,,,,-9997.0,,,,,,,,,,,,,,,,,,,,,,,,,,,,,,,,,,,,,,,,,,,,,,,,,,,,,,,,,,,,,,,,,,2.8,,,,
2013-01-23,1010.2,-9999.7,,-9999.7,,18.8,-99.7,,-99.7,,,-9997.0,,0.3,300,-99.7,-999.7,,0.0,,,,,,,,,,,,,,,,,,,,,,,,,,,-9997.0,,,,,,,,,,,,,,,,,,,,,,,,,,,,,,,,,,,,,,,,,,,,,,,,,,,,,,,,,,,,,,,,,,6.7,,,,
2013-01-24,1009.1,-9999.7,,-9999.7,,18.2,-99.7,,-99.7,,,-9997.0,,0.2,240,-99.7,-999.7,,0.0,,,,,,,,,,,,,,,,,,,,,,,,,,,-9997.0,,,,,,,,,,,,,,,,,,,,,,,,,,,,,,,,,,,,,,,,,,,,,,,,,,,,,,,,,,,,,,,,,,1.8,,,,
2013-01-25,1009.3,-9999.7,,-9999.7,,17.3,-99.7,,-99.7,,,-9997.0,,0.3,260,-99.7,-999.7,,0.0,,,,,,,,,,,,,,,,,,,,,,,,,,,-9997.0,,,,,,,,,,,,,,,,,,,,,,,,,,,,,,,,,,,,,,,,,,,,,,,,,,,,,,,,,,,,,,,,,,1.3,,,,
2013-01-26,1010.2,-9999.7,,-9999.7,,15.9,-99.7,,-99.7,,,-9997.0,,0.3,230,-99.7,-999.7,,0.0,,,,,,,,,,,,,,,,,,,,,,,,,,,-9997.0,,,,,,,,,,,,,,,,,,,,,,,,,,,,,,,,,,,,,,,,,,,,,,,,,,,,,,,,,,,,,,,,,,6.8,,,,
2013-01-27,1011.8,-9999.7,,-9999.7,,16.5,-99.7,,-99.7,,,-9997.0,,0.4,260,-99.7,-999.7,,0.0,,,,,,,,,,,,,,,,,,,,,,,,,,,-9997.0,,,,,,,,,,,,,,,,,,,,,,,,,,,,,,,,,,,,,,,,,,,,,,,,,,,,,,,,,,,,,,,,,,6.1,,,,
2013-01-28,1013.3,-9999.7,,-9999.7,,16.1,-99.7,,-99.7,,,-9997.0,,0.2,310,-99.7,-999.7,,0.0,,,,,,,,,,,,,,,,,,,,,,,,,,,-9997.0,,,,,,,,,,,,,,,,,,,,,,,,,,,,,,,,,,,,,,,,,,,,,,,,,,,,,,,,,,,,,,,,,,8.4,,,,
2013-01-29,1014.0,-9999.7,,-9999.7,,16.6,-99.7,,-99.7,,,-9997.0,,0.6,10,-99.7,-999.7,,0.0,,,,,,,,,,,,,,,,,,,,,,,,,,,-9997.0,,,,,,,,,,,,,,,,,,,,,,,,,,,,,,,,,,,,,,,,,,,,,,,,,,,,,,,,,,,,,,,,,,8.5,,,,
2013-01-30,1014.7,-9999.7,,-9999.7,,17.0,-99.7,,-99.7,,,-9997.0,,0.3,240,-99.7,-999.7,,0.0,,,,,,,,,,,,,,,,,,,,,,,,,,,-9997.0,,,,,,,,,,,,,,,,,,,,,,,,,,,,,,,,,,,,,,,,,,,,,,,,,,,,,,,,,,,,,,,,,,8.5,,,,
2013-01-31,1014.1,-9999.7,,-9999.7,,18.0,-99.7,,-99.7,,,-9997.0,,0.7,40,-99.7,-999.7,,0.0,,,,,,,,,,,,,,,,,,,,,,,,,,,-9997.0,,,,,,,,,,,,,,,,,,,,,,,,,,,,,,,,,,,,,,,,,,,,,,,,,,,,,,,,,,,,,,,,,,8.5,,,,
2013-02-01,1012.4,-9999.7,,-9999.7,,19.5,-99.7,,-99.7,,,-9997.0,,0.8,340,-99.7,-999.7,,0.0,,,,,,,,,,,,,,,,,,,,,,,,,,,-9997.0,,,,,,,,,,,,,,,,,,,,,,,,,,,,,,,,,,,,,,,,,,,,,,,,,,,,,,,,,,,,,,,,,,7.4,,,,
2013-02-02,1011.9,-9999.7,,-9999.7,,21.7,-99.7,,-99.7,,,-9997.0,,0.3,10,-99.7,-999.7,,0.0,,,,,,,,,,,,,,,,,,,,,,,,,,,-9997.0,,,,,,,,,,,,,,,,,,,,,,,,,,,,,,,,,,,,,,,,,,,,,,,,,,,,,,,,,,,,,,,,,,5.9,,,,
2013-02-03,1011.5,-9999.7,,-9999.7,,21.0,-99.7,,-99.7,,,-9997.0,,0.3,300,-99.7,-999.7,,0.0,,,,,,,,,,,,,,,,,,,,,,,,,,,-9997.0,,,,,,,,,,,,,,,,,,,,,,,,,,,,,,,,,,,,,,,,,,,,,,,,,,,,,,,,,,,,,,,,,,2.1,,,,
2013-02-04,1010.9,-9999.7,,-9999.7,,22.8,-99.7,,-99.7,,,-9997.0,,0.4,270,-99.7,-999.7,,0.0,,,,,,,,,,,,,,,,,,,,,,,,,,,-9997.0,,,,,,,,,,,,,,,,,,,,,,,,,,,,,,,,,,,,,,,,,,,,,,,,,,,,,,,,,,,,,,,,,,7.9,,,,
2013-02-05,1010.3,-9999.7,,-9999.7,,21.2,-99.7,,-99.7,,,-9997.0,,0.4,260,-99.7,-999.7,,0.0,,,,,,,,,,,,,,,,,,,,,,,,,,,-9997.0,,,,,,,,,,,,,,,,,,,,,,,,,,,,,,,,,,,,,,,,,,,,,,,,,,,,,,,,,,,,,,,,,,3.1,,,,
2013-02-06,1008.6,-9999.7,,-9999.7,,21.2,-99.7,,-99.7,,,-9997.0,,0.5,310,-99.7,-999.7,,0.0,,,,,,,,,,,,,,,,,,,,,,,,,,,-9997.0,,,,,,,,,,,,,,,,,,,,,,,,,,,,,,,,,,,,,,,,,,,,,,,,,,,,,,,,,,,,,,,,,,4.5,,,,
2013-02-07,1007.1,-9999.7,,-9999.7,,20.2,-99.7,,-99.7,,,-9997.0,,0.4,300,-99.7,-999.7,,0.0,,,,,,,,,,,,,,,,,,,,,,,,,,,-9997.0,,,,,,,,,,,,,,,,,,,,,,,,,,,,,,,,,,,,,,,,,,,,,,,,,,,,,,,,,,,,,,,,,,7.9,,,,
2013-02-08,1010.0,-9999.7,,-9999.7,,18.9,-99.7,,-99.7,,,-9997.0,,0.4,280,-99.7,-999.7,,0.0,,,,,,,,,,,,,,,,,,,,,,,,,,,-9997.0,,,,,,,,,,,,,,,,,,,,,,,,,,,,,,,,,,,,,,,,,,,,,,,,,,,,,,,,,,,,,,,,,,5.1,,,,
2013-02-09,1012.3,-9999.7,,-9999.7,,17.2,-99.7,,-99.7,,,-9997.0,,0.4,250,-99.7,-999.7,,0.0,,,,,,,,,,,,,,,,,,,,,,,,,,,-9997.0,,,,,,,,,,,,,,,,,,,,,,,,,,,,,,,,,,,,,,,,,,,,,,,,,,,,,,,,,,,,,,,,,,7.6,,,,
2013-02-10,1011.7,-9999.7,,-9999.7,,16.3,-99.7,,-99.7,,,-9997.0,,0.5,310,-99.7,-999.7,,0.0,,,,,,,,,,,,,,,,,,,,,,,,,,,-9997.0,,,,,,,,,,,,,,,,,,,,,,,,,,,,,,,,,,,,,,,,,,,,,,,,,,,,,,,,,,,,,,,,,,5.9,,,,
2013-02-11,1011.4,-9999.7,,-9999.7,,17.6,-99.7,,-99.7,,,-9997.0,,0.3,300,-99.7,-999.7,,0.0,,,,,,,,,,,,,,,,,,,,,,,,,,,-9997.0,,,,,,,,,,,,,,,,,,,,,,,,,,,,,,,,,,,,,,,,,,,,,,,,,,,,,,,,,,,,,,,,,,7.0,,,,
2013-02-12,1010.9,-9999.7,,-9999.7,,19.4,-99.7,,-99.7,,,-9997.0,,0.5,280,-99.7,-999.7,,0.0,,,,,,,,,,,,,,,,,,,,,,,,,,,-9997.0,,,,,,,,,,,,,,,,,,,,,,,,,,,,,,,,,,,,,,,,,,,,,,,,,,,,,,,,,,,,,,,,,,8.6,,,,
2013-02-13,1010.6,-9999.7,,-9999.7,,19.4,-99.7,,-99.7,,,-9997.0,,0.2,220,-99.7,-999.7,,0.0,,,,,,,,,,,,,,,,,,,,,,,,,,,-9997.0,,,,,,,,,,,,,,,,,,,,,,,,,,,,,,,,,,,,,,,,,,,,,,,,,,,,,,,,,,,,,,,,,,5.5,,,,
2013-02-14,1009.0,-9999.7,,-9999.7,,21.3,-99.7,,-99.7,,,-9997.0,,0.3,220,-99.7,-999.7,,0.0,,,,,,,,,,,,,,,,,,,,,,,,,,,-9997.0,,,,,,,,,,,,,,,,,,,,,,,,,,,,,,,,,,,,,,,,,,,,,,,,,,,,,,,,,,,,,,,,,,7.3,,,,
2013-02-15,1008.5,-9999.7,,-9999.7,,22.0,-99.7,,-99.7,,,-9997.0,,0.8,340,-99.7,-999.7,,0.0,,,,,,,,,,,,,,,,,,,,,,,,,,,-9997.0,,,,,,,,,,,,,,,,,,,,,,,,,,,,,,,,,,,,,,,,,,,,,,,,,,,,,,,,,,,,,,,,,,6.3,,,,
2013-02-16,1010.0,-9999.7,,-9999.7,,19.9,-99.7,,-99.7,,,-9997.0,,0.3,260,-99.7,-999.7,,0.0,,,,,,,,,,,,,,,,,,,,,,,,,,,-9997.0,,,,,,,,,,,,,,,,,,,,,,,,,,,,,,,,,,,,,,,,,,,,,,,,,,,,,,,,,,,,,,,,,,7.5,,,,
2013-02-17,1007.9,-9999.7,,-9999.7,,20.2,-99.7,,-99.7,,,-9997.0,,0.3,20,-99.7,-999.7,,0.0,,,,,,,,,,,,,,,,,,,,,,,,,,,-9997.0,,,,,,,,,,,,,,,,,,,,,,,,,,,,,,,,,,,,,,,,,,,,,,,,,,,,,,,,,,,,,,,,,,8.5,,,,
2013-02-18,1006.1,-9999.7,,-9999.7,,23.5,-99.7,,-99.7,,,-9997.0,,0.5,30,-99.7,-999.7,,0.0,,,,,,,,,,,,,,,,,,,,,,,,,,,-9997.0,,,,,,,,,,,,,,,,,,,,,,,,,,,,,,,,,,,,,,,,,,,,,,,,,,,,,,,,,,,,,,,,,,5.9,,,,
2013-02-19,1007.0,-9999.7,,-9999.7,,22.0,-99.7,,-99.7,,-9997.0,-9997.0,,0.6,250,-99.7,-999.7,,0.0,,,,,,,,,,,,,,,,,,,,,,,,,,,-9997.0,,,,,,,,,,,,,,,,,,,,,,,,,,,,,,,,,,,,,,,,,,,,,,,,,,,,,,,,,,,,,,,,,,7.1,,,,
2013-02-20,1010.8,-9999.7,,-9999.7,,18.4,-99.7,,-99.7,,-9997.0,-9997.0,,0.4,220,-99.7,-999.7,,0.0,,,,,,,,,,,,,,,,,,,,,,,,,,,-9997.0,,,,,,,,,,,,,,,,,,,,,,,,,,,,,,,,,,,,,,,,,,,,,,,,,,,,,,,,,,,,,,,,,,5.8,,,,
2013-02-21,1011.4,-9999.7,,-9999.7,,18.3,-99.7,,-99.7,,-9997.0,-9997.0,,0.4,290,-99.7,-999.7,,0.0,,,,,,,,,,,,,,,,,,,,,,,,,,,-9997.0,,,,,,,,,,,,,,,,,,,,,,,,,,,,,,,,,,,,,,,,,,,,,,,,,,,,,,,,,,,,,,,,,,8.5,,,,
2013-02-22,1012.3,-9999.7,,-9999.7,,18.8,-99.7,,-99.7,,-9997.0,-9997.0,,0.6,300,-99.7,-999.7,,0.0,,,,,,,,,,,,,,,,,,,,,,,,,,,-9997.0,,,,,,,,,,,,,,,,,,,,,,,,,,,,,,,,,,,,,,,,,,,,,,,,,,,,,,,,,,,,,,,,,,7.5,,,,
2013-02-23,1013.4,-9999.7,,-9999.7,,18.9,-99.7,,-99.7,,-9997.0,-9997.0,,0.4,290,-99.7,-999.7,,0.0,,,,,,,,,,,,,,,,,,,,,,,,,,,-9997.0,,,,,,,,,,,,,,,,,,,,,,,,,,,,,,,,,,,,,,,,,,,,,,,,,,,,,,,,,,,,,,,,,,7.4,,,,
2013-02-24,1013.2,-9999.7,,-9999.7,,18.3,-99.7,,-99.7,,-9997.0,-9997.0,,0.4,250,-99.7,-999.7,,0.0,,,,,,,,,,,,,,,,,,,,,,,,,,,-9997.0,,,,,,,,,,,,,,,,,,,,,,,,,,,,,,,,,,,,,,,,,,,,,,,,,,,,,,,,,,,,,,,,,,4.5,,,,
2013-02-25,1011.8,-9999.7,,-9999.7,,20.6,-99.7,,-99.7,,-9997.0,-9997.0,,0.5,300,-99.7,-999.7,,0.0,,,,,,,,,,,,,,,,,,,,,,,,,,,-9997.0,,,,,,,,,,,,,,,,,,,,,,,,,,,,,,,,,,,,,,,,,,,,,,,,,,,,,,,,,,,,,,,,,,8.5,,,,
2013-02-26,1009.2,-9999.7,,-9999.7,,21.0,-99.7,,-99.7,,-9997.0,-9997.0,,0.4,310,-99.7,-999.7,,0.0,,,,,,,,,,,,,,,,,,,,,,,,,,,-9997.0,,,,,,,,,,,,,,,,,,,,,,,,,,,,,,,,,,,,,,,,,,,,,,,,,,,,,,,,,,,,,,,,,,0.0,,,,
2013-02-27,1006.3,-9999.7,,-9999.7,,22.5,-99.7,,-99.7,,-9997.0,-9997.0,,0.7,300,-99.7,-999.7,,0.0,,,,,,,,,,,,,,,,,,,,,,,,,,,-9997.0,,,,,,,,,,,,,,,,,,,,,,,,,,,,,,,,,,,,,,,,,,,,,,,,,,,,,,,,,,,,,,,,,,8.2,,,,
2013-02-28,1006.4,-9999.7,,-9999.7,,20.9,-99.7,,-99.7,,-9997.0,-9997.0,,0.4,280,-99.7,-999.7,,0.0,,,,,,,,,,,,,,,,,,,,,,,,,,,-9997.0,,,,,,,,,,,,,,,,,,,,,,,,,,,,,,,,,,,,,,,,,,,,,,,,,,,,,,,,,,,,,,,,,,6.3,,,,
2013-03-01,1007.5,-9999.7,,-9999.7,,21.9,-99.7,,-99.7,,-9997,-9997.0,,0.4,10,-99.7,-999.7,,0.0,,,,,,,,,,,,,,,,,,,,,,,,,,,-9997.0,,,,,,,,,,,,,,,,,,,,,,,,,,,,,,,,,,,,,,,,,,,,,,,,,,,,,,,,,,,,,,,,,,5.4,,,,
2013-03-02,1011.3,-9999.7,,-9999.7,,17.9,-99.7,,-99.7,,-9997,-9997.0,,0.3,230,-99.7,-999.7,,1.5,,,,,,,,,,,,,,,,,,,,,,,,,,,-9997.0,,,,,,,,,,,,,,,,,,,,,,,,,,,,,,,,,,,,,,,,,,,,,,,,,,,,,,,,,,,,,,,,,,0.0,,,,
2013-03-03,1013.2,-9999.7,,-9999.7,,14.1,-99.7,,-99.7,,-9997,-9997.0,,0.2,110,-99.7,-999.7,,0.0,,,,,,,,,,,,,,,,,,,,,,,,,,,-9997.0,,,,,,,,,,,,,,,,,,,,,,,,,,,,,,,,,,,,,,,,,,,,,,,,,,,,,,,,,,,,,,,,,,0.0,,,,
2013-03-04,1013.8,-9999.7,,-9999.7,,18.2,-99.7,,-99.7,,-9997,-9997.0,,0.3,310,-99.7,-999.7,,0.0,,,,,,,,,,,,,,,,,,,,,,,,,,,-9997.0,,,,,,,,,,,,,,,,,,,,,,,,,,,,,,,,,,,,,,,,,,,,,,,,,,,,,,,,,,,,,,,,,,2.7,,,,
2013-03-05,1014.3,-9999.7,,-9999.7,,18.9,-99.7,,-99.7,,-9997,-9997.0,,0.5,290,-99.7,-999.7,,0.0,,,,,,,,,,,,,,,,,,,,,,,,,,,-9997.0,,,,,,,,,,,,,,,,,,,,,,,,,,,,,,,,,,,,,,,,,,,,,,,,,,,,,,,,,,,,,,,,,,9.1,,,,
2013-03-06,1013.6,,,,,13.4,,,,,-9997,,,0.0,0,,,,0.0,,,,,,,,,,,,,,,,,,,,,,,,,,,,,,,,,,,,,,,,,,,,,,,,,,,,,,,,,,,,,,,,,,,,,,,,,,,,,,,,,,,,,,,,,,,,,9.3,,,,
2013-03-07,1011.7,-9999.7,,-9999.7,,18.3,-99.7,,-99.7,,-9997,-9997.0,,0.7,330,-99.7,-999.7,,0.0,,,,,,,,,,,,,,,,,,,,,,,,,,,-9997.0,,,,,,,,,,,,,,,,,,,,,,,,,,,,,,,,,,,,,,,,,,,,,,,,,,,,,,,,,,,,,,,,,,9.3,,,,
2013-03-08,1009.8,-9999.7,,-9999.7,,19.7,-99.7,,-99.7,,-9997,-9997.0,,0.7,40,-99.7,-999.7,,0.0,,,,,,,,,,,,,,,,,,,,,,,,,,,-9997.0,,,,,,,,,,,,,,,,,,,,,,,,,,,,,,,,,,,,,,,,,,,,,,,,,,,,,,,,,,,,,,,,,,9.1,,,,
2013-03-09,1008.1,-9999.7,,-9999.7,,21.2,-99.7,,-99.7,,-9997,-9997.0,,0.6,40,-99.7,-999.7,,0.0,,,,,,,,,,,,,,,,,,,,,,,,,,,-9997.0,,,,,,,,,,,,,,,,,,,,,,,,,,,,,,,,,,,,,,,,,,,,,,,,,,,,,,,,,,,,,,,,,,8.5,,,,
2013-03-10,1007.7,-9999.7,,-9999.7,,22.3,-99.7,,-99.7,,-9997,-9997.0,,0.7,40,-99.7,-999.7,,0.0,,,,,,,,,,,,,,,,,,,,,,,,,,,-9997.0,,,,,,,,,,,,,,,,,,,,,,,,,,,,,,,,,,,,,,,,,,,,,,,,,,,,,,,,,,,,,,,,,,9.7,,,,
2013-03-11,1008.8,-9999.7,,-9999.7,,22.0,-99.7,,-99.7,,-9997,-9997.0,,0.3,300,-99.7,-999.7,,0.0,,,,,,,,,,,,,,,,,,,,,,,,,,,-9997.0,,,,,,,,,,,,,,,,,,,,,,,,,,,,,,,,,,,,,,,,,,,,,,,,,,,,,,,,,,,,,,,,,,7.5,,,,
2013-03-12,1007.8,-9999.7,,-9999.7,,22.9,-99.7,,-99.7,,-9997,-9997.0,,0.2,280,-99.7,-999.7,,0.0,,,,,,,,,,,,,,,,,,,,,,,,,,,-9997.0,,,,,,,,,,,,,,,,,,,,,,,,,,,,,,,,,,,,,,,,,,,,,,,,,,,,,,,,,,,,,,,,,,8.3,,,,
2013-03-13,1007.0,,,,,20.4,,,,,-9997,,,0.0,40,,,,0.0,,,,,,,,,,,,,,,,,,,,,,,,,,,,,,,,,,,,,,,,,,,,,,,,,,,,,,,,,,,,,,,,,,,,,,,,,,,,,,,,,,,,,,,,,,,,,1.0,,,,
2013-03-14,1011.5,1013.3,2013-03-14T23:32:00,1009.1,2013-03-14T00:01:00,20.2,24.2,2013-03-14T00:02:00,18.1,2013-03-14T23:32:00,65,57.0,2013-03-14T00:03:00,0.8,234,4.0,300.0,2013-03-14T17:03:00,,,,,,,,,,,,,,,,,,,,,,,,,,,,72.0,2013-03-14T23:32:00,,,,,,,,,,,,,,,,,,,,,,,,,,,,,,,,,,,,,,,,,,,,,,,,,,,,,,,,,,,,,,,,,,,,,
2013-03-15,1012.3,1014.2,2013-03-15T09:01:00,1010.3,2013-03-15T15:03:00,20.5,28.3,2013-03-15T11:31:00,15.4,2013-03-15T05:22:00,68,44.0,2013-03-15T12:47:00,0.9,267,6.0,355.0,2013-03-15T12:28:00,,,,,,,,,,,,,,,,,,,,,,,,,,,,92.0,2013-03-15T23:53:00,,,,,,,,,,,,,,,,,,,,,,,,,,,,,,,,,,,,,,,,,,,,,,,,,,,,,,,,,,,,,,,,,,,,,
2013-03-16,1010.9,1013.5,2013-03-16T07:31:00,1008.1,2013-03-16T15:53:00,21.4,30.9,2013-03-16T13:29:00,14.1,2013-03-16T05:56:00,74,41.0,2013-03-16T13:29:00,0.9,263,6.8,328.0,2013-03-16T14:57:00,,,,,,,,,,,,,,,,,,,,,,,,,,,,96.0,2013-03-16T05:01:00,,,,,,,,,,,,,,,,,,,,,,,,,,,,,,,,,,,,,,,,,,,,,,,,,,,,,,,,,,,,,,,,,,,,,
2013-03-17,1006.0,1010.2,2013-03-17T00:01:00,1001.7,2013-03-17T15:21:00,23.4,32.6,2013-03-17T13:53:00,15.5,2013-03-17T06:16:00,70,38.0,2013-03-17T13:53:00,0.8,245,5.8,208.0,2013-03-17T14:21:00,,,,,,,,,,,,,,,,,,,,,,,,,,,,96.0,2013-03-17T05:05:00,,,,,,,,,,,,,,,,,,,,,,,,,,,,,,,,,,,,,,,,,,,,,,,,,,,,,,,,,,,,,,,,,,,,,
2013-03-18,1003.1,1004.6,2013-03-18T08:16:00,1001.5,2013-03-18T03:57:00,23.3,29.5,2013-03-18T11:54:00,20.3,2013-03-18T04:16:00,82,54.0,2013-03-18T11:54:00,0.8,49,6.1,336.0,2013-03-18T12:50:00,,,,,,,,,,,,,,,,,,,,,,,,,,,,96.0,2013-03-18T07:18:00,,,,,,,,,,,,,,,,,,,,,,,,,,,,,,,,,,,,,,,,,,,,,,,,,,,,,,,,,,,,,,,,,,,,,
2013-03-19,1004.4,1006.7,2013-03-19T21:48:00,1002.0,2013-03-19T15:48:00,24.5,31.8,2013-03-19T12:06:00,19.6,2013-03-19T05:21:00,78,48.0,2013-03-19T12:06:00,0.8,55,4.8,269.0,2013-03-19T13:32:00,,,,,,,,,,,,,,,,,,,,,,,,,,,,96.0,2013-03-19T01:18:00,,,,,,,,,,,,,,,,,,,,,,,,,,,,,,,,,,,,,,,,,,,,,,,,,,,,,,,,,,,,,,,,,,,,,
2013-03-20,1005.1,1007.2,2013-03-20T09:18:00,1002.7,2013-03-20T04:48:00,24.6,33.7,2013-03-20T12:46:00,18.6,2013-03-20T05:17:00,75,38.0,2013-03-20T12:46:00,0.8,300,7.7,273.0,2013-03-20T14:49:00,,,,,,,,,,,,,,,,,,,,,,,,,,,,97.0,2013-03-20T06:01:00,,,,,,,,,,,,,,,,,,,,,,,,,,,,,,,,,,,,,,,,,,,,,,,,,,,,,,,,,,,,,,,,,,,,,
2013-03-21,1006.1,1008.3,2013-03-21T09:33:00,1004.2,2013-03-21T14:46:00,21.5,26.6,2013-03-21T10:32:00,18.3,2013-03-21T23:51:00,84,60.0,2013-03-21T10:32:00,0.8,269,6.6,306.0,2013-03-21T13:41:00,,,,,,,,,,,,,,,,,,,,,,,,,,,,95.0,2013-03-21T22:12:00,,,,,,,,,,,,,,,,,,,,,,,,,,,,,,,,,,,,,,,,,,,,,,,,,,,,,,,,,,,,,,,,,,,,,
2013-03-22,1005.4,1007.5,2013-03-22T08:17:00,1003.3,2013-03-22T15:03:00,24.1,33.8,2013-03-22T13:16:00,17.5,2013-03-22T06:24:00,73,39.0,2013-03-22T13:16:00,0.9,301,6.3,257.0,2013-03-22T11:28:00,,,,,,,,,,,,,,,,,,,,,,,,,,,,97.0,2013-03-22T06:25:00,,,,,,,,,,,,,,,,,,,,,,,,,,,,,,,,,,,,,,,,,,,,,,,,,,,,,,,,,,,,,,,,,,,,,
2013-03-23,1003.7,1006.0,2013-03-23T07:46:00,1001.1,2013-03-23T15:01:00,25.9,36.6,2013-03-23T13:05:00,18.7,2013-03-23T05:16:00,72,33.0,2013-03-23T13:01:00,0.9,229,6.7,263.0,2013-03-23T14:13:00,,,,,,,,,,,,,,,,,,,,,,,,,,,,95.0,2013-03-23T05:50:00,,,,,,,,,,,,,,,,,,,,,,,,,,,,,,,,,,,,,,,,,,,,,,,,,,,,,,,,,,,,,,,,,,,,,
2013-03-24,1002.5,1005.5,2013-03-24T09:03:00,1000.3,2013-03-24T04:19:00,25.1,36.0,2013-03-24T12:28:00,19.9,2013-03-24T04:46:00,75,32.0,2013-03-24T12:28:00,0.8,307,7.3,308.0,2013-03-24T13:17:00,,,,,,,,,,,,,,,,,,,,,,,,,,,,96.0,2013-03-24T04:24:00,,,,,,,,,,,,,,,,,,,,,,,,,,,,,,,,,,,,,,,,,,,,,,,,,,,,,,,,,,,,,,,,,,,,,
2013-03-25,1004.5,1006.8,2013-03-25T21:47:00,1002.5,2013-03-25T03:18:00,23.4,31.1,2013-03-25T13:37:00,18.5,2013-03-25T05:47:00,72,44.0,2013-03-25T14:01:00,0.9,281,6.1,342.0,2013-03-25T15:45:00,,,,,,,,,,,,,,,,,,,,,,,,,,,,96.0,2013-03-25T05:08:00,,,,,,,,,,,,,,,,,,,,,,,,,,,,,,,,,,,,,,,,,,,,,,,,,,,,,,,,,,,,,,,,,,,,,
2013-03-26,1004.6,1006.3,2013-03-26T08:23:00,1002.1,2013-03-26T15:34:00,23.6,31.4,2013-03-26T13:51:00,18.8,2013-03-26T23:46:00,69,45.0,2013-03-26T13:51:00,0.8,305,6.0,12.0,2013-03-26T14:34:00,,,,,,,,,,,,,,,,,,,,,,,,,,,,88.0,2013-03-26T23:46:00,,,,,,,,,,,,,,,,,,,,,,,,,,,,,,,,,,,,,,,,,,,,,,,,,,,,,,,,,,,,,,,,,,,,,
2013-03-27,1004.2,1007.0,2013-03-27T00:47:00,1001.2,2013-03-27T03:58:00,24.2,32.6,2013-03-27T13:52:00,18.4,2013-03-27T00:12:00,73,42.0,2013-03-27T13:47:00,1.3,201,10.5,5.0,2013-03-27T01:05:00,,,,,,,,,,,,,,,,,,,,,,,,,,,,94.0,2013-03-27T03:18:00,,,,,,,,,,,,,,,,,,,,,,,,,,,,,,,,,,,,,,,,,,,,,,,,,,,,,,,,,,,,,,,,,,,,,
2013-03-28,1005.0,1007.5,2013-03-28T23:04:00,1001.5,2013-03-28T15:01:00,24.3,32.7,2013-03-28T12:31:00,18.3,2013-03-28T05:20:00,73,41.0,2013-03-28T12:31:00,0.9,261,8.4,317.0,2013-03-28T19:17:00,,,,,,,,,,,,,,,,,,,,,,,,,,,,95.0,2013-03-28T05:32:00,,,,,,,,,,,,,,,,,,,,,,,,,,,,,,,,,,,,,,,,,,,,,,,,,,,,,,,,,,,,,,,,,,,,,
2013-03-29,1005.1,1008.1,2013-03-29T00:08:00,1003.0,2013-03-29T02:48:00,23.6,31.0,2013-03-29T13:01:00,19.7,2013-03-29T00:54:00,72,45.0,2013-03-29T12:31:00,1.3,294,7.4,331.0,2013-03-29T13:54:00,,,,,,,,,,,,,,,,,,,,,,,,,,,,95.0,2013-03-29T00:37:00,,,,,,,,,,,,,,,,,,,,,,,,,,,,,,,,,,,,,,,,,,,,,,,,,,,,,,,,,,,,,,,,,,,,,
2013-03-30,1005.3,1007.1,2013-03-30T07:16:00,1002.8,2013-03-30T15:37:00,23.4,31.2,2013-03-30T12:05:00,17.7,2013-03-30T06:03:00,73,46.0,2013-03-30T12:01:00,0.8,23,5.9,255.0,2013-03-30T13:53:00,,,,,,,,,,,,,,,,,,,,,,,,,,,,91.0,2013-03-30T03:16:00,,,,,,,,,,,,,,,,,,,,,,,,,,,,,,,,,,,,,,,,,,,,,,,,,,,,,,,,,,,,,,,,,,,,,
2013-03-31,1006.4,1008.5,2013-03-31T08:17:00,1004.6,2013-03-31T15:17:00,22.4,29.1,2013-03-31T14:51:00,19.4,2013-03-31T04:24:00,84,57.0,2013-03-31T14:51:00,0.7,53,4.4,348.0,2013-03-31T15:59:00,,,,,,,,,,,,,,,,,,,,,,,,,,,,96.0,2013-03-31T07:05:00,,,,,,,,,,,,,,,,,,,,,,,,,,,,,,,,,,,,,,,,,,,,,,,,,,,,,,,,,,,,,,,,,,,,,
2013-04-01,1006.4,1008.3,2013-04-01T10:02:00,1004.0,2013-04-01T15:28:00,23.3,32.2,2013-04-01T14:04:00,19.0,2013-04-01T03:40:00,78,48.0,2013-04-01T13:47:00,0.9,9,6.4,343.0,2013-04-01T14:49:00,,,,,,,,,,,,,,,,,,,,,,,,,,,,94.0,2013-04-01T03:31:00,,,,,,,,,,,,,,,,,,,,,,,,,,,,,,,,,,,,,,,,,,,,,,,,,,,,,,,,,,,,,,,,,,,,,
2013-04-02,1005.1,1007.5,2013-04-02T00:01:00,1002.0,2013-04-02T14:38:00,24.6,32.5,2013-04-02T14:01:00,19.0,2013-04-02T04:32:00,74,46.0,2013-04-02T14:06:00,1.0,30,7.6,308.0,2013-04-02T12:32:00,,,,,,,,,,,,,,,,,,,,,,,,,,,,97.0,2013-04-02T05:31:00,,,,,,,,,,,,,,,,,,,,,,,,,,,,,,,,,,,,,,,,,,,,,,,,,,,,,,,,,,,,,,,,,,,,,
2013-04-03,1003.9,1006.5,2013-04-03T08:58:00,1001.3,2013-04-03T17:37:00,22.5,29.2,2013-04-03T14:55:00,19.2,2013-04-03T06:16:00,81,56.0,2013-04-03T12:47:00,0.9,254,6.0,267.0,2013-04-03T14:55:00,,,,,,,,,,,,,,,,,,,,,,,,,,,,97.0,2013-04-03T09:22:00,,,,,,,,,,,,,,,,,,,,,,,,,,,,,,,,,,,,,,,,,,,,,,,,,,,,,,,,,,,,,,,,,,,,,
2013-04-04,1000.8,1004.0,2013-04-04T00:10:00,998.1,2013-04-04T16:31:00,23.6,31.5,2013-04-04T12:57:00,18.6,2013-04-04T02:23:00,84,52.0,2013-04-04T12:57:00,0.8,64,6.1,340.0,2013-04-04T14:17:00,,,,,,,,,,,,,,,,,,,,,,,,,,,,97.0,2013-04-04T02:08:00,,,,,,,,,,,,,,,,,,,,,,,,,,,,,,,,,,,,,,,,,,,,,,,,,,,,,,,,,,,,,,,,,,,,,
2013-04-05,998.2,1001.0,2013-04-05T10:36:00,995.5,2013-04-05T16:14:00,22.6,26.4,2013-04-05T08:51:00,20.9,2013-04-05T21:15:00,93,76.0,2013-04-05T09:33:00,1.0,65,6.9,42.0,2013-04-05T20:31:00,,,,,,,,,,,,,,,,,,,,,,,,,,,,97.0,2013-04-05T20:57:00,,,,,,,,,,,,,,,,,,,,,,,,,,,,,,,,,,,,,,,,,,,,,,,,,,,,,,,,,,,,,,,,,,,,,
2013-04-06,997.9,1002.3,2013-04-06T22:31:00,995.0,2013-04-06T04:34:00,20.9,25.7,2013-04-06T12:07:00,16.2,2013-04-06T23:23:00,92,81.0,2013-04-06T11:50:00,1.0,324,8.9,321.0,2013-04-06T15:15:00,,,,,,,,,,,,,,,,,,,,,,,,,,,,97.0,2013-04-06T00:17:00,,,,,,,,,,,,,,,,,,,,,,,,,,,,,,,,,,,,,,,,,,,,,,,,,,,,,,,,,,,,,,,,,,,,,
2013-04-07,1004.2,1007.0,2013-04-07T23:05:00,1001.3,2013-04-07T01:09:00,18.1,23.7,2013-04-07T13:06:00,14.8,2013-04-07T05:03:00,78,55.0,2013-04-07T13:06:00,0.6,199,3.3,324.0,2013-04-07T02:54:00,,,,,,,,,,,,,,,,,,,,,,,,,,,,92.0,2013-04-07T01:01:00,,,,,,,,,,,,,,,,,,,,,,,,,,,,,,,,,,,,,,,,,,,,,,,,,,,,,,,,,,,,,,,,,,,,,
2013-04-08,1005.7,1007.8,2013-04-08T07:47:00,1003.3,2013-04-08T14:06:00,21.8,28.7,2013-04-08T12:31:00,16.9,2013-04-08T06:24:00,75,46.0,2013-04-08T12:02:00,0.8,327,5.3,280.0,2013-04-08T13:22:00,,,,,,,,,,,,,,,,,,,,,,,,,,,,95.0,2013-04-08T23:39:00,,,,,,,,,,,,,,,,,,,,,,,,,,,,,,,,,,,,,,,,,,,,,,,,,,,,,,,,,,,,,,,,,,,,,
2013-04-09,1006.9,1009.6,2013-04-09T20:16:00,1004.5,2013-04-09T14:34:00,21.6,31.1,2013-04-09T11:13:00,18.1,2013-04-09T21:29:00,84,48.0,2013-04-09T11:16:00,1.0,242,31.0,321.0,2013-04-09T11:02:00,,,,,,,,,,,,,,,,,,,,,,,,,,,,95.0,2013-04-09T21:02:00,,,,,,,,,,,,,,,,,,,,,,,,,,,,,,,,,,,,,,,,,,,,,,,,,,,,,,,,,,,,,,,,,,,,,
2013-04-10,1007.6,1009.2,2013-04-10T09:31:00,1005.3,2013-04-10T14:46:00,20.8,27.0,2013-04-10T11:53:00,17.7,2013-04-10T01:34:00,83,61.0,2013-04-10T11:51:00,0.7,239,6.4,326.0,2013-04-10T15:27:00,,,,,,,,,,,,,,,,,,,,,,,,,,,,96.0,2013-04-10T01:37:00,,,,,,,,,,,,,,,,,,,,,,,,,,,,,,,,,,,,,,,,,,,,,,,,,,,,,,,,,,,,,,,,,,,,,
2013-04-11,1008.1,1009.5,2013-04-11T10:07:00,1006.7,2013-04-11T16:06:00,20.4,24.7,2013-04-11T12:17:00,17.6,2013-04-11T03:09:00,83,65.0,2013-04-11T12:22:00,0.7,9,6.6,332.0,2013-04-11T13:53:00,,,,,,,,,,,,,,,,,,,,,,,,,,,,94.0,2013-04-11T04:52:00,,,,,,,,,,,,,,,,,,,,,,,,,,,,,,,,,,,,,,,,,,,,,,,,,,,,,,,,,,,,,,,,,,,,,
2013-04-12,1009.5,1011.3,2013-04-12T09:02:00,1008.0,2013-04-12T14:11:00,19.5,23.8,2013-04-12T10:49:00,17.5,2013-04-12T03:17:00,87,68.0,2013-04-12T14:16:00,0.8,289,5.6,293.0,2013-04-12T11:57:00,,,,,,,,,,,,,,,,,,,,,,,,,,,,96.0,2013-04-12T04:17:00,,,,,,,,,,,,,,,,,,,,,,,,,,,,,,,,,,,,,,,,,,,,,,,,,,,,,,,,,,,,,,,,,,,,,
2013-04-13,1008.3,1010.2,2013-04-13T08:50:00,1006.8,2013-04-13T16:09:00,20.6,25.2,2013-04-13T11:01:00,17.6,2013-04-13T00:32:00,85,62.0,2013-04-13T10:55:00,0.6,298,4.0,352.0,2013-04-13T14:42:00,,,,,,,,,,,,,,,,,,,,,,,,,,,,95.0,2013-04-13T02:07:00,,,,,,,,,,,,,,,,,,,,,,,,,,,,,,,,,,,,,,,,,,,,,,,,,,,,,,,,,,,,,,,,,,,,,
2013-04-14,1005.4,1008.1,2013-04-14T00:01:00,1003.5,2013-04-14T17:49:00,20.9,25.5,2013-04-14T11:36:00,17.8,2013-04-14T23:54:00,88,69.0,2013-04-14T11:47:00,0.5,305,5.2,308.0,2013-04-14T13:52:00,,,,,,,,,,,,,,,,,,,,,,,,,,,,97.0,2013-04-14T23:31:00,,,,,,,,,,,,,,,,,,,,,,,,,,,,,,,,,,,,,,,,,,,,,,,,,,,,,,,,,,,,,,,,,,,,,
2013-04-15,1003.4,1005.0,2013-04-15T09:01:00,1001.1,2013-04-15T15:19:00,23.9,30.9,2013-04-15T12:02:00,17.3,2013-04-15T00:53:00,76,50.0,2013-04-15T12:02:00,0.8,66,5.2,291.0,2013-04-15T14:55:00,,,,,,,,,,,,,,,,,,,,,,,,,,,,97.0,2013-04-15T01:46:00,,,,,,,,,,,,,,,,,,,,,,,,,,,,,,,,,,,,,,,,,,,,,,,,,,,,,,,,,,,,,,,,,,,,,
2013-04-16,1001.7,1003.5,2013-04-16T00:01:00,999.3,2013-04-16T16:01:00,24.9,32.1,2013-04-16T14:01:00,20.2,2013-04-16T04:32:00,77,47.0,2013-04-16T10:50:00,0.7,60,5.2,263.0,2013-04-16T15:20:00,,,,,,,,,,,,,,,,,,,,,,,,,,,,94.0,2013-04-16T04:49:00,,,,,,,,,,,,,,,,,,,,,,,,,,,,,,,,,,,,,,,,,,,,,,,,,,,,,,,,,,,,,,,,,,,,,
2013-04-17,1001.6,1003.1,2013-04-17T09:38:00,1000.2,2013-04-17T14:01:00,25.5,32.6,2013-04-17T13:16:00,20.9,2013-04-17T00:58:00,76,46.0,2013-04-17T13:16:00,0.7,251,5.8,326.0,2013-04-17T15:59:00,,,,,,,,,,,,,,,,,,,,,,,,,,,,95.0,2013-04-17T00:54:00,,,,,,,,,,,,,,,,,,,,,,,,,,,,,,,,,,,,,,,,,,,,,,,,,,,,,,,,,,,,,,,,,,,,,
2013-04-18,1001.9,1004.0,2013-04-18T06:52:00,1000.2,2013-04-18T15:47:00,25.8,31.7,2013-04-18T13:19:00,22.5,2013-04-18T05:51:00,81,56.0,2013-04-18T13:07:00,0.6,251,4.8,283.0,2013-04-18T15:43:00,0.0,,,,,,,,,,,,,,,,,,,,,,,,,,,94.0,2013-04-18T23:48:00,,,,,,,,,,,,,,,,,,,,,,,,,,,,,,,,,,,,,,,,,,,,,,,,,,,,,,,,,,,,,,,,,,,,,
2013-04-19,1002.6,1004.7,2013-04-19T22:16:00,1001.0,2013-04-19T03:05:00,24.3,27.9,2013-04-19T14:17:00,22.0,2013-04-19T23:46:00,87,67.0,2013-04-19T10:06:00,0.5,34,2.6,295.0,2013-04-19T16:51:00,0.0,,,,,,,,,,,,,,,,,,,,,,,,,,,97.0,2013-04-19T06:14:00,,,,,,,,,,,,,,,,,,,,,,,,,,,,,,,,,,,,,,,,,,,,,,,,,,,,,,,,,,,,,,,,,,,,,
2013-04-20,1003.5,1005.8,2013-04-20T22:32:00,1001.8,2013-04-20T15:05:00,26.1,33.8,2013-04-20T12:26:00,21.3,2013-04-20T05:33:00,79,49.0,2013-04-20T11:04:00,1.2,46,6.5,323.0,2013-04-20T14:25:00,0.5,,,,,,,,,,,,,,,,,,,,,,,,,,,97.0,2013-04-20T02:31:00,,,,,,,,,,,,,,,,,,,,,,,,,,,,,,,,,,,,,,,,,,,,,,,,,,,,,,,,,,,,,,,,,,,,,
2013-04-21,1005.9,1008.6,2013-04-21T22:37:00,1004.1,2013-04-21T03:01:00,22.5,27.7,2013-04-21T13:23:00,19.0,2013-04-21T22:50:00,86,67.0,2013-04-21T13:17:00,0.8,260,5.6,246.0,2013-04-21T13:33:00,0.5,,,,,,,,,,,,,,,,,,,,,,,,,,,97.0,2013-04-21T04:07:00,,,,,,,,,,,,,,,,,,,,,,,,,,,,,,,,,,,,,,,,,,,,,,,,,,,,,,,,,,,,,,,,,,,,,
2013-04-22,1007.8,1009.6,2013-04-22T08:16:00,1005.6,2013-04-22T15:04:00,22.7,28.8,2013-04-22T11:47:00,18.2,2013-04-22T04:17:00,77,59.0,2013-04-22T10:24:00,0.6,270,4.7,257.0,2013-04-22T11:16:00,0.0,,,,,,,,,,,,,,,,,,,,,,,,,,,88.0,2013-04-22T05:49:00,,,,,,,,,,,,,,,,,,,,,,,,,,,,,,,,,,,,,,,,,,,,,,,,,,,,,,,,,,,,,,,,,,,,,
2013-04-23,1006.8,1009.0,2013-04-23T08:16:00,1004.0,2013-04-23T16:04:00,25.4,33.3,2013-04-23T14:31:00,20.4,2013-04-23T04:20:00,73,43.0,2013-04-23T14:16:00,0.7,34,5.0,252.0,2013-04-23T13:55:00,0.0,,,,,,,,,,,,,,,,,,,,,,,,,,,95.0,2013-04-23T04:31:00,,,,,,,,,,,,,,,,,,,,,,,,,,,,,,,,,,,,,,,,,,,,,,,,,,,,,,,,,,,,,,,,,,,,,
2013-04-24,1004.8,1007.0,2013-04-24T09:43:00,1002.3,2013-04-24T16:16:00,26.6,33.2,2013-04-24T12:34:00,22.2,2013-04-24T23:56:00,74,47.0,2013-04-24T12:18:00,0.8,26,6.7,313.0,2013-04-24T19:01:00,0.0,,,,,,,,,,,,,,,,,,,,,,,,,,,95.0,2013-04-24T23:56:00,,,,,,,,,,,,,,,,,,,,,,,,,,,,,,,,,,,,,,,,,,,,,,,,,,,,,,,,,,,,,,,,,,,,,
2013-04-25,1003.7,1005.1,2013-04-25T06:46:00,1001.5,2013-04-25T17:02:00,24.9,32.8,2013-04-25T11:18:00,21.2,2013-04-25T02:24:00,79,49.0,2013-04-25T11:31:00,1.0,50,8.7,340.0,2013-04-25T13:15:00,0.0,,,,,,,,,,,,,,,,,,,,,,,,,,,96.0,2013-04-25T03:26:00,,,,,,,,,,,,,,,,,,,,,,,,,,,,,,,,,,,,,,,,,,,,,,,,,,,,,,,,,,,,,,,,,,,,,
2013-04-26,1004.9,1007.1,2013-04-26T21:23:00,1003.3,2013-04-26T15:31:00,23.3,28.8,2013-04-26T10:34:00,20.3,2013-04-26T23:11:00,85,63.0,2013-04-26T10:34:00,0.7,41,4.1,210.0,2013-04-26T17:20:00,5.0,,,,,,,,,,,,,,,,,,,,,,,,,,,96.0,2013-04-26T04:46:00,,,,,,,,,,,,,,,,,,,,,,,,,,,,,,,,,,,,,,,,,,,,,,,,,,,,,,,,,,,,,,,,,,,,,
2013-04-27,1006.0,1007.3,2013-04-27T22:46:00,1004.5,2013-04-27T03:36:00,21.0,23.2,2013-04-27T08:46:00,19.9,2013-04-27T12:17:00,95,82.0,2013-04-27T09:01:00,0.4,37,3.3,263.0,2013-04-27T11:23:00,5.5,,,,,,,,,,,,,,,,,,,,,,,,,,,97.0,2013-04-27T19:16:00,,,,,,,,,,,,,,,,,,,,,,,,,,,,,,,,,,,,,,,,,,,,,,,,,,,,,,,,,,,,,,,,,,,,,
2013-04-28,1005.7,1007.2,2013-04-28T09:16:00,1003.6,2013-04-28T15:43:00,24.3,31.4,2013-04-28T14:03:00,19.3,2013-04-28T02:46:00,81,50.0,2013-04-28T14:35:00,0.8,284,6.5,316.0,2013-04-28T16:33:00,0.0,,,,,,,,,,,,,,,,,,,,,,,,,,,98.0,2013-04-28T04:01:00,,,,,,,,,,,,,,,,,,,,,,,,,,,,,,,,,,,,,,,,,,,,,,,,,,,,,,,,,,,,,,,,,,,,,
2013-04-29,1005.0,1006.8,2013-04-29T08:20:00,1002.5,2013-04-29T16:11:00,25.6,33.1,2013-04-29T13:06:00,20.0,2013-04-29T03:55:00,75,46.0,2013-04-29T12:34:00,0.9,280,5.9,350.0,2013-04-29T14:36:00,0.0,,,,,,,,,,,,,,,,,,,,,,,,,,,95.0,2013-04-29T00:43:00,,,,,,,,,,,,,,,,,,,,,,,,,,,,,,,,,,,,,,,,,,,,,,,,,,,,,,,,,,,,,,,,,,,,,
2013-04-30,1002.2,1004.7,2013-04-30T00:01:00,999.7,2013-04-30T15:32:00,26.4,33.7,2013-04-30T11:19:00,20.2,2013-04-30T05:10:00,77,46.0,2013-04-30T11:34:00,1.0,20,5.6,249.0,2013-04-30T14:04:00,0.0,,,,,,,,,,,,,,,,,,,,,,,,,,,97.0,2013-04-30T05:51:00,,,,,,,,,,,,,,,,,,,,,,,,,,,,,,,,,,,,,,,,,,,,,,,,,,,,,,,,,,,,,,,,,,,,,
2013-05-01,1000.4,1002.5,2013-05-01T22:19:00,997.6,2013-05-01T03:03:00,23.8,29.9,2013-05-01T10:08:00,21.3,2013-05-01T20:01:00,84,56.0,2013-05-01T10:08:00,0.9,263,6.7,16.0,2013-05-01T11:59:00,22.5,,,,,,,,,,,,,,,,,,,,,,,,,,,97.0,2013-05-01T05:10:00,,,,,,,,,,,,,,,,,,,,,,,,,,,,,,,,,,,,,,,,,,,,,,,,,,,,,,,,,,,,,,,,,,,,,
2013-05-02,1002.9,1004.1,2013-05-02T22:32:00,1001.5,2013-05-02T03:37:00,21.5,22.9,2013-05-02T08:18:00,20.2,2013-05-02T22:50:00,90,78.0,2013-05-02T01:12:00,0.3,197,2.8,156.0,2013-05-02T00:17:00,7.0,,,,,,,,,,,,,,,,,,,,,,,,,,,97.0,2013-05-03T00:00:00,,,,,,,,,,,,,,,,,,,,,,,,,,,,,,,,,,,,,,,,,,,,,,,,,,,,,,,,,,,,,,,,,,,,,
2013-05-03,1003.8,1005.7,2013-05-03T22:16:00,1002.3,2013-05-03T15:16:00,22.9,27.3,2013-05-03T13:17:00,20.1,2013-05-03T00:03:00,88,69.0,2013-05-03T12:36:00,0.6,24,5.0,334.0,2013-05-03T15:40:00,0.5,,,,,,,,,,,,,,,,,,,,,,,,,,,97.0,2013-05-03T05:40:00,,,,,,,,,,,,,,,,,,,,,,,,,,,,,,,,,,,,,,,,,,,,,,,,,,,,,,,,,,,,,,,,,,,,,
2013-05-04,1005.9,1008.0,2013-05-04T22:04:00,1004.1,2013-05-04T01:47:00,24.1,29.2,2013-05-04T11:01:00,20.5,2013-05-04T01:23:00,85,59.0,2013-05-04T10:48:00,0.6,64,3.9,324.0,2013-05-04T14:08:00,0.0,,,,,,,,,,,,,,,,,,,,,,,,,,,97.0,2013-05-04T03:18:00,,,,,,,,,,,,,,,,,,,,,,,,,,,,,,,,,,,,,,,,,,,,,,,,,,,,,,,,,,,,,,,,,,,,,
2013-05-05,1006.4,1008.2,2013-05-05T09:23:00,1004.6,2013-05-05T15:46:00,25.3,31.1,2013-05-05T12:17:00,21.4,2013-05-05T05:32:00,82,57.0,2013-05-05T12:17:00,0.9,270,6.0,307.0,2013-05-05T16:08:00,0.0,,,,,,,,,,,,,,,,,,,,,,,,,,,97.0,2013-05-05T05:51:00,,,,,,,,,,,,,,,,,,,,,,,,,,,,,,,,,,,,,,,,,,,,,,,,,,,,,,,,,,,,,,,,,,,,,
2013-05-06,1005.3,1007.0,2013-05-06T08:36:00,1003.5,2013-05-06T15:39:00,24.9,29.9,2013-05-06T13:32:00,21.7,2013-05-06T22:47:00,86,64.0,2013-05-06T13:33:00,0.7,63,5.2,257.0,2013-05-06T11:23:00,0.0,,,,,,,,,,,,,,,,,,,,,,,,,,,96.0,2013-05-06T23:16:00,,,,,,,,,,,,,,,,,,,,,,,,,,,,,,,,,,,,,,,,,,,,,,,,,,,,,,,,,,,,,,,,,,,,,
2013-05-07,1004.5,1006.1,2013-05-07T07:48:00,1002.6,2013-05-07T16:11:00,25.4,32.2,2013-05-07T11:49:00,20.7,2013-05-07T04:48:00,82,55.0,2013-05-07T12:17:00,0.9,316,6.9,347.0,2013-05-07T15:04:00,0.0,,,,,,,,,,,,,,,,,,,,,,,,,,,97.0,2013-05-07T05:39:00,,,,,,,,,,,,,,,,,,,,,,,,,,,,,,,,,,,,,,,,,,,,,,,,,,,,,,,,,,,,,,,,,,,,,
2013-05-08,1004.3,1005.8,2013-05-08T08:48:00,1003.0,2013-05-08T15:37:00,25.7,32.6,2013-05-08T13:37:00,22.5,2013-05-08T05:16:00,82,55.0,2013-05-08T13:37:00,0.7,334,5.3,251.0,2013-05-08T15:10:00,0.0,,,,,,,,,,,,,,,,,,,,,,,,,,,97.0,2013-05-08T05:53:00,,,,,,,,,,,,,,,,,,,,,,,,,,,,,,,,,,,,,,,,,,,,,,,,,,,,,,,,,,,,,,,,,,,,,
2013-05-09,1003.4,1005.2,2013-05-09T07:21:00,1001.1,2013-05-09T15:24:00,26.9,35.0,2013-05-09T13:01:00,22.3,2013-05-09T02:32:00,79,46.0,2013-05-09T13:01:00,0.7,10,6.4,256.0,2013-05-09T14:30:00,0.0,,,,,,,,,,,,,,,,,,,,,,,,,,,96.0,2013-05-09T03:08:00,,,,,,,,,,,,,,,,,,,,,,,,,,,,,,,,,,,,,,,,,,,,,,,,,,,,,,,,,,,,,,,,,,,,,
2013-05-10,1000.9,1004.0,2013-05-10T00:01:00,998.2,2013-05-10T16:36:00,27.9,34.8,2013-05-10T11:31:00,23.5,2013-05-10T02:04:00,77,49.0,2013-05-10T11:31:00,0.9,35,5.6,200.0,2013-05-10T12:25:00,0.0,,,,,,,,,,,,,,,,,,,,,,,,,,,95.0,2013-05-10T02:24:00,,,,,,,,,,,,,,,,,,,,,,,,,,,,,,,,,,,,,,,,,,,,,,,,,,,,,,,,,,,,,,,,,,,,,
2013-05-11,999.8,1002.1,2013-05-11T22:06:00,998.5,2013-05-11T13:03:00,26.3,34.0,2013-05-11T12:03:00,23.7,2013-05-11T05:22:00,83,50.0,2013-05-11T12:03:00,0.9,2,7.0,223.0,2013-05-11T13:03:00,0.5,,,,,,,,,,,,,,,,,,,,,,,,,,,96.0,2013-05-11T03:05:00,,,,,,,,,,,,,,,,,,,,,,,,,,,,,,,,,,,,,,,,,,,,,,,,,,,,,,,,,,,,,,,,,,,,,
2013-05-12,1001.4,1003.0,2013-05-12T11:05:00,1000.0,2013-05-12T04:01:00,24.8,27.3,2013-05-12T14:51:00,23.4,2013-05-12T23:18:00,93,79.0,2013-05-12T08:57:00,0.6,46,3.5,45.0,2013-05-12T06:34:00,8.0,,,,,,,,,,,,,,,,,,,,,,,,,,,97.0,2013-05-12T22:52:00,,,,,,,,,,,,,,,,,,,,,,,,,,,,,,,,,,,,,,,,,,,,,,,,,,,,,,,,,,,,,,,,,,,,,
2013-05-13,1000.9,1002.0,2013-05-13T22:31:00,999.3,2013-05-13T17:16:00,25.3,31.5,2013-05-13T10:34:00,22.6,2013-05-13T05:22:00,87,62.0,2013-05-13T09:32:00,1.1,23,7.9,26.0,2013-05-13T12:03:00,6.5,,,,,,,,,,,,,,,,,,,,,,,,,,,97.0,2013-05-13T05:09:00,,,,,,,,,,,,,,,,,,,,,,,,,,,,,,,,,,,,,,,,,,,,,,,,,,,,,,,,,,,,,,,,,,,,,
2013-05-14,1000.5,1002.0,2013-05-14T22:02:00,998.7,2013-05-14T14:48:00,26.2,32.7,2013-05-14T11:33:00,21.5,2013-05-14T04:01:00,82,58.0,2013-05-14T11:07:00,1.2,60,7.0,46.0,2013-05-14T16:15:00,10.5,,,,,,,,,,,,,,,,,,,,,,,,,,,97.0,2013-05-14T20:04:00,,,,,,,,,,,,,,,,,,,,,,,,,,,,,,,,,,,,,,,,,,,,,,,,,,,,,,,,,,,,,,,,,,,,,
2013-05-15,1000.1,1001.5,2013-05-15T00:04:00,998.3,2013-05-15T16:16:00,27.4,33.7,2013-05-15T15:12:00,22.2,2013-05-15T05:02:00,77,49.0,2013-05-15T11:21:00,1.0,67,7.0,207.0,2013-05-15T15:17:00,0.5,,,,,,,,,,,,,,,,,,,,,,,,,,,96.0,2013-05-15T01:04:00,,,,,,,,,,,,,,,,,,,,,,,,,,,,,,,,,,,,,,,,,,,,,,,,,,,,,,,,,,,,,,,,,,,,,
2013-05-16,1000.8,1002.2,2013-05-16T21:35:00,999.0,2013-05-16T03:16:00,25.5,29.4,2013-05-16T16:34:00,24.0,2013-05-16T06:38:00,89,71.0,2013-05-16T16:34:00,0.8,58,3.6,172.0,2013-05-16T15:42:00,8.0,,,,,,,,,,,,,,,,,,,,,,,,,,,96.0,2013-05-16T23:47:00,,,,,,,,,,,,,,,,,,,,,,,,,,,,,,,,,,,,,,,,,,,,,,,,,,,,,,,,,,,,,,,,,,,,,
2013-05-17,1001.3,1003.0,2013-05-17T06:56:00,999.5,2013-05-17T15:48:00,25.5,31.1,2013-05-17T14:16:00,22.6,2013-05-17T07:17:00,91,65.0,2013-05-17T14:16:00,0.8,44,5.2,255.0,2013-05-17T04:16:00,80.0,,,,,,,,,,,,,,,,,,,,,,,,,,,98.0,2013-05-17T06:36:00,,,,,,,,,,,,,,,,,,,,,,,,,,,,,,,,,,,,,,,,,,,,,,,,,,,,,,,,,,,,,,,,,,,,,
2013-05-18,1000.7,1001.7,2013-05-18T00:01:00,999.5,2013-05-18T04:51:00,25.5,29.9,2013-05-18T08:10:00,23.8,2013-05-18T04:57:00,93,74.0,2013-05-18T08:16:00,0.8,27,3.9,199.0,2013-05-18T10:50:00,12.0,,,,,,,,,,,,,,,,,,,,,,,,,,,97.0,2013-05-18T00:01:00,,,,,,,,,,,,,,,,,,,,,,,,,,,,,,,,,,,,,,,,,,,,,,,,,,,,,,,,,,,,,,,,,,,,,
2013-05-19,999.6,1000.8,2013-05-19T11:35:00,998.5,2013-05-19T17:32:00,24.2,27.1,2013-05-19T10:23:00,22.1,2013-05-19T16:01:00,96,82.0,2013-05-19T13:16:00,1.1,55,10.0,270.0,2013-05-19T08:42:00,65.5,,,,,,,,,,,,,,,,,,,,,,,,,,,98.0,2013-05-19T07:55:00,,,,,,,,,,,,,,,,,,,,,,,,,,,,,,,,,,,,,,,,,,,,,,,,,,,,,,,,,,,,,,,,,,,,,
2013-05-20,999.6,1001.3,2013-05-20T22:01:00,998.0,2013-05-20T17:03:00,24.6,30.6,2013-05-20T09:16:00,22.8,2013-05-20T02:20:00,92,70.0,2013-05-20T08:46:00,1.3,57,6.4,58.0,2013-05-20T13:34:00,117.0,,,,,,,,,,,,,,,,,,,,,,,,,,,98.0,2013-05-20T14:30:00,,,,,,,,,,,,,,,,,,,,,,,,,,,,,,,,,,,,,,,,,,,,,,,,,,,,,,,,,,,,,,,,,,,,,
2013-05-21,1000.8,1004.1,2013-05-21T19:56:00,999.0,2013-05-21T02:46:00,25.1,31.6,2013-05-21T09:33:00,23.3,2013-05-21T00:26:00,91,55.0,2013-05-21T09:50:00,0.9,56,4.5,72.0,2013-05-21T12:42:00,17.0,,,,,,,,,,,,,,,,,,,,,,,,,,,98.0,2013-05-21T03:40:00,,,,,,,,,,,,,,,,,,,,,,,,,,,,,,,,,,,,,,,,,,,,,,,,,,,,,,,,,,,,,,,,,,,,,
2013-05-22,1001.0,1002.5,2013-05-22T22:46:00,999.5,2013-05-22T04:02:00,25.5,32.8,2013-05-22T10:06:00,22.7,2013-05-22T05:21:00,87,57.0,2013-05-22T09:01:00,0.9,81,11.2,210.0,2013-05-22T13:08:00,10.0,,,,,,,,,,,,,,,,,,,,,,,,,,,99.0,2013-05-22T13:12:00,,,,,,,,,,,,,,,,,,,,,,,,,,,,,,,,,,,,,,,,,,,,,,,,,,,,,,,,,,,,,,,,,,,,,
2013-05-23,1002.5,1003.8,2013-05-23T09:16:00,1001.0,2013-05-23T16:32:00,25.8,31.7,2013-05-23T13:09:00,23.2,2013-05-23T03:47:00,88,62.0,2013-05-23T13:09:00,0.7,38,4.6,37.0,2013-05-23T11:01:00,3.0,,,,,,,,,,,,,,,,,,,,,,,,,,,97.0,2013-05-23T02:15:00,,,,,,,,,,,,,,,,,,,,,,,,,,,,,,,,,,,,,,,,,,,,,,,,,,,,,,,,,,,,,,,,,,,,,
2013-05-24,1002.4,1004.2,2013-05-24T07:48:00,1000.0,2013-05-24T16:03:00,27.2,34.4,2013-05-24T13:47:00,22.9,2013-05-24T03:16:00,82,52.0,2013-05-24T13:17:00,0.9,309,5.8,342.0,2013-05-24T16:17:00,0.0,,,,,,,,,,,,,,,,,,,,,,,,,,,98.0,2013-05-24T04:05:00,,,,,,,,,,,,,,,,,,,,,,,,,,,,,,,,,,,,,,,,,,,,,,,,,,,,,,,,,,,,,,,,,,,,,
2013-05-25,1002.6,1004.0,2013-05-25T21:34:00,1001.0,2013-05-25T14:02:00,27.1,33.5,2013-05-25T11:05:00,23.1,2013-05-25T03:46:00,83,50.0,2013-05-25T11:11:00,0.7,14,6.5,248.0,2013-05-25T15:46:00,0.0,,,,,,,,,,,,,,,,,,,,,,,,,,,98.0,2013-05-25T04:30:00,,,,,,,,,,,,,,,,,,,,,,,,,,,,,,,,,,,,,,,,,,,,,,,,,,,,,,,,,,,,,,,,,,,,,
2013-05-26,1002.2,1003.2,2013-05-26T21:46:00,1001.1,2013-05-26T15:39:00,26.6,34.7,2013-05-26T11:04:00,22.9,2013-05-26T04:31:00,81,52.0,2013-05-26T09:32:00,0.9,44,6.4,318.0,2013-05-26T12:30:00,0.0,,,,,,,,,,,,,,,,,,,,,,,,,,,96.0,2013-05-26T23:55:00,,,,,,,,,,,,,,,,,,,,,,,,,,,,,,,,,,,,,,,,,,,,,,,,,,,,,,,,,,,,,,,,,,,,,
2013-05-27,1001.7,1003.0,2013-05-27T20:17:00,1000.0,2013-05-27T16:01:00,27.9,34.8,2013-05-27T13:48:00,22.7,2013-05-27T04:39:00,75,45.0,2013-05-27T13:37:00,1.0,215,5.0,214.0,2013-05-27T13:37:00,0.0,,,,,,,,,,,,,,,,,,,,,,,,,,,97.0,2013-05-27T00:13:00,,,,,,,,,,,,,,,,,,,,,,,,,,,,,,,,,,,,,,,,,,,,,,,,,,,,,,,,,,,,,,,,,,,,,
2013-05-28,1003.5,1005.7,2013-05-28T22:38:00,1001.7,2013-05-28T00:16:00,27.1,34.0,2013-05-28T10:07:00,23.9,2013-05-28T10:50:00,83,52.0,2013-05-28T10:16:00,1.0,51,6.1,147.0,2013-05-28T10:41:00,9.5,,,,,,,,,,,,,,,,,,,,,,,,,,,96.0,2013-05-28T11:18:00,,,,,,,,,,,,,,,,,,,,,,,,,,,,,,,,,,,,,,,,,,,,,,,,,,,,,,,,,,,,,,,,,,,,,
2013-05-29,1004.2,1005.8,2013-05-29T09:25:00,1002.6,2013-05-29T16:18:00,28.3,35.4,2013-05-29T14:10:00,24.4,2013-05-29T02:09:00,79,49.0,2013-05-29T10:36:00,0.8,60,4.9,51.0,2013-05-29T16:33:00,0.0,,,,,,,,,,,,,,,,,,,,,,,,,,,96.0,2013-05-29T02:09:00,,,,,,,,,,,,,,,,,,,,,,,,,,,,,,,,,,,,,,,,,,,,,,,,,,,,,,,,,,,,,,,,,,,,,
2013-05-30,1003.7,1005.2,2013-05-30T00:01:00,1001.8,2013-05-30T14:27:00,28.0,35.5,2013-05-30T12:21:00,23.6,2013-05-30T04:31:00,80,49.0,2013-05-30T12:01:00,1.1,61,6.6,273.0,2013-05-30T12:26:00,0.5,,,,,,,,,,,,,,,,,,,,,,,,,,,95.0,2013-05-30T01:13:00,,,,,,,,,,,,,,,,,,,,,,,,,,,,,,,,,,,,,,,,,,,,,,,,,,,,,,,,,,,,,,,,,,,,,
2013-05-31,1002.2,1004.0,2013-05-31T00:01:00,1000.5,2013-05-31T15:16:00,28.6,36.1,2013-05-31T13:20:00,23.5,2013-05-31T05:13:00,76,44.0,2013-05-31T12:17:00,0.9,307,6.5,336.0,2013-05-31T14:15:00,0.0,,,,,,,,,,,,,,,,,,,,,,,,,,,95.0,2013-05-31T03:50:00,,,,,,,,,,,,,,,,,,,,,,,,,,,,,,,,,,,,,,,,,,,,,,,,,,,,,,,,,,,,,,,,,,,,,
2013-06-01,1000.5,1002.3,2013-06-01T07:33:00,998.6,2013-06-01T16:11:00,28.6,35.1,2013-06-01T13:05:00,23.9,2013-06-01T03:16:00,76,48.0,2013-06-01T11:03:00,1.0,52,6.4,258.0,2013-06-01T12:36:00,0.0,,,,,,,,,,,,,,,,,,,,,,,,,,,96.0,2013-06-01T03:37:00,,,,,,,,,,,,,,,,,,,,,,,,,,,,,,,,,,,,,,,,,,,,,,,,,,,,,,,,,,,,,,,,,,,,,
2013-06-02,999.1,1001.1,2013-06-02T09:20:00,997.0,2013-06-02T16:17:00,28.2,35.3,2013-06-02T13:33:00,22.7,2013-06-02T02:02:00,75,43.0,2013-06-02T15:22:00,0.9,56,4.7,329.0,2013-06-02T14:40:00,0.0,,,,,,,,,,,,,,,,,,,,,,,,,,,96.0,2013-06-02T01:19:00,,,,,,,,,,,,,,,,,,,,,,,,,,,,,,,,,,,,,,,,,,,,,,,,,,,,,,,,,,,,,,,,,,,,,
2013-06-03,1000.1,1002.3,2013-06-03T22:32:00,998.7,2013-06-03T02:17:00,27.9,36.1,2013-06-03T12:46:00,23.2,2013-06-03T03:53:00,79,42.0,2013-06-03T12:31:00,0.8,17,5.7,13.0,2013-06-03T14:48:00,1.5,,,,,,,,,,,,,,,,,,,,,,,,,,,96.0,2013-06-03T03:34:00,,,,,,,,,,,,,,,,,,,,,,,,,,,,,,,,,,,,,,,,,,,,,,,,,,,,,,,,,,,,,,,,,,,,,
2013-06-04,1002.8,1004.3,2013-06-04T21:32:00,1001.5,2013-06-04T16:47:00,26.7,34.9,2013-06-04T10:49:00,23.7,2013-06-04T23:31:00,86,54.0,2013-06-04T10:49:00,0.8,14,6.3,61.0,2013-06-04T13:50:00,4.5,,,,,,,,,,,,,,,,,,,,,,,,,,,97.0,2013-06-04T23:46:00,,,,,,,,,,,,,,,,,,,,,,,,,,,,,,,,,,,,,,,,,,,,,,,,,,,,,,,,,,,,,,,,,,,,,
2013-06-05,1003.9,1005.3,2013-06-05T07:01:00,1002.0,2013-06-05T16:32:00,27.0,33.4,2013-06-05T11:51:00,22.6,2013-06-05T05:01:00,84,56.0,2013-06-05T13:35:00,0.7,18,5.5,327.0,2013-06-05T14:06:00,0.0,,,,,,,,,,,,,,,,,,,,,,,,,,,98.0,2013-06-05T05:31:00,,,,,,,,,,,,,,,,,,,,,,,,,,,,,,,,,,,,,,,,,,,,,,,,,,,,,,,,,,,,,,,,,,,,,
2013-06-06,1003.0,1004.7,2013-06-06T00:01:00,1001.8,2013-06-06T15:52:00,27.3,34.9,2013-06-06T12:16:00,23.8,2013-06-06T05:08:00,80,52.0,2013-06-06T11:22:00,1.3,36,7.3,31.0,2013-06-06T16:34:00,0.0,,,,,,,,,,,,,,,,,,,,,,,,,,,96.0,2013-06-06T05:34:00,,,,,,,,,,,,,,,,,,,,,,,,,,,,,,,,,,,,,,,,,,,,,,,,,,,,,,,,,,,,,,,,,,,,,
2013-06-07,1000.0,1002.2,2013-06-07T07:47:00,997.8,2013-06-07T15:21:00,28.4,36.2,2013-06-07T13:03:00,23.1,2013-06-07T04:38:00,73,44.0,2013-06-07T12:48:00,1.0,68,5.6,214.0,2013-06-07T14:43:00,0.0,,,,,,,,,,,,,,,,,,,,,,,,,,,93.0,2013-06-07T23:11:00,,,,,,,,,,,,,,,,,,,,,,,,,,,,,,,,,,,,,,,,,,,,,,,,,,,,,,,,,,,,,,,,,,,,,
2013-06-08,996.9,998.5,2013-06-08T00:01:00,994.3,2013-06-08T16:02:00,28.1,35.9,2013-06-08T14:02:00,23.6,2013-06-08T23:47:00,76,45.0,2013-06-08T13:36:00,0.9,42,5.1,263.0,2013-06-08T15:51:00,0.0,,,,,,,,,,,,,,,,,,,,,,,,,,,96.0,2013-06-08T01:00:00,,,,,,,,,,,,,,,,,,,,,,,,,,,,,,,,,,,,,,,,,,,,,,,,,,,,,,,,,,,,,,,,,,,,,
2013-06-09,995.9,997.0,2013-06-09T08:20:00,993.8,2013-06-09T16:03:00,28.1,33.9,2013-06-09T11:09:00,23.5,2013-06-09T00:17:00,79,51.0,2013-06-09T08:48:00,1.1,63,5.1,295.0,2013-06-09T17:03:00,1.5,,,,,,,,,,,,,,,,,,,,,,,,,,,96.0,2013-06-09T23:39:00,,,,,,,,,,,,,,,,,,,,,,,,,,,,,,,,,,,,,,,,,,,,,,,,,,,,,,,,,,,,,,,,,,,,,
2013-06-10,996.3,998.6,2013-06-10T22:33:00,994.5,2013-06-10T15:31:00,27.9,34.1,2013-06-10T13:19:00,24.8,2013-06-10T05:31:00,84,55.0,2013-06-10T13:19:00,0.9,39,4.8,181.0,2013-06-10T15:09:00,4.0,,,,,,,,,,,,,,,,,,,,,,,,,,,97.0,2013-06-10T05:25:00,,,,,,,,,,,,,,,,,,,,,,,,,,,,,,,,,,,,,,,,,,,,,,,,,,,,,,,,,,,,,,,,,,,,,
2013-06-11,997.0,999.3,2013-06-11T23:34:00,995.0,2013-06-11T14:07:00,27.7,35.2,2013-06-11T13:16:00,23.3,2013-06-11T19:06:00,82,52.0,2013-06-11T14:31:00,1.2,79,8.3,23.0,2013-06-11T18:36:00,10.0,,,,,,,,,,,,,,,,,,,,,,,,,,,96.0,2013-06-11T00:10:00,,,,,,,,,,,,,,,,,,,,,,,,,,,,,,,,,,,,,,,,,,,,,,,,,,,,,,,,,,,,,,,,,,,,,
2013-06-12,998.1,1000.5,2013-06-12T22:12:00,996.3,2013-06-12T13:46:00,27.8,34.2,2013-06-12T11:05:00,23.6,2013-06-12T04:54:00,82,54.0,2013-06-12T11:05:00,1.3,4,6.7,301.0,2013-06-12T15:57:00,2.0,,,,,,,,,,,,,,,,,,,,,,,,,,,96.0,2013-06-12T23:11:00,,,,,,,,,,,,,,,,,,,,,,,,,,,,,,,,,,,,,,,,,,,,,,,,,,,,,,,,,,,,,,,,,,,,,
2013-06-13,998.0,999.7,2013-06-13T00:01:00,996.1,2013-06-13T16:01:00,26.6,32.9,2013-06-13T14:16:00,24.1,2013-06-13T04:46:00,90,62.0,2013-06-13T14:16:00,0.5,321,4.2,344.0,2013-06-13T16:18:00,8.0,,,,,,,,,,,,,,,,,,,,,,,,,,,97.0,2013-06-13T05:20:00,,,,,,,,,,,,,,,,,,,,,,,,,,,,,,,,,,,,,,,,,,,,,,,,,,,,,,,,,,,,,,,,,,,,,
2013-06-14,998.9,1001.0,2013-06-14T21:49:00,997.5,2013-06-14T03:10:00,27.7,35.4,2013-06-14T15:02:00,24.8,2013-06-14T21:16:00,87,55.0,2013-06-14T15:02:00,0.6,29,6.1,306.0,2013-06-14T17:12:00,6.0,,,,,,,,,,,,,,,,,,,,,,,,,,,98.0,2013-06-14T05:36:00,,,,,,,,,,,,,,,,,,,,,,,,,,,,,,,,,,,,,,,,,,,,,,,,,,,,,,,,,,,,,,,,,,,,,
2013-06-15,1000.8,1002.8,2013-06-15T22:26:00,999.2,2013-06-15T15:19:00,27.5,33.6,2013-06-15T14:23:00,24.2,2013-06-15T23:46:00,85,56.0,2013-06-15T14:46:00,0.9,60,5.4,17.0,2013-06-15T15:10:00,2.0,,,,,,,,,,,,,,,,,,,,,,,,,,,97.0,2013-06-15T01:19:00,,,,,,,,,,,,,,,,,,,,,,,,,,,,,,,,,,,,,,,,,,,,,,,,,,,,,,,,,,,,,,,,,,,,,
2013-06-16,1000.7,1002.5,2013-06-16T00:01:00,999.0,2013-06-16T16:31:00,27.8,33.1,2013-06-16T11:19:00,23.6,2013-06-16T03:46:00,82,58.0,2013-06-16T11:26:00,0.9,38,4.4,336.0,2013-06-16T12:34:00,0.0,,,,,,,,,,,,,,,,,,,,,,,,,,,95.0,2013-06-16T00:01:00,,,,,,,,,,,,,,,,,,,,,,,,,,,,,,,,,,,,,,,,,,,,,,,,,,,,,,,,,,,,,,,,,,,,,
2013-06-17,998.1,1001.0,2013-06-17T00:01:00,995.5,2013-06-17T16:03:00,27.8,35.0,2013-06-17T14:02:00,23.8,2013-06-17T05:51:00,81,49.0,2013-06-17T14:02:00,1.0,30,7.0,331.0,2013-06-17T15:58:00,0.5,,,,,,,,,,,,,,,,,,,,,,,,,,,95.0,2013-06-17T02:20:00,,,,,,,,,,,,,,,,,,,,,,,,,,,,,,,,,,,,,,,,,,,,,,,,,,,,,,,,,,,,,,,,,,,,,
2013-06-18,995.5,997.5,2013-06-18T00:01:00,993.3,2013-06-18T17:16:00,27.9,35.8,2013-06-18T12:47:00,24.3,2013-06-18T21:29:00,81,52.0,2013-06-18T12:39:00,1.0,327,7.2,331.0,2013-06-18T13:51:00,0.0,,,,,,,,,,,,,,,,,,,,,,,,,,,96.0,2013-06-18T21:47:00,,,,,,,,,,,,,,,,,,,,,,,,,,,,,,,,,,,,,,,,,,,,,,,,,,,,,,,,,,,,,,,,,,,,,
2013-06-19,994.4,996.0,2013-06-19T22:05:00,992.5,2013-06-19T16:22:00,28.4,35.3,2013-06-19T12:18:00,23.8,2013-06-19T04:22:00,76,48.0,2013-06-19T12:18:00,1.3,59,6.0,20.0,2013-06-19T11:25:00,0.0,,,,,,,,,,,,,,,,,,,,,,,,,,,93.0,2013-06-19T02:37:00,,,,,,,,,,,,,,,,,,,,,,,,,,,,,,,,,,,,,,,,,,,,,,,,,,,,,,,,,,,,,,,,,,,,,
2013-06-20,996.3,998.5,2013-06-20T23:05:00,994.6,2013-06-20T15:18:00,28.4,34.8,2013-06-20T10:01:00,22.9,2013-06-20T05:01:00,79,49.0,2013-06-20T12:02:00,0.7,17,4.0,58.0,2013-06-20T05:32:00,0.0,,,,,,,,,,,,,,,,,,,,,,,,,,,97.0,2013-06-20T04:01:00,,,,,,,,,,,,,,,,,,,,,,,,,,,,,,,,,,,,,,,,,,,,,,,,,,,,,,,,,,,,,,,,,,,,,
2013-06-21,998.6,1000.8,2013-06-21T22:17:00,997.0,2013-06-21T03:19:00,28.5,33.8,2013-06-21T09:17:00,24.8,2013-06-21T05:18:00,78,54.0,2013-06-21T08:55:00,0.9,55,4.1,37.0,2013-06-21T03:14:00,0.0,,,,,,,,,,,,,,,,,,,,,,,,,,,93.0,2013-06-21T02:32:00,,,,,,,,,,,,,,,,,,,,,,,,,,,,,,,,,,,,,,,,,,,,,,,,,,,,,,,,,,,,,,,,,,,,,
2013-06-22,999.8,1002.3,2013-06-22T23:52:00,997.5,2013-06-22T16:16:00,28.7,35.5,2013-06-22T16:34:00,25.3,2013-06-22T04:34:00,81,48.0,2013-06-22T16:34:00,0.8,7,5.7,12.0,2013-06-22T14:42:00,0.5,,,,,,,,,,,,,,,,,,,,,,,,,,,96.0,2013-06-22T06:03:00,,,,,,,,,,,,,,,,,,,,,,,,,,,,,,,,,,,,,,,,,,,,,,,,,,,,,,,,,,,,,,,,,,,,,
2013-06-23,1001.3,1004.5,2013-06-23T22:37:00,999.5,2013-06-23T16:46:00,28.5,34.8,2013-06-23T13:17:00,23.8,2013-06-23T23:14:00,75,50.0,2013-06-23T14:19:00,1.2,181,8.8,186.0,2013-06-23T13:31:00,5.5,,,,,,,,,,,,,,,,,,,,,,,,,,,95.0,2013-06-23T23:12:00,,,,,,,,,,,,,,,,,,,,,,,,,,,,,,,,,,,,,,,,,,,,,,,,,,,,,,,,,,,,,,,,,,,,,
2013-06-24,1003.3,1004.3,2013-06-24T06:13:00,1002.2,2013-06-24T04:02:00,25.3,33.2,2013-06-24T13:24:00,23.1,2013-06-24T02:26:00,89,51.0,2013-06-24T13:20:00,1.0,55,7.0,267.0,2013-06-24T15:24:00,21.0,,,,,,,,,,,,,,,,,,,,,,,,,,,97.0,2013-06-24T02:37:00,,,,,,,,,,,,,,,,,,,,,,,,,,,,,,,,,,,,,,,,,,,,,,,,,,,,,,,,,,,,,,,,,,,,,
2013-06-25,1002.9,1004.2,2013-06-25T10:48:00,1001.7,2013-06-25T16:46:00,26.1,30.6,2013-06-25T08:46:00,23.7,2013-06-25T04:31:00,88,64.0,2013-06-25T08:46:00,1.2,69,5.0,320.0,2013-06-25T10:52:00,2.5,,,,,,,,,,,,,,,,,,,,,,,,,,,93.0,2013-06-25T05:50:00,,,,,,,,,,,,,,,,,,,,,,,,,,,,,,,,,,,,,,,,,,,,,,,,,,,,,,,,,,,,,,,,,,,,,
2013-06-26,1001.7,1003.0,2013-06-26T08:16:00,1000.0,2013-06-26T15:39:00,28.7,35.2,2013-06-26T13:17:00,23.9,2013-06-26T04:01:00,79,50.0,2013-06-26T15:18:00,0.9,31,5.7,256.0,2013-06-26T14:01:00,0.0,,,,,,,,,,,,,,,,,,,,,,,,,,,95.0,2013-06-26T23:47:00,,,,,,,,,,,,,,,,,,,,,,,,,,,,,,,,,,,,,,,,,,,,,,,,,,,,,,,,,,,,,,,,,,,,,
2013-06-27,1000.7,1002.1,2013-06-27T07:10:00,999.0,2013-06-27T15:32:00,28.8,35.3,2013-06-27T11:50:00,23.7,2013-06-27T23:46:00,79,51.0,2013-06-27T10:34:00,0.8,255,5.0,266.0,2013-06-27T14:11:00,0.0,,,,,,,,,,,,,,,,,,,,,,,,,,,96.0,2013-06-27T05:01:00,,,,,,,,,,,,,,,,,,,,,,,,,,,,,,,,,,,,,,,,,,,,,,,,,,,,,,,,,,,,,,,,,,,,,
2013-06-28,1000.3,1001.5,2013-06-28T21:31:00,998.6,2013-06-28T15:48:00,28.8,36.0,2013-06-28T12:04:00,23.6,2013-06-28T00:02:00,77,50.0,2013-06-28T12:04:00,1.0,61,4.7,280.0,2013-06-28T10:54:00,0.0,,,,,,,,,,,,,,,,,,,,,,,,,,,96.0,2013-06-28T00:19:00,,,,,,,,,,,,,,,,,,,,,,,,,,,,,,,,,,,,,,,,,,,,,,,,,,,,,,,,,,,,,,,,,,,,,
2013-06-29,1001.8,1003.5,2013-06-29T21:39:00,1000.7,2013-06-29T02:31:00,28.7,35.5,2013-06-29T13:18:00,23.6,2013-06-29T05:19:00,78,51.0,2013-06-29T14:31:00,0.9,50,6.7,340.0,2013-06-29T15:09:00,0.0,,,,,,,,,,,,,,,,,,,,,,,,,,,95.0,2013-06-29T01:01:00,,,,,,,,,,,,,,,,,,,,,,,,,,,,,,,,,,,,,,,,,,,,,,,,,,,,,,,,,,,,,,,,,,,,,
2013-06-30,1001.9,1003.5,2013-06-30T08:06:00,1000.5,2013-06-30T15:38:00,29.2,35.8,2013-06-30T12:50:00,24.0,2013-06-30T04:31:00,78,51.0,2013-06-30T12:02:00,1.3,43,7.5,339.0,2013-06-30T14:26:00,0.0,,,,,,,,,,,,,,,,,,,,,,,,,,,97.0,2013-06-30T04:01:00,,,,,,,,,,,,,,,,,,,,,,,,,,,,,,,,,,,,,,,,,,,,,,,,,,,,,,,,,,,,,,,,,,,,,
2013-07-01,1001.4,1003.6,2013-07-01T22:05:00,999.5,2013-07-01T15:38:00,29.1,36.6,2013-07-01T13:16:00,24.8,2013-07-01T03:21:00,78,48.0,2013-07-01T12:16:00,1.1,52,6.0,34.0,2013-07-01T16:32:00,0.0,,,,,,,,,,,,,,,,,,,,,,,,,,,96.0,2013-07-01T03:35:00,,,,,,,,,,,,,,,,,,,,,,,,,,,,,,,,,,,,,,,,,,,,,,,,,,,,,,,,,,,,,,,,,,,,,
2013-07-02,1003.0,1005.3,2013-07-02T20:43:00,1000.8,2013-07-02T15:31:00,27.6,37.4,2013-07-02T12:46:00,22.7,2013-07-02T17:50:00,80,44.0,2013-07-02T12:46:00,1.2,314,6.9,22.0,2013-07-02T17:26:00,21.0,,,,,,,,,,,,,,,,,,,,,,,,,,,96.0,2013-07-02T21:31:00,,,,,,,,,,,,,,,,,,,,,,,,,,,,,,,,,,,,,,,,,,,,,,,,,,,,,,,,,,,,,,,,,,,,,
2013-07-03,1003.2,1004.5,2013-07-03T00:01:00,1001.0,2013-07-03T15:35:00,27.0,36.0,2013-07-03T12:46:00,21.9,2013-07-03T17:35:00,82,50.0,2013-07-03T11:16:00,1.2,63,9.2,326.0,2013-07-03T17:25:00,77.0,,,,,,,,,,,,,,,,,,,,,,,,,,,97.0,2013-07-03T17:23:00,,,,,,,,,,,,,,,,,,,,,,,,,,,,,,,,,,,,,,,,,,,,,,,,,,,,,,,,,,,,,,,,,,,,,
2013-07-04,1001.3,1003.0,2013-07-04T00:01:00,999.5,2013-07-04T15:35:00,27.1,35.8,2013-07-04T13:16:00,22.8,2013-07-04T05:05:00,84,50.0,2013-07-04T13:16:00,0.8,54,5.4,317.0,2013-07-04T13:58:00,2.5,,,,,,,,,,,,,,,,,,,,,,,,,,,96.0,2013-07-04T23:50:00,,,,,,,,,,,,,,,,,,,,,,,,,,,,,,,,,,,,,,,,,,,,,,,,,,,,,,,,,,,,,,,,,,,,,
2013-07-05,1001.7,1003.8,2013-07-05T22:22:00,1000.0,2013-07-05T15:01:00,27.9,35.0,2013-07-05T13:48:00,23.7,2013-07-05T04:17:00,80,52.0,2013-07-05T15:33:00,1.1,55,6.2,235.0,2013-07-05T12:28:00,0.0,,,,,,,,,,,,,,,,,,,,,,,,,,,99.0,2013-07-05T20:31:00,,,,,,,,,,,,,,,,,,,,,,,,,,,,,,,,,,,,,,,,,,,,,,,,,,,,,,,,,,,,,,,,,,,,,
2013-07-06,1003.0,1005.1,2013-07-06T22:33:00,1001.5,2013-07-06T14:19:00,28.0,34.6,2013-07-06T11:35:00,23.5,2013-07-06T05:07:00,78,52.0,2013-07-06T13:49:00,1.1,65,6.2,210.0,2013-07-06T15:20:00,0.0,,,,,,,,,,,,,,,,,,,,,,,,,,,95.0,2013-07-06T22:16:00,,,,,,,,,,,,,,,,,,,,,,,,,,,,,,,,,,,,,,,,,,,,,,,,,,,,,,,,,,,,,,,,,,,,,
2013-07-07,1004.4,1006.0,2013-07-07T21:02:00,1002.0,2013-07-07T15:01:00,27.1,35.1,2013-07-07T14:07:00,22.8,2013-07-07T23:48:00,80,50.0,2013-07-07T10:48:00,1.4,64,7.3,12.0,2013-07-07T17:22:00,9.5,,,,,,,,,,,,,,,,,,,,,,,,,,,96.0,2013-07-07T17:31:00,,,,,,,,,,,,,,,,,,,,,,,,,,,,,,,,,,,,,,,,,,,,,,,,,,,,,,,,,,,,,,,,,,,,,
2013-07-08,1004.7,1006.0,2013-07-08T08:01:00,1002.8,2013-07-08T14:18:00,25.9,35.5,2013-07-08T12:17:00,21.6,2013-07-08T15:21:00,81,41.0,2013-07-08T12:31:00,1.6,49,8.6,116.0,2013-07-08T14:52:00,25.5,,,,,,,,,,,,,,,,,,,,,,,,,,,96.0,2013-07-08T15:32:00,,,,,,,,,,,,,,,,,,,,,,,,,,,,,,,,,,,,,,,,,,,,,,,,,,,,,,,,,,,,,,,,,,,,,
2013-07-09,1002.7,1004.5,2013-07-09T00:01:00,1000.3,2013-07-09T13:21:00,25.2,35.0,2013-07-09T12:50:00,21.7,2013-07-09T14:43:00,87,50.0,2013-07-09T13:01:00,1.3,55,9.8,20.0,2013-07-09T13:58:00,108.5,,,,,,,,,,,,,,,,,,,,,,,,,,,98.0,2013-07-09T15:19:00,,,,,,,,,,,,,,,,,,,,,,,,,,,,,,,,,,,,,,,,,,,,,,,,,,,,,,,,,,,,,,,,,,,,,
2013-07-10,1001.2,1002.7,2013-07-10T22:01:00,998.5,2013-07-10T16:02:00,26.1,34.7,2013-07-10T13:16:00,21.1,2013-07-10T04:31:00,83,48.0,2013-07-10T13:16:00,1.2,35,11.1,47.0,2013-07-10T16:56:00,26.5,,,,,,,,,,,,,,,,,,,,,,,,,,,97.0,2013-07-10T23:46:00,,,,,,,,,,,,,,,,,,,,,,,,,,,,,,,,,,,,,,,,,,,,,,,,,,,,,,,,,,,,,,,,,,,,,
2013-07-11,1000.3,1002.3,2013-07-11T00:01:00,998.0,2013-07-11T17:21:00,27.7,34.1,2013-07-11T13:03:00,22.4,2013-07-11T05:36:00,78,55.0,2013-07-11T12:38:00,1.4,337,8.4,328.0,2013-07-11T15:44:00,0.5,,,,,,,,,,,,,,,,,,,,,,,,,,,98.0,2013-07-11T01:55:00,,,,,,,,,,,,,,,,,,,,,,,,,,,,,,,,,,,,,,,,,,,,,,,,,,,,,,,,,,,,,,,,,,,,,
2013-07-12,993.7,999.3,2013-07-12T00:01:00,987.6,2013-07-12T23:46:00,27.6,34.5,2013-07-12T12:18:00,23.8,2013-07-12T01:36:00,81,47.0,2013-07-12T12:18:00,1.9,342,12.6,297.0,2013-07-12T22:10:00,14.5,,,,,,,,,,,,,,,,,,,,,,,,,,,96.0,2013-07-12T05:47:00,,,,,,,,,,,,,,,,,,,,,,,,,,,,,,,,,,,,,,,,,,,,,,,,,,,,,,,,,,,,,,,,,,,,,
2013-07-13,992.0,998.1,2013-07-13T22:47:00,986.2,2013-07-13T03:21:00,26.3,28.4,2013-07-13T15:22:00,23.7,2013-07-13T10:55:00,89,70.0,2013-07-13T23:48:00,2.0,202,13.7,280.0,2013-07-13T04:14:00,121.0,,,,,,,,,,,,,,,,,,,,,,,,,,,97.0,2013-07-13T05:08:00,,,,,,,,,,,,,,,,,,,,,,,,,,,,,,,,,,,,,,,,,,,,,,,,,,,,,,,,,,,,,,,,,,,,,
2013-07-14,1001.5,1004.2,2013-07-14T22:34:00,998.0,2013-07-14T00:01:00,26.1,32.4,2013-07-14T13:32:00,23.5,2013-07-14T21:36:00,83,63.0,2013-07-14T14:16:00,1.0,191,10.3,210.0,2013-07-14T14:44:00,3.0,,,,,,,,,,,,,,,,,,,,,,,,,,,95.0,2013-07-14T22:34:00,,,,,,,,,,,,,,,,,,,,,,,,,,,,,,,,,,,,,,,,,,,,,,,,,,,,,,,,,,,,,,,,,,,,,
2013-07-15,1002.8,1004.5,2013-07-15T08:28:00,1000.1,2013-07-15T15:31:00,27.7,35.5,2013-07-15T13:22:00,23.0,2013-07-15T04:47:00,79,44.0,2013-07-15T12:42:00,1.1,12,5.8,38.0,2013-07-15T16:03:00,0.0,,,,,,,,,,,,,,,,,,,,,,,,,,,94.0,2013-07-15T23:51:00,,,,,,,,,,,,,,,,,,,,,,,,,,,,,,,,,,,,,,,,,,,,,,,,,,,,,,,,,,,,,,,,,,,,,
2013-07-16,1001.7,1003.0,2013-07-16T00:02:00,999.5,2013-07-16T16:05:00,28.0,34.1,2013-07-16T10:31:00,23.0,2013-07-16T05:39:00,78,52.0,2013-07-16T15:47:00,1.0,342,6.5,336.0,2013-07-16T17:13:00,0.0,,,,,,,,,,,,,,,,,,,,,,,,,,,96.0,2013-07-16T05:23:00,,,,,,,,,,,,,,,,,,,,,,,,,,,,,,,,,,,,,,,,,,,,,,,,,,,,,,,,,,,,,,,,,,,,,
2013-07-17,999.6,1002.2,2013-07-17T00:01:00,997.5,2013-07-17T16:25:00,27.9,34.9,2013-07-17T12:18:00,23.1,2013-07-17T05:10:00,80,50.0,2013-07-17T12:18:00,0.8,23,4.5,19.0,2013-07-17T16:59:00,0.0,,,,,,,,,,,,,,,,,,,,,,,,,,,97.0,2013-07-17T05:50:00,,,,,,,,,,,,,,,,,,,,,,,,,,,,,,,,,,,,,,,,,,,,,,,,,,,,,,,,,,,,,,,,,,,,,
2013-07-18,999.2,1009.8,2013-07-18T11:37:00,997.5,2013-07-18T14:47:00,26.4,31.7,2013-07-18T09:46:00,24.3,2013-07-18T05:34:00,86,57.0,2013-07-18T09:46:00,0.8,59,5.4,58.0,2013-07-18T08:11:00,2.0,,,,,,,,,,,,,,,,,,,,,,,,,,,96.0,2013-07-18T23:41:00,,,,,,,,,,,,,,,,,,,,,,,,,,,,,,,,,,,,,,,,,,,,,,,,,,,,,,,,,,,,,,,,,,,,,
2013-07-19,1001.2,1004.3,2013-07-19T21:38:00,998.5,2013-07-19T02:19:00,26.6,33.8,2013-07-19T13:46:00,23.2,2013-07-19T03:31:00,84,48.0,2013-07-19T13:47:00,0.9,40,5.9,196.0,2013-07-19T12:27:00,0.5,,,,,,,,,,,,,,,,,,,,,,,,,,,96.0,2013-07-19T00:01:00,,,,,,,,,,,,,,,,,,,,,,,,,,,,,,,,,,,,,,,,,,,,,,,,,,,,,,,,,,,,,,,,,,,,,
2013-07-20,1002.0,1003.7,2013-07-20T00:01:00,999.8,2013-07-20T16:33:00,27.9,33.6,2013-07-20T11:19:00,23.3,2013-07-20T04:49:00,80,53.0,2013-07-20T12:33:00,0.8,35,4.5,279.0,2013-07-20T16:08:00,0.0,,,,,,,,,,,,,,,,,,,,,,,,,,,96.0,2013-07-20T04:51:00,,,,,,,,,,,,,,,,,,,,,,,,,,,,,,,,,,,,,,,,,,,,,,,,,,,,,,,,,,,,,,,,,,,,,
2013-07-21,1000.7,1003.1,2013-07-21T00:01:00,998.6,2013-07-21T16:03:00,28.4,35.1,2013-07-21T14:03:00,23.8,2013-07-21T05:16:00,79,50.0,2013-07-21T12:16:00,0.9,324,5.9,337.0,2013-07-21T14:36:00,0.0,,,,,,,,,,,,,,,,,,,,,,,,,,,96.0,2013-07-21T04:38:00,,,,,,,,,,,,,,,,,,,,,,,,,,,,,,,,,,,,,,,,,,,,,,,,,,,,,,,,,,,,,,,,,,,,,
2013-07-22,1001.6,1004.2,2013-07-22T22:03:00,999.0,2013-07-22T16:23:00,28.9,35.4,2013-07-22T12:49:00,24.1,2013-07-22T05:04:00,82,54.0,2013-07-22T12:16:00,0.8,11,5.4,337.0,2013-07-22T14:53:00,0.0,,,,,,,,,,,,,,,,,,,,,,,,,,,97.0,2013-07-22T05:49:00,,,,,,,,,,,,,,,,,,,,,,,,,,,,,,,,,,,,,,,,,,,,,,,,,,,,,,,,,,,,,,,,,,,,,
2013-07-23,1002.8,1004.7,2013-07-23T22:18:00,1000.8,2013-07-23T16:32:00,27.6,34.9,2013-07-23T12:11:00,23.3,2013-07-23T21:33:00,81,51.0,2013-07-23T12:16:00,1.3,38,5.7,38.0,2013-07-23T19:54:00,7.0,,,,,,,,,,,,,,,,,,,,,,,,,,,96.0,2013-07-23T05:28:00,,,,,,,,,,,,,,,,,,,,,,,,,,,,,,,,,,,,,,,,,,,,,,,,,,,,,,,,,,,,,,,,,,,,,
2013-07-24,1002.4,1004.3,2013-07-24T00:01:00,1000.5,2013-07-24T15:29:00,26.7,35.9,2013-07-24T13:34:00,23.0,2013-07-24T05:33:00,84,49.0,2013-07-24T13:04:00,1.3,56,7.7,202.0,2013-07-24T14:40:00,32.0,,,,,,,,,,,,,,,,,,,,,,,,,,,97.0,2013-07-24T18:16:00,,,,,,,,,,,,,,,,,,,,,,,,,,,,,,,,,,,,,,,,,,,,,,,,,,,,,,,,,,,,,,,,,,,,,
2013-07-25,1001.4,1003.2,2013-07-25T21:17:00,1000.1,2013-07-25T13:54:00,26.4,32.6,2013-07-25T11:04:00,23.6,2013-07-25T04:32:00,87,58.0,2013-07-25T10:46:00,0.7,162,5.1,222.0,2013-07-25T11:18:00,9.0,,,,,,,,,,,,,,,,,,,,,,,,,,,97.0,2013-07-25T22:17:00,,,,,,,,,,,,,,,,,,,,,,,,,,,,,,,,,,,,,,,,,,,,,,,,,,,,,,,,,,,,,,,,,,,,,
2013-07-26,1001.9,1003.8,2013-07-26T23:33:00,1000.8,2013-07-26T16:12:00,26.7,32.7,2013-07-26T10:31:00,23.3,2013-07-26T05:18:00,85,55.0,2013-07-26T10:51:00,1.0,35,5.6,227.0,2013-07-26T16:37:00,8.5,,,,,,,,,,,,,,,,,,,,,,,,,,,97.0,2013-07-26T03:31:00,,,,,,,,,,,,,,,,,,,,,,,,,,,,,,,,,,,,,,,,,,,,,,,,,,,,,,,,,,,,,,,,,,,,,
2013-07-27,1002.4,1004.5,2013-07-27T22:03:00,1000.5,2013-07-27T15:57:00,27.8,35.3,2013-07-27T13:20:00,23.3,2013-07-27T05:46:00,80,43.0,2013-07-27T13:34:00,1.2,52,4.9,207.0,2013-07-27T12:33:00,1.5,,,,,,,,,,,,,,,,,,,,,,,,,,,95.0,2013-07-27T22:46:00,,,,,,,,,,,,,,,,,,,,,,,,,,,,,,,,,,,,,,,,,,,,,,,,,,,,,,,,,,,,,,,,,,,,,
2013-07-28,1002.9,1004.5,2013-07-28T22:18:00,1001.0,2013-07-28T15:47:00,27.2,34.9,2013-07-28T12:18:00,23.3,2013-07-28T18:16:00,81,42.0,2013-07-28T12:46:00,1.2,56,5.4,123.0,2013-07-28T16:35:00,46.5,,,,,,,,,,,,,,,,,,,,,,,,,,,97.0,2013-07-28T17:36:00,,,,,,,,,,,,,,,,,,,,,,,,,,,,,,,,,,,,,,,,,,,,,,,,,,,,,,,,,,,,,,,,,,,,,
2013-07-29,1001.5,1004.0,2013-07-29T00:01:00,999.5,2013-07-29T16:04:00,28.1,35.7,2013-07-29T13:02:00,23.0,2013-07-29T05:16:00,80,50.0,2013-07-29T13:10:00,1.3,48,6.4,291.0,2013-07-29T15:32:00,0.0,,,,,,,,,,,,,,,,,,,,,,,,,,,95.0,2013-07-29T22:29:00,,,,,,,,,,,,,,,,,,,,,,,,,,,,,,,,,,,,,,,,,,,,,,,,,,,,,,,,,,,,,,,,,,,,,
2013-07-30,1000.0,1001.7,2013-07-30T00:19:00,997.5,2013-07-30T15:18:00,27.4,35.2,2013-07-30T13:32:00,23.8,2013-07-30T17:48:00,85,50.0,2013-07-30T13:21:00,1.0,50,9.5,26.0,2013-07-30T16:51:00,1.0,,,,,,,,,,,,,,,,,,,,,,,,,,,97.0,2013-07-30T05:21:00,,,,,,,,,,,,,,,,,,,,,,,,,,,,,,,,,,,,,,,,,,,,,,,,,,,,,,,,,,,,,,,,,,,,,
2013-07-31,999.0,1000.2,2013-07-31T08:19:00,996.8,2013-07-31T14:41:00,27.1,35.9,2013-07-31T14:01:00,22.6,2013-07-31T23:52:00,80,45.0,2013-07-31T12:16:00,1.2,51,6.9,294.0,2013-07-31T16:19:00,13.5,,,,,,,,,,,,,,,,,,,,,,,,,,,96.0,2013-07-31T17:17:00,,,,,,,,,,,,,,,,,,,,,,,,,,,,,,,,,,,,,,,,,,,,,,,,,,,,,,,,,,,,,,,,,,,,,
2013-08-01,998.2,999.6,2013-08-01T00:01:00,995.5,2013-08-01T16:03:00,25.7,30.7,2013-08-01T10:32:00,21.7,2013-08-01T05:05:00,87,61.0,2013-08-01T10:46:00,0.7,40,4.1,52.0,2013-08-01T23:01:00,1.0,,,,,,,,,,,,,,,,,,,,,,,,,,,96.0,2013-08-01T00:18:00,,,,,,,,,,,,,,,,,,,,,,,,,,,,,,,,,,,,,,,,,,,,,,,,,,,,,,,,,,,,,,,,,,,,,
2013-08-02,1002.3,1007.0,2013-08-02T22:33:00,998.2,2013-08-02T02:54:00,27.3,33.3,2013-08-02T09:54:00,23.5,2013-08-02T02:04:00,81,56.0,2013-08-02T09:47:00,1.1,60,5.5,212.0,2013-08-02T12:30:00,0.0,,,,,,,,,,,,,,,,,,,,,,,,,,,94.0,2013-08-02T02:25:00,,,,,,,,,,,,,,,,,,,,,,,,,,,,,,,,,,,,,,,,,,,,,,,,,,,,,,,,,,,,,,,,,,,,,
2013-08-03,1005.9,1007.3,2013-08-03T21:37:00,1004.0,2013-08-03T15:18:00,27.8,35.9,2013-08-03T13:02:00,22.9,2013-08-03T05:16:00,84,49.0,2013-08-03T12:28:00,0.9,59,5.2,318.0,2013-08-03T13:27:00,10.5,,,,,,,,,,,,,,,,,,,,,,,,,,,97.0,2013-08-03T05:36:00,,,,,,,,,,,,,,,,,,,,,,,,,,,,,,,,,,,,,,,,,,,,,,,,,,,,,,,,,,,,,,,,,,,,,
2013-08-04,1004.5,1006.7,2013-08-04T00:01:00,1002.1,2013-08-04T14:56:00,27.2,34.6,2013-08-04T13:33:00,23.7,2013-08-04T03:49:00,87,54.0,2013-08-04T12:23:00,0.9,58,6.0,328.0,2013-08-04T14:37:00,17.0,,,,,,,,,,,,,,,,,,,,,,,,,,,97.0,2013-08-04T04:09:00,,,,,,,,,,,,,,,,,,,,,,,,,,,,,,,,,,,,,,,,,,,,,,,,,,,,,,,,,,,,,,,,,,,,,
2013-08-05,1002.6,1004.3,2013-08-05T07:33:00,1000.5,2013-08-05T16:05:00,28.0,35.3,2013-08-05T12:46:00,23.0,2013-08-05T04:46:00,82,50.0,2013-08-05T12:02:00,1.1,39,5.2,338.0,2013-08-05T15:21:00,2.5,,,,,,,,,,,,,,,,,,,,,,,,,,,96.0,2013-08-05T22:34:00,,,,,,,,,,,,,,,,,,,,,,,,,,,,,,,,,,,,,,,,,,,,,,,,,,,,,,,,,,,,,,,,,,,,,
2013-08-06,1002.7,1005.1,2013-08-06T22:31:00,1000.6,2013-08-06T16:31:00,28.7,36.2,2013-08-06T14:39:00,23.3,2013-08-06T05:17:00,80,47.0,2013-08-06T14:39:00,0.6,53,3.7,45.0,2013-08-06T22:59:00,0.0,,,,,,,,,,,,,,,,,,,,,,,,,,,97.0,2013-08-06T05:48:00,,,,,,,,,,,,,,,,,,,,,,,,,,,,,,,,,,,,,,,,,,,,,,,,,,,,,,,,,,,,,,,,,,,,,
2013-08-07,1004.3,1005.3,2013-08-07T08:39:00,1002.2,2013-08-07T15:23:00,27.6,34.9,2013-08-07T12:18:00,24.0,2013-08-07T03:03:00,85,52.0,2013-08-07T11:01:00,0.9,60,5.0,285.0,2013-08-07T16:05:00,23.5,,,,,,,,,,,,,,,,,,,,,,,,,,,96.0,2013-08-07T18:01:00,,,,,,,,,,,,,,,,,,,,,,,,,,,,,,,,,,,,,,,,,,,,,,,,,,,,,,,,,,,,,,,,,,,,,
2013-08-08,1003.3,1004.8,2013-08-08T00:01:00,1001.7,2013-08-08T15:22:00,28.2,34.8,2013-08-08T13:18:00,23.1,2013-08-08T05:04:00,80,50.0,2013-08-08T12:21:00,1.0,4,5.9,333.0,2013-08-08T14:29:00,0.0,,,,,,,,,,,,,,,,,,,,,,,,,,,97.0,2013-08-08T05:32:00,,,,,,,,,,,,,,,,,,,,,,,,,,,,,,,,,,,,,,,,,,,,,,,,,,,,,,,,,,,,,,,,,,,,,
2013-08-09,1001.8,1003.1,2013-08-09T22:02:00,1000.0,2013-08-09T15:56:00,28.2,35.8,2013-08-09T13:31:00,23.7,2013-08-09T03:46:00,82,51.0,2013-08-09T11:18:00,0.9,58,5.2,252.0,2013-08-09T14:51:00,6.0,,,,,,,,,,,,,,,,,,,,,,,,,,,97.0,2013-08-09T23:35:00,,,,,,,,,,,,,,,,,,,,,,,,,,,,,,,,,,,,,,,,,,,,,,,,,,,,,,,,,,,,,,,,,,,,,
2013-08-10,1002.2,1004.2,2013-08-10T22:18:00,1000.0,2013-08-10T15:23:00,27.7,34.9,2013-08-10T13:05:00,22.2,2013-08-10T19:34:00,85,53.0,2013-08-10T11:17:00,1.1,65,12.0,347.0,2013-08-10T19:44:00,79.5,,,,,,,,,,,,,,,,,,,,,,,,,,,98.0,2013-08-10T20:44:00,,,,,,,,,,,,,,,,,,,,,,,,,,,,,,,,,,,,,,,,,,,,,,,,,,,,,,,,,,,,,,,,,,,,,
2013-08-11,1001.5,1003.5,2013-08-11T00:31:00,999.0,2013-08-11T16:31:00,28.5,34.6,2013-08-11T14:16:00,23.7,2013-08-11T00:01:00,82,54.0,2013-08-11T14:07:00,1.1,52,7.9,333.0,2013-08-11T15:41:00,2.0,,,,,,,,,,,,,,,,,,,,,,,,,,,97.0,2013-08-11T02:12:00,,,,,,,,,,,,,,,,,,,,,,,,,,,,,,,,,,,,,,,,,,,,,,,,,,,,,,,,,,,,,,,,,,,,,
2013-08-12,999.3,1001.7,2013-08-12T09:27:00,997.0,2013-08-12T17:20:00,28.3,34.4,2013-08-12T10:17:00,24.1,2013-08-12T04:41:00,85,58.0,2013-08-12T10:31:00,0.6,13,3.9,314.0,2013-08-12T17:49:00,0.0,,,,,,,,,,,,,,,,,,,,,,,,,,,97.0,2013-08-12T05:34:00,,,,,,,,,,,,,,,,,,,,,,,,,,,,,,,,,,,,,,,,,,,,,,,,,,,,,,,,,,,,,,,,,,,,,
2013-08-13,998.2,1000.2,2013-08-13T22:25:00,996.5,2013-08-13T16:49:00,28.0,34.7,2013-08-13T14:20:00,25.9,2013-08-13T23:01:00,89,58.0,2013-08-13T14:20:00,0.5,20,3.0,23.0,2013-08-13T14:38:00,2.0,,,,,,,,,,,,,,,,,,,,,,,,,,,97.0,2013-08-13T23:33:00,,,,,,,,,,,,,,,,,,,,,,,,,,,,,,,,,,,,,,,,,,,,,,,,,,,,,,,,,,,,,,,,,,,,,
2013-08-14,1000.3,1002.7,2013-08-14T22:03:00,997.7,2013-08-14T03:49:00,26.5,35.7,2013-08-14T12:18:00,23.4,2013-08-14T13:46:00,90,50.0,2013-08-14T12:18:00,0.9,48,7.7,215.0,2013-08-14T13:24:00,12.5,,,,,,,,,,,,,,,,,,,,,,,,,,,97.0,2013-08-14T01:18:00,,,,,,,,,,,,,,,,,,,,,,,,,,,,,,,,,,,,,,,,,,,,,,,,,,,,,,,,,,,,,,,,,,,,,
2013-08-15,1000.5,1002.5,2013-08-15T00:01:00,998.8,2013-08-15T15:30:00,26.3,32.3,2013-08-15T10:47:00,23.8,2013-08-15T05:51:00,89,57.0,2013-08-15T10:04:00,0.9,68,6.8,207.0,2013-08-15T11:22:00,9.5,,,,,,,,,,,,,,,,,,,,,,,,,,,97.0,2013-08-15T23:36:00,,,,,,,,,,,,,,,,,,,,,,,,,,,,,,,,,,,,,,,,,,,,,,,,,,,,,,,,,,,,,,,,,,,,,
2013-08-16,996.8,999.1,2013-08-16T00:01:00,994.5,2013-08-16T15:46:00,26.5,33.9,2013-08-16T12:09:00,23.6,2013-08-16T05:01:00,88,56.0,2013-08-16T12:09:00,0.6,10,4.9,219.0,2013-08-16T13:37:00,11.5,,,,,,,,,,,,,,,,,,,,,,,,,,,97.0,2013-08-16T20:06:00,,,,,,,,,,,,,,,,,,,,,,,,,,,,,,,,,,,,,,,,,,,,,,,,,,,,,,,,,,,,,,,,,,,,,
2013-08-17,995.9,997.3,2013-08-17T22:17:00,994.2,2013-08-17T16:28:00,27.4,34.2,2013-08-17T13:06:00,23.1,2013-08-17T04:46:00,83,54.0,2013-08-17T11:38:00,0.8,323,7.0,322.0,2013-08-17T14:53:00,7.0,,,,,,,,,,,,,,,,,,,,,,,,,,,97.0,2013-08-17T00:01:00,,,,,,,,,,,,,,,,,,,,,,,,,,,,,,,,,,,,,,,,,,,,,,,,,,,,,,,,,,,,,,,,,,,,,
2013-08-18,995.8,997.5,2013-08-18T09:04:00,993.6,2013-08-18T15:02:00,27.8,34.4,2013-08-18T15:09:00,23.6,2013-08-18T03:35:00,81,50.0,2013-08-18T11:48:00,1.2,47,5.6,26.0,2013-08-18T16:17:00,0.0,,,,,,,,,,,,,,,,,,,,,,,,,,,97.0,2013-08-18T03:53:00,,,,,,,,,,,,,,,,,,,,,,,,,,,,,,,,,,,,,,,,,,,,,,,,,,,,,,,,,,,,,,,,,,,,,
2013-08-19,994.2,996.0,2013-08-19T09:04:00,991.7,2013-08-19T15:46:00,28.4,35.3,2013-08-19T12:33:00,23.5,2013-08-19T03:35:00,78,48.0,2013-08-19T12:24:00,0.9,61,5.5,334.0,2013-08-19T14:57:00,0.0,,,,,,,,,,,,,,,,,,,,,,,,,,,96.0,2013-08-19T03:43:00,,,,,,,,,,,,,,,,,,,,,,,,,,,,,,,,,,,,,,,,,,,,,,,,,,,,,,,,,,,,,,,,,,,,,
2013-08-20,990.9,994.3,2013-08-20T00:01:00,988.0,2013-08-20T23:46:00,26.2,29.6,2013-08-20T11:31:00,24.9,2013-08-20T19:07:00,94,75.0,2013-08-20T11:31:00,0.7,51,7.6,337.0,2013-08-20T12:15:00,7.0,,,,,,,,,,,,,,,,,,,,,,,,,,,97.0,2013-08-20T23:46:00,,,,,,,,,,,,,,,,,,,,,,,,,,,,,,,,,,,,,,,,,,,,,,,,,,,,,,,,,,,,,,,,,,,,,
2013-08-21,984.6,988.0,2013-08-21T00:01:00,981.8,2013-08-21T15:54:00,26.5,34.3,2013-08-21T11:46:00,24.5,2013-08-21T05:22:00,91,58.0,2013-08-21T11:31:00,1.5,231,11.7,0.0,2013-08-21T16:47:00,88.5,,,,,,,,,,,,,,,,,,,,,,,,,,,98.0,2013-08-21T22:33:00,,,,,,,,,,,,,,,,,,,,,,,,,,,,,,,,,,,,,,,,,,,,,,,,,,,,,,,,,,,,,,,,,,,,,
2013-08-22,990.7,996.7,2013-08-22T23:30:00,984.8,2013-08-22T00:47:00,25.7,27.4,2013-08-22T09:35:00,23.6,2013-08-22T12:31:00,94,87.0,2013-08-22T16:09:00,1.3,193,11.3,147.0,2013-08-22T12:16:00,156.5,,,,,,,,,,,,,,,,,,,,,,,,,,,98.0,2013-08-22T00:01:00,,,,,,,,,,,,,,,,,,,,,,,,,,,,,,,,,,,,,,,,,,,,,,,,,,,,,,,,,,,,,,,,,,,,,
2013-08-23,998.6,1000.6,2013-08-23T21:46:00,996.0,2013-08-23T02:36:00,25.5,30.9,2013-08-23T12:19:00,23.5,2013-08-23T01:57:00,91,66.0,2013-08-23T12:19:00,0.8,156,6.3,205.0,2013-08-23T11:53:00,53.0,,,,,,,,,,,,,,,,,,,,,,,,,,,97.0,2013-08-23T02:36:00,,,,,,,,,,,,,,,,,,,,,,,,,,,,,,,,,,,,,,,,,,,,,,,,,,,,,,,,,,,,,,,,,,,,,
2013-08-24,1000.6,1002.6,2013-08-24T22:01:00,999.2,2013-08-24T14:31:00,26.5,33.3,2013-08-24T12:33:00,23.1,2013-08-24T05:31:00,86,57.0,2013-08-24T12:40:00,1.2,57,6.1,148.0,2013-08-24T13:39:00,0.5,,,,,,,,,,,,,,,,,,,,,,,,,,,97.0,2013-08-24T02:47:00,,,,,,,,,,,,,,,,,,,,,,,,,,,,,,,,,,,,,,,,,,,,,,,,,,,,,,,,,,,,,,,,,,,,,
2013-08-25,1001.1,1002.1,2013-08-25T00:26:00,999.2,2013-08-25T14:51:00,26.6,35.3,2013-08-25T12:31:00,22.6,2013-08-25T05:46:00,85,49.0,2013-08-25T13:05:00,0.9,63,5.7,59.0,2013-08-25T16:15:00,24.0,,,,,,,,,,,,,,,,,,,,,,,,,,,97.0,2013-08-25T20:31:00,,,,,,,,,,,,,,,,,,,,,,,,,,,,,,,,,,,,,,,,,,,,,,,,,,,,,,,,,,,,,,,,,,,,,
2013-08-26,999.4,1001.5,2013-08-26T00:01:00,997.0,2013-08-26T16:47:00,27.9,34.5,2013-08-26T13:01:00,22.3,2013-08-26T05:16:00,81,53.0,2013-08-26T13:34:00,0.8,5,5.3,259.0,2013-08-26T16:23:00,0.0,,,,,,,,,,,,,,,,,,,,,,,,,,,97.0,2013-08-26T00:01:00,,,,,,,,,,,,,,,,,,,,,,,,,,,,,,,,,,,,,,,,,,,,,,,,,,,,,,,,,,,,,,,,,,,,,
2013-08-27,998.2,999.6,2013-08-27T00:36:00,996.3,2013-08-27T16:25:00,28.4,34.5,2013-08-27T12:31:00,24.4,2013-08-27T04:16:00,81,55.0,2013-08-27T11:17:00,1.0,59,9.4,23.0,2013-08-27T15:14:00,0.0,,,,,,,,,,,,,,,,,,,,,,,,,,,97.0,2013-08-27T05:05:00,,,,,,,,,,,,,,,,,,,,,,,,,,,,,,,,,,,,,,,,,,,,,,,,,,,,,,,,,,,,,,,,,,,,,
2013-08-28,995.6,998.1,2013-08-28T00:01:00,993.5,2013-08-28T15:16:00,25.9,30.4,2013-08-28T11:03:00,23.8,2013-08-28T17:58:00,94,71.0,2013-08-28T11:05:00,0.5,12,6.3,282.0,2013-08-28T15:42:00,130.0,,,,,,,,,,,,,,,,,,,,,,,,,,,98.0,2013-08-28T17:22:00,,,,,,,,,,,,,,,,,,,,,,,,,,,,,,,,,,,,,,,,,,,,,,,,,,,,,,,,,,,,,,,,,,,,,
2013-08-29,997.3,1000.7,2013-08-29T17:54:00,992.8,2013-08-29T03:07:00,23.2,24.6,2013-08-29T06:37:00,21.2,2013-08-29T18:47:00,97,84.0,2013-08-29T23:08:00,0.9,45,9.3,243.0,2013-08-29T06:57:00,526.5,,,,,,,,,,,,,,,,,,,,,,,,,,,98.0,2013-08-29T09:57:00,,,,,,,,,,,,,,,,,,,,,,,,,,,,,,,,,,,,,,,,,,,,,,,,,,,,,,,,,,,,,,,,,,,,,
2013-08-30,999.4,1001.0,2013-08-30T22:47:00,997.5,2013-08-30T15:53:00,23.7,27.0,2013-08-30T09:46:00,21.5,2013-08-30T01:25:00,97,86.0,2013-08-30T09:54:00,0.9,48,6.7,141.0,2013-08-30T11:30:00,176.0,,,,,,,,,,,,,,,,,,,,,,,,,,,98.0,2013-08-30T23:04:00,,,,,,,,,,,,,,,,,,,,,,,,,,,,,,,,,,,,,,,,,,,,,,,,,,,,,,,,,,,,,,,,,,,,,
2013-08-31,1000.4,1002.3,2013-08-31T11:04:00,998.3,2013-08-31T03:27:00,23.2,24.4,2013-08-31T09:31:00,22.0,2013-08-31T15:24:00,98,95.0,2013-08-31T13:29:00,0.6,37,6.3,210.0,2013-08-31T14:47:00,195.5,,,,,,,,,,,,,,,,,,,,,,,,,,,98.0,2013-08-31T00:01:00,,,,,,,,,,,,,,,,,,,,,,,,,,,,,,,,,,,,,,,,,,,,,,,,,,,,,,,,,,,,,,,,,,,,,
2013-09-01,1002.5,1004.8,2013-09-01T22:07:00,1000.5,2013-09-01T02:42:00,23.5,29.1,2013-09-01T14:53:00,21.1,2013-09-01T23:49:00,92,68.0,2013-09-01T14:53:00,0.9,7,6.9,353.0,2013-09-01T06:22:00,12.0,,,,,,,,,,,,,,,,,,,,,,,,,,,98.0,2013-09-01T04:01:00,,,,,,,,,,,,,,,,,,,,,,,,,,,,,,,,,,,,,,,,,,,,,,,,,,,,,,,,,,,,,,,,,,,,,
2013-09-02,1003.1,1004.5,2013-09-02T08:01:00,1001.5,2013-09-02T14:36:00,24.2,30.4,2013-09-02T14:31:00,19.5,2013-09-02T05:01:00,86,59.0,2013-09-02T09:31:00,0.5,15,3.0,327.0,2013-09-02T12:38:00,0.0,,,,,,,,,,,,,,,,,,,,,,,,,,,98.0,2013-09-02T04:10:00,,,,,,,,,,,,,,,,,,,,,,,,,,,,,,,,,,,,,,,,,,,,,,,,,,,,,,,,,,,,,,,,,,,,,
2013-09-03,1001.6,1003.0,2013-09-03T23:46:00,999.6,2013-09-03T15:35:00,26.0,33.3,2013-09-03T12:40:00,21.2,2013-09-03T04:16:00,82,51.0,2013-09-03T13:03:00,0.6,16,5.6,304.0,2013-09-03T16:33:00,0.0,,,,,,,,,,,,,,,,,,,,,,,,,,,98.0,2013-09-03T04:34:00,,,,,,,,,,,,,,,,,,,,,,,,,,,,,,,,,,,,,,,,,,,,,,,,,,,,,,,,,,,,,,,,,,,,,
2013-09-04,1002.5,1004.1,2013-09-04T22:22:00,1001.3,2013-09-04T13:01:00,25.9,32.3,2013-09-04T12:37:00,22.4,2013-09-04T04:25:00,82,53.0,2013-09-04T12:46:00,1.1,48,5.2,268.0,2013-09-04T15:39:00,0.0,,,,,,,,,,,,,,,,,,,,,,,,,,,97.0,2013-09-04T00:06:00,,,,,,,,,,,,,,,,,,,,,,,,,,,,,,,,,,,,,,,,,,,,,,,,,,,,,,,,,,,,,,,,,,,,,
2013-09-05,1003.8,1006.0,2013-09-05T23:07:00,1002.0,2013-09-05T15:01:00,26.9,33.7,2013-09-05T13:22:00,21.5,2013-09-05T05:28:00,76,49.0,2013-09-05T12:46:00,0.9,60,5.0,329.0,2013-09-05T16:09:00,0.0,,,,,,,,,,,,,,,,,,,,,,,,,,,95.0,2013-09-05T05:37:00,,,,,,,,,,,,,,,,,,,,,,,,,,,,,,,,,,,,,,,,,,,,,,,,,,,,,,,,,,,,,,,,,,,,,
2013-09-06,1005.3,1006.6,2013-09-06T22:31:00,1003.7,2013-09-06T16:06:00,27.5,33.6,2013-09-06T12:31:00,23.1,2013-09-06T03:47:00,74,45.0,2013-09-06T15:41:00,0.9,56,4.9,297.0,2013-09-06T15:11:00,0.0,,,,,,,,,,,,,,,,,,,,,,,,,,,94.0,2013-09-06T03:52:00,,,,,,,,,,,,,,,,,,,,,,,,,,,,,,,,,,,,,,,,,,,,,,,,,,,,,,,,,,,,,,,,,,,,,
2013-09-07,1005.4,1006.8,2013-09-07T21:35:00,1003.5,2013-09-07T14:16:00,27.6,34.7,2013-09-07T12:20:00,23.2,2013-09-07T02:41:00,79,46.0,2013-09-07T11:20:00,0.8,35,4.2,280.0,2013-09-07T13:56:00,0.0,,,,,,,,,,,,,,,,,,,,,,,,,,,96.0,2013-09-07T02:52:00,,,,,,,,,,,,,,,,,,,,,,,,,,,,,,,,,,,,,,,,,,,,,,,,,,,,,,,,,,,,,,,,,,,,,
2013-09-08,1005.2,1006.5,2013-09-08T08:01:00,1003.3,2013-09-08T14:55:00,27.9,33.8,2013-09-08T14:20:00,23.5,2013-09-08T05:48:00,80,52.0,2013-09-08T10:47:00,0.7,50,4.2,55.0,2013-09-08T07:03:00,0.0,,,,,,,,,,,,,,,,,,,,,,,,,,,94.0,2013-09-08T23:47:00,,,,,,,,,,,,,,,,,,,,,,,,,,,,,,,,,,,,,,,,,,,,,,,,,,,,,,,,,,,,,,,,,,,,,
2013-09-09,1004.3,1006.3,2013-09-09T00:01:00,1001.7,2013-09-09T15:24:00,28.4,35.0,2013-09-09T13:35:00,23.9,2013-09-09T05:57:00,80,52.0,2013-09-09T13:35:00,0.9,48,6.1,277.0,2013-09-09T16:11:00,0.0,,,,,,,,,,,,,,,,,,,,,,,,,,,97.0,2013-09-09T06:16:00,,,,,,,,,,,,,,,,,,,,,,,,,,,,,,,,,,,,,,,,,,,,,,,,,,,,,,,,,,,,,,,,,,,,,
2013-09-10,1003.0,1004.5,2013-09-10T00:01:00,1001.0,2013-09-10T15:37:00,28.1,35.1,2013-09-10T12:31:00,23.3,2013-09-10T05:47:00,80,50.0,2013-09-10T12:35:00,0.8,68,5.8,327.0,2013-09-10T14:13:00,0.0,,,,,,,,,,,,,,,,,,,,,,,,,,,97.0,2013-09-10T05:33:00,,,,,,,,,,,,,,,,,,,,,,,,,,,,,,,,,,,,,,,,,,,,,,,,,,,,,,,,,,,,,,,,,,,,,
2013-09-11,1003.4,1005.0,2013-09-11T22:01:00,1001.6,2013-09-11T15:17:00,27.8,34.6,2013-09-11T12:33:00,24.0,2013-09-11T05:46:00,81,50.0,2013-09-11T13:08:00,1.0,52,5.6,342.0,2013-09-11T17:07:00,0.5,,,,,,,,,,,,,,,,,,,,,,,,,,,96.0,2013-09-11T23:04:00,,,,,,,,,,,,,,,,,,,,,,,,,,,,,,,,,,,,,,,,,,,,,,,,,,,,,,,,,,,,,,,,,,,,,
2013-09-12,1003.9,1005.8,2013-09-12T20:38:00,1002.8,2013-09-12T03:31:00,26.3,31.9,2013-09-12T10:01:00,23.9,2013-09-12T18:05:00,88,63.0,2013-09-12T10:01:00,0.7,56,5.5,323.0,2013-09-12T16:39:00,2.5,,,,,,,,,,,,,,,,,,,,,,,,,,,97.0,2013-09-12T04:10:00,,,,,,,,,,,,,,,,,,,,,,,,,,,,,,,,,,,,,,,,,,,,,,,,,,,,,,,,,,,,,,,,,,,,,
2013-09-13,1002.1,1004.0,2013-09-13T00:01:00,1000.0,2013-09-13T13:49:00,26.6,34.7,2013-09-13T12:34:00,23.1,2013-09-13T04:17:00,84,48.0,2013-09-13T12:55:00,1.0,55,5.1,315.0,2013-09-13T14:18:00,1.5,,,,,,,,,,,,,,,,,,,,,,,,,,,96.0,2013-09-13T20:34:00,,,,,,,,,,,,,,,,,,,,,,,,,,,,,,,,,,,,,,,,,,,,,,,,,,,,,,,,,,,,,,,,,,,,,
2013-09-14,999.0,1001.5,2013-09-14T00:01:00,996.5,2013-09-14T14:53:00,26.3,34.6,2013-09-14T12:02:00,22.8,2013-09-14T05:32:00,85,50.0,2013-09-14T11:33:00,1.0,54,9.9,57.0,2013-09-14T16:02:00,19.5,,,,,,,,,,,,,,,,,,,,,,,,,,,97.0,2013-09-14T23:44:00,,,,,,,,,,,,,,,,,,,,,,,,,,,,,,,,,,,,,,,,,,,,,,,,,,,,,,,,,,,,,,,,,,,,,
2013-09-15,998.1,999.7,2013-09-15T21:31:00,995.3,2013-09-15T14:47:00,26.5,34.3,2013-09-15T12:42:00,23.5,2013-09-15T00:02:00,87,55.0,2013-09-15T12:21:00,0.7,41,10.0,352.0,2013-09-15T15:29:00,22.5,,,,,,,,,,,,,,,,,,,,,,,,,,,97.0,2013-09-15T15:56:00,,,,,,,,,,,,,,,,,,,,,,,,,,,,,,,,,,,,,,,,,,,,,,,,,,,,,,,,,,,,,,,,,,,,,
2013-09-16,999.4,1000.6,2013-09-16T22:31:00,997.2,2013-09-16T15:02:00,26.6,34.4,2013-09-16T13:02:00,23.6,2013-09-16T22:17:00,86,52.0,2013-09-16T13:18:00,0.9,21,7.1,142.0,2013-09-16T16:27:00,24.5,,,,,,,,,,,,,,,,,,,,,,,,,,,98.0,2013-09-16T23:05:00,,,,,,,,,,,,,,,,,,,,,,,,,,,,,,,,,,,,,,,,,,,,,,,,,,,,,,,,,,,,,,,,,,,,,
2013-09-17,1000.3,1001.5,2013-09-17T21:26:00,998.5,2013-09-17T14:01:00,26.8,33.2,2013-09-17T12:46:00,22.6,2013-09-17T05:33:00,81,52.0,2013-09-17T14:51:00,1.0,67,5.6,337.0,2013-09-17T12:40:00,0.0,,,,,,,,,,,,,,,,,,,,,,,,,,,97.0,2013-09-17T00:01:00,,,,,,,,,,,,,,,,,,,,,,,,,,,,,,,,,,,,,,,,,,,,,,,,,,,,,,,,,,,,,,,,,,,,,
2013-09-18,1000.0,1001.5,2013-09-18T07:46:00,997.7,2013-09-18T15:36:00,26.9,33.9,2013-09-18T12:47:00,21.6,2013-09-18T05:46:00,81,52.0,2013-09-18T15:36:00,0.8,27,7.5,10.0,2013-09-18T12:59:00,0.0,,,,,,,,,,,,,,,,,,,,,,,,,,,97.0,2013-09-18T03:47:00,,,,,,,,,,,,,,,,,,,,,,,,,,,,,,,,,,,,,,,,,,,,,,,,,,,,,,,,,,,,,,,,,,,,,
2013-09-19,998.4,1000.6,2013-09-19T01:35:00,996.1,2013-09-19T14:16:00,27.9,35.4,2013-09-19T13:50:00,22.2,2013-09-19T04:44:00,78,45.0,2013-09-19T13:31:00,0.9,49,5.1,45.0,2013-09-19T03:51:00,0.5,,,,,,,,,,,,,,,,,,,,,,,,,,,96.0,2013-09-19T02:32:00,,,,,,,,,,,,,,,,,,,,,,,,,,,,,,,,,,,,,,,,,,,,,,,,,,,,,,,,,,,,,,,,,,,,,
2013-09-20,992.8,998.0,2013-09-20T00:01:00,988.0,2013-09-20T23:53:00,27.5,33.3,2013-09-20T11:37:00,23.8,2013-09-20T05:46:00,86,59.0,2013-09-20T11:37:00,0.6,37,4.1,344.0,2013-09-20T12:23:00,0.0,,,,,,,,,,,,,,,,,,,,,,,,,,,96.0,2013-09-20T06:01:00,,,,,,,,,,,,,,,,,,,,,,,,,,,,,,,,,,,,,,,,,,,,,,,,,,,,,,,,,,,,,,,,,,,,,
2013-09-21,982.6,988.0,2013-09-21T00:01:00,977.8,2013-09-21T14:39:00,25.3,27.4,2013-09-21T12:16:00,23.9,2013-09-21T22:46:00,93,80.0,2013-09-21T12:24:00,1.1,141,6.0,48.0,2013-09-21T17:07:00,6.0,,,,,,,,,,,,,,,,,,,,,,,,,,,97.0,2013-09-21T04:04:00,,,,,,,,,,,,,,,,,,,,,,,,,,,,,,,,,,,,,,,,,,,,,,,,,,,,,,,,,,,,,,,,,,,,,
2013-09-22,990.9,996.3,2013-09-22T23:33:00,983.8,2013-09-22T02:01:00,25.0,26.9,2013-09-22T09:33:00,23.5,2013-09-22T03:05:00,94,87.0,2013-09-22T08:46:00,1.1,50,6.2,40.0,2013-09-22T01:10:00,10.5,,,,,,,,,,,,,,,,,,,,,,,,,,,97.0,2013-09-22T03:49:00,,,,,,,,,,,,,,,,,,,,,,,,,,,,,,,,,,,,,,,,,,,,,,,,,,,,,,,,,,,,,,,,,,,,,
2013-09-23,998.3,1000.5,2013-09-23T21:01:00,996.0,2013-09-23T00:34:00,26.6,32.6,2013-09-23T12:41:00,22.9,2013-09-23T05:01:00,86,63.0,2013-09-23T12:36:00,1.0,45,6.4,355.0,2013-09-23T13:07:00,0.0,,,,,,,,,,,,,,,,,,,,,,,,,,,98.0,2013-09-23T06:02:00,,,,,,,,,,,,,,,,,,,,,,,,,,,,,,,,,,,,,,,,,,,,,,,,,,,,,,,,,,,,,,,,,,,,,
2013-09-24,1000.1,1001.7,2013-09-24T22:16:00,998.6,2013-09-24T15:01:00,26.4,31.9,2013-09-24T12:17:00,24.0,2013-09-24T01:16:00,90,65.0,2013-09-24T12:19:00,0.6,34,3.7,194.0,2013-09-24T13:57:00,0.0,,,,,,,,,,,,,,,,,,,,,,,,,,,97.0,2013-09-24T03:32:00,,,,,,,,,,,,,,,,,,,,,,,,,,,,,,,,,,,,,,,,,,,,,,,,,,,,,,,,,,,,,,,,,,,,,
2013-09-25,1001.8,1004.2,2013-09-25T21:22:00,1000.1,2013-09-25T13:19:00,26.6,33.8,2013-09-25T10:50:00,23.2,2013-09-25T05:32:00,85,53.0,2013-09-25T11:34:00,0.8,61,5.2,266.0,2013-09-25T14:52:00,14.5,,,,,,,,,,,,,,,,,,,,,,,,,,,97.0,2013-09-25T20:18:00,,,,,,,,,,,,,,,,,,,,,,,,,,,,,,,,,,,,,,,,,,,,,,,,,,,,,,,,,,,,,,,,,,,,,
2013-09-26,1003.4,1004.8,2013-09-26T20:46:00,1001.6,2013-09-26T14:54:00,25.8,32.2,2013-09-26T10:01:00,22.2,2013-09-26T05:50:00,88,56.0,2013-09-26T11:22:00,0.7,41,4.1,60.0,2013-09-26T02:25:00,25.5,,,,,,,,,,,,,,,,,,,,,,,,,,,97.0,2013-09-26T23:16:00,,,,,,,,,,,,,,,,,,,,,,,,,,,,,,,,,,,,,,,,,,,,,,,,,,,,,,,,,,,,,,,,,,,,,
2013-09-27,1002.8,1004.5,2013-09-27T07:31:00,1000.5,2013-09-27T16:02:00,26.1,32.5,2013-09-27T14:34:00,22.6,2013-09-27T00:46:00,85,58.0,2013-09-27T14:18:00,0.7,337,5.2,19.0,2013-09-27T17:20:00,0.0,,,,,,,,,,,,,,,,,,,,,,,,,,,98.0,2013-09-27T06:19:00,,,,,,,,,,,,,,,,,,,,,,,,,,,,,,,,,,,,,,,,,,,,,,,,,,,,,,,,,,,,,,,,,,,,,
2013-09-28,1001.0,1003.0,2013-09-28T00:01:00,998.7,2013-09-28T15:22:00,26.2,32.4,2013-09-28T13:52:00,22.5,2013-09-28T04:49:00,85,55.0,2013-09-28T12:17:00,0.7,29,5.1,327.0,2013-09-28T17:25:00,0.0,,,,,,,,,,,,,,,,,,,,,,,,,,,98.0,2013-09-28T05:03:00,,,,,,,,,,,,,,,,,,,,,,,,,,,,,,,,,,,,,,,,,,,,,,,,,,,,,,,,,,,,,,,,,,,,,
2013-09-29,1000.6,1002.3,2013-09-29T21:26:00,999.0,2013-09-29T15:01:00,27.5,33.6,2013-09-29T13:01:00,23.0,2013-09-29T05:19:00,80,52.0,2013-09-29T13:08:00,0.8,57,5.0,323.0,2013-09-29T16:56:00,0.0,,,,,,,,,,,,,,,,,,,,,,,,,,,97.0,2013-09-29T00:23:00,,,,,,,,,,,,,,,,,,,,,,,,,,,,,,,,,,,,,,,,,,,,,,,,,,,,,,,,,,,,,,,,,,,,,
2013-09-30,1001.9,1004.0,2013-09-30T21:10:00,1000.5,2013-09-30T14:37:00,27.7,34.5,2013-09-30T13:47:00,24.5,2013-09-30T05:31:00,83,49.0,2013-09-30T13:49:00,0.8,6,4.1,280.0,2013-09-30T15:02:00,0.0,,,,,,,,,,,,,,,,,,,,,,,,,,,96.0,2013-09-30T21:10:00,,,,,,,,,,,,,,,,,,,,,,,,,,,,,,,,,,,,,,,,,,,,,,,,,,,,,,,,,,,,,,,,,,,,,
2013-10-01,1003.3,1004.6,2013-10-01T08:25:00,1001.2,2013-10-01T14:36:00,26.9,33.2,2013-10-01T11:56:00,23.6,2013-10-01T03:54:00,85,55.0,2013-10-01T11:23:00,0.6,64,3.2,227.0,2013-10-01T17:15:00,0.5,,,,,,,,,,,,,,,,,,,,,,,,,,,95.0,2013-10-01T05:49:00,,,,,,,,,,,,,,,,,,,,,,,,,,,,,,,,,,,,,,,,,,,,,,,,,,,,,,,,,,,,,,,,,,,,,
2013-10-02,1002.8,1004.0,2013-10-02T09:03:00,1000.6,2013-10-02T14:33:00,26.1,32.5,2013-10-02T12:11:00,21.1,2013-10-02T21:46:00,81,58.0,2013-10-02T10:48:00,0.8,3,7.1,319.0,2013-10-02T15:20:00,0.0,,,,,,,,,,,,,,,,,,,,,,,,,,,97.0,2013-10-02T03:01:00,,,,,,,,,,,,,,,,,,,,,,,,,,,,,,,,,,,,,,,,,,,,,,,,,,,,,,,,,,,,,,,,,,,,,
2013-10-03,1002.7,1004.5,2013-10-03T09:17:00,1001.1,2013-10-03T14:11:00,24.5,31.7,2013-10-03T13:21:00,20.7,2013-10-03T05:24:00,76,44.0,2013-10-03T13:12:00,0.6,10,5.6,1.0,2013-10-03T17:15:00,0.0,,,,,,,,,,,,,,,,,,,,,,,,,,,96.0,2013-10-03T06:26:00,,,,,,,,,,,,,,,,,,,,,,,,,,,,,,,,,,,,,,,,,,,,,,,,,,,,,,,,,,,,,,,,,,,,,
2013-10-04,1001.5,1003.5,2013-10-04T07:32:00,999.2,2013-10-04T14:33:00,24.2,31.1,2013-10-04T13:01:00,18.6,2013-10-04T05:18:00,76,47.0,2013-10-04T13:01:00,1.0,348,6.9,6.0,2013-10-04T16:24:00,0.0,,,,,,,,,,,,,,,,,,,,,,,,,,,95.0,2013-10-04T05:39:00,,,,,,,,,,,,,,,,,,,,,,,,,,,,,,,,,,,,,,,,,,,,,,,,,,,,,,,,,,,,,,,,,,,,,
2013-10-05,998.7,1001.5,2013-10-05T00:01:00,996.1,2013-10-05T16:38:00,24.9,31.8,2013-10-05T13:05:00,19.4,2013-10-05T06:01:00,79,47.0,2013-10-05T13:16:00,1.0,9,7.6,323.0,2013-10-05T16:45:00,0.0,,,,,,,,,,,,,,,,,,,,,,,,,,,97.0,2013-10-05T06:29:00,,,,,,,,,,,,,,,,,,,,,,,,,,,,,,,,,,,,,,,,,,,,,,,,,,,,,,,,,,,,,,,,,,,,,
2013-10-06,994.8,997.3,2013-10-06T00:01:00,992.8,2013-10-06T15:16:00,24.7,27.5,2013-10-06T20:18:00,22.1,2013-10-06T01:18:00,81,60.0,2013-10-06T21:07:00,3.3,8,15.3,28.0,2013-10-06T12:21:00,0.0,,,,,,,,,,,,,,,,,,,,,,,,,,,91.0,2013-10-06T01:18:00,,,,,,,,,,,,,,,,,,,,,,,,,,,,,,,,,,,,,,,,,,,,,,,,,,,,,,,,,,,,,,,,,,,,,
2013-10-07,996.0,998.7,2013-10-07T23:16:00,993.8,2013-10-07T14:26:00,26.6,34.6,2013-10-07T13:20:00,22.2,2013-10-07T01:16:00,79,42.0,2013-10-07T12:48:00,0.6,182,4.6,332.0,2013-10-07T14:30:00,0.0,,,,,,,,,,,,,,,,,,,,,,,,,,,95.0,2013-10-07T23:40:00,,,,,,,,,,,,,,,,,,,,,,,,,,,,,,,,,,,,,,,,,,,,,,,,,,,,,,,,,,,,,,,,,,,,,
2013-10-08,1000.2,1002.8,2013-10-08T21:48:00,998.5,2013-10-08T13:40:00,26.4,33.2,2013-10-08T14:16:00,22.1,2013-10-08T05:51:00,79,43.0,2013-10-08T14:21:00,0.8,58,4.4,225.0,2013-10-08T14:06:00,0.0,,,,,,,,,,,,,,,,,,,,,,,,,,,96.0,2013-10-08T02:52:00,,,,,,,,,,,,,,,,,,,,,,,,,,,,,,,,,,,,,,,,,,,,,,,,,,,,,,,,,,,,,,,,,,,,,
2013-10-09,1003.4,1005.0,2013-10-09T21:06:00,1001.8,2013-10-09T13:27:00,26.5,34.1,2013-10-09T13:32:00,21.9,2013-10-09T05:51:00,82,49.0,2013-10-09T13:02:00,0.8,5,5.6,325.0,2013-10-09T15:31:00,0.5,,,,,,,,,,,,,,,,,,,,,,,,,,,96.0,2013-10-09T06:25:00,,,,,,,,,,,,,,,,,,,,,,,,,,,,,,,,,,,,,,,,,,,,,,,,,,,,,,,,,,,,,,,,,,,,,
2013-10-10,1003.9,1006.0,2013-10-10T07:31:00,1001.7,2013-10-10T14:33:00,26.7,33.4,2013-10-10T13:31:00,22.1,2013-10-10T04:20:00,82,53.0,2013-10-10T12:49:00,0.8,5,5.6,3.0,2013-10-10T14:47:00,0.0,,,,,,,,,,,,,,,,,,,,,,,,,,,97.0,2013-10-10T05:17:00,,,,,,,,,,,,,,,,,,,,,,,,,,,,,,,,,,,,,,,,,,,,,,,,,,,,,,,,,,,,,,,,,,,,,
2013-10-11,1001.9,1004.0,2013-10-11T00:01:00,1000.0,2013-10-11T15:11:00,26.6,33.5,2013-10-11T13:04:00,22.6,2013-10-11T05:06:00,83,53.0,2013-10-11T12:46:00,0.7,16,5.0,316.0,2013-10-11T16:21:00,0.0,,,,,,,,,,,,,,,,,,,,,,,,,,,97.0,2013-10-11T05:34:00,,,,,,,,,,,,,,,,,,,,,,,,,,,,,,,,,,,,,,,,,,,,,,,,,,,,,,,,,,,,,,,,,,,,,
2013-10-12,1001.1,1002.3,2013-10-12T20:47:00,999.2,2013-10-12T13:52:00,26.6,33.8,2013-10-12T13:16:00,23.1,2013-10-12T05:28:00,81,53.0,2013-10-12T13:19:00,0.7,38,4.7,176.0,2013-10-12T14:52:00,0.0,,,,,,,,,,,,,,,,,,,,,,,,,,,97.0,2013-10-12T06:16:00,,,,,,,,,,,,,,,,,,,,,,,,,,,,,,,,,,,,,,,,,,,,,,,,,,,,,,,,,,,,,,,,,,,,,
2013-10-13,1002.4,1004.1,2013-10-13T21:56:00,1000.5,2013-10-13T14:02:00,26.9,32.7,2013-10-13T12:18:00,23.6,2013-10-13T23:51:00,79,50.0,2013-10-13T12:18:00,0.7,19,4.5,5.0,2013-10-13T16:19:00,0.0,,,,,,,,,,,,,,,,,,,,,,,,,,,93.0,2013-10-13T23:16:00,,,,,,,,,,,,,,,,,,,,,,,,,,,,,,,,,,,,,,,,,,,,,,,,,,,,,,,,,,,,,,,,,,,,,
2013-10-14,1003.1,1004.7,2013-10-14T20:46:00,1001.0,2013-10-14T14:03:00,26.2,33.3,2013-10-14T12:22:00,21.7,2013-10-14T05:32:00,81,47.0,2013-10-14T11:27:00,0.9,313,7.5,275.0,2013-10-14T15:34:00,0.0,,,,,,,,,,,,,,,,,,,,,,,,,,,96.0,2013-10-14T05:16:00,,,,,,,,,,,,,,,,,,,,,,,,,,,,,,,,,,,,,,,,,,,,,,,,,,,,,,,,,,,,,,,,,,,,,
2013-10-15,1004.2,1007.1,2013-10-15T22:46:00,1002.1,2013-10-15T14:20:00,25.2,33.3,2013-10-15T13:35:00,21.4,2013-10-15T05:20:00,81,44.0,2013-10-15T13:35:00,0.7,27,4.2,334.0,2013-10-15T16:28:00,0.0,,,,,,,,,,,,,,,,,,,,,,,,,,,96.0,2013-10-15T05:55:00,,,,,,,,,,,,,,,,,,,,,,,,,,,,,,,,,,,,,,,,,,,,,,,,,,,,,,,,,,,,,,,,,,,,,
2013-10-16,1008.6,1011.5,2013-10-16T22:48:00,1006.3,2013-10-16T01:43:00,23.4,30.7,2013-10-16T12:19:00,17.2,2013-10-16T23:32:00,75,48.0,2013-10-16T14:46:00,0.9,5,6.6,347.0,2013-10-16T14:26:00,0.0,,,,,,,,,,,,,,,,,,,,,,,,,,,96.0,2013-10-16T03:51:00,,,,,,,,,,,,,,,,,,,,,,,,,,,,,,,,,,,,,,,,,,,,,,,,,,,,,,,,,,,,,,,,,,,,,
2013-10-17,1010.2,1012.5,2013-10-17T08:46:00,1008.0,2013-10-17T14:46:00,22.5,31.2,2013-10-17T13:28:00,16.6,2013-10-17T04:22:00,77,42.0,2013-10-17T12:48:00,0.5,352,4.6,248.0,2013-10-17T15:35:00,0.0,,,,,,,,,,,,,,,,,,,,,,,,,,,96.0,2013-10-17T05:43:00,,,,,,,,,,,,,,,,,,,,,,,,,,,,,,,,,,,,,,,,,,,,,,,,,,,,,,,,,,,,,,,,,,,,,
2013-10-18,1009.1,1011.2,2013-10-18T08:01:00,1006.8,2013-10-18T15:20:00,24.1,32.2,2013-10-18T12:38:00,18.6,2013-10-18T03:47:00,76,40.0,2013-10-18T12:42:00,0.6,35,4.4,282.0,2013-10-18T12:15:00,0.0,,,,,,,,,,,,,,,,,,,,,,,,,,,96.0,2013-10-18T05:01:00,,,,,,,,,,,,,,,,,,,,,,,,,,,,,,,,,,,,,,,,,,,,,,,,,,,,,,,,,,,,,,,,,,,,,
2013-10-19,1008.0,1009.8,2013-10-19T08:16:00,1006.0,2013-10-19T14:17:00,24.9,32.7,2013-10-19T12:47:00,20.5,2013-10-19T05:07:00,78,42.0,2013-10-19T12:01:00,0.7,242,5.8,332.0,2013-10-19T18:11:00,0.0,,,,,,,,,,,,,,,,,,,,,,,,,,,96.0,2013-10-19T06:31:00,,,,,,,,,,,,,,,,,,,,,,,,,,,,,,,,,,,,,,,,,,,,,,,,,,,,,,,,,,,,,,,,,,,,,
2013-10-20,1005.9,1008.0,2013-10-20T08:37:00,1003.5,2013-10-20T15:06:00,24.5,31.8,2013-10-20T12:01:00,20.4,2013-10-20T23:31:00,80,49.0,2013-10-20T12:01:00,0.8,220,6.1,352.0,2013-10-20T14:43:00,0.0,,,,,,,,,,,,,,,,,,,,,,,,,,,96.0,2013-10-20T04:17:00,,,,,,,,,,,,,,,,,,,,,,,,,,,,,,,,,,,,,,,,,,,,,,,,,,,,,,,,,,,,,,,,,,,,,
2013-10-21,1004.9,1006.5,2013-10-21T22:40:00,1002.8,2013-10-21T14:02:00,23.6,30.4,2013-10-21T13:37:00,19.1,2013-10-21T23:46:00,80,54.0,2013-10-21T11:32:00,0.8,10,6.6,325.0,2013-10-21T16:22:00,0.0,,,,,,,,,,,,,,,,,,,,,,,,,,,96.0,2013-10-21T05:19:00,,,,,,,,,,,,,,,,,,,,,,,,,,,,,,,,,,,,,,,,,,,,,,,,,,,,,,,,,,,,,,,,,,,,,
2013-10-22,1005.3,1006.8,2013-10-22T08:13:00,1003.5,2013-10-22T14:04:00,22.2,29.8,2013-10-22T12:47:00,17.7,2013-10-22T05:04:00,79,48.0,2013-10-22T14:02:00,0.8,276,6.6,339.0,2013-10-22T13:54:00,0.0,,,,,,,,,,,,,,,,,,,,,,,,,,,96.0,2013-10-22T06:16:00,,,,,,,,,,,,,,,,,,,,,,,,,,,,,,,,,,,,,,,,,,,,,,,,,,,,,,,,,,,,,,,,,,,,,
2013-10-23,1003.5,1005.5,2013-10-23T08:33:00,1001.2,2013-10-23T14:40:00,21.5,29.5,2013-10-23T11:54:00,17.5,2013-10-23T23:01:00,80,51.0,2013-10-23T12:01:00,0.7,358,7.4,2.0,2013-10-23T16:13:00,0.0,,,,,,,,,,,,,,,,,,,,,,,,,,,96.0,2013-10-23T03:01:00,,,,,,,,,,,,,,,,,,,,,,,,,,,,,,,,,,,,,,,,,,,,,,,,,,,,,,,,,,,,,,,,,,,,,
2013-10-24,1001.8,1004.0,2013-10-24T08:05:00,999.0,2013-10-24T14:52:00,21.8,28.8,2013-10-24T13:02:00,16.8,2013-10-24T02:16:00,77,53.0,2013-10-24T12:33:00,1.0,359,9.4,349.0,2013-10-24T15:17:00,0.0,,,,,,,,,,,,,,,,,,,,,,,,,,,97.0,2013-10-24T03:21:00,,,,,,,,,,,,,,,,,,,,,,,,,,,,,,,,,,,,,,,,,,,,,,,,,,,,,,,,,,,,,,,,,,,,,
2013-10-25,1004.4,1007.0,2013-10-25T21:52:00,1002.2,2013-10-25T03:07:00,20.7,27.0,2013-10-25T13:32:00,16.7,2013-10-25T23:48:00,77,56.0,2013-10-25T13:33:00,0.4,95,3.4,249.0,2013-10-25T12:08:00,0.0,,,,,,,,,,,,,,,,,,,,,,,,,,,93.0,2013-10-25T03:52:00,,,,,,,,,,,,,,,,,,,,,,,,,,,,,,,,,,,,,,,,,,,,,,,,,,,,,,,,,,,,,,,,,,,,,
2013-10-26,1008.3,1010.5,2013-10-26T21:09:00,1006.5,2013-10-26T01:31:00,20.6,28.9,2013-10-26T12:20:00,15.1,2013-10-26T05:46:00,75,43.0,2013-10-26T12:49:00,0.6,325,6.6,355.0,2013-10-26T15:32:00,0.0,,,,,,,,,,,,,,,,,,,,,,,,,,,96.0,2013-10-26T06:23:00,,,,,,,,,,,,,,,,,,,,,,,,,,,,,,,,,,,,,,,,,,,,,,,,,,,,,,,,,,,,,,,,,,,,,
2013-10-27,1009.9,1011.7,2013-10-27T09:01:00,1008.0,2013-10-27T15:16:00,20.1,29.7,2013-10-27T13:17:00,14.6,2013-10-27T06:01:00,78,40.0,2013-10-27T13:17:00,0.6,17,4.7,259.0,2013-10-27T14:30:00,0.0,,,,,,,,,,,,,,,,,,,,,,,,,,,96.0,2013-10-27T04:46:00,,,,,,,,,,,,,,,,,,,,,,,,,,,,,,,,,,,,,,,,,,,,,,,,,,,,,,,,,,,,,,,,,,,,,
2013-10-28,1010.5,1012.6,2013-10-28T08:31:00,1008.2,2013-10-28T13:47:00,21.4,30.5,2013-10-28T13:02:00,15.9,2013-10-28T03:39:00,72,33.0,2013-10-28T11:54:00,1.0,56,5.0,256.0,2013-10-28T14:19:00,0.0,,,,,,,,,,,,,,,,,,,,,,,,,,,94.0,2013-10-28T23:50:00,,,,,,,,,,,,,,,,,,,,,,,,,,,,,,,,,,,,,,,,,,,,,,,,,,,,,,,,,,,,,,,,,,,,,
2013-10-29,1010.0,1012.5,2013-10-29T08:37:00,1007.8,2013-10-29T14:17:00,22.3,30.7,2013-10-29T13:01:00,16.0,2013-10-29T01:50:00,71,34.0,2013-10-29T12:31:00,1.0,63,5.3,342.0,2013-10-29T16:41:00,0.0,,,,,,,,,,,,,,,,,,,,,,,,,,,96.0,2013-10-29T02:22:00,,,,,,,,,,,,,,,,,,,,,,,,,,,,,,,,,,,,,,,,,,,,,,,,,,,,,,,,,,,,,,,,,,,,,
2013-10-30,1008.3,1010.2,2013-10-30T08:16:00,1005.8,2013-10-30T15:01:00,23.2,31.5,2013-10-30T13:33:00,17.2,2013-10-30T06:07:00,74,39.0,2013-10-30T14:16:00,0.8,53,5.3,298.0,2013-10-30T16:08:00,0.0,,,,,,,,,,,,,,,,,,,,,,,,,,,95.0,2013-10-30T06:50:00,,,,,,,,,,,,,,,,,,,,,,,,,,,,,,,,,,,,,,,,,,,,,,,,,,,,,,,,,,,,,,,,,,,,,
2013-10-31,1006.7,1009.0,2013-10-31T08:01:00,1004.0,2013-10-31T15:31:00,23.0,30.4,2013-10-31T12:17:00,17.1,2013-10-31T05:31:00,77,46.0,2013-10-31T13:48:00,0.7,299,6.1,343.0,2013-10-31T14:29:00,0.0,,,,,,,,,,,,,,,,,,,,,,,,,,,96.0,2013-10-31T06:46:00,,,,,,,,,,,,,,,,,,,,,,,,,,,,,,,,,,,,,,,,,,,,,,,,,,,,,,,,,,,,,,,,,,,,,
2013-11-01,1004.9,1006.6,2013-11-01T09:27:00,1003.0,2013-11-01T15:01:00,23.7,32.4,2013-11-01T13:38:00,19.1,2013-11-01T05:04:00,83,47.0,2013-11-01T13:32:00,0.6,16,3.8,302.0,2013-11-01T16:20:00,0.0,,,,,,,,,,,,,,,,,,,,,,,,,,,96.0,2013-11-01T04:32:00,,,,,,,,,,,,,,,,,,,,,,,,,,,,,,,,,,,,,,,,,,,,,,,,,,,,,,,,,,,,,,,,,,,,,
2013-11-02,1006.1,1008.2,2013-11-02T09:49:00,1004.5,2013-11-02T03:04:00,23.4,29.6,2013-11-02T13:51:00,20.5,2013-11-02T01:01:00,91,65.0,2013-11-02T14:06:00,0.6,12,4.2,66.0,2013-11-02T06:21:00,2.5,,,,,,,,,,,,,,,,,,,,,,,,,,,97.0,2013-11-02T23:39:00,,,,,,,,,,,,,,,,,,,,,,,,,,,,,,,,,,,,,,,,,,,,,,,,,,,,,,,,,,,,,,,,,,,,,
2013-11-03,1006.6,1008.1,2013-11-03T22:04:00,1004.6,2013-11-03T14:46:00,24.8,30.7,2013-11-03T13:19:00,21.6,2013-11-03T06:16:00,87,61.0,2013-11-03T13:19:00,0.4,311,3.7,317.0,2013-11-03T12:18:00,0.0,,,,,,,,,,,,,,,,,,,,,,,,,,,98.0,2013-11-03T05:46:00,,,,,,,,,,,,,,,,,,,,,,,,,,,,,,,,,,,,,,,,,,,,,,,,,,,,,,,,,,,,,,,,,,,,,
2013-11-04,1008.5,1010.5,2013-11-04T22:08:00,1006.6,2013-11-04T14:49:00,24.9,31.7,2013-11-04T14:17:00,21.4,2013-11-04T22:39:00,84,57.0,2013-11-04T14:19:00,0.5,264,3.9,329.0,2013-11-04T16:16:00,0.0,,,,,,,,,,,,,,,,,,,,,,,,,,,96.0,2013-11-04T05:02:00,,,,,,,,,,,,,,,,,,,,,,,,,,,,,,,,,,,,,,,,,,,,,,,,,,,,,,,,,,,,,,,,,,,,,
2013-11-05,1009.6,1011.5,2013-11-05T09:19:00,1008.0,2013-11-05T15:19:00,23.6,30.6,2013-11-05T10:19:00,20.6,2013-11-05T05:01:00,87,59.0,2013-11-05T10:19:00,0.4,329,3.1,286.0,2013-11-05T12:31:00,0.0,,,,,,,,,,,,,,,,,,,,,,,,,,,97.0,2013-11-05T06:37:00,,,,,,,,,,,,,,,,,,,,,,,,,,,,,,,,,,,,,,,,,,,,,,,,,,,,,,,,,,,,,,,,,,,,,
2013-11-06,1009.8,1011.5,2013-11-06T08:18:00,1007.8,2013-11-06T14:10:00,24.2,30.2,2013-11-06T14:06:00,20.7,2013-11-06T00:31:00,86,59.0,2013-11-06T13:32:00,0.5,19,4.3,305.0,2013-11-06T17:07:00,0.0,,,,,,,,,,,,,,,,,,,,,,,,,,,97.0,2013-11-06T01:31:00,,,,,,,,,,,,,,,,,,,,,,,,,,,,,,,,,,,,,,,,,,,,,,,,,,,,,,,,,,,,,,,,,,,,,
2013-11-07,1008.9,1011.0,2013-11-07T08:19:00,1006.6,2013-11-07T14:31:00,24.3,31.1,2013-11-07T12:56:00,20.8,2013-11-07T00:33:00,84,56.0,2013-11-07T12:56:00,0.4,248,3.4,345.0,2013-11-07T16:06:00,0.0,,,,,,,,,,,,,,,,,,,,,,,,,,,97.0,2013-11-07T01:46:00,,,,,,,,,,,,,,,,,,,,,,,,,,,,,,,,,,,,,,,,,,,,,,,,,,,,,,,,,,,,,,,,,,,,,
2013-11-08,1008.6,1010.8,2013-11-08T08:42:00,1006.2,2013-11-08T15:04:00,25.3,32.5,2013-11-08T12:31:00,21.5,2013-11-08T06:08:00,81,50.0,2013-11-08T12:38:00,0.5,350,4.7,282.0,2013-11-08T13:57:00,0.0,,,,,,,,,,,,,,,,,,,,,,,,,,,96.0,2013-11-08T06:37:00,,,,,,,,,,,,,,,,,,,,,,,,,,,,,,,,,,,,,,,,,,,,,,,,,,,,,,,,,,,,,,,,,,,,,
2013-11-09,1008.1,1010.1,2013-11-09T09:16:00,1006.7,2013-11-09T14:20:00,24.2,30.5,2013-11-09T11:46:00,20.9,2013-11-09T01:32:00,86,63.0,2013-11-09T11:49:00,0.5,2,4.4,340.0,2013-11-09T11:09:00,0.0,,,,,,,,,,,,,,,,,,,,,,,,,,,97.0,2013-11-09T02:05:00,,,,,,,,,,,,,,,,,,,,,,,,,,,,,,,,,,,,,,,,,,,,,,,,,,,,,,,,,,,,,,,,,,,,,
2013-11-10,1008.4,1010.7,2013-11-10T08:37:00,1006.5,2013-11-10T14:33:00,25.1,30.3,2013-11-10T12:20:00,21.7,2013-11-10T04:35:00,86,62.0,2013-11-10T11:31:00,0.4,233,3.2,351.0,2013-11-10T12:30:00,0.0,,,,,,,,,,,,,,,,,,,,,,,,,,,97.0,2013-11-10T06:25:00,,,,,,,,,,,,,,,,,,,,,,,,,,,,,,,,,,,,,,,,,,,,,,,,,,,,,,,,,,,,,,,,,,,,,
2013-11-11,1007.0,1009.0,2013-11-11T09:01:00,1005.1,2013-11-11T14:16:00,25.2,30.6,2013-11-11T10:46:00,21.0,2013-11-11T23:35:00,83,56.0,2013-11-11T11:01:00,0.6,325,4.3,348.0,2013-11-11T16:04:00,0.0,,,,,,,,,,,,,,,,,,,,,,,,,,,96.0,2013-11-11T03:31:00,,,,,,,,,,,,,,,,,,,,,,,,,,,,,,,,,,,,,,,,,,,,,,,,,,,,,,,,,,,,,,,,,,,,,
2013-11-12,1005.9,1007.7,2013-11-12T08:32:00,1004.0,2013-11-12T14:33:00,22.9,29.9,2013-11-12T11:33:00,19.5,2013-11-12T23:05:00,84,59.0,2013-11-12T11:33:00,0.5,44,3.4,339.0,2013-11-12T16:46:00,0.0,,,,,,,,,,,,,,,,,,,,,,,,,,,97.0,2013-11-12T23:52:00,,,,,,,,,,,,,,,,,,,,,,,,,,,,,,,,,,,,,,,,,,,,,,,,,,,,,,,,,,,,,,,,,,,,,
2013-11-13,1005.6,1007.3,2013-11-13T09:01:00,1003.5,2013-11-13T15:03:00,23.6,30.9,2013-11-13T12:41:00,19.0,2013-11-13T23:55:00,80,51.0,2013-11-13T12:41:00,0.7,18,5.1,323.0,2013-11-13T14:49:00,0.0,,,,,,,,,,,,,,,,,,,,,,,,,,,97.0,2013-11-13T00:18:00,,,,,,,,,,,,,,,,,,,,,,,,,,,,,,,,,,,,,,,,,,,,,,,,,,,,,,,,,,,,,,,,,,,,,
2013-11-14,1007.6,1009.3,2013-11-14T09:01:00,1005.6,2013-11-14T15:42:00,23.0,31.1,2013-11-14T13:46:00,17.8,2013-11-14T04:31:00,82,47.0,2013-11-14T13:46:00,0.6,271,4.7,271.0,2013-11-14T14:20:00,0.0,,,,,,,,,,,,,,,,,,,,,,,,,,,97.0,2013-11-14T05:48:00,,,,,,,,,,,,,,,,,,,,,,,,,,,,,,,,,,,,,,,,,,,,,,,,,,,,,,,,,,,,,,,,,,,,,
2013-11-15,1008.5,1010.5,2013-11-15T08:01:00,1006.1,2013-11-15T14:49:00,23.4,32.0,2013-11-15T13:48:00,19.4,2013-11-15T04:16:00,80,49.0,2013-11-15T13:48:00,0.5,170,4.0,328.0,2013-11-15T12:19:00,0.0,,,,,,,,,,,,,,,,,,,,,,,,,,,97.0,2013-11-15T06:16:00,,,,,,,,,,,,,,,,,,,,,,,,,,,,,,,,,,,,,,,,,,,,,,,,,,,,,,,,,,,,,,,,,,,,,
2013-11-16,1008.4,1011.0,2013-11-16T08:33:00,1005.6,2013-11-16T15:16:00,22.4,30.3,2013-11-16T13:17:00,17.3,2013-11-16T23:31:00,79,52.0,2013-11-16T13:35:00,0.7,231,5.6,20.0,2013-11-16T14:44:00,0.0,,,,,,,,,,,,,,,,,,,,,,,,,,,96.0,2013-11-16T23:46:00,,,,,,,,,,,,,,,,,,,,,,,,,,,,,,,,,,,,,,,,,,,,,,,,,,,,,,,,,,,,,,,,,,,,,
2013-11-17,1008.9,1010.8,2013-11-17T21:53:00,1006.6,2013-11-17T14:22:00,20.3,28.9,2013-11-17T13:24:00,15.9,2013-11-17T23:50:00,78,51.0,2013-11-17T16:37:00,0.6,195,4.9,321.0,2013-11-17T12:49:00,0.0,,,,,,,,,,,,,,,,,,,,,,,,,,,97.0,2013-11-17T05:10:00,,,,,,,,,,,,,,,,,,,,,,,,,,,,,,,,,,,,,,,,,,,,,,,,,,,,,,,,,,,,,,,,,,,,,
2013-11-18,1011.4,1014.0,2013-11-18T22:33:00,1009.2,2013-11-18T15:02:00,19.0,27.0,2013-11-18T12:36:00,13.5,2013-11-18T23:49:00,67,39.0,2013-11-18T13:27:00,0.5,223,5.7,350.0,2013-11-18T16:40:00,0.0,,,,,,,,,,,,,,,,,,,,,,,,,,,89.0,2013-11-18T01:01:00,,,,,,,,,,,,,,,,,,,,,,,,,,,,,,,,,,,,,,,,,,,,,,,,,,,,,,,,,,,,,,,,,,,,,
2013-11-19,1012.9,1014.5,2013-11-19T07:52:00,1011.1,2013-11-19T14:46:00,18.1,26.2,2013-11-19T12:47:00,12.0,2013-11-19T02:23:00,73,40.0,2013-11-19T12:48:00,0.6,222,4.0,196.0,2013-11-19T12:55:00,0.0,,,,,,,,,,,,,,,,,,,,,,,,,,,92.0,2013-11-19T06:35:00,,,,,,,,,,,,,,,,,,,,,,,,,,,,,,,,,,,,,,,,,,,,,,,,,,,,,,,,,,,,,,,,,,,,,
2013-11-20,1011.8,1013.7,2013-11-20T09:02:00,1010.0,2013-11-20T15:01:00,18.8,24.9,2013-11-20T12:19:00,14.6,2013-11-20T05:31:00,77,41.0,2013-11-20T12:49:00,0.6,55,3.2,45.0,2013-11-20T09:17:00,0.0,,,,,,,,,,,,,,,,,,,,,,,,,,,95.0,2013-11-20T06:17:00,,,,,,,,,,,,,,,,,,,,,,,,,,,,,,,,,,,,,,,,,,,,,,,,,,,,,,,,,,,,,,,,,,,,,
2013-11-21,1010.5,1012.5,2013-11-21T09:37:00,1008.5,2013-11-21T15:16:00,19.9,27.5,2013-11-21T13:55:00,16.4,2013-11-21T00:01:00,74,46.0,2013-11-21T13:55:00,0.6,60,3.7,66.0,2013-11-21T03:14:00,0.0,,,,,,,,,,,,,,,,,,,,,,,,,,,92.0,2013-11-21T23:49:00,,,,,,,,,,,,,,,,,,,,,,,,,,,,,,,,,,,,,,,,,,,,,,,,,,,,,,,,,,,,,,,,,,,,,
2013-11-22,1010.6,1013.2,2013-11-22T08:21:00,1008.5,2013-11-22T14:23:00,18.8,23.4,2013-11-22T13:50:00,16.2,2013-11-22T23:47:00,91,72.0,2013-11-22T13:50:00,0.4,26,3.4,62.0,2013-11-22T09:38:00,1.0,,,,,,,,,,,,,,,,,,,,,,,,,,,97.0,2013-11-22T23:33:00,,,,,,,,,,,,,,,,,,,,,,,,,,,,,,,,,,,,,,,,,,,,,,,,,,,,,,,,,,,,,,,,,,,,,
2013-11-23,1009.4,1011.6,2013-11-23T08:18:00,1007.0,2013-11-23T15:31:00,21.0,31.0,2013-11-23T12:46:00,14.3,2013-11-23T06:16:00,77,35.0,2013-11-23T13:01:00,0.7,67,4.6,315.0,2013-11-23T14:30:00,0.0,,,,,,,,,,,,,,,,,,,,,,,,,,,97.0,2013-11-23T00:01:00,,,,,,,,,,,,,,,,,,,,,,,,,,,,,,,,,,,,,,,,,,,,,,,,,,,,,,,,,,,,,,,,,,,,,
2013-11-24,1006.1,1009.0,2013-11-24T08:46:00,1003.5,2013-11-24T15:16:00,21.9,31.2,2013-11-24T12:48:00,15.2,2013-11-24T05:02:00,76,40.0,2013-11-24T13:46:00,0.6,17,5.0,319.0,2013-11-24T15:26:00,0.0,,,,,,,,,,,,,,,,,,,,,,,,,,,97.0,2013-11-24T05:25:00,,,,,,,,,,,,,,,,,,,,,,,,,,,,,,,,,,,,,,,,,,,,,,,,,,,,,,,,,,,,,,,,,,,,,
2013-11-25,1004.9,1007.3,2013-11-25T22:19:00,1003.5,2013-11-25T13:48:00,20.4,24.3,2013-11-25T12:03:00,17.4,2013-11-25T23:46:00,86,66.0,2013-11-25T11:02:00,1.0,5,11.5,334.0,2013-11-25T01:17:00,7.5,,,,,,,,,,,,,,,,,,,,,,,,,,,97.0,2013-11-25T05:53:00,,,,,,,,,,,,,,,,,,,,,,,,,,,,,,,,,,,,,,,,,,,,,,,,,,,,,,,,,,,,,,,,,,,,,
2013-11-26,1008.2,1010.5,2013-11-26T22:27:00,1006.1,2013-11-26T14:33:00,20.3,26.9,2013-11-26T10:23:00,16.5,2013-11-26T23:55:00,81,57.0,2013-11-26T10:23:00,0.4,294,3.7,261.0,2013-11-26T13:43:00,0.0,,,,,,,,,,,,,,,,,,,,,,,,,,,96.0,2013-11-26T07:04:00,,,,,,,,,,,,,,,,,,,,,,,,,,,,,,,,,,,,,,,,,,,,,,,,,,,,,,,,,,,,,,,,,,,,,
2013-11-27,1009.2,1011.5,2013-11-27T23:57:00,1006.7,2013-11-27T14:03:00,20.1,27.1,2013-11-27T11:48:00,15.0,2013-11-27T06:16:00,79,50.0,2013-11-27T14:54:00,1.0,3,9.3,23.0,2013-11-27T13:54:00,0.0,,,,,,,,,,,,,,,,,,,,,,,,,,,97.0,2013-11-27T05:24:00,,,,,,,,,,,,,,,,,,,,,,,,,,,,,,,,,,,,,,,,,,,,,,,,,,,,,,,,,,,,,,,,,,,,,
2013-11-28,1012.9,1015.7,2013-11-28T23:37:00,1010.2,2013-11-28T14:17:00,15.7,18.7,2013-11-28T11:16:00,13.3,2013-11-28T23:18:00,80,70.0,2013-11-28T11:22:00,0.8,294,6.1,345.0,2013-11-28T15:23:00,0.0,,,,,,,,,,,,,,,,,,,,,,,,,,,95.0,2013-11-28T00:37:00,,,,,,,,,,,,,,,,,,,,,,,,,,,,,,,,,,,,,,,,,,,,,,,,,,,,,,,,,,,,,,,,,,,,,
2013-11-29,1014.1,1016.6,2013-11-29T09:02:00,1011.0,2013-11-29T14:18:00,14.8,24.4,2013-11-29T13:33:00,9.1,2013-11-29T23:46:00,63,37.0,2013-11-29T13:17:00,0.6,6,5.1,339.0,2013-11-29T15:06:00,0.0,,,,,,,,,,,,,,,,,,,,,,,,,,,93.0,2013-11-29T23:58:00,,,,,,,,,,,,,,,,,,,,,,,,,,,,,,,,,,,,,,,,,,,,,,,,,,,,,,,,,,,,,,,,,,,,,
2013-11-30,1013.0,1015.3,2013-11-30T08:47:00,1010.0,2013-11-30T14:47:00,15.0,24.6,2013-11-30T13:33:00,8.2,2013-11-30T04:18:00,76,36.0,2013-11-30T13:33:00,0.5,298,4.5,296.0,2013-11-30T15:27:00,0.0,,,,,,,,,,,,,,,,,,,,,,,,,,,97.0,2013-11-30T05:02:00,,,,,,,,,,,,,,,,,,,,,,,,,,,,,,,,,,,,,,,,,,,,,,,,,,,,,,,,,,,,,,,,,,,,,
2013-12-01,1012.6,1014.3,2013-12-01T08:31:00,1010.2,2013-12-01T14:57:00,15.8,26.7,2013-12-01T13:20:00,9.4,2013-12-01T04:39:00,76,33.0,2013-12-01T14:31:00,0.6,20,5.8,333.0,2013-12-01T16:27:00,0.0,,,,,,,,,,,,,,,,,,,,,,,,,,,97.0,2013-12-01T04:12:00,,,,,,,,,,,,,,,,,,,,,,,,,,,,,,,,,,,,,,,,,,,,,,,,,,,,,,,,,,,,,,,,,,,,,
2013-12-02,1011.4,1013.1,2013-12-02T00:01:00,1008.6,2013-12-02T14:49:00,16.7,26.7,2013-12-02T13:31:00,9.3,2013-12-02T06:16:00,73,36.0,2013-12-02T13:31:00,0.7,49,4.3,206.0,2013-12-02T11:04:00,0.0,,,,,,,,,,,,,,,,,,,,,,,,,,,97.0,2013-12-02T07:01:00,,,,,,,,,,,,,,,,,,,,,,,,,,,,,,,,,,,,,,,,,,,,,,,,,,,,,,,,,,,,,,,,,,,,,
2013-12-03,1010.8,1012.7,2013-12-03T08:32:00,1008.5,2013-12-03T14:39:00,17.3,27.0,2013-12-03T14:01:00,11.3,2013-12-03T23:46:00,70,34.0,2013-12-03T14:05:00,1.1,65,4.6,327.0,2013-12-03T15:47:00,0.0,,,,,,,,,,,,,,,,,,,,,,,,,,,95.0,2013-12-03T23:32:00,,,,,,,,,,,,,,,,,,,,,,,,,,,,,,,,,,,,,,,,,,,,,,,,,,,,,,,,,,,,,,,,,,,,,
2013-12-04,1009.6,1011.6,2013-12-04T08:31:00,1007.0,2013-12-04T14:20:00,15.9,25.0,2013-12-04T13:34:00,9.7,2013-12-04T06:31:00,71,31.0,2013-12-04T13:23:00,1.0,2,8.4,324.0,2013-12-04T16:28:00,0.0,,,,,,,,,,,,,,,,,,,,,,,,,,,97.0,2013-12-04T03:04:00,,,,,,,,,,,,,,,,,,,,,,,,,,,,,,,,,,,,,,,,,,,,,,,,,,,,,,,,,,,,,,,,,,,,,
2013-12-05,1008.8,1011.0,2013-12-05T08:31:00,1006.6,2013-12-05T14:32:00,16.0,26.8,2013-12-05T12:47:00,9.2,2013-12-05T03:01:00,67,26.0,2013-12-05T13:01:00,0.7,55,5.8,327.0,2013-12-05T15:12:00,0.0,,,,,,,,,,,,,,,,,,,,,,,,,,,96.0,2013-12-05T04:01:00,,,,,,,,,,,,,,,,,,,,,,,,,,,,,,,,,,,,,,,,,,,,,,,,,,,,,,,,,,,,,,,,,,,,,
2013-12-06,1007.4,1009.0,2013-12-06T08:47:00,1005.1,2013-12-06T14:49:00,17.3,27.7,2013-12-06T13:46:00,8.4,2013-12-06T05:38:00,67,27.0,2013-12-06T13:05:00,0.9,3,6.6,19.0,2013-12-06T14:06:00,0.0,,,,,,,,,,,,,,,,,,,,,,,,,,,95.0,2013-12-06T06:06:00,,,,,,,,,,,,,,,,,,,,,,,,,,,,,,,,,,,,,,,,,,,,,,,,,,,,,,,,,,,,,,,,,,,,,
2013-12-07,1007.9,1009.5,2013-12-07T08:32:00,1005.7,2013-12-07T14:04:00,19.6,29.2,2013-12-07T12:38:00,12.5,2013-12-07T06:19:00,73,34.0,2013-12-07T11:18:00,0.6,289,4.8,310.0,2013-12-07T13:24:00,0.0,,,,,,,,,,,,,,,,,,,,,,,,,,,95.0,2013-12-07T06:10:00,,,,,,,,,,,,,,,,,,,,,,,,,,,,,,,,,,,,,,,,,,,,,,,,,,,,,,,,,,,,,,,,,,,,,
2013-12-08,1007.2,1009.8,2013-12-08T09:01:00,1005.1,2013-12-08T14:53:00,20.5,29.5,2013-12-08T22:50:00,14.6,2013-12-08T02:31:00,78,41.0,2013-12-08T12:06:00,0.5,51,3.2,49.0,2013-12-08T08:56:00,0.0,,,,,,,,,,,,,,,,,,,,,,,,,,,96.0,2013-12-08T03:16:00,,,,,,,,,,,,,,,,,,,,,,,,,,,,,,,,,,,,,,,,,,,,,,,,,,,,,,,,,,,,,,,,,,,,,
2013-12-09,1004.7,1007.2,2013-12-09T08:21:00,1001.8,2013-12-09T13:47:00,21.5,29.6,2013-12-09T12:25:00,17.0,2013-12-09T01:21:00,75,49.0,2013-12-09T13:41:00,1.2,331,12.6,333.0,2013-12-09T13:16:00,0.0,,,,,,,,,,,,,,,,,,,,,,,,,,,95.0,2013-12-09T01:46:00,,,,,,,,,,,,,,,,,,,,,,,,,,,,,,,,,,,,,,,,,,,,,,,,,,,,,,,,,,,,,,,,,,,,,
2013-12-10,1005.6,1008.0,2013-12-10T23:01:00,1003.3,2013-12-10T14:17:00,18.7,26.2,2013-12-10T12:20:00,15.8,2013-12-10T21:38:00,76,52.0,2013-12-10T13:43:00,0.4,215,3.7,280.0,2013-12-10T16:48:00,0.0,,,,,,,,,,,,,,,,,,,,,,,,,,,94.0,2013-12-10T06:19:00,,,,,,,,,,,,,,,,,,,,,,,,,,,,,,,,,,,,,,,,,,,,,,,,,,,,,,,,,,,,,,,,,,,,,
2013-12-11,1008.6,1010.8,2013-12-11T09:06:00,1006.5,2013-12-11T15:18:00,17.2,21.9,2013-12-11T13:03:00,14.6,2013-12-11T05:47:00,79,63.0,2013-12-11T13:03:00,0.6,40,4.8,272.0,2013-12-11T15:07:00,0.0,,,,,,,,,,,,,,,,,,,,,,,,,,,94.0,2013-12-11T06:31:00,,,,,,,,,,,,,,,,,,,,,,,,,,,,,,,,,,,,,,,,,,,,,,,,,,,,,,,,,,,,,,,,,,,,,
2013-12-12,1008.9,1010.6,2013-12-12T09:01:00,1006.5,2013-12-12T15:02:00,18.4,25.8,2013-12-12T13:05:00,14.2,2013-12-12T03:01:00,75,51.0,2013-12-12T13:05:00,0.4,23,3.4,301.0,2013-12-12T16:27:00,0.0,,,,,,,,,,,,,,,,,,,,,,,,,,,86.0,2013-12-12T06:04:00,,,,,,,,,,,,,,,,,,,,,,,,,,,,,,,,,,,,,,,,,,,,,,,,,,,,,,,,,,,,,,,,,,,,,
2013-12-13,1009.4,1011.2,2013-12-13T08:46:00,1007.0,2013-12-13T14:36:00,20.4,28.6,2013-12-13T12:50:00,16.6,2013-12-13T05:46:00,78,50.0,2013-12-13T12:50:00,0.6,5,5.9,323.0,2013-12-13T10:05:00,0.0,,,,,,,,,,,,,,,,,,,,,,,,,,,92.0,2013-12-13T22:34:00,,,,,,,,,,,,,,,,,,,,,,,,,,,,,,,,,,,,,,,,,,,,,,,,,,,,,,,,,,,,,,,,,,,,,
2013-12-14,1010.0,1012.1,2013-12-14T08:49:00,1008.5,2013-12-14T14:52:00,19.9,26.8,2013-12-14T10:34:00,16.4,2013-12-14T06:31:00,86,54.0,2013-12-14T12:46:00,0.4,205,4.5,336.0,2013-12-14T12:20:00,1.5,,,,,,,,,,,,,,,,,,,,,,,,,,,97.0,2013-12-14T21:31:00,,,,,,,,,,,,,,,,,,,,,,,,,,,,,,,,,,,,,,,,,,,,,,,,,,,,,,,,,,,,,,,,,,,,,
2013-12-15,1008.5,1011.0,2013-12-15T08:31:00,1006.2,2013-12-15T14:27:00,21.0,28.1,2013-12-15T13:19:00,18.0,2013-12-15T23:40:00,89,59.0,2013-12-15T13:31:00,0.4,238,3.3,259.0,2013-12-15T17:27:00,1.5,,,,,,,,,,,,,,,,,,,,,,,,,,,98.0,2013-12-15T06:52:00,,,,,,,,,,,,,,,,,,,,,,,,,,,,,,,,,,,,,,,,,,,,,,,,,,,,,,,,,,,,,,,,,,,,,
2013-12-16,1005.1,1007.7,2013-12-16T00:01:00,1002.6,2013-12-16T14:46:00,21.1,29.4,2013-12-16T12:36:00,16.9,2013-12-16T23:22:00,87,53.0,2013-12-16T13:01:00,0.6,38,7.6,326.0,2013-12-16T20:54:00,13.5,,,,,,,,,,,,,,,,,,,,,,,,,,,98.0,2013-12-16T07:01:00,,,,,,,,,,,,,,,,,,,,,,,,,,,,,,,,,,,,,,,,,,,,,,,,,,,,,,,,,,,,,,,,,,,,,
2013-12-17,1003.7,1007.7,2013-12-17T23:10:00,1001.6,2013-12-17T13:46:00,16.3,18.8,2013-12-17T11:48:00,14.1,2013-12-17T23:16:00,95,79.0,2013-12-17T21:50:00,1.2,9,15.0,36.0,2013-12-17T21:41:00,11.0,,,,,,,,,,,,,,,,,,,,,,,,,,,98.0,2013-12-17T07:17:00,,,,,,,,,,,,,,,,,,,,,,,,,,,,,,,,,,,,,,,,,,,,,,,,,,,,,,,,,,,,,,,,,,,,,
2013-12-18,1007.4,1010.5,2013-12-18T23:24:00,1005.6,2013-12-18T04:26:00,15.1,18.9,2013-12-18T10:03:00,13.1,2013-12-18T23:46:00,87,69.0,2013-12-18T13:23:00,1.0,335,7.4,5.0,2013-12-18T08:34:00,2.5,,,,,,,,,,,,,,,,,,,,,,,,,,,98.0,2013-12-18T06:31:00,,,,,,,,,,,,,,,,,,,,,,,,,,,,,,,,,,,,,,,,,,,,,,,,,,,,,,,,,,,,,,,,,,,,,
2013-12-19,1011.4,1013.5,2013-12-19T22:46:00,1009.5,2013-12-19T14:37:00,13.9,17.1,2013-12-19T13:53:00,12.4,2013-12-19T06:03:00,84,67.0,2013-12-19T13:53:00,1.2,13,6.4,15.0,2013-12-19T11:11:00,0.0,,,,,,,,,,,,,,,,,,,,,,,,,,,94.0,2013-12-19T00:47:00,,,,,,,,,,,,,,,,,,,,,,,,,,,,,,,,,,,,,,,,,,,,,,,,,,,,,,,,,,,,,,,,,,,,,
2013-12-20,1013.0,1014.5,2013-12-20T08:22:00,1011.3,2013-12-20T04:16:00,14.8,20.0,2013-12-20T13:10:00,11.6,2013-12-20T00:48:00,88,64.0,2013-12-20T14:15:00,0.5,319,6.2,343.0,2013-12-20T13:22:00,1.0,,,,,,,,,,,,,,,,,,,,,,,,,,,97.0,2013-12-20T05:47:00,,,,,,,,,,,,,,,,,,,,,,,,,,,,,,,,,,,,,,,,,,,,,,,,,,,,,,,,,,,,,,,,,,,,,
2013-12-21,1014.0,1015.5,2013-12-21T08:35:00,1012.6,2013-12-21T14:20:00,14.7,19.3,2013-12-21T12:46:00,11.9,2013-12-21T06:22:00,88,66.0,2013-12-21T12:46:00,0.6,354,5.2,285.0,2013-12-21T11:29:00,0.0,,,,,,,,,,,,,,,,,,,,,,,,,,,98.0,2013-12-21T06:47:00,,,,,,,,,,,,,,,,,,,,,,,,,,,,,,,,,,,,,,,,,,,,,,,,,,,,,,,,,,,,,,,,,,,,,
2013-12-22,1013.8,1016.2,2013-12-22T08:33:00,1011.5,2013-12-22T13:21:00,15.5,23.6,2013-12-22T13:35:00,11.3,2013-12-22T04:20:00,81,51.0,2013-12-22T13:35:00,0.5,47,5.0,283.0,2013-12-22T14:35:00,0.0,,,,,,,,,,,,,,,,,,,,,,,,,,,96.0,2013-12-22T23:52:00,,,,,,,,,,,,,,,,,,,,,,,,,,,,,,,,,,,,,,,,,,,,,,,,,,,,,,,,,,,,,,,,,,,,,
2013-12-23,1011.9,1013.7,2013-12-23T08:31:00,1009.1,2013-12-23T14:17:00,17.0,25.3,2013-12-23T13:40:00,11.5,2013-12-23T06:19:00,81,42.0,2013-12-23T12:51:00,0.8,37,7.7,306.0,2013-12-23T15:13:00,0.0,,,,,,,,,,,,,,,,,,,,,,,,,,,98.0,2013-12-23T07:19:00,,,,,,,,,,,,,,,,,,,,,,,,,,,,,,,,,,,,,,,,,,,,,,,,,,,,,,,,,,,,,,,,,,,,,
2013-12-24,1011.8,1014.1,2013-12-24T08:32:00,1009.5,2013-12-24T15:34:00,16.9,24.5,2013-12-24T13:46:00,13.8,2013-12-24T05:07:00,83,54.0,2013-12-24T13:46:00,0.6,296,4.7,332.0,2013-12-24T14:13:00,0.0,,,,,,,,,,,,,,,,,,,,,,,,,,,96.0,2013-12-24T01:23:00,,,,,,,,,,,,,,,,,,,,,,,,,,,,,,,,,,,,,,,,,,,,,,,,,,,,,,,,,,,,,,,,,,,,,
2013-12-25,1010.3,1012.7,2013-12-25T08:02:00,1007.6,2013-12-25T15:03:00,17.2,23.3,2013-12-25T12:46:00,14.0,2013-12-25T06:01:00,84,61.0,2013-12-25T12:46:00,0.7,205,6.6,327.0,2013-12-25T15:39:00,0.0,,,,,,,,,,,,,,,,,,,,,,,,,,,96.0,2013-12-25T06:37:00,,,,,,,,,,,,,,,,,,,,,,,,,,,,,,,,,,,,,,,,,,,,,,,,,,,,,,,,,,,,,,,,,,,,,
2013-12-26,1009.0,1012.0,2013-12-26T23:02:00,1005.5,2013-12-26T14:47:00,15.7,22.6,2013-12-26T11:46:00,12.2,2013-12-26T23:31:00,81,60.0,2013-12-26T11:53:00,1.3,334,6.7,340.0,2013-12-26T14:02:00,0.0,,,,,,,,,,,,,,,,,,,,,,,,,,,94.0,2013-12-26T00:42:00,,,,,,,,,,,,,,,,,,,,,,,,,,,,,,,,,,,,,,,,,,,,,,,,,,,,,,,,,,,,,,,,,,,,,
2013-12-27,1012.1,1014.3,2013-12-27T08:46:00,1009.5,2013-12-27T14:22:00,12.4,19.1,2013-12-27T14:13:00,7.2,2013-12-27T23:47:00,70,48.0,2013-12-27T14:16:00,1.0,335,5.6,43.0,2013-12-27T07:54:00,0.0,,,,,,,,,,,,,,,,,,,,,,,,,,,87.0,2013-12-27T23:47:00,,,,,,,,,,,,,,,,,,,,,,,,,,,,,,,,,,,,,,,,,,,,,,,,,,,,,,,,,,,,,,,,,,,,,
2013-12-28,1012.4,1014.7,2013-12-28T09:02:00,1009.8,2013-12-28T14:20:00,12.2,20.5,2013-12-28T12:33:00,5.8,2013-12-28T03:46:00,80,51.0,2013-12-28T12:42:00,0.6,250,3.6,287.0,2013-12-28T17:58:00,0.0,,,,,,,,,,,,,,,,,,,,,,,,,,,97.0,2013-12-28T07:38:00,,,,,,,,,,,,,,,,,,,,,,,,,,,,,,,,,,,,,,,,,,,,,,,,,,,,,,,,,,,,,,,,,,,,,
2013-12-29,1012.6,1014.5,2013-12-29T08:48:00,1010.1,2013-12-29T15:01:00,13.5,20.8,2013-12-29T14:03:00,10.2,2013-12-29T21:46:00,82,55.0,2013-12-29T14:03:00,0.5,283,4.8,257.0,2013-12-29T13:33:00,0.0,,,,,,,,,,,,,,,,,,,,,,,,,,,94.0,2013-12-29T22:17:00,,,,,,,,,,,,,,,,,,,,,,,,,,,,,,,,,,,,,,,,,,,,,,,,,,,,,,,,,,,,,,,,,,,,,
2013-12-30,1012.3,1014.5,2013-12-30T09:01:00,1009.8,2013-12-30T15:07:00,15.5,24.9,2013-12-30T13:46:00,9.8,2013-12-30T06:16:00,78,42.0,2013-12-30T13:47:00,0.6,49,5.7,340.0,2013-12-30T14:35:00,0.0,,,,,,,,,,,,,,,,,,,,,,,,,,,96.0,2013-12-30T07:42:00,,,,,,,,,,,,,,,,,,,,,,,,,,,,,,,,,,,,,,,,,,,,,,,,,,,,,,,,,,,,,,,,,,,,,
2013-12-31,1011.1,1013.2,2013-12-31T08:52:00,1008.5,2013-12-31T14:38:00,16.1,25.8,2013-12-31T13:46:00,10.6,2013-12-31T23:56:00,79,44.0,2013-12-31T13:46:00,0.5,45,6.1,276.0,2013-12-31T15:16:00,0.0,,,,,,,,,,,,,,,,,,,,,,,,,,,97.0,2013-12-31T07:04:00,,,,,,,,,,,,,,,,,,,,,,,,,,,,,,,,,,,,,,,,,,,,,,,,,,,,,,,,,,,,,,,,,,,,,
