,StnPres,StnPresMax,StnPresMaxTime,StnPresMin,StnPresMinTime,Tx,TxMaxAbs,TxMaxAbsTime,TxMinAbs,TxMinAbsTime,RH,RHMin,RHMinTime,WS,WD,WSGust,WDGust,WGustTime,Precp,AirTemperature.MaximumTimef,AirTemperature.Maximumf,AirTemperature.Meanf,AirTemperature.MinimumTimef,AirTemperature.Minimumf,GlobalSolarRadiation.Accumulationf,GlobalSolarRadiation.HourlyMaximumTimef,GlobalSolarRadiation.HourlyMaximumf,GloblRad,GloblRadMax,GloblRadMaxTime,PeakGust.Directionf,PeakGust.MaximumTimef,PeakGust.Maximumf,Precipitation.Accumulationf,Precipitation.HourlyMaximum,Precipitation.HourlyMaximumTime,Precipitation.HourlyMaximumTimef,Precipitation.HourlyMaximumf,Precipitation.MeltFlag,Precipitation.MeltFlagf,RelativeHumidity.Maximum,RelativeHumidity.MaximumTime,RelativeHumidity.MaximumTimef,RelativeHumidity.Maximumf,RelativeHumidity.Meanf,RelativeHumidity.MinimumTimef,RelativeHumidity.Minimumf,SoilTemperatureAt0cm.Maximum,SoilTemperatureAt0cm.MaximumTime,SoilTemperatureAt0cm.MaximumTimef,SoilTemperatureAt0cm.Maximumf,SoilTemperatureAt0cm.Meanf,SoilTemperatureAt0cm.Minimum,SoilTemperatureAt0cm.MinimumTime,SoilTemperatureAt0cm.MinimumTimef,SoilTemperatureAt0cm.Minimumf,SoilTemperatureAt100cm.Maximum,SoilTemperatureAt100cm.MaximumTime,SoilTemperatureAt100cm.MaximumTimef,SoilTemperatureAt100cm.Maximumf,SoilTemperatureAt100cm.Meanf,SoilTemperatureAt100cm.Minimum,SoilTemperatureAt100cm.MinimumTime,SoilTemperatureAt100cm.MinimumTimef,SoilTemperatureAt100cm.Minimumf,SoilTemperatureAt10cm.Maximum,SoilTemperatureAt10cm.MaximumTime,SoilTemperatureAt10cm.MaximumTimef,SoilTemperatureAt10cm.Maximumf,SoilTemperatureAt10cm.Meanf,SoilTemperatureAt10cm.Minimum,SoilTemperatureAt10cm.MinimumTime,SoilTemperatureAt10cm.MinimumTimef,SoilTemperatureAt10cm.Minimumf,SoilTemperatureAt20cm.Maximum,SoilTemperatureAt20cm.MaximumTime,SoilTemperatureAt20cm.MaximumTimef,SoilTemperatureAt20cm.Maximumf,SoilTemperatureAt20cm.Meanf,SoilTemperatureAt20cm.Minimum,SoilTemperatureAt20cm.MinimumTime,SoilTemperatureAt20cm.MinimumTimef,SoilTemperatureAt20cm.Minimumf,SoilTemperatureAt50cm.Maximum,SoilTemperatureAt50cm.MaximumTime,SoilTemperatureAt50cm.MaximumTimef,SoilTemperatureAt50cm.Maximumf,SoilTemperatureAt50cm.Meanf,SoilTemperatureAt50cm.Minimum,SoilTemperatureAt50cm.MinimumTime,SoilTemperatureAt50cm.MinimumTimef,SoilTemperatureAt50cm.Minimumf,SoilTemperatureAt5cm.Maximum,SoilTemperatureAt5cm.MaximumTime,SoilTemperatureAt5cm.MaximumTimef,SoilTemperatureAt5cm.Maximumf,SoilTemperatureAt5cm.Meanf,SoilTemperatureAt5cm.Minimum,SoilTemperatureAt5cm.MinimumTime,SoilTemperatureAt5cm.MinimumTimef,SoilTemperatureAt5cm.Minimumf,StationPressure.MaximumTimef,StationPressure.Maximumf,StationPressure.Meanf,StationPressure.MinimumTimef,StationPressure.Minimumf,SunShine,SunshineDuration.Totalf,TxSoil0cm,TxSoil100cm,TxSoil10cm,TxSoil20cm,TxSoil50cm,TxSoil5cm,WindDirection.Prevailingf,WindSpeed.Meanf
2016-01-01,1020.0,1022.2,2016-01-01T08:51:00,1017.8,2016-01-01T14:35:00,19.4,25.6,2016-01-01T12:31:00,14.4,2016-01-01T05:33:00,73,48,2016-01-01T12:33:00,1.0,326,4.5,286.0,2016-01-01T15:26:00,0.0,,,,,,,,,,,,,,,,,,,,,,90,2016-01-01T23:55:00,,,,,,,,,,,,,,,,,,,,,,,,,,,,,,,,,,,,,,,,,,,,,,,,,,,,,,,,,,,,,,,,,,,,,,,,,,
2016-01-02,1018.0,1020.3,2016-01-02T00:01:00,1015.5,2016-01-02T15:21:00,19.3,23.3,2016-01-02T10:31:00,16.6,2016-01-02T04:28:00,89,65,2016-01-02T10:35:00,1.1,6,4.2,314.0,2016-01-02T12:07:00,6.0,,,,,,,,,,,,,,,,,,,,,,99,2016-01-02T23:43:00,,,,,,,,,,,,,,,,,,,,,,,,,,,,,,,,,,,,,,,,,,,,,,,,,,,,,,,,,,,,,,,,,,,,,,,,,,
2016-01-03,1015.6,1018.0,2016-01-03T00:01:00,1013.6,2016-01-03T14:23:00,19.9,30.1,2016-01-03T23:22:00,18.7,2016-01-03T07:01:00,99,93,2016-01-03T11:10:00,0.9,4,6.3,308.0,2016-01-03T06:27:00,36.0,,,,,,,,,,,,,,,,,,,,,,100,2016-01-03T02:36:00,,,,,,,,,,,,,,,,,,,,,,,,,,,,,,,,,,,,,,,,,,,,,,,,,,,,,,,,,,,,,,,,,,,,,,,,,,
2016-01-04,1014.6,1016.9,2016-01-04T09:32:00,1012.8,2016-01-04T15:41:00,22.6,27.4,2016-01-04T15:12:00,19.4,2016-01-04T06:01:00,91,68,2016-01-04T15:12:00,0.9,310,4.5,326.0,2016-01-04T13:26:00,0.0,,,,,,,,,,,,,,,,,,,,,,100,2016-01-04T00:01:00,,,,,,,,,,,,,,,,,,,,,,,,,,,,,,,,,,,,,,,,,,,,,,,,,,,,,,,,,,,,,,,,,,,,,,,,,,
2016-01-05,1012.8,1014.4,2016-01-05T08:54:00,1010.6,2016-01-05T15:03:00,23.8,28.9,2016-01-05T11:56:00,20.0,2016-01-05T05:31:00,86,61,2016-01-05T12:22:00,0.8,142,4.9,274.0,2016-01-05T12:42:00,0.0,,,,,,,,,,,,,,,,,,,,,,100,2016-01-05T00:01:00,,,,,,,,,,,,,,,,,,,,,,,,,,,,,,,,,,,,,,,,,,,,,,,,,,,,,,,,,,,,,,,,,,,,,,,,,,
2016-01-06,1013.1,1015.7,2016-01-06T23:04:00,1010.7,2016-01-06T15:41:00,22.2,27.9,2016-01-06T15:33:00,18.3,2016-01-06T23:56:00,88,54,2016-01-06T15:36:00,1.3,329,6.3,4.0,2016-01-06T12:29:00,13.0,,,,,,,,,,,,,,,,,,,,,,100,2016-01-06T01:39:00,,,,,,,,,,,,,,,,,,,,,,,,,,,,,,,,,,,,,,,,,,,,,,,,,,,,,,,,,,,,,,,,,,,,,,,,,,
2016-01-07,1015.8,1018.0,2016-01-07T09:27:00,1014.6,2016-01-07T13:11:00,19.7,23.6,2016-01-07T12:43:00,17.9,2016-01-07T04:33:00,82,69,2016-01-07T12:32:00,1.2,300,6.0,338.0,2016-01-07T17:08:00,0.0,,,,,,,,,,,,,,,,,,,,,,92,2016-01-07T02:31:00,,,,,,,,,,,,,,,,,,,,,,,,,,,,,,,,,,,,,,,,,,,,,,,,,,,,,,,,,,,,,,,,,,,,,,,,,,
2016-01-08,1014.5,1015.9,2016-01-08T22:14:00,1011.5,2016-01-08T14:51:00,19.0,23.8,2016-01-08T15:02:00,16.3,2016-01-08T23:31:00,79,59,2016-01-08T15:33:00,1.4,332,6.9,355.0,2016-01-08T14:39:00,5.5,,,,,,,,,,,,,,,,,,,,,,83,2016-01-08T23:26:00,,,,,,,,,,,,,,,,,,,,,,,,,,,,,,,,,,,,,,,,,,,,,,,,,,,,,,,,,,,,,,,,,,,,,,,,,,
2016-01-09,1015.7,1017.4,2016-01-09T09:13:00,1013.3,2016-01-09T14:31:00,18.9,25.3,2016-01-09T14:12:00,14.7,2016-01-09T06:27:00,80,53,2016-01-09T14:41:00,1.1,345,4.0,314.0,2016-01-09T15:29:00,0.0,,,,,,,,,,,,,,,,,,,,,,100,2016-01-09T07:21:00,,,,,,,,,,,,,,,,,,,,,,,,,,,,,,,,,,,,,,,,,,,,,,,,,,,,,,,,,,,,,,,,,,,,,,,,,,
2016-01-10,1013.5,1016.0,2016-01-10T08:31:00,1011.1,2016-01-10T14:51:00,19.7,25.1,2016-01-10T14:41:00,15.5,2016-01-10T06:31:00,82,51,2016-01-10T14:34:00,0.9,327,4.2,31.0,2016-01-10T10:43:00,0.0,,,,,,,,,,,,,,,,,,,,,,97,2016-01-10T03:11:00,,,,,,,,,,,,,,,,,,,,,,,,,,,,,,,,,,,,,,,,,,,,,,,,,,,,,,,,,,,,,,,,,,,,,,,,,,
2016-01-11,1011.1,1013.3,2016-01-11T23:05:00,1008.6,2016-01-11T14:23:00,19.5,26.5,2016-01-11T14:23:00,17.3,2016-01-11T22:59:00,91,66,2016-01-11T14:23:00,1.2,21,7.8,349.0,2016-01-11T17:34:00,3.0,,,,,,,,,,,,,,,,,,,,,,99,2016-01-11T03:13:00,,,,,,,,,,,,,,,,,,,,,,,,,,,,,,,,,,,,,,,,,,,,,,,,,,,,,,,,,,,,,,,,,,,,,,,,,,
2016-01-12,1013.3,1015.7,2016-01-12T22:21:00,1011.7,2016-01-12T14:37:00,19.3,23.7,2016-01-12T11:42:00,16.6,2016-01-12T03:03:00,81,66,2016-01-12T12:52:00,1.2,31,4.5,309.0,2016-01-12T21:33:00,0.0,,,,,,,,,,,,,,,,,,,,,,93,2016-01-12T03:22:00,,,,,,,,,,,,,,,,,,,,,,,,,,,,,,,,,,,,,,,,,,,,,,,,,,,,,,,,,,,,,,,,,,,,,,,,,,
2016-01-13,1015.0,1016.8,2016-01-13T10:31:00,1013.1,2016-01-13T14:12:00,16.4,19.2,2016-01-13T14:31:00,14.5,2016-01-13T23:21:00,90,73,2016-01-13T16:01:00,1.2,10,5.3,322.0,2016-01-13T00:53:00,8.0,,,,,,,,,,,,,,,,,,,,,,99,2016-01-13T08:52:00,,,,,,,,,,,,,,,,,,,,,,,,,,,,,,,,,,,,,,,,,,,,,,,,,,,,,,,,,,,,,,,,,,,,,,,,,,
2016-01-14,1014.4,1017.1,2016-01-14T08:04:00,1011.7,2016-01-14T14:32:00,17.0,23.0,2016-01-14T14:01:00,14.1,2016-01-14T01:22:00,83,56,2016-01-14T14:01:00,1.0,340,4.9,45.0,2016-01-14T09:44:00,0.0,,,,,,,,,,,,,,,,,,,,,,98,2016-01-14T05:34:00,,,,,,,,,,,,,,,,,,,,,,,,,,,,,,,,,,,,,,,,,,,,,,,,,,,,,,,,,,,,,,,,,,,,,,,,,,
2016-01-15,1011.5,1013.4,2016-01-15T10:03:00,1009.9,2016-01-15T16:55:00,16.5,18.0,2016-01-15T14:43:00,14.8,2016-01-15T00:57:00,93,84,2016-01-15T09:27:00,0.8,3,4.0,301.0,2016-01-15T07:04:00,9.0,,,,,,,,,,,,,,,,,,,,,,100,2016-01-15T22:18:00,,,,,,,,,,,,,,,,,,,,,,,,,,,,,,,,,,,,,,,,,,,,,,,,,,,,,,,,,,,,,,,,,,,,,,,,,,
2016-01-16,1010.0,1012.5,2016-01-16T00:13:00,1007.6,2016-01-16T23:58:00,19.9,25.2,2016-01-16T14:41:00,15.3,2016-01-16T06:53:00,83,57,2016-01-16T12:43:00,0.9,355,4.1,316.0,2016-01-16T11:39:00,0.0,,,,,,,,,,,,,,,,,,,,,,100,2016-01-16T00:01:00,,,,,,,,,,,,,,,,,,,,,,,,,,,,,,,,,,,,,,,,,,,,,,,,,,,,,,,,,,,,,,,,,,,,,,,,,,
2016-01-17,1005.9,1008.9,2016-01-17T23:11:00,1003.7,2016-01-17T13:31:00,20.2,23.0,2016-01-17T14:21:00,18.0,2016-01-17T23:51:00,94,88,2016-01-17T01:01:00,1.0,14,6.8,13.0,2016-01-17T23:56:00,12.5,,,,,,,,,,,,,,,,,,,,,,99,2016-01-17T08:06:00,,,,,,,,,,,,,,,,,,,,,,,,,,,,,,,,,,,,,,,,,,,,,,,,,,,,,,,,,,,,,,,,,,,,,,,,,,
2016-01-18,1011.3,1014.4,2016-01-18T23:14:00,1007.9,2016-01-18T02:11:00,17.7,23.0,2016-01-18T14:34:00,14.8,2016-01-18T07:02:00,79,54,2016-01-18T14:34:00,1.1,1,5.6,3.0,2016-01-18T01:25:00,0.0,,,,,,,,,,,,,,,,,,,,,,95,2016-01-18T07:03:00,,,,,,,,,,,,,,,,,,,,,,,,,,,,,,,,,,,,,,,,,,,,,,,,,,,,,,,,,,,,,,,,,,,,,,,,,,
2016-01-19,1015.5,1018.0,2016-01-19T21:57:00,1013.5,2016-01-19T03:05:00,18.1,23.8,2016-01-19T15:11:00,14.8,2016-01-19T00:37:00,78,56,2016-01-19T13:42:00,0.9,322,4.2,6.0,2016-01-19T22:11:00,0.0,,,,,,,,,,,,,,,,,,,,,,93,2016-01-19T04:43:00,,,,,,,,,,,,,,,,,,,,,,,,,,,,,,,,,,,,,,,,,,,,,,,,,,,,,,,,,,,,,,,,,,,,,,,,,,
2016-01-20,1015.9,1018.8,2016-01-20T09:13:00,1013.0,2016-01-20T14:51:00,18.1,23.6,2016-01-20T12:53:00,14.1,2016-01-20T05:52:00,79,58,2016-01-20T15:04:00,1.0,325,4.0,360.0,2016-01-20T10:26:00,0.0,,,,,,,,,,,,,,,,,,,,,,92,2016-01-20T06:43:00,,,,,,,,,,,,,,,,,,,,,,,,,,,,,,,,,,,,,,,,,,,,,,,,,,,,,,,,,,,,,,,,,,,,,,,,,,
2016-01-21,1012.2,1014.8,2016-01-21T09:43:00,1008.8,2016-01-21T15:54:00,20.3,26.8,2016-01-21T15:21:00,17.3,2016-01-21T23:34:00,81,62,2016-01-21T16:03:00,1.2,333,5.1,320.0,2016-01-21T11:38:00,0.0,,,,,,,,,,,,,,,,,,,,,,92,2016-01-21T23:56:00,,,,,,,,,,,,,,,,,,,,,,,,,,,,,,,,,,,,,,,,,,,,,,,,,,,,,,,,,,,,,,,,,,,,,,,,,,
2016-01-22,1012.7,1015.1,2016-01-22T09:11:00,1009.9,2016-01-22T14:51:00,19.5,25.0,2016-01-22T12:51:00,16.3,2016-01-22T04:21:00,82,64,2016-01-22T13:01:00,1.2,306,4.7,311.0,2016-01-22T14:09:00,0.0,,,,,,,,,,,,,,,,,,,,,,94,2016-01-22T06:36:00,,,,,,,,,,,,,,,,,,,,,,,,,,,,,,,,,,,,,,,,,,,,,,,,,,,,,,,,,,,,,,,,,,,,,,,,,,
2016-01-23,1017.3,1022.6,2016-01-23T23:21:00,1012.9,2016-01-23T03:03:00,12.9,17.8,2016-01-23T00:01:00,9.3,2016-01-23T23:02:00,89,82,2016-01-23T18:52:00,1.6,350,7.2,13.0,2016-01-23T04:50:00,4.0,,,,,,,,,,,,,,,,,,,,,,95,2016-01-23T22:01:00,,,,,,,,,,,,,,,,,,,,,,,,,,,,,,,,,,,,,,,,,,,,,,,,,,,,,,,,,,,,,,,,,,,,,,,,,,
2016-01-24,1025.5,1028.3,2016-01-24T20:35:00,1021.0,2016-01-24T02:52:00,6.7,9.7,2016-01-24T00:01:00,5.6,2016-01-24T20:07:00,81,61,2016-01-24T22:23:00,1.7,14,9.0,321.0,2016-01-24T06:46:00,9.5,,,,,,,,,,,,,,,,,,,,,,94,2016-01-24T05:11:00,,,,,,,,,,,,,,,,,,,,,,,,,,,,,,,,,,,,,,,,,,,,,,,,,,,,,,,,,,,,,,,,,,,,,,,,,,
2016-01-25,1025.3,1027.9,2016-01-25T08:35:00,1022.7,2016-01-25T15:32:00,10.1,15.2,2016-01-25T15:42:00,6.0,2016-01-25T00:01:00,61,49,2016-01-25T16:02:00,1.2,355,4.8,1.0,2016-01-25T00:04:00,0.0,,,,,,,,,,,,,,,,,,,,,,77,2016-01-25T23:53:00,,,,,,,,,,,,,,,,,,,,,,,,,,,,,,,,,,,,,,,,,,,,,,,,,,,,,,,,,,,,,,,,,,,,,,,,,,
2016-01-26,1021.8,1024.6,2016-01-26T08:21:00,1018.4,2016-01-26T15:25:00,14.9,22.1,2016-01-26T13:54:00,8.5,2016-01-26T03:36:00,69,38,2016-01-26T13:54:00,0.9,335,4.9,212.0,2016-01-26T14:54:00,0.0,,,,,,,,,,,,,,,,,,,,,,89,2016-01-26T06:21:00,,,,,,,,,,,,,,,,,,,,,,,,,,,,,,,,,,,,,,,,,,,,,,,,,,,,,,,,,,,,,,,,,,,,,,,,,,
2016-01-27,1018.8,1021.6,2016-01-27T00:01:00,1016.3,2016-01-27T14:31:00,18.1,23.7,2016-01-27T13:01:00,14.2,2016-01-27T05:04:00,76,48,2016-01-27T13:05:00,0.8,4,3.6,360.0,2016-01-27T06:32:00,1.0,,,,,,,,,,,,,,,,,,,,,,96,2016-01-27T23:53:00,,,,,,,,,,,,,,,,,,,,,,,,,,,,,,,,,,,,,,,,,,,,,,,,,,,,,,,,,,,,,,,,,,,,,,,,,,
2016-01-28,1014.9,1018.4,2016-01-28T00:06:00,1010.9,2016-01-28T14:21:00,19.4,25.5,2016-01-28T13:14:00,16.8,2016-01-28T07:22:00,86,63,2016-01-28T13:17:00,0.9,353,6.8,324.0,2016-01-28T16:48:00,1.5,,,,,,,,,,,,,,,,,,,,,,98,2016-01-28T03:05:00,,,,,,,,,,,,,,,,,,,,,,,,,,,,,,,,,,,,,,,,,,,,,,,,,,,,,,,,,,,,,,,,,,,,,,,,,,
2016-01-29,1012.8,1015.3,2016-01-29T09:31:00,1011.6,2016-01-29T04:35:00,18.8,20.5,2016-01-29T15:31:00,17.0,2016-01-29T09:55:00,94,84,2016-01-29T20:42:00,1.1,48,9.0,297.0,2016-01-29T09:37:00,20.0,,,,,,,,,,,,,,,,,,,,,,99,2016-01-29T16:31:00,,,,,,,,,,,,,,,,,,,,,,,,,,,,,,,,,,,,,,,,,,,,,,,,,,,,,,,,,,,,,,,,,,,,,,,,,,
2016-01-30,1014.6,1016.3,2016-01-30T10:31:00,1012.7,2016-01-30T04:55:00,19.6,23.2,2016-01-30T12:11:00,16.7,2016-01-30T23:34:00,87,74,2016-01-30T13:42:00,1.2,335,4.6,348.0,2016-01-30T14:34:00,0.0,,,,,,,,,,,,,,,,,,,,,,98,2016-01-30T02:11:00,,,,,,,,,,,,,,,,,,,,,,,,,,,,,,,,,,,,,,,,,,,,,,,,,,,,,,,,,,,,,,,,,,,,,,,,,,
2016-01-31,1015.3,1018.2,2016-01-31T09:13:00,1012.2,2016-01-31T14:54:00,19.2,25.5,2016-01-31T13:21:00,16.0,2016-01-31T06:03:00,82,58,2016-01-31T13:43:00,1.1,331,5.7,7.0,2016-01-31T15:41:00,0.0,,,,,,,,,,,,,,,,,,,,,,95,2016-01-31T07:01:00,,,,,,,,,,,,,,,,,,,,,,,,,,,,,,,,,,,,,,,,,,,,,,,,,,,,,,,,,,,,,,,,,,,,,,,,,,
2016-02-01,1014.7,1016.6,2016-02-01T23:39:00,1012.1,2016-02-01T14:22:00,18.3,23.0,2016-02-01T13:57:00,14.3,2016-02-01T23:51:00,81,62,2016-02-01T13:57:00,1.5,332,6.2,334.0,2016-02-01T13:32:00,0.5,,,,,,,,,,,,,,,,,,,,,,93,2016-02-01T06:01:00,,,,,,,,,,,,,,,,,,,,,,,,,,,,,,,,,,,,,,,,,,,,,,,,,,,,,,,,,,,,,,,,,,,,,,,,,,
2016-02-02,1016.7,1018.3,2016-02-02T08:43:00,1015.0,2016-02-02T13:31:00,14.8,17.0,2016-02-02T13:39:00,13.5,2016-02-02T06:04:00,87,79,2016-02-02T13:39:00,1.1,336,4.8,3.0,2016-02-02T15:17:00,0.5,,,,,,,,,,,,,,,,,,,,,,95,2016-02-02T01:22:00,,,,,,,,,,,,,,,,,,,,,,,,,,,,,,,,,,,,,,,,,,,,,,,,,,,,,,,,,,,,,,,,,,,,,,,,,,
2016-02-03,1017.0,1018.4,2016-02-03T08:15:00,1014.7,2016-02-03T14:35:00,16.9,22.5,2016-02-03T12:43:00,13.1,2016-02-03T06:45:00,79,59,2016-02-03T12:43:00,1.1,335,6.4,2.0,2016-02-03T14:57:00,0.0,,,,,,,,,,,,,,,,,,,,,,92,2016-02-03T06:51:00,,,,,,,,,,,,,,,,,,,,,,,,,,,,,,,,,,,,,,,,,,,,,,,,,,,,,,,,,,,,,,,,,,,,,,,,,,
2016-02-04,1015.0,1017.8,2016-02-04T09:13:00,1012.1,2016-02-04T15:01:00,18.0,24.0,2016-02-04T14:51:00,14.3,2016-02-04T01:47:00,83,59,2016-02-04T14:51:00,1.2,353,6.9,2.0,2016-02-04T12:28:00,1.0,,,,,,,,,,,,,,,,,,,,,,95,2016-02-04T23:52:00,,,,,,,,,,,,,,,,,,,,,,,,,,,,,,,,,,,,,,,,,,,,,,,,,,,,,,,,,,,,,,,,,,,,,,,,,,
2016-02-05,1013.1,1014.8,2016-02-05T08:43:00,1009.3,2016-02-05T15:54:00,16.9,22.6,2016-02-05T14:46:00,13.5,2016-02-05T23:22:00,83,58,2016-02-05T14:46:00,1.3,330,6.8,335.0,2016-02-05T10:12:00,2.0,,,,,,,,,,,,,,,,,,,,,,99,2016-02-05T02:06:00,,,,,,,,,,,,,,,,,,,,,,,,,,,,,,,,,,,,,,,,,,,,,,,,,,,,,,,,,,,,,,,,,,,,,,,,,,
2016-02-06,1016.4,1019.9,2016-02-06T21:02:00,1013.7,2016-02-06T00:22:00,13.6,17.1,2016-02-06T14:52:00,10.0,2016-02-06T23:21:00,65,48,2016-02-06T16:46:00,1.5,16,7.3,6.0,2016-02-06T06:21:00,0.0,,,,,,,,,,,,,,,,,,,,,,85,2016-02-06T00:13:00,,,,,,,,,,,,,,,,,,,,,,,,,,,,,,,,,,,,,,,,,,,,,,,,,,,,,,,,,,,,,,,,,,,,,,,,,,
2016-02-07,1019.3,1021.3,2016-02-07T21:22:00,1016.1,2016-02-07T14:22:00,13.5,20.7,2016-02-07T14:01:00,8.3,2016-02-07T05:48:00,58,39,2016-02-07T15:11:00,1.0,4,5.3,1.0,2016-02-07T12:53:00,0.0,,,,,,,,,,,,,,,,,,,,,,76,2016-02-07T22:51:00,,,,,,,,,,,,,,,,,,,,,,,,,,,,,,,,,,,,,,,,,,,,,,,,,,,,,,,,,,,,,,,,,,,,,,,,,,
2016-02-08,1018.8,1021.1,2016-02-08T09:24:00,1016.1,2016-02-08T15:01:00,15.0,22.8,2016-02-08T14:11:00,8.5,2016-02-08T05:41:00,57,28,2016-02-08T14:21:00,0.9,350,5.2,311.0,2016-02-08T15:05:00,0.0,,,,,,,,,,,,,,,,,,,,,,87,2016-02-08T06:51:00,,,,,,,,,,,,,,,,,,,,,,,,,,,,,,,,,,,,,,,,,,,,,,,,,,,,,,,,,,,,,,,,,,,,,,,,,,
2016-02-09,1017.3,1019.7,2016-02-09T10:01:00,1015.7,2016-02-09T14:32:00,17.2,23.3,2016-02-09T12:41:00,11.3,2016-02-09T06:31:00,58,32,2016-02-09T13:51:00,0.7,36,4.8,322.0,2016-02-09T15:21:00,0.0,,,,,,,,,,,,,,,,,,,,,,80,2016-02-09T06:41:00,,,,,,,,,,,,,,,,,,,,,,,,,,,,,,,,,,,,,,,,,,,,,,,,,,,,,,,,,,,,,,,,,,,,,,,,,,
2016-02-10,1014.0,1016.4,2016-02-10T08:49:00,1011.7,2016-02-10T15:04:00,19.3,25.2,2016-02-10T14:23:00,13.7,2016-02-10T02:22:00,55,24,2016-02-10T11:01:00,0.6,24,3.2,277.0,2016-02-10T16:05:00,0.0,,,,,,,,,,,,,,,,,,,,,,78,2016-02-10T04:41:00,,,,,,,,,,,,,,,,,,,,,,,,,,,,,,,,,,,,,,,,,,,,,,,,,,,,,,,,,,,,,,,,,,,,,,,,,,
2016-02-11,1011.5,1013.3,2016-02-11T09:08:00,1009.3,2016-02-11T13:21:00,21.8,28.7,2016-02-11T12:31:00,17.5,2016-02-11T05:48:00,70,46,2016-02-11T09:51:00,1.4,153,11.0,154.0,2016-02-11T12:55:00,4.5,,,,,,,,,,,,,,,,,,,,,,95,2016-02-11T23:51:00,,,,,,,,,,,,,,,,,,,,,,,,,,,,,,,,,,,,,,,,,,,,,,,,,,,,,,,,,,,,,,,,,,,,,,,,,,
2016-02-12,1010.8,1012.8,2016-02-12T09:16:00,1009.2,2016-02-12T14:42:00,24.4,28.5,2016-02-12T13:32:00,20.0,2016-02-12T00:03:00,86,67,2016-02-12T13:35:00,1.4,147,6.7,124.0,2016-02-12T13:20:00,4.5,,,,,,,,,,,,,,,,,,,,,,100,2016-02-12T06:31:00,,,,,,,,,,,,,,,,,,,,,,,,,,,,,,,,,,,,,,,,,,,,,,,,,,,,,,,,,,,,,,,,,,,,,,,,,,
2016-02-13,1010.1,1012.3,2016-02-13T09:14:00,1008.2,2016-02-13T14:14:00,25.5,31.8,2016-02-13T13:03:00,20.7,2016-02-13T06:03:00,69,33,2016-02-13T13:41:00,0.9,94,4.2,296.0,2016-02-13T15:03:00,0.0,,,,,,,,,,,,,,,,,,,,,,92,2016-02-13T00:23:00,,,,,,,,,,,,,,,,,,,,,,,,,,,,,,,,,,,,,,,,,,,,,,,,,,,,,,,,,,,,,,,,,,,,,,,,,,
2016-02-14,1010.8,1014.4,2016-02-14T23:36:00,1008.7,2016-02-14T14:33:00,23.3,30.0,2016-02-14T12:36:00,16.3,2016-02-14T23:58:00,71,47,2016-02-14T13:01:00,1.1,338,6.0,314.0,2016-02-14T14:17:00,0.0,,,,,,,,,,,,,,,,,,,,,,86,2016-02-14T03:03:00,,,,,,,,,,,,,,,,,,,,,,,,,,,,,,,,,,,,,,,,,,,,,,,,,,,,,,,,,,,,,,,,,,,,,,,,,,
2016-02-15,1017.4,1019.8,2016-02-15T21:42:00,1014.3,2016-02-15T00:01:00,14.6,17.5,2016-02-15T11:41:00,12.3,2016-02-15T09:21:00,75,66,2016-02-15T14:01:00,1.2,337,5.0,346.0,2016-02-15T04:35:00,0.0,,,,,,,,,,,,,,,,,,,,,,83,2016-02-15T04:12:00,,,,,,,,,,,,,,,,,,,,,,,,,,,,,,,,,,,,,,,,,,,,,,,,,,,,,,,,,,,,,,,,,,,,,,,,,,
2016-02-16,1019.0,1020.6,2016-02-16T09:31:00,1016.8,2016-02-16T15:27:00,14.7,17.1,2016-02-16T15:31:00,13.1,2016-02-16T04:28:00,79,71,2016-02-16T14:11:00,0.9,327,3.8,360.0,2016-02-16T04:28:00,0.0,,,,,,,,,,,,,,,,,,,,,,88,2016-02-16T23:32:00,,,,,,,,,,,,,,,,,,,,,,,,,,,,,,,,,,,,,,,,,,,,,,,,,,,,,,,,,,,,,,,,,,,,,,,,,,
2016-02-17,1017.9,1019.9,2016-02-17T09:06:00,1015.5,2016-02-17T15:01:00,17.4,22.5,2016-02-17T14:01:00,13.6,2016-02-17T04:52:00,73,48,2016-02-17T14:43:00,0.9,303,4.1,294.0,2016-02-17T14:18:00,0.0,,,,,,,,,,,,,,,,,,,,,,90,2016-02-17T01:41:00,,,,,,,,,,,,,,,,,,,,,,,,,,,,,,,,,,,,,,,,,,,,,,,,,,,,,,,,,,,,,,,,,,,,,,,,,,
2016-02-18,1016.1,1018.2,2016-02-18T09:04:00,1013.6,2016-02-18T14:52:00,19.1,25.0,2016-02-18T12:54:00,15.6,2016-02-18T05:56:00,75,50,2016-02-18T12:54:00,1.1,20,5.2,273.0,2016-02-18T14:16:00,0.0,,,,,,,,,,,,,,,,,,,,,,91,2016-02-18T23:59:00,,,,,,,,,,,,,,,,,,,,,,,,,,,,,,,,,,,,,,,,,,,,,,,,,,,,,,,,,,,,,,,,,,,,,,,,,,
2016-02-19,1014.5,1016.6,2016-02-19T00:09:00,1011.3,2016-02-19T15:22:00,20.3,26.6,2016-02-19T12:01:00,16.1,2016-02-19T05:41:00,78,44,2016-02-19T12:12:00,1.2,342,5.7,6.0,2016-02-19T20:52:00,0.0,,,,,,,,,,,,,,,,,,,,,,98,2016-02-19T06:01:00,,,,,,,,,,,,,,,,,,,,,,,,,,,,,,,,,,,,,,,,,,,,,,,,,,,,,,,,,,,,,,,,,,,,,,,,,,
2016-02-20,1016.0,1018.2,2016-02-20T22:05:00,1013.7,2016-02-20T15:21:00,17.8,22.3,2016-02-20T12:58:00,16.0,2016-02-20T02:51:00,73,57,2016-02-20T12:58:00,1.3,336,5.6,337.0,2016-02-20T11:22:00,0.0,,,,,,,,,,,,,,,,,,,,,,92,2016-02-20T03:05:00,,,,,,,,,,,,,,,,,,,,,,,,,,,,,,,,,,,,,,,,,,,,,,,,,,,,,,,,,,,,,,,,,,,,,,,,,,
2016-02-21,1017.6,1018.8,2016-02-21T10:11:00,1015.7,2016-02-21T15:21:00,19.4,23.7,2016-02-21T13:54:00,15.3,2016-02-21T06:12:00,69,53,2016-02-21T13:58:00,0.9,296,4.7,302.0,2016-02-21T12:19:00,0.0,,,,,,,,,,,,,,,,,,,,,,80,2016-02-21T06:41:00,,,,,,,,,,,,,,,,,,,,,,,,,,,,,,,,,,,,,,,,,,,,,,,,,,,,,,,,,,,,,,,,,,,,,,,,,,
2016-02-22,1016.3,1018.1,2016-02-22T00:01:00,1013.5,2016-02-22T15:12:00,21.1,26.7,2016-02-22T12:31:00,17.1,2016-02-22T03:33:00,73,53,2016-02-22T12:01:00,1.0,4,4.6,311.0,2016-02-22T14:21:00,0.0,,,,,,,,,,,,,,,,,,,,,,86,2016-02-22T03:01:00,,,,,,,,,,,,,,,,,,,,,,,,,,,,,,,,,,,,,,,,,,,,,,,,,,,,,,,,,,,,,,,,,,,,,,,,,,
2016-02-23,1015.9,1018.1,2016-02-23T22:43:00,1013.6,2016-02-23T15:21:00,20.1,25.3,2016-02-23T15:34:00,16.5,2016-02-23T23:28:00,77,59,2016-02-23T14:25:00,1.2,328,5.1,320.0,2016-02-23T11:31:00,0.0,,,,,,,,,,,,,,,,,,,,,,96,2016-02-23T05:42:00,,,,,,,,,,,,,,,,,,,,,,,,,,,,,,,,,,,,,,,,,,,,,,,,,,,,,,,,,,,,,,,,,,,,,,,,,,
2016-02-24,1020.0,1022.5,2016-02-24T22:43:00,1017.3,2016-02-24T02:42:00,17.3,20.3,2016-02-24T14:33:00,15.5,2016-02-24T05:14:00,79,68,2016-02-24T14:35:00,1.0,14,3.9,360.0,2016-02-24T05:28:00,0.0,,,,,,,,,,,,,,,,,,,,,,90,2016-02-24T08:54:00,,,,,,,,,,,,,,,,,,,,,,,,,,,,,,,,,,,,,,,,,,,,,,,,,,,,,,,,,,,,,,,,,,,,,,,,,,
2016-02-25,1022.1,1024.1,2016-02-25T09:01:00,1020.3,2016-02-25T03:26:00,18.5,22.5,2016-02-25T12:05:00,15.5,2016-02-25T06:02:00,73,59,2016-02-25T12:05:00,0.9,3,4.1,293.0,2016-02-25T13:23:00,0.0,,,,,,,,,,,,,,,,,,,,,,82,2016-02-25T06:01:00,,,,,,,,,,,,,,,,,,,,,,,,,,,,,,,,,,,,,,,,,,,,,,,,,,,,,,,,,,,,,,,,,,,,,,,,,,
2016-02-26,1020.7,1023.0,2016-02-26T00:10:00,1017.4,2016-02-26T15:27:00,19.4,25.0,2016-02-26T13:51:00,16.3,2016-02-26T04:46:00,72,51,2016-02-26T13:51:00,1.0,344,5.2,360.0,2016-02-26T17:07:00,0.0,,,,,,,,,,,,,,,,,,,,,,84,2016-02-26T05:43:00,,,,,,,,,,,,,,,,,,,,,,,,,,,,,,,,,,,,,,,,,,,,,,,,,,,,,,,,,,,,,,,,,,,,,,,,,,
2016-02-27,1018.2,1020.1,2016-02-27T00:01:00,1015.6,2016-02-27T14:55:00,18.4,24.3,2016-02-27T14:49:00,14.8,2016-02-27T05:13:00,79,53,2016-02-27T14:51:00,1.3,338,6.2,352.0,2016-02-27T15:29:00,0.0,,,,,,,,,,,,,,,,,,,,,,94,2016-02-27T05:13:00,,,,,,,,,,,,,,,,,,,,,,,,,,,,,,,,,,,,,,,,,,,,,,,,,,,,,,,,,,,,,,,,,,,,,,,,,,
2016-02-28,1017.1,1018.5,2016-02-28T23:26:00,1014.8,2016-02-28T15:22:00,20.4,26.7,2016-02-28T12:36:00,15.2,2016-02-28T03:56:00,77,50,2016-02-28T12:21:00,1.0,7,4.8,293.0,2016-02-28T13:48:00,0.0,,,,,,,,,,,,,,,,,,,,,,98,2016-02-28T03:54:00,,,,,,,,,,,,,,,,,,,,,,,,,,,,,,,,,,,,,,,,,,,,,,,,,,,,,,,,,,,,,,,,,,,,,,,,,,
2016-02-29,1018.2,1020.4,2016-02-29T23:35:00,1016.0,2016-02-29T14:31:00,20.6,27.0,2016-02-29T14:02:00,15.8,2016-02-29T23:51:00,68,36,2016-02-29T16:23:00,1.1,355,6.7,19.0,2016-02-29T15:46:00,0.0,,,,,,,,,,,,,,,,,,,,,,98,2016-02-29T07:31:00,,,,,,,,,,,,,,,,,,,,,,,,,,,,,,,,,,,,,,,,,,,,,,,,,,,,,,,,,,,,,,,,,,,,,,,,,,
2016-03-01,1019.3,1020.8,2016-03-01T08:01:00,1017.1,2016-03-01T15:24:00,18.3,23.1,2016-03-01T13:41:00,13.0,2016-03-01T05:46:00,64,47,2016-03-01T13:41:00,1.0,11,4.4,281.0,2016-03-01T11:34:00,0.0,,,,,,,,,,,,,,,,,,,,,,80,2016-03-01T04:12:00,,,,,,,,,,,,,,,,,,,,,,,,,,,,,,,,,,,,,,,,,,,,,,,,,,,,,,,,,,,,,,,,,,,,,,,,,,
2016-03-02,1018.9,1020.7,2016-03-02T08:42:00,1016.9,2016-03-02T15:04:00,19.1,23.8,2016-03-02T14:21:00,14.7,2016-03-02T04:31:00,65,46,2016-03-02T14:01:00,0.9,341,5.3,311.0,2016-03-02T13:02:00,0.0,,,,,,,,,,,,,,,,,,,,,,85,2016-03-02T04:41:00,,,,,,,,,,,,,,,,,,,,,,,,,,,,,,,,,,,,,,,,,,,,,,,,,,,,,,,,,,,,,,,,,,,,,,,,,,
2016-03-03,1016.7,1019.1,2016-03-03T08:24:00,1014.4,2016-03-03T15:21:00,20.2,24.8,2016-03-03T13:51:00,15.0,2016-03-03T04:22:00,65,38,2016-03-03T12:49:00,0.9,3,4.2,316.0,2016-03-03T13:09:00,0.0,,,,,,,,,,,,,,,,,,,,,,84,2016-03-03T04:22:00,,,,,,,,,,,,,,,,,,,,,,,,,,,,,,,,,,,,,,,,,,,,,,,,,,,,,,,,,,,,,,,,,,,,,,,,,,
2016-03-04,1013.9,1015.7,2016-03-04T00:01:00,1011.4,2016-03-04T15:46:00,22.3,26.8,2016-03-04T13:34:00,17.8,2016-03-04T05:59:00,64,44,2016-03-04T13:01:00,0.7,331,4.4,5.0,2016-03-04T10:13:00,0.0,,,,,,,,,,,,,,,,,,,,,,84,2016-03-04T06:01:00,,,,,,,,,,,,,,,,,,,,,,,,,,,,,,,,,,,,,,,,,,,,,,,,,,,,,,,,,,,,,,,,,,,,,,,,,,
2016-03-05,1011.7,1013.6,2016-03-05T07:23:00,1008.7,2016-03-05T16:13:00,23.6,29.3,2016-03-05T11:51:00,18.2,2016-03-05T05:53:00,70,46,2016-03-05T11:52:00,0.8,24,4.6,226.0,2016-03-05T13:37:00,0.0,,,,,,,,,,,,,,,,,,,,,,88,2016-03-05T05:53:00,,,,,,,,,,,,,,,,,,,,,,,,,,,,,,,,,,,,,,,,,,,,,,,,,,,,,,,,,,,,,,,,,,,,,,,,,,
2016-03-06,1010.7,1012.5,2016-03-06T08:41:00,1008.4,2016-03-06T15:47:00,24.6,29.7,2016-03-06T13:54:00,20.8,2016-03-06T06:52:00,68,43,2016-03-06T12:32:00,1.0,301,6.0,314.0,2016-03-06T14:57:00,0.0,,,,,,,,,,,,,,,,,,,,,,86,2016-03-06T04:51:00,,,,,,,,,,,,,,,,,,,,,,,,,,,,,,,,,,,,,,,,,,,,,,,,,,,,,,,,,,,,,,,,,,,,,,,,,,
2016-03-07,1010.8,1012.5,2016-03-07T08:23:00,1008.9,2016-03-07T16:21:00,23.5,27.6,2016-03-07T15:13:00,19.1,2016-03-07T06:41:00,77,63,2016-03-07T11:12:00,0.8,349,4.5,262.0,2016-03-07T12:06:00,0.0,,,,,,,,,,,,,,,,,,,,,,90,2016-03-07T07:11:00,,,,,,,,,,,,,,,,,,,,,,,,,,,,,,,,,,,,,,,,,,,,,,,,,,,,,,,,,,,,,,,,,,,,,,,,,,
2016-03-08,1008.8,1011.2,2016-03-08T08:11:00,1005.9,2016-03-08T14:54:00,25.1,29.0,2016-03-08T11:31:00,21.1,2016-03-08T05:15:00,74,56,2016-03-08T17:01:00,1.2,156,6.4,152.0,2016-03-08T14:23:00,0.0,,,,,,,,,,,,,,,,,,,,,,91,2016-03-08T04:51:00,,,,,,,,,,,,,,,,,,,,,,,,,,,,,,,,,,,,,,,,,,,,,,,,,,,,,,,,,,,,,,,,,,,,,,,,,,
2016-03-09,1008.8,1011.6,2016-03-09T23:56:00,1006.8,2016-03-09T14:33:00,24.1,29.5,2016-03-09T11:41:00,19.5,2016-03-09T23:56:00,76,58,2016-03-09T11:41:00,1.0,335,5.3,297.0,2016-03-09T14:13:00,0.0,,,,,,,,,,,,,,,,,,,,,,85,2016-03-09T06:21:00,,,,,,,,,,,,,,,,,,,,,,,,,,,,,,,,,,,,,,,,,,,,,,,,,,,,,,,,,,,,,,,,,,,,,,,,,,
2016-03-10,1012.8,1016.3,2016-03-10T23:56:00,1010.5,2016-03-10T03:51:00,17.0,20.5,2016-03-10T08:26:00,12.7,2016-03-10T22:31:00,87,78,2016-03-10T10:03:00,1.2,319,7.0,325.0,2016-03-10T19:33:00,6.5,,,,,,,,,,,,,,,,,,,,,,97,2016-03-10T22:12:00,,,,,,,,,,,,,,,,,,,,,,,,,,,,,,,,,,,,,,,,,,,,,,,,,,,,,,,,,,,,,,,,,,,,,,,,,,
2016-03-11,1015.9,1017.6,2016-03-11T09:31:00,1014.1,2016-03-11T02:24:00,14.2,16.5,2016-03-11T12:31:00,12.0,2016-03-11T04:13:00,93,84,2016-03-11T12:52:00,1.0,16,4.9,328.0,2016-03-11T03:16:00,10.5,,,,,,,,,,,,,,,,,,,,,,99,2016-03-11T06:31:00,,,,,,,,,,,,,,,,,,,,,,,,,,,,,,,,,,,,,,,,,,,,,,,,,,,,,,,,,,,,,,,,,,,,,,,,,,
2016-03-12,1013.6,1016.1,2016-03-12T00:02:00,1011.0,2016-03-12T15:25:00,18.9,24.0,2016-03-12T13:22:00,14.5,2016-03-12T00:12:00,80,58,2016-03-12T12:29:00,0.9,317,5.6,314.0,2016-03-12T14:36:00,0.0,,,,,,,,,,,,,,,,,,,,,,96,2016-03-12T05:27:00,,,,,,,,,,,,,,,,,,,,,,,,,,,,,,,,,,,,,,,,,,,,,,,,,,,,,,,,,,,,,,,,,,,,,,,,,,
2016-03-13,1010.1,1013.0,2016-03-13T00:01:00,1006.7,2016-03-13T16:33:00,21.1,25.2,2016-03-13T22:18:00,17.8,2016-03-13T05:51:00,89,75,2016-03-13T15:02:00,1.0,149,9.3,324.0,2016-03-13T23:22:00,1.0,,,,,,,,,,,,,,,,,,,,,,99,2016-03-13T22:52:00,,,,,,,,,,,,,,,,,,,,,,,,,,,,,,,,,,,,,,,,,,,,,,,,,,,,,,,,,,,,,,,,,,,,,,,,,,
2016-03-14,1011.3,1013.2,2016-03-14T20:52:00,1008.8,2016-03-14T03:32:00,17.2,20.0,2016-03-14T00:51:00,16.0,2016-03-14T08:16:00,92,83,2016-03-14T12:53:00,1.1,5,5.6,349.0,2016-03-14T02:59:00,3.0,,,,,,,,,,,,,,,,,,,,,,98,2016-03-14T07:51:00,,,,,,,,,,,,,,,,,,,,,,,,,,,,,,,,,,,,,,,,,,,,,,,,,,,,,,,,,,,,,,,,,,,,,,,,,,
2016-03-15,1012.2,1014.2,2016-03-15T09:15:00,1010.6,2016-03-15T15:11:00,17.2,19.3,2016-03-15T15:17:00,15.8,2016-03-15T03:32:00,96,85,2016-03-15T15:18:00,0.8,333,3.7,347.0,2016-03-15T19:18:00,0.5,,,,,,,,,,,,,,,,,,,,,,100,2016-03-15T03:22:00,,,,,,,,,,,,,,,,,,,,,,,,,,,,,,,,,,,,,,,,,,,,,,,,,,,,,,,,,,,,,,,,,,,,,,,,,,
2016-03-16,1010.8,1013.2,2016-03-16T08:41:00,1008.1,2016-03-16T14:31:00,21.3,28.6,2016-03-16T14:11:00,16.5,2016-03-16T01:01:00,80,52,2016-03-16T14:14:00,1.0,345,4.6,294.0,2016-03-16T16:05:00,0.0,,,,,,,,,,,,,,,,,,,,,,98,2016-03-16T01:01:00,,,,,,,,,,,,,,,,,,,,,,,,,,,,,,,,,,,,,,,,,,,,,,,,,,,,,,,,,,,,,,,,,,,,,,,,,,
2016-03-17,1010.6,1012.6,2016-03-17T08:28:00,1008.6,2016-03-17T17:11:00,23.3,28.5,2016-03-17T11:41:00,18.7,2016-03-17T01:11:00,80,57,2016-03-17T11:26:00,0.6,325,3.9,222.0,2016-03-17T13:16:00,0.0,,,,,,,,,,,,,,,,,,,,,,96,2016-03-17T02:07:00,,,,,,,,,,,,,,,,,,,,,,,,,,,,,,,,,,,,,,,,,,,,,,,,,,,,,,,,,,,,,,,,,,,,,,,,,,
2016-03-18,1008.4,1010.1,2016-03-18T09:11:00,1006.2,2016-03-18T14:48:00,25.6,30.5,2016-03-18T13:11:00,20.8,2016-03-18T01:46:00,80,60,2016-03-18T12:02:00,1.2,157,7.8,138.0,2016-03-18T11:49:00,0.0,,,,,,,,,,,,,,,,,,,,,,95,2016-03-18T23:08:00,,,,,,,,,,,,,,,,,,,,,,,,,,,,,,,,,,,,,,,,,,,,,,,,,,,,,,,,,,,,,,,,,,,,,,,,,,
2016-03-19,1009.4,1012.3,2016-03-19T22:59:00,1007.4,2016-03-19T15:08:00,25.4,30.0,2016-03-19T13:42:00,23.0,2016-03-19T04:37:00,83,60,2016-03-19T13:42:00,1.1,343,6.7,325.0,2016-03-19T15:28:00,0.0,,,,,,,,,,,,,,,,,,,,,,100,2016-03-19T04:42:00,,,,,,,,,,,,,,,,,,,,,,,,,,,,,,,,,,,,,,,,,,,,,,,,,,,,,,,,,,,,,,,,,,,,,,,,,,
2016-03-20,1010.8,1012.8,2016-03-20T09:25:00,1009.5,2016-03-20T01:03:00,23.9,28.5,2016-03-20T14:32:00,21.1,2016-03-20T08:08:00,83,62,2016-03-20T12:51:00,1.1,146,5.1,19.0,2016-03-20T07:43:00,0.0,,,,,,,,,,,,,,,,,,,,,,99,2016-03-20T07:32:00,,,,,,,,,,,,,,,,,,,,,,,,,,,,,,,,,,,,,,,,,,,,,,,,,,,,,,,,,,,,,,,,,,,,,,,,,,
2016-03-21,1011.0,1012.8,2016-03-21T23:11:00,1009.5,2016-03-21T14:26:00,21.6,27.7,2016-03-21T11:31:00,19.2,2016-03-21T23:21:00,83,61,2016-03-21T11:31:00,1.1,319,6.7,355.0,2016-03-21T13:33:00,3.0,,,,,,,,,,,,,,,,,,,,,,96,2016-03-21T19:02:00,,,,,,,,,,,,,,,,,,,,,,,,,,,,,,,,,,,,,,,,,,,,,,,,,,,,,,,,,,,,,,,,,,,,,,,,,,
2016-03-22,1009.7,1012.1,2016-03-22T00:01:00,1007.1,2016-03-22T16:15:00,22.6,27.7,2016-03-22T13:54:00,18.8,2016-03-22T03:01:00,83,58,2016-03-22T13:13:00,0.8,334,5.1,305.0,2016-03-22T14:16:00,2.0,,,,,,,,,,,,,,,,,,,,,,99,2016-03-22T03:43:00,,,,,,,,,,,,,,,,,,,,,,,,,,,,,,,,,,,,,,,,,,,,,,,,,,,,,,,,,,,,,,,,,,,,,,,,,,
2016-03-23,1008.8,1012.2,2016-03-23T23:37:00,1006.8,2016-03-23T14:51:00,22.9,27.6,2016-03-23T12:23:00,19.0,2016-03-23T23:51:00,87,62,2016-03-23T12:32:00,1.0,2,5.4,145.0,2016-03-23T13:11:00,10.0,,,,,,,,,,,,,,,,,,,,,,98,2016-03-23T22:52:00,,,,,,,,,,,,,,,,,,,,,,,,,,,,,,,,,,,,,,,,,,,,,,,,,,,,,,,,,,,,,,,,,,,,,,,,,,
2016-03-24,1013.8,1016.8,2016-03-24T23:11:00,1010.1,2016-03-24T02:16:00,15.6,19.2,2016-03-24T00:01:00,13.1,2016-03-24T23:55:00,96,91,2016-03-24T07:30:00,1.1,340,6.0,318.0,2016-03-24T02:55:00,17.0,,,,,,,,,,,,,,,,,,,,,,100,2016-03-24T18:51:00,,,,,,,,,,,,,,,,,,,,,,,,,,,,,,,,,,,,,,,,,,,,,,,,,,,,,,,,,,,,,,,,,,,,,,,,,,
2016-03-25,1016.9,1018.9,2016-03-25T20:31:00,1014.5,2016-03-25T14:24:00,13.5,14.7,2016-03-25T14:28:00,12.5,2016-03-25T04:01:00,96,89,2016-03-25T16:13:00,1.1,351,5.1,327.0,2016-03-25T14:50:00,14.0,,,,,,,,,,,,,,,,,,,,,,99,2016-03-25T06:35:00,,,,,,,,,,,,,,,,,,,,,,,,,,,,,,,,,,,,,,,,,,,,,,,,,,,,,,,,,,,,,,,,,,,,,,,,,,
2016-03-26,1017.0,1018.6,2016-03-26T08:47:00,1014.2,2016-03-26T15:01:00,16.7,23.0,2016-03-26T15:32:00,11.0,2016-03-26T06:12:00,71,47,2016-03-26T14:21:00,1.1,341,5.2,73.0,2016-03-26T00:25:00,0.0,,,,,,,,,,,,,,,,,,,,,,94,2016-03-26T00:01:00,,,,,,,,,,,,,,,,,,,,,,,,,,,,,,,,,,,,,,,,,,,,,,,,,,,,,,,,,,,,,,,,,,,,,,,,,,
2016-03-27,1018.2,1020.0,2016-03-27T09:01:00,1016.2,2016-03-27T02:43:00,17.5,23.0,2016-03-27T13:04:00,13.1,2016-03-27T23:52:00,62,33,2016-03-27T12:03:00,1.2,356,6.8,317.0,2016-03-27T14:47:00,0.0,,,,,,,,,,,,,,,,,,,,,,87,2016-03-27T04:58:00,,,,,,,,,,,,,,,,,,,,,,,,,,,,,,,,,,,,,,,,,,,,,,,,,,,,,,,,,,,,,,,,,,,,,,,,,,
2016-03-28,1018.9,1020.4,2016-03-28T08:04:00,1017.0,2016-03-28T15:25:00,18.3,24.5,2016-03-28T14:32:00,11.8,2016-03-28T06:01:00,58,35,2016-03-28T14:54:00,0.9,1,5.0,230.0,2016-03-28T12:30:00,0.0,,,,,,,,,,,,,,,,,,,,,,89,2016-03-28T06:12:00,,,,,,,,,,,,,,,,,,,,,,,,,,,,,,,,,,,,,,,,,,,,,,,,,,,,,,,,,,,,,,,,,,,,,,,,,,
2016-03-29,1017.4,1020.1,2016-03-29T08:44:00,1014.8,2016-03-29T15:31:00,20.8,27.1,2016-03-29T13:13:00,14.5,2016-03-29T05:29:00,59,35,2016-03-29T12:06:00,0.8,12,4.7,288.0,2016-03-29T13:20:00,0.0,,,,,,,,,,,,,,,,,,,,,,78,2016-03-29T23:51:00,,,,,,,,,,,,,,,,,,,,,,,,,,,,,,,,,,,,,,,,,,,,,,,,,,,,,,,,,,,,,,,,,,,,,,,,,,
2016-03-30,1014.3,1016.8,2016-03-30T00:01:00,1011.8,2016-03-30T14:46:00,23.7,30.2,2016-03-30T13:21:00,17.7,2016-03-30T05:26:00,66,41,2016-03-30T13:21:00,0.9,167,5.0,143.0,2016-03-30T13:27:00,0.0,,,,,,,,,,,,,,,,,,,,,,83,2016-03-30T22:21:00,,,,,,,,,,,,,,,,,,,,,,,,,,,,,,,,,,,,,,,,,,,,,,,,,,,,,,,,,,,,,,,,,,,,,,,,,,
2016-03-31,1010.6,1013.1,2016-03-31T00:01:00,1008.8,2016-03-31T15:54:00,25.0,29.3,2016-03-31T13:21:00,22.3,2016-03-31T02:25:00,77,60,2016-03-31T13:53:00,0.9,3,4.9,152.0,2016-03-31T11:45:00,0.0,,,,,,,,,,,,,,,,,,,,,,88,2016-03-31T23:52:00,,,,,,,,,,,,,,,,,,,,,,,,,,,,,,,,,,,,,,,,,,,,,,,,,,,,,,,,,,,,,,,,,,,,,,,,,,
2016-04-01,1010.7,1012.4,2016-04-01T09:17:00,1008.7,2016-04-01T02:41:00,24.2,28.0,2016-04-01T15:02:00,21.0,2016-04-01T04:22:00,79,61,2016-04-01T15:02:00,0.8,355,4.1,276.0,2016-04-01T12:22:00,0.0,,,,,,,,,,,,,,,,,,,,,,97,2016-04-01T06:36:00,,,,,,,,,,,,,,,,,,,,,,,,,,,,,,,,,,,,,,,,,,,,,,,,,,,,,,,,,,,,,,,,,,,,,,,,,,
2016-04-02,1011.5,1013.2,2016-04-02T09:21:00,1009.3,2016-04-02T15:49:00,25.4,30.2,2016-04-02T14:03:00,21.5,2016-04-02T06:32:00,77,57,2016-04-02T14:03:00,0.8,349,3.9,212.0,2016-04-02T15:26:00,0.0,,,,,,,,,,,,,,,,,,,,,,95,2016-04-02T06:32:00,,,,,,,,,,,,,,,,,,,,,,,,,,,,,,,,,,,,,,,,,,,,,,,,,,,,,,,,,,,,,,,,,,,,,,,,,,
2016-04-03,1010.4,1012.4,2016-04-03T00:01:00,1008.3,2016-04-03T17:02:00,26.3,31.1,2016-04-03T12:31:00,22.7,2016-04-03T05:51:00,77,56,2016-04-03T12:33:00,1.0,16,5.0,325.0,2016-04-03T14:21:00,0.0,,,,,,,,,,,,,,,,,,,,,,91,2016-04-03T06:11:00,,,,,,,,,,,,,,,,,,,,,,,,,,,,,,,,,,,,,,,,,,,,,,,,,,,,,,,,,,,,,,,,,,,,,,,,,,
2016-04-04,1009.1,1010.9,2016-04-04T23:11:00,1007.2,2016-04-04T16:44:00,26.1,30.5,2016-04-04T10:41:00,22.2,2016-04-04T05:05:00,75,52,2016-04-04T10:32:00,1.0,300,6.2,300.0,2016-04-04T11:12:00,0.0,,,,,,,,,,,,,,,,,,,,,,92,2016-04-04T04:43:00,,,,,,,,,,,,,,,,,,,,,,,,,,,,,,,,,,,,,,,,,,,,,,,,,,,,,,,,,,,,,,,,,,,,,,,,,,
2016-04-05,1010.3,1012.2,2016-04-05T08:36:00,1008.3,2016-04-05T16:07:00,26.0,30.6,2016-04-05T11:18:00,22.0,2016-04-05T06:52:00,73,51,2016-04-05T10:01:00,0.8,285,4.8,319.0,2016-04-05T14:38:00,0.0,,,,,,,,,,,,,,,,,,,,,,93,2016-04-05T07:11:00,,,,,,,,,,,,,,,,,,,,,,,,,,,,,,,,,,,,,,,,,,,,,,,,,,,,,,,,,,,,,,,,,,,,,,,,,,
2016-04-06,1009.4,1011.9,2016-04-06T08:14:00,1007.0,2016-04-06T15:01:00,28.0,33.2,2016-04-06T13:14:00,22.5,2016-04-06T05:44:00,66,44,2016-04-06T13:14:00,1.7,154,8.1,143.0,2016-04-06T16:10:00,0.0,,,,,,,,,,,,,,,,,,,,,,91,2016-04-06T03:05:00,,,,,,,,,,,,,,,,,,,,,,,,,,,,,,,,,,,,,,,,,,,,,,,,,,,,,,,,,,,,,,,,,,,,,,,,,,
2016-04-07,1009.8,1011.4,2016-04-07T21:31:00,1008.0,2016-04-07T16:21:00,28.7,32.6,2016-04-07T13:41:00,25.3,2016-04-07T04:36:00,70,55,2016-04-07T14:11:00,1.8,151,8.6,170.0,2016-04-07T10:06:00,0.0,,,,,,,,,,,,,,,,,,,,,,84,2016-04-07T23:11:00,,,,,,,,,,,,,,,,,,,,,,,,,,,,,,,,,,,,,,,,,,,,,,,,,,,,,,,,,,,,,,,,,,,,,,,,,,
2016-04-08,1009.5,1010.9,2016-04-08T00:01:00,1007.4,2016-04-08T15:52:00,27.8,32.0,2016-04-08T15:22:00,24.5,2016-04-08T05:55:00,72,42,2016-04-08T15:39:00,1.1,309,6.6,318.0,2016-04-08T12:32:00,0.0,,,,,,,,,,,,,,,,,,,,,,90,2016-04-08T05:55:00,,,,,,,,,,,,,,,,,,,,,,,,,,,,,,,,,,,,,,,,,,,,,,,,,,,,,,,,,,,,,,,,,,,,,,,,,,
2016-04-09,1008.4,1010.0,2016-04-09T00:01:00,1005.4,2016-04-09T16:01:00,26.9,32.0,2016-04-09T13:51:00,23.1,2016-04-09T03:31:00,70,43,2016-04-09T13:59:00,1.0,289,5.3,294.0,2016-04-09T12:26:00,0.0,,,,,,,,,,,,,,,,,,,,,,88,2016-04-09T03:14:00,,,,,,,,,,,,,,,,,,,,,,,,,,,,,,,,,,,,,,,,,,,,,,,,,,,,,,,,,,,,,,,,,,,,,,,,,,
2016-04-10,1006.7,1009.2,2016-04-10T21:33:00,1004.6,2016-04-10T15:22:00,26.8,33.2,2016-04-10T11:52:00,22.3,2016-04-10T19:03:00,71,41,2016-04-10T13:21:00,1.2,5,8.3,292.0,2016-04-10T17:50:00,10.5,,,,,,,,,,,,,,,,,,,,,,95,2016-04-10T19:01:00,,,,,,,,,,,,,,,,,,,,,,,,,,,,,,,,,,,,,,,,,,,,,,,,,,,,,,,,,,,,,,,,,,,,,,,,,,
2016-04-11,1006.8,1008.9,2016-04-11T05:36:00,1005.1,2016-04-11T14:23:00,24.2,28.5,2016-04-11T10:41:00,21.0,2016-04-11T19:15:00,84,61,2016-04-11T10:41:00,1.2,5,7.1,2.0,2016-04-11T18:56:00,41.5,,,,,,,,,,,,,,,,,,,,,,97,2016-04-11T19:11:00,,,,,,,,,,,,,,,,,,,,,,,,,,,,,,,,,,,,,,,,,,,,,,,,,,,,,,,,,,,,,,,,,,,,,,,,,,
2016-04-12,1005.8,1008.1,2016-04-12T07:23:00,1002.9,2016-04-12T16:17:00,25.7,30.5,2016-04-12T14:21:00,21.6,2016-04-12T02:41:00,78,56,2016-04-12T14:31:00,0.9,3,4.9,212.0,2016-04-12T14:46:00,2.0,,,,,,,,,,,,,,,,,,,,,,94,2016-04-12T02:54:00,,,,,,,,,,,,,,,,,,,,,,,,,,,,,,,,,,,,,,,,,,,,,,,,,,,,,,,,,,,,,,,,,,,,,,,,,,
2016-04-13,1004.2,1006.4,2016-04-13T22:17:00,1000.8,2016-04-13T12:32:00,25.5,30.2,2016-04-13T10:33:00,23.1,2016-04-13T22:31:00,83,62,2016-04-13T09:02:00,1.3,77,7.9,140.0,2016-04-13T13:51:00,23.0,,,,,,,,,,,,,,,,,,,,,,94,2016-04-13T17:52:00,,,,,,,,,,,,,,,,,,,,,,,,,,,,,,,,,,,,,,,,,,,,,,,,,,,,,,,,,,,,,,,,,,,,,,,,,,
2016-04-14,1007.2,1009.7,2016-04-14T22:35:00,1004.5,2016-04-14T02:11:00,25.1,28.5,2016-04-14T08:52:00,22.5,2016-04-14T04:48:00,88,64,2016-04-14T08:57:00,1.1,139,6.2,317.0,2016-04-14T19:18:00,61.0,,,,,,,,,,,,,,,,,,,,,,99,2016-04-14T20:02:00,,,,,,,,,,,,,,,,,,,,,,,,,,,,,,,,,,,,,,,,,,,,,,,,,,,,,,,,,,,,,,,,,,,,,,,,,,
2016-04-15,1008.9,1010.5,2016-04-15T21:33:00,1007.1,2016-04-15T03:15:00,25.7,29.7,2016-04-15T15:41:00,23.0,2016-04-15T05:06:00,87,69,2016-04-15T16:32:00,1.3,154,6.3,137.0,2016-04-15T10:06:00,69.5,,,,,,,,,,,,,,,,,,,,,,100,2016-04-15T03:41:00,,,,,,,,,,,,,,,,,,,,,,,,,,,,,,,,,,,,,,,,,,,,,,,,,,,,,,,,,,,,,,,,,,,,,,,,,,
2016-04-16,1008.1,1010.0,2016-04-16T22:21:00,1006.1,2016-04-16T16:51:00,27.8,33.5,2016-04-16T14:41:00,22.5,2016-04-16T05:13:00,72,45,2016-04-16T15:21:00,1.1,4,7.0,153.0,2016-04-16T11:45:00,0.0,,,,,,,,,,,,,,,,,,,,,,100,2016-04-16T00:01:00,,,,,,,,,,,,,,,,,,,,,,,,,,,,,,,,,,,,,,,,,,,,,,,,,,,,,,,,,,,,,,,,,,,,,,,,,,
2016-04-17,1008.2,1009.8,2016-04-17T09:02:00,1006.0,2016-04-17T15:52:00,28.2,32.3,2016-04-17T11:14:00,23.8,2016-04-17T06:01:00,71,54,2016-04-17T16:06:00,0.9,283,4.7,267.0,2016-04-17T13:27:00,0.0,,,,,,,,,,,,,,,,,,,,,,84,2016-04-17T23:11:00,,,,,,,,,,,,,,,,,,,,,,,,,,,,,,,,,,,,,,,,,,,,,,,,,,,,,,,,,,,,,,,,,,,,,,,,,,
2016-04-18,1010.0,1012.6,2016-04-18T22:11:00,1008.0,2016-04-18T03:16:00,26.3,33.5,2016-04-18T14:21:00,20.7,2016-04-18T23:53:00,76,46,2016-04-18T14:21:00,1.2,333,9.4,343.0,2016-04-18T08:50:00,2.5,,,,,,,,,,,,,,,,,,,,,,93,2016-04-18T09:20:00,,,,,,,,,,,,,,,,,,,,,,,,,,,,,,,,,,,,,,,,,,,,,,,,,,,,,,,,,,,,,,,,,,,,,,,,,,
2016-04-19,1013.0,1015.0,2016-04-19T09:23:00,1011.2,2016-04-19T16:15:00,25.0,30.2,2016-04-19T12:58:00,20.0,2016-04-19T01:32:00,77,57,2016-04-19T13:11:00,1.0,277,4.7,245.0,2016-04-19T13:47:00,0.0,,,,,,,,,,,,,,,,,,,,,,97,2016-04-19T05:01:00,,,,,,,,,,,,,,,,,,,,,,,,,,,,,,,,,,,,,,,,,,,,,,,,,,,,,,,,,,,,,,,,,,,,,,,,,,
2016-04-20,1010.4,1013.5,2016-04-20T00:01:00,1007.7,2016-04-20T17:04:00,27.3,31.7,2016-04-20T11:51:00,21.5,2016-04-20T04:22:00,75,54,2016-04-20T17:45:00,1.0,9,6.0,282.0,2016-04-20T14:36:00,0.0,,,,,,,,,,,,,,,,,,,,,,94,2016-04-20T03:54:00,,,,,,,,,,,,,,,,,,,,,,,,,,,,,,,,,,,,,,,,,,,,,,,,,,,,,,,,,,,,,,,,,,,,,,,,,,
2016-04-21,1008.4,1009.9,2016-04-21T10:41:00,1006.7,2016-04-21T15:34:00,28.9,33.2,2016-04-21T14:43:00,25.3,2016-04-21T01:41:00,75,57,2016-04-21T14:03:00,1.5,190,8.4,141.0,2016-04-21T09:11:00,0.0,,,,,,,,,,,,,,,,,,,,,,88,2016-04-21T21:23:00,,,,,,,,,,,,,,,,,,,,,,,,,,,,,,,,,,,,,,,,,,,,,,,,,,,,,,,,,,,,,,,,,,,,,,,,,,
2016-04-22,1007.0,1008.2,2016-04-22T08:11:00,1005.6,2016-04-22T15:32:00,28.5,33.5,2016-04-22T12:04:00,25.3,2016-04-22T06:06:00,74,44,2016-04-22T13:01:00,1.0,343,5.8,298.0,2016-04-22T13:29:00,0.0,,,,,,,,,,,,,,,,,,,,,,94,2016-04-22T05:11:00,,,,,,,,,,,,,,,,,,,,,,,,,,,,,,,,,,,,,,,,,,,,,,,,,,,,,,,,,,,,,,,,,,,,,,,,,,
2016-04-23,1006.2,1007.8,2016-04-23T07:14:00,1004.1,2016-04-23T15:32:00,28.8,33.5,2016-04-23T13:43:00,25.2,2016-04-23T06:25:00,71,47,2016-04-23T11:01:00,1.2,9,5.6,151.0,2016-04-23T10:21:00,0.0,,,,,,,,,,,,,,,,,,,,,,88,2016-04-23T05:35:00,,,,,,,,,,,,,,,,,,,,,,,,,,,,,,,,,,,,,,,,,,,,,,,,,,,,,,,,,,,,,,,,,,,,,,,,,,
2016-04-24,1006.3,1008.2,2016-04-24T21:42:00,1004.4,2016-04-24T16:31:00,27.5,32.5,2016-04-24T12:01:00,25.1,2016-04-24T20:14:00,75,52,2016-04-24T12:01:00,1.2,147,6.3,207.0,2016-04-24T17:05:00,0.0,,,,,,,,,,,,,,,,,,,,,,87,2016-04-24T02:12:00,,,,,,,,,,,,,,,,,,,,,,,,,,,,,,,,,,,,,,,,,,,,,,,,,,,,,,,,,,,,,,,,,,,,,,,,,,
2016-04-25,1007.6,1008.9,2016-04-25T22:22:00,1006.0,2016-04-25T04:01:00,28.0,32.2,2016-04-25T12:32:00,24.7,2016-04-25T04:41:00,75,52,2016-04-25T11:26:00,0.9,306,4.5,225.0,2016-04-25T13:03:00,0.0,,,,,,,,,,,,,,,,,,,,,,89,2016-04-25T23:52:00,,,,,,,,,,,,,,,,,,,,,,,,,,,,,,,,,,,,,,,,,,,,,,,,,,,,,,,,,,,,,,,,,,,,,,,,,,
2016-04-26,1006.7,1008.5,2016-04-26T00:21:00,1004.0,2016-04-26T16:51:00,28.7,33.0,2016-04-26T11:01:00,25.1,2016-04-26T04:03:00,71,50,2016-04-26T11:01:00,1.2,150,5.5,235.0,2016-04-26T12:48:00,0.0,,,,,,,,,,,,,,,,,,,,,,90,2016-04-26T00:33:00,,,,,,,,,,,,,,,,,,,,,,,,,,,,,,,,,,,,,,,,,,,,,,,,,,,,,,,,,,,,,,,,,,,,,,,,,,
2016-04-27,1004.7,1006.2,2016-04-27T08:21:00,1002.9,2016-04-27T16:42:00,28.2,32.8,2016-04-27T12:01:00,25.5,2016-04-27T04:31:00,74,52,2016-04-27T12:02:00,1.1,298,5.5,310.0,2016-04-27T14:16:00,0.0,,,,,,,,,,,,,,,,,,,,,,87,2016-04-27T02:46:00,,,,,,,,,,,,,,,,,,,,,,,,,,,,,,,,,,,,,,,,,,,,,,,,,,,,,,,,,,,,,,,,,,,,,,,,,,
2016-04-28,1005.8,1007.7,2016-04-28T21:54:00,1004.5,2016-04-28T02:08:00,28.2,32.5,2016-04-28T13:01:00,25.0,2016-04-28T04:32:00,71,55,2016-04-28T13:12:00,1.1,45,5.2,322.0,2016-04-28T11:44:00,0.0,,,,,,,,,,,,,,,,,,,,,,86,2016-04-28T04:32:00,,,,,,,,,,,,,,,,,,,,,,,,,,,,,,,,,,,,,,,,,,,,,,,,,,,,,,,,,,,,,,,,,,,,,,,,,,
2016-04-29,1008.6,1010.0,2016-04-29T20:01:00,1006.4,2016-04-29T02:22:00,26.8,30.2,2016-04-29T13:02:00,22.5,2016-04-29T05:25:00,66,48,2016-04-29T15:55:00,1.3,343,6.0,237.0,2016-04-29T13:39:00,0.0,,,,,,,,,,,,,,,,,,,,,,83,2016-04-29T01:54:00,,,,,,,,,,,,,,,,,,,,,,,,,,,,,,,,,,,,,,,,,,,,,,,,,,,,,,,,,,,,,,,,,,,,,,,,,,
2016-04-30,1008.5,1009.7,2016-04-30T22:25:00,1006.9,2016-04-30T15:52:00,26.4,30.8,2016-04-30T13:13:00,23.1,2016-04-30T05:31:00,66,44,2016-04-30T10:23:00,1.2,2,5.5,311.0,2016-04-30T11:35:00,0.0,,,,,,,,,,,,,,,,,,,,,,79,2016-04-30T06:03:00,,,,,,,,,,,,,,,,,,,,,,,,,,,,,,,,,,,,,,,,,,,,,,,,,,,,,,,,,,,,,,,,,,,,,,,,,,
2016-05-01,1008.1,1010.0,2016-05-01T08:54:00,1006.0,2016-05-01T17:03:00,27.5,31.0,2016-05-01T17:01:00,23.7,2016-05-01T04:02:00,68,54,2016-05-01T13:01:00,0.8,39,4.5,330.0,2016-05-01T08:30:00,0.0,,,,,,,,,,,,,,,,,,,,,,82,2016-05-01T05:36:00,,,,,,,,,,,,,,,,,,,,,,,,,,,,,,,,,,,,,,,,,,,,,,,,,,,,,,,,,,,,,,,,,,,,,,,,,,
2016-05-02,1007.5,1009.4,2016-05-02T09:01:00,1005.9,2016-05-02T16:51:00,28.4,32.5,2016-05-02T15:01:00,25.0,2016-05-02T04:32:00,74,59,2016-05-02T15:32:00,1.2,10,6.8,128.0,2016-05-02T12:17:00,0.0,,,,,,,,,,,,,,,,,,,,,,89,2016-05-02T23:54:00,,,,,,,,,,,,,,,,,,,,,,,,,,,,,,,,,,,,,,,,,,,,,,,,,,,,,,,,,,,,,,,,,,,,,,,,,,
2016-05-03,1007.5,1009.1,2016-05-03T21:53:00,1005.7,2016-05-03T15:53:00,28.6,32.5,2016-05-03T12:24:00,24.8,2016-05-03T03:53:00,73,50,2016-05-03T13:41:00,1.1,1,7.1,315.0,2016-05-03T14:04:00,0.0,,,,,,,,,,,,,,,,,,,,,,91,2016-05-03T03:53:00,,,,,,,,,,,,,,,,,,,,,,,,,,,,,,,,,,,,,,,,,,,,,,,,,,,,,,,,,,,,,,,,,,,,,,,,,,
2016-05-04,1008.3,1009.5,2016-05-04T08:12:00,1006.6,2016-05-04T16:31:00,29.0,33.3,2016-05-04T11:43:00,25.5,2016-05-04T03:11:00,69,47,2016-05-04T11:12:00,1.0,16,5.7,185.0,2016-05-04T11:37:00,0.0,,,,,,,,,,,,,,,,,,,,,,85,2016-05-04T03:11:00,,,,,,,,,,,,,,,,,,,,,,,,,,,,,,,,,,,,,,,,,,,,,,,,,,,,,,,,,,,,,,,,,,,,,,,,,,
2016-05-05,1007.8,1009.5,2016-05-05T08:05:00,1005.7,2016-05-05T16:11:00,29.8,35.0,2016-05-05T13:04:00,25.6,2016-05-05T02:51:00,67,39,2016-05-05T12:52:00,1.6,39,8.0,229.0,2016-05-05T13:12:00,0.0,,,,,,,,,,,,,,,,,,,,,,86,2016-05-05T02:51:00,,,,,,,,,,,,,,,,,,,,,,,,,,,,,,,,,,,,,,,,,,,,,,,,,,,,,,,,,,,,,,,,,,,,,,,,,,
2016-05-06,1006.8,1008.6,2016-05-06T08:51:00,1004.6,2016-05-06T16:41:00,30.1,34.3,2016-05-06T10:44:00,26.0,2016-05-06T05:37:00,71,52,2016-05-06T10:46:00,1.2,148,5.5,192.0,2016-05-06T11:32:00,0.0,,,,,,,,,,,,,,,,,,,,,,84,2016-05-06T22:21:00,,,,,,,,,,,,,,,,,,,,,,,,,,,,,,,,,,,,,,,,,,,,,,,,,,,,,,,,,,,,,,,,,,,,,,,,,,
2016-05-07,1007.7,1009.5,2016-05-07T22:11:00,1006.4,2016-05-07T03:11:00,29.9,34.1,2016-05-07T13:21:00,26.3,2016-05-07T04:33:00,72,46,2016-05-07T12:51:00,1.0,290,4.8,299.0,2016-05-07T13:30:00,0.0,,,,,,,,,,,,,,,,,,,,,,90,2016-05-07T04:33:00,,,,,,,,,,,,,,,,,,,,,,,,,,,,,,,,,,,,,,,,,,,,,,,,,,,,,,,,,,,,,,,,,,,,,,,,,,
2016-05-08,1008.2,1009.9,2016-05-08T09:15:00,1006.0,2016-05-08T16:21:00,30.3,34.3,2016-05-08T11:11:00,26.1,2016-05-08T03:01:00,69,52,2016-05-08T11:11:00,1.2,201,6.7,172.0,2016-05-08T12:19:00,0.0,,,,,,,,,,,,,,,,,,,,,,88,2016-05-08T03:01:00,,,,,,,,,,,,,,,,,,,,,,,,,,,,,,,,,,,,,,,,,,,,,,,,,,,,,,,,,,,,,,,,,,,,,,,,,,
2016-05-09,1007.0,1009.0,2016-05-09T00:11:00,1004.6,2016-05-09T16:37:00,30.4,35.0,2016-05-09T13:41:00,26.0,2016-05-09T05:31:00,68,47,2016-05-09T14:01:00,1.9,153,8.1,187.0,2016-05-09T11:09:00,0.0,,,,,,,,,,,,,,,,,,,,,,84,2016-05-09T02:21:00,,,,,,,,,,,,,,,,,,,,,,,,,,,,,,,,,,,,,,,,,,,,,,,,,,,,,,,,,,,,,,,,,,,,,,,,,,
2016-05-10,1005.2,1006.5,2016-05-10T19:44:00,1003.7,2016-05-10T18:28:00,29.4,34.5,2016-05-10T12:42:00,23.7,2016-05-10T20:01:00,71,44,2016-05-10T13:12:00,1.5,152,10.6,293.0,2016-05-10T19:44:00,18.5,,,,,,,,,,,,,,,,,,,,,,96,2016-05-10T20:01:00,,,,,,,,,,,,,,,,,,,,,,,,,,,,,,,,,,,,,,,,,,,,,,,,,,,,,,,,,,,,,,,,,,,,,,,,,,
2016-05-11,1004.1,1005.7,2016-05-11T21:43:00,1002.8,2016-05-11T13:18:00,26.5,30.1,2016-05-11T10:21:00,25.0,2016-05-11T02:01:00,82,62,2016-05-11T10:21:00,1.0,5,4.4,153.0,2016-05-11T15:11:00,3.5,,,,,,,,,,,,,,,,,,,,,,94,2016-05-11T21:33:00,,,,,,,,,,,,,,,,,,,,,,,,,,,,,,,,,,,,,,,,,,,,,,,,,,,,,,,,,,,,,,,,,,,,,,,,,,
2016-05-12,1005.4,1006.9,2016-05-12T21:31:00,1004.0,2016-05-12T03:06:00,28.4,32.7,2016-05-12T11:42:00,24.7,2016-05-12T03:11:00,74,54,2016-05-12T11:02:00,0.9,254,4.5,165.0,2016-05-12T12:22:00,0.0,,,,,,,,,,,,,,,,,,,,,,92,2016-05-12T01:41:00,,,,,,,,,,,,,,,,,,,,,,,,,,,,,,,,,,,,,,,,,,,,,,,,,,,,,,,,,,,,,,,,,,,,,,,,,,
2016-05-13,1008.2,1010.9,2016-05-13T22:16:00,1006.2,2016-05-13T02:41:00,28.3,33.2,2016-05-13T14:42:00,25.1,2016-05-13T04:55:00,72,52,2016-05-13T11:10:00,1.1,1,5.7,288.0,2016-05-13T15:45:00,0.0,,,,,,,,,,,,,,,,,,,,,,87,2016-05-13T04:41:00,,,,,,,,,,,,,,,,,,,,,,,,,,,,,,,,,,,,,,,,,,,,,,,,,,,,,,,,,,,,,,,,,,,,,,,,,,
2016-05-14,1009.8,1011.3,2016-05-14T09:11:00,1007.4,2016-05-14T15:31:00,28.2,33.0,2016-05-14T12:21:00,25.1,2016-05-14T04:01:00,75,56,2016-05-14T12:59:00,1.3,77,6.5,293.0,2016-05-14T15:11:00,0.0,,,,,,,,,,,,,,,,,,,,,,91,2016-05-14T18:33:00,,,,,,,,,,,,,,,,,,,,,,,,,,,,,,,,,,,,,,,,,,,,,,,,,,,,,,,,,,,,,,,,,,,,,,,,,,
2016-05-15,1007.4,1009.8,2016-05-15T00:01:00,1004.8,2016-05-15T16:41:00,29.2,33.6,2016-05-15T11:17:00,25.3,2016-05-15T03:08:00,71,49,2016-05-15T11:02:00,1.2,10,5.0,330.0,2016-05-15T14:20:00,0.0,,,,,,,,,,,,,,,,,,,,,,88,2016-05-15T02:24:00,,,,,,,,,,,,,,,,,,,,,,,,,,,,,,,,,,,,,,,,,,,,,,,,,,,,,,,,,,,,,,,,,,,,,,,,,,
2016-05-16,1005.2,1006.9,2016-05-16T00:01:00,1003.1,2016-05-16T16:22:00,27.9,32.1,2016-05-16T09:56:00,24.0,2016-05-16T23:23:00,73,58,2016-05-16T09:51:00,1.1,14,5.2,305.0,2016-05-16T14:03:00,10.5,,,,,,,,,,,,,,,,,,,,,,86,2016-05-16T11:14:00,,,,,,,,,,,,,,,,,,,,,,,,,,,,,,,,,,,,,,,,,,,,,,,,,,,,,,,,,,,,,,,,,,,,,,,,,,
2016-05-17,1007.0,1008.7,2016-05-17T09:36:00,1005.5,2016-05-17T02:12:00,26.5,32.0,2016-05-17T13:16:00,22.5,2016-05-17T04:26:00,70,54,2016-05-17T14:03:00,1.1,326,5.3,313.0,2016-05-17T14:49:00,0.0,,,,,,,,,,,,,,,,,,,,,,84,2016-05-17T05:54:00,,,,,,,,,,,,,,,,,,,,,,,,,,,,,,,,,,,,,,,,,,,,,,,,,,,,,,,,,,,,,,,,,,,,,,,,,,
2016-05-18,1006.9,1008.4,2016-05-18T08:31:00,1004.9,2016-05-18T15:45:00,27.4,33.0,2016-05-18T12:22:00,22.1,2016-05-18T04:13:00,71,51,2016-05-18T12:22:00,1.2,317,7.1,2.0,2016-05-18T16:13:00,0.0,,,,,,,,,,,,,,,,,,,,,,88,2016-05-18T05:21:00,,,,,,,,,,,,,,,,,,,,,,,,,,,,,,,,,,,,,,,,,,,,,,,,,,,,,,,,,,,,,,,,,,,,,,,,,,
2016-05-19,1005.3,1007.0,2016-05-19T08:31:00,1002.7,2016-05-19T15:53:00,28.6,32.6,2016-05-19T12:42:00,24.5,2016-05-19T02:36:00,66,40,2016-05-19T09:43:00,1.2,6,5.6,327.0,2016-05-19T16:21:00,0.0,,,,,,,,,,,,,,,,,,,,,,90,2016-05-19T02:43:00,,,,,,,,,,,,,,,,,,,,,,,,,,,,,,,,,,,,,,,,,,,,,,,,,,,,,,,,,,,,,,,,,,,,,,,,,,
2016-05-20,1004.4,1005.9,2016-05-20T22:11:00,1003.0,2016-05-20T14:04:00,28.7,32.2,2016-05-20T13:33:00,26.0,2016-05-20T05:00:00,73,60,2016-05-20T13:03:00,0.9,34,5.3,299.0,2016-05-20T13:48:00,0.0,,,,,,,,,,,,,,,,,,,,,,85,2016-05-20T05:01:00,,,,,,,,,,,,,,,,,,,,,,,,,,,,,,,,,,,,,,,,,,,,,,,,,,,,,,,,,,,,,,,,,,,,,,,,,,
2016-05-21,1005.3,1006.9,2016-05-21T09:44:00,1003.4,2016-05-21T02:14:00,26.6,28.0,2016-05-21T00:11:00,25.5,2016-05-21T19:56:00,86,75,2016-05-21T00:12:00,0.9,9,3.9,148.0,2016-05-21T22:28:00,14.0,,,,,,,,,,,,,,,,,,,,,,95,2016-05-21T19:21:00,,,,,,,,,,,,,,,,,,,,,,,,,,,,,,,,,,,,,,,,,,,,,,,,,,,,,,,,,,,,,,,,,,,,,,,,,,
2016-05-22,1005.1,1006.5,2016-05-22T22:26:00,1003.6,2016-05-22T16:26:00,27.3,31.5,2016-05-22T10:52:00,24.5,2016-05-22T04:34:00,82,62,2016-05-22T10:54:00,1.6,155,7.0,139.0,2016-05-22T11:43:00,14.0,,,,,,,,,,,,,,,,,,,,,,96,2016-05-22T18:59:00,,,,,,,,,,,,,,,,,,,,,,,,,,,,,,,,,,,,,,,,,,,,,,,,,,,,,,,,,,,,,,,,,,,,,,,,,,
2016-05-23,1004.6,1005.9,2016-05-23T00:01:00,1002.5,2016-05-23T15:56:00,27.9,31.1,2016-05-23T10:02:00,25.3,2016-05-23T03:45:00,80,65,2016-05-23T15:01:00,1.6,147,8.7,144.0,2016-05-23T09:56:00,3.5,,,,,,,,,,,,,,,,,,,,,,92,2016-05-23T00:37:00,,,,,,,,,,,,,,,,,,,,,,,,,,,,,,,,,,,,,,,,,,,,,,,,,,,,,,,,,,,,,,,,,,,,,,,,,,
2016-05-24,1003.4,1005.1,2016-05-24T22:34:00,1001.6,2016-05-24T15:54:00,27.9,31.5,2016-05-24T14:43:00,25.8,2016-05-24T08:51:00,84,69,2016-05-24T13:26:00,1.1,289,5.4,298.0,2016-05-24T16:39:00,1.5,,,,,,,,,,,,,,,,,,,,,,96,2016-05-24T11:51:00,,,,,,,,,,,,,,,,,,,,,,,,,,,,,,,,,,,,,,,,,,,,,,,,,,,,,,,,,,,,,,,,,,,,,,,,,,
2016-05-25,1004.8,1006.7,2016-05-25T21:42:00,1003.4,2016-05-25T02:13:00,28.8,32.7,2016-05-25T12:56:00,25.7,2016-05-25T05:51:00,77,59,2016-05-25T11:52:00,1.1,285,4.9,298.0,2016-05-25T14:57:00,0.0,,,,,,,,,,,,,,,,,,,,,,93,2016-05-25T03:25:00,,,,,,,,,,,,,,,,,,,,,,,,,,,,,,,,,,,,,,,,,,,,,,,,,,,,,,,,,,,,,,,,,,,,,,,,,,
2016-05-26,1005.6,1007.3,2016-05-26T22:37:00,1003.9,2016-05-26T15:52:00,30.6,35.0,2016-05-26T13:51:00,26.2,2016-05-26T05:36:00,67,48,2016-05-26T14:31:00,1.2,44,6.0,124.0,2016-05-26T08:07:00,0.0,,,,,,,,,,,,,,,,,,,,,,86,2016-05-26T01:51:00,,,,,,,,,,,,,,,,,,,,,,,,,,,,,,,,,,,,,,,,,,,,,,,,,,,,,,,,,,,,,,,,,,,,,,,,,,
2016-05-27,1006.8,1008.7,2016-05-27T22:11:00,1005.4,2016-05-27T03:05:00,31.3,35.7,2016-05-27T13:02:00,27.1,2016-05-27T04:43:00,66,45,2016-05-27T13:42:00,1.5,154,8.7,197.0,2016-05-27T14:29:00,0.0,,,,,,,,,,,,,,,,,,,,,,87,2016-05-27T05:04:00,,,,,,,,,,,,,,,,,,,,,,,,,,,,,,,,,,,,,,,,,,,,,,,,,,,,,,,,,,,,,,,,,,,,,,,,,,
2016-05-28,1006.5,1008.2,2016-05-28T07:59:00,1004.2,2016-05-28T15:21:00,31.1,34.8,2016-05-28T13:55:00,28.2,2016-05-28T05:17:00,67,49,2016-05-28T14:05:00,1.5,151,6.4,209.0,2016-05-28T12:01:00,0.0,,,,,,,,,,,,,,,,,,,,,,80,2016-05-28T23:51:00,,,,,,,,,,,,,,,,,,,,,,,,,,,,,,,,,,,,,,,,,,,,,,,,,,,,,,,,,,,,,,,,,,,,,,,,,,
2016-05-29,1005.5,1006.7,2016-05-29T00:01:00,1003.6,2016-05-29T15:56:00,30.7,33.8,2016-05-29T13:43:00,28.2,2016-05-29T05:41:00,73,58,2016-05-29T10:28:00,1.2,67,7.0,291.0,2016-05-29T15:19:00,0.0,,,,,,,,,,,,,,,,,,,,,,85,2016-05-29T05:44:00,,,,,,,,,,,,,,,,,,,,,,,,,,,,,,,,,,,,,,,,,,,,,,,,,,,,,,,,,,,,,,,,,,,,,,,,,,
2016-05-30,1005.7,1007.4,2016-05-30T22:11:00,1004.1,2016-05-30T15:52:00,30.5,34.2,2016-05-30T11:54:00,27.5,2016-05-30T05:11:00,75,59,2016-05-30T09:32:00,1.3,297,6.8,300.0,2016-05-30T13:54:00,0.0,,,,,,,,,,,,,,,,,,,,,,88,2016-05-30T03:33:00,,,,,,,,,,,,,,,,,,,,,,,,,,,,,,,,,,,,,,,,,,,,,,,,,,,,,,,,,,,,,,,,,,,,,,,,,,
2016-05-31,1006.0,1007.4,2016-05-31T08:58:00,1004.3,2016-05-31T16:52:00,30.5,34.0,2016-05-31T14:06:00,27.5,2016-05-31T04:36:00,75,56,2016-05-31T11:24:00,1.5,293,7.6,301.0,2016-05-31T13:33:00,0.0,,,,,,,,,,,,,,,,,,,,,,93,2016-05-31T04:43:00,,,,,,,,,,,,,,,,,,,,,,,,,,,,,,,,,,,,,,,,,,,,,,,,,,,,,,,,,,,,,,,,,,,,,,,,,,
2016-06-01,1004.4,1006.1,2016-06-01T08:23:00,1002.3,2016-06-01T16:51:00,30.5,34.5,2016-06-01T14:31:00,27.1,2016-06-01T05:01:00,73,53,2016-06-01T15:37:00,1.4,28,7.7,280.0,2016-06-01T11:45:00,0.0,,,,,,,,,,,,,,,,,,,,,,90,2016-06-01T05:01:00,,,,,,,,,,,,,,,,,,,,,,,,,,,,,,,,,,,,,,,,,,,,,,,,,,,,,,,,,,,,,,,,,,,,,,,,,,
2016-06-02,1003.1,1005.1,2016-06-02T22:01:00,1001.4,2016-06-02T17:22:00,30.4,34.1,2016-06-02T13:41:00,28.0,2016-06-02T01:41:00,75,59,2016-06-02T11:04:00,1.3,294,6.6,310.0,2016-06-02T15:36:00,0.0,,,,,,,,,,,,,,,,,,,,,,85,2016-06-02T05:35:00,,,,,,,,,,,,,,,,,,,,,,,,,,,,,,,,,,,,,,,,,,,,,,,,,,,,,,,,,,,,,,,,,,,,,,,,,,
2016-06-03,1003.9,1005.5,2016-06-03T09:21:00,1002.1,2016-06-03T17:03:00,30.8,34.5,2016-06-03T13:21:00,28.0,2016-06-03T03:00:00,74,52,2016-06-03T13:21:00,1.3,284,6.3,321.0,2016-06-03T10:50:00,0.5,,,,,,,,,,,,,,,,,,,,,,91,2016-06-03T02:58:00,,,,,,,,,,,,,,,,,,,,,,,,,,,,,,,,,,,,,,,,,,,,,,,,,,,,,,,,,,,,,,,,,,,,,,,,,,
2016-06-04,1005.0,1006.7,2016-06-04T22:11:00,1003.4,2016-06-04T15:41:00,30.9,34.1,2016-06-04T14:02:00,27.6,2016-06-04T04:57:00,74,57,2016-06-04T13:02:00,1.3,291,6.3,319.0,2016-06-04T13:24:00,0.0,,,,,,,,,,,,,,,,,,,,,,89,2016-06-04T05:01:00,,,,,,,,,,,,,,,,,,,,,,,,,,,,,,,,,,,,,,,,,,,,,,,,,,,,,,,,,,,,,,,,,,,,,,,,,,
2016-06-05,1005.3,1006.8,2016-06-05T21:33:00,1004.0,2016-06-05T16:19:00,29.5,34.6,2016-06-05T14:03:00,25.3,2016-06-05T17:14:00,78,54,2016-06-05T11:41:00,1.1,87,6.0,293.0,2016-06-05T13:16:00,8.5,,,,,,,,,,,,,,,,,,,,,,93,2016-06-05T17:06:00,,,,,,,,,,,,,,,,,,,,,,,,,,,,,,,,,,,,,,,,,,,,,,,,,,,,,,,,,,,,,,,,,,,,,,,,,,
2016-06-06,1005.4,1006.9,2016-06-06T00:02:00,1004.1,2016-06-06T17:43:00,29.2,33.5,2016-06-06T11:41:00,26.2,2016-06-06T04:51:00,77,60,2016-06-06T11:31:00,1.2,93,6.6,236.0,2016-06-06T12:03:00,0.5,,,,,,,,,,,,,,,,,,,,,,90,2016-06-06T01:34:00,,,,,,,,,,,,,,,,,,,,,,,,,,,,,,,,,,,,,,,,,,,,,,,,,,,,,,,,,,,,,,,,,,,,,,,,,,
2016-06-07,1004.7,1005.9,2016-06-07T06:41:00,1002.8,2016-06-07T16:23:00,29.5,33.8,2016-06-07T13:23:00,26.3,2016-06-07T23:32:00,75,55,2016-06-07T13:23:00,1.2,22,5.2,293.0,2016-06-07T14:09:00,1.0,,,,,,,,,,,,,,,,,,,,,,93,2016-06-07T23:32:00,,,,,,,,,,,,,,,,,,,,,,,,,,,,,,,,,,,,,,,,,,,,,,,,,,,,,,,,,,,,,,,,,,,,,,,,,,
2016-06-08,1003.2,1004.5,2016-06-08T00:01:00,1001.0,2016-06-08T15:48:00,28.8,32.5,2016-06-08T14:24:00,26.2,2016-06-08T05:36:00,78,61,2016-06-08T14:55:00,1.4,82,6.2,180.0,2016-06-08T14:36:00,1.5,,,,,,,,,,,,,,,,,,,,,,91,2016-06-08T00:01:00,,,,,,,,,,,,,,,,,,,,,,,,,,,,,,,,,,,,,,,,,,,,,,,,,,,,,,,,,,,,,,,,,,,,,,,,,,
2016-06-09,1003.5,1005.2,2016-06-09T22:24:00,1002.1,2016-06-09T12:21:00,28.2,31.2,2016-06-09T11:51:00,25.7,2016-06-09T07:11:00,81,65,2016-06-09T12:36:00,1.4,150,6.4,199.0,2016-06-09T15:46:00,8.0,,,,,,,,,,,,,,,,,,,,,,96,2016-06-09T07:45:00,,,,,,,,,,,,,,,,,,,,,,,,,,,,,,,,,,,,,,,,,,,,,,,,,,,,,,,,,,,,,,,,,,,,,,,,,,
2016-06-10,1004.5,1005.9,2016-06-10T11:12:00,1003.2,2016-06-10T16:01:00,25.9,27.5,2016-06-10T00:41:00,24.7,2016-06-10T20:23:00,92,78,2016-06-10T00:41:00,1.7,151,7.3,122.0,2016-06-10T10:18:00,98.0,,,,,,,,,,,,,,,,,,,,,,97,2016-06-10T23:21:00,,,,,,,,,,,,,,,,,,,,,,,,,,,,,,,,,,,,,,,,,,,,,,,,,,,,,,,,,,,,,,,,,,,,,,,,,,
2016-06-11,1005.7,1007.5,2016-06-11T10:53:00,1003.7,2016-06-11T02:43:00,25.6,27.3,2016-06-11T17:52:00,24.6,2016-06-11T02:12:00,92,74,2016-06-11T19:29:00,1.2,21,8.5,200.0,2016-06-11T11:15:00,126.0,,,,,,,,,,,,,,,,,,,,,,98,2016-06-11T11:11:00,,,,,,,,,,,,,,,,,,,,,,,,,,,,,,,,,,,,,,,,,,,,,,,,,,,,,,,,,,,,,,,,,,,,,,,,,,
2016-06-12,1004.7,1006.0,2016-06-12T00:01:00,1002.7,2016-06-12T13:29:00,26.9,30.8,2016-06-12T12:12:00,25.0,2016-06-12T01:16:00,87,75,2016-06-12T07:20:00,1.4,129,9.4,225.0,2016-06-12T12:36:00,33.0,,,,,,,,,,,,,,,,,,,,,,96,2016-06-12T01:38:00,,,,,,,,,,,,,,,,,,,,,,,,,,,,,,,,,,,,,,,,,,,,,,,,,,,,,,,,,,,,,,,,,,,,,,,,,,
2016-06-13,1003.7,1005.9,2016-06-13T09:56:00,1001.5,2016-06-13T18:33:00,25.8,29.6,2016-06-13T08:15:00,24.1,2016-06-13T11:49:00,92,84,2016-06-13T09:03:00,1.2,74,7.2,222.0,2016-06-13T08:06:00,78.0,,,,,,,,,,,,,,,,,,,,,,99,2016-06-13T04:01:00,,,,,,,,,,,,,,,,,,,,,,,,,,,,,,,,,,,,,,,,,,,,,,,,,,,,,,,,,,,,,,,,,,,,,,,,,,
2016-06-14,1003.3,1004.6,2016-06-14T10:09:00,1002.2,2016-06-14T02:21:00,28.2,32.5,2016-06-14T14:33:00,24.2,2016-06-14T01:20:00,85,68,2016-06-14T15:26:00,1.1,86,6.6,234.0,2016-06-14T13:30:00,34.0,,,,,,,,,,,,,,,,,,,,,,96,2016-06-14T04:11:00,,,,,,,,,,,,,,,,,,,,,,,,,,,,,,,,,,,,,,,,,,,,,,,,,,,,,,,,,,,,,,,,,,,,,,,,,,
2016-06-15,1004.2,1005.4,2016-06-15T10:55:00,1002.8,2016-06-15T02:36:00,29.7,33.6,2016-06-15T14:04:00,26.1,2016-06-15T04:28:00,78,59,2016-06-15T13:31:00,1.1,5,6.2,219.0,2016-06-15T12:19:00,1.5,,,,,,,,,,,,,,,,,,,,,,94,2016-06-15T04:31:00,,,,,,,,,,,,,,,,,,,,,,,,,,,,,,,,,,,,,,,,,,,,,,,,,,,,,,,,,,,,,,,,,,,,,,,,,,
2016-06-16,1004.9,1006.2,2016-06-16T21:36:00,1003.3,2016-06-16T16:53:00,30.4,33.8,2016-06-16T11:34:00,27.1,2016-06-16T05:22:00,75,54,2016-06-16T17:05:00,1.3,55,5.7,213.0,2016-06-16T14:21:00,3.5,,,,,,,,,,,,,,,,,,,,,,90,2016-06-16T03:02:00,,,,,,,,,,,,,,,,,,,,,,,,,,,,,,,,,,,,,,,,,,,,,,,,,,,,,,,,,,,,,,,,,,,,,,,,,,
2016-06-17,1006.2,1008.3,2016-06-17T21:58:00,1004.0,2016-06-17T03:42:00,30.6,34.7,2016-06-17T14:22:00,27.0,2016-06-17T04:41:00,72,51,2016-06-17T15:01:00,1.1,51,6.3,238.0,2016-06-17T11:20:00,0.0,,,,,,,,,,,,,,,,,,,,,,88,2016-06-17T02:01:00,,,,,,,,,,,,,,,,,,,,,,,,,,,,,,,,,,,,,,,,,,,,,,,,,,,,,,,,,,,,,,,,,,,,,,,,,,
2016-06-18,1007.9,1009.2,2016-06-18T20:53:00,1005.6,2016-06-18T16:15:00,31.0,35.1,2016-06-18T14:24:00,27.6,2016-06-18T04:42:00,72,53,2016-06-18T09:52:00,1.3,43,6.6,218.0,2016-06-18T14:34:00,0.0,,,,,,,,,,,,,,,,,,,,,,88,2016-06-18T01:51:00,,,,,,,,,,,,,,,,,,,,,,,,,,,,,,,,,,,,,,,,,,,,,,,,,,,,,,,,,,,,,,,,,,,,,,,,,,
2016-06-19,1007.0,1008.1,2016-06-19T04:41:00,1004.9,2016-06-19T16:01:00,30.3,35.3,2016-06-19T11:22:00,27.3,2016-06-19T03:51:00,74,51,2016-06-19T11:31:00,1.1,1,5.7,257.0,2016-06-19T12:20:00,0.0,,,,,,,,,,,,,,,,,,,,,,91,2016-06-19T03:11:00,,,,,,,,,,,,,,,,,,,,,,,,,,,,,,,,,,,,,,,,,,,,,,,,,,,,,,,,,,,,,,,,,,,,,,,,,,
2016-06-20,1005.8,1007.1,2016-06-20T00:01:00,1003.9,2016-06-20T15:11:00,30.2,35.6,2016-06-20T14:16:00,26.1,2016-06-20T05:12:00,69,50,2016-06-20T10:43:00,1.2,4,6.4,166.0,2016-06-20T16:17:00,0.0,,,,,,,,,,,,,,,,,,,,,,87,2016-06-20T02:55:00,,,,,,,,,,,,,,,,,,,,,,,,,,,,,,,,,,,,,,,,,,,,,,,,,,,,,,,,,,,,,,,,,,,,,,,,,,
2016-06-21,1006.1,1007.2,2016-06-21T08:22:00,1005.0,2016-06-21T01:02:00,30.2,35.3,2016-06-21T13:11:00,26.5,2016-06-21T03:21:00,69,51,2016-06-21T12:42:00,1.1,154,5.8,187.0,2016-06-21T11:42:00,0.0,,,,,,,,,,,,,,,,,,,,,,83,2016-06-21T23:07:00,,,,,,,,,,,,,,,,,,,,,,,,,,,,,,,,,,,,,,,,,,,,,,,,,,,,,,,,,,,,,,,,,,,,,,,,,,
2016-06-22,1005.9,1007.3,2016-06-22T07:33:00,1004.1,2016-06-22T17:34:00,31.4,36.1,2016-06-22T11:51:00,27.5,2016-06-22T03:41:00,67,45,2016-06-22T13:13:00,1.3,239,5.6,224.0,2016-06-22T13:20:00,0.0,,,,,,,,,,,,,,,,,,,,,,83,2016-06-22T04:53:00,,,,,,,,,,,,,,,,,,,,,,,,,,,,,,,,,,,,,,,,,,,,,,,,,,,,,,,,,,,,,,,,,,,,,,,,,,
2016-06-23,1005.0,1006.2,2016-06-23T07:35:00,1003.5,2016-06-23T14:44:00,30.8,35.6,2016-06-23T13:22:00,27.8,2016-06-23T03:31:00,71,53,2016-06-23T09:41:00,1.2,39,6.3,232.0,2016-06-23T14:29:00,0.0,,,,,,,,,,,,,,,,,,,,,,88,2016-06-23T03:31:00,,,,,,,,,,,,,,,,,,,,,,,,,,,,,,,,,,,,,,,,,,,,,,,,,,,,,,,,,,,,,,,,,,,,,,,,,,
2016-06-24,1004.8,1006.3,2016-06-24T21:35:00,1003.1,2016-06-24T15:25:00,31.1,35.6,2016-06-24T13:23:00,27.0,2016-06-24T03:06:00,69,51,2016-06-24T11:31:00,1.4,53,7.6,173.0,2016-06-24T11:03:00,0.0,,,,,,,,,,,,,,,,,,,,,,83,2016-06-24T23:53:00,,,,,,,,,,,,,,,,,,,,,,,,,,,,,,,,,,,,,,,,,,,,,,,,,,,,,,,,,,,,,,,,,,,,,,,,,,
2016-06-25,1005.7,1007.7,2016-06-25T21:59:00,1004.0,2016-06-25T15:24:00,31.5,35.7,2016-06-25T12:05:00,28.0,2016-06-25T03:07:00,70,51,2016-06-25T11:31:00,1.5,164,7.2,154.0,2016-06-25T08:46:00,0.0,,,,,,,,,,,,,,,,,,,,,,88,2016-06-25T00:51:00,,,,,,,,,,,,,,,,,,,,,,,,,,,,,,,,,,,,,,,,,,,,,,,,,,,,,,,,,,,,,,,,,,,,,,,,,,
2016-06-26,1006.1,1007.8,2016-06-26T21:41:00,1004.0,2016-06-26T16:01:00,31.0,35.1,2016-06-26T14:41:00,27.5,2016-06-26T23:54:00,73,50,2016-06-26T11:14:00,1.3,125,6.9,163.0,2016-06-26T13:29:00,1.5,,,,,,,,,,,,,,,,,,,,,,88,2016-06-26T04:12:00,,,,,,,,,,,,,,,,,,,,,,,,,,,,,,,,,,,,,,,,,,,,,,,,,,,,,,,,,,,,,,,,,,,,,,,,,,
2016-06-27,1004.9,1007.3,2016-06-27T22:41:00,1002.9,2016-06-27T15:35:00,31.2,35.3,2016-06-27T13:31:00,27.0,2016-06-27T04:52:00,69,49,2016-06-27T10:32:00,1.1,290,5.9,299.0,2016-06-27T12:46:00,0.0,,,,,,,,,,,,,,,,,,,,,,88,2016-06-27T01:36:00,,,,,,,,,,,,,,,,,,,,,,,,,,,,,,,,,,,,,,,,,,,,,,,,,,,,,,,,,,,,,,,,,,,,,,,,,,
2016-06-28,1006.3,1008.8,2016-06-28T22:12:00,1004.3,2016-06-28T13:43:00,32.1,35.8,2016-06-28T14:01:00,28.6,2016-06-28T02:33:00,64,48,2016-06-28T15:03:00,2.1,134,12.4,157.0,2016-06-28T09:38:00,0.0,,,,,,,,,,,,,,,,,,,,,,82,2016-06-28T02:33:00,,,,,,,,,,,,,,,,,,,,,,,,,,,,,,,,,,,,,,,,,,,,,,,,,,,,,,,,,,,,,,,,,,,,,,,,,,
2016-06-29,1008.0,1010.7,2016-06-29T21:51:00,1006.4,2016-06-29T15:51:00,32.2,36.0,2016-06-29T12:04:00,29.0,2016-06-29T04:47:00,63,45,2016-06-29T12:42:00,2.2,152,9.2,139.0,2016-06-29T12:49:00,0.0,,,,,,,,,,,,,,,,,,,,,,77,2016-06-29T23:21:00,,,,,,,,,,,,,,,,,,,,,,,,,,,,,,,,,,,,,,,,,,,,,,,,,,,,,,,,,,,,,,,,,,,,,,,,,,
2016-06-30,1007.8,1010.0,2016-06-30T00:05:00,1005.1,2016-06-30T16:55:00,31.2,35.1,2016-06-30T16:12:00,27.6,2016-06-30T05:02:00,69,54,2016-06-30T10:21:00,1.4,18,6.4,222.0,2016-06-30T16:07:00,0.0,,,,,,,,,,,,,,,,,,,,,,87,2016-06-30T05:02:00,,,,,,,,,,,,,,,,,,,,,,,,,,,,,,,,,,,,,,,,,,,,,,,,,,,,,,,,,,,,,,,,,,,,,,,,,,
2016-07-01,1006.0,1007.4,2016-07-01T00:01:00,1003.8,2016-07-01T16:22:00,31.5,35.5,2016-07-01T14:51:00,27.5,2016-07-01T04:48:00,66,52,2016-07-01T10:08:00,1.3,70,6.7,218.0,2016-07-01T15:07:00,0.0,,,,,,,,,,,,,,,,,,,,,,81,2016-07-01T21:55:00,,,,,,,,,,,,,,,,,,,,,,,,,,,,,,,,,,,,,,,,,,,,,,,,,,,,,,,,,,,,,,,,,,,,,,,,,,
2016-07-02,1006.3,1007.9,2016-07-02T22:08:00,1003.9,2016-07-02T16:02:00,31.6,35.7,2016-07-02T14:11:00,27.7,2016-07-02T04:43:00,67,47,2016-07-02T16:11:00,1.8,150,7.6,143.0,2016-07-02T13:12:00,0.0,,,,,,,,,,,,,,,,,,,,,,85,2016-07-02T01:11:00,,,,,,,,,,,,,,,,,,,,,,,,,,,,,,,,,,,,,,,,,,,,,,,,,,,,,,,,,,,,,,,,,,,,,,,,,,
2016-07-03,1006.3,1007.6,2016-07-03T08:16:00,1004.5,2016-07-03T16:01:00,31.3,35.0,2016-07-03T15:01:00,28.5,2016-07-03T23:18:00,68,49,2016-07-03T10:51:00,1.6,38,7.5,181.0,2016-07-03T12:42:00,0.0,,,,,,,,,,,,,,,,,,,,,,82,2016-07-03T01:25:00,,,,,,,,,,,,,,,,,,,,,,,,,,,,,,,,,,,,,,,,,,,,,,,,,,,,,,,,,,,,,,,,,,,,,,,,,,
2016-07-04,1004.3,1006.3,2016-07-04T00:01:00,1001.5,2016-07-04T16:23:00,31.9,37.5,2016-07-04T15:01:00,27.3,2016-07-04T05:03:00,63,43,2016-07-04T12:32:00,1.4,17,7.2,241.0,2016-07-04T15:30:00,0.0,,,,,,,,,,,,,,,,,,,,,,83,2016-07-04T05:14:00,,,,,,,,,,,,,,,,,,,,,,,,,,,,,,,,,,,,,,,,,,,,,,,,,,,,,,,,,,,,,,,,,,,,,,,,,,
2016-07-05,1004.6,1006.3,2016-07-05T09:55:00,1002.8,2016-07-05T17:13:00,31.1,35.0,2016-07-05T15:31:00,27.0,2016-07-05T05:01:00,68,53,2016-07-05T15:31:00,1.1,9,4.2,16.0,2016-07-05T17:32:00,0.0,,,,,,,,,,,,,,,,,,,,,,84,2016-07-05T05:51:00,,,,,,,,,,,,,,,,,,,,,,,,,,,,,,,,,,,,,,,,,,,,,,,,,,,,,,,,,,,,,,,,,,,,,,,,,,
2016-07-06,1003.7,1004.9,2016-07-06T09:01:00,1002.1,2016-07-06T15:51:00,30.7,34.5,2016-07-06T12:13:00,28.0,2016-07-06T23:44:00,74,57,2016-07-06T09:45:00,1.2,78,6.7,302.0,2016-07-06T11:35:00,1.5,,,,,,,,,,,,,,,,,,,,,,86,2016-07-06T22:41:00,,,,,,,,,,,,,,,,,,,,,,,,,,,,,,,,,,,,,,,,,,,,,,,,,,,,,,,,,,,,,,,,,,,,,,,,,,
2016-07-07,997.8,1003.0,2016-07-07T00:01:00,991.8,2016-07-07T23:38:00,30.7,34.1,2016-07-07T10:21:00,27.0,2016-07-07T06:16:00,71,54,2016-07-07T11:31:00,1.1,65,5.5,302.0,2016-07-07T14:21:00,0.0,,,,,,,,,,,,,,,,,,,,,,85,2016-07-07T00:01:00,,,,,,,,,,,,,,,,,,,,,,,,,,,,,,,,,,,,,,,,,,,,,,,,,,,,,,,,,,,,,,,,,,,,,,,,,,
2016-07-08,985.9,992.0,2016-07-08T00:01:00,974.7,2016-07-08T07:44:00,27.3,30.0,2016-07-08T00:01:00,25.5,2016-07-08T15:15:00,91,79,2016-07-08T00:01:00,3.1,154,21.8,345.0,2016-07-08T08:22:00,142.0,,,,,,,,,,,,,,,,,,,,,,98,2016-07-08T10:53:00,,,,,,,,,,,,,,,,,,,,,,,,,,,,,,,,,,,,,,,,,,,,,,,,,,,,,,,,,,,,,,,,,,,,,,,,,,
2016-07-09,995.0,998.1,2016-07-09T22:24:00,990.4,2016-07-09T00:01:00,28.7,32.0,2016-07-09T13:41:00,26.0,2016-07-09T07:23:00,85,69,2016-07-09T13:51:00,2.6,150,12.2,162.0,2016-07-09T02:47:00,29.5,,,,,,,,,,,,,,,,,,,,,,96,2016-07-09T07:17:00,,,,,,,,,,,,,,,,,,,,,,,,,,,,,,,,,,,,,,,,,,,,,,,,,,,,,,,,,,,,,,,,,,,,,,,,,,
2016-07-10,999.1,1001.3,2016-07-10T20:45:00,997.3,2016-07-10T00:33:00,27.3,29.7,2016-07-10T15:31:00,25.0,2016-07-10T20:51:00,89,75,2016-07-10T14:49:00,1.7,164,8.3,140.0,2016-07-10T01:34:00,44.5,,,,,,,,,,,,,,,,,,,,,,96,2016-07-10T18:33:00,,,,,,,,,,,,,,,,,,,,,,,,,,,,,,,,,,,,,,,,,,,,,,,,,,,,,,,,,,,,,,,,,,,,,,,,,,
2016-07-11,1001.6,1003.3,2016-07-11T22:52:00,1000.1,2016-07-11T03:22:00,27.1,29.7,2016-07-11T09:04:00,24.5,2016-07-11T11:37:00,91,81,2016-07-11T20:11:00,1.1,111,7.5,220.0,2016-07-11T17:17:00,140.5,,,,,,,,,,,,,,,,,,,,,,98,2016-07-11T12:25:00,,,,,,,,,,,,,,,,,,,,,,,,,,,,,,,,,,,,,,,,,,,,,,,,,,,,,,,,,,,,,,,,,,,,,,,,,,
2016-07-12,1003.3,1005.7,2016-07-12T23:11:00,1001.7,2016-07-12T03:57:00,28.0,31.2,2016-07-12T14:21:00,25.6,2016-07-12T03:58:00,85,68,2016-07-12T11:03:00,2.0,139,9.5,141.0,2016-07-12T09:44:00,24.5,,,,,,,,,,,,,,,,,,,,,,95,2016-07-12T03:58:00,,,,,,,,,,,,,,,,,,,,,,,,,,,,,,,,,,,,,,,,,,,,,,,,,,,,,,,,,,,,,,,,,,,,,,,,,,
2016-07-13,1004.3,1006.3,2016-07-13T21:52:00,1002.5,2016-07-13T16:11:00,29.7,33.8,2016-07-13T13:32:00,25.8,2016-07-13T00:01:00,75,58,2016-07-13T14:45:00,1.5,58,6.0,157.0,2016-07-13T11:37:00,0.0,,,,,,,,,,,,,,,,,,,,,,93,2016-07-13T00:01:00,,,,,,,,,,,,,,,,,,,,,,,,,,,,,,,,,,,,,,,,,,,,,,,,,,,,,,,,,,,,,,,,,,,,,,,,,,
2016-07-14,1005.1,1006.5,2016-07-14T21:22:00,1003.7,2016-07-14T15:46:00,30.6,34.5,2016-07-14T13:11:00,27.5,2016-07-14T05:13:00,73,53,2016-07-14T13:12:00,1.3,152,5.5,321.0,2016-07-14T13:29:00,0.0,,,,,,,,,,,,,,,,,,,,,,86,2016-07-14T00:01:00,,,,,,,,,,,,,,,,,,,,,,,,,,,,,,,,,,,,,,,,,,,,,,,,,,,,,,,,,,,,,,,,,,,,,,,,,,
2016-07-15,1004.5,1005.9,2016-07-15T22:23:00,1002.8,2016-07-15T16:01:00,30.4,34.0,2016-07-15T13:34:00,26.5,2016-07-15T05:31:00,75,57,2016-07-15T11:51:00,1.3,289,6.1,311.0,2016-07-15T14:22:00,0.0,,,,,,,,,,,,,,,,,,,,,,88,2016-07-15T05:31:00,,,,,,,,,,,,,,,,,,,,,,,,,,,,,,,,,,,,,,,,,,,,,,,,,,,,,,,,,,,,,,,,,,,,,,,,,,
2016-07-16,1005.2,1006.6,2016-07-16T10:49:00,1003.5,2016-07-16T02:12:00,30.9,34.6,2016-07-16T11:51:00,27.5,2016-07-16T05:22:00,74,55,2016-07-16T12:48:00,1.4,302,6.0,278.0,2016-07-16T10:50:00,0.0,,,,,,,,,,,,,,,,,,,,,,89,2016-07-16T05:22:00,,,,,,,,,,,,,,,,,,,,,,,,,,,,,,,,,,,,,,,,,,,,,,,,,,,,,,,,,,,,,,,,,,,,,,,,,,
2016-07-17,1005.6,1006.9,2016-07-17T07:32:00,1004.4,2016-07-17T14:51:00,30.4,34.5,2016-07-17T14:11:00,28.0,2016-07-17T22:35:00,76,58,2016-07-17T14:12:00,1.2,27,6.8,303.0,2016-07-17T13:39:00,1.0,,,,,,,,,,,,,,,,,,,,,,91,2016-07-17T05:51:00,,,,,,,,,,,,,,,,,,,,,,,,,,,,,,,,,,,,,,,,,,,,,,,,,,,,,,,,,,,,,,,,,,,,,,,,,,
2016-07-18,1005.3,1006.2,2016-07-18T08:34:00,1004.1,2016-07-18T16:21:00,29.2,34.3,2016-07-18T12:17:00,25.3,2016-07-18T18:55:00,73,50,2016-07-18T12:17:00,1.3,34,9.4,79.0,2016-07-18T16:56:00,2.0,,,,,,,,,,,,,,,,,,,,,,91,2016-07-18T18:44:00,,,,,,,,,,,,,,,,,,,,,,,,,,,,,,,,,,,,,,,,,,,,,,,,,,,,,,,,,,,,,,,,,,,,,,,,,,
2016-07-19,1006.2,1008.2,2016-07-19T22:01:00,1004.8,2016-07-19T03:31:00,28.8,32.5,2016-07-19T13:31:00,26.2,2016-07-19T06:42:00,76,61,2016-07-19T12:22:00,1.1,60,5.2,38.0,2016-07-19T10:53:00,0.5,,,,,,,,,,,,,,,,,,,,,,85,2016-07-19T20:14:00,,,,,,,,,,,,,,,,,,,,,,,,,,,,,,,,,,,,,,,,,,,,,,,,,,,,,,,,,,,,,,,,,,,,,,,,,,
2016-07-20,1007.3,1008.4,2016-07-20T22:32:00,1006.0,2016-07-20T16:33:00,30.0,34.5,2016-07-20T15:11:00,26.6,2016-07-20T05:01:00,70,51,2016-07-20T15:01:00,1.1,305,7.4,141.0,2016-07-20T10:45:00,1.5,,,,,,,,,,,,,,,,,,,,,,85,2016-07-20T23:51:00,,,,,,,,,,,,,,,,,,,,,,,,,,,,,,,,,,,,,,,,,,,,,,,,,,,,,,,,,,,,,,,,,,,,,,,,,,
2016-07-21,1007.4,1008.9,2016-07-21T07:44:00,1005.8,2016-07-21T17:22:00,30.7,34.8,2016-07-21T14:41:00,27.0,2016-07-21T05:28:00,70,51,2016-07-21T14:15:00,1.4,75,6.6,291.0,2016-07-21T15:26:00,0.0,,,,,,,,,,,,,,,,,,,,,,88,2016-07-21T02:32:00,,,,,,,,,,,,,,,,,,,,,,,,,,,,,,,,,,,,,,,,,,,,,,,,,,,,,,,,,,,,,,,,,,,,,,,,,,
2016-07-22,1006.2,1007.6,2016-07-22T07:42:00,1004.2,2016-07-22T15:22:00,30.4,34.0,2016-07-22T15:04:00,27.7,2016-07-22T05:15:00,73,56,2016-07-22T16:04:00,1.4,303,6.9,312.0,2016-07-22T13:19:00,0.0,,,,,,,,,,,,,,,,,,,,,,88,2016-07-22T05:15:00,,,,,,,,,,,,,,,,,,,,,,,,,,,,,,,,,,,,,,,,,,,,,,,,,,,,,,,,,,,,,,,,,,,,,,,,,,
2016-07-23,1005.2,1006.7,2016-07-23T07:28:00,1003.4,2016-07-23T16:12:00,30.6,34.6,2016-07-23T13:02:00,26.5,2016-07-23T05:41:00,66,49,2016-07-23T16:53:00,1.3,24,6.6,324.0,2016-07-23T12:01:00,0.0,,,,,,,,,,,,,,,,,,,,,,81,2016-07-23T03:56:00,,,,,,,,,,,,,,,,,,,,,,,,,,,,,,,,,,,,,,,,,,,,,,,,,,,,,,,,,,,,,,,,,,,,,,,,,,
2016-07-24,1004.9,1006.3,2016-07-24T07:11:00,1002.9,2016-07-24T15:57:00,30.5,35.2,2016-07-24T11:11:00,27.3,2016-07-24T03:49:00,72,52,2016-07-24T11:19:00,1.4,296,7.5,280.0,2016-07-24T14:46:00,1.0,,,,,,,,,,,,,,,,,,,,,,87,2016-07-24T19:14:00,,,,,,,,,,,,,,,,,,,,,,,,,,,,,,,,,,,,,,,,,,,,,,,,,,,,,,,,,,,,,,,,,,,,,,,,,,
2016-07-25,1004.9,1006.4,2016-07-25T21:41:00,1002.8,2016-07-25T16:15:00,31.0,36.0,2016-07-25T14:44:00,27.7,2016-07-25T05:54:00,70,49,2016-07-25T14:44:00,1.6,3,8.4,360.0,2016-07-25T10:40:00,0.0,,,,,,,,,,,,,,,,,,,,,,85,2016-07-25T03:41:00,,,,,,,,,,,,,,,,,,,,,,,,,,,,,,,,,,,,,,,,,,,,,,,,,,,,,,,,,,,,,,,,,,,,,,,,,,
2016-07-26,1004.9,1006.4,2016-07-26T21:44:00,1003.3,2016-07-26T15:21:00,31.1,35.0,2016-07-26T13:35:00,27.6,2016-07-26T04:03:00,67,47,2016-07-26T13:11:00,1.4,87,6.1,300.0,2016-07-26T13:55:00,0.0,,,,,,,,,,,,,,,,,,,,,,86,2016-07-26T05:18:00,,,,,,,,,,,,,,,,,,,,,,,,,,,,,,,,,,,,,,,,,,,,,,,,,,,,,,,,,,,,,,,,,,,,,,,,,,
2016-07-27,1005.4,1006.5,2016-07-27T22:01:00,1004.0,2016-07-27T15:26:00,31.0,35.0,2016-07-27T11:31:00,27.2,2016-07-27T05:34:00,69,50,2016-07-27T12:12:00,1.5,39,7.4,287.0,2016-07-27T11:56:00,0.0,,,,,,,,,,,,,,,,,,,,,,82,2016-07-27T05:34:00,,,,,,,,,,,,,,,,,,,,,,,,,,,,,,,,,,,,,,,,,,,,,,,,,,,,,,,,,,,,,,,,,,,,,,,,,,
2016-07-28,1005.1,1007.0,2016-07-28T21:51:00,1003.6,2016-07-28T15:11:00,30.5,34.8,2016-07-28T13:31:00,27.1,2016-07-28T04:21:00,71,56,2016-07-28T10:32:00,1.4,37,6.3,323.0,2016-07-28T11:14:00,0.0,,,,,,,,,,,,,,,,,,,,,,83,2016-07-28T23:56:00,,,,,,,,,,,,,,,,,,,,,,,,,,,,,,,,,,,,,,,,,,,,,,,,,,,,,,,,,,,,,,,,,,,,,,,,,,
2016-07-29,1003.9,1005.2,2016-07-29T00:01:00,1002.4,2016-07-29T15:44:00,30.0,35.3,2016-07-29T12:44:00,26.7,2016-07-29T05:26:00,71,50,2016-07-29T09:33:00,1.4,44,8.0,160.0,2016-07-29T15:07:00,0.0,,,,,,,,,,,,,,,,,,,,,,86,2016-07-29T02:12:00,,,,,,,,,,,,,,,,,,,,,,,,,,,,,,,,,,,,,,,,,,,,,,,,,,,,,,,,,,,,,,,,,,,,,,,,,,
2016-07-30,1002.6,1004.2,2016-07-30T08:13:00,1001.0,2016-07-30T15:53:00,29.5,34.7,2016-07-30T13:02:00,26.2,2016-07-30T17:38:00,74,50,2016-07-30T12:51:00,1.3,73,7.5,298.0,2016-07-30T13:29:00,8.5,,,,,,,,,,,,,,,,,,,,,,93,2016-07-30T17:30:00,,,,,,,,,,,,,,,,,,,,,,,,,,,,,,,,,,,,,,,,,,,,,,,,,,,,,,,,,,,,,,,,,,,,,,,,,,
2016-07-31,999.7,1002.7,2016-07-31T00:01:00,996.9,2016-07-31T18:22:00,29.4,35.0,2016-07-31T13:51:00,26.0,2016-07-31T16:06:00,79,52,2016-07-31T13:44:00,1.0,19,10.5,298.0,2016-07-31T16:06:00,23.5,,,,,,,,,,,,,,,,,,,,,,91,2016-07-31T16:05:00,,,,,,,,,,,,,,,,,,,,,,,,,,,,,,,,,,,,,,,,,,,,,,,,,,,,,,,,,,,,,,,,,,,,,,,,,,
2016-08-01,997.8,1001.1,2016-08-01T22:41:00,994.9,2016-08-01T05:08:00,28.8,31.5,2016-08-01T16:11:00,26.1,2016-08-01T08:13:00,78,59,2016-08-01T18:21:00,2.0,152,13.5,161.0,2016-08-01T22:13:00,7.0,,,,,,,,,,,,,,,,,,,,,,93,2016-08-01T01:44:00,,,,,,,,,,,,,,,,,,,,,,,,,,,,,,,,,,,,,,,,,,,,,,,,,,,,,,,,,,,,,,,,,,,,,,,,,,
2016-08-02,1002.2,1005.1,2016-08-02T21:55:00,1000.2,2016-08-02T01:55:00,30.8,35.0,2016-08-02T13:14:00,26.6,2016-08-02T06:15:00,65,44,2016-08-02T13:32:00,2.1,150,8.9,135.0,2016-08-02T01:04:00,0.0,,,,,,,,,,,,,,,,,,,,,,82,2016-08-02T22:35:00,,,,,,,,,,,,,,,,,,,,,,,,,,,,,,,,,,,,,,,,,,,,,,,,,,,,,,,,,,,,,,,,,,,,,,,,,,
2016-08-03,1004.8,1007.0,2016-08-03T22:11:00,1003.3,2016-08-03T02:21:00,30.4,34.2,2016-08-03T12:32:00,27.2,2016-08-03T03:08:00,71,55,2016-08-03T12:41:00,1.2,262,4.8,317.0,2016-08-03T15:48:00,0.5,,,,,,,,,,,,,,,,,,,,,,87,2016-08-03T23:14:00,,,,,,,,,,,,,,,,,,,,,,,,,,,,,,,,,,,,,,,,,,,,,,,,,,,,,,,,,,,,,,,,,,,,,,,,,,
2016-08-04,1005.2,1006.6,2016-08-04T22:11:00,1003.8,2016-08-04T15:13:00,30.7,34.7,2016-08-04T12:52:00,27.3,2016-08-04T05:11:00,73,52,2016-08-04T11:02:00,1.1,22,5.3,242.0,2016-08-04T13:44:00,0.0,,,,,,,,,,,,,,,,,,,,,,91,2016-08-04T05:21:00,,,,,,,,,,,,,,,,,,,,,,,,,,,,,,,,,,,,,,,,,,,,,,,,,,,,,,,,,,,,,,,,,,,,,,,,,,
2016-08-05,1003.6,1005.9,2016-08-05T00:01:00,1001.4,2016-08-05T16:41:00,30.3,34.3,2016-08-05T14:41:00,27.3,2016-08-05T04:57:00,74,56,2016-08-05T11:18:00,1.6,54,8.1,286.0,2016-08-05T13:33:00,0.0,,,,,,,,,,,,,,,,,,,,,,88,2016-08-05T05:47:00,,,,,,,,,,,,,,,,,,,,,,,,,,,,,,,,,,,,,,,,,,,,,,,,,,,,,,,,,,,,,,,,,,,,,,,,,,
2016-08-06,999.7,999.1,2016-08-06T20:11:00,997.5,2016-08-06T17:26:00,29.4,28.5,2016-08-06T20:51:00,26.2,2016-08-06T17:17:00,79,80,2016-08-06T22:12:00,1.2,9,4.6,86.0,2016-08-06T17:05:00,19.0,,,,,,,,,,,,,,,,,,,,,,94,2016-08-06T17:22:00,,,,,,,,,,,,,,,,,,,,,,,,,,,,,,,,,,,,,,,,,,,,,,,,,,,,,,,,,,,,,,,,,,,,,,,,,,
2016-08-07,998.2,1000.4,2016-08-07T22:16:00,995.4,2016-08-07T15:31:00,29.2,34.5,2016-08-07T11:22:00,26.3,2016-08-07T21:13:00,79,53,2016-08-07T11:26:00,1.3,42,6.9,313.0,2016-08-07T15:35:00,12.5,,,,,,,,,,,,,,,,,,,,,,90,2016-08-07T19:11:00,,,,,,,,,,,,,,,,,,,,,,,,,,,,,,,,,,,,,,,,,,,,,,,,,,,,,,,,,,,,,,,,,,,,,,,,,,
2016-08-08,998.3,1000.2,2016-08-08T09:23:00,995.8,2016-08-08T16:44:00,29.5,33.8,2016-08-08T12:52:00,26.3,2016-08-08T01:13:00,79,60,2016-08-08T12:50:00,1.1,9,6.9,315.0,2016-08-08T16:44:00,2.0,,,,,,,,,,,,,,,,,,,,,,89,2016-08-08T05:46:00,,,,,,,,,,,,,,,,,,,,,,,,,,,,,,,,,,,,,,,,,,,,,,,,,,,,,,,,,,,,,,,,,,,,,,,,,,
2016-08-09,997.6,998.8,2016-08-09T21:11:00,995.2,2016-08-09T15:43:00,29.5,34.3,2016-08-09T11:51:00,27.0,2016-08-09T04:35:00,78,51,2016-08-09T11:21:00,1.3,28,6.1,294.0,2016-08-09T15:26:00,0.0,,,,,,,,,,,,,,,,,,,,,,90,2016-08-09T05:51:00,,,,,,,,,,,,,,,,,,,,,,,,,,,,,,,,,,,,,,,,,,,,,,,,,,,,,,,,,,,,,,,,,,,,,,,,,,
2016-08-10,998.7,1000.1,2016-08-10T22:02:00,997.0,2016-08-10T14:56:00,28.9,34.5,2016-08-10T12:57:00,26.0,2016-08-10T17:14:00,79,54,2016-08-10T10:32:00,1.1,5,6.7,304.0,2016-08-10T13:45:00,18.5,,,,,,,,,,,,,,,,,,,,,,93,2016-08-10T17:02:00,,,,,,,,,,,,,,,,,,,,,,,,,,,,,,,,,,,,,,,,,,,,,,,,,,,,,,,,,,,,,,,,,,,,,,,,,,
2016-08-11,998.6,999.6,2016-08-11T07:11:00,997.1,2016-08-11T15:03:00,28.5,33.1,2016-08-11T13:31:00,25.0,2016-08-11T04:54:00,82,62,2016-08-11T13:43:00,1.4,198,7.9,146.0,2016-08-11T17:23:00,16.0,,,,,,,,,,,,,,,,,,,,,,95,2016-08-11T05:46:00,,,,,,,,,,,,,,,,,,,,,,,,,,,,,,,,,,,,,,,,,,,,,,,,,,,,,,,,,,,,,,,,,,,,,,,,,,
2016-08-12,999.7,1001.6,2016-08-12T08:48:00,998.3,2016-08-12T16:16:00,26.8,28.7,2016-08-12T16:31:00,25.0,2016-08-12T02:12:00,90,76,2016-08-12T16:20:00,1.2,149,6.2,229.0,2016-08-12T01:47:00,79.5,,,,,,,,,,,,,,,,,,,,,,97,2016-08-12T03:19:00,,,,,,,,,,,,,,,,,,,,,,,,,,,,,,,,,,,,,,,,,,,,,,,,,,,,,,,,,,,,,,,,,,,,,,,,,,
2016-08-13,998.5,999.6,2016-08-13T09:46:00,997.5,2016-08-13T15:01:00,26.6,27.8,2016-08-13T17:52:00,25.6,2016-08-13T04:11:00,91,86,2016-08-13T03:22:00,1.4,153,6.6,163.0,2016-08-13T10:58:00,9.0,,,,,,,,,,,,,,,,,,,,,,95,2016-08-13T09:52:00,,,,,,,,,,,,,,,,,,,,,,,,,,,,,,,,,,,,,,,,,,,,,,,,,,,,,,,,,,,,,,,,,,,,,,,,,,
2016-08-14,997.8,998.8,2016-08-14T08:11:00,996.2,2016-08-14T15:52:00,28.4,32.0,2016-08-14T12:33:00,25.6,2016-08-14T04:57:00,80,61,2016-08-14T15:44:00,1.4,1,9.3,128.0,2016-08-14T16:29:00,1.0,,,,,,,,,,,,,,,,,,,,,,95,2016-08-14T05:04:00,,,,,,,,,,,,,,,,,,,,,,,,,,,,,,,,,,,,,,,,,,,,,,,,,,,,,,,,,,,,,,,,,,,,,,,,,,
2016-08-15,997.5,998.3,2016-08-15T08:01:00,995.4,2016-08-15T16:41:00,28.7,32.5,2016-08-15T11:47:00,26.3,2016-08-15T05:52:00,76,58,2016-08-15T12:03:00,1.9,149,10.2,140.0,2016-08-15T14:59:00,0.0,,,,,,,,,,,,,,,,,,,,,,88,2016-08-15T04:21:00,,,,,,,,,,,,,,,,,,,,,,,,,,,,,,,,,,,,,,,,,,,,,,,,,,,,,,,,,,,,,,,,,,,,,,,,,,
2016-08-16,998.4,1000.3,2016-08-16T22:29:00,996.7,2016-08-16T03:12:00,26.8,31.0,2016-08-16T13:31:00,25.0,2016-08-16T16:05:00,87,68,2016-08-16T13:31:00,2.1,126,9.3,157.0,2016-08-16T13:43:00,37.5,,,,,,,,,,,,,,,,,,,,,,95,2016-08-16T16:32:00,,,,,,,,,,,,,,,,,,,,,,,,,,,,,,,,,,,,,,,,,,,,,,,,,,,,,,,,,,,,,,,,,,,,,,,,,,
2016-08-17,998.5,999.7,2016-08-17T21:51:00,996.8,2016-08-17T15:04:00,27.5,32.1,2016-08-17T11:12:00,25.6,2016-08-17T17:34:00,87,66,2016-08-17T11:21:00,2.0,149,9.2,149.0,2016-08-17T11:56:00,35.5,,,,,,,,,,,,,,,,,,,,,,96,2016-08-17T17:12:00,,,,,,,,,,,,,,,,,,,,,,,,,,,,,,,,,,,,,,,,,,,,,,,,,,,,,,,,,,,,,,,,,,,,,,,,,,
2016-08-18,999.6,1001.6,2016-08-18T21:51:00,997.7,2016-08-18T04:34:00,28.4,32.5,2016-08-18T11:21:00,25.6,2016-08-18T03:26:00,85,67,2016-08-18T11:21:00,1.4,147,5.6,153.0,2016-08-18T11:53:00,48.5,,,,,,,,,,,,,,,,,,,,,,94,2016-08-18T03:21:00,,,,,,,,,,,,,,,,,,,,,,,,,,,,,,,,,,,,,,,,,,,,,,,,,,,,,,,,,,,,,,,,,,,,,,,,,,
2016-08-19,1001.5,1003.1,2016-08-19T20:51:00,999.9,2016-08-19T14:46:00,27.9,34.0,2016-08-19T10:43:00,24.3,2016-08-19T17:34:00,85,60,2016-08-19T10:41:00,1.1,15,6.4,235.0,2016-08-19T14:36:00,58.0,,,,,,,,,,,,,,,,,,,,,,97,2016-08-19T18:02:00,,,,,,,,,,,,,,,,,,,,,,,,,,,,,,,,,,,,,,,,,,,,,,,,,,,,,,,,,,,,,,,,,,,,,,,,,,
2016-08-20,1000.8,1002.6,2016-08-20T00:01:00,998.3,2016-08-20T16:32:00,29.1,33.7,2016-08-20T12:43:00,24.7,2016-08-20T04:56:00,75,55,2016-08-20T10:21:00,1.1,291,5.3,318.0,2016-08-20T13:39:00,0.0,,,,,,,,,,,,,,,,,,,,,,92,2016-08-20T01:01:00,,,,,,,,,,,,,,,,,,,,,,,,,,,,,,,,,,,,,,,,,,,,,,,,,,,,,,,,,,,,,,,,,,,,,,,,,,
2016-08-21,999.5,1001.1,2016-08-21T21:51:00,997.6,2016-08-21T17:52:00,29.6,34.2,2016-08-21T10:41:00,26.8,2016-08-21T04:41:00,74,54,2016-08-21T10:31:00,1.0,4,5.6,286.0,2016-08-21T14:39:00,0.0,,,,,,,,,,,,,,,,,,,,,,86,2016-08-21T23:21:00,,,,,,,,,,,,,,,,,,,,,,,,,,,,,,,,,,,,,,,,,,,,,,,,,,,,,,,,,,,,,,,,,,,,,,,,,,
2016-08-22,1000.6,1001.5,2016-08-22T07:01:00,999.1,2016-08-22T15:47:00,29.8,35.1,2016-08-22T13:53:00,26.5,2016-08-22T03:56:00,77,53,2016-08-22T11:51:00,1.3,1,7.5,132.0,2016-08-22T18:17:00,17.0,,,,,,,,,,,,,,,,,,,,,,93,2016-08-22T18:51:00,,,,,,,,,,,,,,,,,,,,,,,,,,,,,,,,,,,,,,,,,,,,,,,,,,,,,,,,,,,,,,,,,,,,,,,,,,
2016-08-23,1000.2,1001.5,2016-08-23T08:41:00,998.4,2016-08-23T16:01:00,30.2,34.3,2016-08-23T13:01:00,26.7,2016-08-23T05:45:00,74,48,2016-08-23T13:14:00,1.2,36,6.0,322.0,2016-08-23T11:59:00,0.0,,,,,,,,,,,,,,,,,,,,,,91,2016-08-23T06:03:00,,,,,,,,,,,,,,,,,,,,,,,,,,,,,,,,,,,,,,,,,,,,,,,,,,,,,,,,,,,,,,,,,,,,,,,,,,
2016-08-24,999.5,1001.1,2016-08-24T21:53:00,998.4,2016-08-24T14:26:00,30.5,33.8,2016-08-24T13:03:00,27.7,2016-08-24T04:06:00,74,54,2016-08-24T11:55:00,1.3,26,6.3,323.0,2016-08-24T11:55:00,0.0,,,,,,,,,,,,,,,,,,,,,,88,2016-08-24T04:11:00,,,,,,,,,,,,,,,,,,,,,,,,,,,,,,,,,,,,,,,,,,,,,,,,,,,,,,,,,,,,,,,,,,,,,,,,,,
2016-08-25,999.9,1001.6,2016-08-25T09:13:00,998.2,2016-08-25T17:12:00,30.3,40.3,2016-08-25T20:31:00,27.7,2016-08-25T05:21:00,75,59,2016-08-25T11:25:00,1.2,2,6.1,225.0,2016-08-25T11:05:00,0.0,,,,,,,,,,,,,,,,,,,,,,86,2016-08-25T02:08:00,,,,,,,,,,,,,,,,,,,,,,,,,,,,,,,,,,,,,,,,,,,,,,,,,,,,,,,,,,,,,,,,,,,,,,,,,,
2016-08-26,1000.6,1003.5,2016-08-26T22:31:00,999.0,2016-08-26T15:11:00,30.4,33.6,2016-08-26T14:42:00,28.0,2016-08-26T06:05:00,74,52,2016-08-26T15:11:00,1.3,293,7.1,301.0,2016-08-26T14:20:00,0.0,,,,,,,,,,,,,,,,,,,,,,90,2016-08-26T06:05:00,,,,,,,,,,,,,,,,,,,,,,,,,,,,,,,,,,,,,,,,,,,,,,,,,,,,,,,,,,,,,,,,,,,,,,,,,,
2016-08-27,1001.8,1003.0,2016-08-27T08:41:00,999.9,2016-08-27T15:46:00,30.3,34.5,2016-08-27T13:46:00,27.0,2016-08-27T05:15:00,75,55,2016-08-27T10:41:00,1.4,297,6.1,43.0,2016-08-27T18:32:00,0.0,,,,,,,,,,,,,,,,,,,,,,89,2016-08-27T03:31:00,,,,,,,,,,,,,,,,,,,,,,,,,,,,,,,,,,,,,,,,,,,,,,,,,,,,,,,,,,,,,,,,,,,,,,,,,,
2016-08-28,1001.2,1002.7,2016-08-28T08:23:00,999.0,2016-08-28T15:32:00,29.9,34.5,2016-08-28T12:11:00,27.3,2016-08-28T07:44:00,77,51,2016-08-28T11:33:00,1.2,10,6.0,306.0,2016-08-28T12:29:00,7.0,,,,,,,,,,,,,,,,,,,,,,91,2016-08-28T07:48:00,,,,,,,,,,,,,,,,,,,,,,,,,,,,,,,,,,,,,,,,,,,,,,,,,,,,,,,,,,,,,,,,,,,,,,,,,,
2016-08-29,1001.9,1004.2,2016-08-29T23:26:00,1000.1,2016-08-29T03:17:00,28.1,32.6,2016-08-29T13:13:00,25.5,2016-08-29T23:42:00,82,64,2016-08-29T13:13:00,1.5,56,7.9,238.0,2016-08-29T12:43:00,22.0,,,,,,,,,,,,,,,,,,,,,,93,2016-08-29T23:50:00,,,,,,,,,,,,,,,,,,,,,,,,,,,,,,,,,,,,,,,,,,,,,,,,,,,,,,,,,,,,,,,,,,,,,,,,,,
2016-08-30,1002.9,1004.4,2016-08-30T07:52:00,1001.0,2016-08-30T15:47:00,28.0,31.6,2016-08-30T13:03:00,25.5,2016-08-30T05:08:00,76,59,2016-08-30T15:22:00,1.1,80,4.3,351.0,2016-08-30T22:58:00,0.5,,,,,,,,,,,,,,,,,,,,,,91,2016-08-30T00:01:00,,,,,,,,,,,,,,,,,,,,,,,,,,,,,,,,,,,,,,,,,,,,,,,,,,,,,,,,,,,,,,,,,,,,,,,,,,
2016-08-31,1001.9,1003.1,2016-08-31T10:12:00,1000.3,2016-08-31T14:54:00,28.9,33.0,2016-08-31T13:31:00,25.7,2016-08-31T05:23:00,67,47,2016-08-31T16:03:00,1.2,296,6.6,308.0,2016-08-31T15:30:00,0.0,,,,,,,,,,,,,,,,,,,,,,84,2016-08-31T00:11:00,,,,,,,,,,,,,,,,,,,,,,,,,,,,,,,,,,,,,,,,,,,,,,,,,,,,,,,,,,,,,,,,,,,,,,,,,,
2016-09-01,1001.3,1002.8,2016-09-01T00:01:00,999.0,2016-09-01T15:11:00,29.5,34.3,2016-09-01T14:11:00,25.8,2016-09-01T01:54:00,69,43,2016-09-01T15:51:00,1.2,52,5.6,235.0,2016-09-01T18:25:00,0.0,,,,,,,,,,,,,,,,,,,,,,86,2016-09-01T22:42:00,,,,,,,,,,,,,,,,,,,,,,,,,,,,,,,,,,,,,,,,,,,,,,,,,,,,,,,,,,,,,,,,,,,,,,,,,,
2016-09-02,1000.6,1002.3,2016-09-02T10:08:00,999.4,2016-09-02T03:39:00,26.3,28.5,2016-09-02T00:01:00,25.1,2016-09-02T20:43:00,92,80,2016-09-02T05:31:00,1.3,107,9.7,158.0,2016-09-02T14:02:00,142.5,,,,,,,,,,,,,,,,,,,,,,98,2016-09-02T21:21:00,,,,,,,,,,,,,,,,,,,,,,,,,,,,,,,,,,,,,,,,,,,,,,,,,,,,,,,,,,,,,,,,,,,,,,,,,,
2016-09-03,1000.6,1001.9,2016-09-03T21:34:00,999.0,2016-09-03T15:41:00,27.8,31.0,2016-09-03T15:03:00,25.1,2016-09-03T00:02:00,87,71,2016-09-03T15:03:00,1.1,145,4.8,150.0,2016-09-03T01:42:00,26.0,,,,,,,,,,,,,,,,,,,,,,97,2016-09-03T00:01:00,,,,,,,,,,,,,,,,,,,,,,,,,,,,,,,,,,,,,,,,,,,,,,,,,,,,,,,,,,,,,,,,,,,,,,,,,,
2016-09-04,1001.5,1002.9,2016-09-04T21:43:00,999.9,2016-09-04T14:11:00,28.1,31.6,2016-09-04T09:51:00,26.2,2016-09-04T20:11:00,87,70,2016-09-04T09:51:00,1.0,59,5.2,257.0,2016-09-04T15:09:00,10.5,,,,,,,,,,,,,,,,,,,,,,95,2016-09-04T04:56:00,,,,,,,,,,,,,,,,,,,,,,,,,,,,,,,,,,,,,,,,,,,,,,,,,,,,,,,,,,,,,,,,,,,,,,,,,,
2016-09-05,1002.4,1004.8,2016-09-05T21:53:00,1000.7,2016-09-05T14:43:00,28.5,32.7,2016-09-05T11:12:00,25.8,2016-09-05T03:42:00,83,64,2016-09-05T11:11:00,1.3,151,6.7,222.0,2016-09-05T14:13:00,10.0,,,,,,,,,,,,,,,,,,,,,,95,2016-09-05T19:41:00,,,,,,,,,,,,,,,,,,,,,,,,,,,,,,,,,,,,,,,,,,,,,,,,,,,,,,,,,,,,,,,,,,,,,,,,,,
2016-09-06,1004.9,1007.1,2016-09-06T21:43:00,1003.3,2016-09-06T00:05:00,26.0,28.1,2016-09-06T08:52:00,24.0,2016-09-06T21:01:00,92,84,2016-09-06T06:37:00,1.7,139,7.3,155.0,2016-09-06T02:56:00,82.5,,,,,,,,,,,,,,,,,,,,,,96,2016-09-06T22:15:00,,,,,,,,,,,,,,,,,,,,,,,,,,,,,,,,,,,,,,,,,,,,,,,,,,,,,,,,,,,,,,,,,,,,,,,,,,
2016-09-07,1006.1,1007.9,2016-09-07T19:58:00,1004.2,2016-09-07T15:30:00,25.8,30.5,2016-09-07T15:06:00,24.3,2016-09-07T04:22:00,89,70,2016-09-07T14:36:00,1.6,96,9.3,308.0,2016-09-07T16:17:00,88.0,,,,,,,,,,,,,,,,,,,,,,97,2016-09-07T02:35:00,,,,,,,,,,,,,,,,,,,,,,,,,,,,,,,,,,,,,,,,,,,,,,,,,,,,,,,,,,,,,,,,,,,,,,,,,,
2016-09-08,1006.0,1006.9,2016-09-08T21:51:00,1004.9,2016-09-08T02:49:00,26.6,32.0,2016-09-08T10:41:00,24.3,2016-09-08T05:32:00,84,59,2016-09-08T10:51:00,1.0,81,6.9,238.0,2016-09-08T12:10:00,24.0,,,,,,,,,,,,,,,,,,,,,,95,2016-09-08T17:41:00,,,,,,,,,,,,,,,,,,,,,,,,,,,,,,,,,,,,,,,,,,,,,,,,,,,,,,,,,,,,,,,,,,,,,,,,,,
2016-09-09,1005.5,1006.4,2016-09-09T00:01:00,1004.0,2016-09-09T14:05:00,28.8,33.5,2016-09-09T13:01:00,25.2,2016-09-09T04:58:00,77,59,2016-09-09T13:08:00,1.1,22,5.8,222.0,2016-09-09T14:26:00,0.0,,,,,,,,,,,,,,,,,,,,,,90,2016-09-09T23:56:00,,,,,,,,,,,,,,,,,,,,,,,,,,,,,,,,,,,,,,,,,,,,,,,,,,,,,,,,,,,,,,,,,,,,,,,,,,
2016-09-10,1004.8,1006.2,2016-09-10T21:12:00,1003.0,2016-09-10T14:51:00,29.3,33.5,2016-09-10T13:01:00,26.3,2016-09-10T04:55:00,77,59,2016-09-10T14:13:00,1.2,83,5.9,246.0,2016-09-10T14:21:00,0.0,,,,,,,,,,,,,,,,,,,,,,90,2016-09-10T00:02:00,,,,,,,,,,,,,,,,,,,,,,,,,,,,,,,,,,,,,,,,,,,,,,,,,,,,,,,,,,,,,,,,,,,,,,,,,,
2016-09-11,1005.0,1007.6,2016-09-11T22:37:00,1002.7,2016-09-11T16:03:00,30.1,35.1,2016-09-11T11:33:00,26.5,2016-09-11T02:53:00,73,53,2016-09-11T11:33:00,1.2,281,5.3,350.0,2016-09-11T12:05:00,0.0,,,,,,,,,,,,,,,,,,,,,,87,2016-09-11T03:14:00,,,,,,,,,,,,,,,,,,,,,,,,,,,,,,,,,,,,,,,,,,,,,,,,,,,,,,,,,,,,,,,,,,,,,,,,,,
2016-09-12,1006.0,1007.9,2016-09-12T21:41:00,1003.7,2016-09-12T16:23:00,30.2,35.5,2016-09-12T13:31:00,26.3,2016-09-12T05:15:00,73,48,2016-09-12T12:41:00,1.4,20,6.4,286.0,2016-09-12T15:18:00,0.0,,,,,,,,,,,,,,,,,,,,,,88,2016-09-12T05:15:00,,,,,,,,,,,,,,,,,,,,,,,,,,,,,,,,,,,,,,,,,,,,,,,,,,,,,,,,,,,,,,,,,,,,,,,,,,
2016-09-13,1003.0,1007.1,2016-09-13T00:01:00,997.6,2016-09-13T23:52:00,29.5,34.3,2016-09-13T13:51:00,27.0,2016-09-13T05:46:00,78,54,2016-09-13T13:52:00,1.3,344,6.8,316.0,2016-09-13T15:45:00,0.0,,,,,,,,,,,,,,,,,,,,,,90,2016-09-13T07:15:00,,,,,,,,,,,,,,,,,,,,,,,,,,,,,,,,,,,,,,,,,,,,,,,,,,,,,,,,,,,,,,,,,,,,,,,,,,
2016-09-14,990.8,1000.5,2016-09-14T23:53:00,973.9,2016-09-14T13:30:00,25.9,28.0,2016-09-14T00:42:00,23.1,2016-09-14T13:57:00,93,0,2016-09-14T13:57:00,4.7,148,29.4,144.0,2016-09-14T14:06:00,190.0,,,,,,,,,,,,,,,,,,,,,,100,2016-09-14T13:42:00,,,,,,,,,,,,,,,,,,,,,,,,,,,,,,,,,,,,,,,,,,,,,,,,,,,,,,,,,,,,,,,,,,,,,,,,,,
2016-09-15,1001.5,1002.7,2016-09-15T09:41:00,999.4,2016-09-15T03:11:00,27.9,31.2,2016-09-15T14:31:00,24.5,2016-09-15T04:51:00,83,68,2016-09-15T15:52:00,2.8,147,11.3,128.0,2016-09-15T14:40:00,99.5,,,,,,,,,,,,,,,,,,,,,,100,2016-09-15T04:25:00,,,,,,,,,,,,,,,,,,,,,,,,,,,,,,,,,,,,,,,,,,,,,,,,,,,,,,,,,,,,,,,,,,,,,,,,,,
2016-09-16,1000.5,1002.0,2016-09-16T07:31:00,998.7,2016-09-16T14:43:00,29.6,34.1,2016-09-16T12:11:00,25.1,2016-09-16T05:05:00,71,52,2016-09-16T11:42:00,1.6,24,9.0,323.0,2016-09-16T13:42:00,0.0,,,,,,,,,,,,,,,,,,,,,,93,2016-09-16T03:02:00,,,,,,,,,,,,,,,,,,,,,,,,,,,,,,,,,,,,,,,,,,,,,,,,,,,,,,,,,,,,,,,,,,,,,,,,,,
2016-09-17,1000.5,1002.5,2016-09-17T23:26:00,998.9,2016-09-17T15:35:00,28.9,31.8,2016-09-17T14:32:00,26.7,2016-09-17T04:52:00,81,65,2016-09-17T14:43:00,1.8,295,7.6,303.0,2016-09-17T14:32:00,0.0,,,,,,,,,,,,,,,,,,,,,,90,2016-09-17T04:52:00,,,,,,,,,,,,,,,,,,,,,,,,,,,,,,,,,,,,,,,,,,,,,,,,,,,,,,,,,,,,,,,,,,,,,,,,,,
2016-09-18,1001.9,1003.6,2016-09-18T21:01:00,1000.1,2016-09-18T14:38:00,29.8,34.8,2016-09-18T13:31:00,25.8,2016-09-18T05:52:00,75,50,2016-09-18T13:33:00,1.3,321,6.3,325.0,2016-09-18T15:26:00,0.0,,,,,,,,,,,,,,,,,,,,,,91,2016-09-18T05:03:00,,,,,,,,,,,,,,,,,,,,,,,,,,,,,,,,,,,,,,,,,,,,,,,,,,,,,,,,,,,,,,,,,,,,,,,,,,
2016-09-19,1003.6,1005.8,2016-09-19T21:17:00,1002.0,2016-09-19T02:22:00,27.7,31.8,2016-09-19T13:15:00,25.3,2016-09-19T15:41:00,79,64,2016-09-19T13:31:00,1.3,76,8.5,77.0,2016-09-19T14:38:00,0.0,,,,,,,,,,,,,,,,,,,,,,90,2016-09-19T05:34:00,,,,,,,,,,,,,,,,,,,,,,,,,,,,,,,,,,,,,,,,,,,,,,,,,,,,,,,,,,,,,,,,,,,,,,,,,,
2016-09-20,1006.8,1009.2,2016-09-20T21:35:00,1004.9,2016-09-20T03:24:00,28.7,33.5,2016-09-20T13:33:00,25.0,2016-09-20T02:51:00,71,48,2016-09-20T13:41:00,1.1,279,5.8,228.0,2016-09-20T15:15:00,0.0,,,,,,,,,,,,,,,,,,,,,,87,2016-09-20T01:36:00,,,,,,,,,,,,,,,,,,,,,,,,,,,,,,,,,,,,,,,,,,,,,,,,,,,,,,,,,,,,,,,,,,,,,,,,,,
2016-09-21,1009.3,1010.6,2016-09-21T21:22:00,1007.8,2016-09-21T14:54:00,29.0,33.1,2016-09-21T11:51:00,25.5,2016-09-21T04:53:00,72,50,2016-09-21T11:51:00,1.3,59,4.8,311.0,2016-09-21T12:39:00,0.0,,,,,,,,,,,,,,,,,,,,,,90,2016-09-21T05:02:00,,,,,,,,,,,,,,,,,,,,,,,,,,,,,,,,,,,,,,,,,,,,,,,,,,,,,,,,,,,,,,,,,,,,,,,,,,
2016-09-22,1008.8,1010.1,2016-09-22T00:01:00,1007.3,2016-09-22T14:37:00,28.3,31.6,2016-09-22T14:37:00,25.8,2016-09-22T05:02:00,75,58,2016-09-22T16:52:00,1.1,7,5.3,300.0,2016-09-22T14:02:00,0.0,,,,,,,,,,,,,,,,,,,,,,87,2016-09-22T05:02:00,,,,,,,,,,,,,,,,,,,,,,,,,,,,,,,,,,,,,,,,,,,,,,,,,,,,,,,,,,,,,,,,,,,,,,,,,,
2016-09-23,1007.0,1009.0,2016-09-23T00:01:00,1004.6,2016-09-23T15:01:00,28.8,33.0,2016-09-23T13:41:00,26.0,2016-09-23T03:33:00,75,58,2016-09-23T09:56:00,1.2,7,5.1,242.0,2016-09-23T11:38:00,0.0,,,,,,,,,,,,,,,,,,,,,,88,2016-09-23T23:53:00,,,,,,,,,,,,,,,,,,,,,,,,,,,,,,,,,,,,,,,,,,,,,,,,,,,,,,,,,,,,,,,,,,,,,,,,,,
2016-09-24,1005.4,1007.3,2016-09-24T00:01:00,1003.0,2016-09-24T15:21:00,29.0,33.1,2016-09-24T12:02:00,25.1,2016-09-24T05:18:00,74,58,2016-09-24T12:02:00,1.2,7,5.9,313.0,2016-09-24T13:14:00,0.5,,,,,,,,,,,,,,,,,,,,,,91,2016-09-24T03:02:00,,,,,,,,,,,,,,,,,,,,,,,,,,,,,,,,,,,,,,,,,,,,,,,,,,,,,,,,,,,,,,,,,,,,,,,,,,
2016-09-25,1004.1,1005.7,2016-09-25T00:01:00,1002.4,2016-09-25T15:04:00,29.0,34.0,2016-09-25T13:31:00,26.0,2016-09-25T05:21:00,76,53,2016-09-25T13:31:00,1.2,290,5.9,239.0,2016-09-25T13:42:00,10.0,,,,,,,,,,,,,,,,,,,,,,94,2016-09-25T20:41:00,,,,,,,,,,,,,,,,,,,,,,,,,,,,,,,,,,,,,,,,,,,,,,,,,,,,,,,,,,,,,,,,,,,,,,,,,,
2016-09-26,999.3,1003.0,2016-09-26T00:01:00,995.1,2016-09-26T23:52:00,29.7,34.2,2016-09-26T13:41:00,26.5,2016-09-26T04:51:00,75,53,2016-09-26T13:41:00,1.3,338,5.5,279.0,2016-09-26T14:18:00,0.0,,,,,,,,,,,,,,,,,,,,,,93,2016-09-26T04:53:00,,,,,,,,,,,,,,,,,,,,,,,,,,,,,,,,,,,,,,,,,,,,,,,,,,,,,,,,,,,,,,,,,,,,,,,,,,
2016-09-27,985.4,995.1,2016-09-27T00:01:00,972.8,2016-09-27T19:20:00,26.7,28.0,2016-09-27T00:01:00,25.0,2016-09-27T19:33:00,92,82,2016-09-27T00:02:00,3.7,353,21.4,225.0,2016-09-27T18:33:00,245.5,,,,,,,,,,,,,,,,,,,,,,100,2016-09-27T17:39:00,,,,,,,,,,,,,,,,,,,,,,,,,,,,,,,,,,,,,,,,,,,,,,,,,,,,,,,,,,,,,,,,,,,,,,,,,,
2016-09-28,996.4,1001.8,2016-09-28T21:41:00,989.5,2016-09-28T03:26:00,26.7,30.5,2016-09-28T12:52:00,24.3,2016-09-28T21:32:00,94,79,2016-09-28T13:45:00,3.1,147,13.3,140.0,2016-09-28T09:26:00,332.5,,,,,,,,,,,,,,,,,,,,,,100,2016-09-28T01:49:00,,,,,,,,,,,,,,,,,,,,,,,,,,,,,,,,,,,,,,,,,,,,,,,,,,,,,,,,,,,,,,,,,,,,,,,,,,
2016-09-29,1002.8,1005.0,2016-09-29T21:11:00,999.5,2016-09-29T02:22:00,28.8,32.7,2016-09-29T13:23:00,24.5,2016-09-29T00:12:00,79,60,2016-09-29T14:32:00,2.8,150,10.5,148.0,2016-09-29T11:01:00,60.5,,,,,,,,,,,,,,,,,,,,,,100,2016-09-29T00:14:00,,,,,,,,,,,,,,,,,,,,,,,,,,,,,,,,,,,,,,,,,,,,,,,,,,,,,,,,,,,,,,,,,,,,,,,,,,
2016-09-30,1005.0,1007.4,2016-09-30T21:52:00,1003.3,2016-09-30T03:21:00,27.6,33.2,2016-09-30T11:56:00,25.5,2016-09-30T18:56:00,80,58,2016-09-30T11:56:00,1.1,2,5.8,1.0,2016-09-30T14:42:00,1.0,,,,,,,,,,,,,,,,,,,,,,94,2016-09-30T19:32:00,,,,,,,,,,,,,,,,,,,,,,,,,,,,,,,,,,,,,,,,,,,,,,,,,,,,,,,,,,,,,,,,,,,,,,,,,,
2016-10-01,1006.5,1007.9,2016-10-01T22:31:00,1005.1,2016-10-01T03:31:00,26.6,30.3,2016-10-01T10:31:00,24.8,2016-10-01T15:02:00,88,68,2016-10-01T10:21:00,1.0,14,5.3,69.0,2016-10-01T14:30:00,22.0,,,,,,,,,,,,,,,,,,,,,,98,2016-10-01T14:37:00,,,,,,,,,,,,,,,,,,,,,,,,,,,,,,,,,,,,,,,,,,,,,,,,,,,,,,,,,,,,,,,,,,,,,,,,,,
2016-10-02,1005.3,1007.6,2016-10-02T00:01:00,1003.0,2016-10-02T15:22:00,28.8,33.5,2016-10-02T13:43:00,25.1,2016-10-02T05:04:00,75,54,2016-10-02T15:51:00,1.2,345,5.8,19.0,2016-10-02T09:18:00,0.0,,,,,,,,,,,,,,,,,,,,,,96,2016-10-02T01:21:00,,,,,,,,,,,,,,,,,,,,,,,,,,,,,,,,,,,,,,,,,,,,,,,,,,,,,,,,,,,,,,,,,,,,,,,,,,
2016-10-03,1003.0,1004.5,2016-10-03T00:01:00,1001.0,2016-10-03T14:51:00,29.0,32.5,2016-10-03T13:03:00,26.0,2016-10-03T05:21:00,76,62,2016-10-03T15:13:00,1.1,3,4.9,303.0,2016-10-03T13:04:00,0.0,,,,,,,,,,,,,,,,,,,,,,87,2016-10-03T05:17:00,,,,,,,,,,,,,,,,,,,,,,,,,,,,,,,,,,,,,,,,,,,,,,,,,,,,,,,,,,,,,,,,,,,,,,,,,,
2016-10-04,1003.5,1005.2,2016-10-04T22:45:00,1001.6,2016-10-04T14:41:00,29.1,32.7,2016-10-04T12:31:00,26.0,2016-10-04T05:34:00,76,60,2016-10-04T13:51:00,1.1,37,5.7,226.0,2016-10-04T11:42:00,0.0,,,,,,,,,,,,,,,,,,,,,,92,2016-10-04T05:38:00,,,,,,,,,,,,,,,,,,,,,,,,,,,,,,,,,,,,,,,,,,,,,,,,,,,,,,,,,,,,,,,,,,,,,,,,,,
2016-10-05,1004.1,1006.0,2016-10-05T09:05:00,1002.4,2016-10-05T15:14:00,28.7,32.5,2016-10-05T11:01:00,24.2,2016-10-05T05:52:00,78,54,2016-10-05T12:40:00,1.1,1,6.3,296.0,2016-10-05T12:03:00,15.0,,,,,,,,,,,,,,,,,,,,,,98,2016-10-05T05:22:00,,,,,,,,,,,,,,,,,,,,,,,,,,,,,,,,,,,,,,,,,,,,,,,,,,,,,,,,,,,,,,,,,,,,,,,,,,
2016-10-06,1003.6,1004.7,2016-10-06T07:44:00,1001.8,2016-10-06T01:31:00,27.7,32.0,2016-10-06T13:21:00,25.0,2016-10-06T05:33:00,83,57,2016-10-06T13:24:00,1.2,37,5.8,148.0,2016-10-06T02:52:00,11.5,,,,,,,,,,,,,,,,,,,,,,96,2016-10-06T04:52:00,,,,,,,,,,,,,,,,,,,,,,,,,,,,,,,,,,,,,,,,,,,,,,,,,,,,,,,,,,,,,,,,,,,,,,,,,,
2016-10-07,1003.5,1005.3,2016-10-07T20:53:00,1001.4,2016-10-07T14:08:00,27.1,34.5,2016-10-07T10:21:00,25.0,2016-10-07T21:11:00,84,54,2016-10-07T10:21:00,1.7,149,9.2,126.0,2016-10-07T23:26:00,7.0,,,,,,,,,,,,,,,,,,,,,,97,2016-10-07T21:32:00,,,,,,,,,,,,,,,,,,,,,,,,,,,,,,,,,,,,,,,,,,,,,,,,,,,,,,,,,,,,,,,,,,,,,,,,,,
2016-10-08,1003.9,1005.5,2016-10-08T08:05:00,1002.6,2016-10-08T14:33:00,25.9,27.0,2016-10-08T14:33:00,24.5,2016-10-08T04:18:00,91,84,2016-10-08T23:01:00,2.3,142,10.3,151.0,2016-10-08T04:03:00,58.0,,,,,,,,,,,,,,,,,,,,,,99,2016-10-08T06:02:00,,,,,,,,,,,,,,,,,,,,,,,,,,,,,,,,,,,,,,,,,,,,,,,,,,,,,,,,,,,,,,,,,,,,,,,,,,
2016-10-09,1003.3,1005.0,2016-10-09T10:43:00,1002.0,2016-10-09T03:13:00,25.6,28.0,2016-10-09T16:04:00,24.0,2016-10-09T23:31:00,93,77,2016-10-09T16:12:00,1.3,8,7.8,155.0,2016-10-09T00:51:00,41.5,,,,,,,,,,,,,,,,,,,,,,98,2016-10-09T01:31:00,,,,,,,,,,,,,,,,,,,,,,,,,,,,,,,,,,,,,,,,,,,,,,,,,,,,,,,,,,,,,,,,,,,,,,,,,,
2016-10-10,1004.6,1006.7,2016-10-10T08:34:00,1002.4,2016-10-10T02:23:00,25.6,30.5,2016-10-10T15:43:00,22.8,2016-10-10T05:32:00,90,69,2016-10-10T13:53:00,1.0,3,4.1,19.0,2016-10-10T02:24:00,12.0,,,,,,,,,,,,,,,,,,,,,,100,2016-10-10T06:51:00,,,,,,,,,,,,,,,,,,,,,,,,,,,,,,,,,,,,,,,,,,,,,,,,,,,,,,,,,,,,,,,,,,,,,,,,,,
2016-10-11,1005.9,1007.5,2016-10-11T22:22:00,1004.2,2016-10-11T14:13:00,27.0,31.8,2016-10-11T12:11:00,23.6,2016-10-11T04:03:00,85,58,2016-10-11T11:14:00,1.0,1,4.9,346.0,2016-10-11T15:54:00,0.0,,,,,,,,,,,,,,,,,,,,,,100,2016-10-11T03:12:00,,,,,,,,,,,,,,,,,,,,,,,,,,,,,,,,,,,,,,,,,,,,,,,,,,,,,,,,,,,,,,,,,,,,,,,,,,
2016-10-12,1007.5,1009.0,2016-10-12T21:17:00,1005.9,2016-10-12T14:41:00,27.8,32.0,2016-10-12T14:01:00,24.5,2016-10-12T05:01:00,81,57,2016-10-12T14:21:00,1.1,292,5.7,299.0,2016-10-12T13:28:00,0.0,,,,,,,,,,,,,,,,,,,,,,99,2016-10-12T06:03:00,,,,,,,,,,,,,,,,,,,,,,,,,,,,,,,,,,,,,,,,,,,,,,,,,,,,,,,,,,,,,,,,,,,,,,,,,,
2016-10-13,1007.6,1009.3,2016-10-13T08:04:00,1005.7,2016-10-13T15:18:00,27.4,32.6,2016-10-13T13:21:00,23.6,2016-10-13T05:15:00,80,53,2016-10-13T13:05:00,1.2,1,5.2,229.0,2016-10-13T14:09:00,0.0,,,,,,,,,,,,,,,,,,,,,,100,2016-10-13T06:11:00,,,,,,,,,,,,,,,,,,,,,,,,,,,,,,,,,,,,,,,,,,,,,,,,,,,,,,,,,,,,,,,,,,,,,,,,,,
2016-10-14,1006.5,1008.4,2016-10-14T09:05:00,1004.5,2016-10-14T15:48:00,28.2,32.8,2016-10-14T14:17:00,24.3,2016-10-14T05:42:00,77,54,2016-10-14T13:45:00,1.1,6,5.9,297.0,2016-10-14T12:07:00,0.0,,,,,,,,,,,,,,,,,,,,,,96,2016-10-14T05:51:00,,,,,,,,,,,,,,,,,,,,,,,,,,,,,,,,,,,,,,,,,,,,,,,,,,,,,,,,,,,,,,,,,,,,,,,,,,
2016-10-15,1005.7,1007.2,2016-10-15T08:51:00,1004.0,2016-10-15T14:55:00,28.6,32.8,2016-10-15T14:04:00,26.0,2016-10-15T06:47:00,75,54,2016-10-15T14:04:00,1.0,103,5.2,283.0,2016-10-15T14:55:00,0.0,,,,,,,,,,,,,,,,,,,,,,88,2016-10-15T22:35:00,,,,,,,,,,,,,,,,,,,,,,,,,,,,,,,,,,,,,,,,,,,,,,,,,,,,,,,,,,,,,,,,,,,,,,,,,,
2016-10-16,1005.4,1006.7,2016-10-16T08:07:00,1003.6,2016-10-16T15:15:00,28.4,32.5,2016-10-16T12:46:00,25.3,2016-10-16T03:55:00,78,58,2016-10-16T12:42:00,1.1,37,5.1,305.0,2016-10-16T12:57:00,0.0,,,,,,,,,,,,,,,,,,,,,,92,2016-10-16T03:55:00,,,,,,,,,,,,,,,,,,,,,,,,,,,,,,,,,,,,,,,,,,,,,,,,,,,,,,,,,,,,,,,,,,,,,,,,,,
2016-10-17,1005.3,1007.7,2016-10-17T23:12:00,1003.1,2016-10-17T15:12:00,28.5,32.5,2016-10-17T11:45:00,25.0,2016-10-17T05:25:00,79,60,2016-10-17T12:04:00,1.1,288,4.6,312.0,2016-10-17T13:49:00,0.0,,,,,,,,,,,,,,,,,,,,,,92,2016-10-17T02:04:00,,,,,,,,,,,,,,,,,,,,,,,,,,,,,,,,,,,,,,,,,,,,,,,,,,,,,,,,,,,,,,,,,,,,,,,,,,
2016-10-18,1006.3,1007.9,2016-10-18T08:43:00,1004.8,2016-10-18T03:51:00,28.8,32.3,2016-10-18T11:41:00,26.5,2016-10-18T03:26:00,78,62,2016-10-18T11:21:00,1.1,290,5.2,295.0,2016-10-18T12:40:00,0.0,,,,,,,,,,,,,,,,,,,,,,91,2016-10-18T23:57:00,,,,,,,,,,,,,,,,,,,,,,,,,,,,,,,,,,,,,,,,,,,,,,,,,,,,,,,,,,,,,,,,,,,,,,,,,,
2016-10-19,1003.8,1006.2,2016-10-19T00:01:00,1000.3,2016-10-19T22:14:00,28.7,32.5,2016-10-19T10:02:00,25.7,2016-10-19T03:33:00,78,56,2016-10-19T11:41:00,1.0,280,5.4,302.0,2016-10-19T11:23:00,0.0,,,,,,,,,,,,,,,,,,,,,,94,2016-10-19T02:42:00,,,,,,,,,,,,,,,,,,,,,,,,,,,,,,,,,,,,,,,,,,,,,,,,,,,,,,,,,,,,,,,,,,,,,,,,,,
2016-10-20,998.7,1001.2,2016-10-20T00:11:00,994.1,2016-10-20T16:01:00,28.5,31.3,2016-10-20T15:41:00,26.3,2016-10-20T05:11:00,78,58,2016-10-20T16:31:00,1.1,8,7.9,172.0,2016-10-20T22:04:00,0.5,,,,,,,,,,,,,,,,,,,,,,91,2016-10-20T05:51:00,,,,,,,,,,,,,,,,,,,,,,,,,,,,,,,,,,,,,,,,,,,,,,,,,,,,,,,,,,,,,,,,,,,,,,,,,,
2016-10-21,1002.8,1005.8,2016-10-21T21:22:00,995.5,2016-10-21T12:01:00,29.5,33.1,2016-10-21T13:11:00,27.2,2016-10-21T03:11:00,73,57,2016-10-21T13:11:00,2.9,146,13.8,161.0,2016-10-21T12:01:00,0.5,,,,,,,,,,,,,,,,,,,,,,86,2016-10-21T03:11:00,,,,,,,,,,,,,,,,,,,,,,,,,,,,,,,,,,,,,,,,,,,,,,,,,,,,,,,,,,,,,,,,,,,,,,,,,,
2016-10-22,1005.6,1007.2,2016-10-22T08:45:00,1004.1,2016-10-22T14:41:00,30.2,33.3,2016-10-22T11:58:00,27.7,2016-10-22T22:37:00,73,58,2016-10-22T12:21:00,1.6,147,7.6,216.0,2016-10-22T09:16:00,0.0,,,,,,,,,,,,,,,,,,,,,,88,2016-10-22T22:41:00,,,,,,,,,,,,,,,,,,,,,,,,,,,,,,,,,,,,,,,,,,,,,,,,,,,,,,,,,,,,,,,,,,,,,,,,,,
2016-10-23,1005.9,1007.6,2016-10-23T09:11:00,1003.9,2016-10-23T15:01:00,28.9,32.6,2016-10-23T12:01:00,26.2,2016-10-23T06:02:00,78,56,2016-10-23T15:29:00,1.3,300,6.0,296.0,2016-10-23T13:58:00,0.0,,,,,,,,,,,,,,,,,,,,,,93,2016-10-23T06:21:00,,,,,,,,,,,,,,,,,,,,,,,,,,,,,,,,,,,,,,,,,,,,,,,,,,,,,,,,,,,,,,,,,,,,,,,,,,
2016-10-24,1007.1,1008.7,2016-10-24T21:29:00,1005.2,2016-10-24T14:23:00,29.1,33.6,2016-10-24T11:36:00,25.7,2016-10-24T05:46:00,75,51,2016-10-24T11:36:00,1.1,26,5.6,277.0,2016-10-24T13:14:00,0.0,,,,,,,,,,,,,,,,,,,,,,92,2016-10-24T05:51:00,,,,,,,,,,,,,,,,,,,,,,,,,,,,,,,,,,,,,,,,,,,,,,,,,,,,,,,,,,,,,,,,,,,,,,,,,,
2016-10-25,1008.9,1010.4,2016-10-25T23:55:00,1007.4,2016-10-25T15:33:00,28.8,32.5,2016-10-25T10:11:00,26.1,2016-10-25T05:02:00,76,62,2016-10-25T12:21:00,0.9,347,4.9,326.0,2016-10-25T13:36:00,0.0,,,,,,,,,,,,,,,,,,,,,,92,2016-10-25T05:02:00,,,,,,,,,,,,,,,,,,,,,,,,,,,,,,,,,,,,,,,,,,,,,,,,,,,,,,,,,,,,,,,,,,,,,,,,,,
2016-10-26,1011.0,1013.0,2016-10-26T08:47:00,1009.3,2016-10-26T14:41:00,29.1,33.5,2016-10-26T11:21:00,26.2,2016-10-26T06:13:00,73,52,2016-10-26T11:21:00,1.2,29,6.1,311.0,2016-10-26T14:09:00,0.0,,,,,,,,,,,,,,,,,,,,,,91,2016-10-26T06:18:00,,,,,,,,,,,,,,,,,,,,,,,,,,,,,,,,,,,,,,,,,,,,,,,,,,,,,,,,,,,,,,,,,,,,,,,,,,
2016-10-27,1011.4,1013.9,2016-10-27T08:51:00,1009.3,2016-10-27T15:01:00,29.4,33.5,2016-10-27T13:41:00,26.6,2016-10-27T06:11:00,71,53,2016-10-27T13:02:00,1.1,40,4.4,293.0,2016-10-27T11:27:00,0.0,,,,,,,,,,,,,,,,,,,,,,86,2016-10-27T06:11:00,,,,,,,,,,,,,,,,,,,,,,,,,,,,,,,,,,,,,,,,,,,,,,,,,,,,,,,,,,,,,,,,,,,,,,,,,,
2016-10-28,1010.3,1012.1,2016-10-28T09:23:00,1008.1,2016-10-28T15:08:00,28.7,32.2,2016-10-28T13:16:00,26.5,2016-10-28T06:36:00,75,59,2016-10-28T13:31:00,1.1,21,5.2,312.0,2016-10-28T14:17:00,0.0,,,,,,,,,,,,,,,,,,,,,,86,2016-10-28T02:31:00,,,,,,,,,,,,,,,,,,,,,,,,,,,,,,,,,,,,,,,,,,,,,,,,,,,,,,,,,,,,,,,,,,,,,,,,,,
2016-10-29,1011.4,1013.5,2016-10-29T22:41:00,1009.7,2016-10-29T15:02:00,28.0,31.8,2016-10-29T11:14:00,24.3,2016-10-29T23:41:00,76,59,2016-10-29T11:11:00,1.1,344,5.7,1.0,2016-10-29T18:14:00,0.0,,,,,,,,,,,,,,,,,,,,,,90,2016-10-29T05:41:00,,,,,,,,,,,,,,,,,,,,,,,,,,,,,,,,,,,,,,,,,,,,,,,,,,,,,,,,,,,,,,,,,,,,,,,,,,
2016-10-30,1013.1,1015.0,2016-10-30T08:57:00,1011.5,2016-10-30T15:44:00,26.9,32.1,2016-10-30T13:21:00,23.1,2016-10-30T06:26:00,74,52,2016-10-30T13:21:00,1.1,225,5.0,207.0,2016-10-30T13:31:00,0.0,,,,,,,,,,,,,,,,,,,,,,90,2016-10-30T05:36:00,,,,,,,,,,,,,,,,,,,,,,,,,,,,,,,,,,,,,,,,,,,,,,,,,,,,,,,,,,,,,,,,,,,,,,,,,,
2016-10-31,1013.0,1014.9,2016-10-31T07:41:00,1010.4,2016-10-31T15:22:00,27.0,31.6,2016-10-31T12:41:00,23.7,2016-10-31T06:27:00,74,54,2016-10-31T11:11:00,1.1,332,5.3,296.0,2016-10-31T14:04:00,0.0,,,,,,,,,,,,,,,,,,,,,,88,2016-10-31T06:27:00,,,,,,,,,,,,,,,,,,,,,,,,,,,,,,,,,,,,,,,,,,,,,,,,,,,,,,,,,,,,,,,,,,,,,,,,,,
2016-11-01,1012.1,1013.7,2016-11-01T08:44:00,1010.2,2016-11-01T14:25:00,25.9,31.0,2016-11-01T14:01:00,22.3,2016-11-01T06:04:00,72,54,2016-11-01T14:33:00,1.0,348,4.4,310.0,2016-11-01T14:40:00,0.0,,,,,,,,,,,,,,,,,,,,,,92,2016-11-01T06:04:00,,,,,,,,,,,,,,,,,,,,,,,,,,,,,,,,,,,,,,,,,,,,,,,,,,,,,,,,,,,,,,,,,,,,,,,,,,
2016-11-02,1012.4,1013.8,2016-11-02T08:52:00,1010.6,2016-11-02T15:01:00,24.6,30.1,2016-11-02T13:23:00,20.8,2016-11-02T05:43:00,68,51,2016-11-02T13:15:00,1.2,6,4.8,313.0,2016-11-02T16:05:00,0.0,,,,,,,,,,,,,,,,,,,,,,86,2016-11-02T05:51:00,,,,,,,,,,,,,,,,,,,,,,,,,,,,,,,,,,,,,,,,,,,,,,,,,,,,,,,,,,,,,,,,,,,,,,,,,,
2016-11-03,1011.3,1013.6,2016-11-03T08:31:00,1009.5,2016-11-03T15:21:00,25.0,29.5,2016-11-03T13:21:00,20.5,2016-11-03T05:16:00,66,46,2016-11-03T13:32:00,1.0,2,5.2,297.0,2016-11-03T12:49:00,0.0,,,,,,,,,,,,,,,,,,,,,,81,2016-11-03T04:45:00,,,,,,,,,,,,,,,,,,,,,,,,,,,,,,,,,,,,,,,,,,,,,,,,,,,,,,,,,,,,,,,,,,,,,,,,,,
2016-11-04,1008.8,1010.7,2016-11-04T08:33:00,1006.5,2016-11-04T15:12:00,25.3,30.5,2016-11-04T12:31:00,21.0,2016-11-04T05:34:00,68,47,2016-11-04T11:42:00,1.1,2,5.1,306.0,2016-11-04T12:50:00,0.0,,,,,,,,,,,,,,,,,,,,,,89,2016-11-04T05:34:00,,,,,,,,,,,,,,,,,,,,,,,,,,,,,,,,,,,,,,,,,,,,,,,,,,,,,,,,,,,,,,,,,,,,,,,,,,
2016-11-05,1007.9,1009.3,2016-11-05T08:04:00,1006.2,2016-11-05T14:21:00,25.1,30.0,2016-11-05T12:21:00,21.5,2016-11-05T04:31:00,72,48,2016-11-05T11:21:00,1.1,8,5.6,307.0,2016-11-05T12:36:00,0.0,,,,,,,,,,,,,,,,,,,,,,88,2016-11-05T05:04:00,,,,,,,,,,,,,,,,,,,,,,,,,,,,,,,,,,,,,,,,,,,,,,,,,,,,,,,,,,,,,,,,,,,,,,,,,,
2016-11-06,1010.5,1012.2,2016-11-06T09:35:00,1008.6,2016-11-06T01:12:00,26.0,40.3,2016-11-06T12:22:00,22.0,2016-11-06T04:51:00,71,53,2016-11-06T12:36:00,1.0,12,5.2,300.0,2016-11-06T14:22:00,0.0,,,,,,,,,,,,,,,,,,,,,,87,2016-11-06T04:24:00,,,,,,,,,,,,,,,,,,,,,,,,,,,,,,,,,,,,,,,,,,,,,,,,,,,,,,,,,,,,,,,,,,,,,,,,,,
2016-11-07,1012.3,1014.0,2016-11-07T08:21:00,1010.4,2016-11-07T15:33:00,26.4,30.8,2016-11-07T11:41:00,22.5,2016-11-07T04:11:00,69,44,2016-11-07T11:41:00,1.0,11,5.2,323.0,2016-11-07T13:28:00,0.0,,,,,,,,,,,,,,,,,,,,,,88,2016-11-07T04:21:00,,,,,,,,,,,,,,,,,,,,,,,,,,,,,,,,,,,,,,,,,,,,,,,,,,,,,,,,,,,,,,,,,,,,,,,,,,
2016-11-08,1012.1,1013.5,2016-11-08T08:42:00,1010.0,2016-11-08T14:43:00,25.9,31.0,2016-11-08T11:42:00,22.5,2016-11-08T23:42:00,70,49,2016-11-08T11:42:00,1.3,2,6.1,23.0,2016-11-08T10:56:00,0.0,,,,,,,,,,,,,,,,,,,,,,86,2016-11-08T04:05:00,,,,,,,,,,,,,,,,,,,,,,,,,,,,,,,,,,,,,,,,,,,,,,,,,,,,,,,,,,,,,,,,,,,,,,,,,,
2016-11-09,1012.4,1014.3,2016-11-09T08:51:00,1010.0,2016-11-09T14:23:00,24.4,29.5,2016-11-09T14:02:00,20.5,2016-11-09T05:41:00,71,54,2016-11-09T14:13:00,1.1,344,4.4,147.0,2016-11-09T13:49:00,0.0,,,,,,,,,,,,,,,,,,,,,,88,2016-11-09T05:41:00,,,,,,,,,,,,,,,,,,,,,,,,,,,,,,,,,,,,,,,,,,,,,,,,,,,,,,,,,,,,,,,,,,,,,,,,,,
2016-11-10,1012.9,1015.3,2016-11-10T08:46:00,1010.8,2016-11-10T15:13:00,23.5,28.1,2016-11-10T14:21:00,20.6,2016-11-10T23:51:00,72,58,2016-11-10T14:26:00,1.3,340,6.3,7.0,2016-11-10T14:35:00,0.0,,,,,,,,,,,,,,,,,,,,,,82,2016-11-10T23:41:00,,,,,,,,,,,,,,,,,,,,,,,,,,,,,,,,,,,,,,,,,,,,,,,,,,,,,,,,,,,,,,,,,,,,,,,,,,
2016-11-11,1013.0,1014.6,2016-11-11T09:31:00,1011.5,2016-11-11T15:12:00,23.9,27.3,2016-11-11T12:53:00,20.0,2016-11-11T04:02:00,76,60,2016-11-11T13:02:00,1.0,334,3.6,296.0,2016-11-11T13:51:00,0.0,,,,,,,,,,,,,,,,,,,,,,89,2016-11-11T04:12:00,,,,,,,,,,,,,,,,,,,,,,,,,,,,,,,,,,,,,,,,,,,,,,,,,,,,,,,,,,,,,,,,,,,,,,,,,,
2016-11-12,1013.3,1015.0,2016-11-12T08:45:00,1011.4,2016-11-12T15:11:00,26.4,31.1,2016-11-12T12:51:00,23.0,2016-11-12T05:55:00,70,52,2016-11-12T11:16:00,1.0,330,4.9,306.0,2016-11-12T13:32:00,0.0,,,,,,,,,,,,,,,,,,,,,,84,2016-11-12T06:01:00,,,,,,,,,,,,,,,,,,,,,,,,,,,,,,,,,,,,,,,,,,,,,,,,,,,,,,,,,,,,,,,,,,,,,,,,,,
2016-11-13,1012.5,1014.5,2016-11-13T08:43:00,1010.6,2016-11-13T14:44:00,26.0,30.2,2016-11-13T12:12:00,22.7,2016-11-13T05:43:00,75,57,2016-11-13T13:32:00,0.9,15,4.2,216.0,2016-11-13T12:08:00,0.0,,,,,,,,,,,,,,,,,,,,,,91,2016-11-13T05:43:00,,,,,,,,,,,,,,,,,,,,,,,,,,,,,,,,,,,,,,,,,,,,,,,,,,,,,,,,,,,,,,,,,,,,,,,,,,
2016-11-14,1010.7,1012.3,2016-11-14T09:05:00,1008.6,2016-11-14T14:13:00,26.3,30.6,2016-11-14T11:12:00,22.8,2016-11-14T03:41:00,77,57,2016-11-14T11:12:00,0.9,285,4.1,326.0,2016-11-14T14:13:00,0.0,,,,,,,,,,,,,,,,,,,,,,92,2016-11-14T03:29:00,,,,,,,,,,,,,,,,,,,,,,,,,,,,,,,,,,,,,,,,,,,,,,,,,,,,,,,,,,,,,,,,,,,,,,,,,,
2016-11-15,1011.0,1012.2,2016-11-15T08:21:00,1009.4,2016-11-15T14:51:00,26.2,29.8,2016-11-15T11:11:00,23.5,2016-11-15T04:52:00,78,62,2016-11-15T14:31:00,1.0,4,4.9,119.0,2016-11-15T11:43:00,0.0,,,,,,,,,,,,,,,,,,,,,,92,2016-11-15T05:41:00,,,,,,,,,,,,,,,,,,,,,,,,,,,,,,,,,,,,,,,,,,,,,,,,,,,,,,,,,,,,,,,,,,,,,,,,,,
2016-11-16,1011.9,1013.7,2016-11-16T09:06:00,1010.1,2016-11-16T16:12:00,26.0,30.5,2016-11-16T13:34:00,23.0,2016-11-16T04:06:00,76,54,2016-11-16T13:34:00,1.1,335,5.3,296.0,2016-11-16T12:01:00,0.0,,,,,,,,,,,,,,,,,,,,,,92,2016-11-16T04:12:00,,,,,,,,,,,,,,,,,,,,,,,,,,,,,,,,,,,,,,,,,,,,,,,,,,,,,,,,,,,,,,,,,,,,,,,,,,
2016-11-17,1011.7,1013.0,2016-11-17T08:25:00,1010.1,2016-11-17T15:03:00,25.9,30.0,2016-11-17T13:34:00,23.1,2016-11-17T07:06:00,77,60,2016-11-17T12:36:00,1.0,1,4.6,300.0,2016-11-17T15:10:00,0.0,,,,,,,,,,,,,,,,,,,,,,91,2016-11-17T07:11:00,,,,,,,,,,,,,,,,,,,,,,,,,,,,,,,,,,,,,,,,,,,,,,,,,,,,,,,,,,,,,,,,,,,,,,,,,,
2016-11-18,1009.9,1011.4,2016-11-18T00:01:00,1008.1,2016-11-18T15:52:00,25.9,29.5,2016-11-18T11:01:00,23.2,2016-11-18T03:41:00,79,61,2016-11-18T16:37:00,0.9,34,4.3,292.0,2016-11-18T13:58:00,0.0,,,,,,,,,,,,,,,,,,,,,,91,2016-11-18T03:41:00,,,,,,,,,,,,,,,,,,,,,,,,,,,,,,,,,,,,,,,,,,,,,,,,,,,,,,,,,,,,,,,,,,,,,,,,,,
2016-11-19,1009.3,1011.2,2016-11-19T08:22:00,1007.5,2016-11-19T15:13:00,27.0,33.5,2016-11-19T13:14:00,22.6,2016-11-19T04:22:00,75,38,2016-11-19T13:14:00,0.9,6,4.8,307.0,2016-11-19T14:03:00,0.0,,,,,,,,,,,,,,,,,,,,,,95,2016-11-19T04:52:00,,,,,,,,,,,,,,,,,,,,,,,,,,,,,,,,,,,,,,,,,,,,,,,,,,,,,,,,,,,,,,,,,,,,,,,,,,
2016-11-20,1008.9,1011.1,2016-11-20T09:13:00,1007.1,2016-11-20T15:22:00,26.2,29.3,2016-11-20T10:31:00,24.0,2016-11-20T06:35:00,75,59,2016-11-20T10:35:00,0.8,10,7.0,145.0,2016-11-20T11:28:00,0.5,,,,,,,,,,,,,,,,,,,,,,85,2016-11-20T11:46:00,,,,,,,,,,,,,,,,,,,,,,,,,,,,,,,,,,,,,,,,,,,,,,,,,,,,,,,,,,,,,,,,,,,,,,,,,,
2016-11-21,1008.4,1010.4,2016-11-21T08:16:00,1006.5,2016-11-21T14:13:00,26.5,30.6,2016-11-21T14:15:00,23.5,2016-11-21T06:33:00,76,57,2016-11-21T14:21:00,1.1,1,4.7,14.0,2016-11-21T14:40:00,0.0,,,,,,,,,,,,,,,,,,,,,,90,2016-11-21T07:02:00,,,,,,,,,,,,,,,,,,,,,,,,,,,,,,,,,,,,,,,,,,,,,,,,,,,,,,,,,,,,,,,,,,,,,,,,,,
2016-11-22,1008.8,1010.0,2016-11-22T20:13:00,1006.6,2016-11-22T02:26:00,25.3,27.0,2016-11-22T12:31:00,23.7,2016-11-22T07:17:00,84,73,2016-11-22T12:07:00,1.1,344,4.5,9.0,2016-11-22T04:46:00,1.0,,,,,,,,,,,,,,,,,,,,,,93,2016-11-22T07:33:00,,,,,,,,,,,,,,,,,,,,,,,,,,,,,,,,,,,,,,,,,,,,,,,,,,,,,,,,,,,,,,,,,,,,,,,,,,
2016-11-23,1010.5,1012.8,2016-11-23T22:02:00,1008.6,2016-11-23T03:31:00,23.8,26.6,2016-11-23T14:37:00,21.5,2016-11-23T23:52:00,86,63,2016-11-23T17:11:00,1.6,2,6.6,360.0,2016-11-23T13:56:00,0.0,,,,,,,,,,,,,,,,,,,,,,97,2016-11-23T07:21:00,,,,,,,,,,,,,,,,,,,,,,,,,,,,,,,,,,,,,,,,,,,,,,,,,,,,,,,,,,,,,,,,,,,,,,,,,,
2016-11-24,1011.5,1013.2,2016-11-24T08:51:00,1009.4,2016-11-24T14:42:00,23.1,28.1,2016-11-24T14:13:00,19.5,2016-11-24T07:54:00,78,53,2016-11-24T14:53:00,1.2,342,4.6,349.0,2016-11-24T00:43:00,0.0,,,,,,,,,,,,,,,,,,,,,,94,2016-11-24T03:31:00,,,,,,,,,,,,,,,,,,,,,,,,,,,,,,,,,,,,,,,,,,,,,,,,,,,,,,,,,,,,,,,,,,,,,,,,,,
2016-11-25,1010.9,1012.7,2016-11-25T09:14:00,1008.7,2016-11-25T14:21:00,23.9,28.3,2016-11-25T13:41:00,20.0,2016-11-25T04:43:00,76,56,2016-11-25T13:41:00,0.9,313,4.1,295.0,2016-11-25T13:48:00,0.0,,,,,,,,,,,,,,,,,,,,,,90,2016-11-25T06:42:00,,,,,,,,,,,,,,,,,,,,,,,,,,,,,,,,,,,,,,,,,,,,,,,,,,,,,,,,,,,,,,,,,,,,,,,,,,
2016-11-26,1009.6,1011.1,2016-11-26T08:41:00,1007.5,2016-11-26T15:51:00,24.2,29.5,2016-11-26T12:11:00,21.5,2016-11-26T23:22:00,79,58,2016-11-26T12:21:00,1.2,353,5.6,10.0,2016-11-26T14:24:00,0.5,,,,,,,,,,,,,,,,,,,,,,91,2016-11-26T18:41:00,,,,,,,,,,,,,,,,,,,,,,,,,,,,,,,,,,,,,,,,,,,,,,,,,,,,,,,,,,,,,,,,,,,,,,,,,,
2016-11-27,1009.5,1012.0,2016-11-27T22:52:00,1007.3,2016-11-27T03:10:00,20.1,21.7,2016-11-27T00:02:00,19.0,2016-11-27T09:06:00,92,84,2016-11-27T00:31:00,1.3,14,8.0,52.0,2016-11-27T11:51:00,51.5,,,,,,,,,,,,,,,,,,,,,,99,2016-11-27T18:43:00,,,,,,,,,,,,,,,,,,,,,,,,,,,,,,,,,,,,,,,,,,,,,,,,,,,,,,,,,,,,,,,,,,,,,,,,,,
2016-11-28,1013.4,1015.6,2016-11-28T21:51:00,1010.6,2016-11-28T02:12:00,21.7,25.7,2016-11-28T12:41:00,18.6,2016-11-28T05:21:00,84,59,2016-11-28T12:53:00,0.9,31,5.1,323.0,2016-11-28T13:08:00,0.0,,,,,,,,,,,,,,,,,,,,,,97,2016-11-28T03:31:00,,,,,,,,,,,,,,,,,,,,,,,,,,,,,,,,,,,,,,,,,,,,,,,,,,,,,,,,,,,,,,,,,,,,,,,,,,
2016-11-29,1015.9,1017.3,2016-11-29T09:18:00,1014.3,2016-11-29T15:12:00,23.1,27.0,2016-11-29T11:05:00,20.0,2016-11-29T06:41:00,79,54,2016-11-29T11:31:00,1.0,12,4.5,24.0,2016-11-29T09:20:00,0.0,,,,,,,,,,,,,,,,,,,,,,98,2016-11-29T06:31:00,,,,,,,,,,,,,,,,,,,,,,,,,,,,,,,,,,,,,,,,,,,,,,,,,,,,,,,,,,,,,,,,,,,,,,,,,,
2016-11-30,1015.9,1017.1,2016-11-30T00:09:00,1013.7,2016-11-30T14:24:00,23.1,26.7,2016-11-30T10:23:00,21.1,2016-11-30T05:51:00,80,62,2016-11-30T10:25:00,1.3,22,4.9,5.0,2016-11-30T04:48:00,0.0,,,,,,,,,,,,,,,,,,,,,,93,2016-11-30T23:51:00,,,,,,,,,,,,,,,,,,,,,,,,,,,,,,,,,,,,,,,,,,,,,,,,,,,,,,,,,,,,,,,,,,,,,,,,,,
2016-12-01,1015.1,1016.6,2016-12-01T09:21:00,1012.5,2016-12-01T14:22:00,23.1,28.1,2016-12-01T13:33:00,19.2,2016-12-01T22:59:00,80,61,2016-12-01T14:13:00,1.2,336,4.9,352.0,2016-12-01T18:36:00,0.0,,,,,,,,,,,,,,,,,,,,,,97,2016-12-01T06:12:00,,,,,,,,,,,,,,,,,,,,,,,,,,,,,,,,,,,,,,,,,,,,,,,,,,,,,,,,,,,,,,,,,,,,,,,,,,
2016-12-02,1015.7,1017.4,2016-12-02T08:43:00,1013.7,2016-12-02T14:32:00,22.0,27.7,2016-12-02T15:01:00,18.7,2016-12-02T01:23:00,80,62,2016-12-02T15:01:00,1.0,336,4.1,321.0,2016-12-02T10:07:00,0.0,,,,,,,,,,,,,,,,,,,,,,92,2016-12-02T07:02:00,,,,,,,,,,,,,,,,,,,,,,,,,,,,,,,,,,,,,,,,,,,,,,,,,,,,,,,,,,,,,,,,,,,,,,,,,,
2016-12-03,1014.5,1016.9,2016-12-03T08:31:00,1012.3,2016-12-03T14:56:00,22.6,29.0,2016-12-03T14:51:00,18.3,2016-12-03T06:01:00,83,54,2016-12-03T14:51:00,1.1,328,4.0,299.0,2016-12-03T15:22:00,0.0,,,,,,,,,,,,,,,,,,,,,,100,2016-12-03T07:04:00,,,,,,,,,,,,,,,,,,,,,,,,,,,,,,,,,,,,,,,,,,,,,,,,,,,,,,,,,,,,,,,,,,,,,,,,,,
2016-12-04,1012.2,1014.0,2016-12-04T00:01:00,1009.6,2016-12-04T14:41:00,23.8,30.0,2016-12-04T15:01:00,19.8,2016-12-04T05:44:00,86,57,2016-12-04T15:01:00,1.0,2,4.9,2.0,2016-12-04T11:23:00,0.0,,,,,,,,,,,,,,,,,,,,,,100,2016-12-04T02:51:00,,,,,,,,,,,,,,,,,,,,,,,,,,,,,,,,,,,,,,,,,,,,,,,,,,,,,,,,,,,,,,,,,,,,,,,,,,
2016-12-05,1011.7,1014.3,2016-12-05T22:21:00,1009.6,2016-12-05T13:54:00,24.9,30.1,2016-12-05T13:54:00,21.5,2016-12-05T06:11:00,83,57,2016-12-05T14:01:00,1.1,356,5.6,360.0,2016-12-05T13:04:00,0.0,,,,,,,,,,,,,,,,,,,,,,100,2016-12-05T02:45:00,,,,,,,,,,,,,,,,,,,,,,,,,,,,,,,,,,,,,,,,,,,,,,,,,,,,,,,,,,,,,,,,,,,,,,,,,,
2016-12-06,1013.4,1015.0,2016-12-06T08:31:00,1011.3,2016-12-06T15:11:00,22.8,26.2,2016-12-06T12:31:00,20.6,2016-12-06T23:48:00,72,60,2016-12-06T13:33:00,1.1,13,5.1,360.0,2016-12-06T04:03:00,0.0,,,,,,,,,,,,,,,,,,,,,,86,2016-12-06T00:02:00,,,,,,,,,,,,,,,,,,,,,,,,,,,,,,,,,,,,,,,,,,,,,,,,,,,,,,,,,,,,,,,,,,,,,,,,,,
2016-12-07,1012.4,1014.2,2016-12-07T07:55:00,1009.9,2016-12-07T14:15:00,23.0,27.3,2016-12-07T12:04:00,19.7,2016-12-07T05:34:00,72,57,2016-12-07T14:15:00,1.0,294,4.5,290.0,2016-12-07T12:29:00,0.0,,,,,,,,,,,,,,,,,,,,,,82,2016-12-07T23:44:00,,,,,,,,,,,,,,,,,,,,,,,,,,,,,,,,,,,,,,,,,,,,,,,,,,,,,,,,,,,,,,,,,,,,,,,,,,
2016-12-08,1009.7,1011.7,2016-12-08T09:12:00,1006.7,2016-12-08T14:32:00,22.5,27.5,2016-12-08T14:23:00,19.6,2016-12-08T06:53:00,77,56,2016-12-08T14:23:00,1.1,345,4.1,327.0,2016-12-08T14:47:00,0.0,,,,,,,,,,,,,,,,,,,,,,91,2016-12-08T23:51:00,,,,,,,,,,,,,,,,,,,,,,,,,,,,,,,,,,,,,,,,,,,,,,,,,,,,,,,,,,,,,,,,,,,,,,,,,,
2016-12-09,1008.8,1010.4,2016-12-09T08:14:00,1006.5,2016-12-09T14:42:00,22.4,28.5,2016-12-09T14:16:00,18.2,2016-12-09T06:37:00,80,48,2016-12-09T14:12:00,1.1,347,4.2,11.0,2016-12-09T12:51:00,0.0,,,,,,,,,,,,,,,,,,,,,,100,2016-12-09T05:57:00,,,,,,,,,,,,,,,,,,,,,,,,,,,,,,,,,,,,,,,,,,,,,,,,,,,,,,,,,,,,,,,,,,,,,,,,,,
2016-12-10,1010.3,1012.3,2016-12-10T08:52:00,1008.8,2016-12-10T15:12:00,23.1,29.2,2016-12-10T12:02:00,19.8,2016-12-10T04:05:00,77,50,2016-12-10T12:11:00,0.8,19,5.1,278.0,2016-12-10T13:20:00,0.0,,,,,,,,,,,,,,,,,,,,,,92,2016-12-10T04:05:00,,,,,,,,,,,,,,,,,,,,,,,,,,,,,,,,,,,,,,,,,,,,,,,,,,,,,,,,,,,,,,,,,,,,,,,,,,
2016-12-11,1010.9,1012.9,2016-12-11T08:55:00,1009.2,2016-12-11T14:52:00,22.9,27.2,2016-12-11T11:33:00,19.3,2016-12-11T06:11:00,76,56,2016-12-11T11:33:00,1.0,7,4.7,293.0,2016-12-11T13:38:00,0.0,,,,,,,,,,,,,,,,,,,,,,95,2016-12-11T06:57:00,,,,,,,,,,,,,,,,,,,,,,,,,,,,,,,,,,,,,,,,,,,,,,,,,,,,,,,,,,,,,,,,,,,,,,,,,,
2016-12-12,1010.7,1012.8,2016-12-12T08:25:00,1008.5,2016-12-12T14:34:00,22.8,27.5,2016-12-12T14:11:00,19.2,2016-12-12T06:25:00,75,54,2016-12-12T14:51:00,1.2,8,6.1,344.0,2016-12-12T13:48:00,0.0,,,,,,,,,,,,,,,,,,,,,,97,2016-12-12T07:01:00,,,,,,,,,,,,,,,,,,,,,,,,,,,,,,,,,,,,,,,,,,,,,,,,,,,,,,,,,,,,,,,,,,,,,,,,,,
2016-12-13,1009.2,1010.8,2016-12-13T00:01:00,1006.6,2016-12-13T14:31:00,24.2,31.0,2016-12-13T14:21:00,19.5,2016-12-13T04:21:00,65,36,2016-12-13T13:21:00,1.0,19,5.4,36.0,2016-12-13T15:23:00,0.0,,,,,,,,,,,,,,,,,,,,,,89,2016-12-13T04:21:00,,,,,,,,,,,,,,,,,,,,,,,,,,,,,,,,,,,,,,,,,,,,,,,,,,,,,,,,,,,,,,,,,,,,,,,,,,
2016-12-14,1011.9,1014.4,2016-12-14T23:02:00,1009.4,2016-12-14T14:33:00,22.1,28.5,2016-12-14T13:55:00,18.0,2016-12-14T06:51:00,69,43,2016-12-14T14:51:00,1.1,332,4.0,300.0,2016-12-14T13:40:00,0.0,,,,,,,,,,,,,,,,,,,,,,92,2016-12-14T06:11:00,,,,,,,,,,,,,,,,,,,,,,,,,,,,,,,,,,,,,,,,,,,,,,,,,,,,,,,,,,,,,,,,,,,,,,,,,,
2016-12-15,1015.7,1018.5,2016-12-15T21:23:00,1013.7,2016-12-15T02:21:00,19.2,24.8,2016-12-15T13:42:00,15.8,2016-12-15T23:51:00,66,52,2016-12-15T13:42:00,1.4,12,6.5,352.0,2016-12-15T18:21:00,0.0,,,,,,,,,,,,,,,,0.0,,,,0.0,,80,2016-12-15T07:08:00,,,,,,,,,,,,,,,,,,,,,,,,,,,,,,,,,,,,,,,,,,,,,,,,,,,,,,,,,,,,,,,,,,,,,,,,,,
2016-12-16,1018.1,1020.0,2016-12-16T09:35:00,1011.5,2016-12-16T10:02:00,17.1,19.7,2016-12-16T15:54:00,15.0,2016-12-16T05:27:00,69,59,2016-12-16T10:56:00,1.0,334,,,,0.0,,,,,,,,,,,,,,,,0.0,,,,0.0,,75,2016-12-16T05:42:00,,,,,,,,,,,,,,,,,,,,,,,,,,,,,,,,,,,,,,,,,,,,,,,,,,,,,,,,,,,,,,,,,,,,,,,,,,
2016-12-17,1017.8,1019.7,2016-12-17T09:01:00,1015.7,2016-12-17T14:42:00,19.3,25.0,2016-12-17T12:14:00,14.2,2016-12-17T05:46:00,69,44,2016-12-17T12:14:00,1.0,355,4.3,297.0,2016-12-17T13:42:00,0.0,,,,,,,,,,,,,,,,0.0,,,,0.0,,90,2016-12-17T07:03:00,,,,,,,,,,,,,,,,,,,,,,,,,,,,,,,,,,,,,,,,,,,,,,,,,,,,,,,,,,,,,,,,,,,,,,,,,,
2016-12-18,1016.8,1019.3,2016-12-18T08:51:00,1014.3,2016-12-18T15:32:00,21.1,27.0,2016-12-18T12:21:00,18.0,2016-12-18T02:21:00,70,39,2016-12-18T12:51:00,0.9,11,5.2,314.0,2016-12-18T13:37:00,0.0,,,,,,,,,,,,,,,,0.0,,,,0.0,,88,2016-12-18T22:56:00,,,,,,,,,,,,,,,,,,,,,,,,,,,,,,,,,,,,,,,,,,,,,,,,,,,,,,,,,,,,,,,,,,,,,,,,,,
2016-12-19,1013.6,1016.0,2016-12-19T08:41:00,1010.8,2016-12-19T14:53:00,21.9,29.1,2016-12-19T12:53:00,16.7,2016-12-19T05:25:00,76,39,2016-12-19T12:53:00,1.0,5,5.0,1.0,2016-12-19T20:27:00,0.0,,,,,,,,,,,,,,,,0.0,,,,0.0,,93,2016-12-19T05:31:00,,,,,,,,,,,,,,,,,,,,,,,,,,,,,,,,,,,,,,,,,,,,,,,,,,,,,,,,,,,,,,,,,,,,,,,,,,
2016-12-20,1012.0,1014.2,2016-12-20T08:39:00,1009.8,2016-12-20T14:27:00,23.4,30.5,2016-12-20T14:31:00,18.5,2016-12-20T07:13:00,77,36,2016-12-20T14:05:00,0.9,352,3.6,317.0,2016-12-20T13:22:00,0.0,,,,,,,,,,,,,,,,0.0,,,,0.0,,98,2016-12-20T07:25:00,,,,,,,,,,,,,,,,,,,,,,,,,,,,,,,,,,,,,,,,,,,,,,,,,,,,,,,,,,,,,,,,,,,,,,,,,,
2016-12-21,1012.1,1014.1,2016-12-21T09:55:00,1010.1,2016-12-21T14:13:00,24.0,29.8,2016-12-21T13:43:00,21.8,2016-12-21T23:31:00,81,56,2016-12-21T13:43:00,1.1,26,4.6,288.0,2016-12-21T14:18:00,0.0,,,,,,,,,,,,,,,,0.0,,,,0.0,,94,2016-12-21T23:31:00,,,,,,,,,,,,,,,,,,,,,,,,,,,,,,,,,,,,,,,,,,,,,,,,,,,,,,,,,,,,,,,,,,,,,,,,,,
2016-12-22,1011.3,1013.0,2016-12-22T08:44:00,1009.1,2016-12-22T16:12:00,23.7,29.0,2016-12-22T13:11:00,20.2,2016-12-22T04:58:00,80,48,2016-12-22T16:31:00,1.3,334,8.1,325.0,2016-12-22T13:37:00,0.0,,,,,,,,,,,,,,,,0.0,,,,0.0,,100,2016-12-22T03:38:00,,,,,,,,,,,,,,,,,,,,,,,,,,,,,,,,,,,,,,,,,,,,,,,,,,,,,,,,,,,,,,,,,,,,,,,,,,
2016-12-23,1012.7,1014.6,2016-12-23T08:31:00,1011.1,2016-12-23T14:57:00,22.7,27.6,2016-12-23T13:13:00,19.5,2016-12-23T03:16:00,77,58,2016-12-23T13:13:00,1.2,330,4.1,208.0,2016-12-23T13:47:00,0.0,,,,,,,,,,,,,,,,0.0,,,,0.0,,92,2016-12-23T02:13:00,,,,,,,,,,,,,,,,,,,,,,,,,,,,,,,,,,,,,,,,,,,,,,,,,,,,,,,,,,,,,,,,,,,,,,,,,,
2016-12-24,1013.8,1015.3,2016-12-24T08:31:00,1012.0,2016-12-24T15:11:00,23.1,26.5,2016-12-24T10:13:00,20.2,2016-12-24T07:01:00,75,60,2016-12-24T10:12:00,1.0,37,5.1,331.0,2016-12-24T12:06:00,0.0,,,,,,,,,,,,,,,,0.0,,,,0.0,,93,2016-12-24T07:13:00,,,,,,,,,,,,,,,,,,,,,,,,,,,,,,,,,,,,,,,,,,,,,,,,,,,,,,,,,,,,,,,,,,,,,,,,,,
2016-12-25,1013.7,1015.9,2016-12-25T08:41:00,1011.5,2016-12-25T14:51:00,22.1,27.5,2016-12-25T12:33:00,19.0,2016-12-25T03:54:00,75,48,2016-12-25T13:06:00,1.1,5,5.3,305.0,2016-12-25T13:24:00,0.0,,,,,,,,,,,,,,,,0.0,,,,0.0,,93,2016-12-25T23:53:00,,,,,,,,,,,,,,,,,,,,,,,,,,,,,,,,,,,,,,,,,,,,,,,,,,,,,,,,,,,,,,,,,,,,,,,,,,
2016-12-26,1011.6,1013.8,2016-12-26T08:32:00,1008.7,2016-12-26T15:47:00,22.0,27.0,2016-12-26T14:31:00,19.0,2016-12-26T06:51:00,80,56,2016-12-26T14:31:00,1.2,1,4.8,323.0,2016-12-26T12:37:00,0.0,,,,,,,,,,,,,,,,0.0,,,,0.0,,94,2016-12-26T04:21:00,,,,,,,,,,,,,,,,,,,,,,,,,,,,,,,,,,,,,,,,,,,,,,,,,,,,,,,,,,,,,,,,,,,,,,,,,,
2016-12-27,1011.8,1014.3,2016-12-27T23:38:00,1010.0,2016-12-27T14:52:00,19.5,23.3,2016-12-27T10:47:00,15.5,2016-12-27T23:47:00,76,63,2016-12-27T13:41:00,1.6,354,6.9,360.0,2016-12-27T15:42:00,0.0,,,,,,,,,,,,,,,,0.0,,,,0.0,,96,2016-12-27T03:11:00,,,,,,,,,,,,,,,,,,,,,,,,,,,,,,,,,,,,,,,,,,,,,,,,,,,,,,,,,,,,,,,,,,,,,,,,,,
2016-12-28,1015.7,1018.1,2016-12-28T22:32:00,1013.3,2016-12-28T03:28:00,16.0,18.0,2016-12-28T13:41:00,14.8,2016-12-28T02:43:00,84,10,2016-12-28T20:45:00,1.2,358,4.5,1.0,2016-12-28T00:06:00,2.5,,,,,,,,,,,,,,,,1.0,2016-12-28T20:00:00,,,0.0,,100,2016-12-28T20:11:00,,,,,,,,,,,,,,,,,,,,,,,,,,,,,,,,,,,,,,,,,,,,,,,,,,,,,,,,,,,,,,,,,,,,,,,,,,
2016-12-29,1017.2,1018.9,2016-12-29T10:11:00,1015.2,2016-12-29T16:11:00,17.3,21.5,2016-12-29T15:04:00,15.2,2016-12-29T05:13:00,83,70,2016-12-29T15:04:00,1.2,10,5.5,360.0,2016-12-29T08:03:00,0.0,,,,,,,,,,,,,,,,0.0,,,,0.0,,99,2016-12-29T01:06:00,,,,,,,,,,,,,,,,,,,,,,,,,,,,,,,,,,,,,,,,,,,,,,,,,,,,,,,,,,,,,,,,,,,,,,,,,,
2016-12-30,1017.9,1019.3,2016-12-30T08:52:00,1016.3,2016-12-30T03:42:00,18.9,22.5,2016-12-30T15:03:00,15.2,2016-12-30T06:12:00,76,63,2016-12-30T15:03:00,0.8,334,3.0,292.0,2016-12-30T11:41:00,0.0,,,,,,,,,,,,,,,,0.0,,,,0.0,,89,2016-12-30T23:54:00,,,,,,,,,,,,,,,,,,,,,,,,,,,,,,,,,,,,,,,,,,,,,,,,,,,,,,,,,,,,,,,,,,,,,,,,,,
2016-12-31,1017.1,1019.0,2016-12-31T09:12:00,1014.8,2016-12-31T14:51:00,20.6,26.2,2016-12-31T14:31:00,16.1,2016-12-31T06:57:00,82,53,2016-12-31T13:37:00,0.8,329,4.5,326.0,2016-12-31T12:29:00,0.0,,,,,,,,,,,,,,,,0.0,,,,0.0,,99,2016-12-31T06:57:00,,,,,,,,,,,,,,,,,,,,,,,,,,,,,,,,,,,,,,,,,,,,,,,,,,,,,,,,,,,,,,,,,,,,,,,,,,
