,StnPres,StnPresMax,StnPresMaxTime,StnPresMin,StnPresMinTime,Tx,TxMaxAbs,TxMaxAbsTime,TxMinAbs,TxMinAbsTime,RH,RHMin,RHMinTime,WS,WD,WSGust,WDGust,WGustTime,Precp,AirTemperature.MaximumTimef,AirTemperature.Maximumf,AirTemperature.Meanf,AirTemperature.MinimumTimef,AirTemperature.Minimumf,GlobalSolarRadiation.Accumulationf,GlobalSolarRadiation.HourlyMaximumTimef,GlobalSolarRadiation.HourlyMaximumf,GloblRad,GloblRadMax,GloblRadMaxTime,PeakGust.Directionf,PeakGust.MaximumTimef,PeakGust.Maximumf,Precipitation.Accumulationf,Precipitation.HourlyMaximum,Precipitation.HourlyMaximumTime,Precipitation.HourlyMaximumTimef,Precipitation.HourlyMaximumf,Precipitation.MeltFlag,Precipitation.MeltFlagf,RelativeHumidity.Maximum,RelativeHumidity.MaximumTime,RelativeHumidity.MaximumTimef,RelativeHumidity.Maximumf,RelativeHumidity.Meanf,RelativeHumidity.MinimumTimef,RelativeHumidity.Minimumf,SoilTemperatureAt0cm.Maximum,SoilTemperatureAt0cm.MaximumTime,SoilTemperatureAt0cm.MaximumTimef,SoilTemperatureAt0cm.Maximumf,SoilTemperatureAt0cm.Meanf,SoilTemperatureAt0cm.Minimum,SoilTemperatureAt0cm.MinimumTime,SoilTemperatureAt0cm.MinimumTimef,SoilTemperatureAt0cm.Minimumf,SoilTemperatureAt100cm.Maximum,SoilTemperatureAt100cm.MaximumTime,SoilTemperatureAt100cm.MaximumTimef,SoilTemperatureAt100cm.Maximumf,SoilTemperatureAt100cm.Meanf,SoilTemperatureAt100cm.Minimum,SoilTemperatureAt100cm.MinimumTime,SoilTemperatureAt100cm.MinimumTimef,SoilTemperatureAt100cm.Minimumf,SoilTemperatureAt10cm.Maximum,SoilTemperatureAt10cm.MaximumTime,SoilTemperatureAt10cm.MaximumTimef,SoilTemperatureAt10cm.Maximumf,SoilTemperatureAt10cm.Meanf,SoilTemperatureAt10cm.Minimum,SoilTemperatureAt10cm.MinimumTime,SoilTemperatureAt10cm.MinimumTimef,SoilTemperatureAt10cm.Minimumf,SoilTemperatureAt20cm.Maximum,SoilTemperatureAt20cm.MaximumTime,SoilTemperatureAt20cm.MaximumTimef,SoilTemperatureAt20cm.Maximumf,SoilTemperatureAt20cm.Meanf,SoilTemperatureAt20cm.Minimum,SoilTemperatureAt20cm.MinimumTime,SoilTemperatureAt20cm.MinimumTimef,SoilTemperatureAt20cm.Minimumf,SoilTemperatureAt50cm.Maximum,SoilTemperatureAt50cm.MaximumTime,SoilTemperatureAt50cm.MaximumTimef,SoilTemperatureAt50cm.Maximumf,SoilTemperatureAt50cm.Meanf,SoilTemperatureAt50cm.Minimum,SoilTemperatureAt50cm.MinimumTime,SoilTemperatureAt50cm.MinimumTimef,SoilTemperatureAt50cm.Minimumf,SoilTemperatureAt5cm.Maximum,SoilTemperatureAt5cm.MaximumTime,SoilTemperatureAt5cm.MaximumTimef,SoilTemperatureAt5cm.Maximumf,SoilTemperatureAt5cm.Meanf,SoilTemperatureAt5cm.Minimum,SoilTemperatureAt5cm.MinimumTime,SoilTemperatureAt5cm.MinimumTimef,SoilTemperatureAt5cm.Minimumf,StationPressure.MaximumTimef,StationPressure.Maximumf,StationPressure.Meanf,StationPressure.MinimumTimef,StationPressure.Minimumf,SunShine,SunshineDuration.Totalf,TxSoil0cm,TxSoil100cm,TxSoil10cm,TxSoil20cm,TxSoil50cm,TxSoil5cm,WindDirection.Prevailingf,WindSpeed.Meanf
2018-01-01,1011.8,1014.1,2018-01-01T09:15:00,1008.8,2018-01-01T15:21:00,19.4,26.9,2018-01-01T14:21:00,13.9,2018-01-01T05:26:00,84,47.0,2018-01-01T14:26:00,1.0,1,5.6,187.0,2018-01-01T15:51:00,0.0,,,,,,,,,,,,,,,,,,,,,,100.0,2018-01-01T00:32:00,,,,,,,,,,,,,,,,,,,,,,,,,,,,,,,,,,,,,,,,,,,,,,,,,,,,,,,,,,,,,,,,,,,,,,,,,,
2018-01-02,1011.6,1013.7,2018-01-02T08:27:00,1008.8,2018-01-02T15:53:00,20.2,26.4,2018-01-02T12:51:00,15.4,2018-01-02T06:17:00,85,51.0,2018-01-02T12:28:00,0.9,1,4.6,201.0,2018-01-02T13:14:00,0.0,,,,,,,,,,,,,,,,,,,,,,100.0,2018-01-02T00:01:00,,,,,,,,,,,,,,,,,,,,,,,,,,,,,,,,,,,,,,,,,,,,,,,,,,,,,,,,,,,,,,,,,,,,,,,,,,
2018-01-03,1011.6,1014.1,2018-01-03T09:15:00,1008.7,2018-01-03T14:31:00,20.3,26.7,2018-01-03T14:51:00,16.0,2018-01-03T07:31:00,88,52.0,2018-01-03T14:21:00,0.9,31,4.6,316.0,2018-01-03T16:16:00,0.0,,,,,,,,,,,,,,,,,,,,,,100.0,2018-01-03T00:01:00,,,,,,,,,,,,,,,,,,,,,,,,,,,,,,,,,,,,,,,,,,,,,,,,,,,,,,,,,,,,,,,,,,,,,,,,,,
2018-01-04,1010.0,1012.1,2018-01-04T00:02:00,1008.0,2018-01-04T15:12:00,20.3,24.9,2018-01-04T12:31:00,17.4,2018-01-04T04:43:00,91,57.0,2018-01-04T13:01:00,1.3,42,5.5,332.0,2018-01-04T16:14:00,8.0,,,,,,,,,,,,,,,,,,,,,,100.0,2018-01-04T00:01:00,,,,,,,,,,,,,,,,,,,,,,,,,,,,,,,,,,,,,,,,,,,,,,,,,,,,,,,,,,,,,,,,,,,,,,,,,,
2018-01-05,1008.0,1010.1,2018-01-05T09:01:00,1005.8,2018-01-05T14:45:00,20.7,24.2,2018-01-05T12:41:00,18.0,2018-01-05T00:15:00,99,89.0,2018-01-05T14:24:00,1.0,1,4.1,347.0,2018-01-05T13:28:00,7.5,,,,,,,,,,,,,,,,,,,,,,100.0,2018-01-05T00:01:00,,,,,,,,,,,,,,,,,,,,,,,,,,,,,,,,,,,,,,,,,,,,,,,,,,,,,,,,,,,,,,,,,,,,,,,,,,
2018-01-06,1008.0,1009.5,2018-01-06T09:57:00,1006.4,2018-01-06T14:21:00,20.4,22.8,2018-01-06T12:59:00,18.7,2018-01-06T23:47:00,100,100.0,2018-01-06T00:01:00,0.9,3,3.5,337.0,2018-01-06T23:19:00,11.0,,,,,,,,,,,,,,,,,,,,,,100.0,2018-01-06T00:01:00,,,,,,,,,,,,,,,,,,,,,,,,,,,,,,,,,,,,,,,,,,,,,,,,,,,,,,,,,,,,,,,,,,,,,,,,,,
2018-01-07,1007.1,1008.8,2018-01-07T07:51:00,1005.2,2018-01-07T14:09:00,21.5,26.3,2018-01-07T16:02:00,18.7,2018-01-07T02:27:00,95,75.0,2018-01-07T16:04:00,1.0,301,3.8,65.0,2018-01-07T13:29:00,0.0,,,,,,,,,,,,,,,,,,,,,,100.0,2018-01-07T00:01:00,,,,,,,,,,,,,,,,,,,,,,,,,,,,,,,,,,,,,,,,,,,,,,,,,,,,,,,,,,,,,,,,,,,,,,,,,,
2018-01-08,1006.7,1008.8,2018-01-08T23:51:00,1004.5,2018-01-08T15:11:00,22.7,27.6,2018-01-08T14:11:00,20.3,2018-01-08T18:43:00,94,78.0,2018-01-08T12:22:00,1.4,42,10.1,349.0,2018-01-08T15:36:00,1.0,,,,,,,,,,,,,,,,,,,,,,100.0,2018-01-08T00:01:00,,,,,,,,,,,,,,,,,,,,,,,,,,,,,,,,,,,,,,,,,,,,,,,,,,,,,,,,,,,,,,,,,,,,,,,,,,
2018-01-09,1012.2,1015.5,2018-01-09T21:31:00,1008.6,2018-01-09T00:14:00,16.4,21.4,2018-01-09T00:33:00,13.0,2018-01-09T22:54:00,98,78.0,2018-01-09T01:23:00,1.5,5,11.0,328.0,2018-01-09T04:29:00,3.0,,,,,,,,,,,,,,,,,,,,,,100.0,2018-01-09T03:26:00,,,,,,,,,,,,,,,,,,,,,,,,,,,,,,,,,,,,,,,,,,,,,,,,,,,,,,,,,,,,,,,,,,,,,,,,,,
2018-01-10,1015.7,1018.2,2018-01-10T09:03:00,1013.4,2018-01-10T15:21:00,14.5,17.8,2018-01-10T14:13:00,12.0,2018-01-10T04:27:00,94,74.0,2018-01-10T19:38:00,1.2,356,5.4,350.0,2018-01-10T03:42:00,6.5,,,,,,,,,,,,,,,,,,,,,,100.0,2018-01-10T00:01:00,,,,,,,,,,,,,,,,,,,,,,,,,,,,,,,,,,,,,,,,,,,,,,,,,,,,,,,,,,,,,,,,,,,,,,,,,,
2018-01-11,1016.8,1018.6,2018-01-11T23:22:00,1014.7,2018-01-11T15:36:00,14.0,17.2,2018-01-11T15:40:00,12.2,2018-01-11T23:52:00,78,64.0,2018-01-11T16:51:00,1.4,349,4.2,325.0,2018-01-11T15:42:00,0.0,,,,,,,,,,,,,,,,,,,,,,87.0,2018-01-11T23:58:00,,,,,,,,,,,,,,,,,,,,,,,,,,,,,,,,,,,,,,,,,,,,,,,,,,,,,,,,,,,,,,,,,,,,,,,,,,
2018-01-12,1017.9,1019.9,2018-01-12T08:43:00,1015.0,2018-01-12T14:33:00,13.8,20.5,2018-01-12T14:22:00,8.5,2018-01-12T06:32:00,75,45.0,2018-01-12T14:25:00,1.3,9,4.5,199.0,2018-01-12T17:38:00,0.0,,,,,,,,,,,,,,,,,,,,,,100.0,2018-01-12T06:32:00,,,,,,,,,,,,,,,,,,,,,,,,,,,,,,,,,,,,,,,,,,,,,,,,,,,,,,,,,,,,,,,,,,,,,,,,,,
2018-01-13,1017.6,1020.0,2018-01-13T09:11:00,1014.4,2018-01-13T14:31:00,14.4,21.8,2018-01-13T14:51:00,8.3,2018-01-13T07:03:00,73,33.0,2018-01-13T12:43:00,1.2,26,6.0,301.0,2018-01-13T15:25:00,0.0,,,,,,,,,,,,,,,,,,,,,,100.0,2018-01-13T01:36:00,,,,,,,,,,,,,,,,,,,,,,,,,,,,,,,,,,,,,,,,,,,,,,,,,,,,,,,,,,,,,,,,,,,,,,,,,,
2018-01-14,1014.5,1017.7,2018-01-14T00:01:00,1011.1,2018-01-14T15:35:00,15.8,23.8,2018-01-14T14:21:00,9.8,2018-01-14T04:43:00,73,28.0,2018-01-14T14:21:00,1.2,23,5.5,288.0,2018-01-14T15:23:00,0.0,,,,,,,,,,,,,,,,,,,,,,100.0,2018-01-14T00:32:00,,,,,,,,,,,,,,,,,,,,,,,,,,,,,,,,,,,,,,,,,,,,,,,,,,,,,,,,,,,,,,,,,,,,,,,,,,
2018-01-15,1010.7,1013.5,2018-01-15T00:01:00,1007.6,2018-01-15T15:15:00,17.8,26.6,2018-01-15T15:01:00,10.9,2018-01-15T06:01:00,72,25.0,2018-01-15T14:25:00,1.1,1,4.6,205.0,2018-01-15T15:59:00,0.0,,,,,,,,,,,,,,,,,,,,,,100.0,2018-01-15T00:01:00,,,,,,,,,,,,,,,,,,,,,,,,,,,,,,,,,,,,,,,,,,,,,,,,,,,,,,,,,,,,,,,,,,,,,,,,,,
2018-01-16,1006.9,1009.5,2018-01-16T00:02:00,1004.2,2018-01-16T15:31:00,20.7,27.8,2018-01-16T14:11:00,13.9,2018-01-16T06:52:00,66,26.0,2018-01-16T12:34:00,1.2,7,4.3,343.0,2018-01-16T12:15:00,0.0,,,,,,,,,,,,,,,,,,,,,,100.0,2018-01-16T02:16:00,,,,,,,,,,,,,,,,,,,,,,,,,,,,,,,,,,,,,,,,,,,,,,,,,,,,,,,,,,,,,,,,,,,,,,,,,,
2018-01-17,1006.4,1008.0,2018-01-17T08:42:00,1005.2,2018-01-17T03:03:00,22.6,28.3,2018-01-17T12:54:00,19.5,2018-01-17T06:12:00,89,59.0,2018-01-17T11:24:00,0.9,9,4.8,197.0,2018-01-17T15:11:00,0.0,,,,,,,,,,,,,,,,,,,,,,100.0,2018-01-17T05:12:00,,,,,,,,,,,,,,,,,,,,,,,,,,,,,,,,,,,,,,,,,,,,,,,,,,,,,,,,,,,,,,,,,,,,,,,,,,
2018-01-18,1008.4,1010.0,2018-01-18T09:01:00,1006.3,2018-01-18T00:13:00,23.1,28.7,2018-01-18T13:21:00,19.3,2018-01-18T02:08:00,92,65.0,2018-01-18T12:13:00,1.1,29,5.0,190.0,2018-01-18T14:10:00,0.0,,,,,,,,,,,,,,,,,,,,,,100.0,2018-01-18T00:01:00,,,,,,,,,,,,,,,,,,,,,,,,,,,,,,,,,,,,,,,,,,,,,,,,,,,,,,,,,,,,,,,,,,,,,,,,,,
2018-01-19,1009.3,1011.1,2018-01-19T09:54:00,1007.2,2018-01-19T14:44:00,23.5,28.0,2018-01-19T13:42:00,20.2,2018-01-19T06:32:00,91,67.0,2018-01-19T13:42:00,0.9,186,4.5,267.0,2018-01-19T14:55:00,0.5,,,,,,,,,,,,,,,,,,,,,,100.0,2018-01-19T00:01:00,,,,,,,,,,,,,,,,,,,,,,,,,,,,,,,,,,,,,,,,,,,,,,,,,,,,,,,,,,,,,,,,,,,,,,,,,,
2018-01-20,1008.4,1010.4,2018-01-20T08:41:00,1006.2,2018-01-20T14:13:00,23.0,27.6,2018-01-20T14:11:00,20.2,2018-01-20T06:31:00,91,64.0,2018-01-20T12:13:00,0.6,7,4.5,172.0,2018-01-20T15:50:00,0.0,,,,,,,,,,,,,,,,,,,,,,100.0,2018-01-20T00:01:00,,,,,,,,,,,,,,,,,,,,,,,,,,,,,,,,,,,,,,,,,,,,,,,,,,,,,,,,,,,,,,,,,,,,,,,,,,
2018-01-21,1007.1,1009.6,2018-01-21T09:06:00,1004.8,2018-01-21T14:55:00,22.5,28.0,2018-01-21T15:31:00,18.9,2018-01-21T06:35:00,90,63.0,2018-01-21T15:31:00,1.0,7,3.5,307.0,2018-01-21T15:39:00,0.0,,,,,,,,,,,,,,,,,,,,,,100.0,2018-01-21T00:01:00,,,,,,,,,,,,,,,,,,,,,,,,,,,,,,,,,,,,,,,,,,,,,,,,,,,,,,,,,,,,,,,,,,,,,,,,,,
2018-01-22,1005.2,1007.2,2018-01-22T22:53:00,1002.0,2018-01-22T14:43:00,23.1,30.3,2018-01-22T12:41:00,19.5,2018-01-22T04:01:00,85,44.0,2018-01-22T13:41:00,1.4,197,5.3,184.0,2018-01-22T15:55:00,0.0,,,,,,,,,,,,,,,,,,,,,,100.0,2018-01-22T00:01:00,,,,,,,,,,,,,,,,,,,,,,,,,,,,,,,,,,,,,,,,,,,,,,,,,,,,,,,,,,,,,,,,,,,,,,,,,,
2018-01-23,1007.1,1008.5,2018-01-23T08:22:00,1004.7,2018-01-23T14:41:00,21.4,26.9,2018-01-23T14:03:00,18.1,2018-01-23T07:27:00,88,55.0,2018-01-23T14:03:00,1.2,19,4.9,205.0,2018-01-23T17:02:00,0.0,,,,,,,,,,,,,,,,,,,,,,100.0,2018-01-23T00:57:00,,,,,,,,,,,,,,,,,,,,,,,,,,,,,,,,,,,,,,,,,,,,,,,,,,,,,,,,,,,,,,,,,,,,,,,,,,
2018-01-24,1007.3,1009.4,2018-01-24T09:11:00,1004.5,2018-01-24T15:21:00,21.0,27.5,2018-01-24T15:27:00,16.1,2018-01-24T06:45:00,84,46.0,2018-01-24T15:27:00,0.9,188,5.2,170.0,2018-01-24T16:37:00,0.0,,,,,,,,,,,,,,,,,,,,,,100.0,2018-01-24T00:01:00,,,,,,,,,,,,,,,,,,,,,,,,,,,,,,,,,,,,,,,,,,,,,,,,,,,,,,,,,,,,,,,,,,,,,,,,,,
2018-01-25,1007.5,1009.4,2018-01-25T09:11:00,1005.4,2018-01-25T15:07:00,21.7,27.4,2018-01-25T15:21:00,17.4,2018-01-25T06:21:00,81,41.0,2018-01-25T15:16:00,1.0,352,4.4,13.0,2018-01-25T13:13:00,0.0,,,,,,,,,,,,,,,,,,,,,,100.0,2018-01-25T00:01:00,,,,,,,,,,,,,,,,,,,,,,,,,,,,,,,,,,,,,,,,,,,,,,,,,,,,,,,,,,,,,,,,,,,,,,,,,,
2018-01-26,1008.0,1010.1,2018-01-26T08:51:00,1005.6,2018-01-26T15:22:00,20.8,28.6,2018-01-26T13:41:00,16.7,2018-01-26T06:02:00,83,47.0,2018-01-26T13:54:00,1.3,21,5.9,206.0,2018-01-26T15:49:00,0.0,,,,,,,,,,,,,,,,,,,,,,100.0,2018-01-26T00:01:00,,,,,,,,,,,,,,,,,,,,,,,,,,,,,,,,,,,,,,,,,,,,,,,,,,,,,,,,,,,,,,,,,,,,,,,,,,
2018-01-27,1008.7,1011.1,2018-01-27T08:41:00,1006.9,2018-01-27T14:54:00,20.1,26.2,2018-01-27T14:11:00,16.2,2018-01-27T04:41:00,85,55.0,2018-01-27T14:12:00,1.0,22,4.5,238.0,2018-01-27T14:40:00,0.0,,,,,,,,,,,,,,,,,,,,,,100.0,2018-01-27T02:11:00,,,,,,,,,,,,,,,,,,,,,,,,,,,,,,,,,,,,,,,,,,,,,,,,,,,,,,,,,,,,,,,,,,,,,,,,,,
2018-01-28,1005.9,1008.4,2018-01-28T08:57:00,1003.1,2018-01-28T15:31:00,21.2,29.1,2018-01-28T15:31:00,16.7,2018-01-28T06:11:00,86,52.0,2018-01-28T14:41:00,1.7,6,5.4,331.0,2018-01-28T07:03:00,0.0,,,,,,,,,,,,,,,,,,,,,,100.0,2018-01-28T00:01:00,,,,,,,,,,,,,,,,,,,,,,,,,,,,,,,,,,,,,,,,,,,,,,,,,,,,,,,,,,,,,,,,,,,,,,,,,,
2018-01-29,1008.9,1011.6,2018-01-29T22:14:00,1005.6,2018-01-29T02:44:00,17.1,19.6,2018-01-29T15:52:00,14.8,2018-01-29T08:42:00,98,91.0,2018-01-29T18:05:00,1.2,30,3.7,6.0,2018-01-29T17:57:00,2.5,,,,,,,,,,,,,,,,,,,,,,100.0,2018-01-29T00:05:00,,,,,,,,,,,,,,,,,,,,,,,,,,,,,,,,,,,,,,,,,,,,,,,,,,,,,,,,,,,,,,,,,,,,,,,,,,
2018-01-30,1011.4,1013.6,2018-01-30T10:01:00,1008.8,2018-01-30T14:52:00,16.6,20.5,2018-01-30T13:41:00,13.3,2018-01-30T08:43:00,96,77.0,2018-01-30T13:55:00,1.2,57,4.7,320.0,2018-01-30T15:05:00,10.5,,,,,,,,,,,,,,,,,,,,,,100.0,2018-01-30T00:01:00,,,,,,,,,,,,,,,,,,,,,,,,,,,,,,,,,,,,,,,,,,,,,,,,,,,,,,,,,,,,,,,,,,,,,,,,,,
2018-01-31,1010.2,1012.1,2018-01-31T01:01:00,1007.0,2018-01-31T14:30:00,18.7,25.2,2018-01-31T14:50:00,14.0,2018-01-31T06:13:00,88,57.0,2018-01-31T13:42:00,1.7,349,5.7,324.0,2018-01-31T16:15:00,0.0,,,,,,,,,,,,,,,,,,,,,,100.0,2018-01-31T00:01:00,,,,,,,,,,,,,,,,,,,,,,,,,,,,,,,,,,,,,,,,,,,,,,,,,,,,,,,,,,,,,,,,,,,,,,,,,,
2018-02-01,1011.8,1014.5,2018-02-01T21:52:00,1009.7,2018-02-01T15:39:00,15.9,19.2,2018-02-01T14:41:00,13.2,2018-02-01T09:02:00,97,84.0,2018-02-01T17:11:00,1.3,300,4.4,15.0,2018-02-01T20:42:00,2.5,,,,,,,,,,,,,,,,,,,,,,100.0,2018-02-01T00:01:00,,,,,,,,,,,,,,,,,,,,,,,,,,,,,,,,,,,,,,,,,,,,,,,,,,,,,,,,,,,,,,,,,,,,,,,,,,
2018-02-02,1013.7,1015.7,2018-02-02T22:21:00,1011.1,2018-02-02T14:44:00,16.7,24.3,2018-02-02T12:14:00,13.2,2018-02-02T04:41:00,88,54.0,2018-02-02T12:14:00,2.0,329,8.6,302.0,2018-02-02T13:09:00,0.0,,,,,,,,,,,,,,,,,,,,,,100.0,2018-02-02T00:01:00,,,,,,,,,,,,,,,,,,,,,,,,,,,,,,,,,,,,,,,,,,,,,,,,,,,,,,,,,,,,,,,,,,,,,,,,,,
2018-02-03,1015.0,1017.0,2018-02-03T09:13:00,1012.8,2018-02-03T15:14:00,14.1,17.8,2018-02-03T12:16:00,11.8,2018-02-03T23:34:00,91,75.0,2018-02-03T12:58:00,1.5,3,4.4,48.0,2018-02-03T23:14:00,0.0,,,,,,,,,,,,,,,,,,,,,,100.0,2018-02-03T00:02:00,,,,,,,,,,,,,,,,,,,,,,,,,,,,,,,,,,,,,,,,,,,,,,,,,,,,,,,,,,,,,,,,,,,,,,,,,,
2018-02-04,1015.7,1017.3,2018-02-04T23:02:00,1013.5,2018-02-04T14:41:00,12.8,16.6,2018-02-04T15:02:00,10.3,2018-02-04T07:04:00,90,70.0,2018-02-04T15:33:00,1.6,13,4.7,349.0,2018-02-04T15:48:00,0.0,,,,,,,,,,,,,,,,,,,,,,100.0,2018-02-04T01:53:00,,,,,,,,,,,,,,,,,,,,,,,,,,,,,,,,,,,,,,,,,,,,,,,,,,,,,,,,,,,,,,,,,,,,,,,,,,
2018-02-05,1016.2,1018.0,2018-02-05T09:19:00,1013.7,2018-02-05T15:03:00,10.8,12.3,2018-02-05T11:41:00,9.5,2018-02-05T23:42:00,90,78.0,2018-02-05T13:21:00,2.0,341,5.1,12.0,2018-02-05T16:45:00,0.0,,,,,,,,,,,,,,,,,,,,,,100.0,2018-02-05T04:58:00,,,,,,,,,,,,,,,,,,,,,,,,,,,,,,,,,,,,,,,,,,,,,,,,,,,,,,,,,,,,,,,,,,,,,,,,,,
2018-02-06,1013.7,1016.9,2018-02-06T00:22:00,1010.7,2018-02-06T15:44:00,13.4,19.3,2018-02-06T15:11:00,8.5,2018-02-06T06:31:00,75,46.0,2018-02-06T12:41:00,1.5,1,5.6,325.0,2018-02-06T15:31:00,0.0,,,,,,,,,,,,,,,,,,,,,,100.0,2018-02-06T07:21:00,,,,,,,,,,,,,,,,,,,,,,,,,,,,,,,,,,,,,,,,,,,,,,,,,,,,,,,,,,,,,,,,,,,,,,,,,,
2018-02-07,1012.0,1013.9,2018-02-07T09:53:00,1009.3,2018-02-07T15:11:00,14.0,17.8,2018-02-07T14:01:00,11.2,2018-02-07T04:26:00,93,66.0,2018-02-07T14:50:00,1.5,3,4.3,13.0,2018-02-07T20:08:00,0.5,,,,,,,,,,,,,,,,,,,,,,100.0,2018-02-07T02:41:00,,,,,,,,,,,,,,,,,,,,,,,,,,,,,,,,,,,,,,,,,,,,,,,,,,,,,,,,,,,,,,,,,,,,,,,,,,
2018-02-08,1010.1,1012.5,2018-02-08T00:01:00,1007.8,2018-02-08T15:12:00,15.9,20.9,2018-02-08T13:11:00,13.2,2018-02-08T02:03:00,94,66.0,2018-02-08T12:53:00,1.1,7,3.7,337.0,2018-02-08T02:34:00,0.0,,,,,,,,,,,,,,,,,,,,,,100.0,2018-02-08T00:01:00,,,,,,,,,,,,,,,,,,,,,,,,,,,,,,,,,,,,,,,,,,,,,,,,,,,,,,,,,,,,,,,,,,,,,,,,,,
2018-02-09,1008.5,1010.4,2018-02-09T07:16:00,1005.7,2018-02-09T15:14:00,18.8,25.4,2018-02-09T15:32:00,14.8,2018-02-09T00:31:00,90,55.0,2018-02-09T15:52:00,1.1,12,4.1,346.0,2018-02-09T14:52:00,0.0,,,,,,,,,,,,,,,,,,,,,,100.0,2018-02-09T00:01:00,,,,,,,,,,,,,,,,,,,,,,,,,,,,,,,,,,,,,,,,,,,,,,,,,,,,,,,,,,,,,,,,,,,,,,,,,,
2018-02-10,1008.6,1010.7,2018-02-10T23:26:00,1005.2,2018-02-10T14:54:00,21.0,28.9,2018-02-10T14:51:00,16.6,2018-02-10T06:31:00,87,50.0,2018-02-10T13:50:00,1.5,350,5.8,309.0,2018-02-10T16:09:00,0.0,,,,,,,,,,,,,,,,,,,,,,100.0,2018-02-10T00:01:00,,,,,,,,,,,,,,,,,,,,,,,,,,,,,,,,,,,,,,,,,,,,,,,,,,,,,,,,,,,,,,,,,,,,,,,,,,
2018-02-11,1013.2,1016.8,2018-02-11T23:32:00,1010.0,2018-02-11T03:13:00,16.3,19.0,2018-02-11T00:01:00,13.5,2018-02-11T08:04:00,99,91.0,2018-02-11T18:41:00,1.5,24,5.8,307.0,2018-02-11T13:12:00,4.5,,,,,,,,,,,,,,,,,,,,,,100.0,2018-02-11T00:01:00,,,,,,,,,,,,,,,,,,,,,,,,,,,,,,,,,,,,,,,,,,,,,,,,,,,,,,,,,,,,,,,,,,,,,,,,,,
2018-02-12,1016.9,1019.4,2018-02-12T10:01:00,1014.7,2018-02-12T15:21:00,16.5,20.2,2018-02-12T14:11:00,13.8,2018-02-12T06:11:00,89,70.0,2018-02-12T14:11:00,1.2,2,4.8,44.0,2018-02-12T15:16:00,0.0,,,,,,,,,,,,,,,,,,,,,,100.0,2018-02-12T03:58:00,,,,,,,,,,,,,,,,,,,,,,,,,,,,,,,,,,,,,,,,,,,,,,,,,,,,,,,,,,,,,,,,,,,,,,,,,,
2018-02-13,1015.9,1018.3,2018-02-13T09:31:00,1012.7,2018-02-13T14:57:00,17.7,24.2,2018-02-13T13:56:00,13.1,2018-02-13T06:41:00,80,44.0,2018-02-13T13:56:00,1.1,35,4.8,204.0,2018-02-13T14:05:00,0.0,,,,,,,,,,,,,,,,,,,,,,100.0,2018-02-13T01:02:00,,,,,,,,,,,,,,,,,,,,,,,,,,,,,,,,,,,,,,,,,,,,,,,,,,,,,,,,,,,,,,,,,,,,,,,,,,
2018-02-14,1012.3,1015.5,2018-02-14T08:41:00,1008.7,2018-02-14T15:29:00,20.2,28.4,2018-02-14T14:34:00,13.5,2018-02-14T06:32:00,70,29.0,2018-02-14T14:34:00,1.0,207,5.0,288.0,2018-02-14T12:33:00,0.0,,,,,,,,,,,,,,,,,,,,,,100.0,2018-02-14T00:01:00,,,,,,,,,,,,,,,,,,,,,,,,,,,,,,,,,,,,,,,,,,,,,,,,,,,,,,,,,,,,,,,,,,,,,,,,,,
2018-02-15,1009.2,1011.8,2018-02-15T08:51:00,1006.0,2018-02-15T15:02:00,24.0,31.9,2018-02-15T14:12:00,17.5,2018-02-15T00:01:00,70,30.0,2018-02-15T13:01:00,1.5,202,6.5,204.0,2018-02-15T16:19:00,0.0,,,,,,,,,,,,,,,,,,,,,,100.0,2018-02-15T21:13:00,,,,,,,,,,,,,,,,,,,,,,,,,,,,,,,,,,,,,,,,,,,,,,,,,,,,,,,,,,,,,,,,,,,,,,,,,,
2018-02-16,1007.2,1008.9,2018-02-16T00:01:00,1005.3,2018-02-16T15:32:00,23.6,27.6,2018-02-16T09:21:00,20.1,2018-02-16T04:32:00,83,55.0,2018-02-16T09:27:00,1.0,23,3.9,195.0,2018-02-16T16:43:00,0.0,,,,,,,,,,,,,,,,,,,,,,100.0,2018-02-16T00:01:00,,,,,,,,,,,,,,,,,,,,,,,,,,,,,,,,,,,,,,,,,,,,,,,,,,,,,,,,,,,,,,,,,,,,,,,,,,
2018-02-17,1008.9,1011.0,2018-02-17T22:52:00,1006.9,2018-02-17T03:34:00,22.2,26.7,2018-02-17T13:01:00,18.3,2018-02-17T06:37:00,88,67.0,2018-02-17T13:21:00,1.2,22,4.7,200.0,2018-02-17T15:28:00,0.0,,,,,,,,,,,,,,,,,,,,,,100.0,2018-02-17T00:01:00,,,,,,,,,,,,,,,,,,,,,,,,,,,,,,,,,,,,,,,,,,,,,,,,,,,,,,,,,,,,,,,,,,,,,,,,,,
2018-02-18,1010.4,1012.9,2018-02-18T08:31:00,1007.6,2018-02-18T15:41:00,22.0,29.0,2018-02-18T13:32:00,17.1,2018-02-18T06:01:00,83,46.0,2018-02-18T12:21:00,1.2,3,5.9,198.0,2018-02-18T13:58:00,0.0,,,,,,,,,,,,,,,,,,,,,,100.0,2018-02-18T00:33:00,,,,,,,,,,,,,,,,,,,,,,,,,,,,,,,,,,,,,,,,,,,,,,,,,,,,,,,,,,,,,,,,,,,,,,,,,,
2018-02-19,1009.0,1011.4,2018-02-19T08:25:00,1006.1,2018-02-19T15:05:00,24.0,31.7,2018-02-19T14:31:00,18.7,2018-02-19T05:01:00,72,35.0,2018-02-19T12:56:00,1.3,24,5.7,300.0,2018-02-19T15:37:00,0.0,,,,,,,,,,,,,,,,,,,,,,100.0,2018-02-19T00:01:00,,,,,,,,,,,,,,,,,,,,,,,,,,,,,,,,,,,,,,,,,,,,,,,,,,,,,,,,,,,,,,,,,,,,,,,,,,
2018-02-20,1007.1,1009.3,2018-02-20T08:21:00,1004.4,2018-02-20T15:11:00,24.5,31.7,2018-02-20T12:38:00,18.5,2018-02-20T04:17:00,76,37.0,2018-02-20T12:32:00,1.3,50,5.2,315.0,2018-02-20T14:56:00,0.0,,,,,,,,,,,,,,,,,,,,,,100.0,2018-02-20T02:42:00,,,,,,,,,,,,,,,,,,,,,,,,,,,,,,,,,,,,,,,,,,,,,,,,,,,,,,,,,,,,,,,,,,,,,,,,,,
2018-02-21,1006.3,1008.0,2018-02-21T23:33:00,1004.0,2018-02-21T15:11:00,23.9,29.5,2018-02-21T12:25:00,20.4,2018-02-21T06:05:00,83,53.0,2018-02-21T14:08:00,1.2,2,6.6,197.0,2018-02-21T15:19:00,0.0,,,,,,,,,,,,,,,,,,,,,,100.0,2018-02-21T01:08:00,,,,,,,,,,,,,,,,,,,,,,,,,,,,,,,,,,,,,,,,,,,,,,,,,,,,,,,,,,,,,,,,,,,,,,,,,,
2018-02-22,1009.1,1012.3,2018-02-22T21:32:00,1007.4,2018-02-22T03:12:00,19.9,25.9,2018-02-22T11:32:00,16.2,2018-02-22T22:14:00,91,67.0,2018-02-22T11:43:00,1.5,7,6.9,8.0,2018-02-22T15:04:00,2.5,,,,,,,,,,,,,,,,,,,,,,100.0,2018-02-22T06:15:00,,,,,,,,,,,,,,,,,,,,,,,,,,,,,,,,,,,,,,,,,,,,,,,,,,,,,,,,,,,,,,,,,,,,,,,,,,
2018-02-23,1011.3,1013.2,2018-02-23T22:31:00,1009.1,2018-02-23T14:22:00,20.5,26.3,2018-02-23T13:12:00,16.0,2018-02-23T06:17:00,88,62.0,2018-02-23T13:15:00,0.9,11,4.8,199.0,2018-02-23T15:00:00,0.0,,,,,,,,,,,,,,,,,,,,,,100.0,2018-02-23T00:01:00,,,,,,,,,,,,,,,,,,,,,,,,,,,,,,,,,,,,,,,,,,,,,,,,,,,,,,,,,,,,,,,,,,,,,,,,,,
2018-02-24,1011.7,1014.3,2018-02-24T10:12:00,1009.6,2018-02-24T16:51:00,20.8,24.3,2018-02-24T16:31:00,18.8,2018-02-24T03:44:00,95,75.0,2018-02-24T16:33:00,1.0,1,4.9,346.0,2018-02-24T09:46:00,0.0,,,,,,,,,,,,,,,,,,,,,,100.0,2018-02-24T00:53:00,,,,,,,,,,,,,,,,,,,,,,,,,,,,,,,,,,,,,,,,,,,,,,,,,,,,,,,,,,,,,,,,,,,,,,,,,,
2018-02-25,1009.6,1011.4,2018-02-25T00:01:00,1007.3,2018-02-25T14:14:00,22.8,29.5,2018-02-25T11:55:00,18.8,2018-02-25T03:51:00,81,45.0,2018-02-25T13:47:00,1.4,347,6.4,293.0,2018-02-25T13:39:00,0.0,,,,,,,,,,,,,,,,,,,,,,100.0,2018-02-25T00:01:00,,,,,,,,,,,,,,,,,,,,,,,,,,,,,,,,,,,,,,,,,,,,,,,,,,,,,,,,,,,,,,,,,,,,,,,,,,
2018-02-26,1010.7,1012.4,2018-02-26T21:44:00,1008.9,2018-02-26T14:28:00,20.6,26.0,2018-02-26T12:13:00,16.8,2018-02-26T06:41:00,90,66.0,2018-02-26T12:13:00,1.3,10,5.2,198.0,2018-02-26T14:49:00,0.0,,,,,,,,,,,,,,,,,,,,,,100.0,2018-02-26T00:01:00,,,,,,,,,,,,,,,,,,,,,,,,,,,,,,,,,,,,,,,,,,,,,,,,,,,,,,,,,,,,,,,,,,,,,,,,,,
2018-02-27,1009.8,1012.4,2018-02-27T09:47:00,1006.6,2018-02-27T15:45:00,21.8,29.3,2018-02-27T15:11:00,17.0,2018-02-27T05:31:00,81,43.0,2018-02-27T15:11:00,1.3,6,6.5,173.0,2018-02-27T16:04:00,0.0,,,,,,,,,,,,,,,,,,,,,,100.0,2018-02-27T00:44:00,,,,,,,,,,,,,,,,,,,,,,,,,,,,,,,,,,,,,,,,,,,,,,,,,,,,,,,,,,,,,,,,,,,,,,,,,,
2018-02-28,1006.4,1008.6,2018-02-28T00:01:00,1004.5,2018-02-28T15:44:00,23.9,29.7,2018-02-28T11:51:00,19.7,2018-02-28T04:22:00,82,52.0,2018-02-28T11:46:00,1.4,1,7.7,344.0,2018-02-28T17:43:00,0.0,,,,,,,,,,,,,,,,,,,,,,100.0,2018-02-28T01:11:00,,,,,,,,,,,,,,,,,,,,,,,,,,,,,,,,,,,,,,,,,,,,,,,,,,,,,,,,,,,,,,,,,,,,,,,,,,
2018-03-01,1005.3,1006.8,2018-03-01T22:34:00,1003.4,2018-03-01T14:54:00,24.2,30.7,2018-03-01T12:04:00,18.2,2018-03-01T06:49:00,79,44.0,2018-03-01T12:32:00,1.1,203,5.4,195.0,2018-03-01T13:56:00,0.0,,,,,,,,,,,,,,,,,,,,,,100.0,2018-03-01T00:11:00,,,,,,,,,,,,,,,,,,,,,,,,,,,,,,,,,,,,,,,,,,,,,,,,,,,,,,,,,,,,,,,,,,,,,,,,,,
2018-03-02,1005.1,1007.3,2018-03-02T08:53:00,1002.4,2018-03-02T15:41:00,25.3,31.2,2018-03-02T13:02:00,20.8,2018-03-02T06:12:00,83,51.0,2018-03-02T11:41:00,0.9,16,5.0,164.0,2018-03-02T12:58:00,0.0,,,,,,,,,,,,,,,,,,,,,,100.0,2018-03-02T00:19:00,,,,,,,,,,,,,,,,,,,,,,,,,,,,,,,,,,,,,,,,,,,,,,,,,,,,,,,,,,,,,,,,,,,,,,,,,,
2018-03-03,1004.3,1005.9,2018-03-03T09:51:00,1001.9,2018-03-03T14:47:00,26.7,33.4,2018-03-03T13:41:00,21.9,2018-03-03T05:53:00,80,49.0,2018-03-03T13:11:00,1.1,17,4.9,258.0,2018-03-03T16:19:00,0.0,,,,,,,,,,,,,,,,,,,,,,100.0,2018-03-03T00:01:00,,,,,,,,,,,,,,,,,,,,,,,,,,,,,,,,,,,,,,,,,,,,,,,,,,,,,,,,,,,,,,,,,,,,,,,,,,
2018-03-04,1005.6,1007.2,2018-03-04T08:31:00,1004.1,2018-03-04T14:13:00,26.7,32.4,2018-03-04T11:41:00,22.3,2018-03-04T06:13:00,86,54.0,2018-03-04T13:33:00,1.0,194,6.8,206.0,2018-03-04T14:31:00,0.0,,,,,,,,,,,,,,,,,,,,,,100.0,2018-03-04T00:31:00,,,,,,,,,,,,,,,,,,,,,,,,,,,,,,,,,,,,,,,,,,,,,,,,,,,,,,,,,,,,,,,,,,,,,,,,,,
2018-03-05,1005.5,1007.1,2018-03-05T07:32:00,1003.5,2018-03-05T14:55:00,27.8,33.5,2018-03-05T15:01:00,23.3,2018-03-05T05:51:00,79,53.0,2018-03-05T15:14:00,1.7,44,8.3,285.0,2018-03-05T15:36:00,0.0,,,,,,,,,,,,,,,,,,,,,,100.0,2018-03-05T00:01:00,,,,,,,,,,,,,,,,,,,,,,,,,,,,,,,,,,,,,,,,,,,,,,,,,,,,,,,,,,,,,,,,,,,,,,,,,,
2018-03-06,1009.2,1011.1,2018-03-06T23:41:00,1006.6,2018-03-06T01:03:00,23.7,26.5,2018-03-06T11:14:00,21.4,2018-03-06T05:18:00,92,76.0,2018-03-06T13:31:00,1.0,51,3.7,181.0,2018-03-06T17:31:00,0.0,,,,,,,,,,,,,,,,,,,,,,100.0,2018-03-06T00:14:00,,,,,,,,,,,,,,,,,,,,,,,,,,,,,,,,,,,,,,,,,,,,,,,,,,,,,,,,,,,,,,,,,,,,,,,,,,
2018-03-07,1008.7,1011.1,2018-03-07T00:01:00,1005.7,2018-03-07T17:11:00,23.4,28.0,2018-03-07T15:11:00,20.2,2018-03-07T23:52:00,83,54.0,2018-03-07T16:01:00,1.2,2,4.7,1.0,2018-03-07T19:33:00,0.0,,,,,,,,,,,,,,,,,,,,,,100.0,2018-03-07T06:29:00,,,,,,,,,,,,,,,,,,,,,,,,,,,,,,,,,,,,,,,,,,,,,,,,,,,,,,,,,,,,,,,,,,,,,,,,,,
2018-03-08,1008.9,1012.5,2018-03-08T22:21:00,1006.5,2018-03-08T04:21:00,18.3,21.8,2018-03-08T10:21:00,12.8,2018-03-08T22:51:00,96,81.0,2018-03-08T13:42:00,1.8,357,5.6,336.0,2018-03-08T17:53:00,8.0,,,,,,,,,,,,,,,,,,,,,,100.0,2018-03-08T00:01:00,,,,,,,,,,,,,,,,,,,,,,,,,,,,,,,,,,,,,,,,,,,,,,,,,,,,,,,,,,,,,,,,,,,,,,,,,,
2018-03-09,1012.9,1014.4,2018-03-09T22:31:00,1011.0,2018-03-09T01:31:00,15.3,18.9,2018-03-09T15:03:00,12.0,2018-03-09T04:13:00,93,74.0,2018-03-09T14:46:00,0.9,178,3.8,325.0,2018-03-09T00:07:00,5.0,,,,,,,,,,,,,,,,,,,,,,100.0,2018-03-09T00:01:00,,,,,,,,,,,,,,,,,,,,,,,,,,,,,,,,,,,,,,,,,,,,,,,,,,,,,,,,,,,,,,,,,,,,,,,,,,
2018-03-10,1013.8,1015.3,2018-03-10T08:21:00,1011.7,2018-03-10T14:51:00,18.5,25.5,2018-03-10T13:31:00,12.7,2018-03-10T06:16:00,72,33.0,2018-03-10T12:51:00,1.1,2,5.3,224.0,2018-03-10T13:23:00,0.0,,,,,,,,,,,,,,,,,,,,,,100.0,2018-03-10T00:01:00,,,,,,,,,,,,,,,,,,,,,,,,,,,,,,,,,,,,,,,,,,,,,,,,,,,,,,,,,,,,,,,,,,,,,,,,,,
2018-03-11,1013.9,1015.8,2018-03-11T08:13:00,1011.9,2018-03-11T14:33:00,20.0,27.4,2018-03-11T13:12:00,14.0,2018-03-11T06:17:00,68,24.0,2018-03-11T13:02:00,1.6,16,6.8,328.0,2018-03-11T14:29:00,0.0,,,,,,,,,,,,,,,,,,,,,,100.0,2018-03-11T00:02:00,,,,,,,,,,,,,,,,,,,,,,,,,,,,,,,,,,,,,,,,,,,,,,,,,,,,,,,,,,,,,,,,,,,,,,,,,,
2018-03-12,1011.9,1013.9,2018-03-12T08:11:00,1009.0,2018-03-12T15:45:00,21.0,28.0,2018-03-12T12:43:00,15.1,2018-03-12T06:00:00,67,26.0,2018-03-12T13:05:00,1.1,24,6.6,302.0,2018-03-12T14:37:00,0.0,,,,,,,,,,,,,,,,,,,,,,100.0,2018-03-12T02:01:00,,,,,,,,,,,,,,,,,,,,,,,,,,,,,,,,,,,,,,,,,,,,,,,,,,,,,,,,,,,,,,,,,,,,,,,,,,
2018-03-13,1010.2,1012.3,2018-03-13T09:01:00,1007.9,2018-03-13T14:26:00,21.8,28.6,2018-03-13T14:14:00,16.0,2018-03-13T06:41:00,62,27.0,2018-03-13T11:42:00,1.3,20,6.2,296.0,2018-03-13T14:59:00,0.0,,,,,,,,,,,,,,,,,,,,,,100.0,2018-03-13T03:55:00,,,,,,,,,,,,,,,,,,,,,,,,,,,,,,,,,,,,,,,,,,,,,,,,,,,,,,,,,,,,,,,,,,,,,,,,,,
2018-03-14,1008.5,1010.7,2018-03-14T08:38:00,1006.2,2018-03-14T15:25:00,23.0,29.5,2018-03-14T14:03:00,17.2,2018-03-14T05:57:00,58,28.0,2018-03-14T11:12:00,1.1,299,6.1,290.0,2018-03-14T15:32:00,0.0,,,,,,,,,,,,,,,,,,,,,,90.0,2018-03-14T05:58:00,,,,,,,,,,,,,,,,,,,,,,,,,,,,,,,,,,,,,,,,,,,,,,,,,,,,,,,,,,,,,,,,,,,,,,,,,,
2018-03-15,1006.8,1009.3,2018-03-15T23:01:00,1004.4,2018-03-15T15:32:00,22.9,29.5,2018-03-15T12:57:00,18.4,2018-03-15T06:01:00,77,45.0,2018-03-15T13:01:00,1.3,309,5.6,297.0,2018-03-15T15:48:00,32.5,,,,,,,,,,,,,,,,,,,,,,100.0,2018-03-15T17:52:00,,,,,,,,,,,,,,,,,,,,,,,,,,,,,,,,,,,,,,,,,,,,,,,,,,,,,,,,,,,,,,,,,,,,,,,,,,
2018-03-16,1007.2,1009.8,2018-03-16T23:05:00,1004.6,2018-03-16T03:44:00,23.8,29.6,2018-03-16T14:21:00,20.2,2018-03-16T04:54:00,85,45.0,2018-03-16T14:54:00,1.7,336,6.7,343.0,2018-03-16T12:07:00,0.5,,,,,,,,,,,,,,,,,,,,,,100.0,2018-03-16T00:01:00,,,,,,,,,,,,,,,,,,,,,,,,,,,,,,,,,,,,,,,,,,,,,,,,,,,,,,,,,,,,,,,,,,,,,,,,,,
2018-03-17,1009.9,1011.5,2018-03-17T08:47:00,1007.8,2018-03-17T14:48:00,23.2,28.9,2018-03-17T13:41:00,19.2,2018-03-17T05:51:00,86,57.0,2018-03-17T14:15:00,1.1,20,5.3,211.0,2018-03-17T14:55:00,0.0,,,,,,,,,,,,,,,,,,,,,,100.0,2018-03-17T00:01:00,,,,,,,,,,,,,,,,,,,,,,,,,,,,,,,,,,,,,,,,,,,,,,,,,,,,,,,,,,,,,,,,,,,,,,,,,,
2018-03-18,1008.9,1010.8,2018-03-18T00:01:00,1006.3,2018-03-18T14:41:00,23.7,30.2,2018-03-18T14:14:00,19.6,2018-03-18T02:54:00,84,48.0,2018-03-18T12:21:00,1.2,9,5.7,308.0,2018-03-18T16:39:00,0.0,,,,,,,,,,,,,,,,,,,,,,100.0,2018-03-18T00:01:00,,,,,,,,,,,,,,,,,,,,,,,,,,,,,,,,,,,,,,,,,,,,,,,,,,,,,,,,,,,,,,,,,,,,,,,,,,
2018-03-19,1005.4,1008.4,2018-03-19T00:01:00,1002.0,2018-03-19T14:52:00,24.8,30.7,2018-03-19T13:14:00,19.3,2018-03-19T05:21:00,82,47.0,2018-03-19T13:14:00,1.4,194,6.7,199.0,2018-03-19T15:37:00,0.0,,,,,,,,,,,,,,,,,,,,,,100.0,2018-03-19T00:01:00,,,,,,,,,,,,,,,,,,,,,,,,,,,,,,,,,,,,,,,,,,,,,,,,,,,,,,,,,,,,,,,,,,,,,,,,,,
2018-03-20,1003.8,1006.1,2018-03-20T23:41:00,1001.8,2018-03-20T13:54:00,24.4,31.6,2018-03-20T13:12:00,20.2,2018-03-20T23:31:00,86,47.0,2018-03-20T13:01:00,2.0,24,9.8,298.0,2018-03-20T14:05:00,0.5,,,,,,,,,,,,,,,,,,,,,,100.0,2018-03-20T00:01:00,,,,,,,,,,,,,,,,,,,,,,,,,,,,,,,,,,,,,,,,,,,,,,,,,,,,,,,,,,,,,,,,,,,,,,,,,,
2018-03-21,1006.7,1009.0,2018-03-21T22:51:00,1004.4,2018-03-21T15:31:00,20.3,26.0,2018-03-21T15:01:00,16.2,2018-03-21T23:57:00,75,48.0,2018-03-21T15:44:00,2.2,351,6.5,338.0,2018-03-21T11:27:00,0.0,,,,,,,,,,,,,,,,,,,,,,100.0,2018-03-21T02:41:00,,,,,,,,,,,,,,,,,,,,,,,,,,,,,,,,,,,,,,,,,,,,,,,,,,,,,,,,,,,,,,,,,,,,,,,,,,
2018-03-22,1008.6,1010.1,2018-03-22T23:31:00,1006.6,2018-03-22T15:22:00,19.6,25.9,2018-03-22T13:11:00,13.8,2018-03-22T05:33:00,71,38.0,2018-03-22T13:02:00,1.2,57,6.1,299.0,2018-03-22T14:39:00,0.0,,,,,,,,,,,,,,,,,,,,,,97.0,2018-03-22T05:44:00,,,,,,,,,,,,,,,,,,,,,,,,,,,,,,,,,,,,,,,,,,,,,,,,,,,,,,,,,,,,,,,,,,,,,,,,,,
2018-03-23,1011.2,1012.9,2018-03-23T23:21:00,1009.3,2018-03-23T14:21:00,21.3,27.7,2018-03-23T13:41:00,15.9,2018-03-23T06:21:00,64,33.0,2018-03-23T13:11:00,1.4,2,7.1,176.0,2018-03-23T14:03:00,0.0,,,,,,,,,,,,,,,,,,,,,,96.0,2018-03-23T01:57:00,,,,,,,,,,,,,,,,,,,,,,,,,,,,,,,,,,,,,,,,,,,,,,,,,,,,,,,,,,,,,,,,,,,,,,,,,,
2018-03-24,1012.5,1014.7,2018-03-24T08:51:00,1009.7,2018-03-24T14:57:00,21.8,28.7,2018-03-24T14:03:00,15.4,2018-03-24T06:12:00,55,20.0,2018-03-24T10:51:00,0.9,2,6.5,239.0,2018-03-24T14:19:00,0.0,,,,,,,,,,,,,,,,,,,,,,100.0,2018-03-24T06:09:00,,,,,,,,,,,,,,,,,,,,,,,,,,,,,,,,,,,,,,,,,,,,,,,,,,,,,,,,,,,,,,,,,,,,,,,,,,
2018-03-25,1012.3,1014.4,2018-03-25T08:06:00,1009.9,2018-03-25T15:06:00,22.4,28.6,2018-03-25T12:31:00,17.0,2018-03-25T05:12:00,61,30.0,2018-03-25T11:31:00,1.3,346,7.1,299.0,2018-03-25T13:48:00,0.0,,,,,,,,,,,,,,,,,,,,,,89.0,2018-03-25T23:51:00,,,,,,,,,,,,,,,,,,,,,,,,,,,,,,,,,,,,,,,,,,,,,,,,,,,,,,,,,,,,,,,,,,,,,,,,,,
2018-03-26,1010.6,1013.1,2018-03-26T08:35:00,1007.7,2018-03-26T15:01:00,22.6,28.7,2018-03-26T13:42:00,17.6,2018-03-26T05:57:00,71,39.0,2018-03-26T14:15:00,1.1,189,7.3,193.0,2018-03-26T16:23:00,0.0,,,,,,,,,,,,,,,,,,,,,,100.0,2018-03-26T04:11:00,,,,,,,,,,,,,,,,,,,,,,,,,,,,,,,,,,,,,,,,,,,,,,,,,,,,,,,,,,,,,,,,,,,,,,,,,,
2018-03-27,1008.1,1010.1,2018-03-27T07:33:00,1005.7,2018-03-27T14:24:00,23.7,30.2,2018-03-27T12:51:00,19.6,2018-03-27T06:12:00,67,41.0,2018-03-27T12:51:00,1.4,187,7.2,188.0,2018-03-27T15:14:00,0.0,,,,,,,,,,,,,,,,,,,,,,87.0,2018-03-27T23:11:00,,,,,,,,,,,,,,,,,,,,,,,,,,,,,,,,,,,,,,,,,,,,,,,,,,,,,,,,,,,,,,,,,,,,,,,,,,
2018-03-28,1006.9,1008.2,2018-03-28T00:01:00,1004.7,2018-03-28T14:31:00,24.0,30.0,2018-03-28T13:51:00,19.4,2018-03-28T03:44:00,72,36.0,2018-03-28T12:18:00,1.3,195,7.1,195.0,2018-03-28T15:28:00,0.0,,,,,,,,,,,,,,,,,,,,,,98.0,2018-03-28T03:44:00,,,,,,,,,,,,,,,,,,,,,,,,,,,,,,,,,,,,,,,,,,,,,,,,,,,,,,,,,,,,,,,,,,,,,,,,,,
2018-03-29,1006.7,1008.1,2018-03-29T09:15:00,1004.9,2018-03-29T15:01:00,24.4,29.9,2018-03-29T14:09:00,20.1,2018-03-29T06:40:00,74,34.0,2018-03-29T11:31:00,0.9,297,5.9,282.0,2018-03-29T15:13:00,0.0,,,,,,,,,,,,,,,,,,,,,,100.0,2018-03-29T04:45:00,,,,,,,,,,,,,,,,,,,,,,,,,,,,,,,,,,,,,,,,,,,,,,,,,,,,,,,,,,,,,,,,,,,,,,,,,,
2018-03-30,1007.2,1008.9,2018-03-30T09:42:00,1005.3,2018-03-30T14:52:00,23.3,30.3,2018-03-30T13:17:00,19.1,2018-03-30T06:31:00,82,44.0,2018-03-30T12:31:00,0.7,6,6.0,245.0,2018-03-30T14:15:00,0.0,,,,,,,,,,,,,,,,,,,,,,100.0,2018-03-30T02:58:00,,,,,,,,,,,,,,,,,,,,,,,,,,,,,,,,,,,,,,,,,,,,,,,,,,,,,,,,,,,,,,,,,,,,,,,,,,
2018-03-31,1006.5,1008.4,2018-03-31T09:04:00,1004.0,2018-03-31T14:51:00,23.9,29.4,2018-03-31T12:02:00,19.4,2018-03-31T05:42:00,79,46.0,2018-03-31T12:10:00,1.0,42,6.4,199.0,2018-03-31T14:37:00,0.0,,,,,,,,,,,,,,,,,,,,,,100.0,2018-03-31T02:39:00,,,,,,,,,,,,,,,,,,,,,,,,,,,,,,,,,,,,,,,,,,,,,,,,,,,,,,,,,,,,,,,,,,,,,,,,,,
2018-04-01,1006.5,1008.3,2018-04-01T09:43:00,1004.4,2018-04-01T15:41:00,24.0,28.9,2018-04-01T14:42:00,20.2,2018-04-01T05:41:00,71,48.0,2018-04-01T15:04:00,1.4,26,6.1,184.0,2018-04-01T16:37:00,0.0,,,,,,,,,,,,,,,,,,,,,,100.0,2018-04-01T00:14:00,,,,,,,,,,,,,,,,,,,,,,,,,,,,,,,,,,,,,,,,,,,,,,,,,,,,,,,,,,,,,,,,,,,,,,,,,,
2018-04-02,1006.7,1008.0,2018-04-02T08:32:00,1004.7,2018-04-02T03:42:00,24.8,30.1,2018-04-02T11:21:00,20.1,2018-04-02T05:01:00,71,40.0,2018-04-02T11:42:00,0.9,34,5.0,261.0,2018-04-02T15:50:00,0.0,,,,,,,,,,,,,,,,,,,,,,100.0,2018-04-02T03:42:00,,,,,,,,,,,,,,,,,,,,,,,,,,,,,,,,,,,,,,,,,,,,,,,,,,,,,,,,,,,,,,,,,,,,,,,,,,
2018-04-03,1007.1,1008.7,2018-04-03T08:51:00,1005.4,2018-04-03T14:51:00,25.4,31.0,2018-04-03T13:04:00,21.0,2018-04-03T05:11:00,72,41.0,2018-04-03T11:41:00,1.1,280,7.1,279.0,2018-04-03T14:30:00,0.0,,,,,,,,,,,,,,,,,,,,,,99.0,2018-04-03T04:24:00,,,,,,,,,,,,,,,,,,,,,,,,,,,,,,,,,,,,,,,,,,,,,,,,,,,,,,,,,,,,,,,,,,,,,,,,,,
2018-04-04,1006.2,1007.7,2018-04-04T08:02:00,1004.4,2018-04-04T15:31:00,25.4,30.5,2018-04-04T13:42:00,21.9,2018-04-04T05:17:00,78,48.0,2018-04-04T12:34:00,0.9,41,5.6,187.0,2018-04-04T13:39:00,0.0,,,,,,,,,,,,,,,,,,,,,,100.0,2018-04-04T02:23:00,,,,,,,,,,,,,,,,,,,,,,,,,,,,,,,,,,,,,,,,,,,,,,,,,,,,,,,,,,,,,,,,,,,,,,,,,,
2018-04-05,1005.3,1007.0,2018-04-05T09:12:00,1003.3,2018-04-05T15:41:00,25.8,30.6,2018-04-05T12:22:00,21.9,2018-04-05T02:31:00,78,49.0,2018-04-05T12:22:00,1.1,30,6.7,292.0,2018-04-05T13:46:00,0.0,,,,,,,,,,,,,,,,,,,,,,100.0,2018-04-05T01:41:00,,,,,,,,,,,,,,,,,,,,,,,,,,,,,,,,,,,,,,,,,,,,,,,,,,,,,,,,,,,,,,,,,,,,,,,,,,
2018-04-06,1006.4,1010.7,2018-04-06T23:46:00,1003.7,2018-04-06T02:25:00,24.3,31.0,2018-04-06T12:41:00,18.7,2018-04-06T23:31:00,86,49.0,2018-04-06T11:11:00,1.7,301,8.3,296.0,2018-04-06T13:15:00,10.0,,,,,,,,,,,,,,,,,,,,,,100.0,2018-04-06T01:38:00,,,,,,,,,,,,,,,,,,,,,,,,,,,,,,,,,,,,,,,,,,,,,,,,,,,,,,,,,,,,,,,,,,,,,,,,,,
2018-04-07,1013.3,1015.5,2018-04-07T09:21:00,1010.7,2018-04-07T00:01:00,18.4,21.4,2018-04-07T15:51:00,16.1,2018-04-07T05:39:00,78,65.0,2018-04-07T16:42:00,1.1,5,5.0,350.0,2018-04-07T17:25:00,0.0,,,,,,,,,,,,,,,,,,,,,,94.0,2018-04-07T03:14:00,,,,,,,,,,,,,,,,,,,,,,,,,,,,,,,,,,,,,,,,,,,,,,,,,,,,,,,,,,,,,,,,,,,,,,,,,,
2018-04-08,1012.6,1014.5,2018-04-08T00:09:00,1010.3,2018-04-08T15:27:00,21.2,28.1,2018-04-08T14:31:00,16.6,2018-04-08T05:56:00,70,38.0,2018-04-08T14:34:00,1.2,2,6.9,298.0,2018-04-08T15:10:00,0.0,,,,,,,,,,,,,,,,,,,,,,100.0,2018-04-08T05:56:00,,,,,,,,,,,,,,,,,,,,,,,,,,,,,,,,,,,,,,,,,,,,,,,,,,,,,,,,,,,,,,,,,,,,,,,,,,
2018-04-09,1011.1,1013.4,2018-04-09T08:31:00,1008.7,2018-04-09T15:12:00,22.3,29.0,2018-04-09T13:23:00,16.9,2018-04-09T05:44:00,66,32.0,2018-04-09T13:22:00,1.4,296,5.9,301.0,2018-04-09T14:54:00,0.0,,,,,,,,,,,,,,,,,,,,,,100.0,2018-04-09T04:21:00,,,,,,,,,,,,,,,,,,,,,,,,,,,,,,,,,,,,,,,,,,,,,,,,,,,,,,,,,,,,,,,,,,,,,,,,,,
2018-04-10,1008.4,1010.7,2018-04-10T07:52:00,1005.9,2018-04-10T15:21:00,24.0,30.6,2018-04-10T13:02:00,16.6,2018-04-10T05:56:00,70,35.0,2018-04-10T09:44:00,1.2,62,4.9,188.0,2018-04-10T14:00:00,0.0,,,,,,,,,,,,,,,,,,,,,,99.0,2018-04-10T05:32:00,,,,,,,,,,,,,,,,,,,,,,,,,,,,,,,,,,,,,,,,,,,,,,,,,,,,,,,,,,,,,,,,,,,,,,,,,,
2018-04-11,1005.5,1007.8,2018-04-11T08:53:00,1002.9,2018-04-11T16:12:00,27.1,33.6,2018-04-11T12:21:00,22.1,2018-04-11T05:57:00,76,44.0,2018-04-11T12:21:00,1.3,199,6.8,186.0,2018-04-11T15:23:00,0.0,,,,,,,,,,,,,,,,,,,,,,100.0,2018-04-11T21:34:00,,,,,,,,,,,,,,,,,,,,,,,,,,,,,,,,,,,,,,,,,,,,,,,,,,,,,,,,,,,,,,,,,,,,,,,,,,
2018-04-12,1005.1,1006.8,2018-04-12T21:34:00,1001.7,2018-04-12T16:11:00,28.3,37.4,2018-04-12T13:05:00,24.9,2018-04-12T01:01:00,80,41.0,2018-04-12T13:05:00,1.1,194,50.9,256.0,2018-04-12T13:33:00,0.0,,,,,,,,,,,,,,,,,,,,,,100.0,2018-04-12T00:01:00,,,,,,,,,,,,,,,,,,,,,,,,,,,,,,,,,,,,,,,,,,,,,,,,,,,,,,,,,,,,,,,,,,,,,,,,,,
2018-04-13,1005.7,1007.4,2018-04-13T08:52:00,1003.5,2018-04-13T15:25:00,28.2,32.9,2018-04-13T12:11:00,23.7,2018-04-13T05:55:00,81,53.0,2018-04-13T11:41:00,1.4,51,6.6,176.0,2018-04-13T14:19:00,0.0,,,,,,,,,,,,,,,,,,,,,,100.0,2018-04-13T00:02:00,,,,,,,,,,,,,,,,,,,,,,,,,,,,,,,,,,,,,,,,,,,,,,,,,,,,,,,,,,,,,,,,,,,,,,,,,,
2018-04-14,1004.7,1006.7,2018-04-14T09:42:00,1002.6,2018-04-14T16:14:00,28.0,32.9,2018-04-14T12:21:00,24.3,2018-04-14T06:11:00,82,55.0,2018-04-14T13:31:00,1.4,204,6.6,199.0,2018-04-14T12:54:00,0.0,,,,,,,,,,,,,,,,,,,,,,100.0,2018-04-14T00:42:00,,,,,,,,,,,,,,,,,,,,,,,,,,,,,,,,,,,,,,,,,,,,,,,,,,,,,,,,,,,,,,,,,,,,,,,,,,
2018-04-15,1004.6,1007.4,2018-04-15T21:54:00,1002.4,2018-04-15T02:27:00,26.8,32.9,2018-04-15T11:43:00,22.5,2018-04-15T21:45:00,82,53.0,2018-04-15T11:45:00,1.9,199,8.1,199.0,2018-04-15T12:40:00,0.0,,,,,,,,,,,,,,,,,,,,,,100.0,2018-04-15T00:01:00,,,,,,,,,,,,,,,,,,,,,,,,,,,,,,,,,,,,,,,,,,,,,,,,,,,,,,,,,,,,,,,,,,,,,,,,,,
2018-04-16,1007.2,1009.1,2018-04-16T22:31:00,1005.3,2018-04-16T14:02:00,25.4,30.4,2018-04-16T13:04:00,21.7,2018-04-16T06:21:00,76,52.0,2018-04-16T13:41:00,1.0,196,5.8,241.0,2018-04-16T14:18:00,0.0,,,,,,,,,,,,,,,,,,,,,,96.0,2018-04-16T06:21:00,,,,,,,,,,,,,,,,,,,,,,,,,,,,,,,,,,,,,,,,,,,,,,,,,,,,,,,,,,,,,,,,,,,,,,,,,,
2018-04-17,1008.2,1010.0,2018-04-17T09:17:00,1005.6,2018-04-17T16:03:00,24.7,31.0,2018-04-17T15:01:00,21.2,2018-04-17T01:42:00,73,47.0,2018-04-17T15:01:00,1.6,6,6.7,294.0,2018-04-17T14:19:00,0.0,,,,,,,,,,,,,,,,,,,,,,91.0,2018-04-17T01:22:00,,,,,,,,,,,,,,,,,,,,,,,,,,,,,,,,,,,,,,,,,,,,,,,,,,,,,,,,,,,,,,,,,,,,,,,,,,
2018-04-18,1007.8,1009.6,2018-04-18T08:54:00,1005.8,2018-04-18T14:03:00,24.6,30.6,2018-04-18T13:34:00,20.2,2018-04-18T05:33:00,75,46.0,2018-04-18T13:52:00,1.2,181,6.3,199.0,2018-04-18T15:07:00,0.0,,,,,,,,,,,,,,,,,,,,,,98.0,2018-04-18T06:02:00,,,,,,,,,,,,,,,,,,,,,,,,,,,,,,,,,,,,,,,,,,,,,,,,,,,,,,,,,,,,,,,,,,,,,,,,,,
2018-04-19,1007.3,1008.7,2018-04-19T07:45:00,1005.4,2018-04-19T14:21:00,26.0,32.0,2018-04-19T13:31:00,21.8,2018-04-19T05:21:00,72,42.0,2018-04-19T12:32:00,1.1,292,6.6,304.0,2018-04-19T14:16:00,0.0,,,,,,,,,,,,,,,,,,,,,,96.0,2018-04-19T06:24:00,,,,,,,,,,,,,,,,,,,,,,,,,,,,,,,,,,,,,,,,,,,,,,,,,,,,,,,,,,,,,,,,,,,,,,,,,,
2018-04-20,1007.2,1008.5,2018-04-20T08:23:00,1005.2,2018-04-20T16:56:00,26.2,31.7,2018-04-20T12:01:00,22.0,2018-04-20T05:41:00,76,40.0,2018-04-20T12:25:00,1.3,198,5.8,181.0,2018-04-20T18:07:00,0.0,,,,,,,,,,,,,,,,,,,,,,100.0,2018-04-20T02:53:00,,,,,,,,,,,,,,,,,,,,,,,,,,,,,,,,,,,,,,,,,,,,,,,,,,,,,,,,,,,,,,,,,,,,,,,,,,
2018-04-21,1006.3,1008.0,2018-04-21T07:52:00,1004.3,2018-04-21T16:46:00,27.2,33.0,2018-04-21T13:21:00,22.9,2018-04-21T04:44:00,70,42.0,2018-04-21T13:03:00,0.9,213,6.1,215.0,2018-04-21T13:50:00,0.0,,,,,,,,,,,,,,,,,,,,,,99.0,2018-04-21T05:41:00,,,,,,,,,,,,,,,,,,,,,,,,,,,,,,,,,,,,,,,,,,,,,,,,,,,,,,,,,,,,,,,,,,,,,,,,,,
2018-04-22,1004.6,1006.8,2018-04-22T07:53:00,1002.1,2018-04-22T16:11:00,28.0,33.6,2018-04-22T12:13:00,23.3,2018-04-22T04:21:00,75,46.0,2018-04-22T12:13:00,1.4,4,6.9,239.0,2018-04-22T13:43:00,0.0,,,,,,,,,,,,,,,,,,,,,,99.0,2018-04-22T05:45:00,,,,,,,,,,,,,,,,,,,,,,,,,,,,,,,,,,,,,,,,,,,,,,,,,,,,,,,,,,,,,,,,,,,,,,,,,,
2018-04-23,1002.6,1003.9,2018-04-23T06:51:00,1000.0,2018-04-23T15:41:00,28.2,34.2,2018-04-23T11:29:00,23.9,2018-04-23T04:59:00,83,50.0,2018-04-23T11:24:00,1.4,16,8.6,184.0,2018-04-23T16:39:00,0.0,,,,,,,,,,,,,,,,,,,,,,100.0,2018-04-23T04:01:00,,,,,,,,,,,,,,,,,,,,,,,,,,,,,,,,,,,,,,,,,,,,,,,,,,,,,,,,,,,,,,,,,,,,,,,,,,
2018-04-24,1002.6,1004.1,2018-04-24T22:04:00,1000.6,2018-04-24T15:01:00,27.5,30.6,2018-04-24T09:32:00,25.5,2018-04-24T05:42:00,78,60.0,2018-04-24T11:02:00,1.0,291,5.7,310.0,2018-04-24T15:52:00,0.0,,,,,,,,,,,,,,,,,,,,,,100.0,2018-04-24T00:01:00,,,,,,,,,,,,,,,,,,,,,,,,,,,,,,,,,,,,,,,,,,,,,,,,,,,,,,,,,,,,,,,,,,,,,,,,,,
2018-04-25,1004.3,1006.2,2018-04-25T22:11:00,1002.7,2018-04-25T02:53:00,25.8,29.3,2018-04-25T13:21:00,23.6,2018-04-25T19:31:00,92,66.0,2018-04-25T13:11:00,0.9,190,5.0,349.0,2018-04-25T14:47:00,1.0,,,,,,,,,,,,,,,,,,,,,,100.0,2018-04-25T03:06:00,,,,,,,,,,,,,,,,,,,,,,,,,,,,,,,,,,,,,,,,,,,,,,,,,,,,,,,,,,,,,,,,,,,,,,,,,,
2018-04-26,1006.3,1008.4,2018-04-26T22:01:00,1004.1,2018-04-26T03:21:00,24.8,27.7,2018-04-26T14:34:00,23.4,2018-04-26T10:53:00,98,82.0,2018-04-26T14:31:00,0.4,184,3.4,179.0,2018-04-26T10:14:00,14.5,,,,,,,,,,,,,,,,,,,,,,100.0,2018-04-26T00:01:00,,,,,,,,,,,,,,,,,,,,,,,,,,,,,,,,,,,,,,,,,,,,,,,,,,,,,,,,,,,,,,,,,,,,,,,,,,
2018-04-27,1007.9,1009.6,2018-04-27T21:31:00,1006.2,2018-04-27T15:14:00,25.8,31.6,2018-04-27T12:24:00,23.0,2018-04-27T03:24:00,87,49.0,2018-04-27T12:41:00,1.0,18,5.9,297.0,2018-04-27T13:57:00,0.0,,,,,,,,,,,,,,,,,,,,,,100.0,2018-04-27T00:01:00,,,,,,,,,,,,,,,,,,,,,,,,,,,,,,,,,,,,,,,,,,,,,,,,,,,,,,,,,,,,,,,,,,,,,,,,,,
2018-04-28,1007.8,1009.3,2018-04-28T08:11:00,1005.5,2018-04-28T15:11:00,26.6,29.7,2018-04-28T14:01:00,23.7,2018-04-28T03:31:00,83,59.0,2018-04-28T09:51:00,0.6,78,4.1,181.0,2018-04-28T15:20:00,0.0,,,,,,,,,,,,,,,,,,,,,,100.0,2018-04-28T02:31:00,,,,,,,,,,,,,,,,,,,,,,,,,,,,,,,,,,,,,,,,,,,,,,,,,,,,,,,,,,,,,,,,,,,,,,,,,,
2018-04-29,1006.6,1008.2,2018-04-29T07:06:00,1004.1,2018-04-29T15:12:00,27.1,32.2,2018-04-29T13:24:00,24.4,2018-04-29T04:52:00,82,52.0,2018-04-29T13:25:00,0.8,7,4.8,207.0,2018-04-29T13:52:00,0.0,,,,,,,,,,,,,,,,,,,,,,99.0,2018-04-29T06:31:00,,,,,,,,,,,,,,,,,,,,,,,,,,,,,,,,,,,,,,,,,,,,,,,,,,,,,,,,,,,,,,,,,,,,,,,,,,
2018-04-30,1006.6,1008.0,2018-04-30T09:08:00,1005.0,2018-04-30T16:03:00,27.9,33.3,2018-04-30T11:52:00,24.0,2018-04-30T05:31:00,80,47.0,2018-04-30T11:52:00,1.0,65,5.8,213.0,2018-04-30T13:08:00,0.0,,,,,,,,,,,,,,,,,,,,,,100.0,2018-04-30T02:51:00,,,,,,,,,,,,,,,,,,,,,,,,,,,,,,,,,,,,,,,,,,,,,,,,,,,,,,,,,,,,,,,,,,,,,,,,,,
2018-05-01,1006.2,1007.7,2018-05-01T08:31:00,1004.8,2018-05-01T15:43:00,27.7,34.2,2018-05-01T12:13:00,23.7,2018-05-01T05:44:00,84,48.0,2018-05-01T11:41:00,1.3,197,7.3,199.0,2018-05-01T13:00:00,0.0,,,,,,,,,,,,,,,,,,,,,,100.0,2018-05-01T00:31:00,,,,,,,,,,,,,,,,,,,,,,,,,,,,,,,,,,,,,,,,,,,,,,,,,,,,,,,,,,,,,,,,,,,,,,,,,,
2018-05-02,1005.5,1007.9,2018-05-02T08:28:00,1003.3,2018-05-02T15:43:00,28.8,34.5,2018-05-02T14:21:00,23.8,2018-05-02T03:41:00,73,47.0,2018-05-02T11:22:00,1.1,50,5.3,224.0,2018-05-02T12:55:00,0.0,,,,,,,,,,,,,,,,,,,,,,100.0,2018-05-02T00:01:00,,,,,,,,,,,,,,,,,,,,,,,,,,,,,,,,,,,,,,,,,,,,,,,,,,,,,,,,,,,,,,,,,,,,,,,,,,
2018-05-03,1007.1,1009.2,2018-05-03T22:11:00,1005.0,2018-05-03T14:31:00,28.0,34.0,2018-05-03T12:42:00,25.0,2018-05-03T02:21:00,73,49.0,2018-05-03T12:29:00,1.3,9,7.6,194.0,2018-05-03T14:38:00,0.0,,,,,,,,,,,,,,,,,,,,,,100.0,2018-05-03T00:57:00,,,,,,,,,,,,,,,,,,,,,,,,,,,,,,,,,,,,,,,,,,,,,,,,,,,,,,,,,,,,,,,,,,,,,,,,,,
2018-05-04,1009.0,1011.0,2018-05-04T21:52:00,1007.4,2018-05-04T03:21:00,26.7,32.0,2018-05-04T11:15:00,24.4,2018-05-04T23:51:00,82,53.0,2018-05-04T11:41:00,0.8,63,5.0,181.0,2018-05-04T14:49:00,0.0,,,,,,,,,,,,,,,,,,,,,,96.0,2018-05-04T20:15:00,,,,,,,,,,,,,,,,,,,,,,,,,,,,,,,,,,,,,,,,,,,,,,,,,,,,,,,,,,,,,,,,,,,,,,,,,,
2018-05-05,1009.0,1011.0,2018-05-05T08:15:00,1006.8,2018-05-05T16:18:00,27.8,34.4,2018-05-05T13:23:00,22.8,2018-05-05T05:37:00,74,41.0,2018-05-05T14:01:00,1.3,63,7.7,193.0,2018-05-05T15:16:00,0.0,,,,,,,,,,,,,,,,,,,,,,100.0,2018-05-05T02:01:00,,,,,,,,,,,,,,,,,,,,,,,,,,,,,,,,,,,,,,,,,,,,,,,,,,,,,,,,,,,,,,,,,,,,,,,,,,
2018-05-06,1005.8,1008.5,2018-05-06T00:08:00,1003.3,2018-05-06T16:13:00,28.3,33.6,2018-05-06T11:52:00,24.1,2018-05-06T04:55:00,77,46.0,2018-05-06T10:32:00,1.4,202,8.4,203.0,2018-05-06T14:30:00,0.0,,,,,,,,,,,,,,,,,,,,,,99.0,2018-05-06T23:01:00,,,,,,,,,,,,,,,,,,,,,,,,,,,,,,,,,,,,,,,,,,,,,,,,,,,,,,,,,,,,,,,,,,,,,,,,,,
2018-05-07,1003.0,1005.0,2018-05-07T08:24:00,1000.9,2018-05-07T15:51:00,29.5,34.4,2018-05-07T14:33:00,24.8,2018-05-07T04:36:00,70,44.0,2018-05-07T14:22:00,0.8,59,5.1,291.0,2018-05-07T14:12:00,0.0,,,,,,,,,,,,,,,,,,,,,,99.0,2018-05-07T01:33:00,,,,,,,,,,,,,,,,,,,,,,,,,,,,,,,,,,,,,,,,,,,,,,,,,,,,,,,,,,,,,,,,,,,,,,,,,,
2018-05-08,1002.9,1005.4,2018-05-08T22:49:00,1000.6,2018-05-08T03:21:00,26.7,31.2,2018-05-08T13:37:00,23.7,2018-05-08T06:42:00,91,61.0,2018-05-08T13:41:00,0.8,193,8.5,340.0,2018-05-08T05:49:00,38.0,,,,,,,,,,,,,,,,,,,,,,100.0,2018-05-08T05:34:00,,,,,,,,,,,,,,,,,,,,,,,,,,,,,,,,,,,,,,,,,,,,,,,,,,,,,,,,,,,,,,,,,,,,,,,,,,
2018-05-09,1006.7,1009.4,2018-05-09T22:18:00,1003.5,2018-05-09T02:41:00,25.1,30.4,2018-05-09T12:57:00,20.9,2018-05-09T05:16:00,96,58.0,2018-05-09T13:01:00,1.0,3,18.0,332.0,2018-05-09T05:21:00,52.5,,,,,,,,,,,,,,,,,,,,,,100.0,2018-05-09T00:01:00,,,,,,,,,,,,,,,,,,,,,,,,,,,,,,,,,,,,,,,,,,,,,,,,,,,,,,,,,,,,,,,,,,,,,,,,,,
2018-05-10,1008.2,1009.4,2018-05-10T08:43:00,1007.1,2018-05-10T15:49:00,24.7,28.6,2018-05-10T10:19:00,23.4,2018-05-10T15:49:00,99,75.0,2018-05-10T10:05:00,0.8,181,4.6,183.0,2018-05-10T12:08:00,2.0,,,,,,,,,,,,,,,,,,,,,,100.0,2018-05-10T00:01:00,,,,,,,,,,,,,,,,,,,,,,,,,,,,,,,,,,,,,,,,,,,,,,,,,,,,,,,,,,,,,,,,,,,,,,,,,,
2018-05-11,1007.1,1009.1,2018-05-11T08:24:00,1005.4,2018-05-11T16:41:00,25.9,29.5,2018-05-11T11:11:00,23.6,2018-05-11T03:41:00,91,56.0,2018-05-11T14:32:00,0.7,5,6.1,194.0,2018-05-11T12:47:00,0.0,,,,,,,,,,,,,,,,,,,,,,100.0,2018-05-11T00:01:00,,,,,,,,,,,,,,,,,,,,,,,,,,,,,,,,,,,,,,,,,,,,,,,,,,,,,,,,,,,,,,,,,,,,,,,,,,
2018-05-12,1005.4,1006.9,2018-05-12T09:41:00,1003.0,2018-05-12T16:23:00,26.9,31.8,2018-05-12T14:33:00,23.6,2018-05-12T02:50:00,83,58.0,2018-05-12T12:41:00,0.8,43,5.8,315.0,2018-05-12T13:59:00,0.0,,,,,,,,,,,,,,,,,,,,,,100.0,2018-05-12T00:09:00,,,,,,,,,,,,,,,,,,,,,,,,,,,,,,,,,,,,,,,,,,,,,,,,,,,,,,,,,,,,,,,,,,,,,,,,,,
2018-05-13,1004.6,1005.9,2018-05-13T08:32:00,1002.7,2018-05-13T16:18:00,28.1,32.8,2018-05-13T14:21:00,24.6,2018-05-13T05:37:00,80,56.0,2018-05-13T14:21:00,1.0,296,6.0,308.0,2018-05-13T16:18:00,0.0,,,,,,,,,,,,,,,,,,,,,,100.0,2018-05-13T04:01:00,,,,,,,,,,,,,,,,,,,,,,,,,,,,,,,,,,,,,,,,,,,,,,,,,,,,,,,,,,,,,,,,,,,,,,,,,,
2018-05-14,1004.2,1006.1,2018-05-14T08:17:00,1001.9,2018-05-14T15:43:00,28.3,33.3,2018-05-14T14:07:00,23.4,2018-05-14T05:25:00,79,49.0,2018-05-14T14:52:00,1.3,16,5.4,197.0,2018-05-14T17:01:00,0.0,,,,,,,,,,,,,,,,,,,,,,100.0,2018-05-14T00:41:00,,,,,,,,,,,,,,,,,,,,,,,,,,,,,,,,,,,,,,,,,,,,,,,,,,,,,,,,,,,,,,,,,,,,,,,,,,
2018-05-15,1003.5,1005.0,2018-05-15T09:12:00,1002.2,2018-05-15T15:31:00,28.9,33.8,2018-05-15T12:01:00,24.5,2018-05-15T05:07:00,81,50.0,2018-05-15T14:25:00,1.2,10,6.8,196.0,2018-05-15T14:06:00,0.0,,,,,,,,,,,,,,,,,,,,,,100.0,2018-05-15T00:01:00,,,,,,,,,,,,,,,,,,,,,,,,,,,,,,,,,,,,,,,,,,,,,,,,,,,,,,,,,,,,,,,,,,,,,,,,,,
2018-05-16,1002.7,1004.0,2018-05-16T10:46:00,1001.2,2018-05-16T16:37:00,29.5,34.0,2018-05-16T10:32:00,25.2,2018-05-16T05:34:00,82,52.0,2018-05-16T10:32:00,1.4,3,7.7,208.0,2018-05-16T14:07:00,0.0,,,,,,,,,,,,,,,,,,,,,,100.0,2018-05-16T00:36:00,,,,,,,,,,,,,,,,,,,,,,,,,,,,,,,,,,,,,,,,,,,,,,,,,,,,,,,,,,,,,,,,,,,,,,,,,,
2018-05-17,1002.0,1003.9,2018-05-17T08:42:00,1000.3,2018-05-17T16:06:00,30.1,35.3,2018-05-17T13:53:00,26.1,2018-05-17T02:42:00,76,51.0,2018-05-17T14:44:00,1.0,292,5.6,301.0,2018-05-17T14:34:00,0.0,,,,,,,,,,,,,,,,,,,,,,100.0,2018-05-17T00:51:00,,,,,,,,,,,,,,,,,,,,,,,,,,,,,,,,,,,,,,,,,,,,,,,,,,,,,,,,,,,,,,,,,,,,,,,,,,
2018-05-18,1001.4,1003.1,2018-05-18T08:21:00,999.7,2018-05-18T15:56:00,29.6,34.8,2018-05-18T13:53:00,25.7,2018-05-18T05:11:00,76,51.0,2018-05-18T13:53:00,0.9,12,5.7,278.0,2018-05-18T14:20:00,0.0,,,,,,,,,,,,,,,,,,,,,,100.0,2018-05-18T00:32:00,,,,,,,,,,,,,,,,,,,,,,,,,,,,,,,,,,,,,,,,,,,,,,,,,,,,,,,,,,,,,,,,,,,,,,,,,,
2018-05-19,1001.7,1003.2,2018-05-19T09:53:00,999.8,2018-05-19T15:51:00,29.3,34.1,2018-05-19T15:03:00,25.0,2018-05-19T04:41:00,76,52.0,2018-05-19T15:03:00,0.9,182,5.1,322.0,2018-05-19T12:51:00,0.0,,,,,,,,,,,,,,,,,,,,,,100.0,2018-05-19T03:21:00,,,,,,,,,,,,,,,,,,,,,,,,,,,,,,,,,,,,,,,,,,,,,,,,,,,,,,,,,,,,,,,,,,,,,,,,,,
2018-05-20,1002.3,1004.0,2018-05-20T08:21:00,1000.6,2018-05-20T03:31:00,29.5,34.4,2018-05-20T12:22:00,25.7,2018-05-20T05:22:00,76,52.0,2018-05-20T13:12:00,1.1,19,7.5,303.0,2018-05-20T13:28:00,0.0,,,,,,,,,,,,,,,,,,,,,,93.0,2018-05-20T02:41:00,,,,,,,,,,,,,,,,,,,,,,,,,,,,,,,,,,,,,,,,,,,,,,,,,,,,,,,,,,,,,,,,,,,,,,,,,,
2018-05-21,1003.2,1004.5,2018-05-21T09:01:00,1001.5,2018-05-21T14:41:00,29.2,34.7,2018-05-21T14:03:00,26.5,2018-05-21T05:01:00,78,54.0,2018-05-21T12:51:00,1.1,16,6.9,316.0,2018-05-21T14:10:00,0.0,,,,,,,,,,,,,,,,,,,,,,98.0,2018-05-21T03:34:00,,,,,,,,,,,,,,,,,,,,,,,,,,,,,,,,,,,,,,,,,,,,,,,,,,,,,,,,,,,,,,,,,,,,,,,,,,
2018-05-22,1003.6,1005.5,2018-05-22T08:31:00,1001.3,2018-05-22T16:42:00,29.8,35.1,2018-05-22T13:04:00,25.8,2018-05-22T02:11:00,72,49.0,2018-05-22T14:25:00,1.1,20,6.5,323.0,2018-05-22T14:51:00,0.0,,,,,,,,,,,,,,,,,,,,,,93.0,2018-05-22T23:31:00,,,,,,,,,,,,,,,,,,,,,,,,,,,,,,,,,,,,,,,,,,,,,,,,,,,,,,,,,,,,,,,,,,,,,,,,,,
2018-05-23,1003.2,1004.3,2018-05-23T08:33:00,1001.3,2018-05-23T14:14:00,29.8,35.4,2018-05-23T13:22:00,25.6,2018-05-23T04:14:00,72,44.0,2018-05-23T13:22:00,1.2,331,5.7,318.0,2018-05-23T13:49:00,0.0,,,,,,,,,,,,,,,,,,,,,,97.0,2018-05-23T05:52:00,,,,,,,,,,,,,,,,,,,,,,,,,,,,,,,,,,,,,,,,,,,,,,,,,,,,,,,,,,,,,,,,,,,,,,,,,,
2018-05-24,1003.1,1004.9,2018-05-24T09:01:00,1001.6,2018-05-24T15:52:00,29.5,34.5,2018-05-24T13:04:00,26.1,2018-05-24T19:59:00,79,50.0,2018-05-24T14:25:00,1.1,9,6.4,168.0,2018-05-24T14:46:00,12.0,,,,,,,,,,,,,,,,,,,,,,100.0,2018-05-24T19:42:00,,,,,,,,,,,,,,,,,,,,,,,,,,,,,,,,,,,,,,,,,,,,,,,,,,,,,,,,,,,,,,,,,,,,,,,,,,
2018-05-25,1002.0,1004.1,2018-05-25T07:16:00,999.5,2018-05-25T16:02:00,29.7,34.4,2018-05-25T11:34:00,25.6,2018-05-25T02:29:00,78,48.0,2018-05-25T11:01:00,1.2,197,6.9,224.0,2018-05-25T11:48:00,0.0,,,,,,,,,,,,,,,,,,,,,,100.0,2018-05-25T00:01:00,,,,,,,,,,,,,,,,,,,,,,,,,,,,,,,,,,,,,,,,,,,,,,,,,,,,,,,,,,,,,,,,,,,,,,,,,,
2018-05-26,1002.0,1003.7,2018-05-26T08:21:00,999.9,2018-05-26T16:22:00,29.8,34.4,2018-05-26T14:41:00,25.6,2018-05-26T05:41:00,74,44.0,2018-05-26T15:11:00,1.5,282,7.6,324.0,2018-05-26T17:10:00,0.0,,,,,,,,,,,,,,,,,,,,,,100.0,2018-05-26T01:57:00,,,,,,,,,,,,,,,,,,,,,,,,,,,,,,,,,,,,,,,,,,,,,,,,,,,,,,,,,,,,,,,,,,,,,,,,,,
2018-05-27,1002.6,1004.3,2018-05-27T08:29:00,1000.2,2018-05-27T16:29:00,30.0,35.6,2018-05-27T12:42:00,25.1,2018-05-27T05:11:00,76,48.0,2018-05-27T14:17:00,1.4,278,7.3,326.0,2018-05-27T13:36:00,0.0,,,,,,,,,,,,,,,,,,,,,,100.0,2018-05-27T01:10:00,,,,,,,,,,,,,,,,,,,,,,,,,,,,,,,,,,,,,,,,,,,,,,,,,,,,,,,,,,,,,,,,,,,,,,,,,,
2018-05-28,1002.6,1004.1,2018-05-28T22:31:00,1000.6,2018-05-28T16:41:00,30.3,36.1,2018-05-28T15:01:00,26.0,2018-05-28T05:13:00,77,46.0,2018-05-28T15:21:00,0.9,217,5.1,310.0,2018-05-28T14:08:00,0.0,,,,,,,,,,,,,,,,,,,,,,100.0,2018-05-28T00:51:00,,,,,,,,,,,,,,,,,,,,,,,,,,,,,,,,,,,,,,,,,,,,,,,,,,,,,,,,,,,,,,,,,,,,,,,,,,
2018-05-29,1003.6,1005.5,2018-05-29T22:32:00,1001.4,2018-05-29T15:52:00,30.7,35.4,2018-05-29T12:23:00,26.9,2018-05-29T05:31:00,77,50.0,2018-05-29T11:03:00,1.2,186,5.6,181.0,2018-05-29T14:59:00,0.0,,,,,,,,,,,,,,,,,,,,,,99.0,2018-05-29T23:35:00,,,,,,,,,,,,,,,,,,,,,,,,,,,,,,,,,,,,,,,,,,,,,,,,,,,,,,,,,,,,,,,,,,,,,,,,,,
2018-05-30,1004.0,1005.4,2018-05-30T22:01:00,1001.8,2018-05-30T15:57:00,30.4,34.9,2018-05-30T11:22:00,27.0,2018-05-30T04:11:00,79,51.0,2018-05-30T11:22:00,1.3,202,7.0,210.0,2018-05-30T14:23:00,0.0,,,,,,,,,,,,,,,,,,,,,,100.0,2018-05-30T00:37:00,,,,,,,,,,,,,,,,,,,,,,,,,,,,,,,,,,,,,,,,,,,,,,,,,,,,,,,,,,,,,,,,,,,,,,,,,,
2018-05-31,1003.3,1005.2,2018-05-31T00:01:00,1001.4,2018-05-31T16:22:00,31.0,36.6,2018-05-31T12:12:00,26.3,2018-05-31T05:01:00,67,37.0,2018-05-31T12:12:00,0.9,74,7.0,204.0,2018-05-31T13:40:00,0.0,,,,,,,,,,,,,,,,,,,,,,99.0,2018-05-31T03:01:00,,,,,,,,,,,,,,,,,,,,,,,,,,,,,,,,,,,,,,,,,,,,,,,,,,,,,,,,,,,,,,,,,,,,,,,,,,
2018-06-01,1003.0,1004.7,2018-06-01T22:37:00,1001.6,2018-06-01T15:15:00,28.7,35.4,2018-06-01T12:13:00,25.1,2018-06-01T14:37:00,85,49.0,2018-06-01T11:25:00,1.0,32,5.4,315.0,2018-06-01T13:01:00,4.0,,,,,,,,,,,,,,,,,,,,,,100.0,2018-06-01T18:05:00,,,,,,,,,,,,,,,,,,,,,,,,,,,,,,,,,,,,,,,,,,,,,,,,,,,,,,,,,,,,,,,,,,,,,,,,,,
2018-06-02,1003.1,1004.3,2018-06-02T00:01:00,1001.5,2018-06-02T14:12:00,29.0,34.1,2018-06-02T10:52:00,25.2,2018-06-02T04:51:00,82,54.0,2018-06-02T11:44:00,1.0,4,7.0,201.0,2018-06-02T11:55:00,0.0,,,,,,,,,,,,,,,,,,,,,,100.0,2018-06-02T00:01:00,,,,,,,,,,,,,,,,,,,,,,,,,,,,,,,,,,,,,,,,,,,,,,,,,,,,,,,,,,,,,,,,,,,,,,,,,,
2018-06-03,1001.7,1003.6,2018-06-03T00:01:00,999.2,2018-06-03T16:01:00,29.9,36.4,2018-06-03T12:51:00,25.3,2018-06-03T05:22:00,73,40.0,2018-06-03T12:51:00,1.2,342,5.3,201.0,2018-06-03T13:31:00,0.0,,,,,,,,,,,,,,,,,,,,,,100.0,2018-06-03T00:01:00,,,,,,,,,,,,,,,,,,,,,,,,,,,,,,,,,,,,,,,,,,,,,,,,,,,,,,,,,,,,,,,,,,,,,,,,,,
2018-06-04,1002.0,1004.1,2018-06-04T21:52:00,999.5,2018-06-04T15:03:00,29.0,36.1,2018-06-04T11:42:00,24.9,2018-06-04T17:32:00,81,46.0,2018-06-04T11:14:00,1.4,312,7.6,190.0,2018-06-04T12:25:00,4.0,,,,,,,,,,,,,,,,,,,,,,100.0,2018-06-04T17:18:00,,,,,,,,,,,,,,,,,,,,,,,,,,,,,,,,,,,,,,,,,,,,,,,,,,,,,,,,,,,,,,,,,,,,,,,,,,
2018-06-05,1002.5,1004.0,2018-06-05T21:35:00,1000.6,2018-06-05T14:31:00,30.0,36.5,2018-06-05T14:16:00,25.3,2018-06-05T03:52:00,75,42.0,2018-06-05T13:11:00,1.3,196,7.2,189.0,2018-06-05T15:03:00,0.0,,,,,,,,,,,,,,,,,,,,,,100.0,2018-06-05T00:01:00,,,,,,,,,,,,,,,,,,,,,,,,,,,,,,,,,,,,,,,,,,,,,,,,,,,,,,,,,,,,,,,,,,,,,,,,,,
2018-06-06,1001.8,1003.1,2018-06-06T00:01:00,999.4,2018-06-06T14:36:00,28.7,36.1,2018-06-06T11:42:00,24.9,2018-06-06T16:41:00,82,40.0,2018-06-06T11:21:00,1.4,2,7.1,348.0,2018-06-06T16:04:00,50.5,,,,,,,,,,,,,,,,,,,,,,100.0,2018-06-06T15:25:00,,,,,,,,,,,,,,,,,,,,,,,,,,,,,,,,,,,,,,,,,,,,,,,,,,,,,,,,,,,,,,,,,,,,,,,,,,
2018-06-07,1000.2,1001.7,2018-06-07T00:01:00,997.9,2018-06-07T15:26:00,29.5,35.3,2018-06-07T13:01:00,25.4,2018-06-07T04:23:00,82,50.0,2018-06-07T11:51:00,1.0,344,5.8,211.0,2018-06-07T14:05:00,0.0,,,,,,,,,,,,,,,,,,,,,,100.0,2018-06-07T00:01:00,,,,,,,,,,,,,,,,,,,,,,,,,,,,,,,,,,,,,,,,,,,,,,,,,,,,,,,,,,,,,,,,,,,,,,,,,,
2018-06-08,996.3,999.8,2018-06-08T00:01:00,993.7,2018-06-08T16:24:00,30.1,35.3,2018-06-08T15:12:00,25.2,2018-06-08T04:52:00,78,49.0,2018-06-08T15:12:00,1.5,347,5.6,292.0,2018-06-08T16:50:00,0.0,,,,,,,,,,,,,,,,,,,,,,100.0,2018-06-08T00:01:00,,,,,,,,,,,,,,,,,,,,,,,,,,,,,,,,,,,,,,,,,,,,,,,,,,,,,,,,,,,,,,,,,,,,,,,,,,
2018-06-09,993.9,995.2,2018-06-09T00:01:00,991.3,2018-06-09T15:42:00,30.7,35.4,2018-06-09T12:51:00,26.9,2018-06-09T05:14:00,76,46.0,2018-06-09T12:58:00,1.1,271,6.4,303.0,2018-06-09T10:53:00,0.0,,,,,,,,,,,,,,,,,,,,,,100.0,2018-06-09T00:12:00,,,,,,,,,,,,,,,,,,,,,,,,,,,,,,,,,,,,,,,,,,,,,,,,,,,,,,,,,,,,,,,,,,,,,,,,,,
2018-06-10,993.5,994.6,2018-06-10T00:11:00,991.8,2018-06-10T15:38:00,29.9,34.4,2018-06-10T11:44:00,26.5,2018-06-10T05:25:00,83,58.0,2018-06-10T09:38:00,1.3,190,6.1,203.0,2018-06-10T12:56:00,2.0,,,,,,,,,,,,,,,,,,,,,,100.0,2018-06-10T02:48:00,,,,,,,,,,,,,,,,,,,,,,,,,,,,,,,,,,,,,,,,,,,,,,,,,,,,,,,,,,,,,,,,,,,,,,,,,,
2018-06-11,994.3,997.4,2018-06-11T22:46:00,992.4,2018-06-11T02:54:00,28.2,31.7,2018-06-11T16:41:00,25.9,2018-06-11T02:01:00,96,78.0,2018-06-11T16:41:00,0.9,11,6.3,326.0,2018-06-11T11:13:00,15.0,,,,,,,,,,,,,,,,,,,,,,100.0,2018-06-11T00:01:00,,,,,,,,,,,,,,,,,,,,,,,,,,,,,,,,,,,,,,,,,,,,,,,,,,,,,,,,,,,,,,,,,,,,,,,,,,
2018-06-12,996.3,998.2,2018-06-12T09:06:00,994.7,2018-06-12T15:44:00,28.9,33.9,2018-06-12T14:32:00,25.5,2018-06-12T05:42:00,80,39.0,2018-06-12T14:43:00,1.1,17,6.9,192.0,2018-06-12T13:30:00,19.5,,,,,,,,,,,,,,,,,,,,,,100.0,2018-06-12T00:01:00,,,,,,,,,,,,,,,,,,,,,,,,,,,,,,,,,,,,,,,,,,,,,,,,,,,,,,,,,,,,,,,,,,,,,,,,,,
2018-06-13,992.9,995.3,2018-06-13T00:01:00,990.9,2018-06-13T14:01:00,28.5,35.4,2018-06-13T13:04:00,24.4,2018-06-13T03:32:00,80,39.0,2018-06-13T12:54:00,0.8,1,6.3,197.0,2018-06-13T14:18:00,0.0,,,,,,,,,,,,,,,,,,,,,,100.0,2018-06-13T00:01:00,,,,,,,,,,,,,,,,,,,,,,,,,,,,,,,,,,,,,,,,,,,,,,,,,,,,,,,,,,,,,,,,,,,,,,,,,,
2018-06-14,989.8,992.2,2018-06-14T00:01:00,987.9,2018-06-14T18:44:00,26.6,30.2,2018-06-14T07:26:00,25.1,2018-06-14T18:28:00,98,75.0,2018-06-14T07:26:00,1.5,180,14.7,207.0,2018-06-14T23:33:00,114.5,,,,,,,,,,,,,,,,,,,,,,100.0,2018-06-14T08:21:00,,,,,,,,,,,,,,,,,,,,,,,,,,,,,,,,,,,,,,,,,,,,,,,,,,,,,,,,,,,,,,,,,,,,,,,,,,
2018-06-15,991.2,995.8,2018-06-15T22:31:00,987.6,2018-06-15T10:09:00,26.6,29.9,2018-06-15T16:21:00,24.5,2018-06-15T09:57:00,98,82.0,2018-06-15T16:21:00,1.4,182,13.6,76.0,2018-06-15T10:27:00,206.0,,,,,,,,,,,,,,,,,,,,,,100.0,2018-06-15T00:01:00,,,,,,,,,,,,,,,,,,,,,,,,,,,,,,,,,,,,,,,,,,,,,,,,,,,,,,,,,,,,,,,,,,,,,,,,,,
2018-06-16,996.6,998.6,2018-06-16T22:18:00,994.5,2018-06-16T02:11:00,27.5,31.6,2018-06-16T14:32:00,25.5,2018-06-16T04:11:00,91,70.0,2018-06-16T14:32:00,1.6,196,10.4,198.0,2018-06-16T14:30:00,0.5,,,,,,,,,,,,,,,,,,,,,,100.0,2018-06-16T00:01:00,,,,,,,,,,,,,,,,,,,,,,,,,,,,,,,,,,,,,,,,,,,,,,,,,,,,,,,,,,,,,,,,,,,,,,,,,,
2018-06-17,998.2,1000.0,2018-06-17T23:13:00,996.6,2018-06-17T03:31:00,26.1,30.1,2018-06-17T09:57:00,24.6,2018-06-17T23:52:00,99,77.0,2018-06-17T10:09:00,1.0,182,10.8,182.0,2018-06-17T10:16:00,68.5,,,,,,,,,,,,,,,,,,,,,,100.0,2018-06-17T00:01:00,,,,,,,,,,,,,,,,,,,,,,,,,,,,,,,,,,,,,,,,,,,,,,,,,,,,,,,,,,,,,,,,,,,,,,,,,,
2018-06-18,999.0,1000.4,2018-06-18T22:07:00,997.4,2018-06-18T14:11:00,26.4,29.3,2018-06-18T12:33:00,24.4,2018-06-18T00:28:00,99,91.0,2018-06-18T22:11:00,1.5,183,10.8,178.0,2018-06-18T14:24:00,40.0,,,,,,,,,,,,,,,,,,,,,,100.0,2018-06-18T00:01:00,,,,,,,,,,,,,,,,,,,,,,,,,,,,,,,,,,,,,,,,,,,,,,,,,,,,,,,,,,,,,,,,,,,,,,,,,,
2018-06-19,1000.9,,,,,25.0,,,,,100,,,0.8,187,,,,209.5,,,,,,,,,,,,,,,,,,,,,,,,,,,,,,,,,,,,,,,,,,,,,,,,,,,,,,,,,,,,,,,,,,,,,,,,,,,,,,,,,,,,,,,,,,,,,,,,,
2018-06-20,1001.9,1003.5,2018-06-20T09:51:00,1000.6,2018-06-20T04:01:00,25.1,29.0,2018-06-20T13:42:00,23.7,2018-06-20T02:17:00,100,88.0,2018-06-20T13:48:00,0.5,2,5.6,182.0,2018-06-20T17:01:00,88.0,,,,,,,,,,,,,,,,,,,,,,100.0,2018-06-20T00:01:00,,,,,,,,,,,,,,,,,,,,,,,,,,,,,,,,,,,,,,,,,,,,,,,,,,,,,,,,,,,,,,,,,,,,,,,,,,
2018-06-21,1001.8,1002.7,2018-06-21T07:28:00,1000.2,2018-06-21T18:23:00,26.8,32.9,2018-06-21T12:03:00,24.4,2018-06-21T04:11:00,96,67.0,2018-06-21T12:22:00,0.9,3,8.5,279.0,2018-06-21T12:33:00,8.0,,,,,,,,,,,,,,,,,,,,,,100.0,2018-06-21T00:01:00,,,,,,,,,,,,,,,,,,,,,,,,,,,,,,,,,,,,,,,,,,,,,,,,,,,,,,,,,,,,,,,,,,,,,,,,,,
2018-06-22,1002.3,1003.5,2018-06-22T21:42:00,1001.0,2018-06-22T15:29:00,27.9,32.1,2018-06-22T11:53:00,24.4,2018-06-22T04:29:00,93,73.0,2018-06-22T11:21:00,1.1,191,6.7,185.0,2018-06-22T12:03:00,0.5,,,,,,,,,,,,,,,,,,,,,,100.0,2018-06-22T00:01:00,,,,,,,,,,,,,,,,,,,,,,,,,,,,,,,,,,,,,,,,,,,,,,,,,,,,,,,,,,,,,,,,,,,,,,,,,,
2018-06-23,1002.6,1004.0,2018-06-23T23:22:00,1000.9,2018-06-23T15:31:00,28.9,33.6,2018-06-23T14:52:00,25.2,2018-06-23T04:21:00,86,61.0,2018-06-23T12:12:00,0.9,193,5.5,198.0,2018-06-23T09:28:00,0.0,,,,,,,,,,,,,,,,,,,,,,100.0,2018-06-23T00:01:00,,,,,,,,,,,,,,,,,,,,,,,,,,,,,,,,,,,,,,,,,,,,,,,,,,,,,,,,,,,,,,,,,,,,,,,,,,
2018-06-24,1003.7,1005.2,2018-06-24T22:11:00,1002.6,2018-06-24T15:22:00,29.2,33.9,2018-06-24T11:13:00,26.3,2018-06-24T02:47:00,83,59.0,2018-06-24T11:54:00,0.8,182,6.9,293.0,2018-06-24T12:20:00,0.0,,,,,,,,,,,,,,,,,,,,,,100.0,2018-06-24T00:01:00,,,,,,,,,,,,,,,,,,,,,,,,,,,,,,,,,,,,,,,,,,,,,,,,,,,,,,,,,,,,,,,,,,,,,,,,,,
2018-06-25,1004.5,1005.7,2018-06-25T22:22:00,1002.5,2018-06-25T18:21:00,29.6,34.2,2018-06-25T11:31:00,25.5,2018-06-25T05:36:00,76,51.0,2018-06-25T12:01:00,1.1,60,5.9,186.0,2018-06-25T15:09:00,0.0,,,,,,,,,,,,,,,,,,,,,,100.0,2018-06-25T00:11:00,,,,,,,,,,,,,,,,,,,,,,,,,,,,,,,,,,,,,,,,,,,,,,,,,,,,,,,,,,,,,,,,,,,,,,,,,,
2018-06-26,1004.6,1005.5,2018-06-26T00:01:00,1003.3,2018-06-26T13:41:00,28.4,34.4,2018-06-26T13:41:00,25.3,2018-06-26T05:15:00,88,54.0,2018-06-26T13:41:00,1.3,19,8.1,178.0,2018-06-26T14:18:00,6.5,,,,,,,,,,,,,,,,,,,,,,100.0,2018-06-26T01:21:00,,,,,,,,,,,,,,,,,,,,,,,,,,,,,,,,,,,,,,,,,,,,,,,,,,,,,,,,,,,,,,,,,,,,,,,,,,
2018-06-27,1003.4,1005.0,2018-06-27T00:01:00,1001.5,2018-06-27T13:22:00,27.4,34.2,2018-06-27T12:01:00,25.0,2018-06-27T05:12:00,92,52.0,2018-06-27T12:17:00,0.9,5,10.4,186.0,2018-06-27T13:43:00,10.5,,,,,,,,,,,,,,,,,,,,,,100.0,2018-06-27T00:01:00,,,,,,,,,,,,,,,,,,,,,,,,,,,,,,,,,,,,,,,,,,,,,,,,,,,,,,,,,,,,,,,,,,,,,,,,,,
2018-06-28,1000.9,1003.6,2018-06-28T00:01:00,998.6,2018-06-28T16:27:00,28.9,33.6,2018-06-28T13:31:00,24.4,2018-06-28T04:41:00,84,58.0,2018-06-28T15:01:00,1.4,4,6.3,206.0,2018-06-28T13:45:00,0.0,,,,,,,,,,,,,,,,,,,,,,100.0,2018-06-28T00:01:00,,,,,,,,,,,,,,,,,,,,,,,,,,,,,,,,,,,,,,,,,,,,,,,,,,,,,,,,,,,,,,,,,,,,,,,,,,
2018-06-29,998.2,999.9,2018-06-29T00:01:00,996.2,2018-06-29T15:03:00,28.6,33.2,2018-06-29T13:14:00,25.7,2018-06-29T05:53:00,89,62.0,2018-06-29T13:32:00,0.7,37,5.2,179.0,2018-06-29T17:19:00,13.5,,,,,,,,,,,,,,,,,,,,,,100.0,2018-06-29T00:01:00,,,,,,,,,,,,,,,,,,,,,,,,,,,,,,,,,,,,,,,,,,,,,,,,,,,,,,,,,,,,,,,,,,,,,,,,,,
2018-06-30,998.3,1000.0,2018-06-30T21:14:00,997.0,2018-06-30T15:51:00,27.2,32.8,2018-06-30T10:21:00,24.8,2018-06-30T05:35:00,95,61.0,2018-06-30T10:26:00,1.1,5,5.5,60.0,2018-06-30T17:38:00,8.0,,,,,,,,,,,,,,,,,,,,,,100.0,2018-06-30T00:01:00,,,,,,,,,,,,,,,,,,,,,,,,,,,,,,,,,,,,,,,,,,,,,,,,,,,,,,,,,,,,,,,,,,,,,,,,,,
2018-07-01,998.5,999.8,2018-07-01T22:02:00,996.8,2018-07-01T15:42:00,27.0,32.8,2018-07-01T12:04:00,24.6,2018-07-01T19:32:00,93,65.0,2018-07-01T11:13:00,1.4,9,8.0,39.0,2018-07-01T14:38:00,44.0,,,,,,,,,,,,,,,,,,,,,,100.0,2018-07-01T00:01:00,,,,,,,,,,,,,,,,,,,,,,,,,,,,,,,,,,,,,,,,,,,,,,,,,,,,,,,,,,,,,,,,,,,,,,,,,,
2018-07-02,998.9,1000.3,2018-07-02T10:24:00,997.4,2018-07-02T03:33:00,24.7,25.5,2018-07-02T02:17:00,23.0,2018-07-02T12:25:00,100,100.0,2018-07-02T00:01:00,1.2,67,11.6,55.0,2018-07-02T12:19:00,232.5,,,,,,,,,,,,,,,,,,,,,,100.0,2018-07-02T00:01:00,,,,,,,,,,,,,,,,,,,,,,,,,,,,,,,,,,,,,,,,,,,,,,,,,,,,,,,,,,,,,,,,,,,,,,,,,,
2018-07-03,998.9,1000.0,2018-07-03T01:52:00,997.5,2018-07-03T16:50:00,25.4,28.2,2018-07-03T12:51:00,22.9,2018-07-03T02:13:00,100,98.0,2018-07-03T15:56:00,1.2,46,9.5,294.0,2018-07-03T01:53:00,75.5,,,,,,,,,,,,,,,,,,,,,,100.0,2018-07-03T00:01:00,,,,,,,,,,,,,,,,,,,,,,,,,,,,,,,,,,,,,,,,,,,,,,,,,,,,,,,,,,,,,,,,,,,,,,,,,,
2018-07-04,998.5,1000.4,2018-07-04T08:14:00,996.6,2018-07-04T16:23:00,26.2,30.5,2018-07-04T16:51:00,23.7,2018-07-04T07:22:00,99,78.0,2018-07-04T16:31:00,1.2,19,6.0,68.0,2018-07-04T07:05:00,56.5,,,,,,,,,,,,,,,,,,,,,,100.0,2018-07-04T00:01:00,,,,,,,,,,,,,,,,,,,,,,,,,,,,,,,,,,,,,,,,,,,,,,,,,,,,,,,,,,,,,,,,,,,,,,,,,,
2018-07-05,998.4,1000.1,2018-07-05T09:38:00,997.2,2018-07-05T16:15:00,26.5,30.3,2018-07-05T12:31:00,24.3,2018-07-05T08:14:00,96,73.0,2018-07-05T12:43:00,0.8,11,7.0,186.0,2018-07-05T07:20:00,29.0,,,,,,,,,,,,,,,,,,,,,,100.0,2018-07-05T00:01:00,,,,,,,,,,,,,,,,,,,,,,,,,,,,,,,,,,,,,,,,,,,,,,,,,,,,,,,,,,,,,,,,,,,,,,,,,,
2018-07-06,998.2,1000.3,2018-07-06T08:21:00,996.7,2018-07-06T17:55:00,27.6,32.8,2018-07-06T14:14:00,24.3,2018-07-06T08:55:00,91,64.0,2018-07-06T13:47:00,0.8,35,4.8,201.0,2018-07-06T12:41:00,18.0,,,,,,,,,,,,,,,,,,,,,,100.0,2018-07-06T02:41:00,,,,,,,,,,,,,,,,,,,,,,,,,,,,,,,,,,,,,,,,,,,,,,,,,,,,,,,,,,,,,,,,,,,,,,,,,,
2018-07-07,999.0,1000.5,2018-07-07T21:31:00,997.4,2018-07-07T14:31:00,27.5,32.1,2018-07-07T12:11:00,25.0,2018-07-07T22:23:00,91,67.0,2018-07-07T14:23:00,1.2,195,9.0,209.0,2018-07-07T14:59:00,2.0,,,,,,,,,,,,,,,,,,,,,,100.0,2018-07-07T00:54:00,,,,,,,,,,,,,,,,,,,,,,,,,,,,,,,,,,,,,,,,,,,,,,,,,,,,,,,,,,,,,,,,,,,,,,,,,,
2018-07-08,999.5,1001.4,2018-07-08T22:41:00,997.4,2018-07-08T14:46:00,28.1,35.7,2018-07-08T13:52:00,24.2,2018-07-08T05:52:00,85,45.0,2018-07-08T11:53:00,1.2,4,12.4,305.0,2018-07-08T15:56:00,41.5,,,,,,,,,,,,,,,,,,,,,,100.0,2018-07-08T00:01:00,,,,,,,,,,,,,,,,,,,,,,,,,,,,,,,,,,,,,,,,,,,,,,,,,,,,,,,,,,,,,,,,,,,,,,,,,,
2018-07-09,999.9,1001.9,2018-07-09T09:31:00,997.7,2018-07-09T16:48:00,29.0,34.4,2018-07-09T14:51:00,24.4,2018-07-09T05:21:00,86,61.0,2018-07-09T14:52:00,1.2,15,6.3,185.0,2018-07-09T17:07:00,0.0,,,,,,,,,,,,,,,,,,,,,,100.0,2018-07-09T00:01:00,,,,,,,,,,,,,,,,,,,,,,,,,,,,,,,,,,,,,,,,,,,,,,,,,,,,,,,,,,,,,,,,,,,,,,,,,,
2018-07-10,996.1,1000.3,2018-07-10T00:03:00,993.4,2018-07-10T23:36:00,29.5,33.8,2018-07-10T12:51:00,26.3,2018-07-10T05:11:00,79,56.0,2018-07-10T12:53:00,1.5,18,8.4,309.0,2018-07-10T14:26:00,0.0,,,,,,,,,,,,,,,,,,,,,,97.0,2018-07-10T22:34:00,,,,,,,,,,,,,,,,,,,,,,,,,,,,,,,,,,,,,,,,,,,,,,,,,,,,,,,,,,,,,,,,,,,,,,,,,,
2018-07-11,995.6,999.5,2018-07-11T21:31:00,992.5,2018-07-11T05:11:00,29.1,33.0,2018-07-11T14:21:00,25.7,2018-07-11T23:51:00,84,64.0,2018-07-11T15:11:00,1.8,195,7.1,198.0,2018-07-11T14:39:00,0.0,,,,,,,,,,,,,,,,,,,,,,100.0,2018-07-11T03:11:00,,,,,,,,,,,,,,,,,,,,,,,,,,,,,,,,,,,,,,,,,,,,,,,,,,,,,,,,,,,,,,,,,,,,,,,,,,
2018-07-12,999.3,1001.5,2018-07-12T22:46:00,997.8,2018-07-12T15:43:00,27.9,32.7,2018-07-12T14:31:00,25.4,2018-07-12T05:01:00,89,65.0,2018-07-12T15:35:00,0.8,28,4.3,172.0,2018-07-12T16:24:00,1.5,,,,,,,,,,,,,,,,,,,,,,100.0,2018-07-12T05:25:00,,,,,,,,,,,,,,,,,,,,,,,,,,,,,,,,,,,,,,,,,,,,,,,,,,,,,,,,,,,,,,,,,,,,,,,,,,
2018-07-13,999.9,1001.1,2018-07-13T04:45:00,997.6,2018-07-13T14:45:00,28.5,34.1,2018-07-13T13:15:00,24.2,2018-07-13T06:11:00,89,62.0,2018-07-13T13:12:00,1.3,6,6.4,271.0,2018-07-13T13:57:00,8.5,,,,,,,,,,,,,,,,,,,,,,100.0,2018-07-13T00:01:00,,,,,,,,,,,,,,,,,,,,,,,,,,,,,,,,,,,,,,,,,,,,,,,,,,,,,,,,,,,,,,,,,,,,,,,,,,
2018-07-14,999.5,1000.6,2018-07-14T22:41:00,997.5,2018-07-14T15:01:00,28.0,34.1,2018-07-14T14:01:00,24.9,2018-07-14T18:08:00,88,59.0,2018-07-14T12:55:00,1.0,22,8.6,2.0,2018-07-14T16:40:00,0.0,,,,,,,,,,,,,,,,,,,,,,100.0,2018-07-14T00:01:00,,,,,,,,,,,,,,,,,,,,,,,,,,,,,,,,,,,,,,,,,,,,,,,,,,,,,,,,,,,,,,,,,,,,,,,,,,
2018-07-15,999.1,1000.4,2018-07-15T00:01:00,997.5,2018-07-15T16:01:00,28.7,34.1,2018-07-15T14:24:00,25.0,2018-07-15T04:31:00,84,52.0,2018-07-15T13:54:00,1.1,330,5.9,308.0,2018-07-15T14:45:00,0.5,,,,,,,,,,,,,,,,,,,,,,100.0,2018-07-15T00:01:00,,,,,,,,,,,,,,,,,,,,,,,,,,,,,,,,,,,,,,,,,,,,,,,,,,,,,,,,,,,,,,,,,,,,,,,,,,
2018-07-16,996.9,998.7,2018-07-16T00:01:00,995.3,2018-07-16T16:32:00,29.3,33.8,2018-07-16T12:34:00,26.0,2018-07-16T06:12:00,84,59.0,2018-07-16T12:40:00,0.8,288,3.8,176.0,2018-07-16T17:42:00,0.0,,,,,,,,,,,,,,,,,,,,,,100.0,2018-07-16T00:01:00,,,,,,,,,,,,,,,,,,,,,,,,,,,,,,,,,,,,,,,,,,,,,,,,,,,,,,,,,,,,,,,,,,,,,,,,,,
2018-07-17,995.7,997.3,2018-07-17T22:52:00,993.4,2018-07-17T15:51:00,31.0,37.1,2018-07-17T12:31:00,26.7,2018-07-17T03:21:00,77,45.0,2018-07-17T12:38:00,1.1,274,5.1,271.0,2018-07-17T13:24:00,0.0,,,,,,,,,,,,,,,,,,,,,,100.0,2018-07-17T00:02:00,,,,,,,,,,,,,,,,,,,,,,,,,,,,,,,,,,,,,,,,,,,,,,,,,,,,,,,,,,,,,,,,,,,,,,,,,,
2018-07-18,997.7,999.6,2018-07-18T21:37:00,995.8,2018-07-18T14:11:00,29.2,35.3,2018-07-18T13:52:00,26.5,2018-07-18T03:32:00,88,56.0,2018-07-18T13:52:00,1.2,5,6.2,318.0,2018-07-18T15:05:00,16.5,,,,,,,,,,,,,,,,,,,,,,100.0,2018-07-18T01:22:00,,,,,,,,,,,,,,,,,,,,,,,,,,,,,,,,,,,,,,,,,,,,,,,,,,,,,,,,,,,,,,,,,,,,,,,,,,
2018-07-19,999.4,1001.2,2018-07-19T20:12:00,997.8,2018-07-19T14:02:00,27.7,35.1,2018-07-19T13:32:00,24.6,2018-07-19T20:28:00,91,54.0,2018-07-19T12:59:00,1.1,1,7.8,180.0,2018-07-19T14:41:00,56.0,,,,,,,,,,,,,,,,,,,,,,100.0,2018-07-19T00:01:00,,,,,,,,,,,,,,,,,,,,,,,,,,,,,,,,,,,,,,,,,,,,,,,,,,,,,,,,,,,,,,,,,,,,,,,,,,
2018-07-20,997.4,999.6,2018-07-20T00:01:00,995.3,2018-07-20T14:28:00,27.7,32.8,2018-07-20T14:11:00,25.0,2018-07-20T00:47:00,93,66.0,2018-07-20T13:32:00,1.1,1,6.0,294.0,2018-07-20T12:41:00,8.5,,,,,,,,,,,,,,,,,,,,,,100.0,2018-07-20T00:01:00,,,,,,,,,,,,,,,,,,,,,,,,,,,,,,,,,,,,,,,,,,,,,,,,,,,,,,,,,,,,,,,,,,,,,,,,,,
2018-07-21,994.5,997.1,2018-07-21T00:01:00,992.2,2018-07-21T15:21:00,27.7,33.6,2018-07-21T12:32:00,25.1,2018-07-21T19:01:00,93,63.0,2018-07-21T12:32:00,0.9,170,8.2,353.0,2018-07-21T17:36:00,28.0,,,,,,,,,,,,,,,,,,,,,,100.0,2018-07-21T00:01:00,,,,,,,,,,,,,,,,,,,,,,,,,,,,,,,,,,,,,,,,,,,,,,,,,,,,,,,,,,,,,,,,,,,,,,,,,,
2018-07-22,995.3,997.9,2018-07-22T22:01:00,993.4,2018-07-22T02:54:00,26.8,32.0,2018-07-22T11:01:00,25.1,2018-07-22T04:34:00,96,62.0,2018-07-22T11:21:00,1.3,8,5.9,190.0,2018-07-22T13:15:00,23.5,,,,,,,,,,,,,,,,,,,,,,100.0,2018-07-22T00:01:00,,,,,,,,,,,,,,,,,,,,,,,,,,,,,,,,,,,,,,,,,,,,,,,,,,,,,,,,,,,,,,,,,,,,,,,,,,
2018-07-23,998.0,1000.4,2018-07-23T22:51:00,996.2,2018-07-23T03:32:00,29.0,33.8,2018-07-23T15:12:00,25.5,2018-07-23T00:21:00,88,52.0,2018-07-23T15:01:00,1.0,16,6.6,277.0,2018-07-23T10:47:00,3.5,,,,,,,,,,,,,,,,,,,,,,100.0,2018-07-23T00:01:00,,,,,,,,,,,,,,,,,,,,,,,,,,,,,,,,,,,,,,,,,,,,,,,,,,,,,,,,,,,,,,,,,,,,,,,,,,
2018-07-24,1000.3,1001.4,2018-07-24T21:41:00,999.0,2018-07-24T03:51:00,28.1,32.9,2018-07-24T13:04:00,25.8,2018-07-24T23:34:00,94,64.0,2018-07-24T12:52:00,0.8,31,5.5,193.0,2018-07-24T14:16:00,8.5,,,,,,,,,,,,,,,,,,,,,,100.0,2018-07-24T00:01:00,,,,,,,,,,,,,,,,,,,,,,,,,,,,,,,,,,,,,,,,,,,,,,,,,,,,,,,,,,,,,,,,,,,,,,,,,,
2018-07-25,1000.8,1001.9,2018-07-25T21:51:00,999.1,2018-07-25T14:01:00,27.2,34.5,2018-07-25T12:44:00,24.2,2018-07-25T16:48:00,91,51.0,2018-07-25T12:44:00,1.3,2,8.4,179.0,2018-07-25T14:21:00,23.5,,,,,,,,,,,,,,,,,,,,,,100.0,2018-07-25T00:01:00,,,,,,,,,,,,,,,,,,,,,,,,,,,,,,,,,,,,,,,,,,,,,,,,,,,,,,,,,,,,,,,,,,,,,,,,,,
2018-07-26,1000.5,1001.9,2018-07-26T08:53:00,998.9,2018-07-26T15:04:00,27.9,34.2,2018-07-26T12:41:00,24.3,2018-07-26T05:13:00,91,55.0,2018-07-26T13:03:00,1.3,17,12.1,195.0,2018-07-26T14:58:00,5.5,,,,,,,,,,,,,,,,,,,,,,100.0,2018-07-26T00:01:00,,,,,,,,,,,,,,,,,,,,,,,,,,,,,,,,,,,,,,,,,,,,,,,,,,,,,,,,,,,,,,,,,,,,,,,,,,
2018-07-27,1000.8,1002.7,2018-07-27T22:22:00,999.6,2018-07-27T03:21:00,27.4,33.6,2018-07-27T11:21:00,25.2,2018-07-27T13:31:00,95,65.0,2018-07-27T11:21:00,1.0,336,7.2,198.0,2018-07-27T12:52:00,35.0,,,,,,,,,,,,,,,,,,,,,,100.0,2018-07-27T00:01:00,,,,,,,,,,,,,,,,,,,,,,,,,,,,,,,,,,,,,,,,,,,,,,,,,,,,,,,,,,,,,,,,,,,,,,,,,,
2018-07-28,1000.3,1002.0,2018-07-28T00:01:00,998.7,2018-07-28T14:15:00,27.4,33.8,2018-07-28T13:11:00,24.1,2018-07-28T15:49:00,93,62.0,2018-07-28T13:01:00,1.1,33,7.5,183.0,2018-07-28T14:03:00,75.5,,,,,,,,,,,,,,,,,,,,,,100.0,2018-07-28T00:01:00,,,,,,,,,,,,,,,,,,,,,,,,,,,,,,,,,,,,,,,,,,,,,,,,,,,,,,,,,,,,,,,,,,,,,,,,,,
2018-07-29,999.2,1001.4,2018-07-29T00:29:00,996.9,2018-07-29T15:34:00,29.1,34.8,2018-07-29T13:35:00,24.7,2018-07-29T02:11:00,86,50.0,2018-07-29T13:27:00,1.2,8,7.1,308.0,2018-07-29T15:34:00,14.0,,,,,,,,,,,,,,,,,,,,,,100.0,2018-07-29T00:01:00,,,,,,,,,,,,,,,,,,,,,,,,,,,,,,,,,,,,,,,,,,,,,,,,,,,,,,,,,,,,,,,,,,,,,,,,,,
2018-07-30,999.0,1000.2,2018-07-30T00:01:00,997.5,2018-07-30T16:31:00,29.9,34.2,2018-07-30T14:21:00,26.0,2018-07-30T05:27:00,81,54.0,2018-07-30T14:41:00,1.2,39,6.3,316.0,2018-07-30T13:25:00,0.0,,,,,,,,,,,,,,,,,,,,,,100.0,2018-07-30T00:01:00,,,,,,,,,,,,,,,,,,,,,,,,,,,,,,,,,,,,,,,,,,,,,,,,,,,,,,,,,,,,,,,,,,,,,,,,,,
2018-07-31,998.8,1000.5,2018-07-31T08:41:00,996.4,2018-07-31T15:58:00,30.0,34.4,2018-07-31T12:22:00,26.7,2018-07-31T03:48:00,84,54.0,2018-07-31T11:45:00,1.2,55,7.6,301.0,2018-07-31T13:36:00,0.0,,,,,,,,,,,,,,,,,,,,,,100.0,2018-07-31T00:31:00,,,,,,,,,,,,,,,,,,,,,,,,,,,,,,,,,,,,,,,,,,,,,,,,,,,,,,,,,,,,,,,,,,,,,,,,,,
2018-08-01,998.1,999.8,2018-08-01T08:43:00,995.7,2018-08-01T16:51:00,30.0,34.7,2018-08-01T13:33:00,26.3,2018-08-01T05:41:00,83,53.0,2018-08-01T15:21:00,1.6,24,8.2,314.0,2018-08-01T11:10:00,0.0,,,,,,,,,,,,,,,,,,,,,,100.0,2018-08-01T00:01:00,,,,,,,,,,,,,,,,,,,,,,,,,,,,,,,,,,,,,,,,,,,,,,,,,,,,,,,,,,,,,,,,,,,,,,,,,,
2018-08-02,997.9,999.8,2018-08-02T09:14:00,995.7,2018-08-02T16:51:00,28.6,32.4,2018-08-02T15:03:00,25.7,2018-08-02T10:13:00,90,68.0,2018-08-02T14:11:00,1.1,3,6.0,318.0,2018-08-02T09:16:00,9.0,,,,,,,,,,,,,,,,,,,,,,100.0,2018-08-02T00:11:00,,,,,,,,,,,,,,,,,,,,,,,,,,,,,,,,,,,,,,,,,,,,,,,,,,,,,,,,,,,,,,,,,,,,,,,,,,
2018-08-03,998.3,999.5,2018-08-03T09:11:00,996.8,2018-08-03T02:53:00,28.6,33.5,2018-08-03T12:11:00,25.6,2018-08-03T00:01:00,88,52.0,2018-08-03T12:42:00,0.9,7,6.8,265.0,2018-08-03T14:52:00,1.0,,,,,,,,,,,,,,,,,,,,,,100.0,2018-08-03T00:01:00,,,,,,,,,,,,,,,,,,,,,,,,,,,,,,,,,,,,,,,,,,,,,,,,,,,,,,,,,,,,,,,,,,,,,,,,,,
2018-08-04,999.2,1000.7,2018-08-04T22:21:00,997.0,2018-08-04T14:21:00,27.5,34.6,2018-08-04T12:11:00,22.1,2018-08-04T15:51:00,89,57.0,2018-08-04T12:11:00,1.1,12,13.8,180.0,2018-08-04T15:05:00,71.0,,,,,,,,,,,,,,,,,,,,,,100.0,2018-08-04T01:17:00,,,,,,,,,,,,,,,,,,,,,,,,,,,,,,,,,,,,,,,,,,,,,,,,,,,,,,,,,,,,,,,,,,,,,,,,,,
2018-08-05,999.9,1001.2,2018-08-05T23:21:00,997.8,2018-08-05T13:51:00,27.0,35.1,2018-08-05T13:31:00,23.3,2018-08-05T15:22:00,89,50.0,2018-08-05T12:44:00,1.2,6,10.1,186.0,2018-08-05T14:33:00,32.0,,,,,,,,,,,,,,,,,,,,,,100.0,2018-08-05T00:01:00,,,,,,,,,,,,,,,,,,,,,,,,,,,,,,,,,,,,,,,,,,,,,,,,,,,,,,,,,,,,,,,,,,,,,,,,,,
2018-08-06,999.1,1000.9,2018-08-06T00:01:00,996.7,2018-08-06T14:43:00,27.4,34.8,2018-08-06T14:04:00,24.3,2018-08-06T04:02:00,87,52.0,2018-08-06T14:04:00,1.4,14,8.8,185.0,2018-08-06T14:54:00,1.0,,,,,,,,,,,,,,,,,,,,,,100.0,2018-08-06T00:01:00,,,,,,,,,,,,,,,,,,,,,,,,,,,,,,,,,,,,,,,,,,,,,,,,,,,,,,,,,,,,,,,,,,,,,,,,,,
2018-08-07,998.3,999.5,2018-08-07T22:02:00,996.4,2018-08-07T14:11:00,28.5,34.2,2018-08-07T12:44:00,25.7,2018-08-07T00:01:00,90,53.0,2018-08-07T12:11:00,1.1,183,6.9,192.0,2018-08-07T14:24:00,4.0,,,,,,,,,,,,,,,,,,,,,,100.0,2018-08-07T00:01:00,,,,,,,,,,,,,,,,,,,,,,,,,,,,,,,,,,,,,,,,,,,,,,,,,,,,,,,,,,,,,,,,,,,,,,,,,,
2018-08-08,998.6,1000.6,2018-08-08T23:41:00,997.2,2018-08-08T14:12:00,28.1,33.9,2018-08-08T12:22:00,24.9,2018-08-08T15:38:00,89,54.0,2018-08-08T12:22:00,1.1,12,6.5,295.0,2018-08-08T14:01:00,9.5,,,,,,,,,,,,,,,,,,,,,,100.0,2018-08-08T00:11:00,,,,,,,,,,,,,,,,,,,,,,,,,,,,,,,,,,,,,,,,,,,,,,,,,,,,,,,,,,,,,,,,,,,,,,,,,,
2018-08-09,999.0,1000.6,2018-08-09T00:01:00,997.2,2018-08-09T16:09:00,27.7,34.6,2018-08-09T13:10:00,24.7,2018-08-09T02:04:00,89,53.0,2018-08-09T12:51:00,1.5,32,5.3,49.0,2018-08-09T15:57:00,2.5,,,,,,,,,,,,,,,,,,,,,,100.0,2018-08-09T00:01:00,,,,,,,,,,,,,,,,,,,,,,,,,,,,,,,,,,,,,,,,,,,,,,,,,,,,,,,,,,,,,,,,,,,,,,,,,,
2018-08-10,997.7,1000.0,2018-08-10T00:01:00,995.1,2018-08-10T15:56:00,28.0,34.4,2018-08-10T13:34:00,24.8,2018-08-10T19:38:00,91,60.0,2018-08-10T13:24:00,1.0,12,6.8,202.0,2018-08-10T16:10:00,28.5,,,,,,,,,,,,,,,,,,,,,,100.0,2018-08-10T00:01:00,,,,,,,,,,,,,,,,,,,,,,,,,,,,,,,,,,,,,,,,,,,,,,,,,,,,,,,,,,,,,,,,,,,,,,,,,,
2018-08-11,994.5,997.2,2018-08-11T00:01:00,992.0,2018-08-11T15:27:00,27.9,33.9,2018-08-11T13:31:00,24.8,2018-08-11T04:32:00,90,53.0,2018-08-11T13:14:00,1.2,299,6.8,313.0,2018-08-11T14:58:00,2.5,,,,,,,,,,,,,,,,,,,,,,100.0,2018-08-11T00:01:00,,,,,,,,,,,,,,,,,,,,,,,,,,,,,,,,,,,,,,,,,,,,,,,,,,,,,,,,,,,,,,,,,,,,,,,,,,
2018-08-12,991.2,993.5,2018-08-12T00:01:00,988.1,2018-08-12T15:20:00,29.1,34.2,2018-08-12T14:24:00,24.6,2018-08-12T04:41:00,80,50.0,2018-08-12T12:42:00,1.6,38,5.2,196.0,2018-08-12T19:04:00,0.0,,,,,,,,,,,,,,,,,,,,,,100.0,2018-08-12T00:01:00,,,,,,,,,,,,,,,,,,,,,,,,,,,,,,,,,,,,,,,,,,,,,,,,,,,,,,,,,,,,,,,,,,,,,,,,,,
2018-08-13,993.5,995.0,2018-08-13T22:51:00,991.6,2018-08-13T00:45:00,26.4,31.5,2018-08-13T12:16:00,24.7,2018-08-13T04:54:00,99,79.0,2018-08-13T12:06:00,0.8,75,7.7,194.0,2018-08-13T13:53:00,85.0,,,,,,,,,,,,,,,,,,,,,,100.0,2018-08-13T00:32:00,,,,,,,,,,,,,,,,,,,,,,,,,,,,,,,,,,,,,,,,,,,,,,,,,,,,,,,,,,,,,,,,,,,,,,,,,,
2018-08-14,994.4,996.1,2018-08-14T22:10:00,993.2,2018-08-14T12:37:00,26.6,32.3,2018-08-14T11:41:00,24.5,2018-08-14T16:41:00,96,71.0,2018-08-14T11:51:00,0.8,55,9.2,193.0,2018-08-14T12:21:00,26.5,,,,,,,,,,,,,,,,,,,,,,100.0,2018-08-14T00:01:00,,,,,,,,,,,,,,,,,,,,,,,,,,,,,,,,,,,,,,,,,,,,,,,,,,,,,,,,,,,,,,,,,,,,,,,,,,
2018-08-15,996.4,997.5,2018-08-15T09:22:00,994.7,2018-08-15T01:48:00,26.2,29.7,2018-08-15T14:31:00,24.9,2018-08-15T00:01:00,99,80.0,2018-08-15T14:23:00,0.5,51,4.1,51.0,2018-08-15T05:06:00,35.5,,,,,,,,,,,,,,,,,,,,,,100.0,2018-08-15T00:01:00,,,,,,,,,,,,,,,,,,,,,,,,,,,,,,,,,,,,,,,,,,,,,,,,,,,,,,,,,,,,,,,,,,,,,,,,,,
2018-08-16,995.7,997.3,2018-08-16T08:33:00,993.7,2018-08-16T14:41:00,27.7,33.3,2018-08-16T14:24:00,24.7,2018-08-16T06:25:00,93,61.0,2018-08-16T14:06:00,1.5,38,6.8,186.0,2018-08-16T17:49:00,3.0,,,,,,,,,,,,,,,,,,,,,,100.0,2018-08-16T00:01:00,,,,,,,,,,,,,,,,,,,,,,,,,,,,,,,,,,,,,,,,,,,,,,,,,,,,,,,,,,,,,,,,,,,,,,,,,,
2018-08-17,994.9,996.6,2018-08-17T22:15:00,993.1,2018-08-17T16:11:00,28.3,31.8,2018-08-17T11:21:00,25.5,2018-08-17T06:32:00,92,69.0,2018-08-17T13:59:00,0.8,5,3.7,271.0,2018-08-17T10:18:00,2.5,,,,,,,,,,,,,,,,,,,,,,100.0,2018-08-17T00:01:00,,,,,,,,,,,,,,,,,,,,,,,,,,,,,,,,,,,,,,,,,,,,,,,,,,,,,,,,,,,,,,,,,,,,,,,,,,
2018-08-18,996.7,998.4,2018-08-18T21:35:00,995.5,2018-08-18T01:11:00,27.4,31.8,2018-08-18T10:04:00,25.5,2018-08-18T23:54:00,96,69.0,2018-08-18T10:30:00,0.8,37,6.1,280.0,2018-08-18T11:24:00,1.0,,,,,,,,,,,,,,,,,,,,,,100.0,2018-08-18T00:01:00,,,,,,,,,,,,,,,,,,,,,,,,,,,,,,,,,,,,,,,,,,,,,,,,,,,,,,,,,,,,,,,,,,,,,,,,,,
2018-08-19,998.1,999.6,2018-08-19T20:51:00,996.9,2018-08-19T02:41:00,27.2,29.9,2018-08-19T11:52:00,25.4,2018-08-19T05:31:00,96,80.0,2018-08-19T13:21:00,0.9,53,8.6,195.0,2018-08-19T12:47:00,0.0,,,,,,,,,,,,,,,,,,,,,,100.0,2018-08-19T00:01:00,,,,,,,,,,,,,,,,,,,,,,,,,,,,,,,,,,,,,,,,,,,,,,,,,,,,,,,,,,,,,,,,,,,,,,,,,,
2018-08-20,997.0,998.3,2018-08-20T00:01:00,995.5,2018-08-20T15:41:00,27.3,32.4,2018-08-20T11:22:00,24.6,2018-08-20T06:19:00,96,72.0,2018-08-20T11:31:00,0.5,208,5.6,190.0,2018-08-20T17:08:00,14.5,,,,,,,,,,,,,,,,,,,,,,100.0,2018-08-20T00:01:00,,,,,,,,,,,,,,,,,,,,,,,,,,,,,,,,,,,,,,,,,,,,,,,,,,,,,,,,,,,,,,,,,,,,,,,,,,
2018-08-21,994.6,996.4,2018-08-21T00:13:00,992.7,2018-08-21T15:12:00,27.9,31.3,2018-08-21T10:12:00,25.3,2018-08-21T05:03:00,94,78.0,2018-08-21T15:03:00,1.1,190,7.7,186.0,2018-08-21T17:35:00,0.5,,,,,,,,,,,,,,,,,,,,,,100.0,2018-08-21T00:01:00,,,,,,,,,,,,,,,,,,,,,,,,,,,,,,,,,,,,,,,,,,,,,,,,,,,,,,,,,,,,,,,,,,,,,,,,,,
2018-08-22,992.4,994.4,2018-08-22T00:01:00,990.4,2018-08-22T16:48:00,27.0,30.3,2018-08-22T09:58:00,25.9,2018-08-22T05:17:00,99,79.0,2018-08-22T10:01:00,1.2,183,9.7,174.0,2018-08-22T13:15:00,9.5,,,,,,,,,,,,,,,,,,,,,,100.0,2018-08-22T00:01:00,,,,,,,,,,,,,,,,,,,,,,,,,,,,,,,,,,,,,,,,,,,,,,,,,,,,,,,,,,,,,,,,,,,,,,,,,,
2018-08-23,992.4,996.2,2018-08-23T21:55:00,986.7,2018-08-23T07:00:00,24.5,27.5,2018-08-23T06:36:00,21.8,2018-08-23T19:33:00,100,98.0,2018-08-23T06:37:00,1.5,182,14.2,206.0,2018-08-23T11:18:00,279.0,,,,,,,,,,,,,,,,,,,,,,100.0,2018-08-23T00:01:00,,,,,,,,,,,,,,,,,,,,,,,,,,,,,,,,,,,,,,,,,,,,,,,,,,,,,,,,,,,,,,,,,,,,,,,,,,
2018-08-24,994.6,996.1,2018-08-24T11:38:00,993.2,2018-08-24T02:27:00,24.5,25.4,2018-08-24T15:42:00,23.8,2018-08-24T00:01:00,100,100.0,2018-08-24T00:01:00,0.7,10,11.9,198.0,2018-08-24T02:09:00,184.0,,,,,,,,,,,,,,,,,,,,,,100.0,2018-08-24T00:01:00,,,,,,,,,,,,,,,,,,,,,,,,,,,,,,,,,,,,,,,,,,,,,,,,,,,,,,,,,,,,,,,,,,,,,,,,,,
2018-08-25,993.2,994.3,2018-08-25T07:46:00,991.2,2018-08-25T14:22:00,27.0,31.2,2018-08-25T12:41:00,24.3,2018-08-25T00:01:00,97,81.0,2018-08-25T14:03:00,1.4,181,5.7,163.0,2018-08-25T18:24:00,41.5,,,,,,,,,,,,,,,,,,,,,,100.0,2018-08-25T00:01:00,,,,,,,,,,,,,,,,,,,,,,,,,,,,,,,,,,,,,,,,,,,,,,,,,,,,,,,,,,,,,,,,,,,,,,,,,,
2018-08-26,994.9,997.2,2018-08-26T22:22:00,993.1,2018-08-26T02:11:00,26.2,28.7,2018-08-26T12:31:00,24.1,2018-08-26T06:11:00,97,86.0,2018-08-26T16:05:00,1.2,190,6.7,188.0,2018-08-26T10:04:00,17.0,,,,,,,,,,,,,,,,,,,,,,100.0,2018-08-26T00:01:00,,,,,,,,,,,,,,,,,,,,,,,,,,,,,,,,,,,,,,,,,,,,,,,,,,,,,,,,,,,,,,,,,,,,,,,,,,
2018-08-27,999.1,1001.4,2018-08-27T22:30:00,996.1,2018-08-27T02:41:00,24.6,26.1,2018-08-27T23:52:00,23.0,2018-08-27T05:02:00,100,100.0,2018-08-27T00:01:00,1.8,183,17.1,200.0,2018-08-27T04:51:00,142.5,,,,,,,,,,,,,,,,,,,,,,100.0,2018-08-27T00:01:00,,,,,,,,,,,,,,,,,,,,,,,,,,,,,,,,,,,,,,,,,,,,,,,,,,,,,,,,,,,,,,,,,,,,,,,,,,
2018-08-28,1002.1,1003.6,2018-08-28T10:47:00,999.7,2018-08-28T04:55:00,23.8,26.2,2018-08-28T00:05:00,23.0,2018-08-28T11:15:00,100,98.0,2018-08-28T00:16:00,1.0,183,10.1,184.0,2018-08-28T17:33:00,313.5,,,,,,,,,,,,,,,,,,,,,,100.0,2018-08-28T00:01:00,,,,,,,,,,,,,,,,,,,,,,,,,,,,,,,,,,,,,,,,,,,,,,,,,,,,,,,,,,,,,,,,,,,,,,,,,,
2018-08-29,1002.6,1004.6,2018-08-29T22:28:00,1000.8,2018-08-29T04:22:00,24.1,26.6,2018-08-29T12:23:00,22.9,2018-08-29T06:54:00,100,100.0,2018-08-29T00:01:00,1.2,191,10.7,192.0,2018-08-29T10:46:00,103.0,,,,,,,,,,,,,,,,,,,,,,100.0,2018-08-29T00:01:00,,,,,,,,,,,,,,,,,,,,,,,,,,,,,,,,,,,,,,,,,,,,,,,,,,,,,,,,,,,,,,,,,,,,,,,,,,
2018-08-30,1004.6,1006.5,2018-08-30T23:22:00,1002.4,2018-08-30T04:41:00,24.7,26.5,2018-08-30T12:31:00,23.0,2018-08-30T03:58:00,99,91.0,2018-08-30T22:43:00,0.8,49,3.9,49.0,2018-08-30T08:01:00,20.0,,,,,,,,,,,,,,,,,,,,,,100.0,2018-08-30T00:01:00,,,,,,,,,,,,,,,,,,,,,,,,,,,,,,,,,,,,,,,,,,,,,,,,,,,,,,,,,,,,,,,,,,,,,,,,,,
2018-08-31,1005.7,1007.0,2018-08-31T09:04:00,1004.3,2018-08-31T15:21:00,27.5,32.7,2018-08-31T11:52:00,23.4,2018-08-31T04:12:00,85,52.0,2018-08-31T13:01:00,1.2,8,5.6,172.0,2018-08-31T13:53:00,0.0,,,,,,,,,,,,,,,,,,,,,,100.0,2018-08-31T00:01:00,,,,,,,,,,,,,,,,,,,,,,,,,,,,,,,,,,,,,,,,,,,,,,,,,,,,,,,,,,,,,,,,,,,,,,,,,,
2018-09-01,1004.1,1006.3,2018-09-01T00:01:00,1001.3,2018-09-01T15:51:00,27.9,33.3,2018-09-01T14:21:00,24.9,2018-09-01T05:31:00,87,53.0,2018-09-01T12:22:00,1.0,1,6.4,304.0,2018-09-01T16:13:00,1.5,,,,,,,,,,,,,,,,,,,,,,100.0,2018-09-01T00:01:00,,,,,,,,,,,,,,,,,,,,,,,,,,,,,,,,,,,,,,,,,,,,,,,,,,,,,,,,,,,,,,,,,,,,,,,,,,
2018-09-02,1001.5,1003.9,2018-09-02T00:01:00,999.3,2018-09-02T13:31:00,27.5,34.1,2018-09-02T12:22:00,24.6,2018-09-02T06:01:00,88,50.0,2018-09-02T12:22:00,1.2,6,6.8,296.0,2018-09-02T13:46:00,0.0,,,,,,,,,,,,,,,,,,,,,,100.0,2018-09-02T00:01:00,,,,,,,,,,,,,,,,,,,,,,,,,,,,,,,,,,,,,,,,,,,,,,,,,,,,,,,,,,,,,,,,,,,,,,,,,,
2018-09-03,1000.0,1001.5,2018-09-03T00:02:00,997.7,2018-09-03T15:33:00,28.1,33.1,2018-09-03T12:11:00,23.5,2018-09-03T04:01:00,82,54.0,2018-09-03T12:22:00,1.6,1,7.5,307.0,2018-09-03T14:06:00,0.0,,,,,,,,,,,,,,,,,,,,,,100.0,2018-09-03T00:11:00,,,,,,,,,,,,,,,,,,,,,,,,,,,,,,,,,,,,,,,,,,,,,,,,,,,,,,,,,,,,,,,,,,,,,,,,,,
2018-09-04,999.1,1000.4,2018-09-04T08:11:00,996.6,2018-09-04T15:31:00,28.6,33.9,2018-09-04T13:44:00,24.4,2018-09-04T04:03:00,87,58.0,2018-09-04T13:34:00,1.4,2,5.9,261.0,2018-09-04T15:59:00,0.0,,,,,,,,,,,,,,,,,,,,,,100.0,2018-09-04T00:16:00,,,,,,,,,,,,,,,,,,,,,,,,,,,,,,,,,,,,,,,,,,,,,,,,,,,,,,,,,,,,,,,,,,,,,,,,,,
2018-09-05,999.3,1001.1,2018-09-05T21:41:00,996.7,2018-09-05T14:37:00,28.1,34.6,2018-09-05T13:51:00,25.1,2018-09-05T05:52:00,92,58.0,2018-09-05T13:51:00,0.7,33,7.1,51.0,2018-09-05T16:56:00,26.5,,,,,,,,,,,,,,,,,,,,,,100.0,2018-09-05T00:01:00,,,,,,,,,,,,,,,,,,,,,,,,,,,,,,,,,,,,,,,,,,,,,,,,,,,,,,,,,,,,,,,,,,,,,,,,,,
2018-09-06,999.7,1001.5,2018-09-06T22:41:00,998.2,2018-09-06T13:21:00,27.0,33.0,2018-09-06T11:11:00,24.7,2018-09-06T23:51:00,96,68.0,2018-09-06T11:31:00,0.9,24,6.1,337.0,2018-09-06T16:00:00,6.0,,,,,,,,,,,,,,,,,,,,,,100.0,2018-09-06T00:01:00,,,,,,,,,,,,,,,,,,,,,,,,,,,,,,,,,,,,,,,,,,,,,,,,,,,,,,,,,,,,,,,,,,,,,,,,,,
2018-09-07,1000.4,1002.3,2018-09-07T21:17:00,998.1,2018-09-07T15:04:00,27.4,33.1,2018-09-07T10:31:00,24.5,2018-09-07T05:13:00,91,56.0,2018-09-07T11:52:00,1.3,13,6.3,41.0,2018-09-07T16:57:00,0.0,,,,,,,,,,,,,,,,,,,,,,100.0,2018-09-07T00:01:00,,,,,,,,,,,,,,,,,,,,,,,,,,,,,,,,,,,,,,,,,,,,,,,,,,,,,,,,,,,,,,,,,,,,,,,,,,
2018-09-08,1001.6,1003.1,2018-09-08T21:31:00,999.3,2018-09-08T14:42:00,26.7,32.7,2018-09-08T11:22:00,24.0,2018-09-08T16:06:00,92,58.0,2018-09-08T11:54:00,0.9,13,7.4,37.0,2018-09-08T15:48:00,50.0,,,,,,,,,,,,,,,,,,,,,,100.0,2018-09-08T00:01:00,,,,,,,,,,,,,,,,,,,,,,,,,,,,,,,,,,,,,,,,,,,,,,,,,,,,,,,,,,,,,,,,,,,,,,,,,,
2018-09-09,1002.0,1003.8,2018-09-09T21:41:00,1000.1,2018-09-09T14:31:00,26.8,33.0,2018-09-09T13:44:00,23.4,2018-09-09T05:56:00,95,65.0,2018-09-09T13:41:00,1.1,9,7.5,196.0,2018-09-09T13:58:00,2.0,,,,,,,,,,,,,,,,,,,,,,100.0,2018-09-09T00:01:00,,,,,,,,,,,,,,,,,,,,,,,,,,,,,,,,,,,,,,,,,,,,,,,,,,,,,,,,,,,,,,,,,,,,,,,,,,
2018-09-10,1001.3,1003.0,2018-09-10T00:01:00,999.7,2018-09-10T15:04:00,26.7,31.3,2018-09-10T11:11:00,25.1,2018-09-10T06:12:00,98,76.0,2018-09-10T11:14:00,0.9,189,4.5,199.0,2018-09-10T14:39:00,7.5,,,,,,,,,,,,,,,,,,,,,,100.0,2018-09-10T00:01:00,,,,,,,,,,,,,,,,,,,,,,,,,,,,,,,,,,,,,,,,,,,,,,,,,,,,,,,,,,,,,,,,,,,,,,,,,,
2018-09-11,1001.6,1003.5,2018-09-11T23:14:00,999.9,2018-09-11T15:22:00,27.7,32.3,2018-09-11T13:57:00,24.7,2018-09-11T02:12:00,95,74.0,2018-09-11T13:15:00,0.9,299,5.6,315.0,2018-09-11T14:29:00,2.5,,,,,,,,,,,,,,,,,,,,,,100.0,2018-09-11T00:01:00,,,,,,,,,,,,,,,,,,,,,,,,,,,,,,,,,,,,,,,,,,,,,,,,,,,,,,,,,,,,,,,,,,,,,,,,,,
2018-09-12,1002.7,1004.0,2018-09-12T22:01:00,1000.4,2018-09-12T14:43:00,28.1,33.6,2018-09-12T13:51:00,25.1,2018-09-12T05:34:00,92,56.0,2018-09-12T11:51:00,0.8,187,7.5,172.0,2018-09-12T15:29:00,10.0,,,,,,,,,,,,,,,,,,,,,,100.0,2018-09-12T00:01:00,,,,,,,,,,,,,,,,,,,,,,,,,,,,,,,,,,,,,,,,,,,,,,,,,,,,,,,,,,,,,,,,,,,,,,,,,,
2018-09-13,1002.5,1004.0,2018-09-13T09:22:00,1000.7,2018-09-13T15:47:00,28.9,33.9,2018-09-13T13:24:00,25.3,2018-09-13T02:34:00,88,60.0,2018-09-13T12:13:00,0.9,28,5.0,300.0,2018-09-13T15:34:00,0.0,,,,,,,,,,,,,,,,,,,,,,100.0,2018-09-13T00:01:00,,,,,,,,,,,,,,,,,,,,,,,,,,,,,,,,,,,,,,,,,,,,,,,,,,,,,,,,,,,,,,,,,,,,,,,,,,
2018-09-14,1000.0,1002.7,2018-09-14T00:02:00,997.2,2018-09-14T23:21:00,29.3,33.7,2018-09-14T13:22:00,26.2,2018-09-14T06:01:00,84,56.0,2018-09-14T13:22:00,1.0,48,5.2,303.0,2018-09-14T13:57:00,0.0,,,,,,,,,,,,,,,,,,,,,,100.0,2018-09-14T00:01:00,,,,,,,,,,,,,,,,,,,,,,,,,,,,,,,,,,,,,,,,,,,,,,,,,,,,,,,,,,,,,,,,,,,,,,,,,,
2018-09-15,994.0,997.6,2018-09-15T00:01:00,990.2,2018-09-15T15:03:00,26.2,30.5,2018-09-15T10:32:00,24.6,2018-09-15T21:21:00,99,61.0,2018-09-15T10:32:00,1.6,187,12.1,64.0,2018-09-15T10:32:00,40.0,,,,,,,,,,,,,,,,,,,,,,100.0,2018-09-15T00:01:00,,,,,,,,,,,,,,,,,,,,,,,,,,,,,,,,,,,,,,,,,,,,,,,,,,,,,,,,,,,,,,,,,,,,,,,,,,
2018-09-16,999.8,1005.3,2018-09-16T23:11:00,993.1,2018-09-16T01:21:00,27.8,32.2,2018-09-16T12:53:00,24.5,2018-09-16T03:02:00,91,62.0,2018-09-16T14:23:00,0.9,17,6.8,56.0,2018-09-16T03:18:00,4.0,,,,,,,,,,,,,,,,,,,,,,100.0,2018-09-16T00:01:00,,,,,,,,,,,,,,,,,,,,,,,,,,,,,,,,,,,,,,,,,,,,,,,,,,,,,,,,,,,,,,,,,,,,,,,,,,
2018-09-17,1006.0,1009.2,2018-09-17T22:32:00,1004.0,2018-09-17T15:03:00,28.8,34.1,2018-09-17T13:36:00,24.7,2018-09-17T04:58:00,88,60.0,2018-09-17T13:37:00,1.1,53,7.2,349.0,2018-09-17T14:51:00,7.0,,,,,,,,,,,,,,,,,,,,,,100.0,2018-09-17T00:49:00,,,,,,,,,,,,,,,,,,,,,,,,,,,,,,,,,,,,,,,,,,,,,,,,,,,,,,,,,,,,,,,,,,,,,,,,,,
2018-09-18,1007.1,1008.8,2018-09-18T00:01:00,1004.6,2018-09-18T15:33:00,28.6,34.2,2018-09-18T11:36:00,25.3,2018-09-18T04:34:00,88,58.0,2018-09-18T12:02:00,1.1,60,7.3,182.0,2018-09-18T17:53:00,0.0,,,,,,,,,,,,,,,,,,,,,,100.0,2018-09-18T00:01:00,,,,,,,,,,,,,,,,,,,,,,,,,,,,,,,,,,,,,,,,,,,,,,,,,,,,,,,,,,,,,,,,,,,,,,,,,,
2018-09-19,1005.5,1007.3,2018-09-19T07:49:00,1003.4,2018-09-19T15:15:00,28.8,33.7,2018-09-19T11:41:00,25.0,2018-09-19T05:33:00,81,52.0,2018-09-19T12:01:00,1.1,6,5.7,304.0,2018-09-19T15:16:00,0.0,,,,,,,,,,,,,,,,,,,,,,100.0,2018-09-19T00:01:00,,,,,,,,,,,,,,,,,,,,,,,,,,,,,,,,,,,,,,,,,,,,,,,,,,,,,,,,,,,,,,,,,,,,,,,,,,
2018-09-20,1004.2,1005.7,2018-09-20T21:01:00,1002.0,2018-09-20T14:32:00,28.8,34.5,2018-09-20T14:51:00,25.0,2018-09-20T04:44:00,82,51.0,2018-09-20T14:51:00,1.2,10,5.6,345.0,2018-09-20T12:16:00,0.0,,,,,,,,,,,,,,,,,,,,,,100.0,2018-09-20T00:01:00,,,,,,,,,,,,,,,,,,,,,,,,,,,,,,,,,,,,,,,,,,,,,,,,,,,,,,,,,,,,,,,,,,,,,,,,,,
2018-09-21,1005.2,1007.7,2018-09-21T21:45:00,1002.8,2018-09-21T15:11:00,29.2,34.9,2018-09-21T13:54:00,25.2,2018-09-21T04:12:00,80,49.0,2018-09-21T14:41:00,1.4,40,6.0,160.0,2018-09-21T15:47:00,0.0,,,,,,,,,,,,,,,,,,,,,,100.0,2018-09-21T01:11:00,,,,,,,,,,,,,,,,,,,,,,,,,,,,,,,,,,,,,,,,,,,,,,,,,,,,,,,,,,,,,,,,,,,,,,,,,,
2018-09-22,1006.8,1008.5,2018-09-22T22:01:00,1004.8,2018-09-22T14:57:00,29.1,34.3,2018-09-22T12:21:00,25.7,2018-09-22T06:01:00,85,53.0,2018-09-22T14:12:00,1.0,181,6.4,195.0,2018-09-22T16:35:00,0.0,,,,,,,,,,,,,,,,,,,,,,100.0,2018-09-22T01:21:00,,,,,,,,,,,,,,,,,,,,,,,,,,,,,,,,,,,,,,,,,,,,,,,,,,,,,,,,,,,,,,,,,,,,,,,,,,
2018-09-23,1006.0,1008.0,2018-09-23T00:01:00,1003.9,2018-09-23T14:43:00,27.7,34.8,2018-09-23T12:31:00,24.4,2018-09-23T18:51:00,92,48.0,2018-09-23T13:06:00,0.9,2,7.4,172.0,2018-09-23T14:14:00,22.5,,,,,,,,,,,,,,,,,,,,,,100.0,2018-09-23T02:29:00,,,,,,,,,,,,,,,,,,,,,,,,,,,,,,,,,,,,,,,,,,,,,,,,,,,,,,,,,,,,,,,,,,,,,,,,,,
2018-09-24,1001.9,1005.1,2018-09-24T00:02:00,999.3,2018-09-24T13:51:00,27.5,33.6,2018-09-24T13:13:00,24.4,2018-09-24T06:04:00,90,56.0,2018-09-24T13:13:00,0.9,182,12.0,182.0,2018-09-24T14:31:00,0.0,,,,,,,,,,,,,,,,,,,,,,100.0,2018-09-24T00:01:00,,,,,,,,,,,,,,,,,,,,,,,,,,,,,,,,,,,,,,,,,,,,,,,,,,,,,,,,,,,,,,,,,,,,,,,,,,
2018-09-25,999.7,1001.1,2018-09-25T00:11:00,997.5,2018-09-25T15:14:00,27.3,32.5,2018-09-25T13:50:00,24.4,2018-09-25T18:01:00,90,63.0,2018-09-25T11:22:00,1.3,34,7.1,194.0,2018-09-25T15:53:00,48.5,,,,,,,,,,,,,,,,,,,,,,100.0,2018-09-25T05:33:00,,,,,,,,,,,,,,,,,,,,,,,,,,,,,,,,,,,,,,,,,,,,,,,,,,,,,,,,,,,,,,,,,,,,,,,,,,
2018-09-26,999.2,1000.6,2018-09-26T08:53:00,997.0,2018-09-26T14:52:00,27.7,33.4,2018-09-26T13:11:00,24.5,2018-09-26T05:37:00,91,58.0,2018-09-26T13:11:00,1.1,3,5.3,169.0,2018-09-26T15:14:00,0.0,,,,,,,,,,,,,,,,,,,,,,100.0,2018-09-26T00:01:00,,,,,,,,,,,,,,,,,,,,,,,,,,,,,,,,,,,,,,,,,,,,,,,,,,,,,,,,,,,,,,,,,,,,,,,,,,
2018-09-27,999.3,1000.7,2018-09-27T07:41:00,997.3,2018-09-27T15:03:00,27.8,33.8,2018-09-27T13:41:00,24.3,2018-09-27T05:06:00,87,53.0,2018-09-27T13:53:00,1.2,179,6.8,178.0,2018-09-27T16:13:00,0.0,,,,,,,,,,,,,,,,,,,,,,100.0,2018-09-27T00:01:00,,,,,,,,,,,,,,,,,,,,,,,,,,,,,,,,,,,,,,,,,,,,,,,,,,,,,,,,,,,,,,,,,,,,,,,,,,
2018-09-28,998.6,1000.4,2018-09-28T00:01:00,996.2,2018-09-28T15:14:00,27.7,40.2,2018-09-28T11:06:00,24.2,2018-09-28T06:22:00,86,56.0,2018-09-28T13:22:00,1.5,6,5.0,23.0,2018-09-28T17:59:00,0.0,,,,,,,,,,,,,,,,,,,,,,100.0,2018-09-28T00:41:00,,,,,,,,,,,,,,,,,,,,,,,,,,,,,,,,,,,,,,,,,,,,,,,,,,,,,,,,,,,,,,,,,,,,,,,,,,
2018-09-29,997.7,1000.9,2018-09-29T22:04:00,995.6,2018-09-29T14:26:00,27.1,32.2,2018-09-29T14:11:00,23.5,2018-09-29T05:55:00,76,54.0,2018-09-29T14:11:00,1.8,185,6.4,348.0,2018-09-29T04:51:00,0.0,,,,,,,,,,,,,,,,,,,,,,100.0,2018-09-29T00:42:00,,,,,,,,,,,,,,,,,,,,,,,,,,,,,,,,,,,,,,,,,,,,,,,,,,,,,,,,,,,,,,,,,,,,,,,,,,
2018-09-30,1002.3,1005.1,2018-09-30T22:51:00,999.8,2018-09-30T00:56:00,27.1,30.5,2018-09-30T11:32:00,25.1,2018-09-30T07:04:00,80,55.0,2018-09-30T11:32:00,0.8,204,4.4,177.0,2018-09-30T16:43:00,0.0,,,,,,,,,,,,,,,,,,,,,,98.0,2018-09-30T05:51:00,,,,,,,,,,,,,,,,,,,,,,,,,,,,,,,,,,,,,,,,,,,,,,,,,,,,,,,,,,,,,,,,,,,,,,,,,,
2018-10-01,1005.6,1007.6,2018-10-01T21:26:00,1003.9,2018-10-01T14:01:00,26.1,31.3,2018-10-01T11:11:00,22.8,2018-10-01T23:21:00,88,53.0,2018-10-01T12:04:00,0.5,53,4.5,186.0,2018-10-01T17:12:00,5.0,,,,,,,,,,,,,,,,,,,,,,100.0,2018-10-01T04:33:00,,,,,,,,,,,,,,,,,,,,,,,,,,,,,,,,,,,,,,,,,,,,,,,,,,,,,,,,,,,,,,,,,,,,,,,,,,
2018-10-02,1006.3,1007.7,2018-10-02T09:11:00,1004.2,2018-10-02T14:41:00,26.3,31.1,2018-10-02T14:52:00,22.7,2018-10-02T05:14:00,79,52.0,2018-10-02T15:02:00,1.1,188,7.6,304.0,2018-10-02T11:54:00,0.0,,,,,,,,,,,,,,,,,,,,,,100.0,2018-10-02T00:01:00,,,,,,,,,,,,,,,,,,,,,,,,,,,,,,,,,,,,,,,,,,,,,,,,,,,,,,,,,,,,,,,,,,,,,,,,,,
2018-10-03,1005.6,1007.5,2018-10-03T09:14:00,1003.6,2018-10-03T14:42:00,26.0,30.4,2018-10-03T14:01:00,22.2,2018-10-03T05:31:00,79,48.0,2018-10-03T14:51:00,1.0,58,5.0,355.0,2018-10-03T13:34:00,0.0,,,,,,,,,,,,,,,,,,,,,,100.0,2018-10-03T00:21:00,,,,,,,,,,,,,,,,,,,,,,,,,,,,,,,,,,,,,,,,,,,,,,,,,,,,,,,,,,,,,,,,,,,,,,,,,,
2018-10-04,1002.0,1005.4,2018-10-04T00:01:00,999.2,2018-10-04T15:27:00,25.2,30.1,2018-10-04T14:31:00,21.8,2018-10-04T23:21:00,81,50.0,2018-10-04T14:31:00,2.3,352,8.1,307.0,2018-10-04T15:18:00,0.0,,,,,,,,,,,,,,,,,,,,,,100.0,2018-10-04T03:11:00,,,,,,,,,,,,,,,,,,,,,,,,,,,,,,,,,,,,,,,,,,,,,,,,,,,,,,,,,,,,,,,,,,,,,,,,,,
2018-10-05,1002.3,1005.6,2018-10-05T23:01:00,999.9,2018-10-05T03:23:00,25.5,31.5,2018-10-05T14:02:00,21.3,2018-10-05T04:22:00,74,46.0,2018-10-05T14:31:00,1.7,348,6.7,276.0,2018-10-05T15:32:00,0.0,,,,,,,,,,,,,,,,,,,,,,100.0,2018-10-05T00:01:00,,,,,,,,,,,,,,,,,,,,,,,,,,,,,,,,,,,,,,,,,,,,,,,,,,,,,,,,,,,,,,,,,,,,,,,,,,
2018-10-06,1005.8,1007.6,2018-10-06T22:32:00,1004.4,2018-10-06T14:17:00,26.8,31.9,2018-10-06T11:16:00,23.5,2018-10-06T01:51:00,79,50.0,2018-10-06T11:51:00,1.0,184,4.3,273.0,2018-10-06T13:50:00,0.0,,,,,,,,,,,,,,,,,,,,,,100.0,2018-10-06T04:21:00,,,,,,,,,,,,,,,,,,,,,,,,,,,,,,,,,,,,,,,,,,,,,,,,,,,,,,,,,,,,,,,,,,,,,,,,,,
2018-10-07,1006.6,1008.2,2018-10-07T09:11:00,1004.3,2018-10-07T13:56:00,26.6,33.4,2018-10-07T12:01:00,23.1,2018-10-07T04:32:00,86,47.0,2018-10-07T12:01:00,1.0,2,5.4,234.0,2018-10-07T14:09:00,0.0,,,,,,,,,,,,,,,,,,,,,,100.0,2018-10-07T03:08:00,,,,,,,,,,,,,,,,,,,,,,,,,,,,,,,,,,,,,,,,,,,,,,,,,,,,,,,,,,,,,,,,,,,,,,,,,,
2018-10-08,1006.2,1007.9,2018-10-08T08:03:00,1004.1,2018-10-08T14:08:00,26.5,32.8,2018-10-08T11:46:00,22.9,2018-10-08T06:13:00,89,51.0,2018-10-08T11:47:00,0.8,212,5.4,202.0,2018-10-08T14:08:00,0.0,,,,,,,,,,,,,,,,,,,,,,100.0,2018-10-08T00:01:00,,,,,,,,,,,,,,,,,,,,,,,,,,,,,,,,,,,,,,,,,,,,,,,,,,,,,,,,,,,,,,,,,,,,,,,,,,
2018-10-09,1005.9,1007.4,2018-10-09T22:42:00,1003.9,2018-10-09T14:38:00,25.6,32.5,2018-10-09T12:12:00,23.1,2018-10-09T06:31:00,93,56.0,2018-10-09T12:17:00,0.8,9,8.3,293.0,2018-10-09T13:51:00,42.5,,,,,,,,,,,,,,,,,,,,,,100.0,2018-10-09T00:01:00,,,,,,,,,,,,,,,,,,,,,,,,,,,,,,,,,,,,,,,,,,,,,,,,,,,,,,,,,,,,,,,,,,,,,,,,,,
2018-10-10,1006.4,1007.9,2018-10-10T21:37:00,1004.4,2018-10-10T13:51:00,25.4,31.6,2018-10-10T11:31:00,22.9,2018-10-10T06:29:00,95,61.0,2018-10-10T11:34:00,0.7,44,4.8,281.0,2018-10-10T12:32:00,6.5,,,,,,,,,,,,,,,,,,,,,,100.0,2018-10-10T00:01:00,,,,,,,,,,,,,,,,,,,,,,,,,,,,,,,,,,,,,,,,,,,,,,,,,,,,,,,,,,,,,,,,,,,,,,,,,,
2018-10-11,1007.8,1009.5,2018-10-11T21:45:00,1006.1,2018-10-11T14:25:00,25.7,29.9,2018-10-11T11:51:00,23.5,2018-10-11T23:42:00,95,76.0,2018-10-11T11:44:00,0.9,176,4.7,180.0,2018-10-11T15:27:00,0.0,,,,,,,,,,,,,,,,,,,,,,100.0,2018-10-11T00:01:00,,,,,,,,,,,,,,,,,,,,,,,,,,,,,,,,,,,,,,,,,,,,,,,,,,,,,,,,,,,,,,,,,,,,,,,,,,
2018-10-12,1009.4,1011.0,2018-10-12T09:11:00,1008.1,2018-10-12T15:21:00,24.8,29.0,2018-10-12T12:55:00,22.6,2018-10-12T05:41:00,98,79.0,2018-10-12T12:54:00,0.6,347,3.6,350.0,2018-10-12T11:35:00,1.5,,,,,,,,,,,,,,,,,,,,,,100.0,2018-10-12T00:01:00,,,,,,,,,,,,,,,,,,,,,,,,,,,,,,,,,,,,,,,,,,,,,,,,,,,,,,,,,,,,,,,,,,,,,,,,,,
2018-10-13,1009.1,1010.7,2018-10-13T07:34:00,1007.0,2018-10-13T14:42:00,25.5,31.6,2018-10-13T12:56:00,21.9,2018-10-13T05:54:00,92,52.0,2018-10-13T12:58:00,0.9,183,6.3,193.0,2018-10-13T14:55:00,0.5,,,,,,,,,,,,,,,,,,,,,,100.0,2018-10-13T00:01:00,,,,,,,,,,,,,,,,,,,,,,,,,,,,,,,,,,,,,,,,,,,,,,,,,,,,,,,,,,,,,,,,,,,,,,,,,,
2018-10-14,1007.6,1009.6,2018-10-14T08:11:00,1005.3,2018-10-14T15:34:00,26.7,32.4,2018-10-14T13:23:00,22.5,2018-10-14T05:59:00,83,48.0,2018-10-14T12:31:00,0.9,5,4.9,298.0,2018-10-14T15:46:00,0.0,,,,,,,,,,,,,,,,,,,,,,100.0,2018-10-14T00:01:00,,,,,,,,,,,,,,,,,,,,,,,,,,,,,,,,,,,,,,,,,,,,,,,,,,,,,,,,,,,,,,,,,,,,,,,,,,
2018-10-15,1006.8,1008.3,2018-10-15T08:41:00,1004.6,2018-10-15T13:44:00,26.9,32.2,2018-10-15T12:03:00,23.1,2018-10-15T05:42:00,88,52.0,2018-10-15T11:52:00,0.9,11,4.5,300.0,2018-10-15T15:31:00,0.0,,,,,,,,,,,,,,,,,,,,,,100.0,2018-10-15T00:01:00,,,,,,,,,,,,,,,,,,,,,,,,,,,,,,,,,,,,,,,,,,,,,,,,,,,,,,,,,,,,,,,,,,,,,,,,,,
2018-10-16,1005.2,1007.1,2018-10-16T00:01:00,1002.9,2018-10-16T14:01:00,26.5,33.0,2018-10-16T12:42:00,23.3,2018-10-16T05:38:00,89,48.0,2018-10-16T11:52:00,1.3,7,5.5,193.0,2018-10-16T13:21:00,0.0,,,,,,,,,,,,,,,,,,,,,,100.0,2018-10-16T00:01:00,,,,,,,,,,,,,,,,,,,,,,,,,,,,,,,,,,,,,,,,,,,,,,,,,,,,,,,,,,,,,,,,,,,,,,,,,,
2018-10-17,1004.5,1005.9,2018-10-17T23:07:00,1002.3,2018-10-17T14:41:00,25.8,31.3,2018-10-17T14:11:00,22.6,2018-10-17T05:51:00,91,61.0,2018-10-17T14:21:00,1.0,205,4.3,191.0,2018-10-17T11:01:00,1.5,,,,,,,,,,,,,,,,,,,,,,100.0,2018-10-17T00:01:00,,,,,,,,,,,,,,,,,,,,,,,,,,,,,,,,,,,,,,,,,,,,,,,,,,,,,,,,,,,,,,,,,,,,,,,,,,
2018-10-18,1006.5,1008.4,2018-10-18T21:13:00,1004.6,2018-10-18T02:41:00,25.4,31.2,2018-10-18T12:31:00,22.5,2018-10-18T01:12:00,92,59.0,2018-10-18T12:31:00,0.9,340,5.2,317.0,2018-10-18T14:08:00,0.5,,,,,,,,,,,,,,,,,,,,,,100.0,2018-10-18T00:01:00,,,,,,,,,,,,,,,,,,,,,,,,,,,,,,,,,,,,,,,,,,,,,,,,,,,,,,,,,,,,,,,,,,,,,,,,,,
2018-10-19,1009.5,1011.5,2018-10-19T21:51:00,1007.6,2018-10-19T00:21:00,25.6,30.6,2018-10-19T11:31:00,23.8,2018-10-19T23:52:00,94,62.0,2018-10-19T11:34:00,0.9,185,5.4,191.0,2018-10-19T13:20:00,0.0,,,,,,,,,,,,,,,,,,,,,,100.0,2018-10-19T00:01:00,,,,,,,,,,,,,,,,,,,,,,,,,,,,,,,,,,,,,,,,,,,,,,,,,,,,,,,,,,,,,,,,,,,,,,,,,,
2018-10-20,1010.9,1013.3,2018-10-20T08:50:00,1008.2,2018-10-20T14:27:00,26.0,31.2,2018-10-20T12:54:00,22.4,2018-10-20T04:01:00,86,56.0,2018-10-20T12:11:00,0.9,2,5.6,284.0,2018-10-20T17:07:00,0.0,,,,,,,,,,,,,,,,,,,,,,100.0,2018-10-20T00:01:00,,,,,,,,,,,,,,,,,,,,,,,,,,,,,,,,,,,,,,,,,,,,,,,,,,,,,,,,,,,,,,,,,,,,,,,,,,
2018-10-21,1009.8,1011.9,2018-10-21T09:03:00,1007.8,2018-10-21T15:02:00,26.0,31.2,2018-10-21T12:23:00,22.2,2018-10-21T05:25:00,85,53.0,2018-10-21T13:13:00,0.8,209,5.6,273.0,2018-10-21T13:50:00,0.0,,,,,,,,,,,,,,,,,,,,,,100.0,2018-10-21T00:01:00,,,,,,,,,,,,,,,,,,,,,,,,,,,,,,,,,,,,,,,,,,,,,,,,,,,,,,,,,,,,,,,,,,,,,,,,,,
2018-10-22,1008.7,1010.6,2018-10-22T09:31:00,1006.4,2018-10-22T14:51:00,26.0,30.1,2018-10-22T11:11:00,23.1,2018-10-22T06:01:00,86,56.0,2018-10-22T11:11:00,0.8,11,5.6,204.0,2018-10-22T13:38:00,0.0,,,,,,,,,,,,,,,,,,,,,,100.0,2018-10-22T00:16:00,,,,,,,,,,,,,,,,,,,,,,,,,,,,,,,,,,,,,,,,,,,,,,,,,,,,,,,,,,,,,,,,,,,,,,,,,,
2018-10-23,1008.8,1010.7,2018-10-23T08:55:00,1007.0,2018-10-23T15:32:00,26.5,31.3,2018-10-23T13:21:00,23.6,2018-10-23T05:01:00,83,48.0,2018-10-23T12:12:00,0.8,182,4.4,256.0,2018-10-23T15:19:00,0.0,,,,,,,,,,,,,,,,,,,,,,100.0,2018-10-23T00:01:00,,,,,,,,,,,,,,,,,,,,,,,,,,,,,,,,,,,,,,,,,,,,,,,,,,,,,,,,,,,,,,,,,,,,,,,,,,
2018-10-24,1009.0,1010.6,2018-10-24T08:51:00,1007.5,2018-10-24T14:12:00,26.0,29.5,2018-10-24T10:21:00,23.7,2018-10-24T23:53:00,93,66.0,2018-10-24T15:13:00,0.6,47,4.4,198.0,2018-10-24T13:39:00,2.5,,,,,,,,,,,,,,,,,,,,,,100.0,2018-10-24T00:51:00,,,,,,,,,,,,,,,,,,,,,,,,,,,,,,,,,,,,,,,,,,,,,,,,,,,,,,,,,,,,,,,,,,,,,,,,,,
2018-10-25,1009.3,1011.2,2018-10-25T08:51:00,1007.4,2018-10-25T14:14:00,26.4,31.4,2018-10-25T14:14:00,22.6,2018-10-25T06:04:00,87,56.0,2018-10-25T12:23:00,0.9,277,5.4,265.0,2018-10-25T15:47:00,0.0,,,,,,,,,,,,,,,,,,,,,,100.0,2018-10-25T00:01:00,,,,,,,,,,,,,,,,,,,,,,,,,,,,,,,,,,,,,,,,,,,,,,,,,,,,,,,,,,,,,,,,,,,,,,,,,,
2018-10-26,1008.5,1010.5,2018-10-26T07:32:00,1005.9,2018-10-26T15:33:00,26.2,31.2,2018-10-26T12:52:00,22.4,2018-10-26T05:05:00,82,52.0,2018-10-26T12:53:00,1.2,32,5.6,355.0,2018-10-26T13:19:00,0.0,,,,,,,,,,,,,,,,,,,,,,100.0,2018-10-26T00:01:00,,,,,,,,,,,,,,,,,,,,,,,,,,,,,,,,,,,,,,,,,,,,,,,,,,,,,,,,,,,,,,,,,,,,,,,,,,
2018-10-27,1008.7,1010.2,2018-10-27T09:11:00,1006.9,2018-10-27T15:03:00,25.6,30.5,2018-10-27T11:52:00,22.4,2018-10-27T23:51:00,84,64.0,2018-10-27T11:52:00,1.2,26,6.6,176.0,2018-10-27T15:17:00,0.0,,,,,,,,,,,,,,,,,,,,,,100.0,2018-10-27T02:03:00,,,,,,,,,,,,,,,,,,,,,,,,,,,,,,,,,,,,,,,,,,,,,,,,,,,,,,,,,,,,,,,,,,,,,,,,,,
2018-10-28,1007.7,1010.5,2018-10-28T07:42:00,1005.4,2018-10-28T14:31:00,23.7,28.6,2018-10-28T13:02:00,21.0,2018-10-28T05:11:00,78,50.0,2018-10-28T13:13:00,0.9,209,6.5,197.0,2018-10-28T14:58:00,0.0,,,,,,,,,,,,,,,,,,,,,,100.0,2018-10-28T03:01:00,,,,,,,,,,,,,,,,,,,,,,,,,,,,,,,,,,,,,,,,,,,,,,,,,,,,,,,,,,,,,,,,,,,,,,,,,,
2018-10-29,1005.5,1007.0,2018-10-29T08:21:00,1003.0,2018-10-29T14:13:00,23.5,29.4,2018-10-29T14:22:00,19.4,2018-10-29T06:01:00,74,41.0,2018-10-29T16:11:00,0.8,320,6.0,199.0,2018-10-29T15:44:00,0.0,,,,,,,,,,,,,,,,,,,,,,100.0,2018-10-29T04:33:00,,,,,,,,,,,,,,,,,,,,,,,,,,,,,,,,,,,,,,,,,,,,,,,,,,,,,,,,,,,,,,,,,,,,,,,,,,
2018-10-30,1004.6,1006.2,2018-10-30T23:06:00,1002.9,2018-10-30T14:17:00,24.5,31.7,2018-10-30T13:22:00,19.2,2018-10-30T06:15:00,72,37.0,2018-10-30T13:23:00,1.1,27,5.2,276.0,2018-10-30T10:47:00,0.0,,,,,,,,,,,,,,,,,,,,,,100.0,2018-10-30T02:01:00,,,,,,,,,,,,,,,,,,,,,,,,,,,,,,,,,,,,,,,,,,,,,,,,,,,,,,,,,,,,,,,,,,,,,,,,,,
2018-10-31,1005.2,1007.0,2018-10-31T09:21:00,1003.9,2018-10-31T18:27:00,23.5,25.4,2018-10-31T13:31:00,21.7,2018-10-31T05:19:00,94,80.0,2018-10-31T09:34:00,1.2,9,4.9,36.0,2018-10-31T10:27:00,0.0,,,,,,,,,,,,,,,,,,,,,,100.0,2018-10-31T05:21:00,,,,,,,,,,,,,,,,,,,,,,,,,,,,,,,,,,,,,,,,,,,,,,,,,,,,,,,,,,,,,,,,,,,,,,,,,,
2018-11-01,1004.9,1006.6,2018-11-01T22:01:00,1003.6,2018-11-01T04:37:00,23.5,27.3,2018-11-01T10:27:00,21.1,2018-11-01T03:45:00,94,75.0,2018-11-01T10:27:00,1.4,9,5.4,6.0,2018-11-01T05:09:00,0.0,,,,,,,,,,,,,,,,,,,,,,100.0,2018-11-01T00:01:00,,,,,,,,,,,,,,,,,,,,,,,,,,,,,,,,,,,,,,,,,,,,,,,,,,,,,,,,,,,,,,,,,,,,,,,,,,
2018-11-02,1006.8,1008.9,2018-11-02T07:41:00,1003.6,2018-11-02T02:21:00,23.6,27.6,2018-11-02T11:51:00,20.8,2018-11-02T04:23:00,93,70.0,2018-11-02T11:51:00,1.0,16,5.0,11.0,2018-11-02T08:30:00,0.0,,,,,,,,,,,,,,,,,,,,,,100.0,2018-11-02T00:01:00,,,,,,,,,,,,,,,,,,,,,,,,,,,,,,,,,,,,,,,,,,,,,,,,,,,,,,,,,,,,,,,,,,,,,,,,,,
2018-11-03,1008.4,1009.8,2018-11-03T09:03:00,1006.4,2018-11-03T14:01:00,26.1,33.4,2018-11-03T12:42:00,20.7,2018-11-03T05:32:00,87,50.0,2018-11-03T12:53:00,1.2,2,5.0,204.0,2018-11-03T15:07:00,0.0,,,,,,,,,,,,,,,,,,,,,,100.0,2018-11-03T00:01:00,,,,,,,,,,,,,,,,,,,,,,,,,,,,,,,,,,,,,,,,,,,,,,,,,,,,,,,,,,,,,,,,,,,,,,,,,,
2018-11-04,1008.7,1010.7,2018-11-04T08:33:00,1006.4,2018-11-04T15:12:00,26.4,31.0,2018-11-04T13:11:00,22.2,2018-11-04T06:21:00,92,66.0,2018-11-04T14:32:00,0.9,32,4.1,314.0,2018-11-04T12:25:00,0.0,,,,,,,,,,,,,,,,,,,,,,100.0,2018-11-04T00:01:00,,,,,,,,,,,,,,,,,,,,,,,,,,,,,,,,,,,,,,,,,,,,,,,,,,,,,,,,,,,,,,,,,,,,,,,,,,
2018-11-05,1009.2,1010.6,2018-11-05T08:43:00,1006.6,2018-11-05T15:21:00,26.4,32.6,2018-11-05T12:51:00,22.4,2018-11-05T06:16:00,90,49.0,2018-11-05T12:57:00,1.1,4,5.4,205.0,2018-11-05T14:54:00,0.0,,,,,,,,,,,,,,,,,,,,,,100.0,2018-11-05T00:01:00,,,,,,,,,,,,,,,,,,,,,,,,,,,,,,,,,,,,,,,,,,,,,,,,,,,,,,,,,,,,,,,,,,,,,,,,,,
2018-11-06,1010.1,1011.8,2018-11-06T08:41:00,1008.2,2018-11-06T14:41:00,26.2,31.5,2018-11-06T13:01:00,22.8,2018-11-06T06:05:00,89,58.0,2018-11-06T12:44:00,0.8,32,4.3,314.0,2018-11-06T14:20:00,0.0,,,,,,,,,,,,,,,,,,,,,,100.0,2018-11-06T00:01:00,,,,,,,,,,,,,,,,,,,,,,,,,,,,,,,,,,,,,,,,,,,,,,,,,,,,,,,,,,,,,,,,,,,,,,,,,,
2018-11-07,1010.1,1012.1,2018-11-07T08:51:00,1008.1,2018-11-07T14:31:00,26.2,32.1,2018-11-07T13:32:00,21.9,2018-11-07T05:21:00,85,52.0,2018-11-07T13:41:00,1.0,182,4.6,323.0,2018-11-07T15:10:00,0.0,,,,,,,,,,,,,,,,,,,,,,100.0,2018-11-07T00:01:00,,,,,,,,,,,,,,,,,,,,,,,,,,,,,,,,,,,,,,,,,,,,,,,,,,,,,,,,,,,,,,,,,,,,,,,,,,
2018-11-08,1009.2,1010.9,2018-11-08T09:05:00,1007.0,2018-11-08T14:23:00,26.5,32.1,2018-11-08T14:31:00,22.9,2018-11-08T06:31:00,86,48.0,2018-11-08T15:42:00,1.1,19,5.5,348.0,2018-11-08T15:42:00,0.0,,,,,,,,,,,,,,,,,,,,,,100.0,2018-11-08T00:01:00,,,,,,,,,,,,,,,,,,,,,,,,,,,,,,,,,,,,,,,,,,,,,,,,,,,,,,,,,,,,,,,,,,,,,,,,,,
2018-11-09,1009.6,1011.1,2018-11-09T08:33:00,1007.5,2018-11-09T14:42:00,26.0,31.4,2018-11-09T14:38:00,22.3,2018-11-09T06:21:00,85,54.0,2018-11-09T14:38:00,1.2,7,6.8,306.0,2018-11-09T15:00:00,0.0,,,,,,,,,,,,,,,,,,,,,,100.0,2018-11-09T00:01:00,,,,,,,,,,,,,,,,,,,,,,,,,,,,,,,,,,,,,,,,,,,,,,,,,,,,,,,,,,,,,,,,,,,,,,,,,,
2018-11-10,1010.8,1012.8,2018-11-10T09:03:00,1008.6,2018-11-10T15:22:00,25.2,29.5,2018-11-10T10:34:00,21.8,2018-11-10T04:32:00,90,63.0,2018-11-10T11:31:00,0.9,306,5.4,287.0,2018-11-10T11:59:00,0.0,,,,,,,,,,,,,,,,,,,,,,100.0,2018-11-10T00:01:00,,,,,,,,,,,,,,,,,,,,,,,,,,,,,,,,,,,,,,,,,,,,,,,,,,,,,,,,,,,,,,,,,,,,,,,,,,
2018-11-11,1009.7,1012.0,2018-11-11T08:39:00,1007.1,2018-11-11T15:13:00,25.5,31.4,2018-11-11T13:42:00,21.6,2018-11-11T05:31:00,83,46.0,2018-11-11T13:52:00,0.8,53,5.0,181.0,2018-11-11T16:46:00,0.0,,,,,,,,,,,,,,,,,,,,,,100.0,2018-11-11T00:01:00,,,,,,,,,,,,,,,,,,,,,,,,,,,,,,,,,,,,,,,,,,,,,,,,,,,,,,,,,,,,,,,,,,,,,,,,,,
2018-11-12,1007.2,1009.8,2018-11-12T07:33:00,1004.5,2018-11-12T15:13:00,25.3,29.6,2018-11-12T11:31:00,21.8,2018-11-12T01:43:00,78,49.0,2018-11-12T14:41:00,1.0,56,5.3,347.0,2018-11-12T14:39:00,0.0,,,,,,,,,,,,,,,,,,,,,,100.0,2018-11-12T00:01:00,,,,,,,,,,,,,,,,,,,,,,,,,,,,,,,,,,,,,,,,,,,,,,,,,,,,,,,,,,,,,,,,,,,,,,,,,,
2018-11-13,1006.3,1008.0,2018-11-13T09:14:00,1003.8,2018-11-13T14:05:00,25.2,31.1,2018-11-13T12:59:00,21.2,2018-11-13T06:01:00,84,46.0,2018-11-13T13:23:00,1.0,1,5.7,190.0,2018-11-13T15:02:00,0.0,,,,,,,,,,,,,,,,,,,,,,100.0,2018-11-13T00:01:00,,,,,,,,,,,,,,,,,,,,,,,,,,,,,,,,,,,,,,,,,,,,,,,,,,,,,,,,,,,,,,,,,,,,,,,,,,
2018-11-14,1008.1,1010.0,2018-11-14T08:41:00,1006.1,2018-11-14T14:18:00,24.9,30.8,2018-11-14T11:41:00,21.1,2018-11-14T05:41:00,89,50.0,2018-11-14T13:01:00,1.0,194,5.6,202.0,2018-11-14T14:07:00,0.0,,,,,,,,,,,,,,,,,,,,,,100.0,2018-11-14T00:01:00,,,,,,,,,,,,,,,,,,,,,,,,,,,,,,,,,,,,,,,,,,,,,,,,,,,,,,,,,,,,,,,,,,,,,,,,,,
2018-11-15,1009.2,1011.1,2018-11-15T07:43:00,1006.6,2018-11-15T13:43:00,25.4,31.2,2018-11-15T13:04:00,21.0,2018-11-15T06:21:00,84,44.0,2018-11-15T12:33:00,1.0,14,4.3,302.0,2018-11-15T13:57:00,0.0,,,,,,,,,,,,,,,,,,,,,,100.0,2018-11-15T00:01:00,,,,,,,,,,,,,,,,,,,,,,,,,,,,,,,,,,,,,,,,,,,,,,,,,,,,,,,,,,,,,,,,,,,,,,,,,,
2018-11-16,1008.6,1010.4,2018-11-16T08:41:00,1006.0,2018-11-16T16:01:00,26.2,32.2,2018-11-16T13:21:00,22.5,2018-11-16T00:45:00,83,43.0,2018-11-16T13:21:00,1.2,180,5.5,340.0,2018-11-16T11:59:00,0.0,,,,,,,,,,,,,,,,,,,,,,100.0,2018-11-16T00:01:00,,,,,,,,,,,,,,,,,,,,,,,,,,,,,,,,,,,,,,,,,,,,,,,,,,,,,,,,,,,,,,,,,,,,,,,,,,
2018-11-17,1008.5,1010.2,2018-11-17T08:34:00,1006.6,2018-11-17T14:07:00,26.2,30.1,2018-11-17T11:01:00,23.8,2018-11-17T05:52:00,91,63.0,2018-11-17T11:02:00,1.0,53,5.6,196.0,2018-11-17T15:01:00,0.0,,,,,,,,,,,,,,,,,,,,,,100.0,2018-11-17T00:01:00,,,,,,,,,,,,,,,,,,,,,,,,,,,,,,,,,,,,,,,,,,,,,,,,,,,,,,,,,,,,,,,,,,,,,,,,,,
2018-11-18,1008.8,1010.7,2018-11-18T08:51:00,1006.7,2018-11-18T14:51:00,26.3,31.0,2018-11-18T12:04:00,22.7,2018-11-18T05:41:00,88,60.0,2018-11-18T13:05:00,1.0,19,5.0,179.0,2018-11-18T16:50:00,0.0,,,,,,,,,,,,,,,,,,,,,,100.0,2018-11-18T00:01:00,,,,,,,,,,,,,,,,,,,,,,,,,,,,,,,,,,,,,,,,,,,,,,,,,,,,,,,,,,,,,,,,,,,,,,,,,,
2018-11-19,1009.0,1011.0,2018-11-19T22:51:00,1007.3,2018-11-19T14:13:00,25.5,31.6,2018-11-19T12:33:00,22.7,2018-11-19T23:44:00,89,56.0,2018-11-19T13:53:00,1.4,194,6.2,189.0,2018-11-19T15:10:00,0.0,,,,,,,,,,,,,,,,,,,,,,100.0,2018-11-19T00:01:00,,,,,,,,,,,,,,,,,,,,,,,,,,,,,,,,,,,,,,,,,,,,,,,,,,,,,,,,,,,,,,,,,,,,,,,,,,
2018-11-20,1010.1,1011.8,2018-11-20T08:56:00,1007.9,2018-11-20T15:04:00,24.4,28.3,2018-11-20T13:22:00,21.1,2018-11-20T03:29:00,89,64.0,2018-11-20T14:04:00,0.9,181,4.1,309.0,2018-11-20T12:26:00,0.0,,,,,,,,,,,,,,,,,,,,,,100.0,2018-11-20T00:01:00,,,,,,,,,,,,,,,,,,,,,,,,,,,,,,,,,,,,,,,,,,,,,,,,,,,,,,,,,,,,,,,,,,,,,,,,,,
2018-11-21,1009.0,1010.6,2018-11-21T00:01:00,1006.1,2018-11-21T14:25:00,25.2,31.9,2018-11-21T14:13:00,20.6,2018-11-21T06:37:00,84,46.0,2018-11-21T12:11:00,1.2,3,5.8,326.0,2018-11-21T14:55:00,0.0,,,,,,,,,,,,,,,,,,,,,,100.0,2018-11-21T00:01:00,,,,,,,,,,,,,,,,,,,,,,,,,,,,,,,,,,,,,,,,,,,,,,,,,,,,,,,,,,,,,,,,,,,,,,,,,,
2018-11-22,1010.3,1012.3,2018-11-22T21:22:00,1008.1,2018-11-22T14:21:00,23.8,29.2,2018-11-22T12:32:00,20.5,2018-11-22T06:34:00,87,60.0,2018-11-22T13:45:00,1.2,6,5.0,182.0,2018-11-22T16:04:00,0.0,,,,,,,,,,,,,,,,,,,,,,100.0,2018-11-22T00:01:00,,,,,,,,,,,,,,,,,,,,,,,,,,,,,,,,,,,,,,,,,,,,,,,,,,,,,,,,,,,,,,,,,,,,,,,,,,
2018-11-23,1011.2,1013.4,2018-11-23T08:53:00,1008.7,2018-11-23T15:26:00,23.1,28.8,2018-11-23T14:22:00,19.3,2018-11-23T06:34:00,83,52.0,2018-11-23T13:03:00,1.3,3,4.1,313.0,2018-11-23T14:57:00,0.0,,,,,,,,,,,,,,,,,,,,,,100.0,2018-11-23T03:43:00,,,,,,,,,,,,,,,,,,,,,,,,,,,,,,,,,,,,,,,,,,,,,,,,,,,,,,,,,,,,,,,,,,,,,,,,,,
2018-11-24,1011.4,1013.0,2018-11-24T07:42:00,1008.8,2018-11-24T14:41:00,22.9,29.9,2018-11-24T14:23:00,18.2,2018-11-24T06:21:00,82,40.0,2018-11-24T13:41:00,1.0,3,4.1,277.0,2018-11-24T13:33:00,0.0,,,,,,,,,,,,,,,,,,,,,,100.0,2018-11-24T00:01:00,,,,,,,,,,,,,,,,,,,,,,,,,,,,,,,,,,,,,,,,,,,,,,,,,,,,,,,,,,,,,,,,,,,,,,,,,,
2018-11-25,1010.4,1011.9,2018-11-25T00:01:00,1008.3,2018-11-25T15:31:00,23.3,29.5,2018-11-25T11:11:00,19.6,2018-11-25T03:14:00,81,41.0,2018-11-25T12:31:00,1.2,12,8.1,330.0,2018-11-25T20:52:00,0.0,,,,,,,,,,,,,,,,,,,,,,100.0,2018-11-25T00:01:00,,,,,,,,,,,,,,,,,,,,,,,,,,,,,,,,,,,,,,,,,,,,,,,,,,,,,,,,,,,,,,,,,,,,,,,,,,
2018-11-26,1011.0,1012.5,2018-11-26T09:13:00,1009.9,2018-11-26T04:51:00,21.7,23.5,2018-11-26T15:24:00,20.5,2018-11-26T04:24:00,89,74.0,2018-11-26T13:42:00,1.1,332,6.4,331.0,2018-11-26T13:32:00,0.0,,,,,,,,,,,,,,,,,,,,,,100.0,2018-11-26T21:31:00,,,,,,,,,,,,,,,,,,,,,,,,,,,,,,,,,,,,,,,,,,,,,,,,,,,,,,,,,,,,,,,,,,,,,,,,,,
2018-11-27,1010.8,1012.2,2018-11-27T09:31:00,1009.1,2018-11-27T14:34:00,24.2,28.9,2018-11-27T12:03:00,20.5,2018-11-27T03:01:00,80,47.0,2018-11-27T12:53:00,0.8,54,5.3,347.0,2018-11-27T13:24:00,0.0,,,,,,,,,,,,,,,,,,,,,,100.0,2018-11-27T00:01:00,,,,,,,,,,,,,,,,,,,,,,,,,,,,,,,,,,,,,,,,,,,,,,,,,,,,,,,,,,,,,,,,,,,,,,,,,,
2018-11-28,1011.2,1013.1,2018-11-28T21:23:00,1009.2,2018-11-28T14:11:00,23.9,28.1,2018-11-28T14:11:00,22.0,2018-11-28T06:46:00,93,66.0,2018-11-28T14:11:00,1.0,23,5.0,331.0,2018-11-28T10:28:00,0.0,,,,,,,,,,,,,,,,,,,,,,100.0,2018-11-28T00:02:00,,,,,,,,,,,,,,,,,,,,,,,,,,,,,,,,,,,,,,,,,,,,,,,,,,,,,,,,,,,,,,,,,,,,,,,,,,
2018-11-29,1012.9,1014.5,2018-11-29T09:31:00,1010.7,2018-11-29T05:02:00,24.1,28.7,2018-11-29T13:44:00,21.6,2018-11-29T05:51:00,91,60.0,2018-11-29T14:21:00,1.1,313,5.5,314.0,2018-11-29T12:44:00,0.0,,,,,,,,,,,,,,,,,,,,,,100.0,2018-11-29T00:01:00,,,,,,,,,,,,,,,,,,,,,,,,,,,,,,,,,,,,,,,,,,,,,,,,,,,,,,,,,,,,,,,,,,,,,,,,,,
2018-11-30,1013.1,1015.0,2018-11-30T08:32:00,1010.8,2018-11-30T14:02:00,24.0,28.8,2018-11-30T12:25:00,20.4,2018-11-30T06:21:00,86,53.0,2018-11-30T14:13:00,0.9,305,4.5,230.0,2018-11-30T14:51:00,0.0,,,,,,,,,,,,,,,,,,,,,,100.0,2018-11-30T00:01:00,,,,,,,,,,,,,,,,,,,,,,,,,,,,,,,,,,,,,,,,,,,,,,,,,,,,,,,,,,,,,,,,,,,,,,,,,,
2018-12-01,1011.2,1013.5,2018-12-01T08:11:00,1008.7,2018-12-01T14:57:00,23.6,28.8,2018-12-01T14:22:00,19.8,2018-12-01T06:41:00,85,47.0,2018-12-01T12:28:00,0.9,54,5.6,332.0,2018-12-01T13:33:00,0.0,,,,,,,,,,,,,,,,,,,,,,100.0,2018-12-01T00:01:00,,,,,,,,,,,,,,,,,,,,,,,,,,,,,,,,,,,,,,,,,,,,,,,,,,,,,,,,,,,,,,,,,,,,,,,,,,
2018-12-02,1009.7,1011.5,2018-12-02T08:45:00,1007.2,2018-12-02T13:51:00,23.3,31.1,2018-12-02T14:11:00,17.9,2018-12-02T06:41:00,80,38.0,2018-12-02T13:36:00,1.1,242,4.6,267.0,2018-12-02T15:12:00,0.0,,,,,,,,,,,,,,,,,,,,,,100.0,2018-12-02T00:01:00,,,,,,,,,,,,,,,,,,,,,,,,,,,,,,,,,,,,,,,,,,,,,,,,,,,,,,,,,,,,,,,,,,,,,,,,,,
2018-12-03,1009.7,1011.7,2018-12-03T08:46:00,1007.2,2018-12-03T14:31:00,24.4,33.0,2018-12-03T14:03:00,18.6,2018-12-03T06:22:00,78,25.0,2018-12-03T13:12:00,1.3,7,4.5,293.0,2018-12-03T15:33:00,0.0,,,,,,,,,,,,,,,,,,,,,,100.0,2018-12-03T00:01:00,,,,,,,,,,,,,,,,,,,,,,,,,,,,,,,,,,,,,,,,,,,,,,,,,,,,,,,,,,,,,,,,,,,,,,,,,,
2018-12-04,1009.3,1011.7,2018-12-04T08:51:00,1007.0,2018-12-04T14:56:00,24.9,32.3,2018-12-04T13:11:00,19.3,2018-12-04T06:41:00,73,36.0,2018-12-04T13:11:00,1.3,24,4.7,290.0,2018-12-04T12:10:00,0.0,,,,,,,,,,,,,,,,,,,,,,100.0,2018-12-04T00:01:00,,,,,,,,,,,,,,,,,,,,,,,,,,,,,,,,,,,,,,,,,,,,,,,,,,,,,,,,,,,,,,,,,,,,,,,,,,
2018-12-05,1008.2,1010.1,2018-12-05T09:01:00,1005.8,2018-12-05T14:33:00,25.7,32.4,2018-12-05T13:17:00,21.7,2018-12-05T04:51:00,80,10.0,2018-12-05T22:31:00,0.9,190,5.8,193.0,2018-12-05T15:04:00,0.0,,,,,,,,,,,,,,,,,,,,0.0,,100.0,2018-12-05T03:11:00,,,,,,,,,,,,,,,,,,,,,,,,,,,,,,,,,,,,,,,,,,,,,,,,,,,,,,,,,,,,,,,,,,,,,,,,,,
2018-12-06,1008.2,1010.0,2018-12-06T09:12:00,1005.8,2018-12-06T15:18:00,25.7,31.3,2018-12-06T13:11:00,21.6,2018-12-06T06:04:00,88,56.0,2018-12-06T13:11:00,1.0,1,5.9,319.0,2018-12-06T15:46:00,0.0,,,,,,,,,,,,,,,,,,,,0.0,,100.0,2018-12-06T00:01:00,,,,,,,,,,,,,,,,,,,,,,,,,,,,,,,,,,,,,,,,,,,,,,,,,,,,,,,,,,,,,,,,,,,,,,,,,,
2018-12-07,1010.0,1012.2,2018-12-07T22:17:00,1007.7,2018-12-07T14:15:00,24.7,30.0,2018-12-07T14:01:00,21.9,2018-12-07T23:23:00,92,68.0,2018-12-07T13:43:00,1.2,1,5.7,215.0,2018-12-07T15:21:00,0.0,,,,,,,,,,,,,,,,,,,,0.0,,100.0,2018-12-07T00:01:00,,,,,,,,,,,,,,,,,,,,,,,,,,,,,,,,,,,,,,,,,,,,,,,,,,,,,,,,,,,,,,,,,,,,,,,,,,
2018-12-08,1011.6,1013.1,2018-12-08T08:01:00,1009.7,2018-12-08T15:01:00,22.9,27.8,2018-12-08T15:01:00,19.1,2018-12-08T06:58:00,90,62.0,2018-12-08T15:01:00,1.1,17,3.9,175.0,2018-12-08T17:12:00,0.0,,,,,,,,,,,,,,,,,,,,0.0,,100.0,2018-12-08T01:52:00,,,,,,,,,,,,,,,,,,,,,,,,,,,,,,,,,,,,,,,,,,,,,,,,,,,,,,,,,,,,,,,,,,,,,,,,,,
2018-12-09,1011.2,1013.5,2018-12-09T09:11:00,1008.7,2018-12-09T14:54:00,23.1,28.8,2018-12-09T12:33:00,19.6,2018-12-09T06:31:00,89,59.0,2018-12-09T12:33:00,1.3,191,5.5,179.0,2018-12-09T14:45:00,0.0,,,,,,,,,,,,,,,,,,,,0.0,,100.0,2018-12-09T00:01:00,,,,,,,,,,,,,,,,,,,,,,,,,,,,,,,,,,,,,,,,,,,,,,,,,,,,,,,,,,,,,,,,,,,,,,,,,,
2018-12-10,1009.7,1011.8,2018-12-10T08:31:00,1007.0,2018-12-10T14:31:00,23.6,30.1,2018-12-10T12:43:00,19.3,2018-12-10T06:31:00,88,54.0,2018-12-10T13:04:00,1.1,53,5.3,213.0,2018-12-10T13:39:00,0.0,,,,,,,,,,,,,,,,,,,,0.0,,100.0,2018-12-10T00:01:00,,,,,,,,,,,,,,,,,,,,,,,,,,,,,,,,,,,,,,,,,,,,,,,,,,,,,,,,,,,,,,,,,,,,,,,,,,
2018-12-11,1009.6,1011.1,2018-12-11T08:53:00,1006.8,2018-12-11T15:01:00,24.3,30.0,2018-12-11T13:32:00,21.7,2018-12-11T07:04:00,90,57.0,2018-12-11T13:32:00,1.1,6,5.4,297.0,2018-12-11T16:15:00,0.0,,,,,,,,,,,,,,,,,,,,0.0,,100.0,2018-12-11T00:01:00,,,,,,,,,,,,,,,,,,,,,,,,,,,,,,,,,,,,,,,,,,,,,,,,,,,,,,,,,,,,,,,,,,,,,,,,,,
2018-12-12,1013.4,1015.3,2018-12-12T20:41:00,1010.8,2018-12-12T00:11:00,21.8,25.4,2018-12-12T13:41:00,19.4,2018-12-12T23:51:00,90,74.0,2018-12-12T15:51:00,1.0,16,4.7,309.0,2018-12-12T15:18:00,0.0,,,,,,,,,,,,,,,,,,,,0.0,,100.0,2018-12-12T00:01:00,,,,,,,,,,,,,,,,,,,,,,,,,,,,,,,,,,,,,,,,,,,,,,,,,,,,,,,,,,,,,,,,,,,,,,,,,,
2018-12-13,1015.1,1017.1,2018-12-13T08:36:00,1013.3,2018-12-13T14:11:00,21.3,26.7,2018-12-13T12:18:00,17.1,2018-12-13T06:12:00,85,55.0,2018-12-13T12:21:00,1.2,7,4.5,2.0,2018-12-13T17:51:00,0.0,,,,,,,,,,,,,,,,,,,,0.0,,100.0,2018-12-13T00:35:00,,,,,,,,,,,,,,,,,,,,,,,,,,,,,,,,,,,,,,,,,,,,,,,,,,,,,,,,,,,,,,,,,,,,,,,,,,
2018-12-14,1015.6,1017.6,2018-12-14T09:05:00,1013.2,2018-12-14T14:52:00,22.1,28.1,2018-12-14T13:13:00,18.2,2018-12-14T06:42:00,85,52.0,2018-12-14T14:12:00,1.2,347,5.7,276.0,2018-12-14T14:52:00,0.0,,,,,,,,,,,,,,,,,,,,0.0,,100.0,2018-12-14T00:01:00,,,,,,,,,,,,,,,,,,,,,,,,,,,,,,,,,,,,,,,,,,,,,,,,,,,,,,,,,,,,,,,,,,,,,,,,,,
2018-12-15,1014.6,1016.6,2018-12-15T09:01:00,1012.2,2018-12-15T14:45:00,22.1,27.6,2018-12-15T13:24:00,18.0,2018-12-15T06:31:00,90,57.0,2018-12-15T14:13:00,0.8,190,4.5,195.0,2018-12-15T15:32:00,0.0,,,,,,,,,,,,,,,,,,,,0.0,,100.0,2018-12-15T00:01:00,,,,,,,,,,,,,,,,,,,,,,,,,,,,,,,,,,,,,,,,,,,,,,,,,,,,,,,,,,,,,,,,,,,,,,,,,,
2018-12-16,1012.7,1015.0,2018-12-16T08:42:00,1009.5,2018-12-16T15:03:00,23.3,30.4,2018-12-16T13:41:00,20.1,2018-12-16T04:43:00,89,48.0,2018-12-16T13:42:00,1.3,34,6.2,176.0,2018-12-16T15:19:00,0.0,,,,,,,,,,,,,,,,,,,,0.0,,100.0,2018-12-16T00:01:00,,,,,,,,,,,,,,,,,,,,,,,,,,,,,,,,,,,,,,,,,,,,,,,,,,,,,,,,,,,,,,,,,,,,,,,,,,
2018-12-17,1012.8,1014.6,2018-12-17T23:33:00,1010.6,2018-12-17T03:01:00,20.9,25.9,2018-12-17T15:31:00,18.6,2018-12-17T06:01:00,88,61.0,2018-12-17T15:42:00,1.2,3,4.1,177.0,2018-12-17T17:10:00,0.0,,,,,,,,,,,,,,,,,,,,0.0,,100.0,2018-12-17T00:01:00,,,,,,,,,,,,,,,,,,,,,,,,,,,,,,,,,,,,,,,,,,,,,,,,,,,,,,,,,,,,,,,,,,,,,,,,,,
2018-12-18,1014.1,1015.7,2018-12-18T08:28:00,1011.3,2018-12-18T14:24:00,21.3,26.9,2018-12-18T14:15:00,17.9,2018-12-18T06:23:00,79,47.0,2018-12-18T13:20:00,0.9,10,5.2,317.0,2018-12-18T14:46:00,0.0,,,,,,,,,,,,,,,,,,,,0.0,,100.0,2018-12-18T05:46:00,,,,,,,,,,,,,,,,,,,,,,,,,,,,,,,,,,,,,,,,,,,,,,,,,,,,,,,,,,,,,,,,,,,,,,,,,,
2018-12-19,1013.4,1016.3,2018-12-19T09:22:00,1010.5,2018-12-19T15:25:00,20.9,26.6,2018-12-19T14:12:00,16.7,2018-12-19T06:02:00,79,44.0,2018-12-19T15:25:00,1.1,10,4.1,287.0,2018-12-19T15:40:00,0.0,,,,,,,,,,,,,,,,,,,,0.0,,100.0,2018-12-19T00:01:00,,,,,,,,,,,,,,,,,,,,,,,,,,,,,,,,,,,,,,,,,,,,,,,,,,,,,,,,,,,,,,,,,,,,,,,,,,
2018-12-20,1010.4,1012.9,2018-12-20T00:01:00,1007.4,2018-12-20T15:08:00,21.7,29.6,2018-12-20T15:51:00,16.7,2018-12-20T06:53:00,69,21.0,2018-12-20T15:51:00,1.3,56,6.0,193.0,2018-12-20T16:21:00,0.0,,,,,,,,,,,,,,,,,,,,0.0,,100.0,2018-12-20T00:01:00,,,,,,,,,,,,,,,,,,,,,,,,,,,,,,,,,,,,,,,,,,,,,,,,,,,,,,,,,,,,,,,,,,,,,,,,,,
2018-12-21,1009.6,1011.7,2018-12-21T08:51:00,1007.1,2018-12-21T14:44:00,22.6,29.9,2018-12-21T15:01:00,17.6,2018-12-21T06:51:00,66,32.0,2018-12-21T12:32:00,1.3,23,5.1,165.0,2018-12-21T16:08:00,0.0,,,,,,,,,,,,,,,,,,,,0.0,,100.0,2018-12-21T21:51:00,,,,,,,,,,,,,,,,,,,,,,,,,,,,,,,,,,,,,,,,,,,,,,,,,,,,,,,,,,,,,,,,,,,,,,,,,,
2018-12-22,1009.5,1011.2,2018-12-22T08:32:00,1006.8,2018-12-22T14:43:00,23.0,30.9,2018-12-22T13:39:00,18.1,2018-12-22T04:55:00,84,41.0,2018-12-22T13:44:00,0.9,9,5.3,341.0,2018-12-22T14:06:00,0.0,,,,,,,,,,,,,,,,,,,,0.0,,100.0,2018-12-22T00:01:00,,,,,,,,,,,,,,,,,,,,,,,,,,,,,,,,,,,,,,,,,,,,,,,,,,,,,,,,,,,,,,,,,,,,,,,,,,
2018-12-23,1008.7,1010.3,2018-12-23T08:54:00,1006.8,2018-12-23T13:51:00,24.8,29.9,2018-12-23T12:51:00,21.9,2018-12-23T23:51:00,91,58.0,2018-12-23T12:53:00,0.9,6,4.6,323.0,2018-12-23T14:00:00,0.0,,,,,,,,,,,,,,,,,,,,0.0,,100.0,2018-12-23T03:14:00,,,,,,,,,,,,,,,,,,,,,,,,,,,,,,,,,,,,,,,,,,,,,,,,,,,,,,,,,,,,,,,,,,,,,,,,,,
2018-12-24,1008.0,1010.4,2018-12-24T08:33:00,1005.6,2018-12-24T15:04:00,22.7,28.9,2018-12-24T14:17:00,19.3,2018-12-24T05:52:00,92,61.0,2018-12-24T14:17:00,0.9,39,5.6,184.0,2018-12-24T15:46:00,0.0,,,,,,,,,,,,,,,,,,,,0.0,,100.0,2018-12-24T00:01:00,,,,,,,,,,,,,,,,,,,,,,,,,,,,,,,,,,,,,,,,,,,,,,,,,,,,,,,,,,,,,,,,,,,,,,,,,,
2018-12-25,1006.4,1008.3,2018-12-25T08:44:00,1003.9,2018-12-25T14:51:00,23.9,30.6,2018-12-25T13:02:00,19.8,2018-12-25T06:56:00,87,53.0,2018-12-25T15:14:00,1.0,33,4.7,177.0,2018-12-25T16:13:00,0.0,,,,,,,,,,,,,,,,,,,,0.0,,100.0,2018-12-25T00:13:00,,,,,,,,,,,,,,,,,,,,,,,,,,,,,,,,,,,,,,,,,,,,,,,,,,,,,,,,,,,,,,,,,,,,,,,,,,
2018-12-26,1005.1,1007.1,2018-12-26T08:51:00,1002.6,2018-12-26T14:23:00,23.6,30.1,2018-12-26T14:46:00,20.3,2018-12-26T05:13:00,91,54.0,2018-12-26T15:17:00,1.3,19,5.1,315.0,2018-12-26T16:53:00,0.0,,,,,,,,,,,,,,,,,,,,0.0,,100.0,2018-12-26T00:01:00,,,,,,,,,,,,,,,,,,,,,,,,,,,,,,,,,,,,,,,,,,,,,,,,,,,,,,,,,,,,,,,,,,,,,,,,,,
2018-12-27,1007.2,1009.8,2018-12-27T22:41:00,1005.0,2018-12-27T14:02:00,22.0,26.4,2018-12-27T13:51:00,18.0,2018-12-27T23:51:00,92,71.0,2018-12-27T14:11:00,1.4,8,5.2,172.0,2018-12-27T14:44:00,0.5,,,,,,,,,,,,,,,,,,,,0.0,,100.0,2018-12-27T00:01:00,,,,,,,,,,,,,,,,,,,,,,,,,,,,,,,,,,,,,,,,,,,,,,,,,,,,,,,,,,,,,,,,,,,,,,,,,,
2018-12-28,1011.6,1014.0,2018-12-28T21:46:00,1009.1,2018-12-28T01:49:00,20.2,26.4,2018-12-28T13:01:00,16.7,2018-12-28T06:33:00,83,54.0,2018-12-28T13:07:00,1.3,46,4.4,189.0,2018-12-28T15:50:00,0.0,,,,,,,,,,,,,,,,,,,,0.0,,100.0,2018-12-28T00:01:00,,,,,,,,,,,,,,,,,,,,,,,,,,,,,,,,,,,,,,,,,,,,,,,,,,,,,,,,,,,,,,,,,,,,,,,,,,
2018-12-29,1015.6,1017.8,2018-12-29T20:41:00,1013.2,2018-12-29T02:33:00,18.5,24.1,2018-12-29T12:02:00,14.2,2018-12-29T06:48:00,75,49.0,2018-12-29T15:32:00,1.3,13,4.2,339.0,2018-12-29T12:02:00,0.0,,,,,,,,,,,,,,,,,,,,0.0,,100.0,2018-12-29T05:10:00,,,,,,,,,,,,,,,,,,,,,,,,,,,,,,,,,,,,,,,,,,,,,,,,,,,,,,,,,,,,,,,,,,,,,,,,,,
2018-12-30,1015.9,1017.5,2018-12-30T08:41:00,1013.5,2018-12-30T13:43:00,18.7,24.4,2018-12-30T12:55:00,13.9,2018-12-30T06:58:00,78,48.0,2018-12-30T12:53:00,1.0,2,6.7,306.0,2018-12-30T13:43:00,0.0,,,,,,,,,,,,,,,,,,,,0.0,,100.0,2018-12-30T04:16:00,,,,,,,,,,,,,,,,,,,,,,,,,,,,,,,,,,,,,,,,,,,,,,,,,,,,,,,,,,,,,,,,,,,,,,,,,,
2018-12-31,1016.5,1018.1,2018-12-31T09:01:00,1014.3,2018-12-31T13:55:00,20.3,24.6,2018-12-31T14:32:00,17.4,2018-12-31T05:32:00,82,50.0,2018-12-31T14:44:00,1.3,26,3.6,39.0,2018-12-31T03:54:00,0.0,,,,,,,,,,,,,,,,,,,,0.0,,100.0,2018-12-31T23:21:00,,,,,,,,,,,,,,,,,,,,,,,,,,,,,,,,,,,,,,,,,,,,,,,,,,,,,,,,,,,,,,,,,,,,,,,,,,
