,StnPres,SeaPres,StnPresMax,StnPresMaxTime,StnPresMin,StnPresMinTime,Tx,TxMaxAbs,TxMaxAbsTime,TxMinAbs,TxMinAbsTime,Td,RH,RHMin,RHMinTime,WS,WD,WSGust,WDGust,WGustTime,Precp,PrecpMax10,PrecpMax10Time,PrecpHrMax,PrecpHrMaxTime,SunShine,GloblRad,EvapA,TxSoil0cm,TxSoil5cm,TxSoil10cm,TxSoil20cm,TxSoil50cm,TxSoil100cm,AirTemperature.DailyRangef,AirTemperature.MaximumTimef,AirTemperature.Maximumf,AirTemperature.Meanf,AirTemperature.MinimumTimef,AirTemperature.Minimumf,CloudAmount,CloudAmountSat,DewPointTemperature.Maximum,DewPointTemperature.MaximumTime,DewPointTemperature.MaximumTimef,DewPointTemperature.Maximumf,DewPointTemperature.Meanf,DewPointTemperature.Minimum,DewPointTemperature.MinimumTime,DewPointTemperature.MinimumTimef,DewPointTemperature.Minimumf,EvaporationClassAPan.Accumulationf,GlobalSolarRadiation.Accumulationf,GlobalSolarRadiation.HourlyMaximumTimef,GlobalSolarRadiation.HourlyMaximumf,GloblRadMax,GloblRadMaxTime,PeakGust.Directionf,PeakGust.MaximumTimef,PeakGust.Maximumf,Precipitation.Accumulationf,Precipitation.HourlyMaximum,Precipitation.HourlyMaximumTime,Precipitation.HourlyMaximumTimef,Precipitation.HourlyMaximumf,Precipitation.SixtyMinutelyMaximumTimef,Precipitation.SixtyMinutelyMaximumf,Precipitation.TenMinutelyMaximumTimef,Precipitation.TenMinutelyMaximumf,PrecipitationDuration.Totalf,PrecpHour,PrecpMax60,PrecpMax60Time,RelativeHumidity.Maximum,RelativeHumidity.MaximumTime,RelativeHumidity.MaximumTimef,RelativeHumidity.Maximumf,RelativeHumidity.Meanf,RelativeHumidity.MinimumTimef,RelativeHumidity.Minimumf,SeaLevelPressure.Maximum,SeaLevelPressure.MaximumTime,SeaLevelPressure.MaximumTimef,SeaLevelPressure.Maximumf,SeaLevelPressure.Meanf,SeaLevelPressure.Minimum,SeaLevelPressure.MinimumTime,SeaLevelPressure.MinimumTimef,SeaLevelPressure.Minimumf,SoilTemperatureAt0cm.Meanf,SoilTemperatureAt100cm.Meanf,SoilTemperatureAt10cm.Meanf,SoilTemperatureAt20cm.Meanf,SoilTemperatureAt30cm.Meanf,SoilTemperatureAt50cm.Meanf,SoilTemperatureAt5cm.Meanf,StationPressure.MaximumTimef,StationPressure.Maximumf,StationPressure.Meanf,StationPressure.MinimumTimef,StationPressure.Minimumf,SunShineRate,SunshineDuration.Ratef,SunshineDuration.Totalf,TotalCloudAmount.Meanf,TotalCloudAmount.SatRetrievedMeanf,TxRange,TxSoil30cm,UVIMax,UVIMaxTime,UVIndex.MaximumTimef,UVIndex.Maximumf,VisbMean,Visibility.Meanf,WindDirection.CountForCode00,WindDirection.CountForCode00f,WindDirection.CountForCode01,WindDirection.CountForCode01f,WindDirection.CountForCode02,WindDirection.CountForCode02f,WindDirection.CountForCode03,WindDirection.CountForCode03f,WindDirection.CountForCode04,WindDirection.CountForCode04f,WindDirection.CountForCode05,WindDirection.CountForCode05f,WindDirection.CountForCode06,WindDirection.CountForCode06f,WindDirection.CountForCode07,WindDirection.CountForCode07f,WindDirection.CountForCode08,WindDirection.CountForCode08f,WindDirection.CountForCode09,WindDirection.CountForCode09f,WindDirection.CountForCode10,WindDirection.CountForCode10f,WindDirection.CountForCode11,WindDirection.CountForCode11f,WindDirection.CountForCode12,WindDirection.CountForCode12f,WindDirection.CountForCode13,WindDirection.CountForCode13f,WindDirection.CountForCode14,WindDirection.CountForCode14f,WindDirection.CountForCode15,WindDirection.CountForCode15f,WindDirection.CountForCode16,WindDirection.CountForCode16f,WindDirection.CountForCode17,WindDirection.CountForCode17f,WindDirection.CountForCode18,WindDirection.CountForCode18f,WindDirection.CountForCode19,WindDirection.CountForCode19f,WindDirection.CountForCode20,WindDirection.CountForCode20f,WindDirection.CountForCode21,WindDirection.CountForCode21f,WindDirection.CountForCode22,WindDirection.CountForCode22f,WindDirection.CountForCode23,WindDirection.CountForCode23f,WindDirection.CountForCode24,WindDirection.CountForCode24f,WindDirection.CountForCode25,WindDirection.CountForCode25f,WindDirection.CountForCode26,WindDirection.CountForCode26f,WindDirection.CountForCode27,WindDirection.CountForCode27f,WindDirection.CountForCode28,WindDirection.CountForCode28f,WindDirection.CountForCode29,WindDirection.CountForCode29f,WindDirection.CountForCode30,WindDirection.CountForCode30f,WindDirection.CountForCode31,WindDirection.CountForCode31f,WindDirection.CountForCode32,WindDirection.CountForCode32f,WindDirection.CountForCode33,WindDirection.CountForCode33f,WindDirection.CountForCode34,WindDirection.CountForCode34f,WindDirection.CountForCode35,WindDirection.CountForCode35f,WindDirection.CountForCode36,WindDirection.CountForCode36f,WindDirection.CountForCode99,WindDirection.CountForCode99f,WindDirection.Prevailingf,WindDirection.TenMinutelyMaximum,WindDirection.TenMinutelyMaximumf,WindSpeed.Meanf,WindSpeed.TenMinutelyMaximum,WindSpeed.TenMinutelyMaximumTime,WindSpeed.TenMinutelyMaximumTimef,WindSpeed.TenMinutelyMaximumf,WindSpeed.TotalForCode00,WindSpeed.TotalForCode00f,WindSpeed.TotalForCode01,WindSpeed.TotalForCode01f,WindSpeed.TotalForCode02,WindSpeed.TotalForCode02f,WindSpeed.TotalForCode03,WindSpeed.TotalForCode03f,WindSpeed.TotalForCode04,WindSpeed.TotalForCode04f,WindSpeed.TotalForCode05,WindSpeed.TotalForCode05f,WindSpeed.TotalForCode06,WindSpeed.TotalForCode06f,WindSpeed.TotalForCode07,WindSpeed.TotalForCode07f,WindSpeed.TotalForCode08,WindSpeed.TotalForCode08f,WindSpeed.TotalForCode09,WindSpeed.TotalForCode09f,WindSpeed.TotalForCode10,WindSpeed.TotalForCode10f,WindSpeed.TotalForCode11,WindSpeed.TotalForCode11f,WindSpeed.TotalForCode12,WindSpeed.TotalForCode12f,WindSpeed.TotalForCode13,WindSpeed.TotalForCode13f,WindSpeed.TotalForCode14,WindSpeed.TotalForCode14f,WindSpeed.TotalForCode15,WindSpeed.TotalForCode15f,WindSpeed.TotalForCode16,WindSpeed.TotalForCode16f,WindSpeed.TotalForCode17,WindSpeed.TotalForCode17f,WindSpeed.TotalForCode18,WindSpeed.TotalForCode18f,WindSpeed.TotalForCode19,WindSpeed.TotalForCode19f,WindSpeed.TotalForCode20,WindSpeed.TotalForCode20f,WindSpeed.TotalForCode21,WindSpeed.TotalForCode21f,WindSpeed.TotalForCode22,WindSpeed.TotalForCode22f,WindSpeed.TotalForCode23,WindSpeed.TotalForCode23f,WindSpeed.TotalForCode24,WindSpeed.TotalForCode24f,WindSpeed.TotalForCode25,WindSpeed.TotalForCode25f,WindSpeed.TotalForCode26,WindSpeed.TotalForCode26f,WindSpeed.TotalForCode27,WindSpeed.TotalForCode27f,WindSpeed.TotalForCode28,WindSpeed.TotalForCode28f,WindSpeed.TotalForCode29,WindSpeed.TotalForCode29f,WindSpeed.TotalForCode30,WindSpeed.TotalForCode30f,WindSpeed.TotalForCode31,WindSpeed.TotalForCode31f,WindSpeed.TotalForCode32,WindSpeed.TotalForCode32f,WindSpeed.TotalForCode33,WindSpeed.TotalForCode33f,WindSpeed.TotalForCode34,WindSpeed.TotalForCode34f,WindSpeed.TotalForCode35,WindSpeed.TotalForCode35f,WindSpeed.TotalForCode36,WindSpeed.TotalForCode36f,WindSpeed.TotalForCode99,WindSpeed.TotalForCode99f
2005-01-01,995.0,,996.0,2005-01-01T01:00:00,993.4,2005-01-01T14:00:00,9.3,11.1,2005-01-01T12:00:00,8.3,2005-01-01T19:00:00,7.1,86,76,2005-01-01T20:00:00,1.5,90.0,6.3,22.5,2005-01-01T20:00:00,0.0,,,,,0.0,1.86,0.0,,18.0,18.2,18.9,20.5,19.6,,,,,,,,,8.0,2005-01-01T02:00:00,,,,5.3,2005-01-01T20:00:00,,,,,,,,,,,,,,,,,,,,,,,,,95,2005-01-01T02:00:00,,,,,,,,,,,,,,,,,,,,,,,,,,,,,,,,,21.4,,,,,,,,,,,,,,,,,,,,,,,,,,,,,,,,,,,,,,,,,,,,,,,,,,,,,,,,,,,,,,,,,,,,,,,,,,,,,,,,,,,,,,,2.6,2005-01-01T16:00:00,,,,,,,,,,,,,,,,,,,,,,,,,,,,,,,,,,,,,,,,,,,,,,,,,,,,,,,,,,,,,,,,,,,,,,,,,,,,,,
2005-01-02,992.5,,994.3,2005-01-02T09:00:00,991.0,2005-01-02T14:00:00,11.6,14.3,2005-01-02T13:00:00,8.5,2005-01-02T04:00:00,7.8,78,68,2005-01-02T18:00:00,1.1,90.0,6.9,67.5,2005-01-02T03:00:00,0.0,,,,,0.0,2.4,0.6,,17.4,17.5,18.1,19.9,18.9,,,,,,,,,9.8,2005-01-02T23:59:59,,,,5.6,2005-01-02T03:00:00,,,,,,,,,,,,,,,,,,,,,,,,,90,2005-01-02T07:00:00,,,,,,,,,,,,,,,,,,,,,,,,,,,,,,,,,21.2,,,,,,,,,,,,,,,,,,,,,,,,,,,,,,,,,,,,,,,,,,,,,,,,,,,,,,,,,,,,,,,,,,,,,,,,,,,,,,,,,,,,,,,2.6,2005-01-02T02:00:00,,,,,,,,,,,,,,,,,,,,,,,,,,,,,,,,,,,,,,,,,,,,,,,,,,,,,,,,,,,,,,,,,,,,,,,,,,,,,,
2005-01-03,990.1,,991.4,2005-01-03T09:00:00,988.0,2005-01-03T15:00:00,14.9,18.9,2005-01-03T14:00:00,11.5,2005-01-03T01:00:00,11.8,83,65,2005-01-03T14:00:00,1.1,292.5,4.0,90.0,2005-01-03T20:00:00,0.5,,,,,0.0,2.93,0.4,,17.7,17.8,18.1,19.6,18.7,,,,,,,,,14.1,2005-01-03T16:00:00,,,,9.7,2005-01-03T02:00:00,,,,,,,,,,,,,,,,,,,,,,,,,98,2005-01-03T23:00:00,,,,,,,,,,,,,,,,,,,,,,,,,,,,,,,,,20.8,,,,,,,,,,,,,,,,,,,,,,,,,,,,,,,,,,,,,,,,,,,,,,,,,,,,,,,,,,,,,,,,,,,,,,,,,,,,,,,,,,,,,,,2.3,2005-01-03T08:00:00,,,,,,,,,,,,,,,,,,,,,,,,,,,,,,,,,,,,,,,,,,,,,,,,,,,,,,,,,,,,,,,,,,,,,,,,,,,,,,
2005-01-04,991.1,,992.8,2005-01-04T21:00:00,989.3,2005-01-04T04:00:00,16.0,18.5,2005-01-04T13:00:00,14.4,2005-01-04T01:00:00,14.6,92,86,2005-01-04T13:00:00,1.6,90.0,6.5,90.0,2005-01-04T15:00:00,0.0,,,,,0.0,2.86,0.5,,18.4,18.5,18.6,19.5,18.9,,,,,,,,,16.2,2005-01-04T12:00:00,,,,13.5,2005-01-04T23:59:59,,,,,,,,,,,,,,,,,,,,,,,,,98,2005-01-04T02:00:00,,,,,,,,,,,,,,,,,,,,,,,,,,,,,,,,,20.6,,,,,,,,,,,,,,,,,,,,,,,,,,,,,,,,,,,,,,,,,,,,,,,,,,,,,,,,,,,,,,,,,,,,,,,,,,,,,,,,,,,,,,,2.6,2005-01-04T18:00:00,,,,,,,,,,,,,,,,,,,,,,,,,,,,,,,,,,,,,,,,,,,,,,,,,,,,,,,,,,,,,,,,,,,,,,,,,,,,,,
2005-01-05,991.5,,994.0,2005-01-05T09:00:00,989.2,2005-01-05T15:00:00,17.0,22.2,2005-01-05T14:00:00,14.3,2005-01-05T23:00:00,13.7,82,60,2005-01-05T14:00:00,1.6,67.5,7.0,90.0,2005-01-05T12:00:00,0.0,,,,,1.5,5.15,1.3,,18.9,18.9,19.0,19.6,19.2,,,,,,,,,15.2,2005-01-05T18:00:00,,,,12.6,2005-01-05T06:00:00,,,,,,,,,,,,,,,,,,,,,,,,,95,2005-01-05T23:00:00,,,,,,,,,,,,,,,,,,,,,,,,,,,,,,,,,20.5,,,,,,,,,,,,,,,,,,,,,,,,,,,,,,,,,,,,,,,,,,,,,,,,,,,,,,,,,,,,,,,,,,,,,,,,,,,,,,,,,,,,,,,3.3,2005-01-05T13:00:00,,,,,,,,,,,,,,,,,,,,,,,,,,,,,,,,,,,,,,,,,,,,,,,,,,,,,,,,,,,,,,,,,,,,,,,,,,,,,,
2005-01-06,991.0,,993.0,2005-01-06T22:00:00,989.2,2005-01-06T04:00:00,17.9,24.9,2005-01-06T13:00:00,12.8,2005-01-06T06:00:00,14.1,79,56,2005-01-06T12:00:00,1.5,270.0,6.5,90.0,2005-01-06T11:00:00,0.0,,,,,6.0,8.32,1.9,,19.1,19.1,19.2,19.8,19.4,,,,,,,,,16.6,2005-01-06T13:00:00,,,,12.5,2005-01-06T07:00:00,,,,,,,,,,,,,,,,,,,,,,,,,97,2005-01-06T04:00:00,,,,,,,,,,,,,,,,,,,,,,,,,,,,,,,,,20.5,,,,,,,,,,,,,,,,,,,,,,,,,,,,,,,,,,,,,,,,,,,,,,,,,,,,,,,,,,,,,,,,,,,,,,,,,,,,,,,,,,,,,,,3.4,2005-01-06T14:00:00,,,,,,,,,,,,,,,,,,,,,,,,,,,,,,,,,,,,,,,,,,,,,,,,,,,,,,,,,,,,,,,,,,,,,,,,,,,,,,
2005-01-07,991.4,,993.5,2005-01-07T10:00:00,989.3,2005-01-07T15:00:00,19.1,26.0,2005-01-07T14:00:00,14.4,2005-01-07T06:00:00,14.7,77,52,2005-01-07T13:00:00,1.7,292.5,7.8,90.0,2005-01-07T12:00:00,0.0,,,,,5.1,8.59,2.5,,19.7,19.7,19.6,19.9,19.7,,,,,,,,,17.1,2005-01-07T17:00:00,,,,12.6,2005-01-07T07:00:00,,,,,,,,,,,,,,,,,,,,,,,,,90,2005-01-07T04:00:00,,,,,,,,,,,,,,,,,,,,,,,,,,,,,,,,,20.6,,,,,,,,,,,,,,,,,,,,,,,,,,,,,,,,,,,,,,,,,,,,,,,,,,,,,,,,,,,,,,,,,,,,,,,,,,,,,,,,,,,,,,,3.3,2005-01-07T12:00:00,,,,,,,,,,,,,,,,,,,,,,,,,,,,,,,,,,,,,,,,,,,,,,,,,,,,,,,,,,,,,,,,,,,,,,,,,,,,,,
2005-01-08,991.7,,993.6,2005-01-08T09:00:00,990.0,2005-01-08T04:00:00,17.5,21.3,2005-01-08T11:00:00,15.7,2005-01-08T23:59:59,13.9,80,67,2005-01-08T13:00:00,2.4,90.0,9.3,90.0,2005-01-08T10:00:00,0.0,,,,,0.9,5.23,1.9,,19.9,19.9,19.9,20.2,20.0,,,,,,,,,15.2,2005-01-08T02:00:00,,,,12.8,2005-01-08T23:00:00,,,,,,,,,,,,,,,,,,,,,,,,,88,2005-01-08T03:00:00,,,,,,,,,,,,,,,,,,,,,,,,,,,,,,,,,20.6,,,,,,,,,,,,,,,,,,,,,,,,,,,,,,,,,,,,,,,,,,,,,,,,,,,,,,,,,,,,,,,,,,,,,,,,,,,,,,,,,,,,,,,4.2,2005-01-08T15:00:00,,,,,,,,,,,,,,,,,,,,,,,,,,,,,,,,,,,,,,,,,,,,,,,,,,,,,,,,,,,,,,,,,,,,,,,,,,,,,,
2005-01-09,992.2,,994.2,2005-01-09T09:00:00,990.4,2005-01-09T15:00:00,15.8,18.0,2005-01-09T14:00:00,14.3,2005-01-09T23:59:59,12.5,81,70,2005-01-09T14:00:00,2.0,90.0,7.2,67.5,2005-01-09T05:00:00,0.0,,,,,0.0,3.72,1.0,,19.5,19.5,19.7,20.2,19.9,,,,,,,,,13.3,2005-01-09T02:00:00,,,,12.0,2005-01-09T07:00:00,,,,,,,,,,,,,,,,,,,,,,,,,91,2005-01-09T23:00:00,,,,,,,,,,,,,,,,,,,,,,,,,,,,,,,,,20.7,,,,,,,,,,,,,,,,,,,,,,,,,,,,,,,,,,,,,,,,,,,,,,,,,,,,,,,,,,,,,,,,,,,,,,,,,,,,,,,,,,,,,,,2.9,2005-01-09T10:00:00,,,,,,,,,,,,,,,,,,,,,,,,,,,,,,,,,,,,,,,,,,,,,,,,,,,,,,,,,,,,,,,,,,,,,,,,,,,,,,
2005-01-10,992.2,,993.8,2005-01-10T09:00:00,990.5,2005-01-10T15:00:00,16.4,20.7,2005-01-10T15:00:00,13.9,2005-01-10T04:00:00,12.9,80,64,2005-01-10T15:00:00,2.1,90.0,8.7,90.0,2005-01-10T07:00:00,0.5,,,,,0.2,5.41,0.5,,19.3,19.4,19.5,20.1,19.8,,,,,,,,,14.3,2005-01-10T19:00:00,,,,12.2,2005-01-10T03:00:00,,,,,,,,,,,,,,,,,,,,,,,,,94,2005-01-10T19:00:00,,,,,,,,,,,,,,,,,,,,,,,,,,,,,,,,,20.7,,,,,,,,,,,,,,,,,,,,,,,,,,,,,,,,,,,,,,,,,,,,,,,,,,,,,,,,,,,,,,,,,,,,,,,,,,,,,,,,,,,,,,,3.0,2005-01-10T08:00:00,,,,,,,,,,,,,,,,,,,,,,,,,,,,,,,,,,,,,,,,,,,,,,,,,,,,,,,,,,,,,,,,,,,,,,,,,,,,,,
2005-01-11,991.0,,992.9,2005-01-11T10:00:00,988.8,2005-01-11T15:00:00,18.7,24.1,2005-01-11T13:00:00,15.4,2005-01-11T01:00:00,14.8,79,57,2005-01-11T12:00:00,1.4,112.5,5.8,157.5,2005-01-11T14:00:00,0.0,,,,,3.6,7.38,1.7,,19.8,19.8,19.8,20.1,19.9,,,,,,,,,16.6,2005-01-11T16:00:00,,,,13.0,2005-01-11T02:00:00,,,,,,,,,,,,,,,,,,,,,,,,,91,2005-01-11T04:00:00,,,,,,,,,,,,,,,,,,,,,,,,,,,,,,,,,20.7,,,,,,,,,,,,,,,,,,,,,,,,,,,,,,,,,,,,,,,,,,,,,,,,,,,,,,,,,,,,,,,,,,,,,,,,,,,,,,,,,,,,,,,2.7,2005-01-11T14:00:00,,,,,,,,,,,,,,,,,,,,,,,,,,,,,,,,,,,,,,,,,,,,,,,,,,,,,,,,,,,,,,,,,,,,,,,,,,,,,,
2005-01-12,990.2,,992.5,2005-01-12T10:00:00,988.9,2005-01-12T14:00:00,18.2,22.8,2005-01-12T13:00:00,16.1,2005-01-12T23:59:59,14.4,79,62,2005-01-12T12:00:00,1.9,90.0,7.9,90.0,2005-01-12T11:00:00,0.0,,,,,1.6,5.46,2.1,,20.0,20.1,20.1,20.3,20.1,,,,,,,,,15.2,2005-01-12T11:00:00,,,,13.6,2005-01-12T07:00:00,,,,,,,,,,,,,,,,,,,,,,,,,90,2005-01-12T02:00:00,,,,,,,,,,,,,,,,,,,,,,,,,,,,,,,,,20.7,,,,,,,,,,,,,,,,,,,,,,,,,,,,,,,,,,,,,,,,,,,,,,,,,,,,,,,,,,,,,,,,,,,,,,,,,,,,,,,,,,,,,,,3.4,2005-01-12T12:00:00,,,,,,,,,,,,,,,,,,,,,,,,,,,,,,,,,,,,,,,,,,,,,,,,,,,,,,,,,,,,,,,,,,,,,,,,,,,,,,
2005-01-13,986.2,,989.1,2005-01-13T01:00:00,983.0,2005-01-13T15:00:00,18.3,24.9,2005-01-13T14:00:00,15.3,2005-01-13T03:00:00,14.8,81,59,2005-01-13T14:00:00,1.9,90.0,9.5,360.0,2005-01-13T20:00:00,3.0,,,,,4.5,8.5,0.6,,20.3,20.3,20.2,20.4,20.2,,,,,,,,,16.7,2005-01-13T15:00:00,,,,13.8,2005-01-13T01:00:00,,,,,,,,,,,,,,,,,,,,,,,,,94,2005-01-13T06:00:00,,,,,,,,,,,,,,,,,,,,,,,,,,,,,,,,,20.8,,,,,,,,,,,,,,,,,,,,,,,,,,,,,,,,,,,,,,,,,,,,,,,,,,,,,,,,,,,,,,,,,,,,,,,,,,,,,,,,,,,,,,,3.4,2005-01-13T12:00:00,,,,,,,,,,,,,,,,,,,,,,,,,,,,,,,,,,,,,,,,,,,,,,,,,,,,,,,,,,,,,,,,,,,,,,,,,,,,,,
2005-01-14,986.0,,988.0,2005-01-14T22:00:00,984.2,2005-01-14T14:00:00,16.4,20.2,2005-01-14T11:00:00,12.4,2005-01-14T23:59:59,13.7,85,71,2005-01-14T11:00:00,1.2,292.5,5.9,90.0,2005-01-14T04:00:00,0.0,,,,,0.3,3.99,0.8,,20.2,20.2,20.3,20.6,20.4,,,,,,,,,14.9,2005-01-14T09:00:00,,,,11.6,2005-01-14T23:00:00,,,,,,,,,,,,,,,,,,,,,,,,,94,2005-01-14T23:59:59,,,,,,,,,,,,,,,,,,,,,,,,,,,,,,,,,20.9,,,,,,,,,,,,,,,,,,,,,,,,,,,,,,,,,,,,,,,,,,,,,,,,,,,,,,,,,,,,,,,,,,,,,,,,,,,,,,,,,,,,,,,2.2,2005-01-14T04:00:00,,,,,,,,,,,,,,,,,,,,,,,,,,,,,,,,,,,,,,,,,,,,,,,,,,,,,,,,,,,,,,,,,,,,,,,,,,,,,,
2005-01-15,988.5,,991.4,2005-01-15T23:00:00,986.4,2005-01-15T04:00:00,14.0,19.5,2005-01-15T11:00:00,11.7,2005-01-15T23:00:00,10.8,82,62,2005-01-15T11:00:00,1.6,90.0,6.2,90.0,2005-01-15T11:00:00,0.0,,,,,2.2,4.5,1.0,,19.2,19.3,19.7,20.4,20.0,,,,,,,,,12.0,2005-01-15T02:00:00,,,,9.2,2005-01-15T23:59:59,,,,,,,,,,,,,,,,,,,,,,,,,93,2005-01-15T02:00:00,,,,,,,,,,,,,,,,,,,,,,,,,,,,,,,,,20.9,,,,,,,,,,,,,,,,,,,,,,,,,,,,,,,,,,,,,,,,,,,,,,,,,,,,,,,,,,,,,,,,,,,,,,,,,,,,,,,,,,,,,,,3.2,2005-01-15T13:00:00,,,,,,,,,,,,,,,,,,,,,,,,,,,,,,,,,,,,,,,,,,,,,,,,,,,,,,,,,,,,,,,,,,,,,,,,,,,,,,
2005-01-16,991.7,,993.6,2005-01-16T22:00:00,990.1,2005-01-16T15:00:00,12.1,14.1,2005-01-16T14:00:00,10.9,2005-01-16T23:59:59,7.4,74,63,2005-01-16T10:00:00,1.8,90.0,6.1,90.0,2005-01-16T10:00:00,0.0,,,,,0.0,2.5,1.3,,18.4,18.5,19.0,20.1,19.5,,,,,,,,,9.3,2005-01-16T02:00:00,,,,6.3,2005-01-16T10:00:00,,,,,,,,,,,,,,,,,,,,,,,,,87,2005-01-16T02:00:00,,,,,,,,,,,,,,,,,,,,,,,,,,,,,,,,,20.8,,,,,,,,,,,,,,,,,,,,,,,,,,,,,,,,,,,,,,,,,,,,,,,,,,,,,,,,,,,,,,,,,,,,,,,,,,,,,,,,,,,,,,,2.9,2005-01-16T11:00:00,,,,,,,,,,,,,,,,,,,,,,,,,,,,,,,,,,,,,,,,,,,,,,,,,,,,,,,,,,,,,,,,,,,,,,,,,,,,,,
2005-01-17,992.7,,994.9,2005-01-17T09:00:00,990.5,2005-01-17T15:00:00,13.1,17.4,2005-01-17T12:00:00,10.6,2005-01-17T08:00:00,7.6,70,54,2005-01-17T12:00:00,1.5,90.0,6.4,90.0,2005-01-17T11:00:00,0.0,,,,,0.9,4.71,1.4,,17.9,18.0,18.4,19.7,19.0,,,,,,,,,9.1,2005-01-17T17:00:00,,,,6.3,2005-01-17T05:00:00,,,,,,,,,,,,,,,,,,,,,,,,,85,2005-01-17T23:00:00,,,,,,,,,,,,,,,,,,,,,,,,,,,,,,,,,20.6,,,,,,,,,,,,,,,,,,,,,,,,,,,,,,,,,,,,,,,,,,,,,,,,,,,,,,,,,,,,,,,,,,,,,,,,,,,,,,,,,,,,,,,3.1,2005-01-17T11:00:00,,,,,,,,,,,,,,,,,,,,,,,,,,,,,,,,,,,,,,,,,,,,,,,,,,,,,,,,,,,,,,,,,,,,,,,,,,,,,,
2005-01-18,991.4,,993.5,2005-01-18T09:00:00,989.4,2005-01-18T15:00:00,14.4,21.0,2005-01-18T12:00:00,9.4,2005-01-18T07:00:00,10.1,77,54,2005-01-18T10:00:00,1.5,270.0,7.8,112.5,2005-01-18T12:00:00,0.0,,,,,3.7,5.67,0.9,,17.7,17.8,18.2,19.4,18.7,,,,,,,,,13.1,2005-01-18T16:00:00,,,,7.7,2005-01-18T04:00:00,,,,,,,,,,,,,,,,,,,,,,,,,91,2005-01-18T07:00:00,,,,,,,,,,,,,,,,,,,,,,,,,,,,,,,,,20.4,,,,,,,,,,,,,,,,,,,,,,,,,,,,,,,,,,,,,,,,,,,,,,,,,,,,,,,,,,,,,,,,,,,,,,,,,,,,,,,,,,,,,,,2.4,2005-01-18T23:00:00,,,,,,,,,,,,,,,,,,,,,,,,,,,,,,,,,,,,,,,,,,,,,,,,,,,,,,,,,,,,,,,,,,,,,,,,,,,,,,
2005-01-19,991.7,,993.4,2005-01-19T23:59:59,990.0,2005-01-19T14:00:00,15.8,22.7,2005-01-19T12:00:00,10.7,2005-01-19T07:00:00,12.5,82,52,2005-01-19T12:00:00,1.4,270.0,6.4,112.5,2005-01-19T12:00:00,0.0,,,,,4.3,6.38,1.1,,17.8,17.9,18.1,19.2,18.6,,,,,,,,,15.3,2005-01-19T16:00:00,,,,10.1,2005-01-19T07:00:00,,,,,,,,,,,,,,,,,,,,,,,,,96,2005-01-19T07:00:00,,,,,,,,,,,,,,,,,,,,,,,,,,,,,,,,,20.2,,,,,,,,,,,,,,,,,,,,,,,,,,,,,,,,,,,,,,,,,,,,,,,,,,,,,,,,,,,,,,,,,,,,,,,,,,,,,,,,,,,,,,,3.1,2005-01-19T13:00:00,,,,,,,,,,,,,,,,,,,,,,,,,,,,,,,,,,,,,,,,,,,,,,,,,,,,,,,,,,,,,,,,,,,,,,,,,,,,,,
2005-01-20,995.1,,997.3,2005-01-20T22:00:00,993.0,2005-01-20T03:00:00,17.0,23.3,2005-01-20T13:00:00,12.1,2005-01-20T06:00:00,13.0,78,54,2005-01-20T12:00:00,1.7,292.5,8.7,90.0,2005-01-20T10:00:00,0.0,,,,,5.1,7.48,1.3,,18.2,18.2,18.4,19.2,18.7,,,,,,,,,16.7,2005-01-20T16:00:00,,,,10.4,2005-01-20T06:00:00,,,,,,,,,,,,,,,,,,,,,,,,,91,2005-01-20T02:00:00,,,,,,,,,,,,,,,,,,,,,,,,,,,,,,,,,20.1,,,,,,,,,,,,,,,,,,,,,,,,,,,,,,,,,,,,,,,,,,,,,,,,,,,,,,,,,,,,,,,,,,,,,,,,,,,,,,,,,,,,,,,3.8,2005-01-20T09:00:00,,,,,,,,,,,,,,,,,,,,,,,,,,,,,,,,,,,,,,,,,,,,,,,,,,,,,,,,,,,,,,,,,,,,,,,,,,,,,,
2005-01-21,996.2,,998.7,2005-01-21T09:00:00,994.4,2005-01-21T15:00:00,18.0,23.5,2005-01-21T13:00:00,14.0,2005-01-21T04:00:00,14.2,79,57,2005-01-21T12:00:00,1.6,90.0,6.7,112.5,2005-01-21T03:00:00,0.0,,,,,2.8,7.18,1.3,,18.9,18.9,18.8,19.3,18.9,,,,,,,,,16.1,2005-01-21T18:00:00,,,,12.9,2005-01-21T04:00:00,,,,,,,,,,,,,,,,,,,,,,,,,93,2005-01-21T04:00:00,,,,,,,,,,,,,,,,,,,,,,,,,,,,,,,,,20.0,,,,,,,,,,,,,,,,,,,,,,,,,,,,,,,,,,,,,,,,,,,,,,,,,,,,,,,,,,,,,,,,,,,,,,,,,,,,,,,,,,,,,,,3.2,2005-01-21T12:00:00,,,,,,,,,,,,,,,,,,,,,,,,,,,,,,,,,,,,,,,,,,,,,,,,,,,,,,,,,,,,,,,,,,,,,,,,,,,,,,
2005-01-22,991.4,,994.5,2005-01-22T01:00:00,988.8,2005-01-22T16:00:00,18.9,24.4,2005-01-22T11:00:00,15.8,2005-01-22T06:00:00,16.6,87,69,2005-01-22T11:00:00,1.7,292.5,11.8,112.5,2005-01-22T13:00:00,0.0,,,,,2.6,5.89,1.4,,19.5,19.5,19.4,19.5,19.3,,,,,,,,,18.3,2005-01-22T18:00:00,,,,14.6,2005-01-22T01:00:00,,,,,,,,,,,,,,,,,,,,,,,,,96,2005-01-22T07:00:00,,,,,,,,,,,,,,,,,,,,,,,,,,,,,,,,,20.1,,,,,,,,,,,,,,,,,,,,,,,,,,,,,,,,,,,,,,,,,,,,,,,,,,,,,,,,,,,,,,,,,,,,,,,,,,,,,,,,,,,,,,,5.3,2005-01-22T14:00:00,,,,,,,,,,,,,,,,,,,,,,,,,,,,,,,,,,,,,,,,,,,,,,,,,,,,,,,,,,,,,,,,,,,,,,,,,,,,,,
2005-01-23,991.0,,992.7,2005-01-23T10:00:00,988.8,2005-01-23T04:00:00,17.1,22.5,2005-01-23T12:00:00,14.9,2005-01-23T23:59:59,15.0,88,67,2005-01-23T09:00:00,1.3,292.5,6.3,67.5,2005-01-23T13:00:00,0.0,,,,,0.7,3.54,0.6,,19.3,19.3,19.4,19.7,19.5,,,,,,,,,17.1,2005-01-23T11:00:00,,,,13.9,2005-01-23T07:00:00,,,,,,,,,,,,,,,,,,,,,,,,,96,2005-01-23T17:00:00,,,,,,,,,,,,,,,,,,,,,,,,,,,,,,,,,20.2,,,,,,,,,,,,,,,,,,,,,,,,,,,,,,,,,,,,,,,,,,,,,,,,,,,,,,,,,,,,,,,,,,,,,,,,,,,,,,,,,,,,,,,3.1,2005-01-23T12:00:00,,,,,,,,,,,,,,,,,,,,,,,,,,,,,,,,,,,,,,,,,,,,,,,,,,,,,,,,,,,,,,,,,,,,,,,,,,,,,,
2005-01-24,989.0,,991.7,2005-01-24T01:00:00,986.8,2005-01-24T15:00:00,16.8,19.7,2005-01-24T12:00:00,14.9,2005-01-24T01:00:00,14.9,89,70,2005-01-24T12:00:00,0.7,292.5,3.5,112.5,2005-01-24T10:00:00,0.0,,,,,0.0,2.4,0.3,,19.2,19.2,19.3,19.8,19.5,,,,,,,,,16.3,2005-01-24T19:00:00,,,,13.6,2005-01-24T12:00:00,,,,,,,,,,,,,,,,,,,,,,,,,97,2005-01-24T21:00:00,,,,,,,,,,,,,,,,,,,,,,,,,,,,,,,,,20.2,,,,,,,,,,,,,,,,,,,,,,,,,,,,,,,,,,,,,,,,,,,,,,,,,,,,,,,,,,,,,,,,,,,,,,,,,,,,,,,,,,,,,,,1.8,2005-01-24T22:00:00,,,,,,,,,,,,,,,,,,,,,,,,,,,,,,,,,,,,,,,,,,,,,,,,,,,,,,,,,,,,,,,,,,,,,,,,,,,,,,
2005-01-25,983.7,,986.5,2005-01-25T01:00:00,980.9,2005-01-25T15:00:00,18.7,25.7,2005-01-25T12:00:00,14.0,2005-01-25T03:00:00,16.3,87,65,2005-01-25T12:00:00,1.5,292.5,5.4,90.0,2005-01-25T11:00:00,0.0,,,,,2.8,5.93,0.9,,19.1,19.1,19.2,19.7,19.4,,,,,,,,,19.5,2005-01-25T17:00:00,,,,13.2,2005-01-25T05:00:00,,,,,,,,,,,,,,,,,,,,,,,,,97,2005-01-25T02:00:00,,,,,,,,,,,,,,,,,,,,,,,,,,,,,,,,,20.2,,,,,,,,,,,,,,,,,,,,,,,,,,,,,,,,,,,,,,,,,,,,,,,,,,,,,,,,,,,,,,,,,,,,,,,,,,,,,,,,,,,,,,,2.7,2005-01-25T12:00:00,,,,,,,,,,,,,,,,,,,,,,,,,,,,,,,,,,,,,,,,,,,,,,,,,,,,,,,,,,,,,,,,,,,,,,,,,,,,,,
2005-01-26,984.8,,987.2,2005-01-26T10:00:00,983.1,2005-01-26T02:00:00,18.4,22.4,2005-01-26T11:00:00,15.2,2005-01-26T23:59:59,15.4,83,68,2005-01-26T14:00:00,1.6,270.0,8.5,90.0,2005-01-26T10:00:00,0.0,,,,,1.3,5.05,1.1,,19.4,19.4,19.4,19.8,19.6,,,,,,,,,16.3,2005-01-26T17:00:00,,,,14.1,2005-01-26T04:00:00,,,,,,,,,,,,,,,,,,,,,,,,,94,2005-01-26T23:00:00,,,,,,,,,,,,,,,,,,,,,,,,,,,,,,,,,20.3,,,,,,,,,,,,,,,,,,,,,,,,,,,,,,,,,,,,,,,,,,,,,,,,,,,,,,,,,,,,,,,,,,,,,,,,,,,,,,,,,,,,,,,3.5,2005-01-26T11:00:00,,,,,,,,,,,,,,,,,,,,,,,,,,,,,,,,,,,,,,,,,,,,,,,,,,,,,,,,,,,,,,,,,,,,,,,,,,,,,,
2005-01-27,982.6,,984.9,2005-01-27T09:00:00,980.4,2005-01-27T15:00:00,18.5,24.4,2005-01-27T12:00:00,14.3,2005-01-27T03:00:00,16.3,88,68,2005-01-27T11:00:00,1.6,292.5,8.2,135.0,2005-01-27T12:00:00,0.0,,,,,3.3,6.23,1.0,,19.3,19.3,19.4,19.8,19.6,,,,,,,,,19.0,2005-01-27T17:00:00,,,,13.9,2005-01-27T03:00:00,,,,,,,,,,,,,,,,,,,,,,,,,98,2005-01-27T03:00:00,,,,,,,,,,,,,,,,,,,,,,,,,,,,,,,,,20.3,,,,,,,,,,,,,,,,,,,,,,,,,,,,,,,,,,,,,,,,,,,,,,,,,,,,,,,,,,,,,,,,,,,,,,,,,,,,,,,,,,,,,,,4.4,2005-01-27T12:00:00,,,,,,,,,,,,,,,,,,,,,,,,,,,,,,,,,,,,,,,,,,,,,,,,,,,,,,,,,,,,,,,,,,,,,,,,,,,,,,
2005-01-28,981.5,,982.9,2005-01-28T09:00:00,979.5,2005-01-28T15:00:00,19.2,24.5,2005-01-28T11:00:00,15.4,2005-01-28T04:00:00,17.2,89,64,2005-01-28T10:00:00,1.7,270.0,6.7,112.5,2005-01-28T16:00:00,0.0,,,,,3.1,4.88,0.7,,19.5,19.5,19.5,19.9,19.6,,,,,,,,,19.4,2005-01-28T18:00:00,,,,15.0,2005-01-28T06:00:00,,,,,,,,,,,,,,,,,,,,,,,,,99,2005-01-28T19:00:00,,,,,,,,,,,,,,,,,,,,,,,,,,,,,,,,,20.3,,,,,,,,,,,,,,,,,,,,,,,,,,,,,,,,,,,,,,,,,,,,,,,,,,,,,,,,,,,,,,,,,,,,,,,,,,,,,,,,,,,,,,,3.8,2005-01-28T13:00:00,,,,,,,,,,,,,,,,,,,,,,,,,,,,,,,,,,,,,,,,,,,,,,,,,,,,,,,,,,,,,,,,,,,,,,,,,,,,,,
2005-01-29,983.4,,985.2,2005-01-29T22:00:00,981.8,2005-01-29T04:00:00,20.0,24.8,2005-01-29T11:00:00,17.5,2005-01-29T03:00:00,18.1,89,69,2005-01-29T11:00:00,1.1,270.0,4.9,135.0,2005-01-29T12:00:00,0.5,,,,,1.8,4.92,0.7,,20.2,20.2,20.0,20.0,19.9,,,,,,,,,18.9,2005-01-29T16:00:00,,,,17.4,2005-01-29T06:00:00,,,,,,,,,,,,,,,,,,,,,,,,,99,2005-01-29T01:00:00,,,,,,,,,,,,,,,,,,,,,,,,,,,,,,,,,20.3,,,,,,,,,,,,,,,,,,,,,,,,,,,,,,,,,,,,,,,,,,,,,,,,,,,,,,,,,,,,,,,,,,,,,,,,,,,,,,,,,,,,,,,2.2,2005-01-29T11:00:00,,,,,,,,,,,,,,,,,,,,,,,,,,,,,,,,,,,,,,,,,,,,,,,,,,,,,,,,,,,,,,,,,,,,,,,,,,,,,,
2005-01-30,985.6,,987.7,2005-01-30T23:59:59,983.5,2005-01-30T15:00:00,19.0,23.4,2005-01-30T13:00:00,15.8,2005-01-30T23:59:59,16.6,86,70,2005-01-30T11:00:00,1.5,90.0,7.4,45.0,2005-01-30T22:00:00,0.0,,,,,2.5,5.39,1.4,,20.3,20.4,20.3,20.2,20.2,,,,,,,,,18.3,2005-01-30T12:00:00,,,,13.9,2005-01-30T23:59:59,,,,,,,,,,,,,,,,,,,,,,,,,98,2005-01-30T01:00:00,,,,,,,,,,,,,,,,,,,,,,,,,,,,,,,,,20.4,,,,,,,,,,,,,,,,,,,,,,,,,,,,,,,,,,,,,,,,,,,,,,,,,,,,,,,,,,,,,,,,,,,,,,,,,,,,,,,,,,,,,,,3.2,2005-01-30T10:00:00,,,,,,,,,,,,,,,,,,,,,,,,,,,,,,,,,,,,,,,,,,,,,,,,,,,,,,,,,,,,,,,,,,,,,,,,,,,,,,
2005-01-31,987.4,,989.7,2005-01-31T09:00:00,984.9,2005-01-31T16:00:00,14.9,16.3,2005-01-31T15:00:00,13.8,2005-01-31T23:00:00,13.1,89,79,2005-01-31T14:00:00,0.8,67.5,8.3,45.0,2005-01-31T01:00:00,2.5,,,,,0.0,1.69,0.4,,19.6,19.7,19.9,20.3,20.1,,,,,,,,,14.4,2005-01-31T17:00:00,,,,12.2,2005-01-31T07:00:00,,,,,,,,,,,,,,,,,,,,,,,,,99,2005-01-31T21:00:00,,,,,,,,,,,,,,,,,,,,,,,,,,,,,,,,,20.5,,,,,,,,,,,,,,,,,,,,,,,,,,,,,,,,,,,,,,,,,,,,,,,,,,,,,,,,,,,,,,,,,,,,,,,,,,,,,,,,,,,,,,,1.6,2005-01-31T07:00:00,,,,,,,,,,,,,,,,,,,,,,,,,,,,,,,,,,,,,,,,,,,,,,,,,,,,,,,,,,,,,,,,,,,,,,,,,,,,,,
2005-02-01,989.1,,990.9,2005-02-01T23:00:00,986.4,2005-02-01T04:00:00,12.5,14.1,2005-02-01T01:00:00,11.2,2005-02-01T19:00:00,10.8,89,80,2005-02-01T23:00:00,1.6,90.0,7.3,90.0,2005-02-01T08:00:00,0.5,,,,,0.0,1.13,0.6,,18.6,18.7,19.2,20.1,19.6,,,,,,,,,13.4,2005-02-01T01:00:00,,,,8.6,2005-02-01T23:00:00,,,,,,,,,,,,,,,,,,,,,,,,,98,2005-02-01T07:00:00,,,,,,,,,,,,,,,,,,,,,,,,,,,,,,,,,20.5,,,,,,,,,,,,,,,,,,,,,,,,,,,,,,,,,,,,,,,,,,,,,,,,,,,,,,,,,,,,,,,,,,,,,,,,,,,,,,,,,,,,,,,2.6,2005-02-01T21:00:00,,,,,,,,,,,,,,,,,,,,,,,,,,,,,,,,,,,,,,,,,,,,,,,,,,,,,,,,,,,,,,,,,,,,,,,,,,,,,,
2005-02-02,991.6,,993.6,2005-02-02T10:00:00,990.0,2005-02-02T15:00:00,12.3,13.5,2005-02-02T19:00:00,11.3,2005-02-02T06:00:00,9.8,85,78,2005-02-02T09:00:00,1.2,90.0,7.3,360.0,2005-02-02T01:00:00,0.0,,,,,0.0,0.99,0.8,,17.6,17.7,18.3,19.7,18.9,,,,,,,,,11.1,2005-02-02T17:00:00,,,,8.7,2005-02-02T01:00:00,,,,,,,,,,,,,,,,,,,,,,,,,91,2005-02-02T23:59:59,,,,,,,,,,,,,,,,,,,,,,,,,,,,,,,,,20.4,,,,,,,,,,,,,,,,,,,,,,,,,,,,,,,,,,,,,,,,,,,,,,,,,,,,,,,,,,,,,,,,,,,,,,,,,,,,,,,,,,,,,,,2.1,2005-02-02T03:00:00,,,,,,,,,,,,,,,,,,,,,,,,,,,,,,,,,,,,,,,,,,,,,,,,,,,,,,,,,,,,,,,,,,,,,,,,,,,,,,
2005-02-03,990.8,,993.3,2005-02-03T10:00:00,988.7,2005-02-03T16:00:00,14.8,18.1,2005-02-03T16:00:00,12.4,2005-02-03T01:00:00,12.9,89,78,2005-02-03T15:00:00,1.1,270.0,4.8,90.0,2005-02-03T10:00:00,0.0,,,,,0.0,2.02,0.0,,17.6,17.6,18.0,19.2,18.5,,,,,,,,,15.0,2005-02-03T16:00:00,,,,11.1,2005-02-03T01:00:00,,,,,,,,,,,,,,,,,,,,,,,,,95,2005-02-03T06:00:00,,,,,,,,,,,,,,,,,,,,,,,,,,,,,,,,,20.2,,,,,,,,,,,,,,,,,,,,,,,,,,,,,,,,,,,,,,,,,,,,,,,,,,,,,,,,,,,,,,,,,,,,,,,,,,,,,,,,,,,,,,,2.1,2005-02-03T18:00:00,,,,,,,,,,,,,,,,,,,,,,,,,,,,,,,,,,,,,,,,,,,,,,,,,,,,,,,,,,,,,,,,,,,,,,,,,,,,,,
2005-02-04,987.7,,989.1,2005-02-04T01:00:00,986.0,2005-02-04T16:00:00,19.0,24.8,2005-02-04T14:00:00,14.0,2005-02-04T04:00:00,16.7,86,74,2005-02-04T11:00:00,1.4,292.5,4.6,90.0,2005-02-04T12:00:00,0.0,,,,,3.2,7.68,1.1,,18.5,18.5,18.5,19.1,18.6,,,,,,,,,19.5,2005-02-04T15:00:00,,,,13.5,2005-02-04T03:00:00,,,,,,,,,,,,,,,,,,,,,,,,,95,2005-02-04T23:59:59,,,,,,,,,,,,,,,,,,,,,,,,,,,,,,,,,20.0,,,,,,,,,,,,,,,,,,,,,,,,,,,,,,,,,,,,,,,,,,,,,,,,,,,,,,,,,,,,,,,,,,,,,,,,,,,,,,,,,,,,,,,2.7,2005-02-04T11:00:00,,,,,,,,,,,,,,,,,,,,,,,,,,,,,,,,,,,,,,,,,,,,,,,,,,,,,,,,,,,,,,,,,,,,,,,,,,,,,,
2005-02-05,988.3,,989.8,2005-02-05T09:00:00,986.9,2005-02-05T15:00:00,20.1,24.4,2005-02-05T11:00:00,16.5,2005-02-05T07:00:00,18.3,91,68,2005-02-05T10:00:00,1.4,270.0,6.1,112.5,2005-02-05T14:00:00,0.5,,,,,2.9,4.73,1.1,,19.6,19.6,19.4,19.4,19.3,,,,,,,,,20.1,2005-02-05T17:00:00,,,,16.3,2005-02-05T07:00:00,,,,,,,,,,,,,,,,,,,,,,,,,99,2005-02-05T18:00:00,,,,,,,,,,,,,,,,,,,,,,,,,,,,,,,,,19.9,,,,,,,,,,,,,,,,,,,,,,,,,,,,,,,,,,,,,,,,,,,,,,,,,,,,,,,,,,,,,,,,,,,,,,,,,,,,,,,,,,,,,,,3.6,2005-02-05T14:00:00,,,,,,,,,,,,,,,,,,,,,,,,,,,,,,,,,,,,,,,,,,,,,,,,,,,,,,,,,,,,,,,,,,,,,,,,,,,,,,
2005-02-06,989.9,,991.7,2005-02-06T23:00:00,988.0,2005-02-06T03:00:00,20.7,24.9,2005-02-06T10:00:00,17.9,2005-02-06T05:00:00,18.5,88,72,2005-02-06T11:00:00,1.5,270.0,4.7,337.5,2005-02-06T14:00:00,0.0,,,,,1.1,3.75,0.9,,20.1,20.1,19.9,19.8,19.8,,,,,,,,,19.9,2005-02-06T15:00:00,,,,17.3,2005-02-06T23:59:59,,,,,,,,,,,,,,,,,,,,,,,,,98,2005-02-06T02:00:00,,,,,,,,,,,,,,,,,,,,,,,,,,,,,,,,,20.1,,,,,,,,,,,,,,,,,,,,,,,,,,,,,,,,,,,,,,,,,,,,,,,,,,,,,,,,,,,,,,,,,,,,,,,,,,,,,,,,,,,,,,,2.4,2005-02-06T03:00:00,,,,,,,,,,,,,,,,,,,,,,,,,,,,,,,,,,,,,,,,,,,,,,,,,,,,,,,,,,,,,,,,,,,,,,,,,,,,,,
2005-02-07,991.2,,992.6,2005-02-07T22:00:00,989.5,2005-02-07T15:00:00,21.5,26.9,2005-02-07T13:00:00,17.2,2005-02-07T07:00:00,18.8,86,63,2005-02-07T11:00:00,2.6,292.5,12.2,112.5,2005-02-07T13:00:00,1.0,,,,,5.8,8.45,1.7,,20.5,20.5,20.2,20.0,20.1,,,,,,,,,21.0,2005-02-07T18:00:00,,,,15.4,2005-02-07T06:00:00,,,,,,,,,,,,,,,,,,,,,,,,,99,2005-02-07T22:00:00,,,,,,,,,,,,,,,,,,,,,,,,,,,,,,,,,20.2,,,,,,,,,,,,,,,,,,,,,,,,,,,,,,,,,,,,,,,,,,,,,,,,,,,,,,,,,,,,,,,,,,,,,,,,,,,,,,,,,,,,,,,5.6,2005-02-07T13:00:00,,,,,,,,,,,,,,,,,,,,,,,,,,,,,,,,,,,,,,,,,,,,,,,,,,,,,,,,,,,,,,,,,,,,,,,,,,,,,,
2005-02-08,992.4,,994.0,2005-02-08T09:00:00,990.9,2005-02-08T15:00:00,21.5,26.6,2005-02-08T13:00:00,17.8,2005-02-08T06:00:00,19.0,87,70,2005-02-08T11:00:00,2.0,292.5,6.9,135.0,2005-02-08T11:00:00,0.0,,,,,5.3,8.44,1.6,,21.2,21.2,20.8,20.4,20.6,,,,,,,,,20.2,2005-02-08T19:00:00,,,,17.4,2005-02-08T06:00:00,,,,,,,,,,,,,,,,,,,,,,,,,99,2005-02-08T02:00:00,,,,,,,,,,,,,,,,,,,,,,,,,,,,,,,,,20.4,,,,,,,,,,,,,,,,,,,,,,,,,,,,,,,,,,,,,,,,,,,,,,,,,,,,,,,,,,,,,,,,,,,,,,,,,,,,,,,,,,,,,,,3.3,2005-02-08T12:00:00,,,,,,,,,,,,,,,,,,,,,,,,,,,,,,,,,,,,,,,,,,,,,,,,,,,,,,,,,,,,,,,,,,,,,,,,,,,,,,
2005-02-09,992.0,,993.4,2005-02-09T09:00:00,990.5,2005-02-09T15:00:00,20.8,27.6,2005-02-09T14:00:00,16.8,2005-02-09T05:00:00,17.7,84,59,2005-02-09T13:00:00,1.7,270.0,8.0,135.0,2005-02-09T12:00:00,0.0,,,,,6.2,9.38,2.5,,21.3,21.3,21.1,20.7,20.9,,,,,,,,,19.9,2005-02-09T17:00:00,,,,15.8,2005-02-09T23:59:59,,,,,,,,,,,,,,,,,,,,,,,,,98,2005-02-09T02:00:00,,,,,,,,,,,,,,,,,,,,,,,,,,,,,,,,,20.6,,,,,,,,,,,,,,,,,,,,,,,,,,,,,,,,,,,,,,,,,,,,,,,,,,,,,,,,,,,,,,,,,,,,,,,,,,,,,,,,,,,,,,,3.8,2005-02-09T14:00:00,,,,,,,,,,,,,,,,,,,,,,,,,,,,,,,,,,,,,,,,,,,,,,,,,,,,,,,,,,,,,,,,,,,,,,,,,,,,,,
2005-02-10,992.8,,995.7,2005-02-10T22:00:00,990.8,2005-02-10T14:00:00,19.5,26.2,2005-02-10T14:00:00,16.0,2005-02-10T23:59:59,15.5,79,59,2005-02-10T11:00:00,2.0,90.0,8.8,90.0,2005-02-10T17:00:00,0.0,,,,,4.3,7.75,2.3,,21.1,21.1,21.0,20.8,20.9,,,,,,,,,19.0,2005-02-10T13:00:00,,,,13.9,2005-02-10T22:00:00,,,,,,,,,,,,,,,,,,,,,,,,,93,2005-02-10T05:00:00,,,,,,,,,,,,,,,,,,,,,,,,,,,,,,,,,20.8,,,,,,,,,,,,,,,,,,,,,,,,,,,,,,,,,,,,,,,,,,,,,,,,,,,,,,,,,,,,,,,,,,,,,,,,,,,,,,,,,,,,,,,3.6,2005-02-10T14:00:00,,,,,,,,,,,,,,,,,,,,,,,,,,,,,,,,,,,,,,,,,,,,,,,,,,,,,,,,,,,,,,,,,,,,,,,,,,,,,,
2005-02-11,995.2,,997.3,2005-02-11T10:00:00,993.3,2005-02-11T15:00:00,17.8,23.4,2005-02-11T14:00:00,15.6,2005-02-11T03:00:00,13.1,75,60,2005-02-11T13:00:00,2.3,90.0,8.8,112.5,2005-02-11T10:00:00,0.0,,,,,1.0,6.51,2.1,,20.8,20.8,20.8,20.9,20.9,,,,,,,,,14.2,2005-02-11T13:00:00,,,,12.4,2005-02-11T06:00:00,,,,,,,,,,,,,,,,,,,,,,,,,85,2005-02-11T01:00:00,,,,,,,,,,,,,,,,,,,,,,,,,,,,,,,,,20.8,,,,,,,,,,,,,,,,,,,,,,,,,,,,,,,,,,,,,,,,,,,,,,,,,,,,,,,,,,,,,,,,,,,,,,,,,,,,,,,,,,,,,,,4.0,2005-02-11T10:00:00,,,,,,,,,,,,,,,,,,,,,,,,,,,,,,,,,,,,,,,,,,,,,,,,,,,,,,,,,,,,,,,,,,,,,,,,,,,,,,
2005-02-12,992.7,,994.4,2005-02-12T09:00:00,990.5,2005-02-12T16:00:00,18.5,25.2,2005-02-12T12:00:00,13.5,2005-02-12T05:00:00,14.9,81,52,2005-02-12T11:00:00,1.5,90.0,8.1,90.0,2005-02-12T20:00:00,0.0,,,,,4.5,7.62,1.6,,20.5,20.6,20.6,20.8,20.7,,,,,,,,,17.4,2005-02-12T18:00:00,,,,12.9,2005-02-12T06:00:00,,,,,,,,,,,,,,,,,,,,,,,,,94,2005-02-12T05:00:00,,,,,,,,,,,,,,,,,,,,,,,,,,,,,,,,,20.9,,,,,,,,,,,,,,,,,,,,,,,,,,,,,,,,,,,,,,,,,,,,,,,,,,,,,,,,,,,,,,,,,,,,,,,,,,,,,,,,,,,,,,,3.5,2005-02-12T20:00:00,,,,,,,,,,,,,,,,,,,,,,,,,,,,,,,,,,,,,,,,,,,,,,,,,,,,,,,,,,,,,,,,,,,,,,,,,,,,,,
2005-02-13,992.7,,994.4,2005-02-13T10:00:00,991.3,2005-02-13T15:00:00,19.3,24.2,2005-02-13T13:00:00,15.0,2005-02-13T04:00:00,14.8,77,58,2005-02-13T15:00:00,1.6,90.0,7.3,22.5,2005-02-13T03:00:00,0.0,,,,,1.6,6.98,2.1,,20.6,20.7,20.6,20.8,20.7,,,,,,,,,16.1,2005-02-13T23:59:59,,,,14.1,2005-02-13T04:00:00,,,,,,,,,,,,,,,,,,,,,,,,,94,2005-02-13T04:00:00,,,,,,,,,,,,,,,,,,,,,,,,,,,,,,,,,20.9,,,,,,,,,,,,,,,,,,,,,,,,,,,,,,,,,,,,,,,,,,,,,,,,,,,,,,,,,,,,,,,,,,,,,,,,,,,,,,,,,,,,,,,3.5,2005-02-13T12:00:00,,,,,,,,,,,,,,,,,,,,,,,,,,,,,,,,,,,,,,,,,,,,,,,,,,,,,,,,,,,,,,,,,,,,,,,,,,,,,,
2005-02-14,990.0,,992.7,2005-02-14T01:00:00,987.6,2005-02-14T18:00:00,19.9,25.0,2005-02-14T13:00:00,17.2,2005-02-14T07:00:00,17.9,89,70,2005-02-14T11:00:00,1.4,270.0,5.0,135.0,2005-02-14T15:00:00,0.0,,,,,0.1,5.88,0.0,,21.1,21.1,21.0,20.9,20.9,,,,,,,,,20.8,2005-02-14T17:00:00,,,,15.6,2005-02-14T01:00:00,,,,,,,,,,,,,,,,,,,,,,,,,99,2005-02-14T16:00:00,,,,,,,,,,,,,,,,,,,,,,,,,,,,,,,,,20.9,,,,,,,,,,,,,,,,,,,,,,,,,,,,,,,,,,,,,,,,,,,,,,,,,,,,,,,,,,,,,,,,,,,,,,,,,,,,,,,,,,,,,,,2.4,2005-02-14T13:00:00,,,,,,,,,,,,,,,,,,,,,,,,,,,,,,,,,,,,,,,,,,,,,,,,,,,,,,,,,,,,,,,,,,,,,,,,,,,,,,
2005-02-15,986.4,,989.0,2005-02-15T01:00:00,984.3,2005-02-15T16:00:00,21.0,27.5,2005-02-15T12:00:00,16.5,2005-02-15T07:00:00,18.8,88,66,2005-02-15T10:00:00,2.5,270.0,12.8,135.0,2005-02-15T16:00:00,0.0,,,,,4.0,6.33,1.1,,21.0,21.0,21.0,21.0,21.0,,,,,,,,,22.5,2005-02-15T18:00:00,,,,15.4,2005-02-15T08:00:00,,,,,,,,,,,,,,,,,,,,,,,,,98,2005-02-15T18:00:00,,,,,,,,,,,,,,,,,,,,,,,,,,,,,,,,,21.0,,,,,,,,,,,,,,,,,,,,,,,,,,,,,,,,,,,,,,,,,,,,,,,,,,,,,,,,,,,,,,,,,,,,,,,,,,,,,,,,,,,,,,,7.1,2005-02-15T15:00:00,,,,,,,,,,,,,,,,,,,,,,,,,,,,,,,,,,,,,,,,,,,,,,,,,,,,,,,,,,,,,,,,,,,,,,,,,,,,,,
2005-02-16,984.0,,986.3,2005-02-16T09:00:00,981.9,2005-02-16T18:00:00,21.9,28.8,2005-02-16T12:00:00,17.1,2005-02-16T06:00:00,18.5,82,60,2005-02-16T11:00:00,2.0,292.5,12.0,112.5,2005-02-16T15:00:00,0.0,,,,,5.0,8.42,2.2,,21.2,21.2,21.1,21.0,21.0,,,,,,,,,21.1,2005-02-16T17:00:00,,,,16.3,2005-02-16T05:00:00,,,,,,,,,,,,,,,,,,,,,,,,,94,2005-02-16T07:00:00,,,,,,,,,,,,,,,,,,,,,,,,,,,,,,,,,21.1,,,,,,,,,,,,,,,,,,,,,,,,,,,,,,,,,,,,,,,,,,,,,,,,,,,,,,,,,,,,,,,,,,,,,,,,,,,,,,,,,,,,,,,5.7,2005-02-16T15:00:00,,,,,,,,,,,,,,,,,,,,,,,,,,,,,,,,,,,,,,,,,,,,,,,,,,,,,,,,,,,,,,,,,,,,,,,,,,,,,,
2005-02-17,984.4,,986.3,2005-02-17T09:00:00,982.7,2005-02-17T15:00:00,20.5,25.7,2005-02-17T11:00:00,17.2,2005-02-17T06:00:00,18.3,88,70,2005-02-17T10:00:00,1.5,292.5,7.1,135.0,2005-02-17T13:00:00,0.0,,,,,2.0,4.72,0.7,,21.2,21.2,21.1,21.1,21.1,,,,,,,,,19.8,2005-02-17T11:00:00,,,,15.7,2005-02-17T02:00:00,,,,,,,,,,,,,,,,,,,,,,,,,99,2005-02-17T23:00:00,,,,,,,,,,,,,,,,,,,,,,,,,,,,,,,,,21.1,,,,,,,,,,,,,,,,,,,,,,,,,,,,,,,,,,,,,,,,,,,,,,,,,,,,,,,,,,,,,,,,,,,,,,,,,,,,,,,,,,,,,,,3.6,2005-02-17T12:00:00,,,,,,,,,,,,,,,,,,,,,,,,,,,,,,,,,,,,,,,,,,,,,,,,,,,,,,,,,,,,,,,,,,,,,,,,,,,,,,
2005-02-18,985.9,,988.0,2005-02-18T22:00:00,984.3,2005-02-18T04:00:00,18.8,20.9,2005-02-18T10:00:00,15.8,2005-02-18T23:59:59,18.3,97,90,2005-02-18T10:00:00,0.9,112.5,4.6,90.0,2005-02-18T23:59:59,12.5,,,,,0.0,1.93,0.0,,21.2,21.2,21.2,21.2,21.2,,,,,,,,,19.4,2005-02-18T13:00:00,,,,15.2,2005-02-18T23:59:59,,,,,,,,,,,,,,,,,,,,,,,,,99,2005-02-18T05:00:00,,,,,,,,,,,,,,,,,,,,,,,,,,,,,,,,,21.2,,,,,,,,,,,,,,,,,,,,,,,,,,,,,,,,,,,,,,,,,,,,,,,,,,,,,,,,,,,,,,,,,,,,,,,,,,,,,,,,,,,,,,,2.1,2005-02-18T19:00:00,,,,,,,,,,,,,,,,,,,,,,,,,,,,,,,,,,,,,,,,,,,,,,,,,,,,,,,,,,,,,,,,,,,,,,,,,,,,,,
2005-02-19,990.1,,993.2,2005-02-19T22:00:00,987.0,2005-02-19T04:00:00,14.4,17.2,2005-02-19T12:00:00,11.5,2005-02-19T23:59:59,12.9,91,78,2005-02-19T11:00:00,1.3,90.0,6.2,67.5,2005-02-19T19:00:00,19.5,,,,,0.0,3.3,0.3,,20.1,20.2,20.5,21.1,20.8,,,,,,,,,14.9,2005-02-19T01:00:00,,,,10.0,2005-02-19T22:00:00,,,,,,,,,,,,,,,,,,,,,,,,,99,2005-02-19T16:00:00,,,,,,,,,,,,,,,,,,,,,,,,,,,,,,,,,21.2,,,,,,,,,,,,,,,,,,,,,,,,,,,,,,,,,,,,,,,,,,,,,,,,,,,,,,,,,,,,,,,,,,,,,,,,,,,,,,,,,,,,,,,2.5,2005-02-19T08:00:00,,,,,,,,,,,,,,,,,,,,,,,,,,,,,,,,,,,,,,,,,,,,,,,,,,,,,,,,,,,,,,,,,,,,,,,,,,,,,,
2005-02-20,993.5,,995.2,2005-02-20T22:00:00,991.7,2005-02-20T15:00:00,10.7,11.7,2005-02-20T01:00:00,9.6,2005-02-20T22:00:00,9.3,91,83,2005-02-20T09:00:00,1.8,90.0,7.4,90.0,2005-02-20T06:00:00,5.5,,,,,0.0,0.91,0.0,,18.6,18.7,19.3,20.6,20.0,,,,,,,,,10.2,2005-02-20T01:00:00,,,,8.4,2005-02-20T09:00:00,,,,,,,,,,,,,,,,,,,,,,,,,97,2005-02-20T22:00:00,,,,,,,,,,,,,,,,,,,,,,,,,,,,,,,,,21.1,,,,,,,,,,,,,,,,,,,,,,,,,,,,,,,,,,,,,,,,,,,,,,,,,,,,,,,,,,,,,,,,,,,,,,,,,,,,,,,,,,,,,,,2.6,2005-02-20T18:00:00,,,,,,,,,,,,,,,,,,,,,,,,,,,,,,,,,,,,,,,,,,,,,,,,,,,,,,,,,,,,,,,,,,,,,,,,,,,,,,
2005-02-21,992.8,,994.8,2005-02-21T10:00:00,990.8,2005-02-21T16:00:00,11.9,13.4,2005-02-21T16:00:00,9.8,2005-02-21T01:00:00,10.8,93,87,2005-02-21T17:00:00,1.3,67.5,6.3,45.0,2005-02-21T02:00:00,1.0,,,,,0.0,2.04,0.0,,17.6,17.7,18.3,19.9,19.0,,,,,,,,,12.3,2005-02-21T22:00:00,,,,9.0,2005-02-21T02:00:00,,,,,,,,,,,,,,,,,,,,,,,,,96,2005-02-21T10:00:00,,,,,,,,,,,,,,,,,,,,,,,,,,,,,,,,,20.8,,,,,,,,,,,,,,,,,,,,,,,,,,,,,,,,,,,,,,,,,,,,,,,,,,,,,,,,,,,,,,,,,,,,,,,,,,,,,,,,,,,,,,,2.7,2005-02-21T15:00:00,,,,,,,,,,,,,,,,,,,,,,,,,,,,,,,,,,,,,,,,,,,,,,,,,,,,,,,,,,,,,,,,,,,,,,,,,,,,,,
2005-02-22,988.5,,990.8,2005-02-22T01:00:00,986.1,2005-02-22T16:00:00,16.9,22.8,2005-02-22T11:00:00,11.9,2005-02-22T07:00:00,14.2,85,64,2005-02-22T11:00:00,1.4,270.0,6.5,112.5,2005-02-22T12:00:00,0.0,,,,,3.5,7.58,0.6,,18.3,18.3,18.4,19.5,18.8,,,,,,,,,15.5,2005-02-22T18:00:00,,,,11.9,2005-02-22T06:00:00,,,,,,,,,,,,,,,,,,,,,,,,,99,2005-02-22T04:00:00,,,,,,,,,,,,,,,,,,,,,,,,,,,,,,,,,20.5,,,,,,,,,,,,,,,,,,,,,,,,,,,,,,,,,,,,,,,,,,,,,,,,,,,,,,,,,,,,,,,,,,,,,,,,,,,,,,,,,,,,,,,3.3,2005-02-22T12:00:00,,,,,,,,,,,,,,,,,,,,,,,,,,,,,,,,,,,,,,,,,,,,,,,,,,,,,,,,,,,,,,,,,,,,,,,,,,,,,,
2005-02-23,985.0,,987.5,2005-02-23T09:00:00,982.1,2005-02-23T23:59:59,19.0,22.9,2005-02-23T11:00:00,15.6,2005-02-23T06:00:00,16.2,85,66,2005-02-23T11:00:00,1.2,292.5,5.2,135.0,2005-02-23T15:00:00,0.0,,,,,0.5,5.09,1.3,,19.3,19.3,19.2,19.6,19.3,,,,,,,,,17.8,2005-02-23T18:00:00,,,,15.0,2005-02-23T05:00:00,,,,,,,,,,,,,,,,,,,,,,,,,97,2005-02-23T23:59:59,,,,,,,,,,,,,,,,,,,,,,,,,,,,,,,,,20.3,,,,,,,,,,,,,,,,,,,,,,,,,,,,,,,,,,,,,,,,,,,,,,,,,,,,,,,,,,,,,,,,,,,,,,,,,,,,,,,,,,,,,,,2.1,2005-02-23T15:00:00,,,,,,,,,,,,,,,,,,,,,,,,,,,,,,,,,,,,,,,,,,,,,,,,,,,,,,,,,,,,,,,,,,,,,,,,,,,,,,
2005-02-24,980.3,,984.7,2005-02-24T23:59:59,977.1,2005-02-24T14:00:00,21.4,28.6,2005-02-24T14:00:00,16.1,2005-02-24T06:00:00,16.8,78,42,2005-02-24T13:00:00,1.8,292.5,8.6,247.5,2005-02-24T16:00:00,0.0,,,,,2.3,5.62,2.0,,19.8,19.8,19.7,19.8,19.7,,,,,,,,,19.2,2005-02-24T22:00:00,,,,14.0,2005-02-24T13:00:00,,,,,,,,,,,,,,,,,,,,,,,,,96,2005-02-24T01:00:00,,,,,,,,,,,,,,,,,,,,,,,,,,,,,,,,,20.3,,,,,,,,,,,,,,,,,,,,,,,,,,,,,,,,,,,,,,,,,,,,,,,,,,,,,,,,,,,,,,,,,,,,,,,,,,,,,,,,,,,,,,,4.5,2005-02-24T16:00:00,,,,,,,,,,,,,,,,,,,,,,,,,,,,,,,,,,,,,,,,,,,,,,,,,,,,,,,,,,,,,,,,,,,,,,,,,,,,,,
2005-02-25,986.0,,988.6,2005-02-25T23:59:59,984.5,2005-02-25T03:00:00,18.4,20.3,2005-02-25T17:00:00,16.6,2005-02-25T06:00:00,17.0,92,83,2005-02-25T02:00:00,1.1,292.5,7.3,90.0,2005-02-25T01:00:00,9.5,,,,,0.0,2.45,0.0,,20.0,20.0,20.0,20.1,20.0,,,,,,,,,19.0,2005-02-25T13:00:00,,,,15.7,2005-02-25T02:00:00,,,,,,,,,,,,,,,,,,,,,,,,,99,2005-02-25T10:00:00,,,,,,,,,,,,,,,,,,,,,,,,,,,,,,,,,20.4,,,,,,,,,,,,,,,,,,,,,,,,,,,,,,,,,,,,,,,,,,,,,,,,,,,,,,,,,,,,,,,,,,,,,,,,,,,,,,,,,,,,,,,2.2,2005-02-25T14:00:00,,,,,,,,,,,,,,,,,,,,,,,,,,,,,,,,,,,,,,,,,,,,,,,,,,,,,,,,,,,,,,,,,,,,,,,,,,,,,,
2005-02-26,990.2,,992.9,2005-02-26T23:00:00,987.2,2005-02-26T03:00:00,16.9,20.1,2005-02-26T12:00:00,14.8,2005-02-26T22:00:00,14.4,86,77,2005-02-26T13:00:00,2.3,90.0,11.8,112.5,2005-02-26T08:00:00,22.0,,,,,0.2,3.75,1.0,,19.6,19.6,19.8,20.1,19.9,,,,,,,,,16.8,2005-02-26T01:00:00,,,,12.1,2005-02-26T19:00:00,,,,,,,,,,,,,,,,,,,,,,,,,96,2005-02-26T09:00:00,,,,,,,,,,,,,,,,,,,,,,,,,,,,,,,,,20.4,,,,,,,,,,,,,,,,,,,,,,,,,,,,,,,,,,,,,,,,,,,,,,,,,,,,,,,,,,,,,,,,,,,,,,,,,,,,,,,,,,,,,,,3.4,2005-02-26T13:00:00,,,,,,,,,,,,,,,,,,,,,,,,,,,,,,,,,,,,,,,,,,,,,,,,,,,,,,,,,,,,,,,,,,,,,,,,,,,,,,
2005-02-27,989.3,,991.9,2005-02-27T01:00:00,986.8,2005-02-27T15:00:00,17.5,22.2,2005-02-27T15:00:00,14.6,2005-02-27T04:00:00,14.0,81,59,2005-02-27T13:00:00,1.4,90.0,7.2,90.0,2005-02-27T02:00:00,0.0,,,,,0.2,5.72,1.3,,19.4,19.5,19.5,20.0,19.7,,,,,,,,,15.9,2005-02-27T19:00:00,,,,12.0,2005-02-27T01:00:00,,,,,,,,,,,,,,,,,,,,,,,,,93,2005-02-27T21:00:00,,,,,,,,,,,,,,,,,,,,,,,,,,,,,,,,,20.4,,,,,,,,,,,,,,,,,,,,,,,,,,,,,,,,,,,,,,,,,,,,,,,,,,,,,,,,,,,,,,,,,,,,,,,,,,,,,,,,,,,,,,,2.7,2005-02-27T10:00:00,,,,,,,,,,,,,,,,,,,,,,,,,,,,,,,,,,,,,,,,,,,,,,,,,,,,,,,,,,,,,,,,,,,,,,,,,,,,,,
2005-02-28,988.4,,992.1,2005-02-28T23:59:59,986.1,2005-02-28T04:00:00,16.7,18.5,2005-02-28T16:00:00,14.9,2005-02-28T23:59:59,15.0,90,84,2005-02-28T20:00:00,1.3,112.5,7.4,360.0,2005-02-28T20:00:00,0.0,,,,,0.0,2.0,0.7,,19.5,19.5,19.6,20.0,19.8,,,,,,,,,16.5,2005-02-28T14:00:00,,,,12.4,2005-02-28T23:59:59,,,,,,,,,,,,,,,,,,,,,,,,,97,2005-02-28T08:00:00,,,,,,,,,,,,,,,,,,,,,,,,,,,,,,,,,20.4,,,,,,,,,,,,,,,,,,,,,,,,,,,,,,,,,,,,,,,,,,,,,,,,,,,,,,,,,,,,,,,,,,,,,,,,,,,,,,,,,,,,,,,2.5,2005-02-28T22:00:00,,,,,,,,,,,,,,,,,,,,,,,,,,,,,,,,,,,,,,,,,,,,,,,,,,,,,,,,,,,,,,,,,,,,,,,,,,,,,,
2005-03-01,992.5,,994.5,2005-03-01T09:00:00,991.3,2005-03-01T03:00:00,14.9,15.9,2005-03-01T13:00:00,14.1,2005-03-01T08:00:00,13.0,89,83,2005-03-01T11:00:00,1.2,90.0,5.5,67.5,2005-03-01T04:00:00,0.5,,,,,0.0,1.38,0.2,,18.9,19.0,19.2,19.9,19.5,,,,,,,,,14.3,2005-03-01T23:59:59,,,,12.3,2005-03-01T06:00:00,,,,,,,,,,,,,,,,,,,,,,,,,96,2005-03-01T23:59:59,,,,,,,,,,,,,,,,,,,,,,,,,,,,,,,,,20.4,,,,,,,,,,,,,,,,,,,,,,,,,,,,,,,,,,,,,,,,,,,,,,,,,,,,,,,,,,,,,,,,,,,,,,,,,,,,,,,,,,,,,,,2.3,2005-03-01T03:00:00,,,,,,,,,,,,,,,,,,,,,,,,,,,,,,,,,,,,,,,,,,,,,,,,,,,,,,,,,,,,,,,,,,,,,,,,,,,,,,
2005-03-02,990.6,,993.6,2005-03-02T09:00:00,988.2,2005-03-02T17:00:00,17.7,22.6,2005-03-02T14:00:00,14.5,2005-03-02T02:00:00,14.8,84,65,2005-03-02T14:00:00,1.6,90.0,8.5,90.0,2005-03-02T12:00:00,0.0,,,,,2.3,6.65,0.9,,19.1,19.1,19.2,19.7,19.3,,,,,,,,,16.4,2005-03-02T12:00:00,,,,13.6,2005-03-02T06:00:00,,,,,,,,,,,,,,,,,,,,,,,,,96,2005-03-02T02:00:00,,,,,,,,,,,,,,,,,,,,,,,,,,,,,,,,,20.3,,,,,,,,,,,,,,,,,,,,,,,,,,,,,,,,,,,,,,,,,,,,,,,,,,,,,,,,,,,,,,,,,,,,,,,,,,,,,,,,,,,,,,,3.6,2005-03-02T11:00:00,,,,,,,,,,,,,,,,,,,,,,,,,,,,,,,,,,,,,,,,,,,,,,,,,,,,,,,,,,,,,,,,,,,,,,,,,,,,,,
2005-03-03,990.6,,994.7,2005-03-03T22:00:00,986.7,2005-03-03T03:00:00,15.3,18.2,2005-03-03T09:00:00,12.6,2005-03-03T23:59:59,13.9,92,87,2005-03-03T15:00:00,1.4,292.5,7.2,360.0,2005-03-03T15:00:00,10.0,,,,,0.0,1.14,0.1,,19.1,19.2,19.4,19.8,19.6,,,,,,,,,16.8,2005-03-03T09:00:00,,,,11.6,2005-03-03T21:00:00,,,,,,,,,,,,,,,,,,,,,,,,,98,2005-03-03T09:00:00,,,,,,,,,,,,,,,,,,,,,,,,,,,,,,,,,20.2,,,,,,,,,,,,,,,,,,,,,,,,,,,,,,,,,,,,,,,,,,,,,,,,,,,,,,,,,,,,,,,,,,,,,,,,,,,,,,,,,,,,,,,2.4,2005-03-03T11:00:00,,,,,,,,,,,,,,,,,,,,,,,,,,,,,,,,,,,,,,,,,,,,,,,,,,,,,,,,,,,,,,,,,,,,,,,,,,,,,,
2005-03-04,996.6,,999.7,2005-03-04T22:00:00,993.9,2005-03-04T03:00:00,11.2,12.8,2005-03-04T01:00:00,9.1,2005-03-04T23:59:59,9.3,88,77,2005-03-04T18:00:00,1.4,90.0,6.2,337.5,2005-03-04T18:00:00,6.5,,,,,0.0,1.51,0.4,,17.9,18.0,18.5,19.6,19.0,,,,,,,,,11.6,2005-03-04T01:00:00,,,,7.1,2005-03-04T18:00:00,,,,,,,,,,,,,,,,,,,,,,,,,95,2005-03-04T23:00:00,,,,,,,,,,,,,,,,,,,,,,,,,,,,,,,,,20.2,,,,,,,,,,,,,,,,,,,,,,,,,,,,,,,,,,,,,,,,,,,,,,,,,,,,,,,,,,,,,,,,,,,,,,,,,,,,,,,,,,,,,,,2.9,2005-03-04T01:00:00,,,,,,,,,,,,,,,,,,,,,,,,,,,,,,,,,,,,,,,,,,,,,,,,,,,,,,,,,,,,,,,,,,,,,,,,,,,,,,
2005-03-05,998.0,,999.5,2005-03-05T09:00:00,996.0,2005-03-05T15:00:00,11.5,17.0,2005-03-05T11:00:00,8.4,2005-03-05T05:00:00,9.1,86,66,2005-03-05T12:00:00,1.2,292.5,7.3,67.5,2005-03-05T02:00:00,6.5,,,,,0.9,4.31,0.3,,17.0,17.1,17.6,19.0,18.2,,,,,,,,,10.7,2005-03-05T15:00:00,,,,8.0,2005-03-05T03:00:00,,,,,,,,,,,,,,,,,,,,,,,,,98,2005-03-05T04:00:00,,,,,,,,,,,,,,,,,,,,,,,,,,,,,,,,,20.0,,,,,,,,,,,,,,,,,,,,,,,,,,,,,,,,,,,,,,,,,,,,,,,,,,,,,,,,,,,,,,,,,,,,,,,,,,,,,,,,,,,,,,,2.4,2005-03-05T02:00:00,,,,,,,,,,,,,,,,,,,,,,,,,,,,,,,,,,,,,,,,,,,,,,,,,,,,,,,,,,,,,,,,,,,,,,,,,,,,,,
2005-03-06,998.9,,1000.8,2005-03-06T09:00:00,997.0,2005-03-06T15:00:00,12.6,16.7,2005-03-06T12:00:00,10.1,2005-03-06T06:00:00,7.3,71,51,2005-03-06T12:00:00,1.5,292.5,8.6,90.0,2005-03-06T10:00:00,0.0,,,,,1.1,6.03,1.5,,17.1,17.1,17.5,18.7,17.9,,,,,,,,,9.0,2005-03-06T18:00:00,,,,5.5,2005-03-06T12:00:00,,,,,,,,,,,,,,,,,,,,,,,,,84,2005-03-06T23:59:59,,,,,,,,,,,,,,,,,,,,,,,,,,,,,,,,,19.7,,,,,,,,,,,,,,,,,,,,,,,,,,,,,,,,,,,,,,,,,,,,,,,,,,,,,,,,,,,,,,,,,,,,,,,,,,,,,,,,,,,,,,,3.0,2005-03-06T08:00:00,,,,,,,,,,,,,,,,,,,,,,,,,,,,,,,,,,,,,,,,,,,,,,,,,,,,,,,,,,,,,,,,,,,,,,,,,,,,,,
2005-03-07,997.0,,998.9,2005-03-07T09:00:00,995.4,2005-03-07T16:00:00,14.4,20.4,2005-03-07T12:00:00,11.6,2005-03-07T01:00:00,8.9,71,47,2005-03-07T11:00:00,1.7,292.5,7.0,157.5,2005-03-07T12:00:00,0.0,,,,,3.1,9.41,2.6,,17.5,17.6,17.7,18.5,17.9,,,,,,,,,10.6,2005-03-07T18:00:00,,,,7.4,2005-03-07T08:00:00,,,,,,,,,,,,,,,,,,,,,,,,,86,2005-03-07T22:00:00,,,,,,,,,,,,,,,,,,,,,,,,,,,,,,,,,19.5,,,,,,,,,,,,,,,,,,,,,,,,,,,,,,,,,,,,,,,,,,,,,,,,,,,,,,,,,,,,,,,,,,,,,,,,,,,,,,,,,,,,,,,3.5,2005-03-07T12:00:00,,,,,,,,,,,,,,,,,,,,,,,,,,,,,,,,,,,,,,,,,,,,,,,,,,,,,,,,,,,,,,,,,,,,,,,,,,,,,,
2005-03-08,993.8,,995.9,2005-03-08T09:00:00,991.5,2005-03-08T15:00:00,15.5,21.8,2005-03-08T14:00:00,8.5,2005-03-08T06:00:00,10.4,73,55,2005-03-08T14:00:00,1.5,292.5,5.1,90.0,2005-03-08T11:00:00,0.0,,,,,6.0,7.84,0.4,,17.6,17.7,17.8,18.5,18.1,,,,,,,,,12.9,2005-03-08T19:00:00,,,,6.4,2005-03-08T05:00:00,,,,,,,,,,,,,,,,,,,,,,,,,94,2005-03-08T03:00:00,,,,,,,,,,,,,,,,,,,,,,,,,,,,,,,,,19.4,,,,,,,,,,,,,,,,,,,,,,,,,,,,,,,,,,,,,,,,,,,,,,,,,,,,,,,,,,,,,,,,,,,,,,,,,,,,,,,,,,,,,,,2.4,2005-03-08T15:00:00,,,,,,,,,,,,,,,,,,,,,,,,,,,,,,,,,,,,,,,,,,,,,,,,,,,,,,,,,,,,,,,,,,,,,,,,,,,,,,
2005-03-09,989.7,,992.3,2005-03-09T01:00:00,986.9,2005-03-09T16:00:00,18.3,22.1,2005-03-09T12:00:00,15.5,2005-03-09T04:00:00,14.9,81,68,2005-03-09T11:00:00,1.1,270.0,5.5,112.5,2005-03-09T14:00:00,0.0,,,,,0.1,3.18,0.7,,18.5,18.5,18.4,18.7,18.4,,,,,,,,,17.1,2005-03-09T18:00:00,,,,11.9,2005-03-09T05:00:00,,,,,,,,,,,,,,,,,,,,,,,,,95,2005-03-09T23:59:59,,,,,,,,,,,,,,,,,,,,,,,,,,,,,,,,,19.3,,,,,,,,,,,,,,,,,,,,,,,,,,,,,,,,,,,,,,,,,,,,,,,,,,,,,,,,,,,,,,,,,,,,,,,,,,,,,,,,,,,,,,,2.9,2005-03-09T14:00:00,,,,,,,,,,,,,,,,,,,,,,,,,,,,,,,,,,,,,,,,,,,,,,,,,,,,,,,,,,,,,,,,,,,,,,,,,,,,,,
2005-03-10,984.4,,987.5,2005-03-10T01:00:00,981.5,2005-03-10T18:00:00,19.9,25.8,2005-03-10T13:00:00,15.9,2005-03-10T04:00:00,17.0,84,67,2005-03-10T11:00:00,1.7,270.0,9.1,90.0,2005-03-10T13:00:00,0.0,,,,,2.1,7.68,1.5,,19.3,19.3,19.0,18.9,18.9,,,,,,,,,20.0,2005-03-10T16:00:00,,,,14.6,2005-03-10T22:00:00,,,,,,,,,,,,,,,,,,,,,,,,,97,2005-03-10T01:00:00,,,,,,,,,,,,,,,,,,,,,,,,,,,,,,,,,19.4,,,,,,,,,,,,,,,,,,,,,,,,,,,,,,,,,,,,,,,,,,,,,,,,,,,,,,,,,,,,,,,,,,,,,,,,,,,,,,,,,,,,,,,4.0,2005-03-10T12:00:00,,,,,,,,,,,,,,,,,,,,,,,,,,,,,,,,,,,,,,,,,,,,,,,,,,,,,,,,,,,,,,,,,,,,,,,,,,,,,,
2005-03-11,983.9,,988.5,2005-03-11T22:00:00,980.5,2005-03-11T02:00:00,22.3,27.9,2005-03-11T13:00:00,17.0,2005-03-11T23:59:59,15.8,69,34,2005-03-11T06:00:00,1.9,292.5,12.7,315.0,2005-03-11T06:00:00,0.0,,,,,3.3,7.45,2.0,,19.9,19.9,19.6,19.3,19.4,,,,,,,,,19.2,2005-03-11T13:00:00,,,,8.9,2005-03-11T06:00:00,,,,,,,,,,,,,,,,,,,,,,,,,91,2005-03-11T23:00:00,,,,,,,,,,,,,,,,,,,,,,,,,,,,,,,,,19.5,,,,,,,,,,,,,,,,,,,,,,,,,,,,,,,,,,,,,,,,,,,,,,,,,,,,,,,,,,,,,,,,,,,,,,,,,,,,,,,,,,,,,,,3.8,2005-03-11T06:00:00,,,,,,,,,,,,,,,,,,,,,,,,,,,,,,,,,,,,,,,,,,,,,,,,,,,,,,,,,,,,,,,,,,,,,,,,,,,,,,
2005-03-12,989.4,,992.4,2005-03-12T23:59:59,987.5,2005-03-12T04:00:00,14.7,17.3,2005-03-12T01:00:00,11.1,2005-03-12T23:59:59,12.3,86,81,2005-03-12T15:00:00,1.8,67.5,10.3,45.0,2005-03-12T16:00:00,4.5,,,,,0.0,1.29,0.7,,19.5,19.6,19.7,19.7,19.7,,,,,,,,,14.4,2005-03-12T01:00:00,,,,9.9,2005-03-12T23:59:59,,,,,,,,,,,,,,,,,,,,,,,,,92,2005-03-12T23:00:00,,,,,,,,,,,,,,,,,,,,,,,,,,,,,,,,,19.7,,,,,,,,,,,,,,,,,,,,,,,,,,,,,,,,,,,,,,,,,,,,,,,,,,,,,,,,,,,,,,,,,,,,,,,,,,,,,,,,,,,,,,,2.9,2005-03-12T14:00:00,,,,,,,,,,,,,,,,,,,,,,,,,,,,,,,,,,,,,,,,,,,,,,,,,,,,,,,,,,,,,,,,,,,,,,,,,,,,,,
2005-03-13,993.4,,995.1,2005-03-13T21:00:00,991.7,2005-03-13T04:00:00,11.6,14.1,2005-03-13T13:00:00,10.1,2005-03-13T06:00:00,9.0,84,74,2005-03-13T14:00:00,1.7,90.0,6.5,90.0,2005-03-13T12:00:00,4.0,,,,,0.0,3.67,0.6,,18.1,18.1,18.6,19.5,19.0,,,,,,,,,10.1,2005-03-13T09:00:00,,,,7.0,2005-03-13T23:59:59,,,,,,,,,,,,,,,,,,,,,,,,,95,2005-03-13T07:00:00,,,,,,,,,,,,,,,,,,,,,,,,,,,,,,,,,19.8,,,,,,,,,,,,,,,,,,,,,,,,,,,,,,,,,,,,,,,,,,,,,,,,,,,,,,,,,,,,,,,,,,,,,,,,,,,,,,,,,,,,,,,2.6,2005-03-13T14:00:00,,,,,,,,,,,,,,,,,,,,,,,,,,,,,,,,,,,,,,,,,,,,,,,,,,,,,,,,,,,,,,,,,,,,,,,,,,,,,,
2005-03-14,992.9,,994.8,2005-03-14T08:00:00,990.5,2005-03-14T16:00:00,12.7,16.7,2005-03-14T12:00:00,9.5,2005-03-14T04:00:00,7.8,73,54,2005-03-14T11:00:00,1.5,90.0,5.4,90.0,2005-03-14T01:00:00,0.0,,,,,0.6,5.71,1.4,,17.6,17.7,18.0,19.0,18.4,,,,,,,,,10.2,2005-03-14T23:59:59,,,,5.7,2005-03-14T04:00:00,,,,,,,,,,,,,,,,,,,,,,,,,83,2005-03-14T23:59:59,,,,,,,,,,,,,,,,,,,,,,,,,,,,,,,,,19.7,,,,,,,,,,,,,,,,,,,,,,,,,,,,,,,,,,,,,,,,,,,,,,,,,,,,,,,,,,,,,,,,,,,,,,,,,,,,,,,,,,,,,,,2.9,2005-03-14T10:00:00,,,,,,,,,,,,,,,,,,,,,,,,,,,,,,,,,,,,,,,,,,,,,,,,,,,,,,,,,,,,,,,,,,,,,,,,,,,,,,
2005-03-15,991.3,,993.6,2005-03-15T22:00:00,989.4,2005-03-15T04:00:00,16.1,19.7,2005-03-15T15:00:00,12.4,2005-03-15T03:00:00,12.8,81,71,2005-03-15T14:00:00,1.1,270.0,4.7,67.5,2005-03-15T10:00:00,0.0,,,,,0.0,2.79,0.3,,17.8,17.8,18.0,18.8,18.3,,,,,,,,,15.4,2005-03-15T17:00:00,,,,10.1,2005-03-15T03:00:00,,,,,,,,,,,,,,,,,,,,,,,,,88,2005-03-15T23:59:59,,,,,,,,,,,,,,,,,,,,,,,,,,,,,,,,,19.6,,,,,,,,,,,,,,,,,,,,,,,,,,,,,,,,,,,,,,,,,,,,,,,,,,,,,,,,,,,,,,,,,,,,,,,,,,,,,,,,,,,,,,,2.2,2005-03-15T20:00:00,,,,,,,,,,,,,,,,,,,,,,,,,,,,,,,,,,,,,,,,,,,,,,,,,,,,,,,,,,,,,,,,,,,,,,,,,,,,,,
2005-03-16,991.4,,993.6,2005-03-16T09:00:00,988.9,2005-03-16T16:00:00,19.8,24.6,2005-03-16T10:00:00,16.5,2005-03-16T05:00:00,16.2,80,62,2005-03-16T10:00:00,1.5,270.0,5.8,135.0,2005-03-16T14:00:00,0.0,,,,,2.2,7.22,1.5,,18.9,18.9,18.7,18.8,18.6,,,,,,,,,17.8,2005-03-16T14:00:00,,,,14.6,2005-03-16T02:00:00,,,,,,,,,,,,,,,,,,,,,,,,,90,2005-03-16T06:00:00,,,,,,,,,,,,,,,,,,,,,,,,,,,,,,,,,19.4,,,,,,,,,,,,,,,,,,,,,,,,,,,,,,,,,,,,,,,,,,,,,,,,,,,,,,,,,,,,,,,,,,,,,,,,,,,,,,,,,,,,,,,3.0,2005-03-16T11:00:00,,,,,,,,,,,,,,,,,,,,,,,,,,,,,,,,,,,,,,,,,,,,,,,,,,,,,,,,,,,,,,,,,,,,,,,,,,,,,,
2005-03-17,988.6,,990.0,2005-03-17T23:59:59,986.5,2005-03-17T15:00:00,20.8,26.2,2005-03-17T11:00:00,16.5,2005-03-17T06:00:00,16.9,79,59,2005-03-17T10:00:00,1.5,270.0,6.3,135.0,2005-03-17T12:00:00,0.0,,,,,3.8,7.75,2.1,,20.0,20.0,19.6,19.2,19.3,,,,,,,,,18.1,2005-03-17T17:00:00,,,,15.4,2005-03-17T06:00:00,,,,,,,,,,,,,,,,,,,,,,,,,93,2005-03-17T06:00:00,,,,,,,,,,,,,,,,,,,,,,,,,,,,,,,,,19.5,,,,,,,,,,,,,,,,,,,,,,,,,,,,,,,,,,,,,,,,,,,,,,,,,,,,,,,,,,,,,,,,,,,,,,,,,,,,,,,,,,,,,,,2.6,2005-03-17T14:00:00,,,,,,,,,,,,,,,,,,,,,,,,,,,,,,,,,,,,,,,,,,,,,,,,,,,,,,,,,,,,,,,,,,,,,,,,,,,,,,
2005-03-18,993.4,,996.4,2005-03-18T22:00:00,989.7,2005-03-18T02:00:00,16.3,20.6,2005-03-18T01:00:00,13.2,2005-03-18T23:59:59,11.9,75,69,2005-03-18T12:00:00,2.9,90.0,15.2,90.0,2005-03-18T14:00:00,0.0,,,,,0.0,2.67,2.1,,19.4,19.4,19.6,19.6,19.6,,,,,,,,,17.0,2005-03-18T01:00:00,,,,9.1,2005-03-18T22:00:00,,,,,,,,,,,,,,,,,,,,,,,,,85,2005-03-18T02:00:00,,,,,,,,,,,,,,,,,,,,,,,,,,,,,,,,,19.7,,,,,,,,,,,,,,,,,,,,,,,,,,,,,,,,,,,,,,,,,,,,,,,,,,,,,,,,,,,,,,,,,,,,,,,,,,,,,,,,,,,,,,,4.9,2005-03-18T13:00:00,,,,,,,,,,,,,,,,,,,,,,,,,,,,,,,,,,,,,,,,,,,,,,,,,,,,,,,,,,,,,,,,,,,,,,,,,,,,,,
2005-03-19,993.6,,995.7,2005-03-19T10:00:00,991.9,2005-03-19T16:00:00,15.3,18.6,2005-03-19T16:00:00,13.0,2005-03-19T02:00:00,10.2,72,61,2005-03-19T15:00:00,1.7,90.0,7.3,67.5,2005-03-19T08:00:00,0.0,,,,,0.0,4.94,1.3,,18.4,18.5,18.7,19.4,19.0,,,,,,,,,12.1,2005-03-19T23:59:59,,,,8.4,2005-03-19T05:00:00,,,,,,,,,,,,,,,,,,,,,,,,,83,2005-03-19T23:00:00,,,,,,,,,,,,,,,,,,,,,,,,,,,,,,,,,19.8,,,,,,,,,,,,,,,,,,,,,,,,,,,,,,,,,,,,,,,,,,,,,,,,,,,,,,,,,,,,,,,,,,,,,,,,,,,,,,,,,,,,,,,3.0,2005-03-19T12:00:00,,,,,,,,,,,,,,,,,,,,,,,,,,,,,,,,,,,,,,,,,,,,,,,,,,,,,,,,,,,,,,,,,,,,,,,,,,,,,,
2005-03-20,990.4,,991.9,2005-03-20T09:00:00,988.3,2005-03-20T16:00:00,18.6,24.5,2005-03-20T12:00:00,13.1,2005-03-20T06:00:00,14.1,76,53,2005-03-20T10:00:00,1.4,292.5,6.6,112.5,2005-03-20T12:00:00,0.0,,,,,5.7,10.72,2.5,,19.4,19.3,19.1,19.3,19.1,,,,,,,,,16.5,2005-03-20T18:00:00,,,,11.3,2005-03-20T06:00:00,,,,,,,,,,,,,,,,,,,,,,,,,91,2005-03-20T23:00:00,,,,,,,,,,,,,,,,,,,,,,,,,,,,,,,,,19.7,,,,,,,,,,,,,,,,,,,,,,,,,,,,,,,,,,,,,,,,,,,,,,,,,,,,,,,,,,,,,,,,,,,,,,,,,,,,,,,,,,,,,,,2.6,2005-03-20T21:00:00,,,,,,,,,,,,,,,,,,,,,,,,,,,,,,,,,,,,,,,,,,,,,,,,,,,,,,,,,,,,,,,,,,,,,,,,,,,,,,
2005-03-21,988.2,,990.7,2005-03-21T01:00:00,985.9,2005-03-21T16:00:00,19.4,25.2,2005-03-21T11:00:00,16.9,2005-03-21T07:00:00,16.7,85,63,2005-03-21T11:00:00,1.2,292.5,6.5,135.0,2005-03-21T12:00:00,0.0,,,,,1.6,4.95,0.6,,20.1,20.1,19.9,19.6,19.7,,,,,,,,,18.2,2005-03-21T13:00:00,,,,14.3,2005-03-21T08:00:00,,,,,,,,,,,,,,,,,,,,,,,,,96,2005-03-21T20:00:00,,,,,,,,,,,,,,,,,,,,,,,,,,,,,,,,,19.8,,,,,,,,,,,,,,,,,,,,,,,,,,,,,,,,,,,,,,,,,,,,,,,,,,,,,,,,,,,,,,,,,,,,,,,,,,,,,,,,,,,,,,,2.1,2005-03-21T11:00:00,,,,,,,,,,,,,,,,,,,,,,,,,,,,,,,,,,,,,,,,,,,,,,,,,,,,,,,,,,,,,,,,,,,,,,,,,,,,,,
2005-03-22,983.3,,985.6,2005-03-22T09:00:00,981.0,2005-03-22T23:59:59,20.9,25.1,2005-03-22T11:00:00,18.2,2005-03-22T05:00:00,19.2,91,71,2005-03-22T10:00:00,1.1,292.5,6.6,112.5,2005-03-22T11:00:00,1.5,,,,,1.1,4.95,0.0,,20.6,20.6,20.3,19.9,20.1,,,,,,,,,21.6,2005-03-22T21:00:00,,,,16.9,2005-03-22T08:00:00,,,,,,,,,,,,,,,,,,,,,,,,,98,2005-03-22T21:00:00,,,,,,,,,,,,,,,,,,,,,,,,,,,,,,,,,19.9,,,,,,,,,,,,,,,,,,,,,,,,,,,,,,,,,,,,,,,,,,,,,,,,,,,,,,,,,,,,,,,,,,,,,,,,,,,,,,,,,,,,,,,3.7,2005-03-22T11:00:00,,,,,,,,,,,,,,,,,,,,,,,,,,,,,,,,,,,,,,,,,,,,,,,,,,,,,,,,,,,,,,,,,,,,,,,,,,,,,,
2005-03-23,985.1,,990.9,2005-03-23T22:00:00,979.3,2005-03-23T03:00:00,18.9,27.3,2005-03-23T10:00:00,14.5,2005-03-23T23:59:59,16.8,88,72,2005-03-23T10:00:00,1.7,90.0,8.7,90.0,2005-03-23T09:00:00,1.5,,,,,3.1,5.61,0.8,,21.0,21.0,20.8,20.3,20.5,,,,,,,,,21.8,2005-03-23T10:00:00,,,,12.4,2005-03-23T23:59:59,,,,,,,,,,,,,,,,,,,,,,,,,97,2005-03-23T02:00:00,,,,,,,,,,,,,,,,,,,,,,,,,,,,,,,,,20.1,,,,,,,,,,,,,,,,,,,,,,,,,,,,,,,,,,,,,,,,,,,,,,,,,,,,,,,,,,,,,,,,,,,,,,,,,,,,,,,,,,,,,,,3.0,2005-03-23T09:00:00,,,,,,,,,,,,,,,,,,,,,,,,,,,,,,,,,,,,,,,,,,,,,,,,,,,,,,,,,,,,,,,,,,,,,,,,,,,,,,
2005-03-24,992.2,,995.0,2005-03-24T22:00:00,989.1,2005-03-24T03:00:00,15.3,16.7,2005-03-24T21:00:00,13.7,2005-03-24T23:59:59,10.8,75,54,2005-03-24T20:00:00,2.0,90.0,10.3,67.5,2005-03-24T16:00:00,0.0,,,,,0.0,2.49,1.1,,19.7,19.7,20.0,20.3,20.2,,,,,,,,,12.9,2005-03-24T10:00:00,,,,7.3,2005-03-24T20:00:00,,,,,,,,,,,,,,,,,,,,,,,,,86,2005-03-24T01:00:00,,,,,,,,,,,,,,,,,,,,,,,,,,,,,,,,,20.3,,,,,,,,,,,,,,,,,,,,,,,,,,,,,,,,,,,,,,,,,,,,,,,,,,,,,,,,,,,,,,,,,,,,,,,,,,,,,,,,,,,,,,,3.4,2005-03-24T22:00:00,,,,,,,,,,,,,,,,,,,,,,,,,,,,,,,,,,,,,,,,,,,,,,,,,,,,,,,,,,,,,,,,,,,,,,,,,,,,,,
2005-03-25,993.9,,995.8,2005-03-25T10:00:00,992.5,2005-03-25T16:00:00,14.6,17.9,2005-03-25T13:00:00,13.2,2005-03-25T04:00:00,10.0,75,61,2005-03-25T12:00:00,1.7,90.0,7.7,360.0,2005-03-25T01:00:00,0.0,,,,,0.0,4.44,1.2,,18.8,18.9,19.2,20.0,19.6,,,,,,,,,11.2,2005-03-25T22:00:00,,,,9.4,2005-03-25T14:00:00,,,,,,,,,,,,,,,,,,,,,,,,,85,2005-03-25T22:00:00,,,,,,,,,,,,,,,,,,,,,,,,,,,,,,,,,20.2,,,,,,,,,,,,,,,,,,,,,,,,,,,,,,,,,,,,,,,,,,,,,,,,,,,,,,,,,,,,,,,,,,,,,,,,,,,,,,,,,,,,,,,3.0,2005-03-25T05:00:00,,,,,,,,,,,,,,,,,,,,,,,,,,,,,,,,,,,,,,,,,,,,,,,,,,,,,,,,,,,,,,,,,,,,,,,,,,,,,,
2005-03-26,990.4,,993.0,2005-03-26T01:00:00,988.6,2005-03-26T15:00:00,17.8,22.2,2005-03-26T13:00:00,13.8,2005-03-26T01:00:00,12.6,73,53,2005-03-26T12:00:00,1.3,270.0,5.4,135.0,2005-03-26T09:00:00,0.0,,,,,1.1,7.39,1.6,,19.3,19.3,19.3,19.7,19.4,,,,,,,,,15.0,2005-03-26T17:00:00,,,,10.8,2005-03-26T05:00:00,,,,,,,,,,,,,,,,,,,,,,,,,84,2005-03-26T02:00:00,,,,,,,,,,,,,,,,,,,,,,,,,,,,,,,,,20.1,,,,,,,,,,,,,,,,,,,,,,,,,,,,,,,,,,,,,,,,,,,,,,,,,,,,,,,,,,,,,,,,,,,,,,,,,,,,,,,,,,,,,,,2.8,2005-03-26T09:00:00,,,,,,,,,,,,,,,,,,,,,,,,,,,,,,,,,,,,,,,,,,,,,,,,,,,,,,,,,,,,,,,,,,,,,,,,,,,,,,
2005-03-27,985.8,,988.3,2005-03-27T01:00:00,983.4,2005-03-27T16:00:00,21.7,27.6,2005-03-27T11:00:00,16.4,2005-03-27T01:00:00,18.5,83,58,2005-03-27T10:00:00,1.7,292.5,9.3,112.5,2005-03-27T10:00:00,0.0,,,,,3.7,8.59,1.5,,20.6,20.6,20.2,19.9,20.0,,,,,,,,,22.1,2005-03-27T17:00:00,,,,14.1,2005-03-27T01:00:00,,,,,,,,,,,,,,,,,,,,,,,,,95,2005-03-27T22:00:00,,,,,,,,,,,,,,,,,,,,,,,,,,,,,,,,,20.1,,,,,,,,,,,,,,,,,,,,,,,,,,,,,,,,,,,,,,,,,,,,,,,,,,,,,,,,,,,,,,,,,,,,,,,,,,,,,,,,,,,,,,,4.2,2005-03-27T10:00:00,,,,,,,,,,,,,,,,,,,,,,,,,,,,,,,,,,,,,,,,,,,,,,,,,,,,,,,,,,,,,,,,,,,,,,,,,,,,,,
2005-03-28,984.0,,986.7,2005-03-28T22:00:00,982.1,2005-03-28T14:00:00,23.7,31.3,2005-03-28T13:00:00,19.6,2005-03-28T03:00:00,19.3,78,43,2005-03-28T10:00:00,1.8,270.0,10.2,112.5,2005-03-28T13:00:00,0.0,,,,,4.1,11.19,3.1,,21.9,21.8,21.3,20.4,20.8,,,,,,,,,21.1,2005-03-28T16:00:00,,,,16.5,2005-03-28T10:00:00,,,,,,,,,,,,,,,,,,,,,,,,,95,2005-03-28T03:00:00,,,,,,,,,,,,,,,,,,,,,,,,,,,,,,,,,20.2,,,,,,,,,,,,,,,,,,,,,,,,,,,,,,,,,,,,,,,,,,,,,,,,,,,,,,,,,,,,,,,,,,,,,,,,,,,,,,,,,,,,,,,3.1,2005-03-28T09:00:00,,,,,,,,,,,,,,,,,,,,,,,,,,,,,,,,,,,,,,,,,,,,,,,,,,,,,,,,,,,,,,,,,,,,,,,,,,,,,,
2005-03-29,984.8,,987.1,2005-03-29T23:00:00,981.9,2005-03-29T15:00:00,21.2,26.1,2005-03-29T10:00:00,17.0,2005-03-29T23:59:59,18.5,85,74,2005-03-29T10:00:00,1.6,292.5,9.4,22.5,2005-03-29T21:00:00,7.5,,,,,1.0,4.09,0.8,,22.1,22.0,21.7,20.9,21.4,,,,,,,,,20.0,2005-03-29T10:00:00,,,,15.3,2005-03-29T23:00:00,,,,,,,,,,,,,,,,,,,,,,,,,92,2005-03-29T01:00:00,,,,,,,,,,,,,,,,,,,,,,,,,,,,,,,,,20.5,,,,,,,,,,,,,,,,,,,,,,,,,,,,,,,,,,,,,,,,,,,,,,,,,,,,,,,,,,,,,,,,,,,,,,,,,,,,,,,,,,,,,,,3.3,2005-03-29T21:00:00,,,,,,,,,,,,,,,,,,,,,,,,,,,,,,,,,,,,,,,,,,,,,,,,,,,,,,,,,,,,,,,,,,,,,,,,,,,,,,
2005-03-30,986.1,,988.4,2005-03-30T09:00:00,984.1,2005-03-30T16:00:00,17.3,20.1,2005-03-30T13:00:00,16.0,2005-03-30T21:00:00,14.8,85,73,2005-03-30T13:00:00,1.6,90.0,5.9,45.0,2005-03-30T06:00:00,0.5,,,,,0.0,3.46,0.5,,21.1,21.1,21.2,21.1,21.2,,,,,,,,,15.4,2005-03-30T01:00:00,,,,14.0,2005-03-30T05:00:00,,,,,,,,,,,,,,,,,,,,,,,,,95,2005-03-30T21:00:00,,,,,,,,,,,,,,,,,,,,,,,,,,,,,,,,,20.7,,,,,,,,,,,,,,,,,,,,,,,,,,,,,,,,,,,,,,,,,,,,,,,,,,,,,,,,,,,,,,,,,,,,,,,,,,,,,,,,,,,,,,,2.7,2005-03-30T11:00:00,,,,,,,,,,,,,,,,,,,,,,,,,,,,,,,,,,,,,,,,,,,,,,,,,,,,,,,,,,,,,,,,,,,,,,,,,,,,,,
2005-03-31,984.3,,985.7,2005-03-31T09:00:00,982.7,2005-03-31T15:00:00,18.2,22.4,2005-03-31T13:00:00,15.5,2005-03-31T02:00:00,16.7,92,74,2005-03-31T14:00:00,1.0,270.0,5.9,90.0,2005-03-31T01:00:00,23.0,,,,,0.6,5.45,0.2,,20.7,20.7,20.7,20.9,20.8,,,,,,,,,18.4,2005-03-31T15:00:00,,,,14.2,2005-03-31T01:00:00,,,,,,,,,,,,,,,,,,,,,,,,,96,2005-03-31T04:00:00,,,,,,,,,,,,,,,,,,,,,,,,,,,,,,,,,20.8,,,,,,,,,,,,,,,,,,,,,,,,,,,,,,,,,,,,,,,,,,,,,,,,,,,,,,,,,,,,,,,,,,,,,,,,,,,,,,,,,,,,,,,2.1,2005-03-31T12:00:00,,,,,,,,,,,,,,,,,,,,,,,,,,,,,,,,,,,,,,,,,,,,,,,,,,,,,,,,,,,,,,,,,,,,,,,,,,,,,,
2005-04-01,983.6,,985.4,2005-04-01T09:00:00,981.6,2005-04-01T15:00:00,21.5,26.5,2005-04-01T13:00:00,18.2,2005-04-01T04:00:00,19.1,87,68,2005-04-01T12:00:00,1.2,270.0,7.5,135.0,2005-04-01T13:00:00,0.0,,,,,4.2,9.94,1.6,,21.8,21.8,21.3,20.9,21.0,,,,,,,,,20.6,2005-04-01T15:00:00,,,,17.5,2005-04-01T04:00:00,,,,,,,,,,,,,,,,,,,,,,,,,96,2005-04-01T01:00:00,,,,,,,,,,,,,,,,,,,,,,,,,,,,,,,,,20.8,,,,,,,,,,,,,,,,,,,,,,,,,,,,,,,,,,,,,,,,,,,,,,,,,,,,,,,,,,,,,,,,,,,,,,,,,,,,,,,,,,,,,,,2.8,2005-04-01T13:00:00,,,,,,,,,,,,,,,,,,,,,,,,,,,,,,,,,,,,,,,,,,,,,,,,,,,,,,,,,,,,,,,,,,,,,,,,,,,,,,
2005-04-02,983.1,,986.3,2005-04-02T22:00:00,981.2,2005-04-02T04:00:00,21.3,24.5,2005-04-02T09:00:00,18.5,2005-04-02T23:59:59,19.0,87,77,2005-04-02T13:00:00,1.2,157.5,5.0,135.0,2005-04-02T09:00:00,0.5,,,,,1.8,4.37,1.1,,22.3,22.3,22.0,21.3,21.7,,,,,,,,,20.3,2005-04-02T16:00:00,,,,16.8,2005-04-02T23:59:59,,,,,,,,,,,,,,,,,,,,,,,,,95,2005-04-02T20:00:00,,,,,,,,,,,,,,,,,,,,,,,,,,,,,,,,,20.9,,,,,,,,,,,,,,,,,,,,,,,,,,,,,,,,,,,,,,,,,,,,,,,,,,,,,,,,,,,,,,,,,,,,,,,,,,,,,,,,,,,,,,,2.3,2005-04-02T06:00:00,,,,,,,,,,,,,,,,,,,,,,,,,,,,,,,,,,,,,,,,,,,,,,,,,,,,,,,,,,,,,,,,,,,,,,,,,,,,,,
2005-04-03,989.3,,993.3,2005-04-03T22:00:00,985.8,2005-04-03T02:00:00,19.6,24.5,2005-04-03T16:00:00,16.5,2005-04-03T23:00:00,14.1,72,48,2005-04-03T16:00:00,1.7,90.0,8.1,45.0,2005-04-03T18:00:00,0.5,,,,,0.7,7.04,2.5,,22.0,22.0,21.8,21.5,21.7,,,,,,,,,16.5,2005-04-03T01:00:00,,,,10.9,2005-04-03T16:00:00,,,,,,,,,,,,,,,,,,,,,,,,,91,2005-04-03T05:00:00,,,,,,,,,,,,,,,,,,,,,,,,,,,,,,,,,21.1,,,,,,,,,,,,,,,,,,,,,,,,,,,,,,,,,,,,,,,,,,,,,,,,,,,,,,,,,,,,,,,,,,,,,,,,,,,,,,,,,,,,,,,2.8,2005-04-03T10:00:00,,,,,,,,,,,,,,,,,,,,,,,,,,,,,,,,,,,,,,,,,,,,,,,,,,,,,,,,,,,,,,,,,,,,,,,,,,,,,,
2005-04-04,993.5,,995.5,2005-04-04T09:00:00,992.0,2005-04-04T02:00:00,18.5,22.2,2005-04-04T10:00:00,15.7,2005-04-04T06:00:00,12.5,69,55,2005-04-04T11:00:00,1.7,90.0,8.0,90.0,2005-04-04T08:00:00,0.0,,,,,1.3,6.42,2.1,,21.4,21.4,21.5,21.5,21.5,,,,,,,,,14.0,2005-04-04T19:00:00,,,,11.4,2005-04-04T11:00:00,,,,,,,,,,,,,,,,,,,,,,,,,79,2005-04-04T19:00:00,,,,,,,,,,,,,,,,,,,,,,,,,,,,,,,,,21.2,,,,,,,,,,,,,,,,,,,,,,,,,,,,,,,,,,,,,,,,,,,,,,,,,,,,,,,,,,,,,,,,,,,,,,,,,,,,,,,,,,,,,,,3.4,2005-04-04T08:00:00,,,,,,,,,,,,,,,,,,,,,,,,,,,,,,,,,,,,,,,,,,,,,,,,,,,,,,,,,,,,,,,,,,,,,,,,,,,,,,
2005-04-05,992.0,,994.0,2005-04-05T09:00:00,990.5,2005-04-05T16:00:00,18.0,22.7,2005-04-05T12:00:00,13.0,2005-04-05T07:00:00,12.7,72,58,2005-04-05T10:00:00,1.8,270.0,7.2,135.0,2005-04-05T12:00:00,0.0,,,,,3.5,9.82,2.6,,21.2,21.2,21.2,21.3,21.2,,,,,,,,,13.9,2005-04-05T12:00:00,,,,11.3,2005-04-05T06:00:00,,,,,,,,,,,,,,,,,,,,,,,,,88,2005-04-05T06:00:00,,,,,,,,,,,,,,,,,,,,,,,,,,,,,,,,,21.2,,,,,,,,,,,,,,,,,,,,,,,,,,,,,,,,,,,,,,,,,,,,,,,,,,,,,,,,,,,,,,,,,,,,,,,,,,,,,,,,,,,,,,,3.4,2005-04-05T13:00:00,,,,,,,,,,,,,,,,,,,,,,,,,,,,,,,,,,,,,,,,,,,,,,,,,,,,,,,,,,,,,,,,,,,,,,,,,,,,,,
2005-04-06,986.9,,990.0,2005-04-06T01:00:00,984.3,2005-04-06T16:00:00,19.8,25.6,2005-04-06T13:00:00,13.7,2005-04-06T06:00:00,15.1,75,54,2005-04-06T09:00:00,1.4,270.0,7.2,112.5,2005-04-06T13:00:00,0.0,,,,,2.5,7.22,1.3,,21.0,21.0,21.0,21.2,21.1,,,,,,,,,18.1,2005-04-06T18:00:00,,,,11.3,2005-04-06T05:00:00,,,,,,,,,,,,,,,,,,,,,,,,,89,2005-04-06T23:59:59,,,,,,,,,,,,,,,,,,,,,,,,,,,,,,,,,21.2,,,,,,,,,,,,,,,,,,,,,,,,,,,,,,,,,,,,,,,,,,,,,,,,,,,,,,,,,,,,,,,,,,,,,,,,,,,,,,,,,,,,,,,4.0,2005-04-06T13:00:00,,,,,,,,,,,,,,,,,,,,,,,,,,,,,,,,,,,,,,,,,,,,,,,,,,,,,,,,,,,,,,,,,,,,,,,,,,,,,,
2005-04-07,984.7,,986.1,2005-04-07T10:00:00,983.1,2005-04-07T17:00:00,21.9,25.6,2005-04-07T11:00:00,17.6,2005-04-07T05:00:00,19.2,85,66,2005-04-07T09:00:00,1.5,270.0,8.0,135.0,2005-04-07T13:00:00,0.0,,,,,1.9,6.31,1.2,,21.7,21.7,21.5,21.2,21.3,,,,,,,,,21.4,2005-04-07T14:00:00,,,,16.5,2005-04-07T05:00:00,,,,,,,,,,,,,,,,,,,,,,,,,93,2005-04-07T06:00:00,,,,,,,,,,,,,,,,,,,,,,,,,,,,,,,,,21.2,,,,,,,,,,,,,,,,,,,,,,,,,,,,,,,,,,,,,,,,,,,,,,,,,,,,,,,,,,,,,,,,,,,,,,,,,,,,,,,,,,,,,,,3.8,2005-04-07T12:00:00,,,,,,,,,,,,,,,,,,,,,,,,,,,,,,,,,,,,,,,,,,,,,,,,,,,,,,,,,,,,,,,,,,,,,,,,,,,,,,
2005-04-08,985.7,,987.4,2005-04-08T23:00:00,984.4,2005-04-08T15:00:00,23.1,28.7,2005-04-08T10:00:00,18.2,2005-04-08T05:00:00,20.2,84,62,2005-04-08T09:00:00,1.9,112.5,9.1,112.5,2005-04-08T14:00:00,8.0,,,,,4.8,9.49,1.9,,22.5,22.4,22.0,21.4,21.7,,,,,,,,,22.5,2005-04-08T18:00:00,,,,16.3,2005-04-08T06:00:00,,,,,,,,,,,,,,,,,,,,,,,,,97,2005-04-08T20:00:00,,,,,,,,,,,,,,,,,,,,,,,,,,,,,,,,,21.2,,,,,,,,,,,,,,,,,,,,,,,,,,,,,,,,,,,,,,,,,,,,,,,,,,,,,,,,,,,,,,,,,,,,,,,,,,,,,,,,,,,,,,,5.2,2005-04-08T14:00:00,,,,,,,,,,,,,,,,,,,,,,,,,,,,,,,,,,,,,,,,,,,,,,,,,,,,,,,,,,,,,,,,,,,,,,,,,,,,,,
2005-04-09,985.9,,987.8,2005-04-09T08:00:00,983.7,2005-04-09T16:00:00,23.3,26.6,2005-04-09T12:00:00,21.3,2005-04-09T06:00:00,21.2,89,73,2005-04-09T12:00:00,1.5,112.5,7.9,112.5,2005-04-09T13:00:00,7.0,,,,,0.8,6.02,1.2,,23.3,23.2,22.8,21.9,22.3,,,,,,,,,22.7,2005-04-09T09:00:00,,,,20.5,2005-04-09T23:59:59,,,,,,,,,,,,,,,,,,,,,,,,,97,2005-04-09T03:00:00,,,,,,,,,,,,,,,,,,,,,,,,,,,,,,,,,21.4,,,,,,,,,,,,,,,,,,,,,,,,,,,,,,,,,,,,,,,,,,,,,,,,,,,,,,,,,,,,,,,,,,,,,,,,,,,,,,,,,,,,,,,3.1,2005-04-09T13:00:00,,,,,,,,,,,,,,,,,,,,,,,,,,,,,,,,,,,,,,,,,,,,,,,,,,,,,,,,,,,,,,,,,,,,,,,,,,,,,,
2005-04-10,984.7,,987.3,2005-04-10T23:00:00,981.6,2005-04-10T16:00:00,24.7,29.3,2005-04-10T12:00:00,20.3,2005-04-10T04:00:00,20.8,80,65,2005-04-10T10:00:00,1.9,270.0,9.7,90.0,2005-04-10T19:00:00,0.0,,,,,7.6,12.61,4.0,,24.0,23.9,23.3,22.3,22.8,,,,,,,,,23.3,2005-04-10T15:00:00,,,,19.0,2005-04-10T04:00:00,,,,,,,,,,,,,,,,,,,,,,,,,92,2005-04-10T04:00:00,,,,,,,,,,,,,,,,,,,,,,,,,,,,,,,,,21.6,,,,,,,,,,,,,,,,,,,,,,,,,,,,,,,,,,,,,,,,,,,,,,,,,,,,,,,,,,,,,,,,,,,,,,,,,,,,,,,,,,,,,,,4.1,2005-04-10T18:00:00,,,,,,,,,,,,,,,,,,,,,,,,,,,,,,,,,,,,,,,,,,,,,,,,,,,,,,,,,,,,,,,,,,,,,,,,,,,,,,
2005-04-11,985.6,,987.8,2005-04-11T09:00:00,983.2,2005-04-11T16:00:00,21.7,24.9,2005-04-11T10:00:00,20.0,2005-04-11T05:00:00,19.6,88,76,2005-04-11T10:00:00,1.2,112.5,6.7,112.5,2005-04-11T02:00:00,0.0,,,,,0.2,3.19,0.7,,23.8,23.8,23.6,22.7,23.3,,,,,,,,,20.7,2005-04-11T18:00:00,,,,18.3,2005-04-11T04:00:00,,,,,,,,,,,,,,,,,,,,,,,,,96,2005-04-11T20:00:00,,,,,,,,,,,,,,,,,,,,,,,,,,,,,,,,,21.9,,,,,,,,,,,,,,,,,,,,,,,,,,,,,,,,,,,,,,,,,,,,,,,,,,,,,,,,,,,,,,,,,,,,,,,,,,,,,,,,,,,,,,,2.4,2005-04-11T10:00:00,,,,,,,,,,,,,,,,,,,,,,,,,,,,,,,,,,,,,,,,,,,,,,,,,,,,,,,,,,,,,,,,,,,,,,,,,,,,,,
2005-04-12,985.3,,987.8,2005-04-12T23:00:00,983.4,2005-04-12T16:00:00,22.5,26.6,2005-04-12T11:00:00,19.5,2005-04-12T04:00:00,19.7,85,70,2005-04-12T10:00:00,1.5,112.5,6.1,135.0,2005-04-12T12:00:00,0.0,,,,,0.4,5.57,1.8,,23.5,23.4,23.2,22.8,23.1,,,,,,,,,21.4,2005-04-12T18:00:00,,,,17.1,2005-04-12T23:59:59,,,,,,,,,,,,,,,,,,,,,,,,,95,2005-04-12T03:00:00,,,,,,,,,,,,,,,,,,,,,,,,,,,,,,,,,22.1,,,,,,,,,,,,,,,,,,,,,,,,,,,,,,,,,,,,,,,,,,,,,,,,,,,,,,,,,,,,,,,,,,,,,,,,,,,,,,,,,,,,,,,2.5,2005-04-12T14:00:00,,,,,,,,,,,,,,,,,,,,,,,,,,,,,,,,,,,,,,,,,,,,,,,,,,,,,,,,,,,,,,,,,,,,,,,,,,,,,,
2005-04-13,989.5,,991.7,2005-04-13T23:00:00,987.2,2005-04-13T03:00:00,17.6,19.8,2005-04-13T01:00:00,16.1,2005-04-13T19:00:00,15.6,88,81,2005-04-13T22:00:00,1.2,112.5,6.5,112.5,2005-04-13T20:00:00,2.5,,,,,0.0,2.31,0.6,,22.8,22.8,22.9,22.8,22.9,,,,,,,,,16.9,2005-04-13T02:00:00,,,,13.6,2005-04-13T22:00:00,,,,,,,,,,,,,,,,,,,,,,,,,95,2005-04-13T15:00:00,,,,,,,,,,,,,,,,,,,,,,,,,,,,,,,,,22.2,,,,,,,,,,,,,,,,,,,,,,,,,,,,,,,,,,,,,,,,,,,,,,,,,,,,,,,,,,,,,,,,,,,,,,,,,,,,,,,,,,,,,,,2.3,2005-04-13T23:59:59,,,,,,,,,,,,,,,,,,,,,,,,,,,,,,,,,,,,,,,,,,,,,,,,,,,,,,,,,,,,,,,,,,,,,,,,,,,,,,
2005-04-14,990.7,,991.8,2005-04-14T22:00:00,989.2,2005-04-14T15:00:00,17.8,19.4,2005-04-14T12:00:00,16.1,2005-04-14T03:00:00,14.9,83,77,2005-04-14T12:00:00,1.1,90.0,5.5,90.0,2005-04-14T12:00:00,0.0,,,,,0.0,2.51,0.7,,21.7,21.7,22.0,22.4,22.2,,,,,,,,,15.5,2005-04-14T19:00:00,,,,14.1,2005-04-14T06:00:00,,,,,,,,,,,,,,,,,,,,,,,,,90,2005-04-14T03:00:00,,,,,,,,,,,,,,,,,,,,,,,,,,,,,,,,,22.2,,,,,,,,,,,,,,,,,,,,,,,,,,,,,,,,,,,,,,,,,,,,,,,,,,,,,,,,,,,,,,,,,,,,,,,,,,,,,,,,,,,,,,,2.1,2005-04-14T09:00:00,,,,,,,,,,,,,,,,,,,,,,,,,,,,,,,,,,,,,,,,,,,,,,,,,,,,,,,,,,,,,,,,,,,,,,,,,,,,,,
2005-04-15,990.9,,992.0,2005-04-15T09:00:00,989.2,2005-04-15T15:00:00,19.5,23.0,2005-04-15T12:00:00,17.5,2005-04-15T03:00:00,16.6,84,68,2005-04-15T11:00:00,1.1,270.0,6.3,360.0,2005-04-15T19:00:00,0.0,,,,,0.0,3.41,0.1,,21.6,21.6,21.7,22.1,21.9,,,,,,,,,18.7,2005-04-15T16:00:00,,,,15.5,2005-04-15T01:00:00,,,,,,,,,,,,,,,,,,,,,,,,,90,2005-04-15T03:00:00,,,,,,,,,,,,,,,,,,,,,,,,,,,,,,,,,22.1,,,,,,,,,,,,,,,,,,,,,,,,,,,,,,,,,,,,,,,,,,,,,,,,,,,,,,,,,,,,,,,,,,,,,,,,,,,,,,,,,,,,,,,2.1,2005-04-15T23:00:00,,,,,,,,,,,,,,,,,,,,,,,,,,,,,,,,,,,,,,,,,,,,,,,,,,,,,,,,,,,,,,,,,,,,,,,,,,,,,,
2005-04-16,990.1,,991.7,2005-04-16T22:00:00,987.9,2005-04-16T15:00:00,20.8,25.9,2005-04-16T13:00:00,18.2,2005-04-16T05:00:00,17.0,80,65,2005-04-16T10:00:00,1.7,135.0,6.5,135.0,2005-04-16T12:00:00,0.0,,,,,2.0,8.34,2.0,,22.2,22.2,22.0,22.0,22.0,,,,,,,,,18.3,2005-04-16T09:00:00,,,,15.8,2005-04-16T02:00:00,,,,,,,,,,,,,,,,,,,,,,,,,91,2005-04-16T21:00:00,,,,,,,,,,,,,,,,,,,,,,,,,,,,,,,,,22.0,,,,,,,,,,,,,,,,,,,,,,,,,,,,,,,,,,,,,,,,,,,,,,,,,,,,,,,,,,,,,,,,,,,,,,,,,,,,,,,,,,,,,,,3.2,2005-04-16T11:00:00,,,,,,,,,,,,,,,,,,,,,,,,,,,,,,,,,,,,,,,,,,,,,,,,,,,,,,,,,,,,,,,,,,,,,,,,,,,,,,
2005-04-17,988.7,,990.3,2005-04-17T08:00:00,986.6,2005-04-17T16:00:00,21.9,27.3,2005-04-17T11:00:00,17.7,2005-04-17T06:00:00,18.5,82,63,2005-04-17T10:00:00,1.6,292.5,7.2,135.0,2005-04-17T13:00:00,0.5,,,,,3.8,9.7,1.8,,22.9,22.8,22.5,22.1,22.3,,,,,,,,,20.4,2005-04-17T18:00:00,,,,16.3,2005-04-17T06:00:00,,,,,,,,,,,,,,,,,,,,,,,,,92,2005-04-17T04:00:00,,,,,,,,,,,,,,,,,,,,,,,,,,,,,,,,,21.9,,,,,,,,,,,,,,,,,,,,,,,,,,,,,,,,,,,,,,,,,,,,,,,,,,,,,,,,,,,,,,,,,,,,,,,,,,,,,,,,,,,,,,,3.9,2005-04-17T13:00:00,,,,,,,,,,,,,,,,,,,,,,,,,,,,,,,,,,,,,,,,,,,,,,,,,,,,,,,,,,,,,,,,,,,,,,,,,,,,,,
2005-04-18,988.4,,990.0,2005-04-18T22:00:00,986.8,2005-04-18T03:00:00,22.3,27.9,2005-04-18T11:00:00,18.5,2005-04-18T06:00:00,19.6,86,66,2005-04-18T09:00:00,1.4,270.0,6.5,135.0,2005-04-18T11:00:00,0.5,,,,,3.4,6.59,0.7,,23.1,23.1,22.8,22.4,22.7,,,,,,,,,22.0,2005-04-18T14:00:00,,,,17.6,2005-04-18T05:00:00,,,,,,,,,,,,,,,,,,,,,,,,,94,2005-04-18T14:00:00,,,,,,,,,,,,,,,,,,,,,,,,,,,,,,,,,22.0,,,,,,,,,,,,,,,,,,,,,,,,,,,,,,,,,,,,,,,,,,,,,,,,,,,,,,,,,,,,,,,,,,,,,,,,,,,,,,,,,,,,,,,2.6,2005-04-18T10:00:00,,,,,,,,,,,,,,,,,,,,,,,,,,,,,,,,,,,,,,,,,,,,,,,,,,,,,,,,,,,,,,,,,,,,,,,,,,,,,,
2005-04-19,988.3,,989.9,2005-04-19T08:00:00,986.2,2005-04-19T16:00:00,23.1,27.5,2005-04-19T11:00:00,20.6,2005-04-19T04:00:00,20.9,88,72,2005-04-19T10:00:00,1.4,270.0,8.8,112.5,2005-04-19T12:00:00,3.0,,,,,2.0,5.07,0.7,,23.3,23.3,23.0,22.6,22.8,,,,,,,,,22.0,2005-04-19T17:00:00,,,,18.6,2005-04-19T06:00:00,,,,,,,,,,,,,,,,,,,,,,,,,95,2005-04-19T17:00:00,,,,,,,,,,,,,,,,,,,,,,,,,,,,,,,,,22.2,,,,,,,,,,,,,,,,,,,,,,,,,,,,,,,,,,,,,,,,,,,,,,,,,,,,,,,,,,,,,,,,,,,,,,,,,,,,,,,,,,,,,,,3.2,2005-04-19T09:00:00,,,,,,,,,,,,,,,,,,,,,,,,,,,,,,,,,,,,,,,,,,,,,,,,,,,,,,,,,,,,,,,,,,,,,,,,,,,,,,
2005-04-20,987.5,,988.7,2005-04-20T08:00:00,986.2,2005-04-20T15:00:00,22.9,27.9,2005-04-20T12:00:00,20.3,2005-04-20T23:59:59,20.6,87,72,2005-04-20T11:00:00,1.9,270.0,7.8,135.0,2005-04-20T11:00:00,22.5,,,,,1.5,6.43,0.2,,23.7,23.7,23.4,22.7,23.1,,,,,,,,,22.7,2005-04-20T15:00:00,,,,18.4,2005-04-20T19:00:00,,,,,,,,,,,,,,,,,,,,,,,,,95,2005-04-20T01:00:00,,,,,,,,,,,,,,,,,,,,,,,,,,,,,,,,,22.3,,,,,,,,,,,,,,,,,,,,,,,,,,,,,,,,,,,,,,,,,,,,,,,,,,,,,,,,,,,,,,,,,,,,,,,,,,,,,,,,,,,,,,,4.5,2005-04-20T10:00:00,,,,,,,,,,,,,,,,,,,,,,,,,,,,,,,,,,,,,,,,,,,,,,,,,,,,,,,,,,,,,,,,,,,,,,,,,,,,,,
2005-04-21,985.1,,986.4,2005-04-21T10:00:00,983.7,2005-04-21T15:00:00,22.8,27.7,2005-04-21T11:00:00,19.5,2005-04-21T06:00:00,20.2,85,71,2005-04-21T11:00:00,1.4,270.0,6.2,135.0,2005-04-21T12:00:00,0.0,,,,,2.7,6.27,1.4,,23.7,23.7,23.5,23.0,23.3,,,,,,,,,21.5,2005-04-21T16:00:00,,,,18.3,2005-04-21T06:00:00,,,,,,,,,,,,,,,,,,,,,,,,,93,2005-04-21T05:00:00,,,,,,,,,,,,,,,,,,,,,,,,,,,,,,,,,22.4,,,,,,,,,,,,,,,,,,,,,,,,,,,,,,,,,,,,,,,,,,,,,,,,,,,,,,,,,,,,,,,,,,,,,,,,,,,,,,,,,,,,,,,2.3,2005-04-21T14:00:00,,,,,,,,,,,,,,,,,,,,,,,,,,,,,,,,,,,,,,,,,,,,,,,,,,,,,,,,,,,,,,,,,,,,,,,,,,,,,,
2005-04-22,985.2,,986.4,2005-04-22T09:00:00,983.9,2005-04-22T16:00:00,24.2,29.1,2005-04-22T11:00:00,21.3,2005-04-22T03:00:00,21.1,84,66,2005-04-22T12:00:00,1.8,270.0,8.1,135.0,2005-04-22T17:00:00,1.0,,,,,3.9,11.13,3.0,,24.4,24.3,23.9,23.1,23.5,,,,,,,,,22.6,2005-04-22T18:00:00,,,,19.7,2005-04-22T03:00:00,,,,,,,,,,,,,,,,,,,,,,,,,94,2005-04-22T18:00:00,,,,,,,,,,,,,,,,,,,,,,,,,,,,,,,,,22.6,,,,,,,,,,,,,,,,,,,,,,,,,,,,,,,,,,,,,,,,,,,,,,,,,,,,,,,,,,,,,,,,,,,,,,,,,,,,,,,,,,,,,,,4.2,2005-04-22T12:00:00,,,,,,,,,,,,,,,,,,,,,,,,,,,,,,,,,,,,,,,,,,,,,,,,,,,,,,,,,,,,,,,,,,,,,,,,,,,,,,
2005-04-23,983.7,,986.2,2005-04-23T23:00:00,981.2,2005-04-23T17:00:00,25.1,29.5,2005-04-23T15:00:00,21.1,2005-04-23T05:00:00,21.5,81,69,2005-04-23T09:00:00,2.2,270.0,10.5,112.5,2005-04-23T13:00:00,0.0,,,,,4.4,10.32,2.6,,24.9,24.8,24.4,23.5,24.0,,,,,,,,,23.5,2005-04-23T11:00:00,,,,18.8,2005-04-23T06:00:00,,,,,,,,,,,,,,,,,,,,,,,,,91,2005-04-23T01:00:00,,,,,,,,,,,,,,,,,,,,,,,,,,,,,,,,,22.7,,,,,,,,,,,,,,,,,,,,,,,,,,,,,,,,,,,,,,,,,,,,,,,,,,,,,,,,,,,,,,,,,,,,,,,,,,,,,,,,,,,,,,,5.3,2005-04-23T12:00:00,,,,,,,,,,,,,,,,,,,,,,,,,,,,,,,,,,,,,,,,,,,,,,,,,,,,,,,,,,,,,,,,,,,,,,,,,,,,,,
2005-04-24,984.1,,985.6,2005-04-24T01:00:00,982.3,2005-04-24T16:00:00,23.2,26.1,2005-04-24T10:00:00,21.7,2005-04-24T23:59:59,21.0,88,72,2005-04-24T10:00:00,1.1,292.5,4.7,157.5,2005-04-24T12:00:00,2.5,,,,,0.8,3.79,0.5,,24.8,24.8,24.6,23.8,24.3,,,,,,,,,22.0,2005-04-24T17:00:00,,,,19.7,2005-04-24T02:00:00,,,,,,,,,,,,,,,,,,,,,,,,,94,2005-04-24T17:00:00,,,,,,,,,,,,,,,,,,,,,,,,,,,,,,,,,22.9,,,,,,,,,,,,,,,,,,,,,,,,,,,,,,,,,,,,,,,,,,,,,,,,,,,,,,,,,,,,,,,,,,,,,,,,,,,,,,,,,,,,,,,2.1,2005-04-24T01:00:00,,,,,,,,,,,,,,,,,,,,,,,,,,,,,,,,,,,,,,,,,,,,,,,,,,,,,,,,,,,,,,,,,,,,,,,,,,,,,,
2005-04-25,982.5,,983.6,2005-04-25T09:00:00,980.8,2005-04-25T16:00:00,23.6,28.4,2005-04-25T11:00:00,20.0,2005-04-25T06:00:00,20.6,84,65,2005-04-25T10:00:00,1.2,270.0,5.2,135.0,2005-04-25T11:00:00,0.0,,,,,3.3,7.4,1.3,,24.5,24.5,24.3,23.8,24.1,,,,,,,,,22.0,2005-04-25T17:00:00,,,,19.0,2005-04-25T05:00:00,,,,,,,,,,,,,,,,,,,,,,,,,92,2005-04-25T02:00:00,,,,,,,,,,,,,,,,,,,,,,,,,,,,,,,,,23.1,,,,,,,,,,,,,,,,,,,,,,,,,,,,,,,,,,,,,,,,,,,,,,,,,,,,,,,,,,,,,,,,,,,,,,,,,,,,,,,,,,,,,,,2.7,2005-04-25T11:00:00,,,,,,,,,,,,,,,,,,,,,,,,,,,,,,,,,,,,,,,,,,,,,,,,,,,,,,,,,,,,,,,,,,,,,,,,,,,,,,
2005-04-26,982.9,,985.3,2005-04-26T22:00:00,981.7,2005-04-26T03:00:00,21.5,23.6,2005-04-26T08:00:00,19.2,2005-04-26T20:00:00,18.2,82,67,2005-04-26T17:00:00,1.2,270.0,10.1,112.5,2005-04-26T16:00:00,7.0,,,,,0.0,3.0,1.0,,24.2,24.2,24.2,23.8,24.1,,,,,,,,,21.0,2005-04-26T12:00:00,,,,14.5,2005-04-26T18:00:00,,,,,,,,,,,,,,,,,,,,,,,,,92,2005-04-26T09:00:00,,,,,,,,,,,,,,,,,,,,,,,,,,,,,,,,,23.2,,,,,,,,,,,,,,,,,,,,,,,,,,,,,,,,,,,,,,,,,,,,,,,,,,,,,,,,,,,,,,,,,,,,,,,,,,,,,,,,,,,,,,,4.0,2005-04-26T15:00:00,,,,,,,,,,,,,,,,,,,,,,,,,,,,,,,,,,,,,,,,,,,,,,,,,,,,,,,,,,,,,,,,,,,,,,,,,,,,,,
2005-04-27,984.0,,984.9,2005-04-27T22:00:00,983.0,2005-04-27T03:00:00,21.5,25.2,2005-04-27T10:00:00,18.3,2005-04-27T05:00:00,17.8,80,64,2005-04-27T10:00:00,1.0,270.0,4.1,135.0,2005-04-27T12:00:00,0.0,,,,,1.6,5.46,0.9,,23.6,23.6,23.6,23.7,23.7,,,,,,,,,19.1,2005-04-27T16:00:00,,,,14.8,2005-04-27T01:00:00,,,,,,,,,,,,,,,,,,,,,,,,,88,2005-04-27T22:00:00,,,,,,,,,,,,,,,,,,,,,,,,,,,,,,,,,23.2,,,,,,,,,,,,,,,,,,,,,,,,,,,,,,,,,,,,,,,,,,,,,,,,,,,,,,,,,,,,,,,,,,,,,,,,,,,,,,,,,,,,,,,1.6,2005-04-27T11:00:00,,,,,,,,,,,,,,,,,,,,,,,,,,,,,,,,,,,,,,,,,,,,,,,,,,,,,,,,,,,,,,,,,,,,,,,,,,,,,,
2005-04-28,982.8,,984.5,2005-04-28T09:00:00,981.2,2005-04-28T17:00:00,22.5,25.8,2005-04-28T12:00:00,20.4,2005-04-28T04:00:00,19.6,84,74,2005-04-28T10:00:00,1.0,292.5,6.4,135.0,2005-04-28T13:00:00,0.0,,,,,0.0,3.76,0.9,,23.7,23.7,23.6,23.5,23.6,,,,,,,,,21.7,2005-04-28T16:00:00,,,,18.2,2005-04-28T06:00:00,,,,,,,,,,,,,,,,,,,,,,,,,90,2005-04-28T23:00:00,,,,,,,,,,,,,,,,,,,,,,,,,,,,,,,,,23.2,,,,,,,,,,,,,,,,,,,,,,,,,,,,,,,,,,,,,,,,,,,,,,,,,,,,,,,,,,,,,,,,,,,,,,,,,,,,,,,,,,,,,,,3.0,2005-04-28T12:00:00,,,,,,,,,,,,,,,,,,,,,,,,,,,,,,,,,,,,,,,,,,,,,,,,,,,,,,,,,,,,,,,,,,,,,,,,,,,,,,
2005-04-29,981.1,,982.4,2005-04-29T09:00:00,980.0,2005-04-29T15:00:00,24.3,30.4,2005-04-29T13:00:00,19.8,2005-04-29T05:00:00,20.7,81,64,2005-04-29T11:00:00,1.2,292.5,6.2,157.5,2005-04-29T14:00:00,0.0,,,,,3.3,11.16,2.5,,24.3,24.2,23.9,23.5,23.7,,,,,,,,,23.7,2005-04-29T13:00:00,,,,18.2,2005-04-29T05:00:00,,,,,,,,,,,,,,,,,,,,,,,,,91,2005-04-29T04:00:00,,,,,,,,,,,,,,,,,,,,,,,,,,,,,,,,,23.2,,,,,,,,,,,,,,,,,,,,,,,,,,,,,,,,,,,,,,,,,,,,,,,,,,,,,,,,,,,,,,,,,,,,,,,,,,,,,,,,,,,,,,,2.3,2005-04-29T13:00:00,,,,,,,,,,,,,,,,,,,,,,,,,,,,,,,,,,,,,,,,,,,,,,,,,,,,,,,,,,,,,,,,,,,,,,,,,,,,,,
2005-04-30,978.9,,980.6,2005-04-30T08:00:00,976.8,2005-04-30T16:00:00,25.5,31.2,2005-04-30T15:00:00,20.7,2005-04-30T05:00:00,21.1,77,64,2005-04-30T10:00:00,1.9,292.5,8.0,112.5,2005-04-30T13:00:00,0.0,,,,,9.6,16.07,4.8,,25.4,25.3,24.7,23.8,24.3,,,,,,,,,24.0,2005-04-30T13:00:00,,,,18.8,2005-04-30T23:59:59,,,,,,,,,,,,,,,,,,,,,,,,,90,2005-04-30T02:00:00,,,,,,,,,,,,,,,,,,,,,,,,,,,,,,,,,23.2,,,,,,,,,,,,,,,,,,,,,,,,,,,,,,,,,,,,,,,,,,,,,,,,,,,,,,,,,,,,,,,,,,,,,,,,,,,,,,,,,,,,,,,4.0,2005-04-30T13:00:00,,,,,,,,,,,,,,,,,,,,,,,,,,,,,,,,,,,,,,,,,,,,,,,,,,,,,,,,,,,,,,,,,,,,,,,,,,,,,,
2005-05-01,977.6,,979.3,2005-05-01T22:00:00,975.1,2005-05-01T15:00:00,27.3,34.3,2005-05-01T17:00:00,21.3,2005-05-01T06:00:00,19.3,65,34,2005-05-01T15:00:00,1.8,292.5,10.9,315.0,2005-05-01T19:00:00,0.0,,,,,8.6,14.66,5.1,,25.9,25.9,25.4,24.2,24.9,,,,,,,,,22.8,2005-05-01T11:00:00,,,,15.0,2005-05-01T19:00:00,,,,,,,,,,,,,,,,,,,,,,,,,88,2005-05-01T04:00:00,,,,,,,,,,,,,,,,,,,,,,,,,,,,,,,,,23.4,,,,,,,,,,,,,,,,,,,,,,,,,,,,,,,,,,,,,,,,,,,,,,,,,,,,,,,,,,,,,,,,,,,,,,,,,,,,,,,,,,,,,,,3.1,2005-05-01T14:00:00,,,,,,,,,,,,,,,,,,,,,,,,,,,,,,,,,,,,,,,,,,,,,,,,,,,,,,,,,,,,,,,,,,,,,,,,,,,,,,
2005-05-02,980.4,,982.4,2005-05-02T22:00:00,978.4,2005-05-02T03:00:00,26.1,31.9,2005-05-02T11:00:00,21.6,2005-05-02T05:00:00,20.5,72,52,2005-05-02T10:00:00,1.8,292.5,7.9,135.0,2005-05-02T15:00:00,0.0,,,,,7.8,14.22,4.7,,26.3,26.2,25.7,24.6,25.2,,,,,,,,,22.9,2005-05-02T13:00:00,,,,18.2,2005-05-02T06:00:00,,,,,,,,,,,,,,,,,,,,,,,,,83,2005-05-02T20:00:00,,,,,,,,,,,,,,,,,,,,,,,,,,,,,,,,,23.6,,,,,,,,,,,,,,,,,,,,,,,,,,,,,,,,,,,,,,,,,,,,,,,,,,,,,,,,,,,,,,,,,,,,,,,,,,,,,,,,,,,,,,,3.9,2005-05-02T13:00:00,,,,,,,,,,,,,,,,,,,,,,,,,,,,,,,,,,,,,,,,,,,,,,,,,,,,,,,,,,,,,,,,,,,,,,,,,,,,,,
2005-05-03,982.2,,983.9,2005-05-03T22:00:00,980.7,2005-05-03T16:00:00,24.8,29.8,2005-05-03T10:00:00,22.3,2005-05-03T03:00:00,21.1,81,61,2005-05-03T10:00:00,1.4,292.5,7.3,112.5,2005-05-03T12:00:00,0.0,,,,,1.6,6.12,2.1,,26.1,26.1,25.8,24.9,25.5,,,,,,,,,22.3,2005-05-03T11:00:00,,,,19.7,2005-05-03T05:00:00,,,,,,,,,,,,,,,,,,,,,,,,,87,2005-05-03T21:00:00,,,,,,,,,,,,,,,,,,,,,,,,,,,,,,,,,23.9,,,,,,,,,,,,,,,,,,,,,,,,,,,,,,,,,,,,,,,,,,,,,,,,,,,,,,,,,,,,,,,,,,,,,,,,,,,,,,,,,,,,,,,3.3,2005-05-03T12:00:00,,,,,,,,,,,,,,,,,,,,,,,,,,,,,,,,,,,,,,,,,,,,,,,,,,,,,,,,,,,,,,,,,,,,,,,,,,,,,,
2005-05-04,980.6,,982.9,2005-05-04T09:00:00,978.1,2005-05-04T17:00:00,25.3,29.5,2005-05-04T12:00:00,22.3,2005-05-04T02:00:00,21.5,80,69,2005-05-04T09:00:00,1.7,292.5,8.1,135.0,2005-05-04T10:00:00,0.0,,,,,2.2,7.56,2.1,,25.9,25.8,25.6,24.9,25.3,,,,,,,,,23.0,2005-05-04T13:00:00,,,,19.8,2005-05-04T23:59:59,,,,,,,,,,,,,,,,,,,,,,,,,88,2005-05-04T02:00:00,,,,,,,,,,,,,,,,,,,,,,,,,,,,,,,,,24.1,,,,,,,,,,,,,,,,,,,,,,,,,,,,,,,,,,,,,,,,,,,,,,,,,,,,,,,,,,,,,,,,,,,,,,,,,,,,,,,,,,,,,,,3.6,2005-05-04T09:00:00,,,,,,,,,,,,,,,,,,,,,,,,,,,,,,,,,,,,,,,,,,,,,,,,,,,,,,,,,,,,,,,,,,,,,,,,,,,,,,
2005-05-05,976.3,,978.9,2005-05-05T01:00:00,972.8,2005-05-05T15:00:00,28.0,36.4,2005-05-05T15:00:00,21.9,2005-05-05T06:00:00,17.7,58,24,2005-05-05T15:00:00,2.2,292.5,15.1,292.5,2005-05-05T18:00:00,0.0,,,,,6.3,15.82,6.5,,26.3,26.3,25.8,25.0,25.4,,,,,,,,,23.9,2005-05-05T12:00:00,,,,11.0,2005-05-05T21:00:00,,,,,,,,,,,,,,,,,,,,,,,,,87,2005-05-05T04:00:00,,,,,,,,,,,,,,,,,,,,,,,,,,,,,,,,,24.2,,,,,,,,,,,,,,,,,,,,,,,,,,,,,,,,,,,,,,,,,,,,,,,,,,,,,,,,,,,,,,,,,,,,,,,,,,,,,,,,,,,,,,,4.9,2005-05-05T12:00:00,,,,,,,,,,,,,,,,,,,,,,,,,,,,,,,,,,,,,,,,,,,,,,,,,,,,,,,,,,,,,,,,,,,,,,,,,,,,,,
2005-05-06,976.0,,978.5,2005-05-06T23:00:00,973.8,2005-05-06T17:00:00,25.0,29.5,2005-05-06T10:00:00,22.3,2005-05-06T13:00:00,18.5,68,42,2005-05-06T17:00:00,1.8,270.0,10.9,112.5,2005-05-06T18:00:00,1.5,,,,,0.0,4.71,0.2,,25.7,25.7,25.7,25.1,25.5,,,,,,,,,20.6,2005-05-06T07:00:00,,,,14.7,2005-05-06T17:00:00,,,,,,,,,,,,,,,,,,,,,,,,,84,2005-05-06T12:00:00,,,,,,,,,,,,,,,,,,,,,,,,,,,,,,,,,24.3,,,,,,,,,,,,,,,,,,,,,,,,,,,,,,,,,,,,,,,,,,,,,,,,,,,,,,,,,,,,,,,,,,,,,,,,,,,,,,,,,,,,,,,2.9,2005-05-06T19:00:00,,,,,,,,,,,,,,,,,,,,,,,,,,,,,,,,,,,,,,,,,,,,,,,,,,,,,,,,,,,,,,,,,,,,,,,,,,,,,,
2005-05-07,981.2,,982.6,2005-05-07T11:00:00,978.9,2005-05-07T01:00:00,22.4,23.9,2005-05-07T01:00:00,21.5,2005-05-07T02:00:00,19.0,81,75,2005-05-07T13:00:00,0.8,157.5,4.8,292.5,2005-05-07T13:00:00,0.0,,,,,0.0,2.52,0.7,,24.8,24.8,24.9,24.9,25.0,,,,,,,,,19.3,2005-05-07T23:59:59,,,,18.4,2005-05-07T13:00:00,,,,,,,,,,,,,,,,,,,,,,,,,86,2005-05-07T23:59:59,,,,,,,,,,,,,,,,,,,,,,,,,,,,,,,,,24.3,,,,,,,,,,,,,,,,,,,,,,,,,,,,,,,,,,,,,,,,,,,,,,,,,,,,,,,,,,,,,,,,,,,,,,,,,,,,,,,,,,,,,,,1.7,2005-05-07T13:00:00,,,,,,,,,,,,,,,,,,,,,,,,,,,,,,,,,,,,,,,,,,,,,,,,,,,,,,,,,,,,,,,,,,,,,,,,,,,,,,
2005-05-08,979.7,,981.5,2005-05-08T22:00:00,977.7,2005-05-08T16:00:00,23.5,28.6,2005-05-08T11:00:00,20.4,2005-05-08T05:00:00,19.7,80,63,2005-05-08T11:00:00,1.3,270.0,9.8,270.0,2005-05-08T23:00:00,2.0,,,,,1.3,6.56,1.1,,24.9,24.9,24.8,24.7,24.7,,,,,,,,,21.8,2005-05-08T14:00:00,,,,17.2,2005-05-08T23:59:59,,,,,,,,,,,,,,,,,,,,,,,,,88,2005-05-08T02:00:00,,,,,,,,,,,,,,,,,,,,,,,,,,,,,,,,,24.3,,,,,,,,,,,,,,,,,,,,,,,,,,,,,,,,,,,,,,,,,,,,,,,,,,,,,,,,,,,,,,,,,,,,,,,,,,,,,,,,,,,,,,,2.5,2005-05-08T20:00:00,,,,,,,,,,,,,,,,,,,,,,,,,,,,,,,,,,,,,,,,,,,,,,,,,,,,,,,,,,,,,,,,,,,,,,,,,,,,,,
2005-05-09,977.4,,979.0,2005-05-09T08:00:00,975.3,2005-05-09T17:00:00,25.2,30.3,2005-05-09T18:00:00,21.9,2005-05-09T01:00:00,19.2,70,47,2005-05-09T18:00:00,1.7,292.5,8.9,292.5,2005-05-09T17:00:00,2.0,,,,,0.8,8.55,2.0,,25.1,25.1,24.9,24.6,24.8,,,,,,,,,22.3,2005-05-09T12:00:00,,,,16.0,2005-05-09T18:00:00,,,,,,,,,,,,,,,,,,,,,,,,,86,2005-05-09T23:59:59,,,,,,,,,,,,,,,,,,,,,,,,,,,,,,,,,24.2,,,,,,,,,,,,,,,,,,,,,,,,,,,,,,,,,,,,,,,,,,,,,,,,,,,,,,,,,,,,,,,,,,,,,,,,,,,,,,,,,,,,,,,4.0,2005-05-09T12:00:00,,,,,,,,,,,,,,,,,,,,,,,,,,,,,,,,,,,,,,,,,,,,,,,,,,,,,,,,,,,,,,,,,,,,,,,,,,,,,,
2005-05-10,978.6,,980.8,2005-05-10T22:00:00,976.5,2005-05-10T04:00:00,22.5,24.8,2005-05-10T17:00:00,21.5,2005-05-10T23:00:00,20.0,86,80,2005-05-10T15:00:00,1.3,292.5,5.6,360.0,2005-05-10T14:00:00,16.0,,,,,0.5,2.53,0.2,,24.9,24.9,24.9,24.7,24.8,,,,,,,,,21.1,2005-05-10T12:00:00,,,,19.1,2005-05-10T23:59:59,,,,,,,,,,,,,,,,,,,,,,,,,89,2005-05-10T10:00:00,,,,,,,,,,,,,,,,,,,,,,,,,,,,,,,,,24.2,,,,,,,,,,,,,,,,,,,,,,,,,,,,,,,,,,,,,,,,,,,,,,,,,,,,,,,,,,,,,,,,,,,,,,,,,,,,,,,,,,,,,,,2.1,2005-05-10T14:00:00,,,,,,,,,,,,,,,,,,,,,,,,,,,,,,,,,,,,,,,,,,,,,,,,,,,,,,,,,,,,,,,,,,,,,,,,,,,,,,
2005-05-11,980.3,,982.1,2005-05-11T23:00:00,978.4,2005-05-11T04:00:00,23.7,28.3,2005-05-11T11:00:00,20.4,2005-05-11T06:00:00,19.9,80,66,2005-05-11T10:00:00,1.5,270.0,4.8,90.0,2005-05-11T11:00:00,0.0,,,,,2.1,6.77,0.8,,24.8,24.8,24.7,24.5,24.6,,,,,,,,,21.0,2005-05-11T11:00:00,,,,18.3,2005-05-11T05:00:00,,,,,,,,,,,,,,,,,,,,,,,,,88,2005-05-11T06:00:00,,,,,,,,,,,,,,,,,,,,,,,,,,,,,,,,,24.2,,,,,,,,,,,,,,,,,,,,,,,,,,,,,,,,,,,,,,,,,,,,,,,,,,,,,,,,,,,,,,,,,,,,,,,,,,,,,,,,,,,,,,,2.6,2005-05-11T11:00:00,,,,,,,,,,,,,,,,,,,,,,,,,,,,,,,,,,,,,,,,,,,,,,,,,,,,,,,,,,,,,,,,,,,,,,,,,,,,,,
2005-05-12,981.3,,982.4,2005-05-12T09:00:00,979.9,2005-05-12T17:00:00,23.8,27.5,2005-05-12T11:00:00,21.6,2005-05-12T02:00:00,20.3,81,62,2005-05-12T10:00:00,1.1,270.0,4.4,135.0,2005-05-12T13:00:00,3.5,,,,,0.0,4.47,0.6,,24.9,24.9,24.8,24.6,24.7,,,,,,,,,21.7,2005-05-12T15:00:00,,,,18.9,2005-05-12T02:00:00,,,,,,,,,,,,,,,,,,,,,,,,,89,2005-05-12T23:00:00,,,,,,,,,,,,,,,,,,,,,,,,,,,,,,,,,24.2,,,,,,,,,,,,,,,,,,,,,,,,,,,,,,,,,,,,,,,,,,,,,,,,,,,,,,,,,,,,,,,,,,,,,,,,,,,,,,,,,,,,,,,2.5,2005-05-12T13:00:00,,,,,,,,,,,,,,,,,,,,,,,,,,,,,,,,,,,,,,,,,,,,,,,,,,,,,,,,,,,,,,,,,,,,,,,,,,,,,,
2005-05-13,979.3,,981.4,2005-05-13T09:00:00,976.7,2005-05-13T18:00:00,23.1,25.3,2005-05-13T17:00:00,21.7,2005-05-13T06:00:00,20.6,86,79,2005-05-13T20:00:00,0.9,270.0,4.7,247.5,2005-05-13T20:00:00,8.0,,,,,0.3,3.66,0.0,,24.9,24.8,24.8,24.6,24.7,,,,,,,,,22.4,2005-05-13T16:00:00,,,,19.4,2005-05-13T23:59:59,,,,,,,,,,,,,,,,,,,,,,,,,89,2005-05-13T02:00:00,,,,,,,,,,,,,,,,,,,,,,,,,,,,,,,,,24.2,,,,,,,,,,,,,,,,,,,,,,,,,,,,,,,,,,,,,,,,,,,,,,,,,,,,,,,,,,,,,,,,,,,,,,,,,,,,,,,,,,,,,,,1.7,2005-05-13T08:00:00,,,,,,,,,,,,,,,,,,,,,,,,,,,,,,,,,,,,,,,,,,,,,,,,,,,,,,,,,,,,,,,,,,,,,,,,,,,,,,
2005-05-14,978.7,,980.9,2005-05-14T23:00:00,976.0,2005-05-14T15:00:00,24.7,29.5,2005-05-14T13:00:00,21.2,2005-05-14T04:00:00,20.5,78,67,2005-05-14T09:00:00,1.2,270.0,6.3,180.0,2005-05-14T16:00:00,0.0,,,,,1.5,8.29,1.7,,25.2,25.1,24.9,24.5,24.7,,,,,,,,,22.4,2005-05-14T13:00:00,,,,19.0,2005-05-14T03:00:00,,,,,,,,,,,,,,,,,,,,,,,,,87,2005-05-14T02:00:00,,,,,,,,,,,,,,,,,,,,,,,,,,,,,,,,,24.2,,,,,,,,,,,,,,,,,,,,,,,,,,,,,,,,,,,,,,,,,,,,,,,,,,,,,,,,,,,,,,,,,,,,,,,,,,,,,,,,,,,,,,,2.3,2005-05-14T13:00:00,,,,,,,,,,,,,,,,,,,,,,,,,,,,,,,,,,,,,,,,,,,,,,,,,,,,,,,,,,,,,,,,,,,,,,,,,,,,,,
2005-05-15,982.3,,984.7,2005-05-15T22:00:00,979.3,2005-05-15T02:00:00,24.8,26.8,2005-05-15T10:00:00,22.8,2005-05-15T02:00:00,21.0,80,71,2005-05-15T09:00:00,1.0,270.0,3.6,135.0,2005-05-15T15:00:00,0.0,,,,,0.1,3.74,0.8,,25.4,25.3,25.2,24.7,25.0,,,,,,,,,21.9,2005-05-15T15:00:00,,,,20.2,2005-05-15T04:00:00,,,,,,,,,,,,,,,,,,,,,,,,,85,2005-05-15T02:00:00,,,,,,,,,,,,,,,,,,,,,,,,,,,,,,,,,24.2,,,,,,,,,,,,,,,,,,,,,,,,,,,,,,,,,,,,,,,,,,,,,,,,,,,,,,,,,,,,,,,,,,,,,,,,,,,,,,,,,,,,,,,1.7,2005-05-15T04:00:00,,,,,,,,,,,,,,,,,,,,,,,,,,,,,,,,,,,,,,,,,,,,,,,,,,,,,,,,,,,,,,,,,,,,,,,,,,,,,,
2005-05-16,983.1,,984.4,2005-05-16T22:00:00,982.0,2005-05-16T15:00:00,25.8,30.6,2005-05-16T12:00:00,23.0,2005-05-16T01:00:00,21.7,79,66,2005-05-16T09:00:00,1.5,270.0,7.3,135.0,2005-05-16T12:00:00,0.5,,,,,4.4,11.11,1.7,,25.9,25.9,25.5,24.8,25.2,,,,,,,,,23.7,2005-05-16T11:00:00,,,,20.0,2005-05-16T05:00:00,,,,,,,,,,,,,,,,,,,,,,,,,85,2005-05-16T16:00:00,,,,,,,,,,,,,,,,,,,,,,,,,,,,,,,,,24.3,,,,,,,,,,,,,,,,,,,,,,,,,,,,,,,,,,,,,,,,,,,,,,,,,,,,,,,,,,,,,,,,,,,,,,,,,,,,,,,,,,,,,,,4.0,2005-05-16T10:00:00,,,,,,,,,,,,,,,,,,,,,,,,,,,,,,,,,,,,,,,,,,,,,,,,,,,,,,,,,,,,,,,,,,,,,,,,,,,,,,
2005-05-17,982.3,,983.8,2005-05-17T08:00:00,980.6,2005-05-17T16:00:00,26.1,31.0,2005-05-17T10:00:00,22.3,2005-05-17T05:00:00,21.7,77,63,2005-05-17T09:00:00,1.4,270.0,5.6,135.0,2005-05-17T13:00:00,0.5,,,,,3.6,8.94,1.8,,26.4,26.3,26.0,25.1,25.6,,,,,,,,,24.6,2005-05-17T14:00:00,,,,19.6,2005-05-17T07:00:00,,,,,,,,,,,,,,,,,,,,,,,,,86,2005-05-17T01:00:00,,,,,,,,,,,,,,,,,,,,,,,,,,,,,,,,,24.4,,,,,,,,,,,,,,,,,,,,,,,,,,,,,,,,,,,,,,,,,,,,,,,,,,,,,,,,,,,,,,,,,,,,,,,,,,,,,,,,,,,,,,,2.3,2005-05-17T12:00:00,,,,,,,,,,,,,,,,,,,,,,,,,,,,,,,,,,,,,,,,,,,,,,,,,,,,,,,,,,,,,,,,,,,,,,,,,,,,,,
2005-05-18,981.4,,983.5,2005-05-18T22:00:00,979.7,2005-05-18T16:00:00,26.8,32.4,2005-05-18T11:00:00,22.5,2005-05-18T05:00:00,21.4,73,55,2005-05-18T10:00:00,1.5,270.0,5.9,135.0,2005-05-18T12:00:00,0.5,,,,,4.9,10.45,2.1,,26.6,26.5,26.2,25.4,25.8,,,,,,,,,23.8,2005-05-18T15:00:00,,,,19.2,2005-05-18T05:00:00,,,,,,,,,,,,,,,,,,,,,,,,,82,2005-05-18T01:00:00,,,,,,,,,,,,,,,,,,,,,,,,,,,,,,,,,24.6,,,,,,,,,,,,,,,,,,,,,,,,,,,,,,,,,,,,,,,,,,,,,,,,,,,,,,,,,,,,,,,,,,,,,,,,,,,,,,,,,,,,,,,2.8,2005-05-18T15:00:00,,,,,,,,,,,,,,,,,,,,,,,,,,,,,,,,,,,,,,,,,,,,,,,,,,,,,,,,,,,,,,,,,,,,,,,,,,,,,,
2005-05-19,983.4,,985.0,2005-05-19T22:00:00,982.3,2005-05-19T14:00:00,25.6,31.0,2005-05-19T10:00:00,23.2,2005-05-19T23:59:59,20.9,76,62,2005-05-19T11:00:00,1.6,270.0,7.7,157.5,2005-05-19T13:00:00,22.5,,,,,3.5,9.33,2.2,,26.8,26.8,26.5,25.6,26.1,,,,,,,,,22.8,2005-05-19T10:00:00,,,,18.8,2005-05-19T05:00:00,,,,,,,,,,,,,,,,,,,,,,,,,85,2005-05-19T22:00:00,,,,,,,,,,,,,,,,,,,,,,,,,,,,,,,,,24.7,,,,,,,,,,,,,,,,,,,,,,,,,,,,,,,,,,,,,,,,,,,,,,,,,,,,,,,,,,,,,,,,,,,,,,,,,,,,,,,,,,,,,,,3.7,2005-05-19T13:00:00,,,,,,,,,,,,,,,,,,,,,,,,,,,,,,,,,,,,,,,,,,,,,,,,,,,,,,,,,,,,,,,,,,,,,,,,,,,,,,
2005-05-20,983.3,,984.7,2005-05-20T23:00:00,981.5,2005-05-20T16:00:00,24.7,28.8,2005-05-20T10:00:00,22.9,2005-05-20T04:00:00,20.9,80,67,2005-05-20T09:00:00,1.2,270.0,4.7,112.5,2005-05-20T10:00:00,2.0,,,,,1.5,6.24,0.3,,26.6,26.5,26.3,25.8,26.1,,,,,,,,,21.9,2005-05-20T14:00:00,,,,19.9,2005-05-20T06:00:00,,,,,,,,,,,,,,,,,,,,,,,,,84,2005-05-20T21:00:00,,,,,,,,,,,,,,,,,,,,,,,,,,,,,,,,,24.9,,,,,,,,,,,,,,,,,,,,,,,,,,,,,,,,,,,,,,,,,,,,,,,,,,,,,,,,,,,,,,,,,,,,,,,,,,,,,,,,,,,,,,,2.3,2005-05-20T10:00:00,,,,,,,,,,,,,,,,,,,,,,,,,,,,,,,,,,,,,,,,,,,,,,,,,,,,,,,,,,,,,,,,,,,,,,,,,,,,,,
2005-05-21,981.7,,983.5,2005-05-21T01:00:00,980.0,2005-05-21T16:00:00,24.6,29.2,2005-05-21T10:00:00,22.4,2005-05-21T04:00:00,20.9,80,67,2005-05-21T11:00:00,1.0,270.0,6.4,112.5,2005-05-21T10:00:00,0.5,,,,,0.9,5.46,0.9,,26.4,26.4,26.2,25.7,26.1,,,,,,,,,22.3,2005-05-21T09:00:00,,,,19.7,2005-05-21T03:00:00,,,,,,,,,,,,,,,,,,,,,,,,,84,2005-05-21T22:00:00,,,,,,,,,,,,,,,,,,,,,,,,,,,,,,,,,25.0,,,,,,,,,,,,,,,,,,,,,,,,,,,,,,,,,,,,,,,,,,,,,,,,,,,,,,,,,,,,,,,,,,,,,,,,,,,,,,,,,,,,,,,3.7,2005-05-21T10:00:00,,,,,,,,,,,,,,,,,,,,,,,,,,,,,,,,,,,,,,,,,,,,,,,,,,,,,,,,,,,,,,,,,,,,,,,,,,,,,,
2005-05-22,980.2,,982.5,2005-05-22T22:00:00,978.6,2005-05-22T16:00:00,26.6,32.3,2005-05-22T12:00:00,20.8,2005-05-22T06:00:00,21.0,72,53,2005-05-22T11:00:00,1.4,270.0,7.8,135.0,2005-05-22T12:00:00,0.0,,,,,7.3,14.08,3.8,,26.7,26.7,26.3,25.7,26.0,,,,,,,,,23.7,2005-05-22T16:00:00,,,,18.0,2005-05-22T05:00:00,,,,,,,,,,,,,,,,,,,,,,,,,84,2005-05-22T03:00:00,,,,,,,,,,,,,,,,,,,,,,,,,,,,,,,,,25.1,,,,,,,,,,,,,,,,,,,,,,,,,,,,,,,,,,,,,,,,,,,,,,,,,,,,,,,,,,,,,,,,,,,,,,,,,,,,,,,,,,,,,,,2.6,2005-05-22T13:00:00,,,,,,,,,,,,,,,,,,,,,,,,,,,,,,,,,,,,,,,,,,,,,,,,,,,,,,,,,,,,,,,,,,,,,,,,,,,,,,
2005-05-23,981.3,,982.5,2005-05-23T23:00:00,979.7,2005-05-23T16:00:00,26.2,30.9,2005-05-23T10:00:00,22.8,2005-05-23T06:00:00,20.6,72,59,2005-05-23T09:00:00,1.8,270.0,8.5,112.5,2005-05-23T11:00:00,0.0,,,,,4.0,10.5,3.6,,27.1,27.0,26.7,25.9,26.4,,,,,,,,,22.6,2005-05-23T10:00:00,,,,19.1,2005-05-23T21:00:00,,,,,,,,,,,,,,,,,,,,,,,,,82,2005-05-23T01:00:00,,,,,,,,,,,,,,,,,,,,,,,,,,,,,,,,,25.1,,,,,,,,,,,,,,,,,,,,,,,,,,,,,,,,,,,,,,,,,,,,,,,,,,,,,,,,,,,,,,,,,,,,,,,,,,,,,,,,,,,,,,,3.2,2005-05-23T10:00:00,,,,,,,,,,,,,,,,,,,,,,,,,,,,,,,,,,,,,,,,,,,,,,,,,,,,,,,,,,,,,,,,,,,,,,,,,,,,,,
2005-05-24,979.8,,981.7,2005-05-24T01:00:00,976.3,2005-05-24T17:00:00,26.4,33.2,2005-05-24T15:00:00,22.6,2005-05-24T05:00:00,20.9,73,56,2005-05-24T18:00:00,1.7,270.0,8.5,22.5,2005-05-24T15:00:00,0.0,,,,,2.4,9.37,2.7,,26.9,26.9,26.7,26.0,26.4,,,,,,,,,23.2,2005-05-24T12:00:00,,,,18.4,2005-05-24T18:00:00,,,,,,,,,,,,,,,,,,,,,,,,,81,2005-05-24T05:00:00,,,,,,,,,,,,,,,,,,,,,,,,,,,,,,,,,25.2,,,,,,,,,,,,,,,,,,,,,,,,,,,,,,,,,,,,,,,,,,,,,,,,,,,,,,,,,,,,,,,,,,,,,,,,,,,,,,,,,,,,,,,4.6,2005-05-24T15:00:00,,,,,,,,,,,,,,,,,,,,,,,,,,,,,,,,,,,,,,,,,,,,,,,,,,,,,,,,,,,,,,,,,,,,,,,,,,,,,,
2005-05-25,980.6,,982.9,2005-05-25T23:00:00,979.5,2005-05-25T02:00:00,24.8,28.2,2005-05-25T10:00:00,23.3,2005-05-25T04:00:00,20.5,77,70,2005-05-25T10:00:00,1.3,270.0,6.3,112.5,2005-05-25T23:59:59,1.0,,,,,0.2,5.0,0.1,,26.8,26.8,26.7,26.1,26.5,,,,,,,,,22.1,2005-05-25T13:00:00,,,,19.2,2005-05-25T23:59:59,,,,,,,,,,,,,,,,,,,,,,,,,81,2005-05-25T21:00:00,,,,,,,,,,,,,,,,,,,,,,,,,,,,,,,,,25.3,,,,,,,,,,,,,,,,,,,,,,,,,,,,,,,,,,,,,,,,,,,,,,,,,,,,,,,,,,,,,,,,,,,,,,,,,,,,,,,,,,,,,,,2.5,2005-05-25T09:00:00,,,,,,,,,,,,,,,,,,,,,,,,,,,,,,,,,,,,,,,,,,,,,,,,,,,,,,,,,,,,,,,,,,,,,,,,,,,,,,
2005-05-26,981.9,,982.9,2005-05-26T22:00:00,980.9,2005-05-26T17:00:00,24.1,28.4,2005-05-26T10:00:00,22.3,2005-05-26T05:00:00,20.1,79,65,2005-05-26T09:00:00,1.0,270.0,6.5,67.5,2005-05-26T01:00:00,5.0,,,,,0.8,6.38,0.0,,26.5,26.5,26.4,26.0,26.3,,,,,,,,,21.5,2005-05-26T11:00:00,,,,19.2,2005-05-26T01:00:00,,,,,,,,,,,,,,,,,,,,,,,,,84,2005-05-26T20:00:00,,,,,,,,,,,,,,,,,,,,,,,,,,,,,,,,,25.4,,,,,,,,,,,,,,,,,,,,,,,,,,,,,,,,,,,,,,,,,,,,,,,,,,,,,,,,,,,,,,,,,,,,,,,,,,,,,,,,,,,,,,,2.3,2005-05-26T09:00:00,,,,,,,,,,,,,,,,,,,,,,,,,,,,,,,,,,,,,,,,,,,,,,,,,,,,,,,,,,,,,,,,,,,,,,,,,,,,,,
2005-05-27,979.5,,981.1,2005-05-27T01:00:00,978.0,2005-05-27T19:00:00,24.6,28.9,2005-05-27T10:00:00,22.1,2005-05-27T06:00:00,20.4,78,67,2005-05-27T09:00:00,1.0,112.5,6.3,112.5,2005-05-27T10:00:00,0.0,,,,,1.7,6.49,1.8,,26.4,26.3,26.3,26.0,26.2,,,,,,,,,21.6,2005-05-27T09:00:00,,,,19.6,2005-05-27T01:00:00,,,,,,,,,,,,,,,,,,,,,,,,,84,2005-05-27T02:00:00,,,,,,,,,,,,,,,,,,,,,,,,,,,,,,,,,25.4,,,,,,,,,,,,,,,,,,,,,,,,,,,,,,,,,,,,,,,,,,,,,,,,,,,,,,,,,,,,,,,,,,,,,,,,,,,,,,,,,,,,,,,2.9,2005-05-27T10:00:00,,,,,,,,,,,,,,,,,,,,,,,,,,,,,,,,,,,,,,,,,,,,,,,,,,,,,,,,,,,,,,,,,,,,,,,,,,,,,,
2005-05-28,979.3,,981.8,2005-05-28T21:00:00,977.8,2005-05-28T02:00:00,24.8,30.2,2005-05-28T11:00:00,22.7,2005-05-28T23:59:59,20.5,77,65,2005-05-28T10:00:00,1.3,270.0,5.5,45.0,2005-05-28T22:00:00,38.0,,,,,1.7,7.38,0.8,,26.3,26.3,26.2,25.9,26.1,,,,,,,,,22.5,2005-05-28T13:00:00,,,,19.6,2005-05-28T02:00:00,,,,,,,,,,,,,,,,,,,,,,,,,84,2005-05-28T21:00:00,,,,,,,,,,,,,,,,,,,,,,,,,,,,,,,,,25.4,,,,,,,,,,,,,,,,,,,,,,,,,,,,,,,,,,,,,,,,,,,,,,,,,,,,,,,,,,,,,,,,,,,,,,,,,,,,,,,,,,,,,,,3.3,2005-05-28T09:00:00,,,,,,,,,,,,,,,,,,,,,,,,,,,,,,,,,,,,,,,,,,,,,,,,,,,,,,,,,,,,,,,,,,,,,,,,,,,,,,
2005-05-29,981.1,,982.9,2005-05-29T23:00:00,979.5,2005-05-29T14:00:00,24.6,30.5,2005-05-29T13:00:00,21.5,2005-05-29T04:00:00,19.9,76,59,2005-05-29T10:00:00,1.7,270.0,9.9,90.0,2005-05-29T18:00:00,11.5,,,,,2.7,9.67,1.0,,26.2,26.2,26.1,25.9,26.1,,,,,,,,,22.4,2005-05-29T14:00:00,,,,18.7,2005-05-29T05:00:00,,,,,,,,,,,,,,,,,,,,,,,,,84,2005-05-29T04:00:00,,,,,,,,,,,,,,,,,,,,,,,,,,,,,,,,,25.5,,,,,,,,,,,,,,,,,,,,,,,,,,,,,,,,,,,,,,,,,,,,,,,,,,,,,,,,,,,,,,,,,,,,,,,,,,,,,,,,,,,,,,,3.7,2005-05-29T15:00:00,,,,,,,,,,,,,,,,,,,,,,,,,,,,,,,,,,,,,,,,,,,,,,,,,,,,,,,,,,,,,,,,,,,,,,,,,,,,,,
2005-05-30,981.8,,983.2,2005-05-30T10:00:00,980.6,2005-05-30T16:00:00,23.7,27.5,2005-05-30T12:00:00,21.6,2005-05-30T20:00:00,18.4,73,62,2005-05-30T15:00:00,1.6,90.0,8.0,112.5,2005-05-30T07:00:00,0.0,,,,,0.0,7.27,1.9,,26.1,26.2,26.1,25.9,26.0,,,,,,,,,19.3,2005-05-30T14:00:00,,,,17.2,2005-05-30T19:00:00,,,,,,,,,,,,,,,,,,,,,,,,,82,2005-05-30T01:00:00,,,,,,,,,,,,,,,,,,,,,,,,,,,,,,,,,25.5,,,,,,,,,,,,,,,,,,,,,,,,,,,,,,,,,,,,,,,,,,,,,,,,,,,,,,,,,,,,,,,,,,,,,,,,,,,,,,,,,,,,,,,2.9,2005-05-30T07:00:00,,,,,,,,,,,,,,,,,,,,,,,,,,,,,,,,,,,,,,,,,,,,,,,,,,,,,,,,,,,,,,,,,,,,,,,,,,,,,,
2005-05-31,979.9,,980.9,2005-05-31T01:00:00,978.7,2005-05-31T16:00:00,23.3,28.2,2005-05-31T09:00:00,21.1,2005-05-31T05:00:00,19.4,79,64,2005-05-31T09:00:00,1.0,270.0,4.7,135.0,2005-05-31T09:00:00,8.0,,,,,1.1,4.55,0.3,,25.8,25.8,25.9,25.8,25.9,,,,,,,,,20.9,2005-05-31T16:00:00,,,,17.4,2005-05-31T05:00:00,,,,,,,,,,,,,,,,,,,,,,,,,84,2005-05-31T22:00:00,,,,,,,,,,,,,,,,,,,,,,,,,,,,,,,,,25.5,,,,,,,,,,,,,,,,,,,,,,,,,,,,,,,,,,,,,,,,,,,,,,,,,,,,,,,,,,,,,,,,,,,,,,,,,,,,,,,,,,,,,,,2.1,2005-05-31T19:00:00,,,,,,,,,,,,,,,,,,,,,,,,,,,,,,,,,,,,,,,,,,,,,,,,,,,,,,,,,,,,,,,,,,,,,,,,,,,,,,
2005-06-01,975.8,,977.9,2005-06-01T01:00:00,972.6,2005-06-01T17:00:00,25.1,31.3,2005-06-01T17:00:00,22.1,2005-06-01T01:00:00,21.0,79,65,2005-06-01T15:00:00,1.0,270.0,5.5,135.0,2005-06-01T10:00:00,0.5,,,,,2.7,8.32,1.3,,26.0,25.9,25.8,25.7,25.8,,,,,,,,,23.0,2005-06-01T14:00:00,,,,19.3,2005-06-01T01:00:00,,,,,,,,,,,,,,,,,,,,,,,,,84,2005-06-01T03:00:00,,,,,,,,,,,,,,,,,,,,,,,,,,,,,,,,,25.4,,,,,,,,,,,,,,,,,,,,,,,,,,,,,,,,,,,,,,,,,,,,,,,,,,,,,,,,,,,,,,,,,,,,,,,,,,,,,,,,,,,,,,,1.8,2005-06-01T14:00:00,,,,,,,,,,,,,,,,,,,,,,,,,,,,,,,,,,,,,,,,,,,,,,,,,,,,,,,,,,,,,,,,,,,,,,,,,,,,,,
2005-06-02,975.5,,977.6,2005-06-02T22:00:00,973.8,2005-06-02T15:00:00,26.1,30.3,2005-06-02T09:00:00,22.8,2005-06-02T05:00:00,21.2,75,57,2005-06-02T09:00:00,1.3,270.0,6.3,135.0,2005-06-02T11:00:00,0.5,,,,,2.1,9.39,1.9,,26.5,26.5,26.2,25.8,26.0,,,,,,,,,23.1,2005-06-02T11:00:00,,,,19.5,2005-06-02T09:00:00,,,,,,,,,,,,,,,,,,,,,,,,,83,2005-06-02T04:00:00,,,,,,,,,,,,,,,,,,,,,,,,,,,,,,,,,25.4,,,,,,,,,,,,,,,,,,,,,,,,,,,,,,,,,,,,,,,,,,,,,,,,,,,,,,,,,,,,,,,,,,,,,,,,,,,,,,,,,,,,,,,2.4,2005-06-02T11:00:00,,,,,,,,,,,,,,,,,,,,,,,,,,,,,,,,,,,,,,,,,,,,,,,,,,,,,,,,,,,,,,,,,,,,,,,,,,,,,,
2005-06-03,976.2,,977.9,2005-06-03T23:00:00,975.0,2005-06-03T15:00:00,24.4,28.1,2005-06-03T08:00:00,23.1,2005-06-03T22:00:00,20.9,81,71,2005-06-03T08:00:00,1.1,270.0,4.3,270.0,2005-06-03T21:00:00,17.0,,,,,0.5,2.25,0.1,,26.3,26.3,26.3,26.0,26.2,,,,,,,,,22.7,2005-06-03T07:00:00,,,,19.9,2005-06-03T21:00:00,,,,,,,,,,,,,,,,,,,,,,,,,84,2005-06-03T15:00:00,,,,,,,,,,,,,,,,,,,,,,,,,,,,,,,,,25.4,,,,,,,,,,,,,,,,,,,,,,,,,,,,,,,,,,,,,,,,,,,,,,,,,,,,,,,,,,,,,,,,,,,,,,,,,,,,,,,,,,,,,,,2.0,2005-06-03T20:00:00,,,,,,,,,,,,,,,,,,,,,,,,,,,,,,,,,,,,,,,,,,,,,,,,,,,,,,,,,,,,,,,,,,,,,,,,,,,,,,
2005-06-04,978.6,,980.3,2005-06-04T23:00:00,977.0,2005-06-04T03:00:00,25.0,29.3,2005-06-04T11:00:00,23.0,2005-06-04T01:00:00,20.8,78,67,2005-06-04T10:00:00,0.9,270.0,5.0,135.0,2005-06-04T12:00:00,1.0,,,,,0.9,6.96,0.2,,26.2,26.2,26.1,25.9,26.0,,,,,,,,,22.5,2005-06-04T11:00:00,,,,19.4,2005-06-04T23:59:59,,,,,,,,,,,,,,,,,,,,,,,,,83,2005-06-04T01:00:00,,,,,,,,,,,,,,,,,,,,,,,,,,,,,,,,,25.5,,,,,,,,,,,,,,,,,,,,,,,,,,,,,,,,,,,,,,,,,,,,,,,,,,,,,,,,,,,,,,,,,,,,,,,,,,,,,,,,,,,,,,,2.3,2005-06-04T12:00:00,,,,,,,,,,,,,,,,,,,,,,,,,,,,,,,,,,,,,,,,,,,,,,,,,,,,,,,,,,,,,,,,,,,,,,,,,,,,,,
2005-06-05,979.2,,980.8,2005-06-05T23:00:00,978.1,2005-06-05T04:00:00,24.5,29.2,2005-06-05T11:00:00,21.3,2005-06-05T06:00:00,18.2,68,57,2005-06-05T11:00:00,1.5,315.0,7.4,90.0,2005-06-05T09:00:00,0.0,,,,,0.6,9.71,2.5,,26.3,26.3,26.2,25.9,26.1,,,,,,,,,19.8,2005-06-05T09:00:00,,,,15.8,2005-06-05T19:00:00,,,,,,,,,,,,,,,,,,,,,,,,,82,2005-06-05T02:00:00,,,,,,,,,,,,,,,,,,,,,,,,,,,,,,,,,25.5,,,,,,,,,,,,,,,,,,,,,,,,,,,,,,,,,,,,,,,,,,,,,,,,,,,,,,,,,,,,,,,,,,,,,,,,,,,,,,,,,,,,,,,3.2,2005-06-05T08:00:00,,,,,,,,,,,,,,,,,,,,,,,,,,,,,,,,,,,,,,,,,,,,,,,,,,,,,,,,,,,,,,,,,,,,,,,,,,,,,,
2005-06-06,979.7,,981.3,2005-06-06T22:00:00,978.6,2005-06-06T16:00:00,23.9,27.7,2005-06-06T12:00:00,21.8,2005-06-06T23:59:59,17.6,68,54,2005-06-06T14:00:00,1.5,270.0,6.2,135.0,2005-06-06T12:00:00,0.0,,,,,1.1,6.69,1.2,,25.9,25.9,25.9,25.9,25.9,,,,,,,,,20.7,2005-06-06T18:00:00,,,,15.7,2005-06-06T03:00:00,,,,,,,,,,,,,,,,,,,,,,,,,84,2005-06-06T23:59:59,,,,,,,,,,,,,,,,,,,,,,,,,,,,,,,,,25.5,,,,,,,,,,,,,,,,,,,,,,,,,,,,,,,,,,,,,,,,,,,,,,,,,,,,,,,,,,,,,,,,,,,,,,,,,,,,,,,,,,,,,,,3.1,2005-06-06T14:00:00,,,,,,,,,,,,,,,,,,,,,,,,,,,,,,,,,,,,,,,,,,,,,,,,,,,,,,,,,,,,,,,,,,,,,,,,,,,,,,
2005-06-07,979.3,,980.5,2005-06-07T22:00:00,978.1,2005-06-07T16:00:00,24.2,29.3,2005-06-07T11:00:00,19.7,2005-06-07T06:00:00,20.1,79,56,2005-06-07T09:00:00,1.3,270.0,6.2,135.0,2005-06-07T11:00:00,0.0,,,,,4.4,10.06,3.2,,25.7,25.7,25.7,25.8,25.8,,,,,,,,,21.6,2005-06-07T13:00:00,,,,18.2,2005-06-07T09:00:00,,,,,,,,,,,,,,,,,,,,,,,,,94,2005-06-07T23:00:00,,,,,,,,,,,,,,,,,,,,,,,,,,,,,,,,,25.5,,,,,,,,,,,,,,,,,,,,,,,,,,,,,,,,,,,,,,,,,,,,,,,,,,,,,,,,,,,,,,,,,,,,,,,,,,,,,,,,,,,,,,,3.3,2005-06-07T11:00:00,,,,,,,,,,,,,,,,,,,,,,,,,,,,,,,,,,,,,,,,,,,,,,,,,,,,,,,,,,,,,,,,,,,,,,,,,,,,,,
2005-06-08,979.1,,980.2,2005-06-08T22:00:00,978.4,2005-06-08T15:00:00,24.9,31.1,2005-06-08T14:00:00,19.7,2005-06-08T04:00:00,20.5,79,55,2005-06-08T14:00:00,1.7,270.0,7.0,112.5,2005-06-08T14:00:00,0.0,,,,,7.1,15.62,4.7,,26.1,26.1,26.0,25.7,25.8,,,,,,,,,22.3,2005-06-08T18:00:00,,,,18.6,2005-06-08T07:00:00,,,,,,,,,,,,,,,,,,,,,,,,,97,2005-06-08T04:00:00,,,,,,,,,,,,,,,,,,,,,,,,,,,,,,,,,25.4,,,,,,,,,,,,,,,,,,,,,,,,,,,,,,,,,,,,,,,,,,,,,,,,,,,,,,,,,,,,,,,,,,,,,,,,,,,,,,,,,,,,,,,3.0,2005-06-08T12:00:00,,,,,,,,,,,,,,,,,,,,,,,,,,,,,,,,,,,,,,,,,,,,,,,,,,,,,,,,,,,,,,,,,,,,,,,,,,,,,,
2005-06-09,978.9,,979.7,2005-06-09T06:00:00,977.4,2005-06-09T17:00:00,24.5,30.0,2005-06-09T11:00:00,21.6,2005-06-09T06:00:00,22.8,91,64,2005-06-09T09:00:00,1.2,270.0,6.3,135.0,2005-06-09T12:00:00,0.5,,,,,2.9,6.75,1.2,,26.3,26.3,26.3,25.9,26.2,,,,,,,,,24.5,2005-06-09T15:00:00,,,,20.8,2005-06-09T07:00:00,,,,,,,,,,,,,,,,,,,,,,,,,100,2005-06-09T18:00:00,,,,,,,,,,,,,,,,,,,,,,,,,,,,,,,,,25.5,,,,,,,,,,,,,,,,,,,,,,,,,,,,,,,,,,,,,,,,,,,,,,,,,,,,,,,,,,,,,,,,,,,,,,,,,,,,,,,,,,,,,,,2.6,2005-06-09T10:00:00,,,,,,,,,,,,,,,,,,,,,,,,,,,,,,,,,,,,,,,,,,,,,,,,,,,,,,,,,,,,,,,,,,,,,,,,,,,,,,
2005-06-10,975.1,,977.9,2005-06-10T01:00:00,973.2,2005-06-10T16:00:00,26.2,29.8,2005-06-10T13:00:00,22.5,2005-06-10T03:00:00,24.4,90,81,2005-06-10T15:00:00,1.6,270.0,5.8,90.0,2005-06-10T08:00:00,0.0,,,,,2.0,7.76,2.1,,26.4,26.4,26.2,25.9,26.1,,,,,,,,,26.0,2005-06-10T13:00:00,,,,22.6,2005-06-10T02:00:00,,,,,,,,,,,,,,,,,,,,,,,,,100,2005-06-10T04:00:00,,,,,,,,,,,,,,,,,,,,,,,,,,,,,,,,,25.5,,,,,,,,,,,,,,,,,,,,,,,,,,,,,,,,,,,,,,,,,,,,,,,,,,,,,,,,,,,,,,,,,,,,,,,,,,,,,,,,,,,,,,,3.2,2005-06-10T09:00:00,,,,,,,,,,,,,,,,,,,,,,,,,,,,,,,,,,,,,,,,,,,,,,,,,,,,,,,,,,,,,,,,,,,,,,,,,,,,,,
2005-06-11,973.3,,974.8,2005-06-11T21:00:00,971.4,2005-06-11T15:00:00,27.5,33.3,2005-06-11T14:00:00,24.2,2005-06-11T06:00:00,25.0,88,67,2005-06-11T13:00:00,1.4,270.0,7.1,67.5,2005-06-11T17:00:00,3.0,,,,,4.1,12.38,3.6,,27.2,27.1,26.8,26.1,26.5,,,,,,,,,25.7,2005-06-11T11:00:00,,,,24.3,2005-06-11T18:00:00,,,,,,,,,,,,,,,,,,,,,,,,,100,2005-06-11T01:00:00,,,,,,,,,,,,,,,,,,,,,,,,,,,,,,,,,25.6,,,,,,,,,,,,,,,,,,,,,,,,,,,,,,,,,,,,,,,,,,,,,,,,,,,,,,,,,,,,,,,,,,,,,,,,,,,,,,,,,,,,,,,3.3,2005-06-11T17:00:00,,,,,,,,,,,,,,,,,,,,,,,,,,,,,,,,,,,,,,,,,,,,,,,,,,,,,,,,,,,,,,,,,,,,,,,,,,,,,,
2005-06-12,974.1,,976.3,2005-06-12T22:00:00,972.6,2005-06-12T04:00:00,24.2,25.1,2005-06-12T06:00:00,23.1,2005-06-12T23:59:59,24.4,100,99,2005-06-12T05:00:00,0.8,270.0,5.4,180.0,2005-06-12T13:00:00,43.5,,,,,0.0,0.35,0.0,,26.8,26.8,26.8,26.4,26.7,,,,,,,,,25.4,2005-06-12T14:00:00,,,,23.6,2005-06-12T23:00:00,,,,,,,,,,,,,,,,,,,,,,,,,100,2005-06-12T01:00:00,,,,,,,,,,,,,,,,,,,,,,,,,,,,,,,,,25.7,,,,,,,,,,,,,,,,,,,,,,,,,,,,,,,,,,,,,,,,,,,,,,,,,,,,,,,,,,,,,,,,,,,,,,,,,,,,,,,,,,,,,,,1.5,2005-06-12T05:00:00,,,,,,,,,,,,,,,,,,,,,,,,,,,,,,,,,,,,,,,,,,,,,,,,,,,,,,,,,,,,,,,,,,,,,,,,,,,,,,
2005-06-13,975.6,,977.0,2005-06-13T22:00:00,974.0,2005-06-13T16:00:00,24.4,26.5,2005-06-13T14:00:00,23.1,2005-06-13T01:00:00,24.4,99,94,2005-06-13T14:00:00,0.7,270.0,4.2,202.5,2005-06-13T15:00:00,14.5,,,,,0.0,3.13,0.0,,26.0,26.0,26.1,26.2,26.2,,,,,,,,,26.0,2005-06-13T16:00:00,,,,23.5,2005-06-13T02:00:00,,,,,,,,,,,,,,,,,,,,,,,,,100,2005-06-13T01:00:00,,,,,,,,,,,,,,,,,,,,,,,,,,,,,,,,,25.9,,,,,,,,,,,,,,,,,,,,,,,,,,,,,,,,,,,,,,,,,,,,,,,,,,,,,,,,,,,,,,,,,,,,,,,,,,,,,,,,,,,,,,,1.7,2005-06-13T23:59:59,,,,,,,,,,,,,,,,,,,,,,,,,,,,,,,,,,,,,,,,,,,,,,,,,,,,,,,,,,,,,,,,,,,,,,,,,,,,,,
2005-06-14,975.3,,977.2,2005-06-14T10:00:00,974.0,2005-06-14T18:00:00,24.0,25.2,2005-06-14T09:00:00,23.1,2005-06-14T23:59:59,24.2,100,95,2005-06-14T09:00:00,0.5,270.0,4.6,135.0,2005-06-14T16:00:00,37.0,,,,,0.0,1.61,0.0,,25.9,25.9,26.0,26.0,26.0,,,,,,,,,24.7,2005-06-14T11:00:00,,,,23.6,2005-06-14T23:00:00,,,,,,,,,,,,,,,,,,,,,,,,,100,2005-06-14T01:00:00,,,,,,,,,,,,,,,,,,,,,,,,,,,,,,,,,25.8,,,,,,,,,,,,,,,,,,,,,,,,,,,,,,,,,,,,,,,,,,,,,,,,,,,,,,,,,,,,,,,,,,,,,,,,,,,,,,,,,,,,,,,2.4,2005-06-14T14:00:00,,,,,,,,,,,,,,,,,,,,,,,,,,,,,,,,,,,,,,,,,,,,,,,,,,,,,,,,,,,,,,,,,,,,,,,,,,,,,,
2005-06-15,975.5,,977.0,2005-06-15T23:59:59,973.7,2005-06-15T02:00:00,23.4,25.2,2005-06-15T13:00:00,22.8,2005-06-15T03:00:00,23.7,100,95,2005-06-15T12:00:00,0.4,270.0,4.7,112.5,2005-06-15T15:00:00,54.5,,,,,0.0,1.79,0.0,,25.4,25.4,25.5,25.9,25.7,,,,,,,,,24.5,2005-06-15T13:00:00,,,,23.0,2005-06-15T01:00:00,,,,,,,,,,,,,,,,,,,,,,,,,100,2005-06-15T02:00:00,,,,,,,,,,,,,,,,,,,,,,,,,,,,,,,,,25.8,,,,,,,,,,,,,,,,,,,,,,,,,,,,,,,,,,,,,,,,,,,,,,,,,,,,,,,,,,,,,,,,,,,,,,,,,,,,,,,,,,,,,,,1.6,2005-06-15T23:59:59,,,,,,,,,,,,,,,,,,,,,,,,,,,,,,,,,,,,,,,,,,,,,,,,,,,,,,,,,,,,,,,,,,,,,,,,,,,,,,
2005-06-16,978.8,,980.6,2005-06-16T23:00:00,976.5,2005-06-16T03:00:00,23.2,24.3,2005-06-16T17:00:00,22.4,2005-06-16T06:00:00,23.3,100,98,2005-06-16T19:00:00,0.6,270.0,4.3,270.0,2005-06-16T19:00:00,31.5,,,,,0.0,2.17,0.1,,25.0,25.0,25.2,25.6,25.3,,,,,,,,,24.8,2005-06-16T15:00:00,,,,22.6,2005-06-16T19:00:00,,,,,,,,,,,,,,,,,,,,,,,,,100,2005-06-16T01:00:00,,,,,,,,,,,,,,,,,,,,,,,,,,,,,,,,,25.7,,,,,,,,,,,,,,,,,,,,,,,,,,,,,,,,,,,,,,,,,,,,,,,,,,,,,,,,,,,,,,,,,,,,,,,,,,,,,,,,,,,,,,,1.9,2005-06-16T14:00:00,,,,,,,,,,,,,,,,,,,,,,,,,,,,,,,,,,,,,,,,,,,,,,,,,,,,,,,,,,,,,,,,,,,,,,,,,,,,,,
2005-06-17,980.2,,981.5,2005-06-17T23:00:00,979.2,2005-06-17T03:00:00,24.7,27.8,2005-06-17T13:00:00,22.6,2005-06-17T05:00:00,23.7,94,85,2005-06-17T12:00:00,0.7,270.0,4.1,67.5,2005-06-17T10:00:00,0.0,,,,,0.0,5.54,0.2,,25.4,25.4,25.3,25.4,25.3,,,,,,,,,24.9,2005-06-17T17:00:00,,,,22.7,2005-06-17T01:00:00,,,,,,,,,,,,,,,,,,,,,,,,,100,2005-06-17T02:00:00,,,,,,,,,,,,,,,,,,,,,,,,,,,,,,,,,25.5,,,,,,,,,,,,,,,,,,,,,,,,,,,,,,,,,,,,,,,,,,,,,,,,,,,,,,,,,,,,,,,,,,,,,,,,,,,,,,,,,,,,,,,2.0,2005-06-17T20:00:00,,,,,,,,,,,,,,,,,,,,,,,,,,,,,,,,,,,,,,,,,,,,,,,,,,,,,,,,,,,,,,,,,,,,,,,,,,,,,,
2005-06-18,977.6,,979.9,2005-06-18T01:00:00,975.5,2005-06-18T16:00:00,27.4,34.3,2005-06-18T14:00:00,22.8,2005-06-18T23:59:59,22.0,76,42,2005-06-18T16:00:00,1.4,270.0,13.4,292.5,2005-06-18T18:00:00,0.0,,,,,1.5,12.99,4.6,,26.3,26.3,26.0,25.6,25.8,,,,,,,,,25.0,2005-06-18T09:00:00,,,,17.9,2005-06-18T19:00:00,,,,,,,,,,,,,,,,,,,,,,,,,99,2005-06-18T03:00:00,,,,,,,,,,,,,,,,,,,,,,,,,,,,,,,,,25.5,,,,,,,,,,,,,,,,,,,,,,,,,,,,,,,,,,,,,,,,,,,,,,,,,,,,,,,,,,,,,,,,,,,,,,,,,,,,,,,,,,,,,,,3.7,2005-06-18T15:00:00,,,,,,,,,,,,,,,,,,,,,,,,,,,,,,,,,,,,,,,,,,,,,,,,,,,,,,,,,,,,,,,,,,,,,,,,,,,,,,
2005-06-19,976.2,,978.4,2005-06-19T22:00:00,974.4,2005-06-19T16:00:00,29.8,34.7,2005-06-19T11:00:00,22.9,2005-06-19T01:00:00,19.3,57,38,2005-06-19T13:00:00,2.3,292.5,16.6,337.5,2005-06-19T13:00:00,0.0,,,,,2.9,13.09,5.7,,26.7,26.7,26.5,25.9,26.3,,,,,,,,,22.3,2005-06-19T20:00:00,,,,17.4,2005-06-19T03:00:00,,,,,,,,,,,,,,,,,,,,,,,,,89,2005-06-19T23:59:59,,,,,,,,,,,,,,,,,,,,,,,,,,,,,,,,,25.6,,,,,,,,,,,,,,,,,,,,,,,,,,,,,,,,,,,,,,,,,,,,,,,,,,,,,,,,,,,,,,,,,,,,,,,,,,,,,,,,,,,,,,,4.4,2005-06-19T12:00:00,,,,,,,,,,,,,,,,,,,,,,,,,,,,,,,,,,,,,,,,,,,,,,,,,,,,,,,,,,,,,,,,,,,,,,,,,,,,,,
2005-06-20,976.8,,978.8,2005-06-20T23:00:00,975.1,2005-06-20T16:00:00,28.9,36.1,2005-06-20T13:00:00,22.8,2005-06-20T06:00:00,21.4,68,37,2005-06-20T14:00:00,2.1,270.0,13.5,315.0,2005-06-20T16:00:00,0.0,,,,,10.2,17.65,6.6,,27.3,27.2,26.8,26.2,26.5,,,,,,,,,24.0,2005-06-20T10:00:00,,,,18.1,2005-06-20T16:00:00,,,,,,,,,,,,,,,,,,,,,,,,,92,2005-06-20T03:00:00,,,,,,,,,,,,,,,,,,,,,,,,,,,,,,,,,25.7,,,,,,,,,,,,,,,,,,,,,,,,,,,,,,,,,,,,,,,,,,,,,,,,,,,,,,,,,,,,,,,,,,,,,,,,,,,,,,,,,,,,,,,4.2,2005-06-20T11:00:00,,,,,,,,,,,,,,,,,,,,,,,,,,,,,,,,,,,,,,,,,,,,,,,,,,,,,,,,,,,,,,,,,,,,,,,,,,,,,,
2005-06-21,977.3,,979.6,2005-06-21T22:00:00,975.4,2005-06-21T15:00:00,29.5,36.7,2005-06-21T14:00:00,23.5,2005-06-21T03:00:00,22.2,67,41,2005-06-21T14:00:00,1.8,270.0,10.1,112.5,2005-06-21T12:00:00,0.0,,,,,10.4,17.85,6.2,,28.0,27.9,27.5,26.5,27.1,,,,,,,,,24.3,2005-06-21T12:00:00,,,,19.9,2005-06-21T16:00:00,,,,,,,,,,,,,,,,,,,,,,,,,91,2005-06-21T02:00:00,,,,,,,,,,,,,,,,,,,,,,,,,,,,,,,,,25.9,,,,,,,,,,,,,,,,,,,,,,,,,,,,,,,,,,,,,,,,,,,,,,,,,,,,,,,,,,,,,,,,,,,,,,,,,,,,,,,,,,,,,,,3.8,2005-06-21T13:00:00,,,,,,,,,,,,,,,,,,,,,,,,,,,,,,,,,,,,,,,,,,,,,,,,,,,,,,,,,,,,,,,,,,,,,,,,,,,,,,
2005-06-22,978.6,,980.5,2005-06-22T23:00:00,977.3,2005-06-22T16:00:00,28.3,33.4,2005-06-22T17:00:00,22.8,2005-06-22T06:00:00,22.3,71,48,2005-06-22T17:00:00,1.5,270.0,7.4,112.5,2005-06-22T11:00:00,0.0,,,,,6.2,14.98,4.9,,28.2,28.1,27.8,26.9,27.4,,,,,,,,,25.3,2005-06-22T11:00:00,,,,19.5,2005-06-22T17:00:00,,,,,,,,,,,,,,,,,,,,,,,,,89,2005-06-22T05:00:00,,,,,,,,,,,,,,,,,,,,,,,,,,,,,,,,,26.1,,,,,,,,,,,,,,,,,,,,,,,,,,,,,,,,,,,,,,,,,,,,,,,,,,,,,,,,,,,,,,,,,,,,,,,,,,,,,,,,,,,,,,,2.6,2005-06-22T13:00:00,,,,,,,,,,,,,,,,,,,,,,,,,,,,,,,,,,,,,,,,,,,,,,,,,,,,,,,,,,,,,,,,,,,,,,,,,,,,,,
2005-06-23,979.4,,982.4,2005-06-23T23:00:00,977.1,2005-06-23T16:00:00,27.8,33.3,2005-06-23T14:00:00,23.1,2005-06-23T05:00:00,23.3,77,61,2005-06-23T14:00:00,1.7,270.0,11.3,90.0,2005-06-23T11:00:00,0.5,,,,,7.6,16.27,5.3,,28.4,28.3,28.0,27.1,27.6,,,,,,,,,25.3,2005-06-23T12:00:00,,,,21.6,2005-06-23T03:00:00,,,,,,,,,,,,,,,,,,,,,,,,,97,2005-06-23T23:59:59,,,,,,,,,,,,,,,,,,,,,,,,,,,,,,,,,26.3,,,,,,,,,,,,,,,,,,,,,,,,,,,,,,,,,,,,,,,,,,,,,,,,,,,,,,,,,,,,,,,,,,,,,,,,,,,,,,,,,,,,,,,4.1,2005-06-23T10:00:00,,,,,,,,,,,,,,,,,,,,,,,,,,,,,,,,,,,,,,,,,,,,,,,,,,,,,,,,,,,,,,,,,,,,,,,,,,,,,,
2005-06-24,980.9,,981.9,2005-06-24T22:00:00,979.6,2005-06-24T16:00:00,26.4,31.0,2005-06-24T12:00:00,23.8,2005-06-24T02:00:00,24.3,89,74,2005-06-24T12:00:00,1.6,270.0,6.9,112.5,2005-06-24T11:00:00,1.0,,,,,0.6,9.95,1.3,,28.3,28.3,28.1,27.3,27.8,,,,,,,,,26.7,2005-06-24T16:00:00,,,,22.7,2005-06-24T18:00:00,,,,,,,,,,,,,,,,,,,,,,,,,99,2005-06-24T03:00:00,,,,,,,,,,,,,,,,,,,,,,,,,,,,,,,,,26.4,,,,,,,,,,,,,,,,,,,,,,,,,,,,,,,,,,,,,,,,,,,,,,,,,,,,,,,,,,,,,,,,,,,,,,,,,,,,,,,,,,,,,,,3.7,2005-06-24T10:00:00,,,,,,,,,,,,,,,,,,,,,,,,,,,,,,,,,,,,,,,,,,,,,,,,,,,,,,,,,,,,,,,,,,,,,,,,,,,,,,
2005-06-25,980.6,,982.7,2005-06-25T23:00:00,979.2,2005-06-25T16:00:00,25.5,28.6,2005-06-25T16:00:00,22.8,2005-06-25T08:00:00,24.0,92,79,2005-06-25T15:00:00,1.4,270.0,4.7,270.0,2005-06-25T07:00:00,6.5,,,,,0.1,6.52,1.3,,27.6,27.6,27.6,27.3,27.5,,,,,,,,,25.9,2005-06-25T17:00:00,,,,22.1,2005-06-25T08:00:00,,,,,,,,,,,,,,,,,,,,,,,,,98,2005-06-25T09:00:00,,,,,,,,,,,,,,,,,,,,,,,,,,,,,,,,,26.6,,,,,,,,,,,,,,,,,,,,,,,,,,,,,,,,,,,,,,,,,,,,,,,,,,,,,,,,,,,,,,,,,,,,,,,,,,,,,,,,,,,,,,,2.6,2005-06-25T06:00:00,,,,,,,,,,,,,,,,,,,,,,,,,,,,,,,,,,,,,,,,,,,,,,,,,,,,,,,,,,,,,,,,,,,,,,,,,,,,,,
2005-06-26,981.1,,983.6,2005-06-26T23:59:59,979.4,2005-06-26T16:00:00,26.4,31.0,2005-06-26T12:00:00,22.7,2005-06-26T06:00:00,23.8,86,72,2005-06-26T10:00:00,1.8,270.0,9.7,112.5,2005-06-26T14:00:00,8.0,,,,,5.1,12.63,3.9,,27.9,27.8,27.6,27.2,27.4,,,,,,,,,25.8,2005-06-26T13:00:00,,,,22.0,2005-06-26T06:00:00,,,,,,,,,,,,,,,,,,,,,,,,,100,2005-06-26T23:59:59,,,,,,,,,,,,,,,,,,,,,,,,,,,,,,,,,26.6,,,,,,,,,,,,,,,,,,,,,,,,,,,,,,,,,,,,,,,,,,,,,,,,,,,,,,,,,,,,,,,,,,,,,,,,,,,,,,,,,,,,,,,4.7,2005-06-26T11:00:00,,,,,,,,,,,,,,,,,,,,,,,,,,,,,,,,,,,,,,,,,,,,,,,,,,,,,,,,,,,,,,,,,,,,,,,,,,,,,,
2005-06-27,980.7,,982.7,2005-06-27T01:00:00,979.0,2005-06-27T16:00:00,26.1,31.3,2005-06-27T12:00:00,22.8,2005-06-27T01:00:00,24.2,90,71,2005-06-27T10:00:00,1.6,135.0,7.3,135.0,2005-06-27T13:00:00,25.5,,,,,5.6,13.25,1.8,,27.6,27.6,27.5,27.2,27.4,,,,,,,,,25.2,2005-06-27T16:00:00,,,,22.5,2005-06-27T05:00:00,,,,,,,,,,,,,,,,,,,,,,,,,100,2005-06-27T01:00:00,,,,,,,,,,,,,,,,,,,,,,,,,,,,,,,,,26.6,,,,,,,,,,,,,,,,,,,,,,,,,,,,,,,,,,,,,,,,,,,,,,,,,,,,,,,,,,,,,,,,,,,,,,,,,,,,,,,,,,,,,,,3.4,2005-06-27T11:00:00,,,,,,,,,,,,,,,,,,,,,,,,,,,,,,,,,,,,,,,,,,,,,,,,,,,,,,,,,,,,,,,,,,,,,,,,,,,,,,
2005-06-28,980.8,,982.8,2005-06-28T22:00:00,978.7,2005-06-28T02:00:00,24.1,26.6,2005-06-28T15:00:00,22.8,2005-06-28T09:00:00,23.8,98,89,2005-06-28T16:00:00,1.4,270.0,7.2,22.5,2005-06-28T05:00:00,117.5,,,,,0.0,3.86,0.4,,26.0,26.0,26.4,27.0,26.7,,,,,,,,,25.0,2005-06-28T14:00:00,,,,22.6,2005-06-28T06:00:00,,,,,,,,,,,,,,,,,,,,,,,,,100,2005-06-28T02:00:00,,,,,,,,,,,,,,,,,,,,,,,,,,,,,,,,,27.0,,,,,,,,,,,,,,,,,,,,,,,,,,,,,,,,,,,,,,,,,,,,,,,,,,,,,,,,,,,,,,,,,,,,,,,,,,,,,,,,,,,,,,,2.8,2005-06-28T14:00:00,,,,,,,,,,,,,,,,,,,,,,,,,,,,,,,,,,,,,,,,,,,,,,,,,,,,,,,,,,,,,,,,,,,,,,,,,,,,,,
2005-06-29,983.9,,986.3,2005-06-29T23:59:59,982.0,2005-06-29T01:00:00,24.4,28.1,2005-06-29T14:00:00,22.6,2005-06-29T06:00:00,23.5,95,82,2005-06-29T16:00:00,0.8,270.0,5.1,135.0,2005-06-29T15:00:00,18.0,,,,,0.9,5.74,0.7,,25.9,25.9,26.0,26.5,26.2,,,,,,,,,25.2,2005-06-29T13:00:00,,,,22.8,2005-06-29T05:00:00,,,,,,,,,,,,,,,,,,,,,,,,,100,2005-06-29T01:00:00,,,,,,,,,,,,,,,,,,,,,,,,,,,,,,,,,26.7,,,,,,,,,,,,,,,,,,,,,,,,,,,,,,,,,,,,,,,,,,,,,,,,,,,,,,,,,,,,,,,,,,,,,,,,,,,,,,,,,,,,,,,2.5,2005-06-29T15:00:00,,,,,,,,,,,,,,,,,,,,,,,,,,,,,,,,,,,,,,,,,,,,,,,,,,,,,,,,,,,,,,,,,,,,,,,,,,,,,,
2005-06-30,985.6,,987.1,2005-06-30T22:00:00,984.6,2005-06-30T16:00:00,26.4,31.4,2005-06-30T13:00:00,22.6,2005-06-30T04:00:00,24.0,87,71,2005-06-30T11:00:00,2.1,270.0,7.3,135.0,2005-06-30T12:00:00,2.5,,,,,5.9,13.8,3.5,,26.8,26.7,26.5,26.4,26.4,,,,,,,,,25.5,2005-06-30T12:00:00,,,,21.4,2005-06-30T04:00:00,,,,,,,,,,,,,,,,,,,,,,,,,99,2005-06-30T01:00:00,,,,,,,,,,,,,,,,,,,,,,,,,,,,,,,,,26.5,,,,,,,,,,,,,,,,,,,,,,,,,,,,,,,,,,,,,,,,,,,,,,,,,,,,,,,,,,,,,,,,,,,,,,,,,,,,,,,,,,,,,,,3.5,2005-06-30T10:00:00,,,,,,,,,,,,,,,,,,,,,,,,,,,,,,,,,,,,,,,,,,,,,,,,,,,,,,,,,,,,,,,,,,,,,,,,,,,,,,
2005-07-01,985.5,,986.4,2005-07-01T22:00:00,984.3,2005-07-01T16:00:00,26.4,31.1,2005-07-01T12:00:00,22.9,2005-07-01T02:00:00,23.4,84,65,2005-07-01T10:00:00,1.8,270.0,7.5,112.5,2005-07-01T14:00:00,0.0,,,,,4.0,11.85,3.0,,27.3,27.3,27.1,26.7,26.9,,,,,,,,,24.9,2005-07-01T13:00:00,,,,22.0,2005-07-01T07:00:00,,,,,,,,,,,,,,,,,,,,,,,,,97,2005-07-01T21:00:00,,,,,,,,,,,,,,,,,,,,,,,,,,,,,,,,,26.5,,,,,,,,,,,,,,,,,,,,,,,,,,,,,,,,,,,,,,,,,,,,,,,,,,,,,,,,,,,,,,,,,,,,,,,,,,,,,,,,,,,,,,,3.4,2005-07-01T14:00:00,,,,,,,,,,,,,,,,,,,,,,,,,,,,,,,,,,,,,,,,,,,,,,,,,,,,,,,,,,,,,,,,,,,,,,,,,,,,,,
2005-07-02,984.5,,985.5,2005-07-02T01:00:00,982.7,2005-07-02T17:00:00,26.9,31.0,2005-07-02T14:00:00,22.6,2005-07-02T04:00:00,24.0,85,71,2005-07-02T09:00:00,2.0,270.0,8.0,112.5,2005-07-02T11:00:00,0.0,,,,,5.8,14.01,3.9,,27.6,27.6,27.4,26.9,27.2,,,,,,,,,25.8,2005-07-02T19:00:00,,,,21.6,2005-07-02T05:00:00,,,,,,,,,,,,,,,,,,,,,,,,,98,2005-07-02T23:00:00,,,,,,,,,,,,,,,,,,,,,,,,,,,,,,,,,26.6,,,,,,,,,,,,,,,,,,,,,,,,,,,,,,,,,,,,,,,,,,,,,,,,,,,,,,,,,,,,,,,,,,,,,,,,,,,,,,,,,,,,,,,4.5,2005-07-02T11:00:00,,,,,,,,,,,,,,,,,,,,,,,,,,,,,,,,,,,,,,,,,,,,,,,,,,,,,,,,,,,,,,,,,,,,,,,,,,,,,,
2005-07-03,983.3,,984.9,2005-07-03T01:00:00,981.9,2005-07-03T17:00:00,26.9,31.8,2005-07-03T12:00:00,23.8,2005-07-03T05:00:00,24.8,89,73,2005-07-03T10:00:00,2.5,112.5,10.5,112.5,2005-07-03T16:00:00,1.0,,,,,5.2,13.27,3.7,,28.1,28.1,27.8,27.2,27.6,,,,,,,,,26.5,2005-07-03T12:00:00,,,,23.3,2005-07-03T05:00:00,,,,,,,,,,,,,,,,,,,,,,,,,99,2005-07-03T03:00:00,,,,,,,,,,,,,,,,,,,,,,,,,,,,,,,,,26.7,,,,,,,,,,,,,,,,,,,,,,,,,,,,,,,,,,,,,,,,,,,,,,,,,,,,,,,,,,,,,,,,,,,,,,,,,,,,,,,,,,,,,,,5.2,2005-07-03T15:00:00,,,,,,,,,,,,,,,,,,,,,,,,,,,,,,,,,,,,,,,,,,,,,,,,,,,,,,,,,,,,,,,,,,,,,,,,,,,,,,
2005-07-04,981.8,,982.9,2005-07-04T11:00:00,981.0,2005-07-04T16:00:00,26.5,30.4,2005-07-04T11:00:00,22.9,2005-07-04T04:00:00,24.2,88,75,2005-07-04T09:00:00,2.0,112.5,8.2,135.0,2005-07-04T10:00:00,0.0,,,,,3.6,10.37,2.4,,27.9,27.9,27.8,27.4,27.7,,,,,,,,,25.7,2005-07-04T11:00:00,,,,21.6,2005-07-04T05:00:00,,,,,,,,,,,,,,,,,,,,,,,,,95,2005-07-04T20:00:00,,,,,,,,,,,,,,,,,,,,,,,,,,,,,,,,,26.8,,,,,,,,,,,,,,,,,,,,,,,,,,,,,,,,,,,,,,,,,,,,,,,,,,,,,,,,,,,,,,,,,,,,,,,,,,,,,,,,,,,,,,,4.6,2005-07-04T10:00:00,,,,,,,,,,,,,,,,,,,,,,,,,,,,,,,,,,,,,,,,,,,,,,,,,,,,,,,,,,,,,,,,,,,,,,,,,,,,,,
2005-07-05,981.1,,982.2,2005-07-05T22:00:00,980.3,2005-07-05T02:00:00,26.6,30.9,2005-07-05T11:00:00,22.3,2005-07-05T05:00:00,23.7,85,63,2005-07-05T09:00:00,2.1,270.0,9.7,112.5,2005-07-05T13:00:00,0.0,,,,,5.1,12.67,3.7,,27.9,27.9,27.8,27.4,27.6,,,,,,,,,25.8,2005-07-05T12:00:00,,,,21.2,2005-07-05T05:00:00,,,,,,,,,,,,,,,,,,,,,,,,,97,2005-07-05T01:00:00,,,,,,,,,,,,,,,,,,,,,,,,,,,,,,,,,26.9,,,,,,,,,,,,,,,,,,,,,,,,,,,,,,,,,,,,,,,,,,,,,,,,,,,,,,,,,,,,,,,,,,,,,,,,,,,,,,,,,,,,,,,4.3,2005-07-05T12:00:00,,,,,,,,,,,,,,,,,,,,,,,,,,,,,,,,,,,,,,,,,,,,,,,,,,,,,,,,,,,,,,,,,,,,,,,,,,,,,,
2005-07-06,980.8,,982.0,2005-07-06T23:00:00,979.7,2005-07-06T16:00:00,27.1,31.9,2005-07-06T14:00:00,23.3,2005-07-06T05:00:00,23.6,82,67,2005-07-06T09:00:00,1.9,270.0,9.9,135.0,2005-07-06T11:00:00,0.0,,,,,6.3,14.07,4.3,,28.0,28.0,27.9,27.5,27.7,,,,,,,,,24.9,2005-07-06T14:00:00,,,,21.0,2005-07-06T05:00:00,,,,,,,,,,,,,,,,,,,,,,,,,95,2005-07-06T22:00:00,,,,,,,,,,,,,,,,,,,,,,,,,,,,,,,,,26.9,,,,,,,,,,,,,,,,,,,,,,,,,,,,,,,,,,,,,,,,,,,,,,,,,,,,,,,,,,,,,,,,,,,,,,,,,,,,,,,,,,,,,,,5.7,2005-07-06T11:00:00,,,,,,,,,,,,,,,,,,,,,,,,,,,,,,,,,,,,,,,,,,,,,,,,,,,,,,,,,,,,,,,,,,,,,,,,,,,,,,
2005-07-07,981.3,,983.3,2005-07-07T23:59:59,980.2,2005-07-07T04:00:00,26.5,32.2,2005-07-07T11:00:00,23.6,2005-07-07T06:00:00,24.1,87,68,2005-07-07T11:00:00,1.9,270.0,9.4,112.5,2005-07-07T13:00:00,0.5,,,,,4.7,11.44,1.8,,28.1,28.1,28.0,27.5,27.9,,,,,,,,,26.4,2005-07-07T14:00:00,,,,22.1,2005-07-07T23:59:59,,,,,,,,,,,,,,,,,,,,,,,,,97,2005-07-07T14:00:00,,,,,,,,,,,,,,,,,,,,,,,,,,,,,,,,,27.0,,,,,,,,,,,,,,,,,,,,,,,,,,,,,,,,,,,,,,,,,,,,,,,,,,,,,,,,,,,,,,,,,,,,,,,,,,,,,,,,,,,,,,,3.7,2005-07-07T10:00:00,,,,,,,,,,,,,,,,,,,,,,,,,,,,,,,,,,,,,,,,,,,,,,,,,,,,,,,,,,,,,,,,,,,,,,,,,,,,,,
2005-07-08,982.4,,984.3,2005-07-08T23:00:00,980.6,2005-07-08T16:00:00,26.6,30.9,2005-07-08T13:00:00,22.8,2005-07-08T05:00:00,24.0,86,74,2005-07-08T07:00:00,2.1,270.0,10.2,112.5,2005-07-08T13:00:00,0.0,,,,,3.2,11.42,2.9,,27.9,27.9,27.8,27.6,27.7,,,,,,,,,27.1,2005-07-08T12:00:00,,,,21.0,2005-07-08T05:00:00,,,,,,,,,,,,,,,,,,,,,,,,,96,2005-07-08T23:59:59,,,,,,,,,,,,,,,,,,,,,,,,,,,,,,,,,27.0,,,,,,,,,,,,,,,,,,,,,,,,,,,,,,,,,,,,,,,,,,,,,,,,,,,,,,,,,,,,,,,,,,,,,,,,,,,,,,,,,,,,,,,4.4,2005-07-08T11:00:00,,,,,,,,,,,,,,,,,,,,,,,,,,,,,,,,,,,,,,,,,,,,,,,,,,,,,,,,,,,,,,,,,,,,,,,,,,,,,,
2005-07-09,982.9,,984.7,2005-07-09T23:59:59,981.3,2005-07-09T14:00:00,26.8,31.2,2005-07-09T13:00:00,22.6,2005-07-09T05:00:00,24.0,85,72,2005-07-09T08:00:00,2.1,292.5,11.0,112.5,2005-07-09T14:00:00,0.0,,,,,4.0,11.83,2.6,,27.9,27.9,27.8,27.5,27.7,,,,,,,,,26.0,2005-07-09T13:00:00,,,,20.6,2005-07-09T05:00:00,,,,,,,,,,,,,,,,,,,,,,,,,97,2005-07-09T23:00:00,,,,,,,,,,,,,,,,,,,,,,,,,,,,,,,,,27.1,,,,,,,,,,,,,,,,,,,,,,,,,,,,,,,,,,,,,,,,,,,,,,,,,,,,,,,,,,,,,,,,,,,,,,,,,,,,,,,,,,,,,,,4.4,2005-07-09T11:00:00,,,,,,,,,,,,,,,,,,,,,,,,,,,,,,,,,,,,,,,,,,,,,,,,,,,,,,,,,,,,,,,,,,,,,,,,,,,,,,
2005-07-10,984.6,,985.8,2005-07-10T21:00:00,983.7,2005-07-10T16:00:00,27.0,30.9,2005-07-10T13:00:00,23.3,2005-07-10T05:00:00,24.1,85,66,2005-07-10T09:00:00,2.1,270.0,9.5,112.5,2005-07-10T12:00:00,0.0,,,,,6.2,14.37,4.0,,28.2,28.1,28.0,27.6,27.8,,,,,,,,,25.6,2005-07-10T13:00:00,,,,22.4,2005-07-10T05:00:00,,,,,,,,,,,,,,,,,,,,,,,,,97,2005-07-10T03:00:00,,,,,,,,,,,,,,,,,,,,,,,,,,,,,,,,,27.1,,,,,,,,,,,,,,,,,,,,,,,,,,,,,,,,,,,,,,,,,,,,,,,,,,,,,,,,,,,,,,,,,,,,,,,,,,,,,,,,,,,,,,,4.8,2005-07-10T12:00:00,,,,,,,,,,,,,,,,,,,,,,,,,,,,,,,,,,,,,,,,,,,,,,,,,,,,,,,,,,,,,,,,,,,,,,,,,,,,,,
2005-07-11,984.3,,985.3,2005-07-11T08:00:00,982.5,2005-07-11T16:00:00,27.6,32.3,2005-07-11T14:00:00,23.6,2005-07-11T05:00:00,24.7,85,70,2005-07-11T09:00:00,2.4,112.5,10.9,90.0,2005-07-11T14:00:00,0.0,,,,,7.5,14.84,4.2,,28.5,28.5,28.2,27.7,28.0,,,,,,,,,26.2,2005-07-11T23:59:59,,,,21.7,2005-07-11T05:00:00,,,,,,,,,,,,,,,,,,,,,,,,,98,2005-07-11T23:59:59,,,,,,,,,,,,,,,,,,,,,,,,,,,,,,,,,27.1,,,,,,,,,,,,,,,,,,,,,,,,,,,,,,,,,,,,,,,,,,,,,,,,,,,,,,,,,,,,,,,,,,,,,,,,,,,,,,,,,,,,,,,4.9,2005-07-11T10:00:00,,,,,,,,,,,,,,,,,,,,,,,,,,,,,,,,,,,,,,,,,,,,,,,,,,,,,,,,,,,,,,,,,,,,,,,,,,,,,,
2005-07-12,983.8,,984.9,2005-07-12T23:00:00,981.6,2005-07-12T16:00:00,27.0,29.6,2005-07-12T09:00:00,24.2,2005-07-12T06:00:00,25.2,90,77,2005-07-12T07:00:00,1.6,292.5,8.7,112.5,2005-07-12T11:00:00,0.0,,,,,2.1,5.27,1.1,,28.3,28.3,28.2,27.8,28.1,,,,,,,,,26.2,2005-07-12T16:00:00,,,,22.8,2005-07-12T04:00:00,,,,,,,,,,,,,,,,,,,,,,,,,99,2005-07-12T01:00:00,,,,,,,,,,,,,,,,,,,,,,,,,,,,,,,,,27.2,,,,,,,,,,,,,,,,,,,,,,,,,,,,,,,,,,,,,,,,,,,,,,,,,,,,,,,,,,,,,,,,,,,,,,,,,,,,,,,,,,,,,,,5.2,2005-07-12T11:00:00,,,,,,,,,,,,,,,,,,,,,,,,,,,,,,,,,,,,,,,,,,,,,,,,,,,,,,,,,,,,,,,,,,,,,,,,,,,,,,
2005-07-13,984.5,,986.4,2005-07-13T22:00:00,983.5,2005-07-13T04:00:00,26.9,31.8,2005-07-13T10:00:00,24.0,2005-07-13T06:00:00,24.7,88,71,2005-07-13T10:00:00,1.8,292.5,7.3,112.5,2005-07-13T17:00:00,0.0,,,,,3.0,9.97,2.6,,28.1,28.0,28.0,27.7,27.9,,,,,,,,,26.3,2005-07-13T18:00:00,,,,23.4,2005-07-13T07:00:00,,,,,,,,,,,,,,,,,,,,,,,,,98,2005-07-13T01:00:00,,,,,,,,,,,,,,,,,,,,,,,,,,,,,,,,,27.2,,,,,,,,,,,,,,,,,,,,,,,,,,,,,,,,,,,,,,,,,,,,,,,,,,,,,,,,,,,,,,,,,,,,,,,,,,,,,,,,,,,,,,,3.5,2005-07-13T17:00:00,,,,,,,,,,,,,,,,,,,,,,,,,,,,,,,,,,,,,,,,,,,,,,,,,,,,,,,,,,,,,,,,,,,,,,,,,,,,,,
2005-07-14,985.7,,987.0,2005-07-14T22:00:00,984.8,2005-07-14T03:00:00,27.5,33.0,2005-07-14T13:00:00,23.2,2005-07-14T06:00:00,23.5,80,57,2005-07-14T13:00:00,1.7,270.0,7.2,135.0,2005-07-14T14:00:00,0.0,,,,,9.2,16.37,2.4,,28.7,28.6,28.3,27.7,28.0,,,,,,,,,25.3,2005-07-14T11:00:00,,,,22.4,2005-07-14T17:00:00,,,,,,,,,,,,,,,,,,,,,,,,,98,2005-07-14T05:00:00,,,,,,,,,,,,,,,,,,,,,,,,,,,,,,,,,27.2,,,,,,,,,,,,,,,,,,,,,,,,,,,,,,,,,,,,,,,,,,,,,,,,,,,,,,,,,,,,,,,,,,,,,,,,,,,,,,,,,,,,,,,3.5,2005-07-14T13:00:00,,,,,,,,,,,,,,,,,,,,,,,,,,,,,,,,,,,,,,,,,,,,,,,,,,,,,,,,,,,,,,,,,,,,,,,,,,,,,,
2005-07-15,985.0,,986.4,2005-07-15T09:00:00,983.7,2005-07-15T16:00:00,27.6,33.3,2005-07-15T12:00:00,22.9,2005-07-15T05:00:00,23.1,78,59,2005-07-15T10:00:00,1.8,292.5,7.5,135.0,2005-07-15T15:00:00,0.0,,,,,8.9,16.57,5.4,,29.3,29.2,28.8,27.9,28.4,,,,,,,,,24.5,2005-07-15T12:00:00,,,,21.3,2005-07-15T06:00:00,,,,,,,,,,,,,,,,,,,,,,,,,94,2005-07-15T01:00:00,,,,,,,,,,,,,,,,,,,,,,,,,,,,,,,,,27.3,,,,,,,,,,,,,,,,,,,,,,,,,,,,,,,,,,,,,,,,,,,,,,,,,,,,,,,,,,,,,,,,,,,,,,,,,,,,,,,,,,,,,,,3.9,2005-07-15T15:00:00,,,,,,,,,,,,,,,,,,,,,,,,,,,,,,,,,,,,,,,,,,,,,,,,,,,,,,,,,,,,,,,,,,,,,,,,,,,,,,
2005-07-16,980.7,,983.4,2005-07-16T01:00:00,977.1,2005-07-16T23:59:59,28.3,33.3,2005-07-16T11:00:00,23.4,2005-07-16T05:00:00,23.0,74,59,2005-07-16T10:00:00,1.9,90.0,10.5,22.5,2005-07-16T20:00:00,0.0,,,,,8.2,15.85,6.1,,29.6,29.5,29.2,28.2,28.8,,,,,,,,,25.2,2005-07-16T12:00:00,,,,21.7,2005-07-16T05:00:00,,,,,,,,,,,,,,,,,,,,,,,,,91,2005-07-16T01:00:00,,,,,,,,,,,,,,,,,,,,,,,,,,,,,,,,,27.4,,,,,,,,,,,,,,,,,,,,,,,,,,,,,,,,,,,,,,,,,,,,,,,,,,,,,,,,,,,,,,,,,,,,,,,,,,,,,,,,,,,,,,,3.2,2005-07-16T08:00:00,,,,,,,,,,,,,,,,,,,,,,,,,,,,,,,,,,,,,,,,,,,,,,,,,,,,,,,,,,,,,,,,,,,,,,,,,,,,,,
2005-07-17,969.9,,976.1,2005-07-17T01:00:00,960.5,2005-07-17T23:00:00,25.7,29.8,2005-07-17T09:00:00,23.4,2005-07-17T19:00:00,22.0,81,56,2005-07-17T09:00:00,1.7,292.5,8.9,90.0,2005-07-17T23:59:59,4.5,,,,,0.0,4.51,0.4,,28.4,28.4,28.6,28.3,28.6,,,,,,,,,24.3,2005-07-17T16:00:00,,,,19.2,2005-07-17T05:00:00,,,,,,,,,,,,,,,,,,,,,,,,,97,2005-07-17T16:00:00,,,,,,,,,,,,,,,,,,,,,,,,,,,,,,,,,27.6,,,,,,,,,,,,,,,,,,,,,,,,,,,,,,,,,,,,,,,,,,,,,,,,,,,,,,,,,,,,,,,,,,,,,,,,,,,,,,,,,,,,,,,3.0,2005-07-17T09:00:00,,,,,,,,,,,,,,,,,,,,,,,,,,,,,,,,,,,,,,,,,,,,,,,,,,,,,,,,,,,,,,,,,,,,,,,,,,,,,,
2005-07-18,949.3,,958.5,2005-07-18T23:59:59,938.4,2005-07-18T07:00:00,27.4,35.1,2005-07-18T07:00:00,23.5,2005-07-18T02:00:00,22.7,79,41,2005-07-18T06:00:00,3.0,315.0,29.0,315.0,2005-07-18T06:00:00,16.0,,,,,0.0,1.86,1.2,,27.2,27.2,27.5,27.9,27.8,,,,,,,,,25.4,2005-07-18T13:00:00,,,,19.6,2005-07-18T06:00:00,,,,,,,,,,,,,,,,,,,,,,,,,99,2005-07-18T15:00:00,,,,,,,,,,,,,,,,,,,,,,,,,,,,,,,,,27.6,,,,,,,,,,,,,,,,,,,,,,,,,,,,,,,,,,,,,,,,,,,,,,,,,,,,,,,,,,,,,,,,,,,,,,,,,,,,,,,,,,,,,,,7.8,2005-07-18T05:00:00,,,,,,,,,,,,,,,,,,,,,,,,,,,,,,,,,,,,,,,,,,,,,,,,,,,,,,,,,,,,,,,,,,,,,,,,,,,,,,
2005-07-19,966.1,,971.9,2005-07-19T23:59:59,958.7,2005-07-19T01:00:00,23.5,25.0,2005-07-19T01:00:00,22.9,2005-07-19T05:00:00,23.2,98,90,2005-07-19T03:00:00,1.5,337.5,11.2,360.0,2005-07-19T02:00:00,87.0,,,,,0.0,0.36,0.1,,26.1,26.2,26.6,27.4,27.0,,,,,,,,,24.0,2005-07-19T14:00:00,,,,22.2,2005-07-19T03:00:00,,,,,,,,,,,,,,,,,,,,,,,,,100,2005-07-19T10:00:00,,,,,,,,,,,,,,,,,,,,,,,,,,,,,,,,,27.4,,,,,,,,,,,,,,,,,,,,,,,,,,,,,,,,,,,,,,,,,,,,,,,,,,,,,,,,,,,,,,,,,,,,,,,,,,,,,,,,,,,,,,,4.4,2005-07-19T02:00:00,,,,,,,,,,,,,,,,,,,,,,,,,,,,,,,,,,,,,,,,,,,,,,,,,,,,,,,,,,,,,,,,,,,,,,,,,,,,,,
2005-07-20,974.3,,976.0,2005-07-20T23:00:00,971.1,2005-07-20T01:00:00,22.7,23.5,2005-07-20T02:00:00,21.6,2005-07-20T22:00:00,22.7,100,97,2005-07-20T23:59:59,0.8,270.0,5.7,225.0,2005-07-20T14:00:00,98.0,,,,,0.0,0.51,0.4,,24.7,24.8,25.2,26.3,25.7,,,,,,,,,23.4,2005-07-20T02:00:00,,,,21.6,2005-07-20T21:00:00,,,,,,,,,,,,,,,,,,,,,,,,,100,2005-07-20T01:00:00,,,,,,,,,,,,,,,,,,,,,,,,,,,,,,,,,26.9,,,,,,,,,,,,,,,,,,,,,,,,,,,,,,,,,,,,,,,,,,,,,,,,,,,,,,,,,,,,,,,,,,,,,,,,,,,,,,,,,,,,,,,2.4,2005-07-20T08:00:00,,,,,,,,,,,,,,,,,,,,,,,,,,,,,,,,,,,,,,,,,,,,,,,,,,,,,,,,,,,,,,,,,,,,,,,,,,,,,,
2005-07-21,976.4,,979.2,2005-07-21T23:00:00,974.7,2005-07-21T01:00:00,24.7,28.6,2005-07-21T17:00:00,21.7,2005-07-21T01:00:00,23.3,93,75,2005-07-21T18:00:00,1.0,270.0,5.6,67.5,2005-07-21T17:00:00,5.5,,,,,0.0,5.37,1.2,,25.0,25.0,25.1,25.8,25.3,,,,,,,,,25.5,2005-07-21T15:00:00,,,,21.6,2005-07-21T01:00:00,,,,,,,,,,,,,,,,,,,,,,,,,99,2005-07-21T05:00:00,,,,,,,,,,,,,,,,,,,,,,,,,,,,,,,,,26.5,,,,,,,,,,,,,,,,,,,,,,,,,,,,,,,,,,,,,,,,,,,,,,,,,,,,,,,,,,,,,,,,,,,,,,,,,,,,,,,,,,,,,,,2.1,2005-07-21T16:00:00,,,,,,,,,,,,,,,,,,,,,,,,,,,,,,,,,,,,,,,,,,,,,,,,,,,,,,,,,,,,,,,,,,,,,,,,,,,,,,
2005-07-22,979.2,,980.9,2005-07-22T23:00:00,977.9,2005-07-22T05:00:00,25.4,31.4,2005-07-22T14:00:00,22.1,2005-07-22T06:00:00,23.2,88,70,2005-07-22T09:00:00,1.3,270.0,6.4,135.0,2005-07-22T14:00:00,0.0,,,,,3.1,10.92,3.0,,26.3,26.2,26.0,25.9,25.9,,,,,,,,,25.2,2005-07-22T10:00:00,,,,21.5,2005-07-22T07:00:00,,,,,,,,,,,,,,,,,,,,,,,,,98,2005-07-22T23:59:59,,,,,,,,,,,,,,,,,,,,,,,,,,,,,,,,,26.3,,,,,,,,,,,,,,,,,,,,,,,,,,,,,,,,,,,,,,,,,,,,,,,,,,,,,,,,,,,,,,,,,,,,,,,,,,,,,,,,,,,,,,,2.2,2005-07-22T14:00:00,,,,,,,,,,,,,,,,,,,,,,,,,,,,,,,,,,,,,,,,,,,,,,,,,,,,,,,,,,,,,,,,,,,,,,,,,,,,,,
2005-07-23,979.0,,980.2,2005-07-23T08:00:00,977.6,2005-07-23T17:00:00,25.7,31.2,2005-07-23T12:00:00,21.6,2005-07-23T06:00:00,23.4,88,65,2005-07-23T09:00:00,1.5,270.0,7.2,112.5,2005-07-23T15:00:00,0.0,,,,,4.8,10.88,2.8,,26.9,26.9,26.6,26.3,26.4,,,,,,,,,25.4,2005-07-23T11:00:00,,,,21.0,2005-07-23T05:00:00,,,,,,,,,,,,,,,,,,,,,,,,,98,2005-07-23T19:00:00,,,,,,,,,,,,,,,,,,,,,,,,,,,,,,,,,26.3,,,,,,,,,,,,,,,,,,,,,,,,,,,,,,,,,,,,,,,,,,,,,,,,,,,,,,,,,,,,,,,,,,,,,,,,,,,,,,,,,,,,,,,3.8,2005-07-23T12:00:00,,,,,,,,,,,,,,,,,,,,,,,,,,,,,,,,,,,,,,,,,,,,,,,,,,,,,,,,,,,,,,,,,,,,,,,,,,,,,,
2005-07-24,977.4,,978.6,2005-07-24T01:00:00,976.1,2005-07-24T16:00:00,26.2,31.2,2005-07-24T12:00:00,22.3,2005-07-24T06:00:00,23.4,86,65,2005-07-24T10:00:00,1.6,270.0,7.8,112.5,2005-07-24T13:00:00,0.0,,,,,5.8,13.16,3.6,,27.6,27.5,27.2,26.6,26.9,,,,,,,,,25.1,2005-07-24T14:00:00,,,,22.1,2005-07-24T23:59:59,,,,,,,,,,,,,,,,,,,,,,,,,99,2005-07-24T06:00:00,,,,,,,,,,,,,,,,,,,,,,,,,,,,,,,,,26.4,,,,,,,,,,,,,,,,,,,,,,,,,,,,,,,,,,,,,,,,,,,,,,,,,,,,,,,,,,,,,,,,,,,,,,,,,,,,,,,,,,,,,,,3.1,2005-07-24T12:00:00,,,,,,,,,,,,,,,,,,,,,,,,,,,,,,,,,,,,,,,,,,,,,,,,,,,,,,,,,,,,,,,,,,,,,,,,,,,,,,
2005-07-25,976.7,,977.7,2005-07-25T22:00:00,975.9,2005-07-25T04:00:00,25.5,31.3,2005-07-25T12:00:00,21.1,2005-07-25T06:00:00,21.5,79,65,2005-07-25T14:00:00,1.7,270.0,7.8,135.0,2005-07-25T12:00:00,0.0,,,,,7.9,14.7,4.6,,27.9,27.8,27.6,26.9,27.3,,,,,,,,,23.2,2005-07-25T12:00:00,,,,18.9,2005-07-25T07:00:00,,,,,,,,,,,,,,,,,,,,,,,,,98,2005-07-25T05:00:00,,,,,,,,,,,,,,,,,,,,,,,,,,,,,,,,,26.6,,,,,,,,,,,,,,,,,,,,,,,,,,,,,,,,,,,,,,,,,,,,,,,,,,,,,,,,,,,,,,,,,,,,,,,,,,,,,,,,,,,,,,,3.3,2005-07-25T12:00:00,,,,,,,,,,,,,,,,,,,,,,,,,,,,,,,,,,,,,,,,,,,,,,,,,,,,,,,,,,,,,,,,,,,,,,,,,,,,,,
2005-07-26,977.6,,979.4,2005-07-26T22:00:00,976.6,2005-07-26T02:00:00,25.7,31.4,2005-07-26T13:00:00,20.6,2005-07-26T06:00:00,21.8,80,58,2005-07-26T10:00:00,1.7,270.0,7.1,112.5,2005-07-26T12:00:00,0.0,,,,,8.9,15.85,4.8,,28.0,27.9,27.7,27.1,27.5,,,,,,,,,24.2,2005-07-26T12:00:00,,,,19.8,2005-07-26T05:00:00,,,,,,,,,,,,,,,,,,,,,,,,,95,2005-07-26T04:00:00,,,,,,,,,,,,,,,,,,,,,,,,,,,,,,,,,26.7,,,,,,,,,,,,,,,,,,,,,,,,,,,,,,,,,,,,,,,,,,,,,,,,,,,,,,,,,,,,,,,,,,,,,,,,,,,,,,,,,,,,,,,3.3,2005-07-26T13:00:00,,,,,,,,,,,,,,,,,,,,,,,,,,,,,,,,,,,,,,,,,,,,,,,,,,,,,,,,,,,,,,,,,,,,,,,,,,,,,,
2005-07-27,979.0,,980.9,2005-07-27T22:00:00,977.5,2005-07-27T03:00:00,26.3,31.7,2005-07-27T15:00:00,20.9,2005-07-27T06:00:00,22.4,80,64,2005-07-27T11:00:00,2.2,270.0,7.7,90.0,2005-07-27T12:00:00,0.0,,,,,7.8,15.2,4.4,,28.3,28.2,27.9,27.3,27.7,,,,,,,,,24.0,2005-07-27T10:00:00,,,,20.1,2005-07-27T05:00:00,,,,,,,,,,,,,,,,,,,,,,,,,92,2005-07-27T05:00:00,,,,,,,,,,,,,,,,,,,,,,,,,,,,,,,,,26.8,,,,,,,,,,,,,,,,,,,,,,,,,,,,,,,,,,,,,,,,,,,,,,,,,,,,,,,,,,,,,,,,,,,,,,,,,,,,,,,,,,,,,,,4.1,2005-07-27T13:00:00,,,,,,,,,,,,,,,,,,,,,,,,,,,,,,,,,,,,,,,,,,,,,,,,,,,,,,,,,,,,,,,,,,,,,,,,,,,,,,
2005-07-28,979.4,,980.4,2005-07-28T22:00:00,978.4,2005-07-28T14:00:00,26.3,31.5,2005-07-28T14:00:00,22.1,2005-07-28T06:00:00,23.0,83,64,2005-07-28T09:00:00,1.5,270.0,5.9,112.5,2005-07-28T15:00:00,0.0,,,,,3.0,9.76,2.7,,28.0,28.0,27.9,27.5,27.8,,,,,,,,,25.1,2005-07-28T13:00:00,,,,20.7,2005-07-28T09:00:00,,,,,,,,,,,,,,,,,,,,,,,,,94,2005-07-28T05:00:00,,,,,,,,,,,,,,,,,,,,,,,,,,,,,,,,,27.0,,,,,,,,,,,,,,,,,,,,,,,,,,,,,,,,,,,,,,,,,,,,,,,,,,,,,,,,,,,,,,,,,,,,,,,,,,,,,,,,,,,,,,,3.4,2005-07-28T15:00:00,,,,,,,,,,,,,,,,,,,,,,,,,,,,,,,,,,,,,,,,,,,,,,,,,,,,,,,,,,,,,,,,,,,,,,,,,,,,,,
2005-07-29,979.9,,981.4,2005-07-29T22:00:00,978.7,2005-07-29T03:00:00,26.5,32.3,2005-07-29T13:00:00,24.1,2005-07-29T06:00:00,24.4,88,70,2005-07-29T12:00:00,1.3,270.0,6.9,135.0,2005-07-29T15:00:00,1.5,,,,,0.7,8.47,1.2,,28.2,28.1,28.0,27.5,27.8,,,,,,,,,25.5,2005-07-29T08:00:00,,,,23.4,2005-07-29T02:00:00,,,,,,,,,,,,,,,,,,,,,,,,,100,2005-07-29T06:00:00,,,,,,,,,,,,,,,,,,,,,,,,,,,,,,,,,27.1,,,,,,,,,,,,,,,,,,,,,,,,,,,,,,,,,,,,,,,,,,,,,,,,,,,,,,,,,,,,,,,,,,,,,,,,,,,,,,,,,,,,,,,2.3,2005-07-29T22:00:00,,,,,,,,,,,,,,,,,,,,,,,,,,,,,,,,,,,,,,,,,,,,,,,,,,,,,,,,,,,,,,,,,,,,,,,,,,,,,,
2005-07-30,981.7,,983.6,2005-07-30T23:00:00,979.9,2005-07-30T02:00:00,27.2,31.9,2005-07-30T16:00:00,23.9,2005-07-30T06:00:00,24.4,85,69,2005-07-30T15:00:00,1.8,270.0,8.1,112.5,2005-07-30T12:00:00,0.0,,,,,4.4,11.22,3.2,,28.3,28.3,28.1,27.6,27.9,,,,,,,,,25.6,2005-07-30T11:00:00,,,,23.1,2005-07-30T23:59:59,,,,,,,,,,,,,,,,,,,,,,,,,97,2005-07-30T04:00:00,,,,,,,,,,,,,,,,,,,,,,,,,,,,,,,,,27.1,,,,,,,,,,,,,,,,,,,,,,,,,,,,,,,,,,,,,,,,,,,,,,,,,,,,,,,,,,,,,,,,,,,,,,,,,,,,,,,,,,,,,,,3.9,2005-07-30T13:00:00,,,,,,,,,,,,,,,,,,,,,,,,,,,,,,,,,,,,,,,,,,,,,,,,,,,,,,,,,,,,,,,,,,,,,,,,,,,,,,
2005-07-31,982.7,,983.6,2005-07-31T22:00:00,981.5,2005-07-31T17:00:00,27.3,32.7,2005-07-31T13:00:00,22.9,2005-07-31T06:00:00,23.7,81,67,2005-07-31T10:00:00,1.9,270.0,8.1,112.5,2005-07-31T12:00:00,0.0,,,,,7.3,14.75,4.9,,28.7,28.6,28.3,27.7,28.1,,,,,,,,,26.0,2005-07-31T12:00:00,,,,22.1,2005-07-31T04:00:00,,,,,,,,,,,,,,,,,,,,,,,,,93,2005-07-31T05:00:00,,,,,,,,,,,,,,,,,,,,,,,,,,,,,,,,,27.2,,,,,,,,,,,,,,,,,,,,,,,,,,,,,,,,,,,,,,,,,,,,,,,,,,,,,,,,,,,,,,,,,,,,,,,,,,,,,,,,,,,,,,,3.5,2005-07-31T14:00:00,,,,,,,,,,,,,,,,,,,,,,,,,,,,,,,,,,,,,,,,,,,,,,,,,,,,,,,,,,,,,,,,,,,,,,,,,,,,,,
2005-08-01,981.5,,983.0,2005-08-01T01:00:00,979.9,2005-08-01T16:00:00,27.4,32.2,2005-08-01T12:00:00,23.0,2005-08-01T06:00:00,24.5,85,71,2005-08-01T10:00:00,1.8,270.0,8.3,112.5,2005-08-01T13:00:00,0.0,,,,,7.0,14.16,5.1,,28.9,28.9,28.6,27.9,28.3,,,,,,,,,26.5,2005-08-01T11:00:00,,,,22.5,2005-08-01T07:00:00,,,,,,,,,,,,,,,,,,,,,,,,,97,2005-08-01T05:00:00,,,,,,,,,,,,,,,,,,,,,,,,,,,,,,,,,27.3,,,,,,,,,,,,,,,,,,,,,,,,,,,,,,,,,,,,,,,,,,,,,,,,,,,,,,,,,,,,,,,,,,,,,,,,,,,,,,,,,,,,,,,2.8,2005-08-01T12:00:00,,,,,,,,,,,,,,,,,,,,,,,,,,,,,,,,,,,,,,,,,,,,,,,,,,,,,,,,,,,,,,,,,,,,,,,,,,,,,,
2005-08-02,978.0,,979.8,2005-08-02T01:00:00,975.8,2005-08-02T17:00:00,27.4,32.4,2005-08-02T14:00:00,23.4,2005-08-02T05:00:00,24.4,85,69,2005-08-02T11:00:00,1.4,270.0,7.3,112.5,2005-08-02T13:00:00,0.0,,,,,9.1,15.46,3.4,,29.2,29.1,28.8,28.1,28.5,,,,,,,,,26.0,2005-08-02T13:00:00,,,,22.5,2005-08-02T07:00:00,,,,,,,,,,,,,,,,,,,,,,,,,98,2005-08-02T02:00:00,,,,,,,,,,,,,,,,,,,,,,,,,,,,,,,,,27.4,,,,,,,,,,,,,,,,,,,,,,,,,,,,,,,,,,,,,,,,,,,,,,,,,,,,,,,,,,,,,,,,,,,,,,,,,,,,,,,,,,,,,,,3.0,2005-08-02T13:00:00,,,,,,,,,,,,,,,,,,,,,,,,,,,,,,,,,,,,,,,,,,,,,,,,,,,,,,,,,,,,,,,,,,,,,,,,,,,,,,
2005-08-03,972.6,,975.9,2005-08-03T01:00:00,970.5,2005-08-03T15:00:00,27.9,34.6,2005-08-03T13:00:00,22.8,2005-08-03T05:00:00,23.1,77,46,2005-08-03T12:00:00,1.8,270.0,7.3,90.0,2005-08-03T15:00:00,0.0,,,,,8.4,15.87,5.2,,29.3,29.3,29.0,28.2,28.7,,,,,,,,,25.2,2005-08-03T15:00:00,,,,20.5,2005-08-03T12:00:00,,,,,,,,,,,,,,,,,,,,,,,,,95,2005-08-03T05:00:00,,,,,,,,,,,,,,,,,,,,,,,,,,,,,,,,,27.5,,,,,,,,,,,,,,,,,,,,,,,,,,,,,,,,,,,,,,,,,,,,,,,,,,,,,,,,,,,,,,,,,,,,,,,,,,,,,,,,,,,,,,,3.4,2005-08-03T15:00:00,,,,,,,,,,,,,,,,,,,,,,,,,,,,,,,,,,,,,,,,,,,,,,,,,,,,,,,,,,,,,,,,,,,,,,,,,,,,,,
2005-08-04,964.8,,970.1,2005-08-04T01:00:00,960.0,2005-08-04T23:59:59,28.0,33.8,2005-08-04T21:00:00,24.6,2005-08-04T06:00:00,22.5,77,36,2005-08-04T21:00:00,2.4,270.0,25.3,337.5,2005-08-04T23:00:00,1.5,,,,,0.0,3.42,0.8,,28.6,28.7,28.7,28.3,28.7,,,,,,,,,25.8,2005-08-04T11:00:00,,,,16.3,2005-08-04T21:00:00,,,,,,,,,,,,,,,,,,,,,,,,,100,2005-08-04T06:00:00,,,,,,,,,,,,,,,,,,,,,,,,,,,,,,,,,27.6,,,,,,,,,,,,,,,,,,,,,,,,,,,,,,,,,,,,,,,,,,,,,,,,,,,,,,,,,,,,,,,,,,,,,,,,,,,,,,,,,,,,,,,6.5,2005-08-04T23:00:00,,,,,,,,,,,,,,,,,,,,,,,,,,,,,,,,,,,,,,,,,,,,,,,,,,,,,,,,,,,,,,,,,,,,,,,,,,,,,,
2005-08-05,962.4,,965.9,2005-08-05T23:00:00,959.0,2005-08-05T01:00:00,28.2,33.4,2005-08-05T01:00:00,24.4,2005-08-05T21:00:00,21.8,72,38,2005-08-05T01:00:00,2.4,270.0,25.7,292.5,2005-08-05T09:00:00,10.0,,,,,0.0,3.35,1.1,,27.5,27.5,27.7,28.0,27.9,,,,,,,,,24.6,2005-08-05T16:00:00,,,,17.1,2005-08-05T01:00:00,,,,,,,,,,,,,,,,,,,,,,,,,95,2005-08-05T16:00:00,,,,,,,,,,,,,,,,,,,,,,,,,,,,,,,,,27.6,,,,,,,,,,,,,,,,,,,,,,,,,,,,,,,,,,,,,,,,,,,,,,,,,,,,,,,,,,,,,,,,,,,,,,,,,,,,,,,,,,,,,,,4.5,2005-08-05T05:00:00,,,,,,,,,,,,,,,,,,,,,,,,,,,,,,,,,,,,,,,,,,,,,,,,,,,,,,,,,,,,,,,,,,,,,,,,,,,,,,
2005-08-06,967.8,,971.5,2005-08-06T23:59:59,965.0,2005-08-06T03:00:00,26.7,30.8,2005-08-06T14:00:00,23.7,2005-08-06T23:59:59,24.1,86,68,2005-08-06T10:00:00,1.4,270.0,5.1,292.5,2005-08-06T13:00:00,0.5,,,,,0.4,5.58,0.2,,27.5,27.5,27.5,27.7,27.6,,,,,,,,,26.8,2005-08-06T15:00:00,,,,22.5,2005-08-06T22:00:00,,,,,,,,,,,,,,,,,,,,,,,,,94,2005-08-06T23:59:59,,,,,,,,,,,,,,,,,,,,,,,,,,,,,,,,,27.5,,,,,,,,,,,,,,,,,,,,,,,,,,,,,,,,,,,,,,,,,,,,,,,,,,,,,,,,,,,,,,,,,,,,,,,,,,,,,,,,,,,,,,,2.2,2005-08-06T12:00:00,,,,,,,,,,,,,,,,,,,,,,,,,,,,,,,,,,,,,,,,,,,,,,,,,,,,,,,,,,,,,,,,,,,,,,,,,,,,,,
2005-08-07,974.8,,978.5,2005-08-07T22:00:00,971.7,2005-08-07T01:00:00,26.8,32.1,2005-08-07T13:00:00,22.8,2005-08-07T06:00:00,24.9,90,74,2005-08-07T10:00:00,2.1,270.0,10.4,90.0,2005-08-07T13:00:00,0.0,,,,,5.7,11.56,3.0,,27.9,27.9,27.7,27.6,27.7,,,,,,,,,27.2,2005-08-07T12:00:00,,,,21.8,2005-08-07T05:00:00,,,,,,,,,,,,,,,,,,,,,,,,,99,2005-08-07T22:00:00,,,,,,,,,,,,,,,,,,,,,,,,,,,,,,,,,27.4,,,,,,,,,,,,,,,,,,,,,,,,,,,,,,,,,,,,,,,,,,,,,,,,,,,,,,,,,,,,,,,,,,,,,,,,,,,,,,,,,,,,,,,4.7,2005-08-07T14:00:00,,,,,,,,,,,,,,,,,,,,,,,,,,,,,,,,,,,,,,,,,,,,,,,,,,,,,,,,,,,,,,,,,,,,,,,,,,,,,,
2005-08-08,979.7,,981.1,2005-08-08T22:00:00,977.6,2005-08-08T03:00:00,26.0,29.2,2005-08-08T11:00:00,23.6,2005-08-08T06:00:00,24.5,92,80,2005-08-08T12:00:00,1.2,270.0,4.8,135.0,2005-08-08T13:00:00,0.5,,,,,0.0,5.51,1.3,,27.8,27.8,27.8,27.7,27.8,,,,,,,,,25.7,2005-08-08T10:00:00,,,,23.4,2005-08-08T08:00:00,,,,,,,,,,,,,,,,,,,,,,,,,100,2005-08-08T05:00:00,,,,,,,,,,,,,,,,,,,,,,,,,,,,,,,,,27.4,,,,,,,,,,,,,,,,,,,,,,,,,,,,,,,,,,,,,,,,,,,,,,,,,,,,,,,,,,,,,,,,,,,,,,,,,,,,,,,,,,,,,,,2.3,2005-08-08T11:00:00,,,,,,,,,,,,,,,,,,,,,,,,,,,,,,,,,,,,,,,,,,,,,,,,,,,,,,,,,,,,,,,,,,,,,,,,,,,,,,
2005-08-09,981.4,,982.7,2005-08-09T22:00:00,980.4,2005-08-09T03:00:00,26.2,30.4,2005-08-09T16:00:00,23.4,2005-08-09T05:00:00,24.7,92,77,2005-08-09T15:00:00,1.6,270.0,6.9,360.0,2005-08-09T02:00:00,11.5,,,,,1.2,8.95,1.3,,27.8,27.8,27.7,27.6,27.7,,,,,,,,,25.9,2005-08-09T14:00:00,,,,23.5,2005-08-09T03:00:00,,,,,,,,,,,,,,,,,,,,,,,,,100,2005-08-09T01:00:00,,,,,,,,,,,,,,,,,,,,,,,,,,,,,,,,,27.4,,,,,,,,,,,,,,,,,,,,,,,,,,,,,,,,,,,,,,,,,,,,,,,,,,,,,,,,,,,,,,,,,,,,,,,,,,,,,,,,,,,,,,,2.7,2005-08-09T15:00:00,,,,,,,,,,,,,,,,,,,,,,,,,,,,,,,,,,,,,,,,,,,,,,,,,,,,,,,,,,,,,,,,,,,,,,,,,,,,,,
2005-08-10,981.0,,982.3,2005-08-10T08:00:00,979.9,2005-08-10T14:00:00,26.2,30.4,2005-08-10T13:00:00,23.9,2005-08-10T04:00:00,24.5,91,74,2005-08-10T15:00:00,1.5,270.0,6.7,135.0,2005-08-10T15:00:00,13.5,,,,,1.9,10.33,2.4,,28.0,28.0,27.9,27.7,27.8,,,,,,,,,26.2,2005-08-10T12:00:00,,,,23.5,2005-08-10T23:00:00,,,,,,,,,,,,,,,,,,,,,,,,,100,2005-08-10T07:00:00,,,,,,,,,,,,,,,,,,,,,,,,,,,,,,,,,27.4,,,,,,,,,,,,,,,,,,,,,,,,,,,,,,,,,,,,,,,,,,,,,,,,,,,,,,,,,,,,,,,,,,,,,,,,,,,,,,,,,,,,,,,3.2,2005-08-10T14:00:00,,,,,,,,,,,,,,,,,,,,,,,,,,,,,,,,,,,,,,,,,,,,,,,,,,,,,,,,,,,,,,,,,,,,,,,,,,,,,,
2005-08-11,978.6,,980.4,2005-08-11T01:00:00,976.7,2005-08-11T17:00:00,27.6,32.8,2005-08-11T12:00:00,22.7,2005-08-11T06:00:00,23.4,79,60,2005-08-11T15:00:00,2.6,67.5,14.8,67.5,2005-08-11T23:59:59,0.0,,,,,7.1,14.13,4.9,,28.3,28.3,28.1,27.7,27.9,,,,,,,,,27.0,2005-08-11T12:00:00,,,,22.0,2005-08-11T09:00:00,,,,,,,,,,,,,,,,,,,,,,,,,97,2005-08-11T04:00:00,,,,,,,,,,,,,,,,,,,,,,,,,,,,,,,,,27.4,,,,,,,,,,,,,,,,,,,,,,,,,,,,,,,,,,,,,,,,,,,,,,,,,,,,,,,,,,,,,,,,,,,,,,,,,,,,,,,,,,,,,,,4.9,2005-08-11T23:59:59,,,,,,,,,,,,,,,,,,,,,,,,,,,,,,,,,,,,,,,,,,,,,,,,,,,,,,,,,,,,,,,,,,,,,,,,,,,,,,
2005-08-12,975.9,,978.1,2005-08-12T22:00:00,974.2,2005-08-12T14:00:00,25.0,26.9,2005-08-12T23:00:00,23.5,2005-08-12T12:00:00,24.4,97,86,2005-08-12T01:00:00,3.7,112.5,16.2,90.0,2005-08-12T02:00:00,200.5,,,,,0.0,1.3,0.2,,26.4,26.4,26.9,27.5,27.2,,,,,,,,,26.2,2005-08-12T20:00:00,,,,23.3,2005-08-12T11:00:00,,,,,,,,,,,,,,,,,,,,,,,,,100,2005-08-12T10:00:00,,,,,,,,,,,,,,,,,,,,,,,,,,,,,,,,,27.5,,,,,,,,,,,,,,,,,,,,,,,,,,,,,,,,,,,,,,,,,,,,,,,,,,,,,,,,,,,,,,,,,,,,,,,,,,,,,,,,,,,,,,,7.2,2005-08-12T23:59:59,,,,,,,,,,,,,,,,,,,,,,,,,,,,,,,,,,,,,,,,,,,,,,,,,,,,,,,,,,,,,,,,,,,,,,,,,,,,,,
2005-08-13,979.9,,982.9,2005-08-13T21:00:00,976.3,2005-08-13T04:00:00,24.7,27.1,2005-08-13T10:00:00,23.2,2005-08-13T23:59:59,24.6,98,89,2005-08-13T10:00:00,2.6,67.5,20.1,90.0,2005-08-13T11:00:00,137.0,,,,,0.0,2.7,0.5,,25.1,25.1,25.2,25.8,25.4,,,,,,,,,26.2,2005-08-13T01:00:00,,,,23.5,2005-08-13T23:59:59,,,,,,,,,,,,,,,,,,,,,,,,,100,2005-08-13T01:00:00,,,,,,,,,,,,,,,,,,,,,,,,,,,,,,,,,26.4,,,,,,,,,,,,,,,,,,,,,,,,,,,,,,,,,,,,,,,,,,,,,,,,,,,,,,,,,,,,,,,,,,,,,,,,,,,,,,,,,,,,,,,7.0,2005-08-13T01:00:00,,,,,,,,,,,,,,,,,,,,,,,,,,,,,,,,,,,,,,,,,,,,,,,,,,,,,,,,,,,,,,,,,,,,,,,,,,,,,,
2005-08-14,982.6,,984.2,2005-08-14T10:00:00,980.9,2005-08-14T16:00:00,24.7,27.5,2005-08-14T14:00:00,22.7,2005-08-14T03:00:00,24.2,97,87,2005-08-14T14:00:00,1.1,270.0,5.7,135.0,2005-08-14T15:00:00,4.5,,,,,0.0,4.66,0.6,,25.5,25.5,25.5,25.8,25.6,,,,,,,,,25.6,2005-08-14T12:00:00,,,,22.6,2005-08-14T04:00:00,,,,,,,,,,,,,,,,,,,,,,,,,100,2005-08-14T01:00:00,,,,,,,,,,,,,,,,,,,,,,,,,,,,,,,,,26.3,,,,,,,,,,,,,,,,,,,,,,,,,,,,,,,,,,,,,,,,,,,,,,,,,,,,,,,,,,,,,,,,,,,,,,,,,,,,,,,,,,,,,,,2.2,2005-08-14T04:00:00,,,,,,,,,,,,,,,,,,,,,,,,,,,,,,,,,,,,,,,,,,,,,,,,,,,,,,,,,,,,,,,,,,,,,,,,,,,,,,
2005-08-15,982.1,,982.9,2005-08-15T08:00:00,981.2,2005-08-15T17:00:00,25.5,31.1,2005-08-15T13:00:00,22.5,2005-08-15T23:59:59,23.4,89,70,2005-08-15T14:00:00,1.6,270.0,8.9,45.0,2005-08-15T18:00:00,0.5,,,,,2.8,11.01,1.1,,26.2,26.2,26.0,26.0,26.0,,,,,,,,,26.3,2005-08-15T11:00:00,,,,21.5,2005-08-15T22:00:00,,,,,,,,,,,,,,,,,,,,,,,,,100,2005-08-15T02:00:00,,,,,,,,,,,,,,,,,,,,,,,,,,,,,,,,,26.3,,,,,,,,,,,,,,,,,,,,,,,,,,,,,,,,,,,,,,,,,,,,,,,,,,,,,,,,,,,,,,,,,,,,,,,,,,,,,,,,,,,,,,,3.2,2005-08-15T13:00:00,,,,,,,,,,,,,,,,,,,,,,,,,,,,,,,,,,,,,,,,,,,,,,,,,,,,,,,,,,,,,,,,,,,,,,,,,,,,,,
2005-08-16,981.6,,982.7,2005-08-16T09:00:00,980.0,2005-08-16T03:00:00,25.7,30.4,2005-08-16T12:00:00,21.4,2005-08-16T06:00:00,22.6,84,68,2005-08-16T10:00:00,1.9,270.0,7.9,112.5,2005-08-16T13:00:00,0.0,,,,,6.7,13.39,3.5,,26.7,26.7,26.5,26.3,26.4,,,,,,,,,24.8,2005-08-16T14:00:00,,,,19.8,2005-08-16T04:00:00,,,,,,,,,,,,,,,,,,,,,,,,,97,2005-08-16T20:00:00,,,,,,,,,,,,,,,,,,,,,,,,,,,,,,,,,26.3,,,,,,,,,,,,,,,,,,,,,,,,,,,,,,,,,,,,,,,,,,,,,,,,,,,,,,,,,,,,,,,,,,,,,,,,,,,,,,,,,,,,,,,3.7,2005-08-16T15:00:00,,,,,,,,,,,,,,,,,,,,,,,,,,,,,,,,,,,,,,,,,,,,,,,,,,,,,,,,,,,,,,,,,,,,,,,,,,,,,,
2005-08-17,981.9,,983.2,2005-08-17T20:00:00,980.4,2005-08-17T04:00:00,25.2,30.0,2005-08-17T10:00:00,21.8,2005-08-17T06:00:00,22.9,88,70,2005-08-17T09:00:00,1.8,112.5,10.3,90.0,2005-08-17T13:00:00,0.0,,,,,5.7,11.65,3.4,,26.9,26.9,26.8,26.5,26.7,,,,,,,,,24.6,2005-08-17T13:00:00,,,,20.4,2005-08-17T08:00:00,,,,,,,,,,,,,,,,,,,,,,,,,98,2005-08-17T22:00:00,,,,,,,,,,,,,,,,,,,,,,,,,,,,,,,,,26.5,,,,,,,,,,,,,,,,,,,,,,,,,,,,,,,,,,,,,,,,,,,,,,,,,,,,,,,,,,,,,,,,,,,,,,,,,,,,,,,,,,,,,,,3.9,2005-08-17T10:00:00,,,,,,,,,,,,,,,,,,,,,,,,,,,,,,,,,,,,,,,,,,,,,,,,,,,,,,,,,,,,,,,,,,,,,,,,,,,,,,
2005-08-18,982.8,,984.5,2005-08-18T23:00:00,981.1,2005-08-18T04:00:00,24.2,29.4,2005-08-18T11:00:00,21.8,2005-08-18T05:00:00,22.7,92,68,2005-08-18T11:00:00,1.4,292.5,9.3,112.5,2005-08-18T12:00:00,4.5,,,,,1.2,6.47,1.4,,26.8,26.8,26.8,26.7,26.7,,,,,,,,,24.6,2005-08-18T16:00:00,,,,20.9,2005-08-18T06:00:00,,,,,,,,,,,,,,,,,,,,,,,,,100,2005-08-18T14:00:00,,,,,,,,,,,,,,,,,,,,,,,,,,,,,,,,,26.6,,,,,,,,,,,,,,,,,,,,,,,,,,,,,,,,,,,,,,,,,,,,,,,,,,,,,,,,,,,,,,,,,,,,,,,,,,,,,,,,,,,,,,,3.3,2005-08-18T12:00:00,,,,,,,,,,,,,,,,,,,,,,,,,,,,,,,,,,,,,,,,,,,,,,,,,,,,,,,,,,,,,,,,,,,,,,,,,,,,,,
2005-08-19,981.9,,983.1,2005-08-19T01:00:00,980.4,2005-08-19T14:00:00,24.0,27.2,2005-08-19T14:00:00,22.2,2005-08-19T06:00:00,23.0,94,83,2005-08-19T13:00:00,1.2,292.5,4.9,270.0,2005-08-19T20:00:00,7.5,,,,,0.3,5.46,0.3,,26.5,26.5,26.6,26.7,26.6,,,,,,,,,24.8,2005-08-19T12:00:00,,,,21.5,2005-08-19T20:00:00,,,,,,,,,,,,,,,,,,,,,,,,,99,2005-08-19T17:00:00,,,,,,,,,,,,,,,,,,,,,,,,,,,,,,,,,26.6,,,,,,,,,,,,,,,,,,,,,,,,,,,,,,,,,,,,,,,,,,,,,,,,,,,,,,,,,,,,,,,,,,,,,,,,,,,,,,,,,,,,,,,2.4,2005-08-19T03:00:00,,,,,,,,,,,,,,,,,,,,,,,,,,,,,,,,,,,,,,,,,,,,,,,,,,,,,,,,,,,,,,,,,,,,,,,,,,,,,,
2005-08-20,979.5,,981.4,2005-08-20T01:00:00,978.3,2005-08-20T15:00:00,25.2,29.8,2005-08-20T14:00:00,22.2,2005-08-20T06:00:00,23.7,92,75,2005-08-20T13:00:00,1.2,292.5,5.1,112.5,2005-08-20T12:00:00,9.0,,,,,0.5,6.77,1.4,,26.6,26.6,26.5,26.6,26.5,,,,,,,,,26.0,2005-08-20T17:00:00,,,,21.3,2005-08-20T05:00:00,,,,,,,,,,,,,,,,,,,,,,,,,100,2005-08-20T17:00:00,,,,,,,,,,,,,,,,,,,,,,,,,,,,,,,,,26.6,,,,,,,,,,,,,,,,,,,,,,,,,,,,,,,,,,,,,,,,,,,,,,,,,,,,,,,,,,,,,,,,,,,,,,,,,,,,,,,,,,,,,,,2.5,2005-08-20T02:00:00,,,,,,,,,,,,,,,,,,,,,,,,,,,,,,,,,,,,,,,,,,,,,,,,,,,,,,,,,,,,,,,,,,,,,,,,,,,,,,
2005-08-21,979.7,,981.6,2005-08-21T23:00:00,978.2,2005-08-21T04:00:00,26.0,31.0,2005-08-21T15:00:00,22.0,2005-08-21T06:00:00,23.7,88,73,2005-08-21T10:00:00,1.3,292.5,6.5,135.0,2005-08-21T16:00:00,0.0,,,,,3.6,10.86,4.5,,27.2,27.2,27.0,26.7,26.8,,,,,,,,,25.8,2005-08-21T13:00:00,,,,22.0,2005-08-21T05:00:00,,,,,,,,,,,,,,,,,,,,,,,,,99,2005-08-21T02:00:00,,,,,,,,,,,,,,,,,,,,,,,,,,,,,,,,,26.6,,,,,,,,,,,,,,,,,,,,,,,,,,,,,,,,,,,,,,,,,,,,,,,,,,,,,,,,,,,,,,,,,,,,,,,,,,,,,,,,,,,,,,,2.3,2005-08-21T15:00:00,,,,,,,,,,,,,,,,,,,,,,,,,,,,,,,,,,,,,,,,,,,,,,,,,,,,,,,,,,,,,,,,,,,,,,,,,,,,,,
2005-08-22,980.9,,982.6,2005-08-22T22:00:00,979.4,2005-08-22T15:00:00,26.8,32.0,2005-08-22T11:00:00,23.5,2005-08-22T06:00:00,24.4,87,72,2005-08-22T10:00:00,1.2,292.5,8.2,135.0,2005-08-22T13:00:00,0.0,,,,,4.4,11.66,4.6,,28.0,27.9,27.6,27.0,27.3,,,,,,,,,25.8,2005-08-22T11:00:00,,,,23.0,2005-08-22T09:00:00,,,,,,,,,,,,,,,,,,,,,,,,,99,2005-08-22T01:00:00,,,,,,,,,,,,,,,,,,,,,,,,,,,,,,,,,26.7,,,,,,,,,,,,,,,,,,,,,,,,,,,,,,,,,,,,,,,,,,,,,,,,,,,,,,,,,,,,,,,,,,,,,,,,,,,,,,,,,,,,,,,3.6,2005-08-22T12:00:00,,,,,,,,,,,,,,,,,,,,,,,,,,,,,,,,,,,,,,,,,,,,,,,,,,,,,,,,,,,,,,,,,,,,,,,,,,,,,,
2005-08-23,980.4,,981.9,2005-08-23T10:00:00,979.1,2005-08-23T17:00:00,26.3,30.9,2005-08-23T13:00:00,23.9,2005-08-23T06:00:00,24.5,90,74,2005-08-23T13:00:00,0.8,292.5,4.9,135.0,2005-08-23T15:00:00,0.0,,,,,1.1,6.14,1.0,,28.0,27.9,27.8,27.3,27.6,,,,,,,,,25.5,2005-08-23T14:00:00,,,,23.4,2005-08-23T03:00:00,,,,,,,,,,,,,,,,,,,,,,,,,100,2005-08-23T23:59:59,,,,,,,,,,,,,,,,,,,,,,,,,,,,,,,,,26.9,,,,,,,,,,,,,,,,,,,,,,,,,,,,,,,,,,,,,,,,,,,,,,,,,,,,,,,,,,,,,,,,,,,,,,,,,,,,,,,,,,,,,,,2.0,2005-08-23T12:00:00,,,,,,,,,,,,,,,,,,,,,,,,,,,,,,,,,,,,,,,,,,,,,,,,,,,,,,,,,,,,,,,,,,,,,,,,,,,,,,
2005-08-24,978.5,,979.9,2005-08-24T22:00:00,976.6,2005-08-24T16:00:00,26.3,30.5,2005-08-24T12:00:00,24.2,2005-08-24T03:00:00,24.6,91,71,2005-08-24T12:00:00,1.1,292.5,4.1,157.5,2005-08-24T15:00:00,0.0,,,,,0.0,7.35,2.4,,27.9,27.9,27.8,27.4,27.6,,,,,,,,,25.6,2005-08-24T13:00:00,,,,23.5,2005-08-24T08:00:00,,,,,,,,,,,,,,,,,,,,,,,,,99,2005-08-24T01:00:00,,,,,,,,,,,,,,,,,,,,,,,,,,,,,,,,,27.0,,,,,,,,,,,,,,,,,,,,,,,,,,,,,,,,,,,,,,,,,,,,,,,,,,,,,,,,,,,,,,,,,,,,,,,,,,,,,,,,,,,,,,,2.2,2005-08-24T13:00:00,,,,,,,,,,,,,,,,,,,,,,,,,,,,,,,,,,,,,,,,,,,,,,,,,,,,,,,,,,,,,,,,,,,,,,,,,,,,,,
2005-08-25,980.4,,982.6,2005-08-25T23:00:00,978.3,2005-08-25T03:00:00,26.3,30.4,2005-08-25T16:00:00,23.5,2005-08-25T06:00:00,24.2,89,71,2005-08-25T12:00:00,1.4,270.0,7.4,135.0,2005-08-25T12:00:00,0.0,,,,,1.4,7.05,2.3,,27.9,27.9,27.8,27.4,27.7,,,,,,,,,25.3,2005-08-25T14:00:00,,,,23.4,2005-08-25T06:00:00,,,,,,,,,,,,,,,,,,,,,,,,,98,2005-08-25T01:00:00,,,,,,,,,,,,,,,,,,,,,,,,,,,,,,,,,27.1,,,,,,,,,,,,,,,,,,,,,,,,,,,,,,,,,,,,,,,,,,,,,,,,,,,,,,,,,,,,,,,,,,,,,,,,,,,,,,,,,,,,,,,2.8,2005-08-25T13:00:00,,,,,,,,,,,,,,,,,,,,,,,,,,,,,,,,,,,,,,,,,,,,,,,,,,,,,,,,,,,,,,,,,,,,,,,,,,,,,,
2005-08-26,983.2,,984.4,2005-08-26T21:00:00,982.0,2005-08-26T03:00:00,26.8,32.3,2005-08-26T12:00:00,23.6,2005-08-26T06:00:00,23.8,84,67,2005-08-26T10:00:00,1.7,135.0,6.1,135.0,2005-08-26T12:00:00,0.0,,,,,6.2,11.81,3.9,,28.4,28.3,28.1,27.5,27.8,,,,,,,,,25.8,2005-08-26T12:00:00,,,,22.5,2005-08-26T05:00:00,,,,,,,,,,,,,,,,,,,,,,,,,97,2005-08-26T01:00:00,,,,,,,,,,,,,,,,,,,,,,,,,,,,,,,,,27.1,,,,,,,,,,,,,,,,,,,,,,,,,,,,,,,,,,,,,,,,,,,,,,,,,,,,,,,,,,,,,,,,,,,,,,,,,,,,,,,,,,,,,,,3.5,2005-08-26T14:00:00,,,,,,,,,,,,,,,,,,,,,,,,,,,,,,,,,,,,,,,,,,,,,,,,,,,,,,,,,,,,,,,,,,,,,,,,,,,,,,
2005-08-27,983.5,,984.5,2005-08-27T08:00:00,982.3,2005-08-27T17:00:00,26.8,32.4,2005-08-27T13:00:00,22.9,2005-08-27T05:00:00,23.5,83,65,2005-08-27T09:00:00,1.7,292.5,7.2,135.0,2005-08-27T14:00:00,0.0,,,,,8.4,14.79,4.1,,28.8,28.7,28.4,27.7,28.1,,,,,,,,,25.2,2005-08-27T11:00:00,,,,21.2,2005-08-27T23:00:00,,,,,,,,,,,,,,,,,,,,,,,,,98,2005-08-27T02:00:00,,,,,,,,,,,,,,,,,,,,,,,,,,,,,,,,,27.2,,,,,,,,,,,,,,,,,,,,,,,,,,,,,,,,,,,,,,,,,,,,,,,,,,,,,,,,,,,,,,,,,,,,,,,,,,,,,,,,,,,,,,,3.2,2005-08-27T14:00:00,,,,,,,,,,,,,,,,,,,,,,,,,,,,,,,,,,,,,,,,,,,,,,,,,,,,,,,,,,,,,,,,,,,,,,,,,,,,,,
2005-08-28,982.8,,984.6,2005-08-28T22:00:00,980.9,2005-08-28T15:00:00,26.8,32.3,2005-08-28T13:00:00,22.1,2005-08-28T05:00:00,23.4,83,57,2005-08-28T10:00:00,1.5,292.5,6.9,135.0,2005-08-28T13:00:00,0.0,,,,,7.5,13.69,4.0,,29.0,28.9,28.6,27.9,28.3,,,,,,,,,25.2,2005-08-28T18:00:00,,,,21.3,2005-08-28T03:00:00,,,,,,,,,,,,,,,,,,,,,,,,,96,2005-08-28T20:00:00,,,,,,,,,,,,,,,,,,,,,,,,,,,,,,,,,27.3,,,,,,,,,,,,,,,,,,,,,,,,,,,,,,,,,,,,,,,,,,,,,,,,,,,,,,,,,,,,,,,,,,,,,,,,,,,,,,,,,,,,,,,3.1,2005-08-28T13:00:00,,,,,,,,,,,,,,,,,,,,,,,,,,,,,,,,,,,,,,,,,,,,,,,,,,,,,,,,,,,,,,,,,,,,,,,,,,,,,,
2005-08-29,981.3,,983.3,2005-08-29T01:00:00,979.8,2005-08-29T23:59:59,26.8,32.1,2005-08-29T12:00:00,22.7,2005-08-29T05:00:00,23.1,82,62,2005-08-29T11:00:00,1.8,292.5,8.6,135.0,2005-08-29T12:00:00,0.0,,,,,8.9,14.67,2.9,,29.2,29.1,28.8,28.1,28.5,,,,,,,,,24.2,2005-08-29T10:00:00,,,,21.5,2005-08-29T23:59:59,,,,,,,,,,,,,,,,,,,,,,,,,98,2005-08-29T01:00:00,,,,,,,,,,,,,,,,,,,,,,,,,,,,,,,,,27.4,,,,,,,,,,,,,,,,,,,,,,,,,,,,,,,,,,,,,,,,,,,,,,,,,,,,,,,,,,,,,,,,,,,,,,,,,,,,,,,,,,,,,,,3.5,2005-08-29T13:00:00,,,,,,,,,,,,,,,,,,,,,,,,,,,,,,,,,,,,,,,,,,,,,,,,,,,,,,,,,,,,,,,,,,,,,,,,,,,,,,
2005-08-30,976.3,,979.5,2005-08-30T01:00:00,973.4,2005-08-30T23:59:59,26.6,32.7,2005-08-30T12:00:00,22.6,2005-08-30T05:00:00,23.1,82,57,2005-08-30T11:00:00,1.4,292.5,7.1,135.0,2005-08-30T12:00:00,0.0,,,,,4.6,11.45,3.4,,29.0,28.9,28.8,28.2,28.6,,,,,,,,,25.4,2005-08-30T18:00:00,,,,21.3,2005-08-30T01:00:00,,,,,,,,,,,,,,,,,,,,,,,,,95,2005-08-30T21:00:00,,,,,,,,,,,,,,,,,,,,,,,,,,,,,,,,,27.5,,,,,,,,,,,,,,,,,,,,,,,,,,,,,,,,,,,,,,,,,,,,,,,,,,,,,,,,,,,,,,,,,,,,,,,,,,,,,,,,,,,,,,,3.3,2005-08-30T14:00:00,,,,,,,,,,,,,,,,,,,,,,,,,,,,,,,,,,,,,,,,,,,,,,,,,,,,,,,,,,,,,,,,,,,,,,,,,,,,,,
2005-08-31,961.7,,972.4,2005-08-31T01:00:00,940.0,2005-08-31T23:59:59,27.9,35.4,2005-08-31T23:59:59,23.3,2005-08-31T06:00:00,23.0,77,38,2005-08-31T23:59:59,2.0,270.0,28.6,315.0,2005-08-31T23:59:59,0.0,,,,,0.9,7.75,2.4,,28.6,28.6,28.5,28.2,28.4,,,,,,,,,25.5,2005-08-31T16:00:00,,,,19.0,2005-08-31T23:59:59,,,,,,,,,,,,,,,,,,,,,,,,,97,2005-08-31T03:00:00,,,,,,,,,,,,,,,,,,,,,,,,,,,,,,,,,27.6,,,,,,,,,,,,,,,,,,,,,,,,,,,,,,,,,,,,,,,,,,,,,,,,,,,,,,,,,,,,,,,,,,,,,,,,,,,,,,,,,,,,,,,5.8,2005-08-31T23:00:00,,,,,,,,,,,,,,,,,,,,,,,,,,,,,,,,,,,,,,,,,,,,,,,,,,,,,,,,,,,,,,,,,,,,,,,,,,,,,,
2005-09-01,965.4,,979.6,2005-09-01T23:59:59,940.1,2005-09-01T01:00:00,24.9,35.2,2005-09-01T01:00:00,23.4,2005-09-01T10:00:00,24.1,95,55,2005-09-01T01:00:00,1.9,270.0,24.0,270.0,2005-09-01T01:00:00,68.0,,,,,0.0,1.11,0.0,,27.0,27.1,27.4,27.9,27.8,,,,,,,,,25.7,2005-09-01T23:00:00,,,,20.5,2005-09-01T01:00:00,,,,,,,,,,,,,,,,,,,,,,,,,100,2005-09-01T11:00:00,,,,,,,,,,,,,,,,,,,,,,,,,,,,,,,,,27.7,,,,,,,,,,,,,,,,,,,,,,,,,,,,,,,,,,,,,,,,,,,,,,,,,,,,,,,,,,,,,,,,,,,,,,,,,,,,,,,,,,,,,,,5.7,2005-09-01T01:00:00,,,,,,,,,,,,,,,,,,,,,,,,,,,,,,,,,,,,,,,,,,,,,,,,,,,,,,,,,,,,,,,,,,,,,,,,,,,,,,
2005-09-02,980.0,,981.6,2005-09-02T22:00:00,978.8,2005-09-02T15:00:00,26.5,31.5,2005-09-02T12:00:00,23.3,2005-09-02T07:00:00,24.7,90,76,2005-09-02T10:00:00,1.6,247.5,6.7,112.5,2005-09-02T13:00:00,8.0,,,,,4.8,11.54,2.7,,27.5,27.4,27.3,27.4,27.3,,,,,,,,,26.1,2005-09-02T15:00:00,,,,23.5,2005-09-02T05:00:00,,,,,,,,,,,,,,,,,,,,,,,,,100,2005-09-02T01:00:00,,,,,,,,,,,,,,,,,,,,,,,,,,,,,,,,,27.5,,,,,,,,,,,,,,,,,,,,,,,,,,,,,,,,,,,,,,,,,,,,,,,,,,,,,,,,,,,,,,,,,,,,,,,,,,,,,,,,,,,,,,,3.5,2005-09-02T12:00:00,,,,,,,,,,,,,,,,,,,,,,,,,,,,,,,,,,,,,,,,,,,,,,,,,,,,,,,,,,,,,,,,,,,,,,,,,,,,,,
2005-09-03,978.7,,980.4,2005-09-03T01:00:00,976.8,2005-09-03T17:00:00,26.4,31.2,2005-09-03T11:00:00,22.8,2005-09-03T06:00:00,23.5,85,62,2005-09-03T10:00:00,1.7,270.0,6.9,90.0,2005-09-03T13:00:00,0.0,,,,,7.6,13.89,4.5,,28.4,28.3,28.0,27.6,27.8,,,,,,,,,24.9,2005-09-03T13:00:00,,,,22.2,2005-09-03T10:00:00,,,,,,,,,,,,,,,,,,,,,,,,,98,2005-09-03T04:00:00,,,,,,,,,,,,,,,,,,,,,,,,,,,,,,,,,27.4,,,,,,,,,,,,,,,,,,,,,,,,,,,,,,,,,,,,,,,,,,,,,,,,,,,,,,,,,,,,,,,,,,,,,,,,,,,,,,,,,,,,,,,3.9,2005-09-03T12:00:00,,,,,,,,,,,,,,,,,,,,,,,,,,,,,,,,,,,,,,,,,,,,,,,,,,,,,,,,,,,,,,,,,,,,,,,,,,,,,,
2005-09-04,977.2,,978.7,2005-09-04T22:00:00,976.2,2005-09-04T04:00:00,26.1,31.0,2005-09-04T12:00:00,22.2,2005-09-04T05:00:00,22.6,82,64,2005-09-04T11:00:00,1.9,247.5,7.4,112.5,2005-09-04T12:00:00,0.0,,,,,5.8,12.45,4.1,,28.4,28.4,28.2,27.8,28.1,,,,,,,,,23.3,2005-09-04T11:00:00,,,,21.5,2005-09-04T06:00:00,,,,,,,,,,,,,,,,,,,,,,,,,95,2005-09-04T05:00:00,,,,,,,,,,,,,,,,,,,,,,,,,,,,,,,,,27.5,,,,,,,,,,,,,,,,,,,,,,,,,,,,,,,,,,,,,,,,,,,,,,,,,,,,,,,,,,,,,,,,,,,,,,,,,,,,,,,,,,,,,,,3.9,2005-09-04T12:00:00,,,,,,,,,,,,,,,,,,,,,,,,,,,,,,,,,,,,,,,,,,,,,,,,,,,,,,,,,,,,,,,,,,,,,,,,,,,,,,
2005-09-05,977.9,,979.7,2005-09-05T22:00:00,977.0,2005-09-05T05:00:00,26.0,31.2,2005-09-05T12:00:00,22.0,2005-09-05T06:00:00,23.2,85,64,2005-09-05T11:00:00,1.7,247.5,7.1,90.0,2005-09-05T11:00:00,0.0,,,,,5.8,11.33,3.6,,28.4,28.3,28.2,27.9,28.1,,,,,,,,,24.6,2005-09-05T19:00:00,,,,21.8,2005-09-05T06:00:00,,,,,,,,,,,,,,,,,,,,,,,,,98,2005-09-05T06:00:00,,,,,,,,,,,,,,,,,,,,,,,,,,,,,,,,,27.5,,,,,,,,,,,,,,,,,,,,,,,,,,,,,,,,,,,,,,,,,,,,,,,,,,,,,,,,,,,,,,,,,,,,,,,,,,,,,,,,,,,,,,,3.3,2005-09-05T12:00:00,,,,,,,,,,,,,,,,,,,,,,,,,,,,,,,,,,,,,,,,,,,,,,,,,,,,,,,,,,,,,,,,,,,,,,,,,,,,,,
2005-09-06,979.9,,982.0,2005-09-06T21:00:00,978.3,2005-09-06T04:00:00,24.6,26.6,2005-09-06T11:00:00,23.5,2005-09-06T05:00:00,23.2,92,83,2005-09-06T11:00:00,1.5,247.5,4.2,247.5,2005-09-06T05:00:00,0.5,,,,,0.0,2.55,0.2,,27.8,27.8,27.9,27.9,28.0,,,,,,,,,24.1,2005-09-06T02:00:00,,,,22.5,2005-09-06T20:00:00,,,,,,,,,,,,,,,,,,,,,,,,,99,2005-09-06T02:00:00,,,,,,,,,,,,,,,,,,,,,,,,,,,,,,,,,27.6,,,,,,,,,,,,,,,,,,,,,,,,,,,,,,,,,,,,,,,,,,,,,,,,,,,,,,,,,,,,,,,,,,,,,,,,,,,,,,,,,,,,,,,3.1,2005-09-06T05:00:00,,,,,,,,,,,,,,,,,,,,,,,,,,,,,,,,,,,,,,,,,,,,,,,,,,,,,,,,,,,,,,,,,,,,,,,,,,,,,,
2005-09-07,982.1,,983.6,2005-09-07T21:00:00,981.0,2005-09-07T15:00:00,23.9,27.7,2005-09-07T11:00:00,22.0,2005-09-07T06:00:00,22.4,92,74,2005-09-07T10:00:00,1.3,247.5,6.6,112.5,2005-09-07T12:00:00,1.0,,,,,0.2,3.96,0.6,,27.1,27.1,27.3,27.7,27.5,,,,,,,,,23.6,2005-09-07T11:00:00,,,,21.2,2005-09-07T23:00:00,,,,,,,,,,,,,,,,,,,,,,,,,100,2005-09-07T18:00:00,,,,,,,,,,,,,,,,,,,,,,,,,,,,,,,,,27.5,,,,,,,,,,,,,,,,,,,,,,,,,,,,,,,,,,,,,,,,,,,,,,,,,,,,,,,,,,,,,,,,,,,,,,,,,,,,,,,,,,,,,,,2.8,2005-09-07T12:00:00,,,,,,,,,,,,,,,,,,,,,,,,,,,,,,,,,,,,,,,,,,,,,,,,,,,,,,,,,,,,,,,,,,,,,,,,,,,,,,
2005-09-08,982.8,,984.3,2005-09-08T23:00:00,981.6,2005-09-08T15:00:00,24.6,28.8,2005-09-08T11:00:00,21.6,2005-09-08T06:00:00,21.7,84,71,2005-09-08T09:00:00,1.5,247.5,7.2,112.5,2005-09-08T13:00:00,0.0,,,,,2.0,8.37,1.5,,27.1,27.1,27.1,27.4,27.2,,,,,,,,,23.4,2005-09-08T12:00:00,,,,20.6,2005-09-08T23:59:59,,,,,,,,,,,,,,,,,,,,,,,,,97,2005-09-08T06:00:00,,,,,,,,,,,,,,,,,,,,,,,,,,,,,,,,,27.4,,,,,,,,,,,,,,,,,,,,,,,,,,,,,,,,,,,,,,,,,,,,,,,,,,,,,,,,,,,,,,,,,,,,,,,,,,,,,,,,,,,,,,,3.3,2005-09-08T12:00:00,,,,,,,,,,,,,,,,,,,,,,,,,,,,,,,,,,,,,,,,,,,,,,,,,,,,,,,,,,,,,,,,,,,,,,,,,,,,,,
2005-09-09,982.3,,983.7,2005-09-09T08:00:00,981.0,2005-09-09T16:00:00,24.9,29.9,2005-09-09T12:00:00,20.2,2005-09-09T06:00:00,21.9,84,62,2005-09-09T11:00:00,1.5,247.5,6.3,112.5,2005-09-09T12:00:00,0.0,,,,,4.1,10.37,3.0,,27.2,27.2,27.2,27.3,27.2,,,,,,,,,23.8,2005-09-09T18:00:00,,,,19.5,2005-09-09T05:00:00,,,,,,,,,,,,,,,,,,,,,,,,,97,2005-09-09T06:00:00,,,,,,,,,,,,,,,,,,,,,,,,,,,,,,,,,27.3,,,,,,,,,,,,,,,,,,,,,,,,,,,,,,,,,,,,,,,,,,,,,,,,,,,,,,,,,,,,,,,,,,,,,,,,,,,,,,,,,,,,,,,3.1,2005-09-09T12:00:00,,,,,,,,,,,,,,,,,,,,,,,,,,,,,,,,,,,,,,,,,,,,,,,,,,,,,,,,,,,,,,,,,,,,,,,,,,,,,,
2005-09-10,977.3,,981.3,2005-09-10T01:00:00,974.9,2005-09-10T23:00:00,25.6,31.6,2005-09-10T12:00:00,20.7,2005-09-10T06:00:00,21.7,81,56,2005-09-10T11:00:00,1.8,247.5,7.9,90.0,2005-09-10T15:00:00,0.0,,,,,6.9,13.43,4.2,,27.6,27.6,27.4,27.3,27.4,,,,,,,,,23.0,2005-09-10T14:00:00,,,,19.5,2005-09-10T10:00:00,,,,,,,,,,,,,,,,,,,,,,,,,98,2005-09-10T02:00:00,,,,,,,,,,,,,,,,,,,,,,,,,,,,,,,,,27.2,,,,,,,,,,,,,,,,,,,,,,,,,,,,,,,,,,,,,,,,,,,,,,,,,,,,,,,,,,,,,,,,,,,,,,,,,,,,,,,,,,,,,,,3.5,2005-09-10T15:00:00,,,,,,,,,,,,,,,,,,,,,,,,,,,,,,,,,,,,,,,,,,,,,,,,,,,,,,,,,,,,,,,,,,,,,,,,,,,,,,
2005-09-11,977.2,,982.7,2005-09-11T23:00:00,972.8,2005-09-11T03:00:00,25.9,30.8,2005-09-11T11:00:00,22.1,2005-09-11T05:00:00,23.4,87,69,2005-09-11T11:00:00,1.8,247.5,7.2,112.5,2005-09-11T13:00:00,0.0,,,,,1.7,9.07,2.1,,27.8,27.7,27.7,27.5,27.6,,,,,,,,,25.4,2005-09-11T17:00:00,,,,21.2,2005-09-11T05:00:00,,,,,,,,,,,,,,,,,,,,,,,,,99,2005-09-11T21:00:00,,,,,,,,,,,,,,,,,,,,,,,,,,,,,,,,,27.3,,,,,,,,,,,,,,,,,,,,,,,,,,,,,,,,,,,,,,,,,,,,,,,,,,,,,,,,,,,,,,,,,,,,,,,,,,,,,,,,,,,,,,,3.7,2005-09-11T12:00:00,,,,,,,,,,,,,,,,,,,,,,,,,,,,,,,,,,,,,,,,,,,,,,,,,,,,,,,,,,,,,,,,,,,,,,,,,,,,,,
2005-09-12,984.6,,987.1,2005-09-12T21:00:00,982.0,2005-09-12T03:00:00,26.4,31.9,2005-09-12T12:00:00,23.2,2005-09-12T05:00:00,24.2,89,69,2005-09-12T13:00:00,1.3,247.5,5.7,112.5,2005-09-12T12:00:00,0.0,,,,,3.2,9.66,2.4,,27.9,27.9,27.8,27.5,27.7,,,,,,,,,25.9,2005-09-12T12:00:00,,,,22.4,2005-09-12T02:00:00,,,,,,,,,,,,,,,,,,,,,,,,,98,2005-09-12T06:00:00,,,,,,,,,,,,,,,,,,,,,,,,,,,,,,,,,27.3,,,,,,,,,,,,,,,,,,,,,,,,,,,,,,,,,,,,,,,,,,,,,,,,,,,,,,,,,,,,,,,,,,,,,,,,,,,,,,,,,,,,,,,2.9,2005-09-12T12:00:00,,,,,,,,,,,,,,,,,,,,,,,,,,,,,,,,,,,,,,,,,,,,,,,,,,,,,,,,,,,,,,,,,,,,,,,,,,,,,,
2005-09-13,986.6,,988.7,2005-09-13T21:00:00,985.0,2005-09-13T04:00:00,26.8,32.6,2005-09-13T11:00:00,23.3,2005-09-13T06:00:00,24.3,87,68,2005-09-13T11:00:00,1.5,112.5,6.9,112.5,2005-09-13T12:00:00,0.0,,,,,6.5,11.9,3.9,,28.3,28.2,28.0,27.6,27.9,,,,,,,,,25.2,2005-09-13T15:00:00,,,,23.1,2005-09-13T05:00:00,,,,,,,,,,,,,,,,,,,,,,,,,98,2005-09-13T03:00:00,,,,,,,,,,,,,,,,,,,,,,,,,,,,,,,,,27.3,,,,,,,,,,,,,,,,,,,,,,,,,,,,,,,,,,,,,,,,,,,,,,,,,,,,,,,,,,,,,,,,,,,,,,,,,,,,,,,,,,,,,,,3.3,2005-09-13T12:00:00,,,,,,,,,,,,,,,,,,,,,,,,,,,,,,,,,,,,,,,,,,,,,,,,,,,,,,,,,,,,,,,,,,,,,,,,,,,,,,
2005-09-14,987.2,,988.7,2005-09-14T08:00:00,985.9,2005-09-14T16:00:00,26.9,32.0,2005-09-14T11:00:00,23.4,2005-09-14T06:00:00,23.9,84,68,2005-09-14T10:00:00,1.7,112.5,8.3,112.5,2005-09-14T14:00:00,0.0,,,,,6.3,11.62,4.0,,28.5,28.4,28.2,27.8,28.1,,,,,,,,,26.1,2005-09-14T12:00:00,,,,21.4,2005-09-14T23:59:59,,,,,,,,,,,,,,,,,,,,,,,,,97,2005-09-14T03:00:00,,,,,,,,,,,,,,,,,,,,,,,,,,,,,,,,,27.4,,,,,,,,,,,,,,,,,,,,,,,,,,,,,,,,,,,,,,,,,,,,,,,,,,,,,,,,,,,,,,,,,,,,,,,,,,,,,,,,,,,,,,,3.7,2005-09-14T10:00:00,,,,,,,,,,,,,,,,,,,,,,,,,,,,,,,,,,,,,,,,,,,,,,,,,,,,,,,,,,,,,,,,,,,,,,,,,,,,,,
2005-09-15,985.9,,987.7,2005-09-15T01:00:00,984.1,2005-09-15T17:00:00,26.7,32.1,2005-09-15T12:00:00,22.1,2005-09-15T06:00:00,23.0,81,63,2005-09-15T10:00:00,1.7,270.0,7.0,112.5,2005-09-15T15:00:00,0.0,,,,,7.5,13.23,4.1,,28.3,28.3,28.2,27.9,28.1,,,,,,,,,25.5,2005-09-15T12:00:00,,,,21.3,2005-09-15T05:00:00,,,,,,,,,,,,,,,,,,,,,,,,,94,2005-09-15T06:00:00,,,,,,,,,,,,,,,,,,,,,,,,,,,,,,,,,27.5,,,,,,,,,,,,,,,,,,,,,,,,,,,,,,,,,,,,,,,,,,,,,,,,,,,,,,,,,,,,,,,,,,,,,,,,,,,,,,,,,,,,,,,3.5,2005-09-15T13:00:00,,,,,,,,,,,,,,,,,,,,,,,,,,,,,,,,,,,,,,,,,,,,,,,,,,,,,,,,,,,,,,,,,,,,,,,,,,,,,,
2005-09-16,985.0,,986.4,2005-09-16T23:00:00,984.0,2005-09-16T17:00:00,26.2,31.8,2005-09-16T11:00:00,22.4,2005-09-16T06:00:00,22.5,81,60,2005-09-16T09:00:00,1.8,247.5,7.3,112.5,2005-09-16T13:00:00,0.0,,,,,7.8,13.06,4.4,,28.6,28.5,28.4,27.9,28.2,,,,,,,,,24.9,2005-09-16T11:00:00,,,,20.5,2005-09-16T06:00:00,,,,,,,,,,,,,,,,,,,,,,,,,93,2005-09-16T23:00:00,,,,,,,,,,,,,,,,,,,,,,,,,,,,,,,,,27.5,,,,,,,,,,,,,,,,,,,,,,,,,,,,,,,,,,,,,,,,,,,,,,,,,,,,,,,,,,,,,,,,,,,,,,,,,,,,,,,,,,,,,,,3.4,2005-09-16T13:00:00,,,,,,,,,,,,,,,,,,,,,,,,,,,,,,,,,,,,,,,,,,,,,,,,,,,,,,,,,,,,,,,,,,,,,,,,,,,,,,
2005-09-17,987.3,,989.8,2005-09-17T22:00:00,984.7,2005-09-17T04:00:00,24.3,28.6,2005-09-17T09:00:00,21.7,2005-09-17T06:00:00,22.2,89,64,2005-09-17T08:00:00,1.4,247.5,6.6,45.0,2005-09-17T16:00:00,4.5,,,,,1.6,5.3,0.3,,27.7,27.7,27.9,27.9,28.0,,,,,,,,,23.9,2005-09-17T13:00:00,,,,20.2,2005-09-17T08:00:00,,,,,,,,,,,,,,,,,,,,,,,,,98,2005-09-17T23:59:59,,,,,,,,,,,,,,,,,,,,,,,,,,,,,,,,,27.6,,,,,,,,,,,,,,,,,,,,,,,,,,,,,,,,,,,,,,,,,,,,,,,,,,,,,,,,,,,,,,,,,,,,,,,,,,,,,,,,,,,,,,,3.3,2005-09-17T16:00:00,,,,,,,,,,,,,,,,,,,,,,,,,,,,,,,,,,,,,,,,,,,,,,,,,,,,,,,,,,,,,,,,,,,,,,,,,,,,,,
2005-09-18,989.8,,991.4,2005-09-18T09:00:00,988.4,2005-09-18T16:00:00,25.5,31.1,2005-09-18T15:00:00,21.9,2005-09-18T04:00:00,23.3,88,69,2005-09-18T11:00:00,1.5,247.5,6.2,112.5,2005-09-18T13:00:00,0.0,,,,,4.2,10.32,2.0,,27.7,27.7,27.6,27.7,27.6,,,,,,,,,24.7,2005-09-18T12:00:00,,,,22.0,2005-09-18T03:00:00,,,,,,,,,,,,,,,,,,,,,,,,,100,2005-09-18T03:00:00,,,,,,,,,,,,,,,,,,,,,,,,,,,,,,,,,27.5,,,,,,,,,,,,,,,,,,,,,,,,,,,,,,,,,,,,,,,,,,,,,,,,,,,,,,,,,,,,,,,,,,,,,,,,,,,,,,,,,,,,,,,2.6,2005-09-18T13:00:00,,,,,,,,,,,,,,,,,,,,,,,,,,,,,,,,,,,,,,,,,,,,,,,,,,,,,,,,,,,,,,,,,,,,,,,,,,,,,,
2005-09-19,988.2,,989.9,2005-09-19T01:00:00,986.2,2005-09-19T17:00:00,26.5,32.0,2005-09-19T13:00:00,22.0,2005-09-19T06:00:00,22.9,82,64,2005-09-19T13:00:00,1.7,270.0,7.0,112.5,2005-09-19T15:00:00,0.0,,,,,7.2,12.53,3.2,,28.2,28.1,28.0,27.7,27.9,,,,,,,,,24.7,2005-09-19T19:00:00,,,,20.5,2005-09-19T06:00:00,,,,,,,,,,,,,,,,,,,,,,,,,98,2005-09-19T01:00:00,,,,,,,,,,,,,,,,,,,,,,,,,,,,,,,,,27.5,,,,,,,,,,,,,,,,,,,,,,,,,,,,,,,,,,,,,,,,,,,,,,,,,,,,,,,,,,,,,,,,,,,,,,,,,,,,,,,,,,,,,,,3.1,2005-09-19T13:00:00,,,,,,,,,,,,,,,,,,,,,,,,,,,,,,,,,,,,,,,,,,,,,,,,,,,,,,,,,,,,,,,,,,,,,,,,,,,,,,
2005-09-20,984.1,,986.0,2005-09-20T08:00:00,982.5,2005-09-20T23:59:59,26.4,32.3,2005-09-20T12:00:00,21.5,2005-09-20T06:00:00,21.4,75,52,2005-09-20T12:00:00,1.8,270.0,8.2,112.5,2005-09-20T15:00:00,0.0,,,,,7.8,13.3,4.5,,28.3,28.3,28.1,27.8,28.0,,,,,,,,,23.7,2005-09-20T17:00:00,,,,19.7,2005-09-20T06:00:00,,,,,,,,,,,,,,,,,,,,,,,,,94,2005-09-20T03:00:00,,,,,,,,,,,,,,,,,,,,,,,,,,,,,,,,,27.5,,,,,,,,,,,,,,,,,,,,,,,,,,,,,,,,,,,,,,,,,,,,,,,,,,,,,,,,,,,,,,,,,,,,,,,,,,,,,,,,,,,,,,,3.5,2005-09-20T14:00:00,,,,,,,,,,,,,,,,,,,,,,,,,,,,,,,,,,,,,,,,,,,,,,,,,,,,,,,,,,,,,,,,,,,,,,,,,,,,,,
2005-09-21,979.9,,982.0,2005-09-21T02:00:00,977.0,2005-09-21T16:00:00,25.6,31.3,2005-09-21T12:00:00,21.8,2005-09-21T06:00:00,20.6,76,49,2005-09-21T09:00:00,2.3,45.0,12.8,45.0,2005-09-21T21:00:00,31.5,,,,,3.1,8.13,2.3,,27.6,27.6,27.8,27.8,27.9,,,,,,,,,22.7,2005-09-21T23:00:00,,,,17.8,2005-09-21T09:00:00,,,,,,,,,,,,,,,,,,,,,,,,,98,2005-09-21T23:59:59,,,,,,,,,,,,,,,,,,,,,,,,,,,,,,,,,27.5,,,,,,,,,,,,,,,,,,,,,,,,,,,,,,,,,,,,,,,,,,,,,,,,,,,,,,,,,,,,,,,,,,,,,,,,,,,,,,,,,,,,,,,3.6,2005-09-21T22:00:00,,,,,,,,,,,,,,,,,,,,,,,,,,,,,,,,,,,,,,,,,,,,,,,,,,,,,,,,,,,,,,,,,,,,,,,,,,,,,,
2005-09-22,978.2,,981.2,2005-09-22T23:00:00,975.6,2005-09-22T16:00:00,23.6,25.3,2005-09-22T08:00:00,22.0,2005-09-22T23:59:59,22.9,96,90,2005-09-22T08:00:00,2.2,315.0,15.5,112.5,2005-09-22T17:00:00,269.0,,,,,0.0,0.86,0.4,,24.5,24.6,25.1,26.1,25.6,,,,,,,,,23.6,2005-09-22T15:00:00,,,,22.1,2005-09-22T19:00:00,,,,,,,,,,,,,,,,,,,,,,,,,100,2005-09-22T11:00:00,,,,,,,,,,,,,,,,,,,,,,,,,,,,,,,,,26.6,,,,,,,,,,,,,,,,,,,,,,,,,,,,,,,,,,,,,,,,,,,,,,,,,,,,,,,,,,,,,,,,,,,,,,,,,,,,,,,,,,,,,,,3.4,2005-09-22T13:00:00,,,,,,,,,,,,,,,,,,,,,,,,,,,,,,,,,,,,,,,,,,,,,,,,,,,,,,,,,,,,,,,,,,,,,,,,,,,,,,
2005-09-23,980.2,,982.5,2005-09-23T23:00:00,978.5,2005-09-23T03:00:00,25.7,30.0,2005-09-23T10:00:00,22.0,2005-09-23T01:00:00,23.2,87,67,2005-09-23T10:00:00,1.4,270.0,8.3,45.0,2005-09-23T09:00:00,0.5,,,,,3.2,8.88,2.0,,24.3,24.3,24.1,24.6,24.2,,,,,,,,,25.4,2005-09-23T16:00:00,,,,22.0,2005-09-23T02:00:00,,,,,,,,,,,,,,,,,,,,,,,,,100,2005-09-23T01:00:00,,,,,,,,,,,,,,,,,,,,,,,,,,,,,,,,,25.5,,,,,,,,,,,,,,,,,,,,,,,,,,,,,,,,,,,,,,,,,,,,,,,,,,,,,,,,,,,,,,,,,,,,,,,,,,,,,,,,,,,,,,,3.5,2005-09-23T10:00:00,,,,,,,,,,,,,,,,,,,,,,,,,,,,,,,,,,,,,,,,,,,,,,,,,,,,,,,,,,,,,,,,,,,,,,,,,,,,,,
2005-09-24,982.2,,984.1,2005-09-24T23:00:00,980.7,2005-09-24T15:00:00,25.9,31.0,2005-09-24T13:00:00,22.4,2005-09-24T06:00:00,23.2,86,68,2005-09-24T13:00:00,1.5,270.0,6.3,22.5,2005-09-24T13:00:00,12.0,,,,,3.4,9.74,2.7,,25.9,25.8,25.5,25.3,25.4,,,,,,,,,25.2,2005-09-24T14:00:00,,,,21.7,2005-09-24T03:00:00,,,,,,,,,,,,,,,,,,,,,,,,,100,2005-09-24T23:00:00,,,,,,,,,,,,,,,,,,,,,,,,,,,,,,,,,25.7,,,,,,,,,,,,,,,,,,,,,,,,,,,,,,,,,,,,,,,,,,,,,,,,,,,,,,,,,,,,,,,,,,,,,,,,,,,,,,,,,,,,,,,2.8,2005-09-24T10:00:00,,,,,,,,,,,,,,,,,,,,,,,,,,,,,,,,,,,,,,,,,,,,,,,,,,,,,,,,,,,,,,,,,,,,,,,,,,,,,,
2005-09-25,983.3,,984.9,2005-09-25T21:00:00,982.0,2005-09-25T14:00:00,25.5,30.2,2005-09-25T13:00:00,22.2,2005-09-25T06:00:00,22.9,86,70,2005-09-25T13:00:00,1.4,247.5,5.6,135.0,2005-09-25T14:00:00,0.0,,,,,4.8,11.03,3.3,,26.5,26.5,26.2,25.8,26.0,,,,,,,,,24.3,2005-09-25T17:00:00,,,,21.8,2005-09-25T06:00:00,,,,,,,,,,,,,,,,,,,,,,,,,99,2005-09-25T01:00:00,,,,,,,,,,,,,,,,,,,,,,,,,,,,,,,,,25.9,,,,,,,,,,,,,,,,,,,,,,,,,,,,,,,,,,,,,,,,,,,,,,,,,,,,,,,,,,,,,,,,,,,,,,,,,,,,,,,,,,,,,,,2.7,2005-09-25T15:00:00,,,,,,,,,,,,,,,,,,,,,,,,,,,,,,,,,,,,,,,,,,,,,,,,,,,,,,,,,,,,,,,,,,,,,,,,,,,,,,
2005-09-26,985.3,,987.4,2005-09-26T21:00:00,983.7,2005-09-26T03:00:00,25.6,31.5,2005-09-26T11:00:00,22.0,2005-09-26T05:00:00,22.7,85,63,2005-09-26T10:00:00,1.5,270.0,7.3,112.5,2005-09-26T14:00:00,0.0,,,,,4.6,10.48,3.1,,26.9,26.9,26.7,26.2,26.5,,,,,,,,,23.9,2005-09-26T11:00:00,,,,20.9,2005-09-26T04:00:00,,,,,,,,,,,,,,,,,,,,,,,,,95,2005-09-26T05:00:00,,,,,,,,,,,,,,,,,,,,,,,,,,,,,,,,,26.1,,,,,,,,,,,,,,,,,,,,,,,,,,,,,,,,,,,,,,,,,,,,,,,,,,,,,,,,,,,,,,,,,,,,,,,,,,,,,,,,,,,,,,,3.1,2005-09-26T14:00:00,,,,,,,,,,,,,,,,,,,,,,,,,,,,,,,,,,,,,,,,,,,,,,,,,,,,,,,,,,,,,,,,,,,,,,,,,,,,,,
2005-09-27,986.8,,988.0,2005-09-27T21:00:00,985.4,2005-09-27T15:00:00,25.4,30.3,2005-09-27T11:00:00,21.7,2005-09-27T23:59:59,22.5,85,68,2005-09-27T10:00:00,1.7,270.0,10.3,337.5,2005-09-27T21:00:00,0.0,,,,,4.1,8.43,1.6,,27.0,27.0,26.8,26.5,26.7,,,,,,,,,25.4,2005-09-27T16:00:00,,,,21.0,2005-09-27T23:59:59,,,,,,,,,,,,,,,,,,,,,,,,,96,2005-09-27T04:00:00,,,,,,,,,,,,,,,,,,,,,,,,,,,,,,,,,26.3,,,,,,,,,,,,,,,,,,,,,,,,,,,,,,,,,,,,,,,,,,,,,,,,,,,,,,,,,,,,,,,,,,,,,,,,,,,,,,,,,,,,,,,3.0,2005-09-27T11:00:00,,,,,,,,,,,,,,,,,,,,,,,,,,,,,,,,,,,,,,,,,,,,,,,,,,,,,,,,,,,,,,,,,,,,,,,,,,,,,,
2005-09-28,985.6,,987.2,2005-09-28T09:00:00,983.9,2005-09-28T16:00:00,25.3,30.9,2005-09-28T12:00:00,20.1,2005-09-28T03:00:00,21.5,81,55,2005-09-28T10:00:00,1.6,247.5,8.6,67.5,2005-09-28T20:00:00,0.0,,,,,6.8,11.71,3.2,,26.9,26.8,26.8,26.6,26.7,,,,,,,,,24.4,2005-09-28T15:00:00,,,,18.6,2005-09-28T02:00:00,,,,,,,,,,,,,,,,,,,,,,,,,95,2005-09-28T18:00:00,,,,,,,,,,,,,,,,,,,,,,,,,,,,,,,,,26.4,,,,,,,,,,,,,,,,,,,,,,,,,,,,,,,,,,,,,,,,,,,,,,,,,,,,,,,,,,,,,,,,,,,,,,,,,,,,,,,,,,,,,,,3.2,2005-09-28T13:00:00,,,,,,,,,,,,,,,,,,,,,,,,,,,,,,,,,,,,,,,,,,,,,,,,,,,,,,,,,,,,,,,,,,,,,,,,,,,,,,
2005-09-29,984.4,,985.9,2005-09-29T09:00:00,982.6,2005-09-29T15:00:00,25.3,30.3,2005-09-29T11:00:00,21.4,2005-09-29T06:00:00,22.5,85,68,2005-09-29T09:00:00,1.7,247.5,7.5,112.5,2005-09-29T15:00:00,0.0,,,,,5.1,9.9,2.8,,27.1,27.1,27.0,26.7,26.9,,,,,,,,,24.4,2005-09-29T12:00:00,,,,20.2,2005-09-29T06:00:00,,,,,,,,,,,,,,,,,,,,,,,,,98,2005-09-29T23:59:59,,,,,,,,,,,,,,,,,,,,,,,,,,,,,,,,,26.5,,,,,,,,,,,,,,,,,,,,,,,,,,,,,,,,,,,,,,,,,,,,,,,,,,,,,,,,,,,,,,,,,,,,,,,,,,,,,,,,,,,,,,,4.0,2005-09-29T13:00:00,,,,,,,,,,,,,,,,,,,,,,,,,,,,,,,,,,,,,,,,,,,,,,,,,,,,,,,,,,,,,,,,,,,,,,,,,,,,,,
2005-09-30,984.0,,985.2,2005-09-30T08:00:00,982.7,2005-09-30T15:00:00,25.5,30.9,2005-09-30T12:00:00,21.0,2005-09-30T05:00:00,22.1,83,58,2005-09-30T11:00:00,1.7,247.5,6.1,112.5,2005-09-30T12:00:00,0.0,,,,,8.4,13.13,3.9,,27.3,27.2,27.1,26.8,27.0,,,,,,,,,23.8,2005-09-30T17:00:00,,,,20.4,2005-09-30T06:00:00,,,,,,,,,,,,,,,,,,,,,,,,,98,2005-09-30T05:00:00,,,,,,,,,,,,,,,,,,,,,,,,,,,,,,,,,26.6,,,,,,,,,,,,,,,,,,,,,,,,,,,,,,,,,,,,,,,,,,,,,,,,,,,,,,,,,,,,,,,,,,,,,,,,,,,,,,,,,,,,,,,3.1,2005-09-30T12:00:00,,,,,,,,,,,,,,,,,,,,,,,,,,,,,,,,,,,,,,,,,,,,,,,,,,,,,,,,,,,,,,,,,,,,,,,,,,,,,,
2005-10-01,979.5,,983.5,2005-10-01T09:00:00,971.2,2005-10-01T23:59:59,25.9,31.9,2005-10-01T13:00:00,21.3,2005-10-01T06:00:00,22.3,82,61,2005-10-01T12:00:00,1.7,247.5,8.5,112.5,2005-10-01T13:00:00,0.0,,,,,7.4,11.79,3.8,,27.4,27.4,27.2,26.9,27.1,,,,,,,,,23.4,2005-10-01T18:00:00,,,,20.5,2005-10-01T06:00:00,,,,,,,,,,,,,,,,,,,,,,,,,97,2005-10-01T02:00:00,,,,,,,,,,,,,,,,,,,,,,,,,,,,,,,,,26.7,,,,,,,,,,,,,,,,,,,,,,,,,,,,,,,,,,,,,,,,,,,,,,,,,,,,,,,,,,,,,,,,,,,,,,,,,,,,,,,,,,,,,,,2.7,2005-10-01T11:00:00,,,,,,,,,,,,,,,,,,,,,,,,,,,,,,,,,,,,,,,,,,,,,,,,,,,,,,,,,,,,,,,,,,,,,,,,,,,,,,
2005-10-02,971.5,,981.6,2005-10-02T23:59:59,957.2,2005-10-02T06:00:00,26.2,32.1,2005-10-02T03:00:00,23.8,2005-10-02T01:00:00,23.1,86,39,2005-10-02T03:00:00,1.8,270.0,22.4,270.0,2005-10-02T04:00:00,7.0,,,,,0.8,4.0,0.4,,27.0,27.1,27.1,27.0,27.1,,,,,,,,,25.5,2005-10-02T16:00:00,,,,16.5,2005-10-02T03:00:00,,,,,,,,,,,,,,,,,,,,,,,,,100,2005-10-02T10:00:00,,,,,,,,,,,,,,,,,,,,,,,,,,,,,,,,,26.8,,,,,,,,,,,,,,,,,,,,,,,,,,,,,,,,,,,,,,,,,,,,,,,,,,,,,,,,,,,,,,,,,,,,,,,,,,,,,,,,,,,,,,,5.0,2005-10-02T04:00:00,,,,,,,,,,,,,,,,,,,,,,,,,,,,,,,,,,,,,,,,,,,,,,,,,,,,,,,,,,,,,,,,,,,,,,,,,,,,,,
2005-10-03,983.0,,986.2,2005-10-03T23:59:59,980.9,2005-10-03T03:00:00,25.8,30.3,2005-10-03T11:00:00,22.7,2005-10-03T05:00:00,23.8,90,73,2005-10-03T13:00:00,1.7,247.5,6.7,112.5,2005-10-03T13:00:00,3.5,,,,,5.0,10.58,2.5,,27.3,27.3,27.2,27.0,27.1,,,,,,,,,25.5,2005-10-03T10:00:00,,,,22.5,2005-10-03T21:00:00,,,,,,,,,,,,,,,,,,,,,,,,,100,2005-10-03T01:00:00,,,,,,,,,,,,,,,,,,,,,,,,,,,,,,,,,26.8,,,,,,,,,,,,,,,,,,,,,,,,,,,,,,,,,,,,,,,,,,,,,,,,,,,,,,,,,,,,,,,,,,,,,,,,,,,,,,,,,,,,,,,2.9,2005-10-03T10:00:00,,,,,,,,,,,,,,,,,,,,,,,,,,,,,,,,,,,,,,,,,,,,,,,,,,,,,,,,,,,,,,,,,,,,,,,,,,,,,,
2005-10-04,984.7,,986.2,2005-10-04T22:00:00,983.2,2005-10-04T04:00:00,25.2,30.2,2005-10-04T12:00:00,21.8,2005-10-04T05:00:00,23.8,92,73,2005-10-04T12:00:00,1.5,247.5,4.9,135.0,2005-10-04T13:00:00,5.5,,,,,3.9,8.91,2.0,,27.5,27.4,27.3,27.1,27.2,,,,,,,,,25.2,2005-10-04T13:00:00,,,,21.7,2005-10-04T05:00:00,,,,,,,,,,,,,,,,,,,,,,,,,100,2005-10-04T01:00:00,,,,,,,,,,,,,,,,,,,,,,,,,,,,,,,,,26.8,,,,,,,,,,,,,,,,,,,,,,,,,,,,,,,,,,,,,,,,,,,,,,,,,,,,,,,,,,,,,,,,,,,,,,,,,,,,,,,,,,,,,,,2.8,2005-10-04T04:00:00,,,,,,,,,,,,,,,,,,,,,,,,,,,,,,,,,,,,,,,,,,,,,,,,,,,,,,,,,,,,,,,,,,,,,,,,,,,,,,
2005-10-05,984.9,,986.2,2005-10-05T22:00:00,983.2,2005-10-05T15:00:00,25.8,31.1,2005-10-05T12:00:00,21.0,2005-10-05T06:00:00,22.5,83,64,2005-10-05T11:00:00,1.6,270.0,7.0,112.5,2005-10-05T14:00:00,0.0,,,,,8.3,13.11,3.8,,27.6,27.6,27.5,27.2,27.3,,,,,,,,,25.2,2005-10-05T12:00:00,,,,19.9,2005-10-05T06:00:00,,,,,,,,,,,,,,,,,,,,,,,,,98,2005-10-05T01:00:00,,,,,,,,,,,,,,,,,,,,,,,,,,,,,,,,,26.9,,,,,,,,,,,,,,,,,,,,,,,,,,,,,,,,,,,,,,,,,,,,,,,,,,,,,,,,,,,,,,,,,,,,,,,,,,,,,,,,,,,,,,,2.9,2005-10-05T13:00:00,,,,,,,,,,,,,,,,,,,,,,,,,,,,,,,,,,,,,,,,,,,,,,,,,,,,,,,,,,,,,,,,,,,,,,,,,,,,,,
2005-10-06,984.7,,986.2,2005-10-06T08:00:00,982.8,2005-10-06T15:00:00,25.9,31.1,2005-10-06T12:00:00,21.4,2005-10-06T07:00:00,22.9,84,62,2005-10-06T10:00:00,1.6,270.0,7.9,112.5,2005-10-06T14:00:00,0.0,,,,,7.7,12.42,3.4,,27.8,27.7,27.6,27.3,27.5,,,,,,,,,24.8,2005-10-06T12:00:00,,,,21.1,2005-10-06T06:00:00,,,,,,,,,,,,,,,,,,,,,,,,,98,2005-10-06T05:00:00,,,,,,,,,,,,,,,,,,,,,,,,,,,,,,,,,26.9,,,,,,,,,,,,,,,,,,,,,,,,,,,,,,,,,,,,,,,,,,,,,,,,,,,,,,,,,,,,,,,,,,,,,,,,,,,,,,,,,,,,,,,3.1,2005-10-06T10:00:00,,,,,,,,,,,,,,,,,,,,,,,,,,,,,,,,,,,,,,,,,,,,,,,,,,,,,,,,,,,,,,,,,,,,,,,,,,,,,,
2005-10-07,983.8,,985.1,2005-10-07T10:00:00,981.9,2005-10-07T14:00:00,25.0,30.4,2005-10-07T15:00:00,22.7,2005-10-07T02:00:00,22.8,88,69,2005-10-07T14:00:00,1.5,270.0,6.9,112.5,2005-10-07T15:00:00,9.5,,,,,2.7,7.7,0.6,,27.6,27.6,27.6,27.3,27.5,,,,,,,,,24.6,2005-10-07T16:00:00,,,,21.5,2005-10-07T05:00:00,,,,,,,,,,,,,,,,,,,,,,,,,100,2005-10-07T23:59:59,,,,,,,,,,,,,,,,,,,,,,,,,,,,,,,,,27.0,,,,,,,,,,,,,,,,,,,,,,,,,,,,,,,,,,,,,,,,,,,,,,,,,,,,,,,,,,,,,,,,,,,,,,,,,,,,,,,,,,,,,,,2.1,2005-10-07T09:00:00,,,,,,,,,,,,,,,,,,,,,,,,,,,,,,,,,,,,,,,,,,,,,,,,,,,,,,,,,,,,,,,,,,,,,,,,,,,,,,
2005-10-08,985.1,,986.7,2005-10-08T21:00:00,983.1,2005-10-08T06:00:00,24.3,26.8,2005-10-08T15:00:00,22.4,2005-10-08T07:00:00,22.4,89,76,2005-10-08T15:00:00,1.7,67.5,14.0,360.0,2005-10-08T19:00:00,21.0,,,,,0.1,5.2,7.5,,26.9,27.0,27.1,27.2,27.2,,,,,,,,,24.8,2005-10-08T11:00:00,,,,21.0,2005-10-08T21:00:00,,,,,,,,,,,,,,,,,,,,,,,,,100,2005-10-08T01:00:00,,,,,,,,,,,,,,,,,,,,,,,,,,,,,,,,,27.0,,,,,,,,,,,,,,,,,,,,,,,,,,,,,,,,,,,,,,,,,,,,,,,,,,,,,,,,,,,,,,,,,,,,,,,,,,,,,,,,,,,,,,,3.0,2005-10-08T23:59:59,,,,,,,,,,,,,,,,,,,,,,,,,,,,,,,,,,,,,,,,,,,,,,,,,,,,,,,,,,,,,,,,,,,,,,,,,,,,,,
2005-10-09,986.5,,988.0,2005-10-09T09:00:00,984.8,2005-10-09T14:00:00,23.9,27.9,2005-10-09T14:00:00,21.1,2005-10-09T05:00:00,21.3,86,72,2005-10-09T14:00:00,2.2,67.5,11.7,45.0,2005-10-09T20:00:00,20.5,,,,,1.7,8.54,4.3,,26.4,26.5,26.6,27.0,26.8,,,,,,,,,22.6,2005-10-09T10:00:00,,,,20.7,2005-10-09T07:00:00,,,,,,,,,,,,,,,,,,,,,,,,,97,2005-10-09T04:00:00,,,,,,,,,,,,,,,,,,,,,,,,,,,,,,,,,27.0,,,,,,,,,,,,,,,,,,,,,,,,,,,,,,,,,,,,,,,,,,,,,,,,,,,,,,,,,,,,,,,,,,,,,,,,,,,,,,,,,,,,,,,3.2,2005-10-09T10:00:00,,,,,,,,,,,,,,,,,,,,,,,,,,,,,,,,,,,,,,,,,,,,,,,,,,,,,,,,,,,,,,,,,,,,,,,,,,,,,,
2005-10-10,986.2,,987.6,2005-10-10T09:00:00,984.1,2005-10-10T14:00:00,24.9,30.4,2005-10-10T13:00:00,21.5,2005-10-10T22:00:00,21.7,83,66,2005-10-10T13:00:00,1.8,270.0,8.8,337.5,2005-10-10T02:00:00,3.5,,,,,6.4,11.2,3.2,,26.8,26.8,26.8,26.8,26.8,,,,,,,,,24.5,2005-10-10T14:00:00,,,,19.8,2005-10-10T22:00:00,,,,,,,,,,,,,,,,,,,,,,,,,100,2005-10-10T17:00:00,,,,,,,,,,,,,,,,,,,,,,,,,,,,,,,,,26.9,,,,,,,,,,,,,,,,,,,,,,,,,,,,,,,,,,,,,,,,,,,,,,,,,,,,,,,,,,,,,,,,,,,,,,,,,,,,,,,,,,,,,,,3.6,2005-10-10T02:00:00,,,,,,,,,,,,,,,,,,,,,,,,,,,,,,,,,,,,,,,,,,,,,,,,,,,,,,,,,,,,,,,,,,,,,,,,,,,,,,
2005-10-11,985.8,,987.3,2005-10-11T08:00:00,983.8,2005-10-11T14:00:00,25.4,30.3,2005-10-11T14:00:00,21.5,2005-10-11T03:00:00,20.5,75,59,2005-10-11T13:00:00,2.0,67.5,9.9,360.0,2005-10-11T18:00:00,0.5,,,,,9.3,12.89,4.3,,27.0,27.0,26.9,26.9,26.9,,,,,,,,,22.2,2005-10-11T11:00:00,,,,18.5,2005-10-11T21:00:00,,,,,,,,,,,,,,,,,,,,,,,,,98,2005-10-11T02:00:00,,,,,,,,,,,,,,,,,,,,,,,,,,,,,,,,,26.8,,,,,,,,,,,,,,,,,,,,,,,,,,,,,,,,,,,,,,,,,,,,,,,,,,,,,,,,,,,,,,,,,,,,,,,,,,,,,,,,,,,,,,,4.0,2005-10-11T13:00:00,,,,,,,,,,,,,,,,,,,,,,,,,,,,,,,,,,,,,,,,,,,,,,,,,,,,,,,,,,,,,,,,,,,,,,,,,,,,,,
2005-10-12,984.1,,985.6,2005-10-12T01:00:00,982.1,2005-10-12T15:00:00,25.0,30.5,2005-10-12T13:00:00,19.6,2005-10-12T06:00:00,20.5,77,52,2005-10-12T12:00:00,1.6,270.0,6.2,67.5,2005-10-12T01:00:00,0.0,,,,,9.0,13.07,4.1,,27.1,27.1,27.0,27.0,27.0,,,,,,,,,22.8,2005-10-12T13:00:00,,,,18.4,2005-10-12T06:00:00,,,,,,,,,,,,,,,,,,,,,,,,,94,2005-10-12T05:00:00,,,,,,,,,,,,,,,,,,,,,,,,,,,,,,,,,26.8,,,,,,,,,,,,,,,,,,,,,,,,,,,,,,,,,,,,,,,,,,,,,,,,,,,,,,,,,,,,,,,,,,,,,,,,,,,,,,,,,,,,,,,2.6,2005-10-12T13:00:00,,,,,,,,,,,,,,,,,,,,,,,,,,,,,,,,,,,,,,,,,,,,,,,,,,,,,,,,,,,,,,,,,,,,,,,,,,,,,,
2005-10-13,983.6,,985.0,2005-10-13T21:00:00,981.6,2005-10-13T15:00:00,25.1,30.6,2005-10-13T12:00:00,20.7,2005-10-13T07:00:00,21.8,83,67,2005-10-13T11:00:00,1.6,270.0,8.2,67.5,2005-10-13T11:00:00,0.0,,,,,6.2,10.32,2.9,,27.0,27.0,27.0,27.0,27.0,,,,,,,,,24.7,2005-10-13T14:00:00,,,,19.4,2005-10-13T03:00:00,,,,,,,,,,,,,,,,,,,,,,,,,95,2005-10-13T17:00:00,,,,,,,,,,,,,,,,,,,,,,,,,,,,,,,,,26.9,,,,,,,,,,,,,,,,,,,,,,,,,,,,,,,,,,,,,,,,,,,,,,,,,,,,,,,,,,,,,,,,,,,,,,,,,,,,,,,,,,,,,,,3.0,2005-10-13T14:00:00,,,,,,,,,,,,,,,,,,,,,,,,,,,,,,,,,,,,,,,,,,,,,,,,,,,,,,,,,,,,,,,,,,,,,,,,,,,,,,
2005-10-14,983.3,,984.8,2005-10-14T09:00:00,981.5,2005-10-14T14:00:00,24.4,28.9,2005-10-14T13:00:00,20.9,2005-10-14T07:00:00,20.8,81,65,2005-10-14T13:00:00,1.6,247.5,6.6,135.0,2005-10-14T13:00:00,0.0,,,,,6.5,10.51,3.6,,27.0,27.0,27.0,27.0,27.0,,,,,,,,,22.6,2005-10-14T11:00:00,,,,19.9,2005-10-14T06:00:00,,,,,,,,,,,,,,,,,,,,,,,,,94,2005-10-14T04:00:00,,,,,,,,,,,,,,,,,,,,,,,,,,,,,,,,,26.9,,,,,,,,,,,,,,,,,,,,,,,,,,,,,,,,,,,,,,,,,,,,,,,,,,,,,,,,,,,,,,,,,,,,,,,,,,,,,,,,,,,,,,,3.2,2005-10-14T12:00:00,,,,,,,,,,,,,,,,,,,,,,,,,,,,,,,,,,,,,,,,,,,,,,,,,,,,,,,,,,,,,,,,,,,,,,,,,,,,,,
2005-10-15,984.2,,986.7,2005-10-15T22:00:00,982.5,2005-10-15T04:00:00,23.3,27.5,2005-10-15T12:00:00,20.2,2005-10-15T06:00:00,20.8,86,74,2005-10-15T11:00:00,1.4,247.5,7.0,90.0,2005-10-15T18:00:00,0.0,,,,,2.8,6.59,2.5,,26.5,26.5,26.7,26.9,26.8,,,,,,,,,22.3,2005-10-15T17:00:00,,,,19.4,2005-10-15T23:59:59,,,,,,,,,,,,,,,,,,,,,,,,,99,2005-10-15T06:00:00,,,,,,,,,,,,,,,,,,,,,,,,,,,,,,,,,26.9,,,,,,,,,,,,,,,,,,,,,,,,,,,,,,,,,,,,,,,,,,,,,,,,,,,,,,,,,,,,,,,,,,,,,,,,,,,,,,,,,,,,,,,2.8,2005-10-15T18:00:00,,,,,,,,,,,,,,,,,,,,,,,,,,,,,,,,,,,,,,,,,,,,,,,,,,,,,,,,,,,,,,,,,,,,,,,,,,,,,,
2005-10-16,986.4,,988.0,2005-10-16T22:00:00,984.3,2005-10-16T15:00:00,22.2,25.3,2005-10-16T15:00:00,20.7,2005-10-16T06:00:00,18.4,79,66,2005-10-16T14:00:00,1.3,67.5,6.3,45.0,2005-10-16T18:00:00,0.0,,,,,0.0,4.54,1.5,,26.0,26.0,26.3,26.7,26.5,,,,,,,,,19.8,2005-10-16T16:00:00,,,,17.1,2005-10-16T11:00:00,,,,,,,,,,,,,,,,,,,,,,,,,88,2005-10-16T01:00:00,,,,,,,,,,,,,,,,,,,,,,,,,,,,,,,,,26.8,,,,,,,,,,,,,,,,,,,,,,,,,,,,,,,,,,,,,,,,,,,,,,,,,,,,,,,,,,,,,,,,,,,,,,,,,,,,,,,,,,,,,,,1.9,2005-10-16T13:00:00,,,,,,,,,,,,,,,,,,,,,,,,,,,,,,,,,,,,,,,,,,,,,,,,,,,,,,,,,,,,,,,,,,,,,,,,,,,,,,
2005-10-17,988.2,,990.7,2005-10-17T23:00:00,986.1,2005-10-17T15:00:00,22.8,25.9,2005-10-17T13:00:00,20.2,2005-10-17T05:00:00,18.5,77,63,2005-10-17T12:00:00,1.6,67.5,8.6,22.5,2005-10-17T19:00:00,0.0,,,,,1.7,7.13,2.6,,25.7,25.7,25.9,26.5,26.1,,,,,,,,,19.8,2005-10-17T17:00:00,,,,17.3,2005-10-17T23:59:59,,,,,,,,,,,,,,,,,,,,,,,,,94,2005-10-17T05:00:00,,,,,,,,,,,,,,,,,,,,,,,,,,,,,,,,,26.7,,,,,,,,,,,,,,,,,,,,,,,,,,,,,,,,,,,,,,,,,,,,,,,,,,,,,,,,,,,,,,,,,,,,,,,,,,,,,,,,,,,,,,,3.1,2005-10-17T09:00:00,,,,,,,,,,,,,,,,,,,,,,,,,,,,,,,,,,,,,,,,,,,,,,,,,,,,,,,,,,,,,,,,,,,,,,,,,,,,,,
2005-10-18,989.6,,990.8,2005-10-18T09:00:00,987.9,2005-10-18T15:00:00,23.0,28.6,2005-10-18T14:00:00,18.9,2005-10-18T23:00:00,16.3,67,48,2005-10-18T14:00:00,2.0,45.0,9.8,337.5,2005-10-18T18:00:00,0.0,,,,,7.7,11.83,4.7,,25.7,25.7,25.9,26.3,26.0,,,,,,,,,17.6,2005-10-18T15:00:00,,,,14.8,2005-10-18T23:59:59,,,,,,,,,,,,,,,,,,,,,,,,,84,2005-10-18T03:00:00,,,,,,,,,,,,,,,,,,,,,,,,,,,,,,,,,26.6,,,,,,,,,,,,,,,,,,,,,,,,,,,,,,,,,,,,,,,,,,,,,,,,,,,,,,,,,,,,,,,,,,,,,,,,,,,,,,,,,,,,,,,4.0,2005-10-18T12:00:00,,,,,,,,,,,,,,,,,,,,,,,,,,,,,,,,,,,,,,,,,,,,,,,,,,,,,,,,,,,,,,,,,,,,,,,,,,,,,,
2005-10-19,989.0,,990.5,2005-10-19T10:00:00,987.5,2005-10-19T15:00:00,22.8,28.3,2005-10-19T14:00:00,16.9,2005-10-19T06:00:00,16.5,68,55,2005-10-19T12:00:00,2.1,45.0,9.7,67.5,2005-10-19T10:00:00,0.0,,,,,7.0,11.53,3.6,,25.2,25.3,25.5,26.1,25.8,,,,,,,,,19.1,2005-10-19T14:00:00,,,,14.3,2005-10-19T03:00:00,,,,,,,,,,,,,,,,,,,,,,,,,88,2005-10-19T06:00:00,,,,,,,,,,,,,,,,,,,,,,,,,,,,,,,,,26.4,,,,,,,,,,,,,,,,,,,,,,,,,,,,,,,,,,,,,,,,,,,,,,,,,,,,,,,,,,,,,,,,,,,,,,,,,,,,,,,,,,,,,,,3.5,2005-10-19T20:00:00,,,,,,,,,,,,,,,,,,,,,,,,,,,,,,,,,,,,,,,,,,,,,,,,,,,,,,,,,,,,,,,,,,,,,,,,,,,,,,
2005-10-20,988.1,,989.9,2005-10-20T09:00:00,986.3,2005-10-20T15:00:00,23.6,29.9,2005-10-20T14:00:00,17.7,2005-10-20T06:00:00,18.0,72,49,2005-10-20T14:00:00,1.8,45.0,9.0,45.0,2005-10-20T11:00:00,0.0,,,,,7.9,11.52,3.4,,25.4,25.4,25.4,25.9,25.6,,,,,,,,,21.4,2005-10-20T15:00:00,,,,15.0,2005-10-20T05:00:00,,,,,,,,,,,,,,,,,,,,,,,,,90,2005-10-20T22:00:00,,,,,,,,,,,,,,,,,,,,,,,,,,,,,,,,,26.3,,,,,,,,,,,,,,,,,,,,,,,,,,,,,,,,,,,,,,,,,,,,,,,,,,,,,,,,,,,,,,,,,,,,,,,,,,,,,,,,,,,,,,,3.3,2005-10-20T10:00:00,,,,,,,,,,,,,,,,,,,,,,,,,,,,,,,,,,,,,,,,,,,,,,,,,,,,,,,,,,,,,,,,,,,,,,,,,,,,,,
2005-10-21,987.5,,988.6,2005-10-21T21:00:00,986.2,2005-10-21T14:00:00,24.1,30.0,2005-10-21T13:00:00,21.4,2005-10-21T06:00:00,20.2,80,55,2005-10-21T12:00:00,1.6,67.5,6.7,112.5,2005-10-21T13:00:00,0.0,,,,,3.6,8.63,2.6,,26.1,26.0,25.9,26.0,25.9,,,,,,,,,21.8,2005-10-21T16:00:00,,,,19.3,2005-10-21T11:00:00,,,,,,,,,,,,,,,,,,,,,,,,,92,2005-10-21T05:00:00,,,,,,,,,,,,,,,,,,,,,,,,,,,,,,,,,26.2,,,,,,,,,,,,,,,,,,,,,,,,,,,,,,,,,,,,,,,,,,,,,,,,,,,,,,,,,,,,,,,,,,,,,,,,,,,,,,,,,,,,,,,3.0,2005-10-21T13:00:00,,,,,,,,,,,,,,,,,,,,,,,,,,,,,,,,,,,,,,,,,,,,,,,,,,,,,,,,,,,,,,,,,,,,,,,,,,,,,,
2005-10-22,989.3,,991.3,2005-10-22T22:00:00,987.4,2005-10-22T14:00:00,22.9,29.4,2005-10-22T13:00:00,20.0,2005-10-22T23:59:59,18.2,76,50,2005-10-22T12:00:00,1.8,67.5,10.9,90.0,2005-10-22T22:00:00,0.0,,,,,1.7,6.95,2.9,,26.0,26.0,26.0,26.1,26.0,,,,,,,,,21.1,2005-10-22T14:00:00,,,,16.8,2005-10-22T23:00:00,,,,,,,,,,,,,,,,,,,,,,,,,90,2005-10-22T02:00:00,,,,,,,,,,,,,,,,,,,,,,,,,,,,,,,,,26.2,,,,,,,,,,,,,,,,,,,,,,,,,,,,,,,,,,,,,,,,,,,,,,,,,,,,,,,,,,,,,,,,,,,,,,,,,,,,,,,,,,,,,,,3.0,2005-10-22T16:00:00,,,,,,,,,,,,,,,,,,,,,,,,,,,,,,,,,,,,,,,,,,,,,,,,,,,,,,,,,,,,,,,,,,,,,,,,,,,,,,
2005-10-23,989.7,,991.2,2005-10-23T09:00:00,988.3,2005-10-23T14:00:00,21.1,25.0,2005-10-23T14:00:00,17.8,2005-10-23T23:59:59,17.0,78,63,2005-10-23T11:00:00,1.7,67.5,6.7,67.5,2005-10-23T01:00:00,0.0,,,,,1.4,6.28,1.9,,25.1,25.2,25.4,26.0,25.7,,,,,,,,,17.8,2005-10-23T18:00:00,,,,15.5,2005-10-23T05:00:00,,,,,,,,,,,,,,,,,,,,,,,,,97,2005-10-23T23:59:59,,,,,,,,,,,,,,,,,,,,,,,,,,,,,,,,,26.2,,,,,,,,,,,,,,,,,,,,,,,,,,,,,,,,,,,,,,,,,,,,,,,,,,,,,,,,,,,,,,,,,,,,,,,,,,,,,,,,,,,,,,,3.1,2005-10-23T10:00:00,,,,,,,,,,,,,,,,,,,,,,,,,,,,,,,,,,,,,,,,,,,,,,,,,,,,,,,,,,,,,,,,,,,,,,,,,,,,,,
2005-10-24,989.6,,991.2,2005-10-24T09:00:00,988.3,2005-10-24T15:00:00,21.6,27.7,2005-10-24T12:00:00,17.8,2005-10-24T01:00:00,18.7,84,58,2005-10-24T11:00:00,1.3,270.0,5.7,90.0,2005-10-24T11:00:00,0.0,,,,,2.3,7.25,1.9,,25.0,25.1,25.2,25.7,25.4,,,,,,,,,20.6,2005-10-24T18:00:00,,,,17.4,2005-10-24T07:00:00,,,,,,,,,,,,,,,,,,,,,,,,,96,2005-10-24T23:00:00,,,,,,,,,,,,,,,,,,,,,,,,,,,,,,,,,26.1,,,,,,,,,,,,,,,,,,,,,,,,,,,,,,,,,,,,,,,,,,,,,,,,,,,,,,,,,,,,,,,,,,,,,,,,,,,,,,,,,,,,,,,2.7,2005-10-24T11:00:00,,,,,,,,,,,,,,,,,,,,,,,,,,,,,,,,,,,,,,,,,,,,,,,,,,,,,,,,,,,,,,,,,,,,,,,,,,,,,,
2005-10-25,989.1,,990.3,2005-10-25T09:00:00,987.3,2005-10-25T15:00:00,22.5,28.6,2005-10-25T13:00:00,17.4,2005-10-25T07:00:00,19.1,82,55,2005-10-25T11:00:00,1.5,247.5,6.7,112.5,2005-10-25T13:00:00,0.0,,,,,7.3,10.72,2.9,,25.3,25.3,25.3,25.6,25.4,,,,,,,,,21.2,2005-10-25T17:00:00,,,,16.7,2005-10-25T06:00:00,,,,,,,,,,,,,,,,,,,,,,,,,96,2005-10-25T02:00:00,,,,,,,,,,,,,,,,,,,,,,,,,,,,,,,,,26.0,,,,,,,,,,,,,,,,,,,,,,,,,,,,,,,,,,,,,,,,,,,,,,,,,,,,,,,,,,,,,,,,,,,,,,,,,,,,,,,,,,,,,,,3.2,2005-10-25T12:00:00,,,,,,,,,,,,,,,,,,,,,,,,,,,,,,,,,,,,,,,,,,,,,,,,,,,,,,,,,,,,,,,,,,,,,,,,,,,,,,
2005-10-26,988.9,,990.4,2005-10-26T23:00:00,987.1,2005-10-26T15:00:00,23.9,29.7,2005-10-26T12:00:00,18.5,2005-10-26T07:00:00,20.4,82,58,2005-10-26T10:00:00,1.7,247.5,7.1,135.0,2005-10-26T14:00:00,0.0,,,,,7.0,10.6,2.9,,25.7,25.7,25.6,25.7,25.6,,,,,,,,,22.7,2005-10-26T15:00:00,,,,17.8,2005-10-26T06:00:00,,,,,,,,,,,,,,,,,,,,,,,,,98,2005-10-26T05:00:00,,,,,,,,,,,,,,,,,,,,,,,,,,,,,,,,,25.9,,,,,,,,,,,,,,,,,,,,,,,,,,,,,,,,,,,,,,,,,,,,,,,,,,,,,,,,,,,,,,,,,,,,,,,,,,,,,,,,,,,,,,,2.7,2005-10-26T10:00:00,,,,,,,,,,,,,,,,,,,,,,,,,,,,,,,,,,,,,,,,,,,,,,,,,,,,,,,,,,,,,,,,,,,,,,,,,,,,,,
2005-10-27,989.5,,990.5,2005-10-27T10:00:00,988.3,2005-10-27T15:00:00,24.5,29.6,2005-10-27T11:00:00,20.4,2005-10-27T06:00:00,21.3,83,59,2005-10-27T11:00:00,1.6,247.5,7.0,67.5,2005-10-27T10:00:00,0.0,,,,,5.9,9.48,3.6,,26.2,26.2,26.0,25.8,25.9,,,,,,,,,22.7,2005-10-27T15:00:00,,,,19.7,2005-10-27T07:00:00,,,,,,,,,,,,,,,,,,,,,,,,,96,2005-10-27T23:59:59,,,,,,,,,,,,,,,,,,,,,,,,,,,,,,,,,25.9,,,,,,,,,,,,,,,,,,,,,,,,,,,,,,,,,,,,,,,,,,,,,,,,,,,,,,,,,,,,,,,,,,,,,,,,,,,,,,,,,,,,,,,3.1,2005-10-27T14:00:00,,,,,,,,,,,,,,,,,,,,,,,,,,,,,,,,,,,,,,,,,,,,,,,,,,,,,,,,,,,,,,,,,,,,,,,,,,,,,,
2005-10-28,988.0,,990.1,2005-10-28T09:00:00,986.3,2005-10-28T16:00:00,24.0,30.4,2005-10-28T13:00:00,19.6,2005-10-28T07:00:00,20.8,84,60,2005-10-28T10:00:00,1.8,247.5,7.5,112.5,2005-10-28T13:00:00,0.0,,,,,5.7,10.1,3.1,,26.2,26.2,26.1,26.0,26.0,,,,,,,,,22.9,2005-10-28T12:00:00,,,,18.8,2005-10-28T06:00:00,,,,,,,,,,,,,,,,,,,,,,,,,98,2005-10-28T03:00:00,,,,,,,,,,,,,,,,,,,,,,,,,,,,,,,,,26.0,,,,,,,,,,,,,,,,,,,,,,,,,,,,,,,,,,,,,,,,,,,,,,,,,,,,,,,,,,,,,,,,,,,,,,,,,,,,,,,,,,,,,,,4.0,2005-10-28T13:00:00,,,,,,,,,,,,,,,,,,,,,,,,,,,,,,,,,,,,,,,,,,,,,,,,,,,,,,,,,,,,,,,,,,,,,,,,,,,,,,
2005-10-29,985.9,,987.7,2005-10-29T09:00:00,983.5,2005-10-29T14:00:00,24.0,30.5,2005-10-29T12:00:00,19.3,2005-10-29T06:00:00,20.2,80,52,2005-10-29T11:00:00,1.9,247.5,8.2,360.0,2005-10-29T23:59:59,1.0,,,,,6.3,10.12,2.6,,26.2,26.2,26.1,26.1,26.1,,,,,,,,,22.7,2005-10-29T12:00:00,,,,18.1,2005-10-29T04:00:00,,,,,,,,,,,,,,,,,,,,,,,,,94,2005-10-29T19:00:00,,,,,,,,,,,,,,,,,,,,,,,,,,,,,,,,,26.0,,,,,,,,,,,,,,,,,,,,,,,,,,,,,,,,,,,,,,,,,,,,,,,,,,,,,,,,,,,,,,,,,,,,,,,,,,,,,,,,,,,,,,,3.9,2005-10-29T23:59:59,,,,,,,,,,,,,,,,,,,,,,,,,,,,,,,,,,,,,,,,,,,,,,,,,,,,,,,,,,,,,,,,,,,,,,,,,,,,,,
2005-10-30,988.2,,990.7,2005-10-30T22:00:00,986.3,2005-10-30T02:00:00,21.4,24.4,2005-10-30T10:00:00,18.2,2005-10-30T23:59:59,18.2,82,74,2005-10-30T13:00:00,2.5,67.5,12.9,67.5,2005-10-30T16:00:00,1.0,,,,,0.0,4.58,1.5,,25.4,25.5,25.7,26.0,25.9,,,,,,,,,19.4,2005-10-30T10:00:00,,,,17.3,2005-10-30T22:00:00,,,,,,,,,,,,,,,,,,,,,,,,,95,2005-10-30T23:59:59,,,,,,,,,,,,,,,,,,,,,,,,,,,,,,,,,26.1,,,,,,,,,,,,,,,,,,,,,,,,,,,,,,,,,,,,,,,,,,,,,,,,,,,,,,,,,,,,,,,,,,,,,,,,,,,,,,,,,,,,,,,4.5,2005-10-30T14:00:00,,,,,,,,,,,,,,,,,,,,,,,,,,,,,,,,,,,,,,,,,,,,,,,,,,,,,,,,,,,,,,,,,,,,,,,,,,,,,,
2005-10-31,991.2,,992.8,2005-10-31T09:00:00,989.5,2005-10-31T03:00:00,19.7,22.2,2005-10-31T13:00:00,17.5,2005-10-31T06:00:00,15.9,79,68,2005-10-31T13:00:00,2.2,67.5,13.8,67.5,2005-10-31T13:00:00,7.5,,,,,0.0,4.5,1.3,,24.0,24.1,24.6,25.6,25.1,,,,,,,,,17.2,2005-10-31T02:00:00,,,,14.8,2005-10-31T19:00:00,,,,,,,,,,,,,,,,,,,,,,,,,96,2005-10-31T02:00:00,,,,,,,,,,,,,,,,,,,,,,,,,,,,,,,,,26.0,,,,,,,,,,,,,,,,,,,,,,,,,,,,,,,,,,,,,,,,,,,,,,,,,,,,,,,,,,,,,,,,,,,,,,,,,,,,,,,,,,,,,,,3.3,2005-10-31T12:00:00,,,,,,,,,,,,,,,,,,,,,,,,,,,,,,,,,,,,,,,,,,,,,,,,,,,,,,,,,,,,,,,,,,,,,,,,,,,,,,
2005-11-01,990.5,,991.7,2005-11-01T08:00:00,988.8,2005-11-01T15:00:00,22.1,27.2,2005-11-01T14:00:00,18.7,2005-11-01T06:00:00,17.4,75,60,2005-11-01T12:00:00,1.6,67.5,8.8,67.5,2005-11-01T11:00:00,0.0,,,,,0.8,6.91,2.3,,24.1,24.1,24.3,25.2,24.6,,,,,,,,,19.7,2005-11-01T17:00:00,,,,15.3,2005-11-01T02:00:00,,,,,,,,,,,,,,,,,,,,,,,,,91,2005-11-01T23:00:00,,,,,,,,,,,,,,,,,,,,,,,,,,,,,,,,,25.8,,,,,,,,,,,,,,,,,,,,,,,,,,,,,,,,,,,,,,,,,,,,,,,,,,,,,,,,,,,,,,,,,,,,,,,,,,,,,,,,,,,,,,,3.1,2005-11-01T09:00:00,,,,,,,,,,,,,,,,,,,,,,,,,,,,,,,,,,,,,,,,,,,,,,,,,,,,,,,,,,,,,,,,,,,,,,,,,,,,,,
2005-11-02,989.5,,991.3,2005-11-02T08:00:00,987.9,2005-11-02T14:00:00,22.8,28.7,2005-11-02T12:00:00,18.3,2005-11-02T04:00:00,19.5,82,58,2005-11-02T11:00:00,1.6,247.5,6.7,112.5,2005-11-02T12:00:00,0.0,,,,,3.8,7.87,2.4,,24.6,24.6,24.6,25.1,24.8,,,,,,,,,21.6,2005-11-02T12:00:00,,,,17.7,2005-11-02T06:00:00,,,,,,,,,,,,,,,,,,,,,,,,,95,2005-11-02T04:00:00,,,,,,,,,,,,,,,,,,,,,,,,,,,,,,,,,25.6,,,,,,,,,,,,,,,,,,,,,,,,,,,,,,,,,,,,,,,,,,,,,,,,,,,,,,,,,,,,,,,,,,,,,,,,,,,,,,,,,,,,,,,3.3,2005-11-02T10:00:00,,,,,,,,,,,,,,,,,,,,,,,,,,,,,,,,,,,,,,,,,,,,,,,,,,,,,,,,,,,,,,,,,,,,,,,,,,,,,,
2005-11-03,989.0,,990.7,2005-11-03T09:00:00,987.2,2005-11-03T15:00:00,22.8,28.9,2005-11-03T12:00:00,18.1,2005-11-03T06:00:00,19.3,82,57,2005-11-03T11:00:00,1.5,270.0,6.2,112.5,2005-11-03T13:00:00,0.0,,,,,5.4,8.85,2.5,,24.9,24.9,24.9,25.1,25.0,,,,,,,,,21.5,2005-11-03T17:00:00,,,,16.3,2005-11-03T06:00:00,,,,,,,,,,,,,,,,,,,,,,,,,98,2005-11-03T23:00:00,,,,,,,,,,,,,,,,,,,,,,,,,,,,,,,,,25.5,,,,,,,,,,,,,,,,,,,,,,,,,,,,,,,,,,,,,,,,,,,,,,,,,,,,,,,,,,,,,,,,,,,,,,,,,,,,,,,,,,,,,,,3.0,2005-11-03T14:00:00,,,,,,,,,,,,,,,,,,,,,,,,,,,,,,,,,,,,,,,,,,,,,,,,,,,,,,,,,,,,,,,,,,,,,,,,,,,,,,
2005-11-04,987.8,,989.4,2005-11-04T09:00:00,986.2,2005-11-04T15:00:00,22.7,28.2,2005-11-04T11:00:00,18.2,2005-11-04T05:00:00,19.9,85,62,2005-11-04T10:00:00,1.5,247.5,5.2,90.0,2005-11-04T12:00:00,0.0,,,,,4.8,7.84,1.8,,24.8,24.8,24.8,25.1,24.9,,,,,,,,,21.7,2005-11-04T16:00:00,,,,17.5,2005-11-04T08:00:00,,,,,,,,,,,,,,,,,,,,,,,,,98,2005-11-04T04:00:00,,,,,,,,,,,,,,,,,,,,,,,,,,,,,,,,,25.5,,,,,,,,,,,,,,,,,,,,,,,,,,,,,,,,,,,,,,,,,,,,,,,,,,,,,,,,,,,,,,,,,,,,,,,,,,,,,,,,,,,,,,,2.6,2005-11-04T12:00:00,,,,,,,,,,,,,,,,,,,,,,,,,,,,,,,,,,,,,,,,,,,,,,,,,,,,,,,,,,,,,,,,,,,,,,,,,,,,,,
2005-11-05,985.9,,987.7,2005-11-05T09:00:00,984.0,2005-11-05T15:00:00,23.0,28.6,2005-11-05T12:00:00,18.2,2005-11-05T07:00:00,20.4,86,63,2005-11-05T09:00:00,1.5,247.5,6.4,90.0,2005-11-05T14:00:00,0.0,,,,,4.0,6.59,1.7,,24.8,24.8,24.8,25.1,24.9,,,,,,,,,22.2,2005-11-05T15:00:00,,,,16.9,2005-11-05T07:00:00,,,,,,,,,,,,,,,,,,,,,,,,,98,2005-11-05T06:00:00,,,,,,,,,,,,,,,,,,,,,,,,,,,,,,,,,25.4,,,,,,,,,,,,,,,,,,,,,,,,,,,,,,,,,,,,,,,,,,,,,,,,,,,,,,,,,,,,,,,,,,,,,,,,,,,,,,,,,,,,,,,3.1,2005-11-05T13:00:00,,,,,,,,,,,,,,,,,,,,,,,,,,,,,,,,,,,,,,,,,,,,,,,,,,,,,,,,,,,,,,,,,,,,,,,,,,,,,,
2005-11-06,984.8,,986.0,2005-11-06T22:00:00,983.1,2005-11-06T14:00:00,23.4,28.9,2005-11-06T11:00:00,20.3,2005-11-06T05:00:00,21.7,91,69,2005-11-06T10:00:00,2.0,247.5,8.1,90.0,2005-11-06T11:00:00,0.5,,,,,4.2,5.92,1.0,,24.9,24.9,24.9,25.1,25.0,,,,,,,,,24.0,2005-11-06T15:00:00,,,,19.1,2005-11-06T05:00:00,,,,,,,,,,,,,,,,,,,,,,,,,100,2005-11-06T17:00:00,,,,,,,,,,,,,,,,,,,,,,,,,,,,,,,,,25.4,,,,,,,,,,,,,,,,,,,,,,,,,,,,,,,,,,,,,,,,,,,,,,,,,,,,,,,,,,,,,,,,,,,,,,,,,,,,,,,,,,,,,,,3.8,2005-11-06T12:00:00,,,,,,,,,,,,,,,,,,,,,,,,,,,,,,,,,,,,,,,,,,,,,,,,,,,,,,,,,,,,,,,,,,,,,,,,,,,,,,
2005-11-07,986.5,,987.8,2005-11-07T20:00:00,985.4,2005-11-07T03:00:00,23.8,30.7,2005-11-07T12:00:00,20.3,2005-11-07T07:00:00,21.7,90,57,2005-11-07T10:00:00,1.6,247.5,6.6,112.5,2005-11-07T13:00:00,7.5,,,,,5.5,7.86,1.1,,25.1,25.1,25.0,25.2,25.1,,,,,,,,,24.2,2005-11-07T15:00:00,,,,18.8,2005-11-07T10:00:00,,,,,,,,,,,,,,,,,,,,,,,,,100,2005-11-07T16:00:00,,,,,,,,,,,,,,,,,,,,,,,,,,,,,,,,,25.4,,,,,,,,,,,,,,,,,,,,,,,,,,,,,,,,,,,,,,,,,,,,,,,,,,,,,,,,,,,,,,,,,,,,,,,,,,,,,,,,,,,,,,,2.6,2005-11-07T14:00:00,,,,,,,,,,,,,,,,,,,,,,,,,,,,,,,,,,,,,,,,,,,,,,,,,,,,,,,,,,,,,,,,,,,,,,,,,,,,,,
2005-11-08,987.5,,988.8,2005-11-08T21:00:00,986.2,2005-11-08T04:00:00,24.0,30.1,2005-11-08T12:00:00,20.1,2005-11-08T06:00:00,21.7,88,63,2005-11-08T11:00:00,1.5,247.5,5.7,112.5,2005-11-08T12:00:00,0.0,,,,,4.5,6.96,1.4,,25.2,25.2,25.1,25.2,25.2,,,,,,,,,23.1,2005-11-08T17:00:00,,,,20.1,2005-11-08T06:00:00,,,,,,,,,,,,,,,,,,,,,,,,,100,2005-11-08T06:00:00,,,,,,,,,,,,,,,,,,,,,,,,,,,,,,,,,25.4,,,,,,,,,,,,,,,,,,,,,,,,,,,,,,,,,,,,,,,,,,,,,,,,,,,,,,,,,,,,,,,,,,,,,,,,,,,,,,,,,,,,,,,2.8,2005-11-08T02:00:00,,,,,,,,,,,,,,,,,,,,,,,,,,,,,,,,,,,,,,,,,,,,,,,,,,,,,,,,,,,,,,,,,,,,,,,,,,,,,,
2005-11-09,986.8,,988.3,2005-11-09T09:00:00,985.3,2005-11-09T15:00:00,23.4,29.2,2005-11-09T11:00:00,20.8,2005-11-09T23:59:59,21.6,90,71,2005-11-09T10:00:00,2.0,247.5,8.5,90.0,2005-11-09T11:00:00,0.5,,,,,4.1,5.62,0.9,,25.2,25.2,25.2,25.3,25.3,,,,,,,,,23.4,2005-11-09T16:00:00,,,,20.0,2005-11-09T23:59:59,,,,,,,,,,,,,,,,,,,,,,,,,98,2005-11-09T02:00:00,,,,,,,,,,,,,,,,,,,,,,,,,,,,,,,,,25.4,,,,,,,,,,,,,,,,,,,,,,,,,,,,,,,,,,,,,,,,,,,,,,,,,,,,,,,,,,,,,,,,,,,,,,,,,,,,,,,,,,,,,,,3.3,2005-11-09T11:00:00,,,,,,,,,,,,,,,,,,,,,,,,,,,,,,,,,,,,,,,,,,,,,,,,,,,,,,,,,,,,,,,,,,,,,,,,,,,,,,
2005-11-10,985.2,,986.7,2005-11-10T09:00:00,983.4,2005-11-10T16:00:00,22.9,28.9,2005-11-10T12:00:00,19.0,2005-11-10T06:00:00,21.0,90,68,2005-11-10T11:00:00,1.7,247.5,7.1,90.0,2005-11-10T12:00:00,0.0,,,,,4.5,6.5,1.6,,24.8,24.8,24.9,25.2,25.1,,,,,,,,,23.1,2005-11-10T14:00:00,,,,19.2,2005-11-10T06:00:00,,,,,,,,,,,,,,,,,,,,,,,,,100,2005-11-10T06:00:00,,,,,,,,,,,,,,,,,,,,,,,,,,,,,,,,,25.4,,,,,,,,,,,,,,,,,,,,,,,,,,,,,,,,,,,,,,,,,,,,,,,,,,,,,,,,,,,,,,,,,,,,,,,,,,,,,,,,,,,,,,,3.5,2005-11-10T12:00:00,,,,,,,,,,,,,,,,,,,,,,,,,,,,,,,,,,,,,,,,,,,,,,,,,,,,,,,,,,,,,,,,,,,,,,,,,,,,,,
2005-11-11,984.5,,985.9,2005-11-11T09:00:00,982.8,2005-11-11T14:00:00,23.2,29.2,2005-11-11T12:00:00,18.5,2005-11-11T07:00:00,21.2,90,63,2005-11-11T11:00:00,1.7,247.5,6.9,90.0,2005-11-11T14:00:00,1.0,,,,,3.3,6.0,1.1,,24.6,24.6,24.7,25.1,24.9,,,,,,,,,24.0,2005-11-11T18:00:00,,,,17.4,2005-11-11T08:00:00,,,,,,,,,,,,,,,,,,,,,,,,,100,2005-11-11T18:00:00,,,,,,,,,,,,,,,,,,,,,,,,,,,,,,,,,25.4,,,,,,,,,,,,,,,,,,,,,,,,,,,,,,,,,,,,,,,,,,,,,,,,,,,,,,,,,,,,,,,,,,,,,,,,,,,,,,,,,,,,,,,3.7,2005-11-11T14:00:00,,,,,,,,,,,,,,,,,,,,,,,,,,,,,,,,,,,,,,,,,,,,,,,,,,,,,,,,,,,,,,,,,,,,,,,,,,,,,,
2005-11-12,985.9,,987.3,2005-11-12T09:00:00,983.7,2005-11-12T01:00:00,22.8,24.4,2005-11-12T12:00:00,21.5,2005-11-12T20:00:00,22.0,95,84,2005-11-12T16:00:00,1.3,247.5,5.2,22.5,2005-11-12T13:00:00,24.0,,,,,0.0,3.59,0.3,,24.8,24.8,24.9,25.1,25.0,,,,,,,,,23.2,2005-11-12T04:00:00,,,,21.1,2005-11-12T16:00:00,,,,,,,,,,,,,,,,,,,,,,,,,100,2005-11-12T01:00:00,,,,,,,,,,,,,,,,,,,,,,,,,,,,,,,,,25.3,,,,,,,,,,,,,,,,,,,,,,,,,,,,,,,,,,,,,,,,,,,,,,,,,,,,,,,,,,,,,,,,,,,,,,,,,,,,,,,,,,,,,,,2.1,2005-11-12T12:00:00,,,,,,,,,,,,,,,,,,,,,,,,,,,,,,,,,,,,,,,,,,,,,,,,,,,,,,,,,,,,,,,,,,,,,,,,,,,,,,
2005-11-13,985.4,,987.4,2005-11-13T09:00:00,983.6,2005-11-13T15:00:00,23.2,27.9,2005-11-13T12:00:00,20.7,2005-11-13T05:00:00,22.0,93,77,2005-11-13T12:00:00,1.2,247.5,5.8,112.5,2005-11-13T12:00:00,1.0,,,,,1.3,5.13,0.7,,25.0,25.0,25.0,25.1,25.0,,,,,,,,,23.8,2005-11-13T15:00:00,,,,20.5,2005-11-13T04:00:00,,,,,,,,,,,,,,,,,,,,,,,,,100,2005-11-13T03:00:00,,,,,,,,,,,,,,,,,,,,,,,,,,,,,,,,,25.3,,,,,,,,,,,,,,,,,,,,,,,,,,,,,,,,,,,,,,,,,,,,,,,,,,,,,,,,,,,,,,,,,,,,,,,,,,,,,,,,,,,,,,,2.7,2005-11-13T12:00:00,,,,,,,,,,,,,,,,,,,,,,,,,,,,,,,,,,,,,,,,,,,,,,,,,,,,,,,,,,,,,,,,,,,,,,,,,,,,,,
2005-11-14,984.6,,986.1,2005-11-14T09:00:00,982.8,2005-11-14T15:00:00,23.4,28.3,2005-11-14T13:00:00,21.4,2005-11-14T03:00:00,20.7,86,66,2005-11-14T19:00:00,1.6,247.5,9.3,337.5,2005-11-14T19:00:00,0.0,,,,,1.4,4.91,1.2,,25.1,25.0,25.1,25.2,25.1,,,,,,,,,23.5,2005-11-14T12:00:00,,,,17.1,2005-11-14T19:00:00,,,,,,,,,,,,,,,,,,,,,,,,,100,2005-11-14T04:00:00,,,,,,,,,,,,,,,,,,,,,,,,,,,,,,,,,25.3,,,,,,,,,,,,,,,,,,,,,,,,,,,,,,,,,,,,,,,,,,,,,,,,,,,,,,,,,,,,,,,,,,,,,,,,,,,,,,,,,,,,,,,2.4,2005-11-14T09:00:00,,,,,,,,,,,,,,,,,,,,,,,,,,,,,,,,,,,,,,,,,,,,,,,,,,,,,,,,,,,,,,,,,,,,,,,,,,,,,,
2005-11-15,984.5,,986.6,2005-11-15T22:00:00,982.0,2005-11-15T14:00:00,22.9,28.1,2005-11-15T14:00:00,20.1,2005-11-15T23:59:59,18.3,76,60,2005-11-15T13:00:00,2.2,67.5,12.2,67.5,2005-11-15T12:00:00,0.0,,,,,5.4,8.52,3.1,,25.0,25.0,25.1,25.2,25.1,,,,,,,,,19.7,2005-11-15T09:00:00,,,,17.0,2005-11-15T20:00:00,,,,,,,,,,,,,,,,,,,,,,,,,93,2005-11-15T02:00:00,,,,,,,,,,,,,,,,,,,,,,,,,,,,,,,,,25.3,,,,,,,,,,,,,,,,,,,,,,,,,,,,,,,,,,,,,,,,,,,,,,,,,,,,,,,,,,,,,,,,,,,,,,,,,,,,,,,,,,,,,,,3.8,2005-11-15T11:00:00,,,,,,,,,,,,,,,,,,,,,,,,,,,,,,,,,,,,,,,,,,,,,,,,,,,,,,,,,,,,,,,,,,,,,,,,,,,,,,
2005-11-16,987.6,,990.2,2005-11-16T23:00:00,985.1,2005-11-16T04:00:00,20.9,26.1,2005-11-16T12:00:00,18.9,2005-11-16T23:00:00,16.0,74,61,2005-11-16T14:00:00,2.8,67.5,10.6,45.0,2005-11-16T14:00:00,0.0,,,,,3.5,7.85,3.1,,24.5,24.6,24.7,25.1,24.9,,,,,,,,,17.1,2005-11-16T09:00:00,,,,14.7,2005-11-16T23:59:59,,,,,,,,,,,,,,,,,,,,,,,,,84,2005-11-16T03:00:00,,,,,,,,,,,,,,,,,,,,,,,,,,,,,,,,,25.3,,,,,,,,,,,,,,,,,,,,,,,,,,,,,,,,,,,,,,,,,,,,,,,,,,,,,,,,,,,,,,,,,,,,,,,,,,,,,,,,,,,,,,,3.7,2005-11-16T13:00:00,,,,,,,,,,,,,,,,,,,,,,,,,,,,,,,,,,,,,,,,,,,,,,,,,,,,,,,,,,,,,,,,,,,,,,,,,,,,,,
2005-11-17,989.6,,991.8,2005-11-17T22:00:00,987.6,2005-11-17T15:00:00,19.9,24.7,2005-11-17T12:00:00,16.3,2005-11-17T04:00:00,15.1,74,61,2005-11-17T11:00:00,2.4,67.5,10.9,90.0,2005-11-17T09:00:00,0.0,,,,,4.8,8.36,1.9,,23.9,23.9,24.2,24.9,24.5,,,,,,,,,16.2,2005-11-17T10:00:00,,,,13.9,2005-11-17T21:00:00,,,,,,,,,,,,,,,,,,,,,,,,,93,2005-11-17T04:00:00,,,,,,,,,,,,,,,,,,,,,,,,,,,,,,,,,25.2,,,,,,,,,,,,,,,,,,,,,,,,,,,,,,,,,,,,,,,,,,,,,,,,,,,,,,,,,,,,,,,,,,,,,,,,,,,,,,,,,,,,,,,3.4,2005-11-17T08:00:00,,,,,,,,,,,,,,,,,,,,,,,,,,,,,,,,,,,,,,,,,,,,,,,,,,,,,,,,,,,,,,,,,,,,,,,,,,,,,,
2005-11-18,991.8,,993.2,2005-11-18T09:00:00,990.5,2005-11-18T03:00:00,19.2,22.7,2005-11-18T13:00:00,17.4,2005-11-18T07:00:00,14.3,74,62,2005-11-18T12:00:00,2.6,67.5,12.4,67.5,2005-11-18T17:00:00,0.0,,,,,2.1,7.07,1.8,,23.3,23.3,23.7,24.6,24.1,,,,,,,,,15.0,2005-11-18T10:00:00,,,,13.6,2005-11-18T02:00:00,,,,,,,,,,,,,,,,,,,,,,,,,81,2005-11-18T20:00:00,,,,,,,,,,,,,,,,,,,,,,,,,,,,,,,,,25.1,,,,,,,,,,,,,,,,,,,,,,,,,,,,,,,,,,,,,,,,,,,,,,,,,,,,,,,,,,,,,,,,,,,,,,,,,,,,,,,,,,,,,,,4.1,2005-11-18T17:00:00,,,,,,,,,,,,,,,,,,,,,,,,,,,,,,,,,,,,,,,,,,,,,,,,,,,,,,,,,,,,,,,,,,,,,,,,,,,,,,
2005-11-19,990.8,,993.0,2005-11-19T09:00:00,988.6,2005-11-19T15:00:00,20.2,25.2,2005-11-19T13:00:00,16.4,2005-11-19T06:00:00,13.2,65,50,2005-11-19T14:00:00,2.6,67.5,10.7,90.0,2005-11-19T18:00:00,0.0,,,,,4.8,9.28,3.5,,23.0,23.0,23.3,24.2,23.7,,,,,,,,,14.1,2005-11-19T10:00:00,,,,12.4,2005-11-19T08:00:00,,,,,,,,,,,,,,,,,,,,,,,,,81,2005-11-19T06:00:00,,,,,,,,,,,,,,,,,,,,,,,,,,,,,,,,,24.9,,,,,,,,,,,,,,,,,,,,,,,,,,,,,,,,,,,,,,,,,,,,,,,,,,,,,,,,,,,,,,,,,,,,,,,,,,,,,,,,,,,,,,,4.7,2005-11-19T19:00:00,,,,,,,,,,,,,,,,,,,,,,,,,,,,,,,,,,,,,,,,,,,,,,,,,,,,,,,,,,,,,,,,,,,,,,,,,,,,,,
2005-11-20,989.8,,991.1,2005-11-20T23:59:59,988.2,2005-11-20T14:00:00,17.7,20.2,2005-11-20T01:00:00,16.1,2005-11-20T06:00:00,15.2,86,62,2005-11-20T04:00:00,2.3,45.0,17.0,45.0,2005-11-20T23:59:59,11.5,,,,,0.0,2.33,0.0,,22.4,22.5,22.9,24.0,23.4,,,,,,,,,17.0,2005-11-20T16:00:00,,,,12.2,2005-11-20T04:00:00,,,,,,,,,,,,,,,,,,,,,,,,,95,2005-11-20T16:00:00,,,,,,,,,,,,,,,,,,,,,,,,,,,,,,,,,24.7,,,,,,,,,,,,,,,,,,,,,,,,,,,,,,,,,,,,,,,,,,,,,,,,,,,,,,,,,,,,,,,,,,,,,,,,,,,,,,,,,,,,,,,4.7,2005-11-20T23:59:59,,,,,,,,,,,,,,,,,,,,,,,,,,,,,,,,,,,,,,,,,,,,,,,,,,,,,,,,,,,,,,,,,,,,,,,,,,,,,,
2005-11-21,991.6,,993.4,2005-11-21T22:00:00,989.8,2005-11-21T04:00:00,16.9,19.3,2005-11-21T13:00:00,15.2,2005-11-21T19:00:00,14.7,88,76,2005-11-21T03:00:00,2.6,337.5,14.4,360.0,2005-11-21T16:00:00,17.5,,,,,0.0,3.82,0.1,,21.6,21.7,22.2,23.6,22.8,,,,,,,,,15.6,2005-11-21T11:00:00,,,,13.7,2005-11-21T03:00:00,,,,,,,,,,,,,,,,,,,,,,,,,99,2005-11-21T22:00:00,,,,,,,,,,,,,,,,,,,,,,,,,,,,,,,,,24.5,,,,,,,,,,,,,,,,,,,,,,,,,,,,,,,,,,,,,,,,,,,,,,,,,,,,,,,,,,,,,,,,,,,,,,,,,,,,,,,,,,,,,,,4.0,2005-11-21T03:00:00,,,,,,,,,,,,,,,,,,,,,,,,,,,,,,,,,,,,,,,,,,,,,,,,,,,,,,,,,,,,,,,,,,,,,,,,,,,,,,
2005-11-22,992.1,,993.9,2005-11-22T10:00:00,990.8,2005-11-22T14:00:00,18.8,21.9,2005-11-22T13:00:00,15.5,2005-11-22T01:00:00,15.4,81,68,2005-11-22T13:00:00,2.1,67.5,8.8,67.5,2005-11-22T13:00:00,0.0,,,,,0.1,5.05,1.1,,21.5,21.5,21.8,23.1,22.3,,,,,,,,,17.0,2005-11-22T23:59:59,,,,13.5,2005-11-22T05:00:00,,,,,,,,,,,,,,,,,,,,,,,,,94,2005-11-22T01:00:00,,,,,,,,,,,,,,,,,,,,,,,,,,,,,,,,,24.2,,,,,,,,,,,,,,,,,,,,,,,,,,,,,,,,,,,,,,,,,,,,,,,,,,,,,,,,,,,,,,,,,,,,,,,,,,,,,,,,,,,,,,,3.5,2005-11-22T02:00:00,,,,,,,,,,,,,,,,,,,,,,,,,,,,,,,,,,,,,,,,,,,,,,,,,,,,,,,,,,,,,,,,,,,,,,,,,,,,,,
2005-11-23,989.8,,991.4,2005-11-23T01:00:00,987.5,2005-11-23T15:00:00,21.4,26.8,2005-11-23T13:00:00,17.7,2005-11-23T03:00:00,18.4,84,62,2005-11-23T11:00:00,1.3,247.5,5.7,337.5,2005-11-23T20:00:00,0.0,,,,,4.0,7.65,1.8,,22.3,22.3,22.4,23.0,22.5,,,,,,,,,21.2,2005-11-23T16:00:00,,,,16.9,2005-11-23T03:00:00,,,,,,,,,,,,,,,,,,,,,,,,,97,2005-11-23T04:00:00,,,,,,,,,,,,,,,,,,,,,,,,,,,,,,,,,23.9,,,,,,,,,,,,,,,,,,,,,,,,,,,,,,,,,,,,,,,,,,,,,,,,,,,,,,,,,,,,,,,,,,,,,,,,,,,,,,,,,,,,,,,2.5,2005-11-23T09:00:00,,,,,,,,,,,,,,,,,,,,,,,,,,,,,,,,,,,,,,,,,,,,,,,,,,,,,,,,,,,,,,,,,,,,,,,,,,,,,,
2005-11-24,989.8,,991.5,2005-11-24T09:00:00,988.1,2005-11-24T14:00:00,20.9,26.3,2005-11-24T12:00:00,17.6,2005-11-24T06:00:00,17.3,81,65,2005-11-24T12:00:00,1.7,67.5,7.5,45.0,2005-11-24T08:00:00,0.0,,,,,3.8,6.84,2.0,,22.7,22.7,22.8,23.1,22.9,,,,,,,,,18.6,2005-11-24T11:00:00,,,,16.3,2005-11-24T07:00:00,,,,,,,,,,,,,,,,,,,,,,,,,92,2005-11-24T03:00:00,,,,,,,,,,,,,,,,,,,,,,,,,,,,,,,,,23.8,,,,,,,,,,,,,,,,,,,,,,,,,,,,,,,,,,,,,,,,,,,,,,,,,,,,,,,,,,,,,,,,,,,,,,,,,,,,,,,,,,,,,,,3.6,2005-11-24T08:00:00,,,,,,,,,,,,,,,,,,,,,,,,,,,,,,,,,,,,,,,,,,,,,,,,,,,,,,,,,,,,,,,,,,,,,,,,,,,,,,
2005-11-25,989.3,,991.3,2005-11-25T09:00:00,987.5,2005-11-25T15:00:00,20.4,25.7,2005-11-25T12:00:00,17.4,2005-11-25T23:59:59,17.6,85,65,2005-11-25T11:00:00,1.4,247.5,6.2,67.5,2005-11-25T11:00:00,0.0,,,,,3.2,6.43,2.0,,22.8,22.8,22.9,23.2,23.0,,,,,,,,,18.6,2005-11-25T12:00:00,,,,16.7,2005-11-25T04:00:00,,,,,,,,,,,,,,,,,,,,,,,,,98,2005-11-25T23:00:00,,,,,,,,,,,,,,,,,,,,,,,,,,,,,,,,,23.8,,,,,,,,,,,,,,,,,,,,,,,,,,,,,,,,,,,,,,,,,,,,,,,,,,,,,,,,,,,,,,,,,,,,,,,,,,,,,,,,,,,,,,,3.5,2005-11-25T11:00:00,,,,,,,,,,,,,,,,,,,,,,,,,,,,,,,,,,,,,,,,,,,,,,,,,,,,,,,,,,,,,,,,,,,,,,,,,,,,,,
2005-11-26,988.5,,989.8,2005-11-26T21:00:00,986.7,2005-11-26T14:00:00,20.5,26.3,2005-11-26T13:00:00,16.0,2005-11-26T07:00:00,17.4,84,55,2005-11-26T12:00:00,1.3,247.5,4.4,270.0,2005-11-26T21:00:00,0.0,,,,,3.9,6.65,1.5,,22.7,22.7,22.8,23.3,23.0,,,,,,,,,19.4,2005-11-26T16:00:00,,,,15.4,2005-11-26T06:00:00,,,,,,,,,,,,,,,,,,,,,,,,,98,2005-11-26T05:00:00,,,,,,,,,,,,,,,,,,,,,,,,,,,,,,,,,23.8,,,,,,,,,,,,,,,,,,,,,,,,,,,,,,,,,,,,,,,,,,,,,,,,,,,,,,,,,,,,,,,,,,,,,,,,,,,,,,,,,,,,,,,2.1,2005-11-26T18:00:00,,,,,,,,,,,,,,,,,,,,,,,,,,,,,,,,,,,,,,,,,,,,,,,,,,,,,,,,,,,,,,,,,,,,,,,,,,,,,,
2005-11-27,989.4,,990.8,2005-11-27T09:00:00,987.7,2005-11-27T14:00:00,21.5,26.8,2005-11-27T13:00:00,18.4,2005-11-27T06:00:00,18.6,84,62,2005-11-27T12:00:00,1.3,247.5,5.7,67.5,2005-11-27T10:00:00,0.0,,,,,3.4,6.48,1.4,,22.9,22.9,23.0,23.3,23.1,,,,,,,,,20.4,2005-11-27T14:00:00,,,,16.0,2005-11-27T04:00:00,,,,,,,,,,,,,,,,,,,,,,,,,96,2005-11-27T19:00:00,,,,,,,,,,,,,,,,,,,,,,,,,,,,,,,,,23.8,,,,,,,,,,,,,,,,,,,,,,,,,,,,,,,,,,,,,,,,,,,,,,,,,,,,,,,,,,,,,,,,,,,,,,,,,,,,,,,,,,,,,,,2.4,2005-11-27T20:00:00,,,,,,,,,,,,,,,,,,,,,,,,,,,,,,,,,,,,,,,,,,,,,,,,,,,,,,,,,,,,,,,,,,,,,,,,,,,,,,
2005-11-28,988.4,,990.7,2005-11-28T09:00:00,986.1,2005-11-28T16:00:00,21.7,27.4,2005-11-28T12:00:00,18.1,2005-11-28T07:00:00,19.6,89,68,2005-11-28T11:00:00,1.2,247.5,4.9,112.5,2005-11-28T15:00:00,0.0,,,,,3.1,5.68,1.2,,23.2,23.2,23.2,23.4,23.2,,,,,,,,,21.7,2005-11-28T13:00:00,,,,17.5,2005-11-28T06:00:00,,,,,,,,,,,,,,,,,,,,,,,,,97,2005-11-28T01:00:00,,,,,,,,,,,,,,,,,,,,,,,,,,,,,,,,,23.8,,,,,,,,,,,,,,,,,,,,,,,,,,,,,,,,,,,,,,,,,,,,,,,,,,,,,,,,,,,,,,,,,,,,,,,,,,,,,,,,,,,,,,,2.0,2005-11-28T06:00:00,,,,,,,,,,,,,,,,,,,,,,,,,,,,,,,,,,,,,,,,,,,,,,,,,,,,,,,,,,,,,,,,,,,,,,,,,,,,,,
2005-11-29,987.3,,988.7,2005-11-29T09:00:00,985.6,2005-11-29T15:00:00,20.6,24.4,2005-11-29T11:00:00,17.8,2005-11-29T23:00:00,16.1,76,66,2005-11-29T11:00:00,1.9,67.5,10.4,67.5,2005-11-29T06:00:00,0.0,,,,,1.9,4.7,1.9,,23.0,23.1,23.2,23.5,23.3,,,,,,,,,19.1,2005-11-29T01:00:00,,,,14.5,2005-11-29T20:00:00,,,,,,,,,,,,,,,,,,,,,,,,,93,2005-11-29T03:00:00,,,,,,,,,,,,,,,,,,,,,,,,,,,,,,,,,23.8,,,,,,,,,,,,,,,,,,,,,,,,,,,,,,,,,,,,,,,,,,,,,,,,,,,,,,,,,,,,,,,,,,,,,,,,,,,,,,,,,,,,,,,3.4,2005-11-29T04:00:00,,,,,,,,,,,,,,,,,,,,,,,,,,,,,,,,,,,,,,,,,,,,,,,,,,,,,,,,,,,,,,,,,,,,,,,,,,,,,,
2005-11-30,986.7,,988.0,2005-11-30T09:00:00,985.2,2005-11-30T15:00:00,19.0,24.0,2005-11-30T12:00:00,15.4,2005-11-30T06:00:00,15.8,82,61,2005-11-30T11:00:00,1.5,247.5,6.4,112.5,2005-11-30T13:00:00,0.0,,,,,4.2,6.31,1.5,,22.5,22.5,22.7,23.4,23.0,,,,,,,,,17.9,2005-11-30T18:00:00,,,,13.7,2005-11-30T02:00:00,,,,,,,,,,,,,,,,,,,,,,,,,95,2005-11-30T18:00:00,,,,,,,,,,,,,,,,,,,,,,,,,,,,,,,,,23.8,,,,,,,,,,,,,,,,,,,,,,,,,,,,,,,,,,,,,,,,,,,,,,,,,,,,,,,,,,,,,,,,,,,,,,,,,,,,,,,,,,,,,,,2.4,2005-11-30T13:00:00,,,,,,,,,,,,,,,,,,,,,,,,,,,,,,,,,,,,,,,,,,,,,,,,,,,,,,,,,,,,,,,,,,,,,,,,,,,,,,
2005-12-01,987.5,,989.0,2005-12-01T09:00:00,986.1,2005-12-01T13:00:00,19.3,25.3,2005-12-01T13:00:00,14.9,2005-12-01T06:00:00,16.5,85,58,2005-12-01T11:00:00,1.5,247.5,4.7,112.5,2005-12-01T14:00:00,0.0,,,,,4.6,6.86,1.2,,22.1,22.2,22.4,23.2,22.7,,,,,,,,,19.2,2005-12-01T15:00:00,,,,14.1,2005-12-01T06:00:00,,,,,,,,,,,,,,,,,,,,,,,,,95,2005-12-01T23:59:59,,,,,,,,,,,,,,,,,,,,,,,,,,,,,,,,,23.8,,,,,,,,,,,,,,,,,,,,,,,,,,,,,,,,,,,,,,,,,,,,,,,,,,,,,,,,,,,,,,,,,,,,,,,,,,,,,,,,,,,,,,,2.3,2005-12-01T13:00:00,,,,,,,,,,,,,,,,,,,,,,,,,,,,,,,,,,,,,,,,,,,,,,,,,,,,,,,,,,,,,,,,,,,,,,,,,,,,,,
2005-12-02,988.6,,990.6,2005-12-02T09:00:00,987.2,2005-12-02T16:00:00,20.1,26.1,2005-12-02T13:00:00,15.7,2005-12-02T06:00:00,17.0,84,58,2005-12-02T11:00:00,1.5,247.5,5.0,90.0,2005-12-02T14:00:00,0.0,,,,,4.1,6.91,1.5,,22.1,22.2,22.3,23.0,22.6,,,,,,,,,19.7,2005-12-02T15:00:00,,,,14.3,2005-12-02T06:00:00,,,,,,,,,,,,,,,,,,,,,,,,,95,2005-12-02T01:00:00,,,,,,,,,,,,,,,,,,,,,,,,,,,,,,,,,23.6,,,,,,,,,,,,,,,,,,,,,,,,,,,,,,,,,,,,,,,,,,,,,,,,,,,,,,,,,,,,,,,,,,,,,,,,,,,,,,,,,,,,,,,2.6,2005-12-02T14:00:00,,,,,,,,,,,,,,,,,,,,,,,,,,,,,,,,,,,,,,,,,,,,,,,,,,,,,,,,,,,,,,,,,,,,,,,,,,,,,,
2005-12-03,986.8,,989.2,2005-12-03T09:00:00,984.7,2005-12-03T16:00:00,21.1,26.9,2005-12-03T12:00:00,17.7,2005-12-03T02:00:00,18.3,85,63,2005-12-03T12:00:00,1.3,247.5,5.1,67.5,2005-12-03T10:00:00,0.0,,,,,2.5,5.75,1.5,,22.5,22.5,22.6,23.0,22.7,,,,,,,,,20.0,2005-12-03T16:00:00,,,,16.0,2005-12-03T07:00:00,,,,,,,,,,,,,,,,,,,,,,,,,97,2005-12-03T23:00:00,,,,,,,,,,,,,,,,,,,,,,,,,,,,,,,,,23.5,,,,,,,,,,,,,,,,,,,,,,,,,,,,,,,,,,,,,,,,,,,,,,,,,,,,,,,,,,,,,,,,,,,,,,,,,,,,,,,,,,,,,,,2.2,2005-12-03T10:00:00,,,,,,,,,,,,,,,,,,,,,,,,,,,,,,,,,,,,,,,,,,,,,,,,,,,,,,,,,,,,,,,,,,,,,,,,,,,,,,
2005-12-04,987.8,,991.6,2005-12-04T23:00:00,984.4,2005-12-04T03:00:00,17.3,21.0,2005-12-04T05:00:00,13.8,2005-12-04T23:59:59,15.4,89,78,2005-12-04T21:00:00,1.8,67.5,8.9,45.0,2005-12-04T16:00:00,0.0,,,,,0.0,1.39,1.3,,22.2,22.3,22.5,23.1,22.8,,,,,,,,,18.9,2005-12-04T01:00:00,,,,11.0,2005-12-04T21:00:00,,,,,,,,,,,,,,,,,,,,,,,,,96,2005-12-04T06:00:00,,,,,,,,,,,,,,,,,,,,,,,,,,,,,,,,,23.5,,,,,,,,,,,,,,,,,,,,,,,,,,,,,,,,,,,,,,,,,,,,,,,,,,,,,,,,,,,,,,,,,,,,,,,,,,,,,,,,,,,,,,,3.4,2005-12-04T23:59:59,,,,,,,,,,,,,,,,,,,,,,,,,,,,,,,,,,,,,,,,,,,,,,,,,,,,,,,,,,,,,,,,,,,,,,,,,,,,,,
2005-12-05,992.9,,994.6,2005-12-05T22:00:00,991.5,2005-12-05T01:00:00,13.3,14.5,2005-12-05T12:00:00,11.2,2005-12-05T23:59:59,10.1,81,73,2005-12-05T14:00:00,2.1,67.5,8.5,67.5,2005-12-05T20:00:00,0.0,,,,,0.0,1.61,1.1,,20.7,20.8,21.5,22.8,22.0,,,,,,,,,11.4,2005-12-05T01:00:00,,,,9.1,2005-12-05T23:00:00,,,,,,,,,,,,,,,,,,,,,,,,,88,2005-12-05T23:59:59,,,,,,,,,,,,,,,,,,,,,,,,,,,,,,,,,23.5,,,,,,,,,,,,,,,,,,,,,,,,,,,,,,,,,,,,,,,,,,,,,,,,,,,,,,,,,,,,,,,,,,,,,,,,,,,,,,,,,,,,,,,3.4,2005-12-05T08:00:00,,,,,,,,,,,,,,,,,,,,,,,,,,,,,,,,,,,,,,,,,,,,,,,,,,,,,,,,,,,,,,,,,,,,,,,,,,,,,,
2005-12-06,993.8,,995.7,2005-12-06T09:00:00,992.1,2005-12-06T14:00:00,13.4,15.6,2005-12-06T13:00:00,11.2,2005-12-06T01:00:00,9.7,79,68,2005-12-06T13:00:00,1.6,45.0,6.5,67.5,2005-12-06T12:00:00,0.0,,,,,0.0,2.52,0.9,,19.8,19.9,20.5,22.2,21.2,,,,,,,,,11.8,2005-12-06T23:59:59,,,,8.8,2005-12-06T04:00:00,,,,,,,,,,,,,,,,,,,,,,,,,86,2005-12-06T01:00:00,,,,,,,,,,,,,,,,,,,,,,,,,,,,,,,,,23.2,,,,,,,,,,,,,,,,,,,,,,,,,,,,,,,,,,,,,,,,,,,,,,,,,,,,,,,,,,,,,,,,,,,,,,,,,,,,,,,,,,,,,,,2.9,2005-12-06T07:00:00,,,,,,,,,,,,,,,,,,,,,,,,,,,,,,,,,,,,,,,,,,,,,,,,,,,,,,,,,,,,,,,,,,,,,,,,,,,,,,
2005-12-07,993.3,,994.7,2005-12-07T09:00:00,992.1,2005-12-07T13:00:00,16.2,18.6,2005-12-07T15:00:00,13.9,2005-12-07T02:00:00,12.0,77,65,2005-12-07T14:00:00,1.6,67.5,8.8,45.0,2005-12-07T15:00:00,0.0,,,,,0.0,3.07,1.0,,19.7,19.8,20.2,21.7,20.8,,,,,,,,,13.4,2005-12-07T23:59:59,,,,10.5,2005-12-07T04:00:00,,,,,,,,,,,,,,,,,,,,,,,,,91,2005-12-07T23:59:59,,,,,,,,,,,,,,,,,,,,,,,,,,,,,,,,,22.9,,,,,,,,,,,,,,,,,,,,,,,,,,,,,,,,,,,,,,,,,,,,,,,,,,,,,,,,,,,,,,,,,,,,,,,,,,,,,,,,,,,,,,,2.8,2005-12-07T18:00:00,,,,,,,,,,,,,,,,,,,,,,,,,,,,,,,,,,,,,,,,,,,,,,,,,,,,,,,,,,,,,,,,,,,,,,,,,,,,,,
2005-12-08,992.7,,994.6,2005-12-08T09:00:00,990.7,2005-12-08T14:00:00,18.3,21.0,2005-12-08T14:00:00,14.7,2005-12-08T01:00:00,14.0,76,69,2005-12-08T12:00:00,1.8,67.5,10.7,67.5,2005-12-08T09:00:00,0.0,,,,,0.0,4.47,1.0,,20.1,20.1,20.4,21.5,20.7,,,,,,,,,15.4,2005-12-08T15:00:00,,,,12.1,2005-12-08T06:00:00,,,,,,,,,,,,,,,,,,,,,,,,,87,2005-12-08T01:00:00,,,,,,,,,,,,,,,,,,,,,,,,,,,,,,,,,22.6,,,,,,,,,,,,,,,,,,,,,,,,,,,,,,,,,,,,,,,,,,,,,,,,,,,,,,,,,,,,,,,,,,,,,,,,,,,,,,,,,,,,,,,3.5,2005-12-08T11:00:00,,,,,,,,,,,,,,,,,,,,,,,,,,,,,,,,,,,,,,,,,,,,,,,,,,,,,,,,,,,,,,,,,,,,,,,,,,,,,,
2005-12-09,990.9,,992.9,2005-12-09T08:00:00,988.4,2005-12-09T15:00:00,19.5,24.5,2005-12-09T12:00:00,16.5,2005-12-09T06:00:00,16.7,85,66,2005-12-09T11:00:00,1.3,247.5,7.5,67.5,2005-12-09T10:00:00,0.0,,,,,4.2,6.54,1.0,,20.8,20.8,20.8,21.5,21.0,,,,,,,,,18.5,2005-12-09T17:00:00,,,,15.1,2005-12-09T01:00:00,,,,,,,,,,,,,,,,,,,,,,,,,95,2005-12-09T23:59:59,,,,,,,,,,,,,,,,,,,,,,,,,,,,,,,,,22.5,,,,,,,,,,,,,,,,,,,,,,,,,,,,,,,,,,,,,,,,,,,,,,,,,,,,,,,,,,,,,,,,,,,,,,,,,,,,,,,,,,,,,,,4.0,2005-12-09T10:00:00,,,,,,,,,,,,,,,,,,,,,,,,,,,,,,,,,,,,,,,,,,,,,,,,,,,,,,,,,,,,,,,,,,,,,,,,,,,,,,
2005-12-10,988.2,,990.1,2005-12-10T09:00:00,986.4,2005-12-10T14:00:00,20.6,26.1,2005-12-10T12:00:00,17.7,2005-12-10T07:00:00,17.8,85,61,2005-12-10T11:00:00,1.2,247.5,4.8,157.5,2005-12-10T12:00:00,0.0,,,,,3.9,5.45,1.5,,21.3,21.3,21.3,21.7,21.4,,,,,,,,,19.4,2005-12-10T14:00:00,,,,16.6,2005-12-10T07:00:00,,,,,,,,,,,,,,,,,,,,,,,,,95,2005-12-10T02:00:00,,,,,,,,,,,,,,,,,,,,,,,,,,,,,,,,,22.4,,,,,,,,,,,,,,,,,,,,,,,,,,,,,,,,,,,,,,,,,,,,,,,,,,,,,,,,,,,,,,,,,,,,,,,,,,,,,,,,,,,,,,,2.3,2005-12-10T09:00:00,,,,,,,,,,,,,,,,,,,,,,,,,,,,,,,,,,,,,,,,,,,,,,,,,,,,,,,,,,,,,,,,,,,,,,,,,,,,,,
2005-12-11,989.4,,991.7,2005-12-11T21:00:00,987.1,2005-12-11T03:00:00,19.4,22.5,2005-12-11T10:00:00,17.0,2005-12-11T05:00:00,17.1,87,79,2005-12-11T19:00:00,1.6,67.5,8.2,90.0,2005-12-11T23:00:00,0.0,,,,,0.0,2.56,0.7,,21.4,21.4,21.5,21.9,21.6,,,,,,,,,18.6,2005-12-11T10:00:00,,,,15.1,2005-12-11T19:00:00,,,,,,,,,,,,,,,,,,,,,,,,,98,2005-12-11T04:00:00,,,,,,,,,,,,,,,,,,,,,,,,,,,,,,,,,22.5,,,,,,,,,,,,,,,,,,,,,,,,,,,,,,,,,,,,,,,,,,,,,,,,,,,,,,,,,,,,,,,,,,,,,,,,,,,,,,,,,,,,,,,3.1,2005-12-11T16:00:00,,,,,,,,,,,,,,,,,,,,,,,,,,,,,,,,,,,,,,,,,,,,,,,,,,,,,,,,,,,,,,,,,,,,,,,,,,,,,,
2005-12-12,992.9,,994.7,2005-12-12T23:00:00,991.0,2005-12-12T03:00:00,15.8,17.9,2005-12-12T01:00:00,13.6,2005-12-12T23:59:59,12.5,81,70,2005-12-12T13:00:00,2.2,67.5,11.1,90.0,2005-12-12T15:00:00,0.0,,,,,0.0,2.79,1.3,,20.8,20.9,21.2,21.9,21.5,,,,,,,,,14.7,2005-12-12T01:00:00,,,,10.7,2005-12-12T22:00:00,,,,,,,,,,,,,,,,,,,,,,,,,86,2005-12-12T02:00:00,,,,,,,,,,,,,,,,,,,,,,,,,,,,,,,,,22.5,,,,,,,,,,,,,,,,,,,,,,,,,,,,,,,,,,,,,,,,,,,,,,,,,,,,,,,,,,,,,,,,,,,,,,,,,,,,,,,,,,,,,,,3.4,2005-12-12T11:00:00,,,,,,,,,,,,,,,,,,,,,,,,,,,,,,,,,,,,,,,,,,,,,,,,,,,,,,,,,,,,,,,,,,,,,,,,,,,,,,
2005-12-13,993.8,,995.9,2005-12-13T09:00:00,992.1,2005-12-13T14:00:00,14.3,16.1,2005-12-13T13:00:00,13.4,2005-12-13T07:00:00,10.7,79,74,2005-12-13T12:00:00,2.1,67.5,9.1,360.0,2005-12-13T02:00:00,0.0,,,,,0.0,2.08,1.2,,19.8,19.9,20.4,21.6,20.9,,,,,,,,,11.4,2005-12-13T22:00:00,,,,10.0,2005-12-13T04:00:00,,,,,,,,,,,,,,,,,,,,,,,,,85,2005-12-13T22:00:00,,,,,,,,,,,,,,,,,,,,,,,,,,,,,,,,,22.4,,,,,,,,,,,,,,,,,,,,,,,,,,,,,,,,,,,,,,,,,,,,,,,,,,,,,,,,,,,,,,,,,,,,,,,,,,,,,,,,,,,,,,,3.1,2005-12-13T09:00:00,,,,,,,,,,,,,,,,,,,,,,,,,,,,,,,,,,,,,,,,,,,,,,,,,,,,,,,,,,,,,,,,,,,,,,,,,,,,,,
2005-12-14,994.4,,996.0,2005-12-14T09:00:00,992.7,2005-12-14T15:00:00,14.0,16.1,2005-12-14T13:00:00,13.0,2005-12-14T23:00:00,12.0,88,77,2005-12-14T14:00:00,2.1,45.0,9.7,45.0,2005-12-14T08:00:00,0.0,,,,,0.0,1.7,0.6,,19.3,19.4,19.9,21.2,20.4,,,,,,,,,16.7,2005-12-14T16:00:00,,,,11.4,2005-12-14T01:00:00,,,,,,,,,,,,,,,,,,,,,,,,,100,2005-12-14T16:00:00,,,,,,,,,,,,,,,,,,,,,,,,,,,,,,,,,22.3,,,,,,,,,,,,,,,,,,,,,,,,,,,,,,,,,,,,,,,,,,,,,,,,,,,,,,,,,,,,,,,,,,,,,,,,,,,,,,,,,,,,,,,3.4,2005-12-14T06:00:00,,,,,,,,,,,,,,,,,,,,,,,,,,,,,,,,,,,,,,,,,,,,,,,,,,,,,,,,,,,,,,,,,,,,,,,,,,,,,,
2005-12-15,996.1,,997.7,2005-12-15T09:00:00,994.6,2005-12-15T15:00:00,13.1,14.9,2005-12-15T14:00:00,11.8,2005-12-15T05:00:00,10.5,85,77,2005-12-15T14:00:00,2.2,67.5,7.0,67.5,2005-12-15T19:00:00,0.5,,,,,0.0,2.65,0.9,,18.8,18.9,19.4,20.9,20.0,,,,,,,,,11.7,2005-12-15T01:00:00,,,,9.6,2005-12-15T23:59:59,,,,,,,,,,,,,,,,,,,,,,,,,96,2005-12-15T01:00:00,,,,,,,,,,,,,,,,,,,,,,,,,,,,,,,,,22.0,,,,,,,,,,,,,,,,,,,,,,,,,,,,,,,,,,,,,,,,,,,,,,,,,,,,,,,,,,,,,,,,,,,,,,,,,,,,,,,,,,,,,,,3.3,2005-12-15T10:00:00,,,,,,,,,,,,,,,,,,,,,,,,,,,,,,,,,,,,,,,,,,,,,,,,,,,,,,,,,,,,,,,,,,,,,,,,,,,,,,
2005-12-16,995.9,,997.8,2005-12-16T09:00:00,993.6,2005-12-16T15:00:00,14.2,18.0,2005-12-16T13:00:00,11.3,2005-12-16T23:59:59,8.4,69,53,2005-12-16T14:00:00,2.1,67.5,8.1,337.5,2005-12-16T04:00:00,0.0,,,,,0.7,4.8,1.3,,18.6,18.6,19.1,20.6,19.6,,,,,,,,,10.5,2005-12-16T16:00:00,,,,7.3,2005-12-16T14:00:00,,,,,,,,,,,,,,,,,,,,,,,,,83,2005-12-16T23:59:59,,,,,,,,,,,,,,,,,,,,,,,,,,,,,,,,,21.8,,,,,,,,,,,,,,,,,,,,,,,,,,,,,,,,,,,,,,,,,,,,,,,,,,,,,,,,,,,,,,,,,,,,,,,,,,,,,,,,,,,,,,,3.1,2005-12-16T08:00:00,,,,,,,,,,,,,,,,,,,,,,,,,,,,,,,,,,,,,,,,,,,,,,,,,,,,,,,,,,,,,,,,,,,,,,,,,,,,,,
2005-12-17,995.5,,997.4,2005-12-17T22:00:00,993.1,2005-12-17T14:00:00,14.1,19.7,2005-12-17T12:00:00,9.8,2005-12-17T05:00:00,8.0,68,49,2005-12-17T12:00:00,2.4,45.0,11.5,45.0,2005-12-17T23:59:59,0.0,,,,,4.1,6.42,1.8,,18.3,18.3,18.8,20.3,19.4,,,,,,,,,8.9,2005-12-17T13:00:00,,,,6.0,2005-12-17T23:59:59,,,,,,,,,,,,,,,,,,,,,,,,,88,2005-12-17T03:00:00,,,,,,,,,,,,,,,,,,,,,,,,,,,,,,,,,21.6,,,,,,,,,,,,,,,,,,,,,,,,,,,,,,,,,,,,,,,,,,,,,,,,,,,,,,,,,,,,,,,,,,,,,,,,,,,,,,,,,,,,,,,4.5,2005-12-17T21:00:00,,,,,,,,,,,,,,,,,,,,,,,,,,,,,,,,,,,,,,,,,,,,,,,,,,,,,,,,,,,,,,,,,,,,,,,,,,,,,,
2005-12-18,994.9,,997.7,2005-12-18T09:00:00,992.9,2005-12-18T16:00:00,13.2,17.5,2005-12-18T15:00:00,11.1,2005-12-18T23:59:59,6.0,63,49,2005-12-18T15:00:00,2.4,45.0,12.4,67.5,2005-12-18T02:00:00,0.0,,,,,1.7,5.26,2.0,,17.9,18.0,18.5,20.0,19.1,,,,,,,,,7.8,2005-12-18T23:59:59,,,,4.8,2005-12-18T09:00:00,,,,,,,,,,,,,,,,,,,,,,,,,80,2005-12-18T23:59:59,,,,,,,,,,,,,,,,,,,,,,,,,,,,,,,,,21.4,,,,,,,,,,,,,,,,,,,,,,,,,,,,,,,,,,,,,,,,,,,,,,,,,,,,,,,,,,,,,,,,,,,,,,,,,,,,,,,,,,,,,,,3.8,2005-12-18T12:00:00,,,,,,,,,,,,,,,,,,,,,,,,,,,,,,,,,,,,,,,,,,,,,,,,,,,,,,,,,,,,,,,,,,,,,,,,,,,,,,
2005-12-19,992.2,,994.1,2005-12-19T09:00:00,989.9,2005-12-19T15:00:00,15.6,22.2,2005-12-19T13:00:00,8.9,2005-12-19T06:00:00,10.2,72,44,2005-12-19T11:00:00,1.6,247.5,7.3,90.0,2005-12-19T15:00:00,0.0,,,,,7.7,9.29,1.8,,17.8,17.9,18.2,19.7,18.8,,,,,,,,,13.6,2005-12-19T17:00:00,,,,7.0,2005-12-19T06:00:00,,,,,,,,,,,,,,,,,,,,,,,,,86,2005-12-19T07:00:00,,,,,,,,,,,,,,,,,,,,,,,,,,,,,,,,,21.1,,,,,,,,,,,,,,,,,,,,,,,,,,,,,,,,,,,,,,,,,,,,,,,,,,,,,,,,,,,,,,,,,,,,,,,,,,,,,,,,,,,,,,,3.5,2005-12-19T14:00:00,,,,,,,,,,,,,,,,,,,,,,,,,,,,,,,,,,,,,,,,,,,,,,,,,,,,,,,,,,,,,,,,,,,,,,,,,,,,,,
2005-12-20,991.2,,993.3,2005-12-20T09:00:00,988.9,2005-12-20T15:00:00,18.1,24.4,2005-12-20T13:00:00,14.0,2005-12-20T07:00:00,14.5,81,52,2005-12-20T12:00:00,1.5,247.5,7.5,45.0,2005-12-20T10:00:00,0.0,,,,,5.6,8.21,1.8,,18.9,18.9,19.0,19.7,19.2,,,,,,,,,17.2,2005-12-20T17:00:00,,,,12.0,2005-12-20T07:00:00,,,,,,,,,,,,,,,,,,,,,,,,,96,2005-12-20T23:00:00,,,,,,,,,,,,,,,,,,,,,,,,,,,,,,,,,21.0,,,,,,,,,,,,,,,,,,,,,,,,,,,,,,,,,,,,,,,,,,,,,,,,,,,,,,,,,,,,,,,,,,,,,,,,,,,,,,,,,,,,,,,3.1,2005-12-20T13:00:00,,,,,,,,,,,,,,,,,,,,,,,,,,,,,,,,,,,,,,,,,,,,,,,,,,,,,,,,,,,,,,,,,,,,,,,,,,,,,,
2005-12-21,992.7,,995.0,2005-12-21T21:00:00,990.2,2005-12-21T02:00:00,15.4,18.6,2005-12-21T10:00:00,12.2,2005-12-21T23:59:59,13.0,86,79,2005-12-21T12:00:00,1.8,45.0,9.3,45.0,2005-12-21T13:00:00,0.0,,,,,0.0,1.68,1.2,,19.1,19.1,19.4,20.0,19.6,,,,,,,,,15.8,2005-12-21T01:00:00,,,,10.5,2005-12-21T22:00:00,,,,,,,,,,,,,,,,,,,,,,,,,96,2005-12-21T01:00:00,,,,,,,,,,,,,,,,,,,,,,,,,,,,,,,,,20.9,,,,,,,,,,,,,,,,,,,,,,,,,,,,,,,,,,,,,,,,,,,,,,,,,,,,,,,,,,,,,,,,,,,,,,,,,,,,,,,,,,,,,,,4.0,2005-12-21T13:00:00,,,,,,,,,,,,,,,,,,,,,,,,,,,,,,,,,,,,,,,,,,,,,,,,,,,,,,,,,,,,,,,,,,,,,,,,,,,,,,
2005-12-22,993.8,,995.6,2005-12-22T09:00:00,991.9,2005-12-22T15:00:00,12.3,13.3,2005-12-22T14:00:00,10.9,2005-12-22T23:59:59,8.4,77,69,2005-12-22T04:00:00,1.3,45.0,5.7,315.0,2005-12-22T03:00:00,0.0,,,,,0.0,1.28,0.7,,18.1,18.2,18.7,19.9,19.2,,,,,,,,,9.7,2005-12-22T01:00:00,,,,7.3,2005-12-22T04:00:00,,,,,,,,,,,,,,,,,,,,,,,,,89,2005-12-22T23:59:59,,,,,,,,,,,,,,,,,,,,,,,,,,,,,,,,,20.9,,,,,,,,,,,,,,,,,,,,,,,,,,,,,,,,,,,,,,,,,,,,,,,,,,,,,,,,,,,,,,,,,,,,,,,,,,,,,,,,,,,,,,,2.5,2005-12-22T22:00:00,,,,,,,,,,,,,,,,,,,,,,,,,,,,,,,,,,,,,,,,,,,,,,,,,,,,,,,,,,,,,,,,,,,,,,,,,,,,,,
2005-12-23,992.8,,994.9,2005-12-23T09:00:00,990.9,2005-12-23T15:00:00,13.2,19.9,2005-12-23T13:00:00,9.4,2005-12-23T23:59:59,8.8,77,46,2005-12-23T12:00:00,1.6,247.5,6.5,67.5,2005-12-23T13:00:00,0.0,,,,,7.2,9.03,1.8,,17.8,17.9,18.3,19.6,18.8,,,,,,,,,10.1,2005-12-23T16:00:00,,,,6.4,2005-12-23T11:00:00,,,,,,,,,,,,,,,,,,,,,,,,,97,2005-12-23T23:00:00,,,,,,,,,,,,,,,,,,,,,,,,,,,,,,,,,20.8,,,,,,,,,,,,,,,,,,,,,,,,,,,,,,,,,,,,,,,,,,,,,,,,,,,,,,,,,,,,,,,,,,,,,,,,,,,,,,,,,,,,,,,3.6,2005-12-23T13:00:00,,,,,,,,,,,,,,,,,,,,,,,,,,,,,,,,,,,,,,,,,,,,,,,,,,,,,,,,,,,,,,,,,,,,,,,,,,,,,,
2005-12-24,991.9,,994.0,2005-12-24T09:00:00,989.6,2005-12-24T14:00:00,14.8,21.9,2005-12-24T12:00:00,8.5,2005-12-24T05:00:00,10.9,79,54,2005-12-24T10:00:00,1.2,247.5,5.7,135.0,2005-12-24T12:00:00,0.0,,,,,4.8,6.59,1.1,,17.4,17.5,18.0,19.4,18.5,,,,,,,,,13.0,2005-12-24T18:00:00,,,,8.6,2005-12-24T04:00:00,,,,,,,,,,,,,,,,,,,,,,,,,100,2005-12-24T01:00:00,,,,,,,,,,,,,,,,,,,,,,,,,,,,,,,,,20.7,,,,,,,,,,,,,,,,,,,,,,,,,,,,,,,,,,,,,,,,,,,,,,,,,,,,,,,,,,,,,,,,,,,,,,,,,,,,,,,,,,,,,,,2.0,2005-12-24T10:00:00,,,,,,,,,,,,,,,,,,,,,,,,,,,,,,,,,,,,,,,,,,,,,,,,,,,,,,,,,,,,,,,,,,,,,,,,,,,,,,
2005-12-25,990.1,,991.5,2005-12-25T09:00:00,987.8,2005-12-25T14:00:00,16.6,22.6,2005-12-25T11:00:00,12.1,2005-12-25T07:00:00,13.8,85,61,2005-12-25T10:00:00,1.2,247.5,4.6,67.5,2005-12-25T11:00:00,0.0,,,,,1.5,4.3,0.5,,18.0,18.1,18.3,19.3,18.6,,,,,,,,,16.2,2005-12-25T16:00:00,,,,11.7,2005-12-25T06:00:00,,,,,,,,,,,,,,,,,,,,,,,,,97,2005-12-25T05:00:00,,,,,,,,,,,,,,,,,,,,,,,,,,,,,,,,,20.5,,,,,,,,,,,,,,,,,,,,,,,,,,,,,,,,,,,,,,,,,,,,,,,,,,,,,,,,,,,,,,,,,,,,,,,,,,,,,,,,,,,,,,,2.3,2005-12-25T20:00:00,,,,,,,,,,,,,,,,,,,,,,,,,,,,,,,,,,,,,,,,,,,,,,,,,,,,,,,,,,,,,,,,,,,,,,,,,,,,,,
2005-12-26,991.3,,994.0,2005-12-26T23:00:00,989.1,2005-12-26T15:00:00,17.9,22.0,2005-12-26T14:00:00,14.4,2005-12-26T02:00:00,15.1,84,70,2005-12-26T14:00:00,1.7,67.5,8.8,360.0,2005-12-26T18:00:00,0.0,,,,,0.0,3.37,1.1,,18.6,18.7,18.7,19.4,18.9,,,,,,,,,16.3,2005-12-26T11:00:00,,,,13.7,2005-12-26T01:00:00,,,,,,,,,,,,,,,,,,,,,,,,,94,2005-12-26T01:00:00,,,,,,,,,,,,,,,,,,,,,,,,,,,,,,,,,20.4,,,,,,,,,,,,,,,,,,,,,,,,,,,,,,,,,,,,,,,,,,,,,,,,,,,,,,,,,,,,,,,,,,,,,,,,,,,,,,,,,,,,,,,3.8,2005-12-26T21:00:00,,,,,,,,,,,,,,,,,,,,,,,,,,,,,,,,,,,,,,,,,,,,,,,,,,,,,,,,,,,,,,,,,,,,,,,,,,,,,,
2005-12-27,993.1,,994.4,2005-12-27T10:00:00,991.5,2005-12-27T15:00:00,17.8,20.0,2005-12-27T15:00:00,16.1,2005-12-27T02:00:00,14.5,81,72,2005-12-27T15:00:00,1.8,45.0,8.6,360.0,2005-12-27T07:00:00,0.0,,,,,0.0,1.7,1.0,,18.8,18.8,19.0,19.6,19.2,,,,,,,,,15.6,2005-12-27T23:00:00,,,,13.7,2005-12-27T07:00:00,,,,,,,,,,,,,,,,,,,,,,,,,89,2005-12-27T01:00:00,,,,,,,,,,,,,,,,,,,,,,,,,,,,,,,,,20.4,,,,,,,,,,,,,,,,,,,,,,,,,,,,,,,,,,,,,,,,,,,,,,,,,,,,,,,,,,,,,,,,,,,,,,,,,,,,,,,,,,,,,,,2.6,2005-12-27T15:00:00,,,,,,,,,,,,,,,,,,,,,,,,,,,,,,,,,,,,,,,,,,,,,,,,,,,,,,,,,,,,,,,,,,,,,,,,,,,,,,
2005-12-28,991.4,,993.2,2005-12-28T09:00:00,989.6,2005-12-28T15:00:00,18.0,19.7,2005-12-28T10:00:00,16.7,2005-12-28T07:00:00,17.0,93,79,2005-12-28T10:00:00,1.0,67.5,5.7,360.0,2005-12-28T03:00:00,3.5,,,,,0.0,2.7,0.2,,19.0,19.0,19.1,19.7,19.3,,,,,,,,,19.4,2005-12-28T15:00:00,,,,14.8,2005-12-28T05:00:00,,,,,,,,,,,,,,,,,,,,,,,,,100,2005-12-28T18:00:00,,,,,,,,,,,,,,,,,,,,,,,,,,,,,,,,,20.5,,,,,,,,,,,,,,,,,,,,,,,,,,,,,,,,,,,,,,,,,,,,,,,,,,,,,,,,,,,,,,,,,,,,,,,,,,,,,,,,,,,,,,,2.7,2005-12-28T10:00:00,,,,,,,,,,,,,,,,,,,,,,,,,,,,,,,,,,,,,,,,,,,,,,,,,,,,,,,,,,,,,,,,,,,,,,,,,,,,,,
2005-12-29,990.3,,991.8,2005-12-29T10:00:00,989.0,2005-12-29T15:00:00,19.0,20.6,2005-12-29T12:00:00,17.5,2005-12-29T01:00:00,19.4,100,100,2005-12-29T01:00:00,0.8,247.5,3.1,22.5,2005-12-29T22:00:00,14.5,,,,,0.0,2.8,0.0,,19.6,19.6,19.6,19.8,19.6,,,,,,,,,20.7,2005-12-29T16:00:00,,,,18.2,2005-12-29T03:00:00,,,,,,,,,,,,,,,,,,,,,,,,,100,2005-12-29T01:00:00,,,,,,,,,,,,,,,,,,,,,,,,,,,,,,,,,20.5,,,,,,,,,,,,,,,,,,,,,,,,,,,,,,,,,,,,,,,,,,,,,,,,,,,,,,,,,,,,,,,,,,,,,,,,,,,,,,,,,,,,,,,1.6,2005-12-29T11:00:00,,,,,,,,,,,,,,,,,,,,,,,,,,,,,,,,,,,,,,,,,,,,,,,,,,,,,,,,,,,,,,,,,,,,,,,,,,,,,,
2005-12-30,989.7,,991.6,2005-12-30T09:00:00,987.7,2005-12-30T15:00:00,20.5,24.2,2005-12-30T12:00:00,18.8,2005-12-30T04:00:00,20.5,98,84,2005-12-30T11:00:00,0.9,247.5,4.6,292.5,2005-12-30T01:00:00,12.5,,,,,0.0,3.78,0.0,,20.4,20.3,20.2,20.1,20.1,,,,,,,,,21.8,2005-12-30T12:00:00,,,,19.4,2005-12-30T03:00:00,,,,,,,,,,,,,,,,,,,,,,,,,100,2005-12-30T01:00:00,,,,,,,,,,,,,,,,,,,,,,,,,,,,,,,,,20.6,,,,,,,,,,,,,,,,,,,,,,,,,,,,,,,,,,,,,,,,,,,,,,,,,,,,,,,,,,,,,,,,,,,,,,,,,,,,,,,,,,,,,,,2.2,2005-12-30T14:00:00,,,,,,,,,,,,,,,,,,,,,,,,,,,,,,,,,,,,,,,,,,,,,,,,,,,,,,,,,,,,,,,,,,,,,,,,,,,,,,
2005-12-31,988.7,,991.3,2005-12-31T23:00:00,986.8,2005-12-31T04:00:00,20.9,26.8,2005-12-31T12:00:00,18.5,2005-12-31T04:00:00,20.1,95,75,2005-12-31T11:00:00,1.2,247.5,5.8,67.5,2005-12-31T11:00:00,2.5,,,,,2.5,5.41,0.3,,21.0,21.0,20.8,20.5,20.6,,,,,,,,,21.8,2005-12-31T13:00:00,,,,18.8,2005-12-31T23:59:59,,,,,,,,,,,,,,,,,,,,,,,,,100,2005-12-31T01:00:00,,,,,,,,,,,,,,,,,,,,,,,,,,,,,,,,,20.8,,,,,,,,,,,,,,,,,,,,,,,,,,,,,,,,,,,,,,,,,,,,,,,,,,,,,,,,,,,,,,,,,,,,,,,,,,,,,,,,,,,,,,,2.3,2005-12-31T10:00:00,,,,,,,,,,,,,,,,,,,,,,,,,,,,,,,,,,,,,,,,,,,,,,,,,,,,,,,,,,,,,,,,,,,,,,,,,,,,,,
