,StnPres,StnPresMax,StnPresMaxTime,StnPresMin,StnPresMinTime,Tx,TxMaxAbs,TxMaxAbsTime,TxMinAbs,TxMinAbsTime,RH,RHMin,RHMinTime,WS,WD,WSGust,WDGust,WGustTime,Precp,AirTemperature.MaximumTimef,AirTemperature.Maximumf,AirTemperature.Meanf,AirTemperature.MinimumTimef,AirTemperature.Minimumf,GlobalSolarRadiation.Accumulationf,GlobalSolarRadiation.HourlyMaximumTimef,GlobalSolarRadiation.HourlyMaximumf,GloblRad,GloblRadMax,GloblRadMaxTime,PeakGust.Directionf,PeakGust.MaximumTimef,PeakGust.Maximumf,Precipitation.Accumulationf,Precipitation.HourlyMaximum,Precipitation.HourlyMaximumTime,Precipitation.HourlyMaximumTimef,Precipitation.HourlyMaximumf,Precipitation.MeltFlag,Precipitation.MeltFlagf,RelativeHumidity.Maximum,RelativeHumidity.MaximumTime,RelativeHumidity.MaximumTimef,RelativeHumidity.Maximumf,RelativeHumidity.Meanf,RelativeHumidity.MinimumTimef,RelativeHumidity.Minimumf,SoilTemperatureAt0cm.Maximum,SoilTemperatureAt0cm.MaximumTime,SoilTemperatureAt0cm.MaximumTimef,SoilTemperatureAt0cm.Maximumf,SoilTemperatureAt0cm.Meanf,SoilTemperatureAt0cm.Minimum,SoilTemperatureAt0cm.MinimumTime,SoilTemperatureAt0cm.MinimumTimef,SoilTemperatureAt0cm.Minimumf,SoilTemperatureAt100cm.Maximum,SoilTemperatureAt100cm.MaximumTime,SoilTemperatureAt100cm.MaximumTimef,SoilTemperatureAt100cm.Maximumf,SoilTemperatureAt100cm.Meanf,SoilTemperatureAt100cm.Minimum,SoilTemperatureAt100cm.MinimumTime,SoilTemperatureAt100cm.MinimumTimef,SoilTemperatureAt100cm.Minimumf,SoilTemperatureAt10cm.Maximum,SoilTemperatureAt10cm.MaximumTime,SoilTemperatureAt10cm.MaximumTimef,SoilTemperatureAt10cm.Maximumf,SoilTemperatureAt10cm.Meanf,SoilTemperatureAt10cm.Minimum,SoilTemperatureAt10cm.MinimumTime,SoilTemperatureAt10cm.MinimumTimef,SoilTemperatureAt10cm.Minimumf,SoilTemperatureAt20cm.Maximum,SoilTemperatureAt20cm.MaximumTime,SoilTemperatureAt20cm.MaximumTimef,SoilTemperatureAt20cm.Maximumf,SoilTemperatureAt20cm.Meanf,SoilTemperatureAt20cm.Minimum,SoilTemperatureAt20cm.MinimumTime,SoilTemperatureAt20cm.MinimumTimef,SoilTemperatureAt20cm.Minimumf,SoilTemperatureAt50cm.Maximum,SoilTemperatureAt50cm.MaximumTime,SoilTemperatureAt50cm.MaximumTimef,SoilTemperatureAt50cm.Maximumf,SoilTemperatureAt50cm.Meanf,SoilTemperatureAt50cm.Minimum,SoilTemperatureAt50cm.MinimumTime,SoilTemperatureAt50cm.MinimumTimef,SoilTemperatureAt50cm.Minimumf,SoilTemperatureAt5cm.Maximum,SoilTemperatureAt5cm.MaximumTime,SoilTemperatureAt5cm.MaximumTimef,SoilTemperatureAt5cm.Maximumf,SoilTemperatureAt5cm.Meanf,SoilTemperatureAt5cm.Minimum,SoilTemperatureAt5cm.MinimumTime,SoilTemperatureAt5cm.MinimumTimef,SoilTemperatureAt5cm.Minimumf,StationPressure.MaximumTimef,StationPressure.Maximumf,StationPressure.Meanf,StationPressure.MinimumTimef,StationPressure.Minimumf,SunShine,SunshineDuration.Totalf,TxSoil0cm,TxSoil100cm,TxSoil10cm,TxSoil20cm,TxSoil50cm,TxSoil5cm,WindDirection.Prevailingf,WindSpeed.Meanf
2021-01-01,1010.9,1013.4,2021-01-01T08:07:00,1008.7,2021-01-01T15:32:00,16.3,17.7,2021-01-01T13:29:00,15.1,2021-01-01T00:17:00,66,59,2021-01-01T22:24:00,11.1,7.0,21.2,10,2021-01-01T01:38:00,0.0,,,,,,,,,,,,,,,,0.0,,,,0,,74,2021-01-01T00:19:00,,,,,,,,,,,,,,,,,,,,,,,,,,,,,,,,,,,,,,,,,,,,,,,,,,,,,,,,,,,,,,,,,,,,,,,,,,
2021-01-02,1009.2,1010.7,2021-01-02T00:01:00,1007.3,2021-01-02T15:04:00,18.5,20.5,2021-01-02T11:30:00,16.1,2021-01-02T00:01:00,71,61,2021-01-02T00:01:00,11.3,13.0,23.6,32,2021-01-02T20:10:00,0.0,,,,,,,,,,,,,,,,0.0,,,,0,,83,2021-01-02T20:59:00,,,,,,,,,,,,,,,,,,,,,,,,,,,,,,,,,,,,,,,,,,,,,,,,,,,,,,,,,,,,,,,,,,,,,,,,,,
2021-01-03,1008.9,1010.9,2021-01-03T08:58:00,1007.1,2021-01-03T14:07:00,19.9,21.2,2021-01-03T13:27:00,18.1,2021-01-03T04:23:00,76,68,2021-01-03T08:09:00,11.2,17.0,18.4,360,2021-01-03T06:54:00,0.0,,,,,,,,,,,,,,,,0.0,,,,0,,83,2021-01-03T00:40:00,,,,,,,,,,,,,,,,,,,,,,,,,,,,,,,,,,,,,,,,,,,,,,,,,,,,,,,,,,,,,,,,,,,,,,,,,,
2021-01-04,1007.6,1009.5,2021-01-04T08:22:00,1005.8,2021-01-04T14:58:00,20.9,22.5,2021-01-04T12:40:00,19.4,2021-01-04T06:57:00,76,67,2021-01-04T03:45:00,6.4,331.0,13.6,360,2021-01-04T09:53:00,0.0,,,,,,,,,,,,,,,,0.0,,,,0,,87,2021-01-04T21:29:00,,,,,,,,,,,,,,,,,,,,,,,,,,,,,,,,,,,,,,,,,,,,,,,,,,,,,,,,,,,,,,,,,,,,,,,,,,
2021-01-05,1006.1,1008.1,2021-01-05T08:49:00,1004.2,2021-01-05T14:53:00,20.7,23.2,2021-01-05T10:46:00,18.6,2021-01-05T23:40:00,83,71,2021-01-05T09:02:00,8.0,29.0,21.8,28,2021-01-05T23:25:00,0.5,,,,,,,,,,,,,,,,0.5,2021-01-05T23:59:00,,,0,,94,2021-01-05T23:00:00,,,,,,,,,,,,,,,,,,,,,,,,,,,,,,,,,,,,,,,,,,,,,,,,,,,,,,,,,,,,,,,,,,,,,,,,,,
2021-01-06,1005.7,1008.0,2021-01-06T08:29:00,1003.3,2021-01-06T15:00:00,20.0,20.9,2021-01-06T11:58:00,19.1,2021-01-06T00:01:00,77,67,2021-01-06T11:43:00,13.0,10.0,22.1,26,2021-01-06T01:36:00,0.0,,,,,,,,,,,,,,,,0.0,,,,0,,91,2021-01-06T00:01:00,,,,,,,,,,,,,,,,,,,,,,,,,,,,,,,,,,,,,,,,,,,,,,,,,,,,,,,,,,,,,,,,,,,,,,,,,,
2021-01-07,1006.1,1008.5,2021-01-07T20:21:00,1003.9,2021-01-07T14:54:00,18.3,19.8,2021-01-07T00:01:00,16.0,2021-01-07T19:12:00,80,73,2021-01-07T20:59:00,15.7,7.0,27.6,29,2021-01-07T21:12:00,0.5,,,,,,,,,,,,,,,,0.5,2021-01-07T18:00:00,,,0,,92,2021-01-07T17:08:00,,,,,,,,,,,,,,,,,,,,,,,,,,,,,,,,,,,,,,,,,,,,,,,,,,,,,,,,,,,,,,,,,,,,,,,,,,
2021-01-08,1008.8,1010.8,2021-01-08T20:22:00,1006.5,2021-01-08T03:28:00,15.0,17.0,2021-01-08T00:34:00,13.0,2021-01-08T23:23:00,78,72,2021-01-08T04:39:00,15.2,7.0,23.7,10,2021-01-08T02:36:00,0.5,,,,,,,,,,,,,,,,0.5,2021-01-08T23:59:00,,,0,,92,2021-01-08T23:27:00,,,,,,,,,,,,,,,,,,,,,,,,,,,,,,,,,,,,,,,,,,,,,,,,,,,,,,,,,,,,,,,,,,,,,,,,,,
2021-01-09,1010.0,1012.2,2021-01-09T09:01:00,1007.6,2021-01-09T14:57:00,13.5,14.4,2021-01-09T18:49:00,12.5,2021-01-09T06:10:00,79,71,2021-01-09T10:19:00,14.9,7.0,22.9,358,2021-01-09T23:48:00,1.0,,,,,,,,,,,,,,,,0.5,2021-01-09T07:00:00,,,0,,92,2021-01-09T02:12:00,,,,,,,,,,,,,,,,,,,,,,,,,,,,,,,,,,,,,,,,,,,,,,,,,,,,,,,,,,,,,,,,,,,,,,,,,,
2021-01-10,1009.9,1012.0,2021-01-10T08:40:00,1007.6,2021-01-10T15:21:00,15.7,17.4,2021-01-10T13:08:00,13.5,2021-01-10T00:01:00,71,60,2021-01-10T13:59:00,13.8,7.0,23.1,15,2021-01-10T00:03:00,0.0,,,,,,,,,,,,,,,,0.0,,,,0,,82,2021-01-10T00:03:00,,,,,,,,,,,,,,,,,,,,,,,,,,,,,,,,,,,,,,,,,,,,,,,,,,,,,,,,,,,,,,,,,,,,,,,,,,
2021-01-11,1009.0,1011.2,2021-01-11T09:25:00,1007.0,2021-01-11T14:38:00,17.4,19.0,2021-01-11T14:09:00,15.8,2021-01-11T00:18:00,71,63,2021-01-11T08:18:00,9.3,6.0,18.7,2,2021-01-11T01:24:00,0.0,,,,,,,,,,,,,,,,0.0,,,,0,,91,2021-01-11T23:26:00,,,,,,,,,,,,,,,,,,,,,,,,,,,,,,,,,,,,,,,,,,,,,,,,,,,,,,,,,,,,,,,,,,,,,,,,,,
2021-01-12,1008.0,1010.0,2021-01-12T09:31:00,1006.6,2021-01-12T13:52:00,15.2,16.8,2021-01-12T00:50:00,14.0,2021-01-12T05:59:00,83,72,2021-01-12T23:22:00,11.9,1.0,19.7,360,2021-01-12T20:47:00,1.0,,,,,,,,,,,,,,,,0.5,2021-01-12T04:00:00,,,0,,95,2021-01-12T04:07:00,,,,,,,,,,,,,,,,,,,,,,,,,,,,,,,,,,,,,,,,,,,,,,,,,,,,,,,,,,,,,,,,,,,,,,,,,,
2021-01-13,1007.2,1008.9,2021-01-13T08:37:00,1005.0,2021-01-13T15:16:00,16.2,18.2,2021-01-13T13:02:00,14.1,2021-01-13T02:25:00,68,59,2021-01-13T09:30:00,7.7,25.0,17.0,24,2021-01-13T00:02:00,0.0,,,,,,,,,,,,,,,,0.0,,,,0,,77,2021-01-13T00:13:00,,,,,,,,,,,,,,,,,,,,,,,,,,,,,,,,,,,,,,,,,,,,,,,,,,,,,,,,,,,,,,,,,,,,,,,,,,
2021-01-14,1006.3,1008.2,2021-01-14T00:19:00,1004.4,2021-01-14T14:53:00,17.2,19.4,2021-01-14T13:13:00,14.8,2021-01-14T03:23:00,66,57,2021-01-14T13:47:00,7.1,327.0,14.3,34,2021-01-14T19:42:00,0.0,,,,,,,,,,,,,,,,0.0,,,,0,,73,2021-01-14T20:53:00,,,,,,,,,,,,,,,,,,,,,,,,,,,,,,,,,,,,,,,,,,,,,,,,,,,,,,,,,,,,,,,,,,,,,,,,,,
2021-01-15,1004.2,1006.1,2021-01-15T00:01:00,1001.8,2021-01-15T16:07:00,19.4,21.4,2021-01-15T11:58:00,17.3,2021-01-15T00:01:00,65,52,2021-01-15T05:01:00,5.5,328.0,12.2,28,2021-01-15T19:47:00,0.0,,,,,,,,,,,,,,,,0.0,,,,0,,80,2021-01-15T22:44:00,,,,,,,,,,,,,,,,,,,,,,,,,,,,,,,,,,,,,,,,,,,,,,,,,,,,,,,,,,,,,,,,,,,,,,,,,,
2021-01-16,1004.6,1006.5,2021-01-16T23:55:00,1002.6,2021-01-16T15:02:00,20.4,21.9,2021-01-16T13:53:00,18.9,2021-01-16T02:02:00,72,61,2021-01-16T08:59:00,12.4,5.0,23.4,24,2021-01-16T20:09:00,0.0,,,,,,,,,,,,,,,,0.0,,,,0,,80,2021-01-16T22:38:00,,,,,,,,,,,,,,,,,,,,,,,,,,,,,,,,,,,,,,,,,,,,,,,,,,,,,,,,,,,,,,,,,,,,,,,,,,
2021-01-17,1008.3,1011.3,2021-01-17T22:20:00,1005.6,2021-01-17T01:07:00,18.1,20.0,2021-01-17T00:05:00,15.8,2021-01-17T22:19:00,76,67,2021-01-17T10:12:00,18.3,17.0,28.2,31,2021-01-17T15:08:00,0.0,,,,,,,,,,,,,,,,0.0,,,,0,,87,2021-01-17T22:23:00,,,,,,,,,,,,,,,,,,,,,,,,,,,,,,,,,,,,,,,,,,,,,,,,,,,,,,,,,,,,,,,,,,,,,,,,,,
2021-01-18,1009.0,1010.8,2021-01-18T09:00:00,1007.1,2021-01-18T15:46:00,17.5,18.9,2021-01-18T13:01:00,16.5,2021-01-18T02:46:00,74,68,2021-01-18T08:19:00,14.5,3.0,22.9,28,2021-01-18T00:06:00,0.0,,,,,,,,,,,,,,,,0.0,,,,0,,82,2021-01-19T00:00:00,,,,,,,,,,,,,,,,,,,,,,,,,,,,,,,,,,,,,,,,,,,,,,,,,,,,,,,,,,,,,,,,,,,,,,,,,,
2021-01-19,1007.9,1009.9,2021-01-19T09:09:00,1006.4,2021-01-19T04:08:00,18.7,19.9,2021-01-19T20:35:00,16.9,2021-01-19T06:41:00,72,61,2021-01-19T12:52:00,14.3,8.0,23.2,360,2021-01-19T04:21:00,0.0,,,,,,,,,,,,,,,,0.0,,,,0,,85,2021-01-19T05:38:00,,,,,,,,,,,,,,,,,,,,,,,,,,,,,,,,,,,,,,,,,,,,,,,,,,,,,,,,,,,,,,,,,,,,,,,,,,
2021-01-20,1006.5,1008.1,2021-01-20T09:05:00,1005.1,2021-01-20T15:09:00,20.5,21.9,2021-01-20T22:36:00,19.5,2021-01-20T02:42:00,84,70,2021-01-20T00:01:00,13.4,12.0,19.3,25,2021-01-20T03:37:00,0.0,,,,,,,,,,,,,,,,0.0,,,,0,,97,2021-01-20T17:12:00,,,,,,,,,,,,,,,,,,,,,,,,,,,,,,,,,,,,,,,,,,,,,,,,,,,,,,,,,,,,,,,,,,,,,,,,,,
2021-01-21,1003.7,1006.2,2021-01-21T09:11:00,1001.3,2021-01-21T15:25:00,21.6,22.1,2021-01-21T00:51:00,20.4,2021-01-21T09:27:00,86,76,2021-01-21T00:23:00,12.6,8.0,18.7,26,2021-01-21T10:29:00,0.0,,,,,,,,,,,,,,,,0.0,,,,0,,96,2021-01-21T22:30:00,,,,,,,,,,,,,,,,,,,,,,,,,,,,,,,,,,,,,,,,,,,,,,,,,,,,,,,,,,,,,,,,,,,,,,,,,,
2021-01-22,1000.0,1002.3,2021-01-22T00:01:00,998.0,2021-01-22T15:16:00,21.2,23.1,2021-01-22T10:36:00,20.1,2021-01-22T03:38:00,95,85,2021-01-22T09:48:00,4.3,322.0,14.6,28,2021-01-22T23:19:00,8.0,,,,,,,,,,,,,,,,2.5,2021-01-22T03:00:00,,,0,,100,2021-01-22T22:21:00,,,,,,,,,,,,,,,,,,,,,,,,,,,,,,,,,,,,,,,,,,,,,,,,,,,,,,,,,,,,,,,,,,,,,,,,,,
2021-01-23,1001.5,1004.7,2021-01-23T23:03:00,998.8,2021-01-23T02:33:00,22.0,23.6,2021-01-23T10:41:00,20.7,2021-01-23T03:22:00,88,81,2021-01-23T13:40:00,5.2,11.0,12.5,12,2021-01-23T17:49:00,0.5,,,,,,,,,,,,,,,,0.5,2021-01-23T02:00:00,,,0,,97,2021-01-23T00:01:00,,,,,,,,,,,,,,,,,,,,,,,,,,,,,,,,,,,,,,,,,,,,,,,,,,,,,,,,,,,,,,,,,,,,,,,,,,
2021-01-24,1005.4,1007.2,2021-01-24T21:10:00,1003.3,2021-01-24T04:52:00,20.2,21.5,2021-01-24T13:51:00,18.7,2021-01-24T06:16:00,86,75,2021-01-24T13:39:00,11.8,5.0,21.2,27,2021-01-24T05:18:00,5.5,,,,,,,,,,,,,,,,2.0,2021-01-24T02:00:00,,,0,,99,2021-01-24T01:51:00,,,,,,,,,,,,,,,,,,,,,,,,,,,,,,,,,,,,,,,,,,,,,,,,,,,,,,,,,,,,,,,,,,,,,,,,,,
2021-01-25,1006.3,1008.5,2021-01-25T08:58:00,1004.3,2021-01-25T14:41:00,19.9,21.5,2021-01-25T13:10:00,18.5,2021-01-25T06:02:00,73,63,2021-01-25T13:52:00,6.4,335.0,16.8,2,2021-01-25T00:29:00,0.0,,,,,,,,,,,,,,,,0.0,,,,0,,82,2021-01-25T00:23:00,,,,,,,,,,,,,,,,,,,,,,,,,,,,,,,,,,,,,,,,,,,,,,,,,,,,,,,,,,,,,,,,,,,,,,,,,,
2021-01-26,1005.2,1007.1,2021-01-26T08:58:00,1003.1,2021-01-26T14:27:00,20.9,23.8,2021-01-26T14:02:00,18.9,2021-01-26T03:19:00,73,62,2021-01-26T11:00:00,3.5,322.0,13.9,31,2021-01-26T23:34:00,0.0,,,,,,,,,,,,,,,,0.0,,,,0,,81,2021-01-26T20:05:00,,,,,,,,,,,,,,,,,,,,,,,,,,,,,,,,,,,,,,,,,,,,,,,,,,,,,,,,,,,,,,,,,,,,,,,,,,
2021-01-27,1005.1,1007.4,2021-01-27T09:49:00,1003.3,2021-01-27T15:13:00,20.3,21.4,2021-01-27T00:04:00,18.8,2021-01-27T09:52:00,84,74,2021-01-27T00:33:00,8.5,22.0,19.5,6,2021-01-27T10:59:00,2.0,,,,,,,,,,,,,,,,1.5,2021-01-27T10:00:00,,,0,,97,2021-01-27T09:50:00,,,,,,,,,,,,,,,,,,,,,,,,,,,,,,,,,,,,,,,,,,,,,,,,,,,,,,,,,,,,,,,,,,,,,,,,,,
2021-01-28,1007.1,1009.3,2021-01-28T23:14:00,1005.6,2021-01-28T15:17:00,19.7,22.8,2021-01-28T14:49:00,17.3,2021-01-28T22:17:00,84,76,2021-01-28T08:34:00,7.6,8.0,23.4,22,2021-01-28T22:09:00,1.5,,,,,,,,,,,,,,,,1.0,2021-01-28T17:00:00,,,0,,94,2021-01-28T20:56:00,,,,,,,,,,,,,,,,,,,,,,,,,,,,,,,,,,,,,,,,,,,,,,,,,,,,,,,,,,,,,,,,,,,,,,,,,,
2021-01-29,1010.0,1012.6,2021-01-29T22:22:00,1007.3,2021-01-29T02:12:00,17.0,17.8,2021-01-29T01:16:00,15.5,2021-01-29T10:58:00,75,62,2021-01-29T15:56:00,16.6,5.0,26.7,5,2021-01-29T02:15:00,1.5,,,,,,,,,,,,,,,,0.5,2021-01-29T01:00:00,,,0,,93,2021-01-29T00:21:00,,,,,,,,,,,,,,,,,,,,,,,,,,,,,,,,,,,,,,,,,,,,,,,,,,,,,,,,,,,,,,,,,,,,,,,,,,
2021-01-30,1011.2,1012.9,2021-01-30T09:12:00,1010.0,2021-01-30T14:58:00,18.6,20.1,2021-01-30T13:20:00,16.6,2021-01-30T00:02:00,69,62,2021-01-30T05:10:00,9.8,3.0,20.2,1,2021-01-30T01:37:00,0.0,,,,,,,,,,,,,,,,0.0,,,,0,,78,2021-01-30T00:06:00,,,,,,,,,,,,,,,,,,,,,,,,,,,,,,,,,,,,,,,,,,,,,,,,,,,,,,,,,,,,,,,,,,,,,,,,,,
2021-01-31,1010.4,1012.6,2021-01-31T10:37:00,1008.9,2021-01-31T15:01:00,20.5,23.8,2021-01-31T11:39:00,18.3,2021-01-31T00:47:00,67,54,2021-01-31T11:42:00,7.0,13.0,19.0,25,2021-01-31T00:21:00,0.0,,,,,,,,,,,,,,,,0.0,,,,0,,79,2021-01-31T00:48:00,,,,,,,,,,,,,,,,,,,,,,,,,,,,,,,,,,,,,,,,,,,,,,,,,,,,,,,,,,,,,,,,,,,,,,,,,,
2021-02-01,1008.2,1010.1,2021-02-01T00:04:00,1006.1,2021-02-01T14:42:00,21.1,23.9,2021-02-01T13:44:00,20.2,2021-02-01T21:42:00,69,53,2021-02-01T12:07:00,7.2,13.0,16.7,23,2021-02-01T01:08:00,0.0,,,,,,,,,,,,,,,,0.0,,,,0,,77,2021-02-01T22:06:00,,,,,,,,,,,,,,,,,,,,,,,,,,,,,,,,,,,,,,,,,,,,,,,,,,,,,,,,,,,,,,,,,,,,,,,,,,
2021-02-02,1008.0,1009.9,2021-02-02T22:01:00,1006.3,2021-02-02T15:06:00,20.8,23.2,2021-02-02T13:00:00,18.9,2021-02-02T22:48:00,76,67,2021-02-02T08:53:00,9.8,24.0,23.1,21,2021-02-02T22:55:00,5.5,,,,,,,,,,,,,,,,2.5,2021-02-02T21:00:00,,,0,,95,2021-02-02T22:13:00,,,,,,,,,,,,,,,,,,,,,,,,,,,,,,,,,,,,,,,,,,,,,,,,,,,,,,,,,,,,,,,,,,,,,,,,,,
2021-02-03,1010.0,1012.2,2021-02-03T09:48:00,1008.6,2021-02-03T14:27:00,20.0,21.1,2021-02-03T12:38:00,18.4,2021-02-03T04:42:00,77,70,2021-02-03T17:46:00,13.0,4.0,23.0,22,2021-02-03T00:35:00,2.0,,,,,,,,,,,,,,,,1.0,2021-02-03T04:00:00,,,0,,91,2021-02-03T01:54:00,,,,,,,,,,,,,,,,,,,,,,,,,,,,,,,,,,,,,,,,,,,,,,,,,,,,,,,,,,,,,,,,,,,,,,,,,,
2021-02-04,1010.0,1012.3,2021-02-04T09:41:00,1008.3,2021-02-04T14:47:00,20.7,22.5,2021-02-04T14:14:00,19.4,2021-02-04T05:50:00,74,66,2021-02-04T09:37:00,8.8,19.0,16.2,13,2021-02-04T00:42:00,0.0,,,,,,,,,,,,,,,,0.0,,,,0,,82,2021-02-04T02:07:00,,,,,,,,,,,,,,,,,,,,,,,,,,,,,,,,,,,,,,,,,,,,,,,,,,,,,,,,,,,,,,,,,,,,,,,,,,
2021-02-05,1008.3,1010.9,2021-02-05T09:36:00,1006.8,2021-02-05T15:04:00,19.9,21.7,2021-02-05T14:16:00,18.5,2021-02-05T08:09:00,79,68,2021-02-05T14:14:00,7.6,2.0,17.1,6,2021-02-05T00:36:00,0.5,,,,,,,,,,,,,,,,0.5,2021-02-05T10:00:00,,,0,,89,2021-02-05T09:46:00,,,,,,,,,,,,,,,,,,,,,,,,,,,,,,,,,,,,,,,,,,,,,,,,,,,,,,,,,,,,,,,,,,,,,,,,,,
2021-02-06,1006.7,1008.9,2021-02-06T09:16:00,1005.1,2021-02-06T14:46:00,21.3,24.6,2021-02-06T11:53:00,19.5,2021-02-06T04:16:00,76,65,2021-02-06T11:35:00,4.8,358.0,11.2,360,2021-02-06T23:49:00,0.0,,,,,,,,,,,,,,,,0.0,,,,0,,85,2021-02-06T23:01:00,,,,,,,,,,,,,,,,,,,,,,,,,,,,,,,,,,,,,,,,,,,,,,,,,,,,,,,,,,,,,,,,,,,,,,,,,,
2021-02-07,1006.8,1008.4,2021-02-07T09:21:00,1004.9,2021-02-07T15:00:00,21.7,23.4,2021-02-07T11:17:00,20.1,2021-02-07T03:49:00,76,69,2021-02-07T07:47:00,5.6,260.0,12.9,22,2021-02-07T23:51:00,0.0,,,,,,,,,,,,,,,,0.0,,,,0,,86,2021-02-07T01:16:00,,,,,,,,,,,,,,,,,,,,,,,,,,,,,,,,,,,,,,,,,,,,,,,,,,,,,,,,,,,,,,,,,,,,,,,,,,
2021-02-08,1007.4,1009.4,2021-02-08T22:40:00,1006.0,2021-02-08T04:37:00,21.5,23.5,2021-02-08T13:16:00,18.7,2021-02-08T23:09:00,80,62,2021-02-08T09:29:00,11.2,5.0,27.8,20,2021-02-08T21:52:00,2.5,,,,,,,,,,,,,,,,1.5,2021-02-08T23:59:00,,,0,,99,2021-02-08T23:28:00,,,,,,,,,,,,,,,,,,,,,,,,,,,,,,,,,,,,,,,,,,,,,,,,,,,,,,,,,,,,,,,,,,,,,,,,,,
2021-02-09,1007.1,1009.0,2021-02-09T09:38:00,1005.6,2021-02-09T14:51:00,19.7,20.5,2021-02-09T12:19:00,18.3,2021-02-09T01:26:00,84,78,2021-02-09T09:44:00,16.4,10.0,26.4,20,2021-02-09T06:33:00,0.5,,,,,,,,,,,,,,,,0.5,2021-02-09T02:00:00,,,0,,98,2021-02-09T00:15:00,,,,,,,,,,,,,,,,,,,,,,,,,,,,,,,,,,,,,,,,,,,,,,,,,,,,,,,,,,,,,,,,,,,,,,,,,,
2021-02-10,1003.5,1006.8,2021-02-10T00:02:00,1001.2,2021-02-10T23:42:00,19.4,20.5,2021-02-10T13:47:00,18.4,2021-02-10T09:20:00,91,77,2021-02-10T02:51:00,13.5,6.0,20.8,4,2021-02-10T00:37:00,3.0,,,,,,,,,,,,,,,,1.0,2021-02-10T18:00:00,,,0,,100,2021-02-10T22:20:00,,,,,,,,,,,,,,,,,,,,,,,,,,,,,,,,,,,,,,,,,,,,,,,,,,,,,,,,,,,,,,,,,,,,,,,,,,
2021-02-11,997.9,1001.6,2021-02-11T00:04:00,995.1,2021-02-11T13:21:00,21.0,28.3,2021-02-11T12:05:00,18.6,2021-02-11T01:24:00,95,56,2021-02-11T12:37:00,4.9,357.0,13.9,1,2021-02-11T00:18:00,21.0,,,,,,,,,,,,,,,,9.0,2021-02-11T08:00:00,,,0,,100,2021-02-11T01:53:00,,,,,,,,,,,,,,,,,,,,,,,,,,,,,,,,,,,,,,,,,,,,,,,,,,,,,,,,,,,,,,,,,,,,,,,,,,
2021-02-12,1001.4,1003.4,2021-02-12T22:45:00,999.4,2021-02-12T03:56:00,21.6,23.6,2021-02-12T11:30:00,20.2,2021-02-12T06:50:00,84,74,2021-02-12T16:29:00,7.7,10.0,18.5,22,2021-02-12T20:42:00,0.0,,,,,,,,,,,,,,,,0.0,,,,0,,93,2021-02-12T00:01:00,,,,,,,,,,,,,,,,,,,,,,,,,,,,,,,,,,,,,,,,,,,,,,,,,,,,,,,,,,,,,,,,,,,,,,,,,,
2021-02-13,1003.6,1005.3,2021-02-13T10:05:00,1002.2,2021-02-13T04:02:00,20.5,23.6,2021-02-13T13:27:00,18.5,2021-02-13T05:46:00,87,78,2021-02-13T16:47:00,7.3,8.0,18.1,360,2021-02-13T00:05:00,6.0,,,,,,,,,,,,,,,,2.0,2021-02-13T05:00:00,,,0,,98,2021-02-13T04:33:00,,,,,,,,,,,,,,,,,,,,,,,,,,,,,,,,,,,,,,,,,,,,,,,,,,,,,,,,,,,,,,,,,,,,,,,,,,
2021-02-14,1002.5,1004.6,2021-02-14T08:29:00,999.8,2021-02-14T15:16:00,22.0,29.2,2021-02-14T11:21:00,19.2,2021-02-14T04:10:00,75,55,2021-02-14T11:26:00,2.6,5.0,11.0,163,2021-02-14T14:36:00,0.0,,,,,,,,,,,,,,,,0.0,,,,0,,85,2021-02-14T03:34:00,,,,,,,,,,,,,,,,,,,,,,,,,,,,,,,,,,,,,,,,,,,,,,,,,,,,,,,,,,,,,,,,,,,,,,,,,,
2021-02-15,1003.4,1005.4,2021-02-15T09:41:00,1001.8,2021-02-15T03:43:00,20.3,21.5,2021-02-15T14:46:00,18.6,2021-02-15T08:00:00,83,72,2021-02-15T19:09:00,10.1,3.0,18.3,16,2021-02-15T21:37:00,6.0,,,,,,,,,,,,,,,,2.5,2021-02-15T07:00:00,,,0,,96,2021-02-15T06:45:00,,,,,,,,,,,,,,,,,,,,,,,,,,,,,,,,,,,,,,,,,,,,,,,,,,,,,,,,,,,,,,,,,,,,,,,,,,
2021-02-16,1005.1,1007.3,2021-02-16T08:55:00,1003.4,2021-02-16T15:21:00,18.9,20.7,2021-02-16T15:59:00,17.1,2021-02-16T07:12:00,89,78,2021-02-16T22:23:00,6.1,4.0,15.7,360,2021-02-16T00:38:00,11.5,,,,,,,,,,,,,,,,3.5,2021-02-16T10:00:00,,,0,,99,2021-02-16T05:22:00,,,,,,,,,,,,,,,,,,,,,,,,,,,,,,,,,,,,,,,,,,,,,,,,,,,,,,,,,,,,,,,,,,,,,,,,,,
2021-02-17,1006.9,1010.9,2021-02-17T21:59:00,1004.7,2021-02-17T03:22:00,19.3,21.6,2021-02-17T10:23:00,17.1,2021-02-17T19:51:00,81,75,2021-02-17T22:21:00,11.4,5.0,24.5,15,2021-02-17T18:40:00,0.0,,,,,,,,,,,,,,,,0.0,,,,0,,92,2021-02-17T18:49:00,,,,,,,,,,,,,,,,,,,,,,,,,,,,,,,,,,,,,,,,,,,,,,,,,,,,,,,,,,,,,,,,,,,,,,,,,,
2021-02-18,1012.0,1014.1,2021-02-18T21:24:00,1009.3,2021-02-18T04:17:00,17.0,18.0,2021-02-18T14:02:00,16.0,2021-02-18T08:13:00,73,65,2021-02-18T13:19:00,15.6,7.0,23.8,14,2021-02-18T05:21:00,0.0,,,,,,,,,,,,,,,,0.0,,,,0,,90,2021-02-18T00:46:00,,,,,,,,,,,,,,,,,,,,,,,,,,,,,,,,,,,,,,,,,,,,,,,,,,,,,,,,,,,,,,,,,,,,,,,,,,
2021-02-19,1011.6,1013.4,2021-02-19T09:50:00,1010.1,2021-02-19T15:35:00,17.6,20.2,2021-02-19T14:34:00,15.7,2021-02-19T07:04:00,63,51,2021-02-19T10:50:00,8.2,5.0,20.0,5,2021-02-19T01:43:00,0.0,,,,,,,,,,,,,,,,0.0,,,,0,,74,2021-02-19T00:15:00,,,,,,,,,,,,,,,,,,,,,,,,,,,,,,,,,,,,,,,,,,,,,,,,,,,,,,,,,,,,,,,,,,,,,,,,,,
2021-02-20,1009.0,1011.3,2021-02-20T09:27:00,1007.5,2021-02-20T15:04:00,18.9,23.5,2021-02-20T14:45:00,16.6,2021-02-20T02:21:00,62,49,2021-02-20T14:46:00,3.4,11.0,12.0,12,2021-02-20T10:50:00,0.0,,,,,,,,,,,,,,,,0.0,,,,0,,71,2021-02-20T09:00:00,,,,,,,,,,,,,,,,,,,,,,,,,,,,,,,,,,,,,,,,,,,,,,,,,,,,,,,,,,,,,,,,,,,,,,,,,,
2021-02-21,1007.2,1009.4,2021-02-21T08:50:00,1005.4,2021-02-21T16:28:00,19.8,21.8,2021-02-21T11:47:00,17.7,2021-02-21T04:31:00,66,56,2021-02-21T11:30:00,6.0,4.0,13.3,7,2021-02-21T09:13:00,0.0,,,,,,,,,,,,,,,,0.0,,,,0,,72,2021-02-21T19:30:00,,,,,,,,,,,,,,,,,,,,,,,,,,,,,,,,,,,,,,,,,,,,,,,,,,,,,,,,,,,,,,,,,,,,,,,,,,
2021-02-22,1005.2,1007.2,2021-02-22T09:01:00,1003.5,2021-02-22T14:30:00,21.8,25.8,2021-02-22T13:46:00,19.3,2021-02-22T03:17:00,74,63,2021-02-22T13:40:00,4.3,4.0,12.7,360,2021-02-22T21:26:00,0.0,,,,,,,,,,,,,,,,0.0,,,,0,,85,2021-02-22T21:36:00,,,,,,,,,,,,,,,,,,,,,,,,,,,,,,,,,,,,,,,,,,,,,,,,,,,,,,,,,,,,,,,,,,,,,,,,,,
2021-02-23,1003.5,1005.4,2021-02-23T00:01:00,1001.5,2021-02-23T16:07:00,21.5,23.0,2021-02-23T11:23:00,19.9,2021-02-23T21:41:00,81,71,2021-02-23T08:49:00,11.9,4.0,20.4,9,2021-02-23T21:22:00,0.0,,,,,,,,,,,,,,,,0.0,,,,0,,94,2021-02-23T21:38:00,,,,,,,,,,,,,,,,,,,,,,,,,,,,,,,,,,,,,,,,,,,,,,,,,,,,,,,,,,,,,,,,,,,,,,,,,,
2021-02-24,1002.4,1004.5,2021-02-24T10:19:00,1000.6,2021-02-24T15:41:00,22.1,24.2,2021-02-24T11:22:00,19.5,2021-02-24T00:25:00,78,66,2021-02-24T13:07:00,12.0,4.0,18.7,5,2021-02-24T00:17:00,0.0,,,,,,,,,,,,,,,,0.0,,,,0,,94,2021-02-24T00:10:00,,,,,,,,,,,,,,,,,,,,,,,,,,,,,,,,,,,,,,,,,,,,,,,,,,,,,,,,,,,,,,,,,,,,,,,,,,
2021-02-25,999.6,1001.9,2021-02-25T00:30:00,997.3,2021-02-25T16:27:00,22.7,26.0,2021-02-25T14:52:00,21.2,2021-02-25T05:01:00,80,71,2021-02-25T12:27:00,5.4,4.0,14.6,5,2021-02-25T01:38:00,0.0,,,,,,,,,,,,,,,,0.0,,,,0,,91,2021-02-25T20:05:00,,,,,,,,,,,,,,,,,,,,,,,,,,,,,,,,,,,,,,,,,,,,,,,,,,,,,,,,,,,,,,,,,,,,,,,,,,
2021-02-26,998.6,1000.7,2021-02-27T00:00:00,996.8,2021-02-26T14:53:00,23.5,29.0,2021-02-26T12:47:00,21.0,2021-02-26T03:30:00,85,66,2021-02-26T11:57:00,3.3,3.0,12.4,360,2021-02-26T22:08:00,0.0,,,,,,,,,,,,,,,,0.0,,,,0,,95,2021-02-26T22:53:00,,,,,,,,,,,,,,,,,,,,,,,,,,,,,,,,,,,,,,,,,,,,,,,,,,,,,,,,,,,,,,,,,,,,,,,,,,
2021-02-27,1002.1,1004.9,2021-02-27T23:52:00,1000.0,2021-02-27T01:00:00,22.0,24.5,2021-02-27T11:51:00,20.5,2021-02-27T19:33:00,91,80,2021-02-27T11:33:00,8.1,3.0,17.4,2,2021-02-27T21:35:00,2.5,,,,,,,,,,,,,,,,1.0,2021-02-27T18:00:00,,,0,,99,2021-02-27T17:40:00,,,,,,,,,,,,,,,,,,,,,,,,,,,,,,,,,,,,,,,,,,,,,,,,,,,,,,,,,,,,,,,,,,,,,,,,,,
2021-02-28,1004.9,1006.5,2021-02-28T09:29:00,1003.7,2021-02-28T15:12:00,21.8,23.8,2021-02-28T12:25:00,20.3,2021-02-28T03:40:00,87,80,2021-02-28T12:27:00,6.9,4.0,13.2,360,2021-02-28T00:33:00,0.0,,,,,,,,,,,,,,,,0.0,,,,0,,95,2021-02-28T19:52:00,,,,,,,,,,,,,,,,,,,,,,,,,,,,,,,,,,,,,,,,,,,,,,,,,,,,,,,,,,,,,,,,,,,,,,,,,,
2021-03-01,1005.2,1007.2,2021-03-01T09:16:00,1003.5,2021-03-01T15:16:00,23.6,28.3,2021-03-01T13:12:00,21.3,2021-03-01T02:25:00,80,68,2021-03-01T13:04:00,2.9,58.0,10.4,360,2021-03-01T00:31:00,0.0,,,,,,,,,,,,,,,,0.0,,,,0,,91,2021-03-01T00:39:00,,,,,,,,,,,,,,,,,,,,,,,,,,,,,,,,,,,,,,,,,,,,,,,,,,,,,,,,,,,,,,,,,,,,,,,,,,
2021-03-02,1006.0,1009.8,2021-03-02T23:53:00,1002.8,2021-03-02T03:22:00,21.0,23.7,2021-03-02T09:31:00,18.9,2021-03-02T22:05:00,82,76,2021-03-02T07:28:00,11.9,4.0,24.4,7,2021-03-02T11:15:00,0.0,,,,,,,,,,,,,,,,0.0,,,,0,,92,2021-03-02T10:19:00,,,,,,,,,,,,,,,,,,,,,,,,,,,,,,,,,,,,,,,,,,,,,,,,,,,,,,,,,,,,,,,,,,,,,,,,,,
2021-03-03,1008.6,1010.5,2021-03-03T10:11:00,1007.0,2021-03-03T15:18:00,20.4,21.8,2021-03-03T14:48:00,19.2,2021-03-03T00:19:00,77,70,2021-03-03T12:36:00,10.5,3.0,20.9,2,2021-03-03T00:33:00,0.0,,,,,,,,,,,,,,,,0.0,,,,0,,84,2021-03-03T20:03:00,,,,,,,,,,,,,,,,,,,,,,,,,,,,,,,,,,,,,,,,,,,,,,,,,,,,,,,,,,,,,,,,,,,,,,,,,,
2021-03-04,1007.3,1008.8,2021-03-04T00:29:00,1005.5,2021-03-04T15:12:00,22.9,29.2,2021-03-04T12:51:00,19.9,2021-03-04T01:06:00,78,57,2021-03-04T12:34:00,2.9,89.0,10.7,360,2021-03-04T00:07:00,0.0,,,,,,,,,,,,,,,,0.0,,,,0,,93,2021-03-04T23:38:00,,,,,,,,,,,,,,,,,,,,,,,,,,,,,,,,,,,,,,,,,,,,,,,,,,,,,,,,,,,,,,,,,,,,,,,,,,
2021-03-05,1006.1,1007.8,2021-03-05T09:48:00,1004.5,2021-03-05T15:33:00,22.3,23.5,2021-03-05T12:27:00,21.6,2021-03-05T01:39:00,90,84,2021-03-05T12:37:00,7.6,3.0,15.3,360,2021-03-05T06:50:00,0.0,,,,,,,,,,,,,,,,0.0,,,,0,,94,2021-03-05T01:31:00,,,,,,,,,,,,,,,,,,,,,,,,,,,,,,,,,,,,,,,,,,,,,,,,,,,,,,,,,,,,,,,,,,,,,,,,,,
2021-03-06,1005.2,1006.9,2021-03-06T07:39:00,1002.9,2021-03-06T14:58:00,24.5,29.5,2021-03-06T14:19:00,21.3,2021-03-06T04:34:00,84,62,2021-03-06T15:01:00,3.2,89.0,13.8,6,2021-03-06T23:30:00,0.0,,,,,,,,,,,,,,,,0.0,,,,0,,95,2021-03-06T22:27:00,,,,,,,,,,,,,,,,,,,,,,,,,,,,,,,,,,,,,,,,,,,,,,,,,,,,,,,,,,,,,,,,,,,,,,,,,,
2021-03-07,1006.5,1008.3,2021-03-07T09:49:00,1005.0,2021-03-07T03:17:00,22.3,24.1,2021-03-07T13:36:00,20.9,2021-03-07T07:05:00,87,79,2021-03-07T11:39:00,9.1,4.0,15.0,360,2021-03-07T21:32:00,1.0,,,,,,,,,,,,,,,,0.5,2021-03-07T07:00:00,,,0,,94,2021-03-07T03:33:00,,,,,,,,,,,,,,,,,,,,,,,,,,,,,,,,,,,,,,,,,,,,,,,,,,,,,,,,,,,,,,,,,,,,,,,,,,
2021-03-08,1007.8,1009.8,2021-03-08T09:27:00,1005.9,2021-03-08T15:12:00,22.2,23.9,2021-03-08T12:07:00,21.3,2021-03-08T06:27:00,84,77,2021-03-08T12:02:00,10.8,3.0,15.8,7,2021-03-08T06:38:00,0.0,,,,,,,,,,,,,,,,0.0,,,,0,,90,2021-03-08T23:34:00,,,,,,,,,,,,,,,,,,,,,,,,,,,,,,,,,,,,,,,,,,,,,,,,,,,,,,,,,,,,,,,,,,,,,,,,,,
2021-03-09,1008.0,1009.6,2021-03-09T09:48:00,1006.5,2021-03-09T15:35:00,22.1,23.5,2021-03-09T10:35:00,20.3,2021-03-09T05:59:00,86,78,2021-03-09T10:30:00,8.7,3.0,14.9,360,2021-03-09T23:15:00,0.0,,,,,,,,,,,,,,,,0.0,,,,0,,93,2021-03-09T23:48:00,,,,,,,,,,,,,,,,,,,,,,,,,,,,,,,,,,,,,,,,,,,,,,,,,,,,,,,,,,,,,,,,,,,,,,,,,,
2021-03-10,1008.7,1010.5,2021-03-10T09:07:00,1006.9,2021-03-10T15:18:00,21.0,22.0,2021-03-10T00:04:00,19.8,2021-03-10T22:24:00,92,83,2021-03-10T11:09:00,11.4,3.0,22.4,7,2021-03-10T10:30:00,9.5,,,,,,,,,,,,,,,,3.5,2021-03-10T05:00:00,,,0,,98,2021-03-10T03:30:00,,,,,,,,,,,,,,,,,,,,,,,,,,,,,,,,,,,,,,,,,,,,,,,,,,,,,,,,,,,,,,,,,,,,,,,,,,
2021-03-11,1008.7,1010.6,2021-03-11T08:24:00,1006.9,2021-03-11T15:46:00,21.8,24.0,2021-03-11T13:15:00,19.4,2021-03-11T03:46:00,87,75,2021-03-11T13:46:00,8.5,5.0,17.5,6,2021-03-11T00:01:00,3.0,,,,,,,,,,,,,,,,1.0,2021-03-11T03:00:00,,,0,,99,2021-03-11T03:05:00,,,,,,,,,,,,,,,,,,,,,,,,,,,,,,,,,,,,,,,,,,,,,,,,,,,,,,,,,,,,,,,,,,,,,,,,,,
2021-03-12,1007.5,1009.2,2021-03-12T08:48:00,1005.7,2021-03-12T16:25:00,23.3,26.7,2021-03-12T10:55:00,20.8,2021-03-12T00:52:00,81,69,2021-03-12T10:56:00,5.7,5.0,19.1,6,2021-03-12T23:44:00,6.0,,,,,,,,,,,,,,,,5.5,2021-03-12T01:00:00,,,0,,95,2021-03-12T23:51:00,,,,,,,,,,,,,,,,,,,,,,,,,,,,,,,,,,,,,,,,,,,,,,,,,,,,,,,,,,,,,,,,,,,,,,,,,,
2021-03-13,1006.8,1008.8,2021-03-13T09:00:00,1004.9,2021-03-13T16:48:00,20.8,22.7,2021-03-13T11:11:00,18.9,2021-03-13T21:47:00,90,80,2021-03-13T13:21:00,11.1,2.0,20.5,5,2021-03-13T01:40:00,6.0,,,,,,,,,,,,,,,,2.0,2021-03-13T01:00:00,,,0,,99,2021-03-13T03:21:00,,,,,,,,,,,,,,,,,,,,,,,,,,,,,,,,,,,,,,,,,,,,,,,,,,,,,,,,,,,,,,,,,,,,,,,,,,
2021-03-14,1005.4,1007.3,2021-03-14T00:01:00,1003.8,2021-03-14T15:05:00,21.2,23.0,2021-03-14T14:00:00,19.2,2021-03-14T03:48:00,82,74,2021-03-14T13:52:00,6.3,5.0,15.9,4,2021-03-14T10:49:00,1.0,,,,,,,,,,,,,,,,1.0,2021-03-14T11:00:00,,,0,,94,2021-03-14T10:32:00,,,,,,,,,,,,,,,,,,,,,,,,,,,,,,,,,,,,,,,,,,,,,,,,,,,,,,,,,,,,,,,,,,,,,,,,,,
2021-03-15,1004.1,1006.1,2021-03-15T09:54:00,1002.6,2021-03-15T15:32:00,23.0,25.1,2021-03-15T15:35:00,21.3,2021-03-15T00:23:00,75,62,2021-03-15T15:37:00,7.0,2.0,19.5,4,2021-03-15T02:29:00,0.0,,,,,,,,,,,,,,,,0.0,,,,0,,87,2021-03-15T00:38:00,,,,,,,,,,,,,,,,,,,,,,,,,,,,,,,,,,,,,,,,,,,,,,,,,,,,,,,,,,,,,,,,,,,,,,,,,,
2021-03-16,1003.0,1004.6,2021-03-16T09:15:00,1001.5,2021-03-16T16:07:00,24.1,28.8,2021-03-16T13:27:00,22.1,2021-03-16T04:07:00,78,64,2021-03-16T13:30:00,5.0,1.0,11.2,360,2021-03-16T22:18:00,0.0,,,,,,,,,,,,,,,,0.0,,,,0,,87,2021-03-16T22:43:00,,,,,,,,,,,,,,,,,,,,,,,,,,,,,,,,,,,,,,,,,,,,,,,,,,,,,,,,,,,,,,,,,,,,,,,,,,
2021-03-17,1002.4,1003.8,2021-03-17T09:39:00,1001.0,2021-03-17T15:34:00,24.6,26.8,2021-03-17T11:52:00,22.6,2021-03-17T04:12:00,82,66,2021-03-17T09:45:00,6.4,4.0,12.2,360,2021-03-17T21:34:00,0.0,,,,,,,,,,,,,,,,0.0,,,,0,,92,2021-03-17T20:11:00,,,,,,,,,,,,,,,,,,,,,,,,,,,,,,,,,,,,,,,,,,,,,,,,,,,,,,,,,,,,,,,,,,,,,,,,,,
2021-03-18,1002.5,1004.1,2021-03-18T08:08:00,1001.4,2021-03-18T15:00:00,24.9,29.5,2021-03-18T14:02:00,23.4,2021-03-18T04:55:00,83,69,2021-03-18T14:03:00,3.7,2.0,12.1,360,2021-03-18T00:18:00,0.0,,,,,,,,,,,,,,,,0.0,,,,0,,90,2021-03-18T23:56:00,,,,,,,,,,,,,,,,,,,,,,,,,,,,,,,,,,,,,,,,,,,,,,,,,,,,,,,,,,,,,,,,,,,,,,,,,,
2021-03-19,1001.8,1004.0,2021-03-19T08:27:00,999.7,2021-03-19T15:48:00,25.1,31.3,2021-03-19T14:56:00,22.8,2021-03-19T05:02:00,81,60,2021-03-19T13:50:00,3.3,2.0,8.7,360,2021-03-19T00:02:00,0.0,,,,,,,,,,,,,,,,0.0,,,,0,,91,2021-03-19T00:13:00,,,,,,,,,,,,,,,,,,,,,,,,,,,,,,,,,,,,,,,,,,,,,,,,,,,,,,,,,,,,,,,,,,,,,,,,,,
2021-03-20,1000.4,1002.1,2021-03-20T08:59:00,998.4,2021-03-20T16:02:00,26.2,33.9,2021-03-20T11:18:00,23.2,2021-03-20T03:59:00,76,51,2021-03-20T11:20:00,2.3,26.0,8.6,360,2021-03-20T23:42:00,0.0,,,,,,,,,,,,,,,,0.0,,,,0,,89,2021-03-20T00:06:00,,,,,,,,,,,,,,,,,,,,,,,,,,,,,,,,,,,,,,,,,,,,,,,,,,,,,,,,,,,,,,,,,,,,,,,,,,
2021-03-21,1003.1,1007.0,2021-03-21T22:57:00,999.8,2021-03-21T02:19:00,23.0,25.6,2021-03-21T10:57:00,20.3,2021-03-21T23:35:00,81,73,2021-03-21T07:35:00,12.8,2.0,24.9,4,2021-03-21T21:16:00,0.0,,,,,,,,,,,,,,,,0.0,,,,0,,87,2021-03-21T13:46:00,,,,,,,,,,,,,,,,,,,,,,,,,,,,,,,,,,,,,,,,,,,,,,,,,,,,,,,,,,,,,,,,,,,,,,,,,,
2021-03-22,1009.3,1012.2,2021-03-22T22:32:00,1006.1,2021-03-22T00:04:00,18.7,20.5,2021-03-22T00:16:00,17.0,2021-03-22T23:44:00,85,74,2021-03-22T09:48:00,13.5,2.0,25.9,5,2021-03-22T01:41:00,7.5,,,,,,,,,,,,,,,,2.0,2021-03-22T19:00:00,,,0,,98,2021-03-22T19:11:00,,,,,,,,,,,,,,,,,,,,,,,,,,,,,,,,,,,,,,,,,,,,,,,,,,,,,,,,,,,,,,,,,,,,,,,,,,
2021-03-23,1008.9,1011.8,2021-03-23T00:29:00,1006.5,2021-03-23T16:41:00,18.9,20.3,2021-03-23T16:21:00,16.8,2021-03-23T02:26:00,81,69,2021-03-23T16:23:00,11.6,2.0,21.4,5,2021-03-23T04:42:00,1.0,,,,,,,,,,,,,,,,0.5,2021-03-23T02:00:00,,,0,,96,2021-03-23T00:03:00,,,,,,,,,,,,,,,,,,,,,,,,,,,,,,,,,,,,,,,,,,,,,,,,,,,,,,,,,,,,,,,,,,,,,,,,,,
2021-03-24,1004.0,1007.6,2021-03-24T00:01:00,1000.7,2021-03-24T15:37:00,21.6,26.6,2021-03-24T16:03:00,18.9,2021-03-24T07:20:00,81,59,2021-03-24T16:54:00,3.9,35.0,14.6,360,2021-03-24T23:02:00,3.5,,,,,,,,,,,,,,,,3.5,2021-03-24T11:00:00,,,0,,95,2021-03-24T11:03:00,,,,,,,,,,,,,,,,,,,,,,,,,,,,,,,,,,,,,,,,,,,,,,,,,,,,,,,,,,,,,,,,,,,,,,,,,,
2021-03-25,1005.2,1007.5,2021-03-25T10:15:00,1003.3,2021-03-25T03:20:00,21.3,22.6,2021-03-25T00:10:00,20.2,2021-03-25T06:25:00,82,63,2021-03-25T23:03:00,9.5,2.0,19.4,5,2021-03-25T22:27:00,2.0,,,,,,,,,,,,,,,,2.0,2021-03-25T04:00:00,,,0,,94,2021-03-25T03:39:00,,,,,,,,,,,,,,,,,,,,,,,,,,,,,,,,,,,,,,,,,,,,,,,,,,,,,,,,,,,,,,,,,,,,,,,,,,
2021-03-26,1004.1,1006.4,2021-03-26T09:37:00,1002.5,2021-03-26T15:23:00,23.2,26.4,2021-03-26T13:18:00,21.5,2021-03-26T05:24:00,71,58,2021-03-26T09:17:00,7.0,2.0,11.2,1,2021-03-26T22:51:00,0.0,,,,,,,,,,,,,,,,0.0,,,,0,,85,2021-03-26T23:33:00,,,,,,,,,,,,,,,,,,,,,,,,,,,,,,,,,,,,,,,,,,,,,,,,,,,,,,,,,,,,,,,,,,,,,,,,,,
2021-03-27,1000.8,1003.7,2021-03-27T00:01:00,997.9,2021-03-27T16:41:00,25.3,32.7,2021-03-27T11:05:00,22.2,2021-03-27T02:21:00,79,55,2021-03-27T11:06:00,2.8,37.0,8.4,21,2021-03-27T00:27:00,0.0,,,,,,,,,,,,,,,,0.0,,,,0,,89,2021-03-27T18:20:00,,,,,,,,,,,,,,,,,,,,,,,,,,,,,,,,,,,,,,,,,,,,,,,,,,,,,,,,,,,,,,,,,,,,,,,,,,
2021-03-28,997.3,999.5,2021-03-28T00:01:00,994.5,2021-03-28T15:26:00,26.9,31.2,2021-03-28T12:31:00,24.2,2021-03-28T04:30:00,77,55,2021-03-28T13:06:00,2.6,35.0,11.8,45,2021-03-28T17:57:00,2.5,,,,,,,,,,,,,,,,1.5,2021-03-28T03:00:00,,,0,,95,2021-03-28T01:51:00,,,,,,,,,,,,,,,,,,,,,,,,,,,,,,,,,,,,,,,,,,,,,,,,,,,,,,,,,,,,,,,,,,,,,,,,,,
2021-03-29,997.0,999.1,2021-03-29T09:00:00,995.6,2021-03-29T15:41:00,26.8,32.9,2021-03-29T11:31:00,23.7,2021-03-29T05:56:00,73,58,2021-03-29T11:37:00,2.3,25.0,9.3,41,2021-03-29T23:35:00,0.0,,,,,,,,,,,,,,,,0.0,,,,0,,88,2021-03-29T22:06:00,,,,,,,,,,,,,,,,,,,,,,,,,,,,,,,,,,,,,,,,,,,,,,,,,,,,,,,,,,,,,,,,,,,,,,,,,,
2021-03-30,995.2,997.6,2021-03-30T23:02:00,993.4,2021-03-30T13:43:00,26.4,30.8,2021-03-30T11:59:00,23.7,2021-03-30T00:42:00,77,56,2021-03-30T11:10:00,2.9,42.0,14.9,42,2021-03-30T13:43:00,0.0,,,,,,,,,,,,,,,,0.0,,,,0,,88,2021-03-30T00:45:00,,,,,,,,,,,,,,,,,,,,,,,,,,,,,,,,,,,,,,,,,,,,,,,,,,,,,,,,,,,,,,,,,,,,,,,,,,
2021-03-31,996.4,998.1,2021-03-31T09:32:00,993.8,2021-03-31T15:58:00,27.5,36.0,2021-03-31T12:33:00,24.4,2021-03-31T04:45:00,79,54,2021-03-31T11:53:00,2.5,2.0,10.2,17,2021-03-31T22:47:00,0.0,,,,,,,,,,,,,,,,0.0,,,,0,,93,2021-03-31T23:26:00,,,,,,,,,,,,,,,,,,,,,,,,,,,,,,,,,,,,,,,,,,,,,,,,,,,,,,,,,,,,,,,,,,,,,,,,,,
2021-04-01,996.7,998.8,2021-04-01T09:07:00,994.8,2021-04-01T15:47:00,27.4,32.7,2021-04-01T12:06:00,24.6,2021-04-01T21:36:00,75,51,2021-04-01T11:46:00,2.9,27.0,9.8,31,2021-04-01T12:14:00,0.0,,,,,,,,,,,,,,,,0.0,,,,0,,94,2021-04-01T00:48:00,,,,,,,,,,,,,,,,,,,,,,,,,,,,,,,,,,,,,,,,,,,,,,,,,,,,,,,,,,,,,,,,,,,,,,,,,,
2021-04-02,998.5,1000.4,2021-04-02T09:04:00,996.5,2021-04-02T02:30:00,27.6,34.4,2021-04-02T10:12:00,23.7,2021-04-02T04:14:00,72,55,2021-04-02T13:41:00,1.8,27.0,7.7,50,2021-04-02T19:49:00,0.0,,,,,,,,,,,,,,,,0.0,,,,0,,85,2021-04-02T23:58:00,,,,,,,,,,,,,,,,,,,,,,,,,,,,,,,,,,,,,,,,,,,,,,,,,,,,,,,,,,,,,,,,,,,,,,,,,,
2021-04-03,999.8,1001.5,2021-04-03T08:45:00,998.1,2021-04-03T15:59:00,27.0,34.7,2021-04-03T12:15:00,24.3,2021-04-03T05:30:00,77,53,2021-04-03T12:07:00,1.5,28.0,6.0,57,2021-04-03T22:59:00,0.0,,,,,,,,,,,,,,,,0.0,,,,0,,91,2021-04-03T23:14:00,,,,,,,,,,,,,,,,,,,,,,,,,,,,,,,,,,,,,,,,,,,,,,,,,,,,,,,,,,,,,,,,,,,,,,,,,,
2021-04-04,1001.3,1004.5,2021-04-04T23:42:00,999.4,2021-04-04T02:55:00,24.1,25.8,2021-04-04T09:34:00,21.6,2021-04-04T22:58:00,89,82,2021-04-04T23:55:00,10.4,2.0,22.1,360,2021-04-04T20:07:00,0.0,,,,,,,,,,,,,,,,0.0,,,,0,,93,2021-04-04T11:04:00,,,,,,,,,,,,,,,,,,,,,,,,,,,,,,,,,,,,,,,,,,,,,,,,,,,,,,,,,,,,,,,,,,,,,,,,,,
2021-04-05,1005.3,1007.3,2021-04-05T09:15:00,1003.1,2021-04-05T02:38:00,21.1,21.9,2021-04-05T00:19:00,20.5,2021-04-05T21:30:00,78,73,2021-04-05T07:20:00,10.5,2.0,18.6,1,2021-04-05T01:50:00,0.0,,,,,,,,,,,,,,,,0.0,,,,0,,87,2021-04-05T03:45:00,,,,,,,,,,,,,,,,,,,,,,,,,,,,,,,,,,,,,,,,,,,,,,,,,,,,,,,,,,,,,,,,,,,,,,,,,,
2021-04-06,1005.5,1007.3,2021-04-06T21:54:00,1003.9,2021-04-06T17:03:00,21.5,23.0,2021-04-06T18:44:00,19.1,2021-04-06T05:28:00,78,69,2021-04-06T19:30:00,7.3,2.0,14.0,360,2021-04-06T18:06:00,0.0,,,,,,,,,,,,,,,,0.0,,,,0,,92,2021-04-06T22:52:00,,,,,,,,,,,,,,,,,,,,,,,,,,,,,,,,,,,,,,,,,,,,,,,,,,,,,,,,,,,,,,,,,,,,,,,,,,
2021-04-07,1004.3,1006.3,2021-04-07T00:02:00,1002.3,2021-04-07T15:41:00,21.0,23.3,2021-04-07T13:35:00,19.6,2021-04-07T17:42:00,85,72,2021-04-07T13:35:00,8.5,2.0,16.4,1,2021-04-07T08:06:00,4.0,,,,,,,,,,,,,,,,1.0,2021-04-07T16:00:00,,,0,,96,2021-04-07T19:20:00,,,,,,,,,,,,,,,,,,,,,,,,,,,,,,,,,,,,,,,,,,,,,,,,,,,,,,,,,,,,,,,,,,,,,,,,,,
2021-04-08,1002.5,1004.5,2021-04-08T09:26:00,1001.1,2021-04-08T16:58:00,21.8,26.1,2021-04-08T12:36:00,20.3,2021-04-08T16:57:00,83,69,2021-04-08T12:37:00,3.7,49.0,12.5,3,2021-04-08T01:33:00,0.5,,,,,,,,,,,,,,,,0.5,2021-04-08T15:00:00,,,0,,93,2021-04-08T16:40:00,,,,,,,,,,,,,,,,,,,,,,,,,,,,,,,,,,,,,,,,,,,,,,,,,,,,,,,,,,,,,,,,,,,,,,,,,,
2021-04-09,1003.7,1005.7,2021-04-09T23:17:00,1000.8,2021-04-09T04:29:00,21.5,22.9,2021-04-09T13:33:00,19.8,2021-04-09T08:49:00,87,76,2021-04-09T23:36:00,11.2,2.0,20.9,4,2021-04-09T18:39:00,10.0,,,,,,,,,,,,,,,,4.5,2021-04-09T09:00:00,,,0,,99,2021-04-09T06:38:00,,,,,,,,,,,,,,,,,,,,,,,,,,,,,,,,,,,,,,,,,,,,,,,,,,,,,,,,,,,,,,,,,,,,,,,,,,
2021-04-10,1006.0,1007.6,2021-04-10T08:32:00,1004.6,2021-04-10T02:12:00,23.2,25.6,2021-04-10T14:15:00,21.2,2021-04-10T08:35:00,81,71,2021-04-10T12:30:00,8.1,2.0,17.5,1,2021-04-10T00:09:00,1.0,,,,,,,,,,,,,,,,0.5,2021-04-10T09:00:00,,,0,,95,2021-04-10T08:38:00,,,,,,,,,,,,,,,,,,,,,,,,,,,,,,,,,,,,,,,,,,,,,,,,,,,,,,,,,,,,,,,,,,,,,,,,,,
2021-04-11,1007.0,1009.2,2021-04-11T09:38:00,1005.5,2021-04-11T16:43:00,22.7,24.9,2021-04-11T12:12:00,20.6,2021-04-11T04:19:00,88,75,2021-04-11T21:38:00,7.7,3.0,17.3,360,2021-04-11T22:53:00,7.0,,,,,,,,,,,,,,,,2.5,2021-04-11T23:59:00,,,0,,99,2021-04-11T06:04:00,,,,,,,,,,,,,,,,,,,,,,,,,,,,,,,,,,,,,,,,,,,,,,,,,,,,,,,,,,,,,,,,,,,,,,,,,,
2021-04-12,1005.1,1007.0,2021-04-12T08:33:00,1003.0,2021-04-12T16:17:00,24.0,28.7,2021-04-12T15:00:00,20.7,2021-04-12T05:45:00,86,68,2021-04-12T15:04:00,4.3,3.0,15.5,1,2021-04-12T02:02:00,7.0,,,,,,,,,,,,,,,,2.5,2021-04-12T04:00:00,,,0,,99,2021-04-12T05:17:00,,,,,,,,,,,,,,,,,,,,,,,,,,,,,,,,,,,,,,,,,,,,,,,,,,,,,,,,,,,,,,,,,,,,,,,,,,
2021-04-13,1003.0,1004.6,2021-04-13T08:41:00,1001.3,2021-04-13T15:44:00,25.4,32.2,2021-04-13T13:55:00,23.0,2021-04-13T21:25:00,86,59,2021-04-13T14:07:00,2.3,20.0,7.8,360,2021-04-13T09:25:00,3.5,,,,,,,,,,,,,,,,2.0,2021-04-13T21:00:00,,,0,,98,2021-04-13T21:00:00,,,,,,,,,,,,,,,,,,,,,,,,,,,,,,,,,,,,,,,,,,,,,,,,,,,,,,,,,,,,,,,,,,,,,,,,,,
2021-04-14,1002.2,1003.9,2021-04-14T09:02:00,1000.4,2021-04-14T16:01:00,24.8,29.2,2021-04-14T13:10:00,22.3,2021-04-14T20:05:00,84,68,2021-04-14T13:10:00,4.9,3.0,18.8,3,2021-04-14T23:17:00,0.5,,,,,,,,,,,,,,,,0.5,2021-04-14T21:00:00,,,0,,97,2021-04-14T20:06:00,,,,,,,,,,,,,,,,,,,,,,,,,,,,,,,,,,,,,,,,,,,,,,,,,,,,,,,,,,,,,,,,,,,,,,,,,,
2021-04-15,1001.4,1002.8,2021-04-15T22:06:00,999.7,2021-04-15T14:53:00,24.6,30.0,2021-04-15T13:17:00,21.9,2021-04-15T04:59:00,80,62,2021-04-15T13:24:00,4.8,2.0,17.5,360,2021-04-15T00:38:00,0.0,,,,,,,,,,,,,,,,0.0,,,,0,,88,2021-04-15T00:33:00,,,,,,,,,,,,,,,,,,,,,,,,,,,,,,,,,,,,,,,,,,,,,,,,,,,,,,,,,,,,,,,,,,,,,,,,,,
2021-04-16,1002.1,1003.5,2021-04-16T09:25:00,1000.9,2021-04-16T02:42:00,23.8,26.8,2021-04-16T14:08:00,22.1,2021-04-16T05:35:00,92,79,2021-04-16T14:02:00,4.3,1.0,10.7,3,2021-04-16T00:43:00,5.5,,,,,,,,,,,,,,,,2.5,2021-04-16T09:00:00,,,0,,98,2021-04-16T04:47:00,,,,,,,,,,,,,,,,,,,,,,,,,,,,,,,,,,,,,,,,,,,,,,,,,,,,,,,,,,,,,,,,,,,,,,,,,,
2021-04-17,1003.3,1005.8,2021-04-17T22:37:00,1001.5,2021-04-17T15:32:00,23.6,25.6,2021-04-17T12:05:00,22.3,2021-04-17T16:16:00,85,65,2021-04-17T23:42:00,10.0,2.0,22.2,360,2021-04-17T18:00:00,2.5,,,,,,,,,,,,,,,,2.0,2021-04-17T13:00:00,,,0,,95,2021-04-17T00:01:00,,,,,,,,,,,,,,,,,,,,,,,,,,,,,,,,,,,,,,,,,,,,,,,,,,,,,,,,,,,,,,,,,,,,,,,,,,
2021-04-18,1003.5,1005.0,2021-04-18T08:51:00,1001.1,2021-04-18T16:12:00,22.7,25.0,2021-04-18T11:55:00,19.7,2021-04-18T19:12:00,70,49,2021-04-18T11:48:00,14.3,-999.5,23.8,360,2021-04-18T02:22:00,1.5,,,,,,,,,,,,,,,,1.0,2021-04-18T20:00:00,,,0,,94,2021-04-18T19:16:00,,,,,,,,,,,,,,,,,,,,,,,,,,,,,,,,,,,,,,,,,,,,,,,,,,,,,,,,,,,,,,,,,,,,,,,,,,
2021-04-19,1001.5,1003.0,2021-04-19T00:01:00,1000.1,2021-04-19T16:16:00,22.4,24.7,2021-04-19T13:49:00,20.7,2021-04-19T03:49:00,72,60,2021-04-19T12:34:00,12.6,-999.5,22.6,3,2021-04-19T20:35:00,0.0,,,,,,,,,,,,,,,,0.0,,,,0,,81,2021-04-19T21:25:00,,,,,,,,,,,,,,,,,,,,,,,,,,,,,,,,,,,,,,,,,,,,,,,,,,,,,,,,,,,,,,,,,,,,,,,,,,
2021-04-20,1000.9,1002.5,2021-04-20T09:49:00,999.4,2021-04-20T03:10:00,23.2,25.8,2021-04-20T13:04:00,21.8,2021-04-20T01:52:00,71,56,2021-04-20T13:22:00,12.7,-999.5,21.0,360,2021-04-20T08:09:00,0.0,,,,,,,,,,,,,,,,0.0,,,,0,,80,2021-04-20T00:23:00,,,,,,,,,,,,,,,,,,,,,,,,,,,,,,,,,,,,,,,,,,,,,,,,,,,,,,,,,,,,,,,,,,,,,,,,,,
2021-04-21,999.2,1001.5,2021-04-21T09:08:00,997.5,2021-04-21T15:21:00,24.2,27.1,2021-04-21T12:56:00,22.2,2021-04-21T05:36:00,77,66,2021-04-21T13:57:00,13.0,-999.5,21.0,3,2021-04-21T20:20:00,0.0,,,,,,,,,,,,,,,,0.0,,,,0,,90,2021-04-21T21:16:00,,,,,,,,,,,,,,,,,,,,,,,,,,,,,,,,,,,,,,,,,,,,,,,,,,,,,,,,,,,,,,,,,,,,,,,,,,
2021-04-22,996.5,998.3,2021-04-22T06:40:00,994.7,2021-04-22T15:29:00,24.7,27.0,2021-04-22T12:24:00,22.2,2021-04-22T06:25:00,88,79,2021-04-22T09:25:00,6.5,-999.5,17.4,360,2021-04-22T02:01:00,3.0,,,,,,,,,,,,,,,,1.5,2021-04-22T08:00:00,,,0,,95,2021-04-22T15:25:00,,,,,,,,,,,,,,,,,,,,,,,,,,,,,,,,,,,,,,,,,,,,,,,,,,,,,,,,,,,,,,,,,,,,,,,,,,
2021-04-23,996.1,998.7,2021-04-23T21:59:00,994.2,2021-04-23T03:00:00,26.5,35.1,2021-04-23T12:16:00,22.2,2021-04-23T21:51:00,79,52,2021-04-23T12:45:00,3.1,-999.5,14.3,360,2021-04-23T19:31:00,16.5,,,,,,,,,,,,,,,,10.0,2021-04-23T20:00:00,,,0,,98,2021-04-23T20:14:00,,,,,,,,,,,,,,,,,,,,,,,,,,,,,,,,,,,,,,,,,,,,,,,,,,,,,,,,,,,,,,,,,,,,,,,,,,
2021-04-24,999.7,1001.9,2021-04-24T09:46:00,997.1,2021-04-24T01:04:00,22.7,25.6,2021-04-24T13:43:00,20.6,2021-04-24T23:27:00,92,80,2021-04-24T06:56:00,4.4,-999.5,13.0,360,2021-04-24T01:09:00,18.5,,,,,,,,,,,,,,,,5.0,2021-04-24T22:00:00,,,0,,99,2021-04-24T10:49:00,,,,,,,,,,,,,,,,,,,,,,,,,,,,,,,,,,,,,,,,,,,,,,,,,,,,,,,,,,,,,,,,,,,,,,,,,,
2021-04-25,1001.5,1003.4,2021-04-25T22:26:00,999.0,2021-04-25T03:37:00,21.4,22.7,2021-04-25T07:29:00,20.5,2021-04-25T15:52:00,90,77,2021-04-25T19:22:00,6.1,-999.5,17.9,3,2021-04-25T23:57:00,7.0,,,,,,,,,,,,,,,,3.0,2021-04-25T09:00:00,,,0,,100,2021-04-25T00:45:00,,,,,,,,,,,,,,,,,,,,,,,,,,,,,,,,,,,,,,,,,,,,,,,,,,,,,,,,,,,,,,,,,,,,,,,,,,
2021-04-26,1003.5,1005.7,2021-04-26T22:11:00,1001.5,2021-04-26T03:15:00,22.2,24.1,2021-04-26T12:49:00,19.9,2021-04-26T06:33:00,80,66,2021-04-26T14:45:00,8.9,-999.5,24.3,360,2021-04-26T08:45:00,0.5,,,,,,,,,,,,,,,,0.5,2021-04-26T07:00:00,,,0,,95,2021-04-26T03:29:00,,,,,,,,,,,,,,,,,,,,,,,,,,,,,,,,,,,,,,,,,,,,,,,,,,,,,,,,,,,,,,,,,,,,,,,,,,
2021-04-27,1005.0,1006.3,2021-04-27T21:35:00,1003.5,2021-04-27T16:22:00,23.0,25.1,2021-04-27T13:09:00,21.2,2021-04-27T08:23:00,78,70,2021-04-27T01:07:00,6.0,-999.5,12.8,360,2021-04-27T06:49:00,2.0,,,,,,,,,,,,,,,,2.0,2021-04-27T09:00:00,,,0,,92,2021-04-27T08:30:00,,,,,,,,,,,,,,,,,,,,,,,,,,,,,,,,,,,,,,,,,,,,,,,,,,,,,,,,,,,,,,,,,,,,,,,,,,
2021-04-28,1004.3,1006.1,2021-04-28T08:32:00,1002.3,2021-04-28T15:57:00,25.2,31.4,2021-04-28T12:57:00,22.4,2021-04-28T05:27:00,73,54,2021-04-28T12:58:00,2.2,-999.5,6.8,37,2021-04-28T00:55:00,0.0,,,,,,,,,,,,,,,,0.0,,,,0,,81,2021-04-28T04:08:00,,,,,,,,,,,,,,,,,,,,,,,,,,,,,,,,,,,,,,,,,,,,,,,,,,,,,,,,,,,,,,,,,,,,,,,,,,
2021-04-29,1001.1,1002.8,2021-04-29T00:01:00,999.3,2021-04-29T14:02:00,23.6,29.3,2021-04-29T12:47:00,21.2,2021-04-29T17:44:00,85,64,2021-04-29T12:50:00,3.9,-999.5,13.1,360,2021-04-29T15:29:00,3.5,,,,,,,,,,,,,,,,1.5,2021-04-29T18:00:00,,,0,,98,2021-04-29T16:56:00,,,,,,,,,,,,,,,,,,,,,,,,,,,,,,,,,,,,,,,,,,,,,,,,,,,,,,,,,,,,,,,,,,,,,,,,,,
2021-04-30,1001.2,1002.9,2021-04-30T08:35:00,999.8,2021-04-30T16:04:00,24.6,30.5,2021-04-30T12:40:00,21.7,2021-04-30T00:01:00,80,62,2021-04-30T12:41:00,2.1,-999.5,6.5,36,2021-04-30T06:46:00,0.0,,,,,,,,,,,,,,,,0.0,,,,0,,88,2021-04-30T00:01:00,,,,,,,,,,,,,,,,,,,,,,,,,,,,,,,,,,,,,,,,,,,,,,,,,,,,,,,,,,,,,,,,,,,,,,,,,,
2021-05-01,1001.3,1002.7,2021-05-01T21:59:00,999.8,2021-05-01T03:15:00,25.9,33.2,2021-05-01T13:58:00,22.8,2021-05-01T04:41:00,71,37,2021-05-01T12:12:00,1.7,-999.5,6.3,26,2021-05-01T06:21:00,0.0,,,,,,,,,,,,,,,,0.0,,,,0,,85,2021-05-01T01:49:00,,,,,,,,,,,,,,,,,,,,,,,,,,,,,,,,,,,,,,,,,,,,,,,,,,,,,,,,,,,,,,,,,,,,,,,,,,
2021-05-02,1003.5,1004.9,2021-05-02T22:39:00,1001.4,2021-05-02T02:04:00,26.3,30.8,2021-05-02T12:19:00,24.0,2021-05-02T05:05:00,80,63,2021-05-02T14:06:00,2.2,-999.5,12.0,2,2021-05-02T21:50:00,0.0,,,,,,,,,,,,,,,,0.0,,,,0,,92,2021-05-02T22:35:00,,,,,,,,,,,,,,,,,,,,,,,,,,,,,,,,,,,,,,,,,,,,,,,,,,,,,,,,,,,,,,,,,,,,,,,,,,
2021-05-03,1003.8,1005.4,2021-05-03T08:40:00,1002.1,2021-05-03T16:40:00,25.2,26.4,2021-05-03T07:39:00,24.5,2021-05-03T05:17:00,88,80,2021-05-03T08:17:00,2.6,-999.5,11.7,1,2021-05-03T09:56:00,0.0,,,,,,,,,,,,,,,,0.0,,,,0,,92,2021-05-03T00:17:00,,,,,,,,,,,,,,,,,,,,,,,,,,,,,,,,,,,,,,,,,,,,,,,,,,,,,,,,,,,,,,,,,,,,,,,,,,
2021-05-04,1002.3,1003.9,2021-05-04T08:56:00,1000.0,2021-05-04T16:29:00,27.4,33.3,2021-05-04T10:37:00,24.7,2021-05-04T01:53:00,85,65,2021-05-04T10:22:00,2.0,-999.5,8.4,2,2021-05-04T01:55:00,0.0,,,,,,,,,,,,,,,,0.0,,,,0,,95,2021-05-04T23:06:00,,,,,,,,,,,,,,,,,,,,,,,,,,,,,,,,,,,,,,,,,,,,,,,,,,,,,,,,,,,,,,,,,,,,,,,,,,
2021-05-05,1002.0,1004.8,2021-05-05T22:30:00,999.6,2021-05-05T14:12:00,27.3,33.2,2021-05-05T10:34:00,23.8,2021-05-05T18:26:00,81,54,2021-05-05T11:27:00,5.2,-999.5,18.1,360,2021-05-05T18:21:00,0.0,,,,,,,,,,,,,,,,0.0,,,,0,,95,2021-05-05T00:01:00,,,,,,,,,,,,,,,,,,,,,,,,,,,,,,,,,,,,,,,,,,,,,,,,,,,,,,,,,,,,,,,,,,,,,,,,,,
2021-05-06,1004.2,1005.7,2021-05-06T08:18:00,1002.6,2021-05-06T16:42:00,25.6,29.2,2021-05-06T13:20:00,23.2,2021-05-06T04:59:00,84,71,2021-05-06T13:23:00,4.6,-999.5,15.1,2,2021-05-06T00:21:00,0.0,,,,,,,,,,,,,,,,0.0,,,,0,,93,2021-05-06T22:12:00,,,,,,,,,,,,,,,,,,,,,,,,,,,,,,,,,,,,,,,,,,,,,,,,,,,,,,,,,,,,,,,,,,,,,,,,,,
2021-05-07,1002.1,1004.6,2021-05-07T08:46:00,999.0,2021-05-07T16:04:00,27.8,33.9,2021-05-07T10:18:00,24.7,2021-05-07T03:55:00,81,61,2021-05-07T09:57:00,2.2,-999.5,7.6,360,2021-05-07T01:53:00,0.0,,,,,,,,,,,,,,,,0.0,,,,0,,94,2021-05-07T00:12:00,,,,,,,,,,,,,,,,,,,,,,,,,,,,,,,,,,,,,,,,,,,,,,,,,,,,,,,,,,,,,,,,,,,,,,,,,,
2021-05-08,999.3,1001.5,2021-05-08T00:01:00,996.5,2021-05-08T15:51:00,28.5,32.4,2021-05-08T09:06:00,25.2,2021-05-08T04:40:00,81,68,2021-05-08T10:40:00,1.8,-999.5,8.2,19,2021-05-08T16:47:00,0.0,,,,,,,,,,,,,,,,0.0,,,,0,,95,2021-05-08T04:10:00,,,,,,,,,,,,,,,,,,,,,,,,,,,,,,,,,,,,,,,,,,,,,,,,,,,,,,,,,,,,,,,,,,,,,,,,,,
2021-05-09,998.5,1000.4,2021-05-09T21:20:00,996.2,2021-05-09T16:12:00,28.4,34.7,2021-05-09T14:41:00,25.4,2021-05-09T04:11:00,79,52,2021-05-09T14:42:00,1.3,-999.5,9.7,360,2021-05-09T15:47:00,0.0,,,,,,,,,,,,,,,,0.0,,,,0,,90,2021-05-09T04:47:00,,,,,,,,,,,,,,,,,,,,,,,,,,,,,,,,,,,,,,,,,,,,,,,,,,,,,,,,,,,,,,,,,,,,,,,,,,
2021-05-10,998.9,1000.8,2021-05-10T08:45:00,996.9,2021-05-10T16:28:00,28.9,34.2,2021-05-10T12:28:00,25.0,2021-05-10T02:29:00,73,42,2021-05-10T14:25:00,1.8,-999.5,9.2,19,2021-05-10T16:58:00,0.0,,,,,,,,,,,,,,,,0.0,,,,0,,93,2021-05-10T03:40:00,,,,,,,,,,,,,,,,,,,,,,,,,,,,,,,,,,,,,,,,,,,,,,,,,,,,,,,,,,,,,,,,,,,,,,,,,,
2021-05-11,998.4,1000.3,2021-05-11T08:16:00,995.9,2021-05-11T16:12:00,28.6,34.7,2021-05-11T14:31:00,25.7,2021-05-11T23:29:00,77,46,2021-05-11T14:35:00,2.7,-999.5,12.0,18,2021-05-11T16:35:00,0.0,,,,,,,,,,,,,,,,0.0,,,,0,,93,2021-05-11T03:23:00,,,,,,,,,,,,,,,,,,,,,,,,,,,,,,,,,,,,,,,,,,,,,,,,,,,,,,,,,,,,,,,,,,,,,,,,,,
2021-05-12,998.1,1000.5,2021-05-12T22:03:00,995.4,2021-05-12T15:34:00,29.5,36.0,2021-05-12T11:54:00,24.9,2021-05-12T02:05:00,70,40,2021-05-12T11:55:00,2.1,-999.5,11.4,25,2021-05-12T14:36:00,0.0,,,,,,,,,,,,,,,,0.0,,,,0,,92,2021-05-12T02:54:00,,,,,,,,,,,,,,,,,,,,,,,,,,,,,,,,,,,,,,,,,,,,,,,,,,,,,,,,,,,,,,,,,,,,,,,,,,
2021-05-13,999.6,1001.3,2021-05-13T22:52:00,997.7,2021-05-13T15:19:00,29.2,34.5,2021-05-13T10:49:00,26.0,2021-05-13T01:55:00,80,63,2021-05-13T10:37:00,1.4,-999.5,6.8,15,2021-05-13T12:55:00,0.0,,,,,,,,,,,,,,,,0.0,,,,0,,92,2021-05-13T22:45:00,,,,,,,,,,,,,,,,,,,,,,,,,,,,,,,,,,,,,,,,,,,,,,,,,,,,,,,,,,,,,,,,,,,,,,,,,,
2021-05-14,1000.6,1002.1,2021-05-14T08:32:00,999.3,2021-05-14T16:26:00,28.4,35.0,2021-05-14T14:11:00,25.8,2021-05-14T04:48:00,79,54,2021-05-14T15:05:00,3.1,-999.5,6.7,360,2021-05-14T07:09:00,0.0,,,,,,,,,,,,,,,,0.0,,,,0,,93,2021-05-14T00:46:00,,,,,,,,,,,,,,,,,,,,,,,,,,,,,,,,,,,,,,,,,,,,,,,,,,,,,,,,,,,,,,,,,,,,,,,,,,
2021-05-15,1000.3,1001.9,2021-05-15T09:08:00,998.6,2021-05-15T16:14:00,29.5,38.0,2021-05-15T13:02:00,26.4,2021-05-15T01:23:00,78,53,2021-05-15T13:04:00,2.0,-999.5,6.0,27,2021-05-15T01:49:00,0.0,,,,,,,,,,,,,,,,0.0,,,,0,,94,2021-05-15T23:00:00,,,,,,,,,,,,,,,,,,,,,,,,,,,,,,,,,,,,,,,,,,,,,,,,,,,,,,,,,,,,,,,,,,,,,,,,,,
2021-05-16,999.5,1001.7,2021-05-16T08:39:00,996.6,2021-05-16T15:42:00,29.1,34.0,2021-05-16T09:21:00,26.0,2021-05-16T01:41:00,81,65,2021-05-16T09:22:00,1.8,-999.5,9.6,17,2021-05-16T16:04:00,0.0,,,,,,,,,,,,,,,,0.0,,,,0,,95,2021-05-16T00:54:00,,,,,,,,,,,,,,,,,,,,,,,,,,,,,,,,,,,,,,,,,,,,,,,,,,,,,,,,,,,,,,,,,,,,,,,,,,
2021-05-17,999.6,1000.9,2021-05-17T22:30:00,997.2,2021-05-17T15:56:00,29.2,35.5,2021-05-17T12:45:00,26.7,2021-05-17T23:59:00,77,49,2021-05-17T12:47:00,2.4,207.0,12.0,217,2021-05-17T13:38:00,0.0,,,,,,,,,,,,,,,,0.0,,,,0,,92,2021-05-17T23:47:00,,,,,,,,,,,,,,,,,,,,,,,,,,,,,,,,,,,,,,,,,,,,,,,,,,,,,,,,,,,,,,,,,,,,,,,,,,
2021-05-18,999.9,1001.7,2021-05-18T09:19:00,997.6,2021-05-18T16:59:00,29.1,33.6,2021-05-18T09:59:00,26.0,2021-05-18T04:14:00,81,64,2021-05-18T09:59:00,1.7,178.0,7.0,194,2021-05-18T12:19:00,0.0,,,,,,,,,,,,,,,,0.0,,,,0,,94,2021-05-18T00:35:00,,,,,,,,,,,,,,,,,,,,,,,,,,,,,,,,,,,,,,,,,,,,,,,,,,,,,,,,,,,,,,,,,,,,,,,,,,
2021-05-19,999.3,1000.9,2021-05-19T09:10:00,997.3,2021-05-19T16:16:00,29.9,37.7,2021-05-19T11:54:00,26.4,2021-05-19T05:10:00,81,56,2021-05-19T11:55:00,1.6,192.0,5.2,174,2021-05-19T15:48:00,0.0,,,,,,,,,,,,,,,,0.0,,,,0,,96,2021-05-19T06:23:00,,,,,,,,,,,,,,,,,,,,,,,,,,,,,,,,,,,,,,,,,,,,,,,,,,,,,,,,,,,,,,,,,,,,,,,,,,
2021-05-20,998.8,1000.1,2021-05-20T00:04:00,996.3,2021-05-20T15:32:00,29.3,34.3,2021-05-20T12:41:00,26.2,2021-05-20T04:24:00,76,47,2021-05-20T13:39:00,2.5,182.0,11.6,220,2021-05-20T14:24:00,0.0,,,,,,,,,,,,,,,,0.0,,,,0,,94,2021-05-20T02:45:00,,,,,,,,,,,,,,,,,,,,,,,,,,,,,,,,,,,,,,,,,,,,,,,,,,,,,,,,,,,,,,,,,,,,,,,,,,
2021-05-21,997.7,999.5,2021-05-21T08:43:00,995.0,2021-05-21T16:56:00,30.0,35.2,2021-05-21T12:00:00,26.1,2021-05-21T02:24:00,70,48,2021-05-21T13:24:00,2.8,219.0,11.6,209,2021-05-21T13:18:00,0.0,,,,,,,,,,,,,,,,0.0,,,,0,,91,2021-05-21T03:29:00,,,,,,,,,,,,,,,,,,,,,,,,,,,,,,,,,,,,,,,,,,,,,,,,,,,,,,,,,,,,,,,,,,,,,,,,,,
2021-05-22,996.9,998.7,2021-05-22T22:34:00,994.2,2021-05-22T16:05:00,30.1,35.5,2021-05-22T11:06:00,26.6,2021-05-22T02:31:00,70,47,2021-05-22T11:11:00,2.8,216.0,12.2,283,2021-05-22T17:05:00,0.0,,,,,,,,,,,,,,,,0.0,,,,0,,88,2021-05-22T00:01:00,,,,,,,,,,,,,,,,,,,,,,,,,,,,,,,,,,,,,,,,,,,,,,,,,,,,,,,,,,,,,,,,,,,,,,,,,,
2021-05-23,997.9,1000.0,2021-05-23T22:05:00,996.4,2021-05-23T15:28:00,29.0,33.3,2021-05-23T15:51:00,26.9,2021-05-23T04:10:00,80,62,2021-05-23T15:31:00,2.6,230.0,8.8,229,2021-05-23T15:34:00,0.0,,,,,,,,,,,,,,,,0.0,,,,0,,89,2021-05-23T00:23:00,,,,,,,,,,,,,,,,,,,,,,,,,,,,,,,,,,,,,,,,,,,,,,,,,,,,,,,,,,,,,,,,,,,,,,,,,,
2021-05-24,999.0,1000.9,2021-05-24T23:07:00,996.5,2021-05-24T15:48:00,30.3,36.2,2021-05-24T11:15:00,27.2,2021-05-24T02:06:00,70,45,2021-05-24T11:56:00,2.5,216.0,11.6,215,2021-05-24T13:33:00,0.0,,,,,,,,,,,,,,,,0.0,,,,0,,86,2021-05-24T04:42:00,,,,,,,,,,,,,,,,,,,,,,,,,,,,,,,,,,,,,,,,,,,,,,,,,,,,,,,,,,,,,,,,,,,,,,,,,,
2021-05-25,1000.0,1001.8,2021-05-25T09:57:00,998.4,2021-05-25T15:37:00,27.5,29.8,2021-05-25T13:34:00,25.6,2021-05-25T03:25:00,86,76,2021-05-25T09:18:00,3.7,348.0,14.0,354,2021-05-25T01:17:00,0.0,,,,,,,,,,,,,,,,0.0,,,,0,,93,2021-05-25T02:18:00,,,,,,,,,,,,,,,,,,,,,,,,,,,,,,,,,,,,,,,,,,,,,,,,,,,,,,,,,,,,,,,,,,,,,,,,,,
2021-05-26,999.1,1001.3,2021-05-26T08:18:00,997.1,2021-05-26T15:24:00,29.5,35.4,2021-05-26T10:55:00,25.9,2021-05-26T04:07:00,76,55,2021-05-26T14:09:00,2.5,191.0,9.7,204,2021-05-26T14:37:00,0.0,,,,,,,,,,,,,,,,0.0,,,,0,,93,2021-05-26T00:12:00,,,,,,,,,,,,,,,,,,,,,,,,,,,,,,,,,,,,,,,,,,,,,,,,,,,,,,,,,,,,,,,,,,,,,,,,,,
2021-05-27,997.5,999.1,2021-05-27T08:45:00,995.2,2021-05-27T15:37:00,30.4,35.0,2021-05-27T12:56:00,27.4,2021-05-27T02:32:00,67,50,2021-05-27T10:35:00,4.1,209.0,16.9,249,2021-05-27T19:10:00,0.0,,,,,,,,,,,,,,,,0.0,,,,0,,85,2021-05-27T02:20:00,,,,,,,,,,,,,,,,,,,,,,,,,,,,,,,,,,,,,,,,,,,,,,,,,,,,,,,,,,,,,,,,,,,,,,,,,,
2021-05-28,997.8,999.7,2021-05-28T08:56:00,996.1,2021-05-28T15:23:00,30.6,34.9,2021-05-28T13:01:00,27.5,2021-05-28T23:36:00,66,52,2021-05-28T11:52:00,2.5,250.0,14.2,269,2021-05-28T10:10:00,0.0,,,,,,,,,,,,,,,,0.0,,,,0,,81,2021-05-28T23:29:00,,,,,,,,,,,,,,,,,,,,,,,,,,,,,,,,,,,,,,,,,,,,,,,,,,,,,,,,,,,,,,,,,,,,,,,,,,
2021-05-29,996.4,998.1,2021-05-29T06:11:00,994.2,2021-05-29T15:52:00,30.0,35.5,2021-05-29T12:03:00,26.2,2021-05-29T05:24:00,71,45,2021-05-29T12:04:00,2.4,272.0,12.8,283,2021-05-29T21:01:00,0.0,,,,,,,,,,,,,,,,0.0,,,,0,,90,2021-05-29T05:53:00,,,,,,,,,,,,,,,,,,,,,,,,,,,,,,,,,,,,,,,,,,,,,,,,,,,,,,,,,,,,,,,,,,,,,,,,,,
2021-05-30,994.2,995.9,2021-05-30T08:33:00,992.1,2021-05-30T15:06:00,29.0,31.0,2021-05-30T13:18:00,25.5,2021-05-30T23:32:00,73,64,2021-05-30T10:46:00,3.3,254.0,12.5,272,2021-05-30T12:04:00,0.5,,,,,,,,,,,,,,,,0.5,2021-05-30T23:00:00,,,0,,95,2021-05-30T23:07:00,,,,,,,,,,,,,,,,,,,,,,,,,,,,,,,,,,,,,,,,,,,,,,,,,,,,,,,,,,,,,,,,,,,,,,,,,,
2021-05-31,995.0,997.7,2021-05-31T22:22:00,992.7,2021-05-31T03:28:00,26.9,30.5,2021-05-31T12:37:00,25.4,2021-05-31T01:14:00,87,67,2021-05-31T12:34:00,3.4,125.0,10.6,9,2021-05-31T20:46:00,0.0,,,,,,,,,,,,,,,,0.0,,,,0,,95,2021-05-31T19:49:00,,,,,,,,,,,,,,,,,,,,,,,,,,,,,,,,,,,,,,,,,,,,,,,,,,,,,,,,,,,,,,,,,,,,,,,,,,
2021-06-01,996.9,998.6,2021-06-01T22:50:00,995.9,2021-06-01T16:19:00,27.9,34.3,2021-06-01T11:43:00,25.2,2021-06-01T06:05:00,82,61,2021-06-01T11:43:00,2.1,344.0,6.4,338,2021-06-01T21:36:00,1.0,,,,,,,,,,,,,,,,0.5,2021-06-01T06:00:00,,,0,,92,2021-06-01T07:22:00,,,,,,,,,,,,,,,,,,,,,,,,,,,,,,,,,,,,,,,,,,,,,,,,,,,,,,,,,,,,,,,,,,,,,,,,,,
2021-06-02,997.6,999.3,2021-06-02T22:04:00,995.4,2021-06-02T15:30:00,29.9,34.7,2021-06-02T12:36:00,26.3,2021-06-02T01:47:00,75,58,2021-06-02T12:30:00,1.6,186.0,6.4,207,2021-06-02T11:51:00,0.0,,,,,,,,,,,,,,,,0.0,,,,0,,90,2021-06-02T04:34:00,,,,,,,,,,,,,,,,,,,,,,,,,,,,,,,,,,,,,,,,,,,,,,,,,,,,,,,,,,,,,,,,,,,,,,,,,,
2021-06-03,996.9,998.6,2021-06-03T00:01:00,995.1,2021-06-03T16:07:00,30.4,36.6,2021-06-03T14:09:00,27.0,2021-06-03T02:32:00,76,58,2021-06-03T14:07:00,1.6,3.0,5.3,347,2021-06-03T05:48:00,0.0,,,,,,,,,,,,,,,,0.0,,,,0,,87,2021-06-03T23:48:00,,,,,,,,,,,,,,,,,,,,,,,,,,,,,,,,,,,,,,,,,,,,,,,,,,,,,,,,,,,,,,,,,,,,,,,,,,
2021-06-04,993.5,996.2,2021-06-04T00:01:00,990.8,2021-06-04T19:04:00,28.8,34.8,2021-06-04T11:42:00,24.9,2021-06-04T19:30:00,79,54,2021-06-04T11:42:00,2.7,194.0,12.2,355,2021-06-04T19:41:00,5.5,,,,,,,,,,,,,,,,2.0,2021-06-04T20:00:00,,,0,,98,2021-06-04T19:36:00,,,,,,,,,,,,,,,,,,,,,,,,,,,,,,,,,,,,,,,,,,,,,,,,,,,,,,,,,,,,,,,,,,,,,,,,,,
2021-06-05,993.5,995.7,2021-06-05T10:42:00,991.9,2021-06-05T01:14:00,26.0,28.4,2021-06-05T12:16:00,24.3,2021-06-05T09:47:00,86,69,2021-06-05T01:39:00,3.4,206.0,14.6,250,2021-06-05T16:18:00,46.0,,,,,,,,,,,,,,,,13.0,2021-06-05T08:00:00,,,0,,95,2021-06-05T14:40:00,,,,,,,,,,,,,,,,,,,,,,,,,,,,,,,,,,,,,,,,,,,,,,,,,,,,,,,,,,,,,,,,,,,,,,,,,,
2021-06-06,995.3,998.0,2021-06-06T22:53:00,992.8,2021-06-06T04:43:00,25.6,27.3,2021-06-06T19:43:00,24.0,2021-06-06T14:39:00,88,68,2021-06-06T19:42:00,3.4,208.0,18.8,283,2021-06-06T19:23:00,20.0,,,,,,,,,,,,,,,,8.0,2021-06-06T14:00:00,,,0,,95,2021-06-06T12:58:00,,,,,,,,,,,,,,,,,,,,,,,,,,,,,,,,,,,,,,,,,,,,,,,,,,,,,,,,,,,,,,,,,,,,,,,,,,
2021-06-07,999.2,1001.1,2021-06-07T22:53:00,997.3,2021-06-07T00:03:00,26.7,30.9,2021-06-07T10:53:00,24.7,2021-06-07T17:14:00,86,74,2021-06-07T10:56:00,1.9,345.0,6.2,340,2021-06-07T00:15:00,10.0,,,,,,,,,,,,,,,,9.0,2021-06-07T12:00:00,,,0,,96,2021-06-07T11:47:00,,,,,,,,,,,,,,,,,,,,,,,,,,,,,,,,,,,,,,,,,,,,,,,,,,,,,,,,,,,,,,,,,,,,,,,,,,
2021-06-08,1000.0,1001.7,2021-06-08T09:04:00,998.1,2021-06-08T16:25:00,26.4,28.7,2021-06-08T12:33:00,23.7,2021-06-08T01:01:00,85,74,2021-06-08T22:21:00,3.6,356.0,7.9,356,2021-06-08T16:48:00,4.5,,,,,,,,,,,,,,,,4.0,2021-06-08T01:00:00,,,0,,96,2021-06-08T00:47:00,,,,,,,,,,,,,,,,,,,,,,,,,,,,,,,,,,,,,,,,,,,,,,,,,,,,,,,,,,,,,,,,,,,,,,,,,,
2021-06-09,998.3,1000.1,2021-06-09T00:01:00,996.6,2021-06-09T15:57:00,27.5,30.9,2021-06-09T14:15:00,24.9,2021-06-09T23:54:00,83,70,2021-06-09T11:54:00,3.8,346.0,9.5,28,2021-06-09T23:18:00,15.5,,,,,,,,,,,,,,,,7.0,2021-06-09T21:00:00,,,0,,97,2021-06-09T23:24:00,,,,,,,,,,,,,,,,,,,,,,,,,,,,,,,,,,,,,,,,,,,,,,,,,,,,,,,,,,,,,,,,,,,,,,,,,,
2021-06-10,997.3,998.9,2021-06-10T22:45:00,995.7,2021-06-10T16:46:00,26.4,29.1,2021-06-10T14:43:00,24.9,2021-06-10T03:09:00,91,78,2021-06-10T13:49:00,4.6,347.0,11.0,15,2021-06-10T21:37:00,13.5,,,,,,,,,,,,,,,,5.0,2021-06-10T19:00:00,,,0,,98,2021-06-10T10:35:00,,,,,,,,,,,,,,,,,,,,,,,,,,,,,,,,,,,,,,,,,,,,,,,,,,,,,,,,,,,,,,,,,,,,,,,,,,
2021-06-11,998.2,1001.3,2021-06-11T22:19:00,996.7,2021-06-11T04:14:00,26.8,30.5,2021-06-11T14:04:00,23.3,2021-06-11T02:45:00,90,77,2021-06-11T14:09:00,5.0,5.0,11.0,34,2021-06-11T21:47:00,44.0,,,,,,,,,,,,,,,,15.5,2021-06-11T10:00:00,,,0,,98,2021-06-11T03:19:00,,,,,,,,,,,,,,,,,,,,,,,,,,,,,,,,,,,,,,,,,,,,,,,,,,,,,,,,,,,,,,,,,,,,,,,,,,
2021-06-12,1000.4,1001.8,2021-06-12T23:02:00,999.2,2021-06-12T02:52:00,27.1,31.3,2021-06-12T15:15:00,24.4,2021-06-12T02:13:00,88,71,2021-06-12T15:26:00,2.7,343.0,8.7,3,2021-06-12T00:16:00,12.5,,,,,,,,,,,,,,,,11.0,2021-06-12T02:00:00,,,0,,98,2021-06-12T02:00:00,,,,,,,,,,,,,,,,,,,,,,,,,,,,,,,,,,,,,,,,,,,,,,,,,,,,,,,,,,,,,,,,,,,,,,,,,,
2021-06-13,999.3,1001.6,2021-06-13T00:01:00,997.1,2021-06-13T16:09:00,28.9,34.2,2021-06-13T12:38:00,25.6,2021-06-13T06:05:00,84,67,2021-06-13T13:52:00,1.4,205.0,7.1,223,2021-06-13T23:35:00,0.5,,,,,,,,,,,,,,,,0.5,2021-06-13T05:00:00,,,0,,96,2021-06-13T05:20:00,,,,,,,,,,,,,,,,,,,,,,,,,,,,,,,,,,,,,,,,,,,,,,,,,,,,,,,,,,,,,,,,,,,,,,,,,,
2021-06-14,995.0,997.6,2021-06-14T00:01:00,993.3,2021-06-14T19:31:00,29.6,33.3,2021-06-14T12:00:00,27.1,2021-06-14T05:11:00,70,56,2021-06-14T12:07:00,3.1,241.0,13.9,259,2021-06-14T23:29:00,0.0,,,,,,,,,,,,,,,,0.0,,,,0,,82,2021-06-14T01:26:00,,,,,,,,,,,,,,,,,,,,,,,,,,,,,,,,,,,,,,,,,,,,,,,,,,,,,,,,,,,,,,,,,,,,,,,,,,
2021-06-15,993.4,994.8,2021-06-15T19:10:00,992.1,2021-06-15T03:08:00,29.3,32.5,2021-06-15T14:10:00,27.4,2021-06-15T23:15:00,75,61,2021-06-15T14:11:00,3.3,225.0,13.8,231,2021-06-15T11:17:00,0.0,,,,,,,,,,,,,,,,0.0,,,,0,,87,2021-06-15T23:38:00,,,,,,,,,,,,,,,,,,,,,,,,,,,,,,,,,,,,,,,,,,,,,,,,,,,,,,,,,,,,,,,,,,,,,,,,,,
2021-06-16,994.6,996.5,2021-06-16T09:04:00,992.5,2021-06-16T16:02:00,28.8,30.8,2021-06-16T14:16:00,27.4,2021-06-16T00:05:00,76,65,2021-06-16T16:43:00,4.0,264.0,21.1,296,2021-06-16T16:18:00,0.0,,,,,,,,,,,,,,,,0.0,,,,0,,88,2021-06-16T00:05:00,,,,,,,,,,,,,,,,,,,,,,,,,,,,,,,,,,,,,,,,,,,,,,,,,,,,,,,,,,,,,,,,,,,,,,,,,,
2021-06-17,995.0,996.9,2021-06-17T20:54:00,992.5,2021-06-17T16:44:00,29.8,31.9,2021-06-17T12:04:00,28.4,2021-06-17T03:42:00,69,61,2021-06-17T09:59:00,4.6,266.0,20.5,281,2021-06-17T11:04:00,0.0,,,,,,,,,,,,,,,,0.0,,,,0,,76,2021-06-17T23:20:00,,,,,,,,,,,,,,,,,,,,,,,,,,,,,,,,,,,,,,,,,,,,,,,,,,,,,,,,,,,,,,,,,,,,,,,,,,
2021-06-18,993.7,995.8,2021-06-18T08:12:00,990.8,2021-06-18T16:02:00,29.9,31.9,2021-06-18T12:14:00,27.8,2021-06-18T03:41:00,69,58,2021-06-18T13:11:00,4.5,293.0,21.7,283,2021-06-18T14:09:00,0.0,,,,,,,,,,,,,,,,0.0,,,,0,,81,2021-06-18T03:02:00,,,,,,,,,,,,,,,,,,,,,,,,,,,,,,,,,,,,,,,,,,,,,,,,,,,,,,,,,,,,,,,,,,,,,,,,,,
2021-06-19,992.0,994.3,2021-06-19T00:04:00,990.5,2021-06-19T12:18:00,29.5,31.7,2021-06-19T11:54:00,28.1,2021-06-19T23:32:00,72,64,2021-06-19T10:09:00,3.9,272.0,22.1,253,2021-06-19T09:07:00,0.0,,,,,,,,,,,,,,,,0.0,,,,0,,84,2021-06-19T23:39:00,,,,,,,,,,,,,,,,,,,,,,,,,,,,,,,,,,,,,,,,,,,,,,,,,,,,,,,,,,,,,,,,,,,,,,,,,,
2021-06-20,991.9,993.5,2021-06-20T22:03:00,990.5,2021-06-20T16:20:00,28.8,30.9,2021-06-20T11:11:00,27.0,2021-06-20T01:37:00,80,67,2021-06-20T13:25:00,3.3,268.0,14.6,265,2021-06-20T10:13:00,2.0,,,,,,,,,,,,,,,,1.0,2021-06-20T23:59:00,,,0,,90,2021-06-20T01:55:00,,,,,,,,,,,,,,,,,,,,,,,,,,,,,,,,,,,,,,,,,,,,,,,,,,,,,,,,,,,,,,,,,,,,,,,,,,
2021-06-21,992.1,994.4,2021-06-21T21:43:00,990.0,2021-06-21T03:23:00,28.1,30.7,2021-06-21T09:33:00,26.3,2021-06-21T13:09:00,84,72,2021-06-21T09:35:00,4.2,245.0,19.2,265,2021-06-21T04:52:00,24.5,,,,,,,,,,,,,,,,9.5,2021-06-21T19:00:00,,,0,,93,2021-06-21T13:48:00,,,,,,,,,,,,,,,,,,,,,,,,,,,,,,,,,,,,,,,,,,,,,,,,,,,,,,,,,,,,,,,,,,,,,,,,,,
2021-06-22,994.4,996.5,2021-06-22T22:45:00,992.2,2021-06-22T03:56:00,26.5,29.6,2021-06-22T12:31:00,24.6,2021-06-22T06:35:00,83,67,2021-06-22T11:37:00,2.9,202.0,14.3,283,2021-06-22T07:59:00,14.0,,,,,,,,,,,,,,,,4.5,2021-06-22T07:00:00,,,0,,94,2021-06-22T06:38:00,,,,,,,,,,,,,,,,,,,,,,,,,,,,,,,,,,,,,,,,,,,,,,,,,,,,,,,,,,,,,,,,,,,,,,,,,,
2021-06-23,996.3,998.3,2021-06-23T10:42:00,994.4,2021-06-23T15:42:00,26.6,31.5,2021-06-23T14:10:00,24.4,2021-06-23T07:01:00,85,63,2021-06-23T14:57:00,2.5,215.0,10.8,249,2021-06-23T10:07:00,25.5,,,,,,,,,,,,,,,,14.5,2021-06-23T05:00:00,,,0,,96,2021-06-23T04:38:00,,,,,,,,,,,,,,,,,,,,,,,,,,,,,,,,,,,,,,,,,,,,,,,,,,,,,,,,,,,,,,,,,,,,,,,,,,
2021-06-24,996.4,998.6,2021-06-24T22:26:00,994.4,2021-06-24T04:13:00,26.2,31.6,2021-06-24T14:09:00,23.3,2021-06-24T02:11:00,85,66,2021-06-24T12:30:00,2.8,213.0,12.9,265,2021-06-24T15:48:00,59.0,,,,,,,,,,,,,,,,16.0,2021-06-24T17:00:00,,,0,,95,2021-06-24T02:13:00,,,,,,,,,,,,,,,,,,,,,,,,,,,,,,,,,,,,,,,,,,,,,,,,,,,,,,,,,,,,,,,,,,,,,,,,,,
2021-06-25,996.4,998.1,2021-06-25T21:28:00,994.8,2021-06-25T16:49:00,26.7,30.6,2021-06-25T11:58:00,24.2,2021-06-25T02:19:00,85,69,2021-06-25T11:22:00,2.8,221.0,10.7,207,2021-06-25T14:26:00,23.5,,,,,,,,,,,,,,,,11.0,2021-06-25T22:00:00,,,0,,94,2021-06-25T16:20:00,,,,,,,,,,,,,,,,,,,,,,,,,,,,,,,,,,,,,,,,,,,,,,,,,,,,,,,,,,,,,,,,,,,,,,,,,,
2021-06-26,997.2,999.2,2021-06-26T21:22:00,995.4,2021-06-26T03:27:00,27.2,31.2,2021-06-26T13:26:00,24.4,2021-06-26T21:33:00,82,64,2021-06-26T13:28:00,2.7,210.0,12.1,270,2021-06-26T14:55:00,37.5,,,,,,,,,,,,,,,,28.0,2021-06-26T21:00:00,,,0,,97,2021-06-26T20:31:00,,,,,,,,,,,,,,,,,,,,,,,,,,,,,,,,,,,,,,,,,,,,,,,,,,,,,,,,,,,,,,,,,,,,,,,,,,
2021-06-27,996.4,998.0,2021-06-27T00:01:00,994.4,2021-06-27T17:33:00,26.4,30.2,2021-06-27T11:17:00,24.8,2021-06-27T20:06:00,85,69,2021-06-27T11:18:00,3.1,254.0,11.7,292,2021-06-27T08:56:00,10.0,,,,,,,,,,,,,,,,2.0,2021-06-27T14:00:00,,,0,,95,2021-06-27T19:11:00,,,,,,,,,,,,,,,,,,,,,,,,,,,,,,,,,,,,,,,,,,,,,,,,,,,,,,,,,,,,,,,,,,,,,,,,,,
2021-06-28,995.0,997.2,2021-06-28T00:01:00,993.2,2021-06-28T02:51:00,27.6,31.1,2021-06-28T13:57:00,25.0,2021-06-28T01:37:00,82,66,2021-06-28T13:14:00,3.7,225.0,14.1,225,2021-06-28T02:58:00,5.0,,,,,,,,,,,,,,,,1.5,2021-06-28T03:00:00,,,0,,94,2021-06-28T00:12:00,,,,,,,,,,,,,,,,,,,,,,,,,,,,,,,,,,,,,,,,,,,,,,,,,,,,,,,,,,,,,,,,,,,,,,,,,,
2021-06-29,995.6,996.8,2021-06-29T10:58:00,994.0,2021-06-29T04:03:00,28.1,30.8,2021-06-29T09:27:00,26.4,2021-06-29T12:31:00,80,68,2021-06-29T10:04:00,3.5,251.0,13.1,240,2021-06-29T15:27:00,7.0,,,,,,,,,,,,,,,,4.0,2021-06-29T13:00:00,,,0,,91,2021-06-29T12:36:00,,,,,,,,,,,,,,,,,,,,,,,,,,,,,,,,,,,,,,,,,,,,,,,,,,,,,,,,,,,,,,,,,,,,,,,,,,
2021-06-30,996.4,998.0,2021-06-30T10:01:00,994.8,2021-06-30T16:44:00,29.3,31.9,2021-06-30T13:10:00,27.3,2021-06-30T05:12:00,72,59,2021-06-30T17:43:00,2.9,255.0,11.9,233,2021-06-30T11:31:00,0.0,,,,,,,,,,,,,,,,0.0,,,,0,,85,2021-06-30T08:06:00,,,,,,,,,,,,,,,,,,,,,,,,,,,,,,,,,,,,,,,,,,,,,,,,,,,,,,,,,,,,,,,,,,,,,,,,,,
2021-07-01,996.3,998.4,2021-07-01T22:07:00,994.7,2021-07-01T05:13:00,29.6,32.7,2021-07-01T12:17:00,27.8,2021-07-01T00:01:00,70,57,2021-07-01T11:58:00,2.5,249.0,14.8,277,2021-07-01T05:19:00,0.0,,,,,,,,,,,,,,,,0.0,,,,0,,82,2021-07-01T23:41:00,,,,,,,,,,,,,,,,,,,,,,,,,,,,,,,,,,,,,,,,,,,,,,,,,,,,,,,,,,,,,,,,,,,,,,,,,,
2021-07-02,997.1,998.8,2021-07-02T21:17:00,995.5,2021-07-02T16:02:00,29.3,32.9,2021-07-02T12:37:00,27.4,2021-07-02T01:36:00,75,62,2021-07-02T12:27:00,2.4,290.0,11.6,310,2021-07-02T07:50:00,0.0,,,,,,,,,,,,,,,,0.0,,,,0,,87,2021-07-02T08:54:00,,,,,,,,,,,,,,,,,,,,,,,,,,,,,,,,,,,,,,,,,,,,,,,,,,,,,,,,,,,,,,,,,,,,,,,,,,
2021-07-03,997.5,999.7,2021-07-03T23:03:00,996.5,2021-07-03T14:18:00,29.2,34.2,2021-07-03T11:26:00,26.5,2021-07-03T05:31:00,77,60,2021-07-03T11:21:00,1.2,225.0,8.4,264,2021-07-03T00:19:00,0.0,,,,,,,,,,,,,,,,0.0,,,,0,,85,2021-07-03T18:53:00,,,,,,,,,,,,,,,,,,,,,,,,,,,,,,,,,,,,,,,,,,,,,,,,,,,,,,,,,,,,,,,,,,,,,,,,,,
2021-07-04,998.5,1000.0,2021-07-04T21:55:00,997.5,2021-07-04T02:36:00,27.8,30.4,2021-07-04T11:53:00,26.1,2021-07-04T23:29:00,89,80,2021-07-04T11:05:00,6.0,4.0,14.0,31,2021-07-04T22:39:00,4.0,,,,,,,,,,,,,,,,4.0,2021-07-04T23:00:00,,,0,,96,2021-07-04T22:54:00,,,,,,,,,,,,,,,,,,,,,,,,,,,,,,,,,,,,,,,,,,,,,,,,,,,,,,,,,,,,,,,,,,,,,,,,,,
2021-07-05,996.8,999.1,2021-07-05T00:01:00,992.7,2021-07-05T23:57:00,26.9,29.3,2021-07-05T13:52:00,24.8,2021-07-05T22:35:00,92,82,2021-07-05T11:26:00,11.0,8.0,26.5,358,2021-07-05T23:58:00,40.5,,,,,,,,,,,,,,,,11.0,2021-07-05T03:00:00,,,0,,98,2021-07-05T05:05:00,,,,,,,,,,,,,,,,,,,,,,,,,,,,,,,,,,,,,,,,,,,,,,,,,,,,,,,,,,,,,,,,,,,,,,,,,,
2021-07-06,997.6,1002.0,2021-07-06T22:33:00,991.6,2021-07-06T00:53:00,28.4,32.9,2021-07-06T11:42:00,23.8,2021-07-06T01:41:00,87,69,2021-07-06T13:38:00,2.8,345.0,28.2,15,2021-07-06T00:34:00,39.0,,,,,,,,,,,,,,,,14.5,2021-07-06T01:00:00,,,0,,100,2021-07-06T00:49:00,,,,,,,,,,,,,,,,,,,,,,,,,,,,,,,,,,,,,,,,,,,,,,,,,,,,,,,,,,,,,,,,,,,,,,,,,,
2021-07-07,1001.8,1003.1,2021-07-07T23:13:00,1000.4,2021-07-07T04:06:00,28.7,33.1,2021-07-07T15:29:00,25.0,2021-07-07T05:00:00,86,73,2021-07-07T16:10:00,1.5,348.0,9.6,343,2021-07-07T04:06:00,23.0,,,,,,,,,,,,,,,,15.5,2021-07-07T05:00:00,,,0,,98,2021-07-07T05:17:00,,,,,,,,,,,,,,,,,,,,,,,,,,,,,,,,,,,,,,,,,,,,,,,,,,,,,,,,,,,,,,,,,,,,,,,,,,
2021-07-08,1001.9,1003.0,2021-07-08T00:01:00,1000.4,2021-07-08T16:20:00,28.9,33.1,2021-07-08T14:26:00,26.9,2021-07-08T04:22:00,85,70,2021-07-08T15:00:00,2.4,348.0,7.0,360,2021-07-08T08:29:00,0.0,,,,,,,,,,,,,,,,0.0,,,,0,,94,2021-07-08T00:41:00,,,,,,,,,,,,,,,,,,,,,,,,,,,,,,,,,,,,,,,,,,,,,,,,,,,,,,,,,,,,,,,,,,,,,,,,,,
2021-07-09,1000.8,1002.2,2021-07-09T22:06:00,1000.0,2021-07-09T16:08:00,28.9,33.5,2021-07-09T13:42:00,26.3,2021-07-09T05:07:00,84,70,2021-07-09T12:08:00,2.2,347.0,6.3,349,2021-07-09T05:35:00,0.0,,,,,,,,,,,,,,,,0.0,,,,0,,92,2021-07-09T22:35:00,,,,,,,,,,,,,,,,,,,,,,,,,,,,,,,,,,,,,,,,,,,,,,,,,,,,,,,,,,,,,,,,,,,,,,,,,,
2021-07-10,1001.3,1003.5,2021-07-10T22:56:00,1000.1,2021-07-10T04:26:00,28.5,33.1,2021-07-10T13:10:00,26.1,2021-07-10T20:54:00,85,67,2021-07-10T13:45:00,2.9,33.0,7.1,30,2021-07-10T20:03:00,17.0,,,,,,,,,,,,,,,,14.5,2021-07-10T21:00:00,,,0,,97,2021-07-10T21:01:00,,,,,,,,,,,,,,,,,,,,,,,,,,,,,,,,,,,,,,,,,,,,,,,,,,,,,,,,,,,,,,,,,,,,,,,,,,
2021-07-11,1002.2,1003.4,2021-07-11T09:45:00,1001.0,2021-07-11T03:51:00,28.4,33.0,2021-07-11T14:01:00,26.5,2021-07-11T05:08:00,87,70,2021-07-11T14:08:00,3.7,4.0,8.8,2,2021-07-11T04:11:00,0.0,,,,,,,,,,,,,,,,0.0,,,,0,,95,2021-07-11T00:52:00,,,,,,,,,,,,,,,,,,,,,,,,,,,,,,,,,,,,,,,,,,,,,,,,,,,,,,,,,,,,,,,,,,,,,,,,,,
2021-07-12,1001.3,1002.7,2021-07-12T08:21:00,999.7,2021-07-12T16:12:00,28.5,32.1,2021-07-12T13:39:00,26.7,2021-07-12T01:12:00,85,74,2021-07-12T15:42:00,3.0,4.0,7.2,25,2021-07-12T22:54:00,0.0,,,,,,,,,,,,,,,,0.0,,,,0,,94,2021-07-12T00:33:00,,,,,,,,,,,,,,,,,,,,,,,,,,,,,,,,,,,,,,,,,,,,,,,,,,,,,,,,,,,,,,,,,,,,,,,,,,
2021-07-13,999.5,1000.7,2021-07-13T00:01:00,998.4,2021-07-13T15:09:00,28.9,33.1,2021-07-13T14:09:00,26.8,2021-07-13T05:17:00,85,71,2021-07-13T13:57:00,3.2,5.0,8.0,14,2021-07-13T02:39:00,0.0,,,,,,,,,,,,,,,,0.0,,,,0,,92,2021-07-13T00:10:00,,,,,,,,,,,,,,,,,,,,,,,,,,,,,,,,,,,,,,,,,,,,,,,,,,,,,,,,,,,,,,,,,,,,,,,,,,
2021-07-14,998.7,999.5,2021-07-14T00:04:00,997.4,2021-07-14T17:15:00,28.0,30.1,2021-07-14T12:27:00,25.3,2021-07-14T18:53:00,87,81,2021-07-14T14:13:00,6.3,7.0,15.3,11,2021-07-14T18:42:00,1.0,,,,,,,,,,,,,,,,1.0,2021-07-14T19:00:00,,,0,,94,2021-07-14T19:08:00,,,,,,,,,,,,,,,,,,,,,,,,,,,,,,,,,,,,,,,,,,,,,,,,,,,,,,,,,,,,,,,,,,,,,,,,,,
2021-07-15,998.9,1000.6,2021-07-15T10:01:00,997.4,2021-07-15T02:58:00,26.1,27.3,2021-07-15T00:54:00,24.4,2021-07-15T05:28:00,94,84,2021-07-15T01:16:00,6.6,6.0,14.9,22,2021-07-15T01:12:00,26.5,,,,,,,,,,,,,,,,7.5,2021-07-15T10:00:00,,,0,,99,2021-07-15T10:42:00,,,,,,,,,,,,,,,,,,,,,,,,,,,,,,,,,,,,,,,,,,,,,,,,,,,,,,,,,,,,,,,,,,,,,,,,,,
2021-07-16,998.3,999.9,2021-07-16T07:47:00,996.7,2021-07-16T16:41:00,27.1,30.0,2021-07-16T12:48:00,24.4,2021-07-16T03:12:00,89,76,2021-07-16T12:29:00,6.1,11.0,18.2,32,2021-07-16T07:24:00,15.5,,,,,,,,,,,,,,,,6.5,2021-07-16T20:00:00,,,0,,97,2021-07-16T03:05:00,,,,,,,,,,,,,,,,,,,,,,,,,,,,,,,,,,,,,,,,,,,,,,,,,,,,,,,,,,,,,,,,,,,,,,,,,,
2021-07-17,995.4,997.6,2021-07-17T00:01:00,993.9,2021-07-17T17:18:00,27.8,30.3,2021-07-17T13:02:00,26.2,2021-07-17T03:53:00,85,78,2021-07-17T09:52:00,6.0,3.0,11.1,5,2021-07-17T08:30:00,0.0,,,,,,,,,,,,,,,,0.0,,,,0,,94,2021-07-17T00:01:00,,,,,,,,,,,,,,,,,,,,,,,,,,,,,,,,,,,,,,,,,,,,,,,,,,,,,,,,,,,,,,,,,,,,,,,,,,
2021-07-18,994.1,995.3,2021-07-18T00:01:00,992.6,2021-07-18T16:37:00,27.8,29.8,2021-07-18T13:37:00,26.4,2021-07-18T03:40:00,85,77,2021-07-18T08:39:00,5.4,345.0,13.9,12,2021-07-18T18:14:00,1.0,,,,,,,,,,,,,,,,1.0,2021-07-18T19:00:00,,,0,,96,2021-07-18T18:30:00,,,,,,,,,,,,,,,,,,,,,,,,,,,,,,,,,,,,,,,,,,,,,,,,,,,,,,,,,,,,,,,,,,,,,,,,,,
2021-07-19,994.2,995.5,2021-07-19T22:20:00,992.9,2021-07-19T15:54:00,27.5,29.4,2021-07-19T12:25:00,24.5,2021-07-19T19:21:00,88,77,2021-07-19T17:36:00,5.3,348.0,13.0,33,2021-07-19T19:08:00,31.5,,,,,,,,,,,,,,,,11.5,2021-07-19T20:00:00,,,0,,99,2021-07-19T21:15:00,,,,,,,,,,,,,,,,,,,,,,,,,,,,,,,,,,,,,,,,,,,,,,,,,,,,,,,,,,,,,,,,,,,,,,,,,,
2021-07-20,993.8,995.0,2021-07-20T08:47:00,992.7,2021-07-20T16:38:00,27.0,29.5,2021-07-20T13:44:00,24.4,2021-07-20T02:35:00,87,73,2021-07-20T22:45:00,3.1,299.0,11.8,23,2021-07-20T02:19:00,49.5,,,,,,,,,,,,,,,,28.0,2021-07-20T02:00:00,,,0,,99,2021-07-20T01:51:00,,,,,,,,,,,,,,,,,,,,,,,,,,,,,,,,,,,,,,,,,,,,,,,,,,,,,,,,,,,,,,,,,,,,,,,,,,
2021-07-21,990.4,993.2,2021-07-21T00:01:00,987.8,2021-07-21T17:47:00,29.2,33.7,2021-07-21T10:03:00,26.4,2021-07-21T04:15:00,78,63,2021-07-21T12:11:00,1.4,224.0,9.7,244,2021-07-21T17:51:00,0.0,,,,,,,,,,,,,,,,0.0,,,,0,,88,2021-07-21T23:46:00,,,,,,,,,,,,,,,,,,,,,,,,,,,,,,,,,,,,,,,,,,,,,,,,,,,,,,,,,,,,,,,,,,,,,,,,,,
2021-07-22,984.1,988.0,2021-07-22T00:01:00,981.7,2021-07-22T16:24:00,29.3,33.3,2021-07-22T11:30:00,26.6,2021-07-22T03:24:00,82,69,2021-07-22T11:42:00,1.6,18.0,7.7,256,2021-07-22T22:54:00,0.0,,,,,,,,,,,,,,,,0.0,,,,0,,90,2021-07-22T02:54:00,,,,,,,,,,,,,,,,,,,,,,,,,,,,,,,,,,,,,,,,,,,,,,,,,,,,,,,,,,,,,,,,,,,,,,,,,,
2021-07-23,980.2,982.5,2021-07-23T00:01:00,978.0,2021-07-23T02:47:00,29.2,31.2,2021-07-23T15:18:00,27.2,2021-07-23T00:01:00,75,68,2021-07-23T15:17:00,3.6,300.0,16.8,280,2021-07-23T02:32:00,0.0,,,,,,,,,,,,,,,,0.0,,,,0,,90,2021-07-23T00:01:00,,,,,,,,,,,,,,,,,,,,,,,,,,,,,,,,,,,,,,,,,,,,,,,,,,,,,,,,,,,,,,,,,,,,,,,,,,
2021-07-24,982.8,986.6,2021-07-24T22:44:00,979.2,2021-07-24T03:25:00,29.2,30.9,2021-07-24T14:10:00,27.8,2021-07-24T06:09:00,73,65,2021-07-24T10:20:00,4.2,275.0,18.6,279,2021-07-24T11:18:00,0.0,,,,,,,,,,,,,,,,0.0,,,,0,,80,2021-07-24T20:19:00,,,,,,,,,,,,,,,,,,,,,,,,,,,,,,,,,,,,,,,,,,,,,,,,,,,,,,,,,,,,,,,,,,,,,,,,,,
2021-07-25,986.9,989.2,2021-07-25T22:13:00,985.5,2021-07-25T03:02:00,28.5,29.8,2021-07-25T13:09:00,27.6,2021-07-25T21:33:00,83,76,2021-07-25T00:30:00,5.0,253.0,15.5,242,2021-07-25T16:42:00,20.5,,,,,,,,,,,,,,,,4.0,2021-07-25T13:00:00,,,0,,90,2021-07-25T11:21:00,,,,,,,,,,,,,,,,,,,,,,,,,,,,,,,,,,,,,,,,,,,,,,,,,,,,,,,,,,,,,,,,,,,,,,,,,,
2021-07-26,987.0,988.7,2021-07-26T00:03:00,985.3,2021-07-26T14:52:00,28.9,31.0,2021-07-26T15:05:00,27.2,2021-07-26T04:21:00,81,70,2021-07-26T14:56:00,4.3,258.0,14.6,265,2021-07-26T04:50:00,27.0,,,,,,,,,,,,,,,,6.5,2021-07-26T07:00:00,,,0,,90,2021-07-26T08:18:00,,,,,,,,,,,,,,,,,,,,,,,,,,,,,,,,,,,,,,,,,,,,,,,,,,,,,,,,,,,,,,,,,,,,,,,,,,
2021-07-27,986.1,987.3,2021-07-27T23:30:00,985.0,2021-07-27T03:30:00,29.3,32.6,2021-07-27T09:46:00,27.8,2021-07-27T02:48:00,80,63,2021-07-27T09:50:00,2.3,1.0,14.7,223,2021-07-27T03:30:00,0.0,,,,,,,,,,,,,,,,0.0,,,,0,,86,2021-07-27T02:46:00,,,,,,,,,,,,,,,,,,,,,,,,,,,,,,,,,,,,,,,,,,,,,,,,,,,,,,,,,,,,,,,,,,,,,,,,,,
2021-07-28,988.1,990.3,2021-07-28T21:41:00,985.5,2021-07-28T03:42:00,28.2,30.9,2021-07-28T11:23:00,25.9,2021-07-28T13:45:00,84,72,2021-07-28T07:47:00,1.3,118.0,10.1,260,2021-07-28T01:15:00,2.0,,,,,,,,,,,,,,,,1.5,2021-07-28T14:00:00,,,0,,92,2021-07-28T21:50:00,,,,,,,,,,,,,,,,,,,,,,,,,,,,,,,,,,,,,,,,,,,,,,,,,,,,,,,,,,,,,,,,,,,,,,,,,,
2021-07-29,990.9,993.7,2021-07-29T21:54:00,988.7,2021-07-29T02:25:00,28.7,32.6,2021-07-29T14:27:00,26.7,2021-07-29T23:35:00,83,65,2021-07-29T14:29:00,2.6,210.0,12.0,220,2021-07-29T23:08:00,4.0,,,,,,,,,,,,,,,,2.5,2021-07-29T08:00:00,,,0,,93,2021-07-29T06:56:00,,,,,,,,,,,,,,,,,,,,,,,,,,,,,,,,,,,,,,,,,,,,,,,,,,,,,,,,,,,,,,,,,,,,,,,,,,
2021-07-30,992.5,994.0,2021-07-30T12:55:00,990.8,2021-07-30T04:05:00,27.0,32.3,2021-07-30T10:10:00,24.8,2021-07-30T18:01:00,89,68,2021-07-30T10:15:00,2.7,211.0,11.0,231,2021-07-30T21:57:00,15.5,,,,,,,,,,,,,,,,3.0,2021-07-30T14:00:00,,,0,,96,2021-07-30T18:04:00,,,,,,,,,,,,,,,,,,,,,,,,,,,,,,,,,,,,,,,,,,,,,,,,,,,,,,,,,,,,,,,,,,,,,,,,,,
2021-07-31,991.4,993.1,2021-07-31T00:01:00,989.7,2021-07-31T16:46:00,26.1,29.4,2021-07-31T11:58:00,24.2,2021-07-31T17:22:00,91,82,2021-07-31T22:52:00,3.1,206.0,15.1,211,2021-07-31T12:11:00,75.5,,,,,,,,,,,,,,,,21.0,2021-07-31T15:00:00,,,0,,97,2021-07-31T16:57:00,,,,,,,,,,,,,,,,,,,,,,,,,,,,,,,,,,,,,,,,,,,,,,,,,,,,,,,,,,,,,,,,,,,,,,,,,,
2021-08-01,988.4,990.9,2021-08-01T10:22:00,986.3,2021-08-01T15:59:00,26.7,28.2,2021-08-01T14:25:00,24.0,2021-08-01T10:45:00,90,80,2021-08-01T14:24:00,3.1,216.0,16.7,222,2021-08-01T02:30:00,52.5,,,,,,,,,,,,,,,,27.0,2021-08-01T11:00:00,,,0,,98,2021-08-01T11:03:00,,,,,,,,,,,,,,,,,,,,,,,,,,,,,,,,,,,,,,,,,,,,,,,,,,,,,,,,,,,,,,,,,,,,,,,,,,
2021-08-02,988.1,989.3,2021-08-02T07:30:00,986.9,2021-08-02T17:37:00,26.7,27.9,2021-08-02T00:45:00,25.1,2021-08-02T06:44:00,89,79,2021-08-02T00:43:00,2.5,235.0,13.9,231,2021-08-02T11:17:00,52.0,,,,,,,,,,,,,,,,21.5,2021-08-02T18:00:00,,,0,,98,2021-08-02T16:08:00,,,,,,,,,,,,,,,,,,,,,,,,,,,,,,,,,,,,,,,,,,,,,,,,,,,,,,,,,,,,,,,,,,,,,,,,,,
2021-08-03,989.1,991.2,2021-08-03T23:57:00,987.2,2021-08-03T03:09:00,26.9,28.9,2021-08-03T11:32:00,24.9,2021-08-03T01:52:00,89,79,2021-08-03T09:22:00,2.2,210.0,11.5,244,2021-08-03T17:11:00,29.5,,,,,,,,,,,,,,,,10.0,2021-08-03T04:00:00,,,0,,99,2021-08-03T02:58:00,,,,,,,,,,,,,,,,,,,,,,,,,,,,,,,,,,,,,,,,,,,,,,,,,,,,,,,,,,,,,,,,,,,,,,,,,,
2021-08-04,990.2,992.1,2021-08-04T21:24:00,988.6,2021-08-04T13:53:00,26.3,29.4,2021-08-04T10:35:00,25.0,2021-08-04T13:10:00,92,85,2021-08-04T07:55:00,2.7,228.0,15.4,245,2021-08-04T12:39:00,38.5,,,,,,,,,,,,,,,,13.5,2021-08-04T13:00:00,,,0,,96,2021-08-04T12:50:00,,,,,,,,,,,,,,,,,,,,,,,,,,,,,,,,,,,,,,,,,,,,,,,,,,,,,,,,,,,,,,,,,,,,,,,,,,
2021-08-05,989.5,991.4,2021-08-05T21:34:00,987.9,2021-08-05T13:28:00,26.6,28.7,2021-08-05T08:35:00,24.1,2021-08-05T17:43:00,91,82,2021-08-05T12:07:00,3.9,200.0,17.8,223,2021-08-05T12:14:00,78.0,,,,,,,,,,,,,,,,14.0,2021-08-05T17:00:00,,,0,,97,2021-08-05T00:09:00,,,,,,,,,,,,,,,,,,,,,,,,,,,,,,,,,,,,,,,,,,,,,,,,,,,,,,,,,,,,,,,,,,,,,,,,,,
2021-08-06,988.5,990.3,2021-08-06T00:01:00,986.3,2021-08-06T14:59:00,27.5,28.9,2021-08-06T11:57:00,26.0,2021-08-06T03:57:00,88,81,2021-08-06T11:56:00,6.8,205.0,21.9,228,2021-08-06T11:11:00,22.0,,,,,,,,,,,,,,,,11.5,2021-08-06T04:00:00,,,0,,97,2021-08-06T04:01:00,,,,,,,,,,,,,,,,,,,,,,,,,,,,,,,,,,,,,,,,,,,,,,,,,,,,,,,,,,,,,,,,,,,,,,,,,,
2021-08-07,989.1,993.5,2021-08-07T22:47:00,985.4,2021-08-07T05:12:00,27.3,28.5,2021-08-07T03:07:00,26.3,2021-08-07T13:51:00,91,84,2021-08-07T03:04:00,7.2,207.0,23.9,214,2021-08-07T05:52:00,68.0,,,,,,,,,,,,,,,,17.0,2021-08-07T14:00:00,,,0,,97,2021-08-07T13:55:00,,,,,,,,,,,,,,,,,,,,,,,,,,,,,,,,,,,,,,,,,,,,,,,,,,,,,,,,,,,,,,,,,,,,,,,,,,
2021-08-08,994.9,997.8,2021-08-08T22:10:00,992.4,2021-08-08T02:27:00,26.4,27.5,2021-08-08T01:55:00,25.2,2021-08-08T10:58:00,91,83,2021-08-08T19:39:00,3.3,216.0,16.8,206,2021-08-08T00:37:00,11.5,,,,,,,,,,,,,,,,3.0,2021-08-08T11:00:00,,,0,,97,2021-08-08T11:54:00,,,,,,,,,,,,,,,,,,,,,,,,,,,,,,,,,,,,,,,,,,,,,,,,,,,,,,,,,,,,,,,,,,,,,,,,,,
2021-08-09,996.7,998.0,2021-08-09T09:24:00,994.4,2021-08-09T16:24:00,29.0,32.5,2021-08-09T12:21:00,26.5,2021-08-09T23:46:00,81,66,2021-08-09T16:04:00,2.3,7.0,10.2,199,2021-08-09T10:30:00,3.0,,,,,,,,,,,,,,,,2.5,2021-08-09T03:00:00,,,0,,94,2021-08-09T03:10:00,,,,,,,,,,,,,,,,,,,,,,,,,,,,,,,,,,,,,,,,,,,,,,,,,,,,,,,,,,,,,,,,,,,,,,,,,,
2021-08-10,997.6,1000.2,2021-08-10T10:43:00,994.3,2021-08-10T15:18:00,26.8,30.2,2021-08-10T08:54:00,23.7,2021-08-10T09:41:00,87,67,2021-08-10T15:24:00,2.6,195.0,15.3,228,2021-08-10T09:44:00,47.0,,,,,,,,,,,,,,,,42.0,2021-08-10T10:00:00,,,0,,98,2021-08-10T11:41:00,,,,,,,,,,,,,,,,,,,,,,,,,,,,,,,,,,,,,,,,,,,,,,,,,,,,,,,,,,,,,,,,,,,,,,,,,,
2021-08-11,999.1,1000.2,2021-08-11T21:41:00,997.5,2021-08-11T16:02:00,28.4,32.0,2021-08-11T14:14:00,24.8,2021-08-11T01:16:00,81,68,2021-08-11T13:05:00,1.5,178.0,9.1,191,2021-08-11T11:18:00,0.0,,,,,,,,,,,,,,,,0.0,,,,0,,94,2021-08-11T01:18:00,,,,,,,,,,,,,,,,,,,,,,,,,,,,,,,,,,,,,,,,,,,,,,,,,,,,,,,,,,,,,,,,,,,,,,,,,,
2021-08-12,999.2,1001.0,2021-08-12T07:56:00,996.9,2021-08-12T16:35:00,28.4,31.7,2021-08-12T12:59:00,26.3,2021-08-12T05:39:00,81,65,2021-08-12T14:01:00,2.4,200.0,11.4,238,2021-08-12T15:25:00,0.0,,,,,,,,,,,,,,,,0.0,,,,0,,91,2021-08-12T04:19:00,,,,,,,,,,,,,,,,,,,,,,,,,,,,,,,,,,,,,,,,,,,,,,,,,,,,,,,,,,,,,,,,,,,,,,,,,,
2021-08-13,997.4,998.6,2021-08-13T10:25:00,995.3,2021-08-13T16:33:00,26.9,29.1,2021-08-13T11:36:00,25.6,2021-08-13T23:58:00,86,73,2021-08-13T11:52:00,2.6,195.0,11.3,252,2021-08-13T16:33:00,3.0,,,,,,,,,,,,,,,,1.5,2021-08-13T08:00:00,,,0,,94,2021-08-13T07:45:00,,,,,,,,,,,,,,,,,,,,,,,,,,,,,,,,,,,,,,,,,,,,,,,,,,,,,,,,,,,,,,,,,,,,,,,,,,
2021-08-14,997.6,999.9,2021-08-14T22:10:00,995.9,2021-08-14T15:16:00,27.7,30.9,2021-08-14T14:04:00,25.4,2021-08-14T04:57:00,82,64,2021-08-14T12:27:00,2.8,212.0,13.1,227,2021-08-14T15:19:00,0.0,,,,,,,,,,,,,,,,0.0,,,,0,,95,2021-08-14T05:30:00,,,,,,,,,,,,,,,,,,,,,,,,,,,,,,,,,,,,,,,,,,,,,,,,,,,,,,,,,,,,,,,,,,,,,,,,,,
2021-08-15,1000.6,1003.1,2021-08-15T22:59:00,998.1,2021-08-15T02:18:00,28.8,33.5,2021-08-15T09:07:00,26.2,2021-08-15T01:43:00,77,62,2021-08-15T09:32:00,2.1,224.0,8.8,213,2021-08-15T12:17:00,0.0,,,,,,,,,,,,,,,,0.0,,,,0,,89,2021-08-15T22:58:00,,,,,,,,,,,,,,,,,,,,,,,,,,,,,,,,,,,,,,,,,,,,,,,,,,,,,,,,,,,,,,,,,,,,,,,,,,
2021-08-16,1003.0,1004.3,2021-08-16T10:11:00,1002.1,2021-08-16T15:32:00,28.5,33.1,2021-08-16T12:16:00,26.6,2021-08-16T04:53:00,82,67,2021-08-16T12:23:00,0.3,10.0,3.6,282,2021-08-16T02:51:00,0.0,,,,,,,,,,,,,,,,0.0,,,,0,,89,2021-08-16T19:42:00,,,,,,,,,,,,,,,,,,,,,,,,,,,,,,,,,,,,,,,,,,,,,,,,,,,,,,,,,,,,,,,,,,,,,,,,,,
2021-08-17,1000.6,1002.7,2021-08-17T00:09:00,998.4,2021-08-17T15:56:00,29.2,32.8,2021-08-17T11:10:00,26.9,2021-08-17T05:09:00,82,72,2021-08-17T11:11:00,1.0,213.0,5.3,203,2021-08-17T14:30:00,0.0,,,,,,,,,,,,,,,,0.0,,,,0,,90,2021-08-17T01:03:00,,,,,,,,,,,,,,,,,,,,,,,,,,,,,,,,,,,,,,,,,,,,,,,,,,,,,,,,,,,,,,,,,,,,,,,,,,
2021-08-18,998.4,999.8,2021-08-18T00:01:00,996.0,2021-08-18T15:03:00,29.1,33.2,2021-08-18T12:38:00,26.8,2021-08-18T05:35:00,77,59,2021-08-18T12:42:00,2.0,208.0,8.4,199,2021-08-18T15:14:00,0.0,,,,,,,,,,,,,,,,0.0,,,,0,,88,2021-08-18T00:06:00,,,,,,,,,,,,,,,,,,,,,,,,,,,,,,,,,,,,,,,,,,,,,,,,,,,,,,,,,,,,,,,,,,,,,,,,,,
2021-08-19,998.9,1000.5,2021-08-19T22:06:00,997.3,2021-08-19T02:56:00,29.0,34.2,2021-08-19T11:17:00,26.2,2021-08-19T05:08:00,80,63,2021-08-19T11:20:00,0.8,149.0,6.6,188,2021-08-19T15:49:00,0.0,,,,,,,,,,,,,,,,0.0,,,,0,,89,2021-08-19T21:30:00,,,,,,,,,,,,,,,,,,,,,,,,,,,,,,,,,,,,,,,,,,,,,,,,,,,,,,,,,,,,,,,,,,,,,,,,,,
2021-08-20,999.8,1001.2,2021-08-20T22:19:00,998.1,2021-08-20T16:16:00,28.5,34.9,2021-08-20T12:49:00,25.8,2021-08-20T05:18:00,83,64,2021-08-20T11:01:00,1.6,343.0,7.7,3,2021-08-20T03:52:00,0.0,,,,,,,,,,,,,,,,0.0,,,,0,,93,2021-08-20T03:41:00,,,,,,,,,,,,,,,,,,,,,,,,,,,,,,,,,,,,,,,,,,,,,,,,,,,,,,,,,,,,,,,,,,,,,,,,,,
2021-08-21,998.8,1000.7,2021-08-21T00:01:00,997.4,2021-08-21T17:47:00,29.3,35.5,2021-08-21T12:12:00,26.4,2021-08-21T01:44:00,79,62,2021-08-21T14:03:00,0.9,345.0,5.2,292,2021-08-21T17:24:00,0.0,,,,,,,,,,,,,,,,0.0,,,,0,,90,2021-08-21T04:27:00,,,,,,,,,,,,,,,,,,,,,,,,,,,,,,,,,,,,,,,,,,,,,,,,,,,,,,,,,,,,,,,,,,,,,,,,,,
2021-08-22,997.4,998.7,2021-08-22T07:47:00,995.3,2021-08-22T16:33:00,28.7,34.7,2021-08-22T11:49:00,26.1,2021-08-22T04:27:00,77,62,2021-08-22T13:05:00,1.6,234.0,9.3,257,2021-08-22T17:17:00,0.0,,,,,,,,,,,,,,,,0.0,,,,0,,87,2021-08-22T20:09:00,,,,,,,,,,,,,,,,,,,,,,,,,,,,,,,,,,,,,,,,,,,,,,,,,,,,,,,,,,,,,,,,,,,,,,,,,,
2021-08-23,997.7,999.4,2021-08-23T21:23:00,996.0,2021-08-23T04:33:00,28.9,35.8,2021-08-23T12:07:00,26.0,2021-08-23T01:43:00,77,58,2021-08-23T12:44:00,2.1,206.0,8.2,260,2021-08-23T22:08:00,0.0,,,,,,,,,,,,,,,,0.0,,,,0,,89,2021-08-23T01:40:00,,,,,,,,,,,,,,,,,,,,,,,,,,,,,,,,,,,,,,,,,,,,,,,,,,,,,,,,,,,,,,,,,,,,,,,,,,
2021-08-24,998.4,1000.5,2021-08-24T23:19:00,996.8,2021-08-24T15:55:00,28.4,33.3,2021-08-24T10:37:00,25.7,2021-08-24T12:33:00,82,64,2021-08-24T10:09:00,2.2,202.0,10.8,237,2021-08-24T12:17:00,2.5,,,,,,,,,,,,,,,,2.0,2021-08-24T12:00:00,,,0,,93,2021-08-24T11:40:00,,,,,,,,,,,,,,,,,,,,,,,,,,,,,,,,,,,,,,,,,,,,,,,,,,,,,,,,,,,,,,,,,,,,,,,,,,
2021-08-25,1000.1,1002.6,2021-08-25T22:16:00,998.7,2021-08-25T03:54:00,29.3,33.6,2021-08-25T10:42:00,26.1,2021-08-25T03:51:00,82,69,2021-08-25T11:44:00,1.4,178.0,6.5,207,2021-08-25T02:03:00,0.0,,,,,,,,,,,,,,,,0.0,,,,0,,93,2021-08-25T00:47:00,,,,,,,,,,,,,,,,,,,,,,,,,,,,,,,,,,,,,,,,,,,,,,,,,,,,,,,,,,,,,,,,,,,,,,,,,,
2021-08-26,1001.8,1003.6,2021-08-26T21:19:00,1000.6,2021-08-26T15:11:00,27.2,31.4,2021-08-26T11:35:00,25.3,2021-08-26T21:28:00,87,70,2021-08-26T11:37:00,5.9,348.0,12.5,2,2021-08-26T23:58:00,17.0,,,,,,,,,,,,,,,,9.0,2021-08-26T19:00:00,,,0,,95,2021-08-26T12:32:00,,,,,,,,,,,,,,,,,,,,,,,,,,,,,,,,,,,,,,,,,,,,,,,,,,,,,,,,,,,,,,,,,,,,,,,,,,
2021-08-27,1001.7,1002.7,2021-08-27T11:22:00,1000.8,2021-08-27T18:29:00,27.8,31.4,2021-08-27T14:15:00,26.1,2021-08-27T03:23:00,86,72,2021-08-27T14:02:00,6.1,18.0,12.7,17,2021-08-27T07:32:00,1.0,,,,,,,,,,,,,,,,1.0,2021-08-27T19:00:00,,,0,,93,2021-08-27T18:25:00,,,,,,,,,,,,,,,,,,,,,,,,,,,,,,,,,,,,,,,,,,,,,,,,,,,,,,,,,,,,,,,,,,,,,,,,,,
2021-08-28,1001.1,1002.5,2021-08-28T08:29:00,999.8,2021-08-28T17:14:00,28.2,30.7,2021-08-28T14:38:00,26.8,2021-08-28T03:37:00,85,76,2021-08-28T14:30:00,5.2,35.0,14.4,33,2021-08-28T10:18:00,0.5,,,,,,,,,,,,,,,,0.5,2021-08-28T06:00:00,,,0,,92,2021-08-28T23:15:00,,,,,,,,,,,,,,,,,,,,,,,,,,,,,,,,,,,,,,,,,,,,,,,,,,,,,,,,,,,,,,,,,,,,,,,,,,
2021-08-29,1001.0,1002.4,2021-08-29T22:07:00,999.5,2021-08-29T14:21:00,27.6,29.4,2021-08-29T12:53:00,24.8,2021-08-29T03:43:00,87,80,2021-08-29T15:10:00,6.0,5.0,13.6,357,2021-08-29T23:32:00,39.5,,,,,,,,,,,,,,,,33.5,2021-08-29T04:00:00,,,0,,98,2021-08-29T03:47:00,,,,,,,,,,,,,,,,,,,,,,,,,,,,,,,,,,,,,,,,,,,,,,,,,,,,,,,,,,,,,,,,,,,,,,,,,,
2021-08-30,1000.8,1004.6,2021-08-30T10:25:00,998.6,2021-08-30T14:17:00,26.1,27.4,2021-08-30T01:13:00,23.0,2021-08-30T09:57:00,91,84,2021-08-30T15:21:00,8.6,2.0,19.1,359,2021-08-30T22:01:00,74.5,,,,,,,,,,,,,,,,31.5,2021-08-30T11:00:00,,,0,,100,2021-08-30T10:33:00,,,,,,,,,,,,,,,,,,,,,,,,,,,,,,,,,,,,,,,,,,,,,,,,,,,,,,,,,,,,,,,,,,,,,,,,,,
2021-08-31,1001.0,1003.0,2021-08-31T08:47:00,999.4,2021-08-31T02:23:00,26.2,28.0,2021-08-31T14:05:00,23.9,2021-08-31T06:36:00,94,82,2021-08-31T13:19:00,8.7,10.0,19.8,360,2021-08-31T02:25:00,102.5,,,,,,,,,,,,,,,,38.0,2021-08-31T07:00:00,,,0,,100,2021-08-31T02:54:00,,,,,,,,,,,,,,,,,,,,,,,,,,,,,,,,,,,,,,,,,,,,,,,,,,,,,,,,,,,,,,,,,,,,,,,,,,
2021-09-01,1000.6,1001.7,2021-09-01T00:28:00,999.3,2021-09-01T16:08:00,27.7,32.1,2021-09-01T13:22:00,24.9,2021-09-01T01:55:00,87,75,2021-09-01T13:23:00,3.3,345.0,10.2,355,2021-09-01T01:36:00,2.0,,,,,,,,,,,,,,,,1.5,2021-09-01T01:00:00,,,0,,96,2021-09-01T00:08:00,,,,,,,,,,,,,,,,,,,,,,,,,,,,,,,,,,,,,,,,,,,,,,,,,,,,,,,,,,,,,,,,,,,,,,,,,,
2021-09-02,999.4,1001.0,2021-09-02T00:05:00,997.2,2021-09-02T17:20:00,28.4,33.4,2021-09-02T12:56:00,26.4,2021-09-02T05:09:00,83,68,2021-09-02T14:18:00,1.2,42.0,5.5,2,2021-09-02T07:07:00,0.0,,,,,,,,,,,,,,,,0.0,,,,0,,90,2021-09-02T22:55:00,,,,,,,,,,,,,,,,,,,,,,,,,,,,,,,,,,,,,,,,,,,,,,,,,,,,,,,,,,,,,,,,,,,,,,,,,,
2021-09-03,997.9,999.4,2021-09-03T00:01:00,996.6,2021-09-03T16:23:00,28.6,33.7,2021-09-03T11:11:00,26.1,2021-09-03T04:58:00,81,66,2021-09-03T14:24:00,1.1,348.0,7.0,354,2021-09-03T22:30:00,0.0,,,,,,,,,,,,,,,,0.0,,,,0,,90,2021-09-03T01:30:00,,,,,,,,,,,,,,,,,,,,,,,,,,,,,,,,,,,,,,,,,,,,,,,,,,,,,,,,,,,,,,,,,,,,,,,,,,
2021-09-04,998.7,1000.6,2021-09-04T22:08:00,997.4,2021-09-04T03:02:00,27.9,31.0,2021-09-04T14:40:00,25.5,2021-09-04T22:36:00,83,74,2021-09-04T13:08:00,3.6,344.0,8.4,33,2021-09-04T22:29:00,2.0,,,,,,,,,,,,,,,,2.0,2021-09-04T23:00:00,,,0,,95,2021-09-04T22:35:00,,,,,,,,,,,,,,,,,,,,,,,,,,,,,,,,,,,,,,,,,,,,,,,,,,,,,,,,,,,,,,,,,,,,,,,,,,
2021-09-05,999.8,1002.5,2021-09-05T22:16:00,998.1,2021-09-05T03:06:00,26.5,28.0,2021-09-05T15:12:00,24.8,2021-09-05T17:29:00,88,77,2021-09-05T06:00:00,4.4,346.0,10.4,5,2021-09-05T11:25:00,14.5,,,,,,,,,,,,,,,,8.5,2021-09-05T18:00:00,,,0,,98,2021-09-05T10:51:00,,,,,,,,,,,,,,,,,,,,,,,,,,,,,,,,,,,,,,,,,,,,,,,,,,,,,,,,,,,,,,,,,,,,,,,,,,
2021-09-06,1001.1,1002.8,2021-09-06T21:45:00,999.7,2021-09-06T15:16:00,27.8,32.5,2021-09-06T13:56:00,24.9,2021-09-06T02:42:00,87,71,2021-09-06T13:59:00,4.7,32.0,12.4,11,2021-09-06T06:23:00,4.5,,,,,,,,,,,,,,,,2.5,2021-09-06T23:59:00,,,0,,95,2021-09-06T02:39:00,,,,,,,,,,,,,,,,,,,,,,,,,,,,,,,,,,,,,,,,,,,,,,,,,,,,,,,,,,,,,,,,,,,,,,,,,,
2021-09-07,1000.5,1002.2,2021-09-07T00:11:00,999.0,2021-09-07T17:21:00,28.0,30.3,2021-09-07T15:20:00,25.7,2021-09-07T00:20:00,86,77,2021-09-07T16:00:00,3.2,344.0,11.0,17,2021-09-07T01:25:00,2.5,,,,,,,,,,,,,,,,1.5,2021-09-07T01:00:00,,,0,,95,2021-09-07T02:39:00,,,,,,,,,,,,,,,,,,,,,,,,,,,,,,,,,,,,,,,,,,,,,,,,,,,,,,,,,,,,,,,,,,,,,,,,,,
2021-09-08,999.2,1000.8,2021-09-08T00:01:00,998.1,2021-09-08T14:35:00,28.0,30.2,2021-09-08T12:10:00,26.4,2021-09-08T05:45:00,83,75,2021-09-08T12:05:00,4.6,344.0,13.8,35,2021-09-08T23:46:00,0.0,,,,,,,,,,,,,,,,0.0,,,,0,,90,2021-09-08T00:42:00,,,,,,,,,,,,,,,,,,,,,,,,,,,,,,,,,,,,,,,,,,,,,,,,,,,,,,,,,,,,,,,,,,,,,,,,,,
2021-09-09,999.0,1000.4,2021-09-09T22:06:00,998.1,2021-09-09T16:05:00,28.0,29.1,2021-09-09T12:48:00,26.7,2021-09-09T21:03:00,84,77,2021-09-09T00:01:00,9.4,14.0,15.6,31,2021-09-09T02:06:00,0.5,,,,,,,,,,,,,,,,0.5,2021-09-09T21:00:00,,,0,,95,2021-09-09T20:33:00,,,,,,,,,,,,,,,,,,,,,,,,,,,,,,,,,,,,,,,,,,,,,,,,,,,,,,,,,,,,,,,,,,,,,,,,,,
2021-09-10,996.8,999.3,2021-09-10T00:01:00,994.0,2021-09-10T23:53:00,28.3,29.4,2021-09-10T12:35:00,27.2,2021-09-10T03:37:00,86,80,2021-09-10T08:32:00,10.6,15.0,17.1,28,2021-09-10T21:09:00,0.0,,,,,,,,,,,,,,,,0.0,,,,0,,93,2021-09-10T00:27:00,,,,,,,,,,,,,,,,,,,,,,,,,,,,,,,,,,,,,,,,,,,,,,,,,,,,,,,,,,,,,,,,,,,,,,,,,,
2021-09-11,988.6,994.2,2021-09-11T00:01:00,983.3,2021-09-11T16:30:00,25.4,28.4,2021-09-11T00:07:00,23.0,2021-09-11T11:37:00,91,78,2021-09-11T02:13:00,9.3,352.0,29.0,7,2021-09-11T12:36:00,74.0,,,,,,,,,,,,,,,,13.5,2021-09-11T17:00:00,,,0,,100,2021-09-11T08:19:00,,,,,,,,,,,,,,,,,,,,,,,,,,,,,,,,,,,,,,,,,,,,,,,,,,,,,,,,,,,,,,,,,,,,,,,,,,
2021-09-12,987.0,993.8,2021-09-12T23:54:00,981.6,2021-09-12T03:47:00,27.3,28.8,2021-09-12T12:44:00,24.6,2021-09-12T00:01:00,84,74,2021-09-12T18:48:00,4.6,197.0,21.2,276,2021-09-12T17:38:00,21.0,,,,,,,,,,,,,,,,5.5,2021-09-12T03:00:00,,,0,,98,2021-09-12T00:01:00,,,,,,,,,,,,,,,,,,,,,,,,,,,,,,,,,,,,,,,,,,,,,,,,,,,,,,,,,,,,,,,,,,,,,,,,,,
2021-09-13,996.7,1000.4,2021-09-13T23:20:00,992.4,2021-09-13T02:50:00,27.4,30.0,2021-09-13T08:26:00,26.4,2021-09-13T16:44:00,88,79,2021-09-13T01:29:00,3.8,208.0,12.5,244,2021-09-13T03:07:00,7.5,,,,,,,,,,,,,,,,2.0,2021-09-13T10:00:00,,,0,,95,2021-09-13T16:55:00,,,,,,,,,,,,,,,,,,,,,,,,,,,,,,,,,,,,,,,,,,,,,,,,,,,,,,,,,,,,,,,,,,,,,,,,,,
2021-09-14,1000.5,1001.9,2021-09-14T09:42:00,998.7,2021-09-14T16:55:00,29.0,32.2,2021-09-14T11:55:00,26.9,2021-09-14T00:20:00,81,68,2021-09-14T12:14:00,2.2,226.0,12.5,242,2021-09-14T15:09:00,0.0,,,,,,,,,,,,,,,,0.0,,,,0,,92,2021-09-14T00:23:00,,,,,,,,,,,,,,,,,,,,,,,,,,,,,,,,,,,,,,,,,,,,,,,,,,,,,,,,,,,,,,,,,,,,,,,,,,
2021-09-15,1000.3,1001.9,2021-09-15T21:37:00,998.9,2021-09-15T18:07:00,28.3,32.5,2021-09-15T13:19:00,26.1,2021-09-15T19:36:00,82,67,2021-09-15T17:49:00,1.4,2.0,10.0,278,2021-09-15T17:53:00,0.0,,,,,,,,,,,,,,,,0.0,,,,0,,90,2021-09-15T14:41:00,,,,,,,,,,,,,,,,,,,,,,,,,,,,,,,,,,,,,,,,,,,,,,,,,,,,,,,,,,,,,,,,,,,,,,,,,,
2021-09-16,999.2,1000.7,2021-09-16T00:01:00,996.9,2021-09-16T15:40:00,27.3,32.2,2021-09-16T10:36:00,25.1,2021-09-16T13:27:00,88,70,2021-09-16T10:38:00,1.5,56.0,9.8,3,2021-09-16T22:28:00,2.5,,,,,,,,,,,,,,,,1.5,2021-09-16T15:00:00,,,0,,96,2021-09-16T22:10:00,,,,,,,,,,,,,,,,,,,,,,,,,,,,,,,,,,,,,,,,,,,,,,,,,,,,,,,,,,,,,,,,,,,,,,,,,,
2021-09-17,1000.1,1001.9,2021-09-17T21:51:00,998.9,2021-09-17T03:53:00,28.3,32.9,2021-09-17T15:51:00,25.5,2021-09-17T01:29:00,83,69,2021-09-17T15:52:00,1.6,44.0,8.7,31,2021-09-17T22:41:00,0.0,,,,,,,,,,,,,,,,0.0,,,,0,,92,2021-09-17T01:28:00,,,,,,,,,,,,,,,,,,,,,,,,,,,,,,,,,,,,,,,,,,,,,,,,,,,,,,,,,,,,,,,,,,,,,,,,,,
2021-09-18,1001.7,1003.2,2021-09-18T21:32:00,1000.4,2021-09-18T03:34:00,27.8,29.6,2021-09-18T13:32:00,26.5,2021-09-18T04:16:00,86,81,2021-09-18T14:35:00,5.1,15.0,12.7,33,2021-09-18T23:45:00,0.0,,,,,,,,,,,,,,,,0.0,,,,0,,92,2021-09-18T01:50:00,,,,,,,,,,,,,,,,,,,,,,,,,,,,,,,,,,,,,,,,,,,,,,,,,,,,,,,,,,,,,,,,,,,,,,,,,,
2021-09-19,1001.8,1002.7,2021-09-19T00:03:00,1000.9,2021-09-19T03:53:00,27.6,30.1,2021-09-19T13:43:00,26.4,2021-09-19T04:03:00,85,78,2021-09-19T13:45:00,5.0,17.0,12.6,14,2021-09-19T00:41:00,0.5,,,,,,,,,,,,,,,,0.5,2021-09-19T23:59:00,,,0,,90,2021-09-19T01:52:00,,,,,,,,,,,,,,,,,,,,,,,,,,,,,,,,,,,,,,,,,,,,,,,,,,,,,,,,,,,,,,,,,,,,,,,,,,
2021-09-20,1000.9,1002.3,2021-09-20T00:01:00,999.3,2021-09-20T15:29:00,28.9,34.2,2021-09-20T11:38:00,25.6,2021-09-20T01:41:00,84,70,2021-09-20T11:17:00,1.7,10.0,5.6,352,2021-09-20T00:34:00,1.0,,,,,,,,,,,,,,,,1.0,2021-09-20T02:00:00,,,0,,93,2021-09-20T00:39:00,,,,,,,,,,,,,,,,,,,,,,,,,,,,,,,,,,,,,,,,,,,,,,,,,,,,,,,,,,,,,,,,,,,,,,,,,,
2021-09-21,999.8,1001.4,2021-09-21T00:01:00,998.1,2021-09-21T14:29:00,29.1,34.2,2021-09-21T11:05:00,26.9,2021-09-21T01:27:00,83,67,2021-09-21T09:47:00,1.8,348.0,7.4,338,2021-09-21T20:59:00,0.0,,,,,,,,,,,,,,,,0.0,,,,0,,91,2021-09-21T01:27:00,,,,,,,,,,,,,,,,,,,,,,,,,,,,,,,,,,,,,,,,,,,,,,,,,,,,,,,,,,,,,,,,,,,,,,,,,,
2021-09-22,1001.6,1004.4,2021-09-22T22:30:00,999.5,2021-09-22T03:54:00,28.3,32.0,2021-09-22T12:02:00,26.0,2021-09-22T06:31:00,86,74,2021-09-22T12:04:00,1.9,7.0,6.1,14,2021-09-22T08:57:00,1.0,,,,,,,,,,,,,,,,1.0,2021-09-22T07:00:00,,,0,,93,2021-09-22T05:36:00,,,,,,,,,,,,,,,,,,,,,,,,,,,,,,,,,,,,,,,,,,,,,,,,,,,,,,,,,,,,,,,,,,,,,,,,,,
2021-09-23,1003.9,1005.2,2021-09-23T22:57:00,1002.6,2021-09-23T03:35:00,27.9,30.0,2021-09-23T14:28:00,26.6,2021-09-23T04:25:00,86,76,2021-09-23T19:10:00,5.2,55.0,13.4,28,2021-09-23T21:30:00,0.0,,,,,,,,,,,,,,,,0.0,,,,0,,93,2021-09-23T21:35:00,,,,,,,,,,,,,,,,,,,,,,,,,,,,,,,,,,,,,,,,,,,,,,,,,,,,,,,,,,,,,,,,,,,,,,,,,,
2021-09-24,1003.3,1005.0,2021-09-24T00:01:00,1001.7,2021-09-24T22:17:00,27.8,29.2,2021-09-24T12:15:00,25.5,2021-09-24T22:22:00,84,78,2021-09-24T22:11:00,9.0,344.0,22.6,33,2021-09-24T22:10:00,0.5,,,,,,,,,,,,,,,,0.5,2021-09-24T01:00:00,,,0,,90,2021-09-24T22:43:00,,,,,,,,,,,,,,,,,,,,,,,,,,,,,,,,,,,,,,,,,,,,,,,,,,,,,,,,,,,,,,,,,,,,,,,,,,
2021-09-25,1001.7,1002.8,2021-09-25T10:07:00,1000.7,2021-09-25T14:25:00,27.7,28.9,2021-09-25T11:22:00,26.7,2021-09-25T04:37:00,83,78,2021-09-25T23:53:00,10.3,11.0,17.3,17,2021-09-25T21:30:00,0.0,,,,,,,,,,,,,,,,0.0,,,,0,,88,2021-09-25T15:11:00,,,,,,,,,,,,,,,,,,,,,,,,,,,,,,,,,,,,,,,,,,,,,,,,,,,,,,,,,,,,,,,,,,,,,,,,,,
2021-09-26,1000.7,1001.8,2021-09-26T10:10:00,999.4,2021-09-26T15:07:00,27.6,28.8,2021-09-26T13:13:00,26.3,2021-09-26T04:15:00,80,72,2021-09-26T14:34:00,8.9,13.0,15.6,8,2021-09-26T00:02:00,0.0,,,,,,,,,,,,,,,,0.0,,,,0,,86,2021-09-26T21:11:00,,,,,,,,,,,,,,,,,,,,,,,,,,,,,,,,,,,,,,,,,,,,,,,,,,,,,,,,,,,,,,,,,,,,,,,,,,
2021-09-27,999.3,1000.7,2021-09-27T00:01:00,998.0,2021-09-27T14:32:00,27.4,29.6,2021-09-27T12:09:00,24.5,2021-09-27T22:24:00,82,74,2021-09-27T07:16:00,5.2,9.0,11.3,11,2021-09-27T21:32:00,28.5,,,,,,,,,,,,,,,,21.5,2021-09-27T23:00:00,,,0,,97,2021-09-27T22:21:00,,,,,,,,,,,,,,,,,,,,,,,,,,,,,,,,,,,,,,,,,,,,,,,,,,,,,,,,,,,,,,,,,,,,,,,,,,
2021-09-28,998.1,999.6,2021-09-28T00:01:00,996.8,2021-09-28T14:26:00,27.4,29.3,2021-09-28T12:47:00,25.4,2021-09-28T00:12:00,81,73,2021-09-28T10:54:00,4.3,346.0,9.0,350,2021-09-28T05:00:00,4.5,,,,,,,,,,,,,,,,2.0,2021-09-28T22:00:00,,,0,,94,2021-09-28T00:07:00,,,,,,,,,,,,,,,,,,,,,,,,,,,,,,,,,,,,,,,,,,,,,,,,,,,,,,,,,,,,,,,,,,,,,,,,,,
2021-09-29,997.1,998.5,2021-09-29T21:37:00,995.7,2021-09-29T15:38:00,28.0,32.4,2021-09-29T13:04:00,26.0,2021-09-29T05:41:00,82,68,2021-09-29T12:23:00,1.3,339.0,6.2,344,2021-09-29T00:08:00,0.0,,,,,,,,,,,,,,,,0.0,,,,0,,89,2021-09-29T00:01:00,,,,,,,,,,,,,,,,,,,,,,,,,,,,,,,,,,,,,,,,,,,,,,,,,,,,,,,,,,,,,,,,,,,,,,,,,,
2021-09-30,997.8,999.9,2021-09-30T22:26:00,995.9,2021-09-30T03:26:00,28.3,31.8,2021-09-30T13:28:00,26.0,2021-09-30T05:16:00,80,70,2021-09-30T03:35:00,0.8,347.0,6.5,7,2021-09-30T19:58:00,4.0,,,,,,,,,,,,,,,,2.5,2021-09-30T21:00:00,,,0,,94,2021-09-30T20:42:00,,,,,,,,,,,,,,,,,,,,,,,,,,,,,,,,,,,,,,,,,,,,,,,,,,,,,,,,,,,,,,,,,,,,,,,,,,
2021-10-01,999.2,1001.4,2021-10-01T21:36:00,997.3,2021-10-01T15:25:00,28.5,34.1,2021-10-01T11:06:00,26.2,2021-10-01T03:19:00,83,67,2021-10-01T09:46:00,1.3,346.0,7.5,4,2021-10-01T19:36:00,0.5,,,,,,,,,,,,,,,,0.5,2021-10-01T21:00:00,,,0,,93,2021-10-01T20:03:00,,,,,,,,,,,,,,,,,,,,,,,,,,,,,,,,,,,,,,,,,,,,,,,,,,,,,,,,,,,,,,,,,,,,,,,,,,
2021-10-02,1001.3,1003.0,2021-10-02T20:46:00,999.9,2021-10-02T16:27:00,27.2,29.8,2021-10-02T13:05:00,24.4,2021-10-02T20:17:00,86,78,2021-10-02T13:44:00,4.4,345.0,15.9,3,2021-10-02T19:46:00,22.5,,,,,,,,,,,,,,,,9.0,2021-10-02T18:00:00,,,0,,97,2021-10-02T18:15:00,,,,,,,,,,,,,,,,,,,,,,,,,,,,,,,,,,,,,,,,,,,,,,,,,,,,,,,,,,,,,,,,,,,,,,,,,,
2021-10-03,1002.1,1003.4,2021-10-03T11:05:00,1001.0,2021-10-03T15:00:00,27.4,29.1,2021-10-03T13:00:00,25.9,2021-10-03T23:34:00,80,74,2021-10-03T02:12:00,9.2,37.0,22.4,34,2021-10-03T22:26:00,0.0,,,,,,,,,,,,,,,,0.0,,,,0,,86,2021-10-03T19:19:00,,,,,,,,,,,,,,,,,,,,,,,,,,,,,,,,,,,,,,,,,,,,,,,,,,,,,,,,,,,,,,,,,,,,,,,,,,
2021-10-04,1001.8,1003.8,2021-10-04T09:24:00,1000.2,2021-10-04T03:23:00,27.8,29.4,2021-10-04T11:40:00,26.1,2021-10-04T00:01:00,81,74,2021-10-04T04:11:00,12.2,36.0,21.6,40,2021-10-04T23:47:00,0.0,,,,,,,,,,,,,,,,0.0,,,,0,,88,2021-10-04T22:14:00,,,,,,,,,,,,,,,,,,,,,,,,,,,,,,,,,,,,,,,,,,,,,,,,,,,,,,,,,,,,,,,,,,,,,,,,,,
2021-10-05,999.8,1001.4,2021-10-05T00:01:00,998.4,2021-10-05T04:15:00,27.8,29.6,2021-10-05T14:06:00,26.3,2021-10-05T04:55:00,78,65,2021-10-05T10:51:00,14.8,17.0,23.9,14,2021-10-05T05:28:00,0.0,,,,,,,,,,,,,,,,0.0,,,,0,,87,2021-10-05T01:38:00,,,,,,,,,,,,,,,,,,,,,,,,,,,,,,,,,,,,,,,,,,,,,,,,,,,,,,,,,,,,,,,,,,,,,,,,,,
2021-10-06,998.1,1001.5,2021-10-06T05:16:00,995.4,2021-10-06T17:21:00,27.3,29.0,2021-10-06T10:58:00,23.3,2021-10-06T23:37:00,83,72,2021-10-06T02:01:00,11.4,14.0,22.4,35,2021-10-06T20:28:00,25.5,,,,,,,,,,,,,,,,15.0,2021-10-06T23:59:00,,,0,,98,2021-10-06T23:58:00,,,,,,,,,,,,,,,,,,,,,,,,,,,,,,,,,,,,,,,,,,,,,,,,,,,,,,,,,,,,,,,,,,,,,,,,,,
2021-10-07,998.3,1000.2,2021-10-07T22:33:00,996.5,2021-10-07T16:32:00,25.6,28.0,2021-10-07T15:22:00,22.8,2021-10-07T23:42:00,91,79,2021-10-07T09:21:00,7.5,37.0,19.9,30,2021-10-07T01:27:00,65.0,,,,,,,,,,,,,,,,17.0,2021-10-07T02:00:00,,,0,,100,2021-10-07T03:12:00,,,,,,,,,,,,,,,,,,,,,,,,,,,,,,,,,,,,,,,,,,,,,,,,,,,,,,,,,,,,,,,,,,,,,,,,,,
2021-10-08,998.6,1000.5,2021-10-08T21:27:00,997.1,2021-10-08T15:37:00,27.0,28.9,2021-10-08T12:13:00,23.5,2021-10-08T00:01:00,88,78,2021-10-08T08:23:00,6.7,39.0,17.2,34,2021-10-08T15:53:00,4.0,,,,,,,,,,,,,,,,1.5,2021-10-08T16:00:00,,,0,,95,2021-10-08T16:08:00,,,,,,,,,,,,,,,,,,,,,,,,,,,,,,,,,,,,,,,,,,,,,,,,,,,,,,,,,,,,,,,,,,,,,,,,,,
2021-10-09,998.5,1000.7,2021-10-09T09:18:00,997.0,2021-10-09T15:19:00,27.3,28.2,2021-10-09T10:16:00,26.3,2021-10-09T14:27:00,85,75,2021-10-09T09:48:00,10.2,38.0,21.7,36,2021-10-09T17:34:00,0.0,,,,,,,,,,,,,,,,0.0,,,,0,,93,2021-10-09T23:36:00,,,,,,,,,,,,,,,,,,,,,,,,,,,,,,,,,,,,,,,,,,,,,,,,,,,,,,,,,,,,,,,,,,,,,,,,,,
2021-10-10,995.7,998.5,2021-10-10T00:01:00,992.7,2021-10-10T23:26:00,27.8,28.7,2021-10-10T10:10:00,26.4,2021-10-10T23:51:00,81,72,2021-10-10T06:55:00,14.3,16.0,24.1,34,2021-10-10T23:21:00,0.0,,,,,,,,,,,,,,,,0.0,,,,0,,91,2021-10-10T00:02:00,,,,,,,,,,,,,,,,,,,,,,,,,,,,,,,,,,,,,,,,,,,,,,,,,,,,,,,,,,,,,,,,,,,,,,,,,,
2021-10-11,985.9,993.2,2021-10-11T00:01:00,980.4,2021-10-11T17:28:00,26.3,28.5,2021-10-11T05:56:00,23.9,2021-10-11T00:22:00,89,69,2021-10-11T04:56:00,19.9,12.0,39.3,37,2021-10-11T20:59:00,33.5,,,,,,,,,,,,,,,,11.0,2021-10-11T21:00:00,,,0,,100,2021-10-11T16:39:00,,,,,,,,,,,,,,,,,,,,,,,,,,,,,,,,,,,,,,,,,,,,,,,,,,,,,,,,,,,,,,,,,,,,,,,,,,
2021-10-12,990.2,996.0,2021-10-12T22:58:00,984.0,2021-10-12T04:09:00,26.8,28.3,2021-10-12T14:39:00,24.8,2021-10-12T10:06:00,96,84,2021-10-12T15:19:00,4.0,53.0,26.6,39,2021-10-12T04:09:00,81.5,,,,,,,,,,,,,,,,19.5,2021-10-12T10:00:00,,,0,,100,2021-10-12T09:45:00,,,,,,,,,,,,,,,,,,,,,,,,,,,,,,,,,,,,,,,,,,,,,,,,,,,,,,,,,,,,,,,,,,,,,,,,,,
2021-10-13,997.7,1000.2,2021-10-13T22:37:00,995.1,2021-10-13T02:07:00,25.3,27.6,2021-10-13T01:28:00,24.0,2021-10-13T23:50:00,98,94,2021-10-13T01:25:00,5.0,23.0,15.0,24,2021-10-13T07:49:00,73.0,,,,,,,,,,,,,,,,10.0,2021-10-13T22:00:00,,,0,,100,2021-10-13T13:27:00,,,,,,,,,,,,,,,,,,,,,,,,,,,,,,,,,,,,,,,,,,,,,,,,,,,,,,,,,,,,,,,,,,,,,,,,,,
2021-10-14,999.4,1001.7,2021-10-14T08:17:00,997.3,2021-10-14T02:56:00,24.7,25.9,2021-10-14T12:42:00,23.1,2021-10-15T00:00:00,98,92,2021-10-14T15:22:00,7.7,14.0,22.2,40,2021-10-14T20:21:00,140.5,,,,,,,,,,,,,,,,30.5,2021-10-14T04:00:00,,,0,,100,2021-10-14T00:36:00,,,,,,,,,,,,,,,,,,,,,,,,,,,,,,,,,,,,,,,,,,,,,,,,,,,,,,,,,,,,,,,,,,,,,,,,,,
2021-10-15,999.5,1001.3,2021-10-15T20:39:00,997.7,2021-10-15T04:33:00,26.3,27.7,2021-10-15T10:37:00,23.1,2021-10-15T00:01:00,87,77,2021-10-15T20:48:00,11.7,27.0,19.5,38,2021-10-15T10:51:00,15.5,,,,,,,,,,,,,,,,8.5,2021-10-15T01:00:00,,,0,,100,2021-10-15T00:01:00,,,,,,,,,,,,,,,,,,,,,,,,,,,,,,,,,,,,,,,,,,,,,,,,,,,,,,,,,,,,,,,,,,,,,,,,,,
2021-10-16,1002.0,1004.8,2021-10-16T23:17:00,999.1,2021-10-16T02:00:00,26.6,29.2,2021-10-16T13:21:00,23.8,2021-10-16T03:28:00,82,75,2021-10-16T02:51:00,10.7,25.0,17.9,31,2021-10-16T07:57:00,0.5,,,,,,,,,,,,,,,,0.5,2021-10-16T04:00:00,,,0,,93,2021-10-16T03:27:00,,,,,,,,,,,,,,,,,,,,,,,,,,,,,,,,,,,,,,,,,,,,,,,,,,,,,,,,,,,,,,,,,,,,,,,,,,
2021-10-17,1004.2,1006.3,2021-10-17T21:44:00,1002.5,2021-10-17T14:32:00,24.7,26.5,2021-10-17T00:01:00,23.2,2021-10-17T05:53:00,81,72,2021-10-17T23:48:00,18.5,25.0,30.7,35,2021-10-17T08:31:00,1.0,,,,,,,,,,,,,,,,0.5,2021-10-17T06:00:00,,,0,,97,2021-10-17T05:36:00,,,,,,,,,,,,,,,,,,,,,,,,,,,,,,,,,,,,,,,,,,,,,,,,,,,,,,,,,,,,,,,,,,,,,,,,,,
2021-10-18,1006.2,1008.1,2021-10-18T21:47:00,1004.6,2021-10-18T14:53:00,24.2,25.2,2021-10-18T12:33:00,23.4,2021-10-18T08:10:00,76,71,2021-10-18T12:12:00,10.6,19.0,22.0,22,2021-10-18T00:06:00,0.0,,,,,,,,,,,,,,,,0.0,,,,0,,86,2021-10-18T08:10:00,,,,,,,,,,,,,,,,,,,,,,,,,,,,,,,,,,,,,,,,,,,,,,,,,,,,,,,,,,,,,,,,,,,,,,,,,,
2021-10-19,1006.6,1008.7,2021-10-19T08:51:00,1004.6,2021-10-19T15:05:00,24.9,26.6,2021-10-19T11:51:00,23.6,2021-10-19T00:33:00,77,68,2021-10-19T10:28:00,5.7,347.0,13.9,34,2021-10-19T22:48:00,0.0,,,,,,,,,,,,,,,,0.0,,,,0,,93,2021-10-20T00:00:00,,,,,,,,,,,,,,,,,,,,,,,,,,,,,,,,,,,,,,,,,,,,,,,,,,,,,,,,,,,,,,,,,,,,,,,,,,
2021-10-20,1005.3,1007.2,2021-10-20T08:40:00,1003.8,2021-10-20T16:05:00,24.8,27.2,2021-10-20T11:52:00,23.0,2021-10-20T05:08:00,85,79,2021-10-20T11:53:00,3.4,16.0,13.0,24,2021-10-20T02:19:00,0.0,,,,,,,,,,,,,,,,0.0,,,,0,,94,2021-10-20T00:24:00,,,,,,,,,,,,,,,,,,,,,,,,,,,,,,,,,,,,,,,,,,,,,,,,,,,,,,,,,,,,,,,,,,,,,,,,,,
2021-10-21,1002.4,1004.5,2021-10-21T22:17:00,1000.6,2021-10-21T14:48:00,25.9,30.2,2021-10-21T10:55:00,23.4,2021-10-21T03:20:00,83,69,2021-10-21T10:35:00,4.0,13.0,16.8,35,2021-10-21T20:33:00,0.0,,,,,,,,,,,,,,,,0.0,,,,0,,97,2021-10-21T21:38:00,,,,,,,,,,,,,,,,,,,,,,,,,,,,,,,,,,,,,,,,,,,,,,,,,,,,,,,,,,,,,,,,,,,,,,,,,,
2021-10-22,1004.9,1007.2,2021-10-22T22:08:00,1002.7,2021-10-22T02:10:00,24.3,25.6,2021-10-22T12:02:00,22.6,2021-10-22T04:51:00,82,71,2021-10-22T12:19:00,13.3,26.0,23.6,13,2021-10-22T17:05:00,1.0,,,,,,,,,,,,,,,,0.5,2021-10-22T02:00:00,,,0,,95,2021-10-22T00:54:00,,,,,,,,,,,,,,,,,,,,,,,,,,,,,,,,,,,,,,,,,,,,,,,,,,,,,,,,,,,,,,,,,,,,,,,,,,
2021-10-23,1006.5,1008.0,2021-10-23T08:45:00,1005.0,2021-10-23T14:46:00,24.1,25.0,2021-10-23T09:54:00,23.2,2021-10-23T07:13:00,79,71,2021-10-23T15:19:00,13.8,20.0,22.1,36,2021-10-23T02:24:00,0.0,,,,,,,,,,,,,,,,0.0,,,,0,,86,2021-10-23T02:05:00,,,,,,,,,,,,,,,,,,,,,,,,,,,,,,,,,,,,,,,,,,,,,,,,,,,,,,,,,,,,,,,,,,,,,,,,,,
2021-10-24,1005.3,1007.3,2021-10-24T00:01:00,1003.5,2021-10-24T14:41:00,24.6,25.9,2021-10-24T12:11:00,22.9,2021-10-24T05:46:00,82,76,2021-10-24T10:36:00,8.4,8.0,17.7,26,2021-10-24T00:51:00,0.0,,,,,,,,,,,,,,,,0.0,,,,0,,86,2021-10-24T15:47:00,,,,,,,,,,,,,,,,,,,,,,,,,,,,,,,,,,,,,,,,,,,,,,,,,,,,,,,,,,,,,,,,,,,,,,,,,,
2021-10-25,1003.4,1005.2,2021-10-25T08:33:00,1001.8,2021-10-25T14:02:00,24.8,26.2,2021-10-25T13:45:00,23.2,2021-10-25T03:52:00,84,76,2021-10-25T00:09:00,11.3,11.0,22.0,38,2021-10-25T21:57:00,1.5,,,,,,,,,,,,,,,,0.5,2021-10-25T19:00:00,,,0,,96,2021-10-25T22:37:00,,,,,,,,,,,,,,,,,,,,,,,,,,,,,,,,,,,,,,,,,,,,,,,,,,,,,,,,,,,,,,,,,,,,,,,,,,
2021-10-26,1004.4,1006.2,2021-10-26T22:13:00,1002.7,2021-10-26T04:48:00,24.7,26.5,2021-10-26T14:31:00,22.8,2021-10-26T22:36:00,81,72,2021-10-26T09:20:00,8.1,12.0,20.4,14,2021-10-26T00:32:00,2.0,,,,,,,,,,,,,,,,1.0,2021-10-26T23:00:00,,,0,,94,2021-10-26T22:26:00,,,,,,,,,,,,,,,,,,,,,,,,,,,,,,,,,,,,,,,,,,,,,,,,,,,,,,,,,,,,,,,,,,,,,,,,,,
2021-10-27,1005.7,1007.6,2021-10-27T09:41:00,1004.2,2021-10-27T14:30:00,24.0,26.1,2021-10-27T13:08:00,21.9,2021-10-27T20:18:00,87,75,2021-10-27T12:47:00,7.1,19.0,16.7,35,2021-10-27T07:45:00,12.5,,,,,,,,,,,,,,,,5.0,2021-10-27T22:00:00,,,0,,97,2021-10-27T20:29:00,,,,,,,,,,,,,,,,,,,,,,,,,,,,,,,,,,,,,,,,,,,,,,,,,,,,,,,,,,,,,,,,,,,,,,,,,,
2021-10-28,1006.6,1008.2,2021-10-28T21:11:00,1005.0,2021-10-28T02:54:00,23.7,24.9,2021-10-28T12:49:00,22.4,2021-10-28T07:22:00,82,74,2021-10-28T21:45:00,9.8,27.0,17.3,38,2021-10-28T18:00:00,1.5,,,,,,,,,,,,,,,,1.5,2021-10-28T08:00:00,,,0,,95,2021-10-28T07:25:00,,,,,,,,,,,,,,,,,,,,,,,,,,,,,,,,,,,,,,,,,,,,,,,,,,,,,,,,,,,,,,,,,,,,,,,,,,
2021-10-29,1007.0,1008.7,2021-10-29T08:35:00,1005.4,2021-10-29T14:25:00,23.7,25.5,2021-10-29T11:59:00,21.6,2021-10-29T20:22:00,79,65,2021-10-29T10:02:00,6.8,7.0,14.4,35,2021-10-29T01:42:00,5.0,,,,,,,,,,,,,,,,3.5,2021-10-29T21:00:00,,,0,,96,2021-10-29T19:46:00,,,,,,,,,,,,,,,,,,,,,,,,,,,,,,,,,,,,,,,,,,,,,,,,,,,,,,,,,,,,,,,,,,,,,,,,,,
2021-10-30,1007.5,1008.8,2021-10-30T08:57:00,1006.4,2021-10-30T13:49:00,23.8,25.8,2021-10-30T11:06:00,22.1,2021-10-30T00:01:00,79,70,2021-10-30T09:39:00,5.2,348.0,16.1,35,2021-10-30T22:18:00,1.0,,,,,,,,,,,,,,,,0.5,2021-10-30T20:00:00,,,0,,91,2021-10-30T19:41:00,,,,,,,,,,,,,,,,,,,,,,,,,,,,,,,,,,,,,,,,,,,,,,,,,,,,,,,,,,,,,,,,,,,,,,,,,,
2021-10-31,1006.7,1008.3,2021-10-31T21:12:00,1005.4,2021-10-31T15:10:00,24.6,26.1,2021-10-31T14:18:00,23.4,2021-10-31T06:17:00,83,76,2021-10-31T09:09:00,9.1,27.0,18.6,37,2021-10-31T07:38:00,0.0,,,,,,,,,,,,,,,,0.0,,,,0,,92,2021-10-31T21:02:00,,,,,,,,,,,,,,,,,,,,,,,,,,,,,,,,,,,,,,,,,,,,,,,,,,,,,,,,,,,,,,,,,,,,,,,,,,
2021-11-01,1007.1,1008.6,2021-11-01T09:05:00,1005.6,2021-11-01T14:33:00,24.1,25.6,2021-11-01T10:41:00,22.5,2021-11-01T19:27:00,87,76,2021-11-01T16:53:00,9.1,13.0,17.5,15,2021-11-01T21:32:00,3.5,,,,,,,,,,,,,,,,3.5,2021-11-01T01:00:00,,,0,,96,2021-11-01T00:40:00,,,,,,,,,,,,,,,,,,,,,,,,,,,,,,,,,,,,,,,,,,,,,,,,,,,,,,,,,,,,,,,,,,,,,,,,,,
2021-11-02,1006.3,1008.0,2021-11-02T08:45:00,1004.7,2021-11-02T14:35:00,24.7,25.8,2021-11-02T12:14:00,23.7,2021-11-02T06:48:00,81,73,2021-11-02T11:33:00,10.5,12.0,16.8,20,2021-11-02T06:14:00,0.0,,,,,,,,,,,,,,,,0.0,,,,0,,87,2021-11-02T00:11:00,,,,,,,,,,,,,,,,,,,,,,,,,,,,,,,,,,,,,,,,,,,,,,,,,,,,,,,,,,,,,,,,,,,,,,,,,,
2021-11-03,1005.5,1006.8,2021-11-03T09:15:00,1003.7,2021-11-03T16:14:00,24.2,25.8,2021-11-03T12:12:00,22.7,2021-11-03T22:49:00,85,75,2021-11-03T09:45:00,5.6,9.0,14.9,360,2021-11-03T10:45:00,5.0,,,,,,,,,,,,,,,,2.5,2021-11-03T22:00:00,,,0,,97,2021-11-03T22:33:00,,,,,,,,,,,,,,,,,,,,,,,,,,,,,,,,,,,,,,,,,,,,,,,,,,,,,,,,,,,,,,,,,,,,,,,,,,
2021-11-04,1004.2,1006.0,2021-11-04T00:01:00,1002.7,2021-11-04T15:29:00,24.1,25.6,2021-11-04T12:10:00,22.0,2021-11-04T02:41:00,90,83,2021-11-04T09:38:00,8.0,2.0,17.6,14,2021-11-05T00:00:00,3.0,,,,,,,,,,,,,,,,1.5,2021-11-04T01:00:00,,,0,,99,2021-11-04T00:41:00,,,,,,,,,,,,,,,,,,,,,,,,,,,,,,,,,,,,,,,,,,,,,,,,,,,,,,,,,,,,,,,,,,,,,,,,,,
2021-11-05,1002.2,1004.5,2021-11-05T08:37:00,1000.1,2021-11-05T16:48:00,24.6,28.5,2021-11-05T14:55:00,22.2,2021-11-05T01:43:00,89,72,2021-11-05T14:58:00,2.7,347.0,18.2,7,2021-11-05T00:06:00,9.5,,,,,,,,,,,,,,,,3.0,2021-11-05T01:00:00,,,0,,99,2021-11-05T00:46:00,,,,,,,,,,,,,,,,,,,,,,,,,,,,,,,,,,,,,,,,,,,,,,,,,,,,,,,,,,,,,,,,,,,,,,,,,,
2021-11-06,999.2,1000.8,2021-11-06T23:47:00,997.2,2021-11-06T13:59:00,27.4,32.1,2021-11-06T10:43:00,25.0,2021-11-06T01:03:00,83,70,2021-11-06T09:11:00,1.1,25.0,15.0,9,2021-11-06T23:10:00,0.0,,,,,,,,,,,,,,,,0.0,,,,0,,95,2021-11-06T23:43:00,,,,,,,,,,,,,,,,,,,,,,,,,,,,,,,,,,,,,,,,,,,,,,,,,,,,,,,,,,,,,,,,,,,,,,,,,,
2021-11-07,1001.2,1002.6,2021-11-07T09:24:00,999.4,2021-11-07T02:27:00,25.3,26.2,2021-11-07T13:14:00,24.6,2021-11-07T00:50:00,87,82,2021-11-07T20:17:00,8.2,16.0,15.7,6,2021-11-07T07:14:00,0.5,,,,,,,,,,,,,,,,0.5,2021-11-07T07:00:00,,,0,,95,2021-11-07T00:01:00,,,,,,,,,,,,,,,,,,,,,,,,,,,,,,,,,,,,,,,,,,,,,,,,,,,,,,,,,,,,,,,,,,,,,,,,,,
2021-11-08,1002.2,1004.1,2021-11-08T09:09:00,999.7,2021-11-08T13:21:00,24.1,28.6,2021-11-08T08:34:00,21.0,2021-11-08T23:33:00,84,71,2021-11-08T07:18:00,8.5,14.0,21.8,20,2021-11-08T18:41:00,0.0,,,,,,,,,,,,,,,,0.0,,,,0,,90,2021-11-08T13:32:00,,,,,,,,,,,,,,,,,,,,,,,,,,,,,,,,,,,,,,,,,,,,,,,,,,,,,,,,,,,,,,,,,,,,,,,,,,
2021-11-09,1004.3,1006.6,2021-11-09T08:34:00,1002.7,2021-11-09T01:22:00,21.0,22.1,2021-11-09T12:54:00,20.4,2021-11-09T03:38:00,79,73,2021-11-09T08:34:00,12.1,8.0,20.3,6,2021-11-09T01:42:00,0.0,,,,,,,,,,,,,,,,0.0,,,,0,,87,2021-11-09T01:18:00,,,,,,,,,,,,,,,,,,,,,,,,,,,,,,,,,,,,,,,,,,,,,,,,,,,,,,,,,,,,,,,,,,,,,,,,,,
2021-11-10,1004.2,1005.5,2021-11-10T08:22:00,1002.6,2021-11-10T14:54:00,20.7,21.5,2021-11-10T09:01:00,19.8,2021-11-10T05:18:00,78,73,2021-11-10T23:51:00,9.2,15.0,17.0,1,2021-11-10T21:37:00,0.0,,,,,,,,,,,,,,,,0.0,,,,0,,84,2021-11-10T08:10:00,,,,,,,,,,,,,,,,,,,,,,,,,,,,,,,,,,,,,,,,,,,,,,,,,,,,,,,,,,,,,,,,,,,,,,,,,,
2021-11-11,1004.2,1005.9,2021-11-11T08:51:00,1002.3,2021-11-11T15:41:00,22.0,23.2,2021-11-11T19:51:00,20.0,2021-11-11T02:27:00,75,69,2021-11-11T19:31:00,10.0,19.0,17.4,19,2021-11-11T21:18:00,0.0,,,,,,,,,,,,,,,,0.0,,,,0,,80,2021-11-11T05:55:00,,,,,,,,,,,,,,,,,,,,,,,,,,,,,,,,,,,,,,,,,,,,,,,,,,,,,,,,,,,,,,,,,,,,,,,,,,
2021-11-12,1005.2,1007.8,2021-11-12T08:54:00,1003.8,2021-11-12T01:16:00,22.0,22.5,2021-11-12T00:15:00,20.6,2021-11-12T11:05:00,75,69,2021-11-12T16:13:00,12.7,18.0,19.7,31,2021-11-12T20:00:00,0.5,,,,,,,,,,,,,,,,0.5,2021-11-12T11:00:00,,,0,,88,2021-11-12T11:09:00,,,,,,,,,,,,,,,,,,,,,,,,,,,,,,,,,,,,,,,,,,,,,,,,,,,,,,,,,,,,,,,,,,,,,,,,,,
2021-11-13,1003.7,1005.5,2021-11-13T08:48:00,1001.3,2021-11-13T15:10:00,22.5,23.4,2021-11-13T11:39:00,21.2,2021-11-13T06:14:00,80,74,2021-11-13T02:31:00,10.5,16.0,16.7,11,2021-11-13T00:27:00,0.0,,,,,,,,,,,,,,,,0.0,,,,0,,86,2021-11-13T10:32:00,,,,,,,,,,,,,,,,,,,,,,,,,,,,,,,,,,,,,,,,,,,,,,,,,,,,,,,,,,,,,,,,,,,,,,,,,,
2021-11-14,1003.5,1005.5,2021-11-14T08:49:00,1001.7,2021-11-14T15:52:00,22.5,23.9,2021-11-14T11:15:00,21.1,2021-11-14T04:53:00,79,72,2021-11-14T21:48:00,11.0,12.0,19.5,10,2021-11-14T18:39:00,0.0,,,,,,,,,,,,,,,,0.0,,,,0,,85,2021-11-14T00:48:00,,,,,,,,,,,,,,,,,,,,,,,,,,,,,,,,,,,,,,,,,,,,,,,,,,,,,,,,,,,,,,,,,,,,,,,,,,
2021-11-15,1003.5,1005.3,2021-11-15T07:52:00,1001.8,2021-11-15T14:30:00,23.2,24.5,2021-11-15T12:05:00,21.8,2021-11-15T03:09:00,77,73,2021-11-15T03:40:00,12.2,7.0,18.6,38,2021-11-15T19:34:00,0.0,,,,,,,,,,,,,,,,0.0,,,,0,,88,2021-11-15T23:25:00,,,,,,,,,,,,,,,,,,,,,,,,,,,,,,,,,,,,,,,,,,,,,,,,,,,,,,,,,,,,,,,,,,,,,,,,,,
2021-11-16,1003.7,1005.4,2021-11-16T09:20:00,1001.9,2021-11-16T14:16:00,24.1,25.0,2021-11-16T11:51:00,22.6,2021-11-16T00:11:00,76,71,2021-11-16T05:27:00,10.7,11.0,18.0,11,2021-11-16T01:14:00,0.0,,,,,,,,,,,,,,,,0.0,,,,0,,86,2021-11-16T00:11:00,,,,,,,,,,,,,,,,,,,,,,,,,,,,,,,,,,,,,,,,,,,,,,,,,,,,,,,,,,,,,,,,,,,,,,,,,,
2021-11-17,1003.3,1005.6,2021-11-17T09:57:00,1001.5,2021-11-17T15:11:00,23.5,24.9,2021-11-17T15:36:00,21.1,2021-11-17T09:45:00,83,73,2021-11-17T22:28:00,7.0,6.0,17.5,17,2021-11-17T07:53:00,0.5,,,,,,,,,,,,,,,,0.5,2021-11-17T13:00:00,,,0,,96,2021-11-17T09:40:00,,,,,,,,,,,,,,,,,,,,,,,,,,,,,,,,,,,,,,,,,,,,,,,,,,,,,,,,,,,,,,,,,,,,,,,,,,
2021-11-18,999.6,1002.3,2021-11-18T00:12:00,997.5,2021-11-18T14:59:00,24.6,26.7,2021-11-18T11:07:00,23.4,2021-11-18T05:41:00,82,71,2021-11-18T02:25:00,4.3,6.0,13.0,10,2021-11-18T22:56:00,0.0,,,,,,,,,,,,,,,,0.0,,,,0,,93,2021-11-18T18:38:00,,,,,,,,,,,,,,,,,,,,,,,,,,,,,,,,,,,,,,,,,,,,,,,,,,,,,,,,,,,,,,,,,,,,,,,,,,
2021-11-19,998.2,999.8,2021-11-19T08:18:00,996.7,2021-11-19T15:58:00,24.6,26.1,2021-11-19T13:36:00,23.2,2021-11-19T03:45:00,82,74,2021-11-19T10:01:00,7.3,12.0,17.2,34,2021-11-19T19:19:00,0.0,,,,,,,,,,,,,,,,0.0,,,,0,,89,2021-11-19T00:07:00,,,,,,,,,,,,,,,,,,,,,,,,,,,,,,,,,,,,,,,,,,,,,,,,,,,,,,,,,,,,,,,,,,,,,,,,,,
2021-11-20,1000.0,1002.6,2021-11-20T21:58:00,997.6,2021-11-20T02:09:00,23.6,24.4,2021-11-20T10:45:00,21.5,2021-11-20T22:43:00,86,81,2021-11-20T00:01:00,9.7,12.0,18.3,32,2021-11-20T08:34:00,0.0,,,,,,,,,,,,,,,,0.0,,,,0,,96,2021-11-20T22:09:00,,,,,,,,,,,,,,,,,,,,,,,,,,,,,,,,,,,,,,,,,,,,,,,,,,,,,,,,,,,,,,,,,,,,,,,,,,
2021-11-21,1000.9,1002.7,2021-11-21T08:39:00,999.5,2021-11-21T15:19:00,23.8,25.4,2021-11-21T13:37:00,22.1,2021-11-21T00:01:00,85,77,2021-11-21T23:32:00,4.7,1.0,13.4,18,2021-11-21T03:38:00,0.0,,,,,,,,,,,,,,,,0.0,,,,0,,93,2021-11-21T03:18:00,,,,,,,,,,,,,,,,,,,,,,,,,,,,,,,,,,,,,,,,,,,,,,,,,,,,,,,,,,,,,,,,,,,,,,,,,,
2021-11-22,1001.3,1004.5,2021-11-22T22:28:00,999.2,2021-11-22T03:19:00,23.5,26.5,2021-11-22T12:37:00,20.8,2021-11-23T00:00:00,80,73,2021-11-22T06:54:00,8.9,17.0,23.4,16,2021-11-22T22:31:00,0.5,,,,,,,,,,,,,,,,0.5,2021-11-22T13:00:00,,,0,,91,2021-11-22T14:15:00,,,,,,,,,,,,,,,,,,,,,,,,,,,,,,,,,,,,,,,,,,,,,,,,,,,,,,,,,,,,,,,,,,,,,,,,,,
2021-11-23,1005.3,1007.3,2021-11-23T20:58:00,1003.1,2021-11-23T01:56:00,21.0,22.0,2021-11-23T12:12:00,20.5,2021-11-23T01:52:00,76,72,2021-11-23T12:37:00,13.0,10.0,22.5,37,2021-11-23T00:07:00,0.0,,,,,,,,,,,,,,,,0.0,,,,0,,83,2021-11-23T00:03:00,,,,,,,,,,,,,,,,,,,,,,,,,,,,,,,,,,,,,,,,,,,,,,,,,,,,,,,,,,,,,,,,,,,,,,,,,,
2021-11-24,1005.3,1007.0,2021-11-24T00:02:00,1003.8,2021-11-24T14:41:00,21.7,22.6,2021-11-24T13:56:00,20.8,2021-11-24T01:57:00,79,74,2021-11-24T16:14:00,12.5,7.0,19.6,9,2021-11-24T09:16:00,0.0,,,,,,,,,,,,,,,,0.0,,,,0,,83,2021-11-24T05:03:00,,,,,,,,,,,,,,,,,,,,,,,,,,,,,,,,,,,,,,,,,,,,,,,,,,,,,,,,,,,,,,,,,,,,,,,,,,
2021-11-25,1003.8,1005.7,2021-11-25T08:43:00,1002.3,2021-11-25T15:00:00,21.9,22.9,2021-11-25T20:07:00,20.9,2021-11-25T08:40:00,85,73,2021-11-25T01:37:00,9.9,3.0,18.8,17,2021-11-25T20:28:00,12.0,,,,,,,,,,,,,,,,3.0,2021-11-25T16:00:00,,,0,,96,2021-11-25T22:01:00,,,,,,,,,,,,,,,,,,,,,,,,,,,,,,,,,,,,,,,,,,,,,,,,,,,,,,,,,,,,,,,,,,,,,,,,,,
2021-11-26,1003.3,1005.3,2021-11-26T08:14:00,1001.8,2021-11-26T14:07:00,22.7,24.3,2021-11-26T18:12:00,20.9,2021-11-26T07:12:00,90,82,2021-11-26T23:48:00,13.2,12.0,26.5,37,2021-11-26T21:19:00,0.5,,,,,,,,,,,,,,,,0.5,2021-11-26T06:00:00,,,0,,99,2021-11-26T06:53:00,,,,,,,,,,,,,,,,,,,,,,,,,,,,,,,,,,,,,,,,,,,,,,,,,,,,,,,,,,,,,,,,,,,,,,,,,,
2021-11-27,1004.7,1007.1,2021-11-27T20:18:00,1002.9,2021-11-27T05:55:00,22.6,23.8,2021-11-27T10:43:00,20.5,2021-11-27T20:00:00,80,71,2021-11-27T11:29:00,19.3,13.0,29.5,35,2021-11-27T09:36:00,0.5,,,,,,,,,,,,,,,,0.5,2021-11-27T21:00:00,,,0,,92,2021-11-27T20:20:00,,,,,,,,,,,,,,,,,,,,,,,,,,,,,,,,,,,,,,,,,,,,,,,,,,,,,,,,,,,,,,,,,,,,,,,,,,
2021-11-28,1004.3,1006.8,2021-11-28T09:10:00,1002.2,2021-11-28T15:31:00,21.6,22.6,2021-11-28T11:05:00,19.9,2021-11-28T02:53:00,89,74,2021-11-28T00:01:00,17.0,20.0,25.5,9,2021-11-28T02:03:00,5.5,,,,,,,,,,,,,,,,2.5,2021-11-28T20:00:00,,,0,,99,2021-11-28T19:26:00,,,,,,,,,,,,,,,,,,,,,,,,,,,,,,,,,,,,,,,,,,,,,,,,,,,,,,,,,,,,,,,,,,,,,,,,,,
2021-11-29,1002.6,1004.4,2021-11-29T10:21:00,1001.1,2021-11-29T13:15:00,21.3,22.3,2021-11-29T16:10:00,20.5,2021-11-29T04:08:00,99,91,2021-11-29T02:26:00,12.2,18.0,23.2,29,2021-11-29T12:20:00,65.0,,,,,,,,,,,,,,,,8.0,2021-11-29T14:00:00,,,0,,100,2021-11-29T04:14:00,,,,,,,,,,,,,,,,,,,,,,,,,,,,,,,,,,,,,,,,,,,,,,,,,,,,,,,,,,,,,,,,,,,,,,,,,,
2021-11-30,1001.5,1003.3,2021-11-30T08:38:00,999.9,2021-11-30T14:21:00,22.9,27.8,2021-11-30T12:38:00,20.1,2021-11-30T06:36:00,87,62,2021-11-30T10:21:00,7.6,342.0,25.5,11,2021-11-30T22:39:00,8.0,,,,,,,,,,,,,,,,2.5,2021-11-30T04:00:00,,,0,,100,2021-11-30T00:01:00,,,,,,,,,,,,,,,,,,,,,,,,,,,,,,,,,,,,,,,,,,,,,,,,,,,,,,,,,,,,,,,,,,,,,,,,,,
2021-12-01,1004.9,1007.3,2021-12-01T09:51:00,1001.2,2021-12-01T01:10:00,19.4,21.6,2021-12-01T00:15:00,18.6,2021-12-01T07:11:00,73,56,2021-12-01T23:52:00,17.5,13.0,27.8,33,2021-12-01T06:06:00,2.5,,,,,,,,,,,,,,,,1.5,2021-12-01T03:00:00,,,0,,93,2021-12-01T02:00:00,,,,,,,,,,,,,,,,,,,,,,,,,,,,,,,,,,,,,,,,,,,,,,,,,,,,,,,,,,,,,,,,,,,,,,,,,,
2021-12-02,1005.4,1007.0,2021-12-02T08:08:00,1003.2,2021-12-02T15:18:00,20.2,21.7,2021-12-02T12:18:00,18.4,2021-12-02T07:05:00,66,53,2021-12-02T05:29:00,10.8,12.0,19.1,1,2021-12-02T00:54:00,0.0,,,,,,,,,,,,,,,,0.0,,,,0,,85,2021-12-02T21:38:00,,,,,,,,,,,,,,,,,,,,,,,,,,,,,,,,,,,,,,,,,,,,,,,,,,,,,,,,,,,,,,,,,,,,,,,,,,
2021-12-03,1006.3,1009.3,2021-12-03T20:22:00,1004.2,2021-12-03T14:28:00,19.6,20.9,2021-12-03T12:15:00,18.0,2021-12-03T03:34:00,71,67,2021-12-03T01:38:00,12.0,16.0,21.3,9,2021-12-03T08:16:00,0.5,,,,,,,,,,,,,,,,0.5,2021-12-03T04:00:00,,,0,,83,2021-12-03T03:32:00,,,,,,,,,,,,,,,,,,,,,,,,,,,,,,,,,,,,,,,,,,,,,,,,,,,,,,,,,,,,,,,,,,,,,,,,,,
2021-12-04,1007.3,1009.3,2021-12-04T09:15:00,1005.8,2021-12-04T03:38:00,20.0,21.3,2021-12-04T15:07:00,18.0,2021-12-04T06:11:00,63,52,2021-12-04T22:39:00,15.3,21.0,25.1,37,2021-12-04T17:36:00,0.5,,,,,,,,,,,,,,,,0.5,2021-12-04T16:00:00,,,0,,74,2021-12-04T04:39:00,,,,,,,,,,,,,,,,,,,,,,,,,,,,,,,,,,,,,,,,,,,,,,,,,,,,,,,,,,,,,,,,,,,,,,,,,,
2021-12-05,1005.8,1008.7,2021-12-05T08:03:00,1004.0,2021-12-05T15:48:00,21.2,22.3,2021-12-05T13:30:00,18.7,2021-12-05T08:28:00,69,49,2021-12-05T03:27:00,11.6,17.0,21.5,16,2021-12-05T11:07:00,0.0,,,,,,,,,,,,,,,,0.0,,,,0,,90,2021-12-05T08:32:00,,,,,,,,,,,,,,,,,,,,,,,,,,,,,,,,,,,,,,,,,,,,,,,,,,,,,,,,,,,,,,,,,,,,,,,,,,
2021-12-06,1004.2,1005.5,2021-12-06T23:16:00,1003.0,2021-12-06T14:51:00,21.7,23.5,2021-12-06T11:48:00,19.5,2021-12-06T00:24:00,76,68,2021-12-06T01:18:00,8.8,36.0,22.5,32,2021-12-06T23:27:00,0.0,,,,,,,,,,,,,,,,0.0,,,,0,,90,2021-12-06T17:40:00,,,,,,,,,,,,,,,,,,,,,,,,,,,,,,,,,,,,,,,,,,,,,,,,,,,,,,,,,,,,,,,,,,,,,,,,,,
2021-12-07,1005.7,1008.1,2021-12-07T23:57:00,1003.6,2021-12-07T03:45:00,21.2,22.5,2021-12-07T05:06:00,19.3,2021-12-07T15:25:00,81,67,2021-12-07T03:53:00,15.6,18.0,26.9,39,2021-12-07T17:27:00,2.0,,,,,,,,,,,,,,,,1.0,2021-12-07T14:00:00,,,0,,96,2021-12-07T13:37:00,,,,,,,,,,,,,,,,,,,,,,,,,,,,,,,,,,,,,,,,,,,,,,,,,,,,,,,,,,,,,,,,,,,,,,,,,,
2021-12-08,1008.2,1010.1,2021-12-08T09:16:00,1006.6,2021-12-08T03:29:00,21.6,22.4,2021-12-08T11:50:00,20.5,2021-12-08T02:32:00,64,51,2021-12-08T20:03:00,13.8,8.0,21.6,38,2021-12-08T10:55:00,0.0,,,,,,,,,,,,,,,,0.0,,,,0,,78,2021-12-08T00:04:00,,,,,,,,,,,,,,,,,,,,,,,,,,,,,,,,,,,,,,,,,,,,,,,,,,,,,,,,,,,,,,,,,,,,,,,,,,
2021-12-09,1007.6,1009.7,2021-12-09T08:47:00,1006.2,2021-12-09T23:18:00,21.7,22.8,2021-12-09T10:57:00,19.4,2021-12-09T02:46:00,77,66,2021-12-09T00:55:00,9.7,25.0,21.2,40,2021-12-09T01:38:00,1.0,,,,,,,,,,,,,,,,0.5,2021-12-09T12:00:00,,,0,,94,2021-12-09T12:07:00,,,,,,,,,,,,,,,,,,,,,,,,,,,,,,,,,,,,,,,,,,,,,,,,,,,,,,,,,,,,,,,,,,,,,,,,,,
2021-12-10,1006.3,1008.2,2021-12-10T10:59:00,1004.8,2021-12-10T14:50:00,21.9,22.8,2021-12-10T21:03:00,19.8,2021-12-10T10:59:00,77,67,2021-12-10T23:40:00,14.2,23.0,22.6,7,2021-12-10T10:07:00,2.5,,,,,,,,,,,,,,,,1.0,2021-12-10T09:00:00,,,0,,94,2021-12-10T08:10:00,,,,,,,,,,,,,,,,,,,,,,,,,,,,,,,,,,,,,,,,,,,,,,,,,,,,,,,,,,,,,,,,,,,,,,,,,,
2021-12-11,1006.9,1008.6,2021-12-11T09:32:00,1005.2,2021-12-11T14:48:00,22.7,23.6,2021-12-11T13:58:00,20.9,2021-12-11T23:58:00,75,66,2021-12-11T00:04:00,10.7,14.0,18.6,26,2021-12-11T01:29:00,0.0,,,,,,,,,,,,,,,,0.0,,,,0,,91,2021-12-11T23:53:00,,,,,,,,,,,,,,,,,,,,,,,,,,,,,,,,,,,,,,,,,,,,,,,,,,,,,,,,,,,,,,,,,,,,,,,,,,
2021-12-12,1006.6,1008.3,2021-12-12T08:01:00,1005.0,2021-12-12T14:26:00,21.9,23.8,2021-12-12T11:34:00,19.8,2021-12-12T23:48:00,84,68,2021-12-12T11:14:00,8.9,24.0,25.8,38,2021-12-12T23:46:00,7.0,,,,,,,,,,,,,,,,3.0,2021-12-12T23:59:00,,,0,,97,2021-12-12T21:50:00,,,,,,,,,,,,,,,,,,,,,,,,,,,,,,,,,,,,,,,,,,,,,,,,,,,,,,,,,,,,,,,,,,,,,,,,,,
2021-12-13,1005.4,1007.1,2021-12-13T09:37:00,1003.6,2021-12-13T14:36:00,21.6,22.5,2021-12-13T10:44:00,19.9,2021-12-13T01:01:00,79,71,2021-12-13T10:20:00,16.2,36.0,26.2,39,2021-12-13T09:07:00,0.5,,,,,,,,,,,,,,,,0.5,2021-12-13T01:00:00,,,0,,95,2021-12-13T00:01:00,,,,,,,,,,,,,,,,,,,,,,,,,,,,,,,,,,,,,,,,,,,,,,,,,,,,,,,,,,,,,,,,,,,,,,,,,,
2021-12-14,1004.9,1006.9,2021-12-14T10:18:00,1002.7,2021-12-14T15:12:00,20.6,21.8,2021-12-14T07:15:00,18.8,2021-12-14T10:28:00,90,78,2021-12-14T00:02:00,13.1,20.0,19.9,14,2021-12-14T03:18:00,17.5,,,,,,,,,,,,,,,,5.5,2021-12-14T11:00:00,,,0,,100,2021-12-14T21:09:00,,,,,,,,,,,,,,,,,,,,,,,,,,,,,,,,,,,,,,,,,,,,,,,,,,,,,,,,,,,,,,,,,,,,,,,,,,
2021-12-15,1004.6,1006.7,2021-12-15T09:17:00,1002.2,2021-12-15T15:05:00,22.2,23.4,2021-12-15T13:46:00,20.6,2021-12-15T00:16:00,87,79,2021-12-15T13:27:00,9.5,32.0,15.9,33,2021-12-15T15:07:00,1.5,,,,,,,,,,,,,,,,1.0,2021-12-15T09:00:00,,,0,,97,2021-12-15T00:01:00,,,,,,,,,,,,,,,,,,,,,,,,,,,,,,,,,,,,,,,,,,,,,,,,,,,,,,,,,,,,,,,,,,,,,,,,,,
2021-12-16,1003.8,1005.8,2021-12-16T08:37:00,1001.5,2021-12-16T15:22:00,23.0,24.3,2021-12-16T14:30:00,21.6,2021-12-16T06:08:00,79,71,2021-12-16T12:42:00,7.0,24.0,14.6,37,2021-12-16T00:41:00,0.0,,,,,,,,,,,,,,,,0.0,,,,0,,86,2021-12-16T05:47:00,,,,,,,,,,,,,,,,,,,,,,,,,,,,,,,,,,,,,,,,,,,,,,,,,,,,,,,,,,,,,,,,,,,,,,,,,,
2021-12-17,1003.9,1006.8,2021-12-17T21:54:00,1001.3,2021-12-17T14:50:00,22.3,24.2,2021-12-17T11:57:00,19.9,2021-12-17T23:18:00,78,70,2021-12-17T08:10:00,14.7,23.0,30.3,16,2021-12-17T21:05:00,0.0,,,,,,,,,,,,,,,,0.0,,,,0,,85,2021-12-17T18:13:00,,,,,,,,,,,,,,,,,,,,,,,,,,,,,,,,,,,,,,,,,,,,,,,,,,,,,,,,,,,,,,,,,,,,,,,,,,
2021-12-18,1007.5,1009.8,2021-12-18T09:58:00,1004.2,2021-12-18T03:59:00,18.9,20.1,2021-12-18T00:03:00,17.4,2021-12-18T06:34:00,75,65,2021-12-18T10:59:00,17.3,15.0,28.6,30,2021-12-18T01:24:00,0.0,,,,,,,,,,,,,,,,0.0,,,,0,,89,2021-12-18T16:01:00,,,,,,,,,,,,,,,,,,,,,,,,,,,,,,,,,,,,,,,,,,,,,,,,,,,,,,,,,,,,,,,,,,,,,,,,,,
2021-12-19,1008.2,1010.5,2021-12-19T08:49:00,1006.8,2021-12-19T15:49:00,19.5,20.1,2021-12-19T12:37:00,18.2,2021-12-19T00:39:00,74,69,2021-12-19T11:47:00,15.2,20.0,25.4,38,2021-12-19T08:44:00,0.0,,,,,,,,,,,,,,,,0.0,,,,0,,87,2021-12-19T21:48:00,,,,,,,,,,,,,,,,,,,,,,,,,,,,,,,,,,,,,,,,,,,,,,,,,,,,,,,,,,,,,,,,,,,,,,,,,,
2021-12-20,1006.7,1008.9,2021-12-20T09:04:00,1004.8,2021-12-20T23:12:00,19.2,20.1,2021-12-20T05:09:00,17.6,2021-12-20T08:37:00,89,74,2021-12-20T00:03:00,9.7,2.0,17.9,17,2021-12-20T00:40:00,4.0,,,,,,,,,,,,,,,,1.5,2021-12-20T16:00:00,,,0,,97,2021-12-20T16:17:00,,,,,,,,,,,,,,,,,,,,,,,,,,,,,,,,,,,,,,,,,,,,,,,,,,,,,,,,,,,,,,,,,,,,,,,,,,
2021-12-21,1001.9,1005.2,2021-12-21T00:02:00,999.2,2021-12-21T23:41:00,22.0,24.5,2021-12-21T22:39:00,19.0,2021-12-21T02:45:00,93,90,2021-12-21T10:07:00,5.3,213.0,13.5,360,2021-12-21T00:44:00,6.5,,,,,,,,,,,,,,,,2.5,2021-12-21T21:00:00,,,0,,97,2021-12-21T18:51:00,,,,,,,,,,,,,,,,,,,,,,,,,,,,,,,,,,,,,,,,,,,,,,,,,,,,,,,,,,,,,,,,,,,,,,,,,,
2021-12-22,1001.1,1003.7,2021-12-22T23:55:00,998.7,2021-12-22T01:58:00,22.1,24.6,2021-12-22T01:26:00,20.5,2021-12-22T14:47:00,91,74,2021-12-22T05:06:00,6.2,350.0,19.1,34,2021-12-22T20:50:00,10.0,,,,,,,,,,,,,,,,3.0,2021-12-22T12:00:00,,,0,,100,2021-12-22T12:45:00,,,,,,,,,,,,,,,,,,,,,,,,,,,,,,,,,,,,,,,,,,,,,,,,,,,,,,,,,,,,,,,,,,,,,,,,,,
2021-12-23,1002.6,1003.7,2021-12-23T09:02:00,1001.3,2021-12-23T15:25:00,22.6,23.7,2021-12-23T12:30:00,21.0,2021-12-23T00:01:00,84,75,2021-12-23T10:47:00,6.9,10.0,15.4,8,2021-12-23T01:28:00,0.0,,,,,,,,,,,,,,,,0.0,,,,0,,92,2021-12-23T19:34:00,,,,,,,,,,,,,,,,,,,,,,,,,,,,,,,,,,,,,,,,,,,,,,,,,,,,,,,,,,,,,,,,,,,,,,,,,,
2021-12-24,1002.4,1004.8,2021-12-24T23:11:00,1000.7,2021-12-24T14:07:00,23.5,27.0,2021-12-24T09:08:00,21.7,2021-12-24T04:05:00,84,65,2021-12-24T09:10:00,3.2,341.0,11.6,353,2021-12-24T23:35:00,0.0,,,,,,,,,,,,,,,,0.0,,,,0,,94,2021-12-25T00:00:00,,,,,,,,,,,,,,,,,,,,,,,,,,,,,,,,,,,,,,,,,,,,,,,,,,,,,,,,,,,,,,,,,,,,,,,,,,
2021-12-25,1006.4,1009.6,2021-12-25T22:04:00,1003.1,2021-12-25T02:26:00,20.7,22.1,2021-12-25T00:01:00,18.7,2021-12-25T20:51:00,86,72,2021-12-25T14:37:00,17.0,13.0,28.3,40,2021-12-25T18:16:00,11.5,,,,,,,,,,,,,,,,8.5,2021-12-25T02:00:00,,,0,,100,2021-12-25T01:45:00,,,,,,,,,,,,,,,,,,,,,,,,,,,,,,,,,,,,,,,,,,,,,,,,,,,,,,,,,,,,,,,,,,,,,,,,,,
2021-12-26,1009.9,1012.3,2021-12-26T22:38:00,1007.9,2021-12-26T03:28:00,19.3,20.4,2021-12-26T09:13:00,17.8,2021-12-26T19:35:00,78,69,2021-12-26T16:37:00,19.1,25.0,29.4,42,2021-12-26T10:51:00,0.0,,,,,,,,,,,,,,,,0.0,,,,0,,90,2021-12-26T14:47:00,,,,,,,,,,,,,,,,,,,,,,,,,,,,,,,,,,,,,,,,,,,,,,,,,,,,,,,,,,,,,,,,,,,,,,,,,,
2021-12-27,1011.4,1013.7,2021-12-27T08:37:00,1009.7,2021-12-27T03:19:00,19.0,20.0,2021-12-27T15:06:00,17.2,2021-12-27T05:37:00,80,72,2021-12-27T19:07:00,14.0,29.0,25.8,41,2021-12-27T03:57:00,1.0,,,,,,,,,,,,,,,,0.5,2021-12-27T06:00:00,,,0,,92,2021-12-27T05:35:00,,,,,,,,,,,,,,,,,,,,,,,,,,,,,,,,,,,,,,,,,,,,,,,,,,,,,,,,,,,,,,,,,,,,,,,,,,
2021-12-28,1010.0,1011.9,2021-12-28T09:38:00,1008.1,2021-12-28T16:21:00,19.8,21.3,2021-12-28T15:01:00,18.1,2021-12-28T05:26:00,84,75,2021-12-28T14:35:00,8.5,22.0,19.4,40,2021-12-28T00:46:00,1.5,,,,,,,,,,,,,,,,1.5,2021-12-28T12:00:00,,,0,,95,2021-12-28T11:25:00,,,,,,,,,,,,,,,,,,,,,,,,,,,,,,,,,,,,,,,,,,,,,,,,,,,,,,,,,,,,,,,,,,,,,,,,,,
2021-12-29,1009.2,1010.6,2021-12-29T09:27:00,1007.7,2021-12-29T14:39:00,21.2,23.8,2021-12-29T12:09:00,18.9,2021-12-29T03:53:00,82,70,2021-12-29T12:12:00,3.0,328.0,7.8,354,2021-12-29T00:30:00,6.0,,,,,,,,,,,,,,,,5.5,2021-12-29T22:00:00,,,0,,96,2021-12-29T22:18:00,,,,,,,,,,,,,,,,,,,,,,,,,,,,,,,,,,,,,,,,,,,,,,,,,,,,,,,,,,,,,,,,,,,,,,,,,,
2021-12-30,1009.8,1011.8,2021-12-30T20:28:00,1008.0,2021-12-30T04:54:00,19.7,20.9,2021-12-30T02:23:00,18.8,2021-12-30T15:19:00,86,76,2021-12-30T22:35:00,12.3,17.0,21.1,9,2021-12-30T10:35:00,3.5,,,,,,,,,,,,,,,,2.0,2021-12-30T05:00:00,,,0,,97,2021-12-30T10:05:00,,,,,,,,,,,,,,,,,,,,,,,,,,,,,,,,,,,,,,,,,,,,,,,,,,,,,,,,,,,,,,,,,,,,,,,,,,
2021-12-31,1010.6,1012.1,2021-12-31T09:29:00,1008.7,2021-12-31T14:22:00,19.7,20.7,2021-12-31T12:46:00,18.1,2021-12-31T23:18:00,80,71,2021-12-31T08:58:00,12.2,17.0,19.6,323,2021-12-31T02:36:00,2.5,,,,,,,,,,,,,,,,1.5,2021-12-31T18:00:00,,,0,,97,2021-12-31T23:22:00,,,,,,,,,,,,,,,,,,,,,,,,,,,,,,,,,,,,,,,,,,,,,,,,,,,,,,,,,,,,,,,,,,,,,,,,,,
