,StnPres,StnPresMax,StnPresMaxTime,StnPresMin,StnPresMinTime,Tx,TxMaxAbs,TxMaxAbsTime,TxMinAbs,TxMinAbsTime,RH,RHMin,RHMinTime,WS,WD,WSGust,WDGust,WGustTime,Precp,GloblRad,TxSoil0cm,TxSoil5cm,TxSoil20cm,TxSoil50cm,TxSoil100cm,AirTemperature.MaximumTimef,AirTemperature.Maximumf,AirTemperature.Meanf,AirTemperature.MinimumTimef,AirTemperature.Minimumf,GlobalSolarRadiation.Accumulationf,GlobalSolarRadiation.HourlyMaximumTimef,GlobalSolarRadiation.HourlyMaximumf,GloblRadMax,GloblRadMaxTime,PeakGust.Directionf,PeakGust.MaximumTimef,PeakGust.Maximumf,Precipitation.Accumulationf,Precipitation.HourlyMaximum,Precipitation.HourlyMaximumTime,Precipitation.HourlyMaximumTimef,Precipitation.HourlyMaximumf,Precipitation.MeltFlag,Precipitation.MeltFlagf,RelativeHumidity.Maximum,RelativeHumidity.MaximumTime,RelativeHumidity.MaximumTimef,RelativeHumidity.Maximumf,RelativeHumidity.Meanf,RelativeHumidity.MinimumTimef,RelativeHumidity.Minimumf,SoilTemperatureAt0cm.Maximum,SoilTemperatureAt0cm.MaximumTime,SoilTemperatureAt0cm.MaximumTimef,SoilTemperatureAt0cm.Maximumf,SoilTemperatureAt0cm.Meanf,SoilTemperatureAt0cm.Minimum,SoilTemperatureAt0cm.MinimumTime,SoilTemperatureAt0cm.MinimumTimef,SoilTemperatureAt0cm.Minimumf,SoilTemperatureAt100cm.Maximum,SoilTemperatureAt100cm.MaximumTime,SoilTemperatureAt100cm.MaximumTimef,SoilTemperatureAt100cm.Maximumf,SoilTemperatureAt100cm.Meanf,SoilTemperatureAt100cm.Minimum,SoilTemperatureAt100cm.MinimumTime,SoilTemperatureAt100cm.MinimumTimef,SoilTemperatureAt100cm.Minimumf,SoilTemperatureAt10cm.Maximum,SoilTemperatureAt10cm.MaximumTime,SoilTemperatureAt10cm.MaximumTimef,SoilTemperatureAt10cm.Maximumf,SoilTemperatureAt10cm.Meanf,SoilTemperatureAt10cm.Minimum,SoilTemperatureAt10cm.MinimumTime,SoilTemperatureAt10cm.MinimumTimef,SoilTemperatureAt10cm.Minimumf,SoilTemperatureAt20cm.Maximum,SoilTemperatureAt20cm.MaximumTime,SoilTemperatureAt20cm.MaximumTimef,SoilTemperatureAt20cm.Maximumf,SoilTemperatureAt20cm.Meanf,SoilTemperatureAt20cm.Minimum,SoilTemperatureAt20cm.MinimumTime,SoilTemperatureAt20cm.MinimumTimef,SoilTemperatureAt20cm.Minimumf,SoilTemperatureAt50cm.Maximum,SoilTemperatureAt50cm.MaximumTime,SoilTemperatureAt50cm.MaximumTimef,SoilTemperatureAt50cm.Maximumf,SoilTemperatureAt50cm.Meanf,SoilTemperatureAt50cm.Minimum,SoilTemperatureAt50cm.MinimumTime,SoilTemperatureAt50cm.MinimumTimef,SoilTemperatureAt50cm.Minimumf,SoilTemperatureAt5cm.Maximum,SoilTemperatureAt5cm.MaximumTime,SoilTemperatureAt5cm.MaximumTimef,SoilTemperatureAt5cm.Maximumf,SoilTemperatureAt5cm.Meanf,SoilTemperatureAt5cm.Minimum,SoilTemperatureAt5cm.MinimumTime,SoilTemperatureAt5cm.MinimumTimef,SoilTemperatureAt5cm.Minimumf,StationPressure.MaximumTimef,StationPressure.Maximumf,StationPressure.Meanf,StationPressure.MinimumTimef,StationPressure.Minimumf,SunShine,SunshineDuration.Totalf,TxSoil10cm,WindDirection.Prevailingf,WindSpeed.Meanf
2010-01-01,1017.7,1020.7,2010-01-02T00:00:00,1015.4,2010-01-01T15:23:00,16.6,22.1,2010-01-01T14:45:00,14.0,2010-01-01T03:04:00,-9997,-9997,,2.4,333,6.1,46.0,2010-01-01T00:10:00,0.0,,,,,,,,,,,,,,,,,,,,,,,,,,,-9997,,,,,,,,,,,,,,,,,,,,,,,,,,,,,,,,,,,,,,,,,,,,,,,,,,,,,,,,,,,,,,,,,,-99.7,,,,
2010-01-02,1013.7,1016.2,2010-01-03T00:00:00,1011.4,2010-01-02T14:38:00,19.4,26.2,2010-01-02T11:17:00,14.0,2010-01-02T00:04:00,-9997,-9997,,2.5,60,10.4,62.0,2010-01-02T22:45:00,0.0,,,,,,,,,,,,,,,,,,,,,,,,,,,-9997,,,,,,,,,,,,,,,,,,,,,,,,,,,,,,,,,,,,,,,,,,,,,,,,,,,,,,,,,,,,,,,,,,-99.7,,,,
2010-01-03,1014.7,1016.6,2010-01-03T09:30:00,1012.4,2010-01-03T04:16:00,17.8,24.1,2010-01-03T12:50:00,15.1,2010-01-03T07:59:00,-9997,-9997,,2.9,30,10.3,42.0,2010-01-03T06:19:00,1.0,,,,,,,,,,,,,,,,,,,,,,,,,,,-9997,,,,,,,,,,,,,,,,,,,,,,,,,,,,,,,,,,,,,,,,,,,,,,,,,,,,,,,,,,,,,,,,,,-99.7,,,,
2010-01-04,1013.6,1015.0,2010-01-04T08:55:00,1011.5,2010-01-04T14:22:00,19.6,27.2,2010-01-04T13:04:00,14.1,2010-01-04T06:41:00,-9997,-9997,,2.7,316,7.3,328.0,2010-01-04T22:06:00,0.0,,,,,,,,,,,,,,,,,,,,,,,,,,,-9997,,,,,,,,,,,,,,,,,,,,,,,,,,,,,,,,,,,,,,,,,,,,,,,,,,,,,,,,,,,,,,,,,,-99.7,,,,
2010-01-05,1017.0,1019.5,2010-01-05T09:14:00,1014.5,2010-01-05T02:07:00,17.9,23.1,2010-01-05T03:39:00,15.1,2010-01-05T22:02:00,-9997,-9997,,2.3,305,14.9,314.0,2010-01-05T07:05:00,0.5,,,,,,,,,,,,,,,,,,,,,,,,,,,-9997,,,,,,,,,,,,,,,,,,,,,,,,,,,,,,,,,,,,,,,,,,,,,,,,,,,,,,,,,,,,,,,,,,-99.7,,,,
2010-01-06,1018.2,1020.9,2010-01-06T21:29:00,1015.7,2010-01-06T04:04:00,17.0,21.2,2010-01-06T07:03:00,15.1,2010-01-06T01:50:00,-9997,-9997,,2.0,300,11.3,326.0,2010-01-06T17:35:00,0.5,,,,,,,,,,,,,,,,,,,,,,,,,,,-9997,,,,,,,,,,,,,,,,,,,,,,,,,,,,,,,,,,,,,,,,,,,,,,,,,,,,,,,,,,,,,,,,,,-99.7,,,,
2010-01-07,1020.3,1022.7,2010-01-07T09:08:00,1019.0,2010-01-07T23:34:00,15.6,20.1,2010-01-07T02:33:00,14.0,2010-01-07T22:54:00,-9997,-9997,,2.2,3,7.5,288.0,2010-01-07T20:14:00,2.0,,,,,,,,,,,,,,,,,,,,,,,,,,,-9997,,,,,,,,,,,,,,,,,,,,,,,,,,,,,,,,,,,,,,,,,,,,,,,,,,,,,,,,,,,,,,,,,,-99.7,,,,
2010-01-08,1018.3,1020.1,2010-01-08T21:57:00,1016.4,2010-01-08T14:23:00,15.8,21.2,2010-01-08T13:31:00,13.1,2010-01-08T03:06:00,-9997,-9997,,3.0,303,13.1,345.0,2010-01-08T15:53:00,7.0,,,,,,,,,,,,,,,,,,,,,,,,,,,-9997,,,,,,,,,,,,,,,,,,,,,,,,,,,,,,,,,,,,,,,,,,,,,,,,,,,,,,,,,,,,,,,,,,-99.7,,,,
2010-01-09,1017.8,1019.7,2010-01-09T09:05:00,1015.7,2010-01-09T15:12:00,18.2,25.2,2010-01-09T12:09:00,14.0,2010-01-09T01:18:00,-9997,-9997,,3.0,313,6.7,133.0,2010-01-09T14:00:00,12.5,,,,,,,,,,,,,,,,,,,,,,,,,,,-9997,,,,,,,,,,,,,,,,,,,,,,,,,,,,,,,,,,,,,,,,,,,,,,,,,,,,,,,,,,,,,,,,,,-99.7,,,,
2010-01-10,1015.8,1018.5,2010-01-10T09:24:00,1012.9,2010-01-10T15:14:00,19.6,29.3,2010-01-10T13:13:00,16.1,2010-01-10T06:08:00,-9997,-9997,,3.2,337,8.4,286.0,2010-01-10T07:14:00,1.5,,,,,,,,,,,,,,,,,,,,,,,,,,,-9997,,,,,,,,,,,,,,,,,,,,,,,,,,,,,,,,,,,,,,,,,,,,,,,,,,,,,,,,,,,,,,,,,,-99.7,,,,
2010-01-11,1014.4,1016.6,2010-01-11T23:56:00,1012.1,2010-01-11T14:18:00,19.2,27.2,2010-01-11T10:19:00,14.1,2010-01-11T06:40:00,-9997,-9997,,3.4,75,14.1,333.0,2010-01-11T17:27:00,0.0,,,,,,,,,,,,,,,,,,,,,,,,,,,-9997,,,,,,,,,,,,,,,,,,,,,,,,,,,,,,,,,,,,,,,,,,,,,,,,,,,,,,,,,,,,,,,,,,-99.7,,,,
2010-01-12,1018.8,1024.0,2010-01-12T23:46:00,1015.6,2010-01-12T00:15:00,13.8,19.1,2010-01-12T00:23:00,10.0,2010-01-12T21:47:00,-9997,-9997,,3.5,50,17.5,337.0,2010-01-12T00:17:00,0.5,,,,,,,,,,,,,,,,,,,,,,,,,,,-9997,,,,,,,,,,,,,,,,,,,,,,,,,,,,,,,,,,,,,,,,,,,,,,,,,,,,,,,,,,,,,,,,,,-99.7,,,,
2010-01-13,1026.7,1029.7,2010-01-13T22:14:00,1023.5,2010-01-13T00:17:00,12.9,19.1,2010-01-13T11:39:00,8.0,2010-01-13T22:11:00,-9997,-9997,,3.3,58,15.4,50.0,2010-01-13T14:32:00,0.0,,,,,,,,,,,,,,,,,,,,,,,,,,,-9997,,,,,,,,,,,,,,,,,,,,,,,,,,,,,,,,,,,,,,,,,,,,,,,,,,,,,,,,,,,,,,,,,,-99.7,,,,
2010-01-14,1027.3,1029.9,2010-01-14T09:02:00,1024.4,2010-01-14T14:57:00,13.1,22.1,2010-01-14T13:05:00,8.0,2010-01-14T06:38:00,-9997,-9997,,3.3,64,8.8,284.0,2010-01-14T00:41:00,0.0,,,,,,,,,,,,,,,,,,,,,,,,,,,-9997,,,,,,,,,,,,,,,,,,,,,,,,,,,,,,,,,,,,,,,,,,,,,,,,,,,,,,,,,,,,,,,,,,-99.7,,,,
2010-01-15,1025.2,1026.9,2010-01-15T09:27:00,1023.0,2010-01-15T17:28:00,16.4,24.2,2010-01-15T12:39:00,10.0,2010-01-15T06:00:00,-9997,-9997,,4.1,165,8.5,357.0,2010-01-15T06:18:00,0.0,,,,,,,,,,,,,,,,,,,,,,,,,,,-9997,,,,,,,,,,,,,,,,,,,,,,,,,,,,,,,,,,,,,,,,,,,,,,,,,,,,,,,,,,,,,,,,,,-99.7,,,,
2010-01-16,1025.1,1027.1,2010-01-16T22:43:00,1022.5,2010-01-16T02:31:00,16.4,23.2,2010-01-16T12:00:00,14.0,2010-01-16T01:09:00,-9997,-9997,,3.4,320,9.3,58.0,2010-01-16T15:17:00,11.5,,,,,,,,,,,,,,,,,,,,,,,,,,,-9997,,,,,,,,,,,,,,,,,,,,,,,,,,,,,,,,,,,,,,,,,,,,,,,,,,,,,,,,,,,,,,,,,,-99.7,,,,
2010-01-17,1025.6,1027.5,2010-01-17T08:45:00,1024.1,2010-01-17T14:36:00,16.3,20.2,2010-01-17T18:35:00,14.1,2010-01-17T05:38:00,-9997,-9997,,2.9,336,5.7,340.0,2010-01-17T23:57:00,17.5,,,,,,,,,,,,,,,,,,,,,,,,,,,-9997,,,,,,,,,,,,,,,,,,,,,,,,,,,,,,,,,,,,,,,,,,,,,,,,,,,,,,,,,,,,,,,,,,-99.7,,,,
2010-01-18,1023.0,1025.2,2010-01-18T09:12:00,1021.1,,19.2,25.2,2010-01-18T13:53:00,15.1,2010-01-18T07:36:00,-9997,-9997,,3.0,344,7.2,337.0,2010-01-18T23:55:00,0.5,,,,,,,,,,,,,,,,,,,,,,,,,,,-9997,,,,,,,,,,,,,,,,,,,,,,,,,,,,,,,,,,,,,,,,,,,,,,,,,,,,,,,,,,,,,,,,,,-99.7,,,,
2010-01-19,1020.9,1022.7,2010-01-19T09:02:00,1019.5,2010-01-19T16:06:00,20.9,29.3,2010-01-19T13:01:00,15.1,2010-01-19T04:48:00,-9997,-9997,,3.8,331,10.2,149.0,2010-01-19T22:44:00,4.0,,,,,,,,,,,,,,,,,,,,,,,,,,,-9997,,,,,,,,,,,,,,,,,,,,,,,,,,,,,,,,,,,,,,,,,,,,,,,,,,,,,,,,,,,,,,,,,,-99.7,,,,
2010-01-20,1019.4,1021.5,2010-01-20T09:21:00,1017.8,2010-01-20T23:59:00,21.7,28.3,2010-01-20T12:18:00,17.1,2010-01-20T06:58:00,-9997,-9997,,3.4,332,9.8,173.0,2010-01-20T00:23:00,0.0,,,,,,,,,,,,,,,,,,,,,,,,,,,-9997,,,,,,,,,,,,,,,,,,,,,,,,,,,,,,,,,,,,,,,,,,,,,,,,,,,,,,,,,,,,,,,,,,-99.7,,,,
2010-01-21,1018.4,1022.4,2010-01-21T22:39:00,1016.0,2010-01-21T14:06:00,22.3,30.2,2010-01-21T13:19:00,18.1,2010-01-21T23:53:00,-9997,-9997,,2.9,164,14.9,325.0,2010-01-21T22:36:00,0.0,,,,,,,,,,,,,,,,,,,,,,,,,,,-9997,,,,,,,,,,,,,,,,,,,,,,,,,,,,,,,,,,,,,,,,,,,,,,,,,,,,,,,,,,,,,,,,,,-99.7,,,,
2010-01-22,1022.9,1024.7,2010-01-22T21:03:00,1020.6,2010-01-22T03:46:00,18.1,21.2,2010-01-22T09:25:00,16.1,2010-01-22T17:57:00,-9997,-9997,,2.0,3,13.1,317.0,2010-01-22T00:12:00,0.0,,,,,,,,,,,,,,,,,,,,,,,,,,,-9997,,,,,,,,,,,,,,,,,,,,,,,,,,,,,,,,,,,,,,,,,,,,,,,,,,,,,,,,,,,,,,,,,,-99.7,,,,
2010-01-23,1022.9,1024.9,2010-01-23T09:40:00,1021.3,2010-01-23T15:03:00,17.5,22.2,2010-01-23T09:15:00,14.1,2010-01-23T20:15:00,-9997,-9997,,1.7,56,7.8,70.0,2010-01-23T15:25:00,0.0,,,,,,,,,,,,,,,,,,,,,,,,,,,-9997,,,,,,,,,,,,,,,,,,,,,,,,,,,,,,,,,,,,,,,,,,,,,,,,,,,,,,,,,,,,,,,,,,-99.7,,,,
2010-01-24,1019.8,1022.4,2010-01-24T09:17:00,1017.7,2010-01-24T15:15:00,19.5,25.2,2010-01-24T16:48:00,16.1,2010-01-24T05:02:00,-9997,-9997,,2.1,338,5.1,340.0,2010-01-24T23:43:00,0.0,,,,,,,,,,,,,,,,,,,,,,,,,,,-9997,,,,,,,,,,,,,,,,,,,,,,,,,,,,,,,,,,,,,,,,,,,,,,,,,,,,,,,,,,,,,,,,,,-99.7,,,,
2010-01-25,1020.4,1025.5,2010-01-25T21:52:00,1016.3,2010-01-25T04:02:00,18.5,26.2,2010-01-25T11:47:00,14.1,2010-01-25T19:41:00,-9997,-9997,,3.6,322,17.9,53.0,2010-01-25T13:54:00,0.5,,,,,,,,,,,,,,,,,,,,,,,,,,,-9997,,,,,,,,,,,,,,,,,,,,,,,,,,,,,,,,,,,,,,,,,,,,,,,,,,,,,,,,,,,,,,,,,,-99.7,,,,
2010-01-26,1024.6,1027.8,2010-01-26T09:20:00,1021.8,2010-01-26T03:22:00,16.7,21.1,2010-01-26T15:34:00,14.0,2010-01-26T07:50:00,-9997,-9997,,2.0,17,9.5,323.0,2010-01-26T03:23:00,0.0,,,,,,,,,,,,,,,,,,,,,,,,,,,-9997,,,,,,,,,,,,,,,,,,,,,,,,,,,,,,,,,,,,,,,,,,,,,,,,,,,,,,,,,,,,,,,,,,-99.7,,,,
2010-01-27,1018.6,1022.6,2010-01-27T00:01:00,1016.1,2010-01-27T16:07:00,19.8,27.3,2010-01-27T13:03:00,14.1,2010-01-27T06:28:00,-9997,-9997,,3.8,336,8.0,163.0,2010-01-27T13:39:00,0.0,,,,,,,,,,,,,,,,,,,,,,,,,,,-9997,,,,,,,,,,,,,,,,,,,,,,,,,,,,,,,,,,,,,,,,,,,,,,,,,,,,,,,,,,,,,,,,,,-99.7,,,,
2010-01-28,1016.0,1018.0,2010-01-28T23:12:00,1014.2,2010-01-28T14:31:00,20.6,27.3,2010-01-28T10:42:00,16.1,2010-01-28T03:46:00,-9997,-9997,,2.9,63,10.5,64.0,2010-01-28T12:25:00,0.0,,,,,,,,,,,,,,,,,,,,,,,,,,,-9997,,,,,,,,,,,,,,,,,,,,,,,,,,,,,,,,,,,,,,,,,,,,,,,,,,,,,,,,,,,,,,,,,,-99.7,,,,
2010-01-29,1018.9,1021.2,2010-01-29T10:19:00,1017.4,2010-01-29T02:05:00,20.1,24.2,2010-01-29T05:54:00,18.1,2010-01-29T22:08:00,-9997,-9997,,2.5,331,10.5,316.0,2010-01-29T08:53:00,1.5,,,,,,,,,,,,,,,,,,,,,,,,,,,-9997,,,,,,,,,,,,,,,,,,,,,,,,,,,,,,,,,,,,,,,,,,,,,,,,,,,,,,,,,,,,,,,,,,-99.7,,,,
2010-01-30,1016.7,1018.6,2010-01-30T08:59:00,1015.1,2010-01-30T14:42:00,21.3,30.2,2010-01-30T12:23:00,17.1,2010-01-30T07:16:00,-9997,-9997,,3.1,162,5.8,335.0,2010-01-30T23:14:00,9.5,,,,,,,,,,,,,,,,,,,,,,,,,,,-9997,,,,,,,,,,,,,,,,,,,,,,,,,,,,,,,,,,,,,,,,,,,,,,,,,,,,,,,,,,,,,,,,,,-99.7,,,,
2010-01-31,1014.2,1016.3,2010-01-31T09:04:00,1012.0,2010-01-31T23:30:00,21.9,30.3,2010-01-31T13:45:00,17.1,2010-01-31T06:09:00,-9997,-9997,,2.8,153,6.3,312.0,2010-01-31T22:59:00,0.5,,,,,,,,,,,,,,,,,,,,,,,,,,,-9997,,,,,,,,,,,,,,,,,,,,,,,,,,,,,,,,,,,,,,,,,,,,,,,,,,,,,,,,,,,,,,,,,,-99.7,,,,
2010-02-01,1013.5,1016.9,2010-02-01T23:21:00,1011.0,2010-02-01T03:09:00,20.9,28.3,2010-02-01T09:46:00,18.1,2010-02-01T23:09:00,-9997,-9997,,3.5,64,15.7,68.0,2010-02-01T18:32:00,0.0,,,,,,,,,,,,,,,,,,,,,,,,,,,-9997,,,,,,,,,,,,,,,,,,,,,,,,,,,,,,,,,,,,,,,,,,,,,,,,,,,,,,,,,,,,,,,,,,-99.7,,,,
2010-02-02,1014.9,1017.3,2010-02-02T08:07:00,1012.6,2010-02-02T14:41:00,19.6,25.2,2010-02-02T14:27:00,16.1,2010-02-02T04:23:00,-9997,-9997,,2.3,340,9.5,317.0,2010-02-02T00:10:00,0.0,,,,,,,,,,,,,,,,,,,,,,,,,,,-9997,,,,,,,,,,,,,,,,,,,,,,,,,,,,,,,,,,,,,,,,,,,,,,,,,,,,,,,,,,,,,,,,,,-99.7,,,,
2010-02-03,1015.2,1016.7,2010-02-03T21:03:00,1013.3,2010-02-03T03:49:00,20.1,25.2,2010-02-03T13:03:00,15.1,2010-02-03T05:37:00,-9997,-9997,,2.3,316,11.8,55.0,2010-02-03T11:59:00,0.0,,,,,,,,,,,,,,,,,,,,,,,,,,,-9997,,,,,,,,,,,,,,,,,,,,,,,,,,,,,,,,,,,,,,,,,,,,,,,,,,,,,,,,,,,,,,,,,,-99.7,,,,
2010-02-04,1015.2,1016.9,2010-02-04T08:17:00,1013.3,2010-02-04T14:29:00,20.9,25.2,2010-02-04T12:19:00,17.1,2010-02-04T02:08:00,-9997,-9997,,2.3,323,11.0,53.0,2010-02-04T09:53:00,0.0,,,,,,,,,,,,,,,,,,,,,,,,,,,-9997,,,,,,,,,,,,,,,,,,,,,,,,,,,,,,,,,,,,,,,,,,,,,,,,,,,,,,,,,,,,,,,,,,-99.7,,,,
2010-02-05,1015.5,1017.3,2010-02-05T09:14:00,1013.8,2010-02-05T14:38:00,20.8,26.2,2010-02-05T17:09:00,16.1,2010-02-05T06:52:00,-9997,-9997,,2.4,331,7.1,296.0,2010-02-05T08:07:00,0.0,,,,,,,,,,,,,,,,,,,,,,,,,,,-9997,,,,,,,,,,,,,,,,,,,,,,,,,,,,,,,,,,,,,,,,,,,,,,,,,,,,,,,,,,,,,,,,,,-99.7,,,,
2010-02-06,1015.6,1017.2,2010-02-06T21:05:00,1013.5,2010-02-06T14:17:00,20.9,29.2,2010-02-06T10:15:00,17.1,2010-02-06T05:40:00,-9997,-9997,,2.0,288,5.9,82.0,2010-02-06T14:27:00,7.5,,,,,,,,,,,,,,,,,,,,,,,,,,,-9997,,,,,,,,,,,,,,,,,,,,,,,,,,,,,,,,,,,,,,,,,,,,,,,,,,,,,,,,,,,,,,,,,,-99.7,,,,
2010-02-07,1015.3,1016.8,2010-02-07T08:52:00,1013.3,2010-02-07T16:18:00,21.2,28.2,2010-02-07T10:26:00,18.1,2010-02-07T06:10:00,-9997,-9997,,2.2,343,5.8,70.0,2010-02-07T16:03:00,0.0,,,,,,,,,,,,,,,,,,,,,,,,,,,-9997,,,,,,,,,,,,,,,,,,,,,,,,,,,,,,,,,,,,,,,,,,,,,,,,,,,,,,,,,,,,,,,,,,-99.7,,,,
2010-02-08,1015.3,1017.7,2010-02-08T09:12:00,1013.9,,20.6,25.2,2010-02-08T12:40:00,18.1,2010-02-08T23:12:00,-9997,-9997,,2.0,323,5.8,325.0,2010-02-08T23:44:00,4.0,,,,,,,,,,,,,,,,,,,,,,,,,,,-9997,,,,,,,,,,,,,,,,,,,,,,,,,,,,,,,,,,,,,,,,,,,,,,,,,,,,,,,,,,,,,,,,,,-99.7,,,,
2010-02-09,1013.8,1016.1,2010-02-09T09:08:00,1012.0,2010-02-09T14:37:00,22.4,28.2,2010-02-09T12:58:00,18.1,2010-02-09T06:45:00,-9997,-9997,,2.5,334,6.3,293.0,2010-02-09T01:52:00,0.0,,,,,,,,,,,,,,,,,,,,,,,,,,,-9997,,,,,,,,,,,,,,,,,,,,,,,,,,,,,,,,,,,,,,,,,,,,,,,,,,,,,,,,,,,,,,,,,,-99.7,,,,
2010-02-10,1012.4,1014.4,2010-02-10T08:28:00,1010.6,2010-02-10T15:38:00,23.7,29.3,2010-02-10T12:17:00,19.1,2010-02-10T05:55:00,-9997,-9997,,2.8,84,6.8,326.0,2010-02-10T05:01:00,0.0,,,,,,,,,,,,,,,,,,,,,,,,,,,-9997,,,,,,,,,,,,,,,,,,,,,,,,,,,,,,,,,,,,,,,,,,,,,,,,,,,,,,,,,,,,,,,,,,-99.7,,,,
2010-02-11,1013.2,1017.1,2010-02-11T23:59:00,1011.5,2010-02-11T02:51:00,23.8,31.3,2010-02-11T11:31:00,18.1,2010-02-11T23:56:00,-9997,-9997,,3.0,67,16.0,293.0,2010-02-11T22:07:00,0.0,,,,,,,,,,,,,,,,,,,,,,,,,,,-9997,,,,,,,,,,,,,,,,,,,,,,,,,,,,,,,,,,,,,,,,,,,,,,,,,,,,,,,,,,,,,,,,,,-99.7,,,,
2010-02-12,1021.0,1023.9,2010-02-12T21:49:00,1016.6,2010-02-12T00:57:00,14.9,20.2,2010-02-12T02:23:00,12.0,2010-02-12T20:05:00,-9997,-9997,,2.3,22,17.5,319.0,2010-02-12T03:01:00,0.0,,,,,,,,,,,,,,,,,,,,,,,,,,,-9997,,,,,,,,,,,,,,,,,,,,,,,,,,,,,,,,,,,,,,,,,,,,,,,,,,,,,,,,,,,,,,,,,,-99.7,,,,
2010-02-13,1021.2,1023.8,2010-02-13T09:34:00,1018.0,2010-02-13T23:33:00,15.9,20.2,2010-02-13T19:04:00,13.0,2010-02-13T00:07:00,-9997,-9997,,2.1,325,8.8,326.0,2010-02-13T02:25:00,0.0,,,,,,,,,,,,,,,,,,,,,,,,,,,-9997,,,,,,,,,,,,,,,,,,,,,,,,,,,,,,,,,,,,,,,,,,,,,,,,,,,,,,,,,,,,,,,,,,-99.7,,,,
2010-02-14,1013.1,1018.4,2010-02-15T00:00:00,1010.5,2010-02-14T15:46:00,21.0,29.2,2010-02-14T11:31:00,15.1,2010-02-14T00:40:00,-9997,-9997,,3.2,70,9.2,162.0,2010-02-14T13:36:00,0.0,,,,,,,,,,,,,,,,,,,,,,,,,,,-9997,,,,,,,,,,,,,,,,,,,,,,,,,,,,,,,,,,,,,,,,,,,,,,,,,,,,,,,,,,,,,,,,,,-99.7,,,,
2010-02-15,1015.9,1019.3,2010-02-15T21:53:00,1012.7,2010-02-16T00:00:00,18.3,24.2,2010-02-15T01:19:00,16.1,2010-02-15T20:44:00,-9997,-9997,,1.9,58,15.7,59.0,2010-02-15T06:26:00,0.0,,,,,,,,,,,,,,,,,,,,,,,,,,,-9997,,,,,,,,,,,,,,,,,,,,,,,,,,,,,,,,,,,,,,,,,,,,,,,,,,,,,,,,,,,,,,,,,,-99.7,,,,
2010-02-16,1020.5,1022.9,2010-02-16T09:45:00,1017.8,2010-02-16T02:10:00,15.2,21.2,2010-02-16T00:56:00,13.0,2010-02-16T22:37:00,-9997,-9997,,3.6,290,15.2,333.0,2010-02-16T09:26:00,6.5,,,,,,,,,,,,,,,,,,,,,,,,,,,-9997,,,,,,,,,,,,,,,,,,,,,,,,,,,,,,,,,,,,,,,,,,,,,,,,,,,,,,,,,,,,,,,,,,-99.7,,,,
2010-02-17,1019.0,1020.5,2010-02-17T23:10:00,1016.3,2010-02-17T15:08:00,15.6,20.2,2010-02-17T14:07:00,13.0,2010-02-17T02:05:00,-9997,-9997,,2.4,360,9.9,335.0,2010-02-17T19:22:00,10.0,,,,,,,,,,,,,,,,,,,,,,,,,,,-9997,,,,,,,,,,,,,,,,,,,,,,,,,,,,,,,,,,,,,,,,,,,,,,,,,,,,,,,,,,,,,,,,,,-99.7,,,,
2010-02-18,1021.2,1022.8,2010-02-18T09:55:00,1019.7,2010-02-18T02:08:00,14.6,20.1,2010-02-18T09:31:00,12.0,2010-02-18T20:04:00,-9997,-9997,,3.7,316,13.1,320.0,2010-02-18T02:39:00,1.5,,,,,,,,,,,,,,,,,,,,,,,,,,,-9997,,,,,,,,,,,,,,,,,,,,,,,,,,,,,,,,,,,,,,,,,,,,,,,,,,,,,,,,,,,,,,,,,,-99.7,,,,
2010-02-19,1019.7,1021.6,2010-02-20T00:00:00,1017.4,2010-02-19T15:22:00,13.6,18.1,2010-02-19T11:09:00,11.0,2010-02-19T00:56:00,-9997,-9997,,2.3,285,9.2,321.0,2010-02-19T03:03:00,4.0,,,,,,,,,,,,,,,,,,,,,,,,,,,-9997,,,,,,,,,,,,,,,,,,,,,,,,,,,,,,,,,,,,,,,,,,,,,,,,,,,,,,,,,,,,,,,,,,-99.7,,,,
2010-02-20,1018.0,1019.9,2010-02-20T09:12:00,1016.3,2010-02-20T14:39:00,15.2,20.2,2010-02-20T13:15:00,12.0,2010-02-20T03:12:00,-9997,-9997,,2.7,297,5.8,344.0,2010-02-20T23:55:00,0.5,,,,,,,,,,,,,,,,,,,,,,,,,,,-9997,,,,,,,,,,,,,,,,,,,,,,,,,,,,,,,,,,,,,,,,,,,,,,,,,,,,,,,,,,,,,,,,,,-99.7,,,,
2010-02-21,1015.0,1016.7,2010-02-22T00:00:00,1013.2,2010-02-21T15:31:00,20.0,29.3,2010-02-21T11:44:00,14.1,2010-02-21T00:08:00,-9997,-9997,,3.0,334,7.8,321.0,2010-02-21T05:56:00,0.0,,,,,,,,,,,,,,,,,,,,,,,,,,,-9997,,,,,,,,,,,,,,,,,,,,,,,,,,,,,,,,,,,,,,,,,,,,,,,,,,,,,,,,,,,,,,,,,,-99.7,,,,
2010-02-22,1013.1,1014.8,2010-02-22T00:20:00,1011.3,2010-02-22T16:22:00,19.0,26.2,2010-02-22T12:17:00,14.1,2010-02-22T05:41:00,-9997,-9997,,2.8,329,6.4,321.0,2010-02-22T21:30:00,0.0,,,,,,,,,,,,,,,,,,,,,,,,,,,-9997,,,,,,,,,,,,,,,,,,,,,,,,,,,,,,,,,,,,,,,,,,,,,,,,,,,,,,,,,,,,,,,,,,-99.7,,,,
2010-02-23,1012.8,1014.3,2010-02-23T08:38:00,1011.4,2010-02-23T15:23:00,19.7,26.2,2010-02-23T13:13:00,14.1,2010-02-23T03:15:00,-9997,-9997,,3.4,334,8.5,64.0,2010-02-23T12:18:00,0.0,,,,,,,,,,,,,,,,,,,,,,,,,,,-9997,,,,,,,,,,,,,,,,,,,,,,,,,,,,,,,,,,,,,,,,,,,,,,,,,,,,,,,,,,,,,,,,,,-99.7,,,,
2010-02-24,1011.3,1012.9,2010-02-24T08:01:00,1008.9,2010-02-24T15:31:00,21.8,29.3,2010-02-24T14:33:00,16.1,2010-02-24T04:32:00,-9997,-9997,,3.4,338,7.7,149.0,2010-02-24T12:35:00,0.0,,,,,,,,,,,,,,,,,,,,,,,,,,,-9997,,,,,,,,,,,,,,,,,,,,,,,,,,,,,,,,,,,,,,,,,,,,,,,,,,,,,,,,,,,,,,,,,,-99.7,,,,
2010-02-25,1009.4,1011.3,2010-02-26T00:00:00,1007.9,2010-02-25T14:31:00,22.0,29.2,2010-02-25T11:38:00,19.1,2010-02-25T05:26:00,-9997,-9997,,3.4,333,7.2,331.0,2010-02-25T00:48:00,0.0,,,,,,,,,,,,,,,,,,,,,,,,,,,-9997,,,,,,,,,,,,,,,,,,,,,,,,,,,,,,,,,,,,,,,,,,,,,,,,,,,,,,,,,,,,,,,,,,-99.7,,,,
2010-02-26,1007.9,1010.3,2010-02-26T22:50:00,1005.8,2010-02-26T15:25:00,24.2,31.3,2010-02-26T11:43:00,19.1,2010-02-26T06:15:00,-9997,-9997,,2.9,335,7.3,74.0,2010-02-26T14:56:00,0.0,,,,,,,,,,,,,,,,,,,,,,,,,,,-9997,,,,,,,,,,,,,,,,,,,,,,,,,,,,,,,,,,,,,,,,,,,,,,,,,,,,,,,,,,,,,,,,,,-99.7,,,,
2010-02-27,1010.7,1014.6,2010-02-27T23:22:00,1008.6,2010-02-27T03:15:00,24.1,29.3,2010-02-27T14:09:00,20.1,2010-02-27T04:13:00,-9997,-9997,,2.3,339,7.0,66.0,2010-02-27T16:07:00,0.0,,,,,,,,,,,,,,,,,,,,,,,,,,,-9997,,,,,,,,,,,,,,,,,,,,,,,,,,,,,,,,,,,,,,,,,,,,,,,,,,,,,,,,,,,,,,,,,,-99.7,,,,
2010-02-28,1014.8,1017.2,2010-02-28T09:56:00,1013.6,2010-02-28T23:18:00,22.5,26.2,2010-02-28T12:03:00,20.1,2010-02-28T21:37:00,-9997,-9997,,1.6,325,5.8,52.0,2010-02-28T02:03:00,51.0,,,,,,,,,,,,,,,,,,,,,,,,,,,-9997,,,,,,,,,,,,,,,,,,,,,,,,,,,,,,,,,,,,,,,,,,,,,,,,,,,,,,,,,,,,,,,,,,-99.7,,,,
2010-03-01,1012.0,1014.1,2010-03-01T08:59:00,1010.3,2010-03-01T15:18:00,24.1,31.3,2010-03-01T09:57:00,19.1,2010-03-01T05:44:00,-9997,-9997,,3.1,341,7.5,162.0,2010-03-01T13:14:00,0.0,,,,,,,,,,,,,,,,,,,,,,,,,,,-9997,,,,,,,,,,,,,,,,,,,,,,,,,,,,,,,,,,,,,,,,,,,,,,,,,,,,,,,,,,,,,,,,,,-99.7,,,,
2010-03-02,1011.4,1014.1,2010-03-02T23:16:00,1009.3,2010-03-02T03:56:00,22.7,29.3,2010-03-02T11:19:00,20.1,2010-03-02T18:14:00,-9997,-9997,,2.7,331,8.9,66.0,2010-03-02T12:43:00,0.0,,,,,,,,,,,,,,,,,,,,,,,,,,,-9997,,,,,,,,,,,,,,,,,,,,,,,,,,,,,,,,,,,,,,,,,,,,,,,,,,,,,,,,,,,,,,,,,,-99.7,,,,
2010-03-03,1012.1,1014.2,2010-03-03T09:29:00,1010.4,2010-03-03T14:53:00,23.7,30.3,2010-03-03T13:11:00,20.1,2010-03-03T04:08:00,-9997,-9997,,2.3,151,5.9,332.0,2010-03-03T21:44:00,1.0,,,,,,,,,,,,,,,,,,,,,,,,,,,-9997,,,,,,,,,,,,,,,,,,,,,,,,,,,,,,,,,,,,,,,,,,,,,,,,,,,,,,,,,,,,,,,,,,-99.7,,,,
2010-03-04,1010.7,1012.0,2010-03-04T23:14:00,1009.0,2010-03-04T14:37:00,24.6,32.3,2010-03-04T09:56:00,20.1,2010-03-04T06:22:00,-9997,-9997,,2.7,324,7.8,145.0,2010-03-04T11:22:00,2.0,,,,,,,,,,,,,,,,,,,,,,,,,,,-9997,,,,,,,,,,,,,,,,,,,,,,,,,,,,,,,,,,,,,,,,,,,,,,,,,,,,,,,,,,,,,,,,,,-99.7,,,,
2010-03-05,1010.6,1012.1,2010-03-05T00:49:00,1008.9,2010-03-05T15:09:00,24.9,32.3,2010-03-05T12:33:00,22.1,2010-03-05T06:09:00,-9997,-9997,,2.3,336,6.3,89.0,2010-03-05T15:34:00,0.5,,,,,,,,,,,,,,,,,,,,,,,,,,,-9997,,,,,,,,,,,,,,,,,,,,,,,,,,,,,,,,,,,,,,,,,,,,,,,,,,,,,,,,,,,,,,,,,,-99.7,,,,
2010-03-06,1012.5,1014.3,2010-03-06T09:14:00,1011.0,2010-03-06T16:12:00,24.2,30.3,2010-03-06T13:55:00,20.1,2010-03-06T06:38:00,-9997,-9997,,2.5,328,9.0,355.0,2010-03-06T23:55:00,0.0,,,,,,,,,,,,,,,,,,,,,,,,,,,-9997,,,,,,,,,,,,,,,,,,,,,,,,,,,,,,,,,,,,,,,,,,,,,,,,,,,,,,,,,,,,,,,,,,-99.7,,,,
2010-03-07,1016.8,1019.6,2010-03-07T21:10:00,1013.5,2010-03-07T02:43:00,18.3,25.2,2010-03-07T00:49:00,15.1,2010-03-07T18:14:00,-9997,-9997,,2.3,43,12.7,333.0,2010-03-07T01:38:00,0.0,,,,,,,,,,,,,,,,,,,,,,,,,,,-9997,,,,,,,,,,,,,,,,,,,,,,,,,,,,,,,,,,,,,,,,,,,,,,,,,,,,,,,,,,,,,,,,,,-99.7,,,,
2010-03-08,1016.1,1018.9,2010-03-08T08:52:00,1013.5,2010-03-08T17:03:00,19.7,25.1,2010-03-08T17:12:00,16.1,2010-03-08T02:55:00,-9997,-9997,,1.6,331,5.2,292.0,2010-03-08T01:31:00,0.0,,,,,,,,,,,,,,,,,,,,,,,,,,,-9997,,,,,,,,,,,,,,,,,,,,,,,,,,,,,,,,,,,,,,,,,,,,,,,,,,,,,,,,,,,,,,,,,,-99.7,,,,
2010-03-09,1018.6,1023.8,2010-03-09T20:50:00,1013.6,,15.4,23.2,2010-03-09T02:55:00,11.0,2010-03-09T23:59:00,-9997,-9997,,3.9,335,24.2,347.0,2010-03-09T19:03:00,0.0,,,,,,,,,,,,,,,,,,,,,,,,,,,-9997,,,,,,,,,,,,,,,,,,,,,,,,,,,,,,,,,,,,,,,,,,,,,,,,,,,,,,,,,,,,,,,,,,-99.7,,,,
2010-03-10,1025.7,1027.9,2010-03-10T20:48:00,1022.8,2010-03-10T03:33:00,10.5,14.1,2010-03-10T15:32:00,8.0,2010-03-10T16:29:00,-9997,-9997,,4.4,330,18.6,338.0,2010-03-10T07:24:00,0.0,,,,,,,,,,,,,,,,,,,,,,,,,,,-9997,,,,,,,,,,,,,,,,,,,,,,,,,,,,,,,,,,,,,,,,,,,,,,,,,,,,,,,,,,,,,,,,,,-99.7,,,,
2010-03-11,1023.8,1026.6,2010-03-11T00:01:00,1021.5,2010-03-11T15:31:00,14.6,22.2,2010-03-11T12:35:00,6.0,2010-03-11T05:12:00,-9997,-9997,,3.2,329,8.6,334.0,2010-03-11T22:00:00,0.0,,,,,,,,,,,,,,,,,,,,,,,,,,,-9997,,,,,,,,,,,,,,,,,,,,,,,,,,,,,,,,,,,,,,,,,,,,,,,,,,,,,,,,,,,,,,,,,,-99.7,,,,
2010-03-12,1020.2,1022.6,2010-03-13T00:00:00,1017.9,2010-03-12T16:13:00,19.1,28.3,2010-03-12T13:54:00,12.0,2010-03-12T04:01:00,-9997,-9997,,3.6,332,7.7,343.0,2010-03-12T03:43:00,0.0,,,,,,,,,,,,,,,,,,,,,,,,,,,-9997,,,,,,,,,,,,,,,,,,,,,,,,,,,,,,,,,,,,,,,,,,,,,,,,,,,,,,,,,,,,,,,,,,-99.7,,,,
2010-03-13,1017.4,1020.1,2010-03-13T09:03:00,1015.2,2010-03-13T15:41:00,20.1,25.2,2010-03-13T11:26:00,16.1,2010-03-13T05:55:00,-9997,-9997,,3.0,339,7.2,162.0,2010-03-13T21:34:00,10.0,,,,,,,,,,,,,,,,,,,,,,,,,,,-9997,,,,,,,,,,,,,,,,,,,,,,,,,,,,,,,,,,,,,,,,,,,,,,,,,,,,,,,,,,,,,,,,,,-99.7,,,,
2010-03-14,1013.8,1016.5,2010-03-14T00:06:00,1011.7,2010-03-14T15:38:00,23.4,31.3,2010-03-14T13:16:00,18.1,2010-03-14T04:12:00,-9997,-9997,,2.9,317,6.2,313.0,2010-03-14T05:39:00,1.0,,,,,,,,,,,,,,,,,,,,,,,,,,,-9997,,,,,,,,,,,,,,,,,,,,,,,,,,,,,,,,,,,,,,,,,,,,,,,,,,,,,,,,,,,,,,,,,,-99.7,,,,
2010-03-15,1013.2,1017.9,2010-03-15T23:40:00,1011.2,2010-03-15T03:35:00,24.6,32.3,2010-03-15T15:10:00,20.1,2010-03-15T23:18:00,-9997,-9997,,2.8,52,14.5,87.0,2010-03-15T23:51:00,0.0,,,,,,,,,,,,,,,,,,,,,,,,,,,-9997,,,,,,,,,,,,,,,,,,,,,,,,,,,,,,,,,,,,,,,,,,,,,,,,,,,,,,,,,,,,,,,,,,-99.7,,,,
2010-03-16,1021.3,1024.1,2010-03-16T20:58:00,1016.9,2010-03-16T02:00:00,17.2,24.2,2010-03-16T00:09:00,15.1,2010-03-16T10:12:00,-9997,-9997,,2.1,68,15.2,346.0,2010-03-16T08:01:00,0.0,,,,,,,,,,,,,,,,,,,,,,,,,,,-9997,,,,,,,,,,,,,,,,,,,,,,,,,,,,,,,,,,,,,,,,,,,,,,,,,,,,,,,,,,,,,,,,,,-99.7,,,,
2010-03-17,1020.4,1023.0,2010-03-18T00:00:00,1018.0,2010-03-17T14:49:00,19.9,26.2,2010-03-17T15:20:00,15.1,2010-03-17T01:17:00,-9997,-9997,,2.1,154,5.5,317.0,2010-03-17T01:39:00,0.0,,,,,,,,,,,,,,,,,,,,,,,,,,,-9997,,,,,,,,,,,,,,,,,,,,,,,,,,,,,,,,,,,,,,,,,,,,,,,,,,,,,,,,,,,,,,,,,,-99.7,,,,
2010-03-18,1018.6,1020.4,2010-03-18T08:53:00,1017.3,2010-03-18T15:37:00,21.3,27.2,2010-03-18T14:24:00,18.1,2010-03-18T01:15:00,-9997,-9997,,2.9,325,9.0,64.0,2010-03-18T11:07:00,0.0,,,,,,,,,,,,,,,,,,,,,,,,,,,-9997,,,,,,,,,,,,,,,,,,,,,,,,,,,,,,,,,,,,,,,,,,,,,,,,,,,,,,,,,,,,,,,,,,-99.7,,,,
2010-03-19,1014.7,1017.9,2010-03-20T00:00:00,1012.5,2010-03-19T23:57:00,23.6,31.3,2010-03-19T14:38:00,17.1,2010-03-19T05:22:00,-9997,-9997,,3.4,163,10.5,183.0,2010-03-19T19:09:00,6.0,,,,,,,,,,,,,,,,,,,,,,,,,,,-9997,,,,,,,,,,,,,,,,,,,,,,,,,,,,,,,,,,,,,,,,,,,,,,,,,,,,,,,,,,,,,,,,,,-99.7,,,,
2010-03-20,1010.8,1012.9,2010-03-20T23:43:00,1008.8,2010-03-20T15:02:00,24.5,31.3,2010-03-20T12:31:00,19.1,2010-03-20T06:06:00,-9997,-9997,,3.1,333,10.4,184.0,2010-03-20T12:57:00,13.5,,,,,,,,,,,,,,,,,,,,,,,,,,,-9997,,,,,,,,,,,,,,,,,,,,,,,,,,,,,,,,,,,,,,,,,,,,,,,,,,,,,,,,,,,,,,,,,,-99.7,,,,
2010-03-21,1015.1,1017.2,2010-03-21T10:21:00,1012.1,2010-03-21T02:18:00,21.5,27.2,2010-03-21T05:19:00,17.1,2010-03-21T21:13:00,-9997,-9997,,2.4,327,11.2,299.0,2010-03-21T04:15:00,1.0,,,,,,,,,,,,,,,,,,,,,,,,,,,-9997,,,,,,,,,,,,,,,,,,,,,,,,,,,,,,,,,,,,,,,,,,,,,,,,,,,,,,,,,,,,,,,,,,-99.7,,,,
2010-03-22,1012.4,1016.0,2010-03-23T00:00:00,1010.4,2010-03-22T17:33:00,23.4,31.3,2010-03-22T14:37:00,18.1,2010-03-22T00:28:00,-9997,-9997,,2.3,337,4.6,176.0,2010-03-22T13:14:00,0.5,,,,,,,,,,,,,,,,,,,,,,,,,,,-9997,,,,,,,,,,,,,,,,,,,,,,,,,,,,,,,,,,,,,,,,,,,,,,,,,,,,,,,,,,,,,,,,,,-99.7,,,,
2010-03-23,1009.3,1009.5,2010-03-23T22:07:00,1006.8,2010-03-23T15:51:00,24.6,30.2,2010-03-23T15:56:00,22.1,2010-03-23T22:01:00,-9997,-9997,,2.4,335,4.8,337.0,2010-03-23T23:40:00,0.0,,,,,,,,,,,,,,,,,,,,,,,,,,,-9997,,,,,,,,,,,,,,,,,,,,,,,,,,,,,,,,,,,,,,,,,,,,,,,,,,,,,,,,,,,,,,,,,,-99.7,,,,
2010-03-24,1009.0,1011.1,2010-03-24T07:41:00,1006.5,2010-03-24T15:37:00,24.0,28.2,2010-03-24T11:57:00,21.1,2010-03-24T23:40:00,-9997,-9997,,2.3,79,6.2,59.0,2010-03-24T17:14:00,0.0,,,,,,,,,,,,,,,,,,,,,,,,,,,-9997,,,,,,,,,,,,,,,,,,,,,,,,,,,,,,,,,,,,,,,,,,,,,,,,,,,,,,,,,,,,,,,,,,-99.7,,,,
2010-03-25,1014.4,1022.7,2010-03-25T23:06:00,1008.5,2010-03-25T03:02:00,18.2,23.2,2010-03-25T04:38:00,13.0,2010-03-25T20:40:00,-9997,-9997,,3.9,50,20.4,333.0,2010-03-25T20:30:00,0.0,,,,,,,,,,,,,,,,,,,,,,,,,,,-9997,,,,,,,,,,,,,,,,,,,,,,,,,,,,,,,,,,,,,,,,,,,,,,,,,,,,,,,,,,,,,,,,,,-99.7,,,,
2010-03-26,1022.1,1023.7,2010-03-26T21:02:00,1019.7,2010-03-26T15:13:00,15.5,19.1,2010-03-26T14:36:00,14.0,2010-03-26T19:44:00,-9997,-9997,,4.7,316,12.4,13.0,2010-03-26T15:35:00,0.0,,,,,,,,,,,,,,,,,,,,,,,,,,,-9997,,,,,,,,,,,,,,,,,,,,,,,,,,,,,,,,,,,,,,,,,,,,,,,,,,,,,,,,,,,,,,,,,,-99.7,,,,
2010-03-27,1019.8,1022.3,2010-03-28T00:00:00,1017.3,2010-03-27T15:35:00,18.9,25.2,2010-03-27T11:39:00,13.0,2010-03-27T01:54:00,-9997,-9997,,2.4,325,7.3,322.0,2010-03-27T04:59:00,0.0,,,,,,,,,,,,,,,,,,,,,,,,,,,-9997,,,,,,,,,,,,,,,,,,,,,,,,,,,,,,,,,,,,,,,,,,,,,,,,,,,,,,,,,,,,,,,,,,-99.7,,,,
2010-03-28,1019.9,1023.2,2010-03-28T22:18:00,1017.1,2010-03-28T02:55:00,18.4,22.2,2010-03-28T14:08:00,16.1,2010-03-28T05:11:00,-9997,-9997,,3.6,334,14.3,334.0,2010-03-28T17:13:00,1.0,,,,,,,,,,,,,,,,,,,,,,,,,,,-9997,,,,,,,,,,,,,,,,,,,,,,,,,,,,,,,,,,,,,,,,,,,,,,,,,,,,,,,,,,,,,,,,,,-99.7,,,,
2010-03-29,1021.3,1023.1,2010-03-29T09:52:00,1019.5,,19.9,26.2,2010-03-29T14:35:00,16.1,2010-03-29T04:36:00,-9997,-9997,,2.8,74,7.7,344.0,2010-03-29T22:53:00,0.0,,,,,,,,,,,,,,,,,,,,,,,,,,,-9997,,,,,,,,,,,,,,,,,,,,,,,,,,,,,,,,,,,,,,,,,,,,,,,,,,,,,,,,,,,,,,,,,,-99.7,,,,
2010-03-30,1019.2,1021.6,2010-03-30T00:10:00,1016.8,2010-03-30T16:44:00,19.9,24.2,2010-03-30T16:02:00,16.1,2010-03-30T01:44:00,-9997,-9997,,2.9,333,7.1,158.0,2010-03-30T18:00:00,0.0,,,,,,,,,,,,,,,,,,,,,,,,,,,-9997,,,,,,,,,,,,,,,,,,,,,,,,,,,,,,,,,,,,,,,,,,,,,,,,,,,,,,,,,,,,,,,,,,-99.7,,,,
2010-03-31,1015.5,1018.4,2010-03-31T00:22:00,1013.2,2010-03-31T17:16:00,22.9,28.2,2010-03-31T13:35:00,17.1,2010-03-31T06:07:00,-9997,-9997,,3.2,158,9.0,163.0,2010-03-31T00:27:00,0.0,,,,,,,,,,,,,,,,,,,,,,,,,,,-9997,,,,,,,,,,,,,,,,,,,,,,,,,,,,,,,,,,,,,,,,,,,,,,,,,,,,,,,,,,,,,,,,,,-99.7,,,,
2010-04-01,1011.8,1014.8,2010-04-02T00:00:00,1009.2,2010-04-01T15:58:00,23.4,29.3,2010-04-01T12:18:00,18.1,2010-04-01T05:47:00,-9997,-9997,,3.3,156,7.8,162.0,2010-04-01T15:23:00,0.0,,,,,,,,,,,,,,,,,,,,,,,,,,,-9997,,,,,,,,,,,,,,,,,,,,,,,,,,,,,,,,,,,,,,,,,,,,,,,,,,,,,,,,,,,,,,,,,,-99.7,,,,
2010-04-02,1015.7,1019.5,2010-04-02T21:14:00,1010.9,2010-04-02T03:10:00,19.7,25.2,2010-04-02T01:05:00,15.1,2010-04-02T23:44:00,-9997,-9997,,2.2,67,15.6,58.0,2010-04-02T04:01:00,0.5,,,,,,,,,,,,,,,,,,,,,,,,,,,-9997,,,,,,,,,,,,,,,,,,,,,,,,,,,,,,,,,,,,,,,,,,,,,,,,,,,,,,,,,,,,,,,,,,-99.7,,,,
2010-04-03,1017.3,1019.8,2010-04-03T08:35:00,1015.2,2010-04-03T23:59:00,19.7,24.2,2010-04-03T10:50:00,16.1,2010-04-03T01:07:00,-9997,-9997,,2.0,339,6.4,278.0,2010-04-03T01:33:00,1.0,,,,,,,,,,,,,,,,,,,,,,,,,,,-9997,,,,,,,,,,,,,,,,,,,,,,,,,,,,,,,,,,,,,,,,,,,,,,,,,,,,,,,,,,,,,,,,,,-99.7,,,,
2010-04-04,1012.1,1015.2,2010-04-05T00:00:00,1009.8,2010-04-04T16:07:00,22.8,28.3,2010-04-04T09:49:00,18.1,2010-04-04T04:43:00,-9997,-9997,,2.2,70,6.0,81.0,2010-04-04T15:20:00,0.0,,,,,,,,,,,,,,,,,,,,,,,,,,,-9997,,,,,,,,,,,,,,,,,,,,,,,,,,,,,,,,,,,,,,,,,,,,,,,,,,,,,,,,,,,,,,,,,,-99.7,,,,
2010-04-05,1011.5,1012.7,2010-04-05T20:56:00,1010.3,2010-04-05T03:50:00,21.7,24.2,2010-04-05T12:05:00,19.1,2010-04-05T06:16:00,-9997,-9997,,2.4,339,6.8,76.0,2010-04-05T14:19:00,4.0,,,,,,,,,,,,,,,,,,,,,,,,,,,-9997,,,,,,,,,,,,,,,,,,,,,,,,,,,,,,,,,,,,,,,,,,,,,,,,,,,,,,,,,,,,,,,,,,-99.7,,,,
2010-04-06,1010.5,1012.9,2010-04-06T23:19:00,1008.6,2010-04-06T14:50:00,23.3,27.2,2010-04-06T10:35:00,20.1,2010-04-06T01:40:00,-9997,-9997,,2.2,79,12.6,72.0,2010-04-06T22:37:00,2.5,,,,,,,,,,,,,,,,,,,,,,,,,,,-9997,,,,,,,,,,,,,,,,,,,,,,,,,,,,,,,,,,,,,,,,,,,,,,,,,,,,,,,,,,,,,,,,,,-99.7,,,,
2010-04-07,1017.5,1021.0,2010-04-07T21:27:00,1012.4,2010-04-07T00:02:00,19.0,23.2,2010-04-07T00:03:00,16.1,2010-04-07T10:12:00,-9997,-9997,,3.2,67,16.6,57.0,2010-04-07T09:08:00,0.0,,,,,,,,,,,,,,,,,,,,,,,,,,,-9997,,,,,,,,,,,,,,,,,,,,,,,,,,,,,,,,,,,,,,,,,,,,,,,,,,,,,,,,,,,,,,,,,,-99.7,,,,
2010-04-08,1014.6,1019.7,2010-04-08T00:04:00,1010.3,2010-04-08T16:02:00,19.0,24.2,2010-04-08T13:05:00,16.1,2010-04-08T02:31:00,-9997,-9997,,2.8,162,7.0,298.0,2010-04-08T22:59:00,11.5,,,,,,,,,,,,,,,,,,,,,,,,,,,-9997,,,,,,,,,,,,,,,,,,,,,,,,,,,,,,,,,,,,,,,,,,,,,,,,,,,,,,,,,,,,,,,,,,-99.7,,,,
2010-04-09,1010.8,1012.6,2010-04-09T21:40:00,1009.0,2010-04-09T14:58:00,20.5,26.2,2010-04-09T09:40:00,17.1,2010-04-09T06:03:00,-9997,-9997,,2.2,324,8.0,67.0,2010-04-09T15:12:00,6.5,,,,,,,,,,,,,,,,,,,,,,,,,,,-9997,,,,,,,,,,,,,,,,,,,,,,,,,,,,,,,,,,,,,,,,,,,,,,,,,,,,,,,,,,,,,,,,,,-99.7,,,,
2010-04-10,1011.1,1012.7,2010-04-10T09:21:00,1009.0,2010-04-10T15:36:00,22.2,28.2,2010-04-10T16:14:00,18.1,2010-04-10T05:56:00,-9997,-9997,,2.4,334,5.9,345.0,2010-04-10T22:01:00,0.5,,,,,,,,,,,,,,,,,,,,,,,,,,,-9997,,,,,,,,,,,,,,,,,,,,,,,,,,,,,,,,,,,,,,,,,,,,,,,,,,,,,,,,,,,,,,,,,,-99.7,,,,
2010-04-11,1008.1,1011.5,2010-04-12T00:00:00,1005.0,2010-04-11T16:34:00,24.0,29.3,2010-04-11T13:08:00,19.1,2010-04-11T01:41:00,-9997,-9997,,3.4,162,11.7,159.0,2010-04-11T13:51:00,1.0,,,,,,,,,,,,,,,,,,,,,,,,,,,-9997,,,,,,,,,,,,,,,,,,,,,,,,,,,,,,,,,,,,,,,,,,,,,,,,,,,,,,,,,,,,,,,,,,-99.7,,,,
2010-04-12,1007.8,1011.9,2010-04-12T22:24:00,1004.8,2010-04-12T02:40:00,26.2,31.3,2010-04-12T15:05:00,22.1,2010-04-12T06:01:00,-9997,-9997,,2.9,70,10.7,66.0,2010-04-12T13:21:00,0.0,,,,,,,,,,,,,,,,,,,,,,,,,,,-9997,,,,,,,,,,,,,,,,,,,,,,,,,,,,,,,,,,,,,,,,,,,,,,,,,,,,,,,,,,,,,,,,,,-99.7,,,,
2010-04-13,1016.6,1021.1,2010-04-13T21:35:00,1011.6,2010-04-13T01:12:00,22.4,28.2,2010-04-13T12:24:00,18.1,2010-04-13T20:51:00,-9997,-9997,,2.2,24,15.2,325.0,2010-04-13T15:37:00,0.0,,,,,,,,,,,,,,,,,,,,,,,,,,,-9997,,,,,,,,,,,,,,,,,,,,,,,,,,,,,,,,,,,,,,,,,,,,,,,,,,,,,,,,,,,,,,,,,,-99.7,,,,
2010-04-14,1017.4,1020.9,2010-04-14T07:25:00,1014.0,2010-04-14T17:13:00,20.7,24.2,2010-04-14T13:49:00,18.1,2010-04-14T01:02:00,-9997,-9997,,1.4,5,6.4,76.0,2010-04-14T04:51:00,0.0,,,,,,,,,,,,,,,,,,,,,,,,,,,-9997,,,,,,,,,,,,,,,,,,,,,,,,,,,,,,,,,,,,,,,,,,,,,,,,,,,,,,,,,,,,,,,,,,-99.7,,,,
2010-04-15,1016.3,1019.9,2010-04-15T23:35:00,1013.4,2010-04-15T03:55:00,18.7,22.2,2010-04-15T04:02:00,15.1,2010-04-15T22:28:00,-9997,-9997,,2.6,70,14.6,50.0,2010-04-15T15:42:00,0.5,,,,,,,,,,,,,,,,,,,,,,,,,,,-9997,,,,,,,,,,,,,,,,,,,,,,,,,,,,,,,,,,,,,,,,,,,,,,,,,,,,,,,,,,,,,,,,,,-99.7,,,,
2010-04-16,1019.4,1021.5,2010-04-16T21:35:00,1017.5,2010-04-16T03:46:00,18.7,23.2,2010-04-16T11:37:00,16.1,2010-04-16T06:07:00,-9997,-9997,,2.2,85,11.1,45.0,2010-04-16T12:51:00,0.0,,,,,,,,,,,,,,,,,,,,,,,,,,,-9997,,,,,,,,,,,,,,,,,,,,,,,,,,,,,,,,,,,,,,,,,,,,,,,,,,,,,,,,,,,,,,,,,,-99.7,,,,
2010-04-17,1019.6,1021.6,2010-04-17T09:00:00,1018.1,2010-04-17T16:51:00,21.4,26.2,2010-04-17T11:07:00,17.1,2010-04-17T03:47:00,-9997,-9997,,2.3,339,5.8,345.0,2010-04-17T23:10:00,0.0,,,,,,,,,,,,,,,,,,,,,,,,,,,-9997,,,,,,,,,,,,,,,,,,,,,,,,,,,,,,,,,,,,,,,,,,,,,,,,,,,,,,,,,,,,,,,,,,-99.7,,,,
2010-04-18,1015.4,1018.6,2010-04-18T00:22:00,1012.7,2010-04-18T23:59:00,22.2,27.3,2010-04-18T11:50:00,19.1,2010-04-18T04:47:00,-9997,-9997,,2.5,328,7.1,340.0,2010-04-18T01:32:00,3.0,,,,,,,,,,,,,,,,,,,,,,,,,,,-9997,,,,,,,,,,,,,,,,,,,,,,,,,,,,,,,,,,,,,,,,,,,,,,,,,,,,,,,,,,,,,,,,,,-99.7,,,,
2010-04-19,1011.3,1013.4,2010-04-19T08:39:00,1009.3,2010-04-19T17:05:00,24.0,29.3,2010-04-19T13:06:00,19.1,2010-04-19T05:55:00,-9997,-9997,,2.3,308,7.5,197.0,2010-04-19T14:55:00,0.0,,,,,,,,,,,,,,,,,,,,,,,,,,,-9997,,,,,,,,,,,,,,,,,,,,,,,,,,,,,,,,,,,,,,,,,,,,,,,,,,,,,,,,,,,,,,,,,,-99.7,,,,
2010-04-20,1009.8,1011.4,2010-04-20T21:44:00,1008.0,2010-04-20T17:03:00,25.4,31.3,2010-04-20T12:50:00,20.1,2010-04-20T05:06:00,-9997,-9997,,2.2,330,5.6,320.0,2010-04-20T05:37:00,0.5,,,,,,,,,,,,,,,,,,,,,,,,,,,-9997,,,,,,,,,,,,,,,,,,,,,,,,,,,,,,,,,,,,,,,,,,,,,,,,,,,,,,,,,,,,,,,,,,-99.7,,,,
2010-04-21,1008.9,1010.8,2010-04-21T09:38:00,1006.7,2010-04-21T17:15:00,26.2,32.3,2010-04-21T13:36:00,21.1,2010-04-21T02:54:00,-9997,-9997,,2.9,150,11.1,149.0,2010-04-21T19:26:00,48.0,,,,,,,,,,,,,,,,,,,,,,,,,,,-9997,,,,,,,,,,,,,,,,,,,,,,,,,,,,,,,,,,,,,,,,,,,,,,,,,,,,,,,,,,,,,,,,,,-99.7,,,,
2010-04-22,1009.2,1013.2,2010-04-22T22:16:00,1007.1,2010-04-22T04:05:00,26.4,32.3,2010-04-22T13:46:00,21.1,2010-04-22T23:57:00,-9997,-9997,,2.8,57,12.9,1.0,2010-04-22T17:58:00,0.0,,,,,,,,,,,,,,,,,,,,,,,,,,,-9997,,,,,,,,,,,,,,,,,,,,,,,,,,,,,,,,,,,,,,,,,,,,,,,,,,,,,,,,,,,,,,,,,,-99.7,,,,
2010-04-23,1015.6,1019.9,2010-04-23T22:11:00,1011.5,2010-04-23T02:56:00,19.7,23.2,2010-04-23T00:50:00,16.1,2010-04-23T19:19:00,-9997,-9997,,3.5,54,16.6,334.0,2010-04-23T06:06:00,0.5,,,,,,,,,,,,,,,,,,,,,,,,,,,-9997,,,,,,,,,,,,,,,,,,,,,,,,,,,,,,,,,,,,,,,,,,,,,,,,,,,,,,,,,,,,,,,,,,-99.7,,,,
2010-04-24,1018.9,1020.2,2010-04-24T09:53:00,1017.6,2010-04-24T01:46:00,18.5,21.2,2010-04-24T13:47:00,17.1,2010-04-24T23:42:00,-9997,-9997,,3.8,297,10.2,316.0,2010-04-24T16:30:00,0.0,,,,,,,,,,,,,,,,,,,,,,,,,,,-9997,,,,,,,,,,,,,,,,,,,,,,,,,,,,,,,,,,,,,,,,,,,,,,,,,,,,,,,,,,,,,,,,,,-99.7,,,,
2010-04-25,1017.2,1018.7,2010-04-25T00:01:00,1015.5,2010-04-25T15:50:00,20.1,25.1,2010-04-25T13:33:00,17.1,2010-04-25T04:31:00,-9997,-9997,,2.6,301,7.2,294.0,2010-04-25T01:15:00,4.0,,,,,,,,,,,,,,,,,,,,,,,,,,,-9997,,,,,,,,,,,,,,,,,,,,,,,,,,,,,,,,,,,,,,,,,,,,,,,,,,,,,,,,,,,,,,,,,,-99.7,,,,
2010-04-26,1014.2,1017.2,2010-04-26T00:01:00,1012.2,2010-04-26T15:39:00,23.0,28.3,2010-04-26T11:04:00,18.1,2010-04-26T05:24:00,-9997,-9997,,2.6,340,8.2,176.0,2010-04-26T11:55:00,2.0,,,,,,,,,,,,,,,,,,,,,,,,,,,-9997,,,,,,,,,,,,,,,,,,,,,,,,,,,,,,,,,,,,,,,,,,,,,,,,,,,,,,,,,,,,,,,,,,-99.7,,,,
2010-04-27,1014.7,1016.4,2010-04-27T21:23:00,1012.0,2010-04-27T02:42:00,20.8,25.1,2010-04-27T02:44:00,18.1,2010-04-27T23:42:00,-9997,-9997,,2.3,332,12.4,70.0,2010-04-27T08:46:00,1.5,,,,,,,,,,,,,,,,,,,,,,,,,,,-9997,,,,,,,,,,,,,,,,,,,,,,,,,,,,,,,,,,,,,,,,,,,,,,,,,,,,,,,,,,,,,,,,,,-99.7,,,,
2010-04-28,1012.5,1015.2,2010-04-29T00:00:00,1010.0,2010-04-28T15:08:00,20.9,26.2,2010-04-28T10:26:00,16.1,2010-04-28T03:08:00,-9997,-9997,,2.7,336,8.3,351.0,2010-04-28T03:14:00,1.5,,,,,,,,,,,,,,,,,,,,,,,,,,,-9997,,,,,,,,,,,,,,,,,,,,,,,,,,,,,,,,,,,,,,,,,,,,,,,,,,,,,,,,,,,,,,,,,,-99.7,,,,
2010-04-29,1016.0,1019.3,2010-04-29T23:10:00,1013.2,2010-04-29T02:44:00,21.8,24.2,2010-04-29T14:50:00,17.1,2010-04-29T23:51:00,-9997,-9997,,3.0,316,13.5,324.0,2010-04-29T06:10:00,1.0,,,,,,,,,,,,,,,,,,,,,,,,,,,-9997,,,,,,,,,,,,,,,,,,,,,,,,,,,,,,,,,,,,,,,,,,,,,,,,,,,,,,,,,,,,,,,,,,-99.7,,,,
2010-04-30,1016.6,1018.6,2010-04-30T07:07:00,1014.3,2010-04-30T16:02:00,21.3,29.3,2010-04-30T15:03:00,17.1,2010-04-30T21:36:00,-9997,-9997,,4.7,316,13.3,289.0,2010-04-30T03:26:00,0.5,,,,,,,,,,,,,,,,,,,,,,,,,,,-9997,,,,,,,,,,,,,,,,,,,,,,,,,,,,,,,,,,,,,,,,,,,,,,,,,,,,,,,,,,,,,,,,,,-99.7,,,,
2010-05-01,1014.9,1016.3,2010-05-01T09:42:00,1013.4,2010-05-01T16:19:00,23.6,30.3,2010-05-01T11:52:00,16.1,2010-05-01T04:26:00,-9997,-9997,,3.8,151,8.3,349.0,2010-05-01T02:17:00,0.0,,,,,,,,,,,,,,,,,,,,,,,,,,,-9997,,,,,,,,,,,,,,,,,,,,,,,,,,,,,,,,,,,,,,,,,,,,,,,,,,,,,,,,,,,,,,,,,,-99.7,,,,
2010-05-02,1012.2,1014.1,2010-05-03T00:00:00,1010.2,2010-05-02T16:11:00,23.5,29.3,2010-05-02T12:07:00,19.1,2010-05-02T06:13:00,-9997,-9997,,3.0,93,8.4,82.0,2010-05-02T12:54:00,0.0,,,,,,,,,,,,,,,,,,,,,,,,,,,-9997,,,,,,,,,,,,,,,,,,,,,,,,,,,,,,,,,,,,,,,,,,,,,,,,,,,,,,,,,,,,,,,,,,-99.7,,,,
2010-05-03,1011.5,1013.0,2010-05-03T21:11:00,1010.1,2010-05-03T04:09:00,24.0,31.3,2010-05-03T12:05:00,19.1,2010-05-03T05:20:00,-9997,-9997,,3.1,336,7.3,317.0,2010-05-03T01:00:00,11.5,,,,,,,,,,,,,,,,,,,,,,,,,,,-9997,,,,,,,,,,,,,,,,,,,,,,,,,,,,,,,,,,,,,,,,,,,,,,,,,,,,,,,,,,,,,,,,,,-99.7,,,,
2010-05-04,1009.5,1011.9,2010-05-04T00:05:00,1007.4,2010-05-04T16:36:00,25.3,30.3,2010-05-04T12:19:00,21.1,2010-05-04T00:43:00,-9997,-9997,,2.6,142,6.2,171.0,2010-05-04T12:55:00,2.0,,,,,,,,,,,,,,,,,,,,,,,,,,,-9997,,,,,,,,,,,,,,,,,,,,,,,,,,,,,,,,,,,,,,,,,,,,,,,,,,,,,,,,,,,,,,,,,,-99.7,,,,
2010-05-05,1007.2,1008.2,2010-05-05T10:13:00,1005.6,2010-05-05T16:19:00,25.9,31.3,2010-05-05T11:30:00,21.1,2010-05-05T05:56:00,-9997,-9997,,2.3,153,7.3,304.0,2010-05-05T02:42:00,2.0,,,,,,,,,,,,,,,,,,,,,,,,,,,-9997,,,,,,,,,,,,,,,,,,,,,,,,,,,,,,,,,,,,,,,,,,,,,,,,,,,,,,,,,,,,,,,,,,-99.7,,,,
2010-05-06,1006.7,1007.8,2010-05-06T00:25:00,1005.5,2010-05-06T14:20:00,26.0,31.3,2010-05-06T11:01:00,22.1,2010-05-06T01:05:00,-9997,-9997,,2.2,336,6.0,305.0,2010-05-06T01:59:00,1.5,,,,,,,,,,,,,,,,,,,,,,,,,,,-9997,,,,,,,,,,,,,,,,,,,,,,,,,,,,,,,,,,,,,,,,,,,,,,,,,,,,,,,,,,,,,,,,,,-99.7,,,,
2010-05-07,1005.3,1007.6,2010-05-07T22:17:00,1003.7,2010-05-07T15:29:00,25.7,30.2,2010-05-07T10:52:00,22.1,2010-05-07T02:29:00,-9997,-9997,,1.8,330,7.3,64.0,2010-05-07T12:25:00,0.0,,,,,,,,,,,,,,,,,,,,,,,,,,,-9997,,,,,,,,,,,,,,,,,,,,,,,,,,,,,,,,,,,,,,,,,,,,,,,,,,,,,,,,,,,,,,,,,,-99.7,,,,
2010-05-08,1005.9,1007.5,2010-05-08T09:24:00,1004.2,2010-05-08T23:59:00,24.7,28.2,2010-05-08T12:43:00,23.1,2010-05-08T23:23:00,-9997,-9997,,1.5,326,5.1,74.0,2010-05-08T11:11:00,0.0,,,,,,,,,,,,,,,,,,,,,,,,,,,-9997,,,,,,,,,,,,,,,,,,,,,,,,,,,,,,,,,,,,,,,,,,,,,,,,,,,,,,,,,,,,,,,,,,-99.7,,,,
2010-05-09,1003.4,1005.1,2010-05-09T22:04:00,1001.9,2010-05-09T16:21:00,25.8,30.3,2010-05-09T09:08:00,22.1,2010-05-09T02:57:00,-9997,-9997,,2.1,69,6.5,63.0,2010-05-09T14:14:00,0.0,,,,,,,,,,,,,,,,,,,,,,,,,,,-9997,,,,,,,,,,,,,,,,,,,,,,,,,,,,,,,,,,,,,,,,,,,,,,,,,,,,,,,,,,,,,,,,,,-99.7,,,,
2010-05-10,1006.4,1010.6,2010-05-10T22:11:00,1002.6,2010-05-10T02:30:00,23.6,27.2,2010-05-10T09:04:00,21.1,2010-05-10T19:38:00,-9997,-9997,,1.9,85,15.2,56.0,2010-05-10T10:42:00,0.0,,,,,,,,,,,,,,,,,,,,,,,,,,,-9997,,,,,,,,,,,,,,,,,,,,,,,,,,,,,,,,,,,,,,,,,,,,,,,,,,,,,,,,,,,,,,,,,,-99.7,,,,
2010-05-11,1011.2,1013.5,2010-05-11T22:01:00,1008.9,2010-05-11T03:15:00,23.8,29.2,2010-05-11T10:43:00,20.1,2010-05-11T22:51:00,-9997,-9997,,1.8,2,6.8,76.0,2010-05-11T19:48:00,0.0,,,,,,,,,,,,,,,,,,,,,,,,,,,-9997,,,,,,,,,,,,,,,,,,,,,,,,,,,,,,,,,,,,,,,,,,,,,,,,,,,,,,,,,,,,,,,,,,-99.7,,,,
2010-05-12,1012.4,1013.7,2010-05-12T09:19:00,1011.1,2010-05-12T03:45:00,23.0,26.2,2010-05-12T09:51:00,20.1,2010-05-12T02:51:00,-9997,-9997,,2.2,341,4.8,353.0,2010-05-12T21:24:00,0.0,,,,,,,,,,,,,,,,,,,,,,,,,,,-9997,,,,,,,,,,,,,,,,,,,,,,,,,,,,,,,,,,,,,,,,,,,,,,,,,,,,,,,,,,,,,,,,,,-99.7,,,,
2010-05-13,1010.1,1012.3,2010-05-13T00:04:00,1008.4,2010-05-13T16:55:00,24.6,31.3,2010-05-13T11:24:00,20.1,2010-05-13T03:55:00,-9997,-9997,,2.4,330,6.0,167.0,2010-05-13T13:43:00,2.0,,,,,,,,,,,,,,,,,,,,,,,,,,,-9997,,,,,,,,,,,,,,,,,,,,,,,,,,,,,,,,,,,,,,,,,,,,,,,,,,,,,,,,,,,,,,,,,,-99.7,,,,
2010-05-14,1007.7,1009.1,2010-05-14T00:02:00,1005.7,2010-05-14T16:42:00,25.7,30.3,2010-05-14T09:42:00,22.1,2010-05-14T02:52:00,-9997,-9997,,2.6,67,9.0,70.0,2010-05-14T11:16:00,2.0,,,,,,,,,,,,,,,,,,,,,,,,,,,-9997,,,,,,,,,,,,,,,,,,,,,,,,,,,,,,,,,,,,,,,,,,,,,,,,,,,,,,,,,,,,,,,,,,-99.7,,,,
2010-05-15,1007.4,1008.7,2010-05-15T22:30:00,1005.9,2010-05-15T16:22:00,26.3,31.3,2010-05-15T11:55:00,22.2,2010-05-15T04:54:00,-9997,-9997,,1.9,323,4.8,73.0,2010-05-15T07:48:00,0.5,,,,,,,,,,,,,,,,,,,,,,,,,,,-9997,,,,,,,,,,,,,,,,,,,,,,,,,,,,,,,,,,,,,,,,,,,,,,,,,,,,,,,,,,,,,,,,,,-99.7,,,,
2010-05-16,1008.7,1010.8,2010-05-16T21:59:00,1007.1,2010-05-16T02:42:00,26.6,33.3,2010-05-16T12:54:00,23.1,2010-05-16T06:24:00,-9997,-9997,,2.2,338,8.2,320.0,2010-05-16T18:42:00,0.0,,,,,,,,,,,,,,,,,,,,,,,,,,,-9997,,,,,,,,,,,,,,,,,,,,,,,,,,,,,,,,,,,,,,,,,,,,,,,,,,,,,,,,,,,,,,,,,,-99.7,,,,
2010-05-17,1009.3,1010.5,2010-05-17T10:40:00,1008.2,2010-05-17T16:23:00,27.3,31.3,2010-05-17T13:42:00,22.1,2010-05-17T05:19:00,-9997,-9997,,1.9,340,6.0,92.0,2010-05-17T09:34:00,0.0,,,,,,,,,,,,,,,,,,,,,,,,,,,-9997,,,,,,,,,,,,,,,,,,,,,,,,,,,,,,,,,,,,,,,,,,,,,,,,,,,,,,,,,,,,,,,,,,-99.7,,,,
2010-05-18,1007.8,1007.8,2010-05-18T22:22:00,1005.9,2010-05-18T17:32:00,28.2,33.2,2010-05-18T15:31:00,25.2,2010-05-18T22:54:00,-9997,-9997,,2.3,136,7.0,233.0,2010-05-18T19:08:00,0.0,,,,,,,,,,,,,,,,,,,,,,,,,,,-9997,,,,,,,,,,,,,,,,,,,,,,,,,,,,,,,,,,,,,,,,,,,,,,,,,,,,,,,,,,,,,,,,,,-99.7,,,,
2010-05-19,1007.8,1009.4,2010-05-19T21:48:00,1005.9,2010-05-19T16:15:00,28.6,34.3,2010-05-19T13:25:00,25.1,2010-05-19T05:00:00,-9997,-9997,,1.8,5,5.3,168.0,2010-05-19T12:07:00,0.0,,,,,,,,,,,,,,,,,,,,,,,,,,,-9997,,,,,,,,,,,,,,,,,,,,,,,,,,,,,,,,,,,,,,,,,,,,,,,,,,,,,,,,,,,,,,,,,,-99.7,,,,
2010-05-20,1008.9,1010.4,2010-05-20T21:53:00,1008.1,2010-05-20T14:12:00,27.3,30.3,2010-05-20T16:02:00,24.1,2010-05-20T21:09:00,-9997,-9997,,2.3,94,6.7,77.0,2010-05-20T12:53:00,0.0,,,,,,,,,,,,,,,,,,,,,,,,,,,-9997,,,,,,,,,,,,,,,,,,,,,,,,,,,,,,,,,,,,,,,,,,,,,,,,,,,,,,,,,,,,,,,,,,-99.7,,,,
2010-05-21,1008.1,1009.6,2010-05-21T06:16:00,1005.5,2010-05-21T23:58:00,27.2,32.3,2010-05-21T13:16:00,23.1,2010-05-21T05:56:00,-9997,-9997,,2.6,90,6.3,82.0,2010-05-21T14:22:00,0.0,,,,,,,,,,,,,,,,,,,,,,,,,,,-9997,,,,,,,,,,,,,,,,,,,,,,,,,,,,,,,,,,,,,,,,,,,,,,,,,,,,,,,,,,,,,,,,,,-99.7,,,,
2010-05-22,1003.1,1005.6,2010-05-22T00:01:00,1000.6,2010-05-22T23:59:00,28.0,34.2,2010-05-22T11:52:00,23.1,2010-05-22T05:56:00,-9997,-9997,,2.3,334,7.0,159.0,2010-05-22T12:37:00,0.0,,,,,,,,,,,,,,,,,,,,,,,,,,,-9997,,,,,,,,,,,,,,,,,,,,,,,,,,,,,,,,,,,,,,,,,,,,,,,,,,,,,,,,,,,,,,,,,,-99.7,,,,
2010-05-23,999.1,1002.0,2010-05-23T22:17:00,997.7,2010-05-23T13:52:00,26.0,30.2,2010-05-23T09:28:00,22.2,2010-05-23T21:58:00,-9997,-9997,,2.2,335,6.0,284.0,2010-05-23T13:16:00,5.0,,,,,,,,,,,,,,,,,,,,,,,,,,,-9997,,,,,,,,,,,,,,,,,,,,,,,,,,,,,,,,,,,,,,,,,,,,,,,,,,,,,,,,,,,,,,,,,,-99.7,,,,
2010-05-24,1005.7,1007.5,2010-05-24T22:19:00,1001.3,2010-05-24T00:35:00,23.6,28.2,2010-05-24T14:32:00,20.1,2010-05-24T22:58:00,-9997,-9997,,2.1,80,12.9,64.0,2010-05-24T02:18:00,0.5,,,,,,,,,,,,,,,,,,,,,,,,,,,-9997,,,,,,,,,,,,,,,,,,,,,,,,,,,,,,,,,,,,,,,,,,,,,,,,,,,,,,,,,,,,,,,,,,-99.7,,,,
2010-05-25,1007.4,1009.2,2010-05-25T21:54:00,1005.9,2010-05-25T03:20:00,25.4,31.3,2010-05-25T10:51:00,20.1,2010-05-25T04:37:00,-9997,-9997,,2.4,114,6.0,296.0,2010-05-25T03:02:00,0.0,,,,,,,,,,,,,,,,,,,,,,,,,,,-9997,,,,,,,,,,,,,,,,,,,,,,,,,,,,,,,,,,,,,,,,,,,,,,,,,,,,,,,,,,,,,,,,,,-99.7,,,,
2010-05-26,1009.1,1011.0,2010-05-26T22:20:00,1007.2,2010-05-26T03:22:00,25.7,30.3,2010-05-26T14:36:00,21.1,2010-05-26T23:54:00,-9997,-9997,,2.3,164,6.2,346.0,2010-05-26T22:13:00,0.0,,,,,,,,,,,,,,,,,,,,,,,,,,,-9997,,,,,,,,,,,,,,,,,,,,,,,,,,,,,,,,,,,,,,,,,,,,,,,,,,,,,,,,,,,,,,,,,,-99.7,,,,
2010-05-27,1010.0,1011.5,2010-05-27T22:31:00,1008.4,2010-05-27T03:50:00,24.7,32.3,2010-05-27T09:30:00,21.1,2010-05-27T00:04:00,-9997,-9997,,2.7,89,6.3,338.0,2010-05-27T01:05:00,4.0,,,,,,,,,,,,,,,,,,,,,,,,,,,-9997,,,,,,,,,,,,,,,,,,,,,,,,,,,,,,,,,,,,,,,,,,,,,,,,,,,,,,,,,,,,,,,,,,-99.7,,,,
2010-05-28,1007.3,1010.7,2010-05-29T00:00:00,1005.1,2010-05-28T15:36:00,26.4,32.3,2010-05-28T14:40:00,22.1,2010-05-28T01:25:00,-9997,-9997,,2.0,65,5.0,93.0,2010-05-28T11:18:00,0.5,,,,,,,,,,,,,,,,,,,,,,,,,,,-9997,,,,,,,,,,,,,,,,,,,,,,,,,,,,,,,,,,,,,,,,,,,,,,,,,,,,,,,,,,,,,,,,,,-99.7,,,,
2010-05-29,1003.9,1005.6,2010-05-29T22:23:00,1002.7,2010-05-29T17:04:00,25.8,31.3,2010-05-29T12:16:00,22.1,2010-05-29T22:07:00,-9997,-9997,,1.7,146,7.1,70.0,2010-05-29T17:08:00,17.0,,,,,,,,,,,,,,,,,,,,,,,,,,,-9997,,,,,,,,,,,,,,,,,,,,,,,,,,,,,,,,,,,,,,,,,,,,,,,,,,,,,,,,,,,,,,,,,,-99.7,,,,
2010-05-30,1004.9,1006.4,2010-05-30T22:35:00,1003.5,2010-05-30T02:34:00,23.6,27.2,2010-05-30T10:55:00,21.1,2010-05-30T19:23:00,-9997,-9997,,1.0,90,7.8,81.0,2010-05-30T12:53:00,14.5,,,,,,,,,,,,,,,,,,,,,,,,,,,-9997,,,,,,,,,,,,,,,,,,,,,,,,,,,,,,,,,,,,,,,,,,,,,,,,,,,,,,,,,,,,,,,,,,-99.7,,,,
2010-05-31,1005.9,1008.4,2010-05-31T21:47:00,1004.3,2010-05-31T02:51:00,23.8,29.2,2010-05-31T10:46:00,19.1,2010-05-31T21:45:00,-9997,-9997,,2.8,18,13.3,75.0,2010-05-31T16:10:00,1.0,,,,,,,,,,,,,,,,,,,,,,,,,,,-9997,,,,,,,,,,,,,,,,,,,,,,,,,,,,,,,,,,,,,,,,,,,,,,,,,,,,,,,,,,,,,,,,,,-99.7,,,,
2010-06-01,1008.3,1010.3,2010-06-01T22:40:00,1007.2,2010-06-01T00:29:00,23.3,30.3,2010-06-01T09:16:00,17.1,2010-06-01T02:30:00,-9997,-9997,,3.3,338,10.5,69.0,2010-06-01T11:56:00,0.0,,,,,,,,,,,,,,,,,,,,,,,,,,,-9997,,,,,,,,,,,,,,,,,,,,,,,,,,,,,,,,,,,,,,,,,,,,,,,,,,,,,,,,,,,,,,,,,,-99.7,,,,
2010-06-02,1010.1,1012.1,2010-06-02T20:52:00,1008.2,2010-06-02T03:11:00,22.8,30.3,2010-06-02T09:28:00,18.1,2010-06-02T22:31:00,-9997,-9997,,2.1,338,7.7,70.0,2010-06-02T12:42:00,2.0,,,,,,,,,,,,,,,,,,,,,,,,,,,-9997,,,,,,,,,,,,,,,,,,,,,,,,,,,,,,,,,,,,,,,,,,,,,,,,,,,,,,,,,,,,,,,,,,-99.7,,,,
2010-06-03,1009.2,1010.6,2010-06-03T00:02:00,1008.2,2010-06-03T15:58:00,22.6,25.2,2010-06-03T13:15:00,20.1,2010-06-03T01:23:00,-9997,-9997,,2.0,321,7.2,131.0,2010-06-03T17:45:00,9.5,,,,,,,,,,,,,,,,,,,,,,,,,,,-9997,,,,,,,,,,,,,,,,,,,,,,,,,,,,,,,,,,,,,,,,,,,,,,,,,,,,,,,,,,,,,,,,,,-99.7,,,,
2010-06-04,1005.7,1008.3,2010-06-05T00:00:00,1004.2,2010-06-04T14:06:00,25.3,30.3,2010-06-04T11:06:00,21.1,2010-06-04T02:04:00,-9997,-9997,,2.3,334,10.0,82.0,2010-06-04T19:38:00,0.5,,,,,,,,,,,,,,,,,,,,,,,,,,,-9997,,,,,,,,,,,,,,,,,,,,,,,,,,,,,,,,,,,,,,,,,,,,,,,,,,,,,,,,,,,,,,,,,,-99.7,,,,
2010-06-05,1005.7,1007.3,2010-06-05T21:46:00,1003.9,2010-06-05T03:23:00,25.1,30.3,2010-06-05T09:26:00,21.1,2010-06-05T03:06:00,-9997,-9997,,2.5,61,11.0,89.0,2010-06-05T15:33:00,0.0,,,,,,,,,,,,,,,,,,,,,,,,,,,-9997,,,,,,,,,,,,,,,,,,,,,,,,,,,,,,,,,,,,,,,,,,,,,,,,,,,,,,,,,,,,,,,,,,-99.7,,,,
2010-06-06,1006.4,1008.3,2010-06-06T22:15:00,1005.0,2010-06-06T02:06:00,26.2,31.3,2010-06-06T11:40:00,22.1,2010-06-06T05:34:00,-9997,-9997,,2.5,63,11.9,58.0,2010-06-06T16:23:00,0.0,,,,,,,,,,,,,,,,,,,,,,,,,,,-9997,,,,,,,,,,,,,,,,,,,,,,,,,,,,,,,,,,,,,,,,,,,,,,,,,,,,,,,,,,,,,,,,,,-99.7,,,,
2010-06-07,1008.9,1010.7,2010-06-07T22:12:00,1007.6,2010-06-07T01:48:00,25.4,32.3,2010-06-07T10:35:00,20.1,2010-06-07T02:05:00,-9997,-9997,,2.3,299,11.1,68.0,2010-06-07T09:14:00,0.0,,,,,,,,,,,,,,,,,,,,,,,,,,,-9997,,,,,,,,,,,,,,,,,,,,,,,,,,,,,,,,,,,,,,,,,,,,,,,,,,,,,,,,,,,,,,,,,,-99.7,,,,
2010-06-08,1009.4,1010.8,2010-06-08T08:15:00,1008.0,2010-06-08T17:26:00,25.5,30.3,2010-06-08T12:41:00,21.1,2010-06-08T05:28:00,-9997,-9997,,2.5,302,6.8,62.0,2010-06-08T11:45:00,0.0,,,,,,,,,,,,,,,,,,,,,,,,,,,-9997,,,,,,,,,,,,,,,,,,,,,,,,,,,,,,,,,,,,,,,,,,,,,,,,,,,,,,,,,,,,,,,,,,-99.7,,,,
2010-06-09,1008.1,1009.8,2010-06-09T22:03:00,1006.5,2010-06-09T16:30:00,26.4,32.3,2010-06-09T11:19:00,22.1,2010-06-09T05:03:00,-9997,-9997,,2.6,158,8.2,174.0,2010-06-09T13:21:00,0.0,,,,,,,,,,,,,,,,,,,,,,,,,,,-9997,,,,,,,,,,,,,,,,,,,,,,,,,,,,,,,,,,,,,,,,,,,,,,,,,,,,,,,,,,,,,,,,,,-99.7,,,,
2010-06-10,1006.8,1008.7,2010-06-10T08:57:00,1004.9,2010-06-10T14:28:00,25.4,30.2,2010-06-10T13:47:00,22.1,2010-06-10T08:34:00,-9997,-9997,,1.8,315,5.4,306.0,2010-06-10T11:29:00,77.0,,,,,,,,,,,,,,,,,,,,,,,,,,,-9997,,,,,,,,,,,,,,,,,,,,,,,,,,,,,,,,,,,,,,,,,,,,,,,,,,,,,,,,,,,,,,,,,,-99.7,,,,
2010-06-11,1005.7,1007.7,2010-06-11T22:14:00,1004.6,2010-06-11T03:14:00,26.4,31.3,2010-06-11T15:14:00,23.1,2010-06-11T06:05:00,-9997,-9997,,2.0,340,6.3,73.0,2010-06-11T12:54:00,5.0,,,,,,,,,,,,,,,,,,,,,,,,,,,-9997,,,,,,,,,,,,,,,,,,,,,,,,,,,,,,,,,,,,,,,,,,,,,,,,,,,,,,,,,,,,,,,,,,-99.7,,,,
2010-06-12,1006.9,1008.2,2010-06-12T10:53:00,1005.7,2010-06-12T03:08:00,24.3,27.2,2010-06-12T12:52:00,22.1,2010-06-12T18:57:00,-9997,-9997,,1.3,323,4.3,54.0,2010-06-12T13:58:00,3.5,,,,,,,,,,,,,,,,,,,,,,,,,,,-9997,,,,,,,,,,,,,,,,,,,,,,,,,,,,,,,,,,,,,,,,,,,,,,,,,,,,,,,,,,,,,,,,,,-99.7,,,,
2010-06-13,1006.5,1007.6,2010-06-13T09:23:00,1004.6,2010-06-13T16:48:00,25.6,31.3,2010-06-13T10:30:00,23.1,2010-06-13T03:40:00,-9997,-9997,,1.6,316,4.1,167.0,2010-06-13T15:04:00,4.5,,,,,,,,,,,,,,,,,,,,,,,,,,,-9997,,,,,,,,,,,,,,,,,,,,,,,,,,,,,,,,,,,,,,,,,,,,,,,,,,,,,,,,,,,,,,,,,,-99.7,,,,
2010-06-14,1005.4,1006.8,2010-06-14T00:01:00,1003.9,2010-06-14T18:05:00,25.3,28.2,2010-06-14T14:03:00,23.1,2010-06-14T03:32:00,-9997,-9997,,2.1,315,5.1,339.0,2010-06-14T02:27:00,5.5,,,,,,,,,,,,,,,,,,,,,,,,,,,-9997,,,,,,,,,,,,,,,,,,,,,,,,,,,,,,,,,,,,,,,,,,,,,,,,,,,,,,,,,,,,,,,,,,-99.7,,,,
2010-06-15,1005.1,1006.4,2010-06-15T22:23:00,1003.4,2010-06-15T04:49:00,25.3,29.2,2010-06-15T10:10:00,22.1,2010-06-15T21:27:00,-9997,-9997,,2.9,312,6.7,310.0,2010-06-15T16:01:00,3.0,,,,,,,,,,,,,,,,,,,,,,,,,,,-9997,,,,,,,,,,,,,,,,,,,,,,,,,,,,,,,,,,,,,,,,,,,,,,,,,,,,,,,,,,,,,,,,,,-99.7,,,,
2010-06-16,1005.6,1006.9,2010-06-16T22:04:00,1003.9,2010-06-16T04:25:00,26.9,31.3,2010-06-16T11:52:00,23.1,2010-06-16T01:35:00,-9997,-9997,,2.5,328,7.3,310.0,2010-06-16T01:27:00,0.0,,,,,,,,,,,,,,,,,,,,,,,,,,,-9997,,,,,,,,,,,,,,,,,,,,,,,,,,,,,,,,,,,,,,,,,,,,,,,,,,,,,,,,,,,,,,,,,,-99.7,,,,
2010-06-17,1006.0,1007.4,2010-06-17T10:05:00,1005.2,2010-06-17T02:50:00,26.3,30.3,2010-06-17T14:25:00,23.1,2010-06-17T07:20:00,-9997,-9997,,2.6,325,6.3,335.0,2010-06-17T21:30:00,0.0,,,,,,,,,,,,,,,,,,,,,,,,,,,-9997,,,,,,,,,,,,,,,,,,,,,,,,,,,,,,,,,,,,,,,,,,,,,,,,,,,,,,,,,,,,,,,,,,-99.7,,,,
2010-06-18,1005.5,1007.0,2010-06-18T21:43:00,1004.3,2010-06-18T03:52:00,27.8,34.3,2010-06-18T13:16:00,23.2,2010-06-18T02:09:00,-9997,-9997,,2.2,103,5.9,323.0,2010-06-18T00:32:00,0.0,,,,,,,,,,,,,,,,,,,,,,,,,,,-9997,,,,,,,,,,,,,,,,,,,,,,,,,,,,,,,,,,,,,,,,,,,,,,,,,,,,,,,,,,,,,,,,,,-99.7,,,,
2010-06-19,1006.2,1007.6,2010-06-19T09:35:00,1005.1,2010-06-19T03:07:00,28.4,33.3,2010-06-19T12:42:00,24.1,2010-06-19T02:31:00,-9997,-9997,,2.2,335,6.6,342.0,2010-06-19T05:16:00,0.0,,,,,,,,,,,,,,,,,,,,,,,,,,,-9997,,,,,,,,,,,,,,,,,,,,,,,,,,,,,,,,,,,,,,,,,,,,,,,,,,,,,,,,,,,,,,,,,,-99.7,,,,
2010-06-20,1006.0,1007.7,2010-06-20T21:58:00,1004.1,2010-06-20T02:01:00,28.3,33.3,2010-06-20T09:48:00,23.1,2010-06-20T05:09:00,-9997,-9997,,2.0,334,4.9,349.0,2010-06-20T06:11:00,0.0,,,,,,,,,,,,,,,,,,,,,,,,,,,-9997,,,,,,,,,,,,,,,,,,,,,,,,,,,,,,,,,,,,,,,,,,,,,,,,,,,,,,,,,,,,,,,,,,-99.7,,,,
2010-06-21,1006.5,1009.5,2010-06-21T22:28:00,1005.2,2010-06-21T15:09:00,28.3,33.3,2010-06-21T12:47:00,24.1,2010-06-21T20:54:00,-9997,-9997,,2.2,326,7.0,68.0,2010-06-21T19:02:00,4.0,,,,,,,,,,,,,,,,,,,,,,,,,,,-9997,,,,,,,,,,,,,,,,,,,,,,,,,,,,,,,,,,,,,,,,,,,,,,,,,,,,,,,,,,,,,,,,,,-99.7,,,,
2010-06-22,1007.6,1009.4,2010-06-22T21:37:00,1006.1,2010-06-22T16:05:00,28.3,33.3,2010-06-22T13:00:00,24.1,2010-06-22T04:03:00,-9997,-9997,,1.8,334,5.4,327.0,2010-06-22T06:56:00,1.5,,,,,,,,,,,,,,,,,,,,,,,,,,,-9997,,,,,,,,,,,,,,,,,,,,,,,,,,,,,,,,,,,,,,,,,,,,,,,,,,,,,,,,,,,,,,,,,,-99.7,,,,
2010-06-23,1006.2,1009.1,2010-06-24T00:00:00,1004.6,,27.6,32.3,2010-06-23T12:23:00,24.1,2010-06-23T23:36:00,-9997,-9997,,2.4,334,9.9,85.0,2010-06-23T14:38:00,1.0,,,,,,,,,,,,,,,,,,,,,,,,,,,-9997,,,,,,,,,,,,,,,,,,,,,,,,,,,,,,,,,,,,,,,,,,,,,,,,,,,,,,,,,,,,,,,,,,-99.7,,,,
2010-06-24,1003.0,1005.2,2010-06-25T00:00:00,1001.9,2010-06-24T16:47:00,28.1,33.3,2010-06-24T08:38:00,24.1,2010-06-24T01:16:00,-9997,-9997,,1.9,330,6.1,287.0,2010-06-24T01:41:00,0.0,,,,,,,,,,,,,,,,,,,,,,,,,,,-9997,,,,,,,,,,,,,,,,,,,,,,,,,,,,,,,,,,,,,,,,,,,,,,,,,,,,,,,,,,,,,,,,,,-99.7,,,,
2010-06-25,1001.6,1003.9,2010-06-25T22:42:00,1000.4,2010-06-25T04:51:00,27.3,32.3,2010-06-25T10:54:00,24.1,2010-06-25T05:11:00,-9997,-9997,,2.3,330,6.0,299.0,2010-06-25T19:55:00,0.0,,,,,,,,,,,,,,,,,,,,,,,,,,,-9997,,,,,,,,,,,,,,,,,,,,,,,,,,,,,,,,,,,,,,,,,,,,,,,,,,,,,,,,,,,,,,,,,,-99.7,,,,
2010-06-26,1005.3,1008.8,2010-06-26T22:10:00,1001.3,2010-06-26T02:42:00,28.4,34.3,2010-06-26T11:26:00,24.1,2010-06-26T06:11:00,-9997,-9997,,2.0,97,8.3,285.0,2010-06-26T22:10:00,9.5,,,,,,,,,,,,,,,,,,,,,,,,,,,-9997,,,,,,,,,,,,,,,,,,,,,,,,,,,,,,,,,,,,,,,,,,,,,,,,,,,,,,,,,,,,,,,,,,-99.7,,,,
2010-06-27,1007.5,1008.6,2010-06-27T08:22:00,1006.1,2010-06-27T15:35:00,28.2,33.3,2010-06-27T13:22:00,24.1,2010-06-27T04:11:00,-9997,-9997,,2.3,79,9.6,85.0,2010-06-27T22:44:00,8.0,,,,,,,,,,,,,,,,,,,,,,,,,,,-9997,,,,,,,,,,,,,,,,,,,,,,,,,,,,,,,,,,,,,,,,,,,,,,,,,,,,,,,,,,,,,,,,,,-99.7,,,,
2010-06-28,1007.5,1009.1,2010-06-28T22:09:00,1005.8,2010-06-28T15:48:00,28.9,33.3,2010-06-28T14:01:00,25.1,2010-06-28T05:10:00,-9997,-9997,,1.9,338,5.1,102.0,2010-06-28T15:45:00,0.0,,,,,,,,,,,,,,,,,,,,,,,,,,,-9997,,,,,,,,,,,,,,,,,,,,,,,,,,,,,,,,,,,,,,,,,,,,,,,,,,,,,,,,,,,,,,,,,,-99.7,,,,
2010-06-29,1008.1,1009.4,2010-06-29T22:19:00,1007.1,2010-06-29T16:08:00,28.9,33.3,2010-06-29T12:46:00,25.1,2010-06-29T04:36:00,-9997,-9997,,2.0,85,5.6,72.0,2010-06-29T10:35:00,0.0,,,,,,,,,,,,,,,,,,,,,,,,,,,-9997,,,,,,,,,,,,,,,,,,,,,,,,,,,,,,,,,,,,,,,,,,,,,,,,,,,,,,,,,,,,,,,,,,-99.7,,,,
2010-06-30,1007.3,1008.8,2010-06-30T00:08:00,1005.6,2010-06-30T17:03:00,29.0,34.3,2010-06-30T10:15:00,26.1,2010-06-30T04:32:00,-9997,-9997,,1.8,335,4.9,349.0,2010-06-30T03:25:00,0.0,,,,,,,,,,,,,,,,,,,,,,,,,,,-9997,,,,,,,,,,,,,,,,,,,,,,,,,,,,,,,,,,,,,,,,,,,,,,,,,,,,,,,,,,,,,,,,,,-99.7,,,,
2010-07-01,1005.8,1007.3,2010-07-01T09:23:00,1004.6,2010-07-01T16:29:00,29.4,35.3,2010-07-01T12:12:00,25.1,2010-07-01T03:41:00,-9997,-9997,,2.0,339,5.0,341.0,2010-07-01T05:13:00,0.0,,,,,,,,,,,,,,,,,,,,,,,,,,,-9997,,,,,,,,,,,,,,,,,,,,,,,,,,,,,,,,,,,,,,,,,,,,,,,,,,,,,,,,,,,,,,,,,,-99.7,,,,
2010-07-02,1004.0,1005.1,2010-07-02T07:34:00,1002.8,2010-07-02T17:31:00,29.8,35.3,2010-07-02T11:48:00,25.1,2010-07-02T05:08:00,-9997,-9997,,2.2,96,5.3,354.0,2010-07-02T04:55:00,0.0,,,,,,,,,,,,,,,,,,,,,,,,,,,-9997,,,,,,,,,,,,,,,,,,,,,,,,,,,,,,,,,,,,,,,,,,,,,,,,,,,,,,,,,,,,,,,,,,-99.7,,,,
2010-07-03,1004.0,1005.1,2010-07-03T10:41:00,1003.0,2010-07-03T17:42:00,29.9,36.4,2010-07-03T11:59:00,25.1,2010-07-03T03:39:00,-9997,-9997,,2.3,97,6.0,341.0,2010-07-03T06:48:00,0.0,,,,,,,,,,,,,,,,,,,,,,,,,,,-9997,,,,,,,,,,,,,,,,,,,,,,,,,,,,,,,,,,,,,,,,,,,,,,,,,,,,,,,,,,,,,,,,,,-99.7,,,,
2010-07-04,1003.5,1004.8,2010-07-04T10:54:00,1002.6,2010-07-04T15:39:00,29.9,36.3,2010-07-04T10:05:00,25.1,2010-07-04T04:13:00,-9997,-9997,,2.3,335,6.1,329.0,2010-07-04T06:11:00,0.0,,,,,,,,,,,,,,,,,,,,,,,,,,,-9997,,,,,,,,,,,,,,,,,,,,,,,,,,,,,,,,,,,,,,,,,,,,,,,,,,,,,,,,,,,,,,,,,,-99.7,,,,
2010-07-05,1002.2,1003.0,2010-07-05T07:49:00,1000.9,2010-07-05T16:18:00,30.0,36.4,2010-07-05T13:20:00,25.1,2010-07-05T05:21:00,-9997,-9997,,2.6,323,6.8,318.0,2010-07-05T23:57:00,0.0,,,,,,,,,,,,,,,,,,,,,,,,,,,-9997,,,,,,,,,,,,,,,,,,,,,,,,,,,,,,,,,,,,,,,,,,,,,,,,,,,,,,,,,,,,,,,,,,-99.7,,,,
2010-07-06,1002.9,1005.2,2010-07-06T22:04:00,1001.3,2010-07-06T01:58:00,29.8,35.3,2010-07-06T08:19:00,25.1,2010-07-06T03:21:00,-9997,-9997,,2.3,71,7.7,314.0,2010-07-06T00:55:00,0.0,,,,,,,,,,,,,,,,,,,,,,,,,,,-9997,,,,,,,,,,,,,,,,,,,,,,,,,,,,,,,,,,,,,,,,,,,,,,,,,,,,,,,,,,,,,,,,,,-99.7,,,,
2010-07-07,1005.4,1007.3,2010-07-07T21:59:00,1003.3,2010-07-07T02:46:00,29.9,36.4,2010-07-07T12:30:00,25.1,2010-07-07T05:05:00,-9997,-9997,,2.4,329,8.1,57.0,2010-07-07T16:04:00,0.0,,,,,,,,,,,,,,,,,,,,,,,,,,,-9997,,,,,,,,,,,,,,,,,,,,,,,,,,,,,,,,,,,,,,,,,,,,,,,,,,,,,,,,,,,,,,,,,,-99.7,,,,
2010-07-08,1006.2,1007.6,2010-07-08T09:27:00,1004.7,2010-07-08T16:00:00,29.6,35.3,2010-07-08T13:10:00,25.1,2010-07-08T04:56:00,-9997,-9997,,2.1,316,5.6,298.0,2010-07-08T02:39:00,0.0,,,,,,,,,,,,,,,,,,,,,,,,,,,-9997,,,,,,,,,,,,,,,,,,,,,,,,,,,,,,,,,,,,,,,,,,,,,,,,,,,,,,,,,,,,,,,,,,-99.7,,,,
2010-07-09,1006.5,1007.9,2010-07-09T21:51:00,1005.4,,29.6,35.3,2010-07-09T08:56:00,25.1,2010-07-09T04:58:00,-9997,-9997,,2.3,156,4.9,301.0,2010-07-09T22:08:00,0.0,,,,,,,,,,,,,,,,,,,,,,,,,,,-9997,,,,,,,,,,,,,,,,,,,,,,,,,,,,,,,,,,,,,,,,,,,,,,,,,,,,,,,,,,,,,,,,,,-99.7,,,,
2010-07-10,1007.6,1009.4,2010-07-10T21:50:00,1006.1,2010-07-10T04:05:00,30.3,36.4,2010-07-10T14:14:00,26.1,2010-07-10T02:42:00,-9997,-9997,,2.2,160,5.8,305.0,2010-07-10T03:10:00,0.0,,,,,,,,,,,,,,,,,,,,,,,,,,,-9997,,,,,,,,,,,,,,,,,,,,,,,,,,,,,,,,,,,,,,,,,,,,,,,,,,,,,,,,,,,,,,,,,,-99.7,,,,
2010-07-11,1008.1,1009.9,2010-07-11T21:30:00,1006.9,2010-07-11T14:13:00,30.0,36.4,2010-07-11T13:58:00,25.1,2010-07-11T04:47:00,-9997,-9997,,2.2,154,7.0,173.0,2010-07-11T12:30:00,6.5,,,,,,,,,,,,,,,,,,,,,,,,,,,-9997,,,,,,,,,,,,,,,,,,,,,,,,,,,,,,,,,,,,,,,,,,,,,,,,,,,,,,,,,,,,,,,,,,-99.7,,,,
2010-07-12,1008.0,1009.7,2010-07-12T22:24:00,1006.9,2010-07-12T15:36:00,29.7,34.3,2010-07-12T11:39:00,26.1,2010-07-12T03:10:00,-9997,-9997,,2.2,98,6.5,149.0,2010-07-12T13:21:00,0.0,,,,,,,,,,,,,,,,,,,,,,,,,,,-9997,,,,,,,,,,,,,,,,,,,,,,,,,,,,,,,,,,,,,,,,,,,,,,,,,,,,,,,,,,,,,,,,,,-99.7,,,,
2010-07-13,1008.5,1010.3,2010-07-13T22:39:00,1007.0,2010-07-13T17:16:00,29.3,34.3,2010-07-13T14:05:00,26.1,2010-07-13T05:10:00,-9997,-9997,,2.3,84,8.3,143.0,2010-07-13T18:03:00,0.0,,,,,,,,,,,,,,,,,,,,,,,,,,,-9997,,,,,,,,,,,,,,,,,,,,,,,,,,,,,,,,,,,,,,,,,,,,,,,,,,,,,,,,,,,,,,,,,,-99.7,,,,
2010-07-14,1009.0,1010.3,2010-07-14T21:16:00,1007.9,2010-07-14T03:36:00,29.1,34.3,2010-07-14T14:43:00,25.1,2010-07-14T22:14:00,-9997,-9997,,2.2,325,6.0,123.0,2010-07-14T10:02:00,0.0,,,,,,,,,,,,,,,,,,,,,,,,,,,-9997,,,,,,,,,,,,,,,,,,,,,,,,,,,,,,,,,,,,,,,,,,,,,,,,,,,,,,,,,,,,,,,,,,-99.7,,,,
2010-07-15,1008.5,1010.6,2010-07-15T22:03:00,1007.1,2010-07-15T13:41:00,28.8,34.3,2010-07-15T15:30:00,24.1,2010-07-15T04:53:00,-9997,-9997,,2.2,135,7.8,125.0,2010-07-15T20:45:00,0.0,,,,,,,,,,,,,,,,,,,,,,,,,,,-9997,,,,,,,,,,,,,,,,,,,,,,,,,,,,,,,,,,,,,,,,,,,,,,,,,,,,,,,,,,,,,,,,,,-99.7,,,,
2010-07-16,1009.3,1011.4,2010-07-16T21:47:00,1008.1,2010-07-16T14:16:00,28.9,34.3,2010-07-16T13:08:00,25.1,2010-07-16T03:33:00,-9997,-9997,,1.9,125,6.8,216.0,2010-07-16T00:55:00,0.0,,,,,,,,,,,,,,,,,,,,,,,,,,,-9997,,,,,,,,,,,,,,,,,,,,,,,,,,,,,,,,,,,,,,,,,,,,,,,,,,,,,,,,,,,,,,,,,,-99.7,,,,
2010-07-17,1010.6,1011.9,2010-07-17T21:21:00,1009.7,2010-07-17T17:08:00,29.0,35.3,2010-07-17T11:49:00,24.2,2010-07-17T04:17:00,-9997,-9997,,2.2,334,5.4,344.0,2010-07-17T02:25:00,0.0,,,,,,,,,,,,,,,,,,,,,,,,,,,-9997,,,,,,,,,,,,,,,,,,,,,,,,,,,,,,,,,,,,,,,,,,,,,,,,,,,,,,,,,,,,,,,,,,-99.7,,,,
2010-07-18,1009.6,1011.1,2010-07-19T00:00:00,1007.8,2010-07-18T17:22:00,28.7,34.3,2010-07-18T13:54:00,25.1,2010-07-18T05:03:00,-9997,-9997,,2.5,337,5.9,294.0,2010-07-18T06:50:00,0.0,,,,,,,,,,,,,,,,,,,,,,,,,,,-9997,,,,,,,,,,,,,,,,,,,,,,,,,,,,,,,,,,,,,,,,,,,,,,,,,,,,,,,,,,,,,,,,,,-99.7,,,,
2010-07-19,1007.9,1009.3,2010-07-19T00:01:00,1006.7,2010-07-19T15:03:00,28.5,34.2,2010-07-19T13:59:00,25.1,2010-07-19T05:37:00,-9997,-9997,,2.3,92,5.8,77.0,2010-07-19T10:23:00,0.0,,,,,,,,,,,,,,,,,,,,,,,,,,,-9997,,,,,,,,,,,,,,,,,,,,,,,,,,,,,,,,,,,,,,,,,,,,,,,,,,,,,,,,,,,,,,,,,,-99.7,,,,
2010-07-20,1008.6,1010.2,2010-07-20T22:34:00,1007.2,2010-07-20T03:52:00,29.1,34.3,2010-07-20T13:01:00,25.1,2010-07-20T05:04:00,-9997,-9997,,1.8,114,6.0,164.0,2010-07-20T19:07:00,0.0,,,,,,,,,,,,,,,,,,,,,,,,,,,-9997,,,,,,,,,,,,,,,,,,,,,,,,,,,,,,,,,,,,,,,,,,,,,,,,,,,,,,,,,,,,,,,,,,-99.7,,,,
2010-07-21,1009.3,1011.6,2010-07-21T22:23:00,1007.9,2010-07-21T17:32:00,28.8,35.2,2010-07-21T14:56:00,25.1,2010-07-21T04:58:00,-9997,-9997,,1.8,336,5.7,119.0,2010-07-21T16:22:00,0.0,,,,,,,,,,,,,,,,,,,,,,,,,,,-9997,,,,,,,,,,,,,,,,,,,,,,,,,,,,,,,,,,,,,,,,,,,,,,,,,,,,,,,,,,,,,,,,,,-99.7,,,,
2010-07-22,1009.1,1010.1,2010-07-22T10:35:00,1007.7,2010-07-22T16:35:00,28.7,34.3,2010-07-22T13:28:00,23.1,2010-07-22T04:50:00,-9997,-9997,,2.1,146,6.1,138.0,2010-07-22T09:15:00,0.5,,,,,,,,,,,,,,,,,,,,,,,,,,,-9997,,,,,,,,,,,,,,,,,,,,,,,,,,,,,,,,,,,,,,,,,,,,,,,,,,,,,,,,,,,,,,,,,,-99.7,,,,
2010-07-23,1006.9,1009.2,2010-07-24T00:00:00,1005.5,2010-07-23T15:33:00,28.7,33.3,2010-07-23T09:00:00,24.1,2010-07-23T04:07:00,-9997,-9997,,2.8,87,8.4,59.0,2010-07-23T13:45:00,0.0,,,,,,,,,,,,,,,,,,,,,,,,,,,-9997,,,,,,,,,,,,,,,,,,,,,,,,,,,,,,,,,,,,,,,,,,,,,,,,,,,,,,,,,,,,,,,,,,-99.7,,,,
2010-07-24,1006.3,1008.6,2010-07-24T21:29:00,1004.5,2010-07-24T15:07:00,27.2,32.3,2010-07-24T08:30:00,24.1,2010-07-24T16:27:00,-9997,-9997,,2.1,49,16.4,101.0,2010-07-24T15:25:00,78.5,,,,,,,,,,,,,,,,,,,,,,,,,,,-9997,,,,,,,,,,,,,,,,,,,,,,,,,,,,,,,,,,,,,,,,,,,,,,,,,,,,,,,,,,,,,,,,,,-99.7,,,,
2010-07-25,1007.8,1009.5,2010-07-25T22:43:00,1006.8,2010-07-25T15:35:00,27.1,32.3,2010-07-25T12:45:00,24.1,2010-07-25T22:40:00,-9997,-9997,,2.2,121,7.3,171.0,2010-07-25T11:09:00,13.0,,,,,,,,,,,,,,,,,,,,,,,,,,,-9997,,,,,,,,,,,,,,,,,,,,,,,,,,,,,,,,,,,,,,,,,,,,,,,,,,,,,,,,,,,,,,,,,,-99.7,,,,
2010-07-26,1006.8,1008.9,2010-07-27T00:00:00,1004.7,2010-07-26T17:05:00,26.4,31.3,2010-07-26T07:54:00,24.1,2010-07-26T03:21:00,-9997,-9997,,1.7,325,5.5,156.0,2010-07-26T13:37:00,6.5,,,,,,,,,,,,,,,,,,,,,,,,,,,-9997,,,,,,,,,,,,,,,,,,,,,,,,,,,,,,,,,,,,,,,,,,,,,,,,,,,,,,,,,,,,,,,,,,-99.7,,,,
2010-07-27,1005.8,1006.8,2010-07-27T10:11:00,1004.7,2010-07-27T03:46:00,26.2,31.3,2010-07-27T12:51:00,23.1,2010-07-27T05:53:00,-9997,-9997,,1.6,328,6.5,299.0,2010-07-27T21:15:00,3.5,,,,,,,,,,,,,,,,,,,,,,,,,,,-9997,,,,,,,,,,,,,,,,,,,,,,,,,,,,,,,,,,,,,,,,,,,,,,,,,,,,,,,,,,,,,,,,,,-99.7,,,,
2010-07-28,1005.0,1006.8,2010-07-28T10:09:00,1002.9,2010-07-28T16:42:00,27.1,31.3,2010-07-28T10:52:00,23.1,2010-07-28T04:17:00,-9997,-9997,,2.0,337,6.6,292.0,2010-07-28T05:18:00,0.0,,,,,,,,,,,,,,,,,,,,,,,,,,,-9997,,,,,,,,,,,,,,,,,,,,,,,,,,,,,,,,,,,,,,,,,,,,,,,,,,,,,,,,,,,,,,,,,,-99.7,,,,
2010-07-29,1004.1,1005.3,2010-07-29T22:22:00,1002.1,2010-07-29T15:50:00,28.3,34.3,2010-07-29T13:16:00,24.1,2010-07-29T01:22:00,-9997,-9997,,2.2,331,5.8,329.0,2010-07-29T06:11:00,0.5,,,,,,,,,,,,,,,,,,,,,,,,,,,-9997,,,,,,,,,,,,,,,,,,,,,,,,,,,,,,,,,,,,,,,,,,,,,,,,,,,,,,,,,,,,,,,,,,-99.7,,,,
2010-07-30,1005.2,1007.0,2010-07-30T22:23:00,1003.1,2010-07-30T03:02:00,29.2,34.3,2010-07-30T15:19:00,24.1,2010-07-30T01:15:00,-9997,-9997,,2.2,339,6.8,349.0,2010-07-30T06:08:00,0.0,,,,,,,,,,,,,,,,,,,,,,,,,,,-9997,,,,,,,,,,,,,,,,,,,,,,,,,,,,,,,,,,,,,,,,,,,,,,,,,,,,,,,,,,,,,,,,,,-99.7,,,,
2010-07-31,1007.8,1009.6,2010-07-31T23:48:00,1006.3,2010-07-31T01:39:00,29.2,34.3,2010-07-31T11:18:00,24.1,2010-07-31T05:27:00,-9997,-9997,,2.5,330,7.6,176.0,2010-07-31T19:29:00,0.0,,,,,,,,,,,,,,,,,,,,,,,,,,,-9997,,,,,,,,,,,,,,,,,,,,,,,,,,,,,,,,,,,,,,,,,,,,,,,,,,,,,,,,,,,,,,,,,,-99.7,,,,
2010-08-01,1009.8,1011.1,2010-08-01T21:35:00,1008.9,2010-08-01T03:47:00,29.0,33.3,2010-08-01T09:48:00,25.1,2010-08-01T04:48:00,-9997,-9997,,2.0,84,4.8,342.0,2010-08-01T04:29:00,0.0,,,,,,,,,,,,,,,,,,,,,,,,,,,-9997,,,,,,,,,,,,,,,,,,,,,,,,,,,,,,,,,,,,,,,,,,,,,,,,,,,,,,,,,,,,,,,,,,-99.7,,,,
2010-08-02,1008.0,1009.7,2010-08-02T08:02:00,1006.2,2010-08-02T23:59:00,29.5,34.3,2010-08-02T13:36:00,25.1,2010-08-02T05:46:00,-9997,-9997,,2.3,127,5.1,338.0,2010-08-02T05:24:00,0.0,,,,,,,,,,,,,,,,,,,,,,,,,,,-9997,,,,,,,,,,,,,,,,,,,,,,,,,,,,,,,,,,,,,,,,,,,,,,,,,,,,,,,,,,,,,,,,,,-99.7,,,,
2010-08-03,1004.1,1006.2,2010-08-04T00:00:00,1002.5,2010-08-03T16:57:00,29.8,35.3,2010-08-03T15:09:00,25.1,2010-08-03T05:12:00,-9997,-9997,,2.2,331,4.9,349.0,2010-08-03T23:15:00,0.0,,,,,,,,,,,,,,,,,,,,,,,,,,,-9997,,,,,,,,,,,,,,,,,,,,,,,,,,,,,,,,,,,,,,,,,,,,,,,,,,,,,,,,,,,,,,,,,,-99.7,,,,
2010-08-04,1002.7,1004.4,2010-08-04T21:35:00,1000.6,2010-08-04T16:30:00,29.1,34.3,2010-08-04T12:25:00,25.1,2010-08-04T04:36:00,-9997,-9997,,2.7,352,8.8,76.0,2010-08-04T14:07:00,0.0,,,,,,,,,,,,,,,,,,,,,,,,,,,-9997,,,,,,,,,,,,,,,,,,,,,,,,,,,,,,,,,,,,,,,,,,,,,,,,,,,,,,,,,,,,,,,,,,-99.7,,,,
2010-08-05,1004.5,1006.6,2010-08-05T22:47:00,1002.5,2010-08-05T03:47:00,29.0,34.3,2010-08-05T12:12:00,25.1,2010-08-05T23:28:00,-9997,-9997,,2.2,339,6.8,318.0,2010-08-05T23:21:00,7.5,,,,,,,,,,,,,,,,,,,,,,,,,,,-9997,,,,,,,,,,,,,,,,,,,,,,,,,,,,,,,,,,,,,,,,,,,,,,,,,,,,,,,,,,,,,,,,,,-99.7,,,,
2010-08-06,1005.5,1007.7,2010-08-06T10:40:00,1003.8,2010-08-06T02:56:00,27.4,30.3,2010-08-06T15:24:00,24.1,2010-08-06T02:29:00,-9997,-9997,,2.6,327,7.6,61.0,2010-08-06T10:37:00,2.0,,,,,,,,,,,,,,,,,,,,,,,,,,,-9997,,,,,,,,,,,,,,,,,,,,,,,,,,,,,,,,,,,,,,,,,,,,,,,,,,,,,,,,,,,,,,,,,,-99.7,,,,
2010-08-07,1003.9,1006.4,2010-08-07T01:52:00,1002.1,2010-08-07T16:27:00,27.1,31.3,2010-08-07T09:16:00,24.1,2010-08-07T02:20:00,-9997,-9997,,2.9,296,9.8,65.0,2010-08-07T13:06:00,60.5,,,,,,,,,,,,,,,,,,,,,,,,,,,-9997,,,,,,,,,,,,,,,,,,,,,,,,,,,,,,,,,,,,,,,,,,,,,,,,,,,,,,,,,,,,,,,,,,-99.7,,,,
2010-08-08,999.7,1003.2,2010-08-09T00:00:00,997.3,2010-08-08T17:42:00,29.4,34.3,2010-08-08T12:18:00,24.1,2010-08-08T03:07:00,-9997,-9997,,2.5,77,13.0,77.0,2010-08-08T14:30:00,0.0,,,,,,,,,,,,,,,,,,,,,,,,,,,-9997,,,,,,,,,,,,,,,,,,,,,,,,,,,,,,,,,,,,,,,,,,,,,,,,,,,,,,,,,,,,,,,,,,-99.7,,,,
2010-08-09,999.8,1003.5,2010-08-09T21:55:00,997.5,,29.6,34.3,2010-08-09T14:19:00,25.1,2010-08-09T05:46:00,-9997,-9997,,2.3,170,6.0,169.0,2010-08-09T11:22:00,0.0,,,,,,,,,,,,,,,,,,,,,,,,,,,-9997,,,,,,,,,,,,,,,,,,,,,,,,,,,,,,,,,,,,,,,,,,,,,,,,,,,,,,,,,,,,,,,,,,-99.7,,,,
2010-08-10,1004.8,1007.1,2010-08-10T22:25:00,1001.9,2010-08-10T03:04:00,30.0,36.3,2010-08-10T12:55:00,25.1,2010-08-10T05:17:00,-9997,-9997,,2.3,336,6.7,173.0,2010-08-10T16:12:00,0.0,,,,,,,,,,,,,,,,,,,,,,,,,,,-9997,,,,,,,,,,,,,,,,,,,,,,,,,,,,,,,,,,,,,,,,,,,,,,,,,,,,,,,,,,,,,,,,,,-99.7,,,,
2010-08-11,1007.7,1009.4,2010-08-11T22:30:00,1006.1,2010-08-11T02:47:00,29.8,35.3,2010-08-11T11:06:00,26.1,2010-08-11T05:32:00,-9997,-9997,,2.6,158,6.7,311.0,2010-08-11T04:22:00,0.0,,,,,,,,,,,,,,,,,,,,,,,,,,,-9997,,,,,,,,,,,,,,,,,,,,,,,,,,,,,,,,,,,,,,,,,,,,,,,,,,,,,,,,,,,,,,,,,,-99.7,,,,
2010-08-12,1008.3,1009.1,2010-08-12T08:47:00,1007.0,2010-08-12T16:24:00,29.7,35.3,2010-08-12T11:38:00,25.1,2010-08-12T05:35:00,-9997,-9997,,2.4,337,6.3,157.0,2010-08-12T16:40:00,0.0,,,,,,,,,,,,,,,,,,,,,,,,,,,-9997,,,,,,,,,,,,,,,,,,,,,,,,,,,,,,,,,,,,,,,,,,,,,,,,,,,,,,,,,,,,,,,,,,-99.7,,,,
2010-08-13,1007.6,1008.7,2010-08-13T11:11:00,1006.5,2010-08-13T03:48:00,30.1,35.3,2010-08-13T12:20:00,25.1,2010-08-13T06:21:00,-9997,-9997,,2.5,150,6.3,187.0,2010-08-13T14:31:00,0.0,,,,,,,,,,,,,,,,,,,,,,,,,,,-9997,,,,,,,,,,,,,,,,,,,,,,,,,,,,,,,,,,,,,,,,,,,,,,,,,,,,,,,,,,,,,,,,,,-99.7,,,,
2010-08-14,1008.5,1010.4,2010-08-14T21:39:00,1006.7,2010-08-14T02:11:00,29.8,35.3,2010-08-14T15:08:00,25.1,2010-08-14T05:45:00,-9997,-9997,,2.2,337,7.3,359.0,2010-08-14T22:02:00,0.0,,,,,,,,,,,,,,,,,,,,,,,,,,,-9997,,,,,,,,,,,,,,,,,,,,,,,,,,,,,,,,,,,,,,,,,,,,,,,,,,,,,,,,,,,,,,,,,,-99.7,,,,
2010-08-15,1009.8,1011.0,2010-08-15T08:10:00,1008.8,2010-08-15T02:34:00,29.1,35.3,2010-08-15T14:22:00,25.1,2010-08-15T05:44:00,-9997,-9997,,2.2,338,6.5,173.0,2010-08-15T19:08:00,0.0,,,,,,,,,,,,,,,,,,,,,,,,,,,-9997,,,,,,,,,,,,,,,,,,,,,,,,,,,,,,,,,,,,,,,,,,,,,,,,,,,,,,,,,,,,,,,,,,-99.7,,,,
2010-08-16,1011.0,1012.9,2010-08-16T22:13:00,1010.5,2010-08-16T15:46:00,29.3,34.3,2010-08-16T14:12:00,26.1,2010-08-16T23:59:00,-9997,-9997,,2.0,140,5.2,331.0,2010-08-16T23:22:00,0.0,,,,,,,,,,,,,,,,,,,,,,,,,,,-9997,,,,,,,,,,,,,,,,,,,,,,,,,,,,,,,,,,,,,,,,,,,,,,,,,,,,,,,,,,,,,,,,,,-99.7,,,,
2010-08-17,1011.9,1014.1,2010-08-17T21:26:00,1010.6,2010-08-17T02:41:00,29.3,35.3,2010-08-17T13:46:00,24.1,2010-08-17T01:51:00,-9997,-9997,,2.2,160,6.4,163.0,2010-08-17T21:29:00,0.0,,,,,,,,,,,,,,,,,,,,,,,,,,,-9997,,,,,,,,,,,,,,,,,,,,,,,,,,,,,,,,,,,,,,,,,,,,,,,,,,,,,,,,,,,,,,,,,,-99.7,,,,
2010-08-18,1013.5,1015.3,2010-08-18T23:45:00,1011.3,2010-08-18T01:06:00,29.0,34.3,2010-08-18T15:00:00,24.1,2010-08-18T03:41:00,-9997,-9997,,1.9,113,6.2,160.0,2010-08-18T17:23:00,1.0,,,,,,,,,,,,,,,,,,,,,,,,,,,-9997,,,,,,,,,,,,,,,,,,,,,,,,,,,,,,,,,,,,,,,,,,,,,,,,,,,,,,,,,,,,,,,,,,-99.7,,,,
2010-08-19,1014.8,1016.1,2010-08-19T23:06:00,1013.4,2010-08-19T16:49:00,29.1,35.4,2010-08-19T13:04:00,24.1,2010-08-19T06:25:00,-9997,-9997,,2.6,147,5.7,351.0,2010-08-19T23:32:00,0.0,,,,,,,,,,,,,,,,,,,,,,,,,,,-9997,,,,,,,,,,,,,,,,,,,,,,,,,,,,,,,,,,,,,,,,,,,,,,,,,,,,,,,,,,,,,,,,,,-99.7,,,,
2010-08-20,1013.6,1015.7,2010-08-20T00:01:00,1011.6,2010-08-20T16:38:00,29.0,34.3,2010-08-20T08:43:00,25.1,2010-08-20T04:08:00,-9997,-9997,,3.0,98,6.0,321.0,2010-08-20T06:25:00,0.0,,,,,,,,,,,,,,,,,,,,,,,,,,,-9997,,,,,,,,,,,,,,,,,,,,,,,,,,,,,,,,,,,,,,,,,,,,,,,,,,,,,,,,,,,,,,,,,,-99.7,,,,
2010-08-21,1010.6,1012.4,2010-08-22T00:00:00,1009.2,2010-08-21T15:58:00,29.5,34.3,2010-08-21T12:18:00,25.1,2010-08-21T03:32:00,-9997,-9997,,2.7,90,6.1,71.0,2010-08-21T10:49:00,0.0,,,,,,,,,,,,,,,,,,,,,,,,,,,-9997,,,,,,,,,,,,,,,,,,,,,,,,,,,,,,,,,,,,,,,,,,,,,,,,,,,,,,,,,,,,,,,,,,-99.7,,,,
2010-08-22,1010.0,1011.5,2010-08-22T08:51:00,1008.7,2010-08-22T17:30:00,29.2,34.3,2010-08-22T10:20:00,24.1,2010-08-22T05:36:00,-9997,-9997,,2.3,333,5.6,333.0,2010-08-22T06:09:00,0.0,,,,,,,,,,,,,,,,,,,,,,,,,,,-9997,,,,,,,,,,,,,,,,,,,,,,,,,,,,,,,,,,,,,,,,,,,,,,,,,,,,,,,,,,,,,,,,,,-99.7,,,,
2010-08-23,1010.4,1011.9,2010-08-23T22:11:00,1009.2,2010-08-23T15:09:00,28.6,33.3,2010-08-23T10:47:00,25.1,2010-08-23T02:59:00,-9997,-9997,,2.5,336,5.5,334.0,2010-08-23T04:58:00,5.0,,,,,,,,,,,,,,,,,,,,,,,,,,,-9997,,,,,,,,,,,,,,,,,,,,,,,,,,,,,,,,,,,,,,,,,,,,,,,,,,,,,,,,,,,,,,,,,,-99.7,,,,
2010-08-24,1010.8,1012.0,2010-08-24T22:18:00,1009.1,2010-08-24T15:54:00,28.7,34.3,2010-08-24T09:34:00,25.1,2010-08-24T05:18:00,-9997,-9997,,2.6,102,5.5,317.0,2010-08-24T22:45:00,1.0,,,,,,,,,,,,,,,,,,,,,,,,,,,-9997,,,,,,,,,,,,,,,,,,,,,,,,,,,,,,,,,,,,,,,,,,,,,,,,,,,,,,,,,,,,,,,,,,-99.7,,,,
2010-08-25,1010.8,1011.9,2010-08-25T08:45:00,1009.2,2010-08-25T15:37:00,28.6,35.3,2010-08-25T13:56:00,24.1,2010-08-25T03:12:00,-9997,-9997,,2.8,331,7.0,205.0,2010-08-25T17:58:00,1.0,,,,,,,,,,,,,,,,,,,,,,,,,,,-9997,,,,,,,,,,,,,,,,,,,,,,,,,,,,,,,,,,,,,,,,,,,,,,,,,,,,,,,,,,,,,,,,,,-99.7,,,,
2010-08-26,1009.9,1011.2,2010-08-27T00:00:00,1008.5,2010-08-26T17:10:00,28.6,35.2,2010-08-26T13:33:00,23.2,2010-08-26T03:56:00,-9997,-9997,,2.8,342,5.9,346.0,2010-08-26T06:10:00,0.5,,,,,,,,,,,,,,,,,,,,,,,,,,,-9997,,,,,,,,,,,,,,,,,,,,,,,,,,,,,,,,,,,,,,,,,,,,,,,,,,,,,,,,,,,,,,,,,,-99.7,,,,
2010-08-27,1007.6,1009.9,2010-08-28T00:00:00,1005.6,2010-08-27T15:29:00,28.7,34.3,2010-08-27T10:13:00,23.1,2010-08-27T03:39:00,-9997,-9997,,3.0,317,9.2,71.0,2010-08-27T14:22:00,0.0,,,,,,,,,,,,,,,,,,,,,,,,,,,-9997,,,,,,,,,,,,,,,,,,,,,,,,,,,,,,,,,,,,,,,,,,,,,,,,,,,,,,,,,,,,,,,,,,-99.7,,,,
2010-08-28,1007.6,1009.6,2010-08-28T20:36:00,1006.3,2010-08-28T04:12:00,27.9,34.3,2010-08-28T13:47:00,24.1,2010-08-28T04:58:00,-9997,-9997,,3.0,310,9.0,320.0,2010-08-28T17:35:00,22.5,,,,,,,,,,,,,,,,,,,,,,,,,,,-9997,,,,,,,,,,,,,,,,,,,,,,,,,,,,,,,,,,,,,,,,,,,,,,,,,,,,,,,,,,,,,,,,,,-99.7,,,,
2010-08-29,1007.6,1009.0,2010-08-29T07:12:00,1006.0,2010-08-29T23:53:00,27.2,35.2,2010-08-29T10:19:00,23.1,2010-08-29T23:24:00,-9997,-9997,,2.9,306,7.5,296.0,2010-08-29T18:15:00,12.0,,,,,,,,,,,,,,,,,,,,,,,,,,,-9997,,,,,,,,,,,,,,,,,,,,,,,,,,,,,,,,,,,,,,,,,,,,,,,,,,,,,,,,,,,,,,,,,,-99.7,,,,
2010-08-30,1003.2,1006.1,2010-08-30T00:03:00,1001.1,2010-08-30T23:16:00,26.8,32.3,2010-08-30T12:01:00,23.1,2010-08-30T03:30:00,-9997,-9997,,2.8,323,7.6,311.0,2010-08-30T22:21:00,3.5,,,,,,,,,,,,,,,,,,,,,,,,,,,-9997,,,,,,,,,,,,,,,,,,,,,,,,,,,,,,,,,,,,,,,,,,,,,,,,,,,,,,,,,,,,,,,,,,-99.7,,,,
2010-08-31,1000.8,1002.4,2010-08-31T22:54:00,999.3,2010-08-31T03:22:00,27.5,33.3,2010-08-31T13:01:00,24.1,2010-08-31T02:17:00,-9997,-9997,,3.1,332,9.0,149.0,2010-08-31T13:57:00,36.0,,,,,,,,,,,,,,,,,,,,,,,,,,,-9997,,,,,,,,,,,,,,,,,,,,,,,,,,,,,,,,,,,,,,,,,,,,,,,,,,,,,,,,,,,,,,,,,,-99.7,,,,
2010-09-01,1004.1,1006.8,2010-09-01T22:22:00,1001.7,2010-09-01T03:03:00,27.4,30.3,2010-09-01T07:38:00,25.1,2010-09-01T08:37:00,-9997,-9997,,3.7,140,13.7,147.0,2010-09-01T12:58:00,20.0,,,,,,,,,,,,,,,,,,,,,,,,,,,-9997,,,,,,,,,,,,,,,,,,,,,,,,,,,,,,,,,,,,,,,,,,,,,,,,,,,,,,,,,,,,,,,,,,-99.7,,,,
2010-09-02,1008.5,1011.8,2010-09-02T22:13:00,1005.3,2010-09-02T01:52:00,28.1,32.3,2010-09-02T12:23:00,25.1,2010-09-02T01:04:00,-9997,-9997,,2.8,140,9.8,165.0,2010-09-02T10:42:00,0.0,,,,,,,,,,,,,,,,,,,,,,,,,,,-9997,,,,,,,,,,,,,,,,,,,,,,,,,,,,,,,,,,,,,,,,,,,,,,,,,,,,,,,,,,,,,,,,,,-99.7,,,,
2010-09-03,1009.4,1011.5,2010-09-03T09:56:00,1007.6,2010-09-03T18:04:00,28.9,33.3,2010-09-03T12:04:00,25.1,2010-09-03T06:23:00,-9997,-9997,,2.4,157,7.3,167.0,2010-09-03T10:30:00,0.0,,,,,,,,,,,,,,,,,,,,,,,,,,,-9997,,,,,,,,,,,,,,,,,,,,,,,,,,,,,,,,,,,,,,,,,,,,,,,,,,,,,,,,,,,,,,,,,,-99.7,,,,
2010-09-04,1007.8,1009.3,2010-09-05T00:00:00,1005.7,2010-09-04T15:00:00,28.0,32.3,2010-09-04T10:00:00,25.1,2010-09-04T05:29:00,-9997,-9997,,2.3,335,5.9,82.0,2010-09-04T10:48:00,0.0,,,,,,,,,,,,,,,,,,,,,,,,,,,-9997,,,,,,,,,,,,,,,,,,,,,,,,,,,,,,,,,,,,,,,,,,,,,,,,,,,,,,,,,,,,,,,,,,-99.7,,,,
2010-09-05,1007.3,1008.3,2010-09-05T22:38:00,1005.9,2010-09-05T14:38:00,28.2,33.3,2010-09-05T11:16:00,24.2,2010-09-05T23:49:00,-9997,-9997,,2.2,326,5.2,343.0,2010-09-05T01:38:00,0.0,,,,,,,,,,,,,,,,,,,,,,,,,,,-9997,,,,,,,,,,,,,,,,,,,,,,,,,,,,,,,,,,,,,,,,,,,,,,,,,,,,,,,,,,,,,,,,,,-99.7,,,,
2010-09-06,1007.4,1008.8,2010-09-06T09:35:00,1006.2,2010-09-06T15:00:00,28.6,34.3,2010-09-06T14:26:00,24.1,2010-09-06T06:21:00,-9997,-9997,,2.3,340,5.5,343.0,2010-09-06T05:54:00,0.0,,,,,,,,,,,,,,,,,,,,,,,,,,,-9997,,,,,,,,,,,,,,,,,,,,,,,,,,,,,,,,,,,,,,,,,,,,,,,,,,,,,,,,,,,,,,,,,,-99.7,,,,
2010-09-07,1006.7,1008.6,2010-09-07T21:10:00,1004.5,2010-09-07T14:58:00,28.8,35.2,2010-09-07T09:01:00,24.2,2010-09-07T22:54:00,-9997,-9997,,3.0,62,13.6,46.0,2010-09-07T12:51:00,11.5,,,,,,,,,,,,,,,,,,,,,,,,,,,-9997,,,,,,,,,,,,,,,,,,,,,,,,,,,,,,,,,,,,,,,,,,,,,,,,,,,,,,,,,,,,,,,,,,-99.7,,,,
2010-09-08,1008.2,1011.0,2010-09-08T22:39:00,1006.7,2010-09-08T14:44:00,28.3,33.3,2010-09-08T12:14:00,24.1,2010-09-08T04:06:00,-9997,-9997,,3.0,150,11.8,152.0,2010-09-08T17:45:00,3.5,,,,,,,,,,,,,,,,,,,,,,,,,,,-9997,,,,,,,,,,,,,,,,,,,,,,,,,,,,,,,,,,,,,,,,,,,,,,,,,,,,,,,,,,,,,,,,,,-99.7,,,,
2010-09-09,1009.0,1011.0,2010-09-09T09:58:00,1006.9,2010-09-09T16:06:00,26.3,30.3,2010-09-09T11:21:00,24.1,2010-09-09T07:04:00,-9997,-9997,,3.7,152,12.4,163.0,2010-09-09T13:22:00,17.5,,,,,,,,,,,,,,,,,,,,,,,,,,,-9997,,,,,,,,,,,,,,,,,,,,,,,,,,,,,,,,,,,,,,,,,,,,,,,,,,,,,,,,,,,,,,,,,,-99.7,,,,
2010-09-10,1008.6,1010.9,2010-09-10T22:37:00,1006.4,2010-09-10T04:35:00,28.4,32.3,2010-09-10T13:17:00,23.1,2010-09-10T00:09:00,-9997,-9997,,3.5,147,11.6,159.0,2010-09-10T12:07:00,14.5,,,,,,,,,,,,,,,,,,,,,,,,,,,-9997,,,,,,,,,,,,,,,,,,,,,,,,,,,,,,,,,,,,,,,,,,,,,,,,,,,,,,,,,,,,,,,,,,-99.7,,,,
2010-09-11,1011.6,1013.9,2010-09-11T21:21:00,1010.0,2010-09-11T01:28:00,28.0,32.3,2010-09-11T11:19:00,23.1,2010-09-11T04:44:00,-9997,-9997,,2.3,104,6.5,116.0,2010-09-11T16:28:00,2.5,,,,,,,,,,,,,,,,,,,,,,,,,,,-9997,,,,,,,,,,,,,,,,,,,,,,,,,,,,,,,,,,,,,,,,,,,,,,,,,,,,,,,,,,,,,,,,,,-99.7,,,,
2010-09-12,1013.0,1013.9,2010-09-12T22:13:00,1011.7,2010-09-12T15:39:00,28.2,33.3,2010-09-12T11:22:00,24.1,2010-09-12T04:48:00,-9997,-9997,,2.0,338,5.0,332.0,2010-09-12T03:35:00,0.0,,,,,,,,,,,,,,,,,,,,,,,,,,,-9997,,,,,,,,,,,,,,,,,,,,,,,,,,,,,,,,,,,,,,,,,,,,,,,,,,,,,,,,,,,,,,,,,,-99.7,,,,
2010-09-13,1012.6,-9999.7,,-9999.7,,28.2,-99.7,,-99.7,,-9997,-9997,,2.5,131,-99.7,-999.7,,0.0,,,,,,,,,,,,,,,,,,,,,,,,,,,-9997,,,,,,,,,,,,,,,,,,,,,,,,,,,,,,,,,,,,,,,,,,,,,,,,,,,,,,,,,,,,,,,,,,-99.7,,,,
2010-09-14,1012.5,1013.9,2010-09-14T08:12:00,1011.4,2010-09-14T14:57:00,27.3,35.3,2010-09-14T12:16:00,24.1,2010-09-14T04:20:00,-9997,-9997,,2.5,341,7.8,300.0,2010-09-14T09:39:00,0.0,,,,,,,,,,,,,,,,,,,,,,,,,,,-9997,,,,,,,,,,,,,,,,,,,,,,,,,,,,,,,,,,,,,,,,,,,,,,,,,,,,,,,,,,,,,,,,,,-99.7,,,,
2010-09-15,1011.6,1013.1,2010-09-15T09:41:00,1009.6,2010-09-15T16:07:00,28.2,34.3,2010-09-15T13:50:00,22.1,2010-09-15T04:17:00,-9997,-9997,,2.3,336,6.4,336.0,2010-09-15T04:32:00,0.0,,,,,,,,,,,,,,,,,,,,,,,,,,,-9997,,,,,,,,,,,,,,,,,,,,,,,,,,,,,,,,,,,,,,,,,,,,,,,,,,,,,,,,,,,,,,,,,,-99.7,,,,
2010-09-16,1009.6,1011.3,2010-09-16T09:54:00,1007.3,2010-09-16T15:03:00,28.4,34.3,2010-09-16T10:55:00,23.2,2010-09-16T02:38:00,-9997,-9997,,3.0,328,10.4,52.0,2010-09-16T16:33:00,0.0,,,,,,,,,,,,,,,,,,,,,,,,,,,-9997,,,,,,,,,,,,,,,,,,,,,,,,,,,,,,,,,,,,,,,,,,,,,,,,,,,,,,,,,,,,,,,,,,-99.7,,,,
2010-09-17,1007.9,1009.4,2010-09-18T00:00:00,1005.7,2010-09-17T14:27:00,29.2,34.3,2010-09-17T10:09:00,24.1,2010-09-17T06:20:00,-9997,-9997,,3.6,61,15.6,79.0,2010-09-17T15:07:00,0.0,,,,,,,,,,,,,,,,,,,,,,,,,,,-9997,,,,,,,,,,,,,,,,,,,,,,,,,,,,,,,,,,,,,,,,,,,,,,,,,,,,,,,,,,,,,,,,,,-99.7,,,,
2010-09-18,1003.8,1007.8,2010-09-18T00:07:00,997.5,2010-09-18T23:52:00,29.2,34.3,2010-09-18T10:53:00,24.1,2010-09-18T05:23:00,-9997,-9997,,5.9,321,25.3,323.0,2010-09-18T23:03:00,3.0,,,,,,,,,,,,,,,,,,,,,,,,,,,-9997,,,,,,,,,,,,,,,,,,,,,,,,,,,,,,,,,,,,,,,,,,,,,,,,,,,,,,,,,,,,,,,,,,-99.7,,,,
2010-09-19,997.0,1004.4,2010-09-19T22:41:00,988.4,2010-09-19T05:06:00,27.0,31.3,2010-09-19T00:56:00,23.1,2010-09-19T05:22:00,-9997,-9997,,8.1,154,38.6,74.0,2010-09-19T06:11:00,151.0,,,,,,,,,,,,,,,,,,,,,,,,,,,-9997,,,,,,,,,,,,,,,,,,,,,,,,,,,,,,,,,,,,,,,,,,,,,,,,,,,,,,,,,,,,,,,,,,-99.7,,,,
2010-09-20,1008.5,1013.3,2010-09-20T22:55:00,1003.2,2010-09-20T00:21:00,26.9,31.3,2010-09-20T13:25:00,23.1,2010-09-20T03:33:00,-9997,-9997,,4.1,158,14.4,184.0,2010-09-20T06:15:00,7.0,,,,,,,,,,,,,,,,,,,,,,,,,,,-9997,,,,,,,,,,,,,,,,,,,,,,,,,,,,,,,,,,,,,,,,,,,,,,,,,,,,,,,,,,,,,,,,,,-99.7,,,,
2010-09-21,1013.8,1016.2,2010-09-21T21:42:00,1012.3,2010-09-21T03:08:00,27.0,33.3,2010-09-21T10:24:00,22.2,2010-09-21T05:09:00,-9997,-9997,,2.7,117,6.4,118.0,2010-09-21T11:37:00,0.0,,,,,,,,,,,,,,,,,,,,,,,,,,,-9997,,,,,,,,,,,,,,,,,,,,,,,,,,,,,,,,,,,,,,,,,,,,,,,,,,,,,,,,,,,,,,,,,,-99.7,,,,
2010-09-22,1013.4,1014.7,2010-09-22T09:08:00,1011.6,2010-09-22T15:52:00,27.9,34.3,2010-09-22T12:23:00,24.1,2010-09-22T04:21:00,-9997,-9997,,2.2,323,5.7,313.0,2010-09-22T06:13:00,0.0,,,,,,,,,,,,,,,,,,,,,,,,,,,-9997,,,,,,,,,,,,,,,,,,,,,,,,,,,,,,,,,,,,,,,,,,,,,,,,,,,,,,,,,,,,,,,,,,-99.7,,,,
2010-09-23,1012.5,1013.7,2010-09-23T21:09:00,1010.6,2010-09-23T16:25:00,26.9,32.3,2010-09-23T12:18:00,23.1,2010-09-23T05:02:00,-9997,-9997,,2.7,340,9.7,39.0,2010-09-23T17:48:00,33.0,,,,,,,,,,,,,,,,,,,,,,,,,,,-9997,,,,,,,,,,,,,,,,,,,,,,,,,,,,,,,,,,,,,,,,,,,,,,,,,,,,,,,,,,,,,,,,,,-99.7,,,,
2010-09-24,1012.2,1013.6,2010-09-24T22:23:00,1011.0,2010-09-24T13:57:00,25.6,31.3,2010-09-24T09:58:00,23.1,2010-09-24T20:01:00,-9997,-9997,,2.0,65,8.3,68.0,2010-09-24T13:31:00,12.5,,,,,,,,,,,,,,,,,,,,,,,,,,,-9997,,,,,,,,,,,,,,,,,,,,,,,,,,,,,,,,,,,,,,,,,,,,,,,,,,,,,,,,,,,,,,,,,,-99.7,,,,
2010-09-25,1013.4,1014.8,2010-09-25T23:06:00,1012.3,2010-09-25T14:35:00,26.4,32.3,2010-09-25T13:22:00,23.1,2010-09-25T05:14:00,-9997,-9997,,2.2,67,8.2,73.0,2010-09-25T10:57:00,0.5,,,,,,,,,,,,,,,,,,,,,,,,,,,-9997,,,,,,,,,,,,,,,,,,,,,,,,,,,,,,,,,,,,,,,,,,,,,,,,,,,,,,,,,,,,,,,,,,-99.7,,,,
2010-09-26,1014.6,1016.3,2010-09-26T10:00:00,1013.2,2010-09-26T15:32:00,25.8,28.2,2010-09-26T11:59:00,22.1,2010-09-26T07:32:00,-9997,-9997,,2.2,334,5.5,315.0,2010-09-26T01:01:00,3.5,,,,,,,,,,,,,,,,,,,,,,,,,,,-9997,,,,,,,,,,,,,,,,,,,,,,,,,,,,,,,,,,,,,,,,,,,,,,,,,,,,,,,,,,,,,,,,,,-99.7,,,,
2010-09-27,1014.1,1015.6,2010-09-27T21:19:00,1012.6,2010-09-27T14:29:00,27.1,34.3,2010-09-27T11:25:00,23.1,2010-09-27T03:51:00,-9997,-9997,,2.3,333,5.5,340.0,2010-09-27T06:03:00,0.5,,,,,,,,,,,,,,,,,,,,,,,,,,,-9997,,,,,,,,,,,,,,,,,,,,,,,,,,,,,,,,,,,,,,,,,,,,,,,,,,,,,,,,,,,,,,,,,,-99.7,,,,
2010-09-28,1014.7,1016.1,2010-09-28T20:34:00,1013.3,2010-09-28T14:44:00,27.2,32.3,2010-09-28T11:17:00,23.1,2010-09-28T02:15:00,-9997,-9997,,2.7,88,5.9,352.0,2010-09-28T23:30:00,4.5,,,,,,,,,,,,,,,,,,,,,,,,,,,-9997,,,,,,,,,,,,,,,,,,,,,,,,,,,,,,,,,,,,,,,,,,,,,,,,,,,,,,,,,,,,,,,,,,-99.7,,,,
2010-09-29,1014.9,1016.4,2010-09-29T08:14:00,1013.2,2010-09-29T14:54:00,26.6,32.3,2010-09-29T13:47:00,23.1,2010-09-29T06:16:00,-9997,-9997,,2.8,331,6.3,348.0,2010-09-29T01:22:00,0.0,,,,,,,,,,,,,,,,,,,,,,,,,,,-9997,,,,,,,,,,,,,,,,,,,,,,,,,,,,,,,,,,,,,,,,,,,,,,,,,,,,,,,,,,,,,,,,,,-99.7,,,,
2010-09-30,1014.7,1015.7,2010-09-30T21:31:00,1012.7,,27.4,32.3,2010-09-30T11:04:00,23.1,2010-09-30T03:13:00,-9997,-9997,,2.8,32,7.7,63.0,2010-09-30T13:38:00,0.5,,,,,,,,,,,,,,,,,,,,,,,,,,,-9997,,,,,,,,,,,,,,,,,,,,,,,,,,,,,,,,,,,,,,,,,,,,,,,,,,,,,,,,,,,,,,,,,,-99.7,,,,
2010-10-01,1013.9,1015.2,2010-10-01T10:11:00,1012.7,2010-10-01T14:50:00,27.4,33.3,2010-10-01T14:55:00,23.1,2010-10-01T06:40:00,-9997,-9997,,2.5,329,6.5,11.0,2010-10-01T23:36:00,3.5,,,,,,,,,,,,,,,,,,,,,,,,,,,-9997,,,,,,,,,,,,,,,,,,,,,,,,,,,,,,,,,,,,,,,,,,,,,,,,,,,,,,,,,,,,,,,,,,-99.7,,,,
2010-10-02,1012.8,1014.1,2010-10-02T08:21:00,1011.2,2010-10-02T14:55:00,27.9,34.3,2010-10-02T11:01:00,22.1,2010-10-02T04:25:00,-9997,-9997,,3.0,158,7.1,159.0,2010-10-02T11:12:00,0.0,,,,,,,,,,,,,,,,,,,,,,,,,,,-9997,,,,,,,,,,,,,,,,,,,,,,,,,,,,,,,,,,,,,,,,,,,,,,,,,,,,,,,,,,,,,,,,,,-99.7,,,,
2010-10-03,1013.2,1015.5,2010-10-03T20:46:00,1010.9,2010-10-03T14:40:00,26.6,33.3,2010-10-03T11:35:00,22.1,2010-10-03T20:40:00,-9997,-9997,,2.5,90,8.5,321.0,2010-10-03T22:57:00,108.0,,,,,,,,,,,,,,,,,,,,,,,,,,,-9997,,,,,,,,,,,,,,,,,,,,,,,,,,,,,,,,,,,,,,,,,,,,,,,,,,,,,,,,,,,,,,,,,,-99.7,,,,
2010-10-04,1015.4,1017.1,2010-10-04T09:31:00,1013.6,2010-10-04T01:36:00,25.1,27.2,2010-10-04T04:15:00,22.1,2010-10-04T23:50:00,-9997,-9997,,3.5,312,10.8,311.0,2010-10-04T06:48:00,0.0,,,,,,,,,,,,,,,,,,,,,,,,,,,-9997,,,,,,,,,,,,,,,,,,,,,,,,,,,,,,,,,,,,,,,,,,,,,,,,,,,,,,,,,,,,,,,,,,-99.7,,,,
2010-10-05,1016.2,1017.6,2010-10-05T09:44:00,1015.0,,22.9,25.2,2010-10-05T13:24:00,21.1,2010-10-05T21:08:00,-9997,-9997,,2.4,297,7.2,292.0,2010-10-05T03:26:00,0.0,,,,,,,,,,,,,,,,,,,,,,,,,,,-9997,,,,,,,,,,,,,,,,,,,,,,,,,,,,,,,,,,,,,,,,,,,,,,,,,,,,,,,,,,,,,,,,,,-99.7,,,,
2010-10-06,1016.1,1018.0,2010-10-06T09:15:00,1015.0,2010-10-06T16:50:00,22.5,24.2,2010-10-06T12:02:00,20.1,2010-10-06T07:15:00,-9997,-9997,,3.1,333,6.2,309.0,2010-10-06T14:45:00,2.5,,,,,,,,,,,,,,,,,,,,,,,,,,,-9997,,,,,,,,,,,,,,,,,,,,,,,,,,,,,,,,,,,,,,,,,,,,,,,,,,,,,,,,,,,,,,,,,,-99.7,,,,
2010-10-07,1014.3,1016.2,2010-10-07T08:39:00,1012.6,2010-10-07T14:30:00,24.3,29.3,2010-10-07T13:47:00,21.1,2010-10-07T02:04:00,-9997,-9997,,2.3,340,7.0,51.0,2010-10-07T18:45:00,52.5,,,,,,,,,,,,,,,,,,,,,,,,,,,-9997,,,,,,,,,,,,,,,,,,,,,,,,,,,,,,,,,,,,,,,,,,,,,,,,,,,,,,,,,,,,,,,,,,-99.7,,,,
2010-10-08,1011.2,1013.3,2010-10-08T00:27:00,1009.4,2010-10-08T14:41:00,25.1,31.3,2010-10-08T11:41:00,21.1,2010-10-08T05:53:00,-9997,-9997,,2.0,333,10.0,323.0,2010-10-08T16:28:00,4.5,,,,,,,,,,,,,,,,,,,,,,,,,,,-9997,,,,,,,,,,,,,,,,,,,,,,,,,,,,,,,,,,,,,,,,,,,,,,,,,,,,,,,,,,,,,,,,,,-99.7,,,,
2010-10-09,1010.2,1011.6,2010-10-09T22:02:00,1008.6,2010-10-09T14:28:00,25.4,30.3,2010-10-09T10:04:00,22.1,2010-10-09T05:26:00,-9997,-9997,,1.7,325,6.2,68.0,2010-10-09T11:11:00,1.0,,,,,,,,,,,,,,,,,,,,,,,,,,,-9997,,,,,,,,,,,,,,,,,,,,,,,,,,,,,,,,,,,,,,,,,,,,,,,,,,,,,,,,,,,,,,,,,,-99.7,,,,
2010-10-10,1011.7,1013.6,2010-10-10T21:19:00,1010.1,2010-10-10T14:58:00,25.3,31.3,2010-10-10T11:58:00,22.1,2010-10-10T07:04:00,-9997,-9997,,2.2,334,8.0,57.0,2010-10-10T13:50:00,3.5,,,,,,,,,,,,,,,,,,,,,,,,,,,-9997,,,,,,,,,,,,,,,,,,,,,,,,,,,,,,,,,,,,,,,,,,,,,,,,,,,,,,,,,,,,,,,,,,-99.7,,,,
2010-10-11,1012.8,-9999.7,,-9999.7,,26.4,-99.7,,-99.7,,-9997,-9997,,2.5,335,-99.7,-999.7,,1.5,,,,,,,,,,,,,,,,,,,,,,,,,,,-9997,,,,,,,,,,,,,,,,,,,,,,,,,,,,,,,,,,,,,,,,,,,,,,,,,,,,,,,,,,,,,,,,,,-99.7,,,,
2010-10-12,1013.8,1015.0,2010-10-12T09:21:00,1012.5,2010-10-12T15:31:00,26.9,32.3,2010-10-12T12:36:00,22.1,2010-10-12T00:42:00,-9997,-9997,,3.0,334,7.7,74.0,2010-10-12T13:44:00,0.0,,,,,,,,,,,,,,,,,,,,,,,,,,,-9997,,,,,,,,,,,,,,,,,,,,,,,,,,,,,,,,,,,,,,,,,,,,,,,,,,,,,,,,,,,,,,,,,,-99.7,,,,
2010-10-13,1012.3,1014.1,2010-10-13T00:06:00,1010.8,2010-10-13T14:35:00,26.7,32.3,2010-10-13T10:28:00,23.1,2010-10-13T06:08:00,-9997,-9997,,2.6,333,6.7,102.0,2010-10-13T11:09:00,1.0,,,,,,,,,,,,,,,,,,,,,,,,,,,-9997,,,,,,,,,,,,,,,,,,,,,,,,,,,,,,,,,,,,,,,,,,,,,,,,,,,,,,,,,,,,,,,,,,-99.7,,,,
2010-10-14,1011.5,1013.1,2010-10-14T20:54:00,1009.7,2010-10-14T14:27:00,26.9,33.3,2010-10-14T10:25:00,24.1,2010-10-14T23:47:00,-9997,-9997,,2.1,329,5.5,295.0,2010-10-14T16:34:00,11.5,,,,,,,,,,,,,,,,,,,,,,,,,,,-9997,,,,,,,,,,,,,,,,,,,,,,,,,,,,,,,,,,,,,,,,,,,,,,,,,,,,,,,,,,,,,,,,,,-99.7,,,,
2010-10-15,1014.7,1017.2,2010-10-15T19:55:00,1012.1,2010-10-15T02:53:00,25.1,28.2,2010-10-15T12:21:00,23.1,2010-10-15T23:25:00,-9997,-9997,,1.4,320,12.6,325.0,2010-10-15T14:13:00,21.0,,,,,,,,,,,,,,,,,,,,,,,,,,,-9997,,,,,,,,,,,,,,,,,,,,,,,,,,,,,,,,,,,,,,,,,,,,,,,,,,,,,,,,,,,,,,,,,,-99.7,,,,
2010-10-16,1015.2,1016.8,2010-10-16T22:19:00,1013.3,2010-10-16T14:31:00,25.6,30.3,2010-10-16T10:39:00,22.1,2010-10-16T04:51:00,-9997,-9997,,3.4,59,11.2,83.0,2010-10-16T20:07:00,159.0,,,,,,,,,,,,,,,,,,,,,,,,,,,-9997,,,,,,,,,,,,,,,,,,,,,,,,,,,,,,,,,,,,,,,,,,,,,,,,,,,,,,,,,,,,,,,,,,-99.7,,,,
2010-10-17,1016.4,1017.8,2010-10-17T09:04:00,1015.0,2010-10-17T15:52:00,23.5,27.2,2010-10-17T10:51:00,21.1,2010-10-17T19:47:00,-9997,-9997,,2.8,315,11.4,66.0,2010-10-17T10:10:00,21.5,,,,,,,,,,,,,,,,,,,,,,,,,,,-9997,,,,,,,,,,,,,,,,,,,,,,,,,,,,,,,,,,,,,,,,,,,,,,,,,,,,,,,,,,,,,,,,,,-99.7,,,,
2010-10-18,1013.7,1016.1,2010-10-18T09:02:00,1011.8,2010-10-18T16:15:00,25.5,28.2,2010-10-18T14:18:00,21.1,2010-10-18T03:55:00,-9997,-9997,,2.7,57,16.9,78.0,2010-10-18T06:47:00,47.5,,,,,,,,,,,,,,,,,,,,,,,,,,,-9997,,,,,,,,,,,,,,,,,,,,,,,,,,,,,,,,,,,,,,,,,,,,,,,,,,,,,,,,,,,,,,,,,,-99.7,,,,
2010-10-19,1010.0,1011.9,2010-10-19T10:05:00,1008.1,2010-10-19T14:48:00,24.9,29.3,2010-10-19T11:43:00,23.1,2010-10-19T23:20:00,-9997,-9997,,2.3,326,6.0,355.0,2010-10-19T22:01:00,194.5,,,,,,,,,,,,,,,,,,,,,,,,,,,-9997,,,,,,,,,,,,,,,,,,,,,,,,,,,,,,,,,,,,,,,,,,,,,,,,,,,,,,,,,,,,,,,,,,-99.7,,,,
2010-10-20,1006.9,1009.1,2010-10-20T21:31:00,1004.8,2010-10-20T14:08:00,25.3,32.3,2010-10-20T11:40:00,22.1,2010-10-20T06:04:00,-9997,-9997,,2.2,344,8.7,180.0,2010-10-20T12:39:00,36.5,,,,,,,,,,,,,,,,,,,,,,,,,,,-9997,,,,,,,,,,,,,,,,,,,,,,,,,,,,,,,,,,,,,,,,,,,,,,,,,,,,,,,,,,,,,,,,,,-99.7,,,,
2010-10-21,1006.5,1009.1,2010-10-21T21:36:00,1004.3,2010-10-21T16:12:00,24.2,30.3,2010-10-21T09:42:00,22.1,2010-10-21T07:54:00,-9997,-9997,,4.1,328,18.1,326.0,2010-10-21T22:26:00,417.0,,,,,,,,,,,,,,,,,,,,,,,,,,,-9997,,,,,,,,,,,,,,,,,,,,,,,,,,,,,,,,,,,,,,,,,,,,,,,,,,,,,,,,,,,,,,,,,,-99.7,,,,
2010-10-22,1005.3,1007.9,2010-10-22T00:11:00,1002.6,2010-10-22T15:38:00,24.0,27.3,2010-10-22T15:26:00,21.1,2010-10-22T06:59:00,-9997,-9997,,3.0,308,19.6,322.0,2010-10-22T00:27:00,117.0,,,,,,,,,,,,,,,,,,,,,,,,,,,-9997,,,,,,,,,,,,,,,,,,,,,,,,,,,,,,,,,,,,,,,,,,,,,,,,,,,,,,,,,,,,,,,,,,-99.7,,,,
2010-10-23,1005.0,1006.4,2010-10-23T20:46:00,1003.0,2010-10-23T03:39:00,26.9,31.3,2010-10-23T12:24:00,23.2,2010-10-23T04:43:00,-9997,-9997,,3.3,152,10.2,158.0,2010-10-23T11:43:00,5.5,,,,,,,,,,,,,,,,,,,,,,,,,,,-9997,,,,,,,,,,,,,,,,,,,,,,,,,,,,,,,,,,,,,,,,,,,,,,,,,,,,,,,,,,,,,,,,,,-99.7,,,,
2010-10-24,1007.4,1009.3,2010-10-24T23:03:00,1004.8,2010-10-24T01:06:00,25.8,32.3,2010-10-24T13:22:00,21.1,2010-10-24T04:10:00,-9997,-9997,,2.5,331,6.1,67.0,2010-10-24T11:16:00,0.0,,,,,,,,,,,,,,,,,,,,,,,,,,,-9997,,,,,,,,,,,,,,,,,,,,,,,,,,,,,,,,,,,,,,,,,,,,,,,,,,,,,,,,,,,,,,,,,,-99.7,,,,
2010-10-25,1010.5,1014.9,2010-10-25T23:59:00,1008.5,2010-10-25T12:54:00,25.7,33.3,2010-10-25T11:31:00,22.1,2010-10-25T06:27:00,-9997,-9997,,2.6,63,18.8,84.0,2010-10-25T21:02:00,83.5,,,,,,,,,,,,,,,,,,,,,,,,,,,-9997,,,,,,,,,,,,,,,,,,,,,,,,,,,,,,,,,,,,,,,,,,,,,,,,,,,,,,,,,,,,,,,,,,-99.7,,,,
2010-10-26,1018.0,1020.4,2010-10-26T20:33:00,1014.7,2010-10-26T00:28:00,20.8,25.2,2010-10-26T01:49:00,17.1,2010-10-26T22:26:00,-9997,-9997,,4.6,320,17.9,347.0,2010-10-26T09:20:00,1.5,,,,,,,,,,,,,,,,,,,,,,,,,,,-9997,,,,,,,,,,,,,,,,,,,,,,,,,,,,,,,,,,,,,,,,,,,,,,,,,,,,,,,,,,,,,,,,,,-99.7,,,,
2010-10-27,1016.6,1019.3,2010-10-27T00:01:00,1014.7,2010-10-27T23:56:00,20.0,24.2,2010-10-27T08:49:00,17.1,2010-10-27T03:52:00,-9997,-9997,,6.0,326,19.7,328.0,2010-10-27T13:35:00,0.0,,,,,,,,,,,,,,,,,,,,,,,,,,,-9997,,,,,,,,,,,,,,,,,,,,,,,,,,,,,,,,,,,,,,,,,,,,,,,,,,,,,,,,,,,,,,,,,,-99.7,,,,
2010-10-28,1015.6,1019.3,2010-10-28T22:12:00,1012.5,2010-10-28T04:00:00,21.4,25.2,2010-10-28T11:19:00,18.1,2010-10-28T22:41:00,-9997,-9997,,5.4,333,19.1,354.0,2010-10-28T14:39:00,0.0,,,,,,,,,,,,,,,,,,,,,,,,,,,-9997,,,,,,,,,,,,,,,,,,,,,,,,,,,,,,,,,,,,,,,,,,,,,,,,,,,,,,,,,,,,,,,,,,-99.7,,,,
2010-10-29,1019.5,1021.5,2010-10-29T21:12:00,1017.9,2010-10-29T13:42:00,20.5,25.2,2010-10-29T13:50:00,18.1,2010-10-29T20:57:00,-9997,-9997,,5.8,322,15.0,285.0,2010-10-29T03:06:00,0.0,,,,,,,,,,,,,,,,,,,,,,,,,,,-9997,,,,,,,,,,,,,,,,,,,,,,,,,,,,,,,,,,,,,,,,,,,,,,,,,,,,,,,,,,,,,,,,,,-99.7,,,,
2010-10-30,1021.0,1022.4,2010-10-30T22:32:00,1019.7,2010-10-30T14:45:00,20.7,23.2,2010-10-30T13:23:00,18.1,2010-10-30T00:18:00,-9997,-9997,,4.4,317,12.3,347.0,2010-10-30T14:34:00,0.0,,,,,,,,,,,,,,,,,,,,,,,,,,,-9997,,,,,,,,,,,,,,,,,,,,,,,,,,,,,,,,,,,,,,,,,,,,,,,,,,,,,,,,,,,,,,,,,,-99.7,,,,
2010-10-31,1020.6,1022.4,2010-10-31T21:24:00,1018.2,2010-10-31T13:24:00,21.5,26.2,2010-10-31T12:42:00,17.1,2010-10-31T06:34:00,-9997,-9997,,3.2,321,14.2,73.0,2010-10-31T13:46:00,0.0,,,,,,,,,,,,,,,,,,,,,,,,,,,-9997,,,,,,,,,,,,,,,,,,,,,,,,,,,,,,,,,,,,,,,,,,,,,,,,,,,,,,,,,,,,,,,,,,-99.7,,,,
2010-11-01,1020.5,1022.1,2010-11-01T09:21:00,1018.8,2010-11-01T14:06:00,21.0,26.2,2010-11-01T11:44:00,17.1,2010-11-01T00:56:00,-9997,-9997,,2.9,299,12.9,328.0,2010-11-01T15:20:00,0.0,,,,,,,,,,,,,,,,,,,,,,,,,,,-9997,,,,,,,,,,,,,,,,,,,,,,,,,,,,,,,,,,,,,,,,,,,,,,,,,,,,,,,,,,,,,,,,,,-99.7,,,,
2010-11-02,1020.2,1022.0,2010-11-02T21:57:00,1018.4,2010-11-02T15:01:00,20.8,25.2,2010-11-02T12:38:00,18.1,2010-11-02T04:32:00,-9997,-9997,,2.6,316,6.1,307.0,2010-11-02T23:20:00,1.0,,,,,,,,,,,,,,,,,,,,,,,,,,,-9997,,,,,,,,,,,,,,,,,,,,,,,,,,,,,,,,,,,,,,,,,,,,,,,,,,,,,,,,,,,,,,,,,,-99.7,,,,
2010-11-03,1021.4,1023.0,2010-11-03T09:34:00,1020.3,2010-11-03T14:38:00,19.9,23.2,2010-11-03T09:09:00,18.1,2010-11-03T12:01:00,-9997,-9997,,2.7,338,6.0,324.0,2010-11-03T00:11:00,10.5,,,,,,,,,,,,,,,,,,,,,,,,,,,-9997,,,,,,,,,,,,,,,,,,,,,,,,,,,,,,,,,,,,,,,,,,,,,,,,,,,,,,,,,,,,,,,,,,-99.7,,,,
2010-11-04,1020.2,1022.0,2010-11-04T08:44:00,1018.5,2010-11-04T15:16:00,21.0,25.2,2010-11-04T13:50:00,19.1,2010-11-04T06:49:00,-9997,-9997,,2.1,339,7.1,311.0,2010-11-04T03:13:00,22.5,,,,,,,,,,,,,,,,,,,,,,,,,,,-9997,,,,,,,,,,,,,,,,,,,,,,,,,,,,,,,,,,,,,,,,,,,,,,,,,,,,,,,,,,,,,,,,,,-99.7,,,,
2010-11-05,1018.2,1020.4,2010-11-05T08:55:00,1016.6,2010-11-05T23:56:00,20.8,24.2,2010-11-05T12:39:00,19.1,2010-11-05T03:49:00,-9997,-9997,,2.8,326,6.5,337.0,2010-11-05T23:07:00,25.5,,,,,,,,,,,,,,,,,,,,,,,,,,,-9997,,,,,,,,,,,,,,,,,,,,,,,,,,,,,,,,,,,,,,,,,,,,,,,,,,,,,,,,,,,,,,,,,,-99.7,,,,
2010-11-06,1015.4,1016.9,2010-11-06T00:23:00,1013.7,2010-11-06T14:53:00,22.7,27.2,2010-11-06T13:18:00,19.1,2010-11-06T04:09:00,-9997,-9997,,2.3,339,5.9,327.0,2010-11-06T07:33:00,3.5,,,,,,,,,,,,,,,,,,,,,,,,,,,-9997,,,,,,,,,,,,,,,,,,,,,,,,,,,,,,,,,,,,,,,,,,,,,,,,,,,,,,,,,,,,,,,,,,-99.7,,,,
2010-11-07,1014.5,1016.4,2010-11-07T22:33:00,1013.1,2010-11-07T14:37:00,22.6,24.2,2010-11-07T11:05:00,21.1,2010-11-07T20:52:00,-9997,-9997,,1.6,329,7.3,296.0,2010-11-07T04:24:00,28.0,,,,,,,,,,,,,,,,,,,,,,,,,,,-9997,,,,,,,,,,,,,,,,,,,,,,,,,,,,,,,,,,,,,,,,,,,,,,,,,,,,,,,,,,,,,,,,,,-99.7,,,,
2010-11-08,1018.3,1021.3,2010-11-08T22:15:00,1015.3,2010-11-08T02:24:00,22.6,25.2,2010-11-08T02:05:00,19.1,2010-11-08T17:55:00,-9997,-9997,,2.6,344,9.2,322.0,2010-11-08T16:39:00,0.5,,,,,,,,,,,,,,,,,,,,,,,,,,,-9997,,,,,,,,,,,,,,,,,,,,,,,,,,,,,,,,,,,,,,,,,,,,,,,,,,,,,,,,,,,,,,,,,,-99.7,,,,
2010-11-09,1022.0,1023.6,2010-11-09T08:58:00,1020.7,2010-11-09T15:02:00,19.9,24.2,2010-11-09T11:03:00,15.1,2010-11-09T21:00:00,-9997,-9997,,3.3,319,12.4,308.0,2010-11-09T11:30:00,0.0,,,,,,,,,,,,,,,,,,,,,,,,,,,-9997,,,,,,,,,,,,,,,,,,,,,,,,,,,,,,,,,,,,,,,,,,,,,,,,,,,,,,,,,,,,,,,,,,-99.7,,,,
2010-11-10,1021.0,1023.0,2010-11-10T07:34:00,1019.5,2010-11-10T15:35:00,19.4,25.2,2010-11-10T11:12:00,15.1,2010-11-10T00:17:00,-9997,-9997,,3.5,308,9.2,305.0,2010-11-10T04:44:00,0.0,,,,,,,,,,,,,,,,,,,,,,,,,,,-9997,,,,,,,,,,,,,,,,,,,,,,,,,,,,,,,,,,,,,,,,,,,,,,,,,,,,,,,,,,,,,,,,,,-99.7,,,,
2010-11-11,1018.2,1019.8,2010-11-11T08:06:00,1016.3,2010-11-11T14:36:00,20.7,28.3,2010-11-11T11:28:00,16.1,2010-11-11T01:58:00,-9997,-9997,,3.3,327,8.1,343.0,2010-11-11T02:35:00,0.0,,,,,,,,,,,,,,,,,,,,,,,,,,,-9997,,,,,,,,,,,,,,,,,,,,,,,,,,,,,,,,,,,,,,,,,,,,,,,,,,,,,,,,,,,,,,,,,,-99.7,,,,
2010-11-12,1017.3,1018.7,2010-11-12T08:57:00,1015.6,2010-11-12T14:11:00,21.2,27.3,2010-11-12T10:06:00,17.1,2010-11-12T04:39:00,-9997,-9997,,3.4,312,7.7,312.0,2010-11-12T00:53:00,7.5,,,,,,,,,,,,,,,,,,,,,,,,,,,-9997,,,,,,,,,,,,,,,,,,,,,,,,,,,,,,,,,,,,,,,,,,,,,,,,,,,,,,,,,,,,,,,,,,-99.7,,,,
2010-11-13,1017.8,1020.5,2010-11-13T23:14:00,1015.9,2010-11-13T04:58:00,21.4,24.2,2010-11-13T10:46:00,18.1,2010-11-13T02:26:00,-9997,-9997,,3.3,325,7.7,310.0,2010-11-13T00:12:00,35.5,,,,,,,,,,,,,,,,,,,,,,,,,,,-9997,,,,,,,,,,,,,,,,,,,,,,,,,,,,,,,,,,,,,,,,,,,,,,,,,,,,,,,,,,,,,,,,,,-99.7,,,,
2010-11-14,1020.0,1021.8,2010-11-14T08:19:00,1018.4,2010-11-14T02:48:00,21.9,25.2,2010-11-14T15:05:00,19.1,2010-11-14T04:57:00,-9997,-9997,,3.1,324,7.1,342.0,2010-11-14T05:23:00,9.0,,,,,,,,,,,,,,,,,,,,,,,,,,,-9997,,,,,,,,,,,,,,,,,,,,,,,,,,,,,,,,,,,,,,,,,,,,,,,,,,,,,,,,,,,,,,,,,,-99.7,,,,
2010-11-15,1021.7,1023.4,2010-11-15T20:58:00,1019.9,2010-11-15T02:46:00,20.5,24.2,2010-11-15T08:16:00,18.1,2010-11-15T23:05:00,-9997,-9997,,1.6,341,6.5,325.0,2010-11-15T07:57:00,28.5,,,,,,,,,,,,,,,,,,,,,,,,,,,-9997,,,,,,,,,,,,,,,,,,,,,,,,,,,,,,,,,,,,,,,,,,,,,,,,,,,,,,,,,,,,,,,,,,-99.7,,,,
2010-11-16,1019.6,1022.4,2010-11-17T00:00:00,1017.6,2010-11-16T14:56:00,20.0,24.2,2010-11-16T23:57:00,18.1,2010-11-16T02:08:00,-9997,-9997,,2.1,321,5.3,287.0,2010-11-16T03:11:00,13.0,,,,,,,,,,,,,,,,,,,,,,,,,,,-9997,,,,,,,,,,,,,,,,,,,,,,,,,,,,,,,,,,,,,,,,,,,,,,,,,,,,,,,,,,,,,,,,,,-99.7,,,,
2010-11-17,1019.3,1020.9,2010-11-17T20:35:00,1017.8,2010-11-17T14:30:00,20.4,24.2,2010-11-17T13:26:00,18.1,2010-11-17T23:59:00,-9997,-9997,,1.7,349,7.2,50.0,2010-11-17T05:50:00,8.5,,,,,,,,,,,,,,,,,,,,,,,,,,,-9997,,,,,,,,,,,,,,,,,,,,,,,,,,,,,,,,,,,,,,,,,,,,,,,,,,,,,,,,,,,,,,,,,,-99.7,,,,
2010-11-18,1017.3,1019.8,2010-11-19T00:00:00,1016.0,2010-11-18T14:05:00,21.1,25.2,2010-11-18T09:21:00,19.1,2010-11-18T06:22:00,-9997,-9997,,2.2,12,5.0,346.0,2010-11-18T23:36:00,8.5,,,,,,,,,,,,,,,,,,,,,,,,,,,-9997,,,,,,,,,,,,,,,,,,,,,,,,,,,,,,,,,,,,,,,,,,,,,,,,,,,,,,,,,,,,,,,,,,-99.7,,,,
2010-11-19,1013.1,1016.2,2010-11-19T00:03:00,1009.9,2010-11-19T14:44:00,23.4,28.3,2010-11-19T12:16:00,18.1,2010-11-19T01:25:00,-9997,-9997,,2.9,73,12.4,305.0,2010-11-19T16:55:00,0.0,,,,,,,,,,,,,,,,,,,,,,,,,,,-9997,,,,,,,,,,,,,,,,,,,,,,,,,,,,,,,,,,,,,,,,,,,,,,,,,,,,,,,,,,,,,,,,,,-99.7,,,,
2010-11-20,1012.7,1014.6,2010-11-20T08:53:00,1011.1,2010-11-20T15:09:00,22.6,29.3,2010-11-20T11:46:00,20.1,2010-11-20T21:34:00,-9997,-9997,,2.2,71,9.6,318.0,2010-11-20T01:11:00,22.0,,,,,,,,,,,,,,,,,,,,,,,,,,,-9997,,,,,,,,,,,,,,,,,,,,,,,,,,,,,,,,,,,,,,,,,,,,,,,,,,,,,,,,,,,,,,,,,,-99.7,,,,
2010-11-21,1010.6,1012.4,2010-11-22T00:00:00,1008.9,2010-11-21T15:11:00,22.9,28.3,2010-11-21T12:27:00,20.1,2010-11-21T23:44:00,-9997,-9997,,2.3,337,5.2,332.0,2010-11-21T23:20:00,3.0,,,,,,,,,,,,,,,,,,,,,,,,,,,-9997,,,,,,,,,,,,,,,,,,,,,,,,,,,,,,,,,,,,,,,,,,,,,,,,,,,,,,,,,,,,,,,,,,-99.7,,,,
2010-11-22,1011.1,1014.3,2010-11-22T22:48:00,1008.9,2010-11-22T04:19:00,22.2,27.3,2010-11-22T11:37:00,18.1,2010-11-22T04:04:00,-9997,-9997,,2.3,327,12.8,327.0,2010-11-22T18:40:00,0.0,,,,,,,,,,,,,,,,,,,,,,,,,,,-9997,,,,,,,,,,,,,,,,,,,,,,,,,,,,,,,,,,,,,,,,,,,,,,,,,,,,,,,,,,,,,,,,,,-99.7,,,,
2010-11-23,1014.9,1017.0,2010-11-23T20:56:00,1013.4,2010-11-23T04:22:00,20.1,24.2,2010-11-23T09:55:00,18.1,2010-11-23T20:34:00,-9997,-9997,,2.7,322,14.4,314.0,2010-11-23T10:05:00,1.5,,,,,,,,,,,,,,,,,,,,,,,,,,,-9997,,,,,,,,,,,,,,,,,,,,,,,,,,,,,,,,,,,,,,,,,,,,,,,,,,,,,,,,,,,,,,,,,,-99.7,,,,
2010-11-24,1016.4,1018.0,2010-11-24T07:35:00,1014.9,2010-11-24T16:44:00,21.1,26.2,2010-11-24T10:40:00,17.1,2010-11-24T05:25:00,-9997,-9997,,2.6,320,8.5,307.0,2010-11-24T08:12:00,0.0,,,,,,,,,,,,,,,,,,,,,,,,,,,-9997,,,,,,,,,,,,,,,,,,,,,,,,,,,,,,,,,,,,,,,,,,,,,,,,,,,,,,,,,,,,,,,,,,-99.7,,,,
2010-11-25,1017.2,1019.8,2010-11-25T22:55:00,1015.6,2010-11-25T13:58:00,20.9,26.2,2010-11-25T10:23:00,18.1,2010-11-25T23:12:00,-9997,-9997,,3.5,337,14.9,351.0,2010-11-25T12:07:00,0.0,,,,,,,,,,,,,,,,,,,,,,,,,,,-9997,,,,,,,,,,,,,,,,,,,,,,,,,,,,,,,,,,,,,,,,,,,,,,,,,,,,,,,,,,,,,,,,,,-99.7,,,,
2010-11-26,1019.3,1021.3,2010-11-26T21:12:00,1017.2,2010-11-26T13:03:00,19.7,23.2,2010-11-26T10:52:00,17.1,2010-11-26T23:57:00,-9997,-9997,,3.1,311,11.0,323.0,2010-11-26T00:19:00,0.0,,,,,,,,,,,,,,,,,,,,,,,,,,,-9997,,,,,,,,,,,,,,,,,,,,,,,,,,,,,,,,,,,,,,,,,,,,,,,,,,,,,,,,,,,,,,,,,,-99.7,,,,
2010-11-27,1019.2,1020.7,2010-11-27T22:11:00,1017.3,2010-11-27T14:33:00,20.3,26.2,2010-11-27T13:00:00,16.1,2010-11-27T05:53:00,-9997,-9997,,3.0,321,6.6,306.0,2010-11-27T07:26:00,0.0,,,,,,,,,,,,,,,,,,,,,,,,,,,-9997,,,,,,,,,,,,,,,,,,,,,,,,,,,,,,,,,,,,,,,,,,,,,,,,,,,,,,,,,,,,,,,,,,-99.7,,,,
2010-11-28,1019.0,1021.0,2010-11-28T08:43:00,1017.4,2010-11-28T15:10:00,20.7,27.3,2010-11-28T11:18:00,18.1,2010-11-28T07:24:00,-9997,-9997,,3.1,333,6.6,332.0,2010-11-28T04:11:00,12.5,,,,,,,,,,,,,,,,,,,,,,,,,,,-9997,,,,,,,,,,,,,,,,,,,,,,,,,,,,,,,,,,,,,,,,,,,,,,,,,,,,,,,,,,,,,,,,,,-99.7,,,,
2010-11-29,1016.2,1018.1,2010-11-29T08:23:00,1014.5,2010-11-29T14:29:00,21.6,26.2,2010-11-29T11:01:00,17.1,2010-11-29T05:56:00,-9997,-9997,,2.8,335,6.6,344.0,2010-11-29T05:21:00,0.0,,,,,,,,,,,,,,,,,,,,,,,,,,,-9997,,,,,,,,,,,,,,,,,,,,,,,,,,,,,,,,,,,,,,,,,,,,,,,,,,,,,,,,,,,,,,,,,,-99.7,,,,
2010-11-30,1013.8,1015.1,2010-11-30T20:47:00,1012.0,2010-11-30T14:47:00,22.3,28.3,2010-11-30T09:51:00,18.1,2010-11-30T06:13:00,-9997,-9997,,2.7,310,9.5,318.0,2010-11-30T23:26:00,0.0,,,,,,,,,,,,,,,,,,,,,,,,,,,-9997,,,,,,,,,,,,,,,,,,,,,,,,,,,,,,,,,,,,,,,,,,,,,,,,,,,,,,,,,,,,,,,,,,-99.7,,,,
2010-12-01,1014.4,1016.0,2010-12-01T08:32:00,1012.5,2010-12-01T14:39:00,22.7,28.3,2010-12-01T11:13:00,19.1,2010-12-01T06:06:00,-9997,-9997,,2.0,323,8.0,91.0,2010-12-01T12:17:00,1.5,,,,,,,,,,,,,,,,,,,,,,,,,,,-9997,,,,,,,,,,,,,,,,,,,,,,,,,,,,,,,,,,,,,,,,,,,,,,,,,,,,,,,,,,,,,,,,,,-99.7,,,,
2010-12-02,1015.2,1017.5,2010-12-02T23:37:00,1013.6,2010-12-02T04:33:00,22.6,29.3,2010-12-02T12:01:00,17.1,2010-12-02T06:02:00,-9997,-9997,,2.7,319,12.6,63.0,2010-12-02T23:50:00,2.5,,,,,,,,,,,,,,,,,,,,,,,,,,,-9997,,,,,,,,,,,,,,,,,,,,,,,,,,,,,,,,,,,,,,,,,,,,,,,,,,,,,,,,,,,,,,,,,,-99.7,,,,
2010-12-03,1021.1,1022.8,2010-12-03T19:37:00,1017.4,2010-12-03T00:39:00,20.3,24.2,2010-12-03T01:52:00,17.1,2010-12-03T16:19:00,-9997,-9997,,3.7,283,12.4,330.0,2010-12-03T02:33:00,0.0,,,,,,,,,,,,,,,,,,,,,,,,,,,-9997,,,,,,,,,,,,,,,,,,,,,,,,,,,,,,,,,,,,,,,,,,,,,,,,,,,,,,,,,,,,,,,,,,-99.7,,,,
2010-12-04,1018.8,1021.7,2010-12-05T00:00:00,1016.8,2010-12-04T23:45:00,20.1,25.2,2010-12-04T11:56:00,17.1,2010-12-04T06:50:00,-9997,-9997,,2.7,329,6.8,301.0,2010-12-04T02:27:00,0.0,,,,,,,,,,,,,,,,,,,,,,,,,,,-9997,,,,,,,,,,,,,,,,,,,,,,,,,,,,,,,,,,,,,,,,,,,,,,,,,,,,,,,,,,,,,,,,,,-99.7,,,,
2010-12-05,1014.6,1016.8,2010-12-06T00:00:00,1012.5,2010-12-05T14:43:00,22.0,30.3,2010-12-05T14:52:00,17.1,2010-12-05T05:05:00,-9997,-9997,,3.0,331,6.1,313.0,2010-12-05T07:41:00,0.0,,,,,,,,,,,,,,,,,,,,,,,,,,,-9997,,,,,,,,,,,,,,,,,,,,,,,,,,,,,,,,,,,,,,,,,,,,,,,,,,,,,,,,,,,,,,,,,,-99.7,,,,
2010-12-06,1014.8,1017.8,2010-12-06T22:39:00,1012.7,2010-12-06T13:58:00,21.9,29.2,2010-12-06T09:28:00,17.1,2010-12-06T06:29:00,-9997,-9997,,3.5,328,14.6,333.0,2010-12-06T17:23:00,0.0,,,,,,,,,,,,,,,,,,,,,,,,,,,-9997,,,,,,,,,,,,,,,,,,,,,,,,,,,,,,,,,,,,,,,,,,,,,,,,,,,,,,,,,,,,,,,,,,-99.7,,,,
2010-12-07,1017.2,1019.4,2010-12-07T09:43:00,1014.8,2010-12-07T13:46:00,17.3,22.2,2010-12-07T02:15:00,13.1,2010-12-07T21:23:00,-9997,-9997,,3.5,321,16.0,307.0,2010-12-07T04:38:00,0.0,,,,,,,,,,,,,,,,,,,,,,,,,,,-9997,,,,,,,,,,,,,,,,,,,,,,,,,,,,,,,,,,,,,,,,,,,,,,,,,,,,,,,,,,,,,,,,,,-99.7,,,,
2010-12-08,1016.3,1017.7,2010-12-08T23:02:00,1014.1,2010-12-08T14:09:00,15.6,21.1,2010-12-08T13:09:00,11.1,2010-12-08T23:23:00,-9997,-9997,,2.9,76,8.8,359.0,2010-12-08T01:57:00,0.0,,,,,,,,,,,,,,,,,,,,,,,,,,,-9997,,,,,,,,,,,,,,,,,,,,,,,,,,,,,,,,,,,,,,,,,,,,,,,,,,,,,,,,,,,,,,,,,,-99.7,,,,
2010-12-09,1017.2,1019.2,2010-12-09T09:21:00,1015.8,2010-12-09T13:56:00,16.0,24.2,2010-12-09T12:02:00,10.0,2010-12-09T00:10:00,-9997,-9997,,3.5,86,9.5,295.0,2010-12-09T03:10:00,0.0,,,,,,,,,,,,,,,,,,,,,,,,,,,-9997,,,,,,,,,,,,,,,,,,,,,,,,,,,,,,,,,,,,,,,,,,,,,,,,,,,,,,,,,,,,,,,,,,-99.7,,,,
2010-12-10,1014.3,1016.7,2010-12-10T09:16:00,1012.3,2010-12-10T14:58:00,18.0,25.2,2010-12-10T13:52:00,12.0,2010-12-10T05:03:00,-9997,-9997,,3.2,339,8.0,307.0,2010-12-10T07:46:00,0.0,,,,,,,,,,,,,,,,,,,,,,,,,,,-9997,,,,,,,,,,,,,,,,,,,,,,,,,,,,,,,,,,,,,,,,,,,,,,,,,,,,,,,,,,,,,,,,,,-99.7,,,,
2010-12-11,1014.3,1015.8,2010-12-11T08:11:00,1012.6,2010-12-11T14:43:00,20.8,27.3,2010-12-11T14:34:00,17.1,2010-12-11T02:11:00,-9997,-9997,,2.4,314,8.3,86.0,2010-12-11T14:42:00,0.0,,,,,,,,,,,,,,,,,,,,,,,,,,,-9997,,,,,,,,,,,,,,,,,,,,,,,,,,,,,,,,,,,,,,,,,,,,,,,,,,,,,,,,,,,,,,,,,,-99.7,,,,
2010-12-12,1012.3,1014.9,2010-12-12T00:08:00,1010.9,2010-12-12T14:55:00,21.6,27.3,2010-12-12T12:12:00,17.1,2010-12-12T00:31:00,-9997,-9997,,3.5,332,9.0,135.0,2010-12-12T13:56:00,0.0,,,,,,,,,,,,,,,,,,,,,,,,,,,-9997,,,,,,,,,,,,,,,,,,,,,,,,,,,,,,,,,,,,,,,,,,,,,,,,,,,,,,,,,,,,,,,,,,-99.7,,,,
2010-12-13,1010.8,1012.0,2010-12-13T08:59:00,1009.4,2010-12-13T15:41:00,22.6,28.3,2010-12-13T09:51:00,18.1,2010-12-13T06:50:00,-9997,-9997,,2.5,335,6.5,328.0,2010-12-13T03:42:00,0.0,,,,,,,,,,,,,,,,,,,,,,,,,,,-9997,,,,,,,,,,,,,,,,,,,,,,,,,,,,,,,,,,,,,,,,,,,,,,,,,,,,,,,,,,,,,,,,,,-99.7,,,,
2010-12-14,1014.9,1018.4,2010-12-14T22:45:00,1010.2,2010-12-14T03:01:00,21.4,25.1,2010-12-14T12:08:00,17.1,2010-12-14T23:57:00,-9997,-9997,,2.7,323,14.5,59.0,2010-12-14T09:14:00,0.5,,,,,,,,,,,,,,,,,,,,,,,,,,,-9997,,,,,,,,,,,,,,,,,,,,,,,,,,,,,,,,,,,,,,,,,,,,,,,,,,,,,,,,,,,,,,,,,,-99.7,,,,
2010-12-15,1015.6,1017.9,2010-12-15T08:59:00,1012.8,2010-12-15T15:00:00,18.8,22.1,2010-12-15T16:59:00,16.1,2010-12-15T23:54:00,-9997,-9997,,1.3,319,8.4,88.0,2010-12-15T20:33:00,17.0,,,,,,,,,,,,,,,,,,,,,,,,,,,-9997,,,,,,,,,,,,,,,,,,,,,,,,,,,,,,,,,,,,,,,,,,,,,,,,,,,,,,,,,,,,,,,,,,-99.7,,,,
2010-12-16,1017.4,1020.3,2010-12-16T08:49:00,1015.1,2010-12-16T00:12:00,14.2,18.1,2010-12-16T01:48:00,12.0,2010-12-16T19:37:00,-9997,-9997,,4.8,331,16.8,329.0,2010-12-16T04:43:00,5.5,,,,,,,,,,,,,,,,,,,,,,,,,,,-9997,,,,,,,,,,,,,,,,,,,,,,,,,,,,,,,,,,,,,,,,,,,,,,,,,,,,,,,,,,,,,,,,,,-99.7,,,,
2010-12-17,1018.0,1021.8,2010-12-17T22:01:00,1015.3,2010-12-17T04:23:00,14.2,20.2,2010-12-17T13:00:00,9.1,2010-12-17T21:10:00,-9997,-9997,,3.7,83,14.5,305.0,2010-12-17T02:17:00,0.0,,,,,,,,,,,,,,,,,,,,,,,,,,,-9997,,,,,,,,,,,,,,,,,,,,,,,,,,,,,,,,,,,,,,,,,,,,,,,,,,,,,,,,,,,,,,,,,,-99.7,,,,
2010-12-18,1019.6,1021.7,2010-12-18T09:04:00,1017.4,,16.4,24.2,2010-12-18T14:39:00,11.0,2010-12-18T05:07:00,-9997,-9997,,3.5,318,10.1,311.0,2010-12-18T05:14:00,0.0,,,,,,,,,,,,,,,,,,,,,,,,,,,-9997,,,,,,,,,,,,,,,,,,,,,,,,,,,,,,,,,,,,,,,,,,,,,,,,,,,,,,,,,,,,,,,,,,-99.7,,,,
2010-12-19,1018.1,1020.2,2010-12-19T08:19:00,1016.2,2010-12-19T15:14:00,19.1,28.2,2010-12-19T11:50:00,14.1,2010-12-19T01:04:00,-9997,-9997,,3.5,329,9.1,314.0,2010-12-19T06:25:00,0.0,,,,,,,,,,,,,,,,,,,,,,,,,,,-9997,,,,,,,,,,,,,,,,,,,,,,,,,,,,,,,,,,,,,,,,,,,,,,,,,,,,,,,,,,,,,,,,,,-99.7,,,,
2010-12-20,1015.2,1017.1,2010-12-20T08:10:00,1013.6,2010-12-20T14:03:00,19.9,24.2,2010-12-20T12:30:00,15.1,2010-12-20T05:35:00,-9997,-9997,,3.4,313,9.1,64.0,2010-12-20T12:08:00,0.0,,,,,,,,,,,,,,,,,,,,,,,,,,,-9997,,,,,,,,,,,,,,,,,,,,,,,,,,,,,,,,,,,,,,,,,,,,,,,,,,,,,,,,,,,,,,,,,,-99.7,,,,
2010-12-21,1012.6,1013.7,2010-12-21T09:03:00,1010.7,2010-12-21T14:52:00,20.0,23.2,2010-12-21T12:33:00,18.1,2010-12-21T05:51:00,-9997,-9997,,2.2,306,6.8,308.0,2010-12-21T01:30:00,0.0,,,,,,,,,,,,,,,,,,,,,,,,,,,-9997,,,,,,,,,,,,,,,,,,,,,,,,,,,,,,,,,,,,,,,,,,,,,,,,,,,,,,,,,,,,,,,,,,-99.7,,,,
2010-12-22,1015.9,1018.4,2010-12-22T21:35:00,1013.1,2010-12-22T00:02:00,18.9,22.1,2010-12-22T12:58:00,15.1,2010-12-22T21:39:00,-9997,-9997,,2.8,333,13.0,322.0,2010-12-22T01:49:00,0.0,,,,,,,,,,,,,,,,,,,,,,,,,,,-9997,,,,,,,,,,,,,,,,,,,,,,,,,,,,,,,,,,,,,,,,,,,,,,,,,,,,,,,,,,,,,,,,,,-99.7,,,,
2010-12-23,1017.1,1019.3,2010-12-23T09:01:00,1015.7,2010-12-23T16:13:00,17.7,25.1,2010-12-23T11:19:00,13.0,2010-12-23T03:31:00,-9997,-9997,,3.5,310,9.5,312.0,2010-12-23T05:54:00,0.0,,,,,,,,,,,,,,,,,,,,,,,,,,,-9997,,,,,,,,,,,,,,,,,,,,,,,,,,,,,,,,,,,,,,,,,,,,,,,,,,,,,,,,,,,,,,,,,,-99.7,,,,
2010-12-24,1015.9,1017.7,2010-12-24T08:48:00,1013.5,2010-12-24T15:23:00,18.7,25.2,2010-12-24T10:37:00,15.1,2010-12-24T06:17:00,-9997,-9997,,3.0,318,9.5,72.0,2010-12-24T15:58:00,39.0,,,,,,,,,,,,,,,,,,,,,,,,,,,-9997,,,,,,,,,,,,,,,,,,,,,,,,,,,,,,,,,,,,,,,,,,,,,,,,,,,,,,,,,,,,,,,,,,-99.7,,,,
2010-12-25,1016.3,1018.1,2010-12-25T08:08:00,1014.3,2010-12-25T15:05:00,17.2,20.1,2010-12-25T00:40:00,14.1,2010-12-25T23:14:00,-9997,-9997,,2.2,10,9.8,314.0,2010-12-25T15:05:00,1.0,,,,,,,,,,,,,,,,,,,,,,,,,,,-9997,,,,,,,,,,,,,,,,,,,,,,,,,,,,,,,,,,,,,,,,,,,,,,,,,,,,,,,,,,,,,,,,,,-99.7,,,,
2010-12-26,1017.9,1020.6,2010-12-26T22:17:00,1015.5,2010-12-26T04:14:00,13.8,18.1,2010-12-26T06:43:00,11.0,2010-12-26T21:50:00,-9997,-9997,,3.8,324,19.1,347.0,2010-12-26T10:54:00,1.0,,,,,,,,,,,,,,,,,,,,,,,,,,,-9997,,,,,,,,,,,,,,,,,,,,,,,,,,,,,,,,,,,,,,,,,,,,,,,,,,,,,,,,,,,,,,,,,,-99.7,,,,
2010-12-27,1019.5,1021.4,2010-12-27T08:50:00,1017.3,2010-12-27T14:08:00,13.6,20.2,2010-12-27T14:10:00,8.0,2010-12-27T06:37:00,-9997,-9997,,3.2,338,9.3,325.0,2010-12-27T03:41:00,0.0,,,,,,,,,,,,,,,,,,,,,,,,,,,-9997,,,,,,,,,,,,,,,,,,,,,,,,,,,,,,,,,,,,,,,,,,,,,,,,,,,,,,,,,,,,,,,,,,-99.7,,,,
2010-12-28,1018.6,1020.7,2010-12-28T22:21:00,1015.8,2010-12-28T14:26:00,15.5,24.2,2010-12-28T13:26:00,8.0,2010-12-28T05:15:00,-9997,-9997,,4.1,169,8.7,322.0,2010-12-28T23:04:00,0.0,,,,,,,,,,,,,,,,,,,,,,,,,,,-9997,,,,,,,,,,,,,,,,,,,,,,,,,,,,,,,,,,,,,,,,,,,,,,,,,,,,,,,,,,,,,,,,,,-99.7,,,,
2010-12-29,1018.1,1020.4,2010-12-29T08:37:00,1015.4,2010-12-29T15:35:00,17.1,24.2,2010-12-29T13:55:00,11.0,2010-12-29T02:59:00,-9997,-9997,,4.1,316,8.8,304.0,2010-12-29T00:43:00,0.0,,,,,,,,,,,,,,,,,,,,,,,,,,,-9997,,,,,,,,,,,,,,,,,,,,,,,,,,,,,,,,,,,,,,,,,,,,,,,,,,,,,,,,,,,,,,,,,,-99.7,,,,
2010-12-30,1017.7,1019.3,2010-12-30T08:45:00,1016.0,2010-12-30T15:01:00,16.5,22.2,2010-12-30T10:20:00,12.0,2010-12-30T05:27:00,-9997,-9997,,3.4,329,19.8,60.0,2010-12-30T11:21:00,0.0,,,,,,,,,,,,,,,,,,,,,,,,,,,-9997,,,,,,,,,,,,,,,,,,,,,,,,,,,,,,,,,,,,,,,,,,,,,,,,,,,,,,,,,,,,,,,,,,-99.7,,,,
2010-12-31,1020.0,1022.7,2010-12-31T22:19:00,1017.4,2010-12-31T13:57:00,13.7,17.1,2010-12-31T08:56:00,8.0,2010-12-31T23:46:00,-9997,-9997,,3.5,63,21.3,62.0,2010-12-31T15:00:00,0.0,,,,,,,,,,,,,,,,,,,,,,,,,,,-9997,,,,,,,,,,,,,,,,,,,,,,,,,,,,,,,,,,,,,,,,,,,,,,,,,,,,,,,,,,,,,,,,,,-99.7,,,,
