,StnPres,StnPresMax,StnPresMaxTime,StnPresMin,StnPresMinTime,Tx,TxMaxAbs,TxMaxAbsTime,TxMinAbs,TxMinAbsTime,RH,RHMin,RHMinTime,WS,WD,WSGust,WDGust,WGustTime,Precp,AirTemperature.MaximumTimef,AirTemperature.Maximumf,AirTemperature.Meanf,AirTemperature.MinimumTimef,AirTemperature.Minimumf,GlobalSolarRadiation.Accumulationf,GlobalSolarRadiation.HourlyMaximumTimef,GlobalSolarRadiation.HourlyMaximumf,GloblRad,GloblRadMax,GloblRadMaxTime,PeakGust.Directionf,PeakGust.MaximumTimef,PeakGust.Maximumf,Precipitation.Accumulationf,Precipitation.HourlyMaximum,Precipitation.HourlyMaximumTime,Precipitation.HourlyMaximumTimef,Precipitation.HourlyMaximumf,Precipitation.MeltFlag,Precipitation.MeltFlagf,RelativeHumidity.Maximum,RelativeHumidity.MaximumTime,RelativeHumidity.MaximumTimef,RelativeHumidity.Maximumf,RelativeHumidity.Meanf,RelativeHumidity.MinimumTimef,RelativeHumidity.Minimumf,SoilTemperatureAt0cm.Maximum,SoilTemperatureAt0cm.MaximumTime,SoilTemperatureAt0cm.MaximumTimef,SoilTemperatureAt0cm.Maximumf,SoilTemperatureAt0cm.Meanf,SoilTemperatureAt0cm.Minimum,SoilTemperatureAt0cm.MinimumTime,SoilTemperatureAt0cm.MinimumTimef,SoilTemperatureAt0cm.Minimumf,SoilTemperatureAt100cm.Maximum,SoilTemperatureAt100cm.MaximumTime,SoilTemperatureAt100cm.MaximumTimef,SoilTemperatureAt100cm.Maximumf,SoilTemperatureAt100cm.Meanf,SoilTemperatureAt100cm.Minimum,SoilTemperatureAt100cm.MinimumTime,SoilTemperatureAt100cm.MinimumTimef,SoilTemperatureAt100cm.Minimumf,SoilTemperatureAt10cm.Maximum,SoilTemperatureAt10cm.MaximumTime,SoilTemperatureAt10cm.MaximumTimef,SoilTemperatureAt10cm.Maximumf,SoilTemperatureAt10cm.Meanf,SoilTemperatureAt10cm.Minimum,SoilTemperatureAt10cm.MinimumTime,SoilTemperatureAt10cm.MinimumTimef,SoilTemperatureAt10cm.Minimumf,SoilTemperatureAt20cm.Maximum,SoilTemperatureAt20cm.MaximumTime,SoilTemperatureAt20cm.MaximumTimef,SoilTemperatureAt20cm.Maximumf,SoilTemperatureAt20cm.Meanf,SoilTemperatureAt20cm.Minimum,SoilTemperatureAt20cm.MinimumTime,SoilTemperatureAt20cm.MinimumTimef,SoilTemperatureAt20cm.Minimumf,SoilTemperatureAt50cm.Maximum,SoilTemperatureAt50cm.MaximumTime,SoilTemperatureAt50cm.MaximumTimef,SoilTemperatureAt50cm.Maximumf,SoilTemperatureAt50cm.Meanf,SoilTemperatureAt50cm.Minimum,SoilTemperatureAt50cm.MinimumTime,SoilTemperatureAt50cm.MinimumTimef,SoilTemperatureAt50cm.Minimumf,SoilTemperatureAt5cm.Maximum,SoilTemperatureAt5cm.MaximumTime,SoilTemperatureAt5cm.MaximumTimef,SoilTemperatureAt5cm.Maximumf,SoilTemperatureAt5cm.Meanf,SoilTemperatureAt5cm.Minimum,SoilTemperatureAt5cm.MinimumTime,SoilTemperatureAt5cm.MinimumTimef,SoilTemperatureAt5cm.Minimumf,StationPressure.MaximumTimef,StationPressure.Maximumf,StationPressure.Meanf,StationPressure.MinimumTimef,StationPressure.Minimumf,SunShine,SunshineDuration.Totalf,TxSoil0cm,TxSoil100cm,TxSoil10cm,TxSoil20cm,TxSoil50cm,TxSoil5cm,WindDirection.Prevailingf,WindSpeed.Meanf
2018-01-01,1008.5,1010.7,2018-01-01T09:30:00,1005.9,2018-01-01T16:11:00,15.7,23.6,2018-01-01T13:50:00,10.0,2018-01-01T07:13:00,79,52.0,2018-01-01T13:50:00,0.1,18.0,4.2,32.0,2018-01-01T15:54:00,0.0,,,,,,,,,,,,,,,,,,,,,,98.0,2018-01-01T07:58:00,,,,,,,,,,,,,,,,,,,,,,,,,,,,,,,,,,,,,,,,,,,,,,,,,,,,,,,,,,,,,,,,,,,,,,,,,,
2018-01-02,1007.2,1009.3,2018-01-02T09:43:00,1004.4,2018-01-02T14:51:00,16.7,27.6,2018-01-02T14:11:00,9.6,2018-01-02T06:40:00,82,41.0,2018-01-02T12:58:00,0.1,230.0,3.1,224.0,2018-01-02T14:40:00,0.0,,,,,,,,,,,,,,,,,,,,,,99.0,2018-01-02T07:48:00,,,,,,,,,,,,,,,,,,,,,,,,,,,,,,,,,,,,,,,,,,,,,,,,,,,,,,,,,,,,,,,,,,,,,,,,,,
2018-01-03,1007.2,1009.8,2018-01-03T08:19:00,1005.0,2018-01-03T15:16:00,17.3,25.1,2018-01-03T12:43:00,10.5,2018-01-03T06:47:00,87,57.0,2018-01-03T12:26:00,0.1,216.0,2.8,205.0,2018-01-03T13:33:00,0.0,,,,,,,,,,,,,,,,,,,,,,99.0,2018-01-03T07:50:00,,,,,,,,,,,,,,,,,,,,,,,,,,,,,,,,,,,,,,,,,,,,,,,,,,,,,,,,,,,,,,,,,,,,,,,,,,
2018-01-04,1006.1,1008.4,2018-01-04T08:57:00,1003.4,2018-01-04T15:50:00,17.5,21.5,2018-01-04T13:36:00,14.2,2018-01-04T06:41:00,94,77.0,2018-01-04T13:46:00,0.1,229.0,2.0,231.0,2018-01-04T10:44:00,1.0,,,,,,,,,,,,,,,,,,,,,,99.0,2018-01-04T23:59:00,,,,,,,,,,,,,,,,,,,,,,,,,,,,,,,,,,,,,,,,,,,,,,,,,,,,,,,,,,,,,,,,,,,,,,,,,,
2018-01-05,1005.8,1008.1,2018-01-05T10:06:00,1004.5,2018-01-05T05:08:00,16.4,17.3,2018-01-05T09:57:00,15.6,2018-01-05T23:58:00,92,83.0,2018-01-05T18:40:00,0.2,41.0,5.0,28.0,2018-01-05T15:24:00,4.0,,,,,,,,,,,,,,,,,,,,,,99.0,2018-01-05T07:05:00,,,,,,,,,,,,,,,,,,,,,,,,,,,,,,,,,,,,,,,,,,,,,,,,,,,,,,,,,,,,,,,,,,,,,,,,,,
2018-01-06,1004.2,1005.6,2018-01-06T09:17:00,1002.2,2018-01-06T13:17:00,16.7,18.7,2018-01-06T10:37:00,15.2,2018-01-06T01:55:00,95,81.0,2018-01-06T10:44:00,0.0,73.0,2.7,34.0,2018-01-06T12:49:00,28.5,,,,,,,,,,,,,,,,,,,,,,99.0,2018-01-06T21:16:00,,,,,,,,,,,,,,,,,,,,,,,,,,,,,,,,,,,,,,,,,,,,,,,,,,,,,,,,,,,,,,,,,,,,,,,,,,
2018-01-07,1003.8,1006.9,2018-01-07T07:28:00,1000.6,2018-01-07T20:01:00,16.8,17.6,2018-01-07T04:26:00,16.1,2018-01-07T08:51:00,98,90.0,2018-01-07T10:44:00,0.1,60.0,4.1,24.0,2018-01-07T05:47:00,53.0,,,,,,,,,,,,,,,,,,,,,,99.0,2018-01-07T23:49:00,,,,,,,,,,,,,,,,,,,,,,,,,,,,,,,,,,,,,,,,,,,,,,,,,,,,,,,,,,,,,,,,,,,,,,,,,,
2018-01-08,1003.7,1010.3,2018-01-08T23:25:00,1000.6,2018-01-08T08:12:00,16.9,19.4,2018-01-08T08:50:00,12.3,2018-01-08T23:58:00,98,90.0,2018-01-08T08:47:00,0.2,13.0,4.2,47.0,2018-01-08T18:34:00,118.0,,,,,,,,,,,,,,,,,,,,,,99.0,2018-01-08T02:23:00,,,,,,,,,,,,,,,,,,,,,,,,,,,,,,,,,,,,,,,,,,,,,,,,,,,,,,,,,,,,,,,,,,,,,,,,,,
2018-01-09,1011.4,1013.9,2018-01-09T21:38:00,1008.2,2018-01-09T01:12:00,10.1,12.6,2018-01-09T12:16:00,8.5,2018-01-09T07:26:00,93,74.0,2018-01-09T12:21:00,0.4,33.0,4.2,83.0,2018-01-09T11:50:00,29.0,,,,,,,,,,,,,,,,,,,,,,97.0,2018-01-09T02:05:00,,,,,,,,,,,,,,,,,,,,,,,,,,,,,,,,,,,,,,,,,,,,,,,,,,,,,,,,,,,,,,,,,,,,,,,,,,
2018-01-10,1014.0,1016.2,2018-01-10T09:33:00,1012.2,2018-01-10T14:32:00,10.7,14.9,2018-01-10T11:44:00,8.5,2018-01-10T01:45:00,67,45.0,2018-01-10T15:00:00,0.5,38.0,6.3,3.0,2018-01-10T12:31:00,0.5,,,,,,,,,,,,,,,,,,,,,,95.0,2018-01-10T00:01:00,,,,,,,,,,,,,,,,,,,,,,,,,,,,,,,,,,,,,,,,,,,,,,,,,,,,,,,,,,,,,,,,,,,,,,,,,,
2018-01-11,1014.9,1017.6,2018-01-11T21:39:00,1012.6,2018-01-11T14:02:00,11.5,16.5,2018-01-11T12:31:00,8.7,2018-01-11T01:45:00,58,43.0,2018-01-11T11:31:00,0.6,53.0,7.6,25.0,2018-01-11T09:59:00,0.0,,,,,,,,,,,,,,,,,,,,,,76.0,2018-01-11T01:08:00,,,,,,,,,,,,,,,,,,,,,,,,,,,,,,,,,,,,,,,,,,,,,,,,,,,,,,,,,,,,,,,,,,,,,,,,,,
2018-01-12,1016.5,1017.9,2018-01-12T09:04:00,1014.5,2018-01-12T13:58:00,10.7,15.0,2018-01-12T12:49:00,8.6,2018-01-12T06:05:00,53,40.0,2018-01-12T10:53:00,0.7,50.0,8.2,110.0,2018-01-12T15:43:00,0.0,,,,,,,,,,,,,,,,,,,,,,62.0,2018-01-12T20:32:00,,,,,,,,,,,,,,,,,,,,,,,,,,,,,,,,,,,,,,,,,,,,,,,,,,,,,,,,,,,,,,,,,,,,,,,,,,
2018-01-13,1014.2,1016.9,2018-01-13T08:13:00,1011.1,2018-01-13T16:20:00,9.8,18.1,2018-01-13T14:09:00,2.6,2018-01-13T06:29:00,73,43.0,2018-01-13T10:52:00,0.3,22.0,7.1,36.0,2018-01-13T15:49:00,0.0,,,,,,,,,,,,,,,,,,,,,,97.0,2018-01-13T23:45:00,,,,,,,,,,,,,,,,,,,,,,,,,,,,,,,,,,,,,,,,,,,,,,,,,,,,,,,,,,,,,,,,,,,,,,,,,,
2018-01-14,1010.5,1013.8,2018-01-14T00:10:00,1007.5,2018-01-14T14:55:00,11.9,22.9,2018-01-14T13:53:00,3.6,2018-01-14T06:29:00,80,28.0,2018-01-14T12:47:00,0.1,33.0,5.4,50.0,2018-01-14T14:37:00,0.0,,,,,,,,,,,,,,,,,,,,,,99.0,2018-01-14T08:24:00,,,,,,,,,,,,,,,,,,,,,,,,,,,,,,,,,,,,,,,,,,,,,,,,,,,,,,,,,,,,,,,,,,,,,,,,,,
2018-01-15,1006.8,1009.4,2018-01-15T09:25:00,1004.1,2018-01-15T15:17:00,14.8,24.7,2018-01-15T14:01:00,7.3,2018-01-15T03:22:00,84,40.0,2018-01-15T13:58:00,0.1,30.0,2.9,32.0,2018-01-15T10:57:00,0.0,,,,,,,,,,,,,,,,,,,,,,99.0,2018-01-15T08:06:00,,,,,,,,,,,,,,,,,,,,,,,,,,,,,,,,,,,,,,,,,,,,,,,,,,,,,,,,,,,,,,,,,,,,,,,,,,
2018-01-16,1003.5,1006.0,2018-01-16T09:28:00,1001.2,2018-01-16T16:13:00,16.3,22.3,2018-01-16T14:02:00,11.2,2018-01-16T00:49:00,86,65.0,2018-01-16T14:44:00,0.0,0.0,1.8,349.0,2018-01-16T11:14:00,0.0,,,,,,,,,,,,,,,,,,,,,,98.0,2018-01-16T01:17:00,,,,,,,,,,,,,,,,,,,,,,,,,,,,,,,,,,,,,,,,,,,,,,,,,,,,,,,,,,,,,,,,,,,,,,,,,,
2018-01-17,1003.4,1005.6,2018-01-17T08:52:00,1001.6,2018-01-17T14:34:00,19.3,27.4,2018-01-17T13:46:00,15.1,2018-01-17T04:58:00,80,40.0,2018-01-17T13:46:00,0.1,18.0,3.5,112.0,2018-01-17T13:20:00,0.0,,,,,,,,,,,,,,,,,,,,,,96.0,2018-01-17T06:36:00,,,,,,,,,,,,,,,,,,,,,,,,,,,,,,,,,,,,,,,,,,,,,,,,,,,,,,,,,,,,,,,,,,,,,,,,,,
2018-01-18,1005.1,1006.9,2018-01-18T08:55:00,1003.5,2018-01-18T15:10:00,19.8,25.7,2018-01-18T14:54:00,14.6,2018-01-18T03:51:00,88,67.0,2018-01-18T14:59:00,0.1,21.0,2.7,109.0,2018-01-18T10:46:00,0.0,,,,,,,,,,,,,,,,,,,,,,99.0,2018-01-18T06:22:00,,,,,,,,,,,,,,,,,,,,,,,,,,,,,,,,,,,,,,,,,,,,,,,,,,,,,,,,,,,,,,,,,,,,,,,,,,
2018-01-19,1006.9,1009.4,2018-01-19T09:10:00,1004.9,2018-01-19T19:33:00,18.6,21.1,2018-01-19T13:30:00,16.9,2018-01-19T07:21:00,90,71.0,2018-01-19T19:15:00,0.3,22.0,4.3,4.0,2018-01-19T10:55:00,6.5,,,,,,,,,,,,,,,,,,,,,,98.0,2018-01-19T02:18:00,,,,,,,,,,,,,,,,,,,,,,,,,,,,,,,,,,,,,,,,,,,,,,,,,,,,,,,,,,,,,,,,,,,,,,,,,,
2018-01-20,1005.2,1007.0,2018-01-20T09:19:00,1003.2,2018-01-20T14:54:00,19.0,21.7,2018-01-20T14:38:00,17.9,2018-01-20T05:25:00,88,76.0,2018-01-20T14:44:00,0.1,39.0,3.7,333.0,2018-01-20T12:38:00,0.0,,,,,,,,,,,,,,,,,,,,,,96.0,2018-01-20T23:58:00,,,,,,,,,,,,,,,,,,,,,,,,,,,,,,,,,,,,,,,,,,,,,,,,,,,,,,,,,,,,,,,,,,,,,,,,,,
2018-01-21,1003.2,1005.5,2018-01-21T08:07:00,1000.9,2018-01-21T14:44:00,19.9,24.6,2018-01-21T13:34:00,17.4,2018-01-21T05:12:00,88,68.0,2018-01-21T12:51:00,0.0,0.0,2.3,228.0,2018-01-21T12:08:00,0.5,,,,,,,,,,,,,,,,,,,,,,98.0,2018-01-21T23:59:00,,,,,,,,,,,,,,,,,,,,,,,,,,,,,,,,,,,,,,,,,,,,,,,,,,,,,,,,,,,,,,,,,,,,,,,,,,
2018-01-22,1003.0,1005.2,2018-01-22T07:20:00,999.9,2018-01-22T13:08:00,17.6,22.2,2018-01-22T13:25:00,14.6,2018-01-22T23:49:00,86,68.0,2018-01-22T15:01:00,0.3,33.0,5.8,48.0,2018-01-22T15:53:00,3.5,,,,,,,,,,,,,,,,,,,,,,99.0,2018-01-22T03:59:00,,,,,,,,,,,,,,,,,,,,,,,,,,,,,,,,,,,,,,,,,,,,,,,,,,,,,,,,,,,,,,,,,,,,,,,,,,
2018-01-23,1004.1,1005.5,2018-01-23T20:58:00,1001.9,2018-01-23T14:15:00,17.5,24.3,2018-01-23T12:30:00,13.0,2018-01-23T07:00:00,82,55.0,2018-01-23T12:28:00,0.2,26.0,4.4,47.0,2018-01-23T16:50:00,0.0,,,,,,,,,,,,,,,,,,,,,,98.0,2018-01-23T07:52:00,,,,,,,,,,,,,,,,,,,,,,,,,,,,,,,,,,,,,,,,,,,,,,,,,,,,,,,,,,,,,,,,,,,,,,,,,,
2018-01-24,1004.2,1006.2,2018-01-24T08:28:00,1001.7,2018-01-24T15:01:00,17.1,23.3,2018-01-24T13:28:00,12.5,2018-01-24T23:57:00,79,55.0,2018-01-24T13:10:00,0.2,54.0,5.3,20.0,2018-01-24T13:12:00,0.0,,,,,,,,,,,,,,,,,,,,,,97.0,2018-01-24T23:58:00,,,,,,,,,,,,,,,,,,,,,,,,,,,,,,,,,,,,,,,,,,,,,,,,,,,,,,,,,,,,,,,,,,,,,,,,,,
2018-01-25,1004.8,1006.4,2018-01-25T09:08:00,1002.5,2018-01-25T14:41:00,16.8,23.5,2018-01-25T13:04:00,10.9,2018-01-25T05:52:00,82,56.0,2018-01-25T14:08:00,0.1,39.0,3.2,77.0,2018-01-25T13:42:00,0.0,,,,,,,,,,,,,,,,,,,,,,99.0,2018-01-25T07:53:00,,,,,,,,,,,,,,,,,,,,,,,,,,,,,,,,,,,,,,,,,,,,,,,,,,,,,,,,,,,,,,,,,,,,,,,,,,
2018-01-26,1006.7,1009.5,2018-01-26T09:25:00,1005.5,2018-01-26T13:12:00,15.9,18.4,2018-01-26T13:02:00,13.3,2018-01-26T23:46:00,80,66.0,2018-01-26T12:59:00,0.5,31.0,8.0,359.0,2018-01-26T13:12:00,0.0,,,,,,,,,,,,,,,,,,,,,,94.0,2018-01-26T00:14:00,,,,,,,,,,,,,,,,,,,,,,,,,,,,,,,,,,,,,,,,,,,,,,,,,,,,,,,,,,,,,,,,,,,,,,,,,,
2018-01-27,1005.0,1007.4,2018-01-27T08:44:00,1003.3,2018-01-27T18:07:00,16.9,23.6,2018-01-27T12:36:00,11.8,2018-01-27T05:49:00,83,54.0,2018-01-27T11:58:00,0.1,104.0,3.4,270.0,2018-01-27T13:47:00,0.0,,,,,,,,,,,,,,,,,,,,,,98.0,2018-01-27T23:10:00,,,,,,,,,,,,,,,,,,,,,,,,,,,,,,,,,,,,,,,,,,,,,,,,,,,,,,,,,,,,,,,,,,,,,,,,,,
2018-01-28,1004.6,1007.3,2018-01-28T23:22:00,1001.6,2018-01-28T03:14:00,14.7,16.5,2018-01-28T04:46:00,12.9,2018-01-28T21:00:00,96,91.0,2018-01-28T22:28:00,0.2,9.0,4.1,9.0,2018-01-28T22:04:00,10.5,,,,,,,,,,,,,,,,,,,,,,99.0,2018-01-28T07:14:00,,,,,,,,,,,,,,,,,,,,,,,,,,,,,,,,,,,,,,,,,,,,,,,,,,,,,,,,,,,,,,,,,,,,,,,,,,
2018-01-29,1007.9,1009.7,2018-01-29T09:31:00,1005.8,2018-01-29T03:02:00,11.5,13.3,2018-01-29T00:27:00,10.3,2018-01-29T19:23:00,90,80.0,2018-01-29T13:38:00,0.6,42.0,6.7,31.0,2018-01-29T12:32:00,11.5,,,,,,,,,,,,,,,,,,,,,,95.0,2018-01-29T09:31:00,,,,,,,,,,,,,,,,,,,,,,,,,,,,,,,,,,,,,,,,,,,,,,,,,,,,,,,,,,,,,,,,,,,,,,,,,,
2018-01-30,1008.2,1011.0,2018-01-30T06:52:00,1006.4,2018-01-30T16:04:00,12.5,15.7,2018-01-30T11:20:00,10.5,2018-01-30T00:09:00,91,72.0,2018-01-30T10:49:00,0.3,58.0,5.0,102.0,2018-01-30T05:31:00,7.0,,,,,,,,,,,,,,,,,,,,,,99.0,2018-01-30T23:53:00,,,,,,,,,,,,,,,,,,,,,,,,,,,,,,,,,,,,,,,,,,,,,,,,,,,,,,,,,,,,,,,,,,,,,,,,,,
2018-01-31,1007.9,1011.2,2018-01-31T23:18:00,1005.1,2018-01-31T14:56:00,14.5,19.4,2018-01-31T12:45:00,10.9,2018-01-31T23:59:00,93,72.0,2018-01-31T12:49:00,0.2,35.0,4.3,31.0,2018-01-31T23:49:00,16.5,,,,,,,,,,,,,,,,,,,,,,99.0,2018-01-31T03:54:00,,,,,,,,,,,,,,,,,,,,,,,,,,,,,,,,,,,,,,,,,,,,,,,,,,,,,,,,,,,,,,,,,,,,,,,,,,
2018-02-01,1010.4,1012.7,2018-02-01T09:17:00,1007.4,2018-02-01T17:45:00,11.1,12.7,2018-02-01T19:08:00,9.1,2018-02-01T05:41:00,89,80.0,2018-02-01T14:37:00,0.5,66.0,5.7,35.0,2018-02-01T01:43:00,6.5,,,,,,,,,,,,,,,,,,,,,,96.0,2018-02-01T00:12:00,,,,,,,,,,,,,,,,,,,,,,,,,,,,,,,,,,,,,,,,,,,,,,,,,,,,,,,,,,,,,,,,,,,,,,,,,,
2018-02-02,1011.9,1014.4,2018-02-02T23:59:00,1008.5,2018-02-02T02:50:00,11.8,14.2,2018-02-02T10:44:00,9.7,2018-02-02T23:56:00,92,84.0,2018-02-02T12:42:00,0.3,22.0,5.4,18.0,2018-02-02T17:32:00,3.5,,,,,,,,,,,,,,,,,,,,,,98.0,2018-02-02T07:48:00,,,,,,,,,,,,,,,,,,,,,,,,,,,,,,,,,,,,,,,,,,,,,,,,,,,,,,,,,,,,,,,,,,,,,,,,,,
2018-02-03,1013.6,1014.8,2018-02-03T23:12:00,1011.6,2018-02-03T14:37:00,8.9,10.1,2018-02-03T13:00:00,7.2,2018-02-03T21:56:00,90,81.0,2018-02-03T05:44:00,0.5,43.0,7.5,28.0,2018-02-03T19:26:00,11.0,,,,,,,,,,,,,,,,,,,,,,95.0,2018-02-03T23:35:00,,,,,,,,,,,,,,,,,,,,,,,,,,,,,,,,,,,,,,,,,,,,,,,,,,,,,,,,,,,,,,,,,,,,,,,,,,
2018-02-04,1013.7,1014.8,2018-02-04T22:09:00,1012.0,2018-02-04T14:44:00,8.3,9.4,2018-02-04T11:32:00,7.2,2018-02-04T00:01:00,89,83.0,2018-02-04T16:15:00,0.4,53.0,5.4,28.0,2018-02-04T07:38:00,4.5,,,,,,,,,,,,,,,,,,,,,,95.0,2018-02-04T01:12:00,,,,,,,,,,,,,,,,,,,,,,,,,,,,,,,,,,,,,,,,,,,,,,,,,,,,,,,,,,,,,,,,,,,,,,,,,,
2018-02-05,1014.7,1016.8,2018-02-05T09:20:00,1013.1,2018-02-05T16:48:00,7.0,8.8,2018-02-05T23:13:00,6.1,2018-02-05T07:19:00,88,72.0,2018-02-05T22:58:00,0.4,67.0,5.1,100.0,2018-02-05T23:39:00,9.5,,,,,,,,,,,,,,,,,,,,,,95.0,2018-02-05T06:21:00,,,,,,,,,,,,,,,,,,,,,,,,,,,,,,,,,,,,,,,,,,,,,,,,,,,,,,,,,,,,,,,,,,,,,,,,,,
2018-02-06,1011.5,1014.6,2018-02-06T01:28:00,1009.2,2018-02-06T18:04:00,9.8,12.1,2018-02-06T14:36:00,7.8,2018-02-06T23:52:00,65,55.0,2018-02-06T13:03:00,0.7,65.0,8.4,48.0,2018-02-06T07:15:00,0.0,,,,,,,,,,,,,,,,,,,,,,81.0,2018-02-06T23:44:00,,,,,,,,,,,,,,,,,,,,,,,,,,,,,,,,,,,,,,,,,,,,,,,,,,,,,,,,,,,,,,,,,,,,,,,,,,
2018-02-07,1008.4,1010.4,2018-02-07T00:12:00,1005.6,2018-02-07T03:15:00,10.3,12.7,2018-02-07T14:00:00,7.1,2018-02-07T00:40:00,92,73.0,2018-02-07T03:06:00,0.1,65.0,2.8,39.0,2018-02-07T18:52:00,6.0,,,,,,,,,,,,,,,,,,,,,,98.0,2018-02-07T21:23:00,,,,,,,,,,,,,,,,,,,,,,,,,,,,,,,,,,,,,,,,,,,,,,,,,,,,,,,,,,,,,,,,,,,,,,,,,,
2018-02-08,1006.9,1010.1,2018-02-08T01:26:00,1004.3,2018-02-08T16:08:00,12.3,16.7,2018-02-08T12:58:00,9.9,2018-02-08T06:54:00,89,66.0,2018-02-08T13:01:00,0.2,12.0,4.8,56.0,2018-02-08T05:33:00,5.5,,,,,,,,,,,,,,,,,,,,,,98.0,2018-02-08T01:58:00,,,,,,,,,,,,,,,,,,,,,,,,,,,,,,,,,,,,,,,,,,,,,,,,,,,,,,,,,,,,,,,,,,,,,,,,,,
2018-02-09,1005.3,1006.8,2018-02-09T08:53:00,1003.2,2018-02-09T14:37:00,14.6,18.2,2018-02-09T11:28:00,12.0,2018-02-09T00:06:00,97,89.0,2018-02-09T11:47:00,0.1,30.0,2.7,222.0,2018-02-09T11:54:00,4.0,,,,,,,,,,,,,,,,,,,,,,99.0,2018-02-09T06:57:00,,,,,,,,,,,,,,,,,,,,,,,,,,,,,,,,,,,,,,,,,,,,,,,,,,,,,,,,,,,,,,,,,,,,,,,,,,
2018-02-10,1006.8,1011.0,2018-02-10T23:58:00,1004.1,2018-02-10T03:26:00,15.2,17.7,2018-02-10T10:57:00,11.6,2018-02-10T23:59:00,96,92.0,2018-02-10T15:57:00,0.3,31.0,4.9,4.0,2018-02-10T22:02:00,3.5,,,,,,,,,,,,,,,,,,,,,,99.0,2018-02-10T01:52:00,,,,,,,,,,,,,,,,,,,,,,,,,,,,,,,,,,,,,,,,,,,,,,,,,,,,,,,,,,,,,,,,,,,,,,,,,,
2018-02-11,1011.9,1014.6,2018-02-11T23:43:00,1009.9,2018-02-11T15:23:00,12.1,14.6,2018-02-11T11:38:00,10.7,2018-02-11T06:00:00,83,71.0,2018-02-11T23:59:00,0.6,49.0,6.5,10.0,2018-02-11T19:19:00,5.5,,,,,,,,,,,,,,,,,,,,,,96.0,2018-02-11T01:09:00,,,,,,,,,,,,,,,,,,,,,,,,,,,,,,,,,,,,,,,,,,,,,,,,,,,,,,,,,,,,,,,,,,,,,,,,,,
2018-02-12,1014.3,1016.0,2018-02-12T09:36:00,1012.4,2018-02-12T16:00:00,13.2,17.7,2018-02-12T14:12:00,10.3,2018-02-12T07:26:00,64,49.0,2018-02-12T12:36:00,0.4,63.0,5.6,17.0,2018-02-12T12:27:00,0.0,,,,,,,,,,,,,,,,,,,,,,80.0,2018-02-12T07:23:00,,,,,,,,,,,,,,,,,,,,,,,,,,,,,,,,,,,,,,,,,,,,,,,,,,,,,,,,,,,,,,,,,,,,,,,,,,
2018-02-13,1011.5,1014.5,2018-02-14T00:00:00,1008.4,2018-02-13T14:51:00,14.3,23.0,2018-02-13T13:38:00,7.2,2018-02-13T06:49:00,77,43.0,2018-02-13T12:37:00,0.1,204.0,2.9,197.0,2018-02-13T15:17:00,0.0,,,,,,,,,,,,,,,,,,,,,,98.0,2018-02-13T07:25:00,,,,,,,,,,,,,,,,,,,,,,,,,,,,,,,,,,,,,,,,,,,,,,,,,,,,,,,,,,,,,,,,,,,,,,,,,,
2018-02-14,1008.2,1011.1,2018-02-14T06:41:00,1005.4,2018-02-14T19:49:00,16.1,24.6,2018-02-14T12:44:00,10.4,2018-02-14T23:50:00,79,41.0,2018-02-14T13:57:00,0.1,145.0,2.5,222.0,2018-02-14T14:40:00,0.0,,,,,,,,,,,,,,,,,,,,,,98.0,2018-02-14T23:53:00,,,,,,,,,,,,,,,,,,,,,,,,,,,,,,,,,,,,,,,,,,,,,,,,,,,,,,,,,,,,,,,,,,,,,,,,,,
2018-02-15,1005.5,1007.6,2018-02-15T00:44:00,1003.1,2018-02-15T15:08:00,17.2,29.3,2018-02-15T11:35:00,9.5,2018-02-15T05:55:00,80,35.0,2018-02-15T11:24:00,0.1,218.0,3.1,317.0,2018-02-15T12:22:00,0.0,,,,,,,,,,,,,,,,,,,,,,99.0,2018-02-15T07:58:00,,,,,,,,,,,,,,,,,,,,,,,,,,,,,,,,,,,,,,,,,,,,,,,,,,,,,,,,,,,,,,,,,,,,,,,,,,
2018-02-16,1004.4,1006.1,2018-02-16T23:40:00,1002.6,2018-02-16T15:21:00,18.4,25.7,2018-02-16T11:59:00,15.1,2018-02-16T04:40:00,87,61.0,2018-02-16T11:47:00,0.0,44.0,3.6,235.0,2018-02-16T12:09:00,0.0,,,,,,,,,,,,,,,,,,,,,,98.0,2018-02-16T05:15:00,,,,,,,,,,,,,,,,,,,,,,,,,,,,,,,,,,,,,,,,,,,,,,,,,,,,,,,,,,,,,,,,,,,,,,,,,,
2018-02-17,1005.8,1007.6,2018-02-17T09:42:00,1003.6,2018-02-17T15:05:00,17.8,23.6,2018-02-17T15:13:00,14.8,2018-02-17T20:11:00,80,56.0,2018-02-17T15:19:00,0.4,51.0,5.8,33.0,2018-02-17T05:51:00,0.0,,,,,,,,,,,,,,,,,,,,,,96.0,2018-02-17T20:38:00,,,,,,,,,,,,,,,,,,,,,,,,,,,,,,,,,,,,,,,,,,,,,,,,,,,,,,,,,,,,,,,,,,,,,,,,,,
2018-02-18,1006.8,1009.4,2018-02-18T07:44:00,1004.9,2018-02-18T14:51:00,18.6,28.0,2018-02-18T12:40:00,13.6,2018-02-18T23:58:00,84,44.0,2018-02-18T12:28:00,0.1,31.0,3.3,357.0,2018-02-18T11:32:00,0.0,,,,,,,,,,,,,,,,,,,,,,98.0,2018-02-18T23:53:00,,,,,,,,,,,,,,,,,,,,,,,,,,,,,,,,,,,,,,,,,,,,,,,,,,,,,,,,,,,,,,,,,,,,,,,,,,
2018-02-19,1005.4,1008.2,2018-02-19T08:39:00,1001.9,2018-02-19T15:53:00,18.3,29.5,2018-02-19T13:21:00,11.6,2018-02-19T06:24:00,82,42.0,2018-02-19T13:30:00,0.1,209.0,3.3,218.0,2018-02-19T13:38:00,0.0,,,,,,,,,,,,,,,,,,,,,,99.0,2018-02-19T07:52:00,,,,,,,,,,,,,,,,,,,,,,,,,,,,,,,,,,,,,,,,,,,,,,,,,,,,,,,,,,,,,,,,,,,,,,,,,,
2018-02-20,1004.4,1006.1,2018-02-20T10:08:00,1001.9,2018-02-20T17:23:00,18.0,23.9,2018-02-20T13:19:00,13.6,2018-02-20T00:56:00,86,65.0,2018-02-20T13:26:00,0.1,18.0,3.2,47.0,2018-02-20T15:37:00,0.0,,,,,,,,,,,,,,,,,,,,,,98.0,2018-02-20T02:21:00,,,,,,,,,,,,,,,,,,,,,,,,,,,,,,,,,,,,,,,,,,,,,,,,,,,,,,,,,,,,,,,,,,,,,,,,,,
2018-02-21,1005.0,1007.1,2018-02-21T10:01:00,1002.4,2018-02-21T15:38:00,15.7,17.6,2018-02-21T16:27:00,13.9,2018-02-21T06:26:00,90,79.0,2018-02-21T16:24:00,0.3,53.0,4.6,103.0,2018-02-21T22:07:00,0.5,,,,,,,,,,,,,,,,,,,,,,97.0,2018-02-21T04:41:00,,,,,,,,,,,,,,,,,,,,,,,,,,,,,,,,,,,,,,,,,,,,,,,,,,,,,,,,,,,,,,,,,,,,,,,,,,
2018-02-22,1007.5,1009.8,2018-02-22T21:41:00,1005.2,2018-02-22T07:27:00,13.6,15.8,2018-02-22T12:28:00,11.5,2018-02-22T18:40:00,94,84.0,2018-02-22T11:36:00,0.4,23.0,5.6,13.0,2018-02-22T18:15:00,36.5,,,,,,,,,,,,,,,,,,,,,,99.0,2018-02-22T22:30:00,,,,,,,,,,,,,,,,,,,,,,,,,,,,,,,,,,,,,,,,,,,,,,,,,,,,,,,,,,,,,,,,,,,,,,,,,,
2018-02-23,1008.3,1009.7,2018-02-23T03:04:00,1006.2,2018-02-23T15:15:00,15.5,19.7,2018-02-23T12:20:00,12.8,2018-02-23T03:22:00,84,66.0,2018-02-23T12:31:00,0.3,33.0,4.6,110.0,2018-02-23T05:35:00,0.5,,,,,,,,,,,,,,,,,,,,,,98.0,2018-02-23T23:57:00,,,,,,,,,,,,,,,,,,,,,,,,,,,,,,,,,,,,,,,,,,,,,,,,,,,,,,,,,,,,,,,,,,,,,,,,,,
2018-02-24,1008.4,1011.6,2018-02-24T10:04:00,1006.9,2018-02-24T18:03:00,15.8,19.3,2018-02-24T13:20:00,13.1,2018-02-24T00:59:00,95,84.0,2018-02-24T13:29:00,0.0,0.0,2.3,24.0,2018-02-24T10:33:00,0.0,,,,,,,,,,,,,,,,,,,,,,99.0,2018-02-24T07:49:00,,,,,,,,,,,,,,,,,,,,,,,,,,,,,,,,,,,,,,,,,,,,,,,,,,,,,,,,,,,,,,,,,,,,,,,,,,
2018-02-25,1008.3,1010.6,2018-02-25T22:45:00,1006.0,2018-02-25T03:35:00,14.7,16.7,2018-02-25T11:45:00,13.6,2018-02-25T23:19:00,97,94.0,2018-02-25T11:56:00,0.3,19.0,4.9,71.0,2018-02-25T18:03:00,11.5,,,,,,,,,,,,,,,,,,,,,,99.0,2018-02-25T05:05:00,,,,,,,,,,,,,,,,,,,,,,,,,,,,,,,,,,,,,,,,,,,,,,,,,,,,,,,,,,,,,,,,,,,,,,,,,,
2018-02-26,1008.0,1010.1,2018-02-26T00:06:00,1005.9,2018-02-26T15:44:00,16.0,21.5,2018-02-26T13:32:00,11.6,2018-02-26T23:51:00,81,59.0,2018-02-26T14:20:00,0.4,21.0,5.6,16.0,2018-02-26T15:11:00,1.0,,,,,,,,,,,,,,,,,,,,,,98.0,2018-02-26T23:56:00,,,,,,,,,,,,,,,,,,,,,,,,,,,,,,,,,,,,,,,,,,,,,,,,,,,,,,,,,,,,,,,,,,,,,,,,,,
2018-02-27,1006.2,1008.1,2018-02-27T08:37:00,1004.3,2018-02-27T23:47:00,16.2,23.5,2018-02-27T10:49:00,11.5,2018-02-27T01:10:00,91,60.0,2018-02-27T10:52:00,0.1,248.0,2.9,207.0,2018-02-27T13:44:00,0.0,,,,,,,,,,,,,,,,,,,,,,99.0,2018-02-27T23:42:00,,,,,,,,,,,,,,,,,,,,,,,,,,,,,,,,,,,,,,,,,,,,,,,,,,,,,,,,,,,,,,,,,,,,,,,,,,
2018-02-28,1002.6,1004.6,2018-03-01T00:00:00,1001.4,2018-02-28T17:39:00,16.4,19.4,2018-02-28T13:10:00,13.9,2018-02-28T06:12:00,98,96.0,2018-02-28T09:31:00,0.1,129.0,3.3,209.0,2018-02-28T14:09:00,10.0,,,,,,,,,,,,,,,,,,,,,,99.0,2018-02-28T23:44:00,,,,,,,,,,,,,,,,,,,,,,,,,,,,,,,,,,,,,,,,,,,,,,,,,,,,,,,,,,,,,,,,,,,,,,,,,,
2018-03-01,1001.5,1003.8,2018-03-01T09:38:00,999.1,2018-03-01T15:58:00,18.7,28.0,2018-03-01T13:47:00,11.2,2018-03-01T06:29:00,86,45.0,2018-03-01T13:00:00,0.1,79.0,3.0,197.0,2018-03-01T13:34:00,0.0,,,,,,,,,,,,,,,,,,,,,,99.0,2018-03-01T08:38:00,,,,,,,,,,,,,,,,,,,,,,,,,,,,,,,,,,,,,,,,,,,,,,,,,,,,,,,,,,,,,,,,,,,,,,,,,,
2018-03-02,1001.5,,,,,19.7,,,,,90,,,0.1,237.0,,,,0.0,,,,,,,,,,,,,,,,,,,,,,,,,,,,,,,,,,,,,,,,,,,,,,,,,,,,,,,,,,,,,,,,,,,,,,,,,,,,,,,,,,,,,,,,,,,,,,,,,
2018-03-03,1000.4,1002.2,2018-03-03T09:58:00,998.3,2018-03-03T14:52:00,20.2,26.0,2018-03-03T16:23:00,17.5,2018-03-03T02:20:00,94,73.0,2018-03-03T13:31:00,0.0,120.0,1.8,264.0,2018-03-03T14:30:00,0.0,,,,,,,,,,,,,,,,,,,,,,99.0,2018-03-03T08:38:00,,,,,,,,,,,,,,,,,,,,,,,,,,,,,,,,,,,,,,,,,,,,,,,,,,,,,,,,,,,,,,,,,,,,,,,,,,
2018-03-04,1001.2,1002.9,2018-03-04T09:57:00,997.3,2018-03-04T22:10:00,22.0,27.1,2018-03-04T12:52:00,18.5,2018-03-04T06:15:00,92,72.0,2018-03-04T11:35:00,0.1,85.0,2.9,358.0,2018-03-04T14:48:00,0.0,,,,,,,,,,,,,,,,,,,,,,99.0,2018-03-04T06:43:00,,,,,,,,,,,,,,,,,,,,,,,,,,,,,,,,,,,,,,,,,,,,,,,,,,,,,,,,,,,,,,,,,,,,,,,,,,
2018-03-05,1002.7,1007.1,2018-03-05T23:55:00,1000.3,2018-03-05T02:36:00,22.0,30.1,2018-03-05T10:53:00,16.5,2018-03-05T23:59:00,88,67.0,2018-03-05T12:41:00,0.4,241.0,5.7,352.0,2018-03-05T13:31:00,0.5,,,,,,,,,,,,,,,,,,,,,,99.0,2018-03-05T07:12:00,,,,,,,,,,,,,,,,,,,,,,,,,,,,,,,,,,,,,,,,,,,,,,,,,,,,,,,,,,,,,,,,,,,,,,,,,,
2018-03-06,1007.6,1009.7,2018-03-06T09:42:00,1006.2,2018-03-06T02:29:00,17.4,19.6,2018-03-06T12:52:00,16.0,2018-03-06T06:24:00,80,71.0,2018-03-06T12:32:00,0.6,54.0,6.1,10.0,2018-03-06T01:35:00,0.0,,,,,,,,,,,,,,,,,,,,,,87.0,2018-03-06T23:35:00,,,,,,,,,,,,,,,,,,,,,,,,,,,,,,,,,,,,,,,,,,,,,,,,,,,,,,,,,,,,,,,,,,,,,,,,,,
2018-03-07,1005.9,1008.1,2018-03-07T00:57:00,1002.6,2018-03-07T14:36:00,17.9,24.6,2018-03-07T14:24:00,15.4,2018-03-07T22:45:00,90,66.0,2018-03-07T14:23:00,0.1,29.0,3.1,336.0,2018-03-07T16:54:00,2.0,,,,,,,,,,,,,,,,,,,,,,98.0,2018-03-07T06:31:00,,,,,,,,,,,,,,,,,,,,,,,,,,,,,,,,,,,,,,,,,,,,,,,,,,,,,,,,,,,,,,,,,,,,,,,,,,
2018-03-08,1009.2,1013.1,2018-03-08T21:07:00,1004.6,2018-03-08T02:23:00,12.4,16.2,2018-03-08T03:41:00,9.8,2018-03-08T22:16:00,94,79.0,2018-03-08T23:56:00,0.6,45.0,6.2,33.0,2018-03-08T23:40:00,29.5,,,,,,,,,,,,,,,,,,,,,,99.0,2018-03-08T02:36:00,,,,,,,,,,,,,,,,,,,,,,,,,,,,,,,,,,,,,,,,,,,,,,,,,,,,,,,,,,,,,,,,,,,,,,,,,,
2018-03-09,1010.7,1011.9,2018-03-09T10:25:00,1009.3,2018-03-09T15:25:00,12.7,16.0,2018-03-09T14:22:00,9.7,2018-03-09T23:44:00,65,48.0,2018-03-09T14:23:00,0.7,49.0,8.0,16.0,2018-03-09T12:06:00,0.0,,,,,,,,,,,,,,,,,,,,,,88.0,2018-03-09T23:54:00,,,,,,,,,,,,,,,,,,,,,,,,,,,,,,,,,,,,,,,,,,,,,,,,,,,,,,,,,,,,,,,,,,,,,,,,,,
2018-03-10,1010.5,1011.9,2018-03-10T08:20:00,1008.5,2018-03-10T14:58:00,14.6,23.6,2018-03-10T14:37:00,7.8,2018-03-10T04:32:00,69,33.0,2018-03-10T13:32:00,0.2,18.0,4.5,41.0,2018-03-10T16:48:00,0.0,,,,,,,,,,,,,,,,,,,,,,98.0,2018-03-10T23:59:00,,,,,,,,,,,,,,,,,,,,,,,,,,,,,,,,,,,,,,,,,,,,,,,,,,,,,,,,,,,,,,,,,,,,,,,,,,
2018-03-11,1010.1,1012.0,2018-03-11T08:34:00,1008.6,2018-03-11T14:54:00,14.4,25.5,2018-03-11T13:47:00,6.4,2018-03-11T06:20:00,74,30.0,2018-03-11T14:37:00,0.1,209.0,3.9,229.0,2018-03-11T13:54:00,0.0,,,,,,,,,,,,,,,,,,,,,,99.0,2018-03-11T07:27:00,,,,,,,,,,,,,,,,,,,,,,,,,,,,,,,,,,,,,,,,,,,,,,,,,,,,,,,,,,,,,,,,,,,,,,,,,,
2018-03-12,1008.0,1010.0,2018-03-12T09:10:00,1005.9,2018-03-12T15:14:00,15.5,25.0,2018-03-12T12:19:00,7.3,2018-03-12T06:10:00,82,43.0,2018-03-12T11:34:00,0.1,207.0,3.2,280.0,2018-03-12T13:03:00,0.0,,,,,,,,,,,,,,,,,,,,,,99.0,2018-03-12T06:22:00,,,,,,,,,,,,,,,,,,,,,,,,,,,,,,,,,,,,,,,,,,,,,,,,,,,,,,,,,,,,,,,,,,,,,,,,,,
2018-03-13,1006.5,1008.5,2018-03-13T08:37:00,1004.7,2018-03-13T15:00:00,17.0,26.3,2018-03-13T12:34:00,9.5,2018-03-13T06:15:00,81,38.0,2018-03-13T12:29:00,0.1,175.0,3.2,220.0,2018-03-13T13:07:00,0.0,,,,,,,,,,,,,,,,,,,,,,99.0,2018-03-13T07:16:00,,,,,,,,,,,,,,,,,,,,,,,,,,,,,,,,,,,,,,,,,,,,,,,,,,,,,,,,,,,,,,,,,,,,,,,,,,
2018-03-14,1004.9,1007.1,2018-03-14T08:59:00,1003.2,2018-03-14T20:20:00,19.5,27.1,2018-03-14T13:42:00,13.4,2018-03-14T06:08:00,83,41.0,2018-03-14T13:15:00,0.1,38.0,3.1,45.0,2018-03-14T20:11:00,0.0,,,,,,,,,,,,,,,,,,,,,,99.0,2018-03-14T07:14:00,,,,,,,,,,,,,,,,,,,,,,,,,,,,,,,,,,,,,,,,,,,,,,,,,,,,,,,,,,,,,,,,,,,,,,,,,,
2018-03-15,1003.6,1005.7,2018-03-15T20:12:00,1002.0,2018-03-15T15:23:00,19.3,26.6,2018-03-15T13:33:00,15.0,2018-03-15T06:32:00,87,52.0,2018-03-15T14:17:00,0.0,66.0,3.1,38.0,2018-03-15T15:30:00,11.5,,,,,,,,,,,,,,,,,,,,,,99.0,2018-03-15T23:48:00,,,,,,,,,,,,,,,,,,,,,,,,,,,,,,,,,,,,,,,,,,,,,,,,,,,,,,,,,,,,,,,,,,,,,,,,,,
2018-03-16,1004.8,1007.8,2018-03-16T21:57:00,1000.5,2018-03-16T03:07:00,19.6,26.1,2018-03-16T12:03:00,17.0,2018-03-16T04:33:00,88,61.0,2018-03-16T12:03:00,0.2,30.0,4.9,86.0,2018-03-16T22:45:00,0.5,,,,,,,,,,,,,,,,,,,,,,99.0,2018-03-16T04:39:00,,,,,,,,,,,,,,,,,,,,,,,,,,,,,,,,,,,,,,,,,,,,,,,,,,,,,,,,,,,,,,,,,,,,,,,,,,
2018-03-17,1007.0,1009.0,2018-03-17T08:05:00,1005.1,2018-03-17T16:42:00,19.3,24.1,2018-03-17T12:15:00,15.5,2018-03-17T23:59:00,83,65.0,2018-03-17T12:17:00,0.3,60.0,3.7,27.0,2018-03-17T00:13:00,0.0,,,,,,,,,,,,,,,,,,,,,,98.0,2018-03-17T23:57:00,,,,,,,,,,,,,,,,,,,,,,,,,,,,,,,,,,,,,,,,,,,,,,,,,,,,,,,,,,,,,,,,,,,,,,,,,,
2018-03-18,1005.2,1007.0,2018-03-18T00:39:00,1003.6,2018-03-18T14:55:00,19.5,25.8,2018-03-18T11:09:00,14.6,2018-03-18T06:30:00,89,63.0,2018-03-18T10:29:00,0.1,217.0,3.0,220.0,2018-03-18T10:51:00,0.0,,,,,,,,,,,,,,,,,,,,,,99.0,2018-03-18T07:08:00,,,,,,,,,,,,,,,,,,,,,,,,,,,,,,,,,,,,,,,,,,,,,,,,,,,,,,,,,,,,,,,,,,,,,,,,,,
2018-03-19,1001.5,1002.5,2018-03-19T21:04:00,998.1,2018-03-19T15:00:00,20.9,23.9,2018-03-19T15:11:00,20.1,2018-03-20T00:00:00,89,80.0,2018-03-19T15:08:00,0.0,245.0,1.0,346.0,2018-03-19T15:07:00,0.5,,,,,,,,,,,,,,,,,,,,,,99.0,2018-03-19T23:44:00,,,,,,,,,,,,,,,,,,,,,,,,,,,,,,,,,,,,,,,,,,,,,,,,,,,,,,,,,,,,,,,,,,,,,,,,,,
2018-03-20,1001.7,1005.6,2018-03-20T23:08:00,998.3,2018-03-20T05:59:00,18.1,21.3,2018-03-20T08:31:00,14.7,2018-03-20T23:34:00,96,87.0,2018-03-20T12:22:00,0.1,10.0,3.8,321.0,2018-03-20T08:52:00,20.0,,,,,,,,,,,,,,,,,,,,,,99.0,2018-03-20T04:04:00,,,,,,,,,,,,,,,,,,,,,,,,,,,,,,,,,,,,,,,,,,,,,,,,,,,,,,,,,,,,,,,,,,,,,,,,,,
2018-03-21,1006.2,1007.6,2018-03-21T11:21:00,1004.9,2018-03-21T04:02:00,14.1,17.6,2018-03-21T13:46:00,10.6,2018-03-21T23:55:00,80,62.0,2018-03-21T11:52:00,0.4,47.0,5.0,43.0,2018-03-21T16:22:00,0.5,,,,,,,,,,,,,,,,,,,,,,97.0,2018-03-21T03:38:00,,,,,,,,,,,,,,,,,,,,,,,,,,,,,,,,,,,,,,,,,,,,,,,,,,,,,,,,,,,,,,,,,,,,,,,,,,
2018-03-22,1006.1,1007.3,2018-03-22T08:01:00,1004.3,2018-03-22T14:25:00,14.0,20.6,2018-03-22T13:51:00,8.8,2018-03-22T23:52:00,67,33.0,2018-03-22T13:18:00,0.4,59.0,5.1,45.0,2018-03-22T09:55:00,0.0,,,,,,,,,,,,,,,,,,,,,,98.0,2018-03-22T23:56:00,,,,,,,,,,,,,,,,,,,,,,,,,,,,,,,,,,,,,,,,,,,,,,,,,,,,,,,,,,,,,,,,,,,,,,,,,,
2018-03-23,1007.8,1009.2,2018-03-23T23:13:00,1006.5,2018-03-23T03:10:00,15.4,26.2,2018-03-23T12:27:00,7.0,2018-03-23T05:41:00,69,24.0,2018-03-23T12:11:00,0.1,18.0,4.4,33.0,2018-03-23T14:47:00,0.0,,,,,,,,,,,,,,,,,,,,,,99.0,2018-03-23T06:45:00,,,,,,,,,,,,,,,,,,,,,,,,,,,,,,,,,,,,,,,,,,,,,,,,,,,,,,,,,,,,,,,,,,,,,,,,,,
2018-03-24,1008.6,1010.6,2018-03-24T09:48:00,1006.5,2018-03-24T14:54:00,16.0,27.3,2018-03-24T13:13:00,6.2,2018-03-24T06:00:00,68,21.0,2018-03-24T14:54:00,0.1,218.0,3.7,243.0,2018-03-24T11:41:00,0.0,,,,,,,,,,,,,,,,,,,,,,98.0,2018-03-24T06:43:00,,,,,,,,,,,,,,,,,,,,,,,,,,,,,,,,,,,,,,,,,,,,,,,,,,,,,,,,,,,,,,,,,,,,,,,,,,
2018-03-25,1008.2,1010.1,2018-03-25T10:12:00,1006.8,2018-03-25T15:59:00,18.4,27.4,2018-03-25T12:46:00,10.7,2018-03-25T05:54:00,77,35.0,2018-03-25T11:42:00,0.1,118.0,3.2,177.0,2018-03-25T13:46:00,0.0,,,,,,,,,,,,,,,,,,,,,,98.0,2018-03-25T06:41:00,,,,,,,,,,,,,,,,,,,,,,,,,,,,,,,,,,,,,,,,,,,,,,,,,,,,,,,,,,,,,,,,,,,,,,,,,,
2018-03-26,1007.0,1008.7,2018-03-26T09:51:00,1005.6,2018-03-26T15:51:00,18.5,27.0,2018-03-26T11:23:00,12.5,2018-03-26T05:51:00,85,58.0,2018-03-26T11:31:00,0.1,217.0,3.6,193.0,2018-03-26T13:23:00,0.0,,,,,,,,,,,,,,,,,,,,,,98.0,2018-03-26T06:42:00,,,,,,,,,,,,,,,,,,,,,,,,,,,,,,,,,,,,,,,,,,,,,,,,,,,,,,,,,,,,,,,,,,,,,,,,,,
2018-03-27,1005.2,1006.7,2018-03-27T08:03:00,1004.1,2018-03-27T14:46:00,19.0,24.8,2018-03-27T11:16:00,14.3,2018-03-27T06:19:00,86,62.0,2018-03-27T10:27:00,0.1,16.0,4.8,44.0,2018-03-27T13:57:00,0.0,,,,,,,,,,,,,,,,,,,,,,98.0,2018-03-27T06:20:00,,,,,,,,,,,,,,,,,,,,,,,,,,,,,,,,,,,,,,,,,,,,,,,,,,,,,,,,,,,,,,,,,,,,,,,,,,
2018-03-28,1003.4,1005.0,2018-03-28T09:02:00,1001.6,2018-03-28T15:26:00,19.7,27.2,2018-03-28T11:00:00,13.0,2018-03-28T04:50:00,85,54.0,2018-03-28T10:44:00,0.1,32.0,4.3,60.0,2018-03-28T14:10:00,0.0,,,,,,,,,,,,,,,,,,,,,,99.0,2018-03-28T06:24:00,,,,,,,,,,,,,,,,,,,,,,,,,,,,,,,,,,,,,,,,,,,,,,,,,,,,,,,,,,,,,,,,,,,,,,,,,,
2018-03-29,1002.5,1004.2,2018-03-29T07:37:00,1001.1,2018-03-29T16:51:00,21.1,28.8,2018-03-29T11:36:00,14.1,2018-03-29T05:32:00,83,52.0,2018-03-29T11:37:00,0.1,201.0,3.3,227.0,2018-03-29T12:31:00,0.0,,,,,,,,,,,,,,,,,,,,,,99.0,2018-03-29T06:52:00,,,,,,,,,,,,,,,,,,,,,,,,,,,,,,,,,,,,,,,,,,,,,,,,,,,,,,,,,,,,,,,,,,,,,,,,,,
2018-03-30,1003.0,1004.9,2018-03-30T09:32:00,1000.9,2018-03-30T15:42:00,21.7,29.4,2018-03-30T13:37:00,15.5,2018-03-30T23:47:00,73,39.0,2018-03-30T13:51:00,0.2,28.0,4.8,15.0,2018-03-30T16:32:00,0.0,,,,,,,,,,,,,,,,,,,,,,98.0,2018-03-30T03:40:00,,,,,,,,,,,,,,,,,,,,,,,,,,,,,,,,,,,,,,,,,,,,,,,,,,,,,,,,,,,,,,,,,,,,,,,,,,
2018-03-31,1002.0,1004.3,2018-03-31T07:52:00,999.1,2018-03-31T15:48:00,22.1,31.4,2018-03-31T13:29:00,15.1,2018-03-31T01:06:00,72,35.0,2018-03-31T13:39:00,0.1,207.0,3.6,349.0,2018-03-31T13:18:00,0.0,,,,,,,,,,,,,,,,,,,,,,97.0,2018-03-31T03:20:00,,,,,,,,,,,,,,,,,,,,,,,,,,,,,,,,,,,,,,,,,,,,,,,,,,,,,,,,,,,,,,,,,,,,,,,,,,
2018-04-01,1002.2,1004.1,2018-04-01T10:19:00,1000.8,2018-04-01T15:31:00,21.7,29.0,2018-04-01T12:47:00,16.2,2018-04-01T06:11:00,82,56.0,2018-04-01T15:21:00,0.1,210.0,3.1,215.0,2018-04-01T11:17:00,0.0,,,,,,,,,,,,,,,,,,,,,,98.0,2018-04-01T06:23:00,,,,,,,,,,,,,,,,,,,,,,,,,,,,,,,,,,,,,,,,,,,,,,,,,,,,,,,,,,,,,,,,,,,,,,,,,,
2018-04-02,1002.5,1003.9,2018-04-02T23:06:00,1001.3,2018-04-02T15:45:00,21.3,26.8,2018-04-02T15:38:00,18.2,2018-04-02T23:48:00,86,65.0,2018-04-02T15:41:00,0.2,223.0,3.3,226.0,2018-04-02T15:25:00,0.0,,,,,,,,,,,,,,,,,,,,,,98.0,2018-04-02T23:41:00,,,,,,,,,,,,,,,,,,,,,,,,,,,,,,,,,,,,,,,,,,,,,,,,,,,,,,,,,,,,,,,,,,,,,,,,,,
2018-04-03,1003.4,1004.4,2018-04-03T22:48:00,1002.2,2018-04-03T03:44:00,21.2,28.3,2018-04-03T11:04:00,16.2,2018-04-03T06:06:00,86,57.0,2018-04-03T11:04:00,0.0,0.0,3.7,246.0,2018-04-03T11:41:00,0.0,,,,,,,,,,,,,,,,,,,,,,98.0,2018-04-03T06:28:00,,,,,,,,,,,,,,,,,,,,,,,,,,,,,,,,,,,,,,,,,,,,,,,,,,,,,,,,,,,,,,,,,,,,,,,,,,
2018-04-04,1002.6,1004.4,2018-04-04T09:16:00,1001.1,2018-04-04T16:29:00,22.0,29.4,2018-04-04T12:32:00,16.1,2018-04-04T05:47:00,84,51.0,2018-04-04T12:13:00,-99.5,-999.5,3.4,206.0,2018-04-04T15:22:00,0.0,,,,,,,,,,,,,,,,,,,,,,98.0,2018-04-04T06:26:00,,,,,,,,,,,,,,,,,,,,,,,,,,,,,,,,,,,,,,,,,,,,,,,,,,,,,,,,,,,,,,,,,,,,,,,,,,
2018-04-05,1001.4,1002.8,2018-04-05T09:09:00,1000.0,2018-04-05T17:55:00,21.9,27.5,2018-04-05T11:23:00,17.5,2018-04-05T04:24:00,85,63.0,2018-04-05T15:00:00,-99.5,-999.5,3.4,227.0,2018-04-05T12:22:00,0.0,,,,,,,,,,,,,,,,,,,,,,98.0,2018-04-05T06:35:00,,,,,,,,,,,,,,,,,,,,,,,,,,,,,,,,,,,,,,,,,,,,,,,,,,,,,,,,,,,,,,,,,,,,,,,,,,
2018-04-06,1005.4,1011.6,2018-04-06T23:34:00,1000.2,2018-04-06T03:07:00,17.9,26.8,2018-04-06T09:35:00,12.6,2018-04-06T22:25:00,85,63.0,2018-04-07T00:00:00,-99.5,-999.5,8.4,13.0,2018-04-06T22:11:00,1.5,,,,,,,,,,,,,,,,,,,,,,97.0,2018-04-06T06:23:00,,,,,,,,,,,,,,,,,,,,,,,,,,,,,,,,,,,,,,,,,,,,,,,,,,,,,,,,,,,,,,,,,,,,,,,,,,
2018-04-07,1011.8,1013.7,2018-04-07T09:45:00,1010.8,2018-04-07T03:11:00,13.9,16.4,2018-04-07T15:05:00,11.9,2018-04-07T07:29:00,67,52.0,2018-04-07T16:54:00,-99.5,-999.5,6.6,89.0,2018-04-07T01:46:00,2.5,,,,,,,,,,,,,,,,,,,,,,91.0,2018-04-07T07:25:00,,,,,,,,,,,,,,,,,,,,,,,,,,,,,,,,,,,,,,,,,,,,,,,,,,,,,,,,,,,,,,,,,,,,,,,,,,
2018-04-08,1008.6,1011.1,2018-04-08T00:11:00,1006.7,2018-04-08T15:59:00,17.8,26.1,2018-04-08T12:05:00,11.6,2018-04-08T03:09:00,70,43.0,2018-04-08T11:47:00,-99.5,-999.5,3.8,207.0,2018-04-08T13:07:00,0.0,,,,,,,,,,,,,,,,,,,,,,97.0,2018-04-08T23:28:00,,,,,,,,,,,,,,,,,,,,,,,,,,,,,,,,,,,,,,,,,,,,,,,,,,,,,,,,,,,,,,,,,,,,,,,,,,
2018-04-09,1007.3,1006.9,2018-04-09T21:05:00,1005.2,2018-04-09T16:19:00,18.5,25.7,2018-04-09T13:37:00,15.9,2018-04-10T00:00:00,79,54.0,2018-04-09T13:37:00,0.0,0.0,2.1,239.0,2018-04-09T13:41:00,0.0,,,,,,,,,,,,,,,,,,,,,,97.0,2018-04-09T23:09:00,,,,,,,,,,,,,,,,,,,,,,,,,,,,,,,,,,,,,,,,,,,,,,,,,,,,,,,,,,,,,,,,,,,,,,,,,,
2018-04-10,1004.5,1006.8,2018-04-10T07:57:00,1002.4,2018-04-10T17:42:00,20.3,28.5,2018-04-10T13:03:00,13.4,2018-04-10T05:50:00,74,31.0,2018-04-10T10:43:00,0.2,209.0,3.3,241.0,2018-04-10T14:15:00,0.0,,,,,,,,,,,,,,,,,,,,,,98.0,2018-04-10T06:42:00,,,,,,,,,,,,,,,,,,,,,,,,,,,,,,,,,,,,,,,,,,,,,,,,,,,,,,,,,,,,,,,,,,,,,,,,,,
2018-04-11,1001.7,1004.0,2018-04-11T07:41:00,999.6,2018-04-11T16:17:00,22.0,27.8,2018-04-11T10:18:00,15.8,2018-04-11T05:19:00,87,61.0,2018-04-11T09:45:00,0.1,161.0,3.5,216.0,2018-04-11T11:30:00,0.0,,,,,,,,,,,,,,,,,,,,,,98.0,2018-04-11T23:38:00,,,,,,,,,,,,,,,,,,,,,,,,,,,,,,,,,,,,,,,,,,,,,,,,,,,,,,,,,,,,,,,,,,,,,,,,,,
2018-04-12,1001.1,1003.0,2018-04-12T11:20:00,999.3,2018-04-12T15:54:00,23.8,29.5,2018-04-12T15:12:00,21.3,2018-04-12T00:07:00,90,64.0,2018-04-12T15:08:00,0.1,238.0,2.2,193.0,2018-04-12T14:01:00,8.0,,,,,,,,,,,,,,,,,,,,,,98.0,2018-04-12T11:15:00,,,,,,,,,,,,,,,,,,,,,,,,,,,,,,,,,,,,,,,,,,,,,,,,,,,,,,,,,,,,,,,,,,,,,,,,,,
2018-04-13,1002.0,1003.8,2018-04-13T08:45:00,1000.1,2018-04-13T16:01:00,24.6,31.4,2018-04-13T12:04:00,20.2,2018-04-13T05:57:00,90,58.0,2018-04-13T11:15:00,0.1,196.0,3.8,223.0,2018-04-13T12:06:00,0.0,,,,,,,,,,,,,,,,,,,,,,100.0,2018-04-13T01:11:00,,,,,,,,,,,,,,,,,,,,,,,,,,,,,,,,,,,,,,,,,,,,,,,,,,,,,,,,,,,,,,,,,,,,,,,,,,
2018-04-14,999.8,1001.7,2018-04-14T00:01:00,997.8,2018-04-14T16:00:00,25.2,30.8,2018-04-14T11:17:00,21.4,2018-04-14T05:45:00,90,65.0,2018-04-14T11:11:00,0.5,58.0,7.0,220.0,2018-04-14T14:03:00,1.0,,,,,,,,,,,,,,,,,,,,,,100.0,2018-04-14T00:01:00,,,,,,,,,,,,,,,,,,,,,,,,,,,,,,,,,,,,,,,,,,,,,,,,,,,,,,,,,,,,,,,,,,,,,,,,,,
2018-04-15,1003.5,1005.8,2018-04-15T20:45:00,1000.0,2018-04-15T02:39:00,19.3,23.9,2018-04-15T01:06:00,17.2,2018-04-15T22:26:00,84,68.0,2018-04-15T11:43:00,0.9,53.0,5.7,56.0,2018-04-15T11:51:00,16.0,,,,,,,,,,,,,,,,,,,,,,100.0,2018-04-15T00:01:00,,,,,,,,,,,,,,,,,,,,,,,,,,,,,,,,,,,,,,,,,,,,,,,,,,,,,,,,,,,,,,,,,,,,,,,,,,
2018-04-16,1004.6,1006.8,2018-04-16T22:56:00,1002.7,2018-04-16T15:59:00,18.7,23.5,2018-04-16T13:14:00,15.5,2018-04-16T23:53:00,77,59.0,2018-04-16T13:09:00,0.3,71.0,3.5,27.0,2018-04-16T14:19:00,8.5,,,,,,,,,,,,,,,,,,,,,,99.0,2018-04-16T23:38:00,,,,,,,,,,,,,,,,,,,,,,,,,,,,,,,,,,,,,,,,,,,,,,,,,,,,,,,,,,,,,,,,,,,,,,,,,,
2018-04-17,1006.6,1007.0,2018-04-17T22:04:00,1005.6,2018-04-17T16:34:00,16.7,18.6,2018-04-17T16:46:00,16.5,2018-04-17T20:02:00,86,66.0,2018-04-17T23:20:00,0.4,41.0,3.2,6.0,2018-04-17T18:53:00,18.5,,,,,,,,,,,,,,,,,,,,,,82.0,2018-04-17T15:29:00,,,,,,,,,,,,,,,,,,,,,,,,,,,,,,,,,,,,,,,,,,,,,,,,,,,,,,,,,,,,,,,,,,,,,,,,,,
2018-04-18,1004.5,1006.1,2018-04-18T09:29:00,1002.8,2018-04-18T16:56:00,19.3,25.5,2018-04-18T14:35:00,13.3,2018-04-18T05:51:00,83,59.0,2018-04-18T10:51:00,0.1,91.0,2.4,34.0,2018-04-18T20:15:00,0.0,,,,,,,,,,,,,,,,,,,,,,100.0,2018-04-18T03:12:00,,,,,,,,,,,,,,,,,,,,,,,,,,,,,,,,,,,,,,,,,,,,,,,,,,,,,,,,,,,,,,,,,,,,,,,,,,
2018-04-19,1003.5,1004.9,2018-04-19T09:04:00,1002.4,2018-04-19T16:09:00,21.9,28.7,2018-04-19T11:00:00,16.2,2018-04-19T03:12:00,83,57.0,2018-04-19T09:52:00,0.2,221.0,3.9,199.0,2018-04-19T12:52:00,0.0,,,,,,,,,,,,,,,,,,,,,,98.0,2018-04-19T06:25:00,,,,,,,,,,,,,,,,,,,,,,,,,,,,,,,,,,,,,,,,,,,,,,,,,,,,,,,,,,,,,,,,,,,,,,,,,,
2018-04-20,1003.4,1004.8,2018-04-20T09:49:00,1001.5,2018-04-20T19:52:00,22.4,29.1,2018-04-20T11:38:00,16.5,2018-04-20T05:50:00,85,58.0,2018-04-20T11:35:00,0.1,62.0,3.0,212.0,2018-04-20T13:37:00,0.0,,,,,,,,,,,,,,,,,,,,,,98.0,2018-04-20T06:36:00,,,,,,,,,,,,,,,,,,,,,,,,,,,,,,,,,,,,,,,,,,,,,,,,,,,,,,,,,,,,,,,,,,,,,,,,,,
2018-04-21,1002.7,1004.0,2018-04-21T08:07:00,1001.4,2018-04-21T16:09:00,23.3,29.5,2018-04-21T11:29:00,19.4,2018-04-21T05:45:00,88,64.0,2018-04-21T10:41:00,0.1,195.0,2.7,247.0,2018-04-21T12:36:00,0.0,,,,,,,,,,,,,,,,,,,,,,99.0,2018-04-21T23:29:00,,,,,,,,,,,,,,,,,,,,,,,,,,,,,,,,,,,,,,,,,,,,,,,,,,,,,,,,,,,,,,,,,,,,,,,,,,
2018-04-22,1001.0,1002.8,2018-04-22T06:42:00,999.3,2018-04-22T17:19:00,24.8,32.2,2018-04-22T11:59:00,19.4,2018-04-22T05:35:00,83,53.0,2018-04-22T11:55:00,0.1,90.0,2.9,204.0,2018-04-22T13:34:00,0.0,,,,,,,,,,,,,,,,,,,,,,100.0,2018-04-22T03:42:00,,,,,,,,,,,,,,,,,,,,,,,,,,,,,,,,,,,,,,,,,,,,,,,,,,,,,,,,,,,,,,,,,,,,,,,,,,
2018-04-23,998.5,998.9,2018-04-23T22:29:00,996.2,2018-04-23T15:26:00,25.8,30.9,2018-04-23T14:45:00,22.6,2018-04-23T22:29:00,83,61.0,2018-04-23T13:43:00,0.1,16.0,3.0,223.0,2018-04-23T16:44:00,0.0,,,,,,,,,,,,,,,,,,,,,,98.0,2018-04-23T22:43:00,,,,,,,,,,,,,,,,,,,,,,,,,,,,,,,,,,,,,,,,,,,,,,,,,,,,,,,,,,,,,,,,,,,,,,,,,,
2018-04-24,999.0,1001.7,2018-04-24T22:39:00,996.6,2018-04-24T03:48:00,22.6,28.0,2018-04-24T10:12:00,19.2,2018-04-24T23:38:00,92,75.0,2018-04-24T09:22:00,0.3,64.0,4.8,287.0,2018-04-24T12:36:00,13.5,,,,,,,,,,,,,,,,,,,,,,99.0,2018-04-24T14:07:00,,,,,,,,,,,,,,,,,,,,,,,,,,,,,,,,,,,,,,,,,,,,,,,,,,,,,,,,,,,,,,,,,,,,,,,,,,
2018-04-25,1002.2,1003.7,2018-04-25T09:41:00,1000.9,2018-04-25T16:07:00,20.4,23.3,2018-04-25T11:48:00,16.8,2018-04-25T23:06:00,75,63.0,2018-04-25T11:00:00,0.6,71.0,4.7,53.0,2018-04-25T07:14:00,0.0,,,,,,,,,,,,,,,,,,,,,,96.0,2018-04-25T23:00:00,,,,,,,,,,,,,,,,,,,,,,,,,,,,,,,,,,,,,,,,,,,,,,,,,,,,,,,,,,,,,,,,,,,,,,,,,,
2018-04-26,1002.4,1004.1,2018-04-26T21:54:00,1000.5,2018-04-26T03:58:00,21.8,28.8,2018-04-26T11:54:00,15.7,2018-04-26T05:26:00,81,48.0,2018-04-26T11:58:00,0.1,42.0,2.2,330.0,2018-04-26T08:53:00,0.0,,,,,,,,,,,,,,,,,,,,,,100.0,2018-04-26T22:02:00,,,,,,,,,,,,,,,,,,,,,,,,,,,,,,,,,,,,,,,,,,,,,,,,,,,,,,,,,,,,,,,,,,,,,,,,,,
2018-04-27,1004.3,1005.6,2018-04-27T10:20:00,1002.6,2018-04-27T01:54:00,22.8,27.4,2018-04-27T11:21:00,18.0,2018-04-27T04:52:00,85,59.0,2018-04-27T11:22:00,0.1,36.0,2.8,205.0,2018-04-27T10:58:00,0.0,,,,,,,,,,,,,,,,,,,,,,100.0,2018-04-27T00:02:00,,,,,,,,,,,,,,,,,,,,,,,,,,,,,,,,,,,,,,,,,,,,,,,,,,,,,,,,,,,,,,,,,,,,,,,,,,
2018-04-28,1003.7,1005.3,2018-04-28T09:55:00,1001.6,2018-04-28T16:30:00,23.8,29.6,2018-04-28T15:58:00,19.6,2018-04-28T04:27:00,87,62.0,2018-04-28T16:01:00,0.1,34.0,2.7,213.0,2018-04-28T11:55:00,0.0,,,,,,,,,,,,,,,,,,,,,,100.0,2018-04-28T01:18:00,,,,,,,,,,,,,,,,,,,,,,,,,,,,,,,,,,,,,,,,,,,,,,,,,,,,,,,,,,,,,,,,,,,,,,,,,,
2018-04-29,1002.4,1004.3,2018-04-29T08:40:00,1000.6,2018-04-29T16:25:00,24.0,29.6,2018-04-29T12:37:00,20.3,2018-04-29T02:42:00,90,66.0,2018-04-29T11:05:00,0.2,161.0,3.2,230.0,2018-04-29T13:31:00,0.0,,,,,,,,,,,,,,,,,,,,,,100.0,2018-04-29T00:01:00,,,,,,,,,,,,,,,,,,,,,,,,,,,,,,,,,,,,,,,,,,,,,,,,,,,,,,,,,,,,,,,,,,,,,,,,,,
2018-04-30,1002.7,1004.4,2018-04-30T09:40:00,1001.6,2018-04-30T16:03:00,24.4,29.2,2018-04-30T14:42:00,20.4,2018-04-30T05:28:00,88,64.0,2018-04-30T09:52:00,0.1,24.0,2.4,273.0,2018-04-30T13:24:00,0.0,,,,,,,,,,,,,,,,,,,,,,100.0,2018-04-30T00:01:00,,,,,,,,,,,,,,,,,,,,,,,,,,,,,,,,,,,,,,,,,,,,,,,,,,,,,,,,,,,,,,,,,,,,,,,,,,
2018-05-01,1002.0,1003.9,2018-05-01T08:24:00,1000.6,2018-05-01T16:30:00,24.6,29.5,2018-05-01T11:39:00,21.0,2018-05-01T05:28:00,92,71.0,2018-05-01T10:10:00,0.1,213.0,4.6,223.0,2018-05-01T12:45:00,0.0,,,,,,,,,,,,,,,,,,,,,,100.0,2018-05-01T00:01:00,,,,,,,,,,,,,,,,,,,,,,,,,,,,,,,,,,,,,,,,,,,,,,,,,,,,,,,,,,,,,,,,,,,,,,,,,,
2018-05-02,1001.2,1002.7,2018-05-02T20:25:00,999.4,2018-05-02T14:55:00,26.1,31.8,2018-05-02T15:02:00,19.8,2018-05-02T05:27:00,84,55.0,2018-05-02T10:37:00,0.5,225.0,7.6,222.0,2018-05-02T10:10:00,0.0,,,,,,,,,,,,,,,,,,,,,,100.0,2018-05-02T00:02:00,,,,,,,,,,,,,,,,,,,,,,,,,,,,,,,,,,,,,,,,,,,,,,,,,,,,,,,,,,,,,,,,,,,,,,,,,,
2018-05-03,1004.7,1006.2,2018-05-03T21:43:00,1004.2,2018-05-03T15:58:00,22.2,23.4,2018-05-03T16:09:00,19.9,2018-05-03T23:51:00,81,72.0,2018-05-03T13:53:00,0.6,46.0,-99.7,-999.7,,0.0,,,,,,,,,,,,,,,,,,,,,,87.0,2018-05-03T14:35:00,,,,,,,,,,,,,,,,,,,,,,,,,,,,,,,,,,,,,,,,,,,,,,,,,,,,,,,,,,,,,,,,,,,,,,,,,,
2018-05-04,1005.0,1006.0,2018-05-04T09:06:00,1003.7,2018-05-04T15:42:00,23.4,29.4,2018-05-04T13:45:00,19.2,2018-05-04T05:16:00,80,56.0,2018-05-04T14:09:00,0.0,65.0,2.2,105.0,2018-05-04T15:48:00,0.0,,,,,,,,,,,,,,,,,,,,,,99.0,2018-05-05T00:00:00,,,,,,,,,,,,,,,,,,,,,,,,,,,,,,,,,,,,,,,,,,,,,,,,,,,,,,,,,,,,,,,,,,,,,,,,,,
2018-05-05,1005.1,1006.7,2018-05-05T09:02:00,1003.3,2018-05-05T15:14:00,24.6,31.0,2018-05-05T14:16:00,21.0,2018-05-05T02:54:00,84,58.0,2018-05-05T15:55:00,0.1,201.0,3.1,273.0,2018-05-05T10:21:00,0.0,,,,,,,,,,,,,,,,,,,,,,100.0,2018-05-05T01:21:00,,,,,,,,,,,,,,,,,,,,,,,,,,,,,,,,,,,,,,,,,,,,,,,,,,,,,,,,,,,,,,,,,,,,,,,,,,
2018-05-06,1000.8,1004.3,2018-05-06T00:01:00,998.3,2018-05-06T15:57:00,26.4,32.5,2018-05-06T10:18:00,20.9,2018-05-06T05:56:00,82,54.0,2018-05-06T09:59:00,0.3,214.0,6.5,215.0,2018-05-06T16:27:00,0.0,,,,,,,,,,,,,,,,,,,,,,100.0,2018-05-06T01:53:00,,,,,,,,,,,,,,,,,,,,,,,,,,,,,,,,,,,,,,,,,,,,,,,,,,,,,,,,,,,,,,,,,,,,,,,,,,
2018-05-07,996.8,999.6,2018-05-07T00:01:00,994.8,2018-05-07T15:53:00,27.9,33.3,2018-05-07T14:03:00,22.7,2018-05-07T03:41:00,75,52.0,2018-05-07T14:04:00,0.8,226.0,7.3,218.0,2018-05-07T14:22:00,0.0,,,,,,,,,,,,,,,,,,,,,,100.0,2018-05-07T00:01:00,,,,,,,,,,,,,,,,,,,,,,,,,,,,,,,,,,,,,,,,,,,,,,,,,,,,,,,,,,,,,,,,,,,,,,,,,,
2018-05-08,998.7,1002.6,2018-05-08T23:54:00,995.0,2018-05-08T01:04:00,24.4,30.9,2018-05-08T12:09:00,21.0,2018-05-08T23:18:00,90,63.0,2018-05-08T12:21:00,0.5,46.0,11.5,211.0,2018-05-08T01:49:00,74.5,,,,,,,,,,,,,,,,,,,,,,100.0,2018-05-08T02:03:00,,,,,,,,,,,,,,,,,,,,,,,,,,,,,,,,,,,,,,,,,,,,,,,,,,,,,,,,,,,,,,,,,,,,,,,,,,
2018-05-09,1004.2,1006.8,2018-05-09T22:09:00,1001.5,2018-05-09T03:15:00,21.5,23.6,2018-05-09T15:45:00,19.9,2018-05-09T23:03:00,81,72.0,2018-05-09T08:44:00,0.4,51.0,6.1,28.0,2018-05-09T07:56:00,10.5,,,,,,,,,,,,,,,,,,,,,,100.0,2018-05-09T10:01:00,,,,,,,,,,,,,,,,,,,,,,,,,,,,,,,,,,,,,,,,,,,,,,,,,,,,,,,,,,,,,,,,,,,,,,,,,,
2018-05-10,1005.0,1006.8,2018-05-10T08:37:00,1002.7,2018-05-10T16:38:00,22.8,28.6,2018-05-10T13:58:00,18.3,2018-05-10T05:28:00,69,48.0,2018-05-10T14:01:00,0.4,84.0,5.1,27.0,2018-05-10T14:20:00,0.0,,,,,,,,,,,,,,,,,,,,,,96.0,2018-05-10T23:58:00,,,,,,,,,,,,,,,,,,,,,,,,,,,,,,,,,,,,,,,,,,,,,,,,,,,,,,,,,,,,,,,,,,,,,,,,,,
2018-05-11,1003.1,1005.0,2018-05-11T08:33:00,1000.9,2018-05-11T16:30:00,23.5,29.9,2018-05-11T14:10:00,18.5,2018-05-11T02:41:00,86,61.0,2018-05-11T13:52:00,0.1,17.0,2.4,207.0,2018-05-11T13:40:00,0.0,,,,,,,,,,,,,,,,,,,,,,100.0,2018-05-11T01:44:00,,,,,,,,,,,,,,,,,,,,,,,,,,,,,,,,,,,,,,,,,,,,,,,,,,,,,,,,,,,,,,,,,,,,,,,,,,
2018-05-12,1000.9,1002.5,2018-05-12T08:55:00,999.1,2018-05-12T16:58:00,24.6,31.1,2018-05-12T14:01:00,19.3,2018-05-12T05:20:00,87,64.0,2018-05-12T12:15:00,0.2,219.0,3.8,222.0,2018-05-12T12:53:00,0.0,,,,,,,,,,,,,,,,,,,,,,100.0,2018-05-12T00:01:00,,,,,,,,,,,,,,,,,,,,,,,,,,,,,,,,,,,,,,,,,,,,,,,,,,,,,,,,,,,,,,,,,,,,,,,,,,
2018-05-13,1000.0,1001.5,2018-05-13T21:48:00,998.5,2018-05-13T16:35:00,25.9,31.8,2018-05-13T13:50:00,20.6,2018-05-13T05:20:00,85,62.0,2018-05-13T10:28:00,0.3,222.0,3.8,222.0,2018-05-13T12:53:00,0.0,,,,,,,,,,,,,,,,,,,,,,100.0,2018-05-13T00:01:00,,,,,,,,,,,,,,,,,,,,,,,,,,,,,,,,,,,,,,,,,,,,,,,,,,,,,,,,,,,,,,,,,,,,,,,,,,
2018-05-14,1000.1,1002.1,2018-05-14T09:05:00,998.0,2018-05-14T16:21:00,26.7,33.9,2018-05-14T12:16:00,22.1,2018-05-14T05:14:00,84,53.0,2018-05-14T12:21:00,0.2,203.0,4.0,215.0,2018-05-14T09:39:00,0.0,,,,,,,,,,,,,,,,,,,,,,100.0,2018-05-14T00:01:00,,,,,,,,,,,,,,,,,,,,,,,,,,,,,,,,,,,,,,,,,,,,,,,,,,,,,,,,,,,,,,,,,,,,,,,,,,
2018-05-15,999.5,1001.1,2018-05-15T09:46:00,998.5,2018-05-15T03:22:00,26.0,32.1,2018-05-15T12:14:00,21.7,2018-05-15T05:27:00,89,67.0,2018-05-15T09:16:00,0.1,211.0,3.2,216.0,2018-05-15T15:07:00,0.0,,,,,,,,,,,,,,,,,,,,,,100.0,2018-05-15T00:01:00,,,,,,,,,,,,,,,,,,,,,,,,,,,,,,,,,,,,,,,,,,,,,,,,,,,,,,,,,,,,,,,,,,,,,,,,,,
2018-05-16,998.3,999.6,2018-05-16T10:30:00,996.8,2018-05-16T16:42:00,26.7,32.3,2018-05-16T10:36:00,21.3,2018-05-16T05:39:00,87,64.0,2018-05-16T09:04:00,0.2,171.0,4.7,199.0,2018-05-16T13:57:00,0.0,,,,,,,,,,,,,,,,,,,,,,100.0,2018-05-16T00:01:00,,,,,,,,,,,,,,,,,,,,,,,,,,,,,,,,,,,,,,,,,,,,,,,,,,,,,,,,,,,,,,,,,,,,,,,,,,
2018-05-17,997.2,998.7,2018-05-17T07:40:00,995.5,2018-05-17T17:19:00,27.5,33.6,2018-05-17T11:07:00,23.0,2018-05-17T05:28:00,86,63.0,2018-05-17T09:39:00,0.2,215.0,4.8,221.0,2018-05-17T09:18:00,0.0,,,,,,,,,,,,,,,,,,,,,,100.0,2018-05-17T00:01:00,,,,,,,,,,,,,,,,,,,,,,,,,,,,,,,,,,,,,,,,,,,,,,,,,,,,,,,,,,,,,,,,,,,,,,,,,,
2018-05-18,996.7,998.2,2018-05-18T08:03:00,994.9,2018-05-18T16:09:00,27.5,34.1,2018-05-18T11:36:00,22.1,2018-05-18T05:26:00,83,54.0,2018-05-18T11:02:00,0.3,224.0,4.4,232.0,2018-05-18T12:13:00,0.0,,,,,,,,,,,,,,,,,,,,,,100.0,2018-05-18T00:01:00,,,,,,,,,,,,,,,,,,,,,,,,,,,,,,,,,,,,,,,,,,,,,,,,,,,,,,,,,,,,,,,,,,,,,,,,,,
2018-05-19,997.8,999.2,2018-05-19T22:53:00,996.4,2018-05-19T15:11:00,27.0,33.4,2018-05-19T11:28:00,21.9,2018-05-19T05:29:00,84,56.0,2018-05-19T10:17:00,0.0,0.0,3.6,217.0,2018-05-19T11:32:00,0.0,,,,,,,,,,,,,,,,,,,,,,99.0,2018-05-19T03:18:00,,,,,,,,,,,,,,,,,,,,,,,,,,,,,,,,,,,,,,,,,,,,,,,,,,,,,,,,,,,,,,,,,,,,,,,,,,
2018-05-20,998.7,1001.2,2018-05-20T23:07:00,996.3,2018-05-20T02:13:00,27.2,31.8,2018-05-20T13:41:00,24.1,2018-05-20T03:01:00,87,66.0,2018-05-20T10:14:00,-99.5,-999.5,4.3,230.0,2018-05-20T14:07:00,1.0,,,,,,,,,,,,,,,,,,,,,,100.0,2018-05-20T20:29:00,,,,,,,,,,,,,,,,,,,,,,,,,,,,,,,,,,,,,,,,,,,,,,,,,,,,,,,,,,,,,,,,,,,,,,,,,,
2018-05-21,999.6,1000.7,2018-05-21T22:25:00,998.5,2018-05-21T16:33:00,26.7,32.0,2018-05-21T14:22:00,23.3,2018-05-21T23:59:00,86,61.0,2018-05-21T14:24:00,0.0,0.0,-99.7,-999.7,,0.0,,,,,,,,,,,,,,,,,,,,,,100.0,2018-05-21T21:38:00,,,,,,,,,,,,,,,,,,,,,,,,,,,,,,,,,,,,,,,,,,,,,,,,,,,,,,,,,,,,,,,,,,,,,,,,,,
2018-05-22,999.6,1001.8,2018-05-22T08:46:00,997.6,2018-05-22T15:48:00,27.0,33.7,2018-05-22T14:04:00,21.8,2018-05-22T05:10:00,83,54.0,2018-05-22T14:00:00,0.1,218.0,3.6,210.0,2018-05-22T14:31:00,0.0,,,,,,,,,,,,,,,,,,,,,,100.0,2018-05-22T00:01:00,,,,,,,,,,,,,,,,,,,,,,,,,,,,,,,,,,,,,,,,,,,,,,,,,,,,,,,,,,,,,,,,,,,,,,,,,,
2018-05-23,999.9,1001.1,2018-05-23T08:13:00,998.3,2018-05-23T15:55:00,26.4,33.2,2018-05-23T13:31:00,22.2,2018-05-23T23:55:00,82,58.0,2018-05-23T13:18:00,0.2,19.0,4.0,60.0,2018-05-23T14:01:00,0.0,,,,,,,,,,,,,,,,,,,,,,100.0,2018-05-23T00:01:00,,,,,,,,,,,,,,,,,,,,,,,,,,,,,,,,,,,,,,,,,,,,,,,,,,,,,,,,,,,,,,,,,,,,,,,,,,
2018-05-24,999.5,1001.3,2018-05-24T09:53:00,998.1,2018-05-24T16:03:00,26.5,33.6,2018-05-24T12:40:00,21.9,2018-05-24T00:51:00,80,55.0,2018-05-24T13:18:00,0.1,88.0,2.5,343.0,2018-05-24T14:39:00,0.0,,,,,,,,,,,,,,,,,,,,,,99.0,2018-05-24T23:56:00,,,,,,,,,,,,,,,,,,,,,,,,,,,,,,,,,,,,,,,,,,,,,,,,,,,,,,,,,,,,,,,,,,,,,,,,,,
2018-05-25,997.3,999.7,2018-05-25T07:42:00,995.2,2018-05-25T15:44:00,26.2,31.3,2018-05-25T11:37:00,21.4,2018-05-25T05:04:00,86,68.0,2018-05-25T12:34:00,0.2,219.0,4.2,229.0,2018-05-25T15:44:00,0.0,,,,,,,,,,,,,,,,,,,,,,100.0,2018-05-25T00:08:00,,,,,,,,,,,,,,,,,,,,,,,,,,,,,,,,,,,,,,,,,,,,,,,,,,,,,,,,,,,,,,,,,,,,,,,,,,
2018-05-26,996.6,998.0,2018-05-27T00:00:00,995.4,2018-05-26T04:57:00,27.2,34.2,2018-05-26T11:45:00,21.6,2018-05-26T04:31:00,82,53.0,2018-05-26T11:34:00,0.5,217.0,6.3,205.0,2018-05-26T14:00:00,0.0,,,,,,,,,,,,,,,,,,,,,,100.0,2018-05-26T00:01:00,,,,,,,,,,,,,,,,,,,,,,,,,,,,,,,,,,,,,,,,,,,,,,,,,,,,,,,,,,,,,,,,,,,,,,,,,,
2018-05-27,997.7,999.3,2018-05-27T22:20:00,995.3,2018-05-27T15:08:00,28.5,37.6,2018-05-27T12:34:00,20.7,2018-05-27T04:27:00,77,38.0,2018-05-27T12:35:00,0.1,226.0,4.7,266.0,2018-05-27T13:11:00,0.0,,,,,,,,,,,,,,,,,,,,,,100.0,2018-05-27T22:14:00,,,,,,,,,,,,,,,,,,,,,,,,,,,,,,,,,,,,,,,,,,,,,,,,,,,,,,,,,,,,,,,,,,,,,,,,,,
2018-05-28,998.6,1000.1,2018-05-28T22:03:00,997.5,2018-05-28T17:15:00,28.6,34.1,2018-05-28T10:05:00,24.5,2018-05-28T05:27:00,83,56.0,2018-05-28T09:41:00,0.1,58.0,4.2,193.0,2018-05-28T13:36:00,0.0,,,,,,,,,,,,,,,,,,,,,,100.0,2018-05-28T00:13:00,,,,,,,,,,,,,,,,,,,,,,,,,,,,,,,,,,,,,,,,,,,,,,,,,,,,,,,,,,,,,,,,,,,,,,,,,,
2018-05-29,999.7,1001.5,2018-05-29T22:30:00,997.8,2018-05-29T18:24:00,28.5,33.5,2018-05-29T09:42:00,25.5,2018-05-29T23:26:00,86,62.0,2018-05-29T09:36:00,0.1,203.0,3.3,245.0,2018-05-29T13:22:00,0.0,,,,,,,,,,,,,,,,,,,,,,100.0,2018-05-29T00:44:00,,,,,,,,,,,,,,,,,,,,,,,,,,,,,,,,,,,,,,,,,,,,,,,,,,,,,,,,,,,,,,,,,,,,,,,,,,
2018-05-30,999.8,1001.4,2018-05-30T22:12:00,997.6,2018-05-30T17:01:00,28.3,33.5,2018-05-30T11:19:00,24.4,2018-05-30T04:06:00,87,64.0,2018-05-30T11:27:00,0.1,208.0,4.1,237.0,2018-05-30T12:16:00,0.0,,,,,,,,,,,,,,,,,,,,,,100.0,2018-05-30T00:01:00,,,,,,,,,,,,,,,,,,,,,,,,,,,,,,,,,,,,,,,,,,,,,,,,,,,,,,,,,,,,,,,,,,,,,,,,,,
2018-05-31,999.4,1001.2,2018-05-31T23:02:00,997.8,2018-05-31T17:09:00,28.8,34.9,2018-05-31T14:11:00,23.4,2018-05-31T05:18:00,81,57.0,2018-05-31T15:17:00,0.2,209.0,5.3,217.0,2018-05-31T12:32:00,0.5,,,,,,,,,,,,,,,,,,,,,,100.0,2018-05-31T00:02:00,,,,,,,,,,,,,,,,,,,,,,,,,,,,,,,,,,,,,,,,,,,,,,,,,,,,,,,,,,,,,,,,,,,,,,,,,,
2018-06-01,1000.6,1002.0,2018-06-01T21:46:00,999.5,2018-06-01T01:51:00,24.9,28.6,2018-06-01T12:32:00,20.8,2018-06-01T23:53:00,86,69.0,2018-06-01T12:39:00,0.4,37.0,5.0,39.0,2018-06-01T15:57:00,1.5,,,,,,,,,,,,,,,,,,,,,,100.0,2018-06-01T00:01:00,,,,,,,,,,,,,,,,,,,,,,,,,,,,,,,,,,,,,,,,,,,,,,,,,,,,,,,,,,,,,,,,,,,,,,,,,,
2018-06-02,1000.2,1001.7,2018-06-02T08:45:00,998.4,2018-06-02T15:33:00,25.4,32.2,2018-06-02T12:46:00,20.7,2018-06-02T00:01:00,77,53.0,2018-06-02T13:38:00,0.2,36.0,4.3,112.0,2018-06-02T16:53:00,0.0,,,,,,,,,,,,,,,,,,,,,,98.0,2018-06-02T04:16:00,,,,,,,,,,,,,,,,,,,,,,,,,,,,,,,,,,,,,,,,,,,,,,,,,,,,,,,,,,,,,,,,,,,,,,,,,,
2018-06-03,998.4,1000.2,2018-06-03T00:01:00,996.6,2018-06-03T16:29:00,26.3,31.8,2018-06-03T14:52:00,21.2,2018-06-03T04:36:00,84,60.0,2018-06-03T10:47:00,0.1,44.0,2.8,312.0,2018-06-03T15:17:00,0.0,,,,,,,,,,,,,,,,,,,,,,100.0,2018-06-03T02:14:00,,,,,,,,,,,,,,,,,,,,,,,,,,,,,,,,,,,,,,,,,,,,,,,,,,,,,,,,,,,,,,,,,,,,,,,,,,
2018-06-04,998.4,999.6,2018-06-04T22:56:00,996.5,2018-06-04T14:49:00,27.6,35.3,2018-06-04T13:51:00,22.4,2018-06-04T03:27:00,81,51.0,2018-06-04T14:03:00,0.0,49.0,3.0,43.0,2018-06-04T15:05:00,0.0,,,,,,,,,,,,,,,,,,,,,,100.0,2018-06-04T00:03:00,,,,,,,,,,,,,,,,,,,,,,,,,,,,,,,,,,,,,,,,,,,,,,,,,,,,,,,,,,,,,,,,,,,,,,,,,,
2018-06-05,998.8,1000.2,2018-06-05T09:34:00,996.8,2018-06-05T15:20:00,27.7,36.8,2018-06-05T12:43:00,22.0,2018-06-05T05:04:00,81,48.0,2018-06-05T12:47:00,0.1,60.0,3.2,227.0,2018-06-05T13:34:00,1.0,,,,,,,,,,,,,,,,,,,,,,100.0,2018-06-05T00:01:00,,,,,,,,,,,,,,,,,,,,,,,,,,,,,,,,,,,,,,,,,,,,,,,,,,,,,,,,,,,,,,,,,,,,,,,,,,
2018-06-06,998.3,999.3,2018-06-06T07:30:00,996.9,2018-06-06T13:41:00,27.7,35.2,2018-06-06T11:35:00,22.9,2018-06-06T05:16:00,86,48.0,2018-06-06T11:11:00,0.1,50.0,3.3,27.0,2018-06-06T14:02:00,3.5,,,,,,,,,,,,,,,,,,,,,,100.0,2018-06-06T00:01:00,,,,,,,,,,,,,,,,,,,,,,,,,,,,,,,,,,,,,,,,,,,,,,,,,,,,,,,,,,,,,,,,,,,,,,,,,,
2018-06-07,996.1,997.8,2018-06-07T06:59:00,993.5,2018-06-07T16:03:00,28.1,34.3,2018-06-07T11:30:00,24.5,2018-06-07T05:30:00,87,59.0,2018-06-07T11:30:00,0.0,68.0,2.5,49.0,2018-06-07T13:15:00,4.0,,,,,,,,,,,,,,,,,,,,,,100.0,2018-06-07T00:01:00,,,,,,,,,,,,,,,,,,,,,,,,,,,,,,,,,,,,,,,,,,,,,,,,,,,,,,,,,,,,,,,,,,,,,,,,,,
2018-06-08,992.7,995.6,2018-06-08T00:01:00,990.9,2018-06-08T16:34:00,27.1,34.4,2018-06-08T11:52:00,23.4,2018-06-08T05:09:00,91,58.0,2018-06-08T10:50:00,0.1,41.0,4.2,235.0,2018-06-08T12:53:00,1.0,,,,,,,,,,,,,,,,,,,,,,100.0,2018-06-08T00:02:00,,,,,,,,,,,,,,,,,,,,,,,,,,,,,,,,,,,,,,,,,,,,,,,,,,,,,,,,,,,,,,,,,,,,,,,,,,
2018-06-09,990.0,991.8,2018-06-09T07:09:00,987.9,2018-06-09T15:23:00,27.2,33.3,2018-06-09T14:23:00,22.9,2018-06-09T04:33:00,84,61.0,2018-06-09T14:24:00,0.1,32.0,3.1,324.0,2018-06-09T14:13:00,0.0,,,,,,,,,,,,,,,,,,,,,,100.0,2018-06-09T00:02:00,,,,,,,,,,,,,,,,,,,,,,,,,,,,,,,,,,,,,,,,,,,,,,,,,,,,,,,,,,,,,,,,,,,,,,,,,,
2018-06-10,989.7,990.8,2018-06-10T21:39:00,988.1,2018-06-10T16:50:00,27.1,32.3,2018-06-10T14:24:00,23.6,2018-06-10T01:22:00,88,62.0,2018-06-10T14:26:00,0.1,21.0,2.7,208.0,2018-06-10T14:05:00,3.5,,,,,,,,,,,,,,,,,,,,,,100.0,2018-06-10T00:01:00,,,,,,,,,,,,,,,,,,,,,,,,,,,,,,,,,,,,,,,,,,,,,,,,,,,,,,,,,,,,,,,,,,,,,,,,,,
2018-06-11,991.1,993.6,2018-06-11T23:11:00,988.1,2018-06-11T03:52:00,24.9,26.7,2018-06-11T15:13:00,23.0,2018-06-11T22:57:00,93,76.0,2018-06-11T17:46:00,0.2,45.0,3.3,116.0,2018-06-11T12:53:00,10.5,,,,,,,,,,,,,,,,,,,,,,100.0,2018-06-11T00:01:00,,,,,,,,,,,,,,,,,,,,,,,,,,,,,,,,,,,,,,,,,,,,,,,,,,,,,,,,,,,,,,,,,,,,,,,,,,
2018-06-12,992.2,994.3,2018-06-12T07:13:00,990.5,2018-06-12T17:07:00,26.8,34.7,2018-06-12T12:32:00,19.4,2018-06-12T05:29:00,71,35.0,2018-06-12T13:13:00,0.0,75.0,3.9,34.0,2018-06-12T15:02:00,0.0,,,,,,,,,,,,,,,,,,,,,,100.0,2018-06-12T05:38:00,,,,,,,,,,,,,,,,,,,,,,,,,,,,,,,,,,,,,,,,,,,,,,,,,,,,,,,,,,,,,,,,,,,,,,,,,,
2018-06-13,989.0,991.7,2018-06-13T06:04:00,986.5,2018-06-13T16:42:00,28.0,35.6,2018-06-13T13:21:00,22.2,2018-06-13T03:04:00,74,44.0,2018-06-13T13:04:00,0.0,52.0,3.0,45.0,2018-06-13T08:54:00,0.0,,,,,,,,,,,,,,,,,,,,,,100.0,2018-06-13T00:15:00,,,,,,,,,,,,,,,,,,,,,,,,,,,,,,,,,,,,,,,,,,,,,,,,,,,,,,,,,,,,,,,,,,,,,,,,,,
2018-06-14,986.5,988.0,2018-06-14T08:00:00,985.3,2018-06-14T16:05:00,26.8,32.5,2018-06-14T10:54:00,23.1,2018-06-14T05:07:00,81,58.0,2018-06-14T10:57:00,0.5,50.0,7.4,94.0,2018-06-14T14:49:00,0.0,,,,,,,,,,,,,,,,,,,,,,100.0,2018-06-14T00:10:00,,,,,,,,,,,,,,,,,,,,,,,,,,,,,,,,,,,,,,,,,,,,,,,,,,,,,,,,,,,,,,,,,,,,,,,,,,
2018-06-15,989.6,994.0,2018-06-15T23:00:00,985.7,2018-06-15T00:01:00,25.2,27.9,2018-06-15T11:37:00,23.2,2018-06-16T00:00:00,85,66.0,2018-06-15T16:39:00,0.6,38.0,7.8,323.0,2018-06-15T12:25:00,2.0,,,,,,,,,,,,,,,,,,,,,,100.0,2018-06-15T05:17:00,,,,,,,,,,,,,,,,,,,,,,,,,,,,,,,,,,,,,,,,,,,,,,,,,,,,,,,,,,,,,,,,,,,,,,,,,,
2018-06-16,993.9,995.3,2018-06-16T22:30:00,992.5,2018-06-16T15:29:00,26.8,32.5,2018-06-16T13:44:00,22.5,2018-06-16T05:42:00,71,49.0,2018-06-16T13:45:00,0.7,53.0,7.3,39.0,2018-06-16T15:17:00,0.0,,,,,,,,,,,,,,,,,,,,,,92.0,2018-06-16T00:01:00,,,,,,,,,,,,,,,,,,,,,,,,,,,,,,,,,,,,,,,,,,,,,,,,,,,,,,,,,,,,,,,,,,,,,,,,,,
2018-06-17,994.1,995.0,2018-06-17T00:01:00,992.4,2018-06-17T14:14:00,26.0,34.0,2018-06-17T13:35:00,23.5,2018-06-17T05:30:00,90,59.0,2018-06-17T12:05:00,0.1,42.0,2.8,46.0,2018-06-17T14:18:00,82.5,,,,,,,,,,,,,,,,,,,,,,100.0,2018-06-17T00:44:00,,,,,,,,,,,,,,,,,,,,,,,,,,,,,,,,,,,,,,,,,,,,,,,,,,,,,,,,,,,,,,,,,,,,,,,,,,
2018-06-18,993.6,994.9,2018-06-18T09:47:00,992.5,2018-06-18T14:06:00,26.5,31.8,2018-06-18T13:40:00,23.6,2018-06-18T05:22:00,92,67.0,2018-06-18T13:43:00,0.0,36.0,2.3,41.0,2018-06-18T18:23:00,4.5,,,,,,,,,,,,,,,,,,,,,,100.0,2018-06-18T00:01:00,,,,,,,,,,,,,,,,,,,,,,,,,,,,,,,,,,,,,,,,,,,,,,,,,,,,,,,,,,,,,,,,,,,,,,,,,,
2018-06-19,993.6,995.3,2018-06-19T21:42:00,992.0,2018-06-19T02:20:00,26.5,30.3,2018-06-19T13:16:00,23.6,2018-06-19T04:54:00,84,66.0,2018-06-19T14:40:00,0.9,222.0,7.4,208.0,2018-06-19T22:13:00,2.0,,,,,,,,,,,,,,,,,,,,,,100.0,2018-06-19T00:01:00,,,,,,,,,,,,,,,,,,,,,,,,,,,,,,,,,,,,,,,,,,,,,,,,,,,,,,,,,,,,,,,,,,,,,,,,,,
2018-06-20,994.3,996.7,2018-06-20T23:24:00,992.2,2018-06-20T17:16:00,28.2,30.6,2018-06-20T16:47:00,24.9,2018-06-20T23:12:00,71,58.0,2018-06-20T17:35:00,0.8,223.0,6.4,205.0,2018-06-20T02:56:00,0.0,,,,,,,,,,,,,,,,,,,,,,90.0,2018-06-20T23:10:00,,,,,,,,,,,,,,,,,,,,,,,,,,,,,,,,,,,,,,,,,,,,,,,,,,,,,,,,,,,,,,,,,,,,,,,,,,
2018-06-21,995.7,997.4,2018-06-22T00:00:00,993.8,2018-06-21T14:56:00,27.4,33.1,2018-06-21T15:45:00,23.9,2018-06-21T05:27:00,86,60.0,2018-06-21T14:24:00,0.6,222.0,9.1,211.0,2018-06-21T12:51:00,5.0,,,,,,,,,,,,,,,,,,,,,,100.0,2018-06-21T01:14:00,,,,,,,,,,,,,,,,,,,,,,,,,,,,,,,,,,,,,,,,,,,,,,,,,,,,,,,,,,,,,,,,,,,,,,,,,,
2018-06-22,997.1,998.6,2018-06-22T22:17:00,994.9,2018-06-22T16:00:00,26.3,32.5,2018-06-22T11:35:00,23.1,2018-06-22T05:12:00,91,65.0,2018-06-22T11:18:00,0.1,120.0,5.2,224.0,2018-06-22T12:08:00,1.5,,,,,,,,,,,,,,,,,,,,,,100.0,2018-06-22T00:03:00,,,,,,,,,,,,,,,,,,,,,,,,,,,,,,,,,,,,,,,,,,,,,,,,,,,,,,,,,,,,,,,,,,,,,,,,,,
2018-06-23,997.5,999.1,2018-06-23T22:32:00,996.4,2018-06-23T03:32:00,26.0,32.3,2018-06-23T12:43:00,23.0,2018-06-23T05:14:00,92,64.0,2018-06-23T10:53:00,0.4,223.0,5.5,208.0,2018-06-23T11:53:00,6.5,,,,,,,,,,,,,,,,,,,,,,100.0,2018-06-23T00:01:00,,,,,,,,,,,,,,,,,,,,,,,,,,,,,,,,,,,,,,,,,,,,,,,,,,,,,,,,,,,,,,,,,,,,,,,,,,
2018-06-24,999.2,1000.8,2018-06-24T23:09:00,998.0,2018-06-24T03:40:00,27.2,32.0,2018-06-24T13:04:00,22.9,2018-06-24T05:04:00,88,64.0,2018-06-24T09:59:00,0.1,196.0,4.2,224.0,2018-06-24T11:41:00,0.0,,,,,,,,,,,,,,,,,,,,,,100.0,2018-06-24T00:01:00,,,,,,,,,,,,,,,,,,,,,,,,,,,,,,,,,,,,,,,,,,,,,,,,,,,,,,,,,,,,,,,,,,,,,,,,,,
2018-06-25,1000.3,1001.6,2018-06-25T22:23:00,999.2,2018-06-25T17:10:00,27.7,33.6,2018-06-25T11:19:00,23.6,2018-06-25T05:25:00,89,59.0,2018-06-25T10:35:00,0.0,205.0,3.7,189.0,2018-06-25T11:59:00,0.5,,,,,,,,,,,,,,,,,,,,,,100.0,2018-06-25T00:01:00,,,,,,,,,,,,,,,,,,,,,,,,,,,,,,,,,,,,,,,,,,,,,,,,,,,,,,,,,,,,,,,,,,,,,,,,,,
2018-06-26,1000.7,1001.9,2018-06-26T08:34:00,999.9,2018-06-26T17:52:00,27.8,33.5,2018-06-26T12:09:00,24.0,2018-06-26T05:30:00,84,62.0,2018-06-26T10:08:00,0.1,82.0,2.5,213.0,2018-06-26T12:44:00,0.0,,,,,,,,,,,,,,,,,,,,,,100.0,2018-06-26T00:33:00,,,,,,,,,,,,,,,,,,,,,,,,,,,,,,,,,,,,,,,,,,,,,,,,,,,,,,,,,,,,,,,,,,,,,,,,,,
2018-06-27,999.0,1000.4,2018-06-27T06:43:00,997.0,2018-06-27T16:12:00,27.8,34.4,2018-06-27T15:47:00,22.3,2018-06-27T05:33:00,79,48.0,2018-06-27T15:48:00,0.0,214.0,3.4,199.0,2018-06-27T13:17:00,0.0,,,,,,,,,,,,,,,,,,,,,,100.0,2018-06-27T01:48:00,,,,,,,,,,,,,,,,,,,,,,,,,,,,,,,,,,,,,,,,,,,,,,,,,,,,,,,,,,,,,,,,,,,,,,,,,,
2018-06-28,996.1,998.4,2018-06-28T00:08:00,994.0,2018-06-28T16:37:00,27.7,33.9,2018-06-28T12:54:00,21.7,2018-06-28T05:24:00,81,59.0,2018-06-28T12:56:00,0.2,211.0,5.5,229.0,2018-06-28T08:34:00,0.0,,,,,,,,,,,,,,,,,,,,,,100.0,2018-06-28T03:26:00,,,,,,,,,,,,,,,,,,,,,,,,,,,,,,,,,,,,,,,,,,,,,,,,,,,,,,,,,,,,,,,,,,,,,,,,,,
2018-06-29,993.5,994.7,2018-06-29T00:01:00,991.4,2018-06-29T16:25:00,27.9,34.5,2018-06-29T11:32:00,23.6,2018-06-29T03:43:00,83,51.0,2018-06-29T11:24:00,0.2,61.0,5.4,305.0,2018-06-29T11:03:00,8.5,,,,,,,,,,,,,,,,,,,,,,100.0,2018-06-29T03:45:00,,,,,,,,,,,,,,,,,,,,,,,,,,,,,,,,,,,,,,,,,,,,,,,,,,,,,,,,,,,,,,,,,,,,,,,,,,
2018-06-30,994.4,996.3,2018-06-30T22:12:00,992.3,2018-06-30T15:44:00,27.5,34.2,2018-06-30T13:22:00,23.9,2018-06-30T00:01:00,87,58.0,2018-06-30T11:56:00,0.0,63.0,2.8,109.0,2018-06-30T14:28:00,12.0,,,,,,,,,,,,,,,,,,,,,,100.0,2018-06-30T00:01:00,,,,,,,,,,,,,,,,,,,,,,,,,,,,,,,,,,,,,,,,,,,,,,,,,,,,,,,,,,,,,,,,,,,,,,,,,,
2018-07-01,993.3,994.5,2018-07-01T07:02:00,991.5,2018-07-01T17:10:00,27.6,33.4,2018-07-01T11:54:00,23.0,2018-07-01T05:11:00,83,59.0,2018-07-01T11:42:00,0.2,193.0,5.0,200.0,2018-07-01T11:54:00,0.0,,,,,,,,,,,,,,,,,,,,,,100.0,2018-07-01T21:29:00,,,,,,,,,,,,,,,,,,,,,,,,,,,,,,,,,,,,,,,,,,,,,,,,,,,,,,,,,,,,,,,,,,,,,,,,,,
2018-07-02,991.9,992.9,2018-07-02T22:34:00,990.1,2018-07-02T17:10:00,28.4,30.6,2018-07-02T17:13:00,25.0,2018-07-02T01:53:00,73,60.0,2018-07-02T17:36:00,0.7,208.0,5.5,234.0,2018-07-02T17:38:00,0.0,,,,,,,,,,,,,,,,,,,,,,90.0,2018-07-02T01:55:00,,,,,,,,,,,,,,,,,,,,,,,,,,,,,,,,,,,,,,,,,,,,,,,,,,,,,,,,,,,,,,,,,,,,,,,,,,
2018-07-03,991.2,993.4,2018-07-03T11:38:00,990.2,2018-07-03T17:29:00,29.6,31.4,2018-07-03T08:59:00,26.5,2018-07-03T04:38:00,67,58.0,2018-07-03T19:23:00,1.2,217.0,7.5,232.0,2018-07-03T23:47:00,0.5,,,,,,,,,,,,,,,,,,,,,,92.0,2018-07-03T12:39:00,,,,,,,,,,,,,,,,,,,,,,,,,,,,,,,,,,,,,,,,,,,,,,,,,,,,,,,,,,,,,,,,,,,,,,,,,,
2018-07-04,991.0,993.4,2018-07-04T09:53:00,989.5,2018-07-04T14:50:00,29.8,33.8,2018-07-04T14:38:00,27.0,2018-07-04T10:06:00,65,52.0,2018-07-04T14:42:00,1.3,215.0,7.5,235.0,2018-07-04T02:13:00,0.0,,,,,,,,,,,,,,,,,,,,,,82.0,2018-07-04T10:08:00,,,,,,,,,,,,,,,,,,,,,,,,,,,,,,,,,,,,,,,,,,,,,,,,,,,,,,,,,,,,,,,,,,,,,,,,,,
2018-07-05,991.2,992.8,2018-07-05T22:14:00,989.6,2018-07-05T16:45:00,28.5,30.8,2018-07-05T13:39:00,24.5,2018-07-05T23:35:00,70,55.0,2018-07-05T17:15:00,1.0,215.0,7.8,236.0,2018-07-05T09:10:00,0.0,,,,,,,,,,,,,,,,,,,,,,91.0,2018-07-05T23:58:00,,,,,,,,,,,,,,,,,,,,,,,,,,,,,,,,,,,,,,,,,,,,,,,,,,,,,,,,,,,,,,,,,,,,,,,,,,
2018-07-06,992.1,994.1,2018-07-06T22:58:00,990.7,2018-07-06T16:34:00,28.5,34.4,2018-07-06T12:25:00,23.5,2018-07-06T02:59:00,76,52.0,2018-07-06T12:25:00,0.6,222.0,7.5,215.0,2018-07-06T10:32:00,0.0,,,,,,,,,,,,,,,,,,,,,,99.0,2018-07-06T03:30:00,,,,,,,,,,,,,,,,,,,,,,,,,,,,,,,,,,,,,,,,,,,,,,,,,,,,,,,,,,,,,,,,,,,,,,,,,,
2018-07-07,994.3,996.5,2018-07-07T21:47:00,992.6,2018-07-07T13:21:00,26.8,34.2,2018-07-07T11:18:00,23.9,2018-07-07T23:53:00,89,55.0,2018-07-07T11:02:00,0.1,44.0,3.6,200.0,2018-07-07T11:38:00,8.0,,,,,,,,,,,,,,,,,,,,,,100.0,2018-07-07T01:40:00,,,,,,,,,,,,,,,,,,,,,,,,,,,,,,,,,,,,,,,,,,,,,,,,,,,,,,,,,,,,,,,,,,,,,,,,,,
2018-07-08,996.0,997.8,2018-07-08T22:04:00,994.9,2018-07-08T15:46:00,27.6,34.3,2018-07-08T11:56:00,22.6,2018-07-08T05:06:00,86,50.0,2018-07-08T10:54:00,0.0,0.0,2.3,96.0,2018-07-08T17:06:00,0.5,,,,,,,,,,,,,,,,,,,,,,100.0,2018-07-08T00:02:00,,,,,,,,,,,,,,,,,,,,,,,,,,,,,,,,,,,,,,,,,,,,,,,,,,,,,,,,,,,,,,,,,,,,,,,,,,
2018-07-09,996.0,998.2,2018-07-09T08:16:00,993.7,2018-07-09T18:09:00,28.7,35.0,2018-07-09T12:09:00,25.0,2018-07-09T04:14:00,83,53.0,2018-07-09T11:44:00,0.1,52.0,3.9,217.0,2018-07-09T14:06:00,0.0,,,,,,,,,,,,,,,,,,,,,,100.0,2018-07-09T00:01:00,,,,,,,,,,,,,,,,,,,,,,,,,,,,,,,,,,,,,,,,,,,,,,,,,,,,,,,,,,,,,,,,,,,,,,,,,,
2018-07-10,992.8,995.7,2018-07-10T00:31:00,986.7,2018-07-11T00:00:00,27.0,33.3,2018-07-10T10:17:00,22.7,2018-07-10T04:36:00,87,54.0,2018-07-10T08:09:00,0.4,66.0,5.4,61.0,2018-07-10T15:29:00,22.5,,,,,,,,,,,,,,,,,,,,,,100.0,2018-07-10T00:03:00,,,,,,,,,,,,,,,,,,,,,,,,,,,,,,,,,,,,,,,,,,,,,,,,,,,,,,,,,,,,,,,,,,,,,,,,,,
2018-07-11,989.3,995.9,2018-07-11T22:53:00,983.5,2018-07-11T05:14:00,26.7,30.1,2018-07-11T15:05:00,24.4,2018-07-11T06:24:00,91,71.0,2018-07-11T09:38:00,0.6,51.0,7.4,226.0,2018-07-11T02:38:00,46.0,,,,,,,,,,,,,,,,,,,,,,100.0,2018-07-11T00:01:00,,,,,,,,,,,,,,,,,,,,,,,,,,,,,,,,,,,,,,,,,,,,,,,,,,,,,,,,,,,,,,,,,,,,,,,,,,
2018-07-12,995.7,997.0,2018-07-12T23:00:00,994.3,2018-07-12T15:47:00,27.7,31.4,2018-07-12T15:44:00,25.4,2018-07-13T00:00:00,89,70.0,2018-07-12T14:12:00,0.1,219.0,2.8,215.0,2018-07-12T13:26:00,5.0,,,,,,,,,,,,,,,,,,,,,,100.0,2018-07-12T00:01:00,,,,,,,,,,,,,,,,,,,,,,,,,,,,,,,,,,,,,,,,,,,,,,,,,,,,,,,,,,,,,,,,,,,,,,,,,,
2018-07-13,996.0,997.0,2018-07-13T23:05:00,995.0,2018-07-13T17:30:00,27.7,34.3,2018-07-13T11:25:00,23.3,2018-07-13T05:20:00,86,57.0,2018-07-13T11:42:00,0.0,229.0,3.7,216.0,2018-07-13T13:19:00,0.0,,,,,,,,,,,,,,,,,,,,,,100.0,2018-07-13T00:22:00,,,,,,,,,,,,,,,,,,,,,,,,,,,,,,,,,,,,,,,,,,,,,,,,,,,,,,,,,,,,,,,,,,,,,,,,,,
2018-07-14,995.3,996.2,2018-07-14T00:01:00,993.6,2018-07-14T16:31:00,28.2,34.0,2018-07-14T12:48:00,23.2,2018-07-14T05:31:00,83,57.0,2018-07-14T10:46:00,0.0,199.0,2.6,218.0,2018-07-14T14:39:00,0.0,,,,,,,,,,,,,,,,,,,,,,100.0,2018-07-14T00:01:00,,,,,,,,,,,,,,,,,,,,,,,,,,,,,,,,,,,,,,,,,,,,,,,,,,,,,,,,,,,,,,,,,,,,,,,,,,
2018-07-15,995.0,996.4,2018-07-15T09:06:00,994.0,2018-07-15T20:56:00,27.7,32.2,2018-07-15T11:03:00,24.0,2018-07-15T04:23:00,84,63.0,2018-07-15T11:04:00,0.1,67.0,2.3,213.0,2018-07-15T16:42:00,0.0,,,,,,,,,,,,,,,,,,,,,,100.0,2018-07-15T00:01:00,,,,,,,,,,,,,,,,,,,,,,,,,,,,,,,,,,,,,,,,,,,,,,,,,,,,,,,,,,,,,,,,,,,,,,,,,,
2018-07-16,992.8,995.0,2018-07-16T07:16:00,990.7,2018-07-16T15:53:00,28.7,36.0,2018-07-16T14:57:00,23.5,2018-07-16T04:33:00,82,52.0,2018-07-16T14:14:00,0.0,0.0,2.3,294.0,2018-07-16T16:00:00,0.0,,,,,,,,,,,,,,,,,,,,,,100.0,2018-07-16T00:03:00,,,,,,,,,,,,,,,,,,,,,,,,,,,,,,,,,,,,,,,,,,,,,,,,,,,,,,,,,,,,,,,,,,,,,,,,,,
2018-07-17,991.7,992.8,2018-07-17T06:24:00,990.4,2018-07-17T16:56:00,29.4,36.2,2018-07-17T12:27:00,24.0,2018-07-17T05:19:00,81,55.0,2018-07-17T11:42:00,0.0,0.0,3.3,258.0,2018-07-17T14:09:00,0.0,,,,,,,,,,,,,,,,,,,,,,100.0,2018-07-17T00:01:00,,,,,,,,,,,,,,,,,,,,,,,,,,,,,,,,,,,,,,,,,,,,,,,,,,,,,,,,,,,,,,,,,,,,,,,,,,
2018-07-18,993.3,994.6,2018-07-18T22:18:00,991.5,2018-07-18T16:40:00,29.5,35.1,2018-07-18T14:50:00,25.3,2018-07-18T05:45:00,80,54.0,2018-07-18T14:59:00,0.0,0.0,5.5,209.0,2018-07-18T12:03:00,0.0,,,,,,,,,,,,,,,,,,,,,,100.0,2018-07-18T00:01:00,,,,,,,,,,,,,,,,,,,,,,,,,,,,,,,,,,,,,,,,,,,,,,,,,,,,,,,,,,,,,,,,,,,,,,,,,,
2018-07-19,994.5,996.0,2018-07-19T06:54:00,992.2,2018-07-19T16:05:00,30.1,36.5,2018-07-19T12:21:00,25.4,2018-07-19T04:28:00,79,47.0,2018-07-19T12:21:00,0.1,81.0,3.4,29.0,2018-07-19T08:25:00,0.0,,,,,,,,,,,,,,,,,,,,,,100.0,2018-07-19T00:16:00,,,,,,,,,,,,,,,,,,,,,,,,,,,,,,,,,,,,,,,,,,,,,,,,,,,,,,,,,,,,,,,,,,,,,,,,,,
2018-07-20,993.0,995.1,2018-07-20T08:17:00,991.1,2018-07-20T16:20:00,28.8,34.7,2018-07-20T12:36:00,24.2,2018-07-21T00:00:00,78,55.0,2018-07-20T15:06:00,0.2,20.0,4.5,47.0,2018-07-20T15:27:00,0.0,,,,,,,,,,,,,,,,,,,,,,99.0,2018-07-20T05:07:00,,,,,,,,,,,,,,,,,,,,,,,,,,,,,,,,,,,,,,,,,,,,,,,,,,,,,,,,,,,,,,,,,,,,,,,,,,
2018-07-21,990.7,992.6,2018-07-21T00:01:00,989.1,2018-07-21T17:44:00,26.9,32.9,2018-07-21T14:01:00,23.3,2018-07-21T02:36:00,88,65.0,2018-07-21T14:05:00,0.1,42.0,3.8,56.0,2018-07-21T14:38:00,4.0,,,,,,,,,,,,,,,,,,,,,,100.0,2018-07-21T01:44:00,,,,,,,,,,,,,,,,,,,,,,,,,,,,,,,,,,,,,,,,,,,,,,,,,,,,,,,,,,,,,,,,,,,,,,,,,,
2018-07-22,990.7,993.0,2018-07-22T22:11:00,989.5,2018-07-22T01:30:00,27.0,34.0,2018-07-22T10:26:00,23.9,2018-07-22T02:26:00,92,59.0,2018-07-22T11:26:00,0.0,160.0,2.7,196.0,2018-07-22T12:24:00,5.5,,,,,,,,,,,,,,,,,,,,,,100.0,2018-07-22T00:02:00,,,,,,,,,,,,,,,,,,,,,,,,,,,,,,,,,,,,,,,,,,,,,,,,,,,,,,,,,,,,,,,,,,,,,,,,,,
2018-07-23,992.7,995.9,2018-07-23T22:10:00,990.3,2018-07-23T04:12:00,27.4,32.0,2018-07-23T15:50:00,24.0,2018-07-23T05:23:00,89,68.0,2018-07-23T15:40:00,0.3,219.0,6.4,221.0,2018-07-23T13:25:00,0.0,,,,,,,,,,,,,,,,,,,,,,100.0,2018-07-23T00:02:00,,,,,,,,,,,,,,,,,,,,,,,,,,,,,,,,,,,,,,,,,,,,,,,,,,,,,,,,,,,,,,,,,,,,,,,,,,
2018-07-24,996.0,997.5,2018-07-24T21:35:00,994.9,2018-07-24T01:28:00,27.3,34.3,2018-07-24T10:36:00,23.8,2018-07-24T23:55:00,90,59.0,2018-07-24T10:47:00,0.1,76.0,4.1,222.0,2018-07-24T13:00:00,0.5,,,,,,,,,,,,,,,,,,,,,,100.0,2018-07-24T00:01:00,,,,,,,,,,,,,,,,,,,,,,,,,,,,,,,,,,,,,,,,,,,,,,,,,,,,,,,,,,,,,,,,,,,,,,,,,,
2018-07-25,996.6,997.9,2018-07-25T08:05:00,995.0,2018-07-25T16:19:00,27.6,33.8,2018-07-25T12:43:00,22.9,2018-07-25T05:34:00,87,57.0,2018-07-25T11:17:00,0.0,37.0,2.0,106.0,2018-07-25T09:50:00,0.0,,,,,,,,,,,,,,,,,,,,,,100.0,2018-07-25T00:03:00,,,,,,,,,,,,,,,,,,,,,,,,,,,,,,,,,,,,,,,,,,,,,,,,,,,,,,,,,,,,,,,,,,,,,,,,,,
2018-07-26,996.3,997.9,2018-07-26T09:05:00,994.2,2018-07-26T16:35:00,28.7,35.1,2018-07-26T12:57:00,25.0,2018-07-26T01:24:00,84,55.0,2018-07-26T13:32:00,0.0,0.0,2.7,203.0,2018-07-26T17:10:00,0.0,,,,,,,,,,,,,,,,,,,,,,100.0,2018-07-26T00:02:00,,,,,,,,,,,,,,,,,,,,,,,,,,,,,,,,,,,,,,,,,,,,,,,,,,,,,,,,,,,,,,,,,,,,,,,,,,
2018-07-27,996.4,998.1,2018-07-27T22:19:00,994.7,2018-07-27T17:29:00,27.3,34.2,2018-07-27T11:48:00,23.1,2018-07-27T15:55:00,88,60.0,2018-07-27T11:54:00,0.1,165.0,-99.7,-999.7,,24.5,,,,,,,,,,,,,,,,,,,,,,99.0,2018-07-27T16:22:00,,,,,,,,,,,,,,,,,,,,,,,,,,,,,,,,,,,,,,,,,,,,,,,,,,,,,,,,,,,,,,,,,,,,,,,,,,
2018-07-28,996.0,997.6,2018-07-28T00:47:00,993.9,2018-07-28T16:53:00,27.6,33.6,2018-07-28T10:53:00,23.0,2018-07-28T05:18:00,88,58.0,2018-07-28T11:21:00,0.0,209.0,5.0,212.0,2018-07-28T12:57:00,2.5,,,,,,,,,,,,,,,,,,,,,,98.0,2018-07-28T06:56:00,,,,,,,,,,,,,,,,,,,,,,,,,,,,,,,,,,,,,,,,,,,,,,,,,,,,,,,,,,,,,,,,,,,,,,,,,,
2018-07-29,994.8,996.7,2018-07-29T00:01:00,992.6,2018-07-29T16:58:00,28.6,35.2,2018-07-29T12:24:00,23.6,2018-07-29T05:41:00,80,50.0,2018-07-29T14:18:00,0.0,229.0,3.1,184.0,2018-07-29T17:08:00,0.5,,,,,,,,,,,,,,,,,,,,,,98.0,2018-07-29T06:10:00,,,,,,,,,,,,,,,,,,,,,,,,,,,,,,,,,,,,,,,,,,,,,,,,,,,,,,,,,,,,,,,,,,,,,,,,,,
2018-07-30,994.5,995.8,2018-07-30T00:01:00,992.5,2018-07-30T16:10:00,29.1,34.8,2018-07-30T13:30:00,24.4,2018-07-30T05:28:00,80,53.0,2018-07-30T11:26:00,0.1,214.0,3.6,213.0,2018-07-30T16:24:00,0.0,,,,,,,,,,,,,,,,,,,,,,97.0,2018-07-30T05:41:00,,,,,,,,,,,,,,,,,,,,,,,,,,,,,,,,,,,,,,,,,,,,,,,,,,,,,,,,,,,,,,,,,,,,,,,,,,
2018-07-31,994.1,995.4,2018-07-31T09:31:00,991.9,2018-07-31T17:02:00,29.0,36.4,2018-07-31T13:33:00,24.0,2018-07-31T05:34:00,79,47.0,2018-07-31T13:39:00,0.1,196.0,3.9,191.0,2018-07-31T14:13:00,0.0,,,,,,,,,,,,,,,,,,,,,,97.0,2018-07-31T06:01:00,,,,,,,,,,,,,,,,,,,,,,,,,,,,,,,,,,,,,,,,,,,,,,,,,,,,,,,,,,,,,,,,,,,,,,,,,,
2018-08-01,993.1,994.7,2018-08-01T06:29:00,990.6,2018-08-01T16:33:00,29.7,36.3,2018-08-01T12:35:00,24.2,2018-08-01T05:46:00,77,44.0,2018-08-01T12:35:00,0.2,211.0,4.6,223.0,2018-08-01T10:48:00,0.0,,,,,,,,,,,,,,,,,,,,,,97.0,2018-08-01T04:30:00,,,,,,,,,,,,,,,,,,,,,,,,,,,,,,,,,,,,,,,,,,,,,,,,,,,,,,,,,,,,,,,,,,,,,,,,,,
2018-08-02,992.0,993.5,2018-08-02T06:44:00,989.9,2018-08-02T15:53:00,29.6,35.7,2018-08-02T15:56:00,24.5,2018-08-02T05:18:00,74,47.0,2018-08-02T15:34:00,0.6,214.0,5.6,225.0,2018-08-02T17:13:00,0.0,,,,,,,,,,,,,,,,,,,,,,96.0,2018-08-02T05:06:00,,,,,,,,,,,,,,,,,,,,,,,,,,,,,,,,,,,,,,,,,,,,,,,,,,,,,,,,,,,,,,,,,,,,,,,,,,
2018-08-03,992.9,995.0,2018-08-03T23:43:00,991.2,2018-08-03T15:59:00,28.4,36.0,2018-08-03T13:47:00,24.3,2018-08-03T05:32:00,78,56.0,2018-08-03T13:46:00,0.2,178.0,5.0,227.0,2018-08-03T08:24:00,0.0,,,,,,,,,,,,,,,,,,,,,,95.0,2018-08-03T23:48:00,,,,,,,,,,,,,,,,,,,,,,,,,,,,,,,,,,,,,,,,,,,,,,,,,,,,,,,,,,,,,,,,,,,,,,,,,,
2018-08-04,994.9,996.5,2018-08-04T23:30:00,993.5,2018-08-04T16:56:00,27.8,35.3,2018-08-04T10:59:00,23.9,2018-08-04T03:01:00,82,53.0,2018-08-04T10:51:00,0.1,80.0,3.8,102.0,2018-08-04T15:33:00,0.0,,,,,,,,,,,,,,,,,,,,,,97.0,2018-08-04T03:19:00,,,,,,,,,,,,,,,,,,,,,,,,,,,,,,,,,,,,,,,,,,,,,,,,,,,,,,,,,,,,,,,,,,,,,,,,,,
2018-08-05,995.9,997.1,2018-08-05T07:13:00,994.1,2018-08-05T14:06:00,27.5,35.3,2018-08-05T12:43:00,23.6,2018-08-05T23:15:00,84,52.0,2018-08-05T11:51:00,0.1,43.0,3.9,340.0,2018-08-05T14:06:00,1.5,,,,,,,,,,,,,,,,,,,,,,98.0,2018-08-05T06:35:00,,,,,,,,,,,,,,,,,,,,,,,,,,,,,,,,,,,,,,,,,,,,,,,,,,,,,,,,,,,,,,,,,,,,,,,,,,
2018-08-06,994.8,996.8,2018-08-06T08:16:00,992.1,2018-08-06T17:03:00,28.1,33.8,2018-08-06T11:49:00,24.1,2018-08-06T00:03:00,85,60.0,2018-08-06T10:00:00,0.0,236.0,3.2,213.0,2018-08-06T11:50:00,0.5,,,,,,,,,,,,,,,,,,,,,,97.0,2018-08-07T00:00:00,,,,,,,,,,,,,,,,,,,,,,,,,,,,,,,,,,,,,,,,,,,,,,,,,,,,,,,,,,,,,,,,,,,,,,,,,,
2018-08-07,993.5,995.5,2018-08-07T06:47:00,990.9,2018-08-07T17:22:00,28.7,34.7,2018-08-07T11:29:00,23.9,2018-08-07T05:44:00,80,54.0,2018-08-07T11:29:00,0.1,57.0,3.9,44.0,2018-08-07T12:43:00,0.0,,,,,,,,,,,,,,,,,,,,,,98.0,2018-08-07T05:53:00,,,,,,,,,,,,,,,,,,,,,,,,,,,,,,,,,,,,,,,,,,,,,,,,,,,,,,,,,,,,,,,,,,,,,,,,,,
2018-08-08,994.2,995.3,2018-08-08T22:22:00,993.2,2018-08-08T18:12:00,27.6,34.7,2018-08-08T14:13:00,23.7,2018-08-08T23:49:00,84,51.0,2018-08-08T11:18:00,0.1,317.0,3.0,317.0,2018-08-08T12:52:00,3.5,,,,,,,,,,,,,,,,,,,,,,98.0,2018-08-08T23:54:00,,,,,,,,,,,,,,,,,,,,,,,,,,,,,,,,,,,,,,,,,,,,,,,,,,,,,,,,,,,,,,,,,,,,,,,,,,
2018-08-09,994.6,995.7,2018-08-09T09:55:00,992.9,2018-08-09T18:07:00,27.8,35.2,2018-08-09T13:14:00,22.6,2018-08-09T05:16:00,82,53.0,2018-08-09T14:28:00,0.0,214.0,4.2,235.0,2018-08-09T14:20:00,0.0,,,,,,,,,,,,,,,,,,,,,,98.0,2018-08-09T06:13:00,,,,,,,,,,,,,,,,,,,,,,,,,,,,,,,,,,,,,,,,,,,,,,,,,,,,,,,,,,,,,,,,,,,,,,,,,,
2018-08-10,993.5,995.1,2018-08-10T00:30:00,991.3,2018-08-10T17:40:00,28.4,34.9,2018-08-10T13:36:00,23.7,2018-08-10T05:49:00,79,53.0,2018-08-10T14:24:00,0.1,37.0,3.6,235.0,2018-08-10T14:49:00,0.0,,,,,,,,,,,,,,,,,,,,,,97.0,2018-08-10T05:58:00,,,,,,,,,,,,,,,,,,,,,,,,,,,,,,,,,,,,,,,,,,,,,,,,,,,,,,,,,,,,,,,,,,,,,,,,,,
2018-08-11,990.4,993.2,2018-08-11T00:03:00,988.3,2018-08-11T17:37:00,27.9,33.7,2018-08-11T11:48:00,23.6,2018-08-11T05:40:00,82,56.0,2018-08-11T10:12:00,0.0,68.0,3.4,43.0,2018-08-11T12:09:00,0.0,,,,,,,,,,,,,,,,,,,,,,97.0,2018-08-11T05:30:00,,,,,,,,,,,,,,,,,,,,,,,,,,,,,,,,,,,,,,,,,,,,,,,,,,,,,,,,,,,,,,,,,,,,,,,,,,
2018-08-12,986.9,989.2,2018-08-12T00:04:00,984.4,2018-08-12T16:38:00,27.6,33.3,2018-08-12T13:03:00,24.2,2018-08-12T04:27:00,85,60.0,2018-08-12T14:50:00,0.0,59.0,2.5,32.0,2018-08-12T16:06:00,2.5,,,,,,,,,,,,,,,,,,,,,,97.0,2018-08-12T01:38:00,,,,,,,,,,,,,,,,,,,,,,,,,,,,,,,,,,,,,,,,,,,,,,,,,,,,,,,,,,,,,,,,,,,,,,,,,,
2018-08-13,988.4,990.2,2018-08-13T22:53:00,986.6,2018-08-13T00:05:00,28.0,33.5,2018-08-13T11:50:00,24.4,2018-08-13T03:54:00,83,61.0,2018-08-13T11:43:00,0.1,76.0,3.1,218.0,2018-08-13T18:34:00,0.0,,,,,,,,,,,,,,,,,,,,,,97.0,2018-08-13T04:09:00,,,,,,,,,,,,,,,,,,,,,,,,,,,,,,,,,,,,,,,,,,,,,,,,,,,,,,,,,,,,,,,,,,,,,,,,,,
2018-08-14,989.7,990.6,2018-08-14T22:32:00,988.5,2018-08-14T16:37:00,26.6,32.4,2018-08-14T09:40:00,24.5,2018-08-14T23:43:00,91,61.0,2018-08-14T09:40:00,0.0,0.0,1.7,79.0,2018-08-14T13:26:00,18.0,,,,,,,,,,,,,,,,,,,,,,98.0,2018-08-14T22:59:00,,,,,,,,,,,,,,,,,,,,,,,,,,,,,,,,,,,,,,,,,,,,,,,,,,,,,,,,,,,,,,,,,,,,,,,,,,
2018-08-15,990.8,992.1,2018-08-15T23:13:00,989.5,2018-08-15T01:07:00,26.9,32.4,2018-08-15T12:50:00,23.3,2018-08-15T05:47:00,86,64.0,2018-08-15T13:12:00,0.3,223.0,5.8,199.0,2018-08-15T12:20:00,0.0,,,,,,,,,,,,,,,,,,,,,,99.0,2018-08-15T06:37:00,,,,,,,,,,,,,,,,,,,,,,,,,,,,,,,,,,,,,,,,,,,,,,,,,,,,,,,,,,,,,,,,,,,,,,,,,,
2018-08-16,990.2,992.0,2018-08-16T00:01:00,988.3,2018-08-16T16:16:00,27.8,33.2,2018-08-16T14:40:00,23.1,2018-08-16T05:34:00,81,61.0,2018-08-16T14:53:00,0.4,211.0,5.5,239.0,2018-08-16T12:23:00,0.0,,,,,,,,,,,,,,,,,,,,,,98.0,2018-08-16T05:56:00,,,,,,,,,,,,,,,,,,,,,,,,,,,,,,,,,,,,,,,,,,,,,,,,,,,,,,,,,,,,,,,,,,,,,,,,,,
2018-08-17,989.1,992.0,2018-08-17T22:16:00,987.2,2018-08-17T15:10:00,29.1,35.2,2018-08-17T12:47:00,24.3,2018-08-17T04:06:00,75,49.0,2018-08-17T11:16:00,0.4,42.0,4.5,225.0,2018-08-17T13:00:00,0.0,,,,,,,,,,,,,,,,,,,,,,95.0,2018-08-17T23:59:00,,,,,,,,,,,,,,,,,,,,,,,,,,,,,,,,,,,,,,,,,,,,,,,,,,,,,,,,,,,,,,,,,,,,,,,,,,
2018-08-18,992.1,993.5,2018-08-18T21:21:00,991.0,2018-08-18T04:39:00,26.3,33.1,2018-08-18T10:58:00,24.0,2018-08-18T15:18:00,90,59.0,2018-08-18T11:14:00,0.0,58.0,3.5,101.0,2018-08-18T14:04:00,52.5,,,,,,,,,,,,,,,,,,,,,,99.0,2018-08-18T16:11:00,,,,,,,,,,,,,,,,,,,,,,,,,,,,,,,,,,,,,,,,,,,,,,,,,,,,,,,,,,,,,,,,,,,,,,,,,,
2018-08-19,993.6,995.2,2018-08-19T21:52:00,992.4,2018-08-19T03:02:00,25.7,33.4,2018-08-19T12:05:00,23.1,2018-08-19T04:09:00,93,62.0,2018-08-19T12:06:00,0.0,56.0,2.3,213.0,2018-08-19T13:20:00,97.5,,,,,,,,,,,,,,,,,,,,,,99.0,2018-08-19T23:38:00,,,,,,,,,,,,,,,,,,,,,,,,,,,,,,,,,,,,,,,,,,,,,,,,,,,,,,,,,,,,,,,,,,,,,,,,,,
2018-08-20,992.8,994.6,2018-08-20T00:01:00,991.3,2018-08-20T17:00:00,26.9,33.1,2018-08-20T12:54:00,22.6,2018-08-20T04:58:00,89,60.0,2018-08-20T11:40:00,0.0,56.0,1.8,111.0,2018-08-20T17:19:00,0.5,,,,,,,,,,,,,,,,,,,,,,99.0,2018-08-20T06:56:00,,,,,,,,,,,,,,,,,,,,,,,,,,,,,,,,,,,,,,,,,,,,,,,,,,,,,,,,,,,,,,,,,,,,,,,,,,
2018-08-21,990.3,992.1,2018-08-21T00:01:00,988.6,2018-08-21T16:33:00,27.0,33.1,2018-08-21T10:59:00,24.0,2018-08-21T05:42:00,90,64.0,2018-08-21T10:52:00,0.1,72.0,2.9,356.0,2018-08-21T13:10:00,31.0,,,,,,,,,,,,,,,,,,,,,,99.0,2018-08-21T21:49:00,,,,,,,,,,,,,,,,,,,,,,,,,,,,,,,,,,,,,,,,,,,,,,,,,,,,,,,,,,,,,,,,,,,,,,,,,,
2018-08-22,988.2,990.1,2018-08-22T00:01:00,986.0,2018-08-22T17:30:00,26.9,31.3,2018-08-22T10:11:00,24.9,2018-08-22T01:31:00,95,73.0,2018-08-22T10:14:00,0.0,84.0,2.4,210.0,2018-08-22T09:29:00,23.0,,,,,,,,,,,,,,,,,,,,,,99.0,2018-08-22T07:13:00,,,,,,,,,,,,,,,,,,,,,,,,,,,,,,,,,,,,,,,,,,,,,,,,,,,,,,,,,,,,,,,,,,,,,,,,,,
2018-08-23,984.9,987.1,2018-08-23T21:37:00,981.9,2018-08-23T15:13:00,28.3,35.8,2018-08-23T14:20:00,24.4,2018-08-23T21:19:00,86,55.0,2018-08-23T14:51:00,0.1,22.0,3.0,90.0,2018-08-23T16:00:00,18.5,,,,,,,,,,,,,,,,,,,,,,99.0,2018-08-23T06:13:00,,,,,,,,,,,,,,,,,,,,,,,,,,,,,,,,,,,,,,,,,,,,,,,,,,,,,,,,,,,,,,,,,,,,,,,,,,
2018-08-24,987.1,988.8,2018-08-24T21:43:00,985.7,2018-08-24T02:28:00,25.5,28.5,2018-08-24T15:51:00,24.2,2018-08-24T02:49:00,96,84.0,2018-08-24T16:02:00,0.0,0.0,1.4,44.0,2018-08-24T13:20:00,43.5,,,,,,,,,,,,,,,,,,,,,,99.0,2018-08-24T05:56:00,,,,,,,,,,,,,,,,,,,,,,,,,,,,,,,,,,,,,,,,,,,,,,,,,,,,,,,,,,,,,,,,,,,,,,,,,,
2018-08-25,988.2,989.5,2018-08-25T21:15:00,987.1,2018-08-25T03:32:00,26.1,30.2,2018-08-25T11:09:00,24.4,2018-08-25T23:44:00,94,76.0,2018-08-25T09:04:00,0.1,17.0,2.7,124.0,2018-08-25T16:01:00,-9999.5,,,,,,,,,,,,,,,,,,,,,,99.0,2018-08-25T06:26:00,,,,,,,,,,,,,,,,,,,,,,,,,,,,,,,,,,,,,,,,,,,,,,,,,,,,,,,,,,,,,,,,,,,,,,,,,,
2018-08-26,990.1,992.5,2018-08-26T23:41:00,988.2,2018-08-26T00:52:00,25.5,29.5,2018-08-26T11:23:00,24.0,2018-08-26T01:11:00,96,79.0,2018-08-26T11:32:00,0.0,0.0,1.9,99.0,2018-08-26T20:42:00,-9999.5,,,,,,,,,,,,,,,,,,,,,,99.0,2018-08-26T06:48:00,,,,,,,,,,,,,,,,,,,,,,,,,,,,,,,,,,,,,,,,,,,,,,,,,,,,,,,,,,,,,,,,,,,,,,,,,,
2018-08-27,993.7,996.1,2018-08-27T21:47:00,991.2,2018-08-27T04:04:00,25.5,31.2,2018-08-27T12:14:00,23.6,2018-08-27T23:58:00,94,68.0,2018-08-27T10:44:00,0.0,55.0,2.5,63.0,2018-08-27T19:39:00,0.0,,,,,,,,,,,,,,,,,,,,,,99.0,2018-08-27T06:30:00,,,,,,,,,,,,,,,,,,,,,,,,,,,,,,,,,,,,,,,,,,,,,,,,,,,,,,,,,,,,,,,,,,,,,,,,,,
2018-08-28,996.0,997.6,2018-08-28T20:42:00,994.7,2018-08-28T02:22:00,25.2,30.6,2018-08-28T12:46:00,23.4,2018-08-28T23:59:00,94,67.0,2018-08-28T10:52:00,0.1,53.0,3.7,25.0,2018-08-28T15:40:00,10.0,,,,,,,,,,,,,,,,,,,,,,99.0,2018-08-28T03:23:00,,,,,,,,,,,,,,,,,,,,,,,,,,,,,,,,,,,,,,,,,,,,,,,,,,,,,,,,,,,,,,,,,,,,,,,,,,
2018-08-29,996.9,998.9,2018-08-29T22:39:00,995.3,2018-08-29T14:19:00,24.7,29.2,2018-08-29T14:47:00,23.0,2018-08-29T04:14:00,96,75.0,2018-08-29T14:42:00,0.0,5.0,3.3,194.0,2018-08-29T16:28:00,12.0,,,,,,,,,,,,,,,,,,,,,,99.0,2018-08-29T06:22:00,,,,,,,,,,,,,,,,,,,,,,,,,,,,,,,,,,,,,,,,,,,,,,,,,,,,,,,,,,,,,,,,,,,,,,,,,,
2018-08-30,999.6,1002.4,2018-08-30T22:58:00,997.8,2018-08-30T05:13:00,25.6,30.5,2018-08-30T12:37:00,23.2,2018-08-30T04:59:00,91,67.0,2018-08-30T12:15:00,0.1,14.0,4.0,45.0,2018-08-30T16:42:00,0.0,,,,,,,,,,,,,,,,,,,,,,99.0,2018-08-30T02:15:00,,,,,,,,,,,,,,,,,,,,,,,,,,,,,,,,,,,,,,,,,,,,,,,,,,,,,,,,,,,,,,,,,,,,,,,,,,
2018-08-31,1001.5,1002.4,2018-08-31T21:27:00,1000.2,2018-08-31T15:04:00,26.8,32.7,2018-08-31T11:51:00,23.3,2018-08-31T05:40:00,85,58.0,2018-08-31T11:23:00,0.0,0.0,3.1,206.0,2018-08-31T13:32:00,0.5,,,,,,,,,,,,,,,,,,,,,,99.0,2018-08-31T06:10:00,,,,,,,,,,,,,,,,,,,,,,,,,,,,,,,,,,,,,,,,,,,,,,,,,,,,,,,,,,,,,,,,,,,,,,,,,,
2018-09-01,999.8,1002.1,2018-09-01T00:16:00,997.6,2018-09-01T15:41:00,26.7,32.1,2018-09-01T14:21:00,23.4,2018-09-01T23:57:00,86,64.0,2018-09-01T13:56:00,0.0,214.0,2.5,216.0,2018-09-01T11:54:00,0.0,,,,,,,,,,,,,,,,,,,,,,98.0,2018-09-01T06:11:00,,,,,,,,,,,,,,,,,,,,,,,,,,,,,,,,,,,,,,,,,,,,,,,,,,,,,,,,,,,,,,,,,,,,,,,,,,
2018-09-02,996.9,999.2,2018-09-02T00:08:00,994.9,2018-09-02T16:01:00,27.0,32.5,2018-09-02T12:05:00,22.7,2018-09-02T05:54:00,85,61.0,2018-09-02T14:43:00,0.0,213.0,3.6,221.0,2018-09-02T14:25:00,0.0,,,,,,,,,,,,,,,,,,,,,,98.0,2018-09-02T06:37:00,,,,,,,,,,,,,,,,,,,,,,,,,,,,,,,,,,,,,,,,,,,,,,,,,,,,,,,,,,,,,,,,,,,,,,,,,,
2018-09-03,994.7,996.6,2018-09-03T00:22:00,993.0,2018-09-03T16:44:00,27.2,33.7,2018-09-03T11:45:00,21.9,2018-09-03T05:45:00,81,54.0,2018-09-03T11:12:00,0.2,214.0,5.8,228.0,2018-09-03T13:04:00,0.0,,,,,,,,,,,,,,,,,,,,,,98.0,2018-09-03T06:01:00,,,,,,,,,,,,,,,,,,,,,,,,,,,,,,,,,,,,,,,,,,,,,,,,,,,,,,,,,,,,,,,,,,,,,,,,,,
2018-09-04,993.7,995.3,2018-09-04T22:08:00,991.6,2018-09-04T14:53:00,28.4,35.5,2018-09-04T13:13:00,23.0,2018-09-04T06:04:00,81,50.0,2018-09-04T13:23:00,0.1,171.0,4.2,215.0,2018-09-04T08:52:00,0.0,,,,,,,,,,,,,,,,,,,,,,98.0,2018-09-04T01:40:00,,,,,,,,,,,,,,,,,,,,,,,,,,,,,,,,,,,,,,,,,,,,,,,,,,,,,,,,,,,,,,,,,,,,,,,,,,
2018-09-05,995.2,996.5,2018-09-05T22:37:00,993.8,2018-09-05T17:38:00,27.4,33.4,2018-09-05T10:53:00,25.2,2018-09-05T13:34:00,92,62.0,2018-09-05T10:45:00,0.0,0.0,1.9,137.0,2018-09-05T13:08:00,5.0,,,,,,,,,,,,,,,,,,,,,,98.0,2018-09-05T14:37:00,,,,,,,,,,,,,,,,,,,,,,,,,,,,,,,,,,,,,,,,,,,,,,,,,,,,,,,,,,,,,,,,,,,,,,,,,,
2018-09-06,995.4,996.6,2018-09-06T23:00:00,993.4,2018-09-06T15:47:00,26.9,31.5,2018-09-06T12:19:00,24.5,2018-09-06T23:12:00,91,69.0,2018-09-06T13:06:00,0.0,47.0,2.6,230.0,2018-09-06T15:08:00,6.5,,,,,,,,,,,,,,,,,,,,,,99.0,2018-09-06T23:46:00,,,,,,,,,,,,,,,,,,,,,,,,,,,,,,,,,,,,,,,,,,,,,,,,,,,,,,,,,,,,,,,,,,,,,,,,,,
2018-09-07,996.0,998.0,2018-09-07T23:58:00,994.3,2018-09-07T14:48:00,26.6,32.2,2018-09-07T11:55:00,24.2,2018-09-07T05:55:00,90,67.0,2018-09-07T11:12:00,0.0,211.0,2.9,199.0,2018-09-07T14:18:00,1.0,,,,,,,,,,,,,,,,,,,,,,99.0,2018-09-07T06:49:00,,,,,,,,,,,,,,,,,,,,,,,,,,,,,,,,,,,,,,,,,,,,,,,,,,,,,,,,,,,,,,,,,,,,,,,,,,
2018-09-08,997.7,999.3,2018-09-08T09:47:00,996.4,2018-09-08T03:45:00,25.7,29.2,2018-09-08T11:58:00,23.7,2018-09-08T05:08:00,91,72.0,2018-09-08T12:15:00,0.1,34.0,3.5,322.0,2018-09-08T18:57:00,5.0,,,,,,,,,,,,,,,,,,,,,,98.0,2018-09-08T05:54:00,,,,,,,,,,,,,,,,,,,,,,,,,,,,,,,,,,,,,,,,,,,,,,,,,,,,,,,,,,,,,,,,,,,,,,,,,,
2018-09-09,999.7,1001.6,2018-09-09T23:27:00,997.9,2018-09-09T03:54:00,23.8,25.9,2018-09-09T10:52:00,23.0,2018-09-09T23:12:00,92,78.0,2018-09-09T23:44:00,0.6,39.0,8.0,306.0,2018-09-09T14:14:00,3.5,,,,,,,,,,,,,,,,,,,,,,98.0,2018-09-09T08:07:00,,,,,,,,,,,,,,,,,,,,,,,,,,,,,,,,,,,,,,,,,,,,,,,,,,,,,,,,,,,,,,,,,,,,,,,,,,
2018-09-10,998.2,1001.4,2018-09-10T00:04:00,995.7,2018-09-11T00:00:00,25.5,29.2,2018-09-10T12:33:00,22.2,2018-09-10T05:02:00,81,68.0,2018-09-10T09:56:00,0.8,51.0,10.2,9.0,2018-09-10T10:41:00,0.0,,,,,,,,,,,,,,,,,,,,,,96.0,2018-09-11T00:00:00,,,,,,,,,,,,,,,,,,,,,,,,,,,,,,,,,,,,,,,,,,,,,,,,,,,,,,,,,,,,,,,,,,,,,,,,,,
2018-09-11,997.1,999.2,2018-09-11T21:19:00,994.6,2018-09-11T03:13:00,26.9,33.4,2018-09-11T12:39:00,22.7,2018-09-11T04:48:00,88,60.0,2018-09-11T11:30:00,0.1,69.0,2.7,100.0,2018-09-11T11:11:00,0.0,,,,,,,,,,,,,,,,,,,,,,98.0,2018-09-11T06:15:00,,,,,,,,,,,,,,,,,,,,,,,,,,,,,,,,,,,,,,,,,,,,,,,,,,,,,,,,,,,,,,,,,,,,,,,,,,
2018-09-12,998.6,1000.1,2018-09-12T07:19:00,997.0,2018-09-12T17:19:00,27.3,31.8,2018-09-12T13:33:00,24.3,2018-09-12T05:23:00,88,72.0,2018-09-12T13:36:00,0.1,31.0,2.5,194.0,2018-09-12T12:45:00,0.0,,,,,,,,,,,,,,,,,,,,,,98.0,2018-09-12T05:56:00,,,,,,,,,,,,,,,,,,,,,,,,,,,,,,,,,,,,,,,,,,,,,,,,,,,,,,,,,,,,,,,,,,,,,,,,,,
2018-09-13,998.2,999.6,2018-09-13T10:01:00,997.1,2018-09-13T17:32:00,27.1,31.7,2018-09-13T11:11:00,24.0,2018-09-13T23:56:00,89,69.0,2018-09-13T11:07:00,0.0,223.0,2.6,266.0,2018-09-13T13:25:00,0.0,,,,,,,,,,,,,,,,,,,,,,98.0,2018-09-13T06:17:00,,,,,,,,,,,,,,,,,,,,,,,,,,,,,,,,,,,,,,,,,,,,,,,,,,,,,,,,,,,,,,,,,,,,,,,,,,
2018-09-14,996.0,998.5,2018-09-14T08:52:00,993.3,2018-09-14T15:58:00,28.2,35.6,2018-09-14T13:38:00,22.4,2018-09-14T06:00:00,74,43.0,2018-09-14T13:41:00,0.4,8.0,9.2,22.0,2018-09-14T21:38:00,0.0,,,,,,,,,,,,,,,,,,,,,,99.0,2018-09-14T06:25:00,,,,,,,,,,,,,,,,,,,,,,,,,,,,,,,,,,,,,,,,,,,,,,,,,,,,,,,,,,,,,,,,,,,,,,,,,,
2018-09-15,990.7,994.3,2018-09-15T00:02:00,987.7,2018-09-15T15:40:00,28.9,32.0,2018-09-15T21:26:00,25.4,2018-09-16T00:00:00,66,49.0,2018-09-15T21:25:00,1.2,49.0,12.5,18.0,2018-09-15T11:06:00,0.0,,,,,,,,,,,,,,,,,,,,,,82.0,2018-09-15T05:54:00,,,,,,,,,,,,,,,,,,,,,,,,,,,,,,,,,,,,,,,,,,,,,,,,,,,,,,,,,,,,,,,,,,,,,,,,,,
2018-09-16,996.1,1000.8,2018-09-16T23:43:00,989.6,2018-09-16T00:34:00,27.0,32.8,2018-09-16T10:50:00,23.2,2018-09-16T05:29:00,84,58.0,2018-09-16T10:48:00,0.0,0.0,1.2,166.0,2018-09-16T11:32:00,0.0,,,,,,,,,,,,,,,,,,,,,,94.0,2018-09-16T22:05:00,,,,,,,,,,,,,,,,,,,,,,,,,,,,,,,,,,,,,,,,,,,,,,,,,,,,,,,,,,,,,,,,,,,,,,,,,,
2018-09-17,1001.8,1005.2,2018-09-17T23:50:00,999.7,2018-09-17T14:39:00,29.2,35.8,2018-09-17T12:42:00,23.8,2018-09-17T05:47:00,80,48.0,2018-09-17T12:12:00,0.0,43.0,3.8,33.0,2018-09-17T12:01:00,0.0,,,,,,,,,,,,,,,,,,,,,,98.0,2018-09-17T06:17:00,,,,,,,,,,,,,,,,,,,,,,,,,,,,,,,,,,,,,,,,,,,,,,,,,,,,,,,,,,,,,,,,,,,,,,,,,,
2018-09-18,1003.0,1005.2,2018-09-18T00:12:00,1000.4,2018-09-18T16:58:00,27.5,32.6,2018-09-18T11:09:00,25.0,2018-09-19T00:00:00,89,69.0,2018-09-18T11:09:00,0.0,44.0,2.0,201.0,2018-09-18T11:29:00,0.0,,,,,,,,,,,,,,,,,,,,,,98.0,2018-09-18T23:55:00,,,,,,,,,,,,,,,,,,,,,,,,,,,,,,,,,,,,,,,,,,,,,,,,,,,,,,,,,,,,,,,,,,,,,,,,,,
2018-09-19,1001.3,1003.0,2018-09-19T08:07:00,999.8,2018-09-19T16:10:00,26.4,30.8,2018-09-19T11:04:00,22.9,2018-09-19T05:49:00,90,73.0,2018-09-19T13:25:00,0.1,38.0,2.6,253.0,2018-09-19T12:41:00,0.0,,,,,,,,,,,,,,,,,,,,,,98.0,2018-09-19T06:28:00,,,,,,,,,,,,,,,,,,,,,,,,,,,,,,,,,,,,,,,,,,,,,,,,,,,,,,,,,,,,,,,,,,,,,,,,,,
2018-09-20,999.9,1001.0,2018-09-20T08:28:00,998.5,2018-09-20T15:11:00,26.4,32.2,2018-09-20T11:25:00,22.4,2018-09-20T05:56:00,88,68.0,2018-09-20T11:15:00,0.1,193.0,5.0,227.0,2018-09-20T11:58:00,0.0,,,,,,,,,,,,,,,,,,,,,,98.0,2018-09-20T06:42:00,,,,,,,,,,,,,,,,,,,,,,,,,,,,,,,,,,,,,,,,,,,,,,,,,,,,,,,,,,,,,,,,,,,,,,,,,,
2018-09-21,1001.2,1004.2,2018-09-22T00:00:00,999.3,2018-09-21T15:48:00,27.2,32.5,2018-09-21T10:31:00,23.4,2018-09-21T02:30:00,85,58.0,2018-09-21T10:36:00,0.1,47.0,3.9,217.0,2018-09-21T12:28:00,0.0,,,,,,,,,,,,,,,,,,,,,,98.0,2018-09-21T03:00:00,,,,,,,,,,,,,,,,,,,,,,,,,,,,,,,,,,,,,,,,,,,,,,,,,,,,,,,,,,,,,,,,,,,,,,,,,,
2018-09-22,1003.3,1004.4,2018-09-22T08:50:00,1002.0,2018-09-22T14:53:00,27.0,33.0,2018-09-22T12:14:00,22.5,2018-09-22T05:58:00,83,57.0,2018-09-22T10:36:00,0.0,66.0,2.3,205.0,2018-09-22T12:51:00,0.0,,,,,,,,,,,,,,,,,,,,,,98.0,2018-09-22T06:08:00,,,,,,,,,,,,,,,,,,,,,,,,,,,,,,,,,,,,,,,,,,,,,,,,,,,,,,,,,,,,,,,,,,,,,,,,,,
2018-09-23,1002.1,1003.9,2018-09-23T00:01:00,999.8,2018-09-23T14:26:00,26.5,33.3,2018-09-23T12:41:00,22.6,2018-09-23T05:48:00,87,62.0,2018-09-23T12:10:00,0.1,37.0,3.5,326.0,2018-09-23T14:54:00,0.0,,,,,,,,,,,,,,,,,,,,,,98.0,2018-09-23T06:31:00,,,,,,,,,,,,,,,,,,,,,,,,,,,,,,,,,,,,,,,,,,,,,,,,,,,,,,,,,,,,,,,,,,,,,,,,,,
2018-09-24,999.3,1002.1,2018-09-24T00:07:00,997.7,2018-09-24T15:54:00,26.7,30.8,2018-09-24T11:13:00,24.2,2018-09-24T23:40:00,77,63.0,2018-09-24T11:02:00,0.8,59.0,7.5,38.0,2018-09-24T20:59:00,0.0,,,,,,,,,,,,,,,,,,,,,,95.0,2018-09-24T00:01:00,,,,,,,,,,,,,,,,,,,,,,,,,,,,,,,,,,,,,,,,,,,,,,,,,,,,,,,,,,,,,,,,,,,,,,,,,,
2018-09-25,997.2,999.8,2018-09-25T21:44:00,995.0,2018-09-25T14:15:00,26.6,30.8,2018-09-25T12:32:00,23.0,2018-09-25T21:59:00,71,49.0,2018-09-25T15:26:00,1.1,60.0,8.7,50.0,2018-09-25T16:20:00,1.5,,,,,,,,,,,,,,,,,,,,,,94.0,2018-09-25T21:58:00,,,,,,,,,,,,,,,,,,,,,,,,,,,,,,,,,,,,,,,,,,,,,,,,,,,,,,,,,,,,,,,,,,,,,,,,,,
2018-09-26,998.0,999.3,2018-09-26T09:37:00,996.5,2018-09-26T14:26:00,24.2,28.0,2018-09-26T12:12:00,22.1,2018-09-26T04:25:00,85,70.0,2018-09-26T12:53:00,0.8,41.0,6.3,26.0,2018-09-26T12:57:00,3.0,,,,,,,,,,,,,,,,,,,,,,95.0,2018-09-26T02:48:00,,,,,,,,,,,,,,,,,,,,,,,,,,,,,,,,,,,,,,,,,,,,,,,,,,,,,,,,,,,,,,,,,,,,,,,,,,
2018-09-27,997.8,999.1,2018-09-27T21:13:00,996.1,2018-09-27T14:29:00,24.5,29.2,2018-09-27T13:26:00,22.6,2018-09-27T06:13:00,87,63.0,2018-09-27T13:02:00,0.6,62.0,8.6,22.0,2018-09-27T14:05:00,25.5,,,,,,,,,,,,,,,,,,,,,,98.0,2018-09-27T21:23:00,,,,,,,,,,,,,,,,,,,,,,,,,,,,,,,,,,,,,,,,,,,,,,,,,,,,,,,,,,,,,,,,,,,,,,,,,,
2018-09-28,997.5,998.6,2018-09-28T00:01:00,995.9,2018-09-28T14:48:00,23.2,24.3,2018-09-28T07:49:00,21.5,2018-09-28T23:59:00,94,87.0,2018-09-28T07:44:00,0.4,83.0,4.3,68.0,2018-09-28T00:56:00,14.0,,,,,,,,,,,,,,,,,,,,,,97.0,2018-09-28T23:32:00,,,,,,,,,,,,,,,,,,,,,,,,,,,,,,,,,,,,,,,,,,,,,,,,,,,,,,,,,,,,,,,,,,,,,,,,,,
2018-09-29,996.8,998.3,2018-09-29T23:34:00,995.0,2018-09-29T13:42:00,22.7,26.7,2018-09-29T13:38:00,20.3,2018-09-29T06:36:00,77,49.0,2018-09-29T18:23:00,0.6,69.0,7.3,15.0,2018-09-29T14:13:00,6.0,,,,,,,,,,,,,,,,,,,,,,97.0,2018-09-29T01:38:00,,,,,,,,,,,,,,,,,,,,,,,,,,,,,,,,,,,,,,,,,,,,,,,,,,,,,,,,,,,,,,,,,,,,,,,,,,
2018-09-30,999.6,1001.6,2018-09-30T21:29:00,997.7,2018-09-30T03:19:00,23.5,29.1,2018-09-30T12:02:00,19.2,2018-09-30T23:31:00,65,47.0,2018-09-30T13:20:00,0.6,60.0,6.0,29.0,2018-09-30T12:34:00,0.0,,,,,,,,,,,,,,,,,,,,,,81.0,2018-09-30T05:47:00,,,,,,,,,,,,,,,,,,,,,,,,,,,,,,,,,,,,,,,,,,,,,,,,,,,,,,,,,,,,,,,,,,,,,,,,,,
2018-10-01,1002.0,1004.0,2018-10-01T22:13:00,1000.4,2018-10-01T14:34:00,22.8,31.0,2018-10-01T13:03:00,15.5,2018-10-01T02:50:00,66,30.0,2018-10-01T11:44:00,0.4,57.0,6.2,29.0,2018-10-01T11:52:00,0.0,,,,,,,,,,,,,,,,,,,,,,97.0,2018-10-01T06:05:00,,,,,,,,,,,,,,,,,,,,,,,,,,,,,,,,,,,,,,,,,,,,,,,,,,,,,,,,,,,,,,,,,,,,,,,,,,
2018-10-02,1003.8,1005.3,2018-10-02T09:47:00,1002.1,2018-10-02T13:50:00,22.9,28.8,2018-10-02T12:16:00,16.9,2018-10-02T23:41:00,64,45.0,2018-10-02T13:18:00,0.7,67.0,8.7,111.0,2018-10-02T08:51:00,0.0,,,,,,,,,,,,,,,,,,,,,,89.0,2018-10-02T23:26:00,,,,,,,,,,,,,,,,,,,,,,,,,,,,,,,,,,,,,,,,,,,,,,,,,,,,,,,,,,,,,,,,,,,,,,,,,,
2018-10-03,1003.1,1004.7,2018-10-03T07:53:00,1000.8,2018-10-03T14:55:00,23.2,28.2,2018-10-03T11:49:00,16.1,2018-10-03T04:23:00,64,46.0,2018-10-03T08:31:00,1.0,52.0,9.0,109.0,2018-10-03T11:06:00,0.0,,,,,,,,,,,,,,,,,,,,,,91.0,2018-10-03T04:27:00,,,,,,,,,,,,,,,,,,,,,,,,,,,,,,,,,,,,,,,,,,,,,,,,,,,,,,,,,,,,,,,,,,,,,,,,,,
2018-10-04,1001.7,1003.8,2018-10-04T07:25:00,999.8,2018-10-04T23:58:00,20.7,22.4,2018-10-04T01:44:00,19.1,2018-10-04T21:21:00,88,70.0,2018-10-04T04:37:00,0.5,46.0,4.6,82.0,2018-10-04T05:49:00,20.5,,,,,,,,,,,,,,,,,,,,,,98.0,2018-10-04T16:52:00,,,,,,,,,,,,,,,,,,,,,,,,,,,,,,,,,,,,,,,,,,,,,,,,,,,,,,,,,,,,,,,,,,,,,,,,,,
2018-10-05,999.0,1001.0,2018-10-05T23:37:00,997.2,2018-10-05T14:00:00,22.9,29.5,2018-10-05T12:51:00,19.3,2018-10-05T00:42:00,81,54.0,2018-10-05T11:47:00,0.2,16.0,3.7,5.0,2018-10-05T10:33:00,0.0,,,,,,,,,,,,,,,,,,,,,,98.0,2018-10-05T23:47:00,,,,,,,,,,,,,,,,,,,,,,,,,,,,,,,,,,,,,,,,,,,,,,,,,,,,,,,,,,,,,,,,,,,,,,,,,,
2018-10-06,1002.1,1003.7,2018-10-06T21:51:00,1000.3,2018-10-06T02:36:00,23.9,30.5,2018-10-06T14:14:00,19.0,2018-10-06T06:13:00,81,54.0,2018-10-06T12:32:00,0.2,37.0,4.1,56.0,2018-10-06T14:17:00,0.0,,,,,,,,,,,,,,,,,,,,,,98.0,2018-10-06T06:57:00,,,,,,,,,,,,,,,,,,,,,,,,,,,,,,,,,,,,,,,,,,,,,,,,,,,,,,,,,,,,,,,,,,,,,,,,,,
2018-10-07,1003.6,1005.2,2018-10-07T09:55:00,1002.1,2018-10-07T15:15:00,23.3,27.7,2018-10-07T11:06:00,19.5,2018-10-07T03:25:00,82,63.0,2018-10-07T10:42:00,0.4,10.0,5.3,28.0,2018-10-07T12:01:00,0.0,,,,,,,,,,,,,,,,,,,,,,98.0,2018-10-07T03:47:00,,,,,,,,,,,,,,,,,,,,,,,,,,,,,,,,,,,,,,,,,,,,,,,,,,,,,,,,,,,,,,,,,,,,,,,,,,
2018-10-08,1002.9,1004.6,2018-10-08T08:37:00,1001.3,2018-10-08T15:34:00,24.0,27.4,2018-10-08T14:15:00,20.7,2018-10-08T05:51:00,85,70.0,2018-10-08T14:15:00,0.4,58.0,4.9,59.0,2018-10-08T13:29:00,0.0,,,,,,,,,,,,,,,,,,,,,,97.0,2018-10-08T06:44:00,,,,,,,,,,,,,,,,,,,,,,,,,,,,,,,,,,,,,,,,,,,,,,,,,,,,,,,,,,,,,,,,,,,,,,,,,,
2018-10-09,1002.1,1003.0,2018-10-09T21:24:00,1000.7,2018-10-09T16:59:00,24.0,26.0,2018-10-09T17:02:00,21.7,2018-10-09T23:58:00,87,80.0,2018-10-09T17:00:00,0.1,54.0,-99.7,-999.7,,0.0,,,,,,,,,,,,,,,,,,,,,,97.0,2018-10-10T00:00:00,,,,,,,,,,,,,,,,,,,,,,,,,,,,,,,,,,,,,,,,,,,,,,,,,,,,,,,,,,,,,,,,,,,,,,,,,,
2018-10-10,1003.1,1005.8,2018-10-10T23:52:00,1000.7,2018-10-10T15:07:00,24.2,28.5,2018-10-10T12:02:00,21.7,2018-10-10T00:07:00,78,59.0,2018-10-10T12:38:00,0.6,39.0,6.5,23.0,2018-10-10T11:26:00,0.0,,,,,,,,,,,,,,,,,,,,,,97.0,2018-10-10T03:01:00,,,,,,,,,,,,,,,,,,,,,,,,,,,,,,,,,,,,,,,,,,,,,,,,,,,,,,,,,,,,,,,,,,,,,,,,,,
2018-10-11,1006.5,1007.9,2018-10-11T09:22:00,1004.9,2018-10-11T04:10:00,21.4,23.4,2018-10-11T12:01:00,20.3,2018-10-11T19:29:00,83,73.0,2018-10-11T12:01:00,1.0,46.0,8.5,37.0,2018-10-11T20:07:00,0.0,,,,,,,,,,,,,,,,,,,,,,90.0,2018-10-11T05:22:00,,,,,,,,,,,,,,,,,,,,,,,,,,,,,,,,,,,,,,,,,,,,,,,,,,,,,,,,,,,,,,,,,,,,,,,,,,
2018-10-12,1007.4,1008.5,2018-10-12T07:29:00,1006.2,2018-10-12T15:42:00,19.9,22.4,2018-10-12T10:22:00,18.2,2018-10-12T05:22:00,86,76.0,2018-10-12T10:23:00,0.6,44.0,5.9,329.0,2018-10-12T09:14:00,13.5,,,,,,,,,,,,,,,,,,,,,,96.0,2018-10-12T05:21:00,,,,,,,,,,,,,,,,,,,,,,,,,,,,,,,,,,,,,,,,,,,,,,,,,,,,,,,,,,,,,,,,,,,,,,,,,,
2018-10-13,1005.8,1008.1,2018-10-13T09:20:00,1003.8,2018-10-13T15:00:00,21.7,27.9,2018-10-13T14:01:00,18.0,2018-10-13T03:57:00,86,65.0,2018-10-13T13:13:00,0.2,1.0,3.8,40.0,2018-10-13T09:32:00,1.0,,,,,,,,,,,,,,,,,,,,,,98.0,2018-10-13T06:07:00,,,,,,,,,,,,,,,,,,,,,,,,,,,,,,,,,,,,,,,,,,,,,,,,,,,,,,,,,,,,,,,,,,,,,,,,,,
2018-10-14,1003.9,1005.3,2018-10-14T07:32:00,1002.2,2018-10-14T14:54:00,24.2,30.9,2018-10-14T13:45:00,19.3,2018-10-14T05:47:00,82,53.0,2018-10-14T14:40:00,0.1,18.0,2.7,108.0,2018-10-14T21:58:00,0.0,,,,,,,,,,,,,,,,,,,,,,98.0,2018-10-14T06:19:00,,,,,,,,,,,,,,,,,,,,,,,,,,,,,,,,,,,,,,,,,,,,,,,,,,,,,,,,,,,,,,,,,,,,,,,,,,
2018-10-15,1003.0,1005.0,2018-10-15T08:23:00,1001.0,2018-10-15T14:52:00,24.4,29.0,2018-10-15T11:55:00,21.8,2018-10-15T23:49:00,84,63.0,2018-10-15T11:57:00,0.3,40.0,4.5,30.0,2018-10-15T11:56:00,0.0,,,,,,,,,,,,,,,,,,,,,,97.0,2018-10-15T23:54:00,,,,,,,,,,,,,,,,,,,,,,,,,,,,,,,,,,,,,,,,,,,,,,,,,,,,,,,,,,,,,,,,,,,,,,,,,,
2018-10-16,1002.1,1003.5,2018-10-16T09:03:00,1000.2,2018-10-16T14:03:00,23.5,27.9,2018-10-16T12:50:00,21.4,2018-10-16T21:44:00,89,72.0,2018-10-16T12:06:00,0.2,56.0,3.6,13.0,2018-10-16T23:52:00,0.0,,,,,,,,,,,,,,,,,,,,,,97.0,2018-10-16T00:35:00,,,,,,,,,,,,,,,,,,,,,,,,,,,,,,,,,,,,,,,,,,,,,,,,,,,,,,,,,,,,,,,,,,,,,,,,,,
2018-10-17,1002.3,1003.9,2018-10-17T20:58:00,1000.8,2018-10-17T12:52:00,20.9,23.6,2018-10-17T12:59:00,20.0,2018-10-17T07:44:00,90,80.0,2018-10-17T12:55:00,0.5,26.0,4.1,47.0,2018-10-17T02:31:00,4.5,,,,,,,,,,,,,,,,,,,,,,97.0,2018-10-17T07:52:00,,,,,,,,,,,,,,,,,,,,,,,,,,,,,,,,,,,,,,,,,,,,,,,,,,,,,,,,,,,,,,,,,,,,,,,,,,
2018-10-18,1003.6,1005.0,2018-10-18T23:52:00,1002.3,2018-10-18T15:02:00,23.0,27.1,2018-10-18T13:44:00,20.2,2018-10-18T00:53:00,72,57.0,2018-10-18T13:30:00,0.6,39.0,5.9,99.0,2018-10-18T14:41:00,0.0,,,,,,,,,,,,,,,,,,,,,,90.0,2018-10-18T01:18:00,,,,,,,,,,,,,,,,,,,,,,,,,,,,,,,,,,,,,,,,,,,,,,,,,,,,,,,,,,,,,,,,,,,,,,,,,,
2018-10-19,1006.8,1008.6,2018-10-19T21:14:00,1004.0,2018-10-19T02:34:00,21.0,24.9,2018-10-19T10:59:00,18.7,2018-10-19T23:46:00,80,68.0,2018-10-19T00:52:00,0.5,56.0,6.0,113.0,2018-10-19T16:01:00,2.5,,,,,,,,,,,,,,,,,,,,,,95.0,2018-10-19T05:39:00,,,,,,,,,,,,,,,,,,,,,,,,,,,,,,,,,,,,,,,,,,,,,,,,,,,,,,,,,,,,,,,,,,,,,,,,,,
2018-10-20,1007.9,1009.8,2018-10-20T08:43:00,1006.1,2018-10-20T14:38:00,21.1,26.9,2018-10-20T13:50:00,16.9,2018-10-20T04:10:00,81,61.0,2018-10-20T14:43:00,0.3,26.0,4.5,19.0,2018-10-20T16:02:00,0.0,,,,,,,,,,,,,,,,,,,,,,98.0,2018-10-20T04:31:00,,,,,,,,,,,,,,,,,,,,,,,,,,,,,,,,,,,,,,,,,,,,,,,,,,,,,,,,,,,,,,,,,,,,,,,,,,
2018-10-21,1006.3,1008.1,2018-10-21T09:06:00,1004.4,2018-10-21T13:51:00,21.2,29.5,2018-10-21T13:22:00,15.8,2018-10-21T05:54:00,84,51.0,2018-10-21T13:23:00,0.1,20.0,2.7,313.0,2018-10-21T15:15:00,0.0,,,,,,,,,,,,,,,,,,,,,,98.0,2018-10-21T06:53:00,,,,,,,,,,,,,,,,,,,,,,,,,,,,,,,,,,,,,,,,,,,,,,,,,,,,,,,,,,,,,,,,,,,,,,,,,,
2018-10-22,1004.8,1006.5,2018-10-22T09:19:00,1002.3,2018-10-22T14:32:00,21.9,28.7,2018-10-22T14:09:00,17.9,2018-10-22T02:30:00,89,64.0,2018-10-22T11:08:00,0.1,199.0,2.9,258.0,2018-10-22T14:51:00,1.0,,,,,,,,,,,,,,,,,,,,,,98.0,2018-10-23T00:00:00,,,,,,,,,,,,,,,,,,,,,,,,,,,,,,,,,,,,,,,,,,,,,,,,,,,,,,,,,,,,,,,,,,,,,,,,,,
2018-10-23,1006.1,1007.7,2018-10-23T10:08:00,1004.7,2018-10-23T15:19:00,22.0,26.0,2018-10-23T12:04:00,19.2,2018-10-23T01:43:00,90,73.0,2018-10-23T13:58:00,0.3,65.0,4.0,23.0,2018-10-23T11:16:00,0.0,,,,,,,,,,,,,,,,,,,,,,98.0,2018-10-23T02:49:00,,,,,,,,,,,,,,,,,,,,,,,,,,,,,,,,,,,,,,,,,,,,,,,,,,,,,,,,,,,,,,,,,,,,,,,,,,
2018-10-24,1005.7,1007.3,2018-10-24T08:31:00,1004.1,2018-10-24T14:14:00,22.5,28.0,2018-10-24T14:23:00,18.3,2018-10-24T06:08:00,83,60.0,2018-10-24T12:28:00,0.2,60.0,4.2,50.0,2018-10-24T14:48:00,0.0,,,,,,,,,,,,,,,,,,,,,,98.0,2018-10-24T06:51:00,,,,,,,,,,,,,,,,,,,,,,,,,,,,,,,,,,,,,,,,,,,,,,,,,,,,,,,,,,,,,,,,,,,,,,,,,,
2018-10-25,1005.3,1007.0,2018-10-25T09:40:00,1004.1,2018-10-25T16:03:00,22.5,29.0,2018-10-25T12:36:00,17.8,2018-10-25T06:06:00,87,61.0,2018-10-25T11:45:00,0.0,193.0,2.6,164.0,2018-10-25T11:18:00,0.0,,,,,,,,,,,,,,,,,,,,,,98.0,2018-10-25T06:46:00,,,,,,,,,,,,,,,,,,,,,,,,,,,,,,,,,,,,,,,,,,,,,,,,,,,,,,,,,,,,,,,,,,,,,,,,,,
2018-10-26,1005.2,1006.9,2018-10-26T09:39:00,1003.4,2018-10-26T15:38:00,23.3,30.3,2018-10-26T12:01:00,18.1,2018-10-26T06:15:00,83,56.0,2018-10-26T14:34:00,0.2,37.0,4.1,206.0,2018-10-26T12:58:00,0.0,,,,,,,,,,,,,,,,,,,,,,98.0,2018-10-26T07:10:00,,,,,,,,,,,,,,,,,,,,,,,,,,,,,,,,,,,,,,,,,,,,,,,,,,,,,,,,,,,,,,,,,,,,,,,,,,
2018-10-27,1007.5,1009.5,2018-10-27T09:22:00,1005.6,2018-10-27T01:35:00,21.5,25.3,2018-10-27T12:52:00,16.7,2018-10-27T23:48:00,60,42.0,2018-10-27T13:07:00,1.2,58.0,8.6,40.0,2018-10-27T10:15:00,0.0,,,,,,,,,,,,,,,,,,,,,,76.0,2018-10-27T00:10:00,,,,,,,,,,,,,,,,,,,,,,,,,,,,,,,,,,,,,,,,,,,,,,,,,,,,,,,,,,,,,,,,,,,,,,,,,,
2018-10-28,1005.4,1007.6,2018-10-28T08:39:00,1003.2,2018-10-28T15:07:00,19.6,25.2,2018-10-28T13:49:00,15.6,2018-10-28T23:53:00,50,35.0,2018-10-28T14:32:00,0.9,67.0,7.5,42.0,2018-10-28T11:04:00,0.0,,,,,,,,,,,,,,,,,,,,,,68.0,2018-10-28T20:15:00,,,,,,,,,,,,,,,,,,,,,,,,,,,,,,,,,,,,,,,,,,,,,,,,,,,,,,,,,,,,,,,,,,,,,,,,,,
2018-10-29,1002.4,1004.0,2018-10-29T00:01:00,1000.4,2018-10-29T13:58:00,20.4,26.7,2018-10-29T12:52:00,14.9,2018-10-29T21:47:00,47,25.0,2018-10-29T05:18:00,0.8,50.0,7.5,359.0,2018-10-29T12:50:00,0.0,,,,,,,,,,,,,,,,,,,,,,79.0,2018-10-29T21:53:00,,,,,,,,,,,,,,,,,,,,,,,,,,,,,,,,,,,,,,,,,,,,,,,,,,,,,,,,,,,,,,,,,,,,,,,,,,
2018-10-30,1001.4,1003.1,2018-10-30T22:00:00,1000.1,2018-10-30T14:20:00,20.4,27.5,2018-10-30T13:09:00,11.5,2018-10-30T06:00:00,73,50.0,2018-10-30T13:10:00,0.6,64.0,6.5,95.0,2018-10-30T22:44:00,0.0,,,,,,,,,,,,,,,,,,,,,,95.0,2018-10-30T06:03:00,,,,,,,,,,,,,,,,,,,,,,,,,,,,,,,,,,,,,,,,,,,,,,,,,,,,,,,,,,,,,,,,,,,,,,,,,,
2018-10-31,1003.5,1006.9,2018-10-31T17:18:00,1001.7,2018-10-31T00:55:00,20.9,23.9,2018-10-31T08:29:00,18.5,2018-10-31T17:41:00,78,64.0,2018-10-31T23:43:00,0.9,56.0,8.3,348.0,2018-10-31T19:47:00,0.5,,,,,,,,,,,,,,,,,,,,,,90.0,2018-10-31T02:05:00,,,,,,,,,,,,,,,,,,,,,,,,,,,,,,,,,,,,,,,,,,,,,,,,,,,,,,,,,,,,,,,,,,,,,,,,,,
2018-11-01,1003.7,1005.7,2018-11-01T06:54:00,1002.6,2018-11-01T22:27:00,20.0,21.9,2018-11-01T12:32:00,17.9,2018-11-01T04:40:00,80,66.0,2018-11-01T00:01:00,0.9,48.0,7.0,66.0,2018-11-01T20:39:00,4.5,,,,,,,,,,,,,,,,,,,,,,97.0,2018-11-01T04:44:00,,,,,,,,,,,,,,,,,,,,,,,,,,,,,,,,,,,,,,,,,,,,,,,,,,,,,,,,,,,,,,,,,,,,,,,,,,
2018-11-02,1003.1,1004.9,2018-11-02T20:37:00,1000.5,2018-11-02T04:40:00,22.6,27.6,2018-11-02T12:09:00,20.2,2018-11-02T23:29:00,84,65.0,2018-11-02T12:12:00,0.7,51.0,7.5,67.0,2018-11-02T05:27:00,1.0,,,,,,,,,,,,,,,,,,,,,,98.0,2018-11-02T23:39:00,,,,,,,,,,,,,,,,,,,,,,,,,,,,,,,,,,,,,,,,,,,,,,,,,,,,,,,,,,,,,,,,,,,,,,,,,,
2018-11-03,1005.3,1006.5,2018-11-03T22:31:00,1003.8,2018-11-03T04:20:00,22.4,26.5,2018-11-03T10:31:00,20.1,2018-11-03T06:17:00,93,79.0,2018-11-03T10:30:00,0.2,38.0,3.1,30.0,2018-11-03T15:42:00,0.0,,,,,,,,,,,,,,,,,,,,,,98.0,2018-11-03T06:57:00,,,,,,,,,,,,,,,,,,,,,,,,,,,,,,,,,,,,,,,,,,,,,,,,,,,,,,,,,,,,,,,,,,,,,,,,,,
2018-11-04,1005.4,1007.1,2018-11-04T09:00:00,1003.6,2018-11-04T15:48:00,23.5,28.6,2018-11-04T13:16:00,19.1,2018-11-04T23:57:00,85,64.0,2018-11-04T13:49:00,0.3,17.0,4.5,97.0,2018-11-04T15:27:00,0.0,,,,,,,,,,,,,,,,,,,,,,97.0,2018-11-04T23:09:00,,,,,,,,,,,,,,,,,,,,,,,,,,,,,,,,,,,,,,,,,,,,,,,,,,,,,,,,,,,,,,,,,,,,,,,,,,
2018-11-05,1005.5,1007.1,2018-11-05T09:00:00,1004.1,2018-11-05T14:33:00,22.6,28.8,2018-11-05T11:47:00,18.6,2018-11-05T04:19:00,87,64.0,2018-11-05T11:45:00,0.1,22.0,3.5,67.0,2018-11-05T15:04:00,0.0,,,,,,,,,,,,,,,,,,,,,,98.0,2018-11-05T05:45:00,,,,,,,,,,,,,,,,,,,,,,,,,,,,,,,,,,,,,,,,,,,,,,,,,,,,,,,,,,,,,,,,,,,,,,,,,,
2018-11-06,1006.0,1007.7,2018-11-06T09:07:00,1004.6,2018-11-06T15:11:00,22.7,30.1,2018-11-06T12:46:00,17.8,2018-11-06T06:21:00,88,62.0,2018-11-06T11:01:00,0.1,208.0,2.7,33.0,2018-11-06T11:54:00,0.0,,,,,,,,,,,,,,,,,,,,,,98.0,2018-11-06T07:01:00,,,,,,,,,,,,,,,,,,,,,,,,,,,,,,,,,,,,,,,,,,,,,,,,,,,,,,,,,,,,,,,,,,,,,,,,,,
2018-11-07,1006.2,1008.5,2018-11-07T08:41:00,1004.7,2018-11-07T16:25:00,23.0,30.1,2018-11-07T13:00:00,18.0,2018-11-07T06:12:00,88,62.0,2018-11-07T13:02:00,0.1,201.0,3.8,256.0,2018-11-07T14:01:00,0.0,,,,,,,,,,,,,,,,,,,,,,98.0,2018-11-07T07:05:00,,,,,,,,,,,,,,,,,,,,,,,,,,,,,,,,,,,,,,,,,,,,,,,,,,,,,,,,,,,,,,,,,,,,,,,,,,
2018-11-08,1005.7,1007.2,2018-11-08T09:11:00,1004.4,2018-11-08T15:39:00,22.7,29.5,2018-11-08T13:31:00,18.4,2018-11-08T23:54:00,88,65.0,2018-11-08T13:47:00,0.1,194.0,2.3,184.0,2018-11-08T11:40:00,0.0,,,,,,,,,,,,,,,,,,,,,,97.0,2018-11-09T00:00:00,,,,,,,,,,,,,,,,,,,,,,,,,,,,,,,,,,,,,,,,,,,,,,,,,,,,,,,,,,,,,,,,,,,,,,,,,,
2018-11-09,1006.4,1007.7,2018-11-09T09:03:00,1004.8,2018-11-09T14:52:00,22.7,28.6,2018-11-09T12:24:00,18.4,2018-11-09T00:19:00,83,63.0,2018-11-09T12:24:00,0.4,62.0,4.1,23.0,2018-11-09T14:33:00,0.0,,,,,,,,,,,,,,,,,,,,,,97.0,2018-11-09T00:31:00,,,,,,,,,,,,,,,,,,,,,,,,,,,,,,,,,,,,,,,,,,,,,,,,,,,,,,,,,,,,,,,,,,,,,,,,,,
2018-11-10,1006.5,1008.5,2018-11-10T09:29:00,1004.6,2018-11-10T15:17:00,22.9,28.4,2018-11-10T14:14:00,19.3,2018-11-10T23:58:00,86,64.0,2018-11-10T14:23:00,0.1,27.0,2.8,197.0,2018-11-10T12:01:00,0.0,,,,,,,,,,,,,,,,,,,,,,97.0,2018-11-10T23:57:00,,,,,,,,,,,,,,,,,,,,,,,,,,,,,,,,,,,,,,,,,,,,,,,,,,,,,,,,,,,,,,,,,,,,,,,,,,
2018-11-11,1005.9,1007.9,2018-11-11T09:21:00,1004.1,2018-11-11T16:53:00,21.6,27.2,2018-11-11T14:36:00,17.9,2018-11-11T05:41:00,90,71.0,2018-11-11T11:18:00,0.1,51.0,2.8,44.0,2018-11-11T15:02:00,0.0,,,,,,,,,,,,,,,,,,,,,,98.0,2018-11-11T03:20:00,,,,,,,,,,,,,,,,,,,,,,,,,,,,,,,,,,,,,,,,,,,,,,,,,,,,,,,,,,,,,,,,,,,,,,,,,,
2018-11-12,1003.8,1006.7,2018-11-12T07:45:00,1001.5,2018-11-12T14:22:00,22.1,26.3,2018-11-12T12:23:00,18.2,2018-11-12T02:50:00,86,69.0,2018-11-12T15:07:00,0.2,47.0,2.9,12.0,2018-11-12T16:18:00,0.0,,,,,,,,,,,,,,,,,,,,,,97.0,2018-11-12T02:53:00,,,,,,,,,,,,,,,,,,,,,,,,,,,,,,,,,,,,,,,,,,,,,,,,,,,,,,,,,,,,,,,,,,,,,,,,,,
2018-11-13,1003.7,1005.1,2018-11-13T08:01:00,1001.9,2018-11-13T15:54:00,21.0,25.0,2018-11-13T10:32:00,16.8,2018-11-13T22:05:00,82,65.0,2018-11-13T10:32:00,0.5,40.0,5.4,21.0,2018-11-13T11:06:00,0.0,,,,,,,,,,,,,,,,,,,,,,96.0,2018-11-13T22:54:00,,,,,,,,,,,,,,,,,,,,,,,,,,,,,,,,,,,,,,,,,,,,,,,,,,,,,,,,,,,,,,,,,,,,,,,,,,
2018-11-14,1005.0,1006.9,2018-11-14T08:16:00,1002.7,2018-11-14T16:15:00,20.0,26.8,2018-11-14T12:43:00,15.4,2018-11-14T06:24:00,83,57.0,2018-11-14T12:37:00,0.3,4.0,4.3,71.0,2018-11-14T15:07:00,0.0,,,,,,,,,,,,,,,,,,,,,,98.0,2018-11-14T07:04:00,,,,,,,,,,,,,,,,,,,,,,,,,,,,,,,,,,,,,,,,,,,,,,,,,,,,,,,,,,,,,,,,,,,,,,,,,,
2018-11-15,1005.5,1007.9,2018-11-15T09:07:00,1003.4,2018-11-15T14:09:00,20.5,28.9,2018-11-15T13:01:00,14.4,2018-11-15T06:22:00,84,54.0,2018-11-15T12:37:00,0.1,27.0,2.6,159.0,2018-11-15T12:49:00,0.0,,,,,,,,,,,,,,,,,,,,,,98.0,2018-11-15T06:59:00,,,,,,,,,,,,,,,,,,,,,,,,,,,,,,,,,,,,,,,,,,,,,,,,,,,,,,,,,,,,,,,,,,,,,,,,,,
2018-11-16,1005.2,1006.7,2018-11-16T09:14:00,1003.4,2018-11-16T14:36:00,22.0,27.2,2018-11-16T13:29:00,18.8,2018-11-16T05:43:00,87,66.0,2018-11-16T13:34:00,0.1,21.0,3.4,38.0,2018-11-16T15:21:00,0.0,,,,,,,,,,,,,,,,,,,,,,97.0,2018-11-16T05:45:00,,,,,,,,,,,,,,,,,,,,,,,,,,,,,,,,,,,,,,,,,,,,,,,,,,,,,,,,,,,,,,,,,,,,,,,,,,
2018-11-17,1005.8,1008.0,2018-11-17T10:21:00,1004.1,2018-11-17T14:42:00,20.9,21.7,2018-11-17T16:00:00,19.7,2018-11-17T19:30:00,92,83.0,2018-11-17T09:22:00,0.2,4.0,3.5,24.0,2018-11-17T06:51:00,4.0,,,,,,,,,,,,,,,,,,,,,,98.0,2018-11-17T22:11:00,,,,,,,,,,,,,,,,,,,,,,,,,,,,,,,,,,,,,,,,,,,,,,,,,,,,,,,,,,,,,,,,,,,,,,,,,,
2018-11-18,1005.2,1007.1,2018-11-18T08:53:00,1002.8,2018-11-18T14:02:00,22.3,28.6,2018-11-18T13:22:00,19.0,2018-11-18T06:36:00,90,65.0,2018-11-18T13:22:00,0.0,198.0,2.1,241.0,2018-11-18T16:00:00,1.5,,,,,,,,,,,,,,,,,,,,,,99.0,2018-11-18T07:35:00,,,,,,,,,,,,,,,,,,,,,,,,,,,,,,,,,,,,,,,,,,,,,,,,,,,,,,,,,,,,,,,,,,,,,,,,,,
2018-11-19,1007.3,1009.5,2018-11-19T09:26:00,1005.9,2018-11-19T02:07:00,19.7,21.5,2018-11-19T00:12:00,16.7,2018-11-19T23:58:00,92,82.0,2018-11-19T16:38:00,0.4,50.0,4.4,129.0,2018-11-19T11:58:00,8.0,,,,,,,,,,,,,,,,,,,,,,98.0,2018-11-19T00:29:00,,,,,,,,,,,,,,,,,,,,,,,,,,,,,,,,,,,,,,,,,,,,,,,,,,,,,,,,,,,,,,,,,,,,,,,,,,
2018-11-20,1005.9,1007.6,2018-11-20T00:01:00,1003.7,2018-11-20T15:11:00,20.4,27.2,2018-11-20T13:03:00,15.1,2018-11-20T06:30:00,86,62.0,2018-11-20T13:04:00,0.0,62.0,2.3,64.0,2018-11-20T17:33:00,0.0,,,,,,,,,,,,,,,,,,,,,,99.0,2018-11-20T07:49:00,,,,,,,,,,,,,,,,,,,,,,,,,,,,,,,,,,,,,,,,,,,,,,,,,,,,,,,,,,,,,,,,,,,,,,,,,,
2018-11-21,1005.5,1008.0,2018-11-21T23:16:00,1003.1,2018-11-21T14:50:00,22.0,28.1,2018-11-21T14:29:00,18.4,2018-11-21T02:52:00,88,60.0,2018-11-21T14:30:00,0.0,237.0,2.6,323.0,2018-11-21T11:33:00,0.0,,,,,,,,,,,,,,,,,,,,,,98.0,2018-11-21T03:36:00,,,,,,,,,,,,,,,,,,,,,,,,,,,,,,,,,,,,,,,,,,,,,,,,,,,,,,,,,,,,,,,,,,,,,,,,,,
2018-11-22,1009.1,1011.7,2018-11-22T08:49:00,1007.2,2018-11-22T15:21:00,18.8,21.1,2018-11-22T00:05:00,17.2,2018-11-22T06:27:00,82,72.0,2018-11-22T15:40:00,0.9,47.0,7.5,7.0,2018-11-22T12:45:00,1.0,,,,,,,,,,,,,,,,,,,,,,95.0,2018-11-22T04:15:00,,,,,,,,,,,,,,,,,,,,,,,,,,,,,,,,,,,,,,,,,,,,,,,,,,,,,,,,,,,,,,,,,,,,,,,,,,
2018-11-23,1008.3,1010.9,2018-11-23T09:51:00,1007.2,2018-11-23T18:11:00,17.0,19.7,2018-11-23T14:37:00,13.3,2018-11-23T23:34:00,89,77.0,2018-11-23T15:10:00,0.3,24.0,4.2,38.0,2018-11-23T12:01:00,2.0,,,,,,,,,,,,,,,,,,,,,,98.0,2018-11-23T22:53:00,,,,,,,,,,,,,,,,,,,,,,,,,,,,,,,,,,,,,,,,,,,,,,,,,,,,,,,,,,,,,,,,,,,,,,,,,,
2018-11-24,1007.5,1009.1,2018-11-24T07:09:00,1004.9,2018-11-24T15:30:00,18.6,29.4,2018-11-24T13:53:00,12.0,2018-11-24T06:29:00,84,46.0,2018-11-24T14:12:00,0.1,3.0,2.8,4.0,2018-11-24T15:39:00,0.0,,,,,,,,,,,,,,,,,,,,,,99.0,2018-11-24T08:01:00,,,,,,,,,,,,,,,,,,,,,,,,,,,,,,,,,,,,,,,,,,,,,,,,,,,,,,,,,,,,,,,,,,,,,,,,,,
2018-11-25,1006.5,1008.4,2018-11-25T23:35:00,1004.0,2018-11-25T15:54:00,18.8,26.0,2018-11-25T12:55:00,13.0,2018-11-25T03:46:00,89,55.0,2018-11-25T12:54:00,0.0,5.0,1.9,23.0,2018-11-25T13:51:00,1.5,,,,,,,,,,,,,,,,,,,,,,98.0,2018-11-25T05:28:00,,,,,,,,,,,,,,,,,,,,,,,,,,,,,,,,,,,,,,,,,,,,,,,,,,,,,,,,,,,,,,,,,,,,,,,,,,
2018-11-26,1007.9,1009.6,2018-11-26T09:11:00,1006.3,2018-11-26T06:28:00,18.9,22.1,2018-11-26T12:19:00,16.9,2018-11-26T05:36:00,93,65.0,2018-11-26T10:10:00,0.1,8.0,4.4,1.0,2018-11-26T09:44:00,2.5,,,,,,,,,,,,,,,,,,,,,,98.0,2018-11-26T07:24:00,,,,,,,,,,,,,,,,,,,,,,,,,,,,,,,,,,,,,,,,,,,,,,,,,,,,,,,,,,,,,,,,,,,,,,,,,,
2018-11-27,1007.9,1009.1,2018-11-27T09:16:00,1006.6,2018-11-27T14:09:00,20.3,24.0,2018-11-27T13:57:00,18.3,2018-11-27T03:18:00,80,67.0,2018-11-27T13:55:00,0.5,3.0,5.2,360.0,2018-11-27T06:06:00,0.0,,,,,,,,,,,,,,,,,,,,,,93.0,2018-11-27T03:16:00,,,,,,,,,,,,,,,,,,,,,,,,,,,,,,,,,,,,,,,,,,,,,,,,,,,,,,,,,,,,,,,,,,,,,,,,,,
2018-11-28,1008.7,1010.5,2018-11-28T09:29:00,1006.5,2018-11-28T15:04:00,18.1,19.7,2018-11-28T12:27:00,17.2,2018-11-28T04:45:00,92,77.0,2018-11-28T00:11:00,0.2,3.0,3.5,360.0,2018-11-28T18:19:00,6.0,,,,,,,,,,,,,,,,,,,,,,98.0,2018-11-28T04:36:00,,,,,,,,,,,,,,,,,,,,,,,,,,,,,,,,,,,,,,,,,,,,,,,,,,,,,,,,,,,,,,,,,,,,,,,,,,
2018-11-29,1009.8,1012.1,2018-11-29T09:32:00,1008.6,2018-11-29T14:48:00,18.8,24.5,2018-11-29T14:02:00,14.2,2018-11-29T23:49:00,78,55.0,2018-11-29T14:14:00,0.3,1.0,3.6,360.0,2018-11-29T15:33:00,0.0,,,,,,,,,,,,,,,,,,,,,,98.0,2018-11-30T00:00:00,,,,,,,,,,,,,,,,,,,,,,,,,,,,,,,,,,,,,,,,,,,,,,,,,,,,,,,,,,,,,,,,,,,,,,,,,,
2018-11-30,1008.7,1010.7,2018-11-30T09:17:00,1006.7,2018-11-30T14:10:00,19.3,27.4,2018-11-30T13:12:00,13.1,2018-11-30T06:28:00,86,52.0,2018-11-30T13:13:00,0.1,2.0,2.1,12.0,2018-11-30T12:47:00,0.0,,,,,,,,,,,,,,,,,,,,,,99.0,2018-11-30T07:38:00,,,,,,,,,,,,,,,,,,,,,,,,,,,,,,,,,,,,,,,,,,,,,,,,,,,,,,,,,,,,,,,,,,,,,,,,,,
2018-12-01,1007.4,1009.6,2018-12-01T07:57:00,1005.4,2018-12-01T15:28:00,20.4,27.8,2018-12-01T14:16:00,15.2,2018-12-02T00:00:00,85,53.0,2018-12-01T14:21:00,0.1,1.0,2.5,72.0,2018-12-01T10:43:00,0.0,,,,,,,,,,,,,,,,,,,,,,99.0,2018-12-01T06:21:00,,,,,,,,,,,,,,,,,,,,,,,,,,,,,,,,,,,,,,,,,,,,,,,,,,,,,,,,,,,,,,,,,,,,,,,,,,
2018-12-02,1005.6,1007.1,2018-12-02T21:32:00,1003.2,2018-12-02T14:37:00,19.3,28.7,2018-12-02T13:55:00,12.6,2018-12-02T06:51:00,86,49.0,2018-12-02T14:13:00,0.1,28.0,3.3,35.0,2018-12-02T11:45:00,0.0,,,,,,,,,,,,,,,,,,,,,,98.0,2018-12-02T07:32:00,,,,,,,,,,,,,,,,,,,,,,,,,,,,,,,,,,,,,,,,,,,,,,,,,,,,,,,,,,,,,,,,,,,,,,,,,,
2018-12-03,1006.1,1008.0,2018-12-03T08:48:00,1004.2,2018-12-03T14:54:00,19.5,29.5,2018-12-03T12:50:00,13.5,2018-12-03T06:28:00,85,40.0,2018-12-03T12:32:00,0.1,37.0,3.2,37.0,2018-12-03T14:05:00,0.0,,,,,,,,,,,,,,,,,,,,,,99.0,2018-12-03T07:25:00,,,,,,,,,,,,,,,,,,,,,,,,,,,,,,,,,,,,,,,,,,,,,,,,,,,,,,,,,,,,,,,,,,,,,,,,,,
2018-12-04,1006.2,1007.8,2018-12-04T09:17:00,1004.3,2018-12-04T15:14:00,20.8,30.3,2018-12-04T12:44:00,13.5,2018-12-04T06:25:00,85,54.0,2018-12-04T12:42:00,0.0,9.0,2.2,360.0,2018-12-04T23:48:00,0.0,,,,,,,,,,,,,,,,,,,,,,99.0,2018-12-04T07:35:00,,,,,,,,,,,,,,,,,,,,,,,,,,,,,,,,,,,,,,,,,,,,,,,,,,,,,,,,,,,,,,,,,,,,,,,,,,
2018-12-05,1005.4,1007.5,2018-12-05T08:53:00,1003.0,2018-12-05T15:56:00,21.6,24.5,2018-12-05T13:30:00,18.1,2018-12-05T23:56:00,85,72.0,2018-12-05T09:54:00,0.3,4.0,5.3,75.0,2018-12-05T11:11:00,0.0,,,,,,,,,,,,,,,,,,,,,,98.0,2018-12-06T00:00:00,,,,,,,,,,,,,,,,,,,,,,,,,,,,,,,,,,,,,,,,,,,,,,,,,,,,,,,,,,,,,,,,,,,,,,,,,,
2018-12-06,1005.0,1006.9,2018-12-06T23:56:00,1002.6,2018-12-06T14:33:00,22.1,30.0,2018-12-06T12:57:00,17.1,2018-12-06T04:44:00,85,54.0,2018-12-06T13:05:00,0.2,13.0,3.6,360.0,2018-12-06T15:56:00,0.0,,,,,,,,,,,,,,,,,,,,,,98.0,2018-12-06T05:38:00,,,,,,,,,,,,,,,,,,,,,,,,,,,,,,,,,,,,,,,,,,,,,,,,,,,,,,,,,,,,,,,,,,,,,,,,,,
2018-12-07,1008.8,1010.8,2018-12-07T22:10:00,1006.9,2018-12-07T00:29:00,19.5,21.6,2018-12-07T14:12:00,17.9,2018-12-07T06:39:00,78,66.0,2018-12-07T13:41:00,0.9,7.0,7.9,1.0,2018-12-07T10:35:00,0.5,,,,,,,,,,,,,,,,,,,,,,89.0,2018-12-07T02:12:00,,,,,,,,,,,,,,,,,,,,,,,,,,,,,,,,,,,,,,,,,,,,,,,,,,,,,,,,,,,,,,,,,,,,,,,,,,
2018-12-08,1009.7,1011.6,2018-12-08T08:48:00,1007.6,2018-12-08T14:54:00,19.1,22.4,2018-12-08T13:26:00,17.6,2018-12-08T06:07:00,76,63.0,2018-12-08T12:58:00,0.9,5.0,7.1,360.0,2018-12-08T05:57:00,0.0,,,,,,,,,,,,,,,,,,,,,,84.0,2018-12-08T21:18:00,,,,,,,,,,,,,,,,,,,,,,,,,,,,,,,,,,,,,,,,,,,,,,,,,,,,,,,,,,,,,,,,,,,,,,,,,,
2018-12-09,1008.9,1010.8,2018-12-09T10:05:00,1006.6,2018-12-09T15:16:00,18.8,21.4,2018-12-09T12:12:00,16.6,2018-12-09T06:03:00,81,70.0,2018-12-09T12:13:00,0.6,9.0,5.7,360.0,2018-12-09T13:10:00,0.5,,,,,,,,,,,,,,,,,,,,,,92.0,2018-12-09T06:03:00,,,,,,,,,,,,,,,,,,,,,,,,,,,,,,,,,,,,,,,,,,,,,,,,,,,,,,,,,,,,,,,,,,,,,,,,,,
2018-12-10,1006.9,1009.2,2018-12-10T09:03:00,1004.4,2018-12-10T15:54:00,19.8,20.9,2018-12-10T17:06:00,18.4,2018-12-10T02:15:00,91,85.0,2018-12-10T17:21:00,0.3,2.0,3.7,96.0,2018-12-10T16:54:00,0.5,,,,,,,,,,,,,,,,,,,,,,96.0,2018-12-10T12:42:00,,,,,,,,,,,,,,,,,,,,,,,,,,,,,,,,,,,,,,,,,,,,,,,,,,,,,,,,,,,,,,,,,,,,,,,,,,
2018-12-11,1007.8,1010.7,2018-12-11T23:18:00,1005.8,2018-12-11T15:04:00,19.0,20.8,2018-12-11T10:50:00,16.2,2018-12-11T23:58:00,91,80.0,2018-12-11T20:57:00,0.5,7.0,6.0,1.0,2018-12-11T23:43:00,0.5,,,,,,,,,,,,,,,,,,,,,,98.0,2018-12-11T06:43:00,,,,,,,,,,,,,,,,,,,,,,,,,,,,,,,,,,,,,,,,,,,,,,,,,,,,,,,,,,,,,,,,,,,,,,,,,,
2018-12-12,1012.6,1014.8,2018-12-12T08:36:00,1010.5,2018-12-12T00:03:00,15.7,17.9,2018-12-12T11:16:00,14.6,2018-12-12T20:45:00,80,71.0,2018-12-12T11:01:00,1.1,8.0,7.0,2.0,2018-12-12T17:08:00,0.5,,,,,,,,,,,,,,,,,,,,,,86.0,2018-12-12T02:05:00,,,,,,,,,,,,,,,,,,,,,,,,,,,,,,,,,,,,,,,,,,,,,,,,,,,,,,,,,,,,,,,,,,,,,,,,,,
2018-12-13,1012.6,1013.9,2018-12-13T09:47:00,1011.0,2018-12-13T13:23:00,17.3,20.2,2018-12-13T11:35:00,14.7,2018-12-13T02:34:00,81,70.0,2018-12-13T11:35:00,0.5,7.0,5.1,11.0,2018-12-13T12:01:00,0.0,,,,,,,,,,,,,,,,,,,,,,89.0,2018-12-13T22:57:00,,,,,,,,,,,,,,,,,,,,,,,,,,,,,,,,,,,,,,,,,,,,,,,,,,,,,,,,,,,,,,,,,,,,,,,,,,
2018-12-14,1012.5,1013.6,2018-12-14T09:37:00,1011.1,2018-12-14T15:22:00,18.3,22.7,2018-12-14T11:52:00,15.2,2018-12-14T23:16:00,81,64.0,2018-12-14T11:53:00,0.5,4.0,5.0,9.0,2018-12-14T14:01:00,0.0,,,,,,,,,,,,,,,,,,,,,,96.0,2018-12-14T03:50:00,,,,,,,,,,,,,,,,,,,,,,,,,,,,,,,,,,,,,,,,,,,,,,,,,,,,,,,,,,,,,,,,,,,,,,,,,,
2018-12-15,1010.5,1012.4,2018-12-15T01:28:00,1008.1,2018-12-15T15:09:00,20.0,26.6,2018-12-15T13:04:00,15.2,2018-12-15T07:04:00,79,56.0,2018-12-15T13:05:00,0.2,6.0,3.1,4.0,2018-12-15T09:20:00,0.0,,,,,,,,,,,,,,,,,,,,,,95.0,2018-12-15T07:43:00,,,,,,,,,,,,,,,,,,,,,,,,,,,,,,,,,,,,,,,,,,,,,,,,,,,,,,,,,,,,,,,,,,,,,,,,,,
2018-12-16,1009.9,1012.1,2018-12-16T09:17:00,1008.0,2018-12-16T14:25:00,19.0,24.0,2018-12-16T11:42:00,17.1,2018-12-16T23:59:00,87,69.0,2018-12-16T11:42:00,0.2,66.0,4.4,1.0,2018-12-16T23:41:00,0.0,,,,,,,,,,,,,,,,,,,,,,97.0,2018-12-16T06:56:00,,,,,,,,,,,,,,,,,,,,,,,,,,,,,,,,,,,,,,,,,,,,,,,,,,,,,,,,,,,,,,,,,,,,,,,,,,
2018-12-17,1011.6,1013.8,2018-12-17T10:19:00,1009.7,2018-12-17T00:10:00,15.8,19.4,2018-12-17T13:17:00,12.7,2018-12-17T23:43:00,62,34.0,2018-12-17T21:50:00,0.8,5.0,6.5,5.0,2018-12-17T14:51:00,0.0,,,,,,,,,,,,,,,,,,,,,,91.0,2018-12-17T03:27:00,,,,,,,,,,,,,,,,,,,,,,,,,,,,,,,,,,,,,,,,,,,,,,,,,,,,,,,,,,,,,,,,,,,,,,,,,,
2018-12-18,1010.5,1012.7,2018-12-18T09:54:00,1008.0,2018-12-18T13:47:00,15.2,24.1,2018-12-18T13:49:00,7.8,2018-12-18T07:01:00,61,34.0,2018-12-18T14:35:00,0.4,5.0,4.2,132.0,2018-12-18T11:43:00,0.0,,,,,,,,,,,,,,,,,,,,,,95.0,2018-12-19T00:00:00,,,,,,,,,,,,,,,,,,,,,,,,,,,,,,,,,,,,,,,,,,,,,,,,,,,,,,,,,,,,,,,,,,,,,,,,,,
2018-12-19,1008.9,1011.2,2018-12-19T08:46:00,1006.6,2018-12-19T14:31:00,14.8,25.3,2018-12-19T12:56:00,7.0,2018-12-19T04:37:00,82,30.0,2018-12-19T12:31:00,0.1,43.0,2.7,66.0,2018-12-19T13:06:00,0.0,,,,,,,,,,,,,,,,,,,,,,98.0,2018-12-19T23:28:00,,,,,,,,,,,,,,,,,,,,,,,,,,,,,,,,,,,,,,,,,,,,,,,,,,,,,,,,,,,,,,,,,,,,,,,,,,
2018-12-20,1006.3,1008.5,2018-12-20T00:01:00,1003.1,2018-12-20T14:39:00,17.0,27.3,2018-12-20T14:47:00,9.3,2018-12-20T06:26:00,80,41.0,2018-12-20T11:54:00,0.1,210.0,3.1,237.0,2018-12-20T12:32:00,0.0,,,,,,,,,,,,,,,,,,,,,,98.0,2018-12-20T01:18:00,,,,,,,,,,,,,,,,,,,,,,,,,,,,,,,,,,,,,,,,,,,,,,,,,,,,,,,,,,,,,,,,,,,,,,,,,,
2018-12-21,1005.8,1007.7,2018-12-21T08:18:00,1004.0,2018-12-21T15:02:00,19.2,26.0,2018-12-21T13:08:00,13.2,2018-12-21T05:45:00,87,61.0,2018-12-21T12:27:00,0.1,4.0,3.8,24.0,2018-12-21T09:30:00,0.0,,,,,,,,,,,,,,,,,,,,,,98.0,2018-12-21T07:28:00,,,,,,,,,,,,,,,,,,,,,,,,,,,,,,,,,,,,,,,,,,,,,,,,,,,,,,,,,,,,,,,,,,,,,,,,,,
2018-12-22,1006.2,1008.2,2018-12-22T09:16:00,1004.5,2018-12-22T14:33:00,20.6,27.0,2018-12-22T12:36:00,15.7,2018-12-22T05:33:00,86,60.0,2018-12-22T12:36:00,0.1,44.0,2.7,46.0,2018-12-22T12:57:00,0.0,,,,,,,,,,,,,,,,,,,,,,98.0,2018-12-22T05:44:00,,,,,,,,,,,,,,,,,,,,,,,,,,,,,,,,,,,,,,,,,,,,,,,,,,,,,,,,,,,,,,,,,,,,,,,,,,
2018-12-23,1006.3,1008.0,2018-12-23T23:20:00,1004.6,2018-12-23T14:14:00,19.6,23.6,2018-12-23T11:54:00,16.8,2018-12-24T00:00:00,89,73.0,2018-12-23T13:35:00,0.7,42.0,8.8,101.0,2018-12-23T14:12:00,18.5,,,,,,,,,,,,,,,,,,,,,,98.0,2018-12-23T00:05:00,,,,,,,,,,,,,,,,,,,,,,,,,,,,,,,,,,,,,,,,,,,,,,,,,,,,,,,,,,,,,,,,,,,,,,,,,,
2018-12-24,1006.1,1009.1,2018-12-24T09:52:00,1003.7,2018-12-24T18:48:00,17.1,20.0,2018-12-24T12:28:00,14.9,2018-12-25T00:00:00,84,72.0,2018-12-24T11:31:00,0.8,59.0,8.7,18.0,2018-12-24T04:44:00,4.5,,,,,,,,,,,,,,,,,,,,,,98.0,2018-12-24T23:57:00,,,,,,,,,,,,,,,,,,,,,,,,,,,,,,,,,,,,,,,,,,,,,,,,,,,,,,,,,,,,,,,,,,,,,,,,,,
2018-12-25,1003.3,1004.8,2018-12-25T09:06:00,1001.5,2018-12-25T13:55:00,19.5,25.0,2018-12-25T12:26:00,14.6,2018-12-25T00:45:00,92,71.0,2018-12-25T13:40:00,0.1,3.0,2.6,25.0,2018-12-25T11:28:00,1.0,,,,,,,,,,,,,,,,,,,,,,98.0,2018-12-25T07:31:00,,,,,,,,,,,,,,,,,,,,,,,,,,,,,,,,,,,,,,,,,,,,,,,,,,,,,,,,,,,,,,,,,,,,,,,,,,
2018-12-26,1003.0,1004.5,2018-12-26T08:41:00,1001.4,2018-12-26T13:06:00,19.5,21.6,2018-12-26T11:08:00,18.5,2018-12-26T05:00:00,91,84.0,2018-12-26T11:12:00,0.3,26.0,4.1,15.0,2018-12-26T16:20:00,0.5,,,,,,,,,,,,,,,,,,,,,,98.0,2018-12-26T00:10:00,,,,,,,,,,,,,,,,,,,,,,,,,,,,,,,,,,,,,,,,,,,,,,,,,,,,,,,,,,,,,,,,,,,,,,,,,,
2018-12-27,1006.5,1009.0,2018-12-27T23:51:00,1004.0,2018-12-27T01:28:00,16.9,19.1,2018-12-27T00:03:00,15.3,2018-12-27T23:58:00,86,79.0,2018-12-27T20:51:00,1.0,30.0,9.2,48.0,2018-12-27T21:22:00,0.0,,,,,,,,,,,,,,,,,,,,,,95.0,2018-12-27T04:39:00,,,,,,,,,,,,,,,,,,,,,,,,,,,,,,,,,,,,,,,,,,,,,,,,,,,,,,,,,,,,,,,,,,,,,,,,,,
2018-12-28,1010.4,1012.6,2018-12-28T23:04:00,1008.5,2018-12-28T13:44:00,15.3,17.9,2018-12-28T12:45:00,13.2,2018-12-28T23:58:00,74,63.0,2018-12-28T12:59:00,1.5,58.0,11.1,331.0,2018-12-28T15:22:00,0.0,,,,,,,,,,,,,,,,,,,,,,81.0,2018-12-28T01:25:00,,,,,,,,,,,,,,,,,,,,,,,,,,,,,,,,,,,,,,,,,,,,,,,,,,,,,,,,,,,,,,,,,,,,,,,,,,
2018-12-29,1014.1,1016.2,2018-12-29T08:13:00,1011.7,2018-12-29T14:30:00,13.7,16.7,2018-12-29T13:01:00,12.3,2018-12-29T06:50:00,73,61.0,2018-12-29T13:06:00,1.6,58.0,10.8,28.0,2018-12-29T09:00:00,0.0,,,,,,,,,,,,,,,,,,,,,,79.0,2018-12-29T00:07:00,,,,,,,,,,,,,,,,,,,,,,,,,,,,,,,,,,,,,,,,,,,,,,,,,,,,,,,,,,,,,,,,,,,,,,,,,,
2018-12-30,1012.6,1014.5,2018-12-30T20:41:00,1010.1,2018-12-30T14:28:00,16.0,19.4,2018-12-30T14:52:00,13.0,2018-12-30T00:06:00,75,63.0,2018-12-30T11:45:00,0.8,52.0,5.6,12.0,2018-12-30T09:30:00,0.0,,,,,,,,,,,,,,,,,,,,,,90.0,2018-12-30T20:43:00,,,,,,,,,,,,,,,,,,,,,,,,,,,,,,,,,,,,,,,,,,,,,,,,,,,,,,,,,,,,,,,,,,,,,,,,,,
2018-12-31,1013.9,1015.6,2018-12-31T09:04:00,1011.6,2018-12-31T14:12:00,16.9,19.4,2018-12-31T12:51:00,15.5,2018-12-31T05:54:00,81,72.0,2018-12-31T12:50:00,0.9,49.0,7.5,98.0,2018-12-31T14:52:00,0.0,,,,,,,,,,,,,,,,,,,,,,87.0,2018-12-31T05:54:00,,,,,,,,,,,,,,,,,,,,,,,,,,,,,,,,,,,,,,,,,,,,,,,,,,,,,,,,,,,,,,,,,,,,,,,,,,
