,StnPres,StnPresMax,StnPresMaxTime,StnPresMin,StnPresMinTime,Tx,TxMaxAbs,TxMaxAbsTime,TxMinAbs,TxMinAbsTime,RH,RHMin,RHMinTime,WS,WD,WSGust,WDGust,WGustTime,Precp,AirTemperature.MaximumTimef,AirTemperature.Maximumf,AirTemperature.Meanf,AirTemperature.MinimumTimef,AirTemperature.Minimumf,GlobalSolarRadiation.Accumulationf,GlobalSolarRadiation.HourlyMaximumTimef,GlobalSolarRadiation.HourlyMaximumf,GloblRad,GloblRadMax,GloblRadMaxTime,PeakGust.Directionf,PeakGust.MaximumTimef,PeakGust.Maximumf,Precipitation.Accumulationf,Precipitation.HourlyMaximum,Precipitation.HourlyMaximumTime,Precipitation.HourlyMaximumTimef,Precipitation.HourlyMaximumf,Precipitation.MeltFlag,Precipitation.MeltFlagf,RelativeHumidity.Maximum,RelativeHumidity.MaximumTime,RelativeHumidity.MaximumTimef,RelativeHumidity.Maximumf,RelativeHumidity.Meanf,RelativeHumidity.MinimumTimef,RelativeHumidity.Minimumf,SoilTemperatureAt0cm.Maximum,SoilTemperatureAt0cm.MaximumTime,SoilTemperatureAt0cm.MaximumTimef,SoilTemperatureAt0cm.Maximumf,SoilTemperatureAt0cm.Meanf,SoilTemperatureAt0cm.Minimum,SoilTemperatureAt0cm.MinimumTime,SoilTemperatureAt0cm.MinimumTimef,SoilTemperatureAt0cm.Minimumf,SoilTemperatureAt100cm.Maximum,SoilTemperatureAt100cm.MaximumTime,SoilTemperatureAt100cm.MaximumTimef,SoilTemperatureAt100cm.Maximumf,SoilTemperatureAt100cm.Meanf,SoilTemperatureAt100cm.Minimum,SoilTemperatureAt100cm.MinimumTime,SoilTemperatureAt100cm.MinimumTimef,SoilTemperatureAt100cm.Minimumf,SoilTemperatureAt10cm.Maximum,SoilTemperatureAt10cm.MaximumTime,SoilTemperatureAt10cm.MaximumTimef,SoilTemperatureAt10cm.Maximumf,SoilTemperatureAt10cm.Meanf,SoilTemperatureAt10cm.Minimum,SoilTemperatureAt10cm.MinimumTime,SoilTemperatureAt10cm.MinimumTimef,SoilTemperatureAt10cm.Minimumf,SoilTemperatureAt20cm.Maximum,SoilTemperatureAt20cm.MaximumTime,SoilTemperatureAt20cm.MaximumTimef,SoilTemperatureAt20cm.Maximumf,SoilTemperatureAt20cm.Meanf,SoilTemperatureAt20cm.Minimum,SoilTemperatureAt20cm.MinimumTime,SoilTemperatureAt20cm.MinimumTimef,SoilTemperatureAt20cm.Minimumf,SoilTemperatureAt50cm.Maximum,SoilTemperatureAt50cm.MaximumTime,SoilTemperatureAt50cm.MaximumTimef,SoilTemperatureAt50cm.Maximumf,SoilTemperatureAt50cm.Meanf,SoilTemperatureAt50cm.Minimum,SoilTemperatureAt50cm.MinimumTime,SoilTemperatureAt50cm.MinimumTimef,SoilTemperatureAt50cm.Minimumf,SoilTemperatureAt5cm.Maximum,SoilTemperatureAt5cm.MaximumTime,SoilTemperatureAt5cm.MaximumTimef,SoilTemperatureAt5cm.Maximumf,SoilTemperatureAt5cm.Meanf,SoilTemperatureAt5cm.Minimum,SoilTemperatureAt5cm.MinimumTime,SoilTemperatureAt5cm.MinimumTimef,SoilTemperatureAt5cm.Minimumf,StationPressure.MaximumTimef,StationPressure.Maximumf,StationPressure.Meanf,StationPressure.MinimumTimef,StationPressure.Minimumf,SunShine,SunshineDuration.Totalf,TxSoil0cm,TxSoil100cm,TxSoil10cm,TxSoil20cm,TxSoil50cm,TxSoil5cm,WindDirection.Prevailingf,WindSpeed.Meanf
2020-01-01,1021.7,1024.0,2020-01-01T09:13:00,1020.0,2020-01-01T15:05:00,19.7,24.3,2020-01-01T14:52:00,16.7,2020-01-01T06:32:00,80,62,2020-01-01T13:58:00,1.6,11,5.4,328,2020-01-01T14:59:00,0.0,,,,,,,,,,,,,,,,0.0,,,,0,,97,2020-01-01T23:55:00,,,,,,,,,,,,,,,,,,,,,,,,,,,,,,,,,,,,,,,,,,,,,,,,,,,,,,,,,,,,,,,,,,,,,,,,,,
2020-01-02,1021.2,1023.5,2020-01-02T09:22:00,1019.3,2020-01-02T15:01:00,19.6,25.1,2020-01-02T13:43:00,16.4,2020-01-02T05:31:00,87,59,2020-01-02T13:14:00,1.4,33,6.0,309,2020-01-02T16:03:00,0.0,,,,,,,,,,,,,,,,0.0,,,,0,,100,2020-01-02T03:44:00,,,,,,,,,,,,,,,,,,,,,,,,,,,,,,,,,,,,,,,,,,,,,,,,,,,,,,,,,,,,,,,,,,,,,,,,,,
2020-01-03,1019.3,1021.2,2020-01-03T08:46:00,1017.2,2020-01-03T15:41:00,20.2,24.8,2020-01-03T12:28:00,17.0,2020-01-03T05:31:00,86,58,2020-01-03T12:19:00,1.3,2,5.6,29,2020-01-03T09:49:00,0.0,,,,,,,,,,,,,,,,0.0,,,,0,,100,2020-01-03T00:01:00,,,,,,,,,,,,,,,,,,,,,,,,,,,,,,,,,,,,,,,,,,,,,,,,,,,,,,,,,,,,,,,,,,,,,,,,,,
2020-01-04,1017.3,1019.4,2020-01-04T09:11:00,1015.2,2020-01-04T14:55:00,20.4,25.7,2020-01-04T12:01:00,16.6,2020-01-04T05:54:00,88,57,2020-01-04T14:21:00,1.4,10,5.2,237,2020-01-04T13:35:00,0.0,,,,,,,,,,,,,,,,0.0,,,,0,,100,2020-01-04T01:48:00,,,,,,,,,,,,,,,,,,,,,,,,,,,,,,,,,,,,,,,,,,,,,,,,,,,,,,,,,,,,,,,,,,,,,,,,,,
2020-01-05,1017.8,1019.3,2020-01-05T09:33:00,1015.9,2020-01-05T14:21:00,20.5,25.1,2020-01-05T11:13:00,16.2,2020-01-05T03:43:00,87,59,2020-01-05T14:46:00,1.4,81,6.5,323,2020-01-05T12:53:00,0.0,,,,,,,,,,,,,,,,0.0,,,,0,,100,2020-01-05T00:01:00,,,,,,,,,,,,,,,,,,,,,,,,,,,,,,,,,,,,,,,,,,,,,,,,,,,,,,,,,,,,,,,,,,,,,,,,,,
2020-01-06,1016.6,1018.9,2020-01-06T09:45:00,1014.4,2020-01-06T14:55:00,21.0,26.4,2020-01-06T12:01:00,17.1,2020-01-06T06:24:00,89,54,2020-01-06T11:51:00,1.3,18,5.6,344,2020-01-06T14:01:00,0.0,,,,,,,,,,,,,,,,0.0,,,,0,,100,2020-01-06T00:01:00,,,,,,,,,,,,,,,,,,,,,,,,,,,,,,,,,,,,,,,,,,,,,,,,,,,,,,,,,,,,,,,,,,,,,,,,,,
2020-01-07,1014.0,1016.1,2020-01-07T10:52:00,1011.8,2020-01-07T15:22:00,22.2,27.4,2020-01-07T15:33:00,18.0,2020-01-07T05:21:00,80,52,2020-01-07T15:33:00,1.4,11,7.2,15,2020-01-07T12:43:00,0.0,,,,,,,,,,,,,,,,0.0,,,,0,,100,2020-01-07T00:01:00,,,,,,,,,,,,,,,,,,,,,,,,,,,,,,,,,,,,,,,,,,,,,,,,,,,,,,,,,,,,,,,,,,,,,,,,,,
2020-01-08,1014.9,1016.7,2020-01-08T09:01:00,1012.7,2020-01-08T14:51:00,21.5,27.2,2020-01-08T14:55:00,17.8,2020-01-08T23:53:00,78,52,2020-01-08T12:14:00,1.7,26,7.1,41,2020-01-08T08:46:00,0.0,,,,,,,,,,,,,,,,0.0,,,,0,,99,2020-01-08T02:51:00,,,,,,,,,,,,,,,,,,,,,,,,,,,,,,,,,,,,,,,,,,,,,,,,,,,,,,,,,,,,,,,,,,,,,,,,,,
2020-01-09,1014.7,1017.1,2020-01-09T09:04:00,1012.6,2020-01-09T16:02:00,20.3,25.5,2020-01-09T14:01:00,15.9,2020-01-09T06:34:00,81,55,2020-01-09T14:02:00,1.6,12,6.0,351,2020-01-09T10:21:00,0.0,,,,,,,,,,,,,,,,0.0,,,,0,,100,2020-01-09T04:32:00,,,,,,,,,,,,,,,,,,,,,,,,,,,,,,,,,,,,,,,,,,,,,,,,,,,,,,,,,,,,,,,,,,,,,,,,,,
2020-01-10,1013.0,1015.3,2020-01-10T08:51:00,1010.7,2020-01-10T16:35:00,21.2,27.5,2020-01-10T12:01:00,17.5,2020-01-10T04:22:00,84,47,2020-01-10T12:01:00,1.6,20,5.9,337,2020-01-10T15:22:00,0.0,,,,,,,,,,,,,,,,0.0,,,,0,,100,2020-01-10T00:44:00,,,,,,,,,,,,,,,,,,,,,,,,,,,,,,,,,,,,,,,,,,,,,,,,,,,,,,,,,,,,,,,,,,,,,,,,,,
2020-01-11,1011.6,1013.4,2020-01-11T09:03:00,1009.4,2020-01-11T14:26:00,21.1,27.0,2020-01-11T13:41:00,16.9,2020-01-11T05:42:00,84,52,2020-01-11T13:42:00,1.7,314,7.0,42,2020-01-11T21:20:00,0.0,,,,,,,,,,,,,,,,0.0,,,,0,,100,2020-01-11T00:01:00,,,,,,,,,,,,,,,,,,,,,,,,,,,,,,,,,,,,,,,,,,,,,,,,,,,,,,,,,,,,,,,,,,,,,,,,,,
2020-01-12,1012.0,1014.1,2020-01-12T22:23:00,1009.8,2020-01-12T14:44:00,18.9,23.7,2020-01-12T14:24:00,16.0,2020-01-12T23:55:00,80,53,2020-01-12T14:27:00,2.6,15,9.0,27,2020-01-12T09:13:00,0.0,,,,,,,,,,,,,,,,0.0,,,,0,,100,2020-01-12T00:01:00,,,,,,,,,,,,,,,,,,,,,,,,,,,,,,,,,,,,,,,,,,,,,,,,,,,,,,,,,,,,,,,,,,,,,,,,,,
2020-01-13,1013.7,1016.0,2020-01-13T08:52:00,1011.1,2020-01-13T16:27:00,18.7,24.5,2020-01-13T15:23:00,14.6,2020-01-13T06:52:00,73,48,2020-01-13T13:43:00,2.0,45,8.6,27,2020-01-13T10:24:00,0.0,,,,,,,,,,,,,,,,0.0,,,,0,,94,2020-01-13T23:59:00,,,,,,,,,,,,,,,,,,,,,,,,,,,,,,,,,,,,,,,,,,,,,,,,,,,,,,,,,,,,,,,,,,,,,,,,,,
2020-01-14,1015.2,1017.6,2020-01-14T10:23:00,1012.6,2020-01-14T14:52:00,20.0,28.2,2020-01-14T14:43:00,15.5,2020-01-14T06:32:00,78,27,2020-01-14T14:43:00,1.9,28,7.6,34,2020-01-14T07:51:00,0.0,,,,,,,,,,,,,,,,0.0,,,,0,,100,2020-01-14T03:12:00,,,,,,,,,,,,,,,,,,,,,,,,,,,,,,,,,,,,,,,,,,,,,,,,,,,,,,,,,,,,,,,,,,,,,,,,,,
2020-01-15,1015.3,1017.7,2020-01-15T09:24:00,1013.1,2020-01-15T15:05:00,19.3,25.0,2020-01-15T14:02:00,15.1,2020-01-15T06:13:00,82,48,2020-01-15T14:05:00,1.9,14,6.6,28,2020-01-15T16:31:00,0.0,,,,,,,,,,,,,,,,0.0,,,,0,,100,2020-01-15T00:24:00,,,,,,,,,,,,,,,,,,,,,,,,,,,,,,,,,,,,,,,,,,,,,,,,,,,,,,,,,,,,,,,,,,,,,,,,,,
2020-01-16,1014.2,1016.3,2020-01-16T09:13:00,1011.4,2020-01-16T14:41:00,20.2,26.4,2020-01-16T11:51:00,15.3,2020-01-16T05:21:00,82,46,2020-01-16T12:01:00,1.8,26,7.2,11,2020-01-16T16:32:00,0.0,,,,,,,,,,,,,,,,0.0,,,,0,,100,2020-01-16T00:01:00,,,,,,,,,,,,,,,,,,,,,,,,,,,,,,,,,,,,,,,,,,,,,,,,,,,,,,,,,,,,,,,,,,,,,,,,,,
2020-01-17,1014.7,1016.2,2020-01-17T09:11:00,1012.7,2020-01-17T14:41:00,18.8,24.4,2020-01-17T13:22:00,15.1,2020-01-17T23:54:00,83,54,2020-01-17T13:41:00,2.6,10,8.3,9,2020-01-17T05:13:00,0.0,,,,,,,,,,,,,,,,0.0,,,,0,,100,2020-01-17T00:01:00,,,,,,,,,,,,,,,,,,,,,,,,,,,,,,,,,,,,,,,,,,,,,,,,,,,,,,,,,,,,,,,,,,,,,,,,,,
2020-01-18,1015.6,1016.8,2020-01-18T08:31:00,1013.3,2020-01-18T15:02:00,17.5,23.8,2020-01-18T13:51:00,13.5,2020-01-18T05:43:00,80,52,2020-01-18T13:51:00,1.8,27,6.4,353,2020-01-18T02:58:00,0.0,,,,,,,,,,,,,,,,0.0,,,,0,,100,2020-01-18T05:51:00,,,,,,,,,,,,,,,,,,,,,,,,,,,,,,,,,,,,,,,,,,,,,,,,,,,,,,,,,,,,,,,,,,,,,,,,,,
2020-01-19,1016.6,1018.5,2020-01-19T09:11:00,1014.3,2020-01-19T14:26:00,18.3,24.1,2020-01-19T14:02:00,14.5,2020-01-19T04:33:00,78,52,2020-01-19T13:41:00,1.9,29,6.6,32,2020-01-19T08:55:00,0.0,,,,,,,,,,,,,,,,0.0,,,,0,,98,2020-01-19T07:03:00,,,,,,,,,,,,,,,,,,,,,,,,,,,,,,,,,,,,,,,,,,,,,,,,,,,,,,,,,,,,,,,,,,,,,,,,,,
2020-01-20,1017.6,1019.3,2020-01-20T09:25:00,1015.2,2020-01-20T15:12:00,18.8,26.0,2020-01-20T13:32:00,14.1,2020-01-20T05:31:00,80,45,2020-01-20T12:31:00,1.9,27,6.4,298,2020-01-20T13:36:00,0.0,,,,,,,,,,,,,,,,0.0,,,,0,,100,2020-01-20T02:41:00,,,,,,,,,,,,,,,,,,,,,,,,,,,,,,,,,,,,,,,,,,,,,,,,,,,,,,,,,,,,,,,,,,,,,,,,,,
2020-01-21,1018.8,1021.0,2020-01-21T09:08:00,1017.2,2020-01-21T15:24:00,19.8,26.1,2020-01-21T13:02:00,14.1,2020-01-21T06:44:00,77,46,2020-01-21T12:31:00,1.5,28,5.0,33,2020-01-21T08:30:00,0.0,,,,,,,,,,,,,,,,0.0,,,,0,,98,2020-01-21T03:31:00,,,,,,,,,,,,,,,,,,,,,,,,,,,,,,,,,,,,,,,,,,,,,,,,,,,,,,,,,,,,,,,,,,,,,,,,,,
2020-01-22,1016.3,1018.5,2020-01-22T00:01:00,1014.8,2020-01-22T15:34:00,22.8,30.0,2020-01-22T12:16:00,17.5,2020-01-22T05:06:00,75,42,2020-01-22T12:16:00,1.5,296,6.6,29,2020-01-22T06:04:00,0.0,,,,,,,,,,,,,,,,0.0,,,,0,,100,2020-01-22T05:06:00,,,,,,,,,,,,,,,,,,,,,,,,,,,,,,,,,,,,,,,,,,,,,,,,,,,,,,,,,,,,,,,,,,,,,,,,,,
2020-01-23,1014.8,1016.8,2020-01-23T09:41:00,1013.1,2020-01-23T15:06:00,24.2,29.5,2020-01-23T11:51:00,20.1,2020-01-23T03:27:00,76,47,2020-01-23T11:51:00,1.4,44,6.0,230,2020-01-23T12:42:00,0.0,,,,,,,,,,,,,,,,0.0,,,,0,,95,2020-01-23T01:52:00,,,,,,,,,,,,,,,,,,,,,,,,,,,,,,,,,,,,,,,,,,,,,,,,,,,,,,,,,,,,,,,,,,,,,,,,,,
2020-01-24,1015.5,1017.3,2020-01-24T09:41:00,1013.5,2020-01-24T15:32:00,23.7,29.4,2020-01-24T12:35:00,20.2,2020-01-24T22:31:00,82,47,2020-01-24T12:23:00,1.7,14,7.6,11,2020-01-24T21:10:00,0.0,,,,,,,,,,,,,,,,0.0,,,,0,,100,2020-01-24T21:52:00,,,,,,,,,,,,,,,,,,,,,,,,,,,,,,,,,,,,,,,,,,,,,,,,,,,,,,,,,,,,,,,,,,,,,,,,,,
2020-01-25,1013.1,1015.8,2020-01-25T09:21:00,1010.8,2020-01-25T16:42:00,22.3,27.2,2020-01-25T13:25:00,19.5,2020-01-25T04:10:00,86,58,2020-01-25T13:29:00,1.8,24,6.2,33,2020-01-25T07:23:00,0.5,,,,,,,,,,,,,,,,0.5,2020-01-25T23:00:00,,,0,,100,2020-01-25T00:01:00,,,,,,,,,,,,,,,,,,,,,,,,,,,,,,,,,,,,,,,,,,,,,,,,,,,,,,,,,,,,,,,,,,,,,,,,,,
2020-01-26,1008.2,1011.2,2020-01-26T00:02:00,1006.0,2020-01-26T15:22:00,20.3,28.9,2020-01-26T14:52:00,16.9,2020-01-26T23:11:00,95,62,2020-01-26T14:57:00,2.2,9,11.5,15,2020-01-26T19:45:00,11.5,,,,,,,,,,,,,,,,5.0,2020-01-26T07:00:00,,,0,,100,2020-01-26T00:01:00,,,,,,,,,,,,,,,,,,,,,,,,,,,,,,,,,,,,,,,,,,,,,,,,,,,,,,,,,,,,,,,,,,,,,,,,,,
2020-01-27,1010.4,1014.3,2020-01-27T22:38:00,1007.7,2020-01-27T03:42:00,19.0,23.3,2020-01-27T14:21:00,16.1,2020-01-27T23:52:00,79,53,2020-01-27T14:22:00,2.4,27,10.1,26,2020-01-27T09:02:00,0.0,,,,,,,,,,,,,,,,0.0,,,,0,,100,2020-01-27T00:01:00,,,,,,,,,,,,,,,,,,,,,,,,,,,,,,,,,,,,,,,,,,,,,,,,,,,,,,,,,,,,,,,,,,,,,,,,,,
2020-01-28,1012.8,1015.1,2020-01-28T23:25:00,1010.5,2020-01-28T14:41:00,15.9,17.7,2020-01-28T14:31:00,14.6,2020-01-28T22:51:00,95,10,2020-01-28T06:55:00,2.2,14,8.4,9,2020-01-28T21:46:00,2.5,,,,,,,,,,,,,,,,0.5,2020-01-28T02:00:00,,,0,,100,2020-01-28T02:05:00,,,,,,,,,,,,,,,,,,,,,,,,,,,,,,,,,,,,,,,,,,,,,,,,,,,,,,,,,,,,,,,,,,,,,,,,,,
2020-01-29,1014.3,1016.1,2020-01-29T09:01:00,1012.1,2020-01-29T15:54:00,15.6,19.6,2020-01-29T13:51:00,13.0,2020-01-29T06:52:00,70,52,2020-01-29T12:11:00,2.6,24,9.0,46,2020-01-29T13:14:00,0.0,,,,,,,,,,,,,,,,0.0,,,,0,,94,2020-01-29T01:22:00,,,,,,,,,,,,,,,,,,,,,,,,,,,,,,,,,,,,,,,,,,,,,,,,,,,,,,,,,,,,,,,,,,,,,,,,,,
2020-01-30,1015.2,1017.5,2020-01-30T21:22:00,1013.0,2020-01-30T14:52:00,14.2,19.7,2020-01-30T13:52:00,10.8,2020-01-30T06:55:00,52,35,2020-01-30T14:11:00,3.1,29,9.8,41,2020-01-30T10:21:00,0.0,,,,,,,,,,,,,,,,0.0,,,,0,,67,2020-01-30T00:02:00,,,,,,,,,,,,,,,,,,,,,,,,,,,,,,,,,,,,,,,,,,,,,,,,,,,,,,,,,,,,,,,,,,,,,,,,,,
2020-01-31,1017.5,1019.4,2020-01-31T20:53:00,1015.5,2020-01-31T04:41:00,14.8,21.0,2020-01-31T13:33:00,8.8,2020-01-31T06:33:00,56,32,2020-01-31T12:11:00,1.7,32,5.1,70,2020-01-31T00:08:00,0.0,,,,,,,,,,,,,,,,0.0,,,,0,,72,2020-01-31T22:52:00,,,,,,,,,,,,,,,,,,,,,,,,,,,,,,,,,,,,,,,,,,,,,,,,,,,,,,,,,,,,,,,,,,,,,,,,,,
2020-02-01,1018.8,1020.5,2020-02-01T09:04:00,1016.6,2020-02-01T15:02:00,16.7,22.8,2020-02-01T13:41:00,11.4,2020-02-01T06:02:00,63,39,2020-02-01T12:01:00,1.4,62,5.8,315,2020-02-01T12:37:00,0.0,,,,,,,,,,,,,,,,0.0,,,,0,,90,2020-02-01T02:41:00,,,,,,,,,,,,,,,,,,,,,,,,,,,,,,,,,,,,,,,,,,,,,,,,,,,,,,,,,,,,,,,,,,,,,,,,,,
2020-02-02,1018.9,1021.5,2020-02-02T09:23:00,1016.5,2020-02-02T14:43:00,18.1,25.0,2020-02-02T13:51:00,11.9,2020-02-02T05:51:00,66,30,2020-02-02T14:08:00,1.4,35,7.0,312,2020-02-02T16:18:00,0.0,,,,,,,,,,,,,,,,0.0,,,,0,,96,2020-02-02T02:51:00,,,,,,,,,,,,,,,,,,,,,,,,,,,,,,,,,,,,,,,,,,,,,,,,,,,,,,,,,,,,,,,,,,,,,,,,,,
2020-02-03,1017.4,1019.0,2020-02-03T08:51:00,1015.3,2020-02-03T15:02:00,19.0,26.0,2020-02-03T13:55:00,13.8,2020-02-03T06:33:00,75,30,2020-02-03T13:55:00,1.6,70,9.1,2,2020-02-03T17:56:00,0.0,,,,,,,,,,,,,,,,0.0,,,,0,,100,2020-02-03T21:53:00,,,,,,,,,,,,,,,,,,,,,,,,,,,,,,,,,,,,,,,,,,,,,,,,,,,,,,,,,,,,,,,,,,,,,,,,,,
2020-02-04,1016.0,1017.5,2020-02-04T09:38:00,1014.0,2020-02-04T15:46:00,19.2,24.8,2020-02-04T10:53:00,14.8,2020-02-04T07:11:00,81,47,2020-02-04T10:53:00,2.0,24,7.5,46,2020-02-04T15:40:00,0.0,,,,,,,,,,,,,,,,0.0,,,,0,,100,2020-02-04T00:01:00,,,,,,,,,,,,,,,,,,,,,,,,,,,,,,,,,,,,,,,,,,,,,,,,,,,,,,,,,,,,,,,,,,,,,,,,,,
2020-02-05,1016.1,1017.7,2020-02-05T22:43:00,1013.6,2020-02-05T15:41:00,19.5,25.6,2020-02-05T15:24:00,16.3,2020-02-05T05:33:00,79,51,2020-02-05T15:32:00,2.3,27,7.3,36,2020-02-05T08:16:00,0.0,,,,,,,,,,,,,,,,0.0,,,,0,,100,2020-02-05T00:01:00,,,,,,,,,,,,,,,,,,,,,,,,,,,,,,,,,,,,,,,,,,,,,,,,,,,,,,,,,,,,,,,,,,,,,,,,,,
2020-02-06,1016.0,1017.4,2020-02-06T00:01:00,1013.7,2020-02-06T16:14:00,19.0,24.2,2020-02-06T15:06:00,14.2,2020-02-06T05:54:00,83,56,2020-02-06T11:44:00,1.9,25,6.9,308,2020-02-06T12:38:00,0.0,,,,,,,,,,,,,,,,0.0,,,,0,,100,2020-02-06T05:47:00,,,,,,,,,,,,,,,,,,,,,,,,,,,,,,,,,,,,,,,,,,,,,,,,,,,,,,,,,,,,,,,,,,,,,,,,,,
2020-02-07,1016.4,1018.3,2020-02-07T09:23:00,1014.1,2020-02-07T14:53:00,19.5,25.9,2020-02-07T14:32:00,16.2,2020-02-07T23:58:00,85,54,2020-02-07T14:14:00,2.6,14,10.1,40,2020-02-07T16:21:00,0.0,,,,,,,,,,,,,,,,0.0,,,,0,,100,2020-02-07T00:01:00,,,,,,,,,,,,,,,,,,,,,,,,,,,,,,,,,,,,,,,,,,,,,,,,,,,,,,,,,,,,,,,,,,,,,,,,,,
2020-02-08,1018.5,1021.2,2020-02-08T23:04:00,1016.3,2020-02-08T14:51:00,18.8,25.6,2020-02-08T13:51:00,15.4,2020-02-08T06:54:00,79,50,2020-02-08T15:32:00,2.1,22,8.1,44,2020-02-08T08:21:00,0.0,,,,,,,,,,,,,,,,0.0,,,,0,,100,2020-02-08T03:19:00,,,,,,,,,,,,,,,,,,,,,,,,,,,,,,,,,,,,,,,,,,,,,,,,,,,,,,,,,,,,,,,,,,,,,,,,,,
2020-02-09,1020.1,1022.1,2020-02-09T10:06:00,1017.7,2020-02-09T15:11:00,18.3,23.9,2020-02-09T13:33:00,15.1,2020-02-09T04:27:00,73,51,2020-02-09T13:41:00,1.9,20,6.7,2,2020-02-09T11:27:00,0.0,,,,,,,,,,,,,,,,0.0,,,,0,,92,2020-02-09T03:26:00,,,,,,,,,,,,,,,,,,,,,,,,,,,,,,,,,,,,,,,,,,,,,,,,,,,,,,,,,,,,,,,,,,,,,,,,,,
2020-02-10,1019.0,1020.7,2020-02-10T09:01:00,1017.0,2020-02-10T15:21:00,18.9,24.4,2020-02-10T12:51:00,14.3,2020-02-10T06:35:00,73,53,2020-02-10T11:47:00,1.5,26,6.7,315,2020-02-10T15:48:00,0.0,,,,,,,,,,,,,,,,0.0,,,,0,,95,2020-02-10T07:04:00,,,,,,,,,,,,,,,,,,,,,,,,,,,,,,,,,,,,,,,,,,,,,,,,,,,,,,,,,,,,,,,,,,,,,,,,,,
2020-02-11,1018.4,1020.5,2020-02-11T11:32:00,1016.4,2020-02-11T17:14:00,20.2,24.2,2020-02-11T15:21:00,17.2,2020-02-11T06:31:00,77,54,2020-02-11T15:23:00,1.0,42,4.1,16,2020-02-11T11:48:00,0.0,,,,,,,,,,,,,,,,0.0,,,,0,,96,2020-02-11T23:52:00,,,,,,,,,,,,,,,,,,,,,,,,,,,,,,,,,,,,,,,,,,,,,,,,,,,,,,,,,,,,,,,,,,,,,,,,,,
2020-02-12,1015.1,1017.8,2020-02-12T00:01:00,1012.6,2020-02-12T15:14:00,24.1,30.6,2020-02-12T14:13:00,18.0,2020-02-12T06:45:00,70,38,2020-02-12T12:51:00,1.8,179,7.9,246,2020-02-12T12:46:00,0.0,,,,,,,,,,,,,,,,0.0,,,,0,,100,2020-02-12T01:11:00,,,,,,,,,,,,,,,,,,,,,,,,,,,,,,,,,,,,,,,,,,,,,,,,,,,,,,,,,,,,,,,,,,,,,,,,,,
2020-02-13,1013.2,1015.2,2020-02-13T21:13:00,1011.0,2020-02-13T13:32:00,24.2,29.6,2020-02-13T12:23:00,20.5,2020-02-13T04:42:00,84,58,2020-02-13T12:23:00,2.0,112,8.4,249,2020-02-13T11:56:00,0.0,,,,,,,,,,,,,,,,0.0,,,,0,,100,2020-02-13T21:23:00,,,,,,,,,,,,,,,,,,,,,,,,,,,,,,,,,,,,,,,,,,,,,,,,,,,,,,,,,,,,,,,,,,,,,,,,,,
2020-02-14,1011.8,1014.0,2020-02-14T22:06:00,1010.1,2020-02-14T14:57:00,25.0,30.6,2020-02-14T12:47:00,21.0,2020-02-14T05:11:00,83,56,2020-02-14T12:51:00,1.8,26,8.6,231,2020-02-14T13:26:00,1.0,,,,,,,,,,,,,,,,0.5,2020-02-14T20:00:00,,,0,,100,2020-02-14T19:11:00,,,,,,,,,,,,,,,,,,,,,,,,,,,,,,,,,,,,,,,,,,,,,,,,,,,,,,,,,,,,,,,,,,,,,,,,,,
2020-02-15,1011.4,1013.6,2020-02-15T00:04:00,1008.3,2020-02-15T15:35:00,26.5,32.1,2020-02-15T13:11:00,21.3,2020-02-15T06:13:00,77,51,2020-02-15T12:01:00,2.1,78,10.0,228,2020-02-15T17:27:00,0.0,,,,,,,,,,,,,,,,0.0,,,,0,,100,2020-02-15T00:01:00,,,,,,,,,,,,,,,,,,,,,,,,,,,,,,,,,,,,,,,,,,,,,,,,,,,,,,,,,,,,,,,,,,,,,,,,,,
2020-02-16,1013.8,1017.6,2020-02-16T22:51:00,1011.3,2020-02-16T03:35:00,22.6,28.6,2020-02-16T09:55:00,14.5,2020-02-16T23:14:00,77,60,2020-02-16T13:45:00,2.2,11,9.9,9,2020-02-16T15:06:00,0.0,,,,,,,,,,,,,,,,0.0,,,,0,,97,2020-02-16T06:41:00,,,,,,,,,,,,,,,,,,,,,,,,,,,,,,,,,,,,,,,,,,,,,,,,,,,,,,,,,,,,,,,,,,,,,,,,,,
2020-02-17,1020.1,1022.3,2020-02-17T21:36:00,1016.8,2020-02-17T03:43:00,14.2,17.7,2020-02-17T16:23:00,11.0,2020-02-17T07:49:00,74,56,2020-02-17T22:22:00,2.4,14,8.1,11,2020-02-17T02:48:00,1.0,,,,,,,,,,,,,,,,0.5,2020-02-17T07:00:00,,,0,,100,2020-02-17T06:48:00,,,,,,,,,,,,,,,,,,,,,,,,,,,,,,,,,,,,,,,,,,,,,,,,,,,,,,,,,,,,,,,,,,,,,,,,,,
2020-02-18,1021.2,1023.3,2020-02-18T09:31:00,1019.1,2020-02-18T14:53:00,16.4,21.9,2020-02-18T14:02:00,11.8,2020-02-18T06:31:00,57,43,2020-02-18T05:22:00,1.7,29,5.6,41,2020-02-18T00:03:00,0.0,,,,,,,,,,,,,,,,0.0,,,,0,,75,2020-02-18T23:52:00,,,,,,,,,,,,,,,,,,,,,,,,,,,,,,,,,,,,,,,,,,,,,,,,,,,,,,,,,,,,,,,,,,,,,,,,,,
2020-02-19,1020.7,1022.2,2020-02-19T08:51:00,1019.1,2020-02-19T14:32:00,18.2,23.4,2020-02-19T13:26:00,12.9,2020-02-19T06:21:00,70,44,2020-02-19T15:28:00,1.7,24,6.5,281,2020-02-19T14:11:00,0.0,,,,,,,,,,,,,,,,0.0,,,,0,,95,2020-02-20T00:00:00,,,,,,,,,,,,,,,,,,,,,,,,,,,,,,,,,,,,,,,,,,,,,,,,,,,,,,,,,,,,,,,,,,,,,,,,,,
2020-02-20,1021.3,1023.2,2020-02-20T09:21:00,1019.3,2020-02-20T02:56:00,19.5,25.6,2020-02-20T12:11:00,14.4,2020-02-20T04:41:00,77,39,2020-02-20T12:13:00,1.8,28,6.1,32,2020-02-20T08:59:00,0.0,,,,,,,,,,,,,,,,0.0,,,,0,,100,2020-02-20T01:21:00,,,,,,,,,,,,,,,,,,,,,,,,,,,,,,,,,,,,,,,,,,,,,,,,,,,,,,,,,,,,,,,,,,,,,,,,,,
2020-02-21,1022.6,1024.7,2020-02-21T09:03:00,1020.7,2020-02-21T15:21:00,20.3,25.7,2020-02-21T14:02:00,15.9,2020-02-21T05:57:00,84,53,2020-02-21T12:01:00,1.7,27,6.4,296,2020-02-21T15:44:00,0.0,,,,,,,,,,,,,,,,0.0,,,,0,,100,2020-02-21T01:01:00,,,,,,,,,,,,,,,,,,,,,,,,,,,,,,,,,,,,,,,,,,,,,,,,,,,,,,,,,,,,,,,,,,,,,,,,,,
2020-02-22,1021.8,1023.5,2020-02-22T09:29:00,1019.7,2020-02-22T15:55:00,20.6,26.0,2020-02-22T11:38:00,16.1,2020-02-22T06:32:00,84,55,2020-02-22T11:38:00,1.7,34,6.0,20,2020-02-22T19:13:00,0.0,,,,,,,,,,,,,,,,0.0,,,,0,,100,2020-02-22T00:01:00,,,,,,,,,,,,,,,,,,,,,,,,,,,,,,,,,,,,,,,,,,,,,,,,,,,,,,,,,,,,,,,,,,,,,,,,,,
2020-02-23,1020.4,1022.9,2020-02-23T09:27:00,1018.5,2020-02-23T14:52:00,20.7,25.1,2020-02-23T12:51:00,17.1,2020-02-23T08:03:00,86,58,2020-02-23T12:21:00,1.2,232,4.5,244,2020-02-23T13:52:00,0.0,,,,,,,,,,,,,,,,0.0,,,,0,,100,2020-02-23T00:01:00,,,,,,,,,,,,,,,,,,,,,,,,,,,,,,,,,,,,,,,,,,,,,,,,,,,,,,,,,,,,,,,,,,,,,,,,,,
2020-02-24,1017.3,1019.5,2020-02-24T09:02:00,1015.3,2020-02-24T15:14:00,21.9,27.4,2020-02-24T12:44:00,17.0,2020-02-24T06:13:00,82,54,2020-02-24T12:44:00,1.4,27,6.7,298,2020-02-24T14:17:00,0.0,,,,,,,,,,,,,,,,0.0,,,,0,,100,2020-02-24T00:54:00,,,,,,,,,,,,,,,,,,,,,,,,,,,,,,,,,,,,,,,,,,,,,,,,,,,,,,,,,,,,,,,,,,,,,,,,,,
2020-02-25,1014.7,1016.8,2020-02-25T09:27:00,1012.5,2020-02-25T14:52:00,24.0,31.1,2020-02-25T14:41:00,18.8,2020-02-25T06:35:00,74,43,2020-02-25T13:41:00,1.7,28,6.8,5,2020-02-25T09:27:00,0.0,,,,,,,,,,,,,,,,0.0,,,,0,,100,2020-02-25T01:52:00,,,,,,,,,,,,,,,,,,,,,,,,,,,,,,,,,,,,,,,,,,,,,,,,,,,,,,,,,,,,,,,,,,,,,,,,,,
2020-02-26,1014.6,1016.5,2020-02-26T09:01:00,1012.5,2020-02-26T15:11:00,24.8,29.5,2020-02-26T11:03:00,20.7,2020-02-26T06:33:00,77,48,2020-02-26T11:03:00,2.0,345,9.0,328,2020-02-26T15:08:00,0.0,,,,,,,,,,,,,,,,0.0,,,,0,,100,2020-02-26T23:31:00,,,,,,,,,,,,,,,,,,,,,,,,,,,,,,,,,,,,,,,,,,,,,,,,,,,,,,,,,,,,,,,,,,,,,,,,,,
2020-02-27,1015.5,1017.1,2020-02-27T09:33:00,1014.0,2020-02-27T15:14:00,23.6,30.1,2020-02-27T10:44:00,21.0,2020-02-27T06:42:00,82,49,2020-02-27T10:44:00,2.0,30,5.7,27,2020-02-27T04:26:00,0.0,,,,,,,,,,,,,,,,0.0,,,,0,,100,2020-02-27T00:01:00,,,,,,,,,,,,,,,,,,,,,,,,,,,,,,,,,,,,,,,,,,,,,,,,,,,,,,,,,,,,,,,,,,,,,,,,,,
2020-02-28,1014.3,1016.2,2020-02-28T00:01:00,1012.1,2020-02-28T15:32:00,23.5,28.3,2020-02-28T11:44:00,19.3,2020-02-28T04:07:00,77,53,2020-02-28T11:44:00,1.5,28,7.4,306,2020-02-28T15:32:00,0.0,,,,,,,,,,,,,,,,0.0,,,,0,,100,2020-02-28T02:01:00,,,,,,,,,,,,,,,,,,,,,,,,,,,,,,,,,,,,,,,,,,,,,,,,,,,,,,,,,,,,,,,,,,,,,,,,,,
2020-02-29,1011.6,1013.9,2020-02-29T09:26:00,1009.1,2020-02-29T15:41:00,25.0,29.7,2020-02-29T12:22:00,20.6,2020-02-29T03:18:00,76,49,2020-02-29T14:02:00,1.3,9,6.1,257,2020-02-29T13:33:00,0.0,,,,,,,,,,,,,,,,0.0,,,,0,,98,2020-02-29T06:52:00,,,,,,,,,,,,,,,,,,,,,,,,,,,,,,,,,,,,,,,,,,,,,,,,,,,,,,,,,,,,,,,,,,,,,,,,,,
2020-03-01,1010.7,1012.4,2020-03-01T23:45:00,1008.9,2020-03-01T15:12:00,24.7,29.6,2020-03-01T11:08:00,21.4,2020-03-01T05:17:00,80,50,2020-03-01T10:54:00,2.0,317,9.3,321,2020-03-01T15:52:00,0.0,,,,,,,,,,,,,,,,0.0,,,,0,,100,2020-03-01T05:18:00,,,,,,,,,,,,,,,,,,,,,,,,,,,,,,,,,,,,,,,,,,,,,,,,,,,,,,,,,,,,,,,,,,,,,,,,,,
2020-03-02,1013.8,1016.1,2020-03-02T22:18:00,1011.5,2020-03-02T02:53:00,23.3,27.1,2020-03-02T12:23:00,20.6,2020-03-02T07:34:00,79,58,2020-03-02T14:46:00,1.9,23,6.6,265,2020-03-02T12:55:00,0.0,,,,,,,,,,,,,,,,0.0,,,,0,,100,2020-03-02T00:01:00,,,,,,,,,,,,,,,,,,,,,,,,,,,,,,,,,,,,,,,,,,,,,,,,,,,,,,,,,,,,,,,,,,,,,,,,,,
2020-03-03,1014.6,1016.8,2020-03-03T08:13:00,1011.4,2020-03-03T16:11:00,23.5,29.0,2020-03-03T13:32:00,18.3,2020-03-03T06:15:00,66,45,2020-03-03T13:25:00,2.4,29,7.8,314,2020-03-03T16:49:00,0.0,,,,,,,,,,,,,,,,0.0,,,,0,,89,2020-03-03T06:36:00,,,,,,,,,,,,,,,,,,,,,,,,,,,,,,,,,,,,,,,,,,,,,,,,,,,,,,,,,,,,,,,,,,,,,,,,,,
2020-03-04,1013.6,1015.9,2020-03-04T08:39:00,1010.7,2020-03-04T15:03:00,23.2,27.9,2020-03-04T13:34:00,18.2,2020-03-04T23:59:00,75,54,2020-03-04T11:47:00,2.5,26,8.3,44,2020-03-04T11:32:00,0.0,,,,,,,,,,,,,,,,0.0,,,,0,,99,2020-03-04T05:55:00,,,,,,,,,,,,,,,,,,,,,,,,,,,,,,,,,,,,,,,,,,,,,,,,,,,,,,,,,,,,,,,,,,,,,,,,,,
2020-03-05,1014.5,1016.4,2020-03-05T09:11:00,1012.1,2020-03-05T14:34:00,19.7,25.0,2020-03-05T14:42:00,16.5,2020-03-05T06:14:00,81,57,2020-03-05T14:44:00,2.6,28,7.6,27,2020-03-05T13:04:00,0.0,,,,,,,,,,,,,,,,0.0,,,,0,,100,2020-03-05T05:53:00,,,,,,,,,,,,,,,,,,,,,,,,,,,,,,,,,,,,,,,,,,,,,,,,,,,,,,,,,,,,,,,,,,,,,,,,,,
2020-03-06,1013.8,1016.4,2020-03-06T09:41:00,1011.2,2020-03-06T13:56:00,21.4,26.2,2020-03-06T12:45:00,17.2,2020-03-06T05:22:00,74,55,2020-03-06T12:15:00,1.5,24,6.4,311,2020-03-06T12:48:00,0.0,,,,,,,,,,,,,,,,0.0,,,,0,,89,2020-03-06T05:25:00,,,,,,,,,,,,,,,,,,,,,,,,,,,,,,,,,,,,,,,,,,,,,,,,,,,,,,,,,,,,,,,,,,,,,,,,,,
2020-03-07,1010.9,1013.7,2020-03-07T00:01:00,1007.8,2020-03-07T14:52:00,24.3,30.1,2020-03-07T13:12:00,19.9,2020-03-07T03:46:00,76,48,2020-03-07T11:34:00,1.6,246,5.9,308,2020-03-07T16:38:00,0.0,,,,,,,,,,,,,,,,0.0,,,,0,,100,2020-03-07T03:33:00,,,,,,,,,,,,,,,,,,,,,,,,,,,,,,,,,,,,,,,,,,,,,,,,,,,,,,,,,,,,,,,,,,,,,,,,,,
2020-03-08,1008.5,1010.6,2020-03-08T08:51:00,1006.4,2020-03-08T14:52:00,24.7,29.7,2020-03-08T10:54:00,21.1,2020-03-08T06:07:00,79,55,2020-03-08T10:51:00,1.9,27,6.4,247,2020-03-08T12:30:00,0.0,,,,,,,,,,,,,,,,0.0,,,,0,,99,2020-03-08T23:57:00,,,,,,,,,,,,,,,,,,,,,,,,,,,,,,,,,,,,,,,,,,,,,,,,,,,,,,,,,,,,,,,,,,,,,,,,,,
2020-03-09,1006.8,1008.8,2020-03-09T23:01:00,1004.3,2020-03-09T14:32:00,25.9,30.5,2020-03-09T14:31:00,21.4,2020-03-09T01:51:00,80,55,2020-03-09T14:13:00,1.6,60,7.8,216,2020-03-09T12:17:00,0.0,,,,,,,,,,,,,,,,0.0,,,,0,,100,2020-03-09T00:23:00,,,,,,,,,,,,,,,,,,,,,,,,,,,,,,,,,,,,,,,,,,,,,,,,,,,,,,,,,,,,,,,,,,,,,,,,,,
2020-03-10,1009.4,1013.5,2020-03-10T22:53:00,1006.8,2020-03-10T03:42:00,23.6,27.4,2020-03-10T09:05:00,19.2,2020-03-10T23:41:00,85,69,2020-03-10T14:47:00,1.8,30,12.9,332,2020-03-10T09:24:00,15.0,,,,,,,,,,,,,,,,14.5,2020-03-10T10:00:00,,,0,,100,2020-03-10T09:33:00,,,,,,,,,,,,,,,,,,,,,,,,,,,,,,,,,,,,,,,,,,,,,,,,,,,,,,,,,,,,,,,,,,,,,,,,,,
2020-03-11,1014.5,1016.3,2020-03-11T08:28:00,1012.8,2020-03-11T02:42:00,21.4,26.7,2020-03-11T12:14:00,17.8,2020-03-11T07:21:00,67,54,2020-03-11T12:51:00,1.5,27,6.4,42,2020-03-11T00:28:00,0.0,,,,,,,,,,,,,,,,0.0,,,,0,,80,2020-03-11T06:04:00,,,,,,,,,,,,,,,,,,,,,,,,,,,,,,,,,,,,,,,,,,,,,,,,,,,,,,,,,,,,,,,,,,,,,,,,,,
2020-03-12,1013.2,1015.2,2020-03-12T08:32:00,1010.2,2020-03-12T16:15:00,24.3,29.7,2020-03-12T16:21:00,19.2,2020-03-12T06:11:00,75,50,2020-03-12T11:51:00,1.4,241,7.0,239,2020-03-12T15:28:00,0.0,,,,,,,,,,,,,,,,0.0,,,,0,,96,2020-03-12T06:44:00,,,,,,,,,,,,,,,,,,,,,,,,,,,,,,,,,,,,,,,,,,,,,,,,,,,,,,,,,,,,,,,,,,,,,,,,,,
2020-03-13,1012.3,1014.3,2020-03-13T09:47:00,1010.3,2020-03-13T14:41:00,25.1,30.2,2020-03-13T12:05:00,21.3,2020-03-13T06:13:00,84,61,2020-03-13T12:05:00,1.9,13,8.3,293,2020-03-13T12:53:00,0.0,,,,,,,,,,,,,,,,0.0,,,,0,,100,2020-03-13T05:02:00,,,,,,,,,,,,,,,,,,,,,,,,,,,,,,,,,,,,,,,,,,,,,,,,,,,,,,,,,,,,,,,,,,,,,,,,,,
2020-03-14,1012.7,1015.5,2020-03-14T22:21:00,1010.5,2020-03-14T03:56:00,19.9,23.8,2020-03-14T00:01:00,17.5,2020-03-14T11:31:00,94,70,2020-03-14T23:51:00,2.0,34,6.9,49,2020-03-14T11:55:00,10.5,,,,,,,,,,,,,,,,2.5,2020-03-14T07:00:00,,,0,,100,2020-03-14T01:01:00,,,,,,,,,,,,,,,,,,,,,,,,,,,,,,,,,,,,,,,,,,,,,,,,,,,,,,,,,,,,,,,,,,,,,,,,,,
2020-03-15,1015.6,1017.3,2020-03-15T09:41:00,1013.5,2020-03-15T15:31:00,20.2,25.1,2020-03-15T11:53:00,17.0,2020-03-15T06:53:00,60,43,2020-03-15T11:53:00,1.9,94,7.0,38,2020-03-15T09:17:00,0.0,,,,,,,,,,,,,,,,0.0,,,,0,,87,2020-03-15T23:42:00,,,,,,,,,,,,,,,,,,,,,,,,,,,,,,,,,,,,,,,,,,,,,,,,,,,,,,,,,,,,,,,,,,,,,,,,,,
2020-03-16,1016.9,1018.6,2020-03-16T08:16:00,1015.1,2020-03-16T15:01:00,21.6,25.8,2020-03-16T14:11:00,17.0,2020-03-16T05:14:00,68,45,2020-03-16T10:49:00,1.5,11,6.7,282,2020-03-16T13:25:00,0.0,,,,,,,,,,,,,,,,0.0,,,,0,,96,2020-03-16T05:31:00,,,,,,,,,,,,,,,,,,,,,,,,,,,,,,,,,,,,,,,,,,,,,,,,,,,,,,,,,,,,,,,,,,,,,,,,,,
2020-03-17,1016.0,1017.9,2020-03-17T08:21:00,1013.7,2020-03-17T15:22:00,22.3,26.6,2020-03-17T13:41:00,17.5,2020-03-17T05:41:00,63,40,2020-03-17T11:52:00,1.4,65,6.7,245,2020-03-17T12:22:00,0.0,,,,,,,,,,,,,,,,0.0,,,,0,,88,2020-03-17T05:54:00,,,,,,,,,,,,,,,,,,,,,,,,,,,,,,,,,,,,,,,,,,,,,,,,,,,,,,,,,,,,,,,,,,,,,,,,,,
2020-03-18,1012.8,1015.2,2020-03-18T00:01:00,1010.6,2020-03-18T21:14:00,23.1,26.9,2020-03-18T10:23:00,18.9,2020-03-18T05:13:00,74,55,2020-03-18T10:23:00,1.3,88,5.6,284,2020-03-18T12:30:00,0.0,,,,,,,,,,,,,,,,0.0,,,,0,,95,2020-03-18T05:31:00,,,,,,,,,,,,,,,,,,,,,,,,,,,,,,,,,,,,,,,,,,,,,,,,,,,,,,,,,,,,,,,,,,,,,,,,,,
2020-03-19,1011.4,1013.0,2020-03-19T08:42:00,1009.4,2020-03-19T15:12:00,24.6,29.4,2020-03-19T13:42:00,21.3,2020-03-19T05:51:00,73,51,2020-03-19T13:42:00,1.4,62,7.3,308,2020-03-19T16:07:00,0.0,,,,,,,,,,,,,,,,0.0,,,,0,,92,2020-03-19T23:54:00,,,,,,,,,,,,,,,,,,,,,,,,,,,,,,,,,,,,,,,,,,,,,,,,,,,,,,,,,,,,,,,,,,,,,,,,,,
2020-03-20,1012.1,1013.5,2020-03-20T09:16:00,1010.5,2020-03-20T14:52:00,25.0,29.3,2020-03-20T12:01:00,21.4,2020-03-20T06:18:00,74,48,2020-03-20T12:45:00,1.5,25,5.7,263,2020-03-20T12:27:00,0.0,,,,,,,,,,,,,,,,0.0,,,,0,,96,2020-03-20T02:27:00,,,,,,,,,,,,,,,,,,,,,,,,,,,,,,,,,,,,,,,,,,,,,,,,,,,,,,,,,,,,,,,,,,,,,,,,,,
2020-03-21,1012.6,1014.8,2020-03-21T09:03:00,1010.2,2020-03-21T15:12:00,24.6,28.7,2020-03-21T10:34:00,20.9,2020-03-21T05:43:00,82,58,2020-03-21T10:41:00,1.4,241,6.7,238,2020-03-21T14:24:00,0.0,,,,,,,,,,,,,,,,0.0,,,,0,,100,2020-03-21T03:46:00,,,,,,,,,,,,,,,,,,,,,,,,,,,,,,,,,,,,,,,,,,,,,,,,,,,,,,,,,,,,,,,,,,,,,,,,,,
2020-03-22,1011.2,1013.3,2020-03-22T09:31:00,1009.4,2020-03-22T16:33:00,25.2,30.1,2020-03-22T11:45:00,21.7,2020-03-22T05:03:00,82,53,2020-03-22T11:46:00,1.5,52,7.0,290,2020-03-22T13:47:00,0.0,,,,,,,,,,,,,,,,0.0,,,,0,,100,2020-03-22T03:51:00,,,,,,,,,,,,,,,,,,,,,,,,,,,,,,,,,,,,,,,,,,,,,,,,,,,,,,,,,,,,,,,,,,,,,,,,,,
2020-03-23,1011.0,1012.6,2020-03-23T21:42:00,1009.1,2020-03-23T15:22:00,25.7,30.5,2020-03-23T13:53:00,21.9,2020-03-23T05:11:00,79,47,2020-03-23T16:01:00,1.8,27,7.7,324,2020-03-23T15:00:00,0.0,,,,,,,,,,,,,,,,0.0,,,,0,,100,2020-03-23T04:54:00,,,,,,,,,,,,,,,,,,,,,,,,,,,,,,,,,,,,,,,,,,,,,,,,,,,,,,,,,,,,,,,,,,,,,,,,,,
2020-03-24,1011.7,1013.4,2020-03-24T09:53:00,1010.3,2020-03-24T14:57:00,24.9,29.5,2020-03-24T14:11:00,21.6,2020-03-24T06:01:00,79,55,2020-03-24T14:11:00,1.6,33,6.8,285,2020-03-24T13:11:00,0.0,,,,,,,,,,,,,,,,0.0,,,,0,,100,2020-03-24T06:16:00,,,,,,,,,,,,,,,,,,,,,,,,,,,,,,,,,,,,,,,,,,,,,,,,,,,,,,,,,,,,,,,,,,,,,,,,,,
2020-03-25,1011.0,1012.7,2020-03-25T08:42:00,1009.2,2020-03-25T17:02:00,25.8,30.5,2020-03-25T14:02:00,21.7,2020-03-25T06:23:00,79,10,2020-03-25T05:16:00,1.4,22,6.0,289,2020-03-25T12:30:00,0.0,,,,,,,,,,,,,,,,0.0,,,,0,,100,2020-03-25T04:21:00,,,,,,,,,,,,,,,,,,,,,,,,,,,,,,,,,,,,,,,,,,,,,,,,,,,,,,,,,,,,,,,,,,,,,,,,,,
2020-03-26,1011.0,1012.6,2020-03-26T22:13:00,1008.3,2020-03-26T16:18:00,28.0,34.1,2020-03-26T12:11:00,22.0,2020-03-26T05:55:00,70,39,2020-03-26T12:31:00,2.1,175,10.7,145,2020-03-26T15:22:00,0.0,,,,,,,,,,,,,,,,0.0,,,,0,,100,2020-03-26T04:21:00,,,,,,,,,,,,,,,,,,,,,,,,,,,,,,,,,,,,,,,,,,,,,,,,,,,,,,,,,,,,,,,,,,,,,,,,,,
2020-03-27,1010.7,1012.6,2020-03-27T10:03:00,1008.7,2020-03-27T15:11:00,28.3,32.1,2020-03-27T13:12:00,24.2,2020-03-27T05:47:00,75,56,2020-03-27T09:42:00,1.8,222,8.9,233,2020-03-27T15:29:00,0.0,,,,,,,,,,,,,,,,0.0,,,,0,,96,2020-03-27T23:52:00,,,,,,,,,,,,,,,,,,,,,,,,,,,,,,,,,,,,,,,,,,,,,,,,,,,,,,,,,,,,,,,,,,,,,,,,,,
2020-03-28,1009.6,1011.6,2020-03-28T23:53:00,1007.2,2020-03-28T15:08:00,24.7,31.1,2020-03-28T13:21:00,18.2,2020-03-28T23:48:00,82,54,2020-03-28T12:22:00,2.3,64,10.2,354,2020-03-28T16:11:00,37.0,,,,,,,,,,,,,,,,24.0,2020-03-28T07:00:00,,,0,,100,2020-03-28T01:56:00,,,,,,,,,,,,,,,,,,,,,,,,,,,,,,,,,,,,,,,,,,,,,,,,,,,,,,,,,,,,,,,,,,,,,,,,,,
2020-03-29,1011.3,1013.3,2020-03-29T08:32:00,1008.4,2020-03-29T16:21:00,22.0,27.0,2020-03-29T14:51:00,17.0,2020-03-29T06:31:00,73,56,2020-03-29T13:26:00,1.9,31,6.6,23,2020-03-29T01:02:00,0.0,,,,,,,,,,,,,,,,0.0,,,,0,,88,2020-03-29T04:21:00,,,,,,,,,,,,,,,,,,,,,,,,,,,,,,,,,,,,,,,,,,,,,,,,,,,,,,,,,,,,,,,,,,,,,,,,,,
2020-03-30,1009.9,1011.3,2020-03-30T00:01:00,1008.1,2020-03-30T14:41:00,25.1,31.2,2020-03-30T11:13:00,20.9,2020-03-30T04:58:00,74,42,2020-03-30T11:00:00,1.7,34,6.7,249,2020-03-30T12:13:00,0.0,,,,,,,,,,,,,,,,0.0,,,,0,,93,2020-03-30T23:42:00,,,,,,,,,,,,,,,,,,,,,,,,,,,,,,,,,,,,,,,,,,,,,,,,,,,,,,,,,,,,,,,,,,,,,,,,,,
2020-03-31,1009.9,1012.0,2020-03-31T09:06:00,1007.9,2020-03-31T15:11:00,25.2,31.4,2020-03-31T11:33:00,20.7,2020-03-31T05:33:00,83,52,2020-03-31T11:46:00,1.5,270,7.5,234,2020-03-31T12:32:00,0.0,,,,,,,,,,,,,,,,0.0,,,,0,,100,2020-03-31T01:25:00,,,,,,,,,,,,,,,,,,,,,,,,,,,,,,,,,,,,,,,,,,,,,,,,,,,,,,,,,,,,,,,,,,,,,,,,,,
2020-04-01,1011.0,1013.7,2020-04-01T23:08:00,1008.8,2020-04-01T15:02:00,25.0,29.3,2020-04-01T13:53:00,21.5,2020-04-01T23:53:00,79,60,2020-04-01T13:53:00,2.0,27,7.4,314,2020-04-01T12:40:00,0.0,,,,,,,,,,,,,,,,0.0,,,,0,,100,2020-04-01T01:41:00,,,,,,,,,,,,,,,,,,,,,,,,,,,,,,,,,,,,,,,,,,,,,,,,,,,,,,,,,,,,,,,,,,,,,,,,,,
2020-04-02,1014.1,1017.1,2020-04-02T09:52:00,1011.6,2020-04-02T02:31:00,22.3,27.4,2020-04-02T14:36:00,19.7,2020-04-02T05:29:00,79,60,2020-04-02T14:35:00,1.7,29,9.9,17,2020-04-02T18:58:00,0.0,,,,,,,,,,,,,,,,0.0,,,,0,,93,2020-04-02T10:01:00,,,,,,,,,,,,,,,,,,,,,,,,,,,,,,,,,,,,,,,,,,,,,,,,,,,,,,,,,,,,,,,,,,,,,,,,,,
2020-04-03,1013.9,1015.5,2020-04-03T08:17:00,1011.8,2020-04-03T15:41:00,23.6,28.0,2020-04-03T10:44:00,20.3,2020-04-03T05:51:00,81,58,2020-04-03T11:36:00,2.0,20,6.6,248,2020-04-03T12:59:00,0.0,,,,,,,,,,,,,,,,0.0,,,,0,,99,2020-04-03T06:11:00,,,,,,,,,,,,,,,,,,,,,,,,,,,,,,,,,,,,,,,,,,,,,,,,,,,,,,,,,,,,,,,,,,,,,,,,,,
2020-04-04,1013.7,1015.6,2020-04-04T08:56:00,1011.8,2020-04-04T15:33:00,23.6,29.7,2020-04-04T14:31:00,10.5,2020-04-04T22:11:00,76,49,2020-04-04T14:52:00,2.2,25,9.4,33,2020-04-04T18:40:00,0.0,,,,,,,,,,,,,,,,0.0,,,,0,,100,2020-04-04T04:52:00,,,,,,,,,,,,,,,,,,,,,,,,,,,,,,,,,,,,,,,,,,,,,,,,,,,,,,,,,,,,,,,,,,,,,,,,,,
2020-04-05,1014.3,1016.1,2020-04-05T09:26:00,1012.6,2020-04-05T14:41:00,22.0,28.3,2020-04-05T12:22:00,18.1,2020-04-05T05:26:00,68,50,2020-04-05T12:58:00,1.9,24,7.9,334,2020-04-05T14:18:00,0.0,,,,,,,,,,,,,,,,0.0,,,,0,,83,2020-04-05T23:59:00,,,,,,,,,,,,,,,,,,,,,,,,,,,,,,,,,,,,,,,,,,,,,,,,,,,,,,,,,,,,,,,,,,,,,,,,,,
2020-04-06,1012.5,1014.9,2020-04-06T09:11:00,1009.7,2020-04-06T16:33:00,20.1,22.6,2020-04-06T15:34:00,18.7,2020-04-06T01:01:00,92,77,2020-04-06T16:11:00,1.9,26,7.1,53,2020-04-06T16:11:00,7.5,,,,,,,,,,,,,,,,6.0,2020-04-06T23:59:00,,,0,,100,2020-04-06T20:42:00,,,,,,,,,,,,,,,,,,,,,,,,,,,,,,,,,,,,,,,,,,,,,,,,,,,,,,,,,,,,,,,,,,,,,,,,,,
2020-04-07,1010.8,1012.6,2020-04-07T22:21:00,1008.8,2020-04-07T15:31:00,21.6,27.3,2020-04-07T14:07:00,18.3,2020-04-07T23:42:00,82,53,2020-04-07T14:11:00,2.0,28,7.6,26,2020-04-07T09:08:00,11.0,,,,,,,,,,,,,,,,3.0,2020-04-07T03:00:00,,,0,,100,2020-04-07T00:01:00,,,,,,,,,,,,,,,,,,,,,,,,,,,,,,,,,,,,,,,,,,,,,,,,,,,,,,,,,,,,,,,,,,,,,,,,,,
2020-04-08,1011.9,1014.1,2020-04-08T22:33:00,1010.0,2020-04-08T14:34:00,22.2,27.4,2020-04-08T14:36:00,16.9,2020-04-08T05:26:00,77,54,2020-04-08T13:05:00,1.6,27,5.8,270,2020-04-08T11:18:00,0.0,,,,,,,,,,,,,,,,0.0,,,,0,,100,2020-04-08T06:03:00,,,,,,,,,,,,,,,,,,,,,,,,,,,,,,,,,,,,,,,,,,,,,,,,,,,,,,,,,,,,,,,,,,,,,,,,,,
2020-04-09,1013.0,1014.9,2020-04-09T23:14:00,1011.5,2020-04-09T15:01:00,23.7,29.0,2020-04-09T12:46:00,19.5,2020-04-09T06:23:00,75,49,2020-04-09T12:46:00,1.8,19,7.5,315,2020-04-09T13:44:00,0.0,,,,,,,,,,,,,,,,0.0,,,,0,,100,2020-04-09T05:31:00,,,,,,,,,,,,,,,,,,,,,,,,,,,,,,,,,,,,,,,,,,,,,,,,,,,,,,,,,,,,,,,,,,,,,,,,,,
2020-04-10,1014.6,1016.3,2020-04-10T10:17:00,1012.8,2020-04-10T15:23:00,24.0,28.5,2020-04-10T10:01:00,20.1,2020-04-10T05:51:00,78,59,2020-04-10T10:02:00,1.4,275,7.1,303,2020-04-10T15:39:00,0.0,,,,,,,,,,,,,,,,0.0,,,,0,,100,2020-04-10T05:36:00,,,,,,,,,,,,,,,,,,,,,,,,,,,,,,,,,,,,,,,,,,,,,,,,,,,,,,,,,,,,,,,,,,,,,,,,,,
2020-04-11,1011.6,1014.7,2020-04-11T00:01:00,1009.4,2020-04-11T15:41:00,24.1,28.9,2020-04-11T12:43:00,20.6,2020-04-11T05:22:00,78,52,2020-04-11T11:11:00,1.9,19,6.7,7,2020-04-11T18:34:00,0.0,,,,,,,,,,,,,,,,0.0,,,,0,,91,2020-04-11T04:01:00,,,,,,,,,,,,,,,,,,,,,,,,,,,,,,,,,,,,,,,,,,,,,,,,,,,,,,,,,,,,,,,,,,,,,,,,,,
2020-04-12,1011.2,1014.7,2020-04-12T22:11:00,1008.8,2020-04-12T03:25:00,21.3,26.1,2020-04-12T14:21:00,16.4,2020-04-12T23:58:00,67,46,2020-04-12T13:42:00,3.4,10,10.9,38,2020-04-12T18:11:00,0.0,,,,,,,,,,,,,,,,0.0,,,,0,,100,2020-04-12T03:45:00,,,,,,,,,,,,,,,,,,,,,,,,,,,,,,,,,,,,,,,,,,,,,,,,,,,,,,,,,,,,,,,,,,,,,,,,,,
2020-04-13,1014.1,1016.7,2020-04-13T22:12:00,1012.5,2020-04-13T02:45:00,20.4,26.7,2020-04-13T13:32:00,15.0,2020-04-13T04:54:00,41,22,2020-04-13T10:12:00,2.0,23,7.4,24,2020-04-13T07:48:00,0.0,,,,,,,,,,,,,,,,0.0,,,,0,,65,2020-04-13T23:54:00,,,,,,,,,,,,,,,,,,,,,,,,,,,,,,,,,,,,,,,,,,,,,,,,,,,,,,,,,,,,,,,,,,,,,,,,,,
2020-04-14,1013.9,1015.5,2020-04-14T00:01:00,1011.8,2020-04-14T15:31:00,21.7,26.6,2020-04-14T12:31:00,16.6,2020-04-14T03:41:00,57,40,2020-04-14T12:31:00,1.4,276,6.4,250,2020-04-14T12:49:00,0.0,,,,,,,,,,,,,,,,0.0,,,,0,,72,2020-04-14T06:05:00,,,,,,,,,,,,,,,,,,,,,,,,,,,,,,,,,,,,,,,,,,,,,,,,,,,,,,,,,,,,,,,,,,,,,,,,,,
2020-04-15,1012.1,1014.0,2020-04-15T09:11:00,1010.2,2020-04-15T15:26:00,23.0,28.5,2020-04-15T13:31:00,18.1,2020-04-15T04:36:00,59,38,2020-04-15T10:36:00,1.8,10,8.5,314,2020-04-15T15:07:00,0.0,,,,,,,,,,,,,,,,0.0,,,,0,,75,2020-04-15T23:47:00,,,,,,,,,,,,,,,,,,,,,,,,,,,,,,,,,,,,,,,,,,,,,,,,,,,,,,,,,,,,,,,,,,,,,,,,,,
2020-04-16,1012.1,1013.5,2020-04-16T09:22:00,1010.6,2020-04-16T02:53:00,23.7,28.7,2020-04-16T12:52:00,18.0,2020-04-16T05:38:00,66,38,2020-04-16T09:47:00,1.3,81,5.9,257,2020-04-16T14:28:00,0.0,,,,,,,,,,,,,,,,0.0,,,,0,,90,2020-04-16T23:54:00,,,,,,,,,,,,,,,,,,,,,,,,,,,,,,,,,,,,,,,,,,,,,,,,,,,,,,,,,,,,,,,,,,,,,,,,,,
2020-04-17,1012.2,1013.8,2020-04-17T08:01:00,1010.3,2020-04-17T15:58:00,25.3,30.4,2020-04-17T15:45:00,20.0,2020-04-17T05:41:00,70,41,2020-04-17T10:41:00,1.4,42,6.5,305,2020-04-17T12:14:00,0.0,,,,,,,,,,,,,,,,0.0,,,,0,,93,2020-04-17T06:11:00,,,,,,,,,,,,,,,,,,,,,,,,,,,,,,,,,,,,,,,,,,,,,,,,,,,,,,,,,,,,,,,,,,,,,,,,,,
2020-04-18,1011.3,1013.2,2020-04-18T08:51:00,1008.8,2020-04-18T16:16:00,27.0,32.6,2020-04-18T10:35:00,22.0,2020-04-18T05:37:00,77,45,2020-04-18T10:41:00,1.6,245,7.5,249,2020-04-18T15:32:00,0.0,,,,,,,,,,,,,,,,0.0,,,,0,,94,2020-04-18T05:14:00,,,,,,,,,,,,,,,,,,,,,,,,,,,,,,,,,,,,,,,,,,,,,,,,,,,,,,,,,,,,,,,,,,,,,,,,,,
2020-04-19,1009.7,1011.4,2020-04-19T07:42:00,1008.2,2020-04-19T15:31:00,27.5,32.8,2020-04-19T13:01:00,24.2,2020-04-19T05:35:00,84,55,2020-04-19T13:33:00,1.6,102,7.7,250,2020-04-19T14:01:00,0.0,,,,,,,,,,,,,,,,0.0,,,,0,,100,2020-04-19T22:49:00,,,,,,,,,,,,,,,,,,,,,,,,,,,,,,,,,,,,,,,,,,,,,,,,,,,,,,,,,,,,,,,,,,,,,,,,,,
2020-04-20,1010.2,1012.3,2020-04-20T08:45:00,1008.7,2020-04-20T01:31:00,26.8,30.9,2020-04-20T12:52:00,23.2,2020-04-20T05:45:00,80,53,2020-04-20T10:01:00,1.2,268,6.6,262,2020-04-20T13:43:00,0.0,,,,,,,,,,,,,,,,0.0,,,,0,,100,2020-04-20T00:01:00,,,,,,,,,,,,,,,,,,,,,,,,,,,,,,,,,,,,,,,,,,,,,,,,,,,,,,,,,,,,,,,,,,,,,,,,,,
2020-04-21,1010.0,1011.5,2020-04-21T22:01:00,1008.2,2020-04-21T14:41:00,26.7,31.0,2020-04-21T09:25:00,23.4,2020-04-21T04:22:00,78,56,2020-04-21T09:25:00,1.9,9,6.9,264,2020-04-21T12:23:00,0.0,,,,,,,,,,,,,,,,0.0,,,,0,,97,2020-04-21T04:44:00,,,,,,,,,,,,,,,,,,,,,,,,,,,,,,,,,,,,,,,,,,,,,,,,,,,,,,,,,,,,,,,,,,,,,,,,,,
2020-04-22,1011.0,1013.4,2020-04-22T23:46:00,1008.9,2020-04-22T14:42:00,25.2,30.5,2020-04-22T12:01:00,22.0,2020-04-22T05:33:00,76,57,2020-04-22T11:51:00,2.2,29,6.8,45,2020-04-22T00:46:00,0.0,,,,,,,,,,,,,,,,0.0,,,,0,,96,2020-04-22T04:25:00,,,,,,,,,,,,,,,,,,,,,,,,,,,,,,,,,,,,,,,,,,,,,,,,,,,,,,,,,,,,,,,,,,,,,,,,,,
2020-04-23,1012.7,1013.6,2020-04-23T09:44:00,1011.6,2020-04-23T15:43:00,23.7,27.1,2020-04-23T13:33:00,21.1,2020-04-23T23:43:00,76,63,2020-04-23T13:33:00,2.2,24,7.5,1,2020-04-23T09:44:00,0.0,,,,,,,,,,,,,,,,0.0,,,,0,,90,2020-04-23T05:52:00,,,,,,,,,,,,,,,,,,,,,,,,,,,,,,,,,,,,,,,,,,,,,,,,,,,,,,,,,,,,,,,,,,,,,,,,,,
2020-04-24,1013.8,1015.4,2020-04-24T21:34:00,1012.1,2020-04-24T03:32:00,22.0,24.4,2020-04-24T15:14:00,10.5,2020-04-24T07:33:00,77,66,2020-04-24T15:29:00,2.0,13,6.7,360,2020-04-24T12:58:00,0.0,,,,,,,,,,,,,,,,0.0,,,,0,,90,2020-04-24T03:51:00,,,,,,,,,,,,,,,,,,,,,,,,,,,,,,,,,,,,,,,,,,,,,,,,,,,,,,,,,,,,,,,,,,,,,,,,,,
2020-04-25,1013.3,1015.0,2020-04-25T08:34:00,1011.5,2020-04-25T14:33:00,24.0,28.9,2020-04-25T12:02:00,20.6,2020-04-25T04:51:00,74,50,2020-04-25T11:13:00,1.7,52,6.8,313,2020-04-25T12:48:00,0.0,,,,,,,,,,,,,,,,0.0,,,,0,,92,2020-04-25T05:44:00,,,,,,,,,,,,,,,,,,,,,,,,,,,,,,,,,,,,,,,,,,,,,,,,,,,,,,,,,,,,,,,,,,,,,,,,,,
2020-04-26,1012.2,1014.0,2020-04-26T08:06:00,1010.0,2020-04-26T14:14:00,25.8,31.0,2020-04-26T13:12:00,21.8,2020-04-26T05:01:00,71,46,2020-04-26T12:04:00,2.1,17,9.4,306,2020-04-26T14:19:00,0.0,,,,,,,,,,,,,,,,0.0,,,,0,,95,2020-04-26T05:11:00,,,,,,,,,,,,,,,,,,,,,,,,,,,,,,,,,,,,,,,,,,,,,,,,,,,,,,,,,,,,,,,,,,,,,,,,,,
2020-04-27,1012.5,1013.9,2020-04-27T21:41:00,1011.0,2020-04-27T03:11:00,26.0,30.5,2020-04-27T14:01:00,22.1,2020-04-27T05:41:00,68,47,2020-04-27T14:04:00,1.6,21,6.7,301,2020-04-27T15:28:00,0.0,,,,,,,,,,,,,,,,0.0,,,,0,,89,2020-04-27T03:14:00,,,,,,,,,,,,,,,,,,,,,,,,,,,,,,,,,,,,,,,,,,,,,,,,,,,,,,,,,,,,,,,,,,,,,,,,,,
2020-04-28,1012.9,1014.2,2020-04-28T09:45:00,1011.5,2020-04-28T15:02:00,26.4,30.6,2020-04-28T09:56:00,22.8,2020-04-28T05:31:00,68,42,2020-04-28T11:38:00,1.4,237,7.3,227,2020-04-28T13:47:00,0.0,,,,,,,,,,,,,,,,0.0,,,,0,,95,2020-04-28T05:41:00,,,,,,,,,,,,,,,,,,,,,,,,,,,,,,,,,,,,,,,,,,,,,,,,,,,,,,,,,,,,,,,,,,,,,,,,,,
2020-04-29,1013.1,1014.4,2020-04-29T08:42:00,1011.6,2020-04-29T15:42:00,26.1,30.5,2020-04-29T12:11:00,22.9,2020-04-29T05:14:00,74,50,2020-04-29T10:23:00,1.5,31,7.2,248,2020-04-29T14:47:00,0.0,,,,,,,,,,,,,,,,0.0,,,,0,,89,2020-04-29T23:55:00,,,,,,,,,,,,,,,,,,,,,,,,,,,,,,,,,,,,,,,,,,,,,,,,,,,,,,,,,,,,,,,,,,,,,,,,,,
2020-04-30,1012.1,1013.7,2020-04-30T08:04:00,1010.3,2020-04-30T15:02:00,27.2,31.7,2020-04-30T10:11:00,22.9,2020-04-30T03:51:00,66,37,2020-04-30T15:31:00,1.4,1,6.9,320,2020-04-30T15:11:00,0.0,,,,,,,,,,,,,,,,0.0,,,,0,,99,2020-04-30T03:54:00,,,,,,,,,,,,,,,,,,,,,,,,,,,,,,,,,,,,,,,,,,,,,,,,,,,,,,,,,,,,,,,,,,,,,,,,,,
2020-05-01,1009.5,1011.6,2020-05-01T08:32:00,1007.1,2020-05-01T16:31:00,28.0,32.1,2020-05-01T10:42:00,23.8,2020-05-01T03:41:00,60,44,2020-05-01T13:02:00,1.7,309,8.5,325,2020-05-01T16:53:00,0.0,,,,,,,,,,,,,,,,0.0,,,,0,,82,2020-05-01T04:21:00,,,,,,,,,,,,,,,,,,,,,,,,,,,,,,,,,,,,,,,,,,,,,,,,,,,,,,,,,,,,,,,,,,,,,,,,,,
2020-05-02,1007.1,1009.2,2020-05-02T08:51:00,1005.3,2020-05-02T16:22:00,28.7,33.5,2020-05-02T11:04:00,25.2,2020-05-02T05:38:00,74,51,2020-05-02T11:04:00,1.7,244,9.0,261,2020-05-02T12:15:00,0.0,,,,,,,,,,,,,,,,0.0,,,,0,,93,2020-05-02T23:41:00,,,,,,,,,,,,,,,,,,,,,,,,,,,,,,,,,,,,,,,,,,,,,,,,,,,,,,,,,,,,,,,,,,,,,,,,,,
2020-05-03,1006.5,1007.9,2020-05-03T08:32:00,1005.0,2020-05-03T03:21:00,28.0,31.0,2020-05-03T12:54:00,25.4,2020-05-03T04:21:00,83,61,2020-05-03T12:25:00,1.5,251,7.4,285,2020-05-03T12:40:00,0.0,,,,,,,,,,,,,,,,0.0,,,,0,,100,2020-05-03T03:34:00,,,,,,,,,,,,,,,,,,,,,,,,,,,,,,,,,,,,,,,,,,,,,,,,,,,,,,,,,,,,,,,,,,,,,,,,,,
2020-05-04,1007.8,1008.9,2020-05-04T08:24:00,1006.7,2020-05-04T02:11:00,28.3,32.0,2020-05-04T12:02:00,25.6,2020-05-04T04:01:00,79,51,2020-05-04T13:11:00,1.7,239,7.5,247,2020-05-04T13:27:00,0.0,,,,,,,,,,,,,,,,0.0,,,,0,,96,2020-05-04T04:01:00,,,,,,,,,,,,,,,,,,,,,,,,,,,,,,,,,,,,,,,,,,,,,,,,,,,,,,,,,,,,,,,,,,,,,,,,,,
2020-05-05,1007.1,1009.1,2020-05-05T22:06:00,1005.5,2020-05-05T16:32:00,28.4,31.7,2020-05-05T11:14:00,25.2,2020-05-05T05:28:00,82,65,2020-05-05T09:51:00,1.7,240,8.6,249,2020-05-05T12:19:00,0.0,,,,,,,,,,,,,,,,0.0,,,,0,,99,2020-05-05T05:41:00,,,,,,,,,,,,,,,,,,,,,,,,,,,,,,,,,,,,,,,,,,,,,,,,,,,,,,,,,,,,,,,,,,,,,,,,,,
2020-05-06,1007.0,1008.6,2020-05-06T20:31:00,1005.3,2020-05-06T03:41:00,28.8,40.4,2020-05-06T15:41:00,25.7,2020-05-06T03:05:00,76,60,2020-05-06T13:04:00,1.5,60,7.0,284,2020-05-06T11:18:00,0.0,,,,,,,,,,,,,,,,0.0,,,,0,,95,2020-05-06T02:02:00,,,,,,,,,,,,,,,,,,,,,,,,,,,,,,,,,,,,,,,,,,,,,,,,,,,,,,,,,,,,,,,,,,,,,,,,,,
2020-05-07,1007.4,1008.8,2020-05-07T10:22:00,1006.0,2020-05-07T16:01:00,29.7,33.3,2020-05-07T16:41:00,27.2,2020-05-07T01:51:00,76,53,2020-05-07T16:46:00,1.2,258,7.2,282,2020-05-07T13:07:00,0.0,,,,,,,,,,,,,,,,0.0,,,,0,,90,2020-05-07T05:09:00,,,,,,,,,,,,,,,,,,,,,,,,,,,,,,,,,,,,,,,,,,,,,,,,,,,,,,,,,,,,,,,,,,,,,,,,,,
2020-05-08,1007.3,1008.7,2020-05-08T22:12:00,1005.7,2020-05-08T02:51:00,29.7,33.2,2020-05-08T10:51:00,27.1,2020-05-08T05:42:00,80,61,2020-05-08T12:52:00,1.7,232,8.2,234,2020-05-08T14:07:00,0.0,,,,,,,,,,,,,,,,0.0,,,,0,,93,2020-05-08T23:01:00,,,,,,,,,,,,,,,,,,,,,,,,,,,,,,,,,,,,,,,,,,,,,,,,,,,,,,,,,,,,,,,,,,,,,,,,,,
2020-05-09,1007.1,1008.5,2020-05-09T09:41:00,1005.6,2020-05-09T17:12:00,29.4,32.7,2020-05-09T12:41:00,26.6,2020-05-09T04:05:00,81,60,2020-05-09T13:42:00,1.5,242,7.8,265,2020-05-09T13:07:00,0.0,,,,,,,,,,,,,,,,0.0,,,,0,,97,2020-05-09T04:11:00,,,,,,,,,,,,,,,,,,,,,,,,,,,,,,,,,,,,,,,,,,,,,,,,,,,,,,,,,,,,,,,,,,,,,,,,,,
2020-05-10,1007.2,1008.3,2020-05-10T08:04:00,1005.0,2020-05-10T15:25:00,29.3,33.0,2020-05-10T10:01:00,26.5,2020-05-10T05:24:00,83,60,2020-05-10T10:03:00,1.8,243,7.8,241,2020-05-10T12:03:00,0.0,,,,,,,,,,,,,,,,0.0,,,,0,,99,2020-05-10T05:34:00,,,,,,,,,,,,,,,,,,,,,,,,,,,,,,,,,,,,,,,,,,,,,,,,,,,,,,,,,,,,,,,,,,,,,,,,,,
2020-05-11,1006.9,1008.7,2020-05-11T08:21:00,1004.7,2020-05-11T16:18:00,30.2,34.7,2020-05-11T15:51:00,27.4,2020-05-11T05:01:00,80,52,2020-05-11T15:54:00,1.6,25,7.1,277,2020-05-11T12:22:00,0.0,,,,,,,,,,,,,,,,0.0,,,,0,,100,2020-05-11T05:01:00,,,,,,,,,,,,,,,,,,,,,,,,,,,,,,,,,,,,,,,,,,,,,,,,,,,,,,,,,,,,,,,,,,,,,,,,,,
2020-05-12,1007.4,1009.2,2020-05-12T22:31:00,1005.8,2020-05-12T16:53:00,28.0,30.7,2020-05-12T12:34:00,25.6,2020-05-12T23:35:00,84,66,2020-05-12T12:37:00,1.9,17,10.4,338,2020-05-12T14:18:00,6.0,,,,,,,,,,,,,,,,6.0,2020-05-12T10:00:00,,,0,,100,2020-05-12T09:42:00,,,,,,,,,,,,,,,,,,,,,,,,,,,,,,,,,,,,,,,,,,,,,,,,,,,,,,,,,,,,,,,,,,,,,,,,,,
2020-05-13,1009.4,1010.9,2020-05-13T21:34:00,1008.1,2020-05-13T01:31:00,28.1,32.2,2020-05-13T11:01:00,25.0,2020-05-13T05:41:00,79,55,2020-05-13T13:16:00,1.3,280,7.1,287,2020-05-13T13:37:00,0.0,,,,,,,,,,,,,,,,0.0,,,,0,,100,2020-05-13T05:51:00,,,,,,,,,,,,,,,,,,,,,,,,,,,,,,,,,,,,,,,,,,,,,,,,,,,,,,,,,,,,,,,,,,,,,,,,,,
2020-05-14,1008.9,1010.6,2020-05-14T08:26:00,1007.0,2020-05-14T17:02:00,28.7,32.9,2020-05-14T13:01:00,25.2,2020-05-14T05:27:00,73,53,2020-05-14T12:22:00,1.3,113,7.6,261,2020-05-14T11:45:00,0.0,,,,,,,,,,,,,,,,0.0,,,,0,,93,2020-05-14T05:41:00,,,,,,,,,,,,,,,,,,,,,,,,,,,,,,,,,,,,,,,,,,,,,,,,,,,,,,,,,,,,,,,,,,,,,,,,,,
2020-05-15,1006.1,1007.8,2020-05-15T00:01:00,1004.1,2020-05-15T15:34:00,29.8,36.4,2020-05-15T15:01:00,25.7,2020-05-15T04:43:00,71,45,2020-05-15T15:01:00,1.8,253,8.1,246,2020-05-15T11:55:00,0.0,,,,,,,,,,,,,,,,0.0,,,,0,,92,2020-05-15T05:24:00,,,,,,,,,,,,,,,,,,,,,,,,,,,,,,,,,,,,,,,,,,,,,,,,,,,,,,,,,,,,,,,,,,,,,,,,,,
2020-05-16,1005.0,1006.8,2020-05-16T08:41:00,1002.8,2020-05-16T14:12:00,30.4,37.4,2020-05-16T14:22:00,26.2,2020-05-16T03:22:00,65,30,2020-05-16T15:21:00,2.1,32,10.7,195,2020-05-16T15:58:00,0.0,,,,,,,,,,,,,,,,0.0,,,,0,,87,2020-05-16T05:31:00,,,,,,,,,,,,,,,,,,,,,,,,,,,,,,,,,,,,,,,,,,,,,,,,,,,,,,,,,,,,,,,,,,,,,,,,,,
2020-05-17,1002.2,1004.2,2020-05-17T00:01:00,999.2,2020-05-17T16:21:00,29.3,34.4,2020-05-17T10:33:00,26.0,2020-05-17T03:26:00,73,47,2020-05-17T10:33:00,2.2,316,11.2,325,2020-05-17T12:50:00,0.0,,,,,,,,,,,,,,,,0.0,,,,0,,89,2020-05-17T21:51:00,,,,,,,,,,,,,,,,,,,,,,,,,,,,,,,,,,,,,,,,,,,,,,,,,,,,,,,,,,,,,,,,,,,,,,,,,,
2020-05-18,1002.8,1004.4,2020-05-18T23:35:00,1000.9,2020-05-18T02:41:00,29.1,32.6,2020-05-18T11:01:00,27.0,2020-05-18T04:01:00,81,58,2020-05-18T12:26:00,1.7,244,7.8,242,2020-05-18T15:27:00,1.0,,,,,,,,,,,,,,,,0.5,2020-05-18T20:00:00,,,0,,95,2020-05-18T04:01:00,,,,,,,,,,,,,,,,,,,,,,,,,,,,,,,,,,,,,,,,,,,,,,,,,,,,,,,,,,,,,,,,,,,,,,,,,,
2020-05-19,1004.5,1005.8,2020-05-19T23:31:00,1001.9,2020-05-19T04:41:00,25.7,31.2,2020-05-19T10:31:00,23.2,2020-05-19T12:07:00,94,62,2020-05-19T10:42:00,1.3,103,9.2,30,2020-05-19T11:50:00,19.0,,,,,,,,,,,,,,,,9.5,2020-05-19T12:00:00,,,0,,100,2020-05-19T05:01:00,,,,,,,,,,,,,,,,,,,,,,,,,,,,,,,,,,,,,,,,,,,,,,,,,,,,,,,,,,,,,,,,,,,,,,,,,,
2020-05-20,1005.8,1007.2,2020-05-20T10:59:00,1004.5,2020-05-20T03:33:00,25.5,29.6,2020-05-20T10:04:00,22.9,2020-05-20T14:18:00,93,71,2020-05-20T10:11:00,1.4,99,9.1,237,2020-05-20T13:18:00,20.5,,,,,,,,,,,,,,,,16.0,2020-05-20T14:00:00,,,0,,100,2020-05-20T00:01:00,,,,,,,,,,,,,,,,,,,,,,,,,,,,,,,,,,,,,,,,,,,,,,,,,,,,,,,,,,,,,,,,,,,,,,,,,,
2020-05-21,1004.5,1006.0,2020-05-21T10:04:00,1002.5,2020-05-21T23:51:00,25.3,26.6,2020-05-21T11:23:00,24.2,2020-05-21T17:17:00,99,92,2020-05-21T04:41:00,1.6,111,7.1,271,2020-05-21T16:38:00,68.5,,,,,,,,,,,,,,,,20.5,2020-05-21T13:00:00,,,0,,100,2020-05-21T06:27:00,,,,,,,,,,,,,,,,,,,,,,,,,,,,,,,,,,,,,,,,,,,,,,,,,,,,,,,,,,,,,,,,,,,,,,,,,,
2020-05-22,1001.8,1003.9,2020-05-22T09:54:00,999.9,2020-05-22T14:17:00,25.3,27.5,2020-05-22T02:14:00,24.3,2020-05-22T22:33:00,100,100,2020-05-22T00:01:00,1.8,215,13.2,300,2020-05-22T03:49:00,416.0,,,,,,,,,,,,,,,,56.5,2020-05-22T15:00:00,,,0,,100,2020-05-22T00:01:00,,,,,,,,,,,,,,,,,,,,,,,,,,,,,,,,,,,,,,,,,,,,,,,,,,,,,,,,,,,,,,,,,,,,,,,,,,
2020-05-23,1002.8,1004.9,2020-05-23T23:12:00,1000.2,2020-05-23T02:31:00,26.7,29.6,2020-05-23T12:15:00,24.5,2020-05-23T00:01:00,97,82,2020-05-23T12:17:00,0.9,20,4.3,321,2020-05-23T14:36:00,2.0,,,,,,,,,,,,,,,,1.0,2020-05-23T01:00:00,,,0,,100,2020-05-23T00:01:00,,,,,,,,,,,,,,,,,,,,,,,,,,,,,,,,,,,,,,,,,,,,,,,,,,,,,,,,,,,,,,,,,,,,,,,,,,
2020-05-24,1006.0,1008.2,2020-05-24T23:01:00,1004.0,2020-05-24T00:44:00,27.8,32.9,2020-05-24T11:45:00,25.6,2020-05-24T05:03:00,87,61,2020-05-24T11:52:00,1.0,45,6.4,222,2020-05-24T14:24:00,0.0,,,,,,,,,,,,,,,,0.0,,,,0,,100,2020-05-24T00:01:00,,,,,,,,,,,,,,,,,,,,,,,,,,,,,,,,,,,,,,,,,,,,,,,,,,,,,,,,,,,,,,,,,,,,,,,,,,
2020-05-25,1007.5,1008.4,2020-05-25T09:11:00,1006.5,2020-05-25T14:44:00,28.8,32.5,2020-05-25T11:02:00,26.0,2020-05-25T05:23:00,81,56,2020-05-25T12:41:00,1.5,29,6.0,270,2020-05-25T15:45:00,6.0,,,,,,,,,,,,,,,,5.0,2020-05-25T04:00:00,,,0,,100,2020-05-25T01:34:00,,,,,,,,,,,,,,,,,,,,,,,,,,,,,,,,,,,,,,,,,,,,,,,,,,,,,,,,,,,,,,,,,,,,,,,,,,
2020-05-26,1006.9,1008.4,2020-05-26T21:51:00,1005.3,2020-05-26T18:15:00,28.6,32.9,2020-05-26T15:14:00,24.7,2020-05-26T22:56:00,89,69,2020-05-26T15:14:00,1.7,111,8.5,259,2020-05-26T11:58:00,64.0,,,,,,,,,,,,,,,,30.5,2020-05-26T22:00:00,,,0,,100,2020-05-26T03:03:00,,,,,,,,,,,,,,,,,,,,,,,,,,,,,,,,,,,,,,,,,,,,,,,,,,,,,,,,,,,,,,,,,,,,,,,,,,
2020-05-27,1006.8,1008.6,2020-05-27T09:51:00,1005.0,2020-05-27T03:08:00,26.6,30.9,2020-05-27T16:32:00,24.0,2020-05-27T07:32:00,94,72,2020-05-27T16:43:00,1.4,125,6.5,126,2020-05-27T10:12:00,120.5,,,,,,,,,,,,,,,,41.0,2020-05-27T07:00:00,,,0,,100,2020-05-27T00:01:00,,,,,,,,,,,,,,,,,,,,,,,,,,,,,,,,,,,,,,,,,,,,,,,,,,,,,,,,,,,,,,,,,,,,,,,,,,
2020-05-28,1008.3,1009.9,2020-05-28T21:13:00,1006.8,2020-05-28T02:42:00,28.2,33.1,2020-05-28T11:42:00,24.2,2020-05-28T06:31:00,90,59,2020-05-28T11:53:00,1.5,117,7.8,21,2020-05-28T06:19:00,58.0,,,,,,,,,,,,,,,,30.0,2020-05-28T07:00:00,,,0,,100,2020-05-28T01:02:00,,,,,,,,,,,,,,,,,,,,,,,,,,,,,,,,,,,,,,,,,,,,,,,,,,,,,,,,,,,,,,,,,,,,,,,,,,
2020-05-29,1008.7,1010.2,2020-05-29T23:05:00,1006.6,2020-05-29T16:12:00,28.9,32.9,2020-05-29T10:15:00,26.1,2020-05-29T04:36:00,86,65,2020-05-29T08:54:00,1.4,86,7.9,237,2020-05-29T12:11:00,0.0,,,,,,,,,,,,,,,,0.0,,,,0,,100,2020-05-29T00:01:00,,,,,,,,,,,,,,,,,,,,,,,,,,,,,,,,,,,,,,,,,,,,,,,,,,,,,,,,,,,,,,,,,,,,,,,,,,
2020-05-30,1009.8,1011.0,2020-05-30T08:47:00,1008.6,2020-05-30T02:45:00,29.4,33.0,2020-05-30T09:06:00,26.0,2020-05-30T05:31:00,82,60,2020-05-30T10:11:00,1.5,109,6.1,248,2020-05-30T13:58:00,1.0,,,,,,,,,,,,,,,,1.0,2020-05-30T19:00:00,,,0,,99,2020-05-30T00:42:00,,,,,,,,,,,,,,,,,,,,,,,,,,,,,,,,,,,,,,,,,,,,,,,,,,,,,,,,,,,,,,,,,,,,,,,,,,
2020-05-31,1009.4,1010.7,2020-05-31T07:11:00,1007.2,2020-05-31T16:11:00,29.6,33.0,2020-05-31T10:32:00,26.6,2020-05-31T02:01:00,80,57,2020-05-31T10:32:00,1.5,96,7.0,301,2020-05-31T11:02:00,0.0,,,,,,,,,,,,,,,,0.0,,,,0,,98,2020-05-31T01:51:00,,,,,,,,,,,,,,,,,,,,,,,,,,,,,,,,,,,,,,,,,,,,,,,,,,,,,,,,,,,,,,,,,,,,,,,,,,
2020-06-01,1008.9,1010.5,2020-06-01T08:01:00,1006.7,2020-06-01T16:11:00,30.0,33.2,2020-06-01T09:52:00,26.7,2020-06-01T05:20:00,79,55,2020-06-01T11:44:00,1.5,240,7.2,251,2020-06-01T12:38:00,0.0,,,,,,,,,,,,,,,,0.0,,,,0,,99,2020-06-01T05:24:00,,,,,,,,,,,,,,,,,,,,,,,,,,,,,,,,,,,,,,,,,,,,,,,,,,,,,,,,,,,,,,,,,,,,,,,,,,
2020-06-02,1007.9,1009.5,2020-06-02T00:01:00,1006.1,2020-06-02T15:23:00,30.0,33.5,2020-06-02T13:51:00,26.9,2020-06-02T04:37:00,79,56,2020-06-02T12:02:00,1.5,54,7.4,278,2020-06-02T14:52:00,0.0,,,,,,,,,,,,,,,,0.0,,,,0,,98,2020-06-02T05:21:00,,,,,,,,,,,,,,,,,,,,,,,,,,,,,,,,,,,,,,,,,,,,,,,,,,,,,,,,,,,,,,,,,,,,,,,,,,
2020-06-03,1007.2,1008.8,2020-06-03T09:29:00,1005.0,2020-06-03T16:15:00,30.2,34.0,2020-06-03T14:01:00,26.6,2020-06-03T04:23:00,76,55,2020-06-03T13:51:00,1.5,35,6.7,227,2020-06-03T15:29:00,0.0,,,,,,,,,,,,,,,,0.0,,,,0,,96,2020-06-03T04:13:00,,,,,,,,,,,,,,,,,,,,,,,,,,,,,,,,,,,,,,,,,,,,,,,,,,,,,,,,,,,,,,,,,,,,,,,,,,
2020-06-04,1006.9,1008.3,2020-06-04T09:12:00,1005.5,2020-06-04T03:11:00,30.2,34.4,2020-06-04T12:34:00,26.5,2020-06-04T05:16:00,73,47,2020-06-04T12:34:00,1.4,295,6.9,286,2020-06-04T13:43:00,0.0,,,,,,,,,,,,,,,,0.0,,,,0,,94,2020-06-04T01:24:00,,,,,,,,,,,,,,,,,,,,,,,,,,,,,,,,,,,,,,,,,,,,,,,,,,,,,,,,,,,,,,,,,,,,,,,,,,
2020-06-05,1006.7,1008.0,2020-06-05T22:31:00,1005.1,2020-06-05T16:44:00,30.1,34.8,2020-06-05T09:52:00,26.5,2020-06-05T04:53:00,76,50,2020-06-05T09:45:00,1.3,37,8.6,305,2020-06-05T12:51:00,0.5,,,,,,,,,,,,,,,,0.5,2020-06-05T13:00:00,,,0,,97,2020-06-05T13:06:00,,,,,,,,,,,,,,,,,,,,,,,,,,,,,,,,,,,,,,,,,,,,,,,,,,,,,,,,,,,,,,,,,,,,,,,,,,
2020-06-06,1006.0,1007.2,2020-06-06T00:01:00,1004.7,2020-06-06T03:11:00,29.0,33.7,2020-06-06T11:14:00,26.6,2020-06-06T15:41:00,84,59,2020-06-06T10:12:00,1.4,101,10.2,240,2020-06-06T13:04:00,5.5,,,,,,,,,,,,,,,,3.0,2020-06-06T14:00:00,,,0,,97,2020-06-06T15:41:00,,,,,,,,,,,,,,,,,,,,,,,,,,,,,,,,,,,,,,,,,,,,,,,,,,,,,,,,,,,,,,,,,,,,,,,,,,
2020-06-07,1005.6,1006.7,2020-06-07T00:01:00,1004.5,2020-06-07T15:56:00,28.6,34.2,2020-06-07T09:35:00,25.4,2020-06-07T19:31:00,81,48,2020-06-07T09:11:00,1.5,51,9.7,335,2020-06-07T17:33:00,4.0,,,,,,,,,,,,,,,,2.5,2020-06-07T18:00:00,,,0,,100,2020-06-07T01:35:00,,,,,,,,,,,,,,,,,,,,,,,,,,,,,,,,,,,,,,,,,,,,,,,,,,,,,,,,,,,,,,,,,,,,,,,,,,
2020-06-08,1006.4,1008.1,2020-06-08T16:11:00,1004.0,2020-06-08T03:13:00,27.5,33.7,2020-06-08T10:57:00,24.5,2020-06-08T17:11:00,87,60,2020-06-08T12:34:00,1.5,104,15.3,243,2020-06-08T14:41:00,8.5,,,,,,,,,,,,,,,,6.0,2020-06-08T15:00:00,,,0,,100,2020-06-08T14:46:00,,,,,,,,,,,,,,,,,,,,,,,,,,,,,,,,,,,,,,,,,,,,,,,,,,,,,,,,,,,,,,,,,,,,,,,,,,
2020-06-09,1007.4,1008.8,2020-06-09T23:21:00,1006.0,2020-06-09T03:52:00,28.7,33.1,2020-06-09T11:41:00,24.9,2020-06-09T00:01:00,76,61,2020-06-09T11:41:00,1.1,111,4.4,237,2020-06-09T12:40:00,0.0,,,,,,,,,,,,,,,,0.0,,,,0,,93,2020-06-09T23:55:00,,,,,,,,,,,,,,,,,,,,,,,,,,,,,,,,,,,,,,,,,,,,,,,,,,,,,,,,,,,,,,,,,,,,,,,,,,
2020-06-10,1007.4,1008.7,2020-06-10T00:01:00,1005.9,2020-06-10T16:27:00,30.1,34.3,2020-06-10T10:12:00,26.5,2020-06-10T05:21:00,73,55,2020-06-10T09:51:00,1.6,114,7.2,246,2020-06-10T12:28:00,0.0,,,,,,,,,,,,,,,,0.0,,,,0,,93,2020-06-10T00:01:00,,,,,,,,,,,,,,,,,,,,,,,,,,,,,,,,,,,,,,,,,,,,,,,,,,,,,,,,,,,,,,,,,,,,,,,,,,
2020-06-11,1005.6,1007.5,2020-06-11T00:02:00,1003.3,2020-06-11T16:07:00,30.3,34.1,2020-06-11T11:21:00,26.7,2020-06-11T03:13:00,74,56,2020-06-11T11:06:00,1.7,241,6.1,227,2020-06-11T12:41:00,0.0,,,,,,,,,,,,,,,,0.0,,,,0,,91,2020-06-11T00:03:00,,,,,,,,,,,,,,,,,,,,,,,,,,,,,,,,,,,,,,,,,,,,,,,,,,,,,,,,,,,,,,,,,,,,,,,,,,
2020-06-12,1003.5,1005.2,2020-06-12T09:01:00,1001.6,2020-06-12T16:33:00,30.3,35.8,2020-06-12T11:11:00,27.2,2020-06-12T04:04:00,80,49,2020-06-12T11:11:00,1.6,18,8.9,239,2020-06-12T11:58:00,0.0,,,,,,,,,,,,,,,,0.0,,,,0,,95,2020-06-12T04:11:00,,,,,,,,,,,,,,,,,,,,,,,,,,,,,,,,,,,,,,,,,,,,,,,,,,,,,,,,,,,,,,,,,,,,,,,,,,
2020-06-13,1004.9,1008.8,2020-06-13T22:15:00,1002.2,2020-06-13T01:45:00,31.5,36.2,2020-06-13T12:14:00,27.5,2020-06-13T05:08:00,70,46,2020-06-13T14:03:00,2.2,180,13.0,206,2020-06-13T15:37:00,0.0,,,,,,,,,,,,,,,,0.0,,,,0,,100,2020-06-13T05:21:00,,,,,,,,,,,,,,,,,,,,,,,,,,,,,,,,,,,,,,,,,,,,,,,,,,,,,,,,,,,,,,,,,,,,,,,,,,
2020-06-14,1009.4,1012.0,2020-06-14T22:05:00,1007.5,2020-06-14T02:43:00,31.1,34.9,2020-06-14T12:11:00,27.8,2020-06-14T05:40:00,69,51,2020-06-14T14:55:00,2.1,177,8.8,152,2020-06-14T09:37:00,0.0,,,,,,,,,,,,,,,,0.0,,,,0,,91,2020-06-14T06:11:00,,,,,,,,,,,,,,,,,,,,,,,,,,,,,,,,,,,,,,,,,,,,,,,,,,,,,,,,,,,,,,,,,,,,,,,,,,
2020-06-15,1010.1,1011.8,2020-06-15T00:14:00,1008.7,2020-06-15T16:41:00,30.5,35.0,2020-06-15T11:32:00,26.5,2020-06-15T05:52:00,70,45,2020-06-15T11:32:00,1.7,238,8.0,263,2020-06-15T14:56:00,0.0,,,,,,,,,,,,,,,,0.0,,,,0,,86,2020-06-15T02:41:00,,,,,,,,,,,,,,,,,,,,,,,,,,,,,,,,,,,,,,,,,,,,,,,,,,,,,,,,,,,,,,,,,,,,,,,,,,
2020-06-16,1007.6,1009.7,2020-06-16T00:01:00,1005.7,2020-06-16T15:51:00,30.2,33.8,2020-06-16T10:41:00,27.0,2020-06-16T03:14:00,73,56,2020-06-16T10:41:00,1.8,68,9.2,279,2020-06-16T15:55:00,0.0,,,,,,,,,,,,,,,,0.0,,,,0,,89,2020-06-16T03:02:00,,,,,,,,,,,,,,,,,,,,,,,,,,,,,,,,,,,,,,,,,,,,,,,,,,,,,,,,,,,,,,,,,,,,,,,,,,
2020-06-17,1006.6,1007.7,2020-06-17T22:03:00,1005.4,2020-06-17T03:11:00,30.1,33.6,2020-06-17T13:42:00,26.4,2020-06-17T05:12:00,73,53,2020-06-17T15:52:00,1.5,65,7.2,219,2020-06-17T12:20:00,0.0,,,,,,,,,,,,,,,,0.0,,,,0,,90,2020-06-17T05:23:00,,,,,,,,,,,,,,,,,,,,,,,,,,,,,,,,,,,,,,,,,,,,,,,,,,,,,,,,,,,,,,,,,,,,,,,,,,
2020-06-18,1006.8,1008.1,2020-06-18T09:07:00,1005.7,2020-06-18T03:54:00,30.3,34.2,2020-06-18T10:42:00,26.4,2020-06-18T04:41:00,72,50,2020-06-18T11:01:00,1.4,237,7.9,279,2020-06-18T13:52:00,0.0,,,,,,,,,,,,,,,,0.0,,,,0,,96,2020-06-18T05:31:00,,,,,,,,,,,,,,,,,,,,,,,,,,,,,,,,,,,,,,,,,,,,,,,,,,,,,,,,,,,,,,,,,,,,,,,,,,
2020-06-19,1007.0,1008.1,2020-06-19T10:11:00,1005.7,2020-06-19T17:04:00,30.6,34.7,2020-06-19T10:21:00,26.7,2020-06-19T05:01:00,73,52,2020-06-19T11:23:00,1.7,274,7.6,311,2020-06-19T14:53:00,0.0,,,,,,,,,,,,,,,,0.0,,,,0,,90,2020-06-19T02:12:00,,,,,,,,,,,,,,,,,,,,,,,,,,,,,,,,,,,,,,,,,,,,,,,,,,,,,,,,,,,,,,,,,,,,,,,,,,
2020-06-20,1006.4,1007.8,2020-06-20T06:58:00,1004.5,2020-06-20T16:23:00,30.7,34.5,2020-06-20T13:51:00,27.1,2020-06-20T04:51:00,73,53,2020-06-20T12:54:00,1.5,287,7.6,277,2020-06-20T15:58:00,0.0,,,,,,,,,,,,,,,,0.0,,,,0,,92,2020-06-20T04:59:00,,,,,,,,,,,,,,,,,,,,,,,,,,,,,,,,,,,,,,,,,,,,,,,,,,,,,,,,,,,,,,,,,,,,,,,,,,
2020-06-21,1004.6,1005.9,2020-06-21T00:01:00,1002.7,2020-06-21T16:43:00,30.3,34.3,2020-06-21T14:43:00,27.2,2020-06-21T04:34:00,76,51,2020-06-21T10:31:00,1.4,41,8.2,251,2020-06-21T10:47:00,0.0,,,,,,,,,,,,,,,,0.0,,,,0,,90,2020-06-21T04:21:00,,,,,,,,,,,,,,,,,,,,,,,,,,,,,,,,,,,,,,,,,,,,,,,,,,,,,,,,,,,,,,,,,,,,,,,,,,
2020-06-22,1004.7,1006.2,2020-06-22T21:43:00,1003.5,2020-06-22T03:12:00,30.5,34.3,2020-06-22T13:52:00,26.8,2020-06-22T05:14:00,75,54,2020-06-22T13:41:00,1.6,83,7.9,272,2020-06-22T09:19:00,0.0,,,,,,,,,,,,,,,,0.0,,,,0,,93,2020-06-22T05:33:00,,,,,,,,,,,,,,,,,,,,,,,,,,,,,,,,,,,,,,,,,,,,,,,,,,,,,,,,,,,,,,,,,,,,,,,,,,
2020-06-23,1005.2,1006.0,2020-06-23T09:03:00,1003.9,2020-06-23T03:01:00,30.8,34.4,2020-06-23T11:11:00,26.7,2020-06-23T05:31:00,75,57,2020-06-23T14:04:00,1.6,102,7.9,283,2020-06-23T14:04:00,0.0,,,,,,,,,,,,,,,,0.0,,,,0,,93,2020-06-23T04:45:00,,,,,,,,,,,,,,,,,,,,,,,,,,,,,,,,,,,,,,,,,,,,,,,,,,,,,,,,,,,,,,,,,,,,,,,,,,
2020-06-24,1004.9,1005.9,2020-06-24T08:00:00,1003.2,2020-06-24T15:44:00,30.4,34.3,2020-06-24T12:01:00,26.8,2020-06-24T04:36:00,77,56,2020-06-24T13:32:00,1.7,109,7.7,246,2020-06-24T15:49:00,4.0,,,,,,,,,,,,,,,,4.0,2020-06-24T05:00:00,,,0,,97,2020-06-24T05:11:00,,,,,,,,,,,,,,,,,,,,,,,,,,,,,,,,,,,,,,,,,,,,,,,,,,,,,,,,,,,,,,,,,,,,,,,,,,
2020-06-25,1005.7,1007.6,2020-06-25T22:51:00,1003.9,2020-06-25T16:12:00,30.6,34.4,2020-06-25T09:21:00,27.4,2020-06-25T04:19:00,72,52,2020-06-25T12:32:00,1.8,106,8.3,235,2020-06-25T10:36:00,0.5,,,,,,,,,,,,,,,,0.5,2020-06-25T06:00:00,,,0,,86,2020-06-25T06:01:00,,,,,,,,,,,,,,,,,,,,,,,,,,,,,,,,,,,,,,,,,,,,,,,,,,,,,,,,,,,,,,,,,,,,,,,,,,
2020-06-26,1007.2,1008.4,2020-06-26T19:11:00,1006.2,2020-06-26T02:02:00,30.3,34.5,2020-06-26T09:21:00,27.4,2020-06-26T05:42:00,74,57,2020-06-26T10:43:00,1.6,238,6.3,242,2020-06-26T11:47:00,0.0,,,,,,,,,,,,,,,,0.0,,,,0,,88,2020-06-26T23:11:00,,,,,,,,,,,,,,,,,,,,,,,,,,,,,,,,,,,,,,,,,,,,,,,,,,,,,,,,,,,,,,,,,,,,,,,,,,
2020-06-27,1007.0,1008.4,2020-06-27T09:41:00,1005.7,2020-06-27T14:56:00,30.9,35.4,2020-06-27T10:41:00,26.8,2020-06-27T05:36:00,72,47,2020-06-27T10:43:00,2.1,116,9.6,234,2020-06-27T12:54:00,0.0,,,,,,,,,,,,,,,,0.0,,,,0,,89,2020-06-27T05:04:00,,,,,,,,,,,,,,,,,,,,,,,,,,,,,,,,,,,,,,,,,,,,,,,,,,,,,,,,,,,,,,,,,,,,,,,,,,
2020-06-28,1005.9,1007.5,2020-06-28T06:32:00,1004.0,2020-06-28T16:21:00,31.0,35.5,2020-06-28T10:31:00,26.5,2020-06-28T05:29:00,70,50,2020-06-28T10:34:00,2.1,107,8.1,233,2020-06-28T16:21:00,0.0,,,,,,,,,,,,,,,,0.0,,,,0,,85,2020-06-28T04:31:00,,,,,,,,,,,,,,,,,,,,,,,,,,,,,,,,,,,,,,,,,,,,,,,,,,,,,,,,,,,,,,,,,,,,,,,,,,
2020-06-29,1004.6,1006.2,2020-06-29T08:41:00,1003.1,2020-06-29T15:57:00,30.6,35.2,2020-06-29T13:07:00,26.6,2020-06-29T06:42:00,78,51,2020-06-29T13:07:00,1.9,242,8.3,197,2020-06-29T02:26:00,5.0,,,,,,,,,,,,,,,,3.0,2020-06-29T03:00:00,,,0,,97,2020-06-29T06:12:00,,,,,,,,,,,,,,,,,,,,,,,,,,,,,,,,,,,,,,,,,,,,,,,,,,,,,,,,,,,,,,,,,,,,,,,,,,
2020-06-30,1004.1,1006.0,2020-06-30T22:53:00,1002.8,2020-06-30T16:01:00,29.9,33.9,2020-06-30T10:26:00,26.7,2020-06-30T23:32:00,85,60,2020-06-30T15:43:00,1.9,113,9.5,233,2020-06-30T12:28:00,16.5,,,,,,,,,,,,,,,,6.0,2020-06-30T20:00:00,,,0,,100,2020-06-30T20:26:00,,,,,,,,,,,,,,,,,,,,,,,,,,,,,,,,,,,,,,,,,,,,,,,,,,,,,,,,,,,,,,,,,,,,,,,,,,
2020-07-01,1004.1,1006.0,2020-07-01T21:55:00,1002.6,2020-07-01T04:42:00,28.5,33.3,2020-07-01T15:22:00,25.7,2020-07-01T18:11:00,89,66,2020-07-01T15:36:00,1.7,110,9.5,212,2020-07-01T08:31:00,22.0,,,,,,,,,,,,,,,,12.0,2020-07-01T11:00:00,,,0,,100,2020-07-01T00:01:00,,,,,,,,,,,,,,,,,,,,,,,,,,,,,,,,,,,,,,,,,,,,,,,,,,,,,,,,,,,,,,,,,,,,,,,,,,
2020-07-02,1005.7,1008.4,2020-07-02T21:01:00,1004.1,2020-07-02T03:01:00,29.7,35.0,2020-07-02T12:51:00,26.7,2020-07-02T04:50:00,81,55,2020-07-02T13:42:00,1.6,117,8.1,218,2020-07-02T12:30:00,0.5,,,,,,,,,,,,,,,,0.5,2020-07-02T08:00:00,,,0,,100,2020-07-02T01:59:00,,,,,,,,,,,,,,,,,,,,,,,,,,,,,,,,,,,,,,,,,,,,,,,,,,,,,,,,,,,,,,,,,,,,,,,,,,
2020-07-03,1007.7,1009.7,2020-07-03T21:41:00,1006.4,2020-07-03T15:40:00,30.4,35.6,2020-07-03T11:41:00,26.4,2020-07-03T04:37:00,76,54,2020-07-03T11:41:00,1.8,105,8.3,250,2020-07-03T13:07:00,0.0,,,,,,,,,,,,,,,,0.0,,,,0,,90,2020-07-03T04:41:00,,,,,,,,,,,,,,,,,,,,,,,,,,,,,,,,,,,,,,,,,,,,,,,,,,,,,,,,,,,,,,,,,,,,,,,,,,
2020-07-04,1007.3,1009.1,2020-07-04T00:01:00,1005.2,2020-07-04T15:43:00,30.6,34.0,2020-07-04T09:21:00,27.4,2020-07-04T04:41:00,77,60,2020-07-04T14:35:00,1.6,243,6.7,259,2020-07-04T13:10:00,0.0,,,,,,,,,,,,,,,,0.0,,,,0,,96,2020-07-04T04:33:00,,,,,,,,,,,,,,,,,,,,,,,,,,,,,,,,,,,,,,,,,,,,,,,,,,,,,,,,,,,,,,,,,,,,,,,,,,
2020-07-05,1005.5,1007.4,2020-07-05T00:21:00,1004.1,2020-07-05T16:13:00,30.6,34.1,2020-07-05T13:12:00,27.1,2020-07-05T05:33:00,74,53,2020-07-05T14:12:00,1.6,109,7.1,252,2020-07-05T14:48:00,0.0,,,,,,,,,,,,,,,,0.0,,,,0,,96,2020-07-05T05:42:00,,,,,,,,,,,,,,,,,,,,,,,,,,,,,,,,,,,,,,,,,,,,,,,,,,,,,,,,,,,,,,,,,,,,,,,,,,
2020-07-06,1006.1,1008.2,2020-07-06T22:26:00,1004.1,2020-07-06T02:51:00,30.3,34.5,2020-07-06T12:52:00,27.3,2020-07-06T05:02:00,75,53,2020-07-06T12:32:00,1.7,113,8.7,319,2020-07-06T10:45:00,0.0,,,,,,,,,,,,,,,,0.0,,,,0,,90,2020-07-06T02:42:00,,,,,,,,,,,,,,,,,,,,,,,,,,,,,,,,,,,,,,,,,,,,,,,,,,,,,,,,,,,,,,,,,,,,,,,,,,
2020-07-07,1007.9,1009.1,2020-07-07T08:54:00,1006.9,2020-07-07T16:08:00,30.2,34.5,2020-07-07T10:53:00,26.4,2020-07-07T04:35:00,78,52,2020-07-07T12:03:00,1.6,109,8.6,227,2020-07-07T12:45:00,1.5,,,,,,,,,,,,,,,,1.0,2020-07-07T04:00:00,,,0,,99,2020-07-07T03:47:00,,,,,,,,,,,,,,,,,,,,,,,,,,,,,,,,,,,,,,,,,,,,,,,,,,,,,,,,,,,,,,,,,,,,,,,,,,
2020-07-08,1005.6,1007.4,2020-07-08T00:01:00,1003.9,2020-07-08T15:31:00,30.5,34.4,2020-07-08T11:51:00,27.1,2020-07-08T05:22:00,76,55,2020-07-08T12:05:00,1.3,255,7.0,235,2020-07-08T14:00:00,1.5,,,,,,,,,,,,,,,,1.0,2020-07-08T08:00:00,,,0,,92,2020-07-08T05:22:00,,,,,,,,,,,,,,,,,,,,,,,,,,,,,,,,,,,,,,,,,,,,,,,,,,,,,,,,,,,,,,,,,,,,,,,,,,
2020-07-09,1003.7,1004.7,2020-07-09T23:01:00,1002.9,2020-07-09T03:21:00,30.9,34.6,2020-07-09T11:53:00,28.0,2020-07-09T04:40:00,73,54,2020-07-09T15:21:00,1.4,111,6.8,247,2020-07-09T12:00:00,0.0,,,,,,,,,,,,,,,,0.0,,,,0,,89,2020-07-09T04:34:00,,,,,,,,,,,,,,,,,,,,,,,,,,,,,,,,,,,,,,,,,,,,,,,,,,,,,,,,,,,,,,,,,,,,,,,,,,
2020-07-10,1005.3,1006.7,2020-07-10T11:28:00,1003.1,2020-07-10T02:31:00,31.3,35.7,2020-07-10T09:01:00,27.4,2020-07-10T04:38:00,70,50,2020-07-10T12:53:00,1.5,103,7.5,218,2020-07-10T10:12:00,0.0,,,,,,,,,,,,,,,,0.0,,,,0,,86,2020-07-10T04:41:00,,,,,,,,,,,,,,,,,,,,,,,,,,,,,,,,,,,,,,,,,,,,,,,,,,,,,,,,,,,,,,,,,,,,,,,,,,
2020-07-11,1006.2,1007.5,2020-07-11T08:13:00,1004.6,2020-07-11T15:41:00,31.3,34.6,2020-07-11T14:42:00,27.6,2020-07-11T05:01:00,74,55,2020-07-11T13:54:00,1.6,280,7.5,249,2020-07-11T13:32:00,0.0,,,,,,,,,,,,,,,,0.0,,,,0,,93,2020-07-11T05:21:00,,,,,,,,,,,,,,,,,,,,,,,,,,,,,,,,,,,,,,,,,,,,,,,,,,,,,,,,,,,,,,,,,,,,,,,,,,
2020-07-12,1005.8,1007.4,2020-07-12T00:31:00,1003.2,2020-07-12T15:53:00,31.3,35.4,2020-07-12T11:00:00,28.0,2020-07-12T04:44:00,71,54,2020-07-12T09:41:00,1.6,26,8.1,322,2020-07-12T15:07:00,0.0,,,,,,,,,,,,,,,,0.0,,,,0,,90,2020-07-12T02:06:00,,,,,,,,,,,,,,,,,,,,,,,,,,,,,,,,,,,,,,,,,,,,,,,,,,,,,,,,,,,,,,,,,,,,,,,,,,
2020-07-13,1004.9,1006.0,2020-07-13T00:01:00,1003.3,2020-07-13T15:37:00,31.3,35.2,2020-07-13T13:42:00,27.5,2020-07-13T04:17:00,69,48,2020-07-13T09:22:00,1.5,75,7.1,3,2020-07-13T14:57:00,0.0,,,,,,,,,,,,,,,,0.0,,,,0,,89,2020-07-13T03:32:00,,,,,,,,,,,,,,,,,,,,,,,,,,,,,,,,,,,,,,,,,,,,,,,,,,,,,,,,,,,,,,,,,,,,,,,,,,
2020-07-14,1003.5,1004.6,2020-07-14T09:21:00,1001.9,2020-07-14T16:01:00,30.3,35.0,2020-07-14T12:26:00,28.0,2020-07-14T03:44:00,77,55,2020-07-14T10:41:00,1.5,35,8.1,289,2020-07-14T12:50:00,0.0,,,,,,,,,,,,,,,,0.0,,,,0,,93,2020-07-14T22:01:00,,,,,,,,,,,,,,,,,,,,,,,,,,,,,,,,,,,,,,,,,,,,,,,,,,,,,,,,,,,,,,,,,,,,,,,,,,
2020-07-15,1004.2,1006.1,2020-07-15T21:38:00,1001.4,2020-07-15T03:33:00,28.6,33.4,2020-07-15T15:18:00,26.5,2020-07-15T12:58:00,89,61,2020-07-15T15:31:00,1.1,46,4.9,100,2020-07-15T10:26:00,17.0,,,,,,,,,,,,,,,,8.0,2020-07-15T08:00:00,,,0,,100,2020-07-15T08:51:00,,,,,,,,,,,,,,,,,,,,,,,,,,,,,,,,,,,,,,,,,,,,,,,,,,,,,,,,,,,,,,,,,,,,,,,,,,
2020-07-16,1005.5,1006.8,2020-07-16T08:04:00,1004.3,2020-07-16T16:03:00,29.7,34.7,2020-07-16T12:02:00,26.8,2020-07-16T09:11:00,81,55,2020-07-16T11:24:00,1.2,234,10.4,309,2020-07-16T14:33:00,14.5,,,,,,,,,,,,,,,,4.5,2020-07-16T06:00:00,,,0,,99,2020-07-16T06:31:00,,,,,,,,,,,,,,,,,,,,,,,,,,,,,,,,,,,,,,,,,,,,,,,,,,,,,,,,,,,,,,,,,,,,,,,,,,
2020-07-17,1006.9,1008.5,2020-07-17T09:21:00,1005.1,2020-07-17T03:04:00,30.0,34.6,2020-07-17T13:42:00,26.4,2020-07-17T08:50:00,80,54,2020-07-17T13:51:00,1.5,101,6.3,306,2020-07-17T14:41:00,8.0,,,,,,,,,,,,,,,,8.0,2020-07-17T09:00:00,,,0,,100,2020-07-17T08:41:00,,,,,,,,,,,,,,,,,,,,,,,,,,,,,,,,,,,,,,,,,,,,,,,,,,,,,,,,,,,,,,,,,,,,,,,,,,
2020-07-18,1006.6,1007.7,2020-07-18T07:44:00,1005.4,2020-07-18T16:02:00,31.0,35.1,2020-07-18T11:21:00,26.8,2020-07-18T05:34:00,74,47,2020-07-18T11:46:00,1.5,38,6.1,242,2020-07-18T15:36:00,0.0,,,,,,,,,,,,,,,,0.0,,,,0,,96,2020-07-18T05:21:00,,,,,,,,,,,,,,,,,,,,,,,,,,,,,,,,,,,,,,,,,,,,,,,,,,,,,,,,,,,,,,,,,,,,,,,,,,
2020-07-19,1006.6,1008.3,2020-07-19T22:01:00,1005.1,2020-07-19T15:51:00,30.8,34.9,2020-07-19T09:21:00,28.0,2020-07-19T23:36:00,76,57,2020-07-19T09:12:00,1.7,117,8.3,245,2020-07-19T14:05:00,0.0,,,,,,,,,,,,,,,,0.0,,,,0,,90,2020-07-19T05:51:00,,,,,,,,,,,,,,,,,,,,,,,,,,,,,,,,,,,,,,,,,,,,,,,,,,,,,,,,,,,,,,,,,,,,,,,,,,
2020-07-20,1007.9,1009.4,2020-07-20T21:11:00,1006.5,2020-07-20T03:51:00,29.0,35.2,2020-07-20T10:02:00,26.2,2020-07-20T16:41:00,80,50,2020-07-20T10:31:00,1.7,87,8.8,232,2020-07-20T13:57:00,1.5,,,,,,,,,,,,,,,,1.0,2020-07-20T16:00:00,,,0,,99,2020-07-20T16:25:00,,,,,,,,,,,,,,,,,,,,,,,,,,,,,,,,,,,,,,,,,,,,,,,,,,,,,,,,,,,,,,,,,,,,,,,,,,
2020-07-21,1008.4,1009.6,2020-07-21T08:21:00,1006.7,2020-07-21T16:51:00,30.0,35.5,2020-07-21T13:12:00,25.3,2020-07-21T05:08:00,75,54,2020-07-21T11:11:00,1.5,74,6.7,239,2020-07-21T14:20:00,0.0,,,,,,,,,,,,,,,,0.0,,,,0,,92,2020-07-21T03:01:00,,,,,,,,,,,,,,,,,,,,,,,,,,,,,,,,,,,,,,,,,,,,,,,,,,,,,,,,,,,,,,,,,,,,,,,,,,
2020-07-22,1007.4,1008.8,2020-07-22T00:01:00,1005.7,2020-07-22T15:23:00,30.5,35.7,2020-07-22T14:21:00,27.3,2020-07-22T05:19:00,80,55,2020-07-22T10:52:00,1.3,31,8.9,245,2020-07-22T12:55:00,0.0,,,,,,,,,,,,,,,,0.0,,,,0,,97,2020-07-22T05:01:00,,,,,,,,,,,,,,,,,,,,,,,,,,,,,,,,,,,,,,,,,,,,,,,,,,,,,,,,,,,,,,,,,,,,,,,,,,
2020-07-23,1006.7,1007.5,2020-07-23T08:41:00,1005.1,2020-07-23T15:21:00,30.0,35.5,2020-07-23T12:22:00,26.6,2020-07-23T04:45:00,81,57,2020-07-23T10:24:00,1.6,65,7.5,288,2020-07-23T13:56:00,0.0,,,,,,,,,,,,,,,,0.0,,,,0,,96,2020-07-23T03:44:00,,,,,,,,,,,,,,,,,,,,,,,,,,,,,,,,,,,,,,,,,,,,,,,,,,,,,,,,,,,,,,,,,,,,,,,,,,
2020-07-24,1005.8,1007.6,2020-07-24T08:32:00,1003.7,2020-07-24T17:13:00,31.1,35.9,2020-07-24T12:26:00,26.2,2020-07-24T04:57:00,75,52,2020-07-24T12:07:00,1.4,270,6.7,263,2020-07-24T15:36:00,0.0,,,,,,,,,,,,,,,,0.0,,,,0,,95,2020-07-24T04:23:00,,,,,,,,,,,,,,,,,,,,,,,,,,,,,,,,,,,,,,,,,,,,,,,,,,,,,,,,,,,,,,,,,,,,,,,,,,
2020-07-25,1005.2,1006.4,2020-07-25T22:44:00,1003.4,2020-07-25T15:32:00,31.2,35.3,2020-07-25T12:03:00,28.6,2020-07-25T03:19:00,77,54,2020-07-25T11:22:00,1.3,106,5.8,286,2020-07-25T12:51:00,6.0,,,,,,,,,,,,,,,,6.0,2020-07-25T03:00:00,,,0,,98,2020-07-25T03:11:00,,,,,,,,,,,,,,,,,,,,,,,,,,,,,,,,,,,,,,,,,,,,,,,,,,,,,,,,,,,,,,,,,,,,,,,,,,
2020-07-26,1005.0,1005.9,2020-07-26T21:33:00,1003.1,2020-07-26T15:21:00,30.2,34.8,2020-07-26T10:41:00,27.4,2020-07-26T05:56:00,76,57,2020-07-26T13:49:00,1.6,97,6.7,240,2020-07-26T14:49:00,0.0,,,,,,,,,,,,,,,,0.0,,,,0,,88,2020-07-26T02:12:00,,,,,,,,,,,,,,,,,,,,,,,,,,,,,,,,,,,,,,,,,,,,,,,,,,,,,,,,,,,,,,,,,,,,,,,,,,
2020-07-27,1004.9,1006.3,2020-07-27T21:09:00,1003.5,2020-07-27T15:21:00,30.6,34.9,2020-07-27T11:01:00,27.1,2020-07-27T05:22:00,75,56,2020-07-27T12:51:00,1.6,105,7.4,226,2020-07-27T15:24:00,0.0,,,,,,,,,,,,,,,,0.0,,,,0,,89,2020-07-27T23:51:00,,,,,,,,,,,,,,,,,,,,,,,,,,,,,,,,,,,,,,,,,,,,,,,,,,,,,,,,,,,,,,,,,,,,,,,,,,
2020-07-28,1006.0,1007.2,2020-07-28T22:11:00,1004.2,2020-07-28T14:14:00,28.7,34.9,2020-07-28T11:23:00,24.9,2020-07-28T17:52:00,83,58,2020-07-28T11:23:00,1.7,110,7.8,243,2020-07-28T13:38:00,4.0,,,,,,,,,,,,,,,,2.5,2020-07-28T17:00:00,,,0,,100,2020-07-28T17:04:00,,,,,,,,,,,,,,,,,,,,,,,,,,,,,,,,,,,,,,,,,,,,,,,,,,,,,,,,,,,,,,,,,,,,,,,,,,
2020-07-29,1005.4,1007.3,2020-07-29T22:11:00,1003.5,2020-07-29T15:22:00,27.9,35.1,2020-07-29T11:32:00,24.8,2020-07-29T05:01:00,85,52,2020-07-29T11:32:00,1.3,49,7.3,292,2020-07-29T14:11:00,22.0,,,,,,,,,,,,,,,,22.0,2020-07-29T15:00:00,,,0,,98,2020-07-29T15:02:00,,,,,,,,,,,,,,,,,,,,,,,,,,,,,,,,,,,,,,,,,,,,,,,,,,,,,,,,,,,,,,,,,,,,,,,,,,
2020-07-30,1004.3,1006.9,2020-07-30T07:42:00,1002.3,2020-07-30T15:53:00,29.5,33.6,2020-07-30T11:36:00,26.0,2020-07-30T04:25:00,83,55,2020-07-30T16:12:00,1.0,111,4.6,12,2020-07-30T09:17:00,0.5,,,,,,,,,,,,,,,,0.5,2020-07-30T03:00:00,,,0,,100,2020-07-30T03:52:00,,,,,,,,,,,,,,,,,,,,,,,,,,,,,,,,,,,,,,,,,,,,,,,,,,,,,,,,,,,,,,,,,,,,,,,,,,
2020-07-31,1004.5,1006.4,2020-07-31T23:51:00,1003.3,2020-07-31T00:51:00,28.8,31.9,2020-07-31T16:11:00,25.7,2020-07-31T08:24:00,89,73,2020-07-31T16:02:00,0.9,42,3.9,323,2020-07-31T17:17:00,2.5,,,,,,,,,,,,,,,,1.0,2020-07-31T06:00:00,,,0,,100,2020-07-31T06:02:00,,,,,,,,,,,,,,,,,,,,,,,,,,,,,,,,,,,,,,,,,,,,,,,,,,,,,,,,,,,,,,,,,,,,,,,,,,
2020-08-01,1005.5,1006.7,2020-08-01T21:41:00,1003.8,2020-08-01T15:14:00,30.0,34.6,2020-08-01T10:21:00,26.9,2020-08-01T05:11:00,82,54,2020-08-01T10:23:00,1.4,82,7.0,254,2020-08-01T13:06:00,0.0,,,,,,,,,,,,,,,,0.0,,,,0,,100,2020-08-01T02:02:00,,,,,,,,,,,,,,,,,,,,,,,,,,,,,,,,,,,,,,,,,,,,,,,,,,,,,,,,,,,,,,,,,,,,,,,,,,
2020-08-02,1004.9,1006.4,2020-08-02T00:09:00,1003.2,2020-08-02T17:41:00,28.4,34.1,2020-08-02T10:58:00,25.5,2020-08-02T16:01:00,88,59,2020-08-02T10:41:00,1.5,99,8.2,127,2020-08-02T14:55:00,11.5,,,,,,,,,,,,,,,,7.0,2020-08-02T16:00:00,,,0,,100,2020-08-02T15:08:00,,,,,,,,,,,,,,,,,,,,,,,,,,,,,,,,,,,,,,,,,,,,,,,,,,,,,,,,,,,,,,,,,,,,,,,,,,
2020-08-03,1003.3,1004.5,2020-08-03T23:22:00,1002.1,2020-08-03T04:31:00,26.4,29.2,2020-08-03T13:24:00,25.3,2020-08-03T15:07:00,99,83,2020-08-03T10:43:00,1.5,56,8.2,238,2020-08-03T10:57:00,73.0,,,,,,,,,,,,,,,,13.0,2020-08-03T04:00:00,,,0,,100,2020-08-03T00:52:00,,,,,,,,,,,,,,,,,,,,,,,,,,,,,,,,,,,,,,,,,,,,,,,,,,,,,,,,,,,,,,,,,,,,,,,,,,
2020-08-04,1005.5,1007.7,2020-08-04T20:08:00,1003.4,2020-08-04T02:11:00,26.0,28.9,2020-08-04T16:47:00,24.9,2020-08-04T17:38:00,98,81,2020-08-04T16:47:00,1.9,116,10.4,179,2020-08-04T16:58:00,73.0,,,,,,,,,,,,,,,,16.0,2020-08-04T04:00:00,,,0,,100,2020-08-04T00:01:00,,,,,,,,,,,,,,,,,,,,,,,,,,,,,,,,,,,,,,,,,,,,,,,,,,,,,,,,,,,,,,,,,,,,,,,,,,
2020-08-05,1007.3,1009.9,2020-08-05T22:53:00,1005.4,2020-08-05T03:31:00,29.6,36.3,2020-08-05T14:21:00,24.6,2020-08-05T03:05:00,79,52,2020-08-05T14:30:00,1.3,51,7.1,2,2020-08-05T18:07:00,0.0,,,,,,,,,,,,,,,,0.0,,,,0,,100,2020-08-05T00:01:00,,,,,,,,,,,,,,,,,,,,,,,,,,,,,,,,,,,,,,,,,,,,,,,,,,,,,,,,,,,,,,,,,,,,,,,,,,
2020-08-06,1007.9,1009.7,2020-08-06T00:01:00,1006.2,2020-08-06T15:25:00,29.4,35.2,2020-08-06T11:21:00,25.8,2020-08-06T19:13:00,84,56,2020-08-06T10:54:00,1.3,78,7.0,59,2020-08-06T18:09:00,19.5,,,,,,,,,,,,,,,,19.5,2020-08-06T19:00:00,,,0,,100,2020-08-06T04:33:00,,,,,,,,,,,,,,,,,,,,,,,,,,,,,,,,,,,,,,,,,,,,,,,,,,,,,,,,,,,,,,,,,,,,,,,,,,
2020-08-07,1005.8,1008.3,2020-08-07T00:01:00,1004.0,2020-08-07T16:31:00,29.1,34.7,2020-08-07T10:42:00,25.6,2020-08-07T04:13:00,83,59,2020-08-07T10:42:00,1.5,42,6.9,251,2020-08-07T14:03:00,0.0,,,,,,,,,,,,,,,,0.0,,,,0,,97,2020-08-07T02:01:00,,,,,,,,,,,,,,,,,,,,,,,,,,,,,,,,,,,,,,,,,,,,,,,,,,,,,,,,,,,,,,,,,,,,,,,,,,
2020-08-08,1002.7,1005.4,2020-08-08T00:09:00,1000.1,2020-08-08T16:32:00,29.9,34.2,2020-08-08T11:43:00,26.1,2020-08-08T04:41:00,80,57,2020-08-08T12:02:00,1.8,5,8.7,300,2020-08-08T16:00:00,0.0,,,,,,,,,,,,,,,,0.0,,,,0,,95,2020-08-08T03:41:00,,,,,,,,,,,,,,,,,,,,,,,,,,,,,,,,,,,,,,,,,,,,,,,,,,,,,,,,,,,,,,,,,,,,,,,,,,
2020-08-09,1001.4,1003.1,2020-08-09T22:26:00,999.9,2020-08-09T15:01:00,30.1,33.5,2020-08-09T13:52:00,27.0,2020-08-09T05:04:00,80,61,2020-08-09T15:55:00,1.8,243,8.9,300,2020-08-09T15:08:00,0.0,,,,,,,,,,,,,,,,0.0,,,,0,,95,2020-08-09T05:12:00,,,,,,,,,,,,,,,,,,,,,,,,,,,,,,,,,,,,,,,,,,,,,,,,,,,,,,,,,,,,,,,,,,,,,,,,,,
2020-08-10,1002.7,1004.0,2020-08-10T21:41:00,1001.3,2020-08-10T02:52:00,30.2,35.8,2020-08-10T12:31:00,27.4,2020-08-10T18:04:00,77,48,2020-08-10T12:06:00,2.0,162,11.4,166,2020-08-10T23:53:00,3.5,,,,,,,,,,,,,,,,1.0,2020-08-10T15:00:00,,,0,,98,2020-08-10T04:21:00,,,,,,,,,,,,,,,,,,,,,,,,,,,,,,,,,,,,,,,,,,,,,,,,,,,,,,,,,,,,,,,,,,,,,,,,,,
2020-08-11,1007.2,1011.0,2020-08-11T23:03:00,1002.8,2020-08-11T00:42:00,29.2,30.8,2020-08-11T00:55:00,20.5,2020-08-11T01:02:00,82,62,2020-08-11T00:57:00,2.5,165,13.2,163,2020-08-11T00:57:00,10.0,,,,,,,,,,,,,,,,7.0,2020-08-11T11:00:00,,,0,,100,2020-08-11T11:21:00,,,,,,,,,,,,,,,,,,,,,,,,,,,,,,,,,,,,,,,,,,,,,,,,,,,,,,,,,,,,,,,,,,,,,,,,,,
2020-08-12,1010.0,1012.1,2020-08-12T21:21:00,1008.0,2020-08-12T15:15:00,31.0,36.0,2020-08-12T13:01:00,27.2,2020-08-12T23:01:00,72,49,2020-08-12T12:52:00,2.0,66,9.0,212,2020-08-12T15:20:00,0.0,,,,,,,,,,,,,,,,0.0,,,,0,,88,2020-08-12T23:15:00,,,,,,,,,,,,,,,,,,,,,,,,,,,,,,,,,,,,,,,,,,,,,,,,,,,,,,,,,,,,,,,,,,,,,,,,,,
2020-08-13,1009.3,1011.3,2020-08-13T00:01:00,1007.1,2020-08-13T15:42:00,28.3,33.9,2020-08-13T10:31:00,24.2,2020-08-13T17:23:00,84,56,2020-08-13T10:32:00,1.5,63,8.5,314,2020-08-13T14:41:00,27.0,,,,,,,,,,,,,,,,13.0,2020-08-13T16:00:00,,,0,,98,2020-08-13T18:02:00,,,,,,,,,,,,,,,,,,,,,,,,,,,,,,,,,,,,,,,,,,,,,,,,,,,,,,,,,,,,,,,,,,,,,,,,,,
2020-08-14,1007.3,1009.6,2020-08-14T22:33:00,1004.8,2020-08-14T15:52:00,28.3,33.6,2020-08-14T11:01:00,24.3,2020-08-14T23:11:00,85,55,2020-08-14T11:32:00,1.5,101,7.9,300,2020-08-14T15:37:00,35.5,,,,,,,,,,,,,,,,31.0,2020-08-14T23:00:00,,,0,,100,2020-08-14T05:32:00,,,,,,,,,,,,,,,,,,,,,,,,,,,,,,,,,,,,,,,,,,,,,,,,,,,,,,,,,,,,,,,,,,,,,,,,,,
2020-08-15,1006.7,1008.2,2020-08-15T00:01:00,1005.1,2020-08-15T15:22:00,27.4,33.3,2020-08-15T13:31:00,24.4,2020-08-15T04:12:00,86,61,2020-08-15T11:55:00,1.1,97,8.5,24,2020-08-15T14:44:00,27.0,,,,,,,,,,,,,,,,16.0,2020-08-15T15:00:00,,,0,,100,2020-08-15T00:01:00,,,,,,,,,,,,,,,,,,,,,,,,,,,,,,,,,,,,,,,,,,,,,,,,,,,,,,,,,,,,,,,,,,,,,,,,,,
2020-08-16,1006.5,1007.6,2020-08-16T00:01:00,1005.0,2020-08-16T15:42:00,28.0,34.1,2020-08-16T12:01:00,25.5,2020-08-16T05:04:00,85,55,2020-08-16T11:51:00,1.2,8,10.8,11,2020-08-16T14:45:00,30.0,,,,,,,,,,,,,,,,21.0,2020-08-16T15:00:00,,,0,,100,2020-08-16T04:11:00,,,,,,,,,,,,,,,,,,,,,,,,,,,,,,,,,,,,,,,,,,,,,,,,,,,,,,,,,,,,,,,,,,,,,,,,,,
2020-08-17,1005.5,1007.6,2020-08-17T10:51:00,1004.2,2020-08-17T17:04:00,29.1,34.1,2020-08-17T10:13:00,25.4,2020-08-17T04:48:00,82,56,2020-08-17T10:19:00,1.2,242,6.0,244,2020-08-17T14:37:00,0.0,,,,,,,,,,,,,,,,0.0,,,,0,,98,2020-08-17T01:43:00,,,,,,,,,,,,,,,,,,,,,,,,,,,,,,,,,,,,,,,,,,,,,,,,,,,,,,,,,,,,,,,,,,,,,,,,,,
2020-08-18,1005.1,1006.5,2020-08-18T22:01:00,1003.5,2020-08-18T17:21:00,29.2,33.5,2020-08-18T15:26:00,26.3,2020-08-18T05:32:00,83,62,2020-08-18T16:02:00,1.5,49,8.5,44,2020-08-18T17:01:00,0.0,,,,,,,,,,,,,,,,0.0,,,,0,,100,2020-08-18T05:05:00,,,,,,,,,,,,,,,,,,,,,,,,,,,,,,,,,,,,,,,,,,,,,,,,,,,,,,,,,,,,,,,,,,,,,,,,,,
2020-08-19,1005.7,1007.1,2020-08-19T22:14:00,1003.9,2020-08-19T15:28:00,29.3,34.5,2020-08-19T12:41:00,26.0,2020-08-19T18:13:00,80,53,2020-08-19T10:31:00,1.4,14,7.8,28,2020-08-19T17:59:00,10.5,,,,,,,,,,,,,,,,10.5,2020-08-19T19:00:00,,,0,,97,2020-08-19T18:53:00,,,,,,,,,,,,,,,,,,,,,,,,,,,,,,,,,,,,,,,,,,,,,,,,,,,,,,,,,,,,,,,,,,,,,,,,,,
2020-08-20,1006.2,1007.9,2020-08-20T22:12:00,1004.4,2020-08-20T16:11:00,29.8,33.1,2020-08-20T11:41:00,26.0,2020-08-20T04:21:00,81,57,2020-08-20T12:42:00,1.7,97,7.3,303,2020-08-20T13:59:00,0.0,,,,,,,,,,,,,,,,0.0,,,,0,,98,2020-08-20T04:02:00,,,,,,,,,,,,,,,,,,,,,,,,,,,,,,,,,,,,,,,,,,,,,,,,,,,,,,,,,,,,,,,,,,,,,,,,,,
2020-08-21,1005.2,1006.7,2020-08-21T00:51:00,1003.5,2020-08-21T14:57:00,28.5,34.1,2020-08-21T11:02:00,25.1,2020-08-21T19:01:00,89,64,2020-08-21T11:02:00,1.3,239,6.9,28,2020-08-21T16:25:00,34.0,,,,,,,,,,,,,,,,24.0,2020-08-21T17:00:00,,,0,,100,2020-08-21T16:34:00,,,,,,,,,,,,,,,,,,,,,,,,,,,,,,,,,,,,,,,,,,,,,,,,,,,,,,,,,,,,,,,,,,,,,,,,,,
2020-08-22,1003.2,1004.7,2020-08-22T00:01:00,1002.0,2020-08-22T15:29:00,27.4,32.0,2020-08-22T09:41:00,26.0,2020-08-22T00:35:00,95,77,2020-08-22T09:45:00,1.3,112,7.3,254,2020-08-22T10:38:00,2.0,,,,,,,,,,,,,,,,1.0,2020-08-22T14:00:00,,,0,,100,2020-08-22T00:01:00,,,,,,,,,,,,,,,,,,,,,,,,,,,,,,,,,,,,,,,,,,,,,,,,,,,,,,,,,,,,,,,,,,,,,,,,,,
2020-08-23,1004.2,1005.8,2020-08-23T08:48:00,1002.9,2020-08-23T16:11:00,28.6,32.5,2020-08-23T13:21:00,25.6,2020-08-23T09:01:00,87,62,2020-08-23T16:06:00,1.5,275,9.3,294,2020-08-23T12:59:00,22.0,,,,,,,,,,,,,,,,11.5,2020-08-23T09:00:00,,,0,,100,2020-08-23T00:01:00,,,,,,,,,,,,,,,,,,,,,,,,,,,,,,,,,,,,,,,,,,,,,,,,,,,,,,,,,,,,,,,,,,,,,,,,,,
2020-08-24,1002.5,1004.6,2020-08-24T00:01:00,1000.2,2020-08-24T16:21:00,29.1,32.8,2020-08-24T10:09:00,25.8,2020-08-24T02:00:00,85,65,2020-08-24T11:01:00,1.8,107,7.6,241,2020-08-24T13:21:00,26.5,,,,,,,,,,,,,,,,19.5,2020-08-24T01:00:00,,,0,,100,2020-08-24T00:31:00,,,,,,,,,,,,,,,,,,,,,,,,,,,,,,,,,,,,,,,,,,,,,,,,,,,,,,,,,,,,,,,,,,,,,,,,,,
2020-08-25,1001.7,1003.1,2020-08-25T21:02:00,1000.3,2020-08-25T15:14:00,28.8,33.8,2020-08-25T12:02:00,26.5,2020-08-25T06:49:00,89,64,2020-08-25T12:02:00,1.3,112,5.7,331,2020-08-25T12:40:00,26.5,,,,,,,,,,,,,,,,12.0,2020-08-25T07:00:00,,,0,,100,2020-08-25T06:42:00,,,,,,,,,,,,,,,,,,,,,,,,,,,,,,,,,,,,,,,,,,,,,,,,,,,,,,,,,,,,,,,,,,,,,,,,,,
2020-08-26,1002.1,1004.3,2020-08-26T09:56:00,1000.7,2020-08-26T03:05:00,25.3,27.1,2020-08-26T00:01:00,24.3,2020-08-26T05:59:00,99,93,2020-08-26T22:34:00,1.6,105,6.9,56,2020-08-26T04:19:00,278.5,,,,,,,,,,,,,,,,32.0,2020-08-26T02:00:00,,,0,,100,2020-08-26T00:01:00,,,,,,,,,,,,,,,,,,,,,,,,,,,,,,,,,,,,,,,,,,,,,,,,,,,,,,,,,,,,,,,,,,,,,,,,,,
2020-08-27,1001.4,1003.1,2020-08-27T19:36:00,999.3,2020-08-27T14:44:00,26.3,30.3,2020-08-27T13:11:00,24.7,2020-08-27T19:45:00,98,80,2020-08-27T13:11:00,1.8,114,11.2,230,2020-08-27T17:42:00,97.0,,,,,,,,,,,,,,,,23.5,2020-08-27T17:00:00,,,0,,100,2020-08-27T00:57:00,,,,,,,,,,,,,,,,,,,,,,,,,,,,,,,,,,,,,,,,,,,,,,,,,,,,,,,,,,,,,,,,,,,,,,,,,,
2020-08-28,1002.0,1003.6,2020-08-28T20:32:00,1000.7,2020-08-28T03:44:00,29.0,33.0,2020-08-28T13:36:00,26.4,2020-08-28T00:01:00,87,65,2020-08-28T13:36:00,1.8,111,7.5,233,2020-08-28T12:22:00,9.0,,,,,,,,,,,,,,,,4.0,2020-08-28T11:00:00,,,0,,100,2020-08-28T05:12:00,,,,,,,,,,,,,,,,,,,,,,,,,,,,,,,,,,,,,,,,,,,,,,,,,,,,,,,,,,,,,,,,,,,,,,,,,,
2020-08-29,1002.0,1003.3,2020-08-29T21:34:00,1000.5,2020-08-29T14:57:00,30.0,34.0,2020-08-29T09:41:00,26.2,2020-08-29T05:21:00,79,58,2020-08-29T14:34:00,1.5,250,8.1,255,2020-08-29T13:19:00,0.0,,,,,,,,,,,,,,,,0.0,,,,0,,93,2020-08-29T23:42:00,,,,,,,,,,,,,,,,,,,,,,,,,,,,,,,,,,,,,,,,,,,,,,,,,,,,,,,,,,,,,,,,,,,,,,,,,,
2020-08-30,1002.1,1003.4,2020-08-30T08:34:00,1000.1,2020-08-30T15:27:00,30.0,35.1,2020-08-30T13:51:00,26.3,2020-08-30T18:13:00,82,54,2020-08-30T12:26:00,1.4,67,8.5,117,2020-08-30T17:18:00,1.5,,,,,,,,,,,,,,,,1.5,2020-08-30T18:00:00,,,0,,98,2020-08-30T04:21:00,,,,,,,,,,,,,,,,,,,,,,,,,,,,,,,,,,,,,,,,,,,,,,,,,,,,,,,,,,,,,,,,,,,,,,,,,,
2020-08-31,1001.1,1002.5,2020-08-31T10:33:00,999.0,2020-08-31T14:22:00,28.9,36.0,2020-08-31T13:29:00,26.6,2020-08-31T04:51:00,90,60,2020-08-31T12:33:00,1.4,107,7.5,259,2020-08-31T14:29:00,14.0,,,,,,,,,,,,,,,,6.0,2020-08-31T15:00:00,,,0,,99,2020-08-31T17:31:00,,,,,,,,,,,,,,,,,,,,,,,,,,,,,,,,,,,,,,,,,,,,,,,,,,,,,,,,,,,,,,,,,,,,,,,,,,
2020-09-01,1000.6,1003.4,2020-09-01T22:05:00,998.7,2020-09-01T03:21:00,31.4,38.2,2020-09-01T22:51:00,27.6,2020-09-01T03:04:00,82,61,2020-09-01T11:14:00,2.0,23,11.8,314,2020-09-01T12:54:00,0.0,,,,,,,,,,,,,,,,0.0,,,,0,,99,2020-09-01T03:55:00,,,,,,,,,,,,,,,,,,,,,,,,,,,,,,,,,,,,,,,,,,,,,,,,,,,,,,,,,,,,,,,,,,,,,,,,,,
2020-09-02,1003.9,1005.7,2020-09-02T22:51:00,1002.6,2020-09-02T03:41:00,-99.5,,,0.5,2020-09-02T00:51:00,95,81,2020-09-02T08:58:00,1.4,238,7.8,246,2020-09-02T15:43:00,2.0,,,,,,,,,,,,,,,,1.0,2020-09-02T07:00:00,,,0,,100,2020-09-02T00:51:00,,,,,,,,,,,,,,,,,,,,,,,,,,,,,,,,,,,,,,,,,,,,,,,,,,,,,,,,,,,,,,,,,,,,,,,,,,
2020-09-03,1006.2,1008.4,2020-09-03T21:41:00,1004.5,2020-09-03T02:03:00,-99.5,0.5,2020-09-03T00:01:00,0.5,2020-09-03T00:01:00,95,78,2020-09-03T12:02:00,1.6,123,8.3,40,2020-09-03T18:41:00,15.5,,,,,,,,,,,,,,,,10.0,2020-09-03T20:00:00,,,0,,100,2020-09-03T00:01:00,,,,,,,,,,,,,,,,,,,,,,,,,,,,,,,,,,,,,,,,,,,,,,,,,,,,,,,,,,,,,,,,,,,,,,,,,,
2020-09-04,1006.3,1008.0,2020-09-04T00:01:00,1004.4,2020-09-04T16:43:00,-99.5,,,0.5,2020-09-04T00:01:00,89,67,2020-09-04T12:02:00,1.4,238,6.4,273,2020-09-04T12:34:00,0.0,,,,,,,,,,,,,,,,0.0,,,,0,,100,2020-09-04T00:01:00,,,,,,,,,,,,,,,,,,,,,,,,,,,,,,,,,,,,,,,,,,,,,,,,,,,,,,,,,,,,,,,,,,,,,,,,,,
2020-09-05,1003.2,1006.0,2020-09-05T00:01:00,1000.7,2020-09-05T17:35:00,-99.5,0.5,2020-09-05T00:01:00,0.5,2020-09-05T00:01:00,87,68,2020-09-05T13:42:00,1.5,97,7.5,31,2020-09-05T20:07:00,0.0,,,,,,,,,,,,,,,,0.0,,,,0,,100,2020-09-05T00:01:00,,,,,,,,,,,,,,,,,,,,,,,,,,,,,,,,,,,,,,,,,,,,,,,,,,,,,,,,,,,,,,,,,,,,,,,,,,
2020-09-06,1001.8,1004.3,2020-09-06T23:13:00,1000.0,2020-09-06T15:05:00,-99.5,0.5,2020-09-06T00:01:00,0.5,2020-09-06T00:01:00,69,37,2020-09-06T13:05:00,1.8,9,9.3,38,2020-09-06T13:26:00,0.0,,,,,,,,,,,,,,,,0.0,,,,0,,100,2020-09-06T05:38:00,,,,,,,,,,,,,,,,,,,,,,,,,,,,,,,,,,,,,,,,,,,,,,,,,,,,,,,,,,,,,,,,,,,,,,,,,,
2020-09-07,1006.1,1009.1,2020-09-07T22:16:00,1003.6,2020-09-07T02:00:00,-99.5,0.5,2020-09-07T00:01:00,0.5,2020-09-07T00:01:00,76,42,2020-09-07T10:31:00,1.5,239,6.5,248,2020-09-07T10:55:00,0.0,,,,,,,,,,,,,,,,0.0,,,,0,,93,2020-09-07T02:52:00,,,,,,,,,,,,,,,,,,,,,,,,,,,,,,,,,,,,,,,,,,,,,,,,,,,,,,,,,,,,,,,,,,,,,,,,,,
2020-09-08,1009.2,1010.8,2020-09-08T21:33:00,1008.3,2020-09-08T15:04:00,29.8,33.2,2020-09-08T00:01:00,27.7,2020-09-08T23:58:00,75,54,2020-09-08T00:01:00,1.5,70,6.6,282,2020-09-08T15:28:00,0.0,,,,,,,,,,,,,,,,0.0,,,,0,,81,2020-09-08T23:58:00,,,,,,,,,,,,,,,,,,,,,,,,,,,,,,,,,,,,,,,,,,,,,,,,,,,,,,,,,,,,,,,,,,,,,,,,,,
2020-09-09,1007.4,1009.7,2020-09-09T08:31:00,1005.1,2020-09-09T17:21:00,29.8,34.0,2020-09-09T12:04:00,26.6,2020-09-09T05:15:00,73,49,2020-09-09T14:17:00,1.3,71,6.6,240,2020-09-09T12:50:00,0.0,,,,,,,,,,,,,,,,0.0,,,,0,,87,2020-09-09T05:15:00,,,,,,,,,,,,,,,,,,,,,,,,,,,,,,,,,,,,,,,,,,,,,,,,,,,,,,,,,,,,,,,,,,,,,,,,,,
2020-09-10,1005.0,1006.4,2020-09-10T22:23:00,1003.0,2020-09-10T14:21:00,29.6,34.3,2020-09-10T11:34:00,26.6,2020-09-10T05:42:00,76,54,2020-09-10T10:04:00,1.3,100,6.8,244,2020-09-10T13:41:00,0.0,,,,,,,,,,,,,,,,0.0,,,,0,,91,2020-09-10T06:12:00,,,,,,,,,,,,,,,,,,,,,,,,,,,,,,,,,,,,,,,,,,,,,,,,,,,,,,,,,,,,,,,,,,,,,,,,,,
2020-09-11,1006.3,1008.3,2020-09-11T23:02:00,1004.8,2020-09-11T02:31:00,29.2,34.2,2020-09-11T09:33:00,26.2,2020-09-11T04:16:00,77,57,2020-09-11T09:33:00,1.7,106,8.0,244,2020-09-11T12:15:00,0.0,,,,,,,,,,,,,,,,0.0,,,,0,,88,2020-09-11T23:51:00,,,,,,,,,,,,,,,,,,,,,,,,,,,,,,,,,,,,,,,,,,,,,,,,,,,,,,,,,,,,,,,,,,,,,,,,,,
2020-09-12,1008.5,1009.9,2020-09-12T21:37:00,1006.6,2020-09-12T02:43:00,28.6,34.0,2020-09-12T10:25:00,26.4,2020-09-12T05:51:00,83,57,2020-09-12T10:25:00,1.2,97,8.0,16,2020-09-12T11:37:00,4.5,,,,,,,,,,,,,,,,4.5,2020-09-12T13:00:00,,,0,,95,2020-09-12T12:34:00,,,,,,,,,,,,,,,,,,,,,,,,,,,,,,,,,,,,,,,,,,,,,,,,,,,,,,,,,,,,,,,,,,,,,,,,,,
2020-09-13,1008.6,1009.7,2020-09-13T00:02:00,1006.6,2020-09-13T14:42:00,29.7,34.6,2020-09-13T10:35:00,26.0,2020-09-13T05:27:00,76,54,2020-09-13T10:35:00,1.3,91,6.8,327,2020-09-13T14:50:00,0.0,,,,,,,,,,,,,,,,0.0,,,,0,,91,2020-09-13T00:02:00,,,,,,,,,,,,,,,,,,,,,,,,,,,,,,,,,,,,,,,,,,,,,,,,,,,,,,,,,,,,,,,,,,,,,,,,,,
2020-09-14,1007.6,1009.0,2020-09-14T00:01:00,1004.9,2020-09-14T14:42:00,29.5,34.7,2020-09-14T15:03:00,26.3,2020-09-14T05:42:00,80,54,2020-09-14T15:21:00,1.3,328,6.5,306,2020-09-14T14:23:00,2.0,,,,,,,,,,,,,,,,1.5,2020-09-14T17:00:00,,,0,,94,2020-09-14T19:42:00,,,,,,,,,,,,,,,,,,,,,,,,,,,,,,,,,,,,,,,,,,,,,,,,,,,,,,,,,,,,,,,,,,,,,,,,,,
2020-09-15,1007.1,1008.7,2020-09-15T21:23:00,1005.0,2020-09-15T16:03:00,29.6,34.8,2020-09-15T12:31:00,26.4,2020-09-15T04:06:00,78,52,2020-09-15T12:24:00,1.2,76,5.9,281,2020-09-15T13:04:00,0.0,,,,,,,,,,,,,,,,0.0,,,,0,,95,2020-09-15T04:48:00,,,,,,,,,,,,,,,,,,,,,,,,,,,,,,,,,,,,,,,,,,,,,,,,,,,,,,,,,,,,,,,,,,,,,,,,,,
2020-09-16,1006.4,1007.7,2020-09-16T00:01:00,1005.0,2020-09-16T16:02:00,30.2,34.3,2020-09-16T10:31:00,26.2,2020-09-16T04:51:00,75,55,2020-09-16T12:01:00,1.4,102,7.8,313,2020-09-16T13:04:00,0.0,,,,,,,,,,,,,,,,0.0,,,,0,,93,2020-09-16T02:04:00,,,,,,,,,,,,,,,,,,,,,,,,,,,,,,,,,,,,,,,,,,,,,,,,,,,,,,,,,,,,,,,,,,,,,,,,,,
2020-09-17,1006.0,1008.4,2020-09-17T23:32:00,1004.4,2020-09-17T14:31:00,30.6,34.5,2020-09-17T13:01:00,26.8,2020-09-17T04:45:00,71,53,2020-09-17T13:01:00,1.3,108,6.7,328,2020-09-17T13:13:00,0.0,,,,,,,,,,,,,,,,0.0,,,,0,,91,2020-09-17T03:32:00,,,,,,,,,,,,,,,,,,,,,,,,,,,,,,,,,,,,,,,,,,,,,,,,,,,,,,,,,,,,,,,,,,,,,,,,,,
2020-09-18,1009.2,1011.7,2020-09-18T21:25:00,1007.1,2020-09-18T03:51:00,29.2,36.2,2020-09-18T09:31:00,24.1,2020-09-18T16:23:00,81,52,2020-09-18T09:31:00,1.6,84,9.0,27,2020-09-18T16:20:00,43.5,,,,,,,,,,,,,,,,38.5,2020-09-18T17:00:00,,,0,,99,2020-09-18T16:20:00,,,,,,,,,,,,,,,,,,,,,,,,,,,,,,,,,,,,,,,,,,,,,,,,,,,,,,,,,,,,,,,,,,,,,,,,,,
2020-09-19,1010.2,1011.6,2020-09-19T08:02:00,1008.4,2020-09-19T14:31:00,29.4,34.0,2020-09-19T10:34:00,25.9,2020-09-19T04:51:00,80,60,2020-09-19T10:34:00,1.5,113,7.6,307,2020-09-19T15:59:00,0.0,,,,,,,,,,,,,,,,0.0,,,,0,,96,2020-09-19T04:44:00,,,,,,,,,,,,,,,,,,,,,,,,,,,,,,,,,,,,,,,,,,,,,,,,,,,,,,,,,,,,,,,,,,,,,,,,,,
2020-09-20,1008.4,1010.4,2020-09-20T00:01:00,1006.1,2020-09-20T15:25:00,28.5,34.5,2020-09-20T10:41:00,25.1,2020-09-20T16:43:00,84,56,2020-09-20T10:41:00,1.4,4,8.6,300,2020-09-20T13:21:00,35.5,,,,,,,,,,,,,,,,31.5,2020-09-20T17:00:00,,,0,,100,2020-09-20T16:58:00,,,,,,,,,,,,,,,,,,,,,,,,,,,,,,,,,,,,,,,,,,,,,,,,,,,,,,,,,,,,,,,,,,,,,,,,,,
2020-09-21,1007.2,1009.0,2020-09-21T00:01:00,1005.5,2020-09-21T14:11:00,28.9,33.9,2020-09-21T10:21:00,25.6,2020-09-21T05:02:00,80,57,2020-09-21T10:21:00,1.4,104,6.3,247,2020-09-21T14:58:00,1.0,,,,,,,,,,,,,,,,1.0,2020-09-21T18:00:00,,,0,,94,2020-09-21T03:51:00,,,,,,,,,,,,,,,,,,,,,,,,,,,,,,,,,,,,,,,,,,,,,,,,,,,,,,,,,,,,,,,,,,,,,,,,,,
2020-09-22,1006.7,1007.7,2020-09-22T22:51:00,1005.1,2020-09-22T15:21:00,29.3,33.3,2020-09-22T09:35:00,26.1,2020-09-22T02:14:00,77,62,2020-09-22T09:35:00,1.6,239,6.6,239,2020-09-22T15:21:00,0.0,,,,,,,,,,,,,,,,0.0,,,,0,,93,2020-09-22T02:02:00,,,,,,,,,,,,,,,,,,,,,,,,,,,,,,,,,,,,,,,,,,,,,,,,,,,,,,,,,,,,,,,,,,,,,,,,,,
2020-09-23,1007.0,1008.5,2020-09-23T21:27:00,1005.5,2020-09-23T15:14:00,29.7,33.6,2020-09-23T12:26:00,26.5,2020-09-23T05:43:00,74,57,2020-09-23T15:21:00,1.5,26,6.8,312,2020-09-23T14:03:00,0.0,,,,,,,,,,,,,,,,0.0,,,,0,,92,2020-09-23T04:51:00,,,,,,,,,,,,,,,,,,,,,,,,,,,,,,,,,,,,,,,,,,,,,,,,,,,,,,,,,,,,,,,,,,,,,,,,,,
2020-09-24,1006.7,1008.0,2020-09-24T08:02:00,1005.1,2020-09-24T15:31:00,29.1,34.2,2020-09-24T10:24:00,25.8,2020-09-24T02:37:00,75,52,2020-09-24T14:11:00,1.6,40,6.8,26,2020-09-24T19:30:00,0.0,,,,,,,,,,,,,,,,0.0,,,,0,,91,2020-09-24T04:47:00,,,,,,,,,,,,,,,,,,,,,,,,,,,,,,,,,,,,,,,,,,,,,,,,,,,,,,,,,,,,,,,,,,,,,,,,,,
2020-09-25,1005.9,1007.4,2020-09-25T22:22:00,1004.2,2020-09-25T14:04:00,28.3,33.0,2020-09-25T10:05:00,25.1,2020-09-25T05:15:00,75,59,2020-09-25T16:27:00,1.7,27,6.2,45,2020-09-25T03:13:00,0.0,,,,,,,,,,,,,,,,0.0,,,,0,,87,2020-09-25T21:26:00,,,,,,,,,,,,,,,,,,,,,,,,,,,,,,,,,,,,,,,,,,,,,,,,,,,,,,,,,,,,,,,,,,,,,,,,,,
2020-09-26,1006.2,1007.9,2020-09-26T22:15:00,1004.7,2020-09-26T14:22:00,28.8,32.8,2020-09-26T11:21:00,25.5,2020-09-26T03:12:00,73,56,2020-09-26T11:21:00,1.4,243,6.6,239,2020-09-26T14:58:00,0.0,,,,,,,,,,,,,,,,0.0,,,,0,,90,2020-09-26T05:31:00,,,,,,,,,,,,,,,,,,,,,,,,,,,,,,,,,,,,,,,,,,,,,,,,,,,,,,,,,,,,,,,,,,,,,,,,,,
2020-09-27,1007.4,1009.2,2020-09-27T08:51:00,1005.5,2020-09-27T14:36:00,28.6,33.2,2020-09-27T10:26:00,25.4,2020-09-27T23:44:00,73,55,2020-09-27T10:26:00,1.8,309,7.4,315,2020-09-27T15:33:00,0.0,,,,,,,,,,,,,,,,0.0,,,,0,,90,2020-09-27T03:41:00,,,,,,,,,,,,,,,,,,,,,,,,,,,,,,,,,,,,,,,,,,,,,,,,,,,,,,,,,,,,,,,,,,,,,,,,,,
2020-09-28,1007.2,1008.8,2020-09-28T08:41:00,1005.0,2020-09-28T14:41:00,28.2,33.6,2020-09-28T11:07:00,24.1,2020-09-28T04:15:00,74,54,2020-09-28T11:13:00,1.8,26,7.7,345,2020-09-28T14:30:00,0.0,,,,,,,,,,,,,,,,0.0,,,,0,,91,2020-09-28T04:15:00,,,,,,,,,,,,,,,,,,,,,,,,,,,,,,,,,,,,,,,,,,,,,,,,,,,,,,,,,,,,,,,,,,,,,,,,,,
2020-09-29,1005.1,1007.7,2020-09-29T00:01:00,1002.9,2020-09-29T15:21:00,28.4,32.2,2020-09-29T13:33:00,25.0,2020-09-29T06:14:00,72,58,2020-09-29T17:03:00,1.6,24,6.3,248,2020-09-29T13:06:00,0.0,,,,,,,,,,,,,,,,0.0,,,,0,,88,2020-09-29T06:14:00,,,,,,,,,,,,,,,,,,,,,,,,,,,,,,,,,,,,,,,,,,,,,,,,,,,,,,,,,,,,,,,,,,,,,,,,,,
2020-09-30,1004.3,1005.6,2020-09-30T22:03:00,1002.7,2020-09-30T14:34:00,28.2,33.4,2020-09-30T11:02:00,24.5,2020-09-30T03:52:00,70,51,2020-09-30T11:03:00,1.5,28,7.2,320,2020-09-30T12:18:00,0.0,,,,,,,,,,,,,,,,0.0,,,,0,,89,2020-09-30T04:48:00,,,,,,,,,,,,,,,,,,,,,,,,,,,,,,,,,,,,,,,,,,,,,,,,,,,,,,,,,,,,,,,,,,,,,,,,,,
2020-10-01,1005.8,1007.7,2020-10-01T21:04:00,1004.2,2020-10-01T03:24:00,28.4,32.3,2020-10-01T10:42:00,25.6,2020-10-01T01:05:00,74,58,2020-10-01T11:53:00,1.5,242,7.4,238,2020-10-01T14:58:00,0.0,,,,,,,,,,,,,,,,0.0,,,,0,,90,2020-10-01T23:45:00,,,,,,,,,,,,,,,,,,,,,,,,,,,,,,,,,,,,,,,,,,,,,,,,,,,,,,,,,,,,,,,,,,,,,,,,,,
2020-10-02,1007.5,1009.4,2020-10-02T21:41:00,1006.0,2020-10-02T14:32:00,28.6,32.9,2020-10-02T09:56:00,25.2,2020-10-02T05:47:00,75,52,2020-10-02T09:41:00,1.4,96,7.6,308,2020-10-02T14:05:00,0.0,,,,,,,,,,,,,,,,0.0,,,,0,,91,2020-10-02T01:20:00,,,,,,,,,,,,,,,,,,,,,,,,,,,,,,,,,,,,,,,,,,,,,,,,,,,,,,,,,,,,,,,,,,,,,,,,,,
2020-10-03,1007.7,1009.1,2020-10-03T00:01:00,1005.2,2020-10-03T14:42:00,28.6,33.4,2020-10-03T10:06:00,24.9,2020-10-03T06:11:00,76,50,2020-10-03T09:22:00,1.4,64,7.6,317,2020-10-03T16:20:00,0.0,,,,,,,,,,,,,,,,0.0,,,,0,,95,2020-10-03T05:51:00,,,,,,,,,,,,,,,,,,,,,,,,,,,,,,,,,,,,,,,,,,,,,,,,,,,,,,,,,,,,,,,,,,,,,,,,,,
2020-10-04,1006.4,1008.6,2020-10-04T00:01:00,1004.3,2020-10-04T14:14:00,29.0,33.8,2020-10-04T10:21:00,26.0,2020-10-04T06:12:00,75,53,2020-10-04T10:21:00,1.3,36,6.1,333,2020-10-04T13:59:00,0.0,,,,,,,,,,,,,,,,0.0,,,,0,,90,2020-10-04T05:52:00,,,,,,,,,,,,,,,,,,,,,,,,,,,,,,,,,,,,,,,,,,,,,,,,,,,,,,,,,,,,,,,,,,,,,,,,,,
2020-10-05,1007.1,1008.9,2020-10-05T21:10:00,1005.6,2020-10-05T15:03:00,29.3,32.8,2020-10-05T15:03:00,25.9,2020-10-05T05:34:00,71,52,2020-10-05T15:36:00,1.5,115,6.7,262,2020-10-05T11:39:00,0.0,,,,,,,,,,,,,,,,0.0,,,,0,,91,2020-10-05T04:42:00,,,,,,,,,,,,,,,,,,,,,,,,,,,,,,,,,,,,,,,,,,,,,,,,,,,,,,,,,,,,,,,,,,,,,,,,,,
2020-10-06,1008.6,1010.2,2020-10-06T21:21:00,1006.9,2020-10-06T14:12:00,28.0,33.6,2020-10-06T13:04:00,23.8,2020-10-06T06:13:00,69,51,2020-10-06T13:04:00,1.9,34,6.6,286,2020-10-06T14:12:00,0.0,,,,,,,,,,,,,,,,0.0,,,,0,,88,2020-10-06T04:34:00,,,,,,,,,,,,,,,,,,,,,,,,,,,,,,,,,,,,,,,,,,,,,,,,,,,,,,,,,,,,,,,,,,,,,,,,,,
2020-10-07,1009.1,1011.1,2020-10-07T09:14:00,1007.0,2020-10-07T16:18:00,27.2,31.9,2020-10-07T10:51:00,23.9,2020-10-07T06:12:00,66,54,2020-10-07T10:51:00,1.7,19,7.4,37,2020-10-07T18:45:00,0.0,,,,,,,,,,,,,,,,0.0,,,,0,,80,2020-10-07T06:24:00,,,,,,,,,,,,,,,,,,,,,,,,,,,,,,,,,,,,,,,,,,,,,,,,,,,,,,,,,,,,,,,,,,,,,,,,,,
2020-10-08,1009.5,1011.1,2020-10-08T21:21:00,1007.9,2020-10-08T14:13:00,26.6,30.2,2020-10-08T11:31:00,23.6,2020-10-08T05:12:00,70,56,2020-10-08T11:40:00,1.3,29,4.6,32,2020-10-08T23:12:00,0.0,,,,,,,,,,,,,,,,0.0,,,,0,,79,2020-10-08T07:42:00,,,,,,,,,,,,,,,,,,,,,,,,,,,,,,,,,,,,,,,,,,,,,,,,,,,,,,,,,,,,,,,,,,,,,,,,,,
2020-10-09,1009.2,1010.8,2020-10-09T08:05:00,1007.0,2020-10-09T15:31:00,27.2,31.8,2020-10-09T12:22:00,23.0,2020-10-09T05:21:00,69,54,2020-10-09T11:14:00,1.7,76,7.8,316,2020-10-09T14:03:00,0.0,,,,,,,,,,,,,,,,0.0,,,,0,,86,2020-10-09T05:55:00,,,,,,,,,,,,,,,,,,,,,,,,,,,,,,,,,,,,,,,,,,,,,,,,,,,,,,,,,,,,,,,,,,,,,,,,,,
2020-10-10,1007.6,1009.4,2020-10-10T08:22:00,1005.8,2020-10-10T15:27:00,27.1,32.1,2020-10-10T13:03:00,22.8,2020-10-10T05:42:00,72,54,2020-10-10T10:58:00,1.8,22,5.6,294,2020-10-10T15:59:00,0.0,,,,,,,,,,,,,,,,0.0,,,,0,,85,2020-10-10T23:56:00,,,,,,,,,,,,,,,,,,,,,,,,,,,,,,,,,,,,,,,,,,,,,,,,,,,,,,,,,,,,,,,,,,,,,,,,,,
2020-10-11,1006.1,1007.7,2020-10-11T08:23:00,1003.8,2020-10-11T14:18:00,27.9,32.8,2020-10-11T11:41:00,23.2,2020-10-11T05:52:00,76,53,2020-10-11T11:11:00,1.6,28,5.6,303,2020-10-11T12:41:00,0.0,,,,,,,,,,,,,,,,0.0,,,,0,,92,2020-10-11T05:33:00,,,,,,,,,,,,,,,,,,,,,,,,,,,,,,,,,,,,,,,,,,,,,,,,,,,,,,,,,,,,,,,,,,,,,,,,,,
2020-10-12,1006.4,1008.3,2020-10-12T22:01:00,1004.7,2020-10-12T13:53:00,28.6,33.1,2020-10-12T11:35:00,25.4,2020-10-12T06:14:00,78,57,2020-10-12T13:04:00,1.3,72,6.7,340,2020-10-12T15:46:00,0.0,,,,,,,,,,,,,,,,0.0,,,,0,,94,2020-10-12T06:23:00,,,,,,,,,,,,,,,,,,,,,,,,,,,,,,,,,,,,,,,,,,,,,,,,,,,,,,,,,,,,,,,,,,,,,,,,,,
2020-10-13,1008.7,1010.8,2020-10-13T23:31:00,1006.8,2020-10-13T03:15:00,28.3,32.6,2020-10-13T10:41:00,25.0,2020-10-13T05:44:00,79,56,2020-10-13T12:01:00,1.3,56,6.6,319,2020-10-13T12:41:00,0.0,,,,,,,,,,,,,,,,0.0,,,,0,,96,2020-10-13T06:12:00,,,,,,,,,,,,,,,,,,,,,,,,,,,,,,,,,,,,,,,,,,,,,,,,,,,,,,,,,,,,,,,,,,,,,,,,,,
2020-10-14,1010.3,1011.5,2020-10-14T09:49:00,1008.7,2020-10-14T15:03:00,28.4,33.2,2020-10-14T10:47:00,25.6,2020-10-14T04:19:00,78,58,2020-10-14T10:45:00,1.4,28,6.6,318,2020-10-14T13:08:00,0.0,,,,,,,,,,,,,,,,0.0,,,,0,,93,2020-10-14T04:24:00,,,,,,,,,,,,,,,,,,,,,,,,,,,,,,,,,,,,,,,,,,,,,,,,,,,,,,,,,,,,,,,,,,,,,,,,,,
2020-10-15,1009.9,1011.4,2020-10-15T09:31:00,1007.8,2020-10-15T14:51:00,28.3,32.4,2020-10-15T14:25:00,24.8,2020-10-15T05:01:00,76,52,2020-10-15T14:25:00,1.2,240,7.4,266,2020-10-15T13:34:00,0.0,,,,,,,,,,,,,,,,0.0,,,,0,,92,2020-10-15T05:01:00,,,,,,,,,,,,,,,,,,,,,,,,,,,,,,,,,,,,,,,,,,,,,,,,,,,,,,,,,,,,,,,,,,,,,,,,,,
2020-10-16,1009.9,1011.5,2020-10-16T09:11:00,1008.1,2020-10-16T16:41:00,28.1,33.3,2020-10-16T09:51:00,24.3,2020-10-16T05:32:00,74,52,2020-10-16T09:58:00,1.3,29,6.4,303,2020-10-16T14:46:00,0.0,,,,,,,,,,,,,,,,0.0,,,,0,,89,2020-10-16T00:02:00,,,,,,,,,,,,,,,,,,,,,,,,,,,,,,,,,,,,,,,,,,,,,,,,,,,,,,,,,,,,,,,,,,,,,,,,,,
2020-10-17,1010.4,1011.9,2020-10-17T21:17:00,1009.0,2020-10-17T15:12:00,27.2,31.9,2020-10-17T12:26:00,24.6,2020-10-17T04:32:00,78,54,2020-10-17T12:26:00,1.3,27,6.4,247,2020-10-17T13:25:00,0.0,,,,,,,,,,,,,,,,0.0,,,,0,,93,2020-10-17T04:01:00,,,,,,,,,,,,,,,,,,,,,,,,,,,,,,,,,,,,,,,,,,,,,,,,,,,,,,,,,,,,,,,,,,,,,,,,,,
2020-10-18,1011.0,1012.5,2020-10-18T08:14:00,1009.5,2020-10-18T14:01:00,26.4,31.8,2020-10-18T11:04:00,22.5,2020-10-18T06:03:00,76,57,2020-10-18T13:12:00,1.6,21,6.4,249,2020-10-18T13:39:00,0.0,,,,,,,,,,,,,,,,0.0,,,,0,,93,2020-10-18T06:31:00,,,,,,,,,,,,,,,,,,,,,,,,,,,,,,,,,,,,,,,,,,,,,,,,,,,,,,,,,,,,,,,,,,,,,,,,,,
2020-10-19,1010.3,1012.0,2020-10-19T21:41:00,1008.0,2020-10-19T14:13:00,26.8,32.3,2020-10-19T12:01:00,22.7,2020-10-19T06:03:00,72,53,2020-10-19T12:01:00,1.8,16,6.4,44,2020-10-19T20:56:00,0.0,,,,,,,,,,,,,,,,0.0,,,,0,,88,2020-10-19T06:23:00,,,,,,,,,,,,,,,,,,,,,,,,,,,,,,,,,,,,,,,,,,,,,,,,,,,,,,,,,,,,,,,,,,,,,,,,,,
2020-10-20,1008.3,1010.9,2020-10-20T00:01:00,1006.2,2020-10-20T15:34:00,26.9,32.0,2020-10-20T13:53:00,22.6,2020-10-20T05:42:00,74,53,2020-10-20T13:23:00,1.5,33,6.0,340,2020-10-20T12:48:00,0.0,,,,,,,,,,,,,,,,0.0,,,,0,,91,2020-10-20T05:53:00,,,,,,,,,,,,,,,,,,,,,,,,,,,,,,,,,,,,,,,,,,,,,,,,,,,,,,,,,,,,,,,,,,,,,,,,,,
2020-10-21,1004.7,1007.3,2020-10-21T00:02:00,1002.6,2020-10-21T16:14:00,27.0,31.7,2020-10-21T12:23:00,23.4,2020-10-21T05:20:00,80,60,2020-10-21T12:28:00,1.2,21,5.0,310,2020-10-21T11:29:00,0.0,,,,,,,,,,,,,,,,0.0,,,,0,,93,2020-10-21T06:46:00,,,,,,,,,,,,,,,,,,,,,,,,,,,,,,,,,,,,,,,,,,,,,,,,,,,,,,,,,,,,,,,,,,,,,,,,,,
2020-10-22,1004.1,1007.2,2020-10-22T22:23:00,1001.9,2020-10-22T02:54:00,25.5,30.1,2020-10-22T12:31:00,20.3,2020-10-22T23:23:00,83,65,2020-10-22T12:42:00,2.3,18,9.7,27,2020-10-22T15:52:00,4.5,,,,,,,,,,,,,,,,2.0,2020-10-22T23:00:00,,,0,,96,2020-10-22T05:42:00,,,,,,,,,,,,,,,,,,,,,,,,,,,,,,,,,,,,,,,,,,,,,,,,,,,,,,,,,,,,,,,,,,,,,,,,,,
2020-10-23,1007.1,1009.1,2020-10-23T23:42:00,1004.4,2020-10-23T02:34:00,22.3,26.6,2020-10-23T12:33:00,20.3,2020-10-23T00:53:00,86,70,2020-10-23T12:33:00,1.7,31,7.4,36,2020-10-23T06:08:00,2.5,,,,,,,,,,,,,,,,1.5,2020-10-23T19:00:00,,,0,,94,2020-10-23T00:55:00,,,,,,,,,,,,,,,,,,,,,,,,,,,,,,,,,,,,,,,,,,,,,,,,,,,,,,,,,,,,,,,,,,,,,,,,,,
2020-10-24,1009.8,1011.5,2020-10-24T08:34:00,1007.7,2020-10-24T02:47:00,25.2,30.1,2020-10-24T13:14:00,21.0,2020-10-24T03:21:00,78,57,2020-10-24T12:11:00,1.1,31,5.2,293,2020-10-24T14:51:00,0.0,,,,,,,,,,,,,,,,0.0,,,,0,,94,2020-10-24T01:42:00,,,,,,,,,,,,,,,,,,,,,,,,,,,,,,,,,,,,,,,,,,,,,,,,,,,,,,,,,,,,,,,,,,,,,,,,,,
2020-10-25,1010.7,1012.4,2020-10-25T08:34:00,1008.7,2020-10-25T15:48:00,26.8,30.8,2020-10-25T12:31:00,23.9,2020-10-25T04:04:00,76,56,2020-10-25T12:31:00,1.3,252,5.6,224,2020-10-25T13:15:00,0.0,,,,,,,,,,,,,,,,0.0,,,,0,,92,2020-10-25T02:31:00,,,,,,,,,,,,,,,,,,,,,,,,,,,,,,,,,,,,,,,,,,,,,,,,,,,,,,,,,,,,,,,,,,,,,,,,,,
2020-10-26,1009.1,1011.1,2020-10-26T08:21:00,1006.4,2020-10-26T15:32:00,27.3,31.5,2020-10-26T11:05:00,24.1,2020-10-26T06:02:00,75,58,2020-10-26T12:06:00,1.4,27,5.2,241,2020-10-26T14:42:00,0.0,,,,,,,,,,,,,,,,0.0,,,,0,,92,2020-10-26T03:07:00,,,,,,,,,,,,,,,,,,,,,,,,,,,,,,,,,,,,,,,,,,,,,,,,,,,,,,,,,,,,,,,,,,,,,,,,,,
2020-10-27,1009.0,1011.1,2020-10-27T22:22:00,1006.7,2020-10-27T14:16:00,27.4,32.3,2020-10-27T12:21:00,23.7,2020-10-27T05:34:00,75,52,2020-10-27T12:27:00,1.3,31,6.3,286,2020-10-27T15:03:00,0.0,,,,,,,,,,,,,,,,0.0,,,,0,,92,2020-10-27T05:41:00,,,,,,,,,,,,,,,,,,,,,,,,,,,,,,,,,,,,,,,,,,,,,,,,,,,,,,,,,,,,,,,,,,,,,,,,,,
2020-10-28,1011.5,1012.9,2020-10-28T09:17:00,1009.8,2020-10-28T03:12:00,27.7,31.6,2020-10-28T12:11:00,23.8,2020-10-28T05:15:00,75,55,2020-10-28T13:44:00,1.2,31,5.6,233,2020-10-28T11:21:00,0.0,,,,,,,,,,,,,,,,0.0,,,,0,,93,2020-10-28T06:11:00,,,,,,,,,,,,,,,,,,,,,,,,,,,,,,,,,,,,,,,,,,,,,,,,,,,,,,,,,,,,,,,,,,,,,,,,,,
2020-10-29,1012.8,1014.5,2020-10-29T08:37:00,1010.7,2020-10-29T14:35:00,27.6,32.0,2020-10-29T13:51:00,24.5,2020-10-29T23:01:00,74,54,2020-10-29T12:32:00,1.4,26,6.1,260,2020-10-29T12:08:00,0.0,,,,,,,,,,,,,,,,0.0,,,,0,,90,2020-10-29T06:04:00,,,,,,,,,,,,,,,,,,,,,,,,,,,,,,,,,,,,,,,,,,,,,,,,,,,,,,,,,,,,,,,,,,,,,,,,,,
2020-10-30,1012.9,1014.0,2020-10-30T09:32:00,1011.0,2020-10-30T15:21:00,25.9,30.8,2020-10-30T12:52:00,23.3,2020-10-30T06:15:00,70,56,2020-10-30T17:17:00,1.6,24,5.7,246,2020-10-30T13:42:00,0.0,,,,,,,,,,,,,,,,0.0,,,,0,,84,2020-10-30T06:15:00,,,,,,,,,,,,,,,,,,,,,,,,,,,,,,,,,,,,,,,,,,,,,,,,,,,,,,,,,,,,,,,,,,,,,,,,,,
2020-10-31,1012.2,1014.3,2020-10-31T09:01:00,1010.0,2020-10-31T15:01:00,25.6,30.0,2020-10-31T14:14:00,22.9,2020-10-31T05:04:00,68,52,2020-10-31T14:17:00,1.2,74,5.1,262,2020-10-31T13:04:00,0.0,,,,,,,,,,,,,,,,0.0,,,,0,,81,2020-10-31T07:22:00,,,,,,,,,,,,,,,,,,,,,,,,,,,,,,,,,,,,,,,,,,,,,,,,,,,,,,,,,,,,,,,,,,,,,,,,,,
2020-11-01,1010.8,1012.5,2020-11-01T08:22:00,1008.9,2020-11-01T15:12:00,25.7,30.6,2020-11-01T11:51:00,21.8,2020-11-01T04:51:00,71,46,2020-11-01T12:11:00,1.3,305,6.4,319,2020-11-01T13:18:00,0.0,,,,,,,,,,,,,,,,0.0,,,,0,,88,2020-11-01T23:51:00,,,,,,,,,,,,,,,,,,,,,,,,,,,,,,,,,,,,,,,,,,,,,,,,,,,,,,,,,,,,,,,,,,,,,,,,,,
2020-11-02,1009.5,1010.9,2020-11-02T21:01:00,1007.2,2020-11-02T16:12:00,25.7,30.4,2020-11-02T13:21:00,21.4,2020-11-02T05:58:00,74,52,2020-11-02T10:51:00,1.5,15,7.3,308,2020-11-02T14:04:00,0.0,,,,,,,,,,,,,,,,0.0,,,,0,,92,2020-11-02T06:01:00,,,,,,,,,,,,,,,,,,,,,,,,,,,,,,,,,,,,,,,,,,,,,,,,,,,,,,,,,,,,,,,,,,,,,,,,,,
2020-11-03,1010.9,1012.6,2020-11-03T09:11:00,1008.9,2020-11-03T14:06:00,24.8,30.0,2020-11-03T12:35:00,21.5,2020-11-03T05:24:00,70,51,2020-11-03T14:32:00,2.0,31,6.1,246,2020-11-03T13:52:00,0.0,,,,,,,,,,,,,,,,0.0,,,,0,,89,2020-11-03T05:41:00,,,,,,,,,,,,,,,,,,,,,,,,,,,,,,,,,,,,,,,,,,,,,,,,,,,,,,,,,,,,,,,,,,,,,,,,,,
2020-11-04,1012.3,1013.6,2020-11-04T20:32:00,1010.6,2020-11-04T14:02:00,24.8,29.0,2020-11-04T12:01:00,21.1,2020-11-04T05:41:00,66,49,2020-11-04T11:27:00,1.6,32,6.7,237,2020-11-04T13:04:00,0.0,,,,,,,,,,,,,,,,0.0,,,,0,,78,2020-11-04T05:43:00,,,,,,,,,,,,,,,,,,,,,,,,,,,,,,,,,,,,,,,,,,,,,,,,,,,,,,,,,,,,,,,,,,,,,,,,,,
2020-11-05,1012.1,1014.1,2020-11-05T08:51:00,1010.3,2020-11-05T15:03:00,25.5,30.2,2020-11-05T10:35:00,21.9,2020-11-05T06:37:00,69,49,2020-11-05T10:04:00,1.4,31,5.7,245,2020-11-05T13:01:00,0.0,,,,,,,,,,,,,,,,0.0,,,,0,,84,2020-11-05T23:52:00,,,,,,,,,,,,,,,,,,,,,,,,,,,,,,,,,,,,,,,,,,,,,,,,,,,,,,,,,,,,,,,,,,,,,,,,,,
2020-11-06,1008.1,1011.8,2020-11-06T00:01:00,1004.4,2020-11-06T15:12:00,24.4,28.2,2020-11-06T12:11:00,21.8,2020-11-06T04:04:00,87,66,2020-11-06T10:22:00,1.9,9,8.4,8,2020-11-06T12:39:00,4.5,,,,,,,,,,,,,,,,1.5,2020-11-06T19:00:00,,,0,,99,2020-11-06T23:12:00,,,,,,,,,,,,,,,,,,,,,,,,,,,,,,,,,,,,,,,,,,,,,,,,,,,,,,,,,,,,,,,,,,,,,,,,,,
2020-11-07,1010.7,1012.6,2020-11-07T19:52:00,1008.2,2020-11-07T02:11:00,25.6,29.3,2020-11-07T12:32:00,23.7,2020-11-07T03:44:00,91,71,2020-11-07T11:51:00,1.9,183,9.0,137,2020-11-07T01:08:00,31.5,,,,,,,,,,,,,,,,7.5,2020-11-07T06:00:00,,,0,,99,2020-11-07T05:14:00,,,,,,,,,,,,,,,,,,,,,,,,,,,,,,,,,,,,,,,,,,,,,,,,,,,,,,,,,,,,,,,,,,,,,,,,,,
2020-11-08,1012.1,1014.4,2020-11-08T09:21:00,1010.4,2020-11-08T15:41:00,23.2,27.4,2020-11-08T14:41:00,20.9,2020-11-08T07:36:00,84,67,2020-11-08T15:08:00,2.2,23,7.4,35,2020-11-08T02:02:00,0.0,,,,,,,,,,,,,,,,0.0,,,,0,,98,2020-11-08T00:09:00,,,,,,,,,,,,,,,,,,,,,,,,,,,,,,,,,,,,,,,,,,,,,,,,,,,,,,,,,,,,,,,,,,,,,,,,,,
2020-11-09,1012.4,1014.1,2020-11-09T07:42:00,1010.9,2020-11-09T02:08:00,21.7,24.6,2020-11-09T12:01:00,20.0,2020-11-09T23:52:00,86,76,2020-11-09T22:01:00,1.8,22,6.6,349,2020-11-09T21:10:00,1.5,,,,,,,,,,,,,,,,1.0,2020-11-09T09:00:00,,,0,,95,2020-11-09T09:43:00,,,,,,,,,,,,,,,,,,,,,,,,,,,,,,,,,,,,,,,,,,,,,,,,,,,,,,,,,,,,,,,,,,,,,,,,,,
2020-11-10,1014.1,1015.4,2020-11-10T09:13:00,1012.8,2020-11-10T03:14:00,22.4,28.0,2020-11-10T13:11:00,19.6,2020-11-10T05:47:00,80,61,2020-11-10T13:13:00,1.7,6,6.2,342,2020-11-10T17:00:00,0.0,,,,,,,,,,,,,,,,0.0,,,,0,,90,2020-11-10T06:46:00,,,,,,,,,,,,,,,,,,,,,,,,,,,,,,,,,,,,,,,,,,,,,,,,,,,,,,,,,,,,,,,,,,,,,,,,,,
2020-11-11,1014.6,1016.1,2020-11-11T09:12:00,1013.0,2020-11-11T15:11:00,23.8,29.8,2020-11-11T14:11:00,19.1,2020-11-11T04:44:00,74,52,2020-11-11T14:11:00,1.5,25,5.9,240,2020-11-11T14:48:00,0.0,,,,,,,,,,,,,,,,0.0,,,,0,,97,2020-11-11T04:34:00,,,,,,,,,,,,,,,,,,,,,,,,,,,,,,,,,,,,,,,,,,,,,,,,,,,,,,,,,,,,,,,,,,,,,,,,,,
2020-11-12,1012.9,1014.8,2020-11-12T00:01:00,1011.1,2020-11-12T15:07:00,24.1,28.6,2020-11-12T14:11:00,19.9,2020-11-12T04:03:00,74,58,2020-11-12T14:11:00,1.2,3,4.8,296,2020-11-12T12:25:00,0.0,,,,,,,,,,,,,,,,0.0,,,,0,,84,2020-11-12T06:07:00,,,,,,,,,,,,,,,,,,,,,,,,,,,,,,,,,,,,,,,,,,,,,,,,,,,,,,,,,,,,,,,,,,,,,,,,,,
2020-11-13,1011.6,1013.0,2020-11-13T09:22:00,1010.2,2020-11-13T13:44:00,24.5,27.8,2020-11-13T12:21:00,22.3,2020-11-13T04:52:00,81,66,2020-11-13T12:25:00,1.7,13,7.6,24,2020-11-13T20:01:00,0.0,,,,,,,,,,,,,,,,0.0,,,,0,,91,2020-11-13T23:53:00,,,,,,,,,,,,,,,,,,,,,,,,,,,,,,,,,,,,,,,,,,,,,,,,,,,,,,,,,,,,,,,,,,,,,,,,,,
2020-11-14,1013.1,1015.3,2020-11-14T21:01:00,1010.8,2020-11-14T02:33:00,24.5,27.5,2020-11-14T13:31:00,22.4,2020-11-14T03:33:00,87,72,2020-11-14T13:33:00,1.0,14,5.1,25,2020-11-14T19:52:00,0.0,,,,,,,,,,,,,,,,0.0,,,,0,,94,2020-11-14T03:31:00,,,,,,,,,,,,,,,,,,,,,,,,,,,,,,,,,,,,,,,,,,,,,,,,,,,,,,,,,,,,,,,,,,,,,,,,,,
2020-11-15,1014.7,1016.2,2020-11-15T09:12:00,1013.5,2020-11-15T03:13:00,24.3,29.4,2020-11-15T12:51:00,21.7,2020-11-15T05:52:00,85,62,2020-11-15T12:52:00,1.0,6,4.7,12,2020-11-15T01:55:00,0.5,,,,,,,,,,,,,,,,0.5,2020-11-15T07:00:00,,,0,,95,2020-11-15T06:51:00,,,,,,,,,,,,,,,,,,,,,,,,,,,,,,,,,,,,,,,,,,,,,,,,,,,,,,,,,,,,,,,,,,,,,,,,,,
2020-11-16,1013.2,1014.8,2020-11-16T08:46:00,1011.1,2020-11-16T15:43:00,25.3,29.6,2020-11-16T12:32:00,21.9,2020-11-16T04:51:00,83,65,2020-11-16T09:31:00,1.1,269,5.5,283,2020-11-16T14:24:00,0.0,,,,,,,,,,,,,,,,0.0,,,,0,,97,2020-11-16T02:41:00,,,,,,,,,,,,,,,,,,,,,,,,,,,,,,,,,,,,,,,,,,,,,,,,,,,,,,,,,,,,,,,,,,,,,,,,,,
2020-11-17,1011.7,1013.0,2020-11-17T08:52:00,1010.4,2020-11-17T15:03:00,25.9,30.1,2020-11-17T11:31:00,22.7,2020-11-17T02:12:00,78,59,2020-11-17T11:32:00,1.2,1,6.1,306,2020-11-17T14:33:00,0.0,,,,,,,,,,,,,,,,0.0,,,,0,,96,2020-11-17T02:31:00,,,,,,,,,,,,,,,,,,,,,,,,,,,,,,,,,,,,,,,,,,,,,,,,,,,,,,,,,,,,,,,,,,,,,,,,,,
2020-11-18,1010.0,1011.8,2020-11-18T09:01:00,1007.2,2020-11-18T15:01:00,25.9,30.3,2020-11-18T12:51:00,22.1,2020-11-18T06:05:00,78,54,2020-11-18T13:32:00,1.3,64,6.1,293,2020-11-18T15:39:00,0.0,,,,,,,,,,,,,,,,0.0,,,,0,,94,2020-11-18T06:12:00,,,,,,,,,,,,,,,,,,,,,,,,,,,,,,,,,,,,,,,,,,,,,,,,,,,,,,,,,,,,,,,,,,,,,,,,,,
2020-11-19,1009.2,1010.9,2020-11-19T09:21:00,1007.3,2020-11-19T14:22:00,27.1,31.6,2020-11-19T12:54:00,23.0,2020-11-19T06:06:00,75,54,2020-11-19T10:41:00,1.2,266,5.2,277,2020-11-19T14:42:00,0.0,,,,,,,,,,,,,,,,0.0,,,,0,,94,2020-11-19T05:21:00,,,,,,,,,,,,,,,,,,,,,,,,,,,,,,,,,,,,,,,,,,,,,,,,,,,,,,,,,,,,,,,,,,,,,,,,,,
2020-11-20,1009.8,1011.2,2020-11-20T08:55:00,1008.2,2020-11-20T14:51:00,28.0,32.5,2020-11-20T11:05:00,24.9,2020-11-20T03:26:00,73,53,2020-11-20T10:54:00,1.5,28,6.5,18,2020-11-20T18:26:00,0.0,,,,,,,,,,,,,,,,0.0,,,,0,,88,2020-11-20T05:33:00,,,,,,,,,,,,,,,,,,,,,,,,,,,,,,,,,,,,,,,,,,,,,,,,,,,,,,,,,,,,,,,,,,,,,,,,,,
2020-11-21,1011.4,1013.3,2020-11-21T22:21:00,1009.6,2020-11-21T02:33:00,27.0,30.9,2020-11-21T11:44:00,24.8,2020-11-21T05:45:00,83,65,2020-11-21T10:33:00,1.3,30,4.7,239,2020-11-21T15:51:00,0.0,,,,,,,,,,,,,,,,0.0,,,,0,,91,2020-11-21T20:51:00,,,,,,,,,,,,,,,,,,,,,,,,,,,,,,,,,,,,,,,,,,,,,,,,,,,,,,,,,,,,,,,,,,,,,,,,,,
2020-11-22,1013.8,1015.3,2020-11-22T21:56:00,1012.0,2020-11-22T03:15:00,26.8,31.5,2020-11-22T11:32:00,24.0,2020-11-22T23:45:00,81,60,2020-11-22T11:45:00,1.5,31,5.8,282,2020-11-22T13:20:00,0.0,,,,,,,,,,,,,,,,0.0,,,,0,,93,2020-11-22T04:31:00,,,,,,,,,,,,,,,,,,,,,,,,,,,,,,,,,,,,,,,,,,,,,,,,,,,,,,,,,,,,,,,,,,,,,,,,,,
2020-11-23,1014.8,1016.3,2020-11-23T09:22:00,1013.5,2020-11-23T13:36:00,25.6,29.9,2020-11-23T11:14:00,22.6,2020-11-23T04:43:00,82,60,2020-11-23T12:32:00,1.4,33,5.9,320,2020-11-23T15:13:00,0.0,,,,,,,,,,,,,,,,0.0,,,,0,,98,2020-11-23T05:52:00,,,,,,,,,,,,,,,,,,,,,,,,,,,,,,,,,,,,,,,,,,,,,,,,,,,,,,,,,,,,,,,,,,,,,,,,,,
2020-11-24,1015.1,1016.9,2020-11-24T08:42:00,1012.9,2020-11-24T15:11:00,25.7,29.9,2020-11-24T10:51:00,22.4,2020-11-24T06:34:00,75,56,2020-11-24T13:26:00,1.6,38,5.3,254,2020-11-24T12:29:00,0.0,,,,,,,,,,,,,,,,0.0,,,,0,,89,2020-11-24T05:43:00,,,,,,,,,,,,,,,,,,,,,,,,,,,,,,,,,,,,,,,,,,,,,,,,,,,,,,,,,,,,,,,,,,,,,,,,,,
2020-11-25,1014.5,1016.0,2020-11-25T08:38:00,1012.3,2020-11-25T14:31:00,25.3,29.9,2020-11-25T11:12:00,22.2,2020-11-25T04:33:00,78,56,2020-11-25T11:12:00,1.5,36,5.9,321,2020-11-25T15:51:00,0.0,,,,,,,,,,,,,,,,0.0,,,,0,,93,2020-11-25T04:51:00,,,,,,,,,,,,,,,,,,,,,,,,,,,,,,,,,,,,,,,,,,,,,,,,,,,,,,,,,,,,,,,,,,,,,,,,,,
2020-11-26,1014.7,1016.5,2020-11-26T08:31:00,1012.8,2020-11-26T14:04:00,25.3,30.9,2020-11-26T11:43:00,21.8,2020-11-26T05:23:00,82,52,2020-11-26T11:43:00,1.2,24,5.8,300,2020-11-26T12:34:00,0.0,,,,,,,,,,,,,,,,0.0,,,,0,,96,2020-11-26T06:01:00,,,,,,,,,,,,,,,,,,,,,,,,,,,,,,,,,,,,,,,,,,,,,,,,,,,,,,,,,,,,,,,,,,,,,,,,,,
2020-11-27,1015.3,1017.2,2020-11-27T22:01:00,1013.1,2020-11-27T14:32:00,24.7,30.0,2020-11-27T14:01:00,21.3,2020-11-27T06:21:00,77,56,2020-11-27T12:21:00,1.6,28,6.4,32,2020-11-27T22:11:00,0.0,,,,,,,,,,,,,,,,0.0,,,,0,,96,2020-11-27T01:36:00,,,,,,,,,,,,,,,,,,,,,,,,,,,,,,,,,,,,,,,,,,,,,,,,,,,,,,,,,,,,,,,,,,,,,,,,,,
2020-11-28,1015.8,1017.6,2020-11-28T08:42:00,1013.6,2020-11-28T13:56:00,23.3,29.5,2020-11-28T13:21:00,19.6,2020-11-28T05:42:00,74,51,2020-11-28T13:21:00,1.8,31,5.8,28,2020-11-28T07:24:00,0.0,,,,,,,,,,,,,,,,0.0,,,,0,,88,2020-11-28T06:14:00,,,,,,,,,,,,,,,,,,,,,,,,,,,,,,,,,,,,,,,,,,,,,,,,,,,,,,,,,,,,,,,,,,,,,,,,,,
2020-11-29,1016.0,1017.6,2020-11-29T09:25:00,1014.2,2020-11-29T14:21:00,22.6,28.4,2020-11-29T12:03:00,19.3,2020-11-29T06:10:00,74,55,2020-11-29T12:08:00,1.8,17,6.0,307,2020-11-29T13:17:00,0.0,,,,,,,,,,,,,,,,0.0,,,,0,,88,2020-11-29T05:41:00,,,,,,,,,,,,,,,,,,,,,,,,,,,,,,,,,,,,,,,,,,,,,,,,,,,,,,,,,,,,,,,,,,,,,,,,,,
2020-11-30,1016.2,1017.7,2020-11-30T09:19:00,1014.0,2020-11-30T14:41:00,22.6,27.8,2020-11-30T15:02:00,19.9,2020-11-30T06:23:00,73,54,2020-11-30T15:06:00,1.4,28,5.0,243,2020-11-30T16:20:00,0.0,,,,,,,,,,,,,,,,0.0,,,,0,,81,2020-11-30T06:33:00,,,,,,,,,,,,,,,,,,,,,,,,,,,,,,,,,,,,,,,,,,,,,,,,,,,,,,,,,,,,,,,,,,,,,,,,,,
2020-12-01,1015.1,1017.3,2020-12-01T08:32:00,1013.1,2020-12-01T15:13:00,22.6,28.3,2020-12-01T12:11:00,18.7,2020-12-01T06:09:00,74,51,2020-12-01T12:14:00,1.4,11,5.7,246,2020-12-01T12:48:00,0.0,,,,,,,,,,,,,,,,0.0,,,,0,,87,2020-12-01T06:13:00,,,,,,,,,,,,,,,,,,,,,,,,,,,,,,,,,,,,,,,,,,,,,,,,,,,,,,,,,,,,,,,,,,,,,,,,,,
2020-12-02,1013.2,1015.2,2020-12-02T08:11:00,1010.7,2020-12-02T15:12:00,22.7,29.0,2020-12-02T15:01:00,18.9,2020-12-02T05:43:00,72,47,2020-12-02T15:06:00,1.9,20,6.5,24,2020-12-02T09:23:00,0.0,,,,,,,,,,,,,,,,0.0,,,,0,,91,2020-12-02T02:56:00,,,,,,,,,,,,,,,,,,,,,,,,,,,,,,,,,,,,,,,,,,,,,,,,,,,,,,,,,,,,,,,,,,,,,,,,,,
2020-12-03,1012.8,1014.3,2020-12-03T09:12:00,1011.0,2020-12-03T15:11:00,21.0,25.7,2020-12-03T13:51:00,18.2,2020-12-03T23:55:00,67,51,2020-12-03T15:32:00,2.4,27,8.4,36,2020-12-03T17:10:00,0.0,,,,,,,,,,,,,,,,0.0,,,,0,,74,2020-12-03T23:55:00,,,,,,,,,,,,,,,,,,,,,,,,,,,,,,,,,,,,,,,,,,,,,,,,,,,,,,,,,,,,,,,,,,,,,,,,,,
2020-12-04,1013.0,1015.0,2020-12-04T09:01:00,1010.8,2020-12-04T14:21:00,20.7,25.9,2020-12-04T15:01:00,18.0,2020-12-04T03:14:00,71,58,2020-12-04T15:01:00,2.0,26,6.7,33,2020-12-04T19:32:00,0.0,,,,,,,,,,,,,,,,0.0,,,,0,,78,2020-12-04T06:34:00,,,,,,,,,,,,,,,,,,,,,,,,,,,,,,,,,,,,,,,,,,,,,,,,,,,,,,,,,,,,,,,,,,,,,,,,,,
2020-12-05,1013.9,1015.6,2020-12-05T09:01:00,1012.1,2020-12-05T14:02:00,21.7,27.0,2020-12-05T13:11:00,18.2,2020-12-05T04:42:00,72,53,2020-12-05T13:11:00,1.8,27,6.0,27,2020-12-05T19:24:00,0.0,,,,,,,,,,,,,,,,0.0,,,,0,,83,2020-12-05T05:44:00,,,,,,,,,,,,,,,,,,,,,,,,,,,,,,,,,,,,,,,,,,,,,,,,,,,,,,,,,,,,,,,,,,,,,,,,,,
2020-12-06,1013.5,1014.9,2020-12-06T08:22:00,1011.6,2020-12-06T15:12:00,22.1,27.6,2020-12-06T15:27:00,17.9,2020-12-06T06:21:00,77,58,2020-12-06T12:41:00,1.6,27,5.5,26,2020-12-06T01:29:00,0.0,,,,,,,,,,,,,,,,0.0,,,,0,,90,2020-12-06T06:31:00,,,,,,,,,,,,,,,,,,,,,,,,,,,,,,,,,,,,,,,,,,,,,,,,,,,,,,,,,,,,,,,,,,,,,,,,,,
2020-12-07,1013.9,1015.6,2020-12-07T08:22:00,1011.6,2020-12-07T14:13:00,23.3,28.2,2020-12-07T12:44:00,20.2,2020-12-07T05:41:00,78,59,2020-12-07T14:32:00,1.8,23,6.4,327,2020-12-07T14:14:00,0.5,,,,,,,,,,,,,,,,0.5,2020-12-07T03:00:00,,,0,,90,2020-12-07T05:51:00,,,,,,,,,,,,,,,,,,,,,,,,,,,,,,,,,,,,,,,,,,,,,,,,,,,,,,,,,,,,,,,,,,,,,,,,,,
2020-12-08,1013.3,1015.6,2020-12-08T09:41:00,1011.4,2020-12-08T14:43:00,21.6,26.0,2020-12-08T13:52:00,19.2,2020-12-08T23:23:00,82,64,2020-12-08T13:52:00,2.1,26,8.4,13,2020-12-08T20:01:00,0.0,,,,,,,,,,,,,,,,0.0,,,,0,,93,2020-12-08T05:31:00,,,,,,,,,,,,,,,,,,,,,,,,,,,,,,,,,,,,,,,,,,,,,,,,,,,,,,,,,,,,,,,,,,,,,,,,,,
2020-12-09,1012.2,1013.9,2020-12-09T09:01:00,1010.1,2020-12-09T15:14:00,21.5,25.6,2020-12-09T14:14:00,19.0,2020-12-09T03:01:00,86,72,2020-12-09T14:14:00,1.5,27,6.9,32,2020-12-09T00:14:00,1.0,,,,,,,,,,,,,,,,0.5,2020-12-09T18:00:00,,,0,,96,2020-12-09T22:11:00,,,,,,,,,,,,,,,,,,,,,,,,,,,,,,,,,,,,,,,,,,,,,,,,,,,,,,,,,,,,,,,,,,,,,,,,,,
2020-12-10,1011.7,1013.2,2020-12-10T08:01:00,1009.5,2020-12-10T14:22:00,23.0,27.9,2020-12-10T12:41:00,20.7,2020-12-10T05:44:00,86,66,2020-12-10T12:49:00,1.7,19,7.1,30,2020-12-10T07:13:00,0.0,,,,,,,,,,,,,,,,0.0,,,,0,,96,2020-12-10T00:11:00,,,,,,,,,,,,,,,,,,,,,,,,,,,,,,,,,,,,,,,,,,,,,,,,,,,,,,,,,,,,,,,,,,,,,,,,,,
2020-12-11,1010.8,1012.9,2020-12-11T08:42:00,1008.3,2020-12-11T15:11:00,23.5,29.4,2020-12-11T14:15:00,20.4,2020-12-11T05:12:00,85,59,2020-12-11T14:46:00,1.5,25,7.0,12,2020-12-11T17:00:00,0.0,,,,,,,,,,,,,,,,0.0,,,,0,,99,2020-12-11T05:52:00,,,,,,,,,,,,,,,,,,,,,,,,,,,,,,,,,,,,,,,,,,,,,,,,,,,,,,,,,,,,,,,,,,,,,,,,,,
2020-12-12,1010.7,1012.5,2020-12-12T08:42:00,1008.4,2020-12-12T15:22:00,23.3,28.7,2020-12-12T13:41:00,20.6,2020-12-12T23:51:00,82,59,2020-12-12T13:43:00,1.6,29,5.8,31,2020-12-12T01:43:00,0.0,,,,,,,,,,,,,,,,0.0,,,,0,,96,2020-12-12T04:31:00,,,,,,,,,,,,,,,,,,,,,,,,,,,,,,,,,,,,,,,,,,,,,,,,,,,,,,,,,,,,,,,,,,,,,,,,,,
2020-12-13,1011.3,1013.5,2020-12-13T09:02:00,1009.1,2020-12-13T14:33:00,23.0,30.3,2020-12-13T13:39:00,19.6,2020-12-13T03:01:00,77,43,2020-12-13T13:35:00,1.4,22,6.6,242,2020-12-13T14:53:00,0.0,,,,,,,,,,,,,,,,0.0,,,,0,,88,2020-12-13T01:13:00,,,,,,,,,,,,,,,,,,,,,,,,,,,,,,,,,,,,,,,,,,,,,,,,,,,,,,,,,,,,,,,,,,,,,,,,,,
2020-12-14,1013.7,1016.1,2020-12-14T23:55:00,1011.2,2020-12-14T04:31:00,21.8,26.7,2020-12-14T13:11:00,17.9,2020-12-14T23:44:00,78,59,2020-12-14T12:31:00,1.8,19,7.0,2,2020-12-14T20:13:00,0.0,,,,,,,,,,,,,,,,0.0,,,,0,,94,2020-12-14T05:12:00,,,,,,,,,,,,,,,,,,,,,,,,,,,,,,,,,,,,,,,,,,,,,,,,,,,,,,,,,,,,,,,,,,,,,,,,,,
2020-12-15,1016.3,1017.9,2020-12-15T08:51:00,1014.1,2020-12-15T15:21:00,19.9,25.8,2020-12-15T12:34:00,16.4,2020-12-15T05:21:00,75,55,2020-12-15T13:14:00,2.0,31,6.8,18,2020-12-15T00:52:00,0.0,,,,,,,,,,,,,,,,0.0,,,,0,,87,2020-12-15T02:32:00,,,,,,,,,,,,,,,,,,,,,,,,,,,,,,,,,,,,,,,,,,,,,,,,,,,,,,,,,,,,,,,,,,,,,,,,,,
2020-12-16,1016.7,1018.8,2020-12-16T09:41:00,1014.8,2020-12-16T15:24:00,20.2,25.5,2020-12-16T15:11:00,16.8,2020-12-16T06:31:00,75,56,2020-12-16T15:13:00,2.0,31,5.8,36,2020-12-16T11:20:00,0.0,,,,,,,,,,,,,,,,0.0,,,,0,,88,2020-12-16T06:33:00,,,,,,,,,,,,,,,,,,,,,,,,,,,,,,,,,,,,,,,,,,,,,,,,,,,,,,,,,,,,,,,,,,,,,,,,,,
2020-12-17,1015.9,1017.6,2020-12-17T08:52:00,1013.7,2020-12-17T14:35:00,20.2,26.0,2020-12-17T13:24:00,16.5,2020-12-17T04:55:00,75,53,2020-12-17T13:24:00,1.8,27,6.0,229,2020-12-17T14:18:00,0.0,,,,,,,,,,,,,,,,0.0,,,,0,,88,2020-12-17T06:34:00,,,,,,,,,,,,,,,,,,,,,,,,,,,,,,,,,,,,,,,,,,,,,,,,,,,,,,,,,,,,,,,,,,,,,,,,,,
2020-12-18,1015.6,1017.0,2020-12-18T09:01:00,1012.7,2020-12-18T15:01:00,21.1,26.7,2020-12-18T14:41:00,18.0,2020-12-18T03:53:00,78,56,2020-12-18T14:11:00,2.2,32,8.2,26,2020-12-18T10:32:00,0.0,,,,,,,,,,,,,,,,0.0,,,,0,,89,2020-12-18T23:21:00,,,,,,,,,,,,,,,,,,,,,,,,,,,,,,,,,,,,,,,,,,,,,,,,,,,,,,,,,,,,,,,,,,,,,,,,,,
2020-12-19,1016.3,1017.8,2020-12-19T10:02:00,1014.0,2020-12-19T15:23:00,20.1,24.6,2020-12-19T15:31:00,16.8,2020-12-19T23:41:00,77,58,2020-12-19T15:32:00,2.4,22,8.0,25,2020-12-19T05:38:00,0.0,,,,,,,,,,,,,,,,0.0,,,,0,,90,2020-12-19T01:52:00,,,,,,,,,,,,,,,,,,,,,,,,,,,,,,,,,,,,,,,,,,,,,,,,,,,,,,,,,,,,,,,,,,,,,,,,,,
2020-12-20,1017.1,1019.2,2020-12-20T08:13:00,1014.9,2020-12-20T15:01:00,19.6,24.2,2020-12-20T13:02:00,16.3,2020-12-20T04:32:00,72,59,2020-12-20T11:25:00,2.0,27,7.0,45,2020-12-20T10:04:00,0.0,,,,,,,,,,,,,,,,0.0,,,,0,,85,2020-12-20T05:26:00,,,,,,,,,,,,,,,,,,,,,,,,,,,,,,,,,,,,,,,,,,,,,,,,,,,,,,,,,,,,,,,,,,,,,,,,,,
2020-12-21,1016.1,1018.1,2020-12-21T09:08:00,1015.0,2020-12-21T14:21:00,18.2,19.3,2020-12-21T13:41:00,16.9,2020-12-21T07:21:00,89,76,2020-12-21T00:01:00,1.6,25,5.1,33,2020-12-21T21:31:00,1.5,,,,,,,,,,,,,,,,0.5,2020-12-21T12:00:00,,,0,,97,2020-12-21T20:41:00,,,,,,,,,,,,,,,,,,,,,,,,,,,,,,,,,,,,,,,,,,,,,,,,,,,,,,,,,,,,,,,,,,,,,,,,,,
2020-12-22,1014.3,1016.4,2020-12-22T08:55:00,1012.2,2020-12-22T15:23:00,20.2,26.7,2020-12-22T13:21:00,16.5,2020-12-22T00:41:00,82,56,2020-12-22T13:14:00,1.8,28,5.5,24,2020-12-22T07:33:00,0.0,,,,,,,,,,,,,,,,0.0,,,,0,,97,2020-12-22T00:01:00,,,,,,,,,,,,,,,,,,,,,,,,,,,,,,,,,,,,,,,,,,,,,,,,,,,,,,,,,,,,,,,,,,,,,,,,,,
2020-12-23,1011.9,1014.5,2020-12-23T08:31:00,1009.6,2020-12-23T15:51:00,20.8,24.5,2020-12-23T14:56:00,18.9,2020-12-23T06:31:00,87,66,2020-12-23T11:25:00,2.1,9,8.2,25,2020-12-23T10:40:00,1.0,,,,,,,,,,,,,,,,0.5,2020-12-23T08:00:00,,,0,,97,2020-12-23T08:22:00,,,,,,,,,,,,,,,,,,,,,,,,,,,,,,,,,,,,,,,,,,,,,,,,,,,,,,,,,,,,,,,,,,,,,,,,,,
2020-12-24,1010.6,1012.8,2020-12-24T23:51:00,1008.2,2020-12-24T14:21:00,21.8,27.1,2020-12-24T13:43:00,18.9,2020-12-24T23:42:00,80,60,2020-12-24T10:13:00,2.3,27,9.4,44,2020-12-24T07:42:00,0.0,,,,,,,,,,,,,,,,0.0,,,,0,,93,2020-12-24T03:21:00,,,,,,,,,,,,,,,,,,,,,,,,,,,,,,,,,,,,,,,,,,,,,,,,,,,,,,,,,,,,,,,,,,,,,,,,,,
2020-12-25,1013.8,1016.0,2020-12-25T22:56:00,1011.5,2020-12-25T15:11:00,20.8,26.7,2020-12-25T13:52:00,17.7,2020-12-25T06:25:00,74,57,2020-12-25T13:52:00,1.8,31,5.9,24,2020-12-25T05:33:00,0.0,,,,,,,,,,,,,,,,0.0,,,,0,,84,2020-12-25T01:31:00,,,,,,,,,,,,,,,,,,,,,,,,,,,,,,,,,,,,,,,,,,,,,,,,,,,,,,,,,,,,,,,,,,,,,,,,,,
2020-12-26,1014.0,1016.6,2020-12-26T09:16:00,1011.0,2020-12-26T14:55:00,21.2,27.3,2020-12-26T14:06:00,16.6,2020-12-26T06:12:00,68,39,2020-12-26T13:04:00,2.2,28,8.1,360,2020-12-26T15:45:00,0.0,,,,,,,,,,,,,,,,0.0,,,,0,,90,2020-12-26T23:53:00,,,,,,,,,,,,,,,,,,,,,,,,,,,,,,,,,,,,,,,,,,,,,,,,,,,,,,,,,,,,,,,,,,,,,,,,,,
2020-12-27,1011.8,1013.5,2020-12-27T00:14:00,1009.4,2020-12-27T15:15:00,21.8,27.4,2020-12-27T12:41:00,17.7,2020-12-27T04:07:00,74,42,2020-12-27T14:32:00,1.9,33,7.4,10,2020-12-27T15:29:00,0.0,,,,,,,,,,,,,,,,0.0,,,,0,,96,2020-12-27T04:25:00,,,,,,,,,,,,,,,,,,,,,,,,,,,,,,,,,,,,,,,,,,,,,,,,,,,,,,,,,,,,,,,,,,,,,,,,,,
2020-12-28,1010.2,1011.6,2020-12-28T08:23:00,1008.2,2020-12-28T15:37:00,22.6,29.2,2020-12-28T13:01:00,18.9,2020-12-28T06:38:00,78,47,2020-12-28T13:03:00,1.6,23,5.4,273,2020-12-28T11:56:00,0.0,,,,,,,,,,,,,,,,0.0,,,,0,,93,2020-12-28T05:09:00,,,,,,,,,,,,,,,,,,,,,,,,,,,,,,,,,,,,,,,,,,,,,,,,,,,,,,,,,,,,,,,,,,,,,,,,,,
2020-12-29,1009.6,1011.4,2020-12-29T08:14:00,1007.2,2020-12-29T14:51:00,23.0,28.9,2020-12-29T14:21:00,19.7,2020-12-29T05:59:00,79,51,2020-12-29T13:41:00,1.9,29,7.4,28,2020-12-29T13:43:00,0.0,,,,,,,,,,,,,,,,0.0,,,,0,,91,2020-12-29T06:22:00,,,,,,,,,,,,,,,,,,,,,,,,,,,,,,,,,,,,,,,,,,,,,,,,,,,,,,,,,,,,,,,,,,,,,,,,,,
2020-12-30,1015.2,1019.2,2020-12-30T23:01:00,1010.4,2020-12-30T01:48:00,17.1,20.9,2020-12-30T00:01:00,12.7,2020-12-30T22:46:00,68,49,2020-12-30T13:11:00,2.9,24,13.6,3,2020-12-30T11:30:00,0.0,,,,,,,,,,,,,,,,0.0,,,,0,,95,2020-12-30T02:38:00,,,,,,,,,,,,,,,,,,,,,,,,,,,,,,,,,,,,,,,,,,,,,,,,,,,,,,,,,,,,,,,,,,,,,,,,,,
2020-12-31,1020.1,1021.7,2020-12-31T09:11:00,1018.4,2020-12-31T14:31:00,12.6,14.2,2020-12-31T12:24:00,11.5,2020-12-31T07:13:00,58,49,2020-12-31T00:31:00,2.1,28,7.5,21,2020-12-31T00:41:00,0.0,,,,,,,,,,,,,,,,0.0,,,,0,,69,2020-12-31T23:35:00,,,,,,,,,,,,,,,,,,,,,,,,,,,,,,,,,,,,,,,,,,,,,,,,,,,,,,,,,,,,,,,,,,,,,,,,,,
